1.12149081E+00 1.12149113E+00 1.12148865E+00 1.12148545E+00 1.12148272E+00 1.12148128E+00 1.12148060E+00 1.12148018E+00 1.12147976E+00 1.12147925E+00 1.12147879E+00 1.12147848E+00 1.12147834E+00 1.12147835E+00 1.12147847E+00 1.12147868E+00 1.12147901E+00 1.12147945E+00 1.12148001E+00 1.12148072E+00 1.12148156E+00 1.12148256E+00 1.12148372E+00 1.12148507E+00 1.12148661E+00 1.12148837E+00 1.12149036E+00 1.12149260E+00 1.12149512E+00 1.12149794E+00 1.12150106E+00 1.12150453E+00 1.12150835E+00 1.12151254E+00 1.12151711E+00 1.12152209E+00 1.12152747E+00 1.12153325E+00 1.12153942E+00 1.12154595E+00 1.12155282E+00 1.12155996E+00 1.12156730E+00 1.12157475E+00 1.12158219E+00 1.12158942E+00 1.12159628E+00 1.12160246E+00 1.12160772E+00 1.12161158E+00 1.12161373E+00 1.12161346E+00 1.12161025E+00 1.12160319E+00 1.12159159E+00 1.12157413E+00 1.12154987E+00 1.12151707E+00 1.12147444E+00 1.12141965E+00 1.12135107E+00 1.12126559E+00 1.12116103E+00 1.12103355E+00 1.12088036E+00 1.12069636E+00 1.12047823E+00 1.12021960E+00 1.11991607E+00 1.11955986E+00 1.11914565E+00 1.11866391E+00 1.11810837E+00 1.11746734E+00 1.11673342E+00 1.11589268E+00 1.11493676E+00 1.11384886E+00 1.11261807E+00 1.11122736E+00 1.10966523E+00 1.10790890E+00 1.10594520E+00 1.10375161E+00 1.10131332E+00 1.09862875E+00 1.09566335E+00 1.09270880E+00 1.08949212E+00 1.08640995E+00 1.08309466E+00 1.07995667E+00 1.07662191E+00 1.07350514E+00 1.07022351E+00 1.06717101E+00 1.06398165E+00 1.06104835E+00 1.05800520E+00 1.05522094E+00 1.05234898E+00 1.04973496E+00 1.04705207E+00 1.04462193E+00 1.04214050E+00 1.03990449E+00 1.03762686E+00 1.03557717E+00 1.03349783E+00 1.03149326E+00 1.02946654E+00 1.02741475E+00 1.02534018E+00 1.02325266E+00 1.02115174E+00 1.01903449E+00 1.01691661E+00 1.01482719E+00 1.01273713E+00 1.01062306E+00 1.00858217E+00 1.00680891E+00 1.00517681E+00 1.00300052E+00 1.00000000E+00
1.13184029E+00 1.13183715E+00 1.13184022E+00 1.13184377E+00 1.13184520E+00 1.13184348E+00 1.13184071E+00 1.13183889E+00 1.13183819E+00 1.13183822E+00 1.13183835E+00 1.13183819E+00 1.13183797E+00 1.13183789E+00 1.13183801E+00 1.13183830E+00 1.13183872E+00 1.13183923E+00 1.13183986E+00 1.13184064E+00 1.13184157E+00 1.13184267E+00 1.13184394E+00 1.13184542E+00 1.13184711E+00 1.13184903E+00 1.13185120E+00 1.13185366E+00 1.13185642E+00 1.13185950E+00 1.13186292E+00 1.13186673E+00 1.13187093E+00 1.13187555E+00 1.13188060E+00 1.13188612E+00 1.13189211E+00 1.13189856E+00 1.13190547E+00 1.13191285E+00 1.13192066E+00 1.13192882E+00 1.13193730E+00 1.13194602E+00 1.13195487E+00 1.13196365E+00 1.13197221E+00 1.13198025E+00 1.13198754E+00 1.13199361E+00 1.13199818E+00 1.13200059E+00 1.13200025E+00 1.13199626E+00 1.13198795E+00 1.13197403E+00 1.13195358E+00 1.13192486E+00 1.13188656E+00 1.13183633E+00 1.13177255E+00 1.13169199E+00 1.13159240E+00 1.13146994E+00 1.13132183E+00 1.13114282E+00 1.13092968E+00 1.13067593E+00 1.13037683E+00 1.13002391E+00 1.12961191E+00 1.12913131E+00 1.12857583E+00 1.12793256E+00 1.12719391E+00 1.12634572E+00 1.12537948E+00 1.12427673E+00 1.12302556E+00 1.12160859E+00 1.12001460E+00 1.11821798E+00 1.11620373E+00 1.11394754E+00 1.11143570E+00 1.10866608E+00 1.10560190E+00 1.10254017E+00 1.09920214E+00 1.09599855E+00 1.09254325E+00 1.08925906E+00 1.08577059E+00 1.08252375E+00 1.07909415E+00 1.07587463E+00 1.07250815E+00 1.06941975E+00 1.06620782E+00 1.06325676E+00 1.06021386E+00 1.05745007E+00 1.05460614E+00 1.05201716E+00 1.04936317E+00 1.04696216E+00 1.04451700E+00 1.04232245E+00 1.04009057E+00 1.03792810E+00 1.03572299E+00 1.03347463E+00 1.03120751E+00 1.02893143E+00 1.02661002E+00 1.02424278E+00 1.02187671E+00 1.01949655E+00 1.01699640E+00 1.01442597E+00 1.01199691E+00 1.00975447E+00 1.00737543E+00 1.00417525E+00 1.00000000E+00
1.15609030E+00 1.15608929E+00 1.15608433E+00 1.15607984E+00 1.15607724E+00 1.15607659E+00 1.15607647E+00 1.15607588E+00 1.15607504E+00 1.15607430E+00 1.15607385E+00 1.15607371E+00 1.15607373E+00 1.15607383E+00 1.15607404E+00 1.15607440E+00 1.15607491E+00 1.15607559E+00 1.15607642E+00 1.15607742E+00 1.15607860E+00 1.15607999E+00 1.15608160E+00 1.15608346E+00 1.15608559E+00 1.15608800E+00 1.15609072E+00 1.15609381E+00 1.15609727E+00 1.15610112E+00 1.15610541E+00 1.15611019E+00 1.15611547E+00 1.15612128E+00 1.15612764E+00 1.15613462E+00 1.15614222E+00 1.15615042E+00 1.15615925E+00 1.15616874E+00 1.15617883E+00 1.15618945E+00 1.15620059E+00 1.15621220E+00 1.15622416E+00 1.15623627E+00 1.15624836E+00 1.15626015E+00 1.15627139E+00 1.15628163E+00 1.15629060E+00 1.15629760E+00 1.15630194E+00 1.15630270E+00 1.15629922E+00 1.15629014E+00 1.15627450E+00 1.15625045E+00 1.15621658E+00 1.15617040E+00 1.15611019E+00 1.15603229E+00 1.15593430E+00 1.15581225E+00 1.15566321E+00 1.15548149E+00 1.15526370E+00 1.15500279E+00 1.15469335E+00 1.15432567E+00 1.15389414E+00 1.15338882E+00 1.15280317E+00 1.15212267E+00 1.15133902E+00 1.15043669E+00 1.14940511E+00 1.14822253E+00 1.14687823E+00 1.14535552E+00 1.14363843E+00 1.14169385E+00 1.13950793E+00 1.13705605E+00 1.13431878E+00 1.13128772E+00 1.12792931E+00 1.12457344E+00 1.12089651E+00 1.11733787E+00 1.11348685E+00 1.10982156E+00 1.10592625E+00 1.10229748E+00 1.09842825E+00 1.09475807E+00 1.09092186E+00 1.08740266E+00 1.08371500E+00 1.08030000E+00 1.07677969E+00 1.07358992E+00 1.07028320E+00 1.06723645E+00 1.06408797E+00 1.06122681E+00 1.05831438E+00 1.05570257E+00 1.05302819E+00 1.05040373E+00 1.04769804E+00 1.04492498E+00 1.04212398E+00 1.03928784E+00 1.03635441E+00 1.03333169E+00 1.03028728E+00 1.02717622E+00 1.02385749E+00 1.02040141E+00 1.01705229E+00 1.01380772E+00 1.01026592E+00 1.00569394E+00 1.00000000E+00
1.18354389E+00 1.18354137E+00 1.18353323E+00 1.18352544E+00 1.18352010E+00 1.18351747E+00 1.18351567E+00 1.18351350E+00 1.18351126E+00 1.18350940E+00 1.18350811E+00 1.18350731E+00 1.18350683E+00 1.18350655E+00 1.18350652E+00 1.18350675E+00 1.18350723E+00 1.18350796E+00 1.18350893E+00 1.18351015E+00 1.18351162E+00 1.18351338E+00 1.18351544E+00 1.18351783E+00 1.18352058E+00 1.18352371E+00 1.18352726E+00 1.18353128E+00 1.18353579E+00 1.18354083E+00 1.18354643E+00 1.18355270E+00 1.18355964E+00 1.18356728E+00 1.18357567E+00 1.18358492E+00 1.18359501E+00 1.18360595E+00 1.18361777E+00 1.18363055E+00 1.18364422E+00 1.18365871E+00 1.18367404E+00 1.18369023E+00 1.18370713E+00 1.18372453E+00 1.18374227E+00 1.18376006E+00 1.18377770E+00 1.18379473E+00 1.18381087E+00 1.18382532E+00 1.18383735E+00 1.18384604E+00 1.18385076E+00 1.18385005E+00 1.18384283E+00 1.18382699E+00 1.18380109E+00 1.18376253E+00 1.18370931E+00 1.18363703E+00 1.18354330E+00 1.18342425E+00 1.18327660E+00 1.18309397E+00 1.18287253E+00 1.18260425E+00 1.18228314E+00 1.18189812E+00 1.18144250E+00 1.18090528E+00 1.18028051E+00 1.17955276E+00 1.17871184E+00 1.17773900E+00 1.17661999E+00 1.17532901E+00 1.17386086E+00 1.17220108E+00 1.17032215E+00 1.16817941E+00 1.16576503E+00 1.16305564E+00 1.16002016E+00 1.15664037E+00 1.15289124E+00 1.14914872E+00 1.14502278E+00 1.14099372E+00 1.13662783E+00 1.13247605E+00 1.12805620E+00 1.12392620E+00 1.11949232E+00 1.11526111E+00 1.11083723E+00 1.10677561E+00 1.10249953E+00 1.09852131E+00 1.09441883E+00 1.09070266E+00 1.08683158E+00 1.08323860E+00 1.07950824E+00 1.07610980E+00 1.07264743E+00 1.06953832E+00 1.06634261E+00 1.06318699E+00 1.05991791E+00 1.05655687E+00 1.05315079E+00 1.04968389E+00 1.04608045E+00 1.04234794E+00 1.03856467E+00 1.03468099E+00 1.03053603E+00 1.02618248E+00 1.02188386E+00 1.01764576E+00 1.01300830E+00 1.00714397E+00 1.00000000E+00
1.20988588E+00 1.20989417E+00 1.20989412E+00 1.20988290E+00 1.20986798E+00 1.20985630E+00 1.20984821E+00 1.20984251E+00 1.20983752E+00 1.20983258E+00 1.20982832E+00 1.20982513E+00 1.20982289E+00 1.20982135E+00 1.20982038E+00 1.20981992E+00 1.20981998E+00 1.20982052E+00 1.20982151E+00 1.20982291E+00 1.20982472E+00 1.20982694E+00 1.20982959E+00 1.20983271E+00 1.20983631E+00 1.20984041E+00 1.20984507E+00 1.20985035E+00 1.20985628E+00 1.20986289E+00 1.20987025E+00 1.20987849E+00 1.20988763E+00 1.20989770E+00 1.20990879E+00 1.20992103E+00 1.20993444E+00 1.20994900E+00 1.20996480E+00 1.20998195E+00 1.21000038E+00 1.21002006E+00 1.21004105E+00 1.21006339E+00 1.21008694E+00 1.21011151E+00 1.21013692E+00 1.21016291E+00 1.21018932E+00 1.21021578E+00 1.21024186E+00 1.21026657E+00 1.21028931E+00 1.21030935E+00 1.21032601E+00 1.21033765E+00 1.21034294E+00 1.21033939E+00 1.21032568E+00 1.21029918E+00 1.21025738E+00 1.21019492E+00 1.21010971E+00 1.20999844E+00 1.20985719E+00 1.20967853E+00 1.20945796E+00 1.20918617E+00 1.20885693E+00 1.20845781E+00 1.20798038E+00 1.20741214E+00 1.20674871E+00 1.20597459E+00 1.20507632E+00 1.20403027E+00 1.20281825E+00 1.20141080E+00 1.19981090E+00 1.19800704E+00 1.19595569E+00 1.19359877E+00 1.19093764E+00 1.18795131E+00 1.18459530E+00 1.18084157E+00 1.17667438E+00 1.17251873E+00 1.16791530E+00 1.16339224E+00 1.15849122E+00 1.15383717E+00 1.14887433E+00 1.14422374E+00 1.13921315E+00 1.13441829E+00 1.12940144E+00 1.12479138E+00 1.11992655E+00 1.11538897E+00 1.11070565E+00 1.10646178E+00 1.10203200E+00 1.09790718E+00 1.09361445E+00 1.08969700E+00 1.08570031E+00 1.08210585E+00 1.07840530E+00 1.07474335E+00 1.07094337E+00 1.06702828E+00 1.06304932E+00 1.05898913E+00 1.05476416E+00 1.05037572E+00 1.04590805E+00 1.04131579E+00 1.03642567E+00 1.03126485E+00 1.02611146E+00 1.02098889E+00 1.01538437E+00 1.00839220E+00 1.00000000E+00
1.23384416E+00 1.23384558E+00 1.23383152E+00 1.23380725E+00 1.23378269E+00 1.23376540E+00 1.23375344E+00 1.23374410E+00 1.23373587E+00 1.23372843E+00 1.23372249E+00 1.23371831E+00 1.23371558E+00 1.23371391E+00 1.23371315E+00 1.23371316E+00 1.23371390E+00 1.23371527E+00 1.23371721E+00 1.23371964E+00 1.23372256E+00 1.23372597E+00 1.23372988E+00 1.23373434E+00 1.23373936E+00 1.23374498E+00 1.23375127E+00 1.23375832E+00 1.23376616E+00 1.23377485E+00 1.23378447E+00 1.23379522E+00 1.23380713E+00 1.23382024E+00 1.23383467E+00 1.23385061E+00 1.23386809E+00 1.23388710E+00 1.23390775E+00 1.23393024E+00 1.23395453E+00 1.23398062E+00 1.23400856E+00 1.23403845E+00 1.23407019E+00 1.23410362E+00 1.23413853E+00 1.23417467E+00 1.23421204E+00 1.23425030E+00 1.23428881E+00 1.23432627E+00 1.23436242E+00 1.23439703E+00 1.23442919E+00 1.23445693E+00 1.23447855E+00 1.23449102E+00 1.23449340E+00 1.23448312E+00 1.23445700E+00 1.23440851E+00 1.23433624E+00 1.23423777E+00 1.23410828E+00 1.23393892E+00 1.23372436E+00 1.23345390E+00 1.23312133E+00 1.23271299E+00 1.23221831E+00 1.23162313E+00 1.23092522E+00 1.23010947E+00 1.22915821E+00 1.22804203E+00 1.22673922E+00 1.22521756E+00 1.22348895E+00 1.22154502E+00 1.21932444E+00 1.21675503E+00 1.21384907E+00 1.21058916E+00 1.20691748E+00 1.20279726E+00 1.19822120E+00 1.19366213E+00 1.18859570E+00 1.18359856E+00 1.17818681E+00 1.17305493E+00 1.16757528E+00 1.16242871E+00 1.15687463E+00 1.15155399E+00 1.14598218E+00 1.14085768E+00 1.13544364E+00 1.13038647E+00 1.12516242E+00 1.12042677E+00 1.11548075E+00 1.11086984E+00 1.10606551E+00 1.10167574E+00 1.09719142E+00 1.09315351E+00 1.08899377E+00 1.08487511E+00 1.08059926E+00 1.07618768E+00 1.07169439E+00 1.06710341E+00 1.06232585E+00 1.05735548E+00 1.05228050E+00 1.04706124E+00 1.04151482E+00 1.03564461E+00 1.02974139E+00 1.02384415E+00 1.01739485E+00 1.00943697E+00 1.00000000E+00
1.12322728E+00 1.12322767E+00 1.12322499E+00 1.12322170E+00 1.12321908E+00 1.12321793E+00 1.12321757E+00 1.12321734E+00 1.12321702E+00 1.12321656E+00 1.12321614E+00 1.12321590E+00 1.12321583E+00 1.12321591E+00 1.12321608E+00 1.12321634E+00 1.12321670E+00 1.12321719E+00 1.12321780E+00 1.12321854E+00 1.12321942E+00 1.12322046E+00 1.12322166E+00 1.12322304E+00 1.12322463E+00 1.12322643E+00 1.12322846E+00 1.12323075E+00 1.12323332E+00 1.12323618E+00 1.12323936E+00 1.12324288E+00 1.12324676E+00 1.12325101E+00 1.12325564E+00 1.12326067E+00 1.12326610E+00 1.12327193E+00 1.12327814E+00 1.12328472E+00 1.12329161E+00 1.12329877E+00 1.12330612E+00 1.12331355E+00 1.12332096E+00 1.12332812E+00 1.12333489E+00 1.12334093E+00 1.12334600E+00 1.12334963E+00 1.12335146E+00 1.12335081E+00 1.12334712E+00 1.12333950E+00 1.12332721E+00 1.12330892E+00 1.12328370E+00 1.12324975E+00 1.12320579E+00 1.12314944E+00 1.12307907E+00 1.12299152E+00 1.12288461E+00 1.12275445E+00 1.12259822E+00 1.12241079E+00 1.12218880E+00 1.12192582E+00 1.12161743E+00 1.12125585E+00 1.12083572E+00 1.12034746E+00 1.11978469E+00 1.11913577E+00 1.11839324E+00 1.11754316E+00 1.11657705E+00 1.11547819E+00 1.11423566E+00 1.11283242E+00 1.11125677E+00 1.10948604E+00 1.10750715E+00 1.10529772E+00 1.10284272E+00 1.10014042E+00 1.09715604E+00 1.09418410E+00 1.09094901E+00 1.08784910E+00 1.08451532E+00 1.08136159E+00 1.07801027E+00 1.07487595E+00 1.07157484E+00 1.06850602E+00 1.06530024E+00 1.06235074E+00 1.05928977E+00 1.05648810E+00 1.05359699E+00 1.05096492E+00 1.04826273E+00 1.04581424E+00 1.04331259E+00 1.04105650E+00 1.03875708E+00 1.03668725E+00 1.03458630E+00 1.03255838E+00 1.03050581E+00 1.02842655E+00 1.02632218E+00 1.02420065E+00 1.02206205E+00 1.01990423E+00 1.01773866E+00 1.01558873E+00 1.01343549E+00 1.01125912E+00 1.00913483E+00 1.00723819E+00 1.00545174E+00 1.00312202E+00 1.00000000E+00
1.13163646E+00 1.13163516E+00 1.13163557E+00 1.13164232E+00 1.13165342E+00 1.13166355E+00 1.13166859E+00 1.13166618E+00 1.13165964E+00 1.13165388E+00 1.13165085E+00 1.13165108E+00 1.13165244E+00 1.13165284E+00 1.13165222E+00 1.13165111E+00 1.13165027E+00 1.13165015E+00 1.13165049E+00 1.13165100E+00 1.13165160E+00 1.13165233E+00 1.13165329E+00 1.13165453E+00 1.13165605E+00 1.13165783E+00 1.13165988E+00 1.13166223E+00 1.13166489E+00 1.13166791E+00 1.13167127E+00 1.13167503E+00 1.13167919E+00 1.13168377E+00 1.13168878E+00 1.13169426E+00 1.13170020E+00 1.13170659E+00 1.13171344E+00 1.13172073E+00 1.13172843E+00 1.13173647E+00 1.13174480E+00 1.13175334E+00 1.13176196E+00 1.13177046E+00 1.13177870E+00 1.13178635E+00 1.13179318E+00 1.13179873E+00 1.13180268E+00 1.13180433E+00 1.13180311E+00 1.13179814E+00 1.13178869E+00 1.13177347E+00 1.13175154E+00 1.13172110E+00 1.13168084E+00 1.13162838E+00 1.13156207E+00 1.13147865E+00 1.13137592E+00 1.13124996E+00 1.13109796E+00 1.13091466E+00 1.13069672E+00 1.13043750E+00 1.13013235E+00 1.12977309E+00 1.12935439E+00 1.12886648E+00 1.12830286E+00 1.12765098E+00 1.12690331E+00 1.12604555E+00 1.12506907E+00 1.12395576E+00 1.12269384E+00 1.12126587E+00 1.11966020E+00 1.11785172E+00 1.11582638E+00 1.11356086E+00 1.11104037E+00 1.10826181E+00 1.10518870E+00 1.10212164E+00 1.09877883E+00 1.09557026E+00 1.09211387E+00 1.08883808E+00 1.08535717E+00 1.08210523E+00 1.07867067E+00 1.07546043E+00 1.07210702E+00 1.06902626E+00 1.06582284E+00 1.06288254E+00 1.05984851E+00 1.05708876E+00 1.05424968E+00 1.05166914E+00 1.04902540E+00 1.04663442E+00 1.04419735E+00 1.04200727E+00 1.03977943E+00 1.03762182E+00 1.03542345E+00 1.03318493E+00 1.03092421E+00 1.02864698E+00 1.02632339E+00 1.02395693E+00 1.02158685E+00 1.01921269E+00 1.01674643E+00 1.01420501E+00 1.01174860E+00 1.00945590E+00 1.00706638E+00 1.00395981E+00 1.00000000E+00
1.15258250E+00 1.15258271E+00 1.15258570E+00 1.15258660E+00 1.15258509E+00 1.15258213E+00 1.15257941E+00 1.15257797E+00 1.15257732E+00 1.15257686E+00 1.15257635E+00 1.15257581E+00 1.15257543E+00 1.15257531E+00 1.15257540E+00 1.15257565E+00 1.15257605E+00 1.15257660E+00 1.15257733E+00 1.15257825E+00 1.15257937E+00 1.15258070E+00 1.15258225E+00 1.15258405E+00 1.15258612E+00 1.15258847E+00 1.15259114E+00 1.15259416E+00 1.15259754E+00 1.15260133E+00 1.15260553E+00 1.15261021E+00 1.15261539E+00 1.15262107E+00 1.15262730E+00 1.15263412E+00 1.15264152E+00 1.15264951E+00 1.15265811E+00 1.15266730E+00 1.15267706E+00 1.15268733E+00 1.15269807E+00 1.15270921E+00 1.15272062E+00 1.15273211E+00 1.15274352E+00 1.15275453E+00 1.15276490E+00 1.15277417E+00 1.15278201E+00 1.15278768E+00 1.15279056E+00 1.15278974E+00 1.15278449E+00 1.15277344E+00 1.15275559E+00 1.15272903E+00 1.15269234E+00 1.15264299E+00 1.15257921E+00 1.15249743E+00 1.15239529E+00 1.15226872E+00 1.15211470E+00 1.15192753E+00 1.15170361E+00 1.15143564E+00 1.15111852E+00 1.15074321E+00 1.15030400E+00 1.14979041E+00 1.14919548E+00 1.14850520E+00 1.14771144E+00 1.14679836E+00 1.14575609E+00 1.14456404E+00 1.14321031E+00 1.14167664E+00 1.13994820E+00 1.13799497E+00 1.13580301E+00 1.13334741E+00 1.13060924E+00 1.12758147E+00 1.12422631E+00 1.12087202E+00 1.11720152E+00 1.11366031E+00 1.10983782E+00 1.10621007E+00 1.10234775E+00 1.09873166E+00 1.09488674E+00 1.09126879E+00 1.08748964E+00 1.08401423E+00 1.08037871E+00 1.07702245E+00 1.07355760E+00 1.07040727E+00 1.06714676E+00 1.06415957E+00 1.06108013E+00 1.05828285E+00 1.05542990E+00 1.05286517E+00 1.05024178E+00 1.04767924E+00 1.04504561E+00 1.04235053E+00 1.03962548E+00 1.03686498E+00 1.03401599E+00 1.03108870E+00 1.02814195E+00 1.02515693E+00 1.02201406E+00 1.01874226E+00 1.01553146E+00 1.01242883E+00 1.00912921E+00 1.00501335E+00 1.00000000E+00
1.17709041E+00 1.17709361E+00 1.17709300E+00 1.17708838E+00 1.17708248E+00 1.17707781E+00 1.17707443E+00 1.17707190E+00 1.17706964E+00 1.17706743E+00 1.17706551E+00 1.17706407E+00 1.17706308E+00 1.17706246E+00 1.17706215E+00 1.17706210E+00 1.17706234E+00 1.17706285E+00 1.17706365E+00 1.17706472E+00 1.17706606E+00 1.17706771E+00 1.17706965E+00 1.17707194E+00 1.17707458E+00 1.17707760E+00 1.17708103E+00 1.17708493E+00 1.17708929E+00 1.17709418E+00 1.17709963E+00 1.17710571E+00 1.17711244E+00 1.17711985E+00 1.17712799E+00 1.17713692E+00 1.17714666E+00 1.17715721E+00 1.17716860E+00 1.17718086E+00 1.17719396E+00 1.17720785E+00 1.17722251E+00 1.17723790E+00 1.17725389E+00 1.17727027E+00 1.17728689E+00 1.17730345E+00 1.17731970E+00 1.17733516E+00 1.17734949E+00 1.17736187E+00 1.17737165E+00 1.17737791E+00 1.17737991E+00 1.17737610E+00 1.17736540E+00 1.17734568E+00 1.17731541E+00 1.17727184E+00 1.17721299E+00 1.17713479E+00 1.17703478E+00 1.17690873E+00 1.17675320E+00 1.17656172E+00 1.17633028E+00 1.17605056E+00 1.17571693E+00 1.17531928E+00 1.17485103E+00 1.17430059E+00 1.17366069E+00 1.17291574E+00 1.17205608E+00 1.17106318E+00 1.16992521E+00 1.16861870E+00 1.16713327E+00 1.16544946E+00 1.16354532E+00 1.16138409E+00 1.15895422E+00 1.15622835E+00 1.15318011E+00 1.14979797E+00 1.14604411E+00 1.14228703E+00 1.13815755E+00 1.13415478E+00 1.12983068E+00 1.12572462E+00 1.12134227E+00 1.11722962E+00 1.11283825E+00 1.10868950E+00 1.10435331E+00 1.10036079E+00 1.09616880E+00 1.09228514E+00 1.08827471E+00 1.08462859E+00 1.08084111E+00 1.07735346E+00 1.07374496E+00 1.07045947E+00 1.06710641E+00 1.06408948E+00 1.06099523E+00 1.05795977E+00 1.05482879E+00 1.05161668E+00 1.04836266E+00 1.04505588E+00 1.04163093E+00 1.03809812E+00 1.03452718E+00 1.03089392E+00 1.02706436E+00 1.02306308E+00 1.01909435E+00 1.01520406E+00 1.01106131E+00 1.00601144E+00 1.00000000E+00
1.20148682E+00 1.20148378E+00 1.20147529E+00 1.20146571E+00 1.20145673E+00 1.20144929E+00 1.20144257E+00 1.20143620E+00 1.20143036E+00 1.20142536E+00 1.20142130E+00 1.20141812E+00 1.20141569E+00 1.20141389E+00 1.20141269E+00 1.20141204E+00 1.20141192E+00 1.20141227E+00 1.20141308E+00 1.20141430E+00 1.20141595E+00 1.20141803E+00 1.20142055E+00 1.20142353E+00 1.20142699E+00 1.20143096E+00 1.20143548E+00 1.20144061E+00 1.20144637E+00 1.20145281E+00 1.20146000E+00 1.20146803E+00 1.20147692E+00 1.20148673E+00 1.20149752E+00 1.20150939E+00 1.20152237E+00 1.20153646E+00 1.20155173E+00 1.20156824E+00 1.20158597E+00 1.20160489E+00 1.20162502E+00 1.20164631E+00 1.20166866E+00 1.20169187E+00 1.20171578E+00 1.20174009E+00 1.20176458E+00 1.20178877E+00 1.20181223E+00 1.20183405E+00 1.20185361E+00 1.20187007E+00 1.20188254E+00 1.20188925E+00 1.20188898E+00 1.20187929E+00 1.20185859E+00 1.20182388E+00 1.20177286E+00 1.20170084E+00 1.20160533E+00 1.20148201E+00 1.20132677E+00 1.20113208E+00 1.20089335E+00 1.20060105E+00 1.20024906E+00 1.19982606E+00 1.19932421E+00 1.19873051E+00 1.19803762E+00 1.19722835E+00 1.19629070E+00 1.19520269E+00 1.19395042E+00 1.19250768E+00 1.19086646E+00 1.18900571E+00 1.18689411E+00 1.18448774E+00 1.18177904E+00 1.17873830E+00 1.17533078E+00 1.17154173E+00 1.16733369E+00 1.16312151E+00 1.15847840E+00 1.15396537E+00 1.14909160E+00 1.14446499E+00 1.13951891E+00 1.13487046E+00 1.12989944E+00 1.12519552E+00 1.12027569E+00 1.11574272E+00 1.11097642E+00 1.10655375E+00 1.10198631E+00 1.09783462E+00 1.09351643E+00 1.08953101E+00 1.08540065E+00 1.08163578E+00 1.07779148E+00 1.07433055E+00 1.07077793E+00 1.06728751E+00 1.06368350E+00 1.05998161E+00 1.05622572E+00 1.05240359E+00 1.04844249E+00 1.04434974E+00 1.04020188E+00 1.03597429E+00 1.03152462E+00 1.02686936E+00 1.02222304E+00 1.01763805E+00 1.01276072E+00 1.00689334E+00 1.00000000E+00
1.22437978E+00 1.22436449E+00 1.22434927E+00 1.22433532E+00 1.22432196E+00 1.22430925E+00 1.22429755E+00 1.22428737E+00 1.22427876E+00 1.22427166E+00 1.22426587E+00 1.22426126E+00 1.22425775E+00 1.22425522E+00 1.22425361E+00 1.22425277E+00 1.22425267E+00 1.22425322E+00 1.22425438E+00 1.22425612E+00 1.22425842E+00 1.22426128E+00 1.22426471E+00 1.22426875E+00 1.22427340E+00 1.22427871E+00 1.22428471E+00 1.22429151E+00 1.22429912E+00 1.22430762E+00 1.22431708E+00 1.22432764E+00 1.22433933E+00 1.22435224E+00 1.22436644E+00 1.22438207E+00 1.22439916E+00 1.22441778E+00 1.22443798E+00 1.22445989E+00 1.22448351E+00 1.22450885E+00 1.22453591E+00 1.22456468E+00 1.22459508E+00 1.22462695E+00 1.22466010E+00 1.22469425E+00 1.22472920E+00 1.22476446E+00 1.22479950E+00 1.22483324E+00 1.22486524E+00 1.22489476E+00 1.22492067E+00 1.22494085E+00 1.22495390E+00 1.22495704E+00 1.22494869E+00 1.22492555E+00 1.22488493E+00 1.22482146E+00 1.22473264E+00 1.22461407E+00 1.22446078E+00 1.22426397E+00 1.22401839E+00 1.22371313E+00 1.22334171E+00 1.22289146E+00 1.22235309E+00 1.22171202E+00 1.22096098E+00 1.22008121E+00 1.21905792E+00 1.21786537E+00 1.21648776E+00 1.21489655E+00 1.21308633E+00 1.21103441E+00 1.20869944E+00 1.20603059E+00 1.20302533E+00 1.19965224E+00 1.19586845E+00 1.19165729E+00 1.18698181E+00 1.18230494E+00 1.17714235E+00 1.17211790E+00 1.16669639E+00 1.16155408E+00 1.15605241E+00 1.15087803E+00 1.14534422E+00 1.14010650E+00 1.13462563E+00 1.12957441E+00 1.12426202E+00 1.11933020E+00 1.11423725E+00 1.10960945E+00 1.10479562E+00 1.10034917E+00 1.09573803E+00 1.09153266E+00 1.08723698E+00 1.08336847E+00 1.07939708E+00 1.07549376E+00 1.07146312E+00 1.06732051E+00 1.06311295E+00 1.05882858E+00 1.05438961E+00 1.04979945E+00 1.04513948E+00 1.04038640E+00 1.03539195E+00 1.03016438E+00 1.02492712E+00 1.01974082E+00 1.01423028E+00 1.00765671E+00 1.00000000E+00
1.12506611E+00 1.12506658E+00 1.12506381E+00 1.12506056E+00 1.12505814E+00 1.12505728E+00 1.12505720E+00 1.12505713E+00 1.12505689E+00 1.12505648E+00 1.12505612E+00 1.12505596E+00 1.12505597E+00 1.12505611E+00 1.12505633E+00 1.12505664E+00 1.12505704E+00 1.12505757E+00 1.12505822E+00 1.12505900E+00 1.12505992E+00 1.12506100E+00 1.12506224E+00 1.12506367E+00 1.12506530E+00 1.12506715E+00 1.12506923E+00 1.12507157E+00 1.12507418E+00 1.12507710E+00 1.12508034E+00 1.12508391E+00 1.12508784E+00 1.12509215E+00 1.12509684E+00 1.12510193E+00 1.12510742E+00 1.12511330E+00 1.12511955E+00 1.12512617E+00 1.12513309E+00 1.12514026E+00 1.12514762E+00 1.12515503E+00 1.12516239E+00 1.12516948E+00 1.12517613E+00 1.12518201E+00 1.12518688E+00 1.12519024E+00 1.12519174E+00 1.12519066E+00 1.12518646E+00 1.12517821E+00 1.12516517E+00 1.12514599E+00 1.12511971E+00 1.12508453E+00 1.12503912E+00 1.12498110E+00 1.12490879E+00 1.12481902E+00 1.12470959E+00 1.12457656E+00 1.12441706E+00 1.12422596E+00 1.12399984E+00 1.12373221E+00 1.12341865E+00 1.12305135E+00 1.12262492E+00 1.12212971E+00 1.12155925E+00 1.12090196E+00 1.12015032E+00 1.11929033E+00 1.11831346E+00 1.11720299E+00 1.11594810E+00 1.11453163E+00 1.11294173E+00 1.11115587E+00 1.10916109E+00 1.10693496E+00 1.10446231E+00 1.10174141E+00 1.09873723E+00 1.09574699E+00 1.09249245E+00 1.08937414E+00 1.08602121E+00 1.08285061E+00 1.07948130E+00 1.07632861E+00 1.07300748E+00 1.06992169E+00 1.06669838E+00 1.06373131E+00 1.06065103E+00 1.05783077E+00 1.05491934E+00 1.05226812E+00 1.04954524E+00 1.04707688E+00 1.04455325E+00 1.04227555E+00 1.03995285E+00 1.03786122E+00 1.03573671E+00 1.03368356E+00 1.03160310E+00 1.02949391E+00 1.02735696E+00 1.02519838E+00 1.02301863E+00 1.02081620E+00 1.01859893E+00 1.01638535E+00 1.01416382E+00 1.01191549E+00 1.00969499E+00 1.00766016E+00 1.00571677E+00 1.00324267E+00 1.00000000E+00
1.13135330E+00 1.13135133E+00 1.13135064E+00 1.13135045E+00 1.13135049E+00 1.13135035E+00 1.13134994E+00 1.13134915E+00 1.13134818E+00 1.13134733E+00 1.13134675E+00 1.13134648E+00 1.13134639E+00 1.13134636E+00 1.13134640E+00 1.13134654E+00 1.13134683E+00 1.13134728E+00 1.13134788E+00 1.13134863E+00 1.13134954E+00 1.13135062E+00 1.13135189E+00 1.13135336E+00 1.13135505E+00 1.13135698E+00 1.13135916E+00 1.13136162E+00 1.13136439E+00 1.13136747E+00 1.13137090E+00 1.13137470E+00 1.13137888E+00 1.13138348E+00 1.13138849E+00 1.13139395E+00 1.13139985E+00 1.13140619E+00 1.13141296E+00 1.13142015E+00 1.13142772E+00 1.13143560E+00 1.13144374E+00 1.13145204E+00 1.13146036E+00 1.13146852E+00 1.13147634E+00 1.13148352E+00 1.13148978E+00 1.13149468E+00 1.13149785E+00 1.13149859E+00 1.13149635E+00 1.13149020E+00 1.13147942E+00 1.13146266E+00 1.13143897E+00 1.13140654E+00 1.13136402E+00 1.13130901E+00 1.13123983E+00 1.13115323E+00 1.13104699E+00 1.13091716E+00 1.13076085E+00 1.13057280E+00 1.13034959E+00 1.13008455E+00 1.12977311E+00 1.12940719E+00 1.12898140E+00 1.12848584E+00 1.12791391E+00 1.12725340E+00 1.12649677E+00 1.12562960E+00 1.12464320E+00 1.12351986E+00 1.12224806E+00 1.12081026E+00 1.11919457E+00 1.11737676E+00 1.11534324E+00 1.11307096E+00 1.11054458E+00 1.10776109E+00 1.10468421E+00 1.10161679E+00 1.09827535E+00 1.09506990E+00 1.09161975E+00 1.08835389E+00 1.08488259E+00 1.08163486E+00 1.07820722E+00 1.07501288E+00 1.07167704E+00 1.06860856E+00 1.06541854E+00 1.06249286E+00 1.05947259E+00 1.05672333E+00 1.05389568E+00 1.05132764E+00 1.04869737E+00 1.04631925E+00 1.04389399E+00 1.04171221E+00 1.03949227E+00 1.03734261E+00 1.03515402E+00 1.03292764E+00 1.03067547E+00 1.02840151E+00 1.02608438E+00 1.02372844E+00 1.02136082E+00 1.01898701E+00 1.01654120E+00 1.01402422E+00 1.01155161E+00 1.00922141E+00 1.00683707E+00 1.00381229E+00 1.00000000E+00
1.14770155E+00 1.14770182E+00 1.14770298E+00 1.14770352E+00 1.14770295E+00 1.14770148E+00 1.14769988E+00 1.14769879E+00 1.14769813E+00 1.14769768E+00 1.14769728E+00 1.14769691E+00 1.14769666E+00 1.14769659E+00 1.14769670E+00 1.14769697E+00 1.14769738E+00 1.14769794E+00 1.14769867E+00 1.14769958E+00 1.14770067E+00 1.14770197E+00 1.14770349E+00 1.14770524E+00 1.14770725E+00 1.14770954E+00 1.14771213E+00 1.14771505E+00 1.14771833E+00 1.14772199E+00 1.14772605E+00 1.14773057E+00 1.14773555E+00 1.14774103E+00 1.14774702E+00 1.14775356E+00 1.14776065E+00 1.14776829E+00 1.14777648E+00 1.14778523E+00 1.14779449E+00 1.14780420E+00 1.14781432E+00 1.14782475E+00 1.14783538E+00 1.14784599E+00 1.14785641E+00 1.14786634E+00 1.14787552E+00 1.14788346E+00 1.14788981E+00 1.14789382E+00 1.14789491E+00 1.14789213E+00 1.14788474E+00 1.14787132E+00 1.14785086E+00 1.14782144E+00 1.14778162E+00 1.14772887E+00 1.14766140E+00 1.14757571E+00 1.14746945E+00 1.14733848E+00 1.14717973E+00 1.14698751E+00 1.14675818E+00 1.14648452E+00 1.14616156E+00 1.14578061E+00 1.14533586E+00 1.14481670E+00 1.14421606E+00 1.14352057E+00 1.14272215E+00 1.14180501E+00 1.14075956E+00 1.13956618E+00 1.13821286E+00 1.13668091E+00 1.13495628E+00 1.13301137E+00 1.13083225E+00 1.12839385E+00 1.12567773E+00 1.12267838E+00 1.11935722E+00 1.11604066E+00 1.11241758E+00 1.10893072E+00 1.10517200E+00 1.10160924E+00 1.09781478E+00 1.09425827E+00 1.09048788E+00 1.08695885E+00 1.08327314E+00 1.07987859E+00 1.07633427E+00 1.07307115E+00 1.06970070E+00 1.06663187E+00 1.06346110E+00 1.06056692E+00 1.05758954E+00 1.05488891E+00 1.05213346E+00 1.04965340E+00 1.04711950E+00 1.04465261E+00 1.04212528E+00 1.03954478E+00 1.03693356E+00 1.03428830E+00 1.03156987E+00 1.02878845E+00 1.02598660E+00 1.02315818E+00 1.02021180E+00 1.01715781E+00 1.01413692E+00 1.01122556E+00 1.00820158E+00 1.00449504E+00 1.00000000E+00
1.16727382E+00 1.16727505E+00 1.16727345E+00 1.16727068E+00 1.16726775E+00 1.16726540E+00 1.16726335E+00 1.16726139E+00 1.16725951E+00 1.16725784E+00 1.16725647E+00 1.16725545E+00 1.16725473E+00 1.16725427E+00 1.16725407E+00 1.16725411E+00 1.16725440E+00 1.16725494E+00 1.16725572E+00 1.16725675E+00 1.16725804E+00 1.16725960E+00 1.16726145E+00 1.16726361E+00 1.16726610E+00 1.16726895E+00 1.16727218E+00 1.16727584E+00 1.16727994E+00 1.16728454E+00 1.16728966E+00 1.16729535E+00 1.16730165E+00 1.16730859E+00 1.16731620E+00 1.16732453E+00 1.16733360E+00 1.16734341E+00 1.16735399E+00 1.16736534E+00 1.16737743E+00 1.16739023E+00 1.16740370E+00 1.16741774E+00 1.16743225E+00 1.16744702E+00 1.16746188E+00 1.16747652E+00 1.16749067E+00 1.16750384E+00 1.16751565E+00 1.16752528E+00 1.16753213E+00 1.16753525E+00 1.16753380E+00 1.16752625E+00 1.16751149E+00 1.16748740E+00 1.16745244E+00 1.16740385E+00 1.16733966E+00 1.16725596E+00 1.16715025E+00 1.16701812E+00 1.16685608E+00 1.16665777E+00 1.16641917E+00 1.16613217E+00 1.16579133E+00 1.16538698E+00 1.16491256E+00 1.16435634E+00 1.16371070E+00 1.16296075E+00 1.16209718E+00 1.16110200E+00 1.15996421E+00 1.15866177E+00 1.15718281E+00 1.15550682E+00 1.15361494E+00 1.15147521E+00 1.14907441E+00 1.14638435E+00 1.14338138E+00 1.14005796E+00 1.13637323E+00 1.13268976E+00 1.12865403E+00 1.12475968E+00 1.12055991E+00 1.11657669E+00 1.11232586E+00 1.10833626E+00 1.10409635E+00 1.10011767E+00 1.09596113E+00 1.09212997E+00 1.08811995E+00 1.08442003E+00 1.08059878E+00 1.07711983E+00 1.07351586E+00 1.07021597E+00 1.06681337E+00 1.06372266E+00 1.06056924E+00 1.05773021E+00 1.05482434E+00 1.05198762E+00 1.04907421E+00 1.04609505E+00 1.04307886E+00 1.04001843E+00 1.03686519E+00 1.03363094E+00 1.03036725E+00 1.02706346E+00 1.02361737E+00 1.02004086E+00 1.01648572E+00 1.01302419E+00 1.00942582E+00 1.00511459E+00 1.00000000E+00
1.18710914E+00 1.18710429E+00 1.18709894E+00 1.18709360E+00 1.18708812E+00 1.18708270E+00 1.18707758E+00 1.18707304E+00 1.18706911E+00 1.18706581E+00 1.18706309E+00 1.18706089E+00 1.18705921E+00 1.18705802E+00 1.18705728E+00 1.18705696E+00 1.18705705E+00 1.18705751E+00 1.18705835E+00 1.18705955E+00 1.18706112E+00 1.18706306E+00 1.18706540E+00 1.18706816E+00 1.18707136E+00 1.18707503E+00 1.18707920E+00 1.18708393E+00 1.18708925E+00 1.18709520E+00 1.18710185E+00 1.18710925E+00 1.18711745E+00 1.18712649E+00 1.18713644E+00 1.18714735E+00 1.18715926E+00 1.18717219E+00 1.18718619E+00 1.18720128E+00 1.18721745E+00 1.18723468E+00 1.18725295E+00 1.18727217E+00 1.18729224E+00 1.18731297E+00 1.18733418E+00 1.18735555E+00 1.18737682E+00 1.18739747E+00 1.18741707E+00 1.18743471E+00 1.18744979E+00 1.18746134E+00 1.18746840E+00 1.18746920E+00 1.18746253E+00 1.18744599E+00 1.18741791E+00 1.18737522E+00 1.18731569E+00 1.18723489E+00 1.18713012E+00 1.18699661E+00 1.18683031E+00 1.18662387E+00 1.18637277E+00 1.18606778E+00 1.18570290E+00 1.18526727E+00 1.18475325E+00 1.18414772E+00 1.18344251E+00 1.18262097E+00 1.18167205E+00 1.18057510E+00 1.17931747E+00 1.17787470E+00 1.17623552E+00 1.17437714E+00 1.17227461E+00 1.16989166E+00 1.16721679E+00 1.16421878E+00 1.16086837E+00 1.15715755E+00 1.15304347E+00 1.14893191E+00 1.14442064E+00 1.14006308E+00 1.13536754E+00 1.13091637E+00 1.12616193E+00 1.12169843E+00 1.11695345E+00 1.11249773E+00 1.10784277E+00 1.10355246E+00 1.09905938E+00 1.09491103E+00 1.09062893E+00 1.08673254E+00 1.08269321E+00 1.07899003E+00 1.07516870E+00 1.07169644E+00 1.06815460E+00 1.06496622E+00 1.06170169E+00 1.05851200E+00 1.05523436E+00 1.05188139E+00 1.04848562E+00 1.04503834E+00 1.04148560E+00 1.03783899E+00 1.03415563E+00 1.03042343E+00 1.02653495E+00 1.02250105E+00 1.01847980E+00 1.01454425E+00 1.01045992E+00 1.00563988E+00 1.00000000E+00
1.20605255E+00 1.20604396E+00 1.20603401E+00 1.20602338E+00 1.20601248E+00 1.20600207E+00 1.20599239E+00 1.20598373E+00 1.20597607E+00 1.20596943E+00 1.20596380E+00 1.20595914E+00 1.20595541E+00 1.20595254E+00 1.20595047E+00 1.20594913E+00 1.20594848E+00 1.20594847E+00 1.20594908E+00 1.20595026E+00 1.20595202E+00 1.20595434E+00 1.20595724E+00 1.20596072E+00 1.20596482E+00 1.20596956E+00 1.20597499E+00 1.20598115E+00 1.20598810E+00 1.20599589E+00 1.20600459E+00 1.20601429E+00 1.20602504E+00 1.20603692E+00 1.20604998E+00 1.20606433E+00 1.20608001E+00 1.20609708E+00 1.20611558E+00 1.20613560E+00 1.20615712E+00 1.20618015E+00 1.20620467E+00 1.20623061E+00 1.20625788E+00 1.20628630E+00 1.20631566E+00 1.20634565E+00 1.20637601E+00 1.20640615E+00 1.20643558E+00 1.20646325E+00 1.20648858E+00 1.20651062E+00 1.20652816E+00 1.20653912E+00 1.20654214E+00 1.20653444E+00 1.20651427E+00 1.20647817E+00 1.20642353E+00 1.20634531E+00 1.20624056E+00 1.20610408E+00 1.20593106E+00 1.20571301E+00 1.20544480E+00 1.20511589E+00 1.20471974E+00 1.20424417E+00 1.20368025E+00 1.20301331E+00 1.20223471E+00 1.20132606E+00 1.20027424E+00 1.19905585E+00 1.19765672E+00 1.19605026E+00 1.19422601E+00 1.19215902E+00 1.18981804E+00 1.18716290E+00 1.18418469E+00 1.18084979E+00 1.17712369E+00 1.17299923E+00 1.16843194E+00 1.16387343E+00 1.15887142E+00 1.15404093E+00 1.14884341E+00 1.14392249E+00 1.13866671E+00 1.13373456E+00 1.12849562E+00 1.12357807E+00 1.11844213E+00 1.11371095E+00 1.10875828E+00 1.10418638E+00 1.09947038E+00 1.09518240E+00 1.09073808E+00 1.08666257E+00 1.08245693E+00 1.07863597E+00 1.07473976E+00 1.07123343E+00 1.06764429E+00 1.06413713E+00 1.06053407E+00 1.05684839E+00 1.05311520E+00 1.04932538E+00 1.04542158E+00 1.04141447E+00 1.03736505E+00 1.03326113E+00 1.02899216E+00 1.02456743E+00 1.02014942E+00 1.01581330E+00 1.01132193E+00 1.00607784E+00 1.00000000E+00
1.12699880E+00 1.12700147E+00 1.12700001E+00 1.12699687E+00 1.12699404E+00 1.12699290E+00 1.12699281E+00 1.12699296E+00 1.12699295E+00 1.12699265E+00 1.12699233E+00 1.12699218E+00 1.12699222E+00 1.12699240E+00 1.12699267E+00 1.12699302E+00 1.12699346E+00 1.12699402E+00 1.12699470E+00 1.12699552E+00 1.12699648E+00 1.12699760E+00 1.12699888E+00 1.12700035E+00 1.12700202E+00 1.12700391E+00 1.12700604E+00 1.12700843E+00 1.12701110E+00 1.12701408E+00 1.12701737E+00 1.12702100E+00 1.12702499E+00 1.12702936E+00 1.12703411E+00 1.12703925E+00 1.12704480E+00 1.12705073E+00 1.12705703E+00 1.12706368E+00 1.12707063E+00 1.12707782E+00 1.12708517E+00 1.12709255E+00 1.12709985E+00 1.12710685E+00 1.12711338E+00 1.12711909E+00 1.12712373E+00 1.12712679E+00 1.12712792E+00 1.12712637E+00 1.12712161E+00 1.12711269E+00 1.12709884E+00 1.12707870E+00 1.12705128E+00 1.12701476E+00 1.12696780E+00 1.12690798E+00 1.12683360E+00 1.12674146E+00 1.12662934E+00 1.12649324E+00 1.12633028E+00 1.12613527E+00 1.12590474E+00 1.12563220E+00 1.12531318E+00 1.12493982E+00 1.12450672E+00 1.12400416E+00 1.12342561E+00 1.12275952E+00 1.12199829E+00 1.12112790E+00 1.12013971E+00 1.11901707E+00 1.11774926E+00 1.11631898E+00 1.11471417E+00 1.11291256E+00 1.11090126E+00 1.10865771E+00 1.10616660E+00 1.10342637E+00 1.10040167E+00 1.09739243E+00 1.09411756E+00 1.09098022E+00 1.08760749E+00 1.08441903E+00 1.08103056E+00 1.07785886E+00 1.07451715E+00 1.07141360E+00 1.06817155E+00 1.06518560E+00 1.06208471E+00 1.05924470E+00 1.05631175E+00 1.05364016E+00 1.05089502E+00 1.04840521E+00 1.04585781E+00 1.04355688E+00 1.04120919E+00 1.03909394E+00 1.03694375E+00 1.03486327E+00 1.03275258E+00 1.03061074E+00 1.02843823E+00 1.02623936E+00 1.02401470E+00 1.02176322E+00 1.01948952E+00 1.01720717E+00 1.01491010E+00 1.01258077E+00 1.01025354E+00 1.00806528E+00 1.00596526E+00 1.00336208E+00 1.00000000E+00
1.13094226E+00 1.13094300E+00 1.13094759E+00 1.13095126E+00 1.13095289E+00 1.13095209E+00 1.13095028E+00 1.13094883E+00 1.13094801E+00 1.13094781E+00 1.13094785E+00 1.13094782E+00 1.13094775E+00 1.13094771E+00 1.13094779E+00 1.13094805E+00 1.13094845E+00 1.13094898E+00 1.13094964E+00 1.13095043E+00 1.13095138E+00 1.13095250E+00 1.13095380E+00 1.13095531E+00 1.13095702E+00 1.13095897E+00 1.13096117E+00 1.13096364E+00 1.13096641E+00 1.13096949E+00 1.13097291E+00 1.13097670E+00 1.13098086E+00 1.13098542E+00 1.13099039E+00 1.13099578E+00 1.13100160E+00 1.13100784E+00 1.13101449E+00 1.13102153E+00 1.13102891E+00 1.13103657E+00 1.13104445E+00 1.13105242E+00 1.13106037E+00 1.13106809E+00 1.13107539E+00 1.13108196E+00 1.13108754E+00 1.13109162E+00 1.13109386E+00 1.13109352E+00 1.13109005E+00 1.13108252E+00 1.13107016E+00 1.13105161E+00 1.13102589E+00 1.13099116E+00 1.13094607E+00 1.13088819E+00 1.13081580E+00 1.13072568E+00 1.13061556E+00 1.13048145E+00 1.13032043E+00 1.13012724E+00 1.12989839E+00 1.12962725E+00 1.12930927E+00 1.12893645E+00 1.12850332E+00 1.12800000E+00 1.12741983E+00 1.12675091E+00 1.12598560E+00 1.12510954E+00 1.12411400E+00 1.12298169E+00 1.12170147E+00 1.12025574E+00 1.11863238E+00 1.11680813E+00 1.11476971E+00 1.11249415E+00 1.10996591E+00 1.10718261E+00 1.10410816E+00 1.10104660E+00 1.09771320E+00 1.09451761E+00 1.09108034E+00 1.08782921E+00 1.08437344E+00 1.08113850E+00 1.07772677E+00 1.07455365E+00 1.07123976E+00 1.06818852E+00 1.06501728E+00 1.06211051E+00 1.05910865E+00 1.05637481E+00 1.05356335E+00 1.05101116E+00 1.04839733E+00 1.04603429E+00 1.04362324E+00 1.04145206E+00 1.03924246E+00 1.03710259E+00 1.03492552E+00 1.03271217E+00 1.03046931E+00 1.02819980E+00 1.02589080E+00 1.02354550E+00 1.02117909E+00 1.01879910E+00 1.01636441E+00 1.01386774E+00 1.01138025E+00 1.00900615E+00 1.00663295E+00 1.00369621E+00 1.00000000E+00
1.14157023E+00 1.14157685E+00 1.14158084E+00 1.14158251E+00 1.14158270E+00 1.14158237E+00 1.14158187E+00 1.14158154E+00 1.14158131E+00 1.14158111E+00 1.14158090E+00 1.14158069E+00 1.14158054E+00 1.14158053E+00 1.14158066E+00 1.14158093E+00 1.14158133E+00 1.14158188E+00 1.14158258E+00 1.14158345E+00 1.14158449E+00 1.14158573E+00 1.14158717E+00 1.14158884E+00 1.14159076E+00 1.14159294E+00 1.14159540E+00 1.14159818E+00 1.14160128E+00 1.14160476E+00 1.14160861E+00 1.14161288E+00 1.14161759E+00 1.14162275E+00 1.14162839E+00 1.14163452E+00 1.14164116E+00 1.14164829E+00 1.14165593E+00 1.14166403E+00 1.14167258E+00 1.14168151E+00 1.14169076E+00 1.14170022E+00 1.14170975E+00 1.14171917E+00 1.14172827E+00 1.14173675E+00 1.14174434E+00 1.14175053E+00 1.14175495E+00 1.14175686E+00 1.14175567E+00 1.14175044E+00 1.14174039E+00 1.14172408E+00 1.14170050E+00 1.14166773E+00 1.14162435E+00 1.14156783E+00 1.14149638E+00 1.14140658E+00 1.14129609E+00 1.14116074E+00 1.14099748E+00 1.14080072E+00 1.14056681E+00 1.14028874E+00 1.13996168E+00 1.13957716E+00 1.13912944E+00 1.13860806E+00 1.13800601E+00 1.13731059E+00 1.13651377E+00 1.13560017E+00 1.13456050E+00 1.13337621E+00 1.13203566E+00 1.13052031E+00 1.12881670E+00 1.12689952E+00 1.12475505E+00 1.12235870E+00 1.11969296E+00 1.11675422E+00 1.11350437E+00 1.11026452E+00 1.10673105E+00 1.10333760E+00 1.09968415E+00 1.09622543E+00 1.09254392E+00 1.08909413E+00 1.08544654E+00 1.08204573E+00 1.07849408E+00 1.07522108E+00 1.07181055E+00 1.06867787E+00 1.06544166E+00 1.06249356E+00 1.05945317E+00 1.05668594E+00 1.05384459E+00 1.05127107E+00 1.04864489E+00 1.04627926E+00 1.04386550E+00 1.04152156E+00 1.03912774E+00 1.03668864E+00 1.03421773E+00 1.03171363E+00 1.02915207E+00 1.02654059E+00 1.02390418E+00 1.02124404E+00 1.01850163E+00 1.01567713E+00 1.01285964E+00 1.01013954E+00 1.00739192E+00 1.00406931E+00 1.00000000E+00
1.15455739E+00 1.15455832E+00 1.15455835E+00 1.15455796E+00 1.15455720E+00 1.15455625E+00 1.15455519E+00 1.15455416E+00 1.15455322E+00 1.15455245E+00 1.15455184E+00 1.15455140E+00 1.15455112E+00 1.15455102E+00 1.15455109E+00 1.15455135E+00 1.15455179E+00 1.15455241E+00 1.15455323E+00 1.15455426E+00 1.15455549E+00 1.15455697E+00 1.15455868E+00 1.15456067E+00 1.15456295E+00 1.15456554E+00 1.15456848E+00 1.15457179E+00 1.15457550E+00 1.15457965E+00 1.15458426E+00 1.15458938E+00 1.15459503E+00 1.15460124E+00 1.15460804E+00 1.15461547E+00 1.15462352E+00 1.15463222E+00 1.15464156E+00 1.15465155E+00 1.15466214E+00 1.15467328E+00 1.15468493E+00 1.15469698E+00 1.15470930E+00 1.15472168E+00 1.15473395E+00 1.15474577E+00 1.15475688E+00 1.15476674E+00 1.15477499E+00 1.15478081E+00 1.15478359E+00 1.15478237E+00 1.15477629E+00 1.15476381E+00 1.15474386E+00 1.15471435E+00 1.15467377E+00 1.15461939E+00 1.15454928E+00 1.15445971E+00 1.15434819E+00 1.15421029E+00 1.15404263E+00 1.15383909E+00 1.15359575E+00 1.15330490E+00 1.15296134E+00 1.15255586E+00 1.15208212E+00 1.15152880E+00 1.15088838E+00 1.15014699E+00 1.14929574E+00 1.14831774E+00 1.14720268E+00 1.14593035E+00 1.14448885E+00 1.14285813E+00 1.14102180E+00 1.13895204E+00 1.13663520E+00 1.13404433E+00 1.13115880E+00 1.12797456E+00 1.12445122E+00 1.12093730E+00 1.11709919E+00 1.11340900E+00 1.10943635E+00 1.10567493E+00 1.10166677E+00 1.09790960E+00 1.09393272E+00 1.09022001E+00 1.08634346E+00 1.08277049E+00 1.07904264E+00 1.07561502E+00 1.07207568E+00 1.06885249E+00 1.06552331E+00 1.06248883E+00 1.05936957E+00 1.05654266E+00 1.05365922E+00 1.05106232E+00 1.04840991E+00 1.04583089E+00 1.04319319E+00 1.04050389E+00 1.03778067E+00 1.03501965E+00 1.03219040E+00 1.02930257E+00 1.02638715E+00 1.02344237E+00 1.02040223E+00 1.01727041E+00 1.01414423E+00 1.01110934E+00 1.00803975E+00 1.00439175E+00 1.00000000E+00
1.16793322E+00 1.16793289E+00 1.16793123E+00 1.16792880E+00 1.16792584E+00 1.16792277E+00 1.16791972E+00 1.16791690E+00 1.16791433E+00 1.16791208E+00 1.16791016E+00 1.16790858E+00 1.16790736E+00 1.16790647E+00 1.16790593E+00 1.16790570E+00 1.16790579E+00 1.16790619E+00 1.16790689E+00 1.16790791E+00 1.16790925E+00 1.16791091E+00 1.16791291E+00 1.16791528E+00 1.16791803E+00 1.16792120E+00 1.16792480E+00 1.16792889E+00 1.16793349E+00 1.16793864E+00 1.16794439E+00 1.16795078E+00 1.16795784E+00 1.16796563E+00 1.16797418E+00 1.16798353E+00 1.16799370E+00 1.16800472E+00 1.16801660E+00 1.16802935E+00 1.16804295E+00 1.16805735E+00 1.16807250E+00 1.16808830E+00 1.16810463E+00 1.16812128E+00 1.16813805E+00 1.16815460E+00 1.16817064E+00 1.16818562E+00 1.16819910E+00 1.16821020E+00 1.16821828E+00 1.16822231E+00 1.16822132E+00 1.16821359E+00 1.16819792E+00 1.16817198E+00 1.16813413E+00 1.16808137E+00 1.16801151E+00 1.16792043E+00 1.16780538E+00 1.16766154E+00 1.16748509E+00 1.16726914E+00 1.16700936E+00 1.16669716E+00 1.16632684E+00 1.16588829E+00 1.16537431E+00 1.16477252E+00 1.16407482E+00 1.16326602E+00 1.16233603E+00 1.16126621E+00 1.16004514E+00 1.15865089E+00 1.15707164E+00 1.15528561E+00 1.15327289E+00 1.15100336E+00 1.14846419E+00 1.14562629E+00 1.14246585E+00 1.13897980E+00 1.13512572E+00 1.13128559E+00 1.12709046E+00 1.12305804E+00 1.11872248E+00 1.11462135E+00 1.11025089E+00 1.10615658E+00 1.10182491E+00 1.09778104E+00 1.09356146E+00 1.08967475E+00 1.08561980E+00 1.08189156E+00 1.07804537E+00 1.07454559E+00 1.07092988E+00 1.06763311E+00 1.06424398E+00 1.06117308E+00 1.05804300E+00 1.05522544E+00 1.05234766E+00 1.04954879E+00 1.04668576E+00 1.04376715E+00 1.04081323E+00 1.03781886E+00 1.03475017E+00 1.03161780E+00 1.02845647E+00 1.02526304E+00 1.02196797E+00 1.01857676E+00 1.01519105E+00 1.01189478E+00 1.00856361E+00 1.00465371E+00 1.00000000E+00
1.18089581E+00 1.18089178E+00 1.18088614E+00 1.18087977E+00 1.18087299E+00 1.18086633E+00 1.18085991E+00 1.18085395E+00 1.18084852E+00 1.18084371E+00 1.18083953E+00 1.18083599E+00 1.18083309E+00 1.18083080E+00 1.18082909E+00 1.18082794E+00 1.18082733E+00 1.18082723E+00 1.18082763E+00 1.18082852E+00 1.18082990E+00 1.18083176E+00 1.18083411E+00 1.18083697E+00 1.18084037E+00 1.18084432E+00 1.18084886E+00 1.18085404E+00 1.18085988E+00 1.18086645E+00 1.18087378E+00 1.18088194E+00 1.18089097E+00 1.18090093E+00 1.18091185E+00 1.18092381E+00 1.18093684E+00 1.18095096E+00 1.18096619E+00 1.18098257E+00 1.18100008E+00 1.18101866E+00 1.18103827E+00 1.18105878E+00 1.18108009E+00 1.18110196E+00 1.18112416E+00 1.18114632E+00 1.18116813E+00 1.18118894E+00 1.18120825E+00 1.18122503E+00 1.18123863E+00 1.18124792E+00 1.18125173E+00 1.18124804E+00 1.18123553E+00 1.18121152E+00 1.18117422E+00 1.18112025E+00 1.18104709E+00 1.18095011E+00 1.18082627E+00 1.18067024E+00 1.18047762E+00 1.18024067E+00 1.17995453E+00 1.17960962E+00 1.17919977E+00 1.17871381E+00 1.17814363E+00 1.17747572E+00 1.17670148E+00 1.17580442E+00 1.17477316E+00 1.17358738E+00 1.17223463E+00 1.17069161E+00 1.16894678E+00 1.16697690E+00 1.16475851E+00 1.16225970E+00 1.15946908E+00 1.15635607E+00 1.15289400E+00 1.14908183E+00 1.14487546E+00 1.14069258E+00 1.13612742E+00 1.13174479E+00 1.12704180E+00 1.12260042E+00 1.11787086E+00 1.11344526E+00 1.10876905E+00 1.10440715E+00 1.09985991E+00 1.09567560E+00 1.09131348E+00 1.08730523E+00 1.08317465E+00 1.07941989E+00 1.07554239E+00 1.07200780E+00 1.06837566E+00 1.06508630E+00 1.06173610E+00 1.05872234E+00 1.05564547E+00 1.05265361E+00 1.04959424E+00 1.04647684E+00 1.04332341E+00 1.04012817E+00 1.03685517E+00 1.03351553E+00 1.03014644E+00 1.02674417E+00 1.02323728E+00 1.01963234E+00 1.01603361E+00 1.01252442E+00 1.00898263E+00 1.00486341E+00 1.00000000E+00
1.12900967E+00 1.12901267E+00 1.12901143E+00 1.12900850E+00 1.12900592E+00 1.12900504E+00 1.12900518E+00 1.12900549E+00 1.12900559E+00 1.12900538E+00 1.12900514E+00 1.12900508E+00 1.12900520E+00 1.12900545E+00 1.12900578E+00 1.12900618E+00 1.12900667E+00 1.12900728E+00 1.12900801E+00 1.12900888E+00 1.12900989E+00 1.12901105E+00 1.12901238E+00 1.12901389E+00 1.12901561E+00 1.12901756E+00 1.12901974E+00 1.12902218E+00 1.12902491E+00 1.12902794E+00 1.12903129E+00 1.12903498E+00 1.12903904E+00 1.12904346E+00 1.12904828E+00 1.12905348E+00 1.12905908E+00 1.12906506E+00 1.12907141E+00 1.12907809E+00 1.12908507E+00 1.12909226E+00 1.12909960E+00 1.12910695E+00 1.12911418E+00 1.12912108E+00 1.12912746E+00 1.12913298E+00 1.12913736E+00 1.12914011E+00 1.12914083E+00 1.12913878E+00 1.12913342E+00 1.12912376E+00 1.12910905E+00 1.12908787E+00 1.12905924E+00 1.12902130E+00 1.12897268E+00 1.12891097E+00 1.12883439E+00 1.12873975E+00 1.12862478E+00 1.12848545E+00 1.12831884E+00 1.12811972E+00 1.12788457E+00 1.12760688E+00 1.12728214E+00 1.12690247E+00 1.12646239E+00 1.12595217E+00 1.12536520E+00 1.12468998E+00 1.12391878E+00 1.12303761E+00 1.12203770E+00 1.12090246E+00 1.11962135E+00 1.11817686E+00 1.11655669E+00 1.11473890E+00 1.11271067E+00 1.11044919E+00 1.10793909E+00 1.10517909E+00 1.10213344E+00 1.09910480E+00 1.09580897E+00 1.09265219E+00 1.08925921E+00 1.08605218E+00 1.08264372E+00 1.07945261E+00 1.07608983E+00 1.07296776E+00 1.06970586E+00 1.06669991E+00 1.06357728E+00 1.06071648E+00 1.05776081E+00 1.05506759E+00 1.05229856E+00 1.04978576E+00 1.04721279E+00 1.04488688E+00 1.04251241E+00 1.04037160E+00 1.03819342E+00 1.03608338E+00 1.03393993E+00 1.03176248E+00 1.02955118E+00 1.02730842E+00 1.02503457E+00 1.02272901E+00 1.02039350E+00 1.01803617E+00 1.01565524E+00 1.01323783E+00 1.01079687E+00 1.00843898E+00 1.00618727E+00 1.00348068E+00 1.00000000E+00
1.13038010E+00 1.13038514E+00 1.13039326E+00 1.13039783E+00 1.13039864E+00 1.13039663E+00 1.13039407E+00 1.13039281E+00 1.13039260E+00 1.13039291E+00 1.13039320E+00 1.13039319E+00 1.13039309E+00 1.13039311E+00 1.13039330E+00 1.13039367E+00 1.13039415E+00 1.13039474E+00 1.13039543E+00 1.13039627E+00 1.13039725E+00 1.13039841E+00 1.13039974E+00 1.13040126E+00 1.13040299E+00 1.13040495E+00 1.13040716E+00 1.13040963E+00 1.13041239E+00 1.13041546E+00 1.13041886E+00 1.13042261E+00 1.13042673E+00 1.13043123E+00 1.13043612E+00 1.13044142E+00 1.13044712E+00 1.13045322E+00 1.13045969E+00 1.13046652E+00 1.13047366E+00 1.13048103E+00 1.13048856E+00 1.13049613E+00 1.13050360E+00 1.13051077E+00 1.13051744E+00 1.13052327E+00 1.13052800E+00 1.13053112E+00 1.13053225E+00 1.13053065E+00 1.13052575E+00 1.13051661E+00 1.13050244E+00 1.13048184E+00 1.13045381E+00 1.13041651E+00 1.13036856E+00 1.13030753E+00 1.13023165E+00 1.13013770E+00 1.13002341E+00 1.12988475E+00 1.12971877E+00 1.12952023E+00 1.12928558E+00 1.12900826E+00 1.12868375E+00 1.12830410E+00 1.12786380E+00 1.12735307E+00 1.12676523E+00 1.12608867E+00 1.12531564E+00 1.12443200E+00 1.12342895E+00 1.12228970E+00 1.12100354E+00 1.11955285E+00 1.11792531E+00 1.11609863E+00 1.11405989E+00 1.11178609E+00 1.10926176E+00 1.10648538E+00 1.10342093E+00 1.10037273E+00 1.09705514E+00 1.09387686E+00 1.09046024E+00 1.08723039E+00 1.08379747E+00 1.08058336E+00 1.07719536E+00 1.07404869E+00 1.07076148E+00 1.06773242E+00 1.06458502E+00 1.06170096E+00 1.05872132E+00 1.05600643E+00 1.05321438E+00 1.05068013E+00 1.04808438E+00 1.04573731E+00 1.04334126E+00 1.04118133E+00 1.03898276E+00 1.03685255E+00 1.03468654E+00 1.03248485E+00 1.03024964E+00 1.02798275E+00 1.02567991E+00 1.02334212E+00 1.02097425E+00 1.01858297E+00 1.01615397E+00 1.01367788E+00 1.01117992E+00 1.00875615E+00 1.00640970E+00 1.00359047E+00 1.00000000E+00
1.13418168E+00 1.13419165E+00 1.13420171E+00 1.13420699E+00 1.13420822E+00 1.13420711E+00 1.13420560E+00 1.13420517E+00 1.13420545E+00 1.13420592E+00 1.13420621E+00 1.13420622E+00 1.13420616E+00 1.13420623E+00 1.13420646E+00 1.13420684E+00 1.13420733E+00 1.13420791E+00 1.13420862E+00 1.13420948E+00 1.13421050E+00 1.13421169E+00 1.13421307E+00 1.13421465E+00 1.13421645E+00 1.13421850E+00 1.13422080E+00 1.13422339E+00 1.13422627E+00 1.13422949E+00 1.13423305E+00 1.13423699E+00 1.13424131E+00 1.13424604E+00 1.13425119E+00 1.13425677E+00 1.13426279E+00 1.13426923E+00 1.13427608E+00 1.13428332E+00 1.13429091E+00 1.13429877E+00 1.13430683E+00 1.13431497E+00 1.13432306E+00 1.13433087E+00 1.13433824E+00 1.13434480E+00 1.13435031E+00 1.13435423E+00 1.13435619E+00 1.13435544E+00 1.13435141E+00 1.13434313E+00 1.13432981E+00 1.13431003E+00 1.13428278E+00 1.13424616E+00 1.13419879E+00 1.13413817E+00 1.13406252E+00 1.13396854E+00 1.13385392E+00 1.13371456E+00 1.13354744E+00 1.13334719E+00 1.13311022E+00 1.13282979E+00 1.13250127E+00 1.13211653E+00 1.13166996E+00 1.13115151E+00 1.13055439E+00 1.12986667E+00 1.12908044E+00 1.12818117E+00 1.12715984E+00 1.12599921E+00 1.12468834E+00 1.12320923E+00 1.12154907E+00 1.11968490E+00 1.11760356E+00 1.11528143E+00 1.11270236E+00 1.10986451E+00 1.10673105E+00 1.10361306E+00 1.10021771E+00 1.09696320E+00 1.09346365E+00 1.09015450E+00 1.08663560E+00 1.08334010E+00 1.07986355E+00 1.07663214E+00 1.07325665E+00 1.07014538E+00 1.06690981E+00 1.06394312E+00 1.06087788E+00 1.05808479E+00 1.05520952E+00 1.05259786E+00 1.04992061E+00 1.04749843E+00 1.04502577E+00 1.04279663E+00 1.04052553E+00 1.03832350E+00 1.03608151E+00 1.03380093E+00 1.03148631E+00 1.02913813E+00 1.02674799E+00 1.02431869E+00 1.02185854E+00 1.01937237E+00 1.01683924E+00 1.01425316E+00 1.01164645E+00 1.00910963E+00 1.00664259E+00 1.00370306E+00 1.00000000E+00
1.13894058E+00 1.13894210E+00 1.13894370E+00 1.13894505E+00 1.13894585E+00 1.13894603E+00 1.13894588E+00 1.13894568E+00 1.13894551E+00 1.13894543E+00 1.13894538E+00 1.13894539E+00 1.13894545E+00 1.13894561E+00 1.13894587E+00 1.13894626E+00 1.13894676E+00 1.13894740E+00 1.13894819E+00 1.13894912E+00 1.13895023E+00 1.13895152E+00 1.13895302E+00 1.13895473E+00 1.13895668E+00 1.13895890E+00 1.13896139E+00 1.13896419E+00 1.13896732E+00 1.13897081E+00 1.13897468E+00 1.13897896E+00 1.13898366E+00 1.13898881E+00 1.13899443E+00 1.13900053E+00 1.13900711E+00 1.13901418E+00 1.13902172E+00 1.13902970E+00 1.13903810E+00 1.13904683E+00 1.13905584E+00 1.13906499E+00 1.13907415E+00 1.13908312E+00 1.13909169E+00 1.13909952E+00 1.13910635E+00 1.13911163E+00 1.13911498E+00 1.13911563E+00 1.13911298E+00 1.13910606E+00 1.13909403E+00 1.13907543E+00 1.13904920E+00 1.13901339E+00 1.13896655E+00 1.13890611E+00 1.13883021E+00 1.13873542E+00 1.13861936E+00 1.13847778E+00 1.13830754E+00 1.13810304E+00 1.13786055E+00 1.13757307E+00 1.13723579E+00 1.13684027E+00 1.13638065E+00 1.13584654E+00 1.13523091E+00 1.13452136E+00 1.13370965E+00 1.13278068E+00 1.13172506E+00 1.13052490E+00 1.12916914E+00 1.12763917E+00 1.12592118E+00 1.12399143E+00 1.12183671E+00 1.11943257E+00 1.11676182E+00 1.11382282E+00 1.11057773E+00 1.10734895E+00 1.10383188E+00 1.10046025E+00 1.09683569E+00 1.09340889E+00 1.08976394E+00 1.08635091E+00 1.08274974E+00 1.07940141E+00 1.07590492E+00 1.07268254E+00 1.06933033E+00 1.06625613E+00 1.06308094E+00 1.06018848E+00 1.05720948E+00 1.05450283E+00 1.05172749E+00 1.04921635E+00 1.04665385E+00 1.04434425E+00 1.04199040E+00 1.03970760E+00 1.03738223E+00 1.03501659E+00 1.03261681E+00 1.03018248E+00 1.02770290E+00 1.02518199E+00 1.02263026E+00 1.02005151E+00 1.01742174E+00 1.01473710E+00 1.01203336E+00 1.00939828E+00 1.00683232E+00 1.00379626E+00 1.00000000E+00
1.14390825E+00 1.14391197E+00 1.14391411E+00 1.14391501E+00 1.14391508E+00 1.14391479E+00 1.14391425E+00 1.14391363E+00 1.14391293E+00 1.14391222E+00 1.14391156E+00 1.14391101E+00 1.14391059E+00 1.14391032E+00 1.14391021E+00 1.14391027E+00 1.14391051E+00 1.14391095E+00 1.14391158E+00 1.14391242E+00 1.14391349E+00 1.14391479E+00 1.14391634E+00 1.14391816E+00 1.14392026E+00 1.14392267E+00 1.14392541E+00 1.14392851E+00 1.14393199E+00 1.14393588E+00 1.14394019E+00 1.14394498E+00 1.14395025E+00 1.14395603E+00 1.14396234E+00 1.14396919E+00 1.14397661E+00 1.14398457E+00 1.14399308E+00 1.14400211E+00 1.14401163E+00 1.14402156E+00 1.14403183E+00 1.14404231E+00 1.14405287E+00 1.14406328E+00 1.14407333E+00 1.14408268E+00 1.14409101E+00 1.14409779E+00 1.14410260E+00 1.14410460E+00 1.14410318E+00 1.14409733E+00 1.14408615E+00 1.14406807E+00 1.14404199E+00 1.14400581E+00 1.14395804E+00 1.14389596E+00 1.14381758E+00 1.14371931E+00 1.14359863E+00 1.14345109E+00 1.14327336E+00 1.14305953E+00 1.14280569E+00 1.14250445E+00 1.14215084E+00 1.14173600E+00 1.14125375E+00 1.14069329E+00 1.14004732E+00 1.13930296E+00 1.13845153E+00 1.13747733E+00 1.13637057E+00 1.13511277E+00 1.13369285E+00 1.13209163E+00 1.13029414E+00 1.12827603E+00 1.12602439E+00 1.12351408E+00 1.12072694E+00 1.11766218E+00 1.11428106E+00 1.11091986E+00 1.10725992E+00 1.10375337E+00 1.09998721E+00 1.09642923E+00 1.09264571E+00 1.08910519E+00 1.08537141E+00 1.08190058E+00 1.07827838E+00 1.07494192E+00 1.07147175E+00 1.06829016E+00 1.06500614E+00 1.06201620E+00 1.05893680E+00 1.05613926E+00 1.05327114E+00 1.05067670E+00 1.04803056E+00 1.04564651E+00 1.04321694E+00 1.04086092E+00 1.03846093E+00 1.03601987E+00 1.03354488E+00 1.03103500E+00 1.02847823E+00 1.02587920E+00 1.02324977E+00 1.02059313E+00 1.01788377E+00 1.01511921E+00 1.01233706E+00 1.00962347E+00 1.00698029E+00 1.00386950E+00 1.00000000E+00
1.14880103E+00 1.14880331E+00 1.14880387E+00 1.14880345E+00 1.14880226E+00 1.14880063E+00 1.14879866E+00 1.14879657E+00 1.14879444E+00 1.14879243E+00 1.14879056E+00 1.14878890E+00 1.14878747E+00 1.14878631E+00 1.14878541E+00 1.14878480E+00 1.14878448E+00 1.14878445E+00 1.14878472E+00 1.14878529E+00 1.14878617E+00 1.14878738E+00 1.14878891E+00 1.14879079E+00 1.14879303E+00 1.14879565E+00 1.14879867E+00 1.14880211E+00 1.14880600E+00 1.14881036E+00 1.14881523E+00 1.14882062E+00 1.14882656E+00 1.14883308E+00 1.14884018E+00 1.14884790E+00 1.14885623E+00 1.14886518E+00 1.14887472E+00 1.14888483E+00 1.14889548E+00 1.14890656E+00 1.14891801E+00 1.14892967E+00 1.14894140E+00 1.14895295E+00 1.14896408E+00 1.14897441E+00 1.14898362E+00 1.14899110E+00 1.14899638E+00 1.14899856E+00 1.14899700E+00 1.14899059E+00 1.14897835E+00 1.14895858E+00 1.14893010E+00 1.14889064E+00 1.14883863E+00 1.14877116E+00 1.14868611E+00 1.14857964E+00 1.14844910E+00 1.14828980E+00 1.14809819E+00 1.14786801E+00 1.14759513E+00 1.14727181E+00 1.14689285E+00 1.14644903E+00 1.14593381E+00 1.14533599E+00 1.14464810E+00 1.14385678E+00 1.14295294E+00 1.14192036E+00 1.14074892E+00 1.13941972E+00 1.13792182E+00 1.13623559E+00 1.13434495E+00 1.13222521E+00 1.12986401E+00 1.12723581E+00 1.12432164E+00 1.12112196E+00 1.11759733E+00 1.11409860E+00 1.11029255E+00 1.10664992E+00 1.10274281E+00 1.09905583E+00 1.09513767E+00 1.09147453E+00 1.08761481E+00 1.08402902E+00 1.08028967E+00 1.07684778E+00 1.07326977E+00 1.06999086E+00 1.06660885E+00 1.06353168E+00 1.06036328E+00 1.05748580E+00 1.05453669E+00 1.05187000E+00 1.04915163E+00 1.04670358E+00 1.04420936E+00 1.04179122E+00 1.03932838E+00 1.03682419E+00 1.03428643E+00 1.03171381E+00 1.02909352E+00 1.02643064E+00 1.02373795E+00 1.02101826E+00 1.01824520E+00 1.01541723E+00 1.01257306E+00 1.00979781E+00 1.00709475E+00 1.00392635E+00 1.00000000E+00
1.11799677E+00 1.11799569E+00 1.11799163E+00 1.11798790E+00 1.11798544E+00 1.11798460E+00 1.11798445E+00 1.11798419E+00 1.11798374E+00 1.11798318E+00 1.11798272E+00 1.11798248E+00 1.11798241E+00 1.11798245E+00 1.11798258E+00 1.11798280E+00 1.11798311E+00 1.11798354E+00 1.11798409E+00 1.11798477E+00 1.11798557E+00 1.11798653E+00 1.11798763E+00 1.11798892E+00 1.11799039E+00 1.11799207E+00 1.11799397E+00 1.11799612E+00 1.11799852E+00 1.11800122E+00 1.11800421E+00 1.11800754E+00 1.11801121E+00 1.11801524E+00 1.11801965E+00 1.11802445E+00 1.11802965E+00 1.11803523E+00 1.11804120E+00 1.11804755E+00 1.11805423E+00 1.11806118E+00 1.11806835E+00 1.11807565E+00 1.11808297E+00 1.11809011E+00 1.11809692E+00 1.11810312E+00 1.11810847E+00 1.11811252E+00 1.11811495E+00 1.11811511E+00 1.11811248E+00 1.11810620E+00 1.11809559E+00 1.11807939E+00 1.11805669E+00 1.11802581E+00 1.11798551E+00 1.11793351E+00 1.11786825E+00 1.11778671E+00 1.11768677E+00 1.11756470E+00 1.11741779E+00 1.11724108E+00 1.11703133E+00 1.11678233E+00 1.11648979E+00 1.11614611E+00 1.11574610E+00 1.11528044E+00 1.11474300E+00 1.11412232E+00 1.11341116E+00 1.11259587E+00 1.11166824E+00 1.11061182E+00 1.10941587E+00 1.10806368E+00 1.10654393E+00 1.10483427E+00 1.10292174E+00 1.10078421E+00 1.09840712E+00 1.09578874E+00 1.09289527E+00 1.09001129E+00 1.08687043E+00 1.08386010E+00 1.08062131E+00 1.07755512E+00 1.07429611E+00 1.07124972E+00 1.06804185E+00 1.06505778E+00 1.06193973E+00 1.05907188E+00 1.05609659E+00 1.05337446E+00 1.05056665E+00 1.04801114E+00 1.04538845E+00 1.04301299E+00 1.04058761E+00 1.03840241E+00 1.03617689E+00 1.03417443E+00 1.03214329E+00 1.03018544E+00 1.02820642E+00 1.02620385E+00 1.02417972E+00 1.02214321E+00 1.02009501E+00 1.01803370E+00 1.01597358E+00 1.01394237E+00 1.01191653E+00 1.00988096E+00 1.00792248E+00 1.00622274E+00 1.00469133E+00 1.00271620E+00 1.00000000E+00
1.11507784E+00 1.11507623E+00 1.11507160E+00 1.11506459E+00 1.11505793E+00 1.11505480E+00 1.11505496E+00 1.11505671E+00 1.11505804E+00 1.11505749E+00 1.11505588E+00 1.11505439E+00 1.11505358E+00 1.11505355E+00 1.11505383E+00 1.11505400E+00 1.11505409E+00 1.11505424E+00 1.11505456E+00 1.11505507E+00 1.11505574E+00 1.11505653E+00 1.11505747E+00 1.11505857E+00 1.11505985E+00 1.11506134E+00 1.11506304E+00 1.11506498E+00 1.11506717E+00 1.11506963E+00 1.11507240E+00 1.11507549E+00 1.11507893E+00 1.11508274E+00 1.11508693E+00 1.11509154E+00 1.11509657E+00 1.11510204E+00 1.11510794E+00 1.11511430E+00 1.11512108E+00 1.11512823E+00 1.11513575E+00 1.11514358E+00 1.11515163E+00 1.11515978E+00 1.11516788E+00 1.11517574E+00 1.11518314E+00 1.11518975E+00 1.11519532E+00 1.11519934E+00 1.11520132E+00 1.11520052E+00 1.11519639E+00 1.11518786E+00 1.11517417E+00 1.11515386E+00 1.11512582E+00 1.11508805E+00 1.11503918E+00 1.11497641E+00 1.11489781E+00 1.11480007E+00 1.11468075E+00 1.11453527E+00 1.11436078E+00 1.11415160E+00 1.11390352E+00 1.11360898E+00 1.11326328E+00 1.11285797E+00 1.11238737E+00 1.11183980E+00 1.11120839E+00 1.11048025E+00 1.10964765E+00 1.10869381E+00 1.10760773E+00 1.10637339E+00 1.10498042E+00 1.10340534E+00 1.10163420E+00 1.09964441E+00 1.09742328E+00 1.09496804E+00 1.09224508E+00 1.08951757E+00 1.08653844E+00 1.08367518E+00 1.08058271E+00 1.07763926E+00 1.07450900E+00 1.07159326E+00 1.06851287E+00 1.06562121E+00 1.06259519E+00 1.05981786E+00 1.05693195E+00 1.05428429E+00 1.05155323E+00 1.04906963E+00 1.04651646E+00 1.04419876E+00 1.04182834E+00 1.03968838E+00 1.03750946E+00 1.03555286E+00 1.03356722E+00 1.03165206E+00 1.02970815E+00 1.02773308E+00 1.02574356E+00 1.02375276E+00 1.02173884E+00 1.01970200E+00 1.01767332E+00 1.01564480E+00 1.01354699E+00 1.01144054E+00 1.00947548E+00 1.00766711E+00 1.00580130E+00 1.00331483E+00 1.00000000E+00
1.12262899E+00 1.12262821E+00 1.12262418E+00 1.12262093E+00 1.12261951E+00 1.12261983E+00 1.12262053E+00 1.12262061E+00 1.12262028E+00 1.12261991E+00 1.12261973E+00 1.12261979E+00 1.12261993E+00 1.12262008E+00 1.12262026E+00 1.12262050E+00 1.12262082E+00 1.12262124E+00 1.12262175E+00 1.12262235E+00 1.12262307E+00 1.12262390E+00 1.12262488E+00 1.12262602E+00 1.12262734E+00 1.12262884E+00 1.12263056E+00 1.12263254E+00 1.12263477E+00 1.12263728E+00 1.12264011E+00 1.12264330E+00 1.12264687E+00 1.12265084E+00 1.12265524E+00 1.12266013E+00 1.12266552E+00 1.12267142E+00 1.12267785E+00 1.12268487E+00 1.12269244E+00 1.12270055E+00 1.12270919E+00 1.12271840E+00 1.12272809E+00 1.12273816E+00 1.12274854E+00 1.12275905E+00 1.12276955E+00 1.12277977E+00 1.12278956E+00 1.12279848E+00 1.12280607E+00 1.12281169E+00 1.12281492E+00 1.12281485E+00 1.12281079E+00 1.12280147E+00 1.12278587E+00 1.12276220E+00 1.12272920E+00 1.12268414E+00 1.12262525E+00 1.12254957E+00 1.12245487E+00 1.12233675E+00 1.12219264E+00 1.12201709E+00 1.12180577E+00 1.12155089E+00 1.12124797E+00 1.12088917E+00 1.12046919E+00 1.11997599E+00 1.11940266E+00 1.11873628E+00 1.11796814E+00 1.11708012E+00 1.11606291E+00 1.11490196E+00 1.11358378E+00 1.11208059E+00 1.11037985E+00 1.10845948E+00 1.10630348E+00 1.10390401E+00 1.10123125E+00 1.09854473E+00 1.09558984E+00 1.09272352E+00 1.08961262E+00 1.08664218E+00 1.08347771E+00 1.08052588E+00 1.07737747E+00 1.07439084E+00 1.07126466E+00 1.06839617E+00 1.06539677E+00 1.06262589E+00 1.05976412E+00 1.05716197E+00 1.05447076E+00 1.05200859E+00 1.04947540E+00 1.04717771E+00 1.04483591E+00 1.04273265E+00 1.04058602E+00 1.03849510E+00 1.03635317E+00 1.03416488E+00 1.03195510E+00 1.02972495E+00 1.02743637E+00 1.02509546E+00 1.02274346E+00 1.02034215E+00 1.01780054E+00 1.01520575E+00 1.01272054E+00 1.01029264E+00 1.00766279E+00 1.00428276E+00 1.00000000E+00
1.13323814E+00 1.13323296E+00 1.13322755E+00 1.13322596E+00 1.13322690E+00 1.13322837E+00 1.13322929E+00 1.13322937E+00 1.13322930E+00 1.13322954E+00 1.13322998E+00 1.13323044E+00 1.13323084E+00 1.13323118E+00 1.13323152E+00 1.13323192E+00 1.13323236E+00 1.13323286E+00 1.13323342E+00 1.13323407E+00 1.13323481E+00 1.13323567E+00 1.13323667E+00 1.13323784E+00 1.13323919E+00 1.13324074E+00 1.13324253E+00 1.13324459E+00 1.13324694E+00 1.13324960E+00 1.13325262E+00 1.13325606E+00 1.13325993E+00 1.13326427E+00 1.13326913E+00 1.13327458E+00 1.13328064E+00 1.13328733E+00 1.13329471E+00 1.13330286E+00 1.13331175E+00 1.13332140E+00 1.13333185E+00 1.13334318E+00 1.13335534E+00 1.13336827E+00 1.13338191E+00 1.13339619E+00 1.13341102E+00 1.13342623E+00 1.13344171E+00 1.13345707E+00 1.13347192E+00 1.13348583E+00 1.13349848E+00 1.13350908E+00 1.13351699E+00 1.13352101E+00 1.13352030E+00 1.13351332E+00 1.13349879E+00 1.13347384E+00 1.13343702E+00 1.13338606E+00 1.13331869E+00 1.13323056E+00 1.13311913E+00 1.13297893E+00 1.13280568E+00 1.13259129E+00 1.13233090E+00 1.13201685E+00 1.13164498E+00 1.13120352E+00 1.13068443E+00 1.13007320E+00 1.12935904E+00 1.12852225E+00 1.12755846E+00 1.12645515E+00 1.12519030E+00 1.12372964E+00 1.12206534E+00 1.12017619E+00 1.11803854E+00 1.11563779E+00 1.11295085E+00 1.11024141E+00 1.10723283E+00 1.10428246E+00 1.10106992E+00 1.09799853E+00 1.09471472E+00 1.09163652E+00 1.08832453E+00 1.08516084E+00 1.08184764E+00 1.07880345E+00 1.07560215E+00 1.07262673E+00 1.06954766E+00 1.06674426E+00 1.06382816E+00 1.06114037E+00 1.05836019E+00 1.05582810E+00 1.05324173E+00 1.05091313E+00 1.04852347E+00 1.04617620E+00 1.04375478E+00 1.04126930E+00 1.03874819E+00 1.03618283E+00 1.03352596E+00 1.03078670E+00 1.02801247E+00 1.02515249E+00 1.02210216E+00 1.01895032E+00 1.01587069E+00 1.01279426E+00 1.00943147E+00 1.00520750E+00 1.00000000E+00
1.14445487E+00 1.14444728E+00 1.14444176E+00 1.14444180E+00 1.14444477E+00 1.14444776E+00 1.14444998E+00 1.14445149E+00 1.14445306E+00 1.14445499E+00 1.14445700E+00 1.14445879E+00 1.14446033E+00 1.14446168E+00 1.14446291E+00 1.14446406E+00 1.14446512E+00 1.14446612E+00 1.14446709E+00 1.14446806E+00 1.14446906E+00 1.14447014E+00 1.14447131E+00 1.14447263E+00 1.14447412E+00 1.14447581E+00 1.14447775E+00 1.14447998E+00 1.14448253E+00 1.14448543E+00 1.14448874E+00 1.14449254E+00 1.14449687E+00 1.14450175E+00 1.14450726E+00 1.14451350E+00 1.14452051E+00 1.14452831E+00 1.14453698E+00 1.14454666E+00 1.14455735E+00 1.14456911E+00 1.14458200E+00 1.14459614E+00 1.14461155E+00 1.14462822E+00 1.14464614E+00 1.14466528E+00 1.14468570E+00 1.14470734E+00 1.14473002E+00 1.14475333E+00 1.14477714E+00 1.14480143E+00 1.14482588E+00 1.14484976E+00 1.14487235E+00 1.14489239E+00 1.14490942E+00 1.14492222E+00 1.14492932E+00 1.14492753E+00 1.14491608E+00 1.14489371E+00 1.14485784E+00 1.14480387E+00 1.14472915E+00 1.14462797E+00 1.14449631E+00 1.14432583E+00 1.14411069E+00 1.14384316E+00 1.14352090E+00 1.14313289E+00 1.14266859E+00 1.14211063E+00 1.14144616E+00 1.14065453E+00 1.13973762E+00 1.13868420E+00 1.13746070E+00 1.13602569E+00 1.13437782E+00 1.13249664E+00 1.13034963E+00 1.12791575E+00 1.12517815E+00 1.12240763E+00 1.11930283E+00 1.11622991E+00 1.11287682E+00 1.10966772E+00 1.10622179E+00 1.10297306E+00 1.09945529E+00 1.09608109E+00 1.09254320E+00 1.08928437E+00 1.08584146E+00 1.08262591E+00 1.07929080E+00 1.07624879E+00 1.07307066E+00 1.07012472E+00 1.06706465E+00 1.06426864E+00 1.06140590E+00 1.05882137E+00 1.05615899E+00 1.05353058E+00 1.05080781E+00 1.04800370E+00 1.04514907E+00 1.04223023E+00 1.03919387E+00 1.03604913E+00 1.03284809E+00 1.02953587E+00 1.02599822E+00 1.02231892E+00 1.01868241E+00 1.01501688E+00 1.01100346E+00 1.00603049E+00 1.00000000E+00
1.15543262E+00 1.15542310E+00 1.15541856E+00 1.15542104E+00 1.15542669E+00 1.15543194E+00 1.15543648E+00 1.15544069E+00 1.15544524E+00 1.15545011E+00 1.15545486E+00 1.15545912E+00 1.15546291E+00 1.15546631E+00 1.15546939E+00 1.15547214E+00 1.15547459E+00 1.15547677E+00 1.15547873E+00 1.15548054E+00 1.15548223E+00 1.15548388E+00 1.15548553E+00 1.15548726E+00 1.15548910E+00 1.15549111E+00 1.15549333E+00 1.15549587E+00 1.15549874E+00 1.15550202E+00 1.15550574E+00 1.15551003E+00 1.15551495E+00 1.15552055E+00 1.15552691E+00 1.15553418E+00 1.15554239E+00 1.15555159E+00 1.15556189E+00 1.15557350E+00 1.15558649E+00 1.15560094E+00 1.15561690E+00 1.15563453E+00 1.15565396E+00 1.15567530E+00 1.15569849E+00 1.15572363E+00 1.15575091E+00 1.15578044E+00 1.15581183E+00 1.15584457E+00 1.15587910E+00 1.15591601E+00 1.15595479E+00 1.15599462E+00 1.15603462E+00 1.15607338E+00 1.15611100E+00 1.15614671E+00 1.15617865E+00 1.15620333E+00 1.15622085E+00 1.15623120E+00 1.15623120E+00 1.15621572E+00 1.15618191E+00 1.15612372E+00 1.15603755E+00 1.15591469E+00 1.15574809E+00 1.15552986E+00 1.15525969E+00 1.15492723E+00 1.15451864E+00 1.15401306E+00 1.15339611E+00 1.15264681E+00 1.15177289E+00 1.15076337E+00 1.14957242E+00 1.14815142E+00 1.14650617E+00 1.14461719E+00 1.14244305E+00 1.13995656E+00 1.13714597E+00 1.13429124E+00 1.13106697E+00 1.12785227E+00 1.12433840E+00 1.12097109E+00 1.11733973E+00 1.11389779E+00 1.11015438E+00 1.10655450E+00 1.10277313E+00 1.09927950E+00 1.09557526E+00 1.09210336E+00 1.08849504E+00 1.08519835E+00 1.08174401E+00 1.07852982E+00 1.07518122E+00 1.07211465E+00 1.06896891E+00 1.06612291E+00 1.06318460E+00 1.06027603E+00 1.05725646E+00 1.05414015E+00 1.05095994E+00 1.04769996E+00 1.04430223E+00 1.04077429E+00 1.03717211E+00 1.03343995E+00 1.02945599E+00 1.02529734E+00 1.02115902E+00 1.01697074E+00 1.01238455E+00 1.00675257E+00 1.00000000E+00
1.12057956E+00 1.12057922E+00 1.12057554E+00 1.12057183E+00 1.12056930E+00 1.12056849E+00 1.12056845E+00 1.12056832E+00 1.12056798E+00 1.12056747E+00 1.12056704E+00 1.12056683E+00 1.12056681E+00 1.12056690E+00 1.12056707E+00 1.12056732E+00 1.12056767E+00 1.12056814E+00 1.12056873E+00 1.12056944E+00 1.12057029E+00 1.12057129E+00 1.12057245E+00 1.12057378E+00 1.12057531E+00 1.12057705E+00 1.12057901E+00 1.12058123E+00 1.12058371E+00 1.12058648E+00 1.12058955E+00 1.12059297E+00 1.12059673E+00 1.12060085E+00 1.12060535E+00 1.12061025E+00 1.12061554E+00 1.12062122E+00 1.12062728E+00 1.12063371E+00 1.12064046E+00 1.12064748E+00 1.12065470E+00 1.12066203E+00 1.12066934E+00 1.12067644E+00 1.12068317E+00 1.12068924E+00 1.12069439E+00 1.12069816E+00 1.12070023E+00 1.12069992E+00 1.12069670E+00 1.12068969E+00 1.12067818E+00 1.12066089E+00 1.12063689E+00 1.12060444E+00 1.12056229E+00 1.12050813E+00 1.12044034E+00 1.12035586E+00 1.12025255E+00 1.12012660E+00 1.11997525E+00 1.11979348E+00 1.11957798E+00 1.11932247E+00 1.11902260E+00 1.11867072E+00 1.11826158E+00 1.11778576E+00 1.11723698E+00 1.11660378E+00 1.11587885E+00 1.11504841E+00 1.11410416E+00 1.11302959E+00 1.11181395E+00 1.11044041E+00 1.10889745E+00 1.10716270E+00 1.10522327E+00 1.10305703E+00 1.10064919E+00 1.09799789E+00 1.09506894E+00 1.09215136E+00 1.08897468E+00 1.08593012E+00 1.08265529E+00 1.07955685E+00 1.07626388E+00 1.07318380E+00 1.06993958E+00 1.06692351E+00 1.06377268E+00 1.06087362E+00 1.05786497E+00 1.05511124E+00 1.05226964E+00 1.04968272E+00 1.04702700E+00 1.04462074E+00 1.04216240E+00 1.03994560E+00 1.03768649E+00 1.03565316E+00 1.03358948E+00 1.03159774E+00 1.02958217E+00 1.02754106E+00 1.02547577E+00 1.02339388E+00 1.02129624E+00 1.01918160E+00 1.01706040E+00 1.01495555E+00 1.01285303E+00 1.01073761E+00 1.00867486E+00 1.00683196E+00 1.00511699E+00 1.00292537E+00 1.00000000E+00
1.11897059E+00 1.11896609E+00 1.11896457E+00 1.11896417E+00 1.11896422E+00 1.11896407E+00 1.11896365E+00 1.11896281E+00 1.11896174E+00 1.11896075E+00 1.11896003E+00 1.11895969E+00 1.11895960E+00 1.11895958E+00 1.11895960E+00 1.11895967E+00 1.11895986E+00 1.11896019E+00 1.11896067E+00 1.11896127E+00 1.11896200E+00 1.11896288E+00 1.11896391E+00 1.11896512E+00 1.11896652E+00 1.11896812E+00 1.11896994E+00 1.11897201E+00 1.11897434E+00 1.11897696E+00 1.11897988E+00 1.11898315E+00 1.11898676E+00 1.11899075E+00 1.11899514E+00 1.11899994E+00 1.11900518E+00 1.11901084E+00 1.11901694E+00 1.11902347E+00 1.11903041E+00 1.11903772E+00 1.11904535E+00 1.11905325E+00 1.11906132E+00 1.11906940E+00 1.11907737E+00 1.11908497E+00 1.11909201E+00 1.11909809E+00 1.11910296E+00 1.11910602E+00 1.11910679E+00 1.11910449E+00 1.11909852E+00 1.11908773E+00 1.11907132E+00 1.11904772E+00 1.11901576E+00 1.11897335E+00 1.11891901E+00 1.11884986E+00 1.11876390E+00 1.11865765E+00 1.11852855E+00 1.11837188E+00 1.11818458E+00 1.11796065E+00 1.11769583E+00 1.11738263E+00 1.11701618E+00 1.11658751E+00 1.11609060E+00 1.11551384E+00 1.11485025E+00 1.11408651E+00 1.11321462E+00 1.11221768E+00 1.11108466E+00 1.10979913E+00 1.10835014E+00 1.10671419E+00 1.10487796E+00 1.10281942E+00 1.10052462E+00 1.09798997E+00 1.09518151E+00 1.09237349E+00 1.08930887E+00 1.08636419E+00 1.08318884E+00 1.08017633E+00 1.07697236E+00 1.07397730E+00 1.07081406E+00 1.06785781E+00 1.06476791E+00 1.06192865E+00 1.05897846E+00 1.05627312E+00 1.05348065E+00 1.05093903E+00 1.04832713E+00 1.04595793E+00 1.04353497E+00 1.04134699E+00 1.03911702E+00 1.03711266E+00 1.03507732E+00 1.03311190E+00 1.03111662E+00 1.02909024E+00 1.02704377E+00 1.02498564E+00 1.02289886E+00 1.02078472E+00 1.01866864E+00 1.01655846E+00 1.01439752E+00 1.01219635E+00 1.01006170E+00 1.00806771E+00 1.00603617E+00 1.00340421E+00 1.00000000E+00
1.12696167E+00 1.12695913E+00 1.12694970E+00 1.12693920E+00 1.12693167E+00 1.12692948E+00 1.12693017E+00 1.12693070E+00 1.12693011E+00 1.12692840E+00 1.12692670E+00 1.12692583E+00 1.12692561E+00 1.12692564E+00 1.12692568E+00 1.12692566E+00 1.12692573E+00 1.12692599E+00 1.12692642E+00 1.12692699E+00 1.12692769E+00 1.12692854E+00 1.12692955E+00 1.12693076E+00 1.12693216E+00 1.12693378E+00 1.12693564E+00 1.12693777E+00 1.12694018E+00 1.12694290E+00 1.12694596E+00 1.12694939E+00 1.12695322E+00 1.12695747E+00 1.12696218E+00 1.12696737E+00 1.12697308E+00 1.12697930E+00 1.12698606E+00 1.12699339E+00 1.12700125E+00 1.12700965E+00 1.12701855E+00 1.12702795E+00 1.12703776E+00 1.12704786E+00 1.12705815E+00 1.12706843E+00 1.12707854E+00 1.12708816E+00 1.12709708E+00 1.12710477E+00 1.12711076E+00 1.12711440E+00 1.12711515E+00 1.12711199E+00 1.12710416E+00 1.12709022E+00 1.12706905E+00 1.12703868E+00 1.12699774E+00 1.12694337E+00 1.12687370E+00 1.12678549E+00 1.12667628E+00 1.12654139E+00 1.12637791E+00 1.12617981E+00 1.12594280E+00 1.12565933E+00 1.12532457E+00 1.12492973E+00 1.12446881E+00 1.12392972E+00 1.12330547E+00 1.12258235E+00 1.12175185E+00 1.12079598E+00 1.11970403E+00 1.11845961E+00 1.11704989E+00 1.11544862E+00 1.11364290E+00 1.11161010E+00 1.10933382E+00 1.10680690E+00 1.10399549E+00 1.10117313E+00 1.09807712E+00 1.09508559E+00 1.09184924E+00 1.08877067E+00 1.08548736E+00 1.08240980E+00 1.07913878E+00 1.07606290E+00 1.07284601E+00 1.06988678E+00 1.06679672E+00 1.06394855E+00 1.06100304E+00 1.05831898E+00 1.05554771E+00 1.05302040E+00 1.05042295E+00 1.04806664E+00 1.04565982E+00 1.04349267E+00 1.04128111E+00 1.03913078E+00 1.03693169E+00 1.03468570E+00 1.03240997E+00 1.03010626E+00 1.02774507E+00 1.02532976E+00 1.02289425E+00 1.02043219E+00 1.01786952E+00 1.01522519E+00 1.01261710E+00 1.01008374E+00 1.00742401E+00 1.00410410E+00 1.00000000E+00
1.13785120E+00 1.13784797E+00 1.13784712E+00 1.13784463E+00 1.13784108E+00 1.13783771E+00 1.13783550E+00 1.13783469E+00 1.13783457E+00 1.13783446E+00 1.13783432E+00 1.13783422E+00 1.13783428E+00 1.13783452E+00 1.13783487E+00 1.13783527E+00 1.13783573E+00 1.13783627E+00 1.13783692E+00 1.13783767E+00 1.13783854E+00 1.13783955E+00 1.13784071E+00 1.13784207E+00 1.13784362E+00 1.13784541E+00 1.13784744E+00 1.13784978E+00 1.13785242E+00 1.13785542E+00 1.13785881E+00 1.13786263E+00 1.13786692E+00 1.13787172E+00 1.13787706E+00 1.13788301E+00 1.13788959E+00 1.13789683E+00 1.13790478E+00 1.13791348E+00 1.13792293E+00 1.13793315E+00 1.13794415E+00 1.13795596E+00 1.13796852E+00 1.13798176E+00 1.13799561E+00 1.13800993E+00 1.13802462E+00 1.13803942E+00 1.13805416E+00 1.13806836E+00 1.13808164E+00 1.13809347E+00 1.13810338E+00 1.13811042E+00 1.13811387E+00 1.13811237E+00 1.13810487E+00 1.13808952E+00 1.13806497E+00 1.13802834E+00 1.13797791E+00 1.13791077E+00 1.13782436E+00 1.13771391E+00 1.13757648E+00 1.13740585E+00 1.13719769E+00 1.13694423E+00 1.13664037E+00 1.13627721E+00 1.13584891E+00 1.13534279E+00 1.13475113E+00 1.13405904E+00 1.13325696E+00 1.13232556E+00 1.13125550E+00 1.13002986E+00 1.12863107E+00 1.12702930E+00 1.12521329E+00 1.12315881E+00 1.12084459E+00 1.11825968E+00 1.11537065E+00 1.11245846E+00 1.10924401E+00 1.10611946E+00 1.10272999E+00 1.09949782E+00 1.09603715E+00 1.09278057E+00 1.08930109E+00 1.08601460E+00 1.08257189E+00 1.07939691E+00 1.07606643E+00 1.07298258E+00 1.06978625E+00 1.06686796E+00 1.06384149E+00 1.06106719E+00 1.05820354E+00 1.05559613E+00 1.05292670E+00 1.05051708E+00 1.04804831E+00 1.04563537E+00 1.04315607E+00 1.04061442E+00 1.03803091E+00 1.03540296E+00 1.03269440E+00 1.02990930E+00 1.02708670E+00 1.02421386E+00 1.02120868E+00 1.01809156E+00 1.01498661E+00 1.01192158E+00 1.00868358E+00 1.00474285E+00 1.00000000E+00
1.14937688E+00 1.14936985E+00 1.14936474E+00 1.14936219E+00 1.14936128E+00 1.14936095E+00 1.14936090E+00 1.14936100E+00 1.14936139E+00 1.14936207E+00 1.14936290E+00 1.14936376E+00 1.14936462E+00 1.14936546E+00 1.14936631E+00 1.14936716E+00 1.14936803E+00 1.14936893E+00 1.14936987E+00 1.14937088E+00 1.14937198E+00 1.14937321E+00 1.14937458E+00 1.14937614E+00 1.14937792E+00 1.14937994E+00 1.14938224E+00 1.14938488E+00 1.14938788E+00 1.14939130E+00 1.14939517E+00 1.14939957E+00 1.14940455E+00 1.14941014E+00 1.14941641E+00 1.14942346E+00 1.14943131E+00 1.14944002E+00 1.14944965E+00 1.14946030E+00 1.14947200E+00 1.14948480E+00 1.14949875E+00 1.14951391E+00 1.14953027E+00 1.14954783E+00 1.14956654E+00 1.14958636E+00 1.14960723E+00 1.14962899E+00 1.14965147E+00 1.14967425E+00 1.14969708E+00 1.14971966E+00 1.14974152E+00 1.14976170E+00 1.14977953E+00 1.14979366E+00 1.14980320E+00 1.14980642E+00 1.14980191E+00 1.14978674E+00 1.14975943E+00 1.14971741E+00 1.14965786E+00 1.14957574E+00 1.14946799E+00 1.14932802E+00 1.14915152E+00 1.14893036E+00 1.14865886E+00 1.14832780E+00 1.14793157E+00 1.14745677E+00 1.14689431E+00 1.14622761E+00 1.14544590E+00 1.14452852E+00 1.14346774E+00 1.14224532E+00 1.14083762E+00 1.13921107E+00 1.13735665E+00 1.13524800E+00 1.13285827E+00 1.13017324E+00 1.12715960E+00 1.12411060E+00 1.12072629E+00 1.11742003E+00 1.11382559E+00 1.11039033E+00 1.10669831E+00 1.10321113E+00 1.09947236E+00 1.09593068E+00 1.09221302E+00 1.08877561E+00 1.08515849E+00 1.08179874E+00 1.07831046E+00 1.07512052E+00 1.07180279E+00 1.06875111E+00 1.06559251E+00 1.06271028E+00 1.05975515E+00 1.05708322E+00 1.05433979E+00 1.05165100E+00 1.04888199E+00 1.04603806E+00 1.04314188E+00 1.04018856E+00 1.03713773E+00 1.03399344E+00 1.03079840E+00 1.02753700E+00 1.02412234E+00 1.02057427E+00 1.01702154E+00 1.01348892E+00 1.00975517E+00 1.00528692E+00 1.00000000E+00
1.16069877E+00 1.16068994E+00 1.16068473E+00 1.16068209E+00 1.16068097E+00 1.16068054E+00 1.16068086E+00 1.16068186E+00 1.16068342E+00 1.16068527E+00 1.16068726E+00 1.16068924E+00 1.16069121E+00 1.16069311E+00 1.16069496E+00 1.16069671E+00 1.16069840E+00 1.16070003E+00 1.16070163E+00 1.16070324E+00 1.16070487E+00 1.16070659E+00 1.16070842E+00 1.16071042E+00 1.16071263E+00 1.16071509E+00 1.16071785E+00 1.16072100E+00 1.16072456E+00 1.16072861E+00 1.16073319E+00 1.16073842E+00 1.16074435E+00 1.16075107E+00 1.16075862E+00 1.16076715E+00 1.16077671E+00 1.16078739E+00 1.16079928E+00 1.16081254E+00 1.16082723E+00 1.16084345E+00 1.16086126E+00 1.16088078E+00 1.16090208E+00 1.16092524E+00 1.16095023E+00 1.16097709E+00 1.16100587E+00 1.16103649E+00 1.16106875E+00 1.16110227E+00 1.16113707E+00 1.16117311E+00 1.16120979E+00 1.16124614E+00 1.16128150E+00 1.16131452E+00 1.16134453E+00 1.16136990E+00 1.16138914E+00 1.16139922E+00 1.16139891E+00 1.16138597E+00 1.16135717E+00 1.16130703E+00 1.16123230E+00 1.16112591E+00 1.16098354E+00 1.16079658E+00 1.16055854E+00 1.16025973E+00 1.15989467E+00 1.15944910E+00 1.15891218E+00 1.15826536E+00 1.15749671E+00 1.15658424E+00 1.15552152E+00 1.15428854E+00 1.15285541E+00 1.15118488E+00 1.14927027E+00 1.14708299E+00 1.14459066E+00 1.14177622E+00 1.13860607E+00 1.13538908E+00 1.13180246E+00 1.12828475E+00 1.12445394E+00 1.12078629E+00 1.11683277E+00 1.11308784E+00 1.10906474E+00 1.10524737E+00 1.10123329E+00 1.09751464E+00 1.09359457E+00 1.08994706E+00 1.08615624E+00 1.08268649E+00 1.07907221E+00 1.07574149E+00 1.07228895E+00 1.06913512E+00 1.06589917E+00 1.06297085E+00 1.05996124E+00 1.05700780E+00 1.05396346E+00 1.05083423E+00 1.04764449E+00 1.04438815E+00 1.04102172E+00 1.03754893E+00 1.03401544E+00 1.03040438E+00 1.02662548E+00 1.02269745E+00 1.01875300E+00 1.01481674E+00 1.01066082E+00 1.00574639E+00 1.00000000E+00
1.12323810E+00 1.12323864E+00 1.12323550E+00 1.12323191E+00 1.12322934E+00 1.12322854E+00 1.12322860E+00 1.12322861E+00 1.12322838E+00 1.12322795E+00 1.12322756E+00 1.12322740E+00 1.12322742E+00 1.12322755E+00 1.12322777E+00 1.12322807E+00 1.12322846E+00 1.12322897E+00 1.12322960E+00 1.12323036E+00 1.12323126E+00 1.12323231E+00 1.12323351E+00 1.12323491E+00 1.12323649E+00 1.12323829E+00 1.12324032E+00 1.12324261E+00 1.12324516E+00 1.12324801E+00 1.12325117E+00 1.12325467E+00 1.12325852E+00 1.12326274E+00 1.12326734E+00 1.12327233E+00 1.12327772E+00 1.12328350E+00 1.12328965E+00 1.12329616E+00 1.12330299E+00 1.12331007E+00 1.12331733E+00 1.12332467E+00 1.12333196E+00 1.12333901E+00 1.12334565E+00 1.12335155E+00 1.12335648E+00 1.12335995E+00 1.12336162E+00 1.12336079E+00 1.12335693E+00 1.12334913E+00 1.12333665E+00 1.12331818E+00 1.12329278E+00 1.12325867E+00 1.12321455E+00 1.12315809E+00 1.12308762E+00 1.12300003E+00 1.12289316E+00 1.12276311E+00 1.12260708E+00 1.12242000E+00 1.12219847E+00 1.12193614E+00 1.12162861E+00 1.12126817E+00 1.12084951E+00 1.12036308E+00 1.11980252E+00 1.11915633E+00 1.11841711E+00 1.11757100E+00 1.11660954E+00 1.11551621E+00 1.11428029E+00 1.11288476E+00 1.11131790E+00 1.10955741E+00 1.10759044E+00 1.10539475E+00 1.10295533E+00 1.10027037E+00 1.09730525E+00 1.09435331E+00 1.09113993E+00 1.08806063E+00 1.08474925E+00 1.08161761E+00 1.07828942E+00 1.07517498E+00 1.07189399E+00 1.06884539E+00 1.06566082E+00 1.06272932E+00 1.05968597E+00 1.05689954E+00 1.05402307E+00 1.05140373E+00 1.04871366E+00 1.04627514E+00 1.04378213E+00 1.04153222E+00 1.03923801E+00 1.03717218E+00 1.03507402E+00 1.03304647E+00 1.03099220E+00 1.02891002E+00 1.02680069E+00 1.02467014E+00 1.02251935E+00 1.02034731E+00 1.01816114E+00 1.01597911E+00 1.01379334E+00 1.01158710E+00 1.00940745E+00 1.00740720E+00 1.00550913E+00 1.00312010E+00 1.00000000E+00
1.12269627E+00 1.12269570E+00 1.12269939E+00 1.12270240E+00 1.12270360E+00 1.12270254E+00 1.12270056E+00 1.12269892E+00 1.12269790E+00 1.12269753E+00 1.12269745E+00 1.12269736E+00 1.12269725E+00 1.12269715E+00 1.12269716E+00 1.12269733E+00 1.12269765E+00 1.12269808E+00 1.12269862E+00 1.12269929E+00 1.12270010E+00 1.12270106E+00 1.12270219E+00 1.12270350E+00 1.12270500E+00 1.12270671E+00 1.12270865E+00 1.12271085E+00 1.12271332E+00 1.12271608E+00 1.12271916E+00 1.12272258E+00 1.12272637E+00 1.12273053E+00 1.12273509E+00 1.12274007E+00 1.12274548E+00 1.12275131E+00 1.12275756E+00 1.12276423E+00 1.12277128E+00 1.12277867E+00 1.12278635E+00 1.12279424E+00 1.12280222E+00 1.12281014E+00 1.12281784E+00 1.12282504E+00 1.12283154E+00 1.12283691E+00 1.12284084E+00 1.12284270E+00 1.12284199E+00 1.12283788E+00 1.12282972E+00 1.12281629E+00 1.12279672E+00 1.12276935E+00 1.12273295E+00 1.12268533E+00 1.12262492E+00 1.12254874E+00 1.12245472E+00 1.12233920E+00 1.12219950E+00 1.12203072E+00 1.12182965E+00 1.12159008E+00 1.12130769E+00 1.12097492E+00 1.12058665E+00 1.12013359E+00 1.11960947E+00 1.11900272E+00 1.11830620E+00 1.11750619E+00 1.11659444E+00 1.11555406E+00 1.11437405E+00 1.11303760E+00 1.11153332E+00 1.10983806E+00 1.10793876E+00 1.10581323E+00 1.10344678E+00 1.10083604E+00 1.09794654E+00 1.09506245E+00 1.09191787E+00 1.08889910E+00 1.08564759E+00 1.08256765E+00 1.07929204E+00 1.07622616E+00 1.07299073E+00 1.06997584E+00 1.06682596E+00 1.06392821E+00 1.06091721E+00 1.05815723E+00 1.05530727E+00 1.05271213E+00 1.05004520E+00 1.04762603E+00 1.04515107E+00 1.04291536E+00 1.04063504E+00 1.03858312E+00 1.03649772E+00 1.03448139E+00 1.03243360E+00 1.03035365E+00 1.02824810E+00 1.02612285E+00 1.02396662E+00 1.02178048E+00 1.01958075E+00 1.01737815E+00 1.01513245E+00 1.01283522E+00 1.01056051E+00 1.00841016E+00 1.00624595E+00 1.00349977E+00 1.00000000E+00
1.12994687E+00 1.12994485E+00 1.12994414E+00 1.12994290E+00 1.12994125E+00 1.12993945E+00 1.12993777E+00 1.12993631E+00 1.12993499E+00 1.12993387E+00 1.12993302E+00 1.12993246E+00 1.12993213E+00 1.12993193E+00 1.12993184E+00 1.12993185E+00 1.12993201E+00 1.12993232E+00 1.12993279E+00 1.12993341E+00 1.12993418E+00 1.12993511E+00 1.12993623E+00 1.12993754E+00 1.12993907E+00 1.12994082E+00 1.12994283E+00 1.12994512E+00 1.12994770E+00 1.12995060E+00 1.12995385E+00 1.12995749E+00 1.12996153E+00 1.12996600E+00 1.12997093E+00 1.12997634E+00 1.12998225E+00 1.12998868E+00 1.12999562E+00 1.13000310E+00 1.13001109E+00 1.13001956E+00 1.13002848E+00 1.13003780E+00 1.13004743E+00 1.13005722E+00 1.13006705E+00 1.13007670E+00 1.13008596E+00 1.13009446E+00 1.13010194E+00 1.13010779E+00 1.13011155E+00 1.13011248E+00 1.13010995E+00 1.13010283E+00 1.13009027E+00 1.13007068E+00 1.13004288E+00 1.13000473E+00 1.12995473E+00 1.12988990E+00 1.12980824E+00 1.12970622E+00 1.12958118E+00 1.12942819E+00 1.12924411E+00 1.12902262E+00 1.12875935E+00 1.12844664E+00 1.12807933E+00 1.12764804E+00 1.12714641E+00 1.12656242E+00 1.12588882E+00 1.12511136E+00 1.12422142E+00 1.12320118E+00 1.12203945E+00 1.12071900E+00 1.11922727E+00 1.11753919E+00 1.11564153E+00 1.11351106E+00 1.11113117E+00 1.10849610E+00 1.10557041E+00 1.10264096E+00 1.09943593E+00 1.09634810E+00 1.09301411E+00 1.08984893E+00 1.08647427E+00 1.08330846E+00 1.07995393E+00 1.07681587E+00 1.07353424E+00 1.07051046E+00 1.06735716E+00 1.06445645E+00 1.06145569E+00 1.05871904E+00 1.05589656E+00 1.05332674E+00 1.05068793E+00 1.04829592E+00 1.04585127E+00 1.04364732E+00 1.04139893E+00 1.03921523E+00 1.03698606E+00 1.03471237E+00 1.03240485E+00 1.03006555E+00 1.02767469E+00 1.02523470E+00 1.02276764E+00 1.02027651E+00 1.01770817E+00 1.01505827E+00 1.01241048E+00 1.00984759E+00 1.00722022E+00 1.00398424E+00 1.00000000E+00
1.13964189E+00 1.13963903E+00 1.13963297E+00 1.13962623E+00 1.13962018E+00 1.13961562E+00 1.13961190E+00 1.13960852E+00 1.13960546E+00 1.13960294E+00 1.13960106E+00 1.13959978E+00 1.13959893E+00 1.13959832E+00 1.13959794E+00 1.13959780E+00 1.13959789E+00 1.13959819E+00 1.13959869E+00 1.13959935E+00 1.13960019E+00 1.13960122E+00 1.13960246E+00 1.13960391E+00 1.13960559E+00 1.13960753E+00 1.13960975E+00 1.13961228E+00 1.13961515E+00 1.13961839E+00 1.13962203E+00 1.13962612E+00 1.13963070E+00 1.13963579E+00 1.13964143E+00 1.13964767E+00 1.13965454E+00 1.13966207E+00 1.13967028E+00 1.13967920E+00 1.13968884E+00 1.13969919E+00 1.13971025E+00 1.13972199E+00 1.13973436E+00 1.13974724E+00 1.13976055E+00 1.13977409E+00 1.13978771E+00 1.13980109E+00 1.13981399E+00 1.13982586E+00 1.13983626E+00 1.13984456E+00 1.13985017E+00 1.13985197E+00 1.13984916E+00 1.13984018E+00 1.13982387E+00 1.13979813E+00 1.13976148E+00 1.13971089E+00 1.13964440E+00 1.13955858E+00 1.13945067E+00 1.13931556E+00 1.13915003E+00 1.13894752E+00 1.13870350E+00 1.13841001E+00 1.13806161E+00 1.13764855E+00 1.13716430E+00 1.13659608E+00 1.13593610E+00 1.13516900E+00 1.13428536E+00 1.13326605E+00 1.13210001E+00 1.13076893E+00 1.12925735E+00 1.12753772E+00 1.12559700E+00 1.12340983E+00 1.12095626E+00 1.11822819E+00 1.11518885E+00 1.11213603E+00 1.10878248E+00 1.10553935E+00 1.10203006E+00 1.09869121E+00 1.09512060E+00 1.09176192E+00 1.08819151E+00 1.08484158E+00 1.08133305E+00 1.07809351E+00 1.07470506E+00 1.07157891E+00 1.06833977E+00 1.06538123E+00 1.06232094E+00 1.05952601E+00 1.05664824E+00 1.05403351E+00 1.05135753E+00 1.04894129E+00 1.04647029E+00 1.04406333E+00 1.04159929E+00 1.03908047E+00 1.03652004E+00 1.03391758E+00 1.03124884E+00 1.02851713E+00 1.02574815E+00 1.02294119E+00 1.02003763E+00 1.01703527E+00 1.01402284E+00 1.01107743E+00 1.00804712E+00 1.00439669E+00 1.00000000E+00
1.14980796E+00 1.14979745E+00 1.14978825E+00 1.14978005E+00 1.14977239E+00 1.14976538E+00 1.14975940E+00 1.14975473E+00 1.14975122E+00 1.14974855E+00 1.14974654E+00 1.14974506E+00 1.14974409E+00 1.14974355E+00 1.14974339E+00 1.14974352E+00 1.14974389E+00 1.14974447E+00 1.14974526E+00 1.14974623E+00 1.14974739E+00 1.14974874E+00 1.14975031E+00 1.14975210E+00 1.14975414E+00 1.14975647E+00 1.14975911E+00 1.14976210E+00 1.14976548E+00 1.14976930E+00 1.14977360E+00 1.14977845E+00 1.14978388E+00 1.14978996E+00 1.14979673E+00 1.14980426E+00 1.14981261E+00 1.14982181E+00 1.14983193E+00 1.14984303E+00 1.14985514E+00 1.14986829E+00 1.14988251E+00 1.14989780E+00 1.14991415E+00 1.14993151E+00 1.14994979E+00 1.14996889E+00 1.14998868E+00 1.15000891E+00 1.15002936E+00 1.15004951E+00 1.15006901E+00 1.15008734E+00 1.15010389E+00 1.15011755E+00 1.15012754E+00 1.15013228E+00 1.15013065E+00 1.15012058E+00 1.15010053E+00 1.15006735E+00 1.15001913E+00 1.14995249E+00 1.14986442E+00 1.14974946E+00 1.14960424E+00 1.14942172E+00 1.14919721E+00 1.14892224E+00 1.14859081E+00 1.14819263E+00 1.14772087E+00 1.14716178E+00 1.14650660E+00 1.14573851E+00 1.14484709E+00 1.14381169E+00 1.14262141E+00 1.14125636E+00 1.13969737E+00 1.13791431E+00 1.13589456E+00 1.13361028E+00 1.13103784E+00 1.12816743E+00 1.12496069E+00 1.12173210E+00 1.11817389E+00 1.11472310E+00 1.11098390E+00 1.10742110E+00 1.10360225E+00 1.10000302E+00 1.09617032E+00 1.09256849E+00 1.08879169E+00 1.08529971E+00 1.08164137E+00 1.07826093E+00 1.07475569E+00 1.07155178E+00 1.06823263E+00 1.06519633E+00 1.06206587E+00 1.05921869E+00 1.05630339E+00 1.05366936E+00 1.05097290E+00 1.04834287E+00 1.04564749E+00 1.04289011E+00 1.04008553E+00 1.03723195E+00 1.03430245E+00 1.03130094E+00 1.02825572E+00 1.02516422E+00 1.02196508E+00 1.01865733E+00 1.01533302E+00 1.01206779E+00 1.00870962E+00 1.00472698E+00 1.00000000E+00
1.15976813E+00 1.15975489E+00 1.15974165E+00 1.15972847E+00 1.15971583E+00 1.15970466E+00 1.15969525E+00 1.15968766E+00 1.15968159E+00 1.15967671E+00 1.15967295E+00 1.15967017E+00 1.15966831E+00 1.15966718E+00 1.15966669E+00 1.15966667E+00 1.15966708E+00 1.15966783E+00 1.15966890E+00 1.15967024E+00 1.15967184E+00 1.15967368E+00 1.15967578E+00 1.15967815E+00 1.15968082E+00 1.15968381E+00 1.15968716E+00 1.15969094E+00 1.15969518E+00 1.15969995E+00 1.15970529E+00 1.15971131E+00 1.15971806E+00 1.15972562E+00 1.15973406E+00 1.15974349E+00 1.15975396E+00 1.15976558E+00 1.15977842E+00 1.15979259E+00 1.15980816E+00 1.15982520E+00 1.15984375E+00 1.15986390E+00 1.15988565E+00 1.15990902E+00 1.15993397E+00 1.15996045E+00 1.15998838E+00 1.16001757E+00 1.16004780E+00 1.16007858E+00 1.16010967E+00 1.16014068E+00 1.16017093E+00 1.16019925E+00 1.16022488E+00 1.16024615E+00 1.16026203E+00 1.16027040E+00 1.16026958E+00 1.16025629E+00 1.16022857E+00 1.16018301E+00 1.16011623E+00 1.16002228E+00 1.15989753E+00 1.15973432E+00 1.15952770E+00 1.15926857E+00 1.15895017E+00 1.15856145E+00 1.15809523E+00 1.15753664E+00 1.15687569E+00 1.15609396E+00 1.15517992E+00 1.15411141E+00 1.15287758E+00 1.15145672E+00 1.14982596E+00 1.14795261E+00 1.14582467E+00 1.14341195E+00 1.14068736E+00 1.13764007E+00 1.13423012E+00 1.13079258E+00 1.12699648E+00 1.12330910E+00 1.11931148E+00 1.11550032E+00 1.11141026E+00 1.10755170E+00 1.10344073E+00 1.09957556E+00 1.09552051E+00 1.09176921E+00 1.08783724E+00 1.08420212E+00 1.08043259E+00 1.07698693E+00 1.07341555E+00 1.07014650E+00 1.06677463E+00 1.06370731E+00 1.06056682E+00 1.05772921E+00 1.05482373E+00 1.05198867E+00 1.04908254E+00 1.04610945E+00 1.04308545E+00 1.04000795E+00 1.03684822E+00 1.03361060E+00 1.03032539E+00 1.02698914E+00 1.02353881E+00 1.01997430E+00 1.01639006E+00 1.01286182E+00 1.00923831E+00 1.00498994E+00 1.00000000E+00
1.12594722E+00 1.12594876E+00 1.12594633E+00 1.12594298E+00 1.12594041E+00 1.12593962E+00 1.12593975E+00 1.12593991E+00 1.12593983E+00 1.12593948E+00 1.12593916E+00 1.12593904E+00 1.12593912E+00 1.12593931E+00 1.12593958E+00 1.12593992E+00 1.12594036E+00 1.12594092E+00 1.12594160E+00 1.12594240E+00 1.12594335E+00 1.12594445E+00 1.12594572E+00 1.12594717E+00 1.12594881E+00 1.12595068E+00 1.12595278E+00 1.12595514E+00 1.12595777E+00 1.12596070E+00 1.12596395E+00 1.12596754E+00 1.12597149E+00 1.12597580E+00 1.12598050E+00 1.12598559E+00 1.12599107E+00 1.12599694E+00 1.12600319E+00 1.12600978E+00 1.12601667E+00 1.12602380E+00 1.12603110E+00 1.12603844E+00 1.12604571E+00 1.12605269E+00 1.12605920E+00 1.12606493E+00 1.12606961E+00 1.12607274E+00 1.12607398E+00 1.12607258E+00 1.12606803E+00 1.12605937E+00 1.12604586E+00 1.12602615E+00 1.12599925E+00 1.12596337E+00 1.12591718E+00 1.12585830E+00 1.12578501E+00 1.12569417E+00 1.12558356E+00 1.12544924E+00 1.12528834E+00 1.12509571E+00 1.12486791E+00 1.12459850E+00 1.12428305E+00 1.12391376E+00 1.12348526E+00 1.12298790E+00 1.12241520E+00 1.12175567E+00 1.12100179E+00 1.12013959E+00 1.11916051E+00 1.11804799E+00 1.11679138E+00 1.11537347E+00 1.11378227E+00 1.11199563E+00 1.11000074E+00 1.10777515E+00 1.10530366E+00 1.10258464E+00 1.09958300E+00 1.09659636E+00 1.09334578E+00 1.09023148E+00 1.08688328E+00 1.08371782E+00 1.08035363E+00 1.07720453E+00 1.07388655E+00 1.07080496E+00 1.06758578E+00 1.06462086E+00 1.06154180E+00 1.05872179E+00 1.05580952E+00 1.05315678E+00 1.05043104E+00 1.04795889E+00 1.04542960E+00 1.04314511E+00 1.04081427E+00 1.03871427E+00 1.03657965E+00 1.03451431E+00 1.03241911E+00 1.03029320E+00 1.02813696E+00 1.02595456E+00 1.02374691E+00 1.02151318E+00 1.01925751E+00 1.01699325E+00 1.01471668E+00 1.01241106E+00 1.01010582E+00 1.00793522E+00 1.00585865E+00 1.00329877E+00 1.00000000E+00
1.12604904E+00 1.12605095E+00 1.12605771E+00 1.12606250E+00 1.12606412E+00 1.12606252E+00 1.12605985E+00 1.12605807E+00 1.12605733E+00 1.12605737E+00 1.12605758E+00 1.12605756E+00 1.12605743E+00 1.12605734E+00 1.12605741E+00 1.12605767E+00 1.12605806E+00 1.12605856E+00 1.12605917E+00 1.12605991E+00 1.12606079E+00 1.12606184E+00 1.12606305E+00 1.12606445E+00 1.12606605E+00 1.12606787E+00 1.12606992E+00 1.12607224E+00 1.12607483E+00 1.12607773E+00 1.12608094E+00 1.12608451E+00 1.12608844E+00 1.12609275E+00 1.12609745E+00 1.12610257E+00 1.12610811E+00 1.12611406E+00 1.12612042E+00 1.12612716E+00 1.12613426E+00 1.12614165E+00 1.12614928E+00 1.12615704E+00 1.12616483E+00 1.12617244E+00 1.12617971E+00 1.12618635E+00 1.12619212E+00 1.12619655E+00 1.12619930E+00 1.12619971E+00 1.12619724E+00 1.12619101E+00 1.12618031E+00 1.12616385E+00 1.12614070E+00 1.12610911E+00 1.12606781E+00 1.12601448E+00 1.12594748E+00 1.12586372E+00 1.12576106E+00 1.12563567E+00 1.12548474E+00 1.12530324E+00 1.12508780E+00 1.12483205E+00 1.12453161E+00 1.12417875E+00 1.12376821E+00 1.12329042E+00 1.12273895E+00 1.12210226E+00 1.12137296E+00 1.12053708E+00 1.11958616E+00 1.11850339E+00 1.11727792E+00 1.11589258E+00 1.11433558E+00 1.11258424E+00 1.11062561E+00 1.10843721E+00 1.10600390E+00 1.10332309E+00 1.10035974E+00 1.09740681E+00 1.09419001E+00 1.09110490E+00 1.08778511E+00 1.08464379E+00 1.08130363E+00 1.07817614E+00 1.07487792E+00 1.07181046E+00 1.06860584E+00 1.06565491E+00 1.06258872E+00 1.05977883E+00 1.05687638E+00 1.05423238E+00 1.05151454E+00 1.04904852E+00 1.04652433E+00 1.04424311E+00 1.04191493E+00 1.03981772E+00 1.03768460E+00 1.03561978E+00 1.03352185E+00 1.03139031E+00 1.02922842E+00 1.02704007E+00 1.02481900E+00 1.02256561E+00 1.02028831E+00 1.01799690E+00 1.01566775E+00 1.01328647E+00 1.01089740E+00 1.00860969E+00 1.00634855E+00 1.00354985E+00 1.00000000E+00
1.13133806E+00 1.13134144E+00 1.13134730E+00 1.13135071E+00 1.13135128E+00 1.13134949E+00 1.13134704E+00 1.13134541E+00 1.13134459E+00 1.13134436E+00 1.13134428E+00 1.13134407E+00 1.13134382E+00 1.13134366E+00 1.13134366E+00 1.13134385E+00 1.13134418E+00 1.13134463E+00 1.13134521E+00 1.13134593E+00 1.13134680E+00 1.13134785E+00 1.13134908E+00 1.13135051E+00 1.13135215E+00 1.13135403E+00 1.13135616E+00 1.13135857E+00 1.13136128E+00 1.13136432E+00 1.13136770E+00 1.13137147E+00 1.13137563E+00 1.13138022E+00 1.13138525E+00 1.13139074E+00 1.13139672E+00 1.13140317E+00 1.13141010E+00 1.13141751E+00 1.13142537E+00 1.13143363E+00 1.13144225E+00 1.13145114E+00 1.13146020E+00 1.13146926E+00 1.13147817E+00 1.13148665E+00 1.13149448E+00 1.13150123E+00 1.13150659E+00 1.13150989E+00 1.13151063E+00 1.13150797E+00 1.13150124E+00 1.13148915E+00 1.13147081E+00 1.13144450E+00 1.13140895E+00 1.13136188E+00 1.13130166E+00 1.13122521E+00 1.13113039E+00 1.13101342E+00 1.13087148E+00 1.13069946E+00 1.13049401E+00 1.13024866E+00 1.12995895E+00 1.12961703E+00 1.12921754E+00 1.12875079E+00 1.12821018E+00 1.12758382E+00 1.12686421E+00 1.12603690E+00 1.12509314E+00 1.12401547E+00 1.12279272E+00 1.12140726E+00 1.11984660E+00 1.11808682E+00 1.11611463E+00 1.11390658E+00 1.11144628E+00 1.10872979E+00 1.10572100E+00 1.10271681E+00 1.09943756E+00 1.09628597E+00 1.09288931E+00 1.08967043E+00 1.08624202E+00 1.08302712E+00 1.07962887E+00 1.07646127E+00 1.07314941E+00 1.07009586E+00 1.06691612E+00 1.06399609E+00 1.06097600E+00 1.05822164E+00 1.05538406E+00 1.05280390E+00 1.05015700E+00 1.04775990E+00 1.04531028E+00 1.04310087E+00 1.04084847E+00 1.03866297E+00 1.03643587E+00 1.03416751E+00 1.03186353E+00 1.02952585E+00 1.02714327E+00 1.02471718E+00 1.02225922E+00 1.01977561E+00 1.01723485E+00 1.01462536E+00 1.01199817E+00 1.00945291E+00 1.00691180E+00 1.00382694E+00 1.00000000E+00
1.13825991E+00 1.13826540E+00 1.13826704E+00 1.13826538E+00 1.13826218E+00 1.13825927E+00 1.13825698E+00 1.13825545E+00 1.13825428E+00 1.13825318E+00 1.13825215E+00 1.13825127E+00 1.13825062E+00 1.13825024E+00 1.13825008E+00 1.13825011E+00 1.13825031E+00 1.13825068E+00 1.13825122E+00 1.13825195E+00 1.13825286E+00 1.13825396E+00 1.13825527E+00 1.13825680E+00 1.13825858E+00 1.13826061E+00 1.13826294E+00 1.13826558E+00 1.13826855E+00 1.13827191E+00 1.13827565E+00 1.13827984E+00 1.13828450E+00 1.13828965E+00 1.13829532E+00 1.13830157E+00 1.13830839E+00 1.13831581E+00 1.13832384E+00 1.13833250E+00 1.13834177E+00 1.13835163E+00 1.13836205E+00 1.13837295E+00 1.13838427E+00 1.13839585E+00 1.13840756E+00 1.13841915E+00 1.13843043E+00 1.13844100E+00 1.13845055E+00 1.13845844E+00 1.13846420E+00 1.13846704E+00 1.13846628E+00 1.13846065E+00 1.13844926E+00 1.13843038E+00 1.13840275E+00 1.13836406E+00 1.13831269E+00 1.13824546E+00 1.13816022E+00 1.13805316E+00 1.13792137E+00 1.13775952E+00 1.13756420E+00 1.13732863E+00 1.13704819E+00 1.13671473E+00 1.13632262E+00 1.13586176E+00 1.13532531E+00 1.13470070E+00 1.13398004E+00 1.13314798E+00 1.13219523E+00 1.13110329E+00 1.12986071E+00 1.12844892E+00 1.12685374E+00 1.12504965E+00 1.12302305E+00 1.12074884E+00 1.11820865E+00 1.11539736E+00 1.11227736E+00 1.10915656E+00 1.10574252E+00 1.10245486E+00 1.09890716E+00 1.09554100E+00 1.09194961E+00 1.08857729E+00 1.08500687E+00 1.08167362E+00 1.07818579E+00 1.07496654E+00 1.07160917E+00 1.06852158E+00 1.06532582E+00 1.06240915E+00 1.05939983E+00 1.05665967E+00 1.05384495E+00 1.05129303E+00 1.04868379E+00 1.04632885E+00 1.04392526E+00 1.04159005E+00 1.03920707E+00 1.03677750E+00 1.03430853E+00 1.03180082E+00 1.02924063E+00 1.02663021E+00 1.02398338E+00 1.02130463E+00 1.01855921E+00 1.01573779E+00 1.01289496E+00 1.01012695E+00 1.00735757E+00 1.00404661E+00 1.00000000E+00
1.14547689E+00 1.14547222E+00 1.14546751E+00 1.14546344E+00 1.14545974E+00 1.14545629E+00 1.14545307E+00 1.14545019E+00 1.14544772E+00 1.14544574E+00 1.14544419E+00 1.14544302E+00 1.14544218E+00 1.14544163E+00 1.14544135E+00 1.14544131E+00 1.14544152E+00 1.14544194E+00 1.14544257E+00 1.14544341E+00 1.14544447E+00 1.14544576E+00 1.14544728E+00 1.14544906E+00 1.14545112E+00 1.14545348E+00 1.14545618E+00 1.14545925E+00 1.14546272E+00 1.14546663E+00 1.14547102E+00 1.14547595E+00 1.14548143E+00 1.14548754E+00 1.14549430E+00 1.14550177E+00 1.14550997E+00 1.14551896E+00 1.14552876E+00 1.14553940E+00 1.14555089E+00 1.14556323E+00 1.14557641E+00 1.14559039E+00 1.14560511E+00 1.14562045E+00 1.14563630E+00 1.14565245E+00 1.14566871E+00 1.14568471E+00 1.14570015E+00 1.14571442E+00 1.14572704E+00 1.14573729E+00 1.14574445E+00 1.14574722E+00 1.14574470E+00 1.14573510E+00 1.14571712E+00 1.14568841E+00 1.14564727E+00 1.14559036E+00 1.14551546E+00 1.14541868E+00 1.14529686E+00 1.14514434E+00 1.14495752E+00 1.14472918E+00 1.14445446E+00 1.14412471E+00 1.14373387E+00 1.14327125E+00 1.14272966E+00 1.14209570E+00 1.14136080E+00 1.14050855E+00 1.13952893E+00 1.13840229E+00 1.13711692E+00 1.13565308E+00 1.13399456E+00 1.13211422E+00 1.12999841E+00 1.12762033E+00 1.12495959E+00 1.12201071E+00 1.11873449E+00 1.11545473E+00 1.11186216E+00 1.10839914E+00 1.10466097E+00 1.10111278E+00 1.09732400E+00 1.09376444E+00 1.08999399E+00 1.08647227E+00 1.08278646E+00 1.07938344E+00 1.07583268E+00 1.07256577E+00 1.06918438E+00 1.06609825E+00 1.06291241E+00 1.06001016E+00 1.05702776E+00 1.05432321E+00 1.05155821E+00 1.04906267E+00 1.04651481E+00 1.04403850E+00 1.04151059E+00 1.03893297E+00 1.03631388E+00 1.03365327E+00 1.03093588E+00 1.02816467E+00 1.02535504E+00 1.02251054E+00 1.01959484E+00 1.01660029E+00 1.01358365E+00 1.01063977E+00 1.00769480E+00 1.00421268E+00 1.00000000E+00
1.15249733E+00 1.15249039E+00 1.15248318E+00 1.15247602E+00 1.15246898E+00 1.15246236E+00 1.15245630E+00 1.15245101E+00 1.15244649E+00 1.15244271E+00 1.15243961E+00 1.15243713E+00 1.15243523E+00 1.15243383E+00 1.15243291E+00 1.15243241E+00 1.15243229E+00 1.15243251E+00 1.15243307E+00 1.15243394E+00 1.15243512E+00 1.15243661E+00 1.15243842E+00 1.15244057E+00 1.15244307E+00 1.15244596E+00 1.15244926E+00 1.15245303E+00 1.15245729E+00 1.15246211E+00 1.15246753E+00 1.15247361E+00 1.15248040E+00 1.15248798E+00 1.15249638E+00 1.15250570E+00 1.15251596E+00 1.15252725E+00 1.15253960E+00 1.15255308E+00 1.15256771E+00 1.15258352E+00 1.15260052E+00 1.15261868E+00 1.15263798E+00 1.15265832E+00 1.15267959E+00 1.15270162E+00 1.15272422E+00 1.15274706E+00 1.15276980E+00 1.15279180E+00 1.15281264E+00 1.15283159E+00 1.15284788E+00 1.15286010E+00 1.15286732E+00 1.15286762E+00 1.15285968E+00 1.15284099E+00 1.15280972E+00 1.15276231E+00 1.15269641E+00 1.15260792E+00 1.15249338E+00 1.15234667E+00 1.15216392E+00 1.15193736E+00 1.15166184E+00 1.15132811E+00 1.15092955E+00 1.15045481E+00 1.14989627E+00 1.14923970E+00 1.14847573E+00 1.14758688E+00 1.14656238E+00 1.14538151E+00 1.14403239E+00 1.14249410E+00 1.14074853E+00 1.13876716E+00 1.13653650E+00 1.13402841E+00 1.13122084E+00 1.12810860E+00 1.12465110E+00 1.12119078E+00 1.11739966E+00 1.11374538E+00 1.10980277E+00 1.10606218E+00 1.10206800E+00 1.09831632E+00 1.09434376E+00 1.09063436E+00 1.08675336E+00 1.08317115E+00 1.07943419E+00 1.07599664E+00 1.07244027E+00 1.06919583E+00 1.06584684E+00 1.06279623E+00 1.05966177E+00 1.05682005E+00 1.05391603E+00 1.05129590E+00 1.04862125E+00 1.04602192E+00 1.04336870E+00 1.04066408E+00 1.03791709E+00 1.03512720E+00 1.03227816E+00 1.02937353E+00 1.02642985E+00 1.02345015E+00 1.02039723E+00 1.01726472E+00 1.01411084E+00 1.01102977E+00 1.00794998E+00 1.00433805E+00 1.00000000E+00
1.12867495E+00 1.12867759E+00 1.12867603E+00 1.12867303E+00 1.12867052E+00 1.12866975E+00 1.12866996E+00 1.12867027E+00 1.12867034E+00 1.12867012E+00 1.12866987E+00 1.12866982E+00 1.12866995E+00 1.12867020E+00 1.12867053E+00 1.12867093E+00 1.12867142E+00 1.12867203E+00 1.12867276E+00 1.12867362E+00 1.12867462E+00 1.12867578E+00 1.12867710E+00 1.12867861E+00 1.12868032E+00 1.12868226E+00 1.12868443E+00 1.12868686E+00 1.12868958E+00 1.12869259E+00 1.12869593E+00 1.12869961E+00 1.12870365E+00 1.12870806E+00 1.12871285E+00 1.12871804E+00 1.12872362E+00 1.12872958E+00 1.12873591E+00 1.12874257E+00 1.12874953E+00 1.12875671E+00 1.12876403E+00 1.12877136E+00 1.12877859E+00 1.12878548E+00 1.12879186E+00 1.12879738E+00 1.12880178E+00 1.12880455E+00 1.12880531E+00 1.12880331E+00 1.12879801E+00 1.12878845E+00 1.12877385E+00 1.12875281E+00 1.12872436E+00 1.12868662E+00 1.12863827E+00 1.12857686E+00 1.12850064E+00 1.12840643E+00 1.12829196E+00 1.12815322E+00 1.12798728E+00 1.12778895E+00 1.12755470E+00 1.12727803E+00 1.12695447E+00 1.12657613E+00 1.12613756E+00 1.12562905E+00 1.12504399E+00 1.12437093E+00 1.12360214E+00 1.12272365E+00 1.12172672E+00 1.12059480E+00 1.11931735E+00 1.11787691E+00 1.11626120E+00 1.11444832E+00 1.11242546E+00 1.11016987E+00 1.10766619E+00 1.10491313E+00 1.10187503E+00 1.09885379E+00 1.09556592E+00 1.09241668E+00 1.08903174E+00 1.08583224E+00 1.08243174E+00 1.07924804E+00 1.07589303E+00 1.07277816E+00 1.06952376E+00 1.06652470E+00 1.06340923E+00 1.06055499E+00 1.05760609E+00 1.05491905E+00 1.05215638E+00 1.04964937E+00 1.04708233E+00 1.04476181E+00 1.04239285E+00 1.04025702E+00 1.03808393E+00 1.03597883E+00 1.03384043E+00 1.03166816E+00 1.02946213E+00 1.02722468E+00 1.02495629E+00 1.02265639E+00 1.02032657E+00 1.01797483E+00 1.01560021E+00 1.01319002E+00 1.01075541E+00 1.00840215E+00 1.00615704E+00 1.00346269E+00 1.00000000E+00
1.12885694E+00 1.12886132E+00 1.12886996E+00 1.12887530E+00 1.12887662E+00 1.12887459E+00 1.12887174E+00 1.12887021E+00 1.12886988E+00 1.12887022E+00 1.12887058E+00 1.12887059E+00 1.12887047E+00 1.12887046E+00 1.12887062E+00 1.12887097E+00 1.12887145E+00 1.12887202E+00 1.12887269E+00 1.12887351E+00 1.12887447E+00 1.12887559E+00 1.12887689E+00 1.12887838E+00 1.12888007E+00 1.12888199E+00 1.12888414E+00 1.12888657E+00 1.12888927E+00 1.12889228E+00 1.12889561E+00 1.12889929E+00 1.12890333E+00 1.12890775E+00 1.12891256E+00 1.12891777E+00 1.12892339E+00 1.12892939E+00 1.12893578E+00 1.12894252E+00 1.12894957E+00 1.12895686E+00 1.12896432E+00 1.12897183E+00 1.12897926E+00 1.12898641E+00 1.12899308E+00 1.12899896E+00 1.12900378E+00 1.12900703E+00 1.12900836E+00 1.12900703E+00 1.12900250E+00 1.12899382E+00 1.12898023E+00 1.12896036E+00 1.12893323E+00 1.12889701E+00 1.12885037E+00 1.12879089E+00 1.12871685E+00 1.12862507E+00 1.12851332E+00 1.12837761E+00 1.12821503E+00 1.12802043E+00 1.12779030E+00 1.12751815E+00 1.12719953E+00 1.12682656E+00 1.12639381E+00 1.12589161E+00 1.12531334E+00 1.12464752E+00 1.12388647E+00 1.12301618E+00 1.12202795E+00 1.12090513E+00 1.11963711E+00 1.11820640E+00 1.11660080E+00 1.11479821E+00 1.11278579E+00 1.11054072E+00 1.10804766E+00 1.10530500E+00 1.10227708E+00 1.09926452E+00 1.09598518E+00 1.09284308E+00 1.08946484E+00 1.08627084E+00 1.08287558E+00 1.07969641E+00 1.07634527E+00 1.07323278E+00 1.06998077E+00 1.06698396E+00 1.06387025E+00 1.06101709E+00 1.05806902E+00 1.05538257E+00 1.05262007E+00 1.05011280E+00 1.04754502E+00 1.04522331E+00 1.04285277E+00 1.04071548E+00 1.03854027E+00 1.03643269E+00 1.03429054E+00 1.03211334E+00 1.02990204E+00 1.02765879E+00 1.02538168E+00 1.02307057E+00 1.02072808E+00 1.01836125E+00 1.01596240E+00 1.01351949E+00 1.01104817E+00 1.00864653E+00 1.00633227E+00 1.00355246E+00 1.00000000E+00
1.13093123E+00 1.13093752E+00 1.13094655E+00 1.13095158E+00 1.13095249E+00 1.13095044E+00 1.13094781E+00 1.13094653E+00 1.13094634E+00 1.13094666E+00 1.13094693E+00 1.13094688E+00 1.13094673E+00 1.13094670E+00 1.13094686E+00 1.13094720E+00 1.13094766E+00 1.13094821E+00 1.13094888E+00 1.13094970E+00 1.13095066E+00 1.13095180E+00 1.13095311E+00 1.13095462E+00 1.13095633E+00 1.13095828E+00 1.13096048E+00 1.13096295E+00 1.13096571E+00 1.13096879E+00 1.13097221E+00 1.13097598E+00 1.13098014E+00 1.13098469E+00 1.13098965E+00 1.13099503E+00 1.13100085E+00 1.13100708E+00 1.13101373E+00 1.13102076E+00 1.13102815E+00 1.13103582E+00 1.13104372E+00 1.13105171E+00 1.13105969E+00 1.13106745E+00 1.13107481E+00 1.13108146E+00 1.13108712E+00 1.13109133E+00 1.13109371E+00 1.13109354E+00 1.13109028E+00 1.13108301E+00 1.13107096E+00 1.13105277E+00 1.13102747E+00 1.13099323E+00 1.13094870E+00 1.13089151E+00 1.13081990E+00 1.13073070E+00 1.13062167E+00 1.13048881E+00 1.13032923E+00 1.13013770E+00 1.12991072E+00 1.12964174E+00 1.12932626E+00 1.12895635E+00 1.12852653E+00 1.12802702E+00 1.12745115E+00 1.12678726E+00 1.12602763E+00 1.12515802E+00 1.12416962E+00 1.12304552E+00 1.12177493E+00 1.12034016E+00 1.11872874E+00 1.11691812E+00 1.11489528E+00 1.11263696E+00 1.11012739E+00 1.10736452E+00 1.10431218E+00 1.10127326E+00 1.09796300E+00 1.09478908E+00 1.09137476E+00 1.08814494E+00 1.08470956E+00 1.08149118E+00 1.07809620E+00 1.07494069E+00 1.07164274E+00 1.06860217E+00 1.06544072E+00 1.06254190E+00 1.05954532E+00 1.05681353E+00 1.05400234E+00 1.05144922E+00 1.04883261E+00 1.04646520E+00 1.04404698E+00 1.04186580E+00 1.03964426E+00 1.03749035E+00 1.03529908E+00 1.03307025E+00 1.03080558E+00 1.02850667E+00 1.02617002E+00 1.02379590E+00 1.02138798E+00 1.01895243E+00 1.01647890E+00 1.01395665E+00 1.01140383E+00 1.00891536E+00 1.00650940E+00 1.00363898E+00 1.00000000E+00
1.13358742E+00 1.13359867E+00 1.13360850E+00 1.13361254E+00 1.13361227E+00 1.13361011E+00 1.13360796E+00 1.13360715E+00 1.13360709E+00 1.13360711E+00 1.13360694E+00 1.13360654E+00 1.13360615E+00 1.13360598E+00 1.13360601E+00 1.13360622E+00 1.13360656E+00 1.13360703E+00 1.13360763E+00 1.13360841E+00 1.13360936E+00 1.13361050E+00 1.13361183E+00 1.13361337E+00 1.13361514E+00 1.13361716E+00 1.13361945E+00 1.13362204E+00 1.13362493E+00 1.13362817E+00 1.13363176E+00 1.13363575E+00 1.13364015E+00 1.13364498E+00 1.13365026E+00 1.13365601E+00 1.13366223E+00 1.13366893E+00 1.13367610E+00 1.13368372E+00 1.13369176E+00 1.13370017E+00 1.13370888E+00 1.13371778E+00 1.13372677E+00 1.13373564E+00 1.13374422E+00 1.13375221E+00 1.13375934E+00 1.13376514E+00 1.13376926E+00 1.13377096E+00 1.13376972E+00 1.13376462E+00 1.13375488E+00 1.13373915E+00 1.13371644E+00 1.13368491E+00 1.13364320E+00 1.13358890E+00 1.13352025E+00 1.13343403E+00 1.13332796E+00 1.13319802E+00 1.13304123E+00 1.13285228E+00 1.13262761E+00 1.13236052E+00 1.13204644E+00 1.13167726E+00 1.13124738E+00 1.13074683E+00 1.13016879E+00 1.12950134E+00 1.12873656E+00 1.12785986E+00 1.12686221E+00 1.12572626E+00 1.12444107E+00 1.12298856E+00 1.12135569E+00 1.11951935E+00 1.11746632E+00 1.11517275E+00 1.11262221E+00 1.10981243E+00 1.10670655E+00 1.10361287E+00 1.10024098E+00 1.09700633E+00 1.09352565E+00 1.09023209E+00 1.08672734E+00 1.08344301E+00 1.07997709E+00 1.07675439E+00 1.07338576E+00 1.07027931E+00 1.06704815E+00 1.06408443E+00 1.06102038E+00 1.05822675E+00 1.05535081E+00 1.05273811E+00 1.05005961E+00 1.04763559E+00 1.04515942E+00 1.04292575E+00 1.04065008E+00 1.03844311E+00 1.03619703E+00 1.03391197E+00 1.03159017E+00 1.02923288E+00 1.02683574E+00 1.02439947E+00 1.02192846E+00 1.01942845E+00 1.01688792E+00 1.01429723E+00 1.01167590E+00 1.00911733E+00 1.00664114E+00 1.00370346E+00 1.00000000E+00
1.13634840E+00 1.13635980E+00 1.13636463E+00 1.13636459E+00 1.13636244E+00 1.13636080E+00 1.13635973E+00 1.13635904E+00 1.13635820E+00 1.13635700E+00 1.13635567E+00 1.13635449E+00 1.13635357E+00 1.13635293E+00 1.13635252E+00 1.13635230E+00 1.13635227E+00 1.13635246E+00 1.13635286E+00 1.13635350E+00 1.13635435E+00 1.13635544E+00 1.13635677E+00 1.13635835E+00 1.13636020E+00 1.13636234E+00 1.13636479E+00 1.13636757E+00 1.13637071E+00 1.13637423E+00 1.13637815E+00 1.13638252E+00 1.13638734E+00 1.13639266E+00 1.13639848E+00 1.13640484E+00 1.13641174E+00 1.13641920E+00 1.13642721E+00 1.13643576E+00 1.13644483E+00 1.13645437E+00 1.13646431E+00 1.13647457E+00 1.13648502E+00 1.13649547E+00 1.13650577E+00 1.13651560E+00 1.13652471E+00 1.13653262E+00 1.13653897E+00 1.13654303E+00 1.13654425E+00 1.13654172E+00 1.13653465E+00 1.13652163E+00 1.13650167E+00 1.13647288E+00 1.13643387E+00 1.13638217E+00 1.13631598E+00 1.13623197E+00 1.13612782E+00 1.13599942E+00 1.13584370E+00 1.13565515E+00 1.13543013E+00 1.13516176E+00 1.13484530E+00 1.13447245E+00 1.13403743E+00 1.13352998E+00 1.13294315E+00 1.13226466E+00 1.13148636E+00 1.13059325E+00 1.12957605E+00 1.12841700E+00 1.12710501E+00 1.12562160E+00 1.12395313E+00 1.12207598E+00 1.11997689E+00 1.11763151E+00 1.11502282E+00 1.11214874E+00 1.10897176E+00 1.10580750E+00 1.10235835E+00 1.09904960E+00 1.09548982E+00 1.09212194E+00 1.08853800E+00 1.08517982E+00 1.08163626E+00 1.07834150E+00 1.07489813E+00 1.07172310E+00 1.06842069E+00 1.06539173E+00 1.06226078E+00 1.05940666E+00 1.05646833E+00 1.05379901E+00 1.05106248E+00 1.04858610E+00 1.04605690E+00 1.04377569E+00 1.04145158E+00 1.03919768E+00 1.03690375E+00 1.03457016E+00 1.03219955E+00 1.02979295E+00 1.02734549E+00 1.02485822E+00 1.02233605E+00 1.01978446E+00 1.01719135E+00 1.01454789E+00 1.01187441E+00 1.00926342E+00 1.00673597E+00 1.00374988E+00 1.00000000E+00
1.13902946E+00 1.13902744E+00 1.13902555E+00 1.13902343E+00 1.13902080E+00 1.13901777E+00 1.13901467E+00 1.13901185E+00 1.13900937E+00 1.13900725E+00 1.13900543E+00 1.13900390E+00 1.13900266E+00 1.13900173E+00 1.13900109E+00 1.13900074E+00 1.13900066E+00 1.13900084E+00 1.13900128E+00 1.13900198E+00 1.13900294E+00 1.13900417E+00 1.13900568E+00 1.13900748E+00 1.13900958E+00 1.13901201E+00 1.13901479E+00 1.13901794E+00 1.13902150E+00 1.13902549E+00 1.13902993E+00 1.13903488E+00 1.13904034E+00 1.13904637E+00 1.13905297E+00 1.13906018E+00 1.13906801E+00 1.13907648E+00 1.13908560E+00 1.13909534E+00 1.13910570E+00 1.13911663E+00 1.13912806E+00 1.13913990E+00 1.13915203E+00 1.13916427E+00 1.13917644E+00 1.13918823E+00 1.13919939E+00 1.13920941E+00 1.13921792E+00 1.13922415E+00 1.13922756E+00 1.13922720E+00 1.13922226E+00 1.13921125E+00 1.13919314E+00 1.13916597E+00 1.13912832E+00 1.13907762E+00 1.13901199E+00 1.13892799E+00 1.13882323E+00 1.13869346E+00 1.13853549E+00 1.13834360E+00 1.13811406E+00 1.13783974E+00 1.13751577E+00 1.13713363E+00 1.13668730E+00 1.13616631E+00 1.13556351E+00 1.13486633E+00 1.13406639E+00 1.13314833E+00 1.13210263E+00 1.13091120E+00 1.12956291E+00 1.12803894E+00 1.12632512E+00 1.12439750E+00 1.12224291E+00 1.11983665E+00 1.11716131E+00 1.11421530E+00 1.11096055E+00 1.10772070E+00 1.10419046E+00 1.10080542E+00 1.09716554E+00 1.09372360E+00 1.09006195E+00 1.08663234E+00 1.08301477E+00 1.07965230E+00 1.07613942E+00 1.07290137E+00 1.06953424E+00 1.06644670E+00 1.06325628E+00 1.06034886E+00 1.05735610E+00 1.05463785E+00 1.05185163E+00 1.04933080E+00 1.04675690E+00 1.04443590E+00 1.04207157E+00 1.03977898E+00 1.03744590E+00 1.03507293E+00 1.03266298E+00 1.03021692E+00 1.02772954E+00 1.02520216E+00 1.02264009E+00 1.02004861E+00 1.01741526E+00 1.01473187E+00 1.01201927E+00 1.00936937E+00 1.00680442E+00 1.00378334E+00 1.00000000E+00
1.11528878E+00 1.11528674E+00 1.11528172E+00 1.11527774E+00 1.11527554E+00 1.11527510E+00 1.11527525E+00 1.11527506E+00 1.11527457E+00 1.11527398E+00 1.11527352E+00 1.11527333E+00 1.11527330E+00 1.11527336E+00 1.11527350E+00 1.11527371E+00 1.11527401E+00 1.11527443E+00 1.11527496E+00 1.11527562E+00 1.11527639E+00 1.11527731E+00 1.11527838E+00 1.11527962E+00 1.11528104E+00 1.11528265E+00 1.11528449E+00 1.11528656E+00 1.11528889E+00 1.11529149E+00 1.11529439E+00 1.11529761E+00 1.11530117E+00 1.11530508E+00 1.11530936E+00 1.11531402E+00 1.11531908E+00 1.11532451E+00 1.11533033E+00 1.11533652E+00 1.11534304E+00 1.11534984E+00 1.11535687E+00 1.11536404E+00 1.11537123E+00 1.11537828E+00 1.11538503E+00 1.11539120E+00 1.11539656E+00 1.11540069E+00 1.11540328E+00 1.11540368E+00 1.11540141E+00 1.11539562E+00 1.11538564E+00 1.11537026E+00 1.11534859E+00 1.11531899E+00 1.11528024E+00 1.11523015E+00 1.11516716E+00 1.11508832E+00 1.11499158E+00 1.11487328E+00 1.11473075E+00 1.11455915E+00 1.11435530E+00 1.11411312E+00 1.11382837E+00 1.11349362E+00 1.11310375E+00 1.11264962E+00 1.11212519E+00 1.11151921E+00 1.11082454E+00 1.11002775E+00 1.10912075E+00 1.10808737E+00 1.10691701E+00 1.10559320E+00 1.10410480E+00 1.10242980E+00 1.10055541E+00 1.09845983E+00 1.09612871E+00 1.09356028E+00 1.09072131E+00 1.08789104E+00 1.08480814E+00 1.08185293E+00 1.07867309E+00 1.07566243E+00 1.07246222E+00 1.06947067E+00 1.06632049E+00 1.06339008E+00 1.06032815E+00 1.05751198E+00 1.05459042E+00 1.05191763E+00 1.04916091E+00 1.04665212E+00 1.04407762E+00 1.04174605E+00 1.03936574E+00 1.03722149E+00 1.03503804E+00 1.03307378E+00 1.03108170E+00 1.02916181E+00 1.02722158E+00 1.02525905E+00 1.02327601E+00 1.02128116E+00 1.01927593E+00 1.01726019E+00 1.01524722E+00 1.01326332E+00 1.01128840E+00 1.00931409E+00 1.00742034E+00 1.00577889E+00 1.00432402E+00 1.00250107E+00 1.00000000E+00
1.10431354E+00 1.10431421E+00 1.10431348E+00 1.10431239E+00 1.10431120E+00 1.10431018E+00 1.10430935E+00 1.10430887E+00 1.10430868E+00 1.10430866E+00 1.10430866E+00 1.10430860E+00 1.10430854E+00 1.10430855E+00 1.10430867E+00 1.10430888E+00 1.10430917E+00 1.10430951E+00 1.10430993E+00 1.10431044E+00 1.10431105E+00 1.10431178E+00 1.10431262E+00 1.10431360E+00 1.10431472E+00 1.10431601E+00 1.10431749E+00 1.10431917E+00 1.10432107E+00 1.10432321E+00 1.10432561E+00 1.10432830E+00 1.10433131E+00 1.10433464E+00 1.10433832E+00 1.10434239E+00 1.10434685E+00 1.10435170E+00 1.10435697E+00 1.10436266E+00 1.10436876E+00 1.10437523E+00 1.10438206E+00 1.10438923E+00 1.10439665E+00 1.10440421E+00 1.10441182E+00 1.10441928E+00 1.10442644E+00 1.10443299E+00 1.10443873E+00 1.10444322E+00 1.10444602E+00 1.10444648E+00 1.10444413E+00 1.10443802E+00 1.10442746E+00 1.10441117E+00 1.10438815E+00 1.10435660E+00 1.10431529E+00 1.10426170E+00 1.10419408E+00 1.10410942E+00 1.10400550E+00 1.10387814E+00 1.10372474E+00 1.10354011E+00 1.10332036E+00 1.10305851E+00 1.10275024E+00 1.10238774E+00 1.10196577E+00 1.10147344E+00 1.10090435E+00 1.10024648E+00 1.09949263E+00 1.09862713E+00 1.09763966E+00 1.09651514E+00 1.09524385E+00 1.09380376E+00 1.09218173E+00 1.09035642E+00 1.08831595E+00 1.08605734E+00 1.08354916E+00 1.08103343E+00 1.07828297E+00 1.07563763E+00 1.07277853E+00 1.07005520E+00 1.06715746E+00 1.06445759E+00 1.06160517E+00 1.05892797E+00 1.05612568E+00 1.05355308E+00 1.05088140E+00 1.04843298E+00 1.04590756E+00 1.04361008E+00 1.04124979E+00 1.03911110E+00 1.03692673E+00 1.03495783E+00 1.03295422E+00 1.03115538E+00 1.02933256E+00 1.02757962E+00 1.02580547E+00 1.02400820E+00 1.02220069E+00 1.02039665E+00 1.01858157E+00 1.01675805E+00 1.01494897E+00 1.01314995E+00 1.01131147E+00 1.00950043E+00 1.00783210E+00 1.00630793E+00 1.00477763E+00 1.00275340E+00 1.00000000E+00
1.10365753E+00 1.10364479E+00 1.10363008E+00 1.10362285E+00 1.10362342E+00 1.10362873E+00 1.10363387E+00 1.10363492E+00 1.10363320E+00 1.10363100E+00 1.10362975E+00 1.10362999E+00 1.10363077E+00 1.10363122E+00 1.10363132E+00 1.10363128E+00 1.10363133E+00 1.10363159E+00 1.10363197E+00 1.10363239E+00 1.10363287E+00 1.10363344E+00 1.10363412E+00 1.10363493E+00 1.10363588E+00 1.10363698E+00 1.10363824E+00 1.10363971E+00 1.10364137E+00 1.10364327E+00 1.10364542E+00 1.10364786E+00 1.10365061E+00 1.10365369E+00 1.10365712E+00 1.10366096E+00 1.10366523E+00 1.10366992E+00 1.10367508E+00 1.10368075E+00 1.10368691E+00 1.10369355E+00 1.10370070E+00 1.10370837E+00 1.10371653E+00 1.10372511E+00 1.10373404E+00 1.10374323E+00 1.10375256E+00 1.10376183E+00 1.10377096E+00 1.10377961E+00 1.10378740E+00 1.10379387E+00 1.10379867E+00 1.10380110E+00 1.10380060E+00 1.10379618E+00 1.10378700E+00 1.10377162E+00 1.10374901E+00 1.10371691E+00 1.10367384E+00 1.10361742E+00 1.10354573E+00 1.10345510E+00 1.10334337E+00 1.10320596E+00 1.10303915E+00 1.10283622E+00 1.10259333E+00 1.10230383E+00 1.10196316E+00 1.10156076E+00 1.10109056E+00 1.10054127E+00 1.09990528E+00 1.09916666E+00 1.09831710E+00 1.09734348E+00 1.09623393E+00 1.09496406E+00 1.09352223E+00 1.09188825E+00 1.09004828E+00 1.08799517E+00 1.08570154E+00 1.08338840E+00 1.08083902E+00 1.07836370E+00 1.07567275E+00 1.07309820E+00 1.07035203E+00 1.06778970E+00 1.06505643E+00 1.06246400E+00 1.05974868E+00 1.05725707E+00 1.05465533E+00 1.05225671E+00 1.04977784E+00 1.04752070E+00 1.04519058E+00 1.04306864E+00 1.04089178E+00 1.03892105E+00 1.03691294E+00 1.03510967E+00 1.03327443E+00 1.03149632E+00 1.02968304E+00 1.02783606E+00 1.02597381E+00 1.02410097E+00 1.02219086E+00 1.02024848E+00 1.01830245E+00 1.01632071E+00 1.01423881E+00 1.01214545E+00 1.01015885E+00 1.00821084E+00 1.00612321E+00 1.00344794E+00 1.00000000E+00
1.10687941E+00 1.10687868E+00 1.10687585E+00 1.10687532E+00 1.10687688E+00 1.10687934E+00 1.10688137E+00 1.10688229E+00 1.10688268E+00 1.10688308E+00 1.10688358E+00 1.10688412E+00 1.10688456E+00 1.10688487E+00 1.10688513E+00 1.10688538E+00 1.10688566E+00 1.10688596E+00 1.10688629E+00 1.10688666E+00 1.10688709E+00 1.10688760E+00 1.10688820E+00 1.10688892E+00 1.10688975E+00 1.10689073E+00 1.10689186E+00 1.10689319E+00 1.10689472E+00 1.10689648E+00 1.10689849E+00 1.10690081E+00 1.10690345E+00 1.10690643E+00 1.10690980E+00 1.10691363E+00 1.10691793E+00 1.10692272E+00 1.10692805E+00 1.10693400E+00 1.10694056E+00 1.10694776E+00 1.10695563E+00 1.10696427E+00 1.10697366E+00 1.10698377E+00 1.10699459E+00 1.10700610E+00 1.10701825E+00 1.10703097E+00 1.10704421E+00 1.10705770E+00 1.10707120E+00 1.10708446E+00 1.10709730E+00 1.10710916E+00 1.10711961E+00 1.10712777E+00 1.10713309E+00 1.10713448E+00 1.10713099E+00 1.10712040E+00 1.10710172E+00 1.10707338E+00 1.10703360E+00 1.10697904E+00 1.10690778E+00 1.10681556E+00 1.10669898E+00 1.10655154E+00 1.10636932E+00 1.10614645E+00 1.10587968E+00 1.10555929E+00 1.10517848E+00 1.10472540E+00 1.10419111E+00 1.10355933E+00 1.10282630E+00 1.10198081E+00 1.10100439E+00 1.09986903E+00 1.09856682E+00 1.09707831E+00 1.09538428E+00 1.09347266E+00 1.09132147E+00 1.08913833E+00 1.08670417E+00 1.08431262E+00 1.08170049E+00 1.07919392E+00 1.07650738E+00 1.07398636E+00 1.07127104E+00 1.06867605E+00 1.06595621E+00 1.06345753E+00 1.06083302E+00 1.05839669E+00 1.05587124E+00 1.05356680E+00 1.05117435E+00 1.04898041E+00 1.04671713E+00 1.04465711E+00 1.04255103E+00 1.04065348E+00 1.03870995E+00 1.03680867E+00 1.03485337E+00 1.03284851E+00 1.03081449E+00 1.02874734E+00 1.02661336E+00 1.02441954E+00 1.02219808E+00 1.01990394E+00 1.01746336E+00 1.01497019E+00 1.01254798E+00 1.01010624E+00 1.00745002E+00 1.00413469E+00 1.00000000E+00
1.11185164E+00 1.11185148E+00 1.11185176E+00 1.11185608E+00 1.11186241E+00 1.11186824E+00 1.11187269E+00 1.11187576E+00 1.11187829E+00 1.11188080E+00 1.11188315E+00 1.11188511E+00 1.11188666E+00 1.11188785E+00 1.11188882E+00 1.11188964E+00 1.11189033E+00 1.11189092E+00 1.11189144E+00 1.11189191E+00 1.11189238E+00 1.11189289E+00 1.11189344E+00 1.11189407E+00 1.11189481E+00 1.11189568E+00 1.11189669E+00 1.11189790E+00 1.11189932E+00 1.11190097E+00 1.11190289E+00 1.11190514E+00 1.11190774E+00 1.11191073E+00 1.11191416E+00 1.11191811E+00 1.11192261E+00 1.11192768E+00 1.11193339E+00 1.11193987E+00 1.11194714E+00 1.11195525E+00 1.11196426E+00 1.11197429E+00 1.11198538E+00 1.11199759E+00 1.11201091E+00 1.11202540E+00 1.11204116E+00 1.11205823E+00 1.11207647E+00 1.11209564E+00 1.11211581E+00 1.11213717E+00 1.11215951E+00 1.11218244E+00 1.11220544E+00 1.11222768E+00 1.11224904E+00 1.11226886E+00 1.11228608E+00 1.11229846E+00 1.11230571E+00 1.11230743E+00 1.11230162E+00 1.11228507E+00 1.11225591E+00 1.11221007E+00 1.11214461E+00 1.11205320E+00 1.11193138E+00 1.11177386E+00 1.11157920E+00 1.11133868E+00 1.11104364E+00 1.11068064E+00 1.11023950E+00 1.10970421E+00 1.10907604E+00 1.10834438E+00 1.10748207E+00 1.10645740E+00 1.10526704E+00 1.10389160E+00 1.10230560E+00 1.10049242E+00 1.09843441E+00 1.09632997E+00 1.09395463E+00 1.09159463E+00 1.08900670E+00 1.08651597E+00 1.08383038E+00 1.08129135E+00 1.07853483E+00 1.07588713E+00 1.07310751E+00 1.07054531E+00 1.06783795E+00 1.06530777E+00 1.06267519E+00 1.06026544E+00 1.05774927E+00 1.05542519E+00 1.05301390E+00 1.05080804E+00 1.04854405E+00 1.04649561E+00 1.04438579E+00 1.04230687E+00 1.04015574E+00 1.03793902E+00 1.03567844E+00 1.03336495E+00 1.03096030E+00 1.02847236E+00 1.02593639E+00 1.02330170E+00 1.02048816E+00 1.01758965E+00 1.01473536E+00 1.01182572E+00 1.00865078E+00 1.00475680E+00 1.00000000E+00
1.11762602E+00 1.11762907E+00 1.11763291E+00 1.11764217E+00 1.11765421E+00 1.11766561E+00 1.11767515E+00 1.11768271E+00 1.11768936E+00 1.11769575E+00 1.11770162E+00 1.11770667E+00 1.11771084E+00 1.11771426E+00 1.11771708E+00 1.11771945E+00 1.11772138E+00 1.11772295E+00 1.11772420E+00 1.11772524E+00 1.11772611E+00 1.11772688E+00 1.11772759E+00 1.11772831E+00 1.11772905E+00 1.11772988E+00 1.11773082E+00 1.11773194E+00 1.11773327E+00 1.11773486E+00 1.11773672E+00 1.11773893E+00 1.11774155E+00 1.11774464E+00 1.11774823E+00 1.11775242E+00 1.11775726E+00 1.11776278E+00 1.11776907E+00 1.11777633E+00 1.11778462E+00 1.11779405E+00 1.11780462E+00 1.11781647E+00 1.11782979E+00 1.11784471E+00 1.11786123E+00 1.11787950E+00 1.11789975E+00 1.11792218E+00 1.11794646E+00 1.11797230E+00 1.11800038E+00 1.11803145E+00 1.11806514E+00 1.11810106E+00 1.11813857E+00 1.11817677E+00 1.11821616E+00 1.11825657E+00 1.11829672E+00 1.11833437E+00 1.11837011E+00 1.11840476E+00 1.11843589E+00 1.11846024E+00 1.11847590E+00 1.11847888E+00 1.11846679E+00 1.11843331E+00 1.11837325E+00 1.11828189E+00 1.11815952E+00 1.11799818E+00 1.11778670E+00 1.11750962E+00 1.11715605E+00 1.11671054E+00 1.11617845E+00 1.11554840E+00 1.11478455E+00 1.11385159E+00 1.11275088E+00 1.11146297E+00 1.10995610E+00 1.10820896E+00 1.10620723E+00 1.10414402E+00 1.10178852E+00 1.09942446E+00 1.09682208E+00 1.09430885E+00 1.09158172E+00 1.08898351E+00 1.08614471E+00 1.08340730E+00 1.08052509E+00 1.07785551E+00 1.07501894E+00 1.07235295E+00 1.06956890E+00 1.06701217E+00 1.06432970E+00 1.06183765E+00 1.05924023E+00 1.05685526E+00 1.05439988E+00 1.05217093E+00 1.04986667E+00 1.04758635E+00 1.04521843E+00 1.04277087E+00 1.04026671E+00 1.03769407E+00 1.03501112E+00 1.03222577E+00 1.02937604E+00 1.02640875E+00 1.02323868E+00 1.01995802E+00 1.01670166E+00 1.01336573E+00 1.00972546E+00 1.00531361E+00 1.00000000E+00
1.11854151E+00 1.11854102E+00 1.11853682E+00 1.11853278E+00 1.11853018E+00 1.11852952E+00 1.11852967E+00 1.11852963E+00 1.11852929E+00 1.11852875E+00 1.11852830E+00 1.11852811E+00 1.11852810E+00 1.11852820E+00 1.11852837E+00 1.11852861E+00 1.11852895E+00 1.11852940E+00 1.11852998E+00 1.11853067E+00 1.11853150E+00 1.11853247E+00 1.11853359E+00 1.11853489E+00 1.11853637E+00 1.11853806E+00 1.11853997E+00 1.11854213E+00 1.11854455E+00 1.11854725E+00 1.11855025E+00 1.11855358E+00 1.11855725E+00 1.11856128E+00 1.11856569E+00 1.11857048E+00 1.11857566E+00 1.11858123E+00 1.11858717E+00 1.11859348E+00 1.11860012E+00 1.11860702E+00 1.11861413E+00 1.11862136E+00 1.11862858E+00 1.11863561E+00 1.11864229E+00 1.11864834E+00 1.11865351E+00 1.11865735E+00 1.11865954E+00 1.11865942E+00 1.11865648E+00 1.11864984E+00 1.11863883E+00 1.11862217E+00 1.11859896E+00 1.11856750E+00 1.11852655E+00 1.11847385E+00 1.11840780E+00 1.11832540E+00 1.11822453E+00 1.11810147E+00 1.11795347E+00 1.11777561E+00 1.11756463E+00 1.11731432E+00 1.11702041E+00 1.11667534E+00 1.11627394E+00 1.11580691E+00 1.11526806E+00 1.11464607E+00 1.11393370E+00 1.11311736E+00 1.11218884E+00 1.11113182E+00 1.10993567E+00 1.10858375E+00 1.10706467E+00 1.10535632E+00 1.10344593E+00 1.10131166E+00 1.09893885E+00 1.09632561E+00 1.09343822E+00 1.09056159E+00 1.08742912E+00 1.08442662E+00 1.08119679E+00 1.07814075E+00 1.07489269E+00 1.07185454E+00 1.06865446E+00 1.06567946E+00 1.06257156E+00 1.05971207E+00 1.05674460E+00 1.05402870E+00 1.05122630E+00 1.04867526E+00 1.04605655E+00 1.04368403E+00 1.04126038E+00 1.03907512E+00 1.03684843E+00 1.03484454E+00 1.03281100E+00 1.03084859E+00 1.02886305E+00 1.02685294E+00 1.02481949E+00 1.02276999E+00 1.02070579E+00 1.01862639E+00 1.01654157E+00 1.01447357E+00 1.01241141E+00 1.01034375E+00 1.00833001E+00 1.00653034E+00 1.00486915E+00 1.00277985E+00 1.00000000E+00
1.11099237E+00 1.11099359E+00 1.11099218E+00 1.11098994E+00 1.11098797E+00 1.11098700E+00 1.11098666E+00 1.11098656E+00 1.11098648E+00 1.11098630E+00 1.11098610E+00 1.11098598E+00 1.11098596E+00 1.11098605E+00 1.11098623E+00 1.11098647E+00 1.11098678E+00 1.11098718E+00 1.11098766E+00 1.11098825E+00 1.11098895E+00 1.11098977E+00 1.11099072E+00 1.11099182E+00 1.11099309E+00 1.11099453E+00 1.11099617E+00 1.11099804E+00 1.11100014E+00 1.11100250E+00 1.11100514E+00 1.11100809E+00 1.11101137E+00 1.11101499E+00 1.11101898E+00 1.11102337E+00 1.11102816E+00 1.11103336E+00 1.11103897E+00 1.11104500E+00 1.11105143E+00 1.11105822E+00 1.11106535E+00 1.11107276E+00 1.11108037E+00 1.11108805E+00 1.11109567E+00 1.11110302E+00 1.11110993E+00 1.11111603E+00 1.11112110E+00 1.11112461E+00 1.11112611E+00 1.11112489E+00 1.11112041E+00 1.11111163E+00 1.11109777E+00 1.11107743E+00 1.11104952E+00 1.11101209E+00 1.11096379E+00 1.11090193E+00 1.11082465E+00 1.11072871E+00 1.11061172E+00 1.11046926E+00 1.11029847E+00 1.11009370E+00 1.10985096E+00 1.10956319E+00 1.10922577E+00 1.10883027E+00 1.10837097E+00 1.10783685E+00 1.10722131E+00 1.10651169E+00 1.10570037E+00 1.10477130E+00 1.10371392E+00 1.10251256E+00 1.10115674E+00 1.09962407E+00 1.09790180E+00 1.09596883E+00 1.09381186E+00 1.09142717E+00 1.08878250E+00 1.08613590E+00 1.08324565E+00 1.08046724E+00 1.07746987E+00 1.07462492E+00 1.07159814E+00 1.06876829E+00 1.06577981E+00 1.06298752E+00 1.06006862E+00 1.05738646E+00 1.05460087E+00 1.05204839E+00 1.04941396E+00 1.04701607E+00 1.04455363E+00 1.04232292E+00 1.04004396E+00 1.03798830E+00 1.03589415E+00 1.03401248E+00 1.03210398E+00 1.03026444E+00 1.02840079E+00 1.02651185E+00 1.02460555E+00 1.02269080E+00 1.02075640E+00 1.01880391E+00 1.01685234E+00 1.01491253E+00 1.01294274E+00 1.01095124E+00 1.00901816E+00 1.00721498E+00 1.00540534E+00 1.00306192E+00 1.00000000E+00
1.11273627E+00 1.11272105E+00 1.11271442E+00 1.11271320E+00 1.11271285E+00 1.11271008E+00 1.11270621E+00 1.11270318E+00 1.11270181E+00 1.11270186E+00 1.11270224E+00 1.11270203E+00 1.11270147E+00 1.11270098E+00 1.11270079E+00 1.11270092E+00 1.11270119E+00 1.11270145E+00 1.11270173E+00 1.11270211E+00 1.11270263E+00 1.11270330E+00 1.11270410E+00 1.11270505E+00 1.11270616E+00 1.11270744E+00 1.11270893E+00 1.11271065E+00 1.11271260E+00 1.11271482E+00 1.11271732E+00 1.11272015E+00 1.11272332E+00 1.11272686E+00 1.11273079E+00 1.11273515E+00 1.11273996E+00 1.11274524E+00 1.11275100E+00 1.11275728E+00 1.11276405E+00 1.11277132E+00 1.11277909E+00 1.11278733E+00 1.11279601E+00 1.11280502E+00 1.11281428E+00 1.11282365E+00 1.11283300E+00 1.11284207E+00 1.11285069E+00 1.11285842E+00 1.11286489E+00 1.11286953E+00 1.11287192E+00 1.11287117E+00 1.11286666E+00 1.11285715E+00 1.11284169E+00 1.11281857E+00 1.11278661E+00 1.11274333E+00 1.11268710E+00 1.11261509E+00 1.11252514E+00 1.11241313E+00 1.11227649E+00 1.11210987E+00 1.11190945E+00 1.11166847E+00 1.11138262E+00 1.11104404E+00 1.11064733E+00 1.11018150E+00 1.10964024E+00 1.10901113E+00 1.10828646E+00 1.10744983E+00 1.10649130E+00 1.10539576E+00 1.10415160E+00 1.10273492E+00 1.10113358E+00 1.09932652E+00 1.09729893E+00 1.09504396E+00 1.09253019E+00 1.09000145E+00 1.08722444E+00 1.08453971E+00 1.08163221E+00 1.07886329E+00 1.07590815E+00 1.07313765E+00 1.07019398E+00 1.06742750E+00 1.06453306E+00 1.06187054E+00 1.05909329E+00 1.05653667E+00 1.05389157E+00 1.05147982E+00 1.04899333E+00 1.04673139E+00 1.04441049E+00 1.04230737E+00 1.04015883E+00 1.03822371E+00 1.03625187E+00 1.03433938E+00 1.03238850E+00 1.03039880E+00 1.02838180E+00 1.02634153E+00 1.02425811E+00 1.02213242E+00 1.01998817E+00 1.01782451E+00 1.01558730E+00 1.01328845E+00 1.01101294E+00 1.00879859E+00 1.00649408E+00 1.00360780E+00 1.00000000E+00
1.11789203E+00 1.11787911E+00 1.11786993E+00 1.11786724E+00 1.11786839E+00 1.11787003E+00 1.11787096E+00 1.11787084E+00 1.11787070E+00 1.11787120E+00 1.11787217E+00 1.11787319E+00 1.11787405E+00 1.11787469E+00 1.11787525E+00 1.11787584E+00 1.11787643E+00 1.11787703E+00 1.11787763E+00 1.11787826E+00 1.11787894E+00 1.11787970E+00 1.11788057E+00 1.11788155E+00 1.11788268E+00 1.11788397E+00 1.11788546E+00 1.11788716E+00 1.11788911E+00 1.11789133E+00 1.11789386E+00 1.11789673E+00 1.11789998E+00 1.11790364E+00 1.11790774E+00 1.11791235E+00 1.11791747E+00 1.11792316E+00 1.11792944E+00 1.11793637E+00 1.11794396E+00 1.11795223E+00 1.11796121E+00 1.11797094E+00 1.11798139E+00 1.11799251E+00 1.11800428E+00 1.11801662E+00 1.11802945E+00 1.11804262E+00 1.11805600E+00 1.11806924E+00 1.11808207E+00 1.11809411E+00 1.11810502E+00 1.11811406E+00 1.11812069E+00 1.11812383E+00 1.11812268E+00 1.11811577E+00 1.11810202E+00 1.11807911E+00 1.11804565E+00 1.11799933E+00 1.11793803E+00 1.11785780E+00 1.11775623E+00 1.11762812E+00 1.11746980E+00 1.11727470E+00 1.11703851E+00 1.11675375E+00 1.11641536E+00 1.11601225E+00 1.11553781E+00 1.11497924E+00 1.11432820E+00 1.11356771E+00 1.11268918E+00 1.11167734E+00 1.11051717E+00 1.10918282E+00 1.10766333E+00 1.10593658E+00 1.10398425E+00 1.10179624E+00 1.09934178E+00 1.09685816E+00 1.09411107E+00 1.09143773E+00 1.08853118E+00 1.08575301E+00 1.08277402E+00 1.07996795E+00 1.07696919E+00 1.07413715E+00 1.07116701E+00 1.06842580E+00 1.06555187E+00 1.06289188E+00 1.06013029E+00 1.05760438E+00 1.05498724E+00 1.05259307E+00 1.05012416E+00 1.04787613E+00 1.04557141E+00 1.04348802E+00 1.04135477E+00 1.03927323E+00 1.03713803E+00 1.03494954E+00 1.03272121E+00 1.03045358E+00 1.02812208E+00 1.02572762E+00 1.02329695E+00 1.02082344E+00 1.01824704E+00 1.01558094E+00 1.01291378E+00 1.01027215E+00 1.00749731E+00 1.00411208E+00 1.00000000E+00
1.12439102E+00 1.12439262E+00 1.12439360E+00 1.12439515E+00 1.12439765E+00 1.12440083E+00 1.12440408E+00 1.12440686E+00 1.12440926E+00 1.12441138E+00 1.12441331E+00 1.12441505E+00 1.12441656E+00 1.12441785E+00 1.12441895E+00 1.12441992E+00 1.12442078E+00 1.12442158E+00 1.12442233E+00 1.12442308E+00 1.12442384E+00 1.12442466E+00 1.12442555E+00 1.12442656E+00 1.12442770E+00 1.12442902E+00 1.12443052E+00 1.12443227E+00 1.12443427E+00 1.12443658E+00 1.12443922E+00 1.12444227E+00 1.12444574E+00 1.12444970E+00 1.12445417E+00 1.12445925E+00 1.12446497E+00 1.12447138E+00 1.12447854E+00 1.12448655E+00 1.12449544E+00 1.12450527E+00 1.12451609E+00 1.12452800E+00 1.12454100E+00 1.12455514E+00 1.12457041E+00 1.12458683E+00 1.12460439E+00 1.12462305E+00 1.12464269E+00 1.12466307E+00 1.12468408E+00 1.12470559E+00 1.12472727E+00 1.12474851E+00 1.12476882E+00 1.12478725E+00 1.12480322E+00 1.12481549E+00 1.12482305E+00 1.12482370E+00 1.12481638E+00 1.12479929E+00 1.12477019E+00 1.12472521E+00 1.12466197E+00 1.12457526E+00 1.12446164E+00 1.12431455E+00 1.12412941E+00 1.12389893E+00 1.12361838E+00 1.12327639E+00 1.12286547E+00 1.12237201E+00 1.12178686E+00 1.12109238E+00 1.12028122E+00 1.11933708E+00 1.11824061E+00 1.11696389E+00 1.11549725E+00 1.11381674E+00 1.11189991E+00 1.10973356E+00 1.10728693E+00 1.10479606E+00 1.10202082E+00 1.09930219E+00 1.09633447E+00 1.09348645E+00 1.09041671E+00 1.08750984E+00 1.08438843E+00 1.08142849E+00 1.07831388E+00 1.07542785E+00 1.07238883E+00 1.06956344E+00 1.06662111E+00 1.06392205E+00 1.06111451E+00 1.05853498E+00 1.05586514E+00 1.05342640E+00 1.05092008E+00 1.04864866E+00 1.04631582E+00 1.04403135E+00 1.04168075E+00 1.03926521E+00 1.03679952E+00 1.03428211E+00 1.03168538E+00 1.02901056E+00 1.02628679E+00 1.02350443E+00 1.02059985E+00 1.01758670E+00 1.01455665E+00 1.01153253E+00 1.00835116E+00 1.00454120E+00 1.00000000E+00
1.13140978E+00 1.13141188E+00 1.13141518E+00 1.13142032E+00 1.13142661E+00 1.13143304E+00 1.13143919E+00 1.13144480E+00 1.13145002E+00 1.13145489E+00 1.13145934E+00 1.13146330E+00 1.13146677E+00 1.13146978E+00 1.13147240E+00 1.13147468E+00 1.13147665E+00 1.13147838E+00 1.13147992E+00 1.13148131E+00 1.13148261E+00 1.13148387E+00 1.13148512E+00 1.13148644E+00 1.13148784E+00 1.13148938E+00 1.13149110E+00 1.13149306E+00 1.13149530E+00 1.13149787E+00 1.13150082E+00 1.13150422E+00 1.13150813E+00 1.13151262E+00 1.13151774E+00 1.13152360E+00 1.13153025E+00 1.13153777E+00 1.13154626E+00 1.13155586E+00 1.13156665E+00 1.13157871E+00 1.13159213E+00 1.13160704E+00 1.13162355E+00 1.13164177E+00 1.13166174E+00 1.13168356E+00 1.13170735E+00 1.13173316E+00 1.13176086E+00 1.13179031E+00 1.13182167E+00 1.13185509E+00 1.13189019E+00 1.13192642E+00 1.13196337E+00 1.13200018E+00 1.13203657E+00 1.13207152E+00 1.13210403E+00 1.13213203E+00 1.13215478E+00 1.13217093E+00 1.13217804E+00 1.13217215E+00 1.13215086E+00 1.13210883E+00 1.13204276E+00 1.13194598E+00 1.13181343E+00 1.13163782E+00 1.13141459E+00 1.13113182E+00 1.13078087E+00 1.13034703E+00 1.12982032E+00 1.12918221E+00 1.12842614E+00 1.12753425E+00 1.12648284E+00 1.12524178E+00 1.12380244E+00 1.12213864E+00 1.12022376E+00 1.11804137E+00 1.11556015E+00 1.11301913E+00 1.11016905E+00 1.10736000E+00 1.10428179E+00 1.10131650E+00 1.09810553E+00 1.09505080E+00 1.09175907E+00 1.08862836E+00 1.08532421E+00 1.08225255E+00 1.07900842E+00 1.07598373E+00 1.07282754E+00 1.06992686E+00 1.06690230E+00 1.06411601E+00 1.06122601E+00 1.05858170E+00 1.05586074E+00 1.05339145E+00 1.05085149E+00 1.04835971E+00 1.04579212E+00 1.04315064E+00 1.04045122E+00 1.03769092E+00 1.03483993E+00 1.03189976E+00 1.02890164E+00 1.02583433E+00 1.02263169E+00 1.01930741E+00 1.01595577E+00 1.01259885E+00 1.00907063E+00 1.00490223E+00 1.00000000E+00
1.12183621E+00 1.12183519E+00 1.12183115E+00 1.12182766E+00 1.12182565E+00 1.12182530E+00 1.12182555E+00 1.12182551E+00 1.12182518E+00 1.12182472E+00 1.12182437E+00 1.12182426E+00 1.12182432E+00 1.12182447E+00 1.12182469E+00 1.12182498E+00 1.12182538E+00 1.12182588E+00 1.12182651E+00 1.12182726E+00 1.12182814E+00 1.12182917E+00 1.12183036E+00 1.12183173E+00 1.12183328E+00 1.12183505E+00 1.12183705E+00 1.12183929E+00 1.12184180E+00 1.12184460E+00 1.12184771E+00 1.12185116E+00 1.12185495E+00 1.12185910E+00 1.12186363E+00 1.12186855E+00 1.12187386E+00 1.12187956E+00 1.12188563E+00 1.12189206E+00 1.12189880E+00 1.12190580E+00 1.12191299E+00 1.12192026E+00 1.12192749E+00 1.12193449E+00 1.12194109E+00 1.12194699E+00 1.12195193E+00 1.12195545E+00 1.12195721E+00 1.12195652E+00 1.12195285E+00 1.12194531E+00 1.12193319E+00 1.12191517E+00 1.12189032E+00 1.12185691E+00 1.12181364E+00 1.12175820E+00 1.12168896E+00 1.12160283E+00 1.12149767E+00 1.12136965E+00 1.12121598E+00 1.12103163E+00 1.12081327E+00 1.12055458E+00 1.12025121E+00 1.11989554E+00 1.11948230E+00 1.11900203E+00 1.11844840E+00 1.11781005E+00 1.11707961E+00 1.11624335E+00 1.11529288E+00 1.11421181E+00 1.11298951E+00 1.11160909E+00 1.11005892E+00 1.10831688E+00 1.10637020E+00 1.10419686E+00 1.10178193E+00 1.09912360E+00 1.09618755E+00 1.09326427E+00 1.09008185E+00 1.08703202E+00 1.08375218E+00 1.08065026E+00 1.07735355E+00 1.07426855E+00 1.07101856E+00 1.06799881E+00 1.06484439E+00 1.06194072E+00 1.05892633E+00 1.05616653E+00 1.05331767E+00 1.05072361E+00 1.04805964E+00 1.04564492E+00 1.04317639E+00 1.04094877E+00 1.03867747E+00 1.03663245E+00 1.03455560E+00 1.03254882E+00 1.03051584E+00 1.02845561E+00 1.02636883E+00 1.02426126E+00 1.02213420E+00 1.01998706E+00 1.01782652E+00 1.01567048E+00 1.01351323E+00 1.01134006E+00 1.00919338E+00 1.00722147E+00 1.00535723E+00 1.00303049E+00 1.00000000E+00
1.11731805E+00 1.11731984E+00 1.11731816E+00 1.11731533E+00 1.11731291E+00 1.11731195E+00 1.11731186E+00 1.11731197E+00 1.11731196E+00 1.11731172E+00 1.11731145E+00 1.11731132E+00 1.11731134E+00 1.11731148E+00 1.11731170E+00 1.11731198E+00 1.11731234E+00 1.11731280E+00 1.11731335E+00 1.11731403E+00 1.11731482E+00 1.11731574E+00 1.11731680E+00 1.11731803E+00 1.11731944E+00 1.11732104E+00 1.11732285E+00 1.11732490E+00 1.11732720E+00 1.11732978E+00 1.11733266E+00 1.11733586E+00 1.11733940E+00 1.11734331E+00 1.11734759E+00 1.11735228E+00 1.11735737E+00 1.11736288E+00 1.11736879E+00 1.11737512E+00 1.11738182E+00 1.11738886E+00 1.11739620E+00 1.11740376E+00 1.11741144E+00 1.11741909E+00 1.11742658E+00 1.11743365E+00 1.11744009E+00 1.11744552E+00 1.11744966E+00 1.11745190E+00 1.11745178E+00 1.11744852E+00 1.11744150E+00 1.11742958E+00 1.11741193E+00 1.11738698E+00 1.11735357E+00 1.11730961E+00 1.11725363E+00 1.11718276E+00 1.11709505E+00 1.11698700E+00 1.11685606E+00 1.11669752E+00 1.11650834E+00 1.11628253E+00 1.11601597E+00 1.11570137E+00 1.11533385E+00 1.11490443E+00 1.11440709E+00 1.11383067E+00 1.11316828E+00 1.11240665E+00 1.11153782E+00 1.11054549E+00 1.10941896E+00 1.10814196E+00 1.10670346E+00 1.10508105E+00 1.10326206E+00 1.10122497E+00 1.09895553E+00 1.09645031E+00 1.09367608E+00 1.09090554E+00 1.08788363E+00 1.08498184E+00 1.08185549E+00 1.07889332E+00 1.07574239E+00 1.07279298E+00 1.06968083E+00 1.06678131E+00 1.06375170E+00 1.06096465E+00 1.05806965E+00 1.05541718E+00 1.05267841E+00 1.05018453E+00 1.04762292E+00 1.04530095E+00 1.04292688E+00 1.04078359E+00 1.03859796E+00 1.03663146E+00 1.03463419E+00 1.03270472E+00 1.03074744E+00 1.02876139E+00 1.02675099E+00 1.02472232E+00 1.02266819E+00 1.02058911E+00 1.01849681E+00 1.01640328E+00 1.01427932E+00 1.01211357E+00 1.00996138E+00 1.00792467E+00 1.00589192E+00 1.00330965E+00 1.00000000E+00
1.12022007E+00 1.12021747E+00 1.12022023E+00 1.12022274E+00 1.12022362E+00 1.12022225E+00 1.12022006E+00 1.12021831E+00 1.12021723E+00 1.12021680E+00 1.12021668E+00 1.12021655E+00 1.12021642E+00 1.12021631E+00 1.12021627E+00 1.12021637E+00 1.12021660E+00 1.12021693E+00 1.12021738E+00 1.12021794E+00 1.12021862E+00 1.12021944E+00 1.12022041E+00 1.12022156E+00 1.12022288E+00 1.12022441E+00 1.12022616E+00 1.12022815E+00 1.12023040E+00 1.12023294E+00 1.12023579E+00 1.12023899E+00 1.12024255E+00 1.12024650E+00 1.12025087E+00 1.12025568E+00 1.12026096E+00 1.12026671E+00 1.12027295E+00 1.12027968E+00 1.12028691E+00 1.12029460E+00 1.12030274E+00 1.12031128E+00 1.12032015E+00 1.12032923E+00 1.12033842E+00 1.12034752E+00 1.12035635E+00 1.12036461E+00 1.12037205E+00 1.12037815E+00 1.12038249E+00 1.12038441E+00 1.12038337E+00 1.12037834E+00 1.12036857E+00 1.12035264E+00 1.12032947E+00 1.12029712E+00 1.12025423E+00 1.12019811E+00 1.12012691E+00 1.12003742E+00 1.11992720E+00 1.11979173E+00 1.11962811E+00 1.11943053E+00 1.11919495E+00 1.11891425E+00 1.11858368E+00 1.11819452E+00 1.11774084E+00 1.11721139E+00 1.11659944E+00 1.11589165E+00 1.11507997E+00 1.11414766E+00 1.11308410E+00 1.11187303E+00 1.11050276E+00 1.10894979E+00 1.10720143E+00 1.10523567E+00 1.10303702E+00 1.10059981E+00 1.09789060E+00 1.09517461E+00 1.09220128E+00 1.08933557E+00 1.08623924E+00 1.08329758E+00 1.08015996E+00 1.07721583E+00 1.07409700E+00 1.07118038E+00 1.06812879E+00 1.06531640E+00 1.06238518E+00 1.05969019E+00 1.05690093E+00 1.05435577E+00 1.05173270E+00 1.04934689E+00 1.04689878E+00 1.04468046E+00 1.04241226E+00 1.04036624E+00 1.03828026E+00 1.03625615E+00 1.03419269E+00 1.03208912E+00 1.02995205E+00 1.02778473E+00 1.02557436E+00 1.02332096E+00 1.02103908E+00 1.01873457E+00 1.01636929E+00 1.01393271E+00 1.01148546E+00 1.00911310E+00 1.00669728E+00 1.00370922E+00 1.00000000E+00
1.12578547E+00 1.12578237E+00 1.12577811E+00 1.12577447E+00 1.12577199E+00 1.12577077E+00 1.12577027E+00 1.12577000E+00 1.12576988E+00 1.12576983E+00 1.12576989E+00 1.12577005E+00 1.12577028E+00 1.12577057E+00 1.12577092E+00 1.12577132E+00 1.12577178E+00 1.12577229E+00 1.12577288E+00 1.12577356E+00 1.12577434E+00 1.12577524E+00 1.12577627E+00 1.12577747E+00 1.12577884E+00 1.12578042E+00 1.12578222E+00 1.12578428E+00 1.12578661E+00 1.12578927E+00 1.12579226E+00 1.12579564E+00 1.12579943E+00 1.12580366E+00 1.12580838E+00 1.12581363E+00 1.12581943E+00 1.12582581E+00 1.12583281E+00 1.12584046E+00 1.12584877E+00 1.12585774E+00 1.12586738E+00 1.12587770E+00 1.12588863E+00 1.12590012E+00 1.12591208E+00 1.12592439E+00 1.12593693E+00 1.12594943E+00 1.12596173E+00 1.12597337E+00 1.12598398E+00 1.12599306E+00 1.12600013E+00 1.12600424E+00 1.12600472E+00 1.12600026E+00 1.12598987E+00 1.12597175E+00 1.12594464E+00 1.12590591E+00 1.12585387E+00 1.12578556E+00 1.12569856E+00 1.12558837E+00 1.12545219E+00 1.12528420E+00 1.12508038E+00 1.12483362E+00 1.12453909E+00 1.12418809E+00 1.12377468E+00 1.12328726E+00 1.12271885E+00 1.12205557E+00 1.12128888E+00 1.12040127E+00 1.11938229E+00 1.11821502E+00 1.11688577E+00 1.11536948E+00 1.11365342E+00 1.11171398E+00 1.10953318E+00 1.10710295E+00 1.10438894E+00 1.10165633E+00 1.09865054E+00 1.09574059E+00 1.09258630E+00 1.08958010E+00 1.08636174E+00 1.08333123E+00 1.08010866E+00 1.07708457E+00 1.07391297E+00 1.07098153E+00 1.06791552E+00 1.06508654E+00 1.06215116E+00 1.05946618E+00 1.05668978E+00 1.05415580E+00 1.05154739E+00 1.04917672E+00 1.04674741E+00 1.04455102E+00 1.04230525E+00 1.04011887E+00 1.03788283E+00 1.03559690E+00 1.03326907E+00 1.03090072E+00 1.02847610E+00 1.02599545E+00 1.02347540E+00 1.02091875E+00 1.01828355E+00 1.01556072E+00 1.01281446E+00 1.01012552E+00 1.00737443E+00 1.00404470E+00 1.00000000E+00
1.13226039E+00 1.13225894E+00 1.13225584E+00 1.13224903E+00 1.13224076E+00 1.13223354E+00 1.13222823E+00 1.13222507E+00 1.13222330E+00 1.13222226E+00 1.13222182E+00 1.13222183E+00 1.13222229E+00 1.13222305E+00 1.13222403E+00 1.13222514E+00 1.13222635E+00 1.13222761E+00 1.13222893E+00 1.13223029E+00 1.13223169E+00 1.13223315E+00 1.13223470E+00 1.13223635E+00 1.13223814E+00 1.13224010E+00 1.13224226E+00 1.13224467E+00 1.13224737E+00 1.13225039E+00 1.13225379E+00 1.13225763E+00 1.13226193E+00 1.13226677E+00 1.13227218E+00 1.13227824E+00 1.13228499E+00 1.13229250E+00 1.13230079E+00 1.13230997E+00 1.13232005E+00 1.13233108E+00 1.13234311E+00 1.13235616E+00 1.13237025E+00 1.13238535E+00 1.13240144E+00 1.13241846E+00 1.13243634E+00 1.13245491E+00 1.13247404E+00 1.13249334E+00 1.13251256E+00 1.13253135E+00 1.13254926E+00 1.13256541E+00 1.13257921E+00 1.13258941E+00 1.13259514E+00 1.13259472E+00 1.13258694E+00 1.13256921E+00 1.13253996E+00 1.13249645E+00 1.13243615E+00 1.13235448E+00 1.13224862E+00 1.13211256E+00 1.13194227E+00 1.13173045E+00 1.13147196E+00 1.13115789E+00 1.13078218E+00 1.13033259E+00 1.12980154E+00 1.12917425E+00 1.12844144E+00 1.12758455E+00 1.12659314E+00 1.12544903E+00 1.12413589E+00 1.12262682E+00 1.12090897E+00 1.11895648E+00 1.11674852E+00 1.11427478E+00 1.11149951E+00 1.10869379E+00 1.10559359E+00 1.10257984E+00 1.09930376E+00 1.09617279E+00 1.09280987E+00 1.08963344E+00 1.08624665E+00 1.08306084E+00 1.07971271E+00 1.07661105E+00 1.07335951E+00 1.07035250E+00 1.06722754E+00 1.06436492E+00 1.06139886E+00 1.05868622E+00 1.05588893E+00 1.05334279E+00 1.05073100E+00 1.04836701E+00 1.04594649E+00 1.04358618E+00 1.04116881E+00 1.03869478E+00 1.03617309E+00 1.03360403E+00 1.03097003E+00 1.02827184E+00 1.02552775E+00 1.02273897E+00 1.01986158E+00 1.01688790E+00 1.01388471E+00 1.01093160E+00 1.00790971E+00 1.00430927E+00 1.00000000E+00
1.13893208E+00 1.13892904E+00 1.13892062E+00 1.13891026E+00 1.13890051E+00 1.13889343E+00 1.13888848E+00 1.13888512E+00 1.13888294E+00 1.13888171E+00 1.13888144E+00 1.13888199E+00 1.13888320E+00 1.13888483E+00 1.13888679E+00 1.13888894E+00 1.13889125E+00 1.13889362E+00 1.13889602E+00 1.13889843E+00 1.13890084E+00 1.13890326E+00 1.13890571E+00 1.13890822E+00 1.13891083E+00 1.13891357E+00 1.13891648E+00 1.13891965E+00 1.13892309E+00 1.13892690E+00 1.13893112E+00 1.13893584E+00 1.13894112E+00 1.13894704E+00 1.13895367E+00 1.13896112E+00 1.13896944E+00 1.13897874E+00 1.13898909E+00 1.13900063E+00 1.13901341E+00 1.13902754E+00 1.13904308E+00 1.13906012E+00 1.13907873E+00 1.13909898E+00 1.13912085E+00 1.13914439E+00 1.13916960E+00 1.13919641E+00 1.13922467E+00 1.13925411E+00 1.13928460E+00 1.13931596E+00 1.13934771E+00 1.13937905E+00 1.13940941E+00 1.13943760E+00 1.13946286E+00 1.13948360E+00 1.13949857E+00 1.13950521E+00 1.13950200E+00 1.13948632E+00 1.13945541E+00 1.13940449E+00 1.13933061E+00 1.13922742E+00 1.13909077E+00 1.13891298E+00 1.13868842E+00 1.13840777E+00 1.13806465E+00 1.13764601E+00 1.13714340E+00 1.13654092E+00 1.13582840E+00 1.13498601E+00 1.13400312E+00 1.13285995E+00 1.13153749E+00 1.13000680E+00 1.12825484E+00 1.12625344E+00 1.12397901E+00 1.12141940E+00 1.11853734E+00 1.11561464E+00 1.11237423E+00 1.10921480E+00 1.10577389E+00 1.10247956E+00 1.09893366E+00 1.09557786E+00 1.09199485E+00 1.08862061E+00 1.08507026E+00 1.08177721E+00 1.07832132E+00 1.07512211E+00 1.07179549E+00 1.06874655E+00 1.06558468E+00 1.06269040E+00 1.05970368E+00 1.05698383E+00 1.05419334E+00 1.05166689E+00 1.04907889E+00 1.04655384E+00 1.04396663E+00 1.04131832E+00 1.03861874E+00 1.03586748E+00 1.03304571E+00 1.03015476E+00 1.02721426E+00 1.02422459E+00 1.02114067E+00 1.01795600E+00 1.01473928E+00 1.01157029E+00 1.00833136E+00 1.00451700E+00 1.00000000E+00
1.12513931E+00 1.12513994E+00 1.12513689E+00 1.12513351E+00 1.12513122E+00 1.12513070E+00 1.12513096E+00 1.12513110E+00 1.12513094E+00 1.12513058E+00 1.12513026E+00 1.12513018E+00 1.12513028E+00 1.12513048E+00 1.12513075E+00 1.12513109E+00 1.12513152E+00 1.12513208E+00 1.12513275E+00 1.12513355E+00 1.12513449E+00 1.12513558E+00 1.12513683E+00 1.12513826E+00 1.12513989E+00 1.12514174E+00 1.12514382E+00 1.12514615E+00 1.12514876E+00 1.12515167E+00 1.12515488E+00 1.12515844E+00 1.12516235E+00 1.12516662E+00 1.12517128E+00 1.12517633E+00 1.12518177E+00 1.12518759E+00 1.12519379E+00 1.12520033E+00 1.12520717E+00 1.12521426E+00 1.12522151E+00 1.12522881E+00 1.12523604E+00 1.12524300E+00 1.12524949E+00 1.12525521E+00 1.12525990E+00 1.12526307E+00 1.12526435E+00 1.12526304E+00 1.12525860E+00 1.12525011E+00 1.12523680E+00 1.12521735E+00 1.12519079E+00 1.12515532E+00 1.12510963E+00 1.12505135E+00 1.12497879E+00 1.12488881E+00 1.12477922E+00 1.12464609E+00 1.12448657E+00 1.12429555E+00 1.12406961E+00 1.12380235E+00 1.12348934E+00 1.12312286E+00 1.12269753E+00 1.12220379E+00 1.12163516E+00 1.12098024E+00 1.12023150E+00 1.11937509E+00 1.11840246E+00 1.11729713E+00 1.11604852E+00 1.11463948E+00 1.11305807E+00 1.11128227E+00 1.10929930E+00 1.10708683E+00 1.10462973E+00 1.10192636E+00 1.09894181E+00 1.09597204E+00 1.09273967E+00 1.08964272E+00 1.08631310E+00 1.08316514E+00 1.07981951E+00 1.07668778E+00 1.07338810E+00 1.07032353E+00 1.06712216E+00 1.06417367E+00 1.06111173E+00 1.05830747E+00 1.05541154E+00 1.05277375E+00 1.05006346E+00 1.04760541E+00 1.04509063E+00 1.04281935E+00 1.04050209E+00 1.03841442E+00 1.03629243E+00 1.03423940E+00 1.03215683E+00 1.03004393E+00 1.02790102E+00 1.02573221E+00 1.02353856E+00 1.02131946E+00 1.01907877E+00 1.01682959E+00 1.01456947E+00 1.01228257E+00 1.00999544E+00 1.00783982E+00 1.00578078E+00 1.00325254E+00 1.00000000E+00
1.12302076E+00 1.12302270E+00 1.12302083E+00 1.12301781E+00 1.12301537E+00 1.12301458E+00 1.12301471E+00 1.12301494E+00 1.12301496E+00 1.12301470E+00 1.12301443E+00 1.12301434E+00 1.12301442E+00 1.12301462E+00 1.12301489E+00 1.12301522E+00 1.12301564E+00 1.12301616E+00 1.12301680E+00 1.12301756E+00 1.12301845E+00 1.12301948E+00 1.12302066E+00 1.12302202E+00 1.12302356E+00 1.12302532E+00 1.12302730E+00 1.12302953E+00 1.12303203E+00 1.12303481E+00 1.12303791E+00 1.12304134E+00 1.12304513E+00 1.12304929E+00 1.12305383E+00 1.12305878E+00 1.12306413E+00 1.12306989E+00 1.12307606E+00 1.12308260E+00 1.12308950E+00 1.12309669E+00 1.12310413E+00 1.12311171E+00 1.12311933E+00 1.12312680E+00 1.12313397E+00 1.12314056E+00 1.12314632E+00 1.12315082E+00 1.12315373E+00 1.12315440E+00 1.12315232E+00 1.12314665E+00 1.12313669E+00 1.12312118E+00 1.12309924E+00 1.12306917E+00 1.12302972E+00 1.12297866E+00 1.12291438E+00 1.12283389E+00 1.12273509E+00 1.12261425E+00 1.12246866E+00 1.12229337E+00 1.12208513E+00 1.12183771E+00 1.12154682E+00 1.12120492E+00 1.12080685E+00 1.12034327E+00 1.11980787E+00 1.11918936E+00 1.11848048E+00 1.11766755E+00 1.11674228E+00 1.11568818E+00 1.11449460E+00 1.11314467E+00 1.11162683E+00 1.10991882E+00 1.10800791E+00 1.10587204E+00 1.10349632E+00 1.10087812E+00 1.09798315E+00 1.09509753E+00 1.09195344E+00 1.08893762E+00 1.08569190E+00 1.08262024E+00 1.07935381E+00 1.07629519E+00 1.07306981E+00 1.07007030E+00 1.06693641E+00 1.06405056E+00 1.06105246E+00 1.05830543E+00 1.05546788E+00 1.05288289E+00 1.05022627E+00 1.04781643E+00 1.04535034E+00 1.04312208E+00 1.04084793E+00 1.03879927E+00 1.03671607E+00 1.03470003E+00 1.03265271E+00 1.03057329E+00 1.02846380E+00 1.02632814E+00 1.02416245E+00 1.02196654E+00 1.01974617E+00 1.01751139E+00 1.01524550E+00 1.01293212E+00 1.01060456E+00 1.00837259E+00 1.00617731E+00 1.00345898E+00 1.00000000E+00
1.12577299E+00 1.12577478E+00 1.12578182E+00 1.12578696E+00 1.12578879E+00 1.12578713E+00 1.12578425E+00 1.12578227E+00 1.12578138E+00 1.12578136E+00 1.12578156E+00 1.12578151E+00 1.12578133E+00 1.12578118E+00 1.12578117E+00 1.12578137E+00 1.12578170E+00 1.12578214E+00 1.12578268E+00 1.12578334E+00 1.12578415E+00 1.12578511E+00 1.12578625E+00 1.12578756E+00 1.12578908E+00 1.12579081E+00 1.12579277E+00 1.12579500E+00 1.12579750E+00 1.12580031E+00 1.12580345E+00 1.12580695E+00 1.12581082E+00 1.12581509E+00 1.12581979E+00 1.12582492E+00 1.12583052E+00 1.12583657E+00 1.12584308E+00 1.12585006E+00 1.12585748E+00 1.12586530E+00 1.12587348E+00 1.12588194E+00 1.12589059E+00 1.12589927E+00 1.12590786E+00 1.12591609E+00 1.12592376E+00 1.12593046E+00 1.12593592E+00 1.12593951E+00 1.12594077E+00 1.12593891E+00 1.12593329E+00 1.12592271E+00 1.12590634E+00 1.12588255E+00 1.12585015E+00 1.12580697E+00 1.12575150E+00 1.12568080E+00 1.12559283E+00 1.12548402E+00 1.12535170E+00 1.12519098E+00 1.12499870E+00 1.12476866E+00 1.12449660E+00 1.12417503E+00 1.12379882E+00 1.12335868E+00 1.12284828E+00 1.12225619E+00 1.12157522E+00 1.12079146E+00 1.11989653E+00 1.11887359E+00 1.11771180E+00 1.11639412E+00 1.11490861E+00 1.11323221E+00 1.11135195E+00 1.10924513E+00 1.10689603E+00 1.10430059E+00 1.10142396E+00 1.09854980E+00 1.09541128E+00 1.09239401E+00 1.08914061E+00 1.08605605E+00 1.08276976E+00 1.07968726E+00 1.07642914E+00 1.07339236E+00 1.07021572E+00 1.06728602E+00 1.06423579E+00 1.06143493E+00 1.05853693E+00 1.05589274E+00 1.05316934E+00 1.05069366E+00 1.04815449E+00 1.04585499E+00 1.04350407E+00 1.04138262E+00 1.03922038E+00 1.03712271E+00 1.03498645E+00 1.03281087E+00 1.03059919E+00 1.02835387E+00 1.02606798E+00 1.02374119E+00 1.02138078E+00 1.01899407E+00 1.01655925E+00 1.01406082E+00 1.01153600E+00 1.00908712E+00 1.00665459E+00 1.00369385E+00 1.00000000E+00
1.13018486E+00 1.13019153E+00 1.13019798E+00 1.13019997E+00 1.13019852E+00 1.13019549E+00 1.13019261E+00 1.13019111E+00 1.13019056E+00 1.13019035E+00 1.13019015E+00 1.13018978E+00 1.13018943E+00 1.13018927E+00 1.13018929E+00 1.13018949E+00 1.13018982E+00 1.13019024E+00 1.13019079E+00 1.13019147E+00 1.13019230E+00 1.13019330E+00 1.13019447E+00 1.13019583E+00 1.13019739E+00 1.13019919E+00 1.13020125E+00 1.13020358E+00 1.13020622E+00 1.13020920E+00 1.13021254E+00 1.13021628E+00 1.13022045E+00 1.13022507E+00 1.13023018E+00 1.13023582E+00 1.13024199E+00 1.13024873E+00 1.13025605E+00 1.13026396E+00 1.13027246E+00 1.13028153E+00 1.13029116E+00 1.13030128E+00 1.13031183E+00 1.13032269E+00 1.13033374E+00 1.13034478E+00 1.13035562E+00 1.13036593E+00 1.13037543E+00 1.13038355E+00 1.13038987E+00 1.13039368E+00 1.13039438E+00 1.13039083E+00 1.13038221E+00 1.13036695E+00 1.13034391E+00 1.13031098E+00 1.13026667E+00 1.13020808E+00 1.13013321E+00 1.13003857E+00 1.12992147E+00 1.12977698E+00 1.12960192E+00 1.12939002E+00 1.12913694E+00 1.12883507E+00 1.12847917E+00 1.12805977E+00 1.12757042E+00 1.12699927E+00 1.12633891E+00 1.12557489E+00 1.12469843E+00 1.12369198E+00 1.12254446E+00 1.12123816E+00 1.11975994E+00 1.11808555E+00 1.11620160E+00 1.11408401E+00 1.11171549E+00 1.10909056E+00 1.10617316E+00 1.10325078E+00 1.10005100E+00 1.09696703E+00 1.09363521E+00 1.09047035E+00 1.08709129E+00 1.08391565E+00 1.08055234E+00 1.07741166E+00 1.07412186E+00 1.07108298E+00 1.06791341E+00 1.06499782E+00 1.06197724E+00 1.05921786E+00 1.05637108E+00 1.05377913E+00 1.05111665E+00 1.04870208E+00 1.04623112E+00 1.04399905E+00 1.04172099E+00 1.03950781E+00 1.03725057E+00 1.03494890E+00 1.03260689E+00 1.03022614E+00 1.02779813E+00 1.02532292E+00 1.02280900E+00 1.02026248E+00 1.01765942E+00 1.01498589E+00 1.01228162E+00 1.00964651E+00 1.00702282E+00 1.00387437E+00 1.00000000E+00
1.13505824E+00 1.13506588E+00 1.13506849E+00 1.13506658E+00 1.13506257E+00 1.13505902E+00 1.13505641E+00 1.13505486E+00 1.13505376E+00 1.13505267E+00 1.13505162E+00 1.13505073E+00 1.13505012E+00 1.13504981E+00 1.13504976E+00 1.13504988E+00 1.13505017E+00 1.13505061E+00 1.13505121E+00 1.13505198E+00 1.13505292E+00 1.13505404E+00 1.13505535E+00 1.13505688E+00 1.13505864E+00 1.13506065E+00 1.13506295E+00 1.13506558E+00 1.13506855E+00 1.13507191E+00 1.13507569E+00 1.13507995E+00 1.13508472E+00 1.13509004E+00 1.13509596E+00 1.13510253E+00 1.13510978E+00 1.13511775E+00 1.13512649E+00 1.13513602E+00 1.13514637E+00 1.13515754E+00 1.13516955E+00 1.13518236E+00 1.13519594E+00 1.13521022E+00 1.13522509E+00 1.13524040E+00 1.13525601E+00 1.13527162E+00 1.13528699E+00 1.13530158E+00 1.13531501E+00 1.13532668E+00 1.13533597E+00 1.13534176E+00 1.13534328E+00 1.13533897E+00 1.13532768E+00 1.13530737E+00 1.13527651E+00 1.13523215E+00 1.13517232E+00 1.13509353E+00 1.13499297E+00 1.13486552E+00 1.13470793E+00 1.13451367E+00 1.13427824E+00 1.13399377E+00 1.13365471E+00 1.13325123E+00 1.13277661E+00 1.13221839E+00 1.13156872E+00 1.13081233E+00 1.12993988E+00 1.12893290E+00 1.12777998E+00 1.12646242E+00 1.12496559E+00 1.12326391E+00 1.12134358E+00 1.11917896E+00 1.11675115E+00 1.11405370E+00 1.11104924E+00 1.10803409E+00 1.10472602E+00 1.10153202E+00 1.09807725E+00 1.09479190E+00 1.09127944E+00 1.08797458E+00 1.08447090E+00 1.08119627E+00 1.07776371E+00 1.07459046E+00 1.07127803E+00 1.06822864E+00 1.06506804E+00 1.06217959E+00 1.05919751E+00 1.05648061E+00 1.05368811E+00 1.05115449E+00 1.04856122E+00 1.04621807E+00 1.04382558E+00 1.04150011E+00 1.03912718E+00 1.03670690E+00 1.03424399E+00 1.03173956E+00 1.02918412E+00 1.02657825E+00 1.02393141E+00 1.02124908E+00 1.01850627E+00 1.01569047E+00 1.01284311E+00 1.01006312E+00 1.00729495E+00 1.00400735E+00 1.00000000E+00
1.13994085E+00 1.13993591E+00 1.13993130E+00 1.13992776E+00 1.13992474E+00 1.13992191E+00 1.13991921E+00 1.13991678E+00 1.13991476E+00 1.13991325E+00 1.13991217E+00 1.13991144E+00 1.13991100E+00 1.13991082E+00 1.13991086E+00 1.13991112E+00 1.13991159E+00 1.13991223E+00 1.13991306E+00 1.13991406E+00 1.13991526E+00 1.13991666E+00 1.13991828E+00 1.13992014E+00 1.13992228E+00 1.13992472E+00 1.13992750E+00 1.13993067E+00 1.13993426E+00 1.13993833E+00 1.13994292E+00 1.13994811E+00 1.13995393E+00 1.13996045E+00 1.13996773E+00 1.13997585E+00 1.13998485E+00 1.13999481E+00 1.14000577E+00 1.14001782E+00 1.14003099E+00 1.14004533E+00 1.14006086E+00 1.14007759E+00 1.14009552E+00 1.14011461E+00 1.14013480E+00 1.14015597E+00 1.14017800E+00 1.14020065E+00 1.14022367E+00 1.14024656E+00 1.14026897E+00 1.14029038E+00 1.14031013E+00 1.14032709E+00 1.14034047E+00 1.14034868E+00 1.14035059E+00 1.14034408E+00 1.14032759E+00 1.14029804E+00 1.14025340E+00 1.14019009E+00 1.14010509E+00 1.13999299E+00 1.13985038E+00 1.13967032E+00 1.13944813E+00 1.13917548E+00 1.13884642E+00 1.13845065E+00 1.13798105E+00 1.13742451E+00 1.13677255E+00 1.13600906E+00 1.13512405E+00 1.13409811E+00 1.13291952E+00 1.13156852E+00 1.13002905E+00 1.12827429E+00 1.12629023E+00 1.12404988E+00 1.12153301E+00 1.11873284E+00 1.11561076E+00 1.11247533E+00 1.10903206E+00 1.10570519E+00 1.10210580E+00 1.09868222E+00 1.09502036E+00 1.09157392E+00 1.08791969E+00 1.08450421E+00 1.08092387E+00 1.07761372E+00 1.07415813E+00 1.07097680E+00 1.06767995E+00 1.06466747E+00 1.06155709E+00 1.05872318E+00 1.05581037E+00 1.05316784E+00 1.05046375E+00 1.04802093E+00 1.04552677E+00 1.04310251E+00 1.04062881E+00 1.03810622E+00 1.03553997E+00 1.03293087E+00 1.03026874E+00 1.02755468E+00 1.02479893E+00 1.02200656E+00 1.01915204E+00 1.01622402E+00 1.01326510E+00 1.01037382E+00 1.00749660E+00 1.00410549E+00 1.00000000E+00
1.12841661E+00 1.12841896E+00 1.12841718E+00 1.12841413E+00 1.12841169E+00 1.12841101E+00 1.12841126E+00 1.12841157E+00 1.12841162E+00 1.12841138E+00 1.12841114E+00 1.12841110E+00 1.12841123E+00 1.12841149E+00 1.12841182E+00 1.12841221E+00 1.12841270E+00 1.12841331E+00 1.12841404E+00 1.12841490E+00 1.12841589E+00 1.12841705E+00 1.12841836E+00 1.12841987E+00 1.12842157E+00 1.12842350E+00 1.12842567E+00 1.12842809E+00 1.12843080E+00 1.12843381E+00 1.12843713E+00 1.12844080E+00 1.12844483E+00 1.12844923E+00 1.12845401E+00 1.12845918E+00 1.12846474E+00 1.12847069E+00 1.12847700E+00 1.12848365E+00 1.12849059E+00 1.12849775E+00 1.12850506E+00 1.12851238E+00 1.12851960E+00 1.12852648E+00 1.12853285E+00 1.12853837E+00 1.12854278E+00 1.12854555E+00 1.12854633E+00 1.12854436E+00 1.12853910E+00 1.12852959E+00 1.12851506E+00 1.12849411E+00 1.12846576E+00 1.12842817E+00 1.12837997E+00 1.12831876E+00 1.12824279E+00 1.12814885E+00 1.12803472E+00 1.12789636E+00 1.12773088E+00 1.12753307E+00 1.12729943E+00 1.12702346E+00 1.12670070E+00 1.12632328E+00 1.12588575E+00 1.12537841E+00 1.12479469E+00 1.12412313E+00 1.12335602E+00 1.12247941E+00 1.12148459E+00 1.12035502E+00 1.11908019E+00 1.11764264E+00 1.11603013E+00 1.11422078E+00 1.11220182E+00 1.10995051E+00 1.10745154E+00 1.10470360E+00 1.10167109E+00 1.09865537E+00 1.09537346E+00 1.09222990E+00 1.08885105E+00 1.08565729E+00 1.08226287E+00 1.07908487E+00 1.07573587E+00 1.07262659E+00 1.06937803E+00 1.06638437E+00 1.06327452E+00 1.06042546E+00 1.05748193E+00 1.05479981E+00 1.05204222E+00 1.04953984E+00 1.04697758E+00 1.04466140E+00 1.04229690E+00 1.04016513E+00 1.03799618E+00 1.03589512E+00 1.03376086E+00 1.03159284E+00 1.02939116E+00 1.02715813E+00 1.02489428E+00 1.02259909E+00 1.02027405E+00 1.01792706E+00 1.01555758E+00 1.01315316E+00 1.01072396E+00 1.00837489E+00 1.00613477E+00 1.00344943E+00 1.00000000E+00
1.12791995E+00 1.12792362E+00 1.12792289E+00 1.12792007E+00 1.12791736E+00 1.12791636E+00 1.12791644E+00 1.12791681E+00 1.12791699E+00 1.12791682E+00 1.12791659E+00 1.12791652E+00 1.12791662E+00 1.12791687E+00 1.12791720E+00 1.12791760E+00 1.12791808E+00 1.12791867E+00 1.12791938E+00 1.12792023E+00 1.12792121E+00 1.12792234E+00 1.12792364E+00 1.12792512E+00 1.12792680E+00 1.12792870E+00 1.12793084E+00 1.12793323E+00 1.12793591E+00 1.12793888E+00 1.12794218E+00 1.12794581E+00 1.12794981E+00 1.12795418E+00 1.12795894E+00 1.12796409E+00 1.12796965E+00 1.12797559E+00 1.12798192E+00 1.12798859E+00 1.12799558E+00 1.12800281E+00 1.12801021E+00 1.12801767E+00 1.12802505E+00 1.12803216E+00 1.12803881E+00 1.12804468E+00 1.12804950E+00 1.12805279E+00 1.12805418E+00 1.12805295E+00 1.12804856E+00 1.12804009E+00 1.12802676E+00 1.12800723E+00 1.12798053E+00 1.12794484E+00 1.12789883E+00 1.12784014E+00 1.12776703E+00 1.12767637E+00 1.12756593E+00 1.12743177E+00 1.12727101E+00 1.12707851E+00 1.12685081E+00 1.12658147E+00 1.12626606E+00 1.12589677E+00 1.12546822E+00 1.12497077E+00 1.12439789E+00 1.12373814E+00 1.12298391E+00 1.12212128E+00 1.12114159E+00 1.12002832E+00 1.11877090E+00 1.11735196E+00 1.11575935E+00 1.11397113E+00 1.11197452E+00 1.10974684E+00 1.10727283E+00 1.10455086E+00 1.10154551E+00 1.09855515E+00 1.09529976E+00 1.09218044E+00 1.08882653E+00 1.08565535E+00 1.08228422E+00 1.07912755E+00 1.07580014E+00 1.07270971E+00 1.06948058E+00 1.06650478E+00 1.06341298E+00 1.06057995E+00 1.05765259E+00 1.05498490E+00 1.05224179E+00 1.04975218E+00 1.04720260E+00 1.04489738E+00 1.04254358E+00 1.04042125E+00 1.03826136E+00 1.03616863E+00 1.03404181E+00 1.03188031E+00 1.02968465E+00 1.02745698E+00 1.02519619E+00 1.02290188E+00 1.02057584E+00 1.01822507E+00 1.01584431E+00 1.01342086E+00 1.01096672E+00 1.00858018E+00 1.00628474E+00 1.00352778E+00 1.00000000E+00
1.12916065E+00 1.12916597E+00 1.12917509E+00 1.12918053E+00 1.12918178E+00 1.12917968E+00 1.12917682E+00 1.12917535E+00 1.12917506E+00 1.12917541E+00 1.12917575E+00 1.12917573E+00 1.12917559E+00 1.12917555E+00 1.12917570E+00 1.12917603E+00 1.12917648E+00 1.12917703E+00 1.12917768E+00 1.12917847E+00 1.12917941E+00 1.12918052E+00 1.12918179E+00 1.12918326E+00 1.12918493E+00 1.12918683E+00 1.12918897E+00 1.12919138E+00 1.12919407E+00 1.12919708E+00 1.12920041E+00 1.12920410E+00 1.12920815E+00 1.12921260E+00 1.12921745E+00 1.12922272E+00 1.12922841E+00 1.12923451E+00 1.12924103E+00 1.12924793E+00 1.12925518E+00 1.12926271E+00 1.12927047E+00 1.12927834E+00 1.12928621E+00 1.12929387E+00 1.12930115E+00 1.12930774E+00 1.12931339E+00 1.12931763E+00 1.12932009E+00 1.12932008E+00 1.12931706E+00 1.12931013E+00 1.12929855E+00 1.12928096E+00 1.12925643E+00 1.12922316E+00 1.12917984E+00 1.12912411E+00 1.12905427E+00 1.12896719E+00 1.12886067E+00 1.12873079E+00 1.12857470E+00 1.12838725E+00 1.12816499E+00 1.12790149E+00 1.12759231E+00 1.12722962E+00 1.12680804E+00 1.12631791E+00 1.12575266E+00 1.12510078E+00 1.12435466E+00 1.12350024E+00 1.12252881E+00 1.12142368E+00 1.12017416E+00 1.11876275E+00 1.11717717E+00 1.11539513E+00 1.11340368E+00 1.11117985E+00 1.10870802E+00 1.10598608E+00 1.10297827E+00 1.09998298E+00 1.09671975E+00 1.09359048E+00 1.09022358E+00 1.08703801E+00 1.08364929E+00 1.08047416E+00 1.07712473E+00 1.07401148E+00 1.07075700E+00 1.06775607E+00 1.06463590E+00 1.06177483E+00 1.05881678E+00 1.05611962E+00 1.05334419E+00 1.05082355E+00 1.04824031E+00 1.04590297E+00 1.04351506E+00 1.04136079E+00 1.03916677E+00 1.03703946E+00 1.03487564E+00 1.03267474E+00 1.03043771E+00 1.02816626E+00 1.02585835E+00 1.02351365E+00 1.02113441E+00 1.01872702E+00 1.01628457E+00 1.01379497E+00 1.01127172E+00 1.00881075E+00 1.00643670E+00 1.00360226E+00 1.00000000E+00
1.13096413E+00 1.13097225E+00 1.13098217E+00 1.13098735E+00 1.13098803E+00 1.13098576E+00 1.13098297E+00 1.13098163E+00 1.13098137E+00 1.13098156E+00 1.13098167E+00 1.13098145E+00 1.13098116E+00 1.13098103E+00 1.13098110E+00 1.13098136E+00 1.13098175E+00 1.13098224E+00 1.13098286E+00 1.13098363E+00 1.13098456E+00 1.13098566E+00 1.13098695E+00 1.13098844E+00 1.13099014E+00 1.13099208E+00 1.13099428E+00 1.13099676E+00 1.13099955E+00 1.13100266E+00 1.13100612E+00 1.13100996E+00 1.13101420E+00 1.13101885E+00 1.13102395E+00 1.13102950E+00 1.13103552E+00 1.13104200E+00 1.13104895E+00 1.13105634E+00 1.13106416E+00 1.13107233E+00 1.13108082E+00 1.13108951E+00 1.13109830E+00 1.13110700E+00 1.13111545E+00 1.13112334E+00 1.13113045E+00 1.13113630E+00 1.13114056E+00 1.13114252E+00 1.13114168E+00 1.13113714E+00 1.13112817E+00 1.13111345E+00 1.13109202E+00 1.13106210E+00 1.13102239E+00 1.13097053E+00 1.13090482E+00 1.13082213E+00 1.13072024E+00 1.13059525E+00 1.13044425E+00 1.13026207E+00 1.13004523E+00 1.12978722E+00 1.12948355E+00 1.12912630E+00 1.12871000E+00 1.12822490E+00 1.12766432E+00 1.12701654E+00 1.12627384E+00 1.12542190E+00 1.12445186E+00 1.12334668E+00 1.12209552E+00 1.12068057E+00 1.11908915E+00 1.11729847E+00 1.11529539E+00 1.11305637E+00 1.11056529E+00 1.10781963E+00 1.10478309E+00 1.10175692E+00 1.09845749E+00 1.09529124E+00 1.09188268E+00 1.08865602E+00 1.08522156E+00 1.08200196E+00 1.07860383E+00 1.07544379E+00 1.07213927E+00 1.06909099E+00 1.06592018E+00 1.06301142E+00 1.06000316E+00 1.05725948E+00 1.05443500E+00 1.05186890E+00 1.04923810E+00 1.04685696E+00 1.04442383E+00 1.04222829E+00 1.03999154E+00 1.03782214E+00 1.03561470E+00 1.03336882E+00 1.03108573E+00 1.02876695E+00 1.02640992E+00 1.02401452E+00 1.02158345E+00 1.01912279E+00 1.01662495E+00 1.01407859E+00 1.01149813E+00 1.00897844E+00 1.00654563E+00 1.00365540E+00 1.00000000E+00
1.13288205E+00 1.13289429E+00 1.13290366E+00 1.13290664E+00 1.13290527E+00 1.13290246E+00 1.13289993E+00 1.13289879E+00 1.13289833E+00 1.13289786E+00 1.13289717E+00 1.13289633E+00 1.13289559E+00 1.13289513E+00 1.13289493E+00 1.13289492E+00 1.13289507E+00 1.13289538E+00 1.13289587E+00 1.13289655E+00 1.13289743E+00 1.13289851E+00 1.13289981E+00 1.13290134E+00 1.13290312E+00 1.13290516E+00 1.13290749E+00 1.13291014E+00 1.13291311E+00 1.13291646E+00 1.13292019E+00 1.13292435E+00 1.13292895E+00 1.13293402E+00 1.13293959E+00 1.13294568E+00 1.13295231E+00 1.13295947E+00 1.13296719E+00 1.13297544E+00 1.13298422E+00 1.13299347E+00 1.13300315E+00 1.13301316E+00 1.13302341E+00 1.13303371E+00 1.13304392E+00 1.13305374E+00 1.13306295E+00 1.13307110E+00 1.13307784E+00 1.13308248E+00 1.13308451E+00 1.13308307E+00 1.13307741E+00 1.13306619E+00 1.13304846E+00 1.13302242E+00 1.13298674E+00 1.13293906E+00 1.13287766E+00 1.13279934E+00 1.13270187E+00 1.13258129E+00 1.13243465E+00 1.13225663E+00 1.13204372E+00 1.13178926E+00 1.13148866E+00 1.13113386E+00 1.13071926E+00 1.13023489E+00 1.12967396E+00 1.12902448E+00 1.12827856E+00 1.12742154E+00 1.12644435E+00 1.12532960E+00 1.12406630E+00 1.12263628E+00 1.12102640E+00 1.11921344E+00 1.11718410E+00 1.11491435E+00 1.11238764E+00 1.10960136E+00 1.10651868E+00 1.10344564E+00 1.10009389E+00 1.09687656E+00 1.09341256E+00 1.09013305E+00 1.08664164E+00 1.08336826E+00 1.07991300E+00 1.07669955E+00 1.07333912E+00 1.07023909E+00 1.06701417E+00 1.06405556E+00 1.06099582E+00 1.05820527E+00 1.05533227E+00 1.05272198E+00 1.05004571E+00 1.04762338E+00 1.04514832E+00 1.04291504E+00 1.04063973E+00 1.03843289E+00 1.03618721E+00 1.03390246E+00 1.03158009E+00 1.02922150E+00 1.02682382E+00 1.02438715E+00 1.02191450E+00 1.01941182E+00 1.01687114E+00 1.01428175E+00 1.01165866E+00 1.00909613E+00 1.00662150E+00 1.00369227E+00 1.00000000E+00
1.13476716E+00 1.13477827E+00 1.13478257E+00 1.13478153E+00 1.13477810E+00 1.13477519E+00 1.13477299E+00 1.13477137E+00 1.13476972E+00 1.13476775E+00 1.13476570E+00 1.13476386E+00 1.13476236E+00 1.13476123E+00 1.13476039E+00 1.13475981E+00 1.13475949E+00 1.13475943E+00 1.13475965E+00 1.13476013E+00 1.13476088E+00 1.13476191E+00 1.13476321E+00 1.13476480E+00 1.13476669E+00 1.13476891E+00 1.13477147E+00 1.13477440E+00 1.13477772E+00 1.13478147E+00 1.13478566E+00 1.13479034E+00 1.13479554E+00 1.13480128E+00 1.13480759E+00 1.13481451E+00 1.13482205E+00 1.13483024E+00 1.13483907E+00 1.13484855E+00 1.13485867E+00 1.13486939E+00 1.13488067E+00 1.13489241E+00 1.13490453E+00 1.13491685E+00 1.13492923E+00 1.13494138E+00 1.13495307E+00 1.13496385E+00 1.13497337E+00 1.13498094E+00 1.13498603E+00 1.13498778E+00 1.13498543E+00 1.13497759E+00 1.13496331E+00 1.13494072E+00 1.13490850E+00 1.13486420E+00 1.13480607E+00 1.13473083E+00 1.13463620E+00 1.13451813E+00 1.13437358E+00 1.13419709E+00 1.13398506E+00 1.13373066E+00 1.13342919E+00 1.13307241E+00 1.13265456E+00 1.13216547E+00 1.13159818E+00 1.13094049E+00 1.13018428E+00 1.12931462E+00 1.12832222E+00 1.12718941E+00 1.12590509E+00 1.12445078E+00 1.12281296E+00 1.12096809E+00 1.11890283E+00 1.11659283E+00 1.11402121E+00 1.11118560E+00 1.10804869E+00 1.10492221E+00 1.10151245E+00 1.09823991E+00 1.09471732E+00 1.09138313E+00 1.08783395E+00 1.08450703E+00 1.08099590E+00 1.07773112E+00 1.07431769E+00 1.07116932E+00 1.06789456E+00 1.06489066E+00 1.06178470E+00 1.05895256E+00 1.05603701E+00 1.05338838E+00 1.05067308E+00 1.04821575E+00 1.04570538E+00 1.04344059E+00 1.04113339E+00 1.03889584E+00 1.03661906E+00 1.03430297E+00 1.03194922E+00 1.02955909E+00 1.02712952E+00 1.02466078E+00 1.02215616E+00 1.01962149E+00 1.01704857E+00 1.01442720E+00 1.01177279E+00 1.00917917E+00 1.00667467E+00 1.00371799E+00 1.00000000E+00
1.11313641E+00 1.11313401E+00 1.11312838E+00 1.11312412E+00 1.11312194E+00 1.11312171E+00 1.11312208E+00 1.11312197E+00 1.11312147E+00 1.11312086E+00 1.11312040E+00 1.11312022E+00 1.11312021E+00 1.11312029E+00 1.11312042E+00 1.11312062E+00 1.11312092E+00 1.11312133E+00 1.11312185E+00 1.11312248E+00 1.11312324E+00 1.11312413E+00 1.11312516E+00 1.11312637E+00 1.11312774E+00 1.11312932E+00 1.11313110E+00 1.11313312E+00 1.11313538E+00 1.11313792E+00 1.11314074E+00 1.11314388E+00 1.11314735E+00 1.11315117E+00 1.11315534E+00 1.11315990E+00 1.11316484E+00 1.11317016E+00 1.11317586E+00 1.11318192E+00 1.11318831E+00 1.11319499E+00 1.11320189E+00 1.11320893E+00 1.11321602E+00 1.11322297E+00 1.11322963E+00 1.11323575E+00 1.11324109E+00 1.11324523E+00 1.11324788E+00 1.11324841E+00 1.11324633E+00 1.11324083E+00 1.11323124E+00 1.11321638E+00 1.11319538E+00 1.11316662E+00 1.11312891E+00 1.11308009E+00 1.11301864E+00 1.11294166E+00 1.11284712E+00 1.11273144E+00 1.11259198E+00 1.11242397E+00 1.11222428E+00 1.11198692E+00 1.11170773E+00 1.11137936E+00 1.11099678E+00 1.11055097E+00 1.11003597E+00 1.10944067E+00 1.10875803E+00 1.10797480E+00 1.10708300E+00 1.10606664E+00 1.10491527E+00 1.10361262E+00 1.10214768E+00 1.10049874E+00 1.09865315E+00 1.09658941E+00 1.09429335E+00 1.09176320E+00 1.08896623E+00 1.08617756E+00 1.08313976E+00 1.08022765E+00 1.07709412E+00 1.07412728E+00 1.07097368E+00 1.06802579E+00 1.06492171E+00 1.06203436E+00 1.05901761E+00 1.05624318E+00 1.05336520E+00 1.05073255E+00 1.04801750E+00 1.04554694E+00 1.04301196E+00 1.04071650E+00 1.03837335E+00 1.03626293E+00 1.03411428E+00 1.03218167E+00 1.03022203E+00 1.02833372E+00 1.02642578E+00 1.02449660E+00 1.02254780E+00 1.02058769E+00 1.01861821E+00 1.01664043E+00 1.01466679E+00 1.01272196E+00 1.01078792E+00 1.00886250E+00 1.00702090E+00 1.00542596E+00 1.00403028E+00 1.00232873E+00 1.00000000E+00
1.09661893E+00 1.09661719E+00 1.09661306E+00 1.09661019E+00 1.09660882E+00 1.09660874E+00 1.09660907E+00 1.09660917E+00 1.09660909E+00 1.09660892E+00 1.09660878E+00 1.09660873E+00 1.09660875E+00 1.09660885E+00 1.09660900E+00 1.09660920E+00 1.09660945E+00 1.09660976E+00 1.09661014E+00 1.09661060E+00 1.09661115E+00 1.09661179E+00 1.09661253E+00 1.09661340E+00 1.09661440E+00 1.09661555E+00 1.09661687E+00 1.09661837E+00 1.09662007E+00 1.09662198E+00 1.09662414E+00 1.09662657E+00 1.09662928E+00 1.09663229E+00 1.09663562E+00 1.09663932E+00 1.09664337E+00 1.09664780E+00 1.09665261E+00 1.09665783E+00 1.09666344E+00 1.09666940E+00 1.09667572E+00 1.09668236E+00 1.09668927E+00 1.09669634E+00 1.09670348E+00 1.09671054E+00 1.09671736E+00 1.09672367E+00 1.09672930E+00 1.09673383E+00 1.09673689E+00 1.09673786E+00 1.09673631E+00 1.09673138E+00 1.09672244E+00 1.09670830E+00 1.09668804E+00 1.09666000E+00 1.09662304E+00 1.09657481E+00 1.09651367E+00 1.09643685E+00 1.09634226E+00 1.09622598E+00 1.09608560E+00 1.09591625E+00 1.09571427E+00 1.09547310E+00 1.09518867E+00 1.09485363E+00 1.09446304E+00 1.09400661E+00 1.09347827E+00 1.09286666E+00 1.09216495E+00 1.09135830E+00 1.09043691E+00 1.08938646E+00 1.08819771E+00 1.08684975E+00 1.08533007E+00 1.08361838E+00 1.08170344E+00 1.07958223E+00 1.07722505E+00 1.07485911E+00 1.07227121E+00 1.06978140E+00 1.06708953E+00 1.06452453E+00 1.06179473E+00 1.05925141E+00 1.05656434E+00 1.05404307E+00 1.05140414E+00 1.04898097E+00 1.04646519E+00 1.04416192E+00 1.04178679E+00 1.03962586E+00 1.03740672E+00 1.03539873E+00 1.03334948E+00 1.03150471E+00 1.02962871E+00 1.02794504E+00 1.02624071E+00 1.02460532E+00 1.02295332E+00 1.02128452E+00 1.01960935E+00 1.01794064E+00 1.01626845E+00 1.01459914E+00 1.01295038E+00 1.01131862E+00 1.00966756E+00 1.00807055E+00 1.00661945E+00 1.00530569E+00 1.00402268E+00 1.00233787E+00 1.00000000E+00
1.09084870E+00 1.09084556E+00 1.09084361E+00 1.09084499E+00 1.09084792E+00 1.09084992E+00 1.09085025E+00 1.09084926E+00 1.09084819E+00 1.09084800E+00 1.09084842E+00 1.09084891E+00 1.09084921E+00 1.09084923E+00 1.09084921E+00 1.09084930E+00 1.09084950E+00 1.09084976E+00 1.09085005E+00 1.09085037E+00 1.09085075E+00 1.09085122E+00 1.09085178E+00 1.09085244E+00 1.09085320E+00 1.09085409E+00 1.09085511E+00 1.09085630E+00 1.09085766E+00 1.09085921E+00 1.09086097E+00 1.09086298E+00 1.09086525E+00 1.09086780E+00 1.09087066E+00 1.09087387E+00 1.09087744E+00 1.09088139E+00 1.09088575E+00 1.09089055E+00 1.09089580E+00 1.09090147E+00 1.09090761E+00 1.09091422E+00 1.09092129E+00 1.09092876E+00 1.09093659E+00 1.09094469E+00 1.09095298E+00 1.09096129E+00 1.09096957E+00 1.09097753E+00 1.09098485E+00 1.09099114E+00 1.09099613E+00 1.09099920E+00 1.09099990E+00 1.09099736E+00 1.09099088E+00 1.09097920E+00 1.09096145E+00 1.09093562E+00 1.09090046E+00 1.09085388E+00 1.09079423E+00 1.09071825E+00 1.09062405E+00 1.09050759E+00 1.09036556E+00 1.09019194E+00 1.08998331E+00 1.08973381E+00 1.08943938E+00 1.08909050E+00 1.08868169E+00 1.08820276E+00 1.08764685E+00 1.08699955E+00 1.08625340E+00 1.08539640E+00 1.08441771E+00 1.08329543E+00 1.08201867E+00 1.08056871E+00 1.07893317E+00 1.07710547E+00 1.07506035E+00 1.07299385E+00 1.07071315E+00 1.06849773E+00 1.06608704E+00 1.06377742E+00 1.06131187E+00 1.05901201E+00 1.05655820E+00 1.05423166E+00 1.05179451E+00 1.04955763E+00 1.04722368E+00 1.04507643E+00 1.04285762E+00 1.04083625E+00 1.03875249E+00 1.03686201E+00 1.03492713E+00 1.03317926E+00 1.03140030E+00 1.02980439E+00 1.02818456E+00 1.02662215E+00 1.02503501E+00 1.02342398E+00 1.02180381E+00 1.02018014E+00 1.01853302E+00 1.01686772E+00 1.01520546E+00 1.01351787E+00 1.01175703E+00 1.01001089E+00 1.00836914E+00 1.00675685E+00 1.00504954E+00 1.00286520E+00 1.00000000E+00
1.08987178E+00 1.08985168E+00 1.08983691E+00 1.08983676E+00 1.08984614E+00 1.08985682E+00 1.08986412E+00 1.08986589E+00 1.08986538E+00 1.08986578E+00 1.08986751E+00 1.08986999E+00 1.08987213E+00 1.08987334E+00 1.08987402E+00 1.08987460E+00 1.08987520E+00 1.08987582E+00 1.08987636E+00 1.08987680E+00 1.08987721E+00 1.08987764E+00 1.08987811E+00 1.08987866E+00 1.08987927E+00 1.08987997E+00 1.08988079E+00 1.08988175E+00 1.08988286E+00 1.08988415E+00 1.08988563E+00 1.08988735E+00 1.08988932E+00 1.08989157E+00 1.08989413E+00 1.08989705E+00 1.08990036E+00 1.08990406E+00 1.08990821E+00 1.08991287E+00 1.08991804E+00 1.08992375E+00 1.08993003E+00 1.08993697E+00 1.08994456E+00 1.08995279E+00 1.08996166E+00 1.08997116E+00 1.08998129E+00 1.08999200E+00 1.09000325E+00 1.09001483E+00 1.09002659E+00 1.09003838E+00 1.09005005E+00 1.09006121E+00 1.09007148E+00 1.09008016E+00 1.09008686E+00 1.09009074E+00 1.09009100E+00 1.09008581E+00 1.09007444E+00 1.09005574E+00 1.09002821E+00 1.08998911E+00 1.08993684E+00 1.08986790E+00 1.08977943E+00 1.08966592E+00 1.08952400E+00 1.08934891E+00 1.08913808E+00 1.08888321E+00 1.08857828E+00 1.08821315E+00 1.08777994E+00 1.08726474E+00 1.08666465E+00 1.08596942E+00 1.08516257E+00 1.08422071E+00 1.08313593E+00 1.08189008E+00 1.08046664E+00 1.07885560E+00 1.07703623E+00 1.07518170E+00 1.07310717E+00 1.07106717E+00 1.06883469E+00 1.06668637E+00 1.06437981E+00 1.06221556E+00 1.05988318E+00 1.05765437E+00 1.05531849E+00 1.05317391E+00 1.05092406E+00 1.04883948E+00 1.04667821E+00 1.04470503E+00 1.04266095E+00 1.04079480E+00 1.03887466E+00 1.03712937E+00 1.03534574E+00 1.03373940E+00 1.03209762E+00 1.03049705E+00 1.02885537E+00 1.02717438E+00 1.02546993E+00 1.02374041E+00 1.02196001E+00 1.02013413E+00 1.01828621E+00 1.01637606E+00 1.01434895E+00 1.01229779E+00 1.01031462E+00 1.00830128E+00 1.00612329E+00 1.00341675E+00 1.00000000E+00
1.09137958E+00 1.09138592E+00 1.09138835E+00 1.09139222E+00 1.09139802E+00 1.09140475E+00 1.09141063E+00 1.09141465E+00 1.09141746E+00 1.09141981E+00 1.09142191E+00 1.09142379E+00 1.09142527E+00 1.09142633E+00 1.09142709E+00 1.09142766E+00 1.09142810E+00 1.09142845E+00 1.09142871E+00 1.09142893E+00 1.09142912E+00 1.09142933E+00 1.09142957E+00 1.09142987E+00 1.09143024E+00 1.09143070E+00 1.09143127E+00 1.09143199E+00 1.09143285E+00 1.09143389E+00 1.09143513E+00 1.09143660E+00 1.09143835E+00 1.09144038E+00 1.09144274E+00 1.09144550E+00 1.09144867E+00 1.09145228E+00 1.09145638E+00 1.09146109E+00 1.09146642E+00 1.09147245E+00 1.09147920E+00 1.09148676E+00 1.09149521E+00 1.09150461E+00 1.09151495E+00 1.09152633E+00 1.09153883E+00 1.09155256E+00 1.09156735E+00 1.09158302E+00 1.09159978E+00 1.09161789E+00 1.09163721E+00 1.09165749E+00 1.09167828E+00 1.09169892E+00 1.09171950E+00 1.09173963E+00 1.09175846E+00 1.09177423E+00 1.09178696E+00 1.09179672E+00 1.09180181E+00 1.09179986E+00 1.09178935E+00 1.09176716E+00 1.09173102E+00 1.09167580E+00 1.09159778E+00 1.09149317E+00 1.09136120E+00 1.09119486E+00 1.09098646E+00 1.09072506E+00 1.09040193E+00 1.09000422E+00 1.08953355E+00 1.08897966E+00 1.08831895E+00 1.08752673E+00 1.08659845E+00 1.08551546E+00 1.08425654E+00 1.08280864E+00 1.08115421E+00 1.07944892E+00 1.07751302E+00 1.07558576E+00 1.07346572E+00 1.07141686E+00 1.06920182E+00 1.06710620E+00 1.06482839E+00 1.06263991E+00 1.06034257E+00 1.05822610E+00 1.05599093E+00 1.05390266E+00 1.05172666E+00 1.04973164E+00 1.04765087E+00 1.04573463E+00 1.04374865E+00 1.04193077E+00 1.04006240E+00 1.03836990E+00 1.03662730E+00 1.03491260E+00 1.03313960E+00 1.03131130E+00 1.02944440E+00 1.02753282E+00 1.02554707E+00 1.02349330E+00 1.02139697E+00 1.01921231E+00 1.01688003E+00 1.01449471E+00 1.01215115E+00 1.00974009E+00 1.00711875E+00 1.00392821E+00 1.00000000E+00
1.09435136E+00 1.09436418E+00 1.09437515E+00 1.09438325E+00 1.09438958E+00 1.09439515E+00 1.09440011E+00 1.09440439E+00 1.09440778E+00 1.09441033E+00 1.09441222E+00 1.09441366E+00 1.09441471E+00 1.09441545E+00 1.09441589E+00 1.09441613E+00 1.09441619E+00 1.09441616E+00 1.09441606E+00 1.09441593E+00 1.09441578E+00 1.09441566E+00 1.09441558E+00 1.09441557E+00 1.09441563E+00 1.09441579E+00 1.09441606E+00 1.09441648E+00 1.09441709E+00 1.09441789E+00 1.09441888E+00 1.09442012E+00 1.09442166E+00 1.09442354E+00 1.09442577E+00 1.09442845E+00 1.09443158E+00 1.09443522E+00 1.09443941E+00 1.09444434E+00 1.09445009E+00 1.09445675E+00 1.09446427E+00 1.09447277E+00 1.09448245E+00 1.09449347E+00 1.09450580E+00 1.09451963E+00 1.09453517E+00 1.09455267E+00 1.09457173E+00 1.09459218E+00 1.09461484E+00 1.09464053E+00 1.09466889E+00 1.09469976E+00 1.09473253E+00 1.09476648E+00 1.09480233E+00 1.09484024E+00 1.09487915E+00 1.09491752E+00 1.09495619E+00 1.09499644E+00 1.09503619E+00 1.09507330E+00 1.09510624E+00 1.09513219E+00 1.09514947E+00 1.09515317E+00 1.09513907E+00 1.09510438E+00 1.09504990E+00 1.09496939E+00 1.09485311E+00 1.09468899E+00 1.09446795E+00 1.09417839E+00 1.09382490E+00 1.09339577E+00 1.09286095E+00 1.09219441E+00 1.09139487E+00 1.09044306E+00 1.08931321E+00 1.08798879E+00 1.08645477E+00 1.08485467E+00 1.08301230E+00 1.08115605E+00 1.07910322E+00 1.07710960E+00 1.07493764E+00 1.07286336E+00 1.07059110E+00 1.06839662E+00 1.06608354E+00 1.06393885E+00 1.06165699E+00 1.05950789E+00 1.05725603E+00 1.05518099E+00 1.05300234E+00 1.05098017E+00 1.04887104E+00 1.04692982E+00 1.04492554E+00 1.04310135E+00 1.04121342E+00 1.03934479E+00 1.03740312E+00 1.03539248E+00 1.03333048E+00 1.03120822E+00 1.02899338E+00 1.02669268E+00 1.02433358E+00 1.02186741E+00 1.01923129E+00 1.01651979E+00 1.01383055E+00 1.01104797E+00 1.00802164E+00 1.00439195E+00 1.00000000E+00
1.11691814E+00 1.11691579E+00 1.11691073E+00 1.11690702E+00 1.11690519E+00 1.11690505E+00 1.11690538E+00 1.11690526E+00 1.11690479E+00 1.11690425E+00 1.11690386E+00 1.11690374E+00 1.11690378E+00 1.11690389E+00 1.11690406E+00 1.11690431E+00 1.11690465E+00 1.11690510E+00 1.11690567E+00 1.11690636E+00 1.11690717E+00 1.11690812E+00 1.11690922E+00 1.11691050E+00 1.11691195E+00 1.11691361E+00 1.11691548E+00 1.11691760E+00 1.11691996E+00 1.11692261E+00 1.11692556E+00 1.11692883E+00 1.11693243E+00 1.11693639E+00 1.11694071E+00 1.11694542E+00 1.11695052E+00 1.11695600E+00 1.11696185E+00 1.11696806E+00 1.11697460E+00 1.11698140E+00 1.11698842E+00 1.11699555E+00 1.11700269E+00 1.11700964E+00 1.11701627E+00 1.11702227E+00 1.11702741E+00 1.11703127E+00 1.11703351E+00 1.11703348E+00 1.11703069E+00 1.11702428E+00 1.11701356E+00 1.11699729E+00 1.11697459E+00 1.11694377E+00 1.11690361E+00 1.11685188E+00 1.11678700E+00 1.11670601E+00 1.11660682E+00 1.11648574E+00 1.11634007E+00 1.11616493E+00 1.11595711E+00 1.11571046E+00 1.11542075E+00 1.11508052E+00 1.11468465E+00 1.11422392E+00 1.11369222E+00 1.11307832E+00 1.11237507E+00 1.11156901E+00 1.11065200E+00 1.10960788E+00 1.10842613E+00 1.10709025E+00 1.10558897E+00 1.10390039E+00 1.10201187E+00 1.09990177E+00 1.09755560E+00 1.09497147E+00 1.09211604E+00 1.08927107E+00 1.08617296E+00 1.08320334E+00 1.08000885E+00 1.07698626E+00 1.07377380E+00 1.07076906E+00 1.06760429E+00 1.06466226E+00 1.06158899E+00 1.05876153E+00 1.05582751E+00 1.05314246E+00 1.05037212E+00 1.04785051E+00 1.04526226E+00 1.04291758E+00 1.04052262E+00 1.03836352E+00 1.03616376E+00 1.03418438E+00 1.03217597E+00 1.03023809E+00 1.02827767E+00 1.02629351E+00 1.02428677E+00 1.02226448E+00 1.02022830E+00 1.01817849E+00 1.01612427E+00 1.01408711E+00 1.01205781E+00 1.01002891E+00 1.00805560E+00 1.00629144E+00 1.00467226E+00 1.00266423E+00 1.00000000E+00
1.10527327E+00 1.10527184E+00 1.10526803E+00 1.10526521E+00 1.10526382E+00 1.10526379E+00 1.10526419E+00 1.10526428E+00 1.10526411E+00 1.10526383E+00 1.10526362E+00 1.10526358E+00 1.10526366E+00 1.10526380E+00 1.10526399E+00 1.10526422E+00 1.10526451E+00 1.10526488E+00 1.10526534E+00 1.10526589E+00 1.10526653E+00 1.10526729E+00 1.10526816E+00 1.10526918E+00 1.10527034E+00 1.10527167E+00 1.10527318E+00 1.10527490E+00 1.10527684E+00 1.10527902E+00 1.10528147E+00 1.10528421E+00 1.10528725E+00 1.10529062E+00 1.10529434E+00 1.10529843E+00 1.10530291E+00 1.10530777E+00 1.10531303E+00 1.10531870E+00 1.10532474E+00 1.10533115E+00 1.10533788E+00 1.10534489E+00 1.10535212E+00 1.10535942E+00 1.10536671E+00 1.10537377E+00 1.10538043E+00 1.10538638E+00 1.10539140E+00 1.10539499E+00 1.10539673E+00 1.10539595E+00 1.10539215E+00 1.10538434E+00 1.10537181E+00 1.10535321E+00 1.10532751E+00 1.10529288E+00 1.10524803E+00 1.10519041E+00 1.10511824E+00 1.10502846E+00 1.10491878E+00 1.10478497E+00 1.10462432E+00 1.10443144E+00 1.10420250E+00 1.10393074E+00 1.10361175E+00 1.10323743E+00 1.10280233E+00 1.10229584E+00 1.10171162E+00 1.10103750E+00 1.10026618E+00 1.09938220E+00 1.09837540E+00 1.09723067E+00 1.09593796E+00 1.09447567E+00 1.09283154E+00 1.09098525E+00 1.08892401E+00 1.08664414E+00 1.08411469E+00 1.08158236E+00 1.07881621E+00 1.07615669E+00 1.07328715E+00 1.07056309E+00 1.06766472E+00 1.06495514E+00 1.06209398E+00 1.05942138E+00 1.05662791E+00 1.05406106E+00 1.05139613E+00 1.04895592E+00 1.04643802E+00 1.04414651E+00 1.04179449E+00 1.03966605E+00 1.03749309E+00 1.03553480E+00 1.03354097E+00 1.03175027E+00 1.02993571E+00 1.02818923E+00 1.02642230E+00 1.02463452E+00 1.02283213E+00 1.02102357E+00 1.01920092E+00 1.01736718E+00 1.01553747E+00 1.01372323E+00 1.01189164E+00 1.01005117E+00 1.00826530E+00 1.00660221E+00 1.00495204E+00 1.00281450E+00 1.00000000E+00
1.10312610E+00 1.10312602E+00 1.10312409E+00 1.10312263E+00 1.10312208E+00 1.10312230E+00 1.10312265E+00 1.10312273E+00 1.10312264E+00 1.10312257E+00 1.10312256E+00 1.10312261E+00 1.10312268E+00 1.10312277E+00 1.10312289E+00 1.10312307E+00 1.10312330E+00 1.10312360E+00 1.10312396E+00 1.10312439E+00 1.10312491E+00 1.10312553E+00 1.10312626E+00 1.10312711E+00 1.10312810E+00 1.10312924E+00 1.10313054E+00 1.10313204E+00 1.10313375E+00 1.10313568E+00 1.10313787E+00 1.10314034E+00 1.10314311E+00 1.10314621E+00 1.10314966E+00 1.10315350E+00 1.10315775E+00 1.10316241E+00 1.10316752E+00 1.10317309E+00 1.10317913E+00 1.10318562E+00 1.10319258E+00 1.10319999E+00 1.10320781E+00 1.10321596E+00 1.10322438E+00 1.10323294E+00 1.10324152E+00 1.10324991E+00 1.10325795E+00 1.10326526E+00 1.10327151E+00 1.10327620E+00 1.10327895E+00 1.10327897E+00 1.10327570E+00 1.10326802E+00 1.10325509E+00 1.10323536E+00 1.10320776E+00 1.10317004E+00 1.10312070E+00 1.10305721E+00 1.10297758E+00 1.10287803E+00 1.10275623E+00 1.10260726E+00 1.10242761E+00 1.10221105E+00 1.10195361E+00 1.10164807E+00 1.10128943E+00 1.10086747E+00 1.10037636E+00 1.09980460E+00 1.09914502E+00 1.09838234E+00 1.09750728E+00 1.09650567E+00 1.09536674E+00 1.09406833E+00 1.09259889E+00 1.09093859E+00 1.08907375E+00 1.08699786E+00 1.08468145E+00 1.08234864E+00 1.07978519E+00 1.07730665E+00 1.07462112E+00 1.07206191E+00 1.06932981E+00 1.06676909E+00 1.06404896E+00 1.06149402E+00 1.05882112E+00 1.05636274E+00 1.05380033E+00 1.05144446E+00 1.04900745E+00 1.04678540E+00 1.04449692E+00 1.04241904E+00 1.04028950E+00 1.03836176E+00 1.03639310E+00 1.03462032E+00 1.03281596E+00 1.03106894E+00 1.02928984E+00 1.02747760E+00 1.02564083E+00 1.02378401E+00 1.02189240E+00 1.01996622E+00 1.01802352E+00 1.01606588E+00 1.01405041E+00 1.01198473E+00 1.00993450E+00 1.00793719E+00 1.00587170E+00 1.00327464E+00 1.00000000E+00
1.10499183E+00 1.10498667E+00 1.10498385E+00 1.10498519E+00 1.10498874E+00 1.10499215E+00 1.10499469E+00 1.10499622E+00 1.10499743E+00 1.10499881E+00 1.10500022E+00 1.10500146E+00 1.10500245E+00 1.10500321E+00 1.10500383E+00 1.10500441E+00 1.10500495E+00 1.10500545E+00 1.10500593E+00 1.10500643E+00 1.10500696E+00 1.10500755E+00 1.10500822E+00 1.10500899E+00 1.10500987E+00 1.10501089E+00 1.10501207E+00 1.10501343E+00 1.10501499E+00 1.10501678E+00 1.10501883E+00 1.10502117E+00 1.10502383E+00 1.10502683E+00 1.10503021E+00 1.10503402E+00 1.10503828E+00 1.10504302E+00 1.10504828E+00 1.10505411E+00 1.10506052E+00 1.10506753E+00 1.10507518E+00 1.10508350E+00 1.10509248E+00 1.10510209E+00 1.10511231E+00 1.10512310E+00 1.10513438E+00 1.10514606E+00 1.10515802E+00 1.10516998E+00 1.10518173E+00 1.10519297E+00 1.10520341E+00 1.10521244E+00 1.10521961E+00 1.10522400E+00 1.10522494E+00 1.10522118E+00 1.10521180E+00 1.10519479E+00 1.10516899E+00 1.10513243E+00 1.10508324E+00 1.10501802E+00 1.10493463E+00 1.10482851E+00 1.10469645E+00 1.10453261E+00 1.10433318E+00 1.10409164E+00 1.10380347E+00 1.10345867E+00 1.10305133E+00 1.10257006E+00 1.10200730E+00 1.10134771E+00 1.10058348E+00 1.09970045E+00 1.09868513E+00 1.09751460E+00 1.09617821E+00 1.09465530E+00 1.09292948E+00 1.09099164E+00 1.08881307E+00 1.08660340E+00 1.08415599E+00 1.08177339E+00 1.07917976E+00 1.07669705E+00 1.07403278E+00 1.07152294E+00 1.06884075E+00 1.06630833E+00 1.06365113E+00 1.06119800E+00 1.05862708E+00 1.05624881E+00 1.05377788E+00 1.05151577E+00 1.04917333E+00 1.04703314E+00 1.04482725E+00 1.04281883E+00 1.04075833E+00 1.03889415E+00 1.03698597E+00 1.03512567E+00 1.03321905E+00 1.03126497E+00 1.02927325E+00 1.02724553E+00 1.02516341E+00 1.02302621E+00 1.02085411E+00 1.01864363E+00 1.01634690E+00 1.01397186E+00 1.01158683E+00 1.00921903E+00 1.00674183E+00 1.00371007E+00 1.00000000E+00
1.10874040E+00 1.10873211E+00 1.10873057E+00 1.10873575E+00 1.10874385E+00 1.10875116E+00 1.10875728E+00 1.10876244E+00 1.10876746E+00 1.10877265E+00 1.10877764E+00 1.10878202E+00 1.10878573E+00 1.10878884E+00 1.10879150E+00 1.10879381E+00 1.10879578E+00 1.10879745E+00 1.10879886E+00 1.10880009E+00 1.10880119E+00 1.10880221E+00 1.10880318E+00 1.10880417E+00 1.10880518E+00 1.10880628E+00 1.10880749E+00 1.10880886E+00 1.10881041E+00 1.10881219E+00 1.10881422E+00 1.10881655E+00 1.10881923E+00 1.10882230E+00 1.10882579E+00 1.10882977E+00 1.10883427E+00 1.10883936E+00 1.10884507E+00 1.10885151E+00 1.10885870E+00 1.10886670E+00 1.10887557E+00 1.10888539E+00 1.10889618E+00 1.10890801E+00 1.10892087E+00 1.10893482E+00 1.10894987E+00 1.10896601E+00 1.10898316E+00 1.10900115E+00 1.10901995E+00 1.10903952E+00 1.10905960E+00 1.10907973E+00 1.10909954E+00 1.10911827E+00 1.10913551E+00 1.10915030E+00 1.10916184E+00 1.10916835E+00 1.10916902E+00 1.10916250E+00 1.10914690E+00 1.10911903E+00 1.10907692E+00 1.10901618E+00 1.10893391E+00 1.10882454E+00 1.10868415E+00 1.10850673E+00 1.10828815E+00 1.10801840E+00 1.10769096E+00 1.10729419E+00 1.10681988E+00 1.10625250E+00 1.10558536E+00 1.10480340E+00 1.10388975E+00 1.10282065E+00 1.10158615E+00 1.10016403E+00 1.09853464E+00 1.09668617E+00 1.09458994E+00 1.09244679E+00 1.09005268E+00 1.08770388E+00 1.08513318E+00 1.08265908E+00 1.07998728E+00 1.07745376E+00 1.07473037E+00 1.07214561E+00 1.06942110E+00 1.06689280E+00 1.06422861E+00 1.06174979E+00 1.05916327E+00 1.05678569E+00 1.05431166E+00 1.05203914E+00 1.04968618E+00 1.04753491E+00 1.04532045E+00 1.04331017E+00 1.04124461E+00 1.03922211E+00 1.03714135E+00 1.03500162E+00 1.03281369E+00 1.03057736E+00 1.02827179E+00 1.02589652E+00 1.02347344E+00 1.02099631E+00 1.01841423E+00 1.01573564E+00 1.01303131E+00 1.01032517E+00 1.00748770E+00 1.00408294E+00 1.00000000E+00
1.11342099E+00 1.11341078E+00 1.11341052E+00 1.11341910E+00 1.11343163E+00 1.11344358E+00 1.11345468E+00 1.11346523E+00 1.11347602E+00 1.11348707E+00 1.11349778E+00 1.11350751E+00 1.11351621E+00 1.11352390E+00 1.11353072E+00 1.11353676E+00 1.11354201E+00 1.11354655E+00 1.11355043E+00 1.11355377E+00 1.11355665E+00 1.11355916E+00 1.11356137E+00 1.11356338E+00 1.11356522E+00 1.11356700E+00 1.11356876E+00 1.11357059E+00 1.11357252E+00 1.11357463E+00 1.11357697E+00 1.11357960E+00 1.11358260E+00 1.11358602E+00 1.11358992E+00 1.11359439E+00 1.11359948E+00 1.11360529E+00 1.11361188E+00 1.11361940E+00 1.11362791E+00 1.11363752E+00 1.11364829E+00 1.11366035E+00 1.11367381E+00 1.11368882E+00 1.11370541E+00 1.11372374E+00 1.11374393E+00 1.11376607E+00 1.11379008E+00 1.11381591E+00 1.11384381E+00 1.11387402E+00 1.11390624E+00 1.11394015E+00 1.11397545E+00 1.11401152E+00 1.11404829E+00 1.11408509E+00 1.11412117E+00 1.11415501E+00 1.11418613E+00 1.11421374E+00 1.11423579E+00 1.11424927E+00 1.11425221E+00 1.11424032E+00 1.11421091E+00 1.11415850E+00 1.11407889E+00 1.11396635E+00 1.11381694E+00 1.11362030E+00 1.11336908E+00 1.11305110E+00 1.11265746E+00 1.11217213E+00 1.11158893E+00 1.11089144E+00 1.11005958E+00 1.10906833E+00 1.10790816E+00 1.10655473E+00 1.10498507E+00 1.10318401E+00 1.10112228E+00 1.09899651E+00 1.09660120E+00 1.09423202E+00 1.09162397E+00 1.08909972E+00 1.08635693E+00 1.08373953E+00 1.08091206E+00 1.07821699E+00 1.07536413E+00 1.07270473E+00 1.06989102E+00 1.06726272E+00 1.06451205E+00 1.06197660E+00 1.05932987E+00 1.05689049E+00 1.05435778E+00 1.05203686E+00 1.04964350E+00 1.04746684E+00 1.04522586E+00 1.04302667E+00 1.04075996E+00 1.03842564E+00 1.03603529E+00 1.03358750E+00 1.03105963E+00 1.02845165E+00 1.02578707E+00 1.02305804E+00 1.02021163E+00 1.01725661E+00 1.01426589E+00 1.01126296E+00 1.00811690E+00 1.00439687E+00 1.00000000E+00
1.12071198E+00 1.12071184E+00 1.12070793E+00 1.12070407E+00 1.12070163E+00 1.12070112E+00 1.12070141E+00 1.12070148E+00 1.12070122E+00 1.12070075E+00 1.12070036E+00 1.12070022E+00 1.12070027E+00 1.12070042E+00 1.12070063E+00 1.12070092E+00 1.12070129E+00 1.12070179E+00 1.12070240E+00 1.12070314E+00 1.12070400E+00 1.12070502E+00 1.12070618E+00 1.12070753E+00 1.12070906E+00 1.12071080E+00 1.12071277E+00 1.12071498E+00 1.12071746E+00 1.12072022E+00 1.12072329E+00 1.12072669E+00 1.12073043E+00 1.12073453E+00 1.12073900E+00 1.12074386E+00 1.12074912E+00 1.12075475E+00 1.12076075E+00 1.12076711E+00 1.12077379E+00 1.12078071E+00 1.12078783E+00 1.12079504E+00 1.12080221E+00 1.12080916E+00 1.12081572E+00 1.12082158E+00 1.12082651E+00 1.12083004E+00 1.12083183E+00 1.12083120E+00 1.12082764E+00 1.12082026E+00 1.12080834E+00 1.12079060E+00 1.12076611E+00 1.12073314E+00 1.12069042E+00 1.12063566E+00 1.12056723E+00 1.12048209E+00 1.12037810E+00 1.12025146E+00 1.12009941E+00 1.11991696E+00 1.11970080E+00 1.11944466E+00 1.11914423E+00 1.11879193E+00 1.11838254E+00 1.11790666E+00 1.11735801E+00 1.11672530E+00 1.11600123E+00 1.11517213E+00 1.11422969E+00 1.11315762E+00 1.11194536E+00 1.11057614E+00 1.10903840E+00 1.10731017E+00 1.10537878E+00 1.10322234E+00 1.10082605E+00 1.09818809E+00 1.09527443E+00 1.09237335E+00 1.08921504E+00 1.08618829E+00 1.08293328E+00 1.07985488E+00 1.07658323E+00 1.07352175E+00 1.07029666E+00 1.06730017E+00 1.06417018E+00 1.06128912E+00 1.05829838E+00 1.05556039E+00 1.05273424E+00 1.05016103E+00 1.04751864E+00 1.04512368E+00 1.04267553E+00 1.04046650E+00 1.03821435E+00 1.03618677E+00 1.03412782E+00 1.03213852E+00 1.03012348E+00 1.02808178E+00 1.02601407E+00 1.02392598E+00 1.02181899E+00 1.01969295E+00 1.01755423E+00 1.01542025E+00 1.01328658E+00 1.01114066E+00 1.00902178E+00 1.00707386E+00 1.00523644E+00 1.00295933E+00 1.00000000E+00
1.11342761E+00 1.11342805E+00 1.11342493E+00 1.11342164E+00 1.11341948E+00 1.11341905E+00 1.11341940E+00 1.11341963E+00 1.11341956E+00 1.11341926E+00 1.11341898E+00 1.11341890E+00 1.11341898E+00 1.11341915E+00 1.11341937E+00 1.11341964E+00 1.11341998E+00 1.11342042E+00 1.11342095E+00 1.11342159E+00 1.11342234E+00 1.11342321E+00 1.11342422E+00 1.11342539E+00 1.11342672E+00 1.11342823E+00 1.11342995E+00 1.11343189E+00 1.11343408E+00 1.11343652E+00 1.11343926E+00 1.11344230E+00 1.11344567E+00 1.11344939E+00 1.11345348E+00 1.11345795E+00 1.11346282E+00 1.11346808E+00 1.11347375E+00 1.11347981E+00 1.11348624E+00 1.11349301E+00 1.11350007E+00 1.11350735E+00 1.11351476E+00 1.11352216E+00 1.11352942E+00 1.11353629E+00 1.11354258E+00 1.11354792E+00 1.11355204E+00 1.11355437E+00 1.11355445E+00 1.11355154E+00 1.11354505E+00 1.11353387E+00 1.11351721E+00 1.11349356E+00 1.11346180E+00 1.11341990E+00 1.11336644E+00 1.11329868E+00 1.11321469E+00 1.11311112E+00 1.11298546E+00 1.11283319E+00 1.11265133E+00 1.11243409E+00 1.11217746E+00 1.11187437E+00 1.11152005E+00 1.11110581E+00 1.11062579E+00 1.11006911E+00 1.10942907E+00 1.10869276E+00 1.10785245E+00 1.10689223E+00 1.10580169E+00 1.10456497E+00 1.10317134E+00 1.10159894E+00 1.09983544E+00 1.09785988E+00 1.09565840E+00 1.09322760E+00 1.09053518E+00 1.08784577E+00 1.08491202E+00 1.08209470E+00 1.07905919E+00 1.07618290E+00 1.07312331E+00 1.07025962E+00 1.06723828E+00 1.06442393E+00 1.06148355E+00 1.05877876E+00 1.05596991E+00 1.05339744E+00 1.05074173E+00 1.04832377E+00 1.04584098E+00 1.04359175E+00 1.04129297E+00 1.03921862E+00 1.03710387E+00 1.03520156E+00 1.03327039E+00 1.03140598E+00 1.02951599E+00 1.02759978E+00 1.02566061E+00 1.02370424E+00 1.02172557E+00 1.01972558E+00 1.01771334E+00 1.01570071E+00 1.01366468E+00 1.01159330E+00 1.00953094E+00 1.00757786E+00 1.00563843E+00 1.00317202E+00 1.00000000E+00
1.11366252E+00 1.11366294E+00 1.11366063E+00 1.11365818E+00 1.11365657E+00 1.11365627E+00 1.11365655E+00 1.11365675E+00 1.11365674E+00 1.11365654E+00 1.11365634E+00 1.11365627E+00 1.11365632E+00 1.11365645E+00 1.11365663E+00 1.11365686E+00 1.11365715E+00 1.11365753E+00 1.11365799E+00 1.11365855E+00 1.11365922E+00 1.11366000E+00 1.11366091E+00 1.11366197E+00 1.11366319E+00 1.11366459E+00 1.11366618E+00 1.11366800E+00 1.11367005E+00 1.11367237E+00 1.11367497E+00 1.11367789E+00 1.11368115E+00 1.11368476E+00 1.11368876E+00 1.11369318E+00 1.11369803E+00 1.11370331E+00 1.11370906E+00 1.11371528E+00 1.11372195E+00 1.11372908E+00 1.11373662E+00 1.11374456E+00 1.11375282E+00 1.11376130E+00 1.11376990E+00 1.11377845E+00 1.11378678E+00 1.11379460E+00 1.11380171E+00 1.11380760E+00 1.11381190E+00 1.11381400E+00 1.11381340E+00 1.11380913E+00 1.11380050E+00 1.11378618E+00 1.11376516E+00 1.11373564E+00 1.11369634E+00 1.11364472E+00 1.11357907E+00 1.11349636E+00 1.11339430E+00 1.11326863E+00 1.11311662E+00 1.11293278E+00 1.11271329E+00 1.11245143E+00 1.11214269E+00 1.11177883E+00 1.11135421E+00 1.11085814E+00 1.11028425E+00 1.10961985E+00 1.10885729E+00 1.10798064E+00 1.10697972E+00 1.10583899E+00 1.10454740E+00 1.10308259E+00 1.10143233E+00 1.09957553E+00 1.09749753E+00 1.09519284E+00 1.09262949E+00 1.09005816E+00 1.08724232E+00 1.08452818E+00 1.08159468E+00 1.07880670E+00 1.07583250E+00 1.07304188E+00 1.07008607E+00 1.06732265E+00 1.06443092E+00 1.06176558E+00 1.05898844E+00 1.05643634E+00 1.05379466E+00 1.05138359E+00 1.04889966E+00 1.04664186E+00 1.04432594E+00 1.04222793E+00 1.04008247E+00 1.03814663E+00 1.03617363E+00 1.03426008E+00 1.03231056E+00 1.03032384E+00 1.02830453E+00 1.02625594E+00 1.02416876E+00 1.02204221E+00 1.01988695E+00 1.01770962E+00 1.01548015E+00 1.01318498E+00 1.01087205E+00 1.00862761E+00 1.00635105E+00 1.00352556E+00 1.00000000E+00
1.11687268E+00 1.11687170E+00 1.11686935E+00 1.11686803E+00 1.11686801E+00 1.11686905E+00 1.11687041E+00 1.11687145E+00 1.11687221E+00 1.11687278E+00 1.11687330E+00 1.11687384E+00 1.11687438E+00 1.11687488E+00 1.11687536E+00 1.11687582E+00 1.11687628E+00 1.11687678E+00 1.11687732E+00 1.11687793E+00 1.11687861E+00 1.11687939E+00 1.11688028E+00 1.11688131E+00 1.11688248E+00 1.11688384E+00 1.11688539E+00 1.11688717E+00 1.11688919E+00 1.11689149E+00 1.11689409E+00 1.11689704E+00 1.11690035E+00 1.11690406E+00 1.11690821E+00 1.11691283E+00 1.11691795E+00 1.11692359E+00 1.11692980E+00 1.11693661E+00 1.11694401E+00 1.11695204E+00 1.11696069E+00 1.11696997E+00 1.11697983E+00 1.11699024E+00 1.11700112E+00 1.11701236E+00 1.11702387E+00 1.11703543E+00 1.11704687E+00 1.11705780E+00 1.11706792E+00 1.11707677E+00 1.11708392E+00 1.11708855E+00 1.11709005E+00 1.11708724E+00 1.11707923E+00 1.11706443E+00 1.11704168E+00 1.11700861E+00 1.11696370E+00 1.11690427E+00 1.11682810E+00 1.11673112E+00 1.11661076E+00 1.11646169E+00 1.11628021E+00 1.11605979E+00 1.11579597E+00 1.11548078E+00 1.11510870E+00 1.11466893E+00 1.11415502E+00 1.11355413E+00 1.11285828E+00 1.11205111E+00 1.11112274E+00 1.11005721E+00 1.10884188E+00 1.10745355E+00 1.10587980E+00 1.10409822E+00 1.10209211E+00 1.09985370E+00 1.09735037E+00 1.09482617E+00 1.09204712E+00 1.08935509E+00 1.08643396E+00 1.08364684E+00 1.08066085E+00 1.07784762E+00 1.07485517E+00 1.07204643E+00 1.06909815E+00 1.06637114E+00 1.06351850E+00 1.06088607E+00 1.05815239E+00 1.05564959E+00 1.05306148E+00 1.05069978E+00 1.04826848E+00 1.04605815E+00 1.04379143E+00 1.04174026E+00 1.03964278E+00 1.03760092E+00 1.03551329E+00 1.03337865E+00 1.03120251E+00 1.02898670E+00 1.02671966E+00 1.02440029E+00 1.02204062E+00 1.01964488E+00 1.01717989E+00 1.01463287E+00 1.01205480E+00 1.00952826E+00 1.00695199E+00 1.00382233E+00 1.00000000E+00
1.12131393E+00 1.12131252E+00 1.12131010E+00 1.12130945E+00 1.12131074E+00 1.12131357E+00 1.12131695E+00 1.12132007E+00 1.12132292E+00 1.12132554E+00 1.12132802E+00 1.12133038E+00 1.12133258E+00 1.12133458E+00 1.12133637E+00 1.12133797E+00 1.12133942E+00 1.12134075E+00 1.12134199E+00 1.12134318E+00 1.12134433E+00 1.12134550E+00 1.12134671E+00 1.12134799E+00 1.12134938E+00 1.12135092E+00 1.12135262E+00 1.12135455E+00 1.12135673E+00 1.12135920E+00 1.12136200E+00 1.12136518E+00 1.12136877E+00 1.12137284E+00 1.12137741E+00 1.12138256E+00 1.12138832E+00 1.12139476E+00 1.12140191E+00 1.12140985E+00 1.12141862E+00 1.12142826E+00 1.12143882E+00 1.12145034E+00 1.12146283E+00 1.12147630E+00 1.12149073E+00 1.12150610E+00 1.12152236E+00 1.12153939E+00 1.12155709E+00 1.12157514E+00 1.12159336E+00 1.12161148E+00 1.12162912E+00 1.12164556E+00 1.12166031E+00 1.12167228E+00 1.12168076E+00 1.12168432E+00 1.12168191E+00 1.12167129E+00 1.12165110E+00 1.12161899E+00 1.12157272E+00 1.12150827E+00 1.12142313E+00 1.12131197E+00 1.12117114E+00 1.12099413E+00 1.12077630E+00 1.12050972E+00 1.12018881E+00 1.11980236E+00 1.11934351E+00 1.11879888E+00 1.11815986E+00 1.11740934E+00 1.11653745E+00 1.11552711E+00 1.11436359E+00 1.11302240E+00 1.11149065E+00 1.10974382E+00 1.10776278E+00 1.10553726E+00 1.10303340E+00 1.10049486E+00 1.09768442E+00 1.09494783E+00 1.09196657E+00 1.08911112E+00 1.08603935E+00 1.08313361E+00 1.08003213E+00 1.07711200E+00 1.07403805E+00 1.07118625E+00 1.06819445E+00 1.06542553E+00 1.06254378E+00 1.05989998E+00 1.05715940E+00 1.05465238E+00 1.05206593E+00 1.04971003E+00 1.04729056E+00 1.04509794E+00 1.04285202E+00 1.04066158E+00 1.03841826E+00 1.03612124E+00 1.03377673E+00 1.03138571E+00 1.02893520E+00 1.02642447E+00 1.02386675E+00 1.02126500E+00 1.01858450E+00 1.01581370E+00 1.01300591E+00 1.01024316E+00 1.00742494E+00 1.00405509E+00 1.00000000E+00
1.12622326E+00 1.12623245E+00 1.12623912E+00 1.12624028E+00 1.12623891E+00 1.12623835E+00 1.12623985E+00 1.12624381E+00 1.12624912E+00 1.12625473E+00 1.12626039E+00 1.12626591E+00 1.12627138E+00 1.12627677E+00 1.12628199E+00 1.12628693E+00 1.12629155E+00 1.12629582E+00 1.12629977E+00 1.12630341E+00 1.12630679E+00 1.12630994E+00 1.12631290E+00 1.12631575E+00 1.12631851E+00 1.12632127E+00 1.12632407E+00 1.12632699E+00 1.12633008E+00 1.12633341E+00 1.12633704E+00 1.12634107E+00 1.12634554E+00 1.12635055E+00 1.12635615E+00 1.12636246E+00 1.12636952E+00 1.12637745E+00 1.12638631E+00 1.12639624E+00 1.12640730E+00 1.12641960E+00 1.12643320E+00 1.12644821E+00 1.12646471E+00 1.12648279E+00 1.12650246E+00 1.12652382E+00 1.12654688E+00 1.12657163E+00 1.12659799E+00 1.12662577E+00 1.12665492E+00 1.12668537E+00 1.12671674E+00 1.12674842E+00 1.12677999E+00 1.12681047E+00 1.12683929E+00 1.12686517E+00 1.12688710E+00 1.12690293E+00 1.12691143E+00 1.12691045E+00 1.12689760E+00 1.12686882E+00 1.12682153E+00 1.12675021E+00 1.12665120E+00 1.12651774E+00 1.12634486E+00 1.12612439E+00 1.12585051E+00 1.12551134E+00 1.12509935E+00 1.12460032E+00 1.12400486E+00 1.12329479E+00 1.12245991E+00 1.12148164E+00 1.12034313E+00 1.11901813E+00 1.11749317E+00 1.11574140E+00 1.11374128E+00 1.11148016E+00 1.10892277E+00 1.10631801E+00 1.10342106E+00 1.10058844E+00 1.09749333E+00 1.09452065E+00 1.09131353E+00 1.08827126E+00 1.08501732E+00 1.08194836E+00 1.07871211E+00 1.07570439E+00 1.07254424E+00 1.06961533E+00 1.06656405E+00 1.06376228E+00 1.06085462E+00 1.05819177E+00 1.05544201E+00 1.05293565E+00 1.05036061E+00 1.04802596E+00 1.04563316E+00 1.04329787E+00 1.04090490E+00 1.03845394E+00 1.03595183E+00 1.03339900E+00 1.03078151E+00 1.02809913E+00 1.02536617E+00 1.02258489E+00 1.01971972E+00 1.01676027E+00 1.01376165E+00 1.01080634E+00 1.00779510E+00 1.00423657E+00 1.00000000E+00
1.12448638E+00 1.12448630E+00 1.12448284E+00 1.12447952E+00 1.12447748E+00 1.12447715E+00 1.12447749E+00 1.12447760E+00 1.12447739E+00 1.12447701E+00 1.12447672E+00 1.12447666E+00 1.12447677E+00 1.12447697E+00 1.12447724E+00 1.12447758E+00 1.12447801E+00 1.12447857E+00 1.12447924E+00 1.12448003E+00 1.12448097E+00 1.12448205E+00 1.12448329E+00 1.12448471E+00 1.12448633E+00 1.12448816E+00 1.12449022E+00 1.12449254E+00 1.12449512E+00 1.12449801E+00 1.12450120E+00 1.12450473E+00 1.12450861E+00 1.12451285E+00 1.12451747E+00 1.12452249E+00 1.12452789E+00 1.12453368E+00 1.12453983E+00 1.12454633E+00 1.12455314E+00 1.12456018E+00 1.12456739E+00 1.12457466E+00 1.12458185E+00 1.12458877E+00 1.12459524E+00 1.12460095E+00 1.12460562E+00 1.12460879E+00 1.12461010E+00 1.12460883E+00 1.12460445E+00 1.12459604E+00 1.12458286E+00 1.12456358E+00 1.12453722E+00 1.12450202E+00 1.12445665E+00 1.12439877E+00 1.12432668E+00 1.12423728E+00 1.12412837E+00 1.12399606E+00 1.12383749E+00 1.12364758E+00 1.12342294E+00 1.12315717E+00 1.12284589E+00 1.12248138E+00 1.12205831E+00 1.12156714E+00 1.12100144E+00 1.12034983E+00 1.11960483E+00 1.11875262E+00 1.11778470E+00 1.11668467E+00 1.11544196E+00 1.11403950E+00 1.11246540E+00 1.11069773E+00 1.10872376E+00 1.10652125E+00 1.10407513E+00 1.10138378E+00 1.09841245E+00 1.09545579E+00 1.09223767E+00 1.08915438E+00 1.08583945E+00 1.08270543E+00 1.07937464E+00 1.07625687E+00 1.07297197E+00 1.06992122E+00 1.06673436E+00 1.06379932E+00 1.06075145E+00 1.05796018E+00 1.05507777E+00 1.05245241E+00 1.04975500E+00 1.04730873E+00 1.04480613E+00 1.04254594E+00 1.04024013E+00 1.03816289E+00 1.03605159E+00 1.03400902E+00 1.03193718E+00 1.02983536E+00 1.02770384E+00 1.02554668E+00 1.02336502E+00 1.02115846E+00 1.01893069E+00 1.01669455E+00 1.01444827E+00 1.01217706E+00 1.00990561E+00 1.00776319E+00 1.00571834E+00 1.00321561E+00 1.00000000E+00
1.12079743E+00 1.12079947E+00 1.12079734E+00 1.12079407E+00 1.12079150E+00 1.12079077E+00 1.12079101E+00 1.12079132E+00 1.12079137E+00 1.12079111E+00 1.12079082E+00 1.12079073E+00 1.12079082E+00 1.12079102E+00 1.12079129E+00 1.12079162E+00 1.12079202E+00 1.12079253E+00 1.12079314E+00 1.12079388E+00 1.12079474E+00 1.12079573E+00 1.12079688E+00 1.12079820E+00 1.12079969E+00 1.12080140E+00 1.12080332E+00 1.12080548E+00 1.12080790E+00 1.12081061E+00 1.12081362E+00 1.12081696E+00 1.12082064E+00 1.12082468E+00 1.12082911E+00 1.12083392E+00 1.12083914E+00 1.12084476E+00 1.12085077E+00 1.12085715E+00 1.12086389E+00 1.12087092E+00 1.12087819E+00 1.12088561E+00 1.12089307E+00 1.12090040E+00 1.12090744E+00 1.12091391E+00 1.12091959E+00 1.12092405E+00 1.12092697E+00 1.12092771E+00 1.12092577E+00 1.12092033E+00 1.12091071E+00 1.12089568E+00 1.12087437E+00 1.12084511E+00 1.12080669E+00 1.12075691E+00 1.12069420E+00 1.12061562E+00 1.12051911E+00 1.12040102E+00 1.12025866E+00 1.12008721E+00 1.11988344E+00 1.11964124E+00 1.11935639E+00 1.11902148E+00 1.11863143E+00 1.11817705E+00 1.11765214E+00 1.11704556E+00 1.11635020E+00 1.11555258E+00 1.11464451E+00 1.11360979E+00 1.11243790E+00 1.11111224E+00 1.10962142E+00 1.10794352E+00 1.10606600E+00 1.10396712E+00 1.10163227E+00 1.09905880E+00 1.09621300E+00 1.09337612E+00 1.09028497E+00 1.08731986E+00 1.08412864E+00 1.08110848E+00 1.07789681E+00 1.07488957E+00 1.07171858E+00 1.06876994E+00 1.06568924E+00 1.06285243E+00 1.05990559E+00 1.05720600E+00 1.05441759E+00 1.05187744E+00 1.04926724E+00 1.04690000E+00 1.04447783E+00 1.04228960E+00 1.04005643E+00 1.03804474E+00 1.03599942E+00 1.03402040E+00 1.03201116E+00 1.02997094E+00 1.02790114E+00 1.02580543E+00 1.02368113E+00 1.02152810E+00 1.01935065E+00 1.01715850E+00 1.01493860E+00 1.01267418E+00 1.01039238E+00 1.00820217E+00 1.00605365E+00 1.00339223E+00 1.00000000E+00
1.12201278E+00 1.12201479E+00 1.12201295E+00 1.12201000E+00 1.12200764E+00 1.12200694E+00 1.12200714E+00 1.12200742E+00 1.12200746E+00 1.12200721E+00 1.12200693E+00 1.12200682E+00 1.12200687E+00 1.12200704E+00 1.12200727E+00 1.12200756E+00 1.12200792E+00 1.12200839E+00 1.12200896E+00 1.12200965E+00 1.12201046E+00 1.12201141E+00 1.12201250E+00 1.12201377E+00 1.12201522E+00 1.12201687E+00 1.12201874E+00 1.12202085E+00 1.12202323E+00 1.12202590E+00 1.12202888E+00 1.12203220E+00 1.12203588E+00 1.12203994E+00 1.12204440E+00 1.12204929E+00 1.12205461E+00 1.12206038E+00 1.12206659E+00 1.12207325E+00 1.12208033E+00 1.12208780E+00 1.12209563E+00 1.12210373E+00 1.12211202E+00 1.12212036E+00 1.12212861E+00 1.12213653E+00 1.12214393E+00 1.12215043E+00 1.12215574E+00 1.12215929E+00 1.12216060E+00 1.12215896E+00 1.12215372E+00 1.12214376E+00 1.12212825E+00 1.12210564E+00 1.12207477E+00 1.12203358E+00 1.12198059E+00 1.12191297E+00 1.12182876E+00 1.12172451E+00 1.12159763E+00 1.12144343E+00 1.12125881E+00 1.12103781E+00 1.12077630E+00 1.12046701E+00 1.12010498E+00 1.11968121E+00 1.11918957E+00 1.11861895E+00 1.11796239E+00 1.11720638E+00 1.11634278E+00 1.11535522E+00 1.11423314E+00 1.11295995E+00 1.11152407E+00 1.10990311E+00 1.10808434E+00 1.10604566E+00 1.10377180E+00 1.10125871E+00 1.09847246E+00 1.09568761E+00 1.09264600E+00 1.08972150E+00 1.08656736E+00 1.08357612E+00 1.08038872E+00 1.07739864E+00 1.07423814E+00 1.07129243E+00 1.06821029E+00 1.06536715E+00 1.06240713E+00 1.05968931E+00 1.05687666E+00 1.05430966E+00 1.05166589E+00 1.04926288E+00 1.04679831E+00 1.04456629E+00 1.04228389E+00 1.04022366E+00 1.03812390E+00 1.03608689E+00 1.03401282E+00 1.03190065E+00 1.02975248E+00 1.02757071E+00 1.02535043E+00 1.02309074E+00 1.02079676E+00 1.01847595E+00 1.01611143E+00 1.01368603E+00 1.01122978E+00 1.00884568E+00 1.00648401E+00 1.00360424E+00 1.00000000E+00
1.12499563E+00 1.12500258E+00 1.12501205E+00 1.12501738E+00 1.12501853E+00 1.12501667E+00 1.12501419E+00 1.12501307E+00 1.12501304E+00 1.12501358E+00 1.12501408E+00 1.12501422E+00 1.12501420E+00 1.12501424E+00 1.12501442E+00 1.12501475E+00 1.12501517E+00 1.12501565E+00 1.12501621E+00 1.12501688E+00 1.12501767E+00 1.12501861E+00 1.12501969E+00 1.12502095E+00 1.12502239E+00 1.12502404E+00 1.12502593E+00 1.12502808E+00 1.12503051E+00 1.12503325E+00 1.12503633E+00 1.12503979E+00 1.12504364E+00 1.12504792E+00 1.12505266E+00 1.12505789E+00 1.12506363E+00 1.12506990E+00 1.12507672E+00 1.12508411E+00 1.12509205E+00 1.12510055E+00 1.12510957E+00 1.12511908E+00 1.12512902E+00 1.12513927E+00 1.12514972E+00 1.12516020E+00 1.12517053E+00 1.12518039E+00 1.12518954E+00 1.12519746E+00 1.12520373E+00 1.12520771E+00 1.12520883E+00 1.12520602E+00 1.12519853E+00 1.12518487E+00 1.12516397E+00 1.12513386E+00 1.12509313E+00 1.12503902E+00 1.12496967E+00 1.12488178E+00 1.12477279E+00 1.12463804E+00 1.12447451E+00 1.12427623E+00 1.12403908E+00 1.12375581E+00 1.12342142E+00 1.12302690E+00 1.12256604E+00 1.12202750E+00 1.12140420E+00 1.12068229E+00 1.11985334E+00 1.11890046E+00 1.11781291E+00 1.11657355E+00 1.11516986E+00 1.11357854E+00 1.11178638E+00 1.10976999E+00 1.10751274E+00 1.10500901E+00 1.10222386E+00 1.09943137E+00 1.09637185E+00 1.09342141E+00 1.09023149E+00 1.08719908E+00 1.08395971E+00 1.08091371E+00 1.07768664E+00 1.07467236E+00 1.07151281E+00 1.06859256E+00 1.06554607E+00 1.06274304E+00 1.05983745E+00 1.05718149E+00 1.05444104E+00 1.05194566E+00 1.04938195E+00 1.04705636E+00 1.04467528E+00 1.04252319E+00 1.04032653E+00 1.03819216E+00 1.03601552E+00 1.03379568E+00 1.03153531E+00 1.02923619E+00 1.02689222E+00 1.02450260E+00 1.02207327E+00 1.01961083E+00 1.01709679E+00 1.01451505E+00 1.01189779E+00 1.00934636E+00 1.00681285E+00 1.00376508E+00 1.00000000E+00
1.12861380E+00 1.12862626E+00 1.12863535E+00 1.12863844E+00 1.12863781E+00 1.12863628E+00 1.12863526E+00 1.12863558E+00 1.12863651E+00 1.12863735E+00 1.12863792E+00 1.12863824E+00 1.12863855E+00 1.12863900E+00 1.12863956E+00 1.12864020E+00 1.12864087E+00 1.12864159E+00 1.12864237E+00 1.12864325E+00 1.12864424E+00 1.12864535E+00 1.12864660E+00 1.12864802E+00 1.12864963E+00 1.12865146E+00 1.12865354E+00 1.12865590E+00 1.12865858E+00 1.12866161E+00 1.12866503E+00 1.12866888E+00 1.12867320E+00 1.12867803E+00 1.12868342E+00 1.12868941E+00 1.12869604E+00 1.12870335E+00 1.12871138E+00 1.12872017E+00 1.12872974E+00 1.12874010E+00 1.12875127E+00 1.12876323E+00 1.12877596E+00 1.12878938E+00 1.12880344E+00 1.12881799E+00 1.12883291E+00 1.12884795E+00 1.12886288E+00 1.12887725E+00 1.12889070E+00 1.12890270E+00 1.12891270E+00 1.12891969E+00 1.12892296E+00 1.12892108E+00 1.12891303E+00 1.12889690E+00 1.12887132E+00 1.12883357E+00 1.12878180E+00 1.12871281E+00 1.12862397E+00 1.12851054E+00 1.12836948E+00 1.12819466E+00 1.12798187E+00 1.12772369E+00 1.12741492E+00 1.12704630E+00 1.12661143E+00 1.12609845E+00 1.12549996E+00 1.12480145E+00 1.12399400E+00 1.12305993E+00 1.12198815E+00 1.12076059E+00 1.11936349E+00 1.11777239E+00 1.11597350E+00 1.11394186E+00 1.11165943E+00 1.10911930E+00 1.10628531E+00 1.10343650E+00 1.10030711E+00 1.09728215E+00 1.09400586E+00 1.09088615E+00 1.08754764E+00 1.08440331E+00 1.08106750E+00 1.07794793E+00 1.07467449E+00 1.07164559E+00 1.06848241E+00 1.06556899E+00 1.06254675E+00 1.05978238E+00 1.05692758E+00 1.05432597E+00 1.05165117E+00 1.04922333E+00 1.04673664E+00 1.04448820E+00 1.04219195E+00 1.03995955E+00 1.03768167E+00 1.03535770E+00 1.03299078E+00 1.03058234E+00 1.02812558E+00 1.02562005E+00 1.02307242E+00 1.02048887E+00 1.01785014E+00 1.01514133E+00 1.01239611E+00 1.00971531E+00 1.00705298E+00 1.00388196E+00 1.00000000E+00
1.13240778E+00 1.13240711E+00 1.13240643E+00 1.13240696E+00 1.13240801E+00 1.13240898E+00 1.13240964E+00 1.13241001E+00 1.13241035E+00 1.13241084E+00 1.13241147E+00 1.13241219E+00 1.13241294E+00 1.13241370E+00 1.13241449E+00 1.13241532E+00 1.13241621E+00 1.13241716E+00 1.13241819E+00 1.13241930E+00 1.13242052E+00 1.13242187E+00 1.13242339E+00 1.13242509E+00 1.13242702E+00 1.13242920E+00 1.13243168E+00 1.13243450E+00 1.13243770E+00 1.13244134E+00 1.13244545E+00 1.13245010E+00 1.13245534E+00 1.13246123E+00 1.13246784E+00 1.13247522E+00 1.13248345E+00 1.13249258E+00 1.13250267E+00 1.13251381E+00 1.13252604E+00 1.13253940E+00 1.13255395E+00 1.13256969E+00 1.13258666E+00 1.13260482E+00 1.13262413E+00 1.13264454E+00 1.13266595E+00 1.13268815E+00 1.13271095E+00 1.13273394E+00 1.13275682E+00 1.13277915E+00 1.13280037E+00 1.13281949E+00 1.13283583E+00 1.13284795E+00 1.13285486E+00 1.13285467E+00 1.13284597E+00 1.13282599E+00 1.13279285E+00 1.13274335E+00 1.13267468E+00 1.13258191E+00 1.13246186E+00 1.13230812E+00 1.13211630E+00 1.13187864E+00 1.13158961E+00 1.13123956E+00 1.13082173E+00 1.13032368E+00 1.12973748E+00 1.12904787E+00 1.12824535E+00 1.12731134E+00 1.12623439E+00 1.12499539E+00 1.12357939E+00 1.12196075E+00 1.12012525E+00 1.11804659E+00 1.11570551E+00 1.11309441E+00 1.11017603E+00 1.10723825E+00 1.10400635E+00 1.10087848E+00 1.09748815E+00 1.09425777E+00 1.09079821E+00 1.08753773E+00 1.08407722E+00 1.08084014E+00 1.07744243E+00 1.07429755E+00 1.07101242E+00 1.06798602E+00 1.06484647E+00 1.06197482E+00 1.05900869E+00 1.05630528E+00 1.05352552E+00 1.05100242E+00 1.04841851E+00 1.04608240E+00 1.04369660E+00 1.04137706E+00 1.03901022E+00 1.03659581E+00 1.03413735E+00 1.03163606E+00 1.02908466E+00 1.02648310E+00 1.02383867E+00 1.02115729E+00 1.01841928E+00 1.01561078E+00 1.01276657E+00 1.00998727E+00 1.00722871E+00 1.00396706E+00 1.00000000E+00
1.12820563E+00 1.12820775E+00 1.12820580E+00 1.12820273E+00 1.12820036E+00 1.12819974E+00 1.12820003E+00 1.12820033E+00 1.12820036E+00 1.12820012E+00 1.12819987E+00 1.12819984E+00 1.12819998E+00 1.12820023E+00 1.12820056E+00 1.12820096E+00 1.12820145E+00 1.12820205E+00 1.12820278E+00 1.12820364E+00 1.12820463E+00 1.12820578E+00 1.12820710E+00 1.12820860E+00 1.12821030E+00 1.12821222E+00 1.12821438E+00 1.12821680E+00 1.12821950E+00 1.12822250E+00 1.12822582E+00 1.12822948E+00 1.12823349E+00 1.12823788E+00 1.12824265E+00 1.12824781E+00 1.12825337E+00 1.12825930E+00 1.12826560E+00 1.12827223E+00 1.12827916E+00 1.12828631E+00 1.12829360E+00 1.12830091E+00 1.12830811E+00 1.12831499E+00 1.12832135E+00 1.12832687E+00 1.12833126E+00 1.12833404E+00 1.12833482E+00 1.12833287E+00 1.12832763E+00 1.12831815E+00 1.12830366E+00 1.12828276E+00 1.12825448E+00 1.12821697E+00 1.12816888E+00 1.12810780E+00 1.12803198E+00 1.12793824E+00 1.12782433E+00 1.12768624E+00 1.12752106E+00 1.12732362E+00 1.12709040E+00 1.12681492E+00 1.12649273E+00 1.12611595E+00 1.12567915E+00 1.12517266E+00 1.12458990E+00 1.12391942E+00 1.12315353E+00 1.12227830E+00 1.12128502E+00 1.12015718E+00 1.11888428E+00 1.11744889E+00 1.11583878E+00 1.11403209E+00 1.11201609E+00 1.10976805E+00 1.10727268E+00 1.10452870E+00 1.10150053E+00 1.09848913E+00 1.09521192E+00 1.09207286E+00 1.08869886E+00 1.08550969E+00 1.08212018E+00 1.07894678E+00 1.07560268E+00 1.07249796E+00 1.06925420E+00 1.06626500E+00 1.06315981E+00 1.06031505E+00 1.05737601E+00 1.05469801E+00 1.05194469E+00 1.04944622E+00 1.04688800E+00 1.04457550E+00 1.04221480E+00 1.04008648E+00 1.03792108E+00 1.03582349E+00 1.03369279E+00 1.03152843E+00 1.02933051E+00 1.02710132E+00 1.02484141E+00 1.02255032E+00 1.02022948E+00 1.01788670E+00 1.01552164E+00 1.01312215E+00 1.01069779E+00 1.00835264E+00 1.00611668E+00 1.00343873E+00 1.00000000E+00
1.12721440E+00 1.12721740E+00 1.12721609E+00 1.12721314E+00 1.12721057E+00 1.12720977E+00 1.12720998E+00 1.12721035E+00 1.12721048E+00 1.12721029E+00 1.12721005E+00 1.12721000E+00 1.12721013E+00 1.12721038E+00 1.12721071E+00 1.12721110E+00 1.12721158E+00 1.12721217E+00 1.12721288E+00 1.12721371E+00 1.12721469E+00 1.12721581E+00 1.12721709E+00 1.12721856E+00 1.12722023E+00 1.12722211E+00 1.12722422E+00 1.12722660E+00 1.12722925E+00 1.12723220E+00 1.12723546E+00 1.12723907E+00 1.12724302E+00 1.12724736E+00 1.12725207E+00 1.12725719E+00 1.12726270E+00 1.12726859E+00 1.12727487E+00 1.12728149E+00 1.12728842E+00 1.12729560E+00 1.12730295E+00 1.12731035E+00 1.12731768E+00 1.12732474E+00 1.12733135E+00 1.12733718E+00 1.12734198E+00 1.12734526E+00 1.12734666E+00 1.12734546E+00 1.12734113E+00 1.12733274E+00 1.12731954E+00 1.12730018E+00 1.12727369E+00 1.12723829E+00 1.12719264E+00 1.12713439E+00 1.12706183E+00 1.12697183E+00 1.12686218E+00 1.12672896E+00 1.12656931E+00 1.12637812E+00 1.12615194E+00 1.12588438E+00 1.12557103E+00 1.12520412E+00 1.12477828E+00 1.12428396E+00 1.12371462E+00 1.12305891E+00 1.12230925E+00 1.12145179E+00 1.12047792E+00 1.11937119E+00 1.11812108E+00 1.11671031E+00 1.11512681E+00 1.11334872E+00 1.11136333E+00 1.10914808E+00 1.10668779E+00 1.10398082E+00 1.10099195E+00 1.09801790E+00 1.09478021E+00 1.09167781E+00 1.08834206E+00 1.08518801E+00 1.08183508E+00 1.07869542E+00 1.07538601E+00 1.07231232E+00 1.06910066E+00 1.06614093E+00 1.06306587E+00 1.06024825E+00 1.05733680E+00 1.05468358E+00 1.05195539E+00 1.04947939E+00 1.04694377E+00 1.04465121E+00 1.04231031E+00 1.04019957E+00 1.03805149E+00 1.03597022E+00 1.03385513E+00 1.03170562E+00 1.02952202E+00 1.02730639E+00 1.02505801E+00 1.02277644E+00 1.02046306E+00 1.01812467E+00 1.01575724E+00 1.01334796E+00 1.01090689E+00 1.00853202E+00 1.00624999E+00 1.00350926E+00 1.00000000E+00
1.12795149E+00 1.12795519E+00 1.12796441E+00 1.12797091E+00 1.12797326E+00 1.12797159E+00 1.12796864E+00 1.12796687E+00 1.12796635E+00 1.12796669E+00 1.12796713E+00 1.12796719E+00 1.12796707E+00 1.12796702E+00 1.12796713E+00 1.12796745E+00 1.12796790E+00 1.12796844E+00 1.12796908E+00 1.12796985E+00 1.12797077E+00 1.12797185E+00 1.12797311E+00 1.12797455E+00 1.12797619E+00 1.12797805E+00 1.12798015E+00 1.12798251E+00 1.12798516E+00 1.12798811E+00 1.12799138E+00 1.12799501E+00 1.12799899E+00 1.12800337E+00 1.12800814E+00 1.12801332E+00 1.12801892E+00 1.12802492E+00 1.12803133E+00 1.12803813E+00 1.12804526E+00 1.12805268E+00 1.12806033E+00 1.12806808E+00 1.12807583E+00 1.12808339E+00 1.12809056E+00 1.12809707E+00 1.12810265E+00 1.12810684E+00 1.12810928E+00 1.12810929E+00 1.12810633E+00 1.12809952E+00 1.12808811E+00 1.12807080E+00 1.12804663E+00 1.12801384E+00 1.12797113E+00 1.12791618E+00 1.12784730E+00 1.12776140E+00 1.12765631E+00 1.12752815E+00 1.12737409E+00 1.12718906E+00 1.12696964E+00 1.12670947E+00 1.12640414E+00 1.12604593E+00 1.12562950E+00 1.12514529E+00 1.12458679E+00 1.12394262E+00 1.12320522E+00 1.12236068E+00 1.12140038E+00 1.12030776E+00 1.11907222E+00 1.11767644E+00 1.11610822E+00 1.11434548E+00 1.11237537E+00 1.11017507E+00 1.10772913E+00 1.10503538E+00 1.10205837E+00 1.09909335E+00 1.09586281E+00 1.09276463E+00 1.08943084E+00 1.08627623E+00 1.08292018E+00 1.07977539E+00 1.07645783E+00 1.07337412E+00 1.07015011E+00 1.06717699E+00 1.06408565E+00 1.06125094E+00 1.05831987E+00 1.05564702E+00 1.05289654E+00 1.05039853E+00 1.04783840E+00 1.04552188E+00 1.04315502E+00 1.04101949E+00 1.03884454E+00 1.03673562E+00 1.03459060E+00 1.03240879E+00 1.03019078E+00 1.02793828E+00 1.02564988E+00 1.02332503E+00 1.02096538E+00 1.01857722E+00 1.01615536E+00 1.01368717E+00 1.01118384E+00 1.00874149E+00 1.00638818E+00 1.00357717E+00 1.00000000E+00
1.12928076E+00 1.12928805E+00 1.12929836E+00 1.12930441E+00 1.12930591E+00 1.12930398E+00 1.12930126E+00 1.12929990E+00 1.12929970E+00 1.12930006E+00 1.12930037E+00 1.12930031E+00 1.12930011E+00 1.12930003E+00 1.12930014E+00 1.12930043E+00 1.12930084E+00 1.12930135E+00 1.12930197E+00 1.12930272E+00 1.12930363E+00 1.12930471E+00 1.12930597E+00 1.12930742E+00 1.12930907E+00 1.12931096E+00 1.12931310E+00 1.12931551E+00 1.12931822E+00 1.12932125E+00 1.12932461E+00 1.12932835E+00 1.12933248E+00 1.12933702E+00 1.12934198E+00 1.12934740E+00 1.12935327E+00 1.12935959E+00 1.12936638E+00 1.12937360E+00 1.12938123E+00 1.12938923E+00 1.12939753E+00 1.12940604E+00 1.12941465E+00 1.12942318E+00 1.12943147E+00 1.12943924E+00 1.12944623E+00 1.12945202E+00 1.12945625E+00 1.12945826E+00 1.12945753E+00 1.12945321E+00 1.12944456E+00 1.12943030E+00 1.12940949E+00 1.12938039E+00 1.12934172E+00 1.12929116E+00 1.12922706E+00 1.12914633E+00 1.12904681E+00 1.12892465E+00 1.12877702E+00 1.12859882E+00 1.12838663E+00 1.12813405E+00 1.12783666E+00 1.12748666E+00 1.12707869E+00 1.12660311E+00 1.12605335E+00 1.12541786E+00 1.12468902E+00 1.12385269E+00 1.12290013E+00 1.12181451E+00 1.12058510E+00 1.11919425E+00 1.11762948E+00 1.11586826E+00 1.11389750E+00 1.11169386E+00 1.10924141E+00 1.10653750E+00 1.10354617E+00 1.10056409E+00 1.09731195E+00 1.09419034E+00 1.09082893E+00 1.08764602E+00 1.08425746E+00 1.08108019E+00 1.07772628E+00 1.07460700E+00 1.07134427E+00 1.06833391E+00 1.06520224E+00 1.06232909E+00 1.05935709E+00 1.05664592E+00 1.05385473E+00 1.05131869E+00 1.04871853E+00 1.04636490E+00 1.04395947E+00 1.04178853E+00 1.03957674E+00 1.03743140E+00 1.03524850E+00 1.03302747E+00 1.03076908E+00 1.02847489E+00 1.02614316E+00 1.02377343E+00 1.02136764E+00 1.01893193E+00 1.01646058E+00 1.01394154E+00 1.01138675E+00 1.00889159E+00 1.00648546E+00 1.00362455E+00 1.00000000E+00
1.13076322E+00 1.13077510E+00 1.13078491E+00 1.13078845E+00 1.13078764E+00 1.13078525E+00 1.13078313E+00 1.13078246E+00 1.13078253E+00 1.13078257E+00 1.13078235E+00 1.13078189E+00 1.13078146E+00 1.13078126E+00 1.13078126E+00 1.13078143E+00 1.13078172E+00 1.13078213E+00 1.13078268E+00 1.13078340E+00 1.13078429E+00 1.13078537E+00 1.13078665E+00 1.13078814E+00 1.13078986E+00 1.13079183E+00 1.13079408E+00 1.13079664E+00 1.13079951E+00 1.13080274E+00 1.13080635E+00 1.13081037E+00 1.13081482E+00 1.13081973E+00 1.13082513E+00 1.13083103E+00 1.13083746E+00 1.13084443E+00 1.13085194E+00 1.13085998E+00 1.13086854E+00 1.13087757E+00 1.13088704E+00 1.13089685E+00 1.13090691E+00 1.13091705E+00 1.13092712E+00 1.13093686E+00 1.13094604E+00 1.13095422E+00 1.13096107E+00 1.13096594E+00 1.13096833E+00 1.13096740E+00 1.13096242E+00 1.13095211E+00 1.13093555E+00 1.13091098E+00 1.13087711E+00 1.13083165E+00 1.13077292E+00 1.13069781E+00 1.13060414E+00 1.13048805E+00 1.13034665E+00 1.13017477E+00 1.12996896E+00 1.12972270E+00 1.12943149E+00 1.12908743E+00 1.12868503E+00 1.12821452E+00 1.12766918E+00 1.12703725E+00 1.12631096E+00 1.12547589E+00 1.12452310E+00 1.12343542E+00 1.12220197E+00 1.12080476E+00 1.11923091E+00 1.11745749E+00 1.11547119E+00 1.11324819E+00 1.11077216E+00 1.10804023E+00 1.10501599E+00 1.10199953E+00 1.09870811E+00 1.09554738E+00 1.09214278E+00 1.08891810E+00 1.08548397E+00 1.08226315E+00 1.07886252E+00 1.07569926E+00 1.07239008E+00 1.06933640E+00 1.06615920E+00 1.06324385E+00 1.06022800E+00 1.05747670E+00 1.05464384E+00 1.05206972E+00 1.04943025E+00 1.04704089E+00 1.04459897E+00 1.04239507E+00 1.04014957E+00 1.03797141E+00 1.03575496E+00 1.03349974E+00 1.03120671E+00 1.02887735E+00 1.02650968E+00 1.02410342E+00 1.02166073E+00 1.01918770E+00 1.01667831E+00 1.01412104E+00 1.01152833E+00 1.00899513E+00 1.00655195E+00 1.00365673E+00 1.00000000E+00
1.13224381E+00 1.13225693E+00 1.13226436E+00 1.13226548E+00 1.13226324E+00 1.13226087E+00 1.13225918E+00 1.13225846E+00 1.13225794E+00 1.13225706E+00 1.13225592E+00 1.13225479E+00 1.13225385E+00 1.13225321E+00 1.13225282E+00 1.13225261E+00 1.13225259E+00 1.13225276E+00 1.13225314E+00 1.13225374E+00 1.13225457E+00 1.13225564E+00 1.13225695E+00 1.13225852E+00 1.13226037E+00 1.13226252E+00 1.13226500E+00 1.13226783E+00 1.13227104E+00 1.13227465E+00 1.13227871E+00 1.13228324E+00 1.13228827E+00 1.13229384E+00 1.13229997E+00 1.13230671E+00 1.13231406E+00 1.13232205E+00 1.13233069E+00 1.13233999E+00 1.13234994E+00 1.13236050E+00 1.13237163E+00 1.13238327E+00 1.13239532E+00 1.13240763E+00 1.13242006E+00 1.13243234E+00 1.13244426E+00 1.13245539E+00 1.13246540E+00 1.13247363E+00 1.13247958E+00 1.13248244E+00 1.13248146E+00 1.13247533E+00 1.13246312E+00 1.13244304E+00 1.13241380E+00 1.13237307E+00 1.13231912E+00 1.13224880E+00 1.13215988E+00 1.13204844E+00 1.13191153E+00 1.13174383E+00 1.13154184E+00 1.13129889E+00 1.13101040E+00 1.13066828E+00 1.13026694E+00 1.12979639E+00 1.12924980E+00 1.12861517E+00 1.12788457E+00 1.12704328E+00 1.12608220E+00 1.12498387E+00 1.12373727E+00 1.12232414E+00 1.12073124E+00 1.11893535E+00 1.11692306E+00 1.11467021E+00 1.11216019E+00 1.10939022E+00 1.10632349E+00 1.10326458E+00 1.09992653E+00 1.09672097E+00 1.09326834E+00 1.08999845E+00 1.08651627E+00 1.08325061E+00 1.07980291E+00 1.07659623E+00 1.07324201E+00 1.07014705E+00 1.06692716E+00 1.06397290E+00 1.06091719E+00 1.05812992E+00 1.05526019E+00 1.05265278E+00 1.04997937E+00 1.04755953E+00 1.04508678E+00 1.04285533E+00 1.04058192E+00 1.03837685E+00 1.03613314E+00 1.03385045E+00 1.03152985E+00 1.02917276E+00 1.02677707E+00 1.02434262E+00 1.02187180E+00 1.01937061E+00 1.01683288E+00 1.01424751E+00 1.01162731E+00 1.00906689E+00 1.00659765E+00 1.00367872E+00 1.00000000E+00
