$MeshFormat
2.2 0 8
$EndMeshFormat
$Nodes
2257
1 -5 -5 0
2 5 -5 0
3 5 5 0
4 -5 5 0
5 0 0 0
6 1 0 0
7 -1 0 0
8 -3.999999999998766 -5 0
9 -3.000000000000863 -5 0
10 -2.00000000000407 -5 0
11 -1.00000000000724 -5 0
12 -6.145306485905166e-12 -5 0
13 0.9999999999950866 -5 0
14 1.999999999996321 -5 0
15 2.999999999997555 -5 0
16 3.999999999998776 -5 0
17 -4.499999999999632 -5 0
18 -3.499999999999636 -5 0
19 -2.500000000002372 -5 0
20 -1.500000000005966 -5 0
21 -0.500000000007125 -5 0
22 0.4999999999947038 -5 0
23 1.499999999995741 -5 0
24 2.499999999997104 -5 0
25 3.499999999998465 -5 0
26 4.499999999999339 -5 0
27 5 -3.999999999998766 0
28 5 -3.000000000000863 0
29 5 -2.00000000000407 0
30 5 -1.00000000000724 0
31 5 -6.145306485905166e-12 0
32 5 0.9999999999950866 0
33 5 1.999999999996321 0
34 5 2.999999999997555 0
35 5 3.999999999998776 0
36 5 -4.499999999999632 0
37 5 -3.499999999999636 0
38 5 -2.500000000002372 0
39 5 -1.500000000005966 0
40 5 -0.500000000007125 0
41 5 0.4999999999947038 0
42 5 1.499999999995741 0
43 5 2.499999999997104 0
44 5 3.499999999998465 0
45 5 4.499999999999339 0
46 3.999999999998766 5 0
47 3.000000000000863 5 0
48 2.00000000000407 5 0
49 1.00000000000724 5 0
50 6.145306485905166e-12 5 0
51 -0.9999999999950866 5 0
52 -1.999999999996321 5 0
53 -2.999999999997555 5 0
54 -3.999999999998776 5 0
55 4.499999999999632 5 0
56 3.499999999999636 5 0
57 2.500000000002372 5 0
58 1.500000000005966 5 0
59 0.500000000007125 5 0
60 -0.4999999999947038 5 0
61 -1.499999999995741 5 0
62 -2.499999999997104 5 0
63 -3.499999999998465 5 0
64 -4.499999999999339 5 0
65 -5 3.999999999998766 0
66 -5 3.000000000000863 0
67 -5 2.00000000000407 0
68 -5 1.00000000000724 0
69 -5 6.145306485905166e-12 0
70 -5 -0.9999999999950866 0
71 -5 -1.999999999996321 0
72 -5 -2.999999999997555 0
73 -5 -3.999999999998776 0
74 -5 4.499999999999632 0
75 -5 3.499999999999636 0
76 -5 2.500000000002372 0
77 -5 1.500000000005966 0
78 -5 0.500000000007125 0
79 -5 -0.4999999999947038 0
80 -5 -1.499999999995741 0
81 -5 -2.499999999997104 0
82 -5 -3.499999999998465 0
83 -5 -4.499999999999339 0
84 0.9951847266500277 0.09801714055464827 0
85 0.9807852803236238 0.1950903224163381 0
86 0.956940335539582 0.2902846778894679 0
87 0.9238795321350712 0.3826834332733542 0
88 0.8819212637229977 0.4713967379959588 0
89 0.83146961139971 0.5555702343707908 0
90 0.7730104521430228 0.6343932856498715 0
91 0.7071067796089664 0.7071067827641286 0
92 0.6343932821638799 0.7730104550039021 0
93 0.5555702306054486 0.8314696139156311 0
94 0.4713967340029855 0.8819212658572865 0
95 0.3826834291163764 0.9238795338569479 0
96 0.2902846735961009 0.9569403368419607 0
97 0.1950903179700714 0.9807852812080412 0
98 0.09801713593617516 0.9951847271049076 0
99 -4.676588388593318e-09 1 0
100 -0.09801714472540461 0.995184726239244 0
101 -0.1950903260409746 0.9807852796026387 0
102 -0.2902846808958546 0.9569403346276046 0
103 -0.3826834356171104 0.9238795311642557 0
104 -0.4713967397792103 0.88192126276983 0
105 -0.5555702355680964 0.8314696105996959 0
106 -0.6343932862697993 0.7730104516342612 0
107 -0.7071067829298205 0.7071067794432746 0
108 -0.7730104547140129 0.6343932825171111 0
109 -0.831469613295818 0.5555702315330644 0
110 -0.8819212650225468 0.4713967355646737 0
111 -0.9238795329719489 0.3826834312529531 0
112 -0.9569403360091757 0.2902846763414249 0
113 -0.9807852805229064 0.1950903214144766 0
114 -0.9951847266973349 0.09801714007432938 0
115 0.9987954561994112 0.0490676744446901 0
116 0.9891765099187257 0.146730474765841 0
117 0.9700312530659149 0.24298018041678 0
118 0.9415440649055361 0.3368898541677379 0
119 0.9039892926306308 0.4275550944722466 0
120 0.8577286092408362 0.5141027454602639 0
121 0.8032075304146546 0.5956993059297548 0
122 0.7409511239642452 0.6715589563814346 0
123 0.6715589530586451 0.7409511269758462 0
124 0.5956993022878683 0.8032075331156618 0
125 0.5141027415725143 0.8577286115710636 0
126 0.4275550903794303 0.9039892945663888 0
127 0.3368898499417967 0.941544066417602 0
128 0.2429801760433302 0.970031254161407 0
129 0.1467304702372354 0.989176510590481 0
130 0.04906766979356147 0.9987954564279065 0
131 -0.04906767886877539 0.9987954559820698 0
132 -0.1467304786416944 0.9891765093437972 0
133 -0.2429801837534347 0.9700312522301264 0
134 -0.3368898568604917 0.9415440639420534 0
135 -0.4275550965419463 0.9039892916517358 0
136 -0.5141027469125148 0.8577286083703906 0
137 -0.595699306828652 0.803207529747987 0
138 -0.6715589567535679 0.7409511236269632 0
139 -0.7409511269108278 0.6715589531303819 0
140 -0.8032075326779857 0.5956993028780062 0
141 -0.8577286108406297 0.5141027427911699 0
142 -0.9039892937161553 0.4275550921770978 0
143 -0.9415440655104926 0.3368898524769974 0
144 -0.9700312533859091 0.2429801791392913 0
145 -0.9891765100261573 0.1467304740415967 0
146 -0.9987954562098946 0.04906767423129488 0
147 -0.9951847266500277 -0.09801714055464827 0
148 -0.9807852803236238 -0.1950903224163381 0
149 -0.956940335539582 -0.2902846778894679 0
150 -0.9238795321350712 -0.3826834332733542 0
151 -0.8819212637229977 -0.4713967379959588 0
152 -0.83146961139971 -0.5555702343707908 0
153 -0.7730104521430228 -0.6343932856498715 0
154 -0.7071067796089664 -0.7071067827641286 0
155 -0.6343932821638799 -0.7730104550039021 0
156 -0.5555702306054486 -0.8314696139156311 0
157 -0.4713967340029855 -0.8819212658572865 0
158 -0.3826834291163764 -0.9238795338569479 0
159 -0.2902846735961009 -0.9569403368419607 0
160 -0.1950903179700714 -0.9807852812080412 0
161 -0.09801713593617516 -0.9951847271049076 0
162 4.676588388593318e-09 -1 0
163 0.09801714472540461 -0.995184726239244 0
164 0.1950903260409746 -0.9807852796026387 0
165 0.2902846808958546 -0.9569403346276046 0
166 0.3826834356171104 -0.9238795311642557 0
167 0.4713967397792103 -0.88192126276983 0
168 0.5555702355680964 -0.8314696105996959 0
169 0.6343932862697993 -0.7730104516342612 0
170 0.7071067829298205 -0.7071067794432746 0
171 0.7730104547140129 -0.6343932825171111 0
172 0.831469613295818 -0.5555702315330644 0
173 0.8819212650225468 -0.4713967355646737 0
174 0.9238795329719489 -0.3826834312529531 0
175 0.9569403360091757 -0.2902846763414249 0
176 0.9807852805229064 -0.1950903214144766 0
177 0.9951847266973349 -0.09801714007432938 0
178 -0.9987954561994112 -0.0490676744446901 0
179 -0.9891765099187257 -0.146730474765841 0
180 -0.9700312530659149 -0.24298018041678 0
181 -0.9415440649055361 -0.3368898541677379 0
182 -0.9039892926306308 -0.4275550944722466 0
183 -0.8577286092408362 -0.5141027454602639 0
184 -0.8032075304146546 -0.5956993059297548 0
185 -0.7409511239642452 -0.6715589563814346 0
186 -0.6715589530586451 -0.7409511269758462 0
187 -0.5956993022878683 -0.8032075331156618 0
188 -0.5141027415725143 -0.8577286115710636 0
189 -0.4275550903794303 -0.9039892945663888 0
190 -0.3368898499417967 -0.941544066417602 0
191 -0.2429801760433302 -0.970031254161407 0
192 -0.1467304702372354 -0.989176510590481 0
193 -0.04906766979356147 -0.9987954564279065 0
194 0.04906767886877539 -0.9987954559820698 0
195 0.1467304786416944 -0.9891765093437972 0
196 0.2429801837534347 -0.9700312522301264 0
197 0.3368898568604917 -0.9415440639420534 0
198 0.4275550965419463 -0.9039892916517358 0
199 0.5141027469125148 -0.8577286083703906 0
200 0.595699306828652 -0.803207529747987 0
201 0.6715589567535679 -0.7409511236269632 0
202 0.7409511269108278 -0.6715589531303819 0
203 0.8032075326779857 -0.5956993028780062 0
204 0.8577286108406297 -0.5141027427911699 0
205 0.9039892937161553 -0.4275550921770978 0
206 0.9415440655104926 -0.3368898524769974 0
207 0.9700312533859091 -0.2429801791392913 0
208 0.9891765100261573 -0.1467304740415967 0
209 0.9987954562098946 -0.04906767423129488 0
210 -4.218473669120488 2.367667878921285 0
211 4.300258987812111 -2.491106886123324 0
212 -2.5968027743317 -4.045366315283426 0
213 2.637669419074871 4.194998643170255 0
214 -1.56910605242036 4.226986574361489 0
215 1.533784745197406 -4.213906461271423 0
216 -4.127661016849219 -1.515941266962494 0
217 4.175412885609797 1.432677674523531 0
218 4.148716811502272 -0.5887419038936332 0
219 -4.146093260778276 0.3829965876038149 0
220 -0.560917462521925 -4.177788075526094 0
221 0.458999592347801 4.126633564363872 0
222 3.581546779272533 -4.015140111902981 0
223 -3.600377087734488 4.193493003629516 0
224 4.23271693769073 3.548099043731787 0
225 -4.05985158614907 -3.481390515726166 0
226 4.141661965832574 0.664255815365265 0
227 3.471885217604097 1.062427081936265 0
228 3.440469068351276 1.763773239173652 0
229 2.880799727893471 1.346694431583411 0
230 0.9797283734454882 0.4633770119655523 0
231 2.892810295824605 0.766319400877884 0
232 1.072052845005236 0.1590240178045895 0
233 2.385122202189107 1.014565275576973 0
234 2.380600872653408 1.546556708834787 0
235 0.8080092284021498 0.7294408209674482 0
236 2.392438035318563 0.5298071390148501 0
237 1.960309806440872 1.272069703470501 0
238 1.926045033994666 1.718271779643859 0
239 1.520898629840055 1.451659787666483 0
240 0.5578325299579178 0.9333980731643396 0
241 1.51280643231004 1.8798223914771 0
242 1.167093101931142 1.671776237316621 0
243 1.132345616748953 2.057926686216301 0
244 0.8114041172757794 1.822519722436749 0
245 0.1647179279708049 1.079312253526199 0
246 0.368333810961552 1.025242457747849 0
247 0.7552355357220855 2.214018996371451 0
248 0.4016522415183099 1.914605986718973 0
249 0.3779666299917148 2.37867452545933 0
250 0.03838040519186491 2.161311579686997 0
251 -0.2610632351754311 1.066829743575461 0
252 -0.04316063204767934 1.073877126859103 0
253 -0.01140386193028461 2.575484821310178 0
254 -0.3523857227545578 2.310047037730194 0
255 1.064744890695661 2.520371704311276 0
256 2.288189484972397 2.079315313319251 0
257 1.598048820957064 1.084908921328401 0
258 -0.2249506295979416 1.928435746171187 0
259 -0.6384860258382113 1.991678025447688 0
260 -0.5561182785352424 0.921882285204225 0
261 -0.7426628787368261 2.449753698835306 0
262 -1.053690023287137 2.154311425027169 0
263 -0.9783815617581841 1.750725943014781 0
264 -1.35293689543768 1.871543212119412 0
265 -1.253655724084288 1.487159478646884 0
266 -0.8705027985555258 0.6456088734368113 0
267 -1.626922861219597 1.595258201434275 0
268 -1.751247241810266 2.01600515044727 0
269 -1.48053968981721 1.167513666361316 0
270 -1.912554985667525 1.317602784363394 0
271 -1.817869614331618 0.9235026639084923 0
272 -1.054291640728279 0.2631081566740119 0
273 -2.230513164736704 1.038306528221314 0
274 -2.118482666703546 0.6313217817502481 0
275 -2.359995355622399 1.460460564129464 0
276 2.875449860461818 0.2238205701167218 0
277 2.40465059705606 0.04977323554038439 0
278 1.076409732638462 -0.1580448269289942 0
279 2.05213850072791 0.2584274214993574 0
280 2.025662573957205 -0.1150286526446185 0
281 2.34168526162522 -0.352379736774926 0
282 1.93440812662801 -0.4934134171174555 0
283 0.9306342403269254 -0.5573808792646333 0
284 2.285976428130487 -0.7388398750788019 0
285 1.926917383865886 -0.8840349634297306 0
286 2.244662993977177 -1.136275497445572 0
287 1.870215961815538 -1.283765154174371 0
288 0.7278242888742102 -0.8030303507939455 0
289 2.196688639285793 -1.5554337645486 0
290 1.78855101931749 -1.715143832500973 0
291 2.150882625421892 -2.016933664306762 0
292 1.698751557003836 -2.192506473878886 0
293 1.327697518136058 -1.822276608649891 0
294 0.3663930502350961 -1.024038883112917 0
295 1.242454998838847 -2.334644708872452 0
296 0.9054466784811022 -2.033663175849195 0
297 0.8109859297686774 -2.489676879581262 0
298 0.4594323871322608 -2.12553960984158 0
299 -0.05842184647538813 -1.102469506422025 0
300 2.606196462941615 -1.386026440935532 0
301 2.095543615849382 -2.545567174862557 0
302 0.9525262086286409 -1.637919648219648 0
303 1.617926198774272 -1.033434624489231 0
304 0.3743999074239314 -2.636422596148325 0
305 0.04531754354817114 -2.320988818439862 0
306 0.09452600103490125 -1.912331620823662 0
307 -0.2529126294360484 -2.051003755786531 0
308 -0.3655182834781823 -1.025846733877676 0
309 -0.367996138339618 -2.450987315486758 0
310 -0.6648862543446703 -2.112401337290724 0
311 -0.8120871603552602 -2.567659349307182 0
312 -1.120554204984376 -2.222267069827004 0
313 -0.9865676147338891 -0.4630719999919498 0
314 -0.8063975616751137 -0.7308211162575049 0
315 -1.051303538037319 -0.2633378280799802 0
316 -0.6577247471198149 -0.8858724024908666 0
317 -1.089127054732881 -0.05497058828221844 0
318 -0.9728179401662924 -1.78047506157852 0
319 -1.425374414291691 -1.85814272185753 0
320 -1.61164098880677 -2.368508509700293 0
321 -1.913125035622095 -1.940837501794197 0
322 -1.671962837952681 -1.427250491709618 0
323 -2.199386054498203 -1.526630474469563 0
324 -1.947216880078085 -1.018081410297278 0
325 -2.382103550207103 -2.034330491270933 0
326 -2.494579438154077 -1.129455550224886 0
327 -2.294295629661496 -0.6751961340655921 0
328 -2.804673818024659 -0.7335413885439854 0
329 1.748360578938 0.1162391237474998 0
330 -1.858573623306741 -0.5895176516621288 0
331 -1.17178879962212 2.612378418415426 0
332 -0.8330586758938564 2.956159855776552 0
333 -1.692555150913809 0.539954937510929 0
334 -0.1572091274226788 -1.702922449090497 0
335 0.0867120818138773 -1.55222640850551 0
336 0.1611969341495755 -1.07677769347353 0
337 -2.558829355552894 0.7213734996432356 0
338 -1.982562695748292 0.2706200079138818 0
339 -0.9135961716520882 1.404367911275026 0
340 2.629286357556154 -0.574815703020615 0
341 -1.640487179262141 0.2048229586543457 0
342 0.8809901691050533 1.457603131806567 0
343 2.612923491862477 -2.322625365980273 0
344 1.751054562405228 0.4086289024523592 0
345 1.483896958706443 0.2636331543946069 0
346 1.494351811868038 0.01355799277796155 0
347 0.7468782980715198 -2.990797481202492 0
348 0.3637423246565028 2.83709850841191 0
349 1.526203766964583 0.5229439824300214 0
350 2.558284150124305 -2.922671912799253 0
351 -0.4966635451649146 -2.923110009970044 0
352 -0.9727497812686796 -3.045201001875173 0
353 -1.428902564936731 0.3774503973633068 0
354 -0.9748255864507223 0.4631600182942847 0
355 1.314187725964707 0.4229316528921718 0
356 1.325205628989708 0.6216678079885498 0
357 -2.549922064289686 -0.2059950752636758 0
358 -3.129506519030246 -0.2716363998688522 0
359 -0.1356855632887724 -1.43054165100696 0
360 -0.3430275287292753 -1.512764314736634 0
361 -1.360309371551538 0.1175142459637768 0
362 -1.547463117777461 -0.06066353231498587 0
363 0.6402108732305843 -1.73537687910644 0
364 0.704283492298977 -1.391336061525002 0
365 0.5591153975793937 -0.9328496205103473 0
366 0.9725081229202956 -1.316438635834953 0
367 1.929936151679509 0.8774944482199662 0
368 0.7902119341394177 -1.150564327481261 0
369 0.980403757231805 -1.086050711075057 0
370 0.4908203589995981 -1.263919921958309 0
371 1.294782180669747 1.189272312884124 0
372 -3.058534562289969 -1.155132092834688 0
373 -1.538780382723448 0.824068630714878 0
374 -1.203589386355311 1.061517591283789 0
375 -0.7284187155204639 0.8127815257530325 0
376 -1.144593107843307 0.7042447882084715 0
377 0.1762990560548502 -1.334342120403557 0
378 -0.277073633715728 -1.276241288379678 0
379 -0.4767891288824149 -1.294422920560029 0
380 0.2513232524477884 -3.155354053742841 0
381 -0.6857496192706748 1.569193229680263 0
382 -0.5804260523928351 1.320371305049575 0
383 -0.8341818267565807 1.137131692393335 0
384 -0.4218251361590269 1.49280121764824 0
385 1.302483457072009 0.1292999029445985 0
386 1.313484009996343 -0.06894445745301971 0
387 1.463729472300798 -0.1949740493770726 0
388 1.024833547874569 -0.3676125276398701 0
389 1.275445037877305 -0.259595934787239 0
390 1.434238604025227 -0.3930902649177673 0
391 1.228140435055795 -0.4701986450935196 0
392 1.403588844953364 -0.5970398033952675 0
393 1.220319295190372 -0.6818229790412228 0
394 -1.306792847506567 3.136840460344455 0
395 -1.732107028218822 2.747751483660797 0
396 0.4694527721228627 -1.472996973354428 0
397 -0.3945547243994704 1.257205726810987 0
398 -0.2178241258797264 1.402825289852053 0
399 0.6650296262832104 -3.553492174707698 0
400 -0.06880576018490332 3.077457561974351 0
401 1.976846307301166 -3.138675627715219 0
402 2.478431068908563 -3.585875528202892 0
403 -0.5778298779956834 -1.561830152471682 0
404 -0.7214256709054847 -1.35829986195623 0
405 -0.6354754985918986 -1.128597913379048 0
406 -0.87305038911496 -1.166364265815815 0
407 4.008013196597424 2.253502491186277 0
408 3.28419131078051 2.530037108277922 0
409 1.203124048788752 -1.213479639751467 0
410 -0.8664277933412257 3.527103563694485 0
411 -1.871312673086884 3.500678225978197 0
412 -2.38423393053739 2.92910482372692 0
413 0.5859067871569243 1.578645267925848 0
414 0.2055568886107748 1.688677806263301 0
415 0.2726080079446255 1.416450994497094 0
416 -2.072590318448404 -0.2954572934335576 0
417 0.6042617556815102 1.295674776356084 0
418 0.8130708731315015 1.190856670992777 0
419 -2.524789871308823 3.566875348413413 0
420 -2.986474791033452 3.01317096275881 0
421 -2.865602438954252 2.421296257861113 0
422 -0.9624488647573579 -1.410740272676614 0
423 -1.120703373350532 -1.181880090100545 0
424 -0.9933254484168167 -0.9455840404459204 0
425 -1.256472027364187 -0.9599071060129338 0
426 -1.122803692889511 -0.7364672197500793 0
427 -1.384479338170128 -0.7466348868947269 0
428 -1.240556467106682 -0.5649719528792256 0
429 -4.27148918318305 -0.5817116402480822 0
430 -0.534093582259484 1.144713417049062 0
431 3.148274184276546 -2.605336335821377 0
432 3.163719646399211 -1.99549799455298 0
433 -4.204529711137212 1.421871122158034 0
434 -3.563750043835936 0.9772039845346576 0
435 4.177162776351191 -1.481990336688036 0
436 3.586813731541123 -0.944734765725205 0
437 3.393659160334611 -0.2237579161001254 0
438 -1.337739254565204 -4.360754999465303 0
439 -1.980274896349091 -3.424838833362793 0
440 1.312990130569192 4.177637113947899 0
441 1.952359072370272 3.336374049983739 0
442 0.9857730540875155 3.524716341322099 0
443 1.658101570783663 -0.3282721692652977 0
444 -1.542300486175421 -1.011835616600972 0
445 1.480271092831323 -1.372744597463655 0
446 -3.414959544616711 1.870240773267952 0
447 0.002862507503277983 1.492402180585875 0
448 0.09596339680689284 1.302162571709303 0
449 -4.157336293327949 -2.499818955175143 0
450 -3.388778175351278 -2.87237507616004 0
451 -3.434885827417998 -2.078075379091278 0
452 1.139181354418832 -0.9168668127433108 0
453 0.9868306204961725 -0.8281747623654174 0
454 -1.254965296175192 -1.472336072939897 0
455 -1.310714669135243 -0.09602497076350458 0
456 -1.427375322058532 -0.2866321160639525 0
457 -1.705810728879405 -0.2931597436234871 0
458 1.187965763947413 0.01224454916510351 0
459 1.321557644148059 0.9531614435210694 0
460 1.116208549331763 1.034433936211077 0
461 -2.869865604224096 0.2404454332664633 0
462 0.243974387398441 1.202452640967759 0
463 1.170175835774987 0.5161865512578763 0
464 1.103642737646133 0.703524779153636 0
465 1.156028070470301 0.3587250175956234 0
466 0.8084699419198402 -0.9779074854698058 0
467 -1.49871102376498 -0.5135129731916701 0
468 -1.247657722824066 0.288833182892404 0
469 -1.24421885928621 0.474673771040548 0
470 -1.18793975355274 0.1395198915683912 0
471 -0.2124805792534581 1.209072353234146 0
472 4.309708100132564 -3.459817116423093 0
473 -4.173365192172709 3.431773486465872 0
474 -3.516507160134479 -4.226648914200722 0
475 3.533417729053935 4.073783266376998 0
476 2.981240843992692 3.369122204782018 0
477 0.6386256910970785 1.103717708579692 0
478 0.7888436648851085 0.9775212261378289 0
479 -0.3323122459361856 4.374616033641218 0
480 1.252682390659977 -3.334588340746596 0
481 3.378576254009727 0.4249852118955353 0
482 0.929591823746993 0.557175898758049 0
483 0.7380578706013226 0.8174524854480852 0
484 0.3734483408352756 3.378393385974377 0
485 1.086541330578688 -0.05116230123584518 0
486 1.056271594051718 -0.264473482174147 0
487 0.8055929266863872 -0.7318342137040067 0
488 0.6456088776668873 -0.870502795428442 0
489 0.4655444127375108 -0.9842954540827897 0
490 0.5513268469338414 -1.032258086581488 0
491 0.8484873580031457 0.8317558477855095 0
492 0.9309521967411923 0.7478467616725103 0
493 0.8748494294894009 0.6461019377186579 0
494 -0.8109048236588638 0.7343311685269879 0
495 -0.8434726632474763 0.8546574094716275 0
496 -0.7528554287160801 0.9482600845574165 0
497 -0.9301392573160212 0.7500470452812354 0
498 -1.00489093341527 0.6381162778389127 0
499 -1.045123962925148 0.9000212433362402 0
500 0.4640089228969506 0.9812096934075708 0
501 0.4875877385156398 1.117832475215011 0
502 0.6543240066926976 0.8874255740779742 0
503 0.05305266187035588 -1.092617535972153 0
504 -0.00149310599809521 -1.191847007415434 0
505 0.263337831567064 -1.051303536710041 0
506 0.3595505735415994 -1.152212759679623 0
507 -0.1636418799537509 -1.087321365072916 0
508 0.9829231868139632 -0.4650048354913281 0
509 1.070947753573984 -0.5679911514798232 0
510 0.8715493443064639 -0.6467375531817858 0
511 -0.5035285778417841 -0.9989489511282768 0
512 -0.4645527375016907 -1.11468671661697 0
513 -0.2657423454672059 -1.05536151010859 0
514 -0.4847014822974072 1.003172164251143 0
515 1.406032093341076 2.956157710649657 0
516 -0.3678878188206017 1.030175396638664 0
517 -0.1607891249846704 1.08226601665123 0
518 -0.9343950828640408 -0.5592852512985905 0
519 -1.064127578906376 -0.5706591375468172 0
520 -1.027573773701592 0.3736486875328408 0
521 -0.7972407733194634 -0.9789685948208292 0
522 0.2689683738392724 1.062064389735881 0
523 -0.7403017853760339 -0.8191211539100254 0
524 -0.8754417294544166 -0.6491650922095435 0
525 -0.9372166968876733 -0.76001098021841 0
526 -2.397894904262744 0.3148748213699182 0
527 0.05369583450831814 1.093003922308431 0
528 -1.114597224630299 -0.4455496824130656 0
529 -1.025366021496784 -0.3640574363791418 0
530 -0.5705651639498994 -0.9185729412028256 0
531 -2.211051386489302 2.305843315821121 0
532 1.660651620040459 -0.7489280939901293 0
533 -2.969358917976607 1.401843547720822 0
534 -1.093003922208232 0.05369583934326462 0
535 -1.077072381843622 -0.1600667283428387 0
536 -1.202020214773501 -0.2329929590690851 0
537 1.037621202905517 1.223403945695912 0
538 0.8424963641433061 -0.8471026118566632 0
539 -0.2338025712550374 1.62932148669756 0
540 0.2880890745147107 -4.256321426084796 0
541 1.400120483413433 -0.842199085046191 0
542 1.533289377195574 0.7845610741884627 0
543 0.3298543492678489 -1.306511698268719 0
544 1.60595080378274 -2.699663746716415 0
545 -0.02268280633733074 1.188813878699814 0
546 -0.5830014790960454 -3.456479398434965 0
547 0.333981617694507 -1.710093037585517 0
548 -3.407724947055958 0.2828417940368253 0
549 2.821357799678742 1.967250392623298 0
550 2.653896333421389 2.537125554550764 0
551 2.002508807826867 2.629653877817284 0
552 1.138689637575309 -0.3390190892012222 0
553 -0.4445480456378257 -1.808774438950492 0
554 -2.800922747121821 -2.387945217233244 0
555 -2.177052117349879 -2.606520263960401 0
556 -2.678030275183627 -3.129665989610012 0
557 -1.581830224858311 -2.940439796346058 0
558 1.058058405690598 0.2665664156453811 0
559 1.162114299553064 0.2311589069763512 0
560 1.021831377437513 0.3659137772685686 0
561 0.1108602127968745 -1.193420190276635 0
562 -1.866408352367783 -0.03136301176090645 0
563 -1.041858831425678 1.204603789645941 0
564 1.187225398261014 -1.472571825983923 0
565 1.997960763312347 0.5823356102949393 0
566 2.405714510375366 3.094563486558874 0
567 -0.8861022384293908 0.9884810531815089 0
568 -3.668095691958503 -1.014058710213936 0
569 -0.6530535702615003 -0.9901115425864622 0
570 -0.6456088776668873 0.870502795428442 0
571 -0.6401692513174 1.034432888979544 0
572 0.6693863225966683 -0.9990361342311658 0
573 0.4648996900781044 -1.099553546772896 0
574 1.179852270485473 -0.1162053055776631 0
575 0.8559874557586522 2.954318512758531 0
576 2.790736249839529 -0.2300662395989636 0
577 -0.9295918249931557 0.5571758956071011 0
578 -2.837017919656409 -1.691695991686371 0
579 3.05466923889847 -3.371261038897249 0
580 -2.249378230974382 4.278671142024446 0
581 -0.4172388426158841 2.763480629282022 0
582 -1.455877886745468 2.254676042887741 0
583 -0.0650391501755186 -2.788503130364456 0
584 -1.077178776298028 0.1630920011113322 0
585 -1.2820187788095 -3.629842827971934 0
586 1.864602601594134 2.142784058784958 0
587 -1.066659588663502 0.5067044991864766 0
588 -1.219772472054679 -2.628815145411142 0
589 -1.259606086287284 -0.3771212313537924 0
590 -3.532922014679991 2.766872618770092 0
591 1.039909211936344 0.5566507347701672 0
592 2.598255837591148 -0.9777891835566046 0
593 2.230042846703332 -4.289834431338222 0
594 1.497173407086122 2.36445273820943 0
595 -0.34038088083566 1.134265642953562 0
596 -2.609687776685734 1.909336958283057 0
597 0.9783290245087425 0.8883655090345851 0
598 -0.2642266420086573 3.694271197434838 0
599 1.085234387665443 0.05792839406761568 0
600 -0.9867969562004035 -0.655117536204688 0
601 -0.0195402976974668 1.708376913996127 0
602 0.4057485531270382 1.263930445461102 0
603 -1.397803275192229 0.6203296980031714 0
604 1.131790484224352 -2.769874231423843 0
605 -0.8447598441583437 -0.8418461162219073 0
606 1.684304443062935 -0.1170257234048802 0
607 2.618827606444395 -1.814430958745822 0
608 1.145333654525653 -0.227467727733853 0
609 1.089106912178724 -0.4419652497811526 0
610 -0.07083232143206887 1.319055254816238 0
611 -1.369280804203603 -1.210641875472793 0
612 -2.078576601249137 1.767417829079763 0
613 1.586235396483145 -0.5163403006795919 0
614 3.445815058813194 -1.551514595194699 0
615 0.2335164928963021 -1.185761333135351 0
616 -2.999766479635236 0.795955264527145 0
617 3.061817996728887 -1.182756830411644 0
618 1.061387303363128 -0.7122629939620317 0
619 -1.20214471328956 0.007387466744479106 0
620 -0.4409627964241784 1.722285941128987 0
621 1.286596431454968 0.2765038307377519 0
622 0.9757890799120127 0.6422600224146041 0
623 -0.3480238080226963 -1.153702908175678 0
624 -0.2382509395060243 -1.164646562785974 0
625 -0.1238665520315901 -1.225628793751836 0
626 1.143458016258102 0.868190115638365 0
627 3.664744041058468 3.10832872197067 0
628 -0.7884073992709617 -1.591029644790225 0
629 -1.137687533834041 0.3432381381581011 0
630 0.6387390459707348 0.9877306821787247 0
631 0.5564189432685807 1.028152898630417 0
632 -3.24799399423003 -3.551089362196073 0
633 4.296661651679121 -4.274988512826608 0
634 -4.290543752913091 4.28281385964925 0
635 -4.267949192430226 -4.267949192430229 0
636 4.267949192430226 4.267949192430229 0
637 -0.02597913830114799 -3.667021535539635 0
638 4.012522838335836 0.05534824145217926 0
639 3.010094888931909 -0.6889867730688596 0
640 -1.140951085447431 0.2395582740808481 0
641 0.9180627137582946 -4.097793776684969 0
642 -0.6718998756087438 1.186056822376175 0
643 -3.42523900363442 -1.490980688157753 0
644 0.2719158655170082 -1.47147767226867 0
645 1.765977385934431 0.6537850822146432 0
646 0.6894764797739177 2.585909979521017 0
647 0.3549225727683887 1.13430448182552 0
648 3.701638875648367 -2.993055390024146 0
649 1.839420954419454 -0.2610653617021137 0
650 -2.623692654704768 1.083587880848396 0
651 -0.6896979034830868 -1.770902127016329 0
652 -0.4298180776484924 1.107872051862838 0
653 -2.173875667023382 0.01053588976513204 0
654 1.894357471754089 -3.71257607785487 0
655 1.161970150648633 0.1179311541916517 0
656 1.077804744267817 0.4491738647423733 0
657 3.656144921550103 -2.186416923067427 0
658 0.9248745092189954 -0.7353048180386335 0
659 2.205821864916017 0.7856590642988238 0
660 -3.649660345936047 -0.3260584365923651 0
661 0.1121864358617116 1.173770519476686 0
662 -1.624754329766237 -0.7520211320974378 0
663 0.9468146629525265 1.062916257614436 0
664 1.285430680847515 0.7862210440980166 0
665 -0.9162201874934937 4.096411797124022 0
666 0.4463176502712493 1.424078745029263 0
667 2.864380164691025 -4.069968969070075 0
668 -1.176215806754961 -0.1073335559426336 0
669 1.368124635645322 -1.075744951898771 0
670 -1.798805839884233 2.342403239428983 0
671 4.33602919321216 2.849968827899741 0
672 -1.247830190702005 1.249002569899571 0
673 -0.4922442773588304 3.272703481246238 0
674 -2.924137326849143 4.107111535775933 0
675 -0.7584355325983104 1.30449099782099 0
676 0.7394110461662869 -0.9005018742484543 0
677 2.38692043976409 3.599691215057608 0
678 -1.008441830427334 1.054912661311521 0
679 0.007501104716628307 -1.326334175179867 0
680 2.97927535426546 -1.586045363968136 0
681 -3.262094187447885 -0.7000854056107654 0
682 -1.130578617045037 -0.3366118274590131 0
683 0.9813904963185145 -0.6457167731618956 0
684 0.9514764076419913 -0.9312204767020509 0
685 -3.411966619757555 3.505315846180599 0
686 0.08719739619896064 1.888962284610519 0
687 0.3630631474461484 1.565692240906186 0
688 -1.305971910769706 3.697604124300529 0
689 1.9592954142689 3.965500192007868 0
690 -0.1901139266263769 -3.220654782894561 0
691 -1.873153201439151 -4.066799765381395 0
692 -1.301738300809442 0.8796159363179777 0
693 0.6191083155881775 -1.162119325422034 0
694 1.523289952927391 3.592077081582252 0
695 1.180277056890302 1.398743083073941 0
696 -3.117904287269909 -2.233010298162261 0
697 -2.818970333389115 -2.039820604459807 0
698 -3.135951873537203 -1.884885685388824 0
699 -1.277290003063495 -2.992820399110615 0
700 -1.431924501833906 -3.285141312158996 0
701 -1.12738428003909 -3.337521914923553 0
702 -4.21150169012885 1.89476950053966 0
703 -3.809744627876962 1.646055947712993 0
704 -3.8167166068686 2.118954326094618 0
705 -2.288538835340395 -3.735102574323109 0
706 -2.329152585766359 -3.277252411486403 0
707 -2.637416524757664 -3.587516152446719 0
708 -1.809589859015383 -1.222665951003448 0
709 -1.607131662064051 -1.219543054155295 0
710 -1.744758683126753 -1.014958513449125 0
711 -0.1866348521190642 1.145669184942688 0
712 -0.09173596566100055 1.135539947675522 0
713 -0.1175816927953944 1.19894311596698 0
714 0.5498216301814226 -1.93045824447401 0
715 0.4870962454625457 -1.722734958345978 0
716 0.3967070024133839 -1.917816323713548 0
717 -0.5695020382168413 -1.063773432253662 0
718 -0.5500141180467946 -1.121642314998009 0
719 -0.4840406576717374 -1.056817833872623 0
720 0.2769791940835811 -2.018935615332621 0
721 0.2142538093647041 -1.811212329204589 0
722 -0.5782910740516423 -0.9945302468573695 0
723 -0.6442645344266995 -1.059354727982755 0
724 -1.666521165087975 0.3723889480826374 0
725 -1.534694872099436 0.2911366780088263 0
726 -1.56072885792527 0.4587026674371179 0
727 -0.03524852280440074 -1.627574428798003 0
728 -0.02448674073744755 -1.491384029756235 0
729 -0.1464473453557256 -1.566732050048728 0
730 -1.583527407970829 -0.8819283743492048 0
731 -1.785985604922161 -0.8850512711973577 0
732 -0.4706709331920528 -1.2045548185885 0
733 -0.4124064684525556 -1.224062914367854 0
734 -0.4062882727621935 -1.134194812396324 0
735 -1.094858535384228 0.8021330157723559 0
736 -1.173431131867295 0.8898185898271089 0
737 -1.223165704326374 0.7919303622632246 0
738 -1.500398275406839 0.1611686023090613 0
739 -1.394605968244135 0.2474823216635418 0
740 -1.520621821078142 -1.318946183591206 0
741 -1.455790645189512 -1.111238746036882 0
742 4.238710882081651 -1.98654861140568 0
743 3.916653848950647 -1.834203629877732 0
744 3.978201954681107 -2.338761904595375 0
745 0.7334484781309889 1.518124199866207 0
746 0.5950842714192173 1.437160022140966 0
747 0.7426259623932818 1.376638954081326 0
748 1.704270450583971 2.792905794233471 0
749 1.451602750213599 2.660305224429544 0
750 1.749841107456494 2.497053308013357 0
751 1.40398430548369 -1.597510603056773 0
752 1.333748245546168 -1.422658211723789 0
753 1.257461458198536 -1.647424217316907 0
754 -1.509660036270329 0.9957911485380972 0
755 -1.420259341766445 0.8518422835164279 0
756 -1.391138995313326 1.023564801339647 0
757 -1.762383012214432 -2.154673005747245 0
758 -2.045088576485987 -2.273678882877299 0
759 -1.894346553078324 -2.487514386830347 0
760 4.574358405751136 -0.2943709519498893 0
761 4.506261419167918 0.02767412072301698 0
762 4.080619824919054 -0.266696831220727 0
763 1.679195582855674 3.146265880316698 0
764 1.977433940098569 2.983013963900512 0
765 3.134554510398215 3.132700829819313e-05 0
766 2.833093055150674 -0.003122834741120906 0
767 3.09219770508707 -0.2269120778495445 0
768 1.48912438528724 0.1385955735862842 0
769 1.393190207889226 0.1964665286696027 0
770 1.398417634470024 0.07142894786128003 0
771 -4.208791221980663 -0.09935752632213363 0
772 -3.960574764559548 -0.4538850384202237 0
773 -3.897876803357161 0.02846907550572486 0
774 -3.140280991785481 2.145768515564532 0
775 -3.012323660651223 1.889788865775504 0
776 -2.737645107819993 2.165316608072085 0
777 -0.7274827602196392 -0.932420498655848 0
778 -0.6990132662479244 -0.852496778200446 0
779 -0.7687712793477486 -0.8990448743654273 0
780 1.063005987457502 -0.8725207875543641 0
781 0.9691535140690819 -0.8796976195337342 0
782 1.045328881030412 -0.9240436447226809 0
783 1.796254848705837 -0.4108427931913766 0
784 1.622168483633404 -0.4223062349724448 0
785 1.760321761555578 -0.5048768588985237 0
786 3.318108009085502 -3.693200575400115 0
787 3.64159282746045 -3.504097750963564 0
788 3.378154057273418 -3.182158214460697 0
789 0.7963685409296126 -1.686648263663044 0
790 0.828404850463809 -1.514627854872325 0
791 0.6722471827647807 -1.563356470315721 0
792 4.570830982916287 0.3321279076795599 0
793 4.077092402084205 0.3598020284087221 0
794 -1.194405983564759 0.5894592796245097 0
795 -1.155439223974856 0.4906891351135123 0
796 -1.105626348253404 0.6054746436974741 0
797 -1.047116681182547 0.4401765933596588 0
798 -1.102173561248772 0.4249713186722889 0
799 -1.082630653767817 0.358443412845471 0
800 -0.1110318632145695 -1.094895435747471 0
801 -0.1437542159926705 -1.156475079412376 0
802 -0.0911441992534891 -1.164049150086931 0
803 -3.192159231296659 1.636042160494387 0
804 -2.789523347331171 1.65559025300194 0
805 1.149544094314889 -0.5190948982866713 0
806 1.158623673617259 -0.4560819474373361 0
807 1.080027332876354 -0.5049782006304879 0
808 1.797529873334235 -0.6211707555537924 0
809 1.623443508261802 -0.6326341973348606 0
810 -4.573046630389138 0.1914982938049801 0
811 -4.635744591591525 -0.2908558201209684 0
812 1.10028432889098 -0.8145649033526713 0
813 1.02410896192965 -0.7702188781637246 0
814 0.5161122187140869 1.501362006477555 0
815 0.5252897029763798 1.359876760692674 0
816 -0.03134156319388876 -1.80762703495708 0
817 0.09061904142438927 -1.732279014664586 0
818 0.4937795143376171 1.746625627322411 0
819 0.3823576944822292 1.74014911381258 0
820 0.4744849673015364 1.572168754416017 0
821 0.8383958076096363 -1.353887348679977 0
822 0.8813600285298566 -1.233501481658107 0
823 0.7472477132191974 -1.270950194503131 0
824 4.650129493906055 -2.245553443063697 0
825 4.588581388175596 -1.740995168346053 0
826 -4.609236834560244 2.183833939462677 0
827 -4.602264855568606 1.710935561081052 0
828 -1.781052560603701 -3.182639314854425 0
829 -1.631146837579295 -3.527340830667363 0
830 -0.3769313812990714 -1.285332104469854 0
831 -0.3125487208692121 -1.214972098277678 0
832 0.1315055689343638 -1.443284264454534 0
833 0.09190008038573927 -1.330338147791712 0
834 0.0471065932652528 -1.439280291842689 0
835 0.7634507677432155 0.8974868557929571 0
836 0.7215838357889031 0.9324734001079016 0
837 0.6961909386470101 0.8524390297630298 0
838 1.017297467193663 0.7256857704130731 0
839 1.040985881077438 0.7959451440941105 0
840 0.9546406106249674 0.8181061353535477 0
841 -1.902895251692413 -0.8037995309797032 0
842 -1.741663976536489 -0.6707693918797832 0
843 -0.06409222928607204 -1.378437913093414 0
844 -1.037366182579664 0.7271459167448535 0
845 -1.074742020629288 0.6711805330236921 0
846 -0.9675150953656454 0.694081661560074 0
847 -1.755212382622713 0.7317288007097107 0
848 -1.615667766818628 0.6820117841129035 0
849 -1.678324998527533 0.8737856473116852 0
850 -1.058064570653164 -0.8410256300979999 0
851 -0.965271072652245 -0.8527975103321652 0
852 -1.030010194888592 -0.7482390999842446 0
853 2.886805011859038 1.056506916230647 0
854 2.632960965041289 1.180629853580192 0
855 2.638966249006856 0.8904423382274286 0
856 1.740604218140463 1.361864745568492 0
857 1.55947372539856 1.268284354497442 0
858 1.779179313698968 1.178489312399451 0
859 -1.303983547187802 0.2031737144280904 0
860 -1.338280143880399 0.3331417901278554 0
861 2.038900537342557 0.07169938442736948 0
862 1.900249539832955 0.1873332726234286 0
863 1.887011576447602 0.0006052355514406527 0
864 0.7086663144065058 1.243265723674431 0
865 0.8470305211182774 1.324229901399672 0
866 0.2530767026613496 -1.320426909336138 0
867 0.2816854210820755 -1.246136515702035 0
868 0.2049077744755762 -1.260051726769454 0
869 -0.8084337937981978 1.871201984231235 0
870 -0.8320655905144294 1.659959586347522 0
871 -0.6621178225544431 1.780435627563975 0
872 -0.501125594275931 1.406586261348907 0
873 -0.4874903883961527 1.288788515930281 0
874 -0.4081899302792487 1.375003472229613 0
875 -1.34206453808626 1.114515628822553 0
876 -1.252663843582376 0.9705667638008835 0
877 -1.116018642921236 1.618942710830833 0
878 -1.083625947868188 1.445763694960955 0
879 -0.9459888667051362 1.577546927144904 0
880 0.9892486096034605 1.747147979876685 0
881 0.8461971431904164 1.640061427121658 0
882 1.024041635518097 1.564689684561594 0
883 1.558124268726774 -1.768710220575432 0
884 1.634411056074406 -1.543944214982314 0
885 1.505050362835513 0.3932885684123141 0
886 1.420195746464645 0.4729378176610966 0
887 1.399042342335575 0.3432824036433894 0
888 -2.078663506849485 -3.015679548661597 0
889 -1.879441171104095 -2.773480030153229 0
890 1.179750324804602 -0.7993448958922669 0
891 1.14085329927675 -0.6970429865016272 0
892 -0.5561323137371568 -1.211510416969539 0
893 4.158537425721185 1.048466744944398 0
894 3.823649051606947 1.247552378229898 0
895 3.806773591718335 0.8633414486507651 0
896 -0.6330878358317549 1.444782267364919 0
897 -0.7220925759344926 1.436842113750626 0
898 -0.6694307924955727 1.312431151435282 0
899 -0.07919331420057357 -1.981667688305097 0
900 -0.2050608784293636 -1.876963102438514 0
901 -1.649204652074414 1.045508165134904 0
902 1.11657209830858 -1.927969892249543 0
903 1.14011186338235 -1.73009812843477 0
904 0.9289864435548716 -1.835791412034422 0
905 1.307983733534176 0.03017772274578939 0
906 1.403917910932191 -0.02769323233752908 0
907 0.7046601248637976 -1.156341826451647 0
908 0.6616959039435772 -1.276727693473518 0
909 1.616128768822221 0.1899361390710533 0
910 1.621356195403019 0.06489855826273067 0
911 3.132716077386601 2.94957965652997 0
912 2.817568588707041 2.953123879666391 0
913 2.96904382210095 2.533581331414343 0
914 1.407840405254901 1.320466050275304 0
915 1.446415500813406 1.137090617106262 0
916 -0.2393565460090239 -1.471652982871797 0
917 -0.2063795985022502 -1.353391469693319 0
918 -0.3100505812225017 -1.394502801558156 0
919 -0.1074808091882242 1.447613735218964 0
920 -0.1154700318758797 1.560861833641717 0
921 -0.2258133485673819 1.516073388274807 0
922 4.162939793926732 -1.035366120290835 0
923 3.867765271521697 -0.7667383348094191 0
924 3.881988253946157 -1.213362551206621 0
925 -4.10859393973851 -2.990604735450654 0
926 -3.724314880750174 -3.176882795943103 0
927 -3.773057234339614 -2.686097015667591 0
928 1.749707570671614 0.2624340130999295 0
929 1.617475760555835 0.336131028423483 0
930 2.388780118753835 0.7721862072959116 0
931 2.642624165571584 0.6480632699463671 0
932 0.2043461576846229 1.140882447246979 0
933 0.2168431509050386 1.07068832163104 0
934 0.2564713806188567 1.13225851535182 0
935 -1.271198191517768 0.6622872431058214 0
936 -1.321011067239219 0.5475017345218597 0
937 0.4251854662705987 -1.208066340818966 0
938 0.4778600245388512 -1.181736734365602 0
939 0.4122251318098519 -1.125883153226259 0
940 1.224229865123084 -0.5760108120673711 0
941 1.145633524382178 -0.624907065260523 0
942 0.8859948614584963 4.152135339155885 0
943 0.7223863232176582 3.825674952842986 0
944 1.149381592328353 3.851176727634999 0
945 -0.5633562078474266 1.645739585404625 0
946 -0.5397244111311948 1.856981983288338 0
947 -2.427541196266753 -2.868093126785206 0
948 -4.195919430646599 2.899720682693578 0
949 -3.875697841900239 2.567270248845689 0
950 -3.85314360342635 3.099323052617982 0
951 -0.7935186277363304 1.042695888475376 0
952 -0.6965123400167401 0.9913464867684804 0
953 -0.7371755390369903 1.085782290686439 0
954 3.176342472748784 1.204560756759838 0
955 3.182347756714351 0.9143732414070747 0
956 3.386117707172169 0.100613647897705 0
957 3.127013057235772 0.3244028910061285 0
958 -0.5204098804163249 0.9625272247276839 0
959 -0.5624353668074036 1.018802526615344 0
960 -0.5981437649263213 0.9781575870918846 0
961 0.5975519256492876 -1.327627991741655 0
962 0.5549643372938878 -1.213019623690171 0
963 2.398544316187311 0.2897901872776172 0
964 2.222288268023236 0.3941172802571038 0
965 2.228394548891985 0.1541003285198709 0
966 0.3036045650645424 1.801641896491137 0
967 0.2843100180284616 1.627185023584743 0
968 -0.5572598173261596 1.232542361049318 0
969 -0.4643241533294772 1.200959571930024 0
970 -4.175311485957744 0.9024338548809244 0
971 -3.854921652307106 0.6801002860692362 0
972 -3.884139877486574 1.199537553346346 0
973 -0.716358135955681 -1.053783254099939 0
974 -0.7251471717904818 -0.9845400687036456 0
975 1.235388492018368 2.738264707480466 0
976 1.280959148890891 2.442412221260353 0
977 -2.147614292914599 -1.987583996532565 0
978 -2.279577833778491 -2.320425377615667 0
979 0.6986554522163519 1.700582495181298 0
980 -1.181680079998096 -0.6507195863146524 0
981 -1.093465635897944 -0.6535631786484483 0
982 -1.152342023006529 -0.5678155452130214 0
983 -3.776909103917117 0.3329191908203201 0
984 -3.528692646496003 -0.0216083212777699 0
985 -4.142498655088584 -2.007880111068818 0
986 -3.796111060372974 -2.288947167133211 0
987 -3.781273422133608 -1.797008323026886 0
988 -1.981149314149784 2.160924233134195 0
989 -2.144813993869219 2.036630572450442 0
990 -1.914911921529701 1.891711489763516 0
991 0.6065281793970447 1.868562854577861 0
992 0.6824395328066815 -2.079601392845388 0
993 0.7728287758558432 -1.884520027477818 0
994 -1.720209362753622 3.863832400169843 0
995 -1.909242141697371 4.252828858192967 0
996 -2.060345452030633 3.889674684001322 0
997 -0.9676334024618252 -1.595607667127567 0
998 -1.108707080466275 -1.441538172808255 0
999 -1.113891618170742 -1.626405567259208 0
1000 1.245224610509712 0.07077222605485101 0
1001 1.250724886971879 -0.0283499541439581 0
1002 -0.2367719072144446 1.137951048404804 0
1003 -0.2109261800800507 1.074547880113346 0
1004 -0.9876316101205845 0.8250341443087379 0
1005 3.456177142977686 1.413100160554959 0
1006 3.160634398122373 1.555233835378532 0
1007 0.2390824482777001 1.552564400380197 0
1008 0.1042096980570264 1.590539993424588 0
1009 0.1377352577239518 1.454426587541485 0
1010 0.252374965340216 -2.223264214140721 0
1011 0.06992177229153619 -2.116660219631762 0
1012 3.771187985918441 -0.4062499099968793 0
1013 3.490236445937867 -0.5842463409126651 0
1014 2.17271600431499 1.143317489523737 0
1015 1.94512297906019 1.074782075845234 0
1016 2.157529176934308 0.9460298618984697 0
1017 -1.199096177228992 -1.819308891718025 0
1018 -1.340169855233442 -1.665239397398713 0
1019 -1.369044995596888 -0.1913285434137285 0
1020 -1.314697768416017 -0.2598125375665188 0
1021 -1.256367441954372 -0.1645089649162948 0
1022 2.204111659101116 2.862108682188079 0
1023 2.179036791372819 3.215468768271307 0
1024 -1.965581970877572 -0.4424874725478432 0
1025 -1.782192176093073 -0.4413386976428079 0
1026 -1.889200523663904 -0.2943085185285224 0
1027 3.945627439702549 -3.737478614163037 0
1028 4.005673487890466 -3.226436253223619 0
1029 0.9625171657744682 -1.4771791420273 0
1030 -1.548668626122186 -1.642696606783574 0
1031 -1.463464067063937 -1.449793282324757 0
1032 -1.001199680076157 0.4184043529135627 0
1033 -1.020742587557112 0.4849322587403807 0
1034 -3.411832001384638 -2.475225227625659 0
1035 1.429247503092641 0.7031144410885062 0
1036 1.409360029021545 0.7853910591432396 0
1037 1.305318154918611 0.7039444260432832 0
1038 -2.410369581587518 2.107590137052089 0
1039 -2.344132188967436 1.83837739368141 0
1040 0.04941295215508541 1.397282376147589 0
1041 0.1842857023757592 1.359306783103198 0
1042 -1.147757277754983 1.345881634146412 0
1043 -0.9777275015388831 1.304485850460483 0
1044 0.6214437233892943 1.199696242467888 0
1045 0.72584828211429 1.147287189786234 0
1046 2.382861537421258 1.28056099220588 0
1047 2.17045533954714 1.409313206152644 0
1048 0.5868681322109198 -1.432166517439715 0
1049 0.5548318226767235 -1.604186926230434 0
1050 -2.963012134706828 -3.340377675903043 0
1051 -2.922398384280865 -3.798227838739749 0
1052 -1.369633745435831 -0.5392424630354479 0
1053 -1.250081276696983 -0.471046592116509 0
1054 -1.379158555026132 -0.4453171022727312 0
1055 -1.545179213053019 0.5801423177570502 0
1056 -1.468291828957838 0.7221991643590246 0
1057 1.308169912408903 1.071216878202597 0
1058 1.459803232552562 1.019035182424735 0
1059 -1.09626112666168 -2.837008073643157 0
1060 -1.400801348456495 -2.7846274708786 0
1061 -3.472444317218773 3.136094232475346 0
1062 -3.792665905965132 3.468544666323235 0
1063 -1.968176140517582 0.7774122228293703 0
1064 -1.905518908808678 0.5856383596305885 0
1065 2.693477677184029 3.231842845670446 0
1066 2.529805421898377 2.815844520554819 0
1067 2.215156585506632 -0.03262770855211705 0
1068 -2.120756254869791 -0.8466387721814349 0
1069 -2.076434626484119 -0.6323568928638604 0
1070 -0.8188520972554814 -1.946438199434622 0
1071 -0.6772920789138785 -1.941651732153526 0
1072 -0.8312579218246896 -1.775688594297424 0
1073 1.886914540523732 -0.3772393894097846 0
1074 1.748761262601559 -0.2946687654837057 0
1075 -0.1570026587813464 2.235679308708595 0
1076 -0.2886681761762497 2.11924139195069 0
1077 -0.09328511220303837 2.044873662929092 0
1078 -3.131128461645415 -1.591338339922062 0
1079 -3.430062415526208 -1.784528033624516 0
1080 1.059792555825319 -1.001458761909184 0
1081 0.9659400824368981 -1.008635593888554 0
1082 -0.7996728954613814 1.486780570477644 0
1083 -0.8360158521251992 1.354429454548008 0
1084 1.901596531566569 0.3335281619758583 0
1085 -3.473940779648351 2.318556696019022 0
1086 -2.198051272197854 3.533776787195805 0
1087 -2.387084051141603 3.922773245218929 0
1088 -1.837558923331051 0.4052874727124054 0
1089 -1.811524937505217 0.2377214832841138 0
1090 -3.776450010241819 -1.503460977560124 0
1091 -0.1297760576601812 -1.328085222379398 0
1092 -0.2004700928736591 -1.250935041065757 0
1093 0.545924747098575 1.206753625785548 0
1094 0.5631067148063591 1.110775091897351 0
1095 0.3447024614047242 -1.229362228974171 0
1096 0.2965335332189507 -1.168987046407487 0
1097 -1.971579207354062 2.526797399740959 0
1098 -2.004928613186768 2.324123277625052 0
1099 -1.765456434051527 2.54507736154489 0
1100 0.1435796344258624 -1.263881155340096 0
1101 0.1721883528465883 -1.189590761705993 0
1102 -1.035775261039386 0.5724103885126947 0
1103 -0.02995747623674167 -1.14715825691873 0
1104 -0.06267982901484265 -1.208737900583635 0
1105 -1.124356674640229 0.9807694173100148 0
1106 -1.41335292006448 0.4988900476832391 0
1107 0.4103373541337235 -1.285215810113514 0
1108 0.9764559400760503 -1.201244673455005 0
1109 0.8853078456856114 -1.118307519278159 0
1110 1.898566672840712 -1.083900058802051 0
1111 1.772421791320079 -0.9587347939594808 0
1112 1.744071080294905 -1.158599889331801 0
1113 -4.529925793074534 -3.24069525786186 0
1114 -4.578668146663975 -2.749909477586349 0
1115 -0.1443282236558976 1.360940272334146 0
1116 -0.03398490696439544 1.405728717701057 0
1117 -0.5537873777148509 1.530997223664251 0
1118 1.425704697977145 0.5723058952092857 0
1119 1.529746572080079 0.653752528309242 0
1120 0.1780804116300763 1.188111580222222 0
1121 0.1384521819162582 1.126541386501443 0
1122 4.587706442804898 1.216338837259309 0
1123 4.570830982916287 0.8321279076801757 0
1124 -4.563830508424609 -1.25797063347879 0
1125 -4.199575100016134 -1.048826453605288 0
1126 -4.635744591591525 -0.7908558201215844 0
1127 4.574358405751136 -0.7943709519504368 0
1128 4.588581388175596 -1.240995168347638 0
1129 -4.573046630389138 0.6914982938055276 0
1130 -4.602264855568606 1.210935561082637 0
1131 0.7294997961775207 4.563316782181936 0
1132 1.156495065288216 4.588818556973949 0
1133 -0.7804587312645828 -4.588894037763048 0
1134 -0.9493283585435646 -4.269271537495698 0
1135 -1.168869627286222 -4.680377499732652 0
1136 -2.947776240973189 -1.423414042260529 0
1137 -3.241886782962195 -1.323056390496221 0
1138 0.7932726143022342 0.8246041666167974 0
1139 0.818665511444127 0.9046385369616692 0
1140 3.807940976980536 1.598225456848592 0
1141 1.163101953122644 0.4374557844267498 0
1142 1.123990290021402 0.4826802080001248 0
1143 1.116916407369059 0.4039494411689983 0
1144 1.205495365000755 1.111853124547601 0
1145 1.218883096739911 0.9937976898660734 0
1146 1.716332511000467 -0.0003932998286901995 0
1147 1.85498350851007 -0.1160271880247493 0
1148 -0.276430730044559 1.171668998093854 0
1149 -0.3007220580055455 1.100547693264512 0
1150 3.425230735806912 0.7437061469159003 0
1151 3.760119109921151 0.5446205136304001 0
1152 -2.755632331171138 3.290023155586112 0
1153 -2.968378245533189 3.536095597297006 0
1154 -3.199220705395503 3.259243404469705 0
1155 -0.2501183280759771 -1.607843381913565 0
1156 1.638629164684906 0.4657864424411903 0
1157 1.763992486318287 0.9812016847741836 0
1158 1.565669099076319 0.9347349977584318 0
1159 1.731612764437541 0.8310277612042145 0
1160 -0.5991073998939498 -1.326361391258129 0
1161 -0.6784505847486917 -1.243448887667639 0
1162 3.257329286523314 3.721452735579508 0
1163 3.32299244252558 3.238725463376344 0
1164 3.599080885056201 3.591055994173834 0
1165 -3.485737495445947 0.6300228892857415 0
1166 -3.199262226817121 2.594084438315603 0
1167 3.20187702463326 -0.4563723445844925 0
1168 3.298454310236516 -0.8168607693970322 0
1169 1.242181780869847 0.469559102075024 0
1170 1.235107898217504 0.3908283352438976 0
1171 0.8944368495758226 -1.031979098272431 0
1172 0.799340938029629 -1.064235906475533 0
1173 2.067879008297763 0.831576756259395 0
1174 2.295472033552562 0.9001121699378984 0
1175 -1.343490704172908 -0.3318766737088725 0
1176 -1.230813150530393 -0.3050570952114388 0
1177 -1.165659228597932 1.811134577567096 0
1178 -1.303296309760984 1.679351345383148 0
1179 0.9533706383266025 0.6950533920435572 0
1180 1.039715908779073 0.67289240078412 0
1181 -0.1037975429439386 -2.185996287113197 0
1182 -1.349770788000835 0.7499728171605746 0
1183 -3.203745713345597 0.5393985292819852 0
1184 -3.281758261735586 0.8865796245309013 0
1185 1.069875803444827 -1.555245737101786 0
1186 1.930662755246948 -0.688724190273593 0
1187 1.793784501953173 -0.81648152870993 0
1188 -0.9331879187658884 -1.055974153130868 0
1189 -0.8351455812172117 -1.072666430318322 0
1190 -0.8952831108681401 -0.9622763176333748 0
1191 1.300392078709837 0.3497177418149618 0
1192 1.385246695080705 0.2700684925661794 0
1193 2.29912995011729 0.657733101656837 0
1194 1.943177420217769 1.49517074155718 0
1195 1.72347183191736 1.584965783655171 0
1196 1.319696677477207 0.5222997304403608 0
1197 -0.7925308147671888 -0.8304836350659663 0
1198 -0.8210003087389035 -0.9104073555213683 0
1199 2.195199399315455 0.5560713746548946 0
1200 2.025049632020128 0.4203815158971483 0
1201 4.587706442804898 1.716338837259926 0
1202 4.504006598298712 2.126751245591299 0
1203 4.09171304110361 1.843090082854904 0
1204 -0.1222454636477042 1.818406330083657 0
1205 0.03382854925074692 1.798669599303323 0
1206 -0.06887661669949049 1.908699015390853 0
1207 -3.489354794226323 1.423722378901305 0
1208 -0.3061894251395983 1.33001550833152 0
1209 -0.3198246310193766 1.447813253750147 0
1210 0.2294997961769731 4.563316782181936 0
1211 -0.2804587312640351 -4.588894037763048 0
1212 -0.7542629438534293 -1.147481089597432 0
1213 -1.59673560683254 -2.654474153023176 0
1214 -1.463043172911756 -0.4000725446278113 0
1215 1.766892372596863 -4.606953230635712 0
1216 1.266892372596246 -4.606953230635712 0
1217 -1.784553026208341 4.613493287180745 0
1218 -1.284553026207723 4.613493287180745 0
1219 -4.563830508424609 -1.757970633479407 0
1220 0.4162239665915383 3.752513475169124 0
1221 0.6796106974613956 3.451554863648238 0
1222 -1.124898737890502 -0.9527455732294271 0
1223 -1.189637860126849 -0.8481871628815065 0
1224 2.613771097573651 -0.7763024432886099 0
1225 2.804175363261528 -0.833387978312732 0
1226 2.819690623244031 -0.6319012380447373 0
1227 0.9134081912559441 0.8600606784100473 0
1228 0.8835863446969254 0.932943367586207 0
1229 -0.9522087057219391 0.5101679569506929 0
1230 -0.9981257068283287 0.5319401973967889 0
1231 -4.578668146663975 -2.249909477585732 0
1232 -1.678642323535861 -0.5515153124268994 0
1233 -1.602260876322193 -0.4033363584075786 0
1234 -0.9620068265440385 -0.707564258211549 0
1235 -1.054800324544957 -0.6957923779773837 0
1236 2.63070030027344 1.446625570209099 0
1237 1.516852531075047 1.665741089571792 0
1238 1.339949767120591 1.77579931439686 0
1239 1.343995865885598 1.561718012491552 0
1240 1.285076258487453 -2.078460658761172 0
1241 1.073950838659975 -2.184153942360823 0
1242 4.650129493906055 -2.745553443062094 0
1243 -4.609236834560244 2.683833939461074 0
1244 -2.298401387167885 -4.522683157641713 0
1245 -2.798401387166282 -4.522683157641713 0
1246 2.31883470953947 4.597499321585127 0
1247 2.818834709537867 4.597499321585127 0
1248 0.317835577695387 1.49107161770164 0
1249 -0.6008635781010649 0.8961925403163336 0
1250 -0.6428890644921437 0.9524678422039932 0
1251 -0.9968768812327462 -1.17412217795818 0
1252 -1.057014410883675 -1.063732065273232 0
1253 -1.312123050189397 -1.341488974206345 0
1254 3.085543574064403 4.134390954773627 0
1255 2.809455131533781 3.782060423976136 0
1256 1.247690732382347 0.568927179623213 0
1257 -0.8460880245626741 2.072994725237429 0
1258 -1.01603579252266 1.952518684020975 0
1259 -1.026782896676241 0.9774669523238805 0
1260 -1.106015608391323 1.058215126297655 0
1261 -1.588642291928295 3.599141175139363 0
1262 -1.437538981595033 3.962295349331009 0
1263 -0.5093975322784456 1.073942790650102 0
1264 -0.5871314167884421 1.089573153014303 0
1265 -0.892720229664523 -2.167334203558864 0
1266 -1.046686072575334 -2.001371065702762 0
1267 1.294464523936824 -0.1642701961201293 0
1268 1.246668140240908 -0.09257488151534139 0
1269 1.227648654181389 -0.187900620182451 0
1270 -0.6553891586906576 -0.9379919725386644 0
1271 -2.709893834256891 0.01722517900139378 0
1272 -2.473908484276215 0.05443987305312126 0
1273 -2.63388025424342 0.2776601273181908 0
1274 -0.3035176518264642 1.233139040022566 0
1275 -0.2151523525665922 1.3059488215431 0
1276 -2.484841566154067 1.68489876120626 0
1277 -2.219285978435768 1.613939196604613 0
1278 1.341697570810037 -1.293112118607561 0
1279 1.424197864238322 -1.224244774681213 0
1280 1.285624342217037 -1.144612295825119 0
1281 -0.8601420325929858 1.062806372787422 0
1282 -0.8194788335727354 0.9683705688694627 0
1283 -2.18344297405495 -0.4853267137495749 0
1284 -0.3937877871835505 -1.660769376843563 0
1285 -0.3008785865302522 -1.755848444020494 0
1286 -0.9214681206657125 -3.903815451749014 0
1287 -1.309879016687352 -3.995298913718618 0
1288 -1.089362401768338 -0.5081044099799414 0
1289 -1.177576845868491 -0.5052608176461456 0
1290 -2.361898865656534 -0.09772959274927187 0
1291 -2.285885285643062 0.1627053555675251 0
1292 0.9593056860052849 1.34050353875124 0
1293 1.10894912989791 1.311073514384927 0
1294 1.030633612997678 1.428173107440254 0
1295 4.66801459660608 2.424984413948031 0
1296 4.172021194904792 2.551735659543009 0
1297 0.01256553768741199 1.310608913262771 0
1298 1.149719359340047 1.864851461766461 0
1299 0.971874867012366 1.940223204326525 0
1300 2.63394394789019 0.376813854565786 0
1301 2.640050228758939 0.1367969028285531 0
1302 1.129833282794932 0.9513120259247212 0
1303 1.232507830203081 0.9106757795797171 0
1304 1.743651288160663 -1.95382515318993 0
1305 1.513224537569947 -2.007391541264389 0
1306 -2.724463599078983 3.836993442094673 0
1307 -3.168051973303349 3.806213690978266 0
1308 -1.926714048894121 -3.745819299372094 0
1309 -1.577585990124326 -3.848321296676664 0
1310 1.294539944263489 0.2029018668411752 0
1311 1.614764348980571 -3.236631984230908 0
1312 1.791398555541952 -2.919169687215817 0
1313 1.429316597221358 -3.017126043731506 0
1314 1.549098645802797 -1.203089610976443 0
1315 1.67524352732343 -1.328254875819013 0
1316 -1.453886244664499 0.02842535682439545 0
1317 -1.429088893456352 -0.07834425153924522 0
1318 -1.335512020343391 0.01074463760013609 0
1319 3.883067333372333 3.810941155054393 0
1320 3.948730489374599 3.328213882851228 0
1321 -1.250742957393147 1.368081024273228 0
1322 -1.144844511063842 1.226803179772756 0
1323 -0.4819558299539882 1.12629273445595 0
1324 -0.4121864010239814 1.182538889336912 0
1325 0.7137346779910935 1.04061946735876 0
1326 0.6386823685339067 1.045724195379208 0
1327 0.7137913554279216 0.9826259541582768 0
1328 0.06278890069541276 2.025136932148758 0
1329 -1.253641515529819 -0.7415510533224031 0
1330 -1.312517902638405 -0.6558034198869762 0
1331 -1.668869627284637 -4.680377499732652 0
1332 1.656495065286631 4.588818556973949 0
1333 0.09738647516957183 3.910452380899355 0
1334 0.05461084941330913 3.536332291704607 0
1335 2.851078763786107 1.656972412103354 0
1336 2.600979336166075 1.756903550729042 0
1337 -4.586682596086355 3.215886743233368 0
1338 4.304983543972337 -2.975462001273208 0
1339 4.654854050066282 -3.229908558211978 0
1340 -3.05665496723309 -4.136007614742073 0
1341 -3.258253580067671 -4.613324457100362 0
1342 3.266708864527399 4.5368916331885 0
1343 -0.1661561229650201 4.687308016820609 0
1344 0.06334367320580769 4.250624799002545 0
1345 1.639288909407365 -0.8911813592396801 0
1346 -0.4604287033624794 -1.537297233604158 0
1347 -0.5111889618167546 -1.685302295711087 0
1348 -0.4099083288058451 -1.403593617648331 0
1349 -2.234977987885426 -4.05608304033241 0
1350 0.7389281322582543 -0.9884718098504858 0
1351 0.7297991283680429 -1.074800230856213 0
1352 1.388606741148571 -0.1319592534150461 0
1353 1.369587255089052 -0.2272849920821558 0
1354 -1.190953196560126 0.4089559545993245 0
1355 -1.935674446225442 -1.476940483089591 0
1356 -2.073301467288144 -1.27235594238342 0
1357 -1.669249724956893 -1.899490111825864 0
1358 -1.792543936787388 -1.684043996751908 0
1359 1.636142772419046 4.071568652977883 0
1360 1.979647707136485 4.482750096003934 0
1361 1.173685079410722 1.535259660195281 0
1362 1.350587843365179 1.425201435370212 0
1363 -0.4954358742963846 2.150862531588941 0
1364 -0.4317183277180765 1.960056885809438 0
1365 -1.605446228002178 -4.213777382423348 0
1366 -1.936576600721611 -4.533399882690698 0
1367 2.298482416671885 4.080249417589061 0
1368 -2.050522681225919 0.450970894832065 0
1369 0.800957269008305 1.084188948565303 0
1370 2.334395178812903 1.812936011077019 0
1371 2.55477364232557 2.023282852971274 0
1372 3.424956529962456 -2.799195862922762 0
1373 3.678891898599235 -2.589736156545786 0
1374 3.402209552913324 -2.395876629444402 0
1375 1.123550376952118 0.7858574473960005 0
1376 1.060893520383422 0.8782778123364751 0
1377 0.1699688921026669 1.252307606338531 0
1378 0.2582911976715333 1.309451817732426 0
1379 -1.593975148519801 0.07207971316967993 0
1380 0.9588560084715938 -3.444040257727147 0
1381 0.7915461700207524 -3.825642975696334 0
1382 1.085372552209136 -3.716191058715783 0
1383 1.649633381565003 0.7191730782015529 0
1384 1.84795676880697 0.7656397652173047 0
1385 1.393233567928692 -3.77424740100901 0
1386 1.22592372947785 -4.155850118978196 0
1387 3.646102253688967 2.391769799732099 0
1388 3.836378618827946 2.680915606578473 0
1389 3.474467675919489 2.819182915124296 0
1390 2.183673917791213 -0.2337041947097722 0
1391 1.980035350292608 -0.304221034881037 0
1392 2.138046694126615 -0.4228965769461907 0
1393 0.7833198264989325 2.0182693594041 0
1394 0.5784438886201977 2.064312491545212 0
1395 1.532120232496911 -0.6729839486926984 0
1396 1.401854664183399 -0.7196194442207293 0
1397 1.530386051726946 -0.7955635895181601 0
1398 -2.058170479378106 2.838428153693859 0
1399 -2.297642658513346 2.61747406977402 0
1400 0.8582163041248898 -2.261670027715229 0
1401 0.6352091584504691 -2.307608244711421 0
1402 1.162592962505563 -0.1718365166557581 0
1403 1.210389346201479 -0.243531831260546 0
1404 -2.714347479888495 0.4809094664548494 0
1405 -2.478362129907819 0.5181241605065769 0
1406 -2.664677136799503 1.431152055925143 0
1407 0.03664029523478105 1.245488225204558 0
1408 -0.0467575638846998 1.253934566758026 0
1409 0.5050051544042742 1.279802610908593 0
1410 0.446668145821339 1.190881460338057 0
1411 -3.65392279018955 -3.51623993896112 0
1412 -3.318386084790654 -3.211732219178057 0
1413 1.131009774549864 2.955238111704094 0
1414 0.9603661732271566 2.737345108534904 0
1415 -3.897878354403861 -1.264999988588215 0
1416 -3.969792437570776 -0.7978851752310091 0
1417 1.159071185011682 0.2949419622859873 0
1418 1.224355365504016 0.2538313688570515 0
1419 1.221312250962634 0.3176144241666876 0
1420 0.5220033408921102 1.072992686922714 0
1421 0.5975223171828296 1.065935303605054 0
1422 1.25179273646655 -0.3648972899403793 0
1423 1.207067337726307 -0.2993075119942306 0
1424 1.183415036315552 -0.4046088671473709 0
1425 -1.217798738188403 0.2141765372303976 0
1426 -1.164445419500085 0.1895390828246197 0
1427 -1.194304404135749 0.264195728486626 0
1428 -3.800188543866632 4.596746501814758 0
1429 -3.300188543866021 4.596746501814758 0
1430 3.790773389635655 -4.50757005595149 0
1431 3.290773389635044 -4.50757005595149 0
1432 4.616358468845365 3.774049521865281 0
1433 4.616358468845365 3.274049521864671 0
1434 -4.529925793074534 -3.740695257862471 0
1435 -0.6661561229656361 4.687308016820609 0
1436 1.368870644003546 -2.734768989070129 0
1437 1.192236437442165 -3.05223128608522 0
1438 2.888321569130844 -2.159061680266626 0
1439 2.891273626421803 -1.904964476649401 0
1440 2.615875549153436 -2.068528162363048 0
1441 -0.7972380300102224 -1.262332063886022 0
1442 -2.685354360785421 2.971137893242865 0
1443 -2.926038614993852 2.717233610309961 0
1444 -2.624918184745821 2.675200540794016 0
1445 -1.203313459362409 2.01292731857329 0
1446 -3.094850461236549 -2.630160146696642 0
1447 -0.8806126697186271 -1.685752353184372 0
1448 -0.8754281320141598 -1.500884958733419 0
1449 -2.422108846975592 -0.4405956046646339 0
1450 -2.311256191369045 -0.2507261843486167 0
1451 1.195174723524883 -1.343025732867695 0
1452 2.153322953324037 1.632414244239323 0
1453 -1.440289292651943 1.541208840040579 0
1454 -1.553731275518403 1.381385933897796 0
1455 -1.367097706950749 1.3273365725041 0
1456 -1.274124562552139 0.128517068766084 0
1457 2.471042909196894 2.308220433935007 0
1458 2.328202570624128 2.583389716184024 0
1459 2.145349146399632 2.354484595568268 0
1460 -0.9190426462875803 -0.8937150783339138 0
1461 -0.8909882705230086 -0.8009285482201587 0
1462 2.830036917160017 -1.080273006984124 0
1463 3.035956442830398 -0.9358718017402519 0
1464 -0.1416564503427635 1.264063804025192 0
1465 0.3685953327458892 3.107745947193143 0
1466 0.6098648902075775 2.895708510585221 0
1467 0.6147178982969639 3.166355949366454 0
1468 -3.266554480906271 1.18952376612774 0
1469 0.2103468497541922 -1.631159723045513 0
1470 1.493025417209797 -1.054589788194001 0
1471 -2.591513148664462 -2.211137854252089 0
1472 -2.48898743223585 -2.497232740596822 0
1473 -0.5653272176749415 3.610687380564662 0
1474 -0.5902234147510754 3.89534149727943 0
1475 -0.8913239904173597 3.811757680409253 0
1476 0.6440445372548986 -4.628160713042398 0
1477 0.9590313568766906 -4.548896888342485 0
1478 0.6030758941365026 -4.177057601384883 0
1479 1.354841820951266 -0.3263430998525031 0
1480 1.331189519540511 -0.4316444550056434 0
1481 -0.5719594708089852 -3.81713373698053 0
1482 -0.9325101289527727 -3.543161113203449 0
1483 2.884130078143211 0.4950699854973029 0
1484 1.269650918916132 -0.879532948894751 0
1485 1.310219889301903 -0.7620110320437069 0
1486 2.110192277379249 -0.6161266460981287 0
1487 2.106446905998187 -0.8114374192542663 0
1488 -2.984562698805922 1.098899406123983 0
1489 -2.811729567170002 0.9397715726877707 0
1490 -2.796525786340688 1.242715714284609 0
1491 1.761862698741194 -0.1890455425534969 0
1492 1.932541764188329 -0.1880470071733661 0
1493 0.3898094357550124 2.146640256089152 0
1494 0.2081735175917899 2.269993052573163 0
1495 0.2200163233550874 2.037958783202985 0
1496 0.1440445372542827 -4.628160713042398 0
1497 -0.33295671301106 1.825360843650087 0
1498 0.4169161472780961 -2.380981102994952 0
1499 0.2098587254860513 -2.478705707294094 0
1500 -0.2982694439724214 4.034443615538028 0
1501 1.9335557047105 2.386218968301121 0
1502 1.680888004340128 2.253618398497194 0
1503 -1.281227042420549 0.06245085635412793 0
1504 -1.19504223342115 0.07345367915643516 0
1505 -1.753447765814962 0.08672997344671965 0
1506 -1.706935735072622 -0.04601327203794615 0
1507 3.72424113247435 2.008637865179965 0
1508 3.362330189565893 2.146905173725787 0
1509 3.052774555229626 2.24864375045061 0
1510 3.130913434015008 1.865511815898475 0
1511 2.51229492941948 3.897344929113931 0
1512 2.684080641878391 3.484406709919813 0
1513 -1.272964309638033 -2.040204895842267 0
1514 1.470603277921342 -2.263575591375669 0
1515 -0.1364141940036072 -4.217054750805445 0
1516 -0.9581100937442901 4.548205898562011 0
1517 -0.6242662167148396 4.23551391538262 0
1518 0.925346038018509 1.207130308344345 0
1519 -2.538326912721777 2.363569786841117 0
1520 -1.242663119956927 4.161699185742755 0
1521 1.254531503507453 3.558396711452176 0
1522 1.418140041748291 3.884857097765075 0
1523 -0.008338895097094411 1.600389547291001 0
1524 -0.1266714344762521 1.668849200346844 0
1525 -1.256429691212401 -0.04431875200951274 0
1526 -1.364184940259608 1.208258118130444 0
1527 4.654854050066282 -3.729908558210929 0
1528 -4.586682596086355 3.715886743232319 0
1529 3.766708864526351 4.5368916331885 0
1530 -3.758253580066623 -4.613324457100362 0
1531 2.900415569385719 -0.4595265063339116 0
1532 1.091763903010278 -1.149765175413262 0
1533 1.171152701603792 -1.065173226247389 0
1534 -1.696547337742367 1.242558225362355 0
1535 -1.865212299999571 1.120552724135943 0
1536 0.4801365655612304 -1.368458447656368 0
1537 1.829383490566514 -1.499454493337672 0
1538 -0.8738889992043344 1.27074980183418 0
1539 -0.7963086796774456 1.220811345107162 0
1540 1.509023341093853 -0.937816854767711 0
1541 -2.220898159116081 -1.073768480261082 0
1542 -2.394437533907786 -0.902325842145239 0
1543 1.427423510671816 0.8688612588547659 0
1544 1.303494162497787 0.869691243809543 0
1545 -1.245938291055138 0.381753476966476 0
1546 -1.192672628329054 0.3160356605252526 0
1547 3.516314395177158 -1.248124680459952 0
1548 3.811488917582193 -1.516752465941368 0
1549 1.315864640004579 -0.5336192242443936 0
1550 1.311954070071868 -0.6394313912182452 0
1551 -3.138795275640027 0.2616436136516443 0
1552 -2.934816041929666 0.5182003488968042 0
1553 -3.259698402856722 2.890021790764451 0
1554 3.135693274917166 0.5956523063867096 0
1555 1.719425733152353 1.79904708556048 0
1556 -2.056255545060149 -1.73373398813188 0
1557 3.155996915337878 -2.300417165187179 0
1558 3.409932283974658 -2.090957458810203 0
1559 2.085790188921532 -1.010155230437651 0
1560 2.057439477896358 -1.210020325809971 0
1561 -1.336560712111471 0.4260620842019274 0
1562 0.4017171949086848 -1.591545005469972 0
1563 -2.624689115485968 4.639335571012223 0
1564 -2.124689115485352 4.639335571012223 0
1565 2.737627066550066 2.252187973587031 0
1566 1.479040642084418 -0.09070802829955552 0
1567 1.714071108475747 -3.963241269563147 0
1568 1.573519931207033 -3.523582209300733 0
1569 -0.9672413792042127 0.5976460867230069 0
1570 -0.2009464097298876 -1.125983963929445 0
1571 -0.1810587457688072 -1.195137678268905 0
1572 2.615021423350443 -4.644917215669111 0
1573 2.115021423349827 -4.644917215669111 0
1574 0.01348827163079015 2.368398200498588 0
1575 -0.1818947923424212 2.442765929520186 0
1576 -0.3487303375369371 -1.929889097368511 0
1577 -0.6992321531914838 0.9093814399929292 0
1578 -0.4588994418903594 -2.081702546538628 0
1579 -0.554717149991248 -1.960587888120608 0
1580 1.322576024529496 1.968874538846701 0
1581 2.37316792934064 -0.1513032506172708 0
1582 4.66801459660608 2.924984413948648 0
1583 -1.451947913920471 2.680064951038111 0
1584 -1.593992457482145 2.501213763274269 0
1585 -1.313833343183794 2.433527230651583 0
1586 0.9208802549230839 3.239517427040315 0
1587 0.6465315263317162 0.9375781281283495 0
1588 -1.18858770035736 -1.070893598056739 0
1589 -2.024191389534161 0.9809045960649034 0
1590 -2.174497915720125 0.8348141549857813 0
1591 2.880598838069512 -2.463980850900825 0
1592 1.935601889527627 -3.425625852785045 0
1593 -3.788179373141775 -3.854019714963444 0
1594 -3.382250577182255 -3.888869138198397 0
1595 -1.626636923328433 -0.1769116379692365 0
1596 -1.786109540623594 -0.1622613776921968 0
1597 2.93219008234429 -4.534984484535038 0
1598 2.547211505697178 -4.179901700204148 0
1599 -1.969499335408093 -0.163410152597232 0
1600 1.13690928671056 0.6098556652057561 0
1601 1.071775974791239 0.6300877569619017 0
1602 1.105042523855665 0.5364186430140218 0
1603 1.232298878312537 0.1802294049604748 0
1604 1.162042225100848 0.1745450305840014 0
1605 1.232226803860321 0.1236155285681251 0
1606 -0.3104543838878332 -2.250995535636644 0
1607 -0.5164411963421441 -2.281694326388741 0
1608 1.214424183317921 0.662596293571093 0
1609 -2.962068663423349 4.553555767887966 0
1610 -2.586757778911763 4.192891338900189 0
1611 -0.2293766004264895 1.778878616434374 0
1612 -0.4336924589572588 0.9635258477076993 0
1613 -0.4780491110383087 0.9425467135104864 0
1614 1.026720464303762 -2.412160794226857 0
1615 0.9437905762355191 2.135972841293876 0
1616 0.3706843188199355 -1.472237322811549 0
1617 0.3029487416057576 -1.590785354927093 0
1618 1.006605965030447 -0.2773790792577859 0
1619 1.018528437287312 -0.2297819017943118 0
1620 0.05468355339938965 -1.192633598846035 0
1621 0.003003999359266549 -1.25909059129765 0
1622 0.05918065875675141 -1.259877182728251 0
1623 -0.1793660989619112 -1.034053323140479 0
1624 -0.130829507944963 -1.041253046088912 0
1625 1.183909017216443 -0.05198037820627979 0
1626 -2.549484723843078 -0.7043687613047888 0
1627 -2.677297941157173 -0.4697682319038306 0
1628 0.6442473190924229 -1.0805777298266 0
1629 0.02652633327347213 -1.046308767986077 0
1630 0.07553490329788025 -1.043901131105699 0
1631 3.071497500332336 -1.790771679260557 0
1632 2.799051480354928 -1.700238161356979 0
1633 0.6443586444282887 0.8302180145409381 0
1634 0.6049471186490731 0.8594475939968027 0
1635 -1.489929878328639 1.733400706776843 0
1636 1.237529618780025 1.294007697979033 0
1637 0.9625718437306345 0.9756408833245107 0
1638 0.8678291639188175 1.020218741876133 0
1639 -0.9380203290911293 1.170867741019638 0
1640 0.8222798995102384 -0.6405654178494484 0
1641 0.851509478801141 -0.6011538923574251 0
1642 -1.320475682767157 -0.8532709964538303 0
1643 -2.34698274632614 -1.328043012347225 0
1644 0.6103565847652548 -1.015647110406327 0
1645 0.5852175812610094 -1.097188706001761 0
1646 -1.566593025468969 -0.2898959298437198 0
1647 2.313830844877854 -0.5456098059268639 0
1648 0.2444248188586353 1.901784135664746 0
1649 -2.839714291659966 -0.238815737566264 0
1650 -2.999686061627171 -0.01559548330119445 0
1651 -0.9757266533367704 0.3781660593928969 0
1652 -0.9922570548553838 0.3319666819371329 0
1653 4.000386617135314 2.979148774935205 0
1654 -0.7590058032943422 0.7207189739851312 0
1655 -0.7919576391864384 0.6843622255220495 0
1656 -0.4874626559223848 -0.9404351084927816 0
1657 -0.4431060034790802 -0.9614142424926123 0
1658 1.881913795950369 -4.251870446304823 0
1659 1.166201691787632 1.206338129290018 0
1660 1.07691487611864 1.128918940953495 0
1661 -0.1294031348550375 1.038725371445237 0
1662 -0.1779397255128225 1.031525648126934 0
1663 -0.6560345634630719 1.110244855677859 0
1664 -0.7530408511826623 1.161594257384755 0
1665 0.4581764393654993 -3.35442311422527 0
1666 0.1126720570733202 -3.411187794641238 0
1667 0.3195252439910312 -3.610256855123667 0
1668 0.1040749163343022 1.237966545592994 0
1669 -1.775026540847249 2.179204194938126 0
1670 4.64833082583956 -4.137494256412687 0
1671 4.64833082583956 -4.637494256413304 0
1672 -4.645271876456546 4.141406929824008 0
1673 -4.645271876456546 4.641406929824625 0
1674 4.148330825838949 -4.637494256413304 0
1675 -4.145271876455934 4.641406929824625 0
1676 -4.133974596214497 -4.633974596215115 0
1677 -4.633974596215113 -4.633974596215115 0
1678 4.133974596214497 4.633974596215115 0
1679 4.633974596215113 4.633974596215115 0
1680 -4.633974596215113 -4.133974596214502 0
1681 4.633974596215113 4.133974596214502 0
1682 2.710011303697842 -0.4024409713097893 0
1683 0.07585648522224665 1.044094324706669 0
1684 0.02684791491586488 1.046501961154215 0
1685 0.2796265237176867 1.009502363288921 0
1686 0.2320293459046719 1.021424835471961 0
1687 2.033452300550666 -1.419599459361485 0
1688 1.992619829301641 -1.635288798524787 0
1689 -1.02546226755339 -0.6128883368757526 0
1690 -0.3674678026175652 1.195735684882274 0
1691 -1.225709788528658 1.15526008059168 0
1692 0.5666010828569001 2.29634676091539 0
1693 -2.123232992735892 -0.1424607018342128 0
1694 -2.491844005163583 1.27202422248893 0
1695 3.695549546172781 0.2401667266738573 0
1696 1.137253547263051 -0.01945887603537083 0
1697 1.133196800532081 -0.08368380340675413 0
1698 1.494912120718255 -0.5566900520374297 0
1699 1.066167528468556 -0.6401270727209274 0
1700 4.000948931730239 -2.742081138073735 0
1701 2.265319711053832 -0.9375576862621867 0
1702 -1.239290823564344 2.87460943937994 0
1703 -1.519449937862694 2.942295972002626 0
1704 0.4765593503989605 -3.904906800396247 0
1705 0.1310549681067814 -3.961671480812215 0
1706 0.5926929185963044 -2.563049737864794 0
1707 0.5081132685059728 -1.065905816677192 0
1708 0.542004002833141 -1.130836436097465 0
1709 -0.1613392973957234 -2.38598806696331 0
1710 -0.6905744522875188 2.220715862141497 0
1711 -0.8981764510119815 2.302032561931238 0
1712 -2.739476511152724 -2.758805603421628 0
1713 -1.487419219917996 -0.1736478241894692 0
1714 3.253816527771041 -1.367135712803172 0
1715 3.020546675497173 -1.38440109718989 0
1716 3.212545206539327 -1.568779979581417 0
1717 -1.044094324452783 0.07585648970879699 0
1718 -1.046501961104116 0.02684791967163231 0
1719 -0.5273095034390491 -1.428126536515856 0
1720 -0.6496277744505841 -1.460065007213956 0
1721 -1.518507701549231 -2.113325615778912 0
1722 1.087816085854524 -1.26495913779321 0
1723 -0.4572597799729498 1.05552210805699 0
1724 0.3996535606953558 -1.389754335811574 0
1725 2.566210755732375 -0.2912229881869448 0
1726 2.597693423447795 -0.09014650202928962 0
1727 1.646090576449507 0.5883645323223323 0
1728 1.448984038163013 -0.2940321571474199 0
1729 -2.779297917594065 0.7586643820851904 0
1730 -1.801709850652853 3.124214854819497 0
1731 -2.127773301812137 3.214891524852558 0
1732 -1.189118010764231 -0.1701632575058593 0
1733 -1.243465237945102 -0.1016792633530691 0
1734 -2.454511900923107 3.247990086070167 0
1735 2.101891314114182 0.6839973372968815 0
1736 0.1793139736654428 -1.51185204038709 0
1737 0.2241074607859292 -1.402909896336114 0
1738 2.326913882986844 -2.734119543830905 0
1739 2.036194961575274 -2.842121401288888 0
1740 2.267565228712735 -3.030673770257236 0
1741 -0.3850994792420762 1.1210688474082 0
1742 -0.9213118285919575 1.096022176852428 0
1743 -0.9472720344283626 1.021696857246515 0
1744 2.959524701794748 -3.720615003983662 0
1745 3.222963471981779 -4.042554540486528 0
1746 2.220675816631485 -1.345854630997086 0
1747 1.969716822369691 -1.866038748403868 0
1748 1.924817091212864 -2.104720069092824 0
1749 1.195902573714296 3.240437025985878 0
1750 -0.7384867073499652 -2.340030343298953 0
1751 -0.966320682669818 -2.394963209567093 0
1752 2.076396043283266 2.111049686052104 0
1753 1.75851597416983 0.5312069923335012 0
1754 0.1832813840307151 2.477079673384754 0
1755 0.9518039527902797 0.4230302226194532 0
1756 0.9308248185842429 0.4673868749807555 0
1757 1.033618785827632 0.1285205791796189 0
1758 1.02641906266443 0.1770571701104638 0
1759 1.007849145924179 0.5994553785923857 0
1760 1.418913724489296 -0.4950650341565174 0
1761 -1.769738923443561 1.456430492898835 0
1762 1.424202901310794 -2.517154227794434 0
1763 1.652351180393288 -2.446085110297651 0
1764 1.174967957298023 0.06508785167837758 0
1765 0.7905098402725863 0.6819170533086598 0
1766 0.7575580040055581 0.7182738018657884 0
1767 -2.591261005128831 0.902480690245816 0
1768 1.874507662858788 0.4954822563736492 0
1769 -2.649626628089368 -0.9314984693844357 0
1770 0.7059539621773652 -3.272144827955095 0
1771 0.9997803443657485 -3.162692910974544 0
1772 -1.441595180967554 -0.6300739300431986 0
1773 -2.071534075202114 1.177954656292354 0
1774 1.028597506580684 -0.1765675741717354 0
1775 1.035797229667899 -0.1280309835016618 0
1776 -1.924485524058038 0.1196284980764877 0
1777 -3.262257207291816 4.150302269702724 0
1778 3.703090999335224 -0.08420483732397305 0
1779 -0.3278138537070321 1.5610613521729 0
1780 1.040863028638012 -0.07458972065508729 0
1781 1.043270665289344 -0.02558115061792259 0
1782 0.3248614702627396 1.23319154321443 0
1783 0.3391782805358319 1.340190719979098 0
1784 0.9893858564885473 0.3280992275790182 0
1785 0.9728554547862919 0.3742986052709614 0
1786 1.019421843007111 0.2308283690308596 0
1787 1.00749937061509 0.2784255467674245 0
1788 0.6811087875720048 -0.7880204012141033 0
1789 0.7174655359020154 -0.75506856511861 0
1790 -1.366097596895573 -2.295387789763649 0
1791 -2.967090168527453 -0.5025888942064188 0
1792 -3.886871139953599 3.812633245047694 0
1793 -3.506171853746022 3.849404424905058 0
1794 0.515256068679302 -0.9073854416400886 0
1795 0.5573428165737451 -0.8821596155550215 0
1796 -0.9177496269361589 -1.288552269246214 0
1797 -1.041576119053945 -1.296310181388579 0
1798 0.3283388655654753 -0.9904896088702606 0
1799 0.3745382429261033 -0.9739592071385861 0
1800 2.107117259483531 1.898793546481555 0
1801 0.8531595204445555 0.6008360860447244 0
1802 0.8239299408162118 0.6402476116842647 0
1803 0.1463771424048677 1.78882004543691 0
1804 -3.268615733043102 0.00560269708398653 0
1805 0.9057565437349954 0.5142863183770039 0
1806 0.8805307175733514 0.5563730665644199 0
1807 -2.394671260144799 0.8798400139322751 0
1808 -2.33865601112822 0.6763476406967419 0
1809 -0.8217566266347693 0.6400010779769612 0
1810 -0.8509862059256719 0.6005895524849378 0
1811 0.5567013802816831 0.8824338435399854 0
1812 0.5146146319804517 0.907659669510813 0
1813 0.1296070394374901 -1.035981209856387 0
1814 0.1781436300952751 -1.028781486538085 0
1815 2.123213120635637 -2.281250419584659 0
1816 2.35423355385593 -2.434096270421415 0
1817 2.381903058642185 -2.169779515143518 0
1818 0.7225823251051444 0.7622796341061069 0
1819 0.6862255763826013 0.7952314702259937 0
1820 0.879942768042014 1.126886464303607 0
1821 0.9922179329290215 1.143160101655174 0
1822 -2.290744802352653 -1.780480482870248 0
1823 -0.07821949120578164 -1.048827116763466 0
1824 -0.02921092089939987 -1.051234753211013 0
1825 1.850747209816061 -2.622615460789486 0
1826 0.8810519268113717 -0.5564755553988489 0
1827 0.9062777526747361 -0.5143888074146535 0
1828 -0.3741008562972793 -0.9748631338673118 0
1829 -0.3279014785371416 -0.9913935353598182 0
1830 -0.5137575091572264 0.9019017739870274 0
1831 -0.5558442570516694 0.8766759479019605 0
1832 0.6005895566174919 -0.8509862030140689 0
1833 0.6400010819683433 -0.8217566235313516 0
1834 -0.5475243007456919 2.37990036828275 0
1835 1.574016957681867 -0.1559998863909764 0
1836 1.589328127465486 -0.05173386531345932 0
1837 0.9743565404232591 -0.3751479794464115 0
1838 0.9908869419418725 -0.3289486019906475 0
1839 -0.2280767806082029 1.02380751158905 0
1840 -0.2756739580356429 1.011885039101533 0
1841 0.4241139241773106 -0.9540874926235228 0
1842 0.4684705762583605 -0.9331083584263098 0
1843 0.7563498548081038 -0.7194704965736407 0
1844 0.7893016907002 -0.6831137481105589 0
1845 2.585603820993391 -2.622648639389763 0
1846 2.853279167200426 -2.764004124310315 0
1847 -1.589052760296725 3.318759343161326 0
1848 0.2292140788040193 -1.01604440815634 0
1849 0.2768112562314593 -1.004121935668823 0
1850 3.324315864135005 -1.063745798068425 0
1851 -0.2165176442575683 -2.619745222925607 0
1852 -0.009860803313673734 -2.554745974402159 0
1853 2.173785632353843 -1.786183714427681 0
1854 -0.5900416493474391 -2.50932333239697 0
1855 3.939104215475827 -4.145064312364795 0
1856 4.303184875905842 -3.86740281462485 0
1857 -3.94546042032379 4.238153431639383 0
1858 -4.231954472542901 3.857293673057561 0
1859 4.250333065060478 3.908024118081008 0
1860 3.900683460742081 4.170866229403614 0
1861 -4.163900389289648 -3.874669854078197 0
1862 -3.892228176282353 -4.247299053315476 0
1863 -0.6005895566174919 0.8509862030140689 0
1864 -0.6400010819683433 0.8217566235313516 0
1865 0.932422225918255 -0.4682007855280009 0
1866 0.953401359892956 -0.4238441333721406 0
1867 -0.9552235734344802 -0.4228777166326521 0
1868 -0.9342444392284435 -0.4672343689939543 0
1869 -1.005615988368727 0.2766964165077184 0
1870 -1.017538460625592 0.2290992390442443 0
1871 -0.9283734257366345 0.4672783769294792 0
1872 -0.9493525597113356 0.4229217247736189 0
1873 -0.3290862498582282 0.9935578656331344 0
1874 -0.3752856272188561 0.97702746390146 0
1875 1.042617193832721 0.02896419703380784 0
1876 1.040209557157735 0.07797276731113198 0
1877 0.1799041229704381 1.03004876736712 0
1878 0.13136753195349 1.037248490315553 0
1879 -2.931604190157314 -0.9443367406893367 0
1880 -2.776557000222023 -1.142293821529787 0
1881 -0.2780135095316534 -1.006150923475275 0
1882 -0.2304163317186387 -1.018073395658315 0
1883 2.227638688104864 -3.362275577959056 0
1884 2.518357609516435 -3.254273720501073 0
1885 -0.8805307191444869 0.5563730635700828 0
1886 -0.9057565450078513 0.5142863155858874 0
1887 -0.6814060008951316 0.7928959886936469 0
1888 -0.7177627492251422 0.7599441525981536 0
1889 -1.415706730430724 -2.498661827555718 0
1890 -0.6337638907393851 -1.666366139744006 0
1891 -0.5671229745604562 -1.78983828298341 0
1892 1.897147586426609 -2.369036824370721 0
1893 -0.2143213522730844 2.6694827252961 0
1894 -0.3848122826852209 2.536763833506108 0
1895 0.5606391027477255 -2.813610038675408 0
1896 0.3128615799358598 -2.895888324945584 0
1897 0.4991007752596541 -3.073075767472667 0
1898 -0.7897040069090682 -0.6826072009536882 0
1899 -0.75675217064204 -0.7189639495108168 0
1900 -0.9572258391794732 2.531066058625366 0
1901 -0.7878607773153412 2.702956777305929 0
1902 -1.002423737757988 2.784269137095989 0
1903 -0.9081581732935193 -0.5153409946472747 0
1904 -0.8829323471318754 -0.5574277428346907 0
1905 1.040552570963144 -0.3160430049070085 0
1906 -3.033404225267452 -3.001020532885026 0
1907 -1.112739411454629 2.383344921721297 0
1908 -2.258188785483145 0.4730983015600831 0
1909 -2.190228800005518 0.2927474146419 0
1910 -1.028982028410467 0.1790911612629044 0
1911 -1.036181751497681 0.1305545705928308 0
1912 0.9393343911479362 -2.880335856313168 0
1913 0.869480712571671 0.7386437913199793 0
1914 0.8414293289457754 0.6877713793430531 0
1915 0.9029008131152967 0.696974349695584 0
1916 -1.552092068623973 1.943774181283341 0
1917 -1.689085051514931 1.805631675940772 0
1918 4.284373065451446 3.199033935815764 0
1919 0.4677028284499681 0.9315654796324286 0
1920 0.4233461760066635 0.9525446136322593 0
1921 2.485485809590687 -0.4635977198977705 0
1922 -2.136275170644962 1.389031674246429 0
1923 -2.295254260179551 1.249383546175389 0
1924 -0.8534556704270633 -0.6023676632901671 0
1925 -0.8242260907987197 -0.6417791889297075 0
1926 1.06634066334509 -0.2112591545515706 0
1927 -0.002684592302516123 -1.097543521197089 0
1928 -1.069925761700212 3.046500158060503 0
1929 -0.8497432346175411 3.241631709735518 0
1930 -1.086610320423897 3.33197201201947 0
1931 1.031511606142145 1.048675096912757 0
1932 -0.6543753527600874 -2.745384679638613 0
1933 -0.4323298417522663 -2.687048662728401 0
1934 3.550979990181649 -1.868965759131063 0
1935 -0.02158031836213386 1.036938563429551 0
1936 -0.07058888838654198 1.034530926549173 0
1937 1.079866760590655 -1.394505230909438 0
1938 0.3755086200389642 0.9745609958023984 0
1939 0.3293092422788265 0.9910913972949048 0
1940 0.7789321139200986 -2.740237180391877 0
1941 -0.78594568938397 0.8337194676123301 0
1942 -0.740637072118272 0.8805208051552245 0
1943 -0.7981640459817783 0.901458747014522 0
1944 1.0007798754415 0.4146453946170604 0
1945 -0.8924184708119699 -2.806430175591177 0
1946 -0.7347066632167971 -2.984155505922608 0
1947 -0.9911531785181832 -0.3271710571343048 0
1948 -0.9746227768159278 -0.373370434826248 0
1949 1.065055625347917 0.2127952167249853 0
1950 1.098545253722307 2.289149195263788 0
1951 0.9099902132088732 2.367195350341364 0
1952 0.1071247980099657 -1.084697614722842 0
1953 0.6060782683253076 0.9104118236211569 0
1954 2.457631392843321 -0.6568277890497085 0
1955 0.8385711354964256 -0.6892858834428963 0
1956 -0.4262946505590044 1.016673780444904 0
1957 0.3008851073924286 -1.388994685268695 0
1958 0.1761692313631091 2.706291664861044 0
1959 0.1474682822357997 2.957278035193131 0
1960 -0.04010481105759396 2.826471191642265 0
1961 0.1546803786242064 -2.712462863256391 0
1962 0.9010917923166947 -0.6020592162232096 0
1963 -0.2146921127104784 -1.071341437590753 0
1964 1.078643616335339 0.1084762059361026 0
1965 0.9546600985962406 0.5102764553618007 0
1966 -0.7778756301823625 -3.250840200155069 0
1967 -0.53983251213048 -3.189794704202504 0
1968 1.081475531608575 -0.1046035640824197 0
1969 0.3708544773241088 2.60788651693562 0
1970 -0.6870137965936756 0.8416421605907373 0
1971 -1.016044409180471 -0.2292140752481592 0
1972 -1.00412193678845 -0.2768112529847241 0
1973 -0.7237042824925002 -0.763113968337077 0
1974 -0.6873475337699568 -0.7960658044569637 0
1975 -0.563067697277674 -0.8750212775592283 0
1976 -0.5209809489764425 -0.9002471035300561 0
1977 -1.170163338519528 -2.425541107619073 0
1978 -1.01592981620497 -2.598237247359162 0
1979 2.401442551113704 -1.470730102742066 0
1980 2.425429728459396 -1.261150969190552 0
1981 -0.8407038111071948 0.6899700209818995 0
1982 1.142011646050481 -0.2832434084675376 0
1983 -0.8419372678314213 -1.384520067316422 0
1984 0.9931309062910617 -0.7237839060003326 0
1985 1.021388899840821 -0.6789898835619637 0
1986 0.9531325027687549 -0.6905107956002645 0
1987 -0.6831186386333226 -1.576429898630954 0
1988 -0.7390526513770243 -1.680965885903277 0
1989 -0.4345234306599832 -1.012397842502976 0
1990 0.7730335495017362 0.7734466532077667 0
1991 1.039944891564055 0.3162400964569749 0
1992 -0.9003210279357735 0.6978279593590233 0
1993 -0.9376968659853977 0.641862575637862 0
1994 0.1523212903251861 3.227925473974364 0
1995 -1.025150330926506 1.129758225478731 0
1996 -1.040932707214935 0.3183784221034264 0
1997 -0.7696617695896639 0.7735563471400102 0
1998 0.8282482932026478 0.7805983343764789 0
1999 0.889719777372169 0.7898013047290099 0
2000 1.085887859122066 0.003383046415885251 0
2001 -0.6460590146418475 -0.8294414287473844 0
2002 -0.6066474888626318 -0.8586710082032489 0
2003 -0.6261629640007894 1.253214063712875 0
2004 -0.6029967289341138 1.165385119712619 0
2005 -0.2808513476702166 -2.85580657016725 0
2006 1.384122559529378 -0.958972018472481 0
2007 0.6867165832705489 -0.8367665731111937 0
2008 -0.579950860676355 2.606617164058664 0
2009 -0.9000473117743408 0.6013923845219562 0
2010 0.7667086077802987 -0.7674322822489761 0
2011 0.9022206266181969 0.6016389182383535 0
2012 0.1092068812395615 1.086158087917315 0
2013 0.6023621376231405 -0.9016762079693946 0
2014 0.5123299051584522 -0.9585725372965685 0
2015 0.4159687314863034 -1.004167168597853 0
2016 -1.62734186331485 2.298539641158362 0
2017 0.31486544090108 -1.037671209911479 0
2018 -1.036128554246825 -0.1290419344487435 0
2019 -1.028928831083623 -0.1775785253795885 0
2020 -0.1665162010967803 3.385864379704595 0
2021 1.128131001561968 -0.1371250662533286 0
2022 0.2122673828583198 -1.064040615091786 0
2023 -1.050582419682094 -0.4543108412025078 0
2024 -1.005966818115337 -0.4135647181855459 0
2025 -1.069981623063541 -0.4048035593961037 0
2026 1.546170087404445 -0.3606812170915326 0
2027 1.560915521542231 -0.2616231093211852 0
2028 1.11708357227915 0.1950914623904703 0
2029 1.110086352621831 0.2488626613108662 0
2030 1.671203006923299 -0.222648946335089 0
2031 0.9567787135704443 -0.5111928573779807 0
2032 1.003878367344266 -0.4163086815655991 0
2033 -0.1019748785161748 1.078071571755166 0
2034 -1.04456352736644 -0.02748529414110922 0
2035 -1.042155890691454 -0.07649386441843335 0
2036 -0.3144755269980164 1.048502570107063 0
2037 -0.3156303144726941 -1.040604121993133 0
2038 -1.187834334762862 -1.327108081520221 0
2039 2.766550153903517 -3.478568283550071 0
2040 2.671405616799794 -3.827922248636483 0
2041 -0.2430223014003937 2.920469095628187 0
2042 0.02577977793613033 -1.142232271693794 0
2043 0.0819564373336152 -1.143018863124394 0
2044 -1.463389912172774 -0.8792352517478492 0
2045 -1.399386256769804 -0.9858713613069527 0
2046 1.253652995032077 -0.9963058823210409 0
2047 -2.665798678905243 -1.410575770955628 0
2048 -2.518201987077306 -1.609163233077967 0
2049 1.8953238177944 1.930527919214409 0
2050 1.688704516952087 2.011303225131029 0
2051 -1.025347596820133 -0.5168655687693835 0
2052 0.09314205113613487 -2.971928592053649 0
2053 -0.2934483004115365 -3.922404805532865 0
2054 -0.5370468708958418 -0.9587609461655512 0
2055 0.09300829545665398 1.698527360129714 0
2056 0.005267601230319406 1.083440524583767 0
2057 0.3186510924004122 1.043653423741865 0
2058 -1.254783955016302 2.204493733957455 0
2059 1.009818792690916 0.5100138733678597 0
2060 0.9847505178416687 0.556913316764108 0
2061 0.5109207264274342 0.9573038832859553 0
2062 1.113898274877017 -0.3904921694911874 0
2063 -1.08509134925313 0.1083939202272984 0
2064 -1.404407391091574 2.063109627503577 0
2065 -0.4313939662916026 1.607543579388614 0
2066 1.081761592724939 -0.3533158084205461 0
2067 1.097480615813514 -0.3017462856876846 0
2068 2.384855115933143 -1.915682311526292 0
2069 0.508435629835676 -1.008276770332139 0
2070 0.5552211222566175 -0.9825538535459177 0
2071 -0.960481348798965 -0.5111786256452702 0
2072 2.806476694511388 -3.146966475848251 0
2073 3.101471711587508 -2.988298687359313 0
2074 -1.065735208513153 0.2131000788926721 0
2075 -0.6251487592548702 2.859820242529287 0
2076 -0.8647874508384336 0.9215692313265682 0
2077 0.3114442025543317 -1.101758148194832 0
2078 0.3629718118883477 -1.088125821396269 0
2079 -0.3541343498281309 1.082220519796113 0
2080 0.136028573473225 -1.135098941875083 0
2081 -3.363315127124236 -1.084595401524312 0
2082 -3.160314374868927 -0.9276087492227267 0
2083 -3.465094939703194 -0.8570720579123507 0
2084 -2.609560734931756 -1.863013241478652 0
2085 1.1871227415316 -2.552259470148147 0
2086 -0.3373826838396079 1.675803713913274 0
2087 0.7851603265087581 -0.8250664813253044 0
2088 0.8240446454148467 -0.789468412780335 0
2089 1.100802624288685 -0.245970604954 0
2090 1.000790996950454 -0.5626860153722282 0
2091 1.026935470193973 -0.5164979934855756 0
2092 -0.3044903086985967 -3.5617504669873 0
2093 -0.8409196455647652 -0.6899931042335242 0
2094 -1.603562564277867 2.135340596667505 0
2095 -0.679336035350028 3.399903522470362 0
2096 -0.3782354596837438 3.483487339340538 0
2097 1.123602269157038 0.08792977412963368 0
2098 1.117011497826935 0.1384775859981206 0
2099 -0.9049184061592287 -0.604225171754067 0
2100 -0.8868059602817487 0.8023522273764314 0
2101 -0.9442983130863121 0.8773393264039339 0
2102 -3.546667347796461 -1.252519699185845 0
2103 -0.8271887434531701 0.7944942889993076 0
2104 -0.8705220404874425 0.7421891069041117 0
2105 0.614250860088031 -0.9659428773707566 0
2106 0.6574976001317778 -0.9347694648298039 0
2107 0.4156463701566002 -1.061796214942906 0
2108 0.4652220514078076 -1.041924500427843 0
2109 -0.05818272365748089 -1.275981484465852 0
2110 1.136600075806428 0.0350864716163596 0
2111 1.741292683598146 3.77878863679506 0
2112 1.504989919698081 2.122137564843265 0
2113 1.314759511917537 2.211189712212865 0
2114 0.4161713669292513 1.00322607557771 0
2115 0.3119454733038305 1.098184435780701 0
2116 0.2994484800834148 1.16837856139664 0
2117 -0.7733496735255738 -0.7749711350837651 0
2118 -0.4150355104899365 -1.070266725247323 0
2119 2.421459415784162 -1.057032340501088 0
2120 2.442116132860818 -0.8583145293177032 0
2121 -0.7549165350882232 -1.474664753373227 0
2122 0.971388206996515 -2.629775555502553 0
2123 0.955852564857584 -0.7817397902020254 0
2124 -1.995565793458331 1.542510306721578 0
2125 0.4757983307062952 1.049521084311291 0
2126 0.427960774738596 1.07153746648143 0
2127 0.0155065140854937 1.140908900504122 0
2128 -0.03292171919250504 1.131345502779459 0
2129 -0.9992613308852085 -0.5649721944227039 0
2130 -1.561732676765608 -0.6327670526445539 0
2131 1.955827243319586 3.650937120995803 0
2132 1.737824512648832 3.464225565782995 0
2133 -1.091065488470556 -0.0006373744694769118 0
2134 -0.906329213171045 -0.7045880362139767 0
2135 -0.8718071292813935 -0.7454160482379575 0
2136 -1.038334779767052 -0.313697632229561 0
2137 0.8799731747809157 -0.9545639810859283 0
2138 0.08294113518501486 1.133387220892558 0
2139 0.04475181476219042 1.18129219908825 0
2140 1.107043238080449 0.3126457166205022 0
2141 1.088929723953907 0.362319397432096 0
2142 0.4260331016991438 1.344004595245182 0
2143 0.3594628291079374 1.420264869763178 0
2144 -1.187101655458791 -0.411335456883429 0
2145 3.304767352606203 -1.773506294873839 0
2146 -0.9656131006772694 0.9442511482588746 0
2147 0.5337215548828163 2.482292252490173 0
2148 0.5266094022152102 2.711504243966464 0
2149 0.03060466291070574 -3.188004418318701 0
2150 -0.1080465324637624 -3.443838159217098 0
2151 2.407758122865094 -1.684932361647211 0
2152 -0.6141449555348572 -0.9022226718468461 0
2153 -0.6118093671056999 -0.9543422418946439 0
2154 1.464661023134233 3.274117396115955 0
2155 -2.427102909720736 1.060947204534855 0
2156 -1.306382379138137 3.417222292322492 0
2157 -0.4547415599873572 3.01809205526413 0
2158 -0.6626514766263434 3.114431668511395 0
2159 2.602226150266381 -1.181907812246068 0
2160 0.7223560077480016 2.399964487946234 0
2161 0.7727319677662849 2.770114246139774 0
2162 0.8771106852347893 2.553140841916147 0
2163 1.881969074623389 0.6180603462547912 0
2164 -3.658878018947275 -0.6700585734031506 0
2165 -3.455877266691966 -0.5130719211015653 0
2166 -2.078219181385837 0.1405779488395069 0
2167 -0.2805250187718669 3.175080521610295 0
2168 -1.064187959940471 -0.2117022782114095 0
2169 -1.139546298308562 -0.1965298437059619 0
2170 -1.12666187640541 -0.2481653935745327 0
2171 -1.244992088777068 -1.196260982786669 0
2172 -3.033384002736272 -0.7168133970773753 0
2173 -1.852749731234367 1.681338015257019 0
2174 0.3803355629477134 1.199117463643311 0
2175 0.4212551556420142 1.126068478520266 0
2176 0.5982857879643263 0.9605643776715322 0
2177 -1.09598958728116 0.3031731474160565 0
2178 -1.147574317748896 0.03054165304387186 0
2179 -1.14563588401122 -0.02379156076886967 0
2180 0.7739404940430636 -0.93920467985913 0
2181 0.7043986843814776 -0.94976900423981 0
2182 -1.140471837880486 0.09660786545582792 0
2183 1.028766558856653 0.4562754383539628 0
2184 1.058856978102081 0.5029122997562703 0
2185 0.8982119267627297 -0.6910211856102096 0
2186 0.9264699203124892 -0.6462271631718407 0
2187 -0.9605960195322222 -0.6072013937516393 0
2188 -0.93111934282741 -0.6521413142071157 0
2189 2.612512034693005 -1.600228699840677 0
2190 -1.312876415783895 -1.085274490742863 0
2191 1.110871693582058 -0.1927562773314236 0
2192 2.186394270331326 -3.649225803028881 0
2193 2.396317475069727 3.347127350808241 0
2194 1.510237000254186 -0.4547152827986796 0
2195 1.036015049496344 -0.4534850426362403 0
2196 1.056970230026647 -0.4047888887105113 0
2197 1.049818060852665 0.4075438210054709 0
2198 -1.083099718288252 -0.1075186583125286 0
2199 0.1973567135229388 -1.131269513304441 0
2200 0.248427162231683 -1.118532434922696 0
2201 -0.2576622866108761 -1.220443925582826 0
2202 -0.2931373737643603 -1.159174735480826 0
2203 -0.8255787029167287 -0.7863336162397061 0
2204 2.354236957805948 -3.937854979770557 0
2205 2.06220015922871 -4.001205254596546 0
2206 -3.389583432483147 -0.2988474182306087 0
2207 0.9526904518295028 0.5997179605863265 0
2208 0.9253192547007068 0.6441809800666309 0
2209 -0.3567710457504393 -1.089774821026677 0
2210 -0.3068830767449511 -1.104532209142134 0
2211 2.834007229835251 -1.284391635673588 0
2212 0.8652337179526912 -0.73356951587132 0
2213 0.7336176675202486 -0.8517661125211999 0
2214 0.7909537051547966 -0.8738022430525587 0
2215 -1.195092351666161 -0.3568665294064027 0
2216 -1.166299415909269 -0.2848023932640491 0
2217 -0.3988529482345471 1.069023724250751 0
2218 1.963948457495928 0.7299150292574528 0
2219 -0.2519966424866151 -1.110004036447282 0
2220 0.5571257366132492 0.9807754858973782 0
2221 0.5102139330827656 1.004681296018994 0
2222 0.6925099619165871 -0.8855023348384481 0
2223 -0.3865577028612112 -3.338567090664763 0
2224 -0.3433887358956458 -3.071882396432303 0
2225 -1.504616833968182 -0.7493280094960824 0
2226 -0.1275765384009477 -3.004578956629508 0
2227 -3.195800353239065 -0.4858609027398088 0
2228 1.194536709246824 0.7448729116258264 0
2229 -1.122587920837668 -0.3910807549360393 0
2230 0.9146634923197393 -0.8376386871110404 0
2231 0.8836854366811507 -0.7912037149476483 0
2232 2.792735908603538 -1.486035902451833 0
2233 -1.086199852055466 3.612353843997507 0
2234 0.8254831530315732 -0.9125050486632345 0
2235 -1.097621363087855 0.25133321537743 0
2236 -1.109064930872729 0.2013251375960902 0
2237 1.026169124946249 -0.6068539623208593 0
2238 -1.1110960491316 3.897007960712275 0
2239 0.95601236832272 -0.6015488262132644 0
2240 1.047268786920253 0.9613997226228312 0
2241 0.3616281918649704 1.079773469786685 0
2242 -1.132559264925384 0.1513059463398617 0
2243 -1.122724108890494 1.133060690464865 0
2244 2.169639756067181 3.468032632520674 0
2245 0.5975789946196577 1.007941790404571 0
2246 -1.090941077541178 -0.2999748277694967 0
2247 2.173107927016495 3.782595703532738 0
2248 -2.020142009695582 -0.0104135609978872 0
2249 0.8969863858926487 -0.889161544279357 0
2250 -1.126644094299292 -0.1337001421427362 0
2251 -1.139319309640736 0.2913982061194746 0
2252 1.214444348552809 0.8272055798681908 0
2253 -1.132671430743921 -0.081152072112426 0
2254 -1.077972319270911 -0.3503346319190774 0
2255 -1.189180260022261 -0.04997304459907723 0
2256 0.4046903988586988 1.494885492967724 0
2257 -0.7151677041035271 1.245273910098582 0
$EndNodes
$Elements
1187
1 15 2 0 1 1
2 15 2 0 2 2
3 15 2 0 3 3
4 15 2 0 4 4
5 15 2 0 5 5
6 15 2 0 6 6
7 15 2 0 7 7
8 8 2 0 1 1 8 17
9 8 2 0 1 8 9 18
10 8 2 0 1 9 10 19
11 8 2 0 1 10 11 20
12 8 2 0 1 11 12 21
13 8 2 0 1 12 13 22
14 8 2 0 1 13 14 23
15 8 2 0 1 14 15 24
16 8 2 0 1 15 16 25
17 8 2 0 1 16 2 26
18 8 2 0 2 2 27 36
19 8 2 0 2 27 28 37
20 8 2 0 2 28 29 38
21 8 2 0 2 29 30 39
22 8 2 0 2 30 31 40
23 8 2 0 2 31 32 41
24 8 2 0 2 32 33 42
25 8 2 0 2 33 34 43
26 8 2 0 2 34 35 44
27 8 2 0 2 35 3 45
28 8 2 0 3 3 46 55
29 8 2 0 3 46 47 56
30 8 2 0 3 47 48 57
31 8 2 0 3 48 49 58
32 8 2 0 3 49 50 59
33 8 2 0 3 50 51 60
34 8 2 0 3 51 52 61
35 8 2 0 3 52 53 62
36 8 2 0 3 53 54 63
37 8 2 0 3 54 4 64
38 8 2 0 4 4 65 74
39 8 2 0 4 65 66 75
40 8 2 0 4 66 67 76
41 8 2 0 4 67 68 77
42 8 2 0 4 68 69 78
43 8 2 0 4 69 70 79
44 8 2 0 4 70 71 80
45 8 2 0 4 71 72 81
46 8 2 0 4 72 73 82
47 8 2 0 4 73 1 83
48 8 2 0 5 6 84 115
49 8 2 0 5 84 85 116
50 8 2 0 5 85 86 117
51 8 2 0 5 86 87 118
52 8 2 0 5 87 88 119
53 8 2 0 5 88 89 120
54 8 2 0 5 89 90 121
55 8 2 0 5 90 91 122
56 8 2 0 5 91 92 123
57 8 2 0 5 92 93 124
58 8 2 0 5 93 94 125
59 8 2 0 5 94 95 126
60 8 2 0 5 95 96 127
61 8 2 0 5 96 97 128
62 8 2 0 5 97 98 129
63 8 2 0 5 98 99 130
64 8 2 0 5 99 100 131
65 8 2 0 5 100 101 132
66 8 2 0 5 101 102 133
67 8 2 0 5 102 103 134
68 8 2 0 5 103 104 135
69 8 2 0 5 104 105 136
70 8 2 0 5 105 106 137
71 8 2 0 5 106 107 138
72 8 2 0 5 107 108 139
73 8 2 0 5 108 109 140
74 8 2 0 5 109 110 141
75 8 2 0 5 110 111 142
76 8 2 0 5 111 112 143
77 8 2 0 5 112 113 144
78 8 2 0 5 113 114 145
79 8 2 0 5 114 7 146
80 8 2 0 6 7 147 178
81 8 2 0 6 147 148 179
82 8 2 0 6 148 149 180
83 8 2 0 6 149 150 181
84 8 2 0 6 150 151 182
85 8 2 0 6 151 152 183
86 8 2 0 6 152 153 184
87 8 2 0 6 153 154 185
88 8 2 0 6 154 155 186
89 8 2 0 6 155 156 187
90 8 2 0 6 156 157 188
91 8 2 0 6 157 158 189
92 8 2 0 6 158 159 190
93 8 2 0 6 159 160 191
94 8 2 0 6 160 161 192
95 8 2 0 6 161 162 193
96 8 2 0 6 162 163 194
97 8 2 0 6 163 164 195
98 8 2 0 6 164 165 196
99 8 2 0 6 165 166 197
100 8 2 0 6 166 167 198
101 8 2 0 6 167 168 199
102 8 2 0 6 168 169 200
103 8 2 0 6 169 170 201
104 8 2 0 6 170 171 202
105 8 2 0 6 171 172 203
106 8 2 0 6 172 173 204
107 8 2 0 6 173 174 205
108 8 2 0 6 174 175 206
109 8 2 0 6 175 176 207
110 8 2 0 6 176 177 208
111 8 2 0 6 177 6 209
112 9 2 0 1 451 554 578 696 697 698
113 9 2 0 1 352 557 585 699 700 701
114 9 2 0 1 210 433 446 702 703 704
115 9 2 0 1 212 439 556 705 706 707
116 9 2 0 1 324 322 444 708 709 710
117 9 2 0 1 471 517 545 711 712 713
118 9 2 0 1 298 363 547 714 715 716
119 9 2 0 1 511 405 512 717 718 719
120 9 2 0 1 306 298 547 720 716 721
121 9 2 0 1 405 511 569 717 722 723
122 9 2 0 1 333 341 353 724 725 726
123 9 2 0 1 334 335 359 727 728 729
124 9 2 0 1 324 444 662 710 730 731
125 9 2 0 1 512 379 623 732 733 734
126 9 2 0 1 376 499 692 735 736 737
127 9 2 0 1 353 341 361 725 738 739
128 9 2 0 1 444 322 611 709 740 741
129 9 2 0 1 211 435 657 742 743 744
130 9 2 0 1 342 413 417 745 746 747
131 9 2 0 1 551 515 594 748 749 750
132 9 2 0 1 293 445 564 751 752 753
133 9 2 0 1 269 373 692 754 755 756
134 9 2 0 1 320 321 555 757 758 759
135 9 2 0 1 218 31 638 760 761 762
136 9 2 0 1 441 515 551 763 748 764
137 9 2 0 1 437 276 576 765 766 767
138 9 2 0 1 346 345 385 768 769 770
139 9 2 0 1 219 429 660 771 772 773
140 9 2 0 1 421 446 596 774 775 776
141 9 2 0 1 521 316 523 777 778 779
142 9 2 0 1 452 453 684 780 781 782
143 9 2 0 1 282 443 613 783 784 785
144 9 2 0 1 579 222 648 786 787 788
145 9 2 0 1 363 302 364 789 790 791
146 9 2 0 1 31 226 638 792 793 761
147 9 2 0 1 376 469 587 794 795 796
148 9 2 0 1 520 587 629 797 798 799
149 9 2 0 1 299 507 625 800 801 802
150 9 2 0 1 446 533 596 803 804 775
151 9 2 0 1 509 391 609 805 806 807
152 9 2 0 1 532 282 613 808 785 809
153 9 2 0 1 219 69 429 810 811 771
154 9 2 0 1 453 452 618 780 812 813
155 9 2 0 1 417 413 666 746 814 815
156 9 2 0 1 334 306 335 816 817 727
157 9 2 0 1 413 248 687 818 819 820
158 9 2 0 1 364 366 368 821 822 823
159 9 2 0 1 211 29 435 824 825 742
160 9 2 0 1 210 67 433 826 827 702
161 9 2 0 1 557 439 585 828 829 700
162 9 2 0 1 379 378 623 830 831 733
163 9 2 0 1 335 377 679 832 833 834
164 9 2 0 1 483 478 502 835 836 837
165 9 2 0 1 492 464 597 838 839 840
166 9 2 0 1 330 324 662 841 731 842
167 9 2 0 1 359 335 679 728 834 843
168 9 2 0 1 497 376 498 844 845 846
169 9 2 0 1 271 333 373 847 848 849
170 9 2 0 1 426 424 525 850 851 852
171 9 2 0 1 231 229 233 853 854 855
172 9 2 0 1 237 239 257 856 857 858
173 9 2 0 1 353 361 468 739 859 860
174 9 2 0 1 280 279 329 861 862 863
175 9 2 0 1 342 417 418 747 864 865
176 9 2 0 1 377 543 615 866 867 868
177 9 2 0 1 259 263 381 869 870 871
178 9 2 0 1 384 382 397 872 873 874
179 9 2 0 1 374 269 692 875 756 876
180 9 2 0 1 263 265 339 877 878 879
181 9 2 0 1 242 244 342 880 881 882
182 9 2 0 1 293 290 445 883 884 751
183 9 2 0 1 345 349 355 885 886 887
184 9 2 0 1 555 439 557 888 828 889
185 9 2 0 1 452 393 618 890 891 812
186 9 2 0 1 405 379 512 892 732 718
187 9 2 0 1 226 217 227 893 894 895
188 9 2 0 1 382 381 675 896 897 898
189 9 2 0 1 307 306 334 899 816 900
190 9 2 0 1 269 271 373 901 849 754
191 9 2 0 1 296 293 302 902 903 904
192 9 2 0 1 346 385 386 770 905 906
193 9 2 0 1 364 368 693 823 907 908
194 9 2 0 1 329 345 346 909 768 910
195 9 2 0 1 408 476 550 911 912 913
196 9 2 0 1 257 239 371 857 914 915
197 9 2 0 1 360 359 378 916 917 918
198 9 2 0 1 398 447 539 919 920 921
199 9 2 0 1 435 218 436 922 923 924
200 9 2 0 1 449 225 450 925 926 927
201 9 2 0 1 329 344 345 928 929 909
202 9 2 0 1 231 233 236 855 930 931
203 9 2 0 1 462 245 522 932 933 934
204 9 2 0 1 469 376 603 794 935 936
205 9 2 0 1 506 370 573 937 938 939
206 9 2 0 1 393 391 509 940 805 941
207 9 2 0 1 440 221 442 942 943 944
208 9 2 0 1 259 381 620 871 945 946
209 9 2 0 1 439 555 556 888 947 706
210 9 2 0 1 473 210 590 948 949 950
211 9 2 0 1 383 496 571 951 952 953
212 9 2 0 1 227 229 231 954 853 955
213 9 2 0 1 276 437 481 765 956 957
214 9 2 0 1 260 514 571 958 959 960
215 9 2 0 1 370 364 693 961 908 962
216 9 2 0 1 277 236 279 963 964 965
217 9 2 0 1 248 414 687 966 967 819
218 9 2 0 1 397 382 430 873 968 969
219 9 2 0 1 433 219 434 970 971 972
220 9 2 0 1 521 405 569 973 723 974
221 9 2 0 1 515 255 594 975 976 749
222 9 2 0 1 321 325 555 977 978 758
223 9 2 0 1 342 244 413 881 979 745
224 9 2 0 1 428 426 519 980 981 982
225 9 2 0 1 548 219 660 983 773 984
226 9 2 0 1 216 449 451 985 986 987
227 9 2 0 1 268 531 612 988 989 990
228 9 2 0 1 244 248 413 991 818 979
229 9 2 0 1 298 296 363 992 993 714
230 9 2 0 1 411 214 580 994 995 996
231 9 2 0 1 318 422 454 997 998 999
232 9 2 0 1 386 385 458 905 1000 1001
233 9 2 0 1 296 302 363 904 789 993
234 9 2 0 1 471 251 517 1002 1003 711
235 9 2 0 1 376 497 499 844 1004 735
236 9 2 0 1 227 228 229 1005 1006 954
237 9 2 0 1 415 414 447 1007 1008 1009
238 9 2 0 1 305 298 306 1010 720 1011
239 9 2 0 1 436 218 437 923 1012 1013
240 9 2 0 1 233 237 367 1014 1015 1016
241 9 2 0 1 319 318 454 1017 999 1018
242 9 2 0 1 455 456 536 1019 1020 1021
243 9 2 0 1 441 551 566 764 1022 1023
244 9 2 0 1 416 330 457 1024 1025 1026
245 9 2 0 1 222 472 648 1027 1028 787
246 9 2 0 1 364 302 366 790 1029 821
247 9 2 0 1 322 319 454 1030 1018 1031
248 9 2 0 1 520 354 587 1032 1033 797
249 9 2 0 1 449 450 451 927 1034 986
250 9 2 0 1 356 542 664 1035 1036 1037
251 9 2 0 1 531 596 612 1038 1039 989
252 9 2 0 1 415 447 448 1009 1040 1041
253 9 2 0 1 339 265 563 878 1042 1043
254 9 2 0 1 418 417 477 864 1044 1045
255 9 2 0 1 233 234 237 1046 1047 1014
256 9 2 0 1 363 364 396 791 1048 1049
257 9 2 0 1 212 556 632 707 1050 1051
258 9 2 0 1 467 428 589 1052 1053 1054
259 9 2 0 1 373 333 603 848 1055 1056
260 9 2 0 1 257 371 459 915 1057 1058
261 9 2 0 1 557 352 588 699 1059 1060
262 9 2 0 1 473 590 685 950 1061 1062
263 9 2 0 1 271 274 333 1063 1064 847
264 9 2 0 1 550 476 566 912 1065 1066
265 9 2 0 1 277 279 280 965 861 1067
266 9 2 0 1 327 324 330 1068 841 1069
267 9 2 0 1 318 310 651 1070 1071 1072
268 9 2 0 1 443 282 649 783 1073 1074
269 9 2 0 1 250 254 258 1075 1076 1077
270 9 2 0 1 451 578 643 698 1078 1079
271 9 2 0 1 369 452 684 1080 782 1081
272 9 2 0 1 381 339 675 1082 1083 897
273 9 2 0 1 329 279 344 862 1084 928
274 9 2 0 1 210 446 590 704 1085 949
275 9 2 0 1 419 411 580 1086 996 1087
276 9 2 0 1 333 338 341 1088 1089 724
277 9 2 0 1 216 451 643 987 1079 1090
278 9 2 0 1 378 359 625 917 1091 1092
279 9 2 0 1 477 417 501 1044 1093 1094
280 9 2 0 1 543 506 615 1095 1096 867
281 9 2 0 1 395 531 670 1097 1098 1099
282 9 2 0 1 263 339 381 879 1082 870
283 9 2 0 1 561 377 615 1100 868 1101
284 9 2 0 1 498 376 587 845 796 1102
285 9 2 0 1 504 299 625 1103 802 1104
286 9 2 0 1 499 374 692 1105 876 736
287 9 2 0 1 333 353 603 726 1106 1055
288 9 2 0 1 370 506 543 937 1095 1107
289 9 2 0 1 368 366 369 822 1108 1109
290 9 2 0 1 287 285 303 1110 1111 1112
291 9 2 0 1 72 225 449 1113 925 1114
292 9 2 0 1 447 398 610 919 1115 1116
293 9 2 0 1 381 382 384 896 872 1117
294 9 2 0 1 356 349 542 1118 1119 1035
295 9 2 0 1 245 462 661 932 1120 1121
296 9 2 0 1 32 217 226 1122 893 1123
297 9 2 0 1 70 216 429 1124 1125 1126
298 9 2 0 1 30 218 435 1127 922 1128
299 9 2 0 1 68 219 433 1129 970 1130
300 9 2 0 1 49 221 440 1131 942 1132
301 9 2 0 1 11 220 438 1133 1134 1135
302 9 2 0 1 578 372 643 1136 1137 1078
303 9 2 0 1 478 483 491 835 1138 1139
304 9 2 0 1 227 217 228 894 1140 1005
305 9 2 0 1 465 463 656 1141 1142 1143
306 9 2 0 1 459 371 460 1057 1144 1145
307 9 2 0 1 280 329 606 863 1146 1147
308 9 2 0 1 251 471 595 1002 1148 1149
309 9 2 0 1 226 227 481 895 1150 1151
310 9 2 0 1 420 419 685 1152 1153 1154
311 9 2 0 1 334 359 360 729 916 1155
312 9 2 0 1 345 344 349 929 1156 885
313 9 2 0 1 367 257 542 1157 1158 1159
314 9 2 0 1 404 379 405 1160 892 1161
315 9 2 0 1 475 476 627 1162 1163 1164
316 9 2 0 1 434 219 548 971 983 1165
317 9 2 0 1 446 421 590 774 1166 1085
318 9 2 0 1 436 437 639 1013 1167 1168
319 9 2 0 1 355 463 465 1169 1141 1170
320 9 2 0 1 368 369 466 1109 1171 1172
321 9 2 0 1 233 367 659 1016 1173 1174
322 9 2 0 1 536 456 589 1020 1175 1176
323 9 2 0 1 263 264 265 1177 1178 877
324 9 2 0 1 464 492 622 838 1179 1180
325 9 2 0 1 305 306 307 1011 899 1181
326 9 2 0 1 603 376 692 935 737 1182
327 9 2 0 1 434 548 616 1165 1183 1184
328 9 2 0 1 302 293 564 903 753 1185
329 9 2 0 1 285 282 532 1186 808 1187
330 9 2 0 1 424 406 521 1188 1189 1190
331 9 2 0 1 345 355 621 887 1191 1192
332 9 2 0 1 236 233 659 930 1174 1193
333 9 2 0 1 237 238 239 1194 1195 856
334 9 2 0 1 355 349 356 886 1118 1196
335 9 2 0 1 521 523 605 779 1197 1198
336 9 2 0 1 279 236 565 964 1199 1200
337 9 2 0 1 217 33 407 1201 1202 1203
338 9 2 0 1 258 601 686 1204 1205 1206
339 9 2 0 1 433 434 446 972 1207 703
340 9 2 0 1 384 397 398 874 1208 1209
341 9 2 0 1 30 31 218 40 760 1127
342 9 2 0 1 68 69 219 78 810 1129
343 9 2 0 1 49 50 221 59 1210 1131
344 9 2 0 1 11 12 220 21 1211 1133
345 9 2 0 1 406 405 521 1212 973 1189
346 9 2 0 1 320 555 557 759 889 1213
347 9 2 0 1 456 467 589 1214 1054 1175
348 9 2 0 1 13 14 215 23 1215 1216
349 9 2 0 1 51 52 214 61 1217 1218
350 9 2 0 1 32 33 217 42 1201 1122
351 9 2 0 1 70 71 216 80 1219 1124
352 9 2 0 1 442 221 484 943 1220 1221
353 9 2 0 1 425 424 426 1222 850 1223
354 9 2 0 1 340 592 639 1224 1225 1226
355 9 2 0 1 478 491 597 1139 1227 1228
356 9 2 0 1 354 577 587 1229 1230 1033
357 9 2 0 1 216 71 449 1219 1231 985
358 9 2 0 1 457 330 467 1025 1232 1233
359 9 2 0 1 426 525 600 852 1234 1235
360 9 2 0 1 233 229 234 854 1236 1046
361 9 2 0 1 237 257 367 858 1157 1015
362 9 2 0 1 239 241 242 1237 1238 1239
363 9 2 0 1 295 293 296 1240 902 1241
364 9 2 0 1 28 29 211 38 824 1242
365 9 2 0 1 66 67 210 76 826 1243
366 9 2 0 1 9 10 212 19 1244 1245
367 9 2 0 1 47 48 213 57 1246 1247
368 9 2 0 1 414 415 687 1007 1248 967
369 9 2 0 1 570 260 571 1249 960 1250
370 9 2 0 1 423 406 424 1251 1188 1252
371 9 2 0 1 322 454 611 1031 1253 740
372 9 2 0 1 475 213 476 1254 1255 1162
373 9 2 0 1 355 356 463 1196 1256 1169
374 9 2 0 1 259 262 263 1257 1258 869
375 9 2 0 1 374 499 678 1105 1259 1260
376 9 2 0 1 214 411 688 994 1261 1262
377 9 2 0 1 514 430 571 1263 1264 959
378 9 2 0 1 312 310 318 1265 1070 1266
379 9 2 0 1 389 386 574 1267 1268 1269
380 9 2 0 1 316 521 569 777 974 1270
381 9 2 0 1 461 357 526 1271 1272 1273
382 9 2 0 1 398 397 471 1208 1274 1275
383 9 2 0 1 596 275 612 1276 1277 1039
384 9 2 0 1 409 445 669 1278 1279 1280
385 9 2 0 1 496 383 567 951 1281 1282
386 9 2 0 1 327 330 416 1069 1024 1283
387 9 2 0 1 334 360 553 1155 1284 1285
388 9 2 0 1 438 220 585 1134 1286 1287
389 9 2 0 1 428 519 528 982 1288 1289
390 9 2 0 1 526 357 653 1272 1290 1291
391 9 2 0 1 342 537 695 1292 1293 1294
392 9 2 0 1 407 33 671 1202 1295 1296
393 9 2 0 1 448 447 610 1040 1116 1297
394 9 2 0 1 242 243 244 1298 1299 880
395 9 2 0 1 276 236 277 1300 963 1301
396 9 2 0 1 459 460 626 1145 1302 1303
397 9 2 0 1 292 290 293 1304 883 1305
398 9 2 0 1 419 674 685 1306 1307 1153
399 9 2 0 1 585 439 691 829 1308 1309
400 9 2 0 1 385 345 621 769 1192 1310
401 9 2 0 1 480 401 544 1311 1312 1313
402 9 2 0 1 287 303 445 1112 1314 1315
403 9 2 0 1 361 362 455 1316 1317 1318
404 9 2 0 1 224 475 627 1319 1164 1320
405 9 2 0 1 563 265 672 1042 1321 1322
406 9 2 0 1 397 430 652 969 1323 1324
407 9 2 0 1 31 32 226 41 1123 792
408 9 2 0 1 69 70 429 79 1126 811
409 9 2 0 1 478 477 630 1325 1326 1327
410 9 2 0 1 250 258 686 1077 1206 1328
411 9 2 0 1 427 426 428 1329 980 1330
412 9 2 0 1 67 68 433 77 1130 827
413 9 2 0 1 29 30 435 39 1128 825
414 9 2 0 1 10 11 438 20 1135 1331
415 9 2 0 1 48 49 440 58 1132 1332
416 9 2 0 1 484 221 598 1220 1333 1334
417 9 2 0 1 234 229 549 1236 1335 1336
418 9 2 0 1 66 210 473 1243 948 1337
419 9 2 0 1 28 211 472 1242 1338 1339
420 9 2 0 1 9 212 474 1245 1340 1341
421 9 2 0 1 47 213 475 1247 1254 1342
422 9 2 0 1 221 50 479 1210 1343 1344
423 9 2 0 1 303 285 532 1111 1187 1345
424 9 2 0 1 360 403 553 1346 1347 1284
425 9 2 0 1 360 378 379 918 830 1348
426 9 2 0 1 439 212 691 705 1349 1308
427 9 2 0 1 368 466 572 1172 1350 1351
428 9 2 0 1 387 386 389 1352 1267 1353
429 9 2 0 1 587 469 629 795 1354 798
430 9 2 0 1 323 322 324 1355 708 1356
431 9 2 0 1 321 319 322 1357 1030 1358
432 9 2 0 1 48 440 689 1332 1359 1360
433 9 2 0 1 239 242 695 1239 1361 1362
434 9 2 0 1 258 254 259 1076 1363 1364
435 9 2 0 1 10 438 691 1331 1365 1366
436 9 2 0 1 213 48 689 1246 1360 1367
437 9 2 0 1 212 10 691 1244 1366 1349
438 9 2 0 1 333 274 338 1064 1368 1088
439 9 2 0 1 418 477 478 1045 1325 1369
440 9 2 0 1 256 234 549 1370 1336 1371
441 9 2 0 1 431 648 657 1372 1373 1374
442 9 2 0 1 597 464 626 839 1375 1376
443 9 2 0 1 415 448 462 1041 1377 1378
444 9 2 0 1 361 341 362 738 1379 1316
445 9 2 0 1 242 342 695 882 1294 1361
446 9 2 0 1 480 399 641 1380 1381 1382
447 9 2 0 1 367 542 645 1159 1383 1384
448 9 2 0 1 215 480 641 1385 1382 1386
449 9 2 0 1 408 407 627 1387 1388 1389
450 9 2 0 1 281 280 282 1390 1391 1392
451 9 2 0 1 244 247 248 1393 1394 991
452 9 2 0 1 532 392 541 1395 1396 1397
453 9 2 0 1 395 412 531 1398 1399 1097
454 9 2 0 1 297 296 298 1400 992 1401
455 9 2 0 1 389 574 608 1269 1402 1403
456 9 2 0 1 337 461 526 1404 1273 1405
457 9 2 0 1 533 275 596 1406 1276 804
458 9 2 0 1 545 448 610 1407 1297 1408
459 9 2 0 1 501 417 602 1093 1409 1410
460 9 2 0 1 450 225 632 926 1411 1412
461 9 2 0 1 255 515 575 975 1413 1414
462 9 2 0 1 429 216 568 1125 1415 1416
463 9 2 0 1 465 559 621 1417 1418 1419
464 9 2 0 1 477 501 631 1094 1420 1421
465 9 2 0 1 391 389 552 1422 1423 1424
466 9 2 0 1 468 470 640 1425 1426 1427
467 9 2 0 1 53 54 223 63 1428 1429
468 9 2 0 1 15 16 222 25 1430 1431
469 9 2 0 1 34 35 224 44 1432 1433
470 9 2 0 1 72 73 225 82 1434 1113
471 9 2 0 1 71 72 449 81 1114 1231
472 9 2 0 1 50 51 479 60 1435 1343
473 9 2 0 1 480 544 604 1313 1436 1437
474 9 2 0 1 343 432 607 1438 1439 1440
475 9 2 0 1 404 405 406 1161 1212 1441
476 9 2 0 1 412 420 421 1442 1443 1444
477 9 2 0 1 263 262 264 1258 1445 1177
478 9 2 0 1 451 450 554 1034 1446 696
479 9 2 0 1 422 318 628 997 1447 1448
480 9 2 0 1 357 327 416 1449 1283 1450
481 9 2 0 1 445 409 564 1278 1451 752
482 9 2 0 1 237 234 238 1047 1452 1194
483 9 2 0 1 265 267 269 1453 1454 1455
484 9 2 0 1 468 361 470 859 1456 1425
485 9 2 0 1 256 550 551 1457 1458 1459
486 9 2 0 1 525 424 605 851 1460 1461
487 9 2 0 1 592 617 639 1462 1463 1225
488 9 2 0 1 471 545 610 713 1408 1464
489 9 2 0 1 484 348 575 1465 1466 1467
490 9 2 0 1 446 434 533 1207 1468 803
491 9 2 0 1 335 306 547 817 721 1469
492 9 2 0 1 445 303 669 1314 1470 1279
493 9 2 0 1 325 554 555 1471 1472 978
494 9 2 0 1 410 598 665 1473 1474 1475
495 9 2 0 1 540 13 641 1476 1477 1478
496 9 2 0 1 390 389 391 1479 1422 1480
497 9 2 0 1 220 546 585 1481 1482 1286
498 9 2 0 1 231 236 276 931 1300 1483
499 9 2 0 1 393 452 541 890 1484 1485
500 9 2 0 1 284 282 285 1486 1186 1487
501 9 2 0 1 533 616 650 1488 1489 1490
502 9 2 0 1 280 606 649 1147 1491 1492
503 9 2 0 1 248 249 250 1493 1494 1495
504 9 2 0 1 12 13 540 22 1476 1496
505 9 2 0 1 258 259 620 1364 946 1497
506 9 2 0 1 304 298 305 1498 1010 1499
507 9 2 0 1 221 479 598 1344 1500 1333
508 9 2 0 1 586 551 594 1501 750 1502
509 9 2 0 1 470 361 619 1456 1503 1504
510 9 2 0 1 362 341 562 1379 1505 1506
511 9 2 0 1 228 407 408 1507 1387 1508
512 9 2 0 1 228 408 549 1508 1509 1510
513 9 2 0 1 476 213 677 1255 1511 1512
514 9 2 0 1 312 318 319 1266 1017 1513
515 9 2 0 1 292 293 295 1305 1240 1514
516 9 2 0 1 220 12 540 1211 1496 1515
517 9 2 0 1 479 51 665 1435 1516 1517
518 9 2 0 1 342 418 537 865 1518 1292
519 9 2 0 1 412 421 531 1444 1519 1399
520 9 2 0 1 51 214 665 1218 1520 1516
521 9 2 0 1 13 215 641 1216 1386 1477
522 9 2 0 1 440 442 694 944 1521 1522
523 9 2 0 1 539 447 601 920 1523 1524
524 9 2 0 1 361 455 619 1318 1525 1503
525 9 2 0 1 265 269 672 1455 1526 1321
526 9 2 0 1 27 28 472 37 1339 1527
527 9 2 0 1 65 66 473 75 1337 1528
528 9 2 0 1 46 47 475 56 1342 1529
529 9 2 0 1 8 9 474 18 1341 1530
530 9 2 0 1 437 576 639 767 1531 1167
531 9 2 0 1 369 409 452 1532 1533 1080
532 9 2 0 1 269 270 271 1534 1535 901
533 9 2 0 1 364 370 396 961 1536 1048
534 9 2 0 1 290 287 445 1537 1315 884
535 9 2 0 1 339 383 675 1538 1539 1083
536 9 2 0 1 303 532 541 1345 1397 1540
537 9 2 0 1 326 324 327 1541 1068 1542
538 9 2 0 1 542 459 664 1543 1544 1036
539 9 2 0 1 469 468 629 1545 1546 1354
540 9 2 0 1 282 280 649 1391 1492 1073
541 9 2 0 1 435 436 614 924 1547 1548
542 9 2 0 1 355 465 621 1170 1419 1191
543 9 2 0 1 392 391 393 1549 940 1550
544 9 2 0 1 548 461 616 1551 1552 1183
545 9 2 0 1 590 420 685 1553 1154 1061
546 9 2 0 1 227 231 481 955 1554 1150
547 9 2 0 1 239 238 241 1195 1555 1237
548 9 2 0 1 321 322 323 1358 1355 1556
549 9 2 0 1 476 408 627 911 1389 1163
550 9 2 0 1 432 431 657 1557 1374 1558
551 9 2 0 1 231 276 481 1483 957 1554
552 9 2 0 1 286 285 287 1559 1110 1560
553 9 2 0 1 353 468 469 860 1545 1561
554 9 2 0 1 363 396 547 1049 1562 715
555 9 2 0 1 52 53 580 62 1563 1564
556 9 2 0 1 256 549 550 1371 1565 1457
557 9 2 0 1 346 386 387 906 1352 1566
558 9 2 0 1 480 215 654 1385 1567 1568
559 9 2 0 1 577 498 587 1569 1102 1230
560 9 2 0 1 507 624 625 1570 1571 801
561 9 2 0 1 14 15 593 24 1572 1573
562 9 2 0 1 250 253 254 1574 1575 1075
563 9 2 0 1 229 228 549 1006 1510 1335
564 9 2 0 1 307 334 553 900 1285 1576
565 9 2 0 1 496 570 571 1577 1250 952
566 9 2 0 1 310 307 553 1578 1576 1579
567 9 2 0 1 242 241 243 1238 1580 1298
568 9 2 0 1 277 280 281 1067 1390 1581
569 9 2 0 1 33 34 671 43 1582 1295
570 9 2 0 1 331 395 582 1583 1584 1585
571 9 2 0 1 442 484 575 1221 1467 1586
572 9 2 0 1 502 478 630 836 1327 1587
573 9 2 0 1 423 424 425 1252 1222 1588
574 9 2 0 1 438 585 691 1287 1309 1365
575 9 2 0 1 271 273 274 1589 1590 1063
576 9 2 0 1 343 431 432 1591 1557 1438
577 9 2 0 1 401 480 654 1311 1568 1592
578 9 2 0 1 225 474 632 1593 1594 1411
579 9 2 0 1 457 362 562 1595 1506 1596
580 9 2 0 1 593 15 667 1572 1597 1598
581 9 2 0 1 416 457 562 1026 1596 1599
582 9 2 0 1 463 464 591 1600 1601 1602
583 9 2 0 1 385 559 655 1603 1604 1605
584 9 2 0 1 309 307 310 1606 1578 1607
585 9 2 0 1 463 356 464 1256 1608 1600
586 9 2 0 1 580 53 674 1563 1609 1610
587 9 2 0 1 258 539 601 1611 1524 1204
588 9 2 0 1 104 103 514 135 1612 1613
589 9 2 0 1 295 296 297 1241 1400 1614
590 9 2 0 1 244 243 247 1299 1615 1393
591 9 2 0 1 547 396 644 1562 1616 1617
592 9 2 0 1 549 408 550 1509 913 1565
593 9 2 0 1 176 175 486 207 1618 1619
594 9 2 0 1 561 504 679 1620 1621 1622
595 9 2 0 1 161 160 507 192 1623 1624
596 9 2 0 1 386 458 574 1001 1625 1268
597 9 2 0 1 474 212 632 1340 1051 1594
598 9 2 0 1 328 327 357 1626 1449 1627
599 9 2 0 1 368 572 693 1351 1628 907
600 9 2 0 1 163 162 503 194 1629 1630
601 9 2 0 1 607 432 680 1439 1631 1632
602 9 2 0 1 93 92 502 124 1633 1634
603 9 2 0 1 265 264 267 1178 1635 1453
604 9 2 0 1 371 239 695 914 1362 1636
605 9 2 0 1 478 597 663 1228 1637 1638
606 9 2 0 1 383 339 563 1538 1043 1639
607 9 2 0 1 214 52 580 1217 1564 995
608 9 2 0 1 172 171 510 203 1640 1641
609 9 2 0 1 424 521 605 1190 1198 1460
610 9 2 0 1 425 426 427 1223 1329 1642
611 9 2 0 1 323 324 326 1356 1541 1643
612 9 2 0 1 572 490 693 1644 1645 1628
613 9 2 0 1 456 457 467 1646 1233 1214
614 9 2 0 1 228 217 407 1140 1203 1507
615 9 2 0 1 281 282 284 1392 1486 1647
616 9 2 0 1 248 250 686 1495 1328 1648
617 9 2 0 1 358 357 461 1649 1271 1650
618 9 2 0 1 112 111 520 143 1651 1652
619 9 2 0 1 627 407 671 1388 1296 1653
620 9 2 0 1 108 107 494 139 1654 1655
621 9 2 0 1 158 157 511 189 1656 1657
622 9 2 0 1 215 14 593 1215 1573 1658
623 9 2 0 1 533 434 616 1468 1184 1488
624 9 2 0 1 460 371 537 1144 1659 1660
625 9 2 0 1 101 100 517 132 1661 1662
626 9 2 0 1 383 571 642 953 1663 1664
627 9 2 0 1 399 380 637 1665 1666 1667
628 9 2 0 1 462 448 661 1377 1668 1120
629 9 2 0 1 531 268 670 988 1669 1098
630 9 2 0 1 2 27 633 36 1670 1671
631 9 2 0 1 4 65 634 74 1672 1673
632 9 2 0 1 16 2 633 26 1671 1674
633 9 2 0 1 54 4 634 64 1673 1675
634 9 2 0 1 1 8 635 17 1676 1677
635 9 2 0 1 3 46 636 55 1678 1679
636 9 2 0 1 73 1 635 83 1677 1680
637 9 2 0 1 35 3 636 45 1679 1681
638 9 2 0 1 576 340 639 1682 1226 1531
639 9 2 0 1 257 459 542 1058 1543 1158
640 9 2 0 1 99 98 527 130 1683 1684
641 9 2 0 1 97 96 522 128 1685 1686
642 9 2 0 1 289 287 290 1687 1537 1688
643 9 2 0 1 519 426 600 981 1235 1689
644 9 2 0 1 471 397 595 1274 1690 1148
645 9 2 0 1 269 374 672 875 1691 1526
646 9 2 0 1 248 247 249 1394 1692 1493
647 9 2 0 1 357 416 653 1450 1693 1290
648 9 2 0 1 275 533 650 1406 1490 1694
649 9 2 0 1 226 481 638 1151 1695 793
650 9 2 0 1 458 485 574 1696 1697 1625
651 9 2 0 1 392 532 613 1395 809 1698
652 9 2 0 1 393 509 618 941 1699 891
653 9 2 0 1 648 211 657 1700 744 1373
654 9 2 0 1 284 285 286 1487 1559 1701
655 9 2 0 1 331 394 395 1702 1703 1583
656 9 2 0 1 540 399 637 1704 1667 1705
657 9 2 0 1 297 298 304 1401 1498 1706
658 9 2 0 1 490 573 693 1707 1708 1645
659 9 2 0 1 305 307 309 1181 1606 1709
660 9 2 0 1 259 261 262 1710 1711 1257
661 9 2 0 1 555 554 556 1472 1712 947
662 9 2 0 1 455 362 456 1317 1713 1019
663 9 2 0 1 614 617 680 1714 1715 1716
664 9 2 0 1 7 114 534 146 1717 1718
665 9 2 0 1 403 379 404 1719 1160 1720
666 9 2 0 1 320 319 321 1721 1357 757
667 9 2 0 1 369 366 409 1108 1722 1532
668 9 2 0 1 430 514 652 1263 1723 1323
669 9 2 0 1 396 370 543 1536 1107 1724
670 9 2 0 1 277 281 576 1581 1725 1726
671 9 2 0 1 542 349 645 1119 1727 1383
672 9 2 0 1 387 389 390 1353 1479 1728
673 9 2 0 1 373 603 692 1056 1182 755
674 9 2 0 1 598 479 665 1500 1517 1474
675 9 2 0 1 461 337 616 1404 1729 1552
676 9 2 0 1 395 411 412 1730 1731 1398
677 9 2 0 1 455 536 668 1021 1732 1733
678 9 2 0 1 412 419 420 1734 1152 1442
679 9 2 0 1 565 236 659 1199 1193 1735
680 9 2 0 1 377 335 644 832 1736 1737
681 9 2 0 1 350 301 401 1738 1739 1740
682 9 2 0 1 595 397 652 1690 1324 1741
683 9 2 0 1 567 383 678 1281 1742 1743
684 9 2 0 1 222 579 667 786 1744 1745
685 9 2 0 1 286 287 289 1560 1687 1746
686 9 2 0 1 291 290 292 1747 1304 1748
687 9 2 0 1 515 442 575 1749 1586 1413
688 9 2 0 1 311 310 312 1750 1265 1751
689 9 2 0 1 256 551 586 1459 1501 1752
690 9 2 0 1 349 344 645 1156 1753 1727
691 9 2 0 1 250 249 253 1494 1754 1574
692 9 2 0 1 88 87 230 119 1755 1756
693 9 2 0 1 85 84 232 116 1757 1758
694 9 2 0 1 591 464 622 1601 1180 1759
695 9 2 0 1 390 391 392 1480 1549 1760
696 9 2 0 1 269 267 270 1454 1761 1534
697 9 2 0 1 292 295 544 1514 1762 1763
698 9 2 0 1 458 385 655 1000 1605 1764
699 9 2 0 1 91 90 235 122 1765 1766
700 9 2 0 1 616 337 650 1729 1767 1489
701 9 2 0 1 344 279 565 1084 1200 1768
702 9 2 0 1 326 327 328 1542 1626 1769
703 9 2 0 1 347 399 480 1770 1380 1771
704 9 2 0 1 427 428 467 1330 1052 1772
705 9 2 0 1 472 211 648 1338 1700 1028
706 9 2 0 1 271 270 273 1535 1773 1589
707 9 2 0 1 177 176 278 208 1774 1775
708 9 2 0 1 341 338 562 1089 1776 1505
709 9 2 0 1 53 223 674 1429 1777 1609
710 9 2 0 1 437 218 638 1012 762 1778
711 9 2 0 1 15 222 667 1431 1745 1597
712 9 2 0 1 384 398 539 1209 921 1779
713 9 2 0 1 6 177 485 209 1780 1781
714 9 2 0 1 415 462 602 1378 1782 1783
715 9 2 0 1 87 86 560 118 1784 1785
716 9 2 0 1 86 85 558 117 1786 1787
717 9 2 0 1 170 169 288 201 1788 1789
718 9 2 0 1 335 547 644 1469 1617 1736
719 9 2 0 1 312 319 320 1513 1721 1790
720 9 2 0 1 328 357 358 1627 1649 1791
721 9 2 0 1 223 473 685 1792 1062 1793
722 9 2 0 1 168 167 365 199 1794 1795
723 9 2 0 1 422 406 423 1796 1251 1797
724 9 2 0 1 166 165 294 197 1798 1799
725 9 2 0 1 573 370 693 938 962 1708
726 9 2 0 1 238 234 256 1452 1370 1800
727 9 2 0 1 90 89 493 121 1801 1802
728 9 2 0 1 414 248 686 966 1648 1803
729 9 2 0 1 358 461 548 1650 1551 1804
730 9 2 0 1 89 88 482 120 1805 1806
731 9 2 0 1 274 273 337 1590 1807 1808
732 9 2 0 1 109 108 266 140 1809 1810
733 9 2 0 1 94 93 240 125 1811 1812
734 9 2 0 1 164 163 336 195 1813 1814
735 9 2 0 1 291 301 343 1815 1816 1817
736 9 2 0 1 92 91 483 123 1818 1819
737 9 2 0 1 537 418 663 1518 1820 1821
738 9 2 0 1 321 323 325 1556 1822 977
739 9 2 0 1 162 161 299 193 1823 1824
740 9 2 0 1 401 301 544 1739 1825 1312
741 9 2 0 1 173 172 283 204 1826 1827
742 9 2 0 1 159 158 308 190 1828 1829
743 9 2 0 1 105 104 260 136 1830 1831
744 9 2 0 1 169 168 488 200 1832 1833
745 9 2 0 1 259 254 261 1363 1834 1710
746 9 2 0 1 346 387 606 1566 1835 1836
747 9 2 0 1 175 174 388 206 1837 1838
748 9 2 0 1 102 101 251 133 1839 1840
749 9 2 0 1 167 166 489 198 1841 1842
750 9 2 0 1 392 393 541 1550 1485 1396
751 9 2 0 1 171 170 487 202 1843 1844
752 9 2 0 1 343 350 431 1845 1846 1591
753 9 2 0 1 421 420 590 1443 1553 1166
754 9 2 0 1 395 394 411 1703 1847 1730
755 9 2 0 1 165 164 505 196 1848 1849
756 9 2 0 1 329 346 606 910 1836 1146
757 9 2 0 1 614 436 617 1547 1850 1714
758 9 2 0 1 305 309 583 1709 1851 1852
759 9 2 0 1 289 290 291 1688 1747 1853
760 9 2 0 1 412 411 419 1731 1086 1734
761 9 2 0 1 309 310 311 1607 1750 1854
762 9 2 0 1 472 222 633 1027 1855 1856
763 9 2 0 1 473 223 634 1792 1857 1858
764 9 2 0 1 475 224 636 1319 1859 1860
765 9 2 0 1 474 225 635 1593 1861 1862
766 9 2 0 1 106 105 570 137 1863 1864
767 9 2 0 1 174 173 508 205 1865 1866
768 9 2 0 1 151 150 313 182 1867 1868
769 9 2 0 1 113 112 272 144 1869 1870
770 9 2 0 1 111 110 354 142 1871 1872
771 9 2 0 1 103 102 516 134 1873 1874
772 9 2 0 1 84 6 599 115 1875 1876
773 9 2 0 1 98 97 245 129 1877 1878
774 9 2 0 1 326 328 372 1769 1879 1880
775 9 2 0 1 160 159 513 191 1881 1882
776 9 2 0 1 559 385 621 1603 1310 1418
777 9 2 0 1 350 401 402 1740 1883 1884
778 9 2 0 1 65 473 634 1528 1858 1672
779 9 2 0 1 27 472 633 1527 1856 1670
780 9 2 0 1 46 475 636 1529 1860 1678
781 9 2 0 1 8 474 635 1530 1862 1676
782 9 2 0 1 110 109 577 141 1885 1886
783 9 2 0 1 107 106 375 138 1887 1888
784 9 2 0 1 320 557 588 1213 1060 1889
785 9 2 0 1 553 403 651 1347 1890 1891
786 9 2 0 1 291 292 301 1748 1892 1815
787 9 2 0 1 254 253 581 1575 1893 1894
788 9 2 0 1 347 304 380 1895 1896 1897
789 9 2 0 1 154 153 314 185 1898 1899
790 9 2 0 1 276 277 576 1301 1726 766
791 9 2 0 1 331 261 332 1900 1901 1902
792 9 2 0 1 152 151 518 183 1903 1904
793 9 2 0 1 175 388 486 1838 1905 1618
794 9 2 0 1 554 450 556 1446 1906 1712
795 9 2 0 1 262 261 331 1711 1900 1907
796 9 2 0 1 338 274 526 1368 1908 1909
797 9 2 0 1 114 113 584 145 1910 1911
798 9 2 0 1 343 301 350 1816 1738 1845
799 9 2 0 1 347 480 604 1771 1437 1912
800 9 2 0 1 492 235 493 1913 1914 1915
801 9 2 0 1 267 264 268 1635 1916 1917
802 9 2 0 1 34 224 671 1433 1918 1582
803 9 2 0 1 95 94 500 126 1919 1920
804 9 2 0 1 281 340 576 1921 1682 1725
805 9 2 0 1 273 270 275 1773 1922 1923
806 9 2 0 1 153 152 524 184 1924 1925
807 9 2 0 1 278 176 486 1774 1619 1926
808 9 2 0 1 551 550 566 1458 1066 1022
809 9 2 0 1 274 337 526 1808 1405 1908
810 9 2 0 1 92 483 502 1819 837 1633
811 9 2 0 1 162 299 503 1824 1927 1629
812 9 2 0 1 377 561 679 1100 1622 833
813 9 2 0 1 394 332 410 1928 1929 1930
814 9 2 0 1 460 537 663 1660 1821 1931
815 9 2 0 1 309 311 351 1854 1932 1933
816 9 2 0 1 435 614 657 1548 1934 743
817 9 2 0 1 100 99 252 131 1935 1936
818 9 2 0 1 260 104 514 1830 1613 958
819 9 2 0 1 366 302 564 1029 1185 1937
820 9 2 0 1 96 95 246 127 1938 1939
821 9 2 0 1 297 304 347 1706 1895 1940
822 9 2 0 1 495 375 496 1941 1942 1943
823 9 2 0 1 230 87 560 1755 1785 1944
824 9 2 0 1 351 311 352 1932 1945 1946
825 9 2 0 1 150 149 529 181 1947 1948
826 9 2 0 1 85 232 558 1758 1949 1786
827 9 2 0 1 247 243 255 1615 1950 1951
828 9 2 0 1 299 161 507 1823 1624 800
829 9 2 0 1 336 163 503 1813 1630 1952
830 9 2 0 1 240 93 502 1811 1634 1953
831 9 2 0 1 281 284 340 1647 1954 1921
832 9 2 0 1 171 487 510 1844 1955 1640
833 9 2 0 1 514 103 516 1612 1874 1956
834 9 2 0 1 331 332 394 1902 1928 1702
835 9 2 0 1 222 16 633 1430 1674 1855
836 9 2 0 1 223 54 634 1428 1675 1857
837 9 2 0 1 224 35 636 1432 1681 1859
838 9 2 0 1 225 73 635 1434 1680 1861
839 9 2 0 1 360 379 403 1348 1719 1346
840 9 2 0 1 543 377 644 866 1737 1957
841 9 2 0 1 253 348 400 1958 1959 1960
842 9 2 0 1 304 305 583 1499 1852 1961
843 9 2 0 1 283 172 510 1826 1641 1962
844 9 2 0 1 507 160 513 1623 1882 1963
845 9 2 0 1 232 84 599 1757 1876 1964
846 9 2 0 1 88 230 482 1756 1965 1805
847 9 2 0 1 351 352 546 1946 1966 1967
848 9 2 0 1 347 380 399 1897 1665 1770
849 9 2 0 1 177 278 485 1775 1968 1780
850 9 2 0 1 253 249 348 1754 1969 1958
851 9 2 0 1 496 375 570 1942 1970 1577
852 9 2 0 1 301 292 544 1892 1763 1825
853 9 2 0 1 149 148 315 180 1971 1972
854 9 2 0 1 155 154 523 186 1973 1974
855 9 2 0 1 157 156 530 188 1975 1976
856 9 2 0 1 311 312 588 1751 1977 1978
857 9 2 0 1 286 289 300 1746 1979 1980
858 9 2 0 1 266 108 494 1809 1655 1981
859 9 2 0 1 552 389 608 1423 1403 1982
860 9 2 0 1 404 406 422 1441 1796 1983
861 9 2 0 1 658 618 683 1984 1985 1986
862 9 2 0 1 235 90 493 1765 1802 1914
863 9 2 0 1 403 628 651 1987 1988 1890
864 9 2 0 1 308 158 511 1828 1657 1989
865 9 2 0 1 91 235 483 1766 1990 1818
866 9 2 0 1 86 558 560 1787 1991 1784
867 9 2 0 1 266 497 498 1992 846 1993
868 9 2 0 1 546 352 585 1966 701 1482
869 9 2 0 1 400 348 484 1959 1465 1994
870 9 2 0 1 251 101 517 1839 1662 1003
871 9 2 0 1 383 563 678 1639 1995 1742
872 9 2 0 1 272 112 520 1869 1652 1996
873 9 2 0 1 111 354 520 1872 1032 1651
874 9 2 0 1 107 375 494 1888 1997 1654
875 9 2 0 1 491 235 492 1998 1913 1999
876 9 2 0 1 353 469 603 1561 936 1106
877 9 2 0 1 6 485 599 1781 2000 1875
878 9 2 0 1 310 553 651 1579 1891 1071
879 9 2 0 1 156 155 316 187 2001 2002
880 9 2 0 1 430 382 642 968 2003 2004
881 9 2 0 1 309 351 583 1933 2005 1851
882 9 2 0 1 303 541 669 1540 2006 1470
883 9 2 0 1 288 169 488 1788 1833 2007
884 9 2 0 1 261 254 581 1834 1894 2008
885 9 2 0 1 266 498 577 1993 1569 2009
886 9 2 0 1 170 288 487 1789 2010 1843
887 9 2 0 1 399 540 641 1704 1478 1381
888 9 2 0 1 89 482 493 1806 2011 1801
889 9 2 0 1 98 245 527 1878 2012 1683
890 9 2 0 1 245 97 522 1877 1686 933
891 9 2 0 1 168 365 488 1795 2013 1832
892 9 2 0 1 365 167 489 1794 1842 2014
893 9 2 0 1 166 294 489 1799 2015 1841
894 9 2 0 1 582 395 670 1584 1099 2016
895 9 2 0 1 294 165 505 1798 1849 2017
896 9 2 0 1 148 147 535 179 2018 2019
897 9 2 0 1 400 484 598 1994 1334 2020
898 9 2 0 1 485 278 574 1968 2021 1697
899 9 2 0 1 164 336 505 1814 2022 1848
900 9 2 0 1 312 320 588 1790 1889 1977
901 9 2 0 1 528 313 529 2023 2024 2025
902 9 2 0 1 387 390 443 1728 2026 2027
903 9 2 0 1 558 232 559 1949 2028 2029
904 9 2 0 1 456 362 457 1713 1595 1646
905 9 2 0 1 409 366 564 1722 1937 1451
906 9 2 0 1 105 260 570 1831 1249 1863
907 9 2 0 1 387 443 606 2027 2030 1835
908 9 2 0 1 173 283 508 1827 2031 1865
909 9 2 0 1 388 174 508 1837 1866 2032
910 9 2 0 1 100 252 517 1936 2033 1661
911 9 2 0 1 147 7 317 178 2034 2035
912 9 2 0 1 352 311 588 1945 1978 1059
913 9 2 0 1 102 251 516 1840 2036 1873
914 9 2 0 1 159 308 513 1829 2037 1881
915 9 2 0 1 422 423 454 1797 2038 998
916 9 2 0 1 579 402 667 2039 2040 1744
917 9 2 0 1 253 400 581 1960 2041 1893
918 9 2 0 1 503 504 561 2042 1620 2043
919 9 2 0 1 425 427 444 1642 2044 2045
920 9 2 0 1 109 266 577 1810 2009 1885
921 9 2 0 1 541 452 669 1484 2046 2006
922 9 2 0 1 481 437 638 956 1778 1695
923 9 2 0 1 323 326 578 1643 2047 2048
924 9 2 0 1 241 238 586 1555 2049 2050
925 9 2 0 1 519 313 528 2051 2023 1288
926 9 2 0 1 380 304 583 1896 1961 2052
927 9 2 0 1 220 540 637 1515 1705 2053
928 9 2 0 1 511 157 530 1656 1976 2054
929 9 2 0 1 447 414 601 1008 2055 1523
930 9 2 0 1 252 99 527 1935 1684 2056
931 9 2 0 1 96 246 522 1939 2057 1685
932 9 2 0 1 262 331 582 1907 1585 2058
933 9 2 0 1 482 230 591 1965 2059 2060
934 9 2 0 1 375 106 570 1887 1864 1970
935 9 2 0 1 94 240 500 1812 2061 1919
936 9 2 0 1 391 552 609 1424 2062 806
937 9 2 0 1 354 110 577 1871 1886 1229
938 9 2 0 1 534 114 584 1717 1911 2063
939 9 2 0 1 264 262 582 1445 2058 2064
940 9 2 0 1 381 384 620 1117 2065 945
941 9 2 0 1 486 388 552 1905 2066 2067
942 9 2 0 1 531 421 596 1519 776 1038
943 9 2 0 1 291 343 607 1817 1440 2068
944 9 2 0 1 365 489 490 2014 2069 2070
945 9 2 0 1 483 235 491 1990 1998 1138
946 9 2 0 1 151 313 518 1868 2071 1903
947 9 2 0 1 431 350 579 1846 2072 2073
948 9 2 0 1 113 272 584 1870 2074 1910
949 9 2 0 1 332 261 581 1901 2008 2075
950 9 2 0 1 503 299 504 1927 1103 2042
951 9 2 0 1 674 223 685 1777 1793 1307
952 9 2 0 1 495 496 567 1943 1282 2076
953 9 2 0 1 326 372 578 1880 1136 2047
954 9 2 0 1 294 505 506 2017 2077 2078
955 9 2 0 1 516 251 595 2036 1149 2079
956 9 2 0 1 336 503 561 1952 2043 2080
957 9 2 0 1 568 372 681 2081 2082 2083
958 9 2 0 1 325 323 578 1822 2048 2084
959 9 2 0 1 544 295 604 1762 2085 1436
960 9 2 0 1 384 539 620 1779 2086 2065
961 9 2 0 1 238 256 586 1800 1752 2049
962 9 2 0 1 487 288 538 2010 2087 2088
963 9 2 0 1 486 552 608 2067 1982 2089
964 9 2 0 1 508 283 509 2031 2090 2091
965 9 2 0 1 546 220 637 1481 2053 2092
966 9 2 0 1 313 150 529 1867 1948 2024
967 9 2 0 1 314 153 524 1898 1925 2093
968 9 2 0 1 350 402 579 1884 2039 2072
969 9 2 0 1 268 264 582 1916 2064 2094
970 9 2 0 1 598 410 673 1473 2095 2096
971 9 2 0 1 232 599 655 1964 2097 2098
972 9 2 0 1 152 518 524 1904 2099 1924
973 9 2 0 1 497 495 499 2100 2101 1004
974 9 2 0 1 372 568 643 2081 2102 1137
975 9 2 0 1 494 495 497 2103 2100 2104
976 9 2 0 1 488 365 572 2013 2105 2106
977 9 2 0 1 489 294 573 2015 2107 2108
978 9 2 0 1 504 625 679 1104 2109 1621
979 9 2 0 1 485 458 599 1696 2110 2000
980 9 2 0 1 689 440 694 1359 1522 2111
981 9 2 0 1 418 478 663 1369 1638 1820
982 9 2 0 1 243 241 594 1580 2112 2113
983 9 2 0 1 491 492 597 1999 840 1227
984 9 2 0 1 494 375 495 1997 1941 2103
985 9 2 0 1 246 95 500 1938 1920 2114
986 9 2 0 1 462 522 647 934 2115 2116
987 9 2 0 1 266 494 497 1981 2104 1992
988 9 2 0 1 154 314 523 1899 2117 1973
989 9 2 0 1 308 511 512 1989 719 2118
990 9 2 0 1 284 286 592 1701 2119 2120
991 9 2 0 1 403 404 628 1720 2121 1987
992 9 2 0 1 295 297 604 1614 2122 2085
993 9 2 0 1 453 618 658 813 1984 2123
994 9 2 0 1 404 422 628 1983 1448 2121
995 9 2 0 1 275 270 612 1922 2124 1277
996 9 2 0 1 246 500 501 2114 2125 2126
997 9 2 0 1 252 527 545 2056 2127 2128
998 9 2 0 1 556 450 632 1906 1412 1050
999 9 2 0 1 431 579 648 2073 788 1372
1000 9 2 0 1 396 543 644 1724 1957 1616
1001 9 2 0 1 518 313 519 2071 2051 2129
1002 9 2 0 1 467 330 662 1232 842 2130
1003 9 2 0 1 441 689 694 2131 2111 2132
1004 9 2 0 1 317 7 534 2034 1718 2133
1005 9 2 0 1 314 524 525 2093 2134 2135
1006 9 2 0 1 398 471 610 1275 1464 1115
1007 9 2 0 1 149 315 529 1972 2136 1947
1008 9 2 0 1 466 369 684 1171 1081 2137
1009 9 2 0 1 545 527 661 2127 2138 2139
1010 9 2 0 1 558 465 560 2140 2141 1991
1011 9 2 0 1 415 602 666 1783 2142 2143
1012 9 2 0 1 428 528 589 1289 2144 1053
1013 9 2 0 1 255 243 594 1950 2113 976
1014 9 2 0 1 432 614 680 2145 1716 1631
1015 9 2 0 1 499 495 567 2101 2076 2146
1016 9 2 0 1 297 347 604 1940 1912 2122
1017 9 2 0 1 348 249 646 1969 2147 2148
1018 9 2 0 1 637 380 690 1666 2149 2150
1019 9 2 0 1 289 291 607 1853 2068 2151
1020 9 2 0 1 539 258 620 1611 1497 2086
1021 9 2 0 1 530 316 569 2152 1270 2153
1022 9 2 0 1 442 515 694 1749 2154 1521
1023 9 2 0 1 316 155 523 2001 1974 778
1024 9 2 0 1 156 316 530 2002 2152 1975
1025 9 2 0 1 273 275 650 1923 1694 2155
1026 9 2 0 1 411 394 688 1847 2156 1261
1027 9 2 0 1 241 586 594 2050 1502 2112
1028 9 2 0 1 332 581 673 2075 2157 2158
1029 9 2 0 1 465 558 559 2140 2029 1417
1030 9 2 0 1 286 300 592 1980 2159 2119
1031 9 2 0 1 249 247 646 1692 2160 2147
1032 9 2 0 1 255 575 646 1414 2161 2162
1033 9 2 0 1 247 255 646 1951 2162 2160
1034 9 2 0 1 344 565 645 1768 2163 1753
1035 9 2 0 1 660 568 681 2164 2083 2165
1036 9 2 0 1 338 526 653 1909 1291 2166
1037 9 2 0 1 581 400 673 2041 2167 2157
1038 9 2 0 1 315 535 536 2168 2169 2170
1039 9 2 0 1 429 568 660 1416 2164 772
1040 9 2 0 1 315 148 535 1971 2019 2168
1041 9 2 0 1 454 423 611 2038 2171 1253
1042 9 2 0 1 340 284 592 1954 2120 1224
1043 9 2 0 1 372 328 681 1879 2172 2082
1044 9 2 0 1 365 490 572 2070 1644 2105
1045 9 2 0 1 267 268 612 1917 990 2173
1046 9 2 0 1 501 602 647 1410 2174 2175
1047 9 2 0 1 240 502 630 1953 1587 2176
1048 9 2 0 1 515 441 694 763 2132 2154
1049 9 2 0 1 294 506 573 2078 939 2107
1050 9 2 0 1 490 489 573 2069 2108 1707
1051 9 2 0 1 452 409 669 1533 1280 2046
1052 9 2 0 1 272 520 629 1996 799 2177
1053 9 2 0 1 568 216 643 1415 1090 2102
1054 9 2 0 1 317 534 619 2133 2178 2179
1055 9 2 0 1 270 267 612 1761 2173 2124
1056 9 2 0 1 572 466 676 1350 2180 2181
1057 9 2 0 1 534 470 619 2182 1504 2178
1058 9 2 0 1 575 348 646 1466 2148 2161
1059 9 2 0 1 337 273 650 1807 2155 1767
1060 9 2 0 1 591 230 656 2059 2183 2184
1061 9 2 0 1 510 658 683 2185 1986 2186
1062 9 2 0 1 524 518 600 2099 2187 2188
1063 9 2 0 1 300 289 607 1979 2151 2189
1064 9 2 0 1 423 425 611 1588 2190 2171
1065 9 2 0 1 278 486 608 1926 2089 2191
1066 9 2 0 1 402 401 654 1883 1592 2192
1067 9 2 0 1 625 359 679 1091 843 2109
1068 9 2 0 1 566 476 677 1065 1512 2193
1069 9 2 0 1 390 392 613 1760 1698 2194
1070 9 2 0 1 388 508 609 2032 2195 2196
1071 9 2 0 1 230 560 656 1944 2197 2183
1072 9 2 0 1 147 317 535 2035 2198 2018
1073 9 2 0 1 505 336 615 2022 2199 2200
1074 9 2 0 1 623 378 624 831 2201 2202
1075 9 2 0 1 523 314 605 2117 2203 1197
1076 9 2 0 1 593 402 654 2204 2192 2205
1077 9 2 0 1 617 436 639 1850 1168 1463
1078 9 2 0 1 358 548 660 1804 984 2206
1079 9 2 0 1 493 482 622 2011 2207 2208
1080 9 2 0 1 410 332 673 1929 2158 2095
1081 9 2 0 1 482 591 622 2060 1759 2207
1082 9 2 0 1 506 505 615 2077 2200 1096
1083 9 2 0 1 513 308 623 2037 2209 2210
1084 9 2 0 1 574 278 608 2021 2191 1402
1085 9 2 0 1 592 300 617 2159 2211 1462
1086 9 2 0 1 602 462 647 1782 2116 2174
1087 9 2 0 1 508 509 609 2091 807 2195
1088 9 2 0 1 510 487 658 1955 2212 2185
1089 9 2 0 1 215 593 654 1658 2205 1567
1090 9 2 0 1 448 545 661 1407 2139 1668
1091 9 2 0 1 538 288 676 2087 2213 2214
1092 9 2 0 1 400 598 673 2020 2096 2167
1093 9 2 0 1 560 465 656 2141 1143 2197
1094 9 2 0 1 536 589 682 1176 2215 2216
1095 9 2 0 1 514 516 652 1956 2217 1723
1096 9 2 0 1 565 367 645 2218 1384 2163
1097 9 2 0 1 507 513 624 1963 2219 1570
1098 9 2 0 1 443 390 613 2026 2194 784
1099 9 2 0 1 500 240 631 2061 2220 2221
1100 9 2 0 1 488 572 676 2106 2181 2222
1101 9 2 0 1 419 580 674 1087 1610 1306
1102 9 2 0 1 351 546 690 1967 2223 2224
1103 9 2 0 1 425 444 611 2045 741 2190
1104 9 2 0 1 444 427 662 2044 2225 730
1105 9 2 0 1 583 351 690 2005 2224 2226
1106 9 2 0 1 328 358 681 1791 2227 2172
1107 9 2 0 1 501 500 631 2125 2221 1420
1108 9 2 0 1 552 388 609 2066 2196 2062
1109 9 2 0 1 527 245 661 2012 1121 2138
1110 9 2 0 1 464 356 664 1608 1037 2228
1111 9 2 0 1 224 627 671 1320 1653 1918
1112 9 2 0 1 336 561 615 2080 1101 2199
1113 9 2 0 1 288 488 676 2007 2222 2213
1114 9 2 0 1 589 528 682 2144 2229 2215
1115 9 2 0 1 402 593 667 2204 1598 2040
1116 9 2 0 1 546 637 690 2092 2150 2223
1117 9 2 0 1 538 453 658 2230 2123 2231
1118 9 2 0 1 614 432 657 2145 1558 1934
1119 9 2 0 1 518 519 600 2129 1689 2187
1120 9 2 0 1 314 525 605 2135 1461 2203
1121 9 2 0 1 599 458 655 2110 1764 2097
1122 9 2 0 1 525 524 600 2134 2188 1234
1123 9 2 0 1 300 607 680 2189 1632 2232
1124 9 2 0 1 559 232 655 2028 2098 1604
1125 9 2 0 1 427 467 662 1772 2130 2225
1126 9 2 0 1 394 410 688 1930 2233 2156
1127 9 2 0 1 466 538 676 2234 2214 2180
1128 9 2 0 1 380 583 690 2052 2226 2149
1129 9 2 0 1 571 430 642 1264 2004 1663
1130 9 2 0 1 606 443 649 2030 1074 1491
1131 9 2 0 1 516 595 652 2079 1741 2217
1132 9 2 0 1 584 272 640 2074 2235 2236
1133 9 2 0 1 358 660 681 2206 2165 2227
1134 9 2 0 1 618 509 683 1699 2237 1985
1135 9 2 0 1 367 565 659 2218 1735 1173
1136 9 2 0 1 492 493 622 1915 2208 1179
1137 9 2 0 1 410 665 688 1475 2238 2233
1138 9 2 0 1 283 510 683 1962 2186 2239
1139 9 2 0 1 624 378 625 2201 1092 1571
1140 9 2 0 1 487 538 658 2088 2231 2212
1141 9 2 0 1 308 512 623 2118 734 2209
1142 9 2 0 1 509 283 683 2090 2239 2237
1143 9 2 0 1 597 460 663 2240 1931 1637
1144 9 2 0 1 522 246 647 2057 2241 2115
1145 9 2 0 1 470 534 584 2182 2063 2242
1146 9 2 0 1 374 563 672 2243 1322 1691
1147 9 2 0 1 563 374 678 2243 1260 1995
1148 9 2 0 1 441 566 677 1023 2193 2244
1149 9 2 0 1 246 501 647 2126 2175 2241
1150 9 2 0 1 240 630 631 2176 2245 2220
1151 9 2 0 1 315 536 682 2170 2216 2246
1152 9 2 0 1 441 677 689 2244 2247 2131
1153 9 2 0 1 602 417 666 1409 815 2142
1154 9 2 0 1 268 582 670 2094 2016 1669
1155 9 2 0 1 416 562 653 1599 2248 1693
1156 9 2 0 1 453 538 684 2230 2249 781
1157 9 2 0 1 537 371 695 1659 1636 1293
1158 9 2 0 1 617 300 680 2211 2232 1715
1159 9 2 0 1 536 535 668 2169 2250 1732
1160 9 2 0 1 499 567 678 2146 1743 1259
1161 9 2 0 1 562 338 653 1776 2166 2248
1162 9 2 0 1 272 629 640 2177 2251 2235
1163 9 2 0 1 460 597 626 2240 1376 1302
1164 9 2 0 1 538 466 684 2234 2137 2249
1165 9 2 0 1 513 623 624 2210 2202 2219
1166 9 2 0 1 459 626 664 1303 2252 1544
1167 9 2 0 1 601 414 686 2055 1803 1205
1168 9 2 0 1 665 214 688 1520 1262 2238
1169 9 2 0 1 535 317 668 2198 2253 2250
1170 9 2 0 1 529 315 682 2136 2246 2254
1171 9 2 0 1 317 619 668 2179 2255 2253
1172 9 2 0 1 626 464 664 1375 2228 2252
1173 9 2 0 1 463 591 656 1602 2184 1142
1174 9 2 0 1 415 666 687 2143 2256 1248
1175 9 2 0 1 470 584 640 2242 2236 1426
1176 9 2 0 1 677 213 689 1511 1367 2247
1177 9 2 0 1 528 529 682 2025 2254 2229
1178 9 2 0 1 628 318 651 1447 1072 1988
1179 9 2 0 1 642 382 675 2003 898 2257
1180 9 2 0 1 383 642 675 1664 2257 1539
1181 9 2 0 1 619 455 668 1525 1733 2255
1182 9 2 0 1 629 468 640 1546 1427 2251
1183 9 2 0 1 630 477 631 1326 1421 2245
1184 9 2 0 1 666 413 687 814 820 2256
1185 9 2 0 1 517 252 545 2033 2128 712
1186 9 2 0 1 554 325 578 1471 2084 697
1187 9 2 0 1 511 530 569 2054 2153 722
$EndElements
