1.13668252E+00 1.13629283E+00 1.13600035E+00 1.13582670E+00 1.13575988E+00 1.13577843E+00 1.13585612E+00 1.13595467E+00 1.13605459E+00 1.13612991E+00 1.13617731E+00 1.13619385E+00 1.13618704E+00 1.13616739E+00 1.13614222E+00 1.13612060E+00 1.13610424E+00 1.13609500E+00 1.13609127E+00 1.13609120E+00 1.13609346E+00 1.13609646E+00 1.13609971E+00 1.13610231E+00 1.13610391E+00 1.13610404E+00 1.13610282E+00 1.13610070E+00 1.13609835E+00 1.13609670E+00 1.13609599E+00 1.13609630E+00 1.13609720E+00 1.13609801E+00 1.13609846E+00 1.13609832E+00 1.13609784E+00 1.13609733E+00 1.13609698E+00 1.13609693E+00 1.13609705E+00 1.13609721E+00 1.13609729E+00 1.13609727E+00 1.13609718E+00 1.13609710E+00 1.13609705E+00 1.13609704E+00 1.13609706E+00 1.13609707E+00 1.13609707E+00 1.13609706E+00 1.13609704E+00 1.13609703E+00 1.13609703E+00 1.13609703E+00 1.13609702E+00 1.13609702E+00 1.13609702E+00 1.13609702E+00 1.13609701E+00 1.13609701E+00 1.13609701E+00 1.13609701E+00 1.13609700E+00 1.13609700E+00 1.13609700E+00 1.13609700E+00 1.13609700E+00 1.13609699E+00 1.13609699E+00 1.13609699E+00 1.13609698E+00 1.13609698E+00 1.13609698E+00 1.13609697E+00 1.13609697E+00 1.13609696E+00 1.13609695E+00 1.13609695E+00 1.13609694E+00 1.13609693E+00 1.13609693E+00 1.13609692E+00 1.13609691E+00 1.13609690E+00 1.13609689E+00 1.13609688E+00 1.13609687E+00 1.13609685E+00 1.13609684E+00 1.13609683E+00 1.13609682E+00 1.13609681E+00 1.13609680E+00 1.13609679E+00 1.13609679E+00 1.13609679E+00 1.13609679E+00 1.13609680E+00 1.13609681E+00 1.13609683E+00 1.13609686E+00 1.13609690E+00 1.13609696E+00 1.13609703E+00 1.13609713E+00 1.13609724E+00 1.13609739E+00 1.13609756E+00 1.13609777E+00 1.13609803E+00 1.13609833E+00 1.13609870E+00 1.13609912E+00 1.13609963E+00 1.13610021E+00 1.13610090E+00 1.13610168E+00 1.13610260E+00 1.13610365E+00 1.13610485E+00 1.13610622E+00 1.13610779E+00 1.13610956E+00 1.13611156E+00 1.13611381E+00 1.13611634E+00 1.13611917E+00 1.13612233E+00 1.13612583E+00 1.13612969E+00 1.13613395E+00 1.13613864E+00 1.13614375E+00 1.13614929E+00 1.13615528E+00 1.13616174E+00 1.13616863E+00 1.13617594E+00 1.13618364E+00 1.13619165E+00 1.13619990E+00 1.13620829E+00 1.13621675E+00 1.13622504E+00 1.13623294E+00 1.13624017E+00 1.13624648E+00 1.13625137E+00 1.13625444E+00 1.13625497E+00 1.13625247E+00 1.13624599E+00 1.13623472E+00 1.13621719E+00 1.13619251E+00 1.13615887E+00 1.13611480E+00 1.13605777E+00 1.13598615E+00 1.13589687E+00 1.13578746E+00 1.13565322E+00 1.13549122E+00 1.13529719E+00 1.13506758E+00 1.13479413E+00 1.13447271E+00 1.13409544E+00 1.13365615E+00 1.13314503E+00 1.13255502E+00 1.13187385E+00 1.13109344E+00 1.13019906E+00 1.12918185E+00 1.12802267E+00 1.12671143E+00 1.12522847E+00 1.12356067E+00 1.12168607E+00 1.11959090E+00 1.11724857E+00 1.11464232E+00 1.11175490E+00 1.10856304E+00 1.10534629E+00 1.10183465E+00 1.09846518E+00 1.09483974E+00 1.09140740E+00 1.08775387E+00 1.08433461E+00 1.08073353E+00 1.07738995E+00 1.07389246E+00 1.07067521E+00 1.06733214E+00 1.06426473E+00 1.06109902E+00 1.05822456E+00 1.05527503E+00 1.05260632E+00 1.04987362E+00 1.04739846E+00 1.04488133E+00 1.04262813E+00 1.04032958E+00 1.03810842E+00 1.03586421E+00 1.03361893E+00 1.03134409E+00 1.02901107E+00 1.02662255E+00 1.02418951E+00 1.02177271E+00 1.01939437E+00 1.01697332E+00 1.01447824E+00 1.01189533E+00 1.00939398E+00 1.00710637E+00 1.00419310E+00 1.00000000E+00
1.13600986E+00 1.13558245E+00 1.13525066E+00 1.13504532E+00 1.13495745E+00 1.13496903E+00 1.13505202E+00 1.13516461E+00 1.13528301E+00 1.13537504E+00 1.13543465E+00 1.13545584E+00 1.13544704E+00 1.13542078E+00 1.13538712E+00 1.13535879E+00 1.13533871E+00 1.13532976E+00 1.13532914E+00 1.13533315E+00 1.13533903E+00 1.13534365E+00 1.13534665E+00 1.13534765E+00 1.13534726E+00 1.13534608E+00 1.13534447E+00 1.13534288E+00 1.13534148E+00 1.13534058E+00 1.13534023E+00 1.13534041E+00 1.13534091E+00 1.13534138E+00 1.13534165E+00 1.13534157E+00 1.13534126E+00 1.13534090E+00 1.13534063E+00 1.13534055E+00 1.13534061E+00 1.13534071E+00 1.13534078E+00 1.13534077E+00 1.13534071E+00 1.13534065E+00 1.13534060E+00 1.13534059E+00 1.13534060E+00 1.13534061E+00 1.13534061E+00 1.13534060E+00 1.13534059E+00 1.13534058E+00 1.13534057E+00 1.13534057E+00 1.13534057E+00 1.13534057E+00 1.13534057E+00 1.13534056E+00 1.13534056E+00 1.13534056E+00 1.13534056E+00 1.13534055E+00 1.13534055E+00 1.13534055E+00 1.13534055E+00 1.13534055E+00 1.13534054E+00 1.13534054E+00 1.13534054E+00 1.13534053E+00 1.13534053E+00 1.13534053E+00 1.13534052E+00 1.13534052E+00 1.13534051E+00 1.13534051E+00 1.13534050E+00 1.13534050E+00 1.13534049E+00 1.13534048E+00 1.13534047E+00 1.13534047E+00 1.13534046E+00 1.13534045E+00 1.13534044E+00 1.13534043E+00 1.13534041E+00 1.13534040E+00 1.13534039E+00 1.13534038E+00 1.13534037E+00 1.13534036E+00 1.13534035E+00 1.13534034E+00 1.13534034E+00 1.13534034E+00 1.13534034E+00 1.13534035E+00 1.13534036E+00 1.13534038E+00 1.13534041E+00 1.13534045E+00 1.13534051E+00 1.13534058E+00 1.13534067E+00 1.13534079E+00 1.13534093E+00 1.13534111E+00 1.13534132E+00 1.13534157E+00 1.13534187E+00 1.13534223E+00 1.13534265E+00 1.13534315E+00 1.13534373E+00 1.13534441E+00 1.13534519E+00 1.13534610E+00 1.13534714E+00 1.13534833E+00 1.13534969E+00 1.13535124E+00 1.13535300E+00 1.13535498E+00 1.13535721E+00 1.13535972E+00 1.13536253E+00 1.13536565E+00 1.13536912E+00 1.13537295E+00 1.13537717E+00 1.13538182E+00 1.13538688E+00 1.13539237E+00 1.13539831E+00 1.13540470E+00 1.13541153E+00 1.13541876E+00 1.13542639E+00 1.13543431E+00 1.13544247E+00 1.13545078E+00 1.13545913E+00 1.13546731E+00 1.13547509E+00 1.13548221E+00 1.13548839E+00 1.13549315E+00 1.13549610E+00 1.13549651E+00 1.13549389E+00 1.13548729E+00 1.13547589E+00 1.13545826E+00 1.13543351E+00 1.13539980E+00 1.13535569E+00 1.13529869E+00 1.13522715E+00 1.13513794E+00 1.13502864E+00 1.13489467E+00 1.13473314E+00 1.13453963E+00 1.13431056E+00 1.13403782E+00 1.13371735E+00 1.13334128E+00 1.13290346E+00 1.13239410E+00 1.13180620E+00 1.13112761E+00 1.13035024E+00 1.12945940E+00 1.12844615E+00 1.12729174E+00 1.12598622E+00 1.12450981E+00 1.12284938E+00 1.12098336E+00 1.11889807E+00 1.11656668E+00 1.11397259E+00 1.11109941E+00 1.10792382E+00 1.10472350E+00 1.10122979E+00 1.09787831E+00 1.09427246E+00 1.09085863E+00 1.08722478E+00 1.08382404E+00 1.08024240E+00 1.07691685E+00 1.07343756E+00 1.07023611E+00 1.06690982E+00 1.06385952E+00 1.06071172E+00 1.05785260E+00 1.05491736E+00 1.05226021E+00 1.04953959E+00 1.04707708E+00 1.04457192E+00 1.04232724E+00 1.04003767E+00 1.03782778E+00 1.03559435E+00 1.03335422E+00 1.03108263E+00 1.02875909E+00 1.02638331E+00 1.02396320E+00 1.02155470E+00 1.01917455E+00 1.01675214E+00 1.01426690E+00 1.01169906E+00 1.00921370E+00 1.00693221E+00 1.00406589E+00 1.00000000E+00
1.13471905E+00 1.13437506E+00 1.13415809E+00 1.13407223E+00 1.13409525E+00 1.13419032E+00 1.13432613E+00 1.13445772E+00 1.13456718E+00 1.13463196E+00 1.13465463E+00 1.13464129E+00 1.13460499E+00 1.13456377E+00 1.13452652E+00 1.13450367E+00 1.13449452E+00 1.13449702E+00 1.13450623E+00 1.13451593E+00 1.13452367E+00 1.13452701E+00 1.13452684E+00 1.13452449E+00 1.13452133E+00 1.13451880E+00 1.13451713E+00 1.13451648E+00 1.13451650E+00 1.13451683E+00 1.13451727E+00 1.13451758E+00 1.13451774E+00 1.13451769E+00 1.13451749E+00 1.13451723E+00 1.13451700E+00 1.13451687E+00 1.13451684E+00 1.13451689E+00 1.13451695E+00 1.13451698E+00 1.13451696E+00 1.13451692E+00 1.13451687E+00 1.13451684E+00 1.13451683E+00 1.13451683E+00 1.13451684E+00 1.13451684E+00 1.13451683E+00 1.13451682E+00 1.13451681E+00 1.13451681E+00 1.13451681E+00 1.13451680E+00 1.13451680E+00 1.13451680E+00 1.13451680E+00 1.13451680E+00 1.13451679E+00 1.13451679E+00 1.13451679E+00 1.13451679E+00 1.13451679E+00 1.13451679E+00 1.13451678E+00 1.13451678E+00 1.13451678E+00 1.13451678E+00 1.13451677E+00 1.13451677E+00 1.13451677E+00 1.13451676E+00 1.13451676E+00 1.13451676E+00 1.13451675E+00 1.13451675E+00 1.13451674E+00 1.13451673E+00 1.13451673E+00 1.13451672E+00 1.13451671E+00 1.13451670E+00 1.13451669E+00 1.13451669E+00 1.13451667E+00 1.13451666E+00 1.13451665E+00 1.13451664E+00 1.13451663E+00 1.13451662E+00 1.13451661E+00 1.13451660E+00 1.13451659E+00 1.13451658E+00 1.13451658E+00 1.13451658E+00 1.13451658E+00 1.13451659E+00 1.13451660E+00 1.13451662E+00 1.13451665E+00 1.13451669E+00 1.13451675E+00 1.13451682E+00 1.13451691E+00 1.13451702E+00 1.13451716E+00 1.13451734E+00 1.13451755E+00 1.13451780E+00 1.13451810E+00 1.13451845E+00 1.13451887E+00 1.13451936E+00 1.13451994E+00 1.13452061E+00 1.13452138E+00 1.13452228E+00 1.13452331E+00 1.13452449E+00 1.13452584E+00 1.13452737E+00 1.13452911E+00 1.13453108E+00 1.13453328E+00 1.13453577E+00 1.13453855E+00 1.13454164E+00 1.13454507E+00 1.13454887E+00 1.13455305E+00 1.13455765E+00 1.13456265E+00 1.13456809E+00 1.13457397E+00 1.13458030E+00 1.13458705E+00 1.13459420E+00 1.13460174E+00 1.13460957E+00 1.13461764E+00 1.13462585E+00 1.13463409E+00 1.13464215E+00 1.13464982E+00 1.13465681E+00 1.13466287E+00 1.13466750E+00 1.13467032E+00 1.13467061E+00 1.13466788E+00 1.13466116E+00 1.13464966E+00 1.13463197E+00 1.13460717E+00 1.13457342E+00 1.13452932E+00 1.13447240E+00 1.13440100E+00 1.13431194E+00 1.13420286E+00 1.13406931E+00 1.13390836E+00 1.13371553E+00 1.13348718E+00 1.13321539E+00 1.13289615E+00 1.13252158E+00 1.13208558E+00 1.13157840E+00 1.13099309E+00 1.13031759E+00 1.12954382E+00 1.12865719E+00 1.12764868E+00 1.12649992E+00 1.12520105E+00 1.12373223E+00 1.12208039E+00 1.12022426E+00 1.11815020E+00 1.11583133E+00 1.11325124E+00 1.11039429E+00 1.10723702E+00 1.10405519E+00 1.10058170E+00 1.09725030E+00 1.09366616E+00 1.09027290E+00 1.08666093E+00 1.08328065E+00 1.07972029E+00 1.07641438E+00 1.07295518E+00 1.06977164E+00 1.06646429E+00 1.06343259E+00 1.06030382E+00 1.05746092E+00 1.05454110E+00 1.05189701E+00 1.04918992E+00 1.04674082E+00 1.04424832E+00 1.04201318E+00 1.03973376E+00 1.03753566E+00 1.03531328E+00 1.03307956E+00 1.03081305E+00 1.02849948E+00 1.02613597E+00 1.02372830E+00 1.02132818E+00 1.01894779E+00 1.01652668E+00 1.01405407E+00 1.01150369E+00 1.00903396E+00 1.00675832E+00 1.00393996E+00 1.00000000E+00
1.13393080E+00 1.13354050E+00 1.13328092E+00 1.13316440E+00 1.13317068E+00 1.13326472E+00 1.13341242E+00 1.13356384E+00 1.13369630E+00 1.13378051E+00 1.13381645E+00 1.13380746E+00 1.13376792E+00 1.13371849E+00 1.13367107E+00 1.13364014E+00 1.13362629E+00 1.13362855E+00 1.13364078E+00 1.13365481E+00 1.13366669E+00 1.13367225E+00 1.13367241E+00 1.13366883E+00 1.13366378E+00 1.13365981E+00 1.13365744E+00 1.13365697E+00 1.13365769E+00 1.13365871E+00 1.13365961E+00 1.13365996E+00 1.13365990E+00 1.13365959E+00 1.13365921E+00 1.13365893E+00 1.13365878E+00 1.13365875E+00 1.13365880E+00 1.13365885E+00 1.13365889E+00 1.13365888E+00 1.13365885E+00 1.13365881E+00 1.13365877E+00 1.13365876E+00 1.13365875E+00 1.13365875E+00 1.13365876E+00 1.13365875E+00 1.13365875E+00 1.13365874E+00 1.13365873E+00 1.13365873E+00 1.13365873E+00 1.13365873E+00 1.13365872E+00 1.13365872E+00 1.13365872E+00 1.13365872E+00 1.13365872E+00 1.13365871E+00 1.13365871E+00 1.13365871E+00 1.13365871E+00 1.13365871E+00 1.13365871E+00 1.13365870E+00 1.13365870E+00 1.13365870E+00 1.13365870E+00 1.13365869E+00 1.13365869E+00 1.13365869E+00 1.13365868E+00 1.13365868E+00 1.13365868E+00 1.13365867E+00 1.13365866E+00 1.13365866E+00 1.13365865E+00 1.13365864E+00 1.13365864E+00 1.13365863E+00 1.13365862E+00 1.13365861E+00 1.13365860E+00 1.13365859E+00 1.13365858E+00 1.13365857E+00 1.13365856E+00 1.13365855E+00 1.13365853E+00 1.13365852E+00 1.13365852E+00 1.13365851E+00 1.13365850E+00 1.13365850E+00 1.13365850E+00 1.13365851E+00 1.13365852E+00 1.13365855E+00 1.13365858E+00 1.13365862E+00 1.13365867E+00 1.13365874E+00 1.13365883E+00 1.13365895E+00 1.13365908E+00 1.13365925E+00 1.13365946E+00 1.13365971E+00 1.13366000E+00 1.13366036E+00 1.13366077E+00 1.13366126E+00 1.13366183E+00 1.13366249E+00 1.13366325E+00 1.13366414E+00 1.13366516E+00 1.13366633E+00 1.13366766E+00 1.13366918E+00 1.13367090E+00 1.13367285E+00 1.13367503E+00 1.13367749E+00 1.13368024E+00 1.13368330E+00 1.13368669E+00 1.13369045E+00 1.13369458E+00 1.13369913E+00 1.13370408E+00 1.13370946E+00 1.13371528E+00 1.13372153E+00 1.13372821E+00 1.13373528E+00 1.13374272E+00 1.13375046E+00 1.13375843E+00 1.13376653E+00 1.13377466E+00 1.13378260E+00 1.13379014E+00 1.13379701E+00 1.13380294E+00 1.13380744E+00 1.13381013E+00 1.13381030E+00 1.13380746E+00 1.13380063E+00 1.13378903E+00 1.13377127E+00 1.13374644E+00 1.13371268E+00 1.13366861E+00 1.13361181E+00 1.13354057E+00 1.13345173E+00 1.13334295E+00 1.13320988E+00 1.13304961E+00 1.13285754E+00 1.13263004E+00 1.13235938E+00 1.13204156E+00 1.13166870E+00 1.13123478E+00 1.13073006E+00 1.13014768E+00 1.12947566E+00 1.12870592E+00 1.12782399E+00 1.12682082E+00 1.12567840E+00 1.12438687E+00 1.12292646E+00 1.12128416E+00 1.11943894E+00 1.11737717E+00 1.11507209E+00 1.11250749E+00 1.10966834E+00 1.10653101E+00 1.10336932E+00 1.09991790E+00 1.09660826E+00 1.09304753E+00 1.08967648E+00 1.08608813E+00 1.08272982E+00 1.07919218E+00 1.07590725E+00 1.07246972E+00 1.06930569E+00 1.06601884E+00 1.06300674E+00 1.05989778E+00 1.05707178E+00 1.05416828E+00 1.05153831E+00 1.04884571E+00 1.04641052E+00 1.04393119E+00 1.04170635E+00 1.03943794E+00 1.03725197E+00 1.03504073E+00 1.03281409E+00 1.03055354E+00 1.02824979E+00 1.02589808E+00 1.02350284E+00 1.02111160E+00 1.01873264E+00 1.01631493E+00 1.01385622E+00 1.01132432E+00 1.00886865E+00 1.00659717E+00 1.00382362E+00 1.00000000E+00
1.13349395E+00 1.13298870E+00 1.13259173E+00 1.13234518E+00 1.13224252E+00 1.13226726E+00 1.13238611E+00 1.13254765E+00 1.13271915E+00 1.13285531E+00 1.13294480E+00 1.13297569E+00 1.13295888E+00 1.13291213E+00 1.13285231E+00 1.13280172E+00 1.13276715E+00 1.13275532E+00 1.13276122E+00 1.13277700E+00 1.13279568E+00 1.13280886E+00 1.13281523E+00 1.13281421E+00 1.13280866E+00 1.13280232E+00 1.13279711E+00 1.13279485E+00 1.13279493E+00 1.13279638E+00 1.13279819E+00 1.13279929E+00 1.13279963E+00 1.13279929E+00 1.13279866E+00 1.13279815E+00 1.13279785E+00 1.13279781E+00 1.13279791E+00 1.13279803E+00 1.13279811E+00 1.13279811E+00 1.13279806E+00 1.13279801E+00 1.13279797E+00 1.13279795E+00 1.13279795E+00 1.13279795E+00 1.13279796E+00 1.13279795E+00 1.13279795E+00 1.13279794E+00 1.13279793E+00 1.13279793E+00 1.13279793E+00 1.13279793E+00 1.13279793E+00 1.13279792E+00 1.13279792E+00 1.13279792E+00 1.13279792E+00 1.13279792E+00 1.13279791E+00 1.13279791E+00 1.13279791E+00 1.13279791E+00 1.13279791E+00 1.13279791E+00 1.13279790E+00 1.13279790E+00 1.13279790E+00 1.13279790E+00 1.13279789E+00 1.13279789E+00 1.13279789E+00 1.13279788E+00 1.13279788E+00 1.13279787E+00 1.13279787E+00 1.13279786E+00 1.13279786E+00 1.13279785E+00 1.13279784E+00 1.13279783E+00 1.13279782E+00 1.13279781E+00 1.13279780E+00 1.13279779E+00 1.13279778E+00 1.13279777E+00 1.13279776E+00 1.13279775E+00 1.13279774E+00 1.13279773E+00 1.13279772E+00 1.13279771E+00 1.13279771E+00 1.13279771E+00 1.13279771E+00 1.13279772E+00 1.13279773E+00 1.13279775E+00 1.13279778E+00 1.13279782E+00 1.13279788E+00 1.13279795E+00 1.13279803E+00 1.13279815E+00 1.13279828E+00 1.13279845E+00 1.13279865E+00 1.13279890E+00 1.13279919E+00 1.13279954E+00 1.13279995E+00 1.13280043E+00 1.13280099E+00 1.13280165E+00 1.13280241E+00 1.13280328E+00 1.13280429E+00 1.13280545E+00 1.13280676E+00 1.13280827E+00 1.13280997E+00 1.13281189E+00 1.13281405E+00 1.13281648E+00 1.13281920E+00 1.13282223E+00 1.13282558E+00 1.13282930E+00 1.13283339E+00 1.13283788E+00 1.13284278E+00 1.13284809E+00 1.13285384E+00 1.13286002E+00 1.13286661E+00 1.13287360E+00 1.13288095E+00 1.13288859E+00 1.13289645E+00 1.13290444E+00 1.13291246E+00 1.13292026E+00 1.13292768E+00 1.13293442E+00 1.13294021E+00 1.13294458E+00 1.13294713E+00 1.13294718E+00 1.13294422E+00 1.13293727E+00 1.13292557E+00 1.13290775E+00 1.13288288E+00 1.13284912E+00 1.13280510E+00 1.13274841E+00 1.13267736E+00 1.13258875E+00 1.13248032E+00 1.13234778E+00 1.13218821E+00 1.13199696E+00 1.13177040E+00 1.13150096E+00 1.13118467E+00 1.13081366E+00 1.13038197E+00 1.12987993E+00 1.12930070E+00 1.12863240E+00 1.12786699E+00 1.12699011E+00 1.12599272E+00 1.12485710E+00 1.12357344E+00 1.12212201E+00 1.12048996E+00 1.11865641E+00 1.11660776E+00 1.11431742E+00 1.11176947E+00 1.10894935E+00 1.10583320E+00 1.10269292E+00 1.09926500E+00 1.09597842E+00 1.09244239E+00 1.08909480E+00 1.08553133E+00 1.08219612E+00 1.07868231E+00 1.07541939E+00 1.07200468E+00 1.06886132E+00 1.06559597E+00 1.06260409E+00 1.05951538E+00 1.05670673E+00 1.05382017E+00 1.05120498E+00 1.04852741E+00 1.04610642E+00 1.04364052E+00 1.04142639E+00 1.03916945E+00 1.03699558E+00 1.03479523E+00 1.03257576E+00 1.03032151E+00 1.02802717E+00 1.02568697E+00 1.02330439E+00 1.02092240E+00 1.01854577E+00 1.01613219E+00 1.01368646E+00 1.01117215E+00 1.00872717E+00 1.00645654E+00 1.00372200E+00 1.00000000E+00
1.13282574E+00 1.13227285E+00 1.13181893E+00 1.13151789E+00 1.13136907E+00 1.13136412E+00 1.13147060E+00 1.13163714E+00 1.13182696E+00 1.13198800E+00 1.13210366E+00 1.13215474E+00 1.13215004E+00 1.13210538E+00 1.13203971E+00 1.13197896E+00 1.13193318E+00 1.13191329E+00 1.13191522E+00 1.13193171E+00 1.13195420E+00 1.13197206E+00 1.13198248E+00 1.13198333E+00 1.13197770E+00 1.13196992E+00 1.13196278E+00 1.13195919E+00 1.13195873E+00 1.13196048E+00 1.13196301E+00 1.13196474E+00 1.13196545E+00 1.13196511E+00 1.13196426E+00 1.13196352E+00 1.13196307E+00 1.13196303E+00 1.13196321E+00 1.13196341E+00 1.13196355E+00 1.13196355E+00 1.13196348E+00 1.13196340E+00 1.13196335E+00 1.13196333E+00 1.13196334E+00 1.13196336E+00 1.13196336E+00 1.13196336E+00 1.13196335E+00 1.13196334E+00 1.13196334E+00 1.13196334E+00 1.13196334E+00 1.13196333E+00 1.13196333E+00 1.13196333E+00 1.13196333E+00 1.13196333E+00 1.13196333E+00 1.13196333E+00 1.13196332E+00 1.13196332E+00 1.13196332E+00 1.13196332E+00 1.13196332E+00 1.13196332E+00 1.13196331E+00 1.13196331E+00 1.13196331E+00 1.13196331E+00 1.13196330E+00 1.13196330E+00 1.13196330E+00 1.13196329E+00 1.13196329E+00 1.13196328E+00 1.13196328E+00 1.13196327E+00 1.13196327E+00 1.13196326E+00 1.13196325E+00 1.13196324E+00 1.13196323E+00 1.13196323E+00 1.13196322E+00 1.13196321E+00 1.13196320E+00 1.13196318E+00 1.13196317E+00 1.13196316E+00 1.13196315E+00 1.13196314E+00 1.13196313E+00 1.13196313E+00 1.13196312E+00 1.13196312E+00 1.13196312E+00 1.13196313E+00 1.13196314E+00 1.13196316E+00 1.13196319E+00 1.13196323E+00 1.13196329E+00 1.13196336E+00 1.13196344E+00 1.13196355E+00 1.13196369E+00 1.13196386E+00 1.13196406E+00 1.13196430E+00 1.13196459E+00 1.13196493E+00 1.13196534E+00 1.13196581E+00 1.13196637E+00 1.13196702E+00 1.13196777E+00 1.13196863E+00 1.13196963E+00 1.13197077E+00 1.13197208E+00 1.13197356E+00 1.13197524E+00 1.13197714E+00 1.13197928E+00 1.13198168E+00 1.13198437E+00 1.13198736E+00 1.13199068E+00 1.13199435E+00 1.13199839E+00 1.13200283E+00 1.13200767E+00 1.13201293E+00 1.13201861E+00 1.13202471E+00 1.13203122E+00 1.13203812E+00 1.13204537E+00 1.13205290E+00 1.13206066E+00 1.13206854E+00 1.13207643E+00 1.13208410E+00 1.13209138E+00 1.13209798E+00 1.13210363E+00 1.13210785E+00 1.13211027E+00 1.13211018E+00 1.13210709E+00 1.13210002E+00 1.13208822E+00 1.13207033E+00 1.13204541E+00 1.13201163E+00 1.13196765E+00 1.13191107E+00 1.13184019E+00 1.13175184E+00 1.13164375E+00 1.13151174E+00 1.13135287E+00 1.13116246E+00 1.13093686E+00 1.13066869E+00 1.13035399E+00 1.12998489E+00 1.12955553E+00 1.12905626E+00 1.12848032E+00 1.12781589E+00 1.12705499E+00 1.12618339E+00 1.12519205E+00 1.12406357E+00 1.12278812E+00 1.12134608E+00 1.11972477E+00 1.11790344E+00 1.11586848E+00 1.11359361E+00 1.11106316E+00 1.10826297E+00 1.10516890E+00 1.10205098E+00 1.09864763E+00 1.09538507E+00 1.09187468E+00 1.08855139E+00 1.08501372E+00 1.08170240E+00 1.07821317E+00 1.07497296E+00 1.07158187E+00 1.06845987E+00 1.06521659E+00 1.06224519E+00 1.05917690E+00 1.05638577E+00 1.05351643E+00 1.05091629E+00 1.04825392E+00 1.04584712E+00 1.04339461E+00 1.04119119E+00 1.03894570E+00 1.03678354E+00 1.03459344E+00 1.03238080E+00 1.03013277E+00 1.02784721E+00 1.02551808E+00 1.02314806E+00 1.02077474E+00 1.01839990E+00 1.01598931E+00 1.01355329E+00 1.01105393E+00 1.00861449E+00 1.00634015E+00 1.00363765E+00 1.00000000E+00
1.13120598E+00 1.13081548E+00 1.13058388E+00 1.13051465E+00 1.13058033E+00 1.13073422E+00 1.13093592E+00 1.13112645E+00 1.13128121E+00 1.13136915E+00 1.13139350E+00 1.13136337E+00 1.13129858E+00 1.13122761E+00 1.13116543E+00 1.13112983E+00 1.13111995E+00 1.13113195E+00 1.13115620E+00 1.13117988E+00 1.13119753E+00 1.13120367E+00 1.13120064E+00 1.13119236E+00 1.13118283E+00 1.13117659E+00 1.13117411E+00 1.13117526E+00 1.13117826E+00 1.13118098E+00 1.13118266E+00 1.13118278E+00 1.13118193E+00 1.13118089E+00 1.13118007E+00 1.13117983E+00 1.13117999E+00 1.13118029E+00 1.13118055E+00 1.13118063E+00 1.13118058E+00 1.13118047E+00 1.13118038E+00 1.13118034E+00 1.13118035E+00 1.13118038E+00 1.13118040E+00 1.13118040E+00 1.13118039E+00 1.13118038E+00 1.13118037E+00 1.13118037E+00 1.13118037E+00 1.13118037E+00 1.13118037E+00 1.13118037E+00 1.13118037E+00 1.13118037E+00 1.13118036E+00 1.13118036E+00 1.13118036E+00 1.13118036E+00 1.13118036E+00 1.13118036E+00 1.13118036E+00 1.13118036E+00 1.13118036E+00 1.13118035E+00 1.13118035E+00 1.13118035E+00 1.13118035E+00 1.13118035E+00 1.13118034E+00 1.13118034E+00 1.13118034E+00 1.13118033E+00 1.13118033E+00 1.13118032E+00 1.13118032E+00 1.13118031E+00 1.13118031E+00 1.13118030E+00 1.13118029E+00 1.13118028E+00 1.13118027E+00 1.13118027E+00 1.13118026E+00 1.13118025E+00 1.13118024E+00 1.13118022E+00 1.13118021E+00 1.13118020E+00 1.13118019E+00 1.13118018E+00 1.13118018E+00 1.13118017E+00 1.13118016E+00 1.13118016E+00 1.13118016E+00 1.13118017E+00 1.13118018E+00 1.13118020E+00 1.13118023E+00 1.13118027E+00 1.13118033E+00 1.13118040E+00 1.13118048E+00 1.13118059E+00 1.13118073E+00 1.13118089E+00 1.13118109E+00 1.13118133E+00 1.13118162E+00 1.13118196E+00 1.13118236E+00 1.13118283E+00 1.13118338E+00 1.13118402E+00 1.13118476E+00 1.13118562E+00 1.13118660E+00 1.13118773E+00 1.13118902E+00 1.13119049E+00 1.13119215E+00 1.13119403E+00 1.13119614E+00 1.13119852E+00 1.13120117E+00 1.13120413E+00 1.13120741E+00 1.13121104E+00 1.13121504E+00 1.13121942E+00 1.13122420E+00 1.13122939E+00 1.13123500E+00 1.13124103E+00 1.13124745E+00 1.13125426E+00 1.13126141E+00 1.13126884E+00 1.13127649E+00 1.13128425E+00 1.13129201E+00 1.13129954E+00 1.13130668E+00 1.13131314E+00 1.13131864E+00 1.13132271E+00 1.13132497E+00 1.13132474E+00 1.13132151E+00 1.13131430E+00 1.13130238E+00 1.13128440E+00 1.13125942E+00 1.13122561E+00 1.13118165E+00 1.13112516E+00 1.13105442E+00 1.13096630E+00 1.13085855E+00 1.13072704E+00 1.13056884E+00 1.13037925E+00 1.13015461E+00 1.12988771E+00 1.12957461E+00 1.12920744E+00 1.12878043E+00 1.12828397E+00 1.12771136E+00 1.12705087E+00 1.12629456E+00 1.12542838E+00 1.12444325E+00 1.12332211E+00 1.12205507E+00 1.12062269E+00 1.11901245E+00 1.11720371E+00 1.11518284E+00 1.11292393E+00 1.11041161E+00 1.10763198E+00 1.10456061E+00 1.10146573E+00 1.09808771E+00 1.09484981E+00 1.09136566E+00 1.08806725E+00 1.08455593E+00 1.08126897E+00 1.07780477E+00 1.07458767E+00 1.07122059E+00 1.06812027E+00 1.06489922E+00 1.06194824E+00 1.05890023E+00 1.05612649E+00 1.05327428E+00 1.05068909E+00 1.04804167E+00 1.04564869E+00 1.04320911E+00 1.04101596E+00 1.03878146E+00 1.03663015E+00 1.03444927E+00 1.03224264E+00 1.03000027E+00 1.02772232E+00 1.02540319E+00 1.02304476E+00 1.02067809E+00 1.01830268E+00 1.01589206E+00 1.01346053E+00 1.01097232E+00 1.00853189E+00 1.00624858E+00 1.00357144E+00 1.00000000E+00
1.13101542E+00 1.13047322E+00 1.13006719E+00 1.12983554E+00 1.12976694E+00 1.12983656E+00 1.13000499E+00 1.13021129E+00 1.13041846E+00 1.13057549E+00 1.13067111E+00 1.13069466E+00 1.13066098E+00 1.13059417E+00 1.13051532E+00 1.13045231E+00 1.13041283E+00 1.13040387E+00 1.13041795E+00 1.13044341E+00 1.13047069E+00 1.13048848E+00 1.13049550E+00 1.13049186E+00 1.13048214E+00 1.13047231E+00 1.13046509E+00 1.13046290E+00 1.13046445E+00 1.13046773E+00 1.13047104E+00 1.13047267E+00 1.13047276E+00 1.13047177E+00 1.13047048E+00 1.13046969E+00 1.13046945E+00 1.13046968E+00 1.13047008E+00 1.13047035E+00 1.13047043E+00 1.13047035E+00 1.13047022E+00 1.13047013E+00 1.13047010E+00 1.13047012E+00 1.13047015E+00 1.13047017E+00 1.13047017E+00 1.13047016E+00 1.13047015E+00 1.13047014E+00 1.13047014E+00 1.13047015E+00 1.13047015E+00 1.13047015E+00 1.13047014E+00 1.13047014E+00 1.13047014E+00 1.13047014E+00 1.13047014E+00 1.13047014E+00 1.13047014E+00 1.13047014E+00 1.13047014E+00 1.13047014E+00 1.13047013E+00 1.13047013E+00 1.13047013E+00 1.13047013E+00 1.13047013E+00 1.13047012E+00 1.13047012E+00 1.13047012E+00 1.13047011E+00 1.13047011E+00 1.13047011E+00 1.13047010E+00 1.13047010E+00 1.13047009E+00 1.13047008E+00 1.13047008E+00 1.13047007E+00 1.13047006E+00 1.13047005E+00 1.13047004E+00 1.13047004E+00 1.13047003E+00 1.13047002E+00 1.13047000E+00 1.13046999E+00 1.13046998E+00 1.13046997E+00 1.13046996E+00 1.13046996E+00 1.13046995E+00 1.13046995E+00 1.13046994E+00 1.13046995E+00 1.13046995E+00 1.13046997E+00 1.13046999E+00 1.13047002E+00 1.13047006E+00 1.13047011E+00 1.13047018E+00 1.13047026E+00 1.13047037E+00 1.13047050E+00 1.13047067E+00 1.13047086E+00 1.13047110E+00 1.13047138E+00 1.13047172E+00 1.13047212E+00 1.13047258E+00 1.13047313E+00 1.13047376E+00 1.13047449E+00 1.13047534E+00 1.13047632E+00 1.13047743E+00 1.13047871E+00 1.13048016E+00 1.13048181E+00 1.13048366E+00 1.13048575E+00 1.13048810E+00 1.13049073E+00 1.13049365E+00 1.13049689E+00 1.13050048E+00 1.13050443E+00 1.13050876E+00 1.13051348E+00 1.13051861E+00 1.13052415E+00 1.13053010E+00 1.13053644E+00 1.13054316E+00 1.13055021E+00 1.13055753E+00 1.13056507E+00 1.13057270E+00 1.13058033E+00 1.13058772E+00 1.13059471E+00 1.13060102E+00 1.13060636E+00 1.13061027E+00 1.13061237E+00 1.13061198E+00 1.13060858E+00 1.13060123E+00 1.13058917E+00 1.13057108E+00 1.13054600E+00 1.13051214E+00 1.13046817E+00 1.13041173E+00 1.13034111E+00 1.13025319E+00 1.13014574E+00 1.13001469E+00 1.12985712E+00 1.12966831E+00 1.12944459E+00 1.12917894E+00 1.12886740E+00 1.12850212E+00 1.12807745E+00 1.12758380E+00 1.12701451E+00 1.12635797E+00 1.12560627E+00 1.12474555E+00 1.12376671E+00 1.12265302E+00 1.12139451E+00 1.11997193E+00 1.11837296E+00 1.11657705E+00 1.11457053E+00 1.11232791E+00 1.10983415E+00 1.10707551E+00 1.10402726E+00 1.10095583E+00 1.09760363E+00 1.09439080E+00 1.09093322E+00 1.08765997E+00 1.08417527E+00 1.08091289E+00 1.07747385E+00 1.07427992E+00 1.07093691E+00 1.06785821E+00 1.06465917E+00 1.06172824E+00 1.05870003E+00 1.05594320E+00 1.05310762E+00 1.05053682E+00 1.04790364E+00 1.04552369E+00 1.04309610E+00 1.04091227E+00 1.03868773E+00 1.03654593E+00 1.03437271E+00 1.03217064E+00 1.02993269E+00 1.02766032E+00 1.02534916E+00 1.02300017E+00 1.02063657E+00 1.01825656E+00 1.01584148E+00 1.01340785E+00 1.01092678E+00 1.00847785E+00 1.00618016E+00 1.00352330E+00 1.00000000E+00
1.13065967E+00 1.13005593E+00 1.12957192E+00 1.12926152E+00 1.12912197E+00 1.12914072E+00 1.12928089E+00 1.12948374E+00 1.12970789E+00 1.12989464E+00 1.13002557E+00 1.13007969E+00 1.13006787E+00 1.13000968E+00 1.12992792E+00 1.12985389E+00 1.12979964E+00 1.12977808E+00 1.12978387E+00 1.12980739E+00 1.12983768E+00 1.12986103E+00 1.12987396E+00 1.12987404E+00 1.12986558E+00 1.12985468E+00 1.12984516E+00 1.12984088E+00 1.12984111E+00 1.12984427E+00 1.12984823E+00 1.12985072E+00 1.12985151E+00 1.12985074E+00 1.12984932E+00 1.12984823E+00 1.12984772E+00 1.12984785E+00 1.12984828E+00 1.12984865E+00 1.12984884E+00 1.12984880E+00 1.12984865E+00 1.12984853E+00 1.12984847E+00 1.12984848E+00 1.12984853E+00 1.12984856E+00 1.12984857E+00 1.12984856E+00 1.12984854E+00 1.12984854E+00 1.12984853E+00 1.12984854E+00 1.12984854E+00 1.12984854E+00 1.12984854E+00 1.12984854E+00 1.12984854E+00 1.12984854E+00 1.12984853E+00 1.12984853E+00 1.12984853E+00 1.12984853E+00 1.12984853E+00 1.12984853E+00 1.12984853E+00 1.12984853E+00 1.12984853E+00 1.12984852E+00 1.12984852E+00 1.12984852E+00 1.12984852E+00 1.12984851E+00 1.12984851E+00 1.12984851E+00 1.12984850E+00 1.12984850E+00 1.12984849E+00 1.12984849E+00 1.12984848E+00 1.12984847E+00 1.12984847E+00 1.12984846E+00 1.12984845E+00 1.12984844E+00 1.12984843E+00 1.12984842E+00 1.12984841E+00 1.12984840E+00 1.12984839E+00 1.12984838E+00 1.12984837E+00 1.12984836E+00 1.12984835E+00 1.12984835E+00 1.12984834E+00 1.12984834E+00 1.12984835E+00 1.12984835E+00 1.12984837E+00 1.12984839E+00 1.12984841E+00 1.12984845E+00 1.12984851E+00 1.12984857E+00 1.12984866E+00 1.12984877E+00 1.12984890E+00 1.12984906E+00 1.12984926E+00 1.12984949E+00 1.12984977E+00 1.12985010E+00 1.12985050E+00 1.12985096E+00 1.12985150E+00 1.12985213E+00 1.12985285E+00 1.12985369E+00 1.12985466E+00 1.12985576E+00 1.12985702E+00 1.12985846E+00 1.12986009E+00 1.12986193E+00 1.12986399E+00 1.12986632E+00 1.12986891E+00 1.12987181E+00 1.12987501E+00 1.12987856E+00 1.12988246E+00 1.12988674E+00 1.12989140E+00 1.12989647E+00 1.12990194E+00 1.12990781E+00 1.12991407E+00 1.12992069E+00 1.12992764E+00 1.12993485E+00 1.12994227E+00 1.12994978E+00 1.12995727E+00 1.12996451E+00 1.12997136E+00 1.12997750E+00 1.12998268E+00 1.12998641E+00 1.12998834E+00 1.12998777E+00 1.12998420E+00 1.12997668E+00 1.12996446E+00 1.12994623E+00 1.12992104E+00 1.12988709E+00 1.12984308E+00 1.12978666E+00 1.12971611E+00 1.12962835E+00 1.12952116E+00 1.12939052E+00 1.12923352E+00 1.12904542E+00 1.12882258E+00 1.12855812E+00 1.12824810E+00 1.12788467E+00 1.12746229E+00 1.12697139E+00 1.12640539E+00 1.12575276E+00 1.12500568E+00 1.12415042E+00 1.12317789E+00 1.12207170E+00 1.12082175E+00 1.11940905E+00 1.11782149E+00 1.11603855E+00 1.11404654E+00 1.11182043E+00 1.10934552E+00 1.10660814E+00 1.10358324E+00 1.10053554E+00 1.09720944E+00 1.09402186E+00 1.09059094E+00 1.08734292E+00 1.08388485E+00 1.08064700E+00 1.07723295E+00 1.07406197E+00 1.07074271E+00 1.06768522E+00 1.06450757E+00 1.06159597E+00 1.05858667E+00 1.05584585E+00 1.05302594E+00 1.05046847E+00 1.04784829E+00 1.04548005E+00 1.04306294E+00 1.04088688E+00 1.03867067E+00 1.03653643E+00 1.03436869E+00 1.03216896E+00 1.02993340E+00 1.02766364E+00 1.02535734E+00 1.02301457E+00 1.02064906E+00 1.01825924E+00 1.01583454E+00 1.01339166E+00 1.01091446E+00 1.00844885E+00 1.00613174E+00 1.00349293E+00 1.00000000E+00
1.19089780E+00 1.19075394E+00 1.19064721E+00 1.19060722E+00 1.19063154E+00 1.19070983E+00 1.19081888E+00 1.19092402E+00 1.19100660E+00 1.19104546E+00 1.19104421E+00 1.19101306E+00 1.19096843E+00 1.19093199E+00 1.19091105E+00 1.19091115E+00 1.19092541E+00 1.19094342E+00 1.19095812E+00 1.19096276E+00 1.19095915E+00 1.19095112E+00 1.19094291E+00 1.19093882E+00 1.19093858E+00 1.19094095E+00 1.19094382E+00 1.19094513E+00 1.19094491E+00 1.19094366E+00 1.19094229E+00 1.19094160E+00 1.19094154E+00 1.19094184E+00 1.19094215E+00 1.19094219E+00 1.19094205E+00 1.19094185E+00 1.19094170E+00 1.19094165E+00 1.19094167E+00 1.19094168E+00 1.19094168E+00 1.19094165E+00 1.19094162E+00 1.19094160E+00 1.19094159E+00 1.19094158E+00 1.19094158E+00 1.19094157E+00 1.19094156E+00 1.19094156E+00 1.19094155E+00 1.19094155E+00 1.19094154E+00 1.19094154E+00 1.19094154E+00 1.19094153E+00 1.19094153E+00 1.19094153E+00 1.19094153E+00 1.19094152E+00 1.19094152E+00 1.19094152E+00 1.19094151E+00 1.19094151E+00 1.19094150E+00 1.19094150E+00 1.19094149E+00 1.19094149E+00 1.19094148E+00 1.19094148E+00 1.19094147E+00 1.19094146E+00 1.19094145E+00 1.19094144E+00 1.19094143E+00 1.19094142E+00 1.19094141E+00 1.19094140E+00 1.19094138E+00 1.19094137E+00 1.19094136E+00 1.19094134E+00 1.19094132E+00 1.19094131E+00 1.19094129E+00 1.19094127E+00 1.19094126E+00 1.19094124E+00 1.19094123E+00 1.19094121E+00 1.19094120E+00 1.19094120E+00 1.19094120E+00 1.19094120E+00 1.19094121E+00 1.19094123E+00 1.19094126E+00 1.19094131E+00 1.19094137E+00 1.19094145E+00 1.19094155E+00 1.19094168E+00 1.19094183E+00 1.19094203E+00 1.19094226E+00 1.19094255E+00 1.19094289E+00 1.19094329E+00 1.19094377E+00 1.19094433E+00 1.19094499E+00 1.19094575E+00 1.19094663E+00 1.19094765E+00 1.19094883E+00 1.19095017E+00 1.19095170E+00 1.19095345E+00 1.19095544E+00 1.19095768E+00 1.19096020E+00 1.19096306E+00 1.19096625E+00 1.19096980E+00 1.19097375E+00 1.19097816E+00 1.19098303E+00 1.19098841E+00 1.19099430E+00 1.19100073E+00 1.19100774E+00 1.19101541E+00 1.19102367E+00 1.19103253E+00 1.19104201E+00 1.19105211E+00 1.19106278E+00 1.19107398E+00 1.19108564E+00 1.19109757E+00 1.19110968E+00 1.19112183E+00 1.19113390E+00 1.19114548E+00 1.19115621E+00 1.19116567E+00 1.19117347E+00 1.19117888E+00 1.19118129E+00 1.19117962E+00 1.19117325E+00 1.19116083E+00 1.19114111E+00 1.19111199E+00 1.19107234E+00 1.19101968E+00 1.19095196E+00 1.19086561E+00 1.19075872E+00 1.19062743E+00 1.19046805E+00 1.19027354E+00 1.19004069E+00 1.18976527E+00 1.18944255E+00 1.18906043E+00 1.18861373E+00 1.18809281E+00 1.18748974E+00 1.18679222E+00 1.18599140E+00 1.18507188E+00 1.18402372E+00 1.18282882E+00 1.18147695E+00 1.17994337E+00 1.17821496E+00 1.17626733E+00 1.17408605E+00 1.17164664E+00 1.16892980E+00 1.16589815E+00 1.16253494E+00 1.15882179E+00 1.15472004E+00 1.15057981E+00 1.14606986E+00 1.14175913E+00 1.13711317E+00 1.13269318E+00 1.12799570E+00 1.12360963E+00 1.11895108E+00 1.11457628E+00 1.11002032E+00 1.10585804E+00 1.10147876E+00 1.09739663E+00 1.09317984E+00 1.08935778E+00 1.08542319E+00 1.08184365E+00 1.07811497E+00 1.07468256E+00 1.07119796E+00 1.06807145E+00 1.06482265E+00 1.06163819E+00 1.05843185E+00 1.05524716E+00 1.05197064E+00 1.04847794E+00 1.04479999E+00 1.04102911E+00 1.03729454E+00 1.03359472E+00 1.02973434E+00 1.02558190E+00 1.02116094E+00 1.01671687E+00 1.01233721E+00 1.00697233E+00 1.00000000E+00
1.18664190E+00 1.18660804E+00 1.18657929E+00 1.18656658E+00 1.18656845E+00 1.18658057E+00 1.18659593E+00 1.18660622E+00 1.18660977E+00 1.18660632E+00 1.18659935E+00 1.18659328E+00 1.18658980E+00 1.18658991E+00 1.18659209E+00 1.18659432E+00 1.18659564E+00 1.18659543E+00 1.18659435E+00 1.18659326E+00 1.18659257E+00 1.18659253E+00 1.18659282E+00 1.18659309E+00 1.18659321E+00 1.18659311E+00 1.18659292E+00 1.18659279E+00 1.18659273E+00 1.18659275E+00 1.18659278E+00 1.18659278E+00 1.18659277E+00 1.18659274E+00 1.18659272E+00 1.18659271E+00 1.18659271E+00 1.18659271E+00 1.18659270E+00 1.18659270E+00 1.18659269E+00 1.18659269E+00 1.18659269E+00 1.18659269E+00 1.18659268E+00 1.18659268E+00 1.18659268E+00 1.18659268E+00 1.18659268E+00 1.18659268E+00 1.18659268E+00 1.18659267E+00 1.18659267E+00 1.18659267E+00 1.18659267E+00 1.18659267E+00 1.18659267E+00 1.18659267E+00 1.18659267E+00 1.18659266E+00 1.18659266E+00 1.18659266E+00 1.18659266E+00 1.18659266E+00 1.18659265E+00 1.18659265E+00 1.18659265E+00 1.18659264E+00 1.18659264E+00 1.18659263E+00 1.18659263E+00 1.18659262E+00 1.18659261E+00 1.18659261E+00 1.18659260E+00 1.18659259E+00 1.18659258E+00 1.18659257E+00 1.18659256E+00 1.18659255E+00 1.18659254E+00 1.18659252E+00 1.18659251E+00 1.18659249E+00 1.18659248E+00 1.18659246E+00 1.18659244E+00 1.18659243E+00 1.18659241E+00 1.18659240E+00 1.18659238E+00 1.18659237E+00 1.18659236E+00 1.18659235E+00 1.18659235E+00 1.18659236E+00 1.18659236E+00 1.18659238E+00 1.18659241E+00 1.18659245E+00 1.18659251E+00 1.18659258E+00 1.18659268E+00 1.18659280E+00 1.18659295E+00 1.18659313E+00 1.18659336E+00 1.18659363E+00 1.18659395E+00 1.18659433E+00 1.18659479E+00 1.18659533E+00 1.18659595E+00 1.18659668E+00 1.18659752E+00 1.18659851E+00 1.18659963E+00 1.18660092E+00 1.18660239E+00 1.18660407E+00 1.18660598E+00 1.18660814E+00 1.18661057E+00 1.18661332E+00 1.18661639E+00 1.18661982E+00 1.18662363E+00 1.18662788E+00 1.18663259E+00 1.18663778E+00 1.18664347E+00 1.18664969E+00 1.18665648E+00 1.18666389E+00 1.18667189E+00 1.18668046E+00 1.18668964E+00 1.18669943E+00 1.18670976E+00 1.18672060E+00 1.18673189E+00 1.18674344E+00 1.18675517E+00 1.18676695E+00 1.18677862E+00 1.18678979E+00 1.18680013E+00 1.18680922E+00 1.18681667E+00 1.18682175E+00 1.18682388E+00 1.18682203E+00 1.18681554E+00 1.18680304E+00 1.18678334E+00 1.18675443E+00 1.18671516E+00 1.18666301E+00 1.18659602E+00 1.18651082E+00 1.18640534E+00 1.18627550E+00 1.18611789E+00 1.18592610E+00 1.18569676E+00 1.18542510E+00 1.18510636E+00 1.18472902E+00 1.18428808E+00 1.18377396E+00 1.18317878E+00 1.18249035E+00 1.18169999E+00 1.18079268E+00 1.17975848E+00 1.17857929E+00 1.17724466E+00 1.17573083E+00 1.17402542E+00 1.17210400E+00 1.16995177E+00 1.16754447E+00 1.16486358E+00 1.16187235E+00 1.15855338E+00 1.15488888E+00 1.15084257E+00 1.14676152E+00 1.14231554E+00 1.13806423E+00 1.13348433E+00 1.12913228E+00 1.12450516E+00 1.12018047E+00 1.11559066E+00 1.11128939E+00 1.10680813E+00 1.10270609E+00 1.09839339E+00 1.09438471E+00 1.09024633E+00 1.08649266E+00 1.08262434E+00 1.07910361E+00 1.07544061E+00 1.07207886E+00 1.06866777E+00 1.06560404E+00 1.06242042E+00 1.05930779E+00 1.05617782E+00 1.05305988E+00 1.04984792E+00 1.04644780E+00 1.04287896E+00 1.03921738E+00 1.03559156E+00 1.03199252E+00 1.02824153E+00 1.02422917E+00 1.01996055E+00 1.01568769E+00 1.01151347E+00 1.00647850E+00 1.00000000E+00
1.18134930E+00 1.18134930E+00 1.18134930E+00 1.18134930E+00 1.18134930E+00 1.18134930E+00 1.18134930E+00 1.18134930E+00 1.18134930E+00 1.18134930E+00 1.18134930E+00 1.18134930E+00 1.18134930E+00 1.18134930E+00 1.18134930E+00 1.18134930E+00 1.18134930E+00 1.18134930E+00 1.18134930E+00 1.18134930E+00 1.18134930E+00 1.18134930E+00 1.18134930E+00 1.18134930E+00 1.18134930E+00 1.18134930E+00 1.18134930E+00 1.18134930E+00 1.18134930E+00 1.18134930E+00 1.18134930E+00 1.18134930E+00 1.18134930E+00 1.18134930E+00 1.18134930E+00 1.18134930E+00 1.18134930E+00 1.18134930E+00 1.18134930E+00 1.18134930E+00 1.18134930E+00 1.18134930E+00 1.18134930E+00 1.18134930E+00 1.18134930E+00 1.18134930E+00 1.18134930E+00 1.18134930E+00 1.18134930E+00 1.18134930E+00 1.18134930E+00 1.18134930E+00 1.18134930E+00 1.18134930E+00 1.18134930E+00 1.18134930E+00 1.18134930E+00 1.18134930E+00 1.18134930E+00 1.18134930E+00 1.18134930E+00 1.18134929E+00 1.18134929E+00 1.18134929E+00 1.18134929E+00 1.18134928E+00 1.18134928E+00 1.18134928E+00 1.18134927E+00 1.18134927E+00 1.18134926E+00 1.18134926E+00 1.18134925E+00 1.18134925E+00 1.18134924E+00 1.18134923E+00 1.18134922E+00 1.18134921E+00 1.18134920E+00 1.18134919E+00 1.18134918E+00 1.18134917E+00 1.18134915E+00 1.18134914E+00 1.18134912E+00 1.18134911E+00 1.18134909E+00 1.18134908E+00 1.18134906E+00 1.18134905E+00 1.18134903E+00 1.18134902E+00 1.18134901E+00 1.18134900E+00 1.18134900E+00 1.18134900E+00 1.18134901E+00 1.18134902E+00 1.18134905E+00 1.18134909E+00 1.18134914E+00 1.18134921E+00 1.18134929E+00 1.18134941E+00 1.18134954E+00 1.18134972E+00 1.18134992E+00 1.18135018E+00 1.18135048E+00 1.18135084E+00 1.18135127E+00 1.18135177E+00 1.18135236E+00 1.18135305E+00 1.18135385E+00 1.18135478E+00 1.18135584E+00 1.18135706E+00 1.18135846E+00 1.18136005E+00 1.18136187E+00 1.18136392E+00 1.18136624E+00 1.18136886E+00 1.18137179E+00 1.18137506E+00 1.18137871E+00 1.18138277E+00 1.18138727E+00 1.18139224E+00 1.18139769E+00 1.18140365E+00 1.18141017E+00 1.18141728E+00 1.18142495E+00 1.18143319E+00 1.18144202E+00 1.18145142E+00 1.18146137E+00 1.18147179E+00 1.18148265E+00 1.18149378E+00 1.18150509E+00 1.18151644E+00 1.18152768E+00 1.18153843E+00 1.18154837E+00 1.18155711E+00 1.18156425E+00 1.18156908E+00 1.18157104E+00 1.18156913E+00 1.18156269E+00 1.18155036E+00 1.18153099E+00 1.18150268E+00 1.18146424E+00 1.18141318E+00 1.18134763E+00 1.18126432E+00 1.18116113E+00 1.18103393E+00 1.18087953E+00 1.18069195E+00 1.18046775E+00 1.18020176E+00 1.17988928E+00 1.17951938E+00 1.17908724E+00 1.17858329E+00 1.17799982E+00 1.17732484E+00 1.17654983E+00 1.17566007E+00 1.17464570E+00 1.17348884E+00 1.17217899E+00 1.17069328E+00 1.16901983E+00 1.16713437E+00 1.16502204E+00 1.16265879E+00 1.16002660E+00 1.15708964E+00 1.15383049E+00 1.15023208E+00 1.14625969E+00 1.14225514E+00 1.13789211E+00 1.13371915E+00 1.12922490E+00 1.12495770E+00 1.12041937E+00 1.11617524E+00 1.11167391E+00 1.10746218E+00 1.10307274E+00 1.09904929E+00 1.09482260E+00 1.09090295E+00 1.08685810E+00 1.08318703E+00 1.07940164E+00 1.07595755E+00 1.07237845E+00 1.06910159E+00 1.06577745E+00 1.06278975E+00 1.05968628E+00 1.05665947E+00 1.05361965E+00 1.05058506E+00 1.04745635E+00 1.04416441E+00 1.04071779E+00 1.03717961E+00 1.03367861E+00 1.03019847E+00 1.02657776E+00 1.02273167E+00 1.01864573E+00 1.01457242E+00 1.01063093E+00 1.00595676E+00 1.00000000E+00
1.17533453E+00 1.17533453E+00 1.17533453E+00 1.17533453E+00 1.17533453E+00 1.17533453E+00 1.17533453E+00 1.17533453E+00 1.17533453E+00 1.17533453E+00 1.17533453E+00 1.17533453E+00 1.17533453E+00 1.17533453E+00 1.17533453E+00 1.17533453E+00 1.17533453E+00 1.17533453E+00 1.17533453E+00 1.17533453E+00 1.17533453E+00 1.17533453E+00 1.17533453E+00 1.17533453E+00 1.17533453E+00 1.17533453E+00 1.17533453E+00 1.17533453E+00 1.17533453E+00 1.17533453E+00 1.17533453E+00 1.17533453E+00 1.17533453E+00 1.17533453E+00 1.17533453E+00 1.17533453E+00 1.17533453E+00 1.17533453E+00 1.17533453E+00 1.17533453E+00 1.17533453E+00 1.17533453E+00 1.17533453E+00 1.17533453E+00 1.17533453E+00 1.17533453E+00 1.17533453E+00 1.17533453E+00 1.17533453E+00 1.17533453E+00 1.17533453E+00 1.17533453E+00 1.17533453E+00 1.17533453E+00 1.17533452E+00 1.17533452E+00 1.17533452E+00 1.17533452E+00 1.17533452E+00 1.17533452E+00 1.17533452E+00 1.17533452E+00 1.17533452E+00 1.17533451E+00 1.17533451E+00 1.17533451E+00 1.17533451E+00 1.17533450E+00 1.17533450E+00 1.17533450E+00 1.17533449E+00 1.17533449E+00 1.17533448E+00 1.17533447E+00 1.17533447E+00 1.17533446E+00 1.17533445E+00 1.17533444E+00 1.17533443E+00 1.17533442E+00 1.17533441E+00 1.17533440E+00 1.17533439E+00 1.17533437E+00 1.17533436E+00 1.17533434E+00 1.17533433E+00 1.17533431E+00 1.17533430E+00 1.17533429E+00 1.17533427E+00 1.17533426E+00 1.17533425E+00 1.17533424E+00 1.17533424E+00 1.17533424E+00 1.17533424E+00 1.17533426E+00 1.17533428E+00 1.17533431E+00 1.17533436E+00 1.17533442E+00 1.17533449E+00 1.17533460E+00 1.17533472E+00 1.17533488E+00 1.17533507E+00 1.17533530E+00 1.17533558E+00 1.17533592E+00 1.17533631E+00 1.17533678E+00 1.17533733E+00 1.17533797E+00 1.17533872E+00 1.17533958E+00 1.17534058E+00 1.17534173E+00 1.17534303E+00 1.17534454E+00 1.17534624E+00 1.17534818E+00 1.17535036E+00 1.17535283E+00 1.17535559E+00 1.17535869E+00 1.17536214E+00 1.17536599E+00 1.17537026E+00 1.17537497E+00 1.17538014E+00 1.17538582E+00 1.17539202E+00 1.17539879E+00 1.17540609E+00 1.17541395E+00 1.17542238E+00 1.17543136E+00 1.17544086E+00 1.17545083E+00 1.17546121E+00 1.17547187E+00 1.17548271E+00 1.17549360E+00 1.17550437E+00 1.17551468E+00 1.17552422E+00 1.17553261E+00 1.17553946E+00 1.17554408E+00 1.17554595E+00 1.17554408E+00 1.17553783E+00 1.17552586E+00 1.17550708E+00 1.17547967E+00 1.17544244E+00 1.17539295E+00 1.17532939E+00 1.17524862E+00 1.17514851E+00 1.17502495E+00 1.17487495E+00 1.17469287E+00 1.17447520E+00 1.17421657E+00 1.17391237E+00 1.17355229E+00 1.17313162E+00 1.17264086E+00 1.17207255E+00 1.17141490E+00 1.17065960E+00 1.16979223E+00 1.16880307E+00 1.16767462E+00 1.16639641E+00 1.16494646E+00 1.16331320E+00 1.16147274E+00 1.15941035E+00 1.15710217E+00 1.15453065E+00 1.15166118E+00 1.14847659E+00 1.14496044E+00 1.14107922E+00 1.13716781E+00 1.13290586E+00 1.12882890E+00 1.12443875E+00 1.12027298E+00 1.11584141E+00 1.11169576E+00 1.10730148E+00 1.10319515E+00 1.09891450E+00 1.09498702E+00 1.09086474E+00 1.08704965E+00 1.08311396E+00 1.07954030E+00 1.07585441E+00 1.07250321E+00 1.06902428E+00 1.06584559E+00 1.06262158E+00 1.05972307E+00 1.05671480E+00 1.05378794E+00 1.05085154E+00 1.04791480E+00 1.04488490E+00 1.04171419E+00 1.03840216E+00 1.03500180E+00 1.03164183E+00 1.02829862E+00 1.02482836E+00 1.02117223E+00 1.01729588E+00 1.01344534E+00 1.00975452E+00 1.00544748E+00 1.00000000E+00
1.16858743E+00 1.16860102E+00 1.16862307E+00 1.16864689E+00 1.16866745E+00 1.16867914E+00 1.16868231E+00 1.16867892E+00 1.16867270E+00 1.16866826E+00 1.16866683E+00 1.16866894E+00 1.16867278E+00 1.16867594E+00 1.16867742E+00 1.16867665E+00 1.16867460E+00 1.16867265E+00 1.16867151E+00 1.16867161E+00 1.16867245E+00 1.16867329E+00 1.16867375E+00 1.16867358E+00 1.16867307E+00 1.16867258E+00 1.16867230E+00 1.16867230E+00 1.16867246E+00 1.16867259E+00 1.16867264E+00 1.16867258E+00 1.16867248E+00 1.16867242E+00 1.16867239E+00 1.16867240E+00 1.16867242E+00 1.16867243E+00 1.16867242E+00 1.16867240E+00 1.16867239E+00 1.16867239E+00 1.16867239E+00 1.16867239E+00 1.16867239E+00 1.16867238E+00 1.16867238E+00 1.16867238E+00 1.16867238E+00 1.16867238E+00 1.16867238E+00 1.16867238E+00 1.16867238E+00 1.16867237E+00 1.16867237E+00 1.16867237E+00 1.16867237E+00 1.16867237E+00 1.16867237E+00 1.16867237E+00 1.16867237E+00 1.16867237E+00 1.16867236E+00 1.16867236E+00 1.16867236E+00 1.16867236E+00 1.16867236E+00 1.16867235E+00 1.16867235E+00 1.16867235E+00 1.16867234E+00 1.16867234E+00 1.16867233E+00 1.16867233E+00 1.16867232E+00 1.16867231E+00 1.16867231E+00 1.16867230E+00 1.16867229E+00 1.16867228E+00 1.16867227E+00 1.16867226E+00 1.16867224E+00 1.16867223E+00 1.16867222E+00 1.16867221E+00 1.16867219E+00 1.16867218E+00 1.16867216E+00 1.16867215E+00 1.16867214E+00 1.16867212E+00 1.16867211E+00 1.16867210E+00 1.16867210E+00 1.16867210E+00 1.16867210E+00 1.16867211E+00 1.16867213E+00 1.16867216E+00 1.16867220E+00 1.16867225E+00 1.16867232E+00 1.16867241E+00 1.16867252E+00 1.16867266E+00 1.16867284E+00 1.16867305E+00 1.16867330E+00 1.16867361E+00 1.16867397E+00 1.16867440E+00 1.16867491E+00 1.16867550E+00 1.16867618E+00 1.16867698E+00 1.16867791E+00 1.16867897E+00 1.16868018E+00 1.16868158E+00 1.16868317E+00 1.16868497E+00 1.16868701E+00 1.16868932E+00 1.16869191E+00 1.16869481E+00 1.16869805E+00 1.16870166E+00 1.16870567E+00 1.16871010E+00 1.16871498E+00 1.16872033E+00 1.16872618E+00 1.16873257E+00 1.16873948E+00 1.16874692E+00 1.16875490E+00 1.16876342E+00 1.16877244E+00 1.16878190E+00 1.16879177E+00 1.16880192E+00 1.16881225E+00 1.16882264E+00 1.16883291E+00 1.16884275E+00 1.16885187E+00 1.16885991E+00 1.16886648E+00 1.16887092E+00 1.16887273E+00 1.16887098E+00 1.16886502E+00 1.16885355E+00 1.16883556E+00 1.16880928E+00 1.16877356E+00 1.16872600E+00 1.16866490E+00 1.16858721E+00 1.16849082E+00 1.16837174E+00 1.16822711E+00 1.16805158E+00 1.16784164E+00 1.16759185E+00 1.16729770E+00 1.16694950E+00 1.16654263E+00 1.16606774E+00 1.16551761E+00 1.16488075E+00 1.16414902E+00 1.16330839E+00 1.16234932E+00 1.16125481E+00 1.16001448E+00 1.15860723E+00 1.15702174E+00 1.15523462E+00 1.15323142E+00 1.15098858E+00 1.14848898E+00 1.14569946E+00 1.14260328E+00 1.13918450E+00 1.13541066E+00 1.13160827E+00 1.12746470E+00 1.12350040E+00 1.11923191E+00 1.11518368E+00 1.11087634E+00 1.10684619E+00 1.10257684E+00 1.09859176E+00 1.09443671E+00 1.09062183E+00 1.08662159E+00 1.08292638E+00 1.07911529E+00 1.07565350E+00 1.07208292E+00 1.06883941E+00 1.06547579E+00 1.06240826E+00 1.05929740E+00 1.05650070E+00 1.05360182E+00 1.05078783E+00 1.04796626E+00 1.04513919E+00 1.04222113E+00 1.03918336E+00 1.03601842E+00 1.03277072E+00 1.02956710E+00 1.02637679E+00 1.02307361E+00 1.01962456E+00 1.01597677E+00 1.01236306E+00 1.00892963E+00 1.00497714E+00 1.00000000E+00
1.16147593E+00 1.16147593E+00 1.16147593E+00 1.16147593E+00 1.16147593E+00 1.16147593E+00 1.16147593E+00 1.16147593E+00 1.16147593E+00 1.16147593E+00 1.16147593E+00 1.16147593E+00 1.16147593E+00 1.16147593E+00 1.16147593E+00 1.16147593E+00 1.16147593E+00 1.16147593E+00 1.16147593E+00 1.16147593E+00 1.16147593E+00 1.16147593E+00 1.16147593E+00 1.16147593E+00 1.16147593E+00 1.16147593E+00 1.16147593E+00 1.16147593E+00 1.16147593E+00 1.16147593E+00 1.16147593E+00 1.16147593E+00 1.16147593E+00 1.16147593E+00 1.16147593E+00 1.16147593E+00 1.16147593E+00 1.16147593E+00 1.16147593E+00 1.16147593E+00 1.16147593E+00 1.16147593E+00 1.16147593E+00 1.16147593E+00 1.16147593E+00 1.16147593E+00 1.16147593E+00 1.16147593E+00 1.16147593E+00 1.16147593E+00 1.16147593E+00 1.16147593E+00 1.16147593E+00 1.16147593E+00 1.16147593E+00 1.16147593E+00 1.16147593E+00 1.16147593E+00 1.16147593E+00 1.16147593E+00 1.16147593E+00 1.16147593E+00 1.16147592E+00 1.16147592E+00 1.16147592E+00 1.16147592E+00 1.16147592E+00 1.16147591E+00 1.16147591E+00 1.16147591E+00 1.16147590E+00 1.16147590E+00 1.16147590E+00 1.16147589E+00 1.16147589E+00 1.16147588E+00 1.16147587E+00 1.16147586E+00 1.16147586E+00 1.16147585E+00 1.16147584E+00 1.16147583E+00 1.16147582E+00 1.16147581E+00 1.16147579E+00 1.16147578E+00 1.16147577E+00 1.16147575E+00 1.16147574E+00 1.16147573E+00 1.16147571E+00 1.16147570E+00 1.16147569E+00 1.16147568E+00 1.16147568E+00 1.16147567E+00 1.16147568E+00 1.16147568E+00 1.16147570E+00 1.16147572E+00 1.16147575E+00 1.16147580E+00 1.16147586E+00 1.16147594E+00 1.16147604E+00 1.16147616E+00 1.16147632E+00 1.16147651E+00 1.16147674E+00 1.16147701E+00 1.16147734E+00 1.16147773E+00 1.16147819E+00 1.16147873E+00 1.16147935E+00 1.16148009E+00 1.16148093E+00 1.16148191E+00 1.16148302E+00 1.16148431E+00 1.16148577E+00 1.16148744E+00 1.16148933E+00 1.16149146E+00 1.16149386E+00 1.16149656E+00 1.16149957E+00 1.16150293E+00 1.16150667E+00 1.16151080E+00 1.16151536E+00 1.16152036E+00 1.16152585E+00 1.16153183E+00 1.16153831E+00 1.16154531E+00 1.16155282E+00 1.16156083E+00 1.16156933E+00 1.16157825E+00 1.16158757E+00 1.16159717E+00 1.16160696E+00 1.16161680E+00 1.16162655E+00 1.16163589E+00 1.16164457E+00 1.16165223E+00 1.16165852E+00 1.16166278E+00 1.16166456E+00 1.16166297E+00 1.16165736E+00 1.16164651E+00 1.16162944E+00 1.16160448E+00 1.16157049E+00 1.16152517E+00 1.16146689E+00 1.16139273E+00 1.16130061E+00 1.16118669E+00 1.16104823E+00 1.16088015E+00 1.16067901E+00 1.16043935E+00 1.16015683E+00 1.15982232E+00 1.15943133E+00 1.15897468E+00 1.15844548E+00 1.15783252E+00 1.15712790E+00 1.15631801E+00 1.15539356E+00 1.15433811E+00 1.15314145E+00 1.15178335E+00 1.15025272E+00 1.14852684E+00 1.14659161E+00 1.14442388E+00 1.14200699E+00 1.13930943E+00 1.13631491E+00 1.13300798E+00 1.12935718E+00 1.12567930E+00 1.12167096E+00 1.11783542E+00 1.11370574E+00 1.10979104E+00 1.10562521E+00 1.10172717E+00 1.09760039E+00 1.09375249E+00 1.08973969E+00 1.08605337E+00 1.08219225E+00 1.07863189E+00 1.07496043E+00 1.07162437E+00 1.06818402E+00 1.06506177E+00 1.06182775E+00 1.05888389E+00 1.05589837E+00 1.05321478E+00 1.05043796E+00 1.04774799E+00 1.04505052E+00 1.04234254E+00 1.03954756E+00 1.03665343E+00 1.03364781E+00 1.03056686E+00 1.02753166E+00 1.02450529E+00 1.02137965E+00 1.01814578E+00 1.01473614E+00 1.01136353E+00 1.00818365E+00 1.00456052E+00 1.00000000E+00
1.15386634E+00 1.15383301E+00 1.15380574E+00 1.15379429E+00 1.15379708E+00 1.15381059E+00 1.15382890E+00 1.15384463E+00 1.15385541E+00 1.15385922E+00 1.15385796E+00 1.15385432E+00 1.15385027E+00 1.15384787E+00 1.15384706E+00 1.15384753E+00 1.15384854E+00 1.15384934E+00 1.15384979E+00 1.15384986E+00 1.15384973E+00 1.15384960E+00 1.15384947E+00 1.15384937E+00 1.15384928E+00 1.15384919E+00 1.15384914E+00 1.15384913E+00 1.15384915E+00 1.15384919E+00 1.15384920E+00 1.15384919E+00 1.15384916E+00 1.15384913E+00 1.15384911E+00 1.15384911E+00 1.15384911E+00 1.15384912E+00 1.15384912E+00 1.15384911E+00 1.15384911E+00 1.15384910E+00 1.15384910E+00 1.15384910E+00 1.15384910E+00 1.15384910E+00 1.15384910E+00 1.15384910E+00 1.15384910E+00 1.15384910E+00 1.15384910E+00 1.15384910E+00 1.15384910E+00 1.15384910E+00 1.15384910E+00 1.15384910E+00 1.15384910E+00 1.15384910E+00 1.15384910E+00 1.15384910E+00 1.15384909E+00 1.15384909E+00 1.15384909E+00 1.15384909E+00 1.15384909E+00 1.15384909E+00 1.15384909E+00 1.15384908E+00 1.15384908E+00 1.15384908E+00 1.15384907E+00 1.15384907E+00 1.15384907E+00 1.15384906E+00 1.15384906E+00 1.15384905E+00 1.15384905E+00 1.15384904E+00 1.15384903E+00 1.15384902E+00 1.15384901E+00 1.15384901E+00 1.15384900E+00 1.15384898E+00 1.15384897E+00 1.15384896E+00 1.15384895E+00 1.15384894E+00 1.15384892E+00 1.15384891E+00 1.15384890E+00 1.15384889E+00 1.15384888E+00 1.15384887E+00 1.15384886E+00 1.15384886E+00 1.15384886E+00 1.15384886E+00 1.15384887E+00 1.15384889E+00 1.15384892E+00 1.15384896E+00 1.15384901E+00 1.15384908E+00 1.15384916E+00 1.15384927E+00 1.15384941E+00 1.15384958E+00 1.15384978E+00 1.15385003E+00 1.15385032E+00 1.15385067E+00 1.15385108E+00 1.15385157E+00 1.15385213E+00 1.15385279E+00 1.15385356E+00 1.15385445E+00 1.15385546E+00 1.15385664E+00 1.15385797E+00 1.15385950E+00 1.15386123E+00 1.15386318E+00 1.15386539E+00 1.15386787E+00 1.15387065E+00 1.15387375E+00 1.15387720E+00 1.15388103E+00 1.15388525E+00 1.15388989E+00 1.15389499E+00 1.15390055E+00 1.15390658E+00 1.15391310E+00 1.15392011E+00 1.15392760E+00 1.15393554E+00 1.15394390E+00 1.15395264E+00 1.15396165E+00 1.15397086E+00 1.15398012E+00 1.15398931E+00 1.15399812E+00 1.15400634E+00 1.15401361E+00 1.15401959E+00 1.15402368E+00 1.15402544E+00 1.15402402E+00 1.15401882E+00 1.15400865E+00 1.15399262E+00 1.15396911E+00 1.15393703E+00 1.15389420E+00 1.15383904E+00 1.15376878E+00 1.15368141E+00 1.15357323E+00 1.15344164E+00 1.15328183E+00 1.15309044E+00 1.15286210E+00 1.15259262E+00 1.15227348E+00 1.15190027E+00 1.15146409E+00 1.15095835E+00 1.15037221E+00 1.14969805E+00 1.14892269E+00 1.14803718E+00 1.14702570E+00 1.14587823E+00 1.14457550E+00 1.14310662E+00 1.14144965E+00 1.13959098E+00 1.13750793E+00 1.13518444E+00 1.13259066E+00 1.12971089E+00 1.12653005E+00 1.12301786E+00 1.11947998E+00 1.11562362E+00 1.11193282E+00 1.10795912E+00 1.10419398E+00 1.10018695E+00 1.09643741E+00 1.09247076E+00 1.08877597E+00 1.08492161E+00 1.08137906E+00 1.07767343E+00 1.07426234E+00 1.07074474E+00 1.06754729E+00 1.06425089E+00 1.06126187E+00 1.05817052E+00 1.05536170E+00 1.05251207E+00 1.04995081E+00 1.04730668E+00 1.04474988E+00 1.04218336E+00 1.03960125E+00 1.03693874E+00 1.03419697E+00 1.03136103E+00 1.02845816E+00 1.02559761E+00 1.02273901E+00 1.01979385E+00 1.01677371E+00 1.01360365E+00 1.01046818E+00 1.00752953E+00 1.00420374E+00 1.00000000E+00
1.14597110E+00 1.14592001E+00 1.14586944E+00 1.14583714E+00 1.14582486E+00 1.14583260E+00 1.14585298E+00 1.14587577E+00 1.14589531E+00 1.14590548E+00 1.14590719E+00 1.14590261E+00 1.14589521E+00 1.14588917E+00 1.14588561E+00 1.14588530E+00 1.14588705E+00 1.14588931E+00 1.14589121E+00 1.14589196E+00 1.14589181E+00 1.14589118E+00 1.14589048E+00 1.14589008E+00 1.14588997E+00 1.14589007E+00 1.14589025E+00 1.14589037E+00 1.14589041E+00 1.14589039E+00 1.14589033E+00 1.14589029E+00 1.14589026E+00 1.14589026E+00 1.14589027E+00 1.14589027E+00 1.14589028E+00 1.14589028E+00 1.14589027E+00 1.14589027E+00 1.14589027E+00 1.14589027E+00 1.14589027E+00 1.14589027E+00 1.14589027E+00 1.14589027E+00 1.14589027E+00 1.14589027E+00 1.14589026E+00 1.14589026E+00 1.14589026E+00 1.14589026E+00 1.14589026E+00 1.14589026E+00 1.14589026E+00 1.14589026E+00 1.14589026E+00 1.14589026E+00 1.14589026E+00 1.14589026E+00 1.14589026E+00 1.14589026E+00 1.14589026E+00 1.14589026E+00 1.14589026E+00 1.14589025E+00 1.14589025E+00 1.14589025E+00 1.14589025E+00 1.14589025E+00 1.14589024E+00 1.14589024E+00 1.14589024E+00 1.14589023E+00 1.14589023E+00 1.14589022E+00 1.14589022E+00 1.14589021E+00 1.14589020E+00 1.14589020E+00 1.14589019E+00 1.14589018E+00 1.14589017E+00 1.14589016E+00 1.14589015E+00 1.14589014E+00 1.14589013E+00 1.14589012E+00 1.14589011E+00 1.14589010E+00 1.14589008E+00 1.14589007E+00 1.14589006E+00 1.14589005E+00 1.14589005E+00 1.14589004E+00 1.14589004E+00 1.14589004E+00 1.14589005E+00 1.14589006E+00 1.14589008E+00 1.14589012E+00 1.14589016E+00 1.14589022E+00 1.14589029E+00 1.14589039E+00 1.14589051E+00 1.14589065E+00 1.14589083E+00 1.14589105E+00 1.14589131E+00 1.14589162E+00 1.14589198E+00 1.14589241E+00 1.14589292E+00 1.14589351E+00 1.14589420E+00 1.14589500E+00 1.14589591E+00 1.14589697E+00 1.14589818E+00 1.14589956E+00 1.14590113E+00 1.14590291E+00 1.14590492E+00 1.14590718E+00 1.14590971E+00 1.14591255E+00 1.14591571E+00 1.14591922E+00 1.14592309E+00 1.14592737E+00 1.14593206E+00 1.14593718E+00 1.14594275E+00 1.14594877E+00 1.14595526E+00 1.14596220E+00 1.14596957E+00 1.14597734E+00 1.14598546E+00 1.14599386E+00 1.14600246E+00 1.14601111E+00 1.14601971E+00 1.14602797E+00 1.14603569E+00 1.14604254E+00 1.14604820E+00 1.14605212E+00 1.14605386E+00 1.14605264E+00 1.14604787E+00 1.14603845E+00 1.14602353E+00 1.14600160E+00 1.14597159E+00 1.14593145E+00 1.14587970E+00 1.14581368E+00 1.14573147E+00 1.14562957E+00 1.14550551E+00 1.14535473E+00 1.14517400E+00 1.14495811E+00 1.14470304E+00 1.14440084E+00 1.14404726E+00 1.14363369E+00 1.14315390E+00 1.14259742E+00 1.14195697E+00 1.14121989E+00 1.14037758E+00 1.13941491E+00 1.13832212E+00 1.13708095E+00 1.13568069E+00 1.13410036E+00 1.13232688E+00 1.13033818E+00 1.12811885E+00 1.12564083E+00 1.12288894E+00 1.11984853E+00 1.11649068E+00 1.11310845E+00 1.10942095E+00 1.10589085E+00 1.10209033E+00 1.09849078E+00 1.09465969E+00 1.09107457E+00 1.08728513E+00 1.08375893E+00 1.08007824E+00 1.07669338E+00 1.07315842E+00 1.06990980E+00 1.06655868E+00 1.06351099E+00 1.06037031E+00 1.05752410E+00 1.05458647E+00 1.05192211E+00 1.04921625E+00 1.04678370E+00 1.04428030E+00 1.04186330E+00 1.03943158E+00 1.03697874E+00 1.03445546E+00 1.03187132E+00 1.02921172E+00 1.02649405E+00 1.02380687E+00 1.02111185E+00 1.01834334E+00 1.01552723E+00 1.01259292E+00 1.00968509E+00 1.00696930E+00 1.00390709E+00 1.00000000E+00
1.13775852E+00 1.13769038E+00 1.13763881E+00 1.13761651E+00 1.13761980E+00 1.13764126E+00 1.13767085E+00 1.13769568E+00 1.13771158E+00 1.13771495E+00 1.13770916E+00 1.13769935E+00 1.13768949E+00 1.13768391E+00 1.13768261E+00 1.13768484E+00 1.13768860E+00 1.13769160E+00 1.13769321E+00 1.13769309E+00 1.13769197E+00 1.13769079E+00 1.13768995E+00 1.13768978E+00 1.13769005E+00 1.13769043E+00 1.13769074E+00 1.13769082E+00 1.13769075E+00 1.13769062E+00 1.13769052E+00 1.13769049E+00 1.13769051E+00 1.13769054E+00 1.13769057E+00 1.13769058E+00 1.13769057E+00 1.13769056E+00 1.13769055E+00 1.13769055E+00 1.13769055E+00 1.13769055E+00 1.13769055E+00 1.13769055E+00 1.13769055E+00 1.13769055E+00 1.13769055E+00 1.13769055E+00 1.13769055E+00 1.13769055E+00 1.13769055E+00 1.13769055E+00 1.13769055E+00 1.13769055E+00 1.13769055E+00 1.13769055E+00 1.13769055E+00 1.13769055E+00 1.13769055E+00 1.13769055E+00 1.13769055E+00 1.13769055E+00 1.13769055E+00 1.13769055E+00 1.13769055E+00 1.13769054E+00 1.13769054E+00 1.13769054E+00 1.13769054E+00 1.13769054E+00 1.13769053E+00 1.13769053E+00 1.13769053E+00 1.13769053E+00 1.13769052E+00 1.13769052E+00 1.13769051E+00 1.13769051E+00 1.13769050E+00 1.13769050E+00 1.13769049E+00 1.13769048E+00 1.13769047E+00 1.13769046E+00 1.13769045E+00 1.13769045E+00 1.13769043E+00 1.13769042E+00 1.13769041E+00 1.13769040E+00 1.13769039E+00 1.13769038E+00 1.13769037E+00 1.13769036E+00 1.13769035E+00 1.13769035E+00 1.13769035E+00 1.13769035E+00 1.13769035E+00 1.13769036E+00 1.13769038E+00 1.13769040E+00 1.13769044E+00 1.13769049E+00 1.13769055E+00 1.13769063E+00 1.13769073E+00 1.13769086E+00 1.13769101E+00 1.13769120E+00 1.13769143E+00 1.13769170E+00 1.13769202E+00 1.13769240E+00 1.13769285E+00 1.13769337E+00 1.13769398E+00 1.13769469E+00 1.13769551E+00 1.13769645E+00 1.13769753E+00 1.13769877E+00 1.13770018E+00 1.13770178E+00 1.13770359E+00 1.13770563E+00 1.13770792E+00 1.13771049E+00 1.13771335E+00 1.13771654E+00 1.13772006E+00 1.13772395E+00 1.13772823E+00 1.13773291E+00 1.13773800E+00 1.13774352E+00 1.13774947E+00 1.13775584E+00 1.13776262E+00 1.13776977E+00 1.13777727E+00 1.13778503E+00 1.13779298E+00 1.13780101E+00 1.13780899E+00 1.13781667E+00 1.13782388E+00 1.13783030E+00 1.13783563E+00 1.13783935E+00 1.13784108E+00 1.13784007E+00 1.13783578E+00 1.13782717E+00 1.13781345E+00 1.13779321E+00 1.13776544E+00 1.13772821E+00 1.13768013E+00 1.13761870E+00 1.13754209E+00 1.13744701E+00 1.13733113E+00 1.13719016E+00 1.13702102E+00 1.13681873E+00 1.13657944E+00 1.13629581E+00 1.13596372E+00 1.13557493E+00 1.13512360E+00 1.13459971E+00 1.13399631E+00 1.13330134E+00 1.13250660E+00 1.13159772E+00 1.13056524E+00 1.12939197E+00 1.12806742E+00 1.12657168E+00 1.12489226E+00 1.12300783E+00 1.12090374E+00 1.11855373E+00 1.11594308E+00 1.11305761E+00 1.10987002E+00 1.10665921E+00 1.10315737E+00 1.09980368E+00 1.09619326E+00 1.09277485E+00 1.08913606E+00 1.08573023E+00 1.08213388E+00 1.07879047E+00 1.07529678E+00 1.07208140E+00 1.06873021E+00 1.06565513E+00 1.06248047E+00 1.05959099E+00 1.05661498E+00 1.05391783E+00 1.05114208E+00 1.04862888E+00 1.04607122E+00 1.04377020E+00 1.04141248E+00 1.03913895E+00 1.03684224E+00 1.03451800E+00 1.03213769E+00 1.02971197E+00 1.02723066E+00 1.02470121E+00 1.02217853E+00 1.01963604E+00 1.01703621E+00 1.01440842E+00 1.01170474E+00 1.00901213E+00 1.00649673E+00 1.00366741E+00 1.00000000E+00
1.26717800E+00 1.26717800E+00 1.26717800E+00 1.26717800E+00 1.26717800E+00 1.26717800E+00 1.26717800E+00 1.26717800E+00 1.26717800E+00 1.26717800E+00 1.26717800E+00 1.26717800E+00 1.26717800E+00 1.26717800E+00 1.26717800E+00 1.26717800E+00 1.26717800E+00 1.26717800E+00 1.26717800E+00 1.26717800E+00 1.26717800E+00 1.26717800E+00 1.26717800E+00 1.26717800E+00 1.26717800E+00 1.26717800E+00 1.26717800E+00 1.26717800E+00 1.26717800E+00 1.26717800E+00 1.26717800E+00 1.26717800E+00 1.26717800E+00 1.26717800E+00 1.26717800E+00 1.26717800E+00 1.26717800E+00 1.26717800E+00 1.26717800E+00 1.26717800E+00 1.26717800E+00 1.26717800E+00 1.26717800E+00 1.26717800E+00 1.26717800E+00 1.26717800E+00 1.26717800E+00 1.26717800E+00 1.26717800E+00 1.26717799E+00 1.26717799E+00 1.26717799E+00 1.26717799E+00 1.26717799E+00 1.26717798E+00 1.26717798E+00 1.26717798E+00 1.26717797E+00 1.26717797E+00 1.26717796E+00 1.26717796E+00 1.26717795E+00 1.26717794E+00 1.26717793E+00 1.26717793E+00 1.26717792E+00 1.26717791E+00 1.26717789E+00 1.26717788E+00 1.26717787E+00 1.26717785E+00 1.26717784E+00 1.26717782E+00 1.26717780E+00 1.26717778E+00 1.26717776E+00 1.26717774E+00 1.26717771E+00 1.26717769E+00 1.26717766E+00 1.26717764E+00 1.26717761E+00 1.26717758E+00 1.26717756E+00 1.26717753E+00 1.26717751E+00 1.26717749E+00 1.26717747E+00 1.26717746E+00 1.26717745E+00 1.26717746E+00 1.26717747E+00 1.26717749E+00 1.26717752E+00 1.26717758E+00 1.26717765E+00 1.26717774E+00 1.26717787E+00 1.26717803E+00 1.26717822E+00 1.26717846E+00 1.26717875E+00 1.26717910E+00 1.26717952E+00 1.26718002E+00 1.26718060E+00 1.26718128E+00 1.26718208E+00 1.26718301E+00 1.26718408E+00 1.26718532E+00 1.26718675E+00 1.26718838E+00 1.26719022E+00 1.26719232E+00 1.26719472E+00 1.26719743E+00 1.26720045E+00 1.26720382E+00 1.26720765E+00 1.26721194E+00 1.26721669E+00 1.26722196E+00 1.26722783E+00 1.26723431E+00 1.26724143E+00 1.26724923E+00 1.26725781E+00 1.26726719E+00 1.26727739E+00 1.26728842E+00 1.26730029E+00 1.26731310E+00 1.26732690E+00 1.26734159E+00 1.26735711E+00 1.26737349E+00 1.26739069E+00 1.26740862E+00 1.26742716E+00 1.26744612E+00 1.26746512E+00 1.26748400E+00 1.26750259E+00 1.26752061E+00 1.26753724E+00 1.26755193E+00 1.26756397E+00 1.26757274E+00 1.26757697E+00 1.26757572E+00 1.26756735E+00 1.26755092E+00 1.26752430E+00 1.26748552E+00 1.26743143E+00 1.26736043E+00 1.26726884E+00 1.26715368E+00 1.26700989E+00 1.26683491E+00 1.26662343E+00 1.26636971E+00 1.26606312E+00 1.26570044E+00 1.26527785E+00 1.26478798E+00 1.26421244E+00 1.26354483E+00 1.26277295E+00 1.26188669E+00 1.26087020E+00 1.25971160E+00 1.25839065E+00 1.25689481E+00 1.25520166E+00 1.25330011E+00 1.25115951E+00 1.24875926E+00 1.24606566E+00 1.24306806E+00 1.23974159E+00 1.23604937E+00 1.23193274E+00 1.22738817E+00 1.22240478E+00 1.21690396E+00 1.21133789E+00 1.20529749E+00 1.19956201E+00 1.19337213E+00 1.18744918E+00 1.18115931E+00 1.17529519E+00 1.16902418E+00 1.16308544E+00 1.15691964E+00 1.15131632E+00 1.14537850E+00 1.13979219E+00 1.13402126E+00 1.12880342E+00 1.12342280E+00 1.11849899E+00 1.11333177E+00 1.10854308E+00 1.10366970E+00 1.09928930E+00 1.09472320E+00 1.09022742E+00 1.08568042E+00 1.08113841E+00 1.07646458E+00 1.07149008E+00 1.06623720E+00 1.06081572E+00 1.05538404E+00 1.04993634E+00 1.04423222E+00 1.03810661E+00 1.03164178E+00 1.02506873E+00 1.01830604E+00 1.01011694E+00 1.00000000E+00
1.25982457E+00 1.25983642E+00 1.25985781E+00 1.25988673E+00 1.25991564E+00 1.25993617E+00 1.25994685E+00 1.25994842E+00 1.25994528E+00 1.25994271E+00 1.25994220E+00 1.25994441E+00 1.25994757E+00 1.25994978E+00 1.25995057E+00 1.25995000E+00 1.25994891E+00 1.25994815E+00 1.25994782E+00 1.25994785E+00 1.25994792E+00 1.25994780E+00 1.25994754E+00 1.25994722E+00 1.25994695E+00 1.25994677E+00 1.25994665E+00 1.25994655E+00 1.25994644E+00 1.25994633E+00 1.25994623E+00 1.25994615E+00 1.25994609E+00 1.25994604E+00 1.25994599E+00 1.25994595E+00 1.25994592E+00 1.25994589E+00 1.25994586E+00 1.25994584E+00 1.25994583E+00 1.25994581E+00 1.25994580E+00 1.25994579E+00 1.25994578E+00 1.25994577E+00 1.25994576E+00 1.25994576E+00 1.25994575E+00 1.25994575E+00 1.25994574E+00 1.25994574E+00 1.25994573E+00 1.25994573E+00 1.25994572E+00 1.25994572E+00 1.25994572E+00 1.25994571E+00 1.25994571E+00 1.25994570E+00 1.25994569E+00 1.25994569E+00 1.25994568E+00 1.25994567E+00 1.25994566E+00 1.25994565E+00 1.25994564E+00 1.25994563E+00 1.25994562E+00 1.25994561E+00 1.25994559E+00 1.25994558E+00 1.25994556E+00 1.25994554E+00 1.25994552E+00 1.25994550E+00 1.25994548E+00 1.25994546E+00 1.25994544E+00 1.25994541E+00 1.25994539E+00 1.25994536E+00 1.25994534E+00 1.25994531E+00 1.25994529E+00 1.25994527E+00 1.25994525E+00 1.25994523E+00 1.25994522E+00 1.25994521E+00 1.25994521E+00 1.25994522E+00 1.25994524E+00 1.25994527E+00 1.25994532E+00 1.25994538E+00 1.25994547E+00 1.25994558E+00 1.25994573E+00 1.25994591E+00 1.25994613E+00 1.25994641E+00 1.25994673E+00 1.25994712E+00 1.25994759E+00 1.25994814E+00 1.25994878E+00 1.25994953E+00 1.25995040E+00 1.25995142E+00 1.25995259E+00 1.25995393E+00 1.25995547E+00 1.25995722E+00 1.25995921E+00 1.25996148E+00 1.25996405E+00 1.25996692E+00 1.25997013E+00 1.25997378E+00 1.25997785E+00 1.25998238E+00 1.25998740E+00 1.25999300E+00 1.25999918E+00 1.26000597E+00 1.26001343E+00 1.26002163E+00 1.26003059E+00 1.26004034E+00 1.26005088E+00 1.26006225E+00 1.26007452E+00 1.26008772E+00 1.26010176E+00 1.26011662E+00 1.26013230E+00 1.26014877E+00 1.26016591E+00 1.26018359E+00 1.26020166E+00 1.26021977E+00 1.26023778E+00 1.26025545E+00 1.26027248E+00 1.26028809E+00 1.26030177E+00 1.26031283E+00 1.26032062E+00 1.26032387E+00 1.26032169E+00 1.26031252E+00 1.26029532E+00 1.26026790E+00 1.26022844E+00 1.26017392E+00 1.26010268E+00 1.26001095E+00 1.25989595E+00 1.25975288E+00 1.25957879E+00 1.25936788E+00 1.25911514E+00 1.25881133E+00 1.25845256E+00 1.25803345E+00 1.25754677E+00 1.25697540E+00 1.25631329E+00 1.25554818E+00 1.25466992E+00 1.25366271E+00 1.25251499E+00 1.25120725E+00 1.24972704E+00 1.24805180E+00 1.24616944E+00 1.24405017E+00 1.24167579E+00 1.23901374E+00 1.23605086E+00 1.23276008E+00 1.22910811E+00 1.22504069E+00 1.22055013E+00 1.21562207E+00 1.21018608E+00 1.20469728E+00 1.19874061E+00 1.19307600E+00 1.18696588E+00 1.18113529E+00 1.17494227E+00 1.16915895E+00 1.16298128E+00 1.15715151E+00 1.15110094E+00 1.14559078E+00 1.13975585E+00 1.13428334E+00 1.12863480E+00 1.12352416E+00 1.11825060E+00 1.11342681E+00 1.10837079E+00 1.10370073E+00 1.09895751E+00 1.09469336E+00 1.09024524E+00 1.08587509E+00 1.08146873E+00 1.07706848E+00 1.07253695E+00 1.06773346E+00 1.06267090E+00 1.05744491E+00 1.05222107E+00 1.04699023E+00 1.04152757E+00 1.03567962E+00 1.02949598E+00 1.02324000E+00 1.01689045E+00 1.00930302E+00 1.00000000E+00
1.25037693E+00 1.25037693E+00 1.25037693E+00 1.25037693E+00 1.25037693E+00 1.25037693E+00 1.25037693E+00 1.25037693E+00 1.25037693E+00 1.25037693E+00 1.25037693E+00 1.25037693E+00 1.25037693E+00 1.25037693E+00 1.25037693E+00 1.25037693E+00 1.25037693E+00 1.25037693E+00 1.25037693E+00 1.25037693E+00 1.25037693E+00 1.25037693E+00 1.25037693E+00 1.25037693E+00 1.25037693E+00 1.25037693E+00 1.25037693E+00 1.25037693E+00 1.25037693E+00 1.25037693E+00 1.25037693E+00 1.25037693E+00 1.25037693E+00 1.25037693E+00 1.25037693E+00 1.25037693E+00 1.25037693E+00 1.25037693E+00 1.25037693E+00 1.25037693E+00 1.25037693E+00 1.25037693E+00 1.25037693E+00 1.25037693E+00 1.25037693E+00 1.25037693E+00 1.25037692E+00 1.25037692E+00 1.25037692E+00 1.25037692E+00 1.25037692E+00 1.25037692E+00 1.25037692E+00 1.25037692E+00 1.25037691E+00 1.25037691E+00 1.25037691E+00 1.25037690E+00 1.25037690E+00 1.25037690E+00 1.25037689E+00 1.25037689E+00 1.25037688E+00 1.25037687E+00 1.25037687E+00 1.25037686E+00 1.25037685E+00 1.25037684E+00 1.25037683E+00 1.25037682E+00 1.25037680E+00 1.25037679E+00 1.25037678E+00 1.25037676E+00 1.25037674E+00 1.25037672E+00 1.25037671E+00 1.25037668E+00 1.25037666E+00 1.25037664E+00 1.25037662E+00 1.25037659E+00 1.25037657E+00 1.25037655E+00 1.25037652E+00 1.25037650E+00 1.25037648E+00 1.25037647E+00 1.25037645E+00 1.25037644E+00 1.25037644E+00 1.25037644E+00 1.25037646E+00 1.25037648E+00 1.25037652E+00 1.25037658E+00 1.25037666E+00 1.25037676E+00 1.25037688E+00 1.25037704E+00 1.25037724E+00 1.25037748E+00 1.25037778E+00 1.25037813E+00 1.25037855E+00 1.25037905E+00 1.25037963E+00 1.25038031E+00 1.25038111E+00 1.25038204E+00 1.25038311E+00 1.25038435E+00 1.25038576E+00 1.25038737E+00 1.25038921E+00 1.25039130E+00 1.25039367E+00 1.25039634E+00 1.25039933E+00 1.25040271E+00 1.25040650E+00 1.25041071E+00 1.25041540E+00 1.25042062E+00 1.25042640E+00 1.25043276E+00 1.25043974E+00 1.25044743E+00 1.25045584E+00 1.25046499E+00 1.25047489E+00 1.25048560E+00 1.25049716E+00 1.25050959E+00 1.25052282E+00 1.25053684E+00 1.25055166E+00 1.25056721E+00 1.25058339E+00 1.25060008E+00 1.25061714E+00 1.25063427E+00 1.25065131E+00 1.25066799E+00 1.25068402E+00 1.25069867E+00 1.25071147E+00 1.25072173E+00 1.25072880E+00 1.25073148E+00 1.25072891E+00 1.25071956E+00 1.25070238E+00 1.25067521E+00 1.25063632E+00 1.25058289E+00 1.25051316E+00 1.25042343E+00 1.25031105E+00 1.25017138E+00 1.25000137E+00 1.24979510E+00 1.24954808E+00 1.24925191E+00 1.24890225E+00 1.24849278E+00 1.24801653E+00 1.24745766E+00 1.24681031E+00 1.24606220E+00 1.24520337E+00 1.24421834E+00 1.24309579E+00 1.24181678E+00 1.24036900E+00 1.23873010E+00 1.23688760E+00 1.23481283E+00 1.23248894E+00 1.22988426E+00 1.22698446E+00 1.22376131E+00 1.22018368E+00 1.21620106E+00 1.21180388E+00 1.20697617E+00 1.20165277E+00 1.19628474E+00 1.19045917E+00 1.18491463E+00 1.17893614E+00 1.17324201E+00 1.16719329E+00 1.16154036E+00 1.15550777E+00 1.14983018E+00 1.14394042E+00 1.13856907E+00 1.13288419E+00 1.12756651E+00 1.12208366E+00 1.11712239E+00 1.11200240E+00 1.10732415E+00 1.10242542E+00 1.09791348E+00 1.09333944E+00 1.08922734E+00 1.08493524E+00 1.08072819E+00 1.07650080E+00 1.07228198E+00 1.06793267E+00 1.06333853E+00 1.05850387E+00 1.05351430E+00 1.04854390E+00 1.04357592E+00 1.03840109E+00 1.03288569E+00 1.02704497E+00 1.02116077E+00 1.01527764E+00 1.00837883E+00 1.00000000E+00
1.23849148E+00 1.23849148E+00 1.23849148E+00 1.23849148E+00 1.23849148E+00 1.23849148E+00 1.23849148E+00 1.23849148E+00 1.23849148E+00 1.23849148E+00 1.23849148E+00 1.23849148E+00 1.23849148E+00 1.23849148E+00 1.23849148E+00 1.23849148E+00 1.23849148E+00 1.23849148E+00 1.23849148E+00 1.23849148E+00 1.23849148E+00 1.23849148E+00 1.23849148E+00 1.23849148E+00 1.23849148E+00 1.23849148E+00 1.23849148E+00 1.23849148E+00 1.23849148E+00 1.23849148E+00 1.23849148E+00 1.23849148E+00 1.23849148E+00 1.23849148E+00 1.23849148E+00 1.23849148E+00 1.23849148E+00 1.23849148E+00 1.23849148E+00 1.23849148E+00 1.23849148E+00 1.23849148E+00 1.23849148E+00 1.23849148E+00 1.23849147E+00 1.23849147E+00 1.23849147E+00 1.23849147E+00 1.23849147E+00 1.23849147E+00 1.23849147E+00 1.23849147E+00 1.23849147E+00 1.23849147E+00 1.23849146E+00 1.23849146E+00 1.23849146E+00 1.23849146E+00 1.23849145E+00 1.23849145E+00 1.23849145E+00 1.23849144E+00 1.23849144E+00 1.23849143E+00 1.23849143E+00 1.23849142E+00 1.23849141E+00 1.23849140E+00 1.23849139E+00 1.23849138E+00 1.23849137E+00 1.23849136E+00 1.23849135E+00 1.23849133E+00 1.23849132E+00 1.23849130E+00 1.23849128E+00 1.23849126E+00 1.23849124E+00 1.23849122E+00 1.23849120E+00 1.23849118E+00 1.23849116E+00 1.23849114E+00 1.23849112E+00 1.23849109E+00 1.23849107E+00 1.23849106E+00 1.23849104E+00 1.23849103E+00 1.23849103E+00 1.23849103E+00 1.23849103E+00 1.23849105E+00 1.23849108E+00 1.23849112E+00 1.23849119E+00 1.23849127E+00 1.23849137E+00 1.23849151E+00 1.23849168E+00 1.23849189E+00 1.23849214E+00 1.23849244E+00 1.23849281E+00 1.23849324E+00 1.23849375E+00 1.23849435E+00 1.23849506E+00 1.23849588E+00 1.23849683E+00 1.23849792E+00 1.23849918E+00 1.23850063E+00 1.23850227E+00 1.23850415E+00 1.23850628E+00 1.23850869E+00 1.23851139E+00 1.23851446E+00 1.23851789E+00 1.23852173E+00 1.23852600E+00 1.23853076E+00 1.23853603E+00 1.23854185E+00 1.23854826E+00 1.23855532E+00 1.23856304E+00 1.23857146E+00 1.23858060E+00 1.23859050E+00 1.23860119E+00 1.23861269E+00 1.23862496E+00 1.23863799E+00 1.23865176E+00 1.23866624E+00 1.23868132E+00 1.23869688E+00 1.23871281E+00 1.23872885E+00 1.23874482E+00 1.23876046E+00 1.23877549E+00 1.23878923E+00 1.23880125E+00 1.23881089E+00 1.23881752E+00 1.23882000E+00 1.23881752E+00 1.23880862E+00 1.23879225E+00 1.23876634E+00 1.23872929E+00 1.23867839E+00 1.23861193E+00 1.23852630E+00 1.23841898E+00 1.23828553E+00 1.23812290E+00 1.23792529E+00 1.23768855E+00 1.23740492E+00 1.23706984E+00 1.23667648E+00 1.23621822E+00 1.23568043E+00 1.23505743E+00 1.23433702E+00 1.23350960E+00 1.23256012E+00 1.23147755E+00 1.23024352E+00 1.22884599E+00 1.22726314E+00 1.22548239E+00 1.22347630E+00 1.22122893E+00 1.21870953E+00 1.21590338E+00 1.21278169E+00 1.20931495E+00 1.20545641E+00 1.20119580E+00 1.19651624E+00 1.19135654E+00 1.18615808E+00 1.18051660E+00 1.17514454E+00 1.16935296E+00 1.16384485E+00 1.15799371E+00 1.15252387E+00 1.14669132E+00 1.14121410E+00 1.13553610E+00 1.13035300E+00 1.12487005E+00 1.11975415E+00 1.11448601E+00 1.10972008E+00 1.10480264E+00 1.10031584E+00 1.09562037E+00 1.09130643E+00 1.08694136E+00 1.08301823E+00 1.07892209E+00 1.07491742E+00 1.07090787E+00 1.06690893E+00 1.06278014E+00 1.05843337E+00 1.05386553E+00 1.04915451E+00 1.04448262E+00 1.03982233E+00 1.03498016E+00 1.02984972E+00 1.02441402E+00 1.01896142E+00 1.01359437E+00 1.00742736E+00 1.00000000E+00
1.22450318E+00 1.22450322E+00 1.22450324E+00 1.22450335E+00 1.22450350E+00 1.22450364E+00 1.22450373E+00 1.22450377E+00 1.22450379E+00 1.22450380E+00 1.22450382E+00 1.22450384E+00 1.22450386E+00 1.22450388E+00 1.22450388E+00 1.22450389E+00 1.22450389E+00 1.22450390E+00 1.22450390E+00 1.22450390E+00 1.22450390E+00 1.22450391E+00 1.22450391E+00 1.22450391E+00 1.22450391E+00 1.22450391E+00 1.22450391E+00 1.22450391E+00 1.22450391E+00 1.22450391E+00 1.22450391E+00 1.22450391E+00 1.22450391E+00 1.22450391E+00 1.22450391E+00 1.22450391E+00 1.22450391E+00 1.22450391E+00 1.22450391E+00 1.22450391E+00 1.22450391E+00 1.22450391E+00 1.22450391E+00 1.22450391E+00 1.22450391E+00 1.22450391E+00 1.22450391E+00 1.22450391E+00 1.22450391E+00 1.22450391E+00 1.22450391E+00 1.22450391E+00 1.22450391E+00 1.22450390E+00 1.22450390E+00 1.22450390E+00 1.22450390E+00 1.22450390E+00 1.22450389E+00 1.22450389E+00 1.22450389E+00 1.22450388E+00 1.22450388E+00 1.22450388E+00 1.22450387E+00 1.22450386E+00 1.22450386E+00 1.22450385E+00 1.22450384E+00 1.22450383E+00 1.22450383E+00 1.22450382E+00 1.22450380E+00 1.22450379E+00 1.22450378E+00 1.22450376E+00 1.22450375E+00 1.22450373E+00 1.22450372E+00 1.22450370E+00 1.22450368E+00 1.22450366E+00 1.22450364E+00 1.22450362E+00 1.22450360E+00 1.22450358E+00 1.22450356E+00 1.22450354E+00 1.22450352E+00 1.22450351E+00 1.22450350E+00 1.22450350E+00 1.22450350E+00 1.22450351E+00 1.22450353E+00 1.22450356E+00 1.22450361E+00 1.22450367E+00 1.22450375E+00 1.22450386E+00 1.22450400E+00 1.22450417E+00 1.22450437E+00 1.22450463E+00 1.22450493E+00 1.22450529E+00 1.22450572E+00 1.22450624E+00 1.22450684E+00 1.22450754E+00 1.22450835E+00 1.22450930E+00 1.22451039E+00 1.22451164E+00 1.22451307E+00 1.22451471E+00 1.22451657E+00 1.22451868E+00 1.22452107E+00 1.22452377E+00 1.22452680E+00 1.22453020E+00 1.22453400E+00 1.22453823E+00 1.22454294E+00 1.22454815E+00 1.22455389E+00 1.22456023E+00 1.22456718E+00 1.22457477E+00 1.22458303E+00 1.22459200E+00 1.22460170E+00 1.22461215E+00 1.22462333E+00 1.22463522E+00 1.22464782E+00 1.22466107E+00 1.22467492E+00 1.22468923E+00 1.22470392E+00 1.22471874E+00 1.22473355E+00 1.22474807E+00 1.22476205E+00 1.22477489E+00 1.22478617E+00 1.22479530E+00 1.22480166E+00 1.22480420E+00 1.22480217E+00 1.22479418E+00 1.22477924E+00 1.22475539E+00 1.22472114E+00 1.22467396E+00 1.22461219E+00 1.22453238E+00 1.22443217E+00 1.22430735E+00 1.22415494E+00 1.22396939E+00 1.22374684E+00 1.22348007E+00 1.22316449E+00 1.22279311E+00 1.22235966E+00 1.22185072E+00 1.22126078E+00 1.22057791E+00 1.21979294E+00 1.21889137E+00 1.21786253E+00 1.21668874E+00 1.21535836E+00 1.21385033E+00 1.21215217E+00 1.21023779E+00 1.20809195E+00 1.20568506E+00 1.20300245E+00 1.20001535E+00 1.19669572E+00 1.19300070E+00 1.18891997E+00 1.18443608E+00 1.17949138E+00 1.17451258E+00 1.16910943E+00 1.16396235E+00 1.15841345E+00 1.15314263E+00 1.14754408E+00 1.14231049E+00 1.13673389E+00 1.13150736E+00 1.12609381E+00 1.12114894E+00 1.11592074E+00 1.11105481E+00 1.10605085E+00 1.10152540E+00 1.09685760E+00 1.09260561E+00 1.08815739E+00 1.08408035E+00 1.07996303E+00 1.07626470E+00 1.07240350E+00 1.06863879E+00 1.06488250E+00 1.06113713E+00 1.05726273E+00 1.05319810E+00 1.04893425E+00 1.04454201E+00 1.04020959E+00 1.03589648E+00 1.03142553E+00 1.02672303E+00 1.02174347E+00 1.01677059E+00 1.01195116E+00 1.00651496E+00 1.00000000E+00
1.20862224E+00 1.20863021E+00 1.20863524E+00 1.20864004E+00 1.20864523E+00 1.20865105E+00 1.20865661E+00 1.20866089E+00 1.20866369E+00 1.20866515E+00 1.20866586E+00 1.20866654E+00 1.20866734E+00 1.20866833E+00 1.20866928E+00 1.20866997E+00 1.20867039E+00 1.20867061E+00 1.20867073E+00 1.20867087E+00 1.20867103E+00 1.20867119E+00 1.20867132E+00 1.20867141E+00 1.20867145E+00 1.20867149E+00 1.20867152E+00 1.20867155E+00 1.20867158E+00 1.20867160E+00 1.20867161E+00 1.20867162E+00 1.20867163E+00 1.20867164E+00 1.20867164E+00 1.20867165E+00 1.20867165E+00 1.20867166E+00 1.20867166E+00 1.20867166E+00 1.20867166E+00 1.20867166E+00 1.20867166E+00 1.20867167E+00 1.20867167E+00 1.20867167E+00 1.20867167E+00 1.20867167E+00 1.20867167E+00 1.20867167E+00 1.20867167E+00 1.20867167E+00 1.20867167E+00 1.20867166E+00 1.20867166E+00 1.20867166E+00 1.20867166E+00 1.20867166E+00 1.20867166E+00 1.20867166E+00 1.20867165E+00 1.20867165E+00 1.20867165E+00 1.20867164E+00 1.20867164E+00 1.20867164E+00 1.20867163E+00 1.20867162E+00 1.20867162E+00 1.20867161E+00 1.20867160E+00 1.20867160E+00 1.20867159E+00 1.20867158E+00 1.20867156E+00 1.20867155E+00 1.20867154E+00 1.20867153E+00 1.20867151E+00 1.20867150E+00 1.20867148E+00 1.20867146E+00 1.20867144E+00 1.20867143E+00 1.20867141E+00 1.20867139E+00 1.20867137E+00 1.20867135E+00 1.20867134E+00 1.20867132E+00 1.20867131E+00 1.20867130E+00 1.20867130E+00 1.20867130E+00 1.20867131E+00 1.20867133E+00 1.20867136E+00 1.20867141E+00 1.20867147E+00 1.20867155E+00 1.20867166E+00 1.20867179E+00 1.20867195E+00 1.20867215E+00 1.20867239E+00 1.20867269E+00 1.20867304E+00 1.20867345E+00 1.20867395E+00 1.20867453E+00 1.20867520E+00 1.20867599E+00 1.20867690E+00 1.20867795E+00 1.20867916E+00 1.20868055E+00 1.20868213E+00 1.20868394E+00 1.20868598E+00 1.20868829E+00 1.20869090E+00 1.20869384E+00 1.20869712E+00 1.20870080E+00 1.20870490E+00 1.20870944E+00 1.20871447E+00 1.20872003E+00 1.20872615E+00 1.20873284E+00 1.20874015E+00 1.20874810E+00 1.20875672E+00 1.20876603E+00 1.20877600E+00 1.20878664E+00 1.20879795E+00 1.20880987E+00 1.20882236E+00 1.20883530E+00 1.20884862E+00 1.20886211E+00 1.20887564E+00 1.20888894E+00 1.20890180E+00 1.20891366E+00 1.20892419E+00 1.20893280E+00 1.20893894E+00 1.20894166E+00 1.20894025E+00 1.20893345E+00 1.20892031E+00 1.20889903E+00 1.20886825E+00 1.20882563E+00 1.20876957E+00 1.20869686E+00 1.20860531E+00 1.20849098E+00 1.20835101E+00 1.20818020E+00 1.20797498E+00 1.20772863E+00 1.20743670E+00 1.20709229E+00 1.20668949E+00 1.20621611E+00 1.20566683E+00 1.20503014E+00 1.20429744E+00 1.20345483E+00 1.20249214E+00 1.20139253E+00 1.20014486E+00 1.19872908E+00 1.19713294E+00 1.19533193E+00 1.19331139E+00 1.19104323E+00 1.18851315E+00 1.18569292E+00 1.18255612E+00 1.17906388E+00 1.17520614E+00 1.17096508E+00 1.16628688E+00 1.16157855E+00 1.15646859E+00 1.15159900E+00 1.14634912E+00 1.14136799E+00 1.13607800E+00 1.13113399E+00 1.12587006E+00 1.12094576E+00 1.11584949E+00 1.11119196E+00 1.10627099E+00 1.10170292E+00 1.09701137E+00 1.09276941E+00 1.08839558E+00 1.08441873E+00 1.08025985E+00 1.07645731E+00 1.07262435E+00 1.06918395E+00 1.06559395E+00 1.06210321E+00 1.05863022E+00 1.05516598E+00 1.05157498E+00 1.04782354E+00 1.04389833E+00 1.03986191E+00 1.03590306E+00 1.03196754E+00 1.02789594E+00 1.02364960E+00 1.01915929E+00 1.01469295E+00 1.01042840E+00 1.00568644E+00 1.00000000E+00
1.19096059E+00 1.19099926E+00 1.19103020E+00 1.19105711E+00 1.19108045E+00 1.19110059E+00 1.19111688E+00 1.19112913E+00 1.19113793E+00 1.19114454E+00 1.19114992E+00 1.19115510E+00 1.19116000E+00 1.19116440E+00 1.19116794E+00 1.19117039E+00 1.19117194E+00 1.19117300E+00 1.19117384E+00 1.19117474E+00 1.19117564E+00 1.19117645E+00 1.19117708E+00 1.19117749E+00 1.19117774E+00 1.19117793E+00 1.19117810E+00 1.19117827E+00 1.19117844E+00 1.19117856E+00 1.19117865E+00 1.19117872E+00 1.19117876E+00 1.19117880E+00 1.19117884E+00 1.19117887E+00 1.19117890E+00 1.19117892E+00 1.19117893E+00 1.19117894E+00 1.19117895E+00 1.19117896E+00 1.19117897E+00 1.19117897E+00 1.19117898E+00 1.19117898E+00 1.19117898E+00 1.19117899E+00 1.19117899E+00 1.19117899E+00 1.19117899E+00 1.19117899E+00 1.19117899E+00 1.19117899E+00 1.19117899E+00 1.19117899E+00 1.19117899E+00 1.19117899E+00 1.19117899E+00 1.19117899E+00 1.19117899E+00 1.19117898E+00 1.19117898E+00 1.19117898E+00 1.19117898E+00 1.19117897E+00 1.19117897E+00 1.19117897E+00 1.19117896E+00 1.19117896E+00 1.19117895E+00 1.19117894E+00 1.19117893E+00 1.19117893E+00 1.19117892E+00 1.19117891E+00 1.19117890E+00 1.19117889E+00 1.19117887E+00 1.19117886E+00 1.19117885E+00 1.19117883E+00 1.19117882E+00 1.19117880E+00 1.19117878E+00 1.19117877E+00 1.19117875E+00 1.19117874E+00 1.19117872E+00 1.19117871E+00 1.19117869E+00 1.19117868E+00 1.19117868E+00 1.19117867E+00 1.19117868E+00 1.19117869E+00 1.19117870E+00 1.19117873E+00 1.19117877E+00 1.19117883E+00 1.19117891E+00 1.19117900E+00 1.19117912E+00 1.19117928E+00 1.19117946E+00 1.19117969E+00 1.19117996E+00 1.19118029E+00 1.19118068E+00 1.19118114E+00 1.19118168E+00 1.19118231E+00 1.19118305E+00 1.19118391E+00 1.19118489E+00 1.19118603E+00 1.19118733E+00 1.19118882E+00 1.19119051E+00 1.19119244E+00 1.19119462E+00 1.19119708E+00 1.19119985E+00 1.19120295E+00 1.19120642E+00 1.19121028E+00 1.19121456E+00 1.19121931E+00 1.19122455E+00 1.19123031E+00 1.19123660E+00 1.19124348E+00 1.19125095E+00 1.19125904E+00 1.19126773E+00 1.19127704E+00 1.19128696E+00 1.19129745E+00 1.19130846E+00 1.19131992E+00 1.19133175E+00 1.19134379E+00 1.19135590E+00 1.19136787E+00 1.19137948E+00 1.19139027E+00 1.19139994E+00 1.19140797E+00 1.19141385E+00 1.19141675E+00 1.19141602E+00 1.19141052E+00 1.19139938E+00 1.19138098E+00 1.19135409E+00 1.19131658E+00 1.19126697E+00 1.19120232E+00 1.19112062E+00 1.19101824E+00 1.19089253E+00 1.19073869E+00 1.19055343E+00 1.19033063E+00 1.19006603E+00 1.18975303E+00 1.18938616E+00 1.18895445E+00 1.18845283E+00 1.18787040E+00 1.18719918E+00 1.18642605E+00 1.18554145E+00 1.18452958E+00 1.18337992E+00 1.18207363E+00 1.18059891E+00 1.17893300E+00 1.17706195E+00 1.17495944E+00 1.17261182E+00 1.16999192E+00 1.16707533E+00 1.16382715E+00 1.16023753E+00 1.15628866E+00 1.15193123E+00 1.14754722E+00 1.14278818E+00 1.13825093E+00 1.13335937E+00 1.12872318E+00 1.12380032E+00 1.11920086E+00 1.11430864E+00 1.10974038E+00 1.10501475E+00 1.10069311E+00 1.09613223E+00 1.09191022E+00 1.08757832E+00 1.08366099E+00 1.07962318E+00 1.07595898E+00 1.07213021E+00 1.06863856E+00 1.06512361E+00 1.06197063E+00 1.05868488E+00 1.05549825E+00 1.05233281E+00 1.04917103E+00 1.04588840E+00 1.04247777E+00 1.03892298E+00 1.03527501E+00 1.03171383E+00 1.02817343E+00 1.02451587E+00 1.02073684E+00 1.01675058E+00 1.01279655E+00 1.00907199E+00 1.00496510E+00 1.00000000E+00
1.17191731E+00 1.17196145E+00 1.17199284E+00 1.17201459E+00 1.17202983E+00 1.17204253E+00 1.17205371E+00 1.17206446E+00 1.17207426E+00 1.17208265E+00 1.17208946E+00 1.17209475E+00 1.17209884E+00 1.17210214E+00 1.17210482E+00 1.17210705E+00 1.17210882E+00 1.17211023E+00 1.17211134E+00 1.17211227E+00 1.17211307E+00 1.17211377E+00 1.17211436E+00 1.17211482E+00 1.17211516E+00 1.17211542E+00 1.17211561E+00 1.17211579E+00 1.17211595E+00 1.17211608E+00 1.17211619E+00 1.17211628E+00 1.17211634E+00 1.17211639E+00 1.17211643E+00 1.17211646E+00 1.17211650E+00 1.17211652E+00 1.17211654E+00 1.17211656E+00 1.17211657E+00 1.17211658E+00 1.17211659E+00 1.17211659E+00 1.17211660E+00 1.17211660E+00 1.17211661E+00 1.17211661E+00 1.17211661E+00 1.17211662E+00 1.17211662E+00 1.17211662E+00 1.17211662E+00 1.17211662E+00 1.17211662E+00 1.17211662E+00 1.17211662E+00 1.17211662E+00 1.17211662E+00 1.17211662E+00 1.17211662E+00 1.17211662E+00 1.17211661E+00 1.17211661E+00 1.17211661E+00 1.17211661E+00 1.17211661E+00 1.17211660E+00 1.17211660E+00 1.17211659E+00 1.17211659E+00 1.17211659E+00 1.17211658E+00 1.17211657E+00 1.17211657E+00 1.17211656E+00 1.17211655E+00 1.17211654E+00 1.17211653E+00 1.17211652E+00 1.17211651E+00 1.17211650E+00 1.17211649E+00 1.17211647E+00 1.17211646E+00 1.17211644E+00 1.17211643E+00 1.17211642E+00 1.17211640E+00 1.17211639E+00 1.17211638E+00 1.17211636E+00 1.17211635E+00 1.17211635E+00 1.17211635E+00 1.17211635E+00 1.17211636E+00 1.17211637E+00 1.17211640E+00 1.17211643E+00 1.17211648E+00 1.17211655E+00 1.17211663E+00 1.17211674E+00 1.17211688E+00 1.17211704E+00 1.17211725E+00 1.17211749E+00 1.17211778E+00 1.17211813E+00 1.17211855E+00 1.17211904E+00 1.17211961E+00 1.17212027E+00 1.17212104E+00 1.17212194E+00 1.17212297E+00 1.17212416E+00 1.17212551E+00 1.17212706E+00 1.17212881E+00 1.17213080E+00 1.17213304E+00 1.17213557E+00 1.17213840E+00 1.17214157E+00 1.17214510E+00 1.17214903E+00 1.17215337E+00 1.17215816E+00 1.17216342E+00 1.17216918E+00 1.17217546E+00 1.17218228E+00 1.17218964E+00 1.17219754E+00 1.17220599E+00 1.17221495E+00 1.17222440E+00 1.17223427E+00 1.17224450E+00 1.17225496E+00 1.17226553E+00 1.17227602E+00 1.17228626E+00 1.17229586E+00 1.17230456E+00 1.17231190E+00 1.17231745E+00 1.17232047E+00 1.17232042E+00 1.17231627E+00 1.17230726E+00 1.17229196E+00 1.17226929E+00 1.17223737E+00 1.17219483E+00 1.17213909E+00 1.17206834E+00 1.17197930E+00 1.17186957E+00 1.17173485E+00 1.17157217E+00 1.17137601E+00 1.17114247E+00 1.17086541E+00 1.17053984E+00 1.17015610E+00 1.16970943E+00 1.16918970E+00 1.16858971E+00 1.16789724E+00 1.16710354E+00 1.16619404E+00 1.16515899E+00 1.16398102E+00 1.16264896E+00 1.16114210E+00 1.15944732E+00 1.15754050E+00 1.15540870E+00 1.15302643E+00 1.15037181E+00 1.14741384E+00 1.14414242E+00 1.14054024E+00 1.13656384E+00 1.13256379E+00 1.12821899E+00 1.12407357E+00 1.11960504E+00 1.11537376E+00 1.11088070E+00 1.10668348E+00 1.10222567E+00 1.09807048E+00 1.09376945E+00 1.08983165E+00 1.08568474E+00 1.08185764E+00 1.07793132E+00 1.07437755E+00 1.07071537E+00 1.06739784E+00 1.06393871E+00 1.06079281E+00 1.05762539E+00 1.05478448E+00 1.05183256E+00 1.04897648E+00 1.04613657E+00 1.04329185E+00 1.04033913E+00 1.03729280E+00 1.03413596E+00 1.03090336E+00 1.02775034E+00 1.02460697E+00 1.02136454E+00 1.01804783E+00 1.01456717E+00 1.01111654E+00 1.00790063E+00 1.00435871E+00 1.00000000E+00
1.15150450E+00 1.15150547E+00 1.15150630E+00 1.15150683E+00 1.15150712E+00 1.15150728E+00 1.15150739E+00 1.15150752E+00 1.15150766E+00 1.15150781E+00 1.15150795E+00 1.15150804E+00 1.15150811E+00 1.15150815E+00 1.15150819E+00 1.15150822E+00 1.15150825E+00 1.15150828E+00 1.15150830E+00 1.15150832E+00 1.15150833E+00 1.15150834E+00 1.15150835E+00 1.15150836E+00 1.15150837E+00 1.15150837E+00 1.15150837E+00 1.15150838E+00 1.15150838E+00 1.15150838E+00 1.15150838E+00 1.15150839E+00 1.15150839E+00 1.15150839E+00 1.15150839E+00 1.15150839E+00 1.15150839E+00 1.15150839E+00 1.15150839E+00 1.15150839E+00 1.15150839E+00 1.15150839E+00 1.15150839E+00 1.15150839E+00 1.15150839E+00 1.15150839E+00 1.15150839E+00 1.15150839E+00 1.15150839E+00 1.15150839E+00 1.15150839E+00 1.15150839E+00 1.15150839E+00 1.15150839E+00 1.15150839E+00 1.15150839E+00 1.15150839E+00 1.15150839E+00 1.15150839E+00 1.15150839E+00 1.15150839E+00 1.15150839E+00 1.15150839E+00 1.15150839E+00 1.15150838E+00 1.15150838E+00 1.15150838E+00 1.15150838E+00 1.15150838E+00 1.15150837E+00 1.15150837E+00 1.15150837E+00 1.15150836E+00 1.15150836E+00 1.15150835E+00 1.15150835E+00 1.15150834E+00 1.15150833E+00 1.15150833E+00 1.15150832E+00 1.15150831E+00 1.15150830E+00 1.15150829E+00 1.15150828E+00 1.15150827E+00 1.15150826E+00 1.15150825E+00 1.15150823E+00 1.15150822E+00 1.15150821E+00 1.15150820E+00 1.15150819E+00 1.15150818E+00 1.15150817E+00 1.15150816E+00 1.15150816E+00 1.15150816E+00 1.15150817E+00 1.15150818E+00 1.15150820E+00 1.15150823E+00 1.15150827E+00 1.15150832E+00 1.15150839E+00 1.15150848E+00 1.15150860E+00 1.15150874E+00 1.15150891E+00 1.15150911E+00 1.15150936E+00 1.15150966E+00 1.15151002E+00 1.15151043E+00 1.15151092E+00 1.15151150E+00 1.15151216E+00 1.15151294E+00 1.15151383E+00 1.15151486E+00 1.15151604E+00 1.15151738E+00 1.15151891E+00 1.15152065E+00 1.15152261E+00 1.15152482E+00 1.15152731E+00 1.15153008E+00 1.15153319E+00 1.15153663E+00 1.15154045E+00 1.15154466E+00 1.15154928E+00 1.15155435E+00 1.15155987E+00 1.15156585E+00 1.15157230E+00 1.15157923E+00 1.15158661E+00 1.15159442E+00 1.15160262E+00 1.15161116E+00 1.15161994E+00 1.15162888E+00 1.15163780E+00 1.15164657E+00 1.15165489E+00 1.15166253E+00 1.15166912E+00 1.15167430E+00 1.15167746E+00 1.15167813E+00 1.15167546E+00 1.15166879E+00 1.15165691E+00 1.15163892E+00 1.15161319E+00 1.15157854E+00 1.15153277E+00 1.15147429E+00 1.15140026E+00 1.15130860E+00 1.15119556E+00 1.15105855E+00 1.15089275E+00 1.15069471E+00 1.15045891E+00 1.15018095E+00 1.14985259E+00 1.14946942E+00 1.14902235E+00 1.14850501E+00 1.14790636E+00 1.14721866E+00 1.14642880E+00 1.14552791E+00 1.14450043E+00 1.14333604E+00 1.14201629E+00 1.14052927E+00 1.13885339E+00 1.13697637E+00 1.13487497E+00 1.13253075E+00 1.12991625E+00 1.12702012E+00 1.12382633E+00 1.12029917E+00 1.11675008E+00 1.11288957E+00 1.10920097E+00 1.10522642E+00 1.10146499E+00 1.09746830E+00 1.09373307E+00 1.08977563E+00 1.08609328E+00 1.08226989E+00 1.07876176E+00 1.07508304E+00 1.07169940E+00 1.06822158E+00 1.06506661E+00 1.06181639E+00 1.05887421E+00 1.05582239E+00 1.05305500E+00 1.05025879E+00 1.04774815E+00 1.04515593E+00 1.04265323E+00 1.04014958E+00 1.03762849E+00 1.03502459E+00 1.03236054E+00 1.02962291E+00 1.02682682E+00 1.02407593E+00 1.02131545E+00 1.01847956E+00 1.01560672E+00 1.01262806E+00 1.00966513E+00 1.00691456E+00 1.00386582E+00 1.00000000E+00
1.35317674E+00 1.35317674E+00 1.35317674E+00 1.35317674E+00 1.35317674E+00 1.35317674E+00 1.35317674E+00 1.35317674E+00 1.35317674E+00 1.35317674E+00 1.35317674E+00 1.35317674E+00 1.35317674E+00 1.35317674E+00 1.35317674E+00 1.35317674E+00 1.35317674E+00 1.35317674E+00 1.35317674E+00 1.35317674E+00 1.35317674E+00 1.35317674E+00 1.35317674E+00 1.35317674E+00 1.35317674E+00 1.35317674E+00 1.35317674E+00 1.35317674E+00 1.35317674E+00 1.35317674E+00 1.35317674E+00 1.35317674E+00 1.35317674E+00 1.35317674E+00 1.35317674E+00 1.35317674E+00 1.35317674E+00 1.35317673E+00 1.35317673E+00 1.35317673E+00 1.35317673E+00 1.35317673E+00 1.35317672E+00 1.35317672E+00 1.35317672E+00 1.35317671E+00 1.35317671E+00 1.35317671E+00 1.35317670E+00 1.35317669E+00 1.35317669E+00 1.35317668E+00 1.35317667E+00 1.35317666E+00 1.35317665E+00 1.35317664E+00 1.35317663E+00 1.35317662E+00 1.35317660E+00 1.35317659E+00 1.35317657E+00 1.35317655E+00 1.35317653E+00 1.35317651E+00 1.35317648E+00 1.35317646E+00 1.35317643E+00 1.35317640E+00 1.35317637E+00 1.35317634E+00 1.35317630E+00 1.35317627E+00 1.35317623E+00 1.35317619E+00 1.35317615E+00 1.35317611E+00 1.35317607E+00 1.35317603E+00 1.35317600E+00 1.35317596E+00 1.35317593E+00 1.35317590E+00 1.35317588E+00 1.35317586E+00 1.35317586E+00 1.35317586E+00 1.35317588E+00 1.35317592E+00 1.35317597E+00 1.35317605E+00 1.35317616E+00 1.35317630E+00 1.35317648E+00 1.35317671E+00 1.35317698E+00 1.35317731E+00 1.35317772E+00 1.35317820E+00 1.35317877E+00 1.35317945E+00 1.35318024E+00 1.35318116E+00 1.35318221E+00 1.35318345E+00 1.35318487E+00 1.35318649E+00 1.35318832E+00 1.35319042E+00 1.35319281E+00 1.35319551E+00 1.35319857E+00 1.35320201E+00 1.35320587E+00 1.35321017E+00 1.35321496E+00 1.35322036E+00 1.35322634E+00 1.35323291E+00 1.35324014E+00 1.35324821E+00 1.35325711E+00 1.35326684E+00 1.35327748E+00 1.35328917E+00 1.35330188E+00 1.35331563E+00 1.35333049E+00 1.35334664E+00 1.35336405E+00 1.35338270E+00 1.35340256E+00 1.35342368E+00 1.35344614E+00 1.35346997E+00 1.35349494E+00 1.35352092E+00 1.35354789E+00 1.35357572E+00 1.35360422E+00 1.35363308E+00 1.35366194E+00 1.35369002E+00 1.35371714E+00 1.35374299E+00 1.35376696E+00 1.35378751E+00 1.35380384E+00 1.35381483E+00 1.35381939E+00 1.35381540E+00 1.35380144E+00 1.35377513E+00 1.35373495E+00 1.35367750E+00 1.35359991E+00 1.35349756E+00 1.35336810E+00 1.35320609E+00 1.35300747E+00 1.35276530E+00 1.35247601E+00 1.35213220E+00 1.35172547E+00 1.35124082E+00 1.35067542E+00 1.35002621E+00 1.34928194E+00 1.34841610E+00 1.34742135E+00 1.34628282E+00 1.34498811E+00 1.34351744E+00 1.34185523E+00 1.33997540E+00 1.33786332E+00 1.33549309E+00 1.33285303E+00 1.32990678E+00 1.32662470E+00 1.32296165E+00 1.31891191E+00 1.31445142E+00 1.30952452E+00 1.30404964E+00 1.29803807E+00 1.29149016E+00 1.28428835E+00 1.27701340E+00 1.26914907E+00 1.26171873E+00 1.25371211E+00 1.24604184E+00 1.23790282E+00 1.23032873E+00 1.22222915E+00 1.21454184E+00 1.20655820E+00 1.19932113E+00 1.19166067E+00 1.18444022E+00 1.17697039E+00 1.17021851E+00 1.16325792E+00 1.15688177E+00 1.15019445E+00 1.14398739E+00 1.13764621E+00 1.13194150E+00 1.12600817E+00 1.12015801E+00 1.11420822E+00 1.10822674E+00 1.10208322E+00 1.09559373E+00 1.08875665E+00 1.08166108E+00 1.07448184E+00 1.06722178E+00 1.05960267E+00 1.05142472E+00 1.04285591E+00 1.03410126E+00 1.02484578E+00 1.01361890E+00 1.00000000E+00
1.34241845E+00 1.34241845E+00 1.34241845E+00 1.34241845E+00 1.34241845E+00 1.34241845E+00 1.34241845E+00 1.34241845E+00 1.34241845E+00 1.34241845E+00 1.34241845E+00 1.34241845E+00 1.34241845E+00 1.34241845E+00 1.34241845E+00 1.34241845E+00 1.34241845E+00 1.34241845E+00 1.34241845E+00 1.34241845E+00 1.34241845E+00 1.34241845E+00 1.34241845E+00 1.34241845E+00 1.34241845E+00 1.34241845E+00 1.34241845E+00 1.34241845E+00 1.34241845E+00 1.34241845E+00 1.34241844E+00 1.34241844E+00 1.34241844E+00 1.34241844E+00 1.34241844E+00 1.34241844E+00 1.34241844E+00 1.34241844E+00 1.34241844E+00 1.34241844E+00 1.34241844E+00 1.34241843E+00 1.34241843E+00 1.34241843E+00 1.34241843E+00 1.34241842E+00 1.34241842E+00 1.34241842E+00 1.34241841E+00 1.34241841E+00 1.34241840E+00 1.34241839E+00 1.34241839E+00 1.34241838E+00 1.34241837E+00 1.34241836E+00 1.34241835E+00 1.34241834E+00 1.34241832E+00 1.34241831E+00 1.34241829E+00 1.34241828E+00 1.34241826E+00 1.34241824E+00 1.34241822E+00 1.34241819E+00 1.34241817E+00 1.34241814E+00 1.34241811E+00 1.34241808E+00 1.34241805E+00 1.34241802E+00 1.34241798E+00 1.34241795E+00 1.34241791E+00 1.34241787E+00 1.34241784E+00 1.34241780E+00 1.34241776E+00 1.34241773E+00 1.34241770E+00 1.34241767E+00 1.34241764E+00 1.34241763E+00 1.34241762E+00 1.34241762E+00 1.34241763E+00 1.34241766E+00 1.34241771E+00 1.34241778E+00 1.34241787E+00 1.34241800E+00 1.34241816E+00 1.34241836E+00 1.34241860E+00 1.34241890E+00 1.34241927E+00 1.34241971E+00 1.34242023E+00 1.34242085E+00 1.34242157E+00 1.34242241E+00 1.34242339E+00 1.34242453E+00 1.34242583E+00 1.34242733E+00 1.34242903E+00 1.34243098E+00 1.34243319E+00 1.34243571E+00 1.34243855E+00 1.34244176E+00 1.34244536E+00 1.34244938E+00 1.34245387E+00 1.34245891E+00 1.34246450E+00 1.34247067E+00 1.34247748E+00 1.34248507E+00 1.34249343E+00 1.34250260E+00 1.34251263E+00 1.34252364E+00 1.34253563E+00 1.34254862E+00 1.34256268E+00 1.34257795E+00 1.34259441E+00 1.34261204E+00 1.34263084E+00 1.34265086E+00 1.34267216E+00 1.34269471E+00 1.34271834E+00 1.34274296E+00 1.34276853E+00 1.34279489E+00 1.34282182E+00 1.34284902E+00 1.34287617E+00 1.34290264E+00 1.34292817E+00 1.34295232E+00 1.34297449E+00 1.34299328E+00 1.34300790E+00 1.34301723E+00 1.34302016E+00 1.34301462E+00 1.34299928E+00 1.34297178E+00 1.34293048E+00 1.34287192E+00 1.34279344E+00 1.34269068E+00 1.34256112E+00 1.34239927E+00 1.34220133E+00 1.34196071E+00 1.34167314E+00 1.34133040E+00 1.34092559E+00 1.34044610E+00 1.33988753E+00 1.33924374E+00 1.33850405E+00 1.33764442E+00 1.33665792E+00 1.33552943E+00 1.33424631E+00 1.33278876E+00 1.33114185E+00 1.32928084E+00 1.32719125E+00 1.32484652E+00 1.32223282E+00 1.31931416E+00 1.31606539E+00 1.31244441E+00 1.30844053E+00 1.30402442E+00 1.29914684E+00 1.29373491E+00 1.28779271E+00 1.28131287E+00 1.27418985E+00 1.26701217E+00 1.25925395E+00 1.25191061E+00 1.24400145E+00 1.23645018E+00 1.22844007E+00 1.22097410E+00 1.21299855E+00 1.20545798E+00 1.19763525E+00 1.19053251E+00 1.18301777E+00 1.17595451E+00 1.16865677E+00 1.16205926E+00 1.15525675E+00 1.14903045E+00 1.14250806E+00 1.13647224E+00 1.13032177E+00 1.12479112E+00 1.11903523E+00 1.11337060E+00 1.10762917E+00 1.10186828E+00 1.09595291E+00 1.08972063E+00 1.08316455E+00 1.07636442E+00 1.06950243E+00 1.06258056E+00 1.05534396E+00 1.04760175E+00 1.03947680E+00 1.03123170E+00 1.02264344E+00 1.01235512E+00 1.00000000E+00
1.32922043E+00 1.32922043E+00 1.32922043E+00 1.32922043E+00 1.32922043E+00 1.32922043E+00 1.32922043E+00 1.32922043E+00 1.32922043E+00 1.32922043E+00 1.32922044E+00 1.32922044E+00 1.32922044E+00 1.32922044E+00 1.32922044E+00 1.32922044E+00 1.32922044E+00 1.32922044E+00 1.32922044E+00 1.32922044E+00 1.32922044E+00 1.32922044E+00 1.32922044E+00 1.32922044E+00 1.32922044E+00 1.32922044E+00 1.32922044E+00 1.32922044E+00 1.32922043E+00 1.32922043E+00 1.32922043E+00 1.32922043E+00 1.32922043E+00 1.32922043E+00 1.32922043E+00 1.32922043E+00 1.32922043E+00 1.32922043E+00 1.32922043E+00 1.32922043E+00 1.32922043E+00 1.32922043E+00 1.32922042E+00 1.32922042E+00 1.32922042E+00 1.32922042E+00 1.32922041E+00 1.32922041E+00 1.32922041E+00 1.32922040E+00 1.32922040E+00 1.32922039E+00 1.32922038E+00 1.32922038E+00 1.32922037E+00 1.32922036E+00 1.32922035E+00 1.32922034E+00 1.32922033E+00 1.32922032E+00 1.32922030E+00 1.32922029E+00 1.32922027E+00 1.32922025E+00 1.32922024E+00 1.32922021E+00 1.32922019E+00 1.32922017E+00 1.32922014E+00 1.32922012E+00 1.32922009E+00 1.32922006E+00 1.32922003E+00 1.32921999E+00 1.32921996E+00 1.32921992E+00 1.32921989E+00 1.32921986E+00 1.32921982E+00 1.32921979E+00 1.32921976E+00 1.32921973E+00 1.32921971E+00 1.32921969E+00 1.32921967E+00 1.32921967E+00 1.32921968E+00 1.32921970E+00 1.32921974E+00 1.32921979E+00 1.32921987E+00 1.32921997E+00 1.32922011E+00 1.32922028E+00 1.32922049E+00 1.32922076E+00 1.32922108E+00 1.32922146E+00 1.32922192E+00 1.32922247E+00 1.32922311E+00 1.32922387E+00 1.32922474E+00 1.32922576E+00 1.32922693E+00 1.32922828E+00 1.32922982E+00 1.32923158E+00 1.32923360E+00 1.32923588E+00 1.32923847E+00 1.32924139E+00 1.32924467E+00 1.32924835E+00 1.32925247E+00 1.32925709E+00 1.32926222E+00 1.32926790E+00 1.32927419E+00 1.32928119E+00 1.32928891E+00 1.32929739E+00 1.32930668E+00 1.32931688E+00 1.32932799E+00 1.32934006E+00 1.32935315E+00 1.32936735E+00 1.32938267E+00 1.32939909E+00 1.32941662E+00 1.32943532E+00 1.32945521E+00 1.32947626E+00 1.32949833E+00 1.32952134E+00 1.32954525E+00 1.32956987E+00 1.32959500E+00 1.32962034E+00 1.32964562E+00 1.32967026E+00 1.32969399E+00 1.32971628E+00 1.32973656E+00 1.32975354E+00 1.32976646E+00 1.32977421E+00 1.32977568E+00 1.32976888E+00 1.32975252E+00 1.32972427E+00 1.32968247E+00 1.32962368E+00 1.32954542E+00 1.32944351E+00 1.32931540E+00 1.32915557E+00 1.32896041E+00 1.32872350E+00 1.32844038E+00 1.32810267E+00 1.32770428E+00 1.32723388E+00 1.32668607E+00 1.32605292E+00 1.32532441E+00 1.32447857E+00 1.32350867E+00 1.32239932E+00 1.32113806E+00 1.31970552E+00 1.31808708E+00 1.31625882E+00 1.31420635E+00 1.31190297E+00 1.30933397E+00 1.30646443E+00 1.30327159E+00 1.29971517E+00 1.29578220E+00 1.29144046E+00 1.28664427E+00 1.28132749E+00 1.27549100E+00 1.26912345E+00 1.26212664E+00 1.25508835E+00 1.24748373E+00 1.24028084E+00 1.23252643E+00 1.22514130E+00 1.21731122E+00 1.21000934E+00 1.20221626E+00 1.19486994E+00 1.18725953E+00 1.18034438E+00 1.17302987E+00 1.16617108E+00 1.15909677E+00 1.15270533E+00 1.14611783E+00 1.14009599E+00 1.13379239E+00 1.12797418E+00 1.12206161E+00 1.11674809E+00 1.11121354E+00 1.10577776E+00 1.10029089E+00 1.09479859E+00 1.08915769E+00 1.08322594E+00 1.07699178E+00 1.07053115E+00 1.06403880E+00 1.05751026E+00 1.05071035E+00 1.04346758E+00 1.03585352E+00 1.02816114E+00 1.02028285E+00 1.01101437E+00 1.00000000E+00
1.31260282E+00 1.31261302E+00 1.31262139E+00 1.31262901E+00 1.31263568E+00 1.31264120E+00 1.31264547E+00 1.31264863E+00 1.31265100E+00 1.31265295E+00 1.31265457E+00 1.31265596E+00 1.31265709E+00 1.31265797E+00 1.31265864E+00 1.31265916E+00 1.31265958E+00 1.31265993E+00 1.31266022E+00 1.31266044E+00 1.31266062E+00 1.31266077E+00 1.31266088E+00 1.31266098E+00 1.31266106E+00 1.31266113E+00 1.31266118E+00 1.31266122E+00 1.31266126E+00 1.31266129E+00 1.31266132E+00 1.31266134E+00 1.31266136E+00 1.31266138E+00 1.31266139E+00 1.31266140E+00 1.31266141E+00 1.31266142E+00 1.31266143E+00 1.31266144E+00 1.31266144E+00 1.31266145E+00 1.31266145E+00 1.31266145E+00 1.31266146E+00 1.31266146E+00 1.31266146E+00 1.31266146E+00 1.31266146E+00 1.31266146E+00 1.31266145E+00 1.31266145E+00 1.31266145E+00 1.31266144E+00 1.31266144E+00 1.31266143E+00 1.31266142E+00 1.31266142E+00 1.31266141E+00 1.31266140E+00 1.31266139E+00 1.31266137E+00 1.31266136E+00 1.31266135E+00 1.31266133E+00 1.31266131E+00 1.31266129E+00 1.31266127E+00 1.31266125E+00 1.31266123E+00 1.31266120E+00 1.31266118E+00 1.31266115E+00 1.31266112E+00 1.31266109E+00 1.31266106E+00 1.31266103E+00 1.31266099E+00 1.31266096E+00 1.31266093E+00 1.31266090E+00 1.31266087E+00 1.31266085E+00 1.31266083E+00 1.31266081E+00 1.31266080E+00 1.31266080E+00 1.31266081E+00 1.31266084E+00 1.31266088E+00 1.31266093E+00 1.31266101E+00 1.31266112E+00 1.31266126E+00 1.31266143E+00 1.31266165E+00 1.31266191E+00 1.31266224E+00 1.31266262E+00 1.31266308E+00 1.31266363E+00 1.31266427E+00 1.31266502E+00 1.31266589E+00 1.31266690E+00 1.31266807E+00 1.31266941E+00 1.31267095E+00 1.31267271E+00 1.31267471E+00 1.31267698E+00 1.31267955E+00 1.31268245E+00 1.31268571E+00 1.31268936E+00 1.31269346E+00 1.31269803E+00 1.31270311E+00 1.31270874E+00 1.31271502E+00 1.31272195E+00 1.31272958E+00 1.31273796E+00 1.31274716E+00 1.31275721E+00 1.31276816E+00 1.31278004E+00 1.31279294E+00 1.31280688E+00 1.31282184E+00 1.31283785E+00 1.31285495E+00 1.31287316E+00 1.31289243E+00 1.31291267E+00 1.31293380E+00 1.31295577E+00 1.31297840E+00 1.31300152E+00 1.31302483E+00 1.31304808E+00 1.31307078E+00 1.31309262E+00 1.31311306E+00 1.31313158E+00 1.31314696E+00 1.31315853E+00 1.31316516E+00 1.31316582E+00 1.31315859E+00 1.31314226E+00 1.31311456E+00 1.31307384E+00 1.31301680E+00 1.31294111E+00 1.31284281E+00 1.31271931E+00 1.31256526E+00 1.31237722E+00 1.31214895E+00 1.31187599E+00 1.31155013E+00 1.31116582E+00 1.31071251E+00 1.31018433E+00 1.30957243E+00 1.30886736E+00 1.30804904E+00 1.30711087E+00 1.30603744E+00 1.30481668E+00 1.30342978E+00 1.30186238E+00 1.30009132E+00 1.29810249E+00 1.29586955E+00 1.29337743E+00 1.29059260E+00 1.28749374E+00 1.28404226E+00 1.28022431E+00 1.27600603E+00 1.27134411E+00 1.26617883E+00 1.26051025E+00 1.25432457E+00 1.24752873E+00 1.24070163E+00 1.23332934E+00 1.22634547E+00 1.21882871E+00 1.21168396E+00 1.20411374E+00 1.19705487E+00 1.18952596E+00 1.18244607E+00 1.17512562E+00 1.16847304E+00 1.16143589E+00 1.15485128E+00 1.14807401E+00 1.14195801E+00 1.13565887E+00 1.12990949E+00 1.12389155E+00 1.11834962E+00 1.11273495E+00 1.10769329E+00 1.10243661E+00 1.09728545E+00 1.09211110E+00 1.08694559E+00 1.08163520E+00 1.07605919E+00 1.07020218E+00 1.06413979E+00 1.05808282E+00 1.05201519E+00 1.04571779E+00 1.03904552E+00 1.03201689E+00 1.02493974E+00 1.01782715E+00 1.00964057E+00 1.00000000E+00
1.29176949E+00 1.29180871E+00 1.29184107E+00 1.29186654E+00 1.29188644E+00 1.29190276E+00 1.29191653E+00 1.29192878E+00 1.29193939E+00 1.29194835E+00 1.29195564E+00 1.29196152E+00 1.29196628E+00 1.29197031E+00 1.29197372E+00 1.29197664E+00 1.29197908E+00 1.29198110E+00 1.29198276E+00 1.29198414E+00 1.29198530E+00 1.29198628E+00 1.29198710E+00 1.29198779E+00 1.29198836E+00 1.29198884E+00 1.29198924E+00 1.29198958E+00 1.29198987E+00 1.29199011E+00 1.29199031E+00 1.29199048E+00 1.29199062E+00 1.29199074E+00 1.29199084E+00 1.29199093E+00 1.29199100E+00 1.29199106E+00 1.29199111E+00 1.29199115E+00 1.29199119E+00 1.29199122E+00 1.29199125E+00 1.29199127E+00 1.29199129E+00 1.29199130E+00 1.29199131E+00 1.29199132E+00 1.29199133E+00 1.29199134E+00 1.29199134E+00 1.29199134E+00 1.29199134E+00 1.29199134E+00 1.29199134E+00 1.29199134E+00 1.29199134E+00 1.29199133E+00 1.29199133E+00 1.29199132E+00 1.29199131E+00 1.29199130E+00 1.29199129E+00 1.29199128E+00 1.29199127E+00 1.29199126E+00 1.29199124E+00 1.29199122E+00 1.29199121E+00 1.29199119E+00 1.29199117E+00 1.29199114E+00 1.29199112E+00 1.29199110E+00 1.29199107E+00 1.29199104E+00 1.29199101E+00 1.29199099E+00 1.29199096E+00 1.29199093E+00 1.29199090E+00 1.29199087E+00 1.29199085E+00 1.29199082E+00 1.29199081E+00 1.29199079E+00 1.29199078E+00 1.29199078E+00 1.29199079E+00 1.29199081E+00 1.29199085E+00 1.29199090E+00 1.29199098E+00 1.29199108E+00 1.29199121E+00 1.29199137E+00 1.29199157E+00 1.29199182E+00 1.29199212E+00 1.29199248E+00 1.29199291E+00 1.29199343E+00 1.29199403E+00 1.29199474E+00 1.29199556E+00 1.29199651E+00 1.29199761E+00 1.29199889E+00 1.29200034E+00 1.29200201E+00 1.29200391E+00 1.29200607E+00 1.29200851E+00 1.29201127E+00 1.29201437E+00 1.29201786E+00 1.29202176E+00 1.29202611E+00 1.29203096E+00 1.29203637E+00 1.29204235E+00 1.29204897E+00 1.29205625E+00 1.29206427E+00 1.29207305E+00 1.29208264E+00 1.29209308E+00 1.29210444E+00 1.29211673E+00 1.29212997E+00 1.29214417E+00 1.29215938E+00 1.29217560E+00 1.29219281E+00 1.29221092E+00 1.29222988E+00 1.29224963E+00 1.29227002E+00 1.29229089E+00 1.29231199E+00 1.29233308E+00 1.29235374E+00 1.29237368E+00 1.29239236E+00 1.29240930E+00 1.29242344E+00 1.29243413E+00 1.29244035E+00 1.29244108E+00 1.29243460E+00 1.29241973E+00 1.29239436E+00 1.29235689E+00 1.29230425E+00 1.29223428E+00 1.29214327E+00 1.29202870E+00 1.29188549E+00 1.29171039E+00 1.29149750E+00 1.29124245E+00 1.29093742E+00 1.29057727E+00 1.29015223E+00 1.28965625E+00 1.28908018E+00 1.28841514E+00 1.28764285E+00 1.28675693E+00 1.28574223E+00 1.28458724E+00 1.28327382E+00 1.28178803E+00 1.28010764E+00 1.27821901E+00 1.27609664E+00 1.27372541E+00 1.27107355E+00 1.26812075E+00 1.26483037E+00 1.26118859E+00 1.25716099E+00 1.25270616E+00 1.24777114E+00 1.24235659E+00 1.23644674E+00 1.22995289E+00 1.22343576E+00 1.21640247E+00 1.20973977E+00 1.20256812E+00 1.19576264E+00 1.18855760E+00 1.18184209E+00 1.17468164E+00 1.16796293E+00 1.16103247E+00 1.15473545E+00 1.14807157E+00 1.14184908E+00 1.13545995E+00 1.12970236E+00 1.12377714E+00 1.11837829E+00 1.11272404E+00 1.10752856E+00 1.10228286E+00 1.09757741E+00 1.09266618E+00 1.08786615E+00 1.08307063E+00 1.07829545E+00 1.07337675E+00 1.06821972E+00 1.06280635E+00 1.05721270E+00 1.05166458E+00 1.04612934E+00 1.04040233E+00 1.03437249E+00 1.02801169E+00 1.02163040E+00 1.01534253E+00 1.00827109E+00 1.00000000E+00
1.26714740E+00 1.26714740E+00 1.26714740E+00 1.26714740E+00 1.26714740E+00 1.26714740E+00 1.26714740E+00 1.26714740E+00 1.26714740E+00 1.26714740E+00 1.26714740E+00 1.26714740E+00 1.26714740E+00 1.26714740E+00 1.26714740E+00 1.26714740E+00 1.26714740E+00 1.26714740E+00 1.26714740E+00 1.26714740E+00 1.26714740E+00 1.26714740E+00 1.26714740E+00 1.26714740E+00 1.26714740E+00 1.26714740E+00 1.26714740E+00 1.26714740E+00 1.26714740E+00 1.26714740E+00 1.26714740E+00 1.26714740E+00 1.26714740E+00 1.26714740E+00 1.26714740E+00 1.26714740E+00 1.26714740E+00 1.26714740E+00 1.26714739E+00 1.26714739E+00 1.26714739E+00 1.26714739E+00 1.26714739E+00 1.26714739E+00 1.26714739E+00 1.26714739E+00 1.26714739E+00 1.26714739E+00 1.26714739E+00 1.26714738E+00 1.26714738E+00 1.26714738E+00 1.26714738E+00 1.26714737E+00 1.26714737E+00 1.26714737E+00 1.26714736E+00 1.26714736E+00 1.26714735E+00 1.26714735E+00 1.26714734E+00 1.26714733E+00 1.26714732E+00 1.26714732E+00 1.26714731E+00 1.26714729E+00 1.26714728E+00 1.26714727E+00 1.26714725E+00 1.26714724E+00 1.26714722E+00 1.26714720E+00 1.26714719E+00 1.26714717E+00 1.26714714E+00 1.26714712E+00 1.26714710E+00 1.26714707E+00 1.26714705E+00 1.26714702E+00 1.26714700E+00 1.26714697E+00 1.26714695E+00 1.26714692E+00 1.26714690E+00 1.26714688E+00 1.26714687E+00 1.26714686E+00 1.26714686E+00 1.26714686E+00 1.26714688E+00 1.26714691E+00 1.26714695E+00 1.26714701E+00 1.26714710E+00 1.26714720E+00 1.26714734E+00 1.26714752E+00 1.26714773E+00 1.26714799E+00 1.26714831E+00 1.26714869E+00 1.26714914E+00 1.26714967E+00 1.26715029E+00 1.26715102E+00 1.26715187E+00 1.26715286E+00 1.26715399E+00 1.26715530E+00 1.26715680E+00 1.26715851E+00 1.26716046E+00 1.26716266E+00 1.26716516E+00 1.26716798E+00 1.26717115E+00 1.26717470E+00 1.26717867E+00 1.26718311E+00 1.26718805E+00 1.26719353E+00 1.26719959E+00 1.26720628E+00 1.26721363E+00 1.26722170E+00 1.26723050E+00 1.26724012E+00 1.26725056E+00 1.26726185E+00 1.26727400E+00 1.26728706E+00 1.26730103E+00 1.26731590E+00 1.26733160E+00 1.26734811E+00 1.26736536E+00 1.26738324E+00 1.26740161E+00 1.26742025E+00 1.26743897E+00 1.26745742E+00 1.26747533E+00 1.26749220E+00 1.26750762E+00 1.26752066E+00 1.26753077E+00 1.26753699E+00 1.26753843E+00 1.26753353E+00 1.26752125E+00 1.26749961E+00 1.26746718E+00 1.26742115E+00 1.26735958E+00 1.26727908E+00 1.26717726E+00 1.26704945E+00 1.26689266E+00 1.26670138E+00 1.26647152E+00 1.26619580E+00 1.26586952E+00 1.26548372E+00 1.26503248E+00 1.26450678E+00 1.26389836E+00 1.26319081E+00 1.26237805E+00 1.26144549E+00 1.26038240E+00 1.25917151E+00 1.25779947E+00 1.25624534E+00 1.25449617E+00 1.25252775E+00 1.25032521E+00 1.24785899E+00 1.24510968E+00 1.24204308E+00 1.23864609E+00 1.23488469E+00 1.23071952E+00 1.22610473E+00 1.22104224E+00 1.21551432E+00 1.20943709E+00 1.20334260E+00 1.19676889E+00 1.19054109E+00 1.18383479E+00 1.17748015E+00 1.17075824E+00 1.16449685E+00 1.15782098E+00 1.15156972E+00 1.14513884E+00 1.13929691E+00 1.13311009E+00 1.12734567E+00 1.12144241E+00 1.11612998E+00 1.11066657E+00 1.10569796E+00 1.10048904E+00 1.09571432E+00 1.09091127E+00 1.08660790E+00 1.08211252E+00 1.07773185E+00 1.07337941E+00 1.06905316E+00 1.06458342E+00 1.05990696E+00 1.05500476E+00 1.04995106E+00 1.04498072E+00 1.04004078E+00 1.03494165E+00 1.02961301E+00 1.02399124E+00 1.01837727E+00 1.01295212E+00 1.00697499E+00 1.00000000E+00
1.23851821E+00 1.23852050E+00 1.23852241E+00 1.23852400E+00 1.23852533E+00 1.23852645E+00 1.23852740E+00 1.23852821E+00 1.23852889E+00 1.23852947E+00 1.23852995E+00 1.23853036E+00 1.23853070E+00 1.23853099E+00 1.23853124E+00 1.23853145E+00 1.23853162E+00 1.23853177E+00 1.23853190E+00 1.23853200E+00 1.23853209E+00 1.23853217E+00 1.23853223E+00 1.23853229E+00 1.23853233E+00 1.23853237E+00 1.23853240E+00 1.23853243E+00 1.23853246E+00 1.23853248E+00 1.23853249E+00 1.23853251E+00 1.23853252E+00 1.23853253E+00 1.23853254E+00 1.23853255E+00 1.23853255E+00 1.23853256E+00 1.23853256E+00 1.23853257E+00 1.23853257E+00 1.23853257E+00 1.23853258E+00 1.23853258E+00 1.23853258E+00 1.23853258E+00 1.23853258E+00 1.23853258E+00 1.23853258E+00 1.23853258E+00 1.23853258E+00 1.23853258E+00 1.23853258E+00 1.23853258E+00 1.23853257E+00 1.23853257E+00 1.23853257E+00 1.23853257E+00 1.23853256E+00 1.23853256E+00 1.23853255E+00 1.23853255E+00 1.23853254E+00 1.23853254E+00 1.23853253E+00 1.23853252E+00 1.23853252E+00 1.23853251E+00 1.23853250E+00 1.23853248E+00 1.23853247E+00 1.23853246E+00 1.23853244E+00 1.23853243E+00 1.23853241E+00 1.23853240E+00 1.23853238E+00 1.23853236E+00 1.23853234E+00 1.23853232E+00 1.23853229E+00 1.23853227E+00 1.23853225E+00 1.23853223E+00 1.23853221E+00 1.23853219E+00 1.23853217E+00 1.23853216E+00 1.23853215E+00 1.23853214E+00 1.23853214E+00 1.23853215E+00 1.23853217E+00 1.23853220E+00 1.23853224E+00 1.23853231E+00 1.23853239E+00 1.23853250E+00 1.23853264E+00 1.23853281E+00 1.23853302E+00 1.23853327E+00 1.23853358E+00 1.23853395E+00 1.23853439E+00 1.23853491E+00 1.23853552E+00 1.23853623E+00 1.23853706E+00 1.23853802E+00 1.23853912E+00 1.23854039E+00 1.23854185E+00 1.23854351E+00 1.23854540E+00 1.23854755E+00 1.23854998E+00 1.23855271E+00 1.23855579E+00 1.23855925E+00 1.23856311E+00 1.23856741E+00 1.23857219E+00 1.23857750E+00 1.23858336E+00 1.23858981E+00 1.23859689E+00 1.23860466E+00 1.23861312E+00 1.23862231E+00 1.23863225E+00 1.23864297E+00 1.23865450E+00 1.23866681E+00 1.23867986E+00 1.23869366E+00 1.23870814E+00 1.23872321E+00 1.23873878E+00 1.23875466E+00 1.23877071E+00 1.23878662E+00 1.23880218E+00 1.23881696E+00 1.23883061E+00 1.23884236E+00 1.23885173E+00 1.23885791E+00 1.23886010E+00 1.23885697E+00 1.23884761E+00 1.23883028E+00 1.23880368E+00 1.23876539E+00 1.23871370E+00 1.23864559E+00 1.23855889E+00 1.23844944E+00 1.23831459E+00 1.23814935E+00 1.23794997E+00 1.23770993E+00 1.23742502E+00 1.23708718E+00 1.23669088E+00 1.23622760E+00 1.23568979E+00 1.23506308E+00 1.23434176E+00 1.23351218E+00 1.23256460E+00 1.23148283E+00 1.23025450E+00 1.22886034E+00 1.22728829E+00 1.22551597E+00 1.22352906E+00 1.22130078E+00 1.21881274E+00 1.21603378E+00 1.21295190E+00 1.20953455E+00 1.20574511E+00 1.20154483E+00 1.19693663E+00 1.19190108E+00 1.18636074E+00 1.18080733E+00 1.17481886E+00 1.16914353E+00 1.16302819E+00 1.15724118E+00 1.15112477E+00 1.14543121E+00 1.13936074E+00 1.13368766E+00 1.12786650E+00 1.12257768E+00 1.11697264E+00 1.11176373E+00 1.10644296E+00 1.10165892E+00 1.09674054E+00 1.09227717E+00 1.08759329E+00 1.08331189E+00 1.07902036E+00 1.07517943E+00 1.07116575E+00 1.06726653E+00 1.06341079E+00 1.05957976E+00 1.05560685E+00 1.05146491E+00 1.04713519E+00 1.04268444E+00 1.03834487E+00 1.03404267E+00 1.02960707E+00 1.02501170E+00 1.02016895E+00 1.01535524E+00 1.01078876E+00 1.00582618E+00 1.00000000E+00
1.20634095E+00 1.20634095E+00 1.20634095E+00 1.20634095E+00 1.20634095E+00 1.20634095E+00 1.20634095E+00 1.20634095E+00 1.20634095E+00 1.20634095E+00 1.20634095E+00 1.20634095E+00 1.20634095E+00 1.20634095E+00 1.20634095E+00 1.20634095E+00 1.20634095E+00 1.20634095E+00 1.20634095E+00 1.20634095E+00 1.20634095E+00 1.20634095E+00 1.20634095E+00 1.20634095E+00 1.20634095E+00 1.20634095E+00 1.20634095E+00 1.20634095E+00 1.20634095E+00 1.20634095E+00 1.20634095E+00 1.20634095E+00 1.20634095E+00 1.20634095E+00 1.20634095E+00 1.20634095E+00 1.20634095E+00 1.20634095E+00 1.20634095E+00 1.20634095E+00 1.20634095E+00 1.20634095E+00 1.20634095E+00 1.20634094E+00 1.20634094E+00 1.20634094E+00 1.20634094E+00 1.20634094E+00 1.20634094E+00 1.20634094E+00 1.20634094E+00 1.20634094E+00 1.20634094E+00 1.20634094E+00 1.20634094E+00 1.20634094E+00 1.20634094E+00 1.20634093E+00 1.20634093E+00 1.20634093E+00 1.20634093E+00 1.20634092E+00 1.20634092E+00 1.20634092E+00 1.20634091E+00 1.20634091E+00 1.20634090E+00 1.20634090E+00 1.20634089E+00 1.20634088E+00 1.20634087E+00 1.20634086E+00 1.20634085E+00 1.20634084E+00 1.20634083E+00 1.20634082E+00 1.20634081E+00 1.20634079E+00 1.20634078E+00 1.20634076E+00 1.20634075E+00 1.20634073E+00 1.20634071E+00 1.20634069E+00 1.20634068E+00 1.20634066E+00 1.20634064E+00 1.20634063E+00 1.20634061E+00 1.20634060E+00 1.20634059E+00 1.20634059E+00 1.20634059E+00 1.20634060E+00 1.20634062E+00 1.20634065E+00 1.20634069E+00 1.20634075E+00 1.20634083E+00 1.20634092E+00 1.20634105E+00 1.20634120E+00 1.20634139E+00 1.20634163E+00 1.20634190E+00 1.20634224E+00 1.20634264E+00 1.20634311E+00 1.20634366E+00 1.20634430E+00 1.20634505E+00 1.20634593E+00 1.20634693E+00 1.20634809E+00 1.20634941E+00 1.20635093E+00 1.20635266E+00 1.20635461E+00 1.20635683E+00 1.20635933E+00 1.20636214E+00 1.20636530E+00 1.20636882E+00 1.20637275E+00 1.20637711E+00 1.20638194E+00 1.20638727E+00 1.20639314E+00 1.20639957E+00 1.20640660E+00 1.20641423E+00 1.20642251E+00 1.20643144E+00 1.20644103E+00 1.20645126E+00 1.20646212E+00 1.20647358E+00 1.20648557E+00 1.20649802E+00 1.20651080E+00 1.20652379E+00 1.20653678E+00 1.20654957E+00 1.20656182E+00 1.20657327E+00 1.20658329E+00 1.20659152E+00 1.20659726E+00 1.20659987E+00 1.20659827E+00 1.20659167E+00 1.20657865E+00 1.20655809E+00 1.20652798E+00 1.20648690E+00 1.20643228E+00 1.20636222E+00 1.20627322E+00 1.20616299E+00 1.20602722E+00 1.20586265E+00 1.20566368E+00 1.20542666E+00 1.20514463E+00 1.20481264E+00 1.20442306E+00 1.20396922E+00 1.20343901E+00 1.20282721E+00 1.20212149E+00 1.20131337E+00 1.20038814E+00 1.19933479E+00 1.19813625E+00 1.19678152E+00 1.19525064E+00 1.19353029E+00 1.19159698E+00 1.18943379E+00 1.18701324E+00 1.18432443E+00 1.18133747E+00 1.17801983E+00 1.17433939E+00 1.17029847E+00 1.16587682E+00 1.16100683E+00 1.15612558E+00 1.15085949E+00 1.14586387E+00 1.14047727E+00 1.13538548E+00 1.13000603E+00 1.12500037E+00 1.11966556E+00 1.11468985E+00 1.10959041E+00 1.10495193E+00 1.10003732E+00 1.09548513E+00 1.09084266E+00 1.08666660E+00 1.08237226E+00 1.07848405E+00 1.07440442E+00 1.07068751E+00 1.06696993E+00 1.06364436E+00 1.06017289E+00 1.05681026E+00 1.05349254E+00 1.05018969E+00 1.04675375E+00 1.04319331E+00 1.03949074E+00 1.03569578E+00 1.03201793E+00 1.02836908E+00 1.02460746E+00 1.02074863E+00 1.01669426E+00 1.01267505E+00 1.00892417E+00 1.00486192E+00 1.00000000E+00
1.16989456E+00 1.16993900E+00 1.16997895E+00 1.17001353E+00 1.17004273E+00 1.17006706E+00 1.17008736E+00 1.17010482E+00 1.17011997E+00 1.17013344E+00 1.17014525E+00 1.17015557E+00 1.17016444E+00 1.17017204E+00 1.17017850E+00 1.17018406E+00 1.17018883E+00 1.17019297E+00 1.17019653E+00 1.17019962E+00 1.17020227E+00 1.17020455E+00 1.17020651E+00 1.17020820E+00 1.17020964E+00 1.17021088E+00 1.17021195E+00 1.17021287E+00 1.17021366E+00 1.17021433E+00 1.17021491E+00 1.17021541E+00 1.17021584E+00 1.17021621E+00 1.17021652E+00 1.17021679E+00 1.17021703E+00 1.17021722E+00 1.17021739E+00 1.17021754E+00 1.17021767E+00 1.17021777E+00 1.17021786E+00 1.17021794E+00 1.17021801E+00 1.17021807E+00 1.17021812E+00 1.17021816E+00 1.17021820E+00 1.17021823E+00 1.17021825E+00 1.17021827E+00 1.17021829E+00 1.17021831E+00 1.17021832E+00 1.17021833E+00 1.17021834E+00 1.17021835E+00 1.17021836E+00 1.17021836E+00 1.17021837E+00 1.17021837E+00 1.17021837E+00 1.17021838E+00 1.17021838E+00 1.17021838E+00 1.17021838E+00 1.17021837E+00 1.17021837E+00 1.17021837E+00 1.17021837E+00 1.17021836E+00 1.17021836E+00 1.17021835E+00 1.17021834E+00 1.17021834E+00 1.17021833E+00 1.17021832E+00 1.17021831E+00 1.17021830E+00 1.17021829E+00 1.17021828E+00 1.17021827E+00 1.17021826E+00 1.17021824E+00 1.17021823E+00 1.17021822E+00 1.17021820E+00 1.17021819E+00 1.17021818E+00 1.17021817E+00 1.17021816E+00 1.17021815E+00 1.17021815E+00 1.17021815E+00 1.17021816E+00 1.17021817E+00 1.17021820E+00 1.17021823E+00 1.17021827E+00 1.17021833E+00 1.17021841E+00 1.17021851E+00 1.17021863E+00 1.17021878E+00 1.17021897E+00 1.17021919E+00 1.17021946E+00 1.17021977E+00 1.17022015E+00 1.17022060E+00 1.17022112E+00 1.17022173E+00 1.17022244E+00 1.17022326E+00 1.17022420E+00 1.17022529E+00 1.17022653E+00 1.17022795E+00 1.17022956E+00 1.17023139E+00 1.17023345E+00 1.17023577E+00 1.17023838E+00 1.17024129E+00 1.17024454E+00 1.17024815E+00 1.17025215E+00 1.17025656E+00 1.17026141E+00 1.17026671E+00 1.17027250E+00 1.17027879E+00 1.17028558E+00 1.17029287E+00 1.17030067E+00 1.17030895E+00 1.17031768E+00 1.17032681E+00 1.17033626E+00 1.17034595E+00 1.17035573E+00 1.17036546E+00 1.17037492E+00 1.17038388E+00 1.17039193E+00 1.17039879E+00 1.17040395E+00 1.17040691E+00 1.17040688E+00 1.17040326E+00 1.17039496E+00 1.17038111E+00 1.17036019E+00 1.17033109E+00 1.17029181E+00 1.17024084E+00 1.17017544E+00 1.17009378E+00 1.16999241E+00 1.16986873E+00 1.16971826E+00 1.16953804E+00 1.16932241E+00 1.16906731E+00 1.16876635E+00 1.16841407E+00 1.16800093E+00 1.16752227E+00 1.16696767E+00 1.16633010E+00 1.16559697E+00 1.16475917E+00 1.16380226E+00 1.16271667E+00 1.16148539E+00 1.16009673E+00 1.15853091E+00 1.15677344E+00 1.15480104E+00 1.15260331E+00 1.15015429E+00 1.14742829E+00 1.14439834E+00 1.14106248E+00 1.13740162E+00 1.13336399E+00 1.12931296E+00 1.12493136E+00 1.12076384E+00 1.11626909E+00 1.11202207E+00 1.10752962E+00 1.10334537E+00 1.09889555E+00 1.09475358E+00 1.09049394E+00 1.08660545E+00 1.08250112E+00 1.07871642E+00 1.07485009E+00 1.07136038E+00 1.06776899E+00 1.06452216E+00 1.06113085E+00 1.05805248E+00 1.05496543E+00 1.05220062E+00 1.04932986E+00 1.04655628E+00 1.04380666E+00 1.04105253E+00 1.03819245E+00 1.03525694E+00 1.03223161E+00 1.02913924E+00 1.02612838E+00 1.02312080E+00 1.02002539E+00 1.01688478E+00 1.01361606E+00 1.01036931E+00 1.00736745E+00 1.00408352E+00 1.00000000E+00
1.44667441E+00 1.44667441E+00 1.44667441E+00 1.44667441E+00 1.44667441E+00 1.44667441E+00 1.44667441E+00 1.44667441E+00 1.44667441E+00 1.44667441E+00 1.44667441E+00 1.44667441E+00 1.44667441E+00 1.44667441E+00 1.44667441E+00 1.44667441E+00 1.44667441E+00 1.44667441E+00 1.44667441E+00 1.44667441E+00 1.44667441E+00 1.44667440E+00 1.44667440E+00 1.44667440E+00 1.44667440E+00 1.44667440E+00 1.44667440E+00 1.44667440E+00 1.44667440E+00 1.44667439E+00 1.44667439E+00 1.44667439E+00 1.44667438E+00 1.44667438E+00 1.44667438E+00 1.44667437E+00 1.44667437E+00 1.44667436E+00 1.44667436E+00 1.44667435E+00 1.44667434E+00 1.44667433E+00 1.44667432E+00 1.44667431E+00 1.44667430E+00 1.44667429E+00 1.44667427E+00 1.44667425E+00 1.44667424E+00 1.44667422E+00 1.44667420E+00 1.44667418E+00 1.44667415E+00 1.44667413E+00 1.44667410E+00 1.44667407E+00 1.44667403E+00 1.44667400E+00 1.44667396E+00 1.44667392E+00 1.44667388E+00 1.44667384E+00 1.44667379E+00 1.44667374E+00 1.44667369E+00 1.44667364E+00 1.44667359E+00 1.44667353E+00 1.44667348E+00 1.44667342E+00 1.44667337E+00 1.44667332E+00 1.44667326E+00 1.44667322E+00 1.44667317E+00 1.44667314E+00 1.44667311E+00 1.44667309E+00 1.44667309E+00 1.44667310E+00 1.44667313E+00 1.44667318E+00 1.44667326E+00 1.44667337E+00 1.44667351E+00 1.44667370E+00 1.44667394E+00 1.44667423E+00 1.44667459E+00 1.44667502E+00 1.44667553E+00 1.44667615E+00 1.44667687E+00 1.44667771E+00 1.44667867E+00 1.44667980E+00 1.44668110E+00 1.44668259E+00 1.44668431E+00 1.44668627E+00 1.44668848E+00 1.44669098E+00 1.44669380E+00 1.44669701E+00 1.44670061E+00 1.44670462E+00 1.44670907E+00 1.44671408E+00 1.44671966E+00 1.44672587E+00 1.44673275E+00 1.44674038E+00 1.44674877E+00 1.44675797E+00 1.44676807E+00 1.44677925E+00 1.44679145E+00 1.44680464E+00 1.44681897E+00 1.44683472E+00 1.44685182E+00 1.44687025E+00 1.44689012E+00 1.44691162E+00 1.44693468E+00 1.44695922E+00 1.44698538E+00 1.44701339E+00 1.44704315E+00 1.44707448E+00 1.44710733E+00 1.44714173E+00 1.44717773E+00 1.44721516E+00 1.44725367E+00 1.44729292E+00 1.44733281E+00 1.44737297E+00 1.44741300E+00 1.44745230E+00 1.44749013E+00 1.44752518E+00 1.44755713E+00 1.44758541E+00 1.44760882E+00 1.44762475E+00 1.44763203E+00 1.44762891E+00 1.44761359E+00 1.44758269E+00 1.44753418E+00 1.44746466E+00 1.44737178E+00 1.44725031E+00 1.44709625E+00 1.44690318E+00 1.44666769E+00 1.44638204E+00 1.44604092E+00 1.44563525E+00 1.44516026E+00 1.44460592E+00 1.44396083E+00 1.44320514E+00 1.44233668E+00 1.44135327E+00 1.44023929E+00 1.43895942E+00 1.43750562E+00 1.43586088E+00 1.43401045E+00 1.43193026E+00 1.42960136E+00 1.42699198E+00 1.42408639E+00 1.42085683E+00 1.41729066E+00 1.41334600E+00 1.40898570E+00 1.40415431E+00 1.39884794E+00 1.39304239E+00 1.38667118E+00 1.37963614E+00 1.37195522E+00 1.36363715E+00 1.35454001E+00 1.34539582E+00 1.33554692E+00 1.32627100E+00 1.31631038E+00 1.30679274E+00 1.29670607E+00 1.28733501E+00 1.27734259E+00 1.26786788E+00 1.25801419E+00 1.24908826E+00 1.23967561E+00 1.23081369E+00 1.22162805E+00 1.21331690E+00 1.20475450E+00 1.19691757E+00 1.18871911E+00 1.18111059E+00 1.17331085E+00 1.16628705E+00 1.15899947E+00 1.15180982E+00 1.14446493E+00 1.13704299E+00 1.12942503E+00 1.12142050E+00 1.11300048E+00 1.10422080E+00 1.09527354E+00 1.08618455E+00 1.07662598E+00 1.06631595E+00 1.05550753E+00 1.04443069E+00 1.03251275E+00 1.01785062E+00 1.00000000E+00
1.43199658E+00 1.43199658E+00 1.43199658E+00 1.43199658E+00 1.43199658E+00 1.43199658E+00 1.43199658E+00 1.43199658E+00 1.43199658E+00 1.43199658E+00 1.43199658E+00 1.43199658E+00 1.43199658E+00 1.43199658E+00 1.43199658E+00 1.43199658E+00 1.43199658E+00 1.43199658E+00 1.43199658E+00 1.43199658E+00 1.43199658E+00 1.43199658E+00 1.43199658E+00 1.43199658E+00 1.43199657E+00 1.43199657E+00 1.43199657E+00 1.43199657E+00 1.43199657E+00 1.43199657E+00 1.43199657E+00 1.43199656E+00 1.43199656E+00 1.43199656E+00 1.43199655E+00 1.43199655E+00 1.43199655E+00 1.43199654E+00 1.43199654E+00 1.43199653E+00 1.43199652E+00 1.43199652E+00 1.43199651E+00 1.43199650E+00 1.43199649E+00 1.43199648E+00 1.43199646E+00 1.43199645E+00 1.43199643E+00 1.43199642E+00 1.43199640E+00 1.43199638E+00 1.43199636E+00 1.43199634E+00 1.43199631E+00 1.43199628E+00 1.43199625E+00 1.43199622E+00 1.43199619E+00 1.43199616E+00 1.43199612E+00 1.43199608E+00 1.43199604E+00 1.43199599E+00 1.43199595E+00 1.43199590E+00 1.43199585E+00 1.43199580E+00 1.43199575E+00 1.43199569E+00 1.43199564E+00 1.43199559E+00 1.43199554E+00 1.43199550E+00 1.43199545E+00 1.43199542E+00 1.43199538E+00 1.43199536E+00 1.43199535E+00 1.43199536E+00 1.43199537E+00 1.43199541E+00 1.43199547E+00 1.43199556E+00 1.43199568E+00 1.43199584E+00 1.43199604E+00 1.43199629E+00 1.43199660E+00 1.43199697E+00 1.43199742E+00 1.43199796E+00 1.43199860E+00 1.43199934E+00 1.43200020E+00 1.43200121E+00 1.43200237E+00 1.43200371E+00 1.43200525E+00 1.43200702E+00 1.43200902E+00 1.43201129E+00 1.43201386E+00 1.43201677E+00 1.43202005E+00 1.43202370E+00 1.43202779E+00 1.43203238E+00 1.43203751E+00 1.43204322E+00 1.43204955E+00 1.43205657E+00 1.43206431E+00 1.43207283E+00 1.43208220E+00 1.43209253E+00 1.43210383E+00 1.43211611E+00 1.43212948E+00 1.43214415E+00 1.43216009E+00 1.43217730E+00 1.43219588E+00 1.43221596E+00 1.43223753E+00 1.43226055E+00 1.43228512E+00 1.43231141E+00 1.43233934E+00 1.43236876E+00 1.43239966E+00 1.43243206E+00 1.43246595E+00 1.43250116E+00 1.43253738E+00 1.43257435E+00 1.43261194E+00 1.43264973E+00 1.43268732E+00 1.43272407E+00 1.43275938E+00 1.43279216E+00 1.43282197E+00 1.43284796E+00 1.43286904E+00 1.43288283E+00 1.43288821E+00 1.43288335E+00 1.43286649E+00 1.43283436E+00 1.43278502E+00 1.43271507E+00 1.43262199E+00 1.43250053E+00 1.43234697E+00 1.43215527E+00 1.43192181E+00 1.43163880E+00 1.43130132E+00 1.43090064E+00 1.43043094E+00 1.42988106E+00 1.42924197E+00 1.42849741E+00 1.42764246E+00 1.42667005E+00 1.42556582E+00 1.42429829E+00 1.42285985E+00 1.42123281E+00 1.41940193E+00 1.41734327E+00 1.41503900E+00 1.41245947E+00 1.40958873E+00 1.40639729E+00 1.40286950E+00 1.39896347E+00 1.39464818E+00 1.38987268E+00 1.38462701E+00 1.37888017E+00 1.37257279E+00 1.36561687E+00 1.35802281E+00 1.34979068E+00 1.34079029E+00 1.33176176E+00 1.32203986E+00 1.31287120E+00 1.30303016E+00 1.29365647E+00 1.28372855E+00 1.27449372E+00 1.26465742E+00 1.25536586E+00 1.24571600E+00 1.23696338E+00 1.22773669E+00 1.21907289E+00 1.21010813E+00 1.20199914E+00 1.19364646E+00 1.18600878E+00 1.17802892E+00 1.17064287E+00 1.16309122E+00 1.15629649E+00 1.14924457E+00 1.14229911E+00 1.13522650E+00 1.12809789E+00 1.12078944E+00 1.11312736E+00 1.10508187E+00 1.09670328E+00 1.08818609E+00 1.07955326E+00 1.07051213E+00 1.06079932E+00 1.05061003E+00 1.04024459E+00 1.02926474E+00 1.01595733E+00 1.00000000E+00
1.41290344E+00 1.41290344E+00 1.41290344E+00 1.41290344E+00 1.41290344E+00 1.41290344E+00 1.41290344E+00 1.41290344E+00 1.41290344E+00 1.41290344E+00 1.41290344E+00 1.41290344E+00 1.41290344E+00 1.41290344E+00 1.41290344E+00 1.41290344E+00 1.41290344E+00 1.41290344E+00 1.41290344E+00 1.41290344E+00 1.41290344E+00 1.41290344E+00 1.41290344E+00 1.41290344E+00 1.41290344E+00 1.41290344E+00 1.41290344E+00 1.41290344E+00 1.41290344E+00 1.41290344E+00 1.41290343E+00 1.41290343E+00 1.41290343E+00 1.41290343E+00 1.41290343E+00 1.41290342E+00 1.41290342E+00 1.41290342E+00 1.41290341E+00 1.41290341E+00 1.41290340E+00 1.41290340E+00 1.41290339E+00 1.41290338E+00 1.41290337E+00 1.41290336E+00 1.41290335E+00 1.41290334E+00 1.41290333E+00 1.41290332E+00 1.41290330E+00 1.41290328E+00 1.41290327E+00 1.41290325E+00 1.41290323E+00 1.41290320E+00 1.41290318E+00 1.41290315E+00 1.41290312E+00 1.41290309E+00 1.41290306E+00 1.41290302E+00 1.41290299E+00 1.41290295E+00 1.41290291E+00 1.41290286E+00 1.41290282E+00 1.41290277E+00 1.41290273E+00 1.41290268E+00 1.41290263E+00 1.41290258E+00 1.41290254E+00 1.41290249E+00 1.41290245E+00 1.41290241E+00 1.41290238E+00 1.41290235E+00 1.41290233E+00 1.41290232E+00 1.41290233E+00 1.41290235E+00 1.41290239E+00 1.41290245E+00 1.41290254E+00 1.41290266E+00 1.41290281E+00 1.41290301E+00 1.41290326E+00 1.41290357E+00 1.41290393E+00 1.41290438E+00 1.41290491E+00 1.41290553E+00 1.41290626E+00 1.41290711E+00 1.41290810E+00 1.41290925E+00 1.41291058E+00 1.41291210E+00 1.41291383E+00 1.41291580E+00 1.41291804E+00 1.41292058E+00 1.41292345E+00 1.41292666E+00 1.41293027E+00 1.41293433E+00 1.41293887E+00 1.41294394E+00 1.41294957E+00 1.41295582E+00 1.41296274E+00 1.41297037E+00 1.41297878E+00 1.41298806E+00 1.41299823E+00 1.41300933E+00 1.41302145E+00 1.41303474E+00 1.41304920E+00 1.41306486E+00 1.41308178E+00 1.41310010E+00 1.41311980E+00 1.41314088E+00 1.41316343E+00 1.41318756E+00 1.41321321E+00 1.41324029E+00 1.41326878E+00 1.41329870E+00 1.41333003E+00 1.41336257E+00 1.41339609E+00 1.41343037E+00 1.41346524E+00 1.41350030E+00 1.41353516E+00 1.41356922E+00 1.41360195E+00 1.41363240E+00 1.41366005E+00 1.41368396E+00 1.41370311E+00 1.41371536E+00 1.41371960E+00 1.41371404E+00 1.41369693E+00 1.41366521E+00 1.41361697E+00 1.41354884E+00 1.41345830E+00 1.41334022E+00 1.41319115E+00 1.41300532E+00 1.41277906E+00 1.41250464E+00 1.41217737E+00 1.41178875E+00 1.41133264E+00 1.41079781E+00 1.41017644E+00 1.40945403E+00 1.40862408E+00 1.40767685E+00 1.40659908E+00 1.40536240E+00 1.40395935E+00 1.40237168E+00 1.40058440E+00 1.39857436E+00 1.39632404E+00 1.39380484E+00 1.39100076E+00 1.38788157E+00 1.38443042E+00 1.38060657E+00 1.37638220E+00 1.37170907E+00 1.36657470E+00 1.36094415E+00 1.35476140E+00 1.34794671E+00 1.34050811E+00 1.33244118E+00 1.32362205E+00 1.31478763E+00 1.30528034E+00 1.29631175E+00 1.28668869E+00 1.27754337E+00 1.26786543E+00 1.25886155E+00 1.24927861E+00 1.24025117E+00 1.23089345E+00 1.22240460E+00 1.21345652E+00 1.20507156E+00 1.19641419E+00 1.18859255E+00 1.18054115E+00 1.17318786E+00 1.16551044E+00 1.15842048E+00 1.15119317E+00 1.14469688E+00 1.13795070E+00 1.13131890E+00 1.12459287E+00 1.11783394E+00 1.11090900E+00 1.10366013E+00 1.09605705E+00 1.08815155E+00 1.08014692E+00 1.07205624E+00 1.06361967E+00 1.05461273E+00 1.04517070E+00 1.03561444E+00 1.02565813E+00 1.01386924E+00 1.00000000E+00
1.39094147E+00 1.39094147E+00 1.39094147E+00 1.39094147E+00 1.39094147E+00 1.39094147E+00 1.39094147E+00 1.39094147E+00 1.39094147E+00 1.39094147E+00 1.39094147E+00 1.39094147E+00 1.39094147E+00 1.39094147E+00 1.39094147E+00 1.39094147E+00 1.39094147E+00 1.39094147E+00 1.39094147E+00 1.39094147E+00 1.39094147E+00 1.39094147E+00 1.39094146E+00 1.39094146E+00 1.39094146E+00 1.39094146E+00 1.39094146E+00 1.39094146E+00 1.39094146E+00 1.39094146E+00 1.39094146E+00 1.39094146E+00 1.39094146E+00 1.39094146E+00 1.39094145E+00 1.39094145E+00 1.39094145E+00 1.39094145E+00 1.39094144E+00 1.39094144E+00 1.39094143E+00 1.39094143E+00 1.39094142E+00 1.39094142E+00 1.39094141E+00 1.39094140E+00 1.39094140E+00 1.39094139E+00 1.39094138E+00 1.39094137E+00 1.39094135E+00 1.39094134E+00 1.39094133E+00 1.39094131E+00 1.39094129E+00 1.39094128E+00 1.39094125E+00 1.39094123E+00 1.39094121E+00 1.39094118E+00 1.39094116E+00 1.39094113E+00 1.39094110E+00 1.39094106E+00 1.39094103E+00 1.39094099E+00 1.39094095E+00 1.39094091E+00 1.39094087E+00 1.39094083E+00 1.39094078E+00 1.39094074E+00 1.39094070E+00 1.39094065E+00 1.39094061E+00 1.39094057E+00 1.39094054E+00 1.39094051E+00 1.39094048E+00 1.39094047E+00 1.39094046E+00 1.39094046E+00 1.39094048E+00 1.39094052E+00 1.39094058E+00 1.39094067E+00 1.39094078E+00 1.39094093E+00 1.39094112E+00 1.39094136E+00 1.39094165E+00 1.39094200E+00 1.39094243E+00 1.39094293E+00 1.39094352E+00 1.39094422E+00 1.39094504E+00 1.39094600E+00 1.39094710E+00 1.39094837E+00 1.39094982E+00 1.39095149E+00 1.39095338E+00 1.39095554E+00 1.39095799E+00 1.39096074E+00 1.39096384E+00 1.39096734E+00 1.39097126E+00 1.39097565E+00 1.39098054E+00 1.39098598E+00 1.39099202E+00 1.39099870E+00 1.39100608E+00 1.39101424E+00 1.39102320E+00 1.39103302E+00 1.39104376E+00 1.39105556E+00 1.39106841E+00 1.39108236E+00 1.39109747E+00 1.39111385E+00 1.39113149E+00 1.39115044E+00 1.39117072E+00 1.39119245E+00 1.39121558E+00 1.39124004E+00 1.39126583E+00 1.39129296E+00 1.39132138E+00 1.39135093E+00 1.39138140E+00 1.39141260E+00 1.39144437E+00 1.39147629E+00 1.39150804E+00 1.39153903E+00 1.39156881E+00 1.39159649E+00 1.39162156E+00 1.39164301E+00 1.39165993E+00 1.39167034E+00 1.39167319E+00 1.39166673E+00 1.39164929E+00 1.39161793E+00 1.39157086E+00 1.39150474E+00 1.39141709E+00 1.39130301E+00 1.39115925E+00 1.39098031E+00 1.39076248E+00 1.39049824E+00 1.39018309E+00 1.38980877E+00 1.38936910E+00 1.38885305E+00 1.38825356E+00 1.38755717E+00 1.38675653E+00 1.38584053E+00 1.38479677E+00 1.38359942E+00 1.38224118E+00 1.38070356E+00 1.37897204E+00 1.37702423E+00 1.37484278E+00 1.37239990E+00 1.36967989E+00 1.36665262E+00 1.36330064E+00 1.35958484E+00 1.35547929E+00 1.35093812E+00 1.34594814E+00 1.34047201E+00 1.33445567E+00 1.32782759E+00 1.32059650E+00 1.31275522E+00 1.30418377E+00 1.29560889E+00 1.28639025E+00 1.27769749E+00 1.26837280E+00 1.25952824E+00 1.25017939E+00 1.24148622E+00 1.23223847E+00 1.22354649E+00 1.21455986E+00 1.20641337E+00 1.19782396E+00 1.18978860E+00 1.18151351E+00 1.17405084E+00 1.16637697E+00 1.15937888E+00 1.15207226E+00 1.14533787E+00 1.13849680E+00 1.13235556E+00 1.12597193E+00 1.11970943E+00 1.11338942E+00 1.10706121E+00 1.10057782E+00 1.09379770E+00 1.08669021E+00 1.07931298E+00 1.07188656E+00 1.06441115E+00 1.05665110E+00 1.04842302E+00 1.03979911E+00 1.03110544E+00 1.02221781E+00 1.01193839E+00 1.00000000E+00
1.36458313E+00 1.36459560E+00 1.36460613E+00 1.36461504E+00 1.36462251E+00 1.36462883E+00 1.36463414E+00 1.36463865E+00 1.36464245E+00 1.36464569E+00 1.36464841E+00 1.36465073E+00 1.36465270E+00 1.36465437E+00 1.36465579E+00 1.36465701E+00 1.36465804E+00 1.36465893E+00 1.36465969E+00 1.36466034E+00 1.36466090E+00 1.36466138E+00 1.36466180E+00 1.36466216E+00 1.36466247E+00 1.36466274E+00 1.36466298E+00 1.36466318E+00 1.36466336E+00 1.36466352E+00 1.36466365E+00 1.36466377E+00 1.36466388E+00 1.36466397E+00 1.36466405E+00 1.36466412E+00 1.36466418E+00 1.36466423E+00 1.36466428E+00 1.36466432E+00 1.36466435E+00 1.36466438E+00 1.36466441E+00 1.36466443E+00 1.36466445E+00 1.36466446E+00 1.36466447E+00 1.36466448E+00 1.36466449E+00 1.36466449E+00 1.36466449E+00 1.36466449E+00 1.36466449E+00 1.36466448E+00 1.36466447E+00 1.36466447E+00 1.36466445E+00 1.36466444E+00 1.36466443E+00 1.36466441E+00 1.36466439E+00 1.36466437E+00 1.36466435E+00 1.36466432E+00 1.36466429E+00 1.36466426E+00 1.36466423E+00 1.36466420E+00 1.36466417E+00 1.36466413E+00 1.36466409E+00 1.36466406E+00 1.36466402E+00 1.36466398E+00 1.36466394E+00 1.36466390E+00 1.36466387E+00 1.36466384E+00 1.36466381E+00 1.36466378E+00 1.36466377E+00 1.36466376E+00 1.36466376E+00 1.36466378E+00 1.36466381E+00 1.36466386E+00 1.36466394E+00 1.36466404E+00 1.36466417E+00 1.36466434E+00 1.36466455E+00 1.36466481E+00 1.36466513E+00 1.36466551E+00 1.36466596E+00 1.36466650E+00 1.36466714E+00 1.36466788E+00 1.36466875E+00 1.36466976E+00 1.36467092E+00 1.36467225E+00 1.36467378E+00 1.36467553E+00 1.36467752E+00 1.36467978E+00 1.36468232E+00 1.36468521E+00 1.36468845E+00 1.36469210E+00 1.36469617E+00 1.36470073E+00 1.36470579E+00 1.36471143E+00 1.36471766E+00 1.36472458E+00 1.36473220E+00 1.36474058E+00 1.36474978E+00 1.36475990E+00 1.36477095E+00 1.36478299E+00 1.36479606E+00 1.36481026E+00 1.36482560E+00 1.36484211E+00 1.36485984E+00 1.36487886E+00 1.36489915E+00 1.36492067E+00 1.36494342E+00 1.36496738E+00 1.36499255E+00 1.36501874E+00 1.36504580E+00 1.36507358E+00 1.36510189E+00 1.36513038E+00 1.36515874E+00 1.36518645E+00 1.36521309E+00 1.36523789E+00 1.36526032E+00 1.36527940E+00 1.36529430E+00 1.36530324E+00 1.36530524E+00 1.36529862E+00 1.36528181E+00 1.36525208E+00 1.36520772E+00 1.36514553E+00 1.36506313E+00 1.36495590E+00 1.36482084E+00 1.36465274E+00 1.36444794E+00 1.36419926E+00 1.36390245E+00 1.36354953E+00 1.36313449E+00 1.36264672E+00 1.36207972E+00 1.36142093E+00 1.36066265E+00 1.35979322E+00 1.35880094E+00 1.35766231E+00 1.35637028E+00 1.35490649E+00 1.35325706E+00 1.35140041E+00 1.34931944E+00 1.34698741E+00 1.34438920E+00 1.34149544E+00 1.33828851E+00 1.33473138E+00 1.33079935E+00 1.32644926E+00 1.32166845E+00 1.31641848E+00 1.31064658E+00 1.30429028E+00 1.29736105E+00 1.28984923E+00 1.28163756E+00 1.27343294E+00 1.26462381E+00 1.25632292E+00 1.24741809E+00 1.23898642E+00 1.23008683E+00 1.22181912E+00 1.21302445E+00 1.20477480E+00 1.19627459E+00 1.18857853E+00 1.18045706E+00 1.17287000E+00 1.16508019E+00 1.15807135E+00 1.15087342E+00 1.14432050E+00 1.13747240E+00 1.13117202E+00 1.12479848E+00 1.11908565E+00 1.11313870E+00 1.10731807E+00 1.10148021E+00 1.09565898E+00 1.08968915E+00 1.08344923E+00 1.07690864E+00 1.07013353E+00 1.06336768E+00 1.05659337E+00 1.04959115E+00 1.04221676E+00 1.03447579E+00 1.02669603E+00 1.01891460E+00 1.01013011E+00 1.00000000E+00
1.33208047E+00 1.33208047E+00 1.33208047E+00 1.33208047E+00 1.33208047E+00 1.33208047E+00 1.33208047E+00 1.33208047E+00 1.33208047E+00 1.33208047E+00 1.33208047E+00 1.33208047E+00 1.33208047E+00 1.33208047E+00 1.33208047E+00 1.33208047E+00 1.33208047E+00 1.33208047E+00 1.33208047E+00 1.33208047E+00 1.33208047E+00 1.33208047E+00 1.33208047E+00 1.33208047E+00 1.33208047E+00 1.33208047E+00 1.33208047E+00 1.33208047E+00 1.33208047E+00 1.33208047E+00 1.33208047E+00 1.33208047E+00 1.33208047E+00 1.33208047E+00 1.33208047E+00 1.33208047E+00 1.33208047E+00 1.33208046E+00 1.33208046E+00 1.33208046E+00 1.33208046E+00 1.33208046E+00 1.33208046E+00 1.33208045E+00 1.33208045E+00 1.33208045E+00 1.33208044E+00 1.33208044E+00 1.33208043E+00 1.33208043E+00 1.33208042E+00 1.33208042E+00 1.33208041E+00 1.33208040E+00 1.33208039E+00 1.33208038E+00 1.33208037E+00 1.33208036E+00 1.33208034E+00 1.33208033E+00 1.33208031E+00 1.33208029E+00 1.33208028E+00 1.33208026E+00 1.33208023E+00 1.33208021E+00 1.33208019E+00 1.33208016E+00 1.33208013E+00 1.33208010E+00 1.33208007E+00 1.33208004E+00 1.33208001E+00 1.33207997E+00 1.33207994E+00 1.33207990E+00 1.33207987E+00 1.33207984E+00 1.33207981E+00 1.33207978E+00 1.33207976E+00 1.33207974E+00 1.33207973E+00 1.33207972E+00 1.33207973E+00 1.33207975E+00 1.33207979E+00 1.33207984E+00 1.33207991E+00 1.33208001E+00 1.33208015E+00 1.33208031E+00 1.33208052E+00 1.33208078E+00 1.33208108E+00 1.33208146E+00 1.33208190E+00 1.33208243E+00 1.33208305E+00 1.33208378E+00 1.33208463E+00 1.33208561E+00 1.33208675E+00 1.33208805E+00 1.33208955E+00 1.33209125E+00 1.33209319E+00 1.33209541E+00 1.33209790E+00 1.33210073E+00 1.33210390E+00 1.33210747E+00 1.33211145E+00 1.33211591E+00 1.33212086E+00 1.33212638E+00 1.33213249E+00 1.33213924E+00 1.33214668E+00 1.33215489E+00 1.33216390E+00 1.33217375E+00 1.33218449E+00 1.33219620E+00 1.33220889E+00 1.33222262E+00 1.33223741E+00 1.33225333E+00 1.33227037E+00 1.33228852E+00 1.33230777E+00 1.33232813E+00 1.33234957E+00 1.33237196E+00 1.33239518E+00 1.33241911E+00 1.33244358E+00 1.33246829E+00 1.33249300E+00 1.33251723E+00 1.33254064E+00 1.33256256E+00 1.33258251E+00 1.33259957E+00 1.33261303E+00 1.33262134E+00 1.33262363E+00 1.33261835E+00 1.33260407E+00 1.33257834E+00 1.33253959E+00 1.33248489E+00 1.33241199E+00 1.33231673E+00 1.33219638E+00 1.33204613E+00 1.33186251E+00 1.33163886E+00 1.33137128E+00 1.33105229E+00 1.33067613E+00 1.33023298E+00 1.32971688E+00 1.32911627E+00 1.32842354E+00 1.32762711E+00 1.32671596E+00 1.32566907E+00 1.32447979E+00 1.32313029E+00 1.32160767E+00 1.31989129E+00 1.31796462E+00 1.31580248E+00 1.31339062E+00 1.31070119E+00 1.30771667E+00 1.30440288E+00 1.30073601E+00 1.29667632E+00 1.29221274E+00 1.28730687E+00 1.28190709E+00 1.27596105E+00 1.26948432E+00 1.26246380E+00 1.25478513E+00 1.24712068E+00 1.23890272E+00 1.23116350E+00 1.22285570E+00 1.21500121E+00 1.20672434E+00 1.19904382E+00 1.19086931E+00 1.18321548E+00 1.17536258E+00 1.16826223E+00 1.16075674E+00 1.15375444E+00 1.14659038E+00 1.14016094E+00 1.13356612E+00 1.12757331E+00 1.12129897E+00 1.11553834E+00 1.10973929E+00 1.10454988E+00 1.09913841E+00 1.09385690E+00 1.08859777E+00 1.08337422E+00 1.07800347E+00 1.07239309E+00 1.06651426E+00 1.06044057E+00 1.05443555E+00 1.04845713E+00 1.04229878E+00 1.03585994E+00 1.02909000E+00 1.02231118E+00 1.01568533E+00 1.00838756E+00 1.00000000E+00
1.29251598E+00 1.29251811E+00 1.29251995E+00 1.29252155E+00 1.29252293E+00 1.29252413E+00 1.29252517E+00 1.29252606E+00 1.29252684E+00 1.29252751E+00 1.29252809E+00 1.29252860E+00 1.29252903E+00 1.29252941E+00 1.29252974E+00 1.29253002E+00 1.29253027E+00 1.29253048E+00 1.29253066E+00 1.29253082E+00 1.29253096E+00 1.29253108E+00 1.29253118E+00 1.29253127E+00 1.29253135E+00 1.29253142E+00 1.29253147E+00 1.29253152E+00 1.29253157E+00 1.29253160E+00 1.29253163E+00 1.29253166E+00 1.29253169E+00 1.29253171E+00 1.29253172E+00 1.29253174E+00 1.29253175E+00 1.29253176E+00 1.29253177E+00 1.29253178E+00 1.29253178E+00 1.29253179E+00 1.29253179E+00 1.29253180E+00 1.29253180E+00 1.29253180E+00 1.29253180E+00 1.29253180E+00 1.29253180E+00 1.29253180E+00 1.29253180E+00 1.29253179E+00 1.29253179E+00 1.29253179E+00 1.29253178E+00 1.29253178E+00 1.29253177E+00 1.29253176E+00 1.29253175E+00 1.29253175E+00 1.29253174E+00 1.29253172E+00 1.29253171E+00 1.29253170E+00 1.29253168E+00 1.29253167E+00 1.29253165E+00 1.29253163E+00 1.29253161E+00 1.29253159E+00 1.29253157E+00 1.29253155E+00 1.29253152E+00 1.29253150E+00 1.29253147E+00 1.29253144E+00 1.29253141E+00 1.29253138E+00 1.29253136E+00 1.29253133E+00 1.29253130E+00 1.29253128E+00 1.29253126E+00 1.29253125E+00 1.29253124E+00 1.29253123E+00 1.29253124E+00 1.29253125E+00 1.29253128E+00 1.29253133E+00 1.29253139E+00 1.29253148E+00 1.29253159E+00 1.29253174E+00 1.29253192E+00 1.29253214E+00 1.29253241E+00 1.29253274E+00 1.29253313E+00 1.29253360E+00 1.29253414E+00 1.29253479E+00 1.29253554E+00 1.29253641E+00 1.29253743E+00 1.29253859E+00 1.29253993E+00 1.29254146E+00 1.29254321E+00 1.29254520E+00 1.29254746E+00 1.29255001E+00 1.29255288E+00 1.29255611E+00 1.29255972E+00 1.29256377E+00 1.29256828E+00 1.29257330E+00 1.29257886E+00 1.29258503E+00 1.29259183E+00 1.29259932E+00 1.29260752E+00 1.29261650E+00 1.29262630E+00 1.29263695E+00 1.29264847E+00 1.29266094E+00 1.29267435E+00 1.29268871E+00 1.29270402E+00 1.29272029E+00 1.29273750E+00 1.29275556E+00 1.29277439E+00 1.29279390E+00 1.29281396E+00 1.29283433E+00 1.29285481E+00 1.29287504E+00 1.29289473E+00 1.29291334E+00 1.29293045E+00 1.29294529E+00 1.29295727E+00 1.29296509E+00 1.29296804E+00 1.29296476E+00 1.29295402E+00 1.29293374E+00 1.29290255E+00 1.29285786E+00 1.29279770E+00 1.29271845E+00 1.29261778E+00 1.29249142E+00 1.29233617E+00 1.29214620E+00 1.29191805E+00 1.29164497E+00 1.29132168E+00 1.29093945E+00 1.29049302E+00 1.28997206E+00 1.28936943E+00 1.28867423E+00 1.28787635E+00 1.28695752E+00 1.28591168E+00 1.28472211E+00 1.28337722E+00 1.28185772E+00 1.28014813E+00 1.27822559E+00 1.27607697E+00 1.27367677E+00 1.27100806E+00 1.26804029E+00 1.26475061E+00 1.26110359E+00 1.25709048E+00 1.25267419E+00 1.24780483E+00 1.24244073E+00 1.23660160E+00 1.23026991E+00 1.22333621E+00 1.21641931E+00 1.20901147E+00 1.20203639E+00 1.19453835E+00 1.18745864E+00 1.18001091E+00 1.17310781E+00 1.16575241E+00 1.15887785E+00 1.15185815E+00 1.14551720E+00 1.13879798E+00 1.13254006E+00 1.12616269E+00 1.12045208E+00 1.11459880E+00 1.10929048E+00 1.10371914E+00 1.09861797E+00 1.09350998E+00 1.08894591E+00 1.08417908E+00 1.07954250E+00 1.07495934E+00 1.07041868E+00 1.06572922E+00 1.06083868E+00 1.05572237E+00 1.05045481E+00 1.04530548E+00 1.04020374E+00 1.03495829E+00 1.02951885E+00 1.02379899E+00 1.01810121E+00 1.01265512E+00 1.00677578E+00 1.00000000E+00
1.24639725E+00 1.24639725E+00 1.24639725E+00 1.24639725E+00 1.24639725E+00 1.24639725E+00 1.24639725E+00 1.24639725E+00 1.24639725E+00 1.24639725E+00 1.24639725E+00 1.24639725E+00 1.24639725E+00 1.24639725E+00 1.24639725E+00 1.24639725E+00 1.24639725E+00 1.24639725E+00 1.24639725E+00 1.24639725E+00 1.24639725E+00 1.24639725E+00 1.24639725E+00 1.24639725E+00 1.24639725E+00 1.24639725E+00 1.24639725E+00 1.24639725E+00 1.24639725E+00 1.24639725E+00 1.24639725E+00 1.24639725E+00 1.24639725E+00 1.24639725E+00 1.24639725E+00 1.24639725E+00 1.24639725E+00 1.24639725E+00 1.24639725E+00 1.24639725E+00 1.24639725E+00 1.24639725E+00 1.24639725E+00 1.24639725E+00 1.24639724E+00 1.24639724E+00 1.24639724E+00 1.24639724E+00 1.24639724E+00 1.24639724E+00 1.24639724E+00 1.24639724E+00 1.24639723E+00 1.24639723E+00 1.24639723E+00 1.24639722E+00 1.24639722E+00 1.24639722E+00 1.24639721E+00 1.24639721E+00 1.24639720E+00 1.24639720E+00 1.24639719E+00 1.24639718E+00 1.24639717E+00 1.24639716E+00 1.24639715E+00 1.24639714E+00 1.24639713E+00 1.24639712E+00 1.24639710E+00 1.24639709E+00 1.24639707E+00 1.24639705E+00 1.24639704E+00 1.24639702E+00 1.24639700E+00 1.24639698E+00 1.24639696E+00 1.24639694E+00 1.24639691E+00 1.24639689E+00 1.24639687E+00 1.24639686E+00 1.24639684E+00 1.24639683E+00 1.24639682E+00 1.24639682E+00 1.24639682E+00 1.24639683E+00 1.24639685E+00 1.24639688E+00 1.24639693E+00 1.24639699E+00 1.24639708E+00 1.24639719E+00 1.24639733E+00 1.24639750E+00 1.24639771E+00 1.24639796E+00 1.24639827E+00 1.24639863E+00 1.24639907E+00 1.24639958E+00 1.24640017E+00 1.24640087E+00 1.24640168E+00 1.24640262E+00 1.24640370E+00 1.24640494E+00 1.24640636E+00 1.24640797E+00 1.24640981E+00 1.24641189E+00 1.24641424E+00 1.24641690E+00 1.24641987E+00 1.24642321E+00 1.24642693E+00 1.24643109E+00 1.24643570E+00 1.24644080E+00 1.24644643E+00 1.24645264E+00 1.24645945E+00 1.24646690E+00 1.24647500E+00 1.24648382E+00 1.24649336E+00 1.24650363E+00 1.24651465E+00 1.24652641E+00 1.24653893E+00 1.24655213E+00 1.24656597E+00 1.24658039E+00 1.24659529E+00 1.24661051E+00 1.24662590E+00 1.24664119E+00 1.24665616E+00 1.24667042E+00 1.24668364E+00 1.24669519E+00 1.24670461E+00 1.24671094E+00 1.24671360E+00 1.24671151E+00 1.24670366E+00 1.24668842E+00 1.24666466E+00 1.24663028E+00 1.24658362E+00 1.24652179E+00 1.24644288E+00 1.24634338E+00 1.24622052E+00 1.24606949E+00 1.24588745E+00 1.24566864E+00 1.24540852E+00 1.24509984E+00 1.24473816E+00 1.24431475E+00 1.24382330E+00 1.24325429E+00 1.24259881E+00 1.24184189E+00 1.24097813E+00 1.23999265E+00 1.23887562E+00 1.23760970E+00 1.23618119E+00 1.23457038E+00 1.23276556E+00 1.23074443E+00 1.22849132E+00 1.22598022E+00 1.22318972E+00 1.22008962E+00 1.21667349E+00 1.21290713E+00 1.20874444E+00 1.20415375E+00 1.19915638E+00 1.19373058E+00 1.18777724E+00 1.18183785E+00 1.17547907E+00 1.16948728E+00 1.16303355E+00 1.15694636E+00 1.15055132E+00 1.14462869E+00 1.13830984E+00 1.13241516E+00 1.12642032E+00 1.12100288E+00 1.11524882E+00 1.10990471E+00 1.10447763E+00 1.09962169E+00 1.09464276E+00 1.09013768E+00 1.08539983E+00 1.08107742E+00 1.07676921E+00 1.07292349E+00 1.06890431E+00 1.06500864E+00 1.06117924E+00 1.05738416E+00 1.05344277E+00 1.04935004E+00 1.04508631E+00 1.04071339E+00 1.03648262E+00 1.03229827E+00 1.02799459E+00 1.02357367E+00 1.01893263E+00 1.01433067E+00 1.01002180E+00 1.00540800E+00 1.00000000E+00
1.19272208E+00 1.19274848E+00 1.19277185E+00 1.19279259E+00 1.19281091E+00 1.19282716E+00 1.19284151E+00 1.19285423E+00 1.19286546E+00 1.19287541E+00 1.19288418E+00 1.19289195E+00 1.19289879E+00 1.19290485E+00 1.19291019E+00 1.19291492E+00 1.19291908E+00 1.19292276E+00 1.19292600E+00 1.19292886E+00 1.19293138E+00 1.19293361E+00 1.19293556E+00 1.19293729E+00 1.19293881E+00 1.19294016E+00 1.19294134E+00 1.19294238E+00 1.19294330E+00 1.19294411E+00 1.19294481E+00 1.19294544E+00 1.19294599E+00 1.19294648E+00 1.19294690E+00 1.19294728E+00 1.19294761E+00 1.19294790E+00 1.19294815E+00 1.19294838E+00 1.19294857E+00 1.19294875E+00 1.19294890E+00 1.19294903E+00 1.19294915E+00 1.19294925E+00 1.19294934E+00 1.19294942E+00 1.19294949E+00 1.19294955E+00 1.19294961E+00 1.19294965E+00 1.19294969E+00 1.19294973E+00 1.19294976E+00 1.19294979E+00 1.19294981E+00 1.19294983E+00 1.19294985E+00 1.19294986E+00 1.19294987E+00 1.19294988E+00 1.19294989E+00 1.19294990E+00 1.19294990E+00 1.19294991E+00 1.19294991E+00 1.19294991E+00 1.19294991E+00 1.19294991E+00 1.19294991E+00 1.19294990E+00 1.19294990E+00 1.19294989E+00 1.19294988E+00 1.19294988E+00 1.19294987E+00 1.19294986E+00 1.19294985E+00 1.19294984E+00 1.19294982E+00 1.19294981E+00 1.19294980E+00 1.19294979E+00 1.19294977E+00 1.19294976E+00 1.19294975E+00 1.19294974E+00 1.19294974E+00 1.19294973E+00 1.19294973E+00 1.19294973E+00 1.19294974E+00 1.19294976E+00 1.19294979E+00 1.19294982E+00 1.19294987E+00 1.19294994E+00 1.19295002E+00 1.19295012E+00 1.19295025E+00 1.19295041E+00 1.19295060E+00 1.19295083E+00 1.19295111E+00 1.19295143E+00 1.19295182E+00 1.19295227E+00 1.19295279E+00 1.19295341E+00 1.19295412E+00 1.19295494E+00 1.19295588E+00 1.19295696E+00 1.19295819E+00 1.19295959E+00 1.19296118E+00 1.19296298E+00 1.19296500E+00 1.19296728E+00 1.19296983E+00 1.19297268E+00 1.19297585E+00 1.19297937E+00 1.19298325E+00 1.19298754E+00 1.19299224E+00 1.19299739E+00 1.19300300E+00 1.19300909E+00 1.19301566E+00 1.19302273E+00 1.19303029E+00 1.19303833E+00 1.19304681E+00 1.19305570E+00 1.19306495E+00 1.19307446E+00 1.19308413E+00 1.19309382E+00 1.19310335E+00 1.19311250E+00 1.19312103E+00 1.19312854E+00 1.19313470E+00 1.19313889E+00 1.19314073E+00 1.19313944E+00 1.19313434E+00 1.19312431E+00 1.19310853E+00 1.19308552E+00 1.19305407E+00 1.19301214E+00 1.19295839E+00 1.19289023E+00 1.19280557E+00 1.19270094E+00 1.19257421E+00 1.19242106E+00 1.19223802E+00 1.19201973E+00 1.19176278E+00 1.19146048E+00 1.19110786E+00 1.19069746E+00 1.19022231E+00 1.18967125E+00 1.18903969E+00 1.18831552E+00 1.18749107E+00 1.18655203E+00 1.18548746E+00 1.18428160E+00 1.18292450E+00 1.18139794E+00 1.17968856E+00 1.17777554E+00 1.17564059E+00 1.17325937E+00 1.17062606E+00 1.16771149E+00 1.16447881E+00 1.16090348E+00 1.15700015E+00 1.15274596E+00 1.14806476E+00 1.14338655E+00 1.13836418E+00 1.13361580E+00 1.12849239E+00 1.12366122E+00 1.11858064E+00 1.11386998E+00 1.10884610E+00 1.10416926E+00 1.09940576E+00 1.09508312E+00 1.09049767E+00 1.08625949E+00 1.08195479E+00 1.07809001E+00 1.07411990E+00 1.07053478E+00 1.06677257E+00 1.06335522E+00 1.05994855E+00 1.05690472E+00 1.05373375E+00 1.05066929E+00 1.04765190E+00 1.04464390E+00 1.04151239E+00 1.03829055E+00 1.03496360E+00 1.03156228E+00 1.02827380E+00 1.02500240E+00 1.02163517E+00 1.01821500E+00 1.01464913E+00 1.01111196E+00 1.00784808E+00 1.00431680E+00 1.00000000E+00
1.54648470E+00 1.54648470E+00 1.54648470E+00 1.54648470E+00 1.54648470E+00 1.54648470E+00 1.54648470E+00 1.54648470E+00 1.54648470E+00 1.54648470E+00 1.54648470E+00 1.54648470E+00 1.54648470E+00 1.54648469E+00 1.54648469E+00 1.54648469E+00 1.54648469E+00 1.54648469E+00 1.54648468E+00 1.54648468E+00 1.54648468E+00 1.54648467E+00 1.54648467E+00 1.54648466E+00 1.54648466E+00 1.54648465E+00 1.54648465E+00 1.54648464E+00 1.54648463E+00 1.54648462E+00 1.54648461E+00 1.54648460E+00 1.54648459E+00 1.54648457E+00 1.54648456E+00 1.54648454E+00 1.54648452E+00 1.54648451E+00 1.54648448E+00 1.54648446E+00 1.54648444E+00 1.54648441E+00 1.54648438E+00 1.54648435E+00 1.54648432E+00 1.54648428E+00 1.54648424E+00 1.54648420E+00 1.54648416E+00 1.54648411E+00 1.54648406E+00 1.54648401E+00 1.54648395E+00 1.54648390E+00 1.54648384E+00 1.54648377E+00 1.54648371E+00 1.54648364E+00 1.54648357E+00 1.54648350E+00 1.54648343E+00 1.54648336E+00 1.54648329E+00 1.54648322E+00 1.54648315E+00 1.54648309E+00 1.54648303E+00 1.54648298E+00 1.54648294E+00 1.54648291E+00 1.54648289E+00 1.54648288E+00 1.54648290E+00 1.54648293E+00 1.54648300E+00 1.54648310E+00 1.54648323E+00 1.54648340E+00 1.54648363E+00 1.54648391E+00 1.54648426E+00 1.54648467E+00 1.54648517E+00 1.54648576E+00 1.54648646E+00 1.54648727E+00 1.54648823E+00 1.54648933E+00 1.54649060E+00 1.54649205E+00 1.54649370E+00 1.54649560E+00 1.54649776E+00 1.54650017E+00 1.54650288E+00 1.54650595E+00 1.54650940E+00 1.54651327E+00 1.54651759E+00 1.54652241E+00 1.54652776E+00 1.54653367E+00 1.54654022E+00 1.54654751E+00 1.54655554E+00 1.54656432E+00 1.54657393E+00 1.54658455E+00 1.54659620E+00 1.54660893E+00 1.54662282E+00 1.54663797E+00 1.54665438E+00 1.54667213E+00 1.54669134E+00 1.54671222E+00 1.54673470E+00 1.54675867E+00 1.54678436E+00 1.54681215E+00 1.54684189E+00 1.54687346E+00 1.54690702E+00 1.54694277E+00 1.54698054E+00 1.54702008E+00 1.54706157E+00 1.54710527E+00 1.54715093E+00 1.54719807E+00 1.54724659E+00 1.54729646E+00 1.54734754E+00 1.54739932E+00 1.54745125E+00 1.54750268E+00 1.54755328E+00 1.54760225E+00 1.54764887E+00 1.54769202E+00 1.54773045E+00 1.54776204E+00 1.54778628E+00 1.54780207E+00 1.54780739E+00 1.54779815E+00 1.54777275E+00 1.54772850E+00 1.54766266E+00 1.54757022E+00 1.54744839E+00 1.54729257E+00 1.54709929E+00 1.54686106E+00 1.54657255E+00 1.54622535E+00 1.54581480E+00 1.54533048E+00 1.54476576E+00 1.54410935E+00 1.54335527E+00 1.54249093E+00 1.54150169E+00 1.54036272E+00 1.53907266E+00 1.53763045E+00 1.53601647E+00 1.53418695E+00 1.53213332E+00 1.52983745E+00 1.52728237E+00 1.52443959E+00 1.52128760E+00 1.51778979E+00 1.51393042E+00 1.50968193E+00 1.50502994E+00 1.49992728E+00 1.49433237E+00 1.48818295E+00 1.48147232E+00 1.47417227E+00 1.46621592E+00 1.45749964E+00 1.44803747E+00 1.43783786E+00 1.42675044E+00 1.41567579E+00 1.40378882E+00 1.39261507E+00 1.38066387E+00 1.36929411E+00 1.35726335E+00 1.34609760E+00 1.33422969E+00 1.32300218E+00 1.31131087E+00 1.30071578E+00 1.28958312E+00 1.27912334E+00 1.26826274E+00 1.25842135E+00 1.24828707E+00 1.23902218E+00 1.22935138E+00 1.22038040E+00 1.21116083E+00 1.20285037E+00 1.19423888E+00 1.18573536E+00 1.17702069E+00 1.16818759E+00 1.15911914E+00 1.14960752E+00 1.13959152E+00 1.12909574E+00 1.11834842E+00 1.10742288E+00 1.09593256E+00 1.08341560E+00 1.07014970E+00 1.05653973E+00 1.04170901E+00 1.02301010E+00 1.00000000E+00
1.52542941E+00 1.52542941E+00 1.52542941E+00 1.52542941E+00 1.52542941E+00 1.52542941E+00 1.52542941E+00 1.52542941E+00 1.52542941E+00 1.52542941E+00 1.52542941E+00 1.52542941E+00 1.52542941E+00 1.52542941E+00 1.52542941E+00 1.52542940E+00 1.52542940E+00 1.52542940E+00 1.52542940E+00 1.52542940E+00 1.52542939E+00 1.52542939E+00 1.52542939E+00 1.52542938E+00 1.52542938E+00 1.52542937E+00 1.52542937E+00 1.52542936E+00 1.52542936E+00 1.52542935E+00 1.52542934E+00 1.52542933E+00 1.52542932E+00 1.52542931E+00 1.52542930E+00 1.52542929E+00 1.52542927E+00 1.52542926E+00 1.52542924E+00 1.52542922E+00 1.52542920E+00 1.52542918E+00 1.52542915E+00 1.52542913E+00 1.52542910E+00 1.52542907E+00 1.52542903E+00 1.52542900E+00 1.52542896E+00 1.52542892E+00 1.52542888E+00 1.52542883E+00 1.52542878E+00 1.52542873E+00 1.52542868E+00 1.52542862E+00 1.52542856E+00 1.52542850E+00 1.52542844E+00 1.52542838E+00 1.52542831E+00 1.52542824E+00 1.52542817E+00 1.52542811E+00 1.52542804E+00 1.52542798E+00 1.52542792E+00 1.52542786E+00 1.52542781E+00 1.52542777E+00 1.52542774E+00 1.52542772E+00 1.52542771E+00 1.52542773E+00 1.52542776E+00 1.52542783E+00 1.52542792E+00 1.52542804E+00 1.52542821E+00 1.52542843E+00 1.52542870E+00 1.52542903E+00 1.52542942E+00 1.52542990E+00 1.52543047E+00 1.52543115E+00 1.52543194E+00 1.52543286E+00 1.52543393E+00 1.52543515E+00 1.52543656E+00 1.52543818E+00 1.52544002E+00 1.52544210E+00 1.52544444E+00 1.52544710E+00 1.52545011E+00 1.52545348E+00 1.52545726E+00 1.52546150E+00 1.52546620E+00 1.52547143E+00 1.52547724E+00 1.52548370E+00 1.52549083E+00 1.52549867E+00 1.52550728E+00 1.52551681E+00 1.52552728E+00 1.52553875E+00 1.52555128E+00 1.52556496E+00 1.52557983E+00 1.52559597E+00 1.52561346E+00 1.52563247E+00 1.52565297E+00 1.52567494E+00 1.52569857E+00 1.52572411E+00 1.52575147E+00 1.52578061E+00 1.52581164E+00 1.52584469E+00 1.52587968E+00 1.52591647E+00 1.52595515E+00 1.52599589E+00 1.52603849E+00 1.52608258E+00 1.52612809E+00 1.52617495E+00 1.52622301E+00 1.52627176E+00 1.52632076E+00 1.52636944E+00 1.52641747E+00 1.52646401E+00 1.52650835E+00 1.52654935E+00 1.52658603E+00 1.52661662E+00 1.52664038E+00 1.52665585E+00 1.52666122E+00 1.52665288E+00 1.52662921E+00 1.52658748E+00 1.52652505E+00 1.52643716E+00 1.52632114E+00 1.52617232E+00 1.52598712E+00 1.52575810E+00 1.52548038E+00 1.52514599E+00 1.52475010E+00 1.52428239E+00 1.52373670E+00 1.52310217E+00 1.52237137E+00 1.52153021E+00 1.52056747E+00 1.51946325E+00 1.51821220E+00 1.51680647E+00 1.51522842E+00 1.51343968E+00 1.51143207E+00 1.50918604E+00 1.50668397E+00 1.50389788E+00 1.50080800E+00 1.49738086E+00 1.49359962E+00 1.48943316E+00 1.48486402E+00 1.47984527E+00 1.47434191E+00 1.46829631E+00 1.46169671E+00 1.45450959E+00 1.44667274E+00 1.43808946E+00 1.42876920E+00 1.41871576E+00 1.40778628E+00 1.39688097E+00 1.38517726E+00 1.37416769E+00 1.36239583E+00 1.35122282E+00 1.33940677E+00 1.32843067E+00 1.31677829E+00 1.30579418E+00 1.29437156E+00 1.28400722E+00 1.27312050E+00 1.26291886E+00 1.25234717E+00 1.24277260E+00 1.23291601E+00 1.22391307E+00 1.21453058E+00 1.20585045E+00 1.19695055E+00 1.18893415E+00 1.18063094E+00 1.17244953E+00 1.16408742E+00 1.15562633E+00 1.14695307E+00 1.13788646E+00 1.12837393E+00 1.11843222E+00 1.10826688E+00 1.09793237E+00 1.08709689E+00 1.07537682E+00 1.06300831E+00 1.05039407E+00 1.03687142E+00 1.02017655E+00 1.00000000E+00
1.50138650E+00 1.50138650E+00 1.50138650E+00 1.50138650E+00 1.50138650E+00 1.50138650E+00 1.50138650E+00 1.50138650E+00 1.50138650E+00 1.50138650E+00 1.50138650E+00 1.50138650E+00 1.50138650E+00 1.50138650E+00 1.50138649E+00 1.50138649E+00 1.50138649E+00 1.50138649E+00 1.50138649E+00 1.50138649E+00 1.50138649E+00 1.50138648E+00 1.50138648E+00 1.50138648E+00 1.50138648E+00 1.50138647E+00 1.50138647E+00 1.50138646E+00 1.50138646E+00 1.50138645E+00 1.50138645E+00 1.50138644E+00 1.50138643E+00 1.50138642E+00 1.50138641E+00 1.50138640E+00 1.50138639E+00 1.50138638E+00 1.50138637E+00 1.50138635E+00 1.50138633E+00 1.50138632E+00 1.50138630E+00 1.50138627E+00 1.50138625E+00 1.50138623E+00 1.50138620E+00 1.50138617E+00 1.50138614E+00 1.50138610E+00 1.50138607E+00 1.50138603E+00 1.50138599E+00 1.50138594E+00 1.50138590E+00 1.50138585E+00 1.50138580E+00 1.50138574E+00 1.50138569E+00 1.50138563E+00 1.50138557E+00 1.50138551E+00 1.50138545E+00 1.50138539E+00 1.50138532E+00 1.50138526E+00 1.50138520E+00 1.50138515E+00 1.50138510E+00 1.50138505E+00 1.50138501E+00 1.50138498E+00 1.50138496E+00 1.50138495E+00 1.50138496E+00 1.50138500E+00 1.50138505E+00 1.50138514E+00 1.50138525E+00 1.50138541E+00 1.50138561E+00 1.50138586E+00 1.50138616E+00 1.50138654E+00 1.50138699E+00 1.50138753E+00 1.50138816E+00 1.50138891E+00 1.50138978E+00 1.50139079E+00 1.50139195E+00 1.50139329E+00 1.50139482E+00 1.50139657E+00 1.50139854E+00 1.50140080E+00 1.50140335E+00 1.50140623E+00 1.50140946E+00 1.50141309E+00 1.50141714E+00 1.50142166E+00 1.50142669E+00 1.50143230E+00 1.50143851E+00 1.50144536E+00 1.50145292E+00 1.50146129E+00 1.50147051E+00 1.50148063E+00 1.50149171E+00 1.50150384E+00 1.50151705E+00 1.50153144E+00 1.50154706E+00 1.50156405E+00 1.50158242E+00 1.50160219E+00 1.50162351E+00 1.50164656E+00 1.50167128E+00 1.50169768E+00 1.50172585E+00 1.50175589E+00 1.50178774E+00 1.50182133E+00 1.50185673E+00 1.50189402E+00 1.50193306E+00 1.50197356E+00 1.50201546E+00 1.50205865E+00 1.50210300E+00 1.50214803E+00 1.50219334E+00 1.50223846E+00 1.50228300E+00 1.50232616E+00 1.50236729E+00 1.50240529E+00 1.50243931E+00 1.50246776E+00 1.50248980E+00 1.50250380E+00 1.50250815E+00 1.50249955E+00 1.50247643E+00 1.50243607E+00 1.50237589E+00 1.50229140E+00 1.50217999E+00 1.50203696E+00 1.50185874E+00 1.50163810E+00 1.50137051E+00 1.50104835E+00 1.50066668E+00 1.50021529E+00 1.49968828E+00 1.49907500E+00 1.49836761E+00 1.49755182E+00 1.49661809E+00 1.49554873E+00 1.49433618E+00 1.49296897E+00 1.49143096E+00 1.48968778E+00 1.48773130E+00 1.48554093E+00 1.48309940E+00 1.48037999E+00 1.47736324E+00 1.47401672E+00 1.47032326E+00 1.46625014E+00 1.46177864E+00 1.45686318E+00 1.45147234E+00 1.44555149E+00 1.43908698E+00 1.43204182E+00 1.42435554E+00 1.41593831E+00 1.40679956E+00 1.39694121E+00 1.38622363E+00 1.37554000E+00 1.36408225E+00 1.35330752E+00 1.34179137E+00 1.33088106E+00 1.31935433E+00 1.30864984E+00 1.29729612E+00 1.28661996E+00 1.27553905E+00 1.26548774E+00 1.25493209E+00 1.24505985E+00 1.23485436E+00 1.22562569E+00 1.21613326E+00 1.20747323E+00 1.19845639E+00 1.19013157E+00 1.18162052E+00 1.17396431E+00 1.16603318E+00 1.15823278E+00 1.15028901E+00 1.14227597E+00 1.13407370E+00 1.12551525E+00 1.11655167E+00 1.10720329E+00 1.09767736E+00 1.08801181E+00 1.07791730E+00 1.06708270E+00 1.05569137E+00 1.04412965E+00 1.03193332E+00 1.01728457E+00 1.00000000E+00
1.47201101E+00 1.47201101E+00 1.47201101E+00 1.47201101E+00 1.47201101E+00 1.47201101E+00 1.47201101E+00 1.47201101E+00 1.47201101E+00 1.47201101E+00 1.47201101E+00 1.47201101E+00 1.47201101E+00 1.47201101E+00 1.47201101E+00 1.47201101E+00 1.47201101E+00 1.47201101E+00 1.47201101E+00 1.47201100E+00 1.47201100E+00 1.47201100E+00 1.47201100E+00 1.47201100E+00 1.47201100E+00 1.47201099E+00 1.47201099E+00 1.47201099E+00 1.47201098E+00 1.47201098E+00 1.47201098E+00 1.47201097E+00 1.47201097E+00 1.47201096E+00 1.47201095E+00 1.47201095E+00 1.47201094E+00 1.47201093E+00 1.47201092E+00 1.47201091E+00 1.47201089E+00 1.47201088E+00 1.47201086E+00 1.47201085E+00 1.47201083E+00 1.47201081E+00 1.47201079E+00 1.47201077E+00 1.47201074E+00 1.47201072E+00 1.47201069E+00 1.47201066E+00 1.47201062E+00 1.47201059E+00 1.47201055E+00 1.47201051E+00 1.47201047E+00 1.47201042E+00 1.47201037E+00 1.47201033E+00 1.47201027E+00 1.47201022E+00 1.47201017E+00 1.47201011E+00 1.47201005E+00 1.47201000E+00 1.47200994E+00 1.47200989E+00 1.47200983E+00 1.47200978E+00 1.47200974E+00 1.47200970E+00 1.47200967E+00 1.47200965E+00 1.47200963E+00 1.47200964E+00 1.47200966E+00 1.47200970E+00 1.47200977E+00 1.47200987E+00 1.47201000E+00 1.47201017E+00 1.47201038E+00 1.47201065E+00 1.47201097E+00 1.47201137E+00 1.47201184E+00 1.47201241E+00 1.47201307E+00 1.47201385E+00 1.47201475E+00 1.47201580E+00 1.47201700E+00 1.47201839E+00 1.47201996E+00 1.47202177E+00 1.47202383E+00 1.47202616E+00 1.47202879E+00 1.47203176E+00 1.47203508E+00 1.47203881E+00 1.47204298E+00 1.47204764E+00 1.47205282E+00 1.47205857E+00 1.47206493E+00 1.47207200E+00 1.47207980E+00 1.47208840E+00 1.47209784E+00 1.47210821E+00 1.47211954E+00 1.47213192E+00 1.47214540E+00 1.47216010E+00 1.47217603E+00 1.47219326E+00 1.47221188E+00 1.47223205E+00 1.47225374E+00 1.47227697E+00 1.47230182E+00 1.47232837E+00 1.47235660E+00 1.47238647E+00 1.47241802E+00 1.47245132E+00 1.47248624E+00 1.47252258E+00 1.47256027E+00 1.47259923E+00 1.47263930E+00 1.47268005E+00 1.47272116E+00 1.47276220E+00 1.47280280E+00 1.47284221E+00 1.47287984E+00 1.47291468E+00 1.47294596E+00 1.47297225E+00 1.47299269E+00 1.47300562E+00 1.47300959E+00 1.47300161E+00 1.47298017E+00 1.47294262E+00 1.47288652E+00 1.47280766E+00 1.47270350E+00 1.47256943E+00 1.47240197E+00 1.47219425E+00 1.47194203E+00 1.47163806E+00 1.47127738E+00 1.47085003E+00 1.47035043E+00 1.46976816E+00 1.46909532E+00 1.46831792E+00 1.46742740E+00 1.46640744E+00 1.46524930E+00 1.46393966E+00 1.46246344E+00 1.46078947E+00 1.45890982E+00 1.45680345E+00 1.45445365E+00 1.45183489E+00 1.44892761E+00 1.44570015E+00 1.44213565E+00 1.43820113E+00 1.43387721E+00 1.42912022E+00 1.42390081E+00 1.41816716E+00 1.41190573E+00 1.40507714E+00 1.39762107E+00 1.38945602E+00 1.38059510E+00 1.37103923E+00 1.36064923E+00 1.35030167E+00 1.33921746E+00 1.32880351E+00 1.31767500E+00 1.30714801E+00 1.29604163E+00 1.28573672E+00 1.27481122E+00 1.26455688E+00 1.25394404E+00 1.24433069E+00 1.23423247E+00 1.22480019E+00 1.21507716E+00 1.20630476E+00 1.19729303E+00 1.18908316E+00 1.18053578E+00 1.17265718E+00 1.16463086E+00 1.15742266E+00 1.14995076E+00 1.14261620E+00 1.13518193E+00 1.12771193E+00 1.12007269E+00 1.11210990E+00 1.10377766E+00 1.09510799E+00 1.08632200E+00 1.07743944E+00 1.06820809E+00 1.05839082E+00 1.04811008E+00 1.03772453E+00 1.02696899E+00 1.01444494E+00 1.00000000E+00
1.43910360E+00 1.43910360E+00 1.43910360E+00 1.43910360E+00 1.43910360E+00 1.43910360E+00 1.43910360E+00 1.43910360E+00 1.43910360E+00 1.43910360E+00 1.43910360E+00 1.43910360E+00 1.43910360E+00 1.43910360E+00 1.43910360E+00 1.43910360E+00 1.43910360E+00 1.43910360E+00 1.43910360E+00 1.43910360E+00 1.43910360E+00 1.43910360E+00 1.43910360E+00 1.43910360E+00 1.43910359E+00 1.43910359E+00 1.43910359E+00 1.43910359E+00 1.43910359E+00 1.43910358E+00 1.43910358E+00 1.43910358E+00 1.43910357E+00 1.43910357E+00 1.43910357E+00 1.43910356E+00 1.43910355E+00 1.43910355E+00 1.43910354E+00 1.43910353E+00 1.43910352E+00 1.43910351E+00 1.43910350E+00 1.43910349E+00 1.43910348E+00 1.43910346E+00 1.43910345E+00 1.43910343E+00 1.43910341E+00 1.43910339E+00 1.43910337E+00 1.43910335E+00 1.43910332E+00 1.43910329E+00 1.43910327E+00 1.43910323E+00 1.43910320E+00 1.43910316E+00 1.43910313E+00 1.43910309E+00 1.43910305E+00 1.43910300E+00 1.43910296E+00 1.43910291E+00 1.43910286E+00 1.43910281E+00 1.43910276E+00 1.43910271E+00 1.43910266E+00 1.43910261E+00 1.43910257E+00 1.43910252E+00 1.43910249E+00 1.43910245E+00 1.43910243E+00 1.43910242E+00 1.43910241E+00 1.43910243E+00 1.43910245E+00 1.43910250E+00 1.43910258E+00 1.43910268E+00 1.43910282E+00 1.43910299E+00 1.43910322E+00 1.43910349E+00 1.43910382E+00 1.43910423E+00 1.43910471E+00 1.43910528E+00 1.43910594E+00 1.43910673E+00 1.43910764E+00 1.43910869E+00 1.43910990E+00 1.43911129E+00 1.43911289E+00 1.43911471E+00 1.43911677E+00 1.43911911E+00 1.43912175E+00 1.43912473E+00 1.43912807E+00 1.43913182E+00 1.43913601E+00 1.43914067E+00 1.43914586E+00 1.43915164E+00 1.43915805E+00 1.43916514E+00 1.43917295E+00 1.43918155E+00 1.43919099E+00 1.43920135E+00 1.43921266E+00 1.43922503E+00 1.43923848E+00 1.43925309E+00 1.43926892E+00 1.43928611E+00 1.43930464E+00 1.43932455E+00 1.43934591E+00 1.43936878E+00 1.43939317E+00 1.43941906E+00 1.43944647E+00 1.43947546E+00 1.43950592E+00 1.43953771E+00 1.43957077E+00 1.43960500E+00 1.43964028E+00 1.43967621E+00 1.43971253E+00 1.43974885E+00 1.43978483E+00 1.43981977E+00 1.43985315E+00 1.43988406E+00 1.43991177E+00 1.43993501E+00 1.43995293E+00 1.43996390E+00 1.43996662E+00 1.43995836E+00 1.43993773E+00 1.43990216E+00 1.43984937E+00 1.43977540E+00 1.43967785E+00 1.43955226E+00 1.43939525E+00 1.43920040E+00 1.43896374E+00 1.43867838E+00 1.43833940E+00 1.43793726E+00 1.43746666E+00 1.43691754E+00 1.43628206E+00 1.43554678E+00 1.43470385E+00 1.43373801E+00 1.43263999E+00 1.43139566E+00 1.42999070E+00 1.42839674E+00 1.42660625E+00 1.42459813E+00 1.42235645E+00 1.41985671E+00 1.41707933E+00 1.41399373E+00 1.41058382E+00 1.40681733E+00 1.40267459E+00 1.39811435E+00 1.39310860E+00 1.38760878E+00 1.38160290E+00 1.37505030E+00 1.36789029E+00 1.36005161E+00 1.35155352E+00 1.34239523E+00 1.33243686E+00 1.32253064E+00 1.31193745E+00 1.30199788E+00 1.29137578E+00 1.28134298E+00 1.27077733E+00 1.26098769E+00 1.25060799E+00 1.24088153E+00 1.23085407E+00 1.22179045E+00 1.21226115E+00 1.20336757E+00 1.19423028E+00 1.18601032E+00 1.17757971E+00 1.16991211E+00 1.16192266E+00 1.15456885E+00 1.14711004E+00 1.14042470E+00 1.13348581E+00 1.12668887E+00 1.11984150E+00 1.11299422E+00 1.10599307E+00 1.09869858E+00 1.09106746E+00 1.08314706E+00 1.07518412E+00 1.06717862E+00 1.05890211E+00 1.05017673E+00 1.04105370E+00 1.03187562E+00 1.02257361E+00 1.01202765E+00 1.00000000E+00
1.39957764E+00 1.39959076E+00 1.39960215E+00 1.39961211E+00 1.39962076E+00 1.39962833E+00 1.39963491E+00 1.39964066E+00 1.39964567E+00 1.39965006E+00 1.39965389E+00 1.39965724E+00 1.39966017E+00 1.39966273E+00 1.39966498E+00 1.39966695E+00 1.39966867E+00 1.39967019E+00 1.39967151E+00 1.39967268E+00 1.39967370E+00 1.39967460E+00 1.39967539E+00 1.39967608E+00 1.39967669E+00 1.39967723E+00 1.39967770E+00 1.39967811E+00 1.39967848E+00 1.39967880E+00 1.39967908E+00 1.39967932E+00 1.39967954E+00 1.39967973E+00 1.39967989E+00 1.39968004E+00 1.39968016E+00 1.39968027E+00 1.39968037E+00 1.39968045E+00 1.39968052E+00 1.39968058E+00 1.39968063E+00 1.39968068E+00 1.39968071E+00 1.39968074E+00 1.39968077E+00 1.39968079E+00 1.39968080E+00 1.39968081E+00 1.39968081E+00 1.39968081E+00 1.39968081E+00 1.39968080E+00 1.39968079E+00 1.39968078E+00 1.39968076E+00 1.39968075E+00 1.39968072E+00 1.39968070E+00 1.39968067E+00 1.39968064E+00 1.39968061E+00 1.39968058E+00 1.39968054E+00 1.39968050E+00 1.39968046E+00 1.39968042E+00 1.39968038E+00 1.39968034E+00 1.39968030E+00 1.39968026E+00 1.39968022E+00 1.39968018E+00 1.39968015E+00 1.39968012E+00 1.39968010E+00 1.39968009E+00 1.39968009E+00 1.39968011E+00 1.39968014E+00 1.39968018E+00 1.39968025E+00 1.39968035E+00 1.39968048E+00 1.39968064E+00 1.39968085E+00 1.39968111E+00 1.39968142E+00 1.39968179E+00 1.39968224E+00 1.39968277E+00 1.39968340E+00 1.39968413E+00 1.39968498E+00 1.39968597E+00 1.39968711E+00 1.39968842E+00 1.39968993E+00 1.39969164E+00 1.39969359E+00 1.39969580E+00 1.39969829E+00 1.39970111E+00 1.39970428E+00 1.39970784E+00 1.39971181E+00 1.39971626E+00 1.39972121E+00 1.39972671E+00 1.39973281E+00 1.39973956E+00 1.39974700E+00 1.39975519E+00 1.39976419E+00 1.39977406E+00 1.39978485E+00 1.39979662E+00 1.39980943E+00 1.39982338E+00 1.39983846E+00 1.39985475E+00 1.39987228E+00 1.39989112E+00 1.39991129E+00 1.39993277E+00 1.39995560E+00 1.39997980E+00 1.40000532E+00 1.40003206E+00 1.40005995E+00 1.40008892E+00 1.40011885E+00 1.40014942E+00 1.40018040E+00 1.40021149E+00 1.40024236E+00 1.40027239E+00 1.40030116E+00 1.40032784E+00 1.40035179E+00 1.40037191E+00 1.40038738E+00 1.40039670E+00 1.40039871E+00 1.40039100E+00 1.40037230E+00 1.40034024E+00 1.40029270E+00 1.40022609E+00 1.40013818E+00 1.40002478E+00 1.39988273E+00 1.39970612E+00 1.39949138E+00 1.39923206E+00 1.39892339E+00 1.39855648E+00 1.39812645E+00 1.39762369E+00 1.39704066E+00 1.39636481E+00 1.39558896E+00 1.39469900E+00 1.39368562E+00 1.39253464E+00 1.39123242E+00 1.38975351E+00 1.38809096E+00 1.38622412E+00 1.38413811E+00 1.38180957E+00 1.37921925E+00 1.37633831E+00 1.37315176E+00 1.36962902E+00 1.36575044E+00 1.36147803E+00 1.35678457E+00 1.35162567E+00 1.34599233E+00 1.33984362E+00 1.33311802E+00 1.32575660E+00 1.31778688E+00 1.30920426E+00 1.29986763E+00 1.29059017E+00 1.28068990E+00 1.27141311E+00 1.26149237E+00 1.25213501E+00 1.24230254E+00 1.23320753E+00 1.22355671E+00 1.21452629E+00 1.20526414E+00 1.19691354E+00 1.18811633E+00 1.17991016E+00 1.17151293E+00 1.16398477E+00 1.15627743E+00 1.14928074E+00 1.14197511E+00 1.13526125E+00 1.12848903E+00 1.12243210E+00 1.11613235E+00 1.10997718E+00 1.10382529E+00 1.09770747E+00 1.09144332E+00 1.08491633E+00 1.07808651E+00 1.07101771E+00 1.06398714E+00 1.05696806E+00 1.04974535E+00 1.04219116E+00 1.03428042E+00 1.02634877E+00 1.01850904E+00 1.00984757E+00 1.00000000E+00
1.35050448E+00 1.35050527E+00 1.35050596E+00 1.35050656E+00 1.35050709E+00 1.35050756E+00 1.35050796E+00 1.35050832E+00 1.35050863E+00 1.35050891E+00 1.35050915E+00 1.35050936E+00 1.35050954E+00 1.35050970E+00 1.35050984E+00 1.35050997E+00 1.35051007E+00 1.35051017E+00 1.35051025E+00 1.35051032E+00 1.35051038E+00 1.35051044E+00 1.35051048E+00 1.35051052E+00 1.35051056E+00 1.35051059E+00 1.35051062E+00 1.35051064E+00 1.35051066E+00 1.35051068E+00 1.35051069E+00 1.35051070E+00 1.35051071E+00 1.35051072E+00 1.35051073E+00 1.35051073E+00 1.35051074E+00 1.35051074E+00 1.35051075E+00 1.35051075E+00 1.35051075E+00 1.35051075E+00 1.35051075E+00 1.35051074E+00 1.35051074E+00 1.35051074E+00 1.35051073E+00 1.35051073E+00 1.35051072E+00 1.35051072E+00 1.35051071E+00 1.35051070E+00 1.35051069E+00 1.35051068E+00 1.35051067E+00 1.35051065E+00 1.35051064E+00 1.35051062E+00 1.35051060E+00 1.35051058E+00 1.35051056E+00 1.35051054E+00 1.35051052E+00 1.35051049E+00 1.35051046E+00 1.35051044E+00 1.35051041E+00 1.35051038E+00 1.35051034E+00 1.35051031E+00 1.35051028E+00 1.35051024E+00 1.35051021E+00 1.35051017E+00 1.35051014E+00 1.35051011E+00 1.35051008E+00 1.35051006E+00 1.35051004E+00 1.35051003E+00 1.35051003E+00 1.35051003E+00 1.35051005E+00 1.35051009E+00 1.35051014E+00 1.35051021E+00 1.35051031E+00 1.35051044E+00 1.35051060E+00 1.35051081E+00 1.35051106E+00 1.35051136E+00 1.35051173E+00 1.35051216E+00 1.35051268E+00 1.35051328E+00 1.35051399E+00 1.35051482E+00 1.35051578E+00 1.35051688E+00 1.35051815E+00 1.35051960E+00 1.35052125E+00 1.35052314E+00 1.35052527E+00 1.35052769E+00 1.35053041E+00 1.35053348E+00 1.35053692E+00 1.35054078E+00 1.35054507E+00 1.35054986E+00 1.35055517E+00 1.35056106E+00 1.35056757E+00 1.35057475E+00 1.35058265E+00 1.35059131E+00 1.35060080E+00 1.35061117E+00 1.35062245E+00 1.35063470E+00 1.35064795E+00 1.35066227E+00 1.35067766E+00 1.35069416E+00 1.35071176E+00 1.35073051E+00 1.35075038E+00 1.35077130E+00 1.35079323E+00 1.35081610E+00 1.35083984E+00 1.35086419E+00 1.35088899E+00 1.35091400E+00 1.35093894E+00 1.35096332E+00 1.35098680E+00 1.35100869E+00 1.35102846E+00 1.35104521E+00 1.35105823E+00 1.35106619E+00 1.35106813E+00 1.35106205E+00 1.35104687E+00 1.35102050E+00 1.35098108E+00 1.35092555E+00 1.35085191E+00 1.35075646E+00 1.35063636E+00 1.35048648E+00 1.35030373E+00 1.35008237E+00 1.34981793E+00 1.34950254E+00 1.34913192E+00 1.34869731E+00 1.34819169E+00 1.34760388E+00 1.34692759E+00 1.34615019E+00 1.34526282E+00 1.34425209E+00 1.34310523E+00 1.34180020E+00 1.34033084E+00 1.33867764E+00 1.33682730E+00 1.33475796E+00 1.33245131E+00 1.32988123E+00 1.32703419E+00 1.32388238E+00 1.32040660E+00 1.31657318E+00 1.31235536E+00 1.30771415E+00 1.30264483E+00 1.29710730E+00 1.29103917E+00 1.28439550E+00 1.27721323E+00 1.26948092E+00 1.26105759E+00 1.25269327E+00 1.24378634E+00 1.23544830E+00 1.22651509E+00 1.21809886E+00 1.20927761E+00 1.20113244E+00 1.19247367E+00 1.18438284E+00 1.17613769E+00 1.16872123E+00 1.16088119E+00 1.15357301E+00 1.14613088E+00 1.13948250E+00 1.13268525E+00 1.12652672E+00 1.12007487E+00 1.11415983E+00 1.10823218E+00 1.10294129E+00 1.09742509E+00 1.09205390E+00 1.08673470E+00 1.08147000E+00 1.07605764E+00 1.07041982E+00 1.06452344E+00 1.05844363E+00 1.05247549E+00 1.04655782E+00 1.04048708E+00 1.03418950E+00 1.02758400E+00 1.02099166E+00 1.01464171E+00 1.00779612E+00 1.00000000E+00
1.29053674E+00 1.29054203E+00 1.29054672E+00 1.29055088E+00 1.29055457E+00 1.29055783E+00 1.29056072E+00 1.29056329E+00 1.29056555E+00 1.29056756E+00 1.29056934E+00 1.29057091E+00 1.29057230E+00 1.29057354E+00 1.29057463E+00 1.29057559E+00 1.29057644E+00 1.29057719E+00 1.29057786E+00 1.29057845E+00 1.29057897E+00 1.29057942E+00 1.29057983E+00 1.29058019E+00 1.29058050E+00 1.29058078E+00 1.29058102E+00 1.29058124E+00 1.29058143E+00 1.29058160E+00 1.29058175E+00 1.29058188E+00 1.29058199E+00 1.29058210E+00 1.29058218E+00 1.29058226E+00 1.29058233E+00 1.29058239E+00 1.29058244E+00 1.29058249E+00 1.29058253E+00 1.29058257E+00 1.29058260E+00 1.29058262E+00 1.29058265E+00 1.29058267E+00 1.29058268E+00 1.29058270E+00 1.29058271E+00 1.29058272E+00 1.29058273E+00 1.29058273E+00 1.29058274E+00 1.29058274E+00 1.29058274E+00 1.29058274E+00 1.29058274E+00 1.29058273E+00 1.29058273E+00 1.29058272E+00 1.29058271E+00 1.29058270E+00 1.29058269E+00 1.29058268E+00 1.29058267E+00 1.29058265E+00 1.29058264E+00 1.29058262E+00 1.29058260E+00 1.29058258E+00 1.29058256E+00 1.29058254E+00 1.29058252E+00 1.29058250E+00 1.29058247E+00 1.29058245E+00 1.29058243E+00 1.29058241E+00 1.29058239E+00 1.29058237E+00 1.29058235E+00 1.29058234E+00 1.29058234E+00 1.29058234E+00 1.29058235E+00 1.29058237E+00 1.29058240E+00 1.29058244E+00 1.29058251E+00 1.29058259E+00 1.29058270E+00 1.29058284E+00 1.29058301E+00 1.29058322E+00 1.29058347E+00 1.29058377E+00 1.29058413E+00 1.29058456E+00 1.29058507E+00 1.29058566E+00 1.29058635E+00 1.29058714E+00 1.29058806E+00 1.29058912E+00 1.29059034E+00 1.29059173E+00 1.29059331E+00 1.29059510E+00 1.29059714E+00 1.29059943E+00 1.29060202E+00 1.29060492E+00 1.29060816E+00 1.29061179E+00 1.29061583E+00 1.29062032E+00 1.29062528E+00 1.29063078E+00 1.29063683E+00 1.29064349E+00 1.29065077E+00 1.29065873E+00 1.29066740E+00 1.29067681E+00 1.29068699E+00 1.29069796E+00 1.29070974E+00 1.29072233E+00 1.29073575E+00 1.29074995E+00 1.29076491E+00 1.29078058E+00 1.29079690E+00 1.29081369E+00 1.29083086E+00 1.29084823E+00 1.29086559E+00 1.29088259E+00 1.29089896E+00 1.29091420E+00 1.29092789E+00 1.29093938E+00 1.29094809E+00 1.29095298E+00 1.29095327E+00 1.29094748E+00 1.29093479E+00 1.29091348E+00 1.29088207E+00 1.29083816E+00 1.29078013E+00 1.29070499E+00 1.29061032E+00 1.29049210E+00 1.29034786E+00 1.29017288E+00 1.28996324E+00 1.28971256E+00 1.28941741E+00 1.28907033E+00 1.28866522E+00 1.28819295E+00 1.28764836E+00 1.28702084E+00 1.28630252E+00 1.28548188E+00 1.28454750E+00 1.28348154E+00 1.28227883E+00 1.28092194E+00 1.27939977E+00 1.27769284E+00 1.27578466E+00 1.27365305E+00 1.27128631E+00 1.26866055E+00 1.26575779E+00 1.26254997E+00 1.25901090E+00 1.25510828E+00 1.25084219E+00 1.24617482E+00 1.24104497E+00 1.23542161E+00 1.22934872E+00 1.22280588E+00 1.21565899E+00 1.20856105E+00 1.20101403E+00 1.19394821E+00 1.18635429E+00 1.17920637E+00 1.17173285E+00 1.16484211E+00 1.15749623E+00 1.15064309E+00 1.14370683E+00 1.13747318E+00 1.13085383E+00 1.12469511E+00 1.11845586E+00 1.11289489E+00 1.10720952E+00 1.10206928E+00 1.09666405E+00 1.09172723E+00 1.08681259E+00 1.08243224E+00 1.07785677E+00 1.07341968E+00 1.06906257E+00 1.06475738E+00 1.06030117E+00 1.05567103E+00 1.05084353E+00 1.04588912E+00 1.04109147E+00 1.03635435E+00 1.03149507E+00 1.02650032E+00 1.02126448E+00 1.01606937E+00 1.01118468E+00 1.00599235E+00 1.00000000E+00
1.21868996E+00 1.21871581E+00 1.21873904E+00 1.21875996E+00 1.21877874E+00 1.21879565E+00 1.21881082E+00 1.21882447E+00 1.21883670E+00 1.21884771E+00 1.21885758E+00 1.21886646E+00 1.21887441E+00 1.21888156E+00 1.21888796E+00 1.21889371E+00 1.21889886E+00 1.21890349E+00 1.21890763E+00 1.21891135E+00 1.21891468E+00 1.21891766E+00 1.21892033E+00 1.21892273E+00 1.21892487E+00 1.21892680E+00 1.21892852E+00 1.21893006E+00 1.21893144E+00 1.21893267E+00 1.21893378E+00 1.21893477E+00 1.21893565E+00 1.21893644E+00 1.21893715E+00 1.21893778E+00 1.21893835E+00 1.21893885E+00 1.21893931E+00 1.21893971E+00 1.21894007E+00 1.21894040E+00 1.21894068E+00 1.21894094E+00 1.21894117E+00 1.21894138E+00 1.21894156E+00 1.21894172E+00 1.21894187E+00 1.21894200E+00 1.21894212E+00 1.21894222E+00 1.21894231E+00 1.21894239E+00 1.21894247E+00 1.21894253E+00 1.21894259E+00 1.21894264E+00 1.21894268E+00 1.21894272E+00 1.21894275E+00 1.21894278E+00 1.21894281E+00 1.21894283E+00 1.21894285E+00 1.21894286E+00 1.21894288E+00 1.21894289E+00 1.21894289E+00 1.21894290E+00 1.21894290E+00 1.21894290E+00 1.21894290E+00 1.21894290E+00 1.21894290E+00 1.21894289E+00 1.21894289E+00 1.21894288E+00 1.21894287E+00 1.21894286E+00 1.21894286E+00 1.21894285E+00 1.21894284E+00 1.21894284E+00 1.21894283E+00 1.21894283E+00 1.21894284E+00 1.21894284E+00 1.21894285E+00 1.21894287E+00 1.21894290E+00 1.21894294E+00 1.21894299E+00 1.21894305E+00 1.21894313E+00 1.21894323E+00 1.21894335E+00 1.21894349E+00 1.21894367E+00 1.21894388E+00 1.21894414E+00 1.21894443E+00 1.21894478E+00 1.21894519E+00 1.21894567E+00 1.21894622E+00 1.21894686E+00 1.21894759E+00 1.21894843E+00 1.21894939E+00 1.21895048E+00 1.21895172E+00 1.21895313E+00 1.21895471E+00 1.21895648E+00 1.21895848E+00 1.21896071E+00 1.21896319E+00 1.21896595E+00 1.21896900E+00 1.21897237E+00 1.21897608E+00 1.21898014E+00 1.21898458E+00 1.21898941E+00 1.21899465E+00 1.21900030E+00 1.21900637E+00 1.21901285E+00 1.21901975E+00 1.21902704E+00 1.21903468E+00 1.21904263E+00 1.21905080E+00 1.21905914E+00 1.21906753E+00 1.21907584E+00 1.21908386E+00 1.21909143E+00 1.21909823E+00 1.21910399E+00 1.21910832E+00 1.21911083E+00 1.21911083E+00 1.21910781E+00 1.21910086E+00 1.21908946E+00 1.21907244E+00 1.21904880E+00 1.21901700E+00 1.21897589E+00 1.21892347E+00 1.21885800E+00 1.21877681E+00 1.21867827E+00 1.21855905E+00 1.21841621E+00 1.21824537E+00 1.21804420E+00 1.21780725E+00 1.21752989E+00 1.21720577E+00 1.21683121E+00 1.21639827E+00 1.21590085E+00 1.21533047E+00 1.21467825E+00 1.21393132E+00 1.21308565E+00 1.21212720E+00 1.21104771E+00 1.20983158E+00 1.20846559E+00 1.20693270E+00 1.20522332E+00 1.20331851E+00 1.20120304E+00 1.19885549E+00 1.19625237E+00 1.19336894E+00 1.19020714E+00 1.18673421E+00 1.18289857E+00 1.17867922E+00 1.17411376E+00 1.16917565E+00 1.16375794E+00 1.15836593E+00 1.15262150E+00 1.14722522E+00 1.14140463E+00 1.13592720E+00 1.13020042E+00 1.12491561E+00 1.11927065E+00 1.11401545E+00 1.10870625E+00 1.10391660E+00 1.09882023E+00 1.09410054E+00 1.08932894E+00 1.08506547E+00 1.08069555E+00 1.07675318E+00 1.07260516E+00 1.06883547E+00 1.06509303E+00 1.06175591E+00 1.05827383E+00 1.05490868E+00 1.05161062E+00 1.04833588E+00 1.04492529E+00 1.04141021E+00 1.03777541E+00 1.03405961E+00 1.03048274E+00 1.02693671E+00 1.02329016E+00 1.01958340E+00 1.01571650E+00 1.01188497E+00 1.00835110E+00 1.00456268E+00 1.00000000E+00
1.65501139E+00 1.65501131E+00 1.65501124E+00 1.65501118E+00 1.65501113E+00 1.65501108E+00 1.65501104E+00 1.65501100E+00 1.65501097E+00 1.65501094E+00 1.65501092E+00 1.65501089E+00 1.65501088E+00 1.65501086E+00 1.65501084E+00 1.65501083E+00 1.65501081E+00 1.65501080E+00 1.65501078E+00 1.65501077E+00 1.65501075E+00 1.65501074E+00 1.65501072E+00 1.65501070E+00 1.65501069E+00 1.65501067E+00 1.65501065E+00 1.65501062E+00 1.65501060E+00 1.65501057E+00 1.65501054E+00 1.65501051E+00 1.65501047E+00 1.65501044E+00 1.65501040E+00 1.65501036E+00 1.65501031E+00 1.65501026E+00 1.65501021E+00 1.65501016E+00 1.65501010E+00 1.65501004E+00 1.65500997E+00 1.65500991E+00 1.65500984E+00 1.65500976E+00 1.65500969E+00 1.65500961E+00 1.65500953E+00 1.65500944E+00 1.65500936E+00 1.65500927E+00 1.65500919E+00 1.65500910E+00 1.65500902E+00 1.65500894E+00 1.65500886E+00 1.65500879E+00 1.65500872E+00 1.65500866E+00 1.65500861E+00 1.65500858E+00 1.65500856E+00 1.65500856E+00 1.65500858E+00 1.65500863E+00 1.65500871E+00 1.65500882E+00 1.65500898E+00 1.65500918E+00 1.65500943E+00 1.65500974E+00 1.65501012E+00 1.65501058E+00 1.65501113E+00 1.65501178E+00 1.65501254E+00 1.65501341E+00 1.65501443E+00 1.65501561E+00 1.65501695E+00 1.65501848E+00 1.65502020E+00 1.65502217E+00 1.65502439E+00 1.65502689E+00 1.65502971E+00 1.65503287E+00 1.65503639E+00 1.65504030E+00 1.65504465E+00 1.65504952E+00 1.65505490E+00 1.65506081E+00 1.65506731E+00 1.65507452E+00 1.65508246E+00 1.65509118E+00 1.65510075E+00 1.65511124E+00 1.65512266E+00 1.65513509E+00 1.65514863E+00 1.65516344E+00 1.65517948E+00 1.65519675E+00 1.65521541E+00 1.65523569E+00 1.65525759E+00 1.65528118E+00 1.65530652E+00 1.65533373E+00 1.65536279E+00 1.65539377E+00 1.65542682E+00 1.65546216E+00 1.65549963E+00 1.65553904E+00 1.65558070E+00 1.65562500E+00 1.65567163E+00 1.65572035E+00 1.65577132E+00 1.65582468E+00 1.65588006E+00 1.65593692E+00 1.65599542E+00 1.65605580E+00 1.65611750E+00 1.65617958E+00 1.65624184E+00 1.65630406E+00 1.65636575E+00 1.65642579E+00 1.65648340E+00 1.65653738E+00 1.65658706E+00 1.65663091E+00 1.65666776E+00 1.65669569E+00 1.65671281E+00 1.65671589E+00 1.65670409E+00 1.65667548E+00 1.65662697E+00 1.65655271E+00 1.65645051E+00 1.65631643E+00 1.65614660E+00 1.65593403E+00 1.65567514E+00 1.65536394E+00 1.65499574E+00 1.65456035E+00 1.65405111E+00 1.65345747E+00 1.65277354E+00 1.65198612E+00 1.65108718E+00 1.65006328E+00 1.64890761E+00 1.64760550E+00 1.64613907E+00 1.64447847E+00 1.64262331E+00 1.64057399E+00 1.63830786E+00 1.63577383E+00 1.63296298E+00 1.62985713E+00 1.62643757E+00 1.62267151E+00 1.61853551E+00 1.61398896E+00 1.60901729E+00 1.60359531E+00 1.59770594E+00 1.59129677E+00 1.58432532E+00 1.57672796E+00 1.56848980E+00 1.55957182E+00 1.54991725E+00 1.53943132E+00 1.52811362E+00 1.51595944E+00 1.50282477E+00 1.48979562E+00 1.47585835E+00 1.46277165E+00 1.44882832E+00 1.43563403E+00 1.42169818E+00 1.40877095E+00 1.39507291E+00 1.38215382E+00 1.36868780E+00 1.35646631E+00 1.34366342E+00 1.33166635E+00 1.31919201E+00 1.30786749E+00 1.29620608E+00 1.28555544E+00 1.27446001E+00 1.26417579E+00 1.25358677E+00 1.24403362E+00 1.23414350E+00 1.22436790E+00 1.21432204E+00 1.20411675E+00 1.19363332E+00 1.18264263E+00 1.17104716E+00 1.15882831E+00 1.14626396E+00 1.13351055E+00 1.12013899E+00 1.10541085E+00 1.08944081E+00 1.07306885E+00 1.05519251E+00 1.03116931E+00 1.00000000E+00
1.62487514E+00 1.62487512E+00 1.62487509E+00 1.62487507E+00 1.62487505E+00 1.62487503E+00 1.62487502E+00 1.62487500E+00 1.62487499E+00 1.62487497E+00 1.62487496E+00 1.62487495E+00 1.62487494E+00 1.62487493E+00 1.62487492E+00 1.62487491E+00 1.62487490E+00 1.62487489E+00 1.62487488E+00 1.62487487E+00 1.62487486E+00 1.62487485E+00 1.62487484E+00 1.62487482E+00 1.62487481E+00 1.62487479E+00 1.62487478E+00 1.62487476E+00 1.62487474E+00 1.62487472E+00 1.62487469E+00 1.62487467E+00 1.62487464E+00 1.62487461E+00 1.62487458E+00 1.62487454E+00 1.62487451E+00 1.62487447E+00 1.62487442E+00 1.62487438E+00 1.62487433E+00 1.62487428E+00 1.62487422E+00 1.62487417E+00 1.62487411E+00 1.62487404E+00 1.62487398E+00 1.62487391E+00 1.62487383E+00 1.62487376E+00 1.62487368E+00 1.62487360E+00 1.62487352E+00 1.62487344E+00 1.62487336E+00 1.62487328E+00 1.62487320E+00 1.62487312E+00 1.62487304E+00 1.62487297E+00 1.62487291E+00 1.62487285E+00 1.62487281E+00 1.62487278E+00 1.62487276E+00 1.62487276E+00 1.62487279E+00 1.62487284E+00 1.62487292E+00 1.62487304E+00 1.62487319E+00 1.62487340E+00 1.62487365E+00 1.62487397E+00 1.62487436E+00 1.62487482E+00 1.62487538E+00 1.62487603E+00 1.62487680E+00 1.62487769E+00 1.62487873E+00 1.62487991E+00 1.62488126E+00 1.62488281E+00 1.62488458E+00 1.62488658E+00 1.62488885E+00 1.62489141E+00 1.62489427E+00 1.62489748E+00 1.62490106E+00 1.62490508E+00 1.62490954E+00 1.62491447E+00 1.62491993E+00 1.62492600E+00 1.62493271E+00 1.62494012E+00 1.62494827E+00 1.62495722E+00 1.62496702E+00 1.62497774E+00 1.62498945E+00 1.62500227E+00 1.62501621E+00 1.62503131E+00 1.62504768E+00 1.62506552E+00 1.62508483E+00 1.62510569E+00 1.62512817E+00 1.62515237E+00 1.62517831E+00 1.62520608E+00 1.62523580E+00 1.62526761E+00 1.62530143E+00 1.62533723E+00 1.62537522E+00 1.62541566E+00 1.62545835E+00 1.62550316E+00 1.62555018E+00 1.62559948E+00 1.62565084E+00 1.62570391E+00 1.62575876E+00 1.62581546E+00 1.62587361E+00 1.62593248E+00 1.62599188E+00 1.62605153E+00 1.62611101E+00 1.62616931E+00 1.62622576E+00 1.62627932E+00 1.62632932E+00 1.62637430E+00 1.62641309E+00 1.62644387E+00 1.62646510E+00 1.62647412E+00 1.62646975E+00 1.62644963E+00 1.62641107E+00 1.62634893E+00 1.62626102E+00 1.62614339E+00 1.62599236E+00 1.62580143E+00 1.62556710E+00 1.62528327E+00 1.62494517E+00 1.62454286E+00 1.62407023E+00 1.62351731E+00 1.62287804E+00 1.62213946E+00 1.62129419E+00 1.62032930E+00 1.61923602E+00 1.61799761E+00 1.61660070E+00 1.61502176E+00 1.61325523E+00 1.61129290E+00 1.60911466E+00 1.60667617E+00 1.60396874E+00 1.60097183E+00 1.59766577E+00 1.59401864E+00 1.59000975E+00 1.58560289E+00 1.58078083E+00 1.57551226E+00 1.56977786E+00 1.56352645E+00 1.55672106E+00 1.54930033E+00 1.54124790E+00 1.53252514E+00 1.52307387E+00 1.51279660E+00 1.50169490E+00 1.48976965E+00 1.47687584E+00 1.46408248E+00 1.45039492E+00 1.43754253E+00 1.42385060E+00 1.41090812E+00 1.39724108E+00 1.38455615E+00 1.37112968E+00 1.35850557E+00 1.34536325E+00 1.33342454E+00 1.32091986E+00 1.30922918E+00 1.29709882E+00 1.28609556E+00 1.27477064E+00 1.26443648E+00 1.25368652E+00 1.24374623E+00 1.23353278E+00 1.22432351E+00 1.21479394E+00 1.20539602E+00 1.19576296E+00 1.18599044E+00 1.17596798E+00 1.16549873E+00 1.15450319E+00 1.14296357E+00 1.13111064E+00 1.11905164E+00 1.10642035E+00 1.09263454E+00 1.07786981E+00 1.06277051E+00 1.04641925E+00 1.02557522E+00 1.00000000E+00
1.59180825E+00 1.59180826E+00 1.59180827E+00 1.59180827E+00 1.59180828E+00 1.59180829E+00 1.59180829E+00 1.59180830E+00 1.59180830E+00 1.59180831E+00 1.59180831E+00 1.59180831E+00 1.59180831E+00 1.59180831E+00 1.59180831E+00 1.59180831E+00 1.59180831E+00 1.59180831E+00 1.59180830E+00 1.59180830E+00 1.59180829E+00 1.59180828E+00 1.59180827E+00 1.59180827E+00 1.59180825E+00 1.59180824E+00 1.59180823E+00 1.59180822E+00 1.59180820E+00 1.59180818E+00 1.59180817E+00 1.59180815E+00 1.59180812E+00 1.59180810E+00 1.59180807E+00 1.59180805E+00 1.59180802E+00 1.59180799E+00 1.59180795E+00 1.59180791E+00 1.59180788E+00 1.59180783E+00 1.59180779E+00 1.59180774E+00 1.59180769E+00 1.59180764E+00 1.59180758E+00 1.59180752E+00 1.59180746E+00 1.59180740E+00 1.59180733E+00 1.59180726E+00 1.59180719E+00 1.59180711E+00 1.59180704E+00 1.59180696E+00 1.59180689E+00 1.59180681E+00 1.59180673E+00 1.59180666E+00 1.59180659E+00 1.59180653E+00 1.59180647E+00 1.59180642E+00 1.59180638E+00 1.59180635E+00 1.59180634E+00 1.59180634E+00 1.59180637E+00 1.59180642E+00 1.59180650E+00 1.59180662E+00 1.59180678E+00 1.59180698E+00 1.59180724E+00 1.59180755E+00 1.59180794E+00 1.59180840E+00 1.59180895E+00 1.59180961E+00 1.59181037E+00 1.59181126E+00 1.59181228E+00 1.59181346E+00 1.59181482E+00 1.59181637E+00 1.59181814E+00 1.59182015E+00 1.59182241E+00 1.59182496E+00 1.59182783E+00 1.59183106E+00 1.59183466E+00 1.59183867E+00 1.59184313E+00 1.59184812E+00 1.59185365E+00 1.59185978E+00 1.59186655E+00 1.59187401E+00 1.59188222E+00 1.59189124E+00 1.59190113E+00 1.59191198E+00 1.59192383E+00 1.59193672E+00 1.59195076E+00 1.59196609E+00 1.59198274E+00 1.59200078E+00 1.59202029E+00 1.59204134E+00 1.59206399E+00 1.59208834E+00 1.59211447E+00 1.59214249E+00 1.59217240E+00 1.59220421E+00 1.59223808E+00 1.59227420E+00 1.59231242E+00 1.59235271E+00 1.59239510E+00 1.59243966E+00 1.59248624E+00 1.59253460E+00 1.59258477E+00 1.59263674E+00 1.59269020E+00 1.59274460E+00 1.59279973E+00 1.59285533E+00 1.59291100E+00 1.59296586E+00 1.59301930E+00 1.59307043E+00 1.59311857E+00 1.59316235E+00 1.59320072E+00 1.59323198E+00 1.59325479E+00 1.59326677E+00 1.59326664E+00 1.59325188E+00 1.59322013E+00 1.59316676E+00 1.59308963E+00 1.59298485E+00 1.59284894E+00 1.59267580E+00 1.59246201E+00 1.59220144E+00 1.59188938E+00 1.59151633E+00 1.59107660E+00 1.59056072E+00 1.58996252E+00 1.58926925E+00 1.58847388E+00 1.58756375E+00 1.58652950E+00 1.58535408E+00 1.58402631E+00 1.58252554E+00 1.58084336E+00 1.57896700E+00 1.57687814E+00 1.57453726E+00 1.57193563E+00 1.56905110E+00 1.56586449E+00 1.56234587E+00 1.55847480E+00 1.55421613E+00 1.54955182E+00 1.54444778E+00 1.53888374E+00 1.53281032E+00 1.52619388E+00 1.51897530E+00 1.51113817E+00 1.50264280E+00 1.49342917E+00 1.48340190E+00 1.47256679E+00 1.46092879E+00 1.44834081E+00 1.43585219E+00 1.42249716E+00 1.40996604E+00 1.39661970E+00 1.38401703E+00 1.37072040E+00 1.35838597E+00 1.34534270E+00 1.33310481E+00 1.32038737E+00 1.30884111E+00 1.29675163E+00 1.28546988E+00 1.27379355E+00 1.26322061E+00 1.25234854E+00 1.24243787E+00 1.23214129E+00 1.22264050E+00 1.21290322E+00 1.20413351E+00 1.19506392E+00 1.18614110E+00 1.17702415E+00 1.16779619E+00 1.15834852E+00 1.14850803E+00 1.13820843E+00 1.12743785E+00 1.11640421E+00 1.10517599E+00 1.09343885E+00 1.08076003E+00 1.06732880E+00 1.05365141E+00 1.03907951E+00 1.02122903E+00 1.00000000E+00
1.55587134E+00 1.55587134E+00 1.55587134E+00 1.55587133E+00 1.55587133E+00 1.55587133E+00 1.55587132E+00 1.55587132E+00 1.55587132E+00 1.55587132E+00 1.55587131E+00 1.55587131E+00 1.55587131E+00 1.55587130E+00 1.55587130E+00 1.55587130E+00 1.55587129E+00 1.55587129E+00 1.55587129E+00 1.55587128E+00 1.55587128E+00 1.55587127E+00 1.55587126E+00 1.55587126E+00 1.55587125E+00 1.55587124E+00 1.55587123E+00 1.55587122E+00 1.55587121E+00 1.55587120E+00 1.55587118E+00 1.55587117E+00 1.55587115E+00 1.55587114E+00 1.55587112E+00 1.55587110E+00 1.55587108E+00 1.55587105E+00 1.55587103E+00 1.55587100E+00 1.55587097E+00 1.55587094E+00 1.55587090E+00 1.55587086E+00 1.55587082E+00 1.55587078E+00 1.55587074E+00 1.55587069E+00 1.55587064E+00 1.55587059E+00 1.55587053E+00 1.55587047E+00 1.55587041E+00 1.55587035E+00 1.55587028E+00 1.55587022E+00 1.55587015E+00 1.55587008E+00 1.55587001E+00 1.55586994E+00 1.55586987E+00 1.55586981E+00 1.55586974E+00 1.55586969E+00 1.55586963E+00 1.55586959E+00 1.55586955E+00 1.55586953E+00 1.55586952E+00 1.55586953E+00 1.55586956E+00 1.55586961E+00 1.55586970E+00 1.55586981E+00 1.55586997E+00 1.55587017E+00 1.55587042E+00 1.55587074E+00 1.55587111E+00 1.55587157E+00 1.55587211E+00 1.55587275E+00 1.55587349E+00 1.55587436E+00 1.55587537E+00 1.55587654E+00 1.55587787E+00 1.55587940E+00 1.55588114E+00 1.55588311E+00 1.55588534E+00 1.55588786E+00 1.55589070E+00 1.55589387E+00 1.55589742E+00 1.55590141E+00 1.55590585E+00 1.55591080E+00 1.55591628E+00 1.55592236E+00 1.55592907E+00 1.55593648E+00 1.55594463E+00 1.55595361E+00 1.55596345E+00 1.55597421E+00 1.55598597E+00 1.55599885E+00 1.55601288E+00 1.55602814E+00 1.55604468E+00 1.55606260E+00 1.55608195E+00 1.55610282E+00 1.55612529E+00 1.55614945E+00 1.55617533E+00 1.55620296E+00 1.55623248E+00 1.55626402E+00 1.55629749E+00 1.55633288E+00 1.55637024E+00 1.55640960E+00 1.55645086E+00 1.55649387E+00 1.55653862E+00 1.55658508E+00 1.55663299E+00 1.55668192E+00 1.55673168E+00 1.55678201E+00 1.55683255E+00 1.55688251E+00 1.55693135E+00 1.55697829E+00 1.55702268E+00 1.55706323E+00 1.55709901E+00 1.55712843E+00 1.55715029E+00 1.55716243E+00 1.55716354E+00 1.55715107E+00 1.55712292E+00 1.55707488E+00 1.55700487E+00 1.55690913E+00 1.55678434E+00 1.55662476E+00 1.55642708E+00 1.55618523E+00 1.55589461E+00 1.55554620E+00 1.55513470E+00 1.55465104E+00 1.55408899E+00 1.55343612E+00 1.55268573E+00 1.55182540E+00 1.55084563E+00 1.54972961E+00 1.54846737E+00 1.54703994E+00 1.54543736E+00 1.54364449E+00 1.54164414E+00 1.53940047E+00 1.53690500E+00 1.53413477E+00 1.53107129E+00 1.52768630E+00 1.52395898E+00 1.51985474E+00 1.51535584E+00 1.51042741E+00 1.50504860E+00 1.49917218E+00 1.49276662E+00 1.48577549E+00 1.47818366E+00 1.46995014E+00 1.46101277E+00 1.45128229E+00 1.44077147E+00 1.42948835E+00 1.41728232E+00 1.40517912E+00 1.39225199E+00 1.38013915E+00 1.36724195E+00 1.35507689E+00 1.34226062E+00 1.33038683E+00 1.31783799E+00 1.30608195E+00 1.29389867E+00 1.28285828E+00 1.27129903E+00 1.26052421E+00 1.24940535E+00 1.23936295E+00 1.22905119E+00 1.21966453E+00 1.20991657E+00 1.20093479E+00 1.19176036E+00 1.18351350E+00 1.17498321E+00 1.16660683E+00 1.15808469E+00 1.14949191E+00 1.14070955E+00 1.13157571E+00 1.12203018E+00 1.11207525E+00 1.10192753E+00 1.09162998E+00 1.08091100E+00 1.06945611E+00 1.05742109E+00 1.04522134E+00 1.03245317E+00 1.01739693E+00 1.00000000E+00
1.51476356E+00 1.51476356E+00 1.51476356E+00 1.51476356E+00 1.51476356E+00 1.51476356E+00 1.51476356E+00 1.51476356E+00 1.51476356E+00 1.51476356E+00 1.51476356E+00 1.51476356E+00 1.51476356E+00 1.51476356E+00 1.51476355E+00 1.51476355E+00 1.51476355E+00 1.51476355E+00 1.51476355E+00 1.51476355E+00 1.51476354E+00 1.51476354E+00 1.51476354E+00 1.51476353E+00 1.51476353E+00 1.51476352E+00 1.51476352E+00 1.51476351E+00 1.51476350E+00 1.51476350E+00 1.51476349E+00 1.51476348E+00 1.51476347E+00 1.51476346E+00 1.51476344E+00 1.51476343E+00 1.51476341E+00 1.51476340E+00 1.51476338E+00 1.51476336E+00 1.51476334E+00 1.51476332E+00 1.51476329E+00 1.51476326E+00 1.51476324E+00 1.51476320E+00 1.51476317E+00 1.51476314E+00 1.51476310E+00 1.51476306E+00 1.51476301E+00 1.51476297E+00 1.51476292E+00 1.51476287E+00 1.51476282E+00 1.51476276E+00 1.51476271E+00 1.51476265E+00 1.51476259E+00 1.51476253E+00 1.51476247E+00 1.51476241E+00 1.51476235E+00 1.51476229E+00 1.51476223E+00 1.51476218E+00 1.51476213E+00 1.51476209E+00 1.51476206E+00 1.51476204E+00 1.51476203E+00 1.51476204E+00 1.51476207E+00 1.51476212E+00 1.51476220E+00 1.51476230E+00 1.51476245E+00 1.51476263E+00 1.51476287E+00 1.51476315E+00 1.51476351E+00 1.51476393E+00 1.51476443E+00 1.51476503E+00 1.51476573E+00 1.51476654E+00 1.51476749E+00 1.51476859E+00 1.51476984E+00 1.51477128E+00 1.51477292E+00 1.51477479E+00 1.51477691E+00 1.51477930E+00 1.51478199E+00 1.51478502E+00 1.51478843E+00 1.51479224E+00 1.51479648E+00 1.51480122E+00 1.51480647E+00 1.51481230E+00 1.51481874E+00 1.51482587E+00 1.51483372E+00 1.51484235E+00 1.51485181E+00 1.51486223E+00 1.51487361E+00 1.51488604E+00 1.51489957E+00 1.51491429E+00 1.51493024E+00 1.51494752E+00 1.51496619E+00 1.51498633E+00 1.51500799E+00 1.51503122E+00 1.51505612E+00 1.51508279E+00 1.51511118E+00 1.51514132E+00 1.51517323E+00 1.51520696E+00 1.51524243E+00 1.51527955E+00 1.51531829E+00 1.51535861E+00 1.51540030E+00 1.51544305E+00 1.51548667E+00 1.51553091E+00 1.51557547E+00 1.51561964E+00 1.51566296E+00 1.51570475E+00 1.51574438E+00 1.51578070E+00 1.51581289E+00 1.51583949E+00 1.51585940E+00 1.51587067E+00 1.51587204E+00 1.51586103E+00 1.51583575E+00 1.51579239E+00 1.51572899E+00 1.51564196E+00 1.51552817E+00 1.51538228E+00 1.51520109E+00 1.51497874E+00 1.51471080E+00 1.51438880E+00 1.51400782E+00 1.51355924E+00 1.51303683E+00 1.51242868E+00 1.51172845E+00 1.51092408E+00 1.51000607E+00 1.50895823E+00 1.50777150E+00 1.50642818E+00 1.50491761E+00 1.50322348E+00 1.50132935E+00 1.49920261E+00 1.49683534E+00 1.49420438E+00 1.49129208E+00 1.48807162E+00 1.48452179E+00 1.48060896E+00 1.47631639E+00 1.47160978E+00 1.46646798E+00 1.46084644E+00 1.45471490E+00 1.44802044E+00 1.44075080E+00 1.43286417E+00 1.42429552E+00 1.41496557E+00 1.40489728E+00 1.39409952E+00 1.38241637E+00 1.37084113E+00 1.35850121E+00 1.34695960E+00 1.33467030E+00 1.32309154E+00 1.31091732E+00 1.29965814E+00 1.28775869E+00 1.27662401E+00 1.26513050E+00 1.25474518E+00 1.24386402E+00 1.23372530E+00 1.22329901E+00 1.21391340E+00 1.20429395E+00 1.19555215E+00 1.18646868E+00 1.17810819E+00 1.16960564E+00 1.16198081E+00 1.15408679E+00 1.14635066E+00 1.13852501E+00 1.13067384E+00 1.12265906E+00 1.11432965E+00 1.10563068E+00 1.09658598E+00 1.08743640E+00 1.07820123E+00 1.06864417E+00 1.05854491E+00 1.04799820E+00 1.03736657E+00 1.02647308E+00 1.01405840E+00 1.00000000E+00
1.46800238E+00 1.46800238E+00 1.46800238E+00 1.46800238E+00 1.46800238E+00 1.46800238E+00 1.46800238E+00 1.46800238E+00 1.46800238E+00 1.46800238E+00 1.46800238E+00 1.46800238E+00 1.46800238E+00 1.46800238E+00 1.46800238E+00 1.46800238E+00 1.46800238E+00 1.46800238E+00 1.46800237E+00 1.46800237E+00 1.46800237E+00 1.46800237E+00 1.46800237E+00 1.46800237E+00 1.46800236E+00 1.46800236E+00 1.46800236E+00 1.46800235E+00 1.46800235E+00 1.46800234E+00 1.46800234E+00 1.46800233E+00 1.46800233E+00 1.46800232E+00 1.46800231E+00 1.46800230E+00 1.46800230E+00 1.46800229E+00 1.46800227E+00 1.46800226E+00 1.46800225E+00 1.46800223E+00 1.46800222E+00 1.46800220E+00 1.46800218E+00 1.46800216E+00 1.46800213E+00 1.46800211E+00 1.46800208E+00 1.46800205E+00 1.46800202E+00 1.46800199E+00 1.46800196E+00 1.46800192E+00 1.46800188E+00 1.46800184E+00 1.46800180E+00 1.46800175E+00 1.46800171E+00 1.46800166E+00 1.46800161E+00 1.46800156E+00 1.46800150E+00 1.46800145E+00 1.46800140E+00 1.46800135E+00 1.46800130E+00 1.46800126E+00 1.46800122E+00 1.46800118E+00 1.46800115E+00 1.46800113E+00 1.46800113E+00 1.46800113E+00 1.46800115E+00 1.46800120E+00 1.46800126E+00 1.46800135E+00 1.46800148E+00 1.46800164E+00 1.46800184E+00 1.46800209E+00 1.46800240E+00 1.46800277E+00 1.46800321E+00 1.46800374E+00 1.46800436E+00 1.46800509E+00 1.46800593E+00 1.46800691E+00 1.46800804E+00 1.46800934E+00 1.46801082E+00 1.46801251E+00 1.46801442E+00 1.46801660E+00 1.46801905E+00 1.46802182E+00 1.46802493E+00 1.46802842E+00 1.46803231E+00 1.46803666E+00 1.46804149E+00 1.46804687E+00 1.46805282E+00 1.46805940E+00 1.46806665E+00 1.46807467E+00 1.46808348E+00 1.46809314E+00 1.46810370E+00 1.46811525E+00 1.46812782E+00 1.46814150E+00 1.46815634E+00 1.46817242E+00 1.46818978E+00 1.46820849E+00 1.46822861E+00 1.46825024E+00 1.46827335E+00 1.46829797E+00 1.46832414E+00 1.46835189E+00 1.46838118E+00 1.46841194E+00 1.46844415E+00 1.46847776E+00 1.46851262E+00 1.46854848E+00 1.46858519E+00 1.46862251E+00 1.46866018E+00 1.46869759E+00 1.46873437E+00 1.46876991E+00 1.46880365E+00 1.46883456E+00 1.46886193E+00 1.46888445E+00 1.46890112E+00 1.46891022E+00 1.46891054E+00 1.46889978E+00 1.46887624E+00 1.46883650E+00 1.46877879E+00 1.46869974E+00 1.46859643E+00 1.46846396E+00 1.46829934E+00 1.46809703E+00 1.46785279E+00 1.46755886E+00 1.46721073E+00 1.46680032E+00 1.46632149E+00 1.46576305E+00 1.46511917E+00 1.46437826E+00 1.46353103E+00 1.46256227E+00 1.46146376E+00 1.46021910E+00 1.45881748E+00 1.45724235E+00 1.45547782E+00 1.45349460E+00 1.45128563E+00 1.44882804E+00 1.44610537E+00 1.44309221E+00 1.43976733E+00 1.43609887E+00 1.43207157E+00 1.42765297E+00 1.42282182E+00 1.41753713E+00 1.41176927E+00 1.40546993E+00 1.39863156E+00 1.39121211E+00 1.38314303E+00 1.37435847E+00 1.36489459E+00 1.35475747E+00 1.34378462E+00 1.33292422E+00 1.32137571E+00 1.31059640E+00 1.29911154E+00 1.28830286E+00 1.27696771E+00 1.26650727E+00 1.25544319E+00 1.24510024E+00 1.23448275E+00 1.22492314E+00 1.21488803E+00 1.20553625E+00 1.19595999E+00 1.18737479E+00 1.17859505E+00 1.17063183E+00 1.16234151E+00 1.15471951E+00 1.14701230E+00 1.14011900E+00 1.13296835E+00 1.12597693E+00 1.11896056E+00 1.11196621E+00 1.10482563E+00 1.09740454E+00 1.08965248E+00 1.08161762E+00 1.07357847E+00 1.06552573E+00 1.05724060E+00 1.04856921E+00 1.03952224E+00 1.03044323E+00 1.02137390E+00 1.01132105E+00 1.00000000E+00
1.41032572E+00 1.41032572E+00 1.41032572E+00 1.41032572E+00 1.41032572E+00 1.41032572E+00 1.41032572E+00 1.41032572E+00 1.41032572E+00 1.41032572E+00 1.41032572E+00 1.41032572E+00 1.41032572E+00 1.41032572E+00 1.41032572E+00 1.41032572E+00 1.41032572E+00 1.41032572E+00 1.41032572E+00 1.41032572E+00 1.41032572E+00 1.41032572E+00 1.41032572E+00 1.41032571E+00 1.41032571E+00 1.41032571E+00 1.41032571E+00 1.41032571E+00 1.41032571E+00 1.41032571E+00 1.41032570E+00 1.41032570E+00 1.41032570E+00 1.41032569E+00 1.41032569E+00 1.41032569E+00 1.41032568E+00 1.41032568E+00 1.41032567E+00 1.41032566E+00 1.41032566E+00 1.41032565E+00 1.41032564E+00 1.41032563E+00 1.41032562E+00 1.41032561E+00 1.41032559E+00 1.41032558E+00 1.41032556E+00 1.41032554E+00 1.41032553E+00 1.41032551E+00 1.41032548E+00 1.41032546E+00 1.41032544E+00 1.41032541E+00 1.41032538E+00 1.41032535E+00 1.41032532E+00 1.41032529E+00 1.41032525E+00 1.41032521E+00 1.41032518E+00 1.41032514E+00 1.41032510E+00 1.41032506E+00 1.41032502E+00 1.41032498E+00 1.41032494E+00 1.41032490E+00 1.41032487E+00 1.41032483E+00 1.41032481E+00 1.41032479E+00 1.41032478E+00 1.41032478E+00 1.41032479E+00 1.41032481E+00 1.41032485E+00 1.41032492E+00 1.41032500E+00 1.41032512E+00 1.41032527E+00 1.41032546E+00 1.41032569E+00 1.41032597E+00 1.41032631E+00 1.41032672E+00 1.41032721E+00 1.41032778E+00 1.41032845E+00 1.41032923E+00 1.41033013E+00 1.41033117E+00 1.41033237E+00 1.41033374E+00 1.41033531E+00 1.41033709E+00 1.41033911E+00 1.41034139E+00 1.41034396E+00 1.41034685E+00 1.41035010E+00 1.41035373E+00 1.41035779E+00 1.41036230E+00 1.41036732E+00 1.41037289E+00 1.41037905E+00 1.41038586E+00 1.41039334E+00 1.41040158E+00 1.41041059E+00 1.41042046E+00 1.41043123E+00 1.41044296E+00 1.41045570E+00 1.41046950E+00 1.41048442E+00 1.41050053E+00 1.41051781E+00 1.41053633E+00 1.41055611E+00 1.41057717E+00 1.41059950E+00 1.41062306E+00 1.41064783E+00 1.41067377E+00 1.41070078E+00 1.41072869E+00 1.41075737E+00 1.41078661E+00 1.41081622E+00 1.41084569E+00 1.41087475E+00 1.41090288E+00 1.41092962E+00 1.41095410E+00 1.41097575E+00 1.41099344E+00 1.41100631E+00 1.41101294E+00 1.41101226E+00 1.41100218E+00 1.41098128E+00 1.41094666E+00 1.41089680E+00 1.41082866E+00 1.41073968E+00 1.41062558E+00 1.41048368E+00 1.41030897E+00 1.41009758E+00 1.40984273E+00 1.40954051E+00 1.40918360E+00 1.40876616E+00 1.40827817E+00 1.40771456E+00 1.40706456E+00 1.40631939E+00 1.40546547E+00 1.40449560E+00 1.40339505E+00 1.40215337E+00 1.40075480E+00 1.39918418E+00 1.39741608E+00 1.39544459E+00 1.39324787E+00 1.39081117E+00 1.38811087E+00 1.38512630E+00 1.38182858E+00 1.37820434E+00 1.37422425E+00 1.36986731E+00 1.36509732E+00 1.35988440E+00 1.35418643E+00 1.34800263E+00 1.34129135E+00 1.33397960E+00 1.32601807E+00 1.31745889E+00 1.30830007E+00 1.29837262E+00 1.28855403E+00 1.27814394E+00 1.26844481E+00 1.25809071E+00 1.24835527E+00 1.23817785E+00 1.22880842E+00 1.21887746E+00 1.20960213E+00 1.20015133E+00 1.19167348E+00 1.18274029E+00 1.17441321E+00 1.16593200E+00 1.15836341E+00 1.15063943E+00 1.14364797E+00 1.13634259E+00 1.12963873E+00 1.12290913E+00 1.11690573E+00 1.11066028E+00 1.10457348E+00 1.09852760E+00 1.09254090E+00 1.08641129E+00 1.08003803E+00 1.07337861E+00 1.06650284E+00 1.05972103E+00 1.05298509E+00 1.04608510E+00 1.03892573E+00 1.03143885E+00 1.02395740E+00 1.01669354E+00 1.00885175E+00 1.00000000E+00
1.33752047E+00 1.33752397E+00 1.33752709E+00 1.33752989E+00 1.33753238E+00 1.33753461E+00 1.33753661E+00 1.33753839E+00 1.33753997E+00 1.33754139E+00 1.33754266E+00 1.33754379E+00 1.33754480E+00 1.33754570E+00 1.33754650E+00 1.33754721E+00 1.33754785E+00 1.33754842E+00 1.33754892E+00 1.33754937E+00 1.33754977E+00 1.33755013E+00 1.33755045E+00 1.33755073E+00 1.33755098E+00 1.33755121E+00 1.33755141E+00 1.33755158E+00 1.33755174E+00 1.33755188E+00 1.33755200E+00 1.33755211E+00 1.33755221E+00 1.33755230E+00 1.33755238E+00 1.33755244E+00 1.33755250E+00 1.33755256E+00 1.33755260E+00 1.33755264E+00 1.33755268E+00 1.33755271E+00 1.33755274E+00 1.33755276E+00 1.33755278E+00 1.33755280E+00 1.33755281E+00 1.33755282E+00 1.33755283E+00 1.33755284E+00 1.33755284E+00 1.33755284E+00 1.33755284E+00 1.33755284E+00 1.33755283E+00 1.33755283E+00 1.33755282E+00 1.33755281E+00 1.33755280E+00 1.33755279E+00 1.33755277E+00 1.33755275E+00 1.33755274E+00 1.33755272E+00 1.33755270E+00 1.33755267E+00 1.33755265E+00 1.33755263E+00 1.33755260E+00 1.33755258E+00 1.33755255E+00 1.33755253E+00 1.33755251E+00 1.33755249E+00 1.33755247E+00 1.33755245E+00 1.33755244E+00 1.33755244E+00 1.33755244E+00 1.33755245E+00 1.33755247E+00 1.33755251E+00 1.33755256E+00 1.33755262E+00 1.33755271E+00 1.33755283E+00 1.33755297E+00 1.33755315E+00 1.33755336E+00 1.33755362E+00 1.33755393E+00 1.33755431E+00 1.33755474E+00 1.33755525E+00 1.33755585E+00 1.33755655E+00 1.33755735E+00 1.33755828E+00 1.33755934E+00 1.33756055E+00 1.33756194E+00 1.33756351E+00 1.33756529E+00 1.33756730E+00 1.33756957E+00 1.33757212E+00 1.33757497E+00 1.33757817E+00 1.33758173E+00 1.33758570E+00 1.33759009E+00 1.33759496E+00 1.33760033E+00 1.33760625E+00 1.33761275E+00 1.33761988E+00 1.33762767E+00 1.33763616E+00 1.33764540E+00 1.33765541E+00 1.33766621E+00 1.33767785E+00 1.33769034E+00 1.33770369E+00 1.33771792E+00 1.33773300E+00 1.33774890E+00 1.33776559E+00 1.33778303E+00 1.33780110E+00 1.33781970E+00 1.33783867E+00 1.33785786E+00 1.33787690E+00 1.33789562E+00 1.33791364E+00 1.33793056E+00 1.33794577E+00 1.33795882E+00 1.33796886E+00 1.33797520E+00 1.33797680E+00 1.33797276E+00 1.33796143E+00 1.33794166E+00 1.33791127E+00 1.33786910E+00 1.33781266E+00 1.33773989E+00 1.33764740E+00 1.33753300E+00 1.33739260E+00 1.33722292E+00 1.33701858E+00 1.33677655E+00 1.33649076E+00 1.33615594E+00 1.33576400E+00 1.33531097E+00 1.33478763E+00 1.33418614E+00 1.33349549E+00 1.33270997E+00 1.33181713E+00 1.33080754E+00 1.32966774E+00 1.32838387E+00 1.32693535E+00 1.32531773E+00 1.32351122E+00 1.32150359E+00 1.31927400E+00 1.31680331E+00 1.31406708E+00 1.31105435E+00 1.30774033E+00 1.30410496E+00 1.30011848E+00 1.29575007E+00 1.29096554E+00 1.28577249E+00 1.28013061E+00 1.27396358E+00 1.26724003E+00 1.26002709E+00 1.25230912E+00 1.24391714E+00 1.23561582E+00 1.22683830E+00 1.21866643E+00 1.20990851E+00 1.20167959E+00 1.19310725E+00 1.18523289E+00 1.17685441E+00 1.16903816E+00 1.16114619E+00 1.15408389E+00 1.14659823E+00 1.13962620E+00 1.13257067E+00 1.12629845E+00 1.11990192E+00 1.11412367E+00 1.10805602E+00 1.10250863E+00 1.09698535E+00 1.09206772E+00 1.08693758E+00 1.08195998E+00 1.07706926E+00 1.07224537E+00 1.06727142E+00 1.06210484E+00 1.05671683E+00 1.05118303E+00 1.04581217E+00 1.04051223E+00 1.03508886E+00 1.02951269E+00 1.02367681E+00 1.01788104E+00 1.01240644E+00 1.00661143E+00 1.00000000E+00
1.24750946E+00 1.24751087E+00 1.24751215E+00 1.24751330E+00 1.24751435E+00 1.24751529E+00 1.24751615E+00 1.24751692E+00 1.24751762E+00 1.24751826E+00 1.24751883E+00 1.24751935E+00 1.24751981E+00 1.24752024E+00 1.24752062E+00 1.24752096E+00 1.24752128E+00 1.24752156E+00 1.24752181E+00 1.24752204E+00 1.24752225E+00 1.24752244E+00 1.24752261E+00 1.24752276E+00 1.24752290E+00 1.24752303E+00 1.24752314E+00 1.24752324E+00 1.24752333E+00 1.24752342E+00 1.24752349E+00 1.24752356E+00 1.24752362E+00 1.24752368E+00 1.24752373E+00 1.24752377E+00 1.24752381E+00 1.24752385E+00 1.24752388E+00 1.24752391E+00 1.24752394E+00 1.24752396E+00 1.24752398E+00 1.24752400E+00 1.24752402E+00 1.24752403E+00 1.24752405E+00 1.24752406E+00 1.24752407E+00 1.24752408E+00 1.24752408E+00 1.24752409E+00 1.24752410E+00 1.24752410E+00 1.24752410E+00 1.24752410E+00 1.24752411E+00 1.24752411E+00 1.24752411E+00 1.24752410E+00 1.24752410E+00 1.24752410E+00 1.24752410E+00 1.24752409E+00 1.24752409E+00 1.24752408E+00 1.24752407E+00 1.24752406E+00 1.24752406E+00 1.24752405E+00 1.24752404E+00 1.24752403E+00 1.24752402E+00 1.24752401E+00 1.24752400E+00 1.24752399E+00 1.24752398E+00 1.24752397E+00 1.24752396E+00 1.24752395E+00 1.24752395E+00 1.24752395E+00 1.24752395E+00 1.24752395E+00 1.24752396E+00 1.24752398E+00 1.24752401E+00 1.24752404E+00 1.24752409E+00 1.24752415E+00 1.24752422E+00 1.24752431E+00 1.24752442E+00 1.24752455E+00 1.24752471E+00 1.24752491E+00 1.24752513E+00 1.24752540E+00 1.24752571E+00 1.24752607E+00 1.24752650E+00 1.24752698E+00 1.24752754E+00 1.24752818E+00 1.24752891E+00 1.24752975E+00 1.24753069E+00 1.24753175E+00 1.24753295E+00 1.24753431E+00 1.24753582E+00 1.24753751E+00 1.24753939E+00 1.24754148E+00 1.24754378E+00 1.24754633E+00 1.24754913E+00 1.24755221E+00 1.24755556E+00 1.24755919E+00 1.24756314E+00 1.24756740E+00 1.24757197E+00 1.24757685E+00 1.24758205E+00 1.24758755E+00 1.24759330E+00 1.24759928E+00 1.24760547E+00 1.24761181E+00 1.24761820E+00 1.24762455E+00 1.24763073E+00 1.24763654E+00 1.24764190E+00 1.24764651E+00 1.24765016E+00 1.24765247E+00 1.24765316E+00 1.24765167E+00 1.24764758E+00 1.24764027E+00 1.24762913E+00 1.24761308E+00 1.24759135E+00 1.24756263E+00 1.24752629E+00 1.24748057E+00 1.24742413E+00 1.24735487E+00 1.24727123E+00 1.24717056E+00 1.24705047E+00 1.24690753E+00 1.24673989E+00 1.24654336E+00 1.24631384E+00 1.24604600E+00 1.24573749E+00 1.24538155E+00 1.24497210E+00 1.24450188E+00 1.24396715E+00 1.24335866E+00 1.24266891E+00 1.24188863E+00 1.24100688E+00 1.24000900E+00 1.23889212E+00 1.23764005E+00 1.23624400E+00 1.23468786E+00 1.23295577E+00 1.23102928E+00 1.22890014E+00 1.22654924E+00 1.22395934E+00 1.22110870E+00 1.21796759E+00 1.21451116E+00 1.21075173E+00 1.20665293E+00 1.20214611E+00 1.19721390E+00 1.19192083E+00 1.18623793E+00 1.18002363E+00 1.17386250E+00 1.16734435E+00 1.16125871E+00 1.15470135E+00 1.14854170E+00 1.14213460E+00 1.13624794E+00 1.12995751E+00 1.12410122E+00 1.11822151E+00 1.11294531E+00 1.10732355E+00 1.10210901E+00 1.09685506E+00 1.09217952E+00 1.08739839E+00 1.08308862E+00 1.07854885E+00 1.07442137E+00 1.07033448E+00 1.06669610E+00 1.06289786E+00 1.05922755E+00 1.05564110E+00 1.05209151E+00 1.04839807E+00 1.04458692E+00 1.04064198E+00 1.03660975E+00 1.03273774E+00 1.02890976E+00 1.02497899E+00 1.02098120E+00 1.01681105E+00 1.01268257E+00 1.00887253E+00 1.00481893E+00 1.00000000E+00
1.76507101E+00 1.76507907E+00 1.76508559E+00 1.76509075E+00 1.76509468E+00 1.76509759E+00 1.76509960E+00 1.76510092E+00 1.76510164E+00 1.76510193E+00 1.76510188E+00 1.76510162E+00 1.76510118E+00 1.76510066E+00 1.76510010E+00 1.76509954E+00 1.76509899E+00 1.76509850E+00 1.76509805E+00 1.76509767E+00 1.76509734E+00 1.76509707E+00 1.76509684E+00 1.76509667E+00 1.76509653E+00 1.76509642E+00 1.76509634E+00 1.76509628E+00 1.76509622E+00 1.76509618E+00 1.76509614E+00 1.76509610E+00 1.76509606E+00 1.76509601E+00 1.76509596E+00 1.76509590E+00 1.76509584E+00 1.76509576E+00 1.76509568E+00 1.76509559E+00 1.76509550E+00 1.76509540E+00 1.76509530E+00 1.76509520E+00 1.76509509E+00 1.76509499E+00 1.76509488E+00 1.76509478E+00 1.76509468E+00 1.76509459E+00 1.76509450E+00 1.76509443E+00 1.76509437E+00 1.76509433E+00 1.76509430E+00 1.76509430E+00 1.76509432E+00 1.76509438E+00 1.76509446E+00 1.76509459E+00 1.76509476E+00 1.76509498E+00 1.76509526E+00 1.76509561E+00 1.76509603E+00 1.76509653E+00 1.76509712E+00 1.76509782E+00 1.76509863E+00 1.76509957E+00 1.76510063E+00 1.76510186E+00 1.76510326E+00 1.76510486E+00 1.76510666E+00 1.76510870E+00 1.76511099E+00 1.76511355E+00 1.76511641E+00 1.76511962E+00 1.76512319E+00 1.76512712E+00 1.76513147E+00 1.76513630E+00 1.76514164E+00 1.76514753E+00 1.76515401E+00 1.76516114E+00 1.76516894E+00 1.76517746E+00 1.76518677E+00 1.76519698E+00 1.76520810E+00 1.76522012E+00 1.76523315E+00 1.76524738E+00 1.76526281E+00 1.76527953E+00 1.76529759E+00 1.76531708E+00 1.76533803E+00 1.76536054E+00 1.76538474E+00 1.76541079E+00 1.76543864E+00 1.76546827E+00 1.76549987E+00 1.76553376E+00 1.76556986E+00 1.76560821E+00 1.76564888E+00 1.76569192E+00 1.76573731E+00 1.76578504E+00 1.76583528E+00 1.76588818E+00 1.76594345E+00 1.76600082E+00 1.76606059E+00 1.76612306E+00 1.76618775E+00 1.76625420E+00 1.76632251E+00 1.76639267E+00 1.76646403E+00 1.76653562E+00 1.76660756E+00 1.76667991E+00 1.76675174E+00 1.76682149E+00 1.76688879E+00 1.76695311E+00 1.76701347E+00 1.76706798E+00 1.76711555E+00 1.76715430E+00 1.76718307E+00 1.76719945E+00 1.76720169E+00 1.76718696E+00 1.76715264E+00 1.76709428E+00 1.76701060E+00 1.76689862E+00 1.76675417E+00 1.76656963E+00 1.76634218E+00 1.76606644E+00 1.76573745E+00 1.76534628E+00 1.76488859E+00 1.76435713E+00 1.76374603E+00 1.76304257E+00 1.76223885E+00 1.76132245E+00 1.76028642E+00 1.75911520E+00 1.75779951E+00 1.75632409E+00 1.75468183E+00 1.75285697E+00 1.75082873E+00 1.74856271E+00 1.74605947E+00 1.74332125E+00 1.74032358E+00 1.73700994E+00 1.73337109E+00 1.72938946E+00 1.72504558E+00 1.72030320E+00 1.71513705E+00 1.70950278E+00 1.70338807E+00 1.69677183E+00 1.68963344E+00 1.68191565E+00 1.67357785E+00 1.66455983E+00 1.65483519E+00 1.64434744E+00 1.63305587E+00 1.62088732E+00 1.60782176E+00 1.59382965E+00 1.57878182E+00 1.56394941E+00 1.54813242E+00 1.53328798E+00 1.51752118E+00 1.50267979E+00 1.48703379E+00 1.47252128E+00 1.45718310E+00 1.44276885E+00 1.42773614E+00 1.41406024E+00 1.39976592E+00 1.38641370E+00 1.37251672E+00 1.35987368E+00 1.34684798E+00 1.33495729E+00 1.32259399E+00 1.31115630E+00 1.29936242E+00 1.28870562E+00 1.27768453E+00 1.26679542E+00 1.25558088E+00 1.24415372E+00 1.23240101E+00 1.22009697E+00 1.20712439E+00 1.19340954E+00 1.17923908E+00 1.16484046E+00 1.14976004E+00 1.13301004E+00 1.11447641E+00 1.09573326E+00 1.07633312E+00 1.04637463E+00 1.00000000E+00
1.72869693E+00 1.72869450E+00 1.72869228E+00 1.72869021E+00 1.72868826E+00 1.72868638E+00 1.72868457E+00 1.72868280E+00 1.72868109E+00 1.72867943E+00 1.72867783E+00 1.72867630E+00 1.72867485E+00 1.72867347E+00 1.72867218E+00 1.72867099E+00 1.72866988E+00 1.72866887E+00 1.72866795E+00 1.72866712E+00 1.72866636E+00 1.72866568E+00 1.72866507E+00 1.72866452E+00 1.72866402E+00 1.72866358E+00 1.72866318E+00 1.72866282E+00 1.72866249E+00 1.72866220E+00 1.72866193E+00 1.72866169E+00 1.72866146E+00 1.72866125E+00 1.72866106E+00 1.72866089E+00 1.72866072E+00 1.72866057E+00 1.72866042E+00 1.72866028E+00 1.72866015E+00 1.72866002E+00 1.72865990E+00 1.72865978E+00 1.72865967E+00 1.72865956E+00 1.72865945E+00 1.72865935E+00 1.72865925E+00 1.72865915E+00 1.72865907E+00 1.72865899E+00 1.72865892E+00 1.72865886E+00 1.72865881E+00 1.72865878E+00 1.72865876E+00 1.72865877E+00 1.72865879E+00 1.72865885E+00 1.72865893E+00 1.72865906E+00 1.72865922E+00 1.72865944E+00 1.72865971E+00 1.72866004E+00 1.72866044E+00 1.72866092E+00 1.72866149E+00 1.72866215E+00 1.72866292E+00 1.72866382E+00 1.72866485E+00 1.72866604E+00 1.72866740E+00 1.72866895E+00 1.72867070E+00 1.72867267E+00 1.72867490E+00 1.72867741E+00 1.72868021E+00 1.72868333E+00 1.72868679E+00 1.72869067E+00 1.72869497E+00 1.72869975E+00 1.72870502E+00 1.72871085E+00 1.72871726E+00 1.72872430E+00 1.72873202E+00 1.72874052E+00 1.72874980E+00 1.72875991E+00 1.72877092E+00 1.72878298E+00 1.72879610E+00 1.72881037E+00 1.72882583E+00 1.72884259E+00 1.72886067E+00 1.72888019E+00 1.72890123E+00 1.72892393E+00 1.72894830E+00 1.72897436E+00 1.72900227E+00 1.72903227E+00 1.72906432E+00 1.72909849E+00 1.72913484E+00 1.72917344E+00 1.72921429E+00 1.72925747E+00 1.72930306E+00 1.72935116E+00 1.72940160E+00 1.72945429E+00 1.72950943E+00 1.72956720E+00 1.72962723E+00 1.72968926E+00 1.72975328E+00 1.72981921E+00 1.72988663E+00 1.72995484E+00 1.73002385E+00 1.73009351E+00 1.73016311E+00 1.73023145E+00 1.73029810E+00 1.73036248E+00 1.73042373E+00 1.73048018E+00 1.73053083E+00 1.73057403E+00 1.73060864E+00 1.73063233E+00 1.73064343E+00 1.73063920E+00 1.73061750E+00 1.73057453E+00 1.73050861E+00 1.73041621E+00 1.73029370E+00 1.73013431E+00 1.72993516E+00 1.72969090E+00 1.72939678E+00 1.72904448E+00 1.72862966E+00 1.72814481E+00 1.72758394E+00 1.72693466E+00 1.72618965E+00 1.72533706E+00 1.72436973E+00 1.72327235E+00 1.72203641E+00 1.72064721E+00 1.71909505E+00 1.71736126E+00 1.71543045E+00 1.71327577E+00 1.71089161E+00 1.70827001E+00 1.70538942E+00 1.70220085E+00 1.69869514E+00 1.69485158E+00 1.69064897E+00 1.68605174E+00 1.68103892E+00 1.67557243E+00 1.66963521E+00 1.66319698E+00 1.65623652E+00 1.64869926E+00 1.64054786E+00 1.63172048E+00 1.62219388E+00 1.61192071E+00 1.60085170E+00 1.58889707E+00 1.57604589E+00 1.56228814E+00 1.54748434E+00 1.53287457E+00 1.51728813E+00 1.50267065E+00 1.48714740E+00 1.47253452E+00 1.45712658E+00 1.44283242E+00 1.42774067E+00 1.41359047E+00 1.39884752E+00 1.38543001E+00 1.37140687E+00 1.35833006E+00 1.34474781E+00 1.33240613E+00 1.31970061E+00 1.30811320E+00 1.29607823E+00 1.28496046E+00 1.27351855E+00 1.26318972E+00 1.25251029E+00 1.24197332E+00 1.23114557E+00 1.22013343E+00 1.20882996E+00 1.19702738E+00 1.18462016E+00 1.17154720E+00 1.15806212E+00 1.14434131E+00 1.13000492E+00 1.11423562E+00 1.09698859E+00 1.07934768E+00 1.06038183E+00 1.03434306E+00 1.00000000E+00
1.68667021E+00 1.68667079E+00 1.68667124E+00 1.68667159E+00 1.68667184E+00 1.68667201E+00 1.68667212E+00 1.68667218E+00 1.68667220E+00 1.68667218E+00 1.68667214E+00 1.68667208E+00 1.68667200E+00 1.68667191E+00 1.68667182E+00 1.68667172E+00 1.68667162E+00 1.68667152E+00 1.68667141E+00 1.68667132E+00 1.68667122E+00 1.68667112E+00 1.68667103E+00 1.68667095E+00 1.68667086E+00 1.68667078E+00 1.68667070E+00 1.68667063E+00 1.68667055E+00 1.68667048E+00 1.68667041E+00 1.68667034E+00 1.68667027E+00 1.68667020E+00 1.68667013E+00 1.68667006E+00 1.68666999E+00 1.68666992E+00 1.68666985E+00 1.68666977E+00 1.68666970E+00 1.68666962E+00 1.68666954E+00 1.68666945E+00 1.68666937E+00 1.68666929E+00 1.68666920E+00 1.68666911E+00 1.68666902E+00 1.68666894E+00 1.68666885E+00 1.68666877E+00 1.68666868E+00 1.68666861E+00 1.68666854E+00 1.68666847E+00 1.68666842E+00 1.68666838E+00 1.68666835E+00 1.68666834E+00 1.68666835E+00 1.68666839E+00 1.68666845E+00 1.68666855E+00 1.68666868E+00 1.68666886E+00 1.68666909E+00 1.68666937E+00 1.68666972E+00 1.68667014E+00 1.68667064E+00 1.68667124E+00 1.68667194E+00 1.68667275E+00 1.68667369E+00 1.68667478E+00 1.68667603E+00 1.68667746E+00 1.68667907E+00 1.68668091E+00 1.68668299E+00 1.68668532E+00 1.68668793E+00 1.68669087E+00 1.68669416E+00 1.68669783E+00 1.68670191E+00 1.68670644E+00 1.68671146E+00 1.68671701E+00 1.68672313E+00 1.68672989E+00 1.68673731E+00 1.68674545E+00 1.68675435E+00 1.68676415E+00 1.68677486E+00 1.68678655E+00 1.68679928E+00 1.68681313E+00 1.68682815E+00 1.68684444E+00 1.68686207E+00 1.68688116E+00 1.68690173E+00 1.68692386E+00 1.68694765E+00 1.68697331E+00 1.68700083E+00 1.68703027E+00 1.68706172E+00 1.68709523E+00 1.68713087E+00 1.68716870E+00 1.68720879E+00 1.68725123E+00 1.68729594E+00 1.68734290E+00 1.68739227E+00 1.68744415E+00 1.68749829E+00 1.68755452E+00 1.68761282E+00 1.68767310E+00 1.68773507E+00 1.68779823E+00 1.68786251E+00 1.68792772E+00 1.68799330E+00 1.68805829E+00 1.68812230E+00 1.68818472E+00 1.68824485E+00 1.68830120E+00 1.68835288E+00 1.68839842E+00 1.68843674E+00 1.68846569E+00 1.68848374E+00 1.68848838E+00 1.68847771E+00 1.68844835E+00 1.68839848E+00 1.68832444E+00 1.68822304E+00 1.68808817E+00 1.68791700E+00 1.68770433E+00 1.68744566E+00 1.68713319E+00 1.68676263E+00 1.68632640E+00 1.68581859E+00 1.68522738E+00 1.68454595E+00 1.68376300E+00 1.68287124E+00 1.68185558E+00 1.68070790E+00 1.67941376E+00 1.67796263E+00 1.67633517E+00 1.67451866E+00 1.67248971E+00 1.67023931E+00 1.66775400E+00 1.66501412E+00 1.66197593E+00 1.65863009E+00 1.65495364E+00 1.65092588E+00 1.64651387E+00 1.64169703E+00 1.63643846E+00 1.63071948E+00 1.62450563E+00 1.61777530E+00 1.61047625E+00 1.60257370E+00 1.59400613E+00 1.58475277E+00 1.57476959E+00 1.56400101E+00 1.55235110E+00 1.53981783E+00 1.52640442E+00 1.51196303E+00 1.49770106E+00 1.48248869E+00 1.46823777E+00 1.45310665E+00 1.43886607E+00 1.42385980E+00 1.40994884E+00 1.39527498E+00 1.38153873E+00 1.36724990E+00 1.35425831E+00 1.34068589E+00 1.32804805E+00 1.31495443E+00 1.30308006E+00 1.29086923E+00 1.27974479E+00 1.26820458E+00 1.25756214E+00 1.24663391E+00 1.23677977E+00 1.22659739E+00 1.21657373E+00 1.20630447E+00 1.19588298E+00 1.18520623E+00 1.17409022E+00 1.16244887E+00 1.15023691E+00 1.13767111E+00 1.12486518E+00 1.11148959E+00 1.09693515E+00 1.08129149E+00 1.06528671E+00 1.04807837E+00 1.02630001E+00 1.00000000E+00
1.64102558E+00 1.64102532E+00 1.64102508E+00 1.64102486E+00 1.64102466E+00 1.64102448E+00 1.64102432E+00 1.64102418E+00 1.64102406E+00 1.64102396E+00 1.64102387E+00 1.64102380E+00 1.64102374E+00 1.64102369E+00 1.64102366E+00 1.64102363E+00 1.64102361E+00 1.64102359E+00 1.64102358E+00 1.64102358E+00 1.64102357E+00 1.64102357E+00 1.64102356E+00 1.64102356E+00 1.64102356E+00 1.64102355E+00 1.64102355E+00 1.64102354E+00 1.64102352E+00 1.64102351E+00 1.64102349E+00 1.64102347E+00 1.64102344E+00 1.64102341E+00 1.64102338E+00 1.64102334E+00 1.64102330E+00 1.64102326E+00 1.64102321E+00 1.64102316E+00 1.64102310E+00 1.64102304E+00 1.64102298E+00 1.64102291E+00 1.64102284E+00 1.64102277E+00 1.64102270E+00 1.64102262E+00 1.64102254E+00 1.64102246E+00 1.64102237E+00 1.64102229E+00 1.64102221E+00 1.64102213E+00 1.64102205E+00 1.64102197E+00 1.64102190E+00 1.64102184E+00 1.64102178E+00 1.64102173E+00 1.64102169E+00 1.64102167E+00 1.64102167E+00 1.64102169E+00 1.64102173E+00 1.64102180E+00 1.64102191E+00 1.64102205E+00 1.64102224E+00 1.64102248E+00 1.64102277E+00 1.64102313E+00 1.64102357E+00 1.64102409E+00 1.64102471E+00 1.64102543E+00 1.64102627E+00 1.64102724E+00 1.64102836E+00 1.64102964E+00 1.64103111E+00 1.64103277E+00 1.64103465E+00 1.64103679E+00 1.64103919E+00 1.64104190E+00 1.64104493E+00 1.64104832E+00 1.64105210E+00 1.64105631E+00 1.64106098E+00 1.64106617E+00 1.64107190E+00 1.64107822E+00 1.64108518E+00 1.64109287E+00 1.64110132E+00 1.64111059E+00 1.64112073E+00 1.64113181E+00 1.64114390E+00 1.64115706E+00 1.64117138E+00 1.64118694E+00 1.64120379E+00 1.64122200E+00 1.64124167E+00 1.64126296E+00 1.64128588E+00 1.64131051E+00 1.64133692E+00 1.64136518E+00 1.64139536E+00 1.64142754E+00 1.64146177E+00 1.64149815E+00 1.64153664E+00 1.64157728E+00 1.64162017E+00 1.64166539E+00 1.64171276E+00 1.64176219E+00 1.64181366E+00 1.64186710E+00 1.64192228E+00 1.64197885E+00 1.64203672E+00 1.64209568E+00 1.64215527E+00 1.64221475E+00 1.64227376E+00 1.64233171E+00 1.64238801E+00 1.64244134E+00 1.64249091E+00 1.64253544E+00 1.64257391E+00 1.64260434E+00 1.64262540E+00 1.64263477E+00 1.64263073E+00 1.64261022E+00 1.64257141E+00 1.64251072E+00 1.64242528E+00 1.64230955E+00 1.64216082E+00 1.64197407E+00 1.64174505E+00 1.64146646E+00 1.64113411E+00 1.64074049E+00 1.64027989E+00 1.63974109E+00 1.63911775E+00 1.63839909E+00 1.63757771E+00 1.63663889E+00 1.63557490E+00 1.63437159E+00 1.63301810E+00 1.63149523E+00 1.62979178E+00 1.62788640E+00 1.62576821E+00 1.62342073E+00 1.62082545E+00 1.61794263E+00 1.61476326E+00 1.61126315E+00 1.60742243E+00 1.60321045E+00 1.59860594E+00 1.59357229E+00 1.58809101E+00 1.58212614E+00 1.57565576E+00 1.56862996E+00 1.56101584E+00 1.55275376E+00 1.54382584E+00 1.53418903E+00 1.52378249E+00 1.51251203E+00 1.50038629E+00 1.48741777E+00 1.47345044E+00 1.45965571E+00 1.44495645E+00 1.43120905E+00 1.41661649E+00 1.40289026E+00 1.38844524E+00 1.37507441E+00 1.36098030E+00 1.34780261E+00 1.33412907E+00 1.32172448E+00 1.30876976E+00 1.29671955E+00 1.28427168E+00 1.27301363E+00 1.26145402E+00 1.25093671E+00 1.24003586E+00 1.22999820E+00 1.21972181E+00 1.21047281E+00 1.20092043E+00 1.19153886E+00 1.18196417E+00 1.17227851E+00 1.16237615E+00 1.15209103E+00 1.14135044E+00 1.13012676E+00 1.11862719E+00 1.10692003E+00 1.09471785E+00 1.08160543E+00 1.06773860E+00 1.05362621E+00 1.03871820E+00 1.02081821E+00 1.00000000E+00
1.59143582E+00 1.59143568E+00 1.59143555E+00 1.59143544E+00 1.59143533E+00 1.59143523E+00 1.59143514E+00 1.59143505E+00 1.59143497E+00 1.59143490E+00 1.59143484E+00 1.59143477E+00 1.59143472E+00 1.59143466E+00 1.59143461E+00 1.59143457E+00 1.59143452E+00 1.59143448E+00 1.59143444E+00 1.59143441E+00 1.59143437E+00 1.59143434E+00 1.59143430E+00 1.59143427E+00 1.59143424E+00 1.59143421E+00 1.59143418E+00 1.59143415E+00 1.59143412E+00 1.59143408E+00 1.59143405E+00 1.59143402E+00 1.59143399E+00 1.59143395E+00 1.59143391E+00 1.59143388E+00 1.59143384E+00 1.59143380E+00 1.59143375E+00 1.59143371E+00 1.59143366E+00 1.59143361E+00 1.59143356E+00 1.59143351E+00 1.59143345E+00 1.59143339E+00 1.59143333E+00 1.59143326E+00 1.59143320E+00 1.59143313E+00 1.59143306E+00 1.59143299E+00 1.59143292E+00 1.59143284E+00 1.59143277E+00 1.59143270E+00 1.59143262E+00 1.59143256E+00 1.59143249E+00 1.59143243E+00 1.59143237E+00 1.59143232E+00 1.59143228E+00 1.59143226E+00 1.59143225E+00 1.59143225E+00 1.59143228E+00 1.59143233E+00 1.59143241E+00 1.59143252E+00 1.59143267E+00 1.59143287E+00 1.59143311E+00 1.59143341E+00 1.59143378E+00 1.59143422E+00 1.59143475E+00 1.59143537E+00 1.59143610E+00 1.59143694E+00 1.59143792E+00 1.59143905E+00 1.59144033E+00 1.59144181E+00 1.59144349E+00 1.59144539E+00 1.59144755E+00 1.59144998E+00 1.59145270E+00 1.59145576E+00 1.59145918E+00 1.59146301E+00 1.59146726E+00 1.59147199E+00 1.59147722E+00 1.59148303E+00 1.59148946E+00 1.59149655E+00 1.59150434E+00 1.59151291E+00 1.59152229E+00 1.59153258E+00 1.59154381E+00 1.59155608E+00 1.59156942E+00 1.59158393E+00 1.59159966E+00 1.59161676E+00 1.59163525E+00 1.59165520E+00 1.59167668E+00 1.59169978E+00 1.59172455E+00 1.59175107E+00 1.59177941E+00 1.59180964E+00 1.59184176E+00 1.59187583E+00 1.59191193E+00 1.59195012E+00 1.59199028E+00 1.59203236E+00 1.59207635E+00 1.59212218E+00 1.59216972E+00 1.59221867E+00 1.59226897E+00 1.59232038E+00 1.59237257E+00 1.59242492E+00 1.59247712E+00 1.59252864E+00 1.59257895E+00 1.59262688E+00 1.59267178E+00 1.59271250E+00 1.59274808E+00 1.59277676E+00 1.59279735E+00 1.59280773E+00 1.59280632E+00 1.59279037E+00 1.59275810E+00 1.59270605E+00 1.59263168E+00 1.59252992E+00 1.59239823E+00 1.59223182E+00 1.59202669E+00 1.59177600E+00 1.59147574E+00 1.59111862E+00 1.59069910E+00 1.59020667E+00 1.58963544E+00 1.58897514E+00 1.58821835E+00 1.58735085E+00 1.58636540E+00 1.58524815E+00 1.58398818E+00 1.58256684E+00 1.58097403E+00 1.57918993E+00 1.57720276E+00 1.57499445E+00 1.57254710E+00 1.56982449E+00 1.56681841E+00 1.56350421E+00 1.55986294E+00 1.55586590E+00 1.55149100E+00 1.54670237E+00 1.54148272E+00 1.53579644E+00 1.52962135E+00 1.52291033E+00 1.51563172E+00 1.50772914E+00 1.49918903E+00 1.48996867E+00 1.48000179E+00 1.46920221E+00 1.45759259E+00 1.44519060E+00 1.43183033E+00 1.41864118E+00 1.40461371E+00 1.39152381E+00 1.37763061E+00 1.36457172E+00 1.35085687E+00 1.33818804E+00 1.32483639E+00 1.31236293E+00 1.29946943E+00 1.28781273E+00 1.27563475E+00 1.26430884E+00 1.25265006E+00 1.24214367E+00 1.23137811E+00 1.22160022E+00 1.21146386E+00 1.20213772E+00 1.19262970E+00 1.18409536E+00 1.17527710E+00 1.16663291E+00 1.15785740E+00 1.14902453E+00 1.14001246E+00 1.13066320E+00 1.12091136E+00 1.11075515E+00 1.10042421E+00 1.08995777E+00 1.07911029E+00 1.06760649E+00 1.05557307E+00 1.04340153E+00 1.03081382E+00 1.01634997E+00 1.00000000E+00
1.53656169E+00 1.53656169E+00 1.53656170E+00 1.53656170E+00 1.53656170E+00 1.53656170E+00 1.53656171E+00 1.53656171E+00 1.53656171E+00 1.53656171E+00 1.53656171E+00 1.53656171E+00 1.53656171E+00 1.53656171E+00 1.53656170E+00 1.53656170E+00 1.53656170E+00 1.53656170E+00 1.53656169E+00 1.53656169E+00 1.53656169E+00 1.53656168E+00 1.53656168E+00 1.53656167E+00 1.53656166E+00 1.53656166E+00 1.53656165E+00 1.53656164E+00 1.53656163E+00 1.53656162E+00 1.53656161E+00 1.53656159E+00 1.53656158E+00 1.53656156E+00 1.53656154E+00 1.53656152E+00 1.53656150E+00 1.53656148E+00 1.53656146E+00 1.53656143E+00 1.53656140E+00 1.53656137E+00 1.53656134E+00 1.53656131E+00 1.53656127E+00 1.53656123E+00 1.53656119E+00 1.53656114E+00 1.53656110E+00 1.53656105E+00 1.53656100E+00 1.53656094E+00 1.53656089E+00 1.53656083E+00 1.53656077E+00 1.53656071E+00 1.53656065E+00 1.53656059E+00 1.53656053E+00 1.53656047E+00 1.53656042E+00 1.53656036E+00 1.53656031E+00 1.53656027E+00 1.53656023E+00 1.53656021E+00 1.53656019E+00 1.53656019E+00 1.53656020E+00 1.53656023E+00 1.53656029E+00 1.53656037E+00 1.53656049E+00 1.53656064E+00 1.53656083E+00 1.53656108E+00 1.53656137E+00 1.53656173E+00 1.53656217E+00 1.53656268E+00 1.53656328E+00 1.53656399E+00 1.53656481E+00 1.53656576E+00 1.53656686E+00 1.53656812E+00 1.53656955E+00 1.53657119E+00 1.53657305E+00 1.53657515E+00 1.53657752E+00 1.53658019E+00 1.53658318E+00 1.53658653E+00 1.53659027E+00 1.53659445E+00 1.53659909E+00 1.53660425E+00 1.53660996E+00 1.53661627E+00 1.53662322E+00 1.53663089E+00 1.53663931E+00 1.53664855E+00 1.53665866E+00 1.53666971E+00 1.53668175E+00 1.53669490E+00 1.53670918E+00 1.53672467E+00 1.53674142E+00 1.53675952E+00 1.53677901E+00 1.53679999E+00 1.53682249E+00 1.53684660E+00 1.53687232E+00 1.53689973E+00 1.53692890E+00 1.53695985E+00 1.53699251E+00 1.53702687E+00 1.53706293E+00 1.53710064E+00 1.53713987E+00 1.53718045E+00 1.53722227E+00 1.53726514E+00 1.53730878E+00 1.53735272E+00 1.53739667E+00 1.53744015E+00 1.53748270E+00 1.53752331E+00 1.53756142E+00 1.53759602E+00 1.53762624E+00 1.53765052E+00 1.53766780E+00 1.53767616E+00 1.53767416E+00 1.53765935E+00 1.53763006E+00 1.53758300E+00 1.53751591E+00 1.53742422E+00 1.53730560E+00 1.53715553E+00 1.53697029E+00 1.53674357E+00 1.53647157E+00 1.53614733E+00 1.53576556E+00 1.53531657E+00 1.53479497E+00 1.53419107E+00 1.53349748E+00 1.53270076E+00 1.53179426E+00 1.53076460E+00 1.52960095E+00 1.52828570E+00 1.52680974E+00 1.52515477E+00 1.52330869E+00 1.52125294E+00 1.51896996E+00 1.51642718E+00 1.51361756E+00 1.51051664E+00 1.50710669E+00 1.50336083E+00 1.49925651E+00 1.49475955E+00 1.48985457E+00 1.48450784E+00 1.47869703E+00 1.47237875E+00 1.46552172E+00 1.45807436E+00 1.45002958E+00 1.44134498E+00 1.43194774E+00 1.42176502E+00 1.41083773E+00 1.39918332E+00 1.38662357E+00 1.37423476E+00 1.36109515E+00 1.34886597E+00 1.33588013E+00 1.32368397E+00 1.31091072E+00 1.29914210E+00 1.28673136E+00 1.27514302E+00 1.26323072E+00 1.25250833E+00 1.24128871E+00 1.23084766E+00 1.22014616E+00 1.21054616E+00 1.20073411E+00 1.19184042E+00 1.18260660E+00 1.17411689E+00 1.16551064E+00 1.15780973E+00 1.14984020E+00 1.14204481E+00 1.13419083E+00 1.12633864E+00 1.11833674E+00 1.11003853E+00 1.10138447E+00 1.09240359E+00 1.08336679E+00 1.07428335E+00 1.06493298E+00 1.05513292E+00 1.04493292E+00 1.03468285E+00 1.02434499E+00 1.01284686E+00 1.00000000E+00
1.47053117E+00 1.47053781E+00 1.47054372E+00 1.47054902E+00 1.47055374E+00 1.47055796E+00 1.47056173E+00 1.47056509E+00 1.47056809E+00 1.47057077E+00 1.47057316E+00 1.47057529E+00 1.47057719E+00 1.47057888E+00 1.47058038E+00 1.47058172E+00 1.47058292E+00 1.47058398E+00 1.47058492E+00 1.47058576E+00 1.47058650E+00 1.47058716E+00 1.47058774E+00 1.47058826E+00 1.47058872E+00 1.47058912E+00 1.47058948E+00 1.47058980E+00 1.47059007E+00 1.47059032E+00 1.47059053E+00 1.47059072E+00 1.47059089E+00 1.47059103E+00 1.47059116E+00 1.47059126E+00 1.47059136E+00 1.47059144E+00 1.47059150E+00 1.47059156E+00 1.47059161E+00 1.47059164E+00 1.47059167E+00 1.47059169E+00 1.47059171E+00 1.47059172E+00 1.47059172E+00 1.47059172E+00 1.47059171E+00 1.47059170E+00 1.47059168E+00 1.47059166E+00 1.47059164E+00 1.47059161E+00 1.47059158E+00 1.47059155E+00 1.47059151E+00 1.47059147E+00 1.47059143E+00 1.47059139E+00 1.47059135E+00 1.47059131E+00 1.47059126E+00 1.47059122E+00 1.47059118E+00 1.47059115E+00 1.47059111E+00 1.47059109E+00 1.47059107E+00 1.47059106E+00 1.47059106E+00 1.47059108E+00 1.47059111E+00 1.47059116E+00 1.47059123E+00 1.47059134E+00 1.47059147E+00 1.47059164E+00 1.47059185E+00 1.47059211E+00 1.47059242E+00 1.47059280E+00 1.47059324E+00 1.47059377E+00 1.47059439E+00 1.47059512E+00 1.47059595E+00 1.47059692E+00 1.47059803E+00 1.47059931E+00 1.47060076E+00 1.47060241E+00 1.47060429E+00 1.47060640E+00 1.47060879E+00 1.47061148E+00 1.47061449E+00 1.47061786E+00 1.47062163E+00 1.47062582E+00 1.47063048E+00 1.47063564E+00 1.47064136E+00 1.47064768E+00 1.47065463E+00 1.47066228E+00 1.47067068E+00 1.47067990E+00 1.47068997E+00 1.47070095E+00 1.47071290E+00 1.47072588E+00 1.47073995E+00 1.47075516E+00 1.47077157E+00 1.47078923E+00 1.47080817E+00 1.47082846E+00 1.47085015E+00 1.47087325E+00 1.47089773E+00 1.47092361E+00 1.47095087E+00 1.47097948E+00 1.47100937E+00 1.47104040E+00 1.47107249E+00 1.47110545E+00 1.47113911E+00 1.47117309E+00 1.47120715E+00 1.47124087E+00 1.47127388E+00 1.47130534E+00 1.47133479E+00 1.47136140E+00 1.47138438E+00 1.47140243E+00 1.47141466E+00 1.47141938E+00 1.47141535E+00 1.47140049E+00 1.47137326E+00 1.47133072E+00 1.47127088E+00 1.47118985E+00 1.47108557E+00 1.47095396E+00 1.47079167E+00 1.47059312E+00 1.47035487E+00 1.47007055E+00 1.46973526E+00 1.46934043E+00 1.46888139E+00 1.46834929E+00 1.46773693E+00 1.46703217E+00 1.46622925E+00 1.46531562E+00 1.46428083E+00 1.46310905E+00 1.46179242E+00 1.46031442E+00 1.45866322E+00 1.45682098E+00 1.45477055E+00 1.45248366E+00 1.44995479E+00 1.44716040E+00 1.44408452E+00 1.44070245E+00 1.43699174E+00 1.43292121E+00 1.42847798E+00 1.42363180E+00 1.41836030E+00 1.41262518E+00 1.40639425E+00 1.39962248E+00 1.39231232E+00 1.38442171E+00 1.37586932E+00 1.36660040E+00 1.35667896E+00 1.34611469E+00 1.33471530E+00 1.32347878E+00 1.31160346E+00 1.30057994E+00 1.28885259E+00 1.27784566E+00 1.26635933E+00 1.25580809E+00 1.24465797E+00 1.23425061E+00 1.22363711E+00 1.21413057E+00 1.20414646E+00 1.19484527E+00 1.18536581E+00 1.17690802E+00 1.16828668E+00 1.16048939E+00 1.15236471E+00 1.14490464E+00 1.13740006E+00 1.13070622E+00 1.12375820E+00 1.11698193E+00 1.11022788E+00 1.10352996E+00 1.09669442E+00 1.08960146E+00 1.08219945E+00 1.07454852E+00 1.06696471E+00 1.05941503E+00 1.05168757E+00 1.04366751E+00 1.03530817E+00 1.02694812E+00 1.01876572E+00 1.00991323E+00 1.00000000E+00
1.38622818E+00 1.38622818E+00 1.38622818E+00 1.38622818E+00 1.38622818E+00 1.38622818E+00 1.38622818E+00 1.38622818E+00 1.38622818E+00 1.38622818E+00 1.38622818E+00 1.38622818E+00 1.38622818E+00 1.38622818E+00 1.38622818E+00 1.38622818E+00 1.38622818E+00 1.38622818E+00 1.38622818E+00 1.38622818E+00 1.38622818E+00 1.38622818E+00 1.38622818E+00 1.38622818E+00 1.38622818E+00 1.38622818E+00 1.38622817E+00 1.38622817E+00 1.38622817E+00 1.38622817E+00 1.38622817E+00 1.38622817E+00 1.38622816E+00 1.38622816E+00 1.38622816E+00 1.38622815E+00 1.38622815E+00 1.38622814E+00 1.38622814E+00 1.38622813E+00 1.38622813E+00 1.38622812E+00 1.38622811E+00 1.38622810E+00 1.38622810E+00 1.38622809E+00 1.38622807E+00 1.38622806E+00 1.38622805E+00 1.38622804E+00 1.38622802E+00 1.38622800E+00 1.38622799E+00 1.38622797E+00 1.38622795E+00 1.38622793E+00 1.38622791E+00 1.38622788E+00 1.38622786E+00 1.38622783E+00 1.38622781E+00 1.38622778E+00 1.38622775E+00 1.38622772E+00 1.38622770E+00 1.38622767E+00 1.38622764E+00 1.38622762E+00 1.38622759E+00 1.38622757E+00 1.38622756E+00 1.38622755E+00 1.38622754E+00 1.38622755E+00 1.38622756E+00 1.38622758E+00 1.38622762E+00 1.38622767E+00 1.38622774E+00 1.38622784E+00 1.38622796E+00 1.38622811E+00 1.38622829E+00 1.38622852E+00 1.38622879E+00 1.38622911E+00 1.38622949E+00 1.38622994E+00 1.38623046E+00 1.38623106E+00 1.38623177E+00 1.38623258E+00 1.38623351E+00 1.38623457E+00 1.38623578E+00 1.38623716E+00 1.38623873E+00 1.38624050E+00 1.38624249E+00 1.38624473E+00 1.38624724E+00 1.38625005E+00 1.38625319E+00 1.38625668E+00 1.38626056E+00 1.38626486E+00 1.38626961E+00 1.38627486E+00 1.38628063E+00 1.38628697E+00 1.38629391E+00 1.38630150E+00 1.38630977E+00 1.38631877E+00 1.38632853E+00 1.38633909E+00 1.38635047E+00 1.38636273E+00 1.38637588E+00 1.38638993E+00 1.38640487E+00 1.38642073E+00 1.38643749E+00 1.38645511E+00 1.38647356E+00 1.38649274E+00 1.38651256E+00 1.38653290E+00 1.38655363E+00 1.38657451E+00 1.38659533E+00 1.38661577E+00 1.38663551E+00 1.38665394E+00 1.38667076E+00 1.38668529E+00 1.38669693E+00 1.38670468E+00 1.38670785E+00 1.38670512E+00 1.38669549E+00 1.38667739E+00 1.38664954E+00 1.38660954E+00 1.38655579E+00 1.38648529E+00 1.38639649E+00 1.38628598E+00 1.38615103E+00 1.38598719E+00 1.38579159E+00 1.38555896E+00 1.38528505E+00 1.38496305E+00 1.38458939E+00 1.38415661E+00 1.38365804E+00 1.38308380E+00 1.38242955E+00 1.38168434E+00 1.38083859E+00 1.37987951E+00 1.37880103E+00 1.37758908E+00 1.37623274E+00 1.37471679E+00 1.37302516E+00 1.37113483E+00 1.36904240E+00 1.36672607E+00 1.36417255E+00 1.36136045E+00 1.35826832E+00 1.35486954E+00 1.35115448E+00 1.34709801E+00 1.34267827E+00 1.33786401E+00 1.33262025E+00 1.32691079E+00 1.32075080E+00 1.31409862E+00 1.30686401E+00 1.29901367E+00 1.29063622E+00 1.28172404E+00 1.27207578E+00 1.26256405E+00 1.25254984E+00 1.24327000E+00 1.23335512E+00 1.22405332E+00 1.21438887E+00 1.20553782E+00 1.19614313E+00 1.18737983E+00 1.17853834E+00 1.17065098E+00 1.16231221E+00 1.15454189E+00 1.14668027E+00 1.13970249E+00 1.13260073E+00 1.12619089E+00 1.11947362E+00 1.11332684E+00 1.10720105E+00 1.10175082E+00 1.09607390E+00 1.09056261E+00 1.08513912E+00 1.07979409E+00 1.07430354E+00 1.06860511E+00 1.06266347E+00 1.05655610E+00 1.05061088E+00 1.04474312E+00 1.03875081E+00 1.03258881E+00 1.02615113E+00 1.01975146E+00 1.01367710E+00 1.00725908E+00 1.00000000E+00
1.27771302E+00 1.27774670E+00 1.27777754E+00 1.27780582E+00 1.27783169E+00 1.27785540E+00 1.27787710E+00 1.27789698E+00 1.27791515E+00 1.27793181E+00 1.27794703E+00 1.27796097E+00 1.27797371E+00 1.27798537E+00 1.27799603E+00 1.27800578E+00 1.27801469E+00 1.27802284E+00 1.27803028E+00 1.27803709E+00 1.27804330E+00 1.27804899E+00 1.27805417E+00 1.27805892E+00 1.27806324E+00 1.27806720E+00 1.27807081E+00 1.27807410E+00 1.27807711E+00 1.27807986E+00 1.27808237E+00 1.27808465E+00 1.27808674E+00 1.27808865E+00 1.27809038E+00 1.27809197E+00 1.27809341E+00 1.27809473E+00 1.27809594E+00 1.27809703E+00 1.27809803E+00 1.27809894E+00 1.27809977E+00 1.27810053E+00 1.27810122E+00 1.27810185E+00 1.27810242E+00 1.27810294E+00 1.27810342E+00 1.27810385E+00 1.27810424E+00 1.27810460E+00 1.27810492E+00 1.27810522E+00 1.27810549E+00 1.27810573E+00 1.27810595E+00 1.27810615E+00 1.27810633E+00 1.27810650E+00 1.27810664E+00 1.27810678E+00 1.27810690E+00 1.27810701E+00 1.27810710E+00 1.27810719E+00 1.27810727E+00 1.27810733E+00 1.27810740E+00 1.27810745E+00 1.27810750E+00 1.27810754E+00 1.27810758E+00 1.27810762E+00 1.27810765E+00 1.27810768E+00 1.27810770E+00 1.27810773E+00 1.27810776E+00 1.27810778E+00 1.27810781E+00 1.27810785E+00 1.27810789E+00 1.27810793E+00 1.27810798E+00 1.27810804E+00 1.27810811E+00 1.27810820E+00 1.27810830E+00 1.27810842E+00 1.27810856E+00 1.27810873E+00 1.27810892E+00 1.27810915E+00 1.27810942E+00 1.27810972E+00 1.27811007E+00 1.27811048E+00 1.27811095E+00 1.27811148E+00 1.27811208E+00 1.27811276E+00 1.27811354E+00 1.27811441E+00 1.27811539E+00 1.27811648E+00 1.27811770E+00 1.27811905E+00 1.27812055E+00 1.27812222E+00 1.27812405E+00 1.27812606E+00 1.27812826E+00 1.27813065E+00 1.27813325E+00 1.27813606E+00 1.27813909E+00 1.27814234E+00 1.27814579E+00 1.27814943E+00 1.27815327E+00 1.27815730E+00 1.27816146E+00 1.27816574E+00 1.27817009E+00 1.27817445E+00 1.27817871E+00 1.27818277E+00 1.27818660E+00 1.27819003E+00 1.27819288E+00 1.27819495E+00 1.27819598E+00 1.27819563E+00 1.27819374E+00 1.27818984E+00 1.27818353E+00 1.27817424E+00 1.27816151E+00 1.27814450E+00 1.27812254E+00 1.27809475E+00 1.27806026E+00 1.27801746E+00 1.27796528E+00 1.27790197E+00 1.27782670E+00 1.27773708E+00 1.27763136E+00 1.27750678E+00 1.27736134E+00 1.27719163E+00 1.27699446E+00 1.27676563E+00 1.27650319E+00 1.27620198E+00 1.27585650E+00 1.27546045E+00 1.27501175E+00 1.27450229E+00 1.27392419E+00 1.27326940E+00 1.27253452E+00 1.27170890E+00 1.27078338E+00 1.26974829E+00 1.26859062E+00 1.26729379E+00 1.26585677E+00 1.26426101E+00 1.26249709E+00 1.26054934E+00 1.25839912E+00 1.25602632E+00 1.25342491E+00 1.25057610E+00 1.24746057E+00 1.24405644E+00 1.24032720E+00 1.23624778E+00 1.23184253E+00 1.22707187E+00 1.22184899E+00 1.21615952E+00 1.21009660E+00 1.20363077E+00 1.19658447E+00 1.18962215E+00 1.18230023E+00 1.17550189E+00 1.16818798E+00 1.16132814E+00 1.15422296E+00 1.14772019E+00 1.14077452E+00 1.13430787E+00 1.12784428E+00 1.12207080E+00 1.11591850E+00 1.11020472E+00 1.10446133E+00 1.09936692E+00 1.09416920E+00 1.08948738E+00 1.08455510E+00 1.08006891E+00 1.07563355E+00 1.07168998E+00 1.06757396E+00 1.06359712E+00 1.05971786E+00 1.05588839E+00 1.05191049E+00 1.04780270E+00 1.04354759E+00 1.03919894E+00 1.03502763E+00 1.03091267E+00 1.02669440E+00 1.02240267E+00 1.01792799E+00 1.01350069E+00 1.00940957E+00 1.00508404E+00 1.00000000E+00
1.86677904E+00 1.86694386E+00 1.86706163E+00 1.86715977E+00 1.86723506E+00 1.86728733E+00 1.86731638E+00 1.86732879E+00 1.86733202E+00 1.86733539E+00 1.86734052E+00 1.86734832E+00 1.86735643E+00 1.86736260E+00 1.86736627E+00 1.86736742E+00 1.86736695E+00 1.86736594E+00 1.86736480E+00 1.86736392E+00 1.86736327E+00 1.86736293E+00 1.86736295E+00 1.86736344E+00 1.86736443E+00 1.86736589E+00 1.86736776E+00 1.86736992E+00 1.86737230E+00 1.86737480E+00 1.86737737E+00 1.86737990E+00 1.86738234E+00 1.86738464E+00 1.86738675E+00 1.86738865E+00 1.86739032E+00 1.86739175E+00 1.86739295E+00 1.86739393E+00 1.86739470E+00 1.86739529E+00 1.86739570E+00 1.86739598E+00 1.86739614E+00 1.86739621E+00 1.86739620E+00 1.86739615E+00 1.86739607E+00 1.86739599E+00 1.86739592E+00 1.86739587E+00 1.86739587E+00 1.86739591E+00 1.86739602E+00 1.86739621E+00 1.86739648E+00 1.86739685E+00 1.86739731E+00 1.86739789E+00 1.86739859E+00 1.86739943E+00 1.86740041E+00 1.86740156E+00 1.86740287E+00 1.86740436E+00 1.86740606E+00 1.86740799E+00 1.86741015E+00 1.86741257E+00 1.86741525E+00 1.86741825E+00 1.86742158E+00 1.86742528E+00 1.86742937E+00 1.86743390E+00 1.86743888E+00 1.86744434E+00 1.86745034E+00 1.86745695E+00 1.86746417E+00 1.86747203E+00 1.86748057E+00 1.86748994E+00 1.86750014E+00 1.86751123E+00 1.86752327E+00 1.86753635E+00 1.86755047E+00 1.86756572E+00 1.86758218E+00 1.86760000E+00 1.86761917E+00 1.86763970E+00 1.86766172E+00 1.86768547E+00 1.86771096E+00 1.86773825E+00 1.86776742E+00 1.86779855E+00 1.86783169E+00 1.86786692E+00 1.86790439E+00 1.86794427E+00 1.86798646E+00 1.86803091E+00 1.86807785E+00 1.86812761E+00 1.86818005E+00 1.86823515E+00 1.86829292E+00 1.86835335E+00 1.86841637E+00 1.86848190E+00 1.86855004E+00 1.86862082E+00 1.86869383E+00 1.86876866E+00 1.86884560E+00 1.86892476E+00 1.86900542E+00 1.86908690E+00 1.86916919E+00 1.86925204E+00 1.86933451E+00 1.86941514E+00 1.86949394E+00 1.86957074E+00 1.86964419E+00 1.86971207E+00 1.86977382E+00 1.86982850E+00 1.86987464E+00 1.86990952E+00 1.86993173E+00 1.86993866E+00 1.86992867E+00 1.86989842E+00 1.86984561E+00 1.86976649E+00 1.86965780E+00 1.86951389E+00 1.86933304E+00 1.86911125E+00 1.86884339E+00 1.86852035E+00 1.86813866E+00 1.86769165E+00 1.86717340E+00 1.86657339E+00 1.86588663E+00 1.86510487E+00 1.86422130E+00 1.86322117E+00 1.86209558E+00 1.86083055E+00 1.85941836E+00 1.85784176E+00 1.85609046E+00 1.85414776E+00 1.85200668E+00 1.84965129E+00 1.84705842E+00 1.84418981E+00 1.84104687E+00 1.83763373E+00 1.83392504E+00 1.82986056E+00 1.82543067E+00 1.82061841E+00 1.81540450E+00 1.80975060E+00 1.80362925E+00 1.79699204E+00 1.78982953E+00 1.78212545E+00 1.77385536E+00 1.76495806E+00 1.75539566E+00 1.74511340E+00 1.73407335E+00 1.72219886E+00 1.70946474E+00 1.69582459E+00 1.68124089E+00 1.66565564E+00 1.64895366E+00 1.63257239E+00 1.61514889E+00 1.59880242E+00 1.58147861E+00 1.56524079E+00 1.54815142E+00 1.53229995E+00 1.51557774E+00 1.49991285E+00 1.48357423E+00 1.46867578E+00 1.45312523E+00 1.43864135E+00 1.42355864E+00 1.40980983E+00 1.39563463E+00 1.38269756E+00 1.36926626E+00 1.35686718E+00 1.34407080E+00 1.33248687E+00 1.32051360E+00 1.30869429E+00 1.29650544E+00 1.28405153E+00 1.27122672E+00 1.25781978E+00 1.24370543E+00 1.22877300E+00 1.21329675E+00 1.19753466E+00 1.18099412E+00 1.16251805E+00 1.14193049E+00 1.12153565E+00 1.10200957E+00 1.06679449E+00 1.00000000E+00
1.83086918E+00 1.83091509E+00 1.83096193E+00 1.83100578E+00 1.83104666E+00 1.83108555E+00 1.83112375E+00 1.83116203E+00 1.83119999E+00 1.83123719E+00 1.83127352E+00 1.83130898E+00 1.83134355E+00 1.83137687E+00 1.83140849E+00 1.83143773E+00 1.83146432E+00 1.83148794E+00 1.83150861E+00 1.83152632E+00 1.83154118E+00 1.83155336E+00 1.83156305E+00 1.83157055E+00 1.83157608E+00 1.83158000E+00 1.83158250E+00 1.83158393E+00 1.83158445E+00 1.83158433E+00 1.83158370E+00 1.83158278E+00 1.83158163E+00 1.83158040E+00 1.83157914E+00 1.83157792E+00 1.83157677E+00 1.83157573E+00 1.83157480E+00 1.83157400E+00 1.83157331E+00 1.83157273E+00 1.83157225E+00 1.83157187E+00 1.83157157E+00 1.83157133E+00 1.83157116E+00 1.83157103E+00 1.83157096E+00 1.83157092E+00 1.83157092E+00 1.83157095E+00 1.83157102E+00 1.83157113E+00 1.83157128E+00 1.83157147E+00 1.83157171E+00 1.83157201E+00 1.83157237E+00 1.83157281E+00 1.83157333E+00 1.83157394E+00 1.83157466E+00 1.83157550E+00 1.83157646E+00 1.83157758E+00 1.83157885E+00 1.83158030E+00 1.83158196E+00 1.83158381E+00 1.83158590E+00 1.83158825E+00 1.83159089E+00 1.83159384E+00 1.83159712E+00 1.83160077E+00 1.83160482E+00 1.83160929E+00 1.83161423E+00 1.83161968E+00 1.83162567E+00 1.83163223E+00 1.83163940E+00 1.83164728E+00 1.83165590E+00 1.83166532E+00 1.83167557E+00 1.83168674E+00 1.83169884E+00 1.83171198E+00 1.83172620E+00 1.83174163E+00 1.83175827E+00 1.83177618E+00 1.83179546E+00 1.83181631E+00 1.83183873E+00 1.83186281E+00 1.83188861E+00 1.83191623E+00 1.83194571E+00 1.83197718E+00 1.83201073E+00 1.83204649E+00 1.83208442E+00 1.83212458E+00 1.83216712E+00 1.83221229E+00 1.83226000E+00 1.83231027E+00 1.83236310E+00 1.83241852E+00 1.83247649E+00 1.83253700E+00 1.83260010E+00 1.83266573E+00 1.83273366E+00 1.83280365E+00 1.83287588E+00 1.83295032E+00 1.83302642E+00 1.83310369E+00 1.83318199E+00 1.83326100E+00 1.83334001E+00 1.83341793E+00 1.83349459E+00 1.83356955E+00 1.83364175E+00 1.83370936E+00 1.83377173E+00 1.83382778E+00 1.83387621E+00 1.83391454E+00 1.83394144E+00 1.83395448E+00 1.83395203E+00 1.83393079E+00 1.83388854E+00 1.83382159E+00 1.83372711E+00 1.83360019E+00 1.83343856E+00 1.83323749E+00 1.83299245E+00 1.83269514E+00 1.83234199E+00 1.83192624E+00 1.83144219E+00 1.83087988E+00 1.83023420E+00 1.82949642E+00 1.82865954E+00 1.82770902E+00 1.82663652E+00 1.82542857E+00 1.82407717E+00 1.82256522E+00 1.82088328E+00 1.81901524E+00 1.81695099E+00 1.81467077E+00 1.81215750E+00 1.80938141E+00 1.80633696E+00 1.80301697E+00 1.79939938E+00 1.79543193E+00 1.79110504E+00 1.78639829E+00 1.78128960E+00 1.77574030E+00 1.76972933E+00 1.76321710E+00 1.75618715E+00 1.74861120E+00 1.74046598E+00 1.73169441E+00 1.72225980E+00 1.71210223E+00 1.70119085E+00 1.68946637E+00 1.67689021E+00 1.66338715E+00 1.64893287E+00 1.63350028E+00 1.61695854E+00 1.60071014E+00 1.58341952E+00 1.56721722E+00 1.55005337E+00 1.53395744E+00 1.51701056E+00 1.50129271E+00 1.48473153E+00 1.46924785E+00 1.45310857E+00 1.43838781E+00 1.42302623E+00 1.40874005E+00 1.39389254E+00 1.38037752E+00 1.36645578E+00 1.35376090E+00 1.34059386E+00 1.32845103E+00 1.31593957E+00 1.30462802E+00 1.29294190E+00 1.28141722E+00 1.26955264E+00 1.25745344E+00 1.24501910E+00 1.23204558E+00 1.21841342E+00 1.20401830E+00 1.18911317E+00 1.17393011E+00 1.15806679E+00 1.14050234E+00 1.12099318E+00 1.10126307E+00 1.08122570E+00 1.04971520E+00 1.00000000E+00
1.78341072E+00 1.78341627E+00 1.78342048E+00 1.78342324E+00 1.78342467E+00 1.78342499E+00 1.78342437E+00 1.78342307E+00 1.78342124E+00 1.78341907E+00 1.78341665E+00 1.78341412E+00 1.78341154E+00 1.78340896E+00 1.78340640E+00 1.78340388E+00 1.78340140E+00 1.78339897E+00 1.78339658E+00 1.78339425E+00 1.78339197E+00 1.78338976E+00 1.78338762E+00 1.78338556E+00 1.78338358E+00 1.78338170E+00 1.78337992E+00 1.78337824E+00 1.78337667E+00 1.78337520E+00 1.78337383E+00 1.78337257E+00 1.78337140E+00 1.78337032E+00 1.78336933E+00 1.78336842E+00 1.78336759E+00 1.78336683E+00 1.78336614E+00 1.78336550E+00 1.78336493E+00 1.78336441E+00 1.78336394E+00 1.78336352E+00 1.78336314E+00 1.78336280E+00 1.78336250E+00 1.78336224E+00 1.78336201E+00 1.78336182E+00 1.78336166E+00 1.78336154E+00 1.78336146E+00 1.78336141E+00 1.78336140E+00 1.78336144E+00 1.78336152E+00 1.78336165E+00 1.78336183E+00 1.78336208E+00 1.78336238E+00 1.78336276E+00 1.78336323E+00 1.78336378E+00 1.78336442E+00 1.78336518E+00 1.78336606E+00 1.78336707E+00 1.78336823E+00 1.78336955E+00 1.78337104E+00 1.78337274E+00 1.78337466E+00 1.78337681E+00 1.78337923E+00 1.78338194E+00 1.78338495E+00 1.78338831E+00 1.78339203E+00 1.78339617E+00 1.78340074E+00 1.78340578E+00 1.78341132E+00 1.78341745E+00 1.78342418E+00 1.78343157E+00 1.78343966E+00 1.78344851E+00 1.78345815E+00 1.78346867E+00 1.78348012E+00 1.78349258E+00 1.78350609E+00 1.78352072E+00 1.78353653E+00 1.78355370E+00 1.78357224E+00 1.78359224E+00 1.78361376E+00 1.78363689E+00 1.78366169E+00 1.78368829E+00 1.78371675E+00 1.78374720E+00 1.78377964E+00 1.78381416E+00 1.78385088E+00 1.78389002E+00 1.78393151E+00 1.78397539E+00 1.78402172E+00 1.78407051E+00 1.78412179E+00 1.78417557E+00 1.78423188E+00 1.78429070E+00 1.78435188E+00 1.78441530E+00 1.78448108E+00 1.78454916E+00 1.78461912E+00 1.78469059E+00 1.78476346E+00 1.78483739E+00 1.78491186E+00 1.78498605E+00 1.78505971E+00 1.78513235E+00 1.78520311E+00 1.78527050E+00 1.78533387E+00 1.78539217E+00 1.78544426E+00 1.78548794E+00 1.78552199E+00 1.78554422E+00 1.78555303E+00 1.78554539E+00 1.78551925E+00 1.78547114E+00 1.78539856E+00 1.78529700E+00 1.78516405E+00 1.78499482E+00 1.78478527E+00 1.78452781E+00 1.78421891E+00 1.78385193E+00 1.78342144E+00 1.78291801E+00 1.78233653E+00 1.78166804E+00 1.78090560E+00 1.78003520E+00 1.77904903E+00 1.77793417E+00 1.77668240E+00 1.77527670E+00 1.77370804E+00 1.77196054E+00 1.77002290E+00 1.76787420E+00 1.76550036E+00 1.76287558E+00 1.75999047E+00 1.75683154E+00 1.75337860E+00 1.74958474E+00 1.74544003E+00 1.74092122E+00 1.73600660E+00 1.73066044E+00 1.72486253E+00 1.71857487E+00 1.71177842E+00 1.70443912E+00 1.69653419E+00 1.68800935E+00 1.67882938E+00 1.66893229E+00 1.65829205E+00 1.64685818E+00 1.63458171E+00 1.62137119E+00 1.60721476E+00 1.59210884E+00 1.57590890E+00 1.55997650E+00 1.54302093E+00 1.52715494E+00 1.51035145E+00 1.49458635E+00 1.47799267E+00 1.46261643E+00 1.44642906E+00 1.43131029E+00 1.41557159E+00 1.40123603E+00 1.38628369E+00 1.37239174E+00 1.35798689E+00 1.34490266E+00 1.33144257E+00 1.31918304E+00 1.30648001E+00 1.29477558E+00 1.28273889E+00 1.27187153E+00 1.26064988E+00 1.24960044E+00 1.23825427E+00 1.22671039E+00 1.21487203E+00 1.20254906E+00 1.18963741E+00 1.17605549E+00 1.16202418E+00 1.14770908E+00 1.13278325E+00 1.11644700E+00 1.09856691E+00 1.08022383E+00 1.06063360E+00 1.03415834E+00 1.00000000E+00
1.72804621E+00 1.72805717E+00 1.72806689E+00 1.72807544E+00 1.72808289E+00 1.72808934E+00 1.72809485E+00 1.72809955E+00 1.72810348E+00 1.72810677E+00 1.72810945E+00 1.72811164E+00 1.72811337E+00 1.72811473E+00 1.72811575E+00 1.72811650E+00 1.72811701E+00 1.72811734E+00 1.72811750E+00 1.72811754E+00 1.72811748E+00 1.72811734E+00 1.72811713E+00 1.72811689E+00 1.72811661E+00 1.72811631E+00 1.72811600E+00 1.72811569E+00 1.72811538E+00 1.72811508E+00 1.72811478E+00 1.72811450E+00 1.72811423E+00 1.72811398E+00 1.72811373E+00 1.72811351E+00 1.72811330E+00 1.72811310E+00 1.72811292E+00 1.72811274E+00 1.72811258E+00 1.72811244E+00 1.72811230E+00 1.72811217E+00 1.72811205E+00 1.72811193E+00 1.72811183E+00 1.72811173E+00 1.72811165E+00 1.72811157E+00 1.72811150E+00 1.72811145E+00 1.72811140E+00 1.72811137E+00 1.72811136E+00 1.72811136E+00 1.72811139E+00 1.72811144E+00 1.72811152E+00 1.72811163E+00 1.72811178E+00 1.72811198E+00 1.72811222E+00 1.72811252E+00 1.72811288E+00 1.72811332E+00 1.72811383E+00 1.72811444E+00 1.72811515E+00 1.72811597E+00 1.72811691E+00 1.72811800E+00 1.72811925E+00 1.72812067E+00 1.72812228E+00 1.72812411E+00 1.72812616E+00 1.72812847E+00 1.72813106E+00 1.72813397E+00 1.72813720E+00 1.72814080E+00 1.72814479E+00 1.72814923E+00 1.72815414E+00 1.72815957E+00 1.72816556E+00 1.72817215E+00 1.72817939E+00 1.72818733E+00 1.72819602E+00 1.72820554E+00 1.72821592E+00 1.72822722E+00 1.72823952E+00 1.72825294E+00 1.72826750E+00 1.72828329E+00 1.72830037E+00 1.72831882E+00 1.72833870E+00 1.72836014E+00 1.72838319E+00 1.72840796E+00 1.72843449E+00 1.72846288E+00 1.72849322E+00 1.72852569E+00 1.72856027E+00 1.72859702E+00 1.72863600E+00 1.72867726E+00 1.72872083E+00 1.72876677E+00 1.72881511E+00 1.72886584E+00 1.72891889E+00 1.72897423E+00 1.72903192E+00 1.72909191E+00 1.72915389E+00 1.72921762E+00 1.72928299E+00 1.72934971E+00 1.72941742E+00 1.72948545E+00 1.72955360E+00 1.72962137E+00 1.72968806E+00 1.72975248E+00 1.72981403E+00 1.72987174E+00 1.72992464E+00 1.72997079E+00 1.73000911E+00 1.73003764E+00 1.73005493E+00 1.73005821E+00 1.73004565E+00 1.73001407E+00 1.72996119E+00 1.72988291E+00 1.72977684E+00 1.72963820E+00 1.72946338E+00 1.72924544E+00 1.72898097E+00 1.72866362E+00 1.72828824E+00 1.72784594E+00 1.72733173E+00 1.72673668E+00 1.72605403E+00 1.72527048E+00 1.72437873E+00 1.72336642E+00 1.72222519E+00 1.72093830E+00 1.71949714E+00 1.71788611E+00 1.71609337E+00 1.71409783E+00 1.71188718E+00 1.70943801E+00 1.70673876E+00 1.70377228E+00 1.70051935E+00 1.69693716E+00 1.69301612E+00 1.68873139E+00 1.68406207E+00 1.67897531E+00 1.67345002E+00 1.66744831E+00 1.66095100E+00 1.65392168E+00 1.64633762E+00 1.63814695E+00 1.62931594E+00 1.61978305E+00 1.60952672E+00 1.59850078E+00 1.58664795E+00 1.57387203E+00 1.56017493E+00 1.54557018E+00 1.52990069E+00 1.51448061E+00 1.49808201E+00 1.48276574E+00 1.46654942E+00 1.45133525E+00 1.43533919E+00 1.42054035E+00 1.40497287E+00 1.39044521E+00 1.37535560E+00 1.36164658E+00 1.34735578E+00 1.33408861E+00 1.32037063E+00 1.30794582E+00 1.29518553E+00 1.28357923E+00 1.27156547E+00 1.26050948E+00 1.24916971E+00 1.23895044E+00 1.22840514E+00 1.21804504E+00 1.20744467E+00 1.19669245E+00 1.18569151E+00 1.17426956E+00 1.16234081E+00 1.14984863E+00 1.13699351E+00 1.12387582E+00 1.11020212E+00 1.09542096E+00 1.07960781E+00 1.06343178E+00 1.04619817E+00 1.02496208E+00 1.00000000E+00
1.66929333E+00 1.66929232E+00 1.66929138E+00 1.66929049E+00 1.66928965E+00 1.66928885E+00 1.66928809E+00 1.66928738E+00 1.66928670E+00 1.66928606E+00 1.66928545E+00 1.66928488E+00 1.66928434E+00 1.66928383E+00 1.66928336E+00 1.66928292E+00 1.66928252E+00 1.66928214E+00 1.66928180E+00 1.66928148E+00 1.66928118E+00 1.66928092E+00 1.66928067E+00 1.66928045E+00 1.66928025E+00 1.66928007E+00 1.66927990E+00 1.66927975E+00 1.66927961E+00 1.66927948E+00 1.66927936E+00 1.66927925E+00 1.66927915E+00 1.66927905E+00 1.66927896E+00 1.66927887E+00 1.66927878E+00 1.66927870E+00 1.66927861E+00 1.66927853E+00 1.66927845E+00 1.66927836E+00 1.66927828E+00 1.66927819E+00 1.66927811E+00 1.66927802E+00 1.66927793E+00 1.66927784E+00 1.66927776E+00 1.66927767E+00 1.66927759E+00 1.66927751E+00 1.66927743E+00 1.66927736E+00 1.66927729E+00 1.66927724E+00 1.66927719E+00 1.66927716E+00 1.66927714E+00 1.66927715E+00 1.66927717E+00 1.66927723E+00 1.66927731E+00 1.66927743E+00 1.66927758E+00 1.66927779E+00 1.66927805E+00 1.66927836E+00 1.66927875E+00 1.66927921E+00 1.66927975E+00 1.66928040E+00 1.66928115E+00 1.66928202E+00 1.66928303E+00 1.66928419E+00 1.66928551E+00 1.66928702E+00 1.66928872E+00 1.66929066E+00 1.66929283E+00 1.66929528E+00 1.66929802E+00 1.66930109E+00 1.66930453E+00 1.66930835E+00 1.66931259E+00 1.66931730E+00 1.66932251E+00 1.66932826E+00 1.66933460E+00 1.66934159E+00 1.66934926E+00 1.66935767E+00 1.66936687E+00 1.66937696E+00 1.66938798E+00 1.66939999E+00 1.66941305E+00 1.66942725E+00 1.66944263E+00 1.66945929E+00 1.66947730E+00 1.66949676E+00 1.66951771E+00 1.66954023E+00 1.66956443E+00 1.66959045E+00 1.66961828E+00 1.66964800E+00 1.66967968E+00 1.66971337E+00 1.66974912E+00 1.66978700E+00 1.66982705E+00 1.66986927E+00 1.66991364E+00 1.66996017E+00 1.67000891E+00 1.67005981E+00 1.67011264E+00 1.67016726E+00 1.67022356E+00 1.67028132E+00 1.67034025E+00 1.67039987E+00 1.67045995E+00 1.67052004E+00 1.67057958E+00 1.67063762E+00 1.67069360E+00 1.67074665E+00 1.67079593E+00 1.67083975E+00 1.67087714E+00 1.67090639E+00 1.67092616E+00 1.67093395E+00 1.67092815E+00 1.67090584E+00 1.67086492E+00 1.67080171E+00 1.67071387E+00 1.67059684E+00 1.67044736E+00 1.67025910E+00 1.67002884E+00 1.66975055E+00 1.66941936E+00 1.66902692E+00 1.66856842E+00 1.66803514E+00 1.66742054E+00 1.66671211E+00 1.66590307E+00 1.66498162E+00 1.66393932E+00 1.66275990E+00 1.66143529E+00 1.65995019E+00 1.65829252E+00 1.65644160E+00 1.65438642E+00 1.65210537E+00 1.64958577E+00 1.64680837E+00 1.64375436E+00 1.64038462E+00 1.63669056E+00 1.63264663E+00 1.62823290E+00 1.62341900E+00 1.61818265E+00 1.61248637E+00 1.60631237E+00 1.59962417E+00 1.59239892E+00 1.58458757E+00 1.57615752E+00 1.56704984E+00 1.55724865E+00 1.54671006E+00 1.53536887E+00 1.52313345E+00 1.51002292E+00 1.49606176E+00 1.48107901E+00 1.46633592E+00 1.45068457E+00 1.43610285E+00 1.42066838E+00 1.40619308E+00 1.39100345E+00 1.37698248E+00 1.36224003E+00 1.34848996E+00 1.33425795E+00 1.32137717E+00 1.30795107E+00 1.29548796E+00 1.28264602E+00 1.27105837E+00 1.25918380E+00 1.24840202E+00 1.23724575E+00 1.22698729E+00 1.21650579E+00 1.20708646E+00 1.19736797E+00 1.18783999E+00 1.17813778E+00 1.16834176E+00 1.15834495E+00 1.14798566E+00 1.13718907E+00 1.12592698E+00 1.11441428E+00 1.10271055E+00 1.09055915E+00 1.07761418E+00 1.06401732E+00 1.05020763E+00 1.03579742E+00 1.01902087E+00 1.00000000E+00
1.60531803E+00 1.60531817E+00 1.60531831E+00 1.60531843E+00 1.60531854E+00 1.60531865E+00 1.60531875E+00 1.60531884E+00 1.60531892E+00 1.60531900E+00 1.60531907E+00 1.60531913E+00 1.60531919E+00 1.60531925E+00 1.60531929E+00 1.60531934E+00 1.60531938E+00 1.60531941E+00 1.60531944E+00 1.60531947E+00 1.60531949E+00 1.60531951E+00 1.60531952E+00 1.60531954E+00 1.60531955E+00 1.60531955E+00 1.60531955E+00 1.60531955E+00 1.60531955E+00 1.60531954E+00 1.60531953E+00 1.60531952E+00 1.60531950E+00 1.60531948E+00 1.60531946E+00 1.60531943E+00 1.60531940E+00 1.60531937E+00 1.60531933E+00 1.60531929E+00 1.60531925E+00 1.60531921E+00 1.60531916E+00 1.60531911E+00 1.60531905E+00 1.60531899E+00 1.60531894E+00 1.60531887E+00 1.60531881E+00 1.60531874E+00 1.60531868E+00 1.60531861E+00 1.60531854E+00 1.60531848E+00 1.60531841E+00 1.60531835E+00 1.60531830E+00 1.60531825E+00 1.60531820E+00 1.60531817E+00 1.60531814E+00 1.60531813E+00 1.60531814E+00 1.60531816E+00 1.60531821E+00 1.60531828E+00 1.60531839E+00 1.60531853E+00 1.60531871E+00 1.60531894E+00 1.60531922E+00 1.60531956E+00 1.60531997E+00 1.60532047E+00 1.60532104E+00 1.60532172E+00 1.60532251E+00 1.60532342E+00 1.60532447E+00 1.60532567E+00 1.60532705E+00 1.60532861E+00 1.60533038E+00 1.60533238E+00 1.60533464E+00 1.60533718E+00 1.60534002E+00 1.60534321E+00 1.60534676E+00 1.60535071E+00 1.60535510E+00 1.60535997E+00 1.60536536E+00 1.60537131E+00 1.60537787E+00 1.60538511E+00 1.60539305E+00 1.60540177E+00 1.60541131E+00 1.60542174E+00 1.60543310E+00 1.60544549E+00 1.60545895E+00 1.60547357E+00 1.60548939E+00 1.60550651E+00 1.60552499E+00 1.60554495E+00 1.60556641E+00 1.60558944E+00 1.60561410E+00 1.60564046E+00 1.60566857E+00 1.60569850E+00 1.60573029E+00 1.60576395E+00 1.60579950E+00 1.60583695E+00 1.60587636E+00 1.60591766E+00 1.60596070E+00 1.60600540E+00 1.60605167E+00 1.60609933E+00 1.60614817E+00 1.60619780E+00 1.60624803E+00 1.60629843E+00 1.60634858E+00 1.60639769E+00 1.60644528E+00 1.60649056E+00 1.60653281E+00 1.60657053E+00 1.60660292E+00 1.60662846E+00 1.60664592E+00 1.60665309E+00 1.60664853E+00 1.60662961E+00 1.60659438E+00 1.60653956E+00 1.60646294E+00 1.60636021E+00 1.60622844E+00 1.60606191E+00 1.60585765E+00 1.60560996E+00 1.60531429E+00 1.60496291E+00 1.60455124E+00 1.60407092E+00 1.60351566E+00 1.60287386E+00 1.60213936E+00 1.60130099E+00 1.60035024E+00 1.59927163E+00 1.59805779E+00 1.59669385E+00 1.59516768E+00 1.59345959E+00 1.59155977E+00 1.58944835E+00 1.58711218E+00 1.58453114E+00 1.58168649E+00 1.57854301E+00 1.57509363E+00 1.57131284E+00 1.56718194E+00 1.56267293E+00 1.55776254E+00 1.55241480E+00 1.54661423E+00 1.54032626E+00 1.53352782E+00 1.52617359E+00 1.51823125E+00 1.50964643E+00 1.50041148E+00 1.49048387E+00 1.47978893E+00 1.46824706E+00 1.45590030E+00 1.44277699E+00 1.42868831E+00 1.41483242E+00 1.40016494E+00 1.38654213E+00 1.37211884E+00 1.35859850E+00 1.34445112E+00 1.33142999E+00 1.31773385E+00 1.30496167E+00 1.29181254E+00 1.27997174E+00 1.26761544E+00 1.25613463E+00 1.24435590E+00 1.23377923E+00 1.22297092E+00 1.21317853E+00 1.20303526E+00 1.19371146E+00 1.18423723E+00 1.17575316E+00 1.16699022E+00 1.15841639E+00 1.14974761E+00 1.14105466E+00 1.13220382E+00 1.12304023E+00 1.11349656E+00 1.10358099E+00 1.09355115E+00 1.08343520E+00 1.07301162E+00 1.06206237E+00 1.05067263E+00 1.03920079E+00 1.02753169E+00 1.01449314E+00 1.00000000E+00
1.53071920E+00 1.53071920E+00 1.53071920E+00 1.53071920E+00 1.53071921E+00 1.53071921E+00 1.53071921E+00 1.53071921E+00 1.53071921E+00 1.53071921E+00 1.53071921E+00 1.53071921E+00 1.53071920E+00 1.53071920E+00 1.53071920E+00 1.53071920E+00 1.53071920E+00 1.53071919E+00 1.53071919E+00 1.53071918E+00 1.53071918E+00 1.53071917E+00 1.53071917E+00 1.53071916E+00 1.53071916E+00 1.53071915E+00 1.53071914E+00 1.53071913E+00 1.53071912E+00 1.53071911E+00 1.53071909E+00 1.53071908E+00 1.53071906E+00 1.53071905E+00 1.53071903E+00 1.53071901E+00 1.53071899E+00 1.53071896E+00 1.53071894E+00 1.53071891E+00 1.53071888E+00 1.53071885E+00 1.53071882E+00 1.53071879E+00 1.53071875E+00 1.53071871E+00 1.53071867E+00 1.53071863E+00 1.53071858E+00 1.53071853E+00 1.53071849E+00 1.53071844E+00 1.53071838E+00 1.53071833E+00 1.53071828E+00 1.53071823E+00 1.53071817E+00 1.53071812E+00 1.53071807E+00 1.53071803E+00 1.53071798E+00 1.53071795E+00 1.53071792E+00 1.53071790E+00 1.53071789E+00 1.53071789E+00 1.53071791E+00 1.53071794E+00 1.53071800E+00 1.53071808E+00 1.53071819E+00 1.53071834E+00 1.53071852E+00 1.53071875E+00 1.53071902E+00 1.53071936E+00 1.53071976E+00 1.53072024E+00 1.53072080E+00 1.53072145E+00 1.53072221E+00 1.53072309E+00 1.53072410E+00 1.53072526E+00 1.53072658E+00 1.53072809E+00 1.53072979E+00 1.53073172E+00 1.53073390E+00 1.53073634E+00 1.53073908E+00 1.53074215E+00 1.53074558E+00 1.53074939E+00 1.53075363E+00 1.53075834E+00 1.53076356E+00 1.53076932E+00 1.53077567E+00 1.53078266E+00 1.53079034E+00 1.53079876E+00 1.53080796E+00 1.53081803E+00 1.53082899E+00 1.53084092E+00 1.53085388E+00 1.53086796E+00 1.53088316E+00 1.53089958E+00 1.53091726E+00 1.53093625E+00 1.53095662E+00 1.53097841E+00 1.53100166E+00 1.53102641E+00 1.53105266E+00 1.53108045E+00 1.53110982E+00 1.53114069E+00 1.53117299E+00 1.53120668E+00 1.53124167E+00 1.53127782E+00 1.53131498E+00 1.53135286E+00 1.53139128E+00 1.53142986E+00 1.53146830E+00 1.53150598E+00 1.53154248E+00 1.53157710E+00 1.53160924E+00 1.53163764E+00 1.53166163E+00 1.53167993E+00 1.53169144E+00 1.53169426E+00 1.53168716E+00 1.53166783E+00 1.53163453E+00 1.53158445E+00 1.53151554E+00 1.53142391E+00 1.53130697E+00 1.53115974E+00 1.53097961E+00 1.53076138E+00 1.53050093E+00 1.53019133E+00 1.52982839E+00 1.52940438E+00 1.52891340E+00 1.52834513E+00 1.52769422E+00 1.52695039E+00 1.52610518E+00 1.52514452E+00 1.52406204E+00 1.52284368E+00 1.52147752E+00 1.51994577E+00 1.51824005E+00 1.51634245E+00 1.51423995E+00 1.51191297E+00 1.50934283E+00 1.50649887E+00 1.50337614E+00 1.49994980E+00 1.49620296E+00 1.49211029E+00 1.48764810E+00 1.48278329E+00 1.47750357E+00 1.47177815E+00 1.46558370E+00 1.45888010E+00 1.45163349E+00 1.44379616E+00 1.43537273E+00 1.42632142E+00 1.41655492E+00 1.40601224E+00 1.39476560E+00 1.38283750E+00 1.37001720E+00 1.35741592E+00 1.34412927E+00 1.33183022E+00 1.31878706E+00 1.30656499E+00 1.29382557E+00 1.28214132E+00 1.26982844E+00 1.25834479E+00 1.24661746E+00 1.23611958E+00 1.22512803E+00 1.21489802E+00 1.20446298E+00 1.19514922E+00 1.18566168E+00 1.17708642E+00 1.16817507E+00 1.15999044E+00 1.15173840E+00 1.14437638E+00 1.13675127E+00 1.12931095E+00 1.12186873E+00 1.11447263E+00 1.10694264E+00 1.09914400E+00 1.09101697E+00 1.08260894E+00 1.07423379E+00 1.06587488E+00 1.05732106E+00 1.04843889E+00 1.03920933E+00 1.02997183E+00 1.02085945E+00 1.01098020E+00 1.00000000E+00
1.43557492E+00 1.43559103E+00 1.43560563E+00 1.43561888E+00 1.43563086E+00 1.43564173E+00 1.43565156E+00 1.43566047E+00 1.43566853E+00 1.43567583E+00 1.43568242E+00 1.43568840E+00 1.43569379E+00 1.43569867E+00 1.43570308E+00 1.43570707E+00 1.43571067E+00 1.43571392E+00 1.43571686E+00 1.43571951E+00 1.43572190E+00 1.43572406E+00 1.43572601E+00 1.43572777E+00 1.43572935E+00 1.43573078E+00 1.43573207E+00 1.43573323E+00 1.43573427E+00 1.43573522E+00 1.43573606E+00 1.43573683E+00 1.43573751E+00 1.43573813E+00 1.43573869E+00 1.43573919E+00 1.43573963E+00 1.43574004E+00 1.43574040E+00 1.43574072E+00 1.43574101E+00 1.43574127E+00 1.43574150E+00 1.43574170E+00 1.43574188E+00 1.43574205E+00 1.43574219E+00 1.43574231E+00 1.43574242E+00 1.43574252E+00 1.43574260E+00 1.43574267E+00 1.43574273E+00 1.43574278E+00 1.43574282E+00 1.43574285E+00 1.43574288E+00 1.43574290E+00 1.43574292E+00 1.43574293E+00 1.43574293E+00 1.43574294E+00 1.43574294E+00 1.43574295E+00 1.43574295E+00 1.43574296E+00 1.43574296E+00 1.43574298E+00 1.43574300E+00 1.43574303E+00 1.43574306E+00 1.43574312E+00 1.43574318E+00 1.43574327E+00 1.43574337E+00 1.43574351E+00 1.43574367E+00 1.43574386E+00 1.43574410E+00 1.43574438E+00 1.43574471E+00 1.43574509E+00 1.43574555E+00 1.43574608E+00 1.43574669E+00 1.43574739E+00 1.43574820E+00 1.43574913E+00 1.43575019E+00 1.43575139E+00 1.43575275E+00 1.43575430E+00 1.43575603E+00 1.43575799E+00 1.43576018E+00 1.43576264E+00 1.43576538E+00 1.43576844E+00 1.43577184E+00 1.43577561E+00 1.43577978E+00 1.43578438E+00 1.43578946E+00 1.43579505E+00 1.43580117E+00 1.43580789E+00 1.43581522E+00 1.43582323E+00 1.43583193E+00 1.43584138E+00 1.43585161E+00 1.43586266E+00 1.43587456E+00 1.43588735E+00 1.43590106E+00 1.43591570E+00 1.43593129E+00 1.43594785E+00 1.43596538E+00 1.43598383E+00 1.43600315E+00 1.43602333E+00 1.43604430E+00 1.43606592E+00 1.43608812E+00 1.43611066E+00 1.43613339E+00 1.43615600E+00 1.43617831E+00 1.43619986E+00 1.43622029E+00 1.43623906E+00 1.43625567E+00 1.43626916E+00 1.43627906E+00 1.43628434E+00 1.43628411E+00 1.43627691E+00 1.43626175E+00 1.43623679E+00 1.43620061E+00 1.43615104E+00 1.43608636E+00 1.43600333E+00 1.43589982E+00 1.43577196E+00 1.43561775E+00 1.43543280E+00 1.43521368E+00 1.43495481E+00 1.43465262E+00 1.43430062E+00 1.43389357E+00 1.43342324E+00 1.43288555E+00 1.43227172E+00 1.43157368E+00 1.43077984E+00 1.42988564E+00 1.42887855E+00 1.42774733E+00 1.42647756E+00 1.42506301E+00 1.42348831E+00 1.42174112E+00 1.41980471E+00 1.41766111E+00 1.41528518E+00 1.41267481E+00 1.40980654E+00 1.40666609E+00 1.40323211E+00 1.39948128E+00 1.39538496E+00 1.39093510E+00 1.38610665E+00 1.38087623E+00 1.37521118E+00 1.36907305E+00 1.36242340E+00 1.35528428E+00 1.34761371E+00 1.33930940E+00 1.33033448E+00 1.32079617E+00 1.31069755E+00 1.29980859E+00 1.28910432E+00 1.27787111E+00 1.26750103E+00 1.25645522E+00 1.24610618E+00 1.23537356E+00 1.22556693E+00 1.21518529E+00 1.20550337E+00 1.19573196E+00 1.18703375E+00 1.17786367E+00 1.16931821E+00 1.16066977E+00 1.15300002E+00 1.14520595E+00 1.13817685E+00 1.13082749E+00 1.12409718E+00 1.11738057E+00 1.11140724E+00 1.10519576E+00 1.09916194E+00 1.09321153E+00 1.08734741E+00 1.08134440E+00 1.07512131E+00 1.06863563E+00 1.06196366E+00 1.05544699E+00 1.04901047E+00 1.04244761E+00 1.03569838E+00 1.02866128E+00 1.02165972E+00 1.01498050E+00 1.00792492E+00 1.00000000E+00
1.30972709E+00 1.30976501E+00 1.30979992E+00 1.30983213E+00 1.30986177E+00 1.30988909E+00 1.30991423E+00 1.30993741E+00 1.30995872E+00 1.30997836E+00 1.30999642E+00 1.31001305E+00 1.31002835E+00 1.31004243E+00 1.31005537E+00 1.31006729E+00 1.31007824E+00 1.31008832E+00 1.31009757E+00 1.31010609E+00 1.31011392E+00 1.31012112E+00 1.31012773E+00 1.31013381E+00 1.31013939E+00 1.31014452E+00 1.31014923E+00 1.31015356E+00 1.31015754E+00 1.31016119E+00 1.31016455E+00 1.31016763E+00 1.31017045E+00 1.31017305E+00 1.31017543E+00 1.31017762E+00 1.31017963E+00 1.31018147E+00 1.31018316E+00 1.31018471E+00 1.31018613E+00 1.31018744E+00 1.31018864E+00 1.31018974E+00 1.31019074E+00 1.31019166E+00 1.31019251E+00 1.31019328E+00 1.31019399E+00 1.31019464E+00 1.31019524E+00 1.31019578E+00 1.31019628E+00 1.31019674E+00 1.31019715E+00 1.31019753E+00 1.31019788E+00 1.31019820E+00 1.31019849E+00 1.31019875E+00 1.31019899E+00 1.31019921E+00 1.31019940E+00 1.31019958E+00 1.31019974E+00 1.31019989E+00 1.31020002E+00 1.31020014E+00 1.31020025E+00 1.31020035E+00 1.31020044E+00 1.31020052E+00 1.31020059E+00 1.31020066E+00 1.31020073E+00 1.31020079E+00 1.31020084E+00 1.31020090E+00 1.31020096E+00 1.31020101E+00 1.31020107E+00 1.31020114E+00 1.31020121E+00 1.31020129E+00 1.31020138E+00 1.31020148E+00 1.31020160E+00 1.31020174E+00 1.31020190E+00 1.31020208E+00 1.31020229E+00 1.31020253E+00 1.31020280E+00 1.31020312E+00 1.31020348E+00 1.31020389E+00 1.31020435E+00 1.31020487E+00 1.31020547E+00 1.31020613E+00 1.31020687E+00 1.31020770E+00 1.31020863E+00 1.31020965E+00 1.31021078E+00 1.31021203E+00 1.31021339E+00 1.31021487E+00 1.31021648E+00 1.31021823E+00 1.31022011E+00 1.31022214E+00 1.31022430E+00 1.31022658E+00 1.31022899E+00 1.31023151E+00 1.31023413E+00 1.31023683E+00 1.31023955E+00 1.31024223E+00 1.31024489E+00 1.31024744E+00 1.31024980E+00 1.31025188E+00 1.31025362E+00 1.31025484E+00 1.31025535E+00 1.31025496E+00 1.31025362E+00 1.31025100E+00 1.31024682E+00 1.31024071E+00 1.31023227E+00 1.31022098E+00 1.31020658E+00 1.31018832E+00 1.31016566E+00 1.31013774E+00 1.31010389E+00 1.31006291E+00 1.31001387E+00 1.30995556E+00 1.30988681E+00 1.30980542E+00 1.30970996E+00 1.30959815E+00 1.30946899E+00 1.30931939E+00 1.30914716E+00 1.30894883E+00 1.30872190E+00 1.30846214E+00 1.30816548E+00 1.30782696E+00 1.30744469E+00 1.30701247E+00 1.30652317E+00 1.30596954E+00 1.30535018E+00 1.30465558E+00 1.30387576E+00 1.30300204E+00 1.30203173E+00 1.30095282E+00 1.29975425E+00 1.29842624E+00 1.29695391E+00 1.29531864E+00 1.29352179E+00 1.29154236E+00 1.28937009E+00 1.28699061E+00 1.28438260E+00 1.28152399E+00 1.27841166E+00 1.27502754E+00 1.27135021E+00 1.26735765E+00 1.26300657E+00 1.25827136E+00 1.25318904E+00 1.24771745E+00 1.24175171E+00 1.23527924E+00 1.22842179E+00 1.22115165E+00 1.21325565E+00 1.20547668E+00 1.19733624E+00 1.18981447E+00 1.18173753E+00 1.17417167E+00 1.16636177E+00 1.15923778E+00 1.15163650E+00 1.14455894E+00 1.13750592E+00 1.13123041E+00 1.12454817E+00 1.11833635E+00 1.11210190E+00 1.10658620E+00 1.10097039E+00 1.09591542E+00 1.09059294E+00 1.08574985E+00 1.08096503E+00 1.07671502E+00 1.07228179E+00 1.06799891E+00 1.06382459E+00 1.05971227E+00 1.05544965E+00 1.05104598E+00 1.04648201E+00 1.04181807E+00 1.03734502E+00 1.03293962E+00 1.02843162E+00 1.02384405E+00 1.01906411E+00 1.01433656E+00 1.00996033E+00 1.00535702E+00 1.00000000E+00
1.89377293E+00 1.90196073E+00 1.90946668E+00 1.91628770E+00 1.92240809E+00 1.92785881E+00 1.93269914E+00 1.93701568E+00 1.94084253E+00 1.94421813E+00 1.94715244E+00 1.94968789E+00 1.95187194E+00 1.95377856E+00 1.95542548E+00 1.95680906E+00 1.95788911E+00 1.95862877E+00 1.95905133E+00 1.95923084E+00 1.95925046E+00 1.95921748E+00 1.95916013E+00 1.95910685E+00 1.95904715E+00 1.95898042E+00 1.95891067E+00 1.95884760E+00 1.95879558E+00 1.95875728E+00 1.95872992E+00 1.95871059E+00 1.95869799E+00 1.95869072E+00 1.95868822E+00 1.95868907E+00 1.95869240E+00 1.95869701E+00 1.95870272E+00 1.95870922E+00 1.95871650E+00 1.95872439E+00 1.95873270E+00 1.95874107E+00 1.95874932E+00 1.95875718E+00 1.95876454E+00 1.95877128E+00 1.95877743E+00 1.95878298E+00 1.95878802E+00 1.95879267E+00 1.95879701E+00 1.95880117E+00 1.95880522E+00 1.95880924E+00 1.95881327E+00 1.95881735E+00 1.95882151E+00 1.95882579E+00 1.95883021E+00 1.95883480E+00 1.95883956E+00 1.95884451E+00 1.95884967E+00 1.95885505E+00 1.95886067E+00 1.95886657E+00 1.95887276E+00 1.95887923E+00 1.95888603E+00 1.95889321E+00 1.95890080E+00 1.95890885E+00 1.95891739E+00 1.95892647E+00 1.95893613E+00 1.95894642E+00 1.95895741E+00 1.95896921E+00 1.95898182E+00 1.95899528E+00 1.95900968E+00 1.95902519E+00 1.95904184E+00 1.95905972E+00 1.95907888E+00 1.95909945E+00 1.95912145E+00 1.95914497E+00 1.95917013E+00 1.95919711E+00 1.95922588E+00 1.95925645E+00 1.95928900E+00 1.95932381E+00 1.95936087E+00 1.95940024E+00 1.95944199E+00 1.95948621E+00 1.95953291E+00 1.95958220E+00 1.95963422E+00 1.95968910E+00 1.95974671E+00 1.95980696E+00 1.95987010E+00 1.95993644E+00 1.96000576E+00 1.96007795E+00 1.96015296E+00 1.96023070E+00 1.96031103E+00 1.96039376E+00 1.96047893E+00 1.96056637E+00 1.96065557E+00 1.96074599E+00 1.96083786E+00 1.96093101E+00 1.96102453E+00 1.96111749E+00 1.96120975E+00 1.96130078E+00 1.96138935E+00 1.96147351E+00 1.96155314E+00 1.96162779E+00 1.96169574E+00 1.96175411E+00 1.96180215E+00 1.96183850E+00 1.96186119E+00 1.96186676E+00 1.96185349E+00 1.96181808E+00 1.96175842E+00 1.96167033E+00 1.96155102E+00 1.96139593E+00 1.96120120E+00 1.96096020E+00 1.96067077E+00 1.96032798E+00 1.95992597E+00 1.95945441E+00 1.95890928E+00 1.95828275E+00 1.95756819E+00 1.95675383E+00 1.95583416E+00 1.95480017E+00 1.95364436E+00 1.95235048E+00 1.95090882E+00 1.94930414E+00 1.94752819E+00 1.94556258E+00 1.94339622E+00 1.94101131E+00 1.93840123E+00 1.93555045E+00 1.93243392E+00 1.92901015E+00 1.92528123E+00 1.92125308E+00 1.91690002E+00 1.91215934E+00 1.90702088E+00 1.90146801E+00 1.89548233E+00 1.88902468E+00 1.88206506E+00 1.87455072E+00 1.86647524E+00 1.85782721E+00 1.84857854E+00 1.83866502E+00 1.82805137E+00 1.81668833E+00 1.80452807E+00 1.79147435E+00 1.77751436E+00 1.76262789E+00 1.74676454E+00 1.72983998E+00 1.71174872E+00 1.69406954E+00 1.67530431E+00 1.65770606E+00 1.63908429E+00 1.62168459E+00 1.60339800E+00 1.58643743E+00 1.56856805E+00 1.55186895E+00 1.53445417E+00 1.51854590E+00 1.50195406E+00 1.48653408E+00 1.47047281E+00 1.45580949E+00 1.44068170E+00 1.42687785E+00 1.41256008E+00 1.39936409E+00 1.38573843E+00 1.37338469E+00 1.36062078E+00 1.34803559E+00 1.33504474E+00 1.32173402E+00 1.30801073E+00 1.29368591E+00 1.27862708E+00 1.26270833E+00 1.24619260E+00 1.22932943E+00 1.21155248E+00 1.19166457E+00 1.16973729E+00 1.14852596E+00 1.12898875E+00 1.08892543E+00 1.00000000E+00
1.89862365E+00 1.90268095E+00 1.90629103E+00 1.90951840E+00 1.91239609E+00 1.91496256E+00 1.91722546E+00 1.91920938E+00 1.92093740E+00 1.92245055E+00 1.92376480E+00 1.92489123E+00 1.92581729E+00 1.92653284E+00 1.92704876E+00 1.92740104E+00 1.92763045E+00 1.92779256E+00 1.92790581E+00 1.92799164E+00 1.92804985E+00 1.92808776E+00 1.92811053E+00 1.92812722E+00 1.92814012E+00 1.92815098E+00 1.92815854E+00 1.92816298E+00 1.92816577E+00 1.92816929E+00 1.92817440E+00 1.92818161E+00 1.92819025E+00 1.92819961E+00 1.92820939E+00 1.92821926E+00 1.92822916E+00 1.92823888E+00 1.92824835E+00 1.92825745E+00 1.92826619E+00 1.92827455E+00 1.92828254E+00 1.92829017E+00 1.92829744E+00 1.92830437E+00 1.92831096E+00 1.92831721E+00 1.92832313E+00 1.92832869E+00 1.92833391E+00 1.92833877E+00 1.92834329E+00 1.92834747E+00 1.92835133E+00 1.92835489E+00 1.92835819E+00 1.92836124E+00 1.92836409E+00 1.92836678E+00 1.92836936E+00 1.92837188E+00 1.92837437E+00 1.92837690E+00 1.92837950E+00 1.92838223E+00 1.92838514E+00 1.92838828E+00 1.92839170E+00 1.92839543E+00 1.92839952E+00 1.92840404E+00 1.92840904E+00 1.92841455E+00 1.92842063E+00 1.92842732E+00 1.92843466E+00 1.92844271E+00 1.92845152E+00 1.92846117E+00 1.92847167E+00 1.92848308E+00 1.92849545E+00 1.92850892E+00 1.92852352E+00 1.92853932E+00 1.92855636E+00 1.92857475E+00 1.92859451E+00 1.92861575E+00 1.92863855E+00 1.92866303E+00 1.92868920E+00 1.92871712E+00 1.92874692E+00 1.92877882E+00 1.92881282E+00 1.92884900E+00 1.92888741E+00 1.92892815E+00 1.92897125E+00 1.92901683E+00 1.92906499E+00 1.92911581E+00 1.92916923E+00 1.92922526E+00 1.92928409E+00 1.92934591E+00 1.92941057E+00 1.92947798E+00 1.92954811E+00 1.92962088E+00 1.92969618E+00 1.92977391E+00 1.92985402E+00 1.92993628E+00 1.93002031E+00 1.93010578E+00 1.93019275E+00 1.93028092E+00 1.93036952E+00 1.93045783E+00 1.93054553E+00 1.93063197E+00 1.93071618E+00 1.93079658E+00 1.93087283E+00 1.93094411E+00 1.93100899E+00 1.93106501E+00 1.93111124E+00 1.93114610E+00 1.93116777E+00 1.93117300E+00 1.93116012E+00 1.93112591E+00 1.93106821E+00 1.93098283E+00 1.93086699E+00 1.93071608E+00 1.93052669E+00 1.93029283E+00 1.93001168E+00 1.92967738E+00 1.92928465E+00 1.92882392E+00 1.92829094E+00 1.92767768E+00 1.92697769E+00 1.92617965E+00 1.92527783E+00 1.92426253E+00 1.92312595E+00 1.92185188E+00 1.92043115E+00 1.91884898E+00 1.91709677E+00 1.91515617E+00 1.91301703E+00 1.91066219E+00 1.90808144E+00 1.90525464E+00 1.90216335E+00 1.89877534E+00 1.89508515E+00 1.89108659E+00 1.88675769E+00 1.88204404E+00 1.87693557E+00 1.87141222E+00 1.86545159E+00 1.85901272E+00 1.85207424E+00 1.84459489E+00 1.83655917E+00 1.82794114E+00 1.81871551E+00 1.80882341E+00 1.79822901E+00 1.78687536E+00 1.77472460E+00 1.76170412E+00 1.74778466E+00 1.73290851E+00 1.71704053E+00 1.70013454E+00 1.68206669E+00 1.66438558E+00 1.64561099E+00 1.62803024E+00 1.60943989E+00 1.59205999E+00 1.57378541E+00 1.55684009E+00 1.53901235E+00 1.52238474E+00 1.50505094E+00 1.48920960E+00 1.47269427E+00 1.45737077E+00 1.44144033E+00 1.42691778E+00 1.41194769E+00 1.39829599E+00 1.38415091E+00 1.37112891E+00 1.35770186E+00 1.34554324E+00 1.33298739E+00 1.32061435E+00 1.30786155E+00 1.29482739E+00 1.28141662E+00 1.26743432E+00 1.25275527E+00 1.23724702E+00 1.22115308E+00 1.20473622E+00 1.18754762E+00 1.16841635E+00 1.14708578E+00 1.12591400E+00 1.10580293E+00 1.06936575E+00 1.00000000E+00
1.87321334E+00 1.87436224E+00 1.87536179E+00 1.87623209E+00 1.87698326E+00 1.87763036E+00 1.87817698E+00 1.87862779E+00 1.87898238E+00 1.87924417E+00 1.87942163E+00 1.87953417E+00 1.87960005E+00 1.87964618E+00 1.87968263E+00 1.87972083E+00 1.87975876E+00 1.87979516E+00 1.87982853E+00 1.87985905E+00 1.87988821E+00 1.87991768E+00 1.87994782E+00 1.87997887E+00 1.88001060E+00 1.88004288E+00 1.88007560E+00 1.88010845E+00 1.88014105E+00 1.88017284E+00 1.88020352E+00 1.88023274E+00 1.88026039E+00 1.88028630E+00 1.88031036E+00 1.88033237E+00 1.88035220E+00 1.88036968E+00 1.88038475E+00 1.88039737E+00 1.88040757E+00 1.88041549E+00 1.88042126E+00 1.88042513E+00 1.88042729E+00 1.88042804E+00 1.88042759E+00 1.88042626E+00 1.88042420E+00 1.88042171E+00 1.88041890E+00 1.88041601E+00 1.88041310E+00 1.88041033E+00 1.88040775E+00 1.88040544E+00 1.88040343E+00 1.88040175E+00 1.88040041E+00 1.88039942E+00 1.88039878E+00 1.88039850E+00 1.88039855E+00 1.88039895E+00 1.88039969E+00 1.88040076E+00 1.88040218E+00 1.88040395E+00 1.88040608E+00 1.88040858E+00 1.88041145E+00 1.88041475E+00 1.88041849E+00 1.88042270E+00 1.88042741E+00 1.88043264E+00 1.88043844E+00 1.88044484E+00 1.88045189E+00 1.88045965E+00 1.88046813E+00 1.88047738E+00 1.88048747E+00 1.88049850E+00 1.88051048E+00 1.88052350E+00 1.88053760E+00 1.88055286E+00 1.88056932E+00 1.88058708E+00 1.88060621E+00 1.88062681E+00 1.88064891E+00 1.88067259E+00 1.88069796E+00 1.88072520E+00 1.88075431E+00 1.88078539E+00 1.88081849E+00 1.88085371E+00 1.88089111E+00 1.88093080E+00 1.88097285E+00 1.88101737E+00 1.88106432E+00 1.88111377E+00 1.88116587E+00 1.88122077E+00 1.88127835E+00 1.88133859E+00 1.88140147E+00 1.88146694E+00 1.88153496E+00 1.88160544E+00 1.88167833E+00 1.88175344E+00 1.88183051E+00 1.88190929E+00 1.88198981E+00 1.88207174E+00 1.88215445E+00 1.88223735E+00 1.88232014E+00 1.88240216E+00 1.88248263E+00 1.88256027E+00 1.88263466E+00 1.88270489E+00 1.88276973E+00 1.88282710E+00 1.88287605E+00 1.88291495E+00 1.88294221E+00 1.88295483E+00 1.88295121E+00 1.88292835E+00 1.88288413E+00 1.88281456E+00 1.88271701E+00 1.88258709E+00 1.88242164E+00 1.88221504E+00 1.88196426E+00 1.88166319E+00 1.88130699E+00 1.88088676E+00 1.88039823E+00 1.87983341E+00 1.87918606E+00 1.87844530E+00 1.87760532E+00 1.87665599E+00 1.87558950E+00 1.87439003E+00 1.87304892E+00 1.87155188E+00 1.86989005E+00 1.86804497E+00 1.86600686E+00 1.86375879E+00 1.86128907E+00 1.85857589E+00 1.85560406E+00 1.85234568E+00 1.84879116E+00 1.84492751E+00 1.84073470E+00 1.83616359E+00 1.83120366E+00 1.82583179E+00 1.82002561E+00 1.81374697E+00 1.80697618E+00 1.79967450E+00 1.79182281E+00 1.78338804E+00 1.77434628E+00 1.76464193E+00 1.75423983E+00 1.74307911E+00 1.73112824E+00 1.71832835E+00 1.70463781E+00 1.68997415E+00 1.67431557E+00 1.65764731E+00 1.63983009E+00 1.62237185E+00 1.60383070E+00 1.58649550E+00 1.56817304E+00 1.55103239E+00 1.53301132E+00 1.51631754E+00 1.49877175E+00 1.48242074E+00 1.46539146E+00 1.44984994E+00 1.43365855E+00 1.41864952E+00 1.40307830E+00 1.38891305E+00 1.37433198E+00 1.36105066E+00 1.34730235E+00 1.33465241E+00 1.32162949E+00 1.30985520E+00 1.29770476E+00 1.28574539E+00 1.27344385E+00 1.26089723E+00 1.24801506E+00 1.23460891E+00 1.22056397E+00 1.20576478E+00 1.19042745E+00 1.17476676E+00 1.15844377E+00 1.14048157E+00 1.12054750E+00 1.10024530E+00 1.07955074E+00 1.04795483E+00 1.00000000E+00
1.81635772E+00 1.81642395E+00 1.81647170E+00 1.81650726E+00 1.81653508E+00 1.81656157E+00 1.81658875E+00 1.81661924E+00 1.81665273E+00 1.81668889E+00 1.81672674E+00 1.81676487E+00 1.81680236E+00 1.81683793E+00 1.81687126E+00 1.81690194E+00 1.81693018E+00 1.81695621E+00 1.81698026E+00 1.81700263E+00 1.81702343E+00 1.81704284E+00 1.81706089E+00 1.81707765E+00 1.81709309E+00 1.81710724E+00 1.81712010E+00 1.81713175E+00 1.81714226E+00 1.81715177E+00 1.81716039E+00 1.81716824E+00 1.81717538E+00 1.81718188E+00 1.81718778E+00 1.81719313E+00 1.81719796E+00 1.81720234E+00 1.81720630E+00 1.81720989E+00 1.81721314E+00 1.81721608E+00 1.81721874E+00 1.81722115E+00 1.81722333E+00 1.81722531E+00 1.81722710E+00 1.81722874E+00 1.81723022E+00 1.81723158E+00 1.81723282E+00 1.81723398E+00 1.81723505E+00 1.81723605E+00 1.81723700E+00 1.81723792E+00 1.81723881E+00 1.81723970E+00 1.81724058E+00 1.81724149E+00 1.81724244E+00 1.81724344E+00 1.81724450E+00 1.81724565E+00 1.81724690E+00 1.81724828E+00 1.81724978E+00 1.81725145E+00 1.81725330E+00 1.81725535E+00 1.81725762E+00 1.81726015E+00 1.81726296E+00 1.81726608E+00 1.81726953E+00 1.81727336E+00 1.81727758E+00 1.81728224E+00 1.81728738E+00 1.81729304E+00 1.81729925E+00 1.81730606E+00 1.81731351E+00 1.81732168E+00 1.81733061E+00 1.81734036E+00 1.81735097E+00 1.81736251E+00 1.81737503E+00 1.81738862E+00 1.81740332E+00 1.81741924E+00 1.81743642E+00 1.81745494E+00 1.81747488E+00 1.81749639E+00 1.81751951E+00 1.81754431E+00 1.81757086E+00 1.81759926E+00 1.81762958E+00 1.81766192E+00 1.81769636E+00 1.81773299E+00 1.81777184E+00 1.81781299E+00 1.81785655E+00 1.81790267E+00 1.81795128E+00 1.81800241E+00 1.81805605E+00 1.81811221E+00 1.81817087E+00 1.81823202E+00 1.81829561E+00 1.81836151E+00 1.81842956E+00 1.81849962E+00 1.81857168E+00 1.81864547E+00 1.81872049E+00 1.81879632E+00 1.81887268E+00 1.81894902E+00 1.81902473E+00 1.81909879E+00 1.81917079E+00 1.81923987E+00 1.81930501E+00 1.81936450E+00 1.81941744E+00 1.81946234E+00 1.81949780E+00 1.81952118E+00 1.81953101E+00 1.81952459E+00 1.81949995E+00 1.81945344E+00 1.81938267E+00 1.81928358E+00 1.81915323E+00 1.81898646E+00 1.81878025E+00 1.81852860E+00 1.81822713E+00 1.81786760E+00 1.81744585E+00 1.81695421E+00 1.81638667E+00 1.81573290E+00 1.81498712E+00 1.81413916E+00 1.81318134E+00 1.81209849E+00 1.81088245E+00 1.80951950E+00 1.80800054E+00 1.80630720E+00 1.80443015E+00 1.80235263E+00 1.80006218E+00 1.79753640E+00 1.79476203E+00 1.79171385E+00 1.78837986E+00 1.78474278E+00 1.78078337E+00 1.77645643E+00 1.77175176E+00 1.76664428E+00 1.76111238E+00 1.75512112E+00 1.74865003E+00 1.74166042E+00 1.73413254E+00 1.72603003E+00 1.71732950E+00 1.70797771E+00 1.69794049E+00 1.68715556E+00 1.67559716E+00 1.66321462E+00 1.64995551E+00 1.63572471E+00 1.62051594E+00 1.60434008E+00 1.58704200E+00 1.57007506E+00 1.55206294E+00 1.53525555E+00 1.51749778E+00 1.50087758E+00 1.48341786E+00 1.46727005E+00 1.45031105E+00 1.43451327E+00 1.41809126E+00 1.40314701E+00 1.38758912E+00 1.37317258E+00 1.35825430E+00 1.34472235E+00 1.33081898E+00 1.31817388E+00 1.30509696E+00 1.29307102E+00 1.28071814E+00 1.26957159E+00 1.25807616E+00 1.24678015E+00 1.23519696E+00 1.22341865E+00 1.21135596E+00 1.19883189E+00 1.18574749E+00 1.17201617E+00 1.15783092E+00 1.14332939E+00 1.12822726E+00 1.11181926E+00 1.09398761E+00 1.07563279E+00 1.05604968E+00 1.03080851E+00 1.00000000E+00
1.74736465E+00 1.74736374E+00 1.74736540E+00 1.74736912E+00 1.74737459E+00 1.74738130E+00 1.74738899E+00 1.74739722E+00 1.74740580E+00 1.74741439E+00 1.74742286E+00 1.74743098E+00 1.74743868E+00 1.74744580E+00 1.74745233E+00 1.74745819E+00 1.74746340E+00 1.74746793E+00 1.74747182E+00 1.74747509E+00 1.74747777E+00 1.74747993E+00 1.74748159E+00 1.74748283E+00 1.74748367E+00 1.74748418E+00 1.74748441E+00 1.74748440E+00 1.74748419E+00 1.74748383E+00 1.74748334E+00 1.74748277E+00 1.74748214E+00 1.74748147E+00 1.74748078E+00 1.74748009E+00 1.74747942E+00 1.74747877E+00 1.74747816E+00 1.74747758E+00 1.74747705E+00 1.74747656E+00 1.74747612E+00 1.74747573E+00 1.74747539E+00 1.74747509E+00 1.74747484E+00 1.74747463E+00 1.74747446E+00 1.74747433E+00 1.74747423E+00 1.74747418E+00 1.74747416E+00 1.74747417E+00 1.74747423E+00 1.74747432E+00 1.74747445E+00 1.74747462E+00 1.74747483E+00 1.74747510E+00 1.74747542E+00 1.74747580E+00 1.74747624E+00 1.74747677E+00 1.74747737E+00 1.74747807E+00 1.74747888E+00 1.74747980E+00 1.74748086E+00 1.74748205E+00 1.74748341E+00 1.74748494E+00 1.74748668E+00 1.74748863E+00 1.74749082E+00 1.74749328E+00 1.74749602E+00 1.74749908E+00 1.74750248E+00 1.74750626E+00 1.74751045E+00 1.74751508E+00 1.74752019E+00 1.74752584E+00 1.74753205E+00 1.74753888E+00 1.74754637E+00 1.74755458E+00 1.74756355E+00 1.74757334E+00 1.74758401E+00 1.74759563E+00 1.74760826E+00 1.74762195E+00 1.74763679E+00 1.74765290E+00 1.74767030E+00 1.74768909E+00 1.74770931E+00 1.74773107E+00 1.74775443E+00 1.74777950E+00 1.74780634E+00 1.74783505E+00 1.74786567E+00 1.74789829E+00 1.74793302E+00 1.74796998E+00 1.74800914E+00 1.74805055E+00 1.74809424E+00 1.74814025E+00 1.74818859E+00 1.74823927E+00 1.74829229E+00 1.74834755E+00 1.74840497E+00 1.74846448E+00 1.74852607E+00 1.74858952E+00 1.74865446E+00 1.74872060E+00 1.74878770E+00 1.74885532E+00 1.74892299E+00 1.74898992E+00 1.74905574E+00 1.74911966E+00 1.74918088E+00 1.74923798E+00 1.74929018E+00 1.74933612E+00 1.74937464E+00 1.74940340E+00 1.74942110E+00 1.74942537E+00 1.74941442E+00 1.74938496E+00 1.74933488E+00 1.74926044E+00 1.74915896E+00 1.74902576E+00 1.74885793E+00 1.74864976E+00 1.74839730E+00 1.74809295E+00 1.74773281E+00 1.74730960E+00 1.74681762E+00 1.74624713E+00 1.74559256E+00 1.74484389E+00 1.74399368E+00 1.74302758E+00 1.74193802E+00 1.74071189E+00 1.73933991E+00 1.73780411E+00 1.73609570E+00 1.73419824E+00 1.73209881E+00 1.72977514E+00 1.72721545E+00 1.72439662E+00 1.72130530E+00 1.71792157E+00 1.71422628E+00 1.71017796E+00 1.70576757E+00 1.70096907E+00 1.69576182E+00 1.69011391E+00 1.68400333E+00 1.67739152E+00 1.67026009E+00 1.66257211E+00 1.65430425E+00 1.64540597E+00 1.63584407E+00 1.62555778E+00 1.61452828E+00 1.60270977E+00 1.59003962E+00 1.57642242E+00 1.56187161E+00 1.54641596E+00 1.52988292E+00 1.51366079E+00 1.49646481E+00 1.48046167E+00 1.46356023E+00 1.44774134E+00 1.43115261E+00 1.41584628E+00 1.39978141E+00 1.38482144E+00 1.36931959E+00 1.35527034E+00 1.34065109E+00 1.32710433E+00 1.31313311E+00 1.30050903E+00 1.28756840E+00 1.27581989E+00 1.26367982E+00 1.25252410E+00 1.24110444E+00 1.23082846E+00 1.22023690E+00 1.20985220E+00 1.19925058E+00 1.18851589E+00 1.17755363E+00 1.16619989E+00 1.15437158E+00 1.14201549E+00 1.12932905E+00 1.11639259E+00 1.10294345E+00 1.08854639E+00 1.07332022E+00 1.05778816E+00 1.04144470E+00 1.02208017E+00 1.00000000E+00
1.67398520E+00 1.67398378E+00 1.67398239E+00 1.67398103E+00 1.67397971E+00 1.67397843E+00 1.67397719E+00 1.67397601E+00 1.67397487E+00 1.67397379E+00 1.67397275E+00 1.67397177E+00 1.67397084E+00 1.67396995E+00 1.67396912E+00 1.67396833E+00 1.67396759E+00 1.67396689E+00 1.67396623E+00 1.67396561E+00 1.67396503E+00 1.67396448E+00 1.67396397E+00 1.67396348E+00 1.67396303E+00 1.67396260E+00 1.67396220E+00 1.67396182E+00 1.67396146E+00 1.67396112E+00 1.67396080E+00 1.67396050E+00 1.67396021E+00 1.67395994E+00 1.67395967E+00 1.67395942E+00 1.67395918E+00 1.67395895E+00 1.67395873E+00 1.67395852E+00 1.67395832E+00 1.67395812E+00 1.67395793E+00 1.67395774E+00 1.67395756E+00 1.67395739E+00 1.67395723E+00 1.67395707E+00 1.67395692E+00 1.67395678E+00 1.67395665E+00 1.67395653E+00 1.67395641E+00 1.67395632E+00 1.67395623E+00 1.67395617E+00 1.67395612E+00 1.67395609E+00 1.67395609E+00 1.67395612E+00 1.67395618E+00 1.67395627E+00 1.67395641E+00 1.67395660E+00 1.67395683E+00 1.67395713E+00 1.67395750E+00 1.67395794E+00 1.67395847E+00 1.67395909E+00 1.67395981E+00 1.67396066E+00 1.67396163E+00 1.67396275E+00 1.67396404E+00 1.67396550E+00 1.67396716E+00 1.67396903E+00 1.67397114E+00 1.67397352E+00 1.67397618E+00 1.67397915E+00 1.67398246E+00 1.67398615E+00 1.67399025E+00 1.67399480E+00 1.67399983E+00 1.67400538E+00 1.67401149E+00 1.67401822E+00 1.67402560E+00 1.67403371E+00 1.67404257E+00 1.67405225E+00 1.67406281E+00 1.67407434E+00 1.67408687E+00 1.67410049E+00 1.67411523E+00 1.67413120E+00 1.67414844E+00 1.67416705E+00 1.67418709E+00 1.67420865E+00 1.67423177E+00 1.67425654E+00 1.67428306E+00 1.67431142E+00 1.67434162E+00 1.67437374E+00 1.67440779E+00 1.67444385E+00 1.67448193E+00 1.67452207E+00 1.67456426E+00 1.67460847E+00 1.67465464E+00 1.67470275E+00 1.67475280E+00 1.67480457E+00 1.67485782E+00 1.67491235E+00 1.67496796E+00 1.67502428E+00 1.67508095E+00 1.67513736E+00 1.67519316E+00 1.67524766E+00 1.67530019E+00 1.67534962E+00 1.67539524E+00 1.67543584E+00 1.67547041E+00 1.67549691E+00 1.67551421E+00 1.67552022E+00 1.67551331E+00 1.67549055E+00 1.67545005E+00 1.67538842E+00 1.67530319E+00 1.67519016E+00 1.67504656E+00 1.67486702E+00 1.67464796E+00 1.67438246E+00 1.67406692E+00 1.67369448E+00 1.67325977E+00 1.67275372E+00 1.67217101E+00 1.67150197E+00 1.67073940E+00 1.66986997E+00 1.66888677E+00 1.66777736E+00 1.66653231E+00 1.66513436E+00 1.66357552E+00 1.66183974E+00 1.65991387E+00 1.65777650E+00 1.65541725E+00 1.65281496E+00 1.64995568E+00 1.64681815E+00 1.64338294E+00 1.63961266E+00 1.63550016E+00 1.63101929E+00 1.62615063E+00 1.62086520E+00 1.61513952E+00 1.60893627E+00 1.60223977E+00 1.59501486E+00 1.58723803E+00 1.57886237E+00 1.56985490E+00 1.56015893E+00 1.54976537E+00 1.53863139E+00 1.52668236E+00 1.51383250E+00 1.50012204E+00 1.48558886E+00 1.47003786E+00 1.45478326E+00 1.43865830E+00 1.42370371E+00 1.40790973E+00 1.39313053E+00 1.37767544E+00 1.36345956E+00 1.34853882E+00 1.33464294E+00 1.32031609E+00 1.30740328E+00 1.29395796E+00 1.28148536E+00 1.26867679E+00 1.25716200E+00 1.24539403E+00 1.23473474E+00 1.22371448E+00 1.21358880E+00 1.20327758E+00 1.19403485E+00 1.18450295E+00 1.17517530E+00 1.16571525E+00 1.15620075E+00 1.14651512E+00 1.13649857E+00 1.12607711E+00 1.11523775E+00 1.10422087E+00 1.09307248E+00 1.08156873E+00 1.06945046E+00 1.05683075E+00 1.04407839E+00 1.03100533E+00 1.01630528E+00 1.00000000E+00
1.59054656E+00 1.59054671E+00 1.59054684E+00 1.59054696E+00 1.59054706E+00 1.59054715E+00 1.59054723E+00 1.59054730E+00 1.59054736E+00 1.59054741E+00 1.59054745E+00 1.59054749E+00 1.59054753E+00 1.59054755E+00 1.59054758E+00 1.59054760E+00 1.59054761E+00 1.59054762E+00 1.59054763E+00 1.59054764E+00 1.59054764E+00 1.59054764E+00 1.59054763E+00 1.59054763E+00 1.59054762E+00 1.59054761E+00 1.59054760E+00 1.59054759E+00 1.59054757E+00 1.59054755E+00 1.59054753E+00 1.59054750E+00 1.59054748E+00 1.59054745E+00 1.59054742E+00 1.59054739E+00 1.59054735E+00 1.59054732E+00 1.59054728E+00 1.59054723E+00 1.59054719E+00 1.59054714E+00 1.59054709E+00 1.59054704E+00 1.59054699E+00 1.59054693E+00 1.59054688E+00 1.59054682E+00 1.59054676E+00 1.59054670E+00 1.59054664E+00 1.59054659E+00 1.59054653E+00 1.59054648E+00 1.59054643E+00 1.59054638E+00 1.59054634E+00 1.59054631E+00 1.59054628E+00 1.59054627E+00 1.59054628E+00 1.59054629E+00 1.59054633E+00 1.59054639E+00 1.59054648E+00 1.59054660E+00 1.59054675E+00 1.59054694E+00 1.59054718E+00 1.59054747E+00 1.59054782E+00 1.59054824E+00 1.59054873E+00 1.59054931E+00 1.59054998E+00 1.59055076E+00 1.59055166E+00 1.59055270E+00 1.59055387E+00 1.59055522E+00 1.59055674E+00 1.59055847E+00 1.59056041E+00 1.59056260E+00 1.59056506E+00 1.59056781E+00 1.59057088E+00 1.59057430E+00 1.59057810E+00 1.59058232E+00 1.59058699E+00 1.59059216E+00 1.59059786E+00 1.59060413E+00 1.59061102E+00 1.59061861E+00 1.59062690E+00 1.59063598E+00 1.59064588E+00 1.59065667E+00 1.59066839E+00 1.59068113E+00 1.59069493E+00 1.59070986E+00 1.59072598E+00 1.59074335E+00 1.59076205E+00 1.59078215E+00 1.59080367E+00 1.59082668E+00 1.59085120E+00 1.59087730E+00 1.59090501E+00 1.59093435E+00 1.59096534E+00 1.59099796E+00 1.59103218E+00 1.59106799E+00 1.59110539E+00 1.59114419E+00 1.59118424E+00 1.59122539E+00 1.59126749E+00 1.59131022E+00 1.59135333E+00 1.59139633E+00 1.59143890E+00 1.59148042E+00 1.59152042E+00 1.59155797E+00 1.59159243E+00 1.59162276E+00 1.59164809E+00 1.59166668E+00 1.59167758E+00 1.59167900E+00 1.59166947E+00 1.59164645E+00 1.59160832E+00 1.59155204E+00 1.59147540E+00 1.59137476E+00 1.59124755E+00 1.59108885E+00 1.59089547E+00 1.59066134E+00 1.59038328E+00 1.59005496E+00 1.58967149E+00 1.58922467E+00 1.58870957E+00 1.58811718E+00 1.58744065E+00 1.58666804E+00 1.58579337E+00 1.58480510E+00 1.58369371E+00 1.58244334E+00 1.58104717E+00 1.57948989E+00 1.57775837E+00 1.57583308E+00 1.57370530E+00 1.57135605E+00 1.56877135E+00 1.56593017E+00 1.56281273E+00 1.55938643E+00 1.55564683E+00 1.55156825E+00 1.54713303E+00 1.54231548E+00 1.53709114E+00 1.53142534E+00 1.52530629E+00 1.51870289E+00 1.51159114E+00 1.50392930E+00 1.49568244E+00 1.48680029E+00 1.47728857E+00 1.46710609E+00 1.45616172E+00 1.44438776E+00 1.43186122E+00 1.41861752E+00 1.40443216E+00 1.39052299E+00 1.37588211E+00 1.36235788E+00 1.34805556E+00 1.33467360E+00 1.32073589E+00 1.30796591E+00 1.29454258E+00 1.28203444E+00 1.26924052E+00 1.25778735E+00 1.24582799E+00 1.23471007E+00 1.22335858E+00 1.21321968E+00 1.20289474E+00 1.19356681E+00 1.18389689E+00 1.17501526E+00 1.16604043E+00 1.15802986E+00 1.14974917E+00 1.14166641E+00 1.13355406E+00 1.12547219E+00 1.11725740E+00 1.10876359E+00 1.09992413E+00 1.09077170E+00 1.08161198E+00 1.07244529E+00 1.06306285E+00 1.05331140E+00 1.04320288E+00 1.03307495E+00 1.02300930E+00 1.01207313E+00 1.00000000E+00
1.48546216E+00 1.48546217E+00 1.48546217E+00 1.48546217E+00 1.48546218E+00 1.48546218E+00 1.48546218E+00 1.48546218E+00 1.48546218E+00 1.48546219E+00 1.48546219E+00 1.48546219E+00 1.48546219E+00 1.48546219E+00 1.48546219E+00 1.48546219E+00 1.48546218E+00 1.48546218E+00 1.48546218E+00 1.48546218E+00 1.48546218E+00 1.48546217E+00 1.48546217E+00 1.48546216E+00 1.48546216E+00 1.48546215E+00 1.48546215E+00 1.48546214E+00 1.48546214E+00 1.48546213E+00 1.48546212E+00 1.48546211E+00 1.48546210E+00 1.48546209E+00 1.48546207E+00 1.48546206E+00 1.48546205E+00 1.48546203E+00 1.48546201E+00 1.48546200E+00 1.48546198E+00 1.48546196E+00 1.48546193E+00 1.48546191E+00 1.48546188E+00 1.48546186E+00 1.48546183E+00 1.48546180E+00 1.48546177E+00 1.48546174E+00 1.48546171E+00 1.48546168E+00 1.48546165E+00 1.48546161E+00 1.48546158E+00 1.48546155E+00 1.48546152E+00 1.48546149E+00 1.48546146E+00 1.48546144E+00 1.48546142E+00 1.48546141E+00 1.48546141E+00 1.48546141E+00 1.48546142E+00 1.48546145E+00 1.48546149E+00 1.48546154E+00 1.48546162E+00 1.48546172E+00 1.48546184E+00 1.48546199E+00 1.48546218E+00 1.48546241E+00 1.48546268E+00 1.48546300E+00 1.48546338E+00 1.48546383E+00 1.48546435E+00 1.48546494E+00 1.48546563E+00 1.48546642E+00 1.48546733E+00 1.48546836E+00 1.48546953E+00 1.48547085E+00 1.48547235E+00 1.48547403E+00 1.48547592E+00 1.48547804E+00 1.48548041E+00 1.48548305E+00 1.48548599E+00 1.48548926E+00 1.48549287E+00 1.48549688E+00 1.48550129E+00 1.48550616E+00 1.48551151E+00 1.48551738E+00 1.48552380E+00 1.48553082E+00 1.48553848E+00 1.48554681E+00 1.48555586E+00 1.48556567E+00 1.48557627E+00 1.48558773E+00 1.48560004E+00 1.48561328E+00 1.48562744E+00 1.48564258E+00 1.48565870E+00 1.48567583E+00 1.48569396E+00 1.48571309E+00 1.48573319E+00 1.48575426E+00 1.48577625E+00 1.48579902E+00 1.48582248E+00 1.48584654E+00 1.48587104E+00 1.48589575E+00 1.48592048E+00 1.48594487E+00 1.48596861E+00 1.48599122E+00 1.48601239E+00 1.48603140E+00 1.48604774E+00 1.48606054E+00 1.48606909E+00 1.48607204E+00 1.48606870E+00 1.48605761E+00 1.48603756E+00 1.48600656E+00 1.48596331E+00 1.48590531E+00 1.48583073E+00 1.48573673E+00 1.48562112E+00 1.48547972E+00 1.48530991E+00 1.48510686E+00 1.48486812E+00 1.48458829E+00 1.48426325E+00 1.48388628E+00 1.48345312E+00 1.48295609E+00 1.48238899E+00 1.48174221E+00 1.48101126E+00 1.48018614E+00 1.47925746E+00 1.47821205E+00 1.47704523E+00 1.47574315E+00 1.47429302E+00 1.47267898E+00 1.47089483E+00 1.46892414E+00 1.46675336E+00 1.46436443E+00 1.46173781E+00 1.45884657E+00 1.45568997E+00 1.45224327E+00 1.44849121E+00 1.44441293E+00 1.43998367E+00 1.43517288E+00 1.42997422E+00 1.42436289E+00 1.41831434E+00 1.41179449E+00 1.40476216E+00 1.39717643E+00 1.38906514E+00 1.38038686E+00 1.37102928E+00 1.36095057E+00 1.35027330E+00 1.33901309E+00 1.32691532E+00 1.31505138E+00 1.30263138E+00 1.29120050E+00 1.27906028E+00 1.26769941E+00 1.25593235E+00 1.24519938E+00 1.23386656E+00 1.22330083E+00 1.21262703E+00 1.20313857E+00 1.19316351E+00 1.18387027E+00 1.17445942E+00 1.16611594E+00 1.15764660E+00 1.15001386E+00 1.14205226E+00 1.13475685E+00 1.12746441E+00 1.12098030E+00 1.11424894E+00 1.10770652E+00 1.10123847E+00 1.09486044E+00 1.08835106E+00 1.08161194E+00 1.07459337E+00 1.06736779E+00 1.06028541E+00 1.05328209E+00 1.04614945E+00 1.03881390E+00 1.03118271E+00 1.02358501E+00 1.01629918E+00 1.00859764E+00 1.00000000E+00
1.34276005E+00 1.34280826E+00 1.34285288E+00 1.34289421E+00 1.34293243E+00 1.34296783E+00 1.34300055E+00 1.34303086E+00 1.34305886E+00 1.34308478E+00 1.34310874E+00 1.34313090E+00 1.34315138E+00 1.34317033E+00 1.34318782E+00 1.34320401E+00 1.34321895E+00 1.34323277E+00 1.34324552E+00 1.34325732E+00 1.34326820E+00 1.34327826E+00 1.34328754E+00 1.34329612E+00 1.34330404E+00 1.34331135E+00 1.34331810E+00 1.34332433E+00 1.34333008E+00 1.34333538E+00 1.34334028E+00 1.34334480E+00 1.34334896E+00 1.34335281E+00 1.34335636E+00 1.34335963E+00 1.34336265E+00 1.34336543E+00 1.34336799E+00 1.34337036E+00 1.34337254E+00 1.34337455E+00 1.34337640E+00 1.34337811E+00 1.34337968E+00 1.34338113E+00 1.34338246E+00 1.34338369E+00 1.34338482E+00 1.34338586E+00 1.34338681E+00 1.34338769E+00 1.34338850E+00 1.34338925E+00 1.34338993E+00 1.34339056E+00 1.34339113E+00 1.34339166E+00 1.34339214E+00 1.34339258E+00 1.34339299E+00 1.34339336E+00 1.34339370E+00 1.34339401E+00 1.34339429E+00 1.34339455E+00 1.34339478E+00 1.34339500E+00 1.34339520E+00 1.34339538E+00 1.34339554E+00 1.34339569E+00 1.34339583E+00 1.34339595E+00 1.34339607E+00 1.34339619E+00 1.34339630E+00 1.34339640E+00 1.34339650E+00 1.34339661E+00 1.34339671E+00 1.34339682E+00 1.34339694E+00 1.34339707E+00 1.34339720E+00 1.34339735E+00 1.34339752E+00 1.34339771E+00 1.34339792E+00 1.34339816E+00 1.34339843E+00 1.34339873E+00 1.34339908E+00 1.34339946E+00 1.34339989E+00 1.34340036E+00 1.34340089E+00 1.34340149E+00 1.34340215E+00 1.34340288E+00 1.34340367E+00 1.34340455E+00 1.34340550E+00 1.34340653E+00 1.34340765E+00 1.34340886E+00 1.34341013E+00 1.34341147E+00 1.34341288E+00 1.34341437E+00 1.34341591E+00 1.34341749E+00 1.34341908E+00 1.34342066E+00 1.34342219E+00 1.34342365E+00 1.34342499E+00 1.34342615E+00 1.34342702E+00 1.34342747E+00 1.34342751E+00 1.34342700E+00 1.34342579E+00 1.34342368E+00 1.34342059E+00 1.34341623E+00 1.34341025E+00 1.34340237E+00 1.34339250E+00 1.34338013E+00 1.34336484E+00 1.34334607E+00 1.34332324E+00 1.34329558E+00 1.34326274E+00 1.34322366E+00 1.34317760E+00 1.34312339E+00 1.34306010E+00 1.34298612E+00 1.34290023E+00 1.34280084E+00 1.34268648E+00 1.34255430E+00 1.34240244E+00 1.34222810E+00 1.34203005E+00 1.34180452E+00 1.34154886E+00 1.34125883E+00 1.34093145E+00 1.34056162E+00 1.34014429E+00 1.33967382E+00 1.33914850E+00 1.33856118E+00 1.33790284E+00 1.33716533E+00 1.33634827E+00 1.33544083E+00 1.33443069E+00 1.33330867E+00 1.33207309E+00 1.33071069E+00 1.32920837E+00 1.32755644E+00 1.32573836E+00 1.32373352E+00 1.32154598E+00 1.31915228E+00 1.31654113E+00 1.31370008E+00 1.31060549E+00 1.30723297E+00 1.30358283E+00 1.29963794E+00 1.29537487E+00 1.29077136E+00 1.28577773E+00 1.28036726E+00 1.27458968E+00 1.26840100E+00 1.26167899E+00 1.25441149E+00 1.24674774E+00 1.23866405E+00 1.22991308E+00 1.22131358E+00 1.21235059E+00 1.20410336E+00 1.19526579E+00 1.18699620E+00 1.17848251E+00 1.17073832E+00 1.16248713E+00 1.15480383E+00 1.14716126E+00 1.14038309E+00 1.13317516E+00 1.12646998E+00 1.11974650E+00 1.11381005E+00 1.10777724E+00 1.10235039E+00 1.09664190E+00 1.09144536E+00 1.08631213E+00 1.08175621E+00 1.07700774E+00 1.07242052E+00 1.06795043E+00 1.06355371E+00 1.05900694E+00 1.05430898E+00 1.04943824E+00 1.04446085E+00 1.03968480E+00 1.03498663E+00 1.03018736E+00 1.02530271E+00 1.02021717E+00 1.01518827E+00 1.01052356E+00 1.00563725E+00 1.00000000E+00
