$MeshFormat
2.2 0 8
$EndMeshFormat
$Nodes
3632
1 -10 -10 0
2 10 -10 0
3 10 10 0
4 -10 10 0
5 -1 0 0
6 1 0 0
7 -8.947368421051456 -10 0
8 -7.894736842102912 -10 0
9 -6.842105263157289 -10 0
10 -5.789473684213418 -10 0
11 -4.736842105269546 -10 0
12 -3.684210526325677 -10 0
13 -2.631578947381805 -10 0
14 -1.57894736843752 -10 0
15 -0.5263157894924819 -10 0
16 0.526315789455476 -10 0
17 1.578947368406354 -10 0
18 2.631578947357232 -10 0
19 3.684210526308109 -10 0
20 4.73684210525732 -10 0
21 5.789473684205864 -10 0
22 6.842105263154403 -10 0
23 7.894736842102937 -10 0
24 8.947368421051467 -10 0
25 -9.473684210525727 -10 0
26 -8.421052631577245 -10 0
27 -7.368421052630002 -10 0
28 -6.315789473685354 -10 0
29 -5.263157894741516 -10 0
30 -4.210526315797681 -10 0
31 -3.157894736853868 -10 0
32 -2.105263157909651 -10 0
33 -1.052631578965001 -10 0
34 -1.996292020578494e-11 -10 0
35 1.052631578930916 -10 0
36 2.105263157881794 -10 0
37 3.157894736832672 -10 0
38 4.210526315782552 -10 0
39 5.263157894731592 -10 0
40 6.315789473680384 -10 0
41 7.368421052628671 -10 0
42 8.421052631577217 -10 0
43 9.473684210525938 -10 0
44 10 -8.947368421051456 0
45 10 -7.894736842102912 0
46 10 -6.842105263157289 0
47 10 -5.789473684213418 0
48 10 -4.736842105269546 0
49 10 -3.684210526325677 0
50 10 -2.631578947381805 0
51 10 -1.57894736843752 0
52 10 -0.5263157894924819 0
53 10 0.526315789455476 0
54 10 1.578947368406354 0
55 10 2.631578947357232 0
56 10 3.684210526308109 0
57 10 4.73684210525732 0
58 10 5.789473684205864 0
59 10 6.842105263154403 0
60 10 7.894736842102937 0
61 10 8.947368421051467 0
62 10 -9.473684210525727 0
63 10 -8.421052631577245 0
64 10 -7.368421052630002 0
65 10 -6.315789473685354 0
66 10 -5.263157894741516 0
67 10 -4.210526315797681 0
68 10 -3.157894736853868 0
69 10 -2.105263157909651 0
70 10 -1.052631578965001 0
71 10 -1.996292020578494e-11 0
72 10 1.052631578930916 0
73 10 2.105263157881794 0
74 10 3.157894736832672 0
75 10 4.210526315782552 0
76 10 5.263157894731592 0
77 10 6.315789473680384 0
78 10 7.368421052628671 0
79 10 8.421052631577217 0
80 10 9.473684210525938 0
81 8.947368421051456 10 0
82 7.894736842102912 10 0
83 6.842105263157289 10 0
84 5.789473684213418 10 0
85 4.736842105269546 10 0
86 3.684210526325677 10 0
87 2.631578947381805 10 0
88 1.57894736843752 10 0
89 0.5263157894924819 10 0
90 -0.526315789455476 10 0
91 -1.578947368406354 10 0
92 -2.631578947357232 10 0
93 -3.684210526308109 10 0
94 -4.73684210525732 10 0
95 -5.789473684205864 10 0
96 -6.842105263154403 10 0
97 -7.894736842102937 10 0
98 -8.947368421051467 10 0
99 9.473684210525727 10 0
100 8.421052631577245 10 0
101 7.368421052630002 10 0
102 6.315789473685354 10 0
103 5.263157894741516 10 0
104 4.210526315797681 10 0
105 3.157894736853868 10 0
106 2.105263157909651 10 0
107 1.052631578965001 10 0
108 1.996292020578494e-11 10 0
109 -1.052631578930916 10 0
110 -2.105263157881794 10 0
111 -3.157894736832672 10 0
112 -4.210526315782552 10 0
113 -5.263157894731592 10 0
114 -6.315789473680384 10 0
115 -7.368421052628671 10 0
116 -8.421052631577217 10 0
117 -9.473684210525938 10 0
118 -10 8.947368421051456 0
119 -10 7.894736842102912 0
120 -10 6.842105263157289 0
121 -10 5.789473684213418 0
122 -10 4.736842105269546 0
123 -10 3.684210526325677 0
124 -10 2.631578947381805 0
125 -10 1.57894736843752 0
126 -10 0.5263157894924819 0
127 -10 -0.526315789455476 0
128 -10 -1.578947368406354 0
129 -10 -2.631578947357232 0
130 -10 -3.684210526308109 0
131 -10 -4.73684210525732 0
132 -10 -5.789473684205864 0
133 -10 -6.842105263154403 0
134 -10 -7.894736842102937 0
135 -10 -8.947368421051467 0
136 -10 9.473684210525727 0
137 -10 8.421052631577245 0
138 -10 7.368421052630002 0
139 -10 6.315789473685354 0
140 -10 5.263157894741516 0
141 -10 4.210526315797681 0
142 -10 3.157894736853868 0
143 -10 2.105263157909651 0
144 -10 1.052631578965001 0
145 -10 1.996292020578494e-11 0
146 -10 -1.052631578930916 0
147 -10 -2.105263157881794 0
148 -10 -3.157894736832672 0
149 -10 -4.210526315782552 0
150 -10 -5.263157894731592 0
151 -10 -6.315789473680384 0
152 -10 -7.368421052628671 0
153 -10 -8.421052631577217 0
154 -10 -9.473684210525938 0
155 -0.9659258262895315 -0.2588190451007919 0
156 -0.8660254037855228 -0.4999999999981222 0
157 -0.7071067811883969 -0.7071067811846982 0
158 -0.5000000000026169 -0.8660254037829278 0
159 -0.2588190451059451 -0.9659258262881507 0
160 -3.957784268501449e-12 -1 0
161 0.2588190450994881 -0.9659258262898809 0
162 0.4999999999980611 -0.866025403785558 0
163 0.7071067811856632 -0.7071067811874319 0
164 0.8660254037843073 -0.5000000000002276 0
165 0.9659258262892119 -0.2588190451019848 0
166 -0.991444861373928 -0.1305261922191585 0
167 -0.9238795325120163 -0.3826834323633285 0
168 -0.7933533402926559 -0.608761429006869 0
169 -0.6087614290109513 -0.7933533402895235 0
170 -0.3826834323681315 -0.9238795325100269 0
171 -0.1305261922237583 -0.9914448613733224 0
172 0.1305261922165335 -0.9914448613742736 0
173 0.3826834323625853 -0.9238795325123241 0
174 0.6087614290073262 -0.7933533402923052 0
175 0.7933533402908384 -0.6087614290092377 0
176 0.9238795325113351 -0.3826834323649729 0
177 0.9914448613738521 -0.1305261922197345 0
178 0.9659258262895315 0.2588190451007919 0
179 0.8660254037855228 0.4999999999981222 0
180 0.7071067811883969 0.7071067811846982 0
181 0.5000000000026169 0.8660254037829278 0
182 0.2588190451059451 0.9659258262881507 0
183 3.957784268501449e-12 1 0
184 -0.2588190450994881 0.9659258262898809 0
185 -0.4999999999980611 0.866025403785558 0
186 -0.7071067811856632 0.7071067811874319 0
187 -0.8660254037843073 0.5000000000002276 0
188 -0.9659258262892119 0.2588190451019848 0
189 0.991444861373928 0.1305261922191585 0
190 0.9238795325120163 0.3826834323633285 0
191 0.7933533402926559 0.608761429006869 0
192 0.6087614290109513 0.7933533402895235 0
193 0.3826834323681315 0.9238795325100269 0
194 0.1305261922237583 0.9914448613733224 0
195 -0.1305261922165335 0.9914448613742736 0
196 -0.3826834323625853 0.9238795325123241 0
197 -0.6087614290073262 0.7933533402923052 0
198 -0.7933533402908384 0.6087614290092377 0
199 -0.9238795325113351 0.3826834323649729 0
200 -0.9914448613738521 0.1305261922197345 0
201 0.7467613420964658 0.9563506891286333 0
202 1.15148058585469 0.4678797939480562 0
203 0.1677911019620141 1.207013710601543 0
204 -0.446019036906201 1.139788544310016 0
205 -0.9549554189121081 0.7440316863862522 0
206 1.201874825259599 -0.1699806060952714 0
207 0.9880721826450785 -0.7269329486849823 0
208 0.4485723998099382 -1.140443757565131 0
209 -1.20053637795507 0.1682871479573655 0
210 -1.152423562788333 -0.4672984635770181 0
211 -0.7338125651423705 -0.9926868115324445 0
212 -0.1721483779958173 -1.20970103802222 0
213 9.049018657525117 4.166528282750159 0
214 4.211447590624807 -9.110420358783013 0
215 -4.226648800663281 9.096704580885786 0
216 -9.018685575314473 -4.282786393982799 0
217 3.151552831845427 9.119425013479947 0
218 9.106673714848277 -3.209171993040204 0
219 -9.135359677722485 3.184359845079004 0
220 -3.120390891165217 -9.130954670487178 0
221 -1.089232605762846 9.130464148788839 0
222 -9.112112047345697 -1.071939204691438 0
223 9.113263881098817 1.040102133650028 0
224 0.9869814361120888 -9.12719069138598 0
225 6.309733303478103 9.094917558744868 0
226 9.091332468879987 -6.309498673838248 0
227 -9.057369340306598 6.210456065718665 0
228 -6.363701994017887 -9.094630703060195 0
229 1.109078974523667 9.127543652471703 0
230 9.093528058317922 -1.020492201799532 0
231 -9.169396577974144 1.028125484669149 0
232 -1.064925289048897 -9.011202715268603 0
233 9.165565681388111 6.293231821293715 0
234 6.352236509854942 -9.020234663421656 0
235 -6.308543848256544 9.105335103584769 0
236 -8.992878486672071 -6.231140144217569 0
237 -8.412264529166809 -9.125021131395647 0
238 8.364535001025075 9.104037219448806 0
239 -9.024995381924318 8.3729288337029 0
240 9.095057909670258 -8.387297425037152 0
241 0.9617230189465447 0.7343294372775732 0
242 1.038166760144705 1.015085886354945 0
243 0.8204207832241327 1.24010387495407 0
244 1.129300083208577 1.315062154167924 0
245 0.9104094659938676 1.556740494922443 0
246 1.24089116993222 1.631957251291588 0
247 1.002150020547343 1.89582815514022 0
248 1.363185525524002 1.976758840065188 0
249 1.611490808854848 1.692739415449164 0
250 1.74875360342528 2.063666969938586 0
251 2.022458193749939 1.743357717316947 0
252 2.164600753837169 2.157309236581229 0
253 1.098581958632784 2.252991504052607 0
254 2.45930158500173 1.809164829931089 0
255 2.612729331830696 2.251709536971785 0
256 2.297256067260335 2.606888835950853 0
257 2.783369257267776 2.710244589654771 0
258 2.9154317883386 1.884498885987462 0
259 2.423969730211888 3.103863619104942 0
260 2.966858126249736 3.211413619561022 0
261 2.573423718417727 3.639182909581762 0
262 3.151650544407007 3.762167122779408 0
263 3.549750724724309 3.30720999049621 0
264 3.751252734101049 3.897974413835064 0
265 2.75693006429633 1.43158193058265 0
266 3.232995764373706 1.511461786602265 0
267 3.064250217345821 1.044903863633102 0
268 3.555197642992131 1.119941044872245 0
269 3.383319779521288 0.6412293696836967 0
270 3.888263511643812 0.7473394720682214 0
271 3.705302574715775 0.2174010587462537 0
272 4.176920889128297 3.397123213399857 0
273 4.253398059220888 0.3442494092920479 0
274 4.0502065200121 -0.2224076276044787 0
275 2.748494409018892 4.208963999115288 0
276 2.147420036077344 4.071768132923703 0
277 4.393417362820403 4.038305516405653 0
278 4.632222327469687 -0.1248100974847685 0
279 4.408195465467736 -0.6731603913473965 0
280 3.827613521517156 -0.7758246123616389 0
281 4.188442586852144 -1.226283650075473 0
282 3.609844486298419 -1.320296239127786 0
283 3.974605098486473 -1.783540971489066 0
284 3.383130925457311 -1.873609961210027 0
285 3.74409078089432 -2.342911937960573 0
286 3.149547527081845 -2.439517646321665 0
287 3.523859702046078 -2.917516379795916 0
288 2.903738871993271 -3.011726638175222 0
289 3.28922146416697 -3.501955689265278 0
290 2.653056479708048 -3.59566593897471 0
291 3.951751771523056 -3.425793187708183 0
292 4.837769711850243 0.4652592136483935 0
293 3.038213422895145 -4.073139094063823 0
294 2.399870886280311 -4.178401073679003 0
295 2.000665086055251 -3.676320363757231 0
296 1.753580372724598 -4.266680682807484 0
297 1.364451160719409 -3.764552740768601 0
298 1.122601169899988 -4.33818180128573 0
299 0.7437296523464598 -3.847245123340818 0
300 0.5072887771959257 -4.411362248632669 0
301 0.1371738217898227 -3.923388551777534 0
302 -0.09990735600733476 -4.48353106879323 0
303 -0.4695812744813146 -3.994760845626447 0
304 -0.7053663359726186 -4.554855268111856 0
305 -1.069175431395694 -4.067322258209751 0
306 -1.308527026554855 -4.642010101975433 0
307 -1.702713047198251 -4.126340046142499 0
308 -1.950739380269188 -4.733549729781649 0
309 -2.370593180223888 -4.183363396772584 0
310 -2.639042959409442 -4.813255268855738 0
311 -3.047542984930348 -4.256875852814307 0
312 -2.774153286739556 -3.628668050111075 0
313 -3.435513513518152 -3.697970525439949 0
314 -3.164114538928544 -2.997413751506858 0
315 -3.822746395063742 -3.140390726185971 0
316 -3.635512476919189 -2.581732504940213 0
317 -3.76650493680475 -4.284663879829562 0
318 -4.228527071826483 -2.614881750279237 0
319 -3.890476468766319 -2.02143077790356 0
320 4.612273381177951 -1.689069933406103 0
321 2.324852068011772 4.663912193013431 0
322 1.716575879185249 4.515103144904057 0
323 4.847143360540517 3.500491304883751 0
324 -4.609749748906999 -2.070535311578686 0
325 -4.324795253974195 -1.470509446881193 0
326 0.725421267422857 2.166464063370579 0
327 2.070427328902658 -4.792961494837138 0
328 -4.89930783554708 -2.700652180529962 0
329 5.082604058456415 4.174004694411582 0
330 4.603433331060391 4.720720006201384 0
331 -3.690174779493701 -1.399208174858964 0
332 -4.055613734739619 -0.893621910617197 0
333 -4.686724138887836 -0.9392531801722883 0
334 -4.402615649920415 -0.3702660551327969 0
335 -3.731323967563757 -0.3176706828874809 0
336 -4.09973059699777 0.1852639017813707 0
337 -4.74193965169626 0.1621557830960656 0
338 -4.427564499208663 0.720333308814998 0
339 -3.793548306920381 0.7323970025270011 0
340 -4.11107594213299 1.267504665520984 0
341 -3.492150132840873 1.266794364008028 0
342 -3.800376522050991 1.806650364841912 0
343 -3.19620376489746 1.791541000419234 0
344 -3.490144705157245 2.344062268072863 0
345 -2.838811505074379 2.302647313166903 0
346 -3.175296832384584 2.886527753529358 0
347 -2.562353440146036 2.896405579419014 0
348 -2.860343570660344 3.447899863797755 0
349 -3.51593136752487 3.451023297306952 0
350 -3.181143695720594 4.033129397549517 0
351 -3.87362058771755 4.041957241911721 0
352 -4.411790010142735 1.886100812377371 0
353 -2.521269286262969 4.033527911690418 0
354 -2.8403956935933 4.632697076836308 0
355 -2.145437704429005 4.630560393384426 0
356 -2.538998408078224 -3.007008491481896 0
357 -0.3919743957493341 -5.09540504400418 0
358 2.542962169546428 -2.544526104519748 0
359 5.239562986418992 -0.05007792500620669 0
360 5.470928780517671 0.5601929135579096 0
361 -2.476277338013283 5.250452761214992 0
362 -1.739322740331596 5.233198904000875 0
363 -1.435837487675202 4.517417316566323 0
364 1.889650929414577 5.138182341919105 0
365 -0.8234582756564445 -3.512326909111509 0
366 0.8266824325735562 2.550029009157053 0
367 0.4416674880429934 2.449988550212029 0
368 0.539786632743566 2.875895013122012 0
369 0.08844650986285192 2.71056112337458 0
370 3.159033163067141 0.1352824185973698 0
371 5.335886549833662 4.871438540007405 0
372 -2.202857937934519 -5.381247626656496 0
373 4.822365903620403 5.450999137927358 0
374 5.553361452108444 3.62374223911141 0
375 0.3433030461053143 -3.388869271339933 0
376 2.998701996498199 -1.407853798093666 0
377 -1.031622965862635 5.193256769580349 0
378 -3.213053172168986 0.7400607508621938 0
379 -2.214882036190405 2.408879651509403 0
380 5.611218966128805 5.61735353662025 0
381 -5.317374747352686 -2.118298143307369 0
382 -5.621869027412459 -2.789573123720707 0
383 -5.086593972825243 0.7271784622560755 0
384 5.902076943675259 0.03789667610071112 0
385 -2.935142025713882 -5.471792248798886 0
386 -5.417856698746098 0.121276537553733 0
387 -5.795047978911731 0.7291557961438895 0
388 6.150402625104633 0.7037900123170694 0
389 -2.088498339952134 5.896949902717665 0
390 -2.866096551726093 5.910490564933929 0
391 0.2163638139020548 3.223156567035929 0
392 5.072649824916823 1.085641663816646 0
393 2.601003245110833 0.964004167071925 0
394 5.06348321019472 6.263948537022601 0
395 0.8958274240071431 -4.923667480992859 0
396 -6.144479048857352 0.06649924855797446 0
397 -6.116636499999994 -2.060312046398378 0
398 -2.482533624449477 -6.068030489808939 0
399 -3.250535009323529 -6.173746581748911 0
400 4.2908213643088 6.037382156529933 0
401 -0.2663256607729474 3.100830279256469 0
402 -0.4011721797204027 2.604939849028859 0
403 -2.460388402993986 6.591662661267648 0
404 -1.64012900446501 6.628930526071357 0
405 -6.40180089019852 -2.853217483962874 0
406 -5.926914254818401 -3.510030916750186 0
407 -0.7536322566679119 2.967955381802865 0
408 3.74959489396438 1.6541957607486 0
409 -3.258022284007823 6.597736704699973 0
410 6.110590401139628 5.01792311795271 0
411 1.352027420035997 1.060124109022378 0
412 5.911557089504322 6.457863222913455 0
413 1.260294589954399 4.983701208148205 0
414 1.41854338725978 5.640754799985086 0
415 6.614299591642837 0.164046876606495 0
416 6.314524708946903 -0.524398066770042 0
417 2.113226484850379 5.800479388464719 0
418 1.623455376066329 6.344146248615504 0
419 0.8862619621966277 6.163557556400544 0
420 2.365009980952388 6.515756292922702 0
421 -6.551229260019789 0.7087812963216872 0
422 -6.177907652857756 1.392031930518158 0
423 -0.1366846458548188 3.612341479023771 0
424 1.009746892268582 2.993431184312341 0
425 -0.8638041653728955 2.474696710486795 0
426 4.519012024530008 6.810108527699009 0
427 -3.658355464795084 5.910863823506974 0
428 -4.054091639361158 6.615774038245054 0
429 -4.491664965378482 5.891585407932265 0
430 -4.91093235296721 6.62988182746365 0
431 -5.371045278043085 5.860639732177567 0
432 -5.81921915885552 6.617174802483991 0
433 -6.260106620479483 5.837856710259794 0
434 -5.724700369818278 4.998643308476135 0
435 -6.680688300076194 5.045232679683108 0
436 -6.212113107315805 4.236756585935073 0
437 6.877863604171512 0.8676268020681559 0
438 6.397580413716083 1.409638501302075 0
439 7.114317622199433 1.611971980345242 0
440 -6.912894293228981 -2.23432168537926 0
441 -6.738083190749517 -3.595513687139496 0
442 -6.245382742686421 -4.269384720507981 0
443 -4.218027300389467 3.427796312975869 0
444 -2.87274954276038 7.306626385286362 0
445 -6.92116477820796 0.01922974066070909 0
446 -1.722545295706817 -5.961498192988321 0
447 -2.007056155164307 -6.680432585928711 0
448 -1.219967805806581 -6.558488975443241 0
449 5.303545654245243 2.92846978090026 0
450 -6.970992701923641 1.377450889191048 0
451 -6.730272112079841 6.599074720435143 0
452 -6.578755399414647 2.080966563681578 0
453 -0.5322997437176638 2.146073433613354 0
454 -0.9534391771790427 2.021946618262224 0
455 0.3221923359567989 2.055959241488228 0
456 1.097411807669554 6.912032108861951 0
457 1.609717052269701 -3.154491413724324 0
458 6.042972982942691 3.023158437324912 0
459 0.3270605301304313 6.714927797234136 0
460 0.3945109958414774 3.717615928207223 0
461 7.361713154534101 0.3029009858249722 0
462 -7.093473528455615 -4.365404541628866 0
463 -6.578907978612397 -5.065411558072324 0
464 -5.733960684726982 -4.946076257736503 0
465 -6.059481934920495 -5.765372555227008 0
466 2.925795774247139 4.812511020854327 0
467 -7.11656064266604 4.259007939416945 0
468 0.0222920742196019 4.154928595013647 0
469 -6.939565499249692 -5.888496661612015 0
470 -6.385884968187979 -6.603677448570865 0
471 -5.512535264212946 -6.473606961350495 0
472 -1.237123701592262 2.828207505551428 0
473 -7.385098734204664 2.06202772441594 0
474 -7.295190110809819 -6.716176474936727 0
475 -5.320626826899211 7.423231520244672 0
476 -1.133700610391303 3.346976483580567 0
477 -1.510240286220002 -7.3172007175849 0
478 -0.697307020095947 -7.185618708770416 0
479 -2.320904170878007 -7.448115269163613 0
480 -7.596680903828879 5.040680990774806 0
481 -5.656584755459352 -1.431900986895132 0
482 3.938042939246797 2.793583152477443 0
483 -4.598855272958974 4.027102034101578 0
484 -4.959660747186359 3.394602835650065 0
485 1.571006613018642 3.901928360284495 0
486 -0.408600121147703 -6.423739292273591 0
487 0.1103570966341076 -7.043455534780557 0
488 0.3818600692460731 -6.297055623837323 0
489 0.9066894135117742 -6.902024112158079 0
490 1.176956714546449 -6.150364575648499 0
491 1.711096112804687 -6.75510340773048 0
492 -5.782482658943894 2.079339799586311 0
493 0.5402399510789587 7.506607051090358 0
494 -0.2609821547917138 7.298691774130769 0
495 1.842320057048948 1.369947263231872 0
496 -7.559271601111138 -3.674975766414166 0
497 -5.803007146253584 -7.320151985700459 0
498 -4.947333560941746 -7.186054515610986 0
499 -0.1719610222495293 -7.804602803817222 0
500 -3.714447630450579 -5.55455472459843 0
501 1.918875485044432 2.963307932570869 0
502 1.356048104788176 7.663787924617139 0
503 1.434012662463976 -7.530452191428308 0
504 2.257224810939087 -7.38742969256898 0
505 2.531268543019285 -6.591459700305069 0
506 3.079358736497599 -7.1957166443778 0
507 3.353420011345138 -6.420233819425917 0
508 3.906770910650127 -7.013104695215846 0
509 4.189608336872719 -6.234828041210474 0
510 4.755058075874803 -6.874459125854601 0
511 5.038179181785595 -6.054573607171057 0
512 5.616942098697645 -6.695320233245481 0
513 5.901465119339133 -5.876164943579153 0
514 5.312354887847339 -5.216107120878591 0
515 6.164237274422305 -5.038441499057785 0
516 5.578957342399203 -4.40019968542926 0
517 6.414825246807193 -4.214530251787546 0
518 5.844496891616857 -3.593188626311654 0
519 6.663675632985337 -3.410507238123697 0
520 6.106448678283052 -2.797092924360791 0
521 6.888518761276374 -2.613306581528257 0
522 6.521025061811795 -6.532243973413851 0
523 7.038450109807601 -4.855890374908865 0
524 3.62537683033795 -5.617266013902767 0
525 2.830648106647804 -8.090208783534521 0
526 5.323761150375613 -2.971832953013767 0
527 4.736394176122088 -4.607459914669174 0
528 5.387190109417362 -7.557104233619417 0
529 6.351771259369218 -2.020106854103138 0
530 7.160209706647582 -1.798670255340189 0
531 0.590497182803329 1.474175214723544 0
532 -6.170406331571136 2.766826404503204 0
533 2.820820228659108 5.911637909220182 0
534 0.1589642421499931 5.968889665733387 0
535 -0.636046130610236 1.73068333027903 0
536 -1.01166303928242 1.627180188495414 0
537 -1.35010797143767 1.889152154314793 0
538 -1.404013329870904 1.453506041144611 0
539 6.308358886699491 3.751651164989295 0
540 6.835133387992225 3.114256213474576 0
541 7.112763152785926 3.909152483722102 0
542 7.669839044162337 3.243944963018263 0
543 7.546508827263825 -3.144145443876993 0
544 3.114389907233432 6.622390443433197 0
545 2.580196554486193 7.281312656610853 0
546 3.359950897421979 7.471705792898127 0
547 -5.207333712270742 -8.093561152535891 0
548 -4.359866279843085 -7.862263468963111 0
549 -1.751466031871034 1.744363991605767 0
550 -1.837093372488233 1.310854472910733 0
551 -2.175132007611363 1.638901530883811 0
552 -2.3164817253286 1.191950083790581 0
553 -1.92343750150188 0.8752045973788004 0
554 -2.322018175187944 0.7347279505578536 0
555 -1.993574823422726 0.4631230166965041 0
556 -2.402048633739949 0.3240582928488216 0
557 -2.030232098905993 0.04799370564884808 0
558 -2.460690882167186 -0.1004568255758745 0
559 -2.119970295272278 -0.3691132951116828 0
560 -2.513132267170599 -0.5289326167023005 0
561 -2.179393786869842 -0.7942655751864502 0
562 -2.593948769579315 -0.9826280697077097 0
563 -2.237347107481809 -1.238691080867334 0
564 -1.805621884491414 -1.07225516377591 0
565 -1.886057053109767 -1.511095943775493 0
566 -2.298269801090046 -1.683806124690668 0
567 -1.925371095276621 -1.952028400738867 0
568 -1.51921040349868 -1.773947946764542 0
569 -1.552146716881117 -2.212167390045728 0
570 -1.140633802301059 -2.022603730611273 0
571 -1.18000278281801 -2.469174311905721 0
572 -0.775899874433352 -2.268339487619297 0
573 -0.7276189298036315 -1.835512712447645 0
574 -0.380226409862194 -2.086078611801091 0
575 -0.4331275869269533 -2.503518396049093 0
576 -0.03245883622445831 -2.295597690226194 0
577 -0.003678473806600105 -1.870802017210417 0
578 0.3375109476289386 -2.104229007695571 0
579 -1.59787343557914 -2.680386344111262 0
580 -1.761494191546175 -0.1970730884317052 0
581 0.339067070175756 -2.505174107724719 0
582 0.7098685343618015 -2.302422625519795 0
583 0.7070534890508711 -1.863458949658606 0
584 1.070650217661306 -2.079060203661683 0
585 1.083569186766537 -1.664594395259689 0
586 1.425581214840149 -1.863539792319375 0
587 1.413030019524782 -1.457014466089731 0
588 1.774769322908616 -1.650495858676292 0
589 1.761603953864423 -1.23790234003587 0
590 2.135043576576029 -1.434577340454816 0
591 2.120004818339936 -1.009163233890345 0
592 1.766532921927756 -0.8226968817092909 0
593 2.102003873974283 -0.5925920433837791 0
594 2.473522195853042 -0.7772361694779102 0
595 2.444717926859907 -0.3543016685244489 0
596 2.071280547411969 -0.177167895884307 0
597 2.409445375131984 0.06232310144664832 0
598 2.041453506998787 0.2338308051495348 0
599 2.823836847444326 -0.5574340797267148 0
600 1.46925392838298 -2.288691942449541 0
601 -2.867606596264197 -0.2585307632685643 0
602 -1.62663393176159 0.6145878894851275 0
603 -2.352396379770584 -2.143220162010338 0
604 -2.80407828982852 -1.8571396162116 0
605 0.7587823412740051 -2.735395985912353 0
606 1.038041323401246 -1.253397499177006 0
607 -0.2814606910077616 1.821945921638302 0
608 -1.658219819412637 3.184025038092474 0
609 1.728332831786758 -0.01057956546506708 0
610 1.682852168074809 0.3795128463378334 0
611 1.988559716051772 0.6086481664540742 0
612 -0.4983927185883423 4.031879571643608 0
613 -8.042470910516016 4.254259899982439 0
614 -0.7399338474387169 1.027278963164449 0
615 -1.038910315967846 1.019682807179239 0
616 1.117845130999532 -0.4618812611001324 0
617 1.414586975891153 -0.3831927246486862 0
618 1.244424095105692 0.1330226928708463 0
619 -0.1299841478661709 1.254768162979246 0
620 0.08619377245080007 1.484244240855862 0
621 -1.116320349344805 0.4624010127815724 0
622 -1.220291743991839 -0.1230059737991795 0
623 -0.957931744922086 -0.7467146233919331 0
624 -1.033410900849723 -1.035099525117824 0
625 -1.24756320731475 -0.809032915998019 0
626 -0.8464409718721569 -1.239710156326197 0
627 0.7149691404982543 -1.038329864223394 0
628 -1.366700002985177 -1.098501175483454 0
629 -0.05957679981246077 8.119422921154584 0
630 -7.575661260070136 3.442602146994062 0
631 -4.279867086660853 4.631162879527444 0
632 0.1320925456554578 -1.256370259132292 0
633 0.3817927497932392 -1.441504401568226 0
634 -6.514536402309288 -0.6329595600862579 0
635 -7.323147977299194 -0.6644673316745565 0
636 -7.688629275773492 -0.02264276415874045 0
637 1.259070719510169 -0.7152554737815504 0
638 2.183758044705553 -1.848964128083363 0
639 0.5814633238923079 4.25823574837222 0
640 0.1487885975067945 4.71841058874231 0
641 -8.524328552548859 5.10156549165109 0
642 5.750308533539349 2.333198002484005 0
643 5.020331852322498 2.26448967535482 0
644 -0.8746638029361139 7.831283459625717 0
645 -4.024061236815237 -6.255347533774044 0
646 -4.497075434951829 -5.588895809972215 0
647 -3.53871988099362 -6.898503092637073 0
648 -1.447257642109798 -0.5860860379599516 0
649 -7.813948503520507 1.344596973320429 0
650 -8.180923970475815 2.085020968503264 0
651 -0.4490740063554739 -1.127376415514428 0
652 -0.3673704200771952 -1.418238653731935 0
653 -1.792257621543998 -8.158016824625513 0
654 -2.896649414625772 1.20889413243468 0
655 -4.558274174137505 2.706185287718221 0
656 -0.09787639995401283 2.207977418128552 0
657 1.625482972171338 0.7658294779382818 0
658 -2.768753237928268 -2.438323546972984 0
659 -1.560789741875793 3.746055492128122 0
660 -1.551118840952713 1.017295050430916 0
661 -7.87244555217471 -6.00676445339059 0
662 -1.490834587294174 0.04488110424371418 0
663 -0.3812854165856651 1.462301279278213 0
664 -0.6856924111530323 1.376492684236811 0
665 -7.970637239021613 -4.421651628823393 0
666 -1.162878109948978 -2.999338276101855 0
667 -1.659047247471588 -3.152429785789436 0
668 7.995469903932744 4.069480576723087 0
669 7.400988934706656 4.713172287064558 0
670 8.281989834403054 4.946524926596603 0
671 7.642385918231947 5.559375546597876 0
672 -1.713421096362285 2.175219879975815 0
673 -1.122214751057072 -1.630659497831698 0
674 0.6769744767798849 -1.335171883265157 0
675 0.4804894238993706 1.149160528987637 0
676 1.262414558229194 0.7570933755467126 0
677 2.254339175964697 -3.094706801076068 0
678 0.9246212005670964 -3.25933737330402 0
679 1.935980435598692 -2.577524360694428 0
680 2.735661812709069 -1.995605249243592 0
681 -3.482206469509232 0.25265464898027 0
682 -0.237631220326633 -3.461229041649359 0
683 -0.02318160129225071 -3.040776483053228 0
684 4.972428118404591 -3.780749330510265 0
685 -8.0338004748508 5.911480884874569 0
686 -8.240274083794553 6.862641262107009 0
687 5.407004269268113 1.708995800418098 0
688 6.53939511135757 2.231775024481196 0
689 4.468291738132702 -5.403548449795967 0
690 3.89117002388649 -4.862091236312422 0
691 3.120947510850798 -5.098434325666017 0
692 -4.573646155217904 -8.801217175242309 0
693 1.402811093501842 -1.035145245157903 0
694 2.888103946815386 0.5833818586699718 0
695 -2.141260416662639 -9.095971363485681 0
696 -9.1465783809544 -0.036938660086407 0
697 9.119378451942568 0.01532408566055977 0
698 8.290182824204132 -0.518601111544815 0
699 8.135371423650225 -1.538238674434703 0
700 8.984741663399829 -2.138393397103427 0
701 8.118604523723652 -2.436832586086192 0
702 -0.01088771546804226 -9.152051176294812 0
703 5.592092706056612 -2.221278558772491 0
704 5.796086049936179 -1.455930241964035 0
705 2.123986415845327 9.132523784065294 0
706 -0.09018212964116235 -1.508980418386993 0
707 8.488860567748127 3.370391037587784 0
708 8.244791803360439 2.478348384190064 0
709 2.656382982103707 8.22657090545912 0
710 2.416384679505359 0.517878179534815 0
711 -0.5376143876697037 -2.991903695639775 0
712 3.238589941382145 -0.8414716245474942 0
713 3.485800128457152 -0.3212976600121234 0
714 7.466853854638155 -0.9494966689373625 0
715 -1.272834073526601 0.7550467668284271 0
716 9.123430507375483 2.035436631301865 0
717 -2.910550240664072 0.2363157068714171 0
718 5.254902566649074 -9.128268574071905 0
719 -5.251701872040366 9.115729868914093 0
720 -4.755190640456631 8.260733544929487 0
721 -3.73498959898676 8.190351916160759 0
722 -3.217512483630001 9.076610420740769 0
723 -2.181038324274675 9.086622249532004 0
724 -9.206103070084414 -5.248883727266784 0
725 -5.361223792726316 4.076229026720011 0
726 -9.050466094604644 4.238996250686353 0
727 -2.094132278025284 -3.516484561333521 0
728 2.815110847486767 -5.838186024742942 0
729 2.001770505690453 -6.009244697814855 0
730 -3.459204875525363 -0.8407169587402563 0
731 -3.079217293490682 -1.295133245633742 0
732 -3.334138494275891 -1.788993495308936 0
733 -9.116062763166479 -2.090657103098742 0
734 -8.237485267764161 -1.650984787762996 0
735 -8.345991069110859 -2.636766004063274 0
736 -9.136507606031904 -3.174723235156524 0
737 2.048276488097172 -9.015055427265285 0
738 3.165626244925677 -9.078898241544815 0
739 4.210806975053507 9.115112114746864 0
740 9.102191965237978 -4.229980111637635 0
741 -0.9100082530542858 -5.766308969807331 0
742 5.264503532774465 9.100048407704179 0
743 5.790374035756693 8.20988752375612 0
744 6.804563827939727 8.205883024381347 0
745 6.309749508764871 7.348220822668411 0
746 7.277796777588455 7.34927213638658 0
747 4.738539209304382 8.277257373672064 0
748 5.24930122532913 7.314282935688378 0
749 7.807657767717517 8.195940636927135 0
750 8.225526655360628 7.339302037235716 0
751 -1.781071846473487 -0.5926033647157524 0
752 9.097833914580447 -5.266605232050374 0
753 8.233418261823978 -5.811743572606016 0
754 8.206623524920719 -6.831380057439983 0
755 8.114337844499595 -4.764113682461932 0
756 1.490419413515972 -5.397926398466729 0
757 8.233883120154816 0.4640653000020448 0
758 8.310337543011206 1.473883514191369 0
759 4.907987039083476 -2.349843969084989 0
760 4.578281649300795 -3.040192196556993 0
761 0.03074081820120621 9.061900142522168 0
762 9.086931149107944 -7.353274029736123 0
763 8.17635197583094 -7.872649897442819 0
764 7.208911497685056 -7.293638600399762 0
765 7.260198052498891 -8.355136443250833 0
766 6.373921681943696 -7.912695960901966 0
767 8.218848486531988 -8.979827961127404 0
768 -6.635380837018243 3.490913304693523 0
769 -5.354913060641937 2.733533548176412 0
770 1.939573549359339 0.9905170515702838 0
771 2.281286703399295 1.31547981450899 0
772 -5.432798784480153 1.388239427656949 0
773 -7.354302299168869 9.100435714806295 0
774 -6.827299362212117 8.226929740324957 0
775 -7.879084526475899 8.271455165109748 0
776 -9.115293342410849 -7.320839390048139 0
777 -4.846202667178726 5.172202207547139 0
778 -2.672843930903135 -8.27584957061857 0
779 -7.373074850027105 -9.094656017212603 0
780 -7.925339468114629 -8.268750239138278 0
781 -6.94367761205556 -8.221170315814559 0
782 -5.421559591826375 -4.162685915221357 0
783 -4.933347944140543 -4.855461572569373 0
784 -4.582729519882658 -4.072538777020271 0
785 -5.145925495434803 -3.418758605817942 0
786 4.603496147679788 2.83414095555577 0
787 4.265930012087506 2.171239786682149 0
788 4.707844107998542 1.650759386956723 0
789 3.628503501320527 2.264012489995213 0
790 4.416959138431877 1.028663472517955 0
791 3.334602891751147 2.76588314827042 0
792 6.586402518899265 -1.195306246967208 0
793 5.630523349055655 -0.6912796726638468 0
794 4.146491773705915 -4.116746760430078 0
795 -0.4153998617640272 6.522272210324757 0
796 1.754400603459932 -0.4095309050009414 0
797 4.102994262605225 5.268652292007214 0
798 -2.725974605420864 8.176249055057786 0
799 -4.987587549944275 -1.510895369124698 0
800 -1.640160543226724 8.21775193474156 0
801 7.339486729380204 9.100914649256058 0
802 -6.885930420458904 -1.39293969046826 0
803 0.7391921733473108 5.471364708127187 0
804 8.242704043992383 -3.761290878479107 0
805 -5.780048460747057 8.263420312543534 0
806 -2.193134018971634 3.467126854950474 0
807 2.000296242816424 3.505921906816007 0
808 1.491018281010109 3.290513625056942 0
809 0.9995052175577303 3.674059316465177 0
810 1.477374323440366 2.7708959826834 0
811 -1.351606683744575 5.861073974063578 0
812 -5.751561154152051 -0.6101275022895116 0
813 -7.391923577635649 7.361607915823291 0
814 -9.115510792825702 7.338743610977476 0
815 2.510473951912363 -1.206876992063574 0
816 1.951946117674035 -8.107398960495967 0
817 -4.348203610145539 7.424975954507987 0
818 3.937454981329557 4.558168781593664 0
819 8.918596861620884 8.246728840965917 0
820 2.782244606075452 -0.1214403465824381 0
821 -3.227449537155396 5.26384296401634 0
822 4.784319415814846 -8.326473666219274 0
823 3.819645888544802 -8.278485021283931 0
824 -0.08983666783536748 -5.71023002700104 0
825 0.6542211151777926 -5.577962981217452 0
826 6.78995194951868 6.571049906021917 0
827 -8.2186193997758 -6.888901153928966 0
828 6.76228910900995 -5.691652659087053 0
829 -1.480478061950311 -5.281282394887142 0
830 1.85551904520535 2.481676679152373 0
831 -6.99163226147321 2.764621085066732 0
832 -7.142000013767642 5.820376550330042 0
833 0.6516138118534136 1.810786615445546 0
834 0.3357447913362411 1.678811601334123 0
835 -2.78099654571417 -6.800127603295551 0
836 3.702055234986313 8.329160134898013 0
837 -8.379223711529082 9.145531411020182 0
838 -9.043899913311188 -8.348817031960806 0
839 7.299716212095131 -4.023742547570069 0
840 9.153420207946604 5.30944856782283 0
841 0.6322644061086192 -7.65749589700879 0
842 -2.099918478736443 7.365544635321347 0
843 7.36927340132539 2.403226171760272 0
844 -7.451080317085626 -5.161361549658249 0
845 -6.297049825974457 7.404459945739317 0
846 -7.178130602313711 -2.962288280530265 0
847 -3.831646452068305 2.869524831579538 0
848 -5.758369143697752 3.423567522005221 0
849 6.414164464370748 5.794157932074162 0
850 -5.047741758883143 -0.426246384970741 0
851 -1.404180792576466 0.3838430595496731 0
852 -7.373342204063503 0.6645342077294066 0
853 -0.5648223313101255 5.773690164361557 0
854 3.33817655365491 4.362606206645864 0
855 -8.254389276056937 -0.6263537049577598 0
856 -0.9677640371535211 -7.985812310630877 0
857 1.196575606963752 -2.867522632942019 0
858 -0.9697995884863945 7.037176549889245 0
859 1.846376144421077 7.070859833949843 0
860 -3.365162511015392 -4.892871996206723 0
861 7.404485382524817 -6.300365069051155 0
862 5.815080583718292 4.309811508282444 0
863 1.146467722167473 4.353937982610153 0
864 0.2521175783881217 -5.011611844707254 0
865 -0.7694672891699387 4.568822074926152 0
866 -0.3802085365179869 5.057045056137318 0
867 7.697199786656157 6.480596072644294 0
868 -2.656838229798398 1.694291892747272 0
869 1.407317632397206 0.3505813568719717 0
870 -2.621057716047063 -1.410607761922868 0
871 4.977707855683757 -0.623579772721923 0
872 5.155506980131135 -1.226966049398005 0
873 -0.3413385232520559 -1.727296076529826 0
874 -4.749464454841625 1.319101877315891 0
875 1.461154106059185 2.349442037893338 0
876 -9.094750536198569 2.117049021335493 0
877 3.094236541608245 2.314945141109925 0
878 -8.316586593371731 2.886726723675713 0
879 -3.54176335772099 4.639202109997856 0
880 -1.708285301568754 2.663181848877668 0
881 -5.058061972021894 2.039972984253068 0
882 -4.468364137783773 -3.259949270619156 0
883 -1.965220572633999 -2.406025945948574 0
884 -2.036385646452981 -2.887676318324177 0
885 2.516202506071938 5.275409836846324 0
886 -1.711636839489741 0.2687658692148231 0
887 -1.546685938493674 -0.8383840195475344 0
888 -4.047702323522603 2.328930058230188 0
889 -1.394710512887849 -3.577356976377314 0
890 0.7902139480173536 8.304402368990841 0
891 1.459879612801635 1.37055390130346 0
892 0.3440393732395783 -1.74958606901355 0
893 2.511080845482677 -1.598760102758963 0
894 -0.6330734162341294 3.47971577576172 0
895 0.6439909068197548 3.300414271939066 0
896 -2.944542745198821 -0.7089988090605751 0
897 3.54887310302521 5.820694397219474 0
898 1.818733843757684 -2.073458771656389 0
899 -1.294500336453321 2.325400098693291 0
900 7.612152252723766 1.063453716426031 0
901 -8.330953877537789 0.5255544400585995 0
902 -3.610295876877684 -8.340423280126469 0
903 -3.250746673590515 -0.4304332749025196 0
904 -7.485060876382198 -1.782460800193013 0
905 9.149018258520016 7.241322853480621 0
906 -3.113159291630377 -7.563808110540813 0
907 -2.731609700078191 0.6920936586954668 0
908 1.20531902101821 -8.297340468438549 0
909 1.475508505568304 -4.768643586067721 0
910 -4.155304522571614 -4.907713595942766 0
911 -5.267063300820962 -5.635480943314709 0
912 1.121593178427934 -0.947748495353716 0
913 -8.35055773049169 -3.589471639167995 0
914 0.3314652042351603 1.405665794131582 0
915 5.675250294183275 -8.39416810538388 0
916 1.112186424008248 -2.491066927177696 0
917 -8.369862319524191 -5.230072289749574 0
918 -0.82043701879058 -2.65908800077645 0
919 -5.249959232566914 -0.9855540275036143 0
920 7.010137006890495 -0.4063179790768813 0
921 4.315662640654543 -2.303845917478069 0
922 -4.030123203343968 -3.705367543310067 0
923 0.3646460231681492 -8.413299119853033 0
924 2.819735281187532 -0.9602463451545715 0
925 1.453924760243861 -0.07649835006825488 0
926 6.591241521342043 4.462725028490102 0
927 1.726739330211266 8.359736133245621 0
928 -1.493831864574035 -1.401150283331507 0
929 0.03605271828834208 1.795458141448068 0
930 1.647491233007369 1.115346384072768 0
931 7.30548178732555 -9.259088343493438 0
932 -5.449257855141134 -9.076519269866402 0
933 -0.9430174707208187 -5.076403139314673 0
934 -1.473000647543223 -0.3068332524292285 0
935 -6.691900342085414 -7.39538618821247 0
936 4.0427844795886 -2.805869193418666 0
937 5.733892015516943 1.187870222482158 0
938 4.401708233684515 -7.604497397912967 0
939 0.68684636638138 4.841903275320492 0
940 -3.978060980416972 5.259733165726179 0
941 1.521956027503677 -0.659741971358723 0
942 -1.006366997542836 1.299509741173475 0
943 3.494378740564233 5.032152469553322 0
944 -0.4078423471525267 -8.492263341310849 0
945 -4.756479450271119 -6.327496119683551 0
946 3.831097623803027 6.699568950979136 0
947 -1.270801538548117 1.136996509434412 0
948 -3.581852631877358 7.304465945895448 0
949 2.240209788824145 0.8580694854262912 0
950 -1.014177616556248 3.913948582903409 0
951 -6.06349932782828 -8.173239751498302 0
952 4.205094903987462 7.565057739679228 0
953 -7.513509321256453 6.513581438674316 0
954 -1.107437532998749 -1.315196237407849 0
955 2.357085081093347 -5.330977349766558 0
956 7.50881744105765 -5.471327495247363 0
957 -2.337731783544867 -2.577686455862895 0
958 8.417087199739942 5.841560840453367 0
959 -9.332205088020922 5.231363777919038 0
960 3.579991691736134 -3.936870564652847 0
961 1.499694919316535 -2.676345140610934 0
962 9.178238173388998 2.994688578393302 0
963 -1.96797078870247 4.084572014075786 0
964 0.5957028015413499 -1.587275016441526 0
965 -3.946378761470058 -9.24947833573875 0
966 6.855959145425803 5.22593038405423 0
967 -3.226578569831801 -0.0820653763115685 0
968 3.3320394630125 1.927186597134642 0
969 2.723959573704851 0.2374705253326741 0
970 3.060443396172411 5.370276123872175 0
971 -0.8166986979495605 -1.510269839369432 0
972 -2.063183670027127 1.994792305337688 0
973 -4.238677777511238 -6.986701998032529 0
974 -7.556887002713648 -7.51074387796959 0
975 4.67518161804959 -1.094382493907629 0
976 5.193483079619137 -1.791634588841211 0
977 0.3754994363451462 -2.91636644203574 0
978 2.04377560088988 7.719331869647552 0
979 4.431382965823283 -3.600747868700234 0
980 9.240540105345765 9.249557998381606 0
981 9.244643376486609 -9.251739241814915 0
982 -9.256685069453429 9.271917222956052 0
983 -9.26361111599004 -9.26596761210717 0
984 0.1415704852260022 5.301128174544346 0
985 2.239436720541645 -2.227364314429011 0
986 4.220673455755995 1.528652842183992 0
987 -8.446125301768751 3.614700841886783 0
988 -1.009533622439025 6.381138826570174 0
989 -2.069321432768771 2.949628867455886 0
990 2.752630023690637 -4.633339809586738 0
991 8.389009578559039 -2.987200442752401 0
992 -2.568002668452246 0.9630633071664633 0
993 -0.1459478545741105 1.572790870793528 0
994 1.171866099015403 2.584616732547834 0
995 -4.965598278871737 4.559785693365203 0
996 -6.211723664568001 -1.219438322871918 0
997 -0.6861848501873579 8.49794240536877 0
998 -0.6179415359707529 -1.31895817745774 0
999 -1.44254724714003 7.456424579044589 0
1000 -8.349030445258155 7.643412233315481 0
1001 -0.289821036439159 4.519865013002074 0
1002 3.405624144412888 -4.483552771165758 0
1003 -8.511225938444788 1.417816141714912 0
1004 3.972412481928402 1.191682977445829 0
1005 5.979314276618712 1.802320615123702 0
1006 -7.671543435398516 2.662943083234689 0
1007 7.666848632073983 -0.2446545227956513 0
1008 -7.646740217220639 -2.403540313820374 0
1009 -7.669040716394803 -1.208384475518454 0
1010 -8.377059918841052 -7.649346264968288 0
1011 -0.5654057683363315 -1.579180444421255 0
1012 1.513981866924937 0.1583969728282514 0
1013 6.201804470454064 -7.184505209890852 0
1014 -7.818517112845663 -3.052596260278302 0
1015 7.546949374787084 -2.329923986029915 0
1016 -0.0661128277451605 -2.685473045939418 0
1017 1.435523642580213 0.5592214087552381 0
1018 -2.411243236436464 2.011096655565582 0
1019 -3.770225283575514 -7.539371933077035 0
1020 7.727743320675047 1.814233484938374 0
1021 0.1562306294631296 -1.563529549982825 0
1022 -1.740369847028656 0.03659972323098596 0
1023 3.602894634790851 -7.628829207662188 0
1024 8.491476223896814 6.621701687540265 0
1025 7.087341815233677 5.942699203408995 0
1026 0.1812810923016899 2.338656746269021 0
1027 -3.237063193465698 7.771134168845957 0
1028 6.076470027712129 -0.9704087549122257 0
1029 3.095704534193109 -0.3274481792305092 0
1030 1.592956428903663 -0.227997795436894 0
1031 -3.256398636736736 -2.27217647419859 0
1032 0.9138840095609936 -0.9386594233625741 0
1033 0.847376620493651 -1.515711956993651 0
1034 -2.851556473503384 -3.002211121494377 0
1035 -2.653875823003246 -2.72266601922744 0
1036 -2.966433888428406 -2.717868649239921 0
1037 -1.54871178004305 -3.851848511259906 0
1038 -1.744421395456567 -3.546920768855418 0
1039 -1.898422662611768 -3.82141230373801 0
1040 8.768939612636622 3.768459660168971 0
1041 8.833549370568562 3.182539807990543 0
1042 9.113628415457057 3.580608430571731 0
1043 1.307220989132596 0.9086087422845455 0
1044 1.443948765200266 0.7614614267424973 0
1045 1.488755196103667 0.9129767934803301 0
1046 -2.606565569977186 1.20042210811263 0
1047 -2.732326041539009 1.085978719800571 0
1048 -2.442242196890423 1.077506695478522 0
1049 -4.174617228343704 -4.178601328424916 0
1050 -4.369017021227136 -4.490126186481518 0
1051 -3.960904729688182 -4.596188737886164 0
1052 4.545583885535565 0.4047543114702207 0
1053 4.62736442514106 0.7469613430831741 0
1054 4.335178598826383 0.6864564409050014 0
1055 -3.012575937332501 -2.355250010585787 0
1056 -3.21025658783264 -2.634795112852724 0
1057 2.439462297372488 -8.552632105399903 0
1058 2.606951366511424 -9.046976834405051 0
1059 2.998137175786741 -8.584553512539667 0
1060 7.576393977153598 -4.810002028685399 0
1061 7.707027028297363 -4.393928115016001 0
1062 7.169083160951367 -4.439816461239467 0
1063 -1.876589762748436 -3.334457173561479 0
1064 -1.526878880179719 -3.364893381083375 0
1065 9.459298430810442 8.597048631008692 0
1066 9.459298430810442 8.070732841534426 0
1067 -2.486659977563499 1.443120988268926 0
1068 -2.776743822212085 1.451593012590976 0
1069 -0.6674959332350764 -5.085904091659426 0
1070 -0.9265128618875522 -5.421356054561002 0
1071 -0.65099132440181 -5.430857006905756 0
1072 -8.43266201942339 -6.118952298804079 0
1073 -8.121153935849451 -5.618418371570082 0
1074 -8.681370403098132 -5.730606216983572 0
1075 -0.4999224604448266 -5.738269498404185 0
1076 -0.2409055317923508 -5.40281753550261 0
1077 -8.79084894642773 5.656010778684877 0
1078 -8.279064513699829 5.506523188262829 0
1079 -8.5455849075787 6.060968475296617 0
1080 -2.656299437202011 0.2801869998601194 0
1081 -2.68562056141563 0.06792944064777129 0
1082 -2.431369757953568 0.1118007336364736 0
1083 2.391297112160919 -8.098803872015244 0
1084 2.000111302885603 -8.561227193880626 0
1085 4.007762453025943 1.912717773715374 0
1086 3.947216756704017 2.217626138338681 0
1087 3.689049197642454 1.959104125371906 0
1088 4.884156624929569 7.062195731693693 0
1089 4.727198064658296 7.439670337683803 0
1090 4.362053464258735 7.187583133689118 0
1091 -4.229746166832669 2.107515435303779 0
1092 -4.302988248830054 2.517557672974204 0
1093 -4.48503209214012 2.296143050047796 0
1094 -1.154855927257981 1.078339658306825 0
1095 -1.271817806037359 0.9460216381314195 0
1096 -1.155872194747223 0.8873647870038329 0
1097 -2.769245757389068 -0.8458134393841423 0
1098 -3.011880019344752 -1.002066027347159 0
1099 -2.836583031534999 -1.138880657670726 0
1100 -8.694273947419333 -4.756429341866187 0
1101 -8.170249779272902 -4.825861959286484 0
1102 -8.494661407168042 -4.352219011403096 0
1103 1.330940906506005 -0.8752003594697265 0
1104 1.462383560502759 -0.8474436082583128 0
1105 1.390513373506923 -0.6874987225701368 0
1106 9.524509328762559 3.925369404529134 0
1107 9.589119086694499 3.339449552350706 0
1108 -9.19478721416376 5.720909921818851 0
1109 -8.92826682028489 5.166464634785063 0
1110 0.8765052319497501 -1.1458636817002 0
1111 0.6959718086390696 -1.186750873744276 0
1112 0.8575079000905653 -1.294284691221081 0
1113 -0.1944015964828295 1.110346994634563 0
1114 -0.2880015923861859 1.197278353644631 0
1115 -0.3524190410028445 1.052857185299948 0
1116 -1.093108785140685 -0.1909125094499857 0
1117 -1.186357653390086 -0.2951522186880988 0
1118 -1.059174694538932 -0.363058754338905 0
1119 -6.164180082283997 -1.639875184635148 0
1120 -6.548827042513452 -1.306189006670089 0
1121 -6.501283460229449 -1.726625868433319 0
1122 -4.8081680730797 2.373079135985645 0
1123 -4.734925991082315 1.96303689831522 0
1124 1.105174960697612 0.1959208689858191 0
1125 1.197952340480191 0.3004512434094513 0
1126 1.058703206072111 0.363349419524424 0
1127 0.6970081066996039 3.6958376223362 0
1128 0.790484270725019 3.966147532418699 0
1129 0.4879871598668927 3.987925838289721 0
1130 -1.346646195767531 -0.214919613114204 0
1131 -1.312712105165778 -0.3870658580031233 0
1132 -0.72352031431219 0.8671928721759402 0
1133 -0.8474446331754125 0.8856553247753504 0
1134 -0.8310311000488857 0.725569233786842 0
1135 0.5671408888095757 -2.825881213974046 0
1136 0.6500603184561213 -3.08785190766988 0
1137 0.8417017709205508 -2.997366679608187 0
1138 -1.016344663101209 -8.49850751294974 0
1139 -1.38001082934876 -8.071914567628195 0
1140 -1.428591455296448 -8.584609769947058 0
1141 9.620270052672883 9.098463209716536 0
1142 9.079568483483325 8.748143419673761 0
1143 4.07083078543235 0.5457944406801347 0
1144 4.152611325037844 0.888001472293088 0
1145 -1.966759019103319 -8.626994094055597 0
1146 -1.603092852855768 -9.053587039377142 0
1147 -1.477566085411809 1.235400545787764 0
1148 -1.410960189750415 1.077145779932664 0
1149 -1.337407434209511 1.295251275289512 0
1150 -2.41598511870488 1.666596711815541 0
1151 -2.245806866469982 1.415425807337196 0
1152 5.487520149849521 6.360905879968028 0
1153 5.580429157416726 6.886073079300917 0
1154 5.156392217761925 6.789115736355489 0
1155 -1.225007552115725 4.215682949734866 0
1156 -0.8918224528630934 4.241385328914781 0
1157 -1.10265238842257 4.543119695746238 0
1158 0.7054589830137308 1.357139544838807 0
1159 0.5354933033513498 1.31166787185559 0
1160 0.6504551035617516 1.194632201970854 0
1161 6.29118404715013 2.627466730903054 0
1162 6.687264249674898 2.673015618977886 0
1163 6.439053185467458 3.068707325399744 0
1164 -1.498313614775497 4.131736404347222 0
1165 -1.28748367921602 3.830002037515765 0
1166 7.353579540717333 -2.064297120685052 0
1167 7.841160399218655 -1.934081330232309 0
1168 7.647790565148904 -1.668454464887446 0
1169 -2.889078418464135 -0.01110752819857358 0
1170 -2.664148739215692 -0.1794937944222194 0
1171 -8.787982694804302 -5.239478008508179 0
1172 -9.099490778378243 -5.740011935742176 0
1173 2.089891669091742 0.9242932684982875 0
1174 2.26074824611172 1.086774649967641 0
1175 2.110430126379317 1.152998433039637 0
1176 1.072986469862601 4.013998649537665 0
1177 0.8639655230298903 4.306086865491187 0
1178 1.772848743934196 -2.866007887209376 0
1179 1.717837677457614 -2.626934750652681 0
1180 1.554705985793118 -2.915418277167629 0
1181 3.985134174860188 1.591424301466296 0
1182 4.243301733921751 1.849946314433071 0
1183 -0.6805363316630741 -3.252115302375642 0
1184 -0.8502462488093411 -2.995620985870815 0
1185 -0.9931681928027114 -3.255832592606682 0
1186 -5.542962081272297 4.537436167598073 0
1187 -5.163411035799027 4.318007360042607 0
1188 -5.345149324345007 4.779214500920669 0
1189 6.806217281176917 -8.687685553336244 0
1190 6.817059867221294 -8.133916202076399 0
1191 6.36307909589932 -8.466465312161811 0
1192 1.250382586639346 3.141972404684641 0
1193 1.24526174928392 3.482286470761059 0
1194 1.004626054913156 3.333745250388759 0
1195 -0.7804243265617359 8.164612932497244 0
1196 -1.163172696707041 8.357847170055166 0
1197 -1.257412173081419 8.024517697183638 0
1198 5.89664075824102 2.678178219904459 0
1199 6.14485182244846 2.2824865134826 0
1200 -8.248755281923774 2.485873846089488 0
1201 -8.705668564785149 2.501887872505603 0
1202 -8.637837253337192 2.101034994919378 0
1203 -5.968406738567041 4.617699947205604 0
1204 -5.786668450021061 4.156492806327542 0
1205 0.1954557953774729 -1.111148042711086 0
1206 0.290332472732698 -1.198407008348711 0
1207 0.3536957224547131 -1.053184791927506 0
1208 8.178520944245989 -4.26270228047052 0
1209 7.771210128043757 -3.892516713024588 0
1210 -0.3313730537967133 1.642123600458258 0
1211 -0.2636166355798878 1.51754607503587 0
1212 -0.2137042727909361 1.697368396215915 0
1213 0.9759626664811196 -1.09602846126979 0
1214 0.814426575029624 -0.988494643792984 0
1215 -6.899412356843943 -1.81363068792376 0
1216 -6.514765396614488 -2.147316865888819 0
1217 8.551673093561741 -2.28761299159481 0
1218 8.253807051141345 -2.712016514419297 0
1219 8.686875620979434 -2.562796919927914 0
1220 1.644244474715717 -0.741219426534007 0
1221 1.584672007714799 -0.9289210634335967 0
1222 -4.629567981556375 7.027428890985819 0
1223 -4.834415218522375 7.424103737376329 0
1224 -5.115779589933211 7.026556673854161 0
1225 -3.445955556827962 -2.426954489569401 0
1226 -3.399813507923866 -2.789573128223536 0
1227 0.7835910626602993 1.098227282041352 0
1228 0.6136253829979182 1.052755609058135 0
1229 -3.269211084508022 -1.067925102186999 0
1230 -3.201873810362092 -0.7748578839004157 0
1231 -1.586160943738296 -1.085378169629682 0
1232 -1.456692970739426 -0.968442597515494 0
1233 -1.676153911492544 -0.9553195916617221 0
1234 -0.5086657735979505 1.596492304778621 0
1235 -0.4587534108089988 1.776314625958666 0
1236 0.6339621233362054 -3.324103322321976 0
1237 0.3594012412252302 -3.152617856687836 0
1238 -2.412946542078654 7.770896845189567 0
1239 -1.870039510981583 7.791648285031453 0
1240 -2.183067574323794 8.197000494899672 0
1241 0.112157968001393 2.13196832980839 0
1242 -0.03091184083283538 2.00171777978831 0
1243 0.1791225271225705 1.925708691468148 0
1244 -9.112394322699444 -4.765835060624791 0
1245 -2.486334010748412 7.336085510303855 0
1246 -2.799362074090622 7.741437720172074 0
1247 -1.460129144826511 -0.4464596451945901 0
1248 -1.627036247008355 -0.4497183085724905 0
1249 -1.614164744291642 -0.589344701337852 0
1250 3.432167868891458 0.1763417386718117 0
1251 3.322416645762146 -0.09300762070737682 0
1252 3.595551351586463 -0.05194830063293487 0
1253 -9.115055106960527 2.650704433207248 0
1254 -8.725973135547108 3.035543284377358 0
1255 7.80111263914419 -1.243867671686033 0
1256 7.313531780642869 -1.374083462138775 0
1257 -1.114826142027911 -1.472927867619774 0
1258 -1.300634698786392 -1.358173260369678 0
1259 -1.308023307815554 -1.515904890581603 0
1260 2.412915027318672 0.2901006404907316 0
1261 2.228919093252073 0.3758544923421749 0
1262 2.225449441065385 0.1480769532980916 0
1263 1.890946803204143 1.180232157401078 0
1264 2.061803380224121 1.342713538870431 0
1265 3.531003066204146 7.900432963898069 0
1266 3.17921910854501 8.277865520178565 0
1267 3.008166939762843 7.849138349178624 0
1268 2.213756204998003 -5.061969422301848 0
1269 2.554857552391992 -4.982158579676648 0
1270 2.411528676296648 -4.713150652211938 0
1271 4.471817056645921 7.921157556675647 0
1272 4.993920217316756 7.795770154680222 0
1273 9.045707689124054 -2.673782695071815 0
1274 8.747841646703659 -3.098186217896302 0
1275 -1.364696574494785 8.6741080417652 0
1276 -0.8877087279751021 8.814203277078803 0
1277 8.583108453791727 -9.489913980563703 0
1278 8.056792664317463 -9.489913980563703 0
1279 1.932028114117199 -3.124599107400196 0
1280 2.095159805781694 -2.836115580885248 0
1281 -8.00979157665564 0.2514558379499295 0
1282 -8.292671576797364 -0.05039963244958012 0
1283 -7.971509275915214 -0.3244982345582501 0
1284 2.398650672755562 -2.819616452797908 0
1285 2.579039023978984 -3.053216719625645 0
1286 2.723350520769849 -2.778126371347485 0
1287 4.018096263895244 7.132313345329182 0
1288 4.175054824166518 6.754838739339073 0
1289 -0.1563628349287754 2.657750486201719 0
1290 -0.2495242898372078 2.406458633578706 0
1291 -0.004714945045580454 2.459269270751566 0
1292 -1.649726874532725 -1.236702723553708 0
1293 -1.430265933779606 -1.24982572940748 0
1294 3.595524260612503 7.085637371938631 0
1295 3.78252290070472 7.518381766288678 0
1296 5.239827047092469 1.397318732117372 0
1297 5.057424188633328 1.67987759368741 0
1298 4.890246966457683 1.368200525386684 0
1299 2.202472197778566 0.5632631729944446 0
1300 2.015006611525279 0.4212394858018045 0
1301 0.04170234617383854 2.273317082198787 0
1302 0.1348638010822709 2.5246089348218 0
1303 -1.05517765385521 -0.6070065434844756 0
1304 -1.199993385051542 -0.6381656897875185 0
1305 -1.102747476118418 -0.777873769694976 0
1306 1.578632569346123 -8.202369714467258 0
1307 1.626797754557691 -8.656197947851917 0
1308 4.791247617362364 6.537028532360805 0
1309 3.768003324234626 -0.2718526438083011 0
1310 3.877754547363938 -0.002503284429112546 0
1311 -6.423746972167024 3.863834945314298 0
1312 -6.196874990357998 3.457240413349372 0
1313 -5.985241125506779 3.830162053970147 0
1314 -1.278794311418414 -3.288347626239585 0
1315 -1.109084394272147 -3.544841942744411 0
1316 -4.544326233356078 -4.881587584256069 0
1317 -4.758038732011601 -4.464000174794823 0
1318 2.970073725954086 7.376509224754489 0
1319 2.61828976829495 7.753941781034986 0
1320 2.936788767270718 -4.865887067626378 0
1321 2.739016295972073 -5.214705837716288 0
1322 9.492370831699915 -2.384986172242616 0
1323 9.553336857424139 -2.920375470211005 0
1324 -8.700483828505668 -0.3316461825220834 0
1325 -8.738766129246095 0.2443078899860963 0
1326 -4.668933816278605 5.531893807739702 0
1327 -4.412131823797849 5.21596768663666 0
1328 -4.234862972897727 5.575659286829222 0
1329 -0.8238545849463281 1.678931759387222 0
1330 -0.8486777252177263 1.501836436366113 0
1331 -0.6608692708816342 1.55358800725792 0
1332 -1.635135465018761 9.108543199160422 0
1333 -1.910599433750699 8.652187092136781 0
1334 -8.072451190529147 0.9350757066895143 0
1335 -7.852148040800646 0.5950443238940031 0
1336 -7.593645353792005 1.004565590524918 0
1337 -1.620553351179569 1.382180257027672 0
1338 -1.694106106720473 1.164074761670825 0
1339 -0.255634782225918 1.35853472112873 0
1340 -0.413652226745933 1.301044911794115 0
1341 1.636487102589353 0.9405879310055247 0
1342 1.499759326521683 1.087735246547573 0
1343 -1.771283019009831 -0.3948382265737287 0
1344 -1.617247419544699 -0.2519531704304668 0
1345 -4.128964033538912 4.945448022626811 0
1346 -4.56303487691979 4.901682543537292 0
1347 9.096005898769038 -9.625869620907459 0
1348 8.731745931509298 -9.11578360147116 0
1349 -0.8894220817032813 1.023480885171844 0
1350 -0.9969328674399769 0.8818572467827455 0
1351 -1.138584268045476 1.218253125303943 0
1352 -1.20519016370687 1.376507891159043 0
1353 1.51762896210463 -9.071123059325632 0
1354 1.09615022856515 -8.712265579912264 0
1355 -1.411976457239657 0.8861709086296717 0
1356 -0.4853709872983285 -2.747711045844434 0
1357 -0.3018636077074321 -2.838688370789597 0
1358 -0.2496202073360569 -2.594495720994256 0
1359 2.211597382623599 -2.038164221256187 0
1360 2.487549266625357 -2.111484781836302 0
1361 2.459709928707311 -1.922284688663477 0
1362 2.23947130257256 -2.561025232607088 0
1363 3.49263606673524 -8.678691631414374 0
1364 3.325146997596303 -8.184346902409226 0
1365 -0.0446472145187056 -2.863124764496323 0
1366 -0.2803979944809772 -3.016340089346502 0
1367 -5.559796468212034 3.749898274362616 0
1368 1.764068437896089 -1.03029961087258 0
1369 1.582207523683132 -1.136523792596886 0
1370 1.487084106494555 -3.459522077246463 0
1371 1.267169126418398 -3.206914393514172 0
1372 1.144536180643252 -3.511945057036311 0
1373 -2.438365095811545 -2.792347473672395 0
1374 -2.553242510736568 -2.508005001417939 0
1375 6.954334256341481 2.317500598120734 0
1376 7.102203394658808 2.758741192617424 0
1377 1.15029065918695 0.886089630950829 0
1378 1.195097090090351 1.037604997688662 0
1379 6.024585988063485 -8.153432033142924 0
1380 6.013743402019109 -8.707201384402769 0
1381 6.110653299134597 6.903042022790933 0
1382 5.779525367047 7.331251879178394 0
1383 7.832776949255368 -2.383378286058054 0
1384 8.126987973686939 -1.987535630260448 0
1385 8.665504245964087 4.556526604673381 0
1386 8.1387298691679 4.508002751659845 0
1387 8.52224428072893 4.118004429736623 0
1388 -4.551697125301085 7.842854749718737 0
1389 -5.037908733677921 7.841982532587079 0
1390 -0.6339300038791404 4.30035082328488 0
1391 -0.7562851675722952 3.972914077273508 0
1392 -1.879992846340514 9.543311124766003 0
1393 -1.3340899870846 9.565232074394419 0
1394 3.190916460977755 -1.640731879651846 0
1395 2.867181904603634 -1.701729523668629 0
1396 3.05939636908319 -1.934607605226809 0
1397 1.325870863751449 0.241802024871409 0
1398 1.279399109125948 0.409230575410014 0
1399 -1.701904138188836 4.300994665321054 0
1400 -1.764380265289131 3.915313753101954 0
1401 -1.299840602449065 -0.5266922507684848 0
1402 -1.347410424712274 -0.6975594769789852 0
1403 0.2569426477243485 -1.348937330350259 0
1404 0.4151825748015887 -1.290974079566678 0
1405 -1.009015018412628 1.463344964834444 0
1406 -0.8460297043479339 1.338001212705143 0
1407 0.1600607224065318 -3.214822877196581 0
1408 -0.1304064108094418 -3.251002762351294 0
1409 0.05283591288934067 -3.425049156494646 0
1410 7.273633775432626 -5.163608935078114 0
1411 7.811577642778623 -5.117720588854647 0
1412 -1.992507835680629 -0.9332603694811801 0
1413 -1.793346865482451 -0.8324292642458311 0
1414 -1.980232816671665 -0.6934344699511013 0
1415 8.684111155367962 2.256892507745964 0
1416 8.277564673185822 1.976115949190716 0
1417 8.716884025193345 1.754660072746617 0
1418 -1.113894746219355 0.7495392266073396 0
1419 0.7750242695924678 -5.250815231105156 0
1420 1.072320264346882 -5.48794468984209 0
1421 1.193123418761557 -5.160796939729794 0
1422 1.11206878858787 0.7457114064121428 0
1423 0.999944889545625 0.8747076618162593 0
1424 -1.207838184576662 1.540343114820013 0
1425 -4.466756217530495 -8.331740322102711 0
1426 -4.091971016047794 -8.57082022768439 0
1427 -3.985081078360385 -8.10134337454479 0
1428 4.955209768383533 0.7754504387325197 0
1429 4.74480448167435 1.0571525681673 0
1430 1.66064463034521 -0.1192886804509806 0
1431 1.673678516181798 -0.3187643502189177 0
1432 1.741366717623345 -0.2100552352330042 0
1433 1.780423371209315 -5.095443946651933 0
1434 1.923752247304659 -5.364451874116643 0
1435 -3.478951268697779 -0.1998680295995247 0
1436 -3.354392519670516 0.08529463633435072 0
1437 -3.606765218536494 -0.03250801695360547 0
1438 -4.201147624753348 7.020374996376521 0
1439 -4.482511996164185 6.622827932854352 0
1440 4.951021399838204 -3.00601257478538 0
1441 4.775354883852692 -3.410470763533629 0
1442 5.148094634390102 -3.376291141762016 0
1443 0.8217480621887425 3.487236794202121 0
1444 0.8268688995441684 3.146922728125704 0
1445 -2.850137504768873 -1.352870503778305 0
1446 -2.607503242813189 -1.196617915815289 0
1447 -3.790968533253501 0.2189592753808203 0
1448 -3.915527282280763 -0.06620339055305512 0
1449 4.701905542113937 -3.690748599605249 0
1450 4.288937369764598 -3.858747314565156 0
1451 4.559459946055252 -3.948748045470171 0
1452 0.2402384339475685 -3.656128911558733 0
1453 -0.05022869926840516 -3.692308796713446 0
1454 -1.609504780644215 3.465040265110298 0
1455 -1.876961880423713 3.606591173539297 0
1456 -1.925676919192136 3.325575946521474 0
1457 2.623371329095873 -1.797182676001278 0
1458 2.347419445094115 -1.723862115421163 0
1459 1.772967917235481 -4.780802540452429 0
1460 1.482963959542138 -5.083284992267226 0
1461 -2.232362729124586 -3.849923979053052 0
1462 -2.036653113711069 -4.154851721457542 0
1463 -8.605748943223936 -6.560020649073268 0
1464 -8.045532475975255 -6.447832803659778 0
1465 4.86408798016052 1.957624531155771 0
1466 5.213668060795306 1.986742737886459 0
1467 -0.6758770505565617 -1.155822494495093 0
1468 -0.5335077711631133 -1.223167296486084 0
1469 -0.5914432857489222 -1.060031613523436 0
1470 -5.635416520049511 -8.133400452017096 0
1471 -5.756378591484707 -8.624879510682351 0
1472 -5.328295783705938 -8.585040211201147 0
1473 1.333688064031211 -5.774145487057615 0
1474 0.9155889148621209 -5.864163778432975 0
1475 4.015546739584805 -8.694452690033472 0
1476 3.688536917775242 -9.094659300163915 0
1477 4.313782100004289 -4.734775575490797 0
1478 4.179730881009596 -5.132819843054195 0
1479 4.602342957127395 -5.005504182232571 0
1480 4.44697214497767 -2.672019057017531 0
1481 4.179223560121572 -2.554857555448367 0
1482 4.310533064444698 -2.92303069498783 0
1483 -5.091131619660889 1.35367065248642 0
1484 -4.90376321343176 1.679537430784479 0
1485 -5.245430378251024 1.714106205955009 0
1486 2.453697827836372 -3.345186370025389 0
1487 2.778397675850659 -3.303696288574966 0
1488 -1.320712577277876 -1.70230372229812 0
1489 -1.506521134036357 -1.587549115048024 0
1490 -7.530985739918497 0.3209457217853331 0
1491 9.10121943273586 4.737988425286495 0
1492 8.717705021174829 5.127986747209716 0
1493 4.328950037502711 -5.819188245503221 0
1494 4.046834284235326 -5.510407231849367 0
1495 3.907492583605334 -5.926047027556621 0
1496 4.85441114726334 -4.19410462258972 0
1497 4.441442974914001 -4.362103337549626 0
1498 -0.3876228039981683 -3.226566368644567 0
1499 8.242165235840435 3.719935807155435 0
1500 5.584129020996235 -3.282510789662711 0
1501 5.408462505010724 -3.68696897841096 0
1502 0.08114045527637709 -5.360920935854146 0
1503 -0.06992840868060624 -5.053508444355717 0
1504 -2.941647791659602 -1.576136430922671 0
1505 -3.206677893883287 -1.542063370471339 0
1506 -3.069108392052206 -1.823066555760268 0
1507 -4.58062723249218 1.602601344846631 0
1508 -8.741249337571382 -2.905744619609899 0
1509 -8.743532668261796 -3.382097437162259 0
1510 -8.348274399801275 -3.113118821615634 0
1511 6.450463613923084 -0.8598521568686253 0
1512 6.79826976289488 -0.8008121130220449 0
1513 6.662330857918699 -0.4653580229234616 0
1514 7.238495430764325 -0.6779073240071218 0
1515 7.02662818676871 -1.072401457952286 0
1516 1.932389125399443 1.556652490274409 0
1517 2.151872448574617 1.529418765912969 0
1518 2.832626731228327 1.004454015352513 0
1519 2.74455359596311 0.7736930128709485 0
1520 2.976177082080603 0.8141428611515369 0
1521 5.435043167737323 -0.3706787988350267 0
1522 5.766300146365457 -0.3266914982815678 0
1523 5.570819965047125 -0.006090624452747787 0
1524 4.61182483986901 -2.326844943281529 0
1525 4.743134344192136 -2.695018082820991 0
1526 -5.886610627729673 -1.746106516646755 0
1527 -5.934154210013676 -1.325669654883525 0
1528 2.754891420990438 -1.503306950426314 0
1529 -4.260012458343981 -9.025347755490529 0
1530 -3.778337319173871 -8.79495080793261 0
1531 3.75827342711222 -5.239678625107594 0
1532 3.656706824987154 -0.5485611361868812 0
1533 3.938910020764628 -0.4991161199830588 0
1534 -8.084537421668676 -3.321033949723148 0
1535 -8.08225409097826 -2.844681132170788 0
1536 -2.080552403837052 3.775849434513129 0
1537 9.492370831699915 -1.858670382770473 0
1538 -0.7428694604483532 2.084010025937789 0
1539 -0.7947426538946394 1.876314974270627 0
1540 -0.5841729371639499 1.938378381946192 0
1541 4.018830898796202 -4.489418998371249 0
1542 1.403146329616726 -3.011007023333172 0
1543 1.060598403765424 -3.063430003123019 0
1544 -2.56682916690907 0.5080759757721443 0
1545 -2.821079970371132 0.464204682783442 0
1546 -9.12628518459919 -2.632690169127633 0
1547 -8.731026916138669 -2.363711553581008 0
1548 3.031213394413236 -0.6994528521371045 0
1549 3.167147237787627 -0.5844599018890018 0
1550 2.959770690818718 -0.442441129478612 0
1551 2.370294144200512 1.56232232222004 0
1552 2.240879889375834 1.776261273624018 0
1553 1.243560607854474 2.882163583497871 0
1554 1.484196302225238 3.030704803870171 0
1555 0.2821922236712125 -5.644096504109246 0
1556 0.4531693467829571 -5.294787412962353 0
1557 1.188457925254851 -0.5885683674408414 0
1558 1.336828847700661 -0.5492240992151183 0
1559 1.266216053445343 -0.4225369928744093 0
1560 9.106453255130244 -0.5025840580694861 0
1561 8.70478063807335 -0.2516385129421276 0
1562 8.691855441261026 -0.7695466566721736 0
1563 -5.453271994013132 -1.208727507199373 0
1564 -5.500760193359483 -0.797840764896563 0
1565 -5.704072954805701 -1.021014244592322 0
1566 -1.964151566276345 2.292049765742609 0
1567 -1.710853198965519 2.419200864426742 0
1568 -1.96158366887958 2.536030750193536 0
1569 3.184846665842159 5.866166153219828 0
1570 3.331631505129321 6.221542420326335 0
1571 2.96760506794627 6.26701417632669 0
1572 2.441144974255064 1.139741990790458 0
1573 2.420606516967489 0.9110368262491082 0
1574 4.643130932205002 2.217864731018484 0
1575 4.486887060043024 1.910999586819436 0
1576 -2.712568002937792 -1.633873689067234 0
1577 -1.663878892483581 -0.7154936921316434 0
1578 -2.924545715493617 9.538305210370385 0
1579 -2.699275403952338 9.081616335136387 0
1580 -2.406308635815953 9.543311124766003 0
1581 1.899806689599364 -0.09387373067468704 0
1582 1.912840575435951 -0.2933494004426242 0
1583 -3.491035320577136 -0.3740519788950002 0
1584 -3.238662621711158 -0.2562493256070441 0
1585 3.947829058466458 -9.555210179391507 0
1586 3.424918385616893 -9.539449120772407 0
1587 -1.958506162462303 0.6691638070376522 0
1588 -1.810104377592158 0.5388554530908158 0
1589 -1.775035716631735 0.7448962434319639 0
1590 6.873306112773424 -1.496988251153698 0
1591 1.702617181990836 -2.433108151571984 0
1592 1.877357139678188 -2.325491566175408 0
1593 1.643993886070332 -2.181075357052965 0
1594 2.498696724314808 3.371523264343352 0
1595 2.286859980617076 3.572552408198884 0
1596 2.212132986514156 3.304892762960475 0
1597 9.576710103973301 5.023145336540075 0
1598 9.524509328762559 4.451685194003739 0
1599 -1.237068767991963 -1.206848706445651 0
1600 -3.573437552751527 -2.146803626051075 0
1601 -3.295268565506313 -2.030584984753763 0
1602 -3.612307481521105 -1.905212136606248 0
1603 -5.267619550601844 8.26207692873651 0
1604 -5.550337643823134 7.843325916394103 0
1605 2.508693962308096 0.7409411733033699 0
1606 2.652244313160373 0.5506300191023934 0
1607 7.519556222743864 2.823585567389268 0
1608 7.252486216077281 3.17910058824642 0
1609 -0.5334889138693486 1.419396981757512 0
1610 -0.6324881725466491 2.539818279757827 0
1611 -0.6980519545452797 2.310385072050074 0
1612 -0.4667359617190332 2.375506641321106 0
1613 5.264456622530537 8.243572448714092 0
1614 5.519837630542911 7.762085229722249 0
1615 1.959585863930428 3.234614919693438 0
1616 2.17142260762816 3.033585775837906 0
1617 1.285255915288186 3.787993838374835 0
1618 1.531012447014376 3.596220992670718 0
1619 -5.981642409360026 -0.9147829125807146 0
1620 -9.525233047302322 3.961603388506015 0
1621 -9.525233047302322 4.487919177977949 0
1622 1.358737167593057 4.127933171447324 0
1623 6.361414766132929 -6.858374591652352 0
1624 6.70535798406956 -7.239071905145307 0
1625 6.864968279748425 -6.912941286906806 0
1626 -0.8077741976091611 9.565232074394419 0
1627 -0.5292458937808201 9.096182145655504 0
1628 -0.2477874856271349 9.530950071261085 0
1629 -8.452039954200108 8.322191999406325 0
1630 -8.129154119002491 8.708493288064965 0
1631 -8.7021095467267 8.75923012236154 0
1632 -1.194577211435703 0.6087238898049997 0
1633 -1.338507433051534 0.5694449131890501 0
1634 -1.260250570960636 0.4231220361656227 0
1635 -2.076798659101853 -5.057398678219073 0
1636 -1.841667999942415 -5.331265010771819 0
1637 -1.715608721109749 -5.007416062334396 0
1638 -0.4068802173627127 1.984009677625828 0
1639 -0.1227039863597098 1.808702031543185 0
1640 -0.1896685454808872 2.014961669883427 0
1641 1.248299603145659 -1.56080443067471 0
1642 1.225535671463014 -1.355205982633369 0
1643 1.060805255083891 -1.458995947218348 0
1644 -3.898314070074359 -3.995015711569815 0
1645 -4.306426361613314 -3.888953160165169 0
1646 -8.168801998640719 -8.696885685266963 0
1647 -8.484619690712908 -8.308783635549542 0
1648 -8.728082221238999 -8.736919081678227 0
1649 8.676630786048692 0.2396946928313023 0
1650 8.262032972179474 -0.02726790577138513 0
1651 0.4609811935192446 1.439920504427563 0
1652 0.4059773140672654 1.27741316155961 0
1653 0.777215054772261 -1.689585453326129 0
1654 0.7215397110175005 -1.551493486717589 0
1655 0.6513781452961105 -1.725366983050066 0
1656 -1.329922102899869 -1.898275838687907 0
1657 -1.131424276679065 -1.826631614221486 0
1658 5.972524029001279 -0.6078388697169443 0
1659 6.108300826311081 -0.2432506953346654 0
1660 -1.888803367168763 2.806405358166777 0
1661 -2.142101734479589 2.679254259482645 0
1662 2.754587974205281 -1.307365395078619 0
1663 2.51077739869752 -1.402818547411268 0
1664 2.056367027205378 0.0283314546326139 0
1665 1.884893169392772 0.1116256198422339 0
1666 -0.7128131292958746 1.20188582370063 0
1667 -0.8731504224907762 1.163394352168962 0
1668 3.863241732721024 -4.026808662541463 0
1669 3.492807918074511 -4.210211667909303 0
1670 3.776057959059401 -4.300149765797919 0
1671 -0.6790257032301419 -2.825495848208113 0
1672 -0.9916575643697791 -2.829213138439153 0
1673 -3.503300739544684 0.7362288766945975 0
1674 -3.35260165250493 1.003427557435111 0
1675 -3.642849219880627 0.9995956832675146 0
1676 2.637769623845377 9.12597439877262 0
1677 2.390184698974517 8.679547344762206 0
1678 2.903967906974567 8.672997959469534 0
1679 -1.880265436995057 1.093029535144767 0
1680 -1.737278171227297 0.9462498239048585 0
1681 4.057481914187547 3.09535318293865 0
1682 4.270769543463293 2.813862054016607 0
1683 4.390208518404043 3.115632084477814 0
1684 -1.410962678710284 -3.075884030945645 0
1685 3.362195034919648 -0.5813846422798088 0
1686 3.53310173144965 -0.8086481184545666 0
1687 -9.568253803015953 -2.903151091256878 0
1688 -9.558031381583239 -2.361118025227987 0
1689 4.613893759329157 -6.144700824190766 0
1690 4.753235459959148 -5.729061028483512 0
1691 4.725319754110153 3.167316130219761 0
1692 4.512032124834407 3.448807259141804 0
1693 -0.9341263660523451 -1.929058221529459 0
1694 -0.9249168404303519 -1.733086105139671 0
1695 -9.573289190477201 0.2446885647030375 0
1696 -9.157987479464271 0.4955934122913711 0
1697 -9.584698288987072 0.7772206370808156 0
1698 9.559689225971283 -0.2554958519159611 0
1699 9.546764029158961 -0.773403995646007 0
1700 -0.2686017524802621 -9.576025588147406 0
1701 -0.5379065022584697 -9.081626945781707 0
1702 -0.7956205392706895 -9.505601357634301 0
1703 -3.757409305132491 -0.8671694346787266 0
1704 -3.595264421544559 -0.5791938208138686 0
1705 -3.893468851151688 -0.6056462967523389 0
1706 2.377782681613566 9.566261892032646 0
1707 2.891565889613616 9.559712506739974 0
1708 3.689985363414118 6.260131674099305 0
1709 3.47274376551823 6.660979697206166 0
1710 -9.567679838861242 3.43428518570234 0
1711 -9.092912886163564 3.711678047882678 0
1712 -3.637877388214807 0.4925258257536356 0
1713 -3.946639451959076 0.4588304521541859 0
1714 -6.562174594093287 7.815694843032137 0
1715 -6.038549143360758 7.833940129141426 0
1716 -6.303673911479587 8.245175026434246 0
1717 5.849270692169832 -2.509185741566641 0
1718 5.457926928216112 -2.596555755893129 0
1719 5.715104914329332 -2.884462938687279 0
1720 -2.65657584740889 -3.317838270796485 0
1721 -2.96913391283405 -3.313040900808966 0
1722 -1.02263865675534 1.159596274176357 0
1723 -1.449734002644095 0.6848173281567773 0
1724 -1.588876386357152 0.815941469958022 0
1725 0.6074845702481577 -0.9521776340044759 0
1726 0.7110379608419588 -0.8727183227054128 0
1727 -1.11014587199592 -0.06150298689958975 0
1728 1.122212047552846 0.06651134643542317 0
1729 -1.629633203412022 -4.687779915878542 0
1730 -1.394502544252583 -4.961646248431288 0
1731 -1.321936328743209 -9.505601357634301 0
1732 -1.86010389255008 -9.547985681742841 0
1733 -0.06499207393110658 1.127384081489623 0
1734 -5.906479924579511 -9.0855749864633 0
1735 -6.213600660923084 -8.633935227279249 0
1736 -0.7321912539214549 -1.279334166891969 0
1737 -0.7901267685072637 -1.116198483929321 0
1738 -2.075101197089135 -0.1605597947314173 0
1739 -1.940732243409227 -0.283093191771694 0
1740 -1.895863145226084 -0.07453969139142853 0
1741 -0.619966923718389 0.9466521834750032 0
1742 3.42680403341587 8.724292574188979 0
1743 3.373162170594374 -5.357850169784392 0
1744 2.968029179168783 -5.468310175204479 0
1745 3.220243838912358 -5.727726019322855 0
1746 4.811914000001144 2.549315315455295 0
1747 4.434713079883647 2.50269037111896 0
1748 -3.450861504969055 9.538305210370385 0
1749 -0.6593041871009944 -6.095024131040461 0
1750 -0.2492183944915352 -6.066984659637315 0
1751 -3.384696036492191 -1.347170710246353 0
1752 -3.574689827509531 -1.11996256679961 0
1753 0.06604627282575 -1.128185129566146 0
1754 -0.2063426230433262 -2.190838151013643 0
1755 -0.01806865501552921 -2.083199853718305 0
1756 -0.1919524418343971 -1.978440314505754 0
1757 -0.4725154339140561 5.415367610249437 0
1758 -0.1193190256459923 5.179086615340832 0
1759 -0.2116259230420617 5.537409169452951 0
1760 3.29075233132513 -0.3243729196213163 0
1761 0.3653185741024464 8.211912645072712 0
1762 0.4104773831092799 8.683151255756504 0
1763 -0.01441799080562728 8.590661531838375 0
1764 3.135711863168337 0.6123056141768343 0
1765 3.023568554941264 0.3593321386336708 0
1766 3.271176471294214 0.3882558941405332 0
1767 2.846254848314136 -2.492021875420706 0
1768 2.942604669895457 -2.217561447782628 0
1769 2.639311991127749 -2.27006567688167 0
1770 -2.972331436123588 0.7160772047788303 0
1771 -2.814129557351982 0.9504938955650732 0
1772 -3.054851293397379 0.9744774416484367 0
1773 9.118347194237149 1.537769382475946 0
1774 8.711800712055012 1.256992823920699 0
1775 -1.472704501580508 2.745694677214548 0
1776 -1.501392819011038 2.49429097378548 0
1777 -1.265812019022792 2.57680380212236 0
1778 7.514280893304042 0.02912323151466041 0
1779 7.9503658761144 0.1097053886031967 0
1780 7.797798137344459 0.3834831429135085 0
1781 8.67468887942033 -3.485231435759656 0
1782 8.67244800461518 -3.995635495058371 0
1783 9.104432840043128 -3.71957605233892 0
1784 1.862152837536798 0.3066718257436841 0
1785 1.705592499930783 0.1844666404363832 0
1786 0.5435163492258871 -3.618057197340375 0
1787 0.4404517370681412 -3.885316837559176 0
1788 1.805191069162476 -3.415405888740778 0
1789 1.682558123387329 -3.720436552262916 0
1790 2.127502131009974 -3.38551358241665 0
1791 2.326860782881649 -3.63599315136597 0
1792 0.9496464612705103 8.715973010731272 0
1793 1.25847663911431 8.332069251118231 0
1794 1.417909152367467 8.743639892858662 0
1795 7.978515728139058 -0.3816278171702332 0
1796 -3.194399773733323 1.237844248221354 0
1797 3.304273241398309 -1.364075018610726 0
1798 3.496487705877865 -1.596953100168906 0
1799 -0.9582668383672053 -2.145471609115285 0
1800 -0.7517594021184917 -2.051926100033471 0
1801 -0.9086216712759692 2.24832166437451 0
1802 -3.87289425711666 -1.146415042738081 0
1803 -8.160597484756652 -4.005561633995693 0
1804 -8.684621652903083 -3.936129016575397 0
1805 -0.9825511082307316 1.824563403378819 0
1806 3.266339226269578 -2.156563803765846 0
1807 1.745657261913267 3.398217765936474 0
1808 1.785651427917533 3.703925133550251 0
1809 5.71172711700803 -3.996694155870457 0
1810 5.275692730401897 -4.090474507969763 0
1811 -2.232550776223567 -8.216933197622041 0
1812 -2.407052173782887 -8.685910467052125 0
1813 -8.137037279322676 6.38706107349079 0
1814 -8.648821712050577 6.536548663912837 0
1815 -0.736383818100712 -8.751733028289726 0
1816 -0.6878031921530239 -8.239037825970863 0
1817 7.878518339421143 -0.7340488902410888 0
1818 8.212777123927179 -1.028419892989759 0
1819 -3.79032562413001 -1.710319476381262 0
1820 -4.007485016733948 -1.434858810870078 0
1821 -4.107635861370257 -1.745970112392377 0
1822 -2.526846770632392 2.355763482338153 0
1823 -2.388617738168221 2.652642615464208 0
1824 -2.700582472610208 2.599526446292958 0
1825 -0.3536062474039738 -3.727994943637903 0
1826 -0.5305447479915387 -3.486777975380434 0
1827 -0.6465197750688796 -3.753543877368978 0
1828 0.8953113379087039 -1.764026672459148 0
1829 0.9654729036300939 -1.59015317612667 0
1830 -3.046426589761616 1.500217566426957 0
1831 -3.344176948869166 1.529167682213631 0
1832 -3.347629820839109 0.4963576999212319 0
1833 -3.196378355086652 0.2444851779258435 0
1834 -3.061801706416529 0.4881882288668055 0
1835 0.8341754264567781 -3.553291248322419 0
1836 1.054090406532934 -3.805898932054709 0
1837 3.506058767368645 -4.98026278098922 0
1838 5.001521371039424 8.688652890688122 0
1839 5.527438784265579 8.654967965730149 0
1840 1.407920556513312 -1.246079855623817 0
1841 1.220426208451544 -1.144271372167454 0
1842 -1.515407362169028 0.4992154745174003 0
1843 3.223784998433554 0.8430666166583993 0
1844 -5.964387737634444 3.095196963254213 0
1845 -6.40289358429469 3.128869854598364 0
1846 3.783273220283662 2.528797821236328 0
1847 4.101986475667152 2.482411469579796 0
1848 3.417881679085552 9.559712506739974 0
1849 3.681179903449467 9.117268564113406 0
1850 3.947508750689592 9.557556057373432 0
1851 -8.687012913591236 8.00817053350919 0
1852 -8.114057485867027 7.957433699212615 0
1853 -3.762994472842754 -2.301581641421887 0
1854 -0.3150880718358383 2.177025425870953 0
1855 0.9776789741188787 -2.801459309427186 0
1856 0.2517367141292444 2.197307993878625 0
1857 5.250039872570044 -2.28556126392874 0
1858 5.115874094729545 -2.660838461049378 0
1859 -2.43414278238242 -3.572576305722298 0
1860 -2.572373233481722 -3.906015723441829 0
1861 -4.066969808742086 -0.3439683690101389 0
1862 -4.229114692330016 -0.6319439828749969 0
1863 9.553336857424139 -3.44669125968294 0
1864 9.551095982618989 -3.957095318981656 0
1865 -2.926520997347929 1.742916446583253 0
1866 -2.747824867436388 1.998469602957087 0
1867 -3.017507634985919 2.047094156793068 0
1868 -2.630825653913928 -9.113463016986429 0
1869 -2.896617411034176 -8.703402120552873 0
1870 3.424217213840282 -1.08088393183764 0
1871 3.718729003907787 -1.048060425744712 0
1872 8.606085879540021 -5.015359457256153 0
1873 8.173878053161786 -5.287928627533974 0
1874 8.665626088202213 -5.539174402328195 0
1875 -2.122727838344912 0.804966273968327 0
1876 -2.157796499305335 0.5989254836271789 0
1877 -0.166203726345746 -3.95907469870199 0
1878 -0.9463168535260691 -3.78982458366063 0
1879 -0.7693783529385042 -4.031041551918099 0
1880 -1.503960716407803 2.250309989334554 0
1881 1.444026413675568 -6.45273399168949 0
1882 1.85643330924757 -6.382174052772667 0
1883 1.589363610118451 -6.079804636731676 0
1884 7.707767511302888 -7.062509328919872 0
1885 7.692631736757998 -7.58314424892129 0
1886 8.191487750375829 -7.352014977441401 0
1887 4.474673092178945 8.696184744209464 0
1888 4.737655253913986 9.107580261225522 0
1889 -7.109611469923883 7.794268828074124 0
1890 -6.844486701805053 7.383033930781304 0
1891 -9.114087405256088 -1.58129815389509 0
1892 -8.67677401546532 -1.870820945430869 0
1893 -8.674798657554929 -1.361461996227217 0
1894 8.614449740984075 -1.279365438117118 0
1895 7.423112519679478 -3.583943995723531 0
1896 7.894606435628104 -3.45271816117805 0
1897 3.026643199537558 -2.725622142248444 0
1898 1.940804386102179 -1.123532786963107 0
1899 1.943268870133846 -0.915930057799818 0
1900 0.8542421805215052 0.8453400632031032 0
1901 0.8924640511205856 0.9857182877417894 0
1902 3.489398420841544 -6.018749916664342 0
1903 3.084265429415952 -6.12920992208443 0
1904 -8.683250661701317 -0.8491464548245991 0
1905 -9.12934521415005 -0.5544389323889227 0
1906 0.3241402629306924 1.17808711979459 0
1907 0.2496281530985872 1.306339752366563 0
1908 -0.2029290445800662 5.871289915047472 0
1909 0.1502673636879976 5.635008920138866 0
1910 5.445656115123271 -4.808153403153925 0
1911 5.157675759260646 -4.503829800049217 0
1912 5.024374531984714 -4.911783517773882 0
1913 3.95643110501991 8.722136124822438 0
1914 4.220297222145348 8.303208754285038 0
1915 -1.847716446962285 -3.020053052056807 0
1916 -2.065258962239133 -3.202080439828849 0
1917 1.535685210828241 1.531646658376312 0
1918 1.651099834925291 1.370250582267666 0
1919 1.726905432951898 1.531343339340518 0
1920 -5.568697859792915 2.406436673881362 0
1921 -5.762659696106536 2.750179976339808 0
1922 -5.976444495257515 2.423083102044758 0
1923 7.306698440104936 -6.797001834725458 0
1924 6.962755222168306 -6.416304521232503 0
1925 -2.076787548908417 1.251402278350657 0
1926 -2.11995961341524 1.03357734058469 0
1927 1.587316986694602 -1.347458403062801 0
1928 2.678966654703581 1.197793048827287 0
1929 2.910590140821075 1.238242897107876 0
1930 5.975472784949955 -3.195140775336222 0
1931 8.608264904868786 -4.497046897049784 0
1932 9.100012939909213 -4.748292671844005 0
1933 -4.956593617389721 2.719859417947316 0
1934 -5.206487516331915 2.38675326621474 0
1935 3.648397084149689 -4.67282200373909 0
1936 6.229109968826135 -2.408599889231964 0
1937 5.971931982712915 -2.120692706437815 0
1938 -7.9421127424924 -2.027262550791685 0
1939 -7.565900546801418 -2.093000557006694 0
1940 -7.861273072073179 -1.716722793978005 0
1941 -8.151199693477841 -7.959048252053282 0
1942 -8.710479916076121 -7.999081648464546 0
1943 -2.526813937633067 0.7134108046266602 0
1944 -2.362033404463946 0.5293931217033376 0
1945 -5.26058843147977 -2.745112652125335 0
1946 -5.38389726142363 -3.104165864769325 0
1947 -5.022616665490942 -3.059705393173952 0
1948 3.118645968940172 -1.12466271132058 0
1949 -4.655244130243725 -9.400608587621154 0
1950 -5.011452005179519 -8.938868222554355 0
1951 -5.09304998020534 -9.538259634933201 0
1952 2.519108383847812 1.37353087254582 0
1953 2.60811582464903 1.620373380256869 0
1954 1.70494688302727 3.126910778813905 0
1955 1.698124904242399 2.867101957627135 0
1956 -9.191335591312782 4.735180014302696 0
1957 -9.66610254401046 4.984102941594292 0
1958 6.070855097030403 -9.510117331710827 0
1959 5.803569538252008 -9.07425161874678 0
1960 5.522188125427469 -9.564134287035952 0
1961 -6.049008766231204 9.552667551792386 0
1962 -5.780122860148455 9.110532486249431 0
1963 -5.520587778123115 9.557864934457047 0
1964 -9.496439243336035 -6.010306914211716 0
1965 -9.603051535042207 -5.519178705736324 0
1966 -2.208370447175826 -1.016478328026892 0
1967 -2.021484495986611 -1.155473122321622 0
1968 9.546764029158961 -1.299719785118526 0
1969 9.039134860858876 -1.579442799451479 0
1970 -4.905900473025232 4.865993950456171 0
1971 -5.285451518498502 5.085422758011637 0
1972 -3.512156636884796 -1.59410083508395 0
1973 1.746094959603212 -5.703585548140792 0
1974 -0.8142839634771423 -6.491114133858416 0
1975 -1.064988029430434 -6.162398972625287 0
1976 3.544311177118531 0.4293152142149752 0
1977 2.586097964290057 -5.58458168725475 0
1978 -4.341610433369802 -9.624739167869375 0
1979 -5.774391641115431 -3.149802020235447 0
1980 -5.536419875126602 -3.464394761284065 0
1981 -3.230482102203812 8.183300485609273 0
1982 -2.971743544525433 8.626429737899278 0
1983 -3.47625104130838 8.633481168450764 0
1984 7.85201086520264 9.102475934352432 0
1985 7.57357224854886 8.648427643091598 0
1986 8.086096384371295 8.64998892818797 0
1987 -5.177453767983459 -4.509073743895366 0
1988 -5.002144555854517 -4.117612346120814 0
1989 1.348969100404704 0.6581573921509754 0
1990 1.530503307375775 0.66252544334676 0
1991 -1.481917617418699 -0.1309760740927572 0
1992 -1.626164389420175 -0.07609599209399548 0
1993 0.8344149000674708 0.7207181092311357 0
1994 0.7269340616424314 0.8317287351566658 0
1995 0.6233806710495413 0.9111880464557806 0
1996 0.4902447119509937 1.007592966385283 0
1997 2.391199445044036 -2.38594520947438 0
1998 1.559015766722003 -4.015616711788043 0
1999 1.877122729389924 -3.971500523282358 0
2000 2.273360900417095 -0.473446855954114 0
2001 2.257999237135938 -0.265734782204378 0
2002 2.086642210693126 -0.3848799696340431 0
2003 -9.556056023672848 -0.7991274970734572 0
2004 -9.573289190477201 -0.2816272247709415 0
2005 6.28786307619888 -7.548600585396409 0
2006 6.791416589814377 -7.603167280650863 0
2007 9.556631940549408 0.7832089615527521 0
2008 9.116321166520692 0.5277131096552941 0
2009 9.559689225971283 0.2708199375580179 0
2010 0.7566486127837824 -9.56359534569299 0
2011 0.4880468603220233 -9.139620933840396 0
2012 0.2577140369937169 -9.576025588147406 0
2013 1.344013171480594 9.56377182623585 0
2014 1.616532695184497 9.130033718268498 0
2015 1.851466892141423 9.566261892032646 0
2016 -2.315837436457404 2.92301722343745 0
2017 1.93426839795102 -0.707644462546535 0
2018 1.928202238717108 -0.5010614741923602 0
2019 1.760466762693844 -0.6161138933551161 0
2020 -5.259696378652698 1.057708944956512 0
2021 -5.613923381695942 1.058697611900419 0
2022 -5.440820975868487 0.7281671291999825 0
2023 9.03380756007045 7.744025847223268 0
2024 9.574509129260008 7.568029847791779 0
2025 4.473824540161527 9.557556057373432 0
2026 5.000672819022006 9.550024203852089 0
2027 -2.649806184265219 0.827578482930965 0
2028 -0.578063142147773 -2.177209049710194 0
2029 -0.5539226698329127 -1.960795662124368 0
2030 0.5192509513306161 3.509015100073144 0
2031 5.16193875328387 2.59647972812754 0
2032 5.385320192930924 2.298843838919412 0
2033 5.526927093892295 2.630833891692133 0
2034 -6.513660969027149 7.00176733308723 0
2035 -7.061097844857745 6.980341318129217 0
2036 -4.739175336351824 9.10621722489994 0
2037 -5.003446256248498 8.68823170692179 0
2038 -4.490919720559956 8.678719062907636 0
2039 6.073928654652699 -1.738018548033586 0
2040 5.694089377996395 -1.838604400368263 0
2041 -6.56792160523433 8.666132421954863 0
2042 -6.044296154501801 8.684377708064151 0
2043 -0.360782466557125 -1.906687344165458 0
2044 -0.5344787265278437 -1.781404394488735 0
2045 2.898602596141454 -9.539449120772407 0
2046 2.339927717727202 -9.507527713632642 0
2047 0.8888518533560885 -1.971259576660145 0
2048 1.077109702213921 -1.871827299460686 0
2049 -4.190204494356907 -1.182065678749195 0
2050 1.666446684322858 2.626286330917886 0
2051 1.887197265124891 2.722492305861621 0
2052 7.957315423761388 2.861146673604163 0
2053 8.366826185554283 2.924369710888924 0
2054 8.079349805955232 3.307168000303023 0
2055 1.813611928251763 -9.507527713632642 0
2056 1.282964402259221 -9.56359534569299 0
2057 9.551095982618989 -4.483411108453591 0
2058 9.548916957290224 -5.00172366865996 0
2059 0.5699098963624366 9.094721897496935 0
2060 0.523806801689828 2.111211652429403 0
2061 0.4869030739051062 1.933372928466887 0
2062 0.6885175396381353 1.988625339408062 0
2063 1.931997957631296 4.29343563891388 0
2064 1.643791246101945 4.208515752594275 0
2065 1.859213324547993 3.986848246604099 0
2066 6.050061772260782 7.779054173212265 0
2067 -9.558031381583239 -1.834802235752548 0
2068 -9.556056023672848 -1.325443286548896 0
2069 5.175267034816467 -5.635340364024824 0
2070 4.89032331299002 -5.309827785337279 0
2071 4.56240162321521 1.339711429737339 0
2072 0.3696542345026579 1.057543177637894 0
2073 0.2133050735339796 1.086469768444847 0
2074 -2.316565343051754 -3.261746526407709 0
2075 -2.287692027265603 -2.947342404903036 0
2076 -4.245090119721695 8.225542730545122 0
2077 -3.980819199825021 8.643528248523273 0
2078 0.9270487932146929 -0.6134664743426049 0
2079 1.052958656822305 -0.5944071048925573 0
2080 0.9919352673919197 -0.48094063055018 0
2081 1.206947572041942 0.6124865847473844 0
2082 1.056601802400617 0.6011046156128147 0
2083 2.121182327911986 -6.673281554017774 0
2084 2.266519524354869 -6.300352199059962 0
2085 -2.386419682022222 -9.547985681742841 0
2086 -2.875984919273511 -9.565477335243589 0
2087 0.9331654111232237 -4.092713462313274 0
2088 1.243526165309698 -4.051367271027166 0
2089 1.008752994820107 0.4839398969730891 0
2090 0.9138742113660338 0.6171647186378477 0
2091 6.557156668352299 7.777051923524879 0
2092 6.29746893184821 8.207885274068733 0
2093 -9.509342787657236 -3.983498460145454 0
2094 -9.077596590673188 -3.728754814569662 0
2095 -9.568253803015953 -3.429466880732317 0
2096 -3.760233516793503 -4.900292796074744 0
2097 -3.565833723910071 -4.588767938018142 0
2098 -8.29173816843751 -2.143875395913135 0
2099 -7.996365643165749 -2.520153158941824 0
2100 -4.388150737263486 3.066990800347045 0
2101 -4.194960313102905 2.78785505964888 0
2102 -4.024836876228886 3.148660572277703 0
2103 6.350754519511501 6.514456564467686 0
2104 6.549850729141776 6.959635364345164 0
2105 8.631641562469442 -7.612961963589471 0
2106 8.646777337014331 -7.092327043588053 0
2107 6.828859148590245 -9.139661503457546 0
2108 7.28283991991222 -8.807112393372137 0
2109 1.339418988607089 5.312228004066646 0
2110 1.078867780303545 5.556059754056137 0
2111 0.999743381650855 5.227532958137696 0
2112 3.771514174108928 -6.327530930318195 0
2113 -7.505888626536343 -0.3435550479166485 0
2114 -7.788768626678065 -0.6454105183161581 0
2115 1.041885478644372 -0.3603501531010586 0
2116 1.159859978129566 -0.3159309335977019 0
2117 1.083900325774406 -0.2143998255986281 0
2118 -1.009224483286928 -0.4836492317875701 0
2119 -0.9119785743538045 -0.6233573116950276 0
2120 -2.197811728581337 0.3935906547726629 0
2121 -2.216140366322971 0.1860259992488349 0
2122 -2.011903461164359 0.2555583611726761 0
2123 0.52368974099537 -2.203325816607683 0
2124 0.7084610117063364 -2.082940787589201 0
2125 0.5222822183399048 -1.983843978677089 0
2126 9.561715253687741 1.807191999854109 0
2127 9.556631940549408 1.309524751028191 0
2128 -2.534040733117431 1.852694274156427 0
2129 -2.625027370755421 2.156871984366242 0
2130 0.8176973820080745 9.56377182623585 0
2131 -9.584698288987072 1.303536426553335 0
2132 -9.567679838861242 2.907969396230405 0
2133 -3.402300708745447 -9.565477335243589 0
2134 -5.515875166393712 8.689575090728813 0
2135 -1.9423802223803 4.93187964869265 0
2136 -1.790637596052103 4.573988854975375 0
2137 -1.587580114003399 4.8753081102836 0
2138 4.474144847941063 -9.555210179391507 0
2139 7.832654474047541 3.656712769870675 0
2140 2.360421877247536 3.855475521252732 0
2141 2.073858139446884 3.788845019869855 0
2142 -4.4817454529603 9.548352290442892 0
2143 -3.955429663485695 9.548352290442892 0
2144 -9.509342787657236 -4.509814249620059 0
2145 3.058986074509462 2.738063868962596 0
2146 3.150730509000441 2.988648383915721 0
2147 2.875113691758756 2.960829104607897 0
2148 -2.910848135834952 -3.942771951462691 0
2149 -2.709068082577118 -4.220119624793446 0
2150 -9.5286846701533 6.526280664437976 0
2151 -9.086440066566151 6.77459983834807 0
2152 -9.557755396412851 7.090424437067382 0
2153 5.787118418126283 9.097482983224523 0
2154 6.050053669617398 8.652402541250494 0
2155 0.8104953953733284 -0.8228831022750029 0
2156 -3.801613037486931 1.267149514764506 0
2157 -3.952312124526686 0.9999508340239924 0
2158 5.531220201800318 -7.975636169501648 0
2159 5.880555895680529 -7.734900097260692 0
2160 5.738296081134822 -5.127274309968188 0
2161 5.871597308410754 -4.719320592243522 0
2162 -8.677892438310128 7.100692436542243 0
2163 -0.8325192630552414 -0.7269107022883157 0
2164 -0.8458721550322282 -0.8697007174621888 0
2165 -0.7204596731653836 -0.8498967963585713 0
2166 4.995872335953196 -9.564134287035952 0
2167 4.73317507863694 -9.11934446642746 0
2168 -4.994271988648842 9.557864934457047 0
2169 -9.603051535042207 -4.992862916262052 0
2170 9.150834340382239 2.515062604847583 0
2171 8.711514988374718 2.736518481291683 0
2172 5.996891294603198 -4.307364968608403 0
2173 6.129661069212025 -3.9038594390496 0
2174 -7.158376231041332 -8.65791316651358 0
2175 -7.434508540085094 -8.244960277476419 0
2176 -7.649207159070867 -8.681703128175441 0
2177 2.200267986167781 -3.927360718718117 0
2178 2.526463682994179 -3.887033506326857 0
2179 4.953520900962515 2.881305368228015 0
2180 5.075344507392879 3.214480542892006 0
2181 8.673573500626816 0.7520837168260365 0
2182 2.240362961271977 -0.05742239721882934 0
2183 1.254575200803343 -1.764067093789532 0
2184 1.419305617182465 -1.660277129204553 0
2185 1.123571451077624 -0.7210942112332663 0
2186 -1.041123087817009 0.3606100289417786 0
2187 -1.158428363649938 0.3153440803694689 0
2188 -1.083231102122141 0.2135530965296752 0
2189 9.094583191730216 -5.788051952944311 0
2190 8.662375365351982 -6.060621123222132 0
2191 -0.9104904113482077 0.6220158431932399 0
2192 -1.035637884128457 0.6032163495839122 0
2193 -0.9911728765645562 0.4812005063909 0
2194 9.0909945293891 -7.870285727386637 0
2195 8.6357049427506 -8.129973661239985 0
2196 0.1525260557022401 -2.199913348960883 0
2197 0.1669162369111693 -1.987515512452994 0
2198 2.942344277182212 -6.505846759865493 0
2199 2.673189695253026 -6.214822862524006 0
2200 7.832556675493739 -2.790489014981593 0
2201 7.546729101025454 -2.737034714953454 0
2202 -1.870934469197867 0.1583797874318356 0
2203 -1.852605831456233 0.3659444429556636 0
2204 -3.299814026223348 -3.347692138473403 0
2205 -3.104833400128854 -3.663319287775512 0
2206 4.464258781877269 1.589706114570358 0
2207 2.40844067658861 -5.923715361278898 0
2208 6.254086262301097 -3.501847932217676 0
2209 6.385062155634195 -3.103800081242244 0
2210 -4.110556403064522 0.7263651556709996 0
2211 -4.263647548103217 0.4527986052981843 0
2212 9.543465574553972 -7.624005435919518 0
2213 9.54752895483513 -8.141017133570031 0
2214 -1.905714074193194 -1.73156217225718 0
2215 -1.72229074938765 -1.862988173751704 0
2216 -1.702633728304223 -1.642521945270017 0
2217 1.308230900575376 -0.2765866653719788 0
2218 -5.805353218668954 1.390135679087554 0
2219 -5.986477815884744 1.060593863331024 0
2220 4.072335048460726 3.968139965120359 0
2221 4.16543617207498 4.298237148999658 0
2222 3.844353857715303 4.228071597714364 0
2223 -1.471256550756699 -6.259993584215781 0
2224 -1.316276774380551 -5.863903581397826 0
2225 0.7794083918962611 -6.223710099742911 0
2226 0.5180405922119329 -5.937509302527388 0
2227 0.3222312994928742 -4.167375400205101 0
2228 0.6255092147711927 -4.129303685986743 0
2229 -3.722080642146641 9.086657500813278 0
2230 5.578656401403731 2.021096901451051 0
2231 2.11100434615711 -0.800877638637062 0
2232 -2.45350646484777 8.631435652294895 0
2233 5.469822150562364 -5.965369275375105 0
2234 5.606910003593236 -5.546136032228872 0
2235 -0.9956713228859047 -0.8909070742548786 0
2236 -0.8836117329960469 -1.013893168325134 0
2237 -5.808838326436835 7.413845732991994 0
2238 1.925362873028296 8.746129958655457 0
2239 8.197600231181465 -8.426238929285111 0
2240 8.656953198101123 -8.683562693082278 0
2241 5.085754762616103 -7.941788949919346 0
2242 5.22978485499906 -8.360320885801578 0
2243 -6.653689803036723 -8.657900509437377 0
2244 -6.868388422022496 -9.094643360136399 0
2245 -0.1491215122567977 -6.733597413527074 0
2246 0.2461085829400903 -6.67025557930894 0
2247 -0.01337002595081496 -6.360397458055457 0
2248 -3.729129435991466 -2.861061615563092 0
2249 -3.493430466996143 -3.068902238846414 0
2250 0.7810116389236406 1.683763555183994 0
2251 0.6210554973283713 1.642480915084545 0
2252 0.7504533243985982 1.515457854822993 0
2253 -0.6169062825724937 -0.9293561076576862 0
2254 -0.4745370031790454 -0.996700909648678 0
2255 -0.08893957545504774 2.905695701315524 0
2256 -0.333748920246675 2.852885064142664 0
2257 -1.535678560189898 -1.993057668405135 0
2258 -1.346390259591088 -2.117385560328501 0
2259 -0.9586374129512643 -6.872053842106829 0
2260 -0.552953570621825 -6.804679000522004 0
2261 -9.132073557086358 1.572587253002321 0
2262 -9.547375268099284 1.847998194886507 0
2263 1.83570594206329 0.4940805063959538 0
2264 1.807021344111555 0.687238822196178 0
2265 1.654167570123073 0.5726711621380576 0
2266 -1.302358585265768 0.2760651037535193 0
2267 -9.547375268099284 2.374313984358649 0
2268 -4.715211689546186 -5.222178691270794 0
2269 -5.100205622480752 -5.245471257942041 0
2270 -4.882069367886396 -5.612188376643462 0
2271 7.234554775091974 -7.824387521825297 0
2272 -4.059501770296401 -2.318156264091399 0
2273 -3.932019774372836 -2.598307127609725 0
2274 6.557148565708915 8.650400291563107 0
2275 0.5835443777329252 2.308226306791304 0
2276 0.3819299119998962 2.252973895850128 0
2277 -6.831423073712706 9.102885409195533 0
2278 -7.090800830690493 8.663682727565625 0
2279 0.5255464311452247 -1.806522509336078 0
2280 0.3407751604342585 -1.92690753835456 0
2281 7.617111785741558 9.550457324628029 0
2282 8.129635921563994 9.552018609724403 0
2283 -4.890489933744323 -8.447389163889099 0
2284 8.272110331583011 0.9689744070967069 0
2285 -2.319249950258272 0.9633390171742171 0
2286 7.986267562017742 2.146290934564219 0
2287 8.019040431843127 1.644058499564872 0
2288 -5.333654314433763 -4.900768915152938 0
2289 -5.577760138276679 -4.55438108647893 0
2290 -4.86432750765873 -3.745648691419107 0
2291 -5.283742543630589 -3.79072226051965 0
2292 -0.4533721457941937 -1.65323826047554 0
2293 -0.6465123490699816 -1.70734657843445 0
2294 -5.607640721712023 1.73378961362163 0
2295 -5.980195155900825 1.735685865052235 0
2296 -3.498290143474225 1.799095682630573 0
2297 -3.646263327445932 1.53672236442497 0
2298 -5.674236923322388 -3.836358415985772 0
2299 4.117904493492445 -0.7244925018545176 0
2300 4.229200992739917 -0.4477840094759376 0
2301 0.2785283038468441 9.530950071261085 0
2302 -0.5774022181941573 2.786447615415862 0
2303 -0.8087182110204036 2.72132604614483 0
2304 5.526988608493942 9.550024203852089 0
2305 6.04960349384576 9.547458779372434 0
2306 0.6442747413789236 -6.599539867997701 0
2307 1.041823064029112 -6.526194343903289 0
2308 -0.5658557240296166 1.258140614273414 0
2309 -0.5929764421724589 1.083533753737232 0
2310 9.543465574553972 -7.097689646446706 0
2311 6.497483719779713 -2.705199752944524 0
2312 6.620145010322796 -2.316706717815697 0
2313 9.548916957290224 -5.528039458131897 0
2314 9.545666234439993 -6.049486179025833 0
2315 -1.950521070872882 -0.4808583299137176 0
2316 7.967759202911432 -3.065672943314697 0
2317 1.152402674728204 5.902156178192815 0
2318 0.8127270677719692 5.817461132263865 0
2319 1.468271501697415 -0.5214673480037046 0
2320 -4.931355121710784 5.876112570054916 0
2321 -5.108623972610905 5.516420969862353 0
2322 -5.989671713706702 -4.607730489122241 0
2323 -5.833471167256398 -4.216035317864669 0
2324 9.561715253687741 2.333507789329548 0
2325 8.220020893372348 -6.321561815022999 0
2326 8.648977996900353 -6.570439365639116 0
2327 7.807032602342915 2.440787277975168 0
2328 -1.962701616820668 -5.671372909822408 0
2329 -1.601511678828564 -5.621390293937731 0
2330 -4.251173123459092 -0.0925010766757131 0
2331 8.560056543525027 -1.838316035769065 0
2332 -2.061702080295788 -1.374893512321413 0
2333 -1.845839468800591 -1.291675553775701 0
2334 -6.180619029179271 2.080153181633945 0
2335 -6.378331526136201 1.736499247099868 0
2336 -7.892669689596957 -9.109838574304124 0
2337 0.762175548636768 -1.425441920129404 0
2338 0.9427089719474484 -1.384554728085329 0
2339 0.4936793015948274 1.744799108389835 0
2340 0.4631209870697851 1.576493408028834 0
2341 0.3289685636465201 1.867385421411176 0
2342 -6.202694334947235 5.021937994079622 0
2343 -6.446400703696 4.640994632809091 0
2344 -5.815575949261284 5.849248221218681 0
2345 -5.99240349514888 5.418250009367965 0
2346 -5.547872823930682 5.429641520326851 0
2347 -2.14968204107106 -0.5816894351490665 0
2348 0.2430123861402122 6.341908731483761 0
2349 0.5226131021733104 6.066223611066965 0
2350 0.6066612461635295 6.43924267681734 0
2351 -1.304964296475702 6.833053537980301 0
2352 -1.206173417813212 7.246800564466917 0
2353 -1.54133812580252 7.042677552557973 0
2354 7.718275014164916 -8.113893170346826 0
2355 -2.24546149053659 -0.02623155996351323 0
2356 -2.290330588719732 -0.2347850603437787 0
2357 3.899143536575282 -1.273289944601629 0
2358 4.00802805418465 -1.001054131218556 0
2359 9.582782840694055 6.567668542224059 0
2360 9.582782840694055 6.041352752749789 0
2361 6.597170886504673 -9.510117331710827 0
2362 -6.575324555705474 9.552667551792386 0
2363 -9.496439243336035 -6.536622703685986 0
2364 1.484474423849758 -2.482518541530237 0
2365 1.541393717499721 8.011762028931379 0
2366 1.073131026402765 7.98409514680399 0
2367 6.793773143176663 7.348746479527495 0
2368 7.041180302764092 7.777577580383964 0
2369 -4.467272501440597 -1.770522379229939 0
2370 -4.250113108836659 -2.045983044741123 0
2371 2.076725629502454 -4.222540878243244 0
2372 7.072025278659966 8.653398836818702 0
2373 6.824610016429153 9.097916104000463 0
2374 -7.098203781161637 9.550217857403148 0
2375 -9.557646671205426 -7.081472326601271 0
2376 -9.05408591454146 -6.775989767132854 0
2377 -2.851863437584339 5.257147862615666 0
2378 -3.033922615374347 4.948270020426325 0
2379 -2.658336515803291 4.94157491902565 0
2380 1.984160461871887 -7.07126655014973 0
2381 2.394246676979186 -6.989444696437024 0
2382 -4.525546828833216 -3.666244023819713 0
2383 -4.807144816609288 -3.339353938218549 0
2384 7.306110797828622 8.200911830654242 0
2385 -6.602903628587589 -9.547315351530099 0
2386 -7.107590056592197 -9.547328008606302 0
2387 -7.346110951368088 3.850805043205503 0
2388 -7.10552104854419 3.466757725843792 0
2389 -6.875970739842142 3.874960622055234 0
2390 -0.2847443152443247 -4.239145957209838 0
2391 0.01863323289124395 -4.203459810285382 0
2392 -7.616693412822384 8.685945439958022 0
2393 -7.353191944344008 8.249192452717352 0
2394 -4.588844023787913 3.411199574312967 0
2395 -4.758967460661932 3.050394061684143 0
2396 3.678868011971892 -1.828575466349546 0
2397 3.792224792392446 -1.551918605308426 0
2398 -3.164478105115812 2.323354790619883 0
2399 -3.343174235027352 2.067801634246049 0
2400 6.032851196880719 -5.457303221318469 0
2401 5.794497289935713 -7.370804721755134 0
2402 3.636322915498972 2.779733150373931 0
2403 3.481553196535837 2.514947819132817 0
2404 2.805313639758443 -6.893588172341435 0
2405 3.216389373921369 -6.807975231901858 0
2406 2.566702474418418 0.1498968133896612 0
2407 2.570172126605105 0.3776743524337445 0
2408 2.1794277933919 -5.670111023790707 0
2409 6.575919283317695 9.547458779372434 0
2410 9.545666234439993 -6.575801968497768 0
2411 -1.771232862938237 7.410984607182968 0
2412 -1.870023741600727 6.997237580696352 0
2413 8.3631273146692 8.221334738946526 0
2414 8.64156593132298 8.67538303020736 0
2415 -9.5286846701533 5.999964874966041 0
2416 -6.076587839115653 -9.547315351530099 0
2417 6.28953126061475 -4.626485875422666 0
2418 -6.664336874990923 4.247882262676009 0
2419 4.556593633964601 5.744190647228645 0
2420 4.196907813457013 5.653017224268574 0
2421 4.462680083112814 5.359825714967286 0
2422 -7.579515776591029 4.256633919699691 0
2423 -7.809066085293076 3.848431023488251 0
2424 3.446819153988082 -2.391214792141119 0
2425 3.563610853175815 -2.1082609495853 0
2426 -1.160318292559534 -2.245889021258497 0
2427 -0.9779513286256809 -2.368756899762509 0
2428 -6.086148498752411 -3.889707818629084 0
2429 -1.233730226768918 4.855337043073336 0
2430 -1.385472853097115 5.213227836790612 0
2431 6.539250439896264 -3.812518744955621 0
2432 1.438090771312293 -4.302431242046607 0
2433 0.5627734382949116 -1.237807820415144 0
2434 0.5817707701540963 -1.089386810894263 0
2435 -6.41214536064941 -4.667398139290153 0
2436 -6.15643433166969 -5.005743907904414 0
2437 -7.633905846065009 -9.547328008606302 0
2438 -8.15350068563486 -9.562510565697824 0
2439 1.816974501302393 1.718048566383056 0
2440 -7.624519570635902 9.550217857403148 0
2441 -9.557646671205426 -7.607788116075538 0
2442 -1.180885505360045 1.758166171405103 0
2443 -1.377060650654288 1.671329097729702 0
2444 -8.787397323576752 4.670280871168721 0
2445 0.4490782077486519 5.720127186930287 0
2446 -5.657771205233265 -6.896879473525477 0
2447 -5.375170353597666 -7.253103250655723 0
2448 -5.229934412577347 -6.829830738480741 0
2449 -2.056704246565737 4.357566203730106 0
2450 0.8149449735479566 -4.374772024959199 0
2451 8.655951711038266 9.552018609724403 0
2452 9.54752895483513 -8.667332923044304 0
2453 -9.51249769096216 8.133832837902906 0
2454 -9.51249769096216 8.660148627377179 0
2455 -8.679816475109131 -9.562510565697824 0
2456 3.442176808237728 3.036546569383315 0
2457 3.258304425487022 3.259311805028616 0
2458 -6.222683451554237 -6.184525001898937 0
2459 -5.949210116200462 -6.538642204960681 0
2460 -5.786008599566721 -6.119489758288752 0
2461 -0.8872708836841562 -4.311088763160804 0
2462 -0.5874738052269666 -4.274808056869151 0
2463 -2.86882513626531 2.891466666474186 0
2464 -3.007054168729481 2.59458753334813 0
2465 2.427081650995946 -0.1459892835389003 0
2466 9.169850643078433 -8.819518333426034 0
2467 -3.24152824922425 -3.977423189127128 0
2468 4.497883503219827 -8.718447012501144 0
2469 4.301982652179824 -8.302479343751603 0
2470 1.553685422904502 1.242950142688114 0
2471 1.744905645028159 1.24264682365232 0
2472 -1.615602217161415 0.04074041373735007 0
2473 -1.750932019287416 -0.0802366826003596 0
2474 0.1364771212152978 -2.595323576832069 0
2475 0.1546933042999928 -2.800919743987579 0
2476 0.3572832532604511 -2.710770274880229 0
2477 3.630095460997633 -6.716669257320881 0
2478 4.048189623761423 -6.623966368213161 0
2479 1.593899671216699 -1.553755162383012 0
2480 1.768186638386519 -1.444199099356081 0
2481 -0.3539465257307095 -1.046651120901289 0
2482 -0.3106111921756456 -1.168538726768324 0
2483 -0.2154837115508812 -1.087813432155185 0
2484 4.504832307562038 -3.320470032628614 0
2485 -3.486026396226229 7.980743042503358 0
2486 -2.981518899443281 7.973691611951871 0
2487 3.127368848630125 -0.09608288031656974 0
2488 2.909218638842866 -1.184050071624119 0
2489 2.665104616549947 -1.083561668609073 0
2490 1.293502114217452 0.5135506013516471 0
2491 -4.269320220670826 0.993918987167991 0
2492 -0.2934749617309197 -7.114537121775487 0
2493 7.090795996268747 9.550457324628029 0
2494 -4.544669894404126 -0.6547596176525425 0
2495 -4.371168936813728 -0.9164375453947426 0
2496 0.8902593760115538 -2.19074141459074 0
2497 -1.689944458841901 -1.4561231135535 0
2498 -0.4066769983945737 -2.294798503925092 0
2499 -0.2327932115757058 -2.399558043137644 0
2500 -0.4082222132163346 -1.272807534623182 0
2501 -0.2697593990365063 -1.313969845877077 0
2502 9.089131808993965 -6.831386351787185 0
2503 4.942924556907561 5.857473837474979 0
2504 4.67715228725176 6.150665346776266 0
2505 4.498425346940397 4.379512761303518 0
2506 4.270444156194974 4.639444393897524 0
2507 3.213799287019675 -2.964621508985569 0
2508 3.336703614563961 -2.67851701305879 0
2509 5.403270920216883 1.136755943149402 0
2510 5.570448142392529 1.448433011450128 0
2511 3.743896831985553 3.050396571486826 0
2512 3.863335806926303 3.352166601948034 0
2513 -4.918029213833434 1.023140169785983 0
2514 -2.671186944869688 5.58047166307446 0
2515 -3.046773044440744 5.587166764475135 0
2516 -8.162587220982648 1.38120655751767 0
2517 -8.421089907991288 0.9716852908867557 0
2518 4.712899617340397 5.085859572064371 0
2519 4.353213796832808 4.994686149104299 0
2520 -9.557755396412851 7.616740226540194 0
2521 -5.077333636606244 -7.639807834073439 0
2522 -4.783599996056914 -7.977912310749501 0
2523 -4.653599920392415 -7.524158992287049 0
2524 0.5085232550729409 -6.972739823469318 0
2525 -8.750175227755967 0.7768399623638744 0
2526 5.01961099123196 -8.727371120145589 0
2527 5.108635421051375 -0.3368288488640648 0
2528 5.304115602369706 -0.6574297226928849 0
2529 -3.539805070732985 -5.223713360402576 0
2530 -3.934876076511096 -5.231134160270598 0
2531 6.776097197130856 -3.011906909825977 0
2532 -6.470397460277839 5.441544694971451 0
2533 -0.04416966581679793 6.618600003779447 0
2534 -0.1282178098070171 6.245580938029072 0
2535 -3.062059417866958 6.254113634816951 0
2536 -3.458188874401454 6.254300264103474 0
2537 -3.262226008260589 5.910677194220451 0
2538 5.428453553176843 3.276106010005835 0
2539 5.200252406324481 3.562116771997581 0
2540 -0.6267823028587667 -2.581303198412772 0
2541 3.237170402327705 7.047048118165662 0
2542 -6.374580865492891 2.423896484092391 0
2543 2.994962914335018 1.471521858592458 0
2544 3.148622990859764 1.278182825117684 0
2545 5.673259318593967 2.975814109112586 0
2546 -0.3277220159930758 8.779921273945469 0
2547 1.308892763158231 -6.828563759944279 0
2548 -5.486979751406019 -1.77509956510125 0
2549 -5.71700562367634 -2.089305094852874 0
2550 1.248115716250727 -1.971299997990529 0
2551 2.836180926317465 1.658040408285056 0
2552 2.687366686670165 1.846831857959275 0
2553 -6.898624471371117 4.652120309550027 0
2554 1.42142063748871 0.4549013828136049 0
2555 -4.299272028677161 -7.42448273349782 0
2556 -4.593005669226492 -7.086378256821757 0
2557 -4.041596604566149 7.807663935334373 0
2558 9.576710103973301 5.549461126014346 0
2559 6.469086889134242 -1.607706550535173 0
2560 6.191244284417722 -1.325618244465621 0
2561 2.668291773718343 -7.29157316847339 0
2562 2.660959063718309 3.924073454348525 0
2563 2.447957222548117 4.140366066019496 0
2564 -1.397124572904212 -0.8237084677727766 0
2565 -1.307131605149964 -0.9537670457407363 0
2566 -3.856223552078121 6.263318930876014 0
2567 -4.27287830236982 6.253679723088659 0
2568 -4.075010215086783 5.901224615719619 0
2569 -3.95572623209199 1.537077515181448 0
2570 7.739523269515439 -8.667482202189118 0
2571 -2.316551281221439 -0.4490229559069916 0
2572 -2.346263027020221 -0.6615990959443754 0
2573 4.472333206373762 -6.554643583532538 0
2574 4.896618628830199 -6.464516366512829 0
2575 -5.500511992773973 -5.290778600525606 0
2576 0.2036907105942955 -4.447446658712949 0
2577 -8.663296066290275 9.57276570551009 0
2578 -8.13698027681601 9.57276570551009 0
2579 -9.521949956655593 -8.648092726506135 0
2580 -9.521949956655593 -8.121776937031871 0
2581 7.871117851440815 -5.641535533926689 0
2582 2.806031760260119 0.410426192001323 0
2583 2.941496368385996 0.1863764719650219 0
2584 6.7559904830084 -1.909388554721663 0
2585 3.469258711256709 0.880585207277971 0
2586 3.309723930168976 1.082422454252674 0
2587 -6.319194956766446 -5.415392056649666 0
2588 -5.896721309823739 -5.355724406481755 0
2589 7.751661716474542 7.344287086811148 0
2590 8.016592211539074 7.767621337081426 0
2591 7.542727272652986 7.772606386656857 0
2592 -5.157286903914148 3.064068191913238 0
2593 0.9562797432706052 1.726284325031331 0
2594 0.8268819162003782 1.853307385292883 0
2595 -5.556641102169844 3.078550535090816 0
2596 2.360612898736111 2.855376227527898 0
2597 2.108065776152383 2.785098384260861 0
2598 -3.629129954290947 -3.41918062581296 0
2599 -2.342695781191998 -5.724639058232717 0
2600 -2.102539460078147 -6.01476434139863 0
2601 -7.635504052055774 7.816531540466519 0
2602 2.236136052044558 4.367840162968567 0
2603 2.02071397359851 4.589507668958744 0
2604 -6.32950772558332 -0.2832301557641417 0
2605 -6.13304877823067 -0.6215435311878847 0
2606 -5.948020101504701 -0.2718141268657686 0
2607 7.024364233961978 -2.205988418434223 0
2608 -1.738758906078869 -2.082097895392297 0
2609 2.467023356754743 5.856058648842451 0
2610 2.592915104805748 6.213697101071442 0
2611 2.239118232901383 6.158117840693711 0
2612 -1.385944239296972 -4.096831152176125 0
2613 -1.505620036876553 -4.384175074058966 0
2614 -1.188851228975275 -4.354666180092592 0
2615 -2.690806428461657 3.740713887744087 0
2616 -2.851206490991781 4.033328654619968 0
2617 -3.020743633190469 3.740514630673636 0
2618 -4.025636733445112 -2.877636238232604 0
2619 -6.918842189804241 -0.6487134458804071 0
2620 -7.104539198879049 -1.028703511071408 0
2621 -6.700233411384096 -1.012949625277259 0
2622 -6.094446057220781 -6.961914717135662 0
2623 2.314714495461159 5.537944612655521 0
2624 2.668511367365523 5.593523873033252 0
2625 0.675813729640119 -8.770244905619506 0
2626 0.1768791538500535 -8.782675148073922 0
2627 -4.419138410366741 -2.342708530928961 0
2628 4.020224621967391 4.913410536800439 0
2629 -2.333353495345987 4.332044152537422 0
2630 -2.492916699011152 4.631628735110367 0
2631 -2.680832489928134 4.333112494263363 0
2632 3.796783043179794 0.4823702654072375 0
2633 3.635791645582549 0.6942844208759591 0
2634 1.948323765220226 -1.336239840245343 0
2635 2.127524197457983 -1.22187028717258 0
2636 3.493064823573863 -7.104410669796823 0
2637 0.8654151246090002 1.398422184938256 0
2638 4.298319026159939 -0.9497220207114349 0
2639 7.923017686439291 0.763759508214038 0
2640 7.486932703628934 0.6831773511255017 0
2641 -6.532821913532656 0.04286449460934177 0
2642 -6.717850590258624 -0.3068649097127744 0
2643 5.713304699495916 -1.073604957313941 0
2644 5.393015164593395 -0.9591228610309258 0
2645 5.475796515033657 -1.34144814568102 0
2646 4.883890180654543 -1.458017991402054 0
2647 4.915344299090362 -1.160674271652817 0
2648 4.64372749961377 -1.391726213656866 0
2649 6.755949017957758 1.510805240823659 0
2650 6.826856366778502 1.921873502413219 0
2651 6.468487762536826 1.820706762891636 0
2652 5.271789302717247 0.8229172886872778 0
2653 5.154349246183957 0.5127260636031515 0
2654 -0.7982226485863803 5.483473466970953 0
2655 -0.9582145075273505 5.817382069212568 0
2656 -1.191614824803605 5.527165371821964 0
2657 -3.645260613604118 2.075356316457388 0
2658 0.1460117007053528 -6.003642825419181 0
2659 -5.781167873801725 0.09388789305585374 0
2660 -5.584708926449075 -0.2444254823678893 0
2661 5.32756064024162 -6.374946920208269 0
2662 5.759203609018389 -6.285742588412317 0
2663 -4.701298659172846 6.260733617697957 0
2664 -5.140988815505148 6.245260779820608 0
2665 2.971138971937509 -3.548810814119994 0
2666 3.096480168080121 -3.25684116372025 0
2667 -1.050463933482579 2.651452108019112 0
2668 -1.079152250913108 2.400048404590043 0
2669 -5.152481148648481 -1.814596756216033 0
2670 -5.322086152701814 -1.471398178009915 0
2671 7.805554453722769 -6.565872563245569 0
2672 6.514133114638073 0.7857084071926126 0
2673 6.637722008943797 1.138632651685116 0
2674 6.273991519410358 1.056714256809572 0
2675 -5.505170429262163 -7.706856569118175 0
2676 -1.195243157502298 -5.523795682347236 0
2677 2.287763034913663 -0.6849141064308446 0
2678 2.459120061356475 -0.5657689190011795 0
2679 -9.070253087375011 7.855836222340188 0
2680 0.529383613286562 -1.388338142416692 0
2681 -2.139032853108766 2.201835978423546 0
2682 -1.888302383194706 2.085006092656752 0
2683 -7.866763005348975 9.122983562913237 0
2684 -1.577739680870969 1.598935016375189 0
2685 -1.794279702179634 1.52760923225825 0
2686 4.330914493262465 -6.943781910535224 0
2687 1.469264214749776 2.560169010288369 0
2688 1.658336575632267 2.415559358522855 0
2689 5.860904683634217 5.317638327286479 0
2690 6.262377432755189 5.406040525013436 0
2691 6.012691715249777 5.705755734347206 0
2692 7.554116528359335 3.989316530222595 0
2693 7.6982294193197 4.391326431893823 0
2694 7.256876043746291 4.31116238539333 0
2695 0.03303918766935879 7.006809785682453 0
2696 -0.3381910082778705 6.910481992227763 0
2697 -1.669135385625665 0.4416768793499753 0
2698 6.331877114174542 -5.783908801333103 0
2699 6.463263191716128 -5.365047079072419 0
2700 9.589119086694499 2.813133762875267 0
2701 7.818951822174398 -6.056054320828586 0
2702 -3.332720768770914 2.615295010801111 0
2703 -1.864800725435562 -6.320965389458516 0
2704 -1.613511980485444 -6.619460780685976 0
2705 2.076387556232842 2.544282757551613 0
2706 -1.231942972141771 -3.822339617293532 0
2707 -7.406005525712201 -5.947630557501302 0
2708 -7.583817831492265 -6.361470464163658 0
2709 -7.117377805029756 -6.302336568274371 0
2710 -2.310857521221144 4.940506577299709 0
2711 -2.10780003917244 5.241825832607933 0
2712 -3.324794828082231 -5.513173486698658 0
2713 -3.482491319887054 -5.86415065317367 0
2714 -3.092838517518706 -5.822769415273898 0
2715 -1.366074749849564 -2.340670850975725 0
2716 -5.420272315482894 2.05965639191969 0
2717 8.029736558985945 5.700468193525621 0
2718 8.057143493198049 6.161078456548831 0
2719 7.669792852444052 6.019985809621085 0
2720 -0.5099789587204296 3.034392830529667 0
2721 -0.4026368459899767 -4.519193168452543 0
2722 -6.364568456438772 1.050406613419923 0
2723 -6.17313861946576 0.7189685462327884 0
2724 -3.354975774557939 -0.6355751168213879 0
2725 -4.105761532701203 -5.571725267285322 0
2726 -4.260568335883534 -5.922121671873129 0
2727 -3.869254433632908 -5.904951129186237 0
2728 1.050365989590063 2.074409829596414 0
2729 0.9120016130278203 2.209727783711593 0
2730 0.8637856439850999 2.031146109255399 0
2731 -5.595132218449303 6.238907267330779 0
2732 -6.039662889667502 6.227515756371893 0
2733 1.190331948969052 -0.8315019845676332 0
2734 1.262202135964888 -0.9914468702558092 0
2735 -2.711348505403191 3.172152721608384 0
2736 -3.017820201522464 3.167213808663557 0
2737 -8.840311258209466 1.22297081319203 0
2738 -8.802988237321678 1.767432581525203 0
2739 0.9509780961030361 -0.8327961860237783 0
2740 0.8475894819153709 -0.7170198649362071 0
2741 -0.5678229788639139 7.564987616878243 0
2742 -0.9222316957112542 7.434230004757481 0
2743 -0.6153908716390541 7.167934162010007 0
2744 7.841489384554855 4.829848606830581 0
2745 7.9621878763175 5.25295023659724 0
2746 7.521687426469302 5.136273916831216 0
2747 -3.44290250097524 5.587353393761656 0
2748 -6.813506549245727 3.127767194880128 0
2749 -6.581019296522173 2.765723744784968 0
2750 -2.526738794815989 3.457513359374115 0
2751 -2.357201652617301 3.750327383320446 0
2752 -0.1379660012201407 1.413779516886387 0
2753 -1.545464712038086 5.547136439032227 0
2754 3.953575069486887 7.94710893728862 0
2755 4.081523842669308 -1.50491231078227 0
2756 -8.666956371093324 -7.104870271988553 0
2757 -7.81524068933984 5.476080937824688 0
2758 -8.060504728188869 5.071123241212948 0
2759 -3.656056961684491 6.606755371472514 0
2760 -6.01183495880549 -2.821395303841791 0
2761 -6.164357572508461 -3.18162420035653 0
2762 -1.006946681263737 -4.598432685043645 0
2763 -7.356620773247459 4.649844465095875 0
2764 -7.819575907172448 4.647470445378623 0
2765 -1.365104046013291 -6.937844846514071 0
2766 -1.103773653157974 -7.251409713177658 0
2767 4.404916694419404 6.423745342114471 0
2768 -3.030238463282628 -2.064658045205095 0
2769 -8.245937271910549 -1.138669246360378 0
2770 -3.939674387795454 2.599227444904863 0
2771 3.859347939690396 -2.06322645472482 0
2772 -1.864313672208572 6.262940214394511 0
2773 -2.050258703729498 6.610296593669503 0
2774 -2.27444337147306 6.244306281992657 0
2775 -2.160666280246538 -4.458456563277116 0
2776 -1.826726213733719 -4.429944887962074 0
2777 -2.386671278224578 -0.88844682244708 0
2778 -2.415647938530562 -1.110659575287522 0
2779 -0.1602794773020873 7.709057347642677 0
2780 -0.4671203013742873 7.97535319039015 0
2781 6.900369609408775 -5.273771516997959 0
2782 6.601343692114954 -4.947165936983325 0
2783 3.633975241470199 -2.630214158878244 0
2784 8.572061758490756 7.793015439100817 0
2785 -7.195322908167659 -5.524929105635132 0
2786 -7.661762934630168 -5.584063001524419 0
2787 -2.843292972169895 -4.535065560835022 0
2788 -2.504818069816665 -4.498309332814161 0
2789 1.600175268874382 -1.757017825497833 0
2790 -4.505759696431015 -1.20488131352674 0
2791 5.465076430416175 -8.761218339727893 0
2792 2.719042154587728 -4.125770083871413 0
2793 2.845634951301597 -3.834402516519266 0
2794 -6.774874050669144 1.729208726436313 0
2795 -6.574450177390698 1.384741409854603 0
2796 1.638178315481805 -0.5346364381798322 0
2797 1.584493789675543 -0.3963618148248138 0
2798 4.151802289616494 0.0609208908437846 0
2799 3.979350316968332 0.2808252340191508 0
2800 7.033874363553568 6.960161021204248 0
2801 -1.885300972967325 0.04229671443991702 0
2802 -1.726003343259198 0.1526827962229045 0
2803 -0.172508498529328 -1.799049046870121 0
2804 0.929293771684419 1.127594880654508 0
2805 6.726637678307397 -4.535210313348205 0
2806 -6.499523717085093 -5.826934608419512 0
2807 -6.662725233718835 -6.24608705509144 0
2808 -3.69477597762121 3.746490269609336 0
2809 -4.045823944053509 3.734876777443795 0
2810 -3.866979333957169 3.43940980514141 0
2811 1.964066632705555 0.7995826090121789 0
2812 1.782528260765338 0.8781732647542828 0
2813 1.572554387634332 -7.142777799579394 0
2814 1.845618736701532 -7.458940941998645 0
2815 -0.1311652538184898 -1.359340728204606 0
2816 0.02095520800714772 -1.382675338759642 0
2817 -0.02002791617017974 -1.233035648577256 0
2818 5.798167217525568 3.323450338218161 0
2819 -7.148677395930328 -3.635244726776831 0
2820 -7.326372564783377 -4.020190154021516 0
2821 -6.915778359602566 -3.980459114384181 0
2822 -1.496971790301736 -0.712235028753743 0
2823 -8.283399731532437 4.677912695816764 0
2824 -8.54646850256033 4.246628075334396 0
2825 -4.656191401959235 -1.490702408002945 0
2826 -4.798668649425637 -1.790715340351692 0
2827 -1.355563165643006 -0.03906243477773266 0
2828 -2.377743729558835 3.181766217184744 0
2829 1.803113404299913 4.826642743411581 0
2830 1.574972759684488 5.060941775033655 0
2831 1.488435234569824 4.749402176526131 0
2832 6.06898358025472 -6.613782103329666 0
2833 6.211245090575463 -6.204204458496502 0
2834 -1.151773574308357 1.955549386288508 0
2835 -3.965028121011448 7.364720950201717 0
2836 -3.658421115432059 7.747408931028104 0
2837 0.433650240604695 7.110767424162247 0
2838 0.1396288981436225 7.402649412610563 0
2839 -2.006112690049798 1.474878001897272 0
2840 -5.569922992877366 7.020203161364331 0
2841 -5.365075755911365 6.62352831497382 0
2842 3.214419716679696 2.540414144690173 0
2843 3.361370021464386 2.289478815552569 0
2844 6.162860776937535 6.126010577493808 0
2845 5.761388027816563 6.037608379766853 0
2846 3.074213776356153 1.697980336294864 0
2847 5.186000087286224 -6.784889679550041 0
2848 3.406540583106525 -3.209736034530597 0
2849 8.80253755318542 9.176797608915205 0
2850 -9.079596627861019 -7.834828211004472 0
2851 -2.244620037482719 4.059049962883101 0
2852 -7.138684601952536 5.042956835228957 0
2853 -0.2093650313102845 -8.822157258802831 0
2854 -6.332498722783959 -3.552772301944842 0
2855 -6.491732966717969 -3.932449203823738 0
2856 0.9918368849330906 6.537794832631247 0
2857 0.7122361688999925 6.813479953048043 0
2858 5.071124092646082 -7.21578167973701 0
2859 5.502066104057503 -7.126212233432449 0
2860 -3.010769694656947 4.332913237192913 0
2861 -6.759236738931045 -5.47695410984217 0
2862 -6.669428135571017 -4.317394631068423 0
2863 -6.836190753534006 -4.715408049850595 0
2864 1.520999381663054 5.992450524300295 0
2865 1.254858669131478 6.253851902508024 0
2866 6.464412150294869 -0.1801755950817735 0
2867 6.258188267659047 0.100971776353603 0
2868 -7.75690475529281 -6.802538814432847 0
2869 -6.27474563546768 6.608124761459568 0
2870 -6.495189366279662 6.218465715347469 0
2871 -2.66324247736004 6.251076613100789 0
2872 -2.859205343500905 6.59469968298381 0
2873 3.480271482166513 2.095599543564927 0
2874 3.54081717848844 1.790691178941621 0
2875 -0.04693030172388123 -1.689891217798705 0
2876 -0.2157603264466091 -1.618138247458409 0
2877 7.249172531828876 5.392652965326053 0
2878 7.12847404006623 4.969551335559395 0
2879 -3.097644709394668 -0.5697160419815473 0
2880 0.07627607782826475 -1.717165783596621 0
2881 0.03302424991098363 -1.536254984184909 0
2882 1.203381156060936 4.66881959537918 0
2883 1.431521800676361 4.434520563757105 0
2884 -4.40844128667422 3.727449173538723 0
2885 -4.779258010072667 3.710852434875822 0
2886 -4.837155844416056 -1.225074274648493 0
2887 -6.840537539498898 -6.659926961753796 0
2888 -0.473009518452131 1.002906974047787 0
2889 -5.389799282516954 -6.054543952332603 0
2890 -5.663272617870728 -5.700426749270859 0
2891 -1.44750768993532 0.2143620818966936 0
2892 -1.345685482624622 0.1065841261005399 0
2893 -4.584752075452462 0.4412445459555318 0
2894 -4.420835124347015 0.1737098424387181 0
2895 5.494784564777658 -1.623782415402623 0
2896 5.392787892837875 -2.006456573806851 0
2897 5.723238475486645 4.944680828980057 0
2898 5.473552757981233 5.244396038313827 0
2899 -7.122156377753576 -0.3226187955069237 0
2900 -2.486911574668893 -0.3146947211390875 0
2901 -2.092163427099907 -1.59745103423308 0
2902 -2.111820448183333 -1.817917262714767 0
2903 0.3382890089023473 -2.304701557710145 0
2904 0.5244678022687788 -2.403798366622257 0
2905 -7.283646760771673 3.103611616030397 0
2906 2.536673238515331 4.436438096064359 0
2907 -2.282387838982708 5.573701331966329 0
2908 -2.477297445839113 5.903720233825798 0
2909 -4.249243670563871 -3.482658406964612 0
2910 1.1009374126298 -0.08499030304763568 0
2911 9.159492944667358 5.801340194558273 0
2912 0.08389555098298594 1.103506855300771 0
2913 -0.976939252435453 -1.277453196867023 0
2914 -0.9620681154741548 -1.412733038388641 0
2915 -0.8315698349108587 -1.374989997847814 0
2916 -3.637298123069383 -6.214547057761477 0
2917 2.73969994409291 6.56907336817795 0
2918 4.520208896468711 -0.3989852444160825 0
2919 4.341214423740894 -0.1736088625446237 0
2920 2.543936458793445 -7.73881923805175 0
2921 2.955003421572702 -7.642962713956161 0
2922 -0.6045137306801527 -2.385928941834195 0
2923 2.087708578070168 -2.402444337561719 0
2924 2.029085282149664 -2.1504115430427 0
2925 -4.076743837189201 4.336560060719583 0
2926 -4.439361179809914 4.329132456814511 0
2927 -4.236237930338262 4.034529638006649 0
2928 -2.244794889806892 -6.374231537868825 0
2929 -1.100268188977535 0.08414357397868276 0
2930 4.738010710638409 4.106155105408617 0
2931 4.843018694758403 4.447362350306483 0
2932 2.61348126646768 -0.2378710075534435 0
2933 2.595844990603718 -0.02955862256789489 0
2934 7.241795511762412 2.007599076052757 0
2935 0.4742861999039996 -1.003234580675345 0
2936 7.105092230124581 -3.277326341000345 0
2937 7.217513794270099 -2.878726012702625 0
2938 3.394096703682918 1.315701415737256 0
2939 -7.96171499622587 -0.9173690902381066 0
2940 -7.496094346846998 -0.936425903596505 0
2941 -2.496874050890571 -7.861982419891092 0
2942 -2.056580896211003 -7.803066046894562 0
2943 -0.995377979130087 2.898081443677146 0
2944 -7.178045718064153 1.719739306803494 0
2945 -7.599523618862586 1.703312348868185 0
2946 -7.392470602722074 1.361023931255739 0
2947 -4.963562248129842 -2.094416727443027 0
2948 -5.108341291449883 -2.409475161918666 0
2949 -4.754528792227039 -2.385593746054324 0
2950 -3.348537531622732 3.742076347428235 0
2951 -3.188137469092607 3.449461580552353 0
2952 3.163717443531058 -3.787547391664551 0
2953 -3.781390558904429 -6.576925313205559 0
2954 -3.394627445158575 -6.536124837192991 0
2955 -7.764954420066376 -4.04831369761878 0
2956 -7.532055383738614 -4.39352808522613 0
2957 1.170351037987875 -7.216238151793194 0
2958 -5.619365769677277 -9.538259634933201 0
2959 -6.569942040474018 -3.224365585551185 0
2960 -0.4346340211727381 -7.495110756293819 0
2961 -0.03080196280771084 -7.42402916929889 0
2962 1.226729956228865 7.287910016739545 0
2963 0.9481440279335676 7.585197487853748 0
2964 0.8188258793742562 7.209319579976155 0
2965 -1.913910540141865 5.565074403359271 0
2966 -2.163980163021157 -7.064273927546162 0
2967 -1.915572228549004 -7.382657993374256 0
2968 -1.758648220692154 -6.998816651756805 0
2969 -4.326189978761722 -5.248304702957491 0
2970 -6.2474537441695 -7.357769086956464 0
2971 -6.377699834956847 -7.784312969855386 0
2972 -5.933253237040932 -7.746695868599381 0
2973 -1.720052511848355 5.879011938390622 0
2974 -1.495867844104793 6.245002250067468 0
2975 -6.981927066809655 2.07149714404876 0
2976 8.315856811275712 -3.374245660615754 0
2977 -9.66610254401046 5.510418731066228 0
2978 3.350700634565658 3.534688556637809 0
2979 3.059254335328371 3.486790371170215 0
2980 -3.815294643897867 -9.624739167869375 0
2981 6.996090613185473 1.239799391206699 0
2982 1.434255868067507 -0.2298455373584705 0
2983 1.32789979275173 -0.1232394780817631 0
2984 -3.345614099954727 3.168775525418155 0
2985 -6.761110980971715 1.043116092756368 0
2986 -2.666568972877183 6.949144523277005 0
2987 -3.065385913384102 6.952181544993168 0
2988 3.721730577317971 0.9336402584702334 0
2989 1.793532391183354 1.052931717821526 0
2990 -4.851906505606433 -6.756775317647269 0
2991 -5.134507357242033 -6.400551540517023 0
2992 -5.869252763706227 -2.424942585059543 0
2993 -5.469621887382573 -2.453935633514038 0
2994 2.107251498713175 4.901047267466268 0
2995 5.216792434874604 5.534176337273804 0
2996 5.337351088161762 5.940651036821425 0
2997 -2.294891169839315 -4.773402499318694 0
2998 0.240331575633249 7.813014986122471 0
2999 7.391301098474131 3.576548723370183 0
3000 5.317982755282429 3.898873466761496 0
3001 4.964873709498466 3.837247999647666 0
3002 5.86481140507903 2.067759308803853 0
3003 6.259354693988141 2.017047819802449 0
3004 -2.786415763878394 -2.147731581592292 0
3005 2.296763507096489 -0.8931997016841275 0
3006 -3.601009225161451 -3.991317202634756 0
3007 -3.407023960867549 -4.270769866321935 0
3008 -6.657347591713751 -2.543769584671067 0
3009 -6.259218695099257 -2.456764765180626 0
3010 0.5739725011976324 -4.967639662850056 0
3011 -6.363130033438644 -0.9261989414790878 0
3012 6.973948270389076 3.511704348598339 0
3013 7.487498282122306 6.914934104515437 0
3014 7.961363221008392 6.909949054940006 0
3015 -3.818208222606028 5.585298494616577 0
3016 -3.527382141719071 4.037543319730619 0
3017 -7.78301135234024 2.073524346459602 0
3018 -7.997436236998161 1.714808970911847 0
3019 4.620280361680459 3.769398410644702 0
3020 4.28516912597435 3.717714364902755 0
3021 2.388665042833932 2.204509386776507 0
3022 2.454992699545516 2.429299186461319 0
3023 2.230928410548752 2.382099036266041 0
3024 1.912003850813628 -4.529821088822311 0
3025 2.235149107591485 -4.485681284258071 0
3026 1.692979390069005 -7.818925575962138 0
3027 2.104585464306561 -7.747414326532473 0
3028 -5.399651456517597 -0.5181869436301263 0
3029 -5.232799228814621 -0.152484923708504 0
3030 -7.304897026990726 -0.001706511749015677 0
3031 1.954906449742323 -1.542536599565554 0
3032 2.821786064315929 -0.7588402124406431 0
3033 3.029162611284839 -0.9008589848510329 0
3034 4.902878230398544 -1.740352261123657 0
3035 5.174495029875136 -1.509300319119608 0
3036 1.503771702397408 -0.3055952600427901 0
3037 -4.563917453686781 -2.657766965404599 0
3038 -4.980039532842645 4.051665530410794 0
3039 -5.160442269956338 3.735415931185038 0
3040 -0.05719628581760847 3.883635037018709 0
3041 -0.2380503221843702 4.093404083328627 0
3042 -0.3175386822215805 3.822110525333689 0
3043 -4.572277650808338 -0.1040551360183656 0
3044 2.328297234164752 0.6879738324805531 0
3045 2.114384752437958 0.7333588259401826 0
3046 -2.866534316886503 -6.120888535778924 0
3047 -2.708837825081679 -5.769911369303912 0
3048 4.760130210130713 -2.019456951245546 0
3049 5.050735059351307 -2.0707392789631 0
3050 9.574509129260008 7.041714058317512 0
3051 9.157291969954063 6.767277337387168 0
3052 6.641657085410873 -6.111948316250452 0
3053 1.185667964787724 -4.84615553353029 0
3054 4.969659940447026 4.796079273104395 0
3055 5.079126226727032 5.161218838967381 0
3056 1.07981725091459 -1.100572997265361 0
3057 6.571746137345858 3.432953689231935 0
3058 6.710561019742709 3.830401824355699 0
3059 -0.4901110965370764 6.147981187343157 0
3060 -1.651248953882 -7.737608771105206 0
3061 0.1533041169756488 -2.400385898975457 0
3062 3.964086811614673 3.647548813617461 0
3063 3.650501729412679 3.602592202165637 0
3064 2.847293230859813 6.951851550022025 0
3065 -6.34785415443857 0.3876402724398308 0
3066 -6.736197019113874 0.3640055184911981 0
3067 6.175665934821091 3.387404801157103 0
3068 -1.550787001654352 1.81675807296028 0
3069 -2.568999981824201 -5.426519937727691 0
3070 4.463968010916247 -1.996457925442086 0
3071 -0.5486703658609764 -4.825130156058018 0
3072 -0.2459408758783344 -4.789468056398706 0
3073 -5.969763513884542 0.397827522350932 0
3074 -4.0650457817093 -7.700817701020073 0
3075 -4.004451530543376 -7.263036965554782 0
3076 -7.369340458798261 5.430528770552424 0
3077 -7.587900244309221 5.865928717602306 0
3078 -4.725178704401779 -0.3982562200517689 0
3079 -4.86723294888549 -0.6827497825715146 0
3080 -2.420950448671981 -5.097251447756117 0
3081 0.1761589175264477 -2.978571462544484 0
3082 -1.140487054082237 -0.9220662205579215 0
3083 -2.553540518374957 -0.7557803432050051 0
3084 -4.757079236016953 0.7237558855355368 0
3085 -4.914266812260752 0.4446671226760706 0
3086 2.472603267719291 6.898534474766777 0
3087 -3.150152268364637 -5.182332122502805 0
3088 0.3054374048717661 3.470386247621576 0
3089 0.1289131749933293 3.664978703615497 0
3090 0.03983958402361798 3.41774902302985 0
3091 1.426190989393534 1.662348333370376 0
3092 1.487338167189425 1.834749127757176 0
3093 1.302038347728111 1.804358045678388 0
3094 -0.02987704106165522 1.528517555824695 0
3095 -0.02189518770768543 1.369506201917554 0
3096 -4.106083266096864 1.846375588609642 0
3097 -4.261432976137863 1.576802738949178 0
3098 -6.936136062923742 6.209725635382593 0
3099 -6.701053317123563 5.829116630294918 0
3100 -5.606452338828914 0.4252161668488113 0
3101 -3.20635274797287 -4.574873924510515 0
3102 -3.002102735212417 -4.85306363253123 0
3103 5.930860169403967 3.687696702050352 0
3104 4.442810193345288 0.1097196559036397 0
3105 4.734996019659965 0.1702245580818125 0
3106 1.360433591867941 6.628089178738728 0
3107 3.620486617845013 -3.463874438486731 0
3108 3.737805736784567 -3.171654783752049 0
3109 -6.785193830443928 2.422793824374155 0
3110 1.956677178631224 2.110488103259907 0
3111 2.010059899521259 2.319492957866801 0
3112 1.802136324315315 2.27267182454548 0
3113 -6.911344156921919 5.432804615006575 0
3114 -5.252225335785671 0.4242274999049043 0
3115 -5.079898175221179 0.1417161603248993 0
3116 2.862537131412367 3.700675016180585 0
3117 2.95007247671295 3.985565560947348 0
3118 1.654097158337178 5.389468570952095 0
3119 0.7760518499982065 2.358246536263816 0
3120 0.6341749603082748 2.500008779684541 0
3121 -1.388938109198575 -2.574780328008492 0
3122 -1.380375772764059 -2.839862310106558 0
3123 -1.171440446383494 -2.734256294003789 0
3124 4.293439239832212 -1.736305452447585 0
3125 4.400357984015047 -1.457676791740788 0
3126 1.240663751622287 1.187593131595151 0
3127 1.083733421676641 1.165074020261435 0
3128 3.451451639254028 3.830070768307236 0
3129 4.593013824749681 -7.96548553206612 0
3130 4.110677061114659 -7.941491209598449 0
3131 2.753102089890151 0.05801508937511801 0
3132 2.970638884571296 0.006921036007465825 0
3133 7.762165136928768 -9.119458152310422 0
3134 7.600109314714244 -9.629544171746719 0
3135 5.209245304145038 4.522721617209493 0
3136 5.355245883468331 0.2550574942758514 0
3137 5.038666349134617 0.2075906443210934 0
3138 6.602058206944714 6.18260391904804 0
3139 1.994232678509358 6.429951270769102 0
3140 1.868340930458354 6.072312818540111 0
3141 1.885605898587609 1.903512343627767 0
3142 1.680122206140064 1.878203192693875 0
3143 0.1524051618824534 2.966858845205254 0
3144 -0.02498092343544629 3.161993423146199 0
3145 -0.93992593636094 -1.137404840722011 0
3146 2.001438707132478 5.469330865191912 0
3147 1.765884936055079 5.720617094224902 0
3148 2.31195116941945 1.983237033256159 0
3149 2.536015458416213 2.030437183451437 0
3150 -0.9005451275162868 4.88103942225325 0
3151 3.637815767492234 4.460387494119764 0
3152 3.54471464387798 4.130290310240464 0
3153 2.093529473793554 1.950333476949088 0
3154 5.686502862096464 0.2990447948293103 0
3155 6.026239784389945 0.3708433442088903 0
3156 5.810665702811152 0.6319914629374894 0
3157 2.350079291496793 7.972951387553335 0
3158 2.311986077688037 7.500322263129203 0
3159 6.188447345167397 1.605979558212888 0
3160 5.856603146067828 1.49509541880293 0
3161 6.065736214616513 1.298754361892117 0
3162 2.648679521648684 -0.6673351246023125 0
3163 2.634277387152117 -0.4558678741255818 0
3164 -0.2287762748591788 -1.463609536059464 0
3165 5.942147320310788 0.9458301173996138 0
3166 -3.673788909796587 3.160274064443245 0
3167 2.764080560084648 2.068104211479624 0
3168 6.382351108373735 0.4339184444617822 0
3169 6.746081597907175 0.5158368393373254 0
3170 -0.772158813876596 -1.672891275908538 0
3171 -0.9694567245033164 -1.570464668600565 0
3172 -7.014994147849012 -5.113386553865286 0
3173 -4.683835986665427 -2.980300725574559 0
3174 -1.557908816033103 0.3263044643822481 0
3175 -1.601235713391957 0.1568234867292686 0
3176 2.837145091633015 4.510737509984807 0
3177 2.625323921129455 4.738211606933879 0
3178 -4.894840705289702 -0.1320453009373377 0
3179 6.857270729451162 -4.119136399678808 0
3180 6.981695922540234 -3.717124892846883 0
3181 2.770140922333732 3.425298264571392 0
3182 0.3018776990559549 4.206582171692934 0
3183 0.2084015350305397 3.936272261610435 0
3184 -2.787092492561662 -5.142523758827312 0
3185 0.96263219560317 2.40151025660483 0
3186 -2.280153440865215 6.978603648294497 0
3187 -7.188365497838937 2.413324404741336 0
3188 0.1858987548122916 1.737134871391095 0
3189 0.7015581006015343 -4.667514864812764 0
3190 1.009214296953565 -4.630924641139295 0
3191 -2.267808454285928 -1.461248602779001 0
3192 2.322758764244196 -1.320727166259195 0
3193 2.31523938512615 -1.108020112976959 0
3194 -6.503588469941921 -8.197205033656431 0
3195 7.961244897867486 1.2686686153087 0
3196 0.1701804497164891 -1.810194043111983 0
3197 -6.958106896531614 -3.27890098383488 0
3198 -7.368701101712425 -3.318632023472215 0
3199 2.695413928230812 3.157638619332983 0
3200 1.017738593994464 -0.943203959358145 0
3201 -1.185412155991783 3.087591994565997 0
3202 -1.39596021490197 3.265500760836521 0
3203 -1.44767176050245 3.006116271821951 0
3204 6.988006373088469 0.2334739312157336 0
3205 7.119788379352807 0.585263893946564 0
3206 -7.277485568426854 -1.300662082993357 0
3207 1.223149460182646 -0.01847895661221251 0
3208 4.93589265694434 -0.08744401124548762 0
3209 -5.359014945442055 3.409085178827643 0
3210 1.598417017499873 0.2689549095830424 0
3211 1.621157349355847 0.07390870368159218 0
3212 9.620270052672883 9.624778999190802 0
3213 9.093954263198611 9.624778999190802 0
3214 9.622321688243304 -9.625869620907459 0
3215 9.622321688243304 -9.099553831433186 0
3216 -9.628342534726714 9.635958611478026 0
3217 -9.102026745252449 9.635958611478026 0
3218 -9.628342534726714 9.109642822003753 0
3219 -9.631805557995019 -9.632983806053584 0
3220 -9.631805557995019 -9.106668016579318 0
3221 -9.105489768520748 -9.632983806053584 0
3222 -7.8160988307151 7.11212458896515 0
3223 -7.870477011446901 7.502510074569386 0
3224 -8.294652264526354 7.253026747711245 0
3225 -1.210414060973455 0.02264058707909301 0
3226 -7.272276922770621 -4.763383045643558 0
3227 0.3713107513713634 -7.350475715894674 0
3228 0.7694769098101968 -7.279760004583435 0
3229 0.01890347704792159 1.230890936790394 0
3230 1.182667773035672 1.936293497602704 0
3231 1.230883742078393 2.114875172058897 0
3232 3.652396268478256 1.387068402810423 0
3233 3.491295329169043 1.582828773675433 0
3234 -6.058134492414989 7.010817374111654 0
3235 2.938802899438011 2.512594865382348 0
3236 -0.08607418899988752 -1.10485051901111 0
3237 -3.503471642226444 2.878026292554448 0
3238 -3.660895578612775 2.606793549826201 0
3239 2.803040726759889 -0.3394372131545764 0
3240 -3.384606447438193 4.951522537007098 0
3241 -3.191079525657145 4.635949593417083 0
3242 1.555969564474641 2.020212905001888 0
3243 2.540312662264055 2.658566712802812 0
3244 2.603669493739832 2.907054104379857 0
3245 -1.575010076230129 -2.446276867078494 0
3246 -2.551174045459283 -1.770472870451134 0
3247 -2.578237334799552 -2.000179889110969 0
3248 -2.325333090430315 -1.913513143350503 0
3249 6.996115228024349 4.58794865777733 0
3250 6.852002337063984 4.185938756106102 0
3251 -0.2015051533138831 3.35658587914012 0
3252 -1.347245176133548 3.546515987854344 0
3253 -2.138883737523602 -2.047624281374603 0
3254 2.491998073882702 -0.9920565807707419 0
3255 -8.244298106142384 3.934480370934611 0
3256 -8.010893280919444 3.528651494440423 0
3257 5.693159272943412 1.7556582077709 0
3258 1.075650317963044 1.594348873107015 0
3259 1.121520595239781 1.763892703215904 0
3260 1.090806495641993 2.789023958430088 0
3261 1.324620211227885 2.677756357615617 0
3262 0.9182146624210692 2.771730096734697 0
3263 0.7747667625060741 2.934663098717176 0
3264 0.6832345326585612 2.712962011139532 0
3265 -1.963299019741199 1.691632761244789 0
3266 -1.239002161686761 -7.651506514107888 0
3267 -0.832535528624734 -7.585715509700647 0
3268 -0.5698625297015252 -7.895207557224049 0
3269 -2.429202411764436 -1.324649421395101 0
3270 -5.01177137554604 -5.98148853149913 0
3271 -3.159858213353895 -6.849315347966312 0
3272 -3.015765777518849 -6.486937092522231 0
3273 -2.313062636313434 2.209988153537492 0
3274 0.9748604332163546 1.277583014560997 0
3275 1.019854774601222 1.435901324545183 0
3276 3.711270261667827 -7.95365711447306 0
3277 3.216771370719328 -7.859518995598355 0
3278 -2.690369431717398 -0.3937316899854324 0
3279 -3.70769197271927 4.340579675954789 0
3280 -3.910815222190922 4.635182494762651 0
3281 0.3651259606995512 4.488323168557265 0
3282 0.08554033586319823 4.436669591877979 0
3283 1.269952073022143 -2.183876073055612 0
3284 1.447417571611564 -2.076115867384458 0
3285 7.083387245767383 -5.996008864069104 0
3286 -7.71085877805362 -4.791506589240822 0
3287 -2.631765085081823 -6.434079046552245 0
3288 8.820247241208415 6.931512270510442 0
3289 8.828520952642464 6.457466754416989 0
3290 -0.6925997251252108 6.779724380107001 0
3291 0.9735704781678896 4.912802241734349 0
3292 0.9166570442744263 4.597920628965323 0
3293 0.4907270603932797 2.66294178166702 0
3294 0.314116571303209 2.793228068248296 0
3295 0.2650569989529227 2.580274836793304 0
3296 2.698049294549236 2.480977063313278 0
3297 0.5489247057248805 -2.620285046818536 0
3298 0.7343254378179034 -2.518909305716075 0
3299 -7.954914665801414 -3.63222370279108 0
3300 -8.346074954460303 1.751418555109088 0
3301 5.575483566775977 4.590625024144924 0
3302 5.96283549242896 4.663867313117576 0
3303 -3.361453526720792 4.336165753773686 0
3304 1.290720176195614 -2.389879434813619 0
3305 1.305940671662392 -2.583706033894315 0
3306 -6.789965746256115 -2.907752882246569 0
3307 -1.628460341525364 -2.916408064950349 0
3308 -3.409457912671528 7.537800057370703 0
3309 -2.394026350439239 -6.740280094612131 0
3310 -0.9436664335296076 3.157465932691716 0
3311 -7.045512447771346 -2.598304982954763 0
3312 1.979263683807084 -1.749729993379828 0
3313 2.159400810640791 -1.641770734269089 0
3314 -3.325939586311998 -7.231155601588943 0
3315 -2.947077918672274 -7.181967856918182 0
3316 -2.550950358296089 -7.124121436229582 0
3317 -3.14156990389041 -8.308136425372521 0
3318 -3.365343384021451 -8.735688975306823 0
3319 0.6341548451368439 4.550069511846356 0
3320 5.066607417907447 -0.9252729110599639 0
3321 -2.560574808849426 -2.290771854491661 0
3322 3.131986163951025 4.587558613750096 0
3323 3.416277647109571 4.697379338099593 0
3324 3.210087257405686 4.922331745203824 0
3325 1.185095626570398 1.473509702729756 0
3326 0.3780752233228104 3.04952579007897 0
3327 0.230151691929545 -7.731049350413006 0
3328 1.471893976045315 6.991445971405897 0
3329 1.601212124604626 7.367323879283491 0
3330 1.033138534286298 -7.593974044218549 0
3331 -4.348445604805129 -2.937415510449196 0
3332 -4.145555266423758 -3.200169998402564 0
3333 7.073793525239976 -9.629544171746719 0
3334 4.265016710411926 -3.232992692132588 0
3335 3.997268125555828 -3.115831190563425 0
3336 0.4698710873904641 -1.668430542727538 0
3337 -3.768923514339924 2.336496163151526 0
3338 -3.924039422786797 2.06779021153605 0
3339 -7.172167452993572 1.020992548460228 0
3340 -7.147253491135731 0.3418819741950578 0
3341 0.7130192698643454 5.15663399172384 0
3342 3.919847233667005 5.929038276874703 0
3343 3.825933682815218 5.544673344613344 0
3344 -1.211747766335565 -5.178842767100907 0
3345 -0.5657330674112359 3.755797673702664 0
3346 -0.3848790310444741 3.546028627392745 0
3347 -2.717031731254192 -7.505961689852213 0
3348 -3.068564405247937 0.0771251652799243 0
3349 -3.047092583047999 -0.1702980697900664 0
3350 -7.250282307384603 -7.865957096892075 0
3351 -7.741113235414138 -7.889747058553934 0
3352 -4.588514477025145 1.019717593065444 0
3353 -4.622732682766295 4.595474286446324 0
3354 -6.962285732041646 0.6866577520255469 0
3355 0.07610511119039345 -4.747571456750242 0
3356 0.3797031777920237 -4.711487046669961 0
3357 2.213286349453635 7.176086245280348 0
3358 2.105693062686732 6.793308063436273 0
3359 5.684221017913368 3.966776873696927 0
3360 5.448842321087353 4.241908101347013 0
3361 -6.538892655136696 -6.999531818391667 0
3362 -2.459663758568555 -1.547206943306768 0
3363 8.454281711818378 6.231631263996816 0
3364 8.094338005276486 6.551148880092279 0
3365 -0.7059157511903109 5.125150912858834 0
3366 5.602410398017307 0.8740315680200339 0
3367 -8.381355947570242 3.250713782781248 0
3368 -7.946123926720934 3.164664435334887 0
3369 0.6652269495481562 7.905504710040599 0
3370 -1.531764533899978 2.032186017145304 0
3371 -1.73244356411666 1.959791935790791 0
3372 6.061719735208891 4.030731336635869 0
3373 4.692951660575746 -0.6483700820346597 0
3374 4.804965091576722 -0.3741949351033458 0
3375 3.244913549030959 4.062386664712635 0
3376 3.043335481336901 4.285785102880576 0
3377 -1.123969756816182 2.173673358477758 0
3378 7.364863866732812 5.751037375003435 0
3379 6.971650480329741 5.584314793731613 0
3380 4.060959494055914 6.368475553754534 0
3381 -3.817972135619258 6.960119992070251 0
3382 1.734915760243703 6.707503041282673 0
3383 3.765871731629595 -3.681331876180515 0
3384 4.049121772614486 -3.77126997406913 0
3385 3.715916860946895 4.795160625573493 0
3386 0.2088294883429802 1.444955017493722 0
3387 0.3336049977857007 1.542238697732853 0
3388 0.2109692818935206 1.581527921094993 0
3389 -4.430270198487308 1.293303271418437 0
3390 -0.4496995385035384 3.290273027509095 0
3391 -0.6933528364510206 3.223835578782293 0
3392 7.243575868087419 6.525822989333106 0
3393 -0.787177976874575 6.077414495465865 0
3394 -1.1805701530918 6.121106400316876 0
3395 -0.3728808249999093 8.308682663261678 0
3396 7.245007928447639 0.9655402592470936 0
3397 7.3632349374616 1.337712848385637 0
3398 -1.20005545191745 -1.066800350300639 0
3399 4.19468581018014 1.110173224981892 0
3400 3.930337996786107 0.9695112247570253 0
3401 -7.5770507963885 -1.495422637855734 0
3402 -7.185495648420551 -1.587700245330637 0
3403 -0.3543544716646255 -1.57276736513088 0
3404 7.456651411791234 -5.885846282149259 0
3405 4.57838315477966 -7.239478261883784 0
3406 4.894449171550939 -7.580800815766192 0
3407 0.4301773603609048 3.261785419487497 0
3408 -7.19897758480559 -2.008391242786137 0
3409 -0.798168446611966 -2.463713744197873 0
3410 0.1269924372064071 1.345628975728702 0
3411 -1.125772248637837 -4.859206620645053 0
3412 1.559187905327511 0.4693671275465358 0
3413 1.350385391366927 1.501255576297524 0
3414 8.358501439628721 6.980501862387991 0
3415 8.687272456940322 7.290312445358168 0
3416 -1.683252560490696 2.923603443485071 0
3417 1.604953854742233 2.206554503915962 0
3418 2.191561156157486 8.293153519352369 0
3419 -3.419937457942591 6.95110132529771 0
3420 1.614544439146451 -4.517662134437603 0
3421 -2.158808476202291 -2.274623053979457 0
3422 -1.94529583395531 -2.17902717334372 0
3423 -8.732270619041929 7.491077922146479 0
3424 -1.541353895183377 7.837088256893075 0
3425 1.054832680536506 -0.8373407220193492 0
3426 -3.533384826317638 -9.190216503112964 0
3427 0.3114742901723417 2.394322648240525 0
3428 -7.773654898053627 6.212531161774443 0
3429 -7.876891702525503 6.688111350390662 0
3430 -4.497578613891179 -6.65709905885804 0
3431 -1.000219900804295 -2.564131156341086 0
3432 -0.8833870133127163 3.413346129671144 0
3433 3.004834164973422 2.099722013548694 0
3434 2.853482936719471 2.283327339040855 0
3435 -3.759912169068981 4.949467637862018 0
3436 -1.758683644757558 -2.309096667997151 0
3437 0.7849825220931798 -8.355319794145791 0
3438 3.521625921794722 5.426423433386398 0
3439 3.798686501584729 5.150402380780267 0
3440 -6.817788977070487 -7.808278252013515 0
3441 6.449800204020766 4.107188096739698 0
3442 6.203161052530167 4.386268268386273 0
3443 2.202926717743258 5.206796089382714 0
3444 6.350915961240835 4.740324073221405 0
3445 1.319665841741093 -7.913896329933428 0
3446 -4.626777442611473 -5.958195964827883 0
3447 -0.5748379128439628 4.812933565531735 0
3448 1.154381015486 -2.679294780059858 0
3449 0.9354843826411264 -2.613231456545025 0
3450 1.299054837734146 -4.553412693676726 0
3451 0.06112324536957107 1.639851191151965 0
3452 -5.118773391255594 -1.248224698314156 0
3453 1.412169815791594 2.163100438979263 0
3454 1.279868032345985 2.301216770972973 0
3455 -7.887753201244724 -7.199822515949278 0
3456 -7.426038556761734 -7.113460176453159 0
3457 -3.73281835843106 -3.701669034375008 0
3458 7.1355532750338 -5.581490077167208 0
3459 -0.8241919033467187 -4.815629203713264 0
3460 -2.893001611266756 -7.919828840579692 0
3461 2.420527287041855 4.969661014929877 0
3462 -7.52832108480159 2.362485403825315 0
3463 -7.926233702937166 2.373982025868977 0
3464 -8.74617663062595 -7.485092827508213 0
3465 7.566851243356069 -0.5970755958665069 0
3466 6.812218299266666 -0.1211355512351932 0
3467 7.185925080712298 -0.05170849662595456 0
3468 2.720999140159539 5.043960428850325 0
3469 0.4178174819440872 4.780156932031401 0
3470 0.4142084258036911 5.07151572493242 0
3471 0.1451795413663984 5.009769381643329 0
3472 -3.602755258786184 5.26178806487126 0
3473 4.145133869570508 -2.043693444483567 0
3474 -1.817129541016061 -2.78403133121772 0
3475 3.213138002310372 2.121065869122283 0
3476 3.263285827631843 -4.790993548415887 0
3477 3.78332209081734 -2.861692786607291 0
3478 0.9110274791850246 -2.396744776348746 0
3479 -7.452716449446051 6.937594677248804 0
3480 -7.121890716668148 6.55632807955473 0
3481 1.405953516418816 1.215339005162919 0
3482 1.294589848005106 1.342808027735692 0
3483 -1.78154700410657 -2.543206145029918 0
3484 8.785253703843274 5.575504704138099 0
3485 8.349538517071498 5.394042883524985 0
3486 1.622157529298916 -1.968499281987882 0
3487 1.79675158333315 -1.861977315166341 0
3488 4.191567368673169 -3.513270528204209 0
3489 0.1441615875592937 -1.409949904557559 0
3490 5.909373284575855 -6.939912721568167 0
3491 -0.0492858319848094 -2.490535368082806 0
3492 4.002301434237683 -7.616663302787577 0
3493 -8.790742489745618 3.399530343482893 0
3494 -8.748295698186698 3.926848546286568 0
3495 1.348135263140144 -2.771933886776476 0
3496 3.341126685644225 -7.412272926019995 0
3497 1.091418320834777 -2.28506356541969 0
3498 0.2690116896281844 -1.502516975775526 0
3499 -7.910471318304909 -5.195716919703912 0
3500 -1.322304153945496 2.107276126504042 0
3501 -3.926434799203855 -3.422879134748019 0
3502 0.4403813292866565 5.386246441335767 0
3503 2.576250454985474 -4.405870441632871 0
3504 -2.345064081657726 -2.360453308936616 0
3505 2.323062211029353 -1.51666872160689 0
3506 -4.782226775915356 4.29344386373339 0
3507 -4.968341685727375 -0.9624036038379513 0
3508 -5.148850495725029 -0.7059002062371776 0
3509 -2.72883750618471 -0.6189657128814379 0
3510 0.5918887697816604 3.088154642530539 0
3511 -2.00080310954349 -2.646851132136375 0
3512 2.938974570134281 -0.2244442629064737 0
3513 4.826444736866673 -0.8589811333147762 0
3514 3.304658249598811 5.595485260545825 0
3515 3.277411068368322 5.201214296712749 0
3516 7.217734068031729 -2.471615283779086 0
3517 -0.7124667421015258 6.451705518447465 0
3518 0.9187917135634147 -7.977418182723669 0
3519 3.434606577951552 -3.719413126959063 0
3520 2.001245944231618 -1.961211449869876 0
3521 -2.906074670731509 -0.4837647861645697 0
3522 4.029876710774431 -2.323378927719321 0
3523 0.250135001351354 -1.656557809498187 0
3524 2.646628738520287 -0.8687412573162409 0
3525 0.9992742657944798 2.567322870852443 0
3526 -3.361727584254031 -7.95211569533364 0
3527 4.431812102450866 -1.160333071991551 0
3528 -0.3941068775137506 4.275872292322841 0
3529 -0.5296441628045488 4.544343543964113 0
3530 -1.158605525038072 7.643854019335153 0
3531 -3.05490636811304 7.538880277066159 0
3532 3.282517613693103 1.719324191868453 0
3533 5.936278038824154 -1.21316949843813 0
3534 5.853496688383892 -0.8308442137880363 0
3535 -6.993545226447616 -7.055781331574599 0
3536 2.788322951122175 5.322842980359249 0
3537 2.940631812415759 5.640957016546178 0
3538 -7.994065014385123 2.774834903455201 0
3539 -8.817954390491256 9.208724316988118 0
3540 -9.153755514650614 -8.807392322033987 0
3541 4.541688541758663 -0.8837714426275129 0
3542 4.154239572167321 -7.308801046564406 0
3543 1.349174427674777 0.02826217140129573 0
3544 -0.1337644811097785 4.337396804007861 0
3545 6.723600333383922 4.844327706272166 0
3546 -3.059176634927356 -0.3444820190855419 0
3547 3.89343763024146 -2.57439056568962 0
3548 -2.293187622023913 1.824999093224696 0
3549 6.195497368329516 -0.7474034108411338 0
3550 -0.8236255163951888 3.696832179332564 0
3551 -4.390270343543178 -6.291421826728797 0
3552 0.3629160615164088 -1.595545235290888 0
3553 0.4887477756672945 -1.514389709004876 0
3554 3.763805062460267 1.155812011159037 0
3555 3.861003687946392 1.422939369097215 0
3556 1.379202981015315 0.1457098328495489 0
3557 1.460649749661071 0.2544891648501115 0
3558 -7.327754667512048 6.166978994502179 0
3559 -1.073939113473776 3.630462533241988 0
3560 7.669947786699407 1.438843600682203 0
3561 7.421030471437239 1.713102732641808 0
3562 -2.131227725870203 3.20837786120318 0
3563 -1.863770626090704 3.06682695277418 0
3564 -3.227301087318869 7.305546165590905 0
3565 -0.289901684701028 -8.148433072564035 0
3566 -0.02159816199218875 -8.452781230581941 0
3567 0.09634250045930996 -8.108950961835127 0
3568 -9.140840225688873 8.822423028329476 0
3569 -8.837937822578425 -9.195494371751408 0
3570 3.12373562567555 1.905842741561052 0
3571 -7.6888943569784 -3.363786013346234 0
3572 0.6363386391606174 -1.461223449853342 0
3573 4.318816297093936 1.278658157350973 0
3574 7.548508361000218 2.108729828349323 0
3575 0.4984552146383842 -8.035397508430911 0
3576 -0.1157099695055962 4.887727822439814 0
3577 -0.3350147864785729 4.788455034569696 0
3578 -0.07051621946618221 4.619137800872192 0
3579 -1.907324850949081 1.869578148471728 0
3580 -8.297839659308426 -7.269123709448627 0
3581 -7.96697346077735 -7.580045071468939 0
3582 -7.124393672399531 -7.45306503309103 0
3583 -7.27981725522481 -2.318930999599817 0
3584 -7.412435409767175 -2.682914297175319 0
3585 6.483274773282716 5.121926751003469 0
3586 6.635061804898276 5.510044158064196 0
3587 3.30910255731564 -4.005004829358335 0
3588 6.331436273305697 -1.082857500939717 0
3589 -7.623602347734327 3.052772615114375 0
3590 -7.331587848435863 2.713782084150711 0
3591 8.791326440564028 6.067396330873541 0
3592 1.316510102537294 2.467029385220586 0
3593 1.135224028824094 2.41880411830022 0
3594 -4.131369507163237 -6.621024765903286 0
3595 3.754832772720489 -7.320966951439017 0
3596 1.545084900236007 0.3650471016049025 0
3597 1.523440594573762 -0.1522480727525745 0
3598 1.483953313584399 0.04094931137999828 0
3599 -3.888698829252429 -6.9426025453348 0
3600 2.895421723292891 -4.353239451825281 0
3601 6.938646882376179 6.256874554715456 0
3602 7.392270800944917 6.211647638026644 0
3603 -2.119157838819245 1.81684691811075 0
3604 -7.953262992079482 -1.429684631640725 0
3605 -3.441692287602946 -7.551590021808924 0
3606 -3.6902605802266 -7.939897606601752 0
3607 -1.070424216924236 -1.175147881262836 0
3608 -2.151476178089434 -2.491856200905735 0
3609 -2.237213453231795 2.002944480451635 0
3610 1.945075872655478 7.395095851798697 0
3611 1.699911852839028 7.691559897132345 0
3612 -1.324831313452017 6.505034676320765 0
3613 -2.187058714998924 -2.732681387093536 0
3614 -2.445010421820095 0.8488956288621584 0
3615 -0.9896666054627095 6.709157688229709 0
3616 6.750753139802213 5.868428567741578 0
3617 -0.492655978023974 -1.368598415594838 0
3618 4.096542968842199 1.360167909814911 0
3619 3.221918783654017 -4.278345932614791 0
3620 1.885257465550573 8.039534001446587 0
3621 2.993119585209775 5.091393572363251 0
3622 -0.7173201169601566 -1.414614008413586 0
3623 -7.498323857579686 -3.007442270404283 0
3624 -0.4663880942067634 -1.498709549076595 0
3625 -0.05494756814288421 1.684124506120798 0
3626 -0.6910522331429461 -1.544725141895343 0
3627 -0.5916736521535422 -1.449069310939498 0
3628 7.338492819482239 -0.3254862509362663 0
3629 -3.654472582284567 -7.218937512857054 0
3630 3.079127084051763 -4.558446290376248 0
3631 1.591128796015309 -0.04353895776666098 0
3632 -7.73262866503315 -2.728068287049338 0
$EndNodes
$Elements
1870
1 15 2 1 1 1
2 15 2 2 2 2
3 15 2 3 3 3
4 15 2 4 4 4
5 8 2 1 1 1 7 25
6 8 2 1 1 7 8 26
7 8 2 1 1 8 9 27
8 8 2 1 1 9 10 28
9 8 2 1 1 10 11 29
10 8 2 1 1 11 12 30
11 8 2 1 1 12 13 31
12 8 2 1 1 13 14 32
13 8 2 1 1 14 15 33
14 8 2 1 1 15 16 34
15 8 2 1 1 16 17 35
16 8 2 1 1 17 18 36
17 8 2 1 1 18 19 37
18 8 2 1 1 19 20 38
19 8 2 1 1 20 21 39
20 8 2 1 1 21 22 40
21 8 2 1 1 22 23 41
22 8 2 1 1 23 24 42
23 8 2 1 1 24 2 43
24 8 2 2 2 2 44 62
25 8 2 2 2 44 45 63
26 8 2 2 2 45 46 64
27 8 2 2 2 46 47 65
28 8 2 2 2 47 48 66
29 8 2 2 2 48 49 67
30 8 2 2 2 49 50 68
31 8 2 2 2 50 51 69
32 8 2 2 2 51 52 70
33 8 2 2 2 52 53 71
34 8 2 2 2 53 54 72
35 8 2 2 2 54 55 73
36 8 2 2 2 55 56 74
37 8 2 2 2 56 57 75
38 8 2 2 2 57 58 76
39 8 2 2 2 58 59 77
40 8 2 2 2 59 60 78
41 8 2 2 2 60 61 79
42 8 2 2 2 61 3 80
43 8 2 3 3 3 81 99
44 8 2 3 3 81 82 100
45 8 2 3 3 82 83 101
46 8 2 3 3 83 84 102
47 8 2 3 3 84 85 103
48 8 2 3 3 85 86 104
49 8 2 3 3 86 87 105
50 8 2 3 3 87 88 106
51 8 2 3 3 88 89 107
52 8 2 3 3 89 90 108
53 8 2 3 3 90 91 109
54 8 2 3 3 91 92 110
55 8 2 3 3 92 93 111
56 8 2 3 3 93 94 112
57 8 2 3 3 94 95 113
58 8 2 3 3 95 96 114
59 8 2 3 3 96 97 115
60 8 2 3 3 97 98 116
61 8 2 3 3 98 4 117
62 8 2 4 4 4 118 136
63 8 2 4 4 118 119 137
64 8 2 4 4 119 120 138
65 8 2 4 4 120 121 139
66 8 2 4 4 121 122 140
67 8 2 4 4 122 123 141
68 8 2 4 4 123 124 142
69 8 2 4 4 124 125 143
70 8 2 4 4 125 126 144
71 8 2 4 4 126 127 145
72 8 2 4 4 127 128 146
73 8 2 4 4 128 129 147
74 8 2 4 4 129 130 148
75 8 2 4 4 130 131 149
76 8 2 4 4 131 132 150
77 8 2 4 4 132 133 151
78 8 2 4 4 133 134 152
79 8 2 4 4 134 135 153
80 8 2 4 4 135 1 154
81 8 2 5 5 5 155 166
82 8 2 5 5 155 156 167
83 8 2 5 5 156 157 168
84 8 2 5 5 157 158 169
85 8 2 5 5 158 159 170
86 8 2 5 5 159 160 171
87 8 2 5 5 160 161 172
88 8 2 5 5 161 162 173
89 8 2 5 5 162 163 174
90 8 2 5 5 163 164 175
91 8 2 5 5 164 165 176
92 8 2 5 5 165 6 177
93 8 2 5 6 6 178 189
94 8 2 5 6 178 179 190
95 8 2 5 6 179 180 191
96 8 2 5 6 180 181 192
97 8 2 5 6 181 182 193
98 8 2 5 6 182 183 194
99 8 2 5 6 183 184 195
100 8 2 5 6 184 185 196
101 8 2 5 6 185 186 197
102 8 2 5 6 186 187 198
103 8 2 5 6 187 188 199
104 8 2 5 6 188 5 200
105 9 2 1 1 314 356 658 1034 1035 1036
106 9 2 1 1 307 889 727 1037 1038 1039
107 9 2 1 1 213 707 962 1040 1041 1042
108 9 2 1 1 411 676 657 1043 1044 1045
109 9 2 1 1 552 654 992 1046 1047 1048
110 9 2 1 1 317 784 910 1049 1050 1051
111 9 2 1 1 273 292 790 1052 1053 1054
112 9 2 1 1 314 658 1031 1036 1055 1056
113 9 2 1 1 525 737 738 1057 1058 1059
114 9 2 1 1 523 755 839 1060 1061 1062
115 9 2 1 1 667 727 889 1063 1038 1064
116 9 2 1 1 60 61 819 79 1065 1066
117 9 2 1 1 552 868 654 1067 1068 1046
118 9 2 1 1 357 933 741 1069 1070 1071
119 9 2 1 1 236 661 917 1072 1073 1074
120 9 2 1 1 357 741 824 1071 1075 1076
121 9 2 1 1 227 641 685 1077 1078 1079
122 9 2 1 1 556 717 558 1080 1081 1082
123 9 2 1 1 525 816 737 1083 1084 1057
124 9 2 1 1 408 787 789 1085 1086 1087
125 9 2 1 1 426 748 952 1088 1089 1090
126 9 2 1 1 352 888 655 1091 1092 1093
127 9 2 1 1 615 947 715 1094 1095 1096
128 9 2 1 1 562 896 731 1097 1098 1099
129 9 2 1 1 216 917 665 1100 1101 1102
130 9 2 1 1 637 693 941 1103 1104 1105
131 9 2 1 1 56 213 962 1106 1042 1107
132 9 2 1 1 227 959 641 1108 1109 1077
133 9 2 1 1 606 627 674 1110 1111 1112
134 9 2 1 1 184 619 204 1113 1114 1115
135 9 2 1 1 155 622 210 1116 1117 1118
136 9 2 1 1 397 996 802 1119 1120 1121
137 9 2 1 1 352 655 881 1093 1122 1123
138 9 2 1 1 178 618 202 1124 1125 1126
139 9 2 1 1 460 809 639 1127 1128 1129
140 9 2 1 1 622 934 210 1130 1131 1117
141 9 2 1 1 186 614 205 1132 1133 1134
142 9 2 1 1 605 977 678 1135 1136 1137
143 9 2 1 1 232 856 653 1138 1139 1140
144 9 2 1 1 61 980 819 1141 1142 1065
145 9 2 1 1 270 273 790 1143 1054 1144
146 9 2 1 1 232 653 695 1140 1145 1146
147 9 2 1 1 538 660 947 1147 1148 1149
148 9 2 1 1 551 868 552 1150 1067 1151
149 9 2 1 1 394 412 748 1152 1153 1154
150 9 2 1 1 363 950 865 1155 1156 1157
151 9 2 1 1 243 531 675 1158 1159 1160
152 9 2 1 1 458 688 540 1161 1162 1163
153 9 2 1 1 363 659 950 1164 1165 1155
154 9 2 1 1 530 1015 699 1166 1167 1168
155 9 2 1 1 558 717 601 1081 1169 1170
156 9 2 1 1 236 917 724 1074 1171 1172
157 9 2 1 1 770 949 771 1173 1174 1175
158 9 2 1 1 639 809 863 1128 1176 1177
159 9 2 1 1 457 679 961 1178 1179 1180
160 9 2 1 1 408 986 787 1181 1182 1085
161 9 2 1 1 365 711 666 1183 1184 1185
162 9 2 1 1 434 725 995 1186 1187 1188
163 9 2 1 1 234 765 766 1189 1190 1191
164 9 2 1 1 424 808 809 1192 1193 1194
165 9 2 1 1 644 997 800 1195 1196 1197
166 9 2 1 1 458 642 688 1198 1199 1161
167 9 2 1 1 650 878 876 1200 1201 1202
168 9 2 1 1 434 436 725 1203 1204 1186
169 9 2 1 1 161 632 208 1205 1206 1207
170 9 2 1 1 755 804 839 1208 1209 1061
171 9 2 1 1 607 663 993 1210 1211 1212
172 9 2 1 1 606 1032 627 1213 1214 1110
173 9 2 1 1 397 802 440 1121 1215 1216
174 9 2 1 1 700 701 991 1217 1218 1219
175 9 2 1 1 592 941 693 1220 1104 1221
176 9 2 1 1 430 817 475 1222 1223 1224
177 9 2 1 1 314 1031 316 1056 1225 1226
178 9 2 1 1 201 243 675 1227 1160 1228
179 9 2 1 1 730 731 896 1229 1098 1230
180 9 2 1 1 564 628 887 1231 1232 1233
181 9 2 1 1 535 663 607 1234 1210 1235
182 9 2 1 1 375 678 977 1236 1136 1237
183 9 2 1 1 798 842 800 1238 1239 1240
184 9 2 1 1 455 656 929 1241 1242 1243
185 9 2 1 1 216 724 917 1244 1171 1100
186 9 2 1 1 444 842 798 1245 1238 1246
187 9 2 1 1 648 934 751 1247 1248 1249
188 9 2 1 1 271 370 713 1250 1251 1252
189 9 2 1 1 219 876 878 1253 1201 1254
190 9 2 1 1 530 699 714 1168 1255 1256
191 9 2 1 1 673 954 928 1257 1258 1259
192 9 2 1 1 597 710 598 1260 1261 1262
193 9 2 1 1 495 770 771 1263 1175 1264
194 9 2 1 1 546 836 709 1265 1266 1267
195 9 2 1 1 327 955 990 1268 1269 1270
196 9 2 1 1 747 952 748 1271 1089 1272
197 9 2 1 1 218 700 991 1273 1219 1274
198 9 2 1 1 221 800 997 1275 1196 1276
199 9 2 1 1 23 24 767 42 1277 1278
200 9 2 1 1 457 677 679 1279 1280 1178
201 9 2 1 1 636 901 855 1281 1282 1283
202 9 2 1 1 358 677 288 1284 1285 1286
203 9 2 1 1 426 952 946 1090 1287 1288
204 9 2 1 1 369 402 656 1289 1290 1291
205 9 2 1 1 564 928 628 1292 1293 1231
206 9 2 1 1 546 946 952 1294 1287 1295
207 9 2 1 1 392 687 788 1296 1297 1298
208 9 2 1 1 598 710 611 1261 1299 1300
209 9 2 1 1 369 656 1026 1291 1301 1302
210 9 2 1 1 623 210 625 1303 1304 1305
211 9 2 1 1 737 816 908 1084 1306 1307
212 9 2 1 1 394 748 426 1154 1088 1308
213 9 2 1 1 271 713 274 1252 1309 1310
214 9 2 1 1 436 768 848 1311 1312 1313
215 9 2 1 1 365 666 889 1185 1314 1315
216 9 2 1 1 783 910 784 1316 1050 1317
217 9 2 1 1 545 546 709 1318 1267 1319
218 9 2 1 1 691 990 955 1320 1269 1321
219 9 2 1 1 50 700 218 1322 1273 1323
220 9 2 1 1 696 855 901 1324 1282 1325
221 9 2 1 1 429 777 940 1326 1327 1328
222 9 2 1 1 535 536 664 1329 1330 1331
223 9 2 1 1 221 723 800 1332 1333 1275
224 9 2 1 1 649 901 852 1334 1335 1336
225 9 2 1 1 538 550 660 1337 1338 1147
226 9 2 1 1 204 619 663 1114 1339 1340
227 9 2 1 1 411 657 930 1045 1341 1342
228 9 2 1 1 580 751 934 1343 1248 1344
229 9 2 1 1 631 940 777 1345 1327 1346
230 9 2 1 1 24 981 767 1347 1348 1277
231 9 2 1 1 205 614 615 1133 1349 1350
232 9 2 1 1 538 947 942 1149 1351 1352
233 9 2 1 1 224 737 908 1353 1307 1354
234 9 2 1 1 715 947 660 1095 1148 1355
235 9 2 1 1 575 711 1016 1356 1357 1358
236 9 2 1 1 638 985 680 1359 1360 1361
237 9 2 1 1 358 679 677 1362 1280 1284
238 9 2 1 1 525 738 823 1059 1363 1364
239 9 2 1 1 683 1016 711 1365 1357 1366
240 9 2 1 1 436 848 725 1313 1367 1204
241 9 2 1 1 589 592 693 1368 1221 1369
242 9 2 1 1 297 457 678 1370 1371 1372
243 9 2 1 1 356 957 658 1373 1374 1035
244 9 2 1 1 540 688 843 1162 1375 1376
245 9 2 1 1 242 676 411 1377 1043 1378
246 9 2 1 1 234 766 915 1191 1379 1380
247 9 2 1 1 412 745 748 1381 1382 1153
248 9 2 1 1 699 1015 701 1167 1383 1384
249 9 2 1 1 213 670 668 1385 1386 1387
250 9 2 1 1 475 817 720 1223 1388 1389
251 9 2 1 1 612 865 950 1390 1156 1391
252 9 2 1 1 91 723 221 1392 1332 1393
253 9 2 1 1 284 376 680 1394 1395 1396
254 9 2 1 1 202 618 869 1125 1397 1398
255 9 2 1 1 363 963 659 1399 1400 1164
256 9 2 1 1 625 210 648 1304 1401 1402
257 9 2 1 1 208 632 633 1206 1403 1404
258 9 2 1 1 536 942 664 1405 1406 1330
259 9 2 1 1 375 683 682 1407 1408 1409
260 9 2 1 1 523 956 755 1410 1411 1060
261 9 2 1 1 561 564 751 1412 1413 1414
262 9 2 1 1 716 708 758 1415 1416 1417
263 9 2 1 1 205 615 715 1350 1096 1418
264 9 2 1 1 395 825 756 1419 1420 1421
265 9 2 1 1 241 676 242 1422 1377 1423
266 9 2 1 1 536 538 942 1424 1352 1405
267 9 2 1 1 548 692 902 1425 1426 1427
268 9 2 1 1 292 392 790 1428 1429 1053
269 9 2 1 1 609 1030 796 1430 1431 1432
270 9 2 1 1 327 756 955 1433 1434 1268
271 9 2 1 1 335 967 681 1435 1436 1437
272 9 2 1 1 428 817 430 1438 1222 1439
273 9 2 1 1 526 760 684 1440 1441 1442
274 9 2 1 1 424 809 895 1194 1443 1444
275 9 2 1 1 562 731 870 1099 1445 1446
276 9 2 1 1 335 681 336 1437 1447 1448
277 9 2 1 1 684 979 794 1449 1450 1451
278 9 2 1 1 301 375 682 1452 1409 1453
279 9 2 1 1 608 659 806 1454 1455 1456
280 9 2 1 1 638 680 893 1361 1457 1458
281 9 2 1 1 327 909 756 1459 1460 1433
282 9 2 1 1 307 727 309 1039 1461 1462
283 9 2 1 1 236 827 661 1463 1464 1072
284 9 2 1 1 643 788 687 1465 1297 1466
285 9 2 1 1 211 998 651 1467 1468 1469
286 9 2 1 1 547 951 932 1470 1471 1472
287 9 2 1 1 490 756 825 1473 1420 1474
288 9 2 1 1 214 823 738 1475 1363 1476
289 9 2 1 1 527 690 689 1477 1478 1479
290 9 2 1 1 760 921 936 1480 1481 1482
291 9 2 1 1 772 874 881 1483 1484 1485
292 9 2 1 1 288 677 290 1285 1486 1487
293 9 2 1 1 568 673 928 1488 1259 1489
294 9 2 1 1 636 852 901 1490 1335 1281
295 9 2 1 1 213 840 670 1491 1492 1385
296 9 2 1 1 509 689 524 1493 1494 1495
297 9 2 1 1 527 684 794 1496 1451 1497
298 9 2 1 1 682 683 711 1408 1366 1498
299 9 2 1 1 213 668 707 1387 1499 1040
300 9 2 1 1 518 526 684 1500 1442 1501
301 9 2 1 1 357 824 864 1076 1502 1503
302 9 2 1 1 604 731 732 1504 1505 1506
303 9 2 1 1 352 881 874 1123 1484 1507
304 9 2 1 1 735 736 913 1508 1509 1510
305 9 2 1 1 416 792 920 1511 1512 1513
306 9 2 1 1 714 920 792 1514 1512 1515
307 9 2 1 1 251 495 771 1516 1264 1517
308 9 2 1 1 267 393 694 1518 1519 1520
309 9 2 1 1 210 934 648 1131 1247 1401
310 9 2 1 1 359 793 384 1521 1522 1523
311 9 2 1 1 759 921 760 1524 1480 1525
312 9 2 1 1 397 481 996 1526 1527 1119
313 9 2 1 1 376 893 680 1528 1457 1395
314 9 2 1 1 692 965 902 1529 1530 1426
315 9 2 1 1 524 689 690 1494 1478 1531
316 9 2 1 1 274 713 280 1309 1532 1533
317 9 2 1 1 735 913 1014 1510 1534 1535
318 9 2 1 1 659 963 806 1400 1536 1455
319 9 2 1 1 50 51 700 69 1537 1322
320 9 2 1 1 453 454 535 1538 1539 1540
321 9 2 1 1 527 794 690 1497 1541 1477
322 9 2 1 1 457 857 678 1542 1543 1371
323 9 2 1 1 717 556 907 1080 1544 1545
324 9 2 1 1 733 736 735 1546 1508 1547
325 9 2 1 1 599 712 1029 1548 1549 1550
326 9 2 1 1 251 771 254 1517 1551 1552
327 9 2 1 1 424 810 808 1553 1554 1192
328 9 2 1 1 824 825 864 1555 1556 1502
329 9 2 1 1 616 637 617 1557 1558 1559
330 9 2 1 1 230 697 698 1560 1561 1562
331 9 2 1 1 481 919 812 1563 1564 1565
332 9 2 1 1 379 672 880 1566 1567 1568
333 9 2 1 1 533 897 544 1569 1570 1571
334 9 2 1 1 393 771 949 1572 1174 1573
335 9 2 1 1 643 787 788 1574 1575 1465
336 9 2 1 1 604 870 731 1576 1445 1504
337 9 2 1 1 564 887 751 1233 1577 1413
338 9 2 1 1 92 722 723 1578 1579 1580
339 9 2 1 1 596 609 796 1581 1432 1582
340 9 2 1 1 335 903 967 1583 1584 1435
341 9 2 1 1 19 214 738 1585 1476 1586
342 9 2 1 1 553 555 602 1587 1588 1589
343 9 2 1 1 530 714 792 1256 1515 1590
344 9 2 1 1 600 679 898 1591 1592 1593
345 9 2 1 1 259 261 807 1594 1595 1596
346 9 2 1 1 57 840 213 1597 1491 1598
347 9 2 1 1 628 928 954 1293 1258 1599
348 9 2 1 1 319 1031 732 1600 1601 1602
349 9 2 1 1 475 720 805 1389 1603 1604
350 9 2 1 1 393 710 694 1605 1606 1519
351 9 2 1 1 540 843 542 1376 1607 1608
352 9 2 1 1 535 664 663 1331 1609 1234
353 9 2 1 1 402 425 453 1610 1611 1612
354 9 2 1 1 743 747 748 1613 1272 1614
355 9 2 1 1 259 807 501 1596 1615 1616
356 9 2 1 1 485 809 808 1617 1193 1618
357 9 2 1 1 481 812 996 1565 1619 1527
358 9 2 1 1 122 123 726 141 1620 1621
359 9 2 1 1 485 863 809 1622 1176 1617
360 9 2 1 1 522 1013 764 1623 1624 1625
361 9 2 1 1 90 221 761 1626 1627 1628
362 9 2 1 1 239 775 837 1629 1630 1631
363 9 2 1 1 621 715 851 1632 1633 1634
364 9 2 1 1 308 372 829 1635 1636 1637
365 9 2 1 1 453 535 607 1540 1235 1638
366 9 2 1 1 607 929 656 1639 1242 1640
367 9 2 1 1 585 587 606 1641 1642 1643
368 9 2 1 1 317 922 784 1644 1645 1049
369 9 2 1 1 237 780 838 1646 1647 1648
370 9 2 1 1 697 757 698 1649 1650 1561
371 9 2 1 1 531 914 675 1651 1652 1159
372 9 2 1 1 583 1033 964 1653 1654 1655
373 9 2 1 1 568 570 673 1656 1657 1488
374 9 2 1 1 384 793 416 1522 1658 1659
375 9 2 1 1 379 880 989 1568 1660 1661
376 9 2 1 1 376 815 893 1662 1663 1528
377 9 2 1 1 596 598 609 1664 1665 1581
378 9 2 1 1 614 664 942 1666 1406 1667
379 9 2 1 1 794 960 1002 1668 1669 1670
380 9 2 1 1 666 711 918 1184 1671 1672
381 9 2 1 1 339 378 341 1673 1674 1675
382 9 2 1 1 217 705 709 1676 1677 1678
383 9 2 1 1 550 553 660 1679 1680 1338
384 9 2 1 1 272 482 786 1681 1682 1683
385 9 2 1 1 666 667 889 1684 1064 1314
386 9 2 1 1 280 713 712 1532 1685 1686
387 9 2 1 1 129 736 733 1687 1546 1688
388 9 2 1 1 509 511 689 1689 1690 1493
389 9 2 1 1 272 786 323 1683 1691 1692
390 9 2 1 1 570 573 673 1693 1694 1657
391 9 2 1 1 126 696 231 1695 1696 1697
392 9 2 1 1 52 697 230 1698 1560 1699
393 9 2 1 1 15 702 232 1700 1701 1702
394 9 2 1 1 332 730 335 1703 1704 1705
395 9 2 1 1 87 705 217 1706 1676 1707
396 9 2 1 1 544 897 946 1570 1708 1709
397 9 2 1 1 123 219 726 1710 1711 1620
398 9 2 1 1 336 681 339 1447 1712 1713
399 9 2 1 1 774 845 805 1714 1715 1716
400 9 2 1 1 520 703 526 1717 1718 1719
401 9 2 1 1 312 356 314 1720 1034 1721
402 9 2 1 1 614 942 615 1667 1722 1349
403 9 2 1 1 602 715 660 1723 1355 1724
404 9 2 1 1 162 627 163 1725 1726 174
405 9 2 1 1 5 622 155 1727 1116 166
406 9 2 1 1 6 618 178 1728 1124 189
407 9 2 1 1 306 308 829 1729 1637 1730
408 9 2 1 1 14 232 695 1731 1146 1732
409 9 2 1 1 183 619 184 1733 1113 195
410 9 2 1 1 228 932 951 1734 1471 1735
411 9 2 1 1 626 998 211 1736 1467 1737
412 9 2 1 1 557 559 580 1738 1739 1740
413 9 2 1 1 185 614 186 1741 1132 197
414 9 2 1 1 217 709 836 1678 1266 1742
415 9 2 1 1 91 92 723 110 1580 1392
416 9 2 1 1 524 691 728 1743 1744 1745
417 9 2 1 1 643 786 787 1746 1747 1574
418 9 2 1 1 92 93 722 111 1748 1578
419 9 2 1 1 741 486 824 1749 1750 1075
420 9 2 1 1 331 731 730 1751 1229 1752
421 9 2 1 1 160 632 161 1753 1205 172
422 9 2 1 1 574 576 577 1754 1755 1756
423 9 2 1 1 853 866 984 1757 1758 1759
424 9 2 1 1 712 713 1029 1685 1760 1549
425 9 2 1 1 629 890 761 1761 1762 1763
426 9 2 1 1 269 694 370 1764 1765 1766
427 9 2 1 1 358 286 680 1767 1768 1769
428 9 2 1 1 378 907 654 1770 1771 1772
429 9 2 1 1 223 716 758 1773 1417 1774
430 9 2 1 1 472 880 899 1775 1776 1777
431 9 2 1 1 461 1007 757 1778 1779 1780
432 9 2 1 1 218 804 740 1781 1782 1783
433 9 2 1 1 598 610 609 1784 1785 1665
434 9 2 1 1 299 375 301 1786 1452 1787
435 9 2 1 1 295 457 297 1788 1370 1789
436 9 2 1 1 290 677 295 1486 1790 1791
437 9 2 1 1 229 890 927 1792 1793 1794
438 9 2 1 1 698 757 1007 1650 1779 1795
439 9 2 1 1 341 378 654 1674 1772 1796
440 9 2 1 1 282 376 284 1797 1394 1798
441 9 2 1 1 570 572 573 1799 1800 1693
442 9 2 1 1 425 454 453 1801 1538 1611
443 9 2 1 1 331 730 332 1752 1703 1802
444 9 2 1 1 216 665 913 1102 1803 1804
445 9 2 1 1 454 536 535 1805 1329 1539
446 9 2 1 1 284 680 286 1396 1768 1806
447 9 2 1 1 485 808 807 1618 1807 1808
448 9 2 1 1 516 518 684 1809 1501 1810
449 9 2 1 1 653 778 695 1811 1812 1145
450 9 2 1 1 227 685 686 1079 1813 1814
451 9 2 1 1 232 944 856 1815 1816 1138
452 9 2 1 1 698 714 699 1817 1255 1818
453 9 2 1 1 319 331 325 1819 1820 1821
454 9 2 1 1 345 379 347 1822 1823 1824
455 9 2 1 1 303 682 365 1825 1826 1827
456 9 2 1 1 583 585 1033 1828 1829 1653
457 9 2 1 1 341 654 343 1796 1830 1831
458 9 2 1 1 378 681 717 1832 1833 1834
459 9 2 1 1 297 678 299 1372 1835 1836
460 9 2 1 1 524 690 691 1531 1837 1743
461 9 2 1 1 742 747 743 1838 1613 1839
462 9 2 1 1 587 693 606 1840 1841 1642
463 9 2 1 1 715 602 851 1723 1842 1633
464 9 2 1 1 267 694 269 1520 1764 1843
465 9 2 1 1 532 848 768 1844 1312 1845
466 9 2 1 1 482 789 787 1846 1086 1847
467 9 2 1 1 86 217 739 1848 1849 1850
468 9 2 1 1 239 1000 775 1851 1852 1629
469 9 2 1 1 316 1031 319 1225 1600 1853
470 9 2 1 1 365 682 711 1826 1498 1183
471 9 2 1 1 339 681 378 1712 1832 1673
472 9 2 1 1 402 453 656 1612 1854 1290
473 9 2 1 1 605 678 857 1137 1543 1855
474 9 2 1 1 455 1026 656 1856 1301 1241
475 9 2 1 1 526 703 759 1718 1857 1858
476 9 2 1 1 309 727 312 1461 1859 1860
477 9 2 1 1 332 335 334 1705 1861 1862
478 9 2 1 1 49 218 740 1863 1783 1864
479 9 2 1 1 343 868 345 1865 1866 1867
480 9 2 1 1 220 695 778 1868 1812 1869
481 9 2 1 1 280 712 282 1686 1870 1871
482 9 2 1 1 752 755 753 1872 1873 1874
483 9 2 1 1 553 554 555 1875 1876 1587
484 9 2 1 1 301 682 303 1453 1825 1877
485 9 2 1 1 303 365 305 1827 1878 1879
486 9 2 1 1 672 899 880 1880 1776 1567
487 9 2 1 1 490 491 729 1881 1882 1883
488 9 2 1 1 754 764 763 1884 1885 1886
489 9 2 1 1 739 747 742 1887 1838 1888
490 9 2 1 1 774 813 845 1889 1890 1714
491 9 2 1 1 222 733 734 1891 1892 1893
492 9 2 1 1 230 698 699 1562 1818 1894
493 9 2 1 1 543 839 804 1895 1209 1896
494 9 2 1 1 286 358 288 1767 1286 1897
495 9 2 1 1 589 591 592 1898 1899 1368
496 9 2 1 1 201 241 242 1900 1423 1901
497 9 2 1 1 507 524 728 1902 1745 1903
498 9 2 1 1 222 855 696 1904 1324 1905
499 9 2 1 1 203 675 914 1906 1652 1907
500 9 2 1 1 534 853 984 1908 1759 1909
501 9 2 1 1 514 516 527 1910 1911 1912
502 9 2 1 1 739 836 747 1913 1914 1887
503 9 2 1 1 667 884 727 1915 1916 1063
504 9 2 1 1 249 891 495 1917 1918 1919
505 9 2 1 1 492 769 532 1920 1921 1922
506 9 2 1 1 553 602 660 1589 1724 1680
507 9 2 1 1 522 764 861 1625 1923 1924
508 9 2 1 1 550 552 553 1925 1926 1679
509 9 2 1 1 587 589 693 1927 1369 1840
510 9 2 1 1 265 393 267 1928 1518 1929
511 9 2 1 1 518 520 526 1930 1719 1500
512 9 2 1 1 299 678 375 1835 1236 1786
513 9 2 1 1 516 684 527 1810 1496 1911
514 9 2 1 1 740 755 752 1931 1872 1932
515 9 2 1 1 655 769 881 1933 1934 1122
516 9 2 1 1 690 794 1002 1541 1670 1935
517 9 2 1 1 520 529 703 1936 1937 1717
518 9 2 1 1 734 1008 904 1938 1939 1940
519 9 2 1 1 780 1010 838 1941 1942 1647
520 9 2 1 1 554 907 556 1943 1544 1944
521 9 2 1 1 328 382 785 1945 1946 1947
522 9 2 1 1 282 712 376 1870 1948 1797
523 9 2 1 1 11 692 932 1949 1950 1951
524 9 2 1 1 254 771 265 1551 1952 1953
525 9 2 1 1 501 808 810 1954 1554 1955
526 9 2 1 1 122 726 959 1621 1956 1957
527 9 2 1 1 21 234 718 1958 1959 1960
528 9 2 1 1 95 235 719 1961 1962 1963
529 9 2 1 1 132 236 724 1964 1172 1965
530 9 2 1 1 561 563 564 1966 1967 1412
531 9 2 1 1 51 230 700 1968 1969 1537
532 9 2 1 1 434 995 777 1188 1970 1971
533 9 2 1 1 319 732 331 1602 1972 1819
534 9 2 1 1 490 729 756 1883 1973 1473
535 9 2 1 1 448 486 741 1974 1749 1975
536 9 2 1 1 269 370 271 1766 1250 1976
537 9 2 1 1 691 955 728 1321 1977 1744
538 9 2 1 1 482 787 786 1847 1747 1682
539 9 2 1 1 11 965 692 1978 1529 1949
540 9 2 1 1 382 406 785 1979 1980 1946
541 9 2 1 1 721 798 722 1981 1982 1983
542 9 2 1 1 238 801 749 1984 1985 1986
543 9 2 1 1 782 783 784 1987 1317 1988
544 9 2 1 1 657 676 1017 1044 1989 1990
545 9 2 1 1 580 934 662 1344 1991 1992
546 9 2 1 1 180 241 201 1993 1900 1994
547 9 2 1 1 181 201 675 1995 1228 1996
548 9 2 1 1 358 680 985 1769 1360 1997
549 9 2 1 1 295 297 296 1789 1998 1999
550 9 2 1 1 593 595 596 2000 2001 2002
551 9 2 1 1 127 222 696 2003 1905 2004
552 9 2 1 1 764 1013 766 1624 2005 2006
553 9 2 1 1 53 223 697 2007 2008 2009
554 9 2 1 1 16 224 702 2010 2011 2012
555 9 2 1 1 88 229 705 2013 2014 2015
556 9 2 1 1 347 379 989 1823 1661 2016
557 9 2 1 1 592 593 796 2017 2018 2019
558 9 2 1 1 383 772 387 2020 2021 2022
559 9 2 1 1 60 819 905 1066 2023 2024
560 9 2 1 1 85 739 742 2025 1888 2026
561 9 2 1 1 654 907 992 1771 2027 1047
562 9 2 1 1 572 574 573 2028 2029 1800
563 9 2 1 1 460 895 809 2030 1443 1127
564 9 2 1 1 449 643 642 2031 2032 2033
565 9 2 1 1 451 845 813 2034 1890 2035
566 9 2 1 1 215 719 720 2036 2037 2038
567 9 2 1 1 529 704 703 2039 2040 1937
568 9 2 1 1 235 774 805 2041 1716 2042
569 9 2 1 1 573 574 873 2029 2043 2044
570 9 2 1 1 18 738 737 2045 1058 2046
571 9 2 1 1 583 584 585 2047 2048 1828
572 9 2 1 1 325 331 332 1820 1802 2049
573 9 2 1 1 501 810 830 1955 2050 2051
574 9 2 1 1 542 708 707 2052 2053 2054
575 9 2 1 1 17 737 224 2055 1353 2056
576 9 2 1 1 48 740 752 2057 1932 2058
577 9 2 1 1 229 761 890 2059 1762 1792
578 9 2 1 1 326 455 833 2060 2061 2062
579 9 2 1 1 276 322 485 2063 2064 2065
580 9 2 1 1 743 748 745 1614 1382 2066
581 9 2 1 1 128 733 222 2067 1891 2068
582 9 2 1 1 511 514 689 2069 2070 1690
583 9 2 1 1 392 788 790 1298 2071 1429
584 9 2 1 1 182 675 203 2072 1906 2073
585 9 2 1 1 356 727 884 2074 1916 2075
586 9 2 1 1 215 720 721 2038 2076 2077
587 9 2 1 1 164 207 616 2078 2079 2080
588 9 2 1 1 202 676 241 2081 1422 2082
589 9 2 1 1 491 505 729 2083 2084 1882
590 9 2 1 1 13 695 220 2085 1868 2086
591 9 2 1 1 297 299 298 1836 2087 2088
592 9 2 1 1 501 807 808 1615 1807 1954
593 9 2 1 1 179 202 241 2089 2082 2090
594 9 2 1 1 295 677 457 1790 1279 1788
595 9 2 1 1 743 745 744 2066 2091 2092
596 9 2 1 1 130 216 736 2093 2094 2095
597 9 2 1 1 317 910 860 1051 2096 2097
598 9 2 1 1 733 735 734 1547 2098 1892
599 9 2 1 1 734 735 1008 2098 2099 1938
600 9 2 1 1 443 655 847 2100 2101 2102
601 9 2 1 1 412 826 745 2103 2104 1381
602 9 2 1 1 754 763 762 1886 2105 2106
603 9 2 1 1 234 931 765 2107 2108 1189
604 9 2 1 1 413 414 803 2109 2110 2111
605 9 2 1 1 507 509 524 2112 1495 1902
606 9 2 1 1 635 636 855 2113 1283 2114
607 9 2 1 1 165 616 206 2115 2116 2117
608 9 2 1 1 156 210 623 2118 1303 2119
609 9 2 1 1 555 556 557 2120 2121 2122
610 9 2 1 1 578 582 583 2123 2124 2125
611 9 2 1 1 54 716 223 2126 1773 2127
612 9 2 1 1 345 868 1018 1866 2128 2129
613 9 2 1 1 18 19 738 37 1586 2045
614 9 2 1 1 90 91 221 109 1393 1626
615 9 2 1 1 127 128 222 146 2068 2003
616 9 2 1 1 53 54 223 72 2127 2007
617 9 2 1 1 16 17 224 35 2056 2010
618 9 2 1 1 88 89 229 107 2130 2013
619 9 2 1 1 51 52 230 70 1699 1968
620 9 2 1 1 125 126 231 144 1697 2131
621 9 2 1 1 14 15 232 33 1702 1731
622 9 2 1 1 86 87 217 105 1707 1848
623 9 2 1 1 49 50 218 68 1323 1863
624 9 2 1 1 123 124 219 142 2132 1710
625 9 2 1 1 12 13 220 31 2086 2133
626 9 2 1 1 312 727 356 1859 2074 1720
627 9 2 1 1 719 805 720 2134 1603 2037
628 9 2 1 1 362 355 363 2135 2136 2137
629 9 2 1 1 56 57 213 75 1598 1106
630 9 2 1 1 19 20 214 38 2138 1585
631 9 2 1 1 542 707 668 2054 1499 2139
632 9 2 1 1 261 276 807 2140 2141 1595
633 9 2 1 1 93 94 215 112 2142 2143
634 9 2 1 1 130 131 216 149 2144 2093
635 9 2 1 1 257 791 260 2145 2146 2147
636 9 2 1 1 309 312 311 1860 2148 2149
637 9 2 1 1 120 227 814 2150 2151 2152
638 9 2 1 1 225 742 743 2153 1839 2154
639 9 2 1 1 163 627 1032 1726 1214 2155
640 9 2 1 1 339 341 340 1675 2156 2157
641 9 2 1 1 528 915 766 2158 1379 2159
642 9 2 1 1 514 515 516 2160 2161 1910
643 9 2 1 1 227 686 814 1814 2162 2151
644 9 2 1 1 157 623 211 2163 2164 2165
645 9 2 1 1 20 718 214 2166 2167 2138
646 9 2 1 1 94 719 215 2168 2036 2142
647 9 2 1 1 131 724 216 2169 1244 2144
648 9 2 1 1 716 962 708 2170 2171 1415
649 9 2 1 1 516 517 518 2172 2173 1809
650 9 2 1 1 779 781 780 2174 2175 2176
651 9 2 1 1 290 295 294 1791 2177 2178
652 9 2 1 1 323 786 449 1691 2179 2180
653 9 2 1 1 223 757 697 2181 1649 2008
654 9 2 1 1 596 597 598 2182 1262 1664
655 9 2 1 1 585 586 587 2183 2184 1641
656 9 2 1 1 207 637 616 2185 1557 2079
657 9 2 1 1 188 621 209 2186 2187 2188
658 9 2 1 1 226 752 753 2189 1874 2190
659 9 2 1 1 187 205 621 2191 2192 2193
660 9 2 1 1 240 762 763 2194 2105 2195
661 9 2 1 1 576 578 577 2196 2197 1755
662 9 2 1 1 505 507 728 2198 1903 2199
663 9 2 1 1 543 701 1015 2200 1383 2201
664 9 2 1 1 555 557 886 2122 2202 2203
665 9 2 1 1 312 314 313 1721 2204 2205
666 9 2 1 1 787 986 788 1182 2206 1575
667 9 2 1 1 505 728 729 2199 2207 2084
668 9 2 1 1 518 519 520 2208 2209 1930
669 9 2 1 1 336 339 338 1713 2210 2211
670 9 2 1 1 45 762 240 2212 2194 2213
671 9 2 1 1 565 567 568 2214 2215 2216
672 9 2 1 1 206 616 617 2116 1559 2217
673 9 2 1 1 387 772 422 2021 2218 2219
674 9 2 1 1 264 277 818 2220 2221 2222
675 9 2 1 1 446 448 741 2223 1975 2224
676 9 2 1 1 488 490 825 2225 1474 2226
677 9 2 1 1 299 301 300 1787 2227 2228
678 9 2 1 1 93 215 722 2143 2229 1748
679 9 2 1 1 642 643 687 2032 1466 2230
680 9 2 1 1 591 593 592 2231 2017 1899
681 9 2 1 1 85 86 739 104 1850 2025
682 9 2 1 1 722 798 723 1982 2232 1579
683 9 2 1 1 511 513 514 2233 2234 2069
684 9 2 1 1 265 771 393 1952 1572 1928
685 9 2 1 1 623 624 211 2235 2236 2164
686 9 2 1 1 48 49 740 67 1864 2057
687 9 2 1 1 475 805 845 1604 1715 2237
688 9 2 1 1 514 527 689 1912 1479 2070
689 9 2 1 1 229 927 705 1794 2238 2014
690 9 2 1 1 240 763 767 2195 2239 2240
691 9 2 1 1 528 822 915 2241 2242 2158
692 9 2 1 1 228 781 779 2243 2174 2244
693 9 2 1 1 486 487 488 2245 2246 2247
694 9 2 1 1 314 316 315 1226 2248 2249
695 9 2 1 1 245 833 531 2250 2251 2252
696 9 2 1 1 158 211 651 2253 1469 2254
697 9 2 1 1 369 401 402 2255 2256 1289
698 9 2 1 1 126 127 696 145 2004 1695
699 9 2 1 1 52 53 697 71 2009 1698
700 9 2 1 1 568 569 570 2257 2258 1656
701 9 2 1 1 15 16 702 34 2012 1700
702 9 2 1 1 87 88 705 106 2015 1706
703 9 2 1 1 448 478 486 2259 2260 1974
704 9 2 1 1 125 231 876 2131 2261 2262
705 9 2 1 1 610 611 657 2263 2264 2265
706 9 2 1 1 621 851 209 1634 2266 2187
707 9 2 1 1 124 876 219 2267 1253 2132
708 9 2 1 1 646 783 911 2268 2269 2270
709 9 2 1 1 764 766 765 2006 1190 2271
710 9 2 1 1 316 319 318 1853 2272 2273
711 9 2 1 1 225 743 744 2154 2092 2274
712 9 2 1 1 326 367 455 2275 2276 2060
713 9 2 1 1 235 773 774 2277 2278 2041
714 9 2 1 1 578 583 892 2125 2279 2280
715 9 2 1 1 82 801 238 2281 1984 2282
716 9 2 1 1 547 932 692 1472 1950 2283
717 9 2 1 1 223 758 757 1774 2284 2181
718 9 2 1 1 17 18 737 36 2046 2055
719 9 2 1 1 552 554 553 2285 1875 1926
720 9 2 1 1 708 1020 758 2286 2287 1416
721 9 2 1 1 464 783 782 2288 1987 2289
722 9 2 1 1 782 784 785 1988 2290 2291
723 9 2 1 1 235 805 719 2042 2134 1962
724 9 2 1 1 573 873 1011 2044 2292 2293
725 9 2 1 1 422 772 492 2218 2294 2295
726 9 2 1 1 341 343 342 1831 2296 2297
727 9 2 1 1 406 782 785 2298 2291 1980
728 9 2 1 1 128 129 733 147 1688 2067
729 9 2 1 1 274 280 279 1533 2299 2300
730 9 2 1 1 89 761 229 2301 2059 2130
731 9 2 1 1 13 14 695 32 1732 2085
732 9 2 1 1 402 407 425 2302 2303 1610
733 9 2 1 1 84 742 225 2304 2153 2305
734 9 2 1 1 488 489 490 2306 2307 2225
735 9 2 1 1 204 664 614 2308 1666 2309
736 9 2 1 1 45 46 762 64 2310 2212
737 9 2 1 1 520 521 529 2311 2312 1936
738 9 2 1 1 129 130 736 148 2095 1687
739 9 2 1 1 47 752 226 2313 2189 2314
740 9 2 1 1 559 751 580 2315 1343 1739
741 9 2 1 1 543 991 701 2316 1218 2200
742 9 2 1 1 414 419 803 2317 2318 2110
743 9 2 1 1 617 637 941 1558 1105 2319
744 9 2 1 1 429 431 777 2320 2321 1326
745 9 2 1 1 707 708 962 2053 2171 1041
746 9 2 1 1 442 464 782 2322 2289 2323
747 9 2 1 1 54 55 716 73 2324 2126
748 9 2 1 1 226 753 754 2190 2325 2326
749 9 2 1 1 542 843 708 1607 2327 2052
750 9 2 1 1 372 446 829 2328 2329 1636
751 9 2 1 1 334 335 336 1861 1448 2330
752 9 2 1 1 699 701 700 1384 1217 2331
753 9 2 1 1 563 565 564 2332 2333 1967
754 9 2 1 1 422 492 452 2295 2334 2335
755 9 2 1 1 237 779 780 2336 2176 1646
756 9 2 1 1 606 674 1033 1112 2337 2338
757 9 2 1 1 531 833 834 2251 2339 2340
758 9 2 1 1 593 596 796 2002 1582 2018
759 9 2 1 1 84 85 742 103 2026 2304
760 9 2 1 1 621 205 715 2192 1418 1632
761 9 2 1 1 455 834 833 2341 2339 2061
762 9 2 1 1 526 759 760 1858 1525 1440
763 9 2 1 1 434 435 436 2342 2343 1203
764 9 2 1 1 431 433 434 2344 2345 2346
765 9 2 1 1 559 561 751 2347 1414 2315
766 9 2 1 1 459 534 419 2348 2349 2350
767 9 2 1 1 404 858 999 2351 2352 2353
768 9 2 1 1 449 786 643 2179 1746 2031
769 9 2 1 1 47 48 752 66 2058 2313
770 9 2 1 1 763 764 765 1885 2271 2354
771 9 2 1 1 557 558 559 2355 2356 1738
772 9 2 1 1 280 282 281 1871 2357 2358
773 9 2 1 1 58 59 233 77 2359 2360
774 9 2 1 1 21 22 234 40 2361 1958
775 9 2 1 1 95 96 235 114 2362 1961
776 9 2 1 1 132 133 236 151 2363 1964
777 9 2 1 1 600 961 679 2364 1179 1591
778 9 2 1 1 502 927 890 2365 1793 2366
779 9 2 1 1 20 21 718 39 1960 2166
780 9 2 1 1 94 95 719 113 1963 2168
781 9 2 1 1 131 132 724 150 1965 2169
782 9 2 1 1 744 745 746 2091 2367 2368
783 9 2 1 1 319 325 324 1821 2369 2370
784 9 2 1 1 294 295 296 2177 1999 2371
785 9 2 1 1 225 744 801 2274 2372 2373
786 9 2 1 1 96 773 235 2374 2277 2362
787 9 2 1 1 133 776 236 2375 2376 2363
788 9 2 1 1 361 821 354 2377 2378 2379
789 9 2 1 1 491 504 505 2380 2381 2083
790 9 2 1 1 784 882 785 2382 2383 2290
791 9 2 1 1 744 749 801 2384 1985 2372
792 9 2 1 1 9 228 779 2385 2244 2386
793 9 2 1 1 467 630 768 2387 2388 2389
794 9 2 1 1 301 303 302 1877 2390 2391
795 9 2 1 1 431 434 777 2346 1971 2321
796 9 2 1 1 773 775 774 2392 2393 2278
797 9 2 1 1 443 484 655 2394 2395 2100
798 9 2 1 1 282 284 283 1798 2396 2397
799 9 2 1 1 89 90 761 108 1628 2301
800 9 2 1 1 343 345 344 1867 2398 2399
801 9 2 1 1 513 515 514 2400 2160 2234
802 9 2 1 1 528 766 1013 2159 2005 2401
803 9 2 1 1 482 791 789 2402 2403 1846
804 9 2 1 1 505 506 507 2404 2405 2198
805 9 2 1 1 597 969 710 2406 2407 1260
806 9 2 1 1 729 955 756 2408 1434 1973
807 9 2 1 1 83 84 225 102 2305 2409
808 9 2 1 1 46 47 226 65 2314 2410
809 9 2 1 1 404 999 842 2353 2411 2412
810 9 2 1 1 238 749 819 1986 2413 2414
811 9 2 1 1 120 121 227 139 2415 2150
812 9 2 1 1 9 10 228 28 2416 2385
813 9 2 1 1 515 517 516 2417 2172 2161
814 9 2 1 1 436 467 768 2418 2389 1311
815 9 2 1 1 373 400 797 2419 2420 2421
816 9 2 1 1 467 613 630 2422 2423 2387
817 9 2 1 1 331 732 731 1972 1505 1751
818 9 2 1 1 284 286 285 1806 2424 2425
819 9 2 1 1 276 485 807 2065 1808 2141
820 9 2 1 1 570 571 572 2426 2427 1799
821 9 2 1 1 406 442 782 2428 2323 2298
822 9 2 1 1 362 363 377 2137 2429 2430
823 9 2 1 1 517 519 518 2431 2208 2173
824 9 2 1 1 296 297 298 1998 2088 2432
825 9 2 1 1 208 674 627 2433 1111 2434
826 9 2 1 1 442 463 464 2435 2436 2322
827 9 2 1 1 8 779 237 2437 2336 2438
828 9 2 1 1 249 495 251 1919 1516 2439
829 9 2 1 1 8 9 779 27 2386 2437
830 9 2 1 1 96 97 773 115 2440 2374
831 9 2 1 1 133 134 776 152 2441 2375
832 9 2 1 1 536 537 538 2442 2443 1424
833 9 2 1 1 740 804 755 1782 1208 1931
834 9 2 1 1 641 959 726 1109 1956 2444
835 9 2 1 1 419 534 803 2349 2445 2318
836 9 2 1 1 554 556 555 1944 2120 1876
837 9 2 1 1 471 497 498 2446 2447 2448
838 9 2 1 1 355 963 363 2449 1399 2136
839 9 2 1 1 298 299 300 2087 2228 2450
840 9 2 1 1 81 82 238 100 2282 2451
841 9 2 1 1 44 45 240 63 2213 2452
842 9 2 1 1 118 119 239 137 2453 2454
843 9 2 1 1 7 8 237 26 2438 2455
844 9 2 1 1 260 791 263 2146 2456 2457
845 9 2 1 1 465 470 471 2458 2459 2460
846 9 2 1 1 303 305 304 1879 2461 2462
847 9 2 1 1 345 347 346 1824 2463 2464
848 9 2 1 1 595 597 596 2465 2182 2001
849 9 2 1 1 240 767 981 2240 1348 2466
850 9 2 1 1 311 312 313 2148 2205 2467
851 9 2 1 1 214 822 823 2468 2469 1475
852 9 2 1 1 495 891 930 1918 2470 2471
853 9 2 1 1 580 662 1022 1992 2472 2473
854 9 2 1 1 581 1016 977 2474 2475 2476
855 9 2 1 1 507 508 509 2477 2478 2112
856 9 2 1 1 587 588 589 2479 2480 1927
857 9 2 1 1 159 651 212 2481 2482 2483
858 9 2 1 1 684 760 979 1441 2484 1449
859 9 2 1 1 721 1027 798 2485 2486 1981
860 9 2 1 1 370 1029 713 2487 1760 1251
861 9 2 1 1 376 924 815 2488 2489 1662
862 9 2 1 1 202 1017 676 2490 1989 2081
863 9 2 1 1 338 339 340 2210 2157 2491
864 9 2 1 1 215 721 722 2077 1983 2229
865 9 2 1 1 478 487 486 2492 2245 2260
866 9 2 1 1 82 83 801 101 2493 2281
867 9 2 1 1 332 334 333 1862 2494 2495
868 9 2 1 1 582 584 583 2496 2047 2124
869 9 2 1 1 230 699 700 1894 2331 1969
870 9 2 1 1 564 565 928 2333 2497 1292
871 9 2 1 1 574 575 576 2498 2499 1754
872 9 2 1 1 212 651 652 2482 2500 2501
873 9 2 1 1 46 226 762 2410 2502 2310
874 9 2 1 1 373 394 400 2503 2504 2419
875 9 2 1 1 217 836 739 1742 1913 1849
876 9 2 1 1 277 330 818 2505 2506 2221
877 9 2 1 1 286 288 287 1897 2507 2508
878 9 2 1 1 392 937 687 2509 2510 1296
879 9 2 1 1 263 482 272 2511 1681 2512
880 9 2 1 1 383 874 772 2513 1483 2020
881 9 2 1 1 361 390 821 2514 2515 2377
882 9 2 1 1 649 1003 901 2516 2517 1334
883 9 2 1 1 330 373 797 2518 2421 2519
884 9 2 1 1 119 120 814 138 2152 2520
885 9 2 1 1 498 547 548 2521 2522 2523
886 9 2 1 1 487 489 488 2524 2306 2246
887 9 2 1 1 231 696 901 1696 1325 2525
888 9 2 1 1 214 718 822 2167 2526 2468
889 9 2 1 1 359 871 793 2527 2528 1521
890 9 2 1 1 500 860 910 2529 2096 2530
891 9 2 1 1 519 521 520 2531 2311 2209
892 9 2 1 1 433 435 434 2532 2342 2345
893 9 2 1 1 459 795 534 2533 2534 2348
894 9 2 1 1 390 409 427 2535 2536 2537
895 9 2 1 1 323 449 374 2180 2538 2539
896 9 2 1 1 575 918 711 2540 1671 1356
897 9 2 1 1 544 946 546 1709 1294 2541
898 9 2 1 1 83 225 801 2409 2373 2493
899 9 2 1 1 452 492 532 2334 1922 2542
900 9 2 1 1 266 265 267 2543 1929 2544
901 9 2 1 1 598 611 610 1300 2263 1784
902 9 2 1 1 458 449 642 2545 2033 1198
903 9 2 1 1 221 997 761 1276 2546 1627
904 9 2 1 1 489 491 490 2547 1881 2307
905 9 2 1 1 381 481 397 2548 1526 2549
906 9 2 1 1 584 586 585 2550 2183 2048
907 9 2 1 1 254 265 258 1953 2551 2552
908 9 2 1 1 435 467 436 2553 2418 2343
909 9 2 1 1 202 869 1017 1398 2554 2490
910 9 2 1 1 498 548 973 2523 2555 2556
911 9 2 1 1 720 817 721 1388 2557 2076
912 9 2 1 1 57 58 840 76 2558 1597
913 9 2 1 1 529 792 704 2559 2560 2039
914 9 2 1 1 504 506 505 2561 2404 2381
915 9 2 1 1 453 607 656 1638 1640 1854
916 9 2 1 1 261 275 276 2562 2563 2140
917 9 2 1 1 343 654 868 1830 1068 1865
918 9 2 1 1 226 754 762 2326 2106 2502
919 9 2 1 1 625 887 628 2564 1232 2565
920 9 2 1 1 427 428 429 2566 2567 2568
921 9 2 1 1 340 341 342 2156 2297 2569
922 9 2 1 1 763 765 767 2354 2570 2239
923 9 2 1 1 559 560 561 2571 2572 2347
924 9 2 1 1 509 510 511 2573 2574 1689
925 9 2 1 1 464 911 783 2575 2269 2288
926 9 2 1 1 723 798 800 2232 1240 1333
927 9 2 1 1 300 301 302 2227 2391 2576
928 9 2 1 1 97 98 837 116 2577 2578
929 9 2 1 1 134 135 838 153 2579 2580
930 9 2 1 1 753 755 956 1873 1411 2581
931 9 2 1 1 370 694 969 1765 2582 2583
932 9 2 1 1 529 530 792 2584 1590 2559
933 9 2 1 1 267 269 268 1843 2585 2586
934 9 2 1 1 263 791 482 2456 2402 2511
935 9 2 1 1 463 465 464 2587 2588 2436
936 9 2 1 1 746 750 749 2589 2590 2591
937 9 2 1 1 484 769 655 2592 1933 2395
938 9 2 1 1 245 247 833 2593 2594 2250
939 9 2 1 1 532 769 848 1921 2595 1844
940 9 2 1 1 256 259 501 2596 1616 2597
941 9 2 1 1 313 314 315 2204 2249 2598
942 9 2 1 1 372 398 446 2599 2600 2328
943 9 2 1 1 774 775 813 2393 2601 1889
944 9 2 1 1 276 321 322 2602 2603 2063
945 9 2 1 1 396 634 812 2604 2605 2606
946 9 2 1 1 521 530 529 2607 2584 2312
947 9 2 1 1 567 569 568 2608 2257 2215
948 9 2 1 1 417 533 420 2609 2610 2611
949 9 2 1 1 305 307 306 2612 2613 2614
950 9 2 1 1 348 353 350 2615 2616 2617
951 9 2 1 1 556 558 557 1082 2355 2121
952 9 2 1 1 315 316 318 2248 2273 2618
953 9 2 1 1 634 635 802 2619 2620 2621
954 9 2 1 1 470 497 471 2622 2446 2459
955 9 2 1 1 417 885 533 2623 2624 2609
956 9 2 1 1 224 923 702 2625 2626 2011
957 9 2 1 1 318 319 324 2272 2370 2627
958 9 2 1 1 330 797 818 2519 2628 2506
959 9 2 1 1 353 355 354 2629 2630 2631
960 9 2 1 1 269 271 270 1976 2632 2633
961 9 2 1 1 589 590 591 2634 2635 1898
962 9 2 1 1 506 508 507 2636 2477 2405
963 9 2 1 1 243 245 531 2637 2252 1158
964 9 2 1 1 279 280 281 2299 2358 2638
965 9 2 1 1 461 757 900 1780 2639 2640
966 9 2 1 1 396 445 634 2641 2642 2604
967 9 2 1 1 704 793 872 2643 2644 2645
968 9 2 1 1 204 663 664 1340 1609 2308
969 9 2 1 1 320 872 975 2646 2647 2648
970 9 2 1 1 438 439 688 2649 2650 2651
971 9 2 1 1 360 392 292 2652 1428 2653
972 9 2 1 1 377 853 811 2654 2655 2656
973 9 2 1 1 342 343 344 2296 2399 2657
974 9 2 1 1 486 488 824 2247 2658 1750
975 9 2 1 1 386 396 812 2659 2606 2660
976 9 2 1 1 744 746 749 2368 2591 2384
977 9 2 1 1 511 512 513 2661 2662 2233
978 9 2 1 1 429 430 431 2663 2664 2320
979 9 2 1 1 288 290 289 1487 2665 2666
980 9 2 1 1 425 472 899 2667 1777 2668
981 9 2 1 1 381 799 481 2669 2670 2548
982 9 2 1 1 754 861 764 2671 1923 1884
983 9 2 1 1 388 437 438 2672 2673 2674
984 9 2 1 1 497 547 498 2675 2521 2447
985 9 2 1 1 446 741 829 2224 2676 2329
986 9 2 1 1 593 594 595 2677 2678 2000
987 9 2 1 1 119 814 239 2520 2679 2453
988 9 2 1 1 208 633 674 1404 2680 2433
989 9 2 1 1 379 972 672 2681 2682 1566
990 9 2 1 1 773 837 775 2683 1630 2392
991 9 2 1 1 538 549 550 2684 2685 1337
992 9 2 1 1 508 510 509 2686 2573 2478
993 9 2 1 1 810 875 830 2687 2688 2050
994 9 2 1 1 380 410 849 2689 2690 2691
995 9 2 1 1 541 668 669 2692 2693 2694
996 9 2 1 1 459 494 795 2695 2696 2533
997 9 2 1 1 555 886 602 2203 2697 1588
998 9 2 1 1 513 828 515 2698 2699 2400
999 9 2 1 1 55 56 962 74 1107 2700
1000 9 2 1 1 753 861 754 2701 2671 2325
1001 9 2 1 1 344 345 346 2398 2464 2702
1002 9 2 1 1 446 447 448 2703 2704 2223
1003 9 2 1 1 256 501 830 2597 2051 2705
1004 9 2 1 1 305 889 307 2706 1037 2612
1005 9 2 1 1 469 661 474 2707 2708 2709
1006 9 2 1 1 361 355 362 2710 2135 2711
1007 9 2 1 1 385 500 399 2712 2713 2714
1008 9 2 1 1 569 571 570 2715 2426 2258
1009 9 2 1 1 492 772 881 2294 1485 2716
1010 9 2 1 1 671 958 867 2717 2718 2719
1011 9 2 1 1 401 407 402 2720 2302 2256
1012 9 2 1 1 302 303 304 2390 2462 2721
1013 9 2 1 1 387 422 421 2219 2722 2723
1014 9 2 1 1 335 730 903 1704 2724 1583
1015 9 2 1 1 500 646 645 2725 2726 2727
1016 9 2 1 1 247 253 326 2728 2729 2730
1017 9 2 1 1 431 432 433 2731 2732 2344
1018 9 2 1 1 637 912 693 2733 2734 1103
1019 9 2 1 1 346 347 348 2463 2735 2736
1020 9 2 1 1 231 1003 876 2737 2738 2261
1021 9 2 1 1 163 1032 207 2155 2739 2740
1022 9 2 1 1 494 644 858 2741 2742 2743
1023 9 2 1 1 669 670 671 2744 2745 2746
1024 9 2 1 1 390 427 821 2537 2747 2515
1025 9 2 1 1 532 768 831 1845 2748 2749
1026 9 2 1 1 348 806 353 2750 2751 2615
1027 9 2 1 1 619 993 663 2752 1211 1339
1028 9 2 1 1 362 377 811 2430 2656 2753
1029 9 2 1 1 747 836 952 1914 2754 1271
1030 9 2 1 1 547 692 548 2283 1425 2522
1031 9 2 1 1 281 282 283 2357 2397 2755
1032 9 2 1 1 236 776 827 2376 2756 1463
1033 9 2 1 1 480 685 641 2757 1078 2758
1034 9 2 1 1 409 428 427 2759 2566 2536
1035 9 2 1 1 382 405 406 2760 2761 1979
1036 9 2 1 1 304 305 306 2461 2614 2762
1037 9 2 1 1 467 480 613 2763 2764 2422
1038 9 2 1 1 448 477 478 2765 2766 2259
1039 9 2 1 1 394 426 400 1308 2767 2504
1040 9 2 1 1 604 732 1031 1506 1601 2768
1041 9 2 1 1 222 734 855 1893 2769 1904
1042 9 2 1 1 655 888 847 1092 2770 2101
1043 9 2 1 1 283 284 285 2396 2425 2771
1044 9 2 1 1 389 404 403 2772 2773 2774
1045 9 2 1 1 307 309 308 1462 2775 2776
1046 9 2 1 1 561 562 563 2777 2778 1966
1047 9 2 1 1 494 629 644 2779 2780 2741
1048 9 2 1 1 515 828 523 2699 2781 2782
1049 9 2 1 1 285 286 287 2424 2508 2783
1050 9 2 1 1 749 750 819 2590 2784 2413
1051 9 2 1 1 469 844 661 2785 2786 2707
1052 9 2 1 1 309 311 310 2149 2787 2788
1053 9 2 1 1 586 588 587 2789 2479 2184
1054 9 2 1 1 325 332 333 2049 2495 2790
1055 9 2 1 1 428 430 429 1439 2663 2567
1056 9 2 1 1 718 915 822 2791 2242 2526
1057 9 2 1 1 290 294 293 2178 2792 2793
1058 9 2 1 1 422 452 450 2335 2794 2795
1059 9 2 1 1 617 941 796 2319 2796 2797
1060 9 2 1 1 271 274 273 1310 2798 2799
1061 9 2 1 1 745 826 746 2104 2800 2367
1062 9 2 1 1 557 1022 886 2801 2802 2202
1063 9 2 1 1 574 577 873 1756 2803 2043
1064 9 2 1 1 201 242 243 1901 2804 1227
1065 9 2 1 1 515 523 517 2782 2805 2417
1066 9 2 1 1 465 469 470 2806 2807 2458
1067 9 2 1 1 349 351 443 2808 2809 2810
1068 9 2 1 1 611 770 657 2811 2812 2264
1069 9 2 1 1 491 503 504 2813 2814 2380
1070 9 2 1 1 212 706 632 2815 2816 2817
1071 9 2 1 1 374 449 458 2538 2545 2818
1072 9 2 1 1 441 496 462 2819 2820 2821
1073 9 2 1 1 648 751 887 1249 1577 2822
1074 9 2 1 1 613 641 726 2823 2444 2824
1075 9 2 1 1 324 325 799 2369 2825 2826
1076 9 2 1 1 622 662 934 2827 1991 1130
1077 9 2 1 1 347 806 348 2828 2750 2735
1078 9 2 1 1 322 364 413 2829 2830 2831
1079 9 2 1 1 512 522 513 2832 2833 2662
1080 9 2 1 1 454 537 536 2834 2442 1805
1081 9 2 1 1 721 817 948 2557 2835 2836
1082 9 2 1 1 459 493 494 2837 2838 2695
1083 9 2 1 1 550 551 552 2839 1151 1925
1084 9 2 1 1 430 475 432 1224 2840 2841
1085 9 2 1 1 789 791 877 2403 2842 2843
1086 9 2 1 1 180 201 181 1994 1995 192
1087 9 2 1 1 380 849 412 2691 2844 2845
1088 9 2 1 1 258 265 266 2551 2543 2846
1089 9 2 1 1 510 512 511 2847 2661 2574
1090 9 2 1 1 287 288 289 2507 2666 2848
1091 9 2 1 1 238 819 980 2414 1142 2849
1092 9 2 1 1 97 837 773 2578 2683 2440
1093 9 2 1 1 134 838 776 2580 2850 2441
1094 9 2 1 1 353 806 963 2751 1536 2851
1095 9 2 1 1 435 480 467 2852 2763 2553
1096 9 2 1 1 232 702 944 1701 2853 1815
1097 9 2 1 1 406 441 442 2854 2855 2428
1098 9 2 1 1 419 456 459 2856 2857 2350
1099 9 2 1 1 510 528 512 2858 2859 2847
1100 9 2 1 1 350 353 354 2616 2631 2860
1101 9 2 1 1 463 469 465 2861 2806 2587
1102 9 2 1 1 163 207 164 2740 2078 175
1103 9 2 1 1 442 462 463 2862 2863 2435
1104 9 2 1 1 414 418 419 2864 2865 2317
1105 9 2 1 1 384 416 415 1659 2866 2867
1106 9 2 1 1 474 661 827 2708 1464 2868
1107 9 2 1 1 432 451 433 2869 2870 2732
1108 9 2 1 1 390 403 409 2871 2872 2535
1109 9 2 1 1 408 789 968 1087 2873 2874
1110 9 2 1 1 577 706 873 2875 2876 2803
1111 9 2 1 1 669 671 966 2746 2877 2878
1112 9 2 1 1 730 896 903 1230 2879 2724
1113 9 2 1 1 592 796 941 2019 2796 1220
1114 9 2 1 1 577 1021 706 2880 2881 2875
1115 9 2 1 1 322 413 863 2831 2882 2883
1116 9 2 1 1 443 483 484 2884 2885 2394
1117 9 2 1 1 325 333 799 2790 2886 2825
1118 9 2 1 1 430 432 431 2841 2731 2664
1119 9 2 1 1 469 474 470 2709 2887 2807
1120 9 2 1 1 184 204 185 1115 2888 196
1121 9 2 1 1 465 471 911 2460 2889 2890
1122 9 2 1 1 155 210 156 1118 2118 167
1123 9 2 1 1 209 851 662 2266 2891 2892
1124 9 2 1 1 336 338 337 2211 2893 2894
1125 9 2 1 1 480 641 613 2758 2823 2764
1126 9 2 1 1 703 704 976 2040 2895 2896
1127 9 2 1 1 371 410 380 2897 2689 2898
1128 9 2 1 1 445 635 634 2899 2619 2642
1129 9 2 1 1 558 560 559 2900 2571 2356
1130 9 2 1 1 565 566 567 2901 2902 2214
1131 9 2 1 1 578 581 582 2903 2904 2123
1132 9 2 1 1 630 831 768 2905 2748 2388
1133 9 2 1 1 275 321 276 2906 2602 2563
1134 9 2 1 1 361 389 390 2907 2908 2514
1135 9 2 1 1 784 922 882 1645 2909 2382
1136 9 2 1 1 6 165 206 177 2117 2910
1137 9 2 1 1 58 233 840 2360 2911 2558
1138 9 2 1 1 182 203 183 2073 2912 194
1139 9 2 1 1 354 355 361 2630 2710 2379
1140 9 2 1 1 626 954 971 2913 2914 2915
1141 9 2 1 1 399 500 645 2713 2727 2916
1142 9 2 1 1 420 533 544 2610 1571 2917
1143 9 2 1 1 274 279 278 2300 2918 2919
1144 9 2 1 1 668 670 669 1386 2744 2693
1145 9 2 1 1 504 525 506 2920 2921 2561
1146 9 2 1 1 572 575 574 2922 2498 2028
1147 9 2 1 1 679 985 898 2923 2924 1592
1148 9 2 1 1 351 631 483 2925 2926 2927
1149 9 2 1 1 398 447 446 2928 2703 2600
1150 9 2 1 1 5 188 209 200 2188 2929
1151 9 2 1 1 277 329 330 2930 2931 2505
1152 9 2 1 1 178 202 179 1126 2089 190
1153 9 2 1 1 595 820 597 2932 2933 2465
1154 9 2 1 1 439 843 688 2934 1375 2650
1155 9 2 1 1 186 205 187 1134 2191 198
1156 9 2 1 1 157 211 158 2165 2253 169
1157 9 2 1 1 161 208 162 1207 2935 173
1158 9 2 1 1 322 863 485 2883 1622 2064
1159 9 2 1 1 519 543 521 2936 2937 2531
1160 9 2 1 1 266 267 268 2544 2586 2938
1161 9 2 1 1 635 855 1009 2114 2939 2940
1162 9 2 1 1 479 778 653 2941 1811 2942
1163 9 2 1 1 407 472 425 2943 2667 2303
1164 9 2 1 1 450 473 649 2944 2945 2946
1165 9 2 1 1 324 381 328 2947 2948 2949
1166 9 2 1 1 348 350 349 2617 2950 2951
1167 9 2 1 1 289 290 293 2665 2793 2952
1168 9 2 1 1 399 645 647 2916 2953 2954
1169 9 2 1 1 462 496 665 2820 2955 2956
1170 9 2 1 1 489 503 491 2957 2813 2547
1171 9 2 1 1 10 11 932 29 1951 2958
1172 9 2 1 1 405 441 406 2959 2854 2761
1173 9 2 1 1 179 241 180 2090 1993 191
1174 9 2 1 1 181 675 182 1996 2072 193
1175 9 2 1 1 478 499 487 2960 2961 2492
1176 9 2 1 1 456 502 493 2962 2963 2964
1177 9 2 1 1 361 362 389 2711 2965 2907
1178 9 2 1 1 447 479 477 2966 2967 2968
1179 9 2 1 1 646 910 783 2969 1316 2268
1180 9 2 1 1 497 935 951 2970 2971 2972
1181 9 2 1 1 389 811 404 2973 2974 2772
1182 9 2 1 1 450 452 473 2794 2975 2944
1183 9 2 1 1 218 991 804 1274 2976 1781
1184 9 2 1 1 121 959 227 2977 1108 2415
1185 9 2 1 1 260 263 262 2457 2978 2979
1186 9 2 1 1 11 12 965 30 2980 1978
1187 9 2 1 1 437 439 438 2981 2649 2673
1188 9 2 1 1 306 307 308 2613 2776 1729
1189 9 2 1 1 206 617 925 2217 2982 2983
1190 9 2 1 1 346 348 349 2736 2951 2984
1191 9 2 1 1 421 422 450 2722 2795 2985
1192 9 2 1 1 403 444 409 2986 2987 2872
1193 9 2 1 1 247 326 833 2730 2062 2594
1194 9 2 1 1 268 269 270 2585 2633 2988
1195 9 2 1 1 657 770 930 2812 2989 1341
1196 9 2 1 1 441 462 442 2821 2862 2855
1197 9 2 1 1 471 498 945 2448 2990 2991
1198 9 2 1 1 381 397 382 2549 2992 2993
1199 9 2 1 1 362 811 389 2753 2973 2965
1200 9 2 1 1 321 364 322 2994 2829 2603
1201 9 2 1 1 373 380 394 2995 2996 2503
1202 9 2 1 1 447 477 448 2968 2765 2704
1203 9 2 1 1 308 309 310 2775 2788 2997
1204 9 2 1 1 493 629 494 2998 2779 2838
1205 9 2 1 1 541 542 668 2999 2139 2692
1206 9 2 1 1 389 403 390 2774 2871 2908
1207 9 2 1 1 323 374 329 2539 3000 3001
1208 9 2 1 1 642 1005 688 3002 3003 1199
1209 9 2 1 1 604 1031 658 2768 1055 3004
1210 9 2 1 1 591 594 593 3005 2677 2231
1211 9 2 1 1 311 313 317 2467 3006 3007
1212 9 2 1 1 164 616 165 2080 2115 176
1213 9 2 1 1 397 440 405 1216 3008 3009
1214 9 2 1 1 382 397 405 2992 3009 2760
1215 9 2 1 1 395 864 825 3010 1556 1419
1216 9 2 1 1 634 996 812 3011 1619 2605
1217 9 2 1 1 540 542 541 1608 2999 3012
1218 9 2 1 1 746 867 750 3013 3014 2589
1219 9 2 1 1 351 483 443 2927 2884 2809
1220 9 2 1 1 427 429 940 2568 1328 3015
1221 9 2 1 1 270 271 273 2632 2799 1143
1222 9 2 1 1 349 350 351 2950 3016 2808
1223 9 2 1 1 473 650 649 3017 3018 2945
1224 9 2 1 1 272 323 277 1692 3019 3020
1225 9 2 1 1 252 255 256 3021 3022 3023
1226 9 2 1 1 294 296 327 2371 3024 3025
1227 9 2 1 1 503 816 504 3026 3027 2814
1228 9 2 1 1 328 381 382 2948 2993 1945
1229 9 2 1 1 156 623 157 2119 2163 168
1230 9 2 1 1 386 812 850 2660 3028 3029
1231 9 2 1 1 445 636 635 3030 2113 2899
1232 9 2 1 1 588 590 589 3031 2634 2480
1233 9 2 1 1 599 924 712 3032 3033 1548
1234 9 2 1 1 320 976 872 3034 3035 2646
1235 9 2 1 1 617 796 1030 2797 1431 3036
1236 9 2 1 1 318 324 328 2627 2949 3037
1237 9 2 1 1 483 725 484 3038 3039 2885
1238 9 2 1 1 423 468 612 3040 3041 3042
1239 9 2 1 1 334 336 337 2330 2894 3043
1240 9 2 1 1 277 323 329 3019 3001 2930
1241 9 2 1 1 611 710 949 1299 3044 3045
1242 9 2 1 1 385 399 398 2714 3046 3047
1243 9 2 1 1 320 759 976 3048 3049 3034
1244 9 2 1 1 59 905 233 3050 3051 2359
1245 9 2 1 1 459 456 493 2857 2964 2837
1246 9 2 1 1 513 522 828 2833 3052 2698
1247 9 2 1 1 395 756 909 1421 1460 3053
1248 9 2 1 1 330 371 373 3054 3055 2518
1249 9 2 1 1 380 412 394 2845 1152 2996
1250 9 2 1 1 606 693 912 1841 2734 3056
1251 9 2 1 1 539 540 541 3057 3012 3058
1252 9 2 1 1 187 621 188 2193 2186 199
1253 9 2 1 1 534 795 853 2534 3059 1908
1254 9 2 1 1 477 479 653 2967 2942 3060
1255 9 2 1 1 576 581 578 3061 2903 2196
1256 9 2 1 1 263 272 264 2512 3062 3063
1257 9 2 1 1 544 546 545 2541 1318 3064
1258 9 2 1 1 396 421 445 3065 3066 2641
1259 9 2 1 1 458 540 539 1163 3057 3067
1260 9 2 1 1 537 549 538 3068 2684 2443
1261 9 2 1 1 372 385 398 3069 3047 2599
1262 9 2 1 1 320 921 759 3070 1524 3048
1263 9 2 1 1 302 304 357 2721 3071 3072
1264 9 2 1 1 387 421 396 2723 3065 3073
1265 9 2 1 1 548 1019 973 3074 3075 2555
1266 9 2 1 1 480 832 685 3076 3077 2757
1267 9 2 1 1 333 334 850 2494 3078 3079
1268 9 2 1 1 308 310 372 2997 3080 1635
1269 9 2 1 1 683 977 1016 3081 2475 1365
1270 9 2 1 1 623 625 624 1305 3082 2235
1271 9 2 1 1 560 562 561 3083 2777 2572
1272 9 2 1 1 264 272 277 3062 3020 2220
1273 9 2 1 1 337 338 383 2893 3084 3085
1274 9 2 1 1 420 544 545 2917 3064 3086
1275 9 2 1 1 385 860 500 3087 2529 2712
1276 9 2 1 1 391 460 423 3088 3089 3090
1277 9 2 1 1 246 249 248 3091 3092 3093
1278 9 2 1 1 620 993 619 3094 2752 3095
1279 9 2 1 1 340 342 352 2569 3096 3097
1280 9 2 1 1 433 451 832 2870 3098 3099
1281 9 2 1 1 386 387 396 3100 3073 2659
1282 9 2 1 1 492 881 769 2716 1934 1920
1283 9 2 1 1 310 311 860 2787 3101 3102
1284 9 2 1 1 374 458 539 2818 3067 3103
1285 9 2 1 1 273 278 292 3104 3105 1052
1286 9 2 1 1 418 456 419 3106 2856 2865
1287 9 2 1 1 287 289 291 2848 3107 3108
1288 9 2 1 1 305 365 889 1878 1315 2706
1289 9 2 1 1 452 532 831 2542 2749 3109
1290 9 2 1 1 234 915 718 1380 2791 1959
1291 9 2 1 1 250 252 830 3110 3111 3112
1292 9 2 1 1 433 832 435 3099 3113 2532
1293 9 2 1 1 337 383 386 3085 3114 3115
1294 9 2 1 1 261 262 275 3116 3117 2562
1295 9 2 1 1 364 414 413 3118 2109 2830
1296 9 2 1 1 326 366 367 3119 3120 2275
1297 9 2 1 1 571 579 666 3121 3122 3123
1298 9 2 1 1 281 283 320 2755 3124 3125
1299 9 2 1 1 242 411 244 1378 3126 3127
1300 9 2 1 1 488 825 824 2226 1555 2658
1301 9 2 1 1 262 263 264 2978 3063 3128
1302 9 2 1 1 822 938 823 3129 3130 2469
1303 9 2 1 1 273 274 278 2798 2919 3104
1304 9 2 1 1 370 969 820 2583 3131 3132
1305 9 2 1 1 23 767 931 1278 3133 3134
1306 9 2 1 1 330 329 371 2931 3135 3054
1307 9 2 1 1 359 360 292 3136 2653 3137
1308 9 2 1 1 504 816 525 3027 1083 2920
1309 9 2 1 1 358 985 679 1997 2923 1362
1310 9 2 1 1 412 849 826 2844 3138 2103
1311 9 2 1 1 417 420 418 2611 3139 3140
1312 9 2 1 1 249 251 250 2439 3141 3142
1313 9 2 1 1 369 391 401 3143 3144 2255
1314 9 2 1 1 624 626 211 3145 1737 2236
1315 9 2 1 1 364 417 414 3146 3147 3118
1316 9 2 1 1 252 254 255 3148 3149 3021
1317 9 2 1 1 371 380 373 2898 2995 3055
1318 9 2 1 1 363 865 377 1157 3150 2429
1319 9 2 1 1 264 818 854 2222 3151 3152
1320 9 2 1 1 251 254 252 1552 3148 3153
1321 9 2 1 1 360 384 388 3154 3155 3156
1322 9 2 1 1 545 709 978 1319 3157 3158
1323 9 2 1 1 438 1005 937 3159 3160 3161
1324 9 2 1 1 594 599 595 3162 3163 2678
1325 9 2 1 1 212 652 706 2501 3164 2815
1326 9 2 1 1 388 438 937 2674 3161 3165
1327 9 2 1 1 349 443 847 2810 2102 3166
1328 9 2 1 1 254 258 255 2552 3167 3149
1329 9 2 1 1 388 415 437 3168 3169 2672
1330 9 2 1 1 573 971 673 3170 3171 1694
1331 9 2 1 1 463 844 469 3172 2785 2861
1332 9 2 1 1 328 785 882 1947 2383 3173
1333 9 2 1 1 662 851 886 2891 3174 3175
1334 9 2 1 1 383 387 386 2022 3100 3114
1335 9 2 1 1 275 466 321 3176 3177 2906
1336 9 2 1 1 158 651 159 2254 2481 170
1337 9 2 1 1 334 337 850 3043 3178 3078
1338 9 2 1 1 517 839 519 3179 3180 2431
1339 9 2 1 1 585 606 1033 1643 2338 1829
1340 9 2 1 1 260 262 261 2979 3116 3181
1341 9 2 1 1 460 639 468 1129 3182 3183
1342 9 2 1 1 310 385 372 3184 3069 3080
1343 9 2 1 1 253 366 326 3185 3119 2729
1344 9 2 1 1 375 977 683 1237 3081 1407
1345 9 2 1 1 403 404 842 2773 2412 3186
1346 9 2 1 1 250 251 252 3141 3153 3110
1347 9 2 1 1 452 831 473 3109 3187 2975
1348 9 2 1 1 455 929 834 1243 3188 2341
1349 9 2 1 1 298 300 395 2450 3189 3190
1350 9 2 1 1 563 566 565 3191 2901 2332
1351 9 2 1 1 590 815 591 3192 3193 2635
1352 9 2 1 1 228 951 781 1735 3194 2243
1353 9 2 1 1 757 758 900 2284 3195 2639
1354 9 2 1 1 577 578 892 2197 2280 3196
1355 9 2 1 1 441 846 496 3197 3198 2819
1356 9 2 1 1 259 260 261 3199 3181 1594
1357 9 2 1 1 606 912 1032 3056 3200 1213
1358 9 2 1 1 472 476 608 3201 3202 3203
1359 9 2 1 1 415 461 437 3204 3205 3169
1360 9 2 1 1 635 1009 802 2940 3206 2620
1361 9 2 1 1 6 206 618 2910 3207 1728
1362 9 2 1 1 278 359 292 3208 3137 3105
1363 9 2 1 1 324 799 381 2826 2669 2947
1364 9 2 1 1 625 648 887 1402 2822 2564
1365 9 2 1 1 414 417 418 3147 3140 2864
1366 9 2 1 1 359 384 360 1523 3154 3136
1367 9 2 1 1 384 415 388 2867 3168 3155
1368 9 2 1 1 517 523 839 2805 1062 3179
1369 9 2 1 1 484 848 769 3209 2595 2592
1370 9 2 1 1 609 610 1012 1785 3210 3211
1371 9 2 1 1 3 980 61 3212 1141 80
1372 9 2 1 1 3 81 980 99 3213 3212
1373 9 2 1 1 2 981 24 3214 1347 43
1374 9 2 1 1 2 44 981 62 3215 3214
1375 9 2 1 1 4 982 98 3216 3217 117
1376 9 2 1 1 4 118 982 136 3218 3216
1377 9 2 1 1 1 983 135 3219 3220 154
1378 9 2 1 1 1 7 983 25 3221 3219
1379 9 2 1 1 686 813 1000 3222 3223 3224
1380 9 2 1 1 5 209 622 2929 3225 1727
1381 9 2 1 1 462 844 463 3226 3172 2863
1382 9 2 1 1 487 841 489 3227 3228 2524
1383 9 2 1 1 183 203 619 2912 3229 1733
1384 9 2 1 1 162 208 627 2935 2434 1725
1385 9 2 1 1 247 248 253 3230 3231 2728
1386 9 2 1 1 435 832 480 3113 3076 2852
1387 9 2 1 1 266 268 408 2938 3232 3233
1388 9 2 1 1 432 475 845 2840 2237 3234
1389 9 2 1 1 257 877 791 3235 2842 2145
1390 9 2 1 1 185 204 614 2888 2309 1741
1391 9 2 1 1 159 212 160 2483 3236 171
1392 9 2 1 1 344 346 847 2702 3237 3238
1393 9 2 1 1 595 599 820 3163 3239 2932
1394 9 2 1 1 354 821 879 2378 3240 3241
1395 9 2 1 1 248 249 250 3092 3142 3242
1396 9 2 1 1 256 257 259 3243 3244 2596
1397 9 2 1 1 569 579 571 3245 3121 2715
1398 9 2 1 1 566 604 603 3246 3247 3248
1399 9 2 1 1 376 712 924 1948 3033 2488
1400 9 2 1 1 541 669 926 2694 3249 3250
1401 9 2 1 1 391 423 401 3090 3251 3144
1402 9 2 1 1 124 125 876 143 2262 2267
1403 9 2 1 1 476 659 608 3252 1454 3202
1404 9 2 1 1 566 603 567 3248 3253 2902
1405 9 2 1 1 591 815 594 3193 3254 3005
1406 9 2 1 1 311 317 860 3007 2097 3101
1407 9 2 1 1 613 987 630 3255 3256 2423
1408 9 2 1 1 257 260 259 2147 3199 3244
1409 9 2 1 1 687 937 1005 2510 3160 3257
1410 9 2 1 1 378 717 907 1834 1545 1770
1411 9 2 1 1 245 246 247 3258 3259 2593
1412 9 2 1 1 424 994 810 3260 3261 1553
1413 9 2 1 1 366 424 368 3262 3263 3264
1414 9 2 1 1 549 551 550 3265 2839 2685
1415 9 2 1 1 477 856 478 3266 3267 2766
1416 9 2 1 1 478 856 499 3267 3268 2960
1417 9 2 1 1 562 870 563 1446 3269 2778
1418 9 2 1 1 432 845 451 3234 2034 2869
1419 9 2 1 1 471 945 911 2991 3270 2889
1420 9 2 1 1 399 647 835 2954 3271 3272
1421 9 2 1 1 345 1018 379 2129 3273 1822
1422 9 2 1 1 246 248 247 3093 3230 3259
1423 9 2 1 1 243 244 245 3274 3275 2637
1424 9 2 1 1 519 839 543 3180 1895 2936
1425 9 2 1 1 525 823 1023 1364 3276 3277
1426 9 2 1 1 558 601 560 1170 3278 2900
1427 9 2 1 1 351 879 631 3279 3280 2925
1428 9 2 1 1 468 639 640 3182 3281 3282
1429 9 2 1 1 484 725 848 3039 1367 3209
1430 9 2 1 1 584 600 586 3283 3284 2550
1431 9 2 1 1 522 861 828 1924 3285 3052
1432 9 2 1 1 462 665 844 2956 3286 3226
1433 9 2 1 1 398 399 835 3046 3272 3287
1434 9 2 1 1 233 905 1024 3051 3288 3289
1435 9 2 1 1 494 858 795 2743 3290 2696
1436 9 2 1 1 413 939 863 3291 3292 2882
1437 9 2 1 1 367 368 369 3293 3294 3295
1438 9 2 1 1 615 942 947 1722 1351 1094
1439 9 2 1 1 255 257 256 3296 3243 3022
1440 9 2 1 1 581 605 582 3297 3298 2904
1441 9 2 1 1 496 913 665 3299 1803 2955
1442 9 2 1 1 650 876 1003 1202 2738 3300
1443 9 2 1 1 242 244 243 3127 3274 2804
1444 9 2 1 1 371 862 410 3301 3302 2897
1445 9 2 1 1 350 354 879 2860 3241 3303
1446 9 2 1 1 600 916 961 3304 3305 2364
1447 9 2 1 1 405 846 441 3306 3197 2959
1448 9 2 1 1 310 860 385 3102 3087 3184
1449 9 2 1 1 579 667 666 3307 1684 3122
1450 9 2 1 1 460 468 423 3183 3040 3089
1451 9 2 1 1 721 948 1027 2836 3308 2485
1452 9 2 1 1 398 835 447 3287 3309 2928
1453 9 2 1 1 407 476 472 3310 3201 2943
1454 9 2 1 1 405 440 846 3008 3311 3306
1455 9 2 1 1 403 842 444 3186 1245 2986
1456 9 2 1 1 588 638 590 3312 3313 3031
1457 9 2 1 1 775 1000 813 1852 3223 2601
1458 9 2 1 1 647 906 835 3314 3315 3271
1459 9 2 1 1 447 835 479 3309 3316 2966
1460 9 2 1 1 220 778 902 1869 3317 3318
1461 9 2 1 1 557 580 1022 1740 2473 2801
1462 9 2 1 1 252 256 830 3023 2705 3111
1463 9 2 1 1 639 863 939 1177 3292 3319
1464 9 2 1 1 793 871 872 2528 3320 2644
1465 9 2 1 1 346 349 847 2984 3166 3237
1466 9 2 1 1 603 604 658 3247 3004 3321
1467 9 2 1 1 216 913 736 1804 1509 2094
1468 9 2 1 1 466 854 943 3322 3323 3324
1469 9 2 1 1 244 246 245 3325 3258 3275
1470 9 2 1 1 59 60 905 78 2024 3050
1471 9 2 1 1 368 391 369 3326 3143 3294
1472 9 2 1 1 487 499 841 2961 3327 3227
1473 9 2 1 1 456 859 502 3328 3329 2962
1474 9 2 1 1 565 568 928 2216 1489 2497
1475 9 2 1 1 489 841 503 3228 3330 2957
1476 9 2 1 1 315 318 882 2618 3331 3332
1477 9 2 1 1 22 931 234 3333 2107 2361
1478 9 2 1 1 291 760 936 3334 1482 3335
1479 9 2 1 1 583 964 892 1655 3336 2279
1480 9 2 1 1 342 344 888 2657 3337 3338
1481 9 2 1 1 450 649 852 2946 1336 3339
1482 9 2 1 1 704 872 976 2645 3035 2895
1483 9 2 1 1 350 879 351 3303 3279 3016
1484 9 2 1 1 445 852 636 3340 1490 3030
1485 9 2 1 1 413 803 939 2111 3341 3291
1486 9 2 1 1 400 897 797 3342 3343 2420
1487 9 2 1 1 741 933 829 1070 3344 2676
1488 9 2 1 1 160 212 632 3236 2817 1753
1489 9 2 1 1 423 612 894 3042 3345 3346
1490 9 2 1 1 479 835 906 3316 3315 3347
1491 9 2 1 1 717 967 601 3348 3349 1169
1492 9 2 1 1 780 781 974 2175 3350 3351
1493 9 2 1 1 338 874 383 3352 2513 3084
1494 9 2 1 1 631 777 995 1346 1970 3353
1495 9 2 1 1 337 386 850 3115 3029 3178
1496 9 2 1 1 421 852 445 3354 3340 3066
1497 9 2 1 1 421 450 852 2985 3339 3354
1498 9 2 1 1 300 302 864 2576 3355 3356
1499 9 2 1 1 420 545 859 3086 3357 3358
1500 9 2 1 1 329 374 862 3000 3359 3360
1501 9 2 1 1 477 653 856 3060 1139 3266
1502 9 2 1 1 470 935 497 3361 2970 2622
1503 9 2 1 1 563 870 566 3269 3362 3191
1504 9 2 1 1 318 328 882 3037 3173 3331
1505 9 2 1 1 867 958 1024 2718 3363 3364
1506 9 2 1 1 500 910 646 2530 2969 2725
1507 9 2 1 1 377 866 853 3365 1757 2654
1508 9 2 1 1 366 368 367 3264 3293 3120
1509 9 2 1 1 360 937 392 3366 2509 2652
1510 9 2 1 1 630 987 878 3256 3367 3368
1511 9 2 1 1 493 502 890 2963 2366 3369
1512 9 2 1 1 537 672 549 3370 3371 3068
1513 9 2 1 1 374 539 862 3103 3372 3359
1514 9 2 1 1 278 279 871 2918 3373 3374
1515 9 2 1 1 262 854 275 3375 3376 3117
1516 9 2 1 1 262 264 854 3128 3152 3375
1517 9 2 1 1 425 899 454 2668 3377 1801
1518 9 2 1 1 671 1025 966 3378 3379 2877
1519 9 2 1 1 400 946 897 3380 1708 3342
1520 9 2 1 1 428 948 817 3381 2835 1438
1521 9 2 1 1 418 420 859 3139 3358 3382
1522 9 2 1 1 291 960 794 3383 1668 3384
1523 9 2 1 1 818 943 854 3385 3323 3151
1524 9 2 1 1 620 914 834 3386 3387 3388
1525 9 2 1 1 493 890 629 3369 1761 2998
1526 9 2 1 1 338 340 874 2491 3389 3352
1527 9 2 1 1 401 894 407 3390 3391 2720
1528 9 2 1 1 418 859 456 3382 3328 3106
1529 9 2 1 1 543 804 991 1896 2976 2316
1530 9 2 1 1 275 854 466 3376 3322 3176
1531 9 2 1 1 746 826 867 2800 3392 3013
1532 9 2 1 1 811 853 988 2655 3393 3394
1533 9 2 1 1 393 949 710 1573 3044 1605
1534 9 2 1 1 342 888 352 3338 1091 3096
1535 9 2 1 1 329 862 371 3360 3301 3135
1536 9 2 1 1 629 761 997 1763 2546 3395
1537 9 2 1 1 437 900 439 3396 3397 2981
1538 9 2 1 1 624 625 628 3082 2565 3398
1539 9 2 1 1 270 790 1004 1144 3399 3400
1540 9 2 1 1 802 1009 904 3206 3401 3402
1541 9 2 1 1 652 873 706 3403 2876 3164
1542 9 2 1 1 753 956 861 2581 3404 2701
1543 9 2 1 1 510 938 528 3405 3406 2858
1544 9 2 1 1 460 391 895 3088 3407 2030
1545 9 2 1 1 440 802 904 1215 3402 3408
1546 9 2 1 1 22 23 931 41 3134 3333
1547 9 2 1 1 572 918 575 3409 2540 2922
1548 9 2 1 1 203 620 619 3410 3095 3229
1549 9 2 1 1 306 829 933 1730 3344 3411
1550 9 2 1 1 528 938 822 3406 3129 2241
1551 9 2 1 1 610 657 1017 2265 1990 3412
1552 9 2 1 1 344 847 888 3238 2770 3337
1553 9 2 1 1 673 971 954 3171 2914 1257
1554 9 2 1 1 246 891 249 3413 1917 3091
1555 9 2 1 1 750 1024 905 3414 3288 3415
1556 9 2 1 1 340 352 874 3097 1507 3389
1557 9 2 1 1 472 608 880 3203 3416 1775
1558 9 2 1 1 622 209 662 3225 2892 2827
1559 9 2 1 1 250 830 875 3112 2688 3417
1560 9 2 1 1 531 834 914 2340 3387 1651
1561 9 2 1 1 705 927 709 2238 3418 1677
1562 9 2 1 1 409 948 428 3419 3381 2759
1563 9 2 1 1 296 909 327 3420 1459 3024
1564 9 2 1 1 567 603 883 3253 3421 3422
1565 9 2 1 1 302 357 864 3072 1503 3355
1566 9 2 1 1 239 814 1000 2679 3423 1851
1567 9 2 1 1 800 842 999 1239 2411 3424
1568 9 2 1 1 207 912 637 3425 2733 2185
1569 9 2 1 1 220 902 965 3318 1530 3426
1570 9 2 1 1 367 369 1026 3295 1302 3427
1571 9 2 1 1 685 953 686 3428 3429 1813
1572 9 2 1 1 498 973 945 2556 3430 2990
1573 9 2 1 1 566 870 604 3362 1576 3246
1574 9 2 1 1 359 278 871 3208 3374 2527
1575 9 2 1 1 571 666 918 3123 1672 3431
1576 9 2 1 1 694 710 969 1606 2407 2582
1577 9 2 1 1 407 894 476 3391 3432 3310
1578 9 2 1 1 255 258 877 3167 3433 3434
1579 9 2 1 1 631 879 940 3280 3435 1345
1580 9 2 1 1 567 883 569 3422 3436 2608
1581 9 2 1 1 224 908 923 1354 3437 2625
1582 9 2 1 1 437 461 900 3205 2640 3396
1583 9 2 1 1 797 897 943 3343 3438 3439
1584 9 2 1 1 750 905 819 3415 2023 2784
1585 9 2 1 1 703 976 759 2896 3049 1857
1586 9 2 1 1 781 951 935 3194 2971 3440
1587 9 2 1 1 539 926 862 3441 3442 3372
1588 9 2 1 1 364 885 417 3443 2623 3146
1589 9 2 1 1 410 862 926 3302 3442 3444
1590 9 2 1 1 503 908 816 3445 1306 3026
1591 9 2 1 1 646 911 945 2270 3270 3446
1592 9 2 1 1 377 865 866 3150 3447 3365
1593 9 2 1 1 464 465 911 2588 2890 2575
1594 9 2 1 1 602 886 851 2697 3174 1842
1595 9 2 1 1 401 423 894 3251 3346 3390
1596 9 2 1 1 300 864 395 3356 3010 3189
1597 9 2 1 1 605 857 916 1855 3448 3449
1598 9 2 1 1 296 298 909 2432 3450 3420
1599 9 2 1 1 620 834 929 3388 3188 3451
1600 9 2 1 1 481 799 919 2670 3452 1563
1601 9 2 1 1 248 250 875 3242 3417 3453
1602 9 2 1 1 248 875 253 3453 3454 3231
1603 9 2 1 1 474 827 974 2868 3455 3456
1604 9 2 1 1 313 922 317 3457 1644 3006
1605 9 2 1 1 828 861 956 3285 3404 3458
1606 9 2 1 1 304 306 933 2762 3411 3459
1607 9 2 1 1 479 906 778 3347 3460 2941
1608 9 2 1 1 495 930 770 2471 2989 1263
1609 9 2 1 1 321 885 364 3461 3443 2994
1610 9 2 1 1 255 877 257 3434 3235 3296
1611 9 2 1 1 473 1006 650 3462 3463 3017
1612 9 2 1 1 776 838 1010 2850 1942 3464
1613 9 2 1 1 714 698 1007 1817 1795 3465
1614 9 2 1 1 415 920 461 3466 3467 3204
1615 9 2 1 1 321 466 885 3177 3468 3461
1616 9 2 1 1 298 395 909 3190 3053 3450
1617 9 2 1 1 640 939 984 3469 3470 3471
1618 9 2 1 1 821 940 879 3472 3435 3240
1619 9 2 1 1 283 921 320 3473 3070 3124
1620 9 2 1 1 579 884 667 3474 1915 3307
1621 9 2 1 1 789 877 968 2843 3475 2873
1622 9 2 1 1 690 1002 691 1935 3476 1837
1623 9 2 1 1 287 291 936 3108 3335 3477
1624 9 2 1 1 582 605 916 3298 3449 3478
1625 9 2 1 1 451 813 953 2035 3479 3480
1626 9 2 1 1 728 955 729 1977 2408 2207
1627 9 2 1 1 244 411 891 3126 3481 3482
1628 9 2 1 1 569 883 579 3436 3483 3245
1629 9 2 1 1 670 840 958 1492 3484 3485
1630 9 2 1 1 586 898 588 3486 3487 2789
1631 9 2 1 1 291 794 979 3384 1450 3488
1632 9 2 1 1 632 706 1021 2816 2881 3489
1633 9 2 1 1 512 528 1013 2859 2401 3490
1634 9 2 1 1 576 1016 581 3491 2474 3061
1635 9 2 1 1 823 938 1023 3130 3492 3276
1636 9 2 1 1 219 987 726 3493 3494 1711
1637 9 2 1 1 857 961 916 3495 3305 3448
1638 9 2 1 1 670 958 671 3485 2717 2745
1639 9 2 1 1 10 932 228 2958 1734 2416
1640 9 2 1 1 571 918 572 3431 3409 2427
1641 9 2 1 1 506 525 1023 2921 3277 3496
1642 9 2 1 1 582 916 584 3478 3497 2496
1643 9 2 1 1 632 1021 633 3489 3498 1403
1644 9 2 1 1 661 844 917 2786 3499 1073
1645 9 2 1 1 454 899 537 3377 3500 2834
1646 9 2 1 1 12 220 965 2133 3426 2980
1647 9 2 1 1 411 930 891 1342 2470 3481
1648 9 2 1 1 315 882 922 3332 2909 3501
1649 9 2 1 1 803 984 939 3502 3470 3341
1650 9 2 1 1 294 327 990 3025 1270 3503
1651 9 2 1 1 55 962 716 2700 2170 2324
1652 9 2 1 1 603 658 957 3321 1374 3504
1653 9 2 1 1 590 893 815 3505 1663 3192
1654 9 2 1 1 483 631 995 2926 3353 3506
1655 9 2 1 1 333 919 799 3507 3452 2886
1656 9 2 1 1 333 850 919 3079 3508 3507
1657 9 2 1 1 560 896 562 3509 1097 3083
1658 9 2 1 1 368 424 895 3263 1444 3510
1659 9 2 1 1 579 883 884 3483 3511 3474
1660 9 2 1 1 370 820 1029 3132 3512 2487
1661 9 2 1 1 871 975 872 3513 2647 3320
1662 9 2 1 1 586 600 898 3284 1593 3486
1663 9 2 1 1 244 891 246 3482 3413 3325
1664 9 2 1 1 897 970 943 3514 3515 3438
1665 9 2 1 1 521 543 1015 2937 2201 3516
1666 9 2 1 1 765 931 767 2108 3133 2570
1667 9 2 1 1 795 988 853 3517 3393 3059
1668 9 2 1 1 503 841 908 3330 3518 3445
1669 9 2 1 1 590 638 893 3313 1458 3505
1670 9 2 1 1 584 916 600 3497 3304 3283
1671 9 2 1 1 289 960 291 3519 3383 3107
1672 9 2 1 1 638 898 985 3520 2924 1359
1673 9 2 1 1 368 895 391 3510 3407 3326
1674 9 2 1 1 560 601 896 3278 3521 3509
1675 9 2 1 1 812 919 850 1564 3508 3028
1676 9 2 1 1 686 953 813 3429 3479 3222
1677 9 2 1 1 283 285 921 2771 3522 3473
1678 9 2 1 1 313 315 922 2598 3501 3457
1679 9 2 1 1 415 416 920 2866 1513 3466
1680 9 2 1 1 577 892 1021 3196 3523 2880
1681 9 2 1 1 588 898 638 3487 3520 3312
1682 9 2 1 1 438 688 1005 2651 3003 3159
1683 9 2 1 1 594 924 599 3524 3032 3162
1684 9 2 1 1 366 994 424 3525 3260 3262
1685 9 2 1 1 778 906 902 3460 3526 3317
1686 9 2 1 1 291 979 760 3488 2484 3334
1687 9 2 1 1 281 320 975 3125 2648 3527
1688 9 2 1 1 612 1001 865 3528 3529 1390
1689 9 2 1 1 644 800 999 1197 3424 3530
1690 9 2 1 1 546 952 836 1295 2754 1265
1691 9 2 1 1 444 798 1027 1246 2486 3531
1692 9 2 1 1 266 408 968 3233 2874 3532
1693 9 2 1 1 704 1028 793 3533 3534 2643
1694 9 2 1 1 620 203 914 3410 1907 3386
1695 9 2 1 1 717 681 967 1833 1436 3348
1696 9 2 1 1 539 541 926 3058 3250 3441
1697 9 2 1 1 470 474 935 2887 3535 3361
1698 9 2 1 1 457 961 857 1180 3495 1542
1699 9 2 1 1 533 885 970 2624 3536 3537
1700 9 2 1 1 650 1006 878 3463 3538 1200
1701 9 2 1 1 98 982 837 3217 3539 2577
1702 9 2 1 1 135 983 838 3220 3540 2579
1703 9 2 1 1 594 815 924 3254 2489 3524
1704 9 2 1 1 279 975 871 3541 3513 3373
1705 9 2 1 1 508 938 510 3542 3405 2686
1706 9 2 1 1 206 925 618 2983 3543 3207
1707 9 2 1 1 468 1001 612 3544 3528 3041
1708 9 2 1 1 537 899 672 3500 1880 3370
1709 9 2 1 1 669 966 926 2878 3545 3249
1710 9 2 1 1 601 903 896 3546 2879 3521
1711 9 2 1 1 121 122 959 140 1957 2977
1712 9 2 1 1 360 388 937 3156 3165 3366
1713 9 2 1 1 285 287 936 2783 3477 3547
1714 9 2 1 1 551 1018 868 3548 2128 1150
1715 9 2 1 1 353 963 355 2851 2449 2629
1716 9 2 1 1 416 793 1028 1658 3534 3549
1717 9 2 1 1 304 933 357 3459 1069 3071
1718 9 2 1 1 400 426 946 2767 1288 3380
1719 9 2 1 1 665 917 844 1101 3499 3286
1720 9 2 1 1 534 984 803 1909 3502 2445
1721 9 2 1 1 612 950 894 1391 3550 3345
1722 9 2 1 1 645 646 945 2726 3446 3551
1723 9 2 1 1 633 892 964 3552 3336 3553
1724 9 2 1 1 268 1004 408 3554 3555 3232
1725 9 2 1 1 618 1012 869 3556 3557 1397
1726 9 2 1 1 685 832 953 3077 3558 3428
1727 9 2 1 1 476 894 950 3432 3550 3559
1728 9 2 1 1 439 900 1020 3397 3560 3561
1729 9 2 1 1 634 802 996 2621 1120 3011
1730 9 2 1 1 497 951 547 2972 1470 2675
1731 9 2 1 1 285 936 921 3547 1481 3522
1732 9 2 1 1 608 806 989 1456 3562 3563
1733 9 2 1 1 409 444 948 2987 3564 3419
1734 9 2 1 1 499 944 923 3565 3566 3567
1735 9 2 1 1 427 940 821 3015 3472 2747
1736 9 2 1 1 81 238 980 2451 2849 3213
1737 9 2 1 1 44 240 981 2452 2466 3215
1738 9 2 1 1 118 239 982 2454 3568 3218
1739 9 2 1 1 7 237 983 2455 3569 3221
1740 9 2 1 1 258 968 877 3570 3475 3433
1741 9 2 1 1 231 901 1003 2525 2517 2737
1742 9 2 1 1 639 939 640 3319 3469 3281
1743 9 2 1 1 496 1014 913 3571 1534 3299
1744 9 2 1 1 797 943 818 3439 3385 2628
1745 9 2 1 1 674 964 1033 3572 1654 2337
1746 9 2 1 1 523 828 956 2781 3458 1410
1747 9 2 1 1 451 953 832 3480 3558 3098
1748 9 2 1 1 788 986 790 2206 3573 2071
1749 9 2 1 1 499 856 944 3268 1816 3565
1750 9 2 1 1 644 999 858 3530 2352 2742
1751 9 2 1 1 476 950 659 3559 1165 3252
1752 9 2 1 1 708 843 1020 2327 3574 2286
1753 9 2 1 1 499 923 841 3567 3575 3327
1754 9 2 1 1 347 989 806 2016 3562 2828
1755 9 2 1 1 640 866 1001 3576 3577 3578
1756 9 2 1 1 549 672 972 3371 2682 3579
1757 9 2 1 1 827 1010 974 3580 3581 3455
1758 9 2 1 1 597 820 969 2933 3131 2406
1759 9 2 1 1 781 935 974 3440 3582 3350
1760 9 2 1 1 440 1008 846 3583 3584 3311
1761 9 2 1 1 865 1001 866 3529 3577 3447
1762 9 2 1 1 410 966 849 3585 3586 2690
1763 9 2 1 1 289 293 960 2952 3587 3519
1764 9 2 1 1 704 792 1028 2560 3588 3533
1765 9 2 1 1 613 726 987 2824 3494 3255
1766 9 2 1 1 611 949 770 3045 1173 2811
1767 9 2 1 1 630 1006 831 3589 3590 2905
1768 9 2 1 1 233 958 840 3591 3484 2911
1769 9 2 1 1 253 875 994 3454 3592 3593
1770 9 2 1 1 686 1000 814 3224 3423 2162
1771 9 2 1 1 239 837 982 1631 3539 3568
1772 9 2 1 1 237 838 983 1648 3540 3569
1773 9 2 1 1 533 970 897 3537 3514 1569
1774 9 2 1 1 645 945 973 3551 3430 3594
1775 9 2 1 1 508 1023 938 3595 3492 3542
1776 9 2 1 1 416 1028 792 3549 3588 1511
1777 9 2 1 1 266 968 258 3532 3570 2846
1778 9 2 1 1 841 923 908 3575 3437 3518
1779 9 2 1 1 702 923 944 2626 3566 2853
1780 9 2 1 1 610 1017 869 3412 2554 3596
1781 9 2 1 1 617 1030 925 3036 3597 2982
1782 9 2 1 1 367 1026 455 3427 1856 2276
1783 9 2 1 1 618 925 1012 3543 3598 3556
1784 9 2 1 1 645 973 647 3594 3599 2953
1785 9 2 1 1 810 994 875 3261 3592 2687
1786 9 2 1 1 440 904 1008 3408 1939 3583
1787 9 2 1 1 279 281 975 2638 3527 3541
1788 9 2 1 1 642 687 1005 2230 3257 3002
1789 9 2 1 1 633 964 674 3553 3572 2680
1790 9 2 1 1 758 1020 900 2287 3560 3195
1791 9 2 1 1 293 294 990 2792 3503 3600
1792 9 2 1 1 826 1025 867 3601 3602 3392
1793 9 2 1 1 633 1021 892 3498 3523 3552
1794 9 2 1 1 410 926 966 3444 3545 3585
1795 9 2 1 1 549 972 551 3579 3603 3265
1796 9 2 1 1 630 878 1006 3368 3538 3589
1797 9 2 1 1 671 867 1025 2719 3602 3378
1798 9 2 1 1 734 1009 855 3604 2939 2769
1799 9 2 1 1 902 906 1019 3526 3605 3606
1800 9 2 1 1 624 954 626 3607 2913 3145
1801 9 2 1 1 603 957 883 3504 3608 3421
1802 9 2 1 1 483 995 725 3506 1187 3038
1803 9 2 1 1 629 997 644 3395 1195 2780
1804 9 2 1 1 551 972 1018 3603 3609 3548
1805 9 2 1 1 640 984 866 3471 1758 3576
1806 9 2 1 1 624 628 954 3398 1599 3607
1807 9 2 1 1 575 1016 576 1358 3491 2499
1808 9 2 1 1 502 859 978 3329 3610 3611
1809 9 2 1 1 750 867 1024 3014 3364 3414
1810 9 2 1 1 404 811 988 2974 3394 3612
1811 9 2 1 1 512 1013 522 3490 1623 2832
1812 9 2 1 1 883 957 884 3608 3613 3511
1813 9 2 1 1 552 992 554 1048 3614 2285
1814 9 2 1 1 795 858 988 3290 3615 3517
1815 9 2 1 1 506 1023 508 3496 3595 2636
1816 9 2 1 1 649 650 1003 3018 3300 2516
1817 9 2 1 1 521 1015 530 3516 1166 2607
1818 9 2 1 1 356 884 957 2075 3613 1373
1819 9 2 1 1 581 977 605 2476 1135 3297
1820 9 2 1 1 849 966 1025 3586 3379 3616
1821 9 2 1 1 651 998 652 1468 3617 2500
1822 9 2 1 1 404 988 858 3612 3615 2351
1823 9 2 1 1 545 978 859 3158 3610 3357
1824 9 2 1 1 468 640 1001 3282 3578 3544
1825 9 2 1 1 548 902 1019 1427 3606 3074
1826 9 2 1 1 253 994 366 3593 3525 3185
1827 9 2 1 1 219 878 987 1254 3367 3493
1828 9 2 1 1 268 270 1004 2988 3400 3554
1829 9 2 1 1 439 1020 843 3561 3574 2934
1830 9 2 1 1 408 1004 986 3555 3618 1181
1831 9 2 1 1 293 1002 960 3619 1669 3587
1832 9 2 1 1 473 831 1006 3187 3590 3462
1833 9 2 1 1 601 967 903 3349 1584 3546
1834 9 2 1 1 776 1010 827 3464 3580 2756
1835 9 2 1 1 709 927 978 3418 3620 3157
1836 9 2 1 1 554 992 907 3614 2027 1943
1837 9 2 1 1 466 970 885 3621 3536 3468
1838 9 2 1 1 626 971 998 2915 3622 1736
1839 9 2 1 1 496 846 1014 3198 3623 3571
1840 9 2 1 1 652 1011 873 3624 2292 3403
1841 9 2 1 1 620 929 993 3451 3625 3094
1842 9 2 1 1 608 989 880 3563 1660 3416
1843 9 2 1 1 502 978 927 3611 3620 2365
1844 9 2 1 1 662 886 1022 3175 2802 2472
1845 9 2 1 1 826 849 1025 3138 3616 3601
1846 9 2 1 1 971 1011 998 3626 3627 3622
1847 9 2 1 1 461 920 1007 3467 3628 1778
1848 9 2 1 1 647 973 1019 3599 3075 3629
1849 9 2 1 1 207 1032 912 2739 3200 3425
1850 9 2 1 1 599 1029 820 1550 3512 3239
1851 9 2 1 1 474 974 935 3456 3582 3535
1852 9 2 1 1 466 943 970 3324 3515 3621
1853 9 2 1 1 610 869 1012 3596 3557 3210
1854 9 2 1 1 647 1019 906 3629 3605 3314
1855 9 2 1 1 714 1007 920 3465 3628 1514
1856 9 2 1 1 780 974 1010 3351 3581 1941
1857 9 2 1 1 652 998 1011 3617 3627 3624
1858 9 2 1 1 734 904 1009 1940 3401 3604
1859 9 2 1 1 293 990 1002 3600 3630 3619
1860 9 2 1 1 607 993 929 1212 3625 1639
1861 9 2 1 1 609 925 1030 3631 3597 1430
1862 9 2 1 1 233 1024 958 3289 3363 3591
1863 9 2 1 1 444 1027 948 3531 3308 3564
1864 9 2 1 1 691 1002 990 3476 3630 1320
1865 9 2 1 1 573 1011 971 2293 3626 3170
1866 9 2 1 1 609 1012 925 3211 3598 3631
1867 9 2 1 1 790 986 1004 3573 3618 3399
1868 9 2 1 1 846 1008 1014 3584 3632 3623
1869 9 2 1 1 379 1018 972 3273 3609 2681
1870 9 2 1 1 735 1014 1008 1535 3632 2099
$EndElements
