$MeshFormat
2.2 0 8
$EndMeshFormat
$Nodes
3546
1 -10 -10 0
2 10 -10 0
3 10 0 0
4 10 10 0
5 -10 10 0
6 -10 0 0
7 -1 0 0
8 1 0 0
9 -8.947368421051456 -10 0
10 -7.894736842102912 -10 0
11 -6.842105263157289 -10 0
12 -5.789473684213418 -10 0
13 -4.736842105269546 -10 0
14 -3.684210526325677 -10 0
15 -2.631578947381805 -10 0
16 -1.57894736843752 -10 0
17 -0.5263157894924819 -10 0
18 0.526315789455476 -10 0
19 1.578947368406354 -10 0
20 2.631578947357232 -10 0
21 3.684210526308109 -10 0
22 4.73684210525732 -10 0
23 5.789473684205864 -10 0
24 6.842105263154403 -10 0
25 7.894736842102937 -10 0
26 8.947368421051467 -10 0
27 -9.473684210525727 -10 0
28 -8.421052631577245 -10 0
29 -7.368421052630002 -10 0
30 -6.315789473685354 -10 0
31 -5.263157894741516 -10 0
32 -4.210526315797681 -10 0
33 -3.157894736853868 -10 0
34 -2.105263157909651 -10 0
35 -1.052631578965001 -10 0
36 -1.996292020578494e-11 -10 0
37 1.052631578930916 -10 0
38 2.105263157881794 -10 0
39 3.157894736832672 -10 0
40 4.210526315782552 -10 0
41 5.263157894731592 -10 0
42 6.315789473680384 -10 0
43 7.368421052628671 -10 0
44 8.421052631577217 -10 0
45 9.473684210525938 -10 0
46 10 -8.88888888888938 0
47 10 -7.777777777778759 0
48 10 -6.666666666668139 0
49 10 -5.555555555557518 0
50 10 -4.444444444446898 0
51 10 -3.333333333336277 0
52 10 -2.222222222225656 0
53 10 -1.111111111113083 0
54 10 -9.44444444444469 0
55 10 -8.333333333333426 0
56 10 -7.222222222223568 0
57 10 -6.111111111112802 0
58 10 -5.000000000003967 0
59 10 -3.888888888891495 0
60 10 -2.777777777780797 0
61 10 -1.666666666669302 0
62 10 -0.5555555555565417 0
63 10 1.111111111110223 0
64 10 2.2222222222184 0
65 10 3.33333333332627 0
66 10 4.444444444436009 0
67 10 5.555555555548811 0
68 10 6.666666666661614 0
69 10 7.777777777774416 0
70 10 8.888888888887209 0
71 10 0.5555555555549867 0
72 10 1.666666666664353 0
73 10 2.777777777772076 0
74 10 3.888888888881288 0
75 10 4.999999999991132 0
76 10 6.111111111105294 0
77 10 7.222222222217746 0
78 10 8.333333333331112 0
79 10 9.444444444444306 0
80 8.947368421051456 10 0
81 7.894736842102912 10 0
82 6.842105263157289 10 0
83 5.789473684213418 10 0
84 4.736842105269546 10 0
85 3.684210526325677 10 0
86 2.631578947381805 10 0
87 1.57894736843752 10 0
88 0.5263157894924819 10 0
89 -0.526315789455476 10 0
90 -1.578947368406354 10 0
91 -2.631578947357232 10 0
92 -3.684210526308109 10 0
93 -4.73684210525732 10 0
94 -5.789473684205864 10 0
95 -6.842105263154403 10 0
96 -7.894736842102937 10 0
97 -8.947368421051467 10 0
98 9.473684210525727 10 0
99 8.421052631577245 10 0
100 7.368421052630002 10 0
101 6.315789473685354 10 0
102 5.263157894741516 10 0
103 4.210526315797681 10 0
104 3.157894736853868 10 0
105 2.105263157909651 10 0
106 1.052631578965001 10 0
107 1.996292020578494e-11 10 0
108 -1.052631578930916 10 0
109 -2.105263157881794 10 0
110 -3.157894736832672 10 0
111 -4.210526315782552 10 0
112 -5.263157894731592 10 0
113 -6.315789473680384 10 0
114 -7.368421052628671 10 0
115 -8.421052631577217 10 0
116 -9.473684210525938 10 0
117 -10 8.88888888888938 0
118 -10 7.777777777778759 0
119 -10 6.666666666668139 0
120 -10 5.555555555557518 0
121 -10 4.444444444446898 0
122 -10 3.333333333336277 0
123 -10 2.222222222225656 0
124 -10 1.111111111113083 0
125 -10 9.44444444444469 0
126 -10 8.333333333333426 0
127 -10 7.222222222223568 0
128 -10 6.111111111112802 0
129 -10 5.000000000003967 0
130 -10 3.888888888891495 0
131 -10 2.777777777780797 0
132 -10 1.666666666669302 0
133 -10 0.5555555555565417 0
134 -10 -1.111111111110223 0
135 -10 -2.2222222222184 0
136 -10 -3.33333333332627 0
137 -10 -4.444444444436009 0
138 -10 -5.555555555548811 0
139 -10 -6.666666666661614 0
140 -10 -7.777777777774416 0
141 -10 -8.888888888887209 0
142 -10 -0.5555555555549867 0
143 -10 -1.666666666664353 0
144 -10 -2.777777777772076 0
145 -10 -3.888888888881288 0
146 -10 -4.999999999991132 0
147 -10 -6.111111111105294 0
148 -10 -7.222222222217746 0
149 -10 -8.333333333331112 0
150 -10 -9.444444444444306 0
151 -0.9659258262895315 -0.2588190451007919 0
152 -0.8660254037855228 -0.4999999999981222 0
153 -0.7071067811883969 -0.7071067811846982 0
154 -0.5000000000026169 -0.8660254037829278 0
155 -0.2588190451059451 -0.9659258262881507 0
156 -3.957784268501449e-12 -1 0
157 0.2588190450994881 -0.9659258262898809 0
158 0.4999999999980611 -0.866025403785558 0
159 0.7071067811856632 -0.7071067811874319 0
160 0.8660254037843073 -0.5000000000002276 0
161 0.9659258262892119 -0.2588190451019848 0
162 -0.991444861373928 -0.1305261922191585 0
163 -0.9238795325120163 -0.3826834323633285 0
164 -0.7933533402926559 -0.608761429006869 0
165 -0.6087614290109513 -0.7933533402895235 0
166 -0.3826834323681315 -0.9238795325100269 0
167 -0.1305261922237583 -0.9914448613733224 0
168 0.1305261922165335 -0.9914448613742736 0
169 0.3826834323625853 -0.9238795325123241 0
170 0.6087614290073262 -0.7933533402923052 0
171 0.7933533402908384 -0.6087614290092377 0
172 0.9238795325113351 -0.3826834323649729 0
173 0.9914448613738521 -0.1305261922197345 0
174 0.9659258262895315 0.2588190451007919 0
175 0.8660254037855228 0.4999999999981222 0
176 0.7071067811883969 0.7071067811846982 0
177 0.5000000000026169 0.8660254037829278 0
178 0.2588190451059451 0.9659258262881507 0
179 3.957784268501449e-12 1 0
180 -0.2588190450994881 0.9659258262898809 0
181 -0.4999999999980611 0.866025403785558 0
182 -0.7071067811856632 0.7071067811874319 0
183 -0.8660254037843073 0.5000000000002276 0
184 -0.9659258262892119 0.2588190451019848 0
185 0.991444861373928 0.1305261922191585 0
186 0.9238795325120163 0.3826834323633285 0
187 0.7933533402926559 0.608761429006869 0
188 0.6087614290109513 0.7933533402895235 0
189 0.3826834323681315 0.9238795325100269 0
190 0.1305261922237583 0.9914448613733224 0
191 -0.1305261922165335 0.9914448613742736 0
192 -0.3826834323625853 0.9238795325123241 0
193 -0.6087614290073262 0.7933533402923052 0
194 -0.7933533402908384 0.6087614290092377 0
195 -0.9238795325113351 0.3826834323649729 0
196 -0.9914448613738521 0.1305261922197345 0
197 0.7467572479249657 0.9564780216607845 0
198 1.117941704822127 0.4735589046122647 0
199 0.1650731500664429 1.205898697502695 0
200 -0.4700805932598278 1.120617583228425 0
201 -0.9565122148890942 0.7448121304847329 0
202 1.201416134447794 -0.1677323928876367 0
203 0.9559530704819318 -0.744264912608961 0
204 0.4520512508758417 -1.134225139958502 0
205 -0.1736205709222779 -1.207031752540195 0
206 -0.7353004245471201 -0.9582540046621398 0
207 -1.123340998111177 -0.4684189397393096 0
208 -1.2195813076739 0.1907929183059504 0
209 4.149754025764476 -9.013404766134578 0
210 -4.22925046348646 9.178864709075734 0
211 4.188745493595259 9.056101120502758 0
212 -4.232698280274092 -9.10034653577342 0
213 9.040027292078074 3.923052749650661 0
214 -9.069585469930354 -3.897536510552777 0
215 9.08530721945008 -3.95081378095017 0
216 -9.062043633748443 3.949959658561821 0
217 -1.042344830101926 9.192133040366471 0
218 0.9859105272837584 -9.109942180677583 0
219 9.182761051536287 0.448675224616428 0
220 -9.104567113275074 -0.5427695725833084 0
221 9.128150168822941 -1.700683020819636 0
222 9.051353297646664 -6.101047804635149 0
223 -8.988039630225995 1.72795051131666 0
224 -8.989773222992872 6.071269794497953 0
225 9.071775042270486 6.037876035540308 0
226 -9.007805601862746 -6.160960339115744 0
227 1.075138894224838 9.114797783416144 0
228 -1.030305124628041 -9.210926443236279 0
229 6.366588906147327 9.048457873128845 0
230 -6.298365545599488 -9.023833562370504 0
231 6.258120850276126 -9.11638939920676 0
232 -6.295265143046485 9.004339475500419 0
233 -8.99936678538249 -8.218726197786422 0
234 9.101844414980887 8.332974568684682 0
235 -9.094488700113166 8.350031902848121 0
236 8.982645753789688 -8.320662646422816 0
237 0.9580648189294946 0.7350228892141941 0
238 1.039955571441211 1.011187355126572 0
239 0.8203861023761573 1.240852701756914 0
240 1.135904522414672 1.310183034144121 0
241 0.9137589963335974 1.556620568668335 0
242 1.24697650915723 1.633331729899415 0
243 1.00636359270302 1.896552760584947 0
244 1.364218398170545 1.981040432041477 0
245 1.614994952523497 1.696930568721927 0
246 1.746897729088145 2.069266922181638 0
247 1.099234974841512 2.256449307489858 0
248 2.020298800016569 1.757528298590151 0
249 2.16112707268397 2.166180294501411 0
250 2.457585701627852 1.824750809605878 0
251 2.610478364033317 2.263319894391383 0
252 2.29168510350298 2.618408575177164 0
253 2.780162646124521 2.720454742045685 0
254 2.919103554337464 1.895023941267797 0
255 2.415157359770753 3.118802104301261 0
256 2.961381155819289 3.225540438206678 0
257 2.561425205247989 3.658840167247317 0
258 3.143870019454502 3.786023148960055 0
259 3.548156616988125 3.325020860047297 0
260 3.74587851419675 3.926829308424961 0
261 2.767359595943083 1.449624540499471 0
262 3.243881820149192 1.516887711364472 0
263 3.080699425690642 1.049925450669543 0
264 3.584662664385889 1.125754884085737 0
265 3.399750812798869 0.6265038642648852 0
266 3.934943729854852 0.7142330896740599 0
267 3.740305496542998 0.1913019593258633 0
268 2.727849001967156 4.228547918293184 0
269 2.127608782830704 4.092678469043962 0
270 4.304641242895425 0.2829097646790369 0
271 4.097207847285318 -0.256695561046325 0
272 4.525885425878483 0.9040065760262019 0
273 4.175753592889695 3.431529340133384 0
274 4.392576448308404 4.075871661212488 0
275 3.485560764118735 -0.3409799757914503 0
276 3.867394408113821 -0.8019291381397945 0
277 4.459263879487864 -0.7309262323186233 0
278 4.235745046197765 -1.289629185982609 0
279 3.621123471025952 -1.359192236415445 0
280 3.985272854216566 -1.855739202537419 0
281 3.374200065502529 -1.914540864869504 0
282 3.730999363171339 -2.423332996002983 0
283 3.058807567622421 -2.453438115290295 0
284 3.472068218943735 -2.995598448039481 0
285 2.831202430591931 -3.060866316657121 0
286 3.216777172494208 -3.582904780168715 0
287 2.561233018848418 -3.649367941269423 0
288 3.850086090188114 -3.546309626393606 0
289 2.954468492748551 -4.188340265659749 0
290 2.287200922739052 -4.247309681617161 0
291 1.900112197708791 -3.708741093857791 0
292 1.629543493398516 -4.294965817138865 0
293 1.267880956359435 -3.769120299477973 0
294 0.9961965729894808 -4.338585008270393 0
295 0.6470949774029334 -3.828286305561783 0
296 0.3811855018287688 -4.382844546657166 0
297 0.03277040872188506 -3.884507467754245 0
298 -0.2250478002207914 -4.430567654498499 0
299 -0.5723820935645308 -3.932423669387725 0
300 -0.832450456471664 -4.481345272653902 0
301 -1.172139222803442 -3.98021564466003 0
302 -1.448456598567509 -4.535022450297209 0
303 -1.802910504569846 -4.011779037446508 0
304 -2.086470967226447 -4.594637003925828 0
305 -2.467038490658036 -4.040455116545464 0
306 -2.759163710479091 -4.659157242907115 0
307 -3.144950683848096 -4.086601803766264 0
308 -2.843414417938023 -3.468590848906985 0
309 -3.516318969387035 -3.511692656507392 0
310 -3.211451070262132 -2.917697120532464 0
311 -3.877154038386258 -2.950351356090636 0
312 -3.573925472600022 -2.369447494198689 0
313 -3.879599140851472 -4.08015766796424 0
314 -4.246863705008196 -2.397253888533041 0
315 -3.942493072351228 -1.807700673508094 0
316 4.634211981054563 -1.790818994198426 0
317 2.300138364281394 4.689090327909812 0
318 1.679287712705025 4.5399195087068 0
319 0.7279184554563538 2.167697030611676 0
320 2.67330561721737 -4.818172503950095 0
321 -4.620858322949724 -1.833355429208095 0
322 -4.309580369531672 -1.241030292300576 0
323 0.146640300345244 -4.975579715099528 0
324 4.852417415742034 3.54239828865081 0
325 -4.941982681230138 -2.453476701449909 0
326 -2.539029050015085 -2.880732668855944 0
327 -3.660595242680978 -1.215567573002429 0
328 -3.99931979283606 -0.6631289465347023 0
329 -4.645694126321892 -0.6855006914102257 0
330 -4.324838891849067 -0.1080524674049206 0
331 -4.988476588820917 -0.1280792144452738 0
332 -4.665012911242925 0.4489096471574304 0
333 -4.003901023334489 0.4657944864694865 0
334 -4.334987300233166 1.006667875370946 0
335 -3.697862682549161 1.013871392069234 0
336 -4.015565212803463 1.552011964875595 0
337 -3.392509851140419 1.55029497740814 0
338 -3.701570647550205 2.094911362606295 0
339 -3.082073003602867 2.084124675573372 0
340 -3.386247353440803 2.639779159234063 0
341 -2.758124841987013 2.631716601981482 0
342 -3.072776294695854 3.194896553412363 0
343 -2.446357432071723 3.181091322151982 0
344 -2.755859861108984 3.755124821299277 0
345 -3.415925590491953 3.765011902961861 0
346 -4.275924122272817 2.079236248227684 0
347 -3.074567116658076 4.359837917306661 0
348 -3.781464524983365 4.369895238817602 0
349 -2.426768919248704 4.319010033496337 0
350 -2.720344111801129 4.967912358699822 0
351 -1.992736862932055 4.875342984276521 0
352 5.092838531072129 4.21834942782213 0
353 4.601104941998019 4.772252168663008 0
354 -0.8819640165759397 -3.385688542913948 0
355 2.447816091594753 -2.612425778023816 0
356 -2.353312272675613 -5.228484460815019 0
357 1.860892620209427 5.167269455185777 0
358 0.828795683208118 2.553467041283833 0
359 0.4278357000015655 2.457454924472468 0
360 0.5400186085852662 2.879765783763601 0
361 -3.392520219200553 -0.6508074753629638 0
362 0.0961016221816285 2.770722985973919 0
363 0.2195867768835335 3.236791223573912 0
364 -5.349747855805334 0.4533171386735192 0
365 1.207398249758404 5.007467057390757 0
366 0.3102095654530187 -3.361467550575531 0
367 5.344694285361358 4.930381689228196 0
368 -2.338165745409627 5.599089712616237 0
369 -1.62515162769583 5.579659461945259 0
370 -2.105727725346681 2.603675400030746 0
371 3.051830215625499 -1.430101300371842 0
372 2.911470934730564 0.5713623841557065 0
373 -3.135303517357265 1.049343119778055 0
374 -5.691310015323076 -0.1663909891395337 0
375 2.542491489220179 5.283620631390749 0
376 1.395072362890212 5.6708271359679 0
377 5.581503784256027 3.633153349255259 0
378 4.818851628169916 5.515175301848375 0
379 5.610902137601438 5.688339896506828 0
380 -3.083652967225496 -5.301031932588874 0
381 -2.638767865439928 -5.921455027642301 0
382 -3.430370281956271 -5.992397517608711 0
383 -3.083116515983365 5.625574103021586 0
384 -2.696233545585585 6.29439761697136 0
385 -3.490194695403323 6.312223449562507 0
386 4.913436710988116 0.3668246259167535 0
387 5.167255572280035 0.9830625029532349 0
388 5.584957874338039 0.4448474614558932 0
389 5.829767195770695 1.118656086324474 0
390 1.322468064642067 -4.873662176185404 0
391 3.387150739693771 -4.739021169123439 0
392 3.087394561343498 -5.422314747176962 0
393 3.853384786881955 -5.32950687664121 0
394 -3.077382884526314 -1.147814415408857 0
395 -2.847518260711469 -0.6528839976334395 0
396 -2.562388190558124 -1.070319334546284 0
397 1.866478982483272 1.389481237728384 0
398 -1.068648083682358 -5.099143040400315 0
399 -0.2768383565391441 3.114552347703754 0
400 -0.1442692009928009 3.619223460768737 0
401 -0.3640254853578024 2.629276974964497 0
402 -6.07904644847777 0.4541525314416952 0
403 3.53992067984795 -6.04970501760185 0
404 4.330700857367668 -5.967235502364117 0
405 2.749969783613817 -6.128498506555831 0
406 4.649876722665266 -5.207068798142195 0
407 5.169444811510792 -5.892936795316267 0
408 5.478271220495343 -5.087968843562212 0
409 3.808034414411957 1.679636672509207 0
410 -2.963109716358027 -6.650786940856074 0
411 -2.148535333100236 -6.564156064167801 0
412 6.114554301103754 5.078983870579274 0
413 6.001744332412289 -5.771919950263918 0
414 6.310871794792399 0.5599926064235968 0
415 6.540529708970266 1.250464972561798 0
416 6.035506573360225 -0.1541875867818062 0
417 5.05654323848242 6.305913775774209 0
418 -2.35331794154764 -0.6281926953600417 0
419 -2.093295228289713 -1.018782175047331 0
420 5.894467386590339 6.495468570181632 0
421 -3.780705046934526 -6.725705898453169 0
422 -4.255925503834622 -6.043968571836682 0
423 0.706270004634447 5.499069111370318 0
424 0.9248564806651645 6.224829202421471 0
425 1.679062828522594 6.449515371154808 0
426 -0.6770781221932716 3.491961621615755 0
427 -4.624118166540517 -6.806247102631904 0
428 -5.109205162958601 -6.100119599648814 0
429 6.316225667918672 -4.959137072492073 0
430 5.795618544602342 -4.274245268064046 0
431 -6.449506652649378 -0.2109670010079343 0
432 1.006922631268607 2.998585785824121 0
433 -2.281613432273711 -1.441639868133442 0
434 -1.831280801167278 -1.388046483121462 0
435 -0.5110147707144961 4.036180880376922 0
436 3.217423209955682 -6.787027090424886 0
437 2.402033047747167 -6.862782277827979 0
438 6.80918396790462 -0.04200396280861886 0
439 6.507793414859453 -0.7923607864405411 0
440 4.835352798205928 -6.66891777718784 0
441 -5.710524822249537 1.103991749817471 0
442 -6.480315233072888 1.111613097531916 0
443 -6.087204696891511 1.788371898256998 0
444 -3.080084304399441 7.012716044538478 0
445 -2.249086206392679 6.991151115464569 0
446 -5.345758610717381 -1.843487248255664 0
447 -5.711297896908043 -2.489165925271822 0
448 -3.919872109090431 7.030148013589266 0
449 -4.33719231600257 6.307081748465061 0
450 -4.786305228114633 7.046304009420192 0
451 -5.230193033730422 6.31698903175683 0
452 -4.134200604443455 3.736972362937069 0
453 -4.530436552452385 4.354330431416612 0
454 -4.900545745323235 3.696000969865392 0
455 -5.310838848144364 4.365303949418614 0
456 -2.607176953674789 -0.2298468227070921 0
457 -5.694942350759996 3.676640434308398 0
458 -6.142304306969473 4.382531283688447 0
459 -6.54583454029575 3.669342929170628 0
460 -2.482321618987685 -7.325526034133718 0
461 6.651655453932531 -4.149314238914336 0
462 6.117030838014299 -3.468668775352627 0
463 6.973497330865106 -3.340331492975833 0
464 -5.26030436109038 -3.137852681756064 0
465 -6.04108569216968 -3.20805478570546 0
466 -6.570086950028895 -2.502139156334737 0
467 -5.503094787818132 -6.870463831207193 0
468 -5.991339679740189 -6.155469235699766 0
469 -6.419607601483079 -6.954968604033551 0
470 4.226059938836332 6.088509057074392 0
471 -5.586193394415876 -3.877541599589439 0
472 -6.4128939268446 -3.948195918358317 0
473 5.411209132068485 1.668398180349481 0
474 -2.149249601065295 -0.2139464006109438 0
475 -2.006364887117206 -1.802051798593026 0
476 -1.564210194007088 -1.748018781401608 0
477 -1.738938414711839 -2.164088091423858 0
478 -1.293460098181717 -2.103444999314465 0
479 0.3081204048368643 2.04046443417893 0
480 -6.932574720355839 1.825660564344562 0
481 -1.658008276093749 -7.22692403663785 0
482 0.1809501724399623 6.024577621577829 0
483 0.406671500571368 6.790253293462658 0
484 0.3982741596846516 3.745019706448566 0
485 -2.381491125653303 0.1591026731108731 0
486 1.545581083972811 -3.178164107495431 0
487 -5.687273645085977 7.090316766008324 0
488 -6.144869615602597 6.265072226380552 0
489 -6.622970466073695 7.103420662669189 0
490 -7.018051153890735 4.39061966622511 0
491 2.878476893363796 -7.557374562747528 0
492 5.305938686018295 7.149812046842017 0
493 -0.3556438518498323 6.555448959673261 0
494 -2.647175070505551 7.732432664115311 0
495 -1.140507330039327 -1.704761500579371 0
496 -0.8747539266007144 -2.039125807925104 0
497 -7.295047746934293 1.09866644817823 0
498 7.234096899715648 -4.9281967108709 0
499 -2.443386323022035 -1.887084537632984 0
500 6.406490021657255 -2.696167118678643 0
501 -1.473089454969929 -2.529593204613429 0
502 -0.1451428788434233 7.355427615578579 0
503 -6.904132277502649 -6.208178049468595 0
504 -1.955948602802766 0.1693991023057846 0
505 -2.169155773213081 0.5268263817392617 0
506 -1.77385412828892 0.526491471652062 0
507 -1.973362627061195 0.8821175503339422 0
508 7.328528217151908 -0.7078099683077063 0
509 -1.677661724715658 -1.004850544114381 0
510 -0.7102135114194708 -1.646026805254756 0
511 -0.47155172961575 -1.989706129581855 0
512 -0.6221754270076478 -2.364260508224782 0
513 -0.216262798343612 -2.291546980084314 0
514 -0.06475187122836441 -1.890432940920229 0
515 0.181641227023108 -2.214247504565349 0
516 0.3542187880697176 -1.816281047602505 0
517 0.5786720090330755 -2.152220269275597 0
518 0.7475260118027615 -1.788047320431404 0
519 0.9755238854900448 -2.09052956926081 0
520 1.1294660191619 -1.711830240101648 0
521 1.38165465885252 -2.02626270012 0
522 1.519788555529445 -1.637124332132399 0
523 0.8298472541809905 -2.485154149034114 0
524 -0.3476649648195955 -2.669053146758272 0
525 -1.09642102473583 3.901855184904798 0
526 7.271065804597212 -2.436192804098309 0
527 4.600837050310066 2.895562416270448 0
528 1.938092294152027 -6.200527101293553 0
529 1.585345511257672 -6.924772132623094 0
530 1.124772415174223 -6.264315516084494 0
531 0.7752945239447384 -6.987516959452478 0
532 0.3200539807446679 -6.322516259782177 0
533 -7.377260640984555 -7.064314983251045 0
534 -0.03897457828153372 -7.055357015954261 0
535 -0.5022944885624573 -6.306011339051524 0
536 0.006042632048174013 5.309762827909616 0
537 -2.824955270112199 0.1642325380685298 0
538 -1.564093275125385 0.8814021670874753 0
539 -1.787668672533151 1.240559083609684 0
540 -1.41132230036847 1.26834460534346 0
541 -1.619019229507991 1.626477729124525 0
542 -1.171250454678449 1.597293595286164 0
543 -1.418524210396962 1.994365309987174 0
544 -2.058277238891042 1.618601951227864 0
545 6.192885372873105 7.347081972259168 0
546 6.801443119887803 6.657095324681756 0
547 7.122096029712272 7.55035173899963 0
548 -7.082551803893015 6.166244337746074 0
549 -4.713574041552355 -5.33784415953001 0
550 1.535805206270797 3.919269749479278 0
551 -1.77195360931256 -0.1849754462695611 0
552 1.249255765581851 0.7414856592081717 0
553 1.416767410287596 0.4719895295373381 0
554 1.566854989789086 0.7604213604686264 0
555 1.755564581737134 0.4756281704472657 0
556 -1.225245984272953 3.331645695881398 0
557 -0.9805426090196241 1.991572344073623 0
558 5.638632956015292 -0.8855965418348914 0
559 1.919829706838365 0.7822308414094875 0
560 2.121222412074377 0.4763300675293427 0
561 1.942390753450053 0.1678758218741251 0
562 2.324697577968041 0.1503123961691803 0
563 2.090304914630409 -0.1963489981126703 0
564 2.533276303718423 -0.2031495235243987 0
565 2.325008954763002 -0.5699940062647085 0
566 1.906281092198345 -0.5829379763914284 0
567 2.125236441826636 -0.9407444512201817 0
568 1.723795193856644 -0.9368632028274484 0
569 1.259664392211925 -1.34243824697611 0
570 1.804872184914044 -1.963287448605059 0
571 5.590999036878615 -2.834411661428005 0
572 -7.564890461842901 7.0178300890903 0
573 1.909062894190537 2.97515297558041 0
574 -0.9037056838022658 4.494703653663223 0
575 0.6613271433053232 7.626019368499974 0
576 -5.263848892382302 3.028712208179802 0
577 3.691709504020851 -7.458645581517051 0
578 0.5946349960213339 1.474389795625383 0
579 -7.410911315244432 3.628020730027985 0
580 -1.246297063775983 2.360659634596598 0
581 -5.211179350238002 7.839237855841779 0
582 -5.062073590329204 -7.57107062614914 0
583 -1.780066352537942 7.728833431669543 0
584 2.747142727345359 -0.5832722355097854 0
585 -0.7527678417532315 1.64823513982346 0
586 2.271560421314093 0.7883439717377245 0
587 -5.959105578588876 -4.649045507825433 0
588 -6.818860936030941 -4.709682675768074 0
589 -7.327058180222632 -4.021762960794927 0
590 -7.625768921333703 -4.770878592648945 0
591 0.4161840274611122 -7.738946925125321 0
592 0.01403810360701587 8.168421293336962 0
593 -6.025783278465692 -0.8397104626591363 0
594 -6.822222179225232 -0.9303291471994155 0
595 -7.256127503504723 -0.2050018909845904 0
596 -7.672818487749844 -0.9510525275974966 0
597 1.656811515246504 -2.364486802150692 0
598 -1.999016349641778 -8.00078677230006 0
599 -2.86983009345046 -8.121333991529909 0
600 -0.4057582339573824 -7.801680397328659 0
601 -0.5688464673755228 1.986248045273597 0
602 -0.3609939482922064 1.658240430489953 0
603 -0.957626071772024 -0.7348361579079062 0
604 -1.016318279496209 -1.017060950637898 0
605 -0.7216812083188526 1.028702607857136 0
606 0.1336431430080352 -1.255911283236274 0
607 -0.4632169300609264 -1.115109850357388 0
608 -0.09584206772147577 1.245774751098979 0
609 0.09079219523238594 1.47692546942437 0
610 0.7201150991435471 -0.9875375697525928 0
611 1.113201536205239 -0.4655329214995149 0
612 7.616237385554809 0.09113450110071332 0
613 -2.203630773327158 8.396562765711161 0
614 -4.181728522606469 4.996720692044518 0
615 1.394799493340702 -0.3936484307793093 0
616 -1.12047063909693 0.477008473326 0
617 -1.254394132205926 -0.1408640079293396 0
618 5.869428927161301 -2.108217573495609 0
619 8.18214499543479 -0.5731218725028772 0
620 1.936423825861788 -1.558862845201424 0
621 2.260963440896102 -1.892950028574727 0
622 1.486948061413459 -0.09011215266572312 0
623 -2.347994405320845 0.8693582443965995 0
624 -0.7794081601709254 -2.786778256728666 0
625 -1.654181650527797 3.749305740324552 0
626 7.792677360523964 -1.456350696274842 0
627 7.778730862340699 6.856553308448746 0
628 7.381855019378031 5.882853074978898 0
629 -7.040866487012299 8.011001757352243 0
630 -1.242651956340027 -0.7377531396037187 0
631 1.238089147570946 0.1632102745756903 0
632 -7.866317764197346 1.826242921220986 0
633 5.582834117521315 8.124394663036991 0
634 4.684593191122271 7.767671330668033 0
635 -5.316668304873778 1.744267930769653 0
636 7.883943656205517 -3.164067859906318 0
637 0.6929055788355541 -1.27803982237748 0
638 1.240137409490308 -0.7223646373004562 0
639 -0.4017594246143472 -1.405933274346431 0
640 -5.614876493804232 5.057159020539522 0
641 -0.1609754335065723 2.005167042562575 0
642 -8.029058649695234 4.409937144522833 0
643 -6.731467280879188 -7.90928820048544 0
644 -3.423386961406468 0.5386177567781213 0
645 -2.976047982331478 8.506749806157359 0
646 -6.52030023230475 2.483170651397119 0
647 -7.183274575733297 -1.724575150015711 0
648 -8.088768393554012 -1.757239311694317 0
649 -7.551415372864509 -2.541648896514852 0
650 -8.528237139588116 -2.498480245129351 0
651 -4.723759124528121 -3.822958094283272 0
652 0.1419327054845801 -8.496765389542222 0
653 -2.963282065657753 -2.392419953452721 0
654 -3.254832025374699 -1.792358572562373 0
655 1.357822866155123 1.042732862198204 0
656 -1.423845584058298 7.008059151864657 0
657 -0.7280170425398587 -1.253475462449934 0
658 3.379028398601236 -8.270307118837714 0
659 2.490188497404989 -8.356495222754333 0
660 -1.400595132983018 -0.4638379311084095 0
661 -1.427925530189975 -1.356400341007251 0
662 0.4041208153997602 -1.431987481468246 0
663 -1.994813464141197 -2.601629745833653 0
664 -1.706231299720137 -2.990402406905736 0
665 -2.15446006067937 -3.405904996790628 0
666 -3.639903945040607 -0.05337110651826251 0
667 0.6721559098969839 -5.582172702966027 0
668 2.177498183117668 -3.149285683041212 0
669 0.4805205207079598 1.149123081321068 0
670 0.9262521918209258 -3.298175332405787 0
671 -1.034105930485565 1.029294487683453 0
672 -1.900948956820109 -0.5964670651757907 0
673 -0.1028192461428382 -1.507229318020106 0
674 -7.815797343397294 -7.993318958800653 0
675 -0.285094465102032 -3.414920460057146 0
676 3.319877754374401 -0.912915525016088 0
677 2.439809501941868 -1.396165617402046 0
678 -2.33578119053273 -8.832629704283619 0
679 -8.399011433392133 -7.144293861710044 0
680 8.260057579572621 -2.213069049131763 0
681 6.938855116518187 -1.527220144375683 0
682 -2.847656846817732 1.552955027518703 0
683 -2.468759170630066 2.023498369611972 0
684 -0.8385857998349273 7.831565588925305 0
685 -8.174528179812318 0.9706248792407829 0
686 -8.421772060053692 2.589427430488049 0
687 -7.492254377655422 5.203164861364026 0
688 5.29282301207974 -3.605952822112899 0
689 4.818173695378673 -2.959754798477766 0
690 4.982309076322587 -4.400397795343431 0
691 3.199388361395956 0.1463002721650749 0
692 -1.562718957478668 0.1295606532648466 0
693 -0.07731053385976101 -5.628915692891935 0
694 9.064686601567818 -5.012720751440042 0
695 8.139983363191 -5.537642291974918 0
696 8.127018640581245 -6.598267414360022 0
697 7.294526455902024 -6.032169379779893 0
698 7.244847264052601 -7.052280868995556 0
699 8.087538418507647 -7.613335359567594 0
700 7.217491131364383 -8.03806324663908 0
701 6.316704175011603 -7.487578890049793 0
702 -9.053364837498453 4.95445398438628 0
703 1.026033913813651 -1.06685579503111 0
704 9.066166753704017 4.983283037330461 0
705 8.162621748976491 4.444887750378019 0
706 8.125146955635987 3.459647678454262 0
707 7.317820308005821 3.963106109061924 0
708 7.284395068391778 3.022523063807978 0
709 8.076026410887126 2.524272704431169 0
710 7.267438503631047 2.143529931297141 0
711 6.477756506461942 2.559080153426446 0
712 7.994614467688532 1.650353002352466 0
713 8.912629871832005 1.965422208987705 0
714 6.455859487155162 3.555718242109593 0
715 -9.084993819881699 -4.969840418108039 0
716 5.259477126324376 9.11336126747503 0
717 -5.257170399002693 -9.113913208085348 0
718 5.229523301443042 -9.105458607279012 0
719 4.783881848211023 -8.22116770848649 0
720 -5.225970668120548 9.160910054275258 0
721 4.164638243517824 -4.52130491143965 0
722 8.208200412210187 -4.508535215179763 0
723 -6.22619365219077 -1.667979957168972 0
724 2.09057476020543 9.108989605245913 0
725 1.530305324143308 8.170362564747379 0
726 2.530757903358347 8.240171265620038 0
727 2.071786490258325 7.37708728933129 0
728 2.953020572908319 7.425050713451672 0
729 3.452932584300637 8.241699906921367 0
730 2.499717532385718 6.63819136983509 0
731 3.446017914037879 6.622693032287328 0
732 0.5290698697389155 4.836937280535931 0
733 -0.1653896932611741 4.603032080058552 0
734 1.014253766922513 4.339700447952268 0
735 -9.07469539694562 7.253297448401273 0
736 8.947453988639062 7.127309953373547 0
737 8.118122460545589 7.866997266891119 0
738 7.348439479277946 8.522668989153981 0
739 2.792282769502896 -1.896078117562549 0
740 -5.696807196292927 -8.245258199904832 0
741 -4.479413514502565 3.09918239193887 0
742 0.003587955412312547 2.356129855936805 0
743 -1.326059106840653 -6.466429120362457 0
744 -1.80147196497036 -5.804051043276653 0
745 5.303161542806477 -0.2091918900966787 0
746 7.374023168342808 4.905593326095109 0
747 3.096835270871407 9.112958463654032 0
748 -8.290606148381661 -9.005634520445742 0
749 -7.403601246768678 9.038708865359272 0
750 -3.883371987569626 -5.332292798256564 0
751 -1.907225470556224 2.060814007938341 0
752 -9.078875131784963 0.5303775402577544 0
753 -8.18689015350407 -0.06009458075647228 0
754 1.480598428999019 1.360376081829593 0
755 2.313303973583694 -5.498230818686399 0
756 -1.793212730437447 3.149784793013601 0
757 -1.244989696036977 0.7549169889707632 0
758 -0.7749337146725701 2.955594479777707 0
759 4.067580951514982 5.317296698148642 0
760 -0.5197196759973611 5.807038230787477 0
761 -1.054831023824556 -1.343298160892703 0
762 0.6066705852170189 -2.90744345942282 0
763 9.048193124357059 -7.179981345679546 0
764 3.848080635737184 7.499529228770546 0
765 -5.133172450008693 -4.597525306922681 0
766 2.908133599672281 5.916589604576829 0
767 1.982702886505951 3.521624005442363 0
768 1.475165794817625 3.300881854929473 0
769 0.9898911053709144 3.659398771690997 0
770 1.472978261478668 2.780619466663898 0
771 3.949481481847963 2.82125610670988 0
772 4.278030778203455 2.269007715262764 0
773 4.971359368416836 2.229434240358914 0
774 3.660466495104827 2.283888904769006 0
775 4.442109832875884 1.613200811748359 0
776 3.339426093380563 2.769306828517313 0
777 0.00613834313212389 9.080229680310133 0
778 7.311577544776128 -9.036211262397169 0
779 -3.267760792833199 -9.015690634369118 0
780 -3.778079265405624 -8.226406728373272 0
781 -9.069206575003697 -1.622394617263694 0
782 -0.7808380027691787 2.404255663402386 0
783 3.907609758928428 4.60435469808857 0
784 3.322166926745619 5.138845793968807 0
785 9.001863401053908 -2.895871897013436 0
786 -0.853240300615523 -7.116994116695235 0
787 0.04769163781193531 -2.921326317305247 0
788 5.287854270406232 2.969850231093314 0
789 5.70084808565067 2.385962807787831 0
790 -5.003708990919369 1.044389112293227 0
791 -1.062829290261264 -5.780965708473321 0
792 -7.886531630571209 -6.247501493990979 0
793 5.705205519088147 -8.277220071160228 0
794 2.035865374566254 -7.619919932865575 0
795 1.483448807005661 -5.536871269619553 0
796 5.29696589383278 -7.457216188590234 0
797 5.73931684600158 -6.643958840878504 0
798 -4.967216093687433 -1.262484461827465 0
799 -4.805701174572024 5.577334680273855 0
800 2.308676498042604 1.419530667845398 0
801 -8.121169606946081 7.939830729624053 0
802 2.522148414783305 -0.9254575118372863 0
803 -0.6715023813656955 5.127203301766296 0
804 -8.074093667882462 -3.359424721134709 0
805 -0.8791074425651387 1.327064389707518 0
806 3.045775786230427 -9.132013644944049 0
807 -6.091518508644432 7.991547195675093 0
808 -4.337979912497421 7.77064697730544 0
809 1.850761391905508 2.489338036070578 0
810 -5.548491823314091 -5.38175877599345 0
811 0.6612421673999537 1.804324260886703 0
812 -1.475845649848587 -3.464525691933066 0
813 -1.508513806581894 4.343300413211323 0
814 -1.421573885449289 0.4856530226606958 0
815 4.875950764094406 -1.192326240877854 0
816 -8.422823659421271 9.093669623072897 0
817 -3.104058441696013 -0.2196217653623482 0
818 -3.433080707090463 4.98839785495065 0
819 -3.322545425383673 -7.409270258344654 0
820 8.382610322745297 -9.146017353475026 0
821 4.44585750570558 6.903292657245816 0
822 4.012241647964861 -6.703465670258669 0
823 1.602783106518836 -8.380571205103054 0
824 2.056501267124708 -9.168266465872712 0
825 -6.492886186228477 5.253616334398139 0
826 -7.990092090341431 6.04009127666022 0
827 -3.475521196653508 7.742577371022561 0
828 -1.920665381637005 6.280304631140604 0
829 -1.120120373265518 6.249598783338063 0
830 -7.523230379717917 2.716927959294209 0
831 -3.73625361200313 3.183584652149036 0
832 1.246389532431245 7.108616261540249 0
833 4.501260913225438 -3.725222280035877 0
834 1.136667637778173 -2.83209099087515 0
835 8.333018135152066 9.073865966390258 0
836 8.994471613794438 2.918468865266114 0
837 1.96602828597729 -4.862140783678846 0
838 3.301004772164111 4.395657064941762 0
839 0.3440482659524888 1.681524339940229 0
840 -3.489704824460101 -4.699211969421547 0
841 0.74688193794649 -4.896712582287863 0
842 -7.284684346910672 -8.909932475622442 0
843 4.114274891479048 -2.978160634359083 0
844 -0.453254921551012 -5.001402888432788 0
845 1.216909576497175 -7.662165282181842 0
846 6.424988988061013 5.849570839359839 0
847 5.848539276090543 4.321621356887091 0
848 -4.539238993548643 -3.030255391779664 0
849 -6.841927005857501 0.4437492280569482 0
850 -1.036368309922835 -2.441264653348885 0
851 -6.942440827857817 -3.263251241708185 0
852 -4.634634847490183 1.620027901542163 0
853 7.065652938894697 0.6831948501814855 0
854 1.707291973611349 1.071777458062443 0
855 5.093916265891655 -2.298346083856734 0
856 1.595959662987888 0.1961231642096227 0
857 3.605592262471806 -4.096200387715316 0
858 1.459953454821805 2.354697000808237 0
859 4.379891018798554 -2.375028719668256 0
860 -4.311427486967462 -4.661478971951501 0
861 -1.598446106838885 2.657237753623249 0
862 -2.75474189377489 -1.535084564059285 0
863 2.735009033662283 0.1604981228633684 0
864 -4.129289368292459 -3.497509962786104 0
865 -5.306576718519764 -0.7183946269422974 0
866 2.114195758354699 5.835976112829894 0
867 -2.57398811346375 0.5610078274846967 0
868 4.675593824708688 -0.1920902241763132 0
869 -1.697836140901413 -5.114313294310902 0
870 8.210269956041547 5.397964112431654 0
871 9.105584193591246 -0.5597105096713468 0
872 6.635753490299813 4.480570737726414 0
873 1.615961481895197 -1.281920522782798 0
874 -5.669305945721792 2.41479749133987 0
875 -2.152159580581867 -2.192535617629447 0
876 0.3994180028230248 -2.53492994470849 0
877 -4.049394288609705 2.61145596828111 0
878 6.510594091392979 8.145680080775783 0
879 2.098095508931688 -2.29264307517646 0
880 1.243085814176911 -2.41294011459596 0
881 -1.330230974804713 -1.030286849505782 0
882 0.6440503454156551 3.305991793353234 0
883 1.380124396988106 -1.007214172309294 0
884 -1.31780249457373 4.977718965633534 0
885 -0.3401726814588555 -1.695852175543244 0
886 6.071832425090983 1.800458539865825 0
887 7.524588301403515 -3.985666201084852 0
888 -2.203811460050091 1.217417374856221 0
889 -4.180902518698185 -7.495668626049781 0
890 -6.392807739625147 -5.419970738284164 0
891 2.502703684347499 0.5158226875578835 0
892 3.099602613995415 2.326913859078784 0
893 5.362791313328018 -1.638649429252919 0
894 -0.5750217939485283 1.371407273912408 0
895 1.702191540410537 -0.3238547079154167 0
896 4.072842691837408 1.209742565715453 0
897 -1.199966752846881 -7.863470088295131 0
898 1.555988487010413 -0.6552992383646123 0
899 3.578013534216491 5.799465888169618 0
900 -3.859855479541088 5.643032014169015 0
901 2.591824506978079 1.001499703238235 0
902 0.3330273950347505 1.404803629894064 0
903 -1.223211236941123 -2.920456554925662 0
904 0.3841979191534463 4.27853028608488 0
905 -4.684851785220828 -8.324327699952335 0
906 2.102230043604974 1.081231808732597 0
907 6.152481182516542 -1.46451019784311 0
908 -4.822887530014471 2.415251305526676 0
909 -6.062838501621883 3.043276068444816 0
910 0.02258775505785802 1.746204669146249 0
911 0.70991242349505 8.38689044157675 0
912 -7.281405910519175 -5.455502837648142 0
913 7.245805169247453 1.400406515652982 0
914 5.919966399468 3.050302447239434 0
915 0.9294775517105557 -1.449437398513833 0
916 2.849829372586684 4.761521461515073 0
917 1.918530659480481 -2.721842450378549 0
918 -8.248547995130481 -4.330179778289217 0
919 -8.223791509603124 -5.36781405513464 0
920 4.458975282240356 -7.399932992609503 0
921 0.1559094295775612 -1.585984291413898 0
922 2.963712536483904 -0.2196816593341468 0
923 -1.417507647322563 8.474366886379581 0
924 -8.270912932227851 3.476413849033394 0
925 -2.13108317507292 9.202266380018283 0
926 7.835959258486326 0.8679980744689231 0
927 -9.283607448968764 -7.203197386479102 0
928 6.537783712510103 -6.403233044725988 0
929 -2.186194773195933 3.703121486395541 0
930 -4.738595092632888 8.473600026867645 0
931 -1.540711653846603 -0.7187461422523445 0
932 -3.221869046375165 9.262610234443896 0
933 -3.843573558993751 8.460228341747815 0
934 -9.148872144179837 2.941184735052446 0
935 -5.577765658691315 -1.275395531115989 0
936 3.353516855488734 1.943987761967716 0
937 -4.895171911679159 4.886033421622246 0
938 0.02188125870817661 -2.534977446654597 0
939 -0.07415169597649933 -9.262289465267482 0
940 -8.434587666311067 -1.017679220087236 0
941 -6.865143485948527 3.088552719125947 0
942 0.8631798336624549 -8.307944785713223 0
943 -0.4752357047950821 -3.041904368596632 0
944 -0.3734002036390028 2.274768836561484 0
945 7.360792167655039 9.336389732000091 0
946 -8.293566379804826 5.261080018404725 0
947 -8.351036061436572 6.834032541953268 0
948 -9.17061865112248 -2.985493896337264 0
949 -9.228940171216916 -9.207591880002031 0
950 -2.442286499912342 1.520146202966932 0
951 -7.540862382940543 0.4403000556922526 0
952 -0.3261779891474763 1.314388213108904 0
953 -9.266995067513365 9.244172769000718 0
954 7.976174311536368 -8.428179765120232 0
955 9.248320043349135 -9.24875154680689 0
956 -2.981976945173853 0.6091251450444959 0
957 8.420929739036843 0.2274100493366332 0
958 8.712941043610893 1.111798440295941 0
959 6.682260543976582 -5.611121326874696 0
960 8.265567692745382 6.234030171105878 0
961 4.189122633422906 8.263272556417204 0
962 4.99254583693573 -0.6615218592452039 0
963 -2.666749427734236 1.083292170941496 0
964 -1.282284921292973 1.03125490528312 0
965 -0.7062883279539763 -8.498379365577859 0
966 -1.641922317395479 2.324193919223168 0
967 -1.225505748753938 2.803879763422591 0
968 9.265655308820467 9.248403437909765 0
969 -5.888785834228163 -7.508215609892316 0
970 -1.516911589673315 -0.222307977699566 0
971 -0.7695457481366119 7.031247582524388 0
972 1.17197765473192 2.589709764393014 0
973 3.108603665081545 -0.5915377252309532 0
974 -1.500368229875718 -8.588763489390486 0
975 6.524557674169645 -8.360455447432221 0
976 1.764268483776971 -0.05163974190156304 0
977 6.6907462910722 1.855058890959861 0
978 -2.088588164485481 -2.97816224201847 0
979 0.7158715098057725 4.010021854137119 0
980 1.957214515996279 -1.219276650546233 0
981 -3.207406997015401 0.1883571759920158 0
982 4.079944269612992 -8.077326602754185 0
983 -1.143737300334163 1.267600387793512 0
984 -0.02664160437737172 4.061694120640553 0
985 -1.046135352296513 5.55608328100899 0
986 4.805726781045842 8.480328885061969 0
987 -2.497406330537374 -2.367646715909349 0
988 -9.203949252598738 -2.328088025290767 0
989 -0.6024582077554835 8.561896641463015 0
990 2.881323623061363 -1.00068434409523 0
991 -1.646684699724026 -0.4376984293185767 0
992 -5.66304304746957 5.724632650687472 0
993 1.524423886126666 -2.722251545450416 0
994 -1.793947155054059 -9.315275912078954 0
995 -0.1477613298917045 1.493004980304929 0
996 -2.806669052727161 -1.985405312945232 0
997 6.521307643230264 -2.048648104163868 0
998 0.6224463564628739 -1.551833743639381 0
999 8.33910195588472 -3.721931206514126 0
1000 8.510070235191845 -1.257665609853439 0
1001 6.779744078344609 5.258071495529321 0
1002 1.049587820563693 -5.238749920968711 0
1003 -0.6115636816336349 -5.535401651796604 0
1004 4.908400861144427 1.45872934388447 0
1005 -1.397804447438303 -5.460425562235158 0
1006 2.525411449041982 -2.210739970609179 0
1007 -5.518795622727146 8.4862992876183 0
1008 -1.954827916814561 4.17311480471776 0
1009 4.051851392412421 -3.975800149545744 0
1010 0.953858337868284 7.367317815020112 0
1011 1.388347428287277 7.639489413143814 0
1012 1.095816233724316 7.898190966623677 0
1013 -7.063394805033981 -9.45496623781122 0
1014 -7.589710594506792 -9.45496623781122 0
1015 2.089390180454156 6.543853370494949 0
1016 2.285752011322022 7.00763932958319 0
1017 1.87542465939046 6.913301330243049 0
1018 9.456314935916001 1.538266660048964 0
1019 8.81278545772145 1.538610324641823 0
1020 9.356470521805447 1.111454775703082 0
1021 7.531871582560588 -1.946271750186576 0
1022 7.365766238521076 -1.491785420325263 0
1023 7.1049604605577 -1.981706474236996 0
1024 -6.613710709747807 6.215658282063313 0
1025 -6.787718995060746 5.709930336072106 0
1026 -6.318877900915536 5.759344280389345 0
1027 -3.457713634027838 -1.503963072782401 0
1028 -3.166107454950506 -1.470086493985615 0
1029 -3.368989063603646 -1.181690994205643 0
1030 -4.549405826143644 2.24724377687718 0
1031 -4.728761188752327 2.01763960353442 0
1032 -4.4552794848815 1.849632074884924 0
1033 -1.096695666097455 7.019653367194523 0
1034 -0.8040657739857696 7.431406585724847 0
1035 -1.131215691946613 7.419812370394981 0
1036 -0.555986468016909 -1.525980039800593 0
1037 -0.5648882335771029 -1.329704368398183 0
1038 -0.7191152769796647 -1.449751133852345 0
1039 4.335958722270956 6.495900857160104 0
1040 3.945937709871729 6.762992844766572 0
1041 3.836038926437105 6.35560104468086 0
1042 4.70673460064636 1.921317526053636 0
1043 4.675255347010156 1.535965077816414 0
1044 4.939880114780632 1.844081792121692 0
1045 -5.785976131454076 -1.755733602712318 0
1046 -5.968745774549406 -2.078572941220397 0
1047 -5.528528253812712 -2.166326586763743 0
1048 -0.522551193604178 1.246012428570416 0
1049 -0.6483515011336904 1.200054940884772 0
1050 -0.5958809007893402 1.07466009554278 0
1051 -6.726437476330295 2.15441560787084 0
1052 -7.021765306011334 2.600049305345664 0
1053 -7.227902550036879 2.271294261819385 0
1054 4.043032596307706 1.974322193885986 0
1055 3.969248636654141 2.276448310015885 0
1056 3.734250454758392 1.981762788639107 0
1057 -6.849433194907581 9.021524170429846 0
1058 -7.222233866890488 8.524855311355758 0
1059 -6.668065815029392 8.507670616426331 0
1060 4.125072123643921 1.646418742128783 0
1061 4.360070305539669 1.941104263505562 0
1062 -4.301679132689796 -3.951557881123756 0
1063 -4.517593305747791 -4.242218533117387 0
1064 -4.095513313909467 -4.370818319957871 0
1065 -1.518771719952477 1.81042151955585 0
1066 -1.662874840476593 2.027589658962758 0
1067 -1.763122350032107 1.843645868531433 0
1068 0.7065103389895506 -1.132788696065036 0
1069 0.8594697463246028 -1.172447808704295 0
1070 0.8730745064785992 -1.027196682391851 0
1071 -8.704905845139844 2.158688970902355 0
1072 -8.785322102116766 2.765306082770247 0
1073 -9.068455887202916 2.334567623184553 0
1074 -1.60195596829812 7.3684462917671 0
1075 -1.309326076186435 7.780199510297424 0
1076 -1.930345680199753 -3.198153701848182 0
1077 -1.815152855263979 -3.435215344361847 0
1078 -1.591038474784362 -3.227464049419401 0
1079 -8.545551141721837 4.179948401542327 0
1080 -8.541211743596843 4.682195564454556 0
1081 -9.057704235623447 4.452206821474051 0
1082 2.932329207982899 5.211233212679778 0
1083 3.11515026320895 5.527717699272818 0
1084 2.72531254444623 5.600105117983789 0
1085 -3.695920006018306 -0.6569682109488331 0
1086 -3.51621208212058 -0.3520892909406131 0
1087 -3.819611868938333 -0.3582500265264824 0
1088 -1.188867565158552 -0.3046414738343246 0
1089 -1.327494632594472 -0.3023509695188745 0
1090 -1.261968065547098 -0.4661284354238596 0
1091 9.456314935916001 2.093822215603053 0
1092 1.659088011344785 7.242851775435769 0
1093 1.46272618047692 6.779065816347528 0
1094 0.7136109401646051 -0.8473221754700123 0
1095 0.8380340848127394 -0.8659012411807769 0
1096 0.8315299258337975 -0.7256858468981964 0
1097 -4.97565157618198 1.682147916155908 0
1098 -5.069777917444124 2.079759618148165 0
1099 -6.566192497828366 8.001274476513668 0
1100 -6.193391825845459 8.497943335587756 0
1101 0.1962310940537617 -1.110918554763078 0
1102 0.2928471969419385 -1.195068211597388 0
1103 0.355435147987665 -1.050075483124191 0
1104 8.225570297848828 8.470431616640688 0
1105 7.840728807215006 8.79826747777212 0
1106 7.733280969911767 8.19483312802255 0
1107 -1.639378077209217 -3.738152364689787 0
1108 -1.978685282624608 -3.708842017118568 0
1109 -8.427178697211669 1.777096716268823 0
1110 -8.144044912125519 2.207835175854517 0
1111 -0.714393994752258 0.8679046945222837 0
1112 -0.8390967116039734 0.8867573691709343 0
1113 -0.8318094980373787 0.7259594558360825 0
1114 7.765561692084916 -2.324630926615036 0
1115 8.026367470048292 -1.834709872703303 0
1116 -9.494019815112997 1.975086366771158 0
1117 -9.574436072089918 2.581703478639051 0
1118 4.624695073310146 2.249220977810839 0
1119 -0.8306860883734326 -3.086233399821307 0
1120 -1.001309698556024 -2.853617405827164 0
1121 -1.052587626758531 -3.153072548919805 0
1122 -7.76238542685738 8.489269797491662 0
1123 -7.581018046979191 7.975416243488148 0
1124 0.7075105491987456 1.357621248691149 0
1125 0.5375777583646468 1.311756438473225 0
1126 0.6504533115420585 1.194987891538991 0
1127 -8.407582064389892 -8.106022578293537 0
1128 -8.107404388394713 -7.568806410255348 0
1129 -8.699189109387312 -7.681510029748233 0
1130 -0.8914240331822072 -1.298386811671318 0
1131 -0.8825222676220132 -1.494662483073729 0
1132 -1.391150132576284 0.1601767857853985 0
1133 -1.408556544842297 -0.005651677332246502 0
1134 -1.236987719939913 0.0249644551883054 0
1135 7.264311677808836 -5.480183045325397 0
1136 7.717254909546511 -5.784905835877406 0
1137 7.687040131453324 -5.232919501422909 0
1138 -3.801544157516103 -1.511634123255261 0
1139 -3.598662548862963 -1.800029623035234 0
1140 6.018681635705594 3.594435795682426 0
1141 6.152199381622852 3.938669799498342 0
1142 5.715021530173285 3.977387353071175 0
1143 -6.876680762881096 -2.113357153175224 0
1144 -7.367344974298904 -2.133112023265282 0
1145 -7.060751161446702 -2.521894026424794 0
1146 -1.982751354723633 1.839707979583102 0
1147 -1.838648234199517 1.622539840176195 0
1148 -7.787645247646166 -8.957783498034093 0
1149 -8.092671495242286 -9.502817260222871 0
1150 -1.110159979247729 -0.1998415265150657 0
1151 -1.044633412200354 -0.3636189924200508 0
1152 5.813033016235852 9.080909570301937 0
1153 5.421155621922846 8.618877965256011 0
1154 5.974711511834322 8.586426268082917 0
1155 -2.61344200630854 2.327607485796727 0
1156 -2.287243447988374 2.313586884821359 0
1157 -2.431926283666847 2.617696001006114 0
1158 1.241044213043116 3.149733820376797 0
1159 1.23252845009427 3.480140313310235 0
1160 0.9984068683197607 3.328992278757559 0
1161 -3.982371418444837 -0.08071178696159158 0
1162 -4.162079342342563 -0.3855907069698115 0
1163 4.46622429342886 -2.968957716418425 0
1164 4.307767902352243 -3.351691457197481 0
1165 4.659717304302055 -3.342488539256822 0
1166 -8.581283905019156 1.349287695278722 0
1167 -8.020422972004832 1.398433900230884 0
1168 2.639509261093342 -2.836646047340468 0
1169 2.31265713735621 -2.880855730532514 0
1170 2.504350306854799 -3.105075999849166 0
1171 0.7835716751505615 1.098665361708849 0
1172 0.6136388843164627 1.052800551490926 0
1173 -1.885478476502685 -1.011816359580856 0
1174 -1.789305340767883 -0.800658804645086 0
1175 -1.997122092554911 -0.8076246201115611 0
1176 -7.913212453094975 9.066189244216083 0
1177 -8.271996633183676 8.516750176348475 0
1178 8.02214927754304 6.545291739777312 0
1179 8.606510840692222 6.680670062239712 0
1180 8.36309242548988 6.991931630911147 0
1181 0.8111915652730549 -1.363738610445657 0
1182 0.9777557327621036 -1.258146596772472 0
1183 -2.167356974200039 8.799414572864723 0
1184 -2.553565578702199 8.854508093087821 0
1185 -2.589839377829318 8.451656285934259 0
1186 8.717431275066478 8.703420267537471 0
1187 8.609983437763237 8.099985917787901 0
1188 1.801045907200816 7.773724927039334 0
1189 -5.997586370946207 -8.634545881137669 0
1190 -6.214137238586057 -8.077273200195137 0
1191 -6.514916413239337 -8.466560881427972 0
1192 -0.6785998606855109 -3.21379645575529 0
1193 -0.6273219324830037 -2.914341312662649 0
1194 1.085623006548205 6.66672273198086 0
1195 0.8265305165013064 6.949434777501454 0
1196 0.6657639906182662 6.507541247942065 0
1197 -6.077964616849023 5.489124492542805 0
1198 -5.903956331536083 5.994852438534012 0
1199 3.764391212182856 -8.641855942486146 0
1200 3.212402092415831 -8.701160381890881 0
1201 3.597764905997451 -9.072709205539313 0
1202 -2.507371916527541 0.9763252076690477 0
1203 -2.620368770598993 0.8221499992130963 0
1204 -2.460991259392297 0.7151830359406481 0
1205 2.041225478911457 -1.080010550883208 0
1206 2.198512008969074 -1.30772113397414 0
1207 2.282522971884252 -1.168455034311114 0
1208 -7.287403090774218 5.68470459955505 0
1209 -6.99257028194195 5.228390597881083 0
1210 1.327428278929271 0.3175999020565142 0
1211 1.417024405279417 0.1796667193926565 0
1212 1.506363536637742 0.3340563468734804 0
1213 0.07357248566514599 2.022815738370753 0
1214 -0.06919383922435715 1.875685855854412 0
1215 0.1653540799473612 1.89333455166259 0
1216 0.178950601632477 -3.141396933940389 0
1217 -0.1187014136450483 -3.168123388681196 0
1218 0.01255755017549337 -3.388194005316338 0
1219 1.541453862200673 0.0530055057719498 0
1220 1.362518604492202 0.03654906095498361 0
1221 5.257291860054849 -1.038961391356373 0
1222 5.119371038711212 -1.415487835065386 0
1223 5.500712134671655 -1.262122985543905 0
1224 0.5406386186784807 9.097513731863138 0
1225 0.358025383313587 8.733560060943441 0
1226 0.8925256588599438 8.750844112496447 0
1227 -8.16131251475003 4.835508581463779 0
1228 -8.67346560865164 5.107767001395502 0
1229 -1.539815273575992 -0.04637366221735971 0
1230 -1.385652860939621 -0.1815859928144528 0
1231 4.146969070721382 7.201410943008181 0
1232 3.647049274887531 7.061111130528937 0
1233 3.642790382233333 9.084529792078396 0
1234 3.274883927586022 8.6773291852877 0
1235 3.820839038947948 8.648900513712062 0
1236 -2.187992320593144 2.042156188775157 0
1237 -2.006476597951453 2.332244703984544 0
1238 4.175673501706775 -3.635765953214742 0
1239 3.982180490833581 -3.262235130376345 0
1240 1.21975264100937 -0.002261059155973175 0
1241 1.344182097930626 -0.1289222727766799 0
1242 2.139666129780492 -5.180185801182622 0
1243 1.724738546491476 -5.1995060266492 0
1244 1.898376390294678 -5.517551044152976 0
1245 2.306956645370208 6.237083741332492 0
1246 2.51116467901349 5.876282858703362 0
1247 2.703925566029 6.27739048720596 0
1248 2.20545327082379 1.250381238288997 0
1249 2.347027275291527 1.041365755985416 0
1250 2.450250502510342 1.210515185541816 0
1251 0.2688819792038977 -1.34394938235226 0
1252 0.428086033137801 -1.283106310713374 0
1253 -7.937158458232092 -4.550529185469081 0
1254 -8.236169752366802 -4.848996916711929 0
1255 -7.924780215468414 -5.069346323891793 0
1256 0.7182589196990047 -2.696298804228467 0
1257 0.8716691114975962 -2.869767225148985 0
1258 0.983257445979582 -2.658622569954632 0
1259 2.431692464146086 0.8949218374879797 0
1260 2.186895232459534 0.9347878902351607 0
1261 -5.889396076865204 7.540931980841709 0
1262 -6.357244487359063 7.547483929172141 0
1263 -6.155122055579836 7.096868714338756 0
1264 1.178015426196537 0.3183845895939775 0
1265 1.267354557554861 0.4727742170748014 0
1266 -4.004444254571966 -3.788833815375172 0
1267 -4.42652424641029 -3.660234028534688 0
1268 -1.352358762023208 -1.72639014099049 0
1269 -1.284216430114651 -1.530580920793311 0
1270 -1.496067862098531 -1.55220956120443 0
1271 -7.812754520373486 -2.950536808824781 0
1272 -7.50826724787014 -3.311337981421447 0
1273 -7.246928100361163 -2.902450069111519 0
1274 -6.692721859126639 2.785861685261533 0
1275 -7.194186932833222 2.902740339210078 0
1276 3.512015724127185 6.211079460228474 0
1277 3.902036736526411 5.943987472622005 0
1278 0.9909934921477916 -0.9055603538200354 0
1279 0.3619752635510329 8.277655867456856 0
1280 0.01008822336956988 8.624325486823547 0
1281 -2.676476110724042 9.232438307231089 0
1282 -3.098958514353321 8.884680020300628 0
1283 8.532788224592325 7.497153610132333 0
1284 7.948426661443143 7.361775287669932 0
1285 -1.173274627150461 -1.02367390007184 0
1286 -1.192530999314634 -1.186792505199242 0
1287 -1.035574651660382 -1.180179555765301 0
1288 0.7866735846119296 -3.563230818983785 0
1289 0.6182308786369722 -3.329821441490659 0
1290 0.4786522714279761 -3.594876928068657 0
1291 8.442903528629714 -3.029969878459877 0
1292 8.630960490313264 -2.5544704730726 0
1293 8.072000617889069 -2.68856845451904 0
1294 -0.7270646182568334 1.349235831809963 0
1295 -0.8003943254419956 1.177883498782327 0
1296 1.120108873819179 8.278626503162064 0
1297 0.6856197834001866 8.006454905038362 0
1298 -1.695829418638166 2.903511273318425 0
1299 -1.411975927796411 2.730558758522919 0
1300 -1.509359239595693 2.976832278218096 0
1301 2.480978958362587 -1.160811564619666 0
1302 2.32369242830497 -0.933100981528734 0
1303 1.402958435823864 -5.205266722902479 0
1304 1.644248175309678 -4.867901479932125 0
1305 -1.836451283066334 -0.3907212557226759 0
1306 -1.773816828272067 -0.5170827472471837 0
1307 -1.709319154518293 -0.3113369377940689 0
1308 -0.2137720334915734 -2.981615342950939 0
1309 -0.3801650849485571 -3.228412414326889 0
1310 -6.398140301109832 -2.085059556751855 0
1311 -6.140692423468469 -2.495652540803279 0
1312 3.821027608861772 8.252486231669286 0
1313 4.188934063509082 8.659686838459981 0
1314 8.111522806045119 -3.442999533210222 0
1315 8.670482678469314 -3.308901551763781 0
1316 6.545806488727488 4.018144489918003 0
1317 6.242146383195178 4.401096047306753 0
1318 -0.53454768853172 4.548867866860887 0
1319 -0.4184460373134348 4.865117690912424 0
1320 -0.7876040325839806 4.81095347771476 0
1321 2.745819858783683 -1.413133458886944 0
1322 2.616046135722383 -1.646121867482298 0
1323 2.922056492564197 -1.663089708967196 0
1324 0.03466488324274149 -5.302247703995731 0
1325 0.2974226880186114 -5.605544197928981 0
1326 0.409398105121114 -5.278876209032777 0
1327 -8.654392664742412 -5.16882723662134 0
1328 -8.666770907506091 -4.650010098198628 0
1329 -2.483680068957268 -9.416314852141809 0
1330 -2.801770991682965 -8.924160169326369 0
1331 -2.949669870107502 -9.507845317184559 0
1332 1.896629293438647 6.142745741992352 0
1333 5.191284250242661 1.948916210354197 0
1334 5.159804996606456 1.563563762116976 0
1335 -6.704734113962034 -1.696277553592342 0
1336 6.891315488281352 -6.727756956860771 0
1337 6.427243943760853 -6.94540596738789 0
1338 6.780775719532102 -7.269929879522675 0
1339 -0.3382022319878351 4.319606480217737 0
1340 -0.707360227258381 4.265442267020072 0
1341 -3.004786959574794 -1.663721568310829 0
1342 -2.916062389150602 -1.341449489734071 0
1343 -6.756263888943356 -2.882695199021461 0
1344 -7.929854320626957 -0.5055735541769845 0
1345 -8.310738909907569 -0.5388869004218541 0
1346 -8.053703077030455 -0.9843658738423662 0
1347 -0.8778935694022086 1.028998547770294 0
1348 -0.9953090726873295 0.8870533090840931 0
1349 -1.492833580287336 0.6835275948740855 0
1350 -1.333281790743133 0.6202850058157294 0
1351 -1.404541485581181 0.8181595780291193 0
1352 6.958178721846116 -5.269659018872797 0
1353 6.988393499939303 -5.821645353327295 0
1354 5.002398804858361 -6.280927286252053 0
1355 5.287334822103754 -6.656438309033172 0
1356 5.454380828756186 -6.268447818097385 0
1357 1.13308566165198 -0.8946102161657831 0
1358 1.09804523998612 -0.7333147749547086 0
1359 3.916982276036292 -9.506702383067289 0
1360 3.364993156269268 -9.566006822472024 0
1361 8.174091887700595 -5.023088753577341 0
1362 7.721148655962917 -4.718365963025331 0
1363 6.046714104457147 8.135037371906387 0
1364 6.438591498770153 8.597068976952315 0
1365 -1.349528443394855 -3.192491123429364 0
1366 -1.178904833212264 -3.425107117423507 0
1367 8.385063907382232 -1.735367329492601 0
1368 8.151373797857904 -1.35700815306414 0
1369 -1.320577596561594 0.3382229704833231 0
1370 -1.492146421463978 0.3076068379627712 0
1371 -1.097669176931942 -1.524029830736037 0
1372 -1.241378277007265 -1.349849250949977 0
1373 -2.824363186454045 0.8462086579929959 0
1374 -2.777982529318801 0.5850664862645962 0
1375 2.387132052830796 0.652083329647804 0
1376 2.547264095662789 0.7586611953980592 0
1377 -7.00807581389493 -8.409610338053941 0
1378 -6.79152494625508 -8.966883018996473 0
1379 -2.263518204760554 1.821050160419918 0
1380 0.1558541801245884 2.198297145057867 0
1381 -0.0786937390471299 2.18064844924969 0
1382 1.275029486596655 4.129485098715772 0
1383 1.002072436146714 3.999549609821632 0
1384 1.262848155820856 3.789334260585137 0
1385 -7.721508828504396 -0.1325482358705313 0
1386 -7.464472995627284 -0.5780272092910435 0
1387 -7.694774071957632 2.271585440257597 0
1388 -7.399446242276593 1.825951742782774 0
1389 -5.461762134704347 -1.559441389685826 0
1390 -5.901979655441043 -1.47168774414248 0
1391 -4.928465787268407 -4.210241700602976 0
1392 -4.722299968488078 -4.629502139437092 0
1393 3.450090230481055 5.469155841069213 0
1394 3.243073566944386 5.858027746373224 0
1395 -0.5251930964391631 -1.670939490399 0
1396 -0.3709660530366014 -1.550892724944838 0
1397 -1.458753361328167 -0.3430729544039877 0
1398 -0.5694796000151863 2.792435727371102 0
1399 -0.7778858587208743 2.679925071590047 0
1400 -0.5724317440634905 2.516766319183442 0
1401 2.751647720854321 0.7864310436969707 0
1402 2.707087309539031 0.543592535856795 0
1403 9.497235806897219 2.570345543742257 0
1404 8.953550742813221 2.441945537126909 0
1405 -8.841309441180449 -7.173745624094574 0
1406 -9.141487117175627 -7.710961792132762 0
1407 -0.2924985171234822 1.140157019699392 0
1408 -0.398129291203652 1.217502898168664 0
1409 -0.364449819179658 1.043271704759153 0
1410 -0.177330556410482 1.10585028869443 0
1411 -0.211010028434476 1.280081482103941 0
1412 1.103660292255673 0.7382542742111828 0
1413 1.144605668511531 0.8763365071673717 0
1414 0.9990101951853527 0.8731051221703829 0
1415 0.1714899870874519 -3.622987509164888 0
1416 -0.1261620281900734 -3.649713963905695 0
1417 -1.597714006869104 0.5060722471563789 0
1418 -1.668973701707152 0.7039468193697687 0
1419 -1.897409732102809 -2.984282324462103 0
1420 -2.121524112582426 -3.192033619404549 0
1421 -1.60918668928113 -0.8617983431833628 0
1422 -1.720830305333356 -0.6576066037140675 0
1423 -0.9253604207293991 -1.675394152917064 0
1424 -0.4114503348073388 -2.855478757677452 0
1425 -0.1499866635038301 -2.795189732031759 0
1426 -3.475985659579438 -9.507845317184559 0
1427 0.4883325722662958 -1.684057395620943 0
1428 0.5132835859313171 -1.491910612553814 0
1429 0.3791698017347389 -1.624134264535376 0
1430 6.138550279255842 -6.523595942802245 0
1431 6.028010510506592 -7.065768865464149 0
1432 -2.025099278942702 -0.4052067328933673 0
1433 -1.960601605188927 -0.1994609234402524 0
1434 -6.570235404378389 -9.511916781185253 0
1435 -1.170025973385415 0.3339006958159751 0
1436 -1.271022262273109 0.4813307479933479 0
1437 -1.5092293573552 3.240715244447499 0
1438 -1.225375866513445 3.067762729651994 0
1439 0.8169707253932847 3.482695282522116 0
1440 0.8254864883421309 3.152288789588678 0
1441 2.369365600983043 -3.399326812155318 0
1442 2.696217724720175 -3.355117128963272 0
1443 8.694103874197781 -1.9568760349757 0
1444 9.065006784938426 -2.298277458916536 0
1445 -1.139547813261271 0.8921057383271082 0
1446 -1.100750955463035 0.749864559727748 0
1447 1.310130903239207 -0.8647894048048751 0
1448 1.46805644199926 -0.8312567053369532 0
1449 1.39806294825036 -0.6888319378325343 0
1450 -1.025178948621794 1.462178992496841 0
1451 -0.8159376421591851 1.487649764765489 0
1452 -0.9620091482158403 1.622764367554812 0
1453 -7.134749504040224 -3.642507101251556 0
1454 -7.700575924052547 -3.690593840964818 0
1455 -8.571839568906409 -3.628480615843743 0
1456 -8.62235615950247 -3.172459308735986 0
1457 -9.120102060526417 -3.44151520344502 0
1458 9.497235806897219 3.125901099296192 0
1459 6.72332426568882 -1.159790465408112 0
1460 7.133691666835048 -1.117515056341695 0
1461 6.918160816005681 -0.7500853773741236 0
1462 -7.972501219885805 2.653177694891129 0
1463 -7.897071655972884 3.096670904163801 0
1464 -8.346342496140771 3.032920639760722 0
1465 -1.000219731713254 2.879737121600149 0
1466 -1.003171875761558 2.604067713412489 0
1467 1.301959654593879 6.33717228678814 0
1468 0.7664613885189724 -3.102809395914304 0
1469 0.4584400753350188 -3.134455504999176 0
1470 5.315589396475511 -0.7735592005400477 0
1471 4.934248300515068 -0.9269240500615289 0
1472 -2.310749275668703 -3.723180056668046 0
1473 -2.134974497613941 -4.026117076995986 0
1474 0.2800151224886607 -1.508985886441072 0
1475 0.2550641088236394 -1.701132669508202 0
1476 -2.223306584918676 -0.8234874352036865 0
1477 -2.127133449183874 -0.6123298802679162 0
1478 5.75763624792228 -1.551579813548014 0
1479 5.895557069265918 -1.175053369839 0
1480 5.870530589206934 -6.207939395571211 0
1481 5.585594571961541 -5.832428372790092 0
1482 0.709518923921737 -5.239442642626945 0
1483 0.446761119145867 -4.936146148693696 0
1484 8.94785104757359 0.7802368324561844 0
1485 9.591380525768145 0.7798931678633255 0
1486 -8.618987284716559 -9.502817260222871 0
1487 -0.8758093520216645 -0.9876574776500189 0
1488 -0.8721676610180338 -1.135268206543916 0
1489 -0.7316587335434894 -1.105864733556037 0
1490 -9.03345738100548 1.129164025787207 0
1491 -8.626701655798641 0.7505012097492687 0
1492 8.819110202007394 -1.479174315336537 0
1493 2.526623105199499 -1.894514073068638 0
1494 2.350386471418985 -1.644557822988387 0
1495 2.660566562501615 -1.198424980748638 0
1496 2.701736018922334 -0.963070927966258 0
1497 -0.2821778112346981 -8.49757237756004 0
1498 -0.3902200119652378 -8.88033441542267 0
1499 0.03389050475404041 -8.879527427404852 0
1500 -0.5522284103022702 -9.23660795425188 0
1501 -0.8682967262910086 -8.854652904407068 0
1502 -8.644986466882076 -8.612180359116081 0
1503 -8.053201745889478 -8.499476739623198 0
1504 -3.821902484187548 0.206211689975612 0
1505 -4.164369957591778 0.1788710095322829 0
1506 1.303539315868487 0.892109260703188 0
1507 1.198889218798167 1.026960108662388 0
1508 9.564075084411471 -1.961452621522646 0
1509 9.500931700526955 -2.559047059619546 0
1510 -1.759333780140717 0.1494798777853156 0
1511 -1.668286542883794 0.3280260624584543 0
1512 -1.864901365545843 0.3479452869789233 0
1513 3.402719259246568 -0.6269477504037692 0
1514 3.593636081244111 -0.8574223315779412 0
1515 3.676477586116278 -0.5714545569656224 0
1516 0.0455787791745984 -1.738208616167063 0
1517 0.02654509171736152 -1.546606804717002 0
1518 -0.08378555868560129 -1.698831129470167 0
1519 -0.5956169863003925 -1.184292656403661 0
1520 -0.4324881773376368 -1.260521562351909 0
1521 -0.2543776390919554 1.575622705397441 0
1522 -0.06258678741692322 1.619604824725589 0
1523 -0.1692030966171742 1.702222549818101 0
1524 2.966576919343431 -1.215392822233536 0
1525 3.155610873764716 0.5989331242102959 0
1526 3.05542964806326 0.3588313281603907 0
1527 3.299569587097412 0.3864020682149801 0
1528 -5.449226497661989 7.464777310925052 0
1529 -5.651348929441217 7.915392525758437 0
1530 -1.100139014056025 -0.7362946487558124 0
1531 -1.129485117918118 -0.8774070451208084 0
1532 -0.9869721756341164 -0.8759485542729022 0
1533 2.488291282509371 3.388821135774289 0
1534 2.27206404587697 3.59023208634484 0
1535 2.198930123138352 3.320213054871812 0
1536 -4.036412011240106 8.819546525411774 0
1537 -3.532721302684458 8.861419288095856 0
1538 -3.725559754930813 9.220737471759815 0
1539 0.2662270663123029 9.540114840155066 0
1540 0.8007273418586598 9.557398891708072 0
1541 0.8650626383641429 4.174861151044693 0
1542 0.8528813075883435 3.834710312914058 0
1543 -2.704953225634797 -0.8616016660898619 0
1544 -2.457853066052882 -0.8492560149531629 0
1545 -2.600418101129555 -0.6405383464967407 0
1546 7.560602788837937 -1.082080332291274 0
1547 1.03145991479955 -3.065133161640468 0
1548 -9.539437565892481 0.8207443256854189 0
1549 -9.494019815112997 1.419530811214872 0
1550 -3.248289330448283 -0.435214620362656 0
1551 -3.37198119336831 -0.1364964359403054 0
1552 1.945882890348244 3.248388490511386 0
1553 2.162110126980645 3.046977539940835 0
1554 1.505485500544211 3.610075802204376 0
1555 -8.849427895355298 -2.741987070733307 0
1556 -8.30116540373529 -2.92895248313203 0
1557 -1.379078252497344 -1.193343595256516 0
1558 -2.266921257078141 -2.741181207344798 0
1559 -2.246109897339285 -2.484638230871501 0
1560 -2.518217690276229 -2.624189692382646 0
1561 -1.863951106057663 -0.007788171981888234 0
1562 -2.05259910193403 -0.02227364915257958 0
1563 -5.638959770636901 5.390895835613497 0
1564 -6.053881340016354 5.155387677468831 0
1565 0.518019430146609 2.104080732395303 0
1566 0.484681286118409 1.922394347532816 0
1567 0.6945803114281537 1.98601064574919 0
1568 5.204586366128644 -2.897083229952885 0
1569 5.055498353729206 -3.282853810295332 0
1570 5.441911024479177 -3.220182241770452 0
1571 -3.409810770662615 8.483489073952587 0
1572 1.25400051477297 -0.4295906761394121 0
1573 1.176669472847774 -0.5939487793999856 0
1574 1.317468451415505 -0.5580065340398828 0
1575 -3.41437874898736 -2.080903033380531 0
1576 -3.758209272475625 -2.088574083853391 0
1577 -1.157493877506306 1.432446991539838 0
1578 -1.011422371449651 1.297332388750515 0
1579 -1.013567533272581 2.382457648999492 0
1580 -1.23590140626496 2.582269699009594 0
1581 -1.586714002587423 9.197199710192377 0
1582 -1.774295411197742 8.838316633198932 0
1583 -1.229926238712245 8.833249963373026 0
1584 -1.962288014728495 -1.203414329084397 0
1585 -1.754471262941468 -1.196448513617922 0
1586 9.009614515454775 6.582592994456927 0
1587 8.668671367507933 6.135953103323093 0
1588 -2.327841709423919 -1.044550754796808 0
1589 1.09706657409018 -3.53364781594188 0
1590 0.9574879668811842 -3.798703302519878 0
1591 2.183173375537617 -2.667134114201183 0
1592 2.048014421299075 -2.935564066709881 0
1593 -8.641669801398848 5.666174906451339 0
1594 -8.141829235073129 5.650585647532472 0
1595 -8.48993265666715 6.055680535579087 0
1596 -2.251283771306468 -0.4210695479854928 0
1597 3.390522898598542 9.556479231827016 0
1598 3.936478009960468 9.52805056025138 0
1599 9.015419439073373 -7.750321996051181 0
1600 8.567865771432352 -7.39665835262357 0
1601 8.535092086148667 -7.966999002995205 0
1602 -8.578987484278855 -1.689816964479006 0
1603 -8.798721857295906 -2.060437431196522 0
1604 -8.308502766571063 -2.127859778411834 0
1605 4.114849147688734 -8.545365684444381 0
1606 3.729486334107114 -8.173816860795949 0
1607 -2.313808607250283 -2.929447455437207 0
1608 -2.041700814313339 -2.789895993926061 0
1609 0.4638311955280422 1.439596712759723 0
1610 0.4067739578713552 1.276963355607565 0
1611 -5.246096737868132 2.415024398433273 0
1612 -5.492987125297785 2.079532711054762 0
1613 -3.234951551863434 -0.8993109453859104 0
1614 -2.962450572618891 -0.9003492065211482 0
1615 -3.120019239956011 -0.6518457364982017 0
1616 9.053097022891045 4.453167893490561 0
1617 8.614394251340254 4.71408539385424 0
1618 8.601324520527282 4.18397025001434 0
1619 1.346770739813769 4.439809978329533 0
1620 1.607546459487911 4.229594629093039 0
1621 4.816092899493927 -4.803733296742813 0
1622 4.573473659920205 -4.46085135339154 0
1623 4.407257483091545 -4.864186854790923 0
1624 5.064073971580305 -5.147518820852204 0
1625 5.230290148408965 -4.744183319452821 0
1626 -8.666478282988148 3.713186753797608 0
1627 -8.149985790961543 3.943175496778113 0
1628 5.51814136991718 -7.050587514734369 0
1629 5.806835034422192 -7.472397539320013 0
1630 -0.153307310602884 -4.988491301766159 0
1631 -0.2652827277053865 -5.315159290662361 0
1632 1.302722109184073 8.642580174081761 0
1633 1.810440042174369 8.639676084996646 0
1634 1.582856827215134 9.111893694331028 0
1635 -2.775416087116466 2.053811522592672 0
1636 -2.92009892279494 2.357920638777427 0
1637 5.854014937446458 -3.151540218390316 0
1638 5.70492692504702 -3.537310798732763 0
1639 -8.703408517627439 -6.652627100412894 0
1640 -8.142771531981671 -6.695897677850511 0
1641 -8.447168616216977 -6.204230916553361 0
1642 0.5639216163841693 -8.803353785109902 0
1643 0.4558794156536295 -9.186115822972532 0
1644 -4.971011092111761 -8.719120454018842 0
1645 -5.190829490756878 -8.284792949928583 0
1646 -5.47698879764781 -8.679585703995091 0
1647 -9.021569030245661 5.512861889442116 0
1648 6.929516785335462 8.334174534964882 0
1649 6.857514192712637 8.785563431141412 0
1650 2.328343623787439 5.559798372110322 0
1651 -2.455522835271204 1.771822286289452 0
1652 -2.250281869401692 1.569374077097398 0
1653 -2.819885537542219 -1.109066874977571 0
1654 -5.379440393311065 -7.908164413026986 0
1655 -4.873462687775016 -7.947699163050737 0
1656 4.332949578371631 -4.123263595737764 0
1657 4.276556152818929 -3.850511214790811 0
1658 4.108244817965122 -4.248552530492697 0
1659 -3.268603769128887 -2.380933723825705 0
1660 -3.109057045516226 -2.092389263007547 0
1661 6.881075787426861 2.790801608617212 0
1662 6.87012727777347 3.289120652958785 0
1663 6.466807996808551 3.057399197768019 0
1664 -2.691221733976554 -3.174661758881464 0
1665 -2.875240060138609 -2.899214894694204 0
1666 -3.027432744100078 -3.193143984719724 0
1667 -6.831918476542997 7.557211210010716 0
1668 1.239950446373637 2.88960262624401 0
1669 1.474072028148147 3.040750660796686 0
1670 -1.007630628320021 -1.871943654252238 0
1671 -0.7924837190100926 -1.84257630658993 0
1672 -3.416583099953213 1.031607255923645 0
1673 -3.263906684248842 1.299819048593097 0
1674 -3.54518626684479 1.282083184738687 0
1675 -5.255024202741696 4.971596221080884 0
1676 -4.850436543125592 5.231684050948051 0
1677 -5.210288834188129 5.317246850406688 0
1678 0.610057549570804 -0.9267814867690753 0
1679 -0.5258860356058571 3.03507341374073 0
1680 -0.3204319209484733 2.871914661334126 0
1681 0.06682157150203871 -1.127955641618137 0
1682 -0.047921033858759 1.122887375549489 0
1683 0.5339993219383457 7.208136330981317 0
1684 -4.923373245780525 -4.967684733226346 0
1685 -5.340832136661392 -4.989642041458065 0
1686 -5.131032932433223 -5.359801467761731 0
1687 3.336476843325725 -1.394646768393644 0
1688 3.213015140564014 -1.672321082620673 0
1689 3.497661768264241 -1.636866550642475 0
1690 -0.5625947999932221 6.793348271098825 0
1691 -0.9448330607010648 6.640423182931226 0
1692 -0.737882112557675 6.402523871505662 0
1693 -2.964864925210299 1.818539851546038 0
1694 -2.658208008723899 1.788226698565337 0
1695 1.728934340661788 3.411252930185918 0
1696 1.759254046388373 3.72044687746082 0
1697 -0.556880895022719 1.653237785156706 0
1698 -0.4649202078338646 1.822244237881775 0
1699 -0.6608071545643772 1.817241592548528 0
1700 -1.973782389873308 4.52422889449714 0
1701 -1.731670861698228 4.258207608964542 0
1702 -1.750625334756975 4.609321698743922 0
1703 -3.526557730940766 -0.9331875241826963 0
1704 -3.829957517758519 -0.9393482597685656 0
1705 -7.840912123736142 3.552217289530689 0
1706 -7.467070847481175 3.172474344661097 0
1707 -1.428835146094402 -1.925731890358037 0
1708 -1.216983714110522 -1.904103249946918 0
1709 -1.629603165678626 -1.372223412064357 0
1710 -1.552793627452816 -1.180625442560816 0
1711 1.722846640840801 -3.443452600676611 0
1712 1.406731020166123 -3.473642203486702 0
1713 1.583996577034113 -3.738930696667882 0
1714 0.3399326930624093 -3.856396886658014 0
1715 -2.480247447611214 -0.4290197590335669 0
1716 -2.378213277370042 -0.2218966116590179 0
1717 -0.6108406041584569 0.9473640058213468 0
1718 -4.571446745287297 5.942208214369458 0
1719 -4.332778327056556 5.610183347221435 0
1720 -4.098523897771829 5.975056881317037 0
1721 5.066159346019354 -7.063066982889037 0
1722 7.354615823466492 8.929529360577035 0
1723 6.863690536901183 9.192423802564468 0
1724 2.038805190413229 -3.429013388449501 0
1725 2.230672608278605 -3.679054517563607 0
1726 4.483997629377184 1.25860369388728 0
1727 4.257476262356646 1.411471688731906 0
1728 4.299364058857946 1.056874570870827 0
1729 1.235916637896868 -3.238169719950609 0
1730 9.54265360972504 -4.197629112698534 0
1731 9.074996910508949 -4.481767266195106 0
1732 9.532343300783909 -4.72858259794347 0
1733 -1.697745497587183 -1.568032632261535 0
1734 3.470500612700177 -1.136053880715767 0
1735 3.744258939569886 -1.08056068727762 0
1736 -9.531021816874222 4.19720205150436 0
1737 -9.526682418749226 4.699449214416589 0
1738 -3.713643992370478 0.5022061216238038 0
1739 -3.560624821977814 0.7762445744236777 0
1740 -3.850881852941825 0.7398329392693603 0
1741 -2.751155557836419 -2.636576311154332 0
1742 -3.087366567959942 -2.655058536992593 0
1743 -1.127197066102963 -0.07043200396466978 0
1744 1.327043131331179 9.557398891708072 0
1745 1.834761064321475 9.554494802622957 0
1746 -3.392688271431077 -2.643572307365576 0
1747 9.533083376852009 4.713863740883235 0
1748 9.520013646039036 4.183748597043335 0
1749 -9.54249690994085 -4.707142431272024 0
1750 -9.077289644906028 -4.433688464330408 0
1751 -9.534792734965176 -4.170990477494392 0
1752 -3.985087806106325 -1.228298932651502 0
1753 -4.12603672094145 -1.524365482904335 0
1754 8.636443506889002 -4.760627983309902 0
1755 8.602334982379409 -5.275181521707481 0
1756 -0.4287382793332814 -3.673672064722435 0
1757 -0.5835292408389858 -3.400304501485547 0
1758 -0.7271730550702353 -3.659056106150836 0
1759 -8.759773159799288 -9.106613200223887 0
1760 -9.088154296134185 -9.603795940001016 0
1761 -3.531645453223538 0.2426233251299294 0
1762 -4.020792001073779 5.319876353106766 0
1763 -4.493714848589247 5.287027686159187 0
1764 -7.323721132867957 6.592037213418187 0
1765 -7.777491276092166 6.52896068287526 0
1766 -7.536321947117223 6.103167807203147 0
1767 -0.2898025112111092 -5.96746351597173 0
1768 -0.344437107746698 -5.58215867234427 0
1769 -0.5569290850980462 -5.920706495424064 0
1770 3.059794369752542 2.744880785281499 0
1771 3.150403624599926 2.997423633361996 0
1772 2.870771900971905 2.972997590126182 0
1773 -2.168719864228035 0.1642508877083289 0
1774 -2.265370363359299 -0.02742186375003536 0
1775 4.897041962652589 -3.665587551074388 0
1776 3.18585398499995 -1.171508412693965 0
1777 -0.8666552253864278 1.819903741948542 0
1778 -1.075896531849037 1.794432969679894 0
1779 -2.498937239308697 -3.437247922848806 0
1780 -2.655226454298029 -3.754522982726225 0
1781 4.741784994774012 -4.062810037689654 0
1782 -6.424002728845462 -0.8850198049292759 0
1783 -6.524207915708001 -1.299154552184194 0
1784 -6.125988465328231 -1.253845209914054 0
1785 3.469846928969477 0.1688011157454691 0
1786 3.342474562757346 -0.09733985181318769 0
1787 3.612933130330867 -0.07483900823279349 0
1788 3.620267763287863 -5.034264022882324 0
1789 4.009011515199889 -4.92540589404043 0
1790 3.775894491605797 -4.630163040281545 0
1791 -8.769577389793071 -0.7802243963352721 0
1792 -8.645728633389572 -0.3014320766698904 0
1793 -2.991480182087498 1.301149073648379 0
1794 -3.120083348979075 1.551625002463421 0
1795 -1.667336283395614 -0.02770739650235726 0
1796 8.646753815830134 -4.229674498064966 0
1797 2.753311829608587 -2.532931946657055 0
1798 2.945004999107176 -2.757152215973708 0
1799 6.886839897580492 3.759412175585758 0
1800 7.301107688198799 3.49281458643495 0
1801 -2.276042578709202 2.892383361091364 0
1802 -2.602241137029368 2.906403962066732 0
1803 1.639891840433528 -0.7960812205960304 0
1804 1.551959795422375 -0.9720386875683712 0
1805 -1.971504950751 0.5266589266956618 0
1806 -2.062552188007924 0.3481127420225231 0
1807 -2.212763051217932 -9.657637956039476 0
1808 -2.064864172793394 -9.073952808181286 0
1809 4.462793799432403 9.52805056025138 0
1810 4.724111309959818 9.084731193988894 0
1811 4.998159615796961 9.556680633737514 0
1812 -4.484770192771819 -9.550173267886709 0
1813 -4.744934339638393 -9.107129871929384 0
1814 -4.997006252136119 -9.556956604042675 0
1815 -3.750229536553645 -9.05801858507127 0
1816 -3.958454403299884 -9.550173267886709 0
1817 0.3260843353946765 1.860994387059579 0
1818 0.5026452166762212 1.742924300413466 0
1819 6.784849197526126 -9.076300330801963 0
1820 6.918067609472887 -8.698333354914695 0
1821 6.391339262222886 -8.738422423319491 0
1822 1.324627287345673 -1.674477286117023 0
1823 1.389726473870685 -1.489781289554255 0
1824 1.194565205686912 -1.527134243538879 0
1825 2.925545168562659 -2.174758116426422 0
1826 2.658847109272439 -2.053409044085864 0
1827 2.792109508332201 -2.332089042949737 0
1828 8.143884352306239 3.95226771441614 0
1829 8.582587123857031 3.691350214052462 0
1830 1.304110611089942 -5.900593392852024 0
1831 1.077802358451323 -5.55952198629279 0
1832 0.8984641625356034 -5.92324410952526 0
1833 -0.2609846908993894 1.831703736526264 0
1834 -1.46472126833063 -2.955429480915699 0
1835 7.740221028491156 4.203996929719971 0
1836 7.721483631820904 3.711376893758093 0
1837 7.275916786011413 2.583026497552559 0
1838 6.872597505046494 2.351305042361794 0
1839 3.443791355184344 3.047163844282305 0
1840 3.254768886403707 3.275280649126988 0
1841 0.4961049453208259 -5.952344481374102 0
1842 0.7224131979594453 -6.293415887933335 0
1843 -1.810569210324861 8.435464826045372 0
1844 -1.027051619689691 -3.682952093786989 0
1845 -0.8722606581839865 -3.956319657023878 0
1846 3.570028154670934 0.4089029117953743 0
1847 -5.234372111020797 5.650983665480663 0
1848 -4.162659205441262 2.345346108254397 0
1849 -4.436140909312089 2.513353636903893 0
1850 -0.2698058424213229 -3.908465568570985 0
1851 -8.659066732530418 -4.113858144420997 0
1852 -3.279345239381867 0.7939804382780882 0
1853 2.991845243829492 8.240935586270702 0
1854 2.813796587114877 8.676564864637035 0
1855 5.108299126897297 0.07881636791003739 0
1856 5.444059708572258 0.1178277856796072 0
1857 5.249197292663077 0.4058360436863233 0
1858 -4.306807059473011 3.41807737743797 0
1859 -4.107833563252848 3.141383522043953 0
1860 -3.935227108223293 3.460278507543053 0
1861 3.08155044893993 -0.03669069358453596 0
1862 3.22463665030132 -0.2803308175627985 0
1863 9.024649201809975 7.730142261029114 0
1864 -3.237291427371643 1.817209826490756 0
1865 -8.712865729191096 7.04366499517727 0
1866 -8.236102834191326 7.386931635788661 0
1867 -8.59793250194585 7.596564089012663 0
1868 2.301272196808336 7.808629277475664 0
1869 2.030531613750828 8.205266915183708 0
1870 2.310666331781889 8.674580435432976 0
1871 2.593705015538418 9.110974034449972 0
1872 7.704771012013882 3.24108537113112 0
1873 1.203079155400879 -1.037034983670202 0
1874 0.8524110334272301 0.8457504554374893 0
1875 0.8933564096830884 0.9838326883936781 0
1876 6.261760429835777 -3.082417947015635 0
1877 5.998744529267935 -2.765289390053324 0
1878 0.3227968353872014 1.177510889411881 0
1879 0.2490502725505968 1.305351163698379 0
1880 5.556028608859577 2.027180494068656 0
1881 5.336103727033754 2.307698524073373 0
1882 2.486613770318368 -2.411582874316498 0
1883 6.089302296056307 2.472521480607139 0
1884 5.886340255370826 2.093210673826828 0
1885 6.274794465776463 2.179769346646136 0
1886 2.726369052647018 7.031621041643381 0
1887 2.512403531583322 7.40106900139148 0
1888 5.956324691308321 -3.871457021708336 0
1889 5.544220778341041 -3.940099045088473 0
1890 1.448712224878976 -4.032043058308419 0
1891 1.764827845553654 -4.001853455498328 0
1892 4.717143143511455 1.181367959955336 0
1893 6.871024402767015 -8.19925934703565 0
1894 7.264534338070256 -8.537137254518125 0
1895 2.996085180210603 0.8106439174126248 0
1896 3.240225119244756 0.8382146574672141 0
1897 5.481672596526478 -2.203281828676172 0
1898 5.342457651385135 -2.566378872642369 0
1899 5.730213982019958 -2.471314617461807 0
1900 -3.900566155713781 -4.680345470686524 0
1901 -3.684651982655787 -4.389684818692894 0
1902 -7.741173233998426 5.621628069012123 0
1903 4.251630754773611 -5.268287837391703 0
1904 -0.3327298746587607 5.218483064837956 0
1905 -0.07967353060650004 4.956397453984083 0
1906 -7.002748377479264 -1.327452148607563 0
1907 5.636944882548843 -4.681107055813129 0
1908 5.388963810462465 -4.337321531703738 0
1909 9.058019949607241 -5.556884278037596 0
1910 8.595668330418832 -5.819345048305033 0
1911 -1.194444198550958 -6.123697414417888 0
1912 -1.432150627615812 -5.792508375874987 0
1913 -1.563765535905506 -6.135240081819555 0
1914 0.1447762862927982 -1.420947787325086 0
1915 -2.727347607193129 -0.4413654101702658 0
1916 2.696160430903432 5.022571046452911 0
1917 3.085998149666151 4.95018362774194 0
1918 -0.133961931588087 2.699999980469208 0
1919 -0.1802187649727449 2.492703415450651 0
1920 0.04984478879697053 2.563426420955362 0
1921 0.1213717234424534 -5.975715976337057 0
1922 -0.09112025390889469 -6.314263799416851 0
1923 6.023797267240995 -9.55819469960338 0
1924 5.743822075859584 -9.110924003242886 0
1925 5.509498492824453 -9.552729303639506 0
1926 -2.49604006905777 -5.57496974422866 0
1927 -2.220119915205144 -5.862753035459477 0
1928 -2.077392118822986 -5.516267752045836 0
1929 -6.042369413626174 9.50216973775021 0
1930 -5.760617905583517 9.082624764887839 0
1931 -5.507722176163206 9.580455027137628 0
1932 -7.583968770545193 -5.851502165819561 0
1933 -7.75259871006115 -5.411658446391391 0
1934 -8.055161570087167 -5.807657774562809 0
1935 -2.346744555347228 -3.143318832823286 0
1936 0.8325858000589457 0.7210648351994462 0
1937 0.7269320145566813 0.8317924014227414 0
1938 0.6233786239637913 0.9112517127218562 0
1939 0.4902602603552884 1.007574242551998 0
1940 0.3561563183413105 5.404415969639967 0
1941 0.2675562508935447 5.073350054222773 0
1942 0.6176699371866812 5.168003195953125 0
1943 0.8216457751962072 -4.083435656916088 0
1944 1.132038764674458 -4.053852653874183 0
1945 -4.154450081183866 -0.952079619417639 0
1946 5.501085706460463 -7.867218129875231 0
1947 6.010954847049875 -7.88239948060501 0
1948 1.903448247767865 4.316298988875381 0
1949 1.83170699455075 4.00597410926162 0
1950 -4.99203174280925 -3.480405388019668 0
1951 -4.631499059038382 -3.426606743031468 0
1952 -4.899771677319512 -3.084054036767863 0
1953 -3.363885019824583 -3.214694888519928 0
1954 -3.179866693662529 -3.490141752707189 0
1955 1.896248227520473 -0.2601018530140435 0
1956 1.804236316304441 -0.4533963421534226 0
1957 1.998293003414377 -0.3896434872520494 0
1958 -5.357116906584453 1.074190431055349 0
1959 -5.160188647896573 1.39432852153144 0
1960 -5.513596563561658 1.424129840293562 0
1961 -0.343907263979681 -2.140626554833085 0
1962 -0.1405073347859882 -2.090989960502271 0
1963 -0.2681518004220572 -1.940069535251042 0
1964 -4.334456967288707 0.4573520668134585 0
1965 -4.494925901545995 0.1704285898762549 0
1966 9.52409656217853 -7.478879561729153 0
1967 9.491322876894845 -8.049220212100789 0
1968 3.083241417502713 -1.905309491216027 0
1969 3.216503816562475 -2.1839894900799 0
1970 1.692114344504081 3.138017415254942 0
1971 -9.084592048529393 7.801664675624697 0
1972 -8.607829153529623 8.144931316236088 0
1973 -5.082197318852769 3.362356589022597 0
1974 -4.871631203442433 3.063947300059336 0
1975 -4.6899796299129 3.397591680902131 0
1976 0.1818400882388707 4.719984680297241 0
1977 -0.8371964859474493 -5.658183680134963 0
1978 -0.7825618894118604 -6.043488523762423 0
1979 -9.145706525415754 -6.682078862797423 0
1980 -2.187454330281712 -1.230211021590387 0
1981 -2.056447116720495 -1.414843175627452 0
1982 -1.28644146557237 -0.8840199945547501 0
1983 8.128444498761585 0.5477040619027782 0
1984 8.566935391323868 0.6696042448162869 0
1985 8.27445015104861 0.9898982573824319 0
1986 4.689638663603759 -9.059431686706795 0
1987 5.006702574827033 -8.663313157882751 0
1988 4.466817936987749 -8.617286237310534 0
1989 6.137959474409278 -2.402192346087126 0
1990 -1.084107012391216 -2.071285403619785 0
1991 -0.6176502122748685 -0.9121397042225339 0
1992 -0.5992586773040233 -1.036681927509764 0
1993 -0.4816084650317717 -0.9905676270701578 0
1994 1.815038143027494 -0.7599005896094384 0
1995 1.92451581784164 -0.938803827023815 0
1996 2.015758767012491 -0.7618412138058051 0
1997 0.9245451804731066 -8.708943483195403 0
1998 0.5025562695735175 -8.402355087627722 0
1999 -4.016424991391164 1.01026963372009 0
2000 -4.169444161783828 0.7362311809202163 0
2001 0.3696697829069525 1.057524453804609 0
2002 0.211946097586194 1.085912261895423 0
2003 -8.709892538203844 3.20879929204292 0
2004 7.710772548241634 -6.315218397069957 0
2005 8.133501001886122 -6.067954853167469 0
2006 -0.8323664264802104 -0.7209714695463022 0
2007 -0.846463248159572 -0.846545081285023 0
2008 -0.7212036028677584 -0.832680392923419 0
2009 9.591380525768145 0.224337612308214 0
2010 1.183598735201989 0.6075222819102182 0
2011 1.038003261875811 0.6042908969132295 0
2012 9.564075084411471 -1.405897065966359 0
2013 -9.552283556637537 -0.8269403418467657 0
2014 -9.552283556637537 -0.2713847862916542 0
2015 9.54265360972504 -3.642073557143223 0
2016 1.943388891249921 1.573504768159268 0
2017 2.087577740262939 1.404505952786891 0
2018 2.164487649029587 1.588529483217775 0
2019 -9.531021816874222 3.641646495949049 0
2020 2.344516994039346 3.87575931814564 0
2021 2.055155834668327 3.807151237243162 0
2022 9.520013646039036 3.628193041488466 0
2023 -9.534792734965176 -3.615434921939523 0
2024 0.991983554303825 0.4867794523051934 0
2025 0.9120451113575088 0.6175114446061581 0
2026 -0.3610179875834357 -1.040517838322769 0
2027 -0.3184187504916022 -1.161070801448791 0
2028 -0.2162198080141115 -1.086478789414173 0
2029 1.691020577834603 2.877886221122155 0
2030 1.661869826692088 2.634978751367238 0
2031 1.879912143048023 2.732245505825494 0
2032 -2.190798418031632 4.246062419107048 0
2033 -2.20975289109038 4.597176508886429 0
2034 1.861539633545239 -3.163724895268321 0
2035 -1.31064609925414 9.596066520183236 0
2036 -0.7843303097787012 9.596066520183236 0
2037 1.282428947845056 -9.554971090338793 0
2038 0.7561131583696172 -9.554971090338793 0
2039 5.137566044201163 -4.003175308728165 0
2040 2.493304795400532 -5.158201661318246 0
2041 2.700349267463596 -5.46027278293168 0
2042 2.880350089280434 -5.120243625563528 0
2043 -0.7783104570602615 -9.605463221618139 0
2044 -1.30462624653278 -9.605463221618139 0
2045 2.361076853793618 9.554494802622957 0
2046 -9.494886611496437 6.368968230583046 0
2047 -9.032234309969246 6.662283621449613 0
2048 -9.537347698472811 6.959982057534706 0
2049 2.115645023480673 -0.5764659913280685 0
2050 2.207656934696705 -0.3831715021886895 0
2051 0.9109892371331195 -0.6221324563045942 0
2052 1.034577303343586 -0.6048989170542379 0
2053 0.9896134699947734 -0.4827664607498713 0
2054 -1.271982978661908 6.628828967601359 0
2055 -3.483512477397561 -5.316662365422719 0
2056 -3.656871134762948 -5.662345157932638 0
2057 -3.257011624590883 -5.646714725098793 0
2058 2.093656560223921 -3.978025387737476 0
2059 2.424216970793735 -3.948338811443292 0
2060 -1.949470227892064 2.876730096522174 0
2061 -2.119785081254586 3.165438057582792 0
2062 4.443298065510898 -9.506702383067289 0
2063 2.83626196633436 1.025712576953889 0
2064 -4.483046284371889 9.589432354537866 0
2065 -3.956730494897285 9.589432354537866 0
2066 -2.393651599270082 -6.242805545905052 0
2067 -1.975003649035298 -6.184103553722228 0
2068 2.125698133867861 -5.849378959989976 0
2069 1.710770550578844 -5.868699185456553 0
2070 -4.517373174883345 3.71648666640123 0
2071 0.0584446778973718 -2.052340222742789 0
2072 0.2679300075464128 -2.015264276083927 0
2073 0.1447334584206766 -1.853356994261367 0
2074 0.8682340597486597 4.922202168963344 0
2075 0.7716618183307142 4.5883188642441 0
2076 1.110826008340458 4.673583752671512 0
2077 -2.625027687874598 -1.936244925289108 0
2078 -2.652037691632267 -2.17652601442729 0
2079 -2.470396326779705 -2.127365626771166 0
2080 2.741889238133333 7.832610989535855 0
2081 -5.753798700951483 -5.015402141909442 0
2082 -5.546139014298785 -4.623285407374057 0
2083 9.532343300783909 -5.28413815349878 0
2084 9.525676648823332 -5.828301680096334 0
2085 -9.526682418749226 5.255004769971899 0
2086 -9.494886611496437 5.813412675027736 0
2087 -0.9946832009483501 -0.4842094698687159 0
2088 -1.040483534941601 -0.6016275488236079 0
2089 -0.9118257377787734 -0.6174180789530141 0
2090 -3.096187759417067 -7.765302124937282 0
2091 -3.550312345394648 -7.817838493358963 0
2092 -3.323954679428041 -8.173870359951589 0
2093 3.791384305702026 -0.2988377684188877 0
2094 3.918756671914158 -0.03269680086023083 0
2095 1.443342981231715 4.773693283048779 0
2096 4.069227481252577 4.001350484818724 0
2097 4.150093103618416 4.340113179650529 0
2098 3.826744136562589 4.265592003256765 0
2099 9.535887521135244 5.79671579554456 0
2100 9.068970897987253 5.510579536435385 0
2101 9.533083376852009 5.269419296439636 0
2102 -9.503902800931373 -5.858257947332278 0
2103 -9.046399710872222 -5.565400378611892 0
2104 -9.54249690994085 -5.262697986828425 0
2105 -0.2214959638008469 -1.601540746781675 0
2106 -0.20246227634361 -1.793142558231736 0
2107 4.983182703350181 -9.552729303639506 0
2108 5.669334058083351 -0.1816897384392425 0
2109 5.810232223849132 0.1453299373370435 0
2110 -4.981406386688934 9.580455027137628 0
2111 -4.727610565803504 9.169887381675496 0
2112 -9.136577913801219 -1.975241321277231 0
2113 -8.866093196093427 -2.413284135210059 0
2114 1.039563681247226 -0.3621759833007498 0
2115 1.157308835326517 -0.3166326571935758 0
2116 1.083670980368503 -0.2132757189948108 0
2117 9.550922207490444 8.055376173229549 0
2118 9.473726994319531 7.452543865573981 0
2119 1.102007486930239 0.2110146598382411 0
2120 1.041933765555829 0.3661889748565283 0
2121 1.100708067223897 -0.08386619644381835 0
2122 1.119044573785473 0.08160513728784517 0
2123 -3.686538406014863 -5.015752383839056 0
2124 -4.097399737268544 -4.996885885104033 0
2125 2.972867723211798 6.630442201061209 0
2126 3.199519243473099 7.0238718728695 0
2127 -3.522920029119411 -8.621048681371196 0
2128 -3.068795443141829 -8.568512312949514 0
2129 7.76832245865965 4.675240538236563 0
2130 7.345921738174315 4.434349717578517 0
2131 9.017249452936255 3.420760807458388 0
2132 0.2069779552753269 -4.133676007205706 0
2133 0.5141402396158511 -4.105565426109475 0
2134 7.671732457259086 2.333901317864155 0
2135 7.680210739639453 2.773397884119573 0
2136 -1.76872795109329 0.8817598587107087 0
2137 -1.873608377675057 0.7043045109930022 0
2138 -0.6731528281082322 -2.01441596875348 0
2139 -0.5908826205176103 -1.817866467418305 0
2140 -0.2876899977683126 -1.306482513443313 0
2141 5.981663184682136 -8.696804735183495 0
2142 5.467364410265595 -8.691339339219621 0
2143 -0.7746945381975734 1.98891019467361 0
2144 0.9384960154823305 -1.749938780266526 0
2145 1.029471785436228 -1.58063381930774 0
2146 0.8385017817566586 -1.618742359472618 0
2147 -2.99418255089306 -3.777596326336624 0
2148 -2.805994587253066 -4.063528460155863 0
2149 -1.182996477225602 -0.6030860396715142 0
2150 5.470897249410885 -0.5473942159657851 0
2151 5.837069764687758 -0.5198920643083489 0
2152 3.29708221460014 -0.4662588505112018 0
2153 3.214240709727973 -0.7522266251235206 0
2154 5.524475405268897 9.556680633737514 0
2155 6.078031295180373 9.524228936564423 0
2156 -5.523322041608056 -9.556956604042675 0
2157 -5.77776797230109 -9.068873385227926 0
2158 -6.043919614906454 -9.511916781185253 0
2159 -4.651150522258519 2.757216848732773 0
2160 -4.264403901556135 2.85531918010999 0
2161 -3.704037531971941 1.551153471141867 0
2162 -3.856713947676312 1.282941678472414 0
2163 -5.701936500882644 1.766319914513325 0
2164 -5.898864759570523 1.446181824037234 0
2165 2.188116663901829 -1.477514231301735 0
2166 1.946819170929033 -1.389069747873829 0
2167 1.531432354663125 -6.232421308689023 0
2168 1.355058963215947 -6.594543824353794 0
2169 1.76171890270485 -6.562649616958323 0
2170 -1.737297219970444 -6.515292592265129 0
2171 -1.530223263896221 2.159279614605171 0
2172 -1.774573893975852 2.192503963580755 0
2173 8.589185969113954 -6.349657609497585 0
2174 9.144172622563767 -0.05551764252745942 0
2175 9.552792096795624 -0.2798552548356734 0
2176 -1.644432599492938 -0.2036417119845635 0
2177 -0.8199200246314393 6.02831850706277 0
2178 -0.4376817639235967 6.181243595230369 0
2179 9.552792096795624 -0.8354108103922151 0
2180 9.116867181207095 -1.130196765245491 0
2181 8.587605882469152 -6.889124380019783 0
2182 9.049773211001861 -6.640514575157347 0
2183 6.613216053974408 6.253333082020798 0
2184 6.903422003719522 5.866211957169368 0
2185 7.091649069632917 6.269974199830327 0
2186 -7.843030034394491 7.478830409357177 0
2187 -7.957963261639737 6.925931315521784 0
2188 6.073213185437373 -0.8389786641377163 0
2189 6.271649994109839 -0.4732741866111737 0
2190 8.107278529544445 -7.105801386963808 0
2191 -2.494334039664046 -0.03537207479810953 0
2192 0.7759619540867149 -1.500635571076607 0
2193 0.6849861841328178 -1.669940532035393 0
2194 6.223636999267436 -4.211779753489191 0
2195 6.384343145973415 -3.808991507133481 0
2196 0.3679780524192149 2.248959679325699 0
2197 0.5778770777289597 2.312575977542072 0
2198 6.767097653187993 -7.762821068344437 0
2199 7.231169197708493 -7.545172057817318 0
2200 1.298107813894248 -0.280690411833473 0
2201 -1.918822844142242 -1.595049140857244 0
2202 -1.785287540562147 -1.775035289997317 0
2203 -4.432877151959506 -7.909998163001058 0
2204 -4.621488054513694 -7.533369626099461 0
2205 -6.705489013122138 3.378947824148288 0
2206 -6.463990993785204 3.065914393785381 0
2207 -6.304336520958817 3.356309498807722 0
2208 2.531636878598755 -5.813364662621115 0
2209 2.918682172478657 -5.775406626866396 0
2210 0.01541194843259851 -1.38157030062819 0
2211 0.9568341271964255 5.253268084380537 0
2212 -2.275323449433192 0.3429645274250673 0
2213 -8.632882642644518 0.2351414797506411 0
2214 -9.091721122530018 -0.006196016162776985 0
2215 2.823239984196424 0.3659302535095375 0
2216 2.96719869752912 0.1533991975142217 0
2217 1.732055871726646 -2.95000327893699 0
2218 -8.758656179767218 8.721850762960509 0
2219 -3.72553975549314 -2.659899425144663 0
2220 -3.544302554324195 -2.93402423831155 0
2221 -4.069648745702123 -5.688130685046623 0
2222 -3.843147892895446 -6.018183044722697 0
2223 9.473726994319531 6.89698831001758 0
2224 9.535887521135244 6.352271351100962 0
2225 1.142849153012788 -1.20464702100361 0
2226 1.09457097196124 -1.395937822744972 0
2227 -1.158195425889269 1.030274696483287 0
2228 -1.263637308664975 0.8930859471269417 0
2229 9.525676648823332 -6.383857235651644 0
2230 -9.503902800931373 -6.413813502888679 0
2231 -8.180709166658193 0.4552651492421553 0
2232 0.4436100885372046 5.761823366474074 0
2233 0.09349640224406816 5.667170224743723 0
2234 -0.09036836717875782 2.942637666838836 0
2235 2.344031038882922 -6.164512803924692 0
2236 1.475393990175557 -0.5244738345719608 0
2237 0.4664453985513966 -1.984250658439051 0
2238 0.6630990104179184 -1.9701337948535 0
2239 0.5508723999362395 -1.802164184016954 0
2240 3.17707575685508 6.269641318432079 0
2241 -9.537347698472811 7.515537613090016 0
2242 -9.547244350056584 8.063904840313441 0
2243 2.83867736679383 -9.566006822472024 0
2244 1.92728669920369 -0.1239943700071167 0
2245 1.733230012093754 -0.1877472249084899 0
2246 8.641022499156016 5.717920073985981 0
2247 8.638218354872782 5.190623574881057 0
2248 1.958372208068784 -4.271137749378013 0
2249 -4.29847301456099 -5.335068478893287 0
2250 -4.484749772693489 -5.690906365683347 0
2251 3.679736459859547 -1.885140033703461 0
2252 3.803198162621259 -1.607465719476432 0
2253 7.269686859977313 -6.542225124387725 0
2254 7.685932952316923 -6.825274141677789 0
2255 5.897248444207007 -5.023552958027143 0
2256 6.055922106260507 -4.61669117027806 0
2257 3.804973988476395 2.552572505739443 0
2258 4.113756130025709 2.545131910986322 0
2259 -1.836465895225488 6.999605133664613 0
2260 -2.01457627946531 7.359992273567055 0
2261 2.170062670949597 -6.531654689560765 0
2262 2.576001415680492 -6.495640392191905 0
2263 -1.903271804596993 -6.895540050402825 0
2264 -1.492033691467201 -6.846676578500153 0
2265 -0.4769582393662078 3.303256984659755 0
2266 -0.7260059184329208 3.223778050696731 0
2267 -8.161320831506472 -3.844802249711963 0
2268 0.5476742523447031 -6.655016609617327 0
2269 0.9500334695594805 -6.625916237768486 0
2270 -1.487707787746928 1.074873386215468 0
2271 -1.599495486450811 1.254451844476572 0
2272 -1.675880973829268 1.060980625348579 0
2273 1.721477272803574 -2.722046997914482 0
2274 1.535002485049739 -2.950207826472924 0
2275 -6.291569366963317 2.763223359920967 0
2276 -1.87382502137108 2.463934659626957 0
2277 -4.094678388679712 -2.102477281020568 0
2278 -3.910394588804109 -2.383350691365865 0
2279 8.031856365022007 -8.020757562343913 0
2280 8.479410032663028 -8.374421205771524 0
2281 -3.391821825576536 2.089518019089834 0
2282 -3.547040249345312 1.822603170007218 0
2283 -2.855617697685401 -0.2247342940347202 0
2284 -2.975788351203741 -0.4362528814978939 0
2285 -5.297744048041616 3.686320702086895 0
2286 -5.479395621571149 3.3526763212441 0
2287 1.246863694284897 1.176457948171163 0
2288 1.087930046927942 1.160685194635346 0
2289 3.036158100782725 -0.40560969228255 0
2290 3.39490346539688 -2.438385555646639 0
2291 3.552599714336934 -2.168936930436244 0
2292 6.010955054838922 -1.78636388566936 0
2293 5.616110120244659 -1.873433501374264 0
2294 -0.9112688093367007 0.6224060652424803 0
2295 -1.038491426993012 0.6109103019053664 0
2296 -0.9932480214406187 0.4885042366631138 0
2297 -4.911389602255478 -5.718981879589412 0
2298 -4.682565333396612 -6.072044085742748 0
2299 -9.539437565892481 0.2651887701288772 0
2300 2.864207109126606 9.556479231827016 0
2301 -1.230316868849783 -5.62069563535424 0
2302 -1.599638206204331 -5.632238302755905 0
2303 0.4566338944461809 4.557733783310406 0
2304 0.6992258430379796 4.309115367018574 0
2305 6.604347084652308 9.524228936564423 0
2306 6.550113056715265 -9.55819469960338 0
2307 -6.568685203100444 9.50216973775021 0
2308 3.928434258611859 -1.324410711199028 0
2309 4.051569727155793 -1.045779162061202 0
2310 9.550922207490444 8.610931728785946 0
2311 -9.499683392691246 -8.553807543336816 0
2312 -9.499683392691246 -7.998251987780419 0
2313 3.644453787614263 2.795281467613597 0
2314 3.748819049418044 3.073138483378589 0
2315 9.491322876894845 -8.604775767656097 0
2316 -9.547244350056584 8.619460395868749 0
2317 1.312870033193999 -4.316775412704629 0
2318 8.801845395286566 0.3380426369765306 0
2319 8.763256966314046 -0.1661502301673568 0
2320 -0.2706345334219955 -6.680684177502893 0
2321 0.1405397012315671 -6.688936637868219 0
2322 -0.3987149468926611 -4.181495661943112 0
2323 -0.09613869574945318 -4.157537561126372 0
2324 -7.122853254961541 9.519354432679636 0
2325 -5.423248877753128 -3.507697140672751 0
2326 -5.154976259471998 -3.850249846936356 0
2327 6.545264084439703 -3.40450013416423 0
2328 6.689993676261181 -3.018249305827238 0
2329 -3.330634826617565 -3.799147230136828 0
2330 7.846905151403552 9.205127849195176 0
2331 -4.465219346240698 -1.537192860754335 0
2332 -4.281675697650476 -1.820528051358094 0
2333 4.266336913429727 7.633600279719289 0
2334 4.565225348413925 7.335481993956925 0
2335 6.330137298687998 -1.128435492141825 0
2336 6.545668149517365 -1.495865171109397 0
2337 4.995265938570283 7.458741688755025 0
2338 4.875898095861937 7.026552352043916 0
2339 4.496840695153211 4.424061914937748 0
2340 4.254357350463223 4.688303433375789 0
2341 -0.3649109504410476 1.995707543918086 0
2342 -2.422000811415918 -1.255979601339863 0
2343 9.043585310251995 -3.423342838981803 0
2344 8.712204587667401 -3.836372493732148 0
2345 7.076841403965266 -9.518105631198583 0
2346 -3.979490892051904 -7.861037677211526 0
2347 -4.231465525313226 -8.275367214162802 0
2348 1.547796690761258 1.52865332527576 0
2349 1.673538705741145 1.374928659778989 0
2350 1.740736967503385 1.543205903225155 0
2351 -0.4058622055373028 -1.842779152562549 0
2352 -0.5324093015923235 -5.268402270114697 0
2353 4.522455783503124 5.801842179461383 0
2354 4.146820445175656 5.702902877611518 0
2355 4.443216289842448 5.416235999998508 0
2356 -0.9511620532331123 3.411803658748576 0
2357 -1.000089849472761 3.143620087829552 0
2358 8.100586683261557 2.991960191442716 0
2359 2.31966695159733 -4.840156643814471 0
2360 0.6886910374091249 -4.36071477746378 0
2361 -3.072186097713908 2.635747880607773 0
2362 -3.234160178521835 2.361951917403718 0
2363 3.151635324767833 -3.028232382348301 0
2364 3.265437893283078 -2.724518281664888 0
2365 -4.500000105738046 0.7277887612641882 0
2366 0.5030442940200218 -2.721186702065655 0
2367 0.2235548203174801 -2.728128131006868 0
2368 0.3271811115144771 -2.914384888364034 0
2369 3.614888342837023 4.871600246028688 0
2370 3.311585849454865 4.767251429455285 0
2371 3.60430726554627 4.500005881515166 0
2372 2.814233175203361 -0.7919782898025076 0
2373 2.994963644071454 -0.7961110346630915 0
2374 2.927873196213453 -0.5874049803703693 0
2375 -7.649169044435807 9.519354432679636 0
2376 3.885115252994815 -4.308752649577483 0
2377 3.496371501082788 -4.417610778419378 0
2378 -1.182730167566953 0.6159627311483816 0
2379 -4.819171919204776 1.332208506917695 0
2380 1.408055377685469 0.750953509838399 0
2381 1.462338927972104 0.9015771113334154 0
2382 4.956044980635164 -2.62905044116725 0
2383 4.736903642345104 -2.336687401762495 0
2384 4.599032357088613 -2.667391759073011 0
2385 -2.084875794014842 6.635727873302587 0
2386 -1.672255482847652 6.64418189150263 0
2387 -7.092769094010912 -5.831840443558368 0
2388 -7.395331954036929 -6.227839771729787 0
2389 1.817724317765531 -9.584133232936356 0
2390 1.521205897204233 -9.139104323275149 0
2391 -1.651574304359464 -1.956053436412733 0
2392 -1.516199256446778 -2.133766545369161 0
2393 3.499946294242695 2.52659786664316 0
2394 3.219514353687989 2.548110343798049 0
2395 3.380034554550121 2.305401381923895 0
2396 -1.002294839637553 -4.230780458656966 0
2397 -0.7024162750180974 -4.206884471020814 0
2398 -0.8867495734645509 3.696908403260276 0
2399 -1.160833504504392 3.616750440393098 0
2400 4.275159266079014 2.858409261490165 0
2401 4.43943391425676 2.582285065766606 0
2402 -1.29128637752346 1.432819100314812 0
2403 -1.39513484209322 1.611885662205345 0
2404 -1.515170764938231 1.447411167233993 0
2405 -4.005388772839858 -8.663376632073346 0
2406 5.750735091862014 3.341727898247346 0
2407 6.187912943311581 3.303010344674513 0
2408 0.8615249486464032 -1.939288444846107 0
2409 1.052494952325972 -1.901179904681229 0
2410 9.52409656217853 -6.923324006173843 0
2411 4.709978285083967 5.143713735255691 0
2412 4.3343429467565 5.044774433405825 0
2413 7.580292940859366 6.369703191713822 0
2414 7.290086991114251 6.756824316565251 0
2415 -2.759566863383788 3.187993937782172 0
2416 -2.915450568341433 2.913306577696923 0
2417 5.444386401769805 7.637103354939504 0
2418 5.133713654321793 7.946032996852512 0
2419 -4.48526650908548 -0.3967765794075732 0
2420 -4.322506959578976 -0.674314818972464 0
2421 -0.260088723161676 9.540114840155066 0
2422 4.436857912272589 8.015471943542618 0
2423 4.018601634580046 7.881400892593875 0
2424 9.500931700526955 -3.114602615174856 0
2425 6.381289358081592 1.827758715412843 0
2426 6.584251398767071 2.207069522193154 0
2427 -9.534603287501849 -1.922308419741047 0
2428 -9.534603287501849 -1.366752864186959 0
2429 4.937697433326168 5.910544538811292 0
2430 4.641301588659376 6.197211416424301 0
2431 -0.9141767977015549 -6.386220229706991 0
2432 -1.089649703728088 -6.791711618528845 0
2433 -0.6777673945889902 -6.71150272787338 0
2434 -1.749654052935886 -5.459182168793777 0
2435 -2.025574206788513 -5.171398877562961 0
2436 7.63102648565979 1.896941466824804 0
2437 8.03532043928783 2.087312853391818 0
2438 1.817646876270033 1.727229433656039 0
2439 6.483940560925602 -4.554225655703204 0
2440 -2.716066111893494 -0.03280714231928115 0
2441 -2.964506855904106 -0.0276946136469092 0
2442 -1.855015271739637 9.601133190009142 0
2443 -0.1693847517786994 5.915807926182653 0
2444 -0.2568385219745936 5.558400529348546 0
2445 4.062617537368829 3.126392723421632 0
2446 4.38829532159988 3.163545878201917 0
2447 0.2260820467394883 -9.631144732633741 0
2448 -0.01731078566025197 -2.252897242324832 0
2449 -5.801774468578504 -1.057552996887563 0
2450 -0.3002337427344906 -9.631144732633741 0
2451 1.993689279502419 -6.893777205225536 0
2452 7.377939093860419 5.394223200537003 0
2453 7.792146562192178 5.151778719263381 0
2454 7.796062487709789 5.640408593705276 0
2455 -9.086886844139386 -1.082582094923501 0
2456 -0.5181032434849013 9.136181360338302 0
2457 -2.071259200137138 0.7044719660366019 0
2458 5.228353789609836 -1.968497756554826 0
2459 -4.175276256518314 1.27933992012327 0
2460 -4.512500764259908 -4.999661565740755 0
2461 3.86195510493891 3.378275100090341 0
2462 -3.696736503886646 -3.231022006299014 0
2463 -3.453039786341638 9.631305117221949 0
2464 7.652514774936015 -7.825699303103336 0
2465 7.666192841280123 -7.332808114281574 0
2466 6.976786899152817 4.221838423394169 0
2467 2.225122698294819 -0.7553692287424452 0
2468 3.982301127699569 -0.5293123495930597 0
2469 1.419210647577071 1.201554472013899 0
2470 1.308251475706845 1.335279557986857 0
2471 3.202976578604478 7.833375310186519 0
2472 -1.439713817400375 3.540475718102975 0
2473 -1.723697190482622 3.449545266669077 0
2474 -0.1382199085325581 -1.35713053528015 0
2475 -0.01998871395712136 -1.231471517888235 0
2476 -5.359682922212285 -4.23753345325606 0
2477 -2.143989159695459 -1.621845833363234 0
2478 -1.043198232693071 0.3679137592139924 0
2479 -1.092753566981556 0.2248059817039676 0
2480 0.07806885080398868 -4.406706100577832 0
2481 1.180320017601205 -6.956144546037786 0
2482 3.005620708046138 1.483256125931971 0
2483 2.924029510816863 1.249774995584507 0
2484 3.162290622919917 1.283406581017007 0
2485 7.603157193439532 -9.518105631198583 0
2486 2.644637103607573 3.943694042770251 0
2487 2.42772889239893 4.160613193668573 0
2488 -1.981658686552729 5.589374587280748 0
2489 -1.772908504666418 5.929982046542932 0
2490 -2.129415563523316 5.939697171878421 0
2491 6.812576392398818 -3.744822865945085 0
2492 1.341124360875492 -3.00512754918529 0
2493 2.383131099835228 1.622140738725638 0
2494 2.23894225082221 1.791139554098015 0
2495 2.213873573556049 4.390884398476887 0
2496 1.98971303849321 4.614504918308306 0
2497 2.353421231636867 2.868605339739212 0
2498 2.100373998846758 2.796780775378787 0
2499 0.2119097951335682 1.440864549659217 0
2500 0.3385378304936196 1.543163984917146 0
2501 0.2174202305924374 1.579224904682299 0
2502 4.72662723302605 3.218980352460629 0
2503 4.514085504315864 3.486963814392097 0
2504 1.466465858150237 2.567658233736068 0
2505 1.655357423363657 2.422017518439407 0
2506 2.612472648785467 1.637187675052675 0
2507 2.843231575140273 1.672324240883634 0
2508 2.688344627982658 1.859887375436837 0
2509 1.266518313784677 -5.387810595294132 0
2510 0.8608718652303382 -5.410461311967369 0
2511 3.987595355221705 4.960825698118606 0
2512 5.244543683649585 -8.24919388982336 0
2513 3.400550604322752 7.462289971111108 0
2514 -3.858567930176834 1.823461663740945 0
2515 -2.591314390178844 4.037067427397806 0
2516 -2.75066801795339 4.339423975401498 0
2517 -2.91521348888353 4.057481369302969 0
2518 0.8670725493548773 1.398736635212624 0
2519 0.7541969961774656 1.515505182146859 0
2520 2.538018046992844 1.434577604172435 0
2521 2.679592051460581 1.225562121868853 0
2522 2.889005095671314 -3.616136360719069 0
2523 3.02398980154307 -3.321885548412918 0
2524 3.6948739391303 5.228071246058724 0
2525 -3.705033402246877 6.671185731575886 0
2526 -4.1285322125465 6.668614881027164 0
2527 -3.913693505702946 6.309652599013784 0
2528 -8.685096040236369 9.546834811536449 0
2529 -8.158780250762103 9.546834811536449 0
2530 -3.892823950306418 2.897520310215073 0
2531 3.492206738592379 0.8761293741753111 0
2532 3.332681045038266 1.08784016737764 0
2533 -2.800938790898977 -6.286120984249187 0
2534 -2.555822524729131 -6.607471502511938 0
2535 -2.356540487366592 4.921627671488171 0
2536 -2.573556515524916 4.643461196098079 0
2537 -4.018315275384574 -6.384837235144926 0
2538 -3.605537664445398 -6.35905170803094 0
2539 1.848977667593593 0.3217519961606954 0
2540 2.031806582762215 0.3221029447017339 0
2541 1.938393496905756 0.4759791189883042 0
2542 4.092042822124812 -5.648371189502663 0
2543 4.490288790016467 -5.587152150253156 0
2544 8.186445852509019 4.921425931404837 0
2545 0.5500347144796094 4.144276070110999 0
2546 2.071223247704244 2.553873305623871 0
2547 -1.487524863686644 -3.995997341053269 0
2548 -1.625683551568678 -4.273400743871859 0
2549 -1.310297910685476 -4.257619047478619 0
2550 -8.170564075889001 6.437061909306744 0
2551 0.3681599728316023 -7.021436987703369 0
2552 -1.323992436326015 -3.722370668296548 0
2553 -2.32478295555962 -2.280091166769398 0
2554 -2.297772951801951 -2.039810077631215 0
2555 4.110508950207166 -1.572684194260014 0
2556 -3.543909000495504 2.367345260920179 0
2557 0.3801566180280918 -2.183233886920473 0
2558 -1.620184212117182 2.490715836423209 0
2559 -1.852086916092783 2.630456576826997 0
2560 1.25556033900721 -1.869046470110824 0
2561 1.450721607190983 -1.831693516126199 0
2562 8.664989371898383 -9.573008676737512 0
2563 8.138673582424117 -9.573008676737512 0
2564 -2.315428476043961 -6.94484104915076 0
2565 -2.070164947540717 -7.276225035385784 0
2566 -4.826744750031921 0.1604152163560783 0
2567 -4.656657740334992 -0.1180658409250972 0
2568 7.62010924512893 7.708674502945374 0
2569 7.235267754495109 8.036510364076806 0
2570 3.837624613198925 0.4527675244999616 0
2571 3.66734727132686 0.6703684769694725 0
2572 -7.636021484643654 -1.740907230855014 0
2573 -7.820091883209261 -2.149444104104585 0
2574 3.858136108693953 -2.139536099270201 0
2575 -0.5287491283462278 -4.4559564635762 0
2576 7.122281567731159 -2.888262148537071 0
2577 6.838777913127234 -2.566179961388476 0
2578 3.650506610018911 7.870614567845957 0
2579 -4.561748772058602 6.676692878942626 0
2580 -5.008249130922527 6.681646520588511 0
2581 -4.783692674866495 6.312035390110945 0
2582 -3.229511824068329 2.917337856323213 0
2583 3.144945231730883 -6.08910176207884 0
2584 3.313657620595724 -5.736009882389406 0
2585 5.498511384025365 1.050859294638855 0
2586 5.620488163919591 1.393527133336978 0
2587 5.28923235217426 1.325730341651358 0
2588 3.601533791057538 -2.709465722021232 0
2589 -4.062008871697227 -2.673802622311839 0
2590 -9.614470085608458 -9.603795940001016 0
2591 -2.472659875989132 6.642774366217965 0
2592 -2.66458525539606 7.001933580001523 0
2593 -2.888158924992513 6.653556830754919 0
2594 0.5211622525501534 3.525505749900899 0
2595 0.694082632527783 3.702209239069781 0
2596 -1.375301337631814 3.825580462614675 0
2597 -4.334264180920551 -3.263882677282884 0
2598 -9.614470085608458 -9.04824038444462 0
2599 -1.199533409708293 1.992968827030399 0
2600 -1.294887332537705 1.795829452636669 0
2601 0.215711827706939 2.406792390204636 0
2602 -1.808944245313943 5.22750122311089 0
2603 -2.165451304170841 5.237216348446379 0
2604 -4.43386101397896 -2.115304658870568 0
2605 -6.898434121233818 -7.009641793642299 0
2606 -7.054363960931871 -7.486801591868243 0
2607 -6.575537441181133 -7.432128402259496 0
2608 -7.247520333487538 -0.940690837398456 0
2609 -7.428046531741571 -1.337813838806604 0
2610 1.675762122362511 0.3358756673284442 0
2611 1.76917520821897 0.1819994930418739 0
2612 6.730081379874226 -1.787934124269776 0
2613 6.896186723913738 -2.242420454131088 0
2614 -0.08734683970493501 6.290013290625545 0
2615 -6.070408333986227 -0.188678995073734 0
2616 -6.237644965557535 -0.5253387318335353 0
2617 -5.858546646894384 -0.503050725899335 0
2618 -0.5468635783116989 -2.176983318903318 0
2619 -0.4192191126756299 -2.327903744154548 0
2620 -0.9946524379697128 5.052461133699915 0
2621 -1.110754089187998 4.736211309648379 0
2622 -2.308449463611295 6.287351124055983 0
2623 -2.517199645497606 5.946743664793798 0
2624 -6.283759964982199 1.449992497894457 0
2625 -6.095420027661213 1.107802423674693 0
2626 1.637073481700218 0.9160994092655348 0
2627 1.532557419883236 1.057255160130324 0
2628 -1.140453527519587 -4.508183861475556 0
2629 -2.601108646590354 3.46810807172563 0
2630 -2.914318077902418 3.47501068735582 0
2631 -5.4587333394082 6.703652898882577 0
2632 -5.916071630344288 6.677694496194437 0
2633 -5.68753132466651 6.291030629068691 0
2634 -7.3028784744276 7.514415923221271 0
2635 -7.093930463958298 7.060625375879745 0
2636 -6.383920040838146 6.68424644452487 0
2637 -6.852761134983355 6.634832500207631 0
2638 1.052799283772266 2.076501034037403 0
2639 0.9135767151489328 2.212073169050767 0
2640 0.8671410240796871 2.032124895598312 0
2641 -4.866661664749559 -6.453183351140359 0
2642 -4.440021835187569 -6.425107837234293 0
2643 -0.6638948178508799 1.509821206867934 0
2644 -0.4680078711203673 1.51482385220118 0
2645 -4.477637247926783 -0.9632654918554007 0
2646 -5.792796515260545 -7.876736904898574 0
2647 -6.310126557553676 -7.708751905188878 0
2648 4.909660767088029 -5.550002796729231 0
2649 5.323858016003068 -5.490452819439239 0
2650 4.794515267848402 0.08736720087022012 0
2651 4.989377683757583 -0.2006410571364959 0
2652 -5.772649486502376 -4.263293553707436 0
2653 0.2106496307656007 -2.534953695681543 0
2654 0.03478644826005596 -2.728151881979922 0
2655 3.344422695718972 -3.289251614104098 0
2656 -7.888136037188344 -7.104304422480545 0
2657 -7.596528992190924 -7.528816971025849 0
2658 3.940438553124683 1.44468961911233 0
2659 -3.286678895842798 -5.000121951005211 0
2660 -4.45877503274746 -8.712337117862877 0
2661 -5.530136339027436 0.7786544442454948 0
2662 -5.894785635363654 0.7790721406295829 0
2663 -5.714397152141553 0.4537348350576071 0
2664 2.809728128851424 -6.824904684126432 0
2665 2.983696496784749 -6.457762798490359 0
2666 2.684332695384393 -7.95693489275093 0
2667 2.934608448003113 -8.313401170796023 0
2668 3.128752645982516 -7.913840840792621 0
2669 2.620834707743802 -4.217824973638455 0
2670 2.757850755798485 -3.918854103464586 0
2671 1.829642186821772 -8.774418835487882 0
2672 1.294346816901297 -8.745256692890319 0
2673 -0.4461074394485284 -7.086175566324748 0
2674 -1.872651650914523 -1.983069945008442 0
2675 -6.30375246459813 2.135771274827058 0
2676 -6.509889708623675 1.80701623130078 0
2677 8.643864594513019 -0.5664161910871119 0
2678 8.301537367235817 -0.172855911583122 0
2679 5.740007776453816 -5.429944396913065 0
2680 6.15898500016548 -5.365528511377995 0
2681 -1.880515649797173 1.061338316971813 0
2682 -2.213620711521747 7.730633047892427 0
2683 -2.448130638449115 7.36179188978994 0
2684 -0.06555238761820369 7.761924454457771 0
2685 -0.4122738481139557 7.999993441131133 0
2686 -0.4918643393391753 7.593496602251943 0
2687 -6.447735978621419 -6.18182364258418 0
2688 -6.661869939492864 -6.581573326751073 0
2689 -6.205473640611634 -6.555218919866658 0
2690 1.731134789604379 -0.6191186073780204 0
2691 -5.550272421349396 -6.12779441767429 0
2692 -5.74721723377916 -6.512966533453479 0
2693 -5.306149975388367 -6.485291715428003 0
2694 -9.641803724484383 -6.934932026570358 0
2695 1.534145434983915 5.087368256288267 0
2696 1.770090166457226 4.853594481946288 0
2697 -7.631896135777883 -6.655908238621012 0
2698 -7.140696459243602 -6.636246516359821 0
2699 -7.255152765773078 4.796892263794568 0
2700 -7.760656513675327 4.806551002943429 0
2701 -7.523554901792984 4.400278405373971 0
2702 8.535249012340781 2.721370784848641 0
2703 8.559809284715213 3.189058271860188 0
2704 4.944345660358149 2.932706323681881 0
2705 5.070135843074133 3.256124259872062 0
2706 -4.353088668602532 7.038226011504729 0
2707 4.200924545090372 0.01310710181635596 0
2708 4.022473369719211 0.2371058620024501 0
2709 -7.273632312138242 -7.951303579643046 0
2710 0.9301708369086841 1.126020028441743 0
2711 -3.598695057737659 4.067453570889731 0
2712 -3.95783256471341 4.053433800877335 0
2713 -3.775063097467704 3.750992132949465 0
2714 6.173189184076312 0.2029025098208953 0
2715 5.947914834565219 0.502420033939745 0
2716 7.75533660629335 -0.6404659204052917 0
2717 7.987411177979377 -1.01473628438886 0
2718 -5.462857670974298 4.711231484979068 0
2719 -5.878590400386853 4.719845152113985 0
2720 -5.726571577556919 4.373917616553531 0
2721 -0.5956110286815284 5.467120766276887 0
2722 -2.276754728942241 -4.317546060235646 0
2723 -1.944690735898147 -4.303208020686168 0
2724 -5.918623328864735 4.029585858998423 0
2725 -6.344069423632611 4.025937106429538 0
2726 -6.120388445527873 3.672991681739513 0
2727 6.347955253239071 6.576281947431694 0
2728 6.497164246380454 7.002088648470462 0
2729 6.043676379731722 6.9212752712204 0
2730 -5.326640289069091 -2.471321313360866 0
2731 -5.485801128999212 -2.813509303513943 0
2732 -5.101143521160259 -2.795664691602987 0
2733 -5.999543660630238 -3.912868758973878 0
2734 -6.185999752716738 -4.298620713091875 0
2735 -2.811611526418514 8.119591235136335 0
2736 -2.425402921916354 8.064497714913237 0
2737 -2.658565042166507 -1.302701949302785 0
2738 -2.518177663024301 -1.488362216096363 0
2739 0.6279385817106438 1.639357028256043 0
2740 0.4693416309869113 1.577957067782806 0
2741 -2.897455614229602 4.663875138003242 0
2742 5.749412029445701 7.248447009550592 0
2743 5.88785974519721 7.73573831764808 0
2744 0.2938108365056652 6.407415457520244 0
2745 0.02551382436076785 6.672851126567959 0
2746 3.226559734742074 2.13545081052325 0
2747 3.50699167529678 2.113938333368361 0
2748 -1.348150345955526 -2.725024879769545 0
2749 -1.129789773431979 -2.680860604137274 0
2750 -1.254728882446382 -2.485428928981157 0
2751 -6.781942847093243 4.029981297697869 0
2752 -7.214481234567583 4.009320198126547 0
2753 -6.97837292777009 3.648681829599306 0
2754 -2.952057197163593 -4.37287952333669 0
2755 -2.613101100568563 -4.34980617972629 0
2756 -9.574436072089918 3.137259034194361 0
2757 4.507051499926558 -2.082923856933341 0
2758 4.864064123473108 -2.04458253902758 0
2759 -5.063606477179324 -6.838355466919548 0
2760 -5.282584189073668 -7.220767228678167 0
2761 -4.843095878434861 -7.188658864390522 0
2762 -8.615798555732935 -5.764387197125192 0
2763 -4.202411606737521 -6.765976500542537 0
2764 4.786098209363451 2.562498328314681 0
2765 7.450413446026485 7.203452523724188 0
2766 6.961769574800037 7.103723531840693 0
2767 -5.65069502663003 -3.172953733730762 0
2768 -5.813639543292778 -3.542798192647449 0
2769 -5.666179998492728 -0.7790525448007168 0
2770 -5.49894336692142 -0.4423928080409155 0
2771 0.8155632426498057 5.861949156895895 0
2772 0.5529033265525634 6.124703411999651 0
2773 -0.4850402966289444 0.9933214935069916 0
2774 -4.998742289176317 7.442770932630985 0
2775 -5.236789436600304 7.068310387714257 0
2776 0.7770979472615601 -2.121374919268203 0
2777 1.301235306324308 5.339147096679328 0
2778 1.05067118376233 5.584948123669109 0
2779 -1.413158150577812 4.660509689422429 0
2780 -1.655269678752893 4.926530974955027 0
2781 -6.869976053533616 -3.984979439576622 0
2782 -7.072959558126787 -4.365722818281501 0
2783 -6.61587743143777 -4.328939297063195 0
2784 -6.192073709682669 -5.787719986991965 0
2785 -6.648470008563898 -5.814074393876379 0
2786 4.742707489690266 4.147110544517309 0
2787 4.846971736535074 4.495300798242569 0
2788 1.662330370221745 -1.800205890368729 0
2789 1.870648005387916 -1.761075146903242 0
2790 1.728106190695617 -1.597993588666912 0
2791 -1.255624288354636 -7.171959076666543 0
2792 0.8338028800514869 1.850438510735825 0
2793 2.34404010724097 -9.584133232936356 0
2794 1.593945201305184 1.216076769946018 0
2795 5.434679027331129 3.301501790174286 0
2796 5.21696059999903 3.587775818953034 0
2797 -5.017947104151223 5.947161856015342 0
2798 -1.686447261745789 -9.657637956039476 0
2799 -5.50289059945218 4.020972191863506 0
2800 -5.1056922967338 4.030652459642003 0
2801 -0.222366406119458 -7.42851870664146 0
2802 0.005212896751864926 -7.770313661226989 0
2803 0.1886047245897892 -7.397151970539791 0
2804 6.77516128381716 -4.943666891681486 0
2805 6.94287617682409 -4.538755474892618 0
2806 -9.585309325561241 -3.159413614831767 0
2807 -9.585309325561241 -2.603858059277832 0
2808 4.431913058912007 -8.149247155620337 0
2809 -2.602805641991595 -8.476981847906764 0
2810 -3.371907381646277 -6.688246419654622 0
2811 -3.196739999157149 -6.321592229232392 0
2812 -2.722715667672856 -6.988156487494896 0
2813 -0.9566066865253517 1.178179438695485 0
2814 -4.33231857844792 4.04565139717684 0
2815 -4.715491148887811 4.025165700641002 0
2816 3.378671944901816 -6.418366054013369 0
2817 -0.08681028546311785 -1.103515876270098 0
2818 0.08253657503520036 1.102949348751348 0
2819 2.513993683124275 4.458819123101499 0
2820 -3.285139499901383 6.662469747050492 0
2821 -3.499978206744936 7.021432029063872 0
2822 1.786885478047311 1.230629347895414 0
2823 -8.039826256226313 -2.520064570822102 0
2824 -5.961351194650605 -6.912716217620372 0
2825 -4.669348145576268 1.025528493832087 0
2826 -4.834360951081146 0.7466493797253289 0
2827 -1.703343951020571 1.433518406367104 0
2828 -9.641803724484383 -7.490487582126759 0
2829 5.032601953685109 8.7968450762685 0
2830 5.194280449283578 8.30236177404948 0
2831 -2.676075856219073 -7.723430012831813 0
2832 -2.434423221546119 -8.061060381914984 0
2833 -2.240668984314732 -7.663156403216889 0
2834 -2.529254928605378 5.28350103565803 0
2835 3.346013318221313 3.555522004503676 0
2836 3.052625587636896 3.505781793583367 0
2837 3.047950051659739 -7.172200826586208 0
2838 3.285093198692324 -7.50801007213229 0
2839 3.454566356988266 -7.122836335970969 0
2840 6.658488691382036 -0.41718237462458 0
2841 6.422345270632422 -0.09809577479521256 0
2842 -5.328848493136347 -5.740939187821132 0
2843 4.75007283443923 -5.930086148840192 0
2844 -4.817085357571404 -0.4067899529277498 0
2845 5.475505312536379 6.40069117297792 0
2846 5.600203036304316 6.822640308511825 0
2847 5.181240962250357 6.727862911308113 0
2848 4.247082955138801 -2.67659467701367 0
2849 2.098693633378945 -1.725906436888076 0
2850 -7.453587415926439 -5.113190715148543 0
2851 -2.889675030784475 5.959985859996474 0
2852 -3.093214120494454 6.303310533266933 0
2853 -3.286655605693344 5.968898776292047 0
2854 6.198861452964971 2.80469130033294 0
2855 0.1833180105051734 1.713864504543239 0
2856 0.05668997514512198 1.61156506928531 0
2857 3.081492687243328 1.705955826316134 0
2858 6.657490701292689 7.448716855629399 0
2859 5.040423871021902 -7.839191948538362 0
2860 7.866394356806851 -4.247100708132307 0
2861 7.379342600559582 -4.456931455977876 0
2862 6.916155084206064 -6.21770121225294 0
2863 0.25809213223095 7.490723492039276 0
2864 0.1307643108639724 7.072840454520619 0
2865 -4.128926010793926 7.400397495447353 0
2866 -4.562142570306026 7.408475493362817 0
2867 0.4760256254369514 -1.00012527187203 0
2868 7.577504730401365 -2.800130332002314 0
2869 -5.878255321306652 2.101584694798434 0
2870 -6.094803089013271 2.448984071368494 0
2871 3.08562283262138 -3.885622522914232 0
2872 -3.981596523794917 4.68330796543106 0
2873 -4.356082537529427 4.675525561730565 0
2874 -4.155950538717875 4.362112835117107 0
2875 8.113877488627489 9.536932983195129 0
2876 8.640193278101762 9.536932983195129 0
2877 3.696652733364953 -5.68960594712153 0
2878 3.935310768607809 -6.008470259982984 0
2879 1.810605442911963 -7.272346032744334 0
2880 2.218949211156711 -7.241351105346777 0
2881 -5.76991575152714 -5.768614005846608 0
2882 2.016347834040231 -0.01423658811927263 0
2883 2.207501246299225 -0.02301830097174502 0
2884 2.133544165709047 0.1590941090216527 0
2885 3.237272650518634 -5.080667958150201 0
2886 3.470389674112726 -5.375910811909086 0
2887 -3.697959055119253 -3.795925162235816 0
2888 -3.512274912349784 -4.083379735865252 0
2889 2.813887054982961 -4.503256384804923 0
2890 3.03022817845557 -4.778596836536767 0
2891 3.170809616221161 -4.463680717391594 0
2892 -5.466577419052047 2.721754849759836 0
2893 -5.043368211198386 2.721981756853239 0
2894 -0.3687128444984026 2.45202290576299 0
2895 -0.1849061241133451 2.315449346249144 0
2896 -3.245246353575014 4.062424910134261 0
2897 -3.085892725800468 3.760068362130569 0
2898 1.776192653878493 -1.420391683992111 0
2899 1.567875018712321 -1.459522427457598 0
2900 4.972899613679688 4.851316928945602 0
2901 5.081772956765636 5.222778495538286 0
2902 -4.638398231609553 -1.25175737706402 0
2903 -4.794037208318579 -1.54791994551778 0
2904 2.640254970555481 -7.210078420287753 0
2905 2.480253269978211 -4.532741092783628 0
2906 7.847093933760712 -9.091114307936097 0
2907 -1.520392877451261 6.264951707239334 0
2908 7.004888329321311 4.693082031910762 0
2909 2.08051549224541 4.928179891547795 0
2910 -1.828512312867764 -7.613855404468955 0
2911 4.583026827786798 -6.318076639775978 0
2912 5.214876882885677 5.601757599177601 0
2913 5.333722688041929 5.997126836140518 0
2914 -2.710641130696496 5.612331907818912 0
2915 -2.901730313892247 5.296743230860704 0
2916 -3.034569073698099 -5.956926272625505 0
2917 -2.863629687452496 7.372574354326895 0
2918 -1.606013934840884 -2.346840648018643 0
2919 -1.383274776575823 -2.316519101963947 0
2920 -6.580177730430104 4.386575474956778 0
2921 7.428720493535311 -3.252199676441076 0
2922 3.535368951311043 -7.864476350177382 0
2923 -7.719984982469833 4.018978937275409 0
2924 -7.476413550778167 -4.396320776721936 0
2925 -7.222314928682322 -4.74028063420851 0
2926 -1.99184856293255 8.062698098690351 0
2927 -1.767463782896978 -4.564829727111519 0
2928 -3.244350942593903 3.479954228187112 0
2929 -3.058640231265559 0.8292341324112754 0
2930 -2.901026472545751 1.066317645359776 0
2931 -6.388983257309908 -4.679364091796754 0
2932 -0.6294992672864527 -7.459337257011947 0
2933 -2.323048979981217 1.368781788911576 0
2934 -2.554517963823289 1.301719186954214 0
2935 -2.435280443892164 1.150354772898858 0
2936 1.333011587934724 0.6067375943727549 0
2937 1.159332318815774 -4.606123592227899 0
2938 1.476005779020292 -4.584313996662135 0
2939 5.729624293232556 5.004682779903735 0
2940 5.862728219352595 5.383661883543051 0
2941 5.477798211481398 5.309360792867512 0
2942 3.414272242267541 1.321321297725104 0
2943 -0.7484646768041812 -2.201693158074943 0
2944 -1.128046723578745 8.152966237652443 0
2945 -1.598786999930253 8.101600159024562 0
2946 -0.2503933653466278 6.95543828762592 0
2947 -2.861210416332712 -5.611243480115587 0
2948 1.537067595706403 6.060171253561354 0
2949 1.159964421777688 5.947828169194686 0
2950 -7.550240845153983 -8.451625717211547 0
2951 -7.880793440651928 -1.354145919645907 0
2952 -1.98970375181669 3.426453139704571 0
2953 -2.316276102633828 3.442106404273761 0
2954 1.178589272171283 -2.058396134690405 0
2955 -1.503946349760185 -1.017568696810081 0
2956 0.5957392757029253 -7.363231942288899 0
2957 -2.422817338852769 -4.626897123416471 0
2958 3.75980319712037 0.9199939868798984 0
2959 1.44087377737708 -0.2418802917225162 0
2960 -6.706444976714364 1.468636830938239 0
2961 -5.176728423362352 0.7488531254833732 0
2962 -0.1319127642364011 -8.149222893435441 0
2963 0.2790583664728462 -8.117856157333772 0
2964 7.101448715406164 9.668194866000047 0
2965 5.741520778579734 1.734428360107653 0
2966 -3.751723972040929 -7.452469442197218 0
2967 2.429142629240713 -0.3865717648945536 0
2968 2.311790609174416 -0.1997492608185345 0
2969 -9.633497533756682 9.066530828945048 0
2970 -9.633497533756682 9.62208638450036 0
2971 2.385802718358644 2.214750094446397 0
2972 2.451081733768148 2.440864234784274 0
2973 2.226406088093475 2.392294434839287 0
2974 2.767982141817709 -8.744254433849191 0
2975 4.751200372094 6.604603216510013 0
2976 -6.305586321099288 -2.855096971020098 0
2977 -5.876191794538862 -2.848610355488641 0
2978 1.430985730840364 1.665131149310671 0
2979 1.489606675347021 1.838985500381702 0
2980 1.305597453663887 1.807186080970446 0
2981 -6.22698980950714 -3.578125352031888 0
2982 -4.983308466833552 -1.83842133873188 0
2983 -5.14387064597376 -2.148481974852787 0
2984 -4.781420502089931 -2.143416065329002 0
2985 -2.167398770087254 -8.416708238291839 0
2986 -3.428015820820721 4.364866578062131 0
2987 4.347504462842815 -1.010277709150616 0
2988 4.163329143800842 -0.7664276852292089 0
2989 -0.0392037499377737 -4.703073684799014 0
2990 0.2639129010870064 -4.679212130878347 0
2991 0.7875005818667755 1.680472414777519 0
2992 0.3376826234561695 7.897220330918469 0
2993 -5.007380383524129 0.4511133929154748 0
2994 -5.169112222313125 0.1626189621141227 0
2995 -3.988747384911511 2.08707380541699 0
2996 -4.145744667538141 1.815624106551639 0
2997 5.752684762095889 6.091904233344231 0
2998 -6.279680840775329 0.7828828144868054 0
2999 7.068856092528264 -0.3749069655581626 0
3000 7.472382801353358 -0.3083377336034965 0
3001 7.212710676729714 0.02456526914604723 0
3002 -9.107181744282416 9.62208638450036 0
3003 -1.920188211861865 3.726213613360047 0
3004 -6.635864415937305 -0.5706480741036749 0
3005 8.453622169760269 1.807887605670086 0
3006 8.494328141359565 2.244847456709437 0
3007 1.363787469078124 1.496853905864504 0
3008 1.191440515785951 1.471757382021768 0
3009 0.3089304682840926 3.490905465011239 0
3010 0.1270024793459253 3.682121583608651 0
3011 0.0376587879453663 3.428007342171324 0
3012 -2.556237991577352 -4.943820851861068 0
3013 -2.21989161995103 -4.911560732370424 0
3014 -4.920637700298375 4.359817190417613 0
3015 2.457171133965025 -7.588647247806552 0
3016 2.263026935985622 -7.988207577809954 0
3017 4.119792486375138 0.4985714271765483 0
3018 5.337171157664078 3.925751388538694 0
3019 4.972627973407081 3.88037385823647 0
3020 4.622496932025219 3.809134974931649 0
3021 4.284165020599049 3.753700500672936 0
3022 -7.113811233645066 1.462163506261396 0
3023 -6.88768149000359 1.105139772855073 0
3024 3.960816053543223 3.679179324279173 0
3025 3.647017565592438 3.625925084236129 0
3026 -0.5940464464538838 3.764071250996339 0
3027 -0.8037178977251631 3.96901803264086 0
3028 -0.2522893353785927 -1.456581296183268 0
3029 3.533431631341161 -3.56460720328116 0
3030 3.661077154565925 -3.270954037216543 0
3031 9.624160021674568 -9.068820217848135 0
3032 9.624160021674568 -9.624375773403445 0
3033 -5.156487352202407 -1.552985855041565 0
3034 0.6283156916048418 2.505460982878151 0
3035 0.7783570693322359 2.360582035947755 0
3036 5.494351178028451 2.677906519440573 0
3037 5.129606819411534 2.599642235726114 0
3038 1.819324240542545 -8.000245568984315 0
3039 2.046485801961913 -8.368533213928693 0
3040 -4.594423193119168 -2.425365294991475 0
3041 1.62798249154982 5.419048295576839 0
3042 -3.675025087472206 5.977627731865761 0
3043 -0.90788823504688 -2.614021455038776 0
3044 -2.644971673365037 1.536550615242817 0
3045 -1.372636000480674 5.914629122641661 0
3046 -4.774579631367711 7.80494241657361 0
3047 -5.520528935564204 0.1434630747669928 0
3048 -5.339893302071996 -0.1472351017924037 0
3049 -7.580682755565819 1.462454684699608 0
3050 -7.734787963373305 1.034645663709506 0
3051 1.954012400886057 2.117723608341524 0
3052 2.005944232294739 2.327759165285994 0
3053 1.798829560496826 2.279302479126108 0
3054 3.100600688717882 -0.9567999345556588 0
3055 6.816345060552625 7.848015909887707 0
3056 9.097844232200302 -9.624375773403445 0
3057 2.222959995021209 0.3133212318492615 0
3058 5.218766408216744 4.574365558525162 0
3059 2.852647612351245 3.722431658103686 0
3060 2.935859510710829 4.00728553362662 0
3061 3.444874266825626 3.856426228692508 0
3062 2.273344882264849 -8.762380844313522 0
3063 2.551138526677567 -9.15014005540838 0
3064 -2.603223197882751 0.1616676055897014 0
3065 -0.2105537787659725 3.366887904236245 0
3066 -0.4106736615930363 3.555592541192246 0
3067 -2.718482619950555 -5.264758196701946 0
3068 2.421314926750786 4.98635547965028 0
3069 2.201692054714803 5.225445043288262 0
3070 -2.884975559192457 -2.188912633198977 0
3071 -3.03075053905093 -1.888881942753803 0
3072 -6.755468670059606 4.822118000311624 0
3073 6.560027881348509 0.258994321807489 0
3074 -5.885178231900423 0.1438807711510807 0
3075 -6.264276550563574 0.1215927652168804 0
3076 -2.073486522361532 -2.39708268173155 0
3077 -2.599064108398463 -1.711084550846134 0
3078 -2.362499877647873 -1.664362202883213 0
3079 -2.921408338852293 -4.980094587747995 0
3080 -1.321623544661522 -0.6007955353560641 0
3081 -6.852817078077051 -0.2079844459962623 0
3082 -7.039174841364977 -0.5676655190920029 0
3083 8.807827214391546 -0.908688059762393 0
3084 0.9640153290248149 2.404958174386846 0
3085 1.593263421883282 -1.99477507436253 0
3086 0.6146326285020076 -2.510042046871302 0
3087 6.070319495281547 0.8393243463740356 0
3088 6.425700751881332 0.9052287894926974 0
3089 6.18514845237048 1.184560529443136 0
3090 2.761403180533639 3.442190302726998 0
3091 2.423578684773153 -0.7477257590509974 0
3092 7.8991911904948 -0.2409936857010819 0
3093 3.523441643180431 4.161243186683362 0
3094 1.498042939441652 -1.144567347546046 0
3095 1.66987833787592 -1.109391862805123 0
3096 -1.000063354269048 4.19827941928401 0
3097 -4.806455110004663 -0.9739925766188453 0
3098 4.309742417635564 -1.823279098367923 0
3099 4.434978513626164 -1.540224090090518 0
3100 1.185290995436783 1.938796596313213 0
3101 1.126670050930125 1.764942245242181 0
3102 -3.576089601247542 3.474298277555449 0
3103 4.278235863386591 -0.4938108966824741 0
3104 -2.275902932685468 1.04338780962641 0
3105 2.309356387155911 1.995465552053644 0
3106 2.534032032830584 2.04403535199863 0
3107 1.437812937053561 -1.312179384879454 0
3108 2.535923874813751 2.669431658611424 0
3109 2.597660002947637 2.919628423173473 0
3110 1.231726686506029 2.118744869765668 0
3111 1.883598264552357 1.913397610385895 0
3112 1.680946340805821 1.883098745451782 0
3113 1.080367752745413 1.594976149283875 0
3114 0.9600612945183089 1.726586664626641 0
3115 -7.863876268222306 0.1901027374678901 0
3116 -7.857695281376431 0.7054624674665178 0
3117 2.090712936350269 1.961854296545781 0
3118 2.688269257795021 3.172171271253969 0
3119 -0.3276419858536485 3.82770217057283 0
3120 2.76479095918539 2.07917191782959 0
3121 0.03461554117248358 1.225836724300837 0
3122 5.707362535054367 0.7817517738901838 0
3123 2.27295580026322 -2.452534426600138 0
3124 2.008313084206085 -2.507242762777504 0
3125 -1.258552341124934 -4.817082745348761 0
3126 -0.9505492700770113 -4.790244156527109 0
3127 4.415263334386954 0.5934581703526194 0
3128 4.230414577866668 0.8091198328501309 0
3129 -3.404514953349492 3.189240602780699 0
3130 -3.561250482721967 2.911681905691549 0
3131 -6.317595246598975 4.818073809043293 0
3132 -2.471027317152458 3.729123153847409 0
3133 -2.306481846222319 4.011065759945939 0
3134 0.5860831750096944 -1.060881354855547 0
3135 -9.187283951860609 -2.656790960814016 0
3136 -9.60197462629937 -2.275155123754584 0
3137 -3.5516252361591 -7.067488078398911 0
3138 -3.14282757087085 -7.030028599600364 0
3139 3.075417072375398 4.578589263228418 0
3140 -5.907030382886816 8.745319381559359 0
3141 -5.372383145423847 8.823604670946779 0
3142 5.376106723309037 0.7139549822045641 0
3143 -4.740610837389391 -2.741866046614787 0
3144 -0.6748422350723507 2.195251854337992 0
3145 -0.8806903058944013 2.197914003738005 0
3146 -0.4849201959136217 -2.516656827491527 0
3147 -0.2819638815816037 -2.480300063421293 0
3148 -3.225784589492493 8.124663588589961 0
3149 -3.061348133579529 7.737505017568936 0
3150 6.46389883244376 -2.372407611421255 0
3151 1.555558063629345 2.025153677111557 0
3152 2.032917812905073 -1.928118738589893 0
3153 -0.7007917935892867 -2.575519382476724 0
3154 -0.5635365624952604 -2.727915701743469 0
3155 0.157844199532581 3.003757104773915 0
3156 -0.0286257898278053 3.175671785638833 0
3157 -1.302467415658862 4.12257779905806 0
3158 -1.581347728554846 4.046303076767938 0
3159 -2.902433522185679 -7.367398146239186 0
3160 -1.10979065383695 0.09539645915297518 0
3161 2.53607584105418 -0.5766331208872469 0
3162 2.640209515531891 -0.393210879517092 0
3163 6.159728187325676 6.172519704770735 0
3164 1.743342348313726 0.771326100939057 0
3165 1.813560840224857 0.9270041497359653 0
3166 0.9178591572383624 2.776026413553977 0
3167 0.7734706199269366 2.939175784793862 0
3168 0.684407145896692 2.716616412523718 0
3169 0.261968661091597 2.614088955223194 0
3170 0.4839271542934158 2.668610354118035 0
3171 0.3180601153834474 2.82524438486876 0
3172 4.99850164719129 -1.714734211725673 0
3173 3.696348539398923 1.402695778297472 0
3174 3.525958117280575 1.598262191936839 0
3175 -0.2688281875459339 4.048937500508737 0
3176 -0.09601564881927291 4.332363100349552 0
3177 -3.277802750526475 7.377646707780519 0
3178 -3.697696652871969 7.386362692305914 0
3179 -3.906750554575464 7.756612174164001 0
3180 -1.113419836397803 2.176115989335111 0
3181 -1.332410637086473 2.177512472291886 0
3182 -1.164914204052276 -2.272354826331675 0
3183 1.024831759374135 1.433401801406228 0
3184 5.040346141634076 0.6749435644349941 0
3185 2.126614604358171 -4.554725232648003 0
3186 2.695320505078919 2.491887318218534 0
3187 -3.076712409445796 4.978155106825236 0
3188 -3.25382391187427 4.674117886128656 0
3189 6.602366533202812 5.55382116744458 0
3190 7.08079954886132 5.570462285254109 0
3191 -3.607272616036914 4.679146546884126 0
3192 -3.807404614848466 4.992559273497584 0
3193 -2.224875605069621 -1.844568168113005 0
3194 3.851975575992856 -7.08105562588786 0
3195 3.614832428960272 -6.745246380341777 0
3196 5.147853689871104 -0.4353568746709413 0
3197 1.629090013710475 -0.4895769731400145 0
3198 1.548495516875619 -0.358751569347363 0
3199 -1.733951459555563 -2.565611475223541 0
3200 -1.850522381930667 -2.796016076369694 0
3201 -1.589660377345033 -2.759997805759582 0
3202 -7.787803087676556 -4.175971369542072 0
3203 -9.105457888964139 3.445572196807134 0
3204 4.171471252666264 -6.335350586311393 0
3205 4.423797223085394 -6.686191723723255 0
3206 -5.87889042619094 3.359958251376607 0
3207 6.351739732133042 7.746381026517476 0
3208 0.9781453123954147 1.275517867950518 0
3209 -1.866875939426518 -2.382858918628755 0
3210 1.984354513044123 1.235356523230491 0
3211 4.555847905146086 -1.240977713430232 0
3212 4.667607321791134 -0.9616262365982386 0
3213 -3.317327754154098 -4.392906886593906 0
3214 -3.124434267469596 -4.679184606164331 0
3215 3.776081163906405 -6.37658534393026 0
3216 1.797785889687903 -4.578553300408855 0
3217 -6.677667377351209 -3.605723580033251 0
3218 2.428986940843232 -0.02641856367760921 0
3219 2.020526059456371 0.6292804544694151 0
3220 1.83769714428775 0.6289295059283766 0
3221 9.632827654410233 9.624201718954883 0
3222 9.632827654410233 9.068646163398487 0
3223 4.7196610684333 0.6354156009714778 0
3224 4.84657049907926 0.9435345394897184 0
3225 4.60903897694177 0.3248671952978952 0
3226 3.822797242865737 5.55838129315913 0
3227 -3.258098611536914 5.306985978986118 0
3228 1.586165996012365 0.4738088499923019 0
3229 1.66120978576311 0.618024765457946 0
3230 1.491811200038341 0.6162054450029822 0
3231 2.939882630059969 2.523684300562235 0
3232 0.5485131971176571 -1.355013651922863 0
3233 0.5724784148556979 -1.206132481167991 0
3234 0.9961020502209569 -7.32484112081716 0
3235 1.401127543877424 -7.293468707402468 0
3236 -2.16067851619102 0.8757378973652709 0
3237 -2.258575089266963 0.6980923130679306 0
3238 1.519233087049512 -2.195374751135346 0
3239 1.730841850080274 -2.163887125377876 0
3240 4.755081372574484 -1.49157261753814 0
3241 3.793171555211392 -2.986879541199282 0
3242 3.922637127325194 -2.700746815181033 0
3243 -2.757203137275984 1.318123599230099 0
3244 0.704259631607033 -2.318687209154856 0
3245 0.9026855698355176 -2.287841859147462 0
3246 -6.175956659107012 -5.034508123054799 0
3247 -5.97064978146962 -5.400864757138807 0
3248 5.810407242559335 2.718132627513633 0
3249 -6.605834337828044 -5.064826707026119 0
3250 9.10651186493596 9.624201718954883 0
3251 1.626387475531715 -7.641042607523708 0
3252 2.634645571064332 -0.7543648736735358 0
3253 4.877970588036568 -7.428574590599869 0
3254 4.62142856522569 -7.810550350547997 0
3255 -4.402510342619351 -7.150957864340842 0
3256 4.49723613732055 8.768215002782362 0
3257 -1.391681805093315 -0.7282496409280316 0
3258 -1.435471314325658 -0.874516495879063 0
3259 -2.730344198097563 -2.380033334681035 0
3260 -1.428987514470315 -7.545197062466491 0
3261 -1.026603526731202 -7.490232102495183 0
3262 -5.475429712278684 -7.539643118020728 0
3263 5.037828216712231 1.220895923418852 0
3264 -1.20610974519208 4.419002033437273 0
3265 2.01102987522167 0.9317313250710422 0
3266 1.904761008608162 1.07650463339752 0
3267 0.5640337198876294 -4.639778564472515 0
3268 0.8715392554679855 -4.617648795279129 0
3269 2.196391416694235 0.6323370196335336 0
3270 2.095695064076229 0.785287406573606 0
3271 3.580775634950346 1.811812217238462 0
3272 -1.922972955712097 1.429580517418774 0
3273 -4.393051349278419 -2.713754640156353 0
3274 -4.208196515967451 -2.99030337393515 0
3275 5.596616780725951 4.626001523057644 0
3276 5.981546788597148 4.700302613733182 0
3277 3.280030377610179 -4.142270326687533 0
3278 0.3798026927343999 3.058278503668757 0
3279 -1.47147706113478 5.278689213789397 0
3280 -3.717820821025255 2.625617563757586 0
3281 -3.875482468079955 2.353183665443702 0
3282 0.1094041129461361 4.440781183071715 0
3283 7.088121877668023 -4.067490219999594 0
3284 1.409846341508006 -8.021368243642449 0
3285 6.269771644582383 5.464277354969557 0
3286 6.017945562831226 5.768955367933334 0
3287 -3.822804168839747 -3.504601309646748 0
3288 -3.646468093315776 5.315714934559832 0
3289 -3.471485997762227 5.6343030585953 0
3290 1.089450143000263 2.794147775108567 0
3291 1.322477958105294 2.685164615528456 0
3292 1.853329618613512 0.05811803998628103 0
3293 -0.4573443134900176 7.193337599051484 0
3294 -4.325100030146823 1.586019933208879 0
3295 -4.484811073861675 1.313347888456555 0
3296 -0.642852689011338 -4.741374080543345 0
3297 -0.3391513608859017 -4.715985271465644 0
3298 0.8165468019791438 -7.700556103653581 0
3299 -0.8028624934021316 -7.832575242811895 0
3300 1.754634060622456 5.753401624398897 0
3301 4.055445190984947 -2.39918085783562 0
3302 4.182581936507559 -2.115383961102837 0
3303 -6.154196717855621 -7.231592106962934 0
3304 -6.491763260013748 -3.235653013706822 0
3305 8.179392317140833 -8.787098559297629 0
3306 8.682628038267492 -8.733339999948921 0
3307 3.222437395809306 4.090840106950909 0
3308 3.014426887065634 4.312102491617473 0
3309 7.627764504878975 9.668194866000047 0
3310 1.034675001294279 -4.885187379236633 0
3311 -0.9555611182617745 -2.240195230636995 0
3312 5.470688903581336 4.26998539235461 0
3313 4.386400835997003 -0.2243928926113191 0
3314 4.490117533802056 0.04540977025136184 0
3315 3.411184717483007 -3.839552583942016 0
3316 1.189876725977542 -2.622515552735555 0
3317 1.036466534178951 -2.449047131815037 0
3318 -5.103005379911762 4.62566868552043 0
3319 7.340945162224753 0.3871646756410994 0
3320 6.937418453399658 0.3205954436864333 0
3321 -1.593698176785315 -0.5782222857854605 0
3322 -0.8588188668311042 5.341643291387642 0
3323 -1.181968923435122 5.266901123321261 0
3324 -4.003221703339358 -3.22393065943837 0
3325 -7.068487376395897 0.771207838117589 0
3326 -6.661121119465195 0.7776811627944319 0
3327 7.249042816134311 -3.662998847030342 0
3328 7.704265978804516 -3.574867030495585 0
3329 -0.02848456732965927 1.484965224864649 0
3330 4.567428852098276 -0.4615082282474683 0
3331 -5.446618040599995 6.020810841222151 0
3332 0.1279326726494144 1.341412083463533 0
3333 -0.002524936244544917 1.361350110261674 0
3334 2.634142668690354 -0.02132570033051517 0
3335 2.529853305815162 0.1554052595162743 0
3336 -8.670404642214722 6.452651168225611 0
3337 -2.903466107643026 0.3866788415565128 0
3338 -3.094691971094627 0.3987411605182558 0
3339 -3.0161811335638 0.1762948570302728 0
3340 8.237918824393464 5.815997141768766 0
3341 -6.645716829253439 0.116391113524507 0
3342 -7.049027254681112 0.1193736685361789 0
3343 6.688262366843547 0.6215937283025412 0
3344 6.803091323932481 0.9668299113716418 0
3345 -3.202681953290161 0.5738714509113085 0
3346 -1.423189098209179 0.9563285361852978 0
3347 -1.346803610830722 1.14979975531329 0
3348 -3.980803782816356 -7.110687262251475 0
3349 1.319894394600016 -1.174826209642702 0
3350 5.603910334937115 3.010076339166374 0
3351 3.72783917632996 -3.821255007054461 0
3352 -6.460486727167636 0.4489508797493217 0
3353 6.306181067030624 1.525461756213811 0
3354 5.950799810430839 1.45955731309515 0
3355 -9.114153478299702 -8.713159038894226 0
3356 -7.417955064937418 0.7694832519352411 0
3357 0.6576759676492141 -1.414936783008431 0
3358 0.4318185611495943 3.271391508463573 0
3359 -0.8292718684652413 -2.402762580786834 0
3360 6.375153895701783 4.779777304152844 0
3361 1.603425591954975 2.211981961494937 0
3362 -5.14752665367034 -0.4232369206937856 0
3363 -1.89215355406393 -4.854475149118365 0
3364 -6.837106825072161 -5.437736787966153 0
3365 -0.1628918530557095 -2.602015296706434 0
3366 -2.371571943338416 0.5439171046119792 0
3367 -2.477739619558527 0.3600552502977848 0
3368 -4.538450217142814 4.941377056833382 0
3369 -0.2671878185727876 2.139967939562029 0
3370 -3.423655471028004 0.06749303473687662 0
3371 -3.315396979210935 0.3634874663850685 0
3372 -4.976135422420828 -0.7019476591762616 0
3373 -1.573146369734461 -4.824667872304055 0
3374 1.987544189282063 5.501622784007836 0
3375 -7.398494943222633 0.1176490823538311 0
3376 1.412085926496175 2.167868716424857 0
3377 1.279594214831659 2.305573154149047 0
3378 6.499243105947627 -5.285129199683384 0
3379 0.2905296149230664 -2.37458872463692 0
3380 0.4890450059280501 -2.343575106992043 0
3381 2.41370063115777 0.3330675418635319 0
3382 2.311963048210938 0.4960763775436131 0
3383 6.979092397351623 1.999294411128501 0
3384 -0.7609515026166852 -5.050272964416552 0
3385 -2.079262233849537 -1.997293708111237 0
3386 -1.945548997646853 -2.178311854526653 0
3387 -5.136896406103599 -0.9904395443848811 0
3388 2.855040489014366 2.295116876735084 0
3389 -1.277529800351317 1.267972496568486 0
3390 -4.982282880376719 8.817255040571451 0
3391 -4.483922778059674 8.82623236797169 0
3392 7.076883623343709 5.081832410812215 0
3393 3.00935308416644 2.110968900173291 0
3394 4.00389321084613 0.9619878276947562 0
3395 0.5570728347452121 3.877520780292842 0
3396 -2.699471691787974 0.3626201827766132 0
3397 -1.065738686971811 -5.440054374436817 0
3398 -0.8401058826579967 -5.317272346098459 0
3399 6.269764022461196 -6.087576497494952 0
3400 3.828752678111649 1.167748724900595 0
3401 -5.695940311023147 -7.189339720549754 0
3402 -4.712804232065772 4.620181926519429 0
3403 -1.383242112291886 -5.106728167355609 0
3404 2.574983868434039 4.725305894712443 0
3405 -1.59949155124433 -7.932128430297595 0
3406 -2.926723996866198 9.631305117221949 0
3407 -2.381331061215076 9.601133190009142 0
3408 1.594569800911998 -0.2069834302905699 0
3409 4.269459775926673 -7.738629797681844 0
3410 -5.866072223671837 2.729036779892343 0
3411 -5.663343697002093 3.035994138312309 0
3412 -7.892910378730123 5.232122439884376 0
3413 -0.09719076981771767 -2.413262213369456 0
3414 6.707748784322211 4.869321116627868 0
3415 6.447149189724181 5.168527683054298 0
3416 2.618856359004891 0.338160405210626 0
3417 1.951483846922866 -2.127965261890759 0
3418 2.179529474913895 -2.092796551875593 0
3419 -5.805157065685789 8.238923241646695 0
3420 4.647164040223142 -7.034425384898672 0
3421 0.5920344770004606 3.092878788558417 0
3422 1.840504854926461 -1.078069926686841 0
3423 -1.41212613984105 -9.263101177657617 0
3424 1.109304849833478 -2.251734841928385 0
3425 1.312370236514716 -2.21960140735798 0
3426 2.393187444969042 -2.051844999591953 0
3427 -5.44217118860554 -0.996895079029143 0
3428 -1.995740066291621 1.228988229232952 0
3429 -2.088587043555643 1.049767462595081 0
3430 -1.918074710204224 -8.710696596837053 0
3431 -1.749692289758748 -8.294775130845274 0
3432 7.25662183643925 1.771968223475062 0
3433 7.620209818467993 1.525379759002724 0
3434 1.000386668970019 2.571588402838423 0
3435 1.877453512089096 -2.328564938663575 0
3436 1.449948664711707 -2.388713458373326 0
3437 3.298699337818963 1.730437736666094 0
3438 -8.26167802993254 -1.387459265890777 0
3439 -8.751897120657382 -1.320036918675465 0
3440 -0.4711233355072628 2.13050844091754 0
3441 -0.5771191032040908 2.339512249981935 0
3442 0.1858162776536399 3.903356913544559 0
3443 -0.08545540268508633 3.840458790704645 0
3444 -2.780705473251025 -1.760244938502259 0
3445 2.78883918727692 4.495034689904129 0
3446 -0.7205220037952054 8.19673111519416 0
3447 -1.009982927539024 8.518131763921298 0
3448 1.68011407338243 0.07224171115402984 0
3449 9.183749861900676 8.790689003297224 0
3450 -2.131044349470567 1.418009663042042 0
3451 8.273651184047454 -4.115233210846945 0
3452 4.235608465102608 -7.051699331434087 0
3453 -7.050133423275058 -5.082592756708108 0
3454 4.075342393130604 -7.429289287063277 0
3455 7.643875928156248 -8.7321955137587 0
3456 7.596832721450376 -8.233121505879655 0
3457 -1.335643489996172 5.567871371477125 0
3458 9.115482898569411 -8.784707096614852 0
3459 6.114881596628896 -8.318837759296224 0
3460 0.8982348792550914 -5.067731251628287 0
3461 4.745159986084056 8.124000107865001 0
3462 -9.180741883813266 8.79710233592442 0
3463 1.625608272595215 -0.07087594728364308 0
3464 -0.8224015189287051 8.877014840914743 0
3465 7.823711356061707 6.058441623042388 0
3466 -1.233226265560331 -5.279784301317736 0
3467 6.89316743910886 1.32543574410739 0
3468 6.968275730159826 1.627732703306422 0
3469 6.615638000021233 1.552761931760829 0
3470 2.849360785073094 -0.02959176823538923 0
3471 -0.5560232809556793 -8.150029881453259 0
3472 1.18602794260288 -5.056206048577058 0
3473 0.6396819305617836 -8.023445855419272 0
3474 -0.4505998915480023 1.342897743510656 0
3475 -0.3435859687198413 1.486314321799428 0
3476 4.725904858211797 -0.6962240457819135 0
3477 4.834069830822209 -0.4268060417107585 0
3478 2.748494420101164 -0.2114155914292728 0
3479 8.346107615313318 -0.9153937411781581 0
3480 -7.13802740059648 3.358286724576966 0
3481 -1.422371585307434 2.508948694109923 0
3482 -1.444109690585731 2.342426776909883 0
3483 -0.2981599323116798 8.821063160886574 0
3484 -0.2942100520742338 8.365158967399989 0
3485 6.420630924590624 -7.924017168741007 0
3486 1.040044705079815 -7.985055033947533 0
3487 -8.844909363467318 9.168921196036807 0
3488 2.855427631914631 -0.4014769474219661 0
3489 1.786587998945738 -1.250598586664516 0
3490 3.136310204913099 1.919505851617757 0
3491 0.3912360394190489 4.011774996266723 0
3492 0.1787781573880373 4.170112203362716 0
3493 7.726098322020568 0.4795662877848182 0
3494 7.450806098690512 0.7755964623252043 0
3495 7.915286863087429 1.259175538410695 0
3496 8.353777755649713 1.381075721324204 0
3497 8.815465183047216 -9.197384450140959 0
3498 -3.155732719355707 -0.01563229468516622 0
3499 -5.272490876189375 -1.268939996471727 0
3500 0.1017612428656423 -2.374612475609973 0
3501 1.232981470090645 -8.344257995408139 0
3502 -2.070511345005247 3.938118145556651 0
3503 1.383754850151789 -2.567595830023188 0
3504 1.590617700686585 -2.543369173800554 0
3505 7.931845128644118 -3.853798703799489 0
3506 -1.088921615409864 1.148447437738482 0
3507 -1.213011110813568 1.149427646538316 0
3508 1.315965554776863 2.472203382600625 0
3509 -4.538287502565154 8.122123502086543 0
3510 -4.974887221435445 8.156418941354712 0
3511 1.33054576195242 -2.777171268162783 0
3512 -1.083127862781015 5.902841032173527 0
3513 -0.782927514146937 5.681560755898234 0
3514 1.135606314786716 2.423079535941436 0
3515 6.336894412873403 -1.756579151003489 0
3516 -3.65954737782363 8.101402856385189 0
3517 7.155729054071076 1.041800682917234 0
3518 -4.090776735745586 8.115437659526627 0
3519 -4.29108432581332 8.466914184307729 0
3520 6.195368285195782 -2.078432838829738 0
3521 1.787671087363492 -2.54316462626462 0
3522 -1.547820294169858 -5.287369428273029 0
3523 3.950968741300267 -3.761054887969675 0
3524 3.828721827442114 -4.036000268630531 0
3525 8.799336721986267 9.161134702150012 0
3526 -1.47065339341481 -0.591292036680377 0
3527 6.342002438194436 -5.691520638569306 0
3528 3.885826886816921 -7.767986092135619 0
3529 8.018583562295827 0.1592722752186733 0
3530 -0.2369696595195904 1.403696596706916 0
3531 -5.364987486482574 8.162768571730039 0
3532 7.54088221386689 1.134202295060953 0
3533 -1.523639916353522 -0.4507681802134931 0
3534 -1.647157692464889 -8.95201970073472 0
3535 -0.1218016988065901 1.369389865701954 0
3536 -7.191394694399023 0.4420246418746004 0
3537 -1.804504783671179 3.961210272521156 0
3538 2.311753478986835 -2.25169152289282 0
3539 4.497424707234375 8.371800720739586 0
3540 6.610022128243343 -6.007177185800342 0
3541 -0.9531275404004285 -8.180924726936496 0
3542 -1.3501674913613 -8.226116788842809 0
3543 -1.581798144698671 -0.3300032035090713 0
3544 -5.128695357680018 8.479949657242972 0
3545 -1.103328278914847 -8.543571427484173 0
3546 -1.265336677251879 -8.899844966313381 0
$EndNodes
$Elements
1828
1 15 2 1 1 1
2 15 2 2 2 2
3 15 2 3 3 3
4 15 2 4 4 4
5 15 2 5 5 5
6 15 2 6 6 6
7 8 2 1 1 1 9 27
8 8 2 1 1 9 10 28
9 8 2 1 1 10 11 29
10 8 2 1 1 11 12 30
11 8 2 1 1 12 13 31
12 8 2 1 1 13 14 32
13 8 2 1 1 14 15 33
14 8 2 1 1 15 16 34
15 8 2 1 1 16 17 35
16 8 2 1 1 17 18 36
17 8 2 1 1 18 19 37
18 8 2 1 1 19 20 38
19 8 2 1 1 20 21 39
20 8 2 1 1 21 22 40
21 8 2 1 1 22 23 41
22 8 2 1 1 23 24 42
23 8 2 1 1 24 25 43
24 8 2 1 1 25 26 44
25 8 2 1 1 26 2 45
26 8 2 2 2 2 46 54
27 8 2 2 2 46 47 55
28 8 2 2 2 47 48 56
29 8 2 2 2 48 49 57
30 8 2 2 2 49 50 58
31 8 2 2 2 50 51 59
32 8 2 2 2 51 52 60
33 8 2 2 2 52 53 61
34 8 2 2 2 53 3 62
35 8 2 3 3 3 63 71
36 8 2 3 3 63 64 72
37 8 2 3 3 64 65 73
38 8 2 3 3 65 66 74
39 8 2 3 3 66 67 75
40 8 2 3 3 67 68 76
41 8 2 3 3 68 69 77
42 8 2 3 3 69 70 78
43 8 2 3 3 70 4 79
44 8 2 4 4 4 80 98
45 8 2 4 4 80 81 99
46 8 2 4 4 81 82 100
47 8 2 4 4 82 83 101
48 8 2 4 4 83 84 102
49 8 2 4 4 84 85 103
50 8 2 4 4 85 86 104
51 8 2 4 4 86 87 105
52 8 2 4 4 87 88 106
53 8 2 4 4 88 89 107
54 8 2 4 4 89 90 108
55 8 2 4 4 90 91 109
56 8 2 4 4 91 92 110
57 8 2 4 4 92 93 111
58 8 2 4 4 93 94 112
59 8 2 4 4 94 95 113
60 8 2 4 4 95 96 114
61 8 2 4 4 96 97 115
62 8 2 4 4 97 5 116
63 8 2 5 5 5 117 125
64 8 2 5 5 117 118 126
65 8 2 5 5 118 119 127
66 8 2 5 5 119 120 128
67 8 2 5 5 120 121 129
68 8 2 5 5 121 122 130
69 8 2 5 5 122 123 131
70 8 2 5 5 123 124 132
71 8 2 5 5 124 6 133
72 8 2 6 6 6 134 142
73 8 2 6 6 134 135 143
74 8 2 6 6 135 136 144
75 8 2 6 6 136 137 145
76 8 2 6 6 137 138 146
77 8 2 6 6 138 139 147
78 8 2 6 6 139 140 148
79 8 2 6 6 140 141 149
80 8 2 6 6 141 1 150
81 8 2 7 7 7 151 162
82 8 2 7 7 151 152 163
83 8 2 7 7 152 153 164
84 8 2 7 7 153 154 165
85 8 2 7 7 154 155 166
86 8 2 7 7 155 156 167
87 8 2 7 7 156 157 168
88 8 2 7 7 157 158 169
89 8 2 7 7 158 159 170
90 8 2 7 7 159 160 171
91 8 2 7 7 160 161 172
92 8 2 7 7 161 8 173
93 8 2 7 8 8 174 185
94 8 2 7 8 174 175 186
95 8 2 7 8 175 176 187
96 8 2 7 8 176 177 188
97 8 2 7 8 177 178 189
98 8 2 7 8 178 179 190
99 8 2 7 8 179 180 191
100 8 2 7 8 180 181 192
101 8 2 7 8 181 182 193
102 8 2 7 8 182 183 194
103 8 2 7 8 183 184 195
104 8 2 7 8 184 7 196
105 9 2 1 1 575 832 725 1010 1011 1012
106 9 2 1 1 10 11 842 29 1013 1014
107 9 2 1 1 425 730 727 1015 1016 1017
108 9 2 1 1 63 713 958 1018 1019 1020
109 9 2 1 1 526 626 681 1021 1022 1023
110 9 2 1 1 488 548 825 1024 1025 1026
111 9 2 1 1 327 654 394 1027 1028 1029
112 9 2 1 1 346 908 852 1030 1031 1032
113 9 2 1 1 656 971 684 1033 1034 1035
114 9 2 1 1 510 639 657 1036 1037 1038
115 9 2 1 1 470 821 731 1039 1040 1041
116 9 2 1 1 773 775 1004 1042 1043 1044
117 9 2 1 1 446 723 447 1045 1046 1047
118 9 2 1 1 200 894 605 1048 1049 1050
119 9 2 1 1 480 646 830 1051 1052 1053
120 9 2 1 1 409 772 774 1054 1055 1056
121 9 2 1 1 232 749 629 1057 1058 1059
122 9 2 1 1 409 775 772 1060 1061 1054
123 9 2 1 1 313 651 860 1062 1063 1064
124 9 2 1 1 541 543 751 1065 1066 1067
125 9 2 1 1 610 637 703 1068 1069 1070
126 9 2 1 1 223 686 934 1071 1072 1073
127 9 2 1 1 583 656 684 1074 1035 1075
128 9 2 1 1 664 665 812 1076 1077 1078
129 9 2 1 1 216 642 702 1079 1080 1081
130 9 2 1 1 375 784 766 1082 1083 1084
131 9 2 1 1 328 361 666 1085 1086 1087
132 9 2 1 1 207 617 660 1088 1089 1090
133 9 2 1 1 63 64 713 72 1091 1018
134 9 2 1 1 425 727 832 1017 1092 1093
135 9 2 1 1 159 610 203 1094 1095 1096
136 9 2 1 1 635 852 908 1097 1031 1098
137 9 2 1 1 232 629 807 1059 1099 1100
138 9 2 1 1 157 606 204 1101 1102 1103
139 9 2 1 1 737 835 738 1104 1105 1106
140 9 2 1 1 303 812 665 1107 1077 1108
141 9 2 1 1 223 632 686 1109 1110 1071
142 9 2 1 1 182 605 201 1111 1112 1113
143 9 2 1 1 526 680 626 1114 1115 1021
144 9 2 1 1 123 223 934 1116 1073 1117
145 9 2 1 1 772 775 773 1061 1042 1118
146 9 2 1 1 354 624 903 1119 1120 1121
147 9 2 1 1 629 749 801 1058 1122 1123
148 9 2 1 1 239 578 669 1124 1125 1126
149 9 2 1 1 233 674 679 1127 1128 1129
150 9 2 1 1 510 657 761 1038 1130 1131
151 9 2 1 1 208 692 617 1132 1133 1134
152 9 2 1 1 498 697 695 1135 1136 1137
153 9 2 1 1 327 315 654 1138 1139 1027
154 9 2 1 1 377 714 847 1140 1141 1142
155 9 2 1 1 466 647 649 1143 1144 1145
156 9 2 1 1 541 751 544 1067 1146 1147
157 9 2 1 1 10 842 748 1014 1148 1149
158 9 2 1 1 151 617 207 1150 1088 1151
159 9 2 1 1 229 716 633 1152 1153 1154
160 9 2 1 1 341 683 370 1155 1156 1157
161 9 2 1 1 432 768 769 1158 1159 1160
162 9 2 1 1 328 666 330 1087 1161 1162
163 9 2 1 1 689 843 833 1163 1164 1165
164 9 2 1 1 223 685 632 1166 1167 1109
165 9 2 1 1 285 355 668 1168 1169 1170
166 9 2 1 1 197 239 669 1171 1126 1172
167 9 2 1 1 419 509 672 1173 1174 1175
168 9 2 1 1 749 816 801 1176 1177 1122
169 9 2 1 1 627 960 736 1178 1179 1180
170 9 2 1 1 637 915 703 1181 1182 1069
171 9 2 1 1 613 925 645 1183 1184 1185
172 9 2 1 1 234 835 737 1186 1104 1187
173 9 2 1 1 725 832 727 1011 1092 1188
174 9 2 1 1 230 740 643 1189 1190 1191
175 9 2 1 1 354 943 624 1192 1193 1119
176 9 2 1 1 424 832 483 1194 1195 1196
177 9 2 1 1 488 825 992 1026 1197 1198
178 9 2 1 1 209 658 806 1199 1200 1201
179 9 2 1 1 623 963 867 1202 1203 1204
180 9 2 1 1 567 980 677 1205 1206 1207
181 9 2 1 1 548 687 825 1208 1209 1025
182 9 2 1 1 553 631 856 1210 1211 1212
183 9 2 1 1 479 641 910 1213 1214 1215
184 9 2 1 1 366 787 675 1216 1217 1218
185 9 2 1 1 622 856 631 1219 1211 1220
186 9 2 1 1 558 815 893 1221 1222 1223
187 9 2 1 1 227 777 911 1224 1225 1226
188 9 2 1 1 642 946 702 1227 1228 1080
189 9 2 1 1 617 692 970 1133 1229 1230
190 9 2 1 1 731 821 764 1040 1231 1232
191 9 2 1 1 211 747 729 1233 1234 1235
192 9 2 1 1 370 683 751 1156 1236 1237
193 9 2 1 1 288 833 843 1238 1164 1239
194 9 2 1 1 622 631 202 1220 1240 1241
195 9 2 1 1 755 837 795 1242 1243 1244
196 9 2 1 1 730 866 766 1245 1246 1247
197 9 2 1 1 800 906 901 1248 1249 1250
198 9 2 1 1 204 606 662 1102 1251 1252
199 9 2 1 1 590 918 919 1253 1254 1255
200 9 2 1 1 523 762 834 1256 1257 1258
201 9 2 1 1 586 901 906 1259 1249 1260
202 9 2 1 1 487 807 489 1261 1262 1263
203 9 2 1 1 198 631 553 1264 1210 1265
204 9 2 1 1 313 864 651 1266 1267 1062
205 9 2 1 1 476 495 661 1268 1269 1270
206 9 2 1 1 649 804 851 1271 1272 1273
207 9 2 1 1 646 941 830 1274 1275 1052
208 9 2 1 1 470 731 899 1041 1276 1277
209 9 2 1 1 203 610 703 1095 1070 1278
210 9 2 1 1 592 911 777 1279 1225 1280
211 9 2 1 1 645 925 932 1184 1281 1282
212 9 2 1 1 627 736 737 1180 1283 1284
213 9 2 1 1 604 881 761 1285 1286 1287
214 9 2 1 1 295 670 366 1288 1289 1290
215 9 2 1 1 636 785 680 1291 1292 1293
216 9 2 1 1 605 894 805 1049 1294 1295
217 9 2 1 1 575 725 911 1012 1296 1297
218 9 2 1 1 756 861 967 1298 1299 1300
219 9 2 1 1 567 677 802 1207 1301 1302
220 9 2 1 1 390 795 837 1303 1243 1304
221 9 2 1 1 551 672 991 1305 1306 1307
222 9 2 1 1 675 787 943 1217 1308 1309
223 9 2 1 1 447 723 466 1046 1310 1311
224 9 2 1 1 211 729 961 1235 1312 1313
225 9 2 1 1 636 999 785 1314 1315 1291
226 9 2 1 1 714 872 847 1316 1317 1141
227 9 2 1 1 574 733 803 1318 1319 1320
228 9 2 1 1 371 677 739 1321 1322 1323
229 9 2 1 1 323 693 667 1324 1325 1326
230 9 2 1 1 715 919 918 1327 1254 1328
231 9 2 1 1 15 678 779 1329 1330 1331
232 9 2 1 1 425 866 730 1332 1245 1015
233 9 2 1 1 473 773 1004 1333 1044 1334
234 9 2 1 1 466 723 647 1310 1335 1143
235 9 2 1 1 698 928 701 1336 1337 1338
236 9 2 1 1 435 733 574 1339 1318 1340
237 9 2 1 1 394 654 862 1028 1341 1342
238 9 2 1 1 466 649 851 1145 1273 1343
239 9 2 1 1 596 753 940 1344 1345 1346
240 9 2 1 1 201 605 671 1112 1347 1348
241 9 2 1 1 538 814 757 1349 1350 1351
242 9 2 1 1 498 959 697 1352 1353 1135
243 9 2 1 1 407 440 797 1354 1355 1356
244 9 2 1 1 203 703 638 1278 1357 1358
245 9 2 1 1 21 209 806 1359 1201 1360
246 9 2 1 1 498 695 722 1137 1361 1362
247 9 2 1 1 229 633 878 1154 1363 1364
248 9 2 1 1 354 903 812 1121 1365 1366
249 9 2 1 1 626 680 1000 1115 1367 1368
250 9 2 1 1 208 814 692 1369 1370 1132
251 9 2 1 1 495 761 661 1371 1372 1269
252 9 2 1 1 867 963 956 1203 1373 1374
253 9 2 1 1 586 891 901 1375 1376 1259
254 9 2 1 1 230 643 842 1191 1377 1378
255 9 2 1 1 544 751 683 1146 1236 1379
256 9 2 1 1 479 742 641 1380 1381 1213
257 9 2 1 1 550 734 769 1382 1383 1384
258 9 2 1 1 595 753 596 1385 1344 1386
259 9 2 1 1 480 830 632 1053 1387 1388
260 9 2 1 1 446 935 723 1389 1390 1045
261 9 2 1 1 651 765 860 1391 1392 1063
262 9 2 1 1 766 784 899 1083 1393 1394
263 9 2 1 1 510 885 639 1395 1396 1036
264 9 2 1 1 617 970 660 1230 1397 1089
265 9 2 1 1 401 758 782 1398 1399 1400
266 9 2 1 1 372 901 891 1401 1376 1402
267 9 2 1 1 64 836 713 1403 1404 1091
268 9 2 1 1 233 679 927 1129 1405 1406
269 9 2 1 1 180 952 200 1407 1408 1409
270 9 2 1 1 180 608 952 1410 1411 1407
271 9 2 1 1 237 552 238 1412 1413 1414
272 9 2 1 1 297 366 675 1415 1218 1416
273 9 2 1 1 506 814 538 1417 1349 1418
274 9 2 1 1 664 978 665 1419 1420 1076
275 9 2 1 1 509 931 672 1421 1422 1174
276 9 2 1 1 495 510 761 1423 1131 1371
277 9 2 1 1 524 943 787 1424 1308 1425
278 9 2 1 1 14 15 779 33 1331 1426
279 9 2 1 1 516 998 662 1427 1428 1429
280 9 2 1 1 701 928 797 1337 1430 1431
281 9 2 1 1 474 672 551 1432 1305 1433
282 9 2 1 1 11 230 842 1434 1378 1013
283 9 2 1 1 208 616 814 1435 1436 1369
284 9 2 1 1 556 756 967 1437 1300 1438
285 9 2 1 1 432 769 882 1160 1439 1440
286 9 2 1 1 285 668 287 1170 1441 1442
287 9 2 1 1 221 680 785 1443 1292 1444
288 9 2 1 1 201 671 757 1348 1445 1446
289 9 2 1 1 638 883 898 1447 1448 1449
290 9 2 1 1 542 805 585 1450 1451 1452
291 9 2 1 1 589 851 804 1453 1272 1454
292 9 2 1 1 214 804 948 1455 1456 1457
293 9 2 1 1 64 65 836 73 1458 1403
294 9 2 1 1 439 681 508 1459 1460 1461
295 9 2 1 1 686 830 924 1462 1463 1464
296 9 2 1 1 758 967 782 1465 1466 1399
297 9 2 1 1 424 425 832 1467 1093 1194
298 9 2 1 1 366 670 762 1289 1468 1469
299 9 2 1 1 558 962 815 1470 1471 1221
300 9 2 1 1 303 665 305 1108 1472 1473
301 9 2 1 1 516 662 921 1429 1474 1475
302 9 2 1 1 418 419 672 1476 1175 1477
303 9 2 1 1 558 893 907 1223 1478 1479
304 9 2 1 1 407 797 413 1356 1480 1481
305 9 2 1 1 323 667 841 1326 1482 1483
306 9 2 1 1 63 958 219 1020 1484 1485
307 9 2 1 1 9 10 748 28 1149 1486
308 9 2 1 1 206 604 657 1487 1488 1489
309 9 2 1 1 223 752 685 1490 1491 1166
310 9 2 1 1 221 1000 680 1492 1367 1443
311 9 2 1 1 621 739 677 1493 1322 1494
312 9 2 1 1 677 990 802 1495 1496 1301
313 9 2 1 1 652 965 939 1497 1498 1499
314 9 2 1 1 228 939 965 1500 1498 1501
315 9 2 1 1 233 748 674 1502 1503 1127
316 9 2 1 1 330 666 333 1161 1504 1505
317 9 2 1 1 238 552 655 1413 1506 1507
318 9 2 1 1 52 221 785 1508 1444 1509
319 9 2 1 1 504 692 506 1510 1511 1512
320 9 2 1 1 275 676 276 1513 1514 1515
321 9 2 1 1 514 921 673 1516 1517 1518
322 9 2 1 1 607 657 639 1519 1037 1520
323 9 2 1 1 602 995 910 1521 1522 1523
324 9 2 1 1 371 990 677 1524 1495 1321
325 9 2 1 1 265 372 691 1525 1526 1527
326 9 2 1 1 487 581 807 1528 1529 1261
327 9 2 1 1 603 630 604 1530 1531 1532
328 9 2 1 1 255 257 767 1533 1534 1535
329 9 2 1 1 210 933 932 1536 1537 1538
330 9 2 1 1 88 777 227 1539 1224 1540
331 9 2 1 1 734 979 769 1541 1542 1383
332 9 2 1 1 395 396 418 1543 1544 1545
333 9 2 1 1 508 681 626 1460 1022 1546
334 9 2 1 1 670 834 762 1547 1257 1468
335 9 2 1 1 124 752 223 1548 1490 1549
336 9 2 1 1 361 817 666 1550 1551 1086
337 9 2 1 1 255 767 573 1535 1552 1553
338 9 2 1 1 550 769 768 1384 1159 1554
339 9 2 1 1 650 948 804 1555 1456 1556
340 9 2 1 1 661 761 881 1372 1286 1557
341 9 2 1 1 326 663 987 1558 1559 1560
342 9 2 1 1 474 551 504 1433 1561 1562
343 9 2 1 1 640 992 825 1563 1197 1564
344 9 2 1 1 319 479 811 1565 1566 1567
345 9 2 1 1 571 689 688 1568 1569 1570
346 9 2 1 1 645 932 933 1282 1537 1571
347 9 2 1 1 615 611 638 1572 1573 1574
348 9 2 1 1 312 654 315 1575 1139 1576
349 9 2 1 1 542 983 805 1577 1578 1450
350 9 2 1 1 580 782 967 1579 1466 1580
351 9 2 1 1 217 925 923 1581 1582 1583
352 9 2 1 1 419 434 509 1584 1585 1173
353 9 2 1 1 225 736 960 1586 1179 1587
354 9 2 1 1 604 761 657 1287 1130 1488
355 9 2 1 1 396 419 418 1588 1476 1544
356 9 2 1 1 293 670 295 1589 1288 1590
357 9 2 1 1 355 917 668 1591 1592 1169
358 9 2 1 1 224 946 826 1593 1594 1595
359 9 2 1 1 418 672 474 1477 1432 1596
360 9 2 1 1 85 747 211 1597 1233 1598
361 9 2 1 1 236 763 699 1599 1600 1601
362 9 2 1 1 648 781 650 1602 1603 1604
363 9 2 1 1 209 982 658 1605 1606 1199
364 9 2 1 1 326 978 663 1607 1608 1558
365 9 2 1 1 578 902 669 1609 1610 1125
366 9 2 1 1 635 908 874 1098 1611 1612
367 9 2 1 1 361 394 395 1613 1614 1615
368 9 2 1 1 213 704 705 1616 1617 1618
369 9 2 1 1 318 734 550 1619 1382 1620
370 9 2 1 1 406 690 721 1621 1622 1623
371 9 2 1 1 406 408 690 1624 1625 1621
372 9 2 1 1 506 692 814 1511 1370 1417
373 9 2 1 1 216 924 642 1626 1627 1079
374 9 2 1 1 701 797 796 1431 1628 1629
375 9 2 1 1 323 844 693 1630 1631 1324
376 9 2 1 1 227 725 724 1632 1633 1634
377 9 2 1 1 339 683 341 1635 1155 1636
378 9 2 1 1 462 571 688 1637 1570 1638
379 9 2 1 1 226 679 792 1639 1640 1641
380 9 2 1 1 218 652 939 1642 1499 1643
381 9 2 1 1 717 905 740 1644 1645 1646
382 9 2 1 1 224 702 946 1647 1228 1593
383 9 2 1 1 229 878 738 1364 1648 1649
384 9 2 1 1 375 766 866 1084 1246 1650
385 9 2 1 1 544 683 950 1379 1651 1652
386 9 2 1 1 394 396 395 1653 1543 1614
387 9 2 1 1 582 740 905 1654 1645 1655
388 9 2 1 1 721 833 1009 1656 1657 1658
389 9 2 1 1 312 653 654 1659 1660 1575
390 9 2 1 1 711 708 714 1661 1662 1663
391 9 2 1 1 308 326 310 1664 1665 1666
392 9 2 1 1 489 807 629 1262 1099 1667
393 9 2 1 1 432 770 768 1668 1669 1158
394 9 2 1 1 495 496 510 1670 1671 1423
395 9 2 1 1 335 373 337 1672 1673 1674
396 9 2 1 1 640 937 799 1675 1676 1677
397 9 2 1 1 158 610 159 1678 1094 170
398 9 2 1 1 399 758 401 1679 1398 1680
399 9 2 1 1 156 606 157 1681 1101 168
400 9 2 1 1 179 608 180 1682 1410 191
401 9 2 1 1 483 832 575 1195 1010 1683
402 9 2 1 1 549 765 810 1684 1685 1686
403 9 2 1 1 279 371 281 1687 1688 1689
404 9 2 1 1 493 971 829 1690 1691 1692
405 9 2 1 1 339 682 683 1693 1694 1635
406 9 2 1 1 550 768 767 1554 1695 1696
407 9 2 1 1 585 602 601 1697 1698 1699
408 9 2 1 1 351 1008 813 1700 1701 1702
409 9 2 1 1 327 361 328 1703 1085 1704
410 9 2 1 1 579 924 830 1705 1463 1706
411 9 2 1 1 476 478 495 1707 1708 1268
412 9 2 1 1 434 661 509 1709 1710 1585
413 9 2 1 1 291 486 293 1711 1712 1713
414 9 2 1 1 295 366 297 1290 1415 1714
415 9 2 1 1 456 418 474 1715 1596 1716
416 9 2 1 1 181 605 182 1717 1111 193
417 9 2 1 1 449 799 900 1718 1719 1720
418 9 2 1 1 440 796 797 1721 1628 1355
419 9 2 1 1 327 394 361 1029 1613 1703
420 9 2 1 1 229 738 945 1649 1722 1723
421 9 2 1 1 287 668 291 1441 1724 1725
422 9 2 1 1 272 775 896 1726 1727 1728
423 9 2 1 1 293 486 670 1712 1729 1589
424 9 2 1 1 50 215 694 1730 1731 1732
425 9 2 1 1 434 476 661 1733 1270 1709
426 9 2 1 1 276 676 279 1514 1734 1735
427 9 2 1 1 121 216 702 1736 1081 1737
428 9 2 1 1 333 644 335 1738 1739 1740
429 9 2 1 1 326 653 310 1741 1742 1665
430 9 2 1 1 7 617 151 1743 1150 162
431 9 2 1 1 87 227 724 1744 1634 1745
432 9 2 1 1 310 653 312 1742 1659 1746
433 9 2 1 1 66 704 213 1747 1616 1748
434 9 2 1 1 137 715 214 1749 1750 1751
435 9 2 1 1 315 327 322 1138 1752 1753
436 9 2 1 1 694 722 695 1754 1361 1755
437 9 2 1 1 299 675 354 1756 1757 1758
438 9 2 1 1 9 748 949 1486 1759 1760
439 9 2 1 1 333 666 644 1504 1761 1738
440 9 2 1 1 614 900 799 1762 1719 1763
441 9 2 1 1 548 572 826 1764 1765 1766
442 9 2 1 1 535 693 1003 1767 1768 1769
443 9 2 1 1 253 776 256 1770 1771 1772
444 9 2 1 1 474 504 485 1562 1773 1774
445 9 2 1 1 688 689 833 1569 1165 1775
446 9 2 1 1 279 676 371 1734 1776 1687
447 9 2 1 1 542 585 557 1452 1777 1778
448 9 2 1 1 305 665 308 1472 1779 1780
449 9 2 1 1 690 833 721 1781 1656 1622
450 9 2 1 1 593 594 723 1782 1783 1784
451 9 2 1 1 267 691 275 1785 1786 1787
452 9 2 1 1 391 393 721 1788 1789 1790
453 9 2 1 1 220 940 753 1791 1345 1792
454 9 2 1 1 337 373 682 1673 1793 1794
455 9 2 1 1 504 551 692 1561 1795 1510
456 9 2 1 1 215 722 694 1796 1754 1731
457 9 2 1 1 283 355 285 1797 1168 1798
458 9 2 1 1 707 714 708 1799 1662 1800
459 9 2 1 1 341 370 343 1157 1801 1802
460 9 2 1 1 568 898 883 1803 1448 1804
461 9 2 1 1 504 506 505 1512 1805 1806
462 9 2 1 1 15 994 678 1807 1808 1329
463 9 2 1 1 84 211 716 1809 1810 1811
464 9 2 1 1 13 212 717 1812 1813 1814
465 9 2 1 1 14 779 212 1426 1815 1816
466 9 2 1 1 479 839 811 1817 1818 1566
467 9 2 1 1 231 778 975 1819 1820 1821
468 9 2 1 1 520 522 569 1822 1823 1824
469 9 2 1 1 283 739 1006 1825 1826 1827
470 9 2 1 1 213 705 706 1618 1828 1829
471 9 2 1 1 530 795 667 1830 1831 1832
472 9 2 1 1 602 910 641 1523 1214 1833
473 9 2 1 1 664 812 903 1078 1365 1834
474 9 2 1 1 705 707 706 1835 1836 1828
475 9 2 1 1 710 708 711 1837 1661 1838
476 9 2 1 1 256 776 259 1771 1839 1840
477 9 2 1 1 530 667 532 1832 1841 1842
478 9 2 1 1 613 923 925 1843 1582 1183
479 9 2 1 1 299 354 301 1758 1844 1845
480 9 2 1 1 265 691 267 1527 1785 1846
481 9 2 1 1 640 799 992 1677 1847 1563
482 9 2 1 1 346 877 908 1848 1849 1030
483 9 2 1 1 297 675 299 1416 1756 1850
484 9 2 1 1 214 715 918 1750 1328 1851
485 9 2 1 1 335 644 373 1739 1852 1672
486 9 2 1 1 726 729 747 1853 1234 1854
487 9 2 1 1 386 745 388 1855 1856 1857
488 9 2 1 1 452 741 831 1858 1859 1860
489 9 2 1 1 275 691 922 1786 1861 1862
490 9 2 1 1 234 737 736 1187 1283 1863
491 9 2 1 1 337 682 339 1794 1693 1864
492 9 2 1 1 735 947 801 1865 1866 1867
493 9 2 1 1 725 727 726 1188 1868 1869
494 9 2 1 1 724 726 747 1870 1854 1871
495 9 2 1 1 706 707 708 1836 1800 1872
496 9 2 1 1 638 703 883 1357 1873 1447
497 9 2 1 1 197 237 238 1874 1414 1875
498 9 2 1 1 462 500 571 1876 1877 1637
499 9 2 1 1 199 669 902 1878 1610 1879
500 9 2 1 1 473 789 773 1880 1881 1333
501 9 2 1 1 283 1006 355 1827 1882 1797
502 9 2 1 1 711 789 886 1883 1884 1885
503 9 2 1 1 727 730 728 1016 1886 1887
504 9 2 1 1 430 462 688 1888 1638 1889
505 9 2 1 1 291 293 292 1713 1890 1891
506 9 2 1 1 272 1004 775 1892 1043 1726
507 9 2 1 1 700 975 778 1893 1820 1894
508 9 2 1 1 263 372 265 1895 1525 1896
509 9 2 1 1 618 855 571 1897 1898 1899
510 9 2 1 1 313 860 840 1064 1900 1901
511 9 2 1 1 548 826 687 1766 1902 1208
512 9 2 1 1 393 406 721 1903 1623 1789
513 9 2 1 1 536 803 733 1904 1319 1905
514 9 2 1 1 594 647 723 1906 1335 1783
515 9 2 1 1 408 430 690 1907 1908 1625
516 9 2 1 1 222 694 695 1909 1755 1910
517 9 2 1 1 743 791 744 1911 1912 1913
518 9 2 1 1 606 921 662 1914 1474 1251
519 9 2 1 1 395 418 456 1545 1715 1915
520 9 2 1 1 375 916 784 1916 1917 1082
521 9 2 1 1 362 401 742 1918 1919 1920
522 9 2 1 1 532 693 535 1921 1767 1922
523 9 2 1 1 23 231 718 1923 1924 1925
524 9 2 1 1 356 381 744 1926 1927 1928
525 9 2 1 1 724 725 726 1633 1869 1870
526 9 2 1 1 94 232 720 1929 1930 1931
527 9 2 1 1 792 912 919 1932 1933 1934
528 9 2 1 1 326 308 665 1664 1779 1935
529 9 2 1 1 176 237 197 1936 1874 1937
530 9 2 1 1 177 197 669 1938 1172 1939
531 9 2 1 1 423 536 732 1940 1941 1942
532 9 2 1 1 293 295 294 1590 1943 1944
533 9 2 1 1 327 328 322 1704 1945 1752
534 9 2 1 1 701 796 793 1629 1946 1947
535 9 2 1 1 269 318 550 1948 1620 1949
536 9 2 1 1 464 651 848 1950 1951 1952
537 9 2 1 1 308 310 309 1666 1953 1954
538 9 2 1 1 563 895 566 1955 1956 1957
539 9 2 1 1 441 790 635 1958 1959 1960
540 9 2 1 1 511 513 514 1961 1962 1963
541 9 2 1 1 330 333 332 1505 1964 1965
542 9 2 1 1 47 763 236 1966 1599 1967
543 9 2 1 1 281 739 283 1968 1825 1969
544 9 2 1 1 573 767 768 1552 1695 1970
545 9 2 1 1 235 735 801 1971 1867 1972
546 9 2 1 1 454 576 741 1973 1974 1975
547 9 2 1 1 536 733 732 1905 1976 1941
548 9 2 1 1 532 667 693 1841 1325 1921
549 9 2 1 1 535 1003 791 1769 1977 1978
550 9 2 1 1 226 927 679 1979 1405 1639
551 9 2 1 1 419 433 434 1980 1981 1584
552 9 2 1 1 604 630 881 1531 1982 1285
553 9 2 1 1 926 957 958 1983 1984 1985
554 9 2 1 1 209 718 719 1986 1987 1988
555 9 2 1 1 500 618 571 1989 1899 1877
556 9 2 1 1 478 496 495 1990 1670 1708
557 9 2 1 1 154 206 607 1991 1992 1993
558 9 2 1 1 566 568 567 1994 1995 1996
559 9 2 1 1 218 942 652 1997 1998 1642
560 9 2 1 1 333 335 334 1740 1999 2000
561 9 2 1 1 178 669 199 2001 1878 2002
562 9 2 1 1 686 924 934 1464 2003 1072
563 9 2 1 1 695 697 696 1136 2004 2005
564 9 2 1 1 153 603 206 2006 2007 2008
565 9 2 1 1 3 63 219 71 1485 2009
566 9 2 1 1 198 552 237 2010 1412 2011
567 9 2 1 1 52 53 221 61 2012 1508
568 9 2 1 1 6 134 220 142 2013 2014
569 9 2 1 1 50 51 215 59 2015 1730
570 9 2 1 1 123 124 223 132 1549 1116
571 9 2 1 1 248 397 800 2016 2017 2018
572 9 2 1 1 121 122 216 130 2019 1736
573 9 2 1 1 257 269 767 2020 2021 1534
574 9 2 1 1 65 66 213 74 1748 2022
575 9 2 1 1 136 137 214 145 1751 2023
576 9 2 1 1 175 198 237 2024 2011 2025
577 9 2 1 1 155 607 205 2026 2027 2028
578 9 2 1 1 573 770 809 2029 2030 2031
579 9 2 1 1 349 1008 351 2032 1700 2033
580 9 2 1 1 291 668 486 1724 2034 1711
581 9 2 1 1 89 90 217 108 2035 2036
582 9 2 1 1 18 19 218 37 2037 2038
583 9 2 1 1 87 88 227 106 1540 1744
584 9 2 1 1 430 688 690 1889 2039 1908
585 9 2 1 1 320 755 392 2040 2041 2042
586 9 2 1 1 16 17 228 35 2043 2044
587 9 2 1 1 86 87 724 105 1745 2045
588 9 2 1 1 119 224 735 2046 2047 2048
589 9 2 1 1 563 566 565 1957 2049 2050
590 9 2 1 1 160 203 611 2051 2052 2053
591 9 2 1 1 84 85 211 103 1598 1809
592 9 2 1 1 656 829 971 2054 1691 1033
593 9 2 1 1 13 14 212 32 1816 1812
594 9 2 1 1 380 750 382 2055 2056 2057
595 9 2 1 1 287 291 290 1725 2058 2059
596 9 2 1 1 343 370 756 1801 2060 2061
597 9 2 1 1 21 22 209 40 2062 1359
598 9 2 1 1 263 901 372 2063 1401 1895
599 9 2 1 1 92 93 210 111 2064 2065
600 9 2 1 1 381 411 744 2066 2067 1927
601 9 2 1 1 528 755 795 2068 1244 2069
602 9 2 1 1 454 741 452 1975 1858 2070
603 9 2 1 1 514 515 516 2071 2072 2073
604 9 2 1 1 573 768 770 1970 1669 2029
605 9 2 1 1 365 732 734 2074 2075 2076
606 9 2 1 1 499 996 987 2077 2078 2079
607 9 2 1 1 726 727 728 1868 1887 2080
608 9 2 1 1 587 810 765 2081 1685 2082
609 9 2 1 1 49 694 222 2083 1909 2084
610 9 2 1 1 120 702 224 2085 1647 2086
611 9 2 1 1 152 207 603 2087 2088 2089
612 9 2 1 1 599 819 780 2090 2091 2092
613 9 2 1 1 267 275 271 1787 2093 2094
614 9 2 1 1 318 365 734 2095 2076 1619
615 9 2 1 1 206 657 607 1489 1519 1992
616 9 2 1 1 260 274 783 2096 2097 2098
617 9 2 1 1 67 225 704 2099 2100 2101
618 9 2 1 1 138 226 715 2102 2103 2104
619 9 2 1 1 514 673 885 1518 2105 2106
620 9 2 1 1 22 718 209 2107 1986 2062
621 9 2 1 1 388 745 416 1856 2108 2109
622 9 2 1 1 93 720 210 2110 2111 2064
623 9 2 1 1 650 781 988 1603 2112 2113
624 9 2 1 1 161 611 202 2114 2115 2116
625 9 2 1 1 206 603 604 2007 1532 1487
626 9 2 1 1 69 234 736 2117 1863 2118
627 9 2 1 1 174 631 198 2119 1264 2120
628 9 2 1 1 8 202 631 2121 1240 2122
629 9 2 1 1 750 840 860 2123 1900 2124
630 9 2 1 1 728 730 731 1886 2125 2126
631 9 2 1 1 599 780 779 2092 2127 2128
632 9 2 1 1 705 746 707 2129 2130 1835
633 9 2 1 1 632 830 686 1387 1462 1110
634 9 2 1 1 65 213 836 2022 2131 1458
635 9 2 1 1 295 297 296 1714 2132 2133
636 9 2 1 1 708 710 709 1837 2134 2135
637 9 2 1 1 506 538 507 1418 2136 2137
638 9 2 1 1 496 511 510 2138 2139 1671
639 9 2 1 1 205 607 639 2027 1520 2140
640 9 2 1 1 231 793 718 2141 2142 1924
641 9 2 1 1 557 585 601 1777 1699 2143
642 9 2 1 1 518 520 915 2144 2145 2146
643 9 2 1 1 514 516 921 2073 1475 1516
644 9 2 1 1 305 308 307 1780 2147 2148
645 9 2 1 1 207 630 603 2149 1530 2088
646 9 2 1 1 416 745 558 2108 2150 2151
647 9 2 1 1 275 973 676 2152 2153 1513
648 9 2 1 1 83 716 229 2154 1152 2155
649 9 2 1 1 12 717 230 2156 2157 2158
650 9 2 1 1 741 908 877 2159 1849 2160
651 9 2 1 1 335 337 336 1674 2161 2162
652 9 2 1 1 441 635 443 1960 2163 2164
653 9 2 1 1 620 677 980 2165 1206 2166
654 9 2 1 1 528 530 529 2167 2168 2169
655 9 2 1 1 411 743 744 2170 1913 2067
656 9 2 1 1 543 966 751 2171 2172 1066
657 9 2 1 1 222 695 696 1910 2005 2173
658 9 2 1 1 3 219 871 2009 2174 2175
659 9 2 1 1 551 970 692 2176 1229 1795
660 9 2 1 1 493 829 760 1692 2177 2178
661 9 2 1 1 53 871 221 2179 2180 2012
662 9 2 1 1 222 696 763 2173 2181 2182
663 9 2 1 1 546 846 628 2183 2184 2185
664 9 2 1 1 572 801 947 2186 1866 2187
665 9 2 1 1 281 371 739 1688 1323 1968
666 9 2 1 1 416 558 439 2151 2188 2189
667 9 2 1 1 696 699 763 2190 1600 2181
668 9 2 1 1 456 474 485 1716 1774 2191
669 9 2 1 1 203 638 611 1358 1573 2052
670 9 2 1 1 518 915 998 2146 2192 2193
671 9 2 1 1 430 461 462 2194 2195 1888
672 9 2 1 1 359 479 319 2196 1565 2197
673 9 2 1 1 698 701 700 1338 2198 2199
674 9 2 1 1 202 611 615 2115 1572 2200
675 9 2 1 1 434 475 476 2201 2202 1733
676 9 2 1 1 582 905 889 1655 2203 2204
677 9 2 1 1 49 50 694 58 1732 2083
678 9 2 1 1 459 941 909 2205 2206 2207
679 9 2 1 1 120 121 702 129 1737 2085
680 9 2 1 1 66 67 704 75 2101 1747
681 9 2 1 1 137 138 715 146 2104 1749
682 9 2 1 1 392 755 405 2041 2208 2209
683 9 2 1 1 606 673 921 2210 1517 1914
684 9 2 1 1 365 423 732 2211 1942 2074
685 9 2 1 1 485 504 505 1773 1806 2212
686 9 2 1 1 220 753 752 1792 2213 2214
687 9 2 1 1 372 863 691 2215 2216 1526
688 9 2 1 1 486 668 917 2034 1592 2217
689 9 2 1 1 235 801 816 1972 1177 2218
690 9 2 1 1 83 84 716 102 1811 2154
691 9 2 1 1 12 13 717 31 1814 2156
692 9 2 1 1 310 312 311 1746 2219 2220
693 9 2 1 1 382 750 422 2056 2221 2222
694 9 2 1 1 68 736 225 2223 1586 2224
695 9 2 1 1 569 703 915 2225 1182 2226
696 9 2 1 1 671 964 757 2227 2228 1445
697 9 2 1 1 48 49 222 57 2084 2229
698 9 2 1 1 119 120 224 128 2086 2046
699 9 2 1 1 67 68 225 76 2224 2099
700 9 2 1 1 138 139 226 147 2230 2102
701 9 2 1 1 685 752 753 1491 2213 2231
702 9 2 1 1 423 482 536 2232 2233 1940
703 9 2 1 1 362 399 401 2234 1680 1918
704 9 2 1 1 230 717 740 2157 1646 1189
705 9 2 1 1 405 755 528 2208 2068 2235
706 9 2 1 1 615 638 898 1574 1449 2236
707 9 2 1 1 516 517 518 2237 2238 2239
708 9 2 1 1 731 766 899 2240 1394 1276
709 9 2 1 1 118 735 235 2241 1971 2242
710 9 2 1 1 20 21 806 39 1360 2243
711 9 2 1 1 563 976 895 2244 2245 1955
712 9 2 1 1 225 870 704 2246 2247 2100
713 9 2 1 1 290 291 292 2058 1891 2248
714 9 2 1 1 422 750 549 2221 2249 2250
715 9 2 1 1 279 281 280 1689 2251 2252
716 9 2 1 1 696 697 698 2004 2253 2254
717 9 2 1 1 408 429 430 2255 2256 1907
718 9 2 1 1 771 774 772 2257 1055 2258
719 9 2 1 1 445 656 583 2259 1074 2260
720 9 2 1 1 405 528 437 2235 2261 2262
721 9 2 1 1 411 481 743 2263 2264 2170
722 9 2 1 1 399 426 758 2265 2266 1679
723 9 2 1 1 214 918 804 1851 2267 1455
724 9 2 1 1 530 532 531 1842 2268 2269
725 9 2 1 1 538 540 539 2270 2271 2272
726 9 2 1 1 486 917 993 2217 2273 2274
727 9 2 1 1 646 909 941 2275 2206 1274
728 9 2 1 1 370 751 966 1237 2172 2276
729 9 2 1 1 312 315 314 1576 2277 2278
730 9 2 1 1 236 699 954 1601 2279 2280
731 9 2 1 1 337 339 338 1864 2281 2282
732 9 2 1 1 456 817 395 2283 2284 1915
733 9 2 1 1 454 457 576 2285 2286 1973
734 9 2 1 1 238 655 240 1507 2287 2288
735 9 2 1 1 275 922 973 1862 2289 2152
736 9 2 1 1 281 283 282 1969 2290 2291
737 9 2 1 1 618 907 893 2292 1478 2293
738 9 2 1 1 183 201 616 2294 2295 2296
739 9 2 1 1 422 549 428 2250 2297 2298
740 9 2 1 1 6 220 752 2014 2214 2299
741 9 2 1 1 86 724 747 2045 1871 2300
742 9 2 1 1 744 791 1005 1912 2301 2302
743 9 2 1 1 732 904 734 2303 2304 2075
744 9 2 1 1 82 83 229 101 2155 2305
745 9 2 1 1 11 12 230 30 2158 1434
746 9 2 1 1 118 119 735 127 2048 2241
747 9 2 1 1 23 24 231 42 2306 1923
748 9 2 1 1 94 95 232 113 2307 1929
749 9 2 1 1 276 279 278 1735 2308 2309
750 9 2 1 1 22 23 718 41 1925 2107
751 9 2 1 1 69 70 234 78 2310 2117
752 9 2 1 1 140 141 233 149 2311 2312
753 9 2 1 1 93 94 720 112 1931 2110
754 9 2 1 1 259 776 771 1839 2313 2314
755 9 2 1 1 46 47 236 55 1967 2315
756 9 2 1 1 117 118 235 126 2242 2316
757 9 2 1 1 292 293 294 1890 1944 2317
758 9 2 1 1 219 957 871 2318 2319 2174
759 9 2 1 1 532 535 534 1922 2320 2321
760 9 2 1 1 297 299 298 1850 2322 2323
761 9 2 1 1 95 749 232 2324 1057 2307
762 9 2 1 1 464 471 651 2325 2326 1950
763 9 2 1 1 462 463 500 2327 2328 1876
764 9 2 1 1 307 308 309 2147 1954 2329
765 9 2 1 1 516 518 998 2239 2193 1427
766 9 2 1 1 738 835 945 1105 2330 1722
767 9 2 1 1 68 69 736 77 2118 2223
768 9 2 1 1 315 322 321 1753 2331 2332
769 9 2 1 1 634 764 821 2333 1231 2334
770 9 2 1 1 439 907 681 2335 2336 1459
771 9 2 1 1 492 634 821 2337 2334 2338
772 9 2 1 1 274 353 783 2339 2340 2097
773 9 2 1 1 601 602 641 1698 1833 2341
774 9 2 1 1 396 433 419 2342 1980 1588
775 9 2 1 1 215 785 999 2343 1315 2344
776 9 2 1 1 24 778 231 2345 1819 2306
777 9 2 1 1 6 752 124 2299 1548 133
778 9 2 1 1 269 550 767 1949 1696 2021
779 9 2 1 1 780 889 905 2346 2203 2347
780 9 2 1 1 245 754 397 2348 2349 2350
781 9 2 1 1 510 511 885 2139 2351 1395
782 9 2 1 1 693 844 1003 1631 2352 1768
783 9 2 1 1 378 470 759 2353 2354 2355
784 9 2 1 1 426 556 758 2356 2357 2266
785 9 2 1 1 706 708 709 1872 2135 2358
786 9 2 1 1 320 837 755 2359 1242 2040
787 9 2 1 1 294 295 296 1943 2133 2360
788 9 2 1 1 339 341 340 1636 2361 2362
789 9 2 1 1 283 285 284 1798 2363 2364
790 9 2 1 1 332 333 334 1964 2000 2365
791 9 2 1 1 762 876 787 2366 2367 2368
792 9 2 1 1 783 784 838 2369 2370 2371
793 9 2 1 1 85 86 747 104 2300 1597
794 9 2 1 1 584 990 973 2372 2373 2374
795 9 2 1 1 95 96 749 114 2375 2324
796 9 2 1 1 391 721 857 1790 2376 2377
797 9 2 1 1 201 757 616 1446 2378 2295
798 9 2 1 1 635 790 852 1959 2379 1097
799 9 2 1 1 552 554 655 2380 2381 1506
800 9 2 1 1 689 855 859 2382 2383 2384
801 9 2 1 1 445 828 656 2385 2386 2259
802 9 2 1 1 503 912 792 2387 1932 2388
803 9 2 1 1 19 824 218 2389 2390 2037
804 9 2 1 1 476 477 478 2391 2392 1707
805 9 2 1 1 774 776 892 2393 2394 2395
806 9 2 1 1 299 301 300 1845 2396 2397
807 9 2 1 1 426 525 556 2398 2399 2356
808 9 2 1 1 527 771 772 2400 2258 2401
809 9 2 1 1 540 542 541 2402 2403 2404
810 9 2 1 1 212 779 780 1815 2127 2405
811 9 2 1 1 377 914 714 2406 2407 1140
812 9 2 1 1 518 519 520 2408 2409 2144
813 9 2 1 1 47 48 763 56 2410 1966
814 9 2 1 1 730 766 731 1247 2240 2125
815 9 2 1 1 48 222 763 2229 2182 2410
816 9 2 1 1 353 378 759 2411 2355 2412
817 9 2 1 1 546 628 627 2185 2413 2414
818 9 2 1 1 341 343 342 1802 2415 2416
819 9 2 1 1 492 633 634 2417 2418 2337
820 9 2 1 1 328 330 329 1162 2419 2420
821 9 2 1 1 88 89 777 107 2421 1539
822 9 2 1 1 634 961 764 2422 2423 2333
823 9 2 1 1 51 52 785 60 1509 2424
824 9 2 1 1 711 886 977 1885 2425 2426
825 9 2 1 1 134 135 781 143 2427 2428
826 9 2 1 1 378 417 470 2429 2430 2353
827 9 2 1 1 535 743 786 2431 2432 2433
828 9 2 1 1 356 744 869 1928 2434 2435
829 9 2 1 1 710 712 709 2436 2437 2134
830 9 2 1 1 245 397 248 2350 2016 2438
831 9 2 1 1 429 461 430 2439 2194 2256
832 9 2 1 1 456 537 817 2440 2441 2283
833 9 2 1 1 90 925 217 2442 1581 2035
834 9 2 1 1 482 760 536 2443 2444 2233
835 9 2 1 1 273 771 527 2445 2400 2446
836 9 2 1 1 18 218 939 2038 1643 2447
837 9 2 1 1 513 515 514 2448 2071 1962
838 9 2 1 1 593 723 935 1784 1390 2449
839 9 2 1 1 17 939 228 2450 1500 2043
840 9 2 1 1 437 528 529 2261 2169 2451
841 9 2 1 1 628 746 870 2452 2453 2454
842 9 2 1 1 134 781 220 2428 2455 2013
843 9 2 1 1 89 217 777 2036 2456 2421
844 9 2 1 1 505 506 507 1805 2137 2457
845 9 2 1 1 51 785 215 2424 2343 2015
846 9 2 1 1 618 893 855 2293 2458 1897
847 9 2 1 1 334 335 336 1999 2162 2459
848 9 2 1 1 549 860 765 2460 1392 1684
849 9 2 1 1 259 771 273 2314 2445 2461
850 9 2 1 1 309 310 311 1953 2220 2462
851 9 2 1 1 92 210 932 2065 1538 2463
852 9 2 1 1 698 700 699 2199 2464 2465
853 9 2 1 1 535 791 743 1978 1911 2431
854 9 2 1 1 707 872 714 2466 1316 1799
855 9 2 1 1 565 566 567 2049 1996 2467
856 9 2 1 1 271 275 276 2093 1515 2468
857 9 2 1 1 240 655 754 2287 2469 2470
858 9 2 1 1 726 728 729 2080 2471 1853
859 9 2 1 1 556 625 756 2472 2473 1437
860 9 2 1 1 205 673 606 2474 2210 2475
861 9 2 1 1 528 795 530 2069 1830 2167
862 9 2 1 1 471 765 651 2476 1391 2326
863 9 2 1 1 433 475 434 2477 2201 1981
864 9 2 1 1 184 616 208 2478 1435 2479
865 9 2 1 1 296 297 298 2132 2323 2480
866 9 2 1 1 529 530 531 2168 2269 2481
867 9 2 1 1 262 261 263 2482 2483 2484
868 9 2 1 1 24 25 778 43 2485 2345
869 9 2 1 1 257 268 269 2486 2487 2020
870 9 2 1 1 368 369 828 2488 2489 2490
871 9 2 1 1 461 463 462 2491 2327 2195
872 9 2 1 1 486 834 670 2492 1547 1729
873 9 2 1 1 248 800 250 2018 2493 2494
874 9 2 1 1 269 317 318 2495 2496 1948
875 9 2 1 1 252 255 573 2497 1553 2498
876 9 2 1 1 609 902 839 2499 2500 2501
877 9 2 1 1 273 527 324 2446 2502 2503
878 9 2 1 1 770 858 809 2504 2505 2030
879 9 2 1 1 250 261 254 2506 2507 2508
880 9 2 1 1 667 795 1002 1831 2509 2510
881 9 2 1 1 353 759 783 2412 2511 2340
882 9 2 1 1 718 793 719 2142 2512 1987
883 9 2 1 1 728 731 764 2126 1232 2513
884 9 2 1 1 336 337 338 2161 2282 2514
885 9 2 1 1 344 349 347 2515 2516 2517
886 9 2 1 1 239 241 578 2518 2519 1124
887 9 2 1 1 261 800 901 2520 1250 2521
888 9 2 1 1 285 287 286 1442 2522 2523
889 9 2 1 1 759 784 783 2524 2369 2511
890 9 2 1 1 385 448 449 2525 2526 2527
891 9 2 1 1 96 97 816 115 2528 2529
892 9 2 1 1 741 877 831 2160 2530 1859
893 9 2 1 1 263 265 264 1896 2531 2532
894 9 2 1 1 696 698 699 2254 2465 2190
895 9 2 1 1 381 410 411 2533 2534 2066
896 9 2 1 1 349 351 350 2033 2535 2536
897 9 2 1 1 382 422 421 2222 2537 2538
898 9 2 1 1 361 395 817 1615 2284 1550
899 9 2 1 1 555 561 560 2539 2540 2541
900 9 2 1 1 393 404 406 2542 2543 1903
901 9 2 1 1 705 870 746 2544 2453 2129
902 9 2 1 1 771 776 774 2313 2393 2257
903 9 2 1 1 734 904 979 2304 2545 1541
904 9 2 1 1 252 573 809 2498 2031 2546
905 9 2 1 1 301 303 302 2547 2548 2549
906 9 2 1 1 572 947 826 2187 2550 1765
907 9 2 1 1 531 532 534 2268 2321 2551
908 9 2 1 1 301 812 303 2552 1107 2547
909 9 2 1 1 499 987 875 2079 2553 2554
910 9 2 1 1 278 279 280 2308 2252 2555
911 9 2 1 1 338 339 340 2281 2362 2556
912 9 2 1 1 515 517 516 2557 2237 2072
913 9 2 1 1 370 966 861 2276 2558 2559
914 9 2 1 1 520 521 522 2560 2561 1822
915 9 2 1 1 25 26 820 44 2562 2563
916 9 2 1 1 411 460 481 2564 2565 2263
917 9 2 1 1 354 675 943 1757 1309 1192
918 9 2 1 1 330 332 331 1965 2566 2567
919 9 2 1 1 547 737 738 2568 1106 2569
920 9 2 1 1 265 267 266 1846 2570 2571
921 9 2 1 1 647 648 649 2572 2573 1144
922 9 2 1 1 280 281 282 2251 2291 2574
923 9 2 1 1 298 299 300 2322 2397 2575
924 9 2 1 1 463 526 500 2576 2577 2328
925 9 2 1 1 366 762 787 1469 2368 1216
926 9 2 1 1 250 800 261 2493 2520 2506
927 9 2 1 1 729 764 961 2578 2423 1312
928 9 2 1 1 449 450 451 2579 2580 2581
929 9 2 1 1 340 341 342 2361 2416 2582
930 9 2 1 1 392 405 403 2209 2583 2584
931 9 2 1 1 387 389 473 2585 2586 2587
932 9 2 1 1 282 283 284 2290 2364 2588
933 9 2 1 1 311 312 314 2219 2278 2589
934 9 2 1 1 1 9 949 27 1760 2590
935 9 2 1 1 384 445 444 2591 2592 2593
936 9 2 1 1 728 764 729 2513 2578 2471
937 9 2 1 1 484 882 769 2594 1439 2595
938 9 2 1 1 525 625 556 2596 2472 2399
939 9 2 1 1 651 864 848 1267 2597 1951
940 9 2 1 1 1 949 141 2590 2598 150
941 9 2 1 1 542 557 543 1778 2599 2600
942 9 2 1 1 301 354 812 1844 1366 2552
943 9 2 1 1 359 742 479 2601 1380 2196
944 9 2 1 1 351 369 368 2602 2488 2603
945 9 2 1 1 314 315 321 2277 2332 2604
946 9 2 1 1 469 533 643 2605 2606 2607
947 9 2 1 1 594 596 647 2608 2609 1906
948 9 2 1 1 555 856 561 2610 2611 2539
949 9 2 1 1 526 681 997 1023 2612 2613
950 9 2 1 1 482 493 760 2614 2178 2443
951 9 2 1 1 374 431 593 2615 2616 2617
952 9 2 1 1 511 512 513 2618 2619 1961
953 9 2 1 1 574 803 884 1320 2620 2621
954 9 2 1 1 368 828 384 2490 2622 2623
955 9 2 1 1 441 443 442 2164 2624 2625
956 9 2 1 1 554 854 655 2626 2627 2381
957 9 2 1 1 300 301 302 2396 2549 2628
958 9 2 1 1 342 343 344 2415 2629 2630
959 9 2 1 1 451 487 488 2631 2632 2633
960 9 2 1 1 489 629 572 1667 2634 2635
961 9 2 1 1 488 489 548 2636 2637 1024
962 9 2 1 1 243 247 319 2638 2639 2640
963 9 2 1 1 422 428 427 2298 2641 2642
964 9 2 1 1 585 894 602 2643 2644 1697
965 9 2 1 1 322 328 329 1945 2420 2645
966 9 2 1 1 643 740 969 1190 2646 2647
967 9 2 1 1 571 855 689 1898 2382 1568
968 9 2 1 1 406 407 408 2648 2649 1624
969 9 2 1 1 386 868 745 2650 2651 1855
970 9 2 1 1 471 587 765 2652 2082 2476
971 9 2 1 1 787 876 938 2367 2653 2654
972 9 2 1 1 284 285 286 2363 2523 2655
973 9 2 1 1 533 679 674 2656 1128 2657
974 9 2 1 1 409 896 775 2658 1727 1060
975 9 2 1 1 380 840 750 2659 2123 2055
976 9 2 1 1 212 905 717 2660 1644 1813
977 9 2 1 1 688 833 690 1775 1781 2039
978 9 2 1 1 364 441 402 2661 2662 2663
979 9 2 1 1 405 437 436 2262 2664 2665
980 9 2 1 1 491 659 658 2666 2667 2668
981 9 2 1 1 287 290 289 2059 2669 2670
982 9 2 1 1 218 824 823 2390 2671 2672
983 9 2 1 1 534 535 786 2320 2433 2673
984 9 2 1 1 475 477 476 2674 2391 2202
985 9 2 1 1 443 646 480 2675 1051 2676
986 9 2 1 1 619 871 957 2677 2319 2678
987 9 2 1 1 408 413 429 2679 2680 2255
988 9 2 1 1 507 538 539 2136 2272 2681
989 9 2 1 1 445 583 494 2260 2682 2683
990 9 2 1 1 502 592 684 2684 2685 2686
991 9 2 1 1 96 816 749 2529 1176 2375
992 9 2 1 1 468 503 469 2687 2688 2689
993 9 2 1 1 566 898 568 2690 1803 1994
994 9 2 1 1 428 468 467 2691 2692 2693
995 9 2 1 1 139 927 226 2694 1979 2230
996 9 2 1 1 357 365 318 2695 2095 2696
997 9 2 1 1 503 792 533 2388 2697 2698
998 9 2 1 1 490 687 642 2699 2700 2701
999 9 2 1 1 706 709 836 2358 2702 2703
1000 9 2 1 1 324 527 788 2502 2704 2705
1001 9 2 1 1 448 450 449 2706 2579 2526
1002 9 2 1 1 267 271 270 2094 2707 2708
1003 9 2 1 1 533 674 643 2657 2709 2606
1004 9 2 1 1 197 238 239 1875 2710 1171
1005 9 2 1 1 176 197 177 1937 1938 188
1006 9 2 1 1 345 348 452 2711 2712 2713
1007 9 2 1 1 388 416 414 2109 2714 2715
1008 9 2 1 1 619 508 626 2716 1546 2717
1009 9 2 1 1 572 629 801 2634 1123 2186
1010 9 2 1 1 455 640 458 2718 2719 2720
1011 9 2 1 1 536 760 803 2444 2721 1904
1012 9 2 1 1 303 305 304 1473 2722 2723
1013 9 2 1 1 487 489 488 1263 2636 2632
1014 9 2 1 1 457 458 459 2724 2725 2726
1015 9 2 1 1 420 546 545 2727 2728 2729
1016 9 2 1 1 489 572 548 2635 1764 2637
1017 9 2 1 1 325 447 464 2730 2731 2732
1018 9 2 1 1 471 472 587 2733 2734 2652
1019 9 2 1 1 613 645 494 1185 2735 2736
1020 9 2 1 1 396 862 433 2737 2738 2342
1021 9 2 1 1 578 811 839 2739 1818 2740
1022 9 2 1 1 153 206 154 2008 1991 165
1023 9 2 1 1 347 349 350 2516 2536 2741
1024 9 2 1 1 492 545 633 2742 2743 2417
1025 9 2 1 1 482 483 493 2744 2745 2614
1026 9 2 1 1 774 892 936 2395 2746 2747
1027 9 2 1 1 501 903 850 2748 2749 2750
1028 9 2 1 1 459 490 579 2751 2752 2753
1029 9 2 1 1 469 503 533 2688 2698 2605
1030 9 2 1 1 305 307 306 2148 2754 2755
1031 9 2 1 1 122 123 934 131 1117 2756
1032 9 2 1 1 316 859 855 2757 2383 2758
1033 9 2 1 1 427 467 582 2759 2760 2761
1034 9 2 1 1 226 792 919 1641 1934 2762
1035 9 2 1 1 421 422 427 2537 2642 2763
1036 9 2 1 1 527 772 773 2401 1118 2764
1037 9 2 1 1 546 627 547 2414 2765 2766
1038 9 2 1 1 464 465 471 2767 2768 2325
1039 9 2 1 1 374 593 865 2617 2769 2770
1040 9 2 1 1 423 424 482 2771 2772 2232
1041 9 2 1 1 180 200 181 1409 2773 192
1042 9 2 1 1 450 581 487 2774 1528 2775
1043 9 2 1 1 517 519 518 2776 2408 2238
1044 9 2 1 1 365 376 423 2777 2778 2211
1045 9 2 1 1 159 203 160 1096 2051 171
1046 9 2 1 1 351 813 884 1702 2779 2780
1047 9 2 1 1 472 589 588 2781 2782 2783
1048 9 2 1 1 468 890 503 2784 2785 2687
1049 9 2 1 1 274 352 353 2786 2787 2339
1050 9 2 1 1 522 570 620 2788 2789 2790
1051 9 2 1 1 481 786 743 2791 2432 2264
1052 9 2 1 1 547 627 737 2765 1284 2568
1053 9 2 1 1 243 319 811 2640 1567 2792
1054 9 2 1 1 19 20 824 38 2793 2389
1055 9 2 1 1 213 706 836 1829 2703 2131
1056 9 2 1 1 655 854 754 2627 2794 2469
1057 9 2 1 1 324 788 377 2705 2795 2796
1058 9 2 1 1 449 451 799 2581 2797 1718
1059 9 2 1 1 15 16 994 34 2798 1807
1060 9 2 1 1 455 457 454 2799 2285 2800
1061 9 2 1 1 534 600 591 2801 2802 2803
1062 9 2 1 1 429 498 461 2804 2805 2439
1063 9 2 1 1 135 136 948 144 2806 2807
1064 9 2 1 1 209 719 982 1988 2808 1605
1065 9 2 1 1 599 779 678 2128 1330 2809
1066 9 2 1 1 382 421 410 2538 2810 2811
1067 9 2 1 1 450 487 451 2775 2631 2580
1068 9 2 1 1 410 460 411 2812 2564 2534
1069 9 2 1 1 605 805 671 1295 2813 1347
1070 9 2 1 1 452 453 454 2814 2815 2070
1071 9 2 1 1 403 405 436 2583 2665 2816
1072 9 2 1 1 155 205 156 2028 2817 167
1073 9 2 1 1 178 199 179 2002 2818 190
1074 9 2 1 1 268 317 269 2819 2495 2487
1075 9 2 1 1 385 444 448 2820 2821 2525
1076 9 2 1 1 397 754 854 2349 2794 2822
1077 9 2 1 1 648 650 649 1604 2823 2573
1078 9 2 1 1 467 468 469 2692 2689 2824
1079 9 2 1 1 332 334 790 2365 2825 2826
1080 9 2 1 1 539 540 541 2271 2404 2827
1081 9 2 1 1 140 233 927 2312 1406 2828
1082 9 2 1 1 633 716 986 1153 2829 2830
1083 9 2 1 1 460 599 598 2831 2832 2833
1084 9 2 1 1 350 351 368 2535 2603 2834
1085 9 2 1 1 256 259 258 1840 2835 2836
1086 9 2 1 1 436 491 577 2837 2838 2839
1087 9 2 1 1 416 439 438 2189 2840 2841
1088 9 2 1 1 428 549 810 2297 1686 2842
1089 9 2 1 1 404 407 406 2843 2648 2543
1090 9 2 1 1 329 330 331 2419 2567 2844
1091 9 2 1 1 417 420 492 2845 2846 2847
1092 9 2 1 1 689 859 843 2384 2848 1163
1093 9 2 1 1 620 621 677 2849 1494 2165
1094 9 2 1 1 590 919 912 1255 1933 2850
1095 9 2 1 1 383 384 385 2851 2852 2853
1096 9 2 1 1 384 444 385 2593 2820 2852
1097 9 2 1 1 711 714 914 1663 2407 2854
1098 9 2 1 1 609 839 910 2501 2855 2856
1099 9 2 1 1 427 428 467 2641 2693 2759
1100 9 2 1 1 254 261 262 2507 2482 2857
1101 9 2 1 1 545 546 547 2728 2766 2858
1102 9 2 1 1 719 793 796 2512 1946 2859
1103 9 2 1 1 533 792 679 2697 1640 2656
1104 9 2 1 1 498 722 887 1362 2860 2861
1105 9 2 1 1 697 928 698 2862 1336 2253
1106 9 2 1 1 483 575 502 1683 2863 2864
1107 9 2 1 1 448 808 450 2865 2866 2706
1108 9 2 1 1 157 204 158 1103 2867 169
1109 9 2 1 1 174 198 175 2120 2024 186
1110 9 2 1 1 8 161 202 173 2116 2121
1111 9 2 1 1 526 636 680 2868 1293 1114
1112 9 2 1 1 443 874 646 2869 2870 2675
1113 9 2 1 1 286 287 289 2522 2670 2871
1114 9 2 1 1 348 614 453 2872 2873 2874
1115 9 2 1 1 80 81 835 99 2875 2876
1116 9 2 1 1 393 403 404 2877 2878 2542
1117 9 2 1 1 151 207 152 1151 2087 163
1118 9 2 1 1 437 529 794 2451 2879 2880
1119 9 2 1 1 428 810 468 2842 2881 2691
1120 9 2 1 1 561 563 562 2882 2883 2884
1121 9 2 1 1 391 392 393 2885 2886 1788
1122 9 2 1 1 307 309 313 2329 2887 2888
1123 9 2 1 1 289 320 391 2889 2890 2891
1124 9 2 1 1 576 874 908 2892 1611 2893
1125 9 2 1 1 401 944 742 2894 2895 1919
1126 9 2 1 1 344 347 345 2517 2896 2897
1127 9 2 1 1 620 873 522 2898 2899 2790
1128 9 2 1 1 407 413 408 1481 2679 2649
1129 9 2 1 1 175 237 176 2025 1936 187
1130 9 2 1 1 353 367 378 2900 2901 2411
1131 9 2 1 1 177 669 178 1939 2001 189
1132 9 2 1 1 321 322 798 2331 2902 2903
1133 9 2 1 1 436 437 491 2664 2904 2837
1134 9 2 1 1 392 403 393 2584 2877 2886
1135 9 2 1 1 289 290 320 2669 2905 2889
1136 9 2 1 1 25 820 778 2563 2906 2485
1137 9 2 1 1 656 828 829 2386 2907 2054
1138 9 2 1 1 707 746 872 2130 2908 2466
1139 9 2 1 1 182 201 183 1113 2294 194
1140 9 2 1 1 317 357 318 2909 2696 2496
1141 9 2 1 1 420 545 492 2729 2742 2846
1142 9 2 1 1 460 598 481 2833 2910 2565
1143 9 2 1 1 404 440 407 2911 1354 2843
1144 9 2 1 1 378 379 417 2912 2913 2429
1145 9 2 1 1 350 368 383 2834 2914 2915
1146 9 2 1 1 219 958 957 1484 1984 2318
1147 9 2 1 1 381 382 410 2916 2811 2533
1148 9 2 1 1 444 445 494 2592 2683 2917
1149 9 2 1 1 477 501 478 2918 2919 2392
1150 9 2 1 1 458 490 459 2920 2751 2725
1151 9 2 1 1 463 636 526 2921 2868 2576
1152 9 2 1 1 491 658 577 2668 2922 2838
1153 9 2 1 1 490 642 579 2701 2923 2752
1154 9 2 1 1 588 589 590 2782 2924 2925
1155 9 2 1 1 494 583 613 2682 2926 2736
1156 9 2 1 1 368 384 383 2623 2851 2914
1157 9 2 1 1 302 303 304 2548 2723 2927
1158 9 2 1 1 344 345 342 2897 2928 2630
1159 9 2 1 1 373 956 963 2929 1373 2930
1160 9 2 1 1 472 588 587 2783 2931 2734
1161 9 2 1 1 455 458 457 2720 2724 2799
1162 9 2 1 1 534 786 600 2673 2932 2801
1163 9 2 1 1 154 607 155 1993 2026 166
1164 9 2 1 1 888 950 963 2933 2934 2935
1165 9 2 1 1 198 553 552 1265 2936 2010
1166 9 2 1 1 292 294 390 2317 2937 2938
1167 9 2 1 1 367 412 379 2939 2940 2941
1168 9 2 1 1 262 263 264 2484 2532 2942
1169 9 2 1 1 496 512 511 2943 2618 2138
1170 9 2 1 1 583 684 923 1075 2944 2945
1171 9 2 1 1 483 502 493 2864 2946 2745
1172 9 2 1 1 380 382 381 2057 2916 2947
1173 9 2 1 1 376 425 424 2948 1467 2949
1174 9 2 1 1 152 603 153 2089 2006 164
1175 9 2 1 1 674 748 842 1503 1148 2950
1176 9 2 1 1 596 648 647 2951 2572 2609
1177 9 2 1 1 343 756 929 2061 2952 2953
1178 9 2 1 1 519 521 520 2954 2560 2409
1179 9 2 1 1 509 661 881 1710 1557 2955
1180 9 2 1 1 531 534 591 2551 2803 2956
1181 9 2 1 1 304 305 306 2722 2755 2957
1182 9 2 1 1 704 870 705 2247 2544 1617
1183 9 2 1 1 320 392 391 2042 2885 2890
1184 9 2 1 1 370 861 756 2559 1298 2060
1185 9 2 1 1 264 265 266 2531 2571 2958
1186 9 2 1 1 202 615 622 2200 2959 1241
1187 9 2 1 1 442 443 480 2624 2676 2960
1188 9 2 1 1 364 790 441 2961 1958 2661
1189 9 2 1 1 591 600 652 2802 2962 2963
1190 9 2 1 1 82 229 945 2305 1723 2964
1191 9 2 1 1 473 886 789 2965 1884 1880
1192 9 2 1 1 780 819 889 2091 2966 2346
1193 9 2 1 1 563 565 564 2050 2967 2968
1194 9 2 1 1 5 117 953 125 2969 2970
1195 9 2 1 1 249 251 252 2971 2972 2973
1196 9 2 1 1 658 659 806 2667 2974 1200
1197 9 2 1 1 649 650 804 2823 1556 1271
1198 9 2 1 1 417 821 470 2975 1039 2430
1199 9 2 1 1 447 466 465 1311 2976 2977
1200 9 2 1 1 160 611 161 2053 2114 172
1201 9 2 1 1 242 245 244 2978 2979 2980
1202 9 2 1 1 465 472 471 2981 2733 2768
1203 9 2 1 1 321 446 325 2982 2983 2984
1204 9 2 1 1 598 599 678 2832 2809 2985
1205 9 2 1 1 345 347 348 2896 2986 2711
1206 9 2 1 1 276 278 277 2309 2987 2988
1207 9 2 1 1 296 298 323 2480 2989 2990
1208 9 2 1 1 241 811 578 2991 2739 2519
1209 9 2 1 1 8 631 174 2122 2119 185
1210 9 2 1 1 502 575 592 2863 2992 2684
1211 9 2 1 1 331 332 364 2566 2993 2994
1212 9 2 1 1 348 453 452 2874 2814 2712
1213 9 2 1 1 336 338 346 2514 2995 2996
1214 9 2 1 1 379 420 417 2997 2845 2913
1215 9 2 1 1 447 465 464 2977 2767 2731
1216 9 2 1 1 402 441 442 2662 2625 2998
1217 9 2 1 1 438 508 612 2999 3000 3001
1218 9 2 1 1 5 953 97 2970 3002 116
1219 9 2 1 1 625 929 756 3003 2952 2473
1220 9 2 1 1 431 594 593 3004 1782 2616
1221 9 2 1 1 712 713 709 3005 3006 2437
1222 9 2 1 1 240 754 242 2470 3007 3008
1223 9 2 1 1 363 484 400 3009 3010 3011
1224 9 2 1 1 541 542 543 2403 2600 1065
1225 9 2 1 1 304 306 356 2957 3012 3013
1226 9 2 1 1 454 453 455 2815 3014 2800
1227 9 2 1 1 424 483 482 1196 2744 2772
1228 9 2 1 1 491 794 659 3015 3016 2666
1229 9 2 1 1 266 267 270 2570 2708 3017
1230 9 2 1 1 376 424 423 2949 2771 2778
1231 9 2 1 1 324 377 352 2796 3018 3019
1232 9 2 1 1 273 324 274 2503 3020 3021
1233 9 2 1 1 442 480 497 2960 3022 3023
1234 9 2 1 1 259 273 260 2461 3024 3025
1235 9 2 1 1 426 435 525 3026 3027 2398
1236 9 2 1 1 205 639 673 2140 3028 2474
1237 9 2 1 1 284 286 288 2655 3029 3030
1238 9 2 1 1 2 46 955 54 3031 3032
1239 9 2 1 1 384 828 445 2622 2385 2591
1240 9 2 1 1 417 492 821 2847 2338 2975
1241 9 2 1 1 321 798 446 2903 3033 2982
1242 9 2 1 1 358 359 319 3034 2197 3035
1243 9 2 1 1 773 789 788 1881 3036 3037
1244 9 2 1 1 659 794 823 3016 3038 3039
1245 9 2 1 1 314 321 325 2604 2984 3040
1246 9 2 1 1 357 376 365 3041 2777 2695
1247 9 2 1 1 385 449 900 2527 1720 3042
1248 9 2 1 1 325 446 447 2983 1047 2730
1249 9 2 1 1 713 836 709 1404 2702 3006
1250 9 2 1 1 624 850 903 3043 2749 1120
1251 9 2 1 1 682 950 683 3044 1651 1694
1252 9 2 1 1 369 829 828 3045 2907 2489
1253 9 2 1 1 450 808 581 2866 3046 2774
1254 9 2 1 1 331 364 374 2994 3047 3048
1255 9 2 1 1 438 439 508 2840 1461 2999
1256 9 2 1 1 497 632 685 3049 1167 3050
1257 9 2 1 1 274 324 352 3020 3019 2786
1258 9 2 1 1 246 249 809 3051 3052 3053
1259 9 2 1 1 676 973 990 2153 2373 3054
1260 9 2 1 1 547 738 878 2569 1648 3055
1261 9 2 1 1 2 955 26 3032 3056 45
1262 9 2 1 1 560 561 562 2540 2884 3057
1263 9 2 1 1 352 367 353 3058 2900 2787
1264 9 2 1 1 257 258 268 3059 3060 2486
1265 9 2 1 1 394 862 396 1342 2737 1653
1266 9 2 1 1 258 259 260 2835 3025 3061
1267 9 2 1 1 659 824 806 3062 3063 2974
1268 9 2 1 1 367 379 378 2941 2912 2901
1269 9 2 1 1 520 569 915 1824 2226 2145
1270 9 2 1 1 527 773 788 2764 3037 2704
1271 9 2 1 1 456 485 537 2191 3064 2440
1272 9 2 1 1 399 400 426 3065 3066 2265
1273 9 2 1 1 356 380 381 3067 2947 1926
1274 9 2 1 1 437 794 491 2880 3015 2904
1275 9 2 1 1 357 317 375 2909 3068 3069
1276 9 2 1 1 653 996 654 3070 3071 1660
1277 9 2 1 1 490 825 687 3072 1209 2699
1278 9 2 1 1 20 806 824 2243 3063 2793
1279 9 2 1 1 480 632 497 1388 3049 3022
1280 9 2 1 1 414 416 438 2714 2841 3073
1281 9 2 1 1 374 402 431 3074 3075 2615
1282 9 2 1 1 663 875 987 3076 2553 1559
1283 9 2 1 1 260 273 274 3024 3021 2096
1284 9 2 1 1 433 862 499 2738 3077 3078
1285 9 2 1 1 356 306 380 3012 3079 3067
1286 9 2 1 1 207 660 630 1090 3080 2149
1287 9 2 1 1 431 595 594 3081 3082 3004
1288 9 2 1 1 332 790 364 2826 2961 2993
1289 9 2 1 1 221 871 1000 2180 3083 1492
1290 9 2 1 1 247 358 319 3084 3035 2639
1291 9 2 1 1 521 570 522 3085 2788 2561
1292 9 2 1 1 523 876 762 3086 2366 1256
1293 9 2 1 1 389 414 415 3087 3088 3089
1294 9 2 1 1 256 258 257 2836 3059 3090
1295 9 2 1 1 565 567 802 2467 1302 3091
1296 9 2 1 1 659 823 824 3039 2671 3062
1297 9 2 1 1 612 508 619 3000 2716 3092
1298 9 2 1 1 260 783 838 2098 2371 3093
1299 9 2 1 1 568 883 873 1804 3094 3095
1300 9 2 1 1 435 574 525 1340 3096 3027
1301 9 2 1 1 242 754 245 3007 2348 2978
1302 9 2 1 1 322 329 798 2645 3097 2902
1303 9 2 1 1 364 402 374 2663 3074 3047
1304 9 2 1 1 278 280 316 2555 3098 3099
1305 9 2 1 1 242 244 243 2980 3100 3101
1306 9 2 1 1 345 452 831 2713 1860 3102
1307 9 2 1 1 643 674 842 2709 2950 1377
1308 9 2 1 1 271 276 277 2468 2988 3103
1309 9 2 1 1 623 888 963 3104 2935 1202
1310 9 2 1 1 226 919 715 2762 1327 2103
1311 9 2 1 1 249 250 251 3105 3106 2971
1312 9 2 1 1 522 873 569 2899 3107 1823
1313 9 2 1 1 252 253 255 3108 3109 2497
1314 9 2 1 1 243 244 247 3100 3110 2638
1315 9 2 1 1 594 595 596 3082 1386 2608
1316 9 2 1 1 245 248 246 2438 3111 3112
1317 9 2 1 1 241 242 243 3113 3101 3114
1318 9 2 1 1 511 514 885 1963 2106 2351
1319 9 2 1 1 685 753 951 2231 3115 3116
1320 9 2 1 1 248 250 249 2494 3105 3117
1321 9 2 1 1 255 256 257 3118 3090 1533
1322 9 2 1 1 400 435 426 3119 3026 3066
1323 9 2 1 1 250 254 251 2508 3120 3106
1324 9 2 1 1 156 205 606 2817 2475 1681
1325 9 2 1 1 179 199 608 2818 3121 1682
1326 9 2 1 1 388 414 389 2715 3087 3122
1327 9 2 1 1 246 248 249 3111 3117 3051
1328 9 2 1 1 616 757 814 2378 1350 1436
1329 9 2 1 1 355 879 917 3123 3124 1591
1330 9 2 1 1 300 302 398 2628 3125 3126
1331 9 2 1 1 266 270 272 3017 3127 3128
1332 9 2 1 1 340 342 831 2582 3129 3130
1333 9 2 1 1 458 640 825 2719 1564 3131
1334 9 2 1 1 344 929 349 3132 3133 2515
1335 9 2 1 1 158 204 610 2867 3134 1678
1336 9 2 1 1 135 948 988 2807 3135 3136
1337 9 2 1 1 410 421 819 2810 3137 3138
1338 9 2 1 1 784 916 838 1917 3139 2370
1339 9 2 1 1 549 750 860 2249 2124 2460
1340 9 2 1 1 232 1007 720 3140 3141 1930
1341 9 2 1 1 387 388 389 3142 3122 2585
1342 9 2 1 1 325 464 848 2732 1952 3143
1343 9 2 1 1 557 601 782 2143 3144 3145
1344 9 2 1 1 512 524 513 3146 3147 2619
1345 9 2 1 1 494 645 827 2735 3148 3149
1346 9 2 1 1 500 526 997 2577 2613 3150
1347 9 2 1 1 183 616 184 2296 2478 195
1348 9 2 1 1 181 200 605 2773 1050 1717
1349 9 2 1 1 244 245 246 2979 3112 3151
1350 9 2 1 1 620 570 621 2789 3152 2849
1351 9 2 1 1 512 624 524 3153 3154 3146
1352 9 2 1 1 362 363 399 3155 3156 2234
1353 9 2 1 1 525 813 625 3157 3158 2596
1354 9 2 1 1 460 819 599 3159 2090 2831
1355 9 2 1 1 7 184 208 196 2479 3160
1356 9 2 1 1 564 565 584 2967 3161 3162
1357 9 2 1 1 420 846 546 3163 2183 2727
1358 9 2 1 1 554 559 854 3164 3165 2626
1359 9 2 1 1 358 432 360 3166 3167 3168
1360 9 2 1 1 359 362 742 3169 1920 2601
1361 9 2 1 1 359 360 362 3170 3171 3169
1362 9 2 1 1 316 855 893 2758 2458 3172
1363 9 2 1 1 262 264 409 2942 3173 3174
1364 9 2 1 1 435 984 733 3175 3176 1339
1365 9 2 1 1 444 827 448 3177 3178 2821
1366 9 2 1 1 448 827 808 3178 3179 2865
1367 9 2 1 1 543 557 580 2599 3180 3181
1368 9 2 1 1 478 501 850 2919 2750 3182
1369 9 2 1 1 240 242 241 3008 3113 3183
1370 9 2 1 1 386 388 387 1857 3142 3184
1371 9 2 1 1 253 256 255 1772 3118 3109
1372 9 2 1 1 290 837 320 3185 2359 2905
1373 9 2 1 1 251 253 252 3186 3108 2972
1374 9 2 1 1 347 350 818 2741 3187 3188
1375 9 2 1 1 628 846 1001 2184 3189 3190
1376 9 2 1 1 348 818 614 3191 3192 2872
1377 9 2 1 1 433 499 475 3078 3193 2477
1378 9 2 1 1 436 577 822 2839 3194 3195
1379 9 2 1 1 443 635 874 2163 1612 2869
1380 9 2 1 1 558 745 962 2150 3196 1470
1381 9 2 1 1 615 898 895 2236 3197 3198
1382 9 2 1 1 501 663 664 3199 3200 3201
1383 9 2 1 1 589 804 918 1454 2267 3202
1384 9 2 1 1 216 934 924 3203 2003 1626
1385 9 2 1 1 404 822 440 3204 3205 2911
1386 9 2 1 1 363 400 399 3011 3065 3156
1387 9 2 1 1 457 459 909 2726 2207 3206
1388 9 2 1 1 545 878 633 3207 1363 2743
1389 9 2 1 1 239 240 241 3208 3183 2518
1390 9 2 1 1 477 663 501 3209 3199 2918
1391 9 2 1 1 397 906 800 3210 1248 2017
1392 9 2 1 1 277 278 815 2987 3211 3212
1393 9 2 1 1 306 307 840 2754 3213 3214
1394 9 2 1 1 403 822 404 3215 3204 2878
1395 9 2 1 1 290 292 837 2248 3216 3185
1396 9 2 1 1 472 851 589 3217 1453 2781
1397 9 2 1 1 562 563 564 2883 2968 3218
1398 9 2 1 1 410 819 460 3138 3159 2812
1399 9 2 1 1 555 560 559 2541 3219 3220
1400 9 2 1 1 307 313 840 2888 1901 3213
1401 9 2 1 1 4 968 70 3221 3222 79
1402 9 2 1 1 272 386 387 3223 3184 3224
1403 9 2 1 1 403 436 822 2816 3195 3215
1404 9 2 1 1 270 386 272 3225 3223 3127
1405 9 2 1 1 458 825 490 3131 3072 2920
1406 9 2 1 1 470 899 759 1277 3226 2354
1407 9 2 1 1 350 383 818 2915 3227 3187
1408 9 2 1 1 3 871 53 2175 2179 62
1409 9 2 1 1 553 555 554 3228 3229 3230
1410 9 2 1 1 371 676 990 1776 3054 1524
1411 9 2 1 1 589 918 590 3202 1253 2924
1412 9 2 1 1 347 818 348 3188 3191 2986
1413 9 2 1 1 253 892 776 3231 2394 1770
1414 9 2 1 1 204 662 637 1252 3232 3233
1415 9 2 1 1 529 531 845 2481 3234 3235
1416 9 2 1 1 505 507 623 2457 3236 3237
1417 9 2 1 1 444 494 827 2917 3149 3177
1418 9 2 1 1 521 597 570 3238 3239 3085
1419 9 2 1 1 249 252 809 2973 2546 3052
1420 9 2 1 1 238 240 239 2288 3208 2710
1421 9 2 1 1 316 893 815 3172 1222 3240
1422 9 2 1 1 282 284 843 2588 3241 3242
1423 9 2 1 1 373 963 682 2930 3243 1793
1424 9 2 1 1 517 523 519 3244 3245 2776
1425 9 2 1 1 587 890 810 3246 3247 2081
1426 9 2 1 1 711 914 789 2854 3248 1883
1427 9 2 1 1 587 588 890 2931 3249 3246
1428 9 2 1 1 4 80 968 98 3250 3221
1429 9 2 1 1 529 845 794 3235 3251 2879
1430 9 2 1 1 345 831 342 3102 3129 2928
1431 9 2 1 1 241 243 811 3114 2792 2991
1432 9 2 1 1 565 802 584 3091 3252 3161
1433 9 2 1 1 719 796 920 2859 3253 3254
1434 9 2 1 1 427 582 889 2761 2204 3255
1435 9 2 1 1 211 986 716 3256 2829 1810
1436 9 2 1 1 630 931 881 3257 3258 1982
1437 9 2 1 1 326 987 653 1560 3259 1741
1438 9 2 1 1 481 897 786 3260 3261 2791
1439 9 2 1 1 553 856 555 1212 2610 3228
1440 9 2 1 1 582 969 740 3262 2646 1654
1441 9 2 1 1 272 387 1004 3224 3263 1892
1442 9 2 1 1 525 574 813 3096 3264 3157
1443 9 2 1 1 227 911 725 1226 1296 1632
1444 9 2 1 1 559 906 854 3265 3266 3165
1445 9 2 1 1 294 296 841 2360 3267 3268
1446 9 2 1 1 559 560 586 3219 3269 3270
1447 9 2 1 1 409 774 936 1056 2747 3271
1448 9 2 1 1 292 390 837 2938 1304 3216
1449 9 2 1 1 539 541 544 2827 1147 3272
1450 9 2 1 1 311 314 848 2589 3273 3274
1451 9 2 1 1 479 910 839 1215 2855 1817
1452 9 2 1 1 367 847 412 3275 3276 2939
1453 9 2 1 1 289 391 857 2891 2377 3277
1454 9 2 1 1 7 208 617 3160 1134 1743
1455 9 2 1 1 358 360 359 3168 3170 3034
1456 9 2 1 1 360 363 362 3278 3155 3171
1457 9 2 1 1 554 555 559 3229 3220 3164
1458 9 2 1 1 351 884 369 2780 3279 2602
1459 9 2 1 1 306 840 380 3214 2659 3079
1460 9 2 1 1 338 340 877 2556 3280 3281
1461 9 2 1 1 732 733 904 1976 3282 2303
1462 9 2 1 1 461 498 887 2805 2861 3283
1463 9 2 1 1 794 845 823 3251 3284 3038
1464 9 2 1 1 552 553 554 2936 3230 2380
1465 9 2 1 1 379 412 846 2940 3285 3286
1466 9 2 1 1 309 864 313 3287 1266 2887
1467 9 2 1 1 614 818 900 3192 3288 1762
1468 9 2 1 1 383 900 818 3289 3288 3227
1469 9 2 1 1 432 972 770 3290 3291 1668
1470 9 2 1 1 561 976 563 3292 2244 2882
1471 9 2 1 1 502 684 971 2686 1034 3293
1472 9 2 1 1 334 336 852 2459 3294 3295
1473 9 2 1 1 545 547 878 2858 3055 3207
1474 9 2 1 1 298 300 844 2575 3296 3297
1475 9 2 1 1 278 316 815 3099 3240 3211
1476 9 2 1 1 531 591 845 2956 3298 3234
1477 9 2 1 1 379 846 420 3286 3163 2997
1478 9 2 1 1 600 786 897 2932 3261 3299
1479 9 2 1 1 376 866 425 3300 1332 2948
1480 9 2 1 1 280 282 859 2574 3301 3302
1481 9 2 1 1 469 643 969 2607 2647 3303
1482 9 2 1 1 557 782 580 3145 1579 3180
1483 9 2 1 1 465 466 851 2976 1343 3304
1484 9 2 1 1 236 954 820 2280 3305 3306
1485 9 2 1 1 258 838 268 3307 3308 3060
1486 9 2 1 1 81 945 835 3309 2330 2875
1487 9 2 1 1 465 851 472 3304 3217 2981
1488 9 2 1 1 294 841 390 3268 3310 2937
1489 9 2 1 1 478 850 496 3182 3311 1990
1490 9 2 1 1 258 260 838 3061 3093 3307
1491 9 2 1 1 352 377 847 3018 1142 3312
1492 9 2 1 1 270 271 868 2707 3313 3314
1493 9 2 1 1 286 289 857 2871 3277 3315
1494 9 2 1 1 334 852 790 3295 2379 2825
1495 9 2 1 1 523 834 880 1258 3316 3317
1496 9 2 1 1 284 288 843 3030 1239 3241
1497 9 2 1 1 455 937 640 3318 1675 2718
1498 9 2 1 1 612 853 438 3319 3320 3001
1499 9 2 1 1 338 877 346 3281 1848 2995
1500 9 2 1 1 672 931 991 1422 3321 1306
1501 9 2 1 1 803 985 884 3322 3323 2620
1502 9 2 1 1 314 325 848 3040 3143 3273
1503 9 2 1 1 309 311 864 2462 3324 3287
1504 9 2 1 1 653 987 996 3259 2078 3070
1505 9 2 1 1 442 497 849 3023 3325 3326
1506 9 2 1 1 463 887 636 3327 3328 2921
1507 9 2 1 1 609 910 995 2856 1522 3329
1508 9 2 1 1 271 277 868 3103 3330 3313
1509 9 2 1 1 296 323 841 2990 1483 3267
1510 9 2 1 1 451 992 799 3331 1847 2797
1511 9 2 1 1 199 609 608 3332 3333 3121
1512 9 2 1 1 562 564 863 3218 3334 3335
1513 9 2 1 1 224 947 735 3336 1865 2047
1514 9 2 1 1 336 346 852 2996 1032 3294
1515 9 2 1 1 261 901 263 2521 2063 2483
1516 9 2 1 1 537 956 981 3337 3338 3339
1517 9 2 1 1 225 960 870 1587 3340 2246
1518 9 2 1 1 431 849 595 3341 3342 3081
1519 9 2 1 1 414 853 415 3343 3344 3088
1520 9 2 1 1 352 847 367 3312 3275 3058
1521 9 2 1 1 566 895 898 1956 3197 2690
1522 9 2 1 1 576 908 741 2893 2159 1974
1523 9 2 1 1 373 644 956 1852 3345 2929
1524 9 2 1 1 538 964 540 3346 3347 2270
1525 9 2 1 1 421 889 819 3348 2966 3137
1526 9 2 1 1 569 873 883 3107 3094 3349
1527 9 2 1 1 788 789 914 3036 3248 3350
1528 9 2 1 1 286 857 288 3315 3351 3029
1529 9 2 1 1 402 849 431 3352 3341 3075
1530 9 2 1 1 402 442 849 2998 3326 3352
1531 9 2 1 1 389 415 886 3089 3353 3354
1532 9 2 1 1 204 637 610 3233 1068 3134
1533 9 2 1 1 326 665 978 1935 1420 1607
1534 9 2 1 1 340 831 877 3130 2530 3280
1535 9 2 1 1 233 949 748 3355 1759 1502
1536 9 2 1 1 298 844 323 3297 1630 2989
1537 9 2 1 1 497 685 951 3050 3116 3356
1538 9 2 1 1 637 998 915 3357 2192 1181
1539 9 2 1 1 461 887 463 3283 3327 2491
1540 9 2 1 1 363 882 484 3358 2594 3009
1541 9 2 1 1 496 850 512 3311 3359 2943
1542 9 2 1 1 412 847 872 3276 1317 3360
1543 9 2 1 1 246 809 858 3053 2505 3361
1544 9 2 1 1 414 438 853 3073 3320 3343
1545 9 2 1 1 331 374 865 3048 2770 3362
1546 9 2 1 1 356 869 304 2435 3363 3013
1547 9 2 1 1 503 890 912 2785 3364 2387
1548 9 2 1 1 524 787 938 1425 2654 3365
1549 9 2 1 1 280 859 316 3302 2757 3098
1550 9 2 1 1 485 505 867 2212 3366 3367
1551 9 2 1 1 614 799 937 1763 1676 3368
1552 9 2 1 1 641 742 944 1381 2895 3369
1553 9 2 1 1 644 666 981 1761 3370 3371
1554 9 2 1 1 329 331 865 2844 3362 3372
1555 9 2 1 1 302 304 869 2927 3363 3373
1556 9 2 1 1 357 866 376 3374 3300 3041
1557 9 2 1 1 595 951 753 3375 3115 1385
1558 9 2 1 1 421 427 889 2763 3255 3348
1559 9 2 1 1 512 850 624 3359 3043 3153
1560 9 2 1 1 357 375 866 3069 1650 3374
1561 9 2 1 1 244 858 247 3376 3377 3110
1562 9 2 1 1 244 246 858 3151 3361 3376
1563 9 2 1 1 429 959 498 3378 1352 2804
1564 9 2 1 1 515 876 517 3379 3380 2557
1565 9 2 1 1 212 780 905 2405 2347 2660
1566 9 2 1 1 639 885 673 1396 2105 3028
1567 9 2 1 1 578 839 902 2740 2500 1609
1568 9 2 1 1 282 843 859 3242 2848 3301
1569 9 2 1 1 560 562 891 3057 3381 3382
1570 9 2 1 1 711 977 710 2426 3383 1838
1571 9 2 1 1 300 398 844 3126 3384 3296
1572 9 2 1 1 475 875 477 3385 3386 2674
1573 9 2 1 1 329 865 798 3372 3387 3097
1574 9 2 1 1 251 892 253 3388 3231 3186
1575 9 2 1 1 569 883 703 3349 1873 2225
1576 9 2 1 1 540 983 542 3389 1577 2402
1577 9 2 1 1 468 810 890 2881 3247 2784
1578 9 2 1 1 210 720 930 2111 3390 3391
1579 9 2 1 1 628 1001 746 3190 3392 2452
1580 9 2 1 1 556 967 758 1438 1465 2357
1581 9 2 1 1 251 254 892 3120 3393 3388
1582 9 2 1 1 266 272 896 3128 1728 3394
1583 9 2 1 1 484 769 979 2595 1542 3395
1584 9 2 1 1 485 867 537 3367 3396 3064
1585 9 2 1 1 398 791 1003 3397 1977 3398
1586 9 2 1 1 122 934 216 2756 3203 2019
1587 9 2 1 1 439 558 907 2188 1479 2335
1588 9 2 1 1 270 868 386 3314 2650 3225
1589 9 2 1 1 413 797 928 1480 1430 3399
1590 9 2 1 1 389 886 473 3354 2965 2586
1591 9 2 1 1 560 891 586 3382 1375 3269
1592 9 2 1 1 264 266 896 2958 3394 3400
1593 9 2 1 1 467 969 582 3401 3262 2760
1594 9 2 1 1 311 848 864 3274 2597 3324
1595 9 2 1 1 614 937 453 3368 3402 2873
1596 9 2 1 1 383 385 900 2853 3042 3289
1597 9 2 1 1 302 869 398 3373 3403 3125
1598 9 2 1 1 317 916 375 3404 1916 3068
1599 9 2 1 1 584 802 990 3252 1496 2372
1600 9 2 1 1 481 598 897 2910 3405 3260
1601 9 2 1 1 759 899 784 3226 1393 2524
1602 9 2 1 1 91 932 925 3406 1281 3407
1603 9 2 1 1 136 214 948 2023 1457 2806
1604 9 2 1 1 585 805 894 1451 1294 2643
1605 9 2 1 1 397 854 906 2822 3266 3210
1606 9 2 1 1 622 615 895 2959 3198 3408
1607 9 2 1 1 719 920 982 3254 3409 2808
1608 9 2 1 1 264 896 409 3400 2658 3173
1609 9 2 1 1 477 875 663 3386 3076 3209
1610 9 2 1 1 623 867 505 1204 3366 3237
1611 9 2 1 1 646 874 909 2870 3410 2275
1612 9 2 1 1 457 909 576 3206 3411 2286
1613 9 2 1 1 475 499 875 3193 2554 3385
1614 9 2 1 1 574 884 813 2621 2779 3264
1615 9 2 1 1 687 826 946 1902 1594 3412
1616 9 2 1 1 513 524 938 3147 3365 3413
1617 9 2 1 1 517 876 523 3380 3086 3244
1618 9 2 1 1 135 988 781 3136 2112 2427
1619 9 2 1 1 412 872 1001 3360 3414 3415
1620 9 2 1 1 562 863 891 3335 3416 3381
1621 9 2 1 1 621 570 879 3152 3417 3418
1622 9 2 1 1 232 807 1007 1100 3419 3140
1623 9 2 1 1 440 920 796 3420 3253 1721
1624 9 2 1 1 746 1001 872 3392 3414 2908
1625 9 2 1 1 360 432 882 3167 1440 3421
1626 9 2 1 1 567 568 980 1995 3422 1205
1627 9 2 1 1 16 228 994 2044 3423 2798
1628 9 2 1 1 519 880 521 3424 3425 2954
1629 9 2 1 1 621 1006 739 3426 1826 1493
1630 9 2 1 1 593 935 865 2449 3427 2769
1631 9 2 1 1 507 539 888 2681 3428 3429
1632 9 2 1 1 598 678 974 2985 3430 3431
1633 9 2 1 1 712 710 913 2436 3432 3433
1634 9 2 1 1 358 972 432 3434 3290 3166
1635 9 2 1 1 570 597 879 3239 3435 3417
1636 9 2 1 1 521 880 597 3425 3436 3238
1637 9 2 1 1 90 91 925 109 3407 2442
1638 9 2 1 1 262 409 936 3174 3271 3437
1639 9 2 1 1 648 940 781 3438 3439 1602
1640 9 2 1 1 139 140 927 148 2828 2694
1641 9 2 1 1 601 944 782 3440 3441 3144
1642 9 2 1 1 400 484 984 3010 3442 3443
1643 9 2 1 1 509 881 931 2955 3258 1421
1644 9 2 1 1 654 996 862 3071 3444 1341
1645 9 2 1 1 268 838 916 3308 3139 3445
1646 9 2 1 1 199 902 609 1879 2499 3332
1647 9 2 1 1 501 664 903 3201 1834 2748
1648 9 2 1 1 684 989 923 3446 3447 2944
1649 9 2 1 1 360 882 363 3421 3358 3278
1650 9 2 1 1 561 856 976 2611 3448 3292
1651 9 2 1 1 519 523 880 3245 3317 3424
1652 9 2 1 1 91 92 932 110 2463 3406
1653 9 2 1 1 70 968 234 3222 3449 2310
1654 9 2 1 1 537 867 956 3396 1374 3337
1655 9 2 1 1 539 544 888 3272 3450 3428
1656 9 2 1 1 215 999 722 2344 3451 1796
1657 9 2 1 1 440 822 920 3205 3452 3420
1658 9 2 1 1 588 590 912 2925 2850 3453
1659 9 2 1 1 17 18 939 36 2447 2450
1660 9 2 1 1 377 788 914 2795 3350 2406
1661 9 2 1 1 577 920 822 3454 3452 3194
1662 9 2 1 1 700 778 954 1894 3455 3456
1663 9 2 1 1 369 884 985 3279 3323 3457
1664 9 2 1 1 46 236 955 2315 3458 3031
1665 9 2 1 1 231 975 793 1821 3459 2141
1666 9 2 1 1 667 1002 841 2510 3460 1482
1667 9 2 1 1 633 986 634 2830 3461 2418
1668 9 2 1 1 117 235 953 2316 3462 2969
1669 9 2 1 1 141 949 233 2598 3355 2311
1670 9 2 1 1 623 507 888 3236 3429 3104
1671 9 2 1 1 622 976 856 3463 3448 1219
1672 9 2 1 1 217 923 989 1583 3447 3464
1673 9 2 1 1 627 628 960 2413 3465 1178
1674 9 2 1 1 559 586 906 3270 1260 3265
1675 9 2 1 1 398 1005 791 3466 2301 3397
1676 9 2 1 1 401 782 944 1400 3441 2894
1677 9 2 1 1 415 913 977 3467 3468 3469
1678 9 2 1 1 387 473 1004 2587 1334 3263
1679 9 2 1 1 691 863 922 2216 3470 1861
1680 9 2 1 1 600 965 652 3471 1497 2962
1681 9 2 1 1 390 1002 795 3472 2509 1303
1682 9 2 1 1 344 343 929 2629 2953 3132
1683 9 2 1 1 268 916 317 3445 3404 2819
1684 9 2 1 1 591 652 942 2963 1998 3473
1685 9 2 1 1 224 826 947 1595 2550 3336
1686 9 2 1 1 602 894 952 2644 3474 3475
1687 9 2 1 1 277 962 868 3476 3477 3330
1688 9 2 1 1 579 642 924 2923 1627 1705
1689 9 2 1 1 564 922 863 3478 3470 3334
1690 9 2 1 1 575 911 592 1297 1279 2992
1691 9 2 1 1 81 82 945 100 2964 3309
1692 9 2 1 1 619 1000 871 3479 3083 2677
1693 9 2 1 1 459 579 941 2753 3480 2205
1694 9 2 1 1 580 861 966 3481 2558 3482
1695 9 2 1 1 592 777 989 1280 3483 3484
1696 9 2 1 1 220 781 940 2455 3439 1791
1697 9 2 1 1 700 701 975 2198 3485 1893
1698 9 2 1 1 591 942 845 3473 3486 3298
1699 9 2 1 1 97 953 816 3002 3487 2528
1700 9 2 1 1 580 967 861 1580 1299 3481
1701 9 2 1 1 613 583 923 2926 2945 1843
1702 9 2 1 1 564 584 922 3162 3488 3478
1703 9 2 1 1 568 873 980 3095 3489 3422
1704 9 2 1 1 254 936 892 3490 2746 3393
1705 9 2 1 1 745 868 962 2651 3477 3196
1706 9 2 1 1 538 757 964 1351 2228 3346
1707 9 2 1 1 484 904 984 3491 3492 3442
1708 9 2 1 1 576 909 874 3411 3410 2892
1709 9 2 1 1 612 926 853 3493 3494 3319
1710 9 2 1 1 712 926 958 3495 1985 3496
1711 9 2 1 1 588 912 890 3453 3364 3249
1712 9 2 1 1 778 820 954 2906 3305 3455
1713 9 2 1 1 26 955 820 3056 3497 2562
1714 9 2 1 1 666 817 981 1551 3498 3370
1715 9 2 1 1 579 830 941 1706 1275 3480
1716 9 2 1 1 798 865 935 3387 3427 3499
1717 9 2 1 1 515 938 876 3500 2653 3379
1718 9 2 1 1 823 845 942 3284 3486 3501
1719 9 2 1 1 455 453 937 3014 3402 3318
1720 9 2 1 1 699 700 954 2464 3456 2279
1721 9 2 1 1 349 929 1008 3133 3502 2032
1722 9 2 1 1 620 980 873 2166 3489 2898
1723 9 2 1 1 644 981 956 3371 3338 3345
1724 9 2 1 1 398 1003 844 3398 2352 3384
1725 9 2 1 1 262 936 254 3437 3490 2857
1726 9 2 1 1 597 880 993 3436 3503 3504
1727 9 2 1 1 513 938 515 3413 3500 2448
1728 9 2 1 1 636 887 999 3328 3505 1314
1729 9 2 1 1 671 983 964 3506 3507 2227
1730 9 2 1 1 770 972 858 3291 3508 2504
1731 9 2 1 1 581 808 930 3046 3509 3510
1732 9 2 1 1 834 993 880 3511 3503 3316
1733 9 2 1 1 217 989 777 3464 3483 2456
1734 9 2 1 1 760 829 985 2177 3512 3513
1735 9 2 1 1 451 488 992 2633 1198 3331
1736 9 2 1 1 710 977 913 3383 3468 3432
1737 9 2 1 1 369 985 829 3457 3512 3045
1738 9 2 1 1 596 940 648 1346 3438 2951
1739 9 2 1 1 372 891 863 1402 3416 2215
1740 9 2 1 1 642 687 946 2700 3412 1227
1741 9 2 1 1 601 641 944 2341 3369 3440
1742 9 2 1 1 628 870 960 2454 3340 3465
1743 9 2 1 1 446 798 935 3033 3499 1389
1744 9 2 1 1 247 858 972 3377 3508 3514
1745 9 2 1 1 681 907 997 2336 3515 2612
1746 9 2 1 1 645 933 827 1571 3516 3148
1747 9 2 1 1 415 853 913 3344 3517 3467
1748 9 2 1 1 808 933 930 3518 3519 3509
1749 9 2 1 1 618 500 997 1989 3150 3520
1750 9 2 1 1 808 827 933 3179 3516 3518
1751 9 2 1 1 597 917 879 3521 3124 3435
1752 9 2 1 1 200 952 894 1408 3474 1048
1753 9 2 1 1 543 580 966 3181 3482 2171
1754 9 2 1 1 744 1005 869 2302 3522 2434
1755 9 2 1 1 288 1009 833 3523 1657 1238
1756 9 2 1 1 721 1009 857 1658 3524 2376
1757 9 2 1 1 234 968 835 3449 3525 1186
1758 9 2 1 1 630 660 931 3080 3526 3257
1759 9 2 1 1 413 959 429 3527 3378 2680
1760 9 2 1 1 524 624 943 3154 1193 1424
1761 9 2 1 1 577 982 920 3528 3409 3454
1762 9 2 1 1 467 469 969 2824 3303 3401
1763 9 2 1 1 236 820 955 3306 3497 3458
1764 9 2 1 1 235 816 953 2218 3487 3462
1765 9 2 1 1 712 958 713 3496 1019 3005
1766 9 2 1 1 612 957 926 3529 1983 3493
1767 9 2 1 1 210 930 933 3391 3519 1536
1768 9 2 1 1 602 952 995 3475 3530 1521
1769 9 2 1 1 581 1007 807 3531 3419 1529
1770 9 2 1 1 218 823 942 2672 3501 1997
1771 9 2 1 1 853 926 913 3494 3532 3517
1772 9 2 1 1 499 862 996 3077 3444 2077
1773 9 2 1 1 619 957 612 2678 3529 3092
1774 9 2 1 1 701 793 975 1947 3459 3485
1775 9 2 1 1 493 502 971 2946 3293 1690
1776 9 2 1 1 577 658 982 2922 1606 3528
1777 9 2 1 1 80 835 968 2876 3525 3250
1778 9 2 1 1 722 999 887 3451 3505 2860
1779 9 2 1 1 660 991 931 3533 3321 3526
1780 9 2 1 1 678 994 974 1808 3534 3430
1781 9 2 1 1 277 815 962 3212 1471 3476
1782 9 2 1 1 486 993 834 2274 3511 2492
1783 9 2 1 1 484 979 904 3395 2545 3491
1784 9 2 1 1 400 984 435 3443 3175 3119
1785 9 2 1 1 537 981 817 3339 3498 2441
1786 9 2 1 1 592 989 684 3484 3446 2685
1787 9 2 1 1 358 247 972 3084 3514 3434
1788 9 2 1 1 608 609 995 3333 3329 3535
1789 9 2 1 1 682 963 950 3243 2934 3044
1790 9 2 1 1 618 997 907 3520 3515 2292
1791 9 2 1 1 663 978 664 1608 1419 3200
1792 9 2 1 1 619 626 1000 2717 1368 3479
1793 9 2 1 1 760 985 803 3513 3322 2721
1794 9 2 1 1 415 977 886 3469 2425 3353
1795 9 2 1 1 497 951 849 3356 3536 3325
1796 9 2 1 1 595 849 951 3342 3536 3375
1797 9 2 1 1 733 984 904 3176 3492 3282
1798 9 2 1 1 540 964 983 3347 3507 3389
1799 9 2 1 1 671 805 983 2813 1578 3506
1800 9 2 1 1 625 813 1008 3158 1701 3537
1801 9 2 1 1 621 879 1006 3418 3538 3426
1802 9 2 1 1 712 913 926 3433 3532 3495
1803 9 2 1 1 544 950 888 1652 2933 3450
1804 9 2 1 1 355 1006 879 1882 3538 3123
1805 9 2 1 1 211 961 986 1313 3539 3256
1806 9 2 1 1 622 895 976 3408 2245 3463
1807 9 2 1 1 413 928 959 3399 3540 3527
1808 9 2 1 1 412 1001 846 3415 3189 3285
1809 9 2 1 1 600 897 965 3299 3541 3471
1810 9 2 1 1 637 662 998 3232 1428 3357
1811 9 2 1 1 598 974 897 3431 3542 3405
1812 9 2 1 1 660 970 991 1397 3543 3533
1813 9 2 1 1 390 841 1002 3310 3460 3472
1814 9 2 1 1 608 995 952 3535 3530 1411
1815 9 2 1 1 697 959 928 1353 3540 2862
1816 9 2 1 1 288 857 1009 3351 3524 3523
1817 9 2 1 1 584 973 922 2374 2289 3488
1818 9 2 1 1 581 930 1007 3510 3544 3531
1819 9 2 1 1 597 993 917 3504 2273 3521
1820 9 2 1 1 398 869 1005 3403 3522 3466
1821 9 2 1 1 625 1008 929 3537 3502 3003
1822 9 2 1 1 551 991 970 1307 3543 2176
1823 9 2 1 1 897 974 965 3542 3545 3541
1824 9 2 1 1 720 1007 930 3141 3544 3390
1825 9 2 1 1 228 974 994 3546 3534 3423
1826 9 2 1 1 634 986 961 3461 3539 2422
1827 9 2 1 1 650 988 948 2113 3135 1555
1828 9 2 1 1 228 965 974 1501 3545 3546
$EndElements
