$MeshFormat
2.2 0 8
$EndMeshFormat
$Nodes
2093
1 -2 -2 0
2 2 -2 0
3 2 2 0
4 -2 2 0
5 -1.897435897436182 -2 0
6 -1.794871794872364 -2 0
7 -1.692307692308546 -2 0
8 -1.589743589744728 -2 0
9 -1.48717948718091 -2 0
10 -1.384615384617092 -2 0
11 -1.282051282053274 -2 0
12 -1.179487179489455 -2 0
13 -1.076923076925637 -2 0
14 -0.9743589743618193 -2 0
15 -0.8717948717980013 -2 0
16 -0.7692307692341833 -2 0
17 -0.6666666666703651 -2 0
18 -0.5641025641065471 -2 0
19 -0.4615384615427292 -2 0
20 -0.3589743589789109 -2 0
21 -0.256410256415093 -2 0
22 -0.1538461538512748 -2 0
23 -0.05128205128745678 -2 0
24 0.05128205127664565 -2 0
25 0.153846153841033 -2 0
26 0.2564102564054198 -2 0
27 0.3589743589698071 -2 0
28 0.461538461534194 -2 0
29 0.5641025640985813 -2 0
30 0.6666666666629681 -2 0
31 0.7692307692273554 -2 0
32 0.8717948717917423 -2 0
33 0.9743589743561292 -2 0
34 1.076923076920516 -2 0
35 1.179487179484903 -2 0
36 1.282051282049291 -2 0
37 1.384615384613678 -2 0
38 1.487179487178065 -2 0
39 1.589743589742453 -2 0
40 1.692307692306839 -2 0
41 1.794871794871226 -2 0
42 1.897435897435613 -2 0
43 2 -1.897435897436182 0
44 2 -1.794871794872364 0
45 2 -1.692307692308546 0
46 2 -1.589743589744728 0
47 2 -1.48717948718091 0
48 2 -1.384615384617092 0
49 2 -1.282051282053274 0
50 2 -1.179487179489455 0
51 2 -1.076923076925637 0
52 2 -0.9743589743618193 0
53 2 -0.8717948717980013 0
54 2 -0.7692307692341833 0
55 2 -0.6666666666703651 0
56 2 -0.5641025641065471 0
57 2 -0.4615384615427292 0
58 2 -0.3589743589789109 0
59 2 -0.256410256415093 0
60 2 -0.1538461538512748 0
61 2 -0.05128205128745678 0
62 2 0.05128205127664565 0
63 2 0.153846153841033 0
64 2 0.2564102564054198 0
65 2 0.3589743589698071 0
66 2 0.461538461534194 0
67 2 0.5641025640985813 0
68 2 0.6666666666629681 0
69 2 0.7692307692273554 0
70 2 0.8717948717917423 0
71 2 0.9743589743561292 0
72 2 1.076923076920516 0
73 2 1.179487179484903 0
74 2 1.282051282049291 0
75 2 1.384615384613678 0
76 2 1.487179487178065 0
77 2 1.589743589742453 0
78 2 1.692307692306839 0
79 2 1.794871794871226 0
80 2 1.897435897435613 0
81 1.897435897436182 2 0
82 1.794871794872364 2 0
83 1.692307692308546 2 0
84 1.589743589744728 2 0
85 1.48717948718091 2 0
86 1.384615384617092 2 0
87 1.282051282053274 2 0
88 1.179487179489455 2 0
89 1.076923076925637 2 0
90 0.9743589743618193 2 0
91 0.8717948717980013 2 0
92 0.7692307692341833 2 0
93 0.6666666666703651 2 0
94 0.5641025641065471 2 0
95 0.4615384615427292 2 0
96 0.3589743589789109 2 0
97 0.256410256415093 2 0
98 0.1538461538512748 2 0
99 0.05128205128745678 2 0
100 -0.05128205127664565 2 0
101 -0.153846153841033 2 0
102 -0.2564102564054198 2 0
103 -0.3589743589698071 2 0
104 -0.461538461534194 2 0
105 -0.5641025640985813 2 0
106 -0.6666666666629681 2 0
107 -0.7692307692273554 2 0
108 -0.8717948717917423 2 0
109 -0.9743589743561292 2 0
110 -1.076923076920516 2 0
111 -1.179487179484903 2 0
112 -1.282051282049291 2 0
113 -1.384615384613678 2 0
114 -1.487179487178065 2 0
115 -1.589743589742453 2 0
116 -1.692307692306839 2 0
117 -1.794871794871226 2 0
118 -1.897435897435613 2 0
119 -2 1.897435897436182 0
120 -2 1.794871794872364 0
121 -2 1.692307692308546 0
122 -2 1.589743589744728 0
123 -2 1.48717948718091 0
124 -2 1.384615384617092 0
125 -2 1.282051282053274 0
126 -2 1.179487179489455 0
127 -2 1.076923076925637 0
128 -2 0.9743589743618193 0
129 -2 0.8717948717980013 0
130 -2 0.7692307692341833 0
131 -2 0.6666666666703651 0
132 -2 0.5641025641065471 0
133 -2 0.4615384615427292 0
134 -2 0.3589743589789109 0
135 -2 0.256410256415093 0
136 -2 0.1538461538512748 0
137 -2 0.05128205128745678 0
138 -2 -0.05128205127664565 0
139 -2 -0.153846153841033 0
140 -2 -0.2564102564054198 0
141 -2 -0.3589743589698071 0
142 -2 -0.461538461534194 0
143 -2 -0.5641025640985813 0
144 -2 -0.6666666666629681 0
145 -2 -0.7692307692273554 0
146 -2 -0.8717948717917423 0
147 -2 -0.9743589743561292 0
148 -2 -1.076923076920516 0
149 -2 -1.179487179484903 0
150 -2 -1.282051282049291 0
151 -2 -1.384615384613678 0
152 -2 -1.487179487178065 0
153 -2 -1.589743589742453 0
154 -2 -1.692307692306839 0
155 -2 -1.794871794871226 0
156 -2 -1.897435897435613 0
157 0.002993104059123247 -0.004813320231236278 0
158 -0.8332724475112425 -0.8456082987382404 0
159 0.8342323063947583 0.8332970572719259 0
160 -0.8325602153779025 0.8260805538635757 0
161 0.8224987639664613 -0.8406794331985327 0
162 1.116336627206718 0.000136604693047411 0
163 -0.003504829775191554 1.111286566945975 0
164 -0.0007772235214199844 -1.12032271202085 0
165 -1.114183473495871 -0.01435072405269091 0
166 -1.326172462722749 1.309390138319729 0
167 1.306626377710849 1.311673049253717 0
168 1.311673049253718 -1.306626377710849 0
169 -1.306626377710849 -1.311673049253718 0
170 -0.5617050703982076 -0.2625171845795453 0
171 0.2752678002988022 0.5535245038947427 0
172 0.5549917123163698 -0.264052189267716 0
173 -0.5732001862752886 -1.379745421877468 0
174 1.380299940731259 -0.5660628987951226 0
175 0.5660628987951226 1.380299940731258 0
176 -1.38753505829556 0.564323623722188 0
177 0.5613570808853512 -1.386837044986776 0
178 -0.5450276061778243 1.37993536047983 0
179 1.389895467022531 0.550246605302011 0
180 -1.374217693656376 -0.5671427660827744 0
181 -0.4928614972443419 0.3301660318256101 0
182 0.08562505097463481 -0.5674656783044544 0
183 0.7213900635287092 0.3298683423140752 0
184 -0.3546805086486645 0.7968029167600809 0
185 -0.3533613354711558 -0.792743725778659 0
186 -0.1246057192649354 -1.549131429121341 0
187 -1.535922112341916 0.1366046695810524 0
188 1.554013634302638 -0.1512240448386989 0
189 0.1433033585490421 1.554282515135732 0
190 0.389260580888121 -0.8838863750326689 0
191 -0.9411725249244418 0.4027628415965219 0
192 0.9566101577799286 1.57196833504527 0
193 1.57196833504527 -0.9566101577799285 0
194 -1.57196833504527 0.9566101577799285 0
195 -0.9566101577799293 -1.57196833504527 0
196 0.9578753666040212 -1.557467542364112 0
197 -0.9578753666040214 1.557467542364112 0
198 1.557467542364112 0.9578753666040214 0
199 -1.557467542364112 -0.9578753666040214 0
200 0.9745112144368631 -0.4023940003524286 0
201 0.3963896766069811 0.9818840518168047 0
202 -0.9762797021115682 -0.4091919144394099 0
203 -0.0955757883379787 0.4010706003418404 0
204 0.4012049896751275 0.08444067862597443 0
205 -1.600513182173869 -1.601942440808986 0
206 -1.601942440808986 1.600513182173869 0
207 1.60051318217387 1.601942440808987 0
208 1.601942440808987 -1.60051318217387 0
209 -0.2337699054067317 1.608487131003043 0
210 1.613877029202309 0.2477488217294002 0
211 -1.601625412166105 -0.2563131366201001 0
212 0.2383683418832254 -1.614026329411504 0
213 1.167886964533058 -0.9607230404042642 0
214 0.9607230404042642 1.167886964533058 0
215 -1.165693340221408 0.9629432751523114 0
216 -0.9612370329364741 -1.16627998061917 0
217 -0.7487188858712528 0.03659184021899059 0
218 1.184206485004314 0.8760047395095317 0
219 -0.8762678031117035 1.184429567545403 0
220 0.866920423111571 -1.196332066085162 0
221 -1.184374081192943 -0.8762842140645001 0
222 -0.1793774275012161 -0.3199571574448522 0
223 1.096604897342353 0.3611659047582633 0
224 -0.3526075844823324 0.005524876661643245 0
225 -0.01462104233414373 0.7747234479425322 0
226 0.7676345902073333 -0.001145598518052413 0
227 0.566968680138192 -0.6054891390525577 0
228 -0.3476968524424829 1.137565095452344 0
229 0.2367668607190831 -0.2490595741369448 0
230 -0.5769848013342277 -1.045911084970984 0
231 1.265524923175985 1.668178948998356 0
232 1.668178948998356 -1.265524923175985 0
233 -1.265524923175985 -1.668178948998356 0
234 -1.668178948998356 1.265524923175985 0
235 1.272780968020092 -1.66871633955774 0
236 -1.66871633955774 -1.272780968020092 0
237 1.66871633955774 1.272780968020092 0
238 -1.272780968020092 1.66871633955774 0
239 -0.6087650805696124 -0.5965099628423595 0
240 0.5841968462047655 0.6262289628825383 0
241 -0.4295786229454404 -1.692950161482024 0
242 1.6787615574714 -0.4399342237708407 0
243 0.4399342237708406 1.6787615574714 0
244 -1.695624938734076 0.4292248520209683 0
245 0.6505319980744502 -1.682259164742031 0
246 -0.6516872419044337 1.686191719967742 0
247 1.681478069289439 0.6525011428978259 0
248 -1.681478069289439 -0.6525011428978257 0
249 0.3101026708811997 -1.18698823825471 0
250 -0.2973078991542751 -1.210483358939889 0
251 -1.29325170814927 -0.2675453915651838 0
252 -1.228350850089463 0.2947090680091957 0
253 0.2726468316656314 1.276103191190664 0
254 1.272829745766617 -0.2716711046299619 0
255 -0.6158595919795087 0.6242990435118878 0
256 -1.093918270763496 0.6673300826420303 0
257 0.6022919519710934 -1.103377969984844 0
258 -0.05240142081499724 -0.8306919244072536 0
259 -0.6328141018253134 1.041301648905783 0
260 0.6742963618225498 1.106727507818659 0
261 1.104403494414469 -0.6682473691193384 0
262 0.164405753328296 0.2819405687118925 0
263 1.331756631231188 0.2007183145166649 0
264 1.038236351818506 0.6325702453230548 0
265 0.7020465252884561 1.716628229647426 0
266 -0.7020465252884568 -1.716628229647426 0
267 1.716628229647426 -0.7020465252884561 0
268 -1.716628229647426 0.7020465252884561 0
269 -0.1748000099160237 1.354175891013569 0
270 0.080847289439749 -1.384855230511571 0
271 0.4487854407312116 0.3658844561353247 0
272 -1.056825512910074 -0.6807020679063784 0
273 -0.1770166239165279 -0.5784182286436681 0
274 0.3417824555711694 -0.4969001095965651 0
275 -0.3199940131668264 0.5235309866991398 0
276 -0.822894815536186 -0.1940702491560907 0
277 -1.735036968743342 -0.03393987121262817 0
278 -0.03545330013669279 1.763014001358588 0
279 1.745731563788209 0.03858840900896257 0
280 0.03411426351396201 -1.735323765052073 0
281 -0.4048903861958516 -0.4664578275106206 0
282 -1.372990405377856 -0.01907719923679217 0
283 -1.374112315908953 0.7986165260452118 0
284 1.376110134879771 -0.7974976986726545 0
285 -0.792884102016993 -1.37295912437389 0
286 0.7974976986726547 1.376110134879771 0
287 1.070626384263275 -1.349589142160128 0
288 1.349589142160128 1.070626384263275 0
289 -1.070626384263275 1.349589142160128 0
290 -1.349589142160128 -1.070626384263275 0
291 0.8206640460413941 0.54271398044612 0
292 0.2345256485366641 0.8158807188601083 0
293 -0.1514530576804117 0.9601290803625712 0
294 -0.4360319395929156 1.742287079597641 0
295 1.77431705505271 0.4385763267631664 0
296 -1.774317055052711 -0.4385763267631665 0
297 0.4374827607327439 -1.748186946173292 0
298 0.8124282456214966 -0.5921809506975951 0
299 0.7973752809765167 -0.2399095375923017 0
300 0.9533518173805144 0.1437528342841643 0
301 -0.2823286987278307 0.2275770112809612 0
302 -1.755854570359533 -1.76368813184246 0
303 -1.76368813184246 1.755854570359534 0
304 1.755854570359534 1.76368813184246 0
305 1.76368813184246 -1.755854570359534 0
306 0.1678875208364866 -0.7629984756307444 0
307 -0.96660073633648 0.1586088160641239 0
308 -0.7404195233429676 0.2966697105614317 0
309 1.770170563634285 -0.2248241649948403 0
310 0.2248241649948403 1.770170563634285 0
311 -1.772924951327611 0.2265495415204106 0
312 -0.2267719732775265 -1.770338369257285 0
313 -0.2371442663605285 -0.9866748108031681 0
314 1.098621621207019 1.37765378981157 0
315 1.377653789811571 -1.098621621207019 0
316 -1.376845055327581 1.096221992018126 0
317 -1.099807818707575 -1.377433761085948 0
318 1.058048044130787 1.77548286864365 0
319 1.77548286864365 -1.058048044130787 0
320 -1.77548286864365 1.058048044130788 0
321 -1.058048044130788 -1.775482868643649 0
322 1.059019008274962 -1.766373400553236 0
323 1.766373400553236 1.059019008274963 0
324 -1.059019008274963 1.766373400553236 0
325 -1.766373400553236 -1.059019008274963 0
326 1.355403026900498 -0.02053008246135516 0
327 0.7822579902816138 -1.398574089072894 0
328 1.392888471538353 0.7784382551403248 0
329 -0.7782734670936765 1.392549275949923 0
330 -1.393033827257628 -0.77850885678218 0
331 0.6065697623516719 0.8324543787175385 0
332 -0.5963434090982509 -0.8037862190784686 0
333 -0.345053529282424 -1.436816708941621 0
334 -0.8183385545520578 0.6062060283437104 0
335 0.6002580608863805 -0.8108028317812117 0
336 -1.448370912982741 0.3393024360915096 0
337 0.05505155871346721 1.3417938385727 0
338 -0.8277062703335423 -0.5631451762647607 0
339 0.1901525314542192 -1.009432435101532 0
340 1.466802688713079 1.775830445800052 0
341 1.775830445800052 -1.466802688713079 0
342 -1.775830445800051 1.466802688713079 0
343 -1.466802688713079 -1.775830445800051 0
344 1.758779998876494 1.471373775214662 0
345 -1.758779998876494 -1.471373775214661 0
346 1.471373775214662 -1.758779998876494 0
347 -1.471373775214662 1.758779998876494 0
348 0.5556943571345885 -0.05618086849687149 0
349 0.04006292115300319 0.5509678541630693 0
350 -0.5703683146361882 0.8342686416080055 0
351 1.009145432075562 -0.1974323657493988 0
352 -1.08696839973775 -0.2188827693267567 0
353 -1.202601890218174 -0.4552538809868898 0
354 0.3492179313548441 -1.415094538234025 0
355 0.346193074935815 1.475183045657401 0
356 1.47482539076997 -0.3492982042512524 0
357 0.02028963084587027 -0.3478257129180548 0
358 0.1970141738851212 1.010996771622159 0
359 -0.7796307139289326 -1.052807506218796 0
360 0.2149254402517645 -0.04251922642905629 0
361 -1.007403378879886 -0.9667552794850702 0
362 0.9891675947562492 0.9722407416034305 0
363 0.9763521553432568 -0.9862740560186212 0
364 -0.9716576917762384 0.9894254487994254 0
365 -0.5438877010212448 0.1063331905235209 0
366 -0.1136529056019686 -1.35172389508559 0
367 1.179586148519296 -0.4770534005984792 0
368 0.4661300770541328 1.16968805145212 0
369 -1.775294612058663 -0.8599604973663547 0
370 0.8599604973663547 -1.775294612058662 0
371 1.775294612058662 0.8599604973663544 0
372 -0.8599604973663544 1.775294612058662 0
373 -0.7226156233707538 -0.3851968392004016 0
374 -1.412575365905103 -1.505491006954337 0
375 1.505491006954337 -1.412575365905103 0
376 1.412575365905103 1.505491006954337 0
377 -1.505491006954336 1.412575365905103 0
378 0.5900679377518279 0.1389256284246961 0
379 -0.3630826554537758 1.442950339266113 0
380 -1.162600461571549 -1.16630870875196 0
381 1.162537550210761 1.1661869694157 0
382 -1.172695695694649 1.181175697843967 0
383 1.166186969415701 -1.16253755021076 0
384 -0.3529960652611764 -0.1944559069560962 0
385 -0.1785381954315902 -0.1109259425802964 0
386 -0.1399597829932361 0.6338291854908757 0
387 -1.548935623552496 -0.4424837419358593 0
388 1.554975057676953 0.4264741967117948 0
389 -0.0232530632394095 0.204283974568682 0
390 -0.05346030973764113 1.506650333212129 0
391 0.7037748410161296 -0.4277167737577104 0
392 -0.6811787110692322 -1.217467468096171 0
393 -1.188543738513354 0.4877225898058319 0
394 0.3916924571723654 -0.6856916101662324 0
395 1.536889587663608 0.05642884840372409 0
396 0.4782496729027403 -1.56944006251208 0
397 0.387121231224721 -0.1514698605776337 0
398 0.4360017964981062 0.7531791316485027 0
399 -0.9281270157766143 -0.03847706052689335 0
400 -1.809813389890082 -0.1990216009450065 0
401 1.820792389806612 0.2042863799458813 0
402 -0.19394495055446 1.807161470171635 0
403 0.202622467421839 -1.794388954637962 0
404 -0.5048384219418764 1.571803623699825 0
405 -0.6916264206922808 1.224633194391387 0
406 -0.6053108135982788 -0.06738126053221766 0
407 1.239126440668715 0.6878374985665336 0
408 -1.229076713731541 -0.677130346034745 0
409 1.270262714555703 0.3928348831622273 0
410 1.233609235340297 -1.475836326352057 0
411 1.475836326352057 1.233609235340297 0
412 -1.233609235340297 1.475836326352057 0
413 -1.475836326352058 -1.233609235340297 0
414 -1.518509794754711 0.6826208197962068 0
415 1.518509794754712 -0.6826208197962069 0
416 0.6826208197962069 1.518509794754712 0
417 -0.6833695046226221 -1.528482073797129 0
418 -1.557852223868091 -0.05906572803321766 0
419 0.78954058799997 -1.01336298921303 0
420 -0.1695163021608549 0.09023682743980592 0
421 0.8896850333204744 1.812983318533378 0
422 1.812983318533378 -0.8896850333204744 0
423 -1.812983318533378 0.8896850333204744 0
424 -0.889685033320474 -1.812983318533378 0
425 -1.36889508430423 0.1660098228021976 0
426 -0.418335004511049 0.9488011877479613 0
427 -0.4878178960069643 -1.224876482137513 0
428 -0.5105119827076476 1.188202355404383 0
429 0.8881877024713382 0.3895171155718433 0
430 1.141017361222643 0.1855627072030406 0
431 -0.5536688800998812 -1.819705708573416 0
432 0.5539188582358274 1.81944091806887 0
433 1.81944091806887 -0.5539188582358275 0
434 -1.819772122974149 0.5536882381667709 0
435 0.7114643895173224 -1.240505199808964 0
436 -0.4080648176406536 -0.9677431869219824 0
437 -0.7099576321174107 0.4685729654333174 0
438 0.04149259539639188 -1.551673085458868 0
439 0.07299724893443355 -0.1708849530606535 0
440 0.5074058786366787 -0.4380444466584281 0
441 -1.227875528646323 -1.492695292345607 0
442 -1.492021346942283 1.225875837655579 0
443 1.227875528646323 1.492695292345606 0
444 1.492695292345606 -1.227875528646323 0
445 0.8242606144541477 1.005885793421053 0
446 1.006322623219172 -0.8251111066920885 0
447 -1.011596685335141 0.8320538122501747 0
448 1.41317061761424 -1.564573911226449 0
449 1.564573911226449 1.41317061761424 0
450 -1.413170617614241 1.56457391122645 0
451 -1.56457391122645 -1.41317061761424 0
452 0.429236631343304 -1.068198885329239 0
453 -0.4388690712485277 -0.6293460579719637 0
454 0.03068244267332841 0.946275976449902 0
455 -0.1695610391143686 1.165699603365968 0
456 -0.7873843318710964 1.000033338766575 0
457 0.1427469048282174 0.117410602305834 0
458 0.4799306937827519 -1.230549206662899 0
459 1.832255977665978 -1.217756658393314 0
460 1.217756658393314 1.832255977665978 0
461 -1.832255977665978 1.217756658393314 0
462 -1.217756658393314 -1.832255977665978 0
463 -1.840457841675087 -1.234971024571157 0
464 1.840457841675088 1.234971024571157 0
465 -1.234971024571157 1.840457841675088 0
466 1.234971024571157 -1.840457841675088 0
467 0.3765900947317061 -0.315687530822409 0
468 0.9581844759413968 -0.02354349914060337 0
469 0.1771510813580084 -0.4224318151323241 0
470 0.770905038779219 0.175159519704435 0
471 0.1372089437660726 -1.220009505128255 0
472 0.5899812414884495 0.4455907211411222 0
473 0.4345640619039148 0.5320977203815253 0
474 1.168441490532095 0.5228291334152863 0
475 -1.261275143881678 0.6727023489195839 0
476 0.5795352033355932 -1.83144500404354 0
477 -0.5785137657932991 1.833723035329149 0
478 1.830162979503871 0.5806648965481037 0
479 -1.830162979503871 -0.580664896548103 0
480 0.9865137668981434 0.7956558059717358 0
481 -1.44461221363513 -0.1874686732042471 0
482 0.6595248664773885 -1.511675495882135 0
483 1.513528250675086 0.6603963717887475 0
484 -0.6618246607570224 1.512809957129726 0
485 -1.513545638576461 -0.6603543873691838 0
486 -0.4391614413728561 0.6504815306823051 0
487 1.454219903558943 0.305619131232257 0
488 1.829975162386448 -0.3756108982460771 0
489 -1.842862380098637 0.3797454276511462 0
490 0.3756108982460771 1.829975162386448 0
491 -0.3794802756569181 -1.842384742895873 0
492 0.7337511307280191 0.6918774059113311 0
493 -1.395031413024695 -0.3833360744371883 0
494 0.3257174766767955 0.2503446869439824 0
495 0.9844232737405676 -0.5744553221186831 0
496 -1.116430252022026 1.610710336342792 0
497 1.610710336342792 1.116430252022026 0
498 1.116430252022027 -1.610710336342793 0
499 -1.610710336342793 -1.116430252022026 0
500 1.120109818019204 1.608324038338784 0
501 1.608324038338784 -1.120109818019204 0
502 -1.608324038338784 1.120109818019204 0
503 -1.120109818019204 -1.608324038338784 0
504 -0.4906041535833275 0.486997443974019 0
505 -1.121093913733755 0.1598026504583326 0
506 -0.5747712451466179 -0.438692898019403 0
507 1.839329316700954 -1.609377520098299 0
508 1.609377520098299 1.839329316700954 0
509 -1.839329316700954 1.6093775200983 0
510 -1.6093775200983 -1.839329316700955 0
511 1.835998772856143 1.606969825536899 0
512 1.606969825536899 -1.835998772856143 0
513 -1.606969825536899 1.835998772856143 0
514 -1.835998772856142 -1.606969825536898 0
515 -0.1874915523399436 -0.751053816028022 0
516 1.539214976228149 -0.5198703856638163 0
517 0.5198703856638154 1.539214976228149 0
518 -0.5191039398505236 -1.533622864322 0
519 -1.529717636819828 0.5196082736175462 0
520 -0.7199660937391293 -0.7103390821407874 0
521 -0.2949400085919851 -1.599457906688167 0
522 0.2239399455869439 -0.6184095027935511 0
523 1.119281875832379 -0.328008615146486 0
524 -0.04160544606755699 -0.6685906086958628 0
525 -0.1833145835717241 0.7916661712195076 0
526 0.6718825243779226 1.268698675926571 0
527 1.267046619989222 -0.6696951286639986 0
528 -1.603935967851981 0.3013487002358011 0
529 0.3235758472966728 1.115805439619883 0
530 -1.602688926050957 -0.7951942140866817 0
531 0.795194214086681 -1.602688926050957 0
532 1.602688926050956 0.7951942140866813 0
533 -0.7951942140866813 1.602688926050956 0
534 0.7111346381279074 -0.7043759302847302 0
535 0.03014606681594229 -0.9675400959190531 0
536 1.632280555128663 -0.2821740143427795 0
537 0.284221109124035 1.626780987295369 0
538 -0.1571020430058603 -1.143368308396259 0
539 0.0682136354021978 0.3955676704450942 0
540 -1.2367370166473 -0.1164280253990493 0
541 0.2838698322965736 0.4050565693845197 0
542 -0.3294170473283139 1.286715493824596 0
543 -0.06802612391610909 -0.4809269666629151 0
544 -1.0675960746617 0.3284343812204244 0
545 -0.9881944386557675 0.5403177818745856 0
546 1.170556390735563 -0.1651937006755292 0
547 1.391602634105467 -0.1790241769972572 0
548 0.1537471823337867 1.167244861303889 0
549 -0.6920575560580454 0.7485789088730379 0
550 -1.164989543046774 0.8076994966140276 0
551 -0.9887339375871135 -0.8130520691554081 0
552 0.6861043128056711 -0.1334886492843436 0
553 0.5558217598925491 0.9962820622563674 0
554 0.1569738801532883 0.6709775984286841 0
555 1.332876669070152 -0.4131984582884551 0
556 0.4038930499730191 1.337376884196153 0
557 0.2111952550916069 1.412491470986642 0
558 0.8890667085105864 0.6882966762730213 0
559 -1.847647682285096 0.08513937296872236 0
560 1.847539531092163 -0.08515802162297982 0
561 0.08515802162297982 1.847539531092163 0
562 -0.08514943269130551 -1.847589341828844 0
563 1.002523780111537 0.5014382940703098 0
564 -0.3620014612521469 0.3775508493005846 0
565 1.188245549962137 -0.8035629606301034 0
566 0.8073857715271386 1.176094739253679 0
567 1.03087612308871 -1.148637281906897 0
568 -1.148648738194459 -1.031328160067213 0
569 -1.03110247686779 1.1485548452127 0
570 1.148534919867245 1.031157187664812 0
571 -1.347090687279882 -0.9309621041782693 0
572 0.9168920817602092 -1.353998896771965 0
573 1.34707073193653 0.9309181978328182 0
574 -0.9308154998786837 1.347024055928421 0
575 -0.07296834477965154 -0.2191028209661061 0
576 0.9471095536873804 1.41771638585262 0
577 1.41771638585262 -0.9471095536873805 0
578 -1.41771638585262 0.9471095536873805 0
579 -0.9449275690753625 -1.40368393522279 0
580 -1.613937595974511 0.8204382069498978 0
581 0.8204382069498981 1.613937595974511 0
582 -0.8214385872916312 -1.612306731199557 0
583 1.613937595974511 -0.8204382069498977 0
584 -0.68197093368386 -0.9328106380373706 0
585 -0.4220101375345933 0.1999963277500988 0
586 1.246762004902712 0.08011443541019127 0
587 0.9136380192310077 -0.7051409385780868 0
588 -1.252154666392409 0.06070792308660523 0
589 0.202761393690895 -1.473783508017533 0
590 -0.2517924104141168 -0.4517520385139158 0
591 0.529440354109641 -0.9556979539137008 0
592 -1.328496081126978 0.4297129058311688 0
593 -1.078117038525926 -0.5256358336457858 0
594 -0.9492130826169815 -0.2619251426973613 0
595 -0.8139782178925183 -1.223919667606644 0
596 -0.6975109958299951 0.8897912966975847 0
597 -0.7202289140631727 -1.867203658093153 0
598 0.7202289140631728 1.867203658093153 0
599 -1.867203658093153 0.7202289140631728 0
600 1.867203658093153 -0.7202289140631728 0
601 0.7266547981325747 -1.862537797445705 0
602 -1.862537797445706 -0.7266547981325744 0
603 -0.7266547981325749 1.862537797445705 0
604 1.862537797445705 0.7266547981325749 0
605 -0.9441026265089505 0.6898581512674724 0
606 -0.4658644228475704 -0.07266159433279926 0
607 0.001852417167765797 -1.268115918120772 0
608 0.8251800347407393 -0.44648499033283 0
609 0.5927005682007482 1.669537614250512 0
610 -0.5927005682007497 -1.669537614250513 0
611 1.669537614250512 -0.5927005682007489 0
612 -1.669537614250511 0.5927005682007483 0
613 -0.05000091054296252 1.253228941791505 0
614 1.64339666447172 -1.424932065464235 0
615 1.424932065464235 1.64339666447172 0
616 -1.64339666447172 1.424932065464233 0
617 -1.424932065464234 -1.64339666447172 0
618 0.5785836693461165 0.3119997583144482 0
619 -0.1031051569416736 -1.682559722152301 0
620 1.686273167058463 -0.106637028427706 0
621 0.1065130415692868 1.684053302929717 0
622 -1.683974876500467 0.1016664414045172 0
623 -0.3925076783534206 -1.085389588765252 0
624 -0.04743296963712555 -1.435202692152405 0
625 -0.2879713662248869 0.6655981068814231 0
626 -0.3321641888853845 -0.3387610678333727 0
627 -0.2162782677659192 1.462788988095799 0
628 -0.8169166761167391 0.1748541996306175 0
629 0.6930364618499569 0.9510292075840443 0
630 -1.852695663305098 -1.86682759854369 0
631 -1.86682759854369 1.852695663305098 0
632 1.852695663305098 1.86682759854369 0
633 1.86682759854369 -1.852695663305098 0
634 0.2200224073214259 -1.329704722204821 0
635 -0.2009742531734518 0.5022455789330319 0
636 -1.466946793270331 -1.351959897027832 0
637 -1.351959897027832 1.466946793270331 0
638 1.466946793270331 1.351959897027831 0
639 1.351959897027832 -1.466946793270332 0
640 -1.854735894999897 -0.3465973687259148 0
641 0.3379215076554261 -1.856354842408083 0
642 1.854735894999897 0.3465973687259142 0
643 -0.3438797841780944 1.8692117702614 0
644 -0.1315396642070387 0.2538509981355733 0
645 -0.6675555862843103 -0.2062802181142877 0
646 -0.8920933481805958 -0.7022304585334063 0
647 0.464057346808553 0.2271339285247499 0
648 -1.865128228498561 -0.09541320193514594 0
649 1.85238575334262 0.09191141214194858 0
650 -0.09116804673396656 1.850903937201976 0
651 0.09689116972289889 -1.862268044268061 0
652 0.968759437862904 -1.863288348003075 0
653 -1.863288348003075 -0.9687594378629043 0
654 1.863288348003075 0.9687594378629035 0
655 -0.9687594378629035 1.863288348003075 0
656 -0.6705186654175067 0.1706102869820794 0
657 1.666820586580295 0.5478526761740349 0
658 -1.666820586580295 -0.5478526761740343 0
659 -0.300581958335904 -0.6376694097563658 0
660 -0.3770795079924241 1.62620653783089 0
661 -1.177567790375073 -0.3031970951770108 0
662 1.868209914220086 1.357569489439908 0
663 -1.357569489439908 1.868209914220086 0
664 1.357569489439908 -1.868209914220086 0
665 -1.868209914220085 -1.357569489439909 0
666 -1.364626596810213 -1.872069004217306 0
667 1.364626596810214 1.872069004217305 0
668 1.872069004217305 -1.364626596810214 0
669 -1.872069004217305 1.364626596810213 0
670 -0.4334799147161136 -1.330406196888186 0
671 1.126120694051977 0.7729647074201202 0
672 0.8485143135793445 -0.1342689444936621 0
673 -0.4780139972709644 -0.7490143972713349 0
674 1.064777081795092 -1.470277450091769 0
675 -1.470277450091769 -1.064777081795091 0
676 1.470277450091769 1.064777081795091 0
677 -1.064777081795091 1.470277450091769 0
678 1.453658715245546 0.1548403829791451 0
679 0.6672928097590869 0.05310500947750262 0
680 -0.4828671734477483 1.088198013017004 0
681 -0.1310831182975831 1.645034188053656 0
682 -0.07793778792889333 -0.9992158602314095 0
683 -0.7536719871141556 -0.07080085616632226 0
684 -1.07058540197783 0.4494370261354685 0
685 0.9464611729533503 -1.698661114214921 0
686 1.69866111421492 0.9464611729533503 0
687 -0.9464611729533503 1.69866111421492 0
688 -1.69866111421492 -0.9464611729533511 0
689 0.5083985671773067 -0.7269250622465256 0
690 1.711301180903746 -0.9520950231010294 0
691 0.9520950231010294 1.711301180903746 0
692 -1.711301180903746 0.9520950231010298 0
693 -0.9520950231010303 -1.711301180903745 0
694 -0.3078051859700586 0.9847342736934477 0
695 -1.123250030173517 -0.7602402100476581 0
696 0.4402395597766858 -0.5756057108530059 0
697 -0.43301504472838 1.320712139046317 0
698 0.2620593850177186 0.1528095853814373 0
699 0.3047029130745148 0.6833146127394637 0
700 0.1160975295699775 0.8569706477031376 0
701 1.386724829251127 0.4310199830816634 0
702 -0.7636195567879921 1.132223144199328 0
703 0.1376932362749944 0.4808745524820875 0
704 0.2590121453973183 -0.8752278770086618 0
705 0.6853768642515775 -0.9551724445865557 0
706 1.649746528128563 0.119132835410938 0
707 0.2944258020856001 0.9237146412815699 0
708 -0.8638811129042028 -0.4481351780034714 0
709 -1.494559919088743 -0.3179204085396441 0
710 0.9362648704504729 -0.2957036458161821 0
711 -0.6246793882513718 0.3635382319998681 0
712 0.3829240291330248 -1.635965512251699 0
713 -0.2061402523186685 -1.43862920754652 0
714 0.146429363092541 -1.694035423689491 0
715 -1.708600124488284 -0.1321490441284059 0
716 0.8503279220823973 0.248651179359335 0
717 0.5336552582317107 -1.677203772024081 0
718 1.704910139301713 0.3148956820111051 0
719 -1.702417064424581 -0.3177188276656645 0
720 0.2994308632710984 -1.075043967622263 0
721 0.6765599732817424 -0.5486815356613765 0
722 -0.2251654967436085 0.3601929325424526 0
723 0.6948399377676113 0.5363619546414804 0
724 0.05577252990136633 -0.7411031994647417 0
725 -1.248054915392088 -0.5626422269195388 0
726 -0.7004794374636847 -0.5312413834336818 0
727 0.4252516955731289 -0.009306225305102479 0
728 -1.310592743745685 -1.184277907595126 0
729 1.310592743745686 1.184277907595126 0
730 -1.172798887885613 1.300711160711483 0
731 1.184277907595126 -1.310592743745685 0
732 -0.9009577790515592 0.2768169754043069 0
733 0.4634966890362185 0.8563897817187346 0
734 -0.1743862243758344 -0.864623912989621 0
735 -0.7933716763707144 0.3928980775391244 0
736 -0.5211452871500259 -0.9372133971953076 0
737 -0.9944814555737383 -1.872276883704975 0
738 0.994481455573738 1.872276883704975 0
739 1.872276883704975 -0.994481455573738 0
740 -1.872276883704975 0.9944814555737382 0
741 1.065791028214292 1.254620603794051 0
742 -1.067079812682957 -1.254504751230403 0
743 -1.254620603794052 1.065791028214292 0
744 1.254620603794052 -1.065791028214291 0
745 -1.299380314891055 1.200519439061178 0
746 1.197681709161011 1.29350030408938 0
747 -1.197681709161011 -1.29350030408938 0
748 1.29350030408938 -1.197681709161011 0
749 -1.719146815566149 1.646238137932458 0
750 1.71914681556615 -1.646238137932457 0
751 1.646238137932457 1.71914681556615 0
752 -1.646238137932457 -1.71914681556615 0
753 -0.9237434220193549 -1.077013541886828 0
754 -0.6792522179141508 -1.342307181778272 0
755 -1.052254914748911 -0.1070470609892891 0
756 -0.4772458783583041 -0.3319269771583493 0
757 1.231790429649117 0.272605915671538 0
758 -0.867821406441675 -0.938649470391431 0
759 -0.8354494236460228 -0.3208728216185258 0
760 -0.2660785907017814 -1.326415026305342 0
761 0.680278467932625 -0.2946358230826848 0
762 -1.479527392283402 0.03386993178497712 0
763 0.7758454852123657 -1.136417550465046 0
764 0.8920852241230038 1.302123353029013 0
765 1.302234450963099 -0.8920216240530464 0
766 -1.299633015126328 0.8931814925758051 0
767 1.065849804079959 1.495345322618258 0
768 1.495345322618258 -1.065849804079959 0
769 -1.495345322618258 1.065849804079959 0
770 -1.065849804079959 -1.495345322618259 0
771 -0.1010626098645708 1.065547728851914 0
772 0.9872171694592262 0.2846950060813913 0
773 -0.5383193493887138 1.684909135017835 0
774 1.409809928835677 -0.6798330699858519 0
775 -1.409379809269334 0.680095726572013 0
776 0.6798330699858518 1.409809928835677 0
777 -1.575778055660193 1.721969020267567 0
778 1.721969020267567 1.575778055660193 0
779 1.575778055660193 -1.721969020267567 0
780 -1.721969020267567 -1.575778055660193 0
781 -0.9975874176017467 0.06022046543018211 0
782 1.124182446773157 -1.896082428283069 0
783 1.895987369595868 1.122928095210396 0
784 -1.124182446773157 1.896082428283069 0
785 -1.896082428283069 -1.124182446773157 0
786 0.04710741316328906 1.44563532403395 0
787 -0.03964871183259656 1.398310276835888 0
788 1.114701464572102 1.887858967187282 0
789 1.887858967187282 -1.114701464572102 0
790 -1.887858967187282 1.114701464572102 0
791 -1.114701464572102 -1.887858967187282 0
792 1.907938540378675 1.739885716118863 0
793 1.739885716118863 -1.907938540378675 0
794 -1.739885716118863 1.907938540378675 0
795 -1.907938540378675 -1.739885716118863 0
796 -1.754410527119331 -1.886623692605855 0
797 -1.886623692605855 1.754410527119331 0
798 1.754410527119331 1.886623692605855 0
799 1.886623692605855 -1.754410527119331 0
800 1.074436064526631 -1.039518344111206 0
801 1.039696431572265 1.074312181861982 0
802 -1.07399818796702 1.039954706504308 0
803 0.1161209655178901 -0.8973864457690112 0
804 -0.08707429221198792 0.4999015040551964 0
805 -1.032646579653916 -1.06824406150472 0
806 -0.9468516902285425 -0.5717313983513529 0
807 0.5128176424311667 -0.1551778643928145 0
808 -0.06376323050116962 0.8834149010944217 0
809 0.4771533273502351 -1.865509760999386 0
810 1.8668120128195 0.4778743531969192 0
811 -0.4813084874851237 1.879160815370266 0
812 -1.8668120128195 -0.4778743531969191 0
813 0.8550632911302145 1.468827549568963 0
814 1.468827549568963 -0.855063291130214 0
815 -1.468637281095552 0.8551698461180767 0
816 -0.8520950998766595 -1.462972218031229 0
817 0.1340571245965148 -1.102555917862601 0
818 0.7951250372725353 0.4298967299141185 0
819 -0.02397734813580637 0.6578875674686421 0
820 -0.5554613105634406 0.975418576572468 0
821 1.463277398872212 -0.03806042271899215 0
822 0.285832900155571 -0.7728057234930138 0
823 1.056905987001618 0.0981988297895672 0
824 -0.2846153313380132 0.1137758643565687 0
825 0.3836558019097249 -1.288416627131122 0
826 0.548238639191728 0.733053615376286 0
827 -0.267934492451346 0.86808395247589 0
828 -0.80321988918314 1.298741220219338 0
829 -0.6709749542079126 1.351387235348291 0
830 1.282943237745563 -0.1223844687872782 0
831 -0.871624162294839 0.08328041270205518 0
832 1.298973628424527 0.803505547182373 0
833 1.353849037534834 0.6706312270287038 0
834 -1.299342603393024 -0.803913789823579 0
835 -1.366961995354004 -0.6756989921778904 0
836 1.884919830025903 -0.1970683442021921 0
837 0.1970683442021921 1.884919830025903 0
838 -1.885158374933091 0.1972105715248013 0
839 -0.1972299458147762 -1.884937964722543 0
840 -0.6816415069649157 -1.102707835248154 0
841 -0.3312127204676248 1.742432307402687 0
842 0.4992746527061212 0.06797374825329121 0
843 -1.545578910343336 0.4010245478502402 0
844 -0.4148680616381751 -1.51716369472692 0
845 0.8761116470657785 0.05602027686082883 0
846 1.086809399628832 -0.5530906807359847 0
847 0.5658620381558181 1.27644274066781 0
848 1.274170384447085 -0.5573244622045543 0
849 -0.5745615923858666 0.2119211068119079 0
850 1.454474222415229 0.8920476449998778 0
851 0.8927188910700293 -1.45871277733331 0
852 -0.8920015491606326 1.454392205497118 0
853 -1.454509315335976 -0.8920673648031109 0
854 0.6754595233494636 -1.356365844322239 0
855 0.02465094824232823 1.635089848897132 0
856 0.8771731129363947 -1.094839216065274 0
857 1.38952993320123 -1.686605000284894 0
858 1.686605000284894 1.38952993320123 0
859 -1.686605000284894 -1.38952993320123 0
860 -1.38952993320123 1.686605000284894 0
861 -0.9238743082276621 -1.308376878811558 0
862 -0.5344816440129774 0.7025063420213703 0
863 0.460550412536684 -1.442100722420835 0
864 -0.2510829771145134 -0.1901276338520699 0
865 0.2617721958179151 -0.1533188724542036 0
866 -0.294670511250896 -0.0993996080446877 0
867 0.3230207803187736 -1.543122999768765 0
868 -0.5036496149772711 -0.5312848542309917 0
869 -1.13880408770469 -0.6089290490014923 0
870 -0.8935763225349659 1.085999745684563 0
871 1.367210412422202 0.09151003670876383 0
872 1.085335093715355 0.8959765871163153 0
873 -1.074636635034625 -0.8851952320036153 0
874 -0.3150364172856484 -0.9033665810889853 0
875 -1.462706799157741 0.2256999486379724 0
876 -1.341429473650824 0.2791767681827177 0
877 0.2885651691056598 -0.3909512435380088 0
878 -0.6341231685594939 0.03629601081035098 0
879 0.5849377817419665 -1.27293022791025 0
880 -0.9982015531822703 1.264368145514628 0
881 -1.26435919990408 -0.9983238324654733 0
882 1.264353717258899 0.9982773652078138 0
883 1.01063252986843 -1.254252781633075 0
884 -0.3173938442085599 -1.703727856037968 0
885 0.7214293830613644 0.8049474086148722 0
886 -0.06542938328386194 -0.09344642843624326 0
887 0.8211255349334711 -1.294803340315191 0
888 -0.2809415741837505 -1.077215137520219 0
889 0.09882118924673902 -0.06583628949494967 0
890 -0.32716405441966 -0.5282002483432015 0
891 -1.272992023697383 -0.3722685660074759 0
892 -1.431980725735563 0.4566603647866783 0
893 -0.09154414626587748 -0.3848228509943928 0
894 -1.709893625193725 0.3179456705361788 0
895 1.068745474743017 -0.913412710244136 0
896 0.931976939813059 1.074069232955884 0
897 -1.068864423799462 0.9230189150435073 0
898 -1.874534831376406 1.509513190393196 0
899 1.874534831376407 -1.509513190393196 0
900 1.509513190393196 1.874534831376407 0
901 -1.509513190393197 -1.874534831376406 0
902 1.888223955385811 1.512963295489726 0
903 -1.512963295489726 1.888223955385811 0
904 1.512963295489726 -1.888223955385811 0
905 -1.888223955385811 -1.512963295489726 0
906 -1.736065307723759 1.16926053645271 0
907 -1.16926053645271 -1.736065307723759 0
908 1.736065307723759 -1.16926053645271 0
909 1.16926053645271 1.736065307723759 0
910 1.721780691635728 1.182745250801443 0
911 -1.182745250801443 1.721780691635728 0
912 1.182745250801443 -1.721780691635728 0
913 -1.721780691635728 -1.182745250801443 0
914 -0.4696229179598097 1.466704800484169 0
915 0.3198051864042315 -1.755181355944616 0
916 -1.067301329088107 -0.3340601377883775 0
917 -1.497794374750125 -0.5539363024293843 0
918 1.498613104405959 0.5636162241206191 0
919 -0.7122121215828625 0.571849797529003 0
920 -1.34723070971448 -0.1244748688479654 0
921 -1.30653013314075 1.560490219843614 0
922 1.560490219843614 1.306530133140749 0
923 1.30653013314075 -1.560490219843614 0
924 -1.560490219843615 -1.30653013314075 0
925 0.8772183410901865 -0.9348547955187699 0
926 1.643116414296683 -0.01028081410119577 0
927 1.441509587478971 -0.4633346062331831 0
928 0.4703553708572533 1.452776051966283 0
929 -0.5845630706772664 -0.702542315949565 0
930 -0.8021737399703781 0.7265067834498394 0
931 0.3544804636905306 0.8324205992967482 0
932 1.356502642983847 1.75774903160301 0
933 1.75774903160301 -1.356502642983847 0
934 -1.757749031603011 1.356502642983845 0
935 -1.356502642983846 -1.757749031603011 0
936 -0.4365817378130135 0.8427881403256952 0
937 -0.8794612869585036 0.4879959574951059 0
938 0.9309135248291139 0.5907472651499934 0
939 -0.9138176701890147 -0.1613571397390653 0
940 0.4921644380328787 -0.8555756265079082 0
941 -0.7119374479538187 -0.8279668254767304 0
942 -0.4579942378217672 0.03326184776819936 0
943 0.160729122797815 1.273644623690213 0
944 0.3183608094679868 0.01190444528711647 0
945 -1.317467475046616 -1.44007119592938 0
946 -1.440933413644467 1.31555268068011 0
947 1.317467475046617 1.440071195929379 0
948 1.4393980641602 -1.315566742989476 0
949 0.09696395074139033 -0.2794968955826457 0
950 1.731782398215162 -0.316138248065393 0
951 0.3163332094731317 1.731258629850086 0
952 0.7076414501835374 -0.8512371780121778 0
953 0.5644769855695386 1.107436203411175 0
954 0.1296393186517841 -0.6622179386283368 0
955 -0.06103434774500996 0.09469963832750276 0
956 -0.1946180294978551 -1.251614522101423 0
957 0.8908195689761794 0.9224973253027141 0
958 -0.9149152288962318 0.8932692387340874 0
959 -0.4669867053648099 -1.883331582574864 0
960 -1.883469516220552 0.4670409020051959 0
961 1.881614396873563 -0.4668761910484269 0
962 0.4668761910484268 1.881614396873563 0
963 -1.158043139910261 0.3713341463219794 0
964 1.566257349041835 -0.4215670026525244 0
965 0.4219399203009653 1.567364408029905 0
966 0.08344660226235587 1.043863504350492 0
967 1.487119554729713 -0.2370244853982977 0
968 1.380592028910752 -0.2808827234608896 0
969 -0.6626421482594594 -0.3077420187900681 0
970 0.05856884121876822 0.289776246659003 0
971 1.266451178637151 0.5779427104402421 0
972 0.05343817112783727 1.236414389614619 0
973 0.4715343859654167 0.6364919374875462 0
974 1.686142558787938 -1.516818464246799 0
975 1.516818464246799 1.686142558787938 0
976 -1.686142558787936 1.516818464246798 0
977 -1.516818464246799 -1.686142558787936 0
978 -1.245533852072134 0.1777865485654904 0
979 1.048315978115077 -0.08284343501054911 0
980 -0.6103484931980163 1.156851923545711 0
981 0.07496899124093018 -0.4552547514949534 0
982 -1.702194708171038 -0.7629457676892455 0
983 0.7627582300870192 -1.702269098214142 0
984 -0.7628682533089227 1.702643627283257 0
985 1.702194708171038 0.7629457676892457 0
986 -1.559872420918216 1.310051122600454 0
987 -1.310423930729716 -1.559854490221857 0
988 1.559790382434316 -1.310242908629036 0
989 1.310423930729716 1.559854490221857 0
990 -0.4721465587681871 -0.1864025886760569 0
991 1.231328271166874 -0.0107135153691626 0
992 1.513340367816428 -1.52679412238102 0
993 1.52679412238102 1.513340367816428 0
994 -1.513340367816428 1.52679412238102 0
995 -1.526296882133562 -1.513364287088963 0
996 -1.094067348090019 0.5614793263239198 0
997 0.590161576882118 -0.3744914593298919 0
998 -0.5834812468009022 -1.273326519078301 0
999 -0.584100233367792 -1.161468192099057 0
1000 -0.2354352056651919 -0.001721682813126308 0
1001 -1.893900978511252 -0.8204666267231827 0
1002 0.8204666267231833 -1.89390097851125 0
1003 -0.8204666267231827 1.893900978511249 0
1004 1.893900978511249 0.8204666267231827 0
1005 -0.208368108624467 -1.665396532447825 0
1006 0.2410630953764705 1.520402670757625 0
1007 0.3061202051698355 1.373386229959437 0
1008 1.616240593218299 0.3551394526293375 0
1009 -1.615768693413117 -0.3604910491962491 0
1010 0.6797889834833102 0.2221914003136612 0
1011 -1.708214351535739 0.8278775111225962 0
1012 1.708214351535739 -0.827877511122596 0
1013 0.827877511122596 1.708214351535739 0
1014 -0.827972785440856 -1.708059031080982 0
1015 -1.276294185274506 0.5637291095507654 0
1016 -0.6044233453499986 0.5110911740062498 0
1017 -0.4839872913535678 -1.428520556324766 0
1018 1.904847132205813 -0.8132519817424791 0
1019 0.8132519817424791 1.904847132205813 0
1020 -1.904847132205813 0.8132519817424791 0
1021 -0.8132519817424779 -1.904847132205813 0
1022 -0.5891810306576145 1.268778456769379 0
1023 1.494523150731623 -1.644962555296516 0
1024 1.644962555296516 1.494523150731623 0
1025 -1.494523150731623 1.644962555296516 0
1026 -1.644000758592332 -1.495406328875772 0
1027 0.4616091972189961 1.062461533796478 0
1028 -1.600192380643187 0.04531731944308776 0
1029 1.358910124085682 0.3154217631797174 0
1030 -1.767988854090465 -1.317398950759 0
1031 1.317398950759001 -1.767988854090466 0
1032 1.767988854090466 1.317398950759001 0
1033 -1.317398950759001 1.767988854090466 0
1034 -0.4323332764075272 -0.8597215386352923 0
1035 -0.3222111827207262 1.550909888370107 0
1036 1.079954598422467 -0.4245073380432117 0
1037 0.5600036827869376 -1.490235420297978 0
1038 0.599843997060689 -0.4861460768975605 0
1039 1.222839444559802 -0.3666626106200754 0
1040 0.7871678552372807 -0.3508854594794343 0
1041 1.173065742675976 0.4238306139725376 0
1042 0.3621506194506049 1.209646102376594 0
1043 -0.1193355751784403 -0.007803681863664195 0
1044 0.3820707828255695 0.4431917521471385 0
1045 -0.4056554082493388 1.220553739194569 0
1046 -0.2179067272849578 1.059242394039846 0
1047 -1.320579149907714 -0.4711875087315656 0
1048 0.1485016627927724 -1.5691294819427 0
1049 -1.196545197465958 -0.2046645093511588 0
1050 -1.905090077636958 0.6274540411382483 0
1051 0.6274540411382488 1.905090077636958 0
1052 1.905090077636958 -0.6274540411382488 0
1053 -0.6274540411382494 -1.905090077636957 0
1054 -1.670795260070111 0.2064589797241945 0
1055 -1.456387799631651 -0.08733571103350285 0
1056 0.1740793178262611 -0.5252876303696528 0
1057 -0.1001877545681098 -1.197243790031037 0
1058 -0.273268263941421 1.374699950751701 0
1059 0.3283619042993364 -0.6005930665545001 0
1060 0.4999245217004225 -1.131804636140204 0
1061 -1.264193547479084 0.7832574685452461 0
1062 0.4059843159016325 -0.4124367639012988 0
1063 0.2204161195797643 -1.142932298392319 0
1064 1.147986847316193 0.631722247109497 0
1065 -0.6012173110365454 1.595868727867364 0
1066 -1.406673833560579 -0.2794542528410425 0
1067 0.1618428724021412 -0.1316477041989703 0
1068 -0.4570931678804065 -1.782053968073317 0
1069 1.779273667775575 -0.4597179383078537 0
1070 0.4597179383078536 1.779273667775575 0
1071 -1.78275131928101 0.4572964275827636 0
1072 -0.1227076854839154 1.744222096052758 0
1073 -0.04576869060256761 0.3224888030827588 0
1074 1.011400865367839 -0.719536913177915 0
1075 -1.918991003531927 -0.1907412428236172 0
1076 1.918991003531926 0.190741242823617 0
1077 -0.2006793391473625 1.908134768533421 0
1078 0.2004420864365606 -1.908673780709544 0
1079 0.5932134451486996 -1.588884199239102 0
1080 0.3286020933657424 -0.2311824275429013 0
1081 -0.1070577247399528 0.730651958171789 0
1082 0.4828873895964976 -0.3387103560240206 0
1083 -1.383190177142194 1.209563956258559 0
1084 -1.210055395121379 -1.384303579005918 0
1085 1.209942423930851 1.384324534122643 0
1086 1.383197499849496 -1.210454586660995 0
1087 0.5325874795649289 0.5324885482317235 0
1088 1.912575975725718 -0.001367152207478492 0
1089 0.00143794891300059 1.91243485037899 0
1090 -1.913799844901801 0.001031872355340172 0
1091 -0.0008920715872286591 -1.91352189016973 0
1092 0.4769639503904071 -1.333021361893572 0
1093 -1.539024088127186 -0.1597725506690343 0
1094 0.3033723058995522 -0.9634747582567036 0
1095 1.33433224176593 -1.001590163005696 0
1096 1.001595463011526 1.334322983604756 0
1097 -1.334048060905867 1.001486849616851 0
1098 1.237796731422574 -1.382019109257265 0
1099 -1.382019109257265 -1.237796731422574 0
1100 -1.240648213961131 1.367550600971884 0
1101 1.382019109257265 1.237796731422574 0
1102 0.1792777796463966 0.3851879783963454 0
1103 0.1896628856286751 0.9152666384172355 0
1104 -0.389404483628072 0.1073289416985355 0
1105 0.8141662752748815 -0.6846112125145625 0
1106 1.754008376045552 0.1312803981651048 0
1107 0.3089720717839095 1.910100587343571 0
1108 1.910100587343571 -0.3089720717839095 0
1109 -1.91155900541239 0.309447266975873 0
1110 -0.3094199583420668 -1.911481444588689 0
1111 0.6162306360807392 -0.7060375281251956 0
1112 0.3549679188715305 0.6049449237166546 0
1113 0.4080120737025323 -1.165543563530781 0
1114 -0.1539665039633503 1.545894193782671 0
1115 -1.616476916717517 0.6793425342562797 0
1116 0.6793425342562798 1.616476916717518 0
1117 1.616476916717517 -0.6793425342562794 0
1118 -0.6684779739699731 -1.626868460510019 0
1119 -1.477957314082064 0.5986123059216329 0
1120 1.47609852776403 -0.5911113343123655 0
1121 0.5918914192705951 1.47735035715151 0
1122 -0.5906782793383157 -1.475674816314619 0
1123 0.3985745030035379 -0.7930665835075329 0
1124 1.555814911888878 0.1616372593397767 0
1125 0.9889679604114819 -1.413255033785722 0
1126 -1.412020403620232 -0.9904589044282748 0
1127 1.412014287146442 0.9904518348561994 0
1128 -0.9904353022124908 1.411999987932418 0
1129 -0.8293506583419773 -0.01754853489704929 0
1130 0.439846667387132 -0.23784399773165 0
1131 1.30934620917864 0.4865850267004915 0
1132 0.9023934690678992 0.4781498227129118 0
1133 -0.04831769205434352 -1.606358583046051 0
1134 -1.505939778905023 -0.7691089763714229 0
1135 0.7693537423684444 -1.506663248412498 0
1136 1.50592430261363 0.7691165285599003 0
1137 -0.7692607811267772 1.505823615577152 0
1138 -1.182484901010249 0.6112999656371769 0
1139 -1.091348944176792 -0.4388816507988001 0
1140 1.039352346907117 0.2101544692836703 0
1141 -0.7632920666560153 -1.153867379507696 0
1142 -0.7331154591801369 -1.439585119186893 0
1143 1.108759641068498 -1.229979599000665 0
1144 -1.23092575340006 -1.107646339275724 0
1145 1.230931844104111 1.107609726774734 0
1146 -1.094533918411493 1.232360756083399 0
1147 -0.7763408175895075 -0.9375071169209712 0
1148 -0.2304312332043612 1.260678304531831 0
1149 -1.20906113185316 1.584987827612998 0
1150 -1.584987827612999 -1.209061131853159 0
1151 1.584987827612998 1.209061131853159 0
1152 1.20906113185316 -1.584987827612998 0
1153 -0.1590586885245213 -0.4839337183319884 0
1154 -1.592987495903918 -0.6067335827123989 0
1155 1.593076533876635 0.6078137945024875 0
1156 -0.5669778228214866 1.49450182482023 0
1157 -0.1998810054734116 0.1868721977193758 0
1158 0.06906886862941192 0.7073408520969802 0
1159 -0.3911983736940227 0.4606862032169945 0
1160 0.7685739828855059 1.095060227082379 0
1161 -0.382792400116538 -1.244058909378121 0
1162 -1.143146016717572 -0.1196488560340119 0
1163 0.3105273694328825 1.026503555024231 0
1164 -1.208786687798275 -1.587764994096479 0
1165 1.208786687798275 1.587764994096479 0
1166 1.587757871008974 -1.208766574231533 0
1167 -1.587692103573483 1.208523076784941 0
1168 -0.2262783838679749 1.713806864143018 0
1169 -0.581179383597293 -0.1610881243131846 0
1170 -0.09584835670813883 -0.5726574031495022 0
1171 -0.4386845575054037 0.7458344658723379 0
1172 -0.6734237236652834 1.787203371431435 0
1173 1.785260649355193 0.674629180701902 0
1174 0.6738571709491921 -1.785498867513653 0
1175 -1.785260649355193 -0.6746291807019016 0
1176 -0.4764550806952885 -1.033509865216192 0
1177 1.717482547057743 0.2166162749301864 0
1178 -1.040104084329323 0.2255087776039668 0
1179 1.028643186137757 -0.316340457579706 0
1180 0.9205392015735732 -0.4911245327030117 0
1181 -0.9132227151649391 0.774461963499528 0
1182 1.636833116973477 -0.1850504728058718 0
1183 0.1857430271780533 1.631487053647583 0
1184 1.272699231274744 -0.7797620652350051 0
1185 0.7803344658646203 1.271699349867971 0
1186 0.6928000938091281 -1.062962337495385 0
1187 -1.649619007258814 -0.05254396498903695 0
1188 0.773783209962617 0.9164289853637513 0
1189 -1.746825843297547 -1.666699067930558 0
1190 -1.666699067930558 1.746825843297548 0
1191 1.746825843297547 1.666699067930558 0
1192 1.666699067930558 -1.746825843297547 0
1193 0.04096862971636642 0.1008037530137902 0
1194 0.3538714768830402 0.3439055810634113 0
1195 1.150535095797437 -1.418004883544748 0
1196 -1.418004883544749 -1.150535095797436 0
1197 -1.150535095797436 1.418004883544749 0
1198 1.418004883544749 1.150535095797436 0
1199 0.618137486933283 -0.1899452303912227 0
1200 1.100151972172448 -0.7847697308859746 0
1201 -0.09687924138106932 -0.9033989294405725 0
1202 1.181702108963596 -0.6053113803933041 0
1203 0.6604854473956396 1.803789124721002 0
1204 1.803789124721002 -0.6604854473956396 0
1205 -1.803825925266033 0.6604598229435221 0
1206 -0.6604576720472018 -1.803818545888173 0
1207 0.645615779113505 0.7251221930518204 0
1208 -0.2569875895229716 -0.8228175420499055 0
1209 -0.2818318527515865 0.4285421612589581 0
1210 0.1054774488899536 -1.47342158728506 0
1211 -1.088352035323517 0.764223086407352 0
1212 0.008134786252289784 -0.2485388873821313 0
1213 0.6298436865497276 -1.188697509832369 0
1214 0.03437672408244342 -0.8448503661992616 0
1215 0.6230343516617012 1.190090867643955 0
1216 -0.05827725615906827 0.9774081043717219 0
1217 0.9931902519209058 0.3875642948381252 0
1218 0.2499387779887651 1.185128386378179 0
1219 -0.3962183341903608 1.051604961812779 0
1220 -1.386267153320301 0.07446218555627808 0
1221 -0.3242823958552161 -1.003757075994226 0
1222 1.182785113276784 -0.2556919815100541 0
1223 0.9167979336415433 -0.8469613234260497 0
1224 -0.4070869313029702 0.3000095765702503 0
1225 -0.5161628422079285 0.5878402480151945 0
1226 0.4334742931649159 -0.9695812139911174 0
1227 0.221129834300136 0.05890602375502818 0
1228 0.08924683883237175 0.1969463380604801 0
1229 -0.4185884459831541 0.5538991648088398 0
1230 -1.281468463552332 -0.03063436626004307 0
1231 1.077298163397978 0.5523984811544154 0
1232 -1.756667519443802 -0.5190126381500729 0
1233 1.756667519443802 0.5190126381500734 0
1234 1.018618895182902 -1.635892887953549 0
1235 1.635892887953549 1.018618895182902 0
1236 -1.018618895182902 1.635892887953549 0
1237 -1.635892887953548 -1.018618895182903 0
1238 -1.019174275455273 -1.329704549204547 0
1239 1.672501223171613 -1.061897859249847 0
1240 1.061897859249847 1.672501223171613 0
1241 -1.672501223171613 1.061897859249847 0
1242 -1.061897859249848 -1.672501223171613 0
1243 0.7560637036460834 1.463153013612787 0
1244 -1.462803919344711 0.7562621088389602 0
1245 1.463153013612788 -0.7560637036460831 0
1246 1.905574323797961 0.6414773876908354 0
1247 -0.6411577126630809 1.90609839788382 0
1248 0.6412962731227182 -1.90571910881683 0
1249 -1.905574323797961 -0.6414773876908344 0
1250 -0.7063022831942056 0.9738451581536661 0
1251 0.688498125878325 0.4373271640628668 0
1252 0.8594251443642035 -1.66280969565186 0
1253 -1.662801430091514 -0.8594459818755625 0
1254 -0.8594373691666374 1.662851309992872 0
1255 1.662801430091514 0.8594459818755621 0
1256 -0.1382757535796457 -0.6609265100016564 0
1257 0.05314549110438059 -1.644838493918619 0
1258 0.1845508944604677 0.1956858684566776 0
1259 0.7764185127425235 -0.9186919570027636 0
1260 0.6587729166483326 -0.04341996022525143 0
1261 -0.1243912972102736 1.439540872973282 0
1262 1.165238813663247 0.088330908593083 0
1263 1.23653100226045 0.1641689733945312 0
1264 0.9065626389347519 -0.2083749071271595 0
1265 -0.8581843807012417 -1.135954858184491 0
1266 -0.0083846325889292 -1.35610949260651 0
1267 -0.5494534340400754 0.4060577500597691 0
1268 -0.665094638023467 -0.4528391373965448 0
1269 -0.2399749403209329 0.590785425344954 0
1270 1.126238871565258 0.2768739429821202 0
1271 -1.774412145669944 1.553001477074246 0
1272 -1.553001477074247 -1.774412145669944 0
1273 1.774412145669946 -1.553001477074244 0
1274 1.553001477074244 1.774412145669946 0
1275 1.801817724566101 -0.7751348098960746 0
1276 -1.801821813515548 0.7751319627347283 0
1277 0.7751348098960745 1.8018177245661 0
1278 -0.7751423097816098 -1.80180373575637 0
1279 -1.599517886992089 -0.7067948809788145 0
1280 0.704988039325028 -1.599029610952536 0
1281 1.599524128523194 0.7069204085786063 0
1282 -0.7062631466558834 1.600316993323128 0
1283 -0.09571234205918779 -0.7471557477241192 0
1284 -0.3590193111497798 0.8871193722534677 0
1285 -1.434985283336361 -0.4725022940397248 0
1286 0.8214960589116487 0.3314295532596267 0
1287 -1.134314852405463 -1.451218178392005 0
1288 1.134170500328676 1.451244954374486 0
1289 1.451119728344137 -1.134227407298692 0
1290 -1.450954172500291 1.133639635011796 0
1291 -1.673756056669464 -0.4371614377357461 0
1292 1.674506424070027 0.4351460804486184 0
1293 0.9725963779681549 0.7037641882508532 0
1294 -0.7098203224761672 -0.6203732614820017 0
1295 -1.450189488416 0.1289914917897136 0
1296 -0.7631333459050795 -0.276930013174405 0
1297 1.012167693507042 -0.4899299453273839 0
1298 0.2603416824382114 0.3149600023167723 0
1299 0.4860684323970051 0.4509412162735704 0
1300 -1.175800357446796 0.7149612023389612 0
1301 -0.2184499338834108 -1.530507925447244 0
1302 -1.142663172815612 0.2581619602373456 0
1303 -0.1142553027088304 0.1691149322500825 0
1304 0.1700563777475372 0.5728403357186947 0
1305 1.474339225098466 1.439460377994579 0
1306 1.439460377994579 -1.474339225098466 0
1307 -1.439460377994578 1.474339225098465 0
1308 -1.474272926398805 -1.439463567230916 0
1309 -0.2616589988615547 1.159496787374037 0
1310 -0.8084551096576841 -0.7500063637976572 0
1311 0.149427451879162 0.7594244753532392 0
1312 -0.5233893041604728 -0.6386421098958818 0
1313 -0.543463724909488 -0.007056540602738238 0
1314 0.9740556042843852 0.0564572493171252 0
1315 0.8150712567238709 0.7389952044003301 0
1316 0.8184571900486795 0.6416038039039853 0
1317 0.9031838457954401 0.7709730749611036 0
1318 -0.9095655288847471 -1.917681023030284 0
1319 0.9095655288847474 1.917681023030285 0
1320 -1.917681023030285 0.9095655288847474 0
1321 1.917681023030285 -0.9095655288847474 0
1322 -0.9739258920764632 0.3175292180248681 0
1323 0.884433436440604 -0.3793683545600748 0
1324 -0.8360193129918974 -0.1064450036043244 0
1325 0.7631682693946112 0.0878976243418281 0
1326 0.2225172065447185 -1.24472114055652 0
1327 1.437999627083677 0.0459419683247257 0
1328 -0.9433606800852032 -0.8920457553572161 0
1329 -0.7002242879809309 0.3743366209936982 0
1330 -0.7580707517116028 -1.284485321878578 0
1331 1.508103742988662 0.2428903601494946 0
1332 -0.7905395123994559 0.9114242485491612 0
1333 -1.166035373029341 0.07316360851758218 0
1334 0.2394545311774108 -1.703191157311948 0
1335 -0.9268556055696078 -0.4930117682432862 0
1336 -1.919515686626515 -1.288393211314393 0
1337 1.288393211314393 -1.919515686626516 0
1338 -1.288393211314393 1.919515686626516 0
1339 1.919515686626516 1.288393211314393 0
1340 1.28875254935743 1.907350529844728 0
1341 1.907350529844728 -1.28875254935743 0
1342 -1.288752549357429 -1.907350529844728 0
1343 -1.907350529844728 1.28875254935743 0
1344 -0.3716704396004437 -0.6960861061144588 0
1345 -0.4164968069279231 1.545252720924467 0
1346 0.7675117820303859 -0.5214705253507661 0
1347 0.8952434172394451 -0.6085577015429151 0
1348 -0.9717377221642957 -1.790877493583158 0
1349 0.971737722164295 1.790877493583158 0
1350 1.790877493583158 -0.971737722164295 0
1351 -1.790877493583158 0.971737722164295 0
1352 -0.2048796148816044 0.6975673881289037 0
1353 0.1445511328176484 -1.314432477023409 0
1354 -1.785378134998216 -0.09689032739358655 0
1355 0.09949480013092714 -1.781036465135193 0
1356 -0.8677566496981023 0.9849020839327949 0
1357 0.7188035192517385 1.186665249127453 0
1358 1.187134222397867 -0.7171345111018905 0
1359 -0.07989289388824544 1.172490763297176 0
1360 1.919522935406478 1.020900024984327 0
1361 -1.021843235520335 1.921097833032751 0
1362 1.021843235520335 -1.921097833032752 0
1363 -1.921097833032751 -1.021843235520335 0
1364 0.5249348501681655 -1.770345695423338 0
1365 1.916477003335002 -1.648408521292724 0
1366 1.648408521292724 1.916477003335002 0
1367 -1.916477003335003 1.648408521292725 0
1368 -1.648408521292724 -1.916477003335002 0
1369 -1.919830531226844 -1.646038643064306 0
1370 -1.646038643064307 1.919830531226844 0
1371 1.919830531226844 1.646038643064307 0
1372 1.646038643064307 -1.919830531226844 0
1373 0.1161489762583816 0.02834221003677361 0
1374 -0.4927452122081151 -1.121497955785637 0
1375 0.5161095671576031 -0.5221052706493117 0
1376 1.085517977778439 0.454853091275529 0
1377 0.05276836827525357 -1.187558110597475 0
1378 -0.4086319874956663 -0.5498824400042736 0
1379 0.2904624444930325 -0.6777934564548479 0
1380 -1.26161662329006 0.3816964194365474 0
1381 1.922019251454941 1.434942856703706 0
1382 -1.434942856703706 1.922019251454941 0
1383 1.434942856703706 -1.922019251454941 0
1384 -1.922019251454941 -1.434942856703708 0
1385 -1.434663305768853 -1.920524619170121 0
1386 1.920524619170121 -1.434663305768853 0
1387 1.434663305768853 1.920524619170121 0
1388 -1.920524619170121 1.434663305768853 0
1389 -0.7816002085596969 0.5105252690801522 0
1390 0.7367574189878319 -0.6182978251653654 0
1391 1.533514033507052 0.3362187536336371 0
1392 0.1876070064628945 -0.3236710792732398 0
1393 0.5398193617014793 0.3770423472805691 0
1394 0.7701844473734358 0.2579212191539883 0
1395 -1.769616165024322 0.1402439172758614 0
1396 1.774018558435839 -0.1369151963312215 0
1397 0.1369014200136194 1.773771906865978 0
1398 -0.140653944799234 -1.768482356267229 0
1399 0.642932563245587 1.020090742188752 0
1400 0.4745724852867952 -0.6498219044288372 0
1401 0.7641097288871715 -0.1619278483140684 0
1402 0.04219293495051546 -0.638891648626725 0
1403 0.6899928507565875 0.1349765212792562 0
1404 0.8672318666762936 -1.561273633430624 0
1405 1.560719659399814 0.8671332419688125 0
1406 -0.8671431913042243 1.560704901171677 0
1407 -1.560725278201163 -0.8671345939260072 0
1408 0.02781092389576656 0.8519617954769872 0
1409 -0.01281966388406457 0.4397348501555746 0
1410 1.550711451864921 -0.05941625363156457 0
1411 -0.6319558800874409 1.434344491892653 0
1412 -0.3992718129124472 -0.2804156635446285 0
1413 0.9477116135500236 -0.1154861004912975 0
1414 1.43678327946006 0.6317325379053201 0
1415 0.6708771924424745 0.6206716076883113 0
1416 1.096442498708915 -0.2359694348687725 0
1417 -1.436393689287011 -0.6332643809567571 0
1418 -0.4294146038201879 1.135962021522668 0
1419 -1.008561651936682 0.6352024784417839 0
1420 -0.598362283800683 -1.574081838144742 0
1421 0.5997062239346235 1.572626708134533 0
1422 -1.571638887859224 0.6004238655573755 0
1423 1.572487615980368 -0.5996195478281541 0
1424 -0.6860545445040246 1.119523922530118 0
1425 0.2491116437213315 -0.476409908074417 0
1426 0.3810628620851758 0.1780919779990341 0
1427 -0.4967492362854151 -1.620527294387738 0
1428 -1.624101348054073 0.4948246973896475 0
1429 0.5113194060874676 1.625276300024303 0
1430 1.625137838786277 -0.5112683401147006 0
1431 0.4591618595854258 1.262703352999122 0
1432 1.270268521994438 -0.4635856192962967 0
1433 1.760014875046855 -1.263748681020726 0
1434 1.263748681020726 1.760014875046855 0
1435 -1.760014875046854 1.263748681020725 0
1436 -1.263748681020726 -1.760014875046855 0
1437 0.8608246075889077 -0.04602645833378984 0
1438 -1.918130197670082 -0.5470134297365302 0
1439 0.5467425185862218 -1.918146805368538 0
1440 1.918130197670082 0.547013429736531 0
1441 -0.5471418735372837 1.920321255331669 0
1442 -0.5760349438509142 -0.3553729583839632 0
1443 1.173387255753599 -1.07234131877479 0
1444 1.072358279485367 1.173375457404585 0
1445 -1.174265032916808 1.074983064944754 0
1446 -0.9992442850562705 -0.1899335337596541 0
1447 0.1136771623871089 -1.002921705399261 0
1448 -1.523047966834648 -1.139322430635777 0
1449 1.139322430635778 -1.523047966834647 0
1450 1.523047966834647 1.139322430635777 0
1451 -1.139322430635777 1.523047966834647 0
1452 1.032109614786056 0.006543290909800553 0
1453 -0.3603391748114137 0.7018815603760635 0
1454 -0.6554305139059481 0.2769328218633864 0
1455 0.6323789711144507 -1.435865251779979 0
1456 -0.6816262993170353 -0.03569323842924764 0
1457 0.4774025141050906 0.946886959902695 0
1458 -1.630928287805788 0.9017929550056176 0
1459 1.630928287805788 -0.9017929550056175 0
1460 0.9017929550056176 1.630928287805788 0
1461 -0.9019146944122848 -1.630729822780263 0
1462 0.9754401678183451 -0.9047694841442687 0
1463 -0.5107713874573132 1.783345557904525 0
1464 0.2850767863339167 1.825338942063583 0
1465 1.825408777845593 -0.2850507914795516 0
1466 -1.817395603810926 0.2973876826506424 0
1467 -0.2970781727446142 -1.815936787913117 0
1468 -0.7175290446106678 0.6650809855063385 0
1469 -1.214779685138631 0.8837699040876292 0
1470 -0.3940231562950929 -1.924748392317507 0
1471 -1.924840809873794 0.3940693772642158 0
1472 0.3934327858570426 1.922680709190062 0
1473 1.922680709190062 -0.3934327858570426 0
1474 1.925692980344116 1.213111053282428 0
1475 -1.213278300157462 1.925705654835743 0
1476 1.213278300157463 -1.925705654835743 0
1477 -1.925705654835742 -1.213278300157463 0
1478 0.9835882110984921 0.8779247449126566 0
1479 -1.072107235676144 -1.172939639631101 0
1480 0.859253761769144 0.1538352272718418 0
1481 -0.7434412034802692 0.8201044376422032 0
1482 1.209865360022918 1.921986198663966 0
1483 1.921986198663966 -1.209865360022918 0
1484 -1.921986198663966 1.209865360022918 0
1485 -1.209865360022918 -1.921986198663966 0
1486 0.1210754527163372 0.9590534240282393 0
1487 -0.6507317226878118 0.8251990137168148 0
1488 -0.9177919071498428 0.606634929174708 0
1489 -0.1624466926490276 -0.2267084426203141 0
1490 -0.1865490725576328 -0.4000432185810246 0
1491 0.2338862578435552 1.096525471432544 0
1492 -0.7819449790302508 -1.537421222011611 0
1493 -0.9770639629384967 -0.7321708252733982 0
1494 -0.006384331508615361 1.031328465744461 0
1495 -1.33378890865168 0.6371749249770027 0
1496 0.3375532363574434 -0.07635111325460514 0
1497 0.5149032311948942 -1.040535224983066 0
1498 0.3057124013182724 0.4801263887240304 0
1499 -1.042030513715772 0.1346327663405704 0
1500 -0.44881487439771 1.648088367662657 0
1501 1.592117579084816 -1.480799250927052 0
1502 1.480799250927052 1.592117579084816 0
1503 -1.480744002010667 -1.592120236781764 0
1504 -1.592117579084816 1.48079925092705 0
1505 1.415650616359092 0.2421700959140015 0
1506 -1.483135165860037 -0.3970416707772202 0
1507 0.9729806556673346 -1.783584483676556 0
1508 1.783584483676555 0.9729806556673344 0
1509 -0.9729806556673344 1.783584483676555 0
1510 -1.783584483676556 -0.9729806556673349 0
1511 -1.916786520599497 -0.3931926759467181 0
1512 1.916786520599497 0.3931926759467173 0
1513 -0.3932722925845378 1.919767040356415 0
1514 0.392148577400366 -1.916821708998172 0
1515 -0.003596938185869909 -0.5457629520890545 0
1516 0.2441028663060703 0.6366440354686174 0
1517 -0.6280633191412808 0.701437211433079 0
1518 -1.151180511528395 -0.5207167064975521 0
1519 -0.5253028607018357 -0.8440098640346385 0
1520 -0.379909642100303 -1.609784684281136 0
1521 0.05084453164944216 1.546242683163094 0
1522 0.1372321215049509 1.470297528738824 0
1523 1.822320430978267 -0.003611065482438331 0
1524 0.004137634947208184 1.824408363789334 0
1525 0.007789948043838753 -1.817932216220419 0
1526 -1.818796262562572 -0.007312610669537599 0
1527 -0.6157639237390533 0.9136902682458431 0
1528 0.02025390839060986 -0.09854385729529168 0
1529 -0.2729482414724609 0.7564536540062036 0
1530 -0.9038488702931987 -0.3460517759420803 0
1531 -0.01406201382841022 -1.04719218071219 0
1532 -0.07857228242889207 -1.104323827619974 0
1533 -0.1618259514663503 0.8739274252493114 0
1534 -0.8193145835873421 0.268078387036109 0
1535 -1.702935545803127 -0.2240189770937375 0
1536 -1.563386187619058 0.221270920340184 0
1537 -0.1313557806116243 -1.459545059004003 0
1538 0.4568475968252206 -1.653925729636051 0
1539 -0.3468311956899566 -1.347088517696023 0
1540 0.108640202227894 -0.3678449100108975 0
1541 0.7096411060193797 -0.2084008690943016 0
1542 1.150682399329227 -0.8712937895691188 0
1543 0.8820614422781876 1.147064212594447 0
1544 0.1678909780035231 -1.39615307203271 0
1545 0.0993603701733758 1.9303569546657 0
1546 1.930375771378597 -0.09935093061263953 0
1547 -1.930585180082091 0.09932270378813463 0
1548 -0.09930798822072752 -1.930510952695575 0
1549 -0.6527319159412958 -0.7469477327476099 0
1550 0.6167455606077006 0.9279062857413209 0
1551 -0.3447797555146181 0.1798008674001481 0
1552 -0.4855358334867926 -0.4193496627730983 0
1553 -0.445170069743099 0.3902737455373099 0
1554 -0.3635634678147033 1.359997991708998 0
1555 -0.3482521306265329 0.6134071807883522 0
1556 1.4710846187672 -0.127957208411914 0
1557 -0.9810370551279163 0.4587488440191536 0
1558 1.031535411253091 -0.6343293275557925 0
1559 -0.9059786647113612 -0.7897768317505183 0
1560 -0.172702597508491 -1.057791148935334 0
1561 0.6036396786690201 -1.004770075319721 0
1562 1.211650665534328 0.7906168318779576 0
1563 0.4746266932656024 0.1506048489002053 0
1564 -0.8026309409418615 -0.6607984367980966 0
1565 1.688229215826481 1.822010636930795 0
1566 1.822010636930795 -1.688229215826481 0
1567 -1.822010636930795 1.688229215826482 0
1568 -1.688229215826481 -1.822010636930795 0
1569 -1.53516763298974 1.137302591401983 0
1570 1.535268218398924 -1.137617142593564 0
1571 1.137613054437645 1.535282923856463 0
1572 -1.137629093557287 -1.535279948747299 0
1573 1.101760576256853 -1.698088296681291 0
1574 1.698088296681291 1.101760576256853 0
1575 -1.101760576256853 1.698088296681291 0
1576 -1.698088296681291 -1.101760576256853 0
1577 -1.922901993308277 -0.9199183997759806 0
1578 -0.9199183997759798 1.922901993308276 0
1579 1.922727004683135 0.9198135986053122 0
1580 0.9199183997759806 -1.922901993308276 0
1581 1.57352070159048 -1.042176242974543 0
1582 1.042175853626361 1.573522102110246 0
1583 -1.573511122027701 1.042146285718203 0
1584 -1.042177381161565 -1.573521818766516 0
1585 -1.329490038432218 0.7172217925589971 0
1586 -0.3881864996696265 -0.1012157921623861 0
1587 -0.6144055433501838 -0.9665868703876351 0
1588 -0.02302433767663315 -1.681421033586348 0
1589 1.314692313529096 -0.2074614592071776 0
1590 -1.799021260967354 -0.7684851463619256 0
1591 -0.7683140835063335 1.799340146459149 0
1592 1.799021260967354 0.7684851463619258 0
1593 0.7683572067146015 -1.799062942060896 0
1594 0.06364349644900279 0.4719263135274915 0
1595 -1.530095366197837 1.806574033537366 0
1596 1.806574033537366 1.530095366197837 0
1597 1.530095366197837 -1.806574033537366 0
1598 -1.806574033537367 -1.530095366197837 0
1599 1.335636789295878 -0.6355058651581352 0
1600 0.6369358613801602 1.336160044250287 0
1601 -1.681609833561698 0.02259270924518075 0
1602 1.57764558861624 0.5123177157764186 0
1603 -1.590105090060373 -0.5187597396721705 0
1604 -1.522763870789952 0.2988447804988958 0
1605 0.9672836530098332 -1.077929407316438 0
1606 -0.6047262221047033 -0.5097125021218643 0
1607 0.7326641828979766 1.016521740022919 0
1608 -1.209816913072682 -0.7868898649165916 0
1609 0.5950903523309884 -1.745284674467177 0
1610 0.2177025148348267 -0.6997943838180788 0
1611 -0.258556224384548 -0.3666808185390018 0
1612 -0.3286440458821216 -0.4187582454551817 0
1613 -1.632741394363079 0.3832148277099814 0
1614 0.3996784515561122 1.127219626452252 0
1615 0.2545380289955761 -1.399721619040859 0
1616 -0.5167401813272671 -1.719274278143593 0
1617 -1.720053455535461 0.5165117710993781 0
1618 1.717871705875329 -0.5198234539070532 0
1619 0.519829127904027 1.717887090457332 0
1620 0.7064527286697216 -1.440802386134059 0
1621 -0.1339541049232568 1.260227957816104 0
1622 0.365703597423342 1.645534847374245 0
1623 1.646081100397611 -0.3654130447747383 0
1624 1.560783917653408 -0.3202789366971077 0
1625 0.3321731120620737 1.563737251542511 0
1626 -0.6935535700127126 -1.011144454890978 0
1627 -0.2825473707088235 -0.7292675872420824 0
1628 -0.7426419854496685 0.2146333717555948 0
1629 0.2974972968567623 -1.921073247899421 0
1630 1.908882443317347 0.2897933584779781 0
1631 -0.2998223072295455 1.919733621226395 0
1632 -1.907836824277678 -0.2892919509540859 0
1633 -0.3217071650334542 -1.514778114685158 0
1634 -1.916898306374913 -1.918468521401322 0
1635 -1.918468521401322 1.916898306374913 0
1636 1.916898306374913 1.918468521401322 0
1637 1.918468521401322 -1.916898306374913 0
1638 -0.9792132133887621 1.086471099252136 0
1639 -1.1965377002458 -0.03068247730512901 0
1640 1.392987392566289 -0.09672772296024927 0
1641 0.6580590900563437 -0.6333760790176073 0
1642 1.086251229043785 0.9798242816598981 0
1643 -0.4993138507157378 0.1808097807605873 0
1644 -1.086322850672279 -0.9768925644968856 0
1645 -0.7977933926356504 1.215963677285124 0
1646 -0.0724068742312218 -0.2928014958952473 0
1647 1.477521421862956 0.473862972213871 0
1648 0.4111930386105343 0.2785546335146761 0
1649 -1.15273765961567 -0.6991004071649743 0
1650 0.230509928899026 0.7217684543671881 0
1651 -0.5921854753274342 1.752871441773143 0
1652 -0.07327670834740027 0.5838978914295896 0
1653 -1.139156288541867 -1.806599563599549 0
1654 -1.806599563599549 1.139156288541866 0
1655 1.806599563599548 -1.139156288541866 0
1656 1.139156288541866 1.806599563599548 0
1657 -1.441792236552037 -0.7065144939804721 0
1658 -1.794273595970209 -1.139850852399834 0
1659 1.794264542761904 1.139731390346238 0
1660 -1.139850852399834 1.794273595970209 0
1661 1.139850852399834 -1.794273595970208 0
1662 1.440083803371538 0.7056742825507282 0
1663 0.5001875374990506 0.2986240757853482 0
1664 -0.5118468087501111 -1.324240655416284 0
1665 0.7696620056737564 -0.7670219830929272 0
1666 0.2913607405608667 -1.302846034667307 0
1667 0.5796060701783669 0.02833690752896899 0
1668 1.242355593407542 -0.2006693607084339 0
1669 -1.095937461287403 0.8415930982825671 0
1670 -0.2744710020043008 -0.2765327729611501 0
1671 -0.3009518903511563 0.3180923183951108 0
1672 0.6773833189834328 -0.77192372853265 0
1673 0.2848844800811017 -0.30271708353684 0
1674 -0.3791121800703305 -1.76301378986424 0
1675 -0.238282009547956 -1.150696058746356 0
1676 -0.7060366745539818 1.439303398637939 0
1677 -1.496099495475896 0.9725421739035036 0
1678 0.9725348418006747 1.496118662005034 0
1679 1.496118528622199 -0.9725348788814541 0
1680 -0.9720444943406392 -1.494224560527769 0
1681 -1.284877340170571 -0.1833334414462444 0
1682 1.157288489864239 -0.08356207585195968 0
1683 0.7603072831487431 -0.08594773204249935 0
1684 0.1516685113109661 1.089196135289002 0
1685 0.07434229130365616 1.136708269695363 0
1686 -0.01137414374068525 -0.4361586131894393 0
1687 0.3977982586287696 0.9033466630867921 0
1688 1.067975324822128 0.721422670514022 0
1689 1.695461480392993 -0.2389419166333333 0
1690 0.23933319804149 1.693945560456425 0
1691 -1.504623929602274 -0.2386386983629422 0
1692 0.5588698456111794 0.233835954480789 0
1693 0.7970800788718516 -1.215384855407645 0
1694 0.5567955828936649 -1.189487701486807 0
1695 -1.333040971297877 0.4984820483359684 0
1696 0.4027742650611846 -1.517832084256632 0
1697 -1.67535638837014 -1.639702082673221 0
1698 1.639702082673221 -1.67535638837014 0
1699 1.67535638837014 1.639702082673221 0
1700 -1.639702082673221 1.67535638837014 0
1701 0.4417002911221551 -0.488500689394378 0
1702 1.235522552187752 0.4787465052701463 0
1703 0.771539061124714 1.550693016353285 0
1704 -1.550641648473143 0.7715681049514502 0
1705 1.550693016353286 -0.771539061124713 0
1706 0.2650508851280738 -0.5461716556009384 0
1707 0.2438351051163592 -1.533792041919543 0
1708 -1.055282392026013 -0.7773223414308192 0
1709 -1.128221915933719 -1.106067406175145 0
1710 -0.02303630928392573 -0.1651159977604746 0
1711 1.107009541370111 -1.129115347576716 0
1712 -1.106069442437394 1.132317344454691 0
1713 1.12925467174144 1.106875603939268 0
1714 -1.032473115276151 -0.02055200468399907 0
1715 1.178658865143854 0.3443346812480167 0
1716 1.751781652571425 -0.05185041696191874 0
1717 0.04443434296066079 1.745048299608778 0
1718 -0.7661988938904537 -0.4636508984975934 0
1719 -0.884132074290457 1.268716258019942 0
1720 -0.8531581226803053 1.352025755468071 0
1721 -0.05249297723294569 -1.753520948054536 0
1722 -0.9930947770877058 0.9135610968200528 0
1723 -1.794373241848716 -0.2906178025522593 0
1724 1.797602652414043 0.2901222846307768 0
1725 -1.754070786486656 0.05228072011642813 0
1726 -1.364586610739039 0.3707368286212074 0
1727 0.08489394355676345 0.6298956908499282 0
1728 -1.034813021011368 -1.423825682385505 0
1729 -1.425981036344304 1.032672042595073 0
1730 1.033008906572586 1.426135881409438 0
1731 1.426122981270326 -1.033014644799805 0
1732 0.6003255806317829 -0.9070470437292065 0
1733 -1.299751672002474 -0.6387740309946073 0
1734 0.9045840831177551 1.005905980419142 0
1735 1.268307022531288 0.8837078237189224 0
1736 1.35226400743916 0.8532766759393887 0
1737 -0.8742804748534445 -1.369949127173195 0
1738 -1.009479211397478 0.3905040140501447 0
1739 -1.268184864439267 -0.8835296189180565 0
1740 -1.352408904882584 -0.8533659545740035 0
1741 -0.7343353241639689 1.055869286217855 0
1742 0.6287442811941538 0.3675250425503113 0
1743 -1.008332611466346 0.7322789446724922 0
1744 0.4538038662457013 -0.08382415532856025 0
1745 1.3927461786624 -0.3672649477476742 0
1746 1.319402255605027 -0.3381675924861691 0
1747 -0.1741535885547127 0.4213095889240407 0
1748 -0.2213458401055103 -0.6479763250974364 0
1749 -0.04036650128186593 -1.513100957643203 0
1750 -0.5372979096426882 -1.92243722899503 0
1751 0.5373165048186296 1.922172965500918 0
1752 1.922172965500918 -0.5373165048186296 0
1753 -1.92246447540122 0.5373077169369905 0
1754 0.2182306873349493 1.336186723124374 0
1755 0.1369307098446978 1.373067914111329 0
1756 0.1161996750770208 0.3401347147177776 0
1757 -0.7225397824362754 1.935032132430808 0
1758 1.934962255886027 0.7225824057733093 0
1759 0.7225582571642272 -1.93498156055521 0
1760 -1.934962255886028 -0.7225824057733091 0
1761 1.39761932432694 1.399804047438879 0
1762 1.399729255020082 -1.397408131876147 0
1763 -1.401725701473693 1.397754598511039 0
1764 -1.397611957804756 -1.399804401798473 0
1765 1.341561802604865 -0.4917612964852835 0
1766 0.4806174259387956 1.350593176507403 0
1767 -0.01651321277760126 1.316009701196473 0
1768 1.093359828056441 -0.1540778589101847 0
1769 0.3784343442258314 0.6844559491207417 0
1770 -0.5010310311985005 1.278589436317351 0
1771 -1.920183949086468 -1.827822886857715 0
1772 -1.827698917882987 1.92039510441394 0
1773 1.920183949086468 1.827822886857715 0
1774 1.827822886857715 -1.920183949086468 0
1775 -1.83297881764903 -1.930709690494543 0
1776 1.832978817649029 1.930709690494543 0
1777 -1.930709690494543 1.832978817649029 0
1778 1.930709690494543 -1.832978817649029 0
1779 -0.2417611705600298 -0.5447788516812038 0
1780 -1.741648387647815 -0.5983164017478119 0
1781 1.741648387647815 0.5983164017478121 0
1782 -0.949403522877973 1.17829257192833 0
1783 -1.176957761729251 -0.9481879871712834 0
1784 0.9510842603265873 -1.178038949719125 0
1785 1.178120217060721 0.9496762497114557 0
1786 -1.223906432425023 -1.21863462330835 0
1787 1.2238745672192 1.218606242492724 0
1788 -1.247582418198603 1.253537867181789 0
1789 1.218734010747586 -1.223768762207706 0
1790 0.9266368602809065 -1.266865644474836 0
1791 -0.02669677314450163 -0.9068017649321487 0
1792 1.043746267916309 1.93535149590366 0
1793 1.93535149590366 -1.043746267916309 0
1794 -1.93535149590366 1.043746267916309 0
1795 -1.043746267916309 -1.93535149590366 0
1796 -0.3090212588824366 1.659698946904405 0
1797 0.2448784335451024 0.2372118624917483 0
1798 -0.7509273984065208 -0.1607992382861082 0
1799 0.3560556222667642 1.291816257815693 0
1800 0.9408317593786734 -0.7744295344043477 0
1801 0.747934169033265 0.5922991005414637 0
1802 -0.6722535670016688 -0.1157499787236744 0
1803 0.3978162840819972 1.402119891447726 0
1804 1.572529169127632 -0.2329071361738556 0
1805 0.5230443426130554 0.8118624872206456 0
1806 1.049759894443488 -1.553332040632523 0
1807 1.553332040632523 1.049759894443488 0
1808 -1.049759894443488 1.553332040632523 0
1809 -1.553332040632523 -1.049759894443488 0
1810 0.2727906552657915 1.444901673610936 0
1811 0.2271288597744548 0.4742485640656092 0
1812 0.8927648778588674 1.377360469862165 0
1813 1.377376517341533 -0.8927556911820954 0
1814 -1.376700023456058 0.8930599495146734 0
1815 1.045118497838389 -1.839209477469097 0
1816 -1.839209477469097 -1.045118497838389 0
1817 1.839022920855566 1.044861050710349 0
1818 -1.045118497838389 1.839209477469097 0
1819 1.617792380544451 1.349819923973624 0
1820 1.349819923973624 -1.617792380544451 0
1821 -1.349819923973625 1.617792380544451 0
1822 -1.617792380544452 -1.349819923973625 0
1823 -1.643295756610836 0.756003837895096 0
1824 1.643302605661522 -0.7559999653848641 0
1825 0.7559999653848645 1.643302605661522 0
1826 -0.7475286041796935 -1.630261007436251 0
1827 -0.8897990230444726 -0.6300977782380286 0
1828 0.8576309152264588 -0.29906049131875 0
1829 -1.765744164498777 0.3799700130863277 0
1830 -0.841446149733898 -1.299959522366355 0
1831 -0.8759045895898209 0.6774555955170207 0
1832 -1.357820535834167 -0.2101818374263684 0
1833 1.333600981765916 -0.7150895579996117 0
1834 0.7156481970083537 1.333757705697248 0
1835 0.07154628414493887 0.7853302741138827 0
1836 -1.624577477122881 -0.1409516577395723 0
1837 0.7521162270912479 0.5060593384540476 0
1838 -0.7188938890305514 -1.937572287781912 0
1839 0.7188938890305514 1.937572287781912 0
1840 -1.937572287781912 0.7188938890305514 0
1841 1.937572287781912 -0.7188938890305514 0
1842 0.4153735603910615 -1.37355225812433 0
1843 -0.6506698741793141 -1.427159251281485 0
1844 0.3245859555978716 -0.8537396710534519 0
1845 -0.6126196808792106 -0.8880961217305037 0
1846 -0.216464873756293 0.2816774485048926 0
1847 0.6788447424409192 0.8824785679047217 0
1848 -0.4311863080542881 1.395230796681802 0
1849 0.6231337694272965 0.5297522569810044 0
1850 0.3177357976754016 0.7540622352814401 0
1851 -0.8659157493279176 -0.2591699429143605 0
1852 0.1101847760141578 -0.8135056027929615 0
1853 0.7442667884505041 -1.319372505650274 0
1854 -0.7566719917031075 0.1288254501369644 0
1855 -0.5106059506416396 0.7932927716812458 0
1856 0.8563805410214128 -1.381133273324263 0
1857 0.8806399786592716 1.22213444746947 0
1858 1.224010000445481 -0.878948149291974 0
1859 -1.788922426134649 -1.394107526341208 0
1860 1.394107526341207 -1.788922426134651 0
1861 1.788922426134651 1.394107526341207 0
1862 -1.394107526341207 1.788922426134651 0
1863 -1.081057946571214 0.06718728776477118 0
1864 -0.4798089368730933 -0.2668866528800855 0
1865 0.5387633719193841 1.196489938644362 0
1866 -1.831303323786258 -1.700311053520322 0
1867 -1.700187084545594 1.83151447911373 0
1868 1.831303323786259 1.700311053520322 0
1869 1.700311053520322 -1.831303323786259 0
1870 0.3165881134070631 0.09192075457622843 0
1871 -0.5329617792299953 -0.101100525308962 0
1872 -1.940703896203255 -0.09955480452242663 0
1873 1.938841716958986 0.09904319523638186 0
1874 -0.1002597197977474 1.937177826760869 0
1875 0.101063952811601 -1.938909847965262 0
1876 0.8463360262522952 -0.5287374235444022 0
1877 -1.343142912367962 -0.3286825855244088 0
1878 -0.9571885114717809 0.2386254549506849 0
1879 1.010756231480486 0.5709997127097256 0
1880 0.06577583087937861 -1.296605364601774 0
1881 0.9881255079886608 -1.328916813420085 0
1882 1.339359926660322 0.9980036961374384 0
1883 -0.997971189033541 1.339352168832588 0
1884 -1.339365185737376 -0.9980199366666364 0
1885 -0.3658606994869958 -0.60879435664583 0
1886 -0.8891481017327578 0.200915232747267 0
1887 -0.1498409245520244 0.3390193362450117 0
1888 -1.031456577229975 -0.5881982313704337 0
1889 -0.8819973923821317 0.3561363817013222 0
1890 -0.1607812773365507 -0.9579428534322805 0
1891 -0.1063215810216368 -0.1592577479420753 0
1892 1.304629258429269 0.04968660108602434 0
1893 1.299154388565479 0.1217813104565439 0
1894 -0.1973449495488854 -1.368254596428019 0
1895 -1.176395832945563 1.656513632987055 0
1896 1.176395832945563 -1.656513632987055 0
1897 1.656513632987055 1.176395832945563 0
1898 -1.656513632987055 -1.176395832945562 0
1899 0.8604380716608147 -0.7656640424333689 0
1900 1.491646900824085 0.9908555193739506 0
1901 -0.9908471689095569 1.491634058673134 0
1902 0.990747168924009 -1.492377474365066 0
1903 -1.491652395410024 -0.9908590912906584 0
1904 0.3645031409996843 -1.031603175358332 0
1905 -0.5663866816735952 0.3079740749608531 0
1906 -0.4641020221201732 0.1232624607536137 0
1907 1.842756224823868 -1.429845508466324 0
1908 1.429845508466324 1.842756224823868 0
1909 -1.842756224823868 1.429845508466323 0
1910 -1.429845508466323 -1.842756224823868 0
1911 -0.1048823491052117 0.8110165387017199 0
1912 1.835685227174762 0.4056326746524991 0
1913 -0.4017748353488417 1.824634862784074 0
1914 -1.835685227174763 -0.4056326746524997 0
1915 0.3985311704461239 -1.829701077831749 0
1916 -0.5118122334282115 0.8968057249532022 0
1917 -0.4881158155909751 0.2554366114670166 0
1918 -0.552784817502492 1.080951404797837 0
1919 0.6874406481366456 -1.146451013570544 0
1920 -1.168391885168188 -1.655174340811474 0
1921 1.168391885168188 1.655174340811474 0
1922 1.655173391066474 -1.168389203359289 0
1923 -1.655164622075075 1.168356737033077 0
1924 0.6069965008771152 -0.1119783505002985 0
1925 -0.637777376711373 0.4295731768278335 0
1926 -1.315893196069048 0.1037622277205701 0
1927 -0.4190590392992592 -1.167018737686151 0
1928 -0.8972695388665346 -1.229492989170514 0
1929 -1.018626054153364 -0.2669383658180958 0
1930 -1.244405655405939 0.9842530586084668 0
1931 0.9832572140869202 1.245674996709477 0
1932 1.245898075311731 -0.9830596929587355 0
1933 -0.9907798137463525 -1.24640561495427 0
1934 0.1007429334732463 1.610808003384589 0
1935 -1.842313912088842 -1.447582519874415 0
1936 1.447582519874413 -1.842313912088843 0
1937 1.842313912088843 1.447582519874413 0
1938 -1.447582519874413 1.842313912088843 0
1939 0.8802925042355061 1.555347032051619 0
1940 -1.555318053953542 0.8803083854485533 0
1941 1.555347017231304 -0.8802925083555923 0
1942 -0.8811891152288784 -1.55280808125638 0
1943 1.23456873285148 -1.759467747104881 0
1944 1.75946654001044 1.234552804577667 0
1945 -1.234568732851479 1.759467747104881 0
1946 -1.759467747104881 -1.234568732851479 0
1947 -1.823675591213166 1.300244057857011 0
1948 1.823675591213167 -1.300244057857011 0
1949 1.300244057857011 1.823675591213167 0
1950 -1.30024405785701 -1.823675591213167 0
1951 0.6014385085999462 1.746374326986152 0
1952 -1.746712243056611 0.60096202842317 0
1953 -0.6009896152584611 -1.746598513567216 0
1954 1.746372275708552 -0.6014377520670163 0
1955 -0.9658686510216304 -0.6517863616445184 0
1956 0.02483258502199692 -1.448441265766827 0
1957 1.796911582644269 -1.836056150113754 0
1958 -1.794566000663951 1.835939990276716 0
1959 1.836056150113754 1.796911582644269 0
1960 -1.836056150113754 -1.796911582644269 0
1961 -0.6543677036082218 -0.6759052865432325 0
1962 -0.09125802330183946 1.334804238048879 0
1963 0.3794621288084141 1.062403654679009 0
1964 -1.00760759245961 -0.4953961370395406 0
1965 -0.1467337458176884 0.5602229366917909 0
1966 -1.848254818575491 -0.902616146321224 0
1967 -0.9026161463212233 1.84825481857549 0
1968 1.848231486758805 0.9026021728318009 0
1969 0.9026161463212237 -1.84825481857549 0
1970 -0.3058267209643597 -1.276639315795358 0
1971 1.353767440684903 1.647354150817575 0
1972 1.647347027730071 -1.353747327118161 0
1973 -1.353767440684902 -1.647354150817576 0
1974 -1.647356143117171 1.353726017559429 0
1975 1.585095147498078 -1.393465313900203 0
1976 1.393492131989192 1.585104644948084 0
1977 -1.393484765467007 -1.585104999307677 0
1978 -1.585107301347544 1.393436901155227 0
1979 -0.142072784865037 -1.612714401967269 0
1980 -1.30018560334286 -0.726820927659333 0
1981 -0.02133138464628902 -0.7644553493905164 0
1982 -0.2862128120523709 1.820788940434348 0
1983 1.299709896591417 0.7396128936427081 0
1984 0.6414953197248334 0.2928607710753362 0
1985 -1.615382682295723 0.1430500086757065 0
1986 0.8498070101433211 1.082623117577573 0
1987 0.9134904056516352 0.3110201363913533 0
1988 -0.8076224591839219 -0.3804879622906681 0
1989 -0.6207871282072588 0.1192744746517203 0
1990 -0.07240919044884715 -1.274470078069714 0
1991 -0.7407526866569289 1.297409487851412 0
1992 -0.6870968036239301 0.09580741827307541 0
1993 0.1659126584200217 -0.2179889838517207 0
1994 -0.04558025085301053 1.682884928072401 0
1995 0.9271084664542771 -1.625319285548716 0
1996 -0.9270982730449924 1.625249003159658 0
1997 1.625244320269896 0.9270980948281273 0
1998 -1.625245069443408 -0.9270982750890878 0
1999 0.1500745995589936 -0.5933799416242017 0
2000 1.160097788065955 0.7153675742103551 0
2001 0.5408174872682792 0.8937859180451367 0
2002 -0.4009473399152578 -0.3759340015982314 0
2003 -0.4854603547010619 1.004097943208536 0
2004 1.461038879028854 0.3810679950399651 0
2005 -1.159664713702234 -0.3825165238169367 0
2006 -1.707969409366881 1.422752569937983 0
2007 -1.42275809302138 -1.707969143726935 0
2008 1.422758093021382 1.707969143726936 0
2009 1.707968193981935 -1.422755411212483 0
2010 0.9658138050135534 -0.6500198356045832 0
2011 1.051696295850813 0.2991231231912857 0
2012 -1.120127247728511 -1.310196023749257 0
2013 1.117860944195269 1.310738045449571 0
2014 1.310613848103796 -1.117917262275749 0
2015 -1.311738204498943 1.118571456379112 0
2016 -0.415588013114335 -0.03057070407223667 0
2017 0.2997172445004202 -1.653928222705106 0
2018 1.632025153840136 -0.983378163413429 0
2019 0.983378111500338 1.632025340576105 0
2020 -0.983394547092589 -1.631998840793538 0
2021 -1.632023876565099 0.9833741691125838 0
2022 -1.713397420457709 -1.02114051381707 0
2023 1.713397420457709 1.021140513817069 0
2024 -1.021140513817069 1.713397420457709 0
2025 1.021140513817069 -1.71339742045771 0
2026 1.613915943288326 -0.1027095745604957 0
2027 -1.272772406615669 0.4692467699532234 0
2028 -0.9347629507308967 -0.9936678173217258 0
2029 -0.1226450676996439 -0.8176877712243034 0
2030 1.712431903114545 -0.176719511060679 0
2031 0.1768456540745879 1.711188103253069 0
2032 -0.3347163166021892 -1.150735422349749 0
2033 -0.2303449313535863 -0.9091542282071762 0
2034 0.05311443672973834 -1.07171989519374 0
2035 0.897159786230639 -1.016331843523054 0
2036 0.1939329789145606 -0.9298976545610154 0
2037 -0.270916216908368 -1.415684261965632 0
2038 -0.00434069531551334 1.186324068333779 0
2039 -1.773126365949306 -0.368988909718841 0
2040 1.773845571820753 0.368396240734044 0
2041 -0.7520113280700088 -1.217856196558308 0
2042 -0.3003297115542827 1.076348272925018 0
2043 -1.548623652282152 -0.3594538906383665 0
2044 1.065358109707036 0.8156062588681409 0
2045 1.135742636022619 0.8336329745000246 0
2046 1.736578472953741 -0.3936933270414008 0
2047 0.393758062248913 1.736435803435283 0
2048 -0.3805663145207785 1.692293570655168 0
2049 -0.02855516301194892 -1.19224807964633 0
2050 -0.6486698977229458 -0.3850247066944821 0
2051 0.3619259069309197 -1.101455915037227 0
2052 0.9335538847763915 0.2263258921200637 0
2053 -1.311758903075215 1.40027947654242 0
2054 1.309825647946011 -1.399910975127903 0
2055 -1.399910975127904 -1.309825647946011 0
2056 1.399910975127903 1.30982564794601 0
2057 -0.5955165097740043 0.7670000275090316 0
2058 0.229820334767579 -1.059935020114625 0
2059 0.1879924259581718 -0.8423509000660747 0
2060 0.5036793041637955 -0.008114977745713303 0
2061 -0.2475901843524277 1.532667803560311 0
2062 -0.2878135824840949 1.473218430425933 0
2063 -1.130770259785176 -0.8254700934342301 0
2064 -0.8562946849197322 -1.020263275666795 0
2065 -0.4042905409063121 -1.409090423891087 0
2066 -0.2274496072297492 0.9478926271470043 0
2067 1.150660227787297 -0.3999681667726165 0
2068 0.9150132747573064 0.8455072122664417 0
2069 -0.316666601379535 1.213598482706733 0
2070 -1.319509447106354 0.03673322894148531 0
2071 1.13986915450172 1.235125110391805 0
2072 -1.140099120697396 -1.235222185895192 0
2073 -1.240464545197813 1.146312744511992 0
2074 1.235125110391805 -1.13986915450172 0
2075 -0.980816010013959 -0.1028765483539722 0
2076 -1.460931005751634 0.5325820812496358 0
2077 -0.9863955517224711 -0.3270673783182974 0
2078 0.2826198579271431 -1.47326803260737 0
2079 0.3557591504528066 0.524813251906093 0
2080 -1.142894571720395 0.8862037820989563 0
2081 -0.3510925545719197 0.2473942468047251 0
2082 -0.0547818244941042 1.592788572029135 0
2083 1.928826928987517 -1.567788502525198 0
2084 1.567788502525198 1.928826928987517 0
2085 -1.928826928987517 1.567788502525199 0
2086 -1.567788502525199 -1.928826928987517 0
2087 -1.929869614980859 -1.56775191554867 0
2088 1.567751915548672 -1.929869614980859 0
2089 -1.567751915548672 1.929869614980859 0
2090 1.929869614980859 1.567751915548672 0
2091 -0.8152357943383812 1.06572899022428 0
2092 -0.8333337006452293 1.134612900177659 0
2093 0.2742919241357289 -1.836796518532096 0
$EndNodes
$Elements
4188
1 15 2 0 1 1
2 15 2 0 2 2
3 15 2 0 3 3
4 15 2 0 4 4
5 1 2 0 1 1 5
6 1 2 0 1 5 6
7 1 2 0 1 6 7
8 1 2 0 1 7 8
9 1 2 0 1 8 9
10 1 2 0 1 9 10
11 1 2 0 1 10 11
12 1 2 0 1 11 12
13 1 2 0 1 12 13
14 1 2 0 1 13 14
15 1 2 0 1 14 15
16 1 2 0 1 15 16
17 1 2 0 1 16 17
18 1 2 0 1 17 18
19 1 2 0 1 18 19
20 1 2 0 1 19 20
21 1 2 0 1 20 21
22 1 2 0 1 21 22
23 1 2 0 1 22 23
24 1 2 0 1 23 24
25 1 2 0 1 24 25
26 1 2 0 1 25 26
27 1 2 0 1 26 27
28 1 2 0 1 27 28
29 1 2 0 1 28 29
30 1 2 0 1 29 30
31 1 2 0 1 30 31
32 1 2 0 1 31 32
33 1 2 0 1 32 33
34 1 2 0 1 33 34
35 1 2 0 1 34 35
36 1 2 0 1 35 36
37 1 2 0 1 36 37
38 1 2 0 1 37 38
39 1 2 0 1 38 39
40 1 2 0 1 39 40
41 1 2 0 1 40 41
42 1 2 0 1 41 42
43 1 2 0 1 42 2
44 1 2 0 2 2 43
45 1 2 0 2 43 44
46 1 2 0 2 44 45
47 1 2 0 2 45 46
48 1 2 0 2 46 47
49 1 2 0 2 47 48
50 1 2 0 2 48 49
51 1 2 0 2 49 50
52 1 2 0 2 50 51
53 1 2 0 2 51 52
54 1 2 0 2 52 53
55 1 2 0 2 53 54
56 1 2 0 2 54 55
57 1 2 0 2 55 56
58 1 2 0 2 56 57
59 1 2 0 2 57 58
60 1 2 0 2 58 59
61 1 2 0 2 59 60
62 1 2 0 2 60 61
63 1 2 0 2 61 62
64 1 2 0 2 62 63
65 1 2 0 2 63 64
66 1 2 0 2 64 65
67 1 2 0 2 65 66
68 1 2 0 2 66 67
69 1 2 0 2 67 68
70 1 2 0 2 68 69
71 1 2 0 2 69 70
72 1 2 0 2 70 71
73 1 2 0 2 71 72
74 1 2 0 2 72 73
75 1 2 0 2 73 74
76 1 2 0 2 74 75
77 1 2 0 2 75 76
78 1 2 0 2 76 77
79 1 2 0 2 77 78
80 1 2 0 2 78 79
81 1 2 0 2 79 80
82 1 2 0 2 80 3
83 1 2 0 3 3 81
84 1 2 0 3 81 82
85 1 2 0 3 82 83
86 1 2 0 3 83 84
87 1 2 0 3 84 85
88 1 2 0 3 85 86
89 1 2 0 3 86 87
90 1 2 0 3 87 88
91 1 2 0 3 88 89
92 1 2 0 3 89 90
93 1 2 0 3 90 91
94 1 2 0 3 91 92
95 1 2 0 3 92 93
96 1 2 0 3 93 94
97 1 2 0 3 94 95
98 1 2 0 3 95 96
99 1 2 0 3 96 97
100 1 2 0 3 97 98
101 1 2 0 3 98 99
102 1 2 0 3 99 100
103 1 2 0 3 100 101
104 1 2 0 3 101 102
105 1 2 0 3 102 103
106 1 2 0 3 103 104
107 1 2 0 3 104 105
108 1 2 0 3 105 106
109 1 2 0 3 106 107
110 1 2 0 3 107 108
111 1 2 0 3 108 109
112 1 2 0 3 109 110
113 1 2 0 3 110 111
114 1 2 0 3 111 112
115 1 2 0 3 112 113
116 1 2 0 3 113 114
117 1 2 0 3 114 115
118 1 2 0 3 115 116
119 1 2 0 3 116 117
120 1 2 0 3 117 118
121 1 2 0 3 118 4
122 1 2 0 4 4 119
123 1 2 0 4 119 120
124 1 2 0 4 120 121
125 1 2 0 4 121 122
126 1 2 0 4 122 123
127 1 2 0 4 123 124
128 1 2 0 4 124 125
129 1 2 0 4 125 126
130 1 2 0 4 126 127
131 1 2 0 4 127 128
132 1 2 0 4 128 129
133 1 2 0 4 129 130
134 1 2 0 4 130 131
135 1 2 0 4 131 132
136 1 2 0 4 132 133
137 1 2 0 4 133 134
138 1 2 0 4 134 135
139 1 2 0 4 135 136
140 1 2 0 4 136 137
141 1 2 0 4 137 138
142 1 2 0 4 138 139
143 1 2 0 4 139 140
144 1 2 0 4 140 141
145 1 2 0 4 141 142
146 1 2 0 4 142 143
147 1 2 0 4 143 144
148 1 2 0 4 144 145
149 1 2 0 4 145 146
150 1 2 0 4 146 147
151 1 2 0 4 147 148
152 1 2 0 4 148 149
153 1 2 0 4 149 150
154 1 2 0 4 150 151
155 1 2 0 4 151 152
156 1 2 0 4 152 153
157 1 2 0 4 153 154
158 1 2 0 4 154 155
159 1 2 0 4 155 156
160 1 2 0 4 156 1
161 2 2 0 1 307 781 831
162 2 2 0 1 399 831 781
163 2 2 0 1 451 636 924
164 2 2 0 1 449 638 922
165 2 2 0 1 448 639 923
166 2 2 0 1 450 637 921
167 2 2 0 1 413 924 636
168 2 2 0 1 412 921 637
169 2 2 0 1 410 923 639
170 2 2 0 1 411 922 638
171 2 2 0 1 172 761 1199
172 2 2 0 1 278 650 1072
173 2 2 0 1 402 1072 650
174 2 2 0 1 1073 539 1409
175 2 2 0 1 212 1048 714
176 2 2 0 1 321 791 737
177 2 2 0 1 320 790 740
178 2 2 0 1 319 789 739
179 2 2 0 1 318 788 738
180 2 2 0 1 328 1136 850
181 2 2 0 1 329 1137 852
182 2 2 0 1 327 1135 851
183 2 2 0 1 330 1134 853
184 2 2 0 1 906 1241 1923
185 2 2 0 1 909 1240 1921
186 2 2 0 1 908 1239 1922
187 2 2 0 1 907 1242 1920
188 2 2 0 1 259 1250 1527
189 2 2 0 1 436 623 1221
190 2 2 0 1 409 1029 701
191 2 2 0 1 391 608 1040
192 2 2 0 1 263 871 678
193 2 2 0 1 251 891 661
194 2 2 0 1 206 749 976
195 2 2 0 1 205 752 977
196 2 2 0 1 208 750 974
197 2 2 0 1 207 751 975
198 2 2 0 1 151 665 1336
199 2 2 0 1 37 664 1337
200 2 2 0 1 113 663 1338
201 2 2 0 1 75 662 1339
202 2 2 0 1 48 1341 668
203 2 2 0 1 86 1340 667
204 2 2 0 1 10 1342 666
205 2 2 0 1 124 1343 669
206 2 2 0 1 264 1293 938
207 2 2 0 1 516 927 1120
208 2 2 0 1 517 928 1121
209 2 2 0 1 174 1120 927
210 2 2 0 1 175 1121 928
211 2 2 0 1 336 875 876
212 2 2 0 1 425 876 875
213 2 2 0 1 363 800 895
214 2 2 0 1 362 801 896
215 2 2 0 1 361 805 2028
216 2 2 0 1 364 802 897
217 2 2 0 1 753 2028 805
218 2 2 0 1 337 786 787
219 2 2 0 1 390 787 786
220 2 2 0 1 446 895 1200
221 2 2 0 1 366 1537 624
222 2 2 0 1 230 1587 1626
223 2 2 0 1 319 1239 908
224 2 2 0 1 318 1240 909
225 2 2 0 1 320 1241 906
226 2 2 0 1 321 1242 907
227 2 2 0 1 216 753 805
228 2 2 0 1 335 1111 689
229 2 2 0 1 314 2013 1085
230 2 2 0 1 315 2014 1086
231 2 2 0 1 317 2012 1084
232 2 2 0 1 1083 316 2015
233 2 2 0 1 264 938 1879
234 2 2 0 1 230 1626 840
235 2 2 0 1 259 1527 820
236 2 2 0 1 352 661 916
237 2 2 0 1 268 1952 612
238 2 2 0 1 265 1951 609
239 2 2 0 1 267 1954 611
240 2 2 0 1 266 1953 610
241 2 2 0 1 349 804 1409
242 2 2 0 1 362 896 1734
243 2 2 0 1 338 1294 726
244 2 2 0 1 289 1197 730
245 2 2 0 1 287 1195 731
246 2 2 0 1 288 1198 729
247 2 2 0 1 290 1196 728
248 2 2 0 1 394 1123 689
249 2 2 0 1 391 1346 608
250 2 2 0 1 424 1014 693
251 2 2 0 1 421 1013 691
252 2 2 0 1 423 1011 692
253 2 2 0 1 422 1012 690
254 2 2 0 1 400 648 1075
255 2 2 0 1 403 651 1078
256 2 2 0 1 401 649 1076
257 2 2 0 1 402 650 1077
258 2 2 0 1 746 1085 2013
259 2 2 0 1 748 1086 2014
260 2 2 0 1 747 1084 2012
261 2 2 0 1 1083 2015 745
262 2 2 0 1 338 708 1335
263 2 2 0 1 364 897 1722
264 2 2 0 1 895 1542 1200
265 2 2 0 1 268 612 1115
266 2 2 0 1 265 609 1116
267 2 2 0 1 267 611 1117
268 2 2 0 1 266 610 1118
269 2 2 0 1 396 1696 712
270 2 2 0 1 659 1748 1779
271 2 2 0 1 349 1409 1594
272 2 2 0 1 162 991 1262
273 2 2 0 1 586 1262 991
274 2 2 0 1 591 940 1226
275 2 2 0 1 332 673 929
276 2 2 0 1 844 1427 1520
277 2 2 0 1 204 727 842
278 2 2 0 1 673 453 1312
279 2 2 0 1 505 978 1333
280 2 2 0 1 539 1073 970
281 2 2 0 1 170 645 969
282 2 2 0 1 398 733 931
283 2 2 0 1 279 706 926
284 2 2 0 1 395 926 706
285 2 2 0 1 366 624 1266
286 2 2 0 1 299 1264 672
287 2 2 0 1 852 1137 1406
288 2 2 0 1 850 1136 1405
289 2 2 0 1 851 1135 1404
290 2 2 0 1 853 1134 1407
291 2 2 0 1 545 996 684
292 2 2 0 1 346 779 1023
293 2 2 0 1 344 778 1024
294 2 2 0 1 347 777 1025
295 2 2 0 1 345 780 1026
296 2 2 0 1 426 1284 694
297 2 2 0 1 518 1017 1122
298 2 2 0 1 425 978 876
299 2 2 0 1 252 876 978
300 2 2 0 1 226 679 1260
301 2 2 0 1 1048 1257 714
302 2 2 0 1 249 825 1113
303 2 2 0 1 458 1113 825
304 2 2 0 1 419 763 856
305 2 2 0 1 220 856 763
306 2 2 0 1 279 649 1106
307 2 2 0 1 401 1106 649
308 2 2 0 1 251 661 1049
309 2 2 0 1 395 678 1327
310 2 2 0 1 659 1779 890
311 2 2 0 1 535 1791 682
312 2 2 0 1 505 1302 978
313 2 2 0 1 520 1310 941
314 2 2 0 1 408 869 725
315 2 2 0 1 518 1427 844
316 2 2 0 1 756 1442 1552
317 2 2 0 1 297 712 915
318 2 2 0 1 211 2043 709
319 2 2 0 1 559 1395 838
320 2 2 0 1 560 1396 836
321 2 2 0 1 561 1397 837
322 2 2 0 1 562 1398 839
323 2 2 0 1 761 1541 1199
324 2 2 0 1 411 638 2056
325 2 2 0 1 413 636 2055
326 2 2 0 1 412 637 2053
327 2 2 0 1 410 639 2054
328 2 2 0 1 436 874 1034
329 2 2 0 1 185 1034 874
330 2 2 0 1 157 955 1043
331 2 2 0 1 227 721 1038
332 2 2 0 1 353 1047 725
333 2 2 0 1 335 689 940
334 2 2 0 1 845 1480 1325
335 2 2 0 1 349 703 1304
336 2 2 0 1 34 35 782
337 2 2 0 1 110 111 784
338 2 2 0 1 72 73 783
339 2 2 0 1 148 149 785
340 2 2 0 1 494 698 1426
341 2 2 0 1 443 947 989
342 2 2 0 1 444 948 988
343 2 2 0 1 442 946 986
344 2 2 0 1 441 945 987
345 2 2 0 1 374 987 945
346 2 2 0 1 377 986 946
347 2 2 0 1 375 988 948
348 2 2 0 1 376 989 947
349 2 2 0 1 311 838 1395
350 2 2 0 1 309 836 1396
351 2 2 0 1 310 837 1397
352 2 2 0 1 312 839 1398
353 2 2 0 1 436 1176 623
354 2 2 0 1 211 1009 2043
355 2 2 0 1 269 627 1058
356 2 2 0 1 209 681 1168
357 2 2 0 1 306 954 724
358 2 2 0 1 285 816 1142
359 2 2 0 1 292 1103 700
360 2 2 0 1 292 931 707
361 2 2 0 1 435 879 854
362 2 2 0 1 177 854 879
363 2 2 0 1 269 1261 627
364 2 2 0 1 712 1696 867
365 2 2 0 1 506 1552 1442
366 2 2 0 1 88 89 788
367 2 2 0 1 50 51 789
368 2 2 0 1 126 127 790
369 2 2 0 1 12 13 791
370 2 2 0 1 682 1791 1201
371 2 2 0 1 346 1023 857
372 2 2 0 1 344 1024 858
373 2 2 0 1 347 1025 860
374 2 2 0 1 345 1026 859
375 2 2 0 1 419 705 1186
376 2 2 0 1 558 938 1293
377 2 2 0 1 222 1646 1489
378 2 2 0 1 173 1122 1017
379 2 2 0 1 351 710 1179
380 2 2 0 1 393 963 684
381 2 2 0 1 544 684 963
382 2 2 0 1 306 724 1852
383 2 2 0 1 292 707 1103
384 2 2 0 1 437 1389 735
385 2 2 0 1 178 697 1848
386 2 2 0 1 338 1335 806
387 2 2 0 1 358 707 1163
388 2 2 0 1 203 804 1747
389 2 2 0 1 635 1747 804
390 2 2 0 1 437 1016 919
391 2 2 0 1 255 919 1016
392 2 2 0 1 463 665 1030
393 2 2 0 1 466 664 1031
394 2 2 0 1 464 662 1032
395 2 2 0 1 465 663 1033
396 2 2 0 1 293 771 1046
397 2 2 0 1 389 1073 644
398 2 2 0 1 263 1029 757
399 2 2 0 1 409 757 1029
400 2 2 0 1 545 937 1488
401 2 2 0 1 253 943 1218
402 2 2 0 1 548 1218 943
403 2 2 0 1 517 965 928
404 2 2 0 1 516 964 927
405 2 2 0 1 355 928 965
406 2 2 0 1 356 927 964
407 2 2 0 1 820 2003 1918
408 2 2 0 1 282 920 1230
409 2 2 0 1 540 1230 920
410 2 2 0 1 545 684 1557
411 2 2 0 1 224 1000 824
412 2 2 0 1 420 824 1000
413 2 2 0 1 338 1564 1294
414 2 2 0 1 855 1717 1994
415 2 2 0 1 332 1519 673
416 2 2 0 1 217 1854 831
417 2 2 0 1 205 995 1026
418 2 2 0 1 208 992 1023
419 2 2 0 1 207 993 1024
420 2 2 0 1 206 994 1025
421 2 2 0 1 275 1209 635
422 2 2 0 1 259 820 1918
423 2 2 0 1 621 1717 855
424 2 2 0 1 240 1207 826
425 2 2 0 1 275 635 1269
426 2 2 0 1 451 1308 636
427 2 2 0 1 449 1305 638
428 2 2 0 1 450 1307 637
429 2 2 0 1 448 1306 639
430 2 2 0 1 553 1027 1457
431 2 2 0 1 393 684 996
432 2 2 0 1 173 998 754
433 2 2 0 1 392 754 998
434 2 2 0 1 295 810 1233
435 2 2 0 1 296 812 1232
436 2 2 0 1 478 1233 810
437 2 2 0 1 479 1232 812
438 2 2 0 1 384 1412 1670
439 2 2 0 1 394 696 1059
440 2 2 0 1 274 1059 696
441 2 2 0 1 369 1510 688
442 2 2 0 1 371 1508 686
443 2 2 0 1 372 1509 687
444 2 2 0 1 370 1507 685
445 2 2 0 1 263 678 1505
446 2 2 0 1 458 1092 879
447 2 2 0 1 177 879 1092
448 2 2 0 1 367 1036 846
449 2 2 0 1 535 682 1531
450 2 2 0 1 210 1391 1331
451 2 2 0 1 338 1718 708
452 2 2 0 1 378 1667 679
453 2 2 0 1 312 1398 1005
454 2 2 0 1 619 1005 1398
455 2 2 0 1 389 644 1303
456 2 2 0 1 400 1632 1723
457 2 2 0 1 401 1630 1724
458 2 2 0 1 185 673 1034
459 2 2 0 1 542 697 1045
460 2 2 0 1 367 846 1202
461 2 2 0 1 367 1202 848
462 2 2 0 1 170 1169 645
463 2 2 0 1 190 1226 940
464 2 2 0 1 407 971 833
465 2 2 0 1 179 833 971
466 2 2 0 1 843 1428 1613
467 2 2 0 1 1301 2037 1633
468 2 2 0 1 730 1197 1100
469 2 2 0 1 729 1198 1101
470 2 2 0 1 731 1195 1098
471 2 2 0 1 728 1196 1099
472 2 2 0 1 539 1102 703
473 2 2 0 1 222 893 1646
474 2 2 0 1 352 1049 661
475 2 2 0 1 282 762 1055
476 2 2 0 1 418 1055 762
477 2 2 0 1 385 866 864
478 2 2 0 1 204 944 727
479 2 2 0 1 244 1613 1428
480 2 2 0 1 158 1328 758
481 2 2 0 1 553 953 1027
482 2 2 0 1 361 1328 873
483 2 2 0 1 551 873 1328
484 2 2 0 1 299 1828 1264
485 2 2 0 1 546 830 1682
486 2 2 0 1 179 701 1647
487 2 2 0 1 718 2040 1292
488 2 2 0 1 719 2039 1291
489 2 2 0 1 384 864 866
490 2 2 0 1 210 1008 1391
491 2 2 0 1 448 1023 992
492 2 2 0 1 449 1024 993
493 2 2 0 1 451 1026 995
494 2 2 0 1 450 1025 994
495 2 2 0 1 170 1442 756
496 2 2 0 1 680 1918 2003
497 2 2 0 1 400 1354 648
498 2 2 0 1 403 1355 651
499 2 2 0 1 286 1185 764
500 2 2 0 1 284 1184 765
501 2 2 0 1 279 1523 649
502 2 2 0 1 278 1524 650
503 2 2 0 1 735 937 1889
504 2 2 0 1 191 1889 937
505 2 2 0 1 230 1176 736
506 2 2 0 1 436 736 1176
507 2 2 0 1 182 1056 981
508 2 2 0 1 469 981 1056
509 2 2 0 1 1075 1632 400
510 2 2 0 1 1076 1630 401
511 2 2 0 1 470 1325 1480
512 2 2 0 1 252 1380 876
513 2 2 0 1 213 895 800
514 2 2 0 1 214 896 801
515 2 2 0 1 255 1468 919
516 2 2 0 1 215 897 802
517 2 2 0 1 474 971 1064
518 2 2 0 1 407 1064 971
519 2 2 0 1 314 1085 1288
520 2 2 0 1 315 1086 1289
521 2 2 0 1 317 1084 1287
522 2 2 0 1 1083 1290 316
523 2 2 0 1 338 726 1718
524 2 2 0 1 172 807 1130
525 2 2 0 1 558 1316 938
526 2 2 0 1 291 938 1316
527 2 2 0 1 283 1061 766
528 2 2 0 1 694 1284 827
529 2 2 0 1 680 428 1918
530 2 2 0 1 544 1738 684
531 2 2 0 1 542 1554 697
532 2 2 0 1 519 843 892
533 2 2 0 1 336 892 843
534 2 2 0 1 628 831 1854
535 2 2 0 1 187 1028 762
536 2 2 0 1 418 762 1028
537 2 2 0 1 1029 2004 701
538 2 2 0 1 220 1784 856
539 2 2 0 1 588 1639 1333
540 2 2 0 1 486 862 1225
541 2 2 0 1 255 1225 862
542 2 2 0 1 37 1383 664
543 2 2 0 1 113 1382 663
544 2 2 0 1 75 1381 662
545 2 2 0 1 151 1384 665
546 2 2 0 1 48 668 1386
547 2 2 0 1 86 667 1387
548 2 2 0 1 10 666 1385
549 2 2 0 1 124 669 1388
550 2 2 0 1 958 1332 1356
551 2 2 0 1 876 1380 1726
552 2 2 0 1 287 1125 674
553 2 2 0 1 290 1126 675
554 2 2 0 1 288 1127 676
555 2 2 0 1 289 1128 677
556 2 2 0 1 255 1517 1468
557 2 2 0 1 398 973 826
558 2 2 0 1 240 826 973
559 2 2 0 1 335 1732 952
560 2 2 0 1 705 952 1732
561 2 2 0 1 830 991 1682
562 2 2 0 1 354 1666 1615
563 2 2 0 1 426 694 1219
564 2 2 0 1 539 703 1594
565 2 2 0 1 349 1594 703
566 2 2 0 1 299 672 1401
567 2 2 0 1 396 717 1079
568 2 2 0 1 1005 1979 1301
569 2 2 0 1 158 941 1310
570 2 2 0 1 713 2037 1301
571 2 2 0 1 185 1344 673
572 2 2 0 1 673 1344 453
573 2 2 0 1 245 1079 717
574 2 2 0 1 545 1557 937
575 2 2 0 1 248 1154 658
576 2 2 0 1 247 1155 657
577 2 2 0 1 698 1870 1426
578 2 2 0 1 454 700 1486
579 2 2 0 1 160 1332 958
580 2 2 0 1 353 891 1047
581 2 2 0 1 359 1147 2064
582 2 2 0 1 165 1162 755
583 2 2 0 1 588 1333 978
584 2 2 0 1 735 1389 937
585 2 2 0 1 339 2058 1094
586 2 2 0 1 391 761 997
587 2 2 0 1 172 997 761
588 2 2 0 1 159 1188 885
589 2 2 0 1 247 657 1781
590 2 2 0 1 248 658 1780
591 2 2 0 1 337 1755 786
592 2 2 0 1 202 708 1530
593 2 2 0 1 369 688 1253
594 2 2 0 1 372 687 1254
595 2 2 0 1 371 686 1255
596 2 2 0 1 370 685 1252
597 2 2 0 1 326 991 830
598 2 2 0 1 1082 172 1130
599 2 2 0 1 436 1034 736
600 2 2 0 1 35 1476 782
601 2 2 0 1 73 1474 783
602 2 2 0 1 149 1477 785
603 2 2 0 1 111 1475 784
604 2 2 0 1 856 1784 1605
605 2 2 0 1 463 1336 665
606 2 2 0 1 466 1337 664
607 2 2 0 1 465 1338 663
608 2 2 0 1 464 1339 662
609 2 2 0 1 568 881 1144
610 2 2 0 1 569 880 1146
611 2 2 0 1 570 882 1145
612 2 2 0 1 567 883 1143
613 2 2 0 1 577 1679 814
614 2 2 0 1 578 1677 815
615 2 2 0 1 576 1678 813
616 2 2 0 1 579 1680 816
617 2 2 0 1 718 1292 1008
618 2 2 0 1 719 1291 1009
619 2 2 0 1 543 893 1153
620 2 2 0 1 723 1849 1251
621 2 2 0 1 420 1043 955
622 2 2 0 1 493 1066 709
623 2 2 0 1 160 1181 930
624 2 2 0 1 417 1492 1826
625 2 2 0 1 10 11 1342
626 2 2 0 1 86 87 1340
627 2 2 0 1 48 49 1341
628 2 2 0 1 124 125 1343
629 2 2 0 1 74 75 1339
630 2 2 0 1 112 113 1338
631 2 2 0 1 36 37 1337
632 2 2 0 1 150 151 1336
633 2 2 0 1 7 796 6
634 2 2 0 1 120 121 797
635 2 2 0 1 82 83 798
636 2 2 0 1 44 45 799
637 2 2 0 1 154 155 795
638 2 2 0 1 40 41 793
639 2 2 0 1 116 117 794
640 2 2 0 1 78 79 792
641 2 2 0 1 1010 1984 1692
642 2 2 0 1 409 701 1131
643 2 2 0 1 179 1131 701
644 2 2 0 1 689 1123 940
645 2 2 0 1 210 718 1008
646 2 2 0 1 211 719 1009
647 2 2 0 1 209 1114 681
648 2 2 0 1 626 1670 1412
649 2 2 0 1 178 1848 914
650 2 2 0 1 50 789 1483
651 2 2 0 1 88 788 1482
652 2 2 0 1 126 790 1484
653 2 2 0 1 12 791 1485
654 2 2 0 1 710 1264 1828
655 2 2 0 1 395 1124 678
656 2 2 0 1 354 825 1666
657 2 2 0 1 670 1161 427
658 2 2 0 1 535 1447 803
659 2 2 0 1 226 845 1325
660 2 2 0 1 366 1894 1537
661 2 2 0 1 408 725 1733
662 2 2 0 1 816 1492 1142
663 2 2 0 1 673 1312 929
664 2 2 0 1 267 1275 1204
665 2 2 0 1 268 1276 1205
666 2 2 0 1 265 1277 1203
667 2 2 0 1 266 1278 1206
668 2 2 0 1 363 1605 800
669 2 2 0 1 567 800 1605
670 2 2 0 1 405 702 1424
671 2 2 0 1 339 1094 2036
672 2 2 0 1 670 427 1664
673 2 2 0 1 678 871 1327
674 2 2 0 1 250 1970 956
675 2 2 0 1 760 956 1970
676 2 2 0 1 240 1415 1207
677 2 2 0 1 217 683 1456
678 2 2 0 1 385 1000 866
679 2 2 0 1 217 1129 683
680 2 2 0 1 252 978 1302
681 2 2 0 1 308 735 1534
682 2 2 0 1 814 1679 1941
683 2 2 0 1 815 1677 1940
684 2 2 0 1 813 1678 1939
685 2 2 0 1 816 1680 1942
686 2 2 0 1 226 1325 679
687 2 2 0 1 419 1259 705
688 2 2 0 1 382 730 1788
689 2 2 0 1 169 1786 728
690 2 2 0 1 168 1789 731
691 2 2 0 1 167 1787 729
692 2 2 0 1 157 1043 886
693 2 2 0 1 471 1063 817
694 2 2 0 1 287 674 1195
695 2 2 0 1 289 677 1197
696 2 2 0 1 288 676 1198
697 2 2 0 1 290 675 1196
698 2 2 0 1 502 1923 1241
699 2 2 0 1 500 1921 1240
700 2 2 0 1 501 1922 1239
701 2 2 0 1 503 1920 1242
702 2 2 0 1 311 1054 894
703 2 2 0 1 528 894 1054
704 2 2 0 1 378 679 1403
705 2 2 0 1 841 1982 1913
706 2 2 0 1 591 1732 940
707 2 2 0 1 704 822 2059
708 2 2 0 1 306 2059 822
709 2 2 0 1 227 689 1111
710 2 2 0 1 472 1251 1849
711 2 2 0 1 394 689 1400
712 2 2 0 1 219 1782 870
713 2 2 0 1 391 1038 721
714 2 2 0 1 930 1181 1831
715 2 2 0 1 386 1352 1269
716 2 2 0 1 361 1644 805
717 2 2 0 1 378 1692 1563
718 2 2 0 1 227 1400 689
719 2 2 0 1 758 2064 1147
720 2 2 0 1 405 1022 829
721 2 2 0 1 178 829 1022
722 2 2 0 1 169 747 1786
723 2 2 0 1 167 746 1787
724 2 2 0 1 168 748 1789
725 2 2 0 1 803 1447 2036
726 2 2 0 1 378 1010 1692
727 2 2 0 1 205 1026 780
728 2 2 0 1 206 1025 777
729 2 2 0 1 207 1024 778
730 2 2 0 1 208 1023 779
731 2 2 0 1 473 1087 973
732 2 2 0 1 240 973 1087
733 2 2 0 1 521 1005 1301
734 2 2 0 1 680 1418 428
735 2 2 0 1 1188 1847 885
736 2 2 0 1 563 1132 1217
737 2 2 0 1 272 1649 695
738 2 2 0 1 411 2056 1101
739 2 2 0 1 412 2053 1100
740 2 2 0 1 410 2054 1098
741 2 2 0 1 413 2055 1099
742 2 2 0 1 786 1755 1522
743 2 2 0 1 494 1797 698
744 2 2 0 1 210 706 1177
745 2 2 0 1 212 2017 867
746 2 2 0 1 712 867 2017
747 2 2 0 1 294 841 1913
748 2 2 0 1 218 1785 872
749 2 2 0 1 518 844 1017
750 2 2 0 1 221 1783 873
751 2 2 0 1 227 696 1400
752 2 2 0 1 170 756 1864
753 2 2 0 1 417 1826 1118
754 2 2 0 1 424 693 1348
755 2 2 0 1 421 691 1349
756 2 2 0 1 422 690 1350
757 2 2 0 1 423 692 1351
758 2 2 0 1 272 695 1708
759 2 2 0 1 239 1606 726
760 2 2 0 1 599 1205 1276
761 2 2 0 1 600 1204 1275
762 2 2 0 1 598 1203 1277
763 2 2 0 1 597 1206 1278
764 2 2 0 1 394 1400 696
765 2 2 0 1 166 1083 745
766 2 2 0 1 169 1084 747
767 2 2 0 1 167 1085 746
768 2 2 0 1 168 1086 748
769 2 2 0 1 568 805 1644
770 2 2 0 1 180 725 1047
771 2 2 0 1 364 1638 802
772 2 2 0 1 569 802 1638
773 2 2 0 1 262 970 1228
774 2 2 0 1 342 1271 898
775 2 2 0 1 343 1272 901
776 2 2 0 1 341 1273 899
777 2 2 0 1 340 1274 900
778 2 2 0 1 509 898 1271
779 2 2 0 1 510 901 1272
780 2 2 0 1 507 899 1273
781 2 2 0 1 508 900 1274
782 2 2 0 1 727 1496 1744
783 2 2 0 1 870 1782 1638
784 2 2 0 1 273 1779 1748
785 2 2 0 1 291 818 1132
786 2 2 0 1 429 1132 818
787 2 2 0 1 454 1408 700
788 2 2 0 1 359 1626 1147
789 2 2 0 1 555 1039 1432
790 2 2 0 1 592 1695 892
791 2 2 0 1 166 745 1788
792 2 2 0 1 299 761 1040
793 2 2 0 1 391 1040 761
794 2 2 0 1 378 1563 842
795 2 2 0 1 362 1642 801
796 2 2 0 1 570 801 1642
797 2 2 0 1 287 731 1143
798 2 2 0 1 289 730 1146
799 2 2 0 1 290 728 1144
800 2 2 0 1 288 729 1145
801 2 2 0 1 320 692 1241
802 2 2 0 1 319 690 1239
803 2 2 0 1 318 691 1240
804 2 2 0 1 321 693 1242
805 2 2 0 1 318 1349 691
806 2 2 0 1 319 1350 690
807 2 2 0 1 320 1351 692
808 2 2 0 1 321 1348 693
809 2 2 0 1 227 1375 696
810 2 2 0 1 312 1005 884
811 2 2 0 1 521 884 1005
812 2 2 0 1 135 136 838
813 2 2 0 1 21 22 839
814 2 2 0 1 59 60 836
815 2 2 0 1 97 98 837
816 2 2 0 1 519 1428 843
817 2 2 0 1 358 1103 707
818 2 2 0 1 981 1686 1515
819 2 2 0 1 279 1106 706
820 2 2 0 1 537 1183 1006
821 2 2 0 1 189 1006 1183
822 2 2 0 1 363 895 1462
823 2 2 0 1 356 967 968
824 2 2 0 1 547 968 967
825 2 2 0 1 493 709 1506
826 2 2 0 1 872 1785 1642
827 2 2 0 1 405 1645 702
828 2 2 0 1 262 1228 1258
829 2 2 0 1 397 1744 1496
830 2 2 0 1 389 955 1193
831 2 2 0 1 349 1304 1727
832 2 2 0 1 873 1783 1644
833 2 2 0 1 395 706 1124
834 2 2 0 1 396 712 1538
835 2 2 0 1 749 1271 976
836 2 2 0 1 750 1273 974
837 2 2 0 1 751 1274 975
838 2 2 0 1 752 1272 977
839 2 2 0 1 210 1124 706
840 2 2 0 1 1054 311 1395
841 2 2 0 1 1054 1395 622
842 2 2 0 1 373 1296 1988
843 2 2 0 1 625 1269 1352
844 2 2 0 1 360 1067 865
845 2 2 0 1 158 1559 1328
846 2 2 0 1 274 696 1701
847 2 2 0 1 392 999 840
848 2 2 0 1 230 840 999
849 2 2 0 1 334 1488 937
850 2 2 0 1 1046 2066 293
851 2 2 0 1 302 752 1189
852 2 2 0 1 305 750 1192
853 2 2 0 1 304 751 1191
854 2 2 0 1 303 749 1190
855 2 2 0 1 623 888 1221
856 2 2 0 1 385 1043 1000
857 2 2 0 1 211 709 1691
858 2 2 0 1 178 1770 697
859 2 2 0 1 487 2004 1029
860 2 2 0 1 1058 1148 269
861 2 2 0 1 1058 542 1148
862 2 2 0 1 201 707 1687
863 2 2 0 1 457 1227 698
864 2 2 0 1 292 700 1311
865 2 2 0 1 457 698 1258
866 2 2 0 1 386 819 1081
867 2 2 0 1 378 842 1667
868 2 2 0 1 307 831 1886
869 2 2 0 1 628 1886 831
870 2 2 0 1 297 1538 712
871 2 2 0 1 249 720 1063
872 2 2 0 1 229 865 1993
873 2 2 0 1 201 1163 707
874 2 2 0 1 643 1913 1982
875 2 2 0 1 694 827 2066
876 2 2 0 1 389 1193 1228
877 2 2 0 1 349 1652 804
878 2 2 0 1 303 1958 797
879 2 2 0 1 305 1957 799
880 2 2 0 1 304 1959 798
881 2 2 0 1 631 797 1958
882 2 2 0 1 633 799 1957
883 2 2 0 1 632 798 1959
884 2 2 0 1 302 1960 796
885 2 2 0 1 630 796 1960
886 2 2 0 1 428 1022 980
887 2 2 0 1 405 980 1022
888 2 2 0 1 384 1670 864
889 2 2 0 1 592 892 1726
890 2 2 0 1 360 889 1067
891 2 2 0 1 720 1094 2058
892 2 2 0 1 429 1217 1132
893 2 2 0 1 1048 438 1257
894 2 2 0 1 360 944 1227
895 2 2 0 1 335 1672 1111
896 2 2 0 1 179 1647 918
897 2 2 0 1 349 819 1652
898 2 2 0 1 548 943 972
899 2 2 0 1 337 972 943
900 2 2 0 1 391 721 1346
901 2 2 0 1 387 917 1285
902 2 2 0 1 392 840 1141
903 2 2 0 1 296 1291 2039
904 2 2 0 1 295 1292 2040
905 2 2 0 1 360 1373 889
906 2 2 0 1 1073 1409 203
907 2 2 0 1 224 1586 866
908 2 2 0 1 455 1046 771
909 2 2 0 1 104 1441 811
910 2 2 0 1 66 1440 810
911 2 2 0 1 142 1438 812
912 2 2 0 1 28 1439 809
913 2 2 0 1 1045 697 1770
914 2 2 0 1 252 1302 963
915 2 2 0 1 544 963 1302
916 2 2 0 1 217 831 1129
917 2 2 0 1 201 1457 1027
918 2 2 0 1 200 1179 710
919 2 2 0 1 169 1764 945
920 2 2 0 1 168 1762 948
921 2 2 0 1 167 1761 947
922 2 2 0 1 166 1763 946
923 2 2 0 1 385 864 1489
924 2 2 0 1 247 1173 985
925 2 2 0 1 246 1172 984
926 2 2 0 1 248 1175 982
927 2 2 0 1 245 1174 983
928 2 2 0 1 202 1335 708
929 2 2 0 1 398 1805 733
930 2 2 0 1 227 1641 721
931 2 2 0 1 382 1788 2073
932 2 2 0 1 297 717 1538
933 2 2 0 1 1186 705 1561
934 2 2 0 1 557 1006 1522
935 2 2 0 1 186 1301 1979
936 2 2 0 1 224 866 1000
937 2 2 0 1 404 773 1065
938 2 2 0 1 246 1065 773
939 2 2 0 1 297 809 1364
940 2 2 0 1 476 1364 809
941 2 2 0 1 351 1179 1416
942 2 2 0 1 535 803 1214
943 2 2 0 1 1077 1631 1982
944 2 2 0 1 759 1988 1296
945 2 2 0 1 1067 1993 865
946 2 2 0 1 205 1697 752
947 2 2 0 1 206 1700 749
948 2 2 0 1 208 1698 750
949 2 2 0 1 207 1699 751
950 2 2 0 1 331 826 1207
951 2 2 0 1 590 1612 890
952 2 2 0 1 281 890 1612
953 2 2 0 1 400 1535 715
954 2 2 0 1 568 1144 1709
955 2 2 0 1 169 2055 1764
956 2 2 0 1 168 2054 1762
957 2 2 0 1 167 2056 1761
958 2 2 0 1 166 2053 1763
959 2 2 0 1 176 892 1695
960 2 2 0 1 339 2036 1447
961 2 2 0 1 165 755 1714
962 2 2 0 1 214 801 1444
963 2 2 0 1 213 800 1443
964 2 2 0 1 215 802 1445
965 2 2 0 1 570 1145 1713
966 2 2 0 1 569 1146 1712
967 2 2 0 1 567 1143 1711
968 2 2 0 1 216 805 1479
969 2 2 0 1 351 1264 710
970 2 2 0 1 392 998 999
971 2 2 0 1 427 999 998
972 2 2 0 1 200 710 1323
973 2 2 0 1 1045 1770 428
974 2 2 0 1 400 715 1354
975 2 2 0 1 403 714 1355
976 2 2 0 1 403 1334 714
977 2 2 0 1 167 729 1101
978 2 2 0 1 168 731 1098
979 2 2 0 1 169 728 1099
980 2 2 0 1 396 1538 717
981 2 2 0 1 278 1994 1717
982 2 2 0 1 173 1017 1664
983 2 2 0 1 670 1664 1017
984 2 2 0 1 527 848 1202
985 2 2 0 1 180 1733 725
986 2 2 0 1 524 724 1402
987 2 2 0 1 333 2065 844
988 2 2 0 1 606 942 1313
989 2 2 0 1 470 1480 716
990 2 2 0 1 467 877 1062
991 2 2 0 1 274 1062 877
992 2 2 0 1 352 755 1162
993 2 2 0 1 202 916 1139
994 2 2 0 1 880 1782 1719
995 2 2 0 1 532 1281 985
996 2 2 0 1 533 1282 984
997 2 2 0 1 531 1280 983
998 2 2 0 1 530 1279 982
999 2 2 0 1 246 984 1282
1000 2 2 0 1 247 985 1281
1001 2 2 0 1 245 983 1280
1002 2 2 0 1 248 982 1279
1003 2 2 0 1 283 766 1814
1004 2 2 0 1 286 764 1812
1005 2 2 0 1 284 765 1813
1006 2 2 0 1 893 1490 1153
1007 2 2 0 1 226 1260 1683
1008 2 2 0 1 449 858 1024
1009 2 2 0 1 448 857 1023
1010 2 2 0 1 450 860 1025
1011 2 2 0 1 451 859 1026
1012 2 2 0 1 545 1419 996
1013 2 2 0 1 159 885 1315
1014 2 2 0 1 492 1315 885
1015 2 2 0 1 171 1112 1516
1016 2 2 0 1 211 1535 719
1017 2 2 0 1 699 1516 1112
1018 2 2 0 1 713 1537 1894
1019 2 2 0 1 888 1675 1560
1020 2 2 0 1 235 1031 857
1021 2 2 0 1 237 1032 858
1022 2 2 0 1 238 1033 860
1023 2 2 0 1 236 1030 859
1024 2 2 0 1 469 877 1392
1025 2 2 0 1 520 941 1549
1026 2 2 0 1 555 1746 1039
1027 2 2 0 1 416 1121 776
1028 2 2 0 1 414 1119 775
1029 2 2 0 1 415 1120 774
1030 2 2 0 1 176 775 1119
1031 2 2 0 1 175 776 1121
1032 2 2 0 1 174 774 1120
1033 2 2 0 1 390 786 1521
1034 2 2 0 1 392 1330 754
1035 2 2 0 1 282 1055 920
1036 2 2 0 1 481 920 1055
1037 2 2 0 1 277 715 1187
1038 2 2 0 1 333 1633 2037
1039 2 2 0 1 177 863 1037
1040 2 2 0 1 396 1037 863
1041 2 2 0 1 293 1216 771
1042 2 2 0 1 365 849 1989
1043 2 2 0 1 656 1989 849
1044 2 2 0 1 538 1560 1675
1045 2 2 0 1 382 1146 730
1046 2 2 0 1 620 1716 926
1047 2 2 0 1 279 926 1716
1048 2 2 0 1 727 2060 842
1049 2 2 0 1 882 1785 1735
1050 2 2 0 1 393 996 1138
1051 2 2 0 1 245 717 1609
1052 2 2 0 1 353 725 1518
1053 2 2 0 1 210 1177 718
1054 2 2 0 1 373 969 1296
1055 2 2 0 1 285 1737 816
1056 2 2 0 1 579 816 1737
1057 2 2 0 1 1077 1982 402
1058 2 2 0 1 294 2048 841
1059 2 2 0 1 359 2064 1265
1060 2 2 0 1 493 1047 891
1061 2 2 0 1 422 739 1321
1062 2 2 0 1 423 740 1320
1063 2 2 0 1 421 738 1319
1064 2 2 0 1 424 737 1318
1065 2 2 0 1 881 1783 1739
1066 2 2 0 1 177 1092 863
1067 2 2 0 1 574 880 1719
1068 2 2 0 1 657 1292 1233
1069 2 2 0 1 658 1291 1232
1070 2 2 0 1 295 1233 1292
1071 2 2 0 1 296 1232 1291
1072 2 2 0 1 31 32 1002
1073 2 2 0 1 107 108 1003
1074 2 2 0 1 69 70 1004
1075 2 2 0 1 145 146 1001
1076 2 2 0 1 393 1138 1015
1077 2 2 0 1 280 714 1257
1078 2 2 0 1 360 1227 1373
1079 2 2 0 1 349 1727 819
1080 2 2 0 1 230 736 1587
1081 2 2 0 1 708 1988 1530
1082 2 2 0 1 204 1426 1870
1083 2 2 0 1 672 1413 1437
1084 2 2 0 1 335 940 1732
1085 2 2 0 1 524 1981 724
1086 2 2 0 1 1055 418 1093
1087 2 2 0 1 1055 1093 481
1088 2 2 0 1 224 2016 1586
1089 2 2 0 1 260 953 1399
1090 2 2 0 1 553 1399 953
1091 2 2 0 1 1036 1297 846
1092 2 2 0 1 336 1726 892
1093 2 2 0 1 331 1207 885
1094 2 2 0 1 884 1674 1467
1095 2 2 0 1 668 933 1907
1096 2 2 0 1 667 932 1908
1097 2 2 0 1 669 934 1909
1098 2 2 0 1 666 935 1910
1099 2 2 0 1 340 1908 932
1100 2 2 0 1 341 1907 933
1101 2 2 0 1 342 1909 934
1102 2 2 0 1 343 1910 935
1103 2 2 0 1 470 716 1394
1104 2 2 0 1 277 1354 715
1105 2 2 0 1 280 1355 714
1106 2 2 0 1 1185 1857 764
1107 2 2 0 1 1184 1858 765
1108 2 2 0 1 297 915 1915
1109 2 2 0 1 212 714 1334
1110 2 2 0 1 211 1836 1535
1111 2 2 0 1 476 1248 1174
1112 2 2 0 1 479 1249 1175
1113 2 2 0 1 478 1246 1173
1114 2 2 0 1 477 1247 1172
1115 2 2 0 1 601 1174 1248
1116 2 2 0 1 602 1175 1249
1117 2 2 0 1 604 1173 1246
1118 2 2 0 1 603 1172 1247
1119 2 2 0 1 485 917 1154
1120 2 2 0 1 483 918 1155
1121 2 2 0 1 573 882 1735
1122 2 2 0 1 372 1967 1509
1123 2 2 0 1 371 1968 1508
1124 2 2 0 1 369 1966 1510
1125 2 2 0 1 370 1969 1507
1126 2 2 0 1 165 1333 1639
1127 2 2 0 1 420 1000 1043
1128 2 2 0 1 171 1304 1811
1129 2 2 0 1 312 884 1467
1130 2 2 0 1 473 973 1112
1131 2 2 0 1 571 881 1739
1132 2 2 0 1 358 1163 1491
1133 2 2 0 1 285 1142 754
1134 2 2 0 1 281 1552 868
1135 2 2 0 1 405 829 1991
1136 2 2 0 1 329 828 1991
1137 2 2 0 1 329 1991 829
1138 2 2 0 1 297 1915 809
1139 2 2 0 1 295 1912 810
1140 2 2 0 1 296 1914 812
1141 2 2 0 1 293 808 1216
1142 2 2 0 1 297 1364 717
1143 2 2 0 1 253 1218 1042
1144 2 2 0 1 1042 1218 529
1145 2 2 0 1 249 2051 720
1146 2 2 0 1 509 749 1567
1147 2 2 0 1 508 751 1565
1148 2 2 0 1 507 750 1566
1149 2 2 0 1 510 752 1568
1150 2 2 0 1 305 1566 750
1151 2 2 0 1 304 1565 751
1152 2 2 0 1 303 1567 749
1153 2 2 0 1 302 1568 752
1154 2 2 0 1 158 758 1147
1155 2 2 0 1 31 1002 1759
1156 2 2 0 1 69 1004 1758
1157 2 2 0 1 107 1003 1757
1158 2 2 0 1 145 1001 1760
1159 2 2 0 1 216 1479 1933
1160 2 2 0 1 1072 1168 681
1161 2 2 0 1 182 981 1515
1162 2 2 0 1 216 1265 753
1163 2 2 0 1 348 1744 807
1164 2 2 0 1 214 1444 1931
1165 2 2 0 1 215 1445 1930
1166 2 2 0 1 213 1443 1932
1167 2 2 0 1 525 827 1529
1168 2 2 0 1 397 865 1080
1169 2 2 0 1 660 1500 1345
1170 2 2 0 1 14 1318 737
1171 2 2 0 1 52 1321 739
1172 2 2 0 1 128 1320 740
1173 2 2 0 1 90 1319 738
1174 2 2 0 1 727 944 1496
1175 2 2 0 1 504 1267 1553
1176 2 2 0 1 430 1263 757
1177 2 2 0 1 263 757 1263
1178 2 2 0 1 844 2065 1017
1179 2 2 0 1 515 1208 734
1180 2 2 0 1 704 2036 1094
1181 2 2 0 1 385 886 1043
1182 2 2 0 1 398 1850 1769
1183 2 2 0 1 641 1915 915
1184 2 2 0 1 543 1515 1686
1185 2 2 0 1 163 1359 771
1186 2 2 0 1 455 771 1359
1187 2 2 0 1 507 1273 750
1188 2 2 0 1 508 1274 751
1189 2 2 0 1 509 1271 749
1190 2 2 0 1 510 1272 752
1191 2 2 0 1 733 1687 931
1192 2 2 0 1 399 781 1714
1193 2 2 0 1 352 1446 755
1194 2 2 0 1 715 1535 1836
1195 2 2 0 1 703 1811 1304
1196 2 2 0 1 428 980 1918
1197 2 2 0 1 398 826 1805
1198 2 2 0 1 290 1144 881
1199 2 2 0 1 289 1146 880
1200 2 2 0 1 287 1143 883
1201 2 2 0 1 288 1145 882
1202 2 2 0 1 239 726 1294
1203 2 2 0 1 245 1280 1079
1204 2 2 0 1 393 1380 963
1205 2 2 0 1 661 891 2005
1206 2 2 0 1 525 1533 827
1207 2 2 0 1 656 849 1454
1208 2 2 0 1 82 798 1776
1209 2 2 0 1 120 797 1777
1210 2 2 0 1 44 799 1778
1211 2 2 0 1 6 796 1775
1212 2 2 0 1 79 1773 792
1213 2 2 0 1 41 1774 793
1214 2 2 0 1 117 1772 794
1215 2 2 0 1 155 1771 795
1216 2 2 0 1 515 734 2029
1217 2 2 0 1 735 1889 1534
1218 2 2 0 1 220 763 1693
1219 2 2 0 1 269 1962 1261
1220 2 2 0 1 384 1586 990
1221 2 2 0 1 606 990 1586
1222 2 2 0 1 396 1079 1037
1223 2 2 0 1 471 817 1377
1224 2 2 0 1 225 1081 819
1225 2 2 0 1 191 937 1557
1226 2 2 0 1 284 1813 814
1227 2 2 0 1 286 1812 813
1228 2 2 0 1 283 1814 815
1229 2 2 0 1 577 814 1813
1230 2 2 0 1 578 815 1814
1231 2 2 0 1 576 813 1812
1232 2 2 0 1 390 1521 2082
1233 2 2 0 1 407 833 1983
1234 2 2 0 1 328 832 1983
1235 2 2 0 1 328 1983 833
1236 2 2 0 1 366 1990 956
1237 2 2 0 1 294 773 1500
1238 2 2 0 1 495 1180 1347
1239 2 2 0 1 693 1014 1461
1240 2 2 0 1 691 1013 1460
1241 2 2 0 1 692 1011 1458
1242 2 2 0 1 690 1012 1459
1243 2 2 0 1 618 1692 1984
1244 2 2 0 1 363 1462 925
1245 2 2 0 1 326 821 1327
1246 2 2 0 1 353 2005 891
1247 2 2 0 1 588 1230 1639
1248 2 2 0 1 224 824 1104
1249 2 2 0 1 656 1454 1628
1250 2 2 0 1 184 1529 827
1251 2 2 0 1 395 821 1410
1252 2 2 0 1 1180 1876 1347
1253 2 2 0 1 265 1203 1951
1254 2 2 0 1 267 1204 1954
1255 2 2 0 1 268 1205 1952
1256 2 2 0 1 266 1206 1953
1257 2 2 0 1 169 945 1084
1258 2 2 0 1 166 946 1083
1259 2 2 0 1 167 947 1085
1260 2 2 0 1 168 948 1086
1261 2 2 0 1 468 1437 1413
1262 2 2 0 1 89 1792 788
1263 2 2 0 1 51 1793 789
1264 2 2 0 1 127 1794 790
1265 2 2 0 1 13 1795 791
1266 2 2 0 1 738 788 1792
1267 2 2 0 1 739 789 1793
1268 2 2 0 1 740 790 1794
1269 2 2 0 1 737 791 1795
1270 2 2 0 1 368 1027 953
1271 2 2 0 1 308 1329 735
1272 2 2 0 1 437 735 1329
1273 2 2 0 1 1042 1431 1799
1274 2 2 0 1 200 1036 1179
1275 2 2 0 1 523 1179 1036
1276 2 2 0 1 634 1615 1666
1277 2 2 0 1 163 771 1494
1278 2 2 0 1 420 1157 824
1279 2 2 0 1 301 824 1157
1280 2 2 0 1 1061 1469 766
1281 2 2 0 1 330 834 1980
1282 2 2 0 1 330 1980 835
1283 2 2 0 1 409 1715 757
1284 2 2 0 1 254 1222 1039
1285 2 2 0 1 523 1039 1222
1286 2 2 0 1 178 914 1156
1287 2 2 0 1 354 1696 863
1288 2 2 0 1 160 930 1481
1289 2 2 0 1 549 1481 930
1290 2 2 0 1 855 2082 1521
1291 2 2 0 1 318 738 1349
1292 2 2 0 1 319 739 1350
1293 2 2 0 1 320 740 1351
1294 2 2 0 1 321 737 1348
1295 2 2 0 1 944 1870 1227
1296 2 2 0 1 337 787 1767
1297 2 2 0 1 557 1810 1006
1298 2 2 0 1 14 737 1795
1299 2 2 0 1 128 740 1794
1300 2 2 0 1 90 738 1792
1301 2 2 0 1 52 739 1793
1302 2 2 0 1 354 867 1696
1303 2 2 0 1 438 1133 1257
1304 2 2 0 1 398 931 1850
1305 2 2 0 1 281 868 1378
1306 2 2 0 1 385 1489 1891
1307 2 2 0 1 577 1813 1095
1308 2 2 0 1 578 1814 1097
1309 2 2 0 1 576 1812 1096
1310 2 2 0 1 765 1095 1813
1311 2 2 0 1 764 1096 1812
1312 2 2 0 1 766 1097 1814
1313 2 2 0 1 1066 481 1691
1314 2 2 0 1 1066 1691 709
1315 2 2 0 1 787 1261 1962
1316 2 2 0 1 471 1377 1880
1317 2 2 0 1 551 1708 873
1318 2 2 0 1 397 1130 807
1319 2 2 0 1 723 1251 1837
1320 2 2 0 1 227 1038 1375
1321 2 2 0 1 387 1291 1603
1322 2 2 0 1 388 1292 1602
1323 2 2 0 1 419 1186 763
1324 2 2 0 1 1116 1703 1825
1325 2 2 0 1 1115 1704 1823
1326 2 2 0 1 1117 1705 1824
1327 2 2 0 1 424 1348 737
1328 2 2 0 1 423 1351 740
1329 2 2 0 1 422 1350 739
1330 2 2 0 1 421 1349 738
1331 2 2 0 1 458 825 1092
1332 2 2 0 1 207 778 1699
1333 2 2 0 1 208 779 1698
1334 2 2 0 1 206 777 1700
1335 2 2 0 1 205 780 1697
1336 2 2 0 1 369 1590 1001
1337 2 2 0 1 370 1593 1002
1338 2 2 0 1 372 1591 1003
1339 2 2 0 1 371 1592 1004
1340 2 2 0 1 602 1001 1590
1341 2 2 0 1 601 1002 1593
1342 2 2 0 1 603 1003 1591
1343 2 2 0 1 604 1004 1592
1344 2 2 0 1 394 822 1123
1345 2 2 0 1 504 1225 1016
1346 2 2 0 1 255 1016 1225
1347 2 2 0 1 360 865 1496
1348 2 2 0 1 877 1673 1392
1349 2 2 0 1 376 993 1502
1350 2 2 0 1 375 992 1501
1351 2 2 0 1 374 995 1503
1352 2 2 0 1 377 994 1504
1353 2 2 0 1 154 795 1369
1354 2 2 0 1 116 794 1370
1355 2 2 0 1 78 792 1371
1356 2 2 0 1 40 793 1372
1357 2 2 0 1 7 1368 796
1358 2 2 0 1 121 1367 797
1359 2 2 0 1 45 1365 799
1360 2 2 0 1 83 1366 798
1361 2 2 0 1 574 1720 852
1362 2 2 0 1 329 852 1720
1363 2 2 0 1 632 1776 798
1364 2 2 0 1 631 1777 797
1365 2 2 0 1 633 1778 799
1366 2 2 0 1 630 1775 796
1367 2 2 0 1 1057 956 1990
1368 2 2 0 1 334 919 1468
1369 2 2 0 1 338 806 1827
1370 2 2 0 1 300 823 1140
1371 2 2 0 1 477 1463 811
1372 2 2 0 1 640 1723 1632
1373 2 2 0 1 642 1724 1630
1374 2 2 0 1 173 754 1843
1375 2 2 0 1 334 1468 930
1376 2 2 0 1 1133 1588 1257
1377 2 2 0 1 256 996 1419
1378 2 2 0 1 416 1703 1116
1379 2 2 0 1 414 1704 1115
1380 2 2 0 1 415 1705 1117
1381 2 2 0 1 563 938 1132
1382 2 2 0 1 284 1245 774
1383 2 2 0 1 283 1244 775
1384 2 2 0 1 286 1243 776
1385 2 2 0 1 772 2011 1217
1386 2 2 0 1 561 837 1545
1387 2 2 0 1 560 836 1546
1388 2 2 0 1 559 838 1547
1389 2 2 0 1 562 839 1548
1390 2 2 0 1 606 1313 1871
1391 2 2 0 1 573 1736 850
1392 2 2 0 1 328 850 1736
1393 2 2 0 1 189 1522 1006
1394 2 2 0 1 320 1654 790
1395 2 2 0 1 321 1653 791
1396 2 2 0 1 319 1655 789
1397 2 2 0 1 318 1656 788
1398 2 2 0 1 391 997 1038
1399 2 2 0 1 440 1038 997
1400 2 2 0 1 282 1220 762
1401 2 2 0 1 647 1563 1692
1402 2 2 0 1 291 1837 818
1403 2 2 0 1 651 1355 1525
1404 2 2 0 1 648 1354 1526
1405 2 2 0 1 285 754 1330
1406 2 2 0 1 404 1345 1500
1407 2 2 0 1 571 1740 853
1408 2 2 0 1 330 853 1740
1409 2 2 0 1 241 1520 1427
1410 2 2 0 1 180 835 1733
1411 2 2 0 1 59 836 1108
1412 2 2 0 1 97 837 1107
1413 2 2 0 1 135 838 1109
1414 2 2 0 1 21 839 1110
1415 2 2 0 1 229 1080 865
1416 2 2 0 1 440 997 1082
1417 2 2 0 1 172 1082 997
1418 2 2 0 1 531 1252 1404
1419 2 2 0 1 532 1255 1405
1420 2 2 0 1 533 1254 1406
1421 2 2 0 1 530 1253 1407
1422 2 2 0 1 1046 694 2066
1423 2 2 0 1 387 1285 1506
1424 2 2 0 1 514 1189 780
1425 2 2 0 1 513 1190 777
1426 2 2 0 1 511 1191 778
1427 2 2 0 1 512 1192 779
1428 2 2 0 1 1252 1995 1404
1429 2 2 0 1 1254 1996 1406
1430 2 2 0 1 1255 1997 1405
1431 2 2 0 1 1253 1998 1407
1432 2 2 0 1 430 757 1270
1433 2 2 0 1 190 1094 1226
1434 2 2 0 1 71 1360 1579
1435 2 2 0 1 109 1361 1578
1436 2 2 0 1 147 1363 1577
1437 2 2 0 1 33 1362 1580
1438 2 2 0 1 393 2027 1380
1439 2 2 0 1 672 1437 1683
1440 2 2 0 1 982 1175 1590
1441 2 2 0 1 984 1172 1591
1442 2 2 0 1 985 1173 1592
1443 2 2 0 1 983 1174 1593
1444 2 2 0 1 219 870 2092
1445 2 2 0 1 579 861 1238
1446 2 2 0 1 572 1790 887
1447 2 2 0 1 430 1140 823
1448 2 2 0 1 187 762 1295
1449 2 2 0 1 225 819 1158
1450 2 2 0 1 359 1265 1141
1451 2 2 0 1 399 1129 831
1452 2 2 0 1 797 1367 1567
1453 2 2 0 1 796 1368 1568
1454 2 2 0 1 798 1366 1565
1455 2 2 0 1 799 1365 1566
1456 2 2 0 1 326 1327 871
1457 2 2 0 1 1080 1130 397
1458 2 2 0 1 894 1829 1466
1459 2 2 0 1 439 1067 889
1460 2 2 0 1 527 1202 1358
1461 2 2 0 1 1078 1629 2093
1462 2 2 0 1 405 1424 980
1463 2 2 0 1 397 807 1744
1464 2 2 0 1 1081 1352 386
1465 2 2 0 1 311 894 1466
1466 2 2 0 1 486 1171 862
1467 2 2 0 1 359 1141 840
1468 2 2 0 1 435 1693 763
1469 2 2 0 1 392 1141 2041
1470 2 2 0 1 416 776 1243
1471 2 2 0 1 415 774 1245
1472 2 2 0 1 414 775 1244
1473 2 2 0 1 313 888 1560
1474 2 2 0 1 379 1345 914
1475 2 2 0 1 705 1259 952
1476 2 2 0 1 365 878 1313
1477 2 2 0 1 1064 1688 264
1478 2 2 0 1 704 1844 822
1479 2 2 0 1 174 1599 774
1480 2 2 0 1 175 1600 776
1481 2 2 0 1 286 813 1243
1482 2 2 0 1 284 814 1245
1483 2 2 0 1 283 815 1244
1484 2 2 0 1 300 1314 823
1485 2 2 0 1 1082 1130 467
1486 2 2 0 1 66 67 1440
1487 2 2 0 1 104 105 1441
1488 2 2 0 1 142 143 1438
1489 2 2 0 1 28 29 1439
1490 2 2 0 1 574 852 1128
1491 2 2 0 1 572 851 1125
1492 2 2 0 1 573 850 1127
1493 2 2 0 1 571 853 1126
1494 2 2 0 1 354 2078 867
1495 2 2 0 1 209 1796 1035
1496 2 2 0 1 1035 1796 660
1497 2 2 0 1 513 777 1595
1498 2 2 0 1 511 778 1596
1499 2 2 0 1 512 779 1597
1500 2 2 0 1 514 780 1598
1501 2 2 0 1 347 1595 777
1502 2 2 0 1 346 1597 779
1503 2 2 0 1 344 1596 778
1504 2 2 0 1 345 1598 780
1505 2 2 0 1 575 1489 1646
1506 2 2 0 1 272 869 1649
1507 2 2 0 1 299 1541 761
1508 2 2 0 1 67 68 1246
1509 2 2 0 1 105 106 1247
1510 2 2 0 1 143 144 1249
1511 2 2 0 1 29 30 1248
1512 2 2 0 1 217 1456 878
1513 2 2 0 1 172 1199 807
1514 2 2 0 1 200 1323 1180
1515 2 2 0 1 608 1180 1323
1516 2 2 0 1 753 1265 2064
1517 2 2 0 1 745 2073 1788
1518 2 2 0 1 726 1606 1268
1519 2 2 0 1 556 1799 1431
1520 2 2 0 1 435 763 1919
1521 2 2 0 1 547 1640 830
1522 2 2 0 1 326 830 1640
1523 2 2 0 1 1047 493 1285
1524 2 2 0 1 474 1231 1376
1525 2 2 0 1 1063 471 1326
1526 2 2 0 1 873 1708 2063
1527 2 2 0 1 369 1253 982
1528 2 2 0 1 372 1254 984
1529 2 2 0 1 371 1255 985
1530 2 2 0 1 370 1252 983
1531 2 2 0 1 601 1759 1002
1532 2 2 0 1 602 1760 1001
1533 2 2 0 1 604 1758 1004
1534 2 2 0 1 603 1757 1003
1535 2 2 0 1 22 1548 839
1536 2 2 0 1 136 1547 838
1537 2 2 0 1 98 1545 837
1538 2 2 0 1 60 1546 836
1539 2 2 0 1 390 1261 787
1540 2 2 0 1 405 1991 1645
1541 2 2 0 1 1064 2000 1688
1542 2 2 0 1 400 1723 1535
1543 2 2 0 1 700 1103 1486
1544 2 2 0 1 408 1608 1649
1545 2 2 0 1 741 1931 1444
1546 2 2 0 1 743 1930 1445
1547 2 2 0 1 744 1932 1443
1548 2 2 0 1 538 956 1057
1549 2 2 0 1 490 1070 962
1550 2 2 0 1 488 1069 961
1551 2 2 0 1 489 1071 960
1552 2 2 0 1 491 1068 959
1553 2 2 0 1 433 961 1069
1554 2 2 0 1 432 962 1070
1555 2 2 0 1 434 960 1071
1556 2 2 0 1 431 959 1068
1557 2 2 0 1 408 1980 1608
1558 2 2 0 1 472 1087 1299
1559 2 2 0 1 286 776 1834
1560 2 2 0 1 284 774 1833
1561 2 2 0 1 275 1159 1209
1562 2 2 0 1 564 1209 1159
1563 2 2 0 1 742 1933 1479
1564 2 2 0 1 360 1496 944
1565 2 2 0 1 395 1410 926
1566 2 2 0 1 413 1150 924
1567 2 2 0 1 411 1151 922
1568 2 2 0 1 412 1149 921
1569 2 2 0 1 410 1152 923
1570 2 2 0 1 348 807 1924
1571 2 2 0 1 298 1346 1390
1572 2 2 0 1 721 1390 1346
1573 2 2 0 1 524 1402 1515
1574 2 2 0 1 454 1216 808
1575 2 2 0 1 221 873 2063
1576 2 2 0 1 157 889 1373
1577 2 2 0 1 165 1639 1162
1578 2 2 0 1 1041 474 1376
1579 2 2 0 1 162 1262 823
1580 2 2 0 1 430 823 1262
1581 2 2 0 1 404 1500 773
1582 2 2 0 1 306 822 1610
1583 2 2 0 1 811 1463 1913
1584 2 2 0 1 407 1983 1562
1585 2 2 0 1 166 1788 1100
1586 2 2 0 1 730 1100 1788
1587 2 2 0 1 223 1217 2011
1588 2 2 0 1 300 845 1314
1589 2 2 0 1 331 1805 826
1590 2 2 0 1 294 1463 773
1591 2 2 0 1 272 1888 869
1592 2 2 0 1 593 869 1888
1593 2 2 0 1 246 773 1651
1594 2 2 0 1 176 1495 775
1595 2 2 0 1 645 1296 969
1596 2 2 0 1 1062 1082 467
1597 2 2 0 1 1062 440 1082
1598 2 2 0 1 817 2034 1377
1599 2 2 0 1 419 856 2035
1600 2 2 0 1 283 775 1585
1601 2 2 0 1 1050 1205 599
1602 2 2 0 1 1051 1203 598
1603 2 2 0 1 1052 1204 600
1604 2 2 0 1 1053 1206 597
1605 2 2 0 1 1051 432 1203
1606 2 2 0 1 1052 433 1204
1607 2 2 0 1 1050 434 1205
1608 2 2 0 1 1053 431 1206
1609 2 2 0 1 504 1553 1159
1610 2 2 0 1 218 872 2045
1611 2 2 0 1 339 817 2058
1612 2 2 0 1 635 804 1965
1613 2 2 0 1 337 1767 972
1614 2 2 0 1 613 972 1767
1615 2 2 0 1 184 827 1284
1616 2 2 0 1 1075 648 1872
1617 2 2 0 1 1078 651 1875
1618 2 2 0 1 1076 649 1873
1619 2 2 0 1 1077 650 1874
1620 2 2 0 1 827 1533 2066
1621 2 2 0 1 760 1894 956
1622 2 2 0 1 366 956 1894
1623 2 2 0 1 273 1170 1153
1624 2 2 0 1 543 1153 1170
1625 2 2 0 1 183 818 1251
1626 2 2 0 1 307 1499 781
1627 2 2 0 1 572 887 1856
1628 2 2 0 1 34 782 1362
1629 2 2 0 1 110 784 1361
1630 2 2 0 1 72 783 1360
1631 2 2 0 1 148 785 1363
1632 2 2 0 1 584 1626 1587
1633 2 2 0 1 464 1659 783
1634 2 2 0 1 465 1660 784
1635 2 2 0 1 463 1658 785
1636 2 2 0 1 466 1661 782
1637 2 2 0 1 418 1028 1187
1638 2 2 0 1 436 1221 874
1639 2 2 0 1 313 874 1221
1640 2 2 0 1 605 1831 1181
1641 2 2 0 1 1078 2093 403
1642 2 2 0 1 463 785 1477
1643 2 2 0 1 464 783 1474
1644 2 2 0 1 465 784 1475
1645 2 2 0 1 466 782 1476
1646 2 2 0 1 280 1525 1355
1647 2 2 0 1 277 1526 1354
1648 2 2 0 1 625 1529 1453
1649 2 2 0 1 509 1567 1367
1650 2 2 0 1 510 1568 1368
1651 2 2 0 1 507 1566 1365
1652 2 2 0 1 508 1565 1366
1653 2 2 0 1 725 869 1518
1654 2 2 0 1 303 797 1567
1655 2 2 0 1 304 798 1565
1656 2 2 0 1 305 799 1566
1657 2 2 0 1 302 796 1568
1658 2 2 0 1 765 1858 1932
1659 2 2 0 1 764 1857 1931
1660 2 2 0 1 220 887 1790
1661 2 2 0 1 313 2033 874
1662 2 2 0 1 834 1608 1980
1663 2 2 0 1 612 1428 1422
1664 2 2 0 1 611 1430 1423
1665 2 2 0 1 609 1429 1421
1666 2 2 0 1 610 1427 1420
1667 2 2 0 1 459 789 1655
1668 2 2 0 1 460 788 1656
1669 2 2 0 1 461 790 1654
1670 2 2 0 1 462 791 1653
1671 2 2 0 1 213 1932 1858
1672 2 2 0 1 214 1931 1857
1673 2 2 0 1 365 1313 942
1674 2 2 0 1 438 1956 1749
1675 2 2 0 1 506 868 1552
1676 2 2 0 1 932 1971 2008
1677 2 2 0 1 933 1972 2009
1678 2 2 0 1 935 1973 2007
1679 2 2 0 1 934 1974 2006
1680 2 2 0 1 183 1286 818
1681 2 2 0 1 429 818 1286
1682 2 2 0 1 375 1501 1975
1683 2 2 0 1 376 1502 1976
1684 2 2 0 1 374 1503 1977
1685 2 2 0 1 377 1504 1978
1686 2 2 0 1 194 1940 1677
1687 2 2 0 1 192 1939 1678
1688 2 2 0 1 193 1941 1679
1689 2 2 0 1 195 1942 1680
1690 2 2 0 1 1061 475 1300
1691 2 2 0 1 1061 1300 550
1692 2 2 0 1 657 1602 1292
1693 2 2 0 1 658 1603 1291
1694 2 2 0 1 461 1484 790
1695 2 2 0 1 460 1482 788
1696 2 2 0 1 459 1483 789
1697 2 2 0 1 462 1485 791
1698 2 2 0 1 524 1515 1170
1699 2 2 0 1 162 823 1452
1700 2 2 0 1 386 1652 819
1701 2 2 0 1 15 16 1021
1702 2 2 0 1 53 54 1018
1703 2 2 0 1 91 92 1019
1704 2 2 0 1 129 130 1020
1705 2 2 0 1 454 808 1408
1706 2 2 0 1 225 1408 808
1707 2 2 0 1 241 884 1520
1708 2 2 0 1 521 1520 884
1709 2 2 0 1 294 1913 1463
1710 2 2 0 1 654 1579 1360
1711 2 2 0 1 655 1578 1361
1712 2 2 0 1 653 1577 1363
1713 2 2 0 1 652 1580 1362
1714 2 2 0 1 1080 467 1130
1715 2 2 0 1 225 808 1911
1716 2 2 0 1 832 1562 1983
1717 2 2 0 1 442 1083 946
1718 2 2 0 1 441 1084 945
1719 2 2 0 1 444 1086 948
1720 2 2 0 1 443 1085 947
1721 2 2 0 1 326 1892 991
1722 2 2 0 1 310 1464 837
1723 2 2 0 1 309 1465 836
1724 2 2 0 1 311 1466 838
1725 2 2 0 1 312 1467 839
1726 2 2 0 1 367 1432 1039
1727 2 2 0 1 186 1749 1537
1728 2 2 0 1 261 1202 846
1729 2 2 0 1 567 1711 800
1730 2 2 0 1 570 1713 801
1731 2 2 0 1 569 1712 802
1732 2 2 0 1 348 2060 1744
1733 2 2 0 1 104 811 1513
1734 2 2 0 1 66 810 1512
1735 2 2 0 1 142 812 1511
1736 2 2 0 1 28 809 1514
1737 2 2 0 1 438 1210 1956
1738 2 2 0 1 828 1645 1991
1739 2 2 0 1 447 1181 958
1740 2 2 0 1 160 958 1181
1741 2 2 0 1 1094 1904 1226
1742 2 2 0 1 389 970 1073
1743 2 2 0 1 707 931 1687
1744 2 2 0 1 329 1720 828
1745 2 2 0 1 401 1724 1177
1746 2 2 0 1 504 1016 1267
1747 2 2 0 1 819 1727 1158
1748 2 2 0 1 528 1604 843
1749 2 2 0 1 336 843 1604
1750 2 2 0 1 584 1147 1626
1751 2 2 0 1 256 1419 1743
1752 2 2 0 1 224 1104 942
1753 2 2 0 1 203 1409 804
1754 2 2 0 1 1047 1285 180
1755 2 2 0 1 568 1709 805
1756 2 2 0 1 766 1469 1930
1757 2 2 0 1 219 1719 1782
1758 2 2 0 1 526 847 1215
1759 2 2 0 1 73 74 1474
1760 2 2 0 1 111 112 1475
1761 2 2 0 1 149 150 1477
1762 2 2 0 1 35 36 1476
1763 2 2 0 1 572 1856 851
1764 2 2 0 1 327 851 1856
1765 2 2 0 1 328 1736 832
1766 2 2 0 1 629 1847 1188
1767 2 2 0 1 233 1973 935
1768 2 2 0 1 234 1974 934
1769 2 2 0 1 231 1971 932
1770 2 2 0 1 232 1972 933
1771 2 2 0 1 718 1177 1724
1772 2 2 0 1 293 1533 808
1773 2 2 0 1 435 854 1853
1774 2 2 0 1 495 846 1297
1775 2 2 0 1 387 1009 1291
1776 2 2 0 1 388 1008 1292
1777 2 2 0 1 17 18 1053
1778 2 2 0 1 55 56 1052
1779 2 2 0 1 93 94 1051
1780 2 2 0 1 131 132 1050
1781 2 2 0 1 291 1132 938
1782 2 2 0 1 330 1740 834
1783 2 2 0 1 179 918 1414
1784 2 2 0 1 483 1414 918
1785 2 2 0 1 344 858 1861
1786 2 2 0 1 347 860 1862
1787 2 2 0 1 346 857 1860
1788 2 2 0 1 345 859 1859
1789 2 2 0 1 394 1379 822
1790 2 2 0 1 226 1683 1437
1791 2 2 0 1 772 1217 1987
1792 2 2 0 1 190 940 1123
1793 2 2 0 1 158 1147 941
1794 2 2 0 1 403 915 1334
1795 2 2 0 1 239 1312 868
1796 2 2 0 1 453 868 1312
1797 2 2 0 1 404 1156 914
1798 2 2 0 1 395 1327 821
1799 2 2 0 1 125 126 1484
1800 2 2 0 1 11 12 1485
1801 2 2 0 1 49 50 1483
1802 2 2 0 1 87 88 1482
1803 2 2 0 1 478 810 1440
1804 2 2 0 1 477 811 1441
1805 2 2 0 1 476 809 1439
1806 2 2 0 1 479 812 1438
1807 2 2 0 1 180 917 1417
1808 2 2 0 1 485 1417 917
1809 2 2 0 1 468 845 1437
1810 2 2 0 1 226 1437 845
1811 2 2 0 1 185 874 1208
1812 2 2 0 1 364 1356 870
1813 2 2 0 1 257 1060 1694
1814 2 2 0 1 519 892 2076
1815 2 2 0 1 238 921 1149
1816 2 2 0 1 237 922 1151
1817 2 2 0 1 235 923 1152
1818 2 2 0 1 236 924 1150
1819 2 2 0 1 420 955 1303
1820 2 2 0 1 174 848 1599
1821 2 2 0 1 175 847 1600
1822 2 2 0 1 527 1599 848
1823 2 2 0 1 526 1600 847
1824 2 2 0 1 419 2035 925
1825 2 2 0 1 365 1989 878
1826 2 2 0 1 362 1478 872
1827 2 2 0 1 445 1188 957
1828 2 2 0 1 159 957 1188
1829 2 2 0 1 339 1447 817
1830 2 2 0 1 925 1462 1223
1831 2 2 0 1 306 1610 954
1832 2 2 0 1 381 1145 1787
1833 2 2 0 1 383 1143 1789
1834 2 2 0 1 380 1144 1786
1835 2 2 0 1 731 1789 1143
1836 2 2 0 1 729 1787 1145
1837 2 2 0 1 728 1786 1144
1838 2 2 0 1 217 878 1992
1839 2 2 0 1 615 2008 1971
1840 2 2 0 1 614 2009 1972
1841 2 2 0 1 617 2007 1973
1842 2 2 0 1 616 2006 1974
1843 2 2 0 1 623 2032 888
1844 2 2 0 1 759 1530 1988
1845 2 2 0 1 215 1930 1469
1846 2 2 0 1 356 1624 967
1847 2 2 0 1 379 1035 1345
1848 2 2 0 1 1079 1280 482
1849 2 2 0 1 806 1964 1888
1850 2 2 0 1 218 1735 1785
1851 2 2 0 1 1042 368 1431
1852 2 2 0 1 164 1377 2034
1853 2 2 0 1 399 939 1324
1854 2 2 0 1 67 1246 1440
1855 2 2 0 1 105 1247 1441
1856 2 2 0 1 143 1249 1438
1857 2 2 0 1 29 1248 1439
1858 2 2 0 1 472 1299 1393
1859 2 2 0 1 724 954 1402
1860 2 2 0 1 161 1259 925
1861 2 2 0 1 261 846 1558
1862 2 2 0 1 495 1558 846
1863 2 2 0 1 555 927 1745
1864 2 2 0 1 354 863 1842
1865 2 2 0 1 233 1164 987
1866 2 2 0 1 231 1165 989
1867 2 2 0 1 232 1166 988
1868 2 2 0 1 234 1167 986
1869 2 2 0 1 443 989 1165
1870 2 2 0 1 444 988 1166
1871 2 2 0 1 442 986 1167
1872 2 2 0 1 441 987 1164
1873 2 2 0 1 645 1798 1296
1874 2 2 0 1 326 1640 821
1875 2 2 0 1 221 1739 1783
1876 2 2 0 1 767 1730 1288
1877 2 2 0 1 769 1729 1290
1878 2 2 0 1 770 1728 1287
1879 2 2 0 1 768 1731 1289
1880 2 2 0 1 592 1726 1380
1881 2 2 0 1 1060 452 1113
1882 2 2 0 1 1060 1113 458
1883 2 2 0 1 402 1982 1168
1884 2 2 0 1 584 941 1147
1885 2 2 0 1 589 1544 1210
1886 2 2 0 1 451 1822 859
1887 2 2 0 1 449 1819 858
1888 2 2 0 1 448 1820 857
1889 2 2 0 1 450 1821 860
1890 2 2 0 1 474 1702 971
1891 2 2 0 1 174 1765 848
1892 2 2 0 1 175 1766 847
1893 2 2 0 1 841 1168 1982
1894 2 2 0 1 546 1668 830
1895 2 2 0 1 1048 589 1210
1896 2 2 0 1 1046 455 1309
1897 2 2 0 1 403 2093 915
1898 2 2 0 1 641 915 2093
1899 2 2 0 1 455 1359 1621
1900 2 2 0 1 435 1213 879
1901 2 2 0 1 489 1466 1829
1902 2 2 0 1 327 1853 854
1903 2 2 0 1 301 1551 824
1904 2 2 0 1 492 885 1207
1905 2 2 0 1 314 1288 1730
1906 2 2 0 1 317 1287 1728
1907 2 2 0 1 316 1290 1729
1908 2 2 0 1 315 1289 1731
1909 2 2 0 1 276 939 1851
1910 2 2 0 1 594 1851 939
1911 2 2 0 1 555 1765 927
1912 2 2 0 1 491 1467 1674
1913 2 2 0 1 719 1535 1723
1914 2 2 0 1 308 1628 1454
1915 2 2 0 1 539 1756 1102
1916 2 2 0 1 399 1714 2075
1917 2 2 0 1 249 1666 825
1918 2 2 0 1 184 936 1171
1919 2 2 0 1 354 1842 825
1920 2 2 0 1 425 875 1295
1921 2 2 0 1 736 1519 1845
1922 2 2 0 1 178 1411 829
1923 2 2 0 1 468 1314 845
1924 2 2 0 1 694 2042 1219
1925 2 2 0 1 547 830 1589
1926 2 2 0 1 596 1527 1250
1927 2 2 0 1 359 840 1626
1928 2 2 0 1 260 1215 953
1929 2 2 0 1 240 1849 1415
1930 2 2 0 1 184 1453 1529
1931 2 2 0 1 366 1266 1990
1932 2 2 0 1 326 871 1892
1933 2 2 0 1 263 1893 871
1934 2 2 0 1 308 1454 1329
1935 2 2 0 1 711 1329 1454
1936 2 2 0 1 329 829 1676
1937 2 2 0 1 293 2066 1533
1938 2 2 0 1 482 1037 1079
1939 2 2 0 1 327 1856 887
1940 2 2 0 1 179 971 1131
1941 2 2 0 1 257 1694 1213
1942 2 2 0 1 206 976 1504
1943 2 2 0 1 208 974 1501
1944 2 2 0 1 207 975 1502
1945 2 2 0 1 205 977 1503
1946 2 2 0 1 256 1138 996
1947 2 2 0 1 179 1414 833
1948 2 2 0 1 313 1221 888
1949 2 2 0 1 1040 608 1323
1950 2 2 0 1 579 1737 861
1951 2 2 0 1 188 1410 1556
1952 2 2 0 1 821 1556 1410
1953 2 2 0 1 384 990 1412
1954 2 2 0 1 180 1417 835
1955 2 2 0 1 328 833 1662
1956 2 2 0 1 1049 352 1162
1957 2 2 0 1 439 1212 949
1958 2 2 0 1 357 949 1212
1959 2 2 0 1 74 1339 1474
1960 2 2 0 1 112 1338 1475
1961 2 2 0 1 150 1336 1477
1962 2 2 0 1 36 1337 1476
1963 2 2 0 1 161 952 1259
1964 2 2 0 1 430 1270 1140
1965 2 2 0 1 722 1209 1671
1966 2 2 0 1 564 1671 1209
1967 2 2 0 1 330 835 1657
1968 2 2 0 1 243 965 1429
1969 2 2 0 1 242 964 1430
1970 2 2 0 1 516 1430 964
1971 2 2 0 1 517 1429 965
1972 2 2 0 1 586 1263 1262
1973 2 2 0 1 430 1262 1263
1974 2 2 0 1 204 842 1563
1975 2 2 0 1 333 844 1633
1976 2 2 0 1 528 843 1613
1977 2 2 0 1 238 860 1821
1978 2 2 0 1 236 859 1822
1979 2 2 0 1 237 858 1819
1980 2 2 0 1 235 857 1820
1981 2 2 0 1 206 1504 994
1982 2 2 0 1 205 1503 995
1983 2 2 0 1 208 1501 992
1984 2 2 0 1 207 1502 993
1985 2 2 0 1 215 2080 897
1986 2 2 0 1 251 1049 1681
1987 2 2 0 1 202 1139 1964
1988 2 2 0 1 87 1482 1340
1989 2 2 0 1 49 1483 1341
1990 2 2 0 1 11 1485 1342
1991 2 2 0 1 125 1484 1343
1992 2 2 0 1 872 1478 2044
1993 2 2 0 1 196 1902 851
1994 2 2 0 1 197 1901 852
1995 2 2 0 1 199 1903 853
1996 2 2 0 1 198 1900 850
1997 2 2 0 1 274 877 1425
1998 2 2 0 1 469 1425 877
1999 2 2 0 1 267 1012 1275
2000 2 2 0 1 268 1011 1276
2001 2 2 0 1 265 1013 1277
2002 2 2 0 1 266 1014 1278
2003 2 2 0 1 184 1284 936
2004 2 2 0 1 928 1803 1766
2005 2 2 0 1 365 1643 849
2006 2 2 0 1 1065 1156 404
2007 2 2 0 1 1065 484 1156
2008 2 2 0 1 396 863 1696
2009 2 2 0 1 582 1461 1014
2010 2 2 0 1 581 1460 1013
2011 2 2 0 1 583 1459 1012
2012 2 2 0 1 580 1458 1011
2013 2 2 0 1 186 1537 1301
2014 2 2 0 1 713 1301 1537
2015 2 2 0 1 1035 660 1345
2016 2 2 0 1 426 1916 936
2017 2 2 0 1 187 1295 875
2018 2 2 0 1 544 1178 1322
2019 2 2 0 1 300 1480 845
2020 2 2 0 1 525 1352 1081
2021 2 2 0 1 196 851 1404
2022 2 2 0 1 199 853 1407
2023 2 2 0 1 197 852 1406
2024 2 2 0 1 198 850 1405
2025 2 2 0 1 422 1321 1018
2026 2 2 0 1 423 1320 1020
2027 2 2 0 1 421 1319 1019
2028 2 2 0 1 424 1318 1021
2029 2 2 0 1 408 1649 869
2030 2 2 0 1 290 881 1884
2031 2 2 0 1 289 880 1883
2032 2 2 0 1 287 883 1881
2033 2 2 0 1 288 882 1882
2034 2 2 0 1 574 1883 880
2035 2 2 0 1 571 1884 881
2036 2 2 0 1 573 1882 882
2037 2 2 0 1 367 848 1432
2038 2 2 0 1 161 925 1223
2039 2 2 0 1 327 887 1853
2040 2 2 0 1 646 1564 1827
2041 2 2 0 1 417 1122 1843
2042 2 2 0 1 973 1769 1112
2043 2 2 0 1 81 1776 1636
2044 2 2 0 1 119 1777 1635
2045 2 2 0 1 43 1778 1637
2046 2 2 0 1 5 1775 1634
2047 2 2 0 1 80 1636 1773
2048 2 2 0 1 118 1635 1772
2049 2 2 0 1 42 1637 1774
2050 2 2 0 1 156 1634 1771
2051 2 2 0 1 212 867 1707
2052 2 2 0 1 177 1455 854
2053 2 2 0 1 598 1277 1019
2054 2 2 0 1 599 1276 1020
2055 2 2 0 1 600 1275 1018
2056 2 2 0 1 597 1278 1021
2057 2 2 0 1 421 1019 1277
2058 2 2 0 1 424 1021 1278
2059 2 2 0 1 423 1020 1276
2060 2 2 0 1 422 1018 1275
2061 2 2 0 1 565 1200 1542
2062 2 2 0 1 385 1891 886
2063 2 2 0 1 556 1766 1803
2064 2 2 0 1 699 1769 1850
2065 2 2 0 1 417 1843 1142
2066 2 2 0 1 327 854 1620
2067 2 2 0 1 363 925 2035
2068 2 2 0 1 435 887 1693
2069 2 2 0 1 406 1313 878
2070 2 2 0 1 582 1826 1492
2071 2 2 0 1 621 855 1934
2072 2 2 0 1 261 1200 1358
2073 2 2 0 1 475 1015 1138
2074 2 2 0 1 332 1845 1519
2075 2 2 0 1 480 2044 1478
2076 2 2 0 1 276 1324 939
2077 2 2 0 1 453 1378 868
2078 2 2 0 1 190 1844 1094
2079 2 2 0 1 704 1094 1844
2080 2 2 0 1 255 862 1517
2081 2 2 0 1 532 1405 1136
2082 2 2 0 1 533 1406 1137
2083 2 2 0 1 531 1404 1135
2084 2 2 0 1 530 1407 1134
2085 2 2 0 1 419 925 1259
2086 2 2 0 1 723 1415 1849
2087 2 2 0 1 157 1193 955
2088 2 2 0 1 239 868 1606
2089 2 2 0 1 506 1606 868
2090 2 2 0 1 188 1556 967
2091 2 2 0 1 547 967 1556
2092 2 2 0 1 23 24 1091
2093 2 2 0 1 99 100 1089
2094 2 2 0 1 61 62 1088
2095 2 2 0 1 137 138 1090
2096 2 2 0 1 19 1470 959
2097 2 2 0 1 133 1471 960
2098 2 2 0 1 95 1472 962
2099 2 2 0 1 57 1473 961
2100 2 2 0 1 331 885 1847
2101 2 2 0 1 584 1845 941
2102 2 2 0 1 332 941 1845
2103 2 2 0 1 706 1106 1177
2104 2 2 0 1 384 866 1586
2105 2 2 0 1 397 1496 865
2106 2 2 0 1 661 2005 916
2107 2 2 0 1 157 886 1528
2108 2 2 0 1 170 990 1169
2109 2 2 0 1 695 1649 1608
2110 2 2 0 1 250 2032 1161
2111 2 2 0 1 19 959 1750
2112 2 2 0 1 95 962 1751
2113 2 2 0 1 57 961 1752
2114 2 2 0 1 133 960 1753
2115 2 2 0 1 180 1285 917
2116 2 2 0 1 356 1745 927
2117 2 2 0 1 262 1298 1102
2118 2 2 0 1 541 1102 1298
2119 2 2 0 1 593 1888 1964
2120 2 2 0 1 1054 1536 528
2121 2 2 0 1 467 1673 877
2122 2 2 0 1 157 1528 889
2123 2 2 0 1 435 1853 887
2124 2 2 0 1 27 1514 1629
2125 2 2 0 1 65 1512 1630
2126 2 2 0 1 103 1513 1631
2127 2 2 0 1 141 1511 1632
2128 2 2 0 1 490 1464 951
2129 2 2 0 1 488 1465 950
2130 2 2 0 1 310 951 1464
2131 2 2 0 1 309 950 1465
2132 2 2 0 1 1161 2032 1927
2133 2 2 0 1 570 1785 882
2134 2 2 0 1 569 1782 880
2135 2 2 0 1 568 1783 881
2136 2 2 0 1 567 1784 883
2137 2 2 0 1 244 894 1613
2138 2 2 0 1 528 1613 894
2139 2 2 0 1 1356 2091 870
2140 2 2 0 1 516 1423 1430
2141 2 2 0 1 519 1422 1428
2142 2 2 0 1 517 1421 1429
2143 2 2 0 1 518 1420 1427
2144 2 2 0 1 1057 2049 1532
2145 2 2 0 1 256 1743 1211
2146 2 2 0 1 332 1549 941
2147 2 2 0 1 426 936 1284
2148 2 2 0 1 336 876 1726
2149 2 2 0 1 659 890 1885
2150 2 2 0 1 967 1624 1804
2151 2 2 0 1 431 1750 959
2152 2 2 0 1 432 1751 962
2153 2 2 0 1 433 1752 961
2154 2 2 0 1 434 1753 960
2155 2 2 0 1 342 934 2006
2156 2 2 0 1 343 935 2007
2157 2 2 0 1 340 932 2008
2158 2 2 0 1 341 933 2009
2159 2 2 0 1 162 979 1682
2160 2 2 0 1 300 1140 2052
2161 2 2 0 1 334 1389 919
2162 2 2 0 1 543 1686 893
2163 2 2 0 1 357 893 1686
2164 2 2 0 1 399 2075 939
2165 2 2 0 1 593 1518 869
2166 2 2 0 1 47 899 2083
2167 2 2 0 1 85 900 2084
2168 2 2 0 1 123 898 2085
2169 2 2 0 1 9 901 2086
2170 2 2 0 1 38 2088 904
2171 2 2 0 1 114 2089 903
2172 2 2 0 1 76 2090 902
2173 2 2 0 1 152 2087 905
2174 2 2 0 1 175 928 1766
2175 2 2 0 1 174 927 1765
2176 2 2 0 1 63 64 1076
2177 2 2 0 1 101 102 1077
2178 2 2 0 1 139 140 1075
2179 2 2 0 1 25 26 1078
2180 2 2 0 1 1057 1532 538
2181 2 2 0 1 493 891 1877
2182 2 2 0 1 9 1385 901
2183 2 2 0 1 85 1387 900
2184 2 2 0 1 47 1386 899
2185 2 2 0 1 123 1388 898
2186 2 2 0 1 38 904 1383
2187 2 2 0 1 114 903 1382
2188 2 2 0 1 76 902 1381
2189 2 2 0 1 152 905 1384
2190 2 2 0 1 364 870 1638
2191 2 2 0 1 554 1311 1158
2192 2 2 0 1 596 1250 1332
2193 2 2 0 1 456 1332 1250
2194 2 2 0 1 161 1223 1899
2195 2 2 0 1 535 1214 1791
2196 2 2 0 1 257 1186 1561
2197 2 2 0 1 202 2077 916
2198 2 2 0 1 20 21 1110
2199 2 2 0 1 134 135 1109
2200 2 2 0 1 96 97 1107
2201 2 2 0 1 58 59 1108
2202 2 2 0 1 336 1604 875
2203 2 2 0 1 548 1491 1218
2204 2 2 0 1 222 1490 893
2205 2 2 0 1 447 1722 897
2206 2 2 0 1 1223 1800 1899
2207 2 2 0 1 542 2069 1148
2208 2 2 0 1 230 999 1374
2209 2 2 0 1 362 872 1642
2210 2 2 0 1 406 878 1456
2211 2 2 0 1 772 2052 1140
2212 2 2 0 1 361 873 1644
2213 2 2 0 1 334 937 1389
2214 2 2 0 1 458 879 1694
2215 2 2 0 1 426 2003 1916
2216 2 2 0 1 239 929 1312
2217 2 2 0 1 607 1880 1377
2218 2 2 0 1 457 1228 1193
2219 2 2 0 1 1041 1715 409
2220 2 2 0 1 316 1097 2015
2221 2 2 0 1 315 1095 2014
2222 2 2 0 1 314 1096 2013
2223 2 2 0 1 743 2015 1097
2224 2 2 0 1 744 2014 1095
2225 2 2 0 1 741 2013 1096
2226 2 2 0 1 509 2085 898
2227 2 2 0 1 507 2083 899
2228 2 2 0 1 508 2084 900
2229 2 2 0 1 510 2086 901
2230 2 2 0 1 514 905 2087
2231 2 2 0 1 512 904 2088
2232 2 2 0 1 513 903 2089
2233 2 2 0 1 511 902 2090
2234 2 2 0 1 564 1224 1671
2235 2 2 0 1 281 1378 890
2236 2 2 0 1 471 1353 1326
2237 2 2 0 1 634 1326 1353
2238 2 2 0 1 187 875 1536
2239 2 2 0 1 446 1462 895
2240 2 2 0 1 404 914 1345
2241 2 2 0 1 462 907 1436
2242 2 2 0 1 461 906 1435
2243 2 2 0 1 460 909 1434
2244 2 2 0 1 459 908 1433
2245 2 2 0 1 231 1434 909
2246 2 2 0 1 232 1433 908
2247 2 2 0 1 233 1436 907
2248 2 2 0 1 234 1435 906
2249 2 2 0 1 971 1702 1131
2250 2 2 0 1 275 1269 1555
2251 2 2 0 1 461 1654 906
2252 2 2 0 1 462 1653 907
2253 2 2 0 1 459 1655 908
2254 2 2 0 1 460 1656 909
2255 2 2 0 1 917 1603 1154
2256 2 2 0 1 918 1602 1155
2257 2 2 0 1 1148 2069 1309
2258 2 2 0 1 547 1589 968
2259 2 2 0 1 254 968 1589
2260 2 2 0 1 456 2091 1356
2261 2 2 0 1 1054 1985 1536
2262 2 2 0 1 241 1674 884
2263 2 2 0 1 979 1768 1682
2264 2 2 0 1 238 1821 921
2265 2 2 0 1 237 1819 922
2266 2 2 0 1 235 1820 923
2267 2 2 0 1 236 1822 924
2268 2 2 0 1 389 1228 970
2269 2 2 0 1 1073 1887 644
2270 2 2 0 1 427 998 1664
2271 2 2 0 1 357 1646 893
2272 2 2 0 1 1061 550 1469
2273 2 2 0 1 590 890 1779
2274 2 2 0 1 220 1693 887
2275 2 2 0 1 1069 1618 433
2276 2 2 0 1 1070 1619 432
2277 2 2 0 1 1071 1617 434
2278 2 2 0 1 1068 1616 431
2279 2 2 0 1 1224 2081 1671
2280 2 2 0 1 389 1303 955
2281 2 2 0 1 1049 1162 540
2282 2 2 0 1 952 1665 1672
2283 2 2 0 1 770 1572 1584
2284 2 2 0 1 769 1569 1583
2285 2 2 0 1 767 1571 1582
2286 2 2 0 1 768 1570 1581
2287 2 2 0 1 795 1866 1369
2288 2 2 0 1 794 1867 1370
2289 2 2 0 1 792 1868 1371
2290 2 2 0 1 793 1869 1372
2291 2 2 0 1 620 926 2026
2292 2 2 0 1 379 914 1848
2293 2 2 0 1 456 1356 1332
2294 2 2 0 1 211 1093 1836
2295 2 2 0 1 485 1279 1134
2296 2 2 0 1 482 1280 1135
2297 2 2 0 1 483 1281 1136
2298 2 2 0 1 484 1282 1137
2299 2 2 0 1 531 1135 1280
2300 2 2 0 1 532 1136 1281
2301 2 2 0 1 533 1137 1282
2302 2 2 0 1 530 1134 1279
2303 2 2 0 1 536 1623 950
2304 2 2 0 1 537 1622 951
2305 2 2 0 1 439 949 1993
2306 2 2 0 1 514 1598 905
2307 2 2 0 1 513 1595 903
2308 2 2 0 1 511 1596 902
2309 2 2 0 1 512 1597 904
2310 2 2 0 1 695 2063 1708
2311 2 2 0 1 429 1987 1217
2312 2 2 0 1 593 1139 1518
2313 2 2 0 1 353 1518 1139
2314 2 2 0 1 261 1074 1200
2315 2 2 0 1 161 1665 952
2316 2 2 0 1 439 889 1528
2317 2 2 0 1 587 1347 1105
2318 2 2 0 1 298 1105 1347
2319 2 2 0 1 586 991 1892
2320 2 2 0 1 437 919 1389
2321 2 2 0 1 565 1358 1200
2322 2 2 0 1 815 1940 1704
2323 2 2 0 1 814 1941 1705
2324 2 2 0 1 813 1939 1703
2325 2 2 0 1 523 1416 1179
2326 2 2 0 1 635 1209 1747
2327 2 2 0 1 1065 1282 484
2328 2 2 0 1 246 1282 1065
2329 2 2 0 1 352 916 1929
2330 2 2 0 1 487 1331 1391
2331 2 2 0 1 1178 1878 1322
2332 2 2 0 1 178 1022 1770
2333 2 2 0 1 234 906 1923
2334 2 2 0 1 233 907 1920
2335 2 2 0 1 231 909 1921
2336 2 2 0 1 232 908 1922
2337 2 2 0 1 1046 1309 2042
2338 2 2 0 1 413 1099 1196
2339 2 2 0 1 412 1100 1197
2340 2 2 0 1 411 1101 1198
2341 2 2 0 1 410 1098 1195
2342 2 2 0 1 186 1133 1749
2343 2 2 0 1 606 2016 942
2344 2 2 0 1 224 942 2016
2345 2 2 0 1 531 983 1252
2346 2 2 0 1 532 985 1255
2347 2 2 0 1 533 984 1254
2348 2 2 0 1 530 982 1253
2349 2 2 0 1 646 1310 1564
2350 2 2 0 1 237 1897 910
2351 2 2 0 1 238 1895 911
2352 2 2 0 1 235 1896 912
2353 2 2 0 1 236 1898 913
2354 2 2 0 1 235 912 1943
2355 2 2 0 1 237 910 1944
2356 2 2 0 1 238 911 1945
2357 2 2 0 1 236 913 1946
2358 2 2 0 1 81 82 1776
2359 2 2 0 1 119 120 1777
2360 2 2 0 1 43 44 1778
2361 2 2 0 1 5 6 1775
2362 2 2 0 1 41 42 1774
2363 2 2 0 1 79 80 1773
2364 2 2 0 1 117 118 1772
2365 2 2 0 1 155 156 1771
2366 2 2 0 1 251 1877 891
2367 2 2 0 1 678 1331 1505
2368 2 2 0 1 447 897 1669
2369 2 2 0 1 343 977 1272
2370 2 2 0 1 342 976 1271
2371 2 2 0 1 341 974 1273
2372 2 2 0 1 340 975 1274
2373 2 2 0 1 1031 1860 857
2374 2 2 0 1 1032 1861 858
2375 2 2 0 1 1033 1862 860
2376 2 2 0 1 1030 1859 859
2377 2 2 0 1 420 1303 1157
2378 2 2 0 1 176 2076 892
2379 2 2 0 1 471 1880 1353
2380 2 2 0 1 244 1829 894
2381 2 2 0 1 270 1210 1544
2382 2 2 0 1 178 1156 1411
2383 2 2 0 1 189 1521 1522
2384 2 2 0 1 786 1522 1521
2385 2 2 0 1 449 922 1819
2386 2 2 0 1 448 923 1820
2387 2 2 0 1 450 921 1821
2388 2 2 0 1 451 924 1822
2389 2 2 0 1 357 1540 949
2390 2 2 0 1 213 1542 895
2391 2 2 0 1 214 1543 896
2392 2 2 0 1 343 901 1910
2393 2 2 0 1 342 898 1909
2394 2 2 0 1 341 899 1907
2395 2 2 0 1 340 900 1908
2396 2 2 0 1 1044 1299 473
2397 2 2 0 1 1044 271 1299
2398 2 2 0 1 1359 613 1621
2399 2 2 0 1 503 1584 1572
2400 2 2 0 1 502 1583 1569
2401 2 2 0 1 501 1581 1570
2402 2 2 0 1 500 1582 1571
2403 2 2 0 1 54 1841 1018
2404 2 2 0 1 130 1840 1020
2405 2 2 0 1 92 1839 1019
2406 2 2 0 1 16 1838 1021
2407 2 2 0 1 598 1019 1839
2408 2 2 0 1 599 1020 1840
2409 2 2 0 1 600 1018 1841
2410 2 2 0 1 597 1021 1838
2411 2 2 0 1 260 1607 1160
2412 2 2 0 1 157 1373 1193
2413 2 2 0 1 292 1850 931
2414 2 2 0 1 566 1357 1160
2415 2 2 0 1 260 1160 1357
2416 2 2 0 1 548 1684 1491
2417 2 2 0 1 487 1505 1331
2418 2 2 0 1 239 1961 929
2419 2 2 0 1 261 1358 1202
2420 2 2 0 1 343 2007 977
2421 2 2 0 1 342 2006 976
2422 2 2 0 1 340 2008 975
2423 2 2 0 1 341 2009 974
2424 2 2 0 1 617 977 2007
2425 2 2 0 1 616 976 2006
2426 2 2 0 1 615 975 2008
2427 2 2 0 1 614 974 2009
2428 2 2 0 1 625 1555 1269
2429 2 2 0 1 445 1734 1986
2430 2 2 0 1 457 1258 1228
2431 2 2 0 1 407 1562 2000
2432 2 2 0 1 380 1709 1144
2433 2 2 0 1 580 1704 1940
2434 2 2 0 1 583 1705 1941
2435 2 2 0 1 581 1703 1939
2436 2 2 0 1 321 907 1653
2437 2 2 0 1 318 909 1656
2438 2 2 0 1 319 908 1655
2439 2 2 0 1 320 906 1654
2440 2 2 0 1 1044 541 1194
2441 2 2 0 1 1044 1194 271
2442 2 2 0 1 232 933 1433
2443 2 2 0 1 231 932 1434
2444 2 2 0 1 234 934 1435
2445 2 2 0 1 233 935 1436
2446 2 2 0 1 1034 1519 736
2447 2 2 0 1 1064 264 1231
2448 2 2 0 1 1064 1231 474
2449 2 2 0 1 355 1803 928
2450 2 2 0 1 670 1539 1161
2451 2 2 0 1 549 930 1468
2452 2 2 0 1 138 1872 1090
2453 2 2 0 1 24 1875 1091
2454 2 2 0 1 100 1874 1089
2455 2 2 0 1 62 1873 1088
2456 2 2 0 1 381 1713 1145
2457 2 2 0 1 383 1711 1143
2458 2 2 0 1 382 1712 1146
2459 2 2 0 1 712 2017 915
2460 2 2 0 1 481 1832 920
2461 2 2 0 1 249 1063 1326
2462 2 2 0 1 445 957 1734
2463 2 2 0 1 904 1597 1936
2464 2 2 0 1 902 1596 1937
2465 2 2 0 1 903 1595 1938
2466 2 2 0 1 905 1598 1935
2467 2 2 0 1 222 1489 1670
2468 2 2 0 1 864 1670 1489
2469 2 2 0 1 334 930 1831
2470 2 2 0 1 726 1268 1718
2471 2 2 0 1 373 1718 1268
2472 2 2 0 1 387 1603 917
2473 2 2 0 1 548 972 1685
2474 2 2 0 1 540 920 1681
2475 2 2 0 1 1072 402 1168
2476 2 2 0 1 386 1269 1965
2477 2 2 0 1 1073 203 1887
2478 2 2 0 1 1045 428 1418
2479 2 2 0 1 1050 1753 434
2480 2 2 0 1 1051 1751 432
2481 2 2 0 1 1052 1752 433
2482 2 2 0 1 1053 1750 431
2483 2 2 0 1 346 1936 1597
2484 2 2 0 1 344 1937 1596
2485 2 2 0 1 347 1938 1595
2486 2 2 0 1 345 1935 1598
2487 2 2 0 1 401 1177 1106
2488 2 2 0 1 552 1199 1541
2489 2 2 0 1 399 1324 1129
2490 2 2 0 1 447 958 1722
2491 2 2 0 1 1048 1707 589
2492 2 2 0 1 1048 212 1707
2493 2 2 0 1 254 1039 1746
2494 2 2 0 1 522 954 1610
2495 2 2 0 1 449 993 1305
2496 2 2 0 1 448 992 1306
2497 2 2 0 1 451 995 1308
2498 2 2 0 1 450 994 1307
2499 2 2 0 1 1189 752 1697
2500 2 2 0 1 1192 750 1698
2501 2 2 0 1 1191 751 1699
2502 2 2 0 1 1190 749 1700
2503 2 2 0 1 466 1943 1661
2504 2 2 0 1 464 1944 1659
2505 2 2 0 1 465 1945 1660
2506 2 2 0 1 463 1946 1658
2507 2 2 0 1 594 939 1446
2508 2 2 0 1 612 1422 1115
2509 2 2 0 1 611 1423 1117
2510 2 2 0 1 609 1421 1116
2511 2 2 0 1 610 1420 1118
2512 2 2 0 1 332 929 1549
2513 2 2 0 1 546 1416 1222
2514 2 2 0 1 260 1399 1607
2515 2 2 0 1 424 1278 1014
2516 2 2 0 1 422 1275 1012
2517 2 2 0 1 423 1276 1011
2518 2 2 0 1 421 1277 1013
2519 2 2 0 1 1048 1210 438
2520 2 2 0 1 668 1948 933
2521 2 2 0 1 667 1949 932
2522 2 2 0 1 666 1950 935
2523 2 2 0 1 669 1947 934
2524 2 2 0 1 645 1169 1802
2525 2 2 0 1 716 1480 2052
2526 2 2 0 1 444 1289 1086
2527 2 2 0 1 443 1288 1085
2528 2 2 0 1 1083 442 1290
2529 2 2 0 1 441 1287 1084
2530 2 2 0 1 1140 1270 2011
2531 2 2 0 1 470 1010 1403
2532 2 2 0 1 896 1986 1734
2533 2 2 0 1 529 1491 1163
2534 2 2 0 1 364 958 1356
2535 2 2 0 1 556 1007 1799
2536 2 2 0 1 229 1993 1392
2537 2 2 0 1 949 1392 1993
2538 2 2 0 1 374 1308 995
2539 2 2 0 1 377 1307 994
2540 2 2 0 1 375 1306 992
2541 2 2 0 1 376 1305 993
2542 2 2 0 1 563 1879 938
2543 2 2 0 1 911 1575 1660
2544 2 2 0 1 910 1574 1659
2545 2 2 0 1 913 1576 1658
2546 2 2 0 1 912 1573 1661
2547 2 2 0 1 323 1659 1574
2548 2 2 0 1 324 1660 1575
2549 2 2 0 1 325 1658 1576
2550 2 2 0 1 322 1661 1573
2551 2 2 0 1 556 1803 1007
2552 2 2 0 1 566 1160 1986
2553 2 2 0 1 912 1661 1943
2554 2 2 0 1 910 1659 1944
2555 2 2 0 1 911 1660 1945
2556 2 2 0 1 913 1658 1946
2557 2 2 0 1 1063 2058 817
2558 2 2 0 1 250 956 1675
2559 2 2 0 1 182 1402 954
2560 2 2 0 1 267 1824 1012
2561 2 2 0 1 268 1823 1011
2562 2 2 0 1 265 1825 1013
2563 2 2 0 1 266 1826 1014
2564 2 2 0 1 581 1013 1825
2565 2 2 0 1 580 1011 1823
2566 2 2 0 1 583 1012 1824
2567 2 2 0 1 582 1014 1826
2568 2 2 0 1 521 1633 1520
2569 2 2 0 1 844 1520 1633
2570 2 2 0 1 515 1748 1627
2571 2 2 0 1 950 1623 2046
2572 2 2 0 1 951 1622 2047
2573 2 2 0 1 182 954 1999
2574 2 2 0 1 492 1207 1415
2575 2 2 0 1 5 1634 1
2576 2 2 0 1 4 119 1635
2577 2 2 0 1 3 81 1636
2578 2 2 0 1 2 43 1637
2579 2 2 0 1 1 1634 156
2580 2 2 0 1 4 1635 118
2581 2 2 0 1 3 1636 80
2582 2 2 0 1 2 1637 42
2583 2 2 0 1 204 1870 944
2584 2 2 0 1 276 1296 1798
2585 2 2 0 1 14 15 1318
2586 2 2 0 1 90 91 1319
2587 2 2 0 1 128 129 1320
2588 2 2 0 1 52 53 1321
2589 2 2 0 1 388 1602 1647
2590 2 2 0 1 918 1647 1602
2591 2 2 0 1 1016 1925 1267
2592 2 2 0 1 252 963 1380
2593 2 2 0 1 648 1090 1872
2594 2 2 0 1 649 1088 1873
2595 2 2 0 1 650 1089 1874
2596 2 2 0 1 651 1091 1875
2597 2 2 0 1 390 1114 1261
2598 2 2 0 1 627 1261 1114
2599 2 2 0 1 18 19 1750
2600 2 2 0 1 94 95 1751
2601 2 2 0 1 56 57 1752
2602 2 2 0 1 132 133 1753
2603 2 2 0 1 606 1871 990
2604 2 2 0 1 351 979 1413
2605 2 2 0 1 468 1413 979
2606 2 2 0 1 358 966 1486
2607 2 2 0 1 425 1926 978
2608 2 2 0 1 588 978 1926
2609 2 2 0 1 454 966 1494
2610 2 2 0 1 549 1468 1517
2611 2 2 0 1 505 1178 1302
2612 2 2 0 1 544 1302 1178
2613 2 2 0 1 19 20 1470
2614 2 2 0 1 133 134 1471
2615 2 2 0 1 95 96 1472
2616 2 2 0 1 57 58 1473
2617 2 2 0 1 538 1675 956
2618 2 2 0 1 527 1358 1184
2619 2 2 0 1 526 1357 1185
2620 2 2 0 1 565 1184 1358
2621 2 2 0 1 566 1185 1357
2622 2 2 0 1 253 1754 943
2623 2 2 0 1 337 943 1755
2624 2 2 0 1 378 1403 1010
2625 2 2 0 1 972 2038 1685
2626 2 2 0 1 629 1188 1607
2627 2 2 0 1 445 1607 1188
2628 2 2 0 1 377 946 1763
2629 2 2 0 1 374 945 1764
2630 2 2 0 1 375 948 1762
2631 2 2 0 1 376 947 1761
2632 2 2 0 1 771 1216 1494
2633 2 2 0 1 187 1985 1028
2634 2 2 0 1 1028 1985 622
2635 2 2 0 1 365 942 1906
2636 2 2 0 1 274 1701 1062
2637 2 2 0 1 259 1741 1250
2638 2 2 0 1 200 1297 1036
2639 2 2 0 1 309 1689 950
2640 2 2 0 1 310 1690 951
2641 2 2 0 1 536 950 1689
2642 2 2 0 1 537 951 1690
2643 2 2 0 1 1074 446 1200
2644 2 2 0 1 278 1072 1994
2645 2 2 0 1 1072 681 1994
2646 2 2 0 1 534 1641 1111
2647 2 2 0 1 624 1537 1749
2648 2 2 0 1 362 957 1478
2649 2 2 0 1 398 1769 973
2650 2 2 0 1 294 1500 2048
2651 2 2 0 1 488 950 2046
2652 2 2 0 1 490 951 2047
2653 2 2 0 1 504 1229 1225
2654 2 2 0 1 1028 1601 1187
2655 2 2 0 1 183 1010 1394
2656 2 2 0 1 470 1394 1010
2657 2 2 0 1 534 1672 1665
2658 2 2 0 1 417 1142 1492
2659 2 2 0 1 368 953 1865
2660 2 2 0 1 806 1335 1964
2661 2 2 0 1 15 1021 1318
2662 2 2 0 1 91 1019 1319
2663 2 2 0 1 53 1018 1321
2664 2 2 0 1 129 1020 1320
2665 2 2 0 1 249 1113 2051
2666 2 2 0 1 491 959 1470
2667 2 2 0 1 490 962 1472
2668 2 2 0 1 488 961 1473
2669 2 2 0 1 489 960 1471
2670 2 2 0 1 643 1982 1631
2671 2 2 0 1 257 1497 1060
2672 2 2 0 1 427 1374 999
2673 2 2 0 1 170 969 1442
2674 2 2 0 1 550 1300 1211
2675 2 2 0 1 256 1211 1300
2676 2 2 0 1 613 2038 972
2677 2 2 0 1 672 1264 1413
2678 2 2 0 1 228 1219 2042
2679 2 2 0 1 566 1986 1543
2680 2 2 0 1 393 1015 2027
2681 2 2 0 1 863 1092 1842
2682 2 2 0 1 406 1802 1169
2683 2 2 0 1 131 1050 1840
2684 2 2 0 1 93 1051 1839
2685 2 2 0 1 55 1052 1841
2686 2 2 0 1 17 1053 1838
2687 2 2 0 1 1050 599 1840
2688 2 2 0 1 1051 598 1839
2689 2 2 0 1 1052 600 1841
2690 2 2 0 1 1053 597 1838
2691 2 2 0 1 468 979 1452
2692 2 2 0 1 162 1452 979
2693 2 2 0 1 276 1851 1296
2694 2 2 0 1 759 1296 1851
2695 2 2 0 1 259 980 1424
2696 2 2 0 1 335 952 1672
2697 2 2 0 1 229 1392 1673
2698 2 2 0 1 454 1486 966
2699 2 2 0 1 177 1037 1455
2700 2 2 0 1 482 1455 1037
2701 2 2 0 1 641 1629 1514
2702 2 2 0 1 642 1630 1512
2703 2 2 0 1 643 1631 1513
2704 2 2 0 1 640 1632 1511
2705 2 2 0 1 163 1494 966
2706 2 2 0 1 541 1298 1194
2707 2 2 0 1 494 1194 1298
2708 2 2 0 1 433 1618 1954
2709 2 2 0 1 434 1617 1952
2710 2 2 0 1 432 1619 1951
2711 2 2 0 1 431 1616 1953
2712 2 2 0 1 651 1525 1091
2713 2 2 0 1 649 1523 1088
2714 2 2 0 1 650 1524 1089
2715 2 2 0 1 648 1526 1090
2716 2 2 0 1 849 1917 1905
2717 2 2 0 1 522 1999 954
2718 2 2 0 1 259 1424 1741
2719 2 2 0 1 504 1159 1229
2720 2 2 0 1 820 1916 2003
2721 2 2 0 1 181 1553 1267
2722 2 2 0 1 440 1375 1038
2723 2 2 0 1 469 1540 981
2724 2 2 0 1 679 1667 1260
2725 2 2 0 1 348 1260 1667
2726 2 2 0 1 551 1328 1559
2727 2 2 0 1 1161 1539 1970
2728 2 2 0 1 159 2068 957
2729 2 2 0 1 413 1196 1448
2730 2 2 0 1 410 1195 1449
2731 2 2 0 1 412 1197 1451
2732 2 2 0 1 411 1198 1450
2733 2 2 0 1 674 1449 1195
2734 2 2 0 1 675 1448 1196
2735 2 2 0 1 676 1450 1198
2736 2 2 0 1 677 1451 1197
2737 2 2 0 1 614 1501 974
2738 2 2 0 1 615 1502 975
2739 2 2 0 1 617 1503 977
2740 2 2 0 1 616 1504 976
2741 2 2 0 1 1158 1311 1835
2742 2 2 0 1 230 1374 1176
2743 2 2 0 1 388 1391 1008
2744 2 2 0 1 807 1199 1924
2745 2 2 0 1 362 1734 957
2746 2 2 0 1 63 1076 1873
2747 2 2 0 1 101 1077 1874
2748 2 2 0 1 139 1075 1872
2749 2 2 0 1 25 1078 1875
2750 2 2 0 1 837 1464 1107
2751 2 2 0 1 836 1465 1108
2752 2 2 0 1 839 1467 1110
2753 2 2 0 1 838 1466 1109
2754 2 2 0 1 466 1031 1943
2755 2 2 0 1 463 1030 1946
2756 2 2 0 1 465 1033 1945
2757 2 2 0 1 464 1032 1944
2758 2 2 0 1 276 1798 1324
2759 2 2 0 1 188 967 1804
2760 2 2 0 1 64 65 1630
2761 2 2 0 1 102 103 1631
2762 2 2 0 1 26 27 1629
2763 2 2 0 1 140 141 1632
2764 2 2 0 1 364 1722 958
2765 2 2 0 1 242 2046 1623
2766 2 2 0 1 243 2047 1622
2767 2 2 0 1 298 1390 1105
2768 2 2 0 1 534 1105 1390
2769 2 2 0 1 373 2050 969
2770 2 2 0 1 537 1006 1625
2771 2 2 0 1 355 1625 1006
2772 2 2 0 1 243 1622 965
2773 2 2 0 1 242 1623 964
2774 2 2 0 1 356 964 1624
2775 2 2 0 1 355 965 1625
2776 2 2 0 1 256 1300 1138
2777 2 2 0 1 1067 439 1993
2778 2 2 0 1 653 1510 1966
2779 2 2 0 1 655 1509 1967
2780 2 2 0 1 654 1508 1968
2781 2 2 0 1 652 1507 1969
2782 2 2 0 1 392 2041 1330
2783 2 2 0 1 513 1370 1867
2784 2 2 0 1 511 1371 1868
2785 2 2 0 1 512 1372 1869
2786 2 2 0 1 514 1369 1866
2787 2 2 0 1 722 1747 1209
2788 2 2 0 1 623 1176 1374
2789 2 2 0 1 71 72 1360
2790 2 2 0 1 109 110 1361
2791 2 2 0 1 147 148 1363
2792 2 2 0 1 33 34 1362
2793 2 2 0 1 755 2075 1714
2794 2 2 0 1 457 1373 1227
2795 2 2 0 1 13 14 1795
2796 2 2 0 1 89 90 1792
2797 2 2 0 1 51 52 1793
2798 2 2 0 1 127 128 1794
2799 2 2 0 1 357 981 1540
2800 2 2 0 1 358 1684 966
2801 2 2 0 1 163 966 1685
2802 2 2 0 1 582 1492 1942
2803 2 2 0 1 566 1857 1185
2804 2 2 0 1 565 1858 1184
2805 2 2 0 1 486 1225 1229
2806 2 2 0 1 259 1918 980
2807 2 2 0 1 557 1754 1007
2808 2 2 0 1 253 1007 1754
2809 2 2 0 1 356 968 1745
2810 2 2 0 1 254 1746 968
2811 2 2 0 1 563 1376 1231
2812 2 2 0 1 223 1041 1376
2813 2 2 0 1 727 1744 2060
2814 2 2 0 1 539 970 1756
2815 2 2 0 1 262 1756 970
2816 2 2 0 1 163 1685 2038
2817 2 2 0 1 263 1505 1029
2818 2 2 0 1 487 1029 1505
2819 2 2 0 1 579 1238 1728
2820 2 2 0 1 273 1256 1170
2821 2 2 0 1 524 1170 1256
2822 2 2 0 1 485 1154 1279
2823 2 2 0 1 483 1155 1281
2824 2 2 0 1 248 1279 1154
2825 2 2 0 1 247 1281 1155
2826 2 2 0 1 253 1799 1007
2827 2 2 0 1 1045 1418 228
2828 2 2 0 1 369 982 1590
2829 2 2 0 1 372 984 1591
2830 2 2 0 1 371 985 1592
2831 2 2 0 1 370 983 1593
2832 2 2 0 1 732 1534 1889
2833 2 2 0 1 1040 1323 1828
2834 2 2 0 1 546 1768 1416
2835 2 2 0 1 1081 225 1911
2836 2 2 0 1 176 1015 1495
2837 2 2 0 1 475 1495 1015
2838 2 2 0 1 351 1768 979
2839 2 2 0 1 563 1217 1376
2840 2 2 0 1 223 1376 1217
2841 2 2 0 1 355 1007 1803
2842 2 2 0 1 388 1647 2004
2843 2 2 0 1 233 987 1973
2844 2 2 0 1 234 986 1974
2845 2 2 0 1 231 989 1971
2846 2 2 0 1 232 988 1972
2847 2 2 0 1 377 1978 986
2848 2 2 0 1 374 1977 987
2849 2 2 0 1 376 1976 989
2850 2 2 0 1 375 1975 988
2851 2 2 0 1 164 1532 2049
2852 2 2 0 1 1059 1379 394
2853 2 2 0 1 916 2005 1139
2854 2 2 0 1 455 1621 1148
2855 2 2 0 1 357 1686 981
2856 2 2 0 1 1066 493 1877
2857 2 2 0 1 847 1431 1865
2858 2 2 0 1 368 1865 1431
2859 2 2 0 1 237 1944 1032
2860 2 2 0 1 238 1945 1033
2861 2 2 0 1 235 1943 1031
2862 2 2 0 1 236 1946 1030
2863 2 2 0 1 158 1310 1559
2864 2 2 0 1 646 1559 1310
2865 2 2 0 1 755 1446 2075
2866 2 2 0 1 275 1229 1159
2867 2 2 0 1 257 1561 1497
2868 2 2 0 1 591 1226 1497
2869 2 2 0 1 452 1497 1226
2870 2 2 0 1 257 1919 1186
2871 2 2 0 1 99 1089 1545
2872 2 2 0 1 61 1088 1546
2873 2 2 0 1 23 1091 1548
2874 2 2 0 1 137 1090 1547
2875 2 2 0 1 561 1545 1089
2876 2 2 0 1 560 1546 1088
2877 2 2 0 1 562 1548 1091
2878 2 2 0 1 559 1547 1090
2879 2 2 0 1 475 1138 1300
2880 2 2 0 1 122 123 2085
2881 2 2 0 1 8 9 2086
2882 2 2 0 1 84 85 2084
2883 2 2 0 1 46 47 2083
2884 2 2 0 1 38 39 2088
2885 2 2 0 1 114 115 2089
2886 2 2 0 1 76 77 2090
2887 2 2 0 1 152 153 2087
2888 2 2 0 1 658 1232 1780
2889 2 2 0 1 657 1233 1781
2890 2 2 0 1 1058 1554 542
2891 2 2 0 1 1058 379 1554
2892 2 2 0 1 108 1578 1003
2893 2 2 0 1 70 1579 1004
2894 2 2 0 1 32 1580 1002
2895 2 2 0 1 146 1577 1001
2896 2 2 0 1 816 1942 1492
2897 2 2 0 1 223 1715 1041
2898 2 2 0 1 698 1227 1870
2899 2 2 0 1 369 1001 1966
2900 2 2 0 1 371 1004 1968
2901 2 2 0 1 372 1003 1967
2902 2 2 0 1 370 1002 1969
2903 2 2 0 1 822 1379 1610
2904 2 2 0 1 170 1864 990
2905 2 2 0 1 595 1141 1265
2906 2 2 0 1 990 1864 1412
2907 2 2 0 1 388 2004 1391
2908 2 2 0 1 413 1448 1150
2909 2 2 0 1 411 1450 1151
2910 2 2 0 1 412 1451 1149
2911 2 2 0 1 410 1449 1152
2912 2 2 0 1 162 1682 991
2913 2 2 0 1 1049 540 1681
2914 2 2 0 1 257 1213 1919
2915 2 2 0 1 724 1981 1214
2916 2 2 0 1 258 1214 1981
2917 2 2 0 1 387 2043 1009
2918 2 2 0 1 473 1299 1087
2919 2 2 0 1 619 1979 1005
2920 2 2 0 1 355 1006 1810
2921 2 2 0 1 355 1810 1007
2922 2 2 0 1 301 1157 1846
2923 2 2 0 1 644 1846 1157
2924 2 2 0 1 734 1201 2029
2925 2 2 0 1 258 2029 1201
2926 2 2 0 1 672 1683 1401
2927 2 2 0 1 181 1905 1917
2928 2 2 0 1 173 1664 998
2929 2 2 0 1 546 1682 1768
2930 2 2 0 1 818 1837 1251
2931 2 2 0 1 1041 409 1702
2932 2 2 0 1 534 1390 1641
2933 2 2 0 1 1058 627 2062
2934 2 2 0 1 673 1519 1034
2935 2 2 0 1 183 1984 1010
2936 2 2 0 1 103 104 1513
2937 2 2 0 1 65 66 1512
2938 2 2 0 1 141 142 1511
2939 2 2 0 1 27 28 1514
2940 2 2 0 1 406 1871 1313
2941 2 2 0 1 37 38 1383
2942 2 2 0 1 113 114 1382
2943 2 2 0 1 75 76 1381
2944 2 2 0 1 151 152 1384
2945 2 2 0 1 9 10 1385
2946 2 2 0 1 123 124 1388
2947 2 2 0 1 47 48 1386
2948 2 2 0 1 85 86 1387
2949 2 2 0 1 558 1293 1317
2950 2 2 0 1 480 1317 1293
2951 2 2 0 1 670 1017 2065
2952 2 2 0 1 683 1324 1798
2953 2 2 0 1 425 1295 1220
2954 2 2 0 1 200 1180 1297
2955 2 2 0 1 495 1297 1180
2956 2 2 0 1 201 1027 1963
2957 2 2 0 1 568 1644 1783
2958 2 2 0 1 1042 1614 368
2959 2 2 0 1 1042 529 1614
2960 2 2 0 1 570 1642 1785
2961 2 2 0 1 183 1251 1742
2962 2 2 0 1 539 1594 1409
2963 2 2 0 1 317 1238 2012
2964 2 2 0 1 742 2012 1238
2965 2 2 0 1 569 1638 1782
2966 2 2 0 1 522 1379 1059
2967 2 2 0 1 557 1007 1810
2968 2 2 0 1 1058 2062 379
2969 2 2 0 1 678 1124 1331
2970 2 2 0 1 290 1884 1126
2971 2 2 0 1 287 1881 1125
2972 2 2 0 1 289 1883 1128
2973 2 2 0 1 288 1882 1127
2974 2 2 0 1 1044 1498 541
2975 2 2 0 1 176 1695 1015
2976 2 2 0 1 1080 1673 467
2977 2 2 0 1 1056 1425 469
2978 2 2 0 1 18 1750 1053
2979 2 2 0 1 56 1752 1052
2980 2 2 0 1 94 1751 1051
2981 2 2 0 1 132 1753 1050
2982 2 2 0 1 108 109 1578
2983 2 2 0 1 70 71 1579
2984 2 2 0 1 146 147 1577
2985 2 2 0 1 32 33 1580
2986 2 2 0 1 1028 622 1601
2987 2 2 0 1 1074 1800 446
2988 2 2 0 1 1074 587 1800
2989 2 2 0 1 368 1614 1027
2990 2 2 0 1 455 1148 1309
2991 2 2 0 1 560 1523 1716
2992 2 2 0 1 561 1524 1717
2993 2 2 0 1 437 1925 1016
2994 2 2 0 1 522 1706 1056
2995 2 2 0 1 535 2034 1447
2996 2 2 0 1 644 1157 1303
2997 2 2 0 1 209 1035 2061
2998 2 2 0 1 379 2062 1035
2999 2 2 0 1 367 2067 1036
3000 2 2 0 1 567 1605 1784
3001 2 2 0 1 553 2001 1550
3002 2 2 0 1 632 1636 1776
3003 2 2 0 1 631 1635 1777
3004 2 2 0 1 633 1637 1778
3005 2 2 0 1 630 1634 1775
3006 2 2 0 1 632 1773 1636
3007 2 2 0 1 633 1774 1637
3008 2 2 0 1 631 1772 1635
3009 2 2 0 1 630 1771 1634
3010 2 2 0 1 515 1283 1256
3011 2 2 0 1 524 1256 1283
3012 2 2 0 1 523 1036 2067
3013 2 2 0 1 824 1551 1104
3014 2 2 0 1 201 1687 1457
3015 2 2 0 1 733 1457 1687
3016 2 2 0 1 535 1531 2034
3017 2 2 0 1 210 1331 1124
3018 2 2 0 1 683 1129 1324
3019 2 2 0 1 562 1525 1721
3020 2 2 0 1 484 1411 1156
3021 2 2 0 1 762 1220 1295
3022 2 2 0 1 159 1315 1317
3023 2 2 0 1 558 1317 1315
3024 2 2 0 1 83 84 1366
3025 2 2 0 1 45 46 1365
3026 2 2 0 1 7 8 1368
3027 2 2 0 1 121 122 1367
3028 2 2 0 1 153 154 1369
3029 2 2 0 1 115 116 1370
3030 2 2 0 1 77 78 1371
3031 2 2 0 1 39 40 1372
3032 2 2 0 1 625 1352 1529
3033 2 2 0 1 711 1905 1267
3034 2 2 0 1 181 1267 1905
3035 2 2 0 1 523 2067 1039
3036 2 2 0 1 506 2050 1268
3037 2 2 0 1 428 1770 1022
3038 2 2 0 1 553 1457 2001
3039 2 2 0 1 367 1039 2067
3040 2 2 0 1 390 2082 1114
3041 2 2 0 1 681 1114 2082
3042 2 2 0 1 298 1347 1876
3043 2 2 0 1 852 1901 1128
3044 2 2 0 1 850 1900 1127
3045 2 2 0 1 851 1902 1125
3046 2 2 0 1 853 1903 1126
3047 2 2 0 1 822 1844 1123
3048 2 2 0 1 659 1627 1748
3049 2 2 0 1 183 1394 1286
3050 2 2 0 1 716 1286 1394
3051 2 2 0 1 559 1526 1725
3052 2 2 0 1 990 1871 1169
3053 2 2 0 1 1040 1828 299
3054 2 2 0 1 1030 665 1859
3055 2 2 0 1 1031 664 1860
3056 2 2 0 1 1032 662 1861
3057 2 2 0 1 1033 663 1862
3058 2 2 0 1 578 1097 1729
3059 2 2 0 1 577 1095 1731
3060 2 2 0 1 576 1096 1730
3061 2 2 0 1 765 1932 1095
3062 2 2 0 1 766 1930 1097
3063 2 2 0 1 764 1931 1096
3064 2 2 0 1 605 1743 1419
3065 2 2 0 1 823 1314 1452
3066 2 2 0 1 480 1293 1688
3067 2 2 0 1 732 1889 1322
3068 2 2 0 1 191 1322 1889
3069 2 2 0 1 187 1536 1985
3070 2 2 0 1 218 1562 1735
3071 2 2 0 1 832 1735 1562
3072 2 2 0 1 338 1827 1564
3073 2 2 0 1 518 1122 1420
3074 2 2 0 1 517 1121 1421
3075 2 2 0 1 516 1120 1423
3076 2 2 0 1 519 1119 1422
3077 2 2 0 1 417 1420 1122
3078 2 2 0 1 416 1421 1121
3079 2 2 0 1 415 1423 1120
3080 2 2 0 1 414 1422 1119
3081 2 2 0 1 358 1486 1103
3082 2 2 0 1 240 1087 1849
3083 2 2 0 1 1041 1702 474
3084 2 2 0 1 534 1111 1672
3085 2 2 0 1 228 2042 1309
3086 2 2 0 1 1061 283 1585
3087 2 2 0 1 316 1729 1097
3088 2 2 0 1 315 1731 1095
3089 2 2 0 1 314 1730 1096
3090 2 2 0 1 560 1716 1396
3091 2 2 0 1 561 1717 1397
3092 2 2 0 1 300 2052 1480
3093 2 2 0 1 134 1109 1471
3094 2 2 0 1 20 1110 1470
3095 2 2 0 1 58 1108 1473
3096 2 2 0 1 96 1107 1472
3097 2 2 0 1 171 2079 1112
3098 2 2 0 1 520 1294 1564
3099 2 2 0 1 1044 473 2079
3100 2 2 0 1 190 1123 1844
3101 2 2 0 1 209 2061 1114
3102 2 2 0 1 253 1042 1799
3103 2 2 0 1 562 1721 1398
3104 2 2 0 1 641 2093 1629
3105 2 2 0 1 601 1593 1174
3106 2 2 0 1 602 1590 1175
3107 2 2 0 1 603 1591 1172
3108 2 2 0 1 604 1592 1173
3109 2 2 0 1 1060 1497 452
3110 2 2 0 1 540 1162 1639
3111 2 2 0 1 552 1683 1260
3112 2 2 0 1 593 1964 1139
3113 2 2 0 1 559 1725 1395
3114 2 2 0 1 492 1316 1315
3115 2 2 0 1 558 1315 1316
3116 2 2 0 1 1045 2069 542
3117 2 2 0 1 497 1235 1574
3118 2 2 0 1 496 1236 1575
3119 2 2 0 1 499 1237 1576
3120 2 2 0 1 498 1234 1573
3121 2 2 0 1 635 1965 1269
3122 2 2 0 1 1045 228 2069
3123 2 2 0 1 506 1442 2050
3124 2 2 0 1 184 1171 1453
3125 2 2 0 1 1046 2042 694
3126 2 2 0 1 496 1149 1451
3127 2 2 0 1 497 1151 1450
3128 2 2 0 1 499 1150 1448
3129 2 2 0 1 498 1152 1449
3130 2 2 0 1 1066 1832 481
3131 2 2 0 1 585 1104 1551
3132 2 2 0 1 848 1765 1432
3133 2 2 0 1 847 1766 1431
3134 2 2 0 1 476 1174 1609
3135 2 2 0 1 874 2033 1208
3136 2 2 0 1 241 1068 1674
3137 2 2 0 1 160 1481 1332
3138 2 2 0 1 596 1332 1481
3139 2 2 0 1 470 1403 1325
3140 2 2 0 1 182 1515 1402
3141 2 2 0 1 522 1056 1999
3142 2 2 0 1 221 1608 1739
3143 2 2 0 1 834 1739 1608
3144 2 2 0 1 418 1836 1093
3145 2 2 0 1 417 1118 1420
3146 2 2 0 1 416 1116 1421
3147 2 2 0 1 414 1115 1422
3148 2 2 0 1 415 1117 1423
3149 2 2 0 1 503 1242 1584
3150 2 2 0 1 501 1239 1581
3151 2 2 0 1 500 1240 1582
3152 2 2 0 1 502 1241 1583
3153 2 2 0 1 183 1742 1984
3154 2 2 0 1 244 1071 1829
3155 2 2 0 1 1069 488 2046
3156 2 2 0 1 1070 490 2047
3157 2 2 0 1 785 1658 1816
3158 2 2 0 1 783 1659 1817
3159 2 2 0 1 784 1660 1818
3160 2 2 0 1 782 1661 1815
3161 2 2 0 1 211 1691 1093
3162 2 2 0 1 490 1472 1107
3163 2 2 0 1 488 1473 1108
3164 2 2 0 1 489 1471 1109
3165 2 2 0 1 491 1470 1110
3166 2 2 0 1 490 1107 1464
3167 2 2 0 1 488 1108 1465
3168 2 2 0 1 489 1109 1466
3169 2 2 0 1 491 1110 1467
3170 2 2 0 1 716 1987 1286
3171 2 2 0 1 429 1286 1987
3172 2 2 0 1 478 1173 1781
3173 2 2 0 1 479 1175 1780
3174 2 2 0 1 526 1215 1357
3175 2 2 0 1 260 1357 1215
3176 2 2 0 1 192 1678 1582
3177 2 2 0 1 194 1677 1583
3178 2 2 0 1 195 1680 1584
3179 2 2 0 1 193 1679 1581
3180 2 2 0 1 769 1583 1677
3181 2 2 0 1 770 1584 1680
3182 2 2 0 1 767 1582 1678
3183 2 2 0 1 768 1581 1679
3184 2 2 0 1 557 1522 1755
3185 2 2 0 1 447 1743 1181
3186 2 2 0 1 605 1181 1743
3187 2 2 0 1 553 1550 1399
3188 2 2 0 1 629 1399 1550
3189 2 2 0 1 482 1135 1620
3190 2 2 0 1 457 1193 1373
3191 2 2 0 1 480 1688 2044
3192 2 2 0 1 262 1258 1797
3193 2 2 0 1 173 1843 1122
3194 2 2 0 1 485 1134 1657
3195 2 2 0 1 623 1374 1927
3196 2 2 0 1 483 1136 1662
3197 2 2 0 1 251 1066 1877
3198 2 2 0 1 1061 1585 475
3199 2 2 0 1 484 1137 1676
3200 2 2 0 1 273 1153 1779
3201 2 2 0 1 590 1779 1153
3202 2 2 0 1 581 1825 1703
3203 2 2 0 1 580 1823 1704
3204 2 2 0 1 583 1824 1705
3205 2 2 0 1 274 1706 1059
3206 2 2 0 1 825 1842 1092
3207 2 2 0 1 235 1152 1896
3208 2 2 0 1 238 1149 1895
3209 2 2 0 1 236 1150 1898
3210 2 2 0 1 237 1151 1897
3211 2 2 0 1 233 1920 1164
3212 2 2 0 1 234 1923 1167
3213 2 2 0 1 231 1921 1165
3214 2 2 0 1 232 1922 1166
3215 2 2 0 1 734 1208 2033
3216 2 2 0 1 734 1890 1201
3217 2 2 0 1 627 1114 2061
3218 2 2 0 1 409 1131 1702
3219 2 2 0 1 261 1558 1074
3220 2 2 0 1 228 1418 1219
3221 2 2 0 1 514 2087 1369
3222 2 2 0 1 512 2088 1372
3223 2 2 0 1 513 2089 1370
3224 2 2 0 1 511 2090 1371
3225 2 2 0 1 507 1365 2083
3226 2 2 0 1 508 1366 2084
3227 2 2 0 1 510 1368 2086
3228 2 2 0 1 509 1367 2085
3229 2 2 0 1 561 1089 1524
3230 2 2 0 1 560 1088 1523
3231 2 2 0 1 562 1091 1525
3232 2 2 0 1 559 1090 1526
3233 2 2 0 1 585 1906 1104
3234 2 2 0 1 814 1705 1245
3235 2 2 0 1 815 1704 1244
3236 2 2 0 1 813 1703 1243
3237 2 2 0 1 262 1797 1298
3238 2 2 0 1 476 1439 1248
3239 2 2 0 1 479 1438 1249
3240 2 2 0 1 478 1440 1246
3241 2 2 0 1 477 1441 1247
3242 2 2 0 1 446 1223 1462
3243 2 2 0 1 1054 622 1985
3244 2 2 0 1 541 1811 1102
3245 2 2 0 1 703 1102 1811
3246 2 2 0 1 219 1645 1719
3247 2 2 0 1 828 1719 1645
3248 2 2 0 1 171 1811 1498
3249 2 2 0 1 307 1178 1499
3250 2 2 0 1 186 1979 1133
3251 2 2 0 1 619 1133 1979
3252 2 2 0 1 246 1651 1172
3253 2 2 0 1 1056 182 1999
3254 2 2 0 1 98 99 1545
3255 2 2 0 1 60 61 1546
3256 2 2 0 1 136 137 1547
3257 2 2 0 1 22 23 1548
3258 2 2 0 1 536 1804 1624
3259 2 2 0 1 1060 458 1694
3260 2 2 0 1 734 2033 1890
3261 2 2 0 1 241 1616 1068
3262 2 2 0 1 244 1617 1071
3263 2 2 0 1 242 1618 1069
3264 2 2 0 1 243 1619 1070
3265 2 2 0 1 444 1166 1570
3266 2 2 0 1 443 1165 1571
3267 2 2 0 1 441 1164 1572
3268 2 2 0 1 442 1167 1569
3269 2 2 0 1 302 1866 1960
3270 2 2 0 1 303 1867 1958
3271 2 2 0 1 305 1869 1957
3272 2 2 0 1 304 1868 1959
3273 2 2 0 1 325 1816 1658
3274 2 2 0 1 323 1817 1659
3275 2 2 0 1 324 1818 1660
3276 2 2 0 1 322 1815 1661
3277 2 2 0 1 454 1494 1216
3278 2 2 0 1 486 1453 1171
3279 2 2 0 1 493 1506 1285
3280 2 2 0 1 479 1780 1232
3281 2 2 0 1 478 1781 1233
3282 2 2 0 1 522 1059 1706
3283 2 2 0 1 357 1212 1646
3284 2 2 0 1 271 1194 1648
3285 2 2 0 1 216 1928 1265
3286 2 2 0 1 209 1168 1796
3287 2 2 0 1 841 1796 1168
3288 2 2 0 1 590 1153 1490
3289 2 2 0 1 1062 1701 440
3290 2 2 0 1 196 1995 1234
3291 2 2 0 1 198 1997 1235
3292 2 2 0 1 197 1996 1236
3293 2 2 0 1 199 1998 1237
3294 2 2 0 1 686 1235 1997
3295 2 2 0 1 685 1234 1995
3296 2 2 0 1 687 1236 1996
3297 2 2 0 1 688 1237 1998
3298 2 2 0 1 1068 491 1674
3299 2 2 0 1 102 1631 1077
3300 2 2 0 1 64 1630 1076
3301 2 2 0 1 140 1632 1075
3302 2 2 0 1 26 1629 1078
3303 2 2 0 1 317 1728 1238
3304 2 2 0 1 350 1916 1527
3305 2 2 0 1 820 1527 1916
3306 2 2 0 1 185 1627 1344
3307 2 2 0 1 659 1344 1627
3308 2 2 0 1 271 1648 1663
3309 2 2 0 1 426 1219 2003
3310 2 2 0 1 680 2003 1219
3311 2 2 0 1 607 2049 1990
3312 2 2 0 1 1057 1990 2049
3313 2 2 0 1 657 1155 1602
3314 2 2 0 1 658 1154 1603
3315 2 2 0 1 538 1532 1560
3316 2 2 0 1 682 1560 1532
3317 2 2 0 1 196 1234 1806
3318 2 2 0 1 197 1236 1808
3319 2 2 0 1 198 1235 1807
3320 2 2 0 1 199 1237 1809
3321 2 2 0 1 505 1333 1863
3322 2 2 0 1 926 1410 2026
3323 2 2 0 1 711 1925 1329
3324 2 2 0 1 437 1329 1925
3325 2 2 0 1 554 1727 1304
3326 2 2 0 1 1080 229 1673
3327 2 2 0 1 525 1081 1911
3328 2 2 0 1 418 1187 1836
3329 2 2 0 1 949 1540 1392
3330 2 2 0 1 591 1497 1561
3331 2 2 0 1 607 1990 1266
3332 2 2 0 1 545 1488 1419
3333 2 2 0 1 605 1419 1488
3334 2 2 0 1 271 1393 1299
3335 2 2 0 1 515 1627 1208
3336 2 2 0 1 176 1119 2076
3337 2 2 0 1 435 1919 1213
3338 2 2 0 1 680 1219 1418
3339 2 2 0 1 523 1222 1416
3340 2 2 0 1 486 1229 1555
3341 2 2 0 1 564 1553 1224
3342 2 2 0 1 181 1224 1553
3343 2 2 0 1 862 1171 1855
3344 2 2 0 1 515 1256 1748
3345 2 2 0 1 505 1499 1178
3346 2 2 0 1 251 1832 1066
3347 2 2 0 1 942 1104 1906
3348 2 2 0 1 543 1170 1515
3349 2 2 0 1 1074 2010 587
3350 2 2 0 1 275 1555 1229
3351 2 2 0 1 572 1125 1881
3352 2 2 0 1 571 1126 1884
3353 2 2 0 1 574 1128 1883
3354 2 2 0 1 573 1127 1882
3355 2 2 0 1 1189 1697 780
3356 2 2 0 1 1190 1700 777
3357 2 2 0 1 1192 1698 779
3358 2 2 0 1 1191 1699 778
3359 2 2 0 1 1071 489 1829
3360 2 2 0 1 1063 720 2058
3361 2 2 0 1 302 1189 1866
3362 2 2 0 1 303 1190 1867
3363 2 2 0 1 304 1191 1868
3364 2 2 0 1 305 1192 1869
3365 2 2 0 1 698 1797 1258
3366 2 2 0 1 351 1413 1264
3367 2 2 0 1 1064 407 2000
3368 2 2 0 1 1015 1695 2027
3369 2 2 0 1 619 1588 1133
3370 2 2 0 1 201 1963 1163
3371 2 2 0 1 476 1609 1364
3372 2 2 0 1 769 1290 1569
3373 2 2 0 1 770 1287 1572
3374 2 2 0 1 768 1289 1570
3375 2 2 0 1 767 1288 1571
3376 2 2 0 1 227 1111 1641
3377 2 2 0 1 515 2029 1283
3378 2 2 0 1 953 1215 1865
3379 2 2 0 1 551 1559 1493
3380 2 2 0 1 646 1493 1559
3381 2 2 0 1 671 1688 2000
3382 2 2 0 1 564 1159 1553
3383 2 2 0 1 671 2000 1562
3384 2 2 0 1 534 1665 1105
3385 2 2 0 1 759 1851 1530
3386 2 2 0 1 594 1530 1851
3387 2 2 0 1 711 1267 1925
3388 2 2 0 1 481 1093 1691
3389 2 2 0 1 521 1301 1633
3390 2 2 0 1 223 1270 1715
3391 2 2 0 1 239 1294 1961
3392 2 2 0 1 243 1070 2047
3393 2 2 0 1 242 1069 2046
3394 2 2 0 1 447 1669 1211
3395 2 2 0 1 189 1183 1934
3396 2 2 0 1 1183 621 1934
3397 2 2 0 1 637 1763 2053
3398 2 2 0 1 638 1761 2056
3399 2 2 0 1 639 1762 2054
3400 2 2 0 1 636 1764 2055
3401 2 2 0 1 772 1140 2011
3402 2 2 0 1 440 1701 1375
3403 2 2 0 1 327 1620 1135
3404 2 2 0 1 758 1328 2028
3405 2 2 0 1 361 2028 1328
3406 2 2 0 1 262 1102 1756
3407 2 2 0 1 617 1977 1503
3408 2 2 0 1 614 1975 1501
3409 2 2 0 1 615 1976 1502
3410 2 2 0 1 616 1978 1504
3411 2 2 0 1 529 1218 1491
3412 2 2 0 1 106 107 1757
3413 2 2 0 1 68 69 1758
3414 2 2 0 1 144 145 1760
3415 2 2 0 1 30 31 1759
3416 2 2 0 1 505 1863 1499
3417 2 2 0 1 861 1928 1933
3418 2 2 0 1 502 1569 1167
3419 2 2 0 1 501 1570 1166
3420 2 2 0 1 500 1571 1165
3421 2 2 0 1 503 1572 1164
3422 2 2 0 1 626 1412 2002
3423 2 2 0 1 756 2002 1412
3424 2 2 0 1 284 1833 1184
3425 2 2 0 1 286 1834 1185
3426 2 2 0 1 188 1804 1182
3427 2 2 0 1 452 1226 1904
3428 2 2 0 1 524 1283 1981
3429 2 2 0 1 330 1657 1134
3430 2 2 0 1 936 1916 1855
3431 2 2 0 1 269 1148 1621
3432 2 2 0 1 328 1662 1136
3433 2 2 0 1 679 1325 1403
3434 2 2 0 1 624 1749 1956
3435 2 2 0 1 272 1708 1493
3436 2 2 0 1 700 1408 1835
3437 2 2 0 1 225 1835 1408
3438 2 2 0 1 329 1676 1137
3439 2 2 0 1 444 1570 1289
3440 2 2 0 1 443 1571 1288
3441 2 2 0 1 442 1569 1290
3442 2 2 0 1 441 1572 1287
3443 2 2 0 1 16 17 1838
3444 2 2 0 1 92 93 1839
3445 2 2 0 1 130 131 1840
3446 2 2 0 1 54 55 1841
3447 2 2 0 1 494 1426 1648
3448 2 2 0 1 647 1648 1426
3449 2 2 0 1 477 1172 1651
3450 2 2 0 1 171 1498 2079
3451 2 2 0 1 445 1160 1607
3452 2 2 0 1 198 1807 1900
3453 2 2 0 1 199 1809 1903
3454 2 2 0 1 197 1808 1901
3455 2 2 0 1 196 1806 1902
3456 2 2 0 1 480 2068 1317
3457 2 2 0 1 472 1849 1087
3458 2 2 0 1 196 1404 1995
3459 2 2 0 1 199 1407 1998
3460 2 2 0 1 197 1406 1996
3461 2 2 0 1 198 1405 1997
3462 2 2 0 1 24 25 1875
3463 2 2 0 1 138 139 1872
3464 2 2 0 1 62 63 1873
3465 2 2 0 1 100 101 1874
3466 2 2 0 1 549 1487 1481
3467 2 2 0 1 596 1481 1487
3468 2 2 0 1 699 1112 1769
3469 2 2 0 1 939 2075 1446
3470 2 2 0 1 350 1855 1916
3471 2 2 0 1 575 1710 1891
3472 2 2 0 1 886 1891 1710
3473 2 2 0 1 696 1375 1701
3474 2 2 0 1 587 1105 1899
3475 2 2 0 1 468 1452 1314
3476 2 2 0 1 245 1609 1174
3477 2 2 0 1 492 1801 1316
3478 2 2 0 1 299 1401 1541
3479 2 2 0 1 281 2002 1552
3480 2 2 0 1 249 1326 1666
3481 2 2 0 1 720 1904 1094
3482 2 2 0 1 549 2057 1487
3483 2 2 0 1 439 1710 1212
3484 2 2 0 1 575 1212 1710
3485 2 2 0 1 277 1187 1601
3486 2 2 0 1 438 1749 1133
3487 2 2 0 1 268 1115 1823
3488 2 2 0 1 267 1117 1824
3489 2 2 0 1 265 1116 1825
3490 2 2 0 1 266 1118 1826
3491 2 2 0 1 743 1097 1930
3492 2 2 0 1 744 1095 1932
3493 2 2 0 1 741 1096 1931
3494 2 2 0 1 549 1517 2057
3495 2 2 0 1 660 2048 1500
3496 2 2 0 1 291 1801 1837
3497 2 2 0 1 168 1098 2054
3498 2 2 0 1 166 1100 2053
3499 2 2 0 1 167 1101 2056
3500 2 2 0 1 169 1099 2055
3501 2 2 0 1 544 1322 1738
3502 2 2 0 1 554 1158 1727
3503 2 2 0 1 463 1477 1336
3504 2 2 0 1 464 1474 1339
3505 2 2 0 1 465 1475 1338
3506 2 2 0 1 466 1476 1337
3507 2 2 0 1 795 1960 1866
3508 2 2 0 1 793 1957 1869
3509 2 2 0 1 794 1958 1867
3510 2 2 0 1 792 1959 1868
3511 2 2 0 1 675 1126 1903
3512 2 2 0 1 674 1125 1902
3513 2 2 0 1 676 1127 1900
3514 2 2 0 1 677 1128 1901
3515 2 2 0 1 459 1341 1483
3516 2 2 0 1 460 1340 1482
3517 2 2 0 1 462 1342 1485
3518 2 2 0 1 461 1343 1484
3519 2 2 0 1 659 1885 1344
3520 2 2 0 1 453 1344 1885
3521 2 2 0 1 377 1763 1307
3522 2 2 0 1 376 1761 1305
3523 2 2 0 1 374 1764 1308
3524 2 2 0 1 375 1762 1306
3525 2 2 0 1 271 1663 1393
3526 2 2 0 1 618 1393 1663
3527 2 2 0 1 171 1516 1304
3528 2 2 0 1 554 1304 1516
3529 2 2 0 1 754 1142 1843
3530 2 2 0 1 188 1182 2026
3531 2 2 0 1 1182 620 2026
3532 2 2 0 1 473 1112 2079
3533 2 2 0 1 756 1552 2002
3534 2 2 0 1 254 1668 1222
3535 2 2 0 1 552 1924 1199
3536 2 2 0 1 452 2051 1113
3537 2 2 0 1 494 1648 1194
3538 2 2 0 1 480 1478 2068
3539 2 2 0 1 486 1555 1453
3540 2 2 0 1 883 1790 1881
3541 2 2 0 1 572 1881 1790
3542 2 2 0 1 484 1676 1411
3543 2 2 0 1 483 1662 1414
3544 2 2 0 1 536 1689 1182
3545 2 2 0 1 537 1690 1183
3546 2 2 0 1 485 1657 1417
3547 2 2 0 1 185 1208 1627
3548 2 2 0 1 519 2076 1119
3549 2 2 0 1 803 1852 1214
3550 2 2 0 1 492 1415 1801
3551 2 2 0 1 529 1163 1963
3552 2 2 0 1 717 1364 1609
3553 2 2 0 1 1056 1706 1425
3554 2 2 0 1 775 1495 1585
3555 2 2 0 1 475 1585 1495
3556 2 2 0 1 213 1858 1542
3557 2 2 0 1 214 1857 1543
3558 2 2 0 1 280 1257 1588
3559 2 2 0 1 482 1620 1455
3560 2 2 0 1 469 1392 1540
3561 2 2 0 1 596 1487 1527
3562 2 2 0 1 350 1527 1487
3563 2 2 0 1 225 1158 1835
3564 2 2 0 1 216 1933 1928
3565 2 2 0 1 674 1806 1449
3566 2 2 0 1 675 1809 1448
3567 2 2 0 1 676 1807 1450
3568 2 2 0 1 677 1808 1451
3569 2 2 0 1 498 1449 1806
3570 2 2 0 1 496 1451 1808
3571 2 2 0 1 497 1450 1807
3572 2 2 0 1 499 1448 1809
3573 2 2 0 1 682 1532 1531
3574 2 2 0 1 164 1531 1532
3575 2 2 0 1 736 1845 1587
3576 2 2 0 1 936 1855 1171
3577 2 2 0 1 647 1663 1648
3578 2 2 0 1 575 1646 1212
3579 2 2 0 1 307 1878 1178
3580 2 2 0 1 1237 2022 1576
3581 2 2 0 1 1235 2023 1574
3582 2 2 0 1 1236 2024 1575
3583 2 2 0 1 1234 2025 1573
3584 2 2 0 1 247 1781 1173
3585 2 2 0 1 248 1780 1175
3586 2 2 0 1 732 1886 1534
3587 2 2 0 1 628 1534 1886
3588 2 2 0 1 250 1675 2032
3589 2 2 0 1 888 2032 1675
3590 2 2 0 1 363 2035 1605
3591 2 2 0 1 856 1605 2035
3592 2 2 0 1 629 1607 1399
3593 2 2 0 1 496 1895 1149
3594 2 2 0 1 499 1898 1150
3595 2 2 0 1 498 1896 1152
3596 2 2 0 1 497 1897 1151
3597 2 2 0 1 634 1544 1615
3598 2 2 0 1 546 1222 1668
3599 2 2 0 1 353 1139 2005
3600 2 2 0 1 550 1211 1669
3601 2 2 0 1 801 1713 1444
3602 2 2 0 1 802 1712 1445
3603 2 2 0 1 800 1711 1443
3604 2 2 0 1 258 1201 1791
3605 2 2 0 1 554 1650 1311
3606 2 2 0 1 634 1353 1544
3607 2 2 0 1 540 1639 1230
3608 2 2 0 1 595 2041 1141
3609 2 2 0 1 861 1933 1238
3610 2 2 0 1 624 1956 1266
3611 2 2 0 1 270 1266 1956
3612 2 2 0 1 849 1643 1917
3613 2 2 0 1 705 1732 1561
3614 2 2 0 1 591 1561 1732
3615 2 2 0 1 250 1161 1970
3616 2 2 0 1 427 1927 1374
3617 2 2 0 1 165 1714 1863
3618 2 2 0 1 506 1268 1606
3619 2 2 0 1 683 1798 1802
3620 2 2 0 1 829 1411 1676
3621 2 2 0 1 585 2081 1224
3622 2 2 0 1 525 1529 1352
3623 2 2 0 1 879 1213 1694
3624 2 2 0 1 668 1341 1948
3625 2 2 0 1 667 1340 1949
3626 2 2 0 1 669 1343 1947
3627 2 2 0 1 666 1342 1950
3628 2 2 0 1 461 1947 1343
3629 2 2 0 1 459 1948 1341
3630 2 2 0 1 460 1949 1340
3631 2 2 0 1 462 1950 1342
3632 2 2 0 1 291 1316 1801
3633 2 2 0 1 406 1169 1871
3634 2 2 0 1 258 1791 1214
3635 2 2 0 1 595 1265 1928
3636 2 2 0 1 536 1182 1804
3637 2 2 0 1 427 1161 1927
3638 2 2 0 1 741 1444 2071
3639 2 2 0 1 743 1445 2073
3640 2 2 0 1 744 1443 2074
3641 2 2 0 1 382 2073 1445
3642 2 2 0 1 381 2071 1444
3643 2 2 0 1 383 2074 1443
3644 2 2 0 1 550 2080 1469
3645 2 2 0 1 520 1564 1310
3646 2 2 0 1 875 1604 1536
3647 2 2 0 1 589 1615 1544
3648 2 2 0 1 552 1260 1924
3649 2 2 0 1 501 1166 1922
3650 2 2 0 1 502 1167 1923
3651 2 2 0 1 500 1165 1921
3652 2 2 0 1 503 1164 1920
3653 2 2 0 1 833 1414 1662
3654 2 2 0 1 445 1986 1160
3655 2 2 0 1 526 1185 1834
3656 2 2 0 1 527 1184 1833
3657 2 2 0 1 270 1544 1353
3658 2 2 0 1 699 1850 1650
3659 2 2 0 1 781 1863 1714
3660 2 2 0 1 1239 2018 1581
3661 2 2 0 1 1240 2019 1582
3662 2 2 0 1 1241 2021 1583
3663 2 2 0 1 1242 2020 1584
3664 2 2 0 1 608 1876 1180
3665 2 2 0 1 1187 715 1836
3666 2 2 0 1 447 1211 1743
3667 2 2 0 1 835 1417 1657
3668 2 2 0 1 805 1709 1479
3669 2 2 0 1 821 1640 1556
3670 2 2 0 1 513 1867 1190
3671 2 2 0 1 512 1869 1192
3672 2 2 0 1 511 1868 1191
3673 2 2 0 1 514 1866 1189
3674 2 2 0 1 416 1243 1703
3675 2 2 0 1 415 1245 1705
3676 2 2 0 1 414 1244 1704
3677 2 2 0 1 563 1231 1879
3678 2 2 0 1 607 1266 1880
3679 2 2 0 1 270 1880 1266
3680 2 2 0 1 742 1479 2072
3681 2 2 0 1 380 2072 1479
3682 2 2 0 1 601 1248 1759
3683 2 2 0 1 602 1249 1760
3684 2 2 0 1 604 1246 1758
3685 2 2 0 1 603 1247 1757
3686 2 2 0 1 144 1760 1249
3687 2 2 0 1 30 1759 1248
3688 2 2 0 1 106 1757 1247
3689 2 2 0 1 68 1758 1246
3690 2 2 0 1 552 1541 1401
3691 2 2 0 1 1182 2030 620
3692 2 2 0 1 1183 2031 621
3693 2 2 0 1 575 1891 1489
3694 2 2 0 1 861 1830 1928
3695 2 2 0 1 723 1837 1801
3696 2 2 0 1 1186 1919 763
3697 2 2 0 1 308 1534 1628
3698 2 2 0 1 628 1628 1534
3699 2 2 0 1 456 1250 1741
3700 2 2 0 1 472 1742 1251
3701 2 2 0 1 446 1800 1223
3702 2 2 0 1 606 1586 2016
3703 2 2 0 1 641 1514 1915
3704 2 2 0 1 640 1511 1914
3705 2 2 0 1 642 1512 1912
3706 2 2 0 1 643 1513 1913
3707 2 2 0 1 810 1912 1512
3708 2 2 0 1 811 1913 1513
3709 2 2 0 1 812 1914 1511
3710 2 2 0 1 809 1915 1514
3711 2 2 0 1 683 1802 1456
3712 2 2 0 1 273 1748 1256
3713 2 2 0 1 915 2017 1334
3714 2 2 0 1 847 1865 1215
3715 2 2 0 1 757 1715 1270
3716 2 2 0 1 682 1201 1890
3717 2 2 0 1 204 1563 1426
3718 2 2 0 1 647 1426 1563
3719 2 2 0 1 333 2037 1539
3720 2 2 0 1 760 1539 2037
3721 2 2 0 1 264 1688 1293
3722 2 2 0 1 292 1311 1650
3723 2 2 0 1 724 1214 1852
3724 2 2 0 1 855 1521 1934
3725 2 2 0 1 496 1808 1236
3726 2 2 0 1 497 1807 1235
3727 2 2 0 1 498 1806 1234
3728 2 2 0 1 499 1809 1237
3729 2 2 0 1 595 1928 1830
3730 2 2 0 1 472 1393 1742
3731 2 2 0 1 618 1742 1393
3732 2 2 0 1 803 2059 1852
3733 2 2 0 1 550 1669 2080
3734 2 2 0 1 625 1453 1555
3735 2 2 0 1 699 1650 1516
3736 2 2 0 1 721 1641 1390
3737 2 2 0 1 854 1455 1620
3738 2 2 0 1 313 1890 2033
3739 2 2 0 1 782 1815 1362
3740 2 2 0 1 785 1816 1363
3741 2 2 0 1 1360 783 1817
3742 2 2 0 1 784 1818 1361
3743 2 2 0 1 181 1917 1224
3744 2 2 0 1 585 1224 1917
3745 2 2 0 1 433 1954 1204
3746 2 2 0 1 432 1951 1203
3747 2 2 0 1 431 1953 1206
3748 2 2 0 1 434 1952 1205
3749 2 2 0 1 634 1666 1326
3750 2 2 0 1 522 1610 1379
3751 2 2 0 1 241 1427 1616
3752 2 2 0 1 610 1616 1427
3753 2 2 0 1 244 1428 1617
3754 2 2 0 1 243 1429 1619
3755 2 2 0 1 242 1430 1618
3756 2 2 0 1 612 1617 1428
3757 2 2 0 1 609 1619 1429
3758 2 2 0 1 611 1618 1430
3759 2 2 0 1 282 2070 1220
3760 2 2 0 1 228 1309 2069
3761 2 2 0 1 264 1879 1231
3762 2 2 0 1 270 1956 1210
3763 2 2 0 1 279 1716 1523
3764 2 2 0 1 278 1717 1524
3765 2 2 0 1 554 1516 1650
3766 2 2 0 1 585 1643 1906
3767 2 2 0 1 425 1220 1926
3768 2 2 0 1 586 1893 1263
3769 2 2 0 1 263 1263 1893
3770 2 2 0 1 408 1733 1980
3771 2 2 0 1 835 1980 1733
3772 2 2 0 1 862 1855 2057
3773 2 2 0 1 477 1651 1463
3774 2 2 0 1 280 1721 1525
3775 2 2 0 1 700 1835 1311
3776 2 2 0 1 274 1425 1706
3777 2 2 0 1 774 1599 1833
3778 2 2 0 1 776 1600 1834
3779 2 2 0 1 526 1834 1600
3780 2 2 0 1 527 1833 1599
3781 2 2 0 1 285 1330 1830
3782 2 2 0 1 595 1830 1330
3783 2 2 0 1 638 1305 1761
3784 2 2 0 1 637 1307 1763
3785 2 2 0 1 639 1306 1762
3786 2 2 0 1 636 1308 1764
3787 2 2 0 1 656 1628 1854
3788 2 2 0 1 277 1725 1526
3789 2 2 0 1 494 1298 1797
3790 2 2 0 1 292 1650 1850
3791 2 2 0 1 890 1378 1885
3792 2 2 0 1 453 1885 1378
3793 2 2 0 1 322 1507 1815
3794 2 2 0 1 325 1510 1816
3795 2 2 0 1 323 1508 1817
3796 2 2 0 1 324 1509 1818
3797 2 2 0 1 652 1815 1507
3798 2 2 0 1 654 1817 1508
3799 2 2 0 1 655 1818 1509
3800 2 2 0 1 653 1816 1510
3801 2 2 0 1 742 1238 1933
3802 2 2 0 1 191 1738 1322
3803 2 2 0 1 588 2070 1230
3804 2 2 0 1 608 1346 1876
3805 2 2 0 1 298 1876 1346
3806 2 2 0 1 646 1955 1493
3807 2 2 0 1 348 1924 1260
3808 2 2 0 1 159 1317 2068
3809 2 2 0 1 222 1611 1490
3810 2 2 0 1 590 1490 1611
3811 2 2 0 1 592 1380 2027
3812 2 2 0 1 552 1401 1683
3813 2 2 0 1 686 2023 1235
3814 2 2 0 1 687 2024 1236
3815 2 2 0 1 688 2022 1237
3816 2 2 0 1 685 2025 1234
3817 2 2 0 1 557 1755 1754
3818 2 2 0 1 943 1754 1755
3819 2 2 0 1 693 2020 1242
3820 2 2 0 1 690 2018 1239
3821 2 2 0 1 691 2019 1240
3822 2 2 0 1 692 2021 1241
3823 2 2 0 1 626 1612 1611
3824 2 2 0 1 590 1611 1612
3825 2 2 0 1 686 1997 1255
3826 2 2 0 1 687 1996 1254
3827 2 2 0 1 688 1998 1253
3828 2 2 0 1 685 1995 1252
3829 2 2 0 1 282 1230 2070
3830 2 2 0 1 901 1385 1910
3831 2 2 0 1 900 1387 1908
3832 2 2 0 1 899 1386 1907
3833 2 2 0 1 898 1388 1909
3834 2 2 0 1 350 2057 1855
3835 2 2 0 1 351 1416 1768
3836 2 2 0 1 165 1863 1333
3837 2 2 0 1 645 1802 1798
3838 2 2 0 1 1044 2079 1498
3839 2 2 0 1 773 1463 1651
3840 2 2 0 1 622 1395 1725
3841 2 2 0 1 710 1828 1323
3842 2 2 0 1 258 1981 1283
3843 2 2 0 1 528 1536 1604
3844 2 2 0 1 358 1491 1684
3845 2 2 0 1 595 1330 2041
3846 2 2 0 1 920 1832 1681
3847 2 2 0 1 251 1681 1832
3848 2 2 0 1 619 1398 1721
3849 2 2 0 1 612 1952 1617
3850 2 2 0 1 609 1951 1619
3851 2 2 0 1 610 1953 1616
3852 2 2 0 1 611 1954 1618
3853 2 2 0 1 439 1528 1710
3854 2 2 0 1 886 1710 1528
3855 2 2 0 1 620 1396 1716
3856 2 2 0 1 621 1397 1717
3857 2 2 0 1 693 1461 2020
3858 2 2 0 1 692 1458 2021
3859 2 2 0 1 690 1459 2018
3860 2 2 0 1 691 1460 2019
3861 2 2 0 1 194 2021 1458
3862 2 2 0 1 193 2018 1459
3863 2 2 0 1 192 2019 1460
3864 2 2 0 1 195 2020 1461
3865 2 2 0 1 623 1927 2032
3866 2 2 0 1 223 2011 1270
3867 2 2 0 1 671 2044 1688
3868 2 2 0 1 933 1948 1433
3869 2 2 0 1 932 1949 1434
3870 2 2 0 1 934 1947 1435
3871 2 2 0 1 935 1950 1436
3872 2 2 0 1 254 1589 1668
3873 2 2 0 1 675 1903 1809
3874 2 2 0 1 674 1902 1806
3875 2 2 0 1 676 1900 1807
3876 2 2 0 1 677 1901 1808
3877 2 2 0 1 537 1625 1622
3878 2 2 0 1 536 1624 1623
3879 2 2 0 1 965 1622 1625
3880 2 2 0 1 964 1623 1624
3881 2 2 0 1 258 1283 2029
3882 2 2 0 1 732 1322 1878
3883 2 2 0 1 582 1942 1461
3884 2 2 0 1 581 1939 1460
3885 2 2 0 1 583 1941 1459
3886 2 2 0 1 580 1940 1458
3887 2 2 0 1 373 1268 2050
3888 2 2 0 1 654 1360 1817
3889 2 2 0 1 655 1361 1818
3890 2 2 0 1 652 1362 1815
3891 2 2 0 1 653 1363 1816
3892 2 2 0 1 306 1852 2059
3893 2 2 0 1 520 1961 1294
3894 2 2 0 1 684 1738 1557
3895 2 2 0 1 191 1557 1738
3896 2 2 0 1 656 1854 1992
3897 2 2 0 1 756 1412 1864
3898 2 2 0 1 702 1741 1424
3899 2 2 0 1 383 1443 1711
3900 2 2 0 1 381 1444 1713
3901 2 2 0 1 382 1445 1712
3902 2 2 0 1 665 1384 1935
3903 2 2 0 1 664 1383 1936
3904 2 2 0 1 662 1381 1937
3905 2 2 0 1 663 1382 1938
3906 2 2 0 1 630 1960 1771
3907 2 2 0 1 631 1958 1772
3908 2 2 0 1 633 1957 1774
3909 2 2 0 1 632 1959 1773
3910 2 2 0 1 795 1771 1960
3911 2 2 0 1 793 1774 1957
3912 2 2 0 1 794 1772 1958
3913 2 2 0 1 792 1773 1959
3914 2 2 0 1 585 1551 2081
3915 2 2 0 1 525 1911 1533
3916 2 2 0 1 642 2040 1724
3917 2 2 0 1 640 2039 1723
3918 2 2 0 1 548 1685 1684
3919 2 2 0 1 966 1684 1685
3920 2 2 0 1 547 1556 1640
3921 2 2 0 1 495 1347 2010
3922 2 2 0 1 380 1479 1709
3923 2 2 0 1 222 1670 1611
3924 2 2 0 1 626 1611 1670
3925 2 2 0 1 270 1353 1880
3926 2 2 0 1 871 1893 1892
3927 2 2 0 1 586 1892 1893
3928 2 2 0 1 968 1746 1745
3929 2 2 0 1 555 1745 1746
3930 2 2 0 1 589 2078 1615
3931 2 2 0 1 555 1432 1765
3932 2 2 0 1 556 1431 1766
3933 2 2 0 1 313 1560 1890
3934 2 2 0 1 682 1890 1560
3935 2 2 0 1 660 1796 2048
3936 2 2 0 1 841 2048 1796
3937 2 2 0 1 551 1493 1708
3938 2 2 0 1 723 1801 1415
3939 2 2 0 1 642 1912 2040
3940 2 2 0 1 640 1914 2039
3941 2 2 0 1 804 1652 1965
3942 2 2 0 1 587 1899 1800
3943 2 2 0 1 767 1678 1730
3944 2 2 0 1 769 1677 1729
3945 2 2 0 1 768 1679 1731
3946 2 2 0 1 770 1680 1728
3947 2 2 0 1 701 2004 1647
3948 2 2 0 1 904 1936 1383
3949 2 2 0 1 902 1937 1381
3950 2 2 0 1 903 1938 1382
3951 2 2 0 1 905 1935 1384
3952 2 2 0 1 202 1964 1335
3953 2 2 0 1 830 1668 1589
3954 2 2 0 1 688 1510 2022
3955 2 2 0 1 686 1508 2023
3956 2 2 0 1 687 1509 2024
3957 2 2 0 1 685 1507 2025
3958 2 2 0 1 325 2022 1510
3959 2 2 0 1 322 2025 1507
3960 2 2 0 1 323 2023 1508
3961 2 2 0 1 324 2024 1509
3962 2 2 0 1 406 1456 1802
3963 2 2 0 1 589 1707 2078
3964 2 2 0 1 613 1962 1621
3965 2 2 0 1 352 1929 1446
3966 2 2 0 1 646 1827 1955
3967 2 2 0 1 498 1573 1896
3968 2 2 0 1 496 1575 1895
3969 2 2 0 1 497 1574 1897
3970 2 2 0 1 499 1576 1898
3971 2 2 0 1 912 1896 1573
3972 2 2 0 1 911 1895 1575
3973 2 2 0 1 910 1897 1574
3974 2 2 0 1 913 1898 1576
3975 2 2 0 1 334 1831 1488
3976 2 2 0 1 647 1692 1663
3977 2 2 0 1 667 1908 1387
3978 2 2 0 1 668 1907 1386
3979 2 2 0 1 666 1910 1385
3980 2 2 0 1 669 1909 1388
3981 2 2 0 1 272 1955 1888
3982 2 2 0 1 212 1334 2017
3983 2 2 0 1 722 1887 1747
3984 2 2 0 1 203 1747 1887
3985 2 2 0 1 849 1905 1454
3986 2 2 0 1 587 2010 1347
3987 2 2 0 1 541 1498 1811
3988 2 2 0 1 806 1888 1955
3989 2 2 0 1 722 1671 1846
3990 2 2 0 1 301 1846 1671
3991 2 2 0 1 605 1488 1831
3992 2 2 0 1 1074 1558 2010
3993 2 2 0 1 301 1671 2081
3994 2 2 0 1 607 1377 2049
3995 2 2 0 1 622 1725 1601
3996 2 2 0 1 619 1721 1588
3997 2 2 0 1 629 1550 1847
3998 2 2 0 1 331 1847 1550
3999 2 2 0 1 163 2038 1359
4000 2 2 0 1 1359 2038 613
4001 2 2 0 1 280 1588 1721
4002 2 2 0 1 618 1663 1692
4003 2 2 0 1 277 1601 1725
4004 2 2 0 1 969 2050 1442
4005 2 2 0 1 711 1454 1905
4006 2 2 0 1 613 1767 1962
4007 2 2 0 1 571 1739 1740
4008 2 2 0 1 834 1740 1739
4009 2 2 0 1 883 1784 1790
4010 2 2 0 1 220 1790 1784
4011 2 2 0 1 573 1735 1736
4012 2 2 0 1 832 1736 1735
4013 2 2 0 1 781 1499 1863
4014 2 2 0 1 594 1446 1929
4015 2 2 0 1 487 1391 2004
4016 2 2 0 1 164 2049 1377
4017 2 2 0 1 84 2084 1366
4018 2 2 0 1 46 2083 1365
4019 2 2 0 1 8 2086 1368
4020 2 2 0 1 122 2085 1367
4021 2 2 0 1 153 1369 2087
4022 2 2 0 1 77 1371 2090
4023 2 2 0 1 115 1370 2089
4024 2 2 0 1 39 1372 2088
4025 2 2 0 1 574 1719 1720
4026 2 2 0 1 828 1720 1719
4027 2 2 0 1 331 1550 2001
4028 2 2 0 1 896 1543 1986
4029 2 2 0 1 461 1435 1947
4030 2 2 0 1 460 1434 1949
4031 2 2 0 1 459 1433 1948
4032 2 2 0 1 462 1436 1950
4033 2 2 0 1 309 1396 2030
4034 2 2 0 1 310 1397 2031
4035 2 2 0 1 620 2030 1396
4036 2 2 0 1 621 2031 1397
4037 2 2 0 1 529 1963 1614
4038 2 2 0 1 379 1848 1554
4039 2 2 0 1 697 1554 1848
4040 2 2 0 1 578 1729 1677
4041 2 2 0 1 577 1731 1679
4042 2 2 0 1 579 1728 1680
4043 2 2 0 1 576 1730 1678
4044 2 2 0 1 193 1459 1941
4045 2 2 0 1 192 1460 1939
4046 2 2 0 1 194 1458 1940
4047 2 2 0 1 195 1461 1942
4048 2 2 0 1 748 2074 1789
4049 2 2 0 1 746 2071 1787
4050 2 2 0 1 747 2072 1786
4051 2 2 0 1 188 2026 1410
4052 2 2 0 1 566 1543 1857
4053 2 2 0 1 565 1542 1858
4054 2 2 0 1 618 1984 1742
4055 2 2 0 1 272 1493 1955
4056 2 2 0 1 644 1887 1846
4057 2 2 0 1 722 1846 1887
4058 2 2 0 1 584 1587 1845
4059 2 2 0 1 862 2057 1517
4060 2 2 0 1 733 2001 1457
4061 2 2 0 1 495 2010 1558
4062 2 2 0 1 655 1967 1578
4063 2 2 0 1 654 1968 1579
4064 2 2 0 1 652 1969 1580
4065 2 2 0 1 653 1966 1577
4066 2 2 0 1 1002 1580 1969
4067 2 2 0 1 1003 1578 1967
4068 2 2 0 1 1004 1579 1968
4069 2 2 0 1 1001 1577 1966
4070 2 2 0 1 594 2077 1530
4071 2 2 0 1 817 1447 2034
4072 2 2 0 1 808 1533 1911
4073 2 2 0 1 732 1878 1886
4074 2 2 0 1 307 1886 1878
4075 2 2 0 1 842 2060 1667
4076 2 2 0 1 348 1667 2060
4077 2 2 0 1 215 1469 2080
4078 2 2 0 1 189 1934 1521
4079 2 2 0 1 202 1530 2077
4080 2 2 0 1 383 1789 2074
4081 2 2 0 1 381 1787 2071
4082 2 2 0 1 380 1786 2072
4083 2 2 0 1 861 1737 1830
4084 2 2 0 1 324 1575 2024
4085 2 2 0 1 323 1574 2023
4086 2 2 0 1 322 1573 2025
4087 2 2 0 1 325 1576 2022
4088 2 2 0 1 1105 1665 1899
4089 2 2 0 1 628 1854 1628
4090 2 2 0 1 281 1612 2002
4091 2 2 0 1 333 1539 2065
4092 2 2 0 1 670 2065 1539
4093 2 2 0 1 957 2068 1478
4094 2 2 0 1 929 1961 1549
4095 2 2 0 1 520 1549 1961
4096 2 2 0 1 350 1487 2057
4097 2 2 0 1 760 1970 1539
4098 2 2 0 1 733 1805 2001
4099 2 2 0 1 331 2001 1805
4100 2 2 0 1 193 1581 2018
4101 2 2 0 1 192 1582 2019
4102 2 2 0 1 194 1583 2021
4103 2 2 0 1 195 1584 2020
4104 2 2 0 1 387 1506 2043
4105 2 2 0 1 709 2043 1506
4106 2 2 0 1 671 1562 2045
4107 2 2 0 1 218 2045 1562
4108 2 2 0 1 285 1830 1737
4109 2 2 0 1 164 2034 1531
4110 2 2 0 1 365 1906 1643
4111 2 2 0 1 695 1608 2063
4112 2 2 0 1 221 2063 1608
4113 2 2 0 1 665 1935 1859
4114 2 2 0 1 664 1936 1860
4115 2 2 0 1 662 1937 1861
4116 2 2 0 1 663 1938 1862
4117 2 2 0 1 161 1899 1665
4118 2 2 0 1 585 1917 1643
4119 2 2 0 1 373 1988 1718
4120 2 2 0 1 708 1718 1988
4121 2 2 0 1 855 1994 2082
4122 2 2 0 1 681 2082 1994
4123 2 2 0 1 1027 1614 1963
4124 2 2 0 1 269 1621 1962
4125 2 2 0 1 702 1645 2092
4126 2 2 0 1 219 2092 1645
4127 2 2 0 1 1182 1689 2030
4128 2 2 0 1 1183 1690 2031
4129 2 2 0 1 301 2081 1551
4130 2 2 0 1 386 1965 1652
4131 2 2 0 1 626 2002 1612
4132 2 2 0 1 713 1894 2037
4133 2 2 0 1 760 2037 1894
4134 2 2 0 1 354 1615 2078
4135 2 2 0 1 217 1992 1854
4136 2 2 0 1 787 1962 1767
4137 2 2 0 1 309 2030 1689
4138 2 2 0 1 310 2031 1690
4139 2 2 0 1 592 2027 1695
4140 2 2 0 1 806 1955 1827
4141 2 2 0 1 1220 2070 1926
4142 2 2 0 1 344 1861 1937
4143 2 2 0 1 346 1860 1936
4144 2 2 0 1 347 1862 1938
4145 2 2 0 1 345 1859 1935
4146 2 2 0 1 897 2080 1669
4147 2 2 0 1 594 1929 2077
4148 2 2 0 1 719 1723 2039
4149 2 2 0 1 718 1724 2040
4150 2 2 0 1 716 2052 1987
4151 2 2 0 1 772 1987 2052
4152 2 2 0 1 867 2078 1707
4153 2 2 0 1 803 2036 2059
4154 2 2 0 1 704 2059 2036
4155 2 2 0 1 456 1741 2091
4156 2 2 0 1 702 2091 1741
4157 2 2 0 1 295 2040 1912
4158 2 2 0 1 296 2039 1914
4159 2 2 0 1 588 1926 2070
4160 2 2 0 1 614 1972 1975
4161 2 2 0 1 615 1971 1976
4162 2 2 0 1 616 1974 1978
4163 2 2 0 1 617 1973 1977
4164 2 2 0 1 986 1978 1974
4165 2 2 0 1 988 1975 1972
4166 2 2 0 1 989 1976 1971
4167 2 2 0 1 987 1977 1973
4168 2 2 0 1 720 2051 1904
4169 2 2 0 1 452 1904 2051
4170 2 2 0 1 872 2044 2045
4171 2 2 0 1 671 2045 2044
4172 2 2 0 1 878 1989 1992
4173 2 2 0 1 656 1992 1989
4174 2 2 0 1 627 2061 2062
4175 2 2 0 1 1035 2062 2061
4176 2 2 0 1 748 2014 2074
4177 2 2 0 1 746 2013 2071
4178 2 2 0 1 747 2012 2072
4179 2 2 0 1 745 2015 2073
4180 2 2 0 1 753 2064 2028
4181 2 2 0 1 758 2028 2064
4182 2 2 0 1 916 2077 1929
4183 2 2 0 1 743 2073 2015
4184 2 2 0 1 742 2072 2012
4185 2 2 0 1 741 2071 2013
4186 2 2 0 1 744 2074 2014
4187 2 2 0 1 2091 2092 870
4188 2 2 0 1 2091 702 2092
$EndElements
