1.14731053E+00 1.14731073E+00 1.14730699E+00 1.14730301E+00 1.14730051E+00 1.14729995E+00 1.14730004E+00 1.14729978E+00 1.14729922E+00 1.14729863E+00 1.14729827E+00 1.14729819E+00 1.14729827E+00 1.14729843E+00 1.14729867E+00 1.14729903E+00 1.14729953E+00 1.14730017E+00 1.14730096E+00 1.14730190E+00 1.14730300E+00 1.14730429E+00 1.14730578E+00 1.14730750E+00 1.14730946E+00 1.14731168E+00 1.14731420E+00 1.14731704E+00 1.14732022E+00 1.14732378E+00 1.14732772E+00 1.14733212E+00 1.14733697E+00 1.14734231E+00 1.14734815E+00 1.14735456E+00 1.14736152E+00 1.14736902E+00 1.14737709E+00 1.14738575E+00 1.14739493E+00 1.14740457E+00 1.14741465E+00 1.14742511E+00 1.14743583E+00 1.14744661E+00 1.14745729E+00 1.14746759E+00 1.14747725E+00 1.14748582E+00 1.14749303E+00 1.14749820E+00 1.14750067E+00 1.14749952E+00 1.14749409E+00 1.14748306E+00 1.14746547E+00 1.14743953E+00 1.14740386E+00 1.14735603E+00 1.14729435E+00 1.14721535E+00 1.14711666E+00 1.14699437E+00 1.14684559E+00 1.14666482E+00 1.14644874E+00 1.14619055E+00 1.14588505E+00 1.14552300E+00 1.14509897E+00 1.14460322E+00 1.14402924E+00 1.14336302E+00 1.14259657E+00 1.14171502E+00 1.14070871E+00 1.13955715E+00 1.13824873E+00 1.13676632E+00 1.13509636E+00 1.13320874E+00 1.13108869E+00 1.12871145E+00 1.12606038E+00 1.12312984E+00 1.11988429E+00 1.11664048E+00 1.11309344E+00 1.10967163E+00 1.10597205E+00 1.10245122E+00 1.09871086E+00 1.09522911E+00 1.09152805E+00 1.08802796E+00 1.08436928E+00 1.08101361E+00 1.07750542E+00 1.07426395E+00 1.07092230E+00 1.06789291E+00 1.06475987E+00 1.06188373E+00 1.05891848E+00 1.05622697E+00 1.05348717E+00 1.05103044E+00 1.04851989E+00 1.04606503E+00 1.04354148E+00 1.04095872E+00 1.03835237E+00 1.03572029E+00 1.03300711E+00 1.03021882E+00 1.02741765E+00 1.02456482E+00 1.02152876E+00 1.01837958E+00 1.01535331E+00 1.01245333E+00 1.00929930E+00 1.00518396E+00 1.00000000E+00
1.24833468E+00 1.24832521E+00 1.24831750E+00 1.24831223E+00 1.24830903E+00 1.24830722E+00 1.24830646E+00 1.24830641E+00 1.24830705E+00 1.24830819E+00 1.24830973E+00 1.24831153E+00 1.24831356E+00 1.24831576E+00 1.24831812E+00 1.24832063E+00 1.24832332E+00 1.24832622E+00 1.24832936E+00 1.24833279E+00 1.24833653E+00 1.24834067E+00 1.24834527E+00 1.24835042E+00 1.24835617E+00 1.24836258E+00 1.24836975E+00 1.24837782E+00 1.24838681E+00 1.24839681E+00 1.24840793E+00 1.24842038E+00 1.24843421E+00 1.24844950E+00 1.24846635E+00 1.24848501E+00 1.24850550E+00 1.24852782E+00 1.24855211E+00 1.24857862E+00 1.24860735E+00 1.24863832E+00 1.24867157E+00 1.24870719E+00 1.24874516E+00 1.24878534E+00 1.24882751E+00 1.24887143E+00 1.24891717E+00 1.24896451E+00 1.24901252E+00 1.24905968E+00 1.24910613E+00 1.24915205E+00 1.24919632E+00 1.24923660E+00 1.24927090E+00 1.24929581E+00 1.24931071E+00 1.24931318E+00 1.24929946E+00 1.24926227E+00 1.24920072E+00 1.24911315E+00 1.24899397E+00 1.24883320E+00 1.24862494E+00 1.24835753E+00 1.24802490E+00 1.24761262E+00 1.24710858E+00 1.24649751E+00 1.24577874E+00 1.24493755E+00 1.24395314E+00 1.24279207E+00 1.24143065E+00 1.23983515E+00 1.23802344E+00 1.23598927E+00 1.23365917E+00 1.23095155E+00 1.22788645E+00 1.22444938E+00 1.22057405E+00 1.21621850E+00 1.21138043E+00 1.20656326E+00 1.20120240E+00 1.19590595E+00 1.19017258E+00 1.18474024E+00 1.17893575E+00 1.17347746E+00 1.16758403E+00 1.16193707E+00 1.15602017E+00 1.15057532E+00 1.14482041E+00 1.13944161E+00 1.13388266E+00 1.12884249E+00 1.12357847E+00 1.11867005E+00 1.11355346E+00 1.10887540E+00 1.10409313E+00 1.09978434E+00 1.09534477E+00 1.09094888E+00 1.08638505E+00 1.08167314E+00 1.07686863E+00 1.07195701E+00 1.06684643E+00 1.06152577E+00 1.05608546E+00 1.05048928E+00 1.04454821E+00 1.03825158E+00 1.03189916E+00 1.02553966E+00 1.01858654E+00 1.01005458E+00 1.00000000E+00
1.31701781E+00 1.31701621E+00 1.31701960E+00 1.31702679E+00 1.31703711E+00 1.31704949E+00 1.31706346E+00 1.31707825E+00 1.31709357E+00 1.31710894E+00 1.31712418E+00 1.31713895E+00 1.31715325E+00 1.31716702E+00 1.31718018E+00 1.31719271E+00 1.31720476E+00 1.31721649E+00 1.31722800E+00 1.31723957E+00 1.31725131E+00 1.31726340E+00 1.31727595E+00 1.31728924E+00 1.31730342E+00 1.31731870E+00 1.31733530E+00 1.31735370E+00 1.31737404E+00 1.31739645E+00 1.31742101E+00 1.31744814E+00 1.31747831E+00 1.31751186E+00 1.31754871E+00 1.31758930E+00 1.31763382E+00 1.31768237E+00 1.31773535E+00 1.31779370E+00 1.31785773E+00 1.31792738E+00 1.31800218E+00 1.31808215E+00 1.31816832E+00 1.31826121E+00 1.31835999E+00 1.31846450E+00 1.31857572E+00 1.31869371E+00 1.31881537E+00 1.31893758E+00 1.31906447E+00 1.31920017E+00 1.31934038E+00 1.31947890E+00 1.31961192E+00 1.31973369E+00 1.31984688E+00 1.31995065E+00 1.32003736E+00 1.32009501E+00 1.32012626E+00 1.32013427E+00 1.32010766E+00 1.32002783E+00 1.31988584E+00 1.31966536E+00 1.31936194E+00 1.31895723E+00 1.31842976E+00 1.31775828E+00 1.31695137E+00 1.31599710E+00 1.31485570E+00 1.31347058E+00 1.31181056E+00 1.30983503E+00 1.30759310E+00 1.30509286E+00 1.30219383E+00 1.29876200E+00 1.29486399E+00 1.29050480E+00 1.28557639E+00 1.28001572E+00 1.27384162E+00 1.26771143E+00 1.26086882E+00 1.25408325E+00 1.24675312E+00 1.23983084E+00 1.23241857E+00 1.22541872E+00 1.21786360E+00 1.21063362E+00 1.20303860E+00 1.19603374E+00 1.18862727E+00 1.18169721E+00 1.17452306E+00 1.16801654E+00 1.16123284E+00 1.15491570E+00 1.14832736E+00 1.14229036E+00 1.13610250E+00 1.13051797E+00 1.12476480E+00 1.11907241E+00 1.11316584E+00 1.10705410E+00 1.10079894E+00 1.09439611E+00 1.08773984E+00 1.08079409E+00 1.07366047E+00 1.06631652E+00 1.05853895E+00 1.05025628E+00 1.04182291E+00 1.03333370E+00 1.02405911E+00 1.01288331E+00 1.00000000E+00
1.36449251E+00 1.36448441E+00 1.36447979E+00 1.36448001E+00 1.36448409E+00 1.36449107E+00 1.36450068E+00 1.36451233E+00 1.36452587E+00 1.36454092E+00 1.36455693E+00 1.36457323E+00 1.36459001E+00 1.36460733E+00 1.36462476E+00 1.36464206E+00 1.36465961E+00 1.36467761E+00 1.36469624E+00 1.36471606E+00 1.36473714E+00 1.36475948E+00 1.36478308E+00 1.36480821E+00 1.36483521E+00 1.36486439E+00 1.36489621E+00 1.36493158E+00 1.36497066E+00 1.36501332E+00 1.36505934E+00 1.36510940E+00 1.36516491E+00 1.36522655E+00 1.36529367E+00 1.36536669E+00 1.36544628E+00 1.36553280E+00 1.36562706E+00 1.36573100E+00 1.36584506E+00 1.36596849E+00 1.36610006E+00 1.36623991E+00 1.36639084E+00 1.36655427E+00 1.36672845E+00 1.36691337E+00 1.36711094E+00 1.36732120E+00 1.36753867E+00 1.36775865E+00 1.36798995E+00 1.36824094E+00 1.36850259E+00 1.36876309E+00 1.36901772E+00 1.36925983E+00 1.36949584E+00 1.36972677E+00 1.36994065E+00 1.37012058E+00 1.37027180E+00 1.37040100E+00 1.37049106E+00 1.37051438E+00 1.37046038E+00 1.37031015E+00 1.37006094E+00 1.36969150E+00 1.36917175E+00 1.36847486E+00 1.36761731E+00 1.36659084E+00 1.36533964E+00 1.36378790E+00 1.36190055E+00 1.35962976E+00 1.35704811E+00 1.35417933E+00 1.35083164E+00 1.34683102E+00 1.34228133E+00 1.33720162E+00 1.33145567E+00 1.32497232E+00 1.31778151E+00 1.31065340E+00 1.30269865E+00 1.29480946E+00 1.28629677E+00 1.27827386E+00 1.26968143E+00 1.26155432E+00 1.25279602E+00 1.24443085E+00 1.23563268E+00 1.22751021E+00 1.21892731E+00 1.21089733E+00 1.20257902E+00 1.19503625E+00 1.18718584E+00 1.17988804E+00 1.17227962E+00 1.16530054E+00 1.15813839E+00 1.15167301E+00 1.14501571E+00 1.13843203E+00 1.13160262E+00 1.12452797E+00 1.11727521E+00 1.10984960E+00 1.10213420E+00 1.09407342E+00 1.08577780E+00 1.07723318E+00 1.06818765E+00 1.05853069E+00 1.04866210E+00 1.03870844E+00 1.02784287E+00 1.01484245E+00 1.00000000E+00
1.40102057E+00 1.40101208E+00 1.40100044E+00 1.40099602E+00 1.40099649E+00 1.40100006E+00 1.40100611E+00 1.40101379E+00 1.40102325E+00 1.40103453E+00 1.40104688E+00 1.40105963E+00 1.40107362E+00 1.40108955E+00 1.40110647E+00 1.40112386E+00 1.40114268E+00 1.40116351E+00 1.40118660E+00 1.40121305E+00 1.40124287E+00 1.40127568E+00 1.40131115E+00 1.40134942E+00 1.40139110E+00 1.40143677E+00 1.40148711E+00 1.40154359E+00 1.40160618E+00 1.40167416E+00 1.40174701E+00 1.40182586E+00 1.40191328E+00 1.40201033E+00 1.40211547E+00 1.40222917E+00 1.40235270E+00 1.40248685E+00 1.40263282E+00 1.40279348E+00 1.40296905E+00 1.40315775E+00 1.40335764E+00 1.40356924E+00 1.40379729E+00 1.40404399E+00 1.40430650E+00 1.40458508E+00 1.40488239E+00 1.40519827E+00 1.40552480E+00 1.40585538E+00 1.40620302E+00 1.40657969E+00 1.40697143E+00 1.40736052E+00 1.40774235E+00 1.40811063E+00 1.40847485E+00 1.40883741E+00 1.40918173E+00 1.40948548E+00 1.40975562E+00 1.41000141E+00 1.41020101E+00 1.41031893E+00 1.41034393E+00 1.41025546E+00 1.41005207E+00 1.40971056E+00 1.40919279E+00 1.40846564E+00 1.40755265E+00 1.40645076E+00 1.40509094E+00 1.40338169E+00 1.40128600E+00 1.39874904E+00 1.39586067E+00 1.39265788E+00 1.38891146E+00 1.38441840E+00 1.37930934E+00 1.37361203E+00 1.36717096E+00 1.35991312E+00 1.35187529E+00 1.34391978E+00 1.33505384E+00 1.32626958E+00 1.31680026E+00 1.30789208E+00 1.29835936E+00 1.28933970E+00 1.27963407E+00 1.27038025E+00 1.26064342E+00 1.25165175E+00 1.24215723E+00 1.23327698E+00 1.22407535E+00 1.21573439E+00 1.20706515E+00 1.19901740E+00 1.19063058E+00 1.18293252E+00 1.17502778E+00 1.16789412E+00 1.16055277E+00 1.15329443E+00 1.14576502E+00 1.13795841E+00 1.12994813E+00 1.12174855E+00 1.11323197E+00 1.10432597E+00 1.09514995E+00 1.08569622E+00 1.07568522E+00 1.06497656E+00 1.05402048E+00 1.04297861E+00 1.03091868E+00 1.01646769E+00 1.00000000E+00
1.43044423E+00 1.43042940E+00 1.43040020E+00 1.43038679E+00 1.43038552E+00 1.43039456E+00 1.43041223E+00 1.43043655E+00 1.43046732E+00 1.43050391E+00 1.43054435E+00 1.43058636E+00 1.43063090E+00 1.43067839E+00 1.43072695E+00 1.43077534E+00 1.43082509E+00 1.43087679E+00 1.43093052E+00 1.43098780E+00 1.43104861E+00 1.43111226E+00 1.43117817E+00 1.43124641E+00 1.43131817E+00 1.43139462E+00 1.43147682E+00 1.43156691E+00 1.43166461E+00 1.43176854E+00 1.43187801E+00 1.43199482E+00 1.43212290E+00 1.43226364E+00 1.43241461E+00 1.43257647E+00 1.43275125E+00 1.43294025E+00 1.43314505E+00 1.43336926E+00 1.43361275E+00 1.43387262E+00 1.43414643E+00 1.43443521E+00 1.43474560E+00 1.43508030E+00 1.43543544E+00 1.43581164E+00 1.43621221E+00 1.43663662E+00 1.43707444E+00 1.43751682E+00 1.43798032E+00 1.43847994E+00 1.43899718E+00 1.43950877E+00 1.44001081E+00 1.44049794E+00 1.44098190E+00 1.44146591E+00 1.44192875E+00 1.44234263E+00 1.44271583E+00 1.44305970E+00 1.44334867E+00 1.44354061E+00 1.44362411E+00 1.44357719E+00 1.44339936E+00 1.44306619E+00 1.44253195E+00 1.44175707E+00 1.44077187E+00 1.43957946E+00 1.43809980E+00 1.43622835E+00 1.43392732E+00 1.43113613E+00 1.42795708E+00 1.42443689E+00 1.42031891E+00 1.41537893E+00 1.40976683E+00 1.40351655E+00 1.39645908E+00 1.38852208E+00 1.37974741E+00 1.37107721E+00 1.36143267E+00 1.35188991E+00 1.34161276E+00 1.33196150E+00 1.32164620E+00 1.31188789E+00 1.30140117E+00 1.29141743E+00 1.28091234E+00 1.27121146E+00 1.26097487E+00 1.25140349E+00 1.24148464E+00 1.23249670E+00 1.22316519E+00 1.21451234E+00 1.20549834E+00 1.19722082E+00 1.18871832E+00 1.18104898E+00 1.17316079E+00 1.16536304E+00 1.15727268E+00 1.14887764E+00 1.14025885E+00 1.13144002E+00 1.12228274E+00 1.11269899E+00 1.10281767E+00 1.09263782E+00 1.08185153E+00 1.07029076E+00 1.05846281E+00 1.04656992E+00 1.03355634E+00 1.01787917E+00 1.00000000E+00
1.14491735E+00 1.14491551E+00 1.14491774E+00 1.14491947E+00 1.14491931E+00 1.14491719E+00 1.14491474E+00 1.14491329E+00 1.14491266E+00 1.14491242E+00 1.14491219E+00 1.14491185E+00 1.14491158E+00 1.14491151E+00 1.14491164E+00 1.14491192E+00 1.14491234E+00 1.14491289E+00 1.14491359E+00 1.14491447E+00 1.14491552E+00 1.14491677E+00 1.14491822E+00 1.14491990E+00 1.14492182E+00 1.14492401E+00 1.14492649E+00 1.14492929E+00 1.14493242E+00 1.14493593E+00 1.14493983E+00 1.14494416E+00 1.14494895E+00 1.14495420E+00 1.14495996E+00 1.14496624E+00 1.14497307E+00 1.14498043E+00 1.14498832E+00 1.14499676E+00 1.14500570E+00 1.14501507E+00 1.14502484E+00 1.14503494E+00 1.14504523E+00 1.14505552E+00 1.14506565E+00 1.14507531E+00 1.14508425E+00 1.14509202E+00 1.14509829E+00 1.14510234E+00 1.14510357E+00 1.14510106E+00 1.14509412E+00 1.14508138E+00 1.14506187E+00 1.14503374E+00 1.14499560E+00 1.14494499E+00 1.14488017E+00 1.14479772E+00 1.14469531E+00 1.14456895E+00 1.14441569E+00 1.14423003E+00 1.14400846E+00 1.14374396E+00 1.14343157E+00 1.14306261E+00 1.14263151E+00 1.14212810E+00 1.14154556E+00 1.14087041E+00 1.14009479E+00 1.13920351E+00 1.13818726E+00 1.13702631E+00 1.13570865E+00 1.13421629E+00 1.13253596E+00 1.13063951E+00 1.12851275E+00 1.12613139E+00 1.12347839E+00 1.12054824E+00 1.11730341E+00 1.11406112E+00 1.11051871E+00 1.10710743E+00 1.10342730E+00 1.09993601E+00 1.09622202E+00 1.09274787E+00 1.08906170E+00 1.08560006E+00 1.08198447E+00 1.07866100E+00 1.07519091E+00 1.07199293E+00 1.06869190E+00 1.06569036E+00 1.06258970E+00 1.05975596E+00 1.05684008E+00 1.05419457E+00 1.05149700E+00 1.04907257E+00 1.04659658E+00 1.04418390E+00 1.04170986E+00 1.03918144E+00 1.03662642E+00 1.03404248E+00 1.03138275E+00 1.02865604E+00 1.02591594E+00 1.02314776E+00 1.02023960E+00 1.01721926E+00 1.01426955E+00 1.01144266E+00 1.00844444E+00 1.00466177E+00 1.00000000E+00
1.23861297E+00 1.23859299E+00 1.23857292E+00 1.23855369E+00 1.23853495E+00 1.23851721E+00 1.23850100E+00 1.23848690E+00 1.23847486E+00 1.23846478E+00 1.23845647E+00 1.23844979E+00 1.23844463E+00 1.23844083E+00 1.23843827E+00 1.23843678E+00 1.23843629E+00 1.23843666E+00 1.23843787E+00 1.23843982E+00 1.23844250E+00 1.23844589E+00 1.23844999E+00 1.23845482E+00 1.23846040E+00 1.23846677E+00 1.23847397E+00 1.23848210E+00 1.23849120E+00 1.23850136E+00 1.23851265E+00 1.23852522E+00 1.23853915E+00 1.23855452E+00 1.23857142E+00 1.23859001E+00 1.23861035E+00 1.23863251E+00 1.23865659E+00 1.23868273E+00 1.23871097E+00 1.23874131E+00 1.23877378E+00 1.23880836E+00 1.23884502E+00 1.23888361E+00 1.23892393E+00 1.23896570E+00 1.23900877E+00 1.23905261E+00 1.23909659E+00 1.23913953E+00 1.23918113E+00 1.23922077E+00 1.23925708E+00 1.23928766E+00 1.23931097E+00 1.23932397E+00 1.23932513E+00 1.23931097E+00 1.23927848E+00 1.23922178E+00 1.23913841E+00 1.23902388E+00 1.23887259E+00 1.23867479E+00 1.23842475E+00 1.23811066E+00 1.23772578E+00 1.23725659E+00 1.23669271E+00 1.23601849E+00 1.23522674E+00 1.23429776E+00 1.23321473E+00 1.23194940E+00 1.23048488E+00 1.22879129E+00 1.22686500E+00 1.22468234E+00 1.22219531E+00 1.21934872E+00 1.21614371E+00 1.21254816E+00 1.20851407E+00 1.20402402E+00 1.19904148E+00 1.19406107E+00 1.18856144E+00 1.18320709E+00 1.17743343E+00 1.17196093E+00 1.16610503E+00 1.16059624E+00 1.15470681E+00 1.14913385E+00 1.14330095E+00 1.13792511E+00 1.13227232E+00 1.12702443E+00 1.12160558E+00 1.11668291E+00 1.11156356E+00 1.10683433E+00 1.10192918E+00 1.09745483E+00 1.09288357E+00 1.08876641E+00 1.08454015E+00 1.08038640E+00 1.07609785E+00 1.07168915E+00 1.06720893E+00 1.06264605E+00 1.05792003E+00 1.05303158E+00 1.04806467E+00 1.04299725E+00 1.03767793E+00 1.03210981E+00 1.02652175E+00 1.02097998E+00 1.01509586E+00 1.00810595E+00 1.00000000E+00
1.30736262E+00 1.30735098E+00 1.30734247E+00 1.30733656E+00 1.30733292E+00 1.30733101E+00 1.30733063E+00 1.30733145E+00 1.30733332E+00 1.30733602E+00 1.30733945E+00 1.30734347E+00 1.30734805E+00 1.30735315E+00 1.30735874E+00 1.30736482E+00 1.30737144E+00 1.30737867E+00 1.30738657E+00 1.30739528E+00 1.30740486E+00 1.30741543E+00 1.30742706E+00 1.30743995E+00 1.30745422E+00 1.30747007E+00 1.30748764E+00 1.30750725E+00 1.30752903E+00 1.30755315E+00 1.30757974E+00 1.30760915E+00 1.30764171E+00 1.30767769E+00 1.30771710E+00 1.30776031E+00 1.30780756E+00 1.30785910E+00 1.30791516E+00 1.30797624E+00 1.30804249E+00 1.30811388E+00 1.30819026E+00 1.30827171E+00 1.30835871E+00 1.30845132E+00 1.30854896E+00 1.30865135E+00 1.30875858E+00 1.30886995E+00 1.30898377E+00 1.30909813E+00 1.30921399E+00 1.30933146E+00 1.30944712E+00 1.30955595E+00 1.30965569E+00 1.30974176E+00 1.30981318E+00 1.30986531E+00 1.30989265E+00 1.30988609E+00 1.30984289E+00 1.30975778E+00 1.30962120E+00 1.30941701E+00 1.30913680E+00 1.30876366E+00 1.30828997E+00 1.30769725E+00 1.30696855E+00 1.30608225E+00 1.30503236E+00 1.30379522E+00 1.30234233E+00 1.30063107E+00 1.29864110E+00 1.29633761E+00 1.29372679E+00 1.29078187E+00 1.28742032E+00 1.28356465E+00 1.27923837E+00 1.27440938E+00 1.26900524E+00 1.26300861E+00 1.25638516E+00 1.24979998E+00 1.24254251E+00 1.23548568E+00 1.22790481E+00 1.22075055E+00 1.21310628E+00 1.20591853E+00 1.19825985E+00 1.19103562E+00 1.18347420E+00 1.17650964E+00 1.16920301E+00 1.16242941E+00 1.15544052E+00 1.14910074E+00 1.14252312E+00 1.13645398E+00 1.13016250E+00 1.12442274E+00 1.11855580E+00 1.11327150E+00 1.10785287E+00 1.10253249E+00 1.09704763E+00 1.09140746E+00 1.08566631E+00 1.07981935E+00 1.07377553E+00 1.06752068E+00 1.06114924E+00 1.05464791E+00 1.04785335E+00 1.04074532E+00 1.03357729E+00 1.02644251E+00 1.01889167E+00 1.01006315E+00 1.00000000E+00
1.35651805E+00 1.35650775E+00 1.35650055E+00 1.35649809E+00 1.35649933E+00 1.35650347E+00 1.35651017E+00 1.35651889E+00 1.35652939E+00 1.35654131E+00 1.35655443E+00 1.35656841E+00 1.35658331E+00 1.35659905E+00 1.35661550E+00 1.35663262E+00 1.35665062E+00 1.35666962E+00 1.35668969E+00 1.35671119E+00 1.35673421E+00 1.35675885E+00 1.35678524E+00 1.35681370E+00 1.35684454E+00 1.35687812E+00 1.35691472E+00 1.35695494E+00 1.35699900E+00 1.35704706E+00 1.35709921E+00 1.35715615E+00 1.35721869E+00 1.35728728E+00 1.35736169E+00 1.35744247E+00 1.35753020E+00 1.35762538E+00 1.35772832E+00 1.35783996E+00 1.35796049E+00 1.35808952E+00 1.35822664E+00 1.35837208E+00 1.35852706E+00 1.35869175E+00 1.35886488E+00 1.35904610E+00 1.35923567E+00 1.35943237E+00 1.35963322E+00 1.35983523E+00 1.36004061E+00 1.36025010E+00 1.36045771E+00 1.36065508E+00 1.36083933E+00 1.36100463E+00 1.36115059E+00 1.36127139E+00 1.36135854E+00 1.36139930E+00 1.36139040E+00 1.36132552E+00 1.36119171E+00 1.36096668E+00 1.36064003E+00 1.36019125E+00 1.35961216E+00 1.35888056E+00 1.35797365E+00 1.35686496E+00 1.35555078E+00 1.35400634E+00 1.35219324E+00 1.35005695E+00 1.34757640E+00 1.34471484E+00 1.34148604E+00 1.33786308E+00 1.33373916E+00 1.32902042E+00 1.32374795E+00 1.31789240E+00 1.31136589E+00 1.30415448E+00 1.29622498E+00 1.28837874E+00 1.27976299E+00 1.27140806E+00 1.26245823E+00 1.25404108E+00 1.24506887E+00 1.23664347E+00 1.22769154E+00 1.21927255E+00 1.21046725E+00 1.20236452E+00 1.19388131E+00 1.18602962E+00 1.17793455E+00 1.17059965E+00 1.16300471E+00 1.15600767E+00 1.14876135E+00 1.14215269E+00 1.13539751E+00 1.12931543E+00 1.12308457E+00 1.11697253E+00 1.11067926E+00 1.10420943E+00 1.09762040E+00 1.09091346E+00 1.08399135E+00 1.07682867E+00 1.06952606E+00 1.06207789E+00 1.05431510E+00 1.04620362E+00 1.03801158E+00 1.02984828E+00 1.02122918E+00 1.01125061E+00 1.00000000E+00
1.39394140E+00 1.39392881E+00 1.39391692E+00 1.39391483E+00 1.39391988E+00 1.39393096E+00 1.39394753E+00 1.39396856E+00 1.39399359E+00 1.39402185E+00 1.39405276E+00 1.39408555E+00 1.39412027E+00 1.39415671E+00 1.39419447E+00 1.39423336E+00 1.39427374E+00 1.39431572E+00 1.39435936E+00 1.39440521E+00 1.39445339E+00 1.39450392E+00 1.39455690E+00 1.39461279E+00 1.39467212E+00 1.39473546E+00 1.39480325E+00 1.39487642E+00 1.39495521E+00 1.39503966E+00 1.39512985E+00 1.39522687E+00 1.39533212E+00 1.39544621E+00 1.39556851E+00 1.39569976E+00 1.39584095E+00 1.39599277E+00 1.39615559E+00 1.39633066E+00 1.39651809E+00 1.39671694E+00 1.39692650E+00 1.39714710E+00 1.39738074E+00 1.39762743E+00 1.39788511E+00 1.39815319E+00 1.39843202E+00 1.39871965E+00 1.39901162E+00 1.39930354E+00 1.39959868E+00 1.39989830E+00 1.40019387E+00 1.40047341E+00 1.40073362E+00 1.40096777E+00 1.40117593E+00 1.40135123E+00 1.40148209E+00 1.40155220E+00 1.40155774E+00 1.40149149E+00 1.40133791E+00 1.40106935E+00 1.40067419E+00 1.40012940E+00 1.39942638E+00 1.39854015E+00 1.39744306E+00 1.39610491E+00 1.39452471E+00 1.39267807E+00 1.39051866E+00 1.38798230E+00 1.38504808E+00 1.38167843E+00 1.37789278E+00 1.37366538E+00 1.36887278E+00 1.36340913E+00 1.35732810E+00 1.35060353E+00 1.34313772E+00 1.33492110E+00 1.32592065E+00 1.31704940E+00 1.30734210E+00 1.29795391E+00 1.28791994E+00 1.27850855E+00 1.26849875E+00 1.25911184E+00 1.24915996E+00 1.23982255E+00 1.23006560E+00 1.22109552E+00 1.21171942E+00 1.20305308E+00 1.19412436E+00 1.18604167E+00 1.17768529E+00 1.16999682E+00 1.16204169E+00 1.15478978E+00 1.14737839E+00 1.14070867E+00 1.13388112E+00 1.12718886E+00 1.12030471E+00 1.11323009E+00 1.10602448E+00 1.09869426E+00 1.09113805E+00 1.08332208E+00 1.07535126E+00 1.06722610E+00 1.05877464E+00 1.04995465E+00 1.04104341E+00 1.03215959E+00 1.02279675E+00 1.01203554E+00 1.00000000E+00
1.42446962E+00 1.42445746E+00 1.42443358E+00 1.42442201E+00 1.42441824E+00 1.42442208E+00 1.42443318E+00 1.42445082E+00 1.42447447E+00 1.42450335E+00 1.42453668E+00 1.42457346E+00 1.42461393E+00 1.42465794E+00 1.42470484E+00 1.42475441E+00 1.42480727E+00 1.42486354E+00 1.42492326E+00 1.42498724E+00 1.42505562E+00 1.42512825E+00 1.42520517E+00 1.42528686E+00 1.42537410E+00 1.42546765E+00 1.42556803E+00 1.42567642E+00 1.42579300E+00 1.42591751E+00 1.42604997E+00 1.42619181E+00 1.42634499E+00 1.42651011E+00 1.42668605E+00 1.42687364E+00 1.42707421E+00 1.42728856E+00 1.42751699E+00 1.42776086E+00 1.42802007E+00 1.42829299E+00 1.42857853E+00 1.42887705E+00 1.42919118E+00 1.42952064E+00 1.42986243E+00 1.43021566E+00 1.43058065E+00 1.43095463E+00 1.43133159E+00 1.43170547E+00 1.43208049E+00 1.43245839E+00 1.43282825E+00 1.43317451E+00 1.43349370E+00 1.43377837E+00 1.43402894E+00 1.43423765E+00 1.43439005E+00 1.43446653E+00 1.43446279E+00 1.43437088E+00 1.43417329E+00 1.43383790E+00 1.43335233E+00 1.43269175E+00 1.43184714E+00 1.43079142E+00 1.42949303E+00 1.42791891E+00 1.42607088E+00 1.42392551E+00 1.42143023E+00 1.41851318E+00 1.41515378E+00 1.41131410E+00 1.40701800E+00 1.40224143E+00 1.39684929E+00 1.39072664E+00 1.38393633E+00 1.37645528E+00 1.36817933E+00 1.35910342E+00 1.34919412E+00 1.33945900E+00 1.32883954E+00 1.31859445E+00 1.30766549E+00 1.29743733E+00 1.28658018E+00 1.27641193E+00 1.26565057E+00 1.25557295E+00 1.24505228E+00 1.23538874E+00 1.22530123E+00 1.21598810E+00 1.20639928E+00 1.19772613E+00 1.18877047E+00 1.18053975E+00 1.17203057E+00 1.16427723E+00 1.15635545E+00 1.14923002E+00 1.14194092E+00 1.13480083E+00 1.12746173E+00 1.11992273E+00 1.11224490E+00 1.10443894E+00 1.09640045E+00 1.08808942E+00 1.07961387E+00 1.07097934E+00 1.06201243E+00 1.05266615E+00 1.04322374E+00 1.03380934E+00 1.02390235E+00 1.01258119E+00 1.00000000E+00
1.14166884E+00 1.14166754E+00 1.14166521E+00 1.14166440E+00 1.14166469E+00 1.14166514E+00 1.14166497E+00 1.14166395E+00 1.14166267E+00 1.14166174E+00 1.14166120E+00 1.14166096E+00 1.14166082E+00 1.14166070E+00 1.14166067E+00 1.14166081E+00 1.14166113E+00 1.14166162E+00 1.14166226E+00 1.14166307E+00 1.14166406E+00 1.14166525E+00 1.14166664E+00 1.14166827E+00 1.14167013E+00 1.14167226E+00 1.14167468E+00 1.14167741E+00 1.14168047E+00 1.14168389E+00 1.14168770E+00 1.14169192E+00 1.14169658E+00 1.14170170E+00 1.14170729E+00 1.14171339E+00 1.14172000E+00 1.14172711E+00 1.14173473E+00 1.14174284E+00 1.14175141E+00 1.14176038E+00 1.14176970E+00 1.14177926E+00 1.14178895E+00 1.14179857E+00 1.14180793E+00 1.14181674E+00 1.14182473E+00 1.14183143E+00 1.14183649E+00 1.14183917E+00 1.14183889E+00 1.14183474E+00 1.14182596E+00 1.14181118E+00 1.14178940E+00 1.14175875E+00 1.14171783E+00 1.14166416E+00 1.14159599E+00 1.14150993E+00 1.14140367E+00 1.14127316E+00 1.14111539E+00 1.14092486E+00 1.14069801E+00 1.14042785E+00 1.14010956E+00 1.13973469E+00 1.13929761E+00 1.13878800E+00 1.13819895E+00 1.13751754E+00 1.13673594E+00 1.13583890E+00 1.13481723E+00 1.13365201E+00 1.13233132E+00 1.13083695E+00 1.12915586E+00 1.12726177E+00 1.12514074E+00 1.12276856E+00 1.12012815E+00 1.11721490E+00 1.11399101E+00 1.11077337E+00 1.10726222E+00 1.10388698E+00 1.10025019E+00 1.09680447E+00 1.09313754E+00 1.08970280E+00 1.08606654E+00 1.08266759E+00 1.07911805E+00 1.07585039E+00 1.07244310E+00 1.06930977E+00 1.06607376E+00 1.06312758E+00 1.06008783E+00 1.05731757E+00 1.05447130E+00 1.05189184E+00 1.04926026E+00 1.04689212E+00 1.04447533E+00 1.04212606E+00 1.03972310E+00 1.03727189E+00 1.03479193E+00 1.03228198E+00 1.02970767E+00 1.02707783E+00 1.02443072E+00 1.02176305E+00 1.01898954E+00 1.01611872E+00 1.01328527E+00 1.01056974E+00 1.00775529E+00 1.00427051E+00 1.00000000E+00
1.21798228E+00 1.21796982E+00 1.21795545E+00 1.21794035E+00 1.21792515E+00 1.21791077E+00 1.21789739E+00 1.21788531E+00 1.21787453E+00 1.21786513E+00 1.21785708E+00 1.21785035E+00 1.21784488E+00 1.21784056E+00 1.21783733E+00 1.21783509E+00 1.21783379E+00 1.21783335E+00 1.21783372E+00 1.21783486E+00 1.21783675E+00 1.21783937E+00 1.21784272E+00 1.21784681E+00 1.21785166E+00 1.21785729E+00 1.21786376E+00 1.21787112E+00 1.21787943E+00 1.21788875E+00 1.21789915E+00 1.21791075E+00 1.21792360E+00 1.21793779E+00 1.21795340E+00 1.21797054E+00 1.21798928E+00 1.21800968E+00 1.21803181E+00 1.21805577E+00 1.21808157E+00 1.21810921E+00 1.21813867E+00 1.21816989E+00 1.21820280E+00 1.21823722E+00 1.21827292E+00 1.21830957E+00 1.21834691E+00 1.21838432E+00 1.21842119E+00 1.21845640E+00 1.21848941E+00 1.21851921E+00 1.21854444E+00 1.21856273E+00 1.21857259E+00 1.21857098E+00 1.21855609E+00 1.21852415E+00 1.21847226E+00 1.21839492E+00 1.21828900E+00 1.21814894E+00 1.21796940E+00 1.21774105E+00 1.21745829E+00 1.21710971E+00 1.21668842E+00 1.21618131E+00 1.21557854E+00 1.21486445E+00 1.21403010E+00 1.21305600E+00 1.21192765E+00 1.21061983E+00 1.20911751E+00 1.20739290E+00 1.20543619E+00 1.20322116E+00 1.20071249E+00 1.19786767E+00 1.19467984E+00 1.19111421E+00 1.18713308E+00 1.18273029E+00 1.17786047E+00 1.17300594E+00 1.16768158E+00 1.16254264E+00 1.15701946E+00 1.15179557E+00 1.14621842E+00 1.14098718E+00 1.13543503E+00 1.13022656E+00 1.12478845E+00 1.11978121E+00 1.11454234E+00 1.10970791E+00 1.10472355E+00 1.10019397E+00 1.09550105E+00 1.09119802E+00 1.08675838E+00 1.08272565E+00 1.07861453E+00 1.07491571E+00 1.07113067E+00 1.06743262E+00 1.06363464E+00 1.05975015E+00 1.05581555E+00 1.05182181E+00 1.04770990E+00 1.04348974E+00 1.03922436E+00 1.03490186E+00 1.03041023E+00 1.02575769E+00 1.02110910E+00 1.01654122E+00 1.01181546E+00 1.00632829E+00 1.00000000E+00
1.27726633E+00 1.27725271E+00 1.27724159E+00 1.27723281E+00 1.27722609E+00 1.27722111E+00 1.27721773E+00 1.27721569E+00 1.27721489E+00 1.27721514E+00 1.27721637E+00 1.27721844E+00 1.27722134E+00 1.27722500E+00 1.27722939E+00 1.27723451E+00 1.27724040E+00 1.27724708E+00 1.27725461E+00 1.27726307E+00 1.27727254E+00 1.27728310E+00 1.27729481E+00 1.27730785E+00 1.27732233E+00 1.27733841E+00 1.27735621E+00 1.27737599E+00 1.27739785E+00 1.27742197E+00 1.27744846E+00 1.27747759E+00 1.27750960E+00 1.27754473E+00 1.27758298E+00 1.27762461E+00 1.27766981E+00 1.27771875E+00 1.27777154E+00 1.27782842E+00 1.27788946E+00 1.27795451E+00 1.27802340E+00 1.27809599E+00 1.27817245E+00 1.27825246E+00 1.27833536E+00 1.27842058E+00 1.27850776E+00 1.27859571E+00 1.27868295E+00 1.27876742E+00 1.27884883E+00 1.27892581E+00 1.27899528E+00 1.27905254E+00 1.27909524E+00 1.27911843E+00 1.27911990E+00 1.27909382E+00 1.27903494E+00 1.27893467E+00 1.27878848E+00 1.27858844E+00 1.27832604E+00 1.27798661E+00 1.27756202E+00 1.27703614E+00 1.27640039E+00 1.27563677E+00 1.27473031E+00 1.27366034E+00 1.27241730E+00 1.27097732E+00 1.26931821E+00 1.26740556E+00 1.26522158E+00 1.26273464E+00 1.25993944E+00 1.25680539E+00 1.25327733E+00 1.24930212E+00 1.24488611E+00 1.23999254E+00 1.23456948E+00 1.22861972E+00 1.22209424E+00 1.21564382E+00 1.20860975E+00 1.20185653E+00 1.19464527E+00 1.18786781E+00 1.18066226E+00 1.17392858E+00 1.16681913E+00 1.16018045E+00 1.15326610E+00 1.14691869E+00 1.14030283E+00 1.13421552E+00 1.12795631E+00 1.12228479E+00 1.11642632E+00 1.11106481E+00 1.10554323E+00 1.10053604E+00 1.09543909E+00 1.09086064E+00 1.08618518E+00 1.08162460E+00 1.07695112E+00 1.07217770E+00 1.06734543E+00 1.06244744E+00 1.05741880E+00 1.05226525E+00 1.04705778E+00 1.04178754E+00 1.03633801E+00 1.03071231E+00 1.02508548E+00 1.01954208E+00 1.01383753E+00 1.00734845E+00 1.00000000E+00
1.32114160E+00 1.32112669E+00 1.32111384E+00 1.32110533E+00 1.32110016E+00 1.32109790E+00 1.32109839E+00 1.32110123E+00 1.32110624E+00 1.32111311E+00 1.32112169E+00 1.32113173E+00 1.32114324E+00 1.32115613E+00 1.32117032E+00 1.32118579E+00 1.32120268E+00 1.32122103E+00 1.32124092E+00 1.32126259E+00 1.32128612E+00 1.32131159E+00 1.32133913E+00 1.32136900E+00 1.32140143E+00 1.32143668E+00 1.32147494E+00 1.32151664E+00 1.32156194E+00 1.32161098E+00 1.32166383E+00 1.32172094E+00 1.32178283E+00 1.32184976E+00 1.32192148E+00 1.32199835E+00 1.32208064E+00 1.32216855E+00 1.32226209E+00 1.32236154E+00 1.32246688E+00 1.32257745E+00 1.32269276E+00 1.32281244E+00 1.32293687E+00 1.32306529E+00 1.32319628E+00 1.32332878E+00 1.32346213E+00 1.32359420E+00 1.32372227E+00 1.32384300E+00 1.32395619E+00 1.32405989E+00 1.32414905E+00 1.32421608E+00 1.32425779E+00 1.32426746E+00 1.32424256E+00 1.32417535E+00 1.32405803E+00 1.32387888E+00 1.32363206E+00 1.32330776E+00 1.32289514E+00 1.32237482E+00 1.32173703E+00 1.32096261E+00 1.32004201E+00 1.31895400E+00 1.31767968E+00 1.31619528E+00 1.31449211E+00 1.31254477E+00 1.31032538E+00 1.30779297E+00 1.30492939E+00 1.30170229E+00 1.29811063E+00 1.29412320E+00 1.28967207E+00 1.28469722E+00 1.27921597E+00 1.27319344E+00 1.26656965E+00 1.25935698E+00 1.25150396E+00 1.24379644E+00 1.23544150E+00 1.22746142E+00 1.21898223E+00 1.21105300E+00 1.20265759E+00 1.19483860E+00 1.18661704E+00 1.17897024E+00 1.17102508E+00 1.16375011E+00 1.15619110E+00 1.14925426E+00 1.14213665E+00 1.13570198E+00 1.12907204E+00 1.12301640E+00 1.11679104E+00 1.11115431E+00 1.10542394E+00 1.10028381E+00 1.09504366E+00 1.08994006E+00 1.08471958E+00 1.07939444E+00 1.07400825E+00 1.06855656E+00 1.06297147E+00 1.05725582E+00 1.05148516E+00 1.04565363E+00 1.03964283E+00 1.03345328E+00 1.02726623E+00 1.02117064E+00 1.01491913E+00 1.00788587E+00 1.00000000E+00
1.35522199E+00 1.35520298E+00 1.35518323E+00 1.35517208E+00 1.35516681E+00 1.35516709E+00 1.35517273E+00 1.35518307E+00 1.35519770E+00 1.35521603E+00 1.35523768E+00 1.35526210E+00 1.35528928E+00 1.35531898E+00 1.35535096E+00 1.35538512E+00 1.35542164E+00 1.35546054E+00 1.35550184E+00 1.35554590E+00 1.35559279E+00 1.35564251E+00 1.35569518E+00 1.35575109E+00 1.35581058E+00 1.35587401E+00 1.35594157E+00 1.35601383E+00 1.35609093E+00 1.35617285E+00 1.35625957E+00 1.35635166E+00 1.35644994E+00 1.35655454E+00 1.35666485E+00 1.35678118E+00 1.35690392E+00 1.35703309E+00 1.35716854E+00 1.35731042E+00 1.35745846E+00 1.35761132E+00 1.35776808E+00 1.35792800E+00 1.35809165E+00 1.35825761E+00 1.35842358E+00 1.35858787E+00 1.35874945E+00 1.35890517E+00 1.35905099E+00 1.35918209E+00 1.35929832E+00 1.35939726E+00 1.35947207E+00 1.35951221E+00 1.35951389E+00 1.35946908E+00 1.35937503E+00 1.35922256E+00 1.35900155E+00 1.35869755E+00 1.35830371E+00 1.35780906E+00 1.35720128E+00 1.35645720E+00 1.35556620E+00 1.35450735E+00 1.35327055E+00 1.35183261E+00 1.35017186E+00 1.34826264E+00 1.34609778E+00 1.34365184E+00 1.34089286E+00 1.33777529E+00 1.33428145E+00 1.33037933E+00 1.32607158E+00 1.32132803E+00 1.31607258E+00 1.31024057E+00 1.30385770E+00 1.29689191E+00 1.28927863E+00 1.28103917E+00 1.27212001E+00 1.26341513E+00 1.25402583E+00 1.24509628E+00 1.23564463E+00 1.22684039E+00 1.21755020E+00 1.20892230E+00 1.19987863E+00 1.19149330E+00 1.18279893E+00 1.17485474E+00 1.16662041E+00 1.15907985E+00 1.15135605E+00 1.14438604E+00 1.13721874E+00 1.13068290E+00 1.12397378E+00 1.11790692E+00 1.11174606E+00 1.10622643E+00 1.10060690E+00 1.09514053E+00 1.08955681E+00 1.08386749E+00 1.07811782E+00 1.07230533E+00 1.06636028E+00 1.06028363E+00 1.05415399E+00 1.04796779E+00 1.04160572E+00 1.03506722E+00 1.02853750E+00 1.02210782E+00 1.01553007E+00 1.00818332E+00 1.00000000E+00
1.38287802E+00 1.38285201E+00 1.38281955E+00 1.38280209E+00 1.38279425E+00 1.38279607E+00 1.38280737E+00 1.38282713E+00 1.38285457E+00 1.38288858E+00 1.38292842E+00 1.38297306E+00 1.38302238E+00 1.38307585E+00 1.38313297E+00 1.38319339E+00 1.38325734E+00 1.38332468E+00 1.38339527E+00 1.38346955E+00 1.38354756E+00 1.38362908E+00 1.38371416E+00 1.38380304E+00 1.38389616E+00 1.38399388E+00 1.38409640E+00 1.38420433E+00 1.38431772E+00 1.38443627E+00 1.38455985E+00 1.38468908E+00 1.38482503E+00 1.38496762E+00 1.38511580E+00 1.38526973E+00 1.38542987E+00 1.38559604E+00 1.38576782E+00 1.38594509E+00 1.38612729E+00 1.38631233E+00 1.38649879E+00 1.38668555E+00 1.38687329E+00 1.38705990E+00 1.38724219E+00 1.38741779E+00 1.38758540E+00 1.38774082E+00 1.38787880E+00 1.38799296E+00 1.38808328E+00 1.38814704E+00 1.38817588E+00 1.38815649E+00 1.38808479E+00 1.38795173E+00 1.38775450E+00 1.38748289E+00 1.38712485E+00 1.38666363E+00 1.38609170E+00 1.38539741E+00 1.38456753E+00 1.38357598E+00 1.38241176E+00 1.38105292E+00 1.37948909E+00 1.37769598E+00 1.37564994E+00 1.37332423E+00 1.37071340E+00 1.36779263E+00 1.36452711E+00 1.36086804E+00 1.35679846E+00 1.35228722E+00 1.34734010E+00 1.34192869E+00 1.33597140E+00 1.32940054E+00 1.32224827E+00 1.31448556E+00 1.30604517E+00 1.29695645E+00 1.28716411E+00 1.27765036E+00 1.26743074E+00 1.25774632E+00 1.24752767E+00 1.23803891E+00 1.22805457E+00 1.21880408E+00 1.20913219E+00 1.20018678E+00 1.19092836E+00 1.18248375E+00 1.17374780E+00 1.16576182E+00 1.15759354E+00 1.15023352E+00 1.14267721E+00 1.13579587E+00 1.12874079E+00 1.12236811E+00 1.11590288E+00 1.11011651E+00 1.10423179E+00 1.09851322E+00 1.09267843E+00 1.08673891E+00 1.08074113E+00 1.07468413E+00 1.06849692E+00 1.06217925E+00 1.05581195E+00 1.04939316E+00 1.04280312E+00 1.03604101E+00 1.02929463E+00 1.02265634E+00 1.01587856E+00 1.00834812E+00 1.00000000E+00
1.13761736E+00 1.13762276E+00 1.13762768E+00 1.13763031E+00 1.13763100E+00 1.13763044E+00 1.13762943E+00 1.13762872E+00 1.13762830E+00 1.13762812E+00 1.13762801E+00 1.13762788E+00 1.13762777E+00 1.13762775E+00 1.13762785E+00 1.13762811E+00 1.13762851E+00 1.13762905E+00 1.13762973E+00 1.13763056E+00 1.13763156E+00 1.13763275E+00 1.13763413E+00 1.13763573E+00 1.13763756E+00 1.13763964E+00 1.13764199E+00 1.13764464E+00 1.13764761E+00 1.13765093E+00 1.13765460E+00 1.13765867E+00 1.13766316E+00 1.13766807E+00 1.13767344E+00 1.13767927E+00 1.13768557E+00 1.13769234E+00 1.13769957E+00 1.13770724E+00 1.13771531E+00 1.13772372E+00 1.13773240E+00 1.13774125E+00 1.13775013E+00 1.13775885E+00 1.13776721E+00 1.13777491E+00 1.13778166E+00 1.13778699E+00 1.13779051E+00 1.13779150E+00 1.13778937E+00 1.13778319E+00 1.13777219E+00 1.13775496E+00 1.13773051E+00 1.13769694E+00 1.13765286E+00 1.13759580E+00 1.13752398E+00 1.13743407E+00 1.13732375E+00 1.13718894E+00 1.13702664E+00 1.13683138E+00 1.13659961E+00 1.13632445E+00 1.13600118E+00 1.13562153E+00 1.13517988E+00 1.13466599E+00 1.13407300E+00 1.13338852E+00 1.13260470E+00 1.13170657E+00 1.13068506E+00 1.12952213E+00 1.12820628E+00 1.12671935E+00 1.12504854E+00 1.12316929E+00 1.12106804E+00 1.11872084E+00 1.11611103E+00 1.11323542E+00 1.11005663E+00 1.10688877E+00 1.10343604E+00 1.10012220E+00 1.09655537E+00 1.09317957E+00 1.08958818E+00 1.08622396E+00 1.08266956E+00 1.07935816E+00 1.07589989E+00 1.07271378E+00 1.06939641E+00 1.06635120E+00 1.06320545E+00 1.06033989E+00 1.05738719E+00 1.05470191E+00 1.05194668E+00 1.04945237E+00 1.04690693E+00 1.04461416E+00 1.04227639E+00 1.04000800E+00 1.03769360E+00 1.03533668E+00 1.03294874E+00 1.03052967E+00 1.02805827E+00 1.02554096E+00 1.02299990E+00 1.02043795E+00 1.01780077E+00 1.01508668E+00 1.01238032E+00 1.00977516E+00 1.00714829E+00 1.00394884E+00 1.00000000E+00
1.18915001E+00 1.18914353E+00 1.18913497E+00 1.18912545E+00 1.18911538E+00 1.18910543E+00 1.18909577E+00 1.18908674E+00 1.18907842E+00 1.18907096E+00 1.18906438E+00 1.18905871E+00 1.18905393E+00 1.18905001E+00 1.18904694E+00 1.18904465E+00 1.18904313E+00 1.18904233E+00 1.18904223E+00 1.18904280E+00 1.18904403E+00 1.18904591E+00 1.18904843E+00 1.18905162E+00 1.18905548E+00 1.18906003E+00 1.18906531E+00 1.18907137E+00 1.18907823E+00 1.18908595E+00 1.18909458E+00 1.18910418E+00 1.18911481E+00 1.18912653E+00 1.18913937E+00 1.18915341E+00 1.18916869E+00 1.18918525E+00 1.18920309E+00 1.18922227E+00 1.18924275E+00 1.18926448E+00 1.18928740E+00 1.18931136E+00 1.18933626E+00 1.18936184E+00 1.18938784E+00 1.18941384E+00 1.18943949E+00 1.18946410E+00 1.18948705E+00 1.18950723E+00 1.18952395E+00 1.18953599E+00 1.18954202E+00 1.18953979E+00 1.18952783E+00 1.18950322E+00 1.18946407E+00 1.18940670E+00 1.18932832E+00 1.18922393E+00 1.18909027E+00 1.18892164E+00 1.18871323E+00 1.18845668E+00 1.18814678E+00 1.18777330E+00 1.18732975E+00 1.18680428E+00 1.18618814E+00 1.18546715E+00 1.18463241E+00 1.18366666E+00 1.18255770E+00 1.18128416E+00 1.17983306E+00 1.17818036E+00 1.17631487E+00 1.17421254E+00 1.17184768E+00 1.16918745E+00 1.16622167E+00 1.16291908E+00 1.15925139E+00 1.15521919E+00 1.15077750E+00 1.14636783E+00 1.14156015E+00 1.13694990E+00 1.13200980E+00 1.12735043E+00 1.12239249E+00 1.11775741E+00 1.11286492E+00 1.10830483E+00 1.10355422E+00 1.09918607E+00 1.09463536E+00 1.09045611E+00 1.08615245E+00 1.08224307E+00 1.07820768E+00 1.07453038E+00 1.07075301E+00 1.06733358E+00 1.06385262E+00 1.06072262E+00 1.05752826E+00 1.05442296E+00 1.05124866E+00 1.04801528E+00 1.04474568E+00 1.04143386E+00 1.03804286E+00 1.03458398E+00 1.03109568E+00 1.02757405E+00 1.02394681E+00 1.02022104E+00 1.01650226E+00 1.01287366E+00 1.00921452E+00 1.00497938E+00 1.00000000E+00
1.23101355E+00 1.23099945E+00 1.23098727E+00 1.23097716E+00 1.23096888E+00 1.23096222E+00 1.23095708E+00 1.23095328E+00 1.23095072E+00 1.23094925E+00 1.23094881E+00 1.23094929E+00 1.23095063E+00 1.23095279E+00 1.23095572E+00 1.23095939E+00 1.23096382E+00 1.23096900E+00 1.23097494E+00 1.23098169E+00 1.23098928E+00 1.23099774E+00 1.23100710E+00 1.23101746E+00 1.23102886E+00 1.23104140E+00 1.23105513E+00 1.23107018E+00 1.23108660E+00 1.23110446E+00 1.23112379E+00 1.23114470E+00 1.23116732E+00 1.23119171E+00 1.23121780E+00 1.23124567E+00 1.23127534E+00 1.23130678E+00 1.23133995E+00 1.23137477E+00 1.23141117E+00 1.23144877E+00 1.23148729E+00 1.23152629E+00 1.23156565E+00 1.23160472E+00 1.23164273E+00 1.23167883E+00 1.23171233E+00 1.23174182E+00 1.23176587E+00 1.23178241E+00 1.23179053E+00 1.23178822E+00 1.23177282E+00 1.23174023E+00 1.23168817E+00 1.23161198E+00 1.23150921E+00 1.23137427E+00 1.23120261E+00 1.23098694E+00 1.23072262E+00 1.23040189E+00 1.23001792E+00 1.22955884E+00 1.22901774E+00 1.22838128E+00 1.22764179E+00 1.22678422E+00 1.22579667E+00 1.22466225E+00 1.22337156E+00 1.22190476E+00 1.22024551E+00 1.21836817E+00 1.21625835E+00 1.21389039E+00 1.21125610E+00 1.20832950E+00 1.20507472E+00 1.20145578E+00 1.19747080E+00 1.19308825E+00 1.18827309E+00 1.18303733E+00 1.17733227E+00 1.17172689E+00 1.16566390E+00 1.15989412E+00 1.15376179E+00 1.14802101E+00 1.14194606E+00 1.13629797E+00 1.13037216E+00 1.12487735E+00 1.11917601E+00 1.11395587E+00 1.10854051E+00 1.10358483E+00 1.09850066E+00 1.09389886E+00 1.08916309E+00 1.08485797E+00 1.08044655E+00 1.07646293E+00 1.07241770E+00 1.06878874E+00 1.06509338E+00 1.06150757E+00 1.05784988E+00 1.05413158E+00 1.05037853E+00 1.04658443E+00 1.04270915E+00 1.03876437E+00 1.03479298E+00 1.03079100E+00 1.02668414E+00 1.02248106E+00 1.01829150E+00 1.01419858E+00 1.01008833E+00 1.00541412E+00 1.00000000E+00
1.26278847E+00 1.26277274E+00 1.26275774E+00 1.26274657E+00 1.26273810E+00 1.26273221E+00 1.26272881E+00 1.26272759E+00 1.26272836E+00 1.26273084E+00 1.26273489E+00 1.26274025E+00 1.26274689E+00 1.26275467E+00 1.26276347E+00 1.26277321E+00 1.26278394E+00 1.26279560E+00 1.26280816E+00 1.26282172E+00 1.26283626E+00 1.26285173E+00 1.26286817E+00 1.26288563E+00 1.26290418E+00 1.26292388E+00 1.26294475E+00 1.26296689E+00 1.26299033E+00 1.26301497E+00 1.26304073E+00 1.26306766E+00 1.26309599E+00 1.26312558E+00 1.26315608E+00 1.26318742E+00 1.26321956E+00 1.26325225E+00 1.26328518E+00 1.26331809E+00 1.26335064E+00 1.26338189E+00 1.26341117E+00 1.26343761E+00 1.26346104E+00 1.26348016E+00 1.26349352E+00 1.26349967E+00 1.26349751E+00 1.26348475E+00 1.26345902E+00 1.26341716E+00 1.26335804E+00 1.26327891E+00 1.26317591E+00 1.26304293E+00 1.26287713E+00 1.26267253E+00 1.26242639E+00 1.26213175E+00 1.26178245E+00 1.26136943E+00 1.26088703E+00 1.26032644E+00 1.25967979E+00 1.25893257E+00 1.25807718E+00 1.25709884E+00 1.25598946E+00 1.25473252E+00 1.25331424E+00 1.25171677E+00 1.24993152E+00 1.24793831E+00 1.24571832E+00 1.24324378E+00 1.24050063E+00 1.23746381E+00 1.23412834E+00 1.23046887E+00 1.22644373E+00 1.22201588E+00 1.21719056E+00 1.21193825E+00 1.20622075E+00 1.20006019E+00 1.19340564E+00 1.18692088E+00 1.17995476E+00 1.17336711E+00 1.16640762E+00 1.15992917E+00 1.15310550E+00 1.14678857E+00 1.14019060E+00 1.13409735E+00 1.12779494E+00 1.12204272E+00 1.11609452E+00 1.11066638E+00 1.10511218E+00 1.10009777E+00 1.09494947E+00 1.09027856E+00 1.08550144E+00 1.08119547E+00 1.07683054E+00 1.07292127E+00 1.06894694E+00 1.06509595E+00 1.06117393E+00 1.05719278E+00 1.05317988E+00 1.04912899E+00 1.04499856E+00 1.04080037E+00 1.03657956E+00 1.03233236E+00 1.02798389E+00 1.02354377E+00 1.01912373E+00 1.01480665E+00 1.01048269E+00 1.00560720E+00 1.00000000E+00
1.28784244E+00 1.28782159E+00 1.28779755E+00 1.28778053E+00 1.28776755E+00 1.28775885E+00 1.28775441E+00 1.28775370E+00 1.28775631E+00 1.28776167E+00 1.28776944E+00 1.28777909E+00 1.28779049E+00 1.28780329E+00 1.28781724E+00 1.28783210E+00 1.28784786E+00 1.28786435E+00 1.28788142E+00 1.28789914E+00 1.28791743E+00 1.28793606E+00 1.28795499E+00 1.28797418E+00 1.28799369E+00 1.28801347E+00 1.28803346E+00 1.28805370E+00 1.28807411E+00 1.28809434E+00 1.28811413E+00 1.28813346E+00 1.28815259E+00 1.28817114E+00 1.28818839E+00 1.28820407E+00 1.28821806E+00 1.28822980E+00 1.28823873E+00 1.28824428E+00 1.28824585E+00 1.28824191E+00 1.28823137E+00 1.28821293E+00 1.28818641E+00 1.28814988E+00 1.28810124E+00 1.28803848E+00 1.28796021E+00 1.28786338E+00 1.28774479E+00 1.28760028E+00 1.28742861E+00 1.28722667E+00 1.28698968E+00 1.28670978E+00 1.28638388E+00 1.28600525E+00 1.28557105E+00 1.28507361E+00 1.28450556E+00 1.28385656E+00 1.28312040E+00 1.28228798E+00 1.28135102E+00 1.28029328E+00 1.27910702E+00 1.27777702E+00 1.27629520E+00 1.27464457E+00 1.27281033E+00 1.27077450E+00 1.26852972E+00 1.26605642E+00 1.26333430E+00 1.26033465E+00 1.25704420E+00 1.25343911E+00 1.24951717E+00 1.24525448E+00 1.24060590E+00 1.23553430E+00 1.23005029E+00 1.22412665E+00 1.21772363E+00 1.21087149E+00 1.20351771E+00 1.19639504E+00 1.18878357E+00 1.18161971E+00 1.17408485E+00 1.16709967E+00 1.15976809E+00 1.15300273E+00 1.14595920E+00 1.13947379E+00 1.13278160E+00 1.12668776E+00 1.12040093E+00 1.11467549E+00 1.10882832E+00 1.10355914E+00 1.09815837E+00 1.09326550E+00 1.08826830E+00 1.08376998E+00 1.07921585E+00 1.07514205E+00 1.07100520E+00 1.06700087E+00 1.06292718E+00 1.05879645E+00 1.05463703E+00 1.05044269E+00 1.04617100E+00 1.04183391E+00 1.03747791E+00 1.03309935E+00 1.02862311E+00 1.02405960E+00 1.01952168E+00 1.01509175E+00 1.01066270E+00 1.00569286E+00 1.00000000E+00
1.30830560E+00 1.30827678E+00 1.30823779E+00 1.30820982E+00 1.30818724E+00 1.30817100E+00 1.30816122E+00 1.30815711E+00 1.30815795E+00 1.30816275E+00 1.30817092E+00 1.30818150E+00 1.30819424E+00 1.30820847E+00 1.30822373E+00 1.30823950E+00 1.30825575E+00 1.30827207E+00 1.30828814E+00 1.30830398E+00 1.30831941E+00 1.30833393E+00 1.30834743E+00 1.30835970E+00 1.30837078E+00 1.30838050E+00 1.30838867E+00 1.30839526E+00 1.30840005E+00 1.30840238E+00 1.30840186E+00 1.30839831E+00 1.30839208E+00 1.30838250E+00 1.30836849E+00 1.30834956E+00 1.30832555E+00 1.30829561E+00 1.30825892E+00 1.30821461E+00 1.30816188E+00 1.30809864E+00 1.30802344E+00 1.30793463E+00 1.30783205E+00 1.30771326E+00 1.30757559E+00 1.30741661E+00 1.30723475E+00 1.30702640E+00 1.30678767E+00 1.30651356E+00 1.30620285E+00 1.30585236E+00 1.30545665E+00 1.30500643E+00 1.30449859E+00 1.30392603E+00 1.30328597E+00 1.30257042E+00 1.30177116E+00 1.30087704E+00 1.29988156E+00 1.29877573E+00 1.29755124E+00 1.29619070E+00 1.29468657E+00 1.29302368E+00 1.29119415E+00 1.28918104E+00 1.28696901E+00 1.28454039E+00 1.28188906E+00 1.27899640E+00 1.27584123E+00 1.27239449E+00 1.26864380E+00 1.26456662E+00 1.26016315E+00 1.25541098E+00 1.25026276E+00 1.24468169E+00 1.23868253E+00 1.23224012E+00 1.22531390E+00 1.21794053E+00 1.21006634E+00 1.20247478E+00 1.19439471E+00 1.18681739E+00 1.17887434E+00 1.17153368E+00 1.16384957E+00 1.15677628E+00 1.14943000E+00 1.14268089E+00 1.13572919E+00 1.12941008E+00 1.12290210E+00 1.11698436E+00 1.11094957E+00 1.10551889E+00 1.09995944E+00 1.09492822E+00 1.08979506E+00 1.08517897E+00 1.08051014E+00 1.07633752E+00 1.07210387E+00 1.06800895E+00 1.06384641E+00 1.05962892E+00 1.05538551E+00 1.05110988E+00 1.04675901E+00 1.04234502E+00 1.03791534E+00 1.03346631E+00 1.02892273E+00 1.02429570E+00 1.01969872E+00 1.01521363E+00 1.01073528E+00 1.00572511E+00 1.00000000E+00
1.13276173E+00 1.13276874E+00 1.13277772E+00 1.13278278E+00 1.13278397E+00 1.13278246E+00 1.13278036E+00 1.13277942E+00 1.13277938E+00 1.13277974E+00 1.13278004E+00 1.13278005E+00 1.13277997E+00 1.13278001E+00 1.13278022E+00 1.13278058E+00 1.13278107E+00 1.13278166E+00 1.13278237E+00 1.13278321E+00 1.13278422E+00 1.13278540E+00 1.13278676E+00 1.13278832E+00 1.13279009E+00 1.13279210E+00 1.13279436E+00 1.13279690E+00 1.13279974E+00 1.13280289E+00 1.13280639E+00 1.13281025E+00 1.13281449E+00 1.13281912E+00 1.13282416E+00 1.13282963E+00 1.13283551E+00 1.13284181E+00 1.13284851E+00 1.13285558E+00 1.13286298E+00 1.13287063E+00 1.13287848E+00 1.13288638E+00 1.13289421E+00 1.13290176E+00 1.13290883E+00 1.13291510E+00 1.13292028E+00 1.13292387E+00 1.13292549E+00 1.13292439E+00 1.13292000E+00 1.13291137E+00 1.13289770E+00 1.13287759E+00 1.13285003E+00 1.13281314E+00 1.13276554E+00 1.13270477E+00 1.13262905E+00 1.13253511E+00 1.13242067E+00 1.13228163E+00 1.13211504E+00 1.13191555E+00 1.13167961E+00 1.13140054E+00 1.13107377E+00 1.13069124E+00 1.13024737E+00 1.12973223E+00 1.12913908E+00 1.12845611E+00 1.12767549E+00 1.12678284E+00 1.12576924E+00 1.12461762E+00 1.12331712E+00 1.12184990E+00 1.12020338E+00 1.11835485E+00 1.11629123E+00 1.11398916E+00 1.11143276E+00 1.10862030E+00 1.10551524E+00 1.10242583E+00 1.09906228E+00 1.09583881E+00 1.09237286E+00 1.08909571E+00 1.08561143E+00 1.08234858E+00 1.07890727E+00 1.07570936E+00 1.07236874E+00 1.06928980E+00 1.06608868E+00 1.06315409E+00 1.06012195E+00 1.05735900E+00 1.05451559E+00 1.05193341E+00 1.04928697E+00 1.04689299E+00 1.04444898E+00 1.04224566E+00 1.04000140E+00 1.03782581E+00 1.03561149E+00 1.03335942E+00 1.03107344E+00 1.02875443E+00 1.02639513E+00 1.02399783E+00 1.02156982E+00 1.01911644E+00 1.01661840E+00 1.01406876E+00 1.01149802E+00 1.00899810E+00 1.00656924E+00 1.00366735E+00 1.00000000E+00
1.15195189E+00 1.15195216E+00 1.15195095E+00 1.15194880E+00 1.15194590E+00 1.15194261E+00 1.15193908E+00 1.15193555E+00 1.15193211E+00 1.15192889E+00 1.15192592E+00 1.15192326E+00 1.15192095E+00 1.15191899E+00 1.15191741E+00 1.15191621E+00 1.15191538E+00 1.15191494E+00 1.15191487E+00 1.15191519E+00 1.15191588E+00 1.15191697E+00 1.15191845E+00 1.15192033E+00 1.15192263E+00 1.15192536E+00 1.15192854E+00 1.15193219E+00 1.15193633E+00 1.15194098E+00 1.15194617E+00 1.15195193E+00 1.15195827E+00 1.15196522E+00 1.15197278E+00 1.15198097E+00 1.15198980E+00 1.15199924E+00 1.15200930E+00 1.15201991E+00 1.15203105E+00 1.15204260E+00 1.15205447E+00 1.15206649E+00 1.15207851E+00 1.15209025E+00 1.15210145E+00 1.15211170E+00 1.15212063E+00 1.15212762E+00 1.15213213E+00 1.15213320E+00 1.15213018E+00 1.15212188E+00 1.15210726E+00 1.15208449E+00 1.15205235E+00 1.15200844E+00 1.15195113E+00 1.15187739E+00 1.15178497E+00 1.15166990E+00 1.15152941E+00 1.15135866E+00 1.15115393E+00 1.15090876E+00 1.15061888E+00 1.15027631E+00 1.14987574E+00 1.14940771E+00 1.14886544E+00 1.14823757E+00 1.14751648E+00 1.14668860E+00 1.14574456E+00 1.14466789E+00 1.14344829E+00 1.14206667E+00 1.14051225E+00 1.13876521E+00 1.13680879E+00 1.13461817E+00 1.13218145E+00 1.12947298E+00 1.12647332E+00 1.12318389E+00 1.11956486E+00 1.11597662E+00 1.11207644E+00 1.10834700E+00 1.10435068E+00 1.10058274E+00 1.09658076E+00 1.09284181E+00 1.08890481E+00 1.08524903E+00 1.08143872E+00 1.07793332E+00 1.07429075E+00 1.07095394E+00 1.06751386E+00 1.06438522E+00 1.06116461E+00 1.05824046E+00 1.05524428E+00 1.05253579E+00 1.04977574E+00 1.04729087E+00 1.04475962E+00 1.04230602E+00 1.03980747E+00 1.03726753E+00 1.03469433E+00 1.03208638E+00 1.02943049E+00 1.02673201E+00 1.02400414E+00 1.02124950E+00 1.01844135E+00 1.01557862E+00 1.01270057E+00 1.00989176E+00 1.00715636E+00 1.00395698E+00 1.00000000E+00
1.16851996E+00 1.16850786E+00 1.16849250E+00 1.16847541E+00 1.16845693E+00 1.16843786E+00 1.16841852E+00 1.16839941E+00 1.16838073E+00 1.16836278E+00 1.16834567E+00 1.16832955E+00 1.16831448E+00 1.16830054E+00 1.16828772E+00 1.16827605E+00 1.16826549E+00 1.16825604E+00 1.16824765E+00 1.16824028E+00 1.16823391E+00 1.16822844E+00 1.16822386E+00 1.16822009E+00 1.16821712E+00 1.16821486E+00 1.16821330E+00 1.16821237E+00 1.16821204E+00 1.16821224E+00 1.16821292E+00 1.16821401E+00 1.16821552E+00 1.16821736E+00 1.16821942E+00 1.16822162E+00 1.16822391E+00 1.16822613E+00 1.16822818E+00 1.16822987E+00 1.16823107E+00 1.16823145E+00 1.16823077E+00 1.16822864E+00 1.16822485E+00 1.16821885E+00 1.16821013E+00 1.16819802E+00 1.16818197E+00 1.16816097E+00 1.16813416E+00 1.16810014E+00 1.16805811E+00 1.16800649E+00 1.16794374E+00 1.16786733E+00 1.16777573E+00 1.16766589E+00 1.16753596E+00 1.16738221E+00 1.16720176E+00 1.16698992E+00 1.16674338E+00 1.16645665E+00 1.16612544E+00 1.16574219E+00 1.16530216E+00 1.16479648E+00 1.16421955E+00 1.16356104E+00 1.16281325E+00 1.16196425E+00 1.16100645E+00 1.15992570E+00 1.15871152E+00 1.15734668E+00 1.15582065E+00 1.15411420E+00 1.15221797E+00 1.15011197E+00 1.14777652E+00 1.14518691E+00 1.14233438E+00 1.13919361E+00 1.13574347E+00 1.13199091E+00 1.12789455E+00 1.12386250E+00 1.11950440E+00 1.11535976E+00 1.11094324E+00 1.10679946E+00 1.10241409E+00 1.09833271E+00 1.09405122E+00 1.09008754E+00 1.08596810E+00 1.08218877E+00 1.07827087E+00 1.07468949E+00 1.07100615E+00 1.06766355E+00 1.06422787E+00 1.06111315E+00 1.05792624E+00 1.05504951E+00 1.05212274E+00 1.04949141E+00 1.04681383E+00 1.04422105E+00 1.04158326E+00 1.03890482E+00 1.03619497E+00 1.03345163E+00 1.03066040E+00 1.02782746E+00 1.02496749E+00 1.02208247E+00 1.01914470E+00 1.01615481E+00 1.01315350E+00 1.01022350E+00 1.00737287E+00 1.00406446E+00 1.00000000E+00
1.18089493E+00 1.18087796E+00 1.18085998E+00 1.18084379E+00 1.18082856E+00 1.18081447E+00 1.18080152E+00 1.18078956E+00 1.18077848E+00 1.18076811E+00 1.18075833E+00 1.18074898E+00 1.18073999E+00 1.18073122E+00 1.18072256E+00 1.18071392E+00 1.18070524E+00 1.18069642E+00 1.18068739E+00 1.18067809E+00 1.18066848E+00 1.18065843E+00 1.18064792E+00 1.18063686E+00 1.18062523E+00 1.18061296E+00 1.18059997E+00 1.18058623E+00 1.18057167E+00 1.18055615E+00 1.18053958E+00 1.18052185E+00 1.18050298E+00 1.18048281E+00 1.18046109E+00 1.18043770E+00 1.18041250E+00 1.18038526E+00 1.18035574E+00 1.18032368E+00 1.18028883E+00 1.18025065E+00 1.18020874E+00 1.18016255E+00 1.18011185E+00 1.18005584E+00 1.17999377E+00 1.17992477E+00 1.17984816E+00 1.17976268E+00 1.17966713E+00 1.17955982E+00 1.17943985E+00 1.17930547E+00 1.17915481E+00 1.17898477E+00 1.17879370E+00 1.17857822E+00 1.17833647E+00 1.17806440E+00 1.17775867E+00 1.17741426E+00 1.17702755E+00 1.17659294E+00 1.17610602E+00 1.17555860E+00 1.17494590E+00 1.17425883E+00 1.17349186E+00 1.17263445E+00 1.17167851E+00 1.17061222E+00 1.16942840E+00 1.16811311E+00 1.16665527E+00 1.16503767E+00 1.16325001E+00 1.16127356E+00 1.15910032E+00 1.15671079E+00 1.15408366E+00 1.15119480E+00 1.14803791E+00 1.14458837E+00 1.14082434E+00 1.13675683E+00 1.13234358E+00 1.12802362E+00 1.12337507E+00 1.11897258E+00 1.11430005E+00 1.10993147E+00 1.10532094E+00 1.10104179E+00 1.09656462E+00 1.09242888E+00 1.08813907E+00 1.08421087E+00 1.08014540E+00 1.07643468E+00 1.07262427E+00 1.06917121E+00 1.06562579E+00 1.06241490E+00 1.05913277E+00 1.05617291E+00 1.05316459E+00 1.05046228E+00 1.04771443E+00 1.04505542E+00 1.04235196E+00 1.03960882E+00 1.03683580E+00 1.03403046E+00 1.03117788E+00 1.02828465E+00 1.02536614E+00 1.02242397E+00 1.01943022E+00 1.01638628E+00 1.01333337E+00 1.01035325E+00 1.00745624E+00 1.00410537E+00 1.00000000E+00
1.19079266E+00 1.19077179E+00 1.19074522E+00 1.19072063E+00 1.19069602E+00 1.19067209E+00 1.19064900E+00 1.19062661E+00 1.19060471E+00 1.19058307E+00 1.19056150E+00 1.19053975E+00 1.19051771E+00 1.19049516E+00 1.19047193E+00 1.19044786E+00 1.19042287E+00 1.19039680E+00 1.19036952E+00 1.19034096E+00 1.19031102E+00 1.19027951E+00 1.19024635E+00 1.19021143E+00 1.19017469E+00 1.19013600E+00 1.19009524E+00 1.19005234E+00 1.19000718E+00 1.18995952E+00 1.18990920E+00 1.18985606E+00 1.18980014E+00 1.18974116E+00 1.18967876E+00 1.18961272E+00 1.18954291E+00 1.18946898E+00 1.18939060E+00 1.18930741E+00 1.18921910E+00 1.18912497E+00 1.18902449E+00 1.18891699E+00 1.18880227E+00 1.18867938E+00 1.18854737E+00 1.18840525E+00 1.18825229E+00 1.18808711E+00 1.18790827E+00 1.18771386E+00 1.18750300E+00 1.18727392E+00 1.18702459E+00 1.18675148E+00 1.18645296E+00 1.18612555E+00 1.18576748E+00 1.18537461E+00 1.18494332E+00 1.18446846E+00 1.18394627E+00 1.18337130E+00 1.18273917E+00 1.18204137E+00 1.18127324E+00 1.18042576E+00 1.17949354E+00 1.17846613E+00 1.17733526E+00 1.17608941E+00 1.17472186E+00 1.17321900E+00 1.17156948E+00 1.16975627E+00 1.16776937E+00 1.16559058E+00 1.16321299E+00 1.16061757E+00 1.15778201E+00 1.15468279E+00 1.15131531E+00 1.14765553E+00 1.14368124E+00 1.13940619E+00 1.13478759E+00 1.13028409E+00 1.12545318E+00 1.12089124E+00 1.11606277E+00 1.11155918E+00 1.10681518E+00 1.10242036E+00 1.09783027E+00 1.09359649E+00 1.08921076E+00 1.08519972E+00 1.08105309E+00 1.07727202E+00 1.07339335E+00 1.06988167E+00 1.06627852E+00 1.06301754E+00 1.05968630E+00 1.05668399E+00 1.05363454E+00 1.05089679E+00 1.04811414E+00 1.04542263E+00 1.04268723E+00 1.03991294E+00 1.03710992E+00 1.03427548E+00 1.03139439E+00 1.02847348E+00 1.02552854E+00 1.02256095E+00 1.01954275E+00 1.01647573E+00 1.01340133E+00 1.01040072E+00 1.00748560E+00 1.00411930E+00 1.00000000E+00
1.19871070E+00 1.19868420E+00 1.19864530E+00 1.19860815E+00 1.19856930E+00 1.19853030E+00 1.19849154E+00 1.19845294E+00 1.19841423E+00 1.19837513E+00 1.19833540E+00 1.19829470E+00 1.19825289E+00 1.19820969E+00 1.19816487E+00 1.19811818E+00 1.19806957E+00 1.19801881E+00 1.19796569E+00 1.19791015E+00 1.19785208E+00 1.19779119E+00 1.19772740E+00 1.19766053E+00 1.19759053E+00 1.19751723E+00 1.19744048E+00 1.19736017E+00 1.19727616E+00 1.19718813E+00 1.19709587E+00 1.19699918E+00 1.19689815E+00 1.19679242E+00 1.19668152E+00 1.19656520E+00 1.19644331E+00 1.19631545E+00 1.19618123E+00 1.19604023E+00 1.19589211E+00 1.19573605E+00 1.19557146E+00 1.19539759E+00 1.19521430E+00 1.19502054E+00 1.19481523E+00 1.19459734E+00 1.19436614E+00 1.19412016E+00 1.19385784E+00 1.19357713E+00 1.19327719E+00 1.19295634E+00 1.19261246E+00 1.19224170E+00 1.19184256E+00 1.19141152E+00 1.19094695E+00 1.19044471E+00 1.18990103E+00 1.18931073E+00 1.18867001E+00 1.18797362E+00 1.18721729E+00 1.18639233E+00 1.18549424E+00 1.18451417E+00 1.18344689E+00 1.18228209E+00 1.18101146E+00 1.17962378E+00 1.17811273E+00 1.17646506E+00 1.17466921E+00 1.17270842E+00 1.17057292E+00 1.16824498E+00 1.16571853E+00 1.16297494E+00 1.15999116E+00 1.15674419E+00 1.15323070E+00 1.14942705E+00 1.14531075E+00 1.14089745E+00 1.13614406E+00 1.13152182E+00 1.12657449E+00 1.12191214E+00 1.11698694E+00 1.11240076E+00 1.10757610E+00 1.10311236E+00 1.09845598E+00 1.09416536E+00 1.08972476E+00 1.08566700E+00 1.08147517E+00 1.07765543E+00 1.07373988E+00 1.07019699E+00 1.06656346E+00 1.06327643E+00 1.05991998E+00 1.05689620E+00 1.05382632E+00 1.05107124E+00 1.04827180E+00 1.04556480E+00 1.04281436E+00 1.04002567E+00 1.03720912E+00 1.03436183E+00 1.03146835E+00 1.02853570E+00 1.02557993E+00 1.02260223E+00 1.01957467E+00 1.01649931E+00 1.01341766E+00 1.01041044E+00 1.00749033E+00 1.00412096E+00 1.00000000E+00
1.11955426E+00 1.11954776E+00 1.11955074E+00 1.11955654E+00 1.11956040E+00 1.11955947E+00 1.11955624E+00 1.11955363E+00 1.11955247E+00 1.11955267E+00 1.11955318E+00 1.11955323E+00 1.11955301E+00 1.11955282E+00 1.11955281E+00 1.11955302E+00 1.11955333E+00 1.11955371E+00 1.11955415E+00 1.11955471E+00 1.11955539E+00 1.11955621E+00 1.11955718E+00 1.11955830E+00 1.11955960E+00 1.11956109E+00 1.11956279E+00 1.11956474E+00 1.11956694E+00 1.11956943E+00 1.11957222E+00 1.11957535E+00 1.11957885E+00 1.11958274E+00 1.11958704E+00 1.11959180E+00 1.11959703E+00 1.11960274E+00 1.11960894E+00 1.11961568E+00 1.11962293E+00 1.11963065E+00 1.11963884E+00 1.11964750E+00 1.11965655E+00 1.11966587E+00 1.11967538E+00 1.11968488E+00 1.11969421E+00 1.11970308E+00 1.11971130E+00 1.11971842E+00 1.11972396E+00 1.11972726E+00 1.11972784E+00 1.11972473E+00 1.11971723E+00 1.11970402E+00 1.11968405E+00 1.11965544E+00 1.11961693E+00 1.11956576E+00 1.11950012E+00 1.11941690E+00 1.11931382E+00 1.11918644E+00 1.11903211E+00 1.11884534E+00 1.11862183E+00 1.11835388E+00 1.11803700E+00 1.11766318E+00 1.11722695E+00 1.11671633E+00 1.11612452E+00 1.11543874E+00 1.11465079E+00 1.11374307E+00 1.11270535E+00 1.11152244E+00 1.11018254E+00 1.10865963E+00 1.10694028E+00 1.10500214E+00 1.10283098E+00 1.10042104E+00 1.09774063E+00 1.09504920E+00 1.09209714E+00 1.08924382E+00 1.08615160E+00 1.08320116E+00 1.08006058E+00 1.07713410E+00 1.07402304E+00 1.07108109E+00 1.06800187E+00 1.06517685E+00 1.06222920E+00 1.05951227E+00 1.05670760E+00 1.05415779E+00 1.05152628E+00 1.04912523E+00 1.04665977E+00 1.04442693E+00 1.04215230E+00 1.04011019E+00 1.03803021E+00 1.03601109E+00 1.03394881E+00 1.03184563E+00 1.02972451E+00 1.02759083E+00 1.02541087E+00 1.02318886E+00 1.02096337E+00 1.01870387E+00 1.01632548E+00 1.01391084E+00 1.01161889E+00 1.00941072E+00 1.00703890E+00 1.00395748E+00 1.00000000E+00
1.16246274E+00 1.16245198E+00 1.16244766E+00 1.16245151E+00 1.16245903E+00 1.16246625E+00 1.16247298E+00 1.16247962E+00 1.16248675E+00 1.16249417E+00 1.16250136E+00 1.16250787E+00 1.16251376E+00 1.16251912E+00 1.16252396E+00 1.16252830E+00 1.16253213E+00 1.16253552E+00 1.16253852E+00 1.16254123E+00 1.16254369E+00 1.16254599E+00 1.16254819E+00 1.16255039E+00 1.16255263E+00 1.16255499E+00 1.16255753E+00 1.16256039E+00 1.16256359E+00 1.16256722E+00 1.16257132E+00 1.16257603E+00 1.16258144E+00 1.16258765E+00 1.16259471E+00 1.16260280E+00 1.16261197E+00 1.16262228E+00 1.16263386E+00 1.16264700E+00 1.16266181E+00 1.16267840E+00 1.16269678E+00 1.16271712E+00 1.16273968E+00 1.16276464E+00 1.16279194E+00 1.16282172E+00 1.16285431E+00 1.16288991E+00 1.16292793E+00 1.16296782E+00 1.16301051E+00 1.16305708E+00 1.16310680E+00 1.16315870E+00 1.16321177E+00 1.16326447E+00 1.16331737E+00 1.16337002E+00 1.16342028E+00 1.16346448E+00 1.16350332E+00 1.16353767E+00 1.16356381E+00 1.16357619E+00 1.16357176E+00 1.16354424E+00 1.16349032E+00 1.16340102E+00 1.16326839E+00 1.16308444E+00 1.16285015E+00 1.16255546E+00 1.16218414E+00 1.16171288E+00 1.16112659E+00 1.16040421E+00 1.15955684E+00 1.15857329E+00 1.15739972E+00 1.15598282E+00 1.15433325E+00 1.15243229E+00 1.15023276E+00 1.14770348E+00 1.14483553E+00 1.14191595E+00 1.13860391E+00 1.13528832E+00 1.13166023E+00 1.12817997E+00 1.12441685E+00 1.12083881E+00 1.11693919E+00 1.11318453E+00 1.10923515E+00 1.10557922E+00 1.10169581E+00 1.09804979E+00 1.09425635E+00 1.09078746E+00 1.08714800E+00 1.08375584E+00 1.08021695E+00 1.07697268E+00 1.07364151E+00 1.07062472E+00 1.06750729E+00 1.06441844E+00 1.06120921E+00 1.05789408E+00 1.05450714E+00 1.05103195E+00 1.04740789E+00 1.04364092E+00 1.03978925E+00 1.03579750E+00 1.03153947E+00 1.02708774E+00 1.02264403E+00 1.01814001E+00 1.01320930E+00 1.00718254E+00 1.00000000E+00
1.19949258E+00 1.19950621E+00 1.19951736E+00 1.19952770E+00 1.19953704E+00 1.19954542E+00 1.19955286E+00 1.19955941E+00 1.19956520E+00 1.19957041E+00 1.19957499E+00 1.19957897E+00 1.19958251E+00 1.19958579E+00 1.19958869E+00 1.19959120E+00 1.19959347E+00 1.19959567E+00 1.19959785E+00 1.19960021E+00 1.19960276E+00 1.19960546E+00 1.19960832E+00 1.19961148E+00 1.19961502E+00 1.19961897E+00 1.19962347E+00 1.19962890E+00 1.19963533E+00 1.19964271E+00 1.19965086E+00 1.19966006E+00 1.19967094E+00 1.19968380E+00 1.19969836E+00 1.19971490E+00 1.19973370E+00 1.19975493E+00 1.19977897E+00 1.19980690E+00 1.19983907E+00 1.19987538E+00 1.19991536E+00 1.19995949E+00 1.20000926E+00 1.20006562E+00 1.20012810E+00 1.20019732E+00 1.20027441E+00 1.20036000E+00 1.20045223E+00 1.20055047E+00 1.20065939E+00 1.20078344E+00 1.20091938E+00 1.20106419E+00 1.20121644E+00 1.20137435E+00 1.20154175E+00 1.20172022E+00 1.20190568E+00 1.20209338E+00 1.20228704E+00 1.20249155E+00 1.20269968E+00 1.20290200E+00 1.20309451E+00 1.20326948E+00 1.20342477E+00 1.20354898E+00 1.20362917E+00 1.20365594E+00 1.20363540E+00 1.20355716E+00 1.20339166E+00 1.20310153E+00 1.20266924E+00 1.20207150E+00 1.20133332E+00 1.20044248E+00 1.19930403E+00 1.19783813E+00 1.19608243E+00 1.19402235E+00 1.19158092E+00 1.18870671E+00 1.18540128E+00 1.18200199E+00 1.17808410E+00 1.17410548E+00 1.16972804E+00 1.16550612E+00 1.16089380E+00 1.15646057E+00 1.15160701E+00 1.14692168E+00 1.14196163E+00 1.13733849E+00 1.13240761E+00 1.12776207E+00 1.12291511E+00 1.11847481E+00 1.11380845E+00 1.10944648E+00 1.10488286E+00 1.10068885E+00 1.09637207E+00 1.09245432E+00 1.08840150E+00 1.08438243E+00 1.08020410E+00 1.07587860E+00 1.07144641E+00 1.06689371E+00 1.06214709E+00 1.05720005E+00 1.05212169E+00 1.04686315E+00 1.04127885E+00 1.03541718E+00 1.02951205E+00 1.02351001E+00 1.01696306E+00 1.00912078E+00 1.00000000E+00
1.22929603E+00 1.22930380E+00 1.22930481E+00 1.22930999E+00 1.22931791E+00 1.22932804E+00 1.22933980E+00 1.22935259E+00 1.22936642E+00 1.22938113E+00 1.22939619E+00 1.22941099E+00 1.22942583E+00 1.22944083E+00 1.22945537E+00 1.22946905E+00 1.22948234E+00 1.22949547E+00 1.22950851E+00 1.22952185E+00 1.22953538E+00 1.22954882E+00 1.22956208E+00 1.22957543E+00 1.22958910E+00 1.22960320E+00 1.22961808E+00 1.22963461E+00 1.22965279E+00 1.22967214E+00 1.22969232E+00 1.22971406E+00 1.22973884E+00 1.22976723E+00 1.22979841E+00 1.22983282E+00 1.22987118E+00 1.22991393E+00 1.22996185E+00 1.23001702E+00 1.23007977E+00 1.23014937E+00 1.23022505E+00 1.23030805E+00 1.23040137E+00 1.23050666E+00 1.23062299E+00 1.23075168E+00 1.23089451E+00 1.23105231E+00 1.23122218E+00 1.23140359E+00 1.23160441E+00 1.23183182E+00 1.23207971E+00 1.23234232E+00 1.23261863E+00 1.23290770E+00 1.23321585E+00 1.23354597E+00 1.23389167E+00 1.23424626E+00 1.23461495E+00 1.23500476E+00 1.23540524E+00 1.23580229E+00 1.23619120E+00 1.23656264E+00 1.23691470E+00 1.23723349E+00 1.23750123E+00 1.23770488E+00 1.23785335E+00 1.23793591E+00 1.23791231E+00 1.23773271E+00 1.23737801E+00 1.23681980E+00 1.23609215E+00 1.23518465E+00 1.23397186E+00 1.23235155E+00 1.23038041E+00 1.22804382E+00 1.22524389E+00 1.22191767E+00 1.21807051E+00 1.21409853E+00 1.20950222E+00 1.20481898E+00 1.19965673E+00 1.19467315E+00 1.18921775E+00 1.18396279E+00 1.17821839E+00 1.17268158E+00 1.16680818E+00 1.16132665E+00 1.15548542E+00 1.14998683E+00 1.14425062E+00 1.13900019E+00 1.13349161E+00 1.12834757E+00 1.12296720E+00 1.11802161E+00 1.11292973E+00 1.10830977E+00 1.10353480E+00 1.09880422E+00 1.09389025E+00 1.08880125E+00 1.08358325E+00 1.07822799E+00 1.07265178E+00 1.06683518E+00 1.06085578E+00 1.05467207E+00 1.04812493E+00 1.04124591E+00 1.03429414E+00 1.02723122E+00 1.01955195E+00 1.01045052E+00 1.00000000E+00
1.25430879E+00 1.25429203E+00 1.25425963E+00 1.25424338E+00 1.25423925E+00 1.25424540E+00 1.25425979E+00 1.25428016E+00 1.25430594E+00 1.25433590E+00 1.25436846E+00 1.25440173E+00 1.25443602E+00 1.25447113E+00 1.25450568E+00 1.25453870E+00 1.25457101E+00 1.25460287E+00 1.25463428E+00 1.25466588E+00 1.25469742E+00 1.25472830E+00 1.25475834E+00 1.25478794E+00 1.25481762E+00 1.25484775E+00 1.25487895E+00 1.25491263E+00 1.25494861E+00 1.25498594E+00 1.25502423E+00 1.25506494E+00 1.25511042E+00 1.25516145E+00 1.25521670E+00 1.25527695E+00 1.25534340E+00 1.25541693E+00 1.25549865E+00 1.25559145E+00 1.25569552E+00 1.25580951E+00 1.25593260E+00 1.25606700E+00 1.25621697E+00 1.25638463E+00 1.25656872E+00 1.25677130E+00 1.25699462E+00 1.25723943E+00 1.25750195E+00 1.25778139E+00 1.25808790E+00 1.25843071E+00 1.25880117E+00 1.25919073E+00 1.25959914E+00 1.26002655E+00 1.26048068E+00 1.26096489E+00 1.26147026E+00 1.26198723E+00 1.26252193E+00 1.26308254E+00 1.26365582E+00 1.26422307E+00 1.26477899E+00 1.26531254E+00 1.26582173E+00 1.26629080E+00 1.26669717E+00 1.26702278E+00 1.26727896E+00 1.26745610E+00 1.26750495E+00 1.26736443E+00 1.26701442E+00 1.26642150E+00 1.26562561E+00 1.26461731E+00 1.26324901E+00 1.26140066E+00 1.25914137E+00 1.25645546E+00 1.25323144E+00 1.24940158E+00 1.24497313E+00 1.24040551E+00 1.23513046E+00 1.22976469E+00 1.22385491E+00 1.21816037E+00 1.21193651E+00 1.20594666E+00 1.19941712E+00 1.19313952E+00 1.18648013E+00 1.18026818E+00 1.17366034E+00 1.16744940E+00 1.16097494E+00 1.15505645E+00 1.14885900E+00 1.14308030E+00 1.13704079E+00 1.13149047E+00 1.12577683E+00 1.12059650E+00 1.11524791E+00 1.10995412E+00 1.10445941E+00 1.09876864E+00 1.09293254E+00 1.08694888E+00 1.08072558E+00 1.07423117E+00 1.06754968E+00 1.06064672E+00 1.05335374E+00 1.04568980E+00 1.03793235E+00 1.03005570E+00 1.02151225E+00 1.01145399E+00 1.00000000E+00
1.27550421E+00 1.27546960E+00 1.27540132E+00 1.27536395E+00 1.27535048E+00 1.27535818E+00 1.27538309E+00 1.27542094E+00 1.27547037E+00 1.27552859E+00 1.27559274E+00 1.27565924E+00 1.27572834E+00 1.27579926E+00 1.27586981E+00 1.27593826E+00 1.27600577E+00 1.27607248E+00 1.27613823E+00 1.27620386E+00 1.27626898E+00 1.27633263E+00 1.27639451E+00 1.27645507E+00 1.27651520E+00 1.27657563E+00 1.27663725E+00 1.27670195E+00 1.27676932E+00 1.27683796E+00 1.27690761E+00 1.27698049E+00 1.27705973E+00 1.27714628E+00 1.27723844E+00 1.27733736E+00 1.27744482E+00 1.27756209E+00 1.27769056E+00 1.27783370E+00 1.27799156E+00 1.27816230E+00 1.27834516E+00 1.27854326E+00 1.27876184E+00 1.27900330E+00 1.27926613E+00 1.27955306E+00 1.27986662E+00 1.28020734E+00 1.28057052E+00 1.28095469E+00 1.28137172E+00 1.28183243E+00 1.28232599E+00 1.28284114E+00 1.28337844E+00 1.28393890E+00 1.28453097E+00 1.28515802E+00 1.28580860E+00 1.28647009E+00 1.28714937E+00 1.28785531E+00 1.28857226E+00 1.28927724E+00 1.28996459E+00 1.29062158E+00 1.29124600E+00 1.29182059E+00 1.29231817E+00 1.29271562E+00 1.29302654E+00 1.29324295E+00 1.29330775E+00 1.29314970E+00 1.29274795E+00 1.29206507E+00 1.29114469E+00 1.28997740E+00 1.28839969E+00 1.28627797E+00 1.28368991E+00 1.28061994E+00 1.27694782E+00 1.27260465E+00 1.26759895E+00 1.26245329E+00 1.25653574E+00 1.25053689E+00 1.24394221E+00 1.23760522E+00 1.23069716E+00 1.22406041E+00 1.21684547E+00 1.20992628E+00 1.20259111E+00 1.19575545E+00 1.18849683E+00 1.18168394E+00 1.17458772E+00 1.16810874E+00 1.16133606E+00 1.15502979E+00 1.14844406E+00 1.14239340E+00 1.13616622E+00 1.13052456E+00 1.12470507E+00 1.11894968E+00 1.11297963E+00 1.10679665E+00 1.10045544E+00 1.09395950E+00 1.08720999E+00 1.08016470E+00 1.07291238E+00 1.06542518E+00 1.05752864E+00 1.04923228E+00 1.04082477E+00 1.03228997E+00 1.02305238E+00 1.01223670E+00 1.00000000E+00
1.12376997E+00 1.12376648E+00 1.12376888E+00 1.12377269E+00 1.12377355E+00 1.12376881E+00 1.12376129E+00 1.12375516E+00 1.12375201E+00 1.12375191E+00 1.12375281E+00 1.12375274E+00 1.12375174E+00 1.12375043E+00 1.12374948E+00 1.12374924E+00 1.12374940E+00 1.12374963E+00 1.12374989E+00 1.12375023E+00 1.12375074E+00 1.12375148E+00 1.12375242E+00 1.12375354E+00 1.12375487E+00 1.12375641E+00 1.12375820E+00 1.12376026E+00 1.12376260E+00 1.12376524E+00 1.12376821E+00 1.12377154E+00 1.12377526E+00 1.12377938E+00 1.12378393E+00 1.12378895E+00 1.12379444E+00 1.12380042E+00 1.12380690E+00 1.12381389E+00 1.12382137E+00 1.12382931E+00 1.12383770E+00 1.12384650E+00 1.12385561E+00 1.12386492E+00 1.12387430E+00 1.12388354E+00 1.12389247E+00 1.12390074E+00 1.12390812E+00 1.12391406E+00 1.12391811E+00 1.12391953E+00 1.12391781E+00 1.12391185E+00 1.12390090E+00 1.12388347E+00 1.12385843E+00 1.12382378E+00 1.12377810E+00 1.12371855E+00 1.12364322E+00 1.12354877E+00 1.12343272E+00 1.12329041E+00 1.12311889E+00 1.12291217E+00 1.12266597E+00 1.12237277E+00 1.12202778E+00 1.12162217E+00 1.12114993E+00 1.12059915E+00 1.11996291E+00 1.11922772E+00 1.11838533E+00 1.11741816E+00 1.11631526E+00 1.11506027E+00 1.11364133E+00 1.11203324E+00 1.11022284E+00 1.10818779E+00 1.10591287E+00 1.10339226E+00 1.10059196E+00 1.09778463E+00 1.09471110E+00 1.09174736E+00 1.08854443E+00 1.08550028E+00 1.08225735E+00 1.07922113E+00 1.07600087E+00 1.07297844E+00 1.06981840E+00 1.06691322E+00 1.06388480E+00 1.06109828E+00 1.05821860E+00 1.05559594E+00 1.05289259E+00 1.05043196E+00 1.04790733E+00 1.04562056E+00 1.04328672E+00 1.04118702E+00 1.03904791E+00 1.03697282E+00 1.03485546E+00 1.03269673E+00 1.03051218E+00 1.02830566E+00 1.02605094E+00 1.02375086E+00 1.02143704E+00 1.01910673E+00 1.01669006E+00 1.01420440E+00 1.01176483E+00 1.00941733E+00 1.00696635E+00 1.00387265E+00 1.00000000E+00
1.16797314E+00 1.16796662E+00 1.16796316E+00 1.16796130E+00 1.16796077E+00 1.16796130E+00 1.16796287E+00 1.16796515E+00 1.16796790E+00 1.16797079E+00 1.16797376E+00 1.16797669E+00 1.16797956E+00 1.16798230E+00 1.16798490E+00 1.16798734E+00 1.16798965E+00 1.16799185E+00 1.16799397E+00 1.16799605E+00 1.16799813E+00 1.16800026E+00 1.16800249E+00 1.16800487E+00 1.16800746E+00 1.16801032E+00 1.16801350E+00 1.16801710E+00 1.16802116E+00 1.16802577E+00 1.16803099E+00 1.16803694E+00 1.16804369E+00 1.16805136E+00 1.16806001E+00 1.16806979E+00 1.16808078E+00 1.16809311E+00 1.16810687E+00 1.16812228E+00 1.16813943E+00 1.16815845E+00 1.16817940E+00 1.16820244E+00 1.16822773E+00 1.16825539E+00 1.16828541E+00 1.16831790E+00 1.16835296E+00 1.16839060E+00 1.16843055E+00 1.16847250E+00 1.16851666E+00 1.16856317E+00 1.16861134E+00 1.16866012E+00 1.16870887E+00 1.16875623E+00 1.16880171E+00 1.16884375E+00 1.16888074E+00 1.16890960E+00 1.16892922E+00 1.16893754E+00 1.16893100E+00 1.16890378E+00 1.16885244E+00 1.16876953E+00 1.16865071E+00 1.16848697E+00 1.16827122E+00 1.16799332E+00 1.16764787E+00 1.16721991E+00 1.16669738E+00 1.16606030E+00 1.16529601E+00 1.16438165E+00 1.16331146E+00 1.16206412E+00 1.16060574E+00 1.15889661E+00 1.15693162E+00 1.15468071E+00 1.15210799E+00 1.14919468E+00 1.14590689E+00 1.14256532E+00 1.13883132E+00 1.13516179E+00 1.13116231E+00 1.12732997E+00 1.12319295E+00 1.11926882E+00 1.11505022E+00 1.11104513E+00 1.10683002E+00 1.10292173E+00 1.09879920E+00 1.09496104E+00 1.09097075E+00 1.08731741E+00 1.08351001E+00 1.07999888E+00 1.07635745E+00 1.07302997E+00 1.06961515E+00 1.06652416E+00 1.06334651E+00 1.06022698E+00 1.05701073E+00 1.05370414E+00 1.05033252E+00 1.04688936E+00 1.04332948E+00 1.03965622E+00 1.03591701E+00 1.03209464E+00 1.02809704E+00 1.02394206E+00 1.01976481E+00 1.01559046E+00 1.01118742E+00 1.00601317E+00 1.00000000E+00
1.20636900E+00 1.20636505E+00 1.20636414E+00 1.20636675E+00 1.20637209E+00 1.20637940E+00 1.20638837E+00 1.20639848E+00 1.20640950E+00 1.20642101E+00 1.20643279E+00 1.20644455E+00 1.20645620E+00 1.20646760E+00 1.20647865E+00 1.20648927E+00 1.20649949E+00 1.20650934E+00 1.20651884E+00 1.20652811E+00 1.20653717E+00 1.20654610E+00 1.20655496E+00 1.20656392E+00 1.20657309E+00 1.20658264E+00 1.20659269E+00 1.20660352E+00 1.20661526E+00 1.20662805E+00 1.20664195E+00 1.20665732E+00 1.20667454E+00 1.20669388E+00 1.20671533E+00 1.20673931E+00 1.20676611E+00 1.20679611E+00 1.20682958E+00 1.20686718E+00 1.20690920E+00 1.20695586E+00 1.20700721E+00 1.20706383E+00 1.20712651E+00 1.20719581E+00 1.20727162E+00 1.20735458E+00 1.20744519E+00 1.20754379E+00 1.20764969E+00 1.20776283E+00 1.20788472E+00 1.20801657E+00 1.20815659E+00 1.20830295E+00 1.20845501E+00 1.20861129E+00 1.20877226E+00 1.20893637E+00 1.20910084E+00 1.20926162E+00 1.20941773E+00 1.20956718E+00 1.20970415E+00 1.20981980E+00 1.20990917E+00 1.20996199E+00 1.20997323E+00 1.20993068E+00 1.20982313E+00 1.20963678E+00 1.20936569E+00 1.20899082E+00 1.20849263E+00 1.20784202E+00 1.20702301E+00 1.20600745E+00 1.20479146E+00 1.20334665E+00 1.20161928E+00 1.19955594E+00 1.19715964E+00 1.19439335E+00 1.19120481E+00 1.18756930E+00 1.18345040E+00 1.17925438E+00 1.17454563E+00 1.16990183E+00 1.16483799E+00 1.15998546E+00 1.15473731E+00 1.14974960E+00 1.14439300E+00 1.13931484E+00 1.13396442E+00 1.12899911E+00 1.12376533E+00 1.11889618E+00 1.11383794E+00 1.10921119E+00 1.10439265E+00 1.09994855E+00 1.09534002E+00 1.09113122E+00 1.08681472E+00 1.08290970E+00 1.07889813E+00 1.07496163E+00 1.07090702E+00 1.06674136E+00 1.06249429E+00 1.05815947E+00 1.05368459E+00 1.04907011E+00 1.04437157E+00 1.03957307E+00 1.03457571E+00 1.02939266E+00 1.02417007E+00 1.01893928E+00 1.01345323E+00 1.00715493E+00 1.00000000E+00
1.23709043E+00 1.23707708E+00 1.23706399E+00 1.23705883E+00 1.23705959E+00 1.23706562E+00 1.23707645E+00 1.23709136E+00 1.23710992E+00 1.23713136E+00 1.23715518E+00 1.23718063E+00 1.23720753E+00 1.23723542E+00 1.23726393E+00 1.23729269E+00 1.23732172E+00 1.23735085E+00 1.23738001E+00 1.23740928E+00 1.23743860E+00 1.23746788E+00 1.23749718E+00 1.23752670E+00 1.23755666E+00 1.23758727E+00 1.23761876E+00 1.23765166E+00 1.23768615E+00 1.23772234E+00 1.23776032E+00 1.23780083E+00 1.23784467E+00 1.23789233E+00 1.23794367E+00 1.23799942E+00 1.23806023E+00 1.23812679E+00 1.23819953E+00 1.23827969E+00 1.23836769E+00 1.23846370E+00 1.23856780E+00 1.23868110E+00 1.23880506E+00 1.23894053E+00 1.23908719E+00 1.23924611E+00 1.23941808E+00 1.23960339E+00 1.23980086E+00 1.24001031E+00 1.24023414E+00 1.24047416E+00 1.24072729E+00 1.24099021E+00 1.24126215E+00 1.24154123E+00 1.24182825E+00 1.24212096E+00 1.24241486E+00 1.24270388E+00 1.24298649E+00 1.24325957E+00 1.24351515E+00 1.24374053E+00 1.24392921E+00 1.24406789E+00 1.24415027E+00 1.24416070E+00 1.24408401E+00 1.24390205E+00 1.24360820E+00 1.24318021E+00 1.24259215E+00 1.24180650E+00 1.24080530E+00 1.23955628E+00 1.23805627E+00 1.23627244E+00 1.23413803E+00 1.23158920E+00 1.22863536E+00 1.22523653E+00 1.22133103E+00 1.21689455E+00 1.21188833E+00 1.20681152E+00 1.20113612E+00 1.19555848E+00 1.18949681E+00 1.18370973E+00 1.17746946E+00 1.17155332E+00 1.16522282E+00 1.15924395E+00 1.15295543E+00 1.14713022E+00 1.14100680E+00 1.13532479E+00 1.12943417E+00 1.12405755E+00 1.11847046E+00 1.11332632E+00 1.10800014E+00 1.10314355E+00 1.09816965E+00 1.09367635E+00 1.08906768E+00 1.08455169E+00 1.07990789E+00 1.07514330E+00 1.07029049E+00 1.06534488E+00 1.06024981E+00 1.05500283E+00 1.04966509E+00 1.04422356E+00 1.03857590E+00 1.03273214E+00 1.02684542E+00 1.02095270E+00 1.01479909E+00 1.00782469E+00 1.00000000E+00
1.26297243E+00 1.26297682E+00 1.26296910E+00 1.26297079E+00 1.26297772E+00 1.26298976E+00 1.26300649E+00 1.26302720E+00 1.26305132E+00 1.26307797E+00 1.26310654E+00 1.26313624E+00 1.26316705E+00 1.26319867E+00 1.26323066E+00 1.26326281E+00 1.26329539E+00 1.26332843E+00 1.26336196E+00 1.26339635E+00 1.26343163E+00 1.26346778E+00 1.26350491E+00 1.26354347E+00 1.26358386E+00 1.26362652E+00 1.26367179E+00 1.26372051E+00 1.26377290E+00 1.26382900E+00 1.26388897E+00 1.26395394E+00 1.26402510E+00 1.26410307E+00 1.26418752E+00 1.26427944E+00 1.26437976E+00 1.26448939E+00 1.26460885E+00 1.26473969E+00 1.26488238E+00 1.26503687E+00 1.26520319E+00 1.26538278E+00 1.26557756E+00 1.26578838E+00 1.26601459E+00 1.26625740E+00 1.26651762E+00 1.26679519E+00 1.26708825E+00 1.26739603E+00 1.26772139E+00 1.26806631E+00 1.26842640E+00 1.26879639E+00 1.26917530E+00 1.26956055E+00 1.26995280E+00 1.27034878E+00 1.27074206E+00 1.27112412E+00 1.27149264E+00 1.27184302E+00 1.27216541E+00 1.27244331E+00 1.27266891E+00 1.27282628E+00 1.27290771E+00 1.27289452E+00 1.27276828E+00 1.27250693E+00 1.27210354E+00 1.27153373E+00 1.27076660E+00 1.26975790E+00 1.26848868E+00 1.26692400E+00 1.26506156E+00 1.26286640E+00 1.26026324E+00 1.25718109E+00 1.25363453E+00 1.24958318E+00 1.24495992E+00 1.23974417E+00 1.23389491E+00 1.22799946E+00 1.22144567E+00 1.21503670E+00 1.20809992E+00 1.20150533E+00 1.19442075E+00 1.18772530E+00 1.18058687E+00 1.17386938E+00 1.16681961E+00 1.16030361E+00 1.15347233E+00 1.14714940E+00 1.14060736E+00 1.13464846E+00 1.12846953E+00 1.12279053E+00 1.11691990E+00 1.11157494E+00 1.10610816E+00 1.10117651E+00 1.09612560E+00 1.09118299E+00 1.08610802E+00 1.08090759E+00 1.07561640E+00 1.07023185E+00 1.06469431E+00 1.05899901E+00 1.05321112E+00 1.04732050E+00 1.04122292E+00 1.03492651E+00 1.02858888E+00 1.02225122E+00 1.01565512E+00 1.00824438E+00 1.00000000E+00
1.28497582E+00 1.28495199E+00 1.28490567E+00 1.28487911E+00 1.28486466E+00 1.28486238E+00 1.28487148E+00 1.28489054E+00 1.28491838E+00 1.28495304E+00 1.28499336E+00 1.28503765E+00 1.28508567E+00 1.28513661E+00 1.28518964E+00 1.28524415E+00 1.28530041E+00 1.28535825E+00 1.28541755E+00 1.28547872E+00 1.28554174E+00 1.28560644E+00 1.28567292E+00 1.28574167E+00 1.28581327E+00 1.28588832E+00 1.28596723E+00 1.28605109E+00 1.28614014E+00 1.28623433E+00 1.28633388E+00 1.28644029E+00 1.28655512E+00 1.28667906E+00 1.28681162E+00 1.28695403E+00 1.28710744E+00 1.28727295E+00 1.28745109E+00 1.28764360E+00 1.28785092E+00 1.28807275E+00 1.28830901E+00 1.28856131E+00 1.28883189E+00 1.28912141E+00 1.28942886E+00 1.28975534E+00 1.29010160E+00 1.29046702E+00 1.29084902E+00 1.29124591E+00 1.29166081E+00 1.29209564E+00 1.29254475E+00 1.29300080E+00 1.29346257E+00 1.29392669E+00 1.29439343E+00 1.29485843E+00 1.29531344E+00 1.29574747E+00 1.29615739E+00 1.29653716E+00 1.29687535E+00 1.29715208E+00 1.29735853E+00 1.29747660E+00 1.29749735E+00 1.29739965E+00 1.29716249E+00 1.29676071E+00 1.29618742E+00 1.29541701E+00 1.29441477E+00 1.29313140E+00 1.29154751E+00 1.28962666E+00 1.28736763E+00 1.28473474E+00 1.28164692E+00 1.27802833E+00 1.27389783E+00 1.26921589E+00 1.26391215E+00 1.25797109E+00 1.25134960E+00 1.24471533E+00 1.23738053E+00 1.23024253E+00 1.22254660E+00 1.21525888E+00 1.20745720E+00 1.20010625E+00 1.19229398E+00 1.18496559E+00 1.17729110E+00 1.17021247E+00 1.16280873E+00 1.15597091E+00 1.14890861E+00 1.14248752E+00 1.13584179E+00 1.12974343E+00 1.12344831E+00 1.11772451E+00 1.11187713E+00 1.10660874E+00 1.10121978E+00 1.09595261E+00 1.09055124E+00 1.08502250E+00 1.07940270E+00 1.07369106E+00 1.06782587E+00 1.06180055E+00 1.05568333E+00 1.04946658E+00 1.04304507E+00 1.03642587E+00 1.02976943E+00 1.02312010E+00 1.01621859E+00 1.00851568E+00 1.00000000E+00
1.12709808E+00 1.12709509E+00 1.12709509E+00 1.12709543E+00 1.12709539E+00 1.12709449E+00 1.12709319E+00 1.12709184E+00 1.12709063E+00 1.12708974E+00 1.12708915E+00 1.12708879E+00 1.12708859E+00 1.12708846E+00 1.12708841E+00 1.12708847E+00 1.12708867E+00 1.12708902E+00 1.12708951E+00 1.12709014E+00 1.12709091E+00 1.12709185E+00 1.12709296E+00 1.12709426E+00 1.12709577E+00 1.12709750E+00 1.12709947E+00 1.12710171E+00 1.12710424E+00 1.12710708E+00 1.12711025E+00 1.12711379E+00 1.12711771E+00 1.12712205E+00 1.12712681E+00 1.12713204E+00 1.12713773E+00 1.12714390E+00 1.12715056E+00 1.12715770E+00 1.12716529E+00 1.12717332E+00 1.12718173E+00 1.12719047E+00 1.12719943E+00 1.12720847E+00 1.12721746E+00 1.12722614E+00 1.12723431E+00 1.12724159E+00 1.12724769E+00 1.12725201E+00 1.12725406E+00 1.12725307E+00 1.12724843E+00 1.12723894E+00 1.12722377E+00 1.12720132E+00 1.12717037E+00 1.12712879E+00 1.12707504E+00 1.12700617E+00 1.12692015E+00 1.12681340E+00 1.12668328E+00 1.12652489E+00 1.12633506E+00 1.12610754E+00 1.12583800E+00 1.12551881E+00 1.12514489E+00 1.12470688E+00 1.12419848E+00 1.12360785E+00 1.12292784E+00 1.12214443E+00 1.12124919E+00 1.12022466E+00 1.11905966E+00 1.11773719E+00 1.11624528E+00 1.11455961E+00 1.11266696E+00 1.11054459E+00 1.10817676E+00 1.10555854E+00 1.10265490E+00 1.09975069E+00 1.09657744E+00 1.09352422E+00 1.09023033E+00 1.08710566E+00 1.08377744E+00 1.08065800E+00 1.07735710E+00 1.07427305E+00 1.07104929E+00 1.06808085E+00 1.06498911E+00 1.06214846E+00 1.05921175E+00 1.05653508E+00 1.05377791E+00 1.05127077E+00 1.04869947E+00 1.04637123E+00 1.04399334E+00 1.04185106E+00 1.03966818E+00 1.03755113E+00 1.03539321E+00 1.03319485E+00 1.03096560E+00 1.02870868E+00 1.02640652E+00 1.02406116E+00 1.02169306E+00 1.01930723E+00 1.01685356E+00 1.01432663E+00 1.01180768E+00 1.00938353E+00 1.00690691E+00 1.00382817E+00 1.00000000E+00
1.16614980E+00 1.16613400E+00 1.16611741E+00 1.16610120E+00 1.16608625E+00 1.16607344E+00 1.16606264E+00 1.16605366E+00 1.16604629E+00 1.16604038E+00 1.16603587E+00 1.16603259E+00 1.16603040E+00 1.16602908E+00 1.16602851E+00 1.16602854E+00 1.16602910E+00 1.16603010E+00 1.16603148E+00 1.16603318E+00 1.16603519E+00 1.16603749E+00 1.16604009E+00 1.16604299E+00 1.16604623E+00 1.16604984E+00 1.16605386E+00 1.16605837E+00 1.16606340E+00 1.16606904E+00 1.16607535E+00 1.16608243E+00 1.16609037E+00 1.16609926E+00 1.16610919E+00 1.16612028E+00 1.16613262E+00 1.16614633E+00 1.16616151E+00 1.16617831E+00 1.16619682E+00 1.16621713E+00 1.16623933E+00 1.16626349E+00 1.16628970E+00 1.16631802E+00 1.16634839E+00 1.16638083E+00 1.16641530E+00 1.16645165E+00 1.16648961E+00 1.16652873E+00 1.16656884E+00 1.16660965E+00 1.16665038E+00 1.16668981E+00 1.16672714E+00 1.16676067E+00 1.16678939E+00 1.16681111E+00 1.16682404E+00 1.16682474E+00 1.16681120E+00 1.16677993E+00 1.16672725E+00 1.16664682E+00 1.16653478E+00 1.16638297E+00 1.16618629E+00 1.16593508E+00 1.16562206E+00 1.16523558E+00 1.16476819E+00 1.16420426E+00 1.16353291E+00 1.16273459E+00 1.16179709E+00 1.16069728E+00 1.15942427E+00 1.15795516E+00 1.15626476E+00 1.15431877E+00 1.15210569E+00 1.14959393E+00 1.14675438E+00 1.14357586E+00 1.14001742E+00 1.13642929E+00 1.13246432E+00 1.12861119E+00 1.12443424E+00 1.12045238E+00 1.11617790E+00 1.11214464E+00 1.10784805E+00 1.10380891E+00 1.09957118E+00 1.09565082E+00 1.09154190E+00 1.08774337E+00 1.08380525E+00 1.08020625E+00 1.07647598E+00 1.07306127E+00 1.06953921E+00 1.06633568E+00 1.06305645E+00 1.06009396E+00 1.05706091E+00 1.05410140E+00 1.05106800E+00 1.04796526E+00 1.04480992E+00 1.04159906E+00 1.03830302E+00 1.03492635E+00 1.03150049E+00 1.02802165E+00 1.02442607E+00 1.02071403E+00 1.01698131E+00 1.01330403E+00 1.00953161E+00 1.00513543E+00 1.00000000E+00
1.19934902E+00 1.19933723E+00 1.19932751E+00 1.19932036E+00 1.19931538E+00 1.19931228E+00 1.19931087E+00 1.19931084E+00 1.19931204E+00 1.19931422E+00 1.19931723E+00 1.19932087E+00 1.19932509E+00 1.19932974E+00 1.19933477E+00 1.19934011E+00 1.19934578E+00 1.19935175E+00 1.19935804E+00 1.19936472E+00 1.19937182E+00 1.19937939E+00 1.19938749E+00 1.19939626E+00 1.19940579E+00 1.19941623E+00 1.19942768E+00 1.19944036E+00 1.19945440E+00 1.19946997E+00 1.19948716E+00 1.19950627E+00 1.19952757E+00 1.19955129E+00 1.19957752E+00 1.19960660E+00 1.19963876E+00 1.19967431E+00 1.19971345E+00 1.19975662E+00 1.19980403E+00 1.19985586E+00 1.19991218E+00 1.19997330E+00 1.20003963E+00 1.20011137E+00 1.20018836E+00 1.20027083E+00 1.20035885E+00 1.20045224E+00 1.20055037E+00 1.20065265E+00 1.20075930E+00 1.20087014E+00 1.20098357E+00 1.20109742E+00 1.20121059E+00 1.20132054E+00 1.20142625E+00 1.20152456E+00 1.20161245E+00 1.20168494E+00 1.20173917E+00 1.20177027E+00 1.20177260E+00 1.20173678E+00 1.20165725E+00 1.20152271E+00 1.20132658E+00 1.20105574E+00 1.20069954E+00 1.20024256E+00 1.19967576E+00 1.19897947E+00 1.19813795E+00 1.19712533E+00 1.19592654E+00 1.19451394E+00 1.19287664E+00 1.19098657E+00 1.18880802E+00 1.18629930E+00 1.18345288E+00 1.18023273E+00 1.17660148E+00 1.17255068E+00 1.16803481E+00 1.16350286E+00 1.15850988E+00 1.15367381E+00 1.14845403E+00 1.14349899E+00 1.13819473E+00 1.13320389E+00 1.12790769E+00 1.12294781E+00 1.11775623E+00 1.11296506E+00 1.10795783E+00 1.10334132E+00 1.09856849E+00 1.09421844E+00 1.08971935E+00 1.08560790E+00 1.08137480E+00 1.07753255E+00 1.07360810E+00 1.07006963E+00 1.06645335E+00 1.06292995E+00 1.05932506E+00 1.05564495E+00 1.05190914E+00 1.04811418E+00 1.04422704E+00 1.04025301E+00 1.03622817E+00 1.03214858E+00 1.02794837E+00 1.02362940E+00 1.01929250E+00 1.01501695E+00 1.01065664E+00 1.00568870E+00 1.00000000E+00
1.22561817E+00 1.22560564E+00 1.22559319E+00 1.22558591E+00 1.22558226E+00 1.22558198E+00 1.22558486E+00 1.22559042E+00 1.22559835E+00 1.22560819E+00 1.22561967E+00 1.22563244E+00 1.22564638E+00 1.22566129E+00 1.22567703E+00 1.22569348E+00 1.22571070E+00 1.22572868E+00 1.22574743E+00 1.22576710E+00 1.22578774E+00 1.22580941E+00 1.22583222E+00 1.22585641E+00 1.22588215E+00 1.22590971E+00 1.22593924E+00 1.22597116E+00 1.22600564E+00 1.22604288E+00 1.22608301E+00 1.22612653E+00 1.22617393E+00 1.22622556E+00 1.22628138E+00 1.22634192E+00 1.22640753E+00 1.22647865E+00 1.22655547E+00 1.22663860E+00 1.22672828E+00 1.22682450E+00 1.22692723E+00 1.22703682E+00 1.22715386E+00 1.22727841E+00 1.22740996E+00 1.22754862E+00 1.22769433E+00 1.22784644E+00 1.22800372E+00 1.22816493E+00 1.22833029E+00 1.22849925E+00 1.22866913E+00 1.22883620E+00 1.22899881E+00 1.22915329E+00 1.22929814E+00 1.22942887E+00 1.22954087E+00 1.22962710E+00 1.22968360E+00 1.22970373E+00 1.22968024E+00 1.22960059E+00 1.22945785E+00 1.22923809E+00 1.22893341E+00 1.22852787E+00 1.22800829E+00 1.22735624E+00 1.22656193E+00 1.22560343E+00 1.22446160E+00 1.22310623E+00 1.22152125E+00 1.21967705E+00 1.21756346E+00 1.21515062E+00 1.21239693E+00 1.20925701E+00 1.20572768E+00 1.20177264E+00 1.19735091E+00 1.19246076E+00 1.18705364E+00 1.18167032E+00 1.17577894E+00 1.17010860E+00 1.16402418E+00 1.15828081E+00 1.15216182E+00 1.14642972E+00 1.14037506E+00 1.13473031E+00 1.12884132E+00 1.12342409E+00 1.11778182E+00 1.11259647E+00 1.10725123E+00 1.10239327E+00 1.09738175E+00 1.09281225E+00 1.08811761E+00 1.08386576E+00 1.07953205E+00 1.07563223E+00 1.07165412E+00 1.06778475E+00 1.06383316E+00 1.05980657E+00 1.05572618E+00 1.05158870E+00 1.04735940E+00 1.04304389E+00 1.03868098E+00 1.03426729E+00 1.02973633E+00 1.02509096E+00 1.02043471E+00 1.01584907E+00 1.01119163E+00 1.00594617E+00 1.00000000E+00
1.24702750E+00 1.24700899E+00 1.24698590E+00 1.24697337E+00 1.24696755E+00 1.24696848E+00 1.24697590E+00 1.24698899E+00 1.24700709E+00 1.24702926E+00 1.24705497E+00 1.24708345E+00 1.24711449E+00 1.24714761E+00 1.24718250E+00 1.24721888E+00 1.24725680E+00 1.24729616E+00 1.24733690E+00 1.24737921E+00 1.24742313E+00 1.24746865E+00 1.24751588E+00 1.24756511E+00 1.24761660E+00 1.24767067E+00 1.24772752E+00 1.24778766E+00 1.24785130E+00 1.24791858E+00 1.24798961E+00 1.24806502E+00 1.24814548E+00 1.24823135E+00 1.24832240E+00 1.24841921E+00 1.24852219E+00 1.24863174E+00 1.24874798E+00 1.24887148E+00 1.24900237E+00 1.24914031E+00 1.24928506E+00 1.24943679E+00 1.24959612E+00 1.24976275E+00 1.24993569E+00 1.25011470E+00 1.25029945E+00 1.25048861E+00 1.25068025E+00 1.25087223E+00 1.25106458E+00 1.25125621E+00 1.25144344E+00 1.25162082E+00 1.25178621E+00 1.25193482E+00 1.25206465E+00 1.25216994E+00 1.25224467E+00 1.25227988E+00 1.25227070E+00 1.25220904E+00 1.25208658E+00 1.25188822E+00 1.25160615E+00 1.25122475E+00 1.25073519E+00 1.25011973E+00 1.24936355E+00 1.24844635E+00 1.24735830E+00 1.24607658E+00 1.24457989E+00 1.24283552E+00 1.24082736E+00 1.23852541E+00 1.23592074E+00 1.23298352E+00 1.22966879E+00 1.22592977E+00 1.22176719E+00 1.21714616E+00 1.21202416E+00 1.20640707E+00 1.20024399E+00 1.19415285E+00 1.18752906E+00 1.18119119E+00 1.17442584E+00 1.16807123E+00 1.16133014E+00 1.15504021E+00 1.14842243E+00 1.14227590E+00 1.13588214E+00 1.13001712E+00 1.12392589E+00 1.11834288E+00 1.11260166E+00 1.10739601E+00 1.10203725E+00 1.09716031E+00 1.09215881E+00 1.08763711E+00 1.08303610E+00 1.07890236E+00 1.07469195E+00 1.07060234E+00 1.06643189E+00 1.06218853E+00 1.05789453E+00 1.05354686E+00 1.04910974E+00 1.04458901E+00 1.04002526E+00 1.03541561E+00 1.03069339E+00 1.02586230E+00 1.02102744E+00 1.01627160E+00 1.01145529E+00 1.00606888E+00 1.00000000E+00
1.26502060E+00 1.26499431E+00 1.26495596E+00 1.26493528E+00 1.26492536E+00 1.26492681E+00 1.26493936E+00 1.26496174E+00 1.26499283E+00 1.26503099E+00 1.26507533E+00 1.26512448E+00 1.26517804E+00 1.26523512E+00 1.26529516E+00 1.26535760E+00 1.26542243E+00 1.26548935E+00 1.26555817E+00 1.26562907E+00 1.26570201E+00 1.26577683E+00 1.26585363E+00 1.26593266E+00 1.26601422E+00 1.26609864E+00 1.26618612E+00 1.26627720E+00 1.26637205E+00 1.26647068E+00 1.26657316E+00 1.26668016E+00 1.26679246E+00 1.26691032E+00 1.26703333E+00 1.26716196E+00 1.26729665E+00 1.26743767E+00 1.26758499E+00 1.26773898E+00 1.26789965E+00 1.26806623E+00 1.26823820E+00 1.26841544E+00 1.26859855E+00 1.26878674E+00 1.26897858E+00 1.26917334E+00 1.26937039E+00 1.26956773E+00 1.26976274E+00 1.26995233E+00 1.27013630E+00 1.27031308E+00 1.27047816E+00 1.27062445E+00 1.27074949E+00 1.27084756E+00 1.27091619E+00 1.27094869E+00 1.27093788E+00 1.27087323E+00 1.27074921E+00 1.27055678E+00 1.27028687E+00 1.26992252E+00 1.26945548E+00 1.26886908E+00 1.26815398E+00 1.26729142E+00 1.26626554E+00 1.26505505E+00 1.26365050E+00 1.26202898E+00 1.26016787E+00 1.25803315E+00 1.25560908E+00 1.25286611E+00 1.24979679E+00 1.24637210E+00 1.24254512E+00 1.23826884E+00 1.23354739E+00 1.22834786E+00 1.22262718E+00 1.21639839E+00 1.20960879E+00 1.20293956E+00 1.19572612E+00 1.18885818E+00 1.18155883E+00 1.17473065E+00 1.16751320E+00 1.16080101E+00 1.15376156E+00 1.14724326E+00 1.14047931E+00 1.13428914E+00 1.12787502E+00 1.12200872E+00 1.11598802E+00 1.11053926E+00 1.10493985E+00 1.09985163E+00 1.09464099E+00 1.08993694E+00 1.08515683E+00 1.08086769E+00 1.07650418E+00 1.07227052E+00 1.06795811E+00 1.06357539E+00 1.05914543E+00 1.05466536E+00 1.05009867E+00 1.04545143E+00 1.04076550E+00 1.03603833E+00 1.03120322E+00 1.02626464E+00 1.02132863E+00 1.01647871E+00 1.01157778E+00 1.00612220E+00 1.00000000E+00
1.12928553E+00 1.12928765E+00 1.12929358E+00 1.12929763E+00 1.12929889E+00 1.12929739E+00 1.12929497E+00 1.12929329E+00 1.12929247E+00 1.12929234E+00 1.12929240E+00 1.12929230E+00 1.12929213E+00 1.12929201E+00 1.12929204E+00 1.12929225E+00 1.12929261E+00 1.12929308E+00 1.12929367E+00 1.12929439E+00 1.12929527E+00 1.12929631E+00 1.12929753E+00 1.12929895E+00 1.12930057E+00 1.12930242E+00 1.12930451E+00 1.12930688E+00 1.12930953E+00 1.12931251E+00 1.12931582E+00 1.12931949E+00 1.12932355E+00 1.12932802E+00 1.12933291E+00 1.12933824E+00 1.12934402E+00 1.12935026E+00 1.12935695E+00 1.12936408E+00 1.12937162E+00 1.12937952E+00 1.12938773E+00 1.12939615E+00 1.12940469E+00 1.12941316E+00 1.12942140E+00 1.12942914E+00 1.12943614E+00 1.12944197E+00 1.12944630E+00 1.12944846E+00 1.12944794E+00 1.12944390E+00 1.12943564E+00 1.12942189E+00 1.12940172E+00 1.12937343E+00 1.12933574E+00 1.12928636E+00 1.12922367E+00 1.12914458E+00 1.12904697E+00 1.12892703E+00 1.12878197E+00 1.12860671E+00 1.12839791E+00 1.12814916E+00 1.12785601E+00 1.12751070E+00 1.12710791E+00 1.12663802E+00 1.12609450E+00 1.12546561E+00 1.12474392E+00 1.12391519E+00 1.12297080E+00 1.12189357E+00 1.12067242E+00 1.11928993E+00 1.11773398E+00 1.11598113E+00 1.11401819E+00 1.11182217E+00 1.10937721E+00 1.10667984E+00 1.10369438E+00 1.10071557E+00 1.09746651E+00 1.09434632E+00 1.09098531E+00 1.08780189E+00 1.08441341E+00 1.08123771E+00 1.07788346E+00 1.07475915E+00 1.07149358E+00 1.06848416E+00 1.06535262E+00 1.06247883E+00 1.05950780E+00 1.05679924E+00 1.05401086E+00 1.05147720E+00 1.04887979E+00 1.04652896E+00 1.04412753E+00 1.04196243E+00 1.03975670E+00 1.03761799E+00 1.03544035E+00 1.03322381E+00 1.03097335E+00 1.02869146E+00 1.02636822E+00 1.02400472E+00 1.02161162E+00 1.01919610E+00 1.01672849E+00 1.01419631E+00 1.01164886E+00 1.00918787E+00 1.00673565E+00 1.00374021E+00 1.00000000E+00
1.15698781E+00 1.15697890E+00 1.15696915E+00 1.15695917E+00 1.15694924E+00 1.15693985E+00 1.15693121E+00 1.15692355E+00 1.15691686E+00 1.15691115E+00 1.15690636E+00 1.15690242E+00 1.15689929E+00 1.15689689E+00 1.15689516E+00 1.15689403E+00 1.15689345E+00 1.15689336E+00 1.15689374E+00 1.15689454E+00 1.15689577E+00 1.15689740E+00 1.15689944E+00 1.15690191E+00 1.15690482E+00 1.15690819E+00 1.15691207E+00 1.15691649E+00 1.15692151E+00 1.15692717E+00 1.15693354E+00 1.15694068E+00 1.15694865E+00 1.15695755E+00 1.15696741E+00 1.15697834E+00 1.15699038E+00 1.15700364E+00 1.15701814E+00 1.15703400E+00 1.15705123E+00 1.15706988E+00 1.15708995E+00 1.15711145E+00 1.15713435E+00 1.15715858E+00 1.15718402E+00 1.15721051E+00 1.15723787E+00 1.15726575E+00 1.15729379E+00 1.15732133E+00 1.15734794E+00 1.15737291E+00 1.15739537E+00 1.15741384E+00 1.15742733E+00 1.15743381E+00 1.15743193E+00 1.15741905E+00 1.15739320E+00 1.15735064E+00 1.15728893E+00 1.15720375E+00 1.15709143E+00 1.15694551E+00 1.15676190E+00 1.15653244E+00 1.15625177E+00 1.15591022E+00 1.15550078E+00 1.15501163E+00 1.15443491E+00 1.15375582E+00 1.15296449E+00 1.15204275E+00 1.15097939E+00 1.14975308E+00 1.14835186E+00 1.14675415E+00 1.14494068E+00 1.14288217E+00 1.14056539E+00 1.13796154E+00 1.13504763E+00 1.13181903E+00 1.12823431E+00 1.12464905E+00 1.12072242E+00 1.11693928E+00 1.11286036E+00 1.10899283E+00 1.10486453E+00 1.10098859E+00 1.09688656E+00 1.09305805E+00 1.08905405E+00 1.08535975E+00 1.08150723E+00 1.07796460E+00 1.07430113E+00 1.07096038E+00 1.06751279E+00 1.06437309E+00 1.06114785E+00 1.05822467E+00 1.05523852E+00 1.05254511E+00 1.04979625E+00 1.04712530E+00 1.04439950E+00 1.04162168E+00 1.03880129E+00 1.03593758E+00 1.03301381E+00 1.03003385E+00 1.02701490E+00 1.02395971E+00 1.02083074E+00 1.01762229E+00 1.01439332E+00 1.01123778E+00 1.00808551E+00 1.00440445E+00 1.00000000E+00
1.17998856E+00 1.17997645E+00 1.17996593E+00 1.17995740E+00 1.17995055E+00 1.17994521E+00 1.17994128E+00 1.17993854E+00 1.17993690E+00 1.17993620E+00 1.17993635E+00 1.17993722E+00 1.17993878E+00 1.17994095E+00 1.17994369E+00 1.17994695E+00 1.17995076E+00 1.17995509E+00 1.17995996E+00 1.17996542E+00 1.17997148E+00 1.17997818E+00 1.17998557E+00 1.17999373E+00 1.18000272E+00 1.18001264E+00 1.18002355E+00 1.18003558E+00 1.18004881E+00 1.18006334E+00 1.18007924E+00 1.18009665E+00 1.18011573E+00 1.18013660E+00 1.18015928E+00 1.18018395E+00 1.18021069E+00 1.18023964E+00 1.18027083E+00 1.18030441E+00 1.18034042E+00 1.18037882E+00 1.18041956E+00 1.18046255E+00 1.18050785E+00 1.18055528E+00 1.18060449E+00 1.18065523E+00 1.18070719E+00 1.18075970E+00 1.18081205E+00 1.18086314E+00 1.18091246E+00 1.18095896E+00 1.18100109E+00 1.18103643E+00 1.18106357E+00 1.18107952E+00 1.18108255E+00 1.18106897E+00 1.18103583E+00 1.18097805E+00 1.18089230E+00 1.18077291E+00 1.18061495E+00 1.18040982E+00 1.18015231E+00 1.17983211E+00 1.17944280E+00 1.17897250E+00 1.17841229E+00 1.17774815E+00 1.17697122E+00 1.17606454E+00 1.17501586E+00 1.17380405E+00 1.17241663E+00 1.17083026E+00 1.16903329E+00 1.16700222E+00 1.16471319E+00 1.16213462E+00 1.15925593E+00 1.15604721E+00 1.15248244E+00 1.14856282E+00 1.14424351E+00 1.13995548E+00 1.13528600E+00 1.13081305E+00 1.12601895E+00 1.12149816E+00 1.11669296E+00 1.11220089E+00 1.10746767E+00 1.10306806E+00 1.09848237E+00 1.09426522E+00 1.08988116E+00 1.08586155E+00 1.08171762E+00 1.07794963E+00 1.07406967E+00 1.07054354E+00 1.06692856E+00 1.06365915E+00 1.06032690E+00 1.05732736E+00 1.05427122E+00 1.05130621E+00 1.04828501E+00 1.04521185E+00 1.04209782E+00 1.03894143E+00 1.03572421E+00 1.03245136E+00 1.02914249E+00 1.02579967E+00 1.02238438E+00 1.01889359E+00 1.01538879E+00 1.01196327E+00 1.00855298E+00 1.00463120E+00 1.00000000E+00
1.19784733E+00 1.19783369E+00 1.19782001E+00 1.19781017E+00 1.19780294E+00 1.19779830E+00 1.19779616E+00 1.19779620E+00 1.19779819E+00 1.19780183E+00 1.19780695E+00 1.19781329E+00 1.19782078E+00 1.19782924E+00 1.19783858E+00 1.19784872E+00 1.19785965E+00 1.19787135E+00 1.19788378E+00 1.19789702E+00 1.19791106E+00 1.19792592E+00 1.19794163E+00 1.19795829E+00 1.19797598E+00 1.19799478E+00 1.19801477E+00 1.19803607E+00 1.19805878E+00 1.19808293E+00 1.19810855E+00 1.19813578E+00 1.19816482E+00 1.19819574E+00 1.19822844E+00 1.19826305E+00 1.19829961E+00 1.19833817E+00 1.19837866E+00 1.19842112E+00 1.19846551E+00 1.19851148E+00 1.19855879E+00 1.19860715E+00 1.19865655E+00 1.19870649E+00 1.19875628E+00 1.19880532E+00 1.19885308E+00 1.19889838E+00 1.19894001E+00 1.19897626E+00 1.19900639E+00 1.19902884E+00 1.19904142E+00 1.19904061E+00 1.19902461E+00 1.19898954E+00 1.19893329E+00 1.19885127E+00 1.19873961E+00 1.19859209E+00 1.19840467E+00 1.19817070E+00 1.19788454E+00 1.19753600E+00 1.19711928E+00 1.19662293E+00 1.19603996E+00 1.19535737E+00 1.19456520E+00 1.19364846E+00 1.19259817E+00 1.19139685E+00 1.19003099E+00 1.18847836E+00 1.18672643E+00 1.18475179E+00 1.18254386E+00 1.18007926E+00 1.17733203E+00 1.17427046E+00 1.17088691E+00 1.16715249E+00 1.16304030E+00 1.15855804E+00 1.15365880E+00 1.14883219E+00 1.14360953E+00 1.13863678E+00 1.13333683E+00 1.12836469E+00 1.12310236E+00 1.11820317E+00 1.11306142E+00 1.10829954E+00 1.10335146E+00 1.09881432E+00 1.09411057E+00 1.08980896E+00 1.08538546E+00 1.08137268E+00 1.07724864E+00 1.07350744E+00 1.06967851E+00 1.06622159E+00 1.06270437E+00 1.05954325E+00 1.05632685E+00 1.05321031E+00 1.05003870E+00 1.04681706E+00 1.04355739E+00 1.04025781E+00 1.03689898E+00 1.03348687E+00 1.03004235E+00 1.02656720E+00 1.02302263E+00 1.01940703E+00 1.01578306E+00 1.01224358E+00 1.00872801E+00 1.00471334E+00 1.00000000E+00
1.21219235E+00 1.21217362E+00 1.21215085E+00 1.21213517E+00 1.21212357E+00 1.21211650E+00 1.21211390E+00 1.21211523E+00 1.21212004E+00 1.21212768E+00 1.21213782E+00 1.21214989E+00 1.21216372E+00 1.21217890E+00 1.21219522E+00 1.21221243E+00 1.21223048E+00 1.21224921E+00 1.21226852E+00 1.21228842E+00 1.21230889E+00 1.21232978E+00 1.21235114E+00 1.21237298E+00 1.21239538E+00 1.21241838E+00 1.21244200E+00 1.21246634E+00 1.21249143E+00 1.21251720E+00 1.21254359E+00 1.21257069E+00 1.21259871E+00 1.21262762E+00 1.21265713E+00 1.21268726E+00 1.21271799E+00 1.21274923E+00 1.21278076E+00 1.21281243E+00 1.21284407E+00 1.21287503E+00 1.21290485E+00 1.21293296E+00 1.21295930E+00 1.21298300E+00 1.21300305E+00 1.21301850E+00 1.21302861E+00 1.21303175E+00 1.21302628E+00 1.21300991E+00 1.21298173E+00 1.21293981E+00 1.21288147E+00 1.21280228E+00 1.21270023E+00 1.21257086E+00 1.21241181E+00 1.21221794E+00 1.21198474E+00 1.21170523E+00 1.21137499E+00 1.21098687E+00 1.21053492E+00 1.21000803E+00 1.20940019E+00 1.20869953E+00 1.20789888E+00 1.20698484E+00 1.20594702E+00 1.20477019E+00 1.20344571E+00 1.20195628E+00 1.20028785E+00 1.19841796E+00 1.19633449E+00 1.19401465E+00 1.19144908E+00 1.18861520E+00 1.18548593E+00 1.18203026E+00 1.17824302E+00 1.17409669E+00 1.16956419E+00 1.16465869E+00 1.15933191E+00 1.15411590E+00 1.14850072E+00 1.14317972E+00 1.13753332E+00 1.13225710E+00 1.12669159E+00 1.12152662E+00 1.11612218E+00 1.11113071E+00 1.10595613E+00 1.10122172E+00 1.09632348E+00 1.09185254E+00 1.08726342E+00 1.08310753E+00 1.07884243E+00 1.07497836E+00 1.07102858E+00 1.06746701E+00 1.06384782E+00 1.06059869E+00 1.05729592E+00 1.05409857E+00 1.05084760E+00 1.04754859E+00 1.04421414E+00 1.04084207E+00 1.03741248E+00 1.03393184E+00 1.03042185E+00 1.02688404E+00 1.02327954E+00 1.01960763E+00 1.01593162E+00 1.01234393E+00 1.00878616E+00 1.00473819E+00 1.00000000E+00
1.22405987E+00 1.22403459E+00 1.22399884E+00 1.22397380E+00 1.22395420E+00 1.22394122E+00 1.22393491E+00 1.22393449E+00 1.22393921E+00 1.22394800E+00 1.22396032E+00 1.22397521E+00 1.22399233E+00 1.22401099E+00 1.22403080E+00 1.22405129E+00 1.22407232E+00 1.22409356E+00 1.22411478E+00 1.22413593E+00 1.22415690E+00 1.22417740E+00 1.22419743E+00 1.22421690E+00 1.22423586E+00 1.22425428E+00 1.22427213E+00 1.22428943E+00 1.22430618E+00 1.22432213E+00 1.22433717E+00 1.22435130E+00 1.22436473E+00 1.22437730E+00 1.22438857E+00 1.22439843E+00 1.22440680E+00 1.22441343E+00 1.22441797E+00 1.22442008E+00 1.22441951E+00 1.22441528E+00 1.22440679E+00 1.22439322E+00 1.22437445E+00 1.22434934E+00 1.22431660E+00 1.22427501E+00 1.22422367E+00 1.22416062E+00 1.22408389E+00 1.22399075E+00 1.22388017E+00 1.22375003E+00 1.22359734E+00 1.22341696E+00 1.22320680E+00 1.22296209E+00 1.22268035E+00 1.22235617E+00 1.22198461E+00 1.22155826E+00 1.22107250E+00 1.22052003E+00 1.21989483E+00 1.21918527E+00 1.21838537E+00 1.21748320E+00 1.21647164E+00 1.21533728E+00 1.21406956E+00 1.21265343E+00 1.21108070E+00 1.20933456E+00 1.20740070E+00 1.20525690E+00 1.20289147E+00 1.20028247E+00 1.19742172E+00 1.19428751E+00 1.19085210E+00 1.18708537E+00 1.18298416E+00 1.17852224E+00 1.17367251E+00 1.16845249E+00 1.16281296E+00 1.15731644E+00 1.15142263E+00 1.14585806E+00 1.13997287E+00 1.13449002E+00 1.12872122E+00 1.12338049E+00 1.11780473E+00 1.11266551E+00 1.10734708E+00 1.10248902E+00 1.09747043E+00 1.09289609E+00 1.08820729E+00 1.08396648E+00 1.07961869E+00 1.07568346E+00 1.07166459E+00 1.06804400E+00 1.06436821E+00 1.06107095E+00 1.05772155E+00 1.05448115E+00 1.05118846E+00 1.04784947E+00 1.04447721E+00 1.04106923E+00 1.03760524E+00 1.03409209E+00 1.03055202E+00 1.02698637E+00 1.02335623E+00 1.01966154E+00 1.01596594E+00 1.01236147E+00 1.00879118E+00 1.00473731E+00 1.00000000E+00
1.13013548E+00 1.13014189E+00 1.13015048E+00 1.13015478E+00 1.13015507E+00 1.13015277E+00 1.13015017E+00 1.13014903E+00 1.13014896E+00 1.13014931E+00 1.13014957E+00 1.13014951E+00 1.13014937E+00 1.13014937E+00 1.13014957E+00 1.13014992E+00 1.13015039E+00 1.13015096E+00 1.13015163E+00 1.13015245E+00 1.13015342E+00 1.13015455E+00 1.13015586E+00 1.13015736E+00 1.13015906E+00 1.13016100E+00 1.13016318E+00 1.13016563E+00 1.13016836E+00 1.13017141E+00 1.13017479E+00 1.13017852E+00 1.13018263E+00 1.13018712E+00 1.13019202E+00 1.13019733E+00 1.13020305E+00 1.13020919E+00 1.13021572E+00 1.13022263E+00 1.13022988E+00 1.13023739E+00 1.13024510E+00 1.13025289E+00 1.13026064E+00 1.13026815E+00 1.13027522E+00 1.13028155E+00 1.13028687E+00 1.13029069E+00 1.13029265E+00 1.13029202E+00 1.13028825E+00 1.13028043E+00 1.13026777E+00 1.13024894E+00 1.13022293E+00 1.13018794E+00 1.13014262E+00 1.13008458E+00 1.13001208E+00 1.12992195E+00 1.12981195E+00 1.12967811E+00 1.12951750E+00 1.12932495E+00 1.12909696E+00 1.12882700E+00 1.12851059E+00 1.12813984E+00 1.12770929E+00 1.12720919E+00 1.12663293E+00 1.12596890E+00 1.12520941E+00 1.12434033E+00 1.12335289E+00 1.12223029E+00 1.12096180E+00 1.11952983E+00 1.11792204E+00 1.11611606E+00 1.11409892E+00 1.11184757E+00 1.10934641E+00 1.10659354E+00 1.10355300E+00 1.10052653E+00 1.09723065E+00 1.09407129E+00 1.09067326E+00 1.08745940E+00 1.08404174E+00 1.08084052E+00 1.07746442E+00 1.07432718E+00 1.07104866E+00 1.06802647E+00 1.06488483E+00 1.06200476E+00 1.05902794E+00 1.05631449E+00 1.05352280E+00 1.05098787E+00 1.04839044E+00 1.04604079E+00 1.04364097E+00 1.04147662E+00 1.03927266E+00 1.03713618E+00 1.03496317E+00 1.03275333E+00 1.03050815E+00 1.02822937E+00 1.02591393E+00 1.02356195E+00 1.02117677E+00 1.01876480E+00 1.01631632E+00 1.01382016E+00 1.01129382E+00 1.00883297E+00 1.00645540E+00 1.00361259E+00 1.00000000E+00
1.14072873E+00 1.14072641E+00 1.14072356E+00 1.14071991E+00 1.14071557E+00 1.14071096E+00 1.14070643E+00 1.14070229E+00 1.14069855E+00 1.14069522E+00 1.14069228E+00 1.14068976E+00 1.14068765E+00 1.14068596E+00 1.14068468E+00 1.14068378E+00 1.14068325E+00 1.14068307E+00 1.14068324E+00 1.14068374E+00 1.14068458E+00 1.14068576E+00 1.14068727E+00 1.14068912E+00 1.14069134E+00 1.14069394E+00 1.14069693E+00 1.14070034E+00 1.14070420E+00 1.14070854E+00 1.14071338E+00 1.14071877E+00 1.14072472E+00 1.14073127E+00 1.14073845E+00 1.14074629E+00 1.14075480E+00 1.14076399E+00 1.14077388E+00 1.14078445E+00 1.14079568E+00 1.14080752E+00 1.14081992E+00 1.14083275E+00 1.14084592E+00 1.14085923E+00 1.14087248E+00 1.14088537E+00 1.14089762E+00 1.14090872E+00 1.14091827E+00 1.14092549E+00 1.14092980E+00 1.14093026E+00 1.14092598E+00 1.14091545E+00 1.14089761E+00 1.14087042E+00 1.14083243E+00 1.14078101E+00 1.14071423E+00 1.14062854E+00 1.14052151E+00 1.14038879E+00 1.14022710E+00 1.14003060E+00 1.13979547E+00 1.13951442E+00 1.13918253E+00 1.13879110E+00 1.13833401E+00 1.13780061E+00 1.13718367E+00 1.13647047E+00 1.13565245E+00 1.13471408E+00 1.13364573E+00 1.13242913E+00 1.13105315E+00 1.12949882E+00 1.12775167E+00 1.12578761E+00 1.12359357E+00 1.12114476E+00 1.11842355E+00 1.11542877E+00 1.11212204E+00 1.10883236E+00 1.10524936E+00 1.10181528E+00 1.09812447E+00 1.09463592E+00 1.09092586E+00 1.08745216E+00 1.08378933E+00 1.08038581E+00 1.07683111E+00 1.07355541E+00 1.07014992E+00 1.06702790E+00 1.06380270E+00 1.06086429E+00 1.05784009E+00 1.05509375E+00 1.05227915E+00 1.04973306E+00 1.04713390E+00 1.04479052E+00 1.04240366E+00 1.04008951E+00 1.03773472E+00 1.03534001E+00 1.03290844E+00 1.03044079E+00 1.02793170E+00 1.02538262E+00 1.02279907E+00 1.02018623E+00 1.01753150E+00 1.01482701E+00 1.01209387E+00 1.00942368E+00 1.00683937E+00 1.00380037E+00 1.00000000E+00
1.14953438E+00 1.14952158E+00 1.14950551E+00 1.14948801E+00 1.14946952E+00 1.14945091E+00 1.14943240E+00 1.14941446E+00 1.14939727E+00 1.14938112E+00 1.14936610E+00 1.14935233E+00 1.14933983E+00 1.14932863E+00 1.14931871E+00 1.14931004E+00 1.14930259E+00 1.14929632E+00 1.14929116E+00 1.14928707E+00 1.14928399E+00 1.14928187E+00 1.14928067E+00 1.14928032E+00 1.14928082E+00 1.14928211E+00 1.14928418E+00 1.14928700E+00 1.14929056E+00 1.14929483E+00 1.14929980E+00 1.14930547E+00 1.14931184E+00 1.14931890E+00 1.14932661E+00 1.14933499E+00 1.14934399E+00 1.14935360E+00 1.14936377E+00 1.14937443E+00 1.14938553E+00 1.14939692E+00 1.14940847E+00 1.14941997E+00 1.14943129E+00 1.14944211E+00 1.14945212E+00 1.14946089E+00 1.14946805E+00 1.14947290E+00 1.14947487E+00 1.14947296E+00 1.14946649E+00 1.14945431E+00 1.14943529E+00 1.14940752E+00 1.14936978E+00 1.14931965E+00 1.14925550E+00 1.14917431E+00 1.14907379E+00 1.14894998E+00 1.14880010E+00 1.14861936E+00 1.14840411E+00 1.14814789E+00 1.14784654E+00 1.14749220E+00 1.14707964E+00 1.14659960E+00 1.14604544E+00 1.14540604E+00 1.14467395E+00 1.14383601E+00 1.14288310E+00 1.14179915E+00 1.14057431E+00 1.13919004E+00 1.13763553E+00 1.13589162E+00 1.13394278E+00 1.13176483E+00 1.12934576E+00 1.12666087E+00 1.12369199E+00 1.12044084E+00 1.11686777E+00 1.11332885E+00 1.10948787E+00 1.10581915E+00 1.10188934E+00 1.09818606E+00 1.09425685E+00 1.09058683E+00 1.08672572E+00 1.08314509E+00 1.07941234E+00 1.07597848E+00 1.07241388E+00 1.06915064E+00 1.06578462E+00 1.06272215E+00 1.05957337E+00 1.05671682E+00 1.05379199E+00 1.05114874E+00 1.04845325E+00 1.04602523E+00 1.04355390E+00 1.04115954E+00 1.03872461E+00 1.03625034E+00 1.03374038E+00 1.03119513E+00 1.02860861E+00 1.02598291E+00 1.02332429E+00 1.02063754E+00 1.01790961E+00 1.01513387E+00 1.01233225E+00 1.00959520E+00 1.00694834E+00 1.00385290E+00 1.00000000E+00
1.15583746E+00 1.15582291E+00 1.15580821E+00 1.15579547E+00 1.15578405E+00 1.15577406E+00 1.15576545E+00 1.15575808E+00 1.15575182E+00 1.15574650E+00 1.15574203E+00 1.15573825E+00 1.15573508E+00 1.15573239E+00 1.15573013E+00 1.15572819E+00 1.15572653E+00 1.15572509E+00 1.15572382E+00 1.15572270E+00 1.15572170E+00 1.15572075E+00 1.15571987E+00 1.15571902E+00 1.15571820E+00 1.15571741E+00 1.15571663E+00 1.15571586E+00 1.15571511E+00 1.15571433E+00 1.15571351E+00 1.15571264E+00 1.15571173E+00 1.15571076E+00 1.15570964E+00 1.15570835E+00 1.15570683E+00 1.15570501E+00 1.15570279E+00 1.15570006E+00 1.15569671E+00 1.15569248E+00 1.15568718E+00 1.15568049E+00 1.15567226E+00 1.15566203E+00 1.15564938E+00 1.15563376E+00 1.15561472E+00 1.15559140E+00 1.15556308E+00 1.15552857E+00 1.15548713E+00 1.15543744E+00 1.15537822E+00 1.15530726E+00 1.15522326E+00 1.15512356E+00 1.15500646E+00 1.15486873E+00 1.15470786E+00 1.15451966E+00 1.15430119E+00 1.15404747E+00 1.15375476E+00 1.15341626E+00 1.15302775E+00 1.15258119E+00 1.15207130E+00 1.15148867E+00 1.15082652E+00 1.15007365E+00 1.14922273E+00 1.14826063E+00 1.14717806E+00 1.14595895E+00 1.14459354E+00 1.14306354E+00 1.14135862E+00 1.13945993E+00 1.13735141E+00 1.13500929E+00 1.13242253E+00 1.12956690E+00 1.12642410E+00 1.12299814E+00 1.11924871E+00 1.11554933E+00 1.11154660E+00 1.10773453E+00 1.10366221E+00 1.09983383E+00 1.09577969E+00 1.09200015E+00 1.08803074E+00 1.08435529E+00 1.08052895E+00 1.07701347E+00 1.07336821E+00 1.07003460E+00 1.06659965E+00 1.06347746E+00 1.06026958E+00 1.05736152E+00 1.05438590E+00 1.05169853E+00 1.04895999E+00 1.04649467E+00 1.04398657E+00 1.04155775E+00 1.03908880E+00 1.03658125E+00 1.03403906E+00 1.03146240E+00 1.02884498E+00 1.02618920E+00 1.02350174E+00 1.02078715E+00 1.01803221E+00 1.01523090E+00 1.01240550E+00 1.00964581E+00 1.00697886E+00 1.00386681E+00 1.00000000E+00
1.16091292E+00 1.16089584E+00 1.16087573E+00 1.16085805E+00 1.16084140E+00 1.16082625E+00 1.16081264E+00 1.16080040E+00 1.16078933E+00 1.16077919E+00 1.16076983E+00 1.16076099E+00 1.16075257E+00 1.16074437E+00 1.16073628E+00 1.16072814E+00 1.16071990E+00 1.16071144E+00 1.16070267E+00 1.16069356E+00 1.16068405E+00 1.16067404E+00 1.16066351E+00 1.16065240E+00 1.16064071E+00 1.16062839E+00 1.16061541E+00 1.16060174E+00 1.16058736E+00 1.16057219E+00 1.16055617E+00 1.16053927E+00 1.16052150E+00 1.16050278E+00 1.16048298E+00 1.16046202E+00 1.16043983E+00 1.16041629E+00 1.16039125E+00 1.16036453E+00 1.16033601E+00 1.16030533E+00 1.16027224E+00 1.16023635E+00 1.16019748E+00 1.16015512E+00 1.16010874E+00 1.16005772E+00 1.16000156E+00 1.15993932E+00 1.15987017E+00 1.15979281E+00 1.15970646E+00 1.15960976E+00 1.15950133E+00 1.15937878E+00 1.15924078E+00 1.15908459E+00 1.15890850E+00 1.15870919E+00 1.15848405E+00 1.15822879E+00 1.15794042E+00 1.15761393E+00 1.15724558E+00 1.15682845E+00 1.15635834E+00 1.15582721E+00 1.15522985E+00 1.15455686E+00 1.15380142E+00 1.15295246E+00 1.15200279E+00 1.15093950E+00 1.14975319E+00 1.14842797E+00 1.14695424E+00 1.14531399E+00 1.14349737E+00 1.14148581E+00 1.13926297E+00 1.13680549E+00 1.13410308E+00 1.13113188E+00 1.12787358E+00 1.12433379E+00 1.12047177E+00 1.11667196E+00 1.11256981E+00 1.10867123E+00 1.10451455E+00 1.10061343E+00 1.09648781E+00 1.09264672E+00 1.08861751E+00 1.08489053E+00 1.08101418E+00 1.07745581E+00 1.07376881E+00 1.07039937E+00 1.06692997E+00 1.06377846E+00 1.06054194E+00 1.05760930E+00 1.05460981E+00 1.05190204E+00 1.04914398E+00 1.04666206E+00 1.04413781E+00 1.04169410E+00 1.03921065E+00 1.03668920E+00 1.03413391E+00 1.03154476E+00 1.02891527E+00 1.02624806E+00 1.02355006E+00 1.02082562E+00 1.01806150E+00 1.01525199E+00 1.01241954E+00 1.00965356E+00 1.00698186E+00 1.00386730E+00 1.00000000E+00
1.16495565E+00 1.16493495E+00 1.16490722E+00 1.16488215E+00 1.16485742E+00 1.16483405E+00 1.16481222E+00 1.16479176E+00 1.16477242E+00 1.16475387E+00 1.16473594E+00 1.16471827E+00 1.16470073E+00 1.16468304E+00 1.16466507E+00 1.16464658E+00 1.16462750E+00 1.16460769E+00 1.16458701E+00 1.16456540E+00 1.16454281E+00 1.16451906E+00 1.16449415E+00 1.16446799E+00 1.16444056E+00 1.16441179E+00 1.16438163E+00 1.16435004E+00 1.16431699E+00 1.16428235E+00 1.16424606E+00 1.16420804E+00 1.16416832E+00 1.16412679E+00 1.16408327E+00 1.16403766E+00 1.16398988E+00 1.16393977E+00 1.16388715E+00 1.16383181E+00 1.16377361E+00 1.16371212E+00 1.16364708E+00 1.16357804E+00 1.16350484E+00 1.16342689E+00 1.16334363E+00 1.16325439E+00 1.16315865E+00 1.16305543E+00 1.16294385E+00 1.16282253E+00 1.16269070E+00 1.16254697E+00 1.16238995E+00 1.16221712E+00 1.16202716E+00 1.16181732E+00 1.16158590E+00 1.16132959E+00 1.16104570E+00 1.16072993E+00 1.16037926E+00 1.15998876E+00 1.15955470E+00 1.15907013E+00 1.15853090E+00 1.15792906E+00 1.15725946E+00 1.15651279E+00 1.15568223E+00 1.15475686E+00 1.15372967E+00 1.15258792E+00 1.15132221E+00 1.14991682E+00 1.14836229E+00 1.14664085E+00 1.14474308E+00 1.14265063E+00 1.14034695E+00 1.13780903E+00 1.13502716E+00 1.13197776E+00 1.12864249E+00 1.12502805E+00 1.12109351E+00 1.11723011E+00 1.11306603E+00 1.10911451E+00 1.10490717E+00 1.10096315E+00 1.09679606E+00 1.09291994E+00 1.08885740E+00 1.08510220E+00 1.08119901E+00 1.07761811E+00 1.07390962E+00 1.07052211E+00 1.06703581E+00 1.06387030E+00 1.06062038E+00 1.05767650E+00 1.05466635E+00 1.05194973E+00 1.04918353E+00 1.04669491E+00 1.04416435E+00 1.04171499E+00 1.03922622E+00 1.03669989E+00 1.03414032E+00 1.03154736E+00 1.02891439E+00 1.02624416E+00 1.02354378E+00 1.02081746E+00 1.01805197E+00 1.01524177E+00 1.01240943E+00 1.00964405E+00 1.00697396E+00 1.00386255E+00 1.00000000E+00
1.10327605E+00 1.10326541E+00 1.10326106E+00 1.10326250E+00 1.10326333E+00 1.10325845E+00 1.10324993E+00 1.10324262E+00 1.10323952E+00 1.10324139E+00 1.10324506E+00 1.10324692E+00 1.10324657E+00 1.10324485E+00 1.10324330E+00 1.10324298E+00 1.10324342E+00 1.10324397E+00 1.10324436E+00 1.10324459E+00 1.10324487E+00 1.10324537E+00 1.10324606E+00 1.10324690E+00 1.10324786E+00 1.10324897E+00 1.10325026E+00 1.10325176E+00 1.10325347E+00 1.10325542E+00 1.10325763E+00 1.10326012E+00 1.10326293E+00 1.10326606E+00 1.10326955E+00 1.10327343E+00 1.10327773E+00 1.10328244E+00 1.10328759E+00 1.10329323E+00 1.10329932E+00 1.10330586E+00 1.10331286E+00 1.10332031E+00 1.10332816E+00 1.10333634E+00 1.10334477E+00 1.10335332E+00 1.10336186E+00 1.10337016E+00 1.10337809E+00 1.10338529E+00 1.10339136E+00 1.10339576E+00 1.10339813E+00 1.10339765E+00 1.10339376E+00 1.10338536E+00 1.10337156E+00 1.10335081E+00 1.10332201E+00 1.10328284E+00 1.10323173E+00 1.10316606E+00 1.10308385E+00 1.10298126E+00 1.10285600E+00 1.10270332E+00 1.10251944E+00 1.10229756E+00 1.10203375E+00 1.10172100E+00 1.10135448E+00 1.10092347E+00 1.10042188E+00 1.09983830E+00 1.09916540E+00 1.09838742E+00 1.09749504E+00 1.09647442E+00 1.09531496E+00 1.09399326E+00 1.09249688E+00 1.09080523E+00 1.08890566E+00 1.08679266E+00 1.08443713E+00 1.08206585E+00 1.07946081E+00 1.07694078E+00 1.07420628E+00 1.07159324E+00 1.06880908E+00 1.06621415E+00 1.06345557E+00 1.06084757E+00 1.05811641E+00 1.05561029E+00 1.05299848E+00 1.05059573E+00 1.04811451E+00 1.04585627E+00 1.04352909E+00 1.04141394E+00 1.03924753E+00 1.03728944E+00 1.03529554E+00 1.03350580E+00 1.03168762E+00 1.02993146E+00 1.02814562E+00 1.02633040E+00 1.02450306E+00 1.02267176E+00 1.02081317E+00 1.01893144E+00 1.01705371E+00 1.01515529E+00 1.01317602E+00 1.01120029E+00 1.00934484E+00 1.00755611E+00 1.00566294E+00 1.00321006E+00 1.00000000E+00
1.12171489E+00 1.12173107E+00 1.12174752E+00 1.12176109E+00 1.12177245E+00 1.12178261E+00 1.12179213E+00 1.12180101E+00 1.12180883E+00 1.12181538E+00 1.12182083E+00 1.12182541E+00 1.12182923E+00 1.12183239E+00 1.12183493E+00 1.12183693E+00 1.12183849E+00 1.12183972E+00 1.12184067E+00 1.12184143E+00 1.12184205E+00 1.12184259E+00 1.12184309E+00 1.12184361E+00 1.12184419E+00 1.12184487E+00 1.12184568E+00 1.12184670E+00 1.12184798E+00 1.12184955E+00 1.12185140E+00 1.12185363E+00 1.12185633E+00 1.12185957E+00 1.12186336E+00 1.12186783E+00 1.12187302E+00 1.12187898E+00 1.12188581E+00 1.12189377E+00 1.12190299E+00 1.12191356E+00 1.12192545E+00 1.12193880E+00 1.12195392E+00 1.12197106E+00 1.12199015E+00 1.12201143E+00 1.12203524E+00 1.12206187E+00 1.12209080E+00 1.12212176E+00 1.12215591E+00 1.12219447E+00 1.12223683E+00 1.12228255E+00 1.12233089E+00 1.12238089E+00 1.12243353E+00 1.12248901E+00 1.12254587E+00 1.12260192E+00 1.12265830E+00 1.12271665E+00 1.12277416E+00 1.12282746E+00 1.12287461E+00 1.12291163E+00 1.12293646E+00 1.12294273E+00 1.12292475E+00 1.12287813E+00 1.12280415E+00 1.12269507E+00 1.12253800E+00 1.12231607E+00 1.12201811E+00 1.12162903E+00 1.12115619E+00 1.12058730E+00 1.11988115E+00 1.11900001E+00 1.11794836E+00 1.11670670E+00 1.11523924E+00 1.11352137E+00 1.11154064E+00 1.10948852E+00 1.10712946E+00 1.10474716E+00 1.10211777E+00 1.09957187E+00 1.09679762E+00 1.09414167E+00 1.09122958E+00 1.08841507E+00 1.08544464E+00 1.08268420E+00 1.07974189E+00 1.07696836E+00 1.07406611E+00 1.07139591E+00 1.06858768E+00 1.06597140E+00 1.06323844E+00 1.06072471E+00 1.05813303E+00 1.05577672E+00 1.05333697E+00 1.05091844E+00 1.04840357E+00 1.04580090E+00 1.04313434E+00 1.04039084E+00 1.03752649E+00 1.03454886E+00 1.03149770E+00 1.02831909E+00 1.02492481E+00 1.02140557E+00 1.01790002E+00 1.01430275E+00 1.01037915E+00 1.00565217E+00 1.00000000E+00
1.14683627E+00 1.14684389E+00 1.14684863E+00 1.14685360E+00 1.14685845E+00 1.14686318E+00 1.14686771E+00 1.14687198E+00 1.14687608E+00 1.14688008E+00 1.14688385E+00 1.14688734E+00 1.14689065E+00 1.14689389E+00 1.14689687E+00 1.14689950E+00 1.14690193E+00 1.14690425E+00 1.14690652E+00 1.14690888E+00 1.14691127E+00 1.14691360E+00 1.14691586E+00 1.14691817E+00 1.14692058E+00 1.14692306E+00 1.14692572E+00 1.14692890E+00 1.14693264E+00 1.14693682E+00 1.14694121E+00 1.14694604E+00 1.14695193E+00 1.14695912E+00 1.14696726E+00 1.14697659E+00 1.14698732E+00 1.14699961E+00 1.14701378E+00 1.14703082E+00 1.14705103E+00 1.14707426E+00 1.14710001E+00 1.14712883E+00 1.14716218E+00 1.14720090E+00 1.14724465E+00 1.14729422E+00 1.14735057E+00 1.14741443E+00 1.14748434E+00 1.14756048E+00 1.14764717E+00 1.14774825E+00 1.14786116E+00 1.14798442E+00 1.14811718E+00 1.14825878E+00 1.14841308E+00 1.14858226E+00 1.14876380E+00 1.14895585E+00 1.14916188E+00 1.14938684E+00 1.14962573E+00 1.14987365E+00 1.15012830E+00 1.15038537E+00 1.15064378E+00 1.15089587E+00 1.15113318E+00 1.15135165E+00 1.15155549E+00 1.15173566E+00 1.15187051E+00 1.15193476E+00 1.15191618E+00 1.15179816E+00 1.15159460E+00 1.15128908E+00 1.15081455E+00 1.15011783E+00 1.14921956E+00 1.14809902E+00 1.14669840E+00 1.14497341E+00 1.14291694E+00 1.14073001E+00 1.13813909E+00 1.13545091E+00 1.13243984E+00 1.12948191E+00 1.12619925E+00 1.12299872E+00 1.11945362E+00 1.11600246E+00 1.11232014E+00 1.10885724E+00 1.10513646E+00 1.10160672E+00 1.09789504E+00 1.09446601E+00 1.09084291E+00 1.08744763E+00 1.08388443E+00 1.08059688E+00 1.07719806E+00 1.07409905E+00 1.07088304E+00 1.06768812E+00 1.06436099E+00 1.06091085E+00 1.05736678E+00 1.05371457E+00 1.04989956E+00 1.04592375E+00 1.04183633E+00 1.03758520E+00 1.03306855E+00 1.02836614E+00 1.02363693E+00 1.01877560E+00 1.01349444E+00 1.00726156E+00 1.00000000E+00
1.16982238E+00 1.16981368E+00 1.16979711E+00 1.16978934E+00 1.16978805E+00 1.16979217E+00 1.16980049E+00 1.16981171E+00 1.16982551E+00 1.16984120E+00 1.16985795E+00 1.16987485E+00 1.16989201E+00 1.16990926E+00 1.16992589E+00 1.16994140E+00 1.16995618E+00 1.16997038E+00 1.16998403E+00 1.16999743E+00 1.17001038E+00 1.17002256E+00 1.17003394E+00 1.17004484E+00 1.17005544E+00 1.17006575E+00 1.17007611E+00 1.17008729E+00 1.17009926E+00 1.17011154E+00 1.17012377E+00 1.17013670E+00 1.17015163E+00 1.17016899E+00 1.17018802E+00 1.17020915E+00 1.17023296E+00 1.17025988E+00 1.17029053E+00 1.17032675E+00 1.17036878E+00 1.17041597E+00 1.17046776E+00 1.17052556E+00 1.17059193E+00 1.17066824E+00 1.17075396E+00 1.17085067E+00 1.17095979E+00 1.17108226E+00 1.17121623E+00 1.17136243E+00 1.17152737E+00 1.17171678E+00 1.17192632E+00 1.17215313E+00 1.17239701E+00 1.17265838E+00 1.17294286E+00 1.17325369E+00 1.17358711E+00 1.17394039E+00 1.17431805E+00 1.17472653E+00 1.17515897E+00 1.17560777E+00 1.17607025E+00 1.17654092E+00 1.17701868E+00 1.17749430E+00 1.17795634E+00 1.17839801E+00 1.17882447E+00 1.17922568E+00 1.17957323E+00 1.17983351E+00 1.17999312E+00 1.18003072E+00 1.17996361E+00 1.17977397E+00 1.17937496E+00 1.17869677E+00 1.17776940E+00 1.17656654E+00 1.17501350E+00 1.17305179E+00 1.17067420E+00 1.16811580E+00 1.16505523E+00 1.16185437E+00 1.15824966E+00 1.15469545E+00 1.15073649E+00 1.14686456E+00 1.14258053E+00 1.13841514E+00 1.13395944E+00 1.12976217E+00 1.12525677E+00 1.12098914E+00 1.11650506E+00 1.11236736E+00 1.10800227E+00 1.10391498E+00 1.09962784E+00 1.09567502E+00 1.09159052E+00 1.08786914E+00 1.08401180E+00 1.08018456E+00 1.07620376E+00 1.07207732E+00 1.06783901E+00 1.06347749E+00 1.05892938E+00 1.05418841E+00 1.04931151E+00 1.04425269E+00 1.03890134E+00 1.03332598E+00 1.02769929E+00 1.02192219E+00 1.01567089E+00 1.00837710E+00 1.00000000E+00
1.19012726E+00 1.19010322E+00 1.19005644E+00 1.19003204E+00 1.19002473E+00 1.19003234E+00 1.19005178E+00 1.19007975E+00 1.19011521E+00 1.19015599E+00 1.19020021E+00 1.19024556E+00 1.19029199E+00 1.19033880E+00 1.19038459E+00 1.19042832E+00 1.19047058E+00 1.19051148E+00 1.19055095E+00 1.19058939E+00 1.19062647E+00 1.19066161E+00 1.19069476E+00 1.19072646E+00 1.19075706E+00 1.19078682E+00 1.19081628E+00 1.19084668E+00 1.19087783E+00 1.19090892E+00 1.19093969E+00 1.19097157E+00 1.19100646E+00 1.19104495E+00 1.19108603E+00 1.19113046E+00 1.19117924E+00 1.19123319E+00 1.19129320E+00 1.19136174E+00 1.19143901E+00 1.19152403E+00 1.19161639E+00 1.19171849E+00 1.19183368E+00 1.19196369E+00 1.19210796E+00 1.19226888E+00 1.19244816E+00 1.19264677E+00 1.19286257E+00 1.19309649E+00 1.19335641E+00 1.19364940E+00 1.19396973E+00 1.19431302E+00 1.19467984E+00 1.19507158E+00 1.19549465E+00 1.19595262E+00 1.19644018E+00 1.19695283E+00 1.19749574E+00 1.19807616E+00 1.19868547E+00 1.19931294E+00 1.19995554E+00 1.20060637E+00 1.20126413E+00 1.20191837E+00 1.20255446E+00 1.20316141E+00 1.20374521E+00 1.20429589E+00 1.20477877E+00 1.20515150E+00 1.20539924E+00 1.20549544E+00 1.20545876E+00 1.20526876E+00 1.20482321E+00 1.20403732E+00 1.20294656E+00 1.20151992E+00 1.19967175E+00 1.19733662E+00 1.19450682E+00 1.19146706E+00 1.18784339E+00 1.18406536E+00 1.17981704E+00 1.17563988E+00 1.17099984E+00 1.16647219E+00 1.16148282E+00 1.15664900E+00 1.15148228E+00 1.14662175E+00 1.14141849E+00 1.13650285E+00 1.13134699E+00 1.12659924E+00 1.12160250E+00 1.11693214E+00 1.11203974E+00 1.10753373E+00 1.10288190E+00 1.09864896E+00 1.09426787E+00 1.08992703E+00 1.08541776E+00 1.08074621E+00 1.07595020E+00 1.07102235E+00 1.06589218E+00 1.06054490E+00 1.05504370E+00 1.04934952E+00 1.04334604E+00 1.03709200E+00 1.03076832E+00 1.02428305E+00 1.01729058E+00 1.00920060E+00 1.00000000E+00
1.20823642E+00 1.20818996E+00 1.20809788E+00 1.20804562E+00 1.20802464E+00 1.20803215E+00 1.20806261E+00 1.20811023E+00 1.20817285E+00 1.20824620E+00 1.20832704E+00 1.20841115E+00 1.20849812E+00 1.20858636E+00 1.20867371E+00 1.20875835E+00 1.20884099E+00 1.20892146E+00 1.20899952E+00 1.20907559E+00 1.20914919E+00 1.20921950E+00 1.20928642E+00 1.20935064E+00 1.20941276E+00 1.20947337E+00 1.20953319E+00 1.20959386E+00 1.20965507E+00 1.20971578E+00 1.20977595E+00 1.20983770E+00 1.20990342E+00 1.20997386E+00 1.21004789E+00 1.21012670E+00 1.21021168E+00 1.21030407E+00 1.21040498E+00 1.21051732E+00 1.21064126E+00 1.21077566E+00 1.21092035E+00 1.21107853E+00 1.21125411E+00 1.21144906E+00 1.21166283E+00 1.21189847E+00 1.21215786E+00 1.21244180E+00 1.21274784E+00 1.21307669E+00 1.21343720E+00 1.21383751E+00 1.21427064E+00 1.21473059E+00 1.21521859E+00 1.21573673E+00 1.21629172E+00 1.21688714E+00 1.21751610E+00 1.21817208E+00 1.21886083E+00 1.21959007E+00 1.22034944E+00 1.22112513E+00 1.22191383E+00 1.22270721E+00 1.22350352E+00 1.22429102E+00 1.22505173E+00 1.22577024E+00 1.22645308E+00 1.22709022E+00 1.22764101E+00 1.22805443E+00 1.22831410E+00 1.22838895E+00 1.22829818E+00 1.22801882E+00 1.22743715E+00 1.22645648E+00 1.22511648E+00 1.22338411E+00 1.22116667E+00 1.21839625E+00 1.21506476E+00 1.21151213E+00 1.20731054E+00 1.20295844E+00 1.19808338E+00 1.19331175E+00 1.18803422E+00 1.18290246E+00 1.17727108E+00 1.17183539E+00 1.16603490E+00 1.16058900E+00 1.15477486E+00 1.14929566E+00 1.14355866E+00 1.13828626E+00 1.13274975E+00 1.12758390E+00 1.12217935E+00 1.11720657E+00 1.11207737E+00 1.10741576E+00 1.10259743E+00 1.09782907E+00 1.09288096E+00 1.08775752E+00 1.08250006E+00 1.07710531E+00 1.07149691E+00 1.06565220E+00 1.05963948E+00 1.05342636E+00 1.04689277E+00 1.04008961E+00 1.03320257E+00 1.02614619E+00 1.01856133E+00 1.00984307E+00 1.00000000E+00
1.11158491E+00 1.11158079E+00 1.11158060E+00 1.11158040E+00 1.11157960E+00 1.11157826E+00 1.11157720E+00 1.11157667E+00 1.11157630E+00 1.11157578E+00 1.11157517E+00 1.11157469E+00 1.11157445E+00 1.11157442E+00 1.11157449E+00 1.11157457E+00 1.11157470E+00 1.11157493E+00 1.11157528E+00 1.11157576E+00 1.11157634E+00 1.11157705E+00 1.11157789E+00 1.11157888E+00 1.11158004E+00 1.11158138E+00 1.11158291E+00 1.11158467E+00 1.11158666E+00 1.11158892E+00 1.11159145E+00 1.11159430E+00 1.11159749E+00 1.11160103E+00 1.11160495E+00 1.11160929E+00 1.11161407E+00 1.11161928E+00 1.11162494E+00 1.11163109E+00 1.11163770E+00 1.11164475E+00 1.11165224E+00 1.11166014E+00 1.11166838E+00 1.11167686E+00 1.11168549E+00 1.11169409E+00 1.11170252E+00 1.11171048E+00 1.11171780E+00 1.11172400E+00 1.11172868E+00 1.11173124E+00 1.11173119E+00 1.11172762E+00 1.11171984E+00 1.11170658E+00 1.11168683E+00 1.11165881E+00 1.11162129E+00 1.11157172E+00 1.11150840E+00 1.11142837E+00 1.11132939E+00 1.11120726E+00 1.11105933E+00 1.11088017E+00 1.11066591E+00 1.11040971E+00 1.11010719E+00 1.10975032E+00 1.10933358E+00 1.10884600E+00 1.10828123E+00 1.10762685E+00 1.10687525E+00 1.10601019E+00 1.10502142E+00 1.10389370E+00 1.10261608E+00 1.10116525E+00 1.09952878E+00 1.09768574E+00 1.09562211E+00 1.09333215E+00 1.09078418E+00 1.08822569E+00 1.08542203E+00 1.08271717E+00 1.07979169E+00 1.07700881E+00 1.07404258E+00 1.07126504E+00 1.06832006E+00 1.06555738E+00 1.06266816E+00 1.06001212E+00 1.05724613E+00 1.05470427E+00 1.05207701E+00 1.04968342E+00 1.04721949E+00 1.04498196E+00 1.04268996E+00 1.04061659E+00 1.03850092E+00 1.03659759E+00 1.03466163E+00 1.03278835E+00 1.03088199E+00 1.02894183E+00 1.02697852E+00 1.02499764E+00 1.02298159E+00 1.02093141E+00 1.01886949E+00 1.01679804E+00 1.01466594E+00 1.01248431E+00 1.01033670E+00 1.00826825E+00 1.00613129E+00 1.00342565E+00 1.00000000E+00
1.13616223E+00 1.13616488E+00 1.13616944E+00 1.13617641E+00 1.13618494E+00 1.13619380E+00 1.13620252E+00 1.13621078E+00 1.13621867E+00 1.13622614E+00 1.13623309E+00 1.13623939E+00 1.13624503E+00 1.13625003E+00 1.13625444E+00 1.13625832E+00 1.13626172E+00 1.13626470E+00 1.13626733E+00 1.13626967E+00 1.13627178E+00 1.13627375E+00 1.13627561E+00 1.13627746E+00 1.13627932E+00 1.13628128E+00 1.13628338E+00 1.13628571E+00 1.13628831E+00 1.13629126E+00 1.13629460E+00 1.13629843E+00 1.13630283E+00 1.13630790E+00 1.13631367E+00 1.13632028E+00 1.13632781E+00 1.13633638E+00 1.13634608E+00 1.13635711E+00 1.13636957E+00 1.13638360E+00 1.13639925E+00 1.13641672E+00 1.13643619E+00 1.13645784E+00 1.13648171E+00 1.13650801E+00 1.13653689E+00 1.13656851E+00 1.13660272E+00 1.13663944E+00 1.13667905E+00 1.13672189E+00 1.13676751E+00 1.13681539E+00 1.13686517E+00 1.13691607E+00 1.13696798E+00 1.13702006E+00 1.13707126E+00 1.13711962E+00 1.13716454E+00 1.13720495E+00 1.13723819E+00 1.13726022E+00 1.13726856E+00 1.13725771E+00 1.13722443E+00 1.13716188E+00 1.13706462E+00 1.13692520E+00 1.13673909E+00 1.13649389E+00 1.13618012E+00 1.13578222E+00 1.13528962E+00 1.13468313E+00 1.13395643E+00 1.13309045E+00 1.13205881E+00 1.13082966E+00 1.12939497E+00 1.12772692E+00 1.12579619E+00 1.12358419E+00 1.12105899E+00 1.11846380E+00 1.11554176E+00 1.11265172E+00 1.10947780E+00 1.10641394E+00 1.10308809E+00 1.09991646E+00 1.09649333E+00 1.09323347E+00 1.08978785E+00 1.08657968E+00 1.08318720E+00 1.08002069E+00 1.07671397E+00 1.07367280E+00 1.07049884E+00 1.06757189E+00 1.06453357E+00 1.06175205E+00 1.05888884E+00 1.05628933E+00 1.05361412E+00 1.05098808E+00 1.04828106E+00 1.04549539E+00 1.04264768E+00 1.03973442E+00 1.03672455E+00 1.03361972E+00 1.03045246E+00 1.02721086E+00 1.02382754E+00 1.02031605E+00 1.01677224E+00 1.01321847E+00 1.00948738E+00 1.00511095E+00 1.00000000E+00
1.16380392E+00 1.16381831E+00 1.16383051E+00 1.16384240E+00 1.16385362E+00 1.16386423E+00 1.16387421E+00 1.16388360E+00 1.16389240E+00 1.16390064E+00 1.16390830E+00 1.16391540E+00 1.16392200E+00 1.16392815E+00 1.16393383E+00 1.16393911E+00 1.16394405E+00 1.16394874E+00 1.16395322E+00 1.16395760E+00 1.16396192E+00 1.16396622E+00 1.16397054E+00 1.16397502E+00 1.16397976E+00 1.16398483E+00 1.16399034E+00 1.16399651E+00 1.16400343E+00 1.16401118E+00 1.16401978E+00 1.16402954E+00 1.16404077E+00 1.16405371E+00 1.16406833E+00 1.16408498E+00 1.16410395E+00 1.16412557E+00 1.16415009E+00 1.16417815E+00 1.16421001E+00 1.16424594E+00 1.16428604E+00 1.16433094E+00 1.16438142E+00 1.16443810E+00 1.16450105E+00 1.16457109E+00 1.16464879E+00 1.16473473E+00 1.16482856E+00 1.16493076E+00 1.16504285E+00 1.16516622E+00 1.16529975E+00 1.16544283E+00 1.16559526E+00 1.16575657E+00 1.16592761E+00 1.16610797E+00 1.16629600E+00 1.16648955E+00 1.16668831E+00 1.16689158E+00 1.16709525E+00 1.16729365E+00 1.16748329E+00 1.16765685E+00 1.16781059E+00 1.16793547E+00 1.16802318E+00 1.16806365E+00 1.16805128E+00 1.16797007E+00 1.16780530E+00 1.16753467E+00 1.16714450E+00 1.16661025E+00 1.16592458E+00 1.16506116E+00 1.16398015E+00 1.16263817E+00 1.16102940E+00 1.15911707E+00 1.15685905E+00 1.15422739E+00 1.15118604E+00 1.14803128E+00 1.14444470E+00 1.14086780E+00 1.13692202E+00 1.13309991E+00 1.12893249E+00 1.12494140E+00 1.12062943E+00 1.11652321E+00 1.11217362E+00 1.10811507E+00 1.10382159E+00 1.09981454E+00 1.09563177E+00 1.09178671E+00 1.08777361E+00 1.08407094E+00 1.08022718E+00 1.07671084E+00 1.07309460E+00 1.06981365E+00 1.06643915E+00 1.06312765E+00 1.05971699E+00 1.05621129E+00 1.05263031E+00 1.04896947E+00 1.04519257E+00 1.04130131E+00 1.03733427E+00 1.03327925E+00 1.02906432E+00 1.02470170E+00 1.02029411E+00 1.01586925E+00 1.01125661E+00 1.00599157E+00 1.00000000E+00
1.18801936E+00 1.18803011E+00 1.18803430E+00 1.18804255E+00 1.18805277E+00 1.18806489E+00 1.18807870E+00 1.18809382E+00 1.18811000E+00 1.18812680E+00 1.18814394E+00 1.18816108E+00 1.18817820E+00 1.18819514E+00 1.18821173E+00 1.18822788E+00 1.18824373E+00 1.18825931E+00 1.18827465E+00 1.18828997E+00 1.18830525E+00 1.18832054E+00 1.18833590E+00 1.18835162E+00 1.18836789E+00 1.18838494E+00 1.18840293E+00 1.18842236E+00 1.18844338E+00 1.18846610E+00 1.18849059E+00 1.18851749E+00 1.18854749E+00 1.18858100E+00 1.18861792E+00 1.18865894E+00 1.18870460E+00 1.18875556E+00 1.18881220E+00 1.18887567E+00 1.18894639E+00 1.18902468E+00 1.18911071E+00 1.18920567E+00 1.18931087E+00 1.18942720E+00 1.18955471E+00 1.18969474E+00 1.18984810E+00 1.19001546E+00 1.19019625E+00 1.19039109E+00 1.19060214E+00 1.19083132E+00 1.19107672E+00 1.19133692E+00 1.19161174E+00 1.19190051E+00 1.19220429E+00 1.19252219E+00 1.19285144E+00 1.19318851E+00 1.19353256E+00 1.19388193E+00 1.19423090E+00 1.19457095E+00 1.19489731E+00 1.19520012E+00 1.19547420E+00 1.19570750E+00 1.19588868E+00 1.19600351E+00 1.19604488E+00 1.19599327E+00 1.19582914E+00 1.19552301E+00 1.19505879E+00 1.19440689E+00 1.19355855E+00 1.19248226E+00 1.19112913E+00 1.18944639E+00 1.18743055E+00 1.18504034E+00 1.18222639E+00 1.17895950E+00 1.17520025E+00 1.17132078E+00 1.16692970E+00 1.16256926E+00 1.15777880E+00 1.15315899E+00 1.14814037E+00 1.14335019E+00 1.13819729E+00 1.13331234E+00 1.12815112E+00 1.12334737E+00 1.11828215E+00 1.11357060E+00 1.10866638E+00 1.10417056E+00 1.09949031E+00 1.09518138E+00 1.09071762E+00 1.08664339E+00 1.08246225E+00 1.07867633E+00 1.07479001E+00 1.07098304E+00 1.06706990E+00 1.06305567E+00 1.05896232E+00 1.05478580E+00 1.05048690E+00 1.04606669E+00 1.04156797E+00 1.03698004E+00 1.03222899E+00 1.02732594E+00 1.02237768E+00 1.01741739E+00 1.01227501E+00 1.00649149E+00 1.00000000E+00
1.20921788E+00 1.20920222E+00 1.20917197E+00 1.20915482E+00 1.20914560E+00 1.20914423E+00 1.20915008E+00 1.20916209E+00 1.20917941E+00 1.20920067E+00 1.20922509E+00 1.20925160E+00 1.20927994E+00 1.20930952E+00 1.20933983E+00 1.20937051E+00 1.20940166E+00 1.20943316E+00 1.20946497E+00 1.20949731E+00 1.20953014E+00 1.20956342E+00 1.20959726E+00 1.20963205E+00 1.20966810E+00 1.20970579E+00 1.20974539E+00 1.20978765E+00 1.20983276E+00 1.20988085E+00 1.20993209E+00 1.20998750E+00 1.21004807E+00 1.21011437E+00 1.21018626E+00 1.21026473E+00 1.21035055E+00 1.21044464E+00 1.21054752E+00 1.21066062E+00 1.21078450E+00 1.21091941E+00 1.21106560E+00 1.21122459E+00 1.21139801E+00 1.21158685E+00 1.21179099E+00 1.21201201E+00 1.21225073E+00 1.21250761E+00 1.21278173E+00 1.21307336E+00 1.21338489E+00 1.21371830E+00 1.21407087E+00 1.21443983E+00 1.21482486E+00 1.21522473E+00 1.21564012E+00 1.21606925E+00 1.21650798E+00 1.21695080E+00 1.21739607E+00 1.21784063E+00 1.21827723E+00 1.21869422E+00 1.21908564E+00 1.21943907E+00 1.21974778E+00 1.21999681E+00 1.22017217E+00 1.22025572E+00 1.22023921E+00 1.22010052E+00 1.21981621E+00 1.21935108E+00 1.21868757E+00 1.21779274E+00 1.21665732E+00 1.21524711E+00 1.21350720E+00 1.21137881E+00 1.20886114E+00 1.20591155E+00 1.20247672E+00 1.19853070E+00 1.19403126E+00 1.18942844E+00 1.18425865E+00 1.17916096E+00 1.17359310E+00 1.16825420E+00 1.16248342E+00 1.15700024E+00 1.15112979E+00 1.14559029E+00 1.13975624E+00 1.13434310E+00 1.12865471E+00 1.12338091E+00 1.11790679E+00 1.11290220E+00 1.10770576E+00 1.10293229E+00 1.09799769E+00 1.09350325E+00 1.08889978E+00 1.08473926E+00 1.08047613E+00 1.07630715E+00 1.07202962E+00 1.06764923E+00 1.06318958E+00 1.05864752E+00 1.05398185E+00 1.04919299E+00 1.04432678E+00 1.03937422E+00 1.03426046E+00 1.02899599E+00 1.02369011E+00 1.01838030E+00 1.01289837E+00 1.00679241E+00 1.00000000E+00
1.22751722E+00 1.22748798E+00 1.22743090E+00 1.22739723E+00 1.22737802E+00 1.22737368E+00 1.22738312E+00 1.22740458E+00 1.22743649E+00 1.22747626E+00 1.22752256E+00 1.22757336E+00 1.22762813E+00 1.22768567E+00 1.22774512E+00 1.22780572E+00 1.22786753E+00 1.22793019E+00 1.22799356E+00 1.22805786E+00 1.22812302E+00 1.22818891E+00 1.22825565E+00 1.22832373E+00 1.22839361E+00 1.22846582E+00 1.22854073E+00 1.22861932E+00 1.22870182E+00 1.22878839E+00 1.22887928E+00 1.22897585E+00 1.22907934E+00 1.22919046E+00 1.22930902E+00 1.22943624E+00 1.22957306E+00 1.22972060E+00 1.22987941E+00 1.23005108E+00 1.23023621E+00 1.23043493E+00 1.23064746E+00 1.23087546E+00 1.23112074E+00 1.23138416E+00 1.23166542E+00 1.23196603E+00 1.23228669E+00 1.23262746E+00 1.23298698E+00 1.23336483E+00 1.23376340E+00 1.23418448E+00 1.23462451E+00 1.23507919E+00 1.23554795E+00 1.23602878E+00 1.23652178E+00 1.23702414E+00 1.23753032E+00 1.23803273E+00 1.23852892E+00 1.23901415E+00 1.23947985E+00 1.23991150E+00 1.24030213E+00 1.24063716E+00 1.24090848E+00 1.24109876E+00 1.24119191E+00 1.24116669E+00 1.24101420E+00 1.24071061E+00 1.24022953E+00 1.23953162E+00 1.23859853E+00 1.23739542E+00 1.23591318E+00 1.23411648E+00 1.23194631E+00 1.22934027E+00 1.22630028E+00 1.22278396E+00 1.21873579E+00 1.21413497E+00 1.20893691E+00 1.20366450E+00 1.19778712E+00 1.19203109E+00 1.18577891E+00 1.17981559E+00 1.17340012E+00 1.16733018E+00 1.16085878E+00 1.15477677E+00 1.14839042E+00 1.14248179E+00 1.13629116E+00 1.13056797E+00 1.12464175E+00 1.11923666E+00 1.11363699E+00 1.10850319E+00 1.10320584E+00 1.09838970E+00 1.09346482E+00 1.08902096E+00 1.08447455E+00 1.08003498E+00 1.07548674E+00 1.07083595E+00 1.06610743E+00 1.06129895E+00 1.05636793E+00 1.05131428E+00 1.04618611E+00 1.04097591E+00 1.03560845E+00 1.03009393E+00 1.02454324E+00 1.01899716E+00 1.01328996E+00 1.00697746E+00 1.00000000E+00
1.11881066E+00 1.11880906E+00 1.11881304E+00 1.11881658E+00 1.11881812E+00 1.11881697E+00 1.11881474E+00 1.11881294E+00 1.11881185E+00 1.11881150E+00 1.11881145E+00 1.11881136E+00 1.11881123E+00 1.11881110E+00 1.11881106E+00 1.11881117E+00 1.11881141E+00 1.11881176E+00 1.11881223E+00 1.11881280E+00 1.11881349E+00 1.11881433E+00 1.11881532E+00 1.11881648E+00 1.11881782E+00 1.11881936E+00 1.11882112E+00 1.11882312E+00 1.11882537E+00 1.11882791E+00 1.11883075E+00 1.11883393E+00 1.11883746E+00 1.11884137E+00 1.11884568E+00 1.11885041E+00 1.11885559E+00 1.11886122E+00 1.11886730E+00 1.11887384E+00 1.11888083E+00 1.11888824E+00 1.11889604E+00 1.11890417E+00 1.11891256E+00 1.11892106E+00 1.11892958E+00 1.11893788E+00 1.11894579E+00 1.11895296E+00 1.11895915E+00 1.11896380E+00 1.11896648E+00 1.11896649E+00 1.11896327E+00 1.11895574E+00 1.11894313E+00 1.11892398E+00 1.11889717E+00 1.11886073E+00 1.11881326E+00 1.11875201E+00 1.11867511E+00 1.11857926E+00 1.11846197E+00 1.11831870E+00 1.11814648E+00 1.11793950E+00 1.11769366E+00 1.11740183E+00 1.11705923E+00 1.11665708E+00 1.11618943E+00 1.11564510E+00 1.11501733E+00 1.11429288E+00 1.11346378E+00 1.11251347E+00 1.11143127E+00 1.11020100E+00 1.10881137E+00 1.10723930E+00 1.10547210E+00 1.10348807E+00 1.10127234E+00 1.09882000E+00 1.09609777E+00 1.09337244E+00 1.09039310E+00 1.08752555E+00 1.08443042E+00 1.08149278E+00 1.07836286E+00 1.07542893E+00 1.07232518E+00 1.06942631E+00 1.06639521E+00 1.06360403E+00 1.06069856E+00 1.05803068E+00 1.05527199E+00 1.05275685E+00 1.05016797E+00 1.04781631E+00 1.04540634E+00 1.04322538E+00 1.04099747E+00 1.03898974E+00 1.03694544E+00 1.03496475E+00 1.03294867E+00 1.03089633E+00 1.02881376E+00 1.02670505E+00 1.02455885E+00 1.02237528E+00 1.02016804E+00 1.01794456E+00 1.01566884E+00 1.01332992E+00 1.01098693E+00 1.00872885E+00 1.00643858E+00 1.00358093E+00 1.00000000E+00
1.14332642E+00 1.14331598E+00 1.14330632E+00 1.14329918E+00 1.14329387E+00 1.14328996E+00 1.14328726E+00 1.14328574E+00 1.14328539E+00 1.14328606E+00 1.14328754E+00 1.14328957E+00 1.14329204E+00 1.14329479E+00 1.14329776E+00 1.14330081E+00 1.14330390E+00 1.14330697E+00 1.14331000E+00 1.14331299E+00 1.14331594E+00 1.14331887E+00 1.14332181E+00 1.14332479E+00 1.14332786E+00 1.14333108E+00 1.14333450E+00 1.14333819E+00 1.14334220E+00 1.14334664E+00 1.14335154E+00 1.14335703E+00 1.14336317E+00 1.14337008E+00 1.14337782E+00 1.14338653E+00 1.14339629E+00 1.14340723E+00 1.14341945E+00 1.14343312E+00 1.14344832E+00 1.14346520E+00 1.14348382E+00 1.14350433E+00 1.14352685E+00 1.14355148E+00 1.14357826E+00 1.14360728E+00 1.14363859E+00 1.14367217E+00 1.14370788E+00 1.14374551E+00 1.14378502E+00 1.14382633E+00 1.14386893E+00 1.14391203E+00 1.14395508E+00 1.14399689E+00 1.14403678E+00 1.14407318E+00 1.14410478E+00 1.14412899E+00 1.14414428E+00 1.14414805E+00 1.14413734E+00 1.14410717E+00 1.14405441E+00 1.14397244E+00 1.14385695E+00 1.14369994E+00 1.14349538E+00 1.14323353E+00 1.14290776E+00 1.14250440E+00 1.14201437E+00 1.14142088E+00 1.14071318E+00 1.13987055E+00 1.13888212E+00 1.13772700E+00 1.13638450E+00 1.13482429E+00 1.13303325E+00 1.13098177E+00 1.12864462E+00 1.12600874E+00 1.12303587E+00 1.12001716E+00 1.11666540E+00 1.11339341E+00 1.10982762E+00 1.10641181E+00 1.10273237E+00 1.09924787E+00 1.09552624E+00 1.09202077E+00 1.08833119E+00 1.08490785E+00 1.08131449E+00 1.07798748E+00 1.07452798E+00 1.07135734E+00 1.06806876E+00 1.06505798E+00 1.06195075E+00 1.05912126E+00 1.05621867E+00 1.05359098E+00 1.05089930E+00 1.04827296E+00 1.04558203E+00 1.04282795E+00 1.04002104E+00 1.03716059E+00 1.03422709E+00 1.03122223E+00 1.02816644E+00 1.02505973E+00 1.02185656E+00 1.01855103E+00 1.01521294E+00 1.01192244E+00 1.00856278E+00 1.00463064E+00 1.00000000E+00
1.16754926E+00 1.16754493E+00 1.16753970E+00 1.16753565E+00 1.16753261E+00 1.16753095E+00 1.16753073E+00 1.16753205E+00 1.16753481E+00 1.16753890E+00 1.16754417E+00 1.16755042E+00 1.16755754E+00 1.16756535E+00 1.16757374E+00 1.16758254E+00 1.16759172E+00 1.16760117E+00 1.16761085E+00 1.16762076E+00 1.16763087E+00 1.16764119E+00 1.16765174E+00 1.16766262E+00 1.16767389E+00 1.16768568E+00 1.16769806E+00 1.16771124E+00 1.16772533E+00 1.16774051E+00 1.16775688E+00 1.16777471E+00 1.16779426E+00 1.16781580E+00 1.16783942E+00 1.16786548E+00 1.16789422E+00 1.16792601E+00 1.16796104E+00 1.16799980E+00 1.16804255E+00 1.16808956E+00 1.16814099E+00 1.16819728E+00 1.16825884E+00 1.16832604E+00 1.16839891E+00 1.16847791E+00 1.16856323E+00 1.16865500E+00 1.16875292E+00 1.16885684E+00 1.16896716E+00 1.16908405E+00 1.16920647E+00 1.16933321E+00 1.16946356E+00 1.16959590E+00 1.16972960E+00 1.16986255E+00 1.16999262E+00 1.17011623E+00 1.17023125E+00 1.17033408E+00 1.17042032E+00 1.17048276E+00 1.17051697E+00 1.17051380E+00 1.17046767E+00 1.17036771E+00 1.17020530E+00 1.16996739E+00 1.16964555E+00 1.16922248E+00 1.16868526E+00 1.16801181E+00 1.16718857E+00 1.16619025E+00 1.16500454E+00 1.16360543E+00 1.16196480E+00 1.16004553E+00 1.15783542E+00 1.15529977E+00 1.15240711E+00 1.14914432E+00 1.14546866E+00 1.14174467E+00 1.13761425E+00 1.13358886E+00 1.12921434E+00 1.12503628E+00 1.12054452E+00 1.11629937E+00 1.11177884E+00 1.10753490E+00 1.10307740E+00 1.09894980E+00 1.09462757E+00 1.09063570E+00 1.08649576E+00 1.08271113E+00 1.07879311E+00 1.07521211E+00 1.07152285E+00 1.06817049E+00 1.06473937E+00 1.06163946E+00 1.05846950E+00 1.05538105E+00 1.05222202E+00 1.04899567E+00 1.04571435E+00 1.04237656E+00 1.03896043E+00 1.03546915E+00 1.03192655E+00 1.02833204E+00 1.02463884E+00 1.02084364E+00 1.01702025E+00 1.01325177E+00 1.00942671E+00 1.00505073E+00 1.00000000E+00
1.18771709E+00 1.18770789E+00 1.18769374E+00 1.18768285E+00 1.18767402E+00 1.18766814E+00 1.18766535E+00 1.18766576E+00 1.18766922E+00 1.18767552E+00 1.18768446E+00 1.18769575E+00 1.18770923E+00 1.18772465E+00 1.18774178E+00 1.18776042E+00 1.18778050E+00 1.18780186E+00 1.18782441E+00 1.18784814E+00 1.18787300E+00 1.18789894E+00 1.18792598E+00 1.18795424E+00 1.18798383E+00 1.18801491E+00 1.18804759E+00 1.18808219E+00 1.18811886E+00 1.18815780E+00 1.18819912E+00 1.18824328E+00 1.18829072E+00 1.18834178E+00 1.18839654E+00 1.18845551E+00 1.18851905E+00 1.18858765E+00 1.18866157E+00 1.18874145E+00 1.18882761E+00 1.18892026E+00 1.18901953E+00 1.18912592E+00 1.18924003E+00 1.18936216E+00 1.18949213E+00 1.18963040E+00 1.18977706E+00 1.18993194E+00 1.19009432E+00 1.19026365E+00 1.19044025E+00 1.19062400E+00 1.19081312E+00 1.19100525E+00 1.19119929E+00 1.19139267E+00 1.19158428E+00 1.19177088E+00 1.19194920E+00 1.19211397E+00 1.19226208E+00 1.19238832E+00 1.19248697E+00 1.19254825E+00 1.19256653E+00 1.19253033E+00 1.19243270E+00 1.19226027E+00 1.19200238E+00 1.19164310E+00 1.19117291E+00 1.19057222E+00 1.18982547E+00 1.18890690E+00 1.18780182E+00 1.18648268E+00 1.18493693E+00 1.18313660E+00 1.18104969E+00 1.17863598E+00 1.17588561E+00 1.17276314E+00 1.16923478E+00 1.16529276E+00 1.16089131E+00 1.15647048E+00 1.15160253E+00 1.14689122E+00 1.14180385E+00 1.13697438E+00 1.13180899E+00 1.12695097E+00 1.12180308E+00 1.11699322E+00 1.11196010E+00 1.10731593E+00 1.10247008E+00 1.09801008E+00 1.09339958E+00 1.08919764E+00 1.08485916E+00 1.08090343E+00 1.07683753E+00 1.07315181E+00 1.06938830E+00 1.06599537E+00 1.06253251E+00 1.05916475E+00 1.05572647E+00 1.05222205E+00 1.04866511E+00 1.04505394E+00 1.04136547E+00 1.03760376E+00 1.03379466E+00 1.02993769E+00 1.02598579E+00 1.02193719E+00 1.01786768E+00 1.01386242E+00 1.00981380E+00 1.00523418E+00 1.00000000E+00
1.20464271E+00 1.20461943E+00 1.20458411E+00 1.20455697E+00 1.20453447E+00 1.20451832E+00 1.20450879E+00 1.20450588E+00 1.20450919E+00 1.20451812E+00 1.20453229E+00 1.20455107E+00 1.20457422E+00 1.20460121E+00 1.20463169E+00 1.20466527E+00 1.20470182E+00 1.20474105E+00 1.20478280E+00 1.20482700E+00 1.20487355E+00 1.20492227E+00 1.20497317E+00 1.20502633E+00 1.20508189E+00 1.20513998E+00 1.20520073E+00 1.20526447E+00 1.20533135E+00 1.20540149E+00 1.20547499E+00 1.20555236E+00 1.20563414E+00 1.20572066E+00 1.20581188E+00 1.20590834E+00 1.20601040E+00 1.20611854E+00 1.20623296E+00 1.20635423E+00 1.20648264E+00 1.20661813E+00 1.20676069E+00 1.20691068E+00 1.20706867E+00 1.20723467E+00 1.20740821E+00 1.20758942E+00 1.20777818E+00 1.20797376E+00 1.20817498E+00 1.20838057E+00 1.20859057E+00 1.20880439E+00 1.20901951E+00 1.20923227E+00 1.20944114E+00 1.20964261E+00 1.20983496E+00 1.21001390E+00 1.21017507E+00 1.21031161E+00 1.21041964E+00 1.21049256E+00 1.21052372E+00 1.21050130E+00 1.21041887E+00 1.21026341E+00 1.21002704E+00 1.20969477E+00 1.20925467E+00 1.20868905E+00 1.20798802E+00 1.20713099E+00 1.20610085E+00 1.20486991E+00 1.20342327E+00 1.20173277E+00 1.19978648E+00 1.19755627E+00 1.19500810E+00 1.19210093E+00 1.18882750E+00 1.18515339E+00 1.18104410E+00 1.17649851E+00 1.17146860E+00 1.16645891E+00 1.16098206E+00 1.15571695E+00 1.15006516E+00 1.14472941E+00 1.13904973E+00 1.13373184E+00 1.12812069E+00 1.12289927E+00 1.11745346E+00 1.11244411E+00 1.10723300E+00 1.10245068E+00 1.09752017E+00 1.09303790E+00 1.08842017E+00 1.08421829E+00 1.07990764E+00 1.07600756E+00 1.07203252E+00 1.06845500E+00 1.06480938E+00 1.06126898E+00 1.05765975E+00 1.05398686E+00 1.05026475E+00 1.04649163E+00 1.04264368E+00 1.03872555E+00 1.03476441E+00 1.03075988E+00 1.02666494E+00 1.02247885E+00 1.01827849E+00 1.01415025E+00 1.00998935E+00 1.00531371E+00 1.00000000E+00
1.21885824E+00 1.21882780E+00 1.21878286E+00 1.21875697E+00 1.21874279E+00 1.21874144E+00 1.21875258E+00 1.21877489E+00 1.21880707E+00 1.21884722E+00 1.21889438E+00 1.21894697E+00 1.21900442E+00 1.21906562E+00 1.21912999E+00 1.21919679E+00 1.21926589E+00 1.21933684E+00 1.21940945E+00 1.21948371E+00 1.21955956E+00 1.21963683E+00 1.21971560E+00 1.21979607E+00 1.21987847E+00 1.21996310E+00 1.22005013E+00 1.22014002E+00 1.22023297E+00 1.22032911E+00 1.22042854E+00 1.22053189E+00 1.22063974E+00 1.22075247E+00 1.22086989E+00 1.22099254E+00 1.22112074E+00 1.22125493E+00 1.22139516E+00 1.22154186E+00 1.22169521E+00 1.22185487E+00 1.22202059E+00 1.22219248E+00 1.22237101E+00 1.22255583E+00 1.22274611E+00 1.22294158E+00 1.22314184E+00 1.22334561E+00 1.22355121E+00 1.22375660E+00 1.22396156E+00 1.22416499E+00 1.22436374E+00 1.22455295E+00 1.22473078E+00 1.22489289E+00 1.22503708E+00 1.22515821E+00 1.22525105E+00 1.22530752E+00 1.22532314E+00 1.22529036E+00 1.22520192E+00 1.22504457E+00 1.22481145E+00 1.22448859E+00 1.22406759E+00 1.22353258E+00 1.22287087E+00 1.22206386E+00 1.22110173E+00 1.21996370E+00 1.21863175E+00 1.21707734E+00 1.21528582E+00 1.21322931E+00 1.21089685E+00 1.20826092E+00 1.20528638E+00 1.20193247E+00 1.19819439E+00 1.19403931E+00 1.18943267E+00 1.18437973E+00 1.17883078E+00 1.17334284E+00 1.16737936E+00 1.16167852E+00 1.15558898E+00 1.14986596E+00 1.14379800E+00 1.13813744E+00 1.13218534E+00 1.12666459E+00 1.12092204E+00 1.11565306E+00 1.11018508E+00 1.10517849E+00 1.10002771E+00 1.09535452E+00 1.09054848E+00 1.08618218E+00 1.08170957E+00 1.07766904E+00 1.07355676E+00 1.06986066E+00 1.06609868E+00 1.06244936E+00 1.05873329E+00 1.05495619E+00 1.05113312E+00 1.04726220E+00 1.04331910E+00 1.03930891E+00 1.03525970E+00 1.03117119E+00 1.02699640E+00 1.02273540E+00 1.01846573E+00 1.01427445E+00 1.01005895E+00 1.00534178E+00 1.00000000E+00
1.12456981E+00 1.12457264E+00 1.12458010E+00 1.12458500E+00 1.12458637E+00 1.12458444E+00 1.12458154E+00 1.12457973E+00 1.12457905E+00 1.12457914E+00 1.12457937E+00 1.12457932E+00 1.12457914E+00 1.12457901E+00 1.12457905E+00 1.12457928E+00 1.12457963E+00 1.12458009E+00 1.12458064E+00 1.12458132E+00 1.12458214E+00 1.12458312E+00 1.12458426E+00 1.12458558E+00 1.12458709E+00 1.12458882E+00 1.12459078E+00 1.12459300E+00 1.12459548E+00 1.12459827E+00 1.12460138E+00 1.12460484E+00 1.12460866E+00 1.12461287E+00 1.12461749E+00 1.12462253E+00 1.12462801E+00 1.12463392E+00 1.12464028E+00 1.12464706E+00 1.12465425E+00 1.12466180E+00 1.12466966E+00 1.12467775E+00 1.12468598E+00 1.12469416E+00 1.12470217E+00 1.12470974E+00 1.12471665E+00 1.12472249E+00 1.12472696E+00 1.12472942E+00 1.12472940E+00 1.12472609E+00 1.12471883E+00 1.12470642E+00 1.12468798E+00 1.12466189E+00 1.12462691E+00 1.12458089E+00 1.12452226E+00 1.12444807E+00 1.12435629E+00 1.12424328E+00 1.12410635E+00 1.12394064E+00 1.12374293E+00 1.12350704E+00 1.12322872E+00 1.12290047E+00 1.12251717E+00 1.12206952E+00 1.12155124E+00 1.12095095E+00 1.12026148E+00 1.11946903E+00 1.11856529E+00 1.11753357E+00 1.11636311E+00 1.11503698E+00 1.11354347E+00 1.11185983E+00 1.10997322E+00 1.10786125E+00 1.10550858E+00 1.10291168E+00 1.10003599E+00 1.09716521E+00 1.09403308E+00 1.09102450E+00 1.08778271E+00 1.08471122E+00 1.08144123E+00 1.07837609E+00 1.07513895E+00 1.07212405E+00 1.06897183E+00 1.06606641E+00 1.06304374E+00 1.06027031E+00 1.05740234E+00 1.05478699E+00 1.05209532E+00 1.04965025E+00 1.04714431E+00 1.04487653E+00 1.04255928E+00 1.04046936E+00 1.03834076E+00 1.03627727E+00 1.03417753E+00 1.03204075E+00 1.02986978E+00 1.02766750E+00 1.02542776E+00 1.02315023E+00 1.02084166E+00 1.01851009E+00 1.01613488E+00 1.01370008E+00 1.01124179E+00 1.00886393E+00 1.00650661E+00 1.00362116E+00 1.00000000E+00
1.14310062E+00 1.14309526E+00 1.14309036E+00 1.14308578E+00 1.14308132E+00 1.14307704E+00 1.14307317E+00 1.14306992E+00 1.14306730E+00 1.14306528E+00 1.14306376E+00 1.14306266E+00 1.14306195E+00 1.14306159E+00 1.14306155E+00 1.14306180E+00 1.14306229E+00 1.14306303E+00 1.14306399E+00 1.14306518E+00 1.14306660E+00 1.14306826E+00 1.14307019E+00 1.14307241E+00 1.14307494E+00 1.14307784E+00 1.14308113E+00 1.14308488E+00 1.14308911E+00 1.14309392E+00 1.14309933E+00 1.14310543E+00 1.14311228E+00 1.14311997E+00 1.14312854E+00 1.14313811E+00 1.14314873E+00 1.14316050E+00 1.14317347E+00 1.14318775E+00 1.14320339E+00 1.14322045E+00 1.14323898E+00 1.14325901E+00 1.14328055E+00 1.14330360E+00 1.14332807E+00 1.14335392E+00 1.14338101E+00 1.14340912E+00 1.14343800E+00 1.14346715E+00 1.14349625E+00 1.14352478E+00 1.14355206E+00 1.14357692E+00 1.14359855E+00 1.14361528E+00 1.14362599E+00 1.14362849E+00 1.14362113E+00 1.14360074E+00 1.14356519E+00 1.14351080E+00 1.14343438E+00 1.14333029E+00 1.14319495E+00 1.14302112E+00 1.14280396E+00 1.14253482E+00 1.14220744E+00 1.14181114E+00 1.14133857E+00 1.14077614E+00 1.14011498E+00 1.13933839E+00 1.13843601E+00 1.13738784E+00 1.13618197E+00 1.13479802E+00 1.13321909E+00 1.13141765E+00 1.12937964E+00 1.12707741E+00 1.12448999E+00 1.12161073E+00 1.11840030E+00 1.11517647E+00 1.11163588E+00 1.10821519E+00 1.10451524E+00 1.10099694E+00 1.09723419E+00 1.09369341E+00 1.08994010E+00 1.08643301E+00 1.08275751E+00 1.07936008E+00 1.07581413E+00 1.07255030E+00 1.06916897E+00 1.06608020E+00 1.06289153E+00 1.05998677E+00 1.05700163E+00 1.05429406E+00 1.05152423E+00 1.04902261E+00 1.04646884E+00 1.04398701E+00 1.04145493E+00 1.03887342E+00 1.03624801E+00 1.03357934E+00 1.03085690E+00 1.02808208E+00 1.02526555E+00 1.02241224E+00 1.01949633E+00 1.01650713E+00 1.01348788E+00 1.01053694E+00 1.00760192E+00 1.00415654E+00 1.00000000E+00
1.15996325E+00 1.15994643E+00 1.15992673E+00 1.15990646E+00 1.15988611E+00 1.15986671E+00 1.15984851E+00 1.15983191E+00 1.15981699E+00 1.15980392E+00 1.15979268E+00 1.15978330E+00 1.15977570E+00 1.15976979E+00 1.15976550E+00 1.15976270E+00 1.15976134E+00 1.15976130E+00 1.15976252E+00 1.15976493E+00 1.15976848E+00 1.15977312E+00 1.15977883E+00 1.15978560E+00 1.15979346E+00 1.15980243E+00 1.15981254E+00 1.15982387E+00 1.15983648E+00 1.15985044E+00 1.15986582E+00 1.15988275E+00 1.15990134E+00 1.15992176E+00 1.15994403E+00 1.15996836E+00 1.15999484E+00 1.16002363E+00 1.16005484E+00 1.16008863E+00 1.16012512E+00 1.16016435E+00 1.16020634E+00 1.16025116E+00 1.16029888E+00 1.16034949E+00 1.16040280E+00 1.16045876E+00 1.16051717E+00 1.16057765E+00 1.16063972E+00 1.16070263E+00 1.16076602E+00 1.16082919E+00 1.16089097E+00 1.16094958E+00 1.16100392E+00 1.16105162E+00 1.16109125E+00 1.16111987E+00 1.16113510E+00 1.16113276E+00 1.16111002E+00 1.16106212E+00 1.16098487E+00 1.16087094E+00 1.16071584E+00 1.16051057E+00 1.16024930E+00 1.15992151E+00 1.15951945E+00 1.15903044E+00 1.15844605E+00 1.15775075E+00 1.15693378E+00 1.15597589E+00 1.15486544E+00 1.15358045E+00 1.15210861E+00 1.15042759E+00 1.14851739E+00 1.14634825E+00 1.14390722E+00 1.14116528E+00 1.13809939E+00 1.13470663E+00 1.13094466E+00 1.12718860E+00 1.12308167E+00 1.11913193E+00 1.11487978E+00 1.11085437E+00 1.10656436E+00 1.10254171E+00 1.09829282E+00 1.09433660E+00 1.09020263E+00 1.08639194E+00 1.08242506E+00 1.07878323E+00 1.07502031E+00 1.07159166E+00 1.06805886E+00 1.06484667E+00 1.06155142E+00 1.05856834E+00 1.05552294E+00 1.05277745E+00 1.04997893E+00 1.04726306E+00 1.04449600E+00 1.04167977E+00 1.03882111E+00 1.03592003E+00 1.03296481E+00 1.02995815E+00 1.02691248E+00 1.02383210E+00 1.02069060E+00 1.01747982E+00 1.01424515E+00 1.01108453E+00 1.00795061E+00 1.00432331E+00 1.00000000E+00
1.17297291E+00 1.17295890E+00 1.17294456E+00 1.17293419E+00 1.17292653E+00 1.17292163E+00 1.17291941E+00 1.17291954E+00 1.17292178E+00 1.17292579E+00 1.17293142E+00 1.17293837E+00 1.17294656E+00 1.17295578E+00 1.17296596E+00 1.17297700E+00 1.17298887E+00 1.17300153E+00 1.17301497E+00 1.17302925E+00 1.17304435E+00 1.17306031E+00 1.17307717E+00 1.17309502E+00 1.17311395E+00 1.17313407E+00 1.17315544E+00 1.17317821E+00 1.17320248E+00 1.17322834E+00 1.17325584E+00 1.17328515E+00 1.17331645E+00 1.17334989E+00 1.17338544E+00 1.17342327E+00 1.17346347E+00 1.17350618E+00 1.17355140E+00 1.17359925E+00 1.17364978E+00 1.17370284E+00 1.17375834E+00 1.17381614E+00 1.17387630E+00 1.17393856E+00 1.17400249E+00 1.17406779E+00 1.17413407E+00 1.17420057E+00 1.17426645E+00 1.17433049E+00 1.17439212E+00 1.17445021E+00 1.17450312E+00 1.17454824E+00 1.17458415E+00 1.17460776E+00 1.17461727E+00 1.17460898E+00 1.17457984E+00 1.17452472E+00 1.17444022E+00 1.17432069E+00 1.17416132E+00 1.17395355E+00 1.17369235E+00 1.17336772E+00 1.17297328E+00 1.17249752E+00 1.17193190E+00 1.17126278E+00 1.17048146E+00 1.16957184E+00 1.16852224E+00 1.16731248E+00 1.16593080E+00 1.16435497E+00 1.16257320E+00 1.16056313E+00 1.15830349E+00 1.15576446E+00 1.15293493E+00 1.14978654E+00 1.14629592E+00 1.14246519E+00 1.13825021E+00 1.13407227E+00 1.12953141E+00 1.12518929E+00 1.12053925E+00 1.11615839E+00 1.11150839E+00 1.10716516E+00 1.10259438E+00 1.09835302E+00 1.09393407E+00 1.08987182E+00 1.08565377E+00 1.08179074E+00 1.07780869E+00 1.07418833E+00 1.07046464E+00 1.06708467E+00 1.06362283E+00 1.06049405E+00 1.05730515E+00 1.05443453E+00 1.05151212E+00 1.04867939E+00 1.04579658E+00 1.04286645E+00 1.03989640E+00 1.03688610E+00 1.03382317E+00 1.03071106E+00 1.02756319E+00 1.02438353E+00 1.02114548E+00 1.01784226E+00 1.01452021E+00 1.01127695E+00 1.00806791E+00 1.00437671E+00 1.00000000E+00
1.18366445E+00 1.18364568E+00 1.18362265E+00 1.18360690E+00 1.18359546E+00 1.18358888E+00 1.18358707E+00 1.18358950E+00 1.18359568E+00 1.18360493E+00 1.18361690E+00 1.18363101E+00 1.18364705E+00 1.18366458E+00 1.18368342E+00 1.18370328E+00 1.18372410E+00 1.18374572E+00 1.18376804E+00 1.18379108E+00 1.18381479E+00 1.18383909E+00 1.18386404E+00 1.18388966E+00 1.18391602E+00 1.18394322E+00 1.18397127E+00 1.18400031E+00 1.18403041E+00 1.18406156E+00 1.18409378E+00 1.18412719E+00 1.18416198E+00 1.18419821E+00 1.18423574E+00 1.18427467E+00 1.18431502E+00 1.18435683E+00 1.18439999E+00 1.18444448E+00 1.18449026E+00 1.18453695E+00 1.18458429E+00 1.18463196E+00 1.18467990E+00 1.18472762E+00 1.18477444E+00 1.18481979E+00 1.18486311E+00 1.18490326E+00 1.18493912E+00 1.18496903E+00 1.18499223E+00 1.18500727E+00 1.18501216E+00 1.18500360E+00 1.18498000E+00 1.18493781E+00 1.18487493E+00 1.18478722E+00 1.18467117E+00 1.18452104E+00 1.18433313E+00 1.18410128E+00 1.18382044E+00 1.18348133E+00 1.18307875E+00 1.18260229E+00 1.18204539E+00 1.18139616E+00 1.18064576E+00 1.17978029E+00 1.17879118E+00 1.17766241E+00 1.17638192E+00 1.17492944E+00 1.17329347E+00 1.17145217E+00 1.16939456E+00 1.16709884E+00 1.16454318E+00 1.16169841E+00 1.15855507E+00 1.15508591E+00 1.15126759E+00 1.14710667E+00 1.14255777E+00 1.13807552E+00 1.13322803E+00 1.12861422E+00 1.12369392E+00 1.11907599E+00 1.11419002E+00 1.10964030E+00 1.10486567E+00 1.10044658E+00 1.09585275E+00 1.09163849E+00 1.08727087E+00 1.08327806E+00 1.07916940E+00 1.07543989E+00 1.07160895E+00 1.06813592E+00 1.06458288E+00 1.06137541E+00 1.05811015E+00 1.05517384E+00 1.05218720E+00 1.04929462E+00 1.04635327E+00 1.04336637E+00 1.04034181E+00 1.03727894E+00 1.03416497E+00 1.03100384E+00 1.02780959E+00 1.02458596E+00 1.02130628E+00 1.01796458E+00 1.01460772E+00 1.01133304E+00 1.00809760E+00 1.00438768E+00 1.00000000E+00
1.19254780E+00 1.19252325E+00 1.19248842E+00 1.19246441E+00 1.19244613E+00 1.19243489E+00 1.19243070E+00 1.19243276E+00 1.19244031E+00 1.19245224E+00 1.19246799E+00 1.19248661E+00 1.19250769E+00 1.19253054E+00 1.19255480E+00 1.19257996E+00 1.19260588E+00 1.19263223E+00 1.19265882E+00 1.19268557E+00 1.19271238E+00 1.19273904E+00 1.19276558E+00 1.19279194E+00 1.19281818E+00 1.19284432E+00 1.19287036E+00 1.19289635E+00 1.19292235E+00 1.19294826E+00 1.19297402E+00 1.19299970E+00 1.19302547E+00 1.19305132E+00 1.19307700E+00 1.19310252E+00 1.19312783E+00 1.19315287E+00 1.19317745E+00 1.19320137E+00 1.19322453E+00 1.19324636E+00 1.19326646E+00 1.19328432E+00 1.19329983E+00 1.19331227E+00 1.19332081E+00 1.19332462E+00 1.19332304E+00 1.19331467E+00 1.19329816E+00 1.19327154E+00 1.19323391E+00 1.19318363E+00 1.19311850E+00 1.19303474E+00 1.19293066E+00 1.19280245E+00 1.19264789E+00 1.19246257E+00 1.19224272E+00 1.19198225E+00 1.19167734E+00 1.19132160E+00 1.19090990E+00 1.19043264E+00 1.18988458E+00 1.18925526E+00 1.18853808E+00 1.18772116E+00 1.18679555E+00 1.18574742E+00 1.18456848E+00 1.18324305E+00 1.18175893E+00 1.18009609E+00 1.17824336E+00 1.17617949E+00 1.17389433E+00 1.17136675E+00 1.16857460E+00 1.16548950E+00 1.16210343E+00 1.15839012E+00 1.15432639E+00 1.14992226E+00 1.14513153E+00 1.14043253E+00 1.13537005E+00 1.13056874E+00 1.12546489E+00 1.12068841E+00 1.11564687E+00 1.11096308E+00 1.10605812E+00 1.10152703E+00 1.09682460E+00 1.09251732E+00 1.08805949E+00 1.08398956E+00 1.07980691E+00 1.07601465E+00 1.07212289E+00 1.06859785E+00 1.06499459E+00 1.06174451E+00 1.05843867E+00 1.05546808E+00 1.05244844E+00 1.04952563E+00 1.04655519E+00 1.04354070E+00 1.04049039E+00 1.03740335E+00 1.03426647E+00 1.03108408E+00 1.02787064E+00 1.02462966E+00 1.02133448E+00 1.01797966E+00 1.01461239E+00 1.01132966E+00 1.00808967E+00 1.00438073E+00 1.00000000E+00
1.12864466E+00 1.12865020E+00 1.12865916E+00 1.12866420E+00 1.12866506E+00 1.12866280E+00 1.12865996E+00 1.12865858E+00 1.12865838E+00 1.12865875E+00 1.12865908E+00 1.12865906E+00 1.12865891E+00 1.12865890E+00 1.12865906E+00 1.12865941E+00 1.12865987E+00 1.12866042E+00 1.12866108E+00 1.12866188E+00 1.12866282E+00 1.12866393E+00 1.12866521E+00 1.12866667E+00 1.12866834E+00 1.12867023E+00 1.12867236E+00 1.12867476E+00 1.12867744E+00 1.12868043E+00 1.12868374E+00 1.12868740E+00 1.12869143E+00 1.12869584E+00 1.12870064E+00 1.12870586E+00 1.12871148E+00 1.12871751E+00 1.12872394E+00 1.12873074E+00 1.12873788E+00 1.12874528E+00 1.12875289E+00 1.12876058E+00 1.12876824E+00 1.12877567E+00 1.12878269E+00 1.12878898E+00 1.12879430E+00 1.12879815E+00 1.12880019E+00 1.12879969E+00 1.12879614E+00 1.12878861E+00 1.12877635E+00 1.12875802E+00 1.12873267E+00 1.12869849E+00 1.12865417E+00 1.12859734E+00 1.12852631E+00 1.12843794E+00 1.12833003E+00 1.12819864E+00 1.12804092E+00 1.12785173E+00 1.12762763E+00 1.12736218E+00 1.12705095E+00 1.12668613E+00 1.12626235E+00 1.12576996E+00 1.12520241E+00 1.12454825E+00 1.12379984E+00 1.12294322E+00 1.12196970E+00 1.12086266E+00 1.11961146E+00 1.11819868E+00 1.11661210E+00 1.11482959E+00 1.11283826E+00 1.11061529E+00 1.10814520E+00 1.10542606E+00 1.10242228E+00 1.09943187E+00 1.09617490E+00 1.09305252E+00 1.08969385E+00 1.08651681E+00 1.08313800E+00 1.07997286E+00 1.07663483E+00 1.07353294E+00 1.07029086E+00 1.06730198E+00 1.06419507E+00 1.06134681E+00 1.05840252E+00 1.05571838E+00 1.05295697E+00 1.05044957E+00 1.04788044E+00 1.04555636E+00 1.04318234E+00 1.04104093E+00 1.03886046E+00 1.03674668E+00 1.03459713E+00 1.03241119E+00 1.03018968E+00 1.02793443E+00 1.02564366E+00 1.02331695E+00 1.02095643E+00 1.01856861E+00 1.01614697E+00 1.01367920E+00 1.01117834E+00 1.00874088E+00 1.00639100E+00 1.00357992E+00 1.00000000E+00
1.13598056E+00 1.13597662E+00 1.13597284E+00 1.13596994E+00 1.13596721E+00 1.13596416E+00 1.13596087E+00 1.13595761E+00 1.13595464E+00 1.13595213E+00 1.13595003E+00 1.13594827E+00 1.13594684E+00 1.13594572E+00 1.13594491E+00 1.13594443E+00 1.13594424E+00 1.13594434E+00 1.13594472E+00 1.13594538E+00 1.13594632E+00 1.13594755E+00 1.13594907E+00 1.13595090E+00 1.13595305E+00 1.13595556E+00 1.13595843E+00 1.13596170E+00 1.13596539E+00 1.13596955E+00 1.13597419E+00 1.13597936E+00 1.13598509E+00 1.13599142E+00 1.13599837E+00 1.13600599E+00 1.13601429E+00 1.13602329E+00 1.13603301E+00 1.13604344E+00 1.13605459E+00 1.13606641E+00 1.13607886E+00 1.13609185E+00 1.13610530E+00 1.13611903E+00 1.13613288E+00 1.13614658E+00 1.13615989E+00 1.13617235E+00 1.13618360E+00 1.13619294E+00 1.13619982E+00 1.13620339E+00 1.13620285E+00 1.13619678E+00 1.13618421E+00 1.13616324E+00 1.13613250E+00 1.13608953E+00 1.13603251E+00 1.13595810E+00 1.13586399E+00 1.13574605E+00 1.13560119E+00 1.13542383E+00 1.13521032E+00 1.13495370E+00 1.13464921E+00 1.13428849E+00 1.13386568E+00 1.13337047E+00 1.13279583E+00 1.13212941E+00 1.13136297E+00 1.13048140E+00 1.12947533E+00 1.12832693E+00 1.12702504E+00 1.12555106E+00 1.12389125E+00 1.12202192E+00 1.11992976E+00 1.11759029E+00 1.11498648E+00 1.11211621E+00 1.10894193E+00 1.10577925E+00 1.10233083E+00 1.09902208E+00 1.09546156E+00 1.09209241E+00 1.08850676E+00 1.08514642E+00 1.08160080E+00 1.07830465E+00 1.07485912E+00 1.07168172E+00 1.06837730E+00 1.06534668E+00 1.06221366E+00 1.05935734E+00 1.05641723E+00 1.05374662E+00 1.05100909E+00 1.04853194E+00 1.04600171E+00 1.04371928E+00 1.04139433E+00 1.03913977E+00 1.03684586E+00 1.03451262E+00 1.03214177E+00 1.02973457E+00 1.02728782E+00 1.02480193E+00 1.02228032E+00 1.01972875E+00 1.01713892E+00 1.01450092E+00 1.01183033E+00 1.00922078E+00 1.00670115E+00 1.00373074E+00 1.00000000E+00
1.14221731E+00 1.14220647E+00 1.14219326E+00 1.14217871E+00 1.14216339E+00 1.14214823E+00 1.14213350E+00 1.14211956E+00 1.14210644E+00 1.14209430E+00 1.14208320E+00 1.14207323E+00 1.14206438E+00 1.14205667E+00 1.14205006E+00 1.14204451E+00 1.14203999E+00 1.14203645E+00 1.14203385E+00 1.14203215E+00 1.14203132E+00 1.14203129E+00 1.14203206E+00 1.14203358E+00 1.14203586E+00 1.14203887E+00 1.14204261E+00 1.14204708E+00 1.14205228E+00 1.14205821E+00 1.14206488E+00 1.14207232E+00 1.14208053E+00 1.14208955E+00 1.14209936E+00 1.14211000E+00 1.14212145E+00 1.14213373E+00 1.14214683E+00 1.14216071E+00 1.14217535E+00 1.14219066E+00 1.14220656E+00 1.14222290E+00 1.14223956E+00 1.14225632E+00 1.14227293E+00 1.14228905E+00 1.14230437E+00 1.14231830E+00 1.14233037E+00 1.14233971E+00 1.14234571E+00 1.14234737E+00 1.14234370E+00 1.14233301E+00 1.14231420E+00 1.14228507E+00 1.14224410E+00 1.14218854E+00 1.14211631E+00 1.14202372E+00 1.14190819E+00 1.14176524E+00 1.14159146E+00 1.14138079E+00 1.14112929E+00 1.14082951E+00 1.14047644E+00 1.14006121E+00 1.13957757E+00 1.13901476E+00 1.13836550E+00 1.13761703E+00 1.13676069E+00 1.13578087E+00 1.13466799E+00 1.13340388E+00 1.13197751E+00 1.13037003E+00 1.12856699E+00 1.12654457E+00 1.12429000E+00 1.12177880E+00 1.11899365E+00 1.11593440E+00 1.11256249E+00 1.10921382E+00 1.10557208E+00 1.10208678E+00 1.09834553E+00 1.09481338E+00 1.09106104E+00 1.08755092E+00 1.08385350E+00 1.08042165E+00 1.07683945E+00 1.07354036E+00 1.07011338E+00 1.06697391E+00 1.06373213E+00 1.06077988E+00 1.05774343E+00 1.05498762E+00 1.05216485E+00 1.04961257E+00 1.04700778E+00 1.04465985E+00 1.04226954E+00 1.03995296E+00 1.03759713E+00 1.03520247E+00 1.03277111E+00 1.03030406E+00 1.02779768E+00 1.02525289E+00 1.02267364E+00 1.02006544E+00 1.01741966E+00 1.01472741E+00 1.01200498E+00 1.00934512E+00 1.00677880E+00 1.00376741E+00 1.00000000E+00
1.14669189E+00 1.14667682E+00 1.14666193E+00 1.14664911E+00 1.14663782E+00 1.14662813E+00 1.14662001E+00 1.14661330E+00 1.14660788E+00 1.14660357E+00 1.14660028E+00 1.14659786E+00 1.14659622E+00 1.14659523E+00 1.14659485E+00 1.14659496E+00 1.14659554E+00 1.14659651E+00 1.14659785E+00 1.14659952E+00 1.14660151E+00 1.14660377E+00 1.14660631E+00 1.14660912E+00 1.14661221E+00 1.14661558E+00 1.14661923E+00 1.14662318E+00 1.14662744E+00 1.14663202E+00 1.14663691E+00 1.14664212E+00 1.14664769E+00 1.14665362E+00 1.14665987E+00 1.14666645E+00 1.14667334E+00 1.14668050E+00 1.14668790E+00 1.14669545E+00 1.14670311E+00 1.14671069E+00 1.14671807E+00 1.14672501E+00 1.14673139E+00 1.14673686E+00 1.14674112E+00 1.14674371E+00 1.14674426E+00 1.14674207E+00 1.14673654E+00 1.14672668E+00 1.14671180E+00 1.14669077E+00 1.14666248E+00 1.14662503E+00 1.14657722E+00 1.14651669E+00 1.14644184E+00 1.14634971E+00 1.14623809E+00 1.14610308E+00 1.14594200E+00 1.14575016E+00 1.14552407E+00 1.14525740E+00 1.14494617E+00 1.14458276E+00 1.14416209E+00 1.14367514E+00 1.14311556E+00 1.14247250E+00 1.14173870E+00 1.14090143E+00 1.13995188E+00 1.13887445E+00 1.13765959E+00 1.13628929E+00 1.13475282E+00 1.13303151E+00 1.13111066E+00 1.12896672E+00 1.12658755E+00 1.12394902E+00 1.12103380E+00 1.11784347E+00 1.11433889E+00 1.11086923E+00 1.10710537E+00 1.10351174E+00 1.09966257E+00 1.09603560E+00 1.09218858E+00 1.08859543E+00 1.08481584E+00 1.08131211E+00 1.07765903E+00 1.07429815E+00 1.07081013E+00 1.06761751E+00 1.06432370E+00 1.06132642E+00 1.05824551E+00 1.05545104E+00 1.05259022E+00 1.05000496E+00 1.04736806E+00 1.04499236E+00 1.04257476E+00 1.04023268E+00 1.03785175E+00 1.03543262E+00 1.03297766E+00 1.03048769E+00 1.02795887E+00 1.02539236E+00 1.02279244E+00 1.02016442E+00 1.01749956E+00 1.01478945E+00 1.01205071E+00 1.00937558E+00 1.00679608E+00 1.00377465E+00 1.00000000E+00
1.15026740E+00 1.15025123E+00 1.15023293E+00 1.15021731E+00 1.15020313E+00 1.15019080E+00 1.15018031E+00 1.15017148E+00 1.15016411E+00 1.15015794E+00 1.15015284E+00 1.15014854E+00 1.15014493E+00 1.15014183E+00 1.15013912E+00 1.15013667E+00 1.15013442E+00 1.15013226E+00 1.15013012E+00 1.15012797E+00 1.15012578E+00 1.15012344E+00 1.15012099E+00 1.15011836E+00 1.15011557E+00 1.15011260E+00 1.15010944E+00 1.15010609E+00 1.15010254E+00 1.15009877E+00 1.15009475E+00 1.15009047E+00 1.15008596E+00 1.15008119E+00 1.15007610E+00 1.15007065E+00 1.15006480E+00 1.15005849E+00 1.15005164E+00 1.15004412E+00 1.15003586E+00 1.15002662E+00 1.15001624E+00 1.15000441E+00 1.14999098E+00 1.14997558E+00 1.14995780E+00 1.14993715E+00 1.14991322E+00 1.14988521E+00 1.14985250E+00 1.14981396E+00 1.14976890E+00 1.14971611E+00 1.14965443E+00 1.14958181E+00 1.14949706E+00 1.14939771E+00 1.14928214E+00 1.14914733E+00 1.14899099E+00 1.14880914E+00 1.14859905E+00 1.14835598E+00 1.14807644E+00 1.14775401E+00 1.14738470E+00 1.14696090E+00 1.14647753E+00 1.14592561E+00 1.14529874E+00 1.14458613E+00 1.14378064E+00 1.14286964E+00 1.14184429E+00 1.14068912E+00 1.13939469E+00 1.13794319E+00 1.13632419E+00 1.13451925E+00 1.13251353E+00 1.13028378E+00 1.12781839E+00 1.12509353E+00 1.12209187E+00 1.11881624E+00 1.11522717E+00 1.11168205E+00 1.10784351E+00 1.10418494E+00 1.10027240E+00 1.09659080E+00 1.09269021E+00 1.08905100E+00 1.08522669E+00 1.08168455E+00 1.07799428E+00 1.07460159E+00 1.07108269E+00 1.06786369E+00 1.06454458E+00 1.06152586E+00 1.05842410E+00 1.05561184E+00 1.05273381E+00 1.05013394E+00 1.04748314E+00 1.04509570E+00 1.04266675E+00 1.04031428E+00 1.03792331E+00 1.03549463E+00 1.03303079E+00 1.03053246E+00 1.02799564E+00 1.02542169E+00 1.02281507E+00 1.02018095E+00 1.01751054E+00 1.01479571E+00 1.01205325E+00 1.00937507E+00 1.00679376E+00 1.00377249E+00 1.00000000E+00
1.15311887E+00 1.15310008E+00 1.15307605E+00 1.15305511E+00 1.15303528E+00 1.15301739E+00 1.15300155E+00 1.15298754E+00 1.15297512E+00 1.15296394E+00 1.15295382E+00 1.15294440E+00 1.15293554E+00 1.15292697E+00 1.15291856E+00 1.15291010E+00 1.15290151E+00 1.15289264E+00 1.15288342E+00 1.15287376E+00 1.15286362E+00 1.15285288E+00 1.15284155E+00 1.15282956E+00 1.15281690E+00 1.15280355E+00 1.15278947E+00 1.15277466E+00 1.15275911E+00 1.15274276E+00 1.15272557E+00 1.15270752E+00 1.15268863E+00 1.15266885E+00 1.15264810E+00 1.15262631E+00 1.15260344E+00 1.15257940E+00 1.15255409E+00 1.15252736E+00 1.15249912E+00 1.15246908E+00 1.15243706E+00 1.15240273E+00 1.15236593E+00 1.15232623E+00 1.15228322E+00 1.15223635E+00 1.15218520E+00 1.15212895E+00 1.15206690E+00 1.15199791E+00 1.15192126E+00 1.15183573E+00 1.15174014E+00 1.15163234E+00 1.15151115E+00 1.15137409E+00 1.15121953E+00 1.15104445E+00 1.15084649E+00 1.15062168E+00 1.15036726E+00 1.15007852E+00 1.14975197E+00 1.14938120E+00 1.14896221E+00 1.14848747E+00 1.14795192E+00 1.14734664E+00 1.14666526E+00 1.14589708E+00 1.14503504E+00 1.14406668E+00 1.14298314E+00 1.14176910E+00 1.14041520E+00 1.13890384E+00 1.13722485E+00 1.13535997E+00 1.13329426E+00 1.13100475E+00 1.12848022E+00 1.12569706E+00 1.12263796E+00 1.11930661E+00 1.11566334E+00 1.11207071E+00 1.10818595E+00 1.10448792E+00 1.10053766E+00 1.09682418E+00 1.09289288E+00 1.08922781E+00 1.08537896E+00 1.08181616E+00 1.07810635E+00 1.07469733E+00 1.07116296E+00 1.06793106E+00 1.06459999E+00 1.06157144E+00 1.05846038E+00 1.05564040E+00 1.05275514E+00 1.05014936E+00 1.04749322E+00 1.04510147E+00 1.04266854E+00 1.04031259E+00 1.03791841E+00 1.03548691E+00 1.03302074E+00 1.03052047E+00 1.02798199E+00 1.02540677E+00 1.02279942E+00 1.02016500E+00 1.01749470E+00 1.01478056E+00 1.01203945E+00 1.00936307E+00 1.00678437E+00 1.00376703E+00 1.00000000E+00
1.09206537E+00 1.09206502E+00 1.09206417E+00 1.09206431E+00 1.09206474E+00 1.09206468E+00 1.09206406E+00 1.09206333E+00 1.09206291E+00 1.09206299E+00 1.09206326E+00 1.09206340E+00 1.09206342E+00 1.09206339E+00 1.09206343E+00 1.09206358E+00 1.09206379E+00 1.09206405E+00 1.09206435E+00 1.09206471E+00 1.09206515E+00 1.09206567E+00 1.09206628E+00 1.09206700E+00 1.09206783E+00 1.09206880E+00 1.09206991E+00 1.09207119E+00 1.09207265E+00 1.09207430E+00 1.09207618E+00 1.09207831E+00 1.09208070E+00 1.09208338E+00 1.09208637E+00 1.09208971E+00 1.09209342E+00 1.09209749E+00 1.09210197E+00 1.09210687E+00 1.09211220E+00 1.09211794E+00 1.09212409E+00 1.09213067E+00 1.09213765E+00 1.09214494E+00 1.09215251E+00 1.09216023E+00 1.09216800E+00 1.09217562E+00 1.09218299E+00 1.09218980E+00 1.09219571E+00 1.09220025E+00 1.09220310E+00 1.09220356E+00 1.09220113E+00 1.09219485E+00 1.09218393E+00 1.09216701E+00 1.09214311E+00 1.09211015E+00 1.09206674E+00 1.09201056E+00 1.09193981E+00 1.09185105E+00 1.09174223E+00 1.09160907E+00 1.09144813E+00 1.09125324E+00 1.09102082E+00 1.09074454E+00 1.09042001E+00 1.09003741E+00 1.08959116E+00 1.08907079E+00 1.08846960E+00 1.08777310E+00 1.08697273E+00 1.08605570E+00 1.08501222E+00 1.08382085E+00 1.08246992E+00 1.08094027E+00 1.07922037E+00 1.07730496E+00 1.07516709E+00 1.07301189E+00 1.07064194E+00 1.06834841E+00 1.06585797E+00 1.06347582E+00 1.06093632E+00 1.05856990E+00 1.05605392E+00 1.05367628E+00 1.05118615E+00 1.04890034E+00 1.04651949E+00 1.04433328E+00 1.04207606E+00 1.04002074E+00 1.03790475E+00 1.03598735E+00 1.03402708E+00 1.03225882E+00 1.03046013E+00 1.02884687E+00 1.02721172E+00 1.02563873E+00 1.02404489E+00 1.02243078E+00 1.02081036E+00 1.01919218E+00 1.01755916E+00 1.01591684E+00 1.01428562E+00 1.01264369E+00 1.01094647E+00 1.00927884E+00 1.00773018E+00 1.00623968E+00 1.00468727E+00 1.00267919E+00 1.00000000E+00
1.09681669E+00 1.09683215E+00 1.09684433E+00 1.09685419E+00 1.09686276E+00 1.09687057E+00 1.09687731E+00 1.09688275E+00 1.09688698E+00 1.09689026E+00 1.09689277E+00 1.09689469E+00 1.09689605E+00 1.09689697E+00 1.09689749E+00 1.09689772E+00 1.09689771E+00 1.09689755E+00 1.09689728E+00 1.09689695E+00 1.09689660E+00 1.09689625E+00 1.09689593E+00 1.09689567E+00 1.09689549E+00 1.09689540E+00 1.09689542E+00 1.09689561E+00 1.09689601E+00 1.09689663E+00 1.09689745E+00 1.09689851E+00 1.09689991E+00 1.09690171E+00 1.09690389E+00 1.09690654E+00 1.09690971E+00 1.09691342E+00 1.09691775E+00 1.09692294E+00 1.09692913E+00 1.09693638E+00 1.09694461E+00 1.09695392E+00 1.09696466E+00 1.09697705E+00 1.09699104E+00 1.09700688E+00 1.09702488E+00 1.09704536E+00 1.09706776E+00 1.09709193E+00 1.09711918E+00 1.09715074E+00 1.09718603E+00 1.09722488E+00 1.09726657E+00 1.09731035E+00 1.09735742E+00 1.09740828E+00 1.09746178E+00 1.09751655E+00 1.09757394E+00 1.09763598E+00 1.09770028E+00 1.09776482E+00 1.09782804E+00 1.09788727E+00 1.09794119E+00 1.09798492E+00 1.09801396E+00 1.09802611E+00 1.09802297E+00 1.09799848E+00 1.09794154E+00 1.09783933E+00 1.09768270E+00 1.09746067E+00 1.09717905E+00 1.09682481E+00 1.09636421E+00 1.09577023E+00 1.09504370E+00 1.09416511E+00 1.09310581E+00 1.09184666E+00 1.09037417E+00 1.08882604E+00 1.08702737E+00 1.08520059E+00 1.08317225E+00 1.08119453E+00 1.07902777E+00 1.07694489E+00 1.07465186E+00 1.07242927E+00 1.07007803E+00 1.06788740E+00 1.06554594E+00 1.06333088E+00 1.06100235E+00 1.05885029E+00 1.05658273E+00 1.05446960E+00 1.05225863E+00 1.05021852E+00 1.04810768E+00 1.04618231E+00 1.04418518E+00 1.04220375E+00 1.04014091E+00 1.03800134E+00 1.03580325E+00 1.03353646E+00 1.03116695E+00 1.02870162E+00 1.02616924E+00 1.02352009E+00 1.02068918E+00 1.01777052E+00 1.01486363E+00 1.01185016E+00 1.00857477E+00 1.00467588E+00 1.00000000E+00
1.11495377E+00 1.11495824E+00 1.11495908E+00 1.11496091E+00 1.11496321E+00 1.11496595E+00 1.11496892E+00 1.11497197E+00 1.11497515E+00 1.11497848E+00 1.11498177E+00 1.11498493E+00 1.11498803E+00 1.11499115E+00 1.11499406E+00 1.11499663E+00 1.11499902E+00 1.11500129E+00 1.11500351E+00 1.11500580E+00 1.11500806E+00 1.11501018E+00 1.11501211E+00 1.11501402E+00 1.11501592E+00 1.11501772E+00 1.11501954E+00 1.11502169E+00 1.11502419E+00 1.11502689E+00 1.11502950E+00 1.11503224E+00 1.11503572E+00 1.11504011E+00 1.11504504E+00 1.11505071E+00 1.11505728E+00 1.11506488E+00 1.11507375E+00 1.11508488E+00 1.11509848E+00 1.11511434E+00 1.11513192E+00 1.11515179E+00 1.11517532E+00 1.11520326E+00 1.11523528E+00 1.11527225E+00 1.11531497E+00 1.11536414E+00 1.11541845E+00 1.11547846E+00 1.11554825E+00 1.11563118E+00 1.11572498E+00 1.11582909E+00 1.11594270E+00 1.11606554E+00 1.11620144E+00 1.11635279E+00 1.11651788E+00 1.11669640E+00 1.11689150E+00 1.11710804E+00 1.11734217E+00 1.11759157E+00 1.11785461E+00 1.11812882E+00 1.11841372E+00 1.11870372E+00 1.11899288E+00 1.11928028E+00 1.11956913E+00 1.11985162E+00 1.12011104E+00 1.12032973E+00 1.12049846E+00 1.12060520E+00 1.12065849E+00 1.12064151E+00 1.12050460E+00 1.12021138E+00 1.11977331E+00 1.11916825E+00 1.11835084E+00 1.11728261E+00 1.11595296E+00 1.11448475E+00 1.11269247E+00 1.11078860E+00 1.10861561E+00 1.10644123E+00 1.10399087E+00 1.10156809E+00 1.09885289E+00 1.09618519E+00 1.09331526E+00 1.09059271E+00 1.08764550E+00 1.08482939E+00 1.08184599E+00 1.07906944E+00 1.07612156E+00 1.07335095E+00 1.07043333E+00 1.06773015E+00 1.06492342E+00 1.06235358E+00 1.05967895E+00 1.05701687E+00 1.05423941E+00 1.05135304E+00 1.04838001E+00 1.04530735E+00 1.04209217E+00 1.03873917E+00 1.03528502E+00 1.03168014E+00 1.02784958E+00 1.02388039E+00 1.01988262E+00 1.01573186E+00 1.01124599E+00 1.00604444E+00 1.00000000E+00
1.13376032E+00 1.13374836E+00 1.13372552E+00 1.13371469E+00 1.13371278E+00 1.13371845E+00 1.13372994E+00 1.13374540E+00 1.13376434E+00 1.13378562E+00 1.13380826E+00 1.13383113E+00 1.13385422E+00 1.13387715E+00 1.13389919E+00 1.13391977E+00 1.13393924E+00 1.13395771E+00 1.13397519E+00 1.13399193E+00 1.13400767E+00 1.13402213E+00 1.13403526E+00 1.13404750E+00 1.13405893E+00 1.13406955E+00 1.13407965E+00 1.13409000E+00 1.13410052E+00 1.13411076E+00 1.13412036E+00 1.13413010E+00 1.13414113E+00 1.13415378E+00 1.13416735E+00 1.13418229E+00 1.13419906E+00 1.13421806E+00 1.13423979E+00 1.13426596E+00 1.13429671E+00 1.13433147E+00 1.13436972E+00 1.13441296E+00 1.13446340E+00 1.13452215E+00 1.13458890E+00 1.13466532E+00 1.13475255E+00 1.13485152E+00 1.13496085E+00 1.13508187E+00 1.13522019E+00 1.13538054E+00 1.13555952E+00 1.13575590E+00 1.13596959E+00 1.13620143E+00 1.13645653E+00 1.13673817E+00 1.13704398E+00 1.13737322E+00 1.13772983E+00 1.13811982E+00 1.13853825E+00 1.13898107E+00 1.13944654E+00 1.13993130E+00 1.14043494E+00 1.14095117E+00 1.14147226E+00 1.14199509E+00 1.14252325E+00 1.14304834E+00 1.14354974E+00 1.14400410E+00 1.14440155E+00 1.14472555E+00 1.14498533E+00 1.14516219E+00 1.14519269E+00 1.14502554E+00 1.14467583E+00 1.14411304E+00 1.14327717E+00 1.14211283E+00 1.14060714E+00 1.13890136E+00 1.13677884E+00 1.13448924E+00 1.13184870E+00 1.12918840E+00 1.12617355E+00 1.12317922E+00 1.11982503E+00 1.11653308E+00 1.11298129E+00 1.10960477E+00 1.10595379E+00 1.10247325E+00 1.09879129E+00 1.09536993E+00 1.09174344E+00 1.08833842E+00 1.08475628E+00 1.08144250E+00 1.07800617E+00 1.07486383E+00 1.07159835E+00 1.06835333E+00 1.06497329E+00 1.06146472E+00 1.05785380E+00 1.05412877E+00 1.05023937E+00 1.04618510E+00 1.04200967E+00 1.03766814E+00 1.03307863E+00 1.02831966E+00 1.02350946E+00 1.01852516E+00 1.01316308E+00 1.00702307E+00 1.00000000E+00
1.15137611E+00 1.15134471E+00 1.15128340E+00 1.15125077E+00 1.15124025E+00 1.15124937E+00 1.15127392E+00 1.15130952E+00 1.15135466E+00 1.15140622E+00 1.15146204E+00 1.15151935E+00 1.15157775E+00 1.15163610E+00 1.15169299E+00 1.15174726E+00 1.15179935E+00 1.15184923E+00 1.15189679E+00 1.15194230E+00 1.15198536E+00 1.15202551E+00 1.15206274E+00 1.15209770E+00 1.15213066E+00 1.15216184E+00 1.15219173E+00 1.15222147E+00 1.15225092E+00 1.15227940E+00 1.15230673E+00 1.15233434E+00 1.15236383E+00 1.15239566E+00 1.15242903E+00 1.15246476E+00 1.15250365E+00 1.15254652E+00 1.15259411E+00 1.15264858E+00 1.15271011E+00 1.15277799E+00 1.15285197E+00 1.15293448E+00 1.15302824E+00 1.15313463E+00 1.15325349E+00 1.15338729E+00 1.15353736E+00 1.15370466E+00 1.15388790E+00 1.15408869E+00 1.15431348E+00 1.15456802E+00 1.15484810E+00 1.15515149E+00 1.15547888E+00 1.15583202E+00 1.15621644E+00 1.15663572E+00 1.15708653E+00 1.15756682E+00 1.15808121E+00 1.15863650E+00 1.15922663E+00 1.15984523E+00 1.16049059E+00 1.16115841E+00 1.16184821E+00 1.16255329E+00 1.16326361E+00 1.16397240E+00 1.16468343E+00 1.16538824E+00 1.16606157E+00 1.16667252E+00 1.16720929E+00 1.16764951E+00 1.16800141E+00 1.16824235E+00 1.16829681E+00 1.16809882E+00 1.16766520E+00 1.16695920E+00 1.16591122E+00 1.16445728E+00 1.16258293E+00 1.16047068E+00 1.15786106E+00 1.15506296E+00 1.15184666E+00 1.14862156E+00 1.14498354E+00 1.14138535E+00 1.13737753E+00 1.13346391E+00 1.12924943E+00 1.12525248E+00 1.12094697E+00 1.11685849E+00 1.11254571E+00 1.10854972E+00 1.10432669E+00 1.10037074E+00 1.09621711E+00 1.09238215E+00 1.08841208E+00 1.08478826E+00 1.08102973E+00 1.07730163E+00 1.07342520E+00 1.06940626E+00 1.06527455E+00 1.06102087E+00 1.05658884E+00 1.05197204E+00 1.04722015E+00 1.04229409E+00 1.03710700E+00 1.03172933E+00 1.02628503E+00 1.02065530E+00 1.01462041E+00 1.00776408E+00 1.00000000E+00
1.16763684E+00 1.16757834E+00 1.16746181E+00 1.16739389E+00 1.16736461E+00 1.16737122E+00 1.16740656E+00 1.16746328E+00 1.16753846E+00 1.16762637E+00 1.16772335E+00 1.16782444E+00 1.16792866E+00 1.16803367E+00 1.16813730E+00 1.16823757E+00 1.16833487E+00 1.16842876E+00 1.16851894E+00 1.16860558E+00 1.16868818E+00 1.16876606E+00 1.16883924E+00 1.16890855E+00 1.16897445E+00 1.16903749E+00 1.16909833E+00 1.16915844E+00 1.16921763E+00 1.16927515E+00 1.16933110E+00 1.16938756E+00 1.16944642E+00 1.16950833E+00 1.16957254E+00 1.16964028E+00 1.16971269E+00 1.16979103E+00 1.16987620E+00 1.16997069E+00 1.17007475E+00 1.17018768E+00 1.17030956E+00 1.17044347E+00 1.17059248E+00 1.17075816E+00 1.17094052E+00 1.17114261E+00 1.17136589E+00 1.17161122E+00 1.17187723E+00 1.17216548E+00 1.17248303E+00 1.17283647E+00 1.17322085E+00 1.17363276E+00 1.17407357E+00 1.17454569E+00 1.17505480E+00 1.17560468E+00 1.17619092E+00 1.17681001E+00 1.17746721E+00 1.17816980E+00 1.17891050E+00 1.17968048E+00 1.18047797E+00 1.18129757E+00 1.18213825E+00 1.18299216E+00 1.18384658E+00 1.18469045E+00 1.18552722E+00 1.18634755E+00 1.18712118E+00 1.18780919E+00 1.18839759E+00 1.18885875E+00 1.18920006E+00 1.18939560E+00 1.18936041E+00 1.18901697E+00 1.18838416E+00 1.18742234E+00 1.18605569E+00 1.18421688E+00 1.18189028E+00 1.17930855E+00 1.17616420E+00 1.17283127E+00 1.16902715E+00 1.16524021E+00 1.16099651E+00 1.15682297E+00 1.15220205E+00 1.14771298E+00 1.14289257E+00 1.13833536E+00 1.13344482E+00 1.12881730E+00 1.12394893E+00 1.11945056E+00 1.11470991E+00 1.11027900E+00 1.10563525E+00 1.10135502E+00 1.09693058E+00 1.09289886E+00 1.08872451E+00 1.08459049E+00 1.08029834E+00 1.07585300E+00 1.07128729E+00 1.06659502E+00 1.06171469E+00 1.05663411E+00 1.05140808E+00 1.04600344E+00 1.04032975E+00 1.03445033E+00 1.02849279E+00 1.02234312E+00 1.01577048E+00 1.00834627E+00 1.00000000E+00
1.10322982E+00 1.10323011E+00 1.10322809E+00 1.10322613E+00 1.10322491E+00 1.10322463E+00 1.10322470E+00 1.10322468E+00 1.10322457E+00 1.10322441E+00 1.10322428E+00 1.10322423E+00 1.10322425E+00 1.10322433E+00 1.10322446E+00 1.10322465E+00 1.10322489E+00 1.10322520E+00 1.10322559E+00 1.10322606E+00 1.10322661E+00 1.10322727E+00 1.10322804E+00 1.10322894E+00 1.10322998E+00 1.10323117E+00 1.10323254E+00 1.10323410E+00 1.10323587E+00 1.10323788E+00 1.10324013E+00 1.10324267E+00 1.10324551E+00 1.10324868E+00 1.10325220E+00 1.10325609E+00 1.10326038E+00 1.10326508E+00 1.10327019E+00 1.10327576E+00 1.10328175E+00 1.10328817E+00 1.10329500E+00 1.10330222E+00 1.10330978E+00 1.10331759E+00 1.10332556E+00 1.10333355E+00 1.10334142E+00 1.10334891E+00 1.10335587E+00 1.10336187E+00 1.10336653E+00 1.10336932E+00 1.10336981E+00 1.10336715E+00 1.10336072E+00 1.10334936E+00 1.10333214E+00 1.10330743E+00 1.10327409E+00 1.10322978E+00 1.10317291E+00 1.10310077E+00 1.10301128E+00 1.10290054E+00 1.10276609E+00 1.10260289E+00 1.10240731E+00 1.10217297E+00 1.10189579E+00 1.10156827E+00 1.10118526E+00 1.10073644E+00 1.10021585E+00 1.09961183E+00 1.09891727E+00 1.09811685E+00 1.09720090E+00 1.09615502E+00 1.09496894E+00 1.09362073E+00 1.09209857E+00 1.09038262E+00 1.08845977E+00 1.08632448E+00 1.08394685E+00 1.08155745E+00 1.07893786E+00 1.07641028E+00 1.07367560E+00 1.07107302E+00 1.06829845E+00 1.06570095E+00 1.06294740E+00 1.06036560E+00 1.05766585E+00 1.05518424E+00 1.05260158E+00 1.05023104E+00 1.04778151E+00 1.04555006E+00 1.04325525E+00 1.04117504E+00 1.03904664E+00 1.03712351E+00 1.03516226E+00 1.03339858E+00 1.03160691E+00 1.02987648E+00 1.02811863E+00 1.02633252E+00 1.02452618E+00 1.02270535E+00 1.02085710E+00 1.01898234E+00 1.01709831E+00 1.01520912E+00 1.01327441E+00 1.01130192E+00 1.00935643E+00 1.00748207E+00 1.00556059E+00 1.00311896E+00 1.00000000E+00
1.11681188E+00 1.11679963E+00 1.11679849E+00 1.11680822E+00 1.11682342E+00 1.11683884E+00 1.11685387E+00 1.11686856E+00 1.11688379E+00 1.11689953E+00 1.11691508E+00 1.11692960E+00 1.11694293E+00 1.11695500E+00 1.11696595E+00 1.11697581E+00 1.11698458E+00 1.11699230E+00 1.11699903E+00 1.11700491E+00 1.11701002E+00 1.11701450E+00 1.11701841E+00 1.11702188E+00 1.11702500E+00 1.11702787E+00 1.11703057E+00 1.11703322E+00 1.11703587E+00 1.11703863E+00 1.11704155E+00 1.11704473E+00 1.11704827E+00 1.11705226E+00 1.11705674E+00 1.11706185E+00 1.11706766E+00 1.11707428E+00 1.11708181E+00 1.11709044E+00 1.11710026E+00 1.11711141E+00 1.11712394E+00 1.11713804E+00 1.11715390E+00 1.11717172E+00 1.11719155E+00 1.11721366E+00 1.11723820E+00 1.11726538E+00 1.11729507E+00 1.11732736E+00 1.11736267E+00 1.11740145E+00 1.11744335E+00 1.11748815E+00 1.11753556E+00 1.11758509E+00 1.11763689E+00 1.11769046E+00 1.11774508E+00 1.11779940E+00 1.11785311E+00 1.11790572E+00 1.11795505E+00 1.11799815E+00 1.11803299E+00 1.11805526E+00 1.11806240E+00 1.11804884E+00 1.11801012E+00 1.11794059E+00 1.11783628E+00 1.11768649E+00 1.11748326E+00 1.11721388E+00 1.11686902E+00 1.11643214E+00 1.11589711E+00 1.11524641E+00 1.11445808E+00 1.11350586E+00 1.11238028E+00 1.11105538E+00 1.10950596E+00 1.10771435E+00 1.10565061E+00 1.10351107E+00 1.10108728E+00 1.09867779E+00 1.09601593E+00 1.09343110E+00 1.09061281E+00 1.08791404E+00 1.08499151E+00 1.08220020E+00 1.07923911E+00 1.07647264E+00 1.07354043E+00 1.07079703E+00 1.06792246E+00 1.06526991E+00 1.06249741E+00 1.05993872E+00 1.05727935E+00 1.05484050E+00 1.05232413E+00 1.05003425E+00 1.04767515E+00 1.04535833E+00 1.04296905E+00 1.04050767E+00 1.03798626E+00 1.03540284E+00 1.03273378E+00 1.02997935E+00 1.02716407E+00 1.02427943E+00 1.02127145E+00 1.01814906E+00 1.01498642E+00 1.01180748E+00 1.00848088E+00 1.00457809E+00 1.00000000E+00
1.13889784E+00 1.13890923E+00 1.13891808E+00 1.13892712E+00 1.13893585E+00 1.13894435E+00 1.13895261E+00 1.13896061E+00 1.13896834E+00 1.13897576E+00 1.13898282E+00 1.13898951E+00 1.13899585E+00 1.13900184E+00 1.13900745E+00 1.13901269E+00 1.13901763E+00 1.13902230E+00 1.13902674E+00 1.13903105E+00 1.13903520E+00 1.13903925E+00 1.13904322E+00 1.13904723E+00 1.13905134E+00 1.13905563E+00 1.13906018E+00 1.13906518E+00 1.13907072E+00 1.13907686E+00 1.13908360E+00 1.13909121E+00 1.13910000E+00 1.13911017E+00 1.13912169E+00 1.13913491E+00 1.13915005E+00 1.13916747E+00 1.13918737E+00 1.13921038E+00 1.13923675E+00 1.13926676E+00 1.13930050E+00 1.13933865E+00 1.13938194E+00 1.13943100E+00 1.13948595E+00 1.13954777E+00 1.13961697E+00 1.13969425E+00 1.13977938E+00 1.13987311E+00 1.13997697E+00 1.14009238E+00 1.14021854E+00 1.14035550E+00 1.14050319E+00 1.14066162E+00 1.14083188E+00 1.14101411E+00 1.14120727E+00 1.14141027E+00 1.14162311E+00 1.14184590E+00 1.14207540E+00 1.14230776E+00 1.14254027E+00 1.14276740E+00 1.14298621E+00 1.14318960E+00 1.14337101E+00 1.14352275E+00 1.14363968E+00 1.14370793E+00 1.14371569E+00 1.14364484E+00 1.14348325E+00 1.14320915E+00 1.14281397E+00 1.14227322E+00 1.14155498E+00 1.14062194E+00 1.13946391E+00 1.13804513E+00 1.13632939E+00 1.13428708E+00 1.13188350E+00 1.12934988E+00 1.12643541E+00 1.12349868E+00 1.12022664E+00 1.11702828E+00 1.11351689E+00 1.11013202E+00 1.10645579E+00 1.10294011E+00 1.09919873E+00 1.09569175E+00 1.09196986E+00 1.08848620E+00 1.08483607E+00 1.08146828E+00 1.07794670E+00 1.07469443E+00 1.07131377E+00 1.06821590E+00 1.06502297E+00 1.06211975E+00 1.05913054E+00 1.05619588E+00 1.05317226E+00 1.05006200E+00 1.04687974E+00 1.04362214E+00 1.04026154E+00 1.03679929E+00 1.03326485E+00 1.02964892E+00 1.02589418E+00 1.02200939E+00 1.01807421E+00 1.01411870E+00 1.01001252E+00 1.00533559E+00 1.00000000E+00
1.15957935E+00 1.15958708E+00 1.15958672E+00 1.15959194E+00 1.15960008E+00 1.15961111E+00 1.15962471E+00 1.15964035E+00 1.15965765E+00 1.15967599E+00 1.15969499E+00 1.15971419E+00 1.15973349E+00 1.15975263E+00 1.15977137E+00 1.15978962E+00 1.15980741E+00 1.15982476E+00 1.15984167E+00 1.15985831E+00 1.15987464E+00 1.15989071E+00 1.15990657E+00 1.15992249E+00 1.15993865E+00 1.15995524E+00 1.15997242E+00 1.15999066E+00 1.16001009E+00 1.16003084E+00 1.16005297E+00 1.16007710E+00 1.16010385E+00 1.16013358E+00 1.16016627E+00 1.16020260E+00 1.16024303E+00 1.16028822E+00 1.16033855E+00 1.16039511E+00 1.16045832E+00 1.16052857E+00 1.16060607E+00 1.16069205E+00 1.16078769E+00 1.16089392E+00 1.16101091E+00 1.16114020E+00 1.16128251E+00 1.16143870E+00 1.16160847E+00 1.16179281E+00 1.16199376E+00 1.16221321E+00 1.16244987E+00 1.16270327E+00 1.16297345E+00 1.16326036E+00 1.16356518E+00 1.16388774E+00 1.16422621E+00 1.16457839E+00 1.16494386E+00 1.16532185E+00 1.16570788E+00 1.16609571E+00 1.16648162E+00 1.16685782E+00 1.16721993E+00 1.16755815E+00 1.16786336E+00 1.16812377E+00 1.16833241E+00 1.16847193E+00 1.16852646E+00 1.16847118E+00 1.16829140E+00 1.16795984E+00 1.16746549E+00 1.16677867E+00 1.16586011E+00 1.16466313E+00 1.16317806E+00 1.16136405E+00 1.15917868E+00 1.15658999E+00 1.15355951E+00 1.15038539E+00 1.14675398E+00 1.14311439E+00 1.13907973E+00 1.13515730E+00 1.13087059E+00 1.12675603E+00 1.12231004E+00 1.11808083E+00 1.11359532E+00 1.10940434E+00 1.10497366E+00 1.10084331E+00 1.09653080E+00 1.09256518E+00 1.08843091E+00 1.08462293E+00 1.08067489E+00 1.07706734E+00 1.07335891E+00 1.06999520E+00 1.06653978E+00 1.06315465E+00 1.05967503E+00 1.05610446E+00 1.05245939E+00 1.04873660E+00 1.04490613E+00 1.04096961E+00 1.03695991E+00 1.03286871E+00 1.02863745E+00 1.02427452E+00 1.01986270E+00 1.01543798E+00 1.01087301E+00 1.00575491E+00 1.00000000E+00
1.17830190E+00 1.17828264E+00 1.17824527E+00 1.17822366E+00 1.17821161E+00 1.17820923E+00 1.17821564E+00 1.17822953E+00 1.17824983E+00 1.17827476E+00 1.17830340E+00 1.17833443E+00 1.17836747E+00 1.17840168E+00 1.17843653E+00 1.17847156E+00 1.17850676E+00 1.17854193E+00 1.17857702E+00 1.17861217E+00 1.17864731E+00 1.17868245E+00 1.17871765E+00 1.17875334E+00 1.17878977E+00 1.17882731E+00 1.17886622E+00 1.17890721E+00 1.17895047E+00 1.17899620E+00 1.17904456E+00 1.17909654E+00 1.17915301E+00 1.17921452E+00 1.17928104E+00 1.17935356E+00 1.17943276E+00 1.17951955E+00 1.17961443E+00 1.17971878E+00 1.17983314E+00 1.17995794E+00 1.18009348E+00 1.18024131E+00 1.18040285E+00 1.18057911E+00 1.18077024E+00 1.18097798E+00 1.18120308E+00 1.18144622E+00 1.18170693E+00 1.18198593E+00 1.18228533E+00 1.18260708E+00 1.18294929E+00 1.18331042E+00 1.18369043E+00 1.18408876E+00 1.18450611E+00 1.18494148E+00 1.18539196E+00 1.18585355E+00 1.18632510E+00 1.18680433E+00 1.18728544E+00 1.18775937E+00 1.18822131E+00 1.18866103E+00 1.18907252E+00 1.18944320E+00 1.18976163E+00 1.19001207E+00 1.19018615E+00 1.19026381E+00 1.19022580E+00 1.19004203E+00 1.18969618E+00 1.18915733E+00 1.18841340E+00 1.18743199E+00 1.18616888E+00 1.18457177E+00 1.18263262E+00 1.18030888E+00 1.17755488E+00 1.17434163E+00 1.17062768E+00 1.16678345E+00 1.16242951E+00 1.15810582E+00 1.15334915E+00 1.14875823E+00 1.14377241E+00 1.13901449E+00 1.13390292E+00 1.12906754E+00 1.12396005E+00 1.11920650E+00 1.11420138E+00 1.10955398E+00 1.10471828E+00 1.10028607E+00 1.09567923E+00 1.09144729E+00 1.08707078E+00 1.08308198E+00 1.07899130E+00 1.07528913E+00 1.07149397E+00 1.06778334E+00 1.06397698E+00 1.06007927E+00 1.05610797E+00 1.05206033E+00 1.04790493E+00 1.04364344E+00 1.03931115E+00 1.03490095E+00 1.03035381E+00 1.02567796E+00 1.02095803E+00 1.01623455E+00 1.01138349E+00 1.00599918E+00 1.00000000E+00
1.19469134E+00 1.19465661E+00 1.19458851E+00 1.19454744E+00 1.19452319E+00 1.19451651E+00 1.19452601E+00 1.19454959E+00 1.19458534E+00 1.19463007E+00 1.19468225E+00 1.19473950E+00 1.19480103E+00 1.19486532E+00 1.19493146E+00 1.19499852E+00 1.19506640E+00 1.19513463E+00 1.19520302E+00 1.19527169E+00 1.19534054E+00 1.19540946E+00 1.19547858E+00 1.19554840E+00 1.19561931E+00 1.19569184E+00 1.19576634E+00 1.19584369E+00 1.19592419E+00 1.19600808E+00 1.19609566E+00 1.19618819E+00 1.19628674E+00 1.19639200E+00 1.19650399E+00 1.19662390E+00 1.19675254E+00 1.19689102E+00 1.19703989E+00 1.19720062E+00 1.19737386E+00 1.19755997E+00 1.19775926E+00 1.19797335E+00 1.19820377E+00 1.19845146E+00 1.19871645E+00 1.19900036E+00 1.19930386E+00 1.19962727E+00 1.19996980E+00 1.20033158E+00 1.20071457E+00 1.20112050E+00 1.20154681E+00 1.20199066E+00 1.20245178E+00 1.20292886E+00 1.20342191E+00 1.20392894E+00 1.20444587E+00 1.20496681E+00 1.20548979E+00 1.20601098E+00 1.20652337E+00 1.20701531E+00 1.20748106E+00 1.20790830E+00 1.20828963E+00 1.20861019E+00 1.20885669E+00 1.20901043E+00 1.20906211E+00 1.20898991E+00 1.20877205E+00 1.20837474E+00 1.20778082E+00 1.20695726E+00 1.20589189E+00 1.20455105E+00 1.20288718E+00 1.20084494E+00 1.19841836E+00 1.19556489E+00 1.19223718E+00 1.18841143E+00 1.18404373E+00 1.17957280E+00 1.17455720E+00 1.16961938E+00 1.16422529E+00 1.15905332E+00 1.15346865E+00 1.14816728E+00 1.14250051E+00 1.13716536E+00 1.13155058E+00 1.12634311E+00 1.12087911E+00 1.11582249E+00 1.11057627E+00 1.10578113E+00 1.10080978E+00 1.09625337E+00 1.09155139E+00 1.08727505E+00 1.08289802E+00 1.07894404E+00 1.07489780E+00 1.07094817E+00 1.06690350E+00 1.06276878E+00 1.05856275E+00 1.05428318E+00 1.04989766E+00 1.04540786E+00 1.04085086E+00 1.03622062E+00 1.03145801E+00 1.02657129E+00 1.02164616E+00 1.01672666E+00 1.01169193E+00 1.00614320E+00 1.00000000E+00
1.11311529E+00 1.11311605E+00 1.11311367E+00 1.11311089E+00 1.11310893E+00 1.11310842E+00 1.11310862E+00 1.11310878E+00 1.11310874E+00 1.11310848E+00 1.11310823E+00 1.11310813E+00 1.11310816E+00 1.11310829E+00 1.11310848E+00 1.11310872E+00 1.11310902E+00 1.11310941E+00 1.11310989E+00 1.11311047E+00 1.11311116E+00 1.11311197E+00 1.11311291E+00 1.11311400E+00 1.11311525E+00 1.11311668E+00 1.11311830E+00 1.11312015E+00 1.11312224E+00 1.11312459E+00 1.11312721E+00 1.11313016E+00 1.11313343E+00 1.11313706E+00 1.11314106E+00 1.11314547E+00 1.11315029E+00 1.11315553E+00 1.11316121E+00 1.11316733E+00 1.11317387E+00 1.11318082E+00 1.11318814E+00 1.11319579E+00 1.11320370E+00 1.11321173E+00 1.11321980E+00 1.11322768E+00 1.11323523E+00 1.11324211E+00 1.11324810E+00 1.11325267E+00 1.11325543E+00 1.11325571E+00 1.11325299E+00 1.11324625E+00 1.11323478E+00 1.11321718E+00 1.11319241E+00 1.11315859E+00 1.11311441E+00 1.11305726E+00 1.11298536E+00 1.11289557E+00 1.11278555E+00 1.11265095E+00 1.11248898E+00 1.11229406E+00 1.11206231E+00 1.11178691E+00 1.11146329E+00 1.11108309E+00 1.11064059E+00 1.11012508E+00 1.10953012E+00 1.10884299E+00 1.10805606E+00 1.10715346E+00 1.10612491E+00 1.10495483E+00 1.10363245E+00 1.10213561E+00 1.10045208E+00 1.09856096E+00 1.09644805E+00 1.09410855E+00 1.09151054E+00 1.08890843E+00 1.08606318E+00 1.08332454E+00 1.08036801E+00 1.07756128E+00 1.07457062E+00 1.07176753E+00 1.06880271E+00 1.06603446E+00 1.06313987E+00 1.06047440E+00 1.05770075E+00 1.05515533E+00 1.05252337E+00 1.05012365E+00 1.04765464E+00 1.04541350E+00 1.04311780E+00 1.04104109E+00 1.03891984E+00 1.03700809E+00 1.03506239E+00 1.03317837E+00 1.03126208E+00 1.02931241E+00 1.02733363E+00 1.02532975E+00 1.02329255E+00 1.02122166E+00 1.01912723E+00 1.01701722E+00 1.01486323E+00 1.01265185E+00 1.01042981E+00 1.00828620E+00 1.00612132E+00 1.00341183E+00 1.00000000E+00
1.12959470E+00 1.12960654E+00 1.12961221E+00 1.12961364E+00 1.12961431E+00 1.12961731E+00 1.12962249E+00 1.12962924E+00 1.12963666E+00 1.12964409E+00 1.12965156E+00 1.12965905E+00 1.12966654E+00 1.12967388E+00 1.12968097E+00 1.12968768E+00 1.12969400E+00 1.12969990E+00 1.12970539E+00 1.12971048E+00 1.12971521E+00 1.12971963E+00 1.12972376E+00 1.12972769E+00 1.12973147E+00 1.12973518E+00 1.12973888E+00 1.12974267E+00 1.12974659E+00 1.12975077E+00 1.12975524E+00 1.12976014E+00 1.12976553E+00 1.12977154E+00 1.12977822E+00 1.12978572E+00 1.12979412E+00 1.12980355E+00 1.12981411E+00 1.12982597E+00 1.12983923E+00 1.12985403E+00 1.12987046E+00 1.12988867E+00 1.12990879E+00 1.12993098E+00 1.12995527E+00 1.12998183E+00 1.13001073E+00 1.13004203E+00 1.13007566E+00 1.13011150E+00 1.13014962E+00 1.13019004E+00 1.13023239E+00 1.13027613E+00 1.13032083E+00 1.13036557E+00 1.13040989E+00 1.13045255E+00 1.13049253E+00 1.13052773E+00 1.13055692E+00 1.13057802E+00 1.13058850E+00 1.13058419E+00 1.13056240E+00 1.13051740E+00 1.13044544E+00 1.13033950E+00 1.13019430E+00 1.13000138E+00 1.12975467E+00 1.12944174E+00 1.12905456E+00 1.12857819E+00 1.12800267E+00 1.12730902E+00 1.12648670E+00 1.12551606E+00 1.12437888E+00 1.12304762E+00 1.12150845E+00 1.11973303E+00 1.11769837E+00 1.11539054E+00 1.11277332E+00 1.11010176E+00 1.10712411E+00 1.10420707E+00 1.10101574E+00 1.09794738E+00 1.09463325E+00 1.09148610E+00 1.08811774E+00 1.08493940E+00 1.08158596E+00 1.07846754E+00 1.07518977E+00 1.07215087E+00 1.06898450E+00 1.06607673E+00 1.06305832E+00 1.06029334E+00 1.05743765E+00 1.05483465E+00 1.05216051E+00 1.04973613E+00 1.04725128E+00 1.04482596E+00 1.04234071E+00 1.03979557E+00 1.03719773E+00 1.03454739E+00 1.03183009E+00 1.02904598E+00 1.02620998E+00 1.02332408E+00 1.02035231E+00 1.01728502E+00 1.01417825E+00 1.01111501E+00 1.00799697E+00 1.00433518E+00 1.00000000E+00
1.14928011E+00 1.14929627E+00 1.14931131E+00 1.14932675E+00 1.14934220E+00 1.14935766E+00 1.14937306E+00 1.14938829E+00 1.14940327E+00 1.14941789E+00 1.14943208E+00 1.14944577E+00 1.14945894E+00 1.14947157E+00 1.14948363E+00 1.14949516E+00 1.14950619E+00 1.14951677E+00 1.14952695E+00 1.14953685E+00 1.14954651E+00 1.14955602E+00 1.14956548E+00 1.14957503E+00 1.14958478E+00 1.14959489E+00 1.14960546E+00 1.14961672E+00 1.14962880E+00 1.14964187E+00 1.14965606E+00 1.14967163E+00 1.14968883E+00 1.14970793E+00 1.14972903E+00 1.14975251E+00 1.14977856E+00 1.14980757E+00 1.14983975E+00 1.14987559E+00 1.14991533E+00 1.14995932E+00 1.15000772E+00 1.15006100E+00 1.15011962E+00 1.15018399E+00 1.15025422E+00 1.15033089E+00 1.15041424E+00 1.15050456E+00 1.15060166E+00 1.15070567E+00 1.15081704E+00 1.15093614E+00 1.15106221E+00 1.15119453E+00 1.15133260E+00 1.15147526E+00 1.15162210E+00 1.15177159E+00 1.15192208E+00 1.15207079E+00 1.15221595E+00 1.15235474E+00 1.15248341E+00 1.15259600E+00 1.15268868E+00 1.15275361E+00 1.15278580E+00 1.15277573E+00 1.15271591E+00 1.15259482E+00 1.15240453E+00 1.15212920E+00 1.15175755E+00 1.15126972E+00 1.15065309E+00 1.14988410E+00 1.14895008E+00 1.14782632E+00 1.14648866E+00 1.14490278E+00 1.14305442E+00 1.14090981E+00 1.13844068E+00 1.13563139E+00 1.13244137E+00 1.12918617E+00 1.12555664E+00 1.12200219E+00 1.11812006E+00 1.11439559E+00 1.11037829E+00 1.10656888E+00 1.10250156E+00 1.09867520E+00 1.09464581E+00 1.09090532E+00 1.08698227E+00 1.08335384E+00 1.07958276E+00 1.07612832E+00 1.07254901E+00 1.06927593E+00 1.06590150E+00 1.06283235E+00 1.05968669E+00 1.05684081E+00 1.05392907E+00 1.05109153E+00 1.04818893E+00 1.04522301E+00 1.04220263E+00 1.03912727E+00 1.03598066E+00 1.03276461E+00 1.02949681E+00 1.02617868E+00 1.02277347E+00 1.01927434E+00 1.01574095E+00 1.01225948E+00 1.00873663E+00 1.00469270E+00 1.00000000E+00
1.16629456E+00 1.16630614E+00 1.16631328E+00 1.16632450E+00 1.16633789E+00 1.16635375E+00 1.16637199E+00 1.16639229E+00 1.16641434E+00 1.16643769E+00 1.16646207E+00 1.16648715E+00 1.16651277E+00 1.16653871E+00 1.16656483E+00 1.16659102E+00 1.16661729E+00 1.16664361E+00 1.16666999E+00 1.16669656E+00 1.16672335E+00 1.16675045E+00 1.16677796E+00 1.16680611E+00 1.16683508E+00 1.16686512E+00 1.16689639E+00 1.16692926E+00 1.16696394E+00 1.16700067E+00 1.16703962E+00 1.16708126E+00 1.16712602E+00 1.16717429E+00 1.16722616E+00 1.16728221E+00 1.16734274E+00 1.16740831E+00 1.16747917E+00 1.16755599E+00 1.16763910E+00 1.16772881E+00 1.16782528E+00 1.16792910E+00 1.16804084E+00 1.16816088E+00 1.16828920E+00 1.16842642E+00 1.16857267E+00 1.16872798E+00 1.16889189E+00 1.16906417E+00 1.16924516E+00 1.16943497E+00 1.16963224E+00 1.16983531E+00 1.17004331E+00 1.17025427E+00 1.17046727E+00 1.17067976E+00 1.17088915E+00 1.17109110E+00 1.17128301E+00 1.17146051E+00 1.17161867E+00 1.17174925E+00 1.17184735E+00 1.17190296E+00 1.17190976E+00 1.17185590E+00 1.17173212E+00 1.17152408E+00 1.17122266E+00 1.17080983E+00 1.17027202E+00 1.16958598E+00 1.16873799E+00 1.16770211E+00 1.16646504E+00 1.16500017E+00 1.16328031E+00 1.16126819E+00 1.15895107E+00 1.15629432E+00 1.15326789E+00 1.14986072E+00 1.14602931E+00 1.14215639E+00 1.13787190E+00 1.13370758E+00 1.12919046E+00 1.12488499E+00 1.12026671E+00 1.11591045E+00 1.11128314E+00 1.10695195E+00 1.10240943E+00 1.09820858E+00 1.09381912E+00 1.08977424E+00 1.08558480E+00 1.08175956E+00 1.07780708E+00 1.07420208E+00 1.07049460E+00 1.06713113E+00 1.06369238E+00 1.06058843E+00 1.05741907E+00 1.05433632E+00 1.05118901E+00 1.04797996E+00 1.04471907E+00 1.04140557E+00 1.03802223E+00 1.03457191E+00 1.03107393E+00 1.02752968E+00 1.02390236E+00 1.02018672E+00 1.01644414E+00 1.01276284E+00 1.00905308E+00 1.00484129E+00 1.00000000E+00
1.18072743E+00 1.18072461E+00 1.18071034E+00 1.18070654E+00 1.18070870E+00 1.18071794E+00 1.18073417E+00 1.18075677E+00 1.18078503E+00 1.18081789E+00 1.18085479E+00 1.18089487E+00 1.18093776E+00 1.18098281E+00 1.18102968E+00 1.18107797E+00 1.18112758E+00 1.18117827E+00 1.18122994E+00 1.18128264E+00 1.18133632E+00 1.18139095E+00 1.18144662E+00 1.18150354E+00 1.18156190E+00 1.18162197E+00 1.18168391E+00 1.18174814E+00 1.18181489E+00 1.18188438E+00 1.18195678E+00 1.18203264E+00 1.18211246E+00 1.18219667E+00 1.18228531E+00 1.18237897E+00 1.18247800E+00 1.18258294E+00 1.18269401E+00 1.18281182E+00 1.18293670E+00 1.18306874E+00 1.18320801E+00 1.18335494E+00 1.18351006E+00 1.18367353E+00 1.18384508E+00 1.18402502E+00 1.18421329E+00 1.18440945E+00 1.18461265E+00 1.18482201E+00 1.18503761E+00 1.18525906E+00 1.18548442E+00 1.18571088E+00 1.18593724E+00 1.18616064E+00 1.18637957E+00 1.18659049E+00 1.18678992E+00 1.18697211E+00 1.18713375E+00 1.18726916E+00 1.18737261E+00 1.18743406E+00 1.18744791E+00 1.18740274E+00 1.18729133E+00 1.18710038E+00 1.18681956E+00 1.18643284E+00 1.18593066E+00 1.18529407E+00 1.18450816E+00 1.18354806E+00 1.18239980E+00 1.18103677E+00 1.17944603E+00 1.17760081E+00 1.17547241E+00 1.17302293E+00 1.17024165E+00 1.16709482E+00 1.16355202E+00 1.15960822E+00 1.15521780E+00 1.15082102E+00 1.14599520E+00 1.14133914E+00 1.13632111E+00 1.13156667E+00 1.12649290E+00 1.12173003E+00 1.11669365E+00 1.11199971E+00 1.10709419E+00 1.10257267E+00 1.09786301E+00 1.09353624E+00 1.08906746E+00 1.08499788E+00 1.08080254E+00 1.07698408E+00 1.07306488E+00 1.06951647E+00 1.06589563E+00 1.06263310E+00 1.05930707E+00 1.05607674E+00 1.05278365E+00 1.04943140E+00 1.04603057E+00 1.04258023E+00 1.03906257E+00 1.03548109E+00 1.03185621E+00 1.02818933E+00 1.02444370E+00 1.02061516E+00 1.01676600E+00 1.01298560E+00 1.00918674E+00 1.00490059E+00 1.00000000E+00
1.19321381E+00 1.19319093E+00 1.19314596E+00 1.19311860E+00 1.19310126E+00 1.19309635E+00 1.19310386E+00 1.19312298E+00 1.19315250E+00 1.19319066E+00 1.19323657E+00 1.19328875E+00 1.19334655E+00 1.19340885E+00 1.19347506E+00 1.19354440E+00 1.19361663E+00 1.19369122E+00 1.19376793E+00 1.19384663E+00 1.19392719E+00 1.19400936E+00 1.19409318E+00 1.19417875E+00 1.19426622E+00 1.19435580E+00 1.19444760E+00 1.19454198E+00 1.19463912E+00 1.19473912E+00 1.19484211E+00 1.19494859E+00 1.19505907E+00 1.19517388E+00 1.19529298E+00 1.19541686E+00 1.19554579E+00 1.19568023E+00 1.19582028E+00 1.19596636E+00 1.19611871E+00 1.19627716E+00 1.19644161E+00 1.19661223E+00 1.19678941E+00 1.19697303E+00 1.19716252E+00 1.19735783E+00 1.19755866E+00 1.19776409E+00 1.19797288E+00 1.19818352E+00 1.19839578E+00 1.19860884E+00 1.19882025E+00 1.19902621E+00 1.19922526E+00 1.19941382E+00 1.19958991E+00 1.19974925E+00 1.19988766E+00 1.19999836E+00 1.20007754E+00 1.20011864E+00 1.20011542E+00 1.20005665E+00 1.19993635E+00 1.19974229E+00 1.19946677E+00 1.19909570E+00 1.19861816E+00 1.19801733E+00 1.19728358E+00 1.19639778E+00 1.19534434E+00 1.19409772E+00 1.19264414E+00 1.19095719E+00 1.18902469E+00 1.18682039E+00 1.18431484E+00 1.18147058E+00 1.17827886E+00 1.17470735E+00 1.17072574E+00 1.16633484E+00 1.16148739E+00 1.15666995E+00 1.15141678E+00 1.14637896E+00 1.14097803E+00 1.13588539E+00 1.13047328E+00 1.12541257E+00 1.12008050E+00 1.11512768E+00 1.10996622E+00 1.10522132E+00 1.10029120E+00 1.09577258E+00 1.09111588E+00 1.08688384E+00 1.08252869E+00 1.07857119E+00 1.07451551E+00 1.07084915E+00 1.06711345E+00 1.06375196E+00 1.06032913E+00 1.05700851E+00 1.05362715E+00 1.05018920E+00 1.04670574E+00 1.04317569E+00 1.03958082E+00 1.03592513E+00 1.03222977E+00 1.02849613E+00 1.02468758E+00 1.02080068E+00 1.01689826E+00 1.01307038E+00 1.00923164E+00 1.00491708E+00 1.00000000E+00
1.12131462E+00 1.12131633E+00 1.12131422E+00 1.12131116E+00 1.12130881E+00 1.12130815E+00 1.12130837E+00 1.12130863E+00 1.12130864E+00 1.12130837E+00 1.12130809E+00 1.12130799E+00 1.12130806E+00 1.12130823E+00 1.12130848E+00 1.12130878E+00 1.12130916E+00 1.12130963E+00 1.12131022E+00 1.12131093E+00 1.12131175E+00 1.12131271E+00 1.12131382E+00 1.12131510E+00 1.12131656E+00 1.12131822E+00 1.12132010E+00 1.12132222E+00 1.12132461E+00 1.12132728E+00 1.12133025E+00 1.12133356E+00 1.12133722E+00 1.12134126E+00 1.12134568E+00 1.12135052E+00 1.12135578E+00 1.12136146E+00 1.12136756E+00 1.12137409E+00 1.12138101E+00 1.12138828E+00 1.12139585E+00 1.12140366E+00 1.12141160E+00 1.12141951E+00 1.12142727E+00 1.12143461E+00 1.12144132E+00 1.12144702E+00 1.12145140E+00 1.12145387E+00 1.12145395E+00 1.12145087E+00 1.12144400E+00 1.12143216E+00 1.12141452E+00 1.12138950E+00 1.12135590E+00 1.12131163E+00 1.12125518E+00 1.12118369E+00 1.12109517E+00 1.12098610E+00 1.12085387E+00 1.12069374E+00 1.12050260E+00 1.12027444E+00 1.12000510E+00 1.11968729E+00 1.11931603E+00 1.11888226E+00 1.11837985E+00 1.11779770E+00 1.11712884E+00 1.11635979E+00 1.11548245E+00 1.11448054E+00 1.11334350E+00 1.11205483E+00 1.11060309E+00 1.10896610E+00 1.10713126E+00 1.10507668E+00 1.10278743E+00 1.10025997E+00 1.09746057E+00 1.09466532E+00 1.09161519E+00 1.08868518E+00 1.08552763E+00 1.08253549E+00 1.07934974E+00 1.07636346E+00 1.07320973E+00 1.07027275E+00 1.06720162E+00 1.06437064E+00 1.06142567E+00 1.05872391E+00 1.05592982E+00 1.05338146E+00 1.05075899E+00 1.04837720E+00 1.04593633E+00 1.04372754E+00 1.04147033E+00 1.03943418E+00 1.03736053E+00 1.03535048E+00 1.03330561E+00 1.03122489E+00 1.02911022E+00 1.02696434E+00 1.02478290E+00 1.02256514E+00 1.02031589E+00 1.01804314E+00 1.01573088E+00 1.01336181E+00 1.01096504E+00 1.00864479E+00 1.00635090E+00 1.00353890E+00 1.00000000E+00
1.13490148E+00 1.13490190E+00 1.13490280E+00 1.13490361E+00 1.13490408E+00 1.13490421E+00 1.13490429E+00 1.13490455E+00 1.13490501E+00 1.13490562E+00 1.13490633E+00 1.13490708E+00 1.13490789E+00 1.13490877E+00 1.13490971E+00 1.13491072E+00 1.13491179E+00 1.13491293E+00 1.13491416E+00 1.13491550E+00 1.13491697E+00 1.13491860E+00 1.13492041E+00 1.13492245E+00 1.13492475E+00 1.13492735E+00 1.13493029E+00 1.13493363E+00 1.13493742E+00 1.13494172E+00 1.13494658E+00 1.13495209E+00 1.13495829E+00 1.13496528E+00 1.13497311E+00 1.13498188E+00 1.13499165E+00 1.13500253E+00 1.13501457E+00 1.13502789E+00 1.13504255E+00 1.13505862E+00 1.13507616E+00 1.13509522E+00 1.13511583E+00 1.13513802E+00 1.13516174E+00 1.13518699E+00 1.13521367E+00 1.13524162E+00 1.13527064E+00 1.13530034E+00 1.13533046E+00 1.13536059E+00 1.13539014E+00 1.13541812E+00 1.13544384E+00 1.13546583E+00 1.13548310E+00 1.13549371E+00 1.13549622E+00 1.13548778E+00 1.13546645E+00 1.13542895E+00 1.13537234E+00 1.13529149E+00 1.13518311E+00 1.13504052E+00 1.13485920E+00 1.13463110E+00 1.13435043E+00 1.13400721E+00 1.13359445E+00 1.13309927E+00 1.13251339E+00 1.13182104E+00 1.13101232E+00 1.13006813E+00 1.12897675E+00 1.12771848E+00 1.12627764E+00 1.12462791E+00 1.12275490E+00 1.12063160E+00 1.11823813E+00 1.11556675E+00 1.11257957E+00 1.10957173E+00 1.10626158E+00 1.10305727E+00 1.09958406E+00 1.09627487E+00 1.09273074E+00 1.08939056E+00 1.08584579E+00 1.08253048E+00 1.07905108E+00 1.07583092E+00 1.07246757E+00 1.06936955E+00 1.06615637E+00 1.06321804E+00 1.06018336E+00 1.05741782E+00 1.05457455E+00 1.05199426E+00 1.04935242E+00 1.04696444E+00 1.04452600E+00 1.04215561E+00 1.03973718E+00 1.03727069E+00 1.03475988E+00 1.03220586E+00 1.02960108E+00 1.02694578E+00 1.02424757E+00 1.02151227E+00 1.01872002E+00 1.01585755E+00 1.01296022E+00 1.01012856E+00 1.00731947E+00 1.00401080E+00 1.00000000E+00
1.14853976E+00 1.14853405E+00 1.14852587E+00 1.14851728E+00 1.14850856E+00 1.14850041E+00 1.14849297E+00 1.14848646E+00 1.14848092E+00 1.14847644E+00 1.14847302E+00 1.14847068E+00 1.14846936E+00 1.14846902E+00 1.14846960E+00 1.14847105E+00 1.14847335E+00 1.14847645E+00 1.14848032E+00 1.14848496E+00 1.14849036E+00 1.14849651E+00 1.14850344E+00 1.14851118E+00 1.14851979E+00 1.14852932E+00 1.14853984E+00 1.14855145E+00 1.14856422E+00 1.14857827E+00 1.14859366E+00 1.14861056E+00 1.14862909E+00 1.14864943E+00 1.14867163E+00 1.14869591E+00 1.14872238E+00 1.14875125E+00 1.14878260E+00 1.14881667E+00 1.14885357E+00 1.14889340E+00 1.14893624E+00 1.14898219E+00 1.14903137E+00 1.14908382E+00 1.14913946E+00 1.14919831E+00 1.14926025E+00 1.14932503E+00 1.14939228E+00 1.14946145E+00 1.14953224E+00 1.14960415E+00 1.14967620E+00 1.14974692E+00 1.14981538E+00 1.14987955E+00 1.14993816E+00 1.14998866E+00 1.15002899E+00 1.15005544E+00 1.15006548E+00 1.15005486E+00 1.15001977E+00 1.14995360E+00 1.14985224E+00 1.14970743E+00 1.14951374E+00 1.14926140E+00 1.14894331E+00 1.14854758E+00 1.14806616E+00 1.14748435E+00 1.14679217E+00 1.14597147E+00 1.14501114E+00 1.14389010E+00 1.14259596E+00 1.14110705E+00 1.13940521E+00 1.13746188E+00 1.13526318E+00 1.13278057E+00 1.12999254E+00 1.12689398E+00 1.12344432E+00 1.11998717E+00 1.11619644E+00 1.11254098E+00 1.10859452E+00 1.10484902E+00 1.10085003E+00 1.09709285E+00 1.09311798E+00 1.08941235E+00 1.08553383E+00 1.08195318E+00 1.07822222E+00 1.07479383E+00 1.07124666E+00 1.06801053E+00 1.06467431E+00 1.06163942E+00 1.05852445E+00 1.05570277E+00 1.05281937E+00 1.05021760E+00 1.04756467E+00 1.04498930E+00 1.04236522E+00 1.03969344E+00 1.03697867E+00 1.03422158E+00 1.03141366E+00 1.02855634E+00 1.02565869E+00 1.02272607E+00 1.01973815E+00 1.01668407E+00 1.01360112E+00 1.01058972E+00 1.00761103E+00 1.00414906E+00 1.00000000E+00
1.15943234E+00 1.15941634E+00 1.15939965E+00 1.15938718E+00 1.15937760E+00 1.15937108E+00 1.15936754E+00 1.15936665E+00 1.15936816E+00 1.15937171E+00 1.15937711E+00 1.15938406E+00 1.15939244E+00 1.15940202E+00 1.15941271E+00 1.15942438E+00 1.15943700E+00 1.15945050E+00 1.15946486E+00 1.15948011E+00 1.15949626E+00 1.15951331E+00 1.15953132E+00 1.15955037E+00 1.15957054E+00 1.15959194E+00 1.15961464E+00 1.15963878E+00 1.15966448E+00 1.15969184E+00 1.15972092E+00 1.15975191E+00 1.15978498E+00 1.15982030E+00 1.15985787E+00 1.15989791E+00 1.15994050E+00 1.15998583E+00 1.16003394E+00 1.16008498E+00 1.16013904E+00 1.16019607E+00 1.16025603E+00 1.16031887E+00 1.16038468E+00 1.16045329E+00 1.16052443E+00 1.16059791E+00 1.16067345E+00 1.16075046E+00 1.16082827E+00 1.16090592E+00 1.16098292E+00 1.16105837E+00 1.16113091E+00 1.16119836E+00 1.16125951E+00 1.16131169E+00 1.16135326E+00 1.16138100E+00 1.16139230E+00 1.16138259E+00 1.16134885E+00 1.16128598E+00 1.16118963E+00 1.16105213E+00 1.16086888E+00 1.16063073E+00 1.16033171E+00 1.15996114E+00 1.15951127E+00 1.15896929E+00 1.15832682E+00 1.15756862E+00 1.15668394E+00 1.15565381E+00 1.15446696E+00 1.15310201E+00 1.15154685E+00 1.14977975E+00 1.14778165E+00 1.14552387E+00 1.14299389E+00 1.14016374E+00 1.13701173E+00 1.13353710E+00 1.12969755E+00 1.12587671E+00 1.12171155E+00 1.11771728E+00 1.11342680E+00 1.10937375E+00 1.10506333E+00 1.10102875E+00 1.09677525E+00 1.09282296E+00 1.08869808E+00 1.08490000E+00 1.08095206E+00 1.07733281E+00 1.07359665E+00 1.07019528E+00 1.06669476E+00 1.06351571E+00 1.06025781E+00 1.05731129E+00 1.05430509E+00 1.05159637E+00 1.04883772E+00 1.04616283E+00 1.04344036E+00 1.04067196E+00 1.03786293E+00 1.03501360E+00 1.03211496E+00 1.02916914E+00 1.02618602E+00 1.02317067E+00 1.02010265E+00 1.01697233E+00 1.01381788E+00 1.01073951E+00 1.00770070E+00 1.00418889E+00 1.00000000E+00
1.16829851E+00 1.16827896E+00 1.16825454E+00 1.16823781E+00 1.16822566E+00 1.16821875E+00 1.16821702E+00 1.16821989E+00 1.16822685E+00 1.16823715E+00 1.16825042E+00 1.16826607E+00 1.16828380E+00 1.16830318E+00 1.16832398E+00 1.16834593E+00 1.16836893E+00 1.16839279E+00 1.16841743E+00 1.16844284E+00 1.16846898E+00 1.16849578E+00 1.16852329E+00 1.16855155E+00 1.16858063E+00 1.16861062E+00 1.16864158E+00 1.16867361E+00 1.16870681E+00 1.16874123E+00 1.16877690E+00 1.16881394E+00 1.16885255E+00 1.16889281E+00 1.16893467E+00 1.16897826E+00 1.16902361E+00 1.16907081E+00 1.16911983E+00 1.16917067E+00 1.16922338E+00 1.16927768E+00 1.16933343E+00 1.16939038E+00 1.16944852E+00 1.16950750E+00 1.16956683E+00 1.16962608E+00 1.16968483E+00 1.16974216E+00 1.16979718E+00 1.16984855E+00 1.16989560E+00 1.16993714E+00 1.16997153E+00 1.16999602E+00 1.17000923E+00 1.17000812E+00 1.16999077E+00 1.16995356E+00 1.16989350E+00 1.16980552E+00 1.16968634E+00 1.16953039E+00 1.16933311E+00 1.16908624E+00 1.16878501E+00 1.16841994E+00 1.16798485E+00 1.16746877E+00 1.16686368E+00 1.16615651E+00 1.16533895E+00 1.16439581E+00 1.16331605E+00 1.16208062E+00 1.16067846E+00 1.15908847E+00 1.15729916E+00 1.15528926E+00 1.15303935E+00 1.15052133E+00 1.14772396E+00 1.14462023E+00 1.14118857E+00 1.13743202E+00 1.13330716E+00 1.12922624E+00 1.12479909E+00 1.12057280E+00 1.11605152E+00 1.11179610E+00 1.10728445E+00 1.10307397E+00 1.09864695E+00 1.09454360E+00 1.09027034E+00 1.08634345E+00 1.08226897E+00 1.07854017E+00 1.07469732E+00 1.07120415E+00 1.06761362E+00 1.06435671E+00 1.06102269E+00 1.05801069E+00 1.05494111E+00 1.05217802E+00 1.04936635E+00 1.04664224E+00 1.04387177E+00 1.04105703E+00 1.03820369E+00 1.03531184E+00 1.03237210E+00 1.02938707E+00 1.02636717E+00 1.02331722E+00 1.02021674E+00 1.01705682E+00 1.01387614E+00 1.01077464E+00 1.00771715E+00 1.00419353E+00 1.00000000E+00
1.17567476E+00 1.17564930E+00 1.17561286E+00 1.17558777E+00 1.17556881E+00 1.17555744E+00 1.17555366E+00 1.17555665E+00 1.17556559E+00 1.17557928E+00 1.17559715E+00 1.17561818E+00 1.17564191E+00 1.17566760E+00 1.17569487E+00 1.17572321E+00 1.17575243E+00 1.17578217E+00 1.17581227E+00 1.17584261E+00 1.17587312E+00 1.17590358E+00 1.17593405E+00 1.17596447E+00 1.17599489E+00 1.17602538E+00 1.17605593E+00 1.17608662E+00 1.17611752E+00 1.17614859E+00 1.17617982E+00 1.17621130E+00 1.17624317E+00 1.17627549E+00 1.17630811E+00 1.17634108E+00 1.17637439E+00 1.17640803E+00 1.17644190E+00 1.17647588E+00 1.17650993E+00 1.17654366E+00 1.17657677E+00 1.17660890E+00 1.17663996E+00 1.17666943E+00 1.17669667E+00 1.17672108E+00 1.17674211E+00 1.17675864E+00 1.17676962E+00 1.17677344E+00 1.17676934E+00 1.17675592E+00 1.17673136E+00 1.17669257E+00 1.17663809E+00 1.17656465E+00 1.17647021E+00 1.17635093E+00 1.17620361E+00 1.17602292E+00 1.17580545E+00 1.17554543E+00 1.17523825E+00 1.17487537E+00 1.17445201E+00 1.17395861E+00 1.17338898E+00 1.17273211E+00 1.17197992E+00 1.17111939E+00 1.17014239E+00 1.16903401E+00 1.16778309E+00 1.16637083E+00 1.16478640E+00 1.16300919E+00 1.16102835E+00 1.15882316E+00 1.15637401E+00 1.15365351E+00 1.15065154E+00 1.14734193E+00 1.14370329E+00 1.13974166E+00 1.13541288E+00 1.13114920E+00 1.12654092E+00 1.12215688E+00 1.11748125E+00 1.11309266E+00 1.10845056E+00 1.10412786E+00 1.09959193E+00 1.09539522E+00 1.09103166E+00 1.08702763E+00 1.08287853E+00 1.07908616E+00 1.07518250E+00 1.07163795E+00 1.06799781E+00 1.06469866E+00 1.06132404E+00 1.05827775E+00 1.05517570E+00 1.05238532E+00 1.04954754E+00 1.04679964E+00 1.04400643E+00 1.04117031E+00 1.03829722E+00 1.03538704E+00 1.03243012E+00 1.02942940E+00 1.02639565E+00 1.02333352E+00 1.02022249E+00 1.01705415E+00 1.01386744E+00 1.01076208E+00 1.00770374E+00 1.00418412E+00 1.00000000E+00
1.12761862E+00 1.12762182E+00 1.12762069E+00 1.12761781E+00 1.12761525E+00 1.12761442E+00 1.12761461E+00 1.12761498E+00 1.12761512E+00 1.12761493E+00 1.12761469E+00 1.12761463E+00 1.12761474E+00 1.12761498E+00 1.12761530E+00 1.12761568E+00 1.12761615E+00 1.12761673E+00 1.12761743E+00 1.12761825E+00 1.12761922E+00 1.12762033E+00 1.12762160E+00 1.12762306E+00 1.12762472E+00 1.12762659E+00 1.12762870E+00 1.12763107E+00 1.12763371E+00 1.12763666E+00 1.12763993E+00 1.12764354E+00 1.12764751E+00 1.12765186E+00 1.12765660E+00 1.12766174E+00 1.12766729E+00 1.12767325E+00 1.12767959E+00 1.12768630E+00 1.12769335E+00 1.12770066E+00 1.12770817E+00 1.12771577E+00 1.12772334E+00 1.12773069E+00 1.12773763E+00 1.12774385E+00 1.12774912E+00 1.12775294E+00 1.12775496E+00 1.12775449E+00 1.12775099E+00 1.12774357E+00 1.12773147E+00 1.12771338E+00 1.12768833E+00 1.12765457E+00 1.12761077E+00 1.12755460E+00 1.12748438E+00 1.12739700E+00 1.12729028E+00 1.12716032E+00 1.12700430E+00 1.12681713E+00 1.12659538E+00 1.12633270E+00 1.12602467E+00 1.12566357E+00 1.12524405E+00 1.12475657E+00 1.12419462E+00 1.12354684E+00 1.12280567E+00 1.12195724E+00 1.12099294E+00 1.11989628E+00 1.11865670E+00 1.11725690E+00 1.11568478E+00 1.11391835E+00 1.11194483E+00 1.10974153E+00 1.10729313E+00 1.10459765E+00 1.10161977E+00 1.09865490E+00 1.09542557E+00 1.09232954E+00 1.08899899E+00 1.08584834E+00 1.08249742E+00 1.07935826E+00 1.07604759E+00 1.07297109E+00 1.06975531E+00 1.06679046E+00 1.06370852E+00 1.06088314E+00 1.05796233E+00 1.05529938E+00 1.05255976E+00 1.05007216E+00 1.04752329E+00 1.04521747E+00 1.04286196E+00 1.04073706E+00 1.03857339E+00 1.03647586E+00 1.03434290E+00 1.03217385E+00 1.02996920E+00 1.02773075E+00 1.02545727E+00 1.02314821E+00 1.02080510E+00 1.01843437E+00 1.01603106E+00 1.01358244E+00 1.01109934E+00 1.00867830E+00 1.00634687E+00 1.00355696E+00 1.00000000E+00
1.13319745E+00 1.13321088E+00 1.13321734E+00 1.13321771E+00 1.13321510E+00 1.13321265E+00 1.13321078E+00 1.13320952E+00 1.13320818E+00 1.13320643E+00 1.13320448E+00 1.13320266E+00 1.13320111E+00 1.13319993E+00 1.13319903E+00 1.13319839E+00 1.13319799E+00 1.13319787E+00 1.13319802E+00 1.13319846E+00 1.13319919E+00 1.13320021E+00 1.13320153E+00 1.13320316E+00 1.13320513E+00 1.13320745E+00 1.13321014E+00 1.13321323E+00 1.13321675E+00 1.13322073E+00 1.13322520E+00 1.13323020E+00 1.13323576E+00 1.13324192E+00 1.13324870E+00 1.13325616E+00 1.13326430E+00 1.13327316E+00 1.13328275E+00 1.13329307E+00 1.13330414E+00 1.13331591E+00 1.13332835E+00 1.13334138E+00 1.13335493E+00 1.13336885E+00 1.13338298E+00 1.13339708E+00 1.13341092E+00 1.13342407E+00 1.13343621E+00 1.13344665E+00 1.13345490E+00 1.13346013E+00 1.13346159E+00 1.13345794E+00 1.13344824E+00 1.13343066E+00 1.13340390E+00 1.13336558E+00 1.13331396E+00 1.13324581E+00 1.13315888E+00 1.13304921E+00 1.13291376E+00 1.13274715E+00 1.13254581E+00 1.13230297E+00 1.13201398E+00 1.13167066E+00 1.13126730E+00 1.13079383E+00 1.13024331E+00 1.12960362E+00 1.12886670E+00 1.12801771E+00 1.12704741E+00 1.12593823E+00 1.12467907E+00 1.12325153E+00 1.12164220E+00 1.11982771E+00 1.11779463E+00 1.11551868E+00 1.11298312E+00 1.11018533E+00 1.10708828E+00 1.10399974E+00 1.10062982E+00 1.09739420E+00 1.09390987E+00 1.09061060E+00 1.08709765E+00 1.08380365E+00 1.08032659E+00 1.07709314E+00 1.07371144E+00 1.07059155E+00 1.06734613E+00 1.06436883E+00 1.06128971E+00 1.05848149E+00 1.05559046E+00 1.05296397E+00 1.05027124E+00 1.04783416E+00 1.04534411E+00 1.04309729E+00 1.04080839E+00 1.03858849E+00 1.03632984E+00 1.03403218E+00 1.03169665E+00 1.02932465E+00 1.02691397E+00 1.02446456E+00 1.02197891E+00 1.01946298E+00 1.01691054E+00 1.01431071E+00 1.01167647E+00 1.00910230E+00 1.00662003E+00 1.00368940E+00 1.00000000E+00
1.13821627E+00 1.13820861E+00 1.13819924E+00 1.13818864E+00 1.13817719E+00 1.13816569E+00 1.13815449E+00 1.13814398E+00 1.13813417E+00 1.13812514E+00 1.13811694E+00 1.13810962E+00 1.13810322E+00 1.13809775E+00 1.13809317E+00 1.13808947E+00 1.13808662E+00 1.13808459E+00 1.13808336E+00 1.13808289E+00 1.13808318E+00 1.13808418E+00 1.13808590E+00 1.13808831E+00 1.13809142E+00 1.13809523E+00 1.13809974E+00 1.13810497E+00 1.13811094E+00 1.13811765E+00 1.13812514E+00 1.13813342E+00 1.13814254E+00 1.13815251E+00 1.13816336E+00 1.13817512E+00 1.13818780E+00 1.13820143E+00 1.13821599E+00 1.13823149E+00 1.13824793E+00 1.13826521E+00 1.13828330E+00 1.13830206E+00 1.13832141E+00 1.13834115E+00 1.13836107E+00 1.13838086E+00 1.13840026E+00 1.13841872E+00 1.13843583E+00 1.13845078E+00 1.13846302E+00 1.13847158E+00 1.13847558E+00 1.13847344E+00 1.13846410E+00 1.13844549E+00 1.13841617E+00 1.13837349E+00 1.13831551E+00 1.13823868E+00 1.13814054E+00 1.13801677E+00 1.13786408E+00 1.13767664E+00 1.13745064E+00 1.13717886E+00 1.13685640E+00 1.13647462E+00 1.13602749E+00 1.13550448E+00 1.13489840E+00 1.13419676E+00 1.13339111E+00 1.13246614E+00 1.13141241E+00 1.13021201E+00 1.12885387E+00 1.12731931E+00 1.12559439E+00 1.12365553E+00 1.12148969E+00 1.11907252E+00 1.11638705E+00 1.11343226E+00 1.11017021E+00 1.10692577E+00 1.10339325E+00 1.10000866E+00 1.09637130E+00 1.09293365E+00 1.08927896E+00 1.08585728E+00 1.08225054E+00 1.07890108E+00 1.07540237E+00 1.07217814E+00 1.06882755E+00 1.06575680E+00 1.06258420E+00 1.05969346E+00 1.05671958E+00 1.05401983E+00 1.05125381E+00 1.04875212E+00 1.04619795E+00 1.04389478E+00 1.04154971E+00 1.03927654E+00 1.03696476E+00 1.03461442E+00 1.03222702E+00 1.02980375E+00 1.02734209E+00 1.02484240E+00 1.02230760E+00 1.01974349E+00 1.01714357E+00 1.01449786E+00 1.01181997E+00 1.00920368E+00 1.00668259E+00 1.00371852E+00 1.00000000E+00
1.14185741E+00 1.14184178E+00 1.14182631E+00 1.14181296E+00 1.14180119E+00 1.14179111E+00 1.14178270E+00 1.14177580E+00 1.14177030E+00 1.14176603E+00 1.14176289E+00 1.14176073E+00 1.14175947E+00 1.14175898E+00 1.14175921E+00 1.14176005E+00 1.14176147E+00 1.14176339E+00 1.14176580E+00 1.14176865E+00 1.14177194E+00 1.14177562E+00 1.14177971E+00 1.14178419E+00 1.14178907E+00 1.14179437E+00 1.14180008E+00 1.14180624E+00 1.14181287E+00 1.14181996E+00 1.14182754E+00 1.14183562E+00 1.14184424E+00 1.14185343E+00 1.14186315E+00 1.14187343E+00 1.14188427E+00 1.14189565E+00 1.14190755E+00 1.14191992E+00 1.14193272E+00 1.14194582E+00 1.14195911E+00 1.14197241E+00 1.14198559E+00 1.14199838E+00 1.14201051E+00 1.14202158E+00 1.14203127E+00 1.14203894E+00 1.14204406E+00 1.14204572E+00 1.14204329E+00 1.14203571E+00 1.14202198E+00 1.14200032E+00 1.14196963E+00 1.14192768E+00 1.14187292E+00 1.14180257E+00 1.14171455E+00 1.14160514E+00 1.14147176E+00 1.14130994E+00 1.14111628E+00 1.14088476E+00 1.14061149E+00 1.14028912E+00 1.13991267E+00 1.13947339E+00 1.13896513E+00 1.13837727E+00 1.13770265E+00 1.13692876E+00 1.13604704E+00 1.13504217E+00 1.13390475E+00 1.13261696E+00 1.13116797E+00 1.12953923E+00 1.12771662E+00 1.12567679E+00 1.12340719E+00 1.12088373E+00 1.11808949E+00 1.11502488E+00 1.11165146E+00 1.10830529E+00 1.10467001E+00 1.10119417E+00 1.09746578E+00 1.09394808E+00 1.09021348E+00 1.08672172E+00 1.08304555E+00 1.07963541E+00 1.07607690E+00 1.07280054E+00 1.06939849E+00 1.06628299E+00 1.06306660E+00 1.06013800E+00 1.05712680E+00 1.05439466E+00 1.05159681E+00 1.04906759E+00 1.04648664E+00 1.04416038E+00 1.04179266E+00 1.03949837E+00 1.03716585E+00 1.03479536E+00 1.03238858E+00 1.02994658E+00 1.02746662E+00 1.02494933E+00 1.02239787E+00 1.01981789E+00 1.01720279E+00 1.01454302E+00 1.01185250E+00 1.00922456E+00 1.00669367E+00 1.00372269E+00 1.00000000E+00
1.14472334E+00 1.14470659E+00 1.14468798E+00 1.14467228E+00 1.14465826E+00 1.14464633E+00 1.14463648E+00 1.14462851E+00 1.14462223E+00 1.14461735E+00 1.14461373E+00 1.14461111E+00 1.14460937E+00 1.14460831E+00 1.14460782E+00 1.14460777E+00 1.14460808E+00 1.14460865E+00 1.14460942E+00 1.14461035E+00 1.14461140E+00 1.14461251E+00 1.14461368E+00 1.14461488E+00 1.14461611E+00 1.14461737E+00 1.14461865E+00 1.14461996E+00 1.14462132E+00 1.14462271E+00 1.14462412E+00 1.14462555E+00 1.14462703E+00 1.14462857E+00 1.14463012E+00 1.14463167E+00 1.14463319E+00 1.14463465E+00 1.14463599E+00 1.14463713E+00 1.14463801E+00 1.14463844E+00 1.14463830E+00 1.14463733E+00 1.14463540E+00 1.14463219E+00 1.14462737E+00 1.14462050E+00 1.14461121E+00 1.14459881E+00 1.14458272E+00 1.14456194E+00 1.14453583E+00 1.14450326E+00 1.14446317E+00 1.14441370E+00 1.14435371E+00 1.14428091E+00 1.14419372E+00 1.14408930E+00 1.14396549E+00 1.14381853E+00 1.14364580E+00 1.14344276E+00 1.14320602E+00 1.14292947E+00 1.14260922E+00 1.14223793E+00 1.14181061E+00 1.14131852E+00 1.14075550E+00 1.14011096E+00 1.13937779E+00 1.13854362E+00 1.13759982E+00 1.13653121E+00 1.13532844E+00 1.13397388E+00 1.13245691E+00 1.13075916E+00 1.12886643E+00 1.12675564E+00 1.12441461E+00 1.12181952E+00 1.11895350E+00 1.11581797E+00 1.11237421E+00 1.10896516E+00 1.10526765E+00 1.10173771E+00 1.09795648E+00 1.09439324E+00 1.09061404E+00 1.08708393E+00 1.08337058E+00 1.07992854E+00 1.07633921E+00 1.07303653E+00 1.06960900E+00 1.06647177E+00 1.06323460E+00 1.06028843E+00 1.05726023E+00 1.05451363E+00 1.05170185E+00 1.04916086E+00 1.04656876E+00 1.04423313E+00 1.04185640E+00 1.03955392E+00 1.03721353E+00 1.03483562E+00 1.03242200E+00 1.02997364E+00 1.02748767E+00 1.02496486E+00 1.02240855E+00 1.01982427E+00 1.01720537E+00 1.01454256E+00 1.01184988E+00 1.00922042E+00 1.00668909E+00 1.00371945E+00 1.00000000E+00
1.14700067E+00 1.14698176E+00 1.14695819E+00 1.14693807E+00 1.14691946E+00 1.14690316E+00 1.14688926E+00 1.14687752E+00 1.14686767E+00 1.14685935E+00 1.14685236E+00 1.14684634E+00 1.14684112E+00 1.14683644E+00 1.14683215E+00 1.14682805E+00 1.14682405E+00 1.14682001E+00 1.14681583E+00 1.14681147E+00 1.14680686E+00 1.14680190E+00 1.14679661E+00 1.14679092E+00 1.14678484E+00 1.14677835E+00 1.14677144E+00 1.14676409E+00 1.14675633E+00 1.14674812E+00 1.14673943E+00 1.14673027E+00 1.14672065E+00 1.14671056E+00 1.14669994E+00 1.14668876E+00 1.14667700E+00 1.14666459E+00 1.14665146E+00 1.14663750E+00 1.14662266E+00 1.14660671E+00 1.14658949E+00 1.14657074E+00 1.14655032E+00 1.14652786E+00 1.14650302E+00 1.14647534E+00 1.14644441E+00 1.14640953E+00 1.14637008E+00 1.14632504E+00 1.14627374E+00 1.14621503E+00 1.14614784E+00 1.14607024E+00 1.14598109E+00 1.14587809E+00 1.14575966E+00 1.14562293E+00 1.14546572E+00 1.14528426E+00 1.14507590E+00 1.14483611E+00 1.14456152E+00 1.14424600E+00 1.14388569E+00 1.14347326E+00 1.14300378E+00 1.14246854E+00 1.14186138E+00 1.14117179E+00 1.14039274E+00 1.13951195E+00 1.13852082E+00 1.13740425E+00 1.13615300E+00 1.13474956E+00 1.13318352E+00 1.13143669E+00 1.12949478E+00 1.12733494E+00 1.12494529E+00 1.12230222E+00 1.11938888E+00 1.11620740E+00 1.11271891E+00 1.10927063E+00 1.10553497E+00 1.10197246E+00 1.09816011E+00 1.09457060E+00 1.09076613E+00 1.08721479E+00 1.08348131E+00 1.08002240E+00 1.07641716E+00 1.07310124E+00 1.06966121E+00 1.06651362E+00 1.06326690E+00 1.06031295E+00 1.05727742E+00 1.05452481E+00 1.05170746E+00 1.04916196E+00 1.04656586E+00 1.04422705E+00 1.04184744E+00 1.03954250E+00 1.03719990E+00 1.03482012E+00 1.03240508E+00 1.02995563E+00 1.02746883E+00 1.02494555E+00 1.02238925E+00 1.01980536E+00 1.01718722E+00 1.01452567E+00 1.01183487E+00 1.00920770E+00 1.00667934E+00 1.00371386E+00 1.00000000E+00
