1.12463551E+00 1.12463552E+00 1.12463554E+00 1.12463558E+00 1.12463564E+00 1.12463571E+00 1.12463581E+00 1.12463593E+00 1.12463607E+00 1.12463625E+00 1.12463647E+00 1.12463672E+00 1.12463702E+00 1.12463738E+00 1.12463779E+00 1.12463828E+00 1.12463885E+00 1.12463950E+00 1.12464026E+00 1.12464113E+00 1.12464213E+00 1.12464327E+00 1.12464457E+00 1.12464605E+00 1.12464772E+00 1.12464961E+00 1.12465173E+00 1.12465411E+00 1.12465676E+00 1.12465972E+00 1.12466299E+00 1.12466662E+00 1.12467060E+00 1.12467496E+00 1.12467971E+00 1.12468487E+00 1.12469043E+00 1.12469640E+00 1.12470275E+00 1.12470948E+00 1.12471653E+00 1.12472384E+00 1.12473135E+00 1.12473894E+00 1.12474649E+00 1.12475380E+00 1.12476069E+00 1.12476683E+00 1.12477198E+00 1.12477565E+00 1.12477749E+00 1.12477678E+00 1.12477297E+00 1.12476512E+00 1.12475251E+00 1.12473378E+00 1.12470795E+00 1.12467324E+00 1.12462830E+00 1.12457072E+00 1.12449884E+00 1.12440944E+00 1.12430029E+00 1.12416745E+00 1.12400804E+00 1.12381683E+00 1.12359041E+00 1.12332227E+00 1.12300791E+00 1.12263934E+00 1.12221113E+00 1.12171355E+00 1.12114020E+00 1.12047914E+00 1.11972283E+00 1.11885708E+00 1.11787335E+00 1.11675455E+00 1.11548952E+00 1.11406101E+00 1.11245733E+00 1.11065529E+00 1.10864147E+00 1.10639299E+00 1.10389482E+00 1.10114567E+00 1.09811024E+00 1.09508692E+00 1.09179652E+00 1.08864491E+00 1.08525576E+00 1.08204823E+00 1.07864027E+00 1.07545634E+00 1.07210483E+00 1.06898717E+00 1.06572992E+00 1.06273476E+00 1.05962789E+00 1.05678574E+00 1.05385447E+00 1.05118661E+00 1.04844862E+00 1.04596869E+00 1.04343671E+00 1.04115543E+00 1.03883175E+00 1.03674047E+00 1.03461900E+00 1.03257434E+00 1.03050725E+00 1.02841399E+00 1.02629748E+00 1.02416880E+00 1.02202567E+00 1.01986239E+00 1.01769809E+00 1.01556737E+00 1.01343251E+00 1.01125141E+00 1.00913613E+00 1.00732143E+00 1.00563901E+00 1.00329130E+00 1.00000000E+00
1.12477168E+00 1.12477168E+00 1.12477171E+00 1.12477174E+00 1.12477180E+00 1.12477188E+00 1.12477197E+00 1.12477209E+00 1.12477224E+00 1.12477242E+00 1.12477263E+00 1.12477289E+00 1.12477319E+00 1.12477355E+00 1.12477396E+00 1.12477445E+00 1.12477502E+00 1.12477567E+00 1.12477643E+00 1.12477730E+00 1.12477830E+00 1.12477945E+00 1.12478075E+00 1.12478223E+00 1.12478390E+00 1.12478579E+00 1.12478792E+00 1.12479030E+00 1.12479296E+00 1.12479592E+00 1.12479919E+00 1.12480282E+00 1.12480681E+00 1.12481117E+00 1.12481592E+00 1.12482108E+00 1.12482665E+00 1.12483261E+00 1.12483897E+00 1.12484569E+00 1.12485275E+00 1.12486005E+00 1.12486755E+00 1.12487514E+00 1.12488268E+00 1.12488998E+00 1.12489685E+00 1.12490298E+00 1.12490811E+00 1.12491175E+00 1.12491355E+00 1.12491280E+00 1.12490894E+00 1.12490103E+00 1.12488836E+00 1.12486955E+00 1.12484363E+00 1.12480881E+00 1.12476375E+00 1.12470604E+00 1.12463401E+00 1.12454443E+00 1.12443509E+00 1.12430203E+00 1.12414238E+00 1.12395091E+00 1.12372420E+00 1.12345574E+00 1.12314102E+00 1.12277206E+00 1.12234345E+00 1.12184543E+00 1.12127161E+00 1.12061004E+00 1.11985320E+00 1.11898688E+00 1.11800256E+00 1.11688315E+00 1.11561751E+00 1.11418837E+00 1.11258405E+00 1.11078136E+00 1.10876691E+00 1.10651786E+00 1.10401917E+00 1.10126947E+00 1.09823348E+00 1.09520981E+00 1.09191908E+00 1.08876706E+00 1.08537751E+00 1.08216992E+00 1.07876194E+00 1.07557760E+00 1.07222544E+00 1.06910745E+00 1.06584998E+00 1.06285449E+00 1.05974714E+00 1.05690436E+00 1.05397225E+00 1.05130352E+00 1.04856456E+00 1.04608365E+00 1.04355046E+00 1.04126782E+00 1.03894254E+00 1.03684979E+00 1.03472669E+00 1.03268008E+00 1.03061069E+00 1.02851497E+00 1.02639571E+00 1.02426366E+00 1.02211673E+00 1.01994958E+00 1.01778047E+00 1.01564255E+00 1.01349992E+00 1.01131266E+00 1.00918963E+00 1.00736081E+00 1.00565949E+00 1.00329710E+00 1.00000000E+00
1.12486322E+00 1.12486323E+00 1.12486325E+00 1.12486329E+00 1.12486334E+00 1.12486342E+00 1.12486352E+00 1.12486364E+00 1.12486378E+00 1.12486396E+00 1.12486418E+00 1.12486443E+00 1.12486474E+00 1.12486509E+00 1.12486551E+00 1.12486600E+00 1.12486657E+00 1.12486722E+00 1.12486798E+00 1.12486886E+00 1.12486986E+00 1.12487100E+00 1.12487230E+00 1.12487379E+00 1.12487546E+00 1.12487735E+00 1.12487948E+00 1.12488186E+00 1.12488452E+00 1.12488748E+00 1.12489076E+00 1.12489439E+00 1.12489838E+00 1.12490274E+00 1.12490749E+00 1.12491266E+00 1.12491823E+00 1.12492419E+00 1.12493055E+00 1.12493727E+00 1.12494432E+00 1.12495163E+00 1.12495913E+00 1.12496670E+00 1.12497424E+00 1.12498153E+00 1.12498839E+00 1.12499451E+00 1.12499962E+00 1.12500324E+00 1.12500502E+00 1.12500424E+00 1.12500035E+00 1.12499241E+00 1.12497968E+00 1.12496082E+00 1.12493485E+00 1.12489996E+00 1.12485482E+00 1.12479702E+00 1.12472488E+00 1.12463519E+00 1.12452572E+00 1.12439252E+00 1.12423271E+00 1.12404105E+00 1.12381415E+00 1.12354547E+00 1.12323051E+00 1.12286130E+00 1.12243241E+00 1.12193410E+00 1.12135995E+00 1.12069805E+00 1.11994085E+00 1.11907416E+00 1.11808945E+00 1.11696963E+00 1.11570357E+00 1.11427402E+00 1.11266927E+00 1.11086615E+00 1.10885128E+00 1.10660186E+00 1.10410281E+00 1.10135275E+00 1.09831640E+00 1.09529249E+00 1.09200153E+00 1.08884924E+00 1.08545945E+00 1.08225181E+00 1.07884380E+00 1.07565919E+00 1.07230660E+00 1.06918840E+00 1.06593078E+00 1.06293506E+00 1.05982738E+00 1.05698419E+00 1.05405151E+00 1.05138220E+00 1.04864258E+00 1.04616100E+00 1.04362701E+00 1.04134344E+00 1.03901710E+00 1.03692335E+00 1.03479915E+00 1.03275122E+00 1.03068028E+00 1.02858291E+00 1.02646179E+00 1.02432747E+00 1.02217798E+00 1.02000819E+00 1.01783582E+00 1.01569308E+00 1.01354529E+00 1.01135386E+00 1.00922551E+00 1.00738708E+00 1.00567307E+00 1.00330093E+00 1.00000000E+00
1.12533102E+00 1.12533103E+00 1.12533105E+00 1.12533109E+00 1.12533115E+00 1.12533122E+00 1.12533132E+00 1.12533144E+00 1.12533159E+00 1.12533177E+00 1.12533199E+00 1.12533225E+00 1.12533255E+00 1.12533291E+00 1.12533333E+00 1.12533382E+00 1.12533439E+00 1.12533505E+00 1.12533582E+00 1.12533670E+00 1.12533770E+00 1.12533885E+00 1.12534016E+00 1.12534165E+00 1.12534333E+00 1.12534523E+00 1.12534737E+00 1.12534976E+00 1.12535243E+00 1.12535540E+00 1.12535869E+00 1.12536232E+00 1.12536632E+00 1.12537069E+00 1.12537546E+00 1.12538062E+00 1.12538620E+00 1.12539217E+00 1.12539853E+00 1.12540525E+00 1.12541229E+00 1.12541959E+00 1.12542707E+00 1.12543463E+00 1.12544213E+00 1.12544938E+00 1.12545619E+00 1.12546224E+00 1.12546727E+00 1.12547079E+00 1.12547245E+00 1.12547153E+00 1.12546747E+00 1.12545934E+00 1.12544639E+00 1.12542726E+00 1.12540098E+00 1.12536573E+00 1.12532018E+00 1.12526193E+00 1.12518926E+00 1.12509899E+00 1.12498886E+00 1.12485493E+00 1.12469430E+00 1.12450174E+00 1.12427385E+00 1.12400406E+00 1.12368789E+00 1.12331738E+00 1.12288711E+00 1.12238731E+00 1.12181154E+00 1.12114793E+00 1.12038893E+00 1.11952035E+00 1.11853364E+00 1.11741177E+00 1.11614364E+00 1.11471201E+00 1.11310509E+00 1.11129981E+00 1.10928286E+00 1.10703154E+00 1.10453072E+00 1.10177887E+00 1.09874069E+00 1.09571560E+00 1.09242352E+00 1.08926994E+00 1.08587895E+00 1.08267105E+00 1.07926282E+00 1.07607683E+00 1.07272217E+00 1.06960295E+00 1.06634460E+00 1.06334769E+00 1.06023824E+00 1.05739286E+00 1.05445728E+00 1.05178503E+00 1.04904204E+00 1.04655703E+00 1.04401880E+00 1.04173049E+00 1.03939869E+00 1.03729985E+00 1.03516993E+00 1.03311523E+00 1.03103637E+00 1.02893048E+00 1.02679982E+00 1.02465386E+00 1.02249116E+00 1.02030756E+00 1.01811821E+00 1.01595128E+00 1.01377768E+00 1.01156450E+00 1.00940758E+00 1.00751870E+00 1.00574026E+00 1.00331994E+00 1.00000000E+00
1.12632643E+00 1.12632644E+00 1.12632646E+00 1.12632650E+00 1.12632656E+00 1.12632664E+00 1.12632674E+00 1.12632686E+00 1.12632702E+00 1.12632720E+00 1.12632742E+00 1.12632768E+00 1.12632799E+00 1.12632836E+00 1.12632878E+00 1.12632928E+00 1.12632986E+00 1.12633053E+00 1.12633130E+00 1.12633219E+00 1.12633321E+00 1.12633437E+00 1.12633570E+00 1.12633720E+00 1.12633890E+00 1.12634082E+00 1.12634297E+00 1.12634538E+00 1.12634807E+00 1.12635106E+00 1.12635437E+00 1.12635802E+00 1.12636204E+00 1.12636643E+00 1.12637121E+00 1.12637639E+00 1.12638198E+00 1.12638795E+00 1.12639431E+00 1.12640103E+00 1.12640806E+00 1.12641533E+00 1.12642278E+00 1.12643029E+00 1.12643773E+00 1.12644488E+00 1.12645158E+00 1.12645749E+00 1.12646236E+00 1.12646567E+00 1.12646708E+00 1.12646586E+00 1.12646144E+00 1.12645290E+00 1.12643946E+00 1.12641978E+00 1.12639285E+00 1.12635686E+00 1.12631046E+00 1.12625123E+00 1.12617747E+00 1.12608596E+00 1.12597446E+00 1.12583900E+00 1.12567666E+00 1.12548222E+00 1.12525223E+00 1.12498015E+00 1.12466146E+00 1.12428825E+00 1.12385509E+00 1.12335219E+00 1.12277305E+00 1.12210589E+00 1.12134316E+00 1.12047067E+00 1.11947983E+00 1.11835372E+00 1.11708133E+00 1.11564539E+00 1.11403401E+00 1.11222432E+00 1.11020317E+00 1.10794796E+00 1.10544343E+00 1.10268795E+00 1.09964614E+00 1.09661861E+00 1.09332410E+00 1.09016806E+00 1.08677486E+00 1.08356618E+00 1.08015698E+00 1.07696811E+00 1.07360951E+00 1.07048833E+00 1.06722830E+00 1.06422844E+00 1.06111483E+00 1.05826458E+00 1.05532283E+00 1.05264435E+00 1.04989408E+00 1.04740145E+00 1.04485386E+00 1.04255535E+00 1.04021192E+00 1.03810199E+00 1.03595957E+00 1.03389031E+00 1.03179449E+00 1.02967014E+00 1.02751878E+00 1.02534781E+00 1.02315660E+00 1.02094244E+00 1.01871611E+00 1.01649942E+00 1.01427286E+00 1.01201069E+00 1.00978670E+00 1.00778500E+00 1.00587373E+00 1.00336008E+00 1.00000000E+00
1.12741867E+00 1.12741868E+00 1.12741870E+00 1.12741874E+00 1.12741880E+00 1.12741888E+00 1.12741898E+00 1.12741911E+00 1.12741927E+00 1.12741945E+00 1.12741968E+00 1.12741995E+00 1.12742026E+00 1.12742063E+00 1.12742107E+00 1.12742157E+00 1.12742216E+00 1.12742284E+00 1.12742362E+00 1.12742452E+00 1.12742555E+00 1.12742673E+00 1.12742807E+00 1.12742959E+00 1.12743130E+00 1.12743324E+00 1.12743541E+00 1.12743784E+00 1.12744055E+00 1.12744356E+00 1.12744689E+00 1.12745057E+00 1.12745460E+00 1.12745901E+00 1.12746381E+00 1.12746901E+00 1.12747461E+00 1.12748059E+00 1.12748695E+00 1.12749366E+00 1.12750068E+00 1.12750793E+00 1.12751534E+00 1.12752279E+00 1.12753016E+00 1.12753722E+00 1.12754380E+00 1.12754956E+00 1.12755423E+00 1.12755733E+00 1.12755847E+00 1.12755692E+00 1.12755212E+00 1.12754313E+00 1.12752917E+00 1.12750888E+00 1.12748125E+00 1.12744446E+00 1.12739714E+00 1.12733687E+00 1.12726193E+00 1.12716910E+00 1.12705612E+00 1.12691901E+00 1.12675484E+00 1.12655838E+00 1.12632615E+00 1.12605160E+00 1.12573024E+00 1.12535415E+00 1.12491789E+00 1.12441167E+00 1.12382894E+00 1.12315802E+00 1.12239130E+00 1.12151465E+00 1.12051942E+00 1.11938879E+00 1.11811189E+00 1.11667140E+00 1.11505528E+00 1.11324094E+00 1.11121539E+00 1.10895599E+00 1.10644742E+00 1.10368807E+00 1.10064245E+00 1.09761224E+00 1.09431496E+00 1.09115637E+00 1.08776087E+00 1.08455085E+00 1.08113993E+00 1.07794798E+00 1.07458544E+00 1.07146204E+00 1.06819961E+00 1.06519589E+00 1.06207716E+00 1.05922131E+00 1.05627263E+00 1.05358714E+00 1.05082847E+00 1.04832703E+00 1.04576868E+00 1.04345873E+00 1.04110241E+00 1.03897996E+00 1.03682329E+00 1.03473777E+00 1.03262313E+00 1.03047807E+00 1.02830346E+00 1.02610475E+00 1.02388187E+00 1.02163314E+00 1.01936553E+00 1.01709549E+00 1.01481128E+00 1.01249158E+00 1.01018765E+00 1.00805646E+00 1.00600881E+00 1.00340765E+00 1.00000000E+00
1.12861958E+00 1.12861959E+00 1.12861962E+00 1.12861966E+00 1.12861972E+00 1.12861980E+00 1.12861990E+00 1.12862003E+00 1.12862019E+00 1.12862038E+00 1.12862061E+00 1.12862088E+00 1.12862121E+00 1.12862158E+00 1.12862202E+00 1.12862254E+00 1.12862314E+00 1.12862383E+00 1.12862462E+00 1.12862554E+00 1.12862658E+00 1.12862777E+00 1.12862913E+00 1.12863066E+00 1.12863240E+00 1.12863435E+00 1.12863654E+00 1.12863900E+00 1.12864173E+00 1.12864476E+00 1.12864812E+00 1.12865182E+00 1.12865587E+00 1.12866031E+00 1.12866512E+00 1.12867034E+00 1.12867595E+00 1.12868194E+00 1.12868830E+00 1.12869501E+00 1.12870201E+00 1.12870923E+00 1.12871660E+00 1.12872399E+00 1.12873128E+00 1.12873823E+00 1.12874468E+00 1.12875028E+00 1.12875476E+00 1.12875761E+00 1.12875845E+00 1.12875655E+00 1.12875134E+00 1.12874186E+00 1.12872735E+00 1.12870640E+00 1.12867801E+00 1.12864035E+00 1.12859204E+00 1.12853065E+00 1.12845444E+00 1.12836018E+00 1.12824562E+00 1.12810674E+00 1.12794059E+00 1.12774195E+00 1.12750732E+00 1.12723013E+00 1.12690591E+00 1.12652674E+00 1.12608714E+00 1.12557736E+00 1.12499079E+00 1.12431587E+00 1.12354489E+00 1.12266380E+00 1.12166386E+00 1.12052839E+00 1.11924672E+00 1.11780138E+00 1.11618018E+00 1.11436091E+00 1.11233068E+00 1.11006674E+00 1.10755371E+00 1.10479019E+00 1.10174049E+00 1.09870734E+00 1.09540681E+00 1.09224541E+00 1.08884731E+00 1.08563535E+00 1.08222195E+00 1.07902665E+00 1.07565989E+00 1.07253370E+00 1.06926788E+00 1.06625927E+00 1.06313439E+00 1.06027202E+00 1.05731540E+00 1.05462182E+00 1.05185330E+00 1.04934164E+00 1.04677089E+00 1.04444795E+00 1.04207714E+00 1.03994038E+00 1.03776735E+00 1.03566353E+00 1.03352777E+00 1.03135927E+00 1.02915842E+00 1.02692866E+00 1.02467022E+00 1.02238216E+00 1.02006801E+00 1.01773881E+00 1.01538935E+00 1.01300323E+00 1.01060795E+00 1.00832853E+00 1.00614365E+00 1.00346664E+00 1.00000000E+00
1.12925994E+00 1.12925995E+00 1.12925997E+00 1.12926002E+00 1.12926008E+00 1.12926016E+00 1.12926027E+00 1.12926040E+00 1.12926056E+00 1.12926075E+00 1.12926098E+00 1.12926126E+00 1.12926158E+00 1.12926196E+00 1.12926241E+00 1.12926293E+00 1.12926353E+00 1.12926423E+00 1.12926503E+00 1.12926595E+00 1.12926700E+00 1.12926820E+00 1.12926956E+00 1.12927111E+00 1.12927285E+00 1.12927482E+00 1.12927702E+00 1.12927948E+00 1.12928223E+00 1.12928527E+00 1.12928864E+00 1.12929235E+00 1.12929642E+00 1.12930086E+00 1.12930569E+00 1.12931091E+00 1.12931653E+00 1.12932253E+00 1.12932889E+00 1.12933559E+00 1.12934258E+00 1.12934979E+00 1.12935714E+00 1.12936450E+00 1.12937174E+00 1.12937864E+00 1.12938502E+00 1.12939053E+00 1.12939490E+00 1.12939762E+00 1.12939831E+00 1.12939622E+00 1.12939080E+00 1.12938107E+00 1.12936625E+00 1.12934496E+00 1.12931618E+00 1.12927805E+00 1.12922922E+00 1.12916724E+00 1.12909036E+00 1.12899536E+00 1.12887997E+00 1.12874015E+00 1.12857296E+00 1.12837319E+00 1.12813729E+00 1.12785873E+00 1.12753302E+00 1.12715223E+00 1.12671089E+00 1.12619925E+00 1.12561068E+00 1.12493367E+00 1.12416047E+00 1.12327706E+00 1.12227468E+00 1.12113670E+00 1.11985255E+00 1.11840471E+00 1.11678086E+00 1.11495903E+00 1.11292639E+00 1.11066007E+00 1.10814470E+00 1.10537902E+00 1.10232719E+00 1.09929250E+00 1.09599019E+00 1.09282729E+00 1.08942780E+00 1.08621467E+00 1.08279979E+00 1.07960271E+00 1.07623369E+00 1.07310585E+00 1.06983795E+00 1.06682650E+00 1.06369817E+00 1.06083217E+00 1.05787113E+00 1.05517303E+00 1.05239899E+00 1.04988164E+00 1.04730402E+00 1.04497391E+00 1.04259516E+00 1.04045049E+00 1.03826838E+00 1.03615454E+00 1.03400722E+00 1.03182581E+00 1.02961054E+00 1.02736379E+00 1.02508579E+00 1.02277595E+00 1.02043622E+00 1.01807468E+00 1.01568902E+00 1.01326667E+00 1.01082238E+00 1.00846086E+00 1.00620851E+00 1.00350160E+00 1.00000000E+00
1.12941453E+00 1.12941454E+00 1.12941456E+00 1.12941461E+00 1.12941467E+00 1.12941475E+00 1.12941485E+00 1.12941498E+00 1.12941514E+00 1.12941534E+00 1.12941557E+00 1.12941584E+00 1.12941617E+00 1.12941655E+00 1.12941700E+00 1.12941752E+00 1.12941813E+00 1.12941883E+00 1.12941964E+00 1.12942057E+00 1.12942163E+00 1.12942285E+00 1.12942423E+00 1.12942580E+00 1.12942758E+00 1.12942958E+00 1.12943183E+00 1.12943435E+00 1.12943716E+00 1.12944029E+00 1.12944375E+00 1.12944757E+00 1.12945178E+00 1.12945637E+00 1.12946137E+00 1.12946680E+00 1.12947266E+00 1.12947893E+00 1.12948560E+00 1.12949266E+00 1.12950006E+00 1.12950772E+00 1.12951558E+00 1.12952353E+00 1.12953143E+00 1.12953907E+00 1.12954626E+00 1.12955267E+00 1.12955803E+00 1.12956184E+00 1.12956374E+00 1.12956299E+00 1.12955900E+00 1.12955080E+00 1.12953763E+00 1.12951810E+00 1.12949121E+00 1.12945508E+00 1.12940834E+00 1.12934850E+00 1.12927384E+00 1.12918100E+00 1.12906768E+00 1.12892983E+00 1.12876452E+00 1.12856629E+00 1.12833173E+00 1.12805408E+00 1.12772867E+00 1.12734718E+00 1.12690408E+00 1.12638942E+00 1.12579672E+00 1.12511342E+00 1.12433189E+00 1.12343760E+00 1.12242196E+00 1.12126702E+00 1.11996108E+00 1.11848687E+00 1.11683271E+00 1.11497419E+00 1.11289722E+00 1.11057843E+00 1.10800302E+00 1.10517006E+00 1.10204282E+00 1.09892717E+00 1.09553796E+00 1.09229340E+00 1.08880381E+00 1.08549860E+00 1.08198886E+00 1.07871678E+00 1.07527352E+00 1.07206374E+00 1.06870955E+00 1.06562962E+00 1.06243689E+00 1.05951679E+00 1.05650635E+00 1.05376729E+00 1.05095684E+00 1.04841153E+00 1.04581369E+00 1.04347256E+00 1.04108791E+00 1.03894355E+00 1.03676907E+00 1.03467514E+00 1.03255602E+00 1.03040487E+00 1.02823189E+00 1.02605261E+00 1.02385116E+00 1.02162270E+00 1.01940028E+00 1.01720273E+00 1.01494695E+00 1.01261756E+00 1.01039626E+00 1.00845963E+00 1.00652966E+00 1.00379196E+00 1.00000000E+00
1.12940320E+00 1.12940321E+00 1.12940323E+00 1.12940328E+00 1.12940334E+00 1.12940342E+00 1.12940352E+00 1.12940365E+00 1.12940381E+00 1.12940401E+00 1.12940424E+00 1.12940451E+00 1.12940484E+00 1.12940522E+00 1.12940567E+00 1.12940619E+00 1.12940680E+00 1.12940750E+00 1.12940831E+00 1.12940924E+00 1.12941030E+00 1.12941152E+00 1.12941290E+00 1.12941447E+00 1.12941625E+00 1.12941825E+00 1.12942050E+00 1.12942302E+00 1.12942583E+00 1.12942895E+00 1.12943241E+00 1.12943623E+00 1.12944043E+00 1.12944502E+00 1.12945002E+00 1.12945544E+00 1.12946130E+00 1.12946756E+00 1.12947422E+00 1.12948127E+00 1.12948866E+00 1.12949631E+00 1.12950415E+00 1.12951208E+00 1.12951997E+00 1.12952758E+00 1.12953475E+00 1.12954114E+00 1.12954647E+00 1.12955025E+00 1.12955212E+00 1.12955133E+00 1.12954729E+00 1.12953904E+00 1.12952582E+00 1.12950623E+00 1.12947928E+00 1.12944309E+00 1.12939628E+00 1.12933637E+00 1.12926163E+00 1.12916871E+00 1.12905530E+00 1.12891737E+00 1.12875197E+00 1.12855367E+00 1.12831902E+00 1.12804130E+00 1.12771581E+00 1.12733428E+00 1.12689115E+00 1.12637650E+00 1.12578382E+00 1.12510058E+00 1.12431916E+00 1.12342504E+00 1.12240962E+00 1.12125499E+00 1.11994947E+00 1.11847580E+00 1.11682228E+00 1.11496451E+00 1.11288850E+00 1.11057095E+00 1.10799702E+00 1.10516563E+00 1.10204014E+00 1.09892655E+00 1.09553958E+00 1.09229688E+00 1.08880939E+00 1.08550688E+00 1.08200007E+00 1.07872981E+00 1.07528806E+00 1.07208032E+00 1.06872865E+00 1.06565088E+00 1.06246018E+00 1.05954169E+00 1.05653262E+00 1.05379472E+00 1.05098541E+00 1.04844107E+00 1.04584402E+00 1.04350336E+00 1.04111902E+00 1.03897494E+00 1.03680062E+00 1.03470637E+00 1.03258660E+00 1.03043498E+00 1.02826139E+00 1.02608075E+00 1.02387742E+00 1.02164695E+00 1.01942155E+00 1.01721947E+00 1.01496009E+00 1.01262976E+00 1.01040509E+00 1.00845828E+00 1.00651526E+00 1.00377635E+00 1.00000000E+00
1.12939506E+00 1.12939507E+00 1.12939509E+00 1.12939513E+00 1.12939519E+00 1.12939528E+00 1.12939538E+00 1.12939551E+00 1.12939567E+00 1.12939586E+00 1.12939610E+00 1.12939637E+00 1.12939670E+00 1.12939708E+00 1.12939753E+00 1.12939805E+00 1.12939865E+00 1.12939935E+00 1.12940016E+00 1.12940109E+00 1.12940216E+00 1.12940337E+00 1.12940476E+00 1.12940633E+00 1.12940810E+00 1.12941010E+00 1.12941235E+00 1.12941487E+00 1.12941768E+00 1.12942080E+00 1.12942426E+00 1.12942808E+00 1.12943227E+00 1.12943686E+00 1.12944186E+00 1.12944728E+00 1.12945312E+00 1.12945938E+00 1.12946604E+00 1.12947309E+00 1.12948047E+00 1.12948811E+00 1.12949594E+00 1.12950386E+00 1.12951173E+00 1.12951933E+00 1.12952649E+00 1.12953286E+00 1.12953817E+00 1.12954193E+00 1.12954377E+00 1.12954295E+00 1.12953889E+00 1.12953060E+00 1.12951735E+00 1.12949773E+00 1.12947074E+00 1.12943450E+00 1.12938765E+00 1.12932769E+00 1.12925289E+00 1.12915992E+00 1.12904646E+00 1.12890848E+00 1.12874302E+00 1.12854467E+00 1.12830998E+00 1.12803220E+00 1.12770667E+00 1.12732510E+00 1.12688197E+00 1.12636733E+00 1.12577467E+00 1.12509148E+00 1.12431014E+00 1.12341614E+00 1.12240089E+00 1.12124648E+00 1.11994126E+00 1.11846796E+00 1.11681488E+00 1.11495765E+00 1.11288230E+00 1.11056560E+00 1.10799267E+00 1.10516238E+00 1.10203809E+00 1.09892590E+00 1.09554046E+00 1.09229905E+00 1.08881302E+00 1.08551233E+00 1.08200749E+00 1.07873847E+00 1.07529777E+00 1.07209144E+00 1.06874149E+00 1.06566517E+00 1.06247584E+00 1.05955842E+00 1.05655030E+00 1.05381319E+00 1.05100466E+00 1.04846097E+00 1.04586446E+00 1.04352412E+00 1.04114000E+00 1.03899612E+00 1.03682189E+00 1.03472742E+00 1.03260724E+00 1.03045529E+00 1.02828127E+00 1.02609968E+00 1.02389507E+00 1.02166324E+00 1.01943584E+00 1.01723078E+00 1.01496905E+00 1.01263801E+00 1.01041087E+00 1.00845712E+00 1.00650543E+00 1.00376586E+00 1.00000000E+00
1.12935084E+00 1.12935085E+00 1.12935087E+00 1.12935091E+00 1.12935097E+00 1.12935105E+00 1.12935116E+00 1.12935129E+00 1.12935145E+00 1.12935164E+00 1.12935187E+00 1.12935215E+00 1.12935247E+00 1.12935286E+00 1.12935330E+00 1.12935383E+00 1.12935443E+00 1.12935513E+00 1.12935594E+00 1.12935687E+00 1.12935793E+00 1.12935915E+00 1.12936053E+00 1.12936210E+00 1.12936387E+00 1.12936587E+00 1.12936811E+00 1.12937063E+00 1.12937343E+00 1.12937654E+00 1.12937999E+00 1.12938380E+00 1.12938798E+00 1.12939256E+00 1.12939754E+00 1.12940294E+00 1.12940876E+00 1.12941500E+00 1.12942163E+00 1.12942864E+00 1.12943598E+00 1.12944357E+00 1.12945136E+00 1.12945922E+00 1.12946703E+00 1.12947456E+00 1.12948164E+00 1.12948792E+00 1.12949313E+00 1.12949678E+00 1.12949851E+00 1.12949755E+00 1.12949334E+00 1.12948490E+00 1.12947148E+00 1.12945167E+00 1.12942448E+00 1.12938803E+00 1.12934095E+00 1.12928075E+00 1.12920570E+00 1.12911246E+00 1.12899875E+00 1.12886052E+00 1.12869481E+00 1.12849622E+00 1.12826131E+00 1.12798331E+00 1.12765759E+00 1.12727593E+00 1.12683281E+00 1.12631828E+00 1.12572578E+00 1.12504292E+00 1.12426211E+00 1.12336884E+00 1.12235451E+00 1.12120136E+00 1.11989779E+00 1.11842657E+00 1.11677589E+00 1.11492157E+00 1.11284984E+00 1.11053770E+00 1.10797010E+00 1.10514562E+00 1.10202781E+00 1.09892293E+00 1.09554545E+00 1.09231105E+00 1.08883293E+00 1.08554157E+00 1.08204659E+00 1.07878410E+00 1.07534924E+00 1.07215054E+00 1.06880954E+00 1.06574062E+00 1.06255816E+00 1.05964628E+00 1.05664307E+00 1.05391016E+00 1.05110571E+00 1.04856539E+00 1.04597156E+00 1.04363289E+00 1.04124996E+00 1.03910701E+00 1.03693318E+00 1.03483756E+00 1.03271525E+00 1.03056156E+00 1.02838507E+00 1.02619833E+00 1.02398697E+00 1.02174814E+00 1.01951061E+00 1.01729087E+00 1.01501768E+00 1.01268190E+00 1.01044001E+00 1.00844962E+00 1.00645515E+00 1.00371360E+00 1.00000000E+00
1.12928329E+00 1.12928330E+00 1.12928332E+00 1.12928336E+00 1.12928343E+00 1.12928351E+00 1.12928361E+00 1.12928374E+00 1.12928390E+00 1.12928410E+00 1.12928433E+00 1.12928460E+00 1.12928493E+00 1.12928531E+00 1.12928576E+00 1.12928628E+00 1.12928688E+00 1.12928758E+00 1.12928839E+00 1.12928932E+00 1.12929038E+00 1.12929159E+00 1.12929297E+00 1.12929453E+00 1.12929630E+00 1.12929829E+00 1.12930052E+00 1.12930302E+00 1.12930581E+00 1.12930891E+00 1.12931234E+00 1.12931613E+00 1.12932029E+00 1.12932483E+00 1.12932978E+00 1.12933514E+00 1.12934091E+00 1.12934709E+00 1.12935366E+00 1.12936060E+00 1.12936785E+00 1.12937536E+00 1.12938304E+00 1.12939078E+00 1.12939846E+00 1.12940584E+00 1.12941274E+00 1.12941883E+00 1.12942384E+00 1.12942727E+00 1.12942873E+00 1.12942750E+00 1.12942298E+00 1.12941421E+00 1.12940044E+00 1.12938025E+00 1.12935265E+00 1.12931576E+00 1.12926821E+00 1.12920752E+00 1.12913196E+00 1.12903822E+00 1.12892401E+00 1.12878529E+00 1.12861910E+00 1.12842008E+00 1.12818476E+00 1.12790641E+00 1.12758043E+00 1.12719871E+00 1.12675575E+00 1.12624159E+00 1.12564963E+00 1.12496771E+00 1.12418826E+00 1.12329681E+00 1.12228475E+00 1.12113459E+00 1.11983494E+00 1.11836851E+00 1.11672341E+00 1.11487588E+00 1.11281249E+00 1.11051050E+00 1.10795464E+00 1.10514319E+00 1.10203994E+00 1.09895099E+00 1.09559085E+00 1.09237248E+00 1.08891232E+00 1.08564026E+00 1.08216518E+00 1.07891723E+00 1.07549653E+00 1.07231488E+00 1.06899274E+00 1.06593879E+00 1.06277013E+00 1.05986976E+00 1.05687712E+00 1.05415323E+00 1.05135723E+00 1.04882358E+00 1.04623490E+00 1.04389944E+00 1.04151875E+00 1.03937705E+00 1.03720307E+00 1.03510445E+00 1.03297724E+00 1.03081877E+00 1.02863539E+00 1.02643628E+00 1.02421008E+00 1.02195615E+00 1.01969675E+00 1.01744652E+00 1.01514902E+00 1.01279714E+00 1.01051421E+00 1.00844110E+00 1.00636352E+00 1.00362047E+00 1.00000000E+00
1.12931833E+00 1.12931834E+00 1.12931836E+00 1.12931840E+00 1.12931846E+00 1.12931855E+00 1.12931865E+00 1.12931878E+00 1.12931894E+00 1.12931914E+00 1.12931937E+00 1.12931964E+00 1.12931997E+00 1.12932035E+00 1.12932080E+00 1.12932132E+00 1.12932192E+00 1.12932262E+00 1.12932343E+00 1.12932435E+00 1.12932541E+00 1.12932662E+00 1.12932800E+00 1.12932956E+00 1.12933132E+00 1.12933330E+00 1.12933553E+00 1.12933802E+00 1.12934079E+00 1.12934388E+00 1.12934729E+00 1.12935105E+00 1.12935518E+00 1.12935970E+00 1.12936461E+00 1.12936993E+00 1.12937565E+00 1.12938177E+00 1.12938827E+00 1.12939513E+00 1.12940230E+00 1.12940971E+00 1.12941728E+00 1.12942489E+00 1.12943242E+00 1.12943963E+00 1.12944635E+00 1.12945224E+00 1.12945703E+00 1.12946020E+00 1.12946138E+00 1.12945983E+00 1.12945498E+00 1.12944585E+00 1.12943169E+00 1.12941107E+00 1.12938301E+00 1.12934563E+00 1.12929756E+00 1.12923633E+00 1.12916020E+00 1.12906589E+00 1.12895112E+00 1.12881185E+00 1.12864512E+00 1.12844560E+00 1.12820981E+00 1.12793106E+00 1.12760481E+00 1.12722300E+00 1.12678016E+00 1.12626636E+00 1.12567498E+00 1.12499409E+00 1.12421610E+00 1.12332662E+00 1.12231702E+00 1.12117010E+00 1.11987471E+00 1.11841352E+00 1.11677449E+00 1.11493443E+00 1.11288019E+00 1.11058907E+00 1.10804567E+00 1.10524829E+00 1.10216088E+00 1.09908900E+00 1.09574726E+00 1.09254642E+00 1.08910565E+00 1.08585310E+00 1.08239792E+00 1.07916592E+00 1.07576135E+00 1.07259765E+00 1.06929420E+00 1.06625469E+00 1.06309946E+00 1.06021052E+00 1.05722841E+00 1.05451328E+00 1.05172496E+00 1.04919703E+00 1.04661229E+00 1.04427885E+00 1.04189908E+00 1.03975688E+00 1.03758064E+00 1.03547710E+00 1.03334306E+00 1.03117718E+00 1.02898366E+00 1.02676889E+00 1.02452508E+00 1.02225262E+00 1.01996657E+00 1.01767979E+00 1.01535178E+00 1.01297402E+00 1.01063505E+00 1.00846315E+00 1.00630370E+00 1.00355727E+00 1.00000000E+00
1.12952432E+00 1.12952433E+00 1.12952435E+00 1.12952439E+00 1.12952446E+00 1.12952454E+00 1.12952464E+00 1.12952478E+00 1.12952494E+00 1.12952513E+00 1.12952536E+00 1.12952564E+00 1.12952597E+00 1.12952635E+00 1.12952680E+00 1.12952732E+00 1.12952792E+00 1.12952863E+00 1.12952943E+00 1.12953036E+00 1.12953142E+00 1.12953262E+00 1.12953400E+00 1.12953555E+00 1.12953731E+00 1.12953929E+00 1.12954151E+00 1.12954399E+00 1.12954675E+00 1.12954983E+00 1.12955322E+00 1.12955696E+00 1.12956107E+00 1.12956555E+00 1.12957043E+00 1.12957570E+00 1.12958137E+00 1.12958743E+00 1.12959387E+00 1.12960065E+00 1.12960772E+00 1.12961503E+00 1.12962248E+00 1.12962995E+00 1.12963732E+00 1.12964436E+00 1.12965088E+00 1.12965654E+00 1.12966108E+00 1.12966397E+00 1.12966484E+00 1.12966295E+00 1.12965771E+00 1.12964818E+00 1.12963356E+00 1.12961246E+00 1.12958387E+00 1.12954592E+00 1.12949724E+00 1.12943538E+00 1.12935858E+00 1.12926359E+00 1.12914814E+00 1.12900818E+00 1.12884076E+00 1.12864060E+00 1.12840418E+00 1.12812489E+00 1.12779820E+00 1.12741616E+00 1.12697325E+00 1.12645965E+00 1.12586871E+00 1.12518874E+00 1.12441207E+00 1.12352447E+00 1.12251724E+00 1.12137351E+00 1.12008244E+00 1.11862659E+00 1.11699373E+00 1.11516138E+00 1.11311657E+00 1.11083653E+00 1.10830581E+00 1.10552295E+00 1.10245201E+00 1.09939772E+00 1.09607471E+00 1.09289194E+00 1.08947100E+00 1.08623769E+00 1.08280208E+00 1.07958660E+00 1.07619874E+00 1.07305259E+00 1.06976661E+00 1.06674038E+00 1.06359755E+00 1.06071904E+00 1.05774623E+00 1.05503840E+00 1.05225577E+00 1.04973157E+00 1.04714844E+00 1.04481466E+00 1.04243316E+00 1.04028759E+00 1.03810586E+00 1.03599424E+00 1.03385003E+00 1.03167261E+00 1.02946410E+00 1.02722834E+00 1.02496136E+00 1.02266358E+00 1.02034257E+00 1.01800849E+00 1.01563931E+00 1.01322507E+00 1.01081460E+00 1.00852018E+00 1.00627888E+00 1.00353074E+00 1.00000000E+00
1.12970102E+00 1.12970102E+00 1.12970105E+00 1.12970109E+00 1.12970116E+00 1.12970124E+00 1.12970134E+00 1.12970148E+00 1.12970164E+00 1.12970183E+00 1.12970207E+00 1.12970234E+00 1.12970267E+00 1.12970305E+00 1.12970350E+00 1.12970403E+00 1.12970463E+00 1.12970533E+00 1.12970614E+00 1.12970707E+00 1.12970812E+00 1.12970933E+00 1.12971071E+00 1.12971226E+00 1.12971402E+00 1.12971599E+00 1.12971821E+00 1.12972069E+00 1.12972345E+00 1.12972651E+00 1.12972990E+00 1.12973363E+00 1.12973773E+00 1.12974220E+00 1.12974705E+00 1.12975230E+00 1.12975795E+00 1.12976398E+00 1.12977038E+00 1.12977712E+00 1.12978415E+00 1.12979140E+00 1.12979879E+00 1.12980619E+00 1.12981347E+00 1.12982042E+00 1.12982683E+00 1.12983238E+00 1.12983678E+00 1.12983952E+00 1.12984022E+00 1.12983814E+00 1.12983270E+00 1.12982294E+00 1.12980808E+00 1.12978671E+00 1.12975782E+00 1.12971956E+00 1.12967054E+00 1.12960833E+00 1.12953116E+00 1.12943579E+00 1.12931995E+00 1.12917960E+00 1.12901177E+00 1.12881123E+00 1.12857443E+00 1.12829481E+00 1.12796786E+00 1.12758563E+00 1.12714262E+00 1.12662906E+00 1.12603829E+00 1.12535873E+00 1.12458266E+00 1.12369597E+00 1.12268991E+00 1.12154775E+00 1.12025886E+00 1.11880570E+00 1.11717597E+00 1.11534753E+00 1.11330752E+00 1.11103308E+00 1.10850878E+00 1.10573333E+00 1.10267080E+00 1.09962545E+00 1.09631183E+00 1.09313818E+00 1.08972722E+00 1.08650339E+00 1.08307738E+00 1.07987020E+00 1.07649063E+00 1.07335288E+00 1.07007500E+00 1.06705483E+00 1.06391764E+00 1.06104370E+00 1.05807475E+00 1.05536972E+00 1.05258884E+00 1.05006545E+00 1.04748191E+00 1.04514668E+00 1.04276291E+00 1.04061416E+00 1.03842806E+00 1.03631071E+00 1.03415958E+00 1.03197419E+00 1.02975563E+00 1.02750650E+00 1.02522483E+00 1.02291076E+00 1.02056825E+00 1.01820522E+00 1.01581028E+00 1.01337400E+00 1.01092258E+00 1.00855521E+00 1.00627431E+00 1.00353131E+00 1.00000000E+00
1.13793463E+00 1.13793464E+00 1.13793467E+00 1.13793472E+00 1.13793479E+00 1.13793488E+00 1.13793500E+00 1.13793515E+00 1.13793534E+00 1.13793556E+00 1.13793582E+00 1.13793614E+00 1.13793651E+00 1.13793694E+00 1.13793745E+00 1.13793804E+00 1.13793872E+00 1.13793950E+00 1.13794041E+00 1.13794145E+00 1.13794263E+00 1.13794399E+00 1.13794552E+00 1.13794726E+00 1.13794923E+00 1.13795144E+00 1.13795391E+00 1.13795668E+00 1.13795977E+00 1.13796319E+00 1.13796697E+00 1.13797114E+00 1.13797572E+00 1.13798072E+00 1.13798615E+00 1.13799203E+00 1.13799837E+00 1.13800514E+00 1.13801233E+00 1.13801992E+00 1.13802787E+00 1.13803607E+00 1.13804446E+00 1.13805293E+00 1.13806133E+00 1.13806941E+00 1.13807699E+00 1.13808369E+00 1.13808923E+00 1.13809307E+00 1.13809485E+00 1.13809376E+00 1.13808915E+00 1.13808000E+00 1.13806551E+00 1.13804421E+00 1.13801504E+00 1.13797600E+00 1.13792566E+00 1.13786138E+00 1.13778135E+00 1.13768200E+00 1.13756090E+00 1.13741384E+00 1.13723776E+00 1.13702690E+00 1.13677775E+00 1.13648322E+00 1.13613840E+00 1.13573444E+00 1.13526565E+00 1.13472176E+00 1.13409610E+00 1.13337529E+00 1.13255151E+00 1.13160978E+00 1.13054126E+00 1.12932682E+00 1.12795421E+00 1.12640606E+00 1.12467043E+00 1.12272123E+00 1.12054361E+00 1.11811349E+00 1.11541610E+00 1.11245095E+00 1.10917929E+00 1.10591987E+00 1.10237623E+00 1.09898513E+00 1.09533688E+00 1.09187869E+00 1.08820959E+00 1.08479668E+00 1.08120269E+00 1.07784178E+00 1.07433026E+00 1.07111094E+00 1.06777196E+00 1.06471379E+00 1.06156208E+00 1.05869820E+00 1.05575714E+00 1.05308732E+00 1.05035723E+00 1.04789200E+00 1.04538129E+00 1.04312818E+00 1.04084054E+00 1.03863024E+00 1.03638229E+00 1.03409273E+00 1.03178327E+00 1.02946644E+00 1.02710467E+00 1.02469976E+00 1.02230434E+00 1.01990615E+00 1.01737988E+00 1.01475308E+00 1.01226795E+00 1.01003994E+00 1.00769076E+00 1.00440760E+00 1.00000000E+00
1.13771323E+00 1.13771324E+00 1.13771327E+00 1.13771331E+00 1.13771338E+00 1.13771348E+00 1.13771360E+00 1.13771375E+00 1.13771393E+00 1.13771416E+00 1.13771442E+00 1.13771473E+00 1.13771510E+00 1.13771553E+00 1.13771604E+00 1.13771662E+00 1.13771730E+00 1.13771809E+00 1.13771899E+00 1.13772003E+00 1.13772121E+00 1.13772256E+00 1.13772409E+00 1.13772583E+00 1.13772779E+00 1.13772999E+00 1.13773246E+00 1.13773522E+00 1.13773830E+00 1.13774171E+00 1.13774548E+00 1.13774965E+00 1.13775421E+00 1.13775919E+00 1.13776461E+00 1.13777048E+00 1.13777680E+00 1.13778355E+00 1.13779072E+00 1.13779829E+00 1.13780621E+00 1.13781439E+00 1.13782275E+00 1.13783119E+00 1.13783956E+00 1.13784761E+00 1.13785516E+00 1.13786182E+00 1.13786733E+00 1.13787114E+00 1.13787288E+00 1.13787175E+00 1.13786711E+00 1.13785792E+00 1.13784341E+00 1.13782208E+00 1.13779289E+00 1.13775384E+00 1.13770350E+00 1.13763922E+00 1.13755922E+00 1.13745991E+00 1.13733887E+00 1.13719191E+00 1.13701595E+00 1.13680526E+00 1.13655631E+00 1.13626203E+00 1.13591749E+00 1.13551391E+00 1.13504560E+00 1.13450229E+00 1.13387728E+00 1.13315726E+00 1.13233441E+00 1.13139376E+00 1.13032648E+00 1.12911352E+00 1.12774263E+00 1.12619646E+00 1.12446305E+00 1.12251634E+00 1.12034163E+00 1.11791498E+00 1.11522153E+00 1.11226060E+00 1.10899356E+00 1.10573914E+00 1.10220089E+00 1.09881443E+00 1.09517144E+00 1.09171953E+00 1.08805712E+00 1.08464876E+00 1.08105897E+00 1.07770329E+00 1.07419792E+00 1.07098398E+00 1.06765037E+00 1.06459703E+00 1.06144998E+00 1.05859001E+00 1.05565292E+00 1.05298691E+00 1.05026071E+00 1.04779900E+00 1.04529174E+00 1.04304153E+00 1.04075669E+00 1.03854892E+00 1.03630343E+00 1.03401678E+00 1.03171023E+00 1.02939556E+00 1.02703546E+00 1.02463242E+00 1.02223833E+00 1.01984148E+00 1.01731878E+00 1.01469887E+00 1.01221831E+00 1.00998818E+00 1.00763557E+00 1.00436781E+00 1.00000000E+00
1.13756046E+00 1.13756047E+00 1.13756049E+00 1.13756054E+00 1.13756061E+00 1.13756071E+00 1.13756083E+00 1.13756098E+00 1.13756116E+00 1.13756138E+00 1.13756164E+00 1.13756196E+00 1.13756232E+00 1.13756276E+00 1.13756326E+00 1.13756385E+00 1.13756452E+00 1.13756531E+00 1.13756621E+00 1.13756724E+00 1.13756842E+00 1.13756977E+00 1.13757130E+00 1.13757303E+00 1.13757499E+00 1.13757719E+00 1.13757965E+00 1.13758241E+00 1.13758548E+00 1.13758889E+00 1.13759265E+00 1.13759681E+00 1.13760137E+00 1.13760634E+00 1.13761174E+00 1.13761760E+00 1.13762391E+00 1.13763065E+00 1.13763780E+00 1.13764536E+00 1.13765327E+00 1.13766142E+00 1.13766977E+00 1.13767819E+00 1.13768654E+00 1.13769457E+00 1.13770209E+00 1.13770873E+00 1.13771422E+00 1.13771800E+00 1.13771972E+00 1.13771857E+00 1.13771390E+00 1.13770469E+00 1.13769016E+00 1.13766882E+00 1.13763962E+00 1.13760057E+00 1.13755023E+00 1.13748596E+00 1.13740598E+00 1.13730670E+00 1.13718571E+00 1.13703882E+00 1.13686295E+00 1.13665239E+00 1.13640359E+00 1.13610949E+00 1.13576516E+00 1.13536186E+00 1.13489389E+00 1.13435100E+00 1.13372645E+00 1.13300698E+00 1.13218480E+00 1.13124492E+00 1.13017852E+00 1.12896659E+00 1.12759691E+00 1.12605213E+00 1.12432026E+00 1.12237531E+00 1.12020263E+00 1.11777840E+00 1.11508768E+00 1.11212968E+00 1.10886585E+00 1.10561488E+00 1.10208033E+00 1.09869713E+00 1.09505783E+00 1.09161019E+00 1.08795231E+00 1.08454709E+00 1.08096026E+00 1.07760822E+00 1.07410709E+00 1.07089682E+00 1.06756687E+00 1.06451682E+00 1.06137296E+00 1.05851570E+00 1.05558135E+00 1.05291796E+00 1.05019442E+00 1.04773512E+00 1.04523022E+00 1.04298200E+00 1.04069908E+00 1.03849306E+00 1.03624925E+00 1.03396459E+00 1.03166002E+00 1.02934680E+00 1.02698786E+00 1.02458613E+00 1.02219303E+00 1.01979722E+00 1.01727706E+00 1.01466171E+00 1.01218402E+00 1.00995244E+00 1.00759786E+00 1.00434085E+00 1.00000000E+00
1.13674444E+00 1.13674445E+00 1.13674447E+00 1.13674452E+00 1.13674459E+00 1.13674469E+00 1.13674480E+00 1.13674495E+00 1.13674513E+00 1.13674535E+00 1.13674561E+00 1.13674592E+00 1.13674629E+00 1.13674671E+00 1.13674721E+00 1.13674779E+00 1.13674846E+00 1.13674924E+00 1.13675013E+00 1.13675115E+00 1.13675232E+00 1.13675366E+00 1.13675517E+00 1.13675689E+00 1.13675882E+00 1.13676100E+00 1.13676344E+00 1.13676618E+00 1.13676922E+00 1.13677259E+00 1.13677632E+00 1.13678043E+00 1.13678495E+00 1.13678987E+00 1.13679523E+00 1.13680102E+00 1.13680727E+00 1.13681394E+00 1.13682102E+00 1.13682850E+00 1.13683632E+00 1.13684438E+00 1.13685264E+00 1.13686096E+00 1.13686920E+00 1.13687711E+00 1.13688452E+00 1.13689105E+00 1.13689641E+00 1.13690008E+00 1.13690169E+00 1.13690041E+00 1.13689564E+00 1.13688634E+00 1.13687174E+00 1.13685035E+00 1.13682112E+00 1.13678208E+00 1.13673179E+00 1.13666762E+00 1.13658778E+00 1.13648874E+00 1.13636809E+00 1.13622166E+00 1.13604636E+00 1.13583653E+00 1.13558863E+00 1.13529557E+00 1.13495251E+00 1.13455082E+00 1.13408484E+00 1.13354429E+00 1.13292239E+00 1.13220610E+00 1.13138765E+00 1.13045207E+00 1.12939060E+00 1.12818444E+00 1.12682147E+00 1.12528435E+00 1.12356101E+00 1.12162577E+00 1.11946432E+00 1.11705322E+00 1.11437729E+00 1.11143525E+00 1.10818891E+00 1.10495637E+00 1.10144171E+00 1.09807658E+00 1.09445757E+00 1.09103222E+00 1.08739761E+00 1.08400935E+00 1.08043925E+00 1.07710710E+00 1.07362850E+00 1.07043746E+00 1.06712660E+00 1.06409382E+00 1.06096688E+00 1.05812415E+00 1.05520459E+00 1.05255512E+00 1.04984564E+00 1.04739900E+00 1.04490659E+00 1.04266889E+00 1.04039611E+00 1.03819931E+00 1.03596456E+00 1.03369033E+00 1.03139582E+00 1.02909002E+00 1.02673749E+00 1.02434344E+00 1.02195627E+00 1.01956693E+00 1.01706079E+00 1.01446792E+00 1.01200276E+00 1.00976364E+00 1.00740264E+00 1.00420377E+00 1.00000000E+00
1.13494835E+00 1.13494836E+00 1.13494838E+00 1.13494843E+00 1.13494850E+00 1.13494859E+00 1.13494870E+00 1.13494885E+00 1.13494902E+00 1.13494924E+00 1.13494949E+00 1.13494979E+00 1.13495015E+00 1.13495056E+00 1.13495105E+00 1.13495162E+00 1.13495227E+00 1.13495303E+00 1.13495390E+00 1.13495490E+00 1.13495604E+00 1.13495735E+00 1.13495883E+00 1.13496051E+00 1.13496240E+00 1.13496453E+00 1.13496692E+00 1.13496959E+00 1.13497256E+00 1.13497586E+00 1.13497951E+00 1.13498354E+00 1.13498795E+00 1.13499277E+00 1.13499800E+00 1.13500367E+00 1.13500977E+00 1.13501629E+00 1.13502321E+00 1.13503051E+00 1.13503814E+00 1.13504601E+00 1.13505406E+00 1.13506216E+00 1.13507016E+00 1.13507784E+00 1.13508501E+00 1.13509129E+00 1.13509642E+00 1.13509986E+00 1.13510123E+00 1.13509973E+00 1.13509476E+00 1.13508532E+00 1.13507062E+00 1.13504918E+00 1.13501997E+00 1.13498104E+00 1.13493095E+00 1.13486712E+00 1.13478777E+00 1.13468943E+00 1.13456974E+00 1.13442454E+00 1.13425076E+00 1.13404285E+00 1.13379723E+00 1.13350693E+00 1.13316717E+00 1.13276956E+00 1.13230848E+00 1.13177367E+00 1.13115833E+00 1.13044983E+00 1.12964048E+00 1.12871539E+00 1.12766582E+00 1.12647349E+00 1.12512657E+00 1.12360767E+00 1.12190465E+00 1.11999265E+00 1.11785788E+00 1.11547733E+00 1.11283547E+00 1.10993056E+00 1.10672504E+00 1.10353469E+00 1.10006569E+00 1.09674353E+00 1.09317196E+00 1.08979483E+00 1.08620994E+00 1.08286164E+00 1.07933305E+00 1.07604683E+00 1.07261780E+00 1.06946839E+00 1.06619905E+00 1.06320430E+00 1.06011523E+00 1.05730551E+00 1.05441937E+00 1.05180074E+00 1.04912215E+00 1.04670319E+00 1.04423815E+00 1.04202332E+00 1.03977251E+00 1.03759590E+00 1.03538136E+00 1.03312954E+00 1.03085578E+00 1.02856582E+00 1.02622962E+00 1.02385544E+00 1.02148315E+00 1.01910877E+00 1.01663344E+00 1.01408312E+00 1.01163490E+00 1.00937833E+00 1.00701849E+00 1.00394438E+00 1.00000000E+00
1.13311240E+00 1.13311241E+00 1.13311244E+00 1.13311248E+00 1.13311255E+00 1.13311264E+00 1.13311275E+00 1.13311289E+00 1.13311306E+00 1.13311327E+00 1.13311351E+00 1.13311381E+00 1.13311415E+00 1.13311456E+00 1.13311503E+00 1.13311558E+00 1.13311622E+00 1.13311696E+00 1.13311781E+00 1.13311879E+00 1.13311990E+00 1.13312117E+00 1.13312262E+00 1.13312425E+00 1.13312610E+00 1.13312818E+00 1.13313051E+00 1.13313312E+00 1.13313602E+00 1.13313924E+00 1.13314280E+00 1.13314673E+00 1.13315103E+00 1.13315573E+00 1.13316084E+00 1.13316637E+00 1.13317231E+00 1.13317867E+00 1.13318541E+00 1.13319252E+00 1.13319994E+00 1.13320760E+00 1.13321542E+00 1.13322328E+00 1.13323103E+00 1.13323845E+00 1.13324535E+00 1.13325137E+00 1.13325624E+00 1.13325942E+00 1.13326054E+00 1.13325881E+00 1.13325365E+00 1.13324406E+00 1.13322925E+00 1.13320778E+00 1.13317861E+00 1.13313982E+00 1.13308999E+00 1.13302659E+00 1.13294783E+00 1.13285033E+00 1.13273177E+00 1.13258800E+00 1.13241600E+00 1.13221030E+00 1.13196734E+00 1.13168027E+00 1.13134441E+00 1.13095154E+00 1.13049608E+00 1.12996788E+00 1.12936017E+00 1.12866072E+00 1.12786185E+00 1.12694886E+00 1.12591301E+00 1.12473659E+00 1.12340812E+00 1.12191019E+00 1.12023059E+00 1.11834540E+00 1.11624125E+00 1.11389525E+00 1.11129175E+00 1.10842902E+00 1.10527009E+00 1.10212741E+00 1.09870979E+00 1.09543667E+00 1.09191848E+00 1.08859321E+00 1.08506188E+00 1.08175986E+00 1.07828021E+00 1.07504468E+00 1.07166821E+00 1.06856308E+00 1.06533851E+00 1.06238497E+00 1.05933707E+00 1.05656329E+00 1.05371328E+00 1.05112755E+00 1.04848169E+00 1.04609180E+00 1.04365531E+00 1.04146393E+00 1.03923566E+00 1.03707993E+00 1.03488688E+00 1.03265818E+00 1.03040482E+00 1.02813058E+00 1.02581294E+00 1.02346019E+00 1.02110083E+00 1.01873623E+00 1.01628916E+00 1.01377640E+00 1.01133195E+00 1.00904597E+00 1.00669672E+00 1.00373966E+00 1.00000000E+00
1.13140661E+00 1.13140662E+00 1.13140664E+00 1.13140669E+00 1.13140675E+00 1.13140684E+00 1.13140695E+00 1.13140708E+00 1.13140725E+00 1.13140745E+00 1.13140769E+00 1.13140798E+00 1.13140831E+00 1.13140871E+00 1.13140917E+00 1.13140971E+00 1.13141033E+00 1.13141105E+00 1.13141188E+00 1.13141283E+00 1.13141392E+00 1.13141516E+00 1.13141656E+00 1.13141816E+00 1.13141996E+00 1.13142199E+00 1.13142426E+00 1.13142680E+00 1.13142963E+00 1.13143277E+00 1.13143624E+00 1.13144006E+00 1.13144426E+00 1.13144884E+00 1.13145381E+00 1.13145919E+00 1.13146498E+00 1.13147116E+00 1.13147772E+00 1.13148462E+00 1.13149183E+00 1.13149926E+00 1.13150684E+00 1.13151444E+00 1.13152192E+00 1.13152906E+00 1.13153567E+00 1.13154141E+00 1.13154598E+00 1.13154888E+00 1.13154972E+00 1.13154773E+00 1.13154234E+00 1.13153257E+00 1.13151762E+00 1.13149607E+00 1.13146691E+00 1.13142823E+00 1.13137864E+00 1.13131566E+00 1.13123750E+00 1.13114086E+00 1.13102345E+00 1.13088116E+00 1.13071100E+00 1.13050762E+00 1.13026748E+00 1.12998386E+00 1.12965218E+00 1.12926438E+00 1.12881491E+00 1.12829380E+00 1.12769434E+00 1.12700470E+00 1.12621714E+00 1.12531727E+00 1.12429632E+00 1.12313718E+00 1.12182884E+00 1.12035378E+00 1.11869973E+00 1.11684382E+00 1.11477297E+00 1.11246432E+00 1.10990226E+00 1.10708534E+00 1.10397714E+00 1.10088604E+00 1.09752364E+00 1.09430339E+00 1.09084240E+00 1.08757159E+00 1.08409671E+00 1.08084504E+00 1.07741851E+00 1.07423573E+00 1.07091269E+00 1.06785302E+00 1.06467486E+00 1.06176367E+00 1.05875774E+00 1.05602041E+00 1.05320671E+00 1.05065365E+00 1.04804002E+00 1.04567824E+00 1.04326887E+00 1.04109918E+00 1.03889175E+00 1.03675483E+00 1.03458161E+00 1.03237343E+00 1.03013626E+00 1.02787256E+00 1.02556954E+00 1.02323260E+00 1.02087685E+00 1.01850772E+00 1.01607938E+00 1.01359635E+00 1.01113674E+00 1.00879261E+00 1.00645560E+00 1.00360497E+00 1.00000000E+00
1.13063607E+00 1.13063608E+00 1.13063610E+00 1.13063615E+00 1.13063621E+00 1.13063629E+00 1.13063640E+00 1.13063654E+00 1.13063670E+00 1.13063690E+00 1.13063714E+00 1.13063742E+00 1.13063775E+00 1.13063814E+00 1.13063860E+00 1.13063913E+00 1.13063974E+00 1.13064045E+00 1.13064127E+00 1.13064221E+00 1.13064328E+00 1.13064451E+00 1.13064590E+00 1.13064747E+00 1.13064925E+00 1.13065125E+00 1.13065349E+00 1.13065600E+00 1.13065879E+00 1.13066189E+00 1.13066532E+00 1.13066909E+00 1.13067323E+00 1.13067775E+00 1.13068265E+00 1.13068796E+00 1.13069367E+00 1.13069976E+00 1.13070622E+00 1.13071302E+00 1.13072012E+00 1.13072743E+00 1.13073488E+00 1.13074235E+00 1.13074969E+00 1.13075669E+00 1.13076314E+00 1.13076872E+00 1.13077315E+00 1.13077589E+00 1.13077658E+00 1.13077444E+00 1.13076892E+00 1.13075905E+00 1.13074402E+00 1.13072242E+00 1.13069324E+00 1.13065460E+00 1.13060513E+00 1.13054234E+00 1.13046447E+00 1.13036826E+00 1.13025142E+00 1.13010988E+00 1.12994066E+00 1.12973848E+00 1.12949978E+00 1.12921795E+00 1.12888845E+00 1.12850328E+00 1.12805691E+00 1.12753952E+00 1.12694439E+00 1.12625989E+00 1.12547826E+00 1.12458529E+00 1.12357221E+00 1.12242217E+00 1.12112445E+00 1.11966148E+00 1.11802092E+00 1.11618044E+00 1.11412714E+00 1.11183809E+00 1.10929780E+00 1.10650497E+00 1.10342344E+00 1.10035935E+00 1.09702569E+00 1.09383299E+00 1.09040170E+00 1.08715886E+00 1.08371296E+00 1.08048745E+00 1.07708834E+00 1.07393215E+00 1.07063569E+00 1.06759872E+00 1.06444378E+00 1.06155353E+00 1.05856807E+00 1.05584838E+00 1.05305203E+00 1.05051437E+00 1.04791574E+00 1.04556672E+00 1.04316929E+00 1.04100876E+00 1.03881003E+00 1.03668042E+00 1.03451507E+00 1.03231463E+00 1.03008224E+00 1.02781978E+00 1.02552046E+00 1.02318718E+00 1.02082784E+00 1.01844846E+00 1.01602405E+00 1.01355290E+00 1.01107784E+00 1.00868809E+00 1.00635880E+00 1.00356418E+00 1.00000000E+00
1.27391300E+00 1.27391307E+00 1.27391329E+00 1.27391364E+00 1.27391413E+00 1.27391474E+00 1.27391550E+00 1.27391640E+00 1.27391747E+00 1.27391872E+00 1.27392015E+00 1.27392181E+00 1.27392370E+00 1.27392585E+00 1.27392828E+00 1.27393103E+00 1.27393413E+00 1.27393761E+00 1.27394151E+00 1.27394586E+00 1.27395070E+00 1.27395607E+00 1.27396200E+00 1.27396858E+00 1.27397582E+00 1.27398375E+00 1.27399242E+00 1.27400192E+00 1.27401223E+00 1.27402334E+00 1.27403533E+00 1.27404830E+00 1.27406219E+00 1.27407695E+00 1.27409260E+00 1.27410918E+00 1.27412661E+00 1.27414469E+00 1.27416339E+00 1.27418257E+00 1.27420201E+00 1.27422132E+00 1.27424037E+00 1.27425882E+00 1.27427618E+00 1.27429169E+00 1.27430485E+00 1.27431464E+00 1.27432048E+00 1.27432118E+00 1.27431581E+00 1.27430220E+00 1.27427887E+00 1.27424373E+00 1.27419530E+00 1.27413034E+00 1.27404670E+00 1.27394010E+00 1.27380781E+00 1.27364488E+00 1.27344779E+00 1.27320886E+00 1.27292377E+00 1.27258570E+00 1.27218938E+00 1.27172439E+00 1.27118488E+00 1.27055817E+00 1.26983550E+00 1.26900041E+00 1.26804367E+00 1.26694969E+00 1.26570955E+00 1.26430136E+00 1.26271281E+00 1.26092031E+00 1.25890555E+00 1.25663244E+00 1.25409340E+00 1.25127620E+00 1.24814696E+00 1.24464414E+00 1.24075969E+00 1.23646997E+00 1.23173629E+00 1.22654561E+00 1.22086370E+00 1.21526362E+00 1.20915876E+00 1.20324712E+00 1.19688604E+00 1.19088288E+00 1.18454150E+00 1.17865799E+00 1.17235257E+00 1.16632543E+00 1.16004602E+00 1.15430344E+00 1.14825056E+00 1.14262358E+00 1.13685655E+00 1.13167284E+00 1.12625564E+00 1.12115709E+00 1.11582492E+00 1.11098183E+00 1.10608278E+00 1.10171424E+00 1.09721873E+00 1.09272462E+00 1.08801307E+00 1.08315945E+00 1.07826316E+00 1.07327652E+00 1.06804891E+00 1.06260091E+00 1.05708737E+00 1.05141449E+00 1.04530735E+00 1.03881400E+00 1.03234040E+00 1.02589331E+00 1.01878500E+00 1.01014262E+00 1.00000000E+00
1.27245468E+00 1.27245475E+00 1.27245497E+00 1.27245532E+00 1.27245579E+00 1.27245640E+00 1.27245715E+00 1.27245805E+00 1.27245911E+00 1.27246035E+00 1.27246177E+00 1.27246341E+00 1.27246529E+00 1.27246742E+00 1.27246983E+00 1.27247256E+00 1.27247563E+00 1.27247908E+00 1.27248295E+00 1.27248727E+00 1.27249207E+00 1.27249739E+00 1.27250328E+00 1.27250980E+00 1.27251698E+00 1.27252485E+00 1.27253345E+00 1.27254287E+00 1.27255308E+00 1.27256410E+00 1.27257599E+00 1.27258885E+00 1.27260262E+00 1.27261724E+00 1.27263275E+00 1.27264917E+00 1.27266643E+00 1.27268432E+00 1.27270282E+00 1.27272178E+00 1.27274097E+00 1.27276003E+00 1.27277882E+00 1.27279697E+00 1.27281400E+00 1.27282917E+00 1.27284196E+00 1.27285137E+00 1.27285681E+00 1.27285707E+00 1.27285121E+00 1.27283707E+00 1.27281319E+00 1.27277749E+00 1.27272846E+00 1.27266286E+00 1.27257855E+00 1.27247124E+00 1.27233820E+00 1.27217445E+00 1.27197645E+00 1.27173660E+00 1.27145063E+00 1.27111169E+00 1.27071447E+00 1.27024855E+00 1.26970806E+00 1.26908016E+00 1.26835620E+00 1.26752007E+00 1.26656256E+00 1.26546802E+00 1.26422732E+00 1.26281867E+00 1.26122960E+00 1.25943627E+00 1.25742122E+00 1.25514938E+00 1.25261216E+00 1.24979579E+00 1.24666722E+00 1.24316682E+00 1.23928614E+00 1.23500079E+00 1.23027304E+00 1.22509121E+00 1.21941834E+00 1.21382358E+00 1.20772433E+00 1.20182309E+00 1.19547787E+00 1.18949352E+00 1.18316975E+00 1.17729619E+00 1.17100197E+00 1.16499337E+00 1.15873714E+00 1.15301574E+00 1.14698569E+00 1.14138118E+00 1.13563752E+00 1.13047298E+00 1.12507635E+00 1.12000312E+00 1.11470006E+00 1.10988350E+00 1.10501128E+00 1.10066635E+00 1.09619550E+00 1.09172854E+00 1.08704626E+00 1.08222534E+00 1.07736653E+00 1.07241970E+00 1.06723142E+00 1.06182764E+00 1.05636667E+00 1.05075070E+00 1.04470044E+00 1.03827474E+00 1.03188576E+00 1.02553777E+00 1.01853881E+00 1.01001190E+00 1.00000000E+00
1.27134390E+00 1.27134397E+00 1.27134418E+00 1.27134453E+00 1.27134500E+00 1.27134561E+00 1.27134635E+00 1.27134724E+00 1.27134829E+00 1.27134952E+00 1.27135093E+00 1.27135256E+00 1.27135442E+00 1.27135654E+00 1.27135894E+00 1.27136165E+00 1.27136470E+00 1.27136813E+00 1.27137197E+00 1.27137626E+00 1.27138103E+00 1.27138632E+00 1.27139217E+00 1.27139865E+00 1.27140578E+00 1.27141360E+00 1.27142215E+00 1.27143150E+00 1.27144164E+00 1.27145259E+00 1.27146441E+00 1.27147718E+00 1.27149085E+00 1.27150538E+00 1.27152078E+00 1.27153708E+00 1.27155421E+00 1.27157197E+00 1.27159032E+00 1.27160913E+00 1.27162815E+00 1.27164704E+00 1.27166565E+00 1.27168360E+00 1.27170042E+00 1.27171536E+00 1.27172792E+00 1.27173710E+00 1.27174230E+00 1.27174229E+00 1.27173614E+00 1.27172170E+00 1.27169751E+00 1.27166151E+00 1.27161218E+00 1.27154626E+00 1.27146161E+00 1.27135397E+00 1.27122060E+00 1.27105648E+00 1.27085809E+00 1.27061788E+00 1.27033161E+00 1.26999241E+00 1.26959494E+00 1.26912880E+00 1.26858807E+00 1.26795989E+00 1.26723565E+00 1.26639945E+00 1.26544214E+00 1.26434796E+00 1.26310770E+00 1.26169961E+00 1.26011118E+00 1.25831845E+00 1.25630446E+00 1.25403471E+00 1.25149999E+00 1.24868567E+00 1.24555921E+00 1.24206219E+00 1.23818595E+00 1.23390562E+00 1.22918402E+00 1.22401020E+00 1.21834558E+00 1.21275685E+00 1.20666423E+00 1.20077265E+00 1.19444071E+00 1.18847096E+00 1.18216094E+00 1.17629631E+00 1.17001226E+00 1.16401862E+00 1.15778046E+00 1.15207532E+00 1.14606259E+00 1.14047508E+00 1.13474930E+00 1.12959994E+00 1.12421950E+00 1.11916511E+00 1.11388322E+00 1.10908600E+00 1.10423362E+00 1.09990638E+00 1.09545400E+00 1.09100709E+00 1.08634622E+00 1.08154913E+00 1.07671746E+00 1.07179943E+00 1.06663976E+00 1.06126789E+00 1.05584436E+00 1.05026908E+00 1.04426014E+00 1.03788275E+00 1.03155251E+00 1.02527228E+00 1.01834928E+00 1.00990887E+00 1.00000000E+00
1.26416617E+00 1.26416624E+00 1.26416644E+00 1.26416677E+00 1.26416721E+00 1.26416778E+00 1.26416848E+00 1.26416932E+00 1.26417031E+00 1.26417147E+00 1.26417281E+00 1.26417436E+00 1.26417612E+00 1.26417814E+00 1.26418041E+00 1.26418299E+00 1.26418590E+00 1.26418916E+00 1.26419282E+00 1.26419691E+00 1.26420145E+00 1.26420651E+00 1.26421209E+00 1.26421828E+00 1.26422510E+00 1.26423257E+00 1.26424074E+00 1.26424968E+00 1.26425937E+00 1.26426986E+00 1.26428118E+00 1.26429340E+00 1.26430648E+00 1.26432039E+00 1.26433515E+00 1.26435075E+00 1.26436712E+00 1.26438410E+00 1.26440164E+00 1.26441957E+00 1.26443769E+00 1.26445568E+00 1.26447337E+00 1.26449034E+00 1.26450614E+00 1.26452006E+00 1.26453162E+00 1.26453983E+00 1.26454408E+00 1.26454312E+00 1.26453599E+00 1.26452063E+00 1.26449566E+00 1.26445906E+00 1.26440922E+00 1.26434291E+00 1.26425804E+00 1.26415042E+00 1.26401728E+00 1.26385359E+00 1.26365586E+00 1.26341689E+00 1.26313252E+00 1.26279582E+00 1.26240136E+00 1.26193880E+00 1.26140223E+00 1.26077874E+00 1.26006006E+00 1.25923124E+00 1.25828319E+00 1.25719987E+00 1.25597160E+00 1.25457712E+00 1.25300396E+00 1.25122811E+00 1.24923424E+00 1.24698996E+00 1.24448396E+00 1.24169836E+00 1.23860285E+00 1.23514454E+00 1.23131391E+00 1.22708410E+00 1.22241967E+00 1.21731225E+00 1.21171744E+00 1.20619008E+00 1.20016587E+00 1.19435513E+00 1.18812132E+00 1.18225017E+00 1.17603578E+00 1.17024575E+00 1.16404678E+00 1.15815900E+00 1.15204232E+00 1.14644481E+00 1.14054534E+00 1.13506914E+00 1.12946227E+00 1.12441782E+00 1.11914747E+00 1.11421100E+00 1.10905755E+00 1.10437864E+00 1.09965033E+00 1.09543593E+00 1.09110082E+00 1.08677791E+00 1.08224788E+00 1.07759485E+00 1.07292499E+00 1.06817772E+00 1.06318876E+00 1.05800559E+00 1.05279899E+00 1.04745817E+00 1.04168977E+00 1.03559140E+00 1.02959209E+00 1.02368016E+00 1.01717158E+00 1.00925158E+00 1.00000000E+00
1.24205041E+00 1.24205046E+00 1.24205062E+00 1.24205087E+00 1.24205123E+00 1.24205168E+00 1.24205224E+00 1.24205292E+00 1.24205372E+00 1.24205467E+00 1.24205576E+00 1.24205703E+00 1.24205848E+00 1.24206014E+00 1.24206203E+00 1.24206417E+00 1.24206659E+00 1.24206932E+00 1.24207238E+00 1.24207582E+00 1.24207965E+00 1.24208393E+00 1.24208866E+00 1.24209393E+00 1.24209973E+00 1.24210612E+00 1.24211312E+00 1.24212079E+00 1.24212914E+00 1.24213820E+00 1.24214801E+00 1.24215861E+00 1.24216999E+00 1.24218212E+00 1.24219502E+00 1.24220866E+00 1.24222301E+00 1.24223794E+00 1.24225338E+00 1.24226919E+00 1.24228521E+00 1.24230115E+00 1.24231683E+00 1.24233187E+00 1.24234586E+00 1.24235821E+00 1.24236844E+00 1.24237568E+00 1.24237932E+00 1.24237816E+00 1.24237134E+00 1.24235700E+00 1.24233393E+00 1.24230022E+00 1.24225427E+00 1.24219304E+00 1.24211462E+00 1.24201507E+00 1.24189176E+00 1.24173993E+00 1.24155632E+00 1.24133443E+00 1.24107031E+00 1.24075715E+00 1.24038959E+00 1.23995786E+00 1.23945630E+00 1.23887274E+00 1.23819959E+00 1.23742329E+00 1.23653494E+00 1.23551864E+00 1.23436457E+00 1.23305304E+00 1.23157214E+00 1.22989856E+00 1.22801869E+00 1.22590342E+00 1.22353997E+00 1.22090747E+00 1.21797870E+00 1.21470975E+00 1.21109012E+00 1.20709010E+00 1.20267647E+00 1.19784483E+00 1.19254716E+00 1.18730693E+00 1.18159835E+00 1.17611137E+00 1.17023692E+00 1.16470650E+00 1.15883940E+00 1.15336313E+00 1.14751394E+00 1.14199595E+00 1.13627991E+00 1.13103996E+00 1.12551776E+00 1.12040927E+00 1.11519458E+00 1.11050229E+00 1.10559367E+00 1.10101686E+00 1.09624679E+00 1.09192595E+00 1.08757879E+00 1.08371238E+00 1.07973391E+00 1.07577797E+00 1.07163048E+00 1.06739033E+00 1.06317142E+00 1.05889514E+00 1.05438356E+00 1.04972201E+00 1.04509488E+00 1.04037265E+00 1.03524794E+00 1.02988445E+00 1.02472038E+00 1.01968341E+00 1.01414238E+00 1.00753562E+00 1.00000000E+00
1.21143335E+00 1.21143339E+00 1.21143350E+00 1.21143367E+00 1.21143391E+00 1.21143423E+00 1.21143462E+00 1.21143510E+00 1.21143567E+00 1.21143635E+00 1.21143713E+00 1.21143805E+00 1.21143911E+00 1.21144033E+00 1.21144172E+00 1.21144330E+00 1.21144511E+00 1.21144715E+00 1.21144946E+00 1.21145206E+00 1.21145497E+00 1.21145824E+00 1.21146188E+00 1.21146594E+00 1.21147044E+00 1.21147542E+00 1.21148090E+00 1.21148694E+00 1.21149354E+00 1.21150075E+00 1.21150859E+00 1.21151709E+00 1.21152625E+00 1.21153608E+00 1.21154657E+00 1.21155772E+00 1.21156950E+00 1.21158183E+00 1.21159465E+00 1.21160784E+00 1.21162129E+00 1.21163478E+00 1.21164814E+00 1.21166104E+00 1.21167318E+00 1.21168406E+00 1.21169328E+00 1.21170011E+00 1.21170401E+00 1.21170394E+00 1.21169917E+00 1.21168815E+00 1.21166983E+00 1.21164251E+00 1.21160475E+00 1.21155391E+00 1.21148827E+00 1.21140442E+00 1.21130001E+00 1.21117080E+00 1.21101388E+00 1.21082360E+00 1.21059636E+00 1.21032584E+00 1.21000714E+00 1.20963154E+00 1.20919382E+00 1.20868315E+00 1.20809268E+00 1.20741025E+00 1.20662748E+00 1.20572969E+00 1.20470754E+00 1.20354341E+00 1.20222610E+00 1.20073413E+00 1.19905514E+00 1.19716350E+00 1.19504683E+00 1.19268341E+00 1.19004872E+00 1.18710678E+00 1.18384668E+00 1.18023809E+00 1.17625108E+00 1.17188525E+00 1.16709434E+00 1.16235236E+00 1.15718650E+00 1.15223296E+00 1.14693563E+00 1.14194735E+00 1.13664757E+00 1.13170397E+00 1.12643825E+00 1.12149483E+00 1.11638455E+00 1.11169471E+00 1.10675613E+00 1.10220530E+00 1.09757359E+00 1.09340353E+00 1.08903227E+00 1.08498065E+00 1.08076981E+00 1.07696880E+00 1.07316525E+00 1.06978625E+00 1.06630297E+00 1.06285470E+00 1.05923950E+00 1.05556305E+00 1.05193949E+00 1.04827946E+00 1.04440333E+00 1.04042368E+00 1.03652203E+00 1.03256745E+00 1.02825667E+00 1.02378525E+00 1.01956981E+00 1.01549878E+00 1.01102815E+00 1.00581465E+00 1.00000000E+00
1.17400701E+00 1.17400703E+00 1.17400709E+00 1.17400719E+00 1.17400733E+00 1.17400752E+00 1.17400776E+00 1.17400805E+00 1.17400840E+00 1.17400881E+00 1.17400930E+00 1.17400988E+00 1.17401054E+00 1.17401132E+00 1.17401221E+00 1.17401324E+00 1.17401441E+00 1.17401576E+00 1.17401729E+00 1.17401902E+00 1.17402098E+00 1.17402319E+00 1.17402567E+00 1.17402846E+00 1.17403157E+00 1.17403503E+00 1.17403887E+00 1.17404312E+00 1.17404781E+00 1.17405296E+00 1.17405860E+00 1.17406475E+00 1.17407142E+00 1.17407863E+00 1.17408637E+00 1.17409466E+00 1.17410347E+00 1.17411276E+00 1.17412249E+00 1.17413259E+00 1.17414297E+00 1.17415349E+00 1.17416401E+00 1.17417430E+00 1.17418413E+00 1.17419314E+00 1.17420101E+00 1.17420719E+00 1.17421126E+00 1.17421240E+00 1.17421003E+00 1.17420298E+00 1.17419040E+00 1.17417090E+00 1.17414330E+00 1.17410550E+00 1.17405609E+00 1.17399231E+00 1.17391223E+00 1.17381239E+00 1.17369033E+00 1.17354146E+00 1.17336273E+00 1.17314868E+00 1.17289523E+00 1.17259512E+00 1.17224379E+00 1.17183223E+00 1.17135460E+00 1.17080049E+00 1.17016260E+00 1.16942828E+00 1.16858924E+00 1.16763050E+00 1.16654201E+00 1.16530547E+00 1.16390988E+00 1.16233372E+00 1.16056579E+00 1.15858527E+00 1.15637175E+00 1.15389703E+00 1.15114982E+00 1.14810194E+00 1.14472901E+00 1.14103283E+00 1.13697175E+00 1.13294849E+00 1.12856551E+00 1.12437008E+00 1.11988395E+00 1.11565617E+00 1.11116026E+00 1.10697079E+00 1.10252481E+00 1.09836789E+00 1.09407046E+00 1.09012360E+00 1.08597833E+00 1.08217189E+00 1.07829713E+00 1.07480057E+00 1.07113778E+00 1.06777490E+00 1.06429661E+00 1.06116284E+00 1.05803047E+00 1.05524031E+00 1.05236081E+00 1.04953599E+00 1.04658731E+00 1.04359904E+00 1.04066480E+00 1.03770799E+00 1.03457820E+00 1.03138090E+00 1.02826343E+00 1.02512820E+00 1.02172025E+00 1.01820424E+00 1.01491731E+00 1.01177065E+00 1.00837293E+00 1.00443459E+00 1.00000000E+00
1.15281822E+00 1.15281824E+00 1.15281828E+00 1.15281835E+00 1.15281845E+00 1.15281858E+00 1.15281875E+00 1.15281895E+00 1.15281920E+00 1.15281950E+00 1.15281986E+00 1.15282028E+00 1.15282077E+00 1.15282134E+00 1.15282200E+00 1.15282277E+00 1.15282365E+00 1.15282466E+00 1.15282581E+00 1.15282713E+00 1.15282863E+00 1.15283033E+00 1.15283224E+00 1.15283440E+00 1.15283682E+00 1.15283953E+00 1.15284254E+00 1.15284590E+00 1.15284961E+00 1.15285371E+00 1.15285821E+00 1.15286314E+00 1.15286851E+00 1.15287434E+00 1.15288063E+00 1.15288739E+00 1.15289461E+00 1.15290226E+00 1.15291032E+00 1.15291872E+00 1.15292741E+00 1.15293626E+00 1.15294519E+00 1.15295399E+00 1.15296249E+00 1.15297039E+00 1.15297744E+00 1.15298317E+00 1.15298725E+00 1.15298898E+00 1.15298789E+00 1.15298299E+00 1.15297359E+00 1.15295847E+00 1.15293663E+00 1.15290630E+00 1.15286625E+00 1.15281415E+00 1.15274832E+00 1.15266576E+00 1.15256433E+00 1.15244009E+00 1.15229032E+00 1.15211022E+00 1.15189618E+00 1.15164193E+00 1.15134332E+00 1.15099252E+00 1.15058428E+00 1.15010934E+00 1.14956119E+00 1.14892853E+00 1.14820382E+00 1.14737370E+00 1.14642905E+00 1.14535365E+00 1.14413741E+00 1.14276120E+00 1.14121437E+00 1.13947734E+00 1.13753303E+00 1.13535679E+00 1.13293687E+00 1.13024725E+00 1.12726756E+00 1.12399903E+00 1.12040288E+00 1.11683628E+00 1.11295183E+00 1.10923467E+00 1.10525488E+00 1.10150059E+00 1.09750757E+00 1.09378373E+00 1.08984286E+00 1.08616777E+00 1.08235784E+00 1.07885513E+00 1.07518900E+00 1.07182687E+00 1.06839023E+00 1.06527901E+00 1.06203541E+00 1.05907531E+00 1.05602513E+00 1.05327435E+00 1.05050987E+00 1.04803655E+00 1.04549096E+00 1.04301052E+00 1.04044105E+00 1.03783554E+00 1.03525764E+00 1.03265710E+00 1.02993050E+00 1.02715143E+00 1.02441978E+00 1.02167706E+00 1.01874470E+00 1.01573176E+00 1.01286912E+00 1.01011841E+00 1.00724980E+00 1.00390856E+00 1.00000000E+00
1.45321617E+00 1.45321669E+00 1.45321813E+00 1.45322024E+00 1.45322301E+00 1.45322637E+00 1.45323035E+00 1.45323499E+00 1.45324031E+00 1.45324633E+00 1.45325309E+00 1.45326071E+00 1.45326921E+00 1.45327864E+00 1.45328905E+00 1.45330054E+00 1.45331319E+00 1.45332707E+00 1.45334224E+00 1.45335880E+00 1.45337677E+00 1.45339620E+00 1.45341715E+00 1.45343982E+00 1.45346417E+00 1.45349016E+00 1.45351788E+00 1.45354742E+00 1.45357862E+00 1.45361131E+00 1.45364565E+00 1.45368180E+00 1.45371941E+00 1.45375805E+00 1.45379773E+00 1.45383839E+00 1.45387959E+00 1.45392054E+00 1.45396096E+00 1.45400028E+00 1.45403777E+00 1.45407230E+00 1.45410340E+00 1.45412982E+00 1.45415024E+00 1.45416257E+00 1.45416548E+00 1.45415641E+00 1.45413415E+00 1.45409611E+00 1.45403966E+00 1.45395940E+00 1.45385255E+00 1.45371518E+00 1.45354427E+00 1.45333320E+00 1.45307735E+00 1.45276800E+00 1.45240050E+00 1.45196621E+00 1.45145830E+00 1.45086195E+00 1.45017041E+00 1.44937346E+00 1.44846254E+00 1.44742038E+00 1.44623691E+00 1.44489127E+00 1.44337036E+00 1.44164803E+00 1.43970937E+00 1.43753153E+00 1.43510553E+00 1.43240385E+00 1.42940736E+00 1.42607911E+00 1.42238717E+00 1.41827869E+00 1.41375979E+00 1.40882836E+00 1.40341941E+00 1.39742222E+00 1.39084207E+00 1.38366365E+00 1.37581946E+00 1.36728325E+00 1.35802171E+00 1.34898143E+00 1.33917992E+00 1.32970661E+00 1.31954999E+00 1.31001659E+00 1.29997539E+00 1.29067251E+00 1.28075352E+00 1.27127925E+00 1.26135265E+00 1.25227964E+00 1.24275393E+00 1.23389048E+00 1.22475720E+00 1.21651360E+00 1.20793890E+00 1.19992487E+00 1.19154009E+00 1.18386993E+00 1.17605333E+00 1.16904842E+00 1.16185632E+00 1.15470663E+00 1.14722737E+00 1.13946000E+00 1.13153740E+00 1.12345573E+00 1.11503013E+00 1.10619343E+00 1.09711443E+00 1.08775089E+00 1.07777132E+00 1.06704802E+00 1.05604108E+00 1.04476413E+00 1.03215886E+00 1.01714559E+00 1.00000000E+00
1.44857583E+00 1.44857633E+00 1.44857773E+00 1.44857978E+00 1.44858247E+00 1.44858574E+00 1.44858962E+00 1.44859413E+00 1.44859931E+00 1.44860518E+00 1.44861178E+00 1.44861921E+00 1.44862751E+00 1.44863672E+00 1.44864689E+00 1.44865813E+00 1.44867050E+00 1.44868408E+00 1.44869893E+00 1.44871514E+00 1.44873274E+00 1.44875178E+00 1.44877233E+00 1.44879456E+00 1.44881844E+00 1.44884395E+00 1.44887117E+00 1.44890017E+00 1.44893081E+00 1.44896296E+00 1.44899675E+00 1.44903231E+00 1.44906932E+00 1.44910737E+00 1.44914649E+00 1.44918656E+00 1.44922718E+00 1.44926757E+00 1.44930749E+00 1.44934632E+00 1.44938338E+00 1.44941757E+00 1.44944841E+00 1.44947462E+00 1.44949491E+00 1.44950724E+00 1.44951032E+00 1.44950166E+00 1.44947999E+00 1.44944264E+00 1.44938703E+00 1.44930788E+00 1.44920250E+00 1.44906701E+00 1.44889831E+00 1.44868970E+00 1.44843671E+00 1.44813075E+00 1.44776710E+00 1.44733701E+00 1.44683371E+00 1.44624272E+00 1.44555740E+00 1.44476751E+00 1.44386432E+00 1.44283055E+00 1.44165612E+00 1.44031997E+00 1.43880922E+00 1.43709849E+00 1.43517322E+00 1.43301058E+00 1.43060105E+00 1.42791670E+00 1.42493784E+00 1.42162715E+00 1.41795530E+00 1.41387194E+00 1.40938016E+00 1.40447353E+00 1.39908883E+00 1.39312048E+00 1.38657300E+00 1.37942828E+00 1.37162075E+00 1.36312754E+00 1.35391037E+00 1.34490506E+00 1.33513856E+00 1.32570787E+00 1.31560633E+00 1.30613041E+00 1.29614529E+00 1.28688418E+00 1.27700919E+00 1.26758820E+00 1.25772489E+00 1.24871002E+00 1.23924556E+00 1.23044170E+00 1.22137390E+00 1.21319140E+00 1.20468235E+00 1.19673460E+00 1.18842291E+00 1.18082189E+00 1.17307726E+00 1.16613728E+00 1.15901342E+00 1.15193554E+00 1.14453521E+00 1.13685540E+00 1.12902884E+00 1.12104892E+00 1.11272974E+00 1.10401055E+00 1.09506355E+00 1.08584652E+00 1.07603014E+00 1.06549479E+00 1.05469348E+00 1.04365295E+00 1.03135512E+00 1.01671211E+00 1.00000000E+00
1.44566671E+00 1.44566721E+00 1.44566858E+00 1.44567059E+00 1.44567323E+00 1.44567644E+00 1.44568026E+00 1.44568470E+00 1.44568979E+00 1.44569557E+00 1.44570208E+00 1.44570940E+00 1.44571757E+00 1.44572665E+00 1.44573668E+00 1.44574776E+00 1.44575997E+00 1.44577337E+00 1.44578802E+00 1.44580402E+00 1.44582139E+00 1.44584019E+00 1.44586049E+00 1.44588244E+00 1.44590604E+00 1.44593124E+00 1.44595814E+00 1.44598679E+00 1.44601708E+00 1.44604888E+00 1.44608231E+00 1.44611748E+00 1.44615409E+00 1.44619175E+00 1.44623047E+00 1.44627012E+00 1.44631032E+00 1.44635031E+00 1.44638984E+00 1.44642827E+00 1.44646496E+00 1.44649882E+00 1.44652936E+00 1.44655529E+00 1.44657532E+00 1.44658745E+00 1.44659042E+00 1.44658176E+00 1.44656016E+00 1.44652293E+00 1.44646748E+00 1.44638863E+00 1.44628373E+00 1.44614893E+00 1.44598105E+00 1.44577338E+00 1.44552153E+00 1.44521694E+00 1.44485490E+00 1.44442655E+00 1.44392518E+00 1.44333652E+00 1.44265400E+00 1.44186731E+00 1.44096763E+00 1.43993766E+00 1.43876733E+00 1.43743547E+00 1.43592935E+00 1.43422412E+00 1.43230534E+00 1.43015015E+00 1.42774864E+00 1.42507267E+00 1.42210234E+00 1.41880027E+00 1.41513852E+00 1.41106802E+00 1.40659009E+00 1.40169583E+00 1.39632317E+00 1.39036973E+00 1.38383954E+00 1.37671277E+00 1.36892491E+00 1.36045511E+00 1.35126211E+00 1.34227574E+00 1.33252875E+00 1.32312304E+00 1.31305417E+00 1.30361221E+00 1.29365995E+00 1.28442336E+00 1.27457476E+00 1.26518664E+00 1.25536285E+00 1.24638426E+00 1.23695811E+00 1.22819184E+00 1.21916569E+00 1.21102235E+00 1.20255538E+00 1.19464995E+00 1.18638472E+00 1.17882773E+00 1.17112942E+00 1.16423174E+00 1.15715252E+00 1.15012136E+00 1.14277195E+00 1.13514869E+00 1.12738459E+00 1.11947108E+00 1.11122119E+00 1.10257837E+00 1.09371704E+00 1.08459528E+00 1.07488527E+00 1.06447139E+00 1.05380164E+00 1.04291242E+00 1.03081290E+00 1.01641701E+00 1.00000000E+00
1.43130799E+00 1.43130844E+00 1.43130970E+00 1.43131153E+00 1.43131394E+00 1.43131689E+00 1.43132041E+00 1.43132451E+00 1.43132922E+00 1.43133458E+00 1.43134062E+00 1.43134742E+00 1.43135503E+00 1.43136349E+00 1.43137285E+00 1.43138321E+00 1.43139462E+00 1.43140716E+00 1.43142088E+00 1.43143585E+00 1.43145213E+00 1.43146978E+00 1.43148884E+00 1.43150946E+00 1.43153162E+00 1.43155532E+00 1.43158061E+00 1.43160754E+00 1.43163603E+00 1.43166601E+00 1.43169755E+00 1.43173068E+00 1.43176515E+00 1.43180066E+00 1.43183717E+00 1.43187448E+00 1.43191225E+00 1.43194983E+00 1.43198691E+00 1.43202287E+00 1.43205709E+00 1.43208857E+00 1.43211675E+00 1.43214028E+00 1.43215796E+00 1.43216793E+00 1.43216895E+00 1.43215863E+00 1.43213554E+00 1.43209680E+00 1.43203999E+00 1.43196024E+00 1.43185505E+00 1.43172056E+00 1.43155333E+00 1.43134665E+00 1.43109632E+00 1.43079404E+00 1.43043492E+00 1.43000992E+00 1.42951253E+00 1.42892944E+00 1.42825418E+00 1.42747602E+00 1.42658574E+00 1.42556597E+00 1.42440680E+00 1.42308710E+00 1.42159479E+00 1.41990699E+00 1.41800954E+00 1.41587896E+00 1.41350390E+00 1.41085575E+00 1.40791453E+00 1.40464328E+00 1.40101840E+00 1.39699469E+00 1.39256739E+00 1.38771902E+00 1.38239223E+00 1.37649807E+00 1.37003868E+00 1.36298707E+00 1.35528229E+00 1.34691163E+00 1.33782289E+00 1.32892446E+00 1.31927397E+00 1.30999058E+00 1.30007831E+00 1.29079533E+00 1.28099843E+00 1.27188573E+00 1.26217527E+00 1.25295680E+00 1.24333651E+00 1.23454467E+00 1.22531592E+00 1.21674508E+00 1.20793826E+00 1.20000339E+00 1.19175853E+00 1.18407164E+00 1.17604254E+00 1.16871000E+00 1.16125286E+00 1.15458052E+00 1.14773932E+00 1.14095341E+00 1.13386580E+00 1.12653194E+00 1.11909007E+00 1.11151966E+00 1.10362483E+00 1.09537126E+00 1.08694654E+00 1.07830121E+00 1.06910696E+00 1.05928696E+00 1.04928851E+00 1.03916761E+00 1.02803655E+00 1.01488769E+00 1.00000000E+00
1.39319284E+00 1.39319318E+00 1.39319414E+00 1.39319555E+00 1.39319741E+00 1.39319972E+00 1.39320249E+00 1.39320575E+00 1.39320951E+00 1.39321381E+00 1.39321867E+00 1.39322418E+00 1.39323035E+00 1.39323724E+00 1.39324488E+00 1.39325337E+00 1.39326274E+00 1.39327306E+00 1.39328437E+00 1.39329674E+00 1.39331023E+00 1.39332489E+00 1.39334076E+00 1.39335794E+00 1.39337643E+00 1.39339626E+00 1.39341745E+00 1.39344004E+00 1.39346400E+00 1.39348929E+00 1.39351593E+00 1.39354387E+00 1.39357296E+00 1.39360298E+00 1.39363384E+00 1.39366531E+00 1.39369711E+00 1.39372870E+00 1.39375980E+00 1.39378978E+00 1.39381812E+00 1.39384391E+00 1.39386654E+00 1.39388470E+00 1.39389737E+00 1.39390288E+00 1.39390003E+00 1.39388657E+00 1.39386101E+00 1.39382049E+00 1.39376282E+00 1.39368373E+00 1.39358085E+00 1.39345029E+00 1.39328849E+00 1.39308897E+00 1.39284791E+00 1.39255742E+00 1.39221273E+00 1.39180502E+00 1.39132817E+00 1.39077026E+00 1.39012484E+00 1.38938072E+00 1.38852856E+00 1.38755161E+00 1.38644055E+00 1.38517544E+00 1.38374513E+00 1.38212899E+00 1.38031274E+00 1.37827255E+00 1.37599612E+00 1.37345606E+00 1.37063269E+00 1.36749049E+00 1.36400962E+00 1.36014987E+00 1.35590260E+00 1.35124283E+00 1.34611716E+00 1.34045609E+00 1.33426141E+00 1.32749777E+00 1.32010720E+00 1.31209107E+00 1.30339096E+00 1.29487044E+00 1.28563676E+00 1.27679765E+00 1.26740090E+00 1.25861782E+00 1.24933471E+00 1.24069544E+00 1.23151109E+00 1.22285211E+00 1.21386544E+00 1.20565547E+00 1.19703826E+00 1.18906514E+00 1.18092546E+00 1.17362221E+00 1.16602882E+00 1.15895450E+00 1.15156913E+00 1.14484974E+00 1.13806504E+00 1.13202749E+00 1.12584676E+00 1.11972042E+00 1.11331259E+00 1.10671859E+00 1.10009801E+00 1.09339267E+00 1.08637940E+00 1.07908610E+00 1.07173600E+00 1.06423875E+00 1.05624383E+00 1.04780743E+00 1.03941920E+00 1.03108844E+00 1.02206234E+00 1.01160957E+00 1.00000000E+00
1.33400598E+00 1.33400619E+00 1.33400678E+00 1.33400766E+00 1.33400884E+00 1.33401032E+00 1.33401211E+00 1.33401424E+00 1.33401671E+00 1.33401956E+00 1.33402282E+00 1.33402652E+00 1.33403069E+00 1.33403539E+00 1.33404063E+00 1.33404648E+00 1.33405298E+00 1.33406017E+00 1.33406811E+00 1.33407684E+00 1.33408641E+00 1.33409687E+00 1.33410826E+00 1.33412066E+00 1.33413407E+00 1.33414854E+00 1.33416409E+00 1.33418077E+00 1.33419856E+00 1.33421745E+00 1.33423745E+00 1.33425852E+00 1.33428057E+00 1.33430348E+00 1.33432715E+00 1.33435139E+00 1.33437601E+00 1.33440063E+00 1.33442500E+00 1.33444863E+00 1.33447111E+00 1.33449168E+00 1.33450984E+00 1.33452449E+00 1.33453486E+00 1.33453954E+00 1.33453749E+00 1.33452683E+00 1.33450625E+00 1.33447325E+00 1.33442598E+00 1.33436091E+00 1.33427599E+00 1.33416768E+00 1.33403267E+00 1.33386533E+00 1.33366233E+00 1.33341679E+00 1.33312450E+00 1.33277756E+00 1.33237042E+00 1.33189285E+00 1.33133885E+00 1.33069786E+00 1.32996111E+00 1.32911370E+00 1.32814711E+00 1.32704365E+00 1.32579339E+00 1.32437778E+00 1.32278293E+00 1.32098701E+00 1.31897835E+00 1.31673229E+00 1.31422957E+00 1.31143810E+00 1.30834030E+00 1.30490239E+00 1.30111744E+00 1.29695722E+00 1.29236895E+00 1.28730183E+00 1.28176102E+00 1.27570803E+00 1.26908743E+00 1.26191590E+00 1.25414163E+00 1.24653187E+00 1.23827851E+00 1.23040839E+00 1.22208212E+00 1.21431060E+00 1.20608209E+00 1.19844643E+00 1.19035108E+00 1.18275165E+00 1.17490903E+00 1.16774930E+00 1.16022819E+00 1.15330010E+00 1.14629600E+00 1.14004171E+00 1.13350439E+00 1.12741220E+00 1.12105446E+00 1.11530773E+00 1.10957724E+00 1.10451288E+00 1.09932113E+00 1.09417055E+00 1.08875943E+00 1.08323557E+00 1.07777884E+00 1.07227910E+00 1.06648900E+00 1.06051950E+00 1.05462158E+00 1.04864775E+00 1.04222298E+00 1.03554536E+00 1.02913295E+00 1.02287092E+00 1.01608983E+00 1.00837892E+00 1.00000000E+00
1.24921193E+00 1.24921202E+00 1.24921226E+00 1.24921264E+00 1.24921315E+00 1.24921381E+00 1.24921462E+00 1.24921560E+00 1.24921674E+00 1.24921808E+00 1.24921962E+00 1.24922140E+00 1.24922342E+00 1.24922572E+00 1.24922831E+00 1.24923124E+00 1.24923452E+00 1.24923819E+00 1.24924228E+00 1.24924683E+00 1.24925187E+00 1.24925743E+00 1.24926355E+00 1.24927027E+00 1.24927762E+00 1.24928563E+00 1.24929432E+00 1.24930374E+00 1.24931389E+00 1.24932477E+00 1.24933640E+00 1.24934877E+00 1.24936185E+00 1.24937557E+00 1.24938989E+00 1.24940470E+00 1.24941990E+00 1.24943528E+00 1.24945068E+00 1.24946580E+00 1.24948039E+00 1.24949397E+00 1.24950618E+00 1.24951631E+00 1.24952389E+00 1.24952799E+00 1.24952783E+00 1.24952216E+00 1.24951003E+00 1.24948973E+00 1.24945987E+00 1.24941807E+00 1.24936289E+00 1.24929163E+00 1.24920174E+00 1.24908918E+00 1.24895145E+00 1.24878351E+00 1.24858232E+00 1.24834182E+00 1.24805757E+00 1.24772215E+00 1.24733071E+00 1.24687476E+00 1.24634721E+00 1.24573682E+00 1.24503646E+00 1.24423257E+00 1.24331742E+00 1.24227604E+00 1.24109635E+00 1.23976157E+00 1.23826208E+00 1.23657802E+00 1.23469195E+00 1.23257938E+00 1.23022497E+00 1.22760365E+00 1.22471255E+00 1.22152275E+00 1.21798573E+00 1.21407227E+00 1.20978980E+00 1.20510064E+00 1.19995670E+00 1.19438371E+00 1.18834427E+00 1.18242714E+00 1.17598637E+00 1.16986291E+00 1.16341518E+00 1.15739184E+00 1.15098716E+00 1.14507316E+00 1.13882148E+00 1.13295930E+00 1.12694168E+00 1.12145346E+00 1.11567663E+00 1.11037799E+00 1.10507592E+00 1.10035069E+00 1.09535849E+00 1.09072761E+00 1.08591298E+00 1.08159625E+00 1.07735172E+00 1.07361158E+00 1.06974888E+00 1.06592551E+00 1.06189627E+00 1.05782363E+00 1.05387593E+00 1.04991384E+00 1.04570009E+00 1.04139374E+00 1.03722953E+00 1.03304343E+00 1.02847990E+00 1.02378748E+00 1.01944573E+00 1.01526519E+00 1.01069093E+00 1.00553238E+00 1.00000000E+00
1.19486508E+00 1.19486512E+00 1.19486523E+00 1.19486541E+00 1.19486566E+00 1.19486598E+00 1.19486638E+00 1.19486687E+00 1.19486745E+00 1.19486813E+00 1.19486892E+00 1.19486984E+00 1.19487090E+00 1.19487211E+00 1.19487348E+00 1.19487505E+00 1.19487682E+00 1.19487882E+00 1.19488106E+00 1.19488357E+00 1.19488637E+00 1.19488949E+00 1.19489295E+00 1.19489678E+00 1.19490099E+00 1.19490562E+00 1.19491068E+00 1.19491620E+00 1.19492220E+00 1.19492868E+00 1.19493564E+00 1.19494310E+00 1.19495104E+00 1.19495945E+00 1.19496827E+00 1.19497745E+00 1.19498695E+00 1.19499663E+00 1.19500640E+00 1.19501606E+00 1.19502547E+00 1.19503430E+00 1.19504231E+00 1.19504905E+00 1.19505422E+00 1.19505717E+00 1.19505738E+00 1.19505398E+00 1.19504633E+00 1.19503324E+00 1.19501369E+00 1.19498607E+00 1.19494937E+00 1.19490157E+00 1.19484080E+00 1.19476421E+00 1.19466989E+00 1.19455422E+00 1.19441496E+00 1.19424755E+00 1.19404855E+00 1.19381251E+00 1.19353563E+00 1.19321126E+00 1.19283391E+00 1.19239513E+00 1.19188904E+00 1.19130521E+00 1.19063753E+00 1.18987392E+00 1.18900451E+00 1.18801611E+00 1.18690077E+00 1.18564214E+00 1.18422557E+00 1.18263208E+00 1.18084829E+00 1.17885387E+00 1.17664616E+00 1.17419871E+00 1.17147245E+00 1.16844701E+00 1.16512596E+00 1.16147528E+00 1.15745703E+00 1.15309172E+00 1.14834788E+00 1.14368640E+00 1.13860039E+00 1.13376403E+00 1.12866553E+00 1.12388770E+00 1.11879237E+00 1.11409096E+00 1.10912952E+00 1.10447754E+00 1.09970033E+00 1.09534075E+00 1.09075324E+00 1.08654954E+00 1.08233657E+00 1.07856748E+00 1.07457784E+00 1.07090771E+00 1.06711153E+00 1.06370986E+00 1.06036144E+00 1.05739605E+00 1.05432249E+00 1.05130317E+00 1.04813637E+00 1.04494092E+00 1.04184695E+00 1.03874158E+00 1.03543598E+00 1.03206424E+00 1.02881179E+00 1.02555629E+00 1.02201224E+00 1.01837252E+00 1.01501118E+00 1.01178914E+00 1.00832297E+00 1.00437167E+00 1.00000000E+00
1.68603231E+00 1.68603454E+00 1.68604055E+00 1.68604902E+00 1.68605979E+00 1.68607252E+00 1.68608724E+00 1.68610394E+00 1.68612264E+00 1.68614332E+00 1.68616606E+00 1.68619105E+00 1.68621830E+00 1.68624774E+00 1.68627943E+00 1.68631356E+00 1.68635016E+00 1.68638915E+00 1.68643059E+00 1.68647457E+00 1.68652095E+00 1.68656944E+00 1.68662003E+00 1.68667281E+00 1.68672750E+00 1.68678361E+00 1.68684102E+00 1.68689941E+00 1.68695816E+00 1.68701642E+00 1.68707418E+00 1.68713108E+00 1.68718597E+00 1.68723722E+00 1.68728444E+00 1.68732664E+00 1.68736243E+00 1.68738930E+00 1.68740616E+00 1.68741074E+00 1.68740132E+00 1.68737502E+00 1.68733007E+00 1.68726257E+00 1.68716959E+00 1.68704638E+00 1.68688980E+00 1.68669401E+00 1.68645649E+00 1.68617192E+00 1.68583455E+00 1.68543373E+00 1.68496458E+00 1.68441970E+00 1.68379394E+00 1.68307600E+00 1.68225788E+00 1.68132490E+00 1.68026963E+00 1.67907845E+00 1.67774138E+00 1.67623660E+00 1.67455406E+00 1.67267850E+00 1.67059877E+00 1.66829177E+00 1.66574418E+00 1.66292924E+00 1.65982911E+00 1.65640777E+00 1.65264781E+00 1.64852289E+00 1.64402427E+00 1.63912164E+00 1.63379118E+00 1.62798405E+00 1.62166725E+00 1.61479208E+00 1.60735634E+00 1.59934187E+00 1.59069326E+00 1.58128598E+00 1.57110379E+00 1.56011443E+00 1.54826272E+00 1.53556208E+00 1.52193161E+00 1.50871588E+00 1.49455058E+00 1.48104793E+00 1.46665353E+00 1.45317241E+00 1.43901719E+00 1.42595420E+00 1.41217782E+00 1.39914718E+00 1.38546764E+00 1.37292810E+00 1.35981545E+00 1.34764443E+00 1.33504253E+00 1.32360160E+00 1.31175020E+00 1.30078146E+00 1.28934325E+00 1.27883296E+00 1.26804832E+00 1.25833777E+00 1.24837387E+00 1.23851399E+00 1.22822901E+00 1.21749315E+00 1.20645206E+00 1.19515628E+00 1.18338191E+00 1.17095855E+00 1.15809898E+00 1.14480876E+00 1.13049314E+00 1.11467782E+00 1.09823515E+00 1.08185817E+00 1.06315107E+00 1.03666031E+00 1.00000000E+00
1.67482201E+00 1.67482417E+00 1.67482997E+00 1.67483811E+00 1.67484847E+00 1.67486075E+00 1.67487496E+00 1.67489111E+00 1.67490920E+00 1.67492925E+00 1.67495132E+00 1.67497559E+00 1.67500207E+00 1.67503072E+00 1.67506160E+00 1.67509491E+00 1.67513067E+00 1.67516882E+00 1.67520942E+00 1.67525254E+00 1.67529808E+00 1.67534578E+00 1.67539564E+00 1.67544774E+00 1.67550183E+00 1.67555745E+00 1.67561450E+00 1.67567264E+00 1.67573132E+00 1.67578980E+00 1.67584802E+00 1.67590558E+00 1.67596143E+00 1.67601405E+00 1.67606305E+00 1.67610741E+00 1.67614582E+00 1.67617590E+00 1.67619660E+00 1.67620568E+00 1.67620148E+00 1.67618121E+00 1.67614312E+00 1.67608340E+00 1.67599915E+00 1.67588578E+00 1.67574026E+00 1.67555697E+00 1.67533328E+00 1.67506372E+00 1.67474269E+00 1.67435985E+00 1.67391053E+00 1.67338749E+00 1.67278540E+00 1.67209285E+00 1.67130205E+00 1.67039854E+00 1.66937493E+00 1.66821751E+00 1.66691628E+00 1.66544975E+00 1.66380813E+00 1.66197626E+00 1.65994282E+00 1.65768464E+00 1.65518814E+00 1.65242589E+00 1.64938055E+00 1.64601772E+00 1.64232048E+00 1.63826225E+00 1.63383295E+00 1.62900087E+00 1.62374233E+00 1.61800972E+00 1.61177166E+00 1.60497899E+00 1.59762761E+00 1.58969733E+00 1.58113211E+00 1.57181091E+00 1.56172005E+00 1.55082773E+00 1.53907714E+00 1.52647867E+00 1.51295064E+00 1.49982839E+00 1.48575574E+00 1.47233849E+00 1.45804204E+00 1.44466464E+00 1.43061677E+00 1.41763873E+00 1.40394293E+00 1.39099263E+00 1.37740465E+00 1.36495358E+00 1.35193508E+00 1.33985446E+00 1.32735349E+00 1.31601115E+00 1.30426454E+00 1.29339348E+00 1.28206062E+00 1.27165206E+00 1.26097615E+00 1.25136595E+00 1.24150681E+00 1.23175295E+00 1.22158198E+00 1.21097262E+00 1.20007330E+00 1.18893105E+00 1.17731633E+00 1.16506714E+00 1.15240827E+00 1.13934027E+00 1.12526121E+00 1.10972481E+00 1.09361609E+00 1.07760640E+00 1.05928574E+00 1.03386124E+00 1.00000000E+00
1.66749174E+00 1.66749385E+00 1.66749950E+00 1.66750743E+00 1.66751752E+00 1.66752950E+00 1.66754337E+00 1.66755915E+00 1.66757683E+00 1.66759645E+00 1.66761807E+00 1.66764184E+00 1.66766780E+00 1.66769593E+00 1.66772626E+00 1.66775900E+00 1.66779417E+00 1.66783173E+00 1.66787173E+00 1.66791424E+00 1.66795917E+00 1.66800629E+00 1.66805560E+00 1.66810717E+00 1.66816077E+00 1.66821597E+00 1.66827266E+00 1.66833051E+00 1.66838901E+00 1.66844747E+00 1.66850582E+00 1.66856363E+00 1.66861989E+00 1.66867318E+00 1.66872308E+00 1.66876858E+00 1.66880841E+00 1.66884027E+00 1.66886312E+00 1.66887477E+00 1.66887358E+00 1.66885681E+00 1.66882274E+00 1.66876759E+00 1.66868852E+00 1.66858102E+00 1.66844213E+00 1.66826635E+00 1.66805099E+00 1.66779050E+00 1.66747937E+00 1.66710751E+00 1.66667032E+00 1.66616065E+00 1.66557307E+00 1.66489613E+00 1.66412215E+00 1.66323685E+00 1.66223281E+00 1.66109628E+00 1.65981727E+00 1.65837455E+00 1.65675848E+00 1.65495394E+00 1.65294946E+00 1.65072178E+00 1.64825723E+00 1.64552810E+00 1.64251738E+00 1.63919166E+00 1.63553420E+00 1.63151812E+00 1.62713261E+00 1.62234531E+00 1.61713267E+00 1.61144776E+00 1.60526004E+00 1.59851999E+00 1.59122247E+00 1.58334618E+00 1.57483478E+00 1.56556956E+00 1.55553832E+00 1.54470926E+00 1.53302459E+00 1.52049310E+00 1.50703253E+00 1.49397207E+00 1.47996152E+00 1.46660278E+00 1.45237343E+00 1.43906593E+00 1.42509000E+00 1.41216960E+00 1.39852953E+00 1.38563568E+00 1.37211240E+00 1.35972360E+00 1.34677136E+00 1.33475440E+00 1.32232437E+00 1.31105118E+00 1.29937819E+00 1.28857604E+00 1.27731727E+00 1.26697993E+00 1.25638008E+00 1.24684014E+00 1.23705458E+00 1.22737549E+00 1.21728516E+00 1.20676537E+00 1.19596573E+00 1.18493059E+00 1.17342787E+00 1.16130167E+00 1.14878254E+00 1.13586788E+00 1.12195676E+00 1.10662376E+00 1.09075367E+00 1.07498465E+00 1.05694486E+00 1.03223042E+00 1.00000000E+00
1.62851561E+00 1.62851743E+00 1.62852227E+00 1.62852905E+00 1.62853771E+00 1.62854807E+00 1.62856012E+00 1.62857388E+00 1.62858937E+00 1.62860663E+00 1.62862572E+00 1.62864679E+00 1.62866986E+00 1.62869498E+00 1.62872219E+00 1.62875167E+00 1.62878345E+00 1.62881754E+00 1.62885397E+00 1.62889283E+00 1.62893407E+00 1.62897759E+00 1.62902337E+00 1.62907147E+00 1.62912173E+00 1.62917384E+00 1.62922770E+00 1.62928304E+00 1.62933951E+00 1.62939660E+00 1.62945421E+00 1.62951186E+00 1.62956878E+00 1.62962384E+00 1.62967662E+00 1.62972613E+00 1.62977132E+00 1.62981027E+00 1.62984201E+00 1.62986455E+00 1.62987644E+00 1.62987517E+00 1.62985913E+00 1.62982480E+00 1.62976964E+00 1.62968957E+00 1.62958193E+00 1.62944164E+00 1.62926585E+00 1.62904887E+00 1.62878578E+00 1.62846752E+00 1.62808988E+00 1.62764596E+00 1.62712995E+00 1.62653048E+00 1.62584049E+00 1.62504639E+00 1.62414074E+00 1.62310975E+00 1.62194376E+00 1.62062295E+00 1.61913812E+00 1.61747411E+00 1.61561875E+00 1.61354849E+00 1.61124971E+00 1.60869457E+00 1.60586751E+00 1.60273881E+00 1.59929161E+00 1.59549725E+00 1.59134284E+00 1.58679482E+00 1.58182989E+00 1.57640284E+00 1.57048589E+00 1.56402828E+00 1.55702229E+00 1.54944342E+00 1.54123321E+00 1.53228369E+00 1.52258880E+00 1.51211514E+00 1.50080044E+00 1.48864903E+00 1.47557743E+00 1.46287998E+00 1.44924312E+00 1.43624269E+00 1.42241767E+00 1.40951483E+00 1.39595400E+00 1.38338304E+00 1.37009515E+00 1.35755809E+00 1.34444051E+00 1.33243828E+00 1.31989551E+00 1.30827118E+00 1.29627595E+00 1.28542307E+00 1.27419494E+00 1.26380675E+00 1.25298773E+00 1.24307016E+00 1.23292006E+00 1.22379845E+00 1.21445194E+00 1.20521736E+00 1.19560268E+00 1.18560703E+00 1.17538247E+00 1.16495788E+00 1.15410010E+00 1.14268644E+00 1.13094848E+00 1.11886939E+00 1.10592108E+00 1.09179402E+00 1.07725686E+00 1.06272159E+00 1.04628998E+00 1.02524874E+00 1.00000000E+00
1.55411174E+00 1.55411301E+00 1.55411639E+00 1.55412114E+00 1.55412730E+00 1.55413475E+00 1.55414350E+00 1.55415358E+00 1.55416502E+00 1.55417787E+00 1.55419217E+00 1.55420805E+00 1.55422555E+00 1.55424473E+00 1.55426565E+00 1.55428843E+00 1.55431311E+00 1.55433973E+00 1.55436835E+00 1.55439903E+00 1.55443179E+00 1.55446659E+00 1.55450344E+00 1.55454236E+00 1.55458328E+00 1.55462603E+00 1.55467054E+00 1.55471662E+00 1.55476407E+00 1.55481257E+00 1.55486196E+00 1.55491178E+00 1.55496154E+00 1.55501047E+00 1.55505813E+00 1.55510364E+00 1.55514622E+00 1.55518441E+00 1.55521738E+00 1.55524343E+00 1.55526134E+00 1.55526894E+00 1.55526477E+00 1.55524576E+00 1.55520983E+00 1.55515351E+00 1.55507434E+00 1.55496781E+00 1.55483109E+00 1.55465876E+00 1.55444667E+00 1.55418714E+00 1.55387631E+00 1.55350746E+00 1.55307457E+00 1.55256685E+00 1.55197809E+00 1.55129577E+00 1.55051273E+00 1.54961577E+00 1.54859582E+00 1.54743528E+00 1.54612521E+00 1.54465017E+00 1.54299746E+00 1.54114408E+00 1.53907741E+00 1.53677112E+00 1.53421132E+00 1.53137180E+00 1.52823466E+00 1.52476975E+00 1.52096351E+00 1.51678363E+00 1.51220577E+00 1.50718575E+00 1.50169987E+00 1.49570079E+00 1.48918108E+00 1.48211333E+00 1.47443353E+00 1.46605265E+00 1.45697519E+00 1.44716382E+00 1.43655088E+00 1.42514934E+00 1.41288012E+00 1.40096350E+00 1.38815889E+00 1.37597890E+00 1.36307994E+00 1.35108136E+00 1.33846144E+00 1.32674805E+00 1.31437311E+00 1.30275542E+00 1.29067217E+00 1.27964538E+00 1.26813266E+00 1.25749638E+00 1.24659254E+00 1.23678361E+00 1.22664680E+00 1.21726714E+00 1.20750584E+00 1.19859287E+00 1.18952973E+00 1.18142846E+00 1.17315053E+00 1.16498676E+00 1.15649591E+00 1.14772003E+00 1.13882138E+00 1.12979164E+00 1.12039971E+00 1.11059071E+00 1.10058545E+00 1.09035642E+00 1.07953416E+00 1.06798952E+00 1.05621393E+00 1.04439412E+00 1.03160449E+00 1.01665723E+00 1.00000000E+00
1.46838087E+00 1.46838164E+00 1.46838372E+00 1.46838668E+00 1.46839058E+00 1.46839537E+00 1.46840106E+00 1.46840768E+00 1.46841525E+00 1.46842383E+00 1.46843346E+00 1.46844421E+00 1.46845614E+00 1.46846929E+00 1.46848373E+00 1.46849953E+00 1.46851672E+00 1.46853538E+00 1.46855554E+00 1.46857724E+00 1.46860054E+00 1.46862542E+00 1.46865189E+00 1.46867997E+00 1.46870962E+00 1.46874076E+00 1.46877334E+00 1.46880722E+00 1.46884228E+00 1.46887829E+00 1.46891508E+00 1.46895228E+00 1.46898957E+00 1.46902638E+00 1.46906232E+00 1.46909663E+00 1.46912873E+00 1.46915749E+00 1.46918220E+00 1.46920142E+00 1.46921417E+00 1.46921854E+00 1.46921324E+00 1.46919566E+00 1.46916415E+00 1.46911571E+00 1.46904808E+00 1.46895733E+00 1.46884092E+00 1.46869397E+00 1.46851281E+00 1.46829092E+00 1.46802489E+00 1.46770841E+00 1.46733560E+00 1.46689673E+00 1.46638634E+00 1.46579325E+00 1.46511112E+00 1.46432782E+00 1.46343474E+00 1.46241654E+00 1.46126476E+00 1.45996454E+00 1.45850343E+00 1.45686032E+00 1.45502365E+00 1.45296973E+00 1.45068636E+00 1.44814984E+00 1.44534157E+00 1.44223387E+00 1.43881461E+00 1.43505489E+00 1.43092883E+00 1.42639558E+00 1.42143502E+00 1.41600907E+00 1.41011664E+00 1.40372777E+00 1.39676846E+00 1.38917300E+00 1.38096188E+00 1.37209632E+00 1.36250294E+00 1.35221714E+00 1.34117789E+00 1.33047815E+00 1.31896997E+00 1.30805862E+00 1.29658021E+00 1.28594317E+00 1.27474613E+00 1.26438422E+00 1.25346431E+00 1.24325296E+00 1.23270516E+00 1.22310276E+00 1.21307189E+00 1.20383970E+00 1.19448453E+00 1.18614204E+00 1.17749689E+00 1.16947276E+00 1.16110890E+00 1.15351772E+00 1.14590235E+00 1.13916207E+00 1.13228741E+00 1.12549900E+00 1.11840357E+00 1.11112370E+00 1.10386475E+00 1.09655051E+00 1.08891289E+00 1.08100604E+00 1.07310060E+00 1.06509632E+00 1.05660592E+00 1.04773456E+00 1.03901645E+00 1.03043632E+00 1.02129331E+00 1.01103847E+00 1.00000000E+00
1.33999279E+00 1.33999308E+00 1.33999388E+00 1.33999506E+00 1.33999666E+00 1.33999866E+00 1.34000108E+00 1.34000394E+00 1.34000725E+00 1.34001105E+00 1.34001536E+00 1.34002022E+00 1.34002566E+00 1.34003171E+00 1.34003841E+00 1.34004580E+00 1.34005391E+00 1.34006277E+00 1.34007242E+00 1.34008290E+00 1.34009422E+00 1.34010641E+00 1.34011947E+00 1.34013340E+00 1.34014821E+00 1.34016387E+00 1.34018036E+00 1.34019759E+00 1.34021553E+00 1.34023401E+00 1.34025293E+00 1.34027208E+00 1.34029130E+00 1.34031026E+00 1.34032865E+00 1.34034602E+00 1.34036200E+00 1.34037592E+00 1.34038727E+00 1.34039512E+00 1.34039882E+00 1.34039704E+00 1.34038883E+00 1.34037246E+00 1.34034697E+00 1.34031019E+00 1.34026038E+00 1.34019489E+00 1.34011183E+00 1.34000775E+00 1.33987975E+00 1.33972343E+00 1.33953653E+00 1.33931414E+00 1.33905135E+00 1.33874099E+00 1.33837899E+00 1.33795721E+00 1.33747141E+00 1.33691205E+00 1.33627173E+00 1.33553952E+00 1.33470852E+00 1.33376700E+00 1.33270422E+00 1.33150415E+00 1.33015690E+00 1.32864475E+00 1.32695911E+00 1.32508042E+00 1.32299048E+00 1.32067009E+00 1.31811157E+00 1.31529175E+00 1.31218291E+00 1.30875399E+00 1.30498758E+00 1.30086101E+00 1.29638763E+00 1.29152983E+00 1.28619956E+00 1.28036951E+00 1.27408105E+00 1.26729056E+00 1.25991989E+00 1.25202714E+00 1.24358743E+00 1.23541293E+00 1.22656255E+00 1.21819742E+00 1.20948742E+00 1.20142898E+00 1.19289552E+00 1.18504965E+00 1.17681062E+00 1.16910790E+00 1.16121385E+00 1.15404099E+00 1.14652226E+00 1.13963742E+00 1.13278731E+00 1.12672713E+00 1.12035698E+00 1.11443013E+00 1.10825386E+00 1.10271324E+00 1.09727871E+00 1.09251421E+00 1.08762404E+00 1.08278054E+00 1.07767607E+00 1.07250899E+00 1.06749275E+00 1.06246890E+00 1.05715893E+00 1.05173209E+00 1.04646679E+00 1.04117780E+00 1.03546476E+00 1.02960426E+00 1.02414549E+00 1.01886629E+00 1.01312175E+00 1.00673469E+00 1.00000000E+00
1.25018317E+00 1.25018323E+00 1.25018344E+00 1.25018380E+00 1.25018432E+00 1.25018499E+00 1.25018583E+00 1.25018684E+00 1.25018802E+00 1.25018940E+00 1.25019097E+00 1.25019275E+00 1.25019475E+00 1.25019699E+00 1.25019948E+00 1.25020224E+00 1.25020527E+00 1.25020860E+00 1.25021223E+00 1.25021618E+00 1.25022045E+00 1.25022505E+00 1.25022997E+00 1.25023520E+00 1.25024075E+00 1.25024659E+00 1.25025270E+00 1.25025902E+00 1.25026553E+00 1.25027212E+00 1.25027869E+00 1.25028512E+00 1.25029136E+00 1.25029720E+00 1.25030236E+00 1.25030660E+00 1.25030972E+00 1.25031130E+00 1.25031098E+00 1.25030823E+00 1.25030261E+00 1.25029327E+00 1.25027952E+00 1.25026034E+00 1.25023524E+00 1.25020277E+00 1.25016165E+00 1.25011026E+00 1.25004735E+00 1.24997075E+00 1.24987824E+00 1.24976710E+00 1.24963611E+00 1.24948178E+00 1.24930036E+00 1.24908710E+00 1.24883907E+00 1.24855087E+00 1.24822007E+00 1.24783966E+00 1.24740374E+00 1.24690499E+00 1.24633808E+00 1.24569500E+00 1.24496711E+00 1.24414295E+00 1.24321443E+00 1.24216905E+00 1.24100113E+00 1.23969483E+00 1.23823404E+00 1.23660614E+00 1.23480715E+00 1.23281784E+00 1.23061157E+00 1.22816686E+00 1.22546781E+00 1.22249903E+00 1.21927914E+00 1.21576798E+00 1.21188286E+00 1.20761722E+00 1.20301184E+00 1.19802133E+00 1.19257761E+00 1.18673330E+00 1.18047831E+00 1.17440189E+00 1.16777850E+00 1.16152071E+00 1.15502656E+00 1.14899626E+00 1.14256653E+00 1.13667746E+00 1.13050283E+00 1.12471293E+00 1.11879589E+00 1.11342363E+00 1.10777565E+00 1.10261134E+00 1.09750228E+00 1.09297501E+00 1.08816412E+00 1.08371283E+00 1.07909671E+00 1.07497606E+00 1.07096506E+00 1.06744063E+00 1.06379129E+00 1.06018898E+00 1.05639234E+00 1.05257104E+00 1.04890202E+00 1.04523136E+00 1.04131817E+00 1.03733141E+00 1.03350923E+00 1.02968690E+00 1.02551562E+00 1.02124489E+00 1.01734299E+00 1.01359755E+00 1.00950547E+00 1.00491207E+00 1.00000000E+00
1.87902473E+00 1.87902939E+00 1.87904181E+00 1.87905896E+00 1.87908038E+00 1.87910520E+00 1.87913338E+00 1.87916477E+00 1.87919930E+00 1.87923688E+00 1.87927755E+00 1.87932151E+00 1.87936865E+00 1.87941864E+00 1.87947146E+00 1.87952734E+00 1.87958614E+00 1.87964741E+00 1.87971111E+00 1.87977730E+00 1.87984552E+00 1.87991479E+00 1.87998491E+00 1.88005568E+00 1.88012644E+00 1.88019599E+00 1.88026388E+00 1.88032901E+00 1.88039027E+00 1.88044594E+00 1.88049562E+00 1.88053806E+00 1.88057120E+00 1.88059209E+00 1.88059972E+00 1.88059188E+00 1.88056617E+00 1.88051822E+00 1.88044605E+00 1.88034563E+00 1.88021429E+00 1.88004757E+00 1.87984229E+00 1.87959191E+00 1.87929224E+00 1.87893642E+00 1.87851968E+00 1.87803323E+00 1.87747359E+00 1.87683332E+00 1.87610437E+00 1.87527255E+00 1.87433130E+00 1.87327024E+00 1.87208328E+00 1.87075658E+00 1.86928010E+00 1.86763608E+00 1.86581498E+00 1.86379945E+00 1.86157845E+00 1.85912728E+00 1.85643391E+00 1.85347957E+00 1.85025188E+00 1.84672519E+00 1.84288615E+00 1.83870786E+00 1.83416842E+00 1.82922366E+00 1.82385626E+00 1.81804107E+00 1.81177133E+00 1.80501762E+00 1.79774976E+00 1.78990580E+00 1.78146100E+00 1.77238898E+00 1.76267331E+00 1.75226273E+00 1.74111878E+00 1.72912805E+00 1.71624863E+00 1.70241798E+00 1.68760112E+00 1.67186463E+00 1.65508136E+00 1.63885321E+00 1.62155230E+00 1.60521062E+00 1.58787200E+00 1.57164764E+00 1.55461241E+00 1.53889961E+00 1.52243397E+00 1.50700467E+00 1.49082409E+00 1.47593758E+00 1.46038172E+00 1.44596807E+00 1.43100966E+00 1.41737271E+00 1.40325353E+00 1.39024474E+00 1.37670555E+00 1.36426121E+00 1.35145358E+00 1.33986911E+00 1.32797215E+00 1.31622884E+00 1.30401099E+00 1.29125744E+00 1.27806806E+00 1.26449079E+00 1.25035244E+00 1.23546519E+00 1.21997481E+00 1.20392161E+00 1.18669751E+00 1.16757235E+00 1.14754769E+00 1.12832589E+00 1.10820871E+00 1.07171651E+00 1.00000000E+00
1.87428509E+00 1.87428971E+00 1.87430198E+00 1.87431884E+00 1.87433992E+00 1.87436437E+00 1.87439217E+00 1.87442314E+00 1.87445724E+00 1.87449438E+00 1.87453459E+00 1.87457804E+00 1.87462463E+00 1.87467406E+00 1.87472632E+00 1.87478159E+00 1.87483973E+00 1.87490031E+00 1.87496329E+00 1.87502867E+00 1.87509598E+00 1.87516433E+00 1.87523349E+00 1.87530320E+00 1.87537283E+00 1.87544119E+00 1.87550780E+00 1.87557154E+00 1.87563134E+00 1.87568556E+00 1.87573371E+00 1.87577441E+00 1.87580569E+00 1.87582470E+00 1.87583035E+00 1.87582031E+00 1.87579223E+00 1.87574184E+00 1.87566714E+00 1.87556406E+00 1.87542992E+00 1.87526021E+00 1.87505173E+00 1.87479793E+00 1.87449459E+00 1.87413485E+00 1.87371405E+00 1.87322353E+00 1.87265960E+00 1.87201447E+00 1.87128015E+00 1.87044259E+00 1.86949544E+00 1.86842851E+00 1.86723537E+00 1.86590186E+00 1.86441796E+00 1.86276584E+00 1.86093611E+00 1.85891143E+00 1.85668058E+00 1.85421887E+00 1.85151442E+00 1.84854855E+00 1.84530894E+00 1.84177004E+00 1.83791769E+00 1.83372348E+00 1.82916642E+00 1.82420494E+00 1.81882250E+00 1.81299342E+00 1.80670834E+00 1.79993503E+00 1.79264534E+00 1.78478166E+00 1.77631927E+00 1.76722747E+00 1.75748831E+00 1.74705033E+00 1.73587488E+00 1.72385149E+00 1.71094155E+00 1.69708510E+00 1.68224434E+00 1.66648011E+00 1.64966481E+00 1.63340779E+00 1.61607664E+00 1.59970573E+00 1.58234374E+00 1.56611377E+00 1.54907730E+00 1.53335247E+00 1.51686731E+00 1.50142312E+00 1.48523181E+00 1.47034027E+00 1.45478502E+00 1.44037939E+00 1.42543587E+00 1.41181641E+00 1.39771900E+00 1.38473426E+00 1.37122722E+00 1.35881837E+00 1.34604919E+00 1.33449907E+00 1.32263714E+00 1.31093050E+00 1.29875693E+00 1.28605855E+00 1.27293644E+00 1.25943716E+00 1.24537995E+00 1.23057621E+00 1.21518919E+00 1.19927655E+00 1.18222280E+00 1.16327794E+00 1.14341737E+00 1.12431471E+00 1.10420247E+00 1.06835447E+00 1.00000000E+00
1.87058179E+00 1.87058636E+00 1.87059850E+00 1.87061516E+00 1.87063598E+00 1.87066016E+00 1.87068767E+00 1.87071834E+00 1.87075213E+00 1.87078894E+00 1.87082881E+00 1.87087189E+00 1.87091808E+00 1.87096711E+00 1.87101897E+00 1.87107381E+00 1.87113148E+00 1.87119160E+00 1.87125408E+00 1.87131890E+00 1.87138562E+00 1.87145336E+00 1.87152189E+00 1.87159092E+00 1.87165983E+00 1.87172745E+00 1.87179328E+00 1.87185618E+00 1.87191511E+00 1.87196848E+00 1.87201575E+00 1.87205547E+00 1.87208571E+00 1.87210369E+00 1.87210827E+00 1.87209707E+00 1.87206775E+00 1.87201611E+00 1.87194014E+00 1.87183576E+00 1.87170026E+00 1.87152912E+00 1.87131914E+00 1.87106374E+00 1.87075871E+00 1.87039721E+00 1.86997461E+00 1.86948235E+00 1.86891658E+00 1.86826929E+00 1.86753259E+00 1.86669254E+00 1.86574290E+00 1.86467355E+00 1.86347784E+00 1.86214142E+00 1.86065432E+00 1.85899872E+00 1.85716524E+00 1.85513653E+00 1.85290127E+00 1.85043486E+00 1.84772552E+00 1.84475461E+00 1.84150975E+00 1.83796534E+00 1.83410682E+00 1.82990509E+00 1.82533976E+00 1.82037075E+00 1.81498176E+00 1.80914651E+00 1.80285435E+00 1.79607175E+00 1.78877176E+00 1.78089908E+00 1.77242875E+00 1.76332729E+00 1.75357612E+00 1.74312411E+00 1.73193241E+00 1.71989239E+00 1.70696736E+00 1.69309869E+00 1.67824678E+00 1.66246888E+00 1.64563713E+00 1.62936561E+00 1.61201971E+00 1.59563487E+00 1.57826280E+00 1.56203307E+00 1.54499966E+00 1.52927122E+00 1.51277788E+00 1.49732802E+00 1.48113442E+00 1.46624454E+00 1.45069493E+00 1.43629949E+00 1.42137150E+00 1.40776956E+00 1.39369276E+00 1.38072889E+00 1.36724775E+00 1.35486651E+00 1.34212772E+00 1.33060600E+00 1.31877370E+00 1.30709756E+00 1.29495941E+00 1.28230333E+00 1.26923181E+00 1.25579121E+00 1.24179624E+00 1.22705816E+00 1.21175002E+00 1.19593730E+00 1.17899881E+00 1.16017165E+00 1.14041733E+00 1.12139483E+00 1.10127488E+00 1.06591249E+00 1.00000000E+00
1.84407208E+00 1.84407635E+00 1.84408759E+00 1.84410293E+00 1.84412217E+00 1.84414468E+00 1.84417039E+00 1.84419916E+00 1.84423095E+00 1.84426572E+00 1.84430345E+00 1.84434425E+00 1.84438808E+00 1.84443471E+00 1.84448414E+00 1.84453645E+00 1.84459150E+00 1.84464896E+00 1.84470871E+00 1.84477062E+00 1.84483434E+00 1.84489914E+00 1.84496474E+00 1.84503077E+00 1.84509665E+00 1.84516130E+00 1.84522419E+00 1.84528420E+00 1.84534039E+00 1.84539133E+00 1.84543632E+00 1.84547372E+00 1.84550181E+00 1.84551808E+00 1.84552123E+00 1.84550872E+00 1.84547839E+00 1.84542631E+00 1.84535044E+00 1.84524670E+00 1.84511239E+00 1.84494292E+00 1.84473509E+00 1.84448237E+00 1.84418067E+00 1.84382328E+00 1.84340572E+00 1.84291964E+00 1.84236069E+00 1.84172015E+00 1.84099057E+00 1.84015883E+00 1.83921894E+00 1.83816076E+00 1.83697679E+00 1.83565207E+00 1.83417704E+00 1.83253399E+00 1.83071344E+00 1.82869787E+00 1.82647584E+00 1.82402345E+00 1.82132932E+00 1.81837468E+00 1.81514646E+00 1.81161842E+00 1.80777523E+00 1.80358634E+00 1.79903358E+00 1.79408204E+00 1.78871518E+00 1.78290324E+00 1.77663230E+00 1.76986637E+00 1.76258181E+00 1.75472953E+00 1.74628270E+00 1.73719701E+00 1.72745400E+00 1.71700744E+00 1.70581591E+00 1.69377673E+00 1.68086136E+00 1.66701575E+00 1.65219216E+00 1.63643316E+00 1.61961112E+00 1.60335672E+00 1.58603400E+00 1.56967203E+00 1.55234371E+00 1.53619432E+00 1.51925632E+00 1.50359117E+00 1.48714486E+00 1.47174851E+00 1.45563526E+00 1.44084462E+00 1.42541790E+00 1.41115781E+00 1.39639832E+00 1.38297439E+00 1.36909692E+00 1.35632321E+00 1.34305635E+00 1.33088739E+00 1.31838133E+00 1.30708488E+00 1.29549329E+00 1.28406292E+00 1.27219567E+00 1.25984325E+00 1.24712137E+00 1.23407981E+00 1.22050981E+00 1.20622398E+00 1.19143867E+00 1.17623553E+00 1.15995545E+00 1.14180382E+00 1.12273412E+00 1.10429603E+00 1.08417633E+00 1.05191663E+00 1.00000000E+00
1.73052407E+00 1.73052715E+00 1.73053523E+00 1.73054631E+00 1.73056043E+00 1.73057724E+00 1.73059671E+00 1.73061875E+00 1.73064339E+00 1.73067063E+00 1.73070051E+00 1.73073314E+00 1.73076851E+00 1.73080658E+00 1.73084738E+00 1.73089097E+00 1.73093729E+00 1.73098621E+00 1.73103767E+00 1.73109158E+00 1.73114777E+00 1.73120587E+00 1.73126568E+00 1.73132692E+00 1.73138923E+00 1.73145192E+00 1.73151462E+00 1.73157654E+00 1.73163705E+00 1.73169514E+00 1.73175020E+00 1.73180086E+00 1.73184593E+00 1.73188358E+00 1.73191268E+00 1.73193109E+00 1.73193715E+00 1.73192785E+00 1.73190143E+00 1.73185445E+00 1.73178461E+00 1.73168785E+00 1.73156138E+00 1.73139961E+00 1.73119909E+00 1.73095393E+00 1.73066006E+00 1.73031005E+00 1.72989951E+00 1.72942002E+00 1.72886522E+00 1.72822377E+00 1.72749013E+00 1.72665444E+00 1.72570853E+00 1.72463769E+00 1.72343339E+00 1.72207894E+00 1.72056509E+00 1.71887492E+00 1.71699726E+00 1.71491002E+00 1.71260231E+00 1.71005534E+00 1.70725477E+00 1.70417379E+00 1.70079757E+00 1.69709593E+00 1.69305308E+00 1.68863903E+00 1.68383492E+00 1.67860697E+00 1.67294079E+00 1.66680125E+00 1.66016342E+00 1.65297931E+00 1.64522251E+00 1.63684201E+00 1.62782699E+00 1.61814452E+00 1.60773638E+00 1.59650411E+00 1.58444109E+00 1.57150340E+00 1.55762702E+00 1.54284153E+00 1.52703543E+00 1.51177358E+00 1.49549626E+00 1.48011079E+00 1.46385533E+00 1.44876778E+00 1.43295369E+00 1.41830816E+00 1.40291070E+00 1.38851872E+00 1.37352889E+00 1.35983676E+00 1.34558521E+00 1.33244187E+00 1.31891826E+00 1.30670207E+00 1.29410792E+00 1.28251487E+00 1.27048671E+00 1.25948473E+00 1.24823708E+00 1.23813728E+00 1.22781144E+00 1.21765088E+00 1.20711675E+00 1.19619821E+00 1.18504862E+00 1.17370169E+00 1.16191257E+00 1.14954924E+00 1.13685648E+00 1.12384734E+00 1.10999095E+00 1.09490102E+00 1.07933596E+00 1.06386375E+00 1.04666641E+00 1.02507429E+00 1.00000000E+00
1.60483289E+00 1.60483474E+00 1.60483964E+00 1.60484645E+00 1.60485528E+00 1.60486597E+00 1.60487851E+00 1.60489289E+00 1.60490914E+00 1.60492731E+00 1.60494742E+00 1.60496956E+00 1.60499377E+00 1.60502006E+00 1.60504845E+00 1.60507901E+00 1.60511171E+00 1.60514653E+00 1.60518343E+00 1.60522236E+00 1.60526327E+00 1.60530595E+00 1.60535026E+00 1.60539602E+00 1.60544300E+00 1.60549078E+00 1.60553911E+00 1.60558743E+00 1.60563534E+00 1.60568207E+00 1.60572713E+00 1.60576946E+00 1.60580826E+00 1.60584220E+00 1.60587029E+00 1.60589084E+00 1.60590256E+00 1.60590318E+00 1.60589120E+00 1.60586379E+00 1.60581907E+00 1.60575353E+00 1.60566477E+00 1.60554811E+00 1.60540079E+00 1.60521773E+00 1.60499521E+00 1.60472682E+00 1.60440858E+00 1.60403291E+00 1.60359418E+00 1.60308266E+00 1.60249348E+00 1.60181750E+00 1.60104645E+00 1.60016670E+00 1.59917081E+00 1.59804376E+00 1.59677741E+00 1.59535617E+00 1.59376910E+00 1.59199662E+00 1.59002851E+00 1.58784682E+00 1.58543679E+00 1.58277291E+00 1.57984162E+00 1.57661534E+00 1.57308058E+00 1.56921053E+00 1.56498414E+00 1.56036971E+00 1.55535553E+00 1.54991080E+00 1.54400655E+00 1.53759626E+00 1.53065847E+00 1.52315173E+00 1.51507736E+00 1.50640696E+00 1.49705858E+00 1.48695162E+00 1.47611098E+00 1.46450027E+00 1.45203899E+00 1.43877562E+00 1.42463124E+00 1.41101217E+00 1.39647174E+00 1.38274746E+00 1.36834098E+00 1.35504164E+00 1.34110753E+00 1.32823359E+00 1.31472054E+00 1.30212676E+00 1.28910317E+00 1.27726096E+00 1.26494150E+00 1.25361198E+00 1.24208270E+00 1.23177839E+00 1.22116140E+00 1.21135924E+00 1.20117187E+00 1.19189783E+00 1.18252968E+00 1.17420514E+00 1.16572952E+00 1.15739384E+00 1.14872918E+00 1.13980724E+00 1.13082883E+00 1.12176535E+00 1.11235267E+00 1.10257416E+00 1.09269123E+00 1.08266457E+00 1.07212117E+00 1.06102632E+00 1.04988573E+00 1.03883041E+00 1.02714884E+00 1.01406799E+00 1.00000000E+00
1.43648827E+00 1.43648892E+00 1.43649071E+00 1.43649335E+00 1.43649690E+00 1.43650132E+00 1.43650662E+00 1.43651279E+00 1.43651988E+00 1.43652790E+00 1.43653688E+00 1.43654684E+00 1.43655780E+00 1.43656980E+00 1.43658283E+00 1.43659691E+00 1.43661204E+00 1.43662822E+00 1.43664541E+00 1.43666361E+00 1.43668277E+00 1.43670277E+00 1.43672354E+00 1.43674494E+00 1.43676685E+00 1.43678905E+00 1.43681136E+00 1.43683344E+00 1.43685503E+00 1.43687563E+00 1.43689485E+00 1.43691201E+00 1.43692673E+00 1.43693810E+00 1.43694531E+00 1.43694724E+00 1.43694310E+00 1.43693137E+00 1.43691093E+00 1.43687985E+00 1.43683679E+00 1.43677912E+00 1.43670497E+00 1.43661116E+00 1.43649603E+00 1.43635573E+00 1.43618714E+00 1.43598578E+00 1.43574860E+00 1.43547002E+00 1.43514524E+00 1.43476746E+00 1.43433362E+00 1.43383646E+00 1.43326832E+00 1.43261851E+00 1.43188148E+00 1.43104624E+00 1.43010774E+00 1.42905331E+00 1.42787255E+00 1.42655117E+00 1.42508065E+00 1.42344744E+00 1.42163766E+00 1.41963064E+00 1.41741470E+00 1.41496966E+00 1.41228714E+00 1.40934423E+00 1.40611697E+00 1.40258546E+00 1.39874651E+00 1.39457593E+00 1.39003586E+00 1.38508801E+00 1.37971544E+00 1.37390025E+00 1.36767251E+00 1.36099027E+00 1.35372881E+00 1.34585621E+00 1.33744782E+00 1.32846091E+00 1.31879134E+00 1.30852309E+00 1.29764156E+00 1.28719330E+00 1.27595584E+00 1.26537397E+00 1.25441491E+00 1.24434726E+00 1.23374156E+00 1.22400618E+00 1.21383110E+00 1.20435424E+00 1.19464207E+00 1.18583422E+00 1.17664192E+00 1.16823140E+00 1.15986049E+00 1.15247883E+00 1.14478077E+00 1.13762624E+00 1.13016792E+00 1.12345925E+00 1.11685768E+00 1.11107667E+00 1.10517728E+00 1.09934912E+00 1.09322555E+00 1.08700914E+00 1.08094116E+00 1.07487057E+00 1.06849769E+00 1.06197725E+00 1.05561204E+00 1.04922547E+00 1.04239791E+00 1.03539368E+00 1.02879098E+00 1.02239011E+00 1.01551338E+00 1.00794007E+00 1.00000000E+00
1.31333615E+00 1.31333607E+00 1.31333604E+00 1.31333631E+00 1.31333679E+00 1.31333749E+00 1.31333842E+00 1.31333957E+00 1.31334094E+00 1.31334253E+00 1.31334432E+00 1.31334629E+00 1.31334845E+00 1.31335079E+00 1.31335328E+00 1.31335589E+00 1.31335863E+00 1.31336145E+00 1.31336432E+00 1.31336722E+00 1.31337007E+00 1.31337277E+00 1.31337524E+00 1.31337736E+00 1.31337908E+00 1.31338021E+00 1.31338059E+00 1.31338005E+00 1.31337836E+00 1.31337517E+00 1.31337014E+00 1.31336290E+00 1.31335334E+00 1.31334080E+00 1.31332455E+00 1.31330398E+00 1.31327868E+00 1.31324771E+00 1.31321018E+00 1.31316506E+00 1.31311138E+00 1.31304743E+00 1.31297177E+00 1.31288258E+00 1.31277924E+00 1.31265903E+00 1.31251950E+00 1.31235801E+00 1.31217266E+00 1.31195998E+00 1.31171588E+00 1.31143631E+00 1.31112025E+00 1.31076271E+00 1.31035711E+00 1.30989594E+00 1.30937550E+00 1.30878900E+00 1.30813491E+00 1.30740341E+00 1.30658512E+00 1.30567051E+00 1.30465284E+00 1.30352508E+00 1.30227482E+00 1.30088606E+00 1.29934937E+00 1.29765190E+00 1.29579005E+00 1.29374369E+00 1.29148821E+00 1.28901426E+00 1.28632710E+00 1.28340531E+00 1.28020512E+00 1.27670114E+00 1.27287760E+00 1.26872832E+00 1.26430059E+00 1.25953888E+00 1.25430701E+00 1.24861128E+00 1.24254072E+00 1.23604098E+00 1.22901023E+00 1.22153348E+00 1.21362686E+00 1.20602096E+00 1.19775957E+00 1.18998804E+00 1.18200589E+00 1.17465572E+00 1.16684089E+00 1.15970738E+00 1.15226975E+00 1.14531597E+00 1.13822330E+00 1.13179937E+00 1.12506726E+00 1.11892456E+00 1.11288525E+00 1.10756799E+00 1.10193269E+00 1.09670269E+00 1.09126845E+00 1.08642278E+00 1.08172538E+00 1.07761871E+00 1.07338422E+00 1.06919725E+00 1.06477944E+00 1.06033531E+00 1.05607434E+00 1.05181968E+00 1.04729901E+00 1.04269951E+00 1.03829153E+00 1.03388459E+00 1.02909202E+00 1.02420025E+00 1.01973765E+00 1.01544293E+00 1.01072776E+00 1.00549227E+00 1.00000000E+00
