$MeshFormat
2.2 0 8
$EndMeshFormat
$Nodes
2065
1 -15 0 0
2 -1 0 0
3 0 0 0
4 1 0 0
5 15 0 0
6 15 2 0
7 1 2 0
8 -1 2 0
9 -15 2 0
10 -13.85161269073709 0 0
11 -12.79114501780362 0 0
12 -11.81186578762846 0 0
13 -10.90755937116649 0 0
14 -10.07248587871377 0 0
15 -9.30134488611456 0 0
16 -8.589241847472207 0 0
17 -7.931656620522578 0 0
18 -7.324415736148557 0 0
19 -6.763664674858056 0 0
20 -6.245844236482512 0 0
21 -5.767667677716663 0 0
22 -5.326099943626463 0 0
23 -4.918338229170288 0 0
24 -4.541794451879536 0 0
25 -4.194078443845076 0 0
26 -3.872983362251356 0 0
27 -3.576471033289096 0 0
28 -3.302659439767652 0 0
29 -3.049810622537086 0 0
30 -2.816319719171462 0 0
31 -2.6007046645827 0 0
32 -2.401596920310197 0 0
33 -2.217732679946955 0 0
34 -2.04794497373746 0 0
35 -1.891156007486517 0 0
36 -1.746370699257982 0 0
37 -1.612670032648271 0 0
38 -1.489205380185664 0 0
39 -1.375193084295349 0 0
40 -1.269909470752363 0 0
41 -1.172686275612344 0 0
42 -1.08290640034649 0 0
43 -14.42580634536855 0 0
44 -13.32137885426932 0 0
45 -12.3015054027161 0 0
46 -11.35971257939748 0 0
47 -10.49002262494008 0 0
48 -9.686915382414078 0 0
49 -8.945293366793345 0 0
50 -8.260449233997607 0 0
51 -7.628036178335567 0 0
52 -7.044040205503046 0 0
53 -6.504754455669874 0 0
54 -6.006755957099832 0 0
55 -5.54688381067176 0 0
56 -5.122219086398234 0 0
57 -4.730066340524793 0 0
58 -4.367936447862304 0 0
59 -4.033530903048232 0 0
60 -3.724727197770157 0 0
61 -3.439565236528374 0 0
62 -3.176235031152371 0 0
63 -2.933065170854434 0 0
64 -2.70851219187708 0 0
65 -2.501150792446449 0 0
66 -2.309664800128582 0 0
67 -2.132838826842276 0 0
68 -1.969550490612164 0 0
69 -1.81876335337224 0 0
70 -1.679520365953101 0 0
71 -1.550937706416972 0 0
72 -1.432199232240524 0 0
73 -1.322551277523832 0 0
74 -1.221297873182365 0 0
75 -1.127796337979419 0 0
76 -1.04145320017323 0 0
77 0.9969173337332524 0.07845909572626379 0
78 0.9876883405954013 0.1564344650385664 0
79 0.9723699203980857 0.2334453638542014 0
80 0.9510565162957113 0.3090169943732308 0
81 0.9238795325120125 0.3826834323633377 0
82 0.891006524189296 0.4539904997377251 0
83 0.8526401643552496 0.5224985647140602 0
84 0.8090169943763501 0.5877852522905426 0
85 0.7604059656016363 0.6494480483283041 0
86 0.7071067811884144 0.7071067811846807 0
87 0.6494480483322915 0.7604059655982307 0
88 0.5877852522948355 0.809016994373231 0
89 0.5224985647185235 0.8526401643525144 0
90 0.4539904997423675 0.8910065241869307 0
91 0.3826834323681446 0.9238795325100214 0
92 0.3090169943782245 0.9510565162940888 0
93 0.2334453638594088 0.9723699203968356 0
94 0.1564344650439061 0.9876883405945556 0
95 0.07845909573171393 0.9969173337328234 0
96 3.969108545374892e-12 1 0
97 -0.0784590957240935 0.9969173337334232 0
98 -0.1564344650368315 0.9876883405956761 0
99 -0.2334453638527945 0.9723699203984235 0
100 -0.3090169943722342 0.9510565162960352 0
101 -0.3826834323626949 0.9238795325122787 0
102 -0.4539904997374302 0.8910065241894463 0
103 -0.5224985647141218 0.8526401643552118 0
104 -0.5877852522910308 0.8090169943759953 0
105 -0.6494480483289905 0.76040596560105 0
106 -0.7071067811856117 0.7071067811874834 0
107 -0.7604059655993508 0.64944804833098 0
108 -0.8090169943744937 0.5877852522930976 0
109 -0.85264016435392 0.5224985647162299 0
110 -0.8910065241883141 0.4539904997396526 0
111 -0.9238795325113299 0.3826834323649856 0
112 -0.9510565162952631 0.3090169943746105 0
113 -0.9723699203978199 0.2334453638553087 0
114 -0.9876883405952992 0.1564344650392112 0
115 -0.9969173337332277 0.078459095726578 0
116 0.9992290362407541 0.0392598157582759 0
117 0.9930684569551178 0.1175373974562193 0
118 0.9807852804035682 0.1950903220144307 0
119 0.9624552364541303 0.2714404498633616 0
120 0.9381913359231251 0.3461170570757557 0
121 0.9081431738259063 0.4186597375356385 0
122 0.8724960070738371 0.4886212414950979 0
123 0.8314696123038235 0.5555702330176892 0
124 0.7853169308822534 0.6190939493079205 0
125 0.7343225094374244 0.6788007455310607 0
126 0.6788007455349302 0.7343225094338475 0
127 0.6190939493120714 0.7853169308789811 0
128 0.5555702330220587 0.831469612300904 0
129 0.4886212414996388 0.872496007071294 0
130 0.4186597375403768 0.9081431738237219 0
131 0.3461170570806634 0.9381913359213145 0
132 0.2714404498684686 0.9624552364526899 0
133 0.1950903220197441 0.9807852804025112 0
134 0.1175373974616725 0.9930684569544724 0
135 0.03925981576297098 0.9992290362405696 0
136 -0.03925981575522636 0.9992290362408739 0
137 -0.117537397454257 0.9930684569553501 0
138 -0.1950903220128726 0.980785280403878 0
139 -0.2714404498621441 0.9624552364544737 0
140 -0.3461170570749381 0.9381913359234267 0
141 -0.4186597375351714 0.9081431738261216 0
142 -0.4886212414949662 0.872496007073911 0
143 -0.5555702330179477 0.8314696123036507 0
144 -0.6190939493084837 0.7853169308818094 0
145 -0.6788007455318715 0.7343225094366748 0
146 -0.7343225094348934 0.6788007455337987 0
147 -0.7853169308802056 0.6190939493105181 0
148 -0.8314696123022367 0.555570233020064 0
149 -0.8724960070726908 0.4886212414971447 0
150 -0.9081431738250673 0.4186597375374586 0
151 -0.9381913359225702 0.3461170570772595 0
152 -0.9624552364537791 0.271440449864607 0
153 -0.9807852804033941 0.1950903220153058 0
154 -0.9930684569550645 0.1175373974566697 0
155 -0.9992290362407479 0.0392598157584344 0
156 1.082906400346468 0 0
157 1.172686275612302 0 0
158 1.269909470752295 0 0
159 1.37519308429525 0 0
160 1.489205380185529 0 0
161 1.612670032648093 0 0
162 1.746370699257757 0 0
163 1.891156007486234 0 0
164 2.047944973737112 0 0
165 2.217732679946542 0 0
166 2.401596920309701 0 0
167 2.600704664582117 0 0
168 2.816319719170783 0 0
169 3.049810622536296 0 0
170 3.302659439766737 0 0
171 3.576471033288039 0 0
172 3.87298336225014 0 0
173 4.194078443843676 0 0
174 4.541794451877934 0 0
175 4.918338229168461 0 0
176 5.326099943624387 0 0
177 5.767667677714304 0 0
178 6.245844236479842 0 0
179 6.763664674855031 0 0
180 7.324415736143036 0 0
181 7.931656620512426 0 0
182 8.589241847468347 0 0
183 9.301344886115711 0 0
184 10.0724858787148 0 0
185 10.90755937116738 0 0
186 11.81186578762918 0 0
187 12.79114501780415 0 0
188 13.85161269073741 0 0
189 1.04145320017324 0 0
190 1.127796337979386 0 0
191 1.221297873182307 0 0
192 1.322551277523765 0 0
193 1.432199232240406 0 0
194 1.550937706416808 0 0
195 1.679520365952921 0 0
196 1.81876335337199 0 0
197 1.96955049061166 0 0
198 2.132838826841818 0 0
199 2.309664800128134 0 0
200 2.501150792445918 0 0
201 2.708512191876505 0 0
202 2.933065170853552 0 0
203 3.176235031151498 0 0
204 3.439565236527396 0 0
205 3.724727197769061 0 0
206 4.03353090304689 0 0
207 4.367936447860856 0 0
208 4.730066340523281 0 0
209 5.122219086396448 0 0
210 5.546883810669369 0 0
211 6.006755957097035 0 0
212 6.504754455667406 0 0
213 7.044040205499066 0 0
214 7.628036178327874 0 0
215 8.260449233990144 0 0
216 8.945293366792297 0 0
217 9.686915382415254 0 0
218 10.49002262494087 0 0
219 11.35971257939885 0 0
220 12.30150540271642 0 0
221 13.32137885427067 0 0
222 14.42580634536869 0 0
223 15 0.9999999999973836 0
224 15 0.4999999999988366 0
225 15 1.499999999998692 0
226 13.87756746637793 2 0
227 12.81512796370724 2 0
228 11.8094748432579 2 0
229 10.85757282731342 2 0
230 9.956549497945446 2 0
231 9.103684997166987 2 0
232 8.296405506996578 2 0
233 7.532274370058403 2 0
234 6.808985494802808 2 0
235 6.124355737521155 2 0
236 5.476318931383027 2 0
237 4.862919095408472 2 0
238 4.282305054514197 2 0
239 3.732724346378001 2 0
240 3.212518236838783 2 0
241 2.720116629349889 2 0
242 2.254033555917797 2 0
243 1.812862265092502 2 0
244 1.395271202120396 2 0
245 14.43878373318896 2 0
246 13.3463477150424 2 0
247 12.31230140348229 2 0
248 11.33352383528604 2 0
249 10.40706116262943 2 0
250 9.53011724755584 2 0
251 8.700045252081832 2 0
252 7.914339938528499 2 0
253 7.170629932430626 2 0
254 6.466670616162276 2 0
255 5.800337334452347 2 0
256 5.169619013395609 2 0
257 4.572612074961286 2 0
258 4.007514700446166 2 0
259 3.472621291608256 2 0
260 2.966317433094362 2 0
261 2.487075092633727 2 0
262 2.033447910505073 2 0
263 1.604066733606448 2 0
264 1.197635601060224 2 0
265 0.6000000000011096 2 0
266 0.2000000000022192 2 0
267 -0.1999999999977808 2 0
268 -0.5999999999988903 2 0
269 0.8000000000005547 2 0
270 0.4000000000016644 2 0
271 2.774447338538266e-12 2 0
272 -0.3999999999983355 2 0
273 -0.7999999999994452 2 0
274 -1.395271202120242 2 0
275 -1.812862265092182 2 0
276 -2.254033555917285 2 0
277 -2.72011662934917 2 0
278 -3.212518236837833 2 0
279 -3.732724346376793 2 0
280 -4.282305054512715 2 0
281 -4.862919095406689 2 0
282 -5.476318931380911 2 0
283 -6.124355737518673 2 0
284 -6.808985494799928 2 0
285 -7.532274370051648 2 0
286 -8.296405506989876 2 0
287 -9.103684997168804 2 0
288 -9.956549497947044 2 0
289 -10.85757282731477 2 0
290 -11.80947484325896 2 0
291 -12.81512796370801 2 0
292 -13.87756746637833 2 0
293 -1.197635601060123 2 0
294 -1.604066733606242 2 0
295 -2.033447910504752 2 0
296 -2.487075092633308 2 0
297 -2.966317433093502 2 0
298 -3.472621291607347 2 0
299 -4.007514700444814 2 0
300 -4.57261207495964 2 0
301 -5.169619013393799 2 0
302 -5.800337334449695 2 0
303 -6.466670616159421 2 0
304 -7.170629932425745 2 0
305 -7.914339938519913 2 0
306 -8.700045252078908 2 0
307 -9.530117247558124 2 0
308 -10.40706116263106 2 0
309 -11.33352383528664 2 0
310 -12.31230140348317 2 0
311 -13.34634771504301 2 0
312 -14.43878373318903 2 0
313 -15 1.000000000004123 0
314 -15 1.50000000000188 0
315 -15 0.5000000000020617 0
316 -0.9324109435714312 0.5234671330108753 0
317 0.9339133886084069 0.5217190424145168 0
318 1.654329236660015 0.1358684906609208 0
319 -1.654579504848214 0.138740852368245 0
320 -2.132838826842208 0.1414118473170649 0
321 2.132838826841827 0.1414118473170083 0
322 -1.023727342050308 0.2928832897151356 0
323 1.027355325522063 0.2808607014079592 0
324 0.7836903007986681 0.7244358624593341 0
325 -0.7836903007962236 0.7244358624625121 0
326 0.6016889599437939 0.8931790718410962 0
327 -0.5956011211568124 0.8897649532197103 0
328 -2.711549069737002 0.1816638486916206 0
329 2.711549069738409 0.1789832298960685 0
330 -0.4577313781272363 0.9774668830680102 0
331 0.4451804258267034 0.9640222781904323 0
332 -0.2882912634152029 1.034327104357498 0
333 0.2971156113409749 1.032197242075214 0
334 -0.1256384096961405 1.061176593849092 0
335 0.03393827315344591 1.059772781362434 0
336 1.326809653650971 0.08251397601026161 0
337 -1.327912254956446 0.0831275713804827 0
338 1.596719360389998 1.709018808551094 0
339 -1.596719360388967 1.709018808550333 0
340 -3.44388809253938 0.2401149040329638 0
341 3.443888092538913 0.2401149040325688 0
342 -4.027392936563055 0.2955976662784878 0
343 -4.677534660939114 0.370074568087935 0
344 4.027392936562211 0.2955976662774701 0
345 4.676047455015129 0.3684237195295042 0
346 -2.487513412540303 1.623532034788328 0
347 2.487513412542366 1.623532034788743 0
348 -3.425536965203084 1.540830056638306 0
349 3.425536965204831 1.540830056638538 0
350 -5.566196518825627 0.3773201903080802 0
351 5.560202260181463 0.3740983349175455 0
352 0.8305558066141181 1.705710816046624 0
353 -0.7588206991679065 1.675956211366553 0
354 6.508988473147746 0.4232965018186726 0
355 -6.51477988089824 0.4267450750955151 0
356 -1.063961260981783 0.1348414181929109 0
357 1.063961260982001 0.134841418192307 0
358 -4.563034224349686 1.531412393309664 0
359 4.563034224351298 1.531412393309454 0
360 7.624249478399185 0.4816427436298132 0
361 -7.628036178335568 0.5057553481805447 0
362 -0.0008536378608204932 1.692294595097101 0
363 5.700287678641173 1.439475595140058 0
364 -5.700287678639055 1.439475595140378 0
365 -8.980450056881367 0.6153096137330221 0
366 8.983432035504007 0.6165483393254962 0
367 -10.59859479149861 0.6091050659354376 0
368 10.59859479149892 0.6091050659357347 0
369 -7.165017034497405 1.422560113778558 0
370 7.164716953144648 1.447310994903366 0
371 -0.4520423278791627 1.692248194988713 0
372 -0.5852244540736216 1.416681971048038 0
373 -0.8597191592937405 1.400440125514455 0
374 -0.337535004680727 1.429611291486454 0
375 -0.7132420875650652 1.222370114438964 0
376 -0.9277719182757875 1.15961197230673 0
377 -1.138257529289016 1.372415470161183 0
378 -1.17005306789634 1.127744259066318 0
379 -1.035307526341417 0.9698033308882112 0
380 -1.236842799066866 0.9262790362657288 0
381 -1.383554642084848 1.07102711485676 0
382 -1.439141710718563 0.866829540018524 0
383 -1.602608919517258 1.022165147099168 0
384 -1.648343716127166 0.8022047824872296 0
385 -1.496739258511258 0.6587622269800977 0
386 -1.826298283885299 0.959741134479898 0
387 -1.687585288145721 0.5931049243801314 0
388 -1.541726564474068 0.4631963181845263 0
389 -1.370633946118516 0.5216932957256624 0
390 -1.104469671187304 0.7796362400789286 0
391 -1.429422870647248 0.3371571855495035 0
392 -1.269478918459184 0.399024243232139 0
393 -1.721344704693296 0.4067193032916745 0
394 -1.87364356982798 0.5280167571160517 0
395 -1.217802021219853 0.5382777901748677 0
396 -0.5343114770525208 1.213958070706492 0
397 -1.147532199606631 0.4303423240229622 0
398 -1.774942372975674 1.198528247770687 0
399 -2.031993906990625 1.135355114700145 0
400 -2.087785318368095 0.8539373745968729 0
401 -2.30394733395121 1.04724947663312 0
402 -2.376659517656598 0.7661360543989981 0
403 -2.586825216373741 0.9595214611217937 0
404 -2.639199513651667 0.6759022868988454 0
405 -2.86856467146032 0.8598311371324403 0
406 -2.908960502947111 0.5418718568361974 0
407 -3.17358327491624 0.7506321868908392 0
408 -2.417877507619105 0.4906629077282445 0
409 -2.804528357349121 1.142746220581072 0
410 -1.966205754371844 1.417060647667738 0
411 -1.093402365237002 0.5493989365789719 0
412 -1.890221406250898 0.3106353695875255 0
413 -2.049918517134452 0.4487394239533944 0
414 -1.310647820529515 0.252313506895723 0
415 -1.422069349834468 0.215506380490074 0
416 -1.174971153658223 0.3005852831962392 0
417 -1.206728439956054 0.1959100636820136 0
418 -0.9419567887320702 0.8377742220063895 0
419 -0.8701321930077173 0.9733774182748309 0
420 0.427262829123895 1.733909030155017 0
421 0.6140165223065561 1.364361785109991 0
422 0.8432351327257614 1.419565886166465 0
423 0.2871396530706991 1.376453267041869 0
424 0.7178524680065755 1.218397542443056 0
425 0.9282691461131442 1.163113712587982 0
426 1.135973700899977 1.375647970295012 0
427 1.169755301139253 1.128866632469128 0
428 1.03534076985622 0.9705740165023103 0
429 1.236798711861495 0.9265945461020501 0
430 1.383497666426246 1.071266762063875 0
431 1.438350337915531 0.8671606125011478 0
432 1.602467528109064 1.022260267048123 0
433 1.648188255427424 0.8022758145593034 0
434 1.4965814529294 0.6588292444057924 0
435 1.826298283888586 0.9597411344805297 0
436 1.68754799454327 0.5931213588441115 0
437 1.541709974409915 0.4632034144333922 0
438 1.370604880179313 0.521705648004547 0
439 1.104468122090306 0.7797914108574936 0
440 1.429786890402085 0.3363071515836812 0
441 1.26953474409689 0.3988846296172997 0
442 1.721343967584829 0.4064690650427283 0
443 1.87363723137859 0.5279777898185909 0
444 1.217802021222442 0.5382777901745414 0
445 0.5198605728362709 1.193963870696022 0
446 1.147997491496751 0.4303145217334166 0
447 1.774918807743824 1.198544101096576 0
448 2.031992475675227 1.13535607760961 0
449 2.087785243855039 0.8539374247280422 0
450 2.303947082982611 1.047249645473949 0
451 2.376659463412635 0.7661360908946306 0
452 2.586825165508134 0.959521495345257 0
453 2.639199496136606 0.6759022986857446 0
454 2.868564660066942 0.8598311448012246 0
455 2.908960498820986 0.5418718596157177 0
456 3.173583272332679 0.7506321886324614 0
457 2.418204417793842 0.4906114415515226 0
458 2.804528346975458 1.142746227563417 0
459 1.966205754375156 1.417060647669169 0
460 1.094406653369492 0.5488389395942291 0
461 1.886134993607104 0.351898054034355 0
462 2.04610967797652 0.4506002177071611 0
463 1.310556984344199 0.2521230160517591 0
464 1.421874190007991 0.2149497487050624 0
465 1.181936439475333 0.3034619787115042 0
466 1.207874181561818 0.1963577644602236 0
467 0.9421748535645161 0.8367249984821348 0
468 0.8645758472816976 0.977431418685839 0
469 -0.6029711859566943 1.096580249380377 0
470 0.6362807052059469 1.079560308520782 0
471 12.15914938977373 0.7217351053291893 0
472 -12.15914938977385 0.7217351053292855 0
473 0.9817574719360946 0.7134287655645681 0
474 -0.9572775488830183 0.6975793278363414 0
475 9.462247731027027 1.308351143079871 0
476 -9.455983432203148 1.305207588558668 0
477 -1.602292712738029 0.2994737026207113 0
478 1.602749326017185 0.2975636719265045 0
479 1.296926208116067 0.7164373227681526 0
480 -1.296979513019755 0.7163914500691843 0
481 -2.936147821217958 1.6572124326924 0
482 2.9361478212202 1.65721243269266 0
483 4.003077549428576 1.475310677961163 0
484 4.294242525964954 1.084506600803154 0
485 4.794078241476737 1.102044183558549 0
486 3.67389209350461 1.154485038969721 0
487 4.001062026103785 0.7080635527642893 0
488 -4.003077549427128 1.475310677961317 0
489 -4.294242525963462 1.084506600803542 0
490 -4.793901340964691 1.102822357015798 0
491 -3.673892093502836 1.154485038969202 0
492 -4.001062026102855 0.7080635527647954 0
493 -1.261077970680369 1.678256478778434 0
494 1.260697332616041 1.678795228801194 0
495 -11.33259679096287 1.244309094698333 0
496 11.33259679096242 1.24430909469832 0
497 5.119281420002343 1.51495788205218 0
498 5.280742576903456 1.043884949743517 0
499 5.79990609373424 0.8548046548316315 0
500 6.224894556869026 1.253451003549273 0
501 -5.116889667904299 1.51562199279859 0
502 -5.281940452456402 1.045371827341091 0
503 -5.779387077576739 0.8460148706383249 0
504 -6.221554896055679 1.252005984806475 0
505 1.10658728594866 0.2202340219995151 0
506 -1.114892712777162 0.2144383744898769 0
507 -13.31391357382351 1.078433170538587 0
508 13.31391357382352 1.078433170538193 0
509 0.793724774630264 0.8525081436407429 0
510 -0.7873989929847324 0.8490742136130293 0
511 -3.321774997948689 1.187915698043253 0
512 3.321774997951377 1.187915698043783 0
513 -1.001265031109268 0.3693861717249202 0
514 1.001474357736805 0.3671679773229329 0
515 7.808231040807678 1.429570296786444 0
516 8.544167929702761 1.25214960893537 0
517 -7.803400413019686 1.425398782676839 0
518 -8.546198389182074 1.255361855025326 0
519 -1.218842755096553 0.09621287683510577 0
520 1.218848917996741 0.09618917760751877 0
521 -0.8950485149622593 0.599002141832398 0
522 -0.9685648760518983 0.4472219249512489 0
523 0.9688067489286762 0.4464004169599141 0
524 0.8880177170359783 0.5923256165676498 0
525 -3.193814731919673 0.4424071669580139 0
526 -3.458446975903216 0.6208766969217392 0
527 -3.727147838551849 0.474234104023821 0
528 -4.318113083467614 0.5523204560700409 0
529 -3.003972498416003 0.2739180227463871 0
530 3.193814730803162 0.442407167711137 0
531 3.458446975464879 0.6208766972190893 0
532 3.727147838479086 0.4742341040734469 0
533 4.318090241486612 0.5522120794416796 0
534 3.003972497542933 0.2739180233344128 0
535 1.542019245364979 0.08597766752882285 0
536 -1.545026860386621 0.09538227780337792 0
537 1.436465526218556 0.1054217363505539 0
538 -1.435528960651233 0.1038439069839697 0
539 -1.422864057052907 1.444437762997798 0
540 1.422419979312385 1.445066304691337 0
541 -2.510468163710826 0.1764639656526332 0
542 2.511060945779185 0.1756495105197415 0
543 -1.972278623894408 0.1419071704859675 0
544 1.968764463488792 0.1232297245258907 0
545 8.265343730845792 0.5390469535821911 0
546 -8.266433029401338 0.5461075876630918 0
547 -0.7176718318857535 0.7758271701379698 0
548 -0.8461786912097203 0.668501164850053 0
549 0.8376674754688623 0.6609710695541819 0
550 0.7265420961788855 0.7856890722019058 0
551 -7.044040205503309 0.4616735759266249 0
552 7.024409916024021 0.449888911203927 0
553 -1.127796337979417 0.0730996375622768 0
554 1.127796337979385 0.07309963756215068 0
555 -6.025670052841215 0.407401859099238 0
556 6.02712561113436 0.4077550850203373 0
557 1.814381218160896 0.1171495896212134 0
558 -1.818763353372249 0.1192036094668414 0
559 -0.6628645902452817 0.8374948303596985 0
560 -0.6896962686093338 0.9277010359576794 0
561 -5.122219086398379 0.3357154447904973 0
562 5.11180984390928 0.3328840452336772 0
563 0.6685325556536521 0.8427819326505409 0
564 0.704427695940018 0.955829253189336 0
565 -2.309654503647153 0.1535354448825493 0
566 -2.224727572205068 0.3443118623116293 0
567 2.310999286109122 0.1552733481323051 0
568 2.224020844495587 0.3430519576647055 0
569 -0.3794829731083876 1.012429489627244 0
570 -0.3605324637246806 1.109666930581309 0
571 -0.2619121493944813 1.133632655485921 0
572 -0.3368995118949308 1.219605822362467 0
573 -0.1928160959858831 1.25696078115637 0
574 -0.5274879412120295 0.9340123936048603 0
575 0.5199810206581693 0.9416263067864997 0
576 -0.2064095571139353 1.052107389608527 0
577 0.2097686361168616 1.057541600321483 0
578 0.2792580384605746 1.130654372545637 0
579 0.1678237074890787 1.16028076865426 0
580 0.3872533643197336 1.10212882470036 0
581 0.3616875259214423 1.230205118812008 0
582 -0.1057187259298956 1.459984225831682 0
583 -0.02272151268833342 1.29436299672842 0
584 1.760458935262546 0.2537783060106876 0
585 -1.737440336380537 0.2549545674669996 0
586 -2.641191226575672 0.4025088944714524 0
587 2.641802962458614 0.4022609825984713 0
588 -0.4738213157645481 1.087269195636621 0
589 -1.859850906417137 0.7324868845097132 0
590 1.859817711874205 0.7324949760714944 0
591 -0.04348734260428946 1.07268087203968 0
592 -0.09170418961391093 1.161858254986986 0
593 0.1262174957296525 1.066406236924217 0
594 6.741158357943114 0.9686024809503391 0
595 -6.747161867019725 0.9518409614622325 0
596 4.906228274787784 0.6759723738143766 0
597 -4.920040462466795 0.6890962492216504 0
598 1.090120748518917 0.348135542250727 0
599 -1.167764432779439 0.6609196203818849 0
600 1.169438992337172 0.6629850894103692 0
601 9.774912837478768 0.6475111372183991 0
602 -9.773371791237395 0.6467807571994416 0
603 -1.085997349691668 0.3528619289711371 0
604 -2.243809085537741 1.33240662426901 0
605 2.243809085541519 1.332406624270416 0
606 0.03227969901145096 1.159157723361078 0
607 -2.052747175677114 0.2801921965443733 0
608 -2.52116816953992 1.248563327565999 0
609 2.521168142994568 1.248563345427877 0
610 2.226868087294682 0.5896681646393078 0
611 -2.226868087290589 0.5896681646391139 0
612 0.9842623082371151 0.598777150948864 0
613 2.018843590475807 0.6309357145929193 0
614 -2.01961327980765 0.6305697209630292 0
615 0.8729095172160645 0.7455351588077127 0
616 0.3693861717284216 1.001265031107629 0
617 0.4965855262137251 1.036952741129337 0
618 -1.010883489277933 1.612356572212254 0
619 1.029154533258831 1.579713859832846 0
620 1.012829386873465 0.5154911183573648 0
621 2.023613945992513 0.2706521276712541 0
622 2.390661732902088 0.3061182257551954 0
623 -0.9948185787900822 0.5916218154875514 0
624 -0.7394974345870823 1.043328280253715 0
625 -0.8716328226429768 0.7527563563449898 0
626 10.23137170201215 1.351062274969294 0
627 -10.23137170201293 1.351062274969522 0
628 1.530608753431274 1.235102196580645 0
629 -1.530719755103436 1.234939002884425 0
630 -4.359694747595251 0.2445398305966949 0
631 4.359540661073206 0.2443603178218213 0
632 -3.198829077035959 0.1912880187474729 0
633 3.198829076637608 0.1912880190156237 0
634 0.7702811725094765 1.078866447085399 0
635 1.031592426689242 0.2051631940985098 0
636 1.145013596893721 0.144144403964343 0
637 -1.04128133686268 0.2158978742838666 0
638 -1.146444301358194 0.1429004741524368 0
639 -2.01956506425936 1.693999514964047 0
640 2.019565064260654 1.693999514965008 0
641 -14.32168203887111 0.7156866341089543 0
642 14.32168203887206 0.7156866341068536 0
643 7.380346703301113 0.9434927428460593 0
644 -2.383188387224861 0.3059730511166652 0
645 0.2219064266403029 1.620200587967344 0
646 0.1051198494330112 1.448700640379253 0
647 -7.38511179706499 0.9445745818440764 0
648 -1.009460925282104 0.5126446078823641 0
649 0.2444193165932426 1.237385065676343 0
650 0.1261876580244182 1.289331801327939 0
651 -1.287618369007786 0.1557857464002923 0
652 1.287398922670739 0.1556409718025667 0
653 -0.2192299392696773 1.65482766148079 0
654 4.570900595372961 0.7867302779719825 0
655 -4.600766414760336 0.7597640462397933 0
656 -0.6147315423092041 0.9855054055490823 0
657 5.302059840411286 0.6479544892355076 0
658 -3.729576652638947 0.2019893348670546 0
659 3.729576652623678 0.2019893348766972 0
660 1.051072002273601 0.4406620711266485 0
661 -1.05932316122583 0.06050380616756486 0
662 1.059323161225617 0.06050380616724615 0
663 0.5917927815923306 0.98142953629341 0
664 -5.311916442013306 0.6516116192111889 0
665 -1.691886073392475 1.430631198808591 0
666 1.691860969070858 1.430666235804468 0
667 -1.049252700916852 0.4341476186421624 0
668 0.4506616390957897 1.331488514626644 0
669 -11.35971257939749 0.5137653903132908 0
670 11.35971257939827 0.5137653903132409 0
671 -0.4375813110878074 1.307419761604374 0
672 -6.280144925547511 0.7943310185535081 0
673 6.280144925548569 0.7943310185541743 0
674 6.666275089852428 1.52596933175944 0
675 -6.666491119704889 1.52283832451856 0
676 -3.428648510621088 0.9309171030039958 0
677 3.42864851026325 0.9309171032474814 0
678 1.52725225422521 0.2034898373266598 0
679 -3.095690459816611 1.027262612729768 0
680 3.095690457718441 1.027262614144366 0
681 -7.925029996433164 0.9253765104955993 0
682 -1.361671129140024 0.1590437912238306 0
683 -14.40637536201582 1.463250718694344 0
684 14.4063753620191 1.46325071869137 0
685 2.82300205167911 0.3199661169232293 0
686 -2.822939630158079 0.3202649462405427 0
687 1.361273575498912 0.158955899812335 0
688 1.069638967337407 0.6597702570209789 0
689 -1.067267402894839 0.6562466261622055 0
690 0.4407984779781842 1.497216536039212 0
691 -3.712875621541857 0.8116707284000507 0
692 3.712875621439834 0.8116707284715599 0
693 -0.7716812222972164 0.9483702370248137 0
694 -1.320760466080088 1.249690905333019 0
695 1.320594199410703 1.249971322666501 0
696 -1.524658459949757 0.2094595236129474 0
697 -1.092011605284955 0.2822557569966434 0
698 -2.732026971586139 1.422927889138158 0
699 -3.052617595520267 1.329815818303826 0
700 2.732026968898356 1.422927890948553 0
701 3.052617592994777 1.329815820005219 0
702 -0.5353486726739424 1.01616682544779 0
703 7.924467776611306 0.9291804691559755 0
704 0.6259781281249372 1.620127342252885 0
705 2.880930792133506 0.1545734740307421 0
706 -2.880918308003926 0.1551693635357101 0
707 -12.30546860173993 1.487007188214089 0
708 12.30546860173913 1.487007188214055 0
709 -0.4286292159048976 1.187583956178253 0
710 0.9123136800127372 0.664806345277178 0
711 3.96849459372677 1.040312437465286 0
712 -3.968494593735937 1.040312437458213 0
713 -0.1727356912881612 1.123449722964555 0
714 1.89067071130237 0.2233415603726802 0
715 3.451167534001896 0.430495800625829 0
716 3.32613085313402 0.5316419324651132 0
717 3.318851411671037 0.3412610358718529 0
718 -3.318851412229527 0.3412610354954888 0
719 -3.326130853911445 0.5316419319398765 0
720 -3.451167534221298 0.4304958004773515 0
721 1.33376554414769 0.6190714853863498 0
722 1.257364114669254 0.6273575564713469 0
723 1.294203450700878 0.5299917190895442 0
724 -1.294217983669185 0.529985542950265 0
725 -1.257390767119804 0.627334620122026 0
726 -1.333806729569135 0.6190423728974233 0
727 -0.672022576620764 1.546319091207295 0
728 -0.5186333909763921 1.554465083018375 0
729 -0.6054315135235346 1.684102203177633 0
730 -1.599803182617418 0.1170615650858115 0
731 -1.534842660168189 0.1524209007081626 0
732 -1.589618982398985 0.1741001879905962 0
733 1.066971305735362 0.2505473617037371 0
734 1.098354017233789 0.284184782125121 0
735 1.05873803702049 0.3144981218293431 0
736 -1.82904591388216 1.423845923238164 0
737 -1.855725568825918 1.562315356886319 0
738 -1.992885409315602 1.555530081315893 0
739 1.992885409317905 1.555530081317089 0
740 1.855713016665756 1.562332875384738 0
741 1.829033361723007 1.423863441736818 0
742 -0.9261630319226388 0.6482907348343696 0
743 -0.8706136030859899 0.6337516533412255 0
744 -0.9017281200463694 0.6830402463431972 0
745 -1.563475586343893 0.2544666131168293 0
746 -1.628436108793121 0.2191072774944782 0
747 -0.5114028825807144 1.362050866326206 0
748 -0.3875581578842672 1.368515526545414 0
749 -0.4613797293771743 1.423146631267246 0
750 1.6285392813386 0.2167160812937126 0
751 1.565000790121198 0.2505267546265821 0
752 1.590790745442613 0.1696791639937903 0
753 3.585517965508999 0.3571745040530078 0
754 3.592797406971982 0.5475554006462682 0
755 -3.592797407227533 0.5475554004727801 0
756 -3.585517965545614 0.3571745040283924 0
757 0.6129890640630234 1.810063671126442 0
758 0.7282669673695277 1.662919079149754 0
759 0.7152779033076139 1.852855408023312 0
760 0.5266204786244161 1.677018186203951 0
761 0.5136314145625023 1.866954515077508 0
762 -1.644302716890721 1.569825003679462 0
763 -1.808142212324164 1.70150916175719 0
764 1.808142212325326 1.701509161758051 0
765 1.644290164730428 1.569842522177781 0
766 0.0800778844415492 1.063089509143325 0
767 0.07924859737055173 1.112781980142648 0
768 0.03310898608244843 1.109465252361756 0
769 -1.931250015072653 0.2262712700367465 0
770 -1.895520988633328 0.1305553899764045 0
771 -1.854492379811574 0.2149194895271835 0
772 -0.8989520556417524 1.06649469529078 0
773 -0.8048148137973998 1.008352849264273 0
774 -0.8336346764314349 1.101470126280222 0
775 -1.778101844876393 0.1870790884669205 0
776 -1.813830871315718 0.2827949685272625 0
777 1.170633416975901 0.8531929784797718 0
778 1.200697165103187 0.7481143668128232 0
779 1.266862459988781 0.8215159344351013 0
780 -1.266911156043311 0.8213352431674565 0
781 -1.200724592103529 0.7480138450740564 0
782 -1.170656235127085 0.8529576381723287 0
783 -8.76332422303172 0.9353357343791741 0
784 -9.001090910692611 1.280284721791997 0
785 -9.218216744542257 0.9602586011458453 0
786 -0.7224718066836811 1.408561048281247 0
787 -0.7864806234294028 1.31140511997671 0
788 -0.6492332708193433 1.319526042743501 0
789 0.6659344951565658 1.291379663776524 0
790 0.7805438003661684 1.318981714304761 0
791 0.7286258275161588 1.391963835638228 0
792 -0.623776782308793 1.218164092572728 0
793 -0.5597679655630712 1.315320020877265 0
794 4.014227481332998 0.5018306095208798 0
795 3.864104932291435 0.5911488284188682 0
796 3.877270387520649 0.3849158851754585 0
797 -3.877270387557452 0.3849158851511544 0
798 -3.864104932327352 0.5911488283943083 0
799 -4.014227481332956 0.5018306095216416 0
800 0.5669385475714135 1.279162827903007 0
801 0.6188565204214231 1.206180706569539 0
802 -1.477040665298502 0.2733083545812254 0
803 -1.473363904892112 0.2124829520515107 0
804 -1.425746110240858 0.2763317830197888 0
805 4.147652276034369 0.8962850767837217 0
806 4.159576133795198 0.6301378161029845 0
807 4.306166383725783 0.8183593401224168 0
808 -4.306177804715538 0.8184135284367915 0
809 -4.159587554785235 0.6301920044174181 0
810 -4.147652276033158 0.8962850767841688 0
811 -0.6581066367608798 1.159475181909671 0
812 -0.5686413315046075 1.155269160043435 0
813 0.5780706390211089 1.136762089608402 0
814 0.6770665866062613 1.148978925481919 0
815 8.763799982603384 0.9343489741304332 0
816 8.404755830274276 0.8955982812587806 0
817 8.624387883174901 0.5777976464538437 0
818 -0.3947886662799448 1.560929743237584 0
819 1.478519572313648 0.2698984944551706 0
820 1.516268108209635 0.3169354117550929 0
821 8.234317853157034 1.090665039045673 0
822 8.094905753728549 0.7341137113690833 0
823 -1.232371972899597 0.6886555352255346 0
824 -1.136117051983372 0.7202779302304068 0
825 1.136953557213739 0.7213882501339314 0
826 1.233182600226619 0.689711206089261 0
827 1.208766117796821 0.4145995756753582 0
828 1.164966965486042 0.3668882502224604 0
829 1.225735591786111 0.351173304164402 0
830 -1.222225036058703 0.3498047632141891 0
831 -1.161251676632427 0.3654638036096007 0
832 -1.208505559032907 0.4146832836275506 0
833 -2.365661249039022 1.477969329528669 0
834 -2.13168707489855 1.513203069616529 0
835 -2.253539238399831 1.658765774876187 0
836 2.25353923840151 1.658765774876876 0
837 2.131687074901087 1.513203069617712 0
838 2.365661249041943 1.477969329529579 0
839 1.023321487827411 0.8082582046698141 0
840 0.9619661627503053 0.7750768820233515 0
841 1.043112797013201 0.7466100882110309 0
842 -1.030873610035161 0.738607783957635 0
843 -0.9496171688075443 0.7676767749213654 0
844 -1.023213229959687 0.808705231042659 0
845 0.8282999090073663 0.7349855106335235 0
846 0.8333171459231643 0.7990216512242279 0
847 0.7887075377144661 0.7884720030500385 0
848 9.222839883265518 0.9624497412026835 0
849 9.003207830364893 1.28025037600762 0
850 0.9887578117103681 0.9036495074922226 0
851 1.069904445973263 0.875182713679902 0
852 -1.06988859876436 0.87471978548357 0
853 -0.9886321575367436 0.9037887764473004 0
854 5.409784549321758 1.477216738596119 0
855 5.200011998452899 1.279421415897849 0
856 5.490515127772314 1.241680272441788 0
857 -5.491114065547729 1.242423711240734 0
858 -5.199415060180351 1.28049691006984 0
859 -5.408588673271677 1.477548793969484 0
860 2.5764319541189 0.2889552465591064 0
861 2.516232347680351 0.3541896041768334 0
862 2.450861339340636 0.2408838681374684 0
863 0.4329858489710733 1.019108886118483 0
864 0.4072832987775625 0.9826436546490307 0
865 0.4708829760202142 1.000487509659885 0
866 -1.669866524559283 0.2772141350438554 0
867 -1.696009920614375 0.1968477099176223 0
868 1.707394085961281 0.1948233983358042 0
869 1.681604130639865 0.275670988968596 0
870 -1.515857791692638 0.3183154440851074 0
871 1.119059120007834 0.3892250319920718 0
872 1.136028593997125 0.3257987604811156 0
873 5.912321708081164 1.719737797570029 0
874 5.9625911177551 1.346463299344666 0
875 6.174625147195091 1.626725501774637 0
876 -6.172955316787176 1.626002992403237 0
877 -5.960921287347366 1.345740789973426 0
878 -5.912321708078863 1.719737797570189 0
879 1.396753830522733 0.6876332835869725 0
880 1.433593166554356 0.5902674462051697 0
881 -1.433686602314887 0.59022776135288 0
882 -1.396859385765506 0.687576838524641 0
883 1.534635749795095 0.1447337524277413 0
884 1.598174241012497 0.1109230790948718 0
885 -13.05252929581356 0.5392165852692933 0
886 -13.5827631322803 0.5392165852692933 0
887 13.58276313228046 0.5392165852690964 0
888 13.05252929581383 0.5392165852690964 0
889 3.549714529354721 1.347657547804129 0
890 3.838484821466593 1.314897858465442 0
891 3.714307257316704 1.508070367299851 0
892 -3.714307257315106 1.508070367299811 0
893 -3.838484821464982 1.31489785846526 0
894 -3.54971452935296 1.347657547803754 0
895 -1.130484251674945 0.3267236060836881 0
896 -1.116764774649149 0.3916021264970496 0
897 -1.572009638606048 0.3813350104026189 0
898 -1.485574717560658 0.400176751867015 0
899 1.485748432406 0.3997552830085367 0
900 1.57222965021355 0.3803835431799484 0
901 0.7601334354045748 0.8190986079213243 0
902 0.7551161984887769 0.7550624673306199 0
903 -4.172753010015334 0.4239590611742643 0
904 4.172741589024412 0.4239048728595748 0
905 -0.7506810663409885 0.7501315163002409 0
906 -0.7525354124352429 0.8124506918754995 0
907 -0.785544646890478 0.7867550380377707 0
908 -0.6522139054592689 0.9566032207533808 0
909 -0.6771144884481433 1.014416842901399 0
910 -0.714596851598208 0.9855146581056972 0
911 -1.199667749984693 1.525335974469809 0
912 -1.341971013866638 1.561347120888116 0
913 -1.280560793170962 1.408426616579491 0
914 1.279196840106181 1.410357137493174 0
915 1.341558655964213 1.561930766746265 0
916 1.198335516758009 1.527221599548103 0
917 -10.41498324675577 0.9800836704524797 0
918 -10.7819842464879 1.297685684833927 0
919 -10.96559579123074 0.9267070803168852 0
920 10.96559579123067 0.9267070803170275 0
921 10.78198424648728 1.297685684833807 0
922 10.41498324675553 0.9800836704525143 0
923 -0.8092699292308235 1.538198168440504 0
924 0.8964224966974208 1.070272565636911 0
925 0.9499583085689589 0.9740027175940746 0
926 0.9818049579846821 1.066843864545146 0
927 -0.9815397223086023 1.06470765159747 0
928 -0.9527198596745672 0.9715903745815211 0
929 -2.446828275467843 0.2412185083846492 0
930 -2.512189806900266 0.3542409727940589 0
931 -2.575829695143248 0.2894864300620428 0
932 1.144261862711997 0.2618480003555096 0
933 -1.005441744638967 1.806178286106127 0
934 -0.88485209422292 1.644156391789404 0
935 -0.8794103495839533 1.837978105683276 0
936 0.915277903307059 1.852855408023312 0
937 0.9298551699364745 1.642712337939735 0
938 1.014577266629415 1.789856929916423 0
939 6.445584823360727 1.389710167654357 0
940 6.395315413686792 1.76298466587972 0
941 -6.395423428611782 1.76141916225928 0
942 -6.444023007880284 1.387422154662517 0
943 -11.09508480913882 1.622154547349167 0
944 -10.54447226466385 1.675531137484761 0
945 10.54447226466278 1.675531137484647 0
946 11.09508480913792 1.62215454734916 0
947 -0.8295159078138545 0.8009152849790095 0
948 -0.8276615617196001 0.738596109403751 0
949 -0.8589057569263485 0.7106287605975214 0
950 -0.9144551857629976 0.7251678420906655 0
951 5.680054176957851 0.6144514948745885 0
952 5.550982967072763 0.7513795720335695 0
953 5.431131050296375 0.5110264120765265 0
954 2.105007419958338 1.374733635969792 0
955 -2.105007419954792 1.374733635968374 0
956 0.8492751593113104 1.120990079836691 0
957 0.817428509895587 1.028148932885619 0
958 -0.6794103495833984 1.837978105683276 0
959 -0.5260211639390264 1.846124097494356 0
960 -0.8205070029204264 1.190991043372847 0
961 -0.7263697610760738 1.132849197346339 0
962 1.246246711909766 0.2777924973816316 0
963 1.290045864220544 0.3255038228345294 0
964 -1.29006336949435 0.325668875063931 0
965 -1.242809487093869 0.2764493950459811 0
966 5.540324335318848 0.9493448022875745 0
967 5.750096886187706 1.147140124985845 0
968 -5.739837378107897 1.142745232889351 0
969 -5.53066376501657 0.9456933489897079 0
970 3.579130655791416 1.770415028319269 0
971 3.867900947903288 1.737655338980582 0
972 -3.86790094790196 1.737655338980658 0
973 -3.579130655789938 1.770415028319153 0
974 0.4825807232424363 0.952824292488466 0
975 0.5082832734359473 0.9892895239579182 0
976 3.074333029029491 1.82860621634633 0
977 3.180842393212516 1.599021244665599 0
978 3.319027601021807 1.770415028319269 0
979 -3.319027601020458 1.770415028319153 0
980 -3.180842393210521 1.599021244665353 0
981 -3.074333029027895 1.8286062163462 0
982 -0.418607175617812 0.9949481863476269 0
983 -0.4266521444364679 1.049849342631932 0
984 -0.4657763469458922 1.032368039352316 0
985 -12.47514720378873 0.3608675526646428 0
986 -12.73653148179868 0.900084137933936 0
987 12.73653148179863 0.900084137933691 0
988 12.47514720378894 0.3608675526645946 0
989 -8.623441543141352 0.5807086006980569 0
990 -8.406315709291706 0.900734721344209 0
991 -5.439056480419467 0.5144659047596345 0
992 -5.545651759795023 0.7488132449247569 0
993 -5.672791798201184 0.6116675304732025 0
994 1.320069812138101 0.4602951388109233 0
995 1.349660817249487 0.3675958906004905 0
996 1.400195885290699 0.4290063997941141 0
997 -1.400028408382882 0.4294252406375829 0
998 -1.349450894553216 0.3680907143908213 0
999 -1.32005643228885 0.4603587694789007 0
1000 -1.370035345588381 0.2947353462226132 0
1001 1.370171937373142 0.2942150838177202 0
1002 -9.279834214685977 1.652603794279334 0
1003 -8.82494169317544 1.627680927512663 0
1004 0.1000517032502648 1.159719246007669 0
1005 0.1470206016093656 1.113343502789239 0
1006 1.456157427294614 0.4924545312189696 0
1007 -1.456180255296292 0.4924448069550943 0
1008 2.676676016098511 0.2906221062472699 0
1009 2.611305007758797 0.177316370207905 0
1010 -1.130538985340185 1.839128239389217 0
1011 -1.135980729979151 1.645306525495344 0
1012 1.144925932937436 1.62925454431702 0
1013 1.130348666308021 1.839397614400597 0
1014 2.322536252544262 0.5401398030954152 0
1015 2.225444465895134 0.4663600611520067 0
1016 2.321112631144715 0.4168316996081141 0
1017 -4.497823872203364 0.461197512078988 0
1018 -4.459439749113974 0.6560422511549171 0
1019 -4.639150537849725 0.5649193071638642 0
1020 -2.321302539912087 0.4174873850199369 0
1021 -2.225797829747829 0.4669900134753716 0
1022 -2.322372797454847 0.5401655361836792 0
1023 4.623474025194045 0.5775769987507433 0
1024 4.444495418429787 0.669471178706831 0
1025 4.497068848250871 0.4603178994855919 0
1026 -3.239077280361675 1.435322937471066 0
1027 -2.994382708369112 1.493514125498113 0
1028 2.994382707107488 1.49351412634894 0
1029 3.239077279099804 1.435322938321878 0
1030 1.193620506779807 0.6006314397924553 0
1031 -1.192783226999646 0.5995987052783762 0
1032 2.135065261236054 0.3968260876859333 0
1033 2.136488882635601 0.5201341911732345 0
1034 -1.136075162704142 0.94804118357697 0
1035 1.136069740858858 0.9485842813021802 0
1036 -4.447504470361899 0.9221353235216678 0
1037 4.432571560668958 0.9356184393875683 0
1038 0.2066636555475587 1.332892534184904 0
1039 0.1853034873088304 1.263358433502141 0
1040 0.2657794848319708 1.306919166359106 0
1041 5.297800175692685 1.75747894102609 0
1042 5.5883033050121 1.719737797570029 0
1043 -5.588303305009983 1.719737797570189 0
1044 -5.296604299642605 1.757810996399295 0
1045 0.55588690112525 0.9615279215399548 0
1046 0.5441891539030279 1.009191138711373 0
1047 1.194905310518576 0.2499098715858639 0
1048 1.259215582953009 0.2242403902559914 0
1049 -1.258688130242784 0.2241117852888683 0
1050 -1.190849796807139 0.2482476734391264 0
1051 -2.138393302212521 0.5192037942962542 0
1052 -2.13732304466976 0.3965256431325118 0
1053 1.519145713669657 0.5610163294195923 0
1054 -1.519232911492663 0.5609792725823119 0
1055 -0.6902682110655176 0.8066610002488341 0
1056 -0.7251317916150071 0.8432845219863638 0
1057 -0.6762804294273077 0.882597933158689 0
1058 -0.7385476307970331 0.8883876247853544 0
1059 -0.1004268189293007 1.84614729754855 0
1060 0.09957318107069935 1.84614729754855 0
1061 1.102548035497737 1.049720324485719 0
1062 1.049012223626199 1.145990172528555 0
1063 -1.048912493086064 1.143678115686524 0
1064 -1.102680297118878 1.048773794977264 0
1065 0.6351107577987229 0.8679805022458186 0
1066 0.686480125796835 0.8993055929199385 0
1067 0.653058327941906 0.9245041625152162 0
1068 -1.182667110413242 0.4843100570989149 0
1069 -1.243640469839518 0.4686510167035033 0
1070 1.243668382659666 0.4685812098959206 0
1071 1.182899756359597 0.484296155953979 0
1072 -8.095731512917251 0.7357420490793456 0
1073 -8.235614192807619 1.090369182760463 0
1074 0.4535569685780022 1.148046347698191 0
1075 0.4419194452667293 1.069540782914848 0
1076 0.508223049524998 1.115458305912679 0
1077 0.1105263943897412 1.656247591532222 0
1078 0.210953213321261 1.810100293983672 0
1079 -0.6088513641329492 1.04104282746473 0
1080 -0.6712343102718883 1.069954264817046 0
1081 1.157230733755239 0.2082958932298694 0
1082 -1.160810576366608 0.2051742190859453 0
1083 -1.144931933217693 0.2575118288430581 0
1084 1.614628984476593 0.5281623866387519 0
1085 1.592064723736335 0.625975301624952 0
1086 -1.592162273328489 0.6259335756801145 0
1087 -1.614655926309895 0.5281506212823288 0
1088 -0.142260142799897 1.209409518071678 0
1089 -0.05721285115112217 1.228110625857703 0
1090 -0.1077688043371083 1.275661888942395 0
1091 -5.902528565208977 0.6267083648687815 0
1092 -5.795933285833421 0.3923610247036591 0
1093 1.367638273015799 0.7917989676346502 0
1094 1.337574524888513 0.8968775793015989 0
1095 -1.337992254892715 0.8965542881421265 0
1096 -1.368060611869159 0.7916104950438541 0
1097 -0.893745538784764 1.280026048910593 0
1098 0.8230608070598598 1.190755627515519 0
1099 0.8857521394194527 1.291339799377224 0
1100 0.3245846278820989 1.67705480906118 0
1101 0.3136314145630571 1.866954515077508 0
1102 -0.06422011930911453 1.377173611280051 0
1103 0.04119916837233888 1.371531818553836 0
1104 -0.0002994382484422381 1.454342433105467 0
1105 5.793663935657912 0.3909267099689414 0
1106 5.913515852434299 0.6312798699259844 0
1107 4.283055886889937 1.503361535635309 0
1108 4.148660037696764 1.279908639382159 0
1109 4.428638375158126 1.307959497056304 0
1110 -4.428638375156574 1.307959497056603 0
1111 -4.148660037695295 1.279908639382429 0
1112 -4.283055886888407 1.503361535635491 0
1113 0.9075421853902903 0.7911300786449238 0
1114 0.9273334945760796 0.7294819621861404 0
1115 -0.9760480638365503 0.6446005716619464 0
1116 -0.9449335468761708 0.5953119786599748 0
1117 -2.611008616723914 0.1790639071721269 0
1118 -2.676370148156336 0.2920863715815365 0
1119 -0.9067948056875235 0.7952652891756897 0
1120 -1.631535634583682 0.4349578107381004 0
1121 -1.661818708715662 0.3530965029561929 0
1122 1.662046646801007 0.3520163684846164 0
1123 1.631526970997372 0.4348362397380603 0
1124 5.291401208657371 0.8459197194895125 0
1125 8.823926463434873 1.626074804467685 0
1126 9.282966364097007 1.654175571539935 0
1127 -3.497833545725763 1.171200368506228 0
1128 -3.373655981575887 1.364372877340779 0
1129 3.373655981578104 1.364372877341161 0
1130 3.497833545727993 1.171200368506752 0
1131 1.467465895422465 0.7629949284534701 0
1132 -1.46794048461491 0.7627958834993108 0
1133 0.7440668202580261 1.148631994764228 0
1134 2.397431940603238 0.6283737662230766 0
1135 2.528701956965223 0.5832568701186336 0
1136 2.50792947977462 0.7210191947901876 0
1137 -2.507929515654133 0.7210191706489217 0
1138 -2.528538510635386 0.5832825973135449 0
1139 -2.397268512637852 0.6283994810636213 0
1140 -1.071327533076927 0.4917732776105672 0
1141 -1.029356813099478 0.4733961132622633 0
1142 -1.051431645259553 0.531021772230668 0
1143 1.495995281255197 1.854509404275547 0
1144 1.70479081274125 1.854509404275547 0
1145 -1.704790812740575 1.854509404275167 0
1146 -1.495995281254605 1.854509404275167 0
1147 -1.074570509283475 1.492386021186719 0
1148 1.082564117079404 1.477680915063929 0
1149 7.866349408709493 1.17937538297121 0
1150 8.17619948525522 1.340859952860907 0
1151 4.142691301971386 1.737655338980582 0
1152 4.422669639432748 1.765706196654727 0
1153 -4.4226696394312 1.765706196654832 0
1154 -4.142691301969922 1.737655338980658 0
1155 1.572384854178412 0.7305525294825479 0
1156 1.543269296671477 0.8347182135302256 0
1157 -1.543742713422865 0.8345171612528768 0
1158 -1.572541487319212 0.7304835047336636 0
1159 -4.518614704267183 0.3073071993423149 0
1160 -4.338903915531432 0.3984301433333679 0
1161 4.338815451279909 0.3982861986317504 0
1162 4.517794058044167 0.3063920186756627 0
1163 -1.428898665534668 1.693637643664384 0
1164 -1.328174586400306 1.839128239389217 0
1165 1.327984267368219 1.839397614400597 0
1166 1.42870834650302 1.693907018676144 0
1167 -1.098392450261741 0.4322449713325623 0
1168 -1.120467282421816 0.4898706303009671 0
1169 7.27253182822288 1.195401868874713 0
1170 7.594288872054396 1.186531519816251 0
1171 7.486473996976163 1.438440645844905 0
1172 -5.296928447234854 0.84849172327614 0
1173 -0.2096149696337291 1.827413830740395 0
1174 -0.1100417885652489 1.673561128288946 0
1175 0.3783197680240776 1.051696927903995 0
1176 -2.529534367097388 0.4465859010998485 0
1177 -2.400532947421983 0.3983179794224548 0
1178 -0.3260211639384717 1.846124097494356 0
1179 0.9033753504231068 0.9070782085839869 0
1180 -0.9060444908698937 0.9055758201406102 0
1181 2.053314417165423 0.7424365696604808 0
1182 2.122855838885245 0.6103019396161136 0
1183 2.157326665574861 0.721802794683675 0
1184 -2.157326702829342 0.7218027696179934 0
1185 -2.12324068354912 0.6101189428010716 0
1186 -2.053699299087873 0.742253547779951 0
1187 0.8291503109559808 0.914969781163291 0
1188 0.86794981409739 0.8446165710614388 0
1189 -0.8646778908584013 0.8434242178097093 0
1190 -0.8287655929962248 0.9112258159439302 0
1191 -0.33563613357442 1.673537928234752 0
1192 -9.614677611720271 0.9759941728790551 0
1193 -9.376910924059381 0.6310451854662318 0
1194 9.379172436491388 0.6320297382719477 0
1195 9.618580284252896 0.9779311401491348 0
1196 7.348495661601525 1.723655497451683 0
1197 7.67025270543304 1.714785148393222 0
1198 1.085274273465331 0.177537720095911 0
1199 1.069089856318951 0.2126986080490124 0
1200 1.047776843835622 0.1700023061454084 0
1201 -1.052621298922232 0.1753696462383887 0
1202 -1.078087024819921 0.2151681243868717 0
1203 -1.089426986879473 0.1746398963413939 0
1204 1.156104337295967 0.5435583648843852 0
1205 1.121202072433122 0.4895767306638229 0
1206 -1.155602193228427 0.5438383633769197 0
1207 1.181931257445231 0.1201667907859309 0
1208 1.136404967436553 0.1086220207632468 0
1209 1.173322627988063 0.08464440758483473 0
1210 -1.173319546537985 0.08465625719869128 0
1211 -1.137120319668806 0.1080000558573568 0
1212 -1.182643528227373 0.1195566754937713 0
1213 -0.3700077184165341 1.061048210104276 0
1214 -0.4171768897446144 1.098468063108965 0
1215 2.370773484230082 1.811766017394371 0
1216 2.603815020946127 1.811766017394371 0
1217 -2.603815020944737 1.811766017394164 0
1218 -2.370773484228794 1.811766017394164 0
1219 5.037410409190096 1.072964566651033 0
1220 4.956679830739541 1.308501032805365 0
1221 -4.955395504434495 1.309222174907194 0
1222 -5.037920896710546 1.074097092178445 0
1223 -2.303957979714965 0.3251424567141473 0
1224 0.7311286651419581 0.847645038145642 0
1225 0.6975373259162688 0.8142355024262233 0
1226 -2.136799310088322 1.846999757482024 0
1227 2.136799310089225 1.846999757482504 0
1228 1.843057997881396 0.846118055276012 0
1229 1.973801477864622 0.7932162003997683 0
1230 1.957041763871813 0.9068392796042859 0
1231 -1.957041801126697 0.9068392545383854 0
1232 -1.973818112392616 0.793212129553293 0
1233 -1.843074595151218 0.8461140094948056 0
1234 1.17644388922777 0.1702510842122833 0
1235 1.21336154977928 0.1462734710338712 0
1236 -1.212785597526303 0.1460614702585597 0
1237 -1.176586370657124 0.1694052689172252 0
1238 14.66084101943603 0.3578433170534268 0
1239 14.08664736480474 0.3578433170534268 0
1240 -14.0866473648041 0.3578433170544771 0
1241 -14.66084101943555 0.3578433170544771 0
1242 -1.203447933481603 1.027011647666023 0
1243 1.203277006500374 1.027730589285589 0
1244 1.70444598106405 0.4997952119434199 0
1245 -1.704464996419508 0.4999121138359029 0
1246 -1.916213664675771 1.846999757482024 0
1247 1.916213664676578 1.846999757482504 0
1248 1.072739327821546 0.4947505053604389 0
1249 1.099534746885176 0.4354882964300326 0
1250 2.307341288698837 0.3245850917099505 0
1251 2.404433075347964 0.3983648336533591 0
1252 2.301763775353658 0.6779021277669692 0
1253 2.232222353633837 0.8100367578113364 0
1254 -2.232222418012347 0.8100367144979355 0
1255 -2.301763802473594 0.6779021095190561 0
1256 1.029473876105653 0.2430119477532345 0
1257 1.667868124985347 0.6976985867017075 0
1258 -1.667964502136443 0.6976548534336805 0
1259 1.053618020121478 0.532165028975797 0
1260 1.031950694573533 0.4780765947420067 0
1261 4.712976659879885 1.765706196654727 0
1262 -4.712976659878187 1.765706196654832 0
1263 4.678556232914017 1.316728288434002 0
1264 4.841157822176821 1.523185137680817 0
1265 -4.839961946126992 1.523517193054127 0
1266 -4.678467782657188 1.317117375162731 0
1267 0.6481102387661744 0.968629394741373 0
1268 0.5967408707680623 0.9373043040672531 0
1269 0.1470056827567485 1.2248062849911 0
1270 0.07923367851793459 1.224244762344509 0
1271 -0.5383962508606213 1.091924722508499 0
1272 -0.5040663964085345 1.150613633171557 0
1273 0.566433115709836 1.058256524825059 0
1274 -1.366358585181991 0.2339099436928985 0
1275 1.366215587176095 0.2335363823784107 0
1276 1.425830540205038 0.2756284501443718 0
1277 2.530003690126228 0.446436212074997 0
1278 -2.774080008299389 0.6088870718675214 0
1279 -2.775075864761391 0.4721903756538249 0
1280 -2.64019537011367 0.5392055906851489 0
1281 2.64050122929761 0.539081640642108 0
1282 2.7753817306398 0.4720664211070945 0
1283 2.774079997478796 0.6088870791507311 0
1284 0.7346066304253493 1.519846614209675 0
1285 0.6199973252157467 1.492244563681438 0
1286 -1.517116120286143 0.04769113890168896 0
1287 -1.578848446517446 0.04769113890168896 0
1288 0.6140367433991387 1.030494922407096 0
1289 0.6703542005729825 1.017694780855059 0
1290 1.481858890221883 0.1544557868386068 0
1291 1.489242385791768 0.09569970193968837 0
1292 -1.509791708720937 1.576728285774066 0
1293 1.509569669851192 1.577042556621216 0
1294 6.986851223973728 1.723655497451683 0
1295 -7.348645702274526 1.711280056889279 0
1296 -6.987001264648667 1.711280056889279 0
1297 -3.051387617433392 0.4921395118971056 0
1298 -3.098893615167838 0.3581625948522005 0
1299 -2.956466500681556 0.4078949397912923 0
1300 2.95646649818196 0.4078949414750652 0
1301 3.098893614173047 0.3581625955227749 0
1302 3.051387614812074 0.4921395136634273 0
1303 4.850153258132261 0.8890082786864628 0
1304 5.093485425845619 0.859928661778947 0
1305 1.429169858113274 0.1601857425278082 0
1306 1.474563222116601 0.2092197930158611 0
1307 -8.421301948085976 1.627680927512663 0
1308 0.4407740493788566 1.212084494754015 0
1309 0.3744704451205879 1.166166971756184 0
1310 2.711830616881283 1.640372233740702 0
1311 2.828132225285044 1.82860621634633 0
1312 -2.828132225283564 1.8286062163462 0
1313 -2.71183061687913 1.640372233740364 0
1314 -1.336159474834769 0.2056786490597768 0
1315 -1.324644749073905 0.1574147688120615 0
1316 -1.29913309476865 0.2040496266480076 0
1317 8.052318273902127 1.714785148393222 0
1318 1.298977953507469 0.2038819939271629 0
1319 1.324336249084825 0.1572984358074508 0
1320 1.335915279921556 0.205539457932047 0
1321 1.740901451423688 0.330123685526708 0
1322 1.823296964434825 0.3028381800225213 0
1323 1.803739480595967 0.3791835595385417 0
1324 9.709398614486236 1.654175571539935 0
1325 -9.706266465075096 1.652603794279334 0
1326 -5.100990457461599 0.8672340382813707 0
1327 -4.856970901715743 0.8959593031187244 0
1328 4.544160383720845 1.093275392180852 0
1329 -4.544071933464076 1.09366447890967 0
1330 0.749076235285141 0.9041686984150394 0
1331 -0.1492674109578894 1.358472503494026 0
1332 14.66084101943603 0.8578433170521187 0
1333 -14.66084101943555 0.8578433170565387 0
1334 -1.931717315690462 0.07095358524298374 0
1335 -2.010111798815934 0.07095358524298374 0
1336 -0.3372172582878289 1.324608556924461 0
1337 -0.264857803940407 1.238283301759419 0
1338 -0.2651755503333051 1.343286036321412 0
1339 -2.456032542010512 0.08823198282631661 0
1340 -2.555586414146763 0.08823198282631661 0
1341 3.196321903720385 0.3168475933633803 0
1342 3.32135858458826 0.2157014615240962 0
1343 -3.321358584787669 0.2157014613902183 0
1344 -3.196321904477816 0.3168475928527434 0
1345 0.7373544342247472 1.017347850137368 0
1346 0.7032809388577117 1.079213377803091 0
1347 -10.185983291368 0.6279429115674395 0
1348 -10.00237174662516 0.9989215160844818 0
1349 10.00314226974546 0.9992867060938466 0
1350 10.18675381448884 0.6283081015770668 0
1351 -1.805783055472097 0.3586773364396 0
1352 -1.729392520536916 0.330836935379337 0
1353 -4.760403438613565 0.7244301477307218 0
1354 -4.798787561702954 0.5295854086547926 0
1355 -3.134636867366425 0.8889473998103036 0
1356 -3.262169485218849 0.9790898578668819 0
1357 -3.301115892768664 0.8407746449474175 0
1358 3.301115891297965 0.8407746459399714 0
1359 3.262169483990846 0.9790898586959237 0
1360 3.13463686502556 0.8889474013884137 0
1361 1.25312392033374 0.1259150747050428 0
1362 1.247636552116278 0.1759993681313952 0
1363 -1.24717340448192 0.1758479050411529 0
1364 -1.253230562052169 0.125999311617699 0
1365 4.791137864901456 0.5221980466719404 0
1366 4.738564435080372 0.7313513258931795 0
1367 11.57103581711016 1.62215454734916 0
1368 -11.57103581711092 1.622154547349167 0
1369 1.104487428937861 0.139492911078325 0
1370 1.125800441421191 0.182189212981929 0
1371 -1.130668507067678 0.1786694243211568 0
1372 -1.105202781169989 0.1388709461726739 0
1373 11.74587309036808 0.9830221000137549 0
1374 11.34615468518034 0.8790372425057806 0
1375 11.759430984586 0.6177502478212151 0
1376 -11.75943098458567 0.6177502478212882 0
1377 -11.34615468518018 0.8790372425058118 0
1378 -11.74587309036836 0.9830221000138092 0
1379 7.65240723995621 0.9363366060010174 0
1380 4.991100257705408 1.75747894102609 0
1381 -4.989904381655494 1.757810996399295 0
1382 -9.843677567108037 1.328134931764095 0
1383 9.846809716519587 1.329706709024582 0
1384 -12.23230899575689 1.104371146771687 0
1385 -12.80969108778172 1.282720179376338 0
1386 12.80969108778132 1.282720179376124 0
1387 12.23230899575643 1.104371146771622 0
1388 -0.05328618189535807 1.576139410464391 0
1389 0.05213310578609534 1.570497617738177 0
1390 -1.371812261566498 1.347064334165409 0
1391 -1.229508997684552 1.311053187747101 0
1392 1.22828395015534 1.312809646480756 0
1393 1.371507089361544 1.347518813678919 0
1394 13.06452076876538 1.539216585269096 0
1395 13.59574052010072 1.539216585269096 0
1396 -13.59574052010092 1.539216585269293 0
1397 -13.06452076876576 1.539216585269293 0
1398 0.3030534212573424 1.233795092244175 0
1399 0.3244135894960707 1.303329192926939 0
1400 -2.965364465270506 0.07758468176785505 0
1401 -2.942445403209964 0.2145436931410486 0
1402 -3.026891560476544 0.1369590113731936 0
1403 3.026891560039615 0.1369590116672064 0
1404 2.942451644838219 0.2142457486825775 0
1405 2.965370707334901 0.07728673701537106 0
1406 -13.81779780634731 0.8970599023237704 0
1407 13.81779780634779 0.8970599023225232 0
1408 -11.98550758870116 0.3608675526646428 0
1409 11.98550758870146 0.3608675526645946 0
1410 -8.049902960004781 1.71269939133842 0
1411 -7.667837391535667 1.71269939133842 0
1412 -7.484208723758545 1.423979448227699 0
1413 -7.594256105042338 1.184986682260458 0
1414 -7.275064415781197 1.183567347811317 0
1415 1.35100136897311 0.04125698800513081 0
1416 1.298359562201633 0.04125698800513081 0
1417 -1.298910862854405 0.04156378569024135 0
1418 -1.351552669625897 0.04156378569024135 0
1419 -10.33554033510619 0.3045525329677188 0
1420 -10.75307708133255 0.3045525329677188 0
1421 10.75307708133315 0.3045525329678673 0
1422 10.33554033510686 0.3045525329678673 0
1423 3.82119334361569 1.097398738217504 0
1424 3.985786071577673 1.257811557713225 0
1425 -3.985786071581533 1.257811557709765 0
1426 -3.821193343619387 1.097398738213708 0
1427 6.737630292327618 1.76298466587972 0
1428 -6.737738307252409 1.76141916225928 0
1429 11.81903269635077 1.365658141456188 0
1430 -11.8190326963514 1.365658141456211 0
1431 4.131368559845862 1.06240951913422 0
1432 3.984778309915277 0.8741879951147876 0
1433 -3.984778309919396 0.874187995111504 0
1434 -4.131368559849699 1.062409519130878 0
1435 8.420286718349669 1.626074804467685 0
1436 -8.174799401100881 1.340380318851083 0
1437 -7.864215204726425 1.175387646586219 0
1438 0.7845017716108578 0.9666303359375875 0
1439 -10.97915368544805 0.5614352281243642 0
1440 10.97915368544859 0.5614352281244878 0
1441 -1.480093710300495 0.1566517152984585 0
1442 -1.42879915524285 0.1596751437370219 0
1443 1.307104288160855 0.1190774739064142 0
1444 1.272829285823856 0.08935157680889019 0
1445 -1.273377505026499 0.08967022410779424 0
1446 -1.307765311982116 0.1194566588903875 0
1447 2.61301233082237 0.8177118970155008 0
1448 2.481742314460385 0.8628287931199439 0
1449 -2.48174236701517 0.8628287577603959 0
1450 -2.613012365012704 0.8177118740103195 0
1451 2.888762579443964 0.7008515022084711 0
1452 2.753882078101774 0.7678667217434846 0
1453 -2.753882092555994 0.7678667120156428 0
1454 -2.888762587203716 0.7008514969843189 0
1455 -1.490277910518927 0.0996130923936738 0
1456 9.142388460809858 0.3082741696627481 0
1457 8.786336941486176 0.3082741696627481 0
1458 -8.784845952176788 0.307654806866511 0
1459 -9.140897471497963 0.307654806866511 0
1460 -1.797494137260638 0.4673680302038631 0
1461 -1.881932488039439 0.4193260633517886 0
1462 1.879886112492847 0.439937921926473 0
1463 1.797490599481709 0.4672234274306596 0
1464 0.1961297512518551 1.412576953710561 0
1465 0.1156537537287147 1.369016220853596 0
1466 3.18369900156792 0.5965196781717992 0
1467 3.041271885576832 0.6462520241240896 0
1468 -3.041271888931675 0.6462520218635184 0
1469 -3.183699003417956 0.5965196769244265 0
1470 1.244379194374518 0.04809458880375939 0
1471 1.195767596804522 0.04809458880375939 0
1472 -1.195764515354448 0.04810643841755288 0
1473 -1.244376112924458 0.04810643841755288 0
1474 8.42729278915707 0.2695234767910956 0
1475 -1.462367170418449 0.05192195349198485 0
1476 -1.105351369162953 0.0365498187811384 0
1477 -1.150241306795881 0.0365498187811384 0
1478 1.150241306795843 0.03654981878107534 0
1479 1.105351369162926 0.03654981878107534 0
1480 2.340303273197623 0.90669286818429 0
1481 2.195866163418825 0.9505935351009958 0
1482 -2.195866326159653 0.9505934256149964 0
1483 -2.340303425803904 0.9066927655160589 0
1484 1.391573882753452 0.1869528242586987 0
1485 -7.476225957242063 0.2528776740902723 0
1486 -7.779846399429073 0.2528776740902723 0
1487 7.777953049455805 0.2408213718149066 0
1488 7.47433260727111 0.2408213718149066 0
1489 -1.391870239487246 0.1872750858569523 0
1490 6.012400325301633 1.054127829190453 0
1491 -6.000470986816209 1.0490104277224 0
1492 -6.380312058690376 0.2133725375477575 0
1493 -6.639222277878148 0.2133725375477575 0
1494 6.636326574001389 0.2116482509093363 0
1495 6.377416354813795 0.2116482509093363 0
1496 -8.099044824961958 0.2730537938315459 0
1497 -8.427837438436772 0.2730537938315459 0
1498 -3.187196296734478 1.25886575817354 0
1499 3.187196295473077 1.258865759024501 0
1500 -1.405361022473291 0.05192195349198485 0
1501 1.515612312775254 0.04298883376441143 0
1502 1.462835453202043 0.05271086817527694 0
1503 -1.033014723782402 1.266013721233957 0
1504 -1.154155298592678 1.25007986461375 0
1505 1.152864501019615 1.25225730138207 0
1506 1.03212142350656 1.269380841441497 0
1507 -1.310198720575857 0.9986530755612444 0
1508 -1.411348176401706 0.9689283274376419 0
1509 1.410924002170888 0.9692136872825117 0
1510 1.310148189143871 0.9989306540829628 0
1511 7.324329697211603 0.4657658274168701 0
1512 7.174412826083528 0.2249444556019635 0
1513 2.732402507068862 0.3611135497608503 0
1514 2.865981275250048 0.4309189882694735 0
1515 -2.865950066552595 0.4310684015383701 0
1516 -2.732065428366876 0.3613869203559976 0
1517 1.625327891768244 0.9122680408037132 0
1518 1.520408933012297 0.9447104397746353 0
1519 -1.520875315117911 0.9444973435588458 0
1520 -1.625476317822212 0.9121849647931987 0
1521 -6.903852440180683 0.2308367879633124 0
1522 -7.184227970825933 0.2308367879633124 0
1523 -1.929146095437962 1.047548124590022 0
1524 -2.05988961267936 0.9946462446485089 0
1525 2.059888859765133 0.9946467511688263 0
1526 1.929145379781906 1.04754860604507 0
1527 -5.446148231226045 0.1886600951540401 0
1528 -5.666932098271145 0.1886600951540401 0
1529 5.663934968947883 0.1870491674587728 0
1530 5.443151101902926 0.1870491674587728 0
1531 1.700349967958886 0.06793424533046039 0
1532 1.633499634654054 0.06793424533046039 0
1533 -1.633624768748243 0.06937042618412252 0
1534 -1.700475102053098 0.06937042618412252 0
1535 1.577344639006536 0.04298883376441143 0
1536 13.86014446792131 1.270841944614782 0
1537 14.14197141419851 1.731625359345685 0
1538 -14.14197141419707 1.731625359347172 0
1539 -13.86014446791966 1.270841944616465 0
1540 -1.381720607803839 0.09348573918222619 0
1541 -4.609664556409324 0.1850372840439675 0
1542 -4.797936445054701 0.1850372840439675 0
1543 4.797192842091794 0.1842118597647521 0
1544 4.608920953446532 0.1842118597647521 0
1545 -0.9297857001201062 0.4506062123454507 0
1546 -0.9462222042816142 0.4149526786581172 0
1547 -5.896668865278938 0.203700929549619 0
1548 -6.135757144661863 0.203700929549619 0
1549 12.56029828272318 1.743503594107028 0
1550 -12.56029828272397 1.743503594107045 0
1551 -9.922928834975579 0.3233903785997208 0
1552 9.923699358096783 0.3237555686091996 0
1553 -3.950188149407206 0.1477988331392439 0
1554 -4.110735690204065 0.1477988331392439 0
1555 4.110735690202944 0.147798833138735 0
1556 3.950188149406175 0.147798833138735 0
1557 1.939330651175006 0.6817153453322069 0
1558 -1.939732093112394 0.6815283027363712 0
1559 0.976265437016258 0.3380924858480818 0
1560 0.9626769451244086 0.3749257048431354 0
1561 -5.020278657784333 0.1678577223952487 0
1562 -5.22415951501242 0.1678577223952487 0
1563 8.09850017567911 0.2695234767910956 0
1564 14.36402870044558 1.089468676399112 0
1565 -14.36402870044346 1.089468676401649 0
1566 6.268057042141053 0.4155257934195049 0
1567 6.136484923807101 0.2038775425101687 0
1568 -3.101400787725981 0.23260302074693 0
1569 -3.124319849786522 0.09564400937373647 0
1570 3.124319849586952 0.09564400950781185 0
1571 3.101400787090271 0.2326030211750182 0
1572 -3.373273766153516 0.1200574520164819 0
1573 -3.510179562914238 0.1200574520164819 0
1574 3.510179562913476 0.1200574520162844 0
1575 3.373273766152825 0.1200574520162844 0
1576 2.008354718612952 0.06161486226294534 0
1577 1.929960235487513 0.06161486226294534 0
1578 2.555882805180651 0.08782475525987073 0
1579 2.456328933044443 0.08782475525987073 0
1580 -2.656126867159851 0.09083192434581028 0
1581 -2.763934394454232 0.09083192434581028 0
1582 2.763934394454596 0.08949161494803423 0
1583 2.656126867160263 0.08949161494803423 0
1584 -2.090391900289834 0.07070592365853243 0
1585 -2.175285753394582 0.07070592365853243 0
1586 2.175285753394185 0.07070592365850416 0
1587 2.09039190028947 0.07070592365850416 0
1588 6.894037295439526 0.2249444556019635 0
1589 1.405829305256903 0.05271086817527694 0
1590 -1.782567026315116 0.05960180473342071 0
1591 -1.854959680429383 0.05960180473342071 0
1592 -3.728362245595398 0.3381117194454378 0
1593 -3.586732372589164 0.2210521194500092 0
1594 3.586732372581296 0.221052119454633 0
1595 3.728362245551383 0.338111719475072 0
1596 5.897396644424331 0.2038775425101687 0
1597 -7.947234603868453 0.5259314679218182 0
1598 -11.58578918351298 0.2568826951566454 0
1599 11.58578918351372 0.2568826951566204 0
1600 -10.09396059997998 1.675531137484761 0
1601 10.0939605999788 1.675531137484647 0
1602 -0.8032923284045356 0.6589746065905164 0
1603 -0.827597842792107 0.6281432085715752 0
1604 -2.263693591797054 0.07676772244127464 0
1605 -2.355625711978675 0.07676772244127464 0
1606 -1.025824800788541 0.1456379416160611 0
1607 -1.030439297357506 0.1066502569597445 0
1608 1.030439297357627 0.1066502569592854 0
1609 1.025824800788701 0.1456379416154367 0
1610 5.218954893766833 0.1664420226168386 0
1611 5.01507403653887 0.1664420226168386 0
1612 -7.336038191919439 0.4837144620535848 0
1613 -2.41006133367899 0.1649997052675913 0
1614 0.870328940695614 0.5574120906408551 0
1615 0.8485173557061643 0.5900554344290962 0
1616 -7.655070896749077 0.9349755461698379 0
1617 5.336006052045372 0.3534911900756114 0
1618 1.131922822853332 0.6059120145022991 0
1619 -1.130583399008221 0.6051592784804284 0
1620 -1.971484290964006 0.2954137830659494 0
1621 -2.012512899785761 0.2110496835151704 0
1622 1.852768612823565 0.05857479481060668 0
1623 1.780375958709326 0.05857479481060668 0
1624 -6.779410043200775 0.44420932551107 0
1625 9.53812886179724 0.3237555686091996 0
1626 -9.537358338675977 0.3233903785997208 0
1627 1.025698219636751 0.6865995112927735 0
1628 1.087053544713857 0.7197808339392362 0
1629 -1.085868537041072 0.7179414331205671 0
1630 -1.012272475888929 0.6769129769992734 0
1631 0.9998626229600742 0.2571530326310802 0
1632 0.989205920908887 0.294938847890595 0
1633 -0.9873919291727855 0.300950142044873 0
1634 -0.998048631224064 0.2631643267852222 0
1635 -6.270224966869728 0.4170734670973765 0
1636 2.356298103209411 0.07763667406615254 0
1637 2.264365983027832 0.07763667406615254 0
1638 -0.2216268653053113 1.444797758659068 0
1639 0.71682443868365 0.7463979266932932 0
1640 0.6879950722555885 0.7730475189000683 0
1641 12.05747172249851 1.743503594107028 0
1642 -12.05747172249945 1.743503594107045 0
1643 -1.057869473667631 0.2875695233558895 0
1644 -1.066646471073817 0.249076815640255 0
1645 -1.032504339456494 0.2543905819995011 0
1646 -2.052558725368308 0.1416595089015162 0
1647 -1.029661580612915 0.03025190308378243 0
1648 -1.07111478078616 0.03025190308378243 0
1649 1.071114780786042 0.03025190308362307 0
1650 1.029661580612808 0.03025190308362307 0
1651 0.6589903019929718 0.8015939491243858 0
1652 0.6281589039742438 0.8258994635118859 0
1653 -1.78061442898685 0.5605608407480915 0
1654 1.78059261296093 0.5605495743313512 0
1655 0.9851405533327405 0.4067841971414236 0
1656 0.9463431407203444 0.4145419246616259 0
1657 -1.028120247479529 0.06948145094707142 0
1658 1.028120247479435 0.06948145094675497 0
1659 1.891572840824844 0.120189657073552 0
1660 -0.4859463940701641 1.260688916155433 0
1661 2.727694912787538 0.9096763200732407 0
1662 -2.727694943917031 0.909676299127117 0
1663 0.3639690655244416 1.436834901540541 0
1664 0.3313524523092435 1.558708562003278 0
1665 0.254523039855501 1.498326927504606 0
1666 -5.344207802612003 0.3565178175492887 0
1667 3.02107396619981 0.805231666716843 0
1668 -3.02107397318828 0.8052316620116398 0
1669 3.316015123898779 0.6857544429257754 0
1670 -3.316015125409728 0.6857544419062892 0
1671 -4.193543842079153 0.2700687484375913 0
1672 4.193466798817708 0.2699789920496457 0
1673 -2.445386275162476 1.003385468877457 0
1674 2.445386124245373 1.003385570409603 0
1675 -4.899876873668746 0.3528950064392161 0
1676 0.8926115986144008 0.7051707520424453 0
1677 0.9470355759744159 0.6891175554208731 0
1678 -1.961781043481216 0.488378090534723 0
1679 -1.970069961692675 0.3796873967704599 0
1680 1.966122335791812 0.4012491358707581 0
1681 1.959873454677555 0.489289003762876 0
1682 -0.4907392204747298 0.9125094588971533 0
1683 -0.5249932529630756 0.893326278980036 0
1684 -1.736671429110232 0.1289722309175432 0
1685 5.104144057599536 0.6619634315249421 0
1686 0.8368954696699398 1.562638351106544 0
1687 -2.834087396402048 1.540070160915279 0
1688 -2.609770192063221 1.523229961963243 0
1689 2.609770190720361 1.523229962868648 0
1690 2.834087395059278 1.540070161820607 0
1691 -0.9849149535805833 0.4083040483380845 0
1692 -0.9625722818102991 0.3760348020449529 0
1693 2.411030115944154 0.1654614293260233 0
1694 2.034861811984516 0.3606261726892076 0
1695 2.12381739524405 0.3068520426679798 0
1696 3.85696882377181 0.7598671406179246 0
1697 3.72001172995946 0.6429524162725033 0
1698 -3.720011730046854 0.6429524162119359 0
1699 -3.856968823822356 0.7598671405824231 0
1700 -5.11597845224005 0.6703539342164196 0
1701 -3.443547743262152 0.7758968999628675 0
1702 3.443547742864064 0.7758969002332854 0
1703 -2.167970620470918 1.091302295666632 0
1704 2.167969779328919 1.09130286154178 0
1705 -3.375211754284889 1.059416400523625 0
1706 -3.20873272888265 1.107589155386511 0
1707 3.208732727834909 1.107589156094074 0
1708 3.375211754107314 1.059416400645632 0
1709 1.381637589934764 0.09396785618040775 0
1710 -0.9761607737022657 0.3392015830497653 0
1711 0.9124599563988515 0.487854771076121 0
1712 0.8932767764818282 0.5221088035642885 0
1713 -0.8925255539626755 0.5229828488635526 0
1714 -0.9117087338798726 0.4887288163752639 0
1715 0.989604416812869 1.397606928230739 0
1716 -0.9989883442913785 1.386427797837819 0
1717 7.944796604622489 0.5103448486060022 0
1718 -3.878484794601001 0.2487935005727712 0
1719 3.878484794592945 0.2487935005770836 0
1720 -1.012496186579788 0.3311347307200279 0
1721 0.9299066365589861 0.4501954583488196 0
1722 2.050801645165309 0.1323207859214495 0
1723 -1.714453601701279 0.9909531407895329 0
1724 -1.737321000006232 0.8809729584835637 0
1725 1.737243269658005 0.8810084745199165 0
1726 1.714382905998825 0.9910007007643262 0
1727 -14.70318768100791 1.731625359347172 0
1728 14.70318768100955 1.731625359345685 0
1729 -11.13363597528199 0.2568826951566454 0
1730 11.13363597528282 0.2568826951566204 0
1731 -1.493081780801053 1.046596130977964 0
1732 1.492982597267655 1.046763514555999 0
1733 6.766699194585883 0.4365927065112998 0
1734 1.009640383642322 0.1807988295685381 0
1735 -1.01448483872899 0.1861661696615389 0
1736 -5.021129774432587 0.5124058470060738 0
1737 -6.630970873958983 0.6892930182788738 0
1738 -6.895601036261517 0.7067572686944287 0
1739 -1.276803854990594 1.099385686961539 0
1740 1.27662648378275 1.100066697266502 0
1741 -2.221246665244681 0.1474736460998071 0
1742 1.014414841629434 0.324014339365446 0
1743 0.4061745825086159 1.280846816719326 0
1744 0.3689006460832444 1.353970890834257 0
1745 -0.1814220110753834 1.019897865102102 0
1746 -0.2199274604833649 1.012238655003475 0
1747 2.848625255652145 0.07728673701537106 0
1748 -2.848619013587694 0.07758468176785505 0
1749 0.5323390807011729 1.347925149868318 0
1750 0.4852611059660302 1.262726192661333 0
1751 -4.450744599737393 0.1222699152983475 0
1752 4.45066755647557 0.1221801589109106 0
1753 1.754002983650814 0.7673853953153988 0
1754 -1.754097311272151 0.7673458334984714 0
1755 1.001981173543664 0.2193042789763556 0
1756 -1.00682562863025 0.2246716190695877 0
1757 4.682489418424849 0.9443872307652658 0
1758 -4.697333877862514 0.9312932016277959 0
1759 4.893928649462205 0.3506538823815907 0
1760 3.585661298452357 0.7162737128453246 0
1761 -3.585661298722537 0.7162737126608949 0
1762 -2.504340791040112 1.436047681177163 0
1763 -2.38248862753883 1.290484975917504 0
1764 2.382488614268043 1.290484984849146 0
1765 2.504340777768467 1.43604769010831 0
1766 -0.8520327546683766 0.5933936970627478 0
1767 -0.8738443396580897 0.5607503532743139 0
1768 -0.9504879098116648 0.4853445289810621 0
1769 1.734355227410455 0.1265090401410671 0
1770 -3.801280007445151 0.1009946674335273 0
1771 3.801280007436909 0.1009946674383486 0
1772 -0.7555893284421493 0.9958492586392643 0
1773 -0.7306887454532751 0.9380356364912465 0
1774 -0.02971224530122998 1.160507989174032 0
1775 0.004779093161558771 1.226760360044749 0
1776 6.882784136983567 0.7092456960771331 0
1777 6.62507341554543 0.6959494913845058 0
1778 -0.7453985409909176 0.7157713218249977 0
1779 -0.7720481331977872 0.6869419553967461 0
1780 0.7720481332001522 0.6869419553938191 0
1781 0.7453985409935413 0.7157713218220074 0
1782 0.8233422349226063 0.6243781609223622 0
1783 0.7990367205352493 0.655209558941243 0
1784 5.009019059348532 0.5044282095240269 0
1785 -2.178783199523638 0.2428618548143471 0
1786 -2.267191037926111 0.2489236535970893 0
1787 -3.250744258401805 0.09564400937373647 0
1788 3.250744258202173 0.09564400950781185 0
1789 -1.773718097281429 0.6627959044449223 0
1790 1.773682853208738 0.662808167457803 0
1791 6.915496021498538 1.486640163331403 0
1792 6.703716723897771 1.24728590635489 0
1793 6.952937655543881 1.207956737926853 0
1794 -0.02174367130016018 1.03634043601984 0
1795 -0.06097321916419148 1.034799102886551 0
1796 0.2216069999881352 1.014955760359159 0
1797 0.1831015505803839 1.02261497045802 0
1798 2.913487274611022 0.2969420701288211 0
1799 -2.913456064287041 0.2970914844934649 0
1800 -6.956089450758565 1.187200537620395 0
1801 -6.706826493362307 1.237339642990396 0
1802 -6.915754077101147 1.472699219148559 0
1803 2.221919056475475 0.1483425977246567 0
1804 0.9513600687685415 0.4840597296872154 0
1805 -0.2783824719752022 1.542219476483622 0
1806 -3.551270302061962 1.042701070986599 0
1807 3.55127030188393 1.042701071108601 0
1808 -1.043631190400468 0.3611240503480286 0
1809 -1.054862345870988 0.3228726093431363 0
1810 0.8628425962524203 0.6266483430609159 0
1811 -0.683559940107372 0.7681165678695099 0
1812 -0.7123893065356826 0.7414669756627266 0
1813 1.787420076711721 0.1854639478159505 0
1814 0.9109655528221926 0.5570223294910833 0
1815 -1.103452159031058 0.2483470657432602 0
1816 -4.276886595720163 0.1222699152983475 0
1817 4.276809552458441 0.1221801589109106 0
1818 2.032476634226164 0.5407679661500402 0
1819 1.946240410927198 0.5794567522057551 0
1820 -1.946628424817815 0.5792932390395404 0
1821 -2.034765898471051 0.5396545724582118 0
1822 -0.5590498429354671 0.871202558787461 0
1823 -0.5916931867239217 0.8493909737978528 0
1824 0.5947371061193147 0.8510980331071636 0
1825 0.5620937623311587 0.8729096180968053 0
1826 -1.866747238122558 0.6302518208128824 0
1827 1.866727471626397 0.6302363829450426 0
1828 0.1413259803867793 1.027047288759386 0
1829 0.1023382957306832 1.03166178532852 0
1830 1.398869550858734 0.1321888180814444 0
1831 2.267510065302354 0.2491626528985053 0
1832 2.178429835668707 0.2422319024908569 0
1833 2.8365465035212 1.001288686182321 0
1834 2.695676756241796 1.051133861454337 0
1835 -2.695676786861431 1.051133840851433 0
1836 -2.836546514404721 1.001288678856756 0
1837 -0.6253249212681562 0.8232559123678469 0
1838 -0.656156319287136 0.7989503979803743 0
1839 -1.133491379471589 0.2914205200964413 0
1840 -0.1827758936370222 1.190205252060463 0
1841 -0.1322199404510361 1.142653988975771 0
1842 -1.800620328430487 1.079134691125292 0
1843 -1.90346813998315 1.166941681235416 0
1844 1.903455641709525 1.166950089353093 0
1845 1.800608545816205 1.079142617788553 0
1846 -2.138737373941091 0.3122520294280013 0
1847 -2.051332846405783 0.3644658102488838 0
1848 1.954874469799809 0.3112750908528046 0
1849 -0.7795401076409744 0.8987222253189215 0
1850 -0.9137297292668453 0.5612346374216366 0
1851 6.153635268341464 0.6010430517872558 0
1852 6.040025509641405 0.8245678366929029 0
1853 -0.5045849942192453 1.051718010542206 0
1854 -0.4965400254005893 0.9968168542579002 0
1855 6.394566699348157 0.6088137601864234 0
1856 -0.814934496002972 0.6964685136562825 0
1857 1.825564823282458 0.2385599331916839 0
1858 1.888402852454737 0.2876198072035176 0
1859 0.5212397926883464 0.8971332355695071 0
1860 0.4869857602002684 0.9163164154867152 0
1861 0.0517330726680424 1.29184739902818 0
1862 1.688693167926444 1.11040218407235 0
1863 -1.688775646246466 1.110346697434927 0
1864 -7.066136832042357 0.9482077716531545 0
1865 -0.1624743325997865 1.557405943656236 0
1866 -1.044110472013542 0.5705103760332617 0
1867 -1.031042990842461 0.6239342208248785 0
1868 -1.080334884065921 0.6028227813705886 0
1869 0.4495854627845354 0.9275144011886816 0
1870 0.4139319290974239 0.9439509053502269 0
1871 -0.4202074052449656 0.9506732077901445 0
1872 -0.4558609389323333 0.9342367036287282 0
1873 -3.653023842964021 0.1009946674335273 0
1874 3.653023842955859 0.1009946674383486 0
1875 1.045797553127861 0.3576517597868299 0
1876 -0.3872404114913691 1.263512791983421 0
1877 0.3760348020482831 0.9625722818088251 0
1878 0.339201583053323 0.9761607737008589 0
1879 -1.870574063673759 1.307794447719212 0
1880 -1.999099830681235 1.276207881183941 0
1881 1.999099115025191 1.27620836263939 0
1882 1.87056228105949 1.307802374382873 0
1883 -0.935301324285837 1.506398348863355 0
1884 0.9361948329922962 1.499639872999655 0
1885 7.060752530622113 0.9560476118981992 0
1886 -1.002139752036093 0.5521332116849578 0
1887 -6.484358381537701 1.101923473134354 0
1888 6.48302645740607 1.111026742249806 0
1889 -0.102048752710117 1.029046963791258 0
1890 -0.141036437366486 1.024432467222384 0
1891 -0.3442499837403109 0.9817430029616394 0
1892 -0.3810832027355412 0.9681545110697611 0
1893 -0.2608683136339988 1.003348512377961 0
1894 -0.2986541288937186 0.9926918103267666 0
1895 0.3030663028595997 0.9916268791846516 0
1896 0.2652804876001918 1.002283581236025 0
1897 -6.029766001562125 0.8201729445959165 0
1898 -6.152907489194363 0.600866438826373 0
1899 7.502298090850148 0.7125677432379363 0
1900 7.202378309662567 0.6966908270249932 0
1901 1.070596375396259 0.3943988066886878 0
1902 1.026273180005203 0.4039150242247908 0
1903 0.3421844878303542 1.067163033387787 0
1904 0.333255701390154 1.116391598622999 0
1905 0.2881868249007747 1.081425807310426 0
1906 0.8106788881337652 0.692703466006758 0
1907 -1.0958787994806 0.1039705278775939 0
1908 1.095878799480693 0.1039705278772288 0
1909 -0.2173239203413213 1.128541189225238 0
1910 -0.2273641226901822 1.195296718321146 0
1911 -0.5615445311844209 0.9118886734122853 0
1912 -2.137901496264183 1.233880869484578 0
1913 -2.273878209744475 1.189828050451065 0
1914 2.273878084262065 1.189828134872183 0
1915 2.137900780608373 1.233881350940013 0
1916 -6.397462403222876 0.6105380468245116 0
1917 0.3332508915346982 1.016731136591422 0
1918 -1.245406766988214 1.188717582199668 0
1919 1.245174750274978 1.189418977567814 0
1920 -0.9636147611807566 0.5575444742492134 0
1921 0.959087848422761 0.5602480966816904 0
1922 0.9361400126365467 0.5955513837582569 0
1923 1.0935597496025 0.06680172186469842 0
1924 -1.093559749602623 0.06680172186492084 0
1925 -1.398600044895628 0.1314438491039002 0
1926 2.07822638641717 0.2060319874941312 0
1927 -7.21457600128415 0.7031240788853507 0
1928 -0.2751017064048421 1.083979879921709 0
1929 -0.3112223065595809 1.121649793033615 0
1930 -0.3244118635699418 1.071997017469404 0
1931 1.061642211103809 0.09767261217977657 0
1932 -1.061642211103807 0.0976726121802379 0
1933 -2.092793001259661 0.2108020219307191 0
1934 -1.557375065222691 1.437534480903195 0
1935 1.557140474191621 1.437866270247902 0
1936 0.05619868444257992 1.028345057547629 0
1937 0.01696913657870751 1.029886390681217 0
1938 -0.4926096596696329 0.9557396383364353 0
1939 -0.629232855701047 0.8636298917897044 0
1940 2.553996654251351 1.104042420386567 0
1941 2.412557612988589 1.147906495450913 0
1942 -2.412557751745565 1.147906402099559 0
1943 -2.553996692956831 1.104042394343896 0
1944 0.8552884963424634 0.7032531141809473 0
1945 -0.5691599293153183 1.056373537414084 0
1946 -7.506573987700279 0.7251649650123105 0
1947 -0.2994058306447061 1.176619238924194 0
1948 0.9908180679010706 0.4809457676586395 0
1949 0.973371387740936 0.5186050803859408 0
1950 -1.089004477488311 0.3175588429838903 0
1951 -0.9890129006670011 0.4799332664168064 0
1952 -1.008908788484375 0.4406847717967056 0
1953 0.5608349903009816 0.917402689313798 0
1954 1.082022810353449 0.6043045983076041 0
1955 1.026950637787261 0.6292737039849214 0
1956 1.039334480803304 0.5738080452715466 0
1957 1.119538979837289 0.661377673215674 0
1958 -1.117515917837139 0.6585831232720452 0
1959 5.206934842160283 0.4904192672345924 0
1960 1.996189204740652 0.1969409260985724 0
1961 -5.217067764205842 0.4936635320008431 0
1962 2.350830509505605 0.2306957869437503 0
1963 -6.250849910801595 1.023168501679991 0
1964 6.252519741208798 1.023891011051724 0
1965 2.662848244985013 1.195654786495647 0
1966 -2.662848263444521 1.195654774073535 0
1967 0.4340306535510396 1.615562783097115 0
1968 0.2445133372887181 1.09409798643356 0
1969 0.2235408729748266 1.145467570599949 0
1970 0.1887961718029701 1.108911184487872 0
1971 -6.513653396283618 0.8730859900078702 0
1972 6.510651641745842 0.8814667497522567 0
1973 1.566538140770169 1.128681231814384 0
1974 1.45705320992876 1.15318447932226 0
1975 -1.457137198594142 1.152983058870593 0
1976 -1.566664337310347 1.128552074991797 0
1977 7.774358627505245 0.7054116063928944 0
1978 -0.1660239834050379 1.05664199172881 0
1979 1.009939375601138 0.4435312440432813 0
1980 -0.2473504102645691 1.043217246983013 0
1981 -1.733414223184075 1.314579723289639 0
1982 1.733389888407341 1.314605168450522 0
1983 -0.9709359344267675 0.5180558704466197 0
1984 -0.6426486948830731 0.9087329945886948 0
1985 0.1679930659232571 1.06197391862285 0
1986 1.652763780587549 1.216823148838611 0
1987 -1.652831064039555 1.216733625327556 0
1988 -0.2341608532542083 1.092870022547224 0
1989 0.3204727821910084 1.180429745678822 0
1990 0.9482879941249261 0.631791748113021 0
1991 0.9001656985243578 0.6285659809224139 0
1992 14.70318768100955 1.231625359344377 0
1993 -14.70318768100791 1.231625359349233 0
1994 -2.767244349947541 0.2509643974660816 0
1995 2.767275560708759 0.2494746734096489 0
1996 0.163513138036657 1.534450614173298 0
1997 0.9985458475552901 0.5571341346531145 0
1998 -7.776533087384366 0.7155659293380721 0
1999 -0.08456287615021496 1.066928732944386 0
2000 -0.3487159878098057 1.164636376471888 0
2001 0.2534421237289182 1.044869421198349 0
2002 1.957142328647442 0.2469968440219671 0
2003 1.929717587395581 0.1732856424492854 0
2004 -1.02525886601306 0.4017668951835413 0
2005 -1.06762502530426 0.3935047738066497 0
2006 -0.3338871182617953 1.023378296992371 0
2007 -2.950109408582866 1.08500441665542 0
2008 -2.982127565638466 0.9435468749311041 0
2009 2.982127558892691 0.9435468794727953 0
2010 2.950109402346949 1.085004420853891 0
2011 -3.840685107638897 0.9259915829291316 0
2012 -3.693383857522347 0.9830778836846266 0
2013 3.693383857472222 0.9830778837206406 0
2014 3.840685107583302 0.9259915829684229 0
2015 -2.346421445436008 0.2297542479996073 0
2016 -0.8209067076524668 0.9608738276498223 0
2017 1.47651436637183 1.340084250635991 0
2018 1.611234861251066 1.332884216192556 0
2019 -1.611302914247956 1.332785100846508 0
2020 -1.476791906078172 1.339688382941112 0
2021 -1.344791692048235 0.1210856813021567 0
2022 -0.5314183069429859 0.9750896095263253 0
2023 1.852525964731633 0.1702455749969468 0
2024 -0.004774534725421782 1.066226826701057 0
2025 -2.62659757056303 1.335745608352079 0
2026 2.626597555946462 1.335745618188215 0
2027 -0.0675957661091002 1.117269563513333 0
2028 -0.1086712996550257 1.111517424418039 0
2029 3.074154025356609 1.178539217074793 0
2030 2.928572969985117 1.236281023784318 0
2031 -2.928572976434694 1.236281019442449 0
2032 -3.074154027668439 1.178539215516797 0
2033 0.9830098900866049 0.6561029582567161 0
2034 -0.005603821796419252 1.115919297700379 0
2035 1.425601476420988 1.242536759623573 0
2036 1.352045932918474 1.160619042365188 0
2037 -1.352157554082468 1.16035901009489 0
2038 -1.425740110591762 1.242314954108722 0
2039 2.796239930935958 0.1667783519634053 0
2040 -2.796233688870464 0.1684166061136653 0
2041 1.344041614574942 0.1207349379112983 0
2042 -2.76827766446763 1.282837054859615 0
2043 -2.892322283553203 1.376371853720992 0
2044 2.892322280946567 1.376371855476886 0
2045 2.768277657936907 1.282837059255985 0
2046 0.8749905777407998 0.66288870741568 0
2047 -0.3945808398147891 1.148625443379781 0
2048 -0.4512252658347228 1.137426575907437 0
2049 0.2061215120411606 1.198832917165301 0
2050 -0.4331052634963525 1.247501858891313 0
2051 -0.3827643638999142 1.20359488927036 0
2052 -0.5711097417606168 0.9597588995769712 0
2053 -0.6051663317330083 0.9376351793843962 0
2054 0.2618386775269086 1.18401971911099 0
2055 -0.4814703464787092 1.200771013442373 0
2056 -3.570762066081473 0.8712939157020232 0
2057 3.570762065851542 0.8712939158595207 0
2058 0.5333883030515607 1.558671939146049 0
2059 -0.5750401074915732 1.000836115498436 0
2060 -0.1491870504921508 1.092313158406824 0
2061 -2.851928969081003 0.2377171548881264 0
2062 2.851966421906308 0.2372697954769857 0
2063 0.5274075001423701 1.430789160574602 0
2064 0.4457300585369869 1.414352525332928 0
2065 -0.1895726242010483 1.087778556286541 0
$EndNodes
$Elements
1119
1 15 2 0 1 1
2 15 2 0 2 2
3 15 2 0 3 3
4 15 2 0 4 4
5 15 2 0 5 5
6 15 2 0 6 6
7 15 2 0 7 7
8 15 2 0 8 8
9 15 2 0 9 9
10 8 2 0 1 1 10 43
11 8 2 0 1 10 11 44
12 8 2 0 1 11 12 45
13 8 2 0 1 12 13 46
14 8 2 0 1 13 14 47
15 8 2 0 1 14 15 48
16 8 2 0 1 15 16 49
17 8 2 0 1 16 17 50
18 8 2 0 1 17 18 51
19 8 2 0 1 18 19 52
20 8 2 0 1 19 20 53
21 8 2 0 1 20 21 54
22 8 2 0 1 21 22 55
23 8 2 0 1 22 23 56
24 8 2 0 1 23 24 57
25 8 2 0 1 24 25 58
26 8 2 0 1 25 26 59
27 8 2 0 1 26 27 60
28 8 2 0 1 27 28 61
29 8 2 0 1 28 29 62
30 8 2 0 1 29 30 63
31 8 2 0 1 30 31 64
32 8 2 0 1 31 32 65
33 8 2 0 1 32 33 66
34 8 2 0 1 33 34 67
35 8 2 0 1 34 35 68
36 8 2 0 1 35 36 69
37 8 2 0 1 36 37 70
38 8 2 0 1 37 38 71
39 8 2 0 1 38 39 72
40 8 2 0 1 39 40 73
41 8 2 0 1 40 41 74
42 8 2 0 1 41 42 75
43 8 2 0 1 42 2 76
44 8 2 0 2 4 77 116
45 8 2 0 2 77 78 117
46 8 2 0 2 78 79 118
47 8 2 0 2 79 80 119
48 8 2 0 2 80 81 120
49 8 2 0 2 81 82 121
50 8 2 0 2 82 83 122
51 8 2 0 2 83 84 123
52 8 2 0 2 84 85 124
53 8 2 0 2 85 86 125
54 8 2 0 2 86 87 126
55 8 2 0 2 87 88 127
56 8 2 0 2 88 89 128
57 8 2 0 2 89 90 129
58 8 2 0 2 90 91 130
59 8 2 0 2 91 92 131
60 8 2 0 2 92 93 132
61 8 2 0 2 93 94 133
62 8 2 0 2 94 95 134
63 8 2 0 2 95 96 135
64 8 2 0 2 96 97 136
65 8 2 0 2 97 98 137
66 8 2 0 2 98 99 138
67 8 2 0 2 99 100 139
68 8 2 0 2 100 101 140
69 8 2 0 2 101 102 141
70 8 2 0 2 102 103 142
71 8 2 0 2 103 104 143
72 8 2 0 2 104 105 144
73 8 2 0 2 105 106 145
74 8 2 0 2 106 107 146
75 8 2 0 2 107 108 147
76 8 2 0 2 108 109 148
77 8 2 0 2 109 110 149
78 8 2 0 2 110 111 150
79 8 2 0 2 111 112 151
80 8 2 0 2 112 113 152
81 8 2 0 2 113 114 153
82 8 2 0 2 114 115 154
83 8 2 0 2 115 2 155
84 8 2 0 3 4 156 189
85 8 2 0 3 156 157 190
86 8 2 0 3 157 158 191
87 8 2 0 3 158 159 192
88 8 2 0 3 159 160 193
89 8 2 0 3 160 161 194
90 8 2 0 3 161 162 195
91 8 2 0 3 162 163 196
92 8 2 0 3 163 164 197
93 8 2 0 3 164 165 198
94 8 2 0 3 165 166 199
95 8 2 0 3 166 167 200
96 8 2 0 3 167 168 201
97 8 2 0 3 168 169 202
98 8 2 0 3 169 170 203
99 8 2 0 3 170 171 204
100 8 2 0 3 171 172 205
101 8 2 0 3 172 173 206
102 8 2 0 3 173 174 207
103 8 2 0 3 174 175 208
104 8 2 0 3 175 176 209
105 8 2 0 3 176 177 210
106 8 2 0 3 177 178 211
107 8 2 0 3 178 179 212
108 8 2 0 3 179 180 213
109 8 2 0 3 180 181 214
110 8 2 0 3 181 182 215
111 8 2 0 3 182 183 216
112 8 2 0 3 183 184 217
113 8 2 0 3 184 185 218
114 8 2 0 3 185 186 219
115 8 2 0 3 186 187 220
116 8 2 0 3 187 188 221
117 8 2 0 3 188 5 222
118 8 2 0 4 5 223 224
119 8 2 0 4 223 6 225
120 8 2 0 5 6 226 245
121 8 2 0 5 226 227 246
122 8 2 0 5 227 228 247
123 8 2 0 5 228 229 248
124 8 2 0 5 229 230 249
125 8 2 0 5 230 231 250
126 8 2 0 5 231 232 251
127 8 2 0 5 232 233 252
128 8 2 0 5 233 234 253
129 8 2 0 5 234 235 254
130 8 2 0 5 235 236 255
131 8 2 0 5 236 237 256
132 8 2 0 5 237 238 257
133 8 2 0 5 238 239 258
134 8 2 0 5 239 240 259
135 8 2 0 5 240 241 260
136 8 2 0 5 241 242 261
137 8 2 0 5 242 243 262
138 8 2 0 5 243 244 263
139 8 2 0 5 244 7 264
140 8 2 0 6 7 265 269
141 8 2 0 6 265 266 270
142 8 2 0 6 266 267 271
143 8 2 0 6 267 268 272
144 8 2 0 6 268 8 273
145 8 2 0 7 8 274 293
146 8 2 0 7 274 275 294
147 8 2 0 7 275 276 295
148 8 2 0 7 276 277 296
149 8 2 0 7 277 278 297
150 8 2 0 7 278 279 298
151 8 2 0 7 279 280 299
152 8 2 0 7 280 281 300
153 8 2 0 7 281 282 301
154 8 2 0 7 282 283 302
155 8 2 0 7 283 284 303
156 8 2 0 7 284 285 304
157 8 2 0 7 285 286 305
158 8 2 0 7 286 287 306
159 8 2 0 7 287 288 307
160 8 2 0 7 288 289 308
161 8 2 0 7 289 290 309
162 8 2 0 7 290 291 310
163 8 2 0 7 291 292 311
164 8 2 0 7 292 9 312
165 8 2 0 8 9 313 314
166 8 2 0 8 313 1 315
167 9 2 0 9 341 531 530 715 716 717
168 9 2 0 9 340 525 526 718 719 720
169 9 2 0 9 438 479 444 721 722 723
170 9 2 0 9 389 395 480 724 725 726
171 9 2 0 9 353 372 371 727 728 729
172 9 2 0 9 319 536 696 730 731 732
173 9 2 0 9 323 505 598 733 734 735
174 9 2 0 9 410 665 639 736 737 738
175 9 2 0 9 459 640 666 739 740 741
176 9 2 0 9 474 521 548 742 743 744
177 9 2 0 9 319 696 477 732 745 746
178 9 2 0 9 372 671 374 747 748 749
179 9 2 0 9 318 478 678 750 751 752
180 9 2 0 9 341 532 531 753 754 715
181 9 2 0 9 340 526 527 720 755 756
182 9 2 0 9 265 704 352 757 758 759
183 9 2 0 9 420 704 265 760 757 761
184 9 2 0 9 639 665 339 737 762 763
185 9 2 0 9 640 338 666 764 765 740
186 9 2 0 9 335 593 606 766 767 768
187 9 2 0 9 412 543 558 769 770 771
188 9 2 0 9 376 419 624 772 773 774
189 9 2 0 9 412 558 585 771 775 776
190 9 2 0 9 429 439 479 777 778 779
191 9 2 0 9 380 480 390 780 781 782
192 9 2 0 9 365 518 476 783 784 785
193 9 2 0 9 372 373 375 786 787 788
194 9 2 0 9 421 424 422 789 790 791
195 9 2 0 9 372 375 396 788 792 793
196 9 2 0 9 344 487 532 794 795 796
197 9 2 0 9 342 527 492 797 798 799
198 9 2 0 9 421 445 424 800 801 789
199 9 2 0 9 391 696 415 802 803 804
200 9 2 0 9 484 487 533 805 806 807
201 9 2 0 9 489 528 492 808 809 810
202 9 2 0 9 375 469 396 811 812 792
203 9 2 0 9 424 445 470 801 813 814
204 9 2 0 9 366 516 545 815 816 817
205 9 2 0 9 371 372 374 728 749 818
206 9 2 0 9 440 678 478 819 751 820
207 9 2 0 9 516 703 545 821 822 816
208 9 2 0 9 390 480 599 781 823 824
209 9 2 0 9 439 600 479 825 826 778
210 9 2 0 9 441 446 465 827 828 829
211 9 2 0 9 392 416 397 830 831 832
212 9 2 0 9 346 604 639 833 834 835
213 9 2 0 9 347 640 605 836 837 838
214 9 2 0 9 439 467 473 839 840 841
215 9 2 0 9 390 474 418 842 843 844
216 9 2 0 9 324 615 509 845 846 847
217 9 2 0 9 366 475 516 848 849 815
218 9 2 0 9 428 467 439 850 839 851
219 9 2 0 9 379 390 418 852 844 853
220 9 2 0 9 363 497 498 854 855 856
221 9 2 0 9 364 502 501 857 858 859
222 9 2 0 9 542 587 622 860 861 862
223 9 2 0 9 617 616 331 863 864 865
224 9 2 0 9 319 477 585 746 866 867
225 9 2 0 9 318 584 478 868 869 750
226 9 2 0 9 391 477 696 870 745 802
227 9 2 0 9 446 598 465 871 872 828
228 9 2 0 9 235 363 500 873 874 875
229 9 2 0 9 283 504 364 876 877 878
230 9 2 0 9 434 479 438 879 721 880
231 9 2 0 9 385 389 480 881 726 882
232 9 2 0 9 318 678 535 752 883 884
233 9 2 0 9 10 11 507 44 885 886
234 9 2 0 9 187 188 508 221 887 888
235 9 2 0 9 349 486 483 889 890 891
236 9 2 0 9 348 488 491 892 893 894
237 9 2 0 9 397 416 603 831 895 896
238 9 2 0 9 388 477 391 897 870 898
239 9 2 0 9 437 440 478 899 820 900
240 9 2 0 9 324 509 550 847 901 902
241 9 2 0 9 342 492 528 799 809 903
242 9 2 0 9 344 533 487 904 806 794
243 9 2 0 9 325 547 510 905 906 907
244 9 2 0 9 560 656 624 908 909 910
245 9 2 0 9 377 493 539 911 912 913
246 9 2 0 9 426 540 494 914 915 916
247 9 2 0 9 367 627 495 917 918 919
248 9 2 0 9 368 496 626 920 921 922
249 9 2 0 9 353 373 372 923 786 727
250 9 2 0 9 425 468 428 924 925 926
251 9 2 0 9 376 379 419 927 928 772
252 9 2 0 9 541 644 586 929 930 931
253 9 2 0 9 465 598 505 872 734 932
254 9 2 0 9 8 618 353 933 934 935
255 9 2 0 9 7 352 619 936 937 938
256 9 2 0 9 235 500 674 875 939 940
257 9 2 0 9 283 675 504 941 942 876
258 9 2 0 9 289 495 627 943 918 944
259 9 2 0 9 229 626 496 945 921 946
260 9 2 0 9 325 510 625 907 947 948
261 9 2 0 9 474 548 625 744 949 950
262 9 2 0 9 351 499 657 951 952 953
263 9 2 0 9 459 605 640 954 837 739
264 9 2 0 9 410 639 604 738 834 955
265 9 2 0 9 425 634 468 956 957 924
266 9 2 0 9 268 353 371 958 729 959
267 9 2 0 9 375 376 624 960 774 961
268 9 2 0 9 441 465 463 829 962 963
269 9 2 0 9 392 414 416 964 965 830
270 9 2 0 9 363 498 499 856 966 967
271 9 2 0 9 364 503 502 968 969 857
272 9 2 0 9 239 349 483 970 891 971
273 9 2 0 9 279 488 348 972 892 973
274 9 2 0 9 331 575 617 974 975 865
275 9 2 0 9 240 482 349 976 977 978
276 9 2 0 9 278 348 481 979 980 981
277 9 2 0 9 330 569 588 982 983 984
278 9 2 0 9 11 472 507 985 986 885
279 9 2 0 9 187 508 471 888 987 988
280 9 2 0 9 365 546 518 989 990 783
281 9 2 0 9 350 664 503 991 992 993
282 9 2 0 9 438 441 440 994 995 996
283 9 2 0 9 389 391 392 997 998 999
284 9 2 0 9 391 414 392 1000 964 998
285 9 2 0 9 440 441 463 995 963 1001
286 9 2 0 9 287 476 518 1002 784 1003
287 9 2 0 9 579 606 593 1004 767 1005
288 9 2 0 9 437 438 440 1006 996 899
289 9 2 0 9 388 391 389 898 997 1007
290 9 2 0 9 329 587 542 1008 860 1009
291 9 2 0 9 8 493 618 1010 1011 933
292 9 2 0 9 7 619 494 938 1012 1013
293 9 2 0 9 457 610 568 1014 1015 1016
294 9 2 0 9 343 528 655 1017 1018 1019
295 9 2 0 9 408 566 611 1020 1021 1022
296 9 2 0 9 345 654 533 1023 1024 1025
297 9 2 0 9 348 699 481 1026 1027 980
298 9 2 0 9 349 482 701 977 1028 1029
299 9 2 0 9 444 479 600 722 826 1030
300 9 2 0 9 395 599 480 1031 823 725
301 9 2 0 9 462 568 610 1032 1015 1033
302 9 2 0 9 379 380 390 1034 782 852
303 9 2 0 9 428 439 429 851 777 1035
304 9 2 0 9 489 655 528 1036 1018 808
305 9 2 0 9 484 533 654 807 1024 1037
306 9 2 0 9 423 650 649 1038 1039 1040
307 9 2 0 9 236 497 363 1041 854 1042
308 9 2 0 9 282 364 501 1043 859 1044
309 9 2 0 9 575 663 617 1045 1046 975
310 9 2 0 9 463 465 466 962 1047 1048
311 9 2 0 9 414 417 416 1049 1050 965
312 9 2 0 9 413 611 566 1051 1021 1052
313 9 2 0 9 434 438 437 880 1006 1053
314 9 2 0 9 385 388 389 1054 1007 881
315 9 2 0 9 510 547 559 906 1055 1056
316 9 2 0 9 510 559 560 1056 1057 1058
317 9 2 0 9 266 267 362 271 1059 1060
318 9 2 0 9 425 428 427 926 1061 1062
319 9 2 0 9 376 378 379 1063 1064 927
320 9 2 0 9 8 353 268 935 958 273
321 9 2 0 9 7 265 352 269 759 936
322 9 2 0 9 326 563 564 1065 1066 1067
323 9 2 0 9 392 397 395 832 1068 1069
324 9 2 0 9 441 444 446 1070 1071 827
325 9 2 0 9 518 546 681 990 1072 1073
326 9 2 0 9 445 580 617 1074 1075 1076
327 9 2 0 9 266 362 645 1060 1077 1078
328 9 2 0 9 624 656 469 909 1079 1080
329 9 2 0 9 465 505 466 932 1081 1047
330 9 2 0 9 416 417 506 1050 1082 1083
331 9 2 0 9 434 437 436 1053 1084 1085
332 9 2 0 9 385 387 388 1086 1087 1054
333 9 2 0 9 573 592 583 1088 1089 1090
334 9 2 0 9 350 503 555 993 1091 1092
335 9 2 0 9 429 479 431 779 1093 1094
336 9 2 0 9 380 382 480 1095 1096 780
337 9 2 0 9 373 376 375 1097 960 787
338 9 2 0 9 422 424 425 790 1098 1099
339 9 2 0 9 266 645 420 1078 1100 1101
340 9 2 0 9 582 583 646 1102 1103 1104
341 9 2 0 9 351 556 499 1105 1106 951
342 9 2 0 9 359 483 484 1107 1108 1109
343 9 2 0 9 358 489 488 1110 1111 1112
344 9 2 0 9 467 615 473 1113 1114 840
345 9 2 0 9 474 623 521 1115 1116 742
346 9 2 0 9 328 541 586 1117 931 1118
347 9 2 0 9 418 474 625 843 950 1119
348 9 2 0 9 388 393 477 1120 1121 897
349 9 2 0 9 437 478 442 900 1122 1123
350 9 2 0 9 498 657 499 1124 952 966
351 9 2 0 9 231 516 475 1125 849 1126
352 9 2 0 9 348 491 511 894 1127 1128
353 9 2 0 9 349 512 486 1129 1130 889
354 9 2 0 9 431 479 434 1093 879 1131
355 9 2 0 9 382 385 480 1132 882 1096
356 9 2 0 9 424 634 425 1133 956 1098
357 9 2 0 9 451 457 453 1134 1135 1136
358 9 2 0 9 402 404 408 1137 1138 1139
359 9 2 0 9 411 667 648 1140 1141 1142
360 9 2 0 9 243 244 338 263 1143 1144
361 9 2 0 9 274 275 339 294 1145 1146
362 9 2 0 9 377 618 493 1147 1011 911
363 9 2 0 9 426 494 619 916 1012 1148
364 9 2 0 9 515 703 516 1149 821 1150
365 9 2 0 9 238 483 359 1151 1107 1152
366 9 2 0 9 280 358 488 1153 1112 1154
367 9 2 0 9 431 434 433 1131 1155 1156
368 9 2 0 9 382 384 385 1157 1158 1132
369 9 2 0 9 343 630 528 1159 1160 1017
370 9 2 0 9 345 533 631 1025 1161 1162
371 9 2 0 9 274 339 493 1146 1163 1164
372 9 2 0 9 244 494 338 1165 1166 1143
373 9 2 0 9 238 239 483 258 971 1151
374 9 2 0 9 279 280 488 299 1154 972
375 9 2 0 9 397 667 411 1167 1140 1168
376 9 2 0 9 370 643 515 1169 1170 1171
377 9 2 0 9 502 503 664 969 992 1172
378 9 2 0 9 267 653 362 1173 1174 1059
379 9 2 0 9 580 616 617 1175 863 1075
380 9 2 0 9 408 586 644 1176 930 1177
381 9 2 0 9 267 268 371 272 959 1178
382 9 2 0 9 265 266 420 270 1101 761
383 9 2 0 9 428 468 467 925 1179 850
384 9 2 0 9 379 418 419 853 1180 928
385 9 2 0 9 449 613 610 1181 1182 1183
386 9 2 0 9 400 611 614 1184 1185 1186
387 9 2 0 9 467 468 509 1179 1187 1188
388 9 2 0 9 418 510 419 1189 1190 1180
389 9 2 0 9 267 371 653 1178 1191 1173
390 9 2 0 9 365 476 602 785 1192 1193
391 9 2 0 9 366 601 475 1194 1195 848
392 9 2 0 9 233 370 515 1196 1171 1197
393 9 2 0 9 357 505 635 1198 1199 1200
394 9 2 0 9 356 637 506 1201 1202 1203
395 9 2 0 9 444 460 446 1204 1205 1071
396 9 2 0 9 395 397 411 1068 1168 1206
397 9 2 0 9 520 636 554 1207 1208 1209
398 9 2 0 9 519 553 638 1210 1211 1212
399 9 2 0 9 569 570 588 1213 1214 983
400 9 2 0 9 241 242 347 261 1215 1216
401 9 2 0 9 276 277 346 296 1217 1218
402 9 2 0 9 485 498 497 1219 855 1220
403 9 2 0 9 490 501 502 1221 858 1222
404 9 2 0 9 408 644 566 1177 1223 1020
405 9 2 0 9 509 563 550 1224 1225 901
406 9 2 0 9 276 346 639 1218 835 1226
407 9 2 0 9 242 640 347 1227 836 1215
408 9 2 0 9 435 590 449 1228 1229 1230
409 9 2 0 9 386 400 589 1231 1232 1233
410 9 2 0 9 466 636 520 1234 1207 1235
411 9 2 0 9 417 519 638 1236 1212 1237
412 9 2 0 9 5 642 188 1238 1239 222
413 9 2 0 9 1 10 641 43 1240 1241
414 9 2 0 9 378 380 379 1242 1034 1064
415 9 2 0 9 427 428 429 1061 1035 1243
416 9 2 0 9 436 437 442 1084 1123 1244
417 9 2 0 9 387 393 388 1245 1120 1087
418 9 2 0 9 275 639 339 1246 763 1145
419 9 2 0 9 243 338 640 1144 764 1247
420 9 2 0 9 239 240 349 259 978 970
421 9 2 0 9 278 279 348 298 973 979
422 9 2 0 9 446 460 660 1205 1248 1249
423 9 2 0 9 457 568 622 1016 1250 1251
424 9 2 0 9 449 610 451 1183 1252 1253
425 9 2 0 9 400 402 611 1254 1255 1184
426 9 2 0 9 323 635 505 1256 1199 733
427 9 2 0 9 438 444 441 723 1070 994
428 9 2 0 9 389 392 395 999 1069 724
429 9 2 0 9 8 274 493 293 1164 1010
430 9 2 0 9 7 494 244 1013 1165 264
431 9 2 0 9 433 434 436 1155 1085 1257
432 9 2 0 9 384 387 385 1258 1086 1158
433 9 2 0 9 460 620 660 1259 1260 1248
434 9 2 0 9 237 238 359 257 1152 1261
435 9 2 0 9 280 281 358 300 1262 1153
436 9 2 0 9 359 485 497 1263 1220 1264
437 9 2 0 9 358 501 490 1265 1221 1266
438 9 2 0 9 326 564 663 1067 1267 1268
439 9 2 0 9 579 650 606 1269 1270 1004
440 9 2 0 9 396 469 588 812 1271 1272
441 9 2 0 9 445 617 470 1076 1273 813
442 9 2 0 9 235 236 363 255 1042 873
443 9 2 0 9 282 283 364 302 878 1043
444 9 2 0 9 467 509 615 1188 846 1113
445 9 2 0 9 391 415 414 804 1274 1000
446 9 2 0 9 440 463 464 1001 1275 1276
447 9 2 0 9 457 622 587 1251 861 1277
448 9 2 0 9 404 406 586 1278 1279 1280
449 9 2 0 9 453 587 455 1281 1282 1283
450 9 2 0 9 421 422 704 791 1284 1285
451 9 2 0 9 37 38 536 71 1286 1287
452 9 2 0 9 470 663 564 1288 1267 1289
453 9 2 0 9 535 678 537 883 1290 1291
454 9 2 0 9 339 539 493 1292 912 1163
455 9 2 0 9 338 494 540 1166 915 1293
456 9 2 0 9 233 234 370 253 1294 1196
457 9 2 0 9 284 285 369 304 1295 1296
458 9 2 0 9 406 525 529 1297 1298 1299
459 9 2 0 9 455 534 530 1300 1301 1302
460 9 2 0 9 485 596 498 1303 1304 1219
461 9 2 0 9 464 537 678 1305 1290 1306
462 9 2 0 9 286 287 518 306 1003 1307
463 9 2 0 9 445 581 580 1308 1309 1074
464 9 2 0 9 241 347 482 1216 1310 1311
465 9 2 0 9 277 481 346 1312 1313 1217
466 9 2 0 9 414 682 651 1314 1315 1316
467 9 2 0 9 232 233 515 252 1197 1317
468 9 2 0 9 463 652 687 1318 1319 1320
469 9 2 0 9 442 584 461 1321 1322 1323
470 9 2 0 9 230 231 475 250 1126 1324
471 9 2 0 9 287 288 476 307 1325 1002
472 9 2 0 9 490 502 597 1222 1326 1327
473 9 2 0 9 359 484 485 1109 1328 1263
474 9 2 0 9 358 490 489 1266 1329 1110
475 9 2 0 9 509 564 563 1330 1066 1224
476 9 2 0 9 573 583 582 1090 1102 1331
477 9 2 0 9 5 223 642 224 1332 1238
478 9 2 0 9 1 641 313 1241 1333 315
479 9 2 0 9 34 35 543 68 1334 1335
480 9 2 0 9 374 572 573 1336 1337 1338
481 9 2 0 9 31 32 541 65 1339 1340
482 9 2 0 9 341 530 633 717 1341 1342
483 9 2 0 9 340 632 525 1343 1344 718
484 9 2 0 9 470 564 634 1289 1345 1346
485 9 2 0 9 367 602 627 1347 1348 917
486 9 2 0 9 368 626 601 922 1349 1350
487 9 2 0 9 393 412 585 1351 776 1352
488 9 2 0 9 343 655 597 1019 1353 1354
489 9 2 0 9 407 679 676 1355 1356 1357
490 9 2 0 9 456 677 680 1358 1359 1360
491 9 2 0 9 466 520 652 1235 1361 1362
492 9 2 0 9 417 651 519 1363 1364 1236
493 9 2 0 9 240 241 482 260 1311 976
494 9 2 0 9 277 278 481 297 981 1312
495 9 2 0 9 345 596 654 1365 1366 1023
496 9 2 0 9 228 229 496 248 946 1367
497 9 2 0 9 289 290 495 309 1368 943
498 9 2 0 9 357 636 505 1369 1370 1198
499 9 2 0 9 356 506 638 1203 1371 1372
500 9 2 0 9 471 496 670 1373 1374 1375
501 9 2 0 9 472 669 495 1376 1377 1378
502 9 2 0 9 515 643 703 1170 1379 1149
503 9 2 0 9 237 359 497 1261 1264 1380
504 9 2 0 9 281 501 358 1381 1265 1262
505 9 2 0 9 476 627 602 1382 1348 1192
506 9 2 0 9 475 601 626 1195 1349 1383
507 9 2 0 9 236 237 497 256 1380 1041
508 9 2 0 9 281 282 501 301 1044 1381
509 9 2 0 9 442 478 584 1122 869 1321
510 9 2 0 9 472 707 507 1384 1385 986
511 9 2 0 9 471 508 708 987 1386 1387
512 9 2 0 9 362 582 646 1388 1104 1389
513 9 2 0 9 377 539 694 913 1390 1391
514 9 2 0 9 426 695 540 1392 1393 914
515 9 2 0 9 226 227 508 246 1394 1395
516 9 2 0 9 291 292 507 311 1396 1397
517 9 2 0 9 423 649 581 1040 1398 1399
518 9 2 0 9 29 706 529 1400 1401 1402
519 9 2 0 9 169 534 705 1403 1404 1405
520 9 2 0 9 10 507 641 886 1406 1240
521 9 2 0 9 188 642 508 1239 1407 887
522 9 2 0 9 11 12 472 45 1408 985
523 9 2 0 9 186 187 471 220 988 1409
524 9 2 0 9 393 585 477 1352 866 1121
525 9 2 0 9 285 286 517 305 1410 1411
526 9 2 0 9 369 517 647 1412 1413 1414
527 9 2 0 9 158 159 336 192 1415 1416
528 9 2 0 9 39 40 337 73 1417 1418
529 9 2 0 9 13 14 367 47 1419 1420
530 9 2 0 9 184 185 368 218 1421 1422
531 9 2 0 9 483 486 711 890 1423 1424
532 9 2 0 9 488 712 491 1425 1426 893
533 9 2 0 9 234 235 674 254 940 1427
534 9 2 0 9 283 284 675 303 1428 941
535 9 2 0 9 285 517 369 1411 1412 1295
536 9 2 0 9 418 625 510 1119 947 1189
537 9 2 0 9 471 708 496 1387 1429 1373
538 9 2 0 9 472 495 707 1378 1430 1384
539 9 2 0 9 484 711 487 1431 1432 805
540 9 2 0 9 489 492 712 810 1433 1434
541 9 2 0 9 231 232 516 251 1435 1125
542 9 2 0 9 517 518 681 1436 1073 1437
543 9 2 0 9 468 564 509 1438 1330 1187
544 9 2 0 9 367 495 669 919 1377 1439
545 9 2 0 9 368 670 496 1440 1374 920
546 9 2 0 9 415 696 538 803 1441 1442
547 9 2 0 9 336 652 520 1443 1361 1444
548 9 2 0 9 337 519 651 1445 1364 1446
549 9 2 0 9 451 453 452 1136 1447 1448
550 9 2 0 9 402 403 404 1449 1450 1137
551 9 2 0 9 286 518 517 1307 1436 1410
552 9 2 0 9 453 455 454 1283 1451 1452
553 9 2 0 9 404 405 406 1453 1454 1278
554 9 2 0 9 536 538 696 1455 1441 731
555 9 2 0 9 182 183 366 216 1456 1457
556 9 2 0 9 15 16 365 49 1458 1459
557 9 2 0 9 393 394 412 1460 1461 1351
558 9 2 0 9 442 461 443 1323 1462 1463
559 9 2 0 9 423 646 650 1464 1465 1038
560 9 2 0 9 483 711 484 1424 1431 1108
561 9 2 0 9 488 489 712 1111 1434 1425
562 9 2 0 9 455 530 456 1302 1466 1467
563 9 2 0 9 406 407 525 1468 1469 1297
564 9 2 0 9 157 158 520 191 1470 1471
565 9 2 0 9 40 41 519 74 1472 1473
566 9 2 0 9 182 366 545 1457 817 1474
567 9 2 0 9 38 538 536 1475 1455 1286
568 9 2 0 9 232 515 516 1317 1150 1435
569 9 2 0 9 41 42 553 75 1476 1477
570 9 2 0 9 156 157 554 190 1478 1479
571 9 2 0 9 449 451 450 1253 1480 1481
572 9 2 0 9 400 401 402 1482 1483 1254
573 9 2 0 9 463 687 464 1320 1484 1275
574 9 2 0 9 17 18 361 51 1485 1486
575 9 2 0 9 180 181 360 214 1487 1488
576 9 2 0 9 414 415 682 1274 1489 1314
577 9 2 0 9 363 499 500 967 1490 874
578 9 2 0 9 364 504 503 877 1491 968
579 9 2 0 9 19 20 355 53 1492 1493
580 9 2 0 9 178 179 354 212 1494 1495
581 9 2 0 9 16 17 546 50 1496 1497
582 9 2 0 9 158 336 520 1416 1444 1470
583 9 2 0 9 40 519 337 1473 1445 1417
584 9 2 0 9 348 511 699 1128 1498 1026
585 9 2 0 9 349 701 512 1029 1499 1129
586 9 2 0 9 38 39 538 72 1500 1475
587 9 2 0 9 404 586 408 1280 1176 1138
588 9 2 0 9 453 457 587 1135 1277 1281
589 9 2 0 9 160 535 537 1501 1291 1502
590 9 2 0 9 376 377 378 1503 1504 1063
591 9 2 0 9 425 427 426 1062 1505 1506
592 9 2 0 9 157 520 554 1471 1209 1478
593 9 2 0 9 41 553 519 1477 1210 1472
594 9 2 0 9 380 381 382 1507 1508 1095
595 9 2 0 9 429 431 430 1094 1509 1510
596 9 2 0 9 180 360 552 1488 1511 1512
597 9 2 0 9 455 587 685 1282 1513 1514
598 9 2 0 9 406 686 586 1515 1516 1279
599 9 2 0 9 431 433 432 1156 1517 1518
600 9 2 0 9 382 383 384 1519 1520 1157
601 9 2 0 9 18 19 551 52 1521 1522
602 9 2 0 9 386 399 400 1523 1524 1231
603 9 2 0 9 435 449 448 1230 1525 1526
604 9 2 0 9 21 22 350 55 1527 1528
605 9 2 0 9 176 177 351 210 1529 1530
606 9 2 0 9 161 162 318 195 1531 1532
607 9 2 0 9 36 37 319 70 1533 1534
608 9 2 0 9 160 161 535 194 1535 1501
609 9 2 0 9 226 508 684 1395 1536 1537
610 9 2 0 9 292 683 507 1538 1539 1396
611 9 2 0 9 39 337 538 1418 1540 1500
612 9 2 0 9 23 24 343 57 1541 1542
613 9 2 0 9 174 175 345 208 1543 1544
614 9 2 0 9 110 522 111 1545 1546 150
615 9 2 0 9 20 21 555 54 1547 1548
616 9 2 0 9 227 708 508 1549 1386 1394
617 9 2 0 9 291 507 707 1397 1385 1550
618 9 2 0 9 14 602 367 1551 1347 1419
619 9 2 0 9 184 368 601 1422 1350 1552
620 9 2 0 9 25 26 342 59 1553 1554
621 9 2 0 9 172 173 344 206 1555 1556
622 9 2 0 9 449 590 613 1229 1557 1181
623 9 2 0 9 400 614 589 1186 1558 1232
624 9 2 0 9 16 546 365 1497 989 1458
625 9 2 0 9 80 514 81 1559 1560 120
626 9 2 0 9 22 23 561 56 1561 1562
627 9 2 0 9 181 182 545 215 1474 1563
628 9 2 0 9 508 642 684 1407 1564 1536
629 9 2 0 9 507 683 641 1539 1565 1406
630 9 2 0 9 178 354 556 1495 1566 1567
631 9 2 0 9 29 529 632 1402 1568 1569
632 9 2 0 9 169 633 534 1570 1571 1403
633 9 2 0 9 27 28 340 61 1572 1573
634 9 2 0 9 170 171 341 204 1574 1575
635 9 2 0 9 37 536 319 1287 730 1533
636 9 2 0 9 163 164 544 197 1576 1577
637 9 2 0 9 166 167 542 200 1578 1579
638 9 2 0 9 30 31 328 64 1580 1581
639 9 2 0 9 167 168 329 201 1582 1583
640 9 2 0 9 33 34 320 67 1584 1585
641 9 2 0 9 164 165 321 198 1586 1587
642 9 2 0 9 179 180 552 213 1512 1588
643 9 2 0 9 159 160 537 193 1502 1589
644 9 2 0 9 35 36 558 69 1590 1591
645 9 2 0 9 35 558 543 1591 770 1334
646 9 2 0 9 340 527 658 756 1592 1593
647 9 2 0 9 341 659 532 1594 1595 753
648 9 2 0 9 177 178 556 211 1567 1596
649 9 2 0 9 17 361 546 1486 1597 1496
650 9 2 0 9 12 669 472 1598 1376 1408
651 9 2 0 9 186 471 670 1409 1375 1599
652 9 2 0 9 288 289 627 308 944 1600
653 9 2 0 9 229 230 626 249 1601 945
654 9 2 0 9 107 548 108 1602 1603 147
655 9 2 0 9 32 33 565 66 1604 1605
656 9 2 0 9 114 356 115 1606 1607 154
657 9 2 0 9 77 357 78 1608 1609 117
658 9 2 0 9 175 176 562 209 1610 1611
659 9 2 0 9 18 551 361 1522 1612 1485
660 9 2 0 9 32 565 541 1605 1613 1339
661 9 2 0 9 83 524 84 1614 1615 123
662 9 2 0 9 517 681 647 1437 1616 1413
663 9 2 0 9 176 351 562 1530 1617 1610
664 9 2 0 9 444 600 460 1030 1618 1204
665 9 2 0 9 395 411 599 1206 1619 1031
666 9 2 0 9 424 470 634 814 1346 1133
667 9 2 0 9 412 607 543 1620 1621 769
668 9 2 0 9 162 163 557 196 1622 1623
669 9 2 0 9 19 355 551 1493 1624 1521
670 9 2 0 9 451 610 457 1252 1014 1134
671 9 2 0 9 402 408 611 1139 1022 1255
672 9 2 0 9 183 601 366 1625 1194 1456
673 9 2 0 9 15 365 602 1459 1193 1626
674 9 2 0 9 439 473 688 841 1627 1628
675 9 2 0 9 390 689 474 1629 1630 842
676 9 2 0 9 530 534 633 1301 1571 1341
677 9 2 0 9 525 632 529 1344 1568 1298
678 9 2 0 9 79 323 80 1631 1632 119
679 9 2 0 9 112 322 113 1633 1634 152
680 9 2 0 9 20 555 355 1548 1635 1492
681 9 2 0 9 165 166 567 199 1636 1637
682 9 2 0 9 374 573 582 1338 1331 1638
683 9 2 0 9 86 550 87 1639 1640 126
684 9 2 0 9 228 496 708 1367 1429 1641
685 9 2 0 9 290 707 495 1642 1430 1368
686 9 2 0 9 14 15 602 48 1626 1551
687 9 2 0 9 183 184 601 217 1552 1625
688 9 2 0 9 322 697 637 1643 1644 1645
689 9 2 0 9 375 624 469 961 1080 811
690 9 2 0 9 34 543 320 1335 1646 1584
691 9 2 0 9 2 661 42 1647 1648 76
692 9 2 0 9 4 156 662 189 1649 1650
693 9 2 0 9 87 563 88 1651 1652 127
694 9 2 0 9 31 541 328 1340 1117 1580
695 9 2 0 9 387 394 393 1653 1460 1245
696 9 2 0 9 436 442 443 1244 1463 1654
697 9 2 0 9 81 514 523 1560 1655 1656
698 9 2 0 9 2 115 661 155 1657 1647
699 9 2 0 9 4 662 77 1650 1658 116
700 9 2 0 9 163 544 557 1577 1659 1622
701 9 2 0 9 21 350 555 1528 1092 1547
702 9 2 0 9 161 318 535 1532 884 1535
703 9 2 0 9 372 396 671 793 1660 747
704 9 2 0 9 452 453 454 1447 1452 1661
705 9 2 0 9 403 405 404 1662 1453 1450
706 9 2 0 9 423 690 645 1663 1664 1665
707 9 2 0 9 22 561 350 1562 1666 1527
708 9 2 0 9 454 455 456 1451 1467 1667
709 9 2 0 9 405 407 406 1668 1468 1454
710 9 2 0 9 456 530 531 1466 716 1669
711 9 2 0 9 407 526 525 1670 719 1469
712 9 2 0 9 342 528 630 903 1160 1671
713 9 2 0 9 344 631 533 1672 1161 904
714 9 2 0 9 401 403 402 1673 1449 1483
715 9 2 0 9 450 451 452 1480 1448 1674
716 9 2 0 9 23 343 561 1542 1675 1561
717 9 2 0 9 473 615 710 1114 1676 1677
718 9 2 0 9 394 413 412 1678 1679 1461
719 9 2 0 9 443 461 462 1462 1680 1681
720 9 2 0 9 102 574 103 1682 1683 142
721 9 2 0 9 36 319 558 1534 1684 1590
722 9 2 0 9 498 596 657 1304 1685 1124
723 9 2 0 9 352 704 422 758 1284 1686
724 9 2 0 9 346 481 698 1313 1687 1688
725 9 2 0 9 347 700 482 1689 1690 1310
726 9 2 0 9 111 522 513 1546 1691 1692
727 9 2 0 9 166 542 567 1579 1693 1636
728 9 2 0 9 466 505 636 1081 1370 1234
729 9 2 0 9 417 638 506 1237 1371 1082
730 9 2 0 9 462 621 568 1694 1695 1032
731 9 2 0 9 487 692 532 1696 1697 795
732 9 2 0 9 492 527 691 798 1698 1699
733 9 2 0 9 502 664 597 1172 1700 1326
734 9 2 0 9 407 676 526 1357 1701 1670
735 9 2 0 9 456 531 677 1669 1702 1358
736 9 2 0 9 399 401 400 1703 1482 1524
737 9 2 0 9 448 449 450 1525 1481 1704
738 9 2 0 9 511 676 679 1705 1356 1706
739 9 2 0 9 512 680 677 1707 1359 1708
740 9 2 0 9 159 537 336 1589 1709 1415
741 9 2 0 9 111 513 112 1692 1710 151
742 9 2 0 9 82 317 83 1711 1712 122
743 9 2 0 9 109 316 110 1713 1714 149
744 9 2 0 9 422 425 426 1099 1506 1715
745 9 2 0 9 373 377 376 1716 1503 1097
746 9 2 0 9 181 545 360 1563 1717 1487
747 9 2 0 9 342 658 527 1718 1592 797
748 9 2 0 9 344 532 659 796 1595 1719
749 9 2 0 9 112 513 322 1710 1720 1633
750 9 2 0 9 81 523 82 1656 1721 121
751 9 2 0 9 164 321 544 1587 1722 1576
752 9 2 0 9 383 386 384 1723 1724 1520
753 9 2 0 9 432 433 435 1517 1725 1726
754 9 2 0 9 167 329 542 1583 1009 1578
755 9 2 0 9 9 683 292 1727 1538 312
756 9 2 0 9 6 226 684 245 1537 1728
757 9 2 0 9 13 367 669 1420 1439 1729
758 9 2 0 9 185 670 368 1730 1440 1421
759 9 2 0 9 381 383 382 1731 1519 1508
760 9 2 0 9 430 431 432 1509 1518 1732
761 9 2 0 9 179 552 354 1588 1733 1494
762 9 2 0 9 78 357 635 1609 1200 1734
763 9 2 0 9 114 637 356 1735 1201 1606
764 9 2 0 9 343 597 561 1354 1736 1675
765 9 2 0 9 355 595 551 1737 1738 1624
766 9 2 0 9 378 381 380 1739 1507 1242
767 9 2 0 9 427 429 430 1243 1510 1740
768 9 2 0 9 33 320 565 1585 1741 1604
769 9 2 0 9 80 323 514 1632 1742 1559
770 9 2 0 9 423 581 668 1399 1743 1744
771 9 2 0 9 98 576 99 1745 1746 138
772 9 2 0 9 168 169 705 202 1405 1747
773 9 2 0 9 29 30 706 63 1748 1400
774 9 2 0 9 177 556 351 1596 1105 1529
775 9 2 0 9 421 668 445 1749 1750 800
776 9 2 0 9 24 630 343 1751 1159 1541
777 9 2 0 9 174 345 631 1544 1162 1752
778 9 2 0 9 433 590 435 1753 1228 1725
779 9 2 0 9 384 386 589 1724 1233 1754
780 9 2 0 9 79 635 323 1755 1256 1631
781 9 2 0 9 113 322 637 1634 1645 1756
782 9 2 0 9 319 585 558 867 775 1684
783 9 2 0 9 484 654 485 1037 1757 1328
784 9 2 0 9 489 490 655 1329 1758 1036
785 9 2 0 9 175 562 345 1611 1759 1543
786 9 2 0 9 531 532 692 754 1697 1760
787 9 2 0 9 526 691 527 1761 1698 755
788 9 2 0 9 346 608 604 1762 1763 833
789 9 2 0 9 347 605 609 838 1764 1765
790 9 2 0 9 108 521 109 1766 1767 148
791 9 2 0 9 110 316 522 1714 1768 1545
792 9 2 0 9 162 557 318 1623 1769 1531
793 9 2 0 9 26 658 342 1770 1718 1553
794 9 2 0 9 172 344 659 1556 1719 1771
795 9 2 0 9 560 624 693 910 1772 1773
796 9 2 0 9 583 592 606 1089 1774 1775
797 9 2 0 9 354 552 594 1733 1776 1777
798 9 2 0 9 468 634 564 957 1345 1438
799 9 2 0 9 106 325 107 1778 1779 146
800 9 2 0 9 85 324 86 1780 1781 125
801 9 2 0 9 84 549 85 1782 1783 124
802 9 2 0 9 345 562 596 1759 1784 1365
803 9 2 0 9 320 566 565 1785 1786 1741
804 9 2 0 9 28 632 340 1787 1343 1572
805 9 2 0 9 170 341 633 1575 1342 1788
806 9 2 0 9 384 589 387 1754 1789 1258
807 9 2 0 9 433 436 590 1257 1790 1753
808 9 2 0 9 370 674 594 1791 1792 1793
809 9 2 0 9 96 591 97 1794 1795 136
810 9 2 0 9 93 577 94 1796 1797 133
811 9 2 0 9 455 685 534 1514 1798 1300
812 9 2 0 9 406 529 686 1299 1799 1515
813 9 2 0 9 369 595 675 1800 1801 1802
814 9 2 0 9 165 567 321 1637 1803 1586
815 9 2 0 9 82 523 317 1721 1804 1711
816 9 2 0 9 371 374 653 818 1805 1191
817 9 2 0 9 491 676 511 1806 1705 1127
818 9 2 0 9 486 512 677 1130 1708 1807
819 9 2 0 9 322 513 603 1720 1808 1809
820 9 2 0 9 84 524 549 1615 1810 1782
821 9 2 0 9 105 547 106 1811 1812 145
822 9 2 0 9 318 557 584 1769 1813 868
823 9 2 0 9 83 317 524 1712 1814 1614
824 9 2 0 9 506 637 697 1202 1644 1815
825 9 2 0 9 25 342 630 1554 1671 1816
826 9 2 0 9 173 631 344 1817 1672 1555
827 9 2 0 9 443 462 613 1681 1818 1819
828 9 2 0 9 394 614 413 1820 1821 1678
829 9 2 0 9 103 327 104 1822 1823 143
830 9 2 0 9 88 326 89 1824 1825 128
831 9 2 0 9 24 25 630 58 1816 1751
832 9 2 0 9 173 174 631 207 1752 1817
833 9 2 0 9 387 589 394 1789 1826 1653
834 9 2 0 9 436 443 590 1654 1827 1790
835 9 2 0 9 234 674 370 1427 1791 1294
836 9 2 0 9 284 369 675 1296 1802 1428
837 9 2 0 9 94 593 95 1828 1829 134
838 9 2 0 9 464 687 537 1484 1830 1305
839 9 2 0 9 321 567 568 1803 1831 1832
840 9 2 0 9 452 454 458 1661 1833 1834
841 9 2 0 9 403 409 405 1835 1836 1662
842 9 2 0 9 104 559 105 1837 1838 144
843 9 2 0 9 416 506 697 1083 1815 1839
844 9 2 0 9 573 713 592 1840 1841 1088
845 9 2 0 9 275 276 639 295 1226 1246
846 9 2 0 9 242 243 640 262 1247 1227
847 9 2 0 9 386 398 399 1842 1843 1523
848 9 2 0 9 435 448 447 1526 1844 1845
849 9 2 0 9 108 548 521 1603 743 1766
850 9 2 0 9 413 566 607 1052 1846 1847
851 9 2 0 9 461 621 462 1848 1694 1680
852 9 2 0 9 510 560 693 1058 1773 1849
853 9 2 0 9 470 617 663 1273 1046 1288
854 9 2 0 9 109 521 316 1767 1850 1713
855 9 2 0 9 499 556 673 1106 1851 1852
856 9 2 0 9 330 588 702 984 1853 1854
857 9 2 0 9 414 651 417 1316 1363 1049
858 9 2 0 9 463 466 652 1048 1362 1318
859 9 2 0 9 354 673 556 1855 1851 1566
860 9 2 0 9 107 325 548 1779 1856 1602
861 9 2 0 9 461 584 714 1322 1857 1858
862 9 2 0 9 87 550 563 1640 1225 1651
863 9 2 0 9 89 575 90 1859 1860 129
864 9 2 0 9 583 606 650 1775 1270 1861
865 9 2 0 9 432 435 447 1726 1845 1862
866 9 2 0 9 383 398 386 1863 1842 1723
867 9 2 0 9 369 647 595 1414 1864 1800
868 9 2 0 9 374 582 653 1638 1865 1805
869 9 2 0 9 411 623 689 1866 1867 1868
870 9 2 0 9 90 331 91 1869 1870 130
871 9 2 0 9 101 330 102 1871 1872 141
872 9 2 0 9 27 340 658 1573 1593 1873
873 9 2 0 9 171 659 341 1874 1594 1574
874 9 2 0 9 323 598 514 735 1875 1742
875 9 2 0 9 86 324 550 1781 902 1639
876 9 2 0 9 374 671 572 748 1876 1336
877 9 2 0 9 91 616 92 1877 1878 131
878 9 2 0 9 398 410 399 1879 1880 1843
879 9 2 0 9 447 448 459 1844 1881 1882
880 9 2 0 9 353 618 373 934 1883 923
881 9 2 0 9 352 422 619 1686 1884 937
882 9 2 0 9 370 594 643 1793 1885 1169
883 9 2 0 9 288 627 476 1600 1382 1325
884 9 2 0 9 230 475 626 1324 1383 1601
885 9 2 0 9 411 648 623 1142 1886 1866
886 9 2 0 9 28 29 632 62 1569 1787
887 9 2 0 9 169 170 633 203 1788 1570
888 9 2 0 9 504 675 595 942 1801 1887
889 9 2 0 9 443 613 590 1819 1557 1827
890 9 2 0 9 394 589 614 1826 1558 1820
891 9 2 0 9 500 594 674 1888 1792 939
892 9 2 0 9 97 334 98 1889 1890 137
893 9 2 0 9 78 635 79 1734 1755 118
894 9 2 0 9 113 637 114 1756 1735 153
895 9 2 0 9 100 569 101 1891 1892 140
896 9 2 0 9 99 332 100 1893 1894 139
897 9 2 0 9 92 333 93 1895 1896 132
898 9 2 0 9 503 672 555 1897 1898 1091
899 9 2 0 9 412 413 607 1679 1847 1620
900 9 2 0 9 360 643 552 1899 1900 1511
901 9 2 0 9 88 563 326 1652 1065 1824
902 9 2 0 9 26 27 658 60 1873 1770
903 9 2 0 9 171 172 659 205 1771 1874
904 9 2 0 9 514 598 660 1875 1901 1902
905 9 2 0 9 333 580 578 1903 1904 1905
906 9 2 0 9 85 549 324 1783 1906 1780
907 9 2 0 9 356 638 553 1372 1211 1907
908 9 2 0 9 357 554 636 1908 1208 1369
909 9 2 0 9 571 713 573 1909 1840 1910
910 9 2 0 9 12 13 669 46 1729 1598
911 9 2 0 9 185 186 670 219 1599 1730
912 9 2 0 9 103 574 327 1683 1911 1822
913 9 2 0 9 399 604 401 1912 1913 1703
914 9 2 0 9 448 450 605 1704 1914 1915
915 9 2 0 9 355 555 672 1635 1898 1916
916 9 2 0 9 106 547 325 1812 905 1778
917 9 2 0 9 583 650 646 1861 1465 1103
918 9 2 0 9 333 616 580 1917 1175 1903
919 9 2 0 9 377 694 378 1391 1918 1504
920 9 2 0 9 426 427 695 1505 1919 1392
921 9 2 0 9 373 618 377 1883 1147 1716
922 9 2 0 9 422 426 619 1715 1148 1884
923 9 2 0 9 462 610 613 1033 1182 1818
924 9 2 0 9 413 614 611 1821 1185 1051
925 9 2 0 9 316 521 623 1850 1116 1920
926 9 2 0 9 317 612 524 1921 1922 1814
927 9 2 0 9 156 554 662 1479 1923 1649
928 9 2 0 9 42 661 553 1648 1924 1476
929 9 2 0 9 415 538 682 1442 1925 1489
930 9 2 0 9 321 568 621 1832 1695 1926
931 9 2 0 9 551 595 647 1738 1864 1927
932 9 2 0 9 227 228 708 247 1641 1549
933 9 2 0 9 290 291 707 310 1550 1642
934 9 2 0 9 332 571 570 1928 1929 1930
935 9 2 0 9 357 662 554 1931 1923 1908
936 9 2 0 9 356 553 661 1907 1924 1932
937 9 2 0 9 320 543 607 1646 1621 1933
938 9 2 0 9 339 665 539 762 1934 1292
939 9 2 0 9 338 540 666 1293 1935 765
940 9 2 0 9 95 335 96 1936 1937 135
941 9 2 0 9 105 559 547 1838 1055 1811
942 9 2 0 9 102 330 574 1872 1938 1682
943 9 2 0 9 104 327 559 1823 1939 1837
944 9 2 0 9 552 643 594 1900 1885 1776
945 9 2 0 9 450 452 609 1674 1940 1941
946 9 2 0 9 401 608 403 1942 1943 1673
947 9 2 0 9 324 549 615 1906 1944 845
948 9 2 0 9 325 625 548 948 949 1856
949 9 2 0 9 469 702 588 1945 1853 1271
950 9 2 0 9 361 551 647 1612 1927 1946
951 9 2 0 9 571 573 572 1910 1337 1947
952 9 2 0 9 399 410 604 1880 955 1912
953 9 2 0 9 448 605 459 1915 954 1881
954 9 2 0 9 317 523 620 1804 1948 1949
955 9 2 0 9 416 697 603 1839 1950 895
956 9 2 0 9 522 648 667 1951 1141 1952
957 9 2 0 9 89 326 575 1825 1953 1859
958 9 2 0 9 460 688 612 1954 1955 1956
959 9 2 0 9 439 688 600 1628 1957 825
960 9 2 0 9 390 599 689 824 1958 1629
961 9 2 0 9 351 657 562 953 1959 1617
962 9 2 0 9 321 621 544 1926 1960 1722
963 9 2 0 9 561 597 664 1736 1700 1961
964 9 2 0 9 320 607 566 1933 1846 1785
965 9 2 0 9 542 622 567 862 1962 1693
966 9 2 0 9 503 504 672 1491 1963 1897
967 9 2 0 9 499 673 500 1852 1964 1490
968 9 2 0 9 452 458 609 1834 1965 1940
969 9 2 0 9 403 608 409 1943 1966 1835
970 9 2 0 9 420 645 690 1100 1664 1967
971 9 2 0 9 577 578 579 1968 1969 1970
972 9 2 0 9 355 672 595 1916 1971 1737
973 9 2 0 9 354 594 673 1777 1972 1855
974 9 2 0 9 430 432 628 1732 1973 1974
975 9 2 0 9 381 629 383 1975 1976 1731
976 9 2 0 9 562 657 596 1959 1685 1784
977 9 2 0 9 460 600 688 1618 1957 1954
978 9 2 0 9 411 689 599 1868 1958 1619
979 9 2 0 9 90 575 331 1860 974 1869
980 9 2 0 9 360 703 643 1977 1379 1899
981 9 2 0 9 98 334 576 1890 1978 1745
982 9 2 0 9 514 660 523 1902 1979 1655
983 9 2 0 9 99 576 332 1746 1980 1893
984 9 2 0 9 398 665 410 1981 736 1879
985 9 2 0 9 447 459 666 1882 741 1982
986 9 2 0 9 316 648 522 1983 1951 1768
987 9 2 0 9 91 331 616 1870 864 1877
988 9 2 0 9 327 560 559 1984 1057 1939
989 9 2 0 9 577 579 593 1970 1005 1985
990 9 2 0 9 432 447 628 1862 1986 1973
991 9 2 0 9 383 629 398 1976 1987 1863
992 9 2 0 9 332 576 571 1980 1988 1928
993 9 2 0 9 578 580 581 1904 1309 1989
994 9 2 0 9 567 622 568 1962 1250 1831
995 9 2 0 9 115 356 661 1607 1932 1657
996 9 2 0 9 77 662 357 1658 1931 1608
997 9 2 0 9 524 612 710 1922 1990 1991
998 9 2 0 9 6 684 223 1728 1992 225
999 9 2 0 9 9 313 683 314 1993 1727
1000 9 2 0 9 101 569 330 1892 982 1871
1001 9 2 0 9 350 561 664 1666 1961 991
1002 9 2 0 9 328 586 686 1118 1516 1994
1003 9 2 0 9 329 685 587 1995 1513 1008
1004 9 2 0 9 423 645 646 1665 1996 1464
1005 9 2 0 9 460 612 620 1956 1997 1259
1006 9 2 0 9 361 647 681 1946 1616 1998
1007 9 2 0 9 97 591 334 1795 1999 1889
1008 9 2 0 9 570 571 572 1929 1947 2000
1009 9 2 0 9 92 616 333 1878 1917 1895
1010 9 2 0 9 93 333 577 1896 2001 1796
1011 9 2 0 9 544 621 714 1960 2002 2003
1012 9 2 0 9 401 604 608 1913 1763 1942
1013 9 2 0 9 450 609 605 1941 1764 1914
1014 9 2 0 9 513 667 603 2004 2005 1808
1015 9 2 0 9 362 653 582 1174 1865 1388
1016 9 2 0 9 100 332 569 1894 2006 1891
1017 9 2 0 9 405 409 679 1836 2007 2008
1018 9 2 0 9 454 680 458 2009 2010 1833
1019 9 2 0 9 94 577 593 1797 1985 1828
1020 9 2 0 9 491 712 691 1426 2011 2012
1021 9 2 0 9 486 692 711 2013 2014 1423
1022 9 2 0 9 513 522 667 1691 1952 2004
1023 9 2 0 9 361 681 546 1998 1072 1597
1024 9 2 0 9 446 660 598 1249 1901 871
1025 9 2 0 9 541 565 644 1613 2015 929
1026 9 2 0 9 419 510 693 1190 1849 2016
1027 9 2 0 9 332 570 569 1930 1213 2006
1028 9 2 0 9 540 628 666 2017 2018 1935
1029 9 2 0 9 539 665 629 1934 2019 2020
1030 9 2 0 9 337 682 538 2021 1925 1540
1031 9 2 0 9 362 646 645 1389 1996 1077
1032 9 2 0 9 330 702 574 1854 2022 1938
1033 9 2 0 9 557 714 584 2023 1857 1813
1034 9 2 0 9 474 689 623 1630 1867 1115
1035 9 2 0 9 317 620 612 1949 1997 1921
1036 9 2 0 9 504 595 672 1887 1971 1963
1037 9 2 0 9 500 673 594 1964 1972 1888
1038 9 2 0 9 565 566 644 1786 1223 2015
1039 9 2 0 9 523 660 620 1979 1260 1948
1040 9 2 0 9 96 335 591 1937 2024 1794
1041 9 2 0 9 346 698 608 1688 2025 1762
1042 9 2 0 9 347 609 700 1765 2026 1689
1043 9 2 0 9 316 623 648 1920 1886 1983
1044 9 2 0 9 333 578 577 1905 1968 2001
1045 9 2 0 9 492 691 712 1699 2011 1433
1046 9 2 0 9 487 711 692 1432 2014 1696
1047 9 2 0 9 95 593 335 1829 766 1936
1048 9 2 0 9 544 714 557 2003 2023 1659
1049 9 2 0 9 326 663 575 1268 1045 1953
1050 9 2 0 9 334 591 592 1999 2027 2028
1051 9 2 0 9 458 680 701 2010 2029 2030
1052 9 2 0 9 409 699 679 2031 2032 2007
1053 9 2 0 9 473 612 688 2033 1955 1627
1054 9 2 0 9 461 714 621 1858 2002 1848
1055 9 2 0 9 485 654 596 1757 1366 1303
1056 9 2 0 9 405 679 407 2008 1355 1668
1057 9 2 0 9 454 456 680 1667 1360 2009
1058 9 2 0 9 335 606 591 768 2034 2024
1059 9 2 0 9 490 597 655 1327 1353 1758
1060 9 2 0 9 360 545 703 1717 822 1977
1061 9 2 0 9 430 628 695 1974 2035 2036
1062 9 2 0 9 381 694 629 2037 2038 1975
1063 9 2 0 9 445 668 581 1750 1743 1308
1064 9 2 0 9 168 705 329 1747 2039 1582
1065 9 2 0 9 30 328 706 1581 2040 1748
1066 9 2 0 9 336 537 687 1709 1830 2041
1067 9 2 0 9 409 698 699 2042 2043 2031
1068 9 2 0 9 458 701 700 2030 2044 2045
1069 9 2 0 9 549 710 615 2046 1676 1944
1070 9 2 0 9 570 709 588 2047 2048 1214
1071 9 2 0 9 591 606 592 2034 1774 2027
1072 9 2 0 9 378 694 381 1918 2037 1739
1073 9 2 0 9 427 430 695 1740 2036 1919
1074 9 2 0 9 322 603 697 1809 1950 1643
1075 9 2 0 9 579 649 650 2049 1039 1269
1076 9 2 0 9 572 671 709 1876 2050 2051
1077 9 2 0 9 397 603 667 896 2005 1167
1078 9 2 0 9 327 574 656 1911 2052 2053
1079 9 2 0 9 578 649 579 2054 2049 1969
1080 9 2 0 9 398 629 665 1987 2019 1981
1081 9 2 0 9 447 666 628 1982 2018 1986
1082 9 2 0 9 419 693 624 2016 1772 773
1083 9 2 0 9 524 710 549 1991 2046 1810
1084 9 2 0 9 396 709 671 2055 2050 1660
1085 9 2 0 9 473 710 612 1677 1990 2033
1086 9 2 0 9 491 691 676 2012 2056 1806
1087 9 2 0 9 486 677 692 1807 2057 2013
1088 9 2 0 9 578 581 649 1989 1398 2054
1089 9 2 0 9 327 656 560 2053 908 1984
1090 9 2 0 9 313 641 683 1333 1565 1993
1091 9 2 0 9 223 684 642 1992 1564 1332
1092 9 2 0 9 512 701 680 1499 2029 1707
1093 9 2 0 9 511 679 699 1706 2032 1498
1094 9 2 0 9 481 699 698 1027 2043 1687
1095 9 2 0 9 482 700 701 1690 2044 1028
1096 9 2 0 9 540 695 628 1393 2035 2017
1097 9 2 0 9 539 629 694 2020 2038 1390
1098 9 2 0 9 409 608 698 1966 2025 2042
1099 9 2 0 9 458 700 609 2045 2026 1965
1100 9 2 0 9 420 690 704 1967 2058 760
1101 9 2 0 9 337 651 682 1446 1315 2021
1102 9 2 0 9 336 687 652 2041 1319 1443
1103 9 2 0 9 526 676 691 1701 2056 1761
1104 9 2 0 9 531 692 677 1760 2057 1702
1105 9 2 0 9 570 572 709 2000 2051 2047
1106 9 2 0 9 574 702 656 2022 2059 2052
1107 9 2 0 9 334 592 713 2028 1841 2060
1108 9 2 0 9 328 686 706 1994 2061 2040
1109 9 2 0 9 329 705 685 2039 2062 1995
1110 9 2 0 9 421 690 668 2063 2064 1749
1111 9 2 0 9 396 588 709 1272 2048 2055
1112 9 2 0 9 334 713 576 2060 2065 1978
1113 9 2 0 9 529 706 686 1401 2061 1799
1114 9 2 0 9 534 685 705 1798 2062 1404
1115 9 2 0 9 469 656 702 1079 2059 1945
1116 9 2 0 9 571 576 713 1988 2065 1909
1117 9 2 0 9 423 668 690 1744 2064 1663
1118 9 2 0 9 421 704 690 1285 2058 2063
1119 9 2 0 9 440 464 678 1276 1306 819
$EndElements
