$MeshFormat
2.2 0 8
$EndMeshFormat
$Nodes
5863
1 0 0 0
2 1 0 0
3 1 1 0
4 0 1 0
5 0 1 0.5
6 0 0 0.5
7 1 0 0.5
8 1 1 0.5
9 0.09999999999981467 0 0
10 0.1999999999995579 0 0
11 0.2999999999992664 0 0
12 0.3999999999989749 0 0
13 0.4999999999986943 0 0
14 0.5999999999989468 0 0
15 0.69999999999921 0 0
16 0.7999999999994734 0 0
17 0.8999999999997368 0 0
18 0.04999999999989927 0 0
19 0.1499999999997036 0 0
20 0.2499999999994121 0 0
21 0.3499999999991207 0 0
22 0.4499999999988346 0 0
23 0.5499999999988205 0 0
24 0.6499999999990784 0 0
25 0.7499999999993416 0 0
26 0.8499999999996051 0 0
27 0.9499999999998684 0 0
28 1 0.8999999999995836 0
29 1 0.7999999999999998 0
30 1 0.7000000000006934 0
31 1 0.6000000000013869 0
32 1 0.5000000000020587 0
33 1 0.4000000000016644 0
34 1 0.3000000000012483 0
35 1 0.2000000000008322 0
36 1 0.100000000000416 0
37 1 0.9499999999998356 0
38 1 0.8499999999998515 0
39 1 0.7500000000003858 0
40 1 0.6500000000010593 0
41 1 0.5500000000016854 0
42 1 0.4500000000018616 0
43 1 0.3500000000014563 0
44 1 0.2500000000010403 0
45 1 0.1500000000006241 0
46 1 0.05000000000020799 0
47 0.8999999999995836 1 0
48 0.7999999999999998 1 0
49 0.7000000000006934 1 0
50 0.6000000000013869 1 0
51 0.5000000000020587 1 0
52 0.4000000000016644 1 0
53 0.3000000000012483 1 0
54 0.2000000000008322 1 0
55 0.100000000000416 1 0
56 0.9499999999998356 1 0
57 0.8499999999998515 1 0
58 0.7500000000003858 1 0
59 0.6500000000010593 1 0
60 0.5500000000016854 1 0
61 0.4500000000018616 1 0
62 0.3500000000014563 1 0
63 0.2500000000010403 1 0
64 0.1500000000006241 1 0
65 0.05000000000020799 1 0
66 0 0.8999999999995836 0
67 0 0.7999999999999998 0
68 0 0.7000000000006934 0
69 0 0.6000000000013869 0
70 0 0.5000000000020587 0
71 0 0.4000000000016644 0
72 0 0.3000000000012483 0
73 0 0.2000000000008322 0
74 0 0.100000000000416 0
75 0 0.9499999999998356 0
76 0 0.8499999999998515 0
77 0 0.7500000000003858 0
78 0 0.6500000000010593 0
79 0 0.5500000000016854 0
80 0 0.4500000000018616 0
81 0 0.3500000000014563 0
82 0 0.2500000000010403 0
83 0 0.1500000000006241 0
84 0 0.05000000000020799 0
85 0 0.8999999999995836 0.5
86 0 0.7999999999999998 0.5
87 0 0.7000000000006934 0.5
88 0 0.6000000000013869 0.5
89 0 0.5000000000020587 0.5
90 0 0.4000000000016644 0.5
91 0 0.3000000000012483 0.5
92 0 0.2000000000008322 0.5
93 0 0.100000000000416 0.5
94 0 0.9499999999998356 0.5
95 0 0.8499999999998515 0.5
96 0 0.7500000000003858 0.5
97 0 0.6500000000010593 0.5
98 0 0.5500000000016854 0.5
99 0 0.4500000000018616 0.5
100 0 0.3500000000014563 0.5
101 0 0.2500000000010403 0.5
102 0 0.1500000000006241 0.5
103 0 0.05000000000020799 0.5
104 0.09999999999981467 0 0.5
105 0.1999999999995579 0 0.5
106 0.2999999999992664 0 0.5
107 0.3999999999989749 0 0.5
108 0.4999999999986943 0 0.5
109 0.5999999999989468 0 0.5
110 0.69999999999921 0 0.5
111 0.7999999999994734 0 0.5
112 0.8999999999997368 0 0.5
113 0.04999999999989927 0 0.5
114 0.1499999999997036 0 0.5
115 0.2499999999994121 0 0.5
116 0.3499999999991207 0 0.5
117 0.4499999999988346 0 0.5
118 0.5499999999988205 0 0.5
119 0.6499999999990784 0 0.5
120 0.7499999999993416 0 0.5
121 0.8499999999996051 0 0.5
122 0.9499999999998684 0 0.5
123 1 0.100000000000416 0.5
124 1 0.2000000000008322 0.5
125 1 0.3000000000012483 0.5
126 1 0.4000000000016644 0.5
127 1 0.5000000000020587 0.5
128 1 0.6000000000013869 0.5
129 1 0.7000000000006934 0.5
130 1 0.7999999999999998 0.5
131 1 0.8999999999995836 0.5
132 1 0.05000000000019991 0.5
133 1 0.1500000000006414 0.5
134 1 0.2500000000010402 0.5
135 1 0.3500000000014563 0.5
136 1 0.4500000000018615 0.5
137 1 0.5500000000017228 0.5
138 1 0.6500000000010402 0.5
139 1 0.7500000000003466 0.5
140 1 0.8499999999997917 0.5
141 1 0.9499999999997918 0.5
142 0.8999999999995836 1 0.5
143 0.7999999999999998 1 0.5
144 0.7000000000006934 1 0.5
145 0.6000000000013869 1 0.5
146 0.5000000000020587 1 0.5
147 0.4000000000016644 1 0.5
148 0.3000000000012483 1 0.5
149 0.2000000000008322 1 0.5
150 0.100000000000416 1 0.5
151 0.9499999999998356 1 0.5
152 0.8499999999998515 1 0.5
153 0.7500000000003858 1 0.5
154 0.6500000000010593 1 0.5
155 0.5500000000016854 1 0.5
156 0.4500000000018616 1 0.5
157 0.3500000000014563 1 0.5
158 0.2500000000010403 1 0.5
159 0.1500000000006241 1 0.5
160 0.05000000000020799 1 0.5
161 0 1 0.1
162 0 1 0.2
163 0 1 0.3
164 0 1 0.4
165 0 1 0.05000000000001893
166 0 1 0.15
167 0 1 0.2499999999998612
168 0 1 0.35
169 0 1 0.45
170 0 0 0.1
171 0 0 0.2
172 0 0 0.3
173 0 0 0.4
174 0 0 0.05000000000001893
175 0 0 0.15
176 0 0 0.2499999999998612
177 0 0 0.35
178 0 0 0.45
179 1 0 0.1
180 1 0 0.2
181 1 0 0.3
182 1 0 0.4
183 1 0 0.05000000000001893
184 1 0 0.15
185 1 0 0.2499999999998612
186 1 0 0.35
187 1 0 0.45
188 1 1 0.1
189 1 1 0.2
190 1 1 0.3
191 1 1 0.4
192 1 1 0.05000000000001893
193 1 1 0.15
194 1 1 0.2499999999998612
195 1 1 0.35
196 1 1 0.45
197 0.5019001394555083 0.4925441936574553 0
198 0.7036642332374219 0.7186272650426593 0
199 0.292857142857163 0.7071428571428829 0
200 0.2928571428571166 0.2928571428571638 0
201 0.7186394394797746 0.2980304990030364 0
202 0.4931499629732299 0.7759084652632229 0
203 0.7758579074799085 0.506933603162226 0
204 0.2240915347367898 0.4931499629732515 0
205 0.5068500370267679 0.2240915347368271 0
206 0.8294973544973502 0.8294973544973502 0
207 0.1705026455026733 0.8294973544974497 0
208 0.1705026455025349 0.1705026455027228 0
209 0.8294973544974356 0.1705026455026096 0
210 0.640710112639307 0.8488660690838725 0
211 0.8488660690838672 0.6407101126392918 0
212 0.1511339309161314 0.6407101126393338 0
213 0.3592052746310335 0.8481751902264484 0
214 0.1518248097735569 0.3592052746310573 0
215 0.8488660690843599 0.3592898873605431 0
216 0.3592898873606682 0.1511339309160825 0
217 0.639256421891587 0.1515500214094944 0
218 0.5669860627177596 0.6401567944250902 0
219 0.3639360530549293 0.5720108710844397 0
220 0.6401567944250877 0.4330139372822219 0
221 0.4330139372822082 0.3598432055749237 0
222 0.6733856581720908 0.5757672426756814 0
223 0.4376151275478976 0.6699666628188875 0
224 0.3383879245597797 0.4383753387593661 0
225 0.5586987495249632 0.3338266352733263 0
226 0.4664603708642531 0.8901567944254055 0
227 0.8901567944254026 0.4664603708642405 0
228 0.1098432055746039 0.4664603708642769 0
229 0.5335396291358042 0.1098432055747235 0
230 0.9023348642130218 0.7390736031439662 0
231 0.7402985969819242 0.9006094296442395 0
232 0.09766513578698921 0.7390736031440752 0
233 0.2609263968558755 0.09766513578698983 0
234 0.2596952359097945 0.900559074042832 0
235 0.09944092595716839 0.2596952359098248 0
236 0.7389252673531325 0.09770759400033686 0
237 0.9006094296447171 0.2597014030183271 0
238 0.6041206249238408 0.7452829717179825 0
239 0.2547170282820282 0.6041206249238678 0
240 0.395879375076127 0.2547170282819911 0
241 0.734823112614077 0.4015419134008578 0
242 0.3847048916132104 0.7505210099669057 0
243 0.2494789900331102 0.3847048916132272 0
244 0.6152951083868109 0.2494789900331951 0
245 0.5883921959166912 0.5219445179202735 0
246 0.9031109392010674 0.9031109392010674 0
247 0.09987810650541903 0.9001218934945807 0
248 0.09987810650542896 0.09987810650542966 0
249 0.9001218934945954 0.09987810650540485 0
250 0.5700787557216547 0.9167513246759387 0
251 0.9167513246759365 0.5700787557216469 0
252 0.08324867532406605 0.5700787557216673 0
253 0.429921244278553 0.08324867532407611 0
254 0.7370236452035589 0.7996165664366417 0
255 0.2776166489820179 0.7939482183691445 0
256 0.2060517816308504 0.2776166489820396 0
257 0.7996165664370712 0.2629763547967996 0
258 0.7965522624764618 0.7264367216533741 0
259 0.1987347033782327 0.7277938243383499 0
260 0.7277938243382258 0.1987347033779291 0
261 0.2722061756616153 0.198734703378242 0
262 0.7533940871971364 0.6265665039666305 0
263 0.4882506901911712 0.5880545364276292 0
264 0.4093433359148022 0.4966471814519717 0
265 0.5465264846993921 0.417394579101972 0
266 0.6888043209094913 0.4926486832135747 0
267 0.3535886428483456 0.6551594163499921 0
268 0.3464534195227978 0.3545328654627604 0
269 0.64249931920595 0.3480475726622769 0
270 0.933590451594565 0.649972494301397 0
271 0.6502174930689932 0.93324536468081 0
272 0.06640954840543732 0.6499724943014313 0
273 0.3500275056986676 0.0664095484054297 0
274 0.6423442636757362 0.07182016419691095 0
275 0.3570721762815988 0.9277782117389372 0
276 0.07222178826106584 0.3570721762816144 0
277 0.9279264586308958 0.3570903322492047 0
278 0.9218403490944278 0.8238071187088927 0
279 0.8201017201096942 0.9200285942774789 0
280 0.07997140572249439 0.8201017201097339 0
281 0.1798982798902524 0.07997140572256381 0
282 0.179898279890097 0.9200285942778423 0
283 0.07997140572217544 0.1798982798901216 0
284 0.8201017201098906 0.07997140572223971 0
285 0.9200285942778599 0.1798982798900715 0
286 0.6563260165356131 0.6592539773386683 0
287 0.5150710845777424 0.6964930582504596 0
288 0.3087747987576263 0.5175159508627524 0
289 0.4736105247275166 0.293119600966767 0
290 0.5549039654244571 0.8353931250332846 0
291 0.8370052365724503 0.5621498692708071 0
292 0.1646068749667239 0.5549039654244794 0
293 0.4450960345755841 0.1646068749667401 0
294 0.427656250999793 0.817170833122938 0
295 0.8161308910964841 0.4272448866020216 0
296 0.1828291668770721 0.4276562509998144 0
297 0.5720690519506927 0.18278009752642 0
298 0.450174333726052 0.438555497318906 0
299 0.6680912416389161 0.7805026814642629 0
300 0.7813488467921383 0.3330659980720227 0
301 0.9515554696005337 0.9515554696005337 0
302 0.9515554696005337 0.9015554696003255 0
303 0.9015554696003255 0.9515554696005337 0
304 0.09993905325262181 0.04993905325271483 0
305 0.04993905325271448 0.04993905325271483 0
306 0.04993905325270952 0.9000609467470821 0
307 0.04993905325270952 0.9500609467472904 0
308 0.04993905325271448 0.09993905325292282 0
309 0.09993905325291751 0.9500609467472904 0
310 0.9500609467472977 0.04993905325270243 0
311 0.9000609467471661 0.04993905325270243 0
312 0.9500609467472977 0.09993905325291041 0
313 0.4007755903014134 0.6209887669516636 0
314 0.4260933716230503 0.5800327037560344 0
315 0.4629329088695344 0.6290105996232583 0
316 0.3866396944848657 0.5343290262682057 0
317 0.4487970130529867 0.5423508589398005 0
318 0.4958563434035858 0.346834920424125 0
319 0.5526126171121777 0.3756106071876492 0
320 0.4897702109908002 0.3886188923384478 0
321 0.7246217828259996 0.5413504229189536 0
322 0.7646259973385224 0.5667500535644283 0
323 0.7133898726846136 0.6011668733211559 0
324 0.4983504092127221 0.427975038210439 0
325 0.4415941355041301 0.3991993514469149 0
326 0.2029254795990798 0.6224153687816008 0
327 0.2267258658301304 0.6659572246311088 0
328 0.174934317147182 0.6842519684888418 0
329 0.3775846312183976 0.2029254795990368 0
330 0.3340427753688712 0.2267258658301166 0
331 0.3157480315111418 0.1749343171471623 0
332 0.2737870855695956 0.6556317410333754 0
333 0.2457959231176978 0.7174683407406164 0
334 0.3443682589666218 0.2737870855695774 0
335 0.282531659259366 0.2457959231177029 0
336 0.6201858604449253 0.6079620185503858 0
337 0.5776891293172255 0.5810506561726818 0
338 0.630888927044391 0.5488558802979775 0
339 0.4653825452605637 0.7229375640410551 0
340 0.4389274272932202 0.7632147376150643 0
341 0.411160009580554 0.7102438363928967 0
342 0.2812397296482848 0.4657626508663089 0
343 0.23678526238495 0.4389274272932394 0
344 0.2939334572964449 0.4115401151862966 0
345 0.5327743932758655 0.2789590850050767 0
346 0.5610725727067893 0.2367852623850111 0
347 0.5869969289558871 0.2916528126532607 0
348 0.3719550831221219 0.7993481000966771 0
349 0.3184109618065257 0.8210617042977965 0
350 0.3311607702976141 0.7722346141680252 0
351 0.2006518999033335 0.3719550831221423 0
352 0.1789382957022036 0.3184109618065485 0
353 0.2277653858319803 0.3311607702976334 0
354 0.385700930920994 0.3991092721671449 0
355 0.3942811291429159 0.4384654180391361 0
356 0.4332301854329587 0.9450783972127028 0
357 0.4832301854331559 0.9450783972127028 0
358 0.05492160278730195 0.4332301854329706 0
359 0.05492160278730195 0.4832301854331678 0
360 0.9450783972127013 0.4832301854331496 0
361 0.9450783972127013 0.4332301854329524 0
362 0.5667698145673755 0.05492160278736177 0
363 0.5167698145672492 0.05492160278736177 0
364 0.6211721318373415 0.03591008209845548 0
365 0.5879419464057702 0.09083168488581725 0
366 0.3785360881416316 0.9638891058694685 0
367 0.4117662735729259 0.9089675030821713 0
368 0.03611089413053292 0.3785360881416394 0
369 0.09103249691783488 0.4117662735729457 0
370 0.9090416265281492 0.4117753515567226 0
371 0.9639632293154479 0.3785451661254345 0
372 0.8064315720261794 0.5345417362165166 0
373 0.7951996618847934 0.5943581866187189 0
374 0.664855837353852 0.6175106100071748 0
375 0.6116560396266864 0.6497053858818793 0
376 0.47634310606282 0.6832298605346736 0
377 0.5041105237754862 0.7362007617568412 0
378 0.323581361658703 0.4779456448110593 0
379 0.2664331667472081 0.505332956918002 0
380 0.4533122310048624 0.3264814032708453 0
381 0.51615463712624 0.3134731181200466 0
382 0.4902302808771423 0.2586055678517971 0
383 0.3387810172351867 0.7288319335548943 0
384 0.2852368959195904 0.7505455377560137 0
385 0.2711680664451134 0.3387810172351955 0
386 0.2494544622439835 0.2852368959196017 0
387 0.5276183764544654 0.6141056654263597 0
388 0.5383214430539313 0.5549995271739514 0
389 0.6810949895407911 0.534207962944628 0
390 0.7323311141946999 0.4997911431879004 0
391 0.3956018851981216 0.6625630395844397 0
392 0.3587623479516374 0.613585143717216 0
393 0.3424206720412888 0.3964541021110632 0
394 0.3897336784025031 0.357188035518842 0
395 0.3738656302372909 0.4675112601056689 0
396 0.4297588348204271 0.4676013393854389 0
397 0.4950754148233397 0.5402993650425423 0
398 0.4556217376851552 0.4945956875547135 0
399 0.5863980255136956 0.130696613492109 0
400 0.6408003427836616 0.1116850928032027 0
401 0.4128328227476433 0.869165992325927 0
402 0.3581387254563161 0.8879767009826928 0
403 0.1308340076740804 0.4128328227476671 0
404 0.1120232990173114 0.3581387254563358 0
405 0.8695114317548813 0.4128751291123918 0
406 0.8883962638576279 0.3581901098048739 0
407 0.9511674321065109 0.769536801571983 0
408 0.9511674321065109 0.7195368015723298 0
409 0.7201492984913088 0.9503047148221198 0
410 0.770149298490962 0.9503047148221198 0
411 0.04883256789349461 0.7195368015723843 0
412 0.04883256789349461 0.7695368015720375 0
413 0.2804631984275709 0.04883256789349492 0
414 0.2304631984277167 0.04883256789349492 0
415 0.7694626336763029 0.04885379700016843 0
416 0.7194626336761712 0.04885379700016843 0
417 0.2298476179553133 0.950279537021416 0
418 0.2798476179555214 0.950279537021416 0
419 0.04972046297858419 0.2298476179553285 0
420 0.04972046297858419 0.2798476179555365 0
421 0.9503047148223586 0.2798507015097877 0
422 0.9503047148223586 0.2298507015095796 0
423 0.6272757651391989 0.2005145057213447 0
424 0.6835251231149064 0.1751423623937118 0
425 0.6715444663625183 0.2241068467055621 0
426 0.5451461676860998 0.5072443557888644 0
427 0.6669672739332928 0.2737547445181158 0
428 0.7232166319090002 0.2483826011904827 0
429 0.5182695632929539 0.9034540595506722 0
430 0.5350393778618567 0.9583756623379693 0
431 0.9583756623379682 0.5350393778618527 0
432 0.9034540595506695 0.5182695632929437 0
433 0.09654594044933498 0.5182695632929721 0
434 0.04162433766203302 0.535039377861863 0
435 0.4817304367071786 0.09654594044939982 0
436 0.4649606221386237 0.04162433766203805 0
437 0.6905043548106156 0.874737749364056 0
438 0.6888668789214329 0.8242413177602571 0
439 0.7386611210927416 0.8501129980404406 0
440 0.309450255270414 0.8743671321346402 0
441 0.2686559424459062 0.8472536462059883 0
442 0.1256328678653627 0.3094502552704411 0
443 0.1527463537940094 0.2686559424459322 0
444 0.8747377493645385 0.3094956451894351 0
445 0.8242413177607155 0.3111331210786714 0
446 0.8501129980408941 0.2613388789075634 0
447 0.4798051669187415 0.8330326298443143 0
448 0.5240269641988435 0.8056507951482537 0
449 0.5106821681443551 0.862774959729345 0
450 0.8330073509526555 0.4866969870132333 0
451 0.8635810154989265 0.5143051200675238 0
452 0.1669673701556969 0.4798051669187642 0
453 0.1943492048517569 0.5240269641988655 0
454 0.1372250402706639 0.5106821681443782 0
455 0.520194833081286 0.1669673701557753 0
456 0.475973035801176 0.1943492048517836 0
457 0.4893178318556942 0.1372250402707318 0
458 0.6874899535195823 0.4172779253415398 0
459 0.7118137167617842 0.4470952983072162 0
460 0.6644805576672894 0.4628313102478983 0
461 0.6413280568155189 0.3905307549722494 0
462 0.6886612159100135 0.3747947430315673 0
463 0.3093265406684788 0.5880657480041538 0
464 0.3041528355651869 0.6296400206369299 0
465 0.4144466561791676 0.3072801169284574 0
466 0.3711663972994624 0.3046249468723757 0
467 0.8659161093551859 0.7842854788206581 0
468 0.8130248084869061 0.7779670380753622 0
469 0.8494435633447418 0.7327551623986701 0
470 0.1340838906448313 0.7842854788207625 0
471 0.1481999195826109 0.7334337137412126 0
472 0.184618674440453 0.7786455894178999 0
473 0.2157145211792052 0.1340838906448563 0
474 0.2665662862587455 0.1481999195826159 0
475 0.2213544105820751 0.1846186744404824 0
476 0.784211310925284 0.1341051197514732 0
477 0.7786455894178307 0.1846186744402694 0
478 0.7333595458456792 0.148221148689133 0
479 0.7553405100469928 0.4542377582815419 0
480 0.3232228928527543 0.6811511367464376 0
481 0.7267312760469258 0.3497862062019471 0
482 0.6805693793428623 0.3230390358326566 0
483 0.3196552811899572 0.3236950041599621 0
484 0.59334163956224 0.425204258192097 0
485 0.5945129019526711 0.3827210758821245 0
486 0.6005990343654566 0.3409371039678016 0
487 0.5850393778615208 0.9583756623379693 0
488 0.9583756623379682 0.5850393778615168 0
489 0.04162433766203302 0.585039377861527 0
490 0.4149606221387639 0.04162433766203805 0
491 0.4604031069865114 0.7965396491930805 0
492 0.4061805713065017 0.7838459215449218 0
493 0.203460350806931 0.460403106986533 0
494 0.2161540784550912 0.4061805713065208 0
495 0.5394595444887302 0.2034358161316235 0
496 0.5936820801687518 0.2161295437798076 0
497 0.9609201745472139 0.8119035593544462 0
498 0.9120876066537248 0.7814403609264294 0
499 0.7802001585458092 0.9103190119608592 0
500 0.8100508600548471 0.9600142971387394 0
501 0.0888182707547418 0.7795876616269046 0
502 0.0399857028612472 0.8100508600548668 0
503 0.220412338373064 0.08881827075477683 0
504 0.1899491399449051 0.0399857028612819 0
505 0.810050860054682 0.03998570286111985 0
506 0.7795134937315116 0.08883949986128828 0
507 0.1899491399454646 0.9600142971389212 0
508 0.2197967578999458 0.9102938341603372 0
509 0.03998570286108772 0.1899491399454769 0
510 0.08970616583967192 0.2197967578999732 0
511 0.9103190119612885 0.2197998414541993 0
512 0.9600142971389299 0.1899491399454519 0
513 0.8756004666484445 0.689891857891629 0
514 0.8227091657801645 0.683573417146333 0
515 0.1243995333515603 0.6898918578917045 0
516 0.3101081421082719 0.1243995333515362 0
517 0.6890908446223598 0.1246288077049156 0
518 0.7848979757396373 0.8650533920707948 0
519 0.7832604998504545 0.814556960466996 0
520 0.2150989407062339 0.8650282142701409 0
521 0.2240596472423456 0.8117227864332971 0
522 0.1349717857298516 0.2150989407062738 0
523 0.1882772135666926 0.2240596472423813 0
524 0.8650533920710763 0.2151020242604683 0
525 0.8145569604672533 0.2167395001497046 0
526 0.5242133120774501 0.4549693863797136 0
527 0.5674593403080417 0.4696695485111227 0
528 0.6142744951708894 0.4774792276012477 0
529 0.9609201745472139 0.8619035593542381 0
530 0.8600508600546388 0.9600142971387394 0
531 0.1399491399450336 0.0399857028612819 0
532 0.0399857028612472 0.8600508600546588 0
533 0.8600508600548137 0.03998570286111985 0
534 0.1399491399452565 0.9600142971389212 0
535 0.03998570286108772 0.1399491399452688 0
536 0.9600142971389299 0.1399491399452438 0
537 0.5624913605730559 0.8760722248546116 0
538 0.8768782806241934 0.566114312496227 0
539 0.123927775145395 0.5624913605730734 0
540 0.4375086394270686 0.1239277751454081 0
541 0.9124756441477476 0.8634590289549801 0
542 0.8616063296553809 0.9115697667392731 0
543 0.1398881931978407 0.08992475611399674 0
544 0.08992475611395671 0.8601118068021574 0
545 0.139888193197758 0.9100752438862115 0
546 0.860111806802243 0.08992475611382228 0
547 0.0899247561138022 0.1398881931977756 0
548 0.9100752438862276 0.1398881931977382 0
549 0.7667879538400104 0.763026644045008 0
550 0.2381756761801253 0.7608710213537473 0
551 0.2391289786462328 0.2381756761801408 0
552 0.7637051953876486 0.2308555290873644 0
553 0.5855533438208003 0.6927198830715364 0
554 0.630223320729727 0.7022684745283254 0
555 0.5595958547507915 0.7208880149842211 0
556 0.541028573647751 0.6683249263377748 0
557 0.2817459135198273 0.5608182878933101 0
558 0.3363554259062778 0.544763410973596 0
559 0.4347449499018218 0.2739183146243791 0
560 0.447058310932023 0.8536638137741718 0
561 0.7959943992881963 0.4670892448821238 0
562 0.8531438427609433 0.446852628733131 0
563 0.146336186225838 0.4470583109320457 0
564 0.3934307628154132 0.8326730116746932 0
565 0.1673269883253145 0.3934307628154359 0
566 0.832498480090422 0.3932673869812824 0
567 0.5528043405432485 0.1463116515505718 0
568 0.6056627369211398 0.1671650594679572 0
569 0.6751087465348433 0.9666226823404049 0
570 0.6952580450254587 0.9169273971625247 0
571 0.9179626579037934 0.6945230487226817 0
572 0.9667952257972825 0.6749862471510453 0
573 0.6454638028541502 0.8910557168823412 0
574 0.8912282603392161 0.6453413034703444 0
575 0.03320477420271866 0.6749862471510624 0
576 0.08203734209621327 0.6945230487227533 0
577 0.3083837060956967 0.9141686428908846 0
578 0.1087717396607844 0.6453413034703825 0
579 0.08583135710911712 0.3083837060957196 0
580 0.9142679441378065 0.3083958676337659 0
581 0.3285360881414235 0.9638891058694685 0
582 0.6906347655144343 0.0847638790986239 0
583 0.03611089413053292 0.3285360881414313 0
584 0.9639632293154479 0.3285451661252265 0
585 0.671172131837473 0.03591008209845548 0
586 0.3250137528489671 0.03320477420271485 0
587 0.3054769512772716 0.08203734209620978 0
588 0.354658696529668 0.1087717396607561 0
589 0.7285291602172792 0.6725968845046448 0
590 0.6799951248865175 0.6889406211906638 0
591 0.7048600518663748 0.6429102406526495 0
592 0.7749731748367992 0.6765016128100023 0
593 0.8011300781405017 0.6336383083029611 0
594 0.6538924290806314 0.7319551183803209 0
595 0.5486352939485353 0.7605957184906027 0
596 0.239404281509409 0.5486352939485597 0
597 0.4513647060514474 0.2394042815094091 0
598 0.5016608873844568 0.6422737973390444 0
599 0.3590590673362142 0.507081566157362 0
600 0.7501082478569419 0.7225319933480168 0
601 0.875668851795889 0.8266522366031215 0
602 0.8247995373035222 0.8747629743874146 0
603 0.1252370256125838 0.8247995373035918 0
604 0.1752004626963852 0.8747629743876459 0
605 0.1752004626963937 0.1252370256126433 0
606 0.1252370256123552 0.1752004626964222 0
607 0.8247995373036631 0.1252370256124246 0
608 0.8747629743876477 0.1752004626963405 0
609 0.6224153687815739 0.7970745204009275 0
610 0.597807039031882 0.8421295970585785 0
611 0.5795122951741489 0.7903380483756335 0
612 0.1578704029414276 0.5978070390319066 0
613 0.2096619516243761 0.5795122951741736 0
614 0.4021929609681262 0.1578704029414113 0
615 0.4204877048258555 0.2096619516243656 0
616 0.369146767230778 0.7028402131584489 0
617 0.297966204777954 0.3696188785379938 0
618 0.6288972137963804 0.298763281347736 0
619 0.7203439392204904 0.7591219157396505 0
620 0.7591280029584229 0.280503426899918 0
621 0.6385982584130913 0.5072966005669242 0
622 0.6361059332813784 0.7628928265911228 0
623 0.6544006771391115 0.8146843752740678 0
624 0.7754770018552806 0.4143934000014396 0
625 0.685877737438169 0.7495649732534611 0
626 0.7499941431359565 0.3155482485375295 0
627 0.7580859797031076 0.3673039557364403 0
628 0.7025574434212375 0.7900596239504523 0
629 0.8151074579382491 0.3461779427162829 0
630 0.7904827066146047 0.2980211764344112 0
631 0.7987398689443113 0.3801554423370221 0
632 0.8663041468492088 0.8663041468492088 0
633 0.1351903760040462 0.8648096239960152 0
634 0.1351903760039819 0.1351903760040762 0
635 0.8648096239960155 0.1351903760040072 0
636 0.610148124395324 0.9249983446783743 0
637 0.6251087465351901 0.9666226823404049 0
638 0.9667952257972825 0.6249862471513919 0
639 0.9251708881352507 0.6100256250115219 0
640 0.6053944341804809 0.8828086968799056 0
641 0.8828086968799018 0.6053944341804693 0
642 0.07482911186475169 0.6100256250115493 0
643 0.03320477420271866 0.6249862471514092 0
644 0.1171913031200987 0.6053944341805005 0
645 0.3899743749886103 0.07482911186475291 0
646 0.3750137528488213 0.03320477420271485 0
647 0.3946055658196106 0.1171913031200793 0
648 0.8429356528281587 0.6014299909550495 0
649 0.4760372365907801 0.4655498454881807 0
650 0 0.8999999999995836 0.1
651 0 0.8999999999995836 0.2
652 0 0.8999999999995836 0.3
653 0 0.8999999999995836 0.4
654 0 0.7999999999999998 0.1
655 0 0.7999999999999998 0.2
656 0 0.7999999999999998 0.3
657 0 0.7999999999999998 0.4
658 0 0.7000000000006934 0.1
659 0 0.7000000000006934 0.2
660 0 0.7000000000006934 0.3
661 0 0.7000000000006934 0.4
662 0 0.6000000000013869 0.1
663 0 0.6000000000013869 0.2
664 0 0.6000000000013869 0.3
665 0 0.6000000000013869 0.4
666 0 0.5000000000020587 0.1
667 0 0.5000000000020587 0.2
668 0 0.5000000000020587 0.3
669 0 0.5000000000020587 0.4
670 0 0.4000000000016644 0.1
671 0 0.4000000000016644 0.2
672 0 0.4000000000016644 0.3
673 0 0.4000000000016644 0.4
674 0 0.3000000000012483 0.1
675 0 0.3000000000012483 0.2
676 0 0.3000000000012483 0.3
677 0 0.3000000000012483 0.4
678 0 0.2000000000008322 0.1
679 0 0.2000000000008322 0.2
680 0 0.2000000000008322 0.3
681 0 0.2000000000008322 0.4
682 0 0.100000000000416 0.1
683 0 0.100000000000416 0.2
684 0 0.100000000000416 0.3
685 0 0.100000000000416 0.4
686 0 0.8999999999995836 0.05
687 0 0.9499999999997918 0.09999999999999999
688 0 0.9499999999998137 0.05000000000000946
689 0 0.8999999999995836 0.15
690 0 0.9499999999997918 0.2
691 0 0.9499999999997918 0.15
692 0 0.8999999999995836 0.25
693 0 0.9499999999997918 0.3
694 0 0.9499999999997918 0.2499999999999306
695 0 0.8999999999995836 0.35
696 0 0.9499999999997918 0.4
697 0 0.9499999999997918 0.35
698 0 0.8999999999995836 0.45
699 0 0.9499999999998137 0.45
700 0 0.7999999999999998 0.05
701 0 0.8499999999997917 0.1
702 0 0.8499999999998216 0.05
703 0 0.7999999999999998 0.15
704 0 0.8499999999997917 0.2
705 0 0.8499999999997917 0.15
706 0 0.7999999999999998 0.25
707 0 0.8499999999997917 0.3
708 0 0.8499999999997917 0.25
709 0 0.7999999999999998 0.35
710 0 0.8499999999997917 0.4
711 0 0.8499999999997917 0.35
712 0 0.7999999999999998 0.45
713 0 0.8499999999998216 0.45
714 0 0.7000000000006934 0.05
715 0 0.7500000000003466 0.1
716 0 0.7500000000003662 0.05
717 0 0.7000000000006934 0.15
718 0 0.7500000000003466 0.2
719 0 0.7500000000003466 0.15
720 0 0.7000000000006934 0.25
721 0 0.7500000000003466 0.3
722 0 0.7500000000003466 0.25
723 0 0.7000000000006934 0.35
724 0 0.7500000000003466 0.4
725 0 0.7500000000003466 0.35
726 0 0.7000000000006934 0.45
727 0 0.7500000000003662 0.45
728 0 0.6000000000013869 0.05
729 0 0.6500000000010402 0.1
730 0 0.6500000000010497 0.05
731 0 0.6000000000013869 0.15
732 0 0.6500000000010402 0.2
733 0 0.6500000000010402 0.15
734 0 0.6000000000013869 0.25
735 0 0.6500000000010402 0.3
736 0 0.6500000000010402 0.25
737 0 0.6000000000013869 0.35
738 0 0.6500000000010402 0.4
739 0 0.6500000000010402 0.35
740 0 0.6000000000013869 0.45
741 0 0.6500000000010497 0.45
742 0 0.5000000000020587 0.05
743 0 0.5500000000017228 0.1
744 0 0.5500000000017041 0.05
745 0 0.5000000000020587 0.15
746 0 0.5500000000017228 0.2
747 0 0.5500000000017228 0.15
748 0 0.5000000000020587 0.25
749 0 0.5500000000017228 0.3
750 0 0.5500000000017228 0.25
751 0 0.5000000000020587 0.35
752 0 0.5500000000017228 0.4
753 0 0.5500000000017228 0.35
754 0 0.5000000000020587 0.45
755 0 0.550000000001704 0.45
756 0 0.4000000000016644 0.05
757 0 0.4500000000018616 0.1
758 0 0.4500000000018616 0.05
759 0 0.4000000000016644 0.15
760 0 0.4500000000018616 0.2
761 0 0.4500000000018616 0.15
762 0 0.4000000000016644 0.25
763 0 0.4500000000018616 0.3
764 0 0.4500000000018616 0.25
765 0 0.4000000000016644 0.35
766 0 0.4500000000018616 0.4
767 0 0.4500000000018616 0.35
768 0 0.4000000000016644 0.45
769 0 0.4500000000018616 0.45
770 0 0.3000000000012483 0.05
771 0 0.3500000000014563 0.1
772 0 0.3500000000014563 0.05
773 0 0.3000000000012483 0.15
774 0 0.3500000000014563 0.2
775 0 0.3500000000014563 0.15
776 0 0.3000000000012483 0.25
777 0 0.3500000000014563 0.3
778 0 0.3500000000014563 0.25
779 0 0.3000000000012483 0.35
780 0 0.3500000000014563 0.4
781 0 0.3500000000014563 0.35
782 0 0.3000000000012483 0.45
783 0 0.3500000000014563 0.45
784 0 0.2000000000008322 0.05
785 0 0.2500000000010403 0.1
786 0 0.2500000000010403 0.05
787 0 0.2000000000008322 0.15
788 0 0.2500000000010403 0.2
789 0 0.2500000000010403 0.15
790 0 0.2000000000008322 0.25
791 0 0.2500000000010403 0.3
792 0 0.2500000000010403 0.25
793 0 0.2000000000008322 0.35
794 0 0.2500000000010403 0.4
795 0 0.2500000000010403 0.35
796 0 0.2000000000008322 0.45
797 0 0.2500000000010403 0.45
798 0 0.100000000000416 0.05
799 0 0.1500000000006241 0.1
800 0 0.1500000000006241 0.05
801 0 0.100000000000416 0.15
802 0 0.1500000000006241 0.2
803 0 0.1500000000006241 0.15
804 0 0.100000000000416 0.25
805 0 0.1500000000006241 0.3
806 0 0.1500000000006241 0.25
807 0 0.100000000000416 0.35
808 0 0.1500000000006241 0.4
809 0 0.1500000000006241 0.35
810 0 0.100000000000416 0.45
811 0 0.1500000000006241 0.45
812 0 0.05000000000020799 0.1
813 0 0.05000000000020788 0.05000000000000947
814 0 0.05000000000020799 0.2
815 0 0.05000000000020788 0.15
816 0 0.05000000000020799 0.3
817 0 0.05000000000020788 0.2499999999999306
818 0 0.05000000000020799 0.4
819 0 0.05000000000020788 0.35
820 0 0.05000000000020788 0.45
821 0.09999999999981467 0 0.1
822 0.09999999999981467 0 0.2
823 0.09999999999981467 0 0.3
824 0.09999999999981467 0 0.4
825 0.1999999999995579 0 0.1
826 0.1999999999995579 0 0.2
827 0.1999999999995579 0 0.3
828 0.1999999999995579 0 0.4
829 0.2999999999992664 0 0.1
830 0.2999999999992664 0 0.2
831 0.2999999999992664 0 0.3
832 0.2999999999992664 0 0.4
833 0.3999999999989749 0 0.1
834 0.3999999999989749 0 0.2
835 0.3999999999989749 0 0.3
836 0.3999999999989749 0 0.4
837 0.4999999999986943 0 0.1
838 0.4999999999986943 0 0.2
839 0.4999999999986943 0 0.3
840 0.4999999999986943 0 0.4
841 0.5999999999989468 0 0.1
842 0.5999999999989468 0 0.2
843 0.5999999999989468 0 0.3
844 0.5999999999989468 0 0.4
845 0.69999999999921 0 0.1
846 0.69999999999921 0 0.2
847 0.69999999999921 0 0.3
848 0.69999999999921 0 0.4
849 0.7999999999994734 0 0.1
850 0.7999999999994734 0 0.2
851 0.7999999999994734 0 0.3
852 0.7999999999994734 0 0.4
853 0.8999999999997368 0 0.1
854 0.8999999999997368 0 0.2
855 0.8999999999997368 0 0.3
856 0.8999999999997368 0 0.4
857 0.09999999999981467 0 0.05
858 0.04999999999990733 0 0.09999999999999999
859 0.0499999999999033 0 0.05000000000000946
860 0.09999999999981467 0 0.15
861 0.04999999999990733 0 0.2
862 0.04999999999990733 0 0.15
863 0.09999999999981467 0 0.25
864 0.04999999999990733 0 0.3
865 0.04999999999990733 0 0.2499999999999306
866 0.09999999999981467 0 0.35
867 0.04999999999990733 0 0.4
868 0.04999999999990733 0 0.35
869 0.09999999999981468 0 0.45
870 0.04999999999990329 0 0.45
871 0.1999999999995579 0 0.05
872 0.1499999999996863 0 0.1
873 0.1499999999996949 0 0.05
874 0.1999999999995579 0 0.15
875 0.1499999999996863 0 0.2
876 0.1499999999996863 0 0.15
877 0.1999999999995579 0 0.25
878 0.1499999999996863 0 0.3
879 0.1499999999996863 0 0.25
880 0.1999999999995579 0 0.35
881 0.1499999999996863 0 0.4
882 0.1499999999996863 0 0.35
883 0.1999999999995579 0 0.45
884 0.1499999999996949 0 0.45
885 0.2999999999992664 0 0.05
886 0.2499999999994121 0 0.1
887 0.2499999999994121 0 0.05
888 0.2999999999992664 0 0.15
889 0.2499999999994121 0 0.2
890 0.2499999999994121 0 0.15
891 0.2999999999992664 0 0.25
892 0.2499999999994121 0 0.3
893 0.2499999999994121 0 0.25
894 0.2999999999992664 0 0.35
895 0.2499999999994121 0 0.4
896 0.2499999999994121 0 0.35
897 0.2999999999992664 0 0.45
898 0.2499999999994121 0 0.45
899 0.3999999999989749 0 0.05
900 0.3499999999991207 0 0.1
901 0.3499999999991207 0 0.05
902 0.3999999999989749 0 0.15
903 0.3499999999991207 0 0.2
904 0.3499999999991207 0 0.15
905 0.3999999999989749 0 0.25
906 0.3499999999991207 0 0.3
907 0.3499999999991207 0 0.25
908 0.3999999999989749 0 0.35
909 0.3499999999991207 0 0.4
910 0.3499999999991207 0 0.35
911 0.399999999998975 0 0.45
912 0.3499999999991207 0 0.45
913 0.4999999999986943 0 0.05
914 0.4499999999988346 0 0.1
915 0.4499999999988346 0 0.05
916 0.4999999999986943 0 0.15
917 0.4499999999988346 0 0.2
918 0.4499999999988346 0 0.15
919 0.4999999999986943 0 0.25
920 0.4499999999988346 0 0.3
921 0.4499999999988346 0 0.25
922 0.4999999999986943 0 0.35
923 0.4499999999988346 0 0.4
924 0.4499999999988346 0 0.35
925 0.4999999999986943 0 0.45
926 0.4499999999988347 0 0.45
927 0.5999999999989468 0 0.05
928 0.5499999999988205 0 0.1
929 0.5499999999988205 0 0.05
930 0.5999999999989468 0 0.15
931 0.5499999999988205 0 0.2
932 0.5499999999988205 0 0.15
933 0.5999999999989468 0 0.25
934 0.5499999999988205 0 0.3
935 0.5499999999988205 0 0.25
936 0.5999999999989468 0 0.35
937 0.5499999999988205 0 0.4
938 0.5499999999988205 0 0.35
939 0.5999999999989468 0 0.45
940 0.5499999999988205 0 0.45
941 0.69999999999921 0 0.05
942 0.6499999999990784 0 0.1
943 0.6499999999990784 0 0.05
944 0.69999999999921 0 0.15
945 0.6499999999990784 0 0.2
946 0.6499999999990784 0 0.15
947 0.69999999999921 0 0.25
948 0.6499999999990784 0 0.3
949 0.6499999999990784 0 0.25
950 0.69999999999921 0 0.35
951 0.6499999999990784 0 0.4
952 0.6499999999990784 0 0.35
953 0.69999999999921 0 0.45
954 0.6499999999990784 0 0.45
955 0.7999999999994734 0 0.05
956 0.7499999999993416 0 0.1
957 0.7499999999993416 0 0.05
958 0.7999999999994734 0 0.15
959 0.7499999999993416 0 0.2
960 0.7499999999993416 0 0.15
961 0.7999999999994734 0 0.25
962 0.7499999999993416 0 0.3
963 0.7499999999993416 0 0.25
964 0.7999999999994734 0 0.35
965 0.7499999999993416 0 0.4
966 0.7499999999993416 0 0.35
967 0.7999999999994734 0 0.45
968 0.7499999999993416 0 0.45
969 0.8999999999997368 0 0.05
970 0.8499999999996051 0 0.1
971 0.8499999999996051 0 0.05
972 0.8999999999997368 0 0.15
973 0.8499999999996051 0 0.2
974 0.8499999999996051 0 0.15
975 0.8999999999997368 0 0.25
976 0.8499999999996051 0 0.3
977 0.8499999999996051 0 0.25
978 0.8999999999997368 0 0.35
979 0.8499999999996051 0 0.4
980 0.8499999999996051 0 0.35
981 0.8999999999997368 0 0.45
982 0.8499999999996051 0 0.45
983 0.9499999999998684 0 0.1
984 0.9499999999998685 0 0.05000000000000947
985 0.9499999999998684 0 0.2
986 0.9499999999998685 0 0.15
987 0.9499999999998684 0 0.3
988 0.9499999999998685 0 0.2499999999999306
989 0.9499999999998684 0 0.4
990 0.9499999999998685 0 0.35
991 0.9499999999998685 0 0.45
992 1 0.8999999999995836 0.1
993 1 0.8999999999995836 0.2
994 1 0.8999999999995836 0.3
995 1 0.8999999999995836 0.4
996 1 0.7999999999999998 0.1
997 1 0.7999999999999998 0.2
998 1 0.7999999999999998 0.3
999 1 0.7999999999999998 0.4
1000 1 0.7000000000006934 0.1
1001 1 0.7000000000006934 0.2
1002 1 0.7000000000006934 0.3
1003 1 0.7000000000006934 0.4
1004 1 0.6000000000013869 0.1
1005 1 0.6000000000013869 0.2
1006 1 0.6000000000013869 0.3
1007 1 0.6000000000013869 0.4
1008 1 0.5000000000020587 0.1
1009 1 0.5000000000020587 0.2
1010 1 0.5000000000020587 0.3
1011 1 0.5000000000020587 0.4
1012 1 0.4000000000016644 0.1
1013 1 0.4000000000016644 0.2
1014 1 0.4000000000016644 0.3
1015 1 0.4000000000016644 0.4
1016 1 0.3000000000012483 0.1
1017 1 0.3000000000012483 0.2
1018 1 0.3000000000012483 0.3
1019 1 0.3000000000012483 0.4
1020 1 0.2000000000008322 0.1
1021 1 0.2000000000008322 0.2
1022 1 0.2000000000008322 0.3
1023 1 0.2000000000008322 0.4
1024 1 0.100000000000416 0.1
1025 1 0.100000000000416 0.2
1026 1 0.100000000000416 0.3
1027 1 0.100000000000416 0.4
1028 1 0.9499999999997918 0.1
1029 1 0.8999999999995836 0.05
1030 1 0.9499999999998137 0.05000000000000947
1031 1 0.9499999999997918 0.2
1032 1 0.8999999999995836 0.15
1033 1 0.9499999999997917 0.15
1034 1 0.9499999999997918 0.3
1035 1 0.8999999999995836 0.25
1036 1 0.9499999999997917 0.2499999999999306
1037 1 0.9499999999997918 0.4
1038 1 0.8999999999995836 0.35
1039 1 0.9499999999997917 0.35
1040 1 0.8999999999995836 0.45
1041 1 0.9499999999997917 0.4500000000000001
1042 1 0.8499999999997917 0.1
1043 1 0.7999999999999998 0.05
1044 1 0.8499999999998216 0.05
1045 1 0.8499999999997917 0.2
1046 1 0.7999999999999998 0.15
1047 1 0.8499999999997917 0.15
1048 1 0.8499999999997917 0.3
1049 1 0.7999999999999998 0.25
1050 1 0.8499999999997917 0.25
1051 1 0.8499999999997917 0.4
1052 1 0.7999999999999998 0.35
1053 1 0.8499999999997917 0.35
1054 1 0.7999999999999998 0.45
1055 1 0.8499999999997917 0.4500000000000001
1056 1 0.7500000000003466 0.1
1057 1 0.7000000000006934 0.05
1058 1 0.7500000000003662 0.05
1059 1 0.7500000000003466 0.2
1060 1 0.7000000000006934 0.15
1061 1 0.7500000000003466 0.15
1062 1 0.7500000000003466 0.3
1063 1 0.7000000000006934 0.25
1064 1 0.7500000000003466 0.25
1065 1 0.7500000000003466 0.4
1066 1 0.7000000000006934 0.35
1067 1 0.7500000000003466 0.35
1068 1 0.7000000000006934 0.45
1069 1 0.7500000000003466 0.4500000000000001
1070 1 0.6500000000010402 0.1
1071 1 0.6000000000013869 0.05
1072 1 0.6500000000010497 0.05
1073 1 0.6500000000010402 0.2
1074 1 0.6000000000013869 0.15
1075 1 0.6500000000010402 0.15
1076 1 0.6500000000010402 0.3
1077 1 0.6000000000013869 0.25
1078 1 0.6500000000010402 0.25
1079 1 0.6500000000010402 0.4
1080 1 0.6000000000013869 0.35
1081 1 0.6500000000010402 0.35
1082 1 0.6000000000013869 0.45
1083 1 0.6500000000010402 0.4500000000000001
1084 1 0.5500000000017228 0.1
1085 1 0.5000000000020587 0.05
1086 1 0.550000000001704 0.05
1087 1 0.5500000000017228 0.2
1088 1 0.5000000000020587 0.15
1089 1 0.5500000000017228 0.15
1090 1 0.5500000000017228 0.3
1091 1 0.5000000000020587 0.25
1092 1 0.5500000000017228 0.25
1093 1 0.5500000000017228 0.4
1094 1 0.5000000000020587 0.35
1095 1 0.5500000000017228 0.35
1096 1 0.5000000000020587 0.45
1097 1 0.5500000000017228 0.4500000000000001
1098 1 0.4500000000018616 0.1
1099 1 0.4000000000016644 0.05
1100 1 0.4500000000018616 0.05
1101 1 0.4500000000018616 0.2
1102 1 0.4000000000016644 0.15
1103 1 0.4500000000018616 0.15
1104 1 0.4500000000018616 0.3
1105 1 0.4000000000016644 0.25
1106 1 0.4500000000018616 0.25
1107 1 0.4500000000018616 0.4
1108 1 0.4000000000016644 0.35
1109 1 0.4500000000018616 0.35
1110 1 0.4000000000016644 0.45
1111 1 0.4500000000018616 0.4500000000000001
1112 1 0.3500000000014564 0.1
1113 1 0.3000000000012483 0.05
1114 1 0.3500000000014563 0.05
1115 1 0.3500000000014564 0.2
1116 1 0.3000000000012484 0.15
1117 1 0.3500000000014564 0.15
1118 1 0.3500000000014564 0.3
1119 1 0.3000000000012484 0.25
1120 1 0.3500000000014564 0.25
1121 1 0.3500000000014564 0.4
1122 1 0.3000000000012484 0.35
1123 1 0.3500000000014564 0.35
1124 1 0.3000000000012483 0.45
1125 1 0.3500000000014563 0.4500000000000001
1126 1 0.2500000000010403 0.1
1127 1 0.2000000000008322 0.05
1128 1 0.2500000000010403 0.05
1129 1 0.2500000000010403 0.2
1130 1 0.2000000000008322 0.15
1131 1 0.2500000000010403 0.15
1132 1 0.2500000000010403 0.3
1133 1 0.2000000000008322 0.25
1134 1 0.2500000000010403 0.25
1135 1 0.2500000000010403 0.4
1136 1 0.2000000000008322 0.35
1137 1 0.2500000000010403 0.35
1138 1 0.2000000000008322 0.45
1139 1 0.2500000000010403 0.4500000000000001
1140 1 0.1500000000006241 0.1
1141 1 0.100000000000416 0.05
1142 1 0.1500000000006241 0.05
1143 1 0.1500000000006241 0.2
1144 1 0.100000000000416 0.15
1145 1 0.1500000000006241 0.15
1146 1 0.1500000000006241 0.3
1147 1 0.100000000000416 0.25
1148 1 0.1500000000006241 0.25
1149 1 0.1500000000006241 0.4
1150 1 0.100000000000416 0.35
1151 1 0.1500000000006241 0.35
1152 1 0.100000000000416 0.45
1153 1 0.1500000000006327 0.4500000000000001
1154 1 0.05000000000020799 0.09999999999999999
1155 1 0.05000000000020799 0.05000000000000946
1156 1 0.05000000000020799 0.2
1157 1 0.05000000000020799 0.15
1158 1 0.05000000000020799 0.3
1159 1 0.05000000000020799 0.2499999999999306
1160 1 0.05000000000020799 0.4
1161 1 0.05000000000020799 0.35
1162 1 0.05000000000020388 0.4500000000000001
1163 0.8999999999995836 1 0.1
1164 0.8999999999995836 1 0.2
1165 0.8999999999995836 1 0.3
1166 0.8999999999995836 1 0.4
1167 0.7999999999999998 1 0.1
1168 0.7999999999999998 1 0.2
1169 0.7999999999999998 1 0.3
1170 0.7999999999999998 1 0.4
1171 0.7000000000006934 1 0.1
1172 0.7000000000006934 1 0.2
1173 0.7000000000006934 1 0.3
1174 0.7000000000006934 1 0.4
1175 0.6000000000013869 1 0.1
1176 0.6000000000013869 1 0.2
1177 0.6000000000013869 1 0.3
1178 0.6000000000013869 1 0.4
1179 0.5000000000020587 1 0.1
1180 0.5000000000020587 1 0.2
1181 0.5000000000020587 1 0.3
1182 0.5000000000020587 1 0.4
1183 0.4000000000016644 1 0.1
1184 0.4000000000016644 1 0.2
1185 0.4000000000016644 1 0.3
1186 0.4000000000016644 1 0.4
1187 0.3000000000012483 1 0.1
1188 0.3000000000012483 1 0.2
1189 0.3000000000012483 1 0.3
1190 0.3000000000012483 1 0.4
1191 0.2000000000008322 1 0.1
1192 0.2000000000008322 1 0.2
1193 0.2000000000008322 1 0.3
1194 0.2000000000008322 1 0.4
1195 0.100000000000416 1 0.1
1196 0.100000000000416 1 0.2
1197 0.100000000000416 1 0.3
1198 0.100000000000416 1 0.4
1199 0.8999999999995836 1 0.05
1200 0.9499999999997918 1 0.09999999999999999
1201 0.9499999999998137 1 0.05000000000000946
1202 0.8999999999995836 1 0.15
1203 0.9499999999997918 1 0.2
1204 0.9499999999997918 1 0.15
1205 0.8999999999995836 1 0.25
1206 0.9499999999997918 1 0.3
1207 0.9499999999997918 1 0.2499999999999306
1208 0.8999999999995836 1 0.35
1209 0.9499999999997918 1 0.4
1210 0.9499999999997918 1 0.35
1211 0.8999999999995836 1 0.45
1212 0.9499999999998137 1 0.45
1213 0.7999999999999998 1 0.05
1214 0.8499999999997917 1 0.1
1215 0.8499999999998216 1 0.05
1216 0.7999999999999998 1 0.15
1217 0.8499999999997917 1 0.2
1218 0.8499999999997917 1 0.15
1219 0.7999999999999998 1 0.25
1220 0.8499999999997917 1 0.3
1221 0.8499999999997917 1 0.25
1222 0.7999999999999998 1 0.35
1223 0.8499999999997917 1 0.4
1224 0.8499999999997917 1 0.35
1225 0.7999999999999998 1 0.45
1226 0.8499999999998216 1 0.45
1227 0.7000000000006934 1 0.05
1228 0.7500000000003466 1 0.1
1229 0.7500000000003662 1 0.05
1230 0.7000000000006934 1 0.15
1231 0.7500000000003466 1 0.2
1232 0.7500000000003466 1 0.15
1233 0.7000000000006934 1 0.25
1234 0.7500000000003466 1 0.3
1235 0.7500000000003466 1 0.25
1236 0.7000000000006934 1 0.35
1237 0.7500000000003466 1 0.4
1238 0.7500000000003466 1 0.35
1239 0.7000000000006934 1 0.45
1240 0.7500000000003662 1 0.45
1241 0.6000000000013869 1 0.05
1242 0.6500000000010402 1 0.1
1243 0.6500000000010497 1 0.05
1244 0.6000000000013869 1 0.15
1245 0.6500000000010402 1 0.2
1246 0.6500000000010402 1 0.15
1247 0.6000000000013869 1 0.25
1248 0.6500000000010402 1 0.3
1249 0.6500000000010402 1 0.25
1250 0.6000000000013869 1 0.35
1251 0.6500000000010402 1 0.4
1252 0.6500000000010402 1 0.35
1253 0.6000000000013869 1 0.45
1254 0.6500000000010497 1 0.45
1255 0.5000000000020587 1 0.05
1256 0.5500000000017228 1 0.1
1257 0.5500000000017041 1 0.05
1258 0.5000000000020587 1 0.15
1259 0.5500000000017228 1 0.2
1260 0.5500000000017228 1 0.15
1261 0.5000000000020587 1 0.25
1262 0.5500000000017228 1 0.3
1263 0.5500000000017228 1 0.25
1264 0.5000000000020587 1 0.35
1265 0.5500000000017228 1 0.4
1266 0.5500000000017228 1 0.35
1267 0.5000000000020587 1 0.45
1268 0.550000000001704 1 0.45
1269 0.4000000000016644 1 0.05
1270 0.4500000000018616 1 0.1
1271 0.4500000000018616 1 0.05
1272 0.4000000000016644 1 0.15
1273 0.4500000000018616 1 0.2
1274 0.4500000000018616 1 0.15
1275 0.4000000000016644 1 0.25
1276 0.4500000000018616 1 0.3
1277 0.4500000000018616 1 0.25
1278 0.4000000000016644 1 0.35
1279 0.4500000000018616 1 0.4
1280 0.4500000000018616 1 0.35
1281 0.4000000000016644 1 0.45
1282 0.4500000000018616 1 0.45
1283 0.3000000000012483 1 0.05
1284 0.3500000000014563 1 0.1
1285 0.3500000000014563 1 0.05
1286 0.3000000000012483 1 0.15
1287 0.3500000000014563 1 0.2
1288 0.3500000000014563 1 0.15
1289 0.3000000000012483 1 0.25
1290 0.3500000000014563 1 0.3
1291 0.3500000000014563 1 0.25
1292 0.3000000000012483 1 0.35
1293 0.3500000000014563 1 0.4
1294 0.3500000000014563 1 0.35
1295 0.3000000000012483 1 0.45
1296 0.3500000000014563 1 0.45
1297 0.2000000000008322 1 0.05
1298 0.2500000000010403 1 0.1
1299 0.2500000000010403 1 0.05
1300 0.2000000000008322 1 0.15
1301 0.2500000000010403 1 0.2
1302 0.2500000000010403 1 0.15
1303 0.2000000000008322 1 0.25
1304 0.2500000000010403 1 0.3
1305 0.2500000000010403 1 0.25
1306 0.2000000000008322 1 0.35
1307 0.2500000000010403 1 0.4
1308 0.2500000000010403 1 0.35
1309 0.2000000000008322 1 0.45
1310 0.2500000000010403 1 0.45
1311 0.100000000000416 1 0.05
1312 0.1500000000006241 1 0.1
1313 0.1500000000006241 1 0.05
1314 0.100000000000416 1 0.15
1315 0.1500000000006241 1 0.2
1316 0.1500000000006241 1 0.15
1317 0.100000000000416 1 0.25
1318 0.1500000000006241 1 0.3
1319 0.1500000000006241 1 0.25
1320 0.100000000000416 1 0.35
1321 0.1500000000006241 1 0.4
1322 0.1500000000006241 1 0.35
1323 0.100000000000416 1 0.45
1324 0.1500000000006241 1 0.45
1325 0.05000000000020799 1 0.1
1326 0.05000000000020788 1 0.05000000000000947
1327 0.05000000000020799 1 0.2
1328 0.05000000000020788 1 0.15
1329 0.05000000000020799 1 0.3
1330 0.05000000000020788 1 0.2499999999999306
1331 0.05000000000020799 1 0.4
1332 0.05000000000020788 1 0.35
1333 0.05000000000020788 1 0.45
1334 0.5019001394555083 0.4925441936574553 0.5
1335 0.7036642332374219 0.7186272650426593 0.5
1336 0.292857142857163 0.7071428571428829 0.5
1337 0.2928571428571166 0.2928571428571638 0.5
1338 0.7186394394797746 0.2980304990030364 0.5
1339 0.4931499629732299 0.7759084652632229 0.5
1340 0.7758579074799085 0.506933603162226 0.5
1341 0.2240915347367898 0.4931499629732515 0.5
1342 0.5068500370267679 0.2240915347368271 0.5
1343 0.8294973544973502 0.8294973544973502 0.5
1344 0.1705026455026733 0.8294973544974497 0.5
1345 0.1705026455025349 0.1705026455027228 0.5
1346 0.8294973544974356 0.1705026455026096 0.5
1347 0.640710112639307 0.8488660690838725 0.5
1348 0.8488660690838672 0.6407101126392918 0.5
1349 0.1511339309161314 0.6407101126393338 0.5
1350 0.3592052746310335 0.8481751902264484 0.5
1351 0.1518248097735569 0.3592052746310573 0.5
1352 0.8488660690843599 0.3592898873605431 0.5
1353 0.3592898873606682 0.1511339309160825 0.5
1354 0.639256421891587 0.1515500214094944 0.5
1355 0.5669860627177596 0.6401567944250902 0.5
1356 0.3639360530549293 0.5720108710844397 0.5
1357 0.6401567944250877 0.4330139372822219 0.5
1358 0.4330139372822082 0.3598432055749237 0.5
1359 0.6733856581720908 0.5757672426756814 0.5
1360 0.4376151275478976 0.6699666628188875 0.5
1361 0.3383879245597797 0.4383753387593661 0.5
1362 0.5586987495249632 0.3338266352733263 0.5
1363 0.4664603708642531 0.8901567944254055 0.5
1364 0.8901567944254026 0.4664603708642405 0.5
1365 0.1098432055746039 0.4664603708642769 0.5
1366 0.5335396291358042 0.1098432055747235 0.5
1367 0.9023348642130218 0.7390736031439662 0.5
1368 0.7402985969819242 0.9006094296442395 0.5
1369 0.09766513578698921 0.7390736031440752 0.5
1370 0.2609263968558755 0.09766513578698983 0.5
1371 0.2596952359097945 0.900559074042832 0.5
1372 0.09944092595716839 0.2596952359098248 0.5
1373 0.7389252673531325 0.09770759400033686 0.5
1374 0.9006094296447171 0.2597014030183271 0.5
1375 0.6041206249238408 0.7452829717179825 0.5
1376 0.2547170282820282 0.6041206249238678 0.5
1377 0.395879375076127 0.2547170282819911 0.5
1378 0.734823112614077 0.4015419134008578 0.5
1379 0.3847048916132104 0.7505210099669057 0.5
1380 0.2494789900331102 0.3847048916132272 0.5
1381 0.6152951083868109 0.2494789900331951 0.5
1382 0.5883921959166912 0.5219445179202735 0.5
1383 0.9031109392010674 0.9031109392010674 0.5
1384 0.09987810650541903 0.9001218934945807 0.5
1385 0.09987810650542896 0.09987810650542966 0.5
1386 0.9001218934945954 0.09987810650540485 0.5
1387 0.5700787557216547 0.9167513246759387 0.5
1388 0.9167513246759365 0.5700787557216469 0.5
1389 0.08324867532406605 0.5700787557216673 0.5
1390 0.429921244278553 0.08324867532407611 0.5
1391 0.7370236452035589 0.7996165664366417 0.5
1392 0.2776166489820179 0.7939482183691445 0.5
1393 0.2060517816308504 0.2776166489820396 0.5
1394 0.7996165664370712 0.2629763547967996 0.5
1395 0.7965522624764618 0.7264367216533741 0.5
1396 0.1987347033782327 0.7277938243383499 0.5
1397 0.7277938243382258 0.1987347033779291 0.5
1398 0.2722061756616153 0.198734703378242 0.5
1399 0.7533940871971364 0.6265665039666305 0.5
1400 0.4882506901911712 0.5880545364276292 0.5
1401 0.4093433359148022 0.4966471814519717 0.5
1402 0.5465264846993921 0.417394579101972 0.5
1403 0.6888043209094913 0.4926486832135747 0.5
1404 0.3535886428483456 0.6551594163499921 0.5
1405 0.3464534195227978 0.3545328654627604 0.5
1406 0.64249931920595 0.3480475726622769 0.5
1407 0.933590451594565 0.649972494301397 0.5
1408 0.6502174930689932 0.93324536468081 0.5
1409 0.06640954840543732 0.6499724943014313 0.5
1410 0.3500275056986676 0.0664095484054297 0.5
1411 0.6423442636757362 0.07182016419691095 0.5
1412 0.3570721762815988 0.9277782117389372 0.5
1413 0.07222178826106584 0.3570721762816144 0.5
1414 0.9279264586308958 0.3570903322492047 0.5
1415 0.9218403490944278 0.8238071187088927 0.5
1416 0.8201017201096942 0.9200285942774789 0.5
1417 0.07997140572249439 0.8201017201097339 0.5
1418 0.1798982798902524 0.07997140572256381 0.5
1419 0.179898279890097 0.9200285942778423 0.5
1420 0.07997140572217544 0.1798982798901216 0.5
1421 0.8201017201098906 0.07997140572223971 0.5
1422 0.9200285942778599 0.1798982798900715 0.5
1423 0.6563260165356131 0.6592539773386683 0.5
1424 0.5150710845777424 0.6964930582504596 0.5
1425 0.3087747987576263 0.5175159508627524 0.5
1426 0.4736105247275166 0.293119600966767 0.5
1427 0.5549039654244571 0.8353931250332846 0.5
1428 0.8370052365724503 0.5621498692708071 0.5
1429 0.1646068749667239 0.5549039654244794 0.5
1430 0.4450960345755841 0.1646068749667401 0.5
1431 0.427656250999793 0.817170833122938 0.5
1432 0.8161308910964841 0.4272448866020216 0.5
1433 0.1828291668770721 0.4276562509998144 0.5
1434 0.5720690519506927 0.18278009752642 0.5
1435 0.450174333726052 0.438555497318906 0.5
1436 0.6680912416389161 0.7805026814642629 0.5
1437 0.7813488467921383 0.3330659980720227 0.5
1438 0.9515554696005337 0.9515554696005337 0.5
1439 0.9515554696005337 0.9015554696003255 0.5
1440 0.9015554696003255 0.9515554696005337 0.5
1441 0.09993905325262181 0.04993905325271483 0.5
1442 0.04993905325271448 0.04993905325271483 0.5
1443 0.04993905325270952 0.9000609467470821 0.5
1444 0.04993905325270952 0.9500609467472904 0.5
1445 0.04993905325271448 0.09993905325292282 0.5
1446 0.09993905325291751 0.9500609467472904 0.5
1447 0.9500609467472977 0.04993905325270243 0.5
1448 0.9000609467471661 0.04993905325270243 0.5
1449 0.9500609467472977 0.09993905325291041 0.5
1450 0.4007755903014134 0.6209887669516636 0.5
1451 0.4260933716230503 0.5800327037560344 0.5
1452 0.4629329088695344 0.6290105996232583 0.5
1453 0.3866396944848657 0.5343290262682057 0.5
1454 0.4487970130529867 0.5423508589398005 0.5
1455 0.4958563434035858 0.346834920424125 0.5
1456 0.5526126171121777 0.3756106071876492 0.5
1457 0.4897702109908002 0.3886188923384478 0.5
1458 0.7246217828259996 0.5413504229189536 0.5
1459 0.7646259973385224 0.5667500535644283 0.5
1460 0.7133898726846136 0.6011668733211559 0.5
1461 0.4983504092127221 0.427975038210439 0.5
1462 0.4415941355041301 0.3991993514469149 0.5
1463 0.2029254795990798 0.6224153687816008 0.5
1464 0.2267258658301304 0.6659572246311088 0.5
1465 0.174934317147182 0.6842519684888418 0.5
1466 0.3775846312183976 0.2029254795990368 0.5
1467 0.3340427753688712 0.2267258658301166 0.5
1468 0.3157480315111418 0.1749343171471623 0.5
1469 0.2737870855695956 0.6556317410333754 0.5
1470 0.2457959231176978 0.7174683407406164 0.5
1471 0.3443682589666218 0.2737870855695774 0.5
1472 0.282531659259366 0.2457959231177029 0.5
1473 0.6201858604449253 0.6079620185503858 0.5
1474 0.5776891293172255 0.5810506561726818 0.5
1475 0.630888927044391 0.5488558802979775 0.5
1476 0.4653825452605637 0.7229375640410551 0.5
1477 0.4389274272932202 0.7632147376150643 0.5
1478 0.411160009580554 0.7102438363928967 0.5
1479 0.2812397296482848 0.4657626508663089 0.5
1480 0.23678526238495 0.4389274272932394 0.5
1481 0.2939334572964449 0.4115401151862966 0.5
1482 0.5327743932758655 0.2789590850050767 0.5
1483 0.5610725727067893 0.2367852623850111 0.5
1484 0.5869969289558871 0.2916528126532607 0.5
1485 0.3719550831221219 0.7993481000966771 0.5
1486 0.3184109618065257 0.8210617042977965 0.5
1487 0.3311607702976141 0.7722346141680252 0.5
1488 0.2006518999033335 0.3719550831221423 0.5
1489 0.1789382957022036 0.3184109618065485 0.5
1490 0.2277653858319803 0.3311607702976334 0.5
1491 0.385700930920994 0.3991092721671449 0.5
1492 0.3942811291429159 0.4384654180391361 0.5
1493 0.4332301854329587 0.9450783972127028 0.5
1494 0.4832301854331559 0.9450783972127028 0.5
1495 0.05492160278730195 0.4332301854329706 0.5
1496 0.05492160278730195 0.4832301854331678 0.5
1497 0.9450783972127013 0.4832301854331496 0.5
1498 0.9450783972127013 0.4332301854329524 0.5
1499 0.5667698145673755 0.05492160278736177 0.5
1500 0.5167698145672492 0.05492160278736177 0.5
1501 0.6211721318373415 0.03591008209845548 0.5
1502 0.5879419464057702 0.09083168488581725 0.5
1503 0.3785360881416316 0.9638891058694685 0.5
1504 0.4117662735729259 0.9089675030821713 0.5
1505 0.03611089413053292 0.3785360881416394 0.5
1506 0.09103249691783488 0.4117662735729457 0.5
1507 0.9090416265281492 0.4117753515567226 0.5
1508 0.9639632293154479 0.3785451661254345 0.5
1509 0.8064315720261794 0.5345417362165166 0.5
1510 0.7951996618847934 0.5943581866187189 0.5
1511 0.664855837353852 0.6175106100071748 0.5
1512 0.6116560396266864 0.6497053858818793 0.5
1513 0.47634310606282 0.6832298605346736 0.5
1514 0.5041105237754862 0.7362007617568412 0.5
1515 0.323581361658703 0.4779456448110593 0.5
1516 0.2664331667472081 0.505332956918002 0.5
1517 0.4533122310048624 0.3264814032708453 0.5
1518 0.51615463712624 0.3134731181200466 0.5
1519 0.4902302808771423 0.2586055678517971 0.5
1520 0.3387810172351867 0.7288319335548943 0.5
1521 0.2852368959195904 0.7505455377560137 0.5
1522 0.2711680664451134 0.3387810172351955 0.5
1523 0.2494544622439835 0.2852368959196017 0.5
1524 0.5276183764544654 0.6141056654263597 0.5
1525 0.5383214430539313 0.5549995271739514 0.5
1526 0.6810949895407911 0.534207962944628 0.5
1527 0.7323311141946999 0.4997911431879004 0.5
1528 0.3956018851981216 0.6625630395844397 0.5
1529 0.3587623479516374 0.613585143717216 0.5
1530 0.3424206720412888 0.3964541021110632 0.5
1531 0.3897336784025031 0.357188035518842 0.5
1532 0.3738656302372909 0.4675112601056689 0.5
1533 0.4297588348204271 0.4676013393854389 0.5
1534 0.4950754148233397 0.5402993650425423 0.5
1535 0.4556217376851552 0.4945956875547135 0.5
1536 0.5863980255136956 0.130696613492109 0.5
1537 0.6408003427836616 0.1116850928032027 0.5
1538 0.4128328227476433 0.869165992325927 0.5
1539 0.3581387254563161 0.8879767009826928 0.5
1540 0.1308340076740804 0.4128328227476671 0.5
1541 0.1120232990173114 0.3581387254563358 0.5
1542 0.8695114317548813 0.4128751291123918 0.5
1543 0.8883962638576279 0.3581901098048739 0.5
1544 0.9511674321065109 0.769536801571983 0.5
1545 0.9511674321065109 0.7195368015723298 0.5
1546 0.7201492984913088 0.9503047148221198 0.5
1547 0.770149298490962 0.9503047148221198 0.5
1548 0.04883256789349461 0.7195368015723843 0.5
1549 0.04883256789349461 0.7695368015720375 0.5
1550 0.2804631984275709 0.04883256789349492 0.5
1551 0.2304631984277167 0.04883256789349492 0.5
1552 0.7694626336763029 0.04885379700016843 0.5
1553 0.7194626336761712 0.04885379700016843 0.5
1554 0.2298476179553133 0.950279537021416 0.5
1555 0.2798476179555214 0.950279537021416 0.5
1556 0.04972046297858419 0.2298476179553285 0.5
1557 0.04972046297858419 0.2798476179555365 0.5
1558 0.9503047148223586 0.2798507015097877 0.5
1559 0.9503047148223586 0.2298507015095796 0.5
1560 0.6272757651391989 0.2005145057213447 0.5
1561 0.6835251231149064 0.1751423623937118 0.5
1562 0.6715444663625183 0.2241068467055621 0.5
1563 0.5451461676860998 0.5072443557888644 0.5
1564 0.6669672739332928 0.2737547445181158 0.5
1565 0.7232166319090002 0.2483826011904827 0.5
1566 0.5182695632929539 0.9034540595506722 0.5
1567 0.5350393778618567 0.9583756623379693 0.5
1568 0.9583756623379682 0.5350393778618527 0.5
1569 0.9034540595506695 0.5182695632929437 0.5
1570 0.09654594044933498 0.5182695632929721 0.5
1571 0.04162433766203302 0.535039377861863 0.5
1572 0.4817304367071786 0.09654594044939982 0.5
1573 0.4649606221386237 0.04162433766203805 0.5
1574 0.6905043548106156 0.874737749364056 0.5
1575 0.6888668789214329 0.8242413177602571 0.5
1576 0.7386611210927416 0.8501129980404406 0.5
1577 0.309450255270414 0.8743671321346402 0.5
1578 0.2686559424459062 0.8472536462059883 0.5
1579 0.1256328678653627 0.3094502552704411 0.5
1580 0.1527463537940094 0.2686559424459322 0.5
1581 0.8747377493645385 0.3094956451894351 0.5
1582 0.8242413177607155 0.3111331210786714 0.5
1583 0.8501129980408941 0.2613388789075634 0.5
1584 0.4798051669187415 0.8330326298443143 0.5
1585 0.5240269641988435 0.8056507951482537 0.5
1586 0.5106821681443551 0.862774959729345 0.5
1587 0.8330073509526555 0.4866969870132333 0.5
1588 0.8635810154989265 0.5143051200675238 0.5
1589 0.1669673701556969 0.4798051669187642 0.5
1590 0.1943492048517569 0.5240269641988655 0.5
1591 0.1372250402706639 0.5106821681443782 0.5
1592 0.520194833081286 0.1669673701557753 0.5
1593 0.475973035801176 0.1943492048517836 0.5
1594 0.4893178318556942 0.1372250402707318 0.5
1595 0.6874899535195823 0.4172779253415398 0.5
1596 0.7118137167617842 0.4470952983072162 0.5
1597 0.6644805576672894 0.4628313102478983 0.5
1598 0.6413280568155189 0.3905307549722494 0.5
1599 0.6886612159100135 0.3747947430315673 0.5
1600 0.3093265406684788 0.5880657480041538 0.5
1601 0.3041528355651869 0.6296400206369299 0.5
1602 0.4144466561791676 0.3072801169284574 0.5
1603 0.3711663972994624 0.3046249468723757 0.5
1604 0.8659161093551859 0.7842854788206581 0.5
1605 0.8130248084869061 0.7779670380753622 0.5
1606 0.8494435633447418 0.7327551623986701 0.5
1607 0.1340838906448313 0.7842854788207625 0.5
1608 0.1481999195826109 0.7334337137412126 0.5
1609 0.184618674440453 0.7786455894178999 0.5
1610 0.2157145211792052 0.1340838906448563 0.5
1611 0.2665662862587455 0.1481999195826159 0.5
1612 0.2213544105820751 0.1846186744404824 0.5
1613 0.784211310925284 0.1341051197514732 0.5
1614 0.7786455894178307 0.1846186744402694 0.5
1615 0.7333595458456792 0.148221148689133 0.5
1616 0.7553405100469928 0.4542377582815419 0.5
1617 0.3232228928527543 0.6811511367464376 0.5
1618 0.7267312760469258 0.3497862062019471 0.5
1619 0.6805693793428623 0.3230390358326566 0.5
1620 0.3196552811899572 0.3236950041599621 0.5
1621 0.59334163956224 0.425204258192097 0.5
1622 0.5945129019526711 0.3827210758821245 0.5
1623 0.6005990343654566 0.3409371039678016 0.5
1624 0.5850393778615208 0.9583756623379693 0.5
1625 0.9583756623379682 0.5850393778615168 0.5
1626 0.04162433766203302 0.585039377861527 0.5
1627 0.4149606221387639 0.04162433766203805 0.5
1628 0.4604031069865114 0.7965396491930805 0.5
1629 0.4061805713065017 0.7838459215449218 0.5
1630 0.203460350806931 0.460403106986533 0.5
1631 0.2161540784550912 0.4061805713065208 0.5
1632 0.5394595444887302 0.2034358161316235 0.5
1633 0.5936820801687518 0.2161295437798076 0.5
1634 0.9609201745472139 0.8119035593544462 0.5
1635 0.9120876066537248 0.7814403609264294 0.5
1636 0.7802001585458092 0.9103190119608592 0.5
1637 0.8100508600548471 0.9600142971387394 0.5
1638 0.0888182707547418 0.7795876616269046 0.5
1639 0.0399857028612472 0.8100508600548668 0.5
1640 0.220412338373064 0.08881827075477683 0.5
1641 0.1899491399449051 0.0399857028612819 0.5
1642 0.810050860054682 0.03998570286111985 0.5
1643 0.7795134937315116 0.08883949986128828 0.5
1644 0.1899491399454646 0.9600142971389212 0.5
1645 0.2197967578999458 0.9102938341603372 0.5
1646 0.03998570286108772 0.1899491399454769 0.5
1647 0.08970616583967192 0.2197967578999732 0.5
1648 0.9103190119612885 0.2197998414541993 0.5
1649 0.9600142971389299 0.1899491399454519 0.5
1650 0.8756004666484445 0.689891857891629 0.5
1651 0.8227091657801645 0.683573417146333 0.5
1652 0.1243995333515603 0.6898918578917045 0.5
1653 0.3101081421082719 0.1243995333515362 0.5
1654 0.6890908446223598 0.1246288077049156 0.5
1655 0.7848979757396373 0.8650533920707948 0.5
1656 0.7832604998504545 0.814556960466996 0.5
1657 0.2150989407062339 0.8650282142701409 0.5
1658 0.2240596472423456 0.8117227864332971 0.5
1659 0.1349717857298516 0.2150989407062738 0.5
1660 0.1882772135666926 0.2240596472423813 0.5
1661 0.8650533920710763 0.2151020242604683 0.5
1662 0.8145569604672533 0.2167395001497046 0.5
1663 0.5242133120774501 0.4549693863797136 0.5
1664 0.5674593403080417 0.4696695485111227 0.5
1665 0.6142744951708894 0.4774792276012477 0.5
1666 0.9609201745472139 0.8619035593542381 0.5
1667 0.8600508600546388 0.9600142971387394 0.5
1668 0.1399491399450336 0.0399857028612819 0.5
1669 0.0399857028612472 0.8600508600546588 0.5
1670 0.8600508600548137 0.03998570286111985 0.5
1671 0.1399491399452565 0.9600142971389212 0.5
1672 0.03998570286108772 0.1399491399452688 0.5
1673 0.9600142971389299 0.1399491399452438 0.5
1674 0.5624913605730559 0.8760722248546116 0.5
1675 0.8768782806241934 0.566114312496227 0.5
1676 0.123927775145395 0.5624913605730734 0.5
1677 0.4375086394270686 0.1239277751454081 0.5
1678 0.9124756441477476 0.8634590289549801 0.5
1679 0.8616063296553809 0.9115697667392731 0.5
1680 0.1398881931978407 0.08992475611399674 0.5
1681 0.08992475611395671 0.8601118068021574 0.5
1682 0.139888193197758 0.9100752438862115 0.5
1683 0.860111806802243 0.08992475611382228 0.5
1684 0.0899247561138022 0.1398881931977756 0.5
1685 0.9100752438862276 0.1398881931977382 0.5
1686 0.7667879538400104 0.763026644045008 0.5
1687 0.2381756761801253 0.7608710213537473 0.5
1688 0.2391289786462328 0.2381756761801408 0.5
1689 0.7637051953876486 0.2308555290873644 0.5
1690 0.5855533438208003 0.6927198830715364 0.5
1691 0.630223320729727 0.7022684745283254 0.5
1692 0.5595958547507915 0.7208880149842211 0.5
1693 0.541028573647751 0.6683249263377748 0.5
1694 0.2817459135198273 0.5608182878933101 0.5
1695 0.3363554259062778 0.544763410973596 0.5
1696 0.4347449499018218 0.2739183146243791 0.5
1697 0.447058310932023 0.8536638137741718 0.5
1698 0.7959943992881963 0.4670892448821238 0.5
1699 0.8531438427609433 0.446852628733131 0.5
1700 0.146336186225838 0.4470583109320457 0.5
1701 0.3934307628154132 0.8326730116746932 0.5
1702 0.1673269883253145 0.3934307628154359 0.5
1703 0.832498480090422 0.3932673869812824 0.5
1704 0.5528043405432485 0.1463116515505718 0.5
1705 0.6056627369211398 0.1671650594679572 0.5
1706 0.6751087465348433 0.9666226823404049 0.5
1707 0.6952580450254587 0.9169273971625247 0.5
1708 0.9179626579037934 0.6945230487226817 0.5
1709 0.9667952257972825 0.6749862471510453 0.5
1710 0.6454638028541502 0.8910557168823412 0.5
1711 0.8912282603392161 0.6453413034703444 0.5
1712 0.03320477420271866 0.6749862471510624 0.5
1713 0.08203734209621327 0.6945230487227533 0.5
1714 0.3083837060956967 0.9141686428908846 0.5
1715 0.1087717396607844 0.6453413034703825 0.5
1716 0.08583135710911712 0.3083837060957196 0.5
1717 0.9142679441378065 0.3083958676337659 0.5
1718 0.3285360881414235 0.9638891058694685 0.5
1719 0.6906347655144343 0.0847638790986239 0.5
1720 0.03611089413053292 0.3285360881414313 0.5
1721 0.9639632293154479 0.3285451661252265 0.5
1722 0.671172131837473 0.03591008209845548 0.5
1723 0.3250137528489671 0.03320477420271485 0.5
1724 0.3054769512772716 0.08203734209620978 0.5
1725 0.354658696529668 0.1087717396607561 0.5
1726 0.7285291602172792 0.6725968845046448 0.5
1727 0.6799951248865175 0.6889406211906638 0.5
1728 0.7048600518663748 0.6429102406526495 0.5
1729 0.7749731748367992 0.6765016128100023 0.5
1730 0.8011300781405017 0.6336383083029611 0.5
1731 0.6538924290806314 0.7319551183803209 0.5
1732 0.5486352939485353 0.7605957184906027 0.5
1733 0.239404281509409 0.5486352939485597 0.5
1734 0.4513647060514474 0.2394042815094091 0.5
1735 0.5016608873844568 0.6422737973390444 0.5
1736 0.3590590673362142 0.507081566157362 0.5
1737 0.7501082478569419 0.7225319933480168 0.5
1738 0.875668851795889 0.8266522366031215 0.5
1739 0.8247995373035222 0.8747629743874146 0.5
1740 0.1252370256125838 0.8247995373035918 0.5
1741 0.1752004626963852 0.8747629743876459 0.5
1742 0.1752004626963937 0.1252370256126433 0.5
1743 0.1252370256123552 0.1752004626964222 0.5
1744 0.8247995373036631 0.1252370256124246 0.5
1745 0.8747629743876477 0.1752004626963405 0.5
1746 0.6224153687815739 0.7970745204009275 0.5
1747 0.597807039031882 0.8421295970585785 0.5
1748 0.5795122951741489 0.7903380483756335 0.5
1749 0.1578704029414276 0.5978070390319066 0.5
1750 0.2096619516243761 0.5795122951741736 0.5
1751 0.4021929609681262 0.1578704029414113 0.5
1752 0.4204877048258555 0.2096619516243656 0.5
1753 0.369146767230778 0.7028402131584489 0.5
1754 0.297966204777954 0.3696188785379938 0.5
1755 0.6288972137963804 0.298763281347736 0.5
1756 0.7203439392204904 0.7591219157396505 0.5
1757 0.7591280029584229 0.280503426899918 0.5
1758 0.6385982584130913 0.5072966005669242 0.5
1759 0.6361059332813784 0.7628928265911228 0.5
1760 0.6544006771391115 0.8146843752740678 0.5
1761 0.7754770018552806 0.4143934000014396 0.5
1762 0.685877737438169 0.7495649732534611 0.5
1763 0.7499941431359565 0.3155482485375295 0.5
1764 0.7580859797031076 0.3673039557364403 0.5
1765 0.7025574434212375 0.7900596239504523 0.5
1766 0.8151074579382491 0.3461779427162829 0.5
1767 0.7904827066146047 0.2980211764344112 0.5
1768 0.7987398689443113 0.3801554423370221 0.5
1769 0.8663041468492088 0.8663041468492088 0.5
1770 0.1351903760040462 0.8648096239960152 0.5
1771 0.1351903760039819 0.1351903760040762 0.5
1772 0.8648096239960155 0.1351903760040072 0.5
1773 0.610148124395324 0.9249983446783743 0.5
1774 0.6251087465351901 0.9666226823404049 0.5
1775 0.9667952257972825 0.6249862471513919 0.5
1776 0.9251708881352507 0.6100256250115219 0.5
1777 0.6053944341804809 0.8828086968799056 0.5
1778 0.8828086968799018 0.6053944341804693 0.5
1779 0.07482911186475169 0.6100256250115493 0.5
1780 0.03320477420271866 0.6249862471514092 0.5
1781 0.1171913031200987 0.6053944341805005 0.5
1782 0.3899743749886103 0.07482911186475291 0.5
1783 0.3750137528488213 0.03320477420271485 0.5
1784 0.3946055658196106 0.1171913031200793 0.5
1785 0.8429356528281587 0.6014299909550495 0.5
1786 0.4760372365907801 0.4655498454881807 0.5
1787 0.5019001394555083 0.4925441936574553 0.1
1788 0.5019001394555083 0.4925441936574553 0.2
1789 0.5019001394555083 0.4925441936574553 0.3
1790 0.5019001394555083 0.4925441936574553 0.4
1791 0.7036642332374219 0.7186272650426593 0.1
1792 0.7036642332374219 0.7186272650426593 0.2
1793 0.7036642332374219 0.7186272650426593 0.3
1794 0.7036642332374219 0.7186272650426593 0.4
1795 0.292857142857163 0.7071428571428829 0.1
1796 0.292857142857163 0.7071428571428829 0.2
1797 0.292857142857163 0.7071428571428829 0.3
1798 0.292857142857163 0.7071428571428829 0.4
1799 0.2928571428571166 0.2928571428571638 0.1
1800 0.2928571428571166 0.2928571428571638 0.2
1801 0.2928571428571166 0.2928571428571638 0.3
1802 0.2928571428571166 0.2928571428571638 0.4
1803 0.7186394394797746 0.2980304990030364 0.1
1804 0.7186394394797746 0.2980304990030364 0.2
1805 0.7186394394797746 0.2980304990030364 0.3
1806 0.7186394394797746 0.2980304990030364 0.4
1807 0.4931499629732299 0.7759084652632229 0.1
1808 0.4931499629732299 0.7759084652632229 0.2
1809 0.4931499629732299 0.7759084652632229 0.3
1810 0.4931499629732299 0.7759084652632229 0.4
1811 0.7758579074799085 0.506933603162226 0.1
1812 0.7758579074799085 0.506933603162226 0.2
1813 0.7758579074799085 0.506933603162226 0.3
1814 0.7758579074799085 0.506933603162226 0.4
1815 0.2240915347367898 0.4931499629732515 0.1
1816 0.2240915347367898 0.4931499629732515 0.2
1817 0.2240915347367898 0.4931499629732515 0.3
1818 0.2240915347367898 0.4931499629732515 0.4
1819 0.5068500370267679 0.2240915347368271 0.1
1820 0.5068500370267679 0.2240915347368271 0.2
1821 0.5068500370267679 0.2240915347368271 0.3
1822 0.5068500370267679 0.2240915347368271 0.4
1823 0.8294973544973502 0.8294973544973502 0.1
1824 0.8294973544973502 0.8294973544973502 0.2
1825 0.8294973544973502 0.8294973544973502 0.3
1826 0.8294973544973502 0.8294973544973502 0.4
1827 0.1705026455026733 0.8294973544974497 0.1
1828 0.1705026455026733 0.8294973544974497 0.2
1829 0.1705026455026733 0.8294973544974497 0.3
1830 0.1705026455026733 0.8294973544974497 0.4
1831 0.1705026455025349 0.1705026455027228 0.1
1832 0.1705026455025349 0.1705026455027228 0.2
1833 0.1705026455025349 0.1705026455027228 0.3
1834 0.1705026455025349 0.1705026455027228 0.4
1835 0.8294973544974356 0.1705026455026096 0.1
1836 0.8294973544974356 0.1705026455026096 0.2
1837 0.8294973544974356 0.1705026455026096 0.3
1838 0.8294973544974356 0.1705026455026096 0.4
1839 0.640710112639307 0.8488660690838725 0.1
1840 0.640710112639307 0.8488660690838725 0.2
1841 0.640710112639307 0.8488660690838725 0.3
1842 0.640710112639307 0.8488660690838725 0.4
1843 0.8488660690838672 0.6407101126392918 0.1
1844 0.8488660690838672 0.6407101126392918 0.2
1845 0.8488660690838672 0.6407101126392918 0.3
1846 0.8488660690838672 0.6407101126392918 0.4
1847 0.1511339309161314 0.6407101126393338 0.1
1848 0.1511339309161314 0.6407101126393338 0.2
1849 0.1511339309161314 0.6407101126393338 0.3
1850 0.1511339309161314 0.6407101126393338 0.4
1851 0.3592052746310335 0.8481751902264484 0.1
1852 0.3592052746310335 0.8481751902264484 0.2
1853 0.3592052746310335 0.8481751902264484 0.3
1854 0.3592052746310335 0.8481751902264484 0.4
1855 0.1518248097735569 0.3592052746310573 0.1
1856 0.1518248097735569 0.3592052746310573 0.2
1857 0.1518248097735569 0.3592052746310573 0.3
1858 0.1518248097735569 0.3592052746310573 0.4
1859 0.8488660690843599 0.3592898873605431 0.1
1860 0.8488660690843599 0.3592898873605431 0.2
1861 0.8488660690843599 0.3592898873605431 0.3
1862 0.8488660690843599 0.3592898873605431 0.4
1863 0.3592898873606682 0.1511339309160825 0.1
1864 0.3592898873606682 0.1511339309160825 0.2
1865 0.3592898873606682 0.1511339309160825 0.3
1866 0.3592898873606682 0.1511339309160825 0.4
1867 0.639256421891587 0.1515500214094944 0.1
1868 0.639256421891587 0.1515500214094944 0.2
1869 0.639256421891587 0.1515500214094944 0.3
1870 0.639256421891587 0.1515500214094944 0.4
1871 0.5669860627177596 0.6401567944250902 0.1
1872 0.5669860627177596 0.6401567944250902 0.2
1873 0.5669860627177596 0.6401567944250902 0.3
1874 0.5669860627177596 0.6401567944250902 0.4
1875 0.3639360530549293 0.5720108710844397 0.1
1876 0.3639360530549293 0.5720108710844397 0.2
1877 0.3639360530549293 0.5720108710844397 0.3
1878 0.3639360530549293 0.5720108710844397 0.4
1879 0.6401567944250877 0.4330139372822219 0.1
1880 0.6401567944250877 0.4330139372822219 0.2
1881 0.6401567944250877 0.4330139372822219 0.3
1882 0.6401567944250877 0.4330139372822219 0.4
1883 0.4330139372822082 0.3598432055749237 0.1
1884 0.4330139372822082 0.3598432055749237 0.2
1885 0.4330139372822082 0.3598432055749237 0.3
1886 0.4330139372822082 0.3598432055749237 0.4
1887 0.6733856581720908 0.5757672426756814 0.1
1888 0.6733856581720908 0.5757672426756814 0.2
1889 0.6733856581720908 0.5757672426756814 0.3
1890 0.6733856581720908 0.5757672426756814 0.4
1891 0.4376151275478976 0.6699666628188875 0.1
1892 0.4376151275478976 0.6699666628188875 0.2
1893 0.4376151275478976 0.6699666628188875 0.3
1894 0.4376151275478976 0.6699666628188875 0.4
1895 0.3383879245597797 0.4383753387593661 0.1
1896 0.3383879245597797 0.4383753387593661 0.2
1897 0.3383879245597797 0.4383753387593661 0.3
1898 0.3383879245597797 0.4383753387593661 0.4
1899 0.5586987495249632 0.3338266352733263 0.1
1900 0.5586987495249632 0.3338266352733263 0.2
1901 0.5586987495249632 0.3338266352733263 0.3
1902 0.5586987495249632 0.3338266352733263 0.4
1903 0.4664603708642531 0.8901567944254055 0.1
1904 0.4664603708642531 0.8901567944254055 0.2
1905 0.4664603708642531 0.8901567944254055 0.3
1906 0.4664603708642531 0.8901567944254055 0.4
1907 0.8901567944254026 0.4664603708642405 0.1
1908 0.8901567944254026 0.4664603708642405 0.2
1909 0.8901567944254026 0.4664603708642405 0.3
1910 0.8901567944254026 0.4664603708642405 0.4
1911 0.1098432055746039 0.4664603708642769 0.1
1912 0.1098432055746039 0.4664603708642769 0.2
1913 0.1098432055746039 0.4664603708642769 0.3
1914 0.1098432055746039 0.4664603708642769 0.4
1915 0.5335396291358042 0.1098432055747235 0.1
1916 0.5335396291358042 0.1098432055747235 0.2
1917 0.5335396291358042 0.1098432055747235 0.3
1918 0.5335396291358042 0.1098432055747235 0.4
1919 0.9023348642130218 0.7390736031439662 0.1
1920 0.9023348642130218 0.7390736031439662 0.2
1921 0.9023348642130218 0.7390736031439662 0.3
1922 0.9023348642130218 0.7390736031439662 0.4
1923 0.7402985969819242 0.9006094296442395 0.1
1924 0.7402985969819242 0.9006094296442395 0.2
1925 0.7402985969819242 0.9006094296442395 0.3
1926 0.7402985969819242 0.9006094296442395 0.4
1927 0.09766513578698921 0.7390736031440752 0.1
1928 0.09766513578698921 0.7390736031440752 0.2
1929 0.09766513578698921 0.7390736031440752 0.3
1930 0.09766513578698921 0.7390736031440752 0.4
1931 0.2609263968558755 0.09766513578698983 0.1
1932 0.2609263968558755 0.09766513578698983 0.2
1933 0.2609263968558755 0.09766513578698983 0.3
1934 0.2609263968558755 0.09766513578698983 0.4
1935 0.2596952359097945 0.900559074042832 0.1
1936 0.2596952359097945 0.900559074042832 0.2
1937 0.2596952359097945 0.900559074042832 0.3
1938 0.2596952359097945 0.900559074042832 0.4
1939 0.09944092595716839 0.2596952359098248 0.1
1940 0.09944092595716839 0.2596952359098248 0.2
1941 0.09944092595716839 0.2596952359098248 0.3
1942 0.09944092595716839 0.2596952359098248 0.4
1943 0.7389252673531325 0.09770759400033686 0.1
1944 0.7389252673531325 0.09770759400033686 0.2
1945 0.7389252673531325 0.09770759400033686 0.3
1946 0.7389252673531325 0.09770759400033686 0.4
1947 0.9006094296447171 0.2597014030183271 0.1
1948 0.9006094296447171 0.2597014030183271 0.2
1949 0.9006094296447171 0.2597014030183271 0.3
1950 0.9006094296447171 0.2597014030183271 0.4
1951 0.6041206249238408 0.7452829717179825 0.1
1952 0.6041206249238408 0.7452829717179825 0.2
1953 0.6041206249238408 0.7452829717179825 0.3
1954 0.6041206249238408 0.7452829717179825 0.4
1955 0.2547170282820282 0.6041206249238678 0.1
1956 0.2547170282820282 0.6041206249238678 0.2
1957 0.2547170282820282 0.6041206249238678 0.3
1958 0.2547170282820282 0.6041206249238678 0.4
1959 0.395879375076127 0.2547170282819911 0.1
1960 0.395879375076127 0.2547170282819911 0.2
1961 0.395879375076127 0.2547170282819911 0.3
1962 0.395879375076127 0.2547170282819911 0.4
1963 0.734823112614077 0.4015419134008578 0.1
1964 0.734823112614077 0.4015419134008578 0.2
1965 0.734823112614077 0.4015419134008578 0.3
1966 0.734823112614077 0.4015419134008578 0.4
1967 0.3847048916132104 0.7505210099669057 0.1
1968 0.3847048916132104 0.7505210099669057 0.2
1969 0.3847048916132104 0.7505210099669057 0.3
1970 0.3847048916132104 0.7505210099669057 0.4
1971 0.2494789900331102 0.3847048916132272 0.1
1972 0.2494789900331102 0.3847048916132272 0.2
1973 0.2494789900331102 0.3847048916132272 0.3
1974 0.2494789900331102 0.3847048916132272 0.4
1975 0.6152951083868109 0.2494789900331951 0.1
1976 0.6152951083868109 0.2494789900331951 0.2
1977 0.6152951083868109 0.2494789900331951 0.3
1978 0.6152951083868109 0.2494789900331951 0.4
1979 0.5883921959166912 0.5219445179202735 0.1
1980 0.5883921959166912 0.5219445179202735 0.2
1981 0.5883921959166912 0.5219445179202735 0.3
1982 0.5883921959166912 0.5219445179202735 0.4
1983 0.9031109392010674 0.9031109392010674 0.1
1984 0.9031109392010674 0.9031109392010674 0.2
1985 0.9031109392010674 0.9031109392010674 0.3
1986 0.9031109392010674 0.9031109392010674 0.4
1987 0.09987810650541903 0.9001218934945807 0.1
1988 0.09987810650541903 0.9001218934945807 0.2
1989 0.09987810650541903 0.9001218934945807 0.3
1990 0.09987810650541903 0.9001218934945807 0.4
1991 0.09987810650542896 0.09987810650542966 0.1
1992 0.09987810650542896 0.09987810650542966 0.2
1993 0.09987810650542896 0.09987810650542966 0.3
1994 0.09987810650542896 0.09987810650542966 0.4
1995 0.9001218934945954 0.09987810650540485 0.1
1996 0.9001218934945954 0.09987810650540485 0.2
1997 0.9001218934945954 0.09987810650540485 0.3
1998 0.9001218934945954 0.09987810650540485 0.4
1999 0.5700787557216547 0.9167513246759387 0.1
2000 0.5700787557216547 0.9167513246759387 0.2
2001 0.5700787557216547 0.9167513246759387 0.3
2002 0.5700787557216547 0.9167513246759387 0.4
2003 0.9167513246759365 0.5700787557216469 0.1
2004 0.9167513246759365 0.5700787557216469 0.2
2005 0.9167513246759365 0.5700787557216469 0.3
2006 0.9167513246759365 0.5700787557216469 0.4
2007 0.08324867532406605 0.5700787557216673 0.1
2008 0.08324867532406605 0.5700787557216673 0.2
2009 0.08324867532406605 0.5700787557216673 0.3
2010 0.08324867532406605 0.5700787557216673 0.4
2011 0.429921244278553 0.08324867532407611 0.1
2012 0.429921244278553 0.08324867532407611 0.2
2013 0.429921244278553 0.08324867532407611 0.3
2014 0.429921244278553 0.08324867532407611 0.4
2015 0.7370236452035589 0.7996165664366417 0.1
2016 0.7370236452035589 0.7996165664366417 0.2
2017 0.7370236452035589 0.7996165664366417 0.3
2018 0.7370236452035589 0.7996165664366417 0.4
2019 0.2776166489820179 0.7939482183691445 0.1
2020 0.2776166489820179 0.7939482183691445 0.2
2021 0.2776166489820179 0.7939482183691445 0.3
2022 0.2776166489820179 0.7939482183691445 0.4
2023 0.2060517816308504 0.2776166489820396 0.1
2024 0.2060517816308504 0.2776166489820396 0.2
2025 0.2060517816308504 0.2776166489820396 0.3
2026 0.2060517816308504 0.2776166489820396 0.4
2027 0.7996165664370712 0.2629763547967996 0.1
2028 0.7996165664370712 0.2629763547967996 0.2
2029 0.7996165664370712 0.2629763547967996 0.3
2030 0.7996165664370712 0.2629763547967996 0.4
2031 0.7965522624764618 0.7264367216533741 0.1
2032 0.7965522624764618 0.7264367216533741 0.2
2033 0.7965522624764618 0.7264367216533741 0.3
2034 0.7965522624764618 0.7264367216533741 0.4
2035 0.1987347033782327 0.7277938243383499 0.1
2036 0.1987347033782327 0.7277938243383499 0.2
2037 0.1987347033782327 0.7277938243383499 0.3
2038 0.1987347033782327 0.7277938243383499 0.4
2039 0.7277938243382258 0.1987347033779291 0.1
2040 0.7277938243382258 0.1987347033779291 0.2
2041 0.7277938243382258 0.1987347033779291 0.3
2042 0.7277938243382258 0.1987347033779291 0.4
2043 0.2722061756616153 0.198734703378242 0.1
2044 0.2722061756616153 0.198734703378242 0.2
2045 0.2722061756616153 0.198734703378242 0.3
2046 0.2722061756616153 0.198734703378242 0.4
2047 0.7533940871971364 0.6265665039666305 0.1
2048 0.7533940871971364 0.6265665039666305 0.2
2049 0.7533940871971364 0.6265665039666305 0.3
2050 0.7533940871971364 0.6265665039666305 0.4
2051 0.4882506901911712 0.5880545364276292 0.1
2052 0.4882506901911712 0.5880545364276292 0.2
2053 0.4882506901911712 0.5880545364276292 0.3
2054 0.4882506901911712 0.5880545364276292 0.4
2055 0.4093433359148022 0.4966471814519717 0.1
2056 0.4093433359148022 0.4966471814519717 0.2
2057 0.4093433359148022 0.4966471814519717 0.3
2058 0.4093433359148022 0.4966471814519717 0.4
2059 0.5465264846993921 0.417394579101972 0.1
2060 0.5465264846993921 0.417394579101972 0.2
2061 0.5465264846993921 0.417394579101972 0.3
2062 0.5465264846993921 0.417394579101972 0.4
2063 0.6888043209094913 0.4926486832135747 0.1
2064 0.6888043209094913 0.4926486832135747 0.2
2065 0.6888043209094913 0.4926486832135747 0.3
2066 0.6888043209094913 0.4926486832135747 0.4
2067 0.3535886428483456 0.6551594163499921 0.1
2068 0.3535886428483456 0.6551594163499921 0.2
2069 0.3535886428483456 0.6551594163499921 0.3
2070 0.3535886428483456 0.6551594163499921 0.4
2071 0.3464534195227978 0.3545328654627604 0.1
2072 0.3464534195227978 0.3545328654627604 0.2
2073 0.3464534195227978 0.3545328654627604 0.3
2074 0.3464534195227978 0.3545328654627604 0.4
2075 0.64249931920595 0.3480475726622769 0.1
2076 0.64249931920595 0.3480475726622769 0.2
2077 0.64249931920595 0.3480475726622769 0.3
2078 0.64249931920595 0.3480475726622769 0.4
2079 0.933590451594565 0.649972494301397 0.1
2080 0.933590451594565 0.649972494301397 0.2
2081 0.933590451594565 0.649972494301397 0.3
2082 0.933590451594565 0.649972494301397 0.4
2083 0.6502174930689932 0.93324536468081 0.1
2084 0.6502174930689932 0.93324536468081 0.2
2085 0.6502174930689932 0.93324536468081 0.3
2086 0.6502174930689932 0.93324536468081 0.4
2087 0.06640954840543732 0.6499724943014313 0.1
2088 0.06640954840543732 0.6499724943014313 0.2
2089 0.06640954840543732 0.6499724943014313 0.3
2090 0.06640954840543732 0.6499724943014313 0.4
2091 0.3500275056986676 0.0664095484054297 0.1
2092 0.3500275056986676 0.0664095484054297 0.2
2093 0.3500275056986676 0.0664095484054297 0.3
2094 0.3500275056986676 0.0664095484054297 0.4
2095 0.6423442636757362 0.07182016419691095 0.1
2096 0.6423442636757362 0.07182016419691095 0.2
2097 0.6423442636757362 0.07182016419691095 0.3
2098 0.6423442636757362 0.07182016419691095 0.4
2099 0.3570721762815988 0.9277782117389372 0.1
2100 0.3570721762815988 0.9277782117389372 0.2
2101 0.3570721762815988 0.9277782117389372 0.3
2102 0.3570721762815988 0.9277782117389372 0.4
2103 0.07222178826106584 0.3570721762816144 0.1
2104 0.07222178826106584 0.3570721762816144 0.2
2105 0.07222178826106584 0.3570721762816144 0.3
2106 0.07222178826106584 0.3570721762816144 0.4
2107 0.9279264586308958 0.3570903322492047 0.1
2108 0.9279264586308958 0.3570903322492047 0.2
2109 0.9279264586308958 0.3570903322492047 0.3
2110 0.9279264586308958 0.3570903322492047 0.4
2111 0.9218403490944278 0.8238071187088927 0.1
2112 0.9218403490944278 0.8238071187088927 0.2
2113 0.9218403490944278 0.8238071187088927 0.3
2114 0.9218403490944278 0.8238071187088927 0.4
2115 0.8201017201096942 0.9200285942774789 0.1
2116 0.8201017201096942 0.9200285942774789 0.2
2117 0.8201017201096942 0.9200285942774789 0.3
2118 0.8201017201096942 0.9200285942774789 0.4
2119 0.07997140572249439 0.8201017201097339 0.1
2120 0.07997140572249439 0.8201017201097339 0.2
2121 0.07997140572249439 0.8201017201097339 0.3
2122 0.07997140572249439 0.8201017201097339 0.4
2123 0.1798982798902524 0.07997140572256381 0.1
2124 0.1798982798902524 0.07997140572256381 0.2
2125 0.1798982798902524 0.07997140572256381 0.3
2126 0.1798982798902524 0.07997140572256381 0.4
2127 0.179898279890097 0.9200285942778423 0.1
2128 0.179898279890097 0.9200285942778423 0.2
2129 0.179898279890097 0.9200285942778423 0.3
2130 0.179898279890097 0.9200285942778423 0.4
2131 0.07997140572217544 0.1798982798901216 0.1
2132 0.07997140572217544 0.1798982798901216 0.2
2133 0.07997140572217544 0.1798982798901216 0.3
2134 0.07997140572217544 0.1798982798901216 0.4
2135 0.8201017201098906 0.07997140572223971 0.1
2136 0.8201017201098906 0.07997140572223971 0.2
2137 0.8201017201098906 0.07997140572223971 0.3
2138 0.8201017201098906 0.07997140572223971 0.4
2139 0.9200285942778599 0.1798982798900715 0.1
2140 0.9200285942778599 0.1798982798900715 0.2
2141 0.9200285942778599 0.1798982798900715 0.3
2142 0.9200285942778599 0.1798982798900715 0.4
2143 0.6563260165356131 0.6592539773386683 0.1
2144 0.6563260165356131 0.6592539773386683 0.2
2145 0.6563260165356131 0.6592539773386683 0.3
2146 0.6563260165356131 0.6592539773386683 0.4
2147 0.5150710845777424 0.6964930582504596 0.1
2148 0.5150710845777424 0.6964930582504596 0.2
2149 0.5150710845777424 0.6964930582504596 0.3
2150 0.5150710845777424 0.6964930582504596 0.4
2151 0.3087747987576263 0.5175159508627524 0.1
2152 0.3087747987576263 0.5175159508627524 0.2
2153 0.3087747987576263 0.5175159508627524 0.3
2154 0.3087747987576263 0.5175159508627524 0.4
2155 0.4736105247275166 0.293119600966767 0.1
2156 0.4736105247275166 0.293119600966767 0.2
2157 0.4736105247275166 0.293119600966767 0.3
2158 0.4736105247275166 0.293119600966767 0.4
2159 0.5549039654244571 0.8353931250332846 0.1
2160 0.5549039654244571 0.8353931250332846 0.2
2161 0.5549039654244571 0.8353931250332846 0.3
2162 0.5549039654244571 0.8353931250332846 0.4
2163 0.8370052365724503 0.5621498692708071 0.1
2164 0.8370052365724503 0.5621498692708071 0.2
2165 0.8370052365724503 0.5621498692708071 0.3
2166 0.8370052365724503 0.5621498692708071 0.4
2167 0.1646068749667239 0.5549039654244794 0.1
2168 0.1646068749667239 0.5549039654244794 0.2
2169 0.1646068749667239 0.5549039654244794 0.3
2170 0.1646068749667239 0.5549039654244794 0.4
2171 0.4450960345755841 0.1646068749667401 0.1
2172 0.4450960345755841 0.1646068749667401 0.2
2173 0.4450960345755841 0.1646068749667401 0.3
2174 0.4450960345755841 0.1646068749667401 0.4
2175 0.427656250999793 0.817170833122938 0.1
2176 0.427656250999793 0.817170833122938 0.2
2177 0.427656250999793 0.817170833122938 0.3
2178 0.427656250999793 0.817170833122938 0.4
2179 0.8161308910964841 0.4272448866020216 0.1
2180 0.8161308910964841 0.4272448866020216 0.2
2181 0.8161308910964841 0.4272448866020216 0.3
2182 0.8161308910964841 0.4272448866020216 0.4
2183 0.1828291668770721 0.4276562509998144 0.1
2184 0.1828291668770721 0.4276562509998144 0.2
2185 0.1828291668770721 0.4276562509998144 0.3
2186 0.1828291668770721 0.4276562509998144 0.4
2187 0.5720690519506927 0.18278009752642 0.1
2188 0.5720690519506927 0.18278009752642 0.2
2189 0.5720690519506927 0.18278009752642 0.3
2190 0.5720690519506927 0.18278009752642 0.4
2191 0.450174333726052 0.438555497318906 0.1
2192 0.450174333726052 0.438555497318906 0.2
2193 0.450174333726052 0.438555497318906 0.3
2194 0.450174333726052 0.438555497318906 0.4
2195 0.6680912416389161 0.7805026814642629 0.1
2196 0.6680912416389161 0.7805026814642629 0.2
2197 0.6680912416389161 0.7805026814642629 0.3
2198 0.6680912416389161 0.7805026814642629 0.4
2199 0.7813488467921383 0.3330659980720227 0.1
2200 0.7813488467921383 0.3330659980720227 0.2
2201 0.7813488467921383 0.3330659980720227 0.3
2202 0.7813488467921383 0.3330659980720227 0.4
2203 0.9031109392010674 0.9031109392010674 0.05
2204 0.9515554696005337 0.9015554696003255 0.1
2205 0.9515554696005337 0.9515554696005337 0.1
2206 0.9515554696005337 0.9015554696003255 0.05
2207 0.9515554696005337 0.9515554696005337 0.05000000000000947
2208 0.9031109392010674 0.9031109392010674 0.15
2209 0.9515554696005337 0.9015554696003255 0.2
2210 0.9515554696005337 0.9515554696005337 0.2
2211 0.9515554696005337 0.9015554696003255 0.15
2212 0.9515554696005337 0.9515554696005337 0.15
2213 0.9031109392010674 0.9031109392010674 0.25
2214 0.9515554696005337 0.9015554696003255 0.3
2215 0.9515554696005337 0.9515554696005337 0.3
2216 0.9515554696005337 0.9015554696003255 0.25
2217 0.9515554696005337 0.9515554696005337 0.2499999999999306
2218 0.9031109392010674 0.9031109392010674 0.35
2219 0.9515554696005337 0.9015554696003255 0.4
2220 0.9515554696005337 0.9515554696005337 0.4
2221 0.9515554696005337 0.9015554696003255 0.35
2222 0.9515554696005337 0.9515554696005337 0.35
2223 0.9031109392010674 0.9031109392010674 0.45
2224 0.9515554696005337 0.9015554696003255 0.4500000000000001
2225 0.9515554696005337 0.9515554696005337 0.45
2226 0.9015554696003255 0.9515554696005337 0.1
2227 0.9015554696003254 0.9515554696005337 0.05
2228 0.9015554696003255 0.9515554696005337 0.2
2229 0.9015554696003254 0.9515554696005337 0.15
2230 0.9015554696003255 0.9515554696005337 0.3
2231 0.9015554696003254 0.9515554696005337 0.25
2232 0.9015554696003255 0.9515554696005337 0.4
2233 0.9015554696003254 0.9515554696005337 0.35
2234 0.9015554696003254 0.9515554696005337 0.45
2235 0.09987810650542896 0.09987810650542966 0.05
2236 0.04993905325271448 0.04993905325271483 0.1
2237 0.09993905325262181 0.04993905325271483 0.1
2238 0.04993905325271448 0.04993905325271483 0.05000000000000947
2239 0.09993905325262181 0.04993905325271483 0.05
2240 0.09987810650542896 0.09987810650542966 0.15
2241 0.04993905325271448 0.04993905325271483 0.2
2242 0.09993905325262181 0.04993905325271483 0.2
2243 0.04993905325271448 0.04993905325271483 0.15
2244 0.09993905325262181 0.04993905325271483 0.15
2245 0.09987810650542896 0.09987810650542966 0.25
2246 0.04993905325271448 0.04993905325271483 0.3
2247 0.09993905325262181 0.04993905325271483 0.3
2248 0.04993905325271448 0.04993905325271483 0.2499999999999306
2249 0.09993905325262181 0.04993905325271483 0.25
2250 0.09987810650542896 0.09987810650542966 0.35
2251 0.04993905325271448 0.04993905325271483 0.4
2252 0.09993905325262181 0.04993905325271483 0.4
2253 0.04993905325271448 0.04993905325271483 0.35
2254 0.09993905325262181 0.04993905325271483 0.35
2255 0.09987810650542896 0.09987810650542966 0.45
2256 0.04993905325271448 0.04993905325271483 0.4500000000000001
2257 0.09993905325262181 0.04993905325271483 0.45
2258 0.09987810650541903 0.9001218934945807 0.05
2259 0.04993905325270952 0.9500609467472904 0.1
2260 0.04993905325270952 0.9000609467470821 0.1
2261 0.04993905325270952 0.9500609467472902 0.05000000000000947
2262 0.04993905325270952 0.9000609467470821 0.05
2263 0.09987810650541903 0.9001218934945807 0.15
2264 0.04993905325270952 0.9500609467472904 0.2
2265 0.04993905325270952 0.9000609467470821 0.2
2266 0.04993905325270952 0.9500609467472902 0.15
2267 0.04993905325270952 0.9000609467470821 0.15
2268 0.09987810650541903 0.9001218934945807 0.25
2269 0.04993905325270952 0.9500609467472904 0.3
2270 0.04993905325270952 0.9000609467470821 0.3
2271 0.04993905325270952 0.9500609467472902 0.2499999999999306
2272 0.04993905325270952 0.9000609467470821 0.25
2273 0.09987810650541903 0.9001218934945807 0.35
2274 0.04993905325270952 0.9500609467472904 0.4
2275 0.04993905325270952 0.9000609467470821 0.4
2276 0.04993905325270952 0.9500609467472902 0.35
2277 0.04993905325270952 0.9000609467470821 0.35
2278 0.09987810650541903 0.9001218934945807 0.45
2279 0.04993905325270952 0.9500609467472902 0.4500000000000001
2280 0.04993905325270952 0.9000609467470821 0.45
2281 0.04993905325271448 0.09993905325292282 0.1
2282 0.04993905325271448 0.09993905325292282 0.05
2283 0.04993905325271448 0.09993905325292282 0.2
2284 0.04993905325271448 0.09993905325292282 0.15
2285 0.04993905325271448 0.09993905325292282 0.3
2286 0.04993905325271448 0.09993905325292282 0.25
2287 0.04993905325271448 0.09993905325292282 0.4
2288 0.04993905325271448 0.09993905325292282 0.35
2289 0.04993905325271448 0.09993905325292282 0.4500000000000001
2290 0.09993905325291751 0.9500609467472904 0.1
2291 0.09993905325291749 0.9500609467472902 0.05
2292 0.09993905325291751 0.9500609467472904 0.2
2293 0.09993905325291749 0.9500609467472902 0.15
2294 0.09993905325291751 0.9500609467472904 0.3
2295 0.09993905325291749 0.9500609467472902 0.25
2296 0.09993905325291751 0.9500609467472904 0.4
2297 0.09993905325291749 0.9500609467472902 0.35
2298 0.09993905325291749 0.9500609467472902 0.4500000000000001
2299 0.9001218934945954 0.09987810650540485 0.05
2300 0.9000609467471661 0.04993905325270243 0.1
2301 0.9500609467472977 0.04993905325270243 0.1
2302 0.9000609467471661 0.04993905325270243 0.05
2303 0.9500609467472977 0.04993905325270243 0.05000000000000947
2304 0.9001218934945954 0.09987810650540485 0.15
2305 0.9000609467471661 0.04993905325270243 0.2
2306 0.9500609467472977 0.04993905325270243 0.2
2307 0.9000609467471661 0.04993905325270243 0.15
2308 0.9500609467472977 0.04993905325270243 0.15
2309 0.9001218934945954 0.09987810650540485 0.25
2310 0.9000609467471661 0.04993905325270243 0.3
2311 0.9500609467472977 0.04993905325270243 0.3
2312 0.9000609467471661 0.04993905325270243 0.25
2313 0.9500609467472977 0.04993905325270243 0.2499999999999306
2314 0.9001218934945954 0.09987810650540485 0.35
2315 0.9000609467471661 0.04993905325270243 0.4
2316 0.9500609467472977 0.04993905325270243 0.4
2317 0.9000609467471661 0.04993905325270243 0.35
2318 0.9500609467472977 0.04993905325270243 0.35
2319 0.9001218934945954 0.09987810650540485 0.45
2320 0.9000609467471661 0.04993905325270243 0.4500000000000001
2321 0.9500609467472977 0.04993905325270243 0.45
2322 0.9500609467472977 0.09993905325291041 0.1
2323 0.9500609467472977 0.09993905325291041 0.05
2324 0.9500609467472977 0.09993905325291041 0.2
2325 0.9500609467472977 0.09993905325291041 0.15
2326 0.9500609467472977 0.09993905325291041 0.3
2327 0.9500609467472977 0.09993905325291041 0.25
2328 0.9500609467472977 0.09993905325291041 0.4
2329 0.9500609467472977 0.09993905325291041 0.35
2330 0.9500609467472977 0.09993905325291041 0.45
2331 0.4376151275478976 0.6699666628188875 0.05
2332 0.3639360530549293 0.5720108710844397 0.05
2333 0.4882506901911712 0.5880545364276292 0.05
2334 0.4007755903014134 0.6209887669516636 0.1
2335 0.4629329088695344 0.6290105996232583 0.1
2336 0.4260933716230503 0.5800327037560344 0.1
2337 0.4007755903014134 0.6209887669516636 0.05
2338 0.4629329088695344 0.6290105996232583 0.05
2339 0.4260933716230503 0.5800327037560344 0.05
2340 0.4376151275478976 0.6699666628188875 0.15
2341 0.3639360530549293 0.5720108710844397 0.15
2342 0.4882506901911712 0.5880545364276292 0.15
2343 0.4007755903014134 0.6209887669516636 0.2
2344 0.4629329088695344 0.6290105996232583 0.2
2345 0.4260933716230503 0.5800327037560344 0.2
2346 0.4007755903014134 0.6209887669516636 0.15
2347 0.4629329088695344 0.6290105996232583 0.15
2348 0.4260933716230503 0.5800327037560344 0.15
2349 0.4376151275478976 0.6699666628188875 0.25
2350 0.3639360530549293 0.5720108710844397 0.25
2351 0.4882506901911712 0.5880545364276292 0.25
2352 0.4007755903014134 0.6209887669516636 0.3
2353 0.4629329088695344 0.6290105996232583 0.3
2354 0.4260933716230503 0.5800327037560344 0.3
2355 0.4007755903014134 0.6209887669516636 0.25
2356 0.4629329088695344 0.6290105996232583 0.25
2357 0.4260933716230503 0.5800327037560344 0.25
2358 0.4376151275478976 0.6699666628188875 0.35
2359 0.3639360530549293 0.5720108710844397 0.35
2360 0.4882506901911712 0.5880545364276292 0.35
2361 0.4007755903014134 0.6209887669516636 0.4
2362 0.4629329088695344 0.6290105996232583 0.4
2363 0.4260933716230503 0.5800327037560344 0.4
2364 0.4007755903014134 0.6209887669516636 0.35
2365 0.4629329088695344 0.6290105996232583 0.35
2366 0.4260933716230503 0.5800327037560344 0.35
2367 0.4376151275478976 0.6699666628188875 0.45
2368 0.3639360530549293 0.5720108710844397 0.45
2369 0.4882506901911712 0.5880545364276292 0.45
2370 0.4007755903014134 0.6209887669516636 0.45
2371 0.4629329088695344 0.6290105996232583 0.4500000000000001
2372 0.4260933716230503 0.5800327037560344 0.45
2373 0.4093433359148022 0.4966471814519717 0.05
2374 0.4487970130529867 0.5423508589398005 0.1
2375 0.3866396944848657 0.5343290262682057 0.1
2376 0.4487970130529867 0.5423508589398005 0.05
2377 0.3866396944848657 0.5343290262682057 0.05
2378 0.4093433359148022 0.4966471814519717 0.15
2379 0.4487970130529867 0.5423508589398005 0.2
2380 0.3866396944848657 0.5343290262682057 0.2
2381 0.4487970130529867 0.5423508589398005 0.15
2382 0.3866396944848657 0.5343290262682057 0.15
2383 0.4093433359148022 0.4966471814519717 0.25
2384 0.4487970130529867 0.5423508589398005 0.3
2385 0.3866396944848657 0.5343290262682057 0.3
2386 0.4487970130529867 0.5423508589398005 0.25
2387 0.3866396944848657 0.5343290262682057 0.25
2388 0.4093433359148022 0.4966471814519717 0.35
2389 0.4487970130529867 0.5423508589398005 0.4
2390 0.3866396944848657 0.5343290262682057 0.4
2391 0.4487970130529867 0.5423508589398005 0.35
2392 0.3866396944848657 0.5343290262682057 0.35
2393 0.4093433359148022 0.4966471814519717 0.45
2394 0.4487970130529867 0.5423508589398005 0.4500000000000001
2395 0.3866396944848657 0.5343290262682057 0.45
2396 0.4330139372822082 0.3598432055749237 0.05
2397 0.5586987495249632 0.3338266352733263 0.05
2398 0.5465264846993921 0.417394579101972 0.05
2399 0.4958563434035858 0.346834920424125 0.1
2400 0.4897702109908002 0.3886188923384478 0.1
2401 0.5526126171121777 0.3756106071876492 0.1
2402 0.4958563434035858 0.346834920424125 0.05
2403 0.4897702109908001 0.3886188923384478 0.05
2404 0.5526126171121777 0.3756106071876492 0.05
2405 0.4330139372822082 0.3598432055749237 0.15
2406 0.5586987495249632 0.3338266352733263 0.15
2407 0.5465264846993921 0.417394579101972 0.15
2408 0.4958563434035858 0.346834920424125 0.2
2409 0.4897702109908002 0.3886188923384478 0.2
2410 0.5526126171121777 0.3756106071876492 0.2
2411 0.4958563434035858 0.346834920424125 0.15
2412 0.4897702109908001 0.3886188923384478 0.15
2413 0.5526126171121777 0.3756106071876492 0.15
2414 0.4330139372822082 0.3598432055749237 0.25
2415 0.5586987495249632 0.3338266352733263 0.25
2416 0.5465264846993921 0.417394579101972 0.25
2417 0.4958563434035858 0.346834920424125 0.3
2418 0.4897702109908002 0.3886188923384478 0.3
2419 0.5526126171121777 0.3756106071876492 0.3
2420 0.4958563434035858 0.346834920424125 0.25
2421 0.4897702109908001 0.3886188923384478 0.25
2422 0.5526126171121777 0.3756106071876492 0.25
2423 0.4330139372822082 0.3598432055749237 0.35
2424 0.5586987495249632 0.3338266352733263 0.35
2425 0.5465264846993921 0.417394579101972 0.35
2426 0.4958563434035858 0.346834920424125 0.4
2427 0.4897702109908002 0.3886188923384478 0.4
2428 0.5526126171121777 0.3756106071876492 0.4
2429 0.4958563434035858 0.346834920424125 0.35
2430 0.4897702109908001 0.3886188923384478 0.35
2431 0.5526126171121777 0.3756106071876492 0.35
2432 0.4330139372822082 0.3598432055749237 0.45
2433 0.5586987495249632 0.3338266352733263 0.45
2434 0.5465264846993921 0.417394579101972 0.45
2435 0.4958563434035858 0.346834920424125 0.45
2436 0.4897702109908001 0.3886188923384478 0.4500000000000001
2437 0.5526126171121777 0.3756106071876492 0.45
2438 0.6733856581720908 0.5757672426756814 0.05
2439 0.7758579074799085 0.506933603162226 0.05
2440 0.7533940871971364 0.6265665039666305 0.05
2441 0.7246217828259996 0.5413504229189536 0.1
2442 0.7133898726846136 0.6011668733211559 0.1
2443 0.7646259973385224 0.5667500535644283 0.1
2444 0.7246217828259996 0.5413504229189536 0.05
2445 0.7133898726846136 0.6011668733211559 0.05
2446 0.7646259973385224 0.5667500535644283 0.05
2447 0.6733856581720908 0.5757672426756814 0.15
2448 0.7758579074799085 0.506933603162226 0.15
2449 0.7533940871971364 0.6265665039666305 0.15
2450 0.7246217828259996 0.5413504229189536 0.2
2451 0.7133898726846136 0.6011668733211559 0.2
2452 0.7646259973385224 0.5667500535644283 0.2
2453 0.7246217828259996 0.5413504229189536 0.15
2454 0.7133898726846136 0.6011668733211559 0.15
2455 0.7646259973385224 0.5667500535644283 0.15
2456 0.6733856581720908 0.5757672426756814 0.25
2457 0.7758579074799085 0.506933603162226 0.25
2458 0.7533940871971364 0.6265665039666305 0.25
2459 0.7246217828259996 0.5413504229189536 0.3
2460 0.7133898726846136 0.6011668733211559 0.3
2461 0.7646259973385224 0.5667500535644283 0.3
2462 0.7246217828259996 0.5413504229189536 0.25
2463 0.7133898726846136 0.6011668733211559 0.25
2464 0.7646259973385224 0.5667500535644283 0.25
2465 0.6733856581720908 0.5757672426756814 0.35
2466 0.7758579074799085 0.506933603162226 0.35
2467 0.7533940871971364 0.6265665039666305 0.35
2468 0.7246217828259996 0.5413504229189536 0.4
2469 0.7133898726846136 0.6011668733211559 0.4
2470 0.7646259973385224 0.5667500535644283 0.4
2471 0.7246217828259996 0.5413504229189536 0.35
2472 0.7133898726846136 0.6011668733211559 0.35
2473 0.7646259973385224 0.5667500535644283 0.35
2474 0.6733856581720908 0.5757672426756814 0.45
2475 0.7758579074799085 0.506933603162226 0.45
2476 0.7533940871971364 0.6265665039666305 0.45
2477 0.7246217828259996 0.5413504229189536 0.45
2478 0.7133898726846136 0.6011668733211559 0.4500000000000001
2479 0.7646259973385224 0.5667500535644283 0.45
2480 0.450174333726052 0.438555497318906 0.05
2481 0.4415941355041301 0.3991993514469149 0.1
2482 0.4983504092127221 0.427975038210439 0.1
2483 0.4415941355041301 0.3991993514469149 0.05
2484 0.498350409212722 0.427975038210439 0.05
2485 0.450174333726052 0.438555497318906 0.15
2486 0.4415941355041301 0.3991993514469149 0.2
2487 0.4983504092127221 0.427975038210439 0.2
2488 0.4415941355041301 0.3991993514469149 0.15
2489 0.498350409212722 0.427975038210439 0.15
2490 0.450174333726052 0.438555497318906 0.25
2491 0.4415941355041301 0.3991993514469149 0.3
2492 0.4983504092127221 0.427975038210439 0.3
2493 0.4415941355041301 0.3991993514469149 0.25
2494 0.498350409212722 0.427975038210439 0.25
2495 0.450174333726052 0.438555497318906 0.35
2496 0.4415941355041301 0.3991993514469149 0.4
2497 0.4983504092127221 0.427975038210439 0.4
2498 0.4415941355041301 0.3991993514469149 0.35
2499 0.498350409212722 0.427975038210439 0.35
2500 0.450174333726052 0.438555497318906 0.45
2501 0.4415941355041301 0.3991993514469149 0.4500000000000001
2502 0.498350409212722 0.427975038210439 0.45
2503 0.1511339309161314 0.6407101126393338 0.05
2504 0.2547170282820282 0.6041206249238678 0.05
2505 0.1987347033782327 0.7277938243383499 0.05
2506 0.2029254795990798 0.6224153687816008 0.1
2507 0.174934317147182 0.6842519684888418 0.1
2508 0.2267258658301304 0.6659572246311088 0.1
2509 0.2029254795990798 0.6224153687816008 0.05
2510 0.174934317147182 0.684251968488842 0.05
2511 0.2267258658301304 0.6659572246311088 0.05
2512 0.1511339309161314 0.6407101126393338 0.15
2513 0.2547170282820282 0.6041206249238678 0.15
2514 0.1987347033782327 0.7277938243383499 0.15
2515 0.2029254795990798 0.6224153687816008 0.2
2516 0.174934317147182 0.6842519684888418 0.2
2517 0.2267258658301304 0.6659572246311088 0.2
2518 0.2029254795990798 0.6224153687816008 0.15
2519 0.174934317147182 0.684251968488842 0.15
2520 0.2267258658301304 0.6659572246311088 0.15
2521 0.1511339309161314 0.6407101126393338 0.25
2522 0.2547170282820282 0.6041206249238678 0.25
2523 0.1987347033782327 0.7277938243383499 0.25
2524 0.2029254795990798 0.6224153687816008 0.3
2525 0.174934317147182 0.6842519684888418 0.3
2526 0.2267258658301304 0.6659572246311088 0.3
2527 0.2029254795990798 0.6224153687816008 0.25
2528 0.174934317147182 0.684251968488842 0.25
2529 0.2267258658301304 0.6659572246311088 0.25
2530 0.1511339309161314 0.6407101126393338 0.35
2531 0.2547170282820282 0.6041206249238678 0.35
2532 0.1987347033782327 0.7277938243383499 0.35
2533 0.2029254795990798 0.6224153687816008 0.4
2534 0.174934317147182 0.6842519684888418 0.4
2535 0.2267258658301304 0.6659572246311088 0.4
2536 0.2029254795990798 0.6224153687816008 0.35
2537 0.174934317147182 0.684251968488842 0.35
2538 0.2267258658301304 0.6659572246311088 0.35
2539 0.1511339309161314 0.6407101126393338 0.45
2540 0.2547170282820282 0.6041206249238678 0.45
2541 0.1987347033782327 0.7277938243383499 0.45
2542 0.2029254795990798 0.6224153687816008 0.45
2543 0.174934317147182 0.684251968488842 0.4500000000000001
2544 0.2267258658301304 0.6659572246311088 0.45
2545 0.3592898873606682 0.1511339309160825 0.05
2546 0.395879375076127 0.2547170282819911 0.05
2547 0.2722061756616153 0.198734703378242 0.05
2548 0.3775846312183976 0.2029254795990368 0.1
2549 0.3157480315111418 0.1749343171471623 0.1
2550 0.3340427753688712 0.2267258658301166 0.1
2551 0.3775846312183976 0.2029254795990368 0.05
2552 0.3157480315111418 0.1749343171471623 0.05
2553 0.3340427753688712 0.2267258658301166 0.05
2554 0.3592898873606682 0.1511339309160825 0.15
2555 0.395879375076127 0.2547170282819911 0.15
2556 0.2722061756616153 0.198734703378242 0.15
2557 0.3775846312183976 0.2029254795990368 0.2
2558 0.3157480315111418 0.1749343171471623 0.2
2559 0.3340427753688712 0.2267258658301166 0.2
2560 0.3775846312183976 0.2029254795990368 0.15
2561 0.3157480315111418 0.1749343171471623 0.15
2562 0.3340427753688712 0.2267258658301166 0.15
2563 0.3592898873606682 0.1511339309160825 0.25
2564 0.395879375076127 0.2547170282819911 0.25
2565 0.2722061756616153 0.198734703378242 0.25
2566 0.3775846312183976 0.2029254795990368 0.3
2567 0.3157480315111418 0.1749343171471623 0.3
2568 0.3340427753688712 0.2267258658301166 0.3
2569 0.3775846312183976 0.2029254795990368 0.25
2570 0.3157480315111418 0.1749343171471623 0.25
2571 0.3340427753688712 0.2267258658301166 0.25
2572 0.3592898873606682 0.1511339309160825 0.35
2573 0.395879375076127 0.2547170282819911 0.35
2574 0.2722061756616153 0.198734703378242 0.35
2575 0.3775846312183976 0.2029254795990368 0.4
2576 0.3157480315111418 0.1749343171471623 0.4
2577 0.3340427753688712 0.2267258658301166 0.4
2578 0.3775846312183976 0.2029254795990368 0.35
2579 0.3157480315111418 0.1749343171471623 0.35
2580 0.3340427753688712 0.2267258658301166 0.35
2581 0.3592898873606682 0.1511339309160825 0.45
2582 0.395879375076127 0.2547170282819911 0.45
2583 0.2722061756616153 0.198734703378242 0.45
2584 0.3775846312183976 0.2029254795990368 0.45
2585 0.3157480315111418 0.1749343171471623 0.4500000000000001
2586 0.3340427753688712 0.2267258658301166 0.45
2587 0.292857142857163 0.7071428571428829 0.05
2588 0.2737870855695956 0.6556317410333754 0.1
2589 0.2457959231176978 0.7174683407406164 0.1
2590 0.2737870855695956 0.6556317410333754 0.05
2591 0.2457959231176978 0.7174683407406164 0.05
2592 0.292857142857163 0.7071428571428829 0.15
2593 0.2737870855695956 0.6556317410333754 0.2
2594 0.2457959231176978 0.7174683407406164 0.2
2595 0.2737870855695956 0.6556317410333754 0.15
2596 0.2457959231176978 0.7174683407406164 0.15
2597 0.292857142857163 0.7071428571428829 0.25
2598 0.2737870855695956 0.6556317410333754 0.3
2599 0.2457959231176978 0.7174683407406164 0.3
2600 0.2737870855695956 0.6556317410333754 0.25
2601 0.2457959231176978 0.7174683407406164 0.25
2602 0.292857142857163 0.7071428571428829 0.35
2603 0.2737870855695956 0.6556317410333754 0.4
2604 0.2457959231176978 0.7174683407406164 0.4
2605 0.2737870855695956 0.6556317410333754 0.35
2606 0.2457959231176978 0.7174683407406164 0.35
2607 0.292857142857163 0.7071428571428829 0.45
2608 0.2737870855695956 0.6556317410333754 0.45
2609 0.2457959231176978 0.7174683407406164 0.45
2610 0.2928571428571166 0.2928571428571638 0.05
2611 0.3443682589666218 0.2737870855695774 0.1
2612 0.282531659259366 0.2457959231177029 0.1
2613 0.3443682589666218 0.2737870855695774 0.05
2614 0.282531659259366 0.2457959231177029 0.05
2615 0.2928571428571166 0.2928571428571638 0.15
2616 0.3443682589666218 0.2737870855695774 0.2
2617 0.282531659259366 0.2457959231177029 0.2
2618 0.3443682589666218 0.2737870855695774 0.15
2619 0.282531659259366 0.2457959231177029 0.15
2620 0.2928571428571166 0.2928571428571638 0.25
2621 0.3443682589666218 0.2737870855695774 0.3
2622 0.282531659259366 0.2457959231177029 0.3
2623 0.3443682589666218 0.2737870855695774 0.25
2624 0.282531659259366 0.2457959231177029 0.25
2625 0.2928571428571166 0.2928571428571638 0.35
2626 0.3443682589666218 0.2737870855695774 0.4
2627 0.282531659259366 0.2457959231177029 0.4
2628 0.3443682589666218 0.2737870855695774 0.35
2629 0.282531659259366 0.2457959231177029 0.35
2630 0.2928571428571166 0.2928571428571638 0.45
2631 0.3443682589666218 0.2737870855695774 0.45
2632 0.282531659259366 0.2457959231177029 0.45
2633 0.5669860627177596 0.6401567944250902 0.05
2634 0.5883921959166912 0.5219445179202735 0.05
2635 0.6201858604449253 0.6079620185503858 0.1
2636 0.630888927044391 0.5488558802979775 0.1
2637 0.5776891293172255 0.5810506561726818 0.1
2638 0.6201858604449253 0.6079620185503858 0.05
2639 0.630888927044391 0.5488558802979775 0.05
2640 0.5776891293172255 0.5810506561726818 0.05
2641 0.5669860627177596 0.6401567944250902 0.15
2642 0.5883921959166912 0.5219445179202735 0.15
2643 0.6201858604449253 0.6079620185503858 0.2
2644 0.630888927044391 0.5488558802979775 0.2
2645 0.5776891293172255 0.5810506561726818 0.2
2646 0.6201858604449253 0.6079620185503858 0.15
2647 0.630888927044391 0.5488558802979775 0.15
2648 0.5776891293172255 0.5810506561726818 0.15
2649 0.5669860627177596 0.6401567944250902 0.25
2650 0.5883921959166912 0.5219445179202735 0.25
2651 0.6201858604449253 0.6079620185503858 0.3
2652 0.630888927044391 0.5488558802979775 0.3
2653 0.5776891293172255 0.5810506561726818 0.3
2654 0.6201858604449253 0.6079620185503858 0.25
2655 0.630888927044391 0.5488558802979775 0.25
2656 0.5776891293172255 0.5810506561726818 0.25
2657 0.5669860627177596 0.6401567944250902 0.35
2658 0.5883921959166912 0.5219445179202735 0.35
2659 0.6201858604449253 0.6079620185503858 0.4
2660 0.630888927044391 0.5488558802979775 0.4
2661 0.5776891293172255 0.5810506561726818 0.4
2662 0.6201858604449253 0.6079620185503858 0.35
2663 0.630888927044391 0.5488558802979775 0.35
2664 0.5776891293172255 0.5810506561726818 0.35
2665 0.5669860627177596 0.6401567944250902 0.45
2666 0.5883921959166912 0.5219445179202735 0.45
2667 0.6201858604449253 0.6079620185503858 0.45
2668 0.630888927044391 0.5488558802979775 0.4500000000000001
2669 0.5776891293172255 0.5810506561726818 0.45
2670 0.4931499629732299 0.7759084652632229 0.05
2671 0.3847048916132104 0.7505210099669057 0.05
2672 0.4653825452605637 0.7229375640410551 0.1
2673 0.411160009580554 0.7102438363928967 0.1
2674 0.4389274272932202 0.7632147376150643 0.1
2675 0.4653825452605637 0.7229375640410551 0.05
2676 0.411160009580554 0.7102438363928967 0.05
2677 0.4389274272932202 0.7632147376150643 0.05
2678 0.4931499629732299 0.7759084652632229 0.15
2679 0.3847048916132104 0.7505210099669057 0.15
2680 0.4653825452605637 0.7229375640410551 0.2
2681 0.411160009580554 0.7102438363928967 0.2
2682 0.4389274272932202 0.7632147376150643 0.2
2683 0.4653825452605637 0.7229375640410551 0.15
2684 0.411160009580554 0.7102438363928967 0.15
2685 0.4389274272932202 0.7632147376150643 0.15
2686 0.4931499629732299 0.7759084652632229 0.25
2687 0.3847048916132104 0.7505210099669057 0.25
2688 0.4653825452605637 0.7229375640410551 0.3
2689 0.411160009580554 0.7102438363928967 0.3
2690 0.4389274272932202 0.7632147376150643 0.3
2691 0.4653825452605637 0.7229375640410551 0.25
2692 0.411160009580554 0.7102438363928967 0.25
2693 0.4389274272932202 0.7632147376150643 0.25
2694 0.4931499629732299 0.7759084652632229 0.35
2695 0.3847048916132104 0.7505210099669057 0.35
2696 0.4653825452605637 0.7229375640410551 0.4
2697 0.411160009580554 0.7102438363928967 0.4
2698 0.4389274272932202 0.7632147376150643 0.4
2699 0.4653825452605637 0.7229375640410551 0.35
2700 0.411160009580554 0.7102438363928967 0.35
2701 0.4389274272932202 0.7632147376150643 0.35
2702 0.4931499629732299 0.7759084652632229 0.45
2703 0.3847048916132104 0.7505210099669057 0.45
2704 0.4653825452605637 0.7229375640410551 0.45
2705 0.411160009580554 0.7102438363928967 0.4500000000000001
2706 0.4389274272932202 0.7632147376150643 0.45
2707 0.3383879245597797 0.4383753387593661 0.05
2708 0.2240915347367898 0.4931499629732515 0.05
2709 0.2494789900331102 0.3847048916132272 0.05
2710 0.2812397296482848 0.4657626508663089 0.1
2711 0.2939334572964449 0.4115401151862966 0.1
2712 0.23678526238495 0.4389274272932394 0.1
2713 0.2812397296482848 0.4657626508663089 0.05
2714 0.2939334572964449 0.4115401151862966 0.05
2715 0.23678526238495 0.4389274272932393 0.05
2716 0.3383879245597797 0.4383753387593661 0.15
2717 0.2240915347367898 0.4931499629732515 0.15
2718 0.2494789900331102 0.3847048916132272 0.15
2719 0.2812397296482848 0.4657626508663089 0.2
2720 0.2939334572964449 0.4115401151862966 0.2
2721 0.23678526238495 0.4389274272932394 0.2
2722 0.2812397296482848 0.4657626508663089 0.15
2723 0.2939334572964449 0.4115401151862966 0.15
2724 0.23678526238495 0.4389274272932393 0.15
2725 0.3383879245597797 0.4383753387593661 0.25
2726 0.2240915347367898 0.4931499629732515 0.25
2727 0.2494789900331102 0.3847048916132272 0.25
2728 0.2812397296482848 0.4657626508663089 0.3
2729 0.2939334572964449 0.4115401151862966 0.3
2730 0.23678526238495 0.4389274272932394 0.3
2731 0.2812397296482848 0.4657626508663089 0.25
2732 0.2939334572964449 0.4115401151862966 0.25
2733 0.23678526238495 0.4389274272932393 0.25
2734 0.3383879245597797 0.4383753387593661 0.35
2735 0.2240915347367898 0.4931499629732515 0.35
2736 0.2494789900331102 0.3847048916132272 0.35
2737 0.2812397296482848 0.4657626508663089 0.4
2738 0.2939334572964449 0.4115401151862966 0.4
2739 0.23678526238495 0.4389274272932394 0.4
2740 0.2812397296482848 0.4657626508663089 0.35
2741 0.2939334572964449 0.4115401151862966 0.35
2742 0.23678526238495 0.4389274272932393 0.35
2743 0.3383879245597797 0.4383753387593661 0.45
2744 0.2240915347367898 0.4931499629732515 0.45
2745 0.2494789900331102 0.3847048916132272 0.45
2746 0.2812397296482848 0.4657626508663089 0.45
2747 0.2939334572964449 0.4115401151862966 0.4500000000000001
2748 0.23678526238495 0.4389274272932393 0.45
2749 0.5068500370267679 0.2240915347368271 0.05
2750 0.6152951083868109 0.2494789900331951 0.05
2751 0.5327743932758655 0.2789590850050767 0.1
2752 0.5869969289558871 0.2916528126532607 0.1
2753 0.5610725727067893 0.2367852623850111 0.1
2754 0.5327743932758655 0.2789590850050767 0.05
2755 0.5869969289558871 0.2916528126532607 0.05
2756 0.5610725727067893 0.2367852623850111 0.05
2757 0.5068500370267679 0.2240915347368271 0.15
2758 0.6152951083868109 0.2494789900331951 0.15
2759 0.5327743932758655 0.2789590850050767 0.2
2760 0.5869969289558871 0.2916528126532607 0.2
2761 0.5610725727067893 0.2367852623850111 0.2
2762 0.5327743932758655 0.2789590850050767 0.15
2763 0.5869969289558871 0.2916528126532607 0.15
2764 0.5610725727067893 0.2367852623850111 0.15
2765 0.5068500370267679 0.2240915347368271 0.25
2766 0.6152951083868109 0.2494789900331951 0.25
2767 0.5327743932758655 0.2789590850050767 0.3
2768 0.5869969289558871 0.2916528126532607 0.3
2769 0.5610725727067893 0.2367852623850111 0.3
2770 0.5327743932758655 0.2789590850050767 0.25
2771 0.5869969289558871 0.2916528126532607 0.25
2772 0.5610725727067893 0.2367852623850111 0.25
2773 0.5068500370267679 0.2240915347368271 0.35
2774 0.6152951083868109 0.2494789900331951 0.35
2775 0.5327743932758655 0.2789590850050767 0.4
2776 0.5869969289558871 0.2916528126532607 0.4
2777 0.5610725727067893 0.2367852623850111 0.4
2778 0.5327743932758655 0.2789590850050767 0.35
2779 0.5869969289558871 0.2916528126532607 0.35
2780 0.5610725727067893 0.2367852623850111 0.35
2781 0.5068500370267679 0.2240915347368271 0.45
2782 0.6152951083868109 0.2494789900331951 0.45
2783 0.5327743932758655 0.2789590850050767 0.45
2784 0.5869969289558871 0.2916528126532607 0.4500000000000001
2785 0.5610725727067893 0.2367852623850111 0.45
2786 0.3592052746310335 0.8481751902264484 0.05
2787 0.2776166489820179 0.7939482183691445 0.05
2788 0.3719550831221219 0.7993481000966771 0.1
2789 0.3311607702976141 0.7722346141680252 0.1
2790 0.3184109618065257 0.8210617042977965 0.1
2791 0.3719550831221219 0.7993481000966771 0.05
2792 0.3311607702976141 0.7722346141680252 0.05
2793 0.3184109618065257 0.8210617042977965 0.05
2794 0.3592052746310335 0.8481751902264484 0.15
2795 0.2776166489820179 0.7939482183691445 0.15
2796 0.3719550831221219 0.7993481000966771 0.2
2797 0.3311607702976141 0.7722346141680252 0.2
2798 0.3184109618065257 0.8210617042977965 0.2
2799 0.3719550831221219 0.7993481000966771 0.15
2800 0.3311607702976141 0.7722346141680252 0.15
2801 0.3184109618065257 0.8210617042977965 0.15
2802 0.3592052746310335 0.8481751902264484 0.25
2803 0.2776166489820179 0.7939482183691445 0.25
2804 0.3719550831221219 0.7993481000966771 0.3
2805 0.3311607702976141 0.7722346141680252 0.3
2806 0.3184109618065257 0.8210617042977965 0.3
2807 0.3719550831221219 0.7993481000966771 0.25
2808 0.3311607702976141 0.7722346141680252 0.25
2809 0.3184109618065257 0.8210617042977965 0.25
2810 0.3592052746310335 0.8481751902264484 0.35
2811 0.2776166489820179 0.7939482183691445 0.35
2812 0.3719550831221219 0.7993481000966771 0.4
2813 0.3311607702976141 0.7722346141680252 0.4
2814 0.3184109618065257 0.8210617042977965 0.4
2815 0.3719550831221219 0.7993481000966771 0.35
2816 0.3311607702976141 0.7722346141680252 0.35
2817 0.3184109618065257 0.8210617042977965 0.35
2818 0.3592052746310335 0.8481751902264484 0.45
2819 0.2776166489820179 0.7939482183691445 0.45
2820 0.3719550831221219 0.7993481000966771 0.45
2821 0.3311607702976141 0.7722346141680252 0.4500000000000001
2822 0.3184109618065257 0.8210617042977965 0.45
2823 0.1518248097735569 0.3592052746310573 0.05
2824 0.2060517816308504 0.2776166489820396 0.05
2825 0.2006518999033335 0.3719550831221423 0.1
2826 0.2277653858319803 0.3311607702976334 0.1
2827 0.1789382957022036 0.3184109618065485 0.1
2828 0.2006518999033335 0.3719550831221423 0.05
2829 0.2277653858319803 0.3311607702976334 0.05
2830 0.1789382957022037 0.3184109618065485 0.05
2831 0.1518248097735569 0.3592052746310573 0.15
2832 0.2060517816308504 0.2776166489820396 0.15
2833 0.2006518999033335 0.3719550831221423 0.2
2834 0.2277653858319803 0.3311607702976334 0.2
2835 0.1789382957022036 0.3184109618065485 0.2
2836 0.2006518999033335 0.3719550831221423 0.15
2837 0.2277653858319803 0.3311607702976334 0.15
2838 0.1789382957022037 0.3184109618065485 0.15
2839 0.1518248097735569 0.3592052746310573 0.25
2840 0.2060517816308504 0.2776166489820396 0.25
2841 0.2006518999033335 0.3719550831221423 0.3
2842 0.2277653858319803 0.3311607702976334 0.3
2843 0.1789382957022036 0.3184109618065485 0.3
2844 0.2006518999033335 0.3719550831221423 0.25
2845 0.2277653858319803 0.3311607702976334 0.25
2846 0.1789382957022037 0.3184109618065485 0.25
2847 0.1518248097735569 0.3592052746310573 0.35
2848 0.2060517816308504 0.2776166489820396 0.35
2849 0.2006518999033335 0.3719550831221423 0.4
2850 0.2277653858319803 0.3311607702976334 0.4
2851 0.1789382957022036 0.3184109618065485 0.4
2852 0.2006518999033335 0.3719550831221423 0.35
2853 0.2277653858319803 0.3311607702976334 0.35
2854 0.1789382957022037 0.3184109618065485 0.35
2855 0.1518248097735569 0.3592052746310573 0.45
2856 0.2060517816308504 0.2776166489820396 0.45
2857 0.2006518999033335 0.3719550831221423 0.45
2858 0.2277653858319803 0.3311607702976334 0.4500000000000001
2859 0.1789382957022037 0.3184109618065485 0.45
2860 0.385700930920994 0.3991092721671449 0.1
2861 0.3942811291429159 0.4384654180391361 0.1
2862 0.385700930920994 0.3991092721671449 0.05
2863 0.3942811291429159 0.4384654180391361 0.05
2864 0.385700930920994 0.3991092721671449 0.2
2865 0.3942811291429159 0.4384654180391361 0.2
2866 0.385700930920994 0.3991092721671449 0.15
2867 0.3942811291429159 0.4384654180391361 0.15
2868 0.385700930920994 0.3991092721671449 0.3
2869 0.3942811291429159 0.4384654180391361 0.3
2870 0.385700930920994 0.3991092721671449 0.25
2871 0.3942811291429159 0.4384654180391361 0.25
2872 0.385700930920994 0.3991092721671449 0.4
2873 0.3942811291429159 0.4384654180391361 0.4
2874 0.385700930920994 0.3991092721671449 0.35
2875 0.3942811291429159 0.4384654180391361 0.35
2876 0.385700930920994 0.3991092721671449 0.45
2877 0.3942811291429159 0.4384654180391361 0.4500000000000001
2878 0.4664603708642531 0.8901567944254055 0.05
2879 0.4832301854331559 0.9450783972127028 0.1
2880 0.4332301854329587 0.9450783972127028 0.1
2881 0.4832301854331559 0.9450783972127028 0.05
2882 0.4332301854329587 0.9450783972127028 0.05
2883 0.4664603708642531 0.8901567944254055 0.15
2884 0.4832301854331559 0.9450783972127028 0.2
2885 0.4332301854329587 0.9450783972127028 0.2
2886 0.4832301854331559 0.9450783972127028 0.15
2887 0.4332301854329587 0.9450783972127028 0.15
2888 0.4664603708642531 0.8901567944254055 0.25
2889 0.4832301854331559 0.9450783972127028 0.3
2890 0.4332301854329587 0.9450783972127028 0.3
2891 0.4832301854331559 0.9450783972127028 0.25
2892 0.4332301854329587 0.9450783972127028 0.25
2893 0.4664603708642531 0.8901567944254055 0.35
2894 0.4832301854331559 0.9450783972127028 0.4
2895 0.4332301854329587 0.9450783972127028 0.4
2896 0.4832301854331559 0.9450783972127028 0.35
2897 0.4332301854329587 0.9450783972127028 0.35
2898 0.4664603708642531 0.8901567944254055 0.45
2899 0.4832301854331559 0.9450783972127028 0.4500000000000001
2900 0.4332301854329587 0.9450783972127028 0.45
2901 0.1098432055746039 0.4664603708642769 0.05
2902 0.05492160278730195 0.4832301854331678 0.1
2903 0.05492160278730195 0.4332301854329706 0.1
2904 0.05492160278730195 0.4832301854331678 0.05
2905 0.05492160278730195 0.4332301854329706 0.05
2906 0.1098432055746039 0.4664603708642769 0.15
2907 0.05492160278730195 0.4832301854331678 0.2
2908 0.05492160278730195 0.4332301854329706 0.2
2909 0.05492160278730195 0.4832301854331678 0.15
2910 0.05492160278730195 0.4332301854329706 0.15
2911 0.1098432055746039 0.4664603708642769 0.25
2912 0.05492160278730195 0.4832301854331678 0.3
2913 0.05492160278730195 0.4332301854329706 0.3
2914 0.05492160278730195 0.4832301854331678 0.25
2915 0.05492160278730195 0.4332301854329706 0.25
2916 0.1098432055746039 0.4664603708642769 0.35
2917 0.05492160278730195 0.4832301854331678 0.4
2918 0.05492160278730195 0.4332301854329706 0.4
2919 0.05492160278730195 0.4832301854331678 0.35
2920 0.05492160278730195 0.4332301854329706 0.35
2921 0.1098432055746039 0.4664603708642769 0.45
2922 0.05492160278730195 0.4832301854331678 0.4500000000000001
2923 0.05492160278730195 0.4332301854329706 0.45
2924 0.8901567944254026 0.4664603708642405 0.05
2925 0.9450783972127013 0.4332301854329524 0.1
2926 0.9450783972127013 0.4832301854331496 0.1
2927 0.9450783972127013 0.4332301854329524 0.05
2928 0.9450783972127013 0.4832301854331496 0.05
2929 0.8901567944254026 0.4664603708642405 0.15
2930 0.9450783972127013 0.4332301854329524 0.2
2931 0.9450783972127013 0.4832301854331496 0.2
2932 0.9450783972127013 0.4332301854329524 0.15
2933 0.9450783972127013 0.4832301854331496 0.15
2934 0.8901567944254026 0.4664603708642405 0.25
2935 0.9450783972127013 0.4332301854329524 0.3
2936 0.9450783972127013 0.4832301854331496 0.3
2937 0.9450783972127013 0.4332301854329524 0.25
2938 0.9450783972127013 0.4832301854331496 0.25
2939 0.8901567944254026 0.4664603708642405 0.35
2940 0.9450783972127013 0.4332301854329524 0.4
2941 0.9450783972127013 0.4832301854331496 0.4
2942 0.9450783972127013 0.4332301854329524 0.35
2943 0.9450783972127013 0.4832301854331496 0.35
2944 0.8901567944254026 0.4664603708642405 0.45
2945 0.9450783972127013 0.4332301854329524 0.4500000000000001
2946 0.9450783972127013 0.4832301854331496 0.45
2947 0.5335396291358042 0.1098432055747235 0.05
2948 0.5167698145672492 0.05492160278736177 0.1
2949 0.5667698145673755 0.05492160278736177 0.1
2950 0.5167698145672492 0.05492160278736177 0.05
2951 0.5667698145673755 0.05492160278736177 0.05
2952 0.5335396291358042 0.1098432055747235 0.15
2953 0.5167698145672492 0.05492160278736177 0.2
2954 0.5667698145673755 0.05492160278736177 0.2
2955 0.5167698145672492 0.05492160278736177 0.15
2956 0.5667698145673755 0.05492160278736177 0.15
2957 0.5335396291358042 0.1098432055747235 0.25
2958 0.5167698145672492 0.05492160278736177 0.3
2959 0.5667698145673755 0.05492160278736177 0.3
2960 0.5167698145672492 0.05492160278736177 0.25
2961 0.5667698145673755 0.05492160278736177 0.25
2962 0.5335396291358042 0.1098432055747235 0.35
2963 0.5167698145672492 0.05492160278736177 0.4
2964 0.5667698145673755 0.05492160278736177 0.4
2965 0.5167698145672492 0.05492160278736177 0.35
2966 0.5667698145673755 0.05492160278736177 0.35
2967 0.5335396291358042 0.1098432055747235 0.45
2968 0.5167698145672492 0.05492160278736177 0.4500000000000001
2969 0.5667698145673755 0.05492160278736177 0.45
2970 0.6423442636757362 0.07182016419691095 0.05
2971 0.5879419464057702 0.09083168488581725 0.1
2972 0.6211721318373415 0.03591008209845548 0.1
2973 0.5879419464057702 0.09083168488581725 0.05
2974 0.6211721318373415 0.03591008209845548 0.05
2975 0.6423442636757362 0.07182016419691095 0.15
2976 0.5879419464057702 0.09083168488581725 0.2
2977 0.6211721318373415 0.03591008209845548 0.2
2978 0.5879419464057702 0.09083168488581725 0.15
2979 0.6211721318373415 0.03591008209845548 0.15
2980 0.6423442636757362 0.07182016419691095 0.25
2981 0.5879419464057702 0.09083168488581725 0.3
2982 0.6211721318373415 0.03591008209845548 0.3
2983 0.5879419464057702 0.09083168488581725 0.25
2984 0.6211721318373415 0.03591008209845548 0.25
2985 0.6423442636757362 0.07182016419691095 0.35
2986 0.5879419464057702 0.09083168488581725 0.4
2987 0.6211721318373415 0.03591008209845548 0.4
2988 0.5879419464057702 0.09083168488581725 0.35
2989 0.6211721318373415 0.03591008209845548 0.35
2990 0.6423442636757362 0.07182016419691095 0.45
2991 0.5879419464057702 0.09083168488581725 0.4500000000000001
2992 0.6211721318373415 0.03591008209845548 0.45
2993 0.3570721762815988 0.9277782117389372 0.05
2994 0.4117662735729259 0.9089675030821713 0.1
2995 0.3785360881416316 0.9638891058694685 0.1
2996 0.4117662735729259 0.9089675030821713 0.05
2997 0.3785360881416316 0.9638891058694685 0.05
2998 0.3570721762815988 0.9277782117389372 0.15
2999 0.4117662735729259 0.9089675030821713 0.2
3000 0.3785360881416316 0.9638891058694685 0.2
3001 0.4117662735729259 0.9089675030821713 0.15
3002 0.3785360881416316 0.9638891058694685 0.15
3003 0.3570721762815988 0.9277782117389372 0.25
3004 0.4117662735729259 0.9089675030821713 0.3
3005 0.3785360881416316 0.9638891058694685 0.3
3006 0.4117662735729259 0.9089675030821713 0.25
3007 0.3785360881416316 0.9638891058694685 0.25
3008 0.3570721762815988 0.9277782117389372 0.35
3009 0.4117662735729259 0.9089675030821713 0.4
3010 0.3785360881416316 0.9638891058694685 0.4
3011 0.4117662735729259 0.9089675030821713 0.35
3012 0.3785360881416316 0.9638891058694685 0.35
3013 0.3570721762815988 0.9277782117389372 0.45
3014 0.4117662735729259 0.9089675030821713 0.4500000000000001
3015 0.3785360881416316 0.9638891058694685 0.45
3016 0.07222178826106584 0.3570721762816144 0.05
3017 0.09103249691783488 0.4117662735729457 0.1
3018 0.03611089413053292 0.3785360881416394 0.1
3019 0.09103249691783488 0.4117662735729457 0.05
3020 0.03611089413053292 0.3785360881416394 0.05
3021 0.07222178826106584 0.3570721762816144 0.15
3022 0.09103249691783488 0.4117662735729457 0.2
3023 0.03611089413053292 0.3785360881416394 0.2
3024 0.09103249691783488 0.4117662735729457 0.15
3025 0.03611089413053292 0.3785360881416394 0.15
3026 0.07222178826106584 0.3570721762816144 0.25
3027 0.09103249691783488 0.4117662735729457 0.3
3028 0.03611089413053292 0.3785360881416394 0.3
3029 0.09103249691783488 0.4117662735729457 0.25
3030 0.03611089413053292 0.3785360881416394 0.25
3031 0.07222178826106584 0.3570721762816144 0.35
3032 0.09103249691783488 0.4117662735729457 0.4
3033 0.03611089413053292 0.3785360881416394 0.4
3034 0.09103249691783488 0.4117662735729457 0.35
3035 0.03611089413053292 0.3785360881416394 0.35
3036 0.07222178826106584 0.3570721762816144 0.45
3037 0.09103249691783488 0.4117662735729457 0.4500000000000001
3038 0.03611089413053292 0.3785360881416394 0.45
3039 0.9279264586308958 0.3570903322492047 0.05
3040 0.9639632293154479 0.3785451661254345 0.1
3041 0.9090416265281492 0.4117753515567226 0.1
3042 0.9639632293154479 0.3785451661254345 0.05
3043 0.9090416265281492 0.4117753515567226 0.05
3044 0.9279264586308958 0.3570903322492047 0.15
3045 0.9639632293154479 0.3785451661254345 0.2
3046 0.9090416265281492 0.4117753515567226 0.2
3047 0.9639632293154479 0.3785451661254345 0.15
3048 0.9090416265281492 0.4117753515567226 0.15
3049 0.9279264586308958 0.3570903322492047 0.25
3050 0.9639632293154479 0.3785451661254345 0.3
3051 0.9090416265281492 0.4117753515567226 0.3
3052 0.9639632293154479 0.3785451661254345 0.25
3053 0.9090416265281492 0.4117753515567226 0.25
3054 0.9279264586308958 0.3570903322492047 0.35
3055 0.9639632293154479 0.3785451661254345 0.4
3056 0.9090416265281492 0.4117753515567226 0.4
3057 0.9639632293154479 0.3785451661254345 0.35
3058 0.9090416265281492 0.4117753515567226 0.35
3059 0.9279264586308958 0.3570903322492047 0.45
3060 0.9639632293154479 0.3785451661254345 0.4500000000000001
3061 0.9090416265281492 0.4117753515567226 0.45
3062 0.8370052365724503 0.5621498692708071 0.05
3063 0.7951996618847934 0.5943581866187189 0.1
3064 0.8064315720261794 0.5345417362165166 0.1
3065 0.7951996618847934 0.5943581866187189 0.05
3066 0.8064315720261794 0.5345417362165166 0.05
3067 0.8370052365724503 0.5621498692708071 0.15
3068 0.7951996618847934 0.5943581866187189 0.2
3069 0.8064315720261794 0.5345417362165166 0.2
3070 0.7951996618847934 0.5943581866187189 0.15
3071 0.8064315720261794 0.5345417362165166 0.15
3072 0.8370052365724503 0.5621498692708071 0.25
3073 0.7951996618847934 0.5943581866187189 0.3
3074 0.8064315720261794 0.5345417362165166 0.3
3075 0.7951996618847934 0.5943581866187189 0.25
3076 0.8064315720261794 0.5345417362165166 0.25
3077 0.8370052365724503 0.5621498692708071 0.35
3078 0.7951996618847934 0.5943581866187189 0.4
3079 0.8064315720261794 0.5345417362165166 0.4
3080 0.7951996618847934 0.5943581866187189 0.35
3081 0.8064315720261794 0.5345417362165166 0.35
3082 0.8370052365724503 0.5621498692708071 0.45
3083 0.7951996618847934 0.5943581866187189 0.4500000000000001
3084 0.8064315720261794 0.5345417362165166 0.45
3085 0.6563260165356131 0.6592539773386683 0.05
3086 0.6116560396266864 0.6497053858818793 0.1
3087 0.664855837353852 0.6175106100071748 0.1
3088 0.6116560396266864 0.6497053858818793 0.05
3089 0.664855837353852 0.6175106100071748 0.05
3090 0.6563260165356131 0.6592539773386683 0.15
3091 0.6116560396266864 0.6497053858818793 0.2
3092 0.664855837353852 0.6175106100071748 0.2
3093 0.6116560396266864 0.6497053858818793 0.15
3094 0.664855837353852 0.6175106100071748 0.15
3095 0.6563260165356131 0.6592539773386683 0.25
3096 0.6116560396266864 0.6497053858818793 0.3
3097 0.664855837353852 0.6175106100071748 0.3
3098 0.6116560396266864 0.6497053858818793 0.25
3099 0.664855837353852 0.6175106100071748 0.25
3100 0.6563260165356131 0.6592539773386683 0.35
3101 0.6116560396266864 0.6497053858818793 0.4
3102 0.664855837353852 0.6175106100071748 0.4
3103 0.6116560396266864 0.6497053858818793 0.35
3104 0.664855837353852 0.6175106100071748 0.35
3105 0.6563260165356131 0.6592539773386683 0.45
3106 0.6116560396266864 0.6497053858818793 0.4500000000000001
3107 0.664855837353852 0.6175106100071748 0.45
3108 0.5150710845777424 0.6964930582504596 0.05
3109 0.5041105237754862 0.7362007617568412 0.1
3110 0.47634310606282 0.6832298605346736 0.1
3111 0.5041105237754862 0.7362007617568411 0.05
3112 0.4763431060628199 0.6832298605346736 0.05
3113 0.5150710845777424 0.6964930582504596 0.15
3114 0.5041105237754862 0.7362007617568412 0.2
3115 0.47634310606282 0.6832298605346736 0.2
3116 0.5041105237754862 0.7362007617568411 0.15
3117 0.4763431060628199 0.6832298605346736 0.15
3118 0.5150710845777424 0.6964930582504596 0.25
3119 0.5041105237754862 0.7362007617568412 0.3
3120 0.47634310606282 0.6832298605346736 0.3
3121 0.5041105237754862 0.7362007617568411 0.25
3122 0.4763431060628199 0.6832298605346736 0.25
3123 0.5150710845777424 0.6964930582504596 0.35
3124 0.5041105237754862 0.7362007617568412 0.4
3125 0.47634310606282 0.6832298605346736 0.4
3126 0.5041105237754862 0.7362007617568411 0.35
3127 0.4763431060628199 0.6832298605346736 0.35
3128 0.5150710845777424 0.6964930582504596 0.45
3129 0.5041105237754862 0.7362007617568411 0.4500000000000001
3130 0.4763431060628199 0.6832298605346736 0.45
3131 0.3087747987576263 0.5175159508627524 0.05
3132 0.2664331667472081 0.505332956918002 0.1
3133 0.323581361658703 0.4779456448110593 0.1
3134 0.2664331667472081 0.505332956918002 0.05
3135 0.323581361658703 0.4779456448110593 0.05
3136 0.3087747987576263 0.5175159508627524 0.15
3137 0.2664331667472081 0.505332956918002 0.2
3138 0.323581361658703 0.4779456448110593 0.2
3139 0.2664331667472081 0.505332956918002 0.15
3140 0.323581361658703 0.4779456448110593 0.15
3141 0.3087747987576263 0.5175159508627524 0.25
3142 0.2664331667472081 0.505332956918002 0.3
3143 0.323581361658703 0.4779456448110593 0.3
3144 0.2664331667472081 0.505332956918002 0.25
3145 0.323581361658703 0.4779456448110593 0.25
3146 0.3087747987576263 0.5175159508627524 0.35
3147 0.2664331667472081 0.505332956918002 0.4
3148 0.323581361658703 0.4779456448110593 0.4
3149 0.2664331667472081 0.505332956918002 0.35
3150 0.323581361658703 0.4779456448110593 0.35
3151 0.3087747987576263 0.5175159508627524 0.45
3152 0.2664331667472081 0.505332956918002 0.4500000000000001
3153 0.323581361658703 0.4779456448110593 0.45
3154 0.4736105247275166 0.293119600966767 0.05
3155 0.51615463712624 0.3134731181200466 0.1
3156 0.4533122310048624 0.3264814032708453 0.1
3157 0.51615463712624 0.3134731181200466 0.05
3158 0.4533122310048624 0.3264814032708453 0.05
3159 0.4736105247275166 0.293119600966767 0.15
3160 0.51615463712624 0.3134731181200466 0.2
3161 0.4533122310048624 0.3264814032708453 0.2
3162 0.51615463712624 0.3134731181200466 0.15
3163 0.4533122310048624 0.3264814032708453 0.15
3164 0.4736105247275166 0.293119600966767 0.25
3165 0.51615463712624 0.3134731181200466 0.3
3166 0.4533122310048624 0.3264814032708453 0.3
3167 0.51615463712624 0.3134731181200466 0.25
3168 0.4533122310048624 0.3264814032708453 0.25
3169 0.4736105247275166 0.293119600966767 0.35
3170 0.51615463712624 0.3134731181200466 0.4
3171 0.4533122310048624 0.3264814032708453 0.4
3172 0.51615463712624 0.3134731181200466 0.35
3173 0.4533122310048624 0.3264814032708453 0.35
3174 0.4736105247275166 0.293119600966767 0.45
3175 0.51615463712624 0.3134731181200466 0.4500000000000001
3176 0.4533122310048624 0.3264814032708453 0.45
3177 0.4902302808771423 0.2586055678517971 0.1
3178 0.4902302808771423 0.2586055678517971 0.05
3179 0.4902302808771423 0.2586055678517971 0.2
3180 0.4902302808771423 0.2586055678517971 0.15
3181 0.4902302808771423 0.2586055678517971 0.3
3182 0.4902302808771423 0.2586055678517971 0.25
3183 0.4902302808771423 0.2586055678517971 0.4
3184 0.4902302808771423 0.2586055678517971 0.35
3185 0.4902302808771423 0.2586055678517971 0.4500000000000001
3186 0.3387810172351867 0.7288319335548943 0.1
3187 0.2852368959195904 0.7505455377560137 0.1
3188 0.3387810172351867 0.7288319335548943 0.05
3189 0.2852368959195904 0.7505455377560137 0.05
3190 0.3387810172351867 0.7288319335548943 0.2
3191 0.2852368959195904 0.7505455377560137 0.2
3192 0.3387810172351867 0.7288319335548943 0.15
3193 0.2852368959195904 0.7505455377560137 0.15
3194 0.3387810172351867 0.7288319335548943 0.3
3195 0.2852368959195904 0.7505455377560137 0.3
3196 0.3387810172351867 0.7288319335548943 0.25
3197 0.2852368959195904 0.7505455377560137 0.25
3198 0.3387810172351867 0.7288319335548943 0.4
3199 0.2852368959195904 0.7505455377560137 0.4
3200 0.3387810172351867 0.7288319335548943 0.35
3201 0.2852368959195904 0.7505455377560137 0.35
3202 0.3387810172351867 0.7288319335548943 0.45
3203 0.2852368959195904 0.7505455377560137 0.4500000000000001
3204 0.2711680664451134 0.3387810172351955 0.1
3205 0.2494544622439835 0.2852368959196017 0.1
3206 0.2711680664451134 0.3387810172351955 0.05
3207 0.2494544622439835 0.2852368959196017 0.05
3208 0.2711680664451134 0.3387810172351955 0.2
3209 0.2494544622439835 0.2852368959196017 0.2
3210 0.2711680664451134 0.3387810172351955 0.15
3211 0.2494544622439835 0.2852368959196017 0.15
3212 0.2711680664451134 0.3387810172351955 0.3
3213 0.2494544622439835 0.2852368959196017 0.3
3214 0.2711680664451134 0.3387810172351955 0.25
3215 0.2494544622439835 0.2852368959196017 0.25
3216 0.2711680664451134 0.3387810172351955 0.4
3217 0.2494544622439835 0.2852368959196017 0.4
3218 0.2711680664451134 0.3387810172351955 0.35
3219 0.2494544622439835 0.2852368959196017 0.35
3220 0.2711680664451134 0.3387810172351955 0.45
3221 0.2494544622439835 0.2852368959196017 0.4500000000000001
3222 0.5383214430539313 0.5549995271739514 0.1
3223 0.5276183764544654 0.6141056654263597 0.1
3224 0.5383214430539311 0.5549995271739514 0.05
3225 0.5276183764544654 0.6141056654263597 0.05
3226 0.5383214430539313 0.5549995271739514 0.2
3227 0.5276183764544654 0.6141056654263597 0.2
3228 0.5383214430539311 0.5549995271739514 0.15
3229 0.5276183764544654 0.6141056654263597 0.15
3230 0.5383214430539313 0.5549995271739514 0.3
3231 0.5276183764544654 0.6141056654263597 0.3
3232 0.5383214430539311 0.5549995271739514 0.25
3233 0.5276183764544654 0.6141056654263597 0.25
3234 0.5383214430539313 0.5549995271739514 0.4
3235 0.5276183764544654 0.6141056654263597 0.4
3236 0.5383214430539311 0.5549995271739514 0.35
3237 0.5276183764544654 0.6141056654263597 0.35
3238 0.5383214430539311 0.5549995271739514 0.4500000000000001
3239 0.5276183764544654 0.6141056654263597 0.45
3240 0.6888043209094913 0.4926486832135747 0.05
3241 0.7323311141946999 0.4997911431879004 0.1
3242 0.6810949895407911 0.534207962944628 0.1
3243 0.7323311141946999 0.4997911431879004 0.05
3244 0.6810949895407911 0.534207962944628 0.05
3245 0.6888043209094913 0.4926486832135747 0.15
3246 0.7323311141946999 0.4997911431879004 0.2
3247 0.6810949895407911 0.534207962944628 0.2
3248 0.7323311141946999 0.4997911431879004 0.15
3249 0.6810949895407911 0.534207962944628 0.15
3250 0.6888043209094913 0.4926486832135747 0.25
3251 0.7323311141946999 0.4997911431879004 0.3
3252 0.6810949895407911 0.534207962944628 0.3
3253 0.7323311141946999 0.4997911431879004 0.25
3254 0.6810949895407911 0.534207962944628 0.25
3255 0.6888043209094913 0.4926486832135747 0.35
3256 0.7323311141946999 0.4997911431879004 0.4
3257 0.6810949895407911 0.534207962944628 0.4
3258 0.7323311141946999 0.4997911431879004 0.35
3259 0.6810949895407911 0.534207962944628 0.35
3260 0.6888043209094913 0.4926486832135747 0.45
3261 0.7323311141946999 0.4997911431879004 0.4500000000000001
3262 0.6810949895407911 0.534207962944628 0.45
3263 0.3535886428483456 0.6551594163499921 0.05
3264 0.3587623479516374 0.613585143717216 0.1
3265 0.3956018851981216 0.6625630395844397 0.1
3266 0.3587623479516374 0.613585143717216 0.05
3267 0.3956018851981216 0.6625630395844397 0.05
3268 0.3535886428483456 0.6551594163499921 0.15
3269 0.3587623479516374 0.613585143717216 0.2
3270 0.3956018851981216 0.6625630395844397 0.2
3271 0.3587623479516374 0.613585143717216 0.15
3272 0.3956018851981216 0.6625630395844397 0.15
3273 0.3535886428483456 0.6551594163499921 0.25
3274 0.3587623479516374 0.613585143717216 0.3
3275 0.3956018851981216 0.6625630395844397 0.3
3276 0.3587623479516374 0.613585143717216 0.25
3277 0.3956018851981216 0.6625630395844397 0.25
3278 0.3535886428483456 0.6551594163499921 0.35
3279 0.3587623479516374 0.613585143717216 0.4
3280 0.3956018851981216 0.6625630395844397 0.4
3281 0.3587623479516374 0.613585143717216 0.35
3282 0.3956018851981216 0.6625630395844397 0.35
3283 0.3535886428483456 0.6551594163499921 0.45
3284 0.3587623479516374 0.613585143717216 0.4500000000000001
3285 0.3956018851981216 0.6625630395844397 0.45
3286 0.3464534195227978 0.3545328654627604 0.05
3287 0.3897336784025031 0.357188035518842 0.1
3288 0.3424206720412888 0.3964541021110632 0.1
3289 0.3897336784025031 0.357188035518842 0.05
3290 0.3424206720412888 0.3964541021110632 0.05
3291 0.3464534195227978 0.3545328654627604 0.15
3292 0.3897336784025031 0.357188035518842 0.2
3293 0.3424206720412888 0.3964541021110632 0.2
3294 0.3897336784025031 0.357188035518842 0.15
3295 0.3424206720412888 0.3964541021110632 0.15
3296 0.3464534195227978 0.3545328654627604 0.25
3297 0.3897336784025031 0.357188035518842 0.3
3298 0.3424206720412888 0.3964541021110632 0.3
3299 0.3897336784025031 0.357188035518842 0.25
3300 0.3424206720412888 0.3964541021110632 0.25
3301 0.3464534195227978 0.3545328654627604 0.35
3302 0.3897336784025031 0.357188035518842 0.4
3303 0.3424206720412888 0.3964541021110632 0.4
3304 0.3897336784025031 0.357188035518842 0.35
3305 0.3424206720412888 0.3964541021110632 0.35
3306 0.3464534195227978 0.3545328654627604 0.45
3307 0.3897336784025031 0.357188035518842 0.4500000000000001
3308 0.3424206720412888 0.3964541021110632 0.45
3309 0.3738656302372909 0.4675112601056689 0.1
3310 0.4297588348204271 0.4676013393854389 0.1
3311 0.3738656302372909 0.4675112601056689 0.05
3312 0.4297588348204271 0.4676013393854389 0.05
3313 0.3738656302372909 0.4675112601056689 0.2
3314 0.4297588348204271 0.4676013393854389 0.2
3315 0.3738656302372909 0.4675112601056689 0.15
3316 0.4297588348204271 0.4676013393854389 0.15
3317 0.3738656302372909 0.4675112601056689 0.3
3318 0.4297588348204271 0.4676013393854389 0.3
3319 0.3738656302372909 0.4675112601056689 0.25
3320 0.4297588348204271 0.4676013393854389 0.25
3321 0.3738656302372909 0.4675112601056689 0.4
3322 0.4297588348204271 0.4676013393854389 0.4
3323 0.3738656302372909 0.4675112601056689 0.35
3324 0.4297588348204271 0.4676013393854389 0.35
3325 0.3738656302372909 0.4675112601056689 0.45
3326 0.4297588348204271 0.4676013393854389 0.4500000000000001
3327 0.5019001394555083 0.4925441936574553 0.05
3328 0.4950754148233397 0.5402993650425423 0.1
3329 0.4556217376851552 0.4945956875547135 0.1
3330 0.4950754148233397 0.5402993650425423 0.05
3331 0.4556217376851552 0.4945956875547135 0.05
3332 0.5019001394555083 0.4925441936574553 0.15
3333 0.4950754148233397 0.5402993650425423 0.2
3334 0.4556217376851552 0.4945956875547135 0.2
3335 0.4950754148233397 0.5402993650425423 0.15
3336 0.4556217376851552 0.4945956875547135 0.15
3337 0.5019001394555083 0.4925441936574553 0.25
3338 0.4950754148233397 0.5402993650425423 0.3
3339 0.4556217376851552 0.4945956875547135 0.3
3340 0.4950754148233397 0.5402993650425423 0.25
3341 0.4556217376851552 0.4945956875547135 0.25
3342 0.5019001394555083 0.4925441936574553 0.35
3343 0.4950754148233397 0.5402993650425423 0.4
3344 0.4556217376851552 0.4945956875547135 0.4
3345 0.4950754148233397 0.5402993650425423 0.35
3346 0.4556217376851552 0.4945956875547135 0.35
3347 0.5019001394555083 0.4925441936574553 0.45
3348 0.4950754148233397 0.5402993650425423 0.45
3349 0.4556217376851552 0.4945956875547135 0.4500000000000001
3350 0.639256421891587 0.1515500214094944 0.05
3351 0.5863980255136956 0.130696613492109 0.1
3352 0.6408003427836616 0.1116850928032027 0.1
3353 0.5863980255136956 0.130696613492109 0.05
3354 0.6408003427836616 0.1116850928032027 0.05
3355 0.639256421891587 0.1515500214094944 0.15
3356 0.5863980255136956 0.130696613492109 0.2
3357 0.6408003427836616 0.1116850928032027 0.2
3358 0.5863980255136956 0.130696613492109 0.15
3359 0.6408003427836616 0.1116850928032027 0.15
3360 0.639256421891587 0.1515500214094944 0.25
3361 0.5863980255136956 0.130696613492109 0.3
3362 0.6408003427836616 0.1116850928032027 0.3
3363 0.5863980255136956 0.130696613492109 0.25
3364 0.6408003427836616 0.1116850928032027 0.25
3365 0.639256421891587 0.1515500214094944 0.35
3366 0.5863980255136956 0.130696613492109 0.4
3367 0.6408003427836616 0.1116850928032027 0.4
3368 0.5863980255136956 0.130696613492109 0.35
3369 0.6408003427836616 0.1116850928032027 0.35
3370 0.639256421891587 0.1515500214094944 0.45
3371 0.5863980255136956 0.130696613492109 0.45
3372 0.6408003427836616 0.1116850928032027 0.4500000000000001
3373 0.4128328227476433 0.869165992325927 0.1
3374 0.3581387254563161 0.8879767009826928 0.1
3375 0.4128328227476433 0.869165992325927 0.05
3376 0.3581387254563162 0.8879767009826928 0.05
3377 0.4128328227476433 0.869165992325927 0.2
3378 0.3581387254563161 0.8879767009826928 0.2
3379 0.4128328227476433 0.869165992325927 0.15
3380 0.3581387254563162 0.8879767009826928 0.15
3381 0.4128328227476433 0.869165992325927 0.3
3382 0.3581387254563161 0.8879767009826928 0.3
3383 0.4128328227476433 0.869165992325927 0.25
3384 0.3581387254563162 0.8879767009826928 0.25
3385 0.4128328227476433 0.869165992325927 0.4
3386 0.3581387254563161 0.8879767009826928 0.4
3387 0.4128328227476433 0.869165992325927 0.35
3388 0.3581387254563162 0.8879767009826928 0.35
3389 0.4128328227476433 0.869165992325927 0.45
3390 0.3581387254563162 0.8879767009826928 0.4500000000000001
3391 0.1308340076740804 0.4128328227476671 0.1
3392 0.1120232990173114 0.3581387254563358 0.1
3393 0.1308340076740804 0.4128328227476672 0.05
3394 0.1120232990173114 0.3581387254563358 0.05
3395 0.1308340076740804 0.4128328227476671 0.2
3396 0.1120232990173114 0.3581387254563358 0.2
3397 0.1308340076740804 0.4128328227476672 0.15
3398 0.1120232990173114 0.3581387254563358 0.15
3399 0.1308340076740804 0.4128328227476671 0.3
3400 0.1120232990173114 0.3581387254563358 0.3
3401 0.1308340076740804 0.4128328227476672 0.25
3402 0.1120232990173114 0.3581387254563358 0.25
3403 0.1308340076740804 0.4128328227476671 0.4
3404 0.1120232990173114 0.3581387254563358 0.4
3405 0.1308340076740804 0.4128328227476672 0.35
3406 0.1120232990173114 0.3581387254563358 0.35
3407 0.1308340076740804 0.4128328227476672 0.45
3408 0.1120232990173114 0.3581387254563358 0.4500000000000001
3409 0.8488660690843599 0.3592898873605431 0.05
3410 0.8695114317548813 0.4128751291123918 0.1
3411 0.8883962638576279 0.3581901098048739 0.1
3412 0.8695114317548813 0.4128751291123918 0.05
3413 0.8883962638576279 0.3581901098048739 0.05
3414 0.8488660690843599 0.3592898873605431 0.15
3415 0.8695114317548813 0.4128751291123918 0.2
3416 0.8883962638576279 0.3581901098048739 0.2
3417 0.8695114317548813 0.4128751291123918 0.15
3418 0.8883962638576279 0.3581901098048739 0.15
3419 0.8488660690843599 0.3592898873605431 0.25
3420 0.8695114317548813 0.4128751291123918 0.3
3421 0.8883962638576279 0.3581901098048739 0.3
3422 0.8695114317548813 0.4128751291123918 0.25
3423 0.8883962638576279 0.3581901098048739 0.25
3424 0.8488660690843599 0.3592898873605431 0.35
3425 0.8695114317548813 0.4128751291123918 0.4
3426 0.8883962638576279 0.3581901098048739 0.4
3427 0.8695114317548813 0.4128751291123918 0.35
3428 0.8883962638576279 0.3581901098048739 0.35
3429 0.8488660690843599 0.3592898873605431 0.45
3430 0.8695114317548813 0.4128751291123918 0.45
3431 0.8883962638576279 0.3581901098048739 0.45
3432 0.9023348642130218 0.7390736031439662 0.05
3433 0.9511674321065109 0.7195368015723298 0.1
3434 0.9511674321065109 0.769536801571983 0.1
3435 0.9511674321065109 0.7195368015723298 0.05
3436 0.9511674321065109 0.769536801571983 0.05
3437 0.9023348642130218 0.7390736031439662 0.15
3438 0.9511674321065109 0.7195368015723298 0.2
3439 0.9511674321065109 0.769536801571983 0.2
3440 0.9511674321065109 0.7195368015723298 0.15
3441 0.9511674321065109 0.769536801571983 0.15
3442 0.9023348642130218 0.7390736031439662 0.25
3443 0.9511674321065109 0.7195368015723298 0.3
3444 0.9511674321065109 0.769536801571983 0.3
3445 0.9511674321065109 0.7195368015723298 0.25
3446 0.9511674321065109 0.769536801571983 0.25
3447 0.9023348642130218 0.7390736031439662 0.35
3448 0.9511674321065109 0.7195368015723298 0.4
3449 0.9511674321065109 0.769536801571983 0.4
3450 0.9511674321065109 0.7195368015723298 0.35
3451 0.9511674321065109 0.769536801571983 0.35
3452 0.9023348642130218 0.7390736031439662 0.45
3453 0.9511674321065109 0.7195368015723298 0.4500000000000001
3454 0.9511674321065109 0.769536801571983 0.45
3455 0.7402985969819242 0.9006094296442395 0.05
3456 0.770149298490962 0.9503047148221198 0.1
3457 0.7201492984913088 0.9503047148221198 0.1
3458 0.7701492984909619 0.9503047148221198 0.05
3459 0.7201492984913088 0.9503047148221198 0.05
3460 0.7402985969819242 0.9006094296442395 0.15
3461 0.770149298490962 0.9503047148221198 0.2
3462 0.7201492984913088 0.9503047148221198 0.2
3463 0.7701492984909619 0.9503047148221198 0.15
3464 0.7201492984913088 0.9503047148221198 0.15
3465 0.7402985969819242 0.9006094296442395 0.25
3466 0.770149298490962 0.9503047148221198 0.3
3467 0.7201492984913088 0.9503047148221198 0.3
3468 0.7701492984909619 0.9503047148221198 0.25
3469 0.7201492984913088 0.9503047148221198 0.25
3470 0.7402985969819242 0.9006094296442395 0.35
3471 0.770149298490962 0.9503047148221198 0.4
3472 0.7201492984913088 0.9503047148221198 0.4
3473 0.7701492984909619 0.9503047148221198 0.35
3474 0.7201492984913088 0.9503047148221198 0.35
3475 0.7402985969819242 0.9006094296442395 0.45
3476 0.7701492984909619 0.9503047148221198 0.4500000000000001
3477 0.7201492984913088 0.9503047148221198 0.45
3478 0.09766513578698921 0.7390736031440752 0.05
3479 0.04883256789349461 0.7695368015720375 0.1
3480 0.04883256789349461 0.7195368015723843 0.1
3481 0.04883256789349461 0.7695368015720374 0.05
3482 0.04883256789349461 0.7195368015723843 0.05
3483 0.09766513578698921 0.7390736031440752 0.15
3484 0.04883256789349461 0.7695368015720375 0.2
3485 0.04883256789349461 0.7195368015723843 0.2
3486 0.04883256789349461 0.7695368015720374 0.15
3487 0.04883256789349461 0.7195368015723843 0.15
3488 0.09766513578698921 0.7390736031440752 0.25
3489 0.04883256789349461 0.7695368015720375 0.3
3490 0.04883256789349461 0.7195368015723843 0.3
3491 0.04883256789349461 0.7695368015720374 0.25
3492 0.04883256789349461 0.7195368015723843 0.25
3493 0.09766513578698921 0.7390736031440752 0.35
3494 0.04883256789349461 0.7695368015720375 0.4
3495 0.04883256789349461 0.7195368015723843 0.4
3496 0.04883256789349461 0.7695368015720374 0.35
3497 0.04883256789349461 0.7195368015723843 0.35
3498 0.09766513578698921 0.7390736031440752 0.45
3499 0.04883256789349461 0.7695368015720374 0.4500000000000001
3500 0.04883256789349461 0.7195368015723843 0.45
3501 0.2609263968558755 0.09766513578698983 0.05
3502 0.2304631984277167 0.04883256789349492 0.1
3503 0.2804631984275709 0.04883256789349492 0.1
3504 0.2304631984277167 0.04883256789349492 0.05
3505 0.2804631984275709 0.04883256789349492 0.05
3506 0.2609263968558755 0.09766513578698983 0.15
3507 0.2304631984277167 0.04883256789349492 0.2
3508 0.2804631984275709 0.04883256789349492 0.2
3509 0.2304631984277167 0.04883256789349492 0.15
3510 0.2804631984275709 0.04883256789349492 0.15
3511 0.2609263968558755 0.09766513578698983 0.25
3512 0.2304631984277167 0.04883256789349492 0.3
3513 0.2804631984275709 0.04883256789349492 0.3
3514 0.2304631984277167 0.04883256789349492 0.25
3515 0.2804631984275709 0.04883256789349492 0.25
3516 0.2609263968558755 0.09766513578698983 0.35
3517 0.2304631984277167 0.04883256789349492 0.4
3518 0.2804631984275709 0.04883256789349492 0.4
3519 0.2304631984277167 0.04883256789349492 0.35
3520 0.2804631984275709 0.04883256789349492 0.35
3521 0.2609263968558755 0.09766513578698983 0.45
3522 0.2304631984277167 0.04883256789349492 0.4500000000000001
3523 0.2804631984275709 0.04883256789349492 0.45
3524 0.7389252673531325 0.09770759400033686 0.05
3525 0.7194626336761712 0.04885379700016843 0.1
3526 0.7694626336763029 0.04885379700016843 0.1
3527 0.7194626336761712 0.04885379700016843 0.05
3528 0.7694626336763029 0.04885379700016843 0.05
3529 0.7389252673531325 0.09770759400033686 0.15
3530 0.7194626336761712 0.04885379700016843 0.2
3531 0.7694626336763029 0.04885379700016843 0.2
3532 0.7194626336761712 0.04885379700016843 0.15
3533 0.7694626336763029 0.04885379700016843 0.15
3534 0.7389252673531325 0.09770759400033686 0.25
3535 0.7194626336761712 0.04885379700016843 0.3
3536 0.7694626336763029 0.04885379700016843 0.3
3537 0.7194626336761712 0.04885379700016843 0.25
3538 0.7694626336763029 0.04885379700016843 0.25
3539 0.7389252673531325 0.09770759400033686 0.35
3540 0.7194626336761712 0.04885379700016843 0.4
3541 0.7694626336763029 0.04885379700016843 0.4
3542 0.7194626336761712 0.04885379700016843 0.35
3543 0.7694626336763029 0.04885379700016843 0.35
3544 0.7389252673531325 0.09770759400033686 0.45
3545 0.7194626336761712 0.04885379700016843 0.4500000000000001
3546 0.7694626336763029 0.04885379700016843 0.45
3547 0.2596952359097945 0.900559074042832 0.05
3548 0.2798476179555214 0.950279537021416 0.1
3549 0.2298476179553133 0.950279537021416 0.1
3550 0.2798476179555214 0.9502795370214161 0.05
3551 0.2298476179553133 0.950279537021416 0.05
3552 0.2596952359097945 0.900559074042832 0.15
3553 0.2798476179555214 0.950279537021416 0.2
3554 0.2298476179553133 0.950279537021416 0.2
3555 0.2798476179555214 0.9502795370214161 0.15
3556 0.2298476179553133 0.950279537021416 0.15
3557 0.2596952359097945 0.900559074042832 0.25
3558 0.2798476179555214 0.950279537021416 0.3
3559 0.2298476179553133 0.950279537021416 0.3
3560 0.2798476179555214 0.9502795370214161 0.25
3561 0.2298476179553133 0.950279537021416 0.25
3562 0.2596952359097945 0.900559074042832 0.35
3563 0.2798476179555214 0.950279537021416 0.4
3564 0.2298476179553133 0.950279537021416 0.4
3565 0.2798476179555214 0.9502795370214161 0.35
3566 0.2298476179553133 0.950279537021416 0.35
3567 0.2596952359097945 0.900559074042832 0.45
3568 0.2798476179555214 0.9502795370214161 0.4500000000000001
3569 0.2298476179553133 0.950279537021416 0.45
3570 0.09944092595716839 0.2596952359098248 0.05
3571 0.04972046297858419 0.2798476179555365 0.1
3572 0.04972046297858419 0.2298476179553285 0.1
3573 0.04972046297858419 0.2798476179555365 0.05
3574 0.04972046297858419 0.2298476179553285 0.05
3575 0.09944092595716839 0.2596952359098248 0.15
3576 0.04972046297858419 0.2798476179555365 0.2
3577 0.04972046297858419 0.2298476179553285 0.2
3578 0.04972046297858419 0.2798476179555365 0.15
3579 0.04972046297858419 0.2298476179553285 0.15
3580 0.09944092595716839 0.2596952359098248 0.25
3581 0.04972046297858419 0.2798476179555365 0.3
3582 0.04972046297858419 0.2298476179553285 0.3
3583 0.04972046297858419 0.2798476179555365 0.25
3584 0.04972046297858419 0.2298476179553285 0.25
3585 0.09944092595716839 0.2596952359098248 0.35
3586 0.04972046297858419 0.2798476179555365 0.4
3587 0.04972046297858419 0.2298476179553285 0.4
3588 0.04972046297858419 0.2798476179555365 0.35
3589 0.04972046297858419 0.2298476179553285 0.35
3590 0.09944092595716839 0.2596952359098248 0.45
3591 0.04972046297858419 0.2798476179555365 0.4500000000000001
3592 0.04972046297858419 0.2298476179553285 0.45
3593 0.9006094296447171 0.2597014030183271 0.05
3594 0.9503047148223586 0.2298507015095796 0.1
3595 0.9503047148223586 0.2798507015097877 0.1
3596 0.9503047148223585 0.2298507015095796 0.05
3597 0.9503047148223586 0.2798507015097877 0.05
3598 0.9006094296447171 0.2597014030183271 0.15
3599 0.9503047148223586 0.2298507015095796 0.2
3600 0.9503047148223586 0.2798507015097877 0.2
3601 0.9503047148223585 0.2298507015095796 0.15
3602 0.9503047148223586 0.2798507015097877 0.15
3603 0.9006094296447171 0.2597014030183271 0.25
3604 0.9503047148223586 0.2298507015095796 0.3
3605 0.9503047148223586 0.2798507015097877 0.3
3606 0.9503047148223585 0.2298507015095796 0.25
3607 0.9503047148223586 0.2798507015097877 0.25
3608 0.9006094296447171 0.2597014030183271 0.35
3609 0.9503047148223586 0.2298507015095796 0.4
3610 0.9503047148223586 0.2798507015097877 0.4
3611 0.9503047148223585 0.2298507015095796 0.35
3612 0.9503047148223586 0.2798507015097877 0.35
3613 0.9006094296447171 0.2597014030183271 0.45
3614 0.9503047148223585 0.2298507015095796 0.4500000000000001
3615 0.9503047148223586 0.2798507015097877 0.45
3616 0.7277938243382258 0.1987347033779291 0.05
3617 0.6272757651391989 0.2005145057213447 0.1
3618 0.6715444663625183 0.2241068467055621 0.1
3619 0.6835251231149064 0.1751423623937118 0.1
3620 0.6272757651391989 0.2005145057213448 0.05
3621 0.6715444663625183 0.2241068467055621 0.05
3622 0.6835251231149064 0.1751423623937118 0.05
3623 0.7277938243382258 0.1987347033779291 0.15
3624 0.6272757651391989 0.2005145057213447 0.2
3625 0.6715444663625183 0.2241068467055621 0.2
3626 0.6835251231149064 0.1751423623937118 0.2
3627 0.6272757651391989 0.2005145057213448 0.15
3628 0.6715444663625183 0.2241068467055621 0.15
3629 0.6835251231149064 0.1751423623937118 0.15
3630 0.7277938243382258 0.1987347033779291 0.25
3631 0.6272757651391989 0.2005145057213447 0.3
3632 0.6715444663625183 0.2241068467055621 0.3
3633 0.6835251231149064 0.1751423623937118 0.3
3634 0.6272757651391989 0.2005145057213448 0.25
3635 0.6715444663625183 0.2241068467055621 0.25
3636 0.6835251231149064 0.1751423623937118 0.25
3637 0.7277938243382258 0.1987347033779291 0.35
3638 0.6272757651391989 0.2005145057213447 0.4
3639 0.6715444663625183 0.2241068467055621 0.4
3640 0.6835251231149064 0.1751423623937118 0.4
3641 0.6272757651391989 0.2005145057213448 0.35
3642 0.6715444663625183 0.2241068467055621 0.35
3643 0.6835251231149064 0.1751423623937118 0.35
3644 0.7277938243382258 0.1987347033779291 0.45
3645 0.6272757651391989 0.2005145057213448 0.45
3646 0.6715444663625183 0.2241068467055621 0.4500000000000001
3647 0.6835251231149064 0.1751423623937118 0.45
3648 0.5451461676860998 0.5072443557888644 0.1
3649 0.5451461676860998 0.5072443557888644 0.05
3650 0.5451461676860998 0.5072443557888644 0.2
3651 0.5451461676860998 0.5072443557888644 0.15
3652 0.5451461676860998 0.5072443557888644 0.3
3653 0.5451461676860998 0.5072443557888644 0.25
3654 0.5451461676860998 0.5072443557888644 0.4
3655 0.5451461676860998 0.5072443557888644 0.35
3656 0.5451461676860998 0.5072443557888644 0.45
3657 0.7186394394797746 0.2980304990030364 0.05
3658 0.6669672739332928 0.2737547445181158 0.1
3659 0.7232166319090002 0.2483826011904827 0.1
3660 0.6669672739332928 0.2737547445181158 0.05
3661 0.7232166319090002 0.2483826011904827 0.05
3662 0.7186394394797746 0.2980304990030364 0.15
3663 0.6669672739332928 0.2737547445181158 0.2
3664 0.7232166319090002 0.2483826011904827 0.2
3665 0.6669672739332928 0.2737547445181158 0.15
3666 0.7232166319090002 0.2483826011904827 0.15
3667 0.7186394394797746 0.2980304990030364 0.25
3668 0.6669672739332928 0.2737547445181158 0.3
3669 0.7232166319090002 0.2483826011904827 0.3
3670 0.6669672739332928 0.2737547445181158 0.25
3671 0.7232166319090002 0.2483826011904827 0.25
3672 0.7186394394797746 0.2980304990030364 0.35
3673 0.6669672739332928 0.2737547445181158 0.4
3674 0.7232166319090002 0.2483826011904827 0.4
3675 0.6669672739332928 0.2737547445181158 0.35
3676 0.7232166319090002 0.2483826011904827 0.35
3677 0.7186394394797746 0.2980304990030364 0.45
3678 0.6669672739332928 0.2737547445181158 0.45
3679 0.7232166319090002 0.2483826011904827 0.4500000000000001
3680 0.5700787557216547 0.9167513246759387 0.05
3681 0.5350393778618567 0.9583756623379693 0.1
3682 0.5182695632929539 0.9034540595506722 0.1
3683 0.5350393778618567 0.9583756623379693 0.05
3684 0.5182695632929539 0.9034540595506722 0.05
3685 0.5700787557216547 0.9167513246759387 0.15
3686 0.5350393778618567 0.9583756623379693 0.2
3687 0.5182695632929539 0.9034540595506722 0.2
3688 0.5350393778618567 0.9583756623379693 0.15
3689 0.5182695632929539 0.9034540595506722 0.15
3690 0.5700787557216547 0.9167513246759387 0.25
3691 0.5350393778618567 0.9583756623379693 0.3
3692 0.5182695632929539 0.9034540595506722 0.3
3693 0.5350393778618567 0.9583756623379693 0.25
3694 0.5182695632929539 0.9034540595506722 0.25
3695 0.5700787557216547 0.9167513246759387 0.35
3696 0.5350393778618567 0.9583756623379693 0.4
3697 0.5182695632929539 0.9034540595506722 0.4
3698 0.5350393778618567 0.9583756623379693 0.35
3699 0.5182695632929539 0.9034540595506722 0.35
3700 0.5700787557216547 0.9167513246759387 0.45
3701 0.5350393778618567 0.9583756623379693 0.4500000000000001
3702 0.5182695632929539 0.9034540595506722 0.45
3703 0.9167513246759365 0.5700787557216469 0.05
3704 0.9034540595506695 0.5182695632929437 0.1
3705 0.9583756623379682 0.5350393778618527 0.1
3706 0.9034540595506695 0.5182695632929437 0.05
3707 0.9583756623379682 0.5350393778618527 0.05
3708 0.9167513246759365 0.5700787557216469 0.15
3709 0.9034540595506695 0.5182695632929437 0.2
3710 0.9583756623379682 0.5350393778618527 0.2
3711 0.9034540595506695 0.5182695632929437 0.15
3712 0.9583756623379682 0.5350393778618527 0.15
3713 0.9167513246759365 0.5700787557216469 0.25
3714 0.9034540595506695 0.5182695632929437 0.3
3715 0.9583756623379682 0.5350393778618527 0.3
3716 0.9034540595506695 0.5182695632929437 0.25
3717 0.9583756623379682 0.5350393778618527 0.25
3718 0.9167513246759365 0.5700787557216469 0.35
3719 0.9034540595506695 0.5182695632929437 0.4
3720 0.9583756623379682 0.5350393778618527 0.4
3721 0.9034540595506695 0.5182695632929437 0.35
3722 0.9583756623379682 0.5350393778618527 0.35
3723 0.9167513246759365 0.5700787557216469 0.45
3724 0.9034540595506695 0.5182695632929437 0.4500000000000001
3725 0.9583756623379682 0.5350393778618527 0.45
3726 0.08324867532406605 0.5700787557216673 0.05
3727 0.04162433766203302 0.535039377861863 0.1
3728 0.09654594044933498 0.5182695632929721 0.1
3729 0.04162433766203302 0.535039377861863 0.05
3730 0.09654594044933498 0.5182695632929721 0.05
3731 0.08324867532406605 0.5700787557216673 0.15
3732 0.04162433766203302 0.535039377861863 0.2
3733 0.09654594044933498 0.5182695632929721 0.2
3734 0.04162433766203302 0.535039377861863 0.15
3735 0.09654594044933498 0.5182695632929721 0.15
3736 0.08324867532406605 0.5700787557216673 0.25
3737 0.04162433766203302 0.535039377861863 0.3
3738 0.09654594044933498 0.5182695632929721 0.3
3739 0.04162433766203302 0.535039377861863 0.25
3740 0.09654594044933498 0.5182695632929721 0.25
3741 0.08324867532406605 0.5700787557216673 0.35
3742 0.04162433766203302 0.535039377861863 0.4
3743 0.09654594044933498 0.5182695632929721 0.4
3744 0.04162433766203302 0.535039377861863 0.35
3745 0.09654594044933498 0.5182695632929721 0.35
3746 0.08324867532406605 0.5700787557216673 0.45
3747 0.04162433766203302 0.535039377861863 0.4500000000000001
3748 0.09654594044933498 0.5182695632929721 0.45
3749 0.429921244278553 0.08324867532407611 0.05
3750 0.4649606221386237 0.04162433766203805 0.1
3751 0.4817304367071786 0.09654594044939982 0.1
3752 0.4649606221386237 0.04162433766203805 0.05
3753 0.4817304367071786 0.09654594044939982 0.05
3754 0.429921244278553 0.08324867532407611 0.15
3755 0.4649606221386237 0.04162433766203805 0.2
3756 0.4817304367071786 0.09654594044939982 0.2
3757 0.4649606221386237 0.04162433766203805 0.15
3758 0.4817304367071786 0.09654594044939982 0.15
3759 0.429921244278553 0.08324867532407611 0.25
3760 0.4649606221386237 0.04162433766203805 0.3
3761 0.4817304367071786 0.09654594044939982 0.3
3762 0.4649606221386237 0.04162433766203805 0.25
3763 0.4817304367071786 0.09654594044939982 0.25
3764 0.429921244278553 0.08324867532407611 0.35
3765 0.4649606221386237 0.04162433766203805 0.4
3766 0.4817304367071786 0.09654594044939982 0.4
3767 0.4649606221386237 0.04162433766203805 0.35
3768 0.4817304367071786 0.09654594044939982 0.35
3769 0.429921244278553 0.08324867532407611 0.45
3770 0.4649606221386237 0.04162433766203805 0.4500000000000001
3771 0.4817304367071786 0.09654594044939982 0.45
3772 0.640710112639307 0.8488660690838725 0.05
3773 0.7370236452035589 0.7996165664366417 0.05
3774 0.6905043548106156 0.874737749364056 0.1
3775 0.7386611210927416 0.8501129980404406 0.1
3776 0.6888668789214329 0.8242413177602571 0.1
3777 0.6905043548106156 0.874737749364056 0.05
3778 0.7386611210927416 0.8501129980404405 0.05
3779 0.6888668789214329 0.8242413177602571 0.05
3780 0.640710112639307 0.8488660690838725 0.15
3781 0.7370236452035589 0.7996165664366417 0.15
3782 0.6905043548106156 0.874737749364056 0.2
3783 0.7386611210927416 0.8501129980404406 0.2
3784 0.6888668789214329 0.8242413177602571 0.2
3785 0.6905043548106156 0.874737749364056 0.15
3786 0.7386611210927416 0.8501129980404405 0.15
3787 0.6888668789214329 0.8242413177602571 0.15
3788 0.640710112639307 0.8488660690838725 0.25
3789 0.7370236452035589 0.7996165664366417 0.25
3790 0.6905043548106156 0.874737749364056 0.3
3791 0.7386611210927416 0.8501129980404406 0.3
3792 0.6888668789214329 0.8242413177602571 0.3
3793 0.6905043548106156 0.874737749364056 0.25
3794 0.7386611210927416 0.8501129980404405 0.25
3795 0.6888668789214329 0.8242413177602571 0.25
3796 0.640710112639307 0.8488660690838725 0.35
3797 0.7370236452035589 0.7996165664366417 0.35
3798 0.6905043548106156 0.874737749364056 0.4
3799 0.7386611210927416 0.8501129980404406 0.4
3800 0.6888668789214329 0.8242413177602571 0.4
3801 0.6905043548106156 0.874737749364056 0.35
3802 0.7386611210927416 0.8501129980404405 0.35
3803 0.6888668789214329 0.8242413177602571 0.35
3804 0.640710112639307 0.8488660690838725 0.45
3805 0.7370236452035589 0.7996165664366417 0.45
3806 0.6905043548106156 0.874737749364056 0.45
3807 0.7386611210927416 0.8501129980404405 0.4500000000000001
3808 0.6888668789214329 0.8242413177602571 0.45
3809 0.309450255270414 0.8743671321346402 0.1
3810 0.2686559424459062 0.8472536462059883 0.1
3811 0.309450255270414 0.8743671321346402 0.05
3812 0.2686559424459062 0.8472536462059883 0.05
3813 0.309450255270414 0.8743671321346402 0.2
3814 0.2686559424459062 0.8472536462059883 0.2
3815 0.309450255270414 0.8743671321346402 0.15
3816 0.2686559424459062 0.8472536462059883 0.15
3817 0.309450255270414 0.8743671321346402 0.3
3818 0.2686559424459062 0.8472536462059883 0.3
3819 0.309450255270414 0.8743671321346402 0.25
3820 0.2686559424459062 0.8472536462059883 0.25
3821 0.309450255270414 0.8743671321346402 0.4
3822 0.2686559424459062 0.8472536462059883 0.4
3823 0.309450255270414 0.8743671321346402 0.35
3824 0.2686559424459062 0.8472536462059883 0.35
3825 0.309450255270414 0.8743671321346402 0.45
3826 0.2686559424459062 0.8472536462059883 0.45
3827 0.1256328678653627 0.3094502552704411 0.1
3828 0.1527463537940094 0.2686559424459322 0.1
3829 0.1256328678653627 0.3094502552704411 0.05
3830 0.1527463537940094 0.2686559424459322 0.05
3831 0.1256328678653627 0.3094502552704411 0.2
3832 0.1527463537940094 0.2686559424459322 0.2
3833 0.1256328678653627 0.3094502552704411 0.15
3834 0.1527463537940094 0.2686559424459322 0.15
3835 0.1256328678653627 0.3094502552704411 0.3
3836 0.1527463537940094 0.2686559424459322 0.3
3837 0.1256328678653627 0.3094502552704411 0.25
3838 0.1527463537940094 0.2686559424459322 0.25
3839 0.1256328678653627 0.3094502552704411 0.4
3840 0.1527463537940094 0.2686559424459322 0.4
3841 0.1256328678653627 0.3094502552704411 0.35
3842 0.1527463537940094 0.2686559424459322 0.35
3843 0.1256328678653627 0.3094502552704411 0.45
3844 0.1527463537940094 0.2686559424459322 0.45
3845 0.7996165664370712 0.2629763547967996 0.05
3846 0.8747377493645385 0.3094956451894351 0.1
3847 0.8501129980408941 0.2613388789075634 0.1
3848 0.8242413177607155 0.3111331210786714 0.1
3849 0.8747377493645385 0.3094956451894351 0.05
3850 0.8501129980408941 0.2613388789075634 0.05
3851 0.8242413177607155 0.3111331210786714 0.05
3852 0.7996165664370712 0.2629763547967996 0.15
3853 0.8747377493645385 0.3094956451894351 0.2
3854 0.8501129980408941 0.2613388789075634 0.2
3855 0.8242413177607155 0.3111331210786714 0.2
3856 0.8747377493645385 0.3094956451894351 0.15
3857 0.8501129980408941 0.2613388789075634 0.15
3858 0.8242413177607155 0.3111331210786714 0.15
3859 0.7996165664370712 0.2629763547967996 0.25
3860 0.8747377493645385 0.3094956451894351 0.3
3861 0.8501129980408941 0.2613388789075634 0.3
3862 0.8242413177607155 0.3111331210786714 0.3
3863 0.8747377493645385 0.3094956451894351 0.25
3864 0.8501129980408941 0.2613388789075634 0.25
3865 0.8242413177607155 0.3111331210786714 0.25
3866 0.7996165664370712 0.2629763547967996 0.35
3867 0.8747377493645385 0.3094956451894351 0.4
3868 0.8501129980408941 0.2613388789075634 0.4
3869 0.8242413177607155 0.3111331210786714 0.4
3870 0.8747377493645385 0.3094956451894351 0.35
3871 0.8501129980408941 0.2613388789075634 0.35
3872 0.8242413177607155 0.3111331210786714 0.35
3873 0.7996165664370712 0.2629763547967996 0.45
3874 0.8747377493645385 0.3094956451894351 0.45
3875 0.8501129980408941 0.2613388789075634 0.4500000000000001
3876 0.8242413177607155 0.3111331210786714 0.45
3877 0.5549039654244571 0.8353931250332846 0.05
3878 0.4798051669187415 0.8330326298443143 0.1
3879 0.5106821681443551 0.862774959729345 0.1
3880 0.5240269641988435 0.8056507951482537 0.1
3881 0.4798051669187414 0.8330326298443143 0.05
3882 0.5106821681443551 0.862774959729345 0.05
3883 0.5240269641988435 0.8056507951482537 0.05
3884 0.5549039654244571 0.8353931250332846 0.15
3885 0.4798051669187415 0.8330326298443143 0.2
3886 0.5106821681443551 0.862774959729345 0.2
3887 0.5240269641988435 0.8056507951482537 0.2
3888 0.4798051669187414 0.8330326298443143 0.15
3889 0.5106821681443551 0.862774959729345 0.15
3890 0.5240269641988435 0.8056507951482537 0.15
3891 0.5549039654244571 0.8353931250332846 0.25
3892 0.4798051669187415 0.8330326298443143 0.3
3893 0.5106821681443551 0.862774959729345 0.3
3894 0.5240269641988435 0.8056507951482537 0.3
3895 0.4798051669187414 0.8330326298443143 0.25
3896 0.5106821681443551 0.862774959729345 0.25
3897 0.5240269641988435 0.8056507951482537 0.25
3898 0.5549039654244571 0.8353931250332846 0.35
3899 0.4798051669187415 0.8330326298443143 0.4
3900 0.5106821681443551 0.862774959729345 0.4
3901 0.5240269641988435 0.8056507951482537 0.4
3902 0.4798051669187414 0.8330326298443143 0.35
3903 0.5106821681443551 0.862774959729345 0.35
3904 0.5240269641988435 0.8056507951482537 0.35
3905 0.5549039654244571 0.8353931250332846 0.45
3906 0.4798051669187414 0.8330326298443143 0.45
3907 0.5106821681443551 0.862774959729345 0.4500000000000001
3908 0.5240269641988435 0.8056507951482537 0.45
3909 0.8330073509526555 0.4866969870132333 0.1
3910 0.8635810154989265 0.5143051200675238 0.1
3911 0.8330073509526555 0.4866969870132333 0.05
3912 0.8635810154989265 0.5143051200675238 0.05
3913 0.8330073509526555 0.4866969870132333 0.2
3914 0.8635810154989265 0.5143051200675238 0.2
3915 0.8330073509526555 0.4866969870132333 0.15
3916 0.8635810154989265 0.5143051200675238 0.15
3917 0.8330073509526555 0.4866969870132333 0.3
3918 0.8635810154989265 0.5143051200675238 0.3
3919 0.8330073509526555 0.4866969870132333 0.25
3920 0.8635810154989265 0.5143051200675238 0.25
3921 0.8330073509526555 0.4866969870132333 0.4
3922 0.8635810154989265 0.5143051200675238 0.4
3923 0.8330073509526555 0.4866969870132333 0.35
3924 0.8635810154989265 0.5143051200675238 0.35
3925 0.8330073509526555 0.4866969870132333 0.45
3926 0.8635810154989265 0.5143051200675238 0.45
3927 0.1646068749667239 0.5549039654244794 0.05
3928 0.1669673701556969 0.4798051669187642 0.1
3929 0.1372250402706639 0.5106821681443782 0.1
3930 0.1943492048517569 0.5240269641988655 0.1
3931 0.1669673701556969 0.4798051669187642 0.05
3932 0.1372250402706639 0.5106821681443782 0.05
3933 0.1943492048517569 0.5240269641988655 0.05
3934 0.1646068749667239 0.5549039654244794 0.15
3935 0.1669673701556969 0.4798051669187642 0.2
3936 0.1372250402706639 0.5106821681443782 0.2
3937 0.1943492048517569 0.5240269641988655 0.2
3938 0.1669673701556969 0.4798051669187642 0.15
3939 0.1372250402706639 0.5106821681443782 0.15
3940 0.1943492048517569 0.5240269641988655 0.15
3941 0.1646068749667239 0.5549039654244794 0.25
3942 0.1669673701556969 0.4798051669187642 0.3
3943 0.1372250402706639 0.5106821681443782 0.3
3944 0.1943492048517569 0.5240269641988655 0.3
3945 0.1669673701556969 0.4798051669187642 0.25
3946 0.1372250402706639 0.5106821681443782 0.25
3947 0.1943492048517569 0.5240269641988655 0.25
3948 0.1646068749667239 0.5549039654244794 0.35
3949 0.1669673701556969 0.4798051669187642 0.4
3950 0.1372250402706639 0.5106821681443782 0.4
3951 0.1943492048517569 0.5240269641988655 0.4
3952 0.1669673701556969 0.4798051669187642 0.35
3953 0.1372250402706639 0.5106821681443782 0.35
3954 0.1943492048517569 0.5240269641988655 0.35
3955 0.1646068749667239 0.5549039654244794 0.45
3956 0.1669673701556969 0.4798051669187642 0.45
3957 0.1372250402706639 0.5106821681443782 0.4500000000000001
3958 0.1943492048517569 0.5240269641988655 0.45
3959 0.4450960345755841 0.1646068749667401 0.05
3960 0.520194833081286 0.1669673701557753 0.1
3961 0.4893178318556942 0.1372250402707318 0.1
3962 0.475973035801176 0.1943492048517836 0.1
3963 0.520194833081286 0.1669673701557753 0.05
3964 0.4893178318556942 0.1372250402707318 0.05
3965 0.475973035801176 0.1943492048517836 0.05
3966 0.4450960345755841 0.1646068749667401 0.15
3967 0.520194833081286 0.1669673701557753 0.2
3968 0.4893178318556942 0.1372250402707318 0.2
3969 0.475973035801176 0.1943492048517836 0.2
3970 0.520194833081286 0.1669673701557753 0.15
3971 0.4893178318556942 0.1372250402707318 0.15
3972 0.475973035801176 0.1943492048517836 0.15
3973 0.4450960345755841 0.1646068749667401 0.25
3974 0.520194833081286 0.1669673701557753 0.3
3975 0.4893178318556942 0.1372250402707318 0.3
3976 0.475973035801176 0.1943492048517836 0.3
3977 0.520194833081286 0.1669673701557753 0.25
3978 0.4893178318556942 0.1372250402707318 0.25
3979 0.475973035801176 0.1943492048517836 0.25
3980 0.4450960345755841 0.1646068749667401 0.35
3981 0.520194833081286 0.1669673701557753 0.4
3982 0.4893178318556942 0.1372250402707318 0.4
3983 0.475973035801176 0.1943492048517836 0.4
3984 0.520194833081286 0.1669673701557753 0.35
3985 0.4893178318556942 0.1372250402707318 0.35
3986 0.475973035801176 0.1943492048517836 0.35
3987 0.4450960345755841 0.1646068749667401 0.45
3988 0.520194833081286 0.1669673701557753 0.45
3989 0.4893178318556942 0.1372250402707318 0.4500000000000001
3990 0.475973035801176 0.1943492048517836 0.45
3991 0.6401567944250877 0.4330139372822219 0.05
3992 0.734823112614077 0.4015419134008578 0.05
3993 0.6874899535195823 0.4172779253415398 0.1
3994 0.6644805576672894 0.4628313102478983 0.1
3995 0.7118137167617842 0.4470952983072162 0.1
3996 0.6874899535195823 0.4172779253415398 0.05
3997 0.6644805576672894 0.4628313102478984 0.05
3998 0.7118137167617842 0.4470952983072162 0.05
3999 0.6401567944250877 0.4330139372822219 0.15
4000 0.734823112614077 0.4015419134008578 0.15
4001 0.6874899535195823 0.4172779253415398 0.2
4002 0.6644805576672894 0.4628313102478983 0.2
4003 0.7118137167617842 0.4470952983072162 0.2
4004 0.6874899535195823 0.4172779253415398 0.15
4005 0.6644805576672894 0.4628313102478984 0.15
4006 0.7118137167617842 0.4470952983072162 0.15
4007 0.6401567944250877 0.4330139372822219 0.25
4008 0.734823112614077 0.4015419134008578 0.25
4009 0.6874899535195823 0.4172779253415398 0.3
4010 0.6644805576672894 0.4628313102478983 0.3
4011 0.7118137167617842 0.4470952983072162 0.3
4012 0.6874899535195823 0.4172779253415398 0.25
4013 0.6644805576672894 0.4628313102478984 0.25
4014 0.7118137167617842 0.4470952983072162 0.25
4015 0.6401567944250877 0.4330139372822219 0.35
4016 0.734823112614077 0.4015419134008578 0.35
4017 0.6874899535195823 0.4172779253415398 0.4
4018 0.6644805576672894 0.4628313102478983 0.4
4019 0.7118137167617842 0.4470952983072162 0.4
4020 0.6874899535195823 0.4172779253415398 0.35
4021 0.6644805576672894 0.4628313102478984 0.35
4022 0.7118137167617842 0.4470952983072162 0.35
4023 0.6401567944250877 0.4330139372822219 0.45
4024 0.734823112614077 0.4015419134008578 0.45
4025 0.6874899535195823 0.4172779253415398 0.45
4026 0.6644805576672894 0.4628313102478984 0.4500000000000001
4027 0.7118137167617842 0.4470952983072162 0.45
4028 0.64249931920595 0.3480475726622769 0.05
4029 0.6886612159100135 0.3747947430315673 0.1
4030 0.6413280568155189 0.3905307549722494 0.1
4031 0.6886612159100135 0.3747947430315673 0.05
4032 0.6413280568155189 0.3905307549722494 0.05
4033 0.64249931920595 0.3480475726622769 0.15
4034 0.6886612159100135 0.3747947430315673 0.2
4035 0.6413280568155189 0.3905307549722494 0.2
4036 0.6886612159100135 0.3747947430315673 0.15
4037 0.6413280568155189 0.3905307549722494 0.15
4038 0.64249931920595 0.3480475726622769 0.25
4039 0.6886612159100135 0.3747947430315673 0.3
4040 0.6413280568155189 0.3905307549722494 0.3
4041 0.6886612159100135 0.3747947430315673 0.25
4042 0.6413280568155189 0.3905307549722494 0.25
4043 0.64249931920595 0.3480475726622769 0.35
4044 0.6886612159100135 0.3747947430315673 0.4
4045 0.6413280568155189 0.3905307549722494 0.4
4046 0.6886612159100135 0.3747947430315673 0.35
4047 0.6413280568155189 0.3905307549722494 0.35
4048 0.64249931920595 0.3480475726622769 0.45
4049 0.6886612159100135 0.3747947430315673 0.4500000000000001
4050 0.6413280568155189 0.3905307549722494 0.45
4051 0.3093265406684788 0.5880657480041538 0.1
4052 0.3041528355651869 0.6296400206369299 0.1
4053 0.3093265406684788 0.5880657480041538 0.05
4054 0.3041528355651869 0.6296400206369299 0.05
4055 0.3093265406684788 0.5880657480041538 0.2
4056 0.3041528355651869 0.6296400206369299 0.2
4057 0.3093265406684788 0.5880657480041538 0.15
4058 0.3041528355651869 0.6296400206369299 0.15
4059 0.3093265406684788 0.5880657480041538 0.3
4060 0.3041528355651869 0.6296400206369299 0.3
4061 0.3093265406684788 0.5880657480041538 0.25
4062 0.3041528355651869 0.6296400206369299 0.25
4063 0.3093265406684788 0.5880657480041538 0.4
4064 0.3041528355651869 0.6296400206369299 0.4
4065 0.3093265406684788 0.5880657480041538 0.35
4066 0.3041528355651869 0.6296400206369299 0.35
4067 0.3093265406684788 0.5880657480041538 0.45
4068 0.3041528355651869 0.6296400206369299 0.4500000000000001
4069 0.4144466561791676 0.3072801169284574 0.1
4070 0.3711663972994624 0.3046249468723757 0.1
4071 0.4144466561791676 0.3072801169284574 0.05
4072 0.3711663972994624 0.3046249468723757 0.05
4073 0.4144466561791676 0.3072801169284574 0.2
4074 0.3711663972994624 0.3046249468723757 0.2
4075 0.4144466561791676 0.3072801169284574 0.15
4076 0.3711663972994624 0.3046249468723757 0.15
4077 0.4144466561791676 0.3072801169284574 0.3
4078 0.3711663972994624 0.3046249468723757 0.3
4079 0.4144466561791676 0.3072801169284574 0.25
4080 0.3711663972994624 0.3046249468723757 0.25
4081 0.4144466561791676 0.3072801169284574 0.4
4082 0.3711663972994624 0.3046249468723757 0.4
4083 0.4144466561791676 0.3072801169284574 0.35
4084 0.3711663972994624 0.3046249468723757 0.35
4085 0.4144466561791676 0.3072801169284574 0.45
4086 0.3711663972994624 0.3046249468723757 0.4500000000000001
4087 0.8294973544973502 0.8294973544973502 0.05
4088 0.7965522624764618 0.7264367216533741 0.05
4089 0.8659161093551859 0.7842854788206581 0.1
4090 0.8494435633447418 0.7327551623986701 0.1
4091 0.8130248084869061 0.7779670380753622 0.1
4092 0.8659161093551859 0.7842854788206581 0.05
4093 0.8494435633447417 0.7327551623986701 0.05
4094 0.8130248084869061 0.7779670380753622 0.05
4095 0.8294973544973502 0.8294973544973502 0.15
4096 0.7965522624764618 0.7264367216533741 0.15
4097 0.8659161093551859 0.7842854788206581 0.2
4098 0.8494435633447418 0.7327551623986701 0.2
4099 0.8130248084869061 0.7779670380753622 0.2
4100 0.8659161093551859 0.7842854788206581 0.15
4101 0.8494435633447417 0.7327551623986701 0.15
4102 0.8130248084869061 0.7779670380753622 0.15
4103 0.8294973544973502 0.8294973544973502 0.25
4104 0.7965522624764618 0.7264367216533741 0.25
4105 0.8659161093551859 0.7842854788206581 0.3
4106 0.8494435633447418 0.7327551623986701 0.3
4107 0.8130248084869061 0.7779670380753622 0.3
4108 0.8659161093551859 0.7842854788206581 0.25
4109 0.8494435633447417 0.7327551623986701 0.25
4110 0.8130248084869061 0.7779670380753622 0.25
4111 0.8294973544973502 0.8294973544973502 0.35
4112 0.7965522624764618 0.7264367216533741 0.35
4113 0.8659161093551859 0.7842854788206581 0.4
4114 0.8494435633447418 0.7327551623986701 0.4
4115 0.8130248084869061 0.7779670380753622 0.4
4116 0.8659161093551859 0.7842854788206581 0.35
4117 0.8494435633447417 0.7327551623986701 0.35
4118 0.8130248084869061 0.7779670380753622 0.35
4119 0.8294973544973502 0.8294973544973502 0.45
4120 0.7965522624764618 0.7264367216533741 0.45
4121 0.8659161093551859 0.7842854788206581 0.45
4122 0.8494435633447417 0.7327551623986701 0.4500000000000001
4123 0.8130248084869061 0.7779670380753622 0.45
4124 0.1705026455026733 0.8294973544974497 0.05
4125 0.1340838906448313 0.7842854788207625 0.1
4126 0.184618674440453 0.7786455894178999 0.1
4127 0.1481999195826109 0.7334337137412126 0.1
4128 0.1340838906448313 0.7842854788207625 0.05
4129 0.184618674440453 0.7786455894178999 0.05
4130 0.1481999195826109 0.7334337137412126 0.05
4131 0.1705026455026733 0.8294973544974497 0.15
4132 0.1340838906448313 0.7842854788207625 0.2
4133 0.184618674440453 0.7786455894178999 0.2
4134 0.1481999195826109 0.7334337137412126 0.2
4135 0.1340838906448313 0.7842854788207625 0.15
4136 0.184618674440453 0.7786455894178999 0.15
4137 0.1481999195826109 0.7334337137412126 0.15
4138 0.1705026455026733 0.8294973544974497 0.25
4139 0.1340838906448313 0.7842854788207625 0.3
4140 0.184618674440453 0.7786455894178999 0.3
4141 0.1481999195826109 0.7334337137412126 0.3
4142 0.1340838906448313 0.7842854788207625 0.25
4143 0.184618674440453 0.7786455894178999 0.25
4144 0.1481999195826109 0.7334337137412126 0.25
4145 0.1705026455026733 0.8294973544974497 0.35
4146 0.1340838906448313 0.7842854788207625 0.4
4147 0.184618674440453 0.7786455894178999 0.4
4148 0.1481999195826109 0.7334337137412126 0.4
4149 0.1340838906448313 0.7842854788207625 0.35
4150 0.184618674440453 0.7786455894178999 0.35
4151 0.1481999195826109 0.7334337137412126 0.35
4152 0.1705026455026733 0.8294973544974497 0.45
4153 0.1340838906448313 0.7842854788207625 0.45
4154 0.184618674440453 0.7786455894178999 0.4500000000000001
4155 0.1481999195826109 0.7334337137412126 0.45
4156 0.1705026455025349 0.1705026455027228 0.05
4157 0.2157145211792052 0.1340838906448563 0.1
4158 0.2213544105820751 0.1846186744404824 0.1
4159 0.2665662862587455 0.1481999195826159 0.1
4160 0.2157145211792052 0.1340838906448563 0.05
4161 0.2213544105820751 0.1846186744404824 0.05
4162 0.2665662862587455 0.1481999195826159 0.05
4163 0.1705026455025349 0.1705026455027228 0.15
4164 0.2157145211792052 0.1340838906448563 0.2
4165 0.2213544105820751 0.1846186744404824 0.2
4166 0.2665662862587455 0.1481999195826159 0.2
4167 0.2157145211792052 0.1340838906448563 0.15
4168 0.2213544105820751 0.1846186744404824 0.15
4169 0.2665662862587455 0.1481999195826159 0.15
4170 0.1705026455025349 0.1705026455027228 0.25
4171 0.2157145211792052 0.1340838906448563 0.3
4172 0.2213544105820751 0.1846186744404824 0.3
4173 0.2665662862587455 0.1481999195826159 0.3
4174 0.2157145211792052 0.1340838906448563 0.25
4175 0.2213544105820751 0.1846186744404824 0.25
4176 0.2665662862587455 0.1481999195826159 0.25
4177 0.1705026455025349 0.1705026455027228 0.35
4178 0.2157145211792052 0.1340838906448563 0.4
4179 0.2213544105820751 0.1846186744404824 0.4
4180 0.2665662862587455 0.1481999195826159 0.4
4181 0.2157145211792052 0.1340838906448563 0.35
4182 0.2213544105820751 0.1846186744404824 0.35
4183 0.2665662862587455 0.1481999195826159 0.35
4184 0.1705026455025349 0.1705026455027228 0.45
4185 0.2157145211792052 0.1340838906448563 0.45
4186 0.2213544105820751 0.1846186744404824 0.4500000000000001
4187 0.2665662862587455 0.1481999195826159 0.45
4188 0.8294973544974356 0.1705026455026096 0.05
4189 0.784211310925284 0.1341051197514732 0.1
4190 0.7333595458456792 0.148221148689133 0.1
4191 0.7786455894178307 0.1846186744402694 0.1
4192 0.784211310925284 0.1341051197514732 0.05
4193 0.7333595458456792 0.148221148689133 0.05
4194 0.7786455894178306 0.1846186744402694 0.05
4195 0.8294973544974356 0.1705026455026096 0.15
4196 0.784211310925284 0.1341051197514732 0.2
4197 0.7333595458456792 0.148221148689133 0.2
4198 0.7786455894178307 0.1846186744402694 0.2
4199 0.784211310925284 0.1341051197514732 0.15
4200 0.7333595458456792 0.148221148689133 0.15
4201 0.7786455894178306 0.1846186744402694 0.15
4202 0.8294973544974356 0.1705026455026096 0.25
4203 0.784211310925284 0.1341051197514732 0.3
4204 0.7333595458456792 0.148221148689133 0.3
4205 0.7786455894178307 0.1846186744402694 0.3
4206 0.784211310925284 0.1341051197514732 0.25
4207 0.7333595458456792 0.148221148689133 0.25
4208 0.7786455894178306 0.1846186744402694 0.25
4209 0.8294973544974356 0.1705026455026096 0.35
4210 0.784211310925284 0.1341051197514732 0.4
4211 0.7333595458456792 0.148221148689133 0.4
4212 0.7786455894178307 0.1846186744402694 0.4
4213 0.784211310925284 0.1341051197514732 0.35
4214 0.7333595458456792 0.148221148689133 0.35
4215 0.7786455894178306 0.1846186744402694 0.35
4216 0.8294973544974356 0.1705026455026096 0.45
4217 0.784211310925284 0.1341051197514732 0.45
4218 0.7333595458456792 0.148221148689133 0.4500000000000001
4219 0.7786455894178306 0.1846186744402694 0.45
4220 0.7553405100469928 0.4542377582815419 0.1
4221 0.7553405100469928 0.4542377582815419 0.05
4222 0.7553405100469928 0.4542377582815419 0.2
4223 0.7553405100469928 0.4542377582815419 0.15
4224 0.7553405100469928 0.4542377582815419 0.3
4225 0.7553405100469928 0.4542377582815419 0.25
4226 0.7553405100469928 0.4542377582815419 0.4
4227 0.7553405100469928 0.4542377582815419 0.35
4228 0.7553405100469928 0.4542377582815419 0.45
4229 0.3232228928527543 0.6811511367464376 0.1
4230 0.3232228928527543 0.6811511367464376 0.05
4231 0.3232228928527543 0.6811511367464376 0.2
4232 0.3232228928527543 0.6811511367464376 0.15
4233 0.3232228928527543 0.6811511367464376 0.3
4234 0.3232228928527543 0.6811511367464376 0.25
4235 0.3232228928527543 0.6811511367464376 0.4
4236 0.3232228928527543 0.6811511367464376 0.35
4237 0.3232228928527543 0.6811511367464376 0.4500000000000001
4238 0.7267312760469258 0.3497862062019471 0.1
4239 0.6805693793428623 0.3230390358326566 0.1
4240 0.7267312760469258 0.349786206201947 0.05
4241 0.6805693793428623 0.3230390358326566 0.05
4242 0.7267312760469258 0.3497862062019471 0.2
4243 0.6805693793428623 0.3230390358326566 0.2
4244 0.7267312760469258 0.349786206201947 0.15
4245 0.6805693793428623 0.3230390358326566 0.15
4246 0.7267312760469258 0.3497862062019471 0.3
4247 0.6805693793428623 0.3230390358326566 0.3
4248 0.7267312760469258 0.349786206201947 0.25
4249 0.6805693793428623 0.3230390358326566 0.25
4250 0.7267312760469258 0.3497862062019471 0.4
4251 0.6805693793428623 0.3230390358326566 0.4
4252 0.7267312760469258 0.349786206201947 0.35
4253 0.6805693793428623 0.3230390358326566 0.35
4254 0.7267312760469258 0.349786206201947 0.45
4255 0.6805693793428623 0.3230390358326566 0.4500000000000001
4256 0.3196552811899572 0.3236950041599621 0.1
4257 0.3196552811899572 0.3236950041599621 0.05
4258 0.3196552811899572 0.3236950041599621 0.2
4259 0.3196552811899572 0.3236950041599621 0.15
4260 0.3196552811899572 0.3236950041599621 0.3
4261 0.3196552811899572 0.3236950041599621 0.25
4262 0.3196552811899572 0.3236950041599621 0.4
4263 0.3196552811899572 0.3236950041599621 0.35
4264 0.3196552811899572 0.3236950041599621 0.4500000000000001
4265 0.59334163956224 0.425204258192097 0.1
4266 0.5945129019526711 0.3827210758821245 0.1
4267 0.59334163956224 0.425204258192097 0.05
4268 0.5945129019526711 0.3827210758821245 0.05
4269 0.59334163956224 0.425204258192097 0.2
4270 0.5945129019526711 0.3827210758821245 0.2
4271 0.59334163956224 0.425204258192097 0.15
4272 0.5945129019526711 0.3827210758821245 0.15
4273 0.59334163956224 0.425204258192097 0.3
4274 0.5945129019526711 0.3827210758821245 0.3
4275 0.59334163956224 0.425204258192097 0.25
4276 0.5945129019526711 0.3827210758821245 0.25
4277 0.59334163956224 0.425204258192097 0.4
4278 0.5945129019526711 0.3827210758821245 0.4
4279 0.59334163956224 0.425204258192097 0.35
4280 0.5945129019526711 0.3827210758821245 0.35
4281 0.59334163956224 0.425204258192097 0.45
4282 0.5945129019526711 0.3827210758821245 0.45
4283 0.6005990343654566 0.3409371039678016 0.1
4284 0.6005990343654566 0.3409371039678016 0.05
4285 0.6005990343654566 0.3409371039678016 0.2
4286 0.6005990343654566 0.3409371039678016 0.15
4287 0.6005990343654566 0.3409371039678016 0.3
4288 0.6005990343654566 0.3409371039678016 0.25
4289 0.6005990343654566 0.3409371039678016 0.4
4290 0.6005990343654566 0.3409371039678016 0.35
4291 0.6005990343654566 0.3409371039678016 0.45
4292 0.5850393778615208 0.9583756623379693 0.1
4293 0.5850393778615208 0.9583756623379693 0.05
4294 0.5850393778615208 0.9583756623379693 0.2
4295 0.5850393778615208 0.9583756623379693 0.15
4296 0.5850393778615208 0.9583756623379693 0.3
4297 0.5850393778615208 0.9583756623379693 0.25
4298 0.5850393778615208 0.9583756623379693 0.4
4299 0.5850393778615208 0.9583756623379693 0.35
4300 0.5850393778615208 0.9583756623379693 0.4500000000000001
4301 0.9583756623379682 0.5850393778615168 0.1
4302 0.9583756623379682 0.5850393778615168 0.05
4303 0.9583756623379682 0.5850393778615168 0.2
4304 0.9583756623379682 0.5850393778615168 0.15
4305 0.9583756623379682 0.5850393778615168 0.3
4306 0.9583756623379682 0.5850393778615168 0.25
4307 0.9583756623379682 0.5850393778615168 0.4
4308 0.9583756623379682 0.5850393778615168 0.35
4309 0.9583756623379682 0.5850393778615168 0.45
4310 0.04162433766203302 0.585039377861527 0.1
4311 0.04162433766203302 0.585039377861527 0.05
4312 0.04162433766203302 0.585039377861527 0.2
4313 0.04162433766203302 0.585039377861527 0.15
4314 0.04162433766203302 0.585039377861527 0.3
4315 0.04162433766203302 0.585039377861527 0.25
4316 0.04162433766203302 0.585039377861527 0.4
4317 0.04162433766203302 0.585039377861527 0.35
4318 0.04162433766203302 0.585039377861527 0.4500000000000001
4319 0.4149606221387639 0.04162433766203805 0.1
4320 0.4149606221387639 0.04162433766203805 0.05
4321 0.4149606221387639 0.04162433766203805 0.2
4322 0.4149606221387639 0.04162433766203805 0.15
4323 0.4149606221387639 0.04162433766203805 0.3
4324 0.4149606221387639 0.04162433766203805 0.25
4325 0.4149606221387639 0.04162433766203805 0.4
4326 0.4149606221387639 0.04162433766203805 0.35
4327 0.414960622138764 0.04162433766203805 0.4500000000000001
4328 0.427656250999793 0.817170833122938 0.05
4329 0.4061805713065017 0.7838459215449218 0.1
4330 0.4604031069865114 0.7965396491930805 0.1
4331 0.4061805713065017 0.7838459215449218 0.05
4332 0.4604031069865114 0.7965396491930805 0.05
4333 0.427656250999793 0.817170833122938 0.15
4334 0.4061805713065017 0.7838459215449218 0.2
4335 0.4604031069865114 0.7965396491930805 0.2
4336 0.4061805713065017 0.7838459215449218 0.15
4337 0.4604031069865114 0.7965396491930805 0.15
4338 0.427656250999793 0.817170833122938 0.25
4339 0.4061805713065017 0.7838459215449218 0.3
4340 0.4604031069865114 0.7965396491930805 0.3
4341 0.4061805713065017 0.7838459215449218 0.25
4342 0.4604031069865114 0.7965396491930805 0.25
4343 0.427656250999793 0.817170833122938 0.35
4344 0.4061805713065017 0.7838459215449218 0.4
4345 0.4604031069865114 0.7965396491930805 0.4
4346 0.4061805713065017 0.7838459215449218 0.35
4347 0.4604031069865114 0.7965396491930805 0.35
4348 0.427656250999793 0.817170833122938 0.45
4349 0.4061805713065017 0.7838459215449218 0.4500000000000001
4350 0.4604031069865114 0.7965396491930805 0.45
4351 0.1828291668770721 0.4276562509998144 0.05
4352 0.2161540784550912 0.4061805713065208 0.1
4353 0.203460350806931 0.460403106986533 0.1
4354 0.2161540784550912 0.4061805713065207 0.05
4355 0.203460350806931 0.460403106986533 0.05
4356 0.1828291668770721 0.4276562509998144 0.15
4357 0.2161540784550912 0.4061805713065208 0.2
4358 0.203460350806931 0.460403106986533 0.2
4359 0.2161540784550912 0.4061805713065207 0.15
4360 0.203460350806931 0.460403106986533 0.15
4361 0.1828291668770721 0.4276562509998144 0.25
4362 0.2161540784550912 0.4061805713065208 0.3
4363 0.203460350806931 0.460403106986533 0.3
4364 0.2161540784550912 0.4061805713065207 0.25
4365 0.203460350806931 0.460403106986533 0.25
4366 0.1828291668770721 0.4276562509998144 0.35
4367 0.2161540784550912 0.4061805713065208 0.4
4368 0.203460350806931 0.460403106986533 0.4
4369 0.2161540784550912 0.4061805713065207 0.35
4370 0.203460350806931 0.460403106986533 0.35
4371 0.1828291668770721 0.4276562509998144 0.45
4372 0.2161540784550912 0.4061805713065207 0.4500000000000001
4373 0.203460350806931 0.460403106986533 0.45
4374 0.5720690519506927 0.18278009752642 0.05
4375 0.5936820801687518 0.2161295437798076 0.1
4376 0.5394595444887302 0.2034358161316235 0.1
4377 0.5936820801687518 0.2161295437798076 0.05
4378 0.5394595444887302 0.2034358161316235 0.05
4379 0.5720690519506927 0.18278009752642 0.15
4380 0.5936820801687518 0.2161295437798076 0.2
4381 0.5394595444887302 0.2034358161316235 0.2
4382 0.5936820801687518 0.2161295437798076 0.15
4383 0.5394595444887302 0.2034358161316235 0.15
4384 0.5720690519506927 0.18278009752642 0.25
4385 0.5936820801687518 0.2161295437798076 0.3
4386 0.5394595444887302 0.2034358161316235 0.3
4387 0.5936820801687518 0.2161295437798076 0.25
4388 0.5394595444887302 0.2034358161316235 0.25
4389 0.5720690519506927 0.18278009752642 0.35
4390 0.5936820801687518 0.2161295437798076 0.4
4391 0.5394595444887302 0.2034358161316235 0.4
4392 0.5936820801687518 0.2161295437798076 0.35
4393 0.5394595444887302 0.2034358161316235 0.35
4394 0.5720690519506927 0.18278009752642 0.45
4395 0.5936820801687518 0.2161295437798076 0.4500000000000001
4396 0.5394595444887302 0.2034358161316235 0.45
4397 0.9218403490944278 0.8238071187088927 0.05
4398 0.9120876066537248 0.7814403609264294 0.1
4399 0.9609201745472139 0.8119035593544462 0.1
4400 0.9120876066537249 0.7814403609264293 0.05
4401 0.9609201745472139 0.8119035593544462 0.05
4402 0.9218403490944278 0.8238071187088927 0.15
4403 0.9120876066537248 0.7814403609264294 0.2
4404 0.9609201745472139 0.8119035593544462 0.2
4405 0.9120876066537249 0.7814403609264293 0.15
4406 0.9609201745472139 0.8119035593544462 0.15
4407 0.9218403490944278 0.8238071187088927 0.25
4408 0.9120876066537248 0.7814403609264294 0.3
4409 0.9609201745472139 0.8119035593544462 0.3
4410 0.9120876066537249 0.7814403609264293 0.25
4411 0.9609201745472139 0.8119035593544462 0.25
4412 0.9218403490944278 0.8238071187088927 0.35
4413 0.9120876066537248 0.7814403609264294 0.4
4414 0.9609201745472139 0.8119035593544462 0.4
4415 0.9120876066537249 0.7814403609264293 0.35
4416 0.9609201745472139 0.8119035593544462 0.35
4417 0.9218403490944278 0.8238071187088927 0.45
4418 0.9120876066537249 0.7814403609264293 0.4500000000000001
4419 0.9609201745472139 0.8119035593544462 0.45
4420 0.8201017201096942 0.9200285942774789 0.05
4421 0.8100508600548471 0.9600142971387394 0.1
4422 0.7802001585458092 0.9103190119608592 0.1
4423 0.8100508600548471 0.9600142971387393 0.05
4424 0.7802001585458092 0.9103190119608592 0.05
4425 0.8201017201096942 0.9200285942774789 0.15
4426 0.8100508600548471 0.9600142971387394 0.2
4427 0.7802001585458092 0.9103190119608592 0.2
4428 0.8100508600548471 0.9600142971387393 0.15
4429 0.7802001585458092 0.9103190119608592 0.15
4430 0.8201017201096942 0.9200285942774789 0.25
4431 0.8100508600548471 0.9600142971387394 0.3
4432 0.7802001585458092 0.9103190119608592 0.3
4433 0.8100508600548471 0.9600142971387393 0.25
4434 0.7802001585458092 0.9103190119608592 0.25
4435 0.8201017201096942 0.9200285942774789 0.35
4436 0.8100508600548471 0.9600142971387394 0.4
4437 0.7802001585458092 0.9103190119608592 0.4
4438 0.8100508600548471 0.9600142971387393 0.35
4439 0.7802001585458092 0.9103190119608592 0.35
4440 0.8201017201096942 0.9200285942774789 0.45
4441 0.8100508600548471 0.9600142971387393 0.4500000000000001
4442 0.7802001585458092 0.9103190119608592 0.45
4443 0.07997140572249439 0.8201017201097339 0.05
4444 0.0399857028612472 0.8100508600548668 0.1
4445 0.0888182707547418 0.7795876616269046 0.1
4446 0.0399857028612472 0.8100508600548668 0.05
4447 0.0888182707547418 0.7795876616269046 0.05
4448 0.07997140572249439 0.8201017201097339 0.15
4449 0.0399857028612472 0.8100508600548668 0.2
4450 0.0888182707547418 0.7795876616269046 0.2
4451 0.0399857028612472 0.8100508600548668 0.15
4452 0.0888182707547418 0.7795876616269046 0.15
4453 0.07997140572249439 0.8201017201097339 0.25
4454 0.0399857028612472 0.8100508600548668 0.3
4455 0.0888182707547418 0.7795876616269046 0.3
4456 0.0399857028612472 0.8100508600548668 0.25
4457 0.0888182707547418 0.7795876616269046 0.25
4458 0.07997140572249439 0.8201017201097339 0.35
4459 0.0399857028612472 0.8100508600548668 0.4
4460 0.0888182707547418 0.7795876616269046 0.4
4461 0.0399857028612472 0.8100508600548668 0.35
4462 0.0888182707547418 0.7795876616269046 0.35
4463 0.07997140572249439 0.8201017201097339 0.45
4464 0.0399857028612472 0.8100508600548668 0.4500000000000001
4465 0.0888182707547418 0.7795876616269046 0.45
4466 0.1798982798902524 0.07997140572256381 0.05
4467 0.1899491399449051 0.0399857028612819 0.1
4468 0.220412338373064 0.08881827075477683 0.1
4469 0.1899491399449051 0.0399857028612819 0.05
4470 0.220412338373064 0.08881827075477683 0.05
4471 0.1798982798902524 0.07997140572256381 0.15
4472 0.1899491399449051 0.0399857028612819 0.2
4473 0.220412338373064 0.08881827075477683 0.2
4474 0.1899491399449051 0.0399857028612819 0.15
4475 0.220412338373064 0.08881827075477683 0.15
4476 0.1798982798902524 0.07997140572256381 0.25
4477 0.1899491399449051 0.0399857028612819 0.3
4478 0.220412338373064 0.08881827075477683 0.3
4479 0.1899491399449051 0.0399857028612819 0.25
4480 0.220412338373064 0.08881827075477683 0.25
4481 0.1798982798902524 0.07997140572256381 0.35
4482 0.1899491399449051 0.0399857028612819 0.4
4483 0.220412338373064 0.08881827075477683 0.4
4484 0.1899491399449051 0.0399857028612819 0.35
4485 0.220412338373064 0.08881827075477683 0.35
4486 0.1798982798902524 0.07997140572256381 0.45
4487 0.1899491399449051 0.0399857028612819 0.4500000000000001
4488 0.220412338373064 0.08881827075477683 0.45
4489 0.8201017201098906 0.07997140572223971 0.05
4490 0.7795134937315116 0.08883949986128828 0.1
4491 0.810050860054682 0.03998570286111985 0.1
4492 0.7795134937315116 0.08883949986128828 0.05
4493 0.8100508600546821 0.03998570286111985 0.05
4494 0.8201017201098906 0.07997140572223971 0.15
4495 0.7795134937315116 0.08883949986128828 0.2
4496 0.810050860054682 0.03998570286111985 0.2
4497 0.7795134937315116 0.08883949986128828 0.15
4498 0.8100508600546821 0.03998570286111985 0.15
4499 0.8201017201098906 0.07997140572223971 0.25
4500 0.7795134937315116 0.08883949986128828 0.3
4501 0.810050860054682 0.03998570286111985 0.3
4502 0.7795134937315116 0.08883949986128828 0.25
4503 0.8100508600546821 0.03998570286111985 0.25
4504 0.8201017201098906 0.07997140572223971 0.35
4505 0.7795134937315116 0.08883949986128828 0.4
4506 0.810050860054682 0.03998570286111985 0.4
4507 0.7795134937315116 0.08883949986128828 0.35
4508 0.8100508600546821 0.03998570286111985 0.35
4509 0.8201017201098906 0.07997140572223971 0.45
4510 0.7795134937315116 0.08883949986128828 0.4500000000000001
4511 0.8100508600546821 0.03998570286111985 0.45
4512 0.179898279890097 0.9200285942778423 0.05
4513 0.2197967578999458 0.9102938341603372 0.1
4514 0.1899491399454646 0.9600142971389212 0.1
4515 0.2197967578999458 0.9102938341603372 0.05
4516 0.1899491399454646 0.9600142971389212 0.05
4517 0.179898279890097 0.9200285942778423 0.15
4518 0.2197967578999458 0.9102938341603372 0.2
4519 0.1899491399454646 0.9600142971389212 0.2
4520 0.2197967578999458 0.9102938341603372 0.15
4521 0.1899491399454646 0.9600142971389212 0.15
4522 0.179898279890097 0.9200285942778423 0.25
4523 0.2197967578999458 0.9102938341603372 0.3
4524 0.1899491399454646 0.9600142971389212 0.3
4525 0.2197967578999458 0.9102938341603372 0.25
4526 0.1899491399454646 0.9600142971389212 0.25
4527 0.179898279890097 0.9200285942778423 0.35
4528 0.2197967578999458 0.9102938341603372 0.4
4529 0.1899491399454646 0.9600142971389212 0.4
4530 0.2197967578999458 0.9102938341603372 0.35
4531 0.1899491399454646 0.9600142971389212 0.35
4532 0.179898279890097 0.9200285942778423 0.45
4533 0.2197967578999458 0.9102938341603372 0.4500000000000001
4534 0.1899491399454646 0.9600142971389212 0.45
4535 0.07997140572217544 0.1798982798901216 0.05
4536 0.08970616583967192 0.2197967578999732 0.1
4537 0.03998570286108772 0.1899491399454769 0.1
4538 0.08970616583967192 0.2197967578999732 0.05
4539 0.03998570286108772 0.1899491399454769 0.05
4540 0.07997140572217544 0.1798982798901216 0.15
4541 0.08970616583967192 0.2197967578999732 0.2
4542 0.03998570286108772 0.1899491399454769 0.2
4543 0.08970616583967192 0.2197967578999732 0.15
4544 0.03998570286108772 0.1899491399454769 0.15
4545 0.07997140572217544 0.1798982798901216 0.25
4546 0.08970616583967192 0.2197967578999732 0.3
4547 0.03998570286108772 0.1899491399454769 0.3
4548 0.08970616583967192 0.2197967578999732 0.25
4549 0.03998570286108772 0.1899491399454769 0.25
4550 0.07997140572217544 0.1798982798901216 0.35
4551 0.08970616583967192 0.2197967578999732 0.4
4552 0.03998570286108772 0.1899491399454769 0.4
4553 0.08970616583967192 0.2197967578999732 0.35
4554 0.03998570286108772 0.1899491399454769 0.35
4555 0.07997140572217544 0.1798982798901216 0.45
4556 0.08970616583967192 0.2197967578999732 0.4500000000000001
4557 0.03998570286108772 0.1899491399454769 0.45
4558 0.9200285942778599 0.1798982798900715 0.05
4559 0.9600142971389299 0.1899491399454519 0.1
4560 0.9103190119612885 0.2197998414541993 0.1
4561 0.9600142971389298 0.1899491399454519 0.05
4562 0.9103190119612885 0.2197998414541993 0.05
4563 0.9200285942778599 0.1798982798900715 0.15
4564 0.9600142971389299 0.1899491399454519 0.2
4565 0.9103190119612885 0.2197998414541993 0.2
4566 0.9600142971389298 0.1899491399454519 0.15
4567 0.9103190119612885 0.2197998414541993 0.15
4568 0.9200285942778599 0.1798982798900715 0.25
4569 0.9600142971389299 0.1899491399454519 0.3
4570 0.9103190119612885 0.2197998414541993 0.3
4571 0.9600142971389298 0.1899491399454519 0.25
4572 0.9103190119612885 0.2197998414541993 0.25
4573 0.9200285942778599 0.1798982798900715 0.35
4574 0.9600142971389299 0.1899491399454519 0.4
4575 0.9103190119612885 0.2197998414541993 0.4
4576 0.9600142971389298 0.1899491399454519 0.35
4577 0.9103190119612885 0.2197998414541993 0.35
4578 0.9200285942778599 0.1798982798900715 0.45
4579 0.9600142971389298 0.1899491399454519 0.4500000000000001
4580 0.9103190119612885 0.2197998414541993 0.45
4581 0.8488660690838672 0.6407101126392918 0.05
4582 0.8756004666484445 0.689891857891629 0.1
4583 0.8227091657801645 0.683573417146333 0.1
4584 0.8756004666484445 0.6898918578916289 0.05
4585 0.8227091657801644 0.683573417146333 0.05
4586 0.8488660690838672 0.6407101126392918 0.15
4587 0.8756004666484445 0.689891857891629 0.2
4588 0.8227091657801645 0.683573417146333 0.2
4589 0.8756004666484445 0.6898918578916289 0.15
4590 0.8227091657801644 0.683573417146333 0.15
4591 0.8488660690838672 0.6407101126392918 0.25
4592 0.8756004666484445 0.689891857891629 0.3
4593 0.8227091657801645 0.683573417146333 0.3
4594 0.8756004666484445 0.6898918578916289 0.25
4595 0.8227091657801644 0.683573417146333 0.25
4596 0.8488660690838672 0.6407101126392918 0.35
4597 0.8756004666484445 0.689891857891629 0.4
4598 0.8227091657801645 0.683573417146333 0.4
4599 0.8756004666484445 0.6898918578916289 0.35
4600 0.8227091657801644 0.683573417146333 0.35
4601 0.8488660690838672 0.6407101126392918 0.45
4602 0.8756004666484445 0.6898918578916289 0.45
4603 0.8227091657801644 0.683573417146333 0.4500000000000001
4604 0.1243995333515603 0.6898918578917045 0.1
4605 0.1243995333515603 0.6898918578917044 0.05
4606 0.1243995333515603 0.6898918578917045 0.2
4607 0.1243995333515603 0.6898918578917044 0.15
4608 0.1243995333515603 0.6898918578917045 0.3
4609 0.1243995333515603 0.6898918578917044 0.25
4610 0.1243995333515603 0.6898918578917045 0.4
4611 0.1243995333515603 0.6898918578917044 0.35
4612 0.1243995333515603 0.6898918578917044 0.45
4613 0.3101081421082719 0.1243995333515362 0.1
4614 0.3101081421082719 0.1243995333515362 0.05
4615 0.3101081421082719 0.1243995333515362 0.2
4616 0.3101081421082719 0.1243995333515362 0.15
4617 0.3101081421082719 0.1243995333515362 0.3
4618 0.3101081421082719 0.1243995333515362 0.25
4619 0.3101081421082719 0.1243995333515362 0.4
4620 0.3101081421082719 0.1243995333515362 0.35
4621 0.3101081421082719 0.1243995333515362 0.45
4622 0.6890908446223598 0.1246288077049156 0.1
4623 0.6890908446223598 0.1246288077049156 0.05
4624 0.6890908446223598 0.1246288077049156 0.2
4625 0.6890908446223598 0.1246288077049156 0.15
4626 0.6890908446223598 0.1246288077049156 0.3
4627 0.6890908446223598 0.1246288077049156 0.25
4628 0.6890908446223598 0.1246288077049156 0.4
4629 0.6890908446223598 0.1246288077049156 0.35
4630 0.6890908446223598 0.1246288077049156 0.45
4631 0.7848979757396373 0.8650533920707948 0.1
4632 0.7832604998504545 0.814556960466996 0.1
4633 0.7848979757396373 0.8650533920707948 0.05
4634 0.7832604998504545 0.814556960466996 0.05
4635 0.7848979757396373 0.8650533920707948 0.2
4636 0.7832604998504545 0.814556960466996 0.2
4637 0.7848979757396373 0.8650533920707948 0.15
4638 0.7832604998504545 0.814556960466996 0.15
4639 0.7848979757396373 0.8650533920707948 0.3
4640 0.7832604998504545 0.814556960466996 0.3
4641 0.7848979757396373 0.8650533920707948 0.25
4642 0.7832604998504545 0.814556960466996 0.25
4643 0.7848979757396373 0.8650533920707948 0.4
4644 0.7832604998504545 0.814556960466996 0.4
4645 0.7848979757396373 0.8650533920707948 0.35
4646 0.7832604998504545 0.814556960466996 0.35
4647 0.7848979757396373 0.8650533920707948 0.45
4648 0.7832604998504545 0.814556960466996 0.4500000000000001
4649 0.2150989407062339 0.8650282142701409 0.1
4650 0.2240596472423456 0.8117227864332971 0.1
4651 0.2150989407062339 0.8650282142701409 0.05
4652 0.2240596472423456 0.8117227864332971 0.05
4653 0.2150989407062339 0.8650282142701409 0.2
4654 0.2240596472423456 0.8117227864332971 0.2
4655 0.2150989407062339 0.8650282142701409 0.15
4656 0.2240596472423456 0.8117227864332971 0.15
4657 0.2150989407062339 0.8650282142701409 0.3
4658 0.2240596472423456 0.8117227864332971 0.3
4659 0.2150989407062339 0.8650282142701409 0.25
4660 0.2240596472423456 0.8117227864332971 0.25
4661 0.2150989407062339 0.8650282142701409 0.4
4662 0.2240596472423456 0.8117227864332971 0.4
4663 0.2150989407062339 0.8650282142701409 0.35
4664 0.2240596472423456 0.8117227864332971 0.35
4665 0.2150989407062339 0.8650282142701409 0.45
4666 0.2240596472423456 0.8117227864332971 0.45
4667 0.1349717857298516 0.2150989407062738 0.1
4668 0.1882772135666926 0.2240596472423813 0.1
4669 0.1349717857298516 0.2150989407062738 0.05
4670 0.1882772135666926 0.2240596472423813 0.05
4671 0.1349717857298516 0.2150989407062738 0.2
4672 0.1882772135666926 0.2240596472423813 0.2
4673 0.1349717857298516 0.2150989407062738 0.15
4674 0.1882772135666926 0.2240596472423813 0.15
4675 0.1349717857298516 0.2150989407062738 0.3
4676 0.1882772135666926 0.2240596472423813 0.3
4677 0.1349717857298516 0.2150989407062738 0.25
4678 0.1882772135666926 0.2240596472423813 0.25
4679 0.1349717857298516 0.2150989407062738 0.4
4680 0.1882772135666926 0.2240596472423813 0.4
4681 0.1349717857298516 0.2150989407062738 0.35
4682 0.1882772135666926 0.2240596472423813 0.35
4683 0.1349717857298516 0.2150989407062738 0.45
4684 0.1882772135666926 0.2240596472423813 0.45
4685 0.8650533920710763 0.2151020242604683 0.1
4686 0.8145569604672533 0.2167395001497046 0.1
4687 0.8650533920710763 0.2151020242604684 0.05
4688 0.8145569604672533 0.2167395001497046 0.05
4689 0.8650533920710763 0.2151020242604683 0.2
4690 0.8145569604672533 0.2167395001497046 0.2
4691 0.8650533920710763 0.2151020242604684 0.15
4692 0.8145569604672533 0.2167395001497046 0.15
4693 0.8650533920710763 0.2151020242604683 0.3
4694 0.8145569604672533 0.2167395001497046 0.3
4695 0.8650533920710763 0.2151020242604684 0.25
4696 0.8145569604672533 0.2167395001497046 0.25
4697 0.8650533920710763 0.2151020242604683 0.4
4698 0.8145569604672533 0.2167395001497046 0.4
4699 0.8650533920710763 0.2151020242604684 0.35
4700 0.8145569604672533 0.2167395001497046 0.35
4701 0.8650533920710763 0.2151020242604684 0.45
4702 0.8145569604672533 0.2167395001497046 0.4500000000000001
4703 0.5674593403080417 0.4696695485111227 0.1
4704 0.5242133120774501 0.4549693863797136 0.1
4705 0.5674593403080417 0.4696695485111227 0.05
4706 0.5242133120774501 0.4549693863797136 0.05
4707 0.5674593403080417 0.4696695485111227 0.2
4708 0.5242133120774501 0.4549693863797136 0.2
4709 0.5674593403080417 0.4696695485111227 0.15
4710 0.5242133120774501 0.4549693863797136 0.15
4711 0.5674593403080417 0.4696695485111227 0.3
4712 0.5242133120774501 0.4549693863797136 0.3
4713 0.5674593403080417 0.4696695485111227 0.25
4714 0.5242133120774501 0.4549693863797136 0.25
4715 0.5674593403080417 0.4696695485111227 0.4
4716 0.5242133120774501 0.4549693863797136 0.4
4717 0.5674593403080417 0.4696695485111227 0.35
4718 0.5242133120774501 0.4549693863797136 0.35
4719 0.5674593403080417 0.4696695485111227 0.4500000000000001
4720 0.5242133120774501 0.4549693863797136 0.45
4721 0.6142744951708894 0.4774792276012477 0.1
4722 0.6142744951708894 0.4774792276012477 0.05
4723 0.6142744951708894 0.4774792276012477 0.2
4724 0.6142744951708894 0.4774792276012477 0.15
4725 0.6142744951708894 0.4774792276012477 0.3
4726 0.6142744951708894 0.4774792276012477 0.25
4727 0.6142744951708894 0.4774792276012477 0.4
4728 0.6142744951708894 0.4774792276012477 0.35
4729 0.6142744951708894 0.4774792276012477 0.45
4730 0.9609201745472139 0.8619035593542381 0.1
4731 0.9609201745472139 0.8619035593542381 0.05
4732 0.9609201745472139 0.8619035593542381 0.2
4733 0.9609201745472139 0.8619035593542381 0.15
4734 0.9609201745472139 0.8619035593542381 0.3
4735 0.9609201745472139 0.8619035593542381 0.25
4736 0.9609201745472139 0.8619035593542381 0.4
4737 0.9609201745472139 0.8619035593542381 0.35
4738 0.9609201745472139 0.8619035593542381 0.45
4739 0.8600508600546388 0.9600142971387394 0.1
4740 0.8600508600546388 0.9600142971387393 0.05
4741 0.8600508600546388 0.9600142971387394 0.2
4742 0.8600508600546388 0.9600142971387393 0.15
4743 0.8600508600546388 0.9600142971387394 0.3
4744 0.8600508600546388 0.9600142971387393 0.25
4745 0.8600508600546388 0.9600142971387394 0.4
4746 0.8600508600546388 0.9600142971387393 0.35
4747 0.8600508600546388 0.9600142971387393 0.4500000000000001
4748 0.1399491399450336 0.0399857028612819 0.1
4749 0.1399491399450336 0.0399857028612819 0.05
4750 0.1399491399450336 0.0399857028612819 0.2
4751 0.1399491399450336 0.0399857028612819 0.15
4752 0.1399491399450336 0.0399857028612819 0.3
4753 0.1399491399450336 0.0399857028612819 0.25
4754 0.1399491399450336 0.0399857028612819 0.4
4755 0.1399491399450336 0.0399857028612819 0.35
4756 0.1399491399450336 0.0399857028612819 0.4500000000000001
4757 0.0399857028612472 0.8600508600546588 0.1
4758 0.0399857028612472 0.8600508600546588 0.05
4759 0.0399857028612472 0.8600508600546588 0.2
4760 0.0399857028612472 0.8600508600546588 0.15
4761 0.0399857028612472 0.8600508600546588 0.3
4762 0.0399857028612472 0.8600508600546588 0.25
4763 0.0399857028612472 0.8600508600546588 0.4
4764 0.0399857028612472 0.8600508600546588 0.35
4765 0.0399857028612472 0.8600508600546588 0.4500000000000001
4766 0.8600508600548137 0.03998570286111985 0.1
4767 0.8600508600548138 0.03998570286111985 0.05
4768 0.8600508600548137 0.03998570286111985 0.2
4769 0.8600508600548138 0.03998570286111985 0.15
4770 0.8600508600548137 0.03998570286111985 0.3
4771 0.8600508600548138 0.03998570286111985 0.25
4772 0.8600508600548137 0.03998570286111985 0.4
4773 0.8600508600548138 0.03998570286111985 0.35
4774 0.8600508600548138 0.03998570286111985 0.45
4775 0.1399491399452565 0.9600142971389212 0.1
4776 0.1399491399452565 0.9600142971389212 0.05
4777 0.1399491399452565 0.9600142971389212 0.2
4778 0.1399491399452565 0.9600142971389212 0.15
4779 0.1399491399452565 0.9600142971389212 0.3
4780 0.1399491399452565 0.9600142971389212 0.25
4781 0.1399491399452565 0.9600142971389212 0.4
4782 0.1399491399452565 0.9600142971389212 0.35
4783 0.1399491399452565 0.9600142971389212 0.45
4784 0.03998570286108772 0.1399491399452688 0.1
4785 0.03998570286108772 0.1399491399452688 0.05
4786 0.03998570286108772 0.1399491399452688 0.2
4787 0.03998570286108772 0.1399491399452688 0.15
4788 0.03998570286108772 0.1399491399452688 0.3
4789 0.03998570286108772 0.1399491399452688 0.25
4790 0.03998570286108772 0.1399491399452688 0.4
4791 0.03998570286108772 0.1399491399452688 0.35
4792 0.03998570286108772 0.1399491399452688 0.45
4793 0.9600142971389299 0.1399491399452438 0.1
4794 0.9600142971389298 0.1399491399452438 0.05
4795 0.9600142971389299 0.1399491399452438 0.2
4796 0.9600142971389298 0.1399491399452438 0.15
4797 0.9600142971389299 0.1399491399452438 0.3
4798 0.9600142971389298 0.1399491399452438 0.25
4799 0.9600142971389299 0.1399491399452438 0.4
4800 0.9600142971389298 0.1399491399452438 0.35
4801 0.9600142971389298 0.1399491399452438 0.4500000000000001
4802 0.5624913605730559 0.8760722248546116 0.1
4803 0.5624913605730559 0.8760722248546116 0.05
4804 0.5624913605730559 0.8760722248546116 0.2
4805 0.5624913605730559 0.8760722248546116 0.15
4806 0.5624913605730559 0.8760722248546116 0.3
4807 0.5624913605730559 0.8760722248546116 0.25
4808 0.5624913605730559 0.8760722248546116 0.4
4809 0.5624913605730559 0.8760722248546116 0.35
4810 0.5624913605730559 0.8760722248546116 0.4500000000000001
4811 0.8768782806241934 0.566114312496227 0.1
4812 0.8768782806241934 0.566114312496227 0.05
4813 0.8768782806241934 0.566114312496227 0.2
4814 0.8768782806241934 0.566114312496227 0.15
4815 0.8768782806241934 0.566114312496227 0.3
4816 0.8768782806241934 0.566114312496227 0.25
4817 0.8768782806241934 0.566114312496227 0.4
4818 0.8768782806241934 0.566114312496227 0.35
4819 0.8768782806241934 0.566114312496227 0.45
4820 0.123927775145395 0.5624913605730734 0.1
4821 0.123927775145395 0.5624913605730734 0.05
4822 0.123927775145395 0.5624913605730734 0.2
4823 0.123927775145395 0.5624913605730734 0.15
4824 0.123927775145395 0.5624913605730734 0.3
4825 0.123927775145395 0.5624913605730734 0.25
4826 0.123927775145395 0.5624913605730734 0.4
4827 0.123927775145395 0.5624913605730734 0.35
4828 0.123927775145395 0.5624913605730734 0.4500000000000001
4829 0.4375086394270686 0.1239277751454081 0.1
4830 0.4375086394270686 0.1239277751454081 0.05
4831 0.4375086394270686 0.1239277751454081 0.2
4832 0.4375086394270686 0.1239277751454081 0.15
4833 0.4375086394270686 0.1239277751454081 0.3
4834 0.4375086394270686 0.1239277751454081 0.25
4835 0.4375086394270686 0.1239277751454081 0.4
4836 0.4375086394270686 0.1239277751454081 0.35
4837 0.4375086394270686 0.1239277751454081 0.4500000000000001
4838 0.9124756441477476 0.8634590289549801 0.1
4839 0.9124756441477476 0.8634590289549801 0.05
4840 0.9124756441477476 0.8634590289549801 0.2
4841 0.9124756441477476 0.8634590289549801 0.15
4842 0.9124756441477476 0.8634590289549801 0.3
4843 0.9124756441477476 0.8634590289549801 0.25
4844 0.9124756441477476 0.8634590289549801 0.4
4845 0.9124756441477476 0.8634590289549801 0.35
4846 0.9124756441477476 0.8634590289549801 0.45
4847 0.8616063296553809 0.9115697667392731 0.1
4848 0.8616063296553809 0.911569766739273 0.05
4849 0.8616063296553809 0.9115697667392731 0.2
4850 0.8616063296553809 0.911569766739273 0.15
4851 0.8616063296553809 0.9115697667392731 0.3
4852 0.8616063296553809 0.911569766739273 0.25
4853 0.8616063296553809 0.9115697667392731 0.4
4854 0.8616063296553809 0.911569766739273 0.35
4855 0.8616063296553809 0.911569766739273 0.4500000000000001
4856 0.1398881931978407 0.08992475611399674 0.1
4857 0.1398881931978407 0.08992475611399675 0.05
4858 0.1398881931978407 0.08992475611399674 0.2
4859 0.1398881931978407 0.08992475611399675 0.15
4860 0.1398881931978407 0.08992475611399674 0.3
4861 0.1398881931978407 0.08992475611399675 0.25
4862 0.1398881931978407 0.08992475611399674 0.4
4863 0.1398881931978407 0.08992475611399675 0.35
4864 0.1398881931978407 0.08992475611399675 0.4500000000000001
4865 0.08992475611395671 0.8601118068021574 0.1
4866 0.08992475611395671 0.8601118068021574 0.05
4867 0.08992475611395671 0.8601118068021574 0.2
4868 0.08992475611395671 0.8601118068021574 0.15
4869 0.08992475611395671 0.8601118068021574 0.3
4870 0.08992475611395671 0.8601118068021574 0.25
4871 0.08992475611395671 0.8601118068021574 0.4
4872 0.08992475611395671 0.8601118068021574 0.35
4873 0.08992475611395671 0.8601118068021574 0.4500000000000001
4874 0.139888193197758 0.9100752438862115 0.1
4875 0.139888193197758 0.9100752438862114 0.05
4876 0.139888193197758 0.9100752438862115 0.2
4877 0.139888193197758 0.9100752438862114 0.15
4878 0.139888193197758 0.9100752438862115 0.3
4879 0.139888193197758 0.9100752438862114 0.25
4880 0.139888193197758 0.9100752438862115 0.4
4881 0.139888193197758 0.9100752438862114 0.35
4882 0.139888193197758 0.9100752438862114 0.45
4883 0.860111806802243 0.08992475611382228 0.1
4884 0.8601118068022431 0.08992475611382228 0.05
4885 0.860111806802243 0.08992475611382228 0.2
4886 0.8601118068022431 0.08992475611382228 0.15
4887 0.860111806802243 0.08992475611382228 0.3
4888 0.8601118068022431 0.08992475611382228 0.25
4889 0.860111806802243 0.08992475611382228 0.4
4890 0.8601118068022431 0.08992475611382228 0.35
4891 0.8601118068022431 0.08992475611382228 0.45
4892 0.0899247561138022 0.1398881931977756 0.1
4893 0.0899247561138022 0.1398881931977756 0.05
4894 0.0899247561138022 0.1398881931977756 0.2
4895 0.0899247561138022 0.1398881931977756 0.15
4896 0.0899247561138022 0.1398881931977756 0.3
4897 0.0899247561138022 0.1398881931977756 0.25
4898 0.0899247561138022 0.1398881931977756 0.4
4899 0.0899247561138022 0.1398881931977756 0.35
4900 0.0899247561138022 0.1398881931977756 0.45
4901 0.9100752438862276 0.1398881931977382 0.1
4902 0.9100752438862276 0.1398881931977382 0.05
4903 0.9100752438862276 0.1398881931977382 0.2
4904 0.9100752438862276 0.1398881931977382 0.15
4905 0.9100752438862276 0.1398881931977382 0.3
4906 0.9100752438862276 0.1398881931977382 0.25
4907 0.9100752438862276 0.1398881931977382 0.4
4908 0.9100752438862276 0.1398881931977382 0.35
4909 0.9100752438862276 0.1398881931977382 0.4500000000000001
4910 0.7667879538400104 0.763026644045008 0.1
4911 0.7667879538400104 0.763026644045008 0.05
4912 0.7667879538400104 0.763026644045008 0.2
4913 0.7667879538400104 0.763026644045008 0.15
4914 0.7667879538400104 0.763026644045008 0.3
4915 0.7667879538400104 0.763026644045008 0.25
4916 0.7667879538400104 0.763026644045008 0.4
4917 0.7667879538400104 0.763026644045008 0.35
4918 0.7667879538400104 0.763026644045008 0.45
4919 0.2381756761801253 0.7608710213537473 0.1
4920 0.2381756761801253 0.7608710213537473 0.05
4921 0.2381756761801253 0.7608710213537473 0.2
4922 0.2381756761801253 0.7608710213537473 0.15
4923 0.2381756761801253 0.7608710213537473 0.3
4924 0.2381756761801253 0.7608710213537473 0.25
4925 0.2381756761801253 0.7608710213537473 0.4
4926 0.2381756761801253 0.7608710213537473 0.35
4927 0.2381756761801253 0.7608710213537473 0.4500000000000001
4928 0.2391289786462328 0.2381756761801408 0.1
4929 0.2391289786462328 0.2381756761801408 0.05
4930 0.2391289786462328 0.2381756761801408 0.2
4931 0.2391289786462328 0.2381756761801408 0.15
4932 0.2391289786462328 0.2381756761801408 0.3
4933 0.2391289786462328 0.2381756761801408 0.25
4934 0.2391289786462328 0.2381756761801408 0.4
4935 0.2391289786462328 0.2381756761801408 0.35
4936 0.2391289786462328 0.2381756761801408 0.4500000000000001
4937 0.7637051953876486 0.2308555290873644 0.1
4938 0.7637051953876486 0.2308555290873644 0.05
4939 0.7637051953876486 0.2308555290873644 0.2
4940 0.7637051953876486 0.2308555290873644 0.15
4941 0.7637051953876486 0.2308555290873644 0.3
4942 0.7637051953876486 0.2308555290873644 0.25
4943 0.7637051953876486 0.2308555290873644 0.4
4944 0.7637051953876486 0.2308555290873644 0.35
4945 0.7637051953876486 0.2308555290873644 0.45
4946 0.6041206249238408 0.7452829717179825 0.05
4947 0.5855533438208003 0.6927198830715364 0.1
4948 0.630223320729727 0.7022684745283254 0.1
4949 0.5855533438208003 0.6927198830715364 0.05
4950 0.630223320729727 0.7022684745283254 0.05
4951 0.6041206249238408 0.7452829717179825 0.15
4952 0.5855533438208003 0.6927198830715364 0.2
4953 0.630223320729727 0.7022684745283254 0.2
4954 0.5855533438208003 0.6927198830715364 0.15
4955 0.630223320729727 0.7022684745283254 0.15
4956 0.6041206249238408 0.7452829717179825 0.25
4957 0.5855533438208003 0.6927198830715364 0.3
4958 0.630223320729727 0.7022684745283254 0.3
4959 0.5855533438208003 0.6927198830715364 0.25
4960 0.630223320729727 0.7022684745283254 0.25
4961 0.6041206249238408 0.7452829717179825 0.35
4962 0.5855533438208003 0.6927198830715364 0.4
4963 0.630223320729727 0.7022684745283254 0.4
4964 0.5855533438208003 0.6927198830715364 0.35
4965 0.630223320729727 0.7022684745283254 0.35
4966 0.6041206249238408 0.7452829717179825 0.45
4967 0.5855533438208003 0.6927198830715364 0.45
4968 0.630223320729727 0.7022684745283254 0.4500000000000001
4969 0.541028573647751 0.6683249263377748 0.1
4970 0.5595958547507915 0.7208880149842211 0.1
4971 0.541028573647751 0.6683249263377748 0.05
4972 0.5595958547507915 0.7208880149842211 0.05
4973 0.541028573647751 0.6683249263377748 0.2
4974 0.5595958547507915 0.7208880149842211 0.2
4975 0.541028573647751 0.6683249263377748 0.15
4976 0.5595958547507915 0.7208880149842211 0.15
4977 0.541028573647751 0.6683249263377748 0.3
4978 0.5595958547507915 0.7208880149842211 0.3
4979 0.541028573647751 0.6683249263377748 0.25
4980 0.5595958547507915 0.7208880149842211 0.25
4981 0.541028573647751 0.6683249263377748 0.4
4982 0.5595958547507915 0.7208880149842211 0.4
4983 0.541028573647751 0.6683249263377748 0.35
4984 0.5595958547507915 0.7208880149842211 0.35
4985 0.541028573647751 0.6683249263377748 0.4500000000000001
4986 0.5595958547507915 0.7208880149842211 0.45
4987 0.3363554259062778 0.544763410973596 0.1
4988 0.2817459135198273 0.5608182878933101 0.1
4989 0.3363554259062778 0.544763410973596 0.05
4990 0.2817459135198273 0.5608182878933101 0.05
4991 0.3363554259062778 0.544763410973596 0.2
4992 0.2817459135198273 0.5608182878933101 0.2
4993 0.3363554259062778 0.544763410973596 0.15
4994 0.2817459135198273 0.5608182878933101 0.15
4995 0.3363554259062778 0.544763410973596 0.3
4996 0.2817459135198273 0.5608182878933101 0.3
4997 0.3363554259062778 0.544763410973596 0.25
4998 0.2817459135198273 0.5608182878933101 0.25
4999 0.3363554259062778 0.544763410973596 0.4
5000 0.2817459135198273 0.5608182878933101 0.4
5001 0.3363554259062778 0.544763410973596 0.35
5002 0.2817459135198273 0.5608182878933101 0.35
5003 0.3363554259062778 0.544763410973596 0.4500000000000001
5004 0.2817459135198273 0.5608182878933101 0.45
5005 0.4347449499018218 0.2739183146243791 0.1
5006 0.4347449499018218 0.2739183146243791 0.05
5007 0.4347449499018218 0.2739183146243791 0.2
5008 0.4347449499018218 0.2739183146243791 0.15
5009 0.4347449499018218 0.2739183146243791 0.3
5010 0.4347449499018218 0.2739183146243791 0.25
5011 0.4347449499018218 0.2739183146243791 0.4
5012 0.4347449499018218 0.2739183146243791 0.35
5013 0.4347449499018218 0.2739183146243791 0.45
5014 0.447058310932023 0.8536638137741718 0.1
5015 0.447058310932023 0.8536638137741718 0.05
5016 0.447058310932023 0.8536638137741718 0.2
5017 0.447058310932023 0.8536638137741718 0.15
5018 0.447058310932023 0.8536638137741718 0.3
5019 0.447058310932023 0.8536638137741718 0.25
5020 0.447058310932023 0.8536638137741718 0.4
5021 0.447058310932023 0.8536638137741718 0.35
5022 0.447058310932023 0.8536638137741718 0.45
5023 0.8161308910964841 0.4272448866020216 0.05
5024 0.8531438427609433 0.446852628733131 0.1
5025 0.7959943992881963 0.4670892448821238 0.1
5026 0.8531438427609433 0.446852628733131 0.05
5027 0.7959943992881963 0.4670892448821238 0.05
5028 0.8161308910964841 0.4272448866020216 0.15
5029 0.8531438427609433 0.446852628733131 0.2
5030 0.7959943992881963 0.4670892448821238 0.2
5031 0.8531438427609433 0.446852628733131 0.15
5032 0.7959943992881963 0.4670892448821238 0.15
5033 0.8161308910964841 0.4272448866020216 0.25
5034 0.8531438427609433 0.446852628733131 0.3
5035 0.7959943992881963 0.4670892448821238 0.3
5036 0.8531438427609433 0.446852628733131 0.25
5037 0.7959943992881963 0.4670892448821238 0.25
5038 0.8161308910964841 0.4272448866020216 0.35
5039 0.8531438427609433 0.446852628733131 0.4
5040 0.7959943992881963 0.4670892448821238 0.4
5041 0.8531438427609433 0.446852628733131 0.35
5042 0.7959943992881963 0.4670892448821238 0.35
5043 0.8161308910964841 0.4272448866020216 0.45
5044 0.8531438427609433 0.446852628733131 0.4500000000000001
5045 0.7959943992881963 0.4670892448821238 0.45
5046 0.146336186225838 0.4470583109320457 0.1
5047 0.146336186225838 0.4470583109320457 0.05
5048 0.146336186225838 0.4470583109320457 0.2
5049 0.146336186225838 0.4470583109320457 0.15
5050 0.146336186225838 0.4470583109320457 0.3
5051 0.146336186225838 0.4470583109320457 0.25
5052 0.146336186225838 0.4470583109320457 0.4
5053 0.146336186225838 0.4470583109320457 0.35
5054 0.146336186225838 0.4470583109320457 0.45
5055 0.3934307628154132 0.8326730116746932 0.1
5056 0.3934307628154132 0.8326730116746932 0.05
5057 0.3934307628154132 0.8326730116746932 0.2
5058 0.3934307628154132 0.8326730116746932 0.15
5059 0.3934307628154132 0.8326730116746932 0.3
5060 0.3934307628154132 0.8326730116746932 0.25
5061 0.3934307628154132 0.8326730116746932 0.4
5062 0.3934307628154132 0.8326730116746932 0.35
5063 0.3934307628154132 0.8326730116746932 0.45
5064 0.1673269883253145 0.3934307628154359 0.1
5065 0.1673269883253145 0.3934307628154359 0.05
5066 0.1673269883253145 0.3934307628154359 0.2
5067 0.1673269883253145 0.3934307628154359 0.15
5068 0.1673269883253145 0.3934307628154359 0.3
5069 0.1673269883253145 0.3934307628154359 0.25
5070 0.1673269883253145 0.3934307628154359 0.4
5071 0.1673269883253145 0.3934307628154359 0.35
5072 0.1673269883253145 0.3934307628154359 0.45
5073 0.832498480090422 0.3932673869812824 0.1
5074 0.832498480090422 0.3932673869812824 0.05
5075 0.832498480090422 0.3932673869812824 0.2
5076 0.832498480090422 0.3932673869812824 0.15
5077 0.832498480090422 0.3932673869812824 0.3
5078 0.832498480090422 0.3932673869812824 0.25
5079 0.832498480090422 0.3932673869812824 0.4
5080 0.832498480090422 0.3932673869812824 0.35
5081 0.832498480090422 0.3932673869812824 0.4500000000000001
5082 0.5528043405432485 0.1463116515505718 0.1
5083 0.5528043405432485 0.1463116515505718 0.05
5084 0.5528043405432485 0.1463116515505718 0.2
5085 0.5528043405432485 0.1463116515505718 0.15
5086 0.5528043405432485 0.1463116515505718 0.3
5087 0.5528043405432485 0.1463116515505718 0.25
5088 0.5528043405432485 0.1463116515505718 0.4
5089 0.5528043405432485 0.1463116515505718 0.35
5090 0.5528043405432485 0.1463116515505718 0.45
5091 0.6056627369211398 0.1671650594679572 0.1
5092 0.6056627369211398 0.1671650594679572 0.05
5093 0.6056627369211398 0.1671650594679572 0.2
5094 0.6056627369211398 0.1671650594679572 0.15
5095 0.6056627369211398 0.1671650594679572 0.3
5096 0.6056627369211398 0.1671650594679572 0.25
5097 0.6056627369211398 0.1671650594679572 0.4
5098 0.6056627369211398 0.1671650594679572 0.35
5099 0.6056627369211398 0.1671650594679572 0.45
5100 0.6502174930689932 0.93324536468081 0.05
5101 0.6952580450254587 0.9169273971625247 0.1
5102 0.6751087465348433 0.9666226823404049 0.1
5103 0.6952580450254587 0.9169273971625247 0.05
5104 0.6751087465348433 0.9666226823404049 0.05
5105 0.6502174930689932 0.93324536468081 0.15
5106 0.6952580450254587 0.9169273971625247 0.2
5107 0.6751087465348433 0.9666226823404049 0.2
5108 0.6952580450254587 0.9169273971625247 0.15
5109 0.6751087465348433 0.9666226823404049 0.15
5110 0.6502174930689932 0.93324536468081 0.25
5111 0.6952580450254587 0.9169273971625247 0.3
5112 0.6751087465348433 0.9666226823404049 0.3
5113 0.6952580450254587 0.9169273971625247 0.25
5114 0.6751087465348433 0.9666226823404049 0.25
5115 0.6502174930689932 0.93324536468081 0.35
5116 0.6952580450254587 0.9169273971625247 0.4
5117 0.6751087465348433 0.9666226823404049 0.4
5118 0.6952580450254587 0.9169273971625247 0.35
5119 0.6751087465348433 0.9666226823404049 0.35
5120 0.6502174930689932 0.93324536468081 0.45
5121 0.6952580450254587 0.9169273971625247 0.4500000000000001
5122 0.6751087465348433 0.9666226823404049 0.45
5123 0.933590451594565 0.649972494301397 0.05
5124 0.9667952257972825 0.6749862471510453 0.1
5125 0.9179626579037934 0.6945230487226817 0.1
5126 0.9667952257972825 0.6749862471510453 0.05
5127 0.9179626579037934 0.6945230487226817 0.05
5128 0.933590451594565 0.649972494301397 0.15
5129 0.9667952257972825 0.6749862471510453 0.2
5130 0.9179626579037934 0.6945230487226817 0.2
5131 0.9667952257972825 0.6749862471510453 0.15
5132 0.9179626579037934 0.6945230487226817 0.15
5133 0.933590451594565 0.649972494301397 0.25
5134 0.9667952257972825 0.6749862471510453 0.3
5135 0.9179626579037934 0.6945230487226817 0.3
5136 0.9667952257972825 0.6749862471510453 0.25
5137 0.9179626579037934 0.6945230487226817 0.25
5138 0.933590451594565 0.649972494301397 0.35
5139 0.9667952257972825 0.6749862471510453 0.4
5140 0.9179626579037934 0.6945230487226817 0.4
5141 0.9667952257972825 0.6749862471510453 0.35
5142 0.9179626579037934 0.6945230487226817 0.35
5143 0.933590451594565 0.649972494301397 0.45
5144 0.9667952257972825 0.6749862471510453 0.4500000000000001
5145 0.9179626579037934 0.6945230487226817 0.45
5146 0.6454638028541502 0.8910557168823412 0.1
5147 0.6454638028541502 0.8910557168823412 0.05
5148 0.6454638028541502 0.8910557168823412 0.2
5149 0.6454638028541502 0.8910557168823412 0.15
5150 0.6454638028541502 0.8910557168823412 0.3
5151 0.6454638028541502 0.8910557168823412 0.25
5152 0.6454638028541502 0.8910557168823412 0.4
5153 0.6454638028541502 0.8910557168823412 0.35
5154 0.6454638028541502 0.8910557168823412 0.4500000000000001
5155 0.8912282603392161 0.6453413034703444 0.1
5156 0.8912282603392161 0.6453413034703444 0.05
5157 0.8912282603392161 0.6453413034703444 0.2
5158 0.8912282603392161 0.6453413034703444 0.15
5159 0.8912282603392161 0.6453413034703444 0.3
5160 0.8912282603392161 0.6453413034703444 0.25
5161 0.8912282603392161 0.6453413034703444 0.4
5162 0.8912282603392161 0.6453413034703444 0.35
5163 0.8912282603392161 0.6453413034703444 0.45
5164 0.06640954840543732 0.6499724943014313 0.05
5165 0.08203734209621327 0.6945230487227533 0.1
5166 0.03320477420271866 0.6749862471510624 0.1
5167 0.08203734209621327 0.6945230487227533 0.05
5168 0.03320477420271866 0.6749862471510624 0.05
5169 0.06640954840543732 0.6499724943014313 0.15
5170 0.08203734209621327 0.6945230487227533 0.2
5171 0.03320477420271866 0.6749862471510624 0.2
5172 0.08203734209621327 0.6945230487227533 0.15
5173 0.03320477420271866 0.6749862471510624 0.15
5174 0.06640954840543732 0.6499724943014313 0.25
5175 0.08203734209621327 0.6945230487227533 0.3
5176 0.03320477420271866 0.6749862471510624 0.3
5177 0.08203734209621327 0.6945230487227533 0.25
5178 0.03320477420271866 0.6749862471510624 0.25
5179 0.06640954840543732 0.6499724943014313 0.35
5180 0.08203734209621327 0.6945230487227533 0.4
5181 0.03320477420271866 0.6749862471510624 0.4
5182 0.08203734209621327 0.6945230487227533 0.35
5183 0.03320477420271866 0.6749862471510624 0.35
5184 0.06640954840543732 0.6499724943014313 0.45
5185 0.08203734209621327 0.6945230487227533 0.4500000000000001
5186 0.03320477420271866 0.6749862471510624 0.45
5187 0.3083837060956967 0.9141686428908846 0.1
5188 0.3083837060956967 0.9141686428908846 0.05
5189 0.3083837060956967 0.9141686428908846 0.2
5190 0.3083837060956967 0.9141686428908846 0.15
5191 0.3083837060956967 0.9141686428908846 0.3
5192 0.3083837060956967 0.9141686428908846 0.25
5193 0.3083837060956967 0.9141686428908846 0.4
5194 0.3083837060956967 0.9141686428908846 0.35
5195 0.3083837060956967 0.9141686428908846 0.4500000000000001
5196 0.1087717396607844 0.6453413034703825 0.1
5197 0.1087717396607844 0.6453413034703825 0.05
5198 0.1087717396607844 0.6453413034703825 0.2
5199 0.1087717396607844 0.6453413034703825 0.15
5200 0.1087717396607844 0.6453413034703825 0.3
5201 0.1087717396607844 0.6453413034703825 0.25
5202 0.1087717396607844 0.6453413034703825 0.4
5203 0.1087717396607844 0.6453413034703825 0.35
5204 0.1087717396607844 0.6453413034703825 0.4500000000000001
5205 0.08583135710911712 0.3083837060957196 0.1
5206 0.08583135710911712 0.3083837060957196 0.05
5207 0.08583135710911712 0.3083837060957196 0.2
5208 0.08583135710911712 0.3083837060957196 0.15
5209 0.08583135710911712 0.3083837060957196 0.3
5210 0.08583135710911712 0.3083837060957196 0.25
5211 0.08583135710911712 0.3083837060957196 0.4
5212 0.08583135710911712 0.3083837060957196 0.35
5213 0.08583135710911712 0.3083837060957196 0.4500000000000001
5214 0.9142679441378065 0.3083958676337659 0.1
5215 0.9142679441378065 0.3083958676337659 0.05
5216 0.9142679441378065 0.3083958676337659 0.2
5217 0.9142679441378065 0.3083958676337659 0.15
5218 0.9142679441378065 0.3083958676337659 0.3
5219 0.9142679441378065 0.3083958676337659 0.25
5220 0.9142679441378065 0.3083958676337659 0.4
5221 0.9142679441378065 0.3083958676337659 0.35
5222 0.9142679441378065 0.3083958676337659 0.45
5223 0.3285360881414235 0.9638891058694685 0.1
5224 0.3285360881414235 0.9638891058694685 0.05
5225 0.3285360881414235 0.9638891058694685 0.2
5226 0.3285360881414235 0.9638891058694685 0.15
5227 0.3285360881414235 0.9638891058694685 0.3
5228 0.3285360881414235 0.9638891058694685 0.25
5229 0.3285360881414235 0.9638891058694685 0.4
5230 0.3285360881414235 0.9638891058694685 0.35
5231 0.3285360881414235 0.9638891058694685 0.4500000000000001
5232 0.6906347655144343 0.0847638790986239 0.1
5233 0.6906347655144343 0.0847638790986239 0.05
5234 0.6906347655144343 0.0847638790986239 0.2
5235 0.6906347655144343 0.0847638790986239 0.15
5236 0.6906347655144343 0.0847638790986239 0.3
5237 0.6906347655144343 0.0847638790986239 0.25
5238 0.6906347655144343 0.0847638790986239 0.4
5239 0.6906347655144343 0.0847638790986239 0.35
5240 0.6906347655144343 0.0847638790986239 0.4500000000000001
5241 0.03611089413053292 0.3285360881414313 0.1
5242 0.03611089413053292 0.3285360881414313 0.05
5243 0.03611089413053292 0.3285360881414313 0.2
5244 0.03611089413053292 0.3285360881414313 0.15
5245 0.03611089413053292 0.3285360881414313 0.3
5246 0.03611089413053292 0.3285360881414313 0.25
5247 0.03611089413053292 0.3285360881414313 0.4
5248 0.03611089413053292 0.3285360881414313 0.35
5249 0.03611089413053292 0.3285360881414313 0.4500000000000001
5250 0.9639632293154479 0.3285451661252265 0.1
5251 0.9639632293154479 0.3285451661252266 0.05
5252 0.9639632293154479 0.3285451661252265 0.2
5253 0.9639632293154479 0.3285451661252266 0.15
5254 0.9639632293154479 0.3285451661252265 0.3
5255 0.9639632293154479 0.3285451661252266 0.25
5256 0.9639632293154479 0.3285451661252265 0.4
5257 0.9639632293154479 0.3285451661252266 0.35
5258 0.9639632293154479 0.3285451661252266 0.45
5259 0.671172131837473 0.03591008209845548 0.1
5260 0.671172131837473 0.03591008209845548 0.05
5261 0.671172131837473 0.03591008209845548 0.2
5262 0.671172131837473 0.03591008209845548 0.15
5263 0.671172131837473 0.03591008209845548 0.3
5264 0.671172131837473 0.03591008209845548 0.25
5265 0.671172131837473 0.03591008209845548 0.4
5266 0.671172131837473 0.03591008209845548 0.35
5267 0.671172131837473 0.03591008209845548 0.4500000000000001
5268 0.3500275056986676 0.0664095484054297 0.05
5269 0.3054769512772716 0.08203734209620978 0.1
5270 0.3250137528489671 0.03320477420271485 0.1
5271 0.3054769512772716 0.08203734209620978 0.05
5272 0.3250137528489671 0.03320477420271485 0.05
5273 0.3500275056986676 0.0664095484054297 0.15
5274 0.3054769512772716 0.08203734209620978 0.2
5275 0.3250137528489671 0.03320477420271485 0.2
5276 0.3054769512772716 0.08203734209620978 0.15
5277 0.3250137528489671 0.03320477420271485 0.15
5278 0.3500275056986676 0.0664095484054297 0.25
5279 0.3054769512772716 0.08203734209620978 0.3
5280 0.3250137528489671 0.03320477420271485 0.3
5281 0.3054769512772716 0.08203734209620978 0.25
5282 0.3250137528489671 0.03320477420271485 0.25
5283 0.3500275056986676 0.0664095484054297 0.35
5284 0.3054769512772716 0.08203734209620978 0.4
5285 0.3250137528489671 0.03320477420271485 0.4
5286 0.3054769512772716 0.08203734209620978 0.35
5287 0.3250137528489671 0.03320477420271485 0.35
5288 0.3500275056986676 0.0664095484054297 0.45
5289 0.3054769512772716 0.08203734209620978 0.4500000000000001
5290 0.3250137528489671 0.03320477420271485 0.45
5291 0.354658696529668 0.1087717396607561 0.1
5292 0.354658696529668 0.1087717396607561 0.05
5293 0.354658696529668 0.1087717396607561 0.2
5294 0.354658696529668 0.1087717396607561 0.15
5295 0.354658696529668 0.1087717396607561 0.3
5296 0.354658696529668 0.1087717396607561 0.25
5297 0.354658696529668 0.1087717396607561 0.4
5298 0.354658696529668 0.1087717396607561 0.35
5299 0.354658696529668 0.1087717396607561 0.4500000000000001
5300 0.7036642332374219 0.7186272650426593 0.05
5301 0.7285291602172792 0.6725968845046448 0.1
5302 0.7048600518663748 0.6429102406526495 0.1
5303 0.6799951248865175 0.6889406211906638 0.1
5304 0.7285291602172792 0.6725968845046448 0.05
5305 0.7048600518663748 0.6429102406526495 0.05
5306 0.6799951248865175 0.6889406211906637 0.05
5307 0.7036642332374219 0.7186272650426593 0.15
5308 0.7285291602172792 0.6725968845046448 0.2
5309 0.7048600518663748 0.6429102406526495 0.2
5310 0.6799951248865175 0.6889406211906638 0.2
5311 0.7285291602172792 0.6725968845046448 0.15
5312 0.7048600518663748 0.6429102406526495 0.15
5313 0.6799951248865175 0.6889406211906637 0.15
5314 0.7036642332374219 0.7186272650426593 0.25
5315 0.7285291602172792 0.6725968845046448 0.3
5316 0.7048600518663748 0.6429102406526495 0.3
5317 0.6799951248865175 0.6889406211906638 0.3
5318 0.7285291602172792 0.6725968845046448 0.25
5319 0.7048600518663748 0.6429102406526495 0.25
5320 0.6799951248865175 0.6889406211906637 0.25
5321 0.7036642332374219 0.7186272650426593 0.35
5322 0.7285291602172792 0.6725968845046448 0.4
5323 0.7048600518663748 0.6429102406526495 0.4
5324 0.6799951248865175 0.6889406211906638 0.4
5325 0.7285291602172792 0.6725968845046448 0.35
5326 0.7048600518663748 0.6429102406526495 0.35
5327 0.6799951248865175 0.6889406211906637 0.35
5328 0.7036642332374219 0.7186272650426593 0.45
5329 0.7285291602172792 0.6725968845046448 0.45
5330 0.7048600518663748 0.6429102406526495 0.4500000000000001
5331 0.6799951248865175 0.6889406211906637 0.45
5332 0.8011300781405017 0.6336383083029611 0.1
5333 0.7749731748367992 0.6765016128100023 0.1
5334 0.8011300781405017 0.6336383083029611 0.05
5335 0.7749731748367992 0.6765016128100023 0.05
5336 0.8011300781405017 0.6336383083029611 0.2
5337 0.7749731748367992 0.6765016128100023 0.2
5338 0.8011300781405017 0.6336383083029611 0.15
5339 0.7749731748367992 0.6765016128100023 0.15
5340 0.8011300781405017 0.6336383083029611 0.3
5341 0.7749731748367992 0.6765016128100023 0.3
5342 0.8011300781405017 0.6336383083029611 0.25
5343 0.7749731748367992 0.6765016128100023 0.25
5344 0.8011300781405017 0.6336383083029611 0.4
5345 0.7749731748367992 0.6765016128100023 0.4
5346 0.8011300781405017 0.6336383083029611 0.35
5347 0.7749731748367992 0.6765016128100023 0.35
5348 0.8011300781405017 0.6336383083029611 0.4500000000000001
5349 0.7749731748367992 0.6765016128100023 0.45
5350 0.6538924290806314 0.7319551183803209 0.1
5351 0.6538924290806314 0.7319551183803208 0.05
5352 0.6538924290806314 0.7319551183803209 0.2
5353 0.6538924290806314 0.7319551183803208 0.15
5354 0.6538924290806314 0.7319551183803209 0.3
5355 0.6538924290806314 0.7319551183803208 0.25
5356 0.6538924290806314 0.7319551183803209 0.4
5357 0.6538924290806314 0.7319551183803208 0.35
5358 0.6538924290806314 0.7319551183803208 0.45
5359 0.5486352939485353 0.7605957184906027 0.1
5360 0.5486352939485353 0.7605957184906027 0.05
5361 0.5486352939485353 0.7605957184906027 0.2
5362 0.5486352939485353 0.7605957184906027 0.15
5363 0.5486352939485353 0.7605957184906027 0.3
5364 0.5486352939485353 0.7605957184906027 0.25
5365 0.5486352939485353 0.7605957184906027 0.4
5366 0.5486352939485353 0.7605957184906027 0.35
5367 0.5486352939485353 0.7605957184906027 0.45
5368 0.239404281509409 0.5486352939485597 0.1
5369 0.239404281509409 0.5486352939485597 0.05
5370 0.239404281509409 0.5486352939485597 0.2
5371 0.239404281509409 0.5486352939485597 0.15
5372 0.239404281509409 0.5486352939485597 0.3
5373 0.239404281509409 0.5486352939485597 0.25
5374 0.239404281509409 0.5486352939485597 0.4
5375 0.239404281509409 0.5486352939485597 0.35
5376 0.239404281509409 0.5486352939485597 0.45
5377 0.4513647060514474 0.2394042815094091 0.1
5378 0.4513647060514474 0.2394042815094091 0.05
5379 0.4513647060514474 0.2394042815094091 0.2
5380 0.4513647060514474 0.2394042815094091 0.15
5381 0.4513647060514474 0.2394042815094091 0.3
5382 0.4513647060514474 0.2394042815094091 0.25
5383 0.4513647060514474 0.2394042815094091 0.4
5384 0.4513647060514474 0.2394042815094091 0.35
5385 0.4513647060514474 0.2394042815094091 0.45
5386 0.5016608873844568 0.6422737973390444 0.1
5387 0.5016608873844568 0.6422737973390444 0.05
5388 0.5016608873844568 0.6422737973390444 0.2
5389 0.5016608873844568 0.6422737973390444 0.15
5390 0.5016608873844568 0.6422737973390444 0.3
5391 0.5016608873844568 0.6422737973390444 0.25
5392 0.5016608873844568 0.6422737973390444 0.4
5393 0.5016608873844568 0.6422737973390444 0.35
5394 0.5016608873844568 0.6422737973390444 0.4500000000000001
5395 0.3590590673362142 0.507081566157362 0.1
5396 0.3590590673362142 0.507081566157362 0.05
5397 0.3590590673362142 0.507081566157362 0.2
5398 0.3590590673362142 0.507081566157362 0.15
5399 0.3590590673362142 0.507081566157362 0.3
5400 0.3590590673362142 0.507081566157362 0.25
5401 0.3590590673362142 0.507081566157362 0.4
5402 0.3590590673362142 0.507081566157362 0.35
5403 0.3590590673362142 0.507081566157362 0.4500000000000001
5404 0.7501082478569419 0.7225319933480168 0.1
5405 0.7501082478569419 0.7225319933480168 0.05
5406 0.7501082478569419 0.7225319933480168 0.2
5407 0.7501082478569419 0.7225319933480168 0.15
5408 0.7501082478569419 0.7225319933480168 0.3
5409 0.7501082478569419 0.7225319933480168 0.25
5410 0.7501082478569419 0.7225319933480168 0.4
5411 0.7501082478569419 0.7225319933480168 0.35
5412 0.7501082478569419 0.7225319933480168 0.45
5413 0.875668851795889 0.8266522366031215 0.1
5414 0.875668851795889 0.8266522366031215 0.05
5415 0.875668851795889 0.8266522366031215 0.2
5416 0.875668851795889 0.8266522366031215 0.15
5417 0.875668851795889 0.8266522366031215 0.3
5418 0.875668851795889 0.8266522366031215 0.25
5419 0.875668851795889 0.8266522366031215 0.4
5420 0.875668851795889 0.8266522366031215 0.35
5421 0.875668851795889 0.8266522366031215 0.4500000000000001
5422 0.8247995373035222 0.8747629743874146 0.1
5423 0.8247995373035222 0.8747629743874146 0.05
5424 0.8247995373035222 0.8747629743874146 0.2
5425 0.8247995373035222 0.8747629743874146 0.15
5426 0.8247995373035222 0.8747629743874146 0.3
5427 0.8247995373035222 0.8747629743874146 0.25
5428 0.8247995373035222 0.8747629743874146 0.4
5429 0.8247995373035222 0.8747629743874146 0.35
5430 0.8247995373035222 0.8747629743874146 0.45
5431 0.1252370256125838 0.8247995373035918 0.1
5432 0.1252370256125838 0.8247995373035918 0.05
5433 0.1252370256125838 0.8247995373035918 0.2
5434 0.1252370256125838 0.8247995373035918 0.15
5435 0.1252370256125838 0.8247995373035918 0.3
5436 0.1252370256125838 0.8247995373035918 0.25
5437 0.1252370256125838 0.8247995373035918 0.4
5438 0.1252370256125838 0.8247995373035918 0.35
5439 0.1252370256125838 0.8247995373035918 0.45
5440 0.1752004626963852 0.8747629743876459 0.1
5441 0.1752004626963852 0.8747629743876459 0.05
5442 0.1752004626963852 0.8747629743876459 0.2
5443 0.1752004626963852 0.8747629743876459 0.15
5444 0.1752004626963852 0.8747629743876459 0.3
5445 0.1752004626963852 0.8747629743876459 0.25
5446 0.1752004626963852 0.8747629743876459 0.4
5447 0.1752004626963852 0.8747629743876459 0.35
5448 0.1752004626963852 0.8747629743876459 0.4500000000000001
5449 0.1752004626963937 0.1252370256126433 0.1
5450 0.1752004626963937 0.1252370256126433 0.05
5451 0.1752004626963937 0.1252370256126433 0.2
5452 0.1752004626963937 0.1252370256126433 0.15
5453 0.1752004626963937 0.1252370256126433 0.3
5454 0.1752004626963937 0.1252370256126433 0.25
5455 0.1752004626963937 0.1252370256126433 0.4
5456 0.1752004626963937 0.1252370256126433 0.35
5457 0.1752004626963937 0.1252370256126433 0.45
5458 0.1252370256123552 0.1752004626964222 0.1
5459 0.1252370256123552 0.1752004626964222 0.05
5460 0.1252370256123552 0.1752004626964222 0.2
5461 0.1252370256123552 0.1752004626964222 0.15
5462 0.1252370256123552 0.1752004626964222 0.3
5463 0.1252370256123552 0.1752004626964222 0.25
5464 0.1252370256123552 0.1752004626964222 0.4
5465 0.1252370256123552 0.1752004626964222 0.35
5466 0.1252370256123552 0.1752004626964222 0.4500000000000001
5467 0.8247995373036631 0.1252370256124246 0.1
5468 0.8247995373036631 0.1252370256124246 0.05
5469 0.8247995373036631 0.1252370256124246 0.2
5470 0.8247995373036631 0.1252370256124246 0.15
5471 0.8247995373036631 0.1252370256124246 0.3
5472 0.8247995373036631 0.1252370256124246 0.25
5473 0.8247995373036631 0.1252370256124246 0.4
5474 0.8247995373036631 0.1252370256124246 0.35
5475 0.8247995373036631 0.1252370256124246 0.4500000000000001
5476 0.8747629743876477 0.1752004626963405 0.1
5477 0.8747629743876477 0.1752004626963405 0.05
5478 0.8747629743876477 0.1752004626963405 0.2
5479 0.8747629743876477 0.1752004626963405 0.15
5480 0.8747629743876477 0.1752004626963405 0.3
5481 0.8747629743876477 0.1752004626963405 0.25
5482 0.8747629743876477 0.1752004626963405 0.4
5483 0.8747629743876477 0.1752004626963405 0.35
5484 0.8747629743876477 0.1752004626963405 0.45
5485 0.6224153687815739 0.7970745204009275 0.1
5486 0.5795122951741489 0.7903380483756335 0.1
5487 0.597807039031882 0.8421295970585785 0.1
5488 0.6224153687815739 0.7970745204009275 0.05
5489 0.5795122951741489 0.7903380483756335 0.05
5490 0.597807039031882 0.8421295970585785 0.05
5491 0.6224153687815739 0.7970745204009275 0.2
5492 0.5795122951741489 0.7903380483756335 0.2
5493 0.597807039031882 0.8421295970585785 0.2
5494 0.6224153687815739 0.7970745204009275 0.15
5495 0.5795122951741489 0.7903380483756335 0.15
5496 0.597807039031882 0.8421295970585785 0.15
5497 0.6224153687815739 0.7970745204009275 0.3
5498 0.5795122951741489 0.7903380483756335 0.3
5499 0.597807039031882 0.8421295970585785 0.3
5500 0.6224153687815739 0.7970745204009275 0.25
5501 0.5795122951741489 0.7903380483756335 0.25
5502 0.597807039031882 0.8421295970585785 0.25
5503 0.6224153687815739 0.7970745204009275 0.4
5504 0.5795122951741489 0.7903380483756335 0.4
5505 0.597807039031882 0.8421295970585785 0.4
5506 0.6224153687815739 0.7970745204009275 0.35
5507 0.5795122951741489 0.7903380483756335 0.35
5508 0.597807039031882 0.8421295970585785 0.35
5509 0.6224153687815739 0.7970745204009275 0.45
5510 0.5795122951741489 0.7903380483756335 0.4500000000000001
5511 0.597807039031882 0.8421295970585785 0.45
5512 0.2096619516243761 0.5795122951741736 0.1
5513 0.1578704029414276 0.5978070390319066 0.1
5514 0.2096619516243761 0.5795122951741736 0.05
5515 0.1578704029414276 0.5978070390319066 0.05
5516 0.2096619516243761 0.5795122951741736 0.2
5517 0.1578704029414276 0.5978070390319066 0.2
5518 0.2096619516243761 0.5795122951741736 0.15
5519 0.1578704029414276 0.5978070390319066 0.15
5520 0.2096619516243761 0.5795122951741736 0.3
5521 0.1578704029414276 0.5978070390319066 0.3
5522 0.2096619516243761 0.5795122951741736 0.25
5523 0.1578704029414276 0.5978070390319066 0.25
5524 0.2096619516243761 0.5795122951741736 0.4
5525 0.1578704029414276 0.5978070390319066 0.4
5526 0.2096619516243761 0.5795122951741736 0.35
5527 0.1578704029414276 0.5978070390319066 0.35
5528 0.2096619516243761 0.5795122951741736 0.4500000000000001
5529 0.1578704029414276 0.5978070390319066 0.45
5530 0.4204877048258555 0.2096619516243656 0.1
5531 0.4021929609681262 0.1578704029414113 0.1
5532 0.4204877048258555 0.2096619516243656 0.05
5533 0.4021929609681262 0.1578704029414113 0.05
5534 0.4204877048258555 0.2096619516243656 0.2
5535 0.4021929609681262 0.1578704029414113 0.2
5536 0.4204877048258555 0.2096619516243656 0.15
5537 0.4021929609681262 0.1578704029414113 0.15
5538 0.4204877048258555 0.2096619516243656 0.3
5539 0.4021929609681262 0.1578704029414113 0.3
5540 0.4204877048258555 0.2096619516243656 0.25
5541 0.4021929609681262 0.1578704029414113 0.25
5542 0.4204877048258555 0.2096619516243656 0.4
5543 0.4021929609681262 0.1578704029414113 0.4
5544 0.4204877048258555 0.2096619516243656 0.35
5545 0.4021929609681262 0.1578704029414113 0.35
5546 0.4204877048258555 0.2096619516243656 0.4500000000000001
5547 0.4021929609681262 0.1578704029414113 0.45
5548 0.369146767230778 0.7028402131584489 0.1
5549 0.369146767230778 0.702840213158449 0.05
5550 0.369146767230778 0.7028402131584489 0.2
5551 0.369146767230778 0.702840213158449 0.15
5552 0.369146767230778 0.7028402131584489 0.3
5553 0.369146767230778 0.702840213158449 0.25
5554 0.369146767230778 0.7028402131584489 0.4
5555 0.369146767230778 0.702840213158449 0.35
5556 0.369146767230778 0.702840213158449 0.45
5557 0.297966204777954 0.3696188785379938 0.1
5558 0.297966204777954 0.3696188785379938 0.05
5559 0.297966204777954 0.3696188785379938 0.2
5560 0.297966204777954 0.3696188785379938 0.15
5561 0.297966204777954 0.3696188785379938 0.3
5562 0.297966204777954 0.3696188785379938 0.25
5563 0.297966204777954 0.3696188785379938 0.4
5564 0.297966204777954 0.3696188785379938 0.35
5565 0.297966204777954 0.3696188785379938 0.45
5566 0.6288972137963804 0.298763281347736 0.1
5567 0.6288972137963804 0.298763281347736 0.05
5568 0.6288972137963804 0.298763281347736 0.2
5569 0.6288972137963804 0.298763281347736 0.15
5570 0.6288972137963804 0.298763281347736 0.3
5571 0.6288972137963804 0.298763281347736 0.25
5572 0.6288972137963804 0.298763281347736 0.4
5573 0.6288972137963804 0.298763281347736 0.35
5574 0.6288972137963804 0.298763281347736 0.45
5575 0.7203439392204904 0.7591219157396505 0.1
5576 0.7203439392204904 0.7591219157396505 0.05
5577 0.7203439392204904 0.7591219157396505 0.2
5578 0.7203439392204904 0.7591219157396505 0.15
5579 0.7203439392204904 0.7591219157396505 0.3
5580 0.7203439392204904 0.7591219157396505 0.25
5581 0.7203439392204904 0.7591219157396505 0.4
5582 0.7203439392204904 0.7591219157396505 0.35
5583 0.7203439392204904 0.7591219157396505 0.45
5584 0.7591280029584229 0.280503426899918 0.1
5585 0.7591280029584229 0.280503426899918 0.05
5586 0.7591280029584229 0.280503426899918 0.2
5587 0.7591280029584229 0.280503426899918 0.15
5588 0.7591280029584229 0.280503426899918 0.3
5589 0.7591280029584229 0.280503426899918 0.25
5590 0.7591280029584229 0.280503426899918 0.4
5591 0.7591280029584229 0.280503426899918 0.35
5592 0.7591280029584229 0.280503426899918 0.45
5593 0.6385982584130913 0.5072966005669242 0.1
5594 0.6385982584130913 0.5072966005669242 0.05
5595 0.6385982584130913 0.5072966005669242 0.2
5596 0.6385982584130913 0.5072966005669242 0.15
5597 0.6385982584130913 0.5072966005669242 0.3
5598 0.6385982584130913 0.5072966005669242 0.25
5599 0.6385982584130913 0.5072966005669242 0.4
5600 0.6385982584130913 0.5072966005669242 0.35
5601 0.6385982584130913 0.5072966005669242 0.45
5602 0.6680912416389161 0.7805026814642629 0.05
5603 0.6544006771391115 0.8146843752740678 0.1
5604 0.6361059332813784 0.7628928265911228 0.1
5605 0.6544006771391115 0.8146843752740678 0.05
5606 0.6361059332813784 0.7628928265911228 0.05
5607 0.6680912416389161 0.7805026814642629 0.15
5608 0.6544006771391115 0.8146843752740678 0.2
5609 0.6361059332813784 0.7628928265911228 0.2
5610 0.6544006771391115 0.8146843752740678 0.15
5611 0.6361059332813784 0.7628928265911228 0.15
5612 0.6680912416389161 0.7805026814642629 0.25
5613 0.6544006771391115 0.8146843752740678 0.3
5614 0.6361059332813784 0.7628928265911228 0.3
5615 0.6544006771391115 0.8146843752740678 0.25
5616 0.6361059332813784 0.7628928265911228 0.25
5617 0.6680912416389161 0.7805026814642629 0.35
5618 0.6544006771391115 0.8146843752740678 0.4
5619 0.6361059332813784 0.7628928265911228 0.4
5620 0.6544006771391115 0.8146843752740678 0.35
5621 0.6361059332813784 0.7628928265911228 0.35
5622 0.6680912416389161 0.7805026814642629 0.45
5623 0.6544006771391115 0.8146843752740678 0.4500000000000001
5624 0.6361059332813784 0.7628928265911228 0.45
5625 0.7754770018552806 0.4143934000014396 0.1
5626 0.7754770018552806 0.4143934000014396 0.05
5627 0.7754770018552806 0.4143934000014396 0.2
5628 0.7754770018552806 0.4143934000014396 0.15
5629 0.7754770018552806 0.4143934000014396 0.3
5630 0.7754770018552806 0.4143934000014396 0.25
5631 0.7754770018552806 0.4143934000014396 0.4
5632 0.7754770018552806 0.4143934000014396 0.35
5633 0.7754770018552806 0.4143934000014396 0.45
5634 0.685877737438169 0.7495649732534611 0.1
5635 0.685877737438169 0.7495649732534611 0.05
5636 0.685877737438169 0.7495649732534611 0.2
5637 0.685877737438169 0.7495649732534611 0.15
5638 0.685877737438169 0.7495649732534611 0.3
5639 0.685877737438169 0.7495649732534611 0.25
5640 0.685877737438169 0.7495649732534611 0.4
5641 0.685877737438169 0.7495649732534611 0.35
5642 0.685877737438169 0.7495649732534611 0.45
5643 0.7813488467921383 0.3330659980720227 0.05
5644 0.7580859797031076 0.3673039557364403 0.1
5645 0.7499941431359565 0.3155482485375295 0.1
5646 0.7580859797031076 0.3673039557364403 0.05
5647 0.7499941431359565 0.3155482485375295 0.05
5648 0.7813488467921383 0.3330659980720227 0.15
5649 0.7580859797031076 0.3673039557364403 0.2
5650 0.7499941431359565 0.3155482485375295 0.2
5651 0.7580859797031076 0.3673039557364403 0.15
5652 0.7499941431359565 0.3155482485375295 0.15
5653 0.7813488467921383 0.3330659980720227 0.25
5654 0.7580859797031076 0.3673039557364403 0.3
5655 0.7499941431359565 0.3155482485375295 0.3
5656 0.7580859797031076 0.3673039557364403 0.25
5657 0.7499941431359565 0.3155482485375295 0.25
5658 0.7813488467921383 0.3330659980720227 0.35
5659 0.7580859797031076 0.3673039557364403 0.4
5660 0.7499941431359565 0.3155482485375295 0.4
5661 0.7580859797031076 0.3673039557364403 0.35
5662 0.7499941431359565 0.3155482485375295 0.35
5663 0.7813488467921383 0.3330659980720227 0.45
5664 0.7580859797031076 0.3673039557364403 0.4500000000000001
5665 0.7499941431359565 0.3155482485375295 0.45
5666 0.7025574434212375 0.7900596239504523 0.1
5667 0.7025574434212375 0.7900596239504523 0.05
5668 0.7025574434212375 0.7900596239504523 0.2
5669 0.7025574434212375 0.7900596239504523 0.15
5670 0.7025574434212375 0.7900596239504523 0.3
5671 0.7025574434212375 0.7900596239504523 0.25
5672 0.7025574434212375 0.7900596239504523 0.4
5673 0.7025574434212375 0.7900596239504523 0.35
5674 0.7025574434212375 0.7900596239504523 0.4500000000000001
5675 0.7904827066146047 0.2980211764344112 0.1
5676 0.8151074579382491 0.3461779427162829 0.1
5677 0.7904827066146047 0.2980211764344112 0.05
5678 0.8151074579382491 0.3461779427162829 0.05
5679 0.7904827066146047 0.2980211764344112 0.2
5680 0.8151074579382491 0.3461779427162829 0.2
5681 0.7904827066146047 0.2980211764344112 0.15
5682 0.8151074579382491 0.3461779427162829 0.15
5683 0.7904827066146047 0.2980211764344112 0.3
5684 0.8151074579382491 0.3461779427162829 0.3
5685 0.7904827066146047 0.2980211764344112 0.25
5686 0.8151074579382491 0.3461779427162829 0.25
5687 0.7904827066146047 0.2980211764344112 0.4
5688 0.8151074579382491 0.3461779427162829 0.4
5689 0.7904827066146047 0.2980211764344112 0.35
5690 0.8151074579382491 0.3461779427162829 0.35
5691 0.7904827066146047 0.2980211764344112 0.4500000000000001
5692 0.8151074579382491 0.3461779427162829 0.45
5693 0.7987398689443113 0.3801554423370221 0.1
5694 0.7987398689443113 0.3801554423370221 0.05
5695 0.7987398689443113 0.3801554423370221 0.2
5696 0.7987398689443113 0.3801554423370221 0.15
5697 0.7987398689443113 0.3801554423370221 0.3
5698 0.7987398689443113 0.3801554423370221 0.25
5699 0.7987398689443113 0.3801554423370221 0.4
5700 0.7987398689443113 0.3801554423370221 0.35
5701 0.7987398689443113 0.3801554423370221 0.4500000000000001
5702 0.8663041468492088 0.8663041468492088 0.1
5703 0.8663041468492088 0.8663041468492088 0.05
5704 0.8663041468492088 0.8663041468492088 0.2
5705 0.8663041468492088 0.8663041468492088 0.15
5706 0.8663041468492088 0.8663041468492088 0.3
5707 0.8663041468492088 0.8663041468492088 0.25
5708 0.8663041468492088 0.8663041468492088 0.4
5709 0.8663041468492088 0.8663041468492088 0.35
5710 0.8663041468492088 0.8663041468492088 0.45
5711 0.1351903760040462 0.8648096239960152 0.1
5712 0.1351903760040462 0.8648096239960152 0.05
5713 0.1351903760040462 0.8648096239960152 0.2
5714 0.1351903760040462 0.8648096239960152 0.15
5715 0.1351903760040462 0.8648096239960152 0.3
5716 0.1351903760040462 0.8648096239960152 0.25
5717 0.1351903760040462 0.8648096239960152 0.4
5718 0.1351903760040462 0.8648096239960152 0.35
5719 0.1351903760040462 0.8648096239960152 0.45
5720 0.1351903760039819 0.1351903760040762 0.1
5721 0.1351903760039819 0.1351903760040762 0.05
5722 0.1351903760039819 0.1351903760040762 0.2
5723 0.1351903760039819 0.1351903760040762 0.15
5724 0.1351903760039819 0.1351903760040762 0.3
5725 0.1351903760039819 0.1351903760040762 0.25
5726 0.1351903760039819 0.1351903760040762 0.4
5727 0.1351903760039819 0.1351903760040762 0.35
5728 0.1351903760039819 0.1351903760040762 0.45
5729 0.8648096239960155 0.1351903760040072 0.1
5730 0.8648096239960155 0.1351903760040072 0.05
5731 0.8648096239960155 0.1351903760040072 0.2
5732 0.8648096239960155 0.1351903760040072 0.15
5733 0.8648096239960155 0.1351903760040072 0.3
5734 0.8648096239960155 0.1351903760040072 0.25
5735 0.8648096239960155 0.1351903760040072 0.4
5736 0.8648096239960155 0.1351903760040072 0.35
5737 0.8648096239960155 0.1351903760040072 0.45
5738 0.6251087465351901 0.9666226823404049 0.1
5739 0.610148124395324 0.9249983446783743 0.1
5740 0.6251087465351901 0.9666226823404049 0.05
5741 0.610148124395324 0.9249983446783743 0.05
5742 0.6251087465351901 0.9666226823404049 0.2
5743 0.610148124395324 0.9249983446783743 0.2
5744 0.6251087465351901 0.9666226823404049 0.15
5745 0.610148124395324 0.9249983446783743 0.15
5746 0.6251087465351901 0.9666226823404049 0.3
5747 0.610148124395324 0.9249983446783743 0.3
5748 0.6251087465351901 0.9666226823404049 0.25
5749 0.610148124395324 0.9249983446783743 0.25
5750 0.6251087465351901 0.9666226823404049 0.4
5751 0.610148124395324 0.9249983446783743 0.4
5752 0.6251087465351901 0.9666226823404049 0.35
5753 0.610148124395324 0.9249983446783743 0.35
5754 0.6251087465351901 0.9666226823404049 0.4500000000000001
5755 0.610148124395324 0.9249983446783743 0.45
5756 0.9251708881352507 0.6100256250115219 0.1
5757 0.9667952257972825 0.6249862471513919 0.1
5758 0.9251708881352507 0.6100256250115219 0.05
5759 0.9667952257972825 0.6249862471513919 0.05
5760 0.9251708881352507 0.6100256250115219 0.2
5761 0.9667952257972825 0.6249862471513919 0.2
5762 0.9251708881352507 0.6100256250115219 0.15
5763 0.9667952257972825 0.6249862471513919 0.15
5764 0.9251708881352507 0.6100256250115219 0.3
5765 0.9667952257972825 0.6249862471513919 0.3
5766 0.9251708881352507 0.6100256250115219 0.25
5767 0.9667952257972825 0.6249862471513919 0.25
5768 0.9251708881352507 0.6100256250115219 0.4
5769 0.9667952257972825 0.6249862471513919 0.4
5770 0.9251708881352507 0.6100256250115219 0.35
5771 0.9667952257972825 0.6249862471513919 0.35
5772 0.9251708881352507 0.6100256250115219 0.4500000000000001
5773 0.9667952257972825 0.6249862471513919 0.45
5774 0.6053944341804809 0.8828086968799056 0.1
5775 0.6053944341804809 0.8828086968799056 0.05
5776 0.6053944341804809 0.8828086968799056 0.2
5777 0.6053944341804809 0.8828086968799056 0.15
5778 0.6053944341804809 0.8828086968799056 0.3
5779 0.6053944341804809 0.8828086968799056 0.25
5780 0.6053944341804809 0.8828086968799056 0.4
5781 0.6053944341804809 0.8828086968799056 0.35
5782 0.6053944341804809 0.8828086968799056 0.45
5783 0.8828086968799018 0.6053944341804693 0.1
5784 0.8828086968799018 0.6053944341804693 0.05
5785 0.8828086968799018 0.6053944341804693 0.2
5786 0.8828086968799018 0.6053944341804693 0.15
5787 0.8828086968799018 0.6053944341804693 0.3
5788 0.8828086968799018 0.6053944341804693 0.25
5789 0.8828086968799018 0.6053944341804693 0.4
5790 0.8828086968799018 0.6053944341804693 0.35
5791 0.8828086968799018 0.6053944341804693 0.45
5792 0.03320477420271866 0.6249862471514092 0.1
5793 0.07482911186475169 0.6100256250115493 0.1
5794 0.03320477420271866 0.6249862471514092 0.05
5795 0.07482911186475169 0.6100256250115493 0.05
5796 0.03320477420271866 0.6249862471514092 0.2
5797 0.07482911186475169 0.6100256250115493 0.2
5798 0.03320477420271866 0.6249862471514092 0.15
5799 0.07482911186475169 0.6100256250115493 0.15
5800 0.03320477420271866 0.6249862471514092 0.3
5801 0.07482911186475169 0.6100256250115493 0.3
5802 0.03320477420271866 0.6249862471514092 0.25
5803 0.07482911186475169 0.6100256250115493 0.25
5804 0.03320477420271866 0.6249862471514092 0.4
5805 0.07482911186475169 0.6100256250115493 0.4
5806 0.03320477420271866 0.6249862471514092 0.35
5807 0.07482911186475169 0.6100256250115493 0.35
5808 0.03320477420271866 0.6249862471514092 0.4500000000000001
5809 0.07482911186475169 0.6100256250115493 0.45
5810 0.1171913031200987 0.6053944341805005 0.1
5811 0.1171913031200987 0.6053944341805005 0.05
5812 0.1171913031200987 0.6053944341805005 0.2
5813 0.1171913031200987 0.6053944341805005 0.15
5814 0.1171913031200987 0.6053944341805005 0.3
5815 0.1171913031200987 0.6053944341805005 0.25
5816 0.1171913031200987 0.6053944341805005 0.4
5817 0.1171913031200987 0.6053944341805005 0.35
5818 0.1171913031200987 0.6053944341805005 0.45
5819 0.3750137528488213 0.03320477420271485 0.1
5820 0.3899743749886103 0.07482911186475291 0.1
5821 0.3750137528488213 0.03320477420271485 0.05
5822 0.3899743749886103 0.07482911186475291 0.05
5823 0.3750137528488213 0.03320477420271485 0.2
5824 0.3899743749886103 0.07482911186475291 0.2
5825 0.3750137528488213 0.03320477420271485 0.15
5826 0.3899743749886103 0.07482911186475291 0.15
5827 0.3750137528488213 0.03320477420271485 0.3
5828 0.3899743749886103 0.07482911186475291 0.3
5829 0.3750137528488213 0.03320477420271485 0.25
5830 0.3899743749886103 0.07482911186475291 0.25
5831 0.3750137528488213 0.03320477420271485 0.4
5832 0.3899743749886103 0.07482911186475291 0.4
5833 0.3750137528488213 0.03320477420271485 0.35
5834 0.3899743749886103 0.07482911186475291 0.35
5835 0.3750137528488213 0.03320477420271485 0.4500000000000001
5836 0.3899743749886103 0.07482911186475291 0.45
5837 0.3946055658196106 0.1171913031200793 0.1
5838 0.3946055658196106 0.1171913031200793 0.05
5839 0.3946055658196106 0.1171913031200793 0.2
5840 0.3946055658196106 0.1171913031200793 0.15
5841 0.3946055658196106 0.1171913031200793 0.3
5842 0.3946055658196106 0.1171913031200793 0.25
5843 0.3946055658196106 0.1171913031200793 0.4
5844 0.3946055658196106 0.1171913031200793 0.35
5845 0.3946055658196106 0.1171913031200793 0.45
5846 0.8429356528281587 0.6014299909550495 0.1
5847 0.8429356528281589 0.6014299909550495 0.05
5848 0.8429356528281587 0.6014299909550495 0.2
5849 0.8429356528281589 0.6014299909550495 0.15
5850 0.8429356528281587 0.6014299909550495 0.3
5851 0.8429356528281589 0.6014299909550495 0.25
5852 0.8429356528281587 0.6014299909550495 0.4
5853 0.8429356528281589 0.6014299909550495 0.35
5854 0.8429356528281589 0.6014299909550495 0.4500000000000001
5855 0.4760372365907801 0.4655498454881807 0.1
5856 0.4760372365907801 0.4655498454881807 0.05
5857 0.4760372365907801 0.4655498454881807 0.2
5858 0.4760372365907801 0.4655498454881807 0.15
5859 0.4760372365907801 0.4655498454881807 0.3
5860 0.4760372365907801 0.4655498454881807 0.25
5861 0.4760372365907801 0.4655498454881807 0.4
5862 0.4760372365907801 0.4655498454881807 0.35
5863 0.4760372365907801 0.4655498454881807 0.45
$EndNodes
$Elements
2030
1 15 2 0 1 1
2 15 2 0 2 2
3 15 2 0 3 3
4 15 2 0 4 4
5 15 2 0 5 5
6 15 2 0 6 6
7 15 2 0 10 7
8 15 2 0 14 8
9 8 2 0 1 1 9 18
10 8 2 0 1 9 10 19
11 8 2 0 1 10 11 20
12 8 2 0 1 11 12 21
13 8 2 0 1 12 13 22
14 8 2 0 1 13 14 23
15 8 2 0 1 14 15 24
16 8 2 0 1 15 16 25
17 8 2 0 1 16 17 26
18 8 2 0 1 17 2 27
19 8 2 0 2 3 28 37
20 8 2 0 2 28 29 38
21 8 2 0 2 29 30 39
22 8 2 0 2 30 31 40
23 8 2 0 2 31 32 41
24 8 2 0 2 32 33 42
25 8 2 0 2 33 34 43
26 8 2 0 2 34 35 44
27 8 2 0 2 35 36 45
28 8 2 0 2 36 2 46
29 8 2 0 3 3 47 56
30 8 2 0 3 47 48 57
31 8 2 0 3 48 49 58
32 8 2 0 3 49 50 59
33 8 2 0 3 50 51 60
34 8 2 0 3 51 52 61
35 8 2 0 3 52 53 62
36 8 2 0 3 53 54 63
37 8 2 0 3 54 55 64
38 8 2 0 3 55 4 65
39 8 2 0 4 4 66 75
40 8 2 0 4 66 67 76
41 8 2 0 4 67 68 77
42 8 2 0 4 68 69 78
43 8 2 0 4 69 70 79
44 8 2 0 4 70 71 80
45 8 2 0 4 71 72 81
46 8 2 0 4 72 73 82
47 8 2 0 4 73 74 83
48 8 2 0 4 74 1 84
49 8 2 0 6 5 85 94
50 8 2 0 6 85 86 95
51 8 2 0 6 86 87 96
52 8 2 0 6 87 88 97
53 8 2 0 6 88 89 98
54 8 2 0 6 89 90 99
55 8 2 0 6 90 91 100
56 8 2 0 6 91 92 101
57 8 2 0 6 92 93 102
58 8 2 0 6 93 6 103
59 8 2 0 7 6 104 113
60 8 2 0 7 104 105 114
61 8 2 0 7 105 106 115
62 8 2 0 7 106 107 116
63 8 2 0 7 107 108 117
64 8 2 0 7 108 109 118
65 8 2 0 7 109 110 119
66 8 2 0 7 110 111 120
67 8 2 0 7 111 112 121
68 8 2 0 7 112 7 122
69 8 2 0 8 7 123 132
70 8 2 0 8 123 124 133
71 8 2 0 8 124 125 134
72 8 2 0 8 125 126 135
73 8 2 0 8 126 127 136
74 8 2 0 8 127 128 137
75 8 2 0 8 128 129 138
76 8 2 0 8 129 130 139
77 8 2 0 8 130 131 140
78 8 2 0 8 131 8 141
79 8 2 0 9 8 142 151
80 8 2 0 9 142 143 152
81 8 2 0 9 143 144 153
82 8 2 0 9 144 145 154
83 8 2 0 9 145 146 155
84 8 2 0 9 146 147 156
85 8 2 0 9 147 148 157
86 8 2 0 9 148 149 158
87 8 2 0 9 149 150 159
88 8 2 0 9 150 5 160
89 8 2 0 11 4 161 165
90 8 2 0 11 161 162 166
91 8 2 0 11 162 163 167
92 8 2 0 11 163 164 168
93 8 2 0 11 164 5 169
94 8 2 0 12 1 170 174
95 8 2 0 12 170 171 175
96 8 2 0 12 171 172 176
97 8 2 0 12 172 173 177
98 8 2 0 12 173 6 178
99 8 2 0 16 2 179 183
100 8 2 0 16 179 180 184
101 8 2 0 16 180 181 185
102 8 2 0 16 181 182 186
103 8 2 0 16 182 7 187
104 8 2 0 20 3 188 192
105 8 2 0 20 188 189 193
106 8 2 0 20 189 190 194
107 8 2 0 20 190 191 195
108 8 2 0 20 191 8 196
109 9 2 0 1 28 3 246 37 301 302
110 9 2 0 1 3 47 246 56 303 301
111 9 2 0 1 1 9 248 18 304 305
112 9 2 0 1 4 66 247 75 306 307
113 9 2 0 1 74 1 248 84 305 308
114 9 2 0 1 55 4 247 65 307 309
115 9 2 0 1 17 2 249 27 310 311
116 9 2 0 1 2 36 249 46 312 310
117 9 2 0 1 223 219 263 313 314 315
118 9 2 0 1 263 219 264 314 316 317
119 9 2 0 1 221 225 265 318 319 320
120 9 2 0 1 222 203 262 321 322 323
121 9 2 0 1 221 265 298 320 324 325
122 9 2 0 1 212 239 259 326 327 328
123 9 2 0 1 216 240 261 329 330 331
124 9 2 0 1 239 199 259 332 333 327
125 9 2 0 1 240 200 261 334 335 330
126 9 2 0 1 222 218 245 336 337 338
127 9 2 0 1 223 202 242 339 340 341
128 9 2 0 1 224 204 243 342 343 344
129 9 2 0 1 225 205 244 345 346 347
130 9 2 0 1 242 213 255 348 349 350
131 9 2 0 1 243 214 256 351 352 353
132 9 2 0 1 224 221 298 354 325 355
133 9 2 0 1 51 52 226 61 356 357
134 9 2 0 1 70 71 228 80 358 359
135 9 2 0 1 33 32 227 42 360 361
136 9 2 0 1 13 14 229 23 362 363
137 9 2 0 1 229 14 274 362 364 365
138 9 2 0 1 226 52 275 356 366 367
139 9 2 0 1 228 71 276 358 368 369
140 9 2 0 1 33 227 277 361 370 371
141 9 2 0 1 262 203 291 322 372 373
142 9 2 0 1 218 222 286 336 374 375
143 9 2 0 1 202 223 287 339 376 377
144 9 2 0 1 204 224 288 342 378 379
145 9 2 0 1 225 221 289 318 380 381
146 9 2 0 1 205 225 289 345 381 382
147 9 2 0 1 199 242 255 383 350 384
148 9 2 0 1 200 243 256 385 353 386
149 9 2 0 1 245 218 263 337 387 388
150 9 2 0 1 203 222 266 321 389 390
151 9 2 0 1 219 223 267 313 391 392
152 9 2 0 1 221 224 268 354 393 394
153 9 2 0 1 264 224 298 395 355 396
154 9 2 0 1 197 263 264 397 317 398
155 9 2 0 1 217 229 274 399 365 400
156 9 2 0 1 213 226 275 401 367 402
157 9 2 0 1 214 228 276 403 369 404
158 9 2 0 1 227 215 277 405 406 370
159 9 2 0 1 30 29 230 39 407 408
160 9 2 0 1 48 49 231 58 409 410
161 9 2 0 1 67 68 232 77 411 412
162 9 2 0 1 10 11 233 20 413 414
163 9 2 0 1 15 16 236 25 415 416
164 9 2 0 1 53 54 234 63 417 418
165 9 2 0 1 72 73 235 82 419 420
166 9 2 0 1 35 34 237 44 421 422
167 9 2 0 1 244 217 260 423 424 425
168 9 2 0 1 197 245 263 426 388 397
169 9 2 0 1 201 244 260 427 425 428
170 9 2 0 1 51 226 250 357 429 430
171 9 2 0 1 227 32 251 360 431 432
172 9 2 0 1 70 228 252 359 433 434
173 9 2 0 1 13 229 253 363 435 436
174 9 2 0 1 231 210 254 437 438 439
175 9 2 0 1 213 234 255 440 441 349
176 9 2 0 1 214 235 256 442 443 352
177 9 2 0 1 237 215 257 444 445 446
178 9 2 0 1 226 202 290 447 448 449
179 9 2 0 1 203 227 291 450 451 372
180 9 2 0 1 228 204 292 452 453 454
181 9 2 0 1 229 205 293 455 456 457
182 9 2 0 1 220 241 266 458 459 460
183 9 2 0 1 241 220 269 458 461 462
184 9 2 0 1 239 219 267 463 392 464
185 9 2 0 1 240 221 268 465 394 466
186 9 2 0 1 230 206 258 467 468 469
187 9 2 0 1 207 232 259 470 471 472
188 9 2 0 1 208 233 261 473 474 475
189 9 2 0 1 236 209 260 476 477 478
190 9 2 0 1 241 203 266 479 390 459
191 9 2 0 1 199 239 267 332 464 480
192 9 2 0 1 201 241 269 481 462 482
193 9 2 0 1 200 240 268 334 466 483
194 9 2 0 1 220 265 269 484 485 461
195 9 2 0 1 265 225 269 319 486 485
196 9 2 0 1 50 51 250 60 430 487
197 9 2 0 1 32 31 251 41 488 431
198 9 2 0 1 69 70 252 79 434 489
199 9 2 0 1 12 13 253 22 436 490
200 9 2 0 1 242 202 294 340 491 492
201 9 2 0 1 243 204 296 343 493 494
202 9 2 0 1 244 205 297 346 495 496
203 9 2 0 1 230 29 278 407 497 498
204 9 2 0 1 48 231 279 410 499 500
205 9 2 0 1 67 232 280 412 501 502
206 9 2 0 1 10 233 281 414 503 504
207 9 2 0 1 236 16 284 415 505 506
208 9 2 0 1 234 54 282 417 507 508
209 9 2 0 1 235 73 283 419 509 510
210 9 2 0 1 35 237 285 422 511 512
211 9 2 0 1 211 230 258 513 469 514
212 9 2 0 1 232 212 259 515 328 471
213 9 2 0 1 233 216 261 516 331 474
214 9 2 0 1 217 236 260 517 478 424
215 9 2 0 1 206 231 254 518 439 519
216 9 2 0 1 234 207 255 520 521 441
217 9 2 0 1 235 208 256 522 523 443
218 9 2 0 1 209 237 257 524 446 525
219 9 2 0 1 245 197 265 426 526 527
220 9 2 0 1 220 245 265 528 527 484
221 9 2 0 1 29 28 278 38 529 497
222 9 2 0 1 47 48 279 57 500 530
223 9 2 0 1 9 10 281 19 504 531
224 9 2 0 1 66 67 280 76 502 532
225 9 2 0 1 16 17 284 26 533 505
226 9 2 0 1 54 55 282 64 534 507
227 9 2 0 1 73 74 283 83 535 509
228 9 2 0 1 36 35 285 45 512 536
229 9 2 0 1 250 226 290 429 449 537
230 9 2 0 1 227 251 291 432 538 451
231 9 2 0 1 252 228 292 433 454 539
232 9 2 0 1 253 229 293 435 457 540
233 9 2 0 1 28 246 278 302 541 529
234 9 2 0 1 246 47 279 303 530 542
235 9 2 0 1 248 9 281 304 531 543
236 9 2 0 1 247 66 280 306 532 544
237 9 2 0 1 55 247 282 309 545 534
238 9 2 0 1 17 249 284 311 546 533
239 9 2 0 1 74 248 283 308 547 535
240 9 2 0 1 249 36 285 312 536 548
241 9 2 0 1 206 254 258 519 549 468
242 9 2 0 1 255 207 259 521 472 550
243 9 2 0 1 256 208 261 523 475 551
244 9 2 0 1 209 257 260 525 552 477
245 9 2 0 1 238 218 286 553 375 554
246 9 2 0 1 218 238 287 553 555 556
247 9 2 0 1 219 239 288 463 557 558
248 9 2 0 1 221 240 289 465 559 380
249 9 2 0 1 202 226 294 447 560 491
250 9 2 0 1 227 203 295 450 561 562
251 9 2 0 1 204 228 296 452 563 493
252 9 2 0 1 226 213 294 401 564 560
253 9 2 0 1 228 214 296 403 565 563
254 9 2 0 1 215 227 295 405 562 566
255 9 2 0 1 205 229 297 455 567 495
256 9 2 0 1 229 217 297 399 568 567
257 9 2 0 1 231 49 271 409 569 570
258 9 2 0 1 30 230 270 408 571 572
259 9 2 0 1 210 231 271 437 570 573
260 9 2 0 1 230 211 270 513 574 571
261 9 2 0 1 232 68 272 411 575 576
262 9 2 0 1 234 213 275 440 402 577
263 9 2 0 1 212 232 272 515 576 578
264 9 2 0 1 235 214 276 442 404 579
265 9 2 0 1 215 237 277 444 580 406
266 9 2 0 1 53 234 275 418 577 581
267 9 2 0 1 236 217 274 517 400 582
268 9 2 0 1 72 235 276 420 579 583
269 9 2 0 1 237 34 277 421 584 580
270 9 2 0 1 15 236 274 416 582 585
271 9 2 0 1 233 11 273 413 586 587
272 9 2 0 1 216 233 273 516 587 588
273 9 2 0 1 262 198 286 589 590 591
274 9 2 0 1 222 262 286 323 591 374
275 9 2 0 1 211 258 262 514 592 593
276 9 2 0 1 198 238 286 594 554 590
277 9 2 0 1 238 202 287 595 377 555
278 9 2 0 1 239 204 288 596 379 557
279 9 2 0 1 240 205 289 597 382 559
280 9 2 0 1 263 218 287 387 556 598
281 9 2 0 1 223 263 287 315 598 376
282 9 2 0 1 264 219 288 316 558 599
283 9 2 0 1 224 264 288 395 599 378
284 9 2 0 1 258 198 262 600 589 592
285 9 2 0 1 206 230 278 467 498 601
286 9 2 0 1 231 206 279 518 602 499
287 9 2 0 1 232 207 280 470 603 501
288 9 2 0 1 207 234 282 520 508 604
289 9 2 0 1 233 208 281 473 605 503
290 9 2 0 1 208 235 283 522 510 606
291 9 2 0 1 209 236 284 476 506 607
292 9 2 0 1 237 209 285 524 608 511
293 9 2 0 1 238 210 290 609 610 611
294 9 2 0 1 202 238 290 595 611 448
295 9 2 0 1 239 212 292 326 612 613
296 9 2 0 1 204 239 292 596 613 453
297 9 2 0 1 240 216 293 329 614 615
298 9 2 0 1 205 240 293 597 615 456
299 9 2 0 1 223 242 267 341 616 391
300 9 2 0 1 242 199 267 383 480 616
301 9 2 0 1 224 243 268 344 617 393
302 9 2 0 1 243 200 268 385 483 617
303 9 2 0 1 225 244 269 347 618 486
304 9 2 0 1 244 201 269 427 482 618
305 9 2 0 1 254 198 258 619 600 549
306 9 2 0 1 199 255 259 384 550 333
307 9 2 0 1 200 256 261 386 551 335
308 9 2 0 1 257 201 260 620 428 552
309 9 2 0 1 222 245 266 338 621 389
310 9 2 0 1 245 220 266 528 460 621
311 9 2 0 1 210 238 299 609 622 623
312 9 2 0 1 203 241 295 479 624 561
313 9 2 0 1 238 198 299 594 625 622
314 9 2 0 1 241 201 300 481 626 627
315 9 2 0 1 254 210 299 438 623 628
316 9 2 0 1 257 215 300 445 629 630
317 9 2 0 1 295 241 300 624 627 631
318 9 2 0 1 206 246 279 632 542 602
319 9 2 0 1 246 206 278 632 601 541
320 9 2 0 1 207 247 280 633 544 603
321 9 2 0 1 247 207 282 633 604 545
322 9 2 0 1 208 248 281 634 543 605
323 9 2 0 1 248 208 283 634 606 547
324 9 2 0 1 249 209 284 635 607 546
325 9 2 0 1 209 249 285 635 548 608
326 9 2 0 1 215 295 300 566 631 629
327 9 2 0 1 50 250 271 487 636 637
328 9 2 0 1 251 31 270 488 638 639
329 9 2 0 1 250 210 271 640 573 636
330 9 2 0 1 211 251 270 641 639 574
331 9 2 0 1 69 252 272 489 642 643
332 9 2 0 1 252 212 272 644 578 642
333 9 2 0 1 12 253 273 490 645 646
334 9 2 0 1 253 216 273 647 588 645
335 9 2 0 1 211 262 291 593 373 648
336 9 2 0 1 31 30 270 40 572 638
337 9 2 0 1 49 50 271 59 637 569
338 9 2 0 1 68 69 272 78 643 575
339 9 2 0 1 11 12 273 21 646 586
340 9 2 0 1 14 15 274 24 585 364
341 9 2 0 1 52 53 275 62 581 366
342 9 2 0 1 71 72 276 81 583 368
343 9 2 0 1 34 33 277 43 371 584
344 9 2 0 1 213 242 294 348 492 564
345 9 2 0 1 214 243 296 351 494 565
346 9 2 0 1 217 244 297 423 496 568
347 9 2 0 1 210 250 290 640 537 610
348 9 2 0 1 251 211 291 641 648 538
349 9 2 0 1 212 252 292 644 539 612
350 9 2 0 1 216 253 293 647 540 614
351 9 2 0 1 198 254 299 619 628 625
352 9 2 0 1 201 257 300 620 630 626
353 9 2 0 1 265 197 298 526 649 324
354 9 2 0 1 197 264 298 398 396 649
355 9 2 0 26 131 8 1383 141 1438 1439
356 9 2 0 26 8 142 1383 151 1440 1438
357 9 2 0 26 6 104 1385 113 1441 1442
358 9 2 0 26 5 85 1384 94 1443 1444
359 9 2 0 26 93 6 1385 103 1442 1445
360 9 2 0 26 150 5 1384 160 1444 1446
361 9 2 0 26 112 7 1386 122 1447 1448
362 9 2 0 26 7 123 1386 132 1449 1447
363 9 2 0 26 1360 1356 1400 1450 1451 1452
364 9 2 0 26 1400 1356 1401 1451 1453 1454
365 9 2 0 26 1358 1362 1402 1455 1456 1457
366 9 2 0 26 1359 1340 1399 1458 1459 1460
367 9 2 0 26 1358 1402 1435 1457 1461 1462
368 9 2 0 26 1349 1376 1396 1463 1464 1465
369 9 2 0 26 1353 1377 1398 1466 1467 1468
370 9 2 0 26 1376 1336 1396 1469 1470 1464
371 9 2 0 26 1377 1337 1398 1471 1472 1467
372 9 2 0 26 1359 1355 1382 1473 1474 1475
373 9 2 0 26 1360 1339 1379 1476 1477 1478
374 9 2 0 26 1361 1341 1380 1479 1480 1481
375 9 2 0 26 1362 1342 1381 1482 1483 1484
376 9 2 0 26 1379 1350 1392 1485 1486 1487
377 9 2 0 26 1380 1351 1393 1488 1489 1490
378 9 2 0 26 1361 1358 1435 1491 1462 1492
379 9 2 0 26 146 147 1363 156 1493 1494
380 9 2 0 26 89 90 1365 99 1495 1496
381 9 2 0 26 126 127 1364 136 1497 1498
382 9 2 0 26 108 109 1366 118 1499 1500
383 9 2 0 26 1366 109 1411 1499 1501 1502
384 9 2 0 26 1363 147 1412 1493 1503 1504
385 9 2 0 26 1365 90 1413 1495 1505 1506
386 9 2 0 26 126 1364 1414 1498 1507 1508
387 9 2 0 26 1399 1340 1428 1459 1509 1510
388 9 2 0 26 1355 1359 1423 1473 1511 1512
389 9 2 0 26 1339 1360 1424 1476 1513 1514
390 9 2 0 26 1341 1361 1425 1479 1515 1516
391 9 2 0 26 1362 1358 1426 1455 1517 1518
392 9 2 0 26 1342 1362 1426 1482 1518 1519
393 9 2 0 26 1336 1379 1392 1520 1487 1521
394 9 2 0 26 1337 1380 1393 1522 1490 1523
395 9 2 0 26 1382 1355 1400 1474 1524 1525
396 9 2 0 26 1340 1359 1403 1458 1526 1527
397 9 2 0 26 1356 1360 1404 1450 1528 1529
398 9 2 0 26 1358 1361 1405 1491 1530 1531
399 9 2 0 26 1401 1361 1435 1532 1492 1533
400 9 2 0 26 1334 1400 1401 1534 1454 1535
401 9 2 0 26 1354 1366 1411 1536 1502 1537
402 9 2 0 26 1350 1363 1412 1538 1504 1539
403 9 2 0 26 1351 1365 1413 1540 1506 1541
404 9 2 0 26 1364 1352 1414 1542 1543 1507
405 9 2 0 26 129 130 1367 139 1544 1545
406 9 2 0 26 143 144 1368 153 1546 1547
407 9 2 0 26 86 87 1369 96 1548 1549
408 9 2 0 26 105 106 1370 115 1550 1551
409 9 2 0 26 110 111 1373 120 1552 1553
410 9 2 0 26 148 149 1371 158 1554 1555
411 9 2 0 26 91 92 1372 101 1556 1557
412 9 2 0 26 124 125 1374 134 1558 1559
413 9 2 0 26 1381 1354 1397 1560 1561 1562
414 9 2 0 26 1334 1382 1400 1563 1525 1534
415 9 2 0 26 1338 1381 1397 1564 1562 1565
416 9 2 0 26 146 1363 1387 1494 1566 1567
417 9 2 0 26 1364 127 1388 1497 1568 1569
418 9 2 0 26 89 1365 1389 1496 1570 1571
419 9 2 0 26 108 1366 1390 1500 1572 1573
420 9 2 0 26 1368 1347 1391 1574 1575 1576
421 9 2 0 26 1350 1371 1392 1577 1578 1486
422 9 2 0 26 1351 1372 1393 1579 1580 1489
423 9 2 0 26 1374 1352 1394 1581 1582 1583
424 9 2 0 26 1363 1339 1427 1584 1585 1586
425 9 2 0 26 1340 1364 1428 1587 1588 1509
426 9 2 0 26 1365 1341 1429 1589 1590 1591
427 9 2 0 26 1366 1342 1430 1592 1593 1594
428 9 2 0 26 1357 1378 1403 1595 1596 1597
429 9 2 0 26 1378 1357 1406 1595 1598 1599
430 9 2 0 26 1376 1356 1404 1600 1529 1601
431 9 2 0 26 1377 1358 1405 1602 1531 1603
432 9 2 0 26 1367 1343 1395 1604 1605 1606
433 9 2 0 26 1344 1369 1396 1607 1608 1609
434 9 2 0 26 1345 1370 1398 1610 1611 1612
435 9 2 0 26 1373 1346 1397 1613 1614 1615
436 9 2 0 26 1378 1340 1403 1616 1527 1596
437 9 2 0 26 1336 1376 1404 1469 1601 1617
438 9 2 0 26 1338 1378 1406 1618 1599 1619
439 9 2 0 26 1337 1377 1405 1471 1603 1620
440 9 2 0 26 1357 1402 1406 1621 1622 1598
441 9 2 0 26 1402 1362 1406 1456 1623 1622
442 9 2 0 26 145 146 1387 155 1567 1624
443 9 2 0 26 127 128 1388 137 1625 1568
444 9 2 0 26 88 89 1389 98 1571 1626
445 9 2 0 26 107 108 1390 117 1573 1627
446 9 2 0 26 1379 1339 1431 1477 1628 1629
447 9 2 0 26 1380 1341 1433 1480 1630 1631
448 9 2 0 26 1381 1342 1434 1483 1632 1633
449 9 2 0 26 1367 130 1415 1544 1634 1635
450 9 2 0 26 143 1368 1416 1547 1636 1637
451 9 2 0 26 86 1369 1417 1549 1638 1639
452 9 2 0 26 105 1370 1418 1551 1640 1641
453 9 2 0 26 1373 111 1421 1552 1642 1643
454 9 2 0 26 1371 149 1419 1554 1644 1645
455 9 2 0 26 1372 92 1420 1556 1646 1647
456 9 2 0 26 124 1374 1422 1559 1648 1649
457 9 2 0 26 1348 1367 1395 1650 1606 1651
458 9 2 0 26 1369 1349 1396 1652 1465 1608
459 9 2 0 26 1370 1353 1398 1653 1468 1611
460 9 2 0 26 1354 1373 1397 1654 1615 1561
461 9 2 0 26 1343 1368 1391 1655 1576 1656
462 9 2 0 26 1371 1344 1392 1657 1658 1578
463 9 2 0 26 1372 1345 1393 1659 1660 1580
464 9 2 0 26 1346 1374 1394 1661 1583 1662
465 9 2 0 26 1382 1334 1402 1563 1663 1664
466 9 2 0 26 1357 1382 1402 1665 1664 1621
467 9 2 0 26 130 131 1415 140 1666 1634
468 9 2 0 26 142 143 1416 152 1637 1667
469 9 2 0 26 104 105 1418 114 1641 1668
470 9 2 0 26 85 86 1417 95 1639 1669
471 9 2 0 26 111 112 1421 121 1670 1642
472 9 2 0 26 149 150 1419 159 1671 1644
473 9 2 0 26 92 93 1420 102 1672 1646
474 9 2 0 26 123 124 1422 133 1649 1673
475 9 2 0 26 1387 1363 1427 1566 1586 1674
476 9 2 0 26 1364 1388 1428 1569 1675 1588
477 9 2 0 26 1389 1365 1429 1570 1591 1676
478 9 2 0 26 1390 1366 1430 1572 1594 1677
479 9 2 0 26 131 1383 1415 1439 1678 1666
480 9 2 0 26 1383 142 1416 1440 1667 1679
481 9 2 0 26 1385 104 1418 1441 1668 1680
482 9 2 0 26 1384 85 1417 1443 1669 1681
483 9 2 0 26 150 1384 1419 1446 1682 1671
484 9 2 0 26 112 1386 1421 1448 1683 1670
485 9 2 0 26 93 1385 1420 1445 1684 1672
486 9 2 0 26 1386 123 1422 1449 1673 1685
487 9 2 0 26 1343 1391 1395 1656 1686 1605
488 9 2 0 26 1392 1344 1396 1658 1609 1687
489 9 2 0 26 1393 1345 1398 1660 1612 1688
490 9 2 0 26 1346 1394 1397 1662 1689 1614
491 9 2 0 26 1375 1355 1423 1690 1512 1691
492 9 2 0 26 1355 1375 1424 1690 1692 1693
493 9 2 0 26 1356 1376 1425 1600 1694 1695
494 9 2 0 26 1358 1377 1426 1602 1696 1517
495 9 2 0 26 1339 1363 1431 1584 1697 1628
496 9 2 0 26 1364 1340 1432 1587 1698 1699
497 9 2 0 26 1341 1365 1433 1589 1700 1630
498 9 2 0 26 1363 1350 1431 1538 1701 1697
499 9 2 0 26 1365 1351 1433 1540 1702 1700
500 9 2 0 26 1352 1364 1432 1542 1699 1703
501 9 2 0 26 1342 1366 1434 1592 1704 1632
502 9 2 0 26 1366 1354 1434 1536 1705 1704
503 9 2 0 26 1368 144 1408 1546 1706 1707
504 9 2 0 26 129 1367 1407 1545 1708 1709
505 9 2 0 26 1347 1368 1408 1574 1707 1710
506 9 2 0 26 1367 1348 1407 1650 1711 1708
507 9 2 0 26 1369 87 1409 1548 1712 1713
508 9 2 0 26 1371 1350 1412 1577 1539 1714
509 9 2 0 26 1349 1369 1409 1652 1713 1715
510 9 2 0 26 1372 1351 1413 1579 1541 1716
511 9 2 0 26 1352 1374 1414 1581 1717 1543
512 9 2 0 26 148 1371 1412 1555 1714 1718
513 9 2 0 26 1373 1354 1411 1654 1537 1719
514 9 2 0 26 91 1372 1413 1557 1716 1720
515 9 2 0 26 1374 125 1414 1558 1721 1717
516 9 2 0 26 110 1373 1411 1553 1719 1722
517 9 2 0 26 1370 106 1410 1550 1723 1724
518 9 2 0 26 1353 1370 1410 1653 1724 1725
519 9 2 0 26 1399 1335 1423 1726 1727 1728
520 9 2 0 26 1359 1399 1423 1460 1728 1511
521 9 2 0 26 1348 1395 1399 1651 1729 1730
522 9 2 0 26 1335 1375 1423 1731 1691 1727
523 9 2 0 26 1375 1339 1424 1732 1514 1692
524 9 2 0 26 1376 1341 1425 1733 1516 1694
525 9 2 0 26 1377 1342 1426 1734 1519 1696
526 9 2 0 26 1400 1355 1424 1524 1693 1735
527 9 2 0 26 1360 1400 1424 1452 1735 1513
528 9 2 0 26 1401 1356 1425 1453 1695 1736
529 9 2 0 26 1361 1401 1425 1532 1736 1515
530 9 2 0 26 1395 1335 1399 1737 1726 1729
531 9 2 0 26 1343 1367 1415 1604 1635 1738
532 9 2 0 26 1368 1343 1416 1655 1739 1636
533 9 2 0 26 1369 1344 1417 1607 1740 1638
534 9 2 0 26 1344 1371 1419 1657 1645 1741
535 9 2 0 26 1370 1345 1418 1610 1742 1640
536 9 2 0 26 1345 1372 1420 1659 1647 1743
537 9 2 0 26 1346 1373 1421 1613 1643 1744
538 9 2 0 26 1374 1346 1422 1661 1745 1648
539 9 2 0 26 1375 1347 1427 1746 1747 1748
540 9 2 0 26 1339 1375 1427 1732 1748 1585
541 9 2 0 26 1376 1349 1429 1463 1749 1750
542 9 2 0 26 1341 1376 1429 1733 1750 1590
543 9 2 0 26 1377 1353 1430 1466 1751 1752
544 9 2 0 26 1342 1377 1430 1734 1752 1593
545 9 2 0 26 1360 1379 1404 1478 1753 1528
546 9 2 0 26 1379 1336 1404 1520 1617 1753
547 9 2 0 26 1361 1380 1405 1481 1754 1530
548 9 2 0 26 1380 1337 1405 1522 1620 1754
549 9 2 0 26 1362 1381 1406 1484 1755 1623
550 9 2 0 26 1381 1338 1406 1564 1619 1755
551 9 2 0 26 1391 1335 1395 1756 1737 1686
552 9 2 0 26 1336 1392 1396 1521 1687 1470
553 9 2 0 26 1337 1393 1398 1523 1688 1472
554 9 2 0 26 1394 1338 1397 1757 1565 1689
555 9 2 0 26 1359 1382 1403 1475 1758 1526
556 9 2 0 26 1382 1357 1403 1665 1597 1758
557 9 2 0 26 1347 1375 1436 1746 1759 1760
558 9 2 0 26 1340 1378 1432 1616 1761 1698
559 9 2 0 26 1375 1335 1436 1731 1762 1759
560 9 2 0 26 1378 1338 1437 1618 1763 1764
561 9 2 0 26 1391 1347 1436 1575 1760 1765
562 9 2 0 26 1394 1352 1437 1582 1766 1767
563 9 2 0 26 1432 1378 1437 1761 1764 1768
564 9 2 0 26 1343 1383 1416 1769 1679 1739
565 9 2 0 26 1383 1343 1415 1769 1738 1678
566 9 2 0 26 1344 1384 1417 1770 1681 1740
567 9 2 0 26 1384 1344 1419 1770 1741 1682
568 9 2 0 26 1345 1385 1418 1771 1680 1742
569 9 2 0 26 1385 1345 1420 1771 1743 1684
570 9 2 0 26 1386 1346 1421 1772 1744 1683
571 9 2 0 26 1346 1386 1422 1772 1685 1745
572 9 2 0 26 1352 1432 1437 1703 1768 1766
573 9 2 0 26 145 1387 1408 1624 1773 1774
574 9 2 0 26 1388 128 1407 1625 1775 1776
575 9 2 0 26 1387 1347 1408 1777 1710 1773
576 9 2 0 26 1348 1388 1407 1778 1776 1711
577 9 2 0 26 88 1389 1409 1626 1779 1780
578 9 2 0 26 1389 1349 1409 1781 1715 1779
579 9 2 0 26 107 1390 1410 1627 1782 1783
580 9 2 0 26 1390 1353 1410 1784 1725 1782
581 9 2 0 26 1348 1399 1428 1730 1510 1785
582 9 2 0 26 128 129 1407 138 1709 1775
583 9 2 0 26 144 145 1408 154 1774 1706
584 9 2 0 26 87 88 1409 97 1780 1712
585 9 2 0 26 106 107 1410 116 1783 1723
586 9 2 0 26 109 110 1411 119 1722 1501
587 9 2 0 26 147 148 1412 157 1718 1503
588 9 2 0 26 90 91 1413 100 1720 1505
589 9 2 0 26 125 126 1414 135 1508 1721
590 9 2 0 26 1350 1379 1431 1485 1629 1701
591 9 2 0 26 1351 1380 1433 1488 1631 1702
592 9 2 0 26 1354 1381 1434 1560 1633 1705
593 9 2 0 26 1347 1387 1427 1777 1674 1747
594 9 2 0 26 1388 1348 1428 1778 1785 1675
595 9 2 0 26 1349 1389 1429 1781 1676 1749
596 9 2 0 26 1353 1390 1430 1784 1677 1751
597 9 2 0 26 1335 1391 1436 1756 1765 1762
598 9 2 0 26 1338 1394 1437 1757 1767 1763
599 9 2 0 26 1402 1334 1435 1663 1786 1461
600 9 2 0 26 1334 1401 1435 1535 1533 1786
601 10 2 0 13 4 66 650 161 75 686 687 165 688
602 10 2 0 13 161 650 651 162 687 689 690 166 691
603 10 2 0 13 162 651 652 163 690 692 693 167 694
604 10 2 0 13 163 652 653 164 693 695 696 168 697
605 10 2 0 13 164 653 85 5 696 698 94 169 699
606 10 2 0 13 66 67 654 650 76 700 701 686 702
607 10 2 0 13 650 654 655 651 701 703 704 689 705
608 10 2 0 13 651 655 656 652 704 706 707 692 708
609 10 2 0 13 652 656 657 653 707 709 710 695 711
610 10 2 0 13 653 657 86 85 710 712 95 698 713
611 10 2 0 13 67 68 658 654 77 714 715 700 716
612 10 2 0 13 654 658 659 655 715 717 718 703 719
613 10 2 0 13 655 659 660 656 718 720 721 706 722
614 10 2 0 13 656 660 661 657 721 723 724 709 725
615 10 2 0 13 657 661 87 86 724 726 96 712 727
616 10 2 0 13 68 69 662 658 78 728 729 714 730
617 10 2 0 13 658 662 663 659 729 731 732 717 733
618 10 2 0 13 659 663 664 660 732 734 735 720 736
619 10 2 0 13 660 664 665 661 735 737 738 723 739
620 10 2 0 13 661 665 88 87 738 740 97 726 741
621 10 2 0 13 69 70 666 662 79 742 743 728 744
622 10 2 0 13 662 666 667 663 743 745 746 731 747
623 10 2 0 13 663 667 668 664 746 748 749 734 750
624 10 2 0 13 664 668 669 665 749 751 752 737 753
625 10 2 0 13 665 669 89 88 752 754 98 740 755
626 10 2 0 13 70 71 670 666 80 756 757 742 758
627 10 2 0 13 666 670 671 667 757 759 760 745 761
628 10 2 0 13 667 671 672 668 760 762 763 748 764
629 10 2 0 13 668 672 673 669 763 765 766 751 767
630 10 2 0 13 669 673 90 89 766 768 99 754 769
631 10 2 0 13 71 72 674 670 81 770 771 756 772
632 10 2 0 13 670 674 675 671 771 773 774 759 775
633 10 2 0 13 671 675 676 672 774 776 777 762 778
634 10 2 0 13 672 676 677 673 777 779 780 765 781
635 10 2 0 13 673 677 91 90 780 782 100 768 783
636 10 2 0 13 72 73 678 674 82 784 785 770 786
637 10 2 0 13 674 678 679 675 785 787 788 773 789
638 10 2 0 13 675 679 680 676 788 790 791 776 792
639 10 2 0 13 676 680 681 677 791 793 794 779 795
640 10 2 0 13 677 681 92 91 794 796 101 782 797
641 10 2 0 13 73 74 682 678 83 798 799 784 800
642 10 2 0 13 678 682 683 679 799 801 802 787 803
643 10 2 0 13 679 683 684 680 802 804 805 790 806
644 10 2 0 13 680 684 685 681 805 807 808 793 809
645 10 2 0 13 681 685 93 92 808 810 102 796 811
646 10 2 0 13 74 1 170 682 84 174 812 798 813
647 10 2 0 13 682 170 171 683 812 175 814 801 815
648 10 2 0 13 683 171 172 684 814 176 816 804 817
649 10 2 0 13 684 172 173 685 816 177 818 807 819
650 10 2 0 13 685 173 6 93 818 178 103 810 820
651 10 2 0 17 1 9 821 170 18 857 858 174 859
652 10 2 0 17 170 821 822 171 858 860 861 175 862
653 10 2 0 17 171 822 823 172 861 863 864 176 865
654 10 2 0 17 172 823 824 173 864 866 867 177 868
655 10 2 0 17 173 824 104 6 867 869 113 178 870
656 10 2 0 17 9 10 825 821 19 871 872 857 873
657 10 2 0 17 821 825 826 822 872 874 875 860 876
658 10 2 0 17 822 826 827 823 875 877 878 863 879
659 10 2 0 17 823 827 828 824 878 880 881 866 882
660 10 2 0 17 824 828 105 104 881 883 114 869 884
661 10 2 0 17 10 11 829 825 20 885 886 871 887
662 10 2 0 17 825 829 830 826 886 888 889 874 890
663 10 2 0 17 826 830 831 827 889 891 892 877 893
664 10 2 0 17 827 831 832 828 892 894 895 880 896
665 10 2 0 17 828 832 106 105 895 897 115 883 898
666 10 2 0 17 11 12 833 829 21 899 900 885 901
667 10 2 0 17 829 833 834 830 900 902 903 888 904
668 10 2 0 17 830 834 835 831 903 905 906 891 907
669 10 2 0 17 831 835 836 832 906 908 909 894 910
670 10 2 0 17 832 836 107 106 909 911 116 897 912
671 10 2 0 17 12 13 837 833 22 913 914 899 915
672 10 2 0 17 833 837 838 834 914 916 917 902 918
673 10 2 0 17 834 838 839 835 917 919 920 905 921
674 10 2 0 17 835 839 840 836 920 922 923 908 924
675 10 2 0 17 836 840 108 107 923 925 117 911 926
676 10 2 0 17 13 14 841 837 23 927 928 913 929
677 10 2 0 17 837 841 842 838 928 930 931 916 932
678 10 2 0 17 838 842 843 839 931 933 934 919 935
679 10 2 0 17 839 843 844 840 934 936 937 922 938
680 10 2 0 17 840 844 109 108 937 939 118 925 940
681 10 2 0 17 14 15 845 841 24 941 942 927 943
682 10 2 0 17 841 845 846 842 942 944 945 930 946
683 10 2 0 17 842 846 847 843 945 947 948 933 949
684 10 2 0 17 843 847 848 844 948 950 951 936 952
685 10 2 0 17 844 848 110 109 951 953 119 939 954
686 10 2 0 17 15 16 849 845 25 955 956 941 957
687 10 2 0 17 845 849 850 846 956 958 959 944 960
688 10 2 0 17 846 850 851 847 959 961 962 947 963
689 10 2 0 17 847 851 852 848 962 964 965 950 966
690 10 2 0 17 848 852 111 110 965 967 120 953 968
691 10 2 0 17 16 17 853 849 26 969 970 955 971
692 10 2 0 17 849 853 854 850 970 972 973 958 974
693 10 2 0 17 850 854 855 851 973 975 976 961 977
694 10 2 0 17 851 855 856 852 976 978 979 964 980
695 10 2 0 17 852 856 112 111 979 981 121 967 982
696 10 2 0 17 17 2 179 853 27 183 983 969 984
697 10 2 0 17 853 179 180 854 983 184 985 972 986
698 10 2 0 17 854 180 181 855 985 185 987 975 988
699 10 2 0 17 855 181 182 856 987 186 989 978 990
700 10 2 0 17 856 182 7 112 989 187 122 981 991
701 10 2 0 21 3 188 992 28 192 1028 1029 37 1030
702 10 2 0 21 188 189 993 992 193 1031 1032 1028 1033
703 10 2 0 21 189 190 994 993 194 1034 1035 1031 1036
704 10 2 0 21 190 191 995 994 195 1037 1038 1034 1039
705 10 2 0 21 191 8 131 995 196 141 1040 1037 1041
706 10 2 0 21 28 992 996 29 1029 1042 1043 38 1044
707 10 2 0 21 992 993 997 996 1032 1045 1046 1042 1047
708 10 2 0 21 993 994 998 997 1035 1048 1049 1045 1050
709 10 2 0 21 994 995 999 998 1038 1051 1052 1048 1053
710 10 2 0 21 995 131 130 999 1040 140 1054 1051 1055
711 10 2 0 21 29 996 1000 30 1043 1056 1057 39 1058
712 10 2 0 21 996 997 1001 1000 1046 1059 1060 1056 1061
713 10 2 0 21 997 998 1002 1001 1049 1062 1063 1059 1064
714 10 2 0 21 998 999 1003 1002 1052 1065 1066 1062 1067
715 10 2 0 21 999 130 129 1003 1054 139 1068 1065 1069
716 10 2 0 21 30 1000 1004 31 1057 1070 1071 40 1072
717 10 2 0 21 1000 1001 1005 1004 1060 1073 1074 1070 1075
718 10 2 0 21 1001 1002 1006 1005 1063 1076 1077 1073 1078
719 10 2 0 21 1002 1003 1007 1006 1066 1079 1080 1076 1081
720 10 2 0 21 1003 129 128 1007 1068 138 1082 1079 1083
721 10 2 0 21 31 1004 1008 32 1071 1084 1085 41 1086
722 10 2 0 21 1004 1005 1009 1008 1074 1087 1088 1084 1089
723 10 2 0 21 1005 1006 1010 1009 1077 1090 1091 1087 1092
724 10 2 0 21 1006 1007 1011 1010 1080 1093 1094 1090 1095
725 10 2 0 21 1007 128 127 1011 1082 137 1096 1093 1097
726 10 2 0 21 32 1008 1012 33 1085 1098 1099 42 1100
727 10 2 0 21 1008 1009 1013 1012 1088 1101 1102 1098 1103
728 10 2 0 21 1009 1010 1014 1013 1091 1104 1105 1101 1106
729 10 2 0 21 1010 1011 1015 1014 1094 1107 1108 1104 1109
730 10 2 0 21 1011 127 126 1015 1096 136 1110 1107 1111
731 10 2 0 21 33 1012 1016 34 1099 1112 1113 43 1114
732 10 2 0 21 1012 1013 1017 1016 1102 1115 1116 1112 1117
733 10 2 0 21 1013 1014 1018 1017 1105 1118 1119 1115 1120
734 10 2 0 21 1014 1015 1019 1018 1108 1121 1122 1118 1123
735 10 2 0 21 1015 126 125 1019 1110 135 1124 1121 1125
736 10 2 0 21 34 1016 1020 35 1113 1126 1127 44 1128
737 10 2 0 21 1016 1017 1021 1020 1116 1129 1130 1126 1131
738 10 2 0 21 1017 1018 1022 1021 1119 1132 1133 1129 1134
739 10 2 0 21 1018 1019 1023 1022 1122 1135 1136 1132 1137
740 10 2 0 21 1019 125 124 1023 1124 134 1138 1135 1139
741 10 2 0 21 35 1020 1024 36 1127 1140 1141 45 1142
742 10 2 0 21 1020 1021 1025 1024 1130 1143 1144 1140 1145
743 10 2 0 21 1021 1022 1026 1025 1133 1146 1147 1143 1148
744 10 2 0 21 1022 1023 1027 1026 1136 1149 1150 1146 1151
745 10 2 0 21 1023 124 123 1027 1138 133 1152 1149 1153
746 10 2 0 21 36 1024 179 2 1141 1154 183 46 1155
747 10 2 0 21 1024 1025 180 179 1144 1156 184 1154 1157
748 10 2 0 21 1025 1026 181 180 1147 1158 185 1156 1159
749 10 2 0 21 1026 1027 182 181 1150 1160 186 1158 1161
750 10 2 0 21 1027 123 7 182 1152 132 187 1160 1162
751 10 2 0 25 3 47 1163 188 56 1199 1200 192 1201
752 10 2 0 25 188 1163 1164 189 1200 1202 1203 193 1204
753 10 2 0 25 189 1164 1165 190 1203 1205 1206 194 1207
754 10 2 0 25 190 1165 1166 191 1206 1208 1209 195 1210
755 10 2 0 25 191 1166 142 8 1209 1211 151 196 1212
756 10 2 0 25 47 48 1167 1163 57 1213 1214 1199 1215
757 10 2 0 25 1163 1167 1168 1164 1214 1216 1217 1202 1218
758 10 2 0 25 1164 1168 1169 1165 1217 1219 1220 1205 1221
759 10 2 0 25 1165 1169 1170 1166 1220 1222 1223 1208 1224
760 10 2 0 25 1166 1170 143 142 1223 1225 152 1211 1226
761 10 2 0 25 48 49 1171 1167 58 1227 1228 1213 1229
762 10 2 0 25 1167 1171 1172 1168 1228 1230 1231 1216 1232
763 10 2 0 25 1168 1172 1173 1169 1231 1233 1234 1219 1235
764 10 2 0 25 1169 1173 1174 1170 1234 1236 1237 1222 1238
765 10 2 0 25 1170 1174 144 143 1237 1239 153 1225 1240
766 10 2 0 25 49 50 1175 1171 59 1241 1242 1227 1243
767 10 2 0 25 1171 1175 1176 1172 1242 1244 1245 1230 1246
768 10 2 0 25 1172 1176 1177 1173 1245 1247 1248 1233 1249
769 10 2 0 25 1173 1177 1178 1174 1248 1250 1251 1236 1252
770 10 2 0 25 1174 1178 145 144 1251 1253 154 1239 1254
771 10 2 0 25 50 51 1179 1175 60 1255 1256 1241 1257
772 10 2 0 25 1175 1179 1180 1176 1256 1258 1259 1244 1260
773 10 2 0 25 1176 1180 1181 1177 1259 1261 1262 1247 1263
774 10 2 0 25 1177 1181 1182 1178 1262 1264 1265 1250 1266
775 10 2 0 25 1178 1182 146 145 1265 1267 155 1253 1268
776 10 2 0 25 51 52 1183 1179 61 1269 1270 1255 1271
777 10 2 0 25 1179 1183 1184 1180 1270 1272 1273 1258 1274
778 10 2 0 25 1180 1184 1185 1181 1273 1275 1276 1261 1277
779 10 2 0 25 1181 1185 1186 1182 1276 1278 1279 1264 1280
780 10 2 0 25 1182 1186 147 146 1279 1281 156 1267 1282
781 10 2 0 25 52 53 1187 1183 62 1283 1284 1269 1285
782 10 2 0 25 1183 1187 1188 1184 1284 1286 1287 1272 1288
783 10 2 0 25 1184 1188 1189 1185 1287 1289 1290 1275 1291
784 10 2 0 25 1185 1189 1190 1186 1290 1292 1293 1278 1294
785 10 2 0 25 1186 1190 148 147 1293 1295 157 1281 1296
786 10 2 0 25 53 54 1191 1187 63 1297 1298 1283 1299
787 10 2 0 25 1187 1191 1192 1188 1298 1300 1301 1286 1302
788 10 2 0 25 1188 1192 1193 1189 1301 1303 1304 1289 1305
789 10 2 0 25 1189 1193 1194 1190 1304 1306 1307 1292 1308
790 10 2 0 25 1190 1194 149 148 1307 1309 158 1295 1310
791 10 2 0 25 54 55 1195 1191 64 1311 1312 1297 1313
792 10 2 0 25 1191 1195 1196 1192 1312 1314 1315 1300 1316
793 10 2 0 25 1192 1196 1197 1193 1315 1317 1318 1303 1319
794 10 2 0 25 1193 1197 1198 1194 1318 1320 1321 1306 1322
795 10 2 0 25 1194 1198 150 149 1321 1323 159 1309 1324
796 10 2 0 25 55 4 161 1195 65 165 1325 1311 1326
797 10 2 0 25 1195 161 162 1196 1325 166 1327 1314 1328
798 10 2 0 25 1196 162 163 1197 1327 167 1329 1317 1330
799 10 2 0 25 1197 163 164 1198 1329 168 1331 1320 1332
800 10 2 0 25 1198 164 5 150 1331 169 160 1323 1333
801 13 2 0 1 28 3 246 992 188 1983 37 302 1029 301 192 2203 1028 2204 2205 1030 2206 2207
802 13 2 0 1 992 188 1983 993 189 1984 1028 2204 1032 2205 193 2208 1031 2209 2210 1033 2211 2212
803 13 2 0 1 993 189 1984 994 190 1985 1031 2209 1035 2210 194 2213 1034 2214 2215 1036 2216 2217
804 13 2 0 1 994 190 1985 995 191 1986 1034 2214 1038 2215 195 2218 1037 2219 2220 1039 2221 2222
805 13 2 0 1 995 191 1986 131 8 1383 1037 2219 1040 2220 196 2223 141 1439 1438 1041 2224 2225
806 13 2 0 1 3 47 246 188 1163 1983 56 301 192 303 1199 2203 1200 2205 2226 1201 2207 2227
807 13 2 0 1 188 1163 1983 189 1164 1984 1200 2205 193 2226 1202 2208 1203 2210 2228 1204 2212 2229
808 13 2 0 1 189 1164 1984 190 1165 1985 1203 2210 194 2228 1205 2213 1206 2215 2230 1207 2217 2231
809 13 2 0 1 190 1165 1985 191 1166 1986 1206 2215 195 2230 1208 2218 1209 2220 2232 1210 2222 2233
810 13 2 0 1 191 1166 1986 8 142 1383 1209 2220 196 2232 1211 2223 151 1438 1440 1212 2225 2234
811 13 2 0 1 1 9 248 170 821 1991 18 305 174 304 857 2235 858 2236 2237 859 2238 2239
812 13 2 0 1 170 821 1991 171 822 1992 858 2236 175 2237 860 2240 861 2241 2242 862 2243 2244
813 13 2 0 1 171 822 1992 172 823 1993 861 2241 176 2242 863 2245 864 2246 2247 865 2248 2249
814 13 2 0 1 172 823 1993 173 824 1994 864 2246 177 2247 866 2250 867 2251 2252 868 2253 2254
815 13 2 0 1 173 824 1994 6 104 1385 867 2251 178 2252 869 2255 113 1442 1441 870 2256 2257
816 13 2 0 1 4 66 247 161 650 1987 75 307 165 306 686 2258 687 2259 2260 688 2261 2262
817 13 2 0 1 161 650 1987 162 651 1988 687 2259 166 2260 689 2263 690 2264 2265 691 2266 2267
818 13 2 0 1 162 651 1988 163 652 1989 690 2264 167 2265 692 2268 693 2269 2270 694 2271 2272
819 13 2 0 1 163 652 1989 164 653 1990 693 2269 168 2270 695 2273 696 2274 2275 697 2276 2277
820 13 2 0 1 164 653 1990 5 85 1384 696 2274 169 2275 698 2278 94 1444 1443 699 2279 2280
821 13 2 0 1 74 1 248 682 170 1991 84 308 798 305 174 2235 812 2281 2236 813 2282 2238
822 13 2 0 1 682 170 1991 683 171 1992 812 2281 801 2236 175 2240 814 2283 2241 815 2284 2243
823 13 2 0 1 683 171 1992 684 172 1993 814 2283 804 2241 176 2245 816 2285 2246 817 2286 2248
824 13 2 0 1 684 172 1993 685 173 1994 816 2285 807 2246 177 2250 818 2287 2251 819 2288 2253
825 13 2 0 1 685 173 1994 93 6 1385 818 2287 810 2251 178 2255 103 1445 1442 820 2289 2256
826 13 2 0 1 55 4 247 1195 161 1987 65 309 1311 307 165 2258 1325 2290 2259 1326 2291 2261
827 13 2 0 1 1195 161 1987 1196 162 1988 1325 2290 1314 2259 166 2263 1327 2292 2264 1328 2293 2266
828 13 2 0 1 1196 162 1988 1197 163 1989 1327 2292 1317 2264 167 2268 1329 2294 2269 1330 2295 2271
829 13 2 0 1 1197 163 1989 1198 164 1990 1329 2294 1320 2269 168 2273 1331 2296 2274 1332 2297 2276
830 13 2 0 1 1198 164 1990 150 5 1384 1331 2296 1323 2274 169 2278 160 1446 1444 1333 2298 2279
831 13 2 0 1 17 2 249 853 179 1995 27 311 969 310 183 2299 983 2300 2301 984 2302 2303
832 13 2 0 1 853 179 1995 854 180 1996 983 2300 972 2301 184 2304 985 2305 2306 986 2307 2308
833 13 2 0 1 854 180 1996 855 181 1997 985 2305 975 2306 185 2309 987 2310 2311 988 2312 2313
834 13 2 0 1 855 181 1997 856 182 1998 987 2310 978 2311 186 2314 989 2315 2316 990 2317 2318
835 13 2 0 1 856 182 1998 112 7 1386 989 2315 981 2316 187 2319 122 1448 1447 991 2320 2321
836 13 2 0 1 2 36 249 179 1024 1995 46 310 183 312 1141 2299 1154 2301 2322 1155 2303 2323
837 13 2 0 1 179 1024 1995 180 1025 1996 1154 2301 184 2322 1144 2304 1156 2306 2324 1157 2308 2325
838 13 2 0 1 180 1025 1996 181 1026 1997 1156 2306 185 2324 1147 2309 1158 2311 2326 1159 2313 2327
839 13 2 0 1 181 1026 1997 182 1027 1998 1158 2311 186 2326 1150 2314 1160 2316 2328 1161 2318 2329
840 13 2 0 1 182 1027 1998 7 123 1386 1160 2316 187 2328 1152 2319 132 1447 1449 1162 2321 2330
841 13 2 0 1 223 219 263 1891 1875 2051 313 315 2331 314 2332 2333 2334 2335 2336 2337 2338 2339
842 13 2 0 1 1891 1875 2051 1892 1876 2052 2334 2335 2340 2336 2341 2342 2343 2344 2345 2346 2347 2348
843 13 2 0 1 1892 1876 2052 1893 1877 2053 2343 2344 2349 2345 2350 2351 2352 2353 2354 2355 2356 2357
844 13 2 0 1 1893 1877 2053 1894 1878 2054 2352 2353 2358 2354 2359 2360 2361 2362 2363 2364 2365 2366
845 13 2 0 1 1894 1878 2054 1360 1356 1400 2361 2362 2367 2363 2368 2369 1450 1452 1451 2370 2371 2372
846 13 2 0 1 263 219 264 2051 1875 2055 314 317 2333 316 2332 2373 2336 2374 2375 2339 2376 2377
847 13 2 0 1 2051 1875 2055 2052 1876 2056 2336 2374 2342 2375 2341 2378 2345 2379 2380 2348 2381 2382
848 13 2 0 1 2052 1876 2056 2053 1877 2057 2345 2379 2351 2380 2350 2383 2354 2384 2385 2357 2386 2387
849 13 2 0 1 2053 1877 2057 2054 1878 2058 2354 2384 2360 2385 2359 2388 2363 2389 2390 2366 2391 2392
850 13 2 0 1 2054 1878 2058 1400 1356 1401 2363 2389 2369 2390 2368 2393 1451 1454 1453 2372 2394 2395
851 13 2 0 1 221 225 265 1883 1899 2059 318 320 2396 319 2397 2398 2399 2400 2401 2402 2403 2404
852 13 2 0 1 1883 1899 2059 1884 1900 2060 2399 2400 2405 2401 2406 2407 2408 2409 2410 2411 2412 2413
853 13 2 0 1 1884 1900 2060 1885 1901 2061 2408 2409 2414 2410 2415 2416 2417 2418 2419 2420 2421 2422
854 13 2 0 1 1885 1901 2061 1886 1902 2062 2417 2418 2423 2419 2424 2425 2426 2427 2428 2429 2430 2431
855 13 2 0 1 1886 1902 2062 1358 1362 1402 2426 2427 2432 2428 2433 2434 1455 1457 1456 2435 2436 2437
856 13 2 0 1 222 203 262 1887 1811 2047 321 323 2438 322 2439 2440 2441 2442 2443 2444 2445 2446
857 13 2 0 1 1887 1811 2047 1888 1812 2048 2441 2442 2447 2443 2448 2449 2450 2451 2452 2453 2454 2455
858 13 2 0 1 1888 1812 2048 1889 1813 2049 2450 2451 2456 2452 2457 2458 2459 2460 2461 2462 2463 2464
859 13 2 0 1 1889 1813 2049 1890 1814 2050 2459 2460 2465 2461 2466 2467 2468 2469 2470 2471 2472 2473
860 13 2 0 1 1890 1814 2050 1359 1340 1399 2468 2469 2474 2470 2475 2476 1458 1460 1459 2477 2478 2479
861 13 2 0 1 221 265 298 1883 2059 2191 320 325 2396 324 2398 2480 2400 2481 2482 2403 2483 2484
862 13 2 0 1 1883 2059 2191 1884 2060 2192 2400 2481 2405 2482 2407 2485 2409 2486 2487 2412 2488 2489
863 13 2 0 1 1884 2060 2192 1885 2061 2193 2409 2486 2414 2487 2416 2490 2418 2491 2492 2421 2493 2494
864 13 2 0 1 1885 2061 2193 1886 2062 2194 2418 2491 2423 2492 2425 2495 2427 2496 2497 2430 2498 2499
865 13 2 0 1 1886 2062 2194 1358 1402 1435 2427 2496 2432 2497 2434 2500 1457 1462 1461 2436 2501 2502
866 13 2 0 1 212 239 259 1847 1955 2035 326 328 2503 327 2504 2505 2506 2507 2508 2509 2510 2511
867 13 2 0 1 1847 1955 2035 1848 1956 2036 2506 2507 2512 2508 2513 2514 2515 2516 2517 2518 2519 2520
868 13 2 0 1 1848 1956 2036 1849 1957 2037 2515 2516 2521 2517 2522 2523 2524 2525 2526 2527 2528 2529
869 13 2 0 1 1849 1957 2037 1850 1958 2038 2524 2525 2530 2526 2531 2532 2533 2534 2535 2536 2537 2538
870 13 2 0 1 1850 1958 2038 1349 1376 1396 2533 2534 2539 2535 2540 2541 1463 1465 1464 2542 2543 2544
871 13 2 0 1 216 240 261 1863 1959 2043 329 331 2545 330 2546 2547 2548 2549 2550 2551 2552 2553
872 13 2 0 1 1863 1959 2043 1864 1960 2044 2548 2549 2554 2550 2555 2556 2557 2558 2559 2560 2561 2562
873 13 2 0 1 1864 1960 2044 1865 1961 2045 2557 2558 2563 2559 2564 2565 2566 2567 2568 2569 2570 2571
874 13 2 0 1 1865 1961 2045 1866 1962 2046 2566 2567 2572 2568 2573 2574 2575 2576 2577 2578 2579 2580
875 13 2 0 1 1866 1962 2046 1353 1377 1398 2575 2576 2581 2577 2582 2583 1466 1468 1467 2584 2585 2586
876 13 2 0 1 239 199 259 1955 1795 2035 332 327 2504 333 2587 2505 2588 2508 2589 2590 2511 2591
877 13 2 0 1 1955 1795 2035 1956 1796 2036 2588 2508 2513 2589 2592 2514 2593 2517 2594 2595 2520 2596
878 13 2 0 1 1956 1796 2036 1957 1797 2037 2593 2517 2522 2594 2597 2523 2598 2526 2599 2600 2529 2601
879 13 2 0 1 1957 1797 2037 1958 1798 2038 2598 2526 2531 2599 2602 2532 2603 2535 2604 2605 2538 2606
880 13 2 0 1 1958 1798 2038 1376 1336 1396 2603 2535 2540 2604 2607 2541 1469 1464 1470 2608 2544 2609
881 13 2 0 1 240 200 261 1959 1799 2043 334 330 2546 335 2610 2547 2611 2550 2612 2613 2553 2614
882 13 2 0 1 1959 1799 2043 1960 1800 2044 2611 2550 2555 2612 2615 2556 2616 2559 2617 2618 2562 2619
883 13 2 0 1 1960 1800 2044 1961 1801 2045 2616 2559 2564 2617 2620 2565 2621 2568 2622 2623 2571 2624
884 13 2 0 1 1961 1801 2045 1962 1802 2046 2621 2568 2573 2622 2625 2574 2626 2577 2627 2628 2580 2629
885 13 2 0 1 1962 1802 2046 1377 1337 1398 2626 2577 2582 2627 2630 2583 1471 1467 1472 2631 2586 2632
886 13 2 0 1 222 218 245 1887 1871 1979 336 338 2438 337 2633 2634 2635 2636 2637 2638 2639 2640
887 13 2 0 1 1887 1871 1979 1888 1872 1980 2635 2636 2447 2637 2641 2642 2643 2644 2645 2646 2647 2648
888 13 2 0 1 1888 1872 1980 1889 1873 1981 2643 2644 2456 2645 2649 2650 2651 2652 2653 2654 2655 2656
889 13 2 0 1 1889 1873 1981 1890 1874 1982 2651 2652 2465 2653 2657 2658 2659 2660 2661 2662 2663 2664
890 13 2 0 1 1890 1874 1982 1359 1355 1382 2659 2660 2474 2661 2665 2666 1473 1475 1474 2667 2668 2669
891 13 2 0 1 223 202 242 1891 1807 1967 339 341 2331 340 2670 2671 2672 2673 2674 2675 2676 2677
892 13 2 0 1 1891 1807 1967 1892 1808 1968 2672 2673 2340 2674 2678 2679 2680 2681 2682 2683 2684 2685
893 13 2 0 1 1892 1808 1968 1893 1809 1969 2680 2681 2349 2682 2686 2687 2688 2689 2690 2691 2692 2693
894 13 2 0 1 1893 1809 1969 1894 1810 1970 2688 2689 2358 2690 2694 2695 2696 2697 2698 2699 2700 2701
895 13 2 0 1 1894 1810 1970 1360 1339 1379 2696 2697 2367 2698 2702 2703 1476 1478 1477 2704 2705 2706
896 13 2 0 1 224 204 243 1895 1815 1971 342 344 2707 343 2708 2709 2710 2711 2712 2713 2714 2715
897 13 2 0 1 1895 1815 1971 1896 1816 1972 2710 2711 2716 2712 2717 2718 2719 2720 2721 2722 2723 2724
898 13 2 0 1 1896 1816 1972 1897 1817 1973 2719 2720 2725 2721 2726 2727 2728 2729 2730 2731 2732 2733
899 13 2 0 1 1897 1817 1973 1898 1818 1974 2728 2729 2734 2730 2735 2736 2737 2738 2739 2740 2741 2742
900 13 2 0 1 1898 1818 1974 1361 1341 1380 2737 2738 2743 2739 2744 2745 1479 1481 1480 2746 2747 2748
901 13 2 0 1 225 205 244 1899 1819 1975 345 347 2397 346 2749 2750 2751 2752 2753 2754 2755 2756
902 13 2 0 1 1899 1819 1975 1900 1820 1976 2751 2752 2406 2753 2757 2758 2759 2760 2761 2762 2763 2764
903 13 2 0 1 1900 1820 1976 1901 1821 1977 2759 2760 2415 2761 2765 2766 2767 2768 2769 2770 2771 2772
904 13 2 0 1 1901 1821 1977 1902 1822 1978 2767 2768 2424 2769 2773 2774 2775 2776 2777 2778 2779 2780
905 13 2 0 1 1902 1822 1978 1362 1342 1381 2775 2776 2433 2777 2781 2782 1482 1484 1483 2783 2784 2785
906 13 2 0 1 242 213 255 1967 1851 2019 348 350 2671 349 2786 2787 2788 2789 2790 2791 2792 2793
907 13 2 0 1 1967 1851 2019 1968 1852 2020 2788 2789 2679 2790 2794 2795 2796 2797 2798 2799 2800 2801
908 13 2 0 1 1968 1852 2020 1969 1853 2021 2796 2797 2687 2798 2802 2803 2804 2805 2806 2807 2808 2809
909 13 2 0 1 1969 1853 2021 1970 1854 2022 2804 2805 2695 2806 2810 2811 2812 2813 2814 2815 2816 2817
910 13 2 0 1 1970 1854 2022 1379 1350 1392 2812 2813 2703 2814 2818 2819 1485 1487 1486 2820 2821 2822
911 13 2 0 1 243 214 256 1971 1855 2023 351 353 2709 352 2823 2824 2825 2826 2827 2828 2829 2830
912 13 2 0 1 1971 1855 2023 1972 1856 2024 2825 2826 2718 2827 2831 2832 2833 2834 2835 2836 2837 2838
913 13 2 0 1 1972 1856 2024 1973 1857 2025 2833 2834 2727 2835 2839 2840 2841 2842 2843 2844 2845 2846
914 13 2 0 1 1973 1857 2025 1974 1858 2026 2841 2842 2736 2843 2847 2848 2849 2850 2851 2852 2853 2854
915 13 2 0 1 1974 1858 2026 1380 1351 1393 2849 2850 2745 2851 2855 2856 1488 1490 1489 2857 2858 2859
916 13 2 0 1 224 221 298 1895 1883 2191 354 355 2707 325 2396 2480 2860 2861 2481 2862 2863 2483
917 13 2 0 1 1895 1883 2191 1896 1884 2192 2860 2861 2716 2481 2405 2485 2864 2865 2486 2866 2867 2488
918 13 2 0 1 1896 1884 2192 1897 1885 2193 2864 2865 2725 2486 2414 2490 2868 2869 2491 2870 2871 2493
919 13 2 0 1 1897 1885 2193 1898 1886 2194 2868 2869 2734 2491 2423 2495 2872 2873 2496 2874 2875 2498
920 13 2 0 1 1898 1886 2194 1361 1358 1435 2872 2873 2743 2496 2432 2500 1491 1492 1462 2876 2877 2501
921 13 2 0 1 51 52 226 1179 1183 1903 61 357 1255 356 1269 2878 1270 2879 2880 1271 2881 2882
922 13 2 0 1 1179 1183 1903 1180 1184 1904 1270 2879 1258 2880 1272 2883 1273 2884 2885 1274 2886 2887
923 13 2 0 1 1180 1184 1904 1181 1185 1905 1273 2884 1261 2885 1275 2888 1276 2889 2890 1277 2891 2892
924 13 2 0 1 1181 1185 1905 1182 1186 1906 1276 2889 1264 2890 1278 2893 1279 2894 2895 1280 2896 2897
925 13 2 0 1 1182 1186 1906 146 147 1363 1279 2894 1267 2895 1281 2898 156 1494 1493 1282 2899 2900
926 13 2 0 1 70 71 228 666 670 1911 80 359 742 358 756 2901 757 2902 2903 758 2904 2905
927 13 2 0 1 666 670 1911 667 671 1912 757 2902 745 2903 759 2906 760 2907 2908 761 2909 2910
928 13 2 0 1 667 671 1912 668 672 1913 760 2907 748 2908 762 2911 763 2912 2913 764 2914 2915
929 13 2 0 1 668 672 1913 669 673 1914 763 2912 751 2913 765 2916 766 2917 2918 767 2919 2920
930 13 2 0 1 669 673 1914 89 90 1365 766 2917 754 2918 768 2921 99 1496 1495 769 2922 2923
931 13 2 0 1 33 32 227 1012 1008 1907 42 361 1099 360 1085 2924 1098 2925 2926 1100 2927 2928
932 13 2 0 1 1012 1008 1907 1013 1009 1908 1098 2925 1102 2926 1088 2929 1101 2930 2931 1103 2932 2933
933 13 2 0 1 1013 1009 1908 1014 1010 1909 1101 2930 1105 2931 1091 2934 1104 2935 2936 1106 2937 2938
934 13 2 0 1 1014 1010 1909 1015 1011 1910 1104 2935 1108 2936 1094 2939 1107 2940 2941 1109 2942 2943
935 13 2 0 1 1015 1011 1910 126 127 1364 1107 2940 1110 2941 1096 2944 136 1498 1497 1111 2945 2946
936 13 2 0 1 13 14 229 837 841 1915 23 363 913 362 927 2947 928 2948 2949 929 2950 2951
937 13 2 0 1 837 841 1915 838 842 1916 928 2948 916 2949 930 2952 931 2953 2954 932 2955 2956
938 13 2 0 1 838 842 1916 839 843 1917 931 2953 919 2954 933 2957 934 2958 2959 935 2960 2961
939 13 2 0 1 839 843 1917 840 844 1918 934 2958 922 2959 936 2962 937 2963 2964 938 2965 2966
940 13 2 0 1 840 844 1918 108 109 1366 937 2963 925 2964 939 2967 118 1500 1499 940 2968 2969
941 13 2 0 1 229 14 274 1915 841 2095 362 365 2947 364 927 2970 2949 2971 2972 2951 2973 2974
942 13 2 0 1 1915 841 2095 1916 842 2096 2949 2971 2952 2972 930 2975 2954 2976 2977 2956 2978 2979
943 13 2 0 1 1916 842 2096 1917 843 2097 2954 2976 2957 2977 933 2980 2959 2981 2982 2961 2983 2984
944 13 2 0 1 1917 843 2097 1918 844 2098 2959 2981 2962 2982 936 2985 2964 2986 2987 2966 2988 2989
945 13 2 0 1 1918 844 2098 1366 109 1411 2964 2986 2967 2987 939 2990 1499 1502 1501 2969 2991 2992
946 13 2 0 1 226 52 275 1903 1183 2099 356 367 2878 366 1269 2993 2880 2994 2995 2882 2996 2997
947 13 2 0 1 1903 1183 2099 1904 1184 2100 2880 2994 2883 2995 1272 2998 2885 2999 3000 2887 3001 3002
948 13 2 0 1 1904 1184 2100 1905 1185 2101 2885 2999 2888 3000 1275 3003 2890 3004 3005 2892 3006 3007
949 13 2 0 1 1905 1185 2101 1906 1186 2102 2890 3004 2893 3005 1278 3008 2895 3009 3010 2897 3011 3012
950 13 2 0 1 1906 1186 2102 1363 147 1412 2895 3009 2898 3010 1281 3013 1493 1504 1503 2900 3014 3015
951 13 2 0 1 228 71 276 1911 670 2103 358 369 2901 368 756 3016 2903 3017 3018 2905 3019 3020
952 13 2 0 1 1911 670 2103 1912 671 2104 2903 3017 2906 3018 759 3021 2908 3022 3023 2910 3024 3025
953 13 2 0 1 1912 671 2104 1913 672 2105 2908 3022 2911 3023 762 3026 2913 3027 3028 2915 3029 3030
954 13 2 0 1 1913 672 2105 1914 673 2106 2913 3027 2916 3028 765 3031 2918 3032 3033 2920 3034 3035
955 13 2 0 1 1914 673 2106 1365 90 1413 2918 3032 2921 3033 768 3036 1495 1506 1505 2923 3037 3038
956 13 2 0 1 33 227 277 1012 1907 2107 361 371 1099 370 2924 3039 2925 3040 3041 2927 3042 3043
957 13 2 0 1 1012 1907 2107 1013 1908 2108 2925 3040 1102 3041 2929 3044 2930 3045 3046 2932 3047 3048
958 13 2 0 1 1013 1908 2108 1014 1909 2109 2930 3045 1105 3046 2934 3049 2935 3050 3051 2937 3052 3053
959 13 2 0 1 1014 1909 2109 1015 1910 2110 2935 3050 1108 3051 2939 3054 2940 3055 3056 2942 3057 3058
960 13 2 0 1 1015 1910 2110 126 1364 1414 2940 3055 1110 3056 2944 3059 1498 1508 1507 2945 3060 3061
961 13 2 0 1 262 203 291 2047 1811 2163 322 373 2440 372 2439 3062 2443 3063 3064 2446 3065 3066
962 13 2 0 1 2047 1811 2163 2048 1812 2164 2443 3063 2449 3064 2448 3067 2452 3068 3069 2455 3070 3071
963 13 2 0 1 2048 1812 2164 2049 1813 2165 2452 3068 2458 3069 2457 3072 2461 3073 3074 2464 3075 3076
964 13 2 0 1 2049 1813 2165 2050 1814 2166 2461 3073 2467 3074 2466 3077 2470 3078 3079 2473 3080 3081
965 13 2 0 1 2050 1814 2166 1399 1340 1428 2470 3078 2476 3079 2475 3082 1459 1510 1509 2479 3083 3084
966 13 2 0 1 218 222 286 1871 1887 2143 336 375 2633 374 2438 3085 2635 3086 3087 2638 3088 3089
967 13 2 0 1 1871 1887 2143 1872 1888 2144 2635 3086 2641 3087 2447 3090 2643 3091 3092 2646 3093 3094
968 13 2 0 1 1872 1888 2144 1873 1889 2145 2643 3091 2649 3092 2456 3095 2651 3096 3097 2654 3098 3099
969 13 2 0 1 1873 1889 2145 1874 1890 2146 2651 3096 2657 3097 2465 3100 2659 3101 3102 2662 3103 3104
970 13 2 0 1 1874 1890 2146 1355 1359 1423 2659 3101 2665 3102 2474 3105 1473 1512 1511 2667 3106 3107
971 13 2 0 1 202 223 287 1807 1891 2147 339 377 2670 376 2331 3108 2672 3109 3110 2675 3111 3112
972 13 2 0 1 1807 1891 2147 1808 1892 2148 2672 3109 2678 3110 2340 3113 2680 3114 3115 2683 3116 3117
973 13 2 0 1 1808 1892 2148 1809 1893 2149 2680 3114 2686 3115 2349 3118 2688 3119 3120 2691 3121 3122
974 13 2 0 1 1809 1893 2149 1810 1894 2150 2688 3119 2694 3120 2358 3123 2696 3124 3125 2699 3126 3127
975 13 2 0 1 1810 1894 2150 1339 1360 1424 2696 3124 2702 3125 2367 3128 1476 1514 1513 2704 3129 3130
976 13 2 0 1 204 224 288 1815 1895 2151 342 379 2708 378 2707 3131 2710 3132 3133 2713 3134 3135
977 13 2 0 1 1815 1895 2151 1816 1896 2152 2710 3132 2717 3133 2716 3136 2719 3137 3138 2722 3139 3140
978 13 2 0 1 1816 1896 2152 1817 1897 2153 2719 3137 2726 3138 2725 3141 2728 3142 3143 2731 3144 3145
979 13 2 0 1 1817 1897 2153 1818 1898 2154 2728 3142 2735 3143 2734 3146 2737 3147 3148 2740 3149 3150
980 13 2 0 1 1818 1898 2154 1341 1361 1425 2737 3147 2744 3148 2743 3151 1479 1516 1515 2746 3152 3153
981 13 2 0 1 225 221 289 1899 1883 2155 318 381 2397 380 2396 3154 2399 3155 3156 2402 3157 3158
982 13 2 0 1 1899 1883 2155 1900 1884 2156 2399 3155 2406 3156 2405 3159 2408 3160 3161 2411 3162 3163
983 13 2 0 1 1900 1884 2156 1901 1885 2157 2408 3160 2415 3161 2414 3164 2417 3165 3166 2420 3167 3168
984 13 2 0 1 1901 1885 2157 1902 1886 2158 2417 3165 2424 3166 2423 3169 2426 3170 3171 2429 3172 3173
985 13 2 0 1 1902 1886 2158 1362 1358 1426 2426 3170 2433 3171 2432 3174 1455 1518 1517 2435 3175 3176
986 13 2 0 1 205 225 289 1819 1899 2155 345 382 2749 381 2397 3154 2751 3177 3155 2754 3178 3157
987 13 2 0 1 1819 1899 2155 1820 1900 2156 2751 3177 2757 3155 2406 3159 2759 3179 3160 2762 3180 3162
988 13 2 0 1 1820 1900 2156 1821 1901 2157 2759 3179 2765 3160 2415 3164 2767 3181 3165 2770 3182 3167
989 13 2 0 1 1821 1901 2157 1822 1902 2158 2767 3181 2773 3165 2424 3169 2775 3183 3170 2778 3184 3172
990 13 2 0 1 1822 1902 2158 1342 1362 1426 2775 3183 2781 3170 2433 3174 1482 1519 1518 2783 3185 3175
991 13 2 0 1 199 242 255 1795 1967 2019 383 384 2587 350 2671 2787 3186 3187 2789 3188 3189 2792
992 13 2 0 1 1795 1967 2019 1796 1968 2020 3186 3187 2592 2789 2679 2795 3190 3191 2797 3192 3193 2800
993 13 2 0 1 1796 1968 2020 1797 1969 2021 3190 3191 2597 2797 2687 2803 3194 3195 2805 3196 3197 2808
994 13 2 0 1 1797 1969 2021 1798 1970 2022 3194 3195 2602 2805 2695 2811 3198 3199 2813 3200 3201 2816
995 13 2 0 1 1798 1970 2022 1336 1379 1392 3198 3199 2607 2813 2703 2819 1520 1521 1487 3202 3203 2821
996 13 2 0 1 200 243 256 1799 1971 2023 385 386 2610 353 2709 2824 3204 3205 2826 3206 3207 2829
997 13 2 0 1 1799 1971 2023 1800 1972 2024 3204 3205 2615 2826 2718 2832 3208 3209 2834 3210 3211 2837
998 13 2 0 1 1800 1972 2024 1801 1973 2025 3208 3209 2620 2834 2727 2840 3212 3213 2842 3214 3215 2845
999 13 2 0 1 1801 1973 2025 1802 1974 2026 3212 3213 2625 2842 2736 2848 3216 3217 2850 3218 3219 2853
1000 13 2 0 1 1802 1974 2026 1337 1380 1393 3216 3217 2630 2850 2745 2856 1522 1523 1490 3220 3221 2858
1001 13 2 0 1 245 218 263 1979 1871 2051 337 388 2634 387 2633 2333 2637 3222 3223 2640 3224 3225
1002 13 2 0 1 1979 1871 2051 1980 1872 2052 2637 3222 2642 3223 2641 2342 2645 3226 3227 2648 3228 3229
1003 13 2 0 1 1980 1872 2052 1981 1873 2053 2645 3226 2650 3227 2649 2351 2653 3230 3231 2656 3232 3233
1004 13 2 0 1 1981 1873 2053 1982 1874 2054 2653 3230 2658 3231 2657 2360 2661 3234 3235 2664 3236 3237
1005 13 2 0 1 1982 1874 2054 1382 1355 1400 2661 3234 2666 3235 2665 2369 1474 1525 1524 2669 3238 3239
1006 13 2 0 1 203 222 266 1811 1887 2063 321 390 2439 389 2438 3240 2441 3241 3242 2444 3243 3244
1007 13 2 0 1 1811 1887 2063 1812 1888 2064 2441 3241 2448 3242 2447 3245 2450 3246 3247 2453 3248 3249
1008 13 2 0 1 1812 1888 2064 1813 1889 2065 2450 3246 2457 3247 2456 3250 2459 3251 3252 2462 3253 3254
1009 13 2 0 1 1813 1889 2065 1814 1890 2066 2459 3251 2466 3252 2465 3255 2468 3256 3257 2471 3258 3259
1010 13 2 0 1 1814 1890 2066 1340 1359 1403 2468 3256 2475 3257 2474 3260 1458 1527 1526 2477 3261 3262
1011 13 2 0 1 219 223 267 1875 1891 2067 313 392 2332 391 2331 3263 2334 3264 3265 2337 3266 3267
1012 13 2 0 1 1875 1891 2067 1876 1892 2068 2334 3264 2341 3265 2340 3268 2343 3269 3270 2346 3271 3272
1013 13 2 0 1 1876 1892 2068 1877 1893 2069 2343 3269 2350 3270 2349 3273 2352 3274 3275 2355 3276 3277
1014 13 2 0 1 1877 1893 2069 1878 1894 2070 2352 3274 2359 3275 2358 3278 2361 3279 3280 2364 3281 3282
1015 13 2 0 1 1878 1894 2070 1356 1360 1404 2361 3279 2368 3280 2367 3283 1450 1529 1528 2370 3284 3285
1016 13 2 0 1 221 224 268 1883 1895 2071 354 394 2396 393 2707 3286 2860 3287 3288 2862 3289 3290
1017 13 2 0 1 1883 1895 2071 1884 1896 2072 2860 3287 2405 3288 2716 3291 2864 3292 3293 2866 3294 3295
1018 13 2 0 1 1884 1896 2072 1885 1897 2073 2864 3292 2414 3293 2725 3296 2868 3297 3298 2870 3299 3300
1019 13 2 0 1 1885 1897 2073 1886 1898 2074 2868 3297 2423 3298 2734 3301 2872 3302 3303 2874 3304 3305
1020 13 2 0 1 1886 1898 2074 1358 1361 1405 2872 3302 2432 3303 2743 3306 1491 1531 1530 2876 3307 3308
1021 13 2 0 1 264 224 298 2055 1895 2191 395 396 2373 355 2707 2480 3309 3310 2861 3311 3312 2863
1022 13 2 0 1 2055 1895 2191 2056 1896 2192 3309 3310 2378 2861 2716 2485 3313 3314 2865 3315 3316 2867
1023 13 2 0 1 2056 1896 2192 2057 1897 2193 3313 3314 2383 2865 2725 2490 3317 3318 2869 3319 3320 2871
1024 13 2 0 1 2057 1897 2193 2058 1898 2194 3317 3318 2388 2869 2734 2495 3321 3322 2873 3323 3324 2875
1025 13 2 0 1 2058 1898 2194 1401 1361 1435 3321 3322 2393 2873 2743 2500 1532 1533 1492 3325 3326 2877
1026 13 2 0 1 197 263 264 1787 2051 2055 397 398 3327 317 2333 2373 3328 3329 2374 3330 3331 2376
1027 13 2 0 1 1787 2051 2055 1788 2052 2056 3328 3329 3332 2374 2342 2378 3333 3334 2379 3335 3336 2381
1028 13 2 0 1 1788 2052 2056 1789 2053 2057 3333 3334 3337 2379 2351 2383 3338 3339 2384 3340 3341 2386
1029 13 2 0 1 1789 2053 2057 1790 2054 2058 3338 3339 3342 2384 2360 2388 3343 3344 2389 3345 3346 2391
1030 13 2 0 1 1790 2054 2058 1334 1400 1401 3343 3344 3347 2389 2369 2393 1534 1535 1454 3348 3349 2394
1031 13 2 0 1 217 229 274 1867 1915 2095 399 400 3350 365 2947 2970 3351 3352 2971 3353 3354 2973
1032 13 2 0 1 1867 1915 2095 1868 1916 2096 3351 3352 3355 2971 2952 2975 3356 3357 2976 3358 3359 2978
1033 13 2 0 1 1868 1916 2096 1869 1917 2097 3356 3357 3360 2976 2957 2980 3361 3362 2981 3363 3364 2983
1034 13 2 0 1 1869 1917 2097 1870 1918 2098 3361 3362 3365 2981 2962 2985 3366 3367 2986 3368 3369 2988
1035 13 2 0 1 1870 1918 2098 1354 1366 1411 3366 3367 3370 2986 2967 2990 1536 1537 1502 3371 3372 2991
1036 13 2 0 1 213 226 275 1851 1903 2099 401 402 2786 367 2878 2993 3373 3374 2994 3375 3376 2996
1037 13 2 0 1 1851 1903 2099 1852 1904 2100 3373 3374 2794 2994 2883 2998 3377 3378 2999 3379 3380 3001
1038 13 2 0 1 1852 1904 2100 1853 1905 2101 3377 3378 2802 2999 2888 3003 3381 3382 3004 3383 3384 3006
1039 13 2 0 1 1853 1905 2101 1854 1906 2102 3381 3382 2810 3004 2893 3008 3385 3386 3009 3387 3388 3011
1040 13 2 0 1 1854 1906 2102 1350 1363 1412 3385 3386 2818 3009 2898 3013 1538 1539 1504 3389 3390 3014
1041 13 2 0 1 214 228 276 1855 1911 2103 403 404 2823 369 2901 3016 3391 3392 3017 3393 3394 3019
1042 13 2 0 1 1855 1911 2103 1856 1912 2104 3391 3392 2831 3017 2906 3021 3395 3396 3022 3397 3398 3024
1043 13 2 0 1 1856 1912 2104 1857 1913 2105 3395 3396 2839 3022 2911 3026 3399 3400 3027 3401 3402 3029
1044 13 2 0 1 1857 1913 2105 1858 1914 2106 3399 3400 2847 3027 2916 3031 3403 3404 3032 3405 3406 3034
1045 13 2 0 1 1858 1914 2106 1351 1365 1413 3403 3404 2855 3032 2921 3036 1540 1541 1506 3407 3408 3037
1046 13 2 0 1 227 215 277 1907 1859 2107 405 370 2924 406 3409 3039 3410 3041 3411 3412 3043 3413
1047 13 2 0 1 1907 1859 2107 1908 1860 2108 3410 3041 2929 3411 3414 3044 3415 3046 3416 3417 3048 3418
1048 13 2 0 1 1908 1860 2108 1909 1861 2109 3415 3046 2934 3416 3419 3049 3420 3051 3421 3422 3053 3423
1049 13 2 0 1 1909 1861 2109 1910 1862 2110 3420 3051 2939 3421 3424 3054 3425 3056 3426 3427 3058 3428
1050 13 2 0 1 1910 1862 2110 1364 1352 1414 3425 3056 2944 3426 3429 3059 1542 1507 1543 3430 3061 3431
1051 13 2 0 1 30 29 230 1000 996 1919 39 408 1057 407 1043 3432 1056 3433 3434 1058 3435 3436
1052 13 2 0 1 1000 996 1919 1001 997 1920 1056 3433 1060 3434 1046 3437 1059 3438 3439 1061 3440 3441
1053 13 2 0 1 1001 997 1920 1002 998 1921 1059 3438 1063 3439 1049 3442 1062 3443 3444 1064 3445 3446
1054 13 2 0 1 1002 998 1921 1003 999 1922 1062 3443 1066 3444 1052 3447 1065 3448 3449 1067 3450 3451
1055 13 2 0 1 1003 999 1922 129 130 1367 1065 3448 1068 3449 1054 3452 139 1545 1544 1069 3453 3454
1056 13 2 0 1 48 49 231 1167 1171 1923 58 410 1213 409 1227 3455 1228 3456 3457 1229 3458 3459
1057 13 2 0 1 1167 1171 1923 1168 1172 1924 1228 3456 1216 3457 1230 3460 1231 3461 3462 1232 3463 3464
1058 13 2 0 1 1168 1172 1924 1169 1173 1925 1231 3461 1219 3462 1233 3465 1234 3466 3467 1235 3468 3469
1059 13 2 0 1 1169 1173 1925 1170 1174 1926 1234 3466 1222 3467 1236 3470 1237 3471 3472 1238 3473 3474
1060 13 2 0 1 1170 1174 1926 143 144 1368 1237 3471 1225 3472 1239 3475 153 1547 1546 1240 3476 3477
1061 13 2 0 1 67 68 232 654 658 1927 77 412 700 411 714 3478 715 3479 3480 716 3481 3482
1062 13 2 0 1 654 658 1927 655 659 1928 715 3479 703 3480 717 3483 718 3484 3485 719 3486 3487
1063 13 2 0 1 655 659 1928 656 660 1929 718 3484 706 3485 720 3488 721 3489 3490 722 3491 3492
1064 13 2 0 1 656 660 1929 657 661 1930 721 3489 709 3490 723 3493 724 3494 3495 725 3496 3497
1065 13 2 0 1 657 661 1930 86 87 1369 724 3494 712 3495 726 3498 96 1549 1548 727 3499 3500
1066 13 2 0 1 10 11 233 825 829 1931 20 414 871 413 885 3501 886 3502 3503 887 3504 3505
1067 13 2 0 1 825 829 1931 826 830 1932 886 3502 874 3503 888 3506 889 3507 3508 890 3509 3510
1068 13 2 0 1 826 830 1932 827 831 1933 889 3507 877 3508 891 3511 892 3512 3513 893 3514 3515
1069 13 2 0 1 827 831 1933 828 832 1934 892 3512 880 3513 894 3516 895 3517 3518 896 3519 3520
1070 13 2 0 1 828 832 1934 105 106 1370 895 3517 883 3518 897 3521 115 1551 1550 898 3522 3523
1071 13 2 0 1 15 16 236 845 849 1943 25 416 941 415 955 3524 956 3525 3526 957 3527 3528
1072 13 2 0 1 845 849 1943 846 850 1944 956 3525 944 3526 958 3529 959 3530 3531 960 3532 3533
1073 13 2 0 1 846 850 1944 847 851 1945 959 3530 947 3531 961 3534 962 3535 3536 963 3537 3538
1074 13 2 0 1 847 851 1945 848 852 1946 962 3535 950 3536 964 3539 965 3540 3541 966 3542 3543
1075 13 2 0 1 848 852 1946 110 111 1373 965 3540 953 3541 967 3544 120 1553 1552 968 3545 3546
1076 13 2 0 1 53 54 234 1187 1191 1935 63 418 1283 417 1297 3547 1298 3548 3549 1299 3550 3551
1077 13 2 0 1 1187 1191 1935 1188 1192 1936 1298 3548 1286 3549 1300 3552 1301 3553 3554 1302 3555 3556
1078 13 2 0 1 1188 1192 1936 1189 1193 1937 1301 3553 1289 3554 1303 3557 1304 3558 3559 1305 3560 3561
1079 13 2 0 1 1189 1193 1937 1190 1194 1938 1304 3558 1292 3559 1306 3562 1307 3563 3564 1308 3565 3566
1080 13 2 0 1 1190 1194 1938 148 149 1371 1307 3563 1295 3564 1309 3567 158 1555 1554 1310 3568 3569
1081 13 2 0 1 72 73 235 674 678 1939 82 420 770 419 784 3570 785 3571 3572 786 3573 3574
1082 13 2 0 1 674 678 1939 675 679 1940 785 3571 773 3572 787 3575 788 3576 3577 789 3578 3579
1083 13 2 0 1 675 679 1940 676 680 1941 788 3576 776 3577 790 3580 791 3581 3582 792 3583 3584
1084 13 2 0 1 676 680 1941 677 681 1942 791 3581 779 3582 793 3585 794 3586 3587 795 3588 3589
1085 13 2 0 1 677 681 1942 91 92 1372 794 3586 782 3587 796 3590 101 1557 1556 797 3591 3592
1086 13 2 0 1 35 34 237 1020 1016 1947 44 422 1127 421 1113 3593 1126 3594 3595 1128 3596 3597
1087 13 2 0 1 1020 1016 1947 1021 1017 1948 1126 3594 1130 3595 1116 3598 1129 3599 3600 1131 3601 3602
1088 13 2 0 1 1021 1017 1948 1022 1018 1949 1129 3599 1133 3600 1119 3603 1132 3604 3605 1134 3606 3607
1089 13 2 0 1 1022 1018 1949 1023 1019 1950 1132 3604 1136 3605 1122 3608 1135 3609 3610 1137 3611 3612
1090 13 2 0 1 1023 1019 1950 124 125 1374 1135 3609 1138 3610 1124 3613 134 1559 1558 1139 3614 3615
1091 13 2 0 1 244 217 260 1975 1867 2039 423 425 2750 424 3350 3616 3617 3618 3619 3620 3621 3622
1092 13 2 0 1 1975 1867 2039 1976 1868 2040 3617 3618 2758 3619 3355 3623 3624 3625 3626 3627 3628 3629
1093 13 2 0 1 1976 1868 2040 1977 1869 2041 3624 3625 2766 3626 3360 3630 3631 3632 3633 3634 3635 3636
1094 13 2 0 1 1977 1869 2041 1978 1870 2042 3631 3632 2774 3633 3365 3637 3638 3639 3640 3641 3642 3643
1095 13 2 0 1 1978 1870 2042 1381 1354 1397 3638 3639 2782 3640 3370 3644 1560 1562 1561 3645 3646 3647
1096 13 2 0 1 197 245 263 1787 1979 2051 426 397 3327 388 2634 2333 3648 3328 3222 3649 3330 3224
1097 13 2 0 1 1787 1979 2051 1788 1980 2052 3648 3328 3332 3222 2642 2342 3650 3333 3226 3651 3335 3228
1098 13 2 0 1 1788 1980 2052 1789 1981 2053 3650 3333 3337 3226 2650 2351 3652 3338 3230 3653 3340 3232
1099 13 2 0 1 1789 1981 2053 1790 1982 2054 3652 3338 3342 3230 2658 2360 3654 3343 3234 3655 3345 3236
1100 13 2 0 1 1790 1982 2054 1334 1382 1400 3654 3343 3347 3234 2666 2369 1563 1534 1525 3656 3348 3238
1101 13 2 0 1 201 244 260 1803 1975 2039 427 428 3657 425 2750 3616 3658 3659 3618 3660 3661 3621
1102 13 2 0 1 1803 1975 2039 1804 1976 2040 3658 3659 3662 3618 2758 3623 3663 3664 3625 3665 3666 3628
1103 13 2 0 1 1804 1976 2040 1805 1977 2041 3663 3664 3667 3625 2766 3630 3668 3669 3632 3670 3671 3635
1104 13 2 0 1 1805 1977 2041 1806 1978 2042 3668 3669 3672 3632 2774 3637 3673 3674 3639 3675 3676 3642
1105 13 2 0 1 1806 1978 2042 1338 1381 1397 3673 3674 3677 3639 2782 3644 1564 1565 1562 3678 3679 3646
1106 13 2 0 1 51 226 250 1179 1903 1999 357 430 1255 429 2878 3680 2879 3681 3682 2881 3683 3684
1107 13 2 0 1 1179 1903 1999 1180 1904 2000 2879 3681 1258 3682 2883 3685 2884 3686 3687 2886 3688 3689
1108 13 2 0 1 1180 1904 2000 1181 1905 2001 2884 3686 1261 3687 2888 3690 2889 3691 3692 2891 3693 3694
1109 13 2 0 1 1181 1905 2001 1182 1906 2002 2889 3691 1264 3692 2893 3695 2894 3696 3697 2896 3698 3699
1110 13 2 0 1 1182 1906 2002 146 1363 1387 2894 3696 1267 3697 2898 3700 1494 1567 1566 2899 3701 3702
1111 13 2 0 1 227 32 251 1907 1008 2003 360 432 2924 431 1085 3703 2926 3704 3705 2928 3706 3707
1112 13 2 0 1 1907 1008 2003 1908 1009 2004 2926 3704 2929 3705 1088 3708 2931 3709 3710 2933 3711 3712
1113 13 2 0 1 1908 1009 2004 1909 1010 2005 2931 3709 2934 3710 1091 3713 2936 3714 3715 2938 3716 3717
1114 13 2 0 1 1909 1010 2005 1910 1011 2006 2936 3714 2939 3715 1094 3718 2941 3719 3720 2943 3721 3722
1115 13 2 0 1 1910 1011 2006 1364 127 1388 2941 3719 2944 3720 1096 3723 1497 1569 1568 2946 3724 3725
1116 13 2 0 1 70 228 252 666 1911 2007 359 434 742 433 2901 3726 2902 3727 3728 2904 3729 3730
1117 13 2 0 1 666 1911 2007 667 1912 2008 2902 3727 745 3728 2906 3731 2907 3732 3733 2909 3734 3735
1118 13 2 0 1 667 1912 2008 668 1913 2009 2907 3732 748 3733 2911 3736 2912 3737 3738 2914 3739 3740
1119 13 2 0 1 668 1913 2009 669 1914 2010 2912 3737 751 3738 2916 3741 2917 3742 3743 2919 3744 3745
1120 13 2 0 1 669 1914 2010 89 1365 1389 2917 3742 754 3743 2921 3746 1496 1571 1570 2922 3747 3748
1121 13 2 0 1 13 229 253 837 1915 2011 363 436 913 435 2947 3749 2948 3750 3751 2950 3752 3753
1122 13 2 0 1 837 1915 2011 838 1916 2012 2948 3750 916 3751 2952 3754 2953 3755 3756 2955 3757 3758
1123 13 2 0 1 838 1916 2012 839 1917 2013 2953 3755 919 3756 2957 3759 2958 3760 3761 2960 3762 3763
1124 13 2 0 1 839 1917 2013 840 1918 2014 2958 3760 922 3761 2962 3764 2963 3765 3766 2965 3767 3768
1125 13 2 0 1 840 1918 2014 108 1366 1390 2963 3765 925 3766 2967 3769 1500 1573 1572 2968 3770 3771
1126 13 2 0 1 231 210 254 1923 1839 2015 437 439 3455 438 3772 3773 3774 3775 3776 3777 3778 3779
1127 13 2 0 1 1923 1839 2015 1924 1840 2016 3774 3775 3460 3776 3780 3781 3782 3783 3784 3785 3786 3787
1128 13 2 0 1 1924 1840 2016 1925 1841 2017 3782 3783 3465 3784 3788 3789 3790 3791 3792 3793 3794 3795
1129 13 2 0 1 1925 1841 2017 1926 1842 2018 3790 3791 3470 3792 3796 3797 3798 3799 3800 3801 3802 3803
1130 13 2 0 1 1926 1842 2018 1368 1347 1391 3798 3799 3475 3800 3804 3805 1574 1576 1575 3806 3807 3808
1131 13 2 0 1 213 234 255 1851 1935 2019 440 349 2786 441 3547 2787 3809 2790 3810 3811 2793 3812
1132 13 2 0 1 1851 1935 2019 1852 1936 2020 3809 2790 2794 3810 3552 2795 3813 2798 3814 3815 2801 3816
1133 13 2 0 1 1852 1936 2020 1853 1937 2021 3813 2798 2802 3814 3557 2803 3817 2806 3818 3819 2809 3820
1134 13 2 0 1 1853 1937 2021 1854 1938 2022 3817 2806 2810 3818 3562 2811 3821 2814 3822 3823 2817 3824
1135 13 2 0 1 1854 1938 2022 1350 1371 1392 3821 2814 2818 3822 3567 2819 1577 1486 1578 3825 2822 3826
1136 13 2 0 1 214 235 256 1855 1939 2023 442 352 2823 443 3570 2824 3827 2827 3828 3829 2830 3830
1137 13 2 0 1 1855 1939 2023 1856 1940 2024 3827 2827 2831 3828 3575 2832 3831 2835 3832 3833 2838 3834
1138 13 2 0 1 1856 1940 2024 1857 1941 2025 3831 2835 2839 3832 3580 2840 3835 2843 3836 3837 2846 3838
1139 13 2 0 1 1857 1941 2025 1858 1942 2026 3835 2843 2847 3836 3585 2848 3839 2851 3840 3841 2854 3842
1140 13 2 0 1 1858 1942 2026 1351 1372 1393 3839 2851 2855 3840 3590 2856 1579 1489 1580 3843 2859 3844
1141 13 2 0 1 237 215 257 1947 1859 2027 444 446 3593 445 3409 3845 3846 3847 3848 3849 3850 3851
1142 13 2 0 1 1947 1859 2027 1948 1860 2028 3846 3847 3598 3848 3414 3852 3853 3854 3855 3856 3857 3858
1143 13 2 0 1 1948 1860 2028 1949 1861 2029 3853 3854 3603 3855 3419 3859 3860 3861 3862 3863 3864 3865
1144 13 2 0 1 1949 1861 2029 1950 1862 2030 3860 3861 3608 3862 3424 3866 3867 3868 3869 3870 3871 3872
1145 13 2 0 1 1950 1862 2030 1374 1352 1394 3867 3868 3613 3869 3429 3873 1581 1583 1582 3874 3875 3876
1146 13 2 0 1 226 202 290 1903 1807 2159 447 449 2878 448 2670 3877 3878 3879 3880 3881 3882 3883
1147 13 2 0 1 1903 1807 2159 1904 1808 2160 3878 3879 2883 3880 2678 3884 3885 3886 3887 3888 3889 3890
1148 13 2 0 1 1904 1808 2160 1905 1809 2161 3885 3886 2888 3887 2686 3891 3892 3893 3894 3895 3896 3897
1149 13 2 0 1 1905 1809 2161 1906 1810 2162 3892 3893 2893 3894 2694 3898 3899 3900 3901 3902 3903 3904
1150 13 2 0 1 1906 1810 2162 1363 1339 1427 3899 3900 2898 3901 2702 3905 1584 1586 1585 3906 3907 3908
1151 13 2 0 1 203 227 291 1811 1907 2163 450 372 2439 451 2924 3062 3909 3064 3910 3911 3066 3912
1152 13 2 0 1 1811 1907 2163 1812 1908 2164 3909 3064 2448 3910 2929 3067 3913 3069 3914 3915 3071 3916
1153 13 2 0 1 1812 1908 2164 1813 1909 2165 3913 3069 2457 3914 2934 3072 3917 3074 3918 3919 3076 3920
1154 13 2 0 1 1813 1909 2165 1814 1910 2166 3917 3074 2466 3918 2939 3077 3921 3079 3922 3923 3081 3924
1155 13 2 0 1 1814 1910 2166 1340 1364 1428 3921 3079 2475 3922 2944 3082 1587 1509 1588 3925 3084 3926
1156 13 2 0 1 228 204 292 1911 1815 2167 452 454 2901 453 2708 3927 3928 3929 3930 3931 3932 3933
1157 13 2 0 1 1911 1815 2167 1912 1816 2168 3928 3929 2906 3930 2717 3934 3935 3936 3937 3938 3939 3940
1158 13 2 0 1 1912 1816 2168 1913 1817 2169 3935 3936 2911 3937 2726 3941 3942 3943 3944 3945 3946 3947
1159 13 2 0 1 1913 1817 2169 1914 1818 2170 3942 3943 2916 3944 2735 3948 3949 3950 3951 3952 3953 3954
1160 13 2 0 1 1914 1818 2170 1365 1341 1429 3949 3950 2921 3951 2744 3955 1589 1591 1590 3956 3957 3958
1161 13 2 0 1 229 205 293 1915 1819 2171 455 457 2947 456 2749 3959 3960 3961 3962 3963 3964 3965
1162 13 2 0 1 1915 1819 2171 1916 1820 2172 3960 3961 2952 3962 2757 3966 3967 3968 3969 3970 3971 3972
1163 13 2 0 1 1916 1820 2172 1917 1821 2173 3967 3968 2957 3969 2765 3973 3974 3975 3976 3977 3978 3979
1164 13 2 0 1 1917 1821 2173 1918 1822 2174 3974 3975 2962 3976 2773 3980 3981 3982 3983 3984 3985 3986
1165 13 2 0 1 1918 1822 2174 1366 1342 1430 3981 3982 2967 3983 2781 3987 1592 1594 1593 3988 3989 3990
1166 13 2 0 1 220 241 266 1879 1963 2063 458 460 3991 459 3992 3240 3993 3994 3995 3996 3997 3998
1167 13 2 0 1 1879 1963 2063 1880 1964 2064 3993 3994 3999 3995 4000 3245 4001 4002 4003 4004 4005 4006
1168 13 2 0 1 1880 1964 2064 1881 1965 2065 4001 4002 4007 4003 4008 3250 4009 4010 4011 4012 4013 4014
1169 13 2 0 1 1881 1965 2065 1882 1966 2066 4009 4010 4015 4011 4016 3255 4017 4018 4019 4020 4021 4022
1170 13 2 0 1 1882 1966 2066 1357 1378 1403 4017 4018 4023 4019 4024 3260 1595 1597 1596 4025 4026 4027
1171 13 2 0 1 241 220 269 1963 1879 2075 458 462 3992 461 3991 4028 3993 4029 4030 3996 4031 4032
1172 13 2 0 1 1963 1879 2075 1964 1880 2076 3993 4029 4000 4030 3999 4033 4001 4034 4035 4004 4036 4037
1173 13 2 0 1 1964 1880 2076 1965 1881 2077 4001 4034 4008 4035 4007 4038 4009 4039 4040 4012 4041 4042
1174 13 2 0 1 1965 1881 2077 1966 1882 2078 4009 4039 4016 4040 4015 4043 4017 4044 4045 4020 4046 4047
1175 13 2 0 1 1966 1882 2078 1378 1357 1406 4017 4044 4024 4045 4023 4048 1595 1599 1598 4025 4049 4050
1176 13 2 0 1 239 219 267 1955 1875 2067 463 464 2504 392 2332 3263 4051 4052 3264 4053 4054 3266
1177 13 2 0 1 1955 1875 2067 1956 1876 2068 4051 4052 2513 3264 2341 3268 4055 4056 3269 4057 4058 3271
1178 13 2 0 1 1956 1876 2068 1957 1877 2069 4055 4056 2522 3269 2350 3273 4059 4060 3274 4061 4062 3276
1179 13 2 0 1 1957 1877 2069 1958 1878 2070 4059 4060 2531 3274 2359 3278 4063 4064 3279 4065 4066 3281
1180 13 2 0 1 1958 1878 2070 1376 1356 1404 4063 4064 2540 3279 2368 3283 1600 1601 1529 4067 4068 3284
1181 13 2 0 1 240 221 268 1959 1883 2071 465 466 2546 394 2396 3286 4069 4070 3287 4071 4072 3289
1182 13 2 0 1 1959 1883 2071 1960 1884 2072 4069 4070 2555 3287 2405 3291 4073 4074 3292 4075 4076 3294
1183 13 2 0 1 1960 1884 2072 1961 1885 2073 4073 4074 2564 3292 2414 3296 4077 4078 3297 4079 4080 3299
1184 13 2 0 1 1961 1885 2073 1962 1886 2074 4077 4078 2573 3297 2423 3301 4081 4082 3302 4083 4084 3304
1185 13 2 0 1 1962 1886 2074 1377 1358 1405 4081 4082 2582 3302 2432 3306 1602 1603 1531 4085 4086 3307
1186 13 2 0 1 230 206 258 1919 1823 2031 467 469 3432 468 4087 4088 4089 4090 4091 4092 4093 4094
1187 13 2 0 1 1919 1823 2031 1920 1824 2032 4089 4090 3437 4091 4095 4096 4097 4098 4099 4100 4101 4102
1188 13 2 0 1 1920 1824 2032 1921 1825 2033 4097 4098 3442 4099 4103 4104 4105 4106 4107 4108 4109 4110
1189 13 2 0 1 1921 1825 2033 1922 1826 2034 4105 4106 3447 4107 4111 4112 4113 4114 4115 4116 4117 4118
1190 13 2 0 1 1922 1826 2034 1367 1343 1395 4113 4114 3452 4115 4119 4120 1604 1606 1605 4121 4122 4123
1191 13 2 0 1 207 232 259 1827 1927 2035 470 472 4124 471 3478 2505 4125 4126 4127 4128 4129 4130
1192 13 2 0 1 1827 1927 2035 1828 1928 2036 4125 4126 4131 4127 3483 2514 4132 4133 4134 4135 4136 4137
1193 13 2 0 1 1828 1928 2036 1829 1929 2037 4132 4133 4138 4134 3488 2523 4139 4140 4141 4142 4143 4144
1194 13 2 0 1 1829 1929 2037 1830 1930 2038 4139 4140 4145 4141 3493 2532 4146 4147 4148 4149 4150 4151
1195 13 2 0 1 1830 1930 2038 1344 1369 1396 4146 4147 4152 4148 3498 2541 1607 1609 1608 4153 4154 4155
1196 13 2 0 1 208 233 261 1831 1931 2043 473 475 4156 474 3501 2547 4157 4158 4159 4160 4161 4162
1197 13 2 0 1 1831 1931 2043 1832 1932 2044 4157 4158 4163 4159 3506 2556 4164 4165 4166 4167 4168 4169
1198 13 2 0 1 1832 1932 2044 1833 1933 2045 4164 4165 4170 4166 3511 2565 4171 4172 4173 4174 4175 4176
1199 13 2 0 1 1833 1933 2045 1834 1934 2046 4171 4172 4177 4173 3516 2574 4178 4179 4180 4181 4182 4183
1200 13 2 0 1 1834 1934 2046 1345 1370 1398 4178 4179 4184 4180 3521 2583 1610 1612 1611 4185 4186 4187
1201 13 2 0 1 236 209 260 1943 1835 2039 476 478 3524 477 4188 3616 4189 4190 4191 4192 4193 4194
1202 13 2 0 1 1943 1835 2039 1944 1836 2040 4189 4190 3529 4191 4195 3623 4196 4197 4198 4199 4200 4201
1203 13 2 0 1 1944 1836 2040 1945 1837 2041 4196 4197 3534 4198 4202 3630 4203 4204 4205 4206 4207 4208
1204 13 2 0 1 1945 1837 2041 1946 1838 2042 4203 4204 3539 4205 4209 3637 4210 4211 4212 4213 4214 4215
1205 13 2 0 1 1946 1838 2042 1373 1346 1397 4210 4211 3544 4212 4216 3644 1613 1615 1614 4217 4218 4219
1206 13 2 0 1 241 203 266 1963 1811 2063 479 459 3992 390 2439 3240 4220 3995 3241 4221 3998 3243
1207 13 2 0 1 1963 1811 2063 1964 1812 2064 4220 3995 4000 3241 2448 3245 4222 4003 3246 4223 4006 3248
1208 13 2 0 1 1964 1812 2064 1965 1813 2065 4222 4003 4008 3246 2457 3250 4224 4011 3251 4225 4014 3253
1209 13 2 0 1 1965 1813 2065 1966 1814 2066 4224 4011 4016 3251 2466 3255 4226 4019 3256 4227 4022 3258
1210 13 2 0 1 1966 1814 2066 1378 1340 1403 4226 4019 4024 3256 2475 3260 1616 1596 1527 4228 4027 3261
1211 13 2 0 1 199 239 267 1795 1955 2067 332 480 2587 464 2504 3263 2588 4229 4052 2590 4230 4054
1212 13 2 0 1 1795 1955 2067 1796 1956 2068 2588 4229 2592 4052 2513 3268 2593 4231 4056 2595 4232 4058
1213 13 2 0 1 1796 1956 2068 1797 1957 2069 2593 4231 2597 4056 2522 3273 2598 4233 4060 2600 4234 4062
1214 13 2 0 1 1797 1957 2069 1798 1958 2070 2598 4233 2602 4060 2531 3278 2603 4235 4064 2605 4236 4066
1215 13 2 0 1 1798 1958 2070 1336 1376 1404 2603 4235 2607 4064 2540 3283 1469 1617 1601 2608 4237 4068
1216 13 2 0 1 201 241 269 1803 1963 2075 481 482 3657 462 3992 4028 4238 4239 4029 4240 4241 4031
1217 13 2 0 1 1803 1963 2075 1804 1964 2076 4238 4239 3662 4029 4000 4033 4242 4243 4034 4244 4245 4036
1218 13 2 0 1 1804 1964 2076 1805 1965 2077 4242 4243 3667 4034 4008 4038 4246 4247 4039 4248 4249 4041
1219 13 2 0 1 1805 1965 2077 1806 1966 2078 4246 4247 3672 4039 4016 4043 4250 4251 4044 4252 4253 4046
1220 13 2 0 1 1806 1966 2078 1338 1378 1406 4250 4251 3677 4044 4024 4048 1618 1619 1599 4254 4255 4049
1221 13 2 0 1 200 240 268 1799 1959 2071 334 483 2610 466 2546 3286 2611 4256 4070 2613 4257 4072
1222 13 2 0 1 1799 1959 2071 1800 1960 2072 2611 4256 2615 4070 2555 3291 2616 4258 4074 2618 4259 4076
1223 13 2 0 1 1800 1960 2072 1801 1961 2073 2616 4258 2620 4074 2564 3296 2621 4260 4078 2623 4261 4080
1224 13 2 0 1 1801 1961 2073 1802 1962 2074 2621 4260 2625 4078 2573 3301 2626 4262 4082 2628 4263 4084
1225 13 2 0 1 1802 1962 2074 1337 1377 1405 2626 4262 2630 4082 2582 3306 1471 1620 1603 2631 4264 4086
1226 13 2 0 1 220 265 269 1879 2059 2075 484 461 3991 485 2398 4028 4265 4030 4266 4267 4032 4268
1227 13 2 0 1 1879 2059 2075 1880 2060 2076 4265 4030 3999 4266 2407 4033 4269 4035 4270 4271 4037 4272
1228 13 2 0 1 1880 2060 2076 1881 2061 2077 4269 4035 4007 4270 2416 4038 4273 4040 4274 4275 4042 4276
1229 13 2 0 1 1881 2061 2077 1882 2062 2078 4273 4040 4015 4274 2425 4043 4277 4045 4278 4279 4047 4280
1230 13 2 0 1 1882 2062 2078 1357 1402 1406 4277 4045 4023 4278 2434 4048 1621 1598 1622 4281 4050 4282
1231 13 2 0 1 265 225 269 2059 1899 2075 319 485 2398 486 2397 4028 2401 4266 4283 2404 4268 4284
1232 13 2 0 1 2059 1899 2075 2060 1900 2076 2401 4266 2407 4283 2406 4033 2410 4270 4285 2413 4272 4286
1233 13 2 0 1 2060 1900 2076 2061 1901 2077 2410 4270 2416 4285 2415 4038 2419 4274 4287 2422 4276 4288
1234 13 2 0 1 2061 1901 2077 2062 1902 2078 2419 4274 2425 4287 2424 4043 2428 4278 4289 2431 4280 4290
1235 13 2 0 1 2062 1902 2078 1402 1362 1406 2428 4278 2434 4289 2433 4048 1456 1622 1623 2437 4282 4291
1236 13 2 0 1 50 51 250 1175 1179 1999 60 487 1241 430 1255 3680 1256 4292 3681 1257 4293 3683
1237 13 2 0 1 1175 1179 1999 1176 1180 2000 1256 4292 1244 3681 1258 3685 1259 4294 3686 1260 4295 3688
1238 13 2 0 1 1176 1180 2000 1177 1181 2001 1259 4294 1247 3686 1261 3690 1262 4296 3691 1263 4297 3693
1239 13 2 0 1 1177 1181 2001 1178 1182 2002 1262 4296 1250 3691 1264 3695 1265 4298 3696 1266 4299 3698
1240 13 2 0 1 1178 1182 2002 145 146 1387 1265 4298 1253 3696 1267 3700 155 1624 1567 1268 4300 3701
1241 13 2 0 1 32 31 251 1008 1004 2003 41 431 1085 488 1071 3703 1084 3705 4301 1086 3707 4302
1242 13 2 0 1 1008 1004 2003 1009 1005 2004 1084 3705 1088 4301 1074 3708 1087 3710 4303 1089 3712 4304
1243 13 2 0 1 1009 1005 2004 1010 1006 2005 1087 3710 1091 4303 1077 3713 1090 3715 4305 1092 3717 4306
1244 13 2 0 1 1010 1006 2005 1011 1007 2006 1090 3715 1094 4305 1080 3718 1093 3720 4307 1095 3722 4308
1245 13 2 0 1 1011 1007 2006 127 128 1388 1093 3720 1096 4307 1082 3723 137 1568 1625 1097 3725 4309
1246 13 2 0 1 69 70 252 662 666 2007 79 489 728 434 742 3726 743 4310 3727 744 4311 3729
1247 13 2 0 1 662 666 2007 663 667 2008 743 4310 731 3727 745 3731 746 4312 3732 747 4313 3734
1248 13 2 0 1 663 667 2008 664 668 2009 746 4312 734 3732 748 3736 749 4314 3737 750 4315 3739
1249 13 2 0 1 664 668 2009 665 669 2010 749 4314 737 3737 751 3741 752 4316 3742 753 4317 3744
1250 13 2 0 1 665 669 2010 88 89 1389 752 4316 740 3742 754 3746 98 1626 1571 755 4318 3747
1251 13 2 0 1 12 13 253 833 837 2011 22 490 899 436 913 3749 914 4319 3750 915 4320 3752
1252 13 2 0 1 833 837 2011 834 838 2012 914 4319 902 3750 916 3754 917 4321 3755 918 4322 3757
1253 13 2 0 1 834 838 2012 835 839 2013 917 4321 905 3755 919 3759 920 4323 3760 921 4324 3762
1254 13 2 0 1 835 839 2013 836 840 2014 920 4323 908 3760 922 3764 923 4325 3765 924 4326 3767
1255 13 2 0 1 836 840 2014 107 108 1390 923 4325 911 3765 925 3769 117 1627 1573 926 4327 3770
1256 13 2 0 1 242 202 294 1967 1807 2175 340 492 2671 491 2670 4328 2674 4329 4330 2677 4331 4332
1257 13 2 0 1 1967 1807 2175 1968 1808 2176 2674 4329 2679 4330 2678 4333 2682 4334 4335 2685 4336 4337
1258 13 2 0 1 1968 1808 2176 1969 1809 2177 2682 4334 2687 4335 2686 4338 2690 4339 4340 2693 4341 4342
1259 13 2 0 1 1969 1809 2177 1970 1810 2178 2690 4339 2695 4340 2694 4343 2698 4344 4345 2701 4346 4347
1260 13 2 0 1 1970 1810 2178 1379 1339 1431 2698 4344 2703 4345 2702 4348 1477 1629 1628 2706 4349 4350
1261 13 2 0 1 243 204 296 1971 1815 2183 343 494 2709 493 2708 4351 2712 4352 4353 2715 4354 4355
1262 13 2 0 1 1971 1815 2183 1972 1816 2184 2712 4352 2718 4353 2717 4356 2721 4357 4358 2724 4359 4360
1263 13 2 0 1 1972 1816 2184 1973 1817 2185 2721 4357 2727 4358 2726 4361 2730 4362 4363 2733 4364 4365
1264 13 2 0 1 1973 1817 2185 1974 1818 2186 2730 4362 2736 4363 2735 4366 2739 4367 4368 2742 4369 4370
1265 13 2 0 1 1974 1818 2186 1380 1341 1433 2739 4367 2745 4368 2744 4371 1480 1631 1630 2748 4372 4373
1266 13 2 0 1 244 205 297 1975 1819 2187 346 496 2750 495 2749 4374 2753 4375 4376 2756 4377 4378
1267 13 2 0 1 1975 1819 2187 1976 1820 2188 2753 4375 2758 4376 2757 4379 2761 4380 4381 2764 4382 4383
1268 13 2 0 1 1976 1820 2188 1977 1821 2189 2761 4380 2766 4381 2765 4384 2769 4385 4386 2772 4387 4388
1269 13 2 0 1 1977 1821 2189 1978 1822 2190 2769 4385 2774 4386 2773 4389 2777 4390 4391 2780 4392 4393
1270 13 2 0 1 1978 1822 2190 1381 1342 1434 2777 4390 2782 4391 2781 4394 1483 1633 1632 2785 4395 4396
1271 13 2 0 1 230 29 278 1919 996 2111 407 498 3432 497 1043 4397 3434 4398 4399 3436 4400 4401
1272 13 2 0 1 1919 996 2111 1920 997 2112 3434 4398 3437 4399 1046 4402 3439 4403 4404 3441 4405 4406
1273 13 2 0 1 1920 997 2112 1921 998 2113 3439 4403 3442 4404 1049 4407 3444 4408 4409 3446 4410 4411
1274 13 2 0 1 1921 998 2113 1922 999 2114 3444 4408 3447 4409 1052 4412 3449 4413 4414 3451 4415 4416
1275 13 2 0 1 1922 999 2114 1367 130 1415 3449 4413 3452 4414 1054 4417 1544 1635 1634 3454 4418 4419
1276 13 2 0 1 48 231 279 1167 1923 2115 410 500 1213 499 3455 4420 3456 4421 4422 3458 4423 4424
1277 13 2 0 1 1167 1923 2115 1168 1924 2116 3456 4421 1216 4422 3460 4425 3461 4426 4427 3463 4428 4429
1278 13 2 0 1 1168 1924 2116 1169 1925 2117 3461 4426 1219 4427 3465 4430 3466 4431 4432 3468 4433 4434
1279 13 2 0 1 1169 1925 2117 1170 1926 2118 3466 4431 1222 4432 3470 4435 3471 4436 4437 3473 4438 4439
1280 13 2 0 1 1170 1926 2118 143 1368 1416 3471 4436 1225 4437 3475 4440 1547 1637 1636 3476 4441 4442
1281 13 2 0 1 67 232 280 654 1927 2119 412 502 700 501 3478 4443 3479 4444 4445 3481 4446 4447
1282 13 2 0 1 654 1927 2119 655 1928 2120 3479 4444 703 4445 3483 4448 3484 4449 4450 3486 4451 4452
1283 13 2 0 1 655 1928 2120 656 1929 2121 3484 4449 706 4450 3488 4453 3489 4454 4455 3491 4456 4457
1284 13 2 0 1 656 1929 2121 657 1930 2122 3489 4454 709 4455 3493 4458 3494 4459 4460 3496 4461 4462
1285 13 2 0 1 657 1930 2122 86 1369 1417 3494 4459 712 4460 3498 4463 1549 1639 1638 3499 4464 4465
1286 13 2 0 1 10 233 281 825 1931 2123 414 504 871 503 3501 4466 3502 4467 4468 3504 4469 4470
1287 13 2 0 1 825 1931 2123 826 1932 2124 3502 4467 874 4468 3506 4471 3507 4472 4473 3509 4474 4475
1288 13 2 0 1 826 1932 2124 827 1933 2125 3507 4472 877 4473 3511 4476 3512 4477 4478 3514 4479 4480
1289 13 2 0 1 827 1933 2125 828 1934 2126 3512 4477 880 4478 3516 4481 3517 4482 4483 3519 4484 4485
1290 13 2 0 1 828 1934 2126 105 1370 1418 3517 4482 883 4483 3521 4486 1551 1641 1640 3522 4487 4488
1291 13 2 0 1 236 16 284 1943 849 2135 415 506 3524 505 955 4489 3526 4490 4491 3528 4492 4493
1292 13 2 0 1 1943 849 2135 1944 850 2136 3526 4490 3529 4491 958 4494 3531 4495 4496 3533 4497 4498
1293 13 2 0 1 1944 850 2136 1945 851 2137 3531 4495 3534 4496 961 4499 3536 4500 4501 3538 4502 4503
1294 13 2 0 1 1945 851 2137 1946 852 2138 3536 4500 3539 4501 964 4504 3541 4505 4506 3543 4507 4508
1295 13 2 0 1 1946 852 2138 1373 111 1421 3541 4505 3544 4506 967 4509 1552 1643 1642 3546 4510 4511
1296 13 2 0 1 234 54 282 1935 1191 2127 417 508 3547 507 1297 4512 3549 4513 4514 3551 4515 4516
1297 13 2 0 1 1935 1191 2127 1936 1192 2128 3549 4513 3552 4514 1300 4517 3554 4518 4519 3556 4520 4521
1298 13 2 0 1 1936 1192 2128 1937 1193 2129 3554 4518 3557 4519 1303 4522 3559 4523 4524 3561 4525 4526
1299 13 2 0 1 1937 1193 2129 1938 1194 2130 3559 4523 3562 4524 1306 4527 3564 4528 4529 3566 4530 4531
1300 13 2 0 1 1938 1194 2130 1371 149 1419 3564 4528 3567 4529 1309 4532 1554 1645 1644 3569 4533 4534
1301 13 2 0 1 235 73 283 1939 678 2131 419 510 3570 509 784 4535 3572 4536 4537 3574 4538 4539
1302 13 2 0 1 1939 678 2131 1940 679 2132 3572 4536 3575 4537 787 4540 3577 4541 4542 3579 4543 4544
1303 13 2 0 1 1940 679 2132 1941 680 2133 3577 4541 3580 4542 790 4545 3582 4546 4547 3584 4548 4549
1304 13 2 0 1 1941 680 2133 1942 681 2134 3582 4546 3585 4547 793 4550 3587 4551 4552 3589 4553 4554
1305 13 2 0 1 1942 681 2134 1372 92 1420 3587 4551 3590 4552 796 4555 1556 1647 1646 3592 4556 4557
1306 13 2 0 1 35 237 285 1020 1947 2139 422 512 1127 511 3593 4558 3594 4559 4560 3596 4561 4562
1307 13 2 0 1 1020 1947 2139 1021 1948 2140 3594 4559 1130 4560 3598 4563 3599 4564 4565 3601 4566 4567
1308 13 2 0 1 1021 1948 2140 1022 1949 2141 3599 4564 1133 4565 3603 4568 3604 4569 4570 3606 4571 4572
1309 13 2 0 1 1022 1949 2141 1023 1950 2142 3604 4569 1136 4570 3608 4573 3609 4574 4575 3611 4576 4577
1310 13 2 0 1 1023 1950 2142 124 1374 1422 3609 4574 1138 4575 3613 4578 1559 1649 1648 3614 4579 4580
1311 13 2 0 1 211 230 258 1843 1919 2031 513 514 4581 469 3432 4088 4582 4583 4090 4584 4585 4093
1312 13 2 0 1 1843 1919 2031 1844 1920 2032 4582 4583 4586 4090 3437 4096 4587 4588 4098 4589 4590 4101
1313 13 2 0 1 1844 1920 2032 1845 1921 2033 4587 4588 4591 4098 3442 4104 4592 4593 4106 4594 4595 4109
1314 13 2 0 1 1845 1921 2033 1846 1922 2034 4592 4593 4596 4106 3447 4112 4597 4598 4114 4599 4600 4117
1315 13 2 0 1 1846 1922 2034 1348 1367 1395 4597 4598 4601 4114 3452 4120 1650 1651 1606 4602 4603 4122
1316 13 2 0 1 232 212 259 1927 1847 2035 515 471 3478 328 2503 2505 4604 4127 2507 4605 4130 2510
1317 13 2 0 1 1927 1847 2035 1928 1848 2036 4604 4127 3483 2507 2512 2514 4606 4134 2516 4607 4137 2519
1318 13 2 0 1 1928 1848 2036 1929 1849 2037 4606 4134 3488 2516 2521 2523 4608 4141 2525 4609 4144 2528
1319 13 2 0 1 1929 1849 2037 1930 1850 2038 4608 4141 3493 2525 2530 2532 4610 4148 2534 4611 4151 2537
1320 13 2 0 1 1930 1850 2038 1369 1349 1396 4610 4148 3498 2534 2539 2541 1652 1608 1465 4612 4155 2543
1321 13 2 0 1 233 216 261 1931 1863 2043 516 474 3501 331 2545 2547 4613 4159 2549 4614 4162 2552
1322 13 2 0 1 1931 1863 2043 1932 1864 2044 4613 4159 3506 2549 2554 2556 4615 4166 2558 4616 4169 2561
1323 13 2 0 1 1932 1864 2044 1933 1865 2045 4615 4166 3511 2558 2563 2565 4617 4173 2567 4618 4176 2570
1324 13 2 0 1 1933 1865 2045 1934 1866 2046 4617 4173 3516 2567 2572 2574 4619 4180 2576 4620 4183 2579
1325 13 2 0 1 1934 1866 2046 1370 1353 1398 4619 4180 3521 2576 2581 2583 1653 1611 1468 4621 4187 2585
1326 13 2 0 1 217 236 260 1867 1943 2039 517 424 3350 478 3524 3616 4622 3619 4190 4623 3622 4193
1327 13 2 0 1 1867 1943 2039 1868 1944 2040 4622 3619 3355 4190 3529 3623 4624 3626 4197 4625 3629 4200
1328 13 2 0 1 1868 1944 2040 1869 1945 2041 4624 3626 3360 4197 3534 3630 4626 3633 4204 4627 3636 4207
1329 13 2 0 1 1869 1945 2041 1870 1946 2042 4626 3633 3365 4204 3539 3637 4628 3640 4211 4629 3643 4214
1330 13 2 0 1 1870 1946 2042 1354 1373 1397 4628 3640 3370 4211 3544 3644 1654 1561 1615 4630 3647 4218
1331 13 2 0 1 206 231 254 1823 1923 2015 518 519 4087 439 3455 3773 4631 4632 3775 4633 4634 3778
1332 13 2 0 1 1823 1923 2015 1824 1924 2016 4631 4632 4095 3775 3460 3781 4635 4636 3783 4637 4638 3786
1333 13 2 0 1 1824 1924 2016 1825 1925 2017 4635 4636 4103 3783 3465 3789 4639 4640 3791 4641 4642 3794
1334 13 2 0 1 1825 1925 2017 1826 1926 2018 4639 4640 4111 3791 3470 3797 4643 4644 3799 4645 4646 3802
1335 13 2 0 1 1826 1926 2018 1343 1368 1391 4643 4644 4119 3799 3475 3805 1655 1656 1576 4647 4648 3807
1336 13 2 0 1 234 207 255 1935 1827 2019 520 441 3547 521 4124 2787 4649 3810 4650 4651 3812 4652
1337 13 2 0 1 1935 1827 2019 1936 1828 2020 4649 3810 3552 4650 4131 2795 4653 3814 4654 4655 3816 4656
1338 13 2 0 1 1936 1828 2020 1937 1829 2021 4653 3814 3557 4654 4138 2803 4657 3818 4658 4659 3820 4660
1339 13 2 0 1 1937 1829 2021 1938 1830 2022 4657 3818 3562 4658 4145 2811 4661 3822 4662 4663 3824 4664
1340 13 2 0 1 1938 1830 2022 1371 1344 1392 4661 3822 3567 4662 4152 2819 1657 1578 1658 4665 3826 4666
1341 13 2 0 1 235 208 256 1939 1831 2023 522 443 3570 523 4156 2824 4667 3828 4668 4669 3830 4670
1342 13 2 0 1 1939 1831 2023 1940 1832 2024 4667 3828 3575 4668 4163 2832 4671 3832 4672 4673 3834 4674
1343 13 2 0 1 1940 1832 2024 1941 1833 2025 4671 3832 3580 4672 4170 2840 4675 3836 4676 4677 3838 4678
1344 13 2 0 1 1941 1833 2025 1942 1834 2026 4675 3836 3585 4676 4177 2848 4679 3840 4680 4681 3842 4682
1345 13 2 0 1 1942 1834 2026 1372 1345 1393 4679 3840 3590 4680 4184 2856 1659 1580 1660 4683 3844 4684
1346 13 2 0 1 209 237 257 1835 1947 2027 524 525 4188 446 3593 3845 4685 4686 3847 4687 4688 3850
1347 13 2 0 1 1835 1947 2027 1836 1948 2028 4685 4686 4195 3847 3598 3852 4689 4690 3854 4691 4692 3857
1348 13 2 0 1 1836 1948 2028 1837 1949 2029 4689 4690 4202 3854 3603 3859 4693 4694 3861 4695 4696 3864
1349 13 2 0 1 1837 1949 2029 1838 1950 2030 4693 4694 4209 3861 3608 3866 4697 4698 3868 4699 4700 3871
1350 13 2 0 1 1838 1950 2030 1346 1374 1394 4697 4698 4216 3868 3613 3873 1661 1662 1583 4701 4702 3875
1351 13 2 0 1 245 197 265 1979 1787 2059 426 527 2634 526 3327 2398 3648 4703 4704 3649 4705 4706
1352 13 2 0 1 1979 1787 2059 1980 1788 2060 3648 4703 2642 4704 3332 2407 3650 4707 4708 3651 4709 4710
1353 13 2 0 1 1980 1788 2060 1981 1789 2061 3650 4707 2650 4708 3337 2416 3652 4711 4712 3653 4713 4714
1354 13 2 0 1 1981 1789 2061 1982 1790 2062 3652 4711 2658 4712 3342 2425 3654 4715 4716 3655 4717 4718
1355 13 2 0 1 1982 1790 2062 1382 1334 1402 3654 4715 2666 4716 3347 2434 1563 1664 1663 3656 4719 4720
1356 13 2 0 1 220 245 265 1879 1979 2059 528 484 3991 527 2634 2398 4721 4265 4703 4722 4267 4705
1357 13 2 0 1 1879 1979 2059 1880 1980 2060 4721 4265 3999 4703 2642 2407 4723 4269 4707 4724 4271 4709
1358 13 2 0 1 1880 1980 2060 1881 1981 2061 4723 4269 4007 4707 2650 2416 4725 4273 4711 4726 4275 4713
1359 13 2 0 1 1881 1981 2061 1882 1982 2062 4725 4273 4015 4711 2658 2425 4727 4277 4715 4728 4279 4717
1360 13 2 0 1 1882 1982 2062 1357 1382 1402 4727 4277 4023 4715 2666 2434 1665 1621 1664 4729 4281 4719
1361 13 2 0 1 29 28 278 996 992 2111 38 497 1043 529 1029 4397 1042 4399 4730 1044 4401 4731
1362 13 2 0 1 996 992 2111 997 993 2112 1042 4399 1046 4730 1032 4402 1045 4404 4732 1047 4406 4733
1363 13 2 0 1 997 993 2112 998 994 2113 1045 4404 1049 4732 1035 4407 1048 4409 4734 1050 4411 4735
1364 13 2 0 1 998 994 2113 999 995 2114 1048 4409 1052 4734 1038 4412 1051 4414 4736 1053 4416 4737
1365 13 2 0 1 999 995 2114 130 131 1415 1051 4414 1054 4736 1040 4417 140 1634 1666 1055 4419 4738
1366 13 2 0 1 47 48 279 1163 1167 2115 57 530 1199 500 1213 4420 1214 4739 4421 1215 4740 4423
1367 13 2 0 1 1163 1167 2115 1164 1168 2116 1214 4739 1202 4421 1216 4425 1217 4741 4426 1218 4742 4428
1368 13 2 0 1 1164 1168 2116 1165 1169 2117 1217 4741 1205 4426 1219 4430 1220 4743 4431 1221 4744 4433
1369 13 2 0 1 1165 1169 2117 1166 1170 2118 1220 4743 1208 4431 1222 4435 1223 4745 4436 1224 4746 4438
1370 13 2 0 1 1166 1170 2118 142 143 1416 1223 4745 1211 4436 1225 4440 152 1667 1637 1226 4747 4441
1371 13 2 0 1 9 10 281 821 825 2123 19 531 857 504 871 4466 872 4748 4467 873 4749 4469
1372 13 2 0 1 821 825 2123 822 826 2124 872 4748 860 4467 874 4471 875 4750 4472 876 4751 4474
1373 13 2 0 1 822 826 2124 823 827 2125 875 4750 863 4472 877 4476 878 4752 4477 879 4753 4479
1374 13 2 0 1 823 827 2125 824 828 2126 878 4752 866 4477 880 4481 881 4754 4482 882 4755 4484
1375 13 2 0 1 824 828 2126 104 105 1418 881 4754 869 4482 883 4486 114 1668 1641 884 4756 4487
1376 13 2 0 1 66 67 280 650 654 2119 76 532 686 502 700 4443 701 4757 4444 702 4758 4446
1377 13 2 0 1 650 654 2119 651 655 2120 701 4757 689 4444 703 4448 704 4759 4449 705 4760 4451
1378 13 2 0 1 651 655 2120 652 656 2121 704 4759 692 4449 706 4453 707 4761 4454 708 4762 4456
1379 13 2 0 1 652 656 2121 653 657 2122 707 4761 695 4454 709 4458 710 4763 4459 711 4764 4461
1380 13 2 0 1 653 657 2122 85 86 1417 710 4763 698 4459 712 4463 95 1669 1639 713 4765 4464
1381 13 2 0 1 16 17 284 849 853 2135 26 505 955 533 969 4489 970 4491 4766 971 4493 4767
1382 13 2 0 1 849 853 2135 850 854 2136 970 4491 958 4766 972 4494 973 4496 4768 974 4498 4769
1383 13 2 0 1 850 854 2136 851 855 2137 973 4496 961 4768 975 4499 976 4501 4770 977 4503 4771
1384 13 2 0 1 851 855 2137 852 856 2138 976 4501 964 4770 978 4504 979 4506 4772 980 4508 4773
1385 13 2 0 1 852 856 2138 111 112 1421 979 4506 967 4772 981 4509 121 1642 1670 982 4511 4774
1386 13 2 0 1 54 55 282 1191 1195 2127 64 507 1297 534 1311 4512 1312 4514 4775 1313 4516 4776
1387 13 2 0 1 1191 1195 2127 1192 1196 2128 1312 4514 1300 4775 1314 4517 1315 4519 4777 1316 4521 4778
1388 13 2 0 1 1192 1196 2128 1193 1197 2129 1315 4519 1303 4777 1317 4522 1318 4524 4779 1319 4526 4780
1389 13 2 0 1 1193 1197 2129 1194 1198 2130 1318 4524 1306 4779 1320 4527 1321 4529 4781 1322 4531 4782
1390 13 2 0 1 1194 1198 2130 149 150 1419 1321 4529 1309 4781 1323 4532 159 1644 1671 1324 4534 4783
1391 13 2 0 1 73 74 283 678 682 2131 83 509 784 535 798 4535 799 4537 4784 800 4539 4785
1392 13 2 0 1 678 682 2131 679 683 2132 799 4537 787 4784 801 4540 802 4542 4786 803 4544 4787
1393 13 2 0 1 679 683 2132 680 684 2133 802 4542 790 4786 804 4545 805 4547 4788 806 4549 4789
1394 13 2 0 1 680 684 2133 681 685 2134 805 4547 793 4788 807 4550 808 4552 4790 809 4554 4791
1395 13 2 0 1 681 685 2134 92 93 1420 808 4552 796 4790 810 4555 102 1646 1672 811 4557 4792
1396 13 2 0 1 36 35 285 1024 1020 2139 45 536 1141 512 1127 4558 1140 4793 4559 1142 4794 4561
1397 13 2 0 1 1024 1020 2139 1025 1021 2140 1140 4793 1144 4559 1130 4563 1143 4795 4564 1145 4796 4566
1398 13 2 0 1 1025 1021 2140 1026 1022 2141 1143 4795 1147 4564 1133 4568 1146 4797 4569 1148 4798 4571
1399 13 2 0 1 1026 1022 2141 1027 1023 2142 1146 4797 1150 4569 1136 4573 1149 4799 4574 1151 4800 4576
1400 13 2 0 1 1027 1023 2142 123 124 1422 1149 4799 1152 4574 1138 4578 133 1673 1649 1153 4801 4579
1401 13 2 0 1 250 226 290 1999 1903 2159 429 537 3680 449 2878 3877 3682 4802 3879 3684 4803 3882
1402 13 2 0 1 1999 1903 2159 2000 1904 2160 3682 4802 3685 3879 2883 3884 3687 4804 3886 3689 4805 3889
1403 13 2 0 1 2000 1904 2160 2001 1905 2161 3687 4804 3690 3886 2888 3891 3692 4806 3893 3694 4807 3896
1404 13 2 0 1 2001 1905 2161 2002 1906 2162 3692 4806 3695 3893 2893 3898 3697 4808 3900 3699 4809 3903
1405 13 2 0 1 2002 1906 2162 1387 1363 1427 3697 4808 3700 3900 2898 3905 1566 1674 1586 3702 4810 3907
1406 13 2 0 1 227 251 291 1907 2003 2163 432 451 2924 538 3703 3062 3704 3910 4811 3706 3912 4812
1407 13 2 0 1 1907 2003 2163 1908 2004 2164 3704 3910 2929 4811 3708 3067 3709 3914 4813 3711 3916 4814
1408 13 2 0 1 1908 2004 2164 1909 2005 2165 3709 3914 2934 4813 3713 3072 3714 3918 4815 3716 3920 4816
1409 13 2 0 1 1909 2005 2165 1910 2006 2166 3714 3918 2939 4815 3718 3077 3719 3922 4817 3721 3924 4818
1410 13 2 0 1 1910 2006 2166 1364 1388 1428 3719 3922 2944 4817 3723 3082 1569 1588 1675 3724 3926 4819
1411 13 2 0 1 252 228 292 2007 1911 2167 433 539 3726 454 2901 3927 3728 4820 3929 3730 4821 3932
1412 13 2 0 1 2007 1911 2167 2008 1912 2168 3728 4820 3731 3929 2906 3934 3733 4822 3936 3735 4823 3939
1413 13 2 0 1 2008 1912 2168 2009 1913 2169 3733 4822 3736 3936 2911 3941 3738 4824 3943 3740 4825 3946
1414 13 2 0 1 2009 1913 2169 2010 1914 2170 3738 4824 3741 3943 2916 3948 3743 4826 3950 3745 4827 3953
1415 13 2 0 1 2010 1914 2170 1389 1365 1429 3743 4826 3746 3950 2921 3955 1570 1676 1591 3748 4828 3957
1416 13 2 0 1 253 229 293 2011 1915 2171 435 540 3749 457 2947 3959 3751 4829 3961 3753 4830 3964
1417 13 2 0 1 2011 1915 2171 2012 1916 2172 3751 4829 3754 3961 2952 3966 3756 4831 3968 3758 4832 3971
1418 13 2 0 1 2012 1916 2172 2013 1917 2173 3756 4831 3759 3968 2957 3973 3761 4833 3975 3763 4834 3978
1419 13 2 0 1 2013 1917 2173 2014 1918 2174 3761 4833 3764 3975 2962 3980 3766 4835 3982 3768 4836 3985
1420 13 2 0 1 2014 1918 2174 1390 1366 1430 3766 4835 3769 3982 2967 3987 1572 1677 1594 3771 4837 3989
1421 13 2 0 1 28 246 278 992 1983 2111 302 529 1029 541 2203 4397 2204 4730 4838 2206 4731 4839
1422 13 2 0 1 992 1983 2111 993 1984 2112 2204 4730 1032 4838 2208 4402 2209 4732 4840 2211 4733 4841
1423 13 2 0 1 993 1984 2112 994 1985 2113 2209 4732 1035 4840 2213 4407 2214 4734 4842 2216 4735 4843
1424 13 2 0 1 994 1985 2113 995 1986 2114 2214 4734 1038 4842 2218 4412 2219 4736 4844 2221 4737 4845
1425 13 2 0 1 995 1986 2114 131 1383 1415 2219 4736 1040 4844 2223 4417 1439 1666 1678 2224 4738 4846
1426 13 2 0 1 246 47 279 1983 1163 2115 303 542 2203 530 1199 4420 2226 4847 4739 2227 4848 4740
1427 13 2 0 1 1983 1163 2115 1984 1164 2116 2226 4847 2208 4739 1202 4425 2228 4849 4741 2229 4850 4742
1428 13 2 0 1 1984 1164 2116 1985 1165 2117 2228 4849 2213 4741 1205 4430 2230 4851 4743 2231 4852 4744
1429 13 2 0 1 1985 1165 2117 1986 1166 2118 2230 4851 2218 4743 1208 4435 2232 4853 4745 2233 4854 4746
1430 13 2 0 1 1986 1166 2118 1383 142 1416 2232 4853 2223 4745 1211 4440 1440 1679 1667 2234 4855 4747
1431 13 2 0 1 248 9 281 1991 821 2123 304 543 2235 531 857 4466 2237 4856 4748 2239 4857 4749
1432 13 2 0 1 1991 821 2123 1992 822 2124 2237 4856 2240 4748 860 4471 2242 4858 4750 2244 4859 4751
1433 13 2 0 1 1992 822 2124 1993 823 2125 2242 4858 2245 4750 863 4476 2247 4860 4752 2249 4861 4753
1434 13 2 0 1 1993 823 2125 1994 824 2126 2247 4860 2250 4752 866 4481 2252 4862 4754 2254 4863 4755
1435 13 2 0 1 1994 824 2126 1385 104 1418 2252 4862 2255 4754 869 4486 1441 1680 1668 2257 4864 4756
1436 13 2 0 1 247 66 280 1987 650 2119 306 544 2258 532 686 4443 2260 4865 4757 2262 4866 4758
1437 13 2 0 1 1987 650 2119 1988 651 2120 2260 4865 2263 4757 689 4448 2265 4867 4759 2267 4868 4760
1438 13 2 0 1 1988 651 2120 1989 652 2121 2265 4867 2268 4759 692 4453 2270 4869 4761 2272 4870 4762
1439 13 2 0 1 1989 652 2121 1990 653 2122 2270 4869 2273 4761 695 4458 2275 4871 4763 2277 4872 4764
1440 13 2 0 1 1990 653 2122 1384 85 1417 2275 4871 2278 4763 698 4463 1443 1681 1669 2280 4873 4765
1441 13 2 0 1 55 247 282 1195 1987 2127 309 534 1311 545 2258 4512 2290 4775 4874 2291 4776 4875
1442 13 2 0 1 1195 1987 2127 1196 1988 2128 2290 4775 1314 4874 2263 4517 2292 4777 4876 2293 4778 4877
1443 13 2 0 1 1196 1988 2128 1197 1989 2129 2292 4777 1317 4876 2268 4522 2294 4779 4878 2295 4780 4879
1444 13 2 0 1 1197 1989 2129 1198 1990 2130 2294 4779 1320 4878 2273 4527 2296 4781 4880 2297 4782 4881
1445 13 2 0 1 1198 1990 2130 150 1384 1419 2296 4781 1323 4880 2278 4532 1446 1671 1682 2298 4783 4882
1446 13 2 0 1 17 249 284 853 1995 2135 311 533 969 546 2299 4489 2300 4766 4883 2302 4767 4884
1447 13 2 0 1 853 1995 2135 854 1996 2136 2300 4766 972 4883 2304 4494 2305 4768 4885 2307 4769 4886
1448 13 2 0 1 854 1996 2136 855 1997 2137 2305 4768 975 4885 2309 4499 2310 4770 4887 2312 4771 4888
1449 13 2 0 1 855 1997 2137 856 1998 2138 2310 4770 978 4887 2314 4504 2315 4772 4889 2317 4773 4890
1450 13 2 0 1 856 1998 2138 112 1386 1421 2315 4772 981 4889 2319 4509 1448 1670 1683 2320 4774 4891
1451 13 2 0 1 74 248 283 682 1991 2131 308 535 798 547 2235 4535 2281 4784 4892 2282 4785 4893
1452 13 2 0 1 682 1991 2131 683 1992 2132 2281 4784 801 4892 2240 4540 2283 4786 4894 2284 4787 4895
1453 13 2 0 1 683 1992 2132 684 1993 2133 2283 4786 804 4894 2245 4545 2285 4788 4896 2286 4789 4897
1454 13 2 0 1 684 1993 2133 685 1994 2134 2285 4788 807 4896 2250 4550 2287 4790 4898 2288 4791 4899
1455 13 2 0 1 685 1994 2134 93 1385 1420 2287 4790 810 4898 2255 4555 1445 1672 1684 2289 4792 4900
1456 13 2 0 1 249 36 285 1995 1024 2139 312 548 2299 536 1141 4558 2322 4901 4793 2323 4902 4794
1457 13 2 0 1 1995 1024 2139 1996 1025 2140 2322 4901 2304 4793 1144 4563 2324 4903 4795 2325 4904 4796
1458 13 2 0 1 1996 1025 2140 1997 1026 2141 2324 4903 2309 4795 1147 4568 2326 4905 4797 2327 4906 4798
1459 13 2 0 1 1997 1026 2141 1998 1027 2142 2326 4905 2314 4797 1150 4573 2328 4907 4799 2329 4908 4800
1460 13 2 0 1 1998 1027 2142 1386 123 1422 2328 4907 2319 4799 1152 4578 1449 1685 1673 2330 4909 4801
1461 13 2 0 1 206 254 258 1823 2015 2031 519 468 4087 549 3773 4088 4632 4091 4910 4634 4094 4911
1462 13 2 0 1 1823 2015 2031 1824 2016 2032 4632 4091 4095 4910 3781 4096 4636 4099 4912 4638 4102 4913
1463 13 2 0 1 1824 2016 2032 1825 2017 2033 4636 4099 4103 4912 3789 4104 4640 4107 4914 4642 4110 4915
1464 13 2 0 1 1825 2017 2033 1826 2018 2034 4640 4107 4111 4914 3797 4112 4644 4115 4916 4646 4118 4917
1465 13 2 0 1 1826 2018 2034 1343 1391 1395 4644 4115 4119 4916 3805 4120 1656 1605 1686 4648 4123 4918
1466 13 2 0 1 255 207 259 2019 1827 2035 521 550 2787 472 4124 2505 4650 4919 4126 4652 4920 4129
1467 13 2 0 1 2019 1827 2035 2020 1828 2036 4650 4919 2795 4126 4131 2514 4654 4921 4133 4656 4922 4136
1468 13 2 0 1 2020 1828 2036 2021 1829 2037 4654 4921 2803 4133 4138 2523 4658 4923 4140 4660 4924 4143
1469 13 2 0 1 2021 1829 2037 2022 1830 2038 4658 4923 2811 4140 4145 2532 4662 4925 4147 4664 4926 4150
1470 13 2 0 1 2022 1830 2038 1392 1344 1396 4662 4925 2819 4147 4152 2541 1658 1687 1609 4666 4927 4154
1471 13 2 0 1 256 208 261 2023 1831 2043 523 551 2824 475 4156 2547 4668 4928 4158 4670 4929 4161
1472 13 2 0 1 2023 1831 2043 2024 1832 2044 4668 4928 2832 4158 4163 2556 4672 4930 4165 4674 4931 4168
1473 13 2 0 1 2024 1832 2044 2025 1833 2045 4672 4930 2840 4165 4170 2565 4676 4932 4172 4678 4933 4175
1474 13 2 0 1 2025 1833 2045 2026 1834 2046 4676 4932 2848 4172 4177 2574 4680 4934 4179 4682 4935 4182
1475 13 2 0 1 2026 1834 2046 1393 1345 1398 4680 4934 2856 4179 4184 2583 1660 1688 1612 4684 4936 4186
1476 13 2 0 1 209 257 260 1835 2027 2039 525 477 4188 552 3845 3616 4686 4191 4937 4688 4194 4938
1477 13 2 0 1 1835 2027 2039 1836 2028 2040 4686 4191 4195 4937 3852 3623 4690 4198 4939 4692 4201 4940
1478 13 2 0 1 1836 2028 2040 1837 2029 2041 4690 4198 4202 4939 3859 3630 4694 4205 4941 4696 4208 4942
1479 13 2 0 1 1837 2029 2041 1838 2030 2042 4694 4205 4209 4941 3866 3637 4698 4212 4943 4700 4215 4944
1480 13 2 0 1 1838 2030 2042 1346 1394 1397 4698 4212 4216 4943 3873 3644 1662 1614 1689 4702 4219 4945
1481 13 2 0 1 238 218 286 1951 1871 2143 553 554 4946 375 2633 3085 4947 4948 3086 4949 4950 3088
1482 13 2 0 1 1951 1871 2143 1952 1872 2144 4947 4948 4951 3086 2641 3090 4952 4953 3091 4954 4955 3093
1483 13 2 0 1 1952 1872 2144 1953 1873 2145 4952 4953 4956 3091 2649 3095 4957 4958 3096 4959 4960 3098
1484 13 2 0 1 1953 1873 2145 1954 1874 2146 4957 4958 4961 3096 2657 3100 4962 4963 3101 4964 4965 3103
1485 13 2 0 1 1954 1874 2146 1375 1355 1423 4962 4963 4966 3101 2665 3105 1690 1691 1512 4967 4968 3106
1486 13 2 0 1 218 238 287 1871 1951 2147 553 556 2633 555 4946 3108 4947 4969 4970 4949 4971 4972
1487 13 2 0 1 1871 1951 2147 1872 1952 2148 4947 4969 2641 4970 4951 3113 4952 4973 4974 4954 4975 4976
1488 13 2 0 1 1872 1952 2148 1873 1953 2149 4952 4973 2649 4974 4956 3118 4957 4977 4978 4959 4979 4980
1489 13 2 0 1 1873 1953 2149 1874 1954 2150 4957 4977 2657 4978 4961 3123 4962 4981 4982 4964 4983 4984
1490 13 2 0 1 1874 1954 2150 1355 1375 1424 4962 4981 2665 4982 4966 3128 1690 1693 1692 4967 4985 4986
1491 13 2 0 1 219 239 288 1875 1955 2151 463 558 2332 557 2504 3131 4051 4987 4988 4053 4989 4990
1492 13 2 0 1 1875 1955 2151 1876 1956 2152 4051 4987 2341 4988 2513 3136 4055 4991 4992 4057 4993 4994
1493 13 2 0 1 1876 1956 2152 1877 1957 2153 4055 4991 2350 4992 2522 3141 4059 4995 4996 4061 4997 4998
1494 13 2 0 1 1877 1957 2153 1878 1958 2154 4059 4995 2359 4996 2531 3146 4063 4999 5000 4065 5001 5002
1495 13 2 0 1 1878 1958 2154 1356 1376 1425 4063 4999 2368 5000 2540 3151 1600 1695 1694 4067 5003 5004
1496 13 2 0 1 221 240 289 1883 1959 2155 465 380 2396 559 2546 3154 4069 3156 5005 4071 3158 5006
1497 13 2 0 1 1883 1959 2155 1884 1960 2156 4069 3156 2405 5005 2555 3159 4073 3161 5007 4075 3163 5008
1498 13 2 0 1 1884 1960 2156 1885 1961 2157 4073 3161 2414 5007 2564 3164 4077 3166 5009 4079 3168 5010
1499 13 2 0 1 1885 1961 2157 1886 1962 2158 4077 3166 2423 5009 2573 3169 4081 3171 5011 4083 3173 5012
1500 13 2 0 1 1886 1962 2158 1358 1377 1426 4081 3171 2432 5011 2582 3174 1602 1517 1696 4085 3176 5013
1501 13 2 0 1 202 226 294 1807 1903 2175 447 491 2670 560 2878 4328 3878 4330 5014 3881 4332 5015
1502 13 2 0 1 1807 1903 2175 1808 1904 2176 3878 4330 2678 5014 2883 4333 3885 4335 5016 3888 4337 5017
1503 13 2 0 1 1808 1904 2176 1809 1905 2177 3885 4335 2686 5016 2888 4338 3892 4340 5018 3895 4342 5019
1504 13 2 0 1 1809 1905 2177 1810 1906 2178 3892 4340 2694 5018 2893 4343 3899 4345 5020 3902 4347 5021
1505 13 2 0 1 1810 1906 2178 1339 1363 1431 3899 4345 2702 5020 2898 4348 1584 1628 1697 3906 4350 5022
1506 13 2 0 1 227 203 295 1907 1811 2179 450 562 2924 561 2439 5023 3909 5024 5025 3911 5026 5027
1507 13 2 0 1 1907 1811 2179 1908 1812 2180 3909 5024 2929 5025 2448 5028 3913 5029 5030 3915 5031 5032
1508 13 2 0 1 1908 1812 2180 1909 1813 2181 3913 5029 2934 5030 2457 5033 3917 5034 5035 3919 5036 5037
1509 13 2 0 1 1909 1813 2181 1910 1814 2182 3917 5034 2939 5035 2466 5038 3921 5039 5040 3923 5041 5042
1510 13 2 0 1 1910 1814 2182 1364 1340 1432 3921 5039 2944 5040 2475 5043 1587 1699 1698 3925 5044 5045
1511 13 2 0 1 204 228 296 1815 1911 2183 452 493 2708 563 2901 4351 3928 4353 5046 3931 4355 5047
1512 13 2 0 1 1815 1911 2183 1816 1912 2184 3928 4353 2717 5046 2906 4356 3935 4358 5048 3938 4360 5049
1513 13 2 0 1 1816 1912 2184 1817 1913 2185 3935 4358 2726 5048 2911 4361 3942 4363 5050 3945 4365 5051
1514 13 2 0 1 1817 1913 2185 1818 1914 2186 3942 4363 2735 5050 2916 4366 3949 4368 5052 3952 4370 5053
1515 13 2 0 1 1818 1914 2186 1341 1365 1433 3949 4368 2744 5052 2921 4371 1589 1630 1700 3956 4373 5054
1516 13 2 0 1 226 213 294 1903 1851 2175 401 560 2878 564 2786 4328 3373 5014 5055 3375 5015 5056
1517 13 2 0 1 1903 1851 2175 1904 1852 2176 3373 5014 2883 5055 2794 4333 3377 5016 5057 3379 5017 5058
1518 13 2 0 1 1904 1852 2176 1905 1853 2177 3377 5016 2888 5057 2802 4338 3381 5018 5059 3383 5019 5060
1519 13 2 0 1 1905 1853 2177 1906 1854 2178 3381 5018 2893 5059 2810 4343 3385 5020 5061 3387 5021 5062
1520 13 2 0 1 1906 1854 2178 1363 1350 1431 3385 5020 2898 5061 2818 4348 1538 1697 1701 3389 5022 5063
1521 13 2 0 1 228 214 296 1911 1855 2183 403 563 2901 565 2823 4351 3391 5046 5064 3393 5047 5065
1522 13 2 0 1 1911 1855 2183 1912 1856 2184 3391 5046 2906 5064 2831 4356 3395 5048 5066 3397 5049 5067
1523 13 2 0 1 1912 1856 2184 1913 1857 2185 3395 5048 2911 5066 2839 4361 3399 5050 5068 3401 5051 5069
1524 13 2 0 1 1913 1857 2185 1914 1858 2186 3399 5050 2916 5068 2847 4366 3403 5052 5070 3405 5053 5071
1525 13 2 0 1 1914 1858 2186 1365 1351 1433 3403 5052 2921 5070 2855 4371 1540 1700 1702 3407 5054 5072
1526 13 2 0 1 215 227 295 1859 1907 2179 405 566 3409 562 2924 5023 3410 5073 5024 3412 5074 5026
1527 13 2 0 1 1859 1907 2179 1860 1908 2180 3410 5073 3414 5024 2929 5028 3415 5075 5029 3417 5076 5031
1528 13 2 0 1 1860 1908 2180 1861 1909 2181 3415 5075 3419 5029 2934 5033 3420 5077 5034 3422 5078 5036
1529 13 2 0 1 1861 1909 2181 1862 1910 2182 3420 5077 3424 5034 2939 5038 3425 5079 5039 3427 5080 5041
1530 13 2 0 1 1862 1910 2182 1352 1364 1432 3425 5079 3429 5039 2944 5043 1542 1703 1699 3430 5081 5044
1531 13 2 0 1 205 229 297 1819 1915 2187 455 495 2749 567 2947 4374 3960 4376 5082 3963 4378 5083
1532 13 2 0 1 1819 1915 2187 1820 1916 2188 3960 4376 2757 5082 2952 4379 3967 4381 5084 3970 4383 5085
1533 13 2 0 1 1820 1916 2188 1821 1917 2189 3967 4381 2765 5084 2957 4384 3974 4386 5086 3977 4388 5087
1534 13 2 0 1 1821 1917 2189 1822 1918 2190 3974 4386 2773 5086 2962 4389 3981 4391 5088 3984 4393 5089
1535 13 2 0 1 1822 1918 2190 1342 1366 1434 3981 4391 2781 5088 2967 4394 1592 1632 1704 3988 4396 5090
1536 13 2 0 1 229 217 297 1915 1867 2187 399 567 2947 568 3350 4374 3351 5082 5091 3353 5083 5092
1537 13 2 0 1 1915 1867 2187 1916 1868 2188 3351 5082 2952 5091 3355 4379 3356 5084 5093 3358 5085 5094
1538 13 2 0 1 1916 1868 2188 1917 1869 2189 3356 5084 2957 5093 3360 4384 3361 5086 5095 3363 5087 5096
1539 13 2 0 1 1917 1869 2189 1918 1870 2190 3361 5086 2962 5095 3365 4389 3366 5088 5097 3368 5089 5098
1540 13 2 0 1 1918 1870 2190 1366 1354 1434 3366 5088 2967 5097 3370 4394 1536 1704 1705 3371 5090 5099
1541 13 2 0 1 231 49 271 1923 1171 2083 409 570 3455 569 1227 5100 3457 5101 5102 3459 5103 5104
1542 13 2 0 1 1923 1171 2083 1924 1172 2084 3457 5101 3460 5102 1230 5105 3462 5106 5107 3464 5108 5109
1543 13 2 0 1 1924 1172 2084 1925 1173 2085 3462 5106 3465 5107 1233 5110 3467 5111 5112 3469 5113 5114
1544 13 2 0 1 1925 1173 2085 1926 1174 2086 3467 5111 3470 5112 1236 5115 3472 5116 5117 3474 5118 5119
1545 13 2 0 1 1926 1174 2086 1368 144 1408 3472 5116 3475 5117 1239 5120 1546 1707 1706 3477 5121 5122
1546 13 2 0 1 30 230 270 1000 1919 2079 408 572 1057 571 3432 5123 3433 5124 5125 3435 5126 5127
1547 13 2 0 1 1000 1919 2079 1001 1920 2080 3433 5124 1060 5125 3437 5128 3438 5129 5130 3440 5131 5132
1548 13 2 0 1 1001 1920 2080 1002 1921 2081 3438 5129 1063 5130 3442 5133 3443 5134 5135 3445 5136 5137
1549 13 2 0 1 1002 1921 2081 1003 1922 2082 3443 5134 1066 5135 3447 5138 3448 5139 5140 3450 5141 5142
1550 13 2 0 1 1003 1922 2082 129 1367 1407 3448 5139 1068 5140 3452 5143 1545 1709 1708 3453 5144 5145
1551 13 2 0 1 210 231 271 1839 1923 2083 437 573 3772 570 3455 5100 3774 5146 5101 3777 5147 5103
1552 13 2 0 1 1839 1923 2083 1840 1924 2084 3774 5146 3780 5101 3460 5105 3782 5148 5106 3785 5149 5108
1553 13 2 0 1 1840 1924 2084 1841 1925 2085 3782 5148 3788 5106 3465 5110 3790 5150 5111 3793 5151 5113
1554 13 2 0 1 1841 1925 2085 1842 1926 2086 3790 5150 3796 5111 3470 5115 3798 5152 5116 3801 5153 5118
1555 13 2 0 1 1842 1926 2086 1347 1368 1408 3798 5152 3804 5116 3475 5120 1574 1710 1707 3806 5154 5121
1556 13 2 0 1 230 211 270 1919 1843 2079 513 571 3432 574 4581 5123 4582 5125 5155 4584 5127 5156
1557 13 2 0 1 1919 1843 2079 1920 1844 2080 4582 5125 3437 5155 4586 5128 4587 5130 5157 4589 5132 5158
1558 13 2 0 1 1920 1844 2080 1921 1845 2081 4587 5130 3442 5157 4591 5133 4592 5135 5159 4594 5137 5160
1559 13 2 0 1 1921 1845 2081 1922 1846 2082 4592 5135 3447 5159 4596 5138 4597 5140 5161 4599 5142 5162
1560 13 2 0 1 1922 1846 2082 1367 1348 1407 4597 5140 3452 5161 4601 5143 1650 1708 1711 4602 5145 5163
1561 13 2 0 1 232 68 272 1927 658 2087 411 576 3478 575 714 5164 3480 5165 5166 3482 5167 5168
1562 13 2 0 1 1927 658 2087 1928 659 2088 3480 5165 3483 5166 717 5169 3485 5170 5171 3487 5172 5173
1563 13 2 0 1 1928 659 2088 1929 660 2089 3485 5170 3488 5171 720 5174 3490 5175 5176 3492 5177 5178
1564 13 2 0 1 1929 660 2089 1930 661 2090 3490 5175 3493 5176 723 5179 3495 5180 5181 3497 5182 5183
1565 13 2 0 1 1930 661 2090 1369 87 1409 3495 5180 3498 5181 726 5184 1548 1713 1712 3500 5185 5186
1566 13 2 0 1 234 213 275 1935 1851 2099 440 577 3547 402 2786 2993 3809 5187 3374 3811 5188 3376
1567 13 2 0 1 1935 1851 2099 1936 1852 2100 3809 5187 3552 3374 2794 2998 3813 5189 3378 3815 5190 3380
1568 13 2 0 1 1936 1852 2100 1937 1853 2101 3813 5189 3557 3378 2802 3003 3817 5191 3382 3819 5192 3384
1569 13 2 0 1 1937 1853 2101 1938 1854 2102 3817 5191 3562 3382 2810 3008 3821 5193 3386 3823 5194 3388
1570 13 2 0 1 1938 1854 2102 1371 1350 1412 3821 5193 3567 3386 2818 3013 1577 1714 1539 3825 5195 3390
1571 13 2 0 1 212 232 272 1847 1927 2087 515 578 2503 576 3478 5164 4604 5196 5165 4605 5197 5167
1572 13 2 0 1 1847 1927 2087 1848 1928 2088 4604 5196 2512 5165 3483 5169 4606 5198 5170 4607 5199 5172
1573 13 2 0 1 1848 1928 2088 1849 1929 2089 4606 5198 2521 5170 3488 5174 4608 5200 5175 4609 5201 5177
1574 13 2 0 1 1849 1929 2089 1850 1930 2090 4608 5200 2530 5175 3493 5179 4610 5202 5180 4611 5203 5182
1575 13 2 0 1 1850 1930 2090 1349 1369 1409 4610 5202 2539 5180 3498 5184 1652 1715 1713 4612 5204 5185
1576 13 2 0 1 235 214 276 1939 1855 2103 442 579 3570 404 2823 3016 3827 5205 3392 3829 5206 3394
1577 13 2 0 1 1939 1855 2103 1940 1856 2104 3827 5205 3575 3392 2831 3021 3831 5207 3396 3833 5208 3398
1578 13 2 0 1 1940 1856 2104 1941 1857 2105 3831 5207 3580 3396 2839 3026 3835 5209 3400 3837 5210 3402
1579 13 2 0 1 1941 1857 2105 1942 1858 2106 3835 5209 3585 3400 2847 3031 3839 5211 3404 3841 5212 3406
1580 13 2 0 1 1942 1858 2106 1372 1351 1413 3839 5211 3590 3404 2855 3036 1579 1716 1541 3843 5213 3408
1581 13 2 0 1 215 237 277 1859 1947 2107 444 406 3409 580 3593 3039 3846 3411 5214 3849 3413 5215
1582 13 2 0 1 1859 1947 2107 1860 1948 2108 3846 3411 3414 5214 3598 3044 3853 3416 5216 3856 3418 5217
1583 13 2 0 1 1860 1948 2108 1861 1949 2109 3853 3416 3419 5216 3603 3049 3860 3421 5218 3863 3423 5219
1584 13 2 0 1 1861 1949 2109 1862 1950 2110 3860 3421 3424 5218 3608 3054 3867 3426 5220 3870 3428 5221
1585 13 2 0 1 1862 1950 2110 1352 1374 1414 3867 3426 3429 5220 3613 3059 1581 1543 1717 3874 3431 5222
1586 13 2 0 1 53 234 275 1187 1935 2099 418 581 1283 577 3547 2993 3548 5223 5187 3550 5224 5188
1587 13 2 0 1 1187 1935 2099 1188 1936 2100 3548 5223 1286 5187 3552 2998 3553 5225 5189 3555 5226 5190
1588 13 2 0 1 1188 1936 2100 1189 1937 2101 3553 5225 1289 5189 3557 3003 3558 5227 5191 3560 5228 5192
1589 13 2 0 1 1189 1937 2101 1190 1938 2102 3558 5227 1292 5191 3562 3008 3563 5229 5193 3565 5230 5194
1590 13 2 0 1 1190 1938 2102 148 1371 1412 3563 5229 1295 5193 3567 3013 1555 1718 1714 3568 5231 5195
1591 13 2 0 1 236 217 274 1943 1867 2095 517 582 3524 400 3350 2970 4622 5232 3352 4623 5233 3354
1592 13 2 0 1 1943 1867 2095 1944 1868 2096 4622 5232 3529 3352 3355 2975 4624 5234 3357 4625 5235 3359
1593 13 2 0 1 1944 1868 2096 1945 1869 2097 4624 5234 3534 3357 3360 2980 4626 5236 3362 4627 5237 3364
1594 13 2 0 1 1945 1869 2097 1946 1870 2098 4626 5236 3539 3362 3365 2985 4628 5238 3367 4629 5239 3369
1595 13 2 0 1 1946 1870 2098 1373 1354 1411 4628 5238 3544 3367 3370 2990 1654 1719 1537 4630 5240 3372
1596 13 2 0 1 72 235 276 674 1939 2103 420 583 770 579 3570 3016 3571 5241 5205 3573 5242 5206
1597 13 2 0 1 674 1939 2103 675 1940 2104 3571 5241 773 5205 3575 3021 3576 5243 5207 3578 5244 5208
1598 13 2 0 1 675 1940 2104 676 1941 2105 3576 5243 776 5207 3580 3026 3581 5245 5209 3583 5246 5210
1599 13 2 0 1 676 1941 2105 677 1942 2106 3581 5245 779 5209 3585 3031 3586 5247 5211 3588 5248 5212
1600 13 2 0 1 677 1942 2106 91 1372 1413 3586 5247 782 5211 3590 3036 1557 1720 1716 3591 5249 5213
1601 13 2 0 1 237 34 277 1947 1016 2107 421 580 3593 584 1113 3039 3595 5214 5250 3597 5215 5251
1602 13 2 0 1 1947 1016 2107 1948 1017 2108 3595 5214 3598 5250 1116 3044 3600 5216 5252 3602 5217 5253
1603 13 2 0 1 1948 1017 2108 1949 1018 2109 3600 5216 3603 5252 1119 3049 3605 5218 5254 3607 5219 5255
1604 13 2 0 1 1949 1018 2109 1950 1019 2110 3605 5218 3608 5254 1122 3054 3610 5220 5256 3612 5221 5257
1605 13 2 0 1 1950 1019 2110 1374 125 1414 3610 5220 3613 5256 1124 3059 1558 1717 1721 3615 5222 5258
1606 13 2 0 1 15 236 274 845 1943 2095 416 585 941 582 3524 2970 3525 5259 5232 3527 5260 5233
1607 13 2 0 1 845 1943 2095 846 1944 2096 3525 5259 944 5232 3529 2975 3530 5261 5234 3532 5262 5235
1608 13 2 0 1 846 1944 2096 847 1945 2097 3530 5261 947 5234 3534 2980 3535 5263 5236 3537 5264 5237
1609 13 2 0 1 847 1945 2097 848 1946 2098 3535 5263 950 5236 3539 2985 3540 5265 5238 3542 5266 5239
1610 13 2 0 1 848 1946 2098 110 1373 1411 3540 5265 953 5238 3544 2990 1553 1722 1719 3545 5267 5240
1611 13 2 0 1 233 11 273 1931 829 2091 413 587 3501 586 885 5268 3503 5269 5270 3505 5271 5272
1612 13 2 0 1 1931 829 2091 1932 830 2092 3503 5269 3506 5270 888 5273 3508 5274 5275 3510 5276 5277
1613 13 2 0 1 1932 830 2092 1933 831 2093 3508 5274 3511 5275 891 5278 3513 5279 5280 3515 5281 5282
1614 13 2 0 1 1933 831 2093 1934 832 2094 3513 5279 3516 5280 894 5283 3518 5284 5285 3520 5286 5287
1615 13 2 0 1 1934 832 2094 1370 106 1410 3518 5284 3521 5285 897 5288 1550 1724 1723 3523 5289 5290
1616 13 2 0 1 216 233 273 1863 1931 2091 516 588 2545 587 3501 5268 4613 5291 5269 4614 5292 5271
1617 13 2 0 1 1863 1931 2091 1864 1932 2092 4613 5291 2554 5269 3506 5273 4615 5293 5274 4616 5294 5276
1618 13 2 0 1 1864 1932 2092 1865 1933 2093 4615 5293 2563 5274 3511 5278 4617 5295 5279 4618 5296 5281
1619 13 2 0 1 1865 1933 2093 1866 1934 2094 4617 5295 2572 5279 3516 5283 4619 5297 5284 4620 5298 5286
1620 13 2 0 1 1866 1934 2094 1353 1370 1410 4619 5297 2581 5284 3521 5288 1653 1725 1724 4621 5299 5289
1621 13 2 0 1 262 198 286 2047 1791 2143 589 591 2440 590 5300 3085 5301 5302 5303 5304 5305 5306
1622 13 2 0 1 2047 1791 2143 2048 1792 2144 5301 5302 2449 5303 5307 3090 5308 5309 5310 5311 5312 5313
1623 13 2 0 1 2048 1792 2144 2049 1793 2145 5308 5309 2458 5310 5314 3095 5315 5316 5317 5318 5319 5320
1624 13 2 0 1 2049 1793 2145 2050 1794 2146 5315 5316 2467 5317 5321 3100 5322 5323 5324 5325 5326 5327
1625 13 2 0 1 2050 1794 2146 1399 1335 1423 5322 5323 2476 5324 5328 3105 1726 1728 1727 5329 5330 5331
1626 13 2 0 1 222 262 286 1887 2047 2143 323 374 2438 591 2440 3085 2442 3087 5302 2445 3089 5305
1627 13 2 0 1 1887 2047 2143 1888 2048 2144 2442 3087 2447 5302 2449 3090 2451 3092 5309 2454 3094 5312
1628 13 2 0 1 1888 2048 2144 1889 2049 2145 2451 3092 2456 5309 2458 3095 2460 3097 5316 2463 3099 5319
1629 13 2 0 1 1889 2049 2145 1890 2050 2146 2460 3097 2465 5316 2467 3100 2469 3102 5323 2472 3104 5326
1630 13 2 0 1 1890 2050 2146 1359 1399 1423 2469 3102 2474 5323 2476 3105 1460 1511 1728 2478 3107 5330
1631 13 2 0 1 211 258 262 1843 2031 2047 514 593 4581 592 4088 2440 4583 5332 5333 4585 5334 5335
1632 13 2 0 1 1843 2031 2047 1844 2032 2048 4583 5332 4586 5333 4096 2449 4588 5336 5337 4590 5338 5339
1633 13 2 0 1 1844 2032 2048 1845 2033 2049 4588 5336 4591 5337 4104 2458 4593 5340 5341 4595 5342 5343
1634 13 2 0 1 1845 2033 2049 1846 2034 2050 4593 5340 4596 5341 4112 2467 4598 5344 5345 4600 5346 5347
1635 13 2 0 1 1846 2034 2050 1348 1395 1399 4598 5344 4601 5345 4120 2476 1651 1730 1729 4603 5348 5349
1636 13 2 0 1 198 238 286 1791 1951 2143 594 590 5300 554 4946 3085 5350 5303 4948 5351 5306 4950
1637 13 2 0 1 1791 1951 2143 1792 1952 2144 5350 5303 5307 4948 4951 3090 5352 5310 4953 5353 5313 4955
1638 13 2 0 1 1792 1952 2144 1793 1953 2145 5352 5310 5314 4953 4956 3095 5354 5317 4958 5355 5320 4960
1639 13 2 0 1 1793 1953 2145 1794 1954 2146 5354 5317 5321 4958 4961 3100 5356 5324 4963 5357 5327 4965
1640 13 2 0 1 1794 1954 2146 1335 1375 1423 5356 5324 5328 4963 4966 3105 1731 1727 1691 5358 5331 4968
1641 13 2 0 1 238 202 287 1951 1807 2147 595 555 4946 377 2670 3108 5359 4970 3109 5360 4972 3111
1642 13 2 0 1 1951 1807 2147 1952 1808 2148 5359 4970 4951 3109 2678 3113 5361 4974 3114 5362 4976 3116
1643 13 2 0 1 1952 1808 2148 1953 1809 2149 5361 4974 4956 3114 2686 3118 5363 4978 3119 5364 4980 3121
1644 13 2 0 1 1953 1809 2149 1954 1810 2150 5363 4978 4961 3119 2694 3123 5365 4982 3124 5366 4984 3126
1645 13 2 0 1 1954 1810 2150 1375 1339 1424 5365 4982 4966 3124 2702 3128 1732 1692 1514 5367 4986 3129
1646 13 2 0 1 239 204 288 1955 1815 2151 596 557 2504 379 2708 3131 5368 4988 3132 5369 4990 3134
1647 13 2 0 1 1955 1815 2151 1956 1816 2152 5368 4988 2513 3132 2717 3136 5370 4992 3137 5371 4994 3139
1648 13 2 0 1 1956 1816 2152 1957 1817 2153 5370 4992 2522 3137 2726 3141 5372 4996 3142 5373 4998 3144
1649 13 2 0 1 1957 1817 2153 1958 1818 2154 5372 4996 2531 3142 2735 3146 5374 5000 3147 5375 5002 3149
1650 13 2 0 1 1958 1818 2154 1376 1341 1425 5374 5000 2540 3147 2744 3151 1733 1694 1516 5376 5004 3152
1651 13 2 0 1 240 205 289 1959 1819 2155 597 559 2546 382 2749 3154 5377 5005 3177 5378 5006 3178
1652 13 2 0 1 1959 1819 2155 1960 1820 2156 5377 5005 2555 3177 2757 3159 5379 5007 3179 5380 5008 3180
1653 13 2 0 1 1960 1820 2156 1961 1821 2157 5379 5007 2564 3179 2765 3164 5381 5009 3181 5382 5010 3182
1654 13 2 0 1 1961 1821 2157 1962 1822 2158 5381 5009 2573 3181 2773 3169 5383 5011 3183 5384 5012 3184
1655 13 2 0 1 1962 1822 2158 1377 1342 1426 5383 5011 2582 3183 2781 3174 1734 1696 1519 5385 5013 3185
1656 13 2 0 1 263 218 287 2051 1871 2147 387 598 2333 556 2633 3108 3223 5386 4969 3225 5387 4971
1657 13 2 0 1 2051 1871 2147 2052 1872 2148 3223 5386 2342 4969 2641 3113 3227 5388 4973 3229 5389 4975
1658 13 2 0 1 2052 1872 2148 2053 1873 2149 3227 5388 2351 4973 2649 3118 3231 5390 4977 3233 5391 4979
1659 13 2 0 1 2053 1873 2149 2054 1874 2150 3231 5390 2360 4977 2657 3123 3235 5392 4981 3237 5393 4983
1660 13 2 0 1 2054 1874 2150 1400 1355 1424 3235 5392 2369 4981 2665 3128 1524 1735 1693 3239 5394 4985
1661 13 2 0 1 223 263 287 1891 2051 2147 315 376 2331 598 2333 3108 2335 3110 5386 2338 3112 5387
1662 13 2 0 1 1891 2051 2147 1892 2052 2148 2335 3110 2340 5386 2342 3113 2344 3115 5388 2347 3117 5389
1663 13 2 0 1 1892 2052 2148 1893 2053 2149 2344 3115 2349 5388 2351 3118 2353 3120 5390 2356 3122 5391
1664 13 2 0 1 1893 2053 2149 1894 2054 2150 2353 3120 2358 5390 2360 3123 2362 3125 5392 2365 3127 5393
1665 13 2 0 1 1894 2054 2150 1360 1400 1424 2362 3125 2367 5392 2369 3128 1452 1513 1735 2371 3130 5394
1666 13 2 0 1 264 219 288 2055 1875 2151 316 599 2373 558 2332 3131 2375 5395 4987 2377 5396 4989
1667 13 2 0 1 2055 1875 2151 2056 1876 2152 2375 5395 2378 4987 2341 3136 2380 5397 4991 2382 5398 4993
1668 13 2 0 1 2056 1876 2152 2057 1877 2153 2380 5397 2383 4991 2350 3141 2385 5399 4995 2387 5400 4997
1669 13 2 0 1 2057 1877 2153 2058 1878 2154 2385 5399 2388 4995 2359 3146 2390 5401 4999 2392 5402 5001
1670 13 2 0 1 2058 1878 2154 1401 1356 1425 2390 5401 2393 4999 2368 3151 1453 1736 1695 2395 5403 5003
1671 13 2 0 1 224 264 288 1895 2055 2151 395 378 2707 599 2373 3131 3309 3133 5395 3311 3135 5396
1672 13 2 0 1 1895 2055 2151 1896 2056 2152 3309 3133 2716 5395 2378 3136 3313 3138 5397 3315 3140 5398
1673 13 2 0 1 1896 2056 2152 1897 2057 2153 3313 3138 2725 5397 2383 3141 3317 3143 5399 3319 3145 5400
1674 13 2 0 1 1897 2057 2153 1898 2058 2154 3317 3143 2734 5399 2388 3146 3321 3148 5401 3323 3150 5402
1675 13 2 0 1 1898 2058 2154 1361 1401 1425 3321 3148 2743 5401 2393 3151 1532 1515 1736 3325 3153 5403
1676 13 2 0 1 258 198 262 2031 1791 2047 600 592 4088 589 5300 2440 5404 5333 5301 5405 5335 5304
1677 13 2 0 1 2031 1791 2047 2032 1792 2048 5404 5333 4096 5301 5307 2449 5406 5337 5308 5407 5339 5311
1678 13 2 0 1 2032 1792 2048 2033 1793 2049 5406 5337 4104 5308 5314 2458 5408 5341 5315 5409 5343 5318
1679 13 2 0 1 2033 1793 2049 2034 1794 2050 5408 5341 4112 5315 5321 2467 5410 5345 5322 5411 5347 5325
1680 13 2 0 1 2034 1794 2050 1395 1335 1399 5410 5345 4120 5322 5328 2476 1737 1729 1726 5412 5349 5329
1681 13 2 0 1 206 230 278 1823 1919 2111 467 601 4087 498 3432 4397 4089 5413 4398 4092 5414 4400
1682 13 2 0 1 1823 1919 2111 1824 1920 2112 4089 5413 4095 4398 3437 4402 4097 5415 4403 4100 5416 4405
1683 13 2 0 1 1824 1920 2112 1825 1921 2113 4097 5415 4103 4403 3442 4407 4105 5417 4408 4108 5418 4410
1684 13 2 0 1 1825 1921 2113 1826 1922 2114 4105 5417 4111 4408 3447 4412 4113 5419 4413 4116 5420 4415
1685 13 2 0 1 1826 1922 2114 1343 1367 1415 4113 5419 4119 4413 3452 4417 1604 1738 1635 4121 5421 4418
1686 13 2 0 1 231 206 279 1923 1823 2115 518 499 3455 602 4087 4420 4631 4422 5422 4633 4424 5423
1687 13 2 0 1 1923 1823 2115 1924 1824 2116 4631 4422 3460 5422 4095 4425 4635 4427 5424 4637 4429 5425
1688 13 2 0 1 1924 1824 2116 1925 1825 2117 4635 4427 3465 5424 4103 4430 4639 4432 5426 4641 4434 5427
1689 13 2 0 1 1925 1825 2117 1926 1826 2118 4639 4432 3470 5426 4111 4435 4643 4437 5428 4645 4439 5429
1690 13 2 0 1 1926 1826 2118 1368 1343 1416 4643 4437 3475 5428 4119 4440 1655 1636 1739 4647 4442 5430
1691 13 2 0 1 232 207 280 1927 1827 2119 470 501 3478 603 4124 4443 4125 4445 5431 4128 4447 5432
1692 13 2 0 1 1927 1827 2119 1928 1828 2120 4125 4445 3483 5431 4131 4448 4132 4450 5433 4135 4452 5434
1693 13 2 0 1 1928 1828 2120 1929 1829 2121 4132 4450 3488 5433 4138 4453 4139 4455 5435 4142 4457 5436
1694 13 2 0 1 1929 1829 2121 1930 1830 2122 4139 4455 3493 5435 4145 4458 4146 4460 5437 4149 4462 5438
1695 13 2 0 1 1930 1830 2122 1369 1344 1417 4146 4460 3498 5437 4152 4463 1607 1638 1740 4153 4465 5439
1696 13 2 0 1 207 234 282 1827 1935 2127 520 604 4124 508 3547 4512 4649 5440 4513 4651 5441 4515
1697 13 2 0 1 1827 1935 2127 1828 1936 2128 4649 5440 4131 4513 3552 4517 4653 5442 4518 4655 5443 4520
1698 13 2 0 1 1828 1936 2128 1829 1937 2129 4653 5442 4138 4518 3557 4522 4657 5444 4523 4659 5445 4525
1699 13 2 0 1 1829 1937 2129 1830 1938 2130 4657 5444 4145 4523 3562 4527 4661 5446 4528 4663 5447 4530
1700 13 2 0 1 1830 1938 2130 1344 1371 1419 4661 5446 4152 4528 3567 4532 1657 1741 1645 4665 5448 4533
1701 13 2 0 1 233 208 281 1931 1831 2123 473 503 3501 605 4156 4466 4157 4468 5449 4160 4470 5450
1702 13 2 0 1 1931 1831 2123 1932 1832 2124 4157 4468 3506 5449 4163 4471 4164 4473 5451 4167 4475 5452
1703 13 2 0 1 1932 1832 2124 1933 1833 2125 4164 4473 3511 5451 4170 4476 4171 4478 5453 4174 4480 5454
1704 13 2 0 1 1933 1833 2125 1934 1834 2126 4171 4478 3516 5453 4177 4481 4178 4483 5455 4181 4485 5456
1705 13 2 0 1 1934 1834 2126 1370 1345 1418 4178 4483 3521 5455 4184 4486 1610 1640 1742 4185 4488 5457
1706 13 2 0 1 208 235 283 1831 1939 2131 522 606 4156 510 3570 4535 4667 5458 4536 4669 5459 4538
1707 13 2 0 1 1831 1939 2131 1832 1940 2132 4667 5458 4163 4536 3575 4540 4671 5460 4541 4673 5461 4543
1708 13 2 0 1 1832 1940 2132 1833 1941 2133 4671 5460 4170 4541 3580 4545 4675 5462 4546 4677 5463 4548
1709 13 2 0 1 1833 1941 2133 1834 1942 2134 4675 5462 4177 4546 3585 4550 4679 5464 4551 4681 5465 4553
1710 13 2 0 1 1834 1942 2134 1345 1372 1420 4679 5464 4184 4551 3590 4555 1659 1743 1647 4683 5466 4556
1711 13 2 0 1 209 236 284 1835 1943 2135 476 607 4188 506 3524 4489 4189 5467 4490 4192 5468 4492
1712 13 2 0 1 1835 1943 2135 1836 1944 2136 4189 5467 4195 4490 3529 4494 4196 5469 4495 4199 5470 4497
1713 13 2 0 1 1836 1944 2136 1837 1945 2137 4196 5469 4202 4495 3534 4499 4203 5471 4500 4206 5472 4502
1714 13 2 0 1 1837 1945 2137 1838 1946 2138 4203 5471 4209 4500 3539 4504 4210 5473 4505 4213 5474 4507
1715 13 2 0 1 1838 1946 2138 1346 1373 1421 4210 5473 4216 4505 3544 4509 1613 1744 1643 4217 5475 4510
1716 13 2 0 1 237 209 285 1947 1835 2139 524 511 3593 608 4188 4558 4685 4560 5476 4687 4562 5477
1717 13 2 0 1 1947 1835 2139 1948 1836 2140 4685 4560 3598 5476 4195 4563 4689 4565 5478 4691 4567 5479
1718 13 2 0 1 1948 1836 2140 1949 1837 2141 4689 4565 3603 5478 4202 4568 4693 4570 5480 4695 4572 5481
1719 13 2 0 1 1949 1837 2141 1950 1838 2142 4693 4570 3608 5480 4209 4573 4697 4575 5482 4699 4577 5483
1720 13 2 0 1 1950 1838 2142 1374 1346 1422 4697 4575 3613 5482 4216 4578 1661 1648 1745 4701 4580 5484
1721 13 2 0 1 238 210 290 1951 1839 2159 609 611 4946 610 3772 3877 5485 5486 5487 5488 5489 5490
1722 13 2 0 1 1951 1839 2159 1952 1840 2160 5485 5486 4951 5487 3780 3884 5491 5492 5493 5494 5495 5496
1723 13 2 0 1 1952 1840 2160 1953 1841 2161 5491 5492 4956 5493 3788 3891 5497 5498 5499 5500 5501 5502
1724 13 2 0 1 1953 1841 2161 1954 1842 2162 5497 5498 4961 5499 3796 3898 5503 5504 5505 5506 5507 5508
1725 13 2 0 1 1954 1842 2162 1375 1347 1427 5503 5504 4966 5505 3804 3905 1746 1748 1747 5509 5510 5511
1726 13 2 0 1 202 238 290 1807 1951 2159 595 448 2670 611 4946 3877 5359 3880 5486 5360 3883 5489
1727 13 2 0 1 1807 1951 2159 1808 1952 2160 5359 3880 2678 5486 4951 3884 5361 3887 5492 5362 3890 5495
1728 13 2 0 1 1808 1952 2160 1809 1953 2161 5361 3887 2686 5492 4956 3891 5363 3894 5498 5364 3897 5501
1729 13 2 0 1 1809 1953 2161 1810 1954 2162 5363 3894 2694 5498 4961 3898 5365 3901 5504 5366 3904 5507
1730 13 2 0 1 1810 1954 2162 1339 1375 1427 5365 3901 2702 5504 4966 3905 1732 1585 1748 5367 3908 5510
1731 13 2 0 1 239 212 292 1955 1847 2167 326 613 2504 612 2503 3927 2506 5512 5513 2509 5514 5515
1732 13 2 0 1 1955 1847 2167 1956 1848 2168 2506 5512 2513 5513 2512 3934 2515 5516 5517 2518 5518 5519
1733 13 2 0 1 1956 1848 2168 1957 1849 2169 2515 5516 2522 5517 2521 3941 2524 5520 5521 2527 5522 5523
1734 13 2 0 1 1957 1849 2169 1958 1850 2170 2524 5520 2531 5521 2530 3948 2533 5524 5525 2536 5526 5527
1735 13 2 0 1 1958 1850 2170 1376 1349 1429 2533 5524 2540 5525 2539 3955 1463 1750 1749 2542 5528 5529
1736 13 2 0 1 204 239 292 1815 1955 2167 596 453 2708 613 2504 3927 5368 3930 5512 5369 3933 5514
1737 13 2 0 1 1815 1955 2167 1816 1956 2168 5368 3930 2717 5512 2513 3934 5370 3937 5516 5371 3940 5518
1738 13 2 0 1 1816 1956 2168 1817 1957 2169 5370 3937 2726 5516 2522 3941 5372 3944 5520 5373 3947 5522
1739 13 2 0 1 1817 1957 2169 1818 1958 2170 5372 3944 2735 5520 2531 3948 5374 3951 5524 5375 3954 5526
1740 13 2 0 1 1818 1958 2170 1341 1376 1429 5374 3951 2744 5524 2540 3955 1733 1590 1750 5376 3958 5528
1741 13 2 0 1 240 216 293 1959 1863 2171 329 615 2546 614 2545 3959 2548 5530 5531 2551 5532 5533
1742 13 2 0 1 1959 1863 2171 1960 1864 2172 2548 5530 2555 5531 2554 3966 2557 5534 5535 2560 5536 5537
1743 13 2 0 1 1960 1864 2172 1961 1865 2173 2557 5534 2564 5535 2563 3973 2566 5538 5539 2569 5540 5541
1744 13 2 0 1 1961 1865 2173 1962 1866 2174 2566 5538 2573 5539 2572 3980 2575 5542 5543 2578 5544 5545
1745 13 2 0 1 1962 1866 2174 1377 1353 1430 2575 5542 2582 5543 2581 3987 1466 1752 1751 2584 5546 5547
1746 13 2 0 1 205 240 293 1819 1959 2171 597 456 2749 615 2546 3959 5377 3962 5530 5378 3965 5532
1747 13 2 0 1 1819 1959 2171 1820 1960 2172 5377 3962 2757 5530 2555 3966 5379 3969 5534 5380 3972 5536
1748 13 2 0 1 1820 1960 2172 1821 1961 2173 5379 3969 2765 5534 2564 3973 5381 3976 5538 5382 3979 5540
1749 13 2 0 1 1821 1961 2173 1822 1962 2174 5381 3976 2773 5538 2573 3980 5383 3983 5542 5384 3986 5544
1750 13 2 0 1 1822 1962 2174 1342 1377 1430 5383 3983 2781 5542 2582 3987 1734 1593 1752 5385 3990 5546
1751 13 2 0 1 223 242 267 1891 1967 2067 341 391 2331 616 2671 3263 2673 3265 5548 2676 3267 5549
1752 13 2 0 1 1891 1967 2067 1892 1968 2068 2673 3265 2340 5548 2679 3268 2681 3270 5550 2684 3272 5551
1753 13 2 0 1 1892 1968 2068 1893 1969 2069 2681 3270 2349 5550 2687 3273 2689 3275 5552 2692 3277 5553
1754 13 2 0 1 1893 1969 2069 1894 1970 2070 2689 3275 2358 5552 2695 3278 2697 3280 5554 2700 3282 5555
1755 13 2 0 1 1894 1970 2070 1360 1379 1404 2697 3280 2367 5554 2703 3283 1478 1528 1753 2705 3285 5556
1756 13 2 0 1 242 199 267 1967 1795 2067 383 616 2671 480 2587 3263 3186 5548 4229 3188 5549 4230
1757 13 2 0 1 1967 1795 2067 1968 1796 2068 3186 5548 2679 4229 2592 3268 3190 5550 4231 3192 5551 4232
1758 13 2 0 1 1968 1796 2068 1969 1797 2069 3190 5550 2687 4231 2597 3273 3194 5552 4233 3196 5553 4234
1759 13 2 0 1 1969 1797 2069 1970 1798 2070 3194 5552 2695 4233 2602 3278 3198 5554 4235 3200 5555 4236
1760 13 2 0 1 1970 1798 2070 1379 1336 1404 3198 5554 2703 4235 2607 3283 1520 1753 1617 3202 5556 4237
1761 13 2 0 1 224 243 268 1895 1971 2071 344 393 2707 617 2709 3286 2711 3288 5557 2714 3290 5558
1762 13 2 0 1 1895 1971 2071 1896 1972 2072 2711 3288 2716 5557 2718 3291 2720 3293 5559 2723 3295 5560
1763 13 2 0 1 1896 1972 2072 1897 1973 2073 2720 3293 2725 5559 2727 3296 2729 3298 5561 2732 3300 5562
1764 13 2 0 1 1897 1973 2073 1898 1974 2074 2729 3298 2734 5561 2736 3301 2738 3303 5563 2741 3305 5564
1765 13 2 0 1 1898 1974 2074 1361 1380 1405 2738 3303 2743 5563 2745 3306 1481 1530 1754 2747 3308 5565
1766 13 2 0 1 243 200 268 1971 1799 2071 385 617 2709 483 2610 3286 3204 5557 4256 3206 5558 4257
1767 13 2 0 1 1971 1799 2071 1972 1800 2072 3204 5557 2718 4256 2615 3291 3208 5559 4258 3210 5560 4259
1768 13 2 0 1 1972 1800 2072 1973 1801 2073 3208 5559 2727 4258 2620 3296 3212 5561 4260 3214 5562 4261
1769 13 2 0 1 1973 1801 2073 1974 1802 2074 3212 5561 2736 4260 2625 3301 3216 5563 4262 3218 5564 4263
1770 13 2 0 1 1974 1802 2074 1380 1337 1405 3216 5563 2745 4262 2630 3306 1522 1754 1620 3220 5565 4264
1771 13 2 0 1 225 244 269 1899 1975 2075 347 486 2397 618 2750 4028 2752 4283 5566 2755 4284 5567
1772 13 2 0 1 1899 1975 2075 1900 1976 2076 2752 4283 2406 5566 2758 4033 2760 4285 5568 2763 4286 5569
1773 13 2 0 1 1900 1976 2076 1901 1977 2077 2760 4285 2415 5568 2766 4038 2768 4287 5570 2771 4288 5571
1774 13 2 0 1 1901 1977 2077 1902 1978 2078 2768 4287 2424 5570 2774 4043 2776 4289 5572 2779 4290 5573
1775 13 2 0 1 1902 1978 2078 1362 1381 1406 2776 4289 2433 5572 2782 4048 1484 1623 1755 2784 4291 5574
1776 13 2 0 1 244 201 269 1975 1803 2075 427 618 2750 482 3657 4028 3658 5566 4239 3660 5567 4241
1777 13 2 0 1 1975 1803 2075 1976 1804 2076 3658 5566 2758 4239 3662 4033 3663 5568 4243 3665 5569 4245
1778 13 2 0 1 1976 1804 2076 1977 1805 2077 3663 5568 2766 4243 3667 4038 3668 5570 4247 3670 5571 4249
1779 13 2 0 1 1977 1805 2077 1978 1806 2078 3668 5570 2774 4247 3672 4043 3673 5572 4251 3675 5573 4253
1780 13 2 0 1 1978 1806 2078 1381 1338 1406 3673 5572 2782 4251 3677 4048 1564 1755 1619 3678 5574 4255
1781 13 2 0 1 254 198 258 2015 1791 2031 619 549 3773 600 5300 4088 5575 4910 5404 5576 4911 5405
1782 13 2 0 1 2015 1791 2031 2016 1792 2032 5575 4910 3781 5404 5307 4096 5577 4912 5406 5578 4913 5407
1783 13 2 0 1 2016 1792 2032 2017 1793 2033 5577 4912 3789 5406 5314 4104 5579 4914 5408 5580 4915 5409
1784 13 2 0 1 2017 1793 2033 2018 1794 2034 5579 4914 3797 5408 5321 4112 5581 4916 5410 5582 4917 5411
1785 13 2 0 1 2018 1794 2034 1391 1335 1395 5581 4916 3805 5410 5328 4120 1756 1686 1737 5583 4918 5412
1786 13 2 0 1 199 255 259 1795 2019 2035 384 333 2587 550 2787 2505 3187 2589 4919 3189 2591 4920
1787 13 2 0 1 1795 2019 2035 1796 2020 2036 3187 2589 2592 4919 2795 2514 3191 2594 4921 3193 2596 4922
1788 13 2 0 1 1796 2020 2036 1797 2021 2037 3191 2594 2597 4921 2803 2523 3195 2599 4923 3197 2601 4924
1789 13 2 0 1 1797 2021 2037 1798 2022 2038 3195 2599 2602 4923 2811 2532 3199 2604 4925 3201 2606 4926
1790 13 2 0 1 1798 2022 2038 1336 1392 1396 3199 2604 2607 4925 2819 2541 1521 1470 1687 3203 2609 4927
1791 13 2 0 1 200 256 261 1799 2023 2043 386 335 2610 551 2824 2547 3205 2612 4928 3207 2614 4929
1792 13 2 0 1 1799 2023 2043 1800 2024 2044 3205 2612 2615 4928 2832 2556 3209 2617 4930 3211 2619 4931
1793 13 2 0 1 1800 2024 2044 1801 2025 2045 3209 2617 2620 4930 2840 2565 3213 2622 4932 3215 2624 4933
1794 13 2 0 1 1801 2025 2045 1802 2026 2046 3213 2622 2625 4932 2848 2574 3217 2627 4934 3219 2629 4935
1795 13 2 0 1 1802 2026 2046 1337 1393 1398 3217 2627 2630 4934 2856 2583 1523 1472 1688 3221 2632 4936
1796 13 2 0 1 257 201 260 2027 1803 2039 620 552 3845 428 3657 3616 5584 4937 3659 5585 4938 3661
1797 13 2 0 1 2027 1803 2039 2028 1804 2040 5584 4937 3852 3659 3662 3623 5586 4939 3664 5587 4940 3666
1798 13 2 0 1 2028 1804 2040 2029 1805 2041 5586 4939 3859 3664 3667 3630 5588 4941 3669 5589 4942 3671
1799 13 2 0 1 2029 1805 2041 2030 1806 2042 5588 4941 3866 3669 3672 3637 5590 4943 3674 5591 4944 3676
1800 13 2 0 1 2030 1806 2042 1394 1338 1397 5590 4943 3873 3674 3677 3644 1757 1689 1565 5592 4945 3679
1801 13 2 0 1 222 245 266 1887 1979 2063 338 389 2438 621 2634 3240 2636 3242 5593 2639 3244 5594
1802 13 2 0 1 1887 1979 2063 1888 1980 2064 2636 3242 2447 5593 2642 3245 2644 3247 5595 2647 3249 5596
1803 13 2 0 1 1888 1980 2064 1889 1981 2065 2644 3247 2456 5595 2650 3250 2652 3252 5597 2655 3254 5598
1804 13 2 0 1 1889 1981 2065 1890 1982 2066 2652 3252 2465 5597 2658 3255 2660 3257 5599 2663 3259 5600
1805 13 2 0 1 1890 1982 2066 1359 1382 1403 2660 3257 2474 5599 2666 3260 1475 1526 1758 2668 3262 5601
1806 13 2 0 1 245 220 266 1979 1879 2063 528 621 2634 460 3991 3240 4721 5593 3994 4722 5594 3997
1807 13 2 0 1 1979 1879 2063 1980 1880 2064 4721 5593 2642 3994 3999 3245 4723 5595 4002 4724 5596 4005
1808 13 2 0 1 1980 1880 2064 1981 1881 2065 4723 5595 2650 4002 4007 3250 4725 5597 4010 4726 5598 4013
1809 13 2 0 1 1981 1881 2065 1982 1882 2066 4725 5597 2658 4010 4015 3255 4727 5599 4018 4728 5600 4021
1810 13 2 0 1 1982 1882 2066 1382 1357 1403 4727 5599 2666 4018 4023 3260 1665 1758 1597 4729 5601 4026
1811 13 2 0 1 210 238 299 1839 1951 2195 609 623 3772 622 4946 5602 5485 5603 5604 5488 5605 5606
1812 13 2 0 1 1839 1951 2195 1840 1952 2196 5485 5603 3780 5604 4951 5607 5491 5608 5609 5494 5610 5611
1813 13 2 0 1 1840 1952 2196 1841 1953 2197 5491 5608 3788 5609 4956 5612 5497 5613 5614 5500 5615 5616
1814 13 2 0 1 1841 1953 2197 1842 1954 2198 5497 5613 3796 5614 4961 5617 5503 5618 5619 5506 5620 5621
1815 13 2 0 1 1842 1954 2198 1347 1375 1436 5503 5618 3804 5619 4966 5622 1746 1760 1759 5509 5623 5624
1816 13 2 0 1 203 241 295 1811 1963 2179 479 561 2439 624 3992 5023 4220 5025 5625 4221 5027 5626
1817 13 2 0 1 1811 1963 2179 1812 1964 2180 4220 5025 2448 5625 4000 5028 4222 5030 5627 4223 5032 5628
1818 13 2 0 1 1812 1964 2180 1813 1965 2181 4222 5030 2457 5627 4008 5033 4224 5035 5629 4225 5037 5630
1819 13 2 0 1 1813 1965 2181 1814 1966 2182 4224 5035 2466 5629 4016 5038 4226 5040 5631 4227 5042 5632
1820 13 2 0 1 1814 1966 2182 1340 1378 1432 4226 5040 2475 5631 4024 5043 1616 1698 1761 4228 5045 5633
1821 13 2 0 1 238 198 299 1951 1791 2195 594 622 4946 625 5300 5602 5350 5604 5634 5351 5606 5635
1822 13 2 0 1 1951 1791 2195 1952 1792 2196 5350 5604 4951 5634 5307 5607 5352 5609 5636 5353 5611 5637
1823 13 2 0 1 1952 1792 2196 1953 1793 2197 5352 5609 4956 5636 5314 5612 5354 5614 5638 5355 5616 5639
1824 13 2 0 1 1953 1793 2197 1954 1794 2198 5354 5614 4961 5638 5321 5617 5356 5619 5640 5357 5621 5641
1825 13 2 0 1 1954 1794 2198 1375 1335 1436 5356 5619 4966 5640 5328 5622 1731 1759 1762 5358 5624 5642
1826 13 2 0 1 241 201 300 1963 1803 2199 481 627 3992 626 3657 5643 4238 5644 5645 4240 5646 5647
1827 13 2 0 1 1963 1803 2199 1964 1804 2200 4238 5644 4000 5645 3662 5648 4242 5649 5650 4244 5651 5652
1828 13 2 0 1 1964 1804 2200 1965 1805 2201 4242 5649 4008 5650 3667 5653 4246 5654 5655 4248 5656 5657
1829 13 2 0 1 1965 1805 2201 1966 1806 2202 4246 5654 4016 5655 3672 5658 4250 5659 5660 4252 5661 5662
1830 13 2 0 1 1966 1806 2202 1378 1338 1437 4250 5659 4024 5660 3677 5663 1618 1764 1763 4254 5664 5665
1831 13 2 0 1 254 210 299 2015 1839 2195 438 628 3773 623 3772 5602 3776 5666 5603 3779 5667 5605
1832 13 2 0 1 2015 1839 2195 2016 1840 2196 3776 5666 3781 5603 3780 5607 3784 5668 5608 3787 5669 5610
1833 13 2 0 1 2016 1840 2196 2017 1841 2197 3784 5668 3789 5608 3788 5612 3792 5670 5613 3795 5671 5615
1834 13 2 0 1 2017 1841 2197 2018 1842 2198 3792 5670 3797 5613 3796 5617 3800 5672 5618 3803 5673 5620
1835 13 2 0 1 2018 1842 2198 1391 1347 1436 3800 5672 3805 5618 3804 5622 1575 1765 1760 3808 5674 5623
1836 13 2 0 1 257 215 300 2027 1859 2199 445 630 3845 629 3409 5643 3848 5675 5676 3851 5677 5678
1837 13 2 0 1 2027 1859 2199 2028 1860 2200 3848 5675 3852 5676 3414 5648 3855 5679 5680 3858 5681 5682
1838 13 2 0 1 2028 1860 2200 2029 1861 2201 3855 5679 3859 5680 3419 5653 3862 5683 5684 3865 5685 5686
1839 13 2 0 1 2029 1861 2201 2030 1862 2202 3862 5683 3866 5684 3424 5658 3869 5687 5688 3872 5689 5690
1840 13 2 0 1 2030 1862 2202 1394 1352 1437 3869 5687 3873 5688 3429 5663 1582 1767 1766 3876 5691 5692
1841 13 2 0 1 295 241 300 2179 1963 2199 624 631 5023 627 3992 5643 5625 5693 5644 5626 5694 5646
1842 13 2 0 1 2179 1963 2199 2180 1964 2200 5625 5693 5028 5644 4000 5648 5627 5695 5649 5628 5696 5651
1843 13 2 0 1 2180 1964 2200 2181 1965 2201 5627 5695 5033 5649 4008 5653 5629 5697 5654 5630 5698 5656
1844 13 2 0 1 2181 1965 2201 2182 1966 2202 5629 5697 5038 5654 4016 5658 5631 5699 5659 5632 5700 5661
1845 13 2 0 1 2182 1966 2202 1432 1378 1437 5631 5699 5043 5659 4024 5663 1761 1768 1764 5633 5701 5664
1846 13 2 0 1 206 246 279 1823 1983 2115 632 602 4087 542 2203 4420 5702 5422 4847 5703 5423 4848
1847 13 2 0 1 1823 1983 2115 1824 1984 2116 5702 5422 4095 4847 2208 4425 5704 5424 4849 5705 5425 4850
1848 13 2 0 1 1824 1984 2116 1825 1985 2117 5704 5424 4103 4849 2213 4430 5706 5426 4851 5707 5427 4852
1849 13 2 0 1 1825 1985 2117 1826 1986 2118 5706 5426 4111 4851 2218 4435 5708 5428 4853 5709 5429 4854
1850 13 2 0 1 1826 1986 2118 1343 1383 1416 5708 5428 4119 4853 2223 4440 1769 1739 1679 5710 5430 4855
1851 13 2 0 1 246 206 278 1983 1823 2111 632 541 2203 601 4087 4397 5702 4838 5413 5703 4839 5414
1852 13 2 0 1 1983 1823 2111 1984 1824 2112 5702 4838 2208 5413 4095 4402 5704 4840 5415 5705 4841 5416
1853 13 2 0 1 1984 1824 2112 1985 1825 2113 5704 4840 2213 5415 4103 4407 5706 4842 5417 5707 4843 5418
1854 13 2 0 1 1985 1825 2113 1986 1826 2114 5706 4842 2218 5417 4111 4412 5708 4844 5419 5709 4845 5420
1855 13 2 0 1 1986 1826 2114 1383 1343 1415 5708 4844 2223 5419 4119 4417 1769 1678 1738 5710 4846 5421
1856 13 2 0 1 207 247 280 1827 1987 2119 633 603 4124 544 2258 4443 5711 5431 4865 5712 5432 4866
1857 13 2 0 1 1827 1987 2119 1828 1988 2120 5711 5431 4131 4865 2263 4448 5713 5433 4867 5714 5434 4868
1858 13 2 0 1 1828 1988 2120 1829 1989 2121 5713 5433 4138 4867 2268 4453 5715 5435 4869 5716 5436 4870
1859 13 2 0 1 1829 1989 2121 1830 1990 2122 5715 5435 4145 4869 2273 4458 5717 5437 4871 5718 5438 4872
1860 13 2 0 1 1830 1990 2122 1344 1384 1417 5717 5437 4152 4871 2278 4463 1770 1740 1681 5719 5439 4873
1861 13 2 0 1 247 207 282 1987 1827 2127 633 545 2258 604 4124 4512 5711 4874 5440 5712 4875 5441
1862 13 2 0 1 1987 1827 2127 1988 1828 2128 5711 4874 2263 5440 4131 4517 5713 4876 5442 5714 4877 5443
1863 13 2 0 1 1988 1828 2128 1989 1829 2129 5713 4876 2268 5442 4138 4522 5715 4878 5444 5716 4879 5445
1864 13 2 0 1 1989 1829 2129 1990 1830 2130 5715 4878 2273 5444 4145 4527 5717 4880 5446 5718 4881 5447
1865 13 2 0 1 1990 1830 2130 1384 1344 1419 5717 4880 2278 5446 4152 4532 1770 1682 1741 5719 4882 5448
1866 13 2 0 1 208 248 281 1831 1991 2123 634 605 4156 543 2235 4466 5720 5449 4856 5721 5450 4857
1867 13 2 0 1 1831 1991 2123 1832 1992 2124 5720 5449 4163 4856 2240 4471 5722 5451 4858 5723 5452 4859
1868 13 2 0 1 1832 1992 2124 1833 1993 2125 5722 5451 4170 4858 2245 4476 5724 5453 4860 5725 5454 4861
1869 13 2 0 1 1833 1993 2125 1834 1994 2126 5724 5453 4177 4860 2250 4481 5726 5455 4862 5727 5456 4863
1870 13 2 0 1 1834 1994 2126 1345 1385 1418 5726 5455 4184 4862 2255 4486 1771 1742 1680 5728 5457 4864
1871 13 2 0 1 248 208 283 1991 1831 2131 634 547 2235 606 4156 4535 5720 4892 5458 5721 4893 5459
1872 13 2 0 1 1991 1831 2131 1992 1832 2132 5720 4892 2240 5458 4163 4540 5722 4894 5460 5723 4895 5461
1873 13 2 0 1 1992 1832 2132 1993 1833 2133 5722 4894 2245 5460 4170 4545 5724 4896 5462 5725 4897 5463
1874 13 2 0 1 1993 1833 2133 1994 1834 2134 5724 4896 2250 5462 4177 4550 5726 4898 5464 5727 4899 5465
1875 13 2 0 1 1994 1834 2134 1385 1345 1420 5726 4898 2255 5464 4184 4555 1771 1684 1743 5728 4900 5466
1876 13 2 0 1 249 209 284 1995 1835 2135 635 546 2299 607 4188 4489 5729 4883 5467 5730 4884 5468
1877 13 2 0 1 1995 1835 2135 1996 1836 2136 5729 4883 2304 5467 4195 4494 5731 4885 5469 5732 4886 5470
1878 13 2 0 1 1996 1836 2136 1997 1837 2137 5731 4885 2309 5469 4202 4499 5733 4887 5471 5734 4888 5472
1879 13 2 0 1 1997 1837 2137 1998 1838 2138 5733 4887 2314 5471 4209 4504 5735 4889 5473 5736 4890 5474
1880 13 2 0 1 1998 1838 2138 1386 1346 1421 5735 4889 2319 5473 4216 4509 1772 1683 1744 5737 4891 5475
1881 13 2 0 1 209 249 285 1835 1995 2139 635 608 4188 548 2299 4558 5729 5476 4901 5730 5477 4902
1882 13 2 0 1 1835 1995 2139 1836 1996 2140 5729 5476 4195 4901 2304 4563 5731 5478 4903 5732 5479 4904
1883 13 2 0 1 1836 1996 2140 1837 1997 2141 5731 5478 4202 4903 2309 4568 5733 5480 4905 5734 5481 4906
1884 13 2 0 1 1837 1997 2141 1838 1998 2142 5733 5480 4209 4905 2314 4573 5735 5482 4907 5736 5483 4908
1885 13 2 0 1 1838 1998 2142 1346 1386 1422 5735 5482 4216 4907 2319 4578 1772 1745 1685 5737 5484 4909
1886 13 2 0 1 215 295 300 1859 2179 2199 566 629 3409 631 5023 5643 5073 5676 5693 5074 5678 5694
1887 13 2 0 1 1859 2179 2199 1860 2180 2200 5073 5676 3414 5693 5028 5648 5075 5680 5695 5076 5682 5696
1888 13 2 0 1 1860 2180 2200 1861 2181 2201 5075 5680 3419 5695 5033 5653 5077 5684 5697 5078 5686 5698
1889 13 2 0 1 1861 2181 2201 1862 2182 2202 5077 5684 3424 5697 5038 5658 5079 5688 5699 5080 5690 5700
1890 13 2 0 1 1862 2182 2202 1352 1432 1437 5079 5688 3429 5699 5043 5663 1703 1766 1768 5081 5692 5701
1891 13 2 0 1 50 250 271 1175 1999 2083 487 637 1241 636 3680 5100 4292 5738 5739 4293 5740 5741
1892 13 2 0 1 1175 1999 2083 1176 2000 2084 4292 5738 1244 5739 3685 5105 4294 5742 5743 4295 5744 5745
1893 13 2 0 1 1176 2000 2084 1177 2001 2085 4294 5742 1247 5743 3690 5110 4296 5746 5747 4297 5748 5749
1894 13 2 0 1 1177 2001 2085 1178 2002 2086 4296 5746 1250 5747 3695 5115 4298 5750 5751 4299 5752 5753
1895 13 2 0 1 1178 2002 2086 145 1387 1408 4298 5750 1253 5751 3700 5120 1624 1774 1773 4300 5754 5755
1896 13 2 0 1 251 31 270 2003 1004 2079 488 639 3703 638 1071 5123 4301 5756 5757 4302 5758 5759
1897 13 2 0 1 2003 1004 2079 2004 1005 2080 4301 5756 3708 5757 1074 5128 4303 5760 5761 4304 5762 5763
1898 13 2 0 1 2004 1005 2080 2005 1006 2081 4303 5760 3713 5761 1077 5133 4305 5764 5765 4306 5766 5767
1899 13 2 0 1 2005 1006 2081 2006 1007 2082 4305 5764 3718 5765 1080 5138 4307 5768 5769 4308 5770 5771
1900 13 2 0 1 2006 1007 2082 1388 128 1407 4307 5768 3723 5769 1082 5143 1625 1776 1775 4309 5772 5773
1901 13 2 0 1 250 210 271 1999 1839 2083 640 636 3680 573 3772 5100 5774 5739 5146 5775 5741 5147
1902 13 2 0 1 1999 1839 2083 2000 1840 2084 5774 5739 3685 5146 3780 5105 5776 5743 5148 5777 5745 5149
1903 13 2 0 1 2000 1840 2084 2001 1841 2085 5776 5743 3690 5148 3788 5110 5778 5747 5150 5779 5749 5151
1904 13 2 0 1 2001 1841 2085 2002 1842 2086 5778 5747 3695 5150 3796 5115 5780 5751 5152 5781 5753 5153
1905 13 2 0 1 2002 1842 2086 1387 1347 1408 5780 5751 3700 5152 3804 5120 1777 1773 1710 5782 5755 5154
1906 13 2 0 1 211 251 270 1843 2003 2079 641 574 4581 639 3703 5123 5783 5155 5756 5784 5156 5758
1907 13 2 0 1 1843 2003 2079 1844 2004 2080 5783 5155 4586 5756 3708 5128 5785 5157 5760 5786 5158 5762
1908 13 2 0 1 1844 2004 2080 1845 2005 2081 5785 5157 4591 5760 3713 5133 5787 5159 5764 5788 5160 5766
1909 13 2 0 1 1845 2005 2081 1846 2006 2082 5787 5159 4596 5764 3718 5138 5789 5161 5768 5790 5162 5770
1910 13 2 0 1 1846 2006 2082 1348 1388 1407 5789 5161 4601 5768 3723 5143 1778 1711 1776 5791 5163 5772
1911 13 2 0 1 69 252 272 662 2007 2087 489 643 728 642 3726 5164 4310 5792 5793 4311 5794 5795
1912 13 2 0 1 662 2007 2087 663 2008 2088 4310 5792 731 5793 3731 5169 4312 5796 5797 4313 5798 5799
1913 13 2 0 1 663 2008 2088 664 2009 2089 4312 5796 734 5797 3736 5174 4314 5800 5801 4315 5802 5803
1914 13 2 0 1 664 2009 2089 665 2010 2090 4314 5800 737 5801 3741 5179 4316 5804 5805 4317 5806 5807
1915 13 2 0 1 665 2010 2090 88 1389 1409 4316 5804 740 5805 3746 5184 1626 1780 1779 4318 5808 5809
1916 13 2 0 1 252 212 272 2007 1847 2087 644 642 3726 578 2503 5164 5810 5793 5196 5811 5795 5197
1917 13 2 0 1 2007 1847 2087 2008 1848 2088 5810 5793 3731 5196 2512 5169 5812 5797 5198 5813 5799 5199
1918 13 2 0 1 2008 1848 2088 2009 1849 2089 5812 5797 3736 5198 2521 5174 5814 5801 5200 5815 5803 5201
1919 13 2 0 1 2009 1849 2089 2010 1850 2090 5814 5801 3741 5200 2530 5179 5816 5805 5202 5817 5807 5203
1920 13 2 0 1 2010 1850 2090 1389 1349 1409 5816 5805 3746 5202 2539 5184 1781 1779 1715 5818 5809 5204
1921 13 2 0 1 12 253 273 833 2011 2091 490 646 899 645 3749 5268 4319 5819 5820 4320 5821 5822
1922 13 2 0 1 833 2011 2091 834 2012 2092 4319 5819 902 5820 3754 5273 4321 5823 5824 4322 5825 5826
1923 13 2 0 1 834 2012 2092 835 2013 2093 4321 5823 905 5824 3759 5278 4323 5827 5828 4324 5829 5830
1924 13 2 0 1 835 2013 2093 836 2014 2094 4323 5827 908 5828 3764 5283 4325 5831 5832 4326 5833 5834
1925 13 2 0 1 836 2014 2094 107 1390 1410 4325 5831 911 5832 3769 5288 1627 1783 1782 4327 5835 5836
1926 13 2 0 1 253 216 273 2011 1863 2091 647 645 3749 588 2545 5268 5837 5820 5291 5838 5822 5292
1927 13 2 0 1 2011 1863 2091 2012 1864 2092 5837 5820 3754 5291 2554 5273 5839 5824 5293 5840 5826 5294
1928 13 2 0 1 2012 1864 2092 2013 1865 2093 5839 5824 3759 5293 2563 5278 5841 5828 5295 5842 5830 5296
1929 13 2 0 1 2013 1865 2093 2014 1866 2094 5841 5828 3764 5295 2572 5283 5843 5832 5297 5844 5834 5298
1930 13 2 0 1 2014 1866 2094 1390 1353 1410 5843 5832 3769 5297 2581 5288 1784 1782 1725 5845 5836 5299
1931 13 2 0 1 211 262 291 1843 2047 2163 593 648 4581 373 2440 3062 5332 5846 3063 5334 5847 3065
1932 13 2 0 1 1843 2047 2163 1844 2048 2164 5332 5846 4586 3063 2449 3067 5336 5848 3068 5338 5849 3070
1933 13 2 0 1 1844 2048 2164 1845 2049 2165 5336 5848 4591 3068 2458 3072 5340 5850 3073 5342 5851 3075
1934 13 2 0 1 1845 2049 2165 1846 2050 2166 5340 5850 4596 3073 2467 3077 5344 5852 3078 5346 5853 3080
1935 13 2 0 1 1846 2050 2166 1348 1399 1428 5344 5852 4601 3078 2476 3082 1730 1785 1510 5348 5854 3083
1936 13 2 0 1 31 30 270 1004 1000 2079 40 638 1071 572 1057 5123 1070 5757 5124 1072 5759 5126
1937 13 2 0 1 1004 1000 2079 1005 1001 2080 1070 5757 1074 5124 1060 5128 1073 5761 5129 1075 5763 5131
1938 13 2 0 1 1005 1001 2080 1006 1002 2081 1073 5761 1077 5129 1063 5133 1076 5765 5134 1078 5767 5136
1939 13 2 0 1 1006 1002 2081 1007 1003 2082 1076 5765 1080 5134 1066 5138 1079 5769 5139 1081 5771 5141
1940 13 2 0 1 1007 1003 2082 128 129 1407 1079 5769 1082 5139 1068 5143 138 1775 1709 1083 5773 5144
1941 13 2 0 1 49 50 271 1171 1175 2083 59 569 1227 637 1241 5100 1242 5102 5738 1243 5104 5740
1942 13 2 0 1 1171 1175 2083 1172 1176 2084 1242 5102 1230 5738 1244 5105 1245 5107 5742 1246 5109 5744
1943 13 2 0 1 1172 1176 2084 1173 1177 2085 1245 5107 1233 5742 1247 5110 1248 5112 5746 1249 5114 5748
1944 13 2 0 1 1173 1177 2085 1174 1178 2086 1248 5112 1236 5746 1250 5115 1251 5117 5750 1252 5119 5752
1945 13 2 0 1 1174 1178 2086 144 145 1408 1251 5117 1239 5750 1253 5120 154 1706 1774 1254 5122 5754
1946 13 2 0 1 68 69 272 658 662 2087 78 575 714 643 728 5164 729 5166 5792 730 5168 5794
1947 13 2 0 1 658 662 2087 659 663 2088 729 5166 717 5792 731 5169 732 5171 5796 733 5173 5798
1948 13 2 0 1 659 663 2088 660 664 2089 732 5171 720 5796 734 5174 735 5176 5800 736 5178 5802
1949 13 2 0 1 660 664 2089 661 665 2090 735 5176 723 5800 737 5179 738 5181 5804 739 5183 5806
1950 13 2 0 1 661 665 2090 87 88 1409 738 5181 726 5804 740 5184 97 1712 1780 741 5186 5808
1951 13 2 0 1 11 12 273 829 833 2091 21 586 885 646 899 5268 900 5270 5819 901 5272 5821
1952 13 2 0 1 829 833 2091 830 834 2092 900 5270 888 5819 902 5273 903 5275 5823 904 5277 5825
1953 13 2 0 1 830 834 2092 831 835 2093 903 5275 891 5823 905 5278 906 5280 5827 907 5282 5829
1954 13 2 0 1 831 835 2093 832 836 2094 906 5280 894 5827 908 5283 909 5285 5831 910 5287 5833
1955 13 2 0 1 832 836 2094 106 107 1410 909 5285 897 5831 911 5288 116 1723 1783 912 5290 5835
1956 13 2 0 1 14 15 274 841 845 2095 24 364 927 585 941 2970 942 2972 5259 943 2974 5260
1957 13 2 0 1 841 845 2095 842 846 2096 942 2972 930 5259 944 2975 945 2977 5261 946 2979 5262
1958 13 2 0 1 842 846 2096 843 847 2097 945 2977 933 5261 947 2980 948 2982 5263 949 2984 5264
1959 13 2 0 1 843 847 2097 844 848 2098 948 2982 936 5263 950 2985 951 2987 5265 952 2989 5266
1960 13 2 0 1 844 848 2098 109 110 1411 951 2987 939 5265 953 2990 119 1501 1722 954 2992 5267
1961 13 2 0 1 52 53 275 1183 1187 2099 62 366 1269 581 1283 2993 1284 2995 5223 1285 2997 5224
1962 13 2 0 1 1183 1187 2099 1184 1188 2100 1284 2995 1272 5223 1286 2998 1287 3000 5225 1288 3002 5226
1963 13 2 0 1 1184 1188 2100 1185 1189 2101 1287 3000 1275 5225 1289 3003 1290 3005 5227 1291 3007 5228
1964 13 2 0 1 1185 1189 2101 1186 1190 2102 1290 3005 1278 5227 1292 3008 1293 3010 5229 1294 3012 5230
1965 13 2 0 1 1186 1190 2102 147 148 1412 1293 3010 1281 5229 1295 3013 157 1503 1718 1296 3015 5231
1966 13 2 0 1 71 72 276 670 674 2103 81 368 756 583 770 3016 771 3018 5241 772 3020 5242
1967 13 2 0 1 670 674 2103 671 675 2104 771 3018 759 5241 773 3021 774 3023 5243 775 3025 5244
1968 13 2 0 1 671 675 2104 672 676 2105 774 3023 762 5243 776 3026 777 3028 5245 778 3030 5246
1969 13 2 0 1 672 676 2105 673 677 2106 777 3028 765 5245 779 3031 780 3033 5247 781 3035 5248
1970 13 2 0 1 673 677 2106 90 91 1413 780 3033 768 5247 782 3036 100 1505 1720 783 3038 5249
1971 13 2 0 1 34 33 277 1016 1012 2107 43 584 1113 371 1099 3039 1112 5250 3040 1114 5251 3042
1972 13 2 0 1 1016 1012 2107 1017 1013 2108 1112 5250 1116 3040 1102 3044 1115 5252 3045 1117 5253 3047
1973 13 2 0 1 1017 1013 2108 1018 1014 2109 1115 5252 1119 3045 1105 3049 1118 5254 3050 1120 5255 3052
1974 13 2 0 1 1018 1014 2109 1019 1015 2110 1118 5254 1122 3050 1108 3054 1121 5256 3055 1123 5257 3057
1975 13 2 0 1 1019 1015 2110 125 126 1414 1121 5256 1124 3055 1110 3059 135 1721 1508 1125 5258 3060
1976 13 2 0 1 213 242 294 1851 1967 2175 348 564 2786 492 2671 4328 2788 5055 4329 2791 5056 4331
1977 13 2 0 1 1851 1967 2175 1852 1968 2176 2788 5055 2794 4329 2679 4333 2796 5057 4334 2799 5058 4336
1978 13 2 0 1 1852 1968 2176 1853 1969 2177 2796 5057 2802 4334 2687 4338 2804 5059 4339 2807 5060 4341
1979 13 2 0 1 1853 1969 2177 1854 1970 2178 2804 5059 2810 4339 2695 4343 2812 5061 4344 2815 5062 4346
1980 13 2 0 1 1854 1970 2178 1350 1379 1431 2812 5061 2818 4344 2703 4348 1485 1701 1629 2820 5063 4349
1981 13 2 0 1 214 243 296 1855 1971 2183 351 565 2823 494 2709 4351 2825 5064 4352 2828 5065 4354
1982 13 2 0 1 1855 1971 2183 1856 1972 2184 2825 5064 2831 4352 2718 4356 2833 5066 4357 2836 5067 4359
1983 13 2 0 1 1856 1972 2184 1857 1973 2185 2833 5066 2839 4357 2727 4361 2841 5068 4362 2844 5069 4364
1984 13 2 0 1 1857 1973 2185 1858 1974 2186 2841 5068 2847 4362 2736 4366 2849 5070 4367 2852 5071 4369
1985 13 2 0 1 1858 1974 2186 1351 1380 1433 2849 5070 2855 4367 2745 4371 1488 1702 1631 2857 5072 4372
1986 13 2 0 1 217 244 297 1867 1975 2187 423 568 3350 496 2750 4374 3617 5091 4375 3620 5092 4377
1987 13 2 0 1 1867 1975 2187 1868 1976 2188 3617 5091 3355 4375 2758 4379 3624 5093 4380 3627 5094 4382
1988 13 2 0 1 1868 1976 2188 1869 1977 2189 3624 5093 3360 4380 2766 4384 3631 5095 4385 3634 5096 4387
1989 13 2 0 1 1869 1977 2189 1870 1978 2190 3631 5095 3365 4385 2774 4389 3638 5097 4390 3641 5098 4392
1990 13 2 0 1 1870 1978 2190 1354 1381 1434 3638 5097 3370 4390 2782 4394 1560 1705 1633 3645 5099 4395
1991 13 2 0 1 210 250 290 1839 1999 2159 640 610 3772 537 3680 3877 5774 5487 4802 5775 5490 4803
1992 13 2 0 1 1839 1999 2159 1840 2000 2160 5774 5487 3780 4802 3685 3884 5776 5493 4804 5777 5496 4805
1993 13 2 0 1 1840 2000 2160 1841 2001 2161 5776 5493 3788 4804 3690 3891 5778 5499 4806 5779 5502 4807
1994 13 2 0 1 1841 2001 2161 1842 2002 2162 5778 5499 3796 4806 3695 3898 5780 5505 4808 5781 5508 4809
1995 13 2 0 1 1842 2002 2162 1347 1387 1427 5780 5505 3804 4808 3700 3905 1777 1747 1674 5782 5511 4810
1996 13 2 0 1 251 211 291 2003 1843 2163 641 538 3703 648 4581 3062 5783 4811 5846 5784 4812 5847
1997 13 2 0 1 2003 1843 2163 2004 1844 2164 5783 4811 3708 5846 4586 3067 5785 4813 5848 5786 4814 5849
1998 13 2 0 1 2004 1844 2164 2005 1845 2165 5785 4813 3713 5848 4591 3072 5787 4815 5850 5788 4816 5851
1999 13 2 0 1 2005 1845 2165 2006 1846 2166 5787 4815 3718 5850 4596 3077 5789 4817 5852 5790 4818 5853
2000 13 2 0 1 2006 1846 2166 1388 1348 1428 5789 4817 3723 5852 4601 3082 1778 1675 1785 5791 4819 5854
2001 13 2 0 1 212 252 292 1847 2007 2167 644 612 2503 539 3726 3927 5810 5513 4820 5811 5515 4821
2002 13 2 0 1 1847 2007 2167 1848 2008 2168 5810 5513 2512 4820 3731 3934 5812 5517 4822 5813 5519 4823
2003 13 2 0 1 1848 2008 2168 1849 2009 2169 5812 5517 2521 4822 3736 3941 5814 5521 4824 5815 5523 4825
2004 13 2 0 1 1849 2009 2169 1850 2010 2170 5814 5521 2530 4824 3741 3948 5816 5525 4826 5817 5527 4827
2005 13 2 0 1 1850 2010 2170 1349 1389 1429 5816 5525 2539 4826 3746 3955 1781 1749 1676 5818 5529 4828
2006 13 2 0 1 216 253 293 1863 2011 2171 647 614 2545 540 3749 3959 5837 5531 4829 5838 5533 4830
2007 13 2 0 1 1863 2011 2171 1864 2012 2172 5837 5531 2554 4829 3754 3966 5839 5535 4831 5840 5537 4832
2008 13 2 0 1 1864 2012 2172 1865 2013 2173 5839 5535 2563 4831 3759 3973 5841 5539 4833 5842 5541 4834
2009 13 2 0 1 1865 2013 2173 1866 2014 2174 5841 5539 2572 4833 3764 3980 5843 5543 4835 5844 5545 4836
2010 13 2 0 1 1866 2014 2174 1353 1390 1430 5843 5543 2581 4835 3769 3987 1784 1751 1677 5845 5547 4837
2011 13 2 0 1 198 254 299 1791 2015 2195 619 625 5300 628 3773 5602 5575 5634 5666 5576 5635 5667
2012 13 2 0 1 1791 2015 2195 1792 2016 2196 5575 5634 5307 5666 3781 5607 5577 5636 5668 5578 5637 5669
2013 13 2 0 1 1792 2016 2196 1793 2017 2197 5577 5636 5314 5668 3789 5612 5579 5638 5670 5580 5639 5671
2014 13 2 0 1 1793 2017 2197 1794 2018 2198 5579 5638 5321 5670 3797 5617 5581 5640 5672 5582 5641 5673
2015 13 2 0 1 1794 2018 2198 1335 1391 1436 5581 5640 5328 5672 3805 5622 1756 1762 1765 5583 5642 5674
2016 13 2 0 1 201 257 300 1803 2027 2199 620 626 3657 630 3845 5643 5584 5645 5675 5585 5647 5677
2017 13 2 0 1 1803 2027 2199 1804 2028 2200 5584 5645 3662 5675 3852 5648 5586 5650 5679 5587 5652 5681
2018 13 2 0 1 1804 2028 2200 1805 2029 2201 5586 5650 3667 5679 3859 5653 5588 5655 5683 5589 5657 5685
2019 13 2 0 1 1805 2029 2201 1806 2030 2202 5588 5655 3672 5683 3866 5658 5590 5660 5687 5591 5662 5689
2020 13 2 0 1 1806 2030 2202 1338 1394 1437 5590 5660 3677 5687 3873 5663 1757 1763 1767 5592 5665 5691
2021 13 2 0 1 265 197 298 2059 1787 2191 526 324 2398 649 3327 2480 4704 2482 5855 4706 2484 5856
2022 13 2 0 1 2059 1787 2191 2060 1788 2192 4704 2482 2407 5855 3332 2485 4708 2487 5857 4710 2489 5858
2023 13 2 0 1 2060 1788 2192 2061 1789 2193 4708 2487 2416 5857 3337 2490 4712 2492 5859 4714 2494 5860
2024 13 2 0 1 2061 1789 2193 2062 1790 2194 4712 2492 2425 5859 3342 2495 4716 2497 5861 4718 2499 5862
2025 13 2 0 1 2062 1790 2194 1402 1334 1435 4716 2497 2434 5861 3347 2500 1663 1461 1786 4720 2502 5863
2026 13 2 0 1 197 264 298 1787 2055 2191 398 649 3327 396 2373 2480 3329 5855 3310 3331 5856 3312
2027 13 2 0 1 1787 2055 2191 1788 2056 2192 3329 5855 3332 3310 2378 2485 3334 5857 3314 3336 5858 3316
2028 13 2 0 1 1788 2056 2192 1789 2057 2193 3334 5857 3337 3314 2383 2490 3339 5859 3318 3341 5860 3320
2029 13 2 0 1 1789 2057 2193 1790 2058 2194 3339 5859 3342 3318 2388 2495 3344 5861 3322 3346 5862 3324
2030 13 2 0 1 1790 2058 2194 1334 1401 1435 3344 5861 3347 3322 2393 2500 1535 1786 1533 3349 5863 3326
$EndElements
$Periodic
9
0 5 4
1
5 4
0 6 1
1
6 1
0 10 2
1
7 2
0 14 3
1
8 3
1 6 4
9
85 66
86 67
87 68
88 69
89 70
90 71
91 72
92 73
93 74
1 7 1
9
104 9
105 10
106 11
107 12
108 13
109 14
110 15
111 16
112 17
1 8 2
9
123 36
124 35
125 34
126 33
127 32
128 31
129 30
130 29
131 28
1 9 3
9
142 47
143 48
144 49
145 50
146 51
147 52
148 53
149 54
150 55
2 26 1
104
1338 201
1339 202
1340 203
1341 204
1342 205
1343 206
1344 207
1345 208
1346 209
1347 210
1348 211
1349 212
1350 213
1367 230
1368 231
1351 214
1352 215
1353 216
1354 217
1355 218
1356 219
1357 220
1358 221
1359 222
1360 223
1361 224
1362 225
1363 226
1364 227
1365 228
1366 229
1399 262
1400 263
1401 264
1381 244
1382 245
1383 246
1384 247
1385 248
1386 249
1387 250
1388 251
1389 252
1390 253
1391 254
1392 255
1393 256
1394 257
1395 258
1396 259
1397 260
1398 261
1402 265
1403 266
1404 267
1405 268
1406 269
1407 270
1408 271
1409 272
1369 232
1370 233
1371 234
1372 235
1373 236
1374 237
1375 238
1376 239
1377 240
1378 241
1379 242
1380 243
1334 197
1335 198
1336 199
1337 200
1410 273
1411 274
1412 275
1413 276
1414 277
1415 278
1416 279
1417 280
1418 281
1419 282
1420 283
1421 284
1422 285
1423 286
1424 287
1425 288
1426 289
1427 290
1428 291
1429 292
1430 293
1431 294
1432 295
1433 296
1434 297
1435 298
1436 299
1437 300
$EndPeriodic
