$MeshFormat
2.2 0 8
$EndMeshFormat
$Nodes
11696
1 -20 -2 0
2 20 -2 0
3 20 2 0
4 -20 2 0
5 -1 0 0
6 1 0 0
7 -19.70149253731307 -2 0
8 -19.40298507462613 -2 0
9 -19.1044776119392 -2 0
10 -18.80597014925226 -2 0
11 -18.50746268656533 -2 0
12 -18.20895522387839 -2 0
13 -17.91044776119145 -2 0
14 -17.61194029850452 -2 0
15 -17.31343283581758 -2 0
16 -17.01492537313065 -2 0
17 -16.71641791044371 -2 0
18 -16.41791044775678 -2 0
19 -16.11940298506984 -2 0
20 -15.82089552238291 -2 0
21 -15.52238805969597 -2 0
22 -15.22388059700914 -2 0
23 -14.9253731343227 -2 0
24 -14.62686567163682 -2 0
25 -14.32835820895122 -2 0
26 -14.0298507462656 -2 0
27 -13.73134328357999 -2 0
28 -13.43283582089439 -2 0
29 -13.13432835820877 -2 0
30 -12.83582089552316 -2 0
31 -12.53731343283755 -2 0
32 -12.23880597015194 -2 0
33 -11.94029850746633 -2 0
34 -11.64179104478072 -2 0
35 -11.34328358209511 -2 0
36 -11.0447761194095 -2 0
37 -10.74626865672389 -2 0
38 -10.44776119403828 -2 0
39 -10.14925373135268 -2 0
40 -9.850746268667068 -2 0
41 -9.552238805981457 -2 0
42 -9.253731343295847 -2 0
43 -8.955223880610239 -2 0
44 -8.656716417924631 -2 0
45 -8.358208955239022 -2 0
46 -8.059701492553412 -2 0
47 -7.761194029867804 -2 0
48 -7.462686567182192 -2 0
49 -7.164179104496585 -2 0
50 -6.865671641810977 -2 0
51 -6.567164179125369 -2 0
52 -6.268656716439757 -2 0
53 -5.970149253754149 -2 0
54 -5.67164179106854 -2 0
55 -5.373134328382928 -2 0
56 -5.074626865697322 -2 0
57 -4.776119403011714 -2 0
58 -4.477611940326105 -2 0
59 -4.179104477640493 -2 0
60 -3.880597014954482 -2 0
61 -3.582089552267835 -2 0
62 -3.283582089580904 -2 0
63 -2.985074626893969 -2 0
64 -2.686567164207034 -2 0
65 -2.388059701520099 -2 0
66 -2.089552238833164 -2 0
67 -1.791044776146229 -2 0
68 -1.492537313459295 -2 0
69 -1.19402985077236 -2 0
70 -0.8955223880854248 -2 0
71 -0.59701492539849 -2 0
72 -0.2985074627115551 -2 0
73 -2.462030579408747e-11 -2 0
74 0.2985074626623145 -2 0
75 0.5970149253492494 -2 0
76 0.8955223880361842 -2 0
77 1.194029850723119 -2 0
78 1.492537313410054 -2 0
79 1.791044776096989 -2 0
80 2.089552238783924 -2 0
81 2.388059701470858 -2 0
82 2.686567164157793 -2 0
83 2.985074626844725 -2 0
84 3.283582089531659 -2 0
85 3.582089552218598 -2 0
86 3.880597014905529 -2 0
87 4.179104477592468 -2 0
88 4.477611940279399 -2 0
89 4.776119402966334 -2 0
90 5.074626865653272 -2 0
91 5.373134328340203 -2 0
92 5.671641791027142 -2 0
93 5.970149253714077 -2 0
94 6.268656716401004 -2 0
95 6.567164179087939 -2 0
96 6.865671641774874 -2 0
97 7.164179104461809 -2 0
98 7.462686567148747 -2 0
99 7.761194029835679 -2 0
100 8.059701492522613 -2 0
101 8.358208955209552 -2 0
102 8.656716417896483 -2 0
103 8.955223880583421 -2 0
104 9.253731343270353 -2 0
105 9.552238805957284 -2 0
106 9.850746268644222 -2 0
107 10.14925373133115 -2 0
108 10.44776119401809 -2 0
109 10.74626865670503 -2 0
110 11.04477611939196 -2 0
111 11.3432835820789 -2 0
112 11.64179104476583 -2 0
113 11.94029850745277 -2 0
114 12.2388059701397 -2 0
115 12.53731343282664 -2 0
116 12.83582089551357 -2 0
117 13.13432835820051 -2 0
118 13.43283582088743 -2 0
119 13.73134328357437 -2 0
120 14.0298507462613 -2 0
121 14.32835820894824 -2 0
122 14.62686567163517 -2 0
123 14.92537313432211 -2 0
124 15.22388059700904 -2 0
125 15.52238805969598 -2 0
126 15.82089552238291 -2 0
127 16.11940298506985 -2 0
128 16.41791044775678 -2 0
129 16.71641791044372 -2 0
130 17.01492537313065 -2 0
131 17.31343283581759 -2 0
132 17.61194029850452 -2 0
133 17.91044776119146 -2 0
134 18.20895522387839 -2 0
135 18.50746268656533 -2 0
136 18.80597014925226 -2 0
137 19.1044776119392 -2 0
138 19.40298507462613 -2 0
139 19.70149253731307 -2 0
140 -19.85074626865662 -2 0
141 -19.55223880596957 -2 0
142 -19.25373134328266 -2 0
143 -18.95522388059582 -2 0
144 -18.65671641790889 -2 0
145 -18.35820895522189 -2 0
146 -18.05970149253495 -2 0
147 -17.76119402984797 -2 0
148 -17.46268656716102 -2 0
149 -17.16417910447416 -2 0
150 -16.86567164178716 -2 0
151 -16.56716417910015 -2 0
152 -16.2686567164134 -2 0
153 -15.97014925372639 -2 0
154 -15.67164179103948 -2 0
155 -15.37313432835254 -2 0
156 -15.07462686566583 -2 0
157 -14.77611940297977 -2 0
158 -14.47761194029405 -2 0
159 -14.17910447760837 -2 0
160 -13.88059701492277 -2 0
161 -13.58208955223727 -2 0
162 -13.28358208955149 -2 0
163 -12.98507462686601 -2 0
164 -12.68656716418035 -2 0
165 -12.38805970149474 -2 0
166 -12.08955223880917 -2 0
167 -11.79104477612349 -2 0
168 -11.49253731343787 -2 0
169 -11.19402985075228 -2 0
170 -10.89552238806664 -2 0
171 -10.59701492538105 -2 0
172 -10.29850746269544 -2 0
173 -10.00000000000984 -2 0
174 -9.701492537324279 -2 0
175 -9.402985074638558 -2 0
176 -9.104477611953136 -2 0
177 -8.80597014926736 -2 0
178 -8.507462686581885 -2 0
179 -8.208955223896123 -2 0
180 -7.910447761210719 -2 0
181 -7.611940298524985 -2 0
182 -7.313432835839436 -2 0
183 -7.014925373153741 -2 0
184 -6.716417910468305 -2 0
185 -6.417910447782544 -2 0
186 -6.119402985097 -2 0
187 -5.820895522411359 -2 0
188 -5.522388059725699 -2 0
189 -5.223880597040136 -2 0
190 -4.925373134354503 -2 0
191 -4.626865671668931 -2 0
192 -4.328358208983282 -2 0
193 -4.029850746297472 -2 0
194 -3.73134328361116 -2 0
195 -3.432835820924435 -2 0
196 -3.134328358237518 -2 0
197 -2.835820895550516 -2 0
198 -2.537313432863638 -2 0
199 -2.238805970176628 -2 0
200 -1.940298507489832 -2 0
201 -1.641791044802869 -2 0
202 -1.343283582115866 -2 0
203 -1.044776119428917 -2 0
204 -0.7462686567420072 -2 0
205 -0.4477611940552393 -2 0
206 -0.1492537313680984 -2 0
207 0.1492537313187867 -2 0
208 0.4477611940058068 -2 0
209 0.7462686566927417 -2 0
210 1.044776119379563 -2 0
211 1.343283582066753 -2 0
212 1.641791044753415 -2 0
213 1.940298507440481 -2 0
214 2.238805970127416 -2 0
215 2.537313432814265 -2 0
216 2.835820895501257 -2 0
217 3.134328358188213 -2 0
218 3.432835820875283 -2 0
219 3.731343283562087 -2 0
220 4.029850746248869 -2 0
221 4.328358208935931 -2 0
222 4.626865671622866 -2 0
223 4.925373134309897 -2 0
224 5.223880596996775 -2 0
225 5.522388059683514 -2 0
226 5.820895522370751 -2 0
227 6.11940298505754 -2 0
228 6.417910447744344 -2 0
229 6.716417910431378 -2 0
230 7.014925373118295 -2 0
231 7.313432835805209 -2 0
232 7.611940298492229 -2 0
233 7.910447761179086 -2 0
234 8.208955223866205 -2 0
235 8.507462686552991 -2 0
236 8.805970149239869 -2 0
237 9.104477611926882 -2 0
238 9.402985074613799 -2 0
239 9.701492537300823 -2 0
240 9.999999999987725 -2 0
241 10.29850746267456 -2 0
242 10.59701492536171 -2 0
243 10.89552238804848 -2 0
244 11.19402985073556 -2 0
245 11.49253731342243 -2 0
246 11.7910447761092 -2 0
247 12.0895522387963 -2 0
248 12.38805970148307 -2 0
249 12.68656716417015 -2 0
250 12.9850746268571 -2 0
251 13.28358208954401 -2 0
252 13.58208955223095 -2 0
253 13.88059701491781 -2 0
254 14.17910447760468 -2 0
255 14.47761194029123 -2 0
256 14.77611940297873 -2 0
257 15.07462686566552 -2 0
258 15.37313432835246 -2 0
259 15.67164179103952 -2 0
260 15.97014925372618 -2 0
261 16.26865671641327 -2 0
262 16.5671641791003 -2 0
263 16.86567164178728 -2 0
264 17.16417910447409 -2 0
265 17.46268656716111 -2 0
266 17.76119402984803 -2 0
267 18.05970149253473 -2 0
268 18.35820895522188 -2 0
269 18.65671641790873 -2 0
270 18.95522388059572 -2 0
271 19.25373134328279 -2 0
272 19.5522388059696 -2 0
273 19.8507462686566 -2 0
274 20 -1.714285714286508 0
275 20 -1.428571428573016 0
276 20 -1.142857142859525 0
277 20 -0.8571428571460329 0
278 20 -0.5714285714325411 0
279 20 -0.2857142857190493 0
280 20 -5.514033674103302e-12 0
281 20 0.2857142857095205 0
282 20 0.5714285714245992 0
283 20 0.8571428571396793 0
284 20 1.14285714285476 0
285 20 1.42857142856984 0
286 20 1.71428571428492 0
287 20 -1.857142857143233 0
288 20 -1.571428571429721 0
289 20 -1.285714285716271 0
290 20 -1.000000000002779 0
291 20 -0.7142857142892871 0
292 20 -0.4285714285757951 0
293 20 -0.1428571428622818 0
294 20 0.1428571428520033 0
295 20 0.4285714285670599 0
296 20 0.7142857142821395 0
297 20 0.9999999999972196 0
298 20 1.2857142857123 0
299 20 1.57142857142738 0
300 20 1.85714285714246 0
301 19.70149253731307 2 0
302 19.40298507462613 2 0
303 19.1044776119392 2 0
304 18.80597014925226 2 0
305 18.50746268656533 2 0
306 18.20895522387839 2 0
307 17.91044776119145 2 0
308 17.61194029850452 2 0
309 17.31343283581758 2 0
310 17.01492537313065 2 0
311 16.71641791044371 2 0
312 16.41791044775678 2 0
313 16.11940298506984 2 0
314 15.82089552238291 2 0
315 15.52238805969597 2 0
316 15.22388059700914 2 0
317 14.9253731343227 2 0
318 14.62686567163682 2 0
319 14.32835820895122 2 0
320 14.0298507462656 2 0
321 13.73134328357999 2 0
322 13.43283582089439 2 0
323 13.13432835820877 2 0
324 12.83582089552316 2 0
325 12.53731343283755 2 0
326 12.23880597015194 2 0
327 11.94029850746633 2 0
328 11.64179104478072 2 0
329 11.34328358209511 2 0
330 11.0447761194095 2 0
331 10.74626865672389 2 0
332 10.44776119403828 2 0
333 10.14925373135268 2 0
334 9.850746268667068 2 0
335 9.552238805981457 2 0
336 9.253731343295847 2 0
337 8.955223880610239 2 0
338 8.656716417924631 2 0
339 8.358208955239022 2 0
340 8.059701492553412 2 0
341 7.761194029867804 2 0
342 7.462686567182192 2 0
343 7.164179104496585 2 0
344 6.865671641810977 2 0
345 6.567164179125369 2 0
346 6.268656716439757 2 0
347 5.970149253754149 2 0
348 5.67164179106854 2 0
349 5.373134328382928 2 0
350 5.074626865697322 2 0
351 4.776119403011714 2 0
352 4.477611940326105 2 0
353 4.179104477640493 2 0
354 3.880597014954482 2 0
355 3.582089552267835 2 0
356 3.283582089580904 2 0
357 2.985074626893969 2 0
358 2.686567164207034 2 0
359 2.388059701520099 2 0
360 2.089552238833164 2 0
361 1.791044776146229 2 0
362 1.492537313459295 2 0
363 1.19402985077236 2 0
364 0.8955223880854248 2 0
365 0.59701492539849 2 0
366 0.2985074627115551 2 0
367 2.462030579408747e-11 2 0
368 -0.2985074626623145 2 0
369 -0.5970149253492494 2 0
370 -0.8955223880361842 2 0
371 -1.194029850723119 2 0
372 -1.492537313410054 2 0
373 -1.791044776096989 2 0
374 -2.089552238783924 2 0
375 -2.388059701470858 2 0
376 -2.686567164157793 2 0
377 -2.985074626844725 2 0
378 -3.283582089531659 2 0
379 -3.582089552218598 2 0
380 -3.880597014905529 2 0
381 -4.179104477592468 2 0
382 -4.477611940279399 2 0
383 -4.776119402966334 2 0
384 -5.074626865653272 2 0
385 -5.373134328340203 2 0
386 -5.671641791027142 2 0
387 -5.970149253714077 2 0
388 -6.268656716401004 2 0
389 -6.567164179087939 2 0
390 -6.865671641774874 2 0
391 -7.164179104461809 2 0
392 -7.462686567148747 2 0
393 -7.761194029835679 2 0
394 -8.059701492522613 2 0
395 -8.358208955209552 2 0
396 -8.656716417896483 2 0
397 -8.955223880583421 2 0
398 -9.253731343270353 2 0
399 -9.552238805957284 2 0
400 -9.850746268644222 2 0
401 -10.14925373133115 2 0
402 -10.44776119401809 2 0
403 -10.74626865670503 2 0
404 -11.04477611939196 2 0
405 -11.3432835820789 2 0
406 -11.64179104476583 2 0
407 -11.94029850745277 2 0
408 -12.2388059701397 2 0
409 -12.53731343282664 2 0
410 -12.83582089551357 2 0
411 -13.13432835820051 2 0
412 -13.43283582088743 2 0
413 -13.73134328357437 2 0
414 -14.0298507462613 2 0
415 -14.32835820894824 2 0
416 -14.62686567163517 2 0
417 -14.92537313432211 2 0
418 -15.22388059700904 2 0
419 -15.52238805969598 2 0
420 -15.82089552238291 2 0
421 -16.11940298506985 2 0
422 -16.41791044775678 2 0
423 -16.71641791044372 2 0
424 -17.01492537313065 2 0
425 -17.31343283581759 2 0
426 -17.61194029850452 2 0
427 -17.91044776119146 2 0
428 -18.20895522387839 2 0
429 -18.50746268656533 2 0
430 -18.80597014925226 2 0
431 -19.1044776119392 2 0
432 -19.40298507462613 2 0
433 -19.70149253731307 2 0
434 19.85074626865662 2 0
435 19.55223880596957 2 0
436 19.25373134328266 2 0
437 18.95522388059582 2 0
438 18.65671641790889 2 0
439 18.35820895522189 2 0
440 18.05970149253495 2 0
441 17.76119402984797 2 0
442 17.46268656716102 2 0
443 17.16417910447416 2 0
444 16.86567164178716 2 0
445 16.56716417910015 2 0
446 16.2686567164134 2 0
447 15.97014925372639 2 0
448 15.67164179103948 2 0
449 15.37313432835254 2 0
450 15.07462686566583 2 0
451 14.77611940297977 2 0
452 14.47761194029405 2 0
453 14.17910447760837 2 0
454 13.88059701492277 2 0
455 13.58208955223727 2 0
456 13.28358208955149 2 0
457 12.98507462686601 2 0
458 12.68656716418035 2 0
459 12.38805970149474 2 0
460 12.08955223880917 2 0
461 11.79104477612349 2 0
462 11.49253731343787 2 0
463 11.19402985075228 2 0
464 10.89552238806664 2 0
465 10.59701492538105 2 0
466 10.29850746269544 2 0
467 10.00000000000984 2 0
468 9.701492537324279 2 0
469 9.402985074638558 2 0
470 9.104477611953136 2 0
471 8.80597014926736 2 0
472 8.507462686581885 2 0
473 8.208955223896123 2 0
474 7.910447761210719 2 0
475 7.611940298524985 2 0
476 7.313432835839436 2 0
477 7.014925373153741 2 0
478 6.716417910468305 2 0
479 6.417910447782544 2 0
480 6.119402985097 2 0
481 5.820895522411359 2 0
482 5.522388059725699 2 0
483 5.223880597040136 2 0
484 4.925373134354503 2 0
485 4.626865671668931 2 0
486 4.328358208983282 2 0
487 4.029850746297472 2 0
488 3.73134328361116 2 0
489 3.432835820924435 2 0
490 3.134328358237518 2 0
491 2.835820895550516 2 0
492 2.537313432863638 2 0
493 2.238805970176628 2 0
494 1.940298507489832 2 0
495 1.641791044802869 2 0
496 1.343283582115866 2 0
497 1.044776119428917 2 0
498 0.7462686567420072 2 0
499 0.4477611940552393 2 0
500 0.1492537313680984 2 0
501 -0.1492537313187867 2 0
502 -0.4477611940058068 2 0
503 -0.7462686566927417 2 0
504 -1.044776119379563 2 0
505 -1.343283582066753 2 0
506 -1.641791044753415 2 0
507 -1.940298507440481 2 0
508 -2.238805970127416 2 0
509 -2.537313432814265 2 0
510 -2.835820895501257 2 0
511 -3.134328358188213 2 0
512 -3.432835820875283 2 0
513 -3.731343283562087 2 0
514 -4.029850746248869 2 0
515 -4.328358208935931 2 0
516 -4.626865671622866 2 0
517 -4.925373134309897 2 0
518 -5.223880596996775 2 0
519 -5.522388059683514 2 0
520 -5.820895522370751 2 0
521 -6.11940298505754 2 0
522 -6.417910447744344 2 0
523 -6.716417910431378 2 0
524 -7.014925373118295 2 0
525 -7.313432835805209 2 0
526 -7.611940298492229 2 0
527 -7.910447761179086 2 0
528 -8.208955223866205 2 0
529 -8.507462686552991 2 0
530 -8.805970149239869 2 0
531 -9.104477611926882 2 0
532 -9.402985074613799 2 0
533 -9.701492537300823 2 0
534 -9.999999999987725 2 0
535 -10.29850746267456 2 0
536 -10.59701492536171 2 0
537 -10.89552238804848 2 0
538 -11.19402985073556 2 0
539 -11.49253731342243 2 0
540 -11.7910447761092 2 0
541 -12.0895522387963 2 0
542 -12.38805970148307 2 0
543 -12.68656716417015 2 0
544 -12.9850746268571 2 0
545 -13.28358208954401 2 0
546 -13.58208955223095 2 0
547 -13.88059701491781 2 0
548 -14.17910447760468 2 0
549 -14.47761194029123 2 0
550 -14.77611940297873 2 0
551 -15.07462686566552 2 0
552 -15.37313432835246 2 0
553 -15.67164179103952 2 0
554 -15.97014925372618 2 0
555 -16.26865671641327 2 0
556 -16.5671641791003 2 0
557 -16.86567164178728 2 0
558 -17.16417910447409 2 0
559 -17.46268656716111 2 0
560 -17.76119402984803 2 0
561 -18.05970149253473 2 0
562 -18.35820895522188 2 0
563 -18.65671641790873 2 0
564 -18.95522388059572 2 0
565 -19.25373134328279 2 0
566 -19.5522388059696 2 0
567 -19.8507462686566 2 0
568 -20 1.714285714286508 0
569 -20 1.428571428573016 0
570 -20 1.142857142859525 0
571 -20 0.8571428571460329 0
572 -20 0.5714285714325411 0
573 -20 0.2857142857190493 0
574 -20 5.514033674103302e-12 0
575 -20 -0.2857142857095205 0
576 -20 -0.5714285714245992 0
577 -20 -0.8571428571396793 0
578 -20 -1.14285714285476 0
579 -20 -1.42857142856984 0
580 -20 -1.71428571428492 0
581 -20 1.857142857143233 0
582 -20 1.571428571429721 0
583 -20 1.285714285716271 0
584 -20 1.000000000002779 0
585 -20 0.7142857142892871 0
586 -20 0.4285714285757951 0
587 -20 0.1428571428622818 0
588 -20 -0.1428571428520033 0
589 -20 -0.4285714285670599 0
590 -20 -0.7142857142821395 0
591 -20 -0.9999999999972196 0
592 -20 -1.2857142857123 0
593 -20 -1.57142857142738 0
594 -20 -1.85714285714246 0
595 -0.9969173337332524 -0.07845909572626381 0
596 -0.9876883405954013 -0.1564344650385664 0
597 -0.9723699203980857 -0.2334453638542013 0
598 -0.9510565162957113 -0.3090169943732308 0
599 -0.9238795325120124 -0.3826834323633378 0
600 -0.891006524189296 -0.4539904997377251 0
601 -0.8526401643552496 -0.5224985647140602 0
602 -0.8090169943763501 -0.5877852522905425 0
603 -0.7604059656016361 -0.6494480483283043 0
604 -0.7071067811884142 -0.7071067811846808 0
605 -0.6494480483322915 -0.7604059655982307 0
606 -0.5877852522948356 -0.8090169943732309 0
607 -0.5224985647185237 -0.8526401643525143 0
608 -0.4539904997423675 -0.8910065241869307 0
609 -0.382683432368145 -0.9238795325100212 0
610 -0.3090169943782245 -0.9510565162940888 0
611 -0.2334453638594088 -0.9723699203968356 0
612 -0.1564344650439057 -0.9876883405945557 0
613 -0.07845909573171415 -0.9969173337328234 0
614 -3.969552634584742e-12 -1 0
615 0.07845909572409306 -0.9969173337334233 0
616 0.1564344650368311 -0.9876883405956762 0
617 0.2334453638527939 -0.9723699203984236 0
618 0.3090169943722331 -0.9510565162960355 0
619 0.3826834323626943 -0.9238795325122791 0
620 0.4539904997374294 -0.8910065241894467 0
621 0.522498564714121 -0.8526401643552123 0
622 0.5877852522910302 -0.8090169943759957 0
623 0.6494480483289902 -0.7604059656010502 0
624 0.7071067811856107 -0.7071067811874843 0
625 0.7604059655993499 -0.649448048330981 0
626 0.8090169943744931 -0.5877852522930983 0
627 0.8526401643539191 -0.5224985647162315 0
628 0.8910065241883132 -0.4539904997396541 0
629 0.9238795325113293 -0.3826834323649873 0
630 0.9510565162952629 -0.3090169943746109 0
631 0.9723699203978198 -0.2334453638553092 0
632 0.9876883405952992 -0.1564344650392116 0
633 0.9969173337332278 -0.07845909572657755 0
634 -0.9992290362407541 -0.03925981575827595 0
635 -0.9930684569551179 -0.1175373974562186 0
636 -0.9807852804035683 -0.19509032201443 0
637 -0.9624552364541288 -0.2714404498633669 0
638 -0.9381913359231259 -0.3461170570757535 0
639 -0.9081431738259079 -0.4186597375356351 0
640 -0.8724960070738371 -0.4886212414950979 0
641 -0.8314696123038207 -0.5555702330176934 0
642 -0.7853169308822509 -0.6190939493079237 0
643 -0.7343225094374131 -0.6788007455310729 0
644 -0.6788007455349366 -0.7343225094338415 0
645 -0.6190939493120715 -0.785316930878981 0
646 -0.555570233022065 -0.8314696123008997 0
647 -0.4886212414996415 -0.8724960070712926 0
648 -0.4186597375403673 -0.9081431738237262 0
649 -0.3461170570806741 -0.9381913359213105 0
650 -0.2714404498684686 -0.9624552364526899 0
651 -0.1950903220197223 -0.9807852804025156 0
652 -0.1175373974616258 -0.993068456954478 0
653 -0.0392598157630067 -0.9992290362405682 0
654 0.03925981575522392 -0.999229036240874 0
655 0.117537397454235 -0.9930684569553527 0
656 0.1950903220128552 -0.9807852804038815 0
657 0.27144044986218 -0.9624552364544635 0
658 0.3461170570749443 -0.9381913359234244 0
659 0.4186597375351891 -0.9081431738261134 0
660 0.4886212414949669 -0.8724960070739104 0
661 0.5555702330179798 -0.8314696123036293 0
662 0.6190939493085277 -0.7853169308817748 0
663 0.6788007455319237 -0.7343225094366266 0
664 0.7343225094348937 -0.6788007455337983 0
665 0.7853169308801771 -0.6190939493105544 0
666 0.8314696123022384 -0.5555702330200615 0
667 0.8724960070726837 -0.4886212414971575 0
668 0.9081431738250899 -0.4186597375374094 0
669 0.938191335922564 -0.3461170570772766 0
670 0.9624552364537799 -0.271440449864604 0
671 0.9807852804033903 -0.1950903220153246 0
672 0.9930684569550596 -0.1175373974567108 0
673 0.9992290362407487 -0.03925981575841354 0
674 0.9969173337332524 0.07845909572626381 0
675 0.9876883405954013 0.1564344650385664 0
676 0.9723699203980857 0.2334453638542013 0
677 0.9510565162957113 0.3090169943732308 0
678 0.9238795325120124 0.3826834323633378 0
679 0.891006524189296 0.4539904997377251 0
680 0.8526401643552496 0.5224985647140602 0
681 0.8090169943763501 0.5877852522905425 0
682 0.7604059656016361 0.6494480483283043 0
683 0.7071067811884142 0.7071067811846808 0
684 0.6494480483322915 0.7604059655982307 0
685 0.5877852522948356 0.8090169943732309 0
686 0.5224985647185237 0.8526401643525143 0
687 0.4539904997423675 0.8910065241869307 0
688 0.382683432368145 0.9238795325100212 0
689 0.3090169943782245 0.9510565162940888 0
690 0.2334453638594088 0.9723699203968356 0
691 0.1564344650439057 0.9876883405945557 0
692 0.07845909573171415 0.9969173337328234 0
693 3.969552634584742e-12 1 0
694 -0.07845909572409306 0.9969173337334233 0
695 -0.1564344650368311 0.9876883405956762 0
696 -0.2334453638527939 0.9723699203984236 0
697 -0.3090169943722331 0.9510565162960355 0
698 -0.3826834323626943 0.9238795325122791 0
699 -0.4539904997374294 0.8910065241894467 0
700 -0.522498564714121 0.8526401643552123 0
701 -0.5877852522910302 0.8090169943759957 0
702 -0.6494480483289902 0.7604059656010502 0
703 -0.7071067811856107 0.7071067811874843 0
704 -0.7604059655993499 0.649448048330981 0
705 -0.8090169943744931 0.5877852522930983 0
706 -0.8526401643539191 0.5224985647162315 0
707 -0.8910065241883132 0.4539904997396541 0
708 -0.9238795325113293 0.3826834323649873 0
709 -0.9510565162952629 0.3090169943746109 0
710 -0.9723699203978198 0.2334453638553092 0
711 -0.9876883405952992 0.1564344650392116 0
712 -0.9969173337332278 0.07845909572657755 0
713 0.9992290362407541 0.03925981575827595 0
714 0.9930684569551179 0.1175373974562186 0
715 0.9807852804035683 0.19509032201443 0
716 0.9624552364541288 0.2714404498633669 0
717 0.9381913359231259 0.3461170570757535 0
718 0.9081431738259079 0.4186597375356351 0
719 0.8724960070738371 0.4886212414950979 0
720 0.8314696123038207 0.5555702330176934 0
721 0.7853169308822509 0.6190939493079237 0
722 0.7343225094374131 0.6788007455310729 0
723 0.6788007455349366 0.7343225094338415 0
724 0.6190939493120715 0.785316930878981 0
725 0.555570233022065 0.8314696123008997 0
726 0.4886212414996415 0.8724960070712926 0
727 0.4186597375403673 0.9081431738237262 0
728 0.3461170570806741 0.9381913359213105 0
729 0.2714404498684686 0.9624552364526899 0
730 0.1950903220197223 0.9807852804025156 0
731 0.1175373974616258 0.993068456954478 0
732 0.0392598157630067 0.9992290362405682 0
733 -0.03925981575522392 0.999229036240874 0
734 -0.117537397454235 0.9930684569553527 0
735 -0.1950903220128552 0.9807852804038815 0
736 -0.27144044986218 0.9624552364544635 0
737 -0.3461170570749443 0.9381913359234244 0
738 -0.4186597375351891 0.9081431738261134 0
739 -0.4886212414949669 0.8724960070739104 0
740 -0.5555702330179798 0.8314696123036293 0
741 -0.6190939493085277 0.7853169308817748 0
742 -0.6788007455319237 0.7343225094366266 0
743 -0.7343225094348937 0.6788007455337983 0
744 -0.7853169308801771 0.6190939493105544 0
745 -0.8314696123022384 0.5555702330200615 0
746 -0.8724960070726837 0.4886212414971575 0
747 -0.9081431738250899 0.4186597375374094 0
748 -0.938191335922564 0.3461170570772766 0
749 -0.9624552364537799 0.271440449864604 0
750 -0.9807852804033903 0.1950903220153246 0
751 -0.9930684569550596 0.1175373974567108 0
752 -0.9992290362407487 0.03925981575841354 0
753 2.885819443257075 0.1133841547280922 0
754 -2.885819443257069 -0.113384154728086 0
755 2.063264447200888 -0.7611784410001019 0
756 -2.063264447200883 0.7611784410001 0
757 -1.957671465635627 -0.7323023107167047 0
758 1.957671465635626 0.7323023107167049 0
759 -18.03596209191954 0.01560406175941246 0
760 18.03596209191954 -0.0156040617594272 0
761 -4.895012927306491 0.007046060712190346 0
762 4.895012927306499 -0.007046060712192175 0
763 -14.4905313383565 0.007446606765866344 0
764 14.4905313383565 -0.007446606765866343 0
765 12.36937752816411 -0.0501623034923732 0
766 -12.36937752816411 0.05016230349237319 0
767 10.29257638098013 -0.01767855977641912 0
768 -10.29257638098013 0.01767855977641911 0
769 -8.204870352578354 -0.04656407975359173 0
770 8.204870352578356 0.04656407975359106 0
771 16.24452918628628 -0.2173942442229367 0
772 -16.24452918628628 0.2173942442229367 0
773 1.755640617330892 -0.06360021410921138 0
774 -1.755640617330889 0.06360021410921146 0
775 1.390533965209078 -1.091593398911494 0
776 -1.390533965209076 1.091593398911492 0
777 -1.358102606923165 -1.066793970915025 0
778 1.358102606923165 1.066793970915025 0
779 -6.547278638167435 -0.3098065897951681 0
780 6.547278638167438 0.3098065897951713 0
781 1.462691726712521 -0.5499361301466603 0
782 -1.46269172671252 0.5499361301466601 0
783 1.492192374833628 0.429946976233314 0
784 -1.492192374833627 -0.4299469762333138 0
785 0.8611018075817467 -1.30564242698571 0
786 -0.8611018075817463 1.305642426985709 0
787 0.8333455814818401 1.287442894984492 0
788 -0.83334558148184 -1.287442894984492 0
789 3.847404637466351 -0.7020605687486703 0
790 -3.847404637466347 0.7020605687486723 0
791 -0.4010598019167695 1.422050791185326 0
792 0.4010598019167695 -1.422050791185326 0
793 -13.4328358208945 -0.7271107150831493 0
794 13.4328358208945 0.7271107150831493 0
795 -11.37840741692639 -0.7052635784779697 0
796 11.37840741692639 0.7052635784779696 0
797 -9.253731343295968 -0.7271107150833845 0
798 9.253731343295968 0.7271107150833845 0
799 9.25373134329573 -0.7271107150827127 0
800 -9.25373134329573 0.7271107150827127 0
801 11.34631585763131 -0.7182305985614343 0
802 -11.34631585763131 0.7182305985614343 0
803 13.43283582089426 -0.727110715082979 0
804 -13.43283582089426 0.727110715082979 0
805 -0.3994792610711271 -1.416446616038502 0
806 0.3994792610711271 1.416446616038502 0
807 5.880131453129508 -0.7391940848512527 0
808 -5.880131453129499 0.7391940848512475 0
809 7.2092797405097 -0.7506707488215627 0
810 -7.209279740509701 0.7506707488215625 0
811 -17.00509319342698 -0.753517960293959 0
812 17.00509319342698 0.753517960293959 0
813 -15.48240782020058 -0.740902777456952 0
814 15.48240782020058 0.740902777456952 0
815 -3.941756314226982 -0.7647346810378985 0
816 3.941756314226989 0.7647346810379 0
817 18.81245312379035 -0.8301229162728954 0
818 -18.81245312379035 0.8301229162728954 0
819 18.82828365527371 0.779729231036719 0
820 -18.82828365527372 -0.779729231036697 0
821 17.22394998540812 -0.8518979763534849 0
822 -17.22394998540812 0.8518979763534849 0
823 15.26255428937487 -0.8463402907751283 0
824 -15.26255428937487 0.8463402907751283 0
825 -5.574337548340425 -0.8768754523990636 0
826 5.574337548340429 0.8768754523990654 0
827 -7.518016450351984 -0.8639072813435806 0
828 7.518016450351988 0.8639072813435831 0
829 1.380727058306315 0.05424891386814362 0
830 -1.380727058306315 -0.05424891386814361 0
831 1.205608325558394 0.6751731033897027 0
832 -1.205608325558394 -0.6751731033897026 0
833 -2.865300175300557 -1.045076956279601 0
834 2.865300175300552 1.045076956279606 0
835 1.154124548622598 -0.7688974930488419 0
836 -1.154124548622598 0.7688974930488418 0
837 -2.96171674506376 1.067785704396796 0
838 2.961716745063765 -1.067785704396797 0
839 4.805724466673332 -0.9986240077729523 0
840 -4.805724466673328 0.9986240077729519 0
841 -14.44931147494814 -0.9694005996938025 0
842 14.44931147494814 0.9694005996938027 0
843 -12.39352127020939 -0.9616614016940788 0
844 12.39352127020939 0.9616614016940788 0
845 -10.2985074626955 -1.005569169080315 0
846 10.2985074626955 1.005569169080315 0
847 8.208955223866083 -1.005569169079435 0
848 -8.208955223866083 1.005569169079435 0
849 10.29850746267464 -1.005569169079607 0
850 -10.29850746267464 1.005569169079607 0
851 12.38805970148318 -1.005569169079785 0
852 -12.38805970148318 1.005569169079785 0
853 1.297501145988802 -0.2444991330121191 0
854 -1.297501145988802 0.2444991330121189 0
855 0.9694929266235195 0.8961900430960752 0
856 -0.9694929266235196 -0.8961900430960753 0
857 -0.9037126316700449 0.9739470813560592 0
858 0.9037126316700448 -0.9739470813560592 0
859 -17.90594654259477 -1.051236240994895 0
860 17.90594654259477 1.051236240994895 0
861 14.33074388517472 -1.046861199611879 0
862 -14.33074388517472 1.046861199611879 0
863 0.01730454121426395 -1.349435462786209 0
864 -0.01730454121426394 1.349435462786208 0
865 -8.41223573038663 -1.099548783478658 0
866 8.412235730386634 1.099548783478661 0
867 19.15460624239187 0.04370354750262122 0
868 -19.15460624239184 -0.04370354750263188 0
869 16.23255000322087 -1.111086367794683 0
870 -16.23255000322087 1.111086367794683 0
871 -4.733873280948586 -1.120645289685694 0
872 4.733873280948591 1.120645289685697 0
873 18.02466337503029 -1.14417769395797 0
874 -18.02466337503029 1.14417769395797 0
875 -16.23804067734552 -1.146392780673351 0
876 16.23804067734552 1.146392780673351 0
877 -6.718328501634477 -1.153436856114699 0
878 6.71832850163448 1.153436856114702 0
879 5.760690425689122 0.05693320276185892 0
880 -5.760690425689116 -0.05693320276185589 0
881 7.340799597806077 0.06829546714109475 0
882 -7.340799597806072 -0.0682954671410954 0
883 1.922129568503675 1.340676505884902 0
884 -1.922129568503676 -1.340676505884901 0
885 -17.16257721599297 0.03486607967236642 0
886 17.16257721599297 -0.03486607967236642 0
887 15.4463995720311 -0.04422354661089266 0
888 -15.4463995720311 0.04422354661089266 0
889 1.221075688127754 0.3444383159139216 0
890 -1.221075688127754 -0.3444383159139215 0
891 -6.562117653429547 1.215156069742751 0
892 6.562117653429544 -1.215156069742753 0
893 -3.66370708331866 -0.03381487070027725 0
894 3.663707083318666 0.0338148707002793 0
895 2.369215010529503 -0.2101104692595266 0
896 -2.3692150105295 0.2101104692595253 0
897 -1.966701952400431 1.313989442414653 0
898 1.966701952400434 -1.313989442414653 0
899 11.61265571705672 1.671908371164254e-13 0
900 -11.61265571705672 -1.671908371164254e-13 0
901 13.14541440527556 0.03408668972277249 0
902 -13.14541440527556 -0.03408668972277249 0
903 -8.974464023448466 -0.03065915207148698 0
904 8.974464023448462 0.03065915207148747 0
905 0.6278291802119697 -1.121357847791603 0
906 -0.6278291802119694 1.121357847791602 0
907 0.5343734386775848 1.192077628382673 0
908 -0.5343734386775846 -1.192077628382673 0
909 1.155452052532408 -0.5077250131074251 0
910 -1.155452052532408 0.5077250131074251 0
911 -6.547100718044485 0.427169654268622 0
912 6.547100718044487 -0.4271696542686192 0
913 19.33693614473253 -1.280483781799755 0
914 -19.33693614473253 1.280483781799755 0
915 19.33331788241383 1.2857142857123 0
916 -19.33331788241384 -1.2857142857123 0
917 8.791304789866473 -1.292682766969184 0
918 -8.791304789866473 1.292682766969184 0
919 10.93737381833478 -1.303366508495738 0
920 -10.93737381833478 1.303366508495738 0
921 13.01260619666354 -1.31560518442324 0
922 -13.01260619666354 1.31560518442324 0
923 -13.01487754311583 -1.309585889271132 0
924 13.01487754311583 1.309585889271132 0
925 -13.86038575928217 -1.379753172366394 0
926 13.86038575928217 1.379753172366394 0
927 -10.90936143887528 -1.370257001100714 0
928 10.90936143887528 1.370257001100714 0
929 -11.73783883819052 -1.337091534847632 0
930 11.73783883819052 1.337091534847632 0
931 -9.626536320369897 -1.256977642117891 0
932 9.626536320369899 1.256977642117889 0
933 11.70469625522863 -1.348471898143373 0
934 -11.70469625522863 1.348471898143373 0
935 9.613844890065742 -1.342464932870935 0
936 -9.613844890065742 1.342464932870935 0
937 5.436601262025636 -1.297458869660985 0
938 -5.43660126202563 1.297458869660986 0
939 3.505014009487748 1.324598975375446 0
940 -3.505014009487747 -1.324598975375444 0
941 -2.167526603361484 -0.2269597499027053 0
942 2.167526603361486 0.2269597499027066 0
943 16.36132888455969 0.4815181507168296 0
944 -16.36132888455969 -0.4815181507168296 0
945 3.228174033227523 -0.4492387130562416 0
946 -3.228174033227517 0.4492387130562436 0
947 7.595772966143934 -1.322641089161535 0
948 -7.595772966143933 1.322641089161535 0
949 -3.544253986737304 1.353569867051097 0
950 3.544253986737308 -1.353569867051097 0
951 -15.086985308827 -1.325499462544842 0
952 15.086985308827 1.325499462544842 0
953 -13.8637471325681 -0.1488957314148452 0
954 13.8637471325681 0.1488957314148452 0
955 10.95558158987619 0.1700266637668824 0
956 -10.95558158987619 -0.1700266637668824 0
957 9.641433335514815 0.1700266637668623 0
958 -9.641433335514815 -0.1700266637668623 0
959 -0.7547166559684759 -0.9573535141265813 0
960 0.754716655968476 0.9573535141265814 0
961 -4.219945702841336 1.301685369052288 0
962 4.21994570284134 -1.301685369052289 0
963 13.72822556995628 -1.34324576794214 0
964 -13.72822556995628 1.34324576794214 0
965 6.060521483323951 1.363786947576507 0
966 -6.060521483323948 -1.363786947576504 0
967 4.280007755072744 -0.1683251918877912 0
968 -4.280007755072738 0.1683251918877926 0
969 -17.31116182555098 -1.339184090538164 0
970 17.31116182555098 1.339184090538164 0
971 3.299188563648282 0.5849085860321829 0
972 -3.299188563648277 -0.584908586032173 0
973 -0.243042818985078 -1.221858762137896 0
974 0.243042818985078 1.221858762137896 0
975 10.74015388863873 -0.5145356200715623 0
976 -10.74015388863873 0.5145356200715623 0
977 9.856861036747365 -0.5145356200693678 0
978 -9.856861036747365 0.5145356200693678 0
979 -2.503354833336552 -0.6567859564280676 0
980 2.503354833336551 0.65678595642807 0
981 5.255169835707891 -0.5306769379305709 0
982 -5.255169835707884 0.5306769379305691 0
983 -0.2432389523927384 1.202322817069222 0
984 0.2432389523927384 -1.202322817069222 0
985 -8.99240370310994 -1.357571680176024 0
986 8.992403703109943 1.357571680176025 0
987 15.66234495269994 -1.362387645374275 0
988 -15.66234495269994 1.362387645374275 0
989 -1.536482814313996 -0.7686167656651526 0
990 1.536482814313997 0.7686167656651531 0
991 -14.0659931199632 0.4871306111249821 0
992 14.0659931199632 -0.4871306111249822 0
993 -18.50448813111661 -1.334157289824139 0
994 18.50448813111662 1.334157289824154 0
995 7.814342966476872 -0.508924957461807 0
996 -7.814342966476873 0.5089249574618065 0
997 -14.87867262799524 -0.5027845845400121 0
998 14.87867262799524 0.5027845845400121 0
999 4.474782684100824 0.5314638617530151 0
1000 -4.474782684100814 -0.5314638617530123 0
1001 -17.58073954612713 -0.4796757163683096 0
1002 17.58073954612713 0.4796757163683096 0
1003 16.87547487398044 -1.379972076135799 0
1004 -16.87547487398044 1.379972076135799 0
1005 14.88613285485726 -1.362427234930035 0
1006 -14.88613285485726 1.362427234930035 0
1007 -4.110035623868807 -1.355590702686563 0
1008 4.11003562386881 1.355590702686561 0
1009 1.207766854650591 1.529621619352316 0
1010 -1.207766854650591 -1.529621619352316 0
1011 8.699668196564563 -0.5332559715866557 0
1012 -8.699668196564563 0.5332559715866557 0
1013 12.8511622554936 -0.4968993105649733 0
1014 -12.8511622554936 0.4968993105649732 0
1015 -12.82332693295627 -0.5394625945303635 0
1016 12.82332693295627 0.5394625945303635 0
1017 -11.95279247003339 -0.5394625945302629 0
1018 11.95279247003339 0.5394625945302629 0
1019 11.95279247002884 -0.5394625945284213 0
1020 -11.95279247002884 0.5394625945284213 0
1021 -1.200115797347605 0.04865902851646847 0
1022 1.200115797347605 -0.04865902851646835 0
1023 19.37766215953702 -0.5422315922135469 0
1024 -19.37766215953701 0.5422315922135639 0
1025 -19.37056094487729 -0.5467075547260196 0
1026 19.37056094487729 0.5467075547260105 0
1027 -1.176483391313676 -0.137791229924291 0
1028 1.176483391313676 0.137791229924291 0
1029 -18.55983942967225 0.266816476123218 0
1030 18.55983942967225 -0.266816476123218 0
1031 -0.9673975719051389 -0.6705315167525828 0
1032 0.967397571905139 0.6705315167525829 0
1033 -2.562335280562619 0.7019075940262587 0
1034 2.562335280562623 -0.7019075940262586 0
1035 1.075184223933898 0.497388108677628 0
1036 -1.075184223933897 -0.4973881086776279 0
1037 0.9503711006736923 -0.7452197812552698 0
1038 -0.9503711006736921 0.7452197812552699 0
1039 8.535701378496992 0.4811983340585286 0
1040 -8.53570137849699 -0.4811983340585301 0
1041 -1.236575579169396 1.564656086865723 0
1042 1.236575579169397 -1.564656086865723 0
1043 -18.28154716266408 -0.5553214270656089 0
1044 18.28154716266408 0.5553214270656077 0
1045 -17.79097685774541 0.5790051799735497 0
1046 17.79097685774541 -0.5790051799735497 0
1047 -7.814833828073214 -1.395602366112952 0
1048 7.814833828073211 1.395602366112954 0
1049 2.517609296471989 -1.434763721779172 0
1050 -2.517609296471985 1.434763721779171 0
1051 18.57991513262135 -1.409295631090258 0
1052 -18.57991513262135 1.409295631090258 0
1053 -14.7247685912016 0.5673105196646336 0
1054 14.7247685912016 -0.5673105196646336 0
1055 17.51853978058701 -1.435219419532993 0
1056 -17.51853978058701 1.435219419532993 0
1057 -15.76171011349982 -1.415093620580345 0
1058 15.76171011349982 1.415093620580345 0
1059 -5.270926361145037 -1.402263821070678 0
1060 5.270926361145039 1.402263821070679 0
1061 15.84001063159613 -0.7013159780068764 0
1062 -15.84001063159613 0.7013159780068764 0
1063 0.407702026800954 -1.11591698359859 0
1064 -0.4077020268009538 1.11591698359859 0
1065 16.59749034233562 -0.6275597169058922 0
1066 -16.59749034233562 0.6275597169058923 0
1067 -7.218290643863825 -1.383383616254599 0
1068 7.218290643863827 1.383383616254599 0
1069 -6.089934020029832 -0.8252048445813925 0
1070 6.089934020029835 0.8252048445813979 0
1071 -7.93650805207893 -0.5350399715647418 0
1072 7.936508052078935 0.5350399715647395 0
1073 -2.456945067564336 -1.447424005839829 0
1074 2.456945067564332 1.447424005839831 0
1075 1.834286082405775 -0.4483610728406751 0
1076 -1.834286082405771 0.4483610728406734 0
1077 -5.022970368982677 -0.5390040087324988 0
1078 5.022970368982685 0.5390040087325 0
1079 1.707830435893979 -0.8271044783301372 0
1080 -1.707830435893976 0.8271044783301351 0
1081 -5.97814307580621 1.43503950591976 0
1082 5.978143075806216 -1.435039505919758 0
1083 -16.74954292116971 -1.439860441362613 0
1084 16.74954292116971 1.439860441362613 0
1085 7.004666845268122 0.6238537802213492 0
1086 -7.004666845268119 -0.6238537802213487 0
1087 -10.81371573995578 -0.7163360487853635 0
1088 10.81371573995578 0.7163360487853635 0
1089 -9.788568829892155 -0.7135551332107636 0
1090 9.788568829892151 0.7135551332107642 0
1091 -13.94284265337901 -0.76279553093039 0
1092 13.94284265337901 0.7627955309303901 0
1093 -7.053350318446075 1.478324401648542 0
1094 7.053350318446075 -1.478324401648541 0
1095 -15.77263433581745 -0.327081072814507 0
1096 15.77263433581745 0.327081072814507 0
1097 1.128192254630183 -0.3181831232576932 0
1098 -1.128192254630183 0.3181831232576932 0
1099 1.800380092623223 0.2641856111486568 0
1100 -1.800380092623221 -0.2641856111486558 0
1101 -0.7162303375320889 0.9328050289045567 0
1102 0.7162303375320885 -0.9328050289045571 0
1103 -0.04571059107182764 -1.184436122331801 0
1104 0.0457105910718277 1.184436122331801 0
1105 2.265413380921002 1.052181271167546 0
1106 -2.265413380921003 -1.052181271167546 0
1107 0.7164660492528394 1.625563162164967 0
1108 -0.7164660492528396 -1.625563162164967 0
1109 4.319641531408182 -0.7551393642190309 0
1110 -4.31964153140818 0.7551393642190358 0
1111 18.33971164385229 -0.7416060858860235 0
1112 -18.33971164385229 0.7416060858860236 0
1113 -4.961403994802426 1.493611499239164 0
1114 4.961403994802435 -1.493611499239164 0
1115 18.73715241269137 0.3372921202787363 0
1116 -18.73715241269138 -0.3372921202787401 0
1117 16.65738716464547 0.05218844178828901 0
1118 -16.65738716464547 -0.05218844178828899 0
1119 -0.7394611383721563 1.63036275703566 0
1120 0.7394611383721557 -1.630362757035661 0
1121 1.563027973783519 -0.2771866310693506 0
1122 -1.563027973783518 0.2771866310693508 0
1123 8.372227948624305 -1.489479762499401 0
1124 -8.372227948624305 1.489479762499401 0
1125 -14.3017219969568 -1.472302541759088 0
1126 14.3017219969568 1.472302541759088 0
1127 -12.55606526634489 -1.491889968637839 0
1128 12.55606526634489 1.491889968637839 0
1129 -10.44863103489867 -1.482734287592918 0
1130 10.44863103489867 1.482734287592918 0
1131 10.46178018742982 -1.489479762499941 0
1132 -10.46178018742982 1.489479762499941 0
1133 12.55133242623531 -1.48947976250048 0
1134 -12.55133242623531 1.48947976250048 0
1135 -3.05730235987879 1.524073608572241 0
1136 3.057302359878794 -1.524073608572242 0
1137 -0.1329728837439366 -1.662517239973425 0
1138 0.1329728837439362 1.662517239973425 0
1139 10.3184145912923 0.5027845845405342 0
1140 -10.3184145912923 -0.5027845845405342 0
1141 -2.985550725964137 -1.542671459954219 0
1142 2.985550725964136 1.542671459954219 0
1143 14.18356692095028 -1.523065206162368 0
1144 -14.18356692095028 1.523065206162368 0
1145 4.085231768312695 0.2417138789518665 0
1146 -4.085231768312688 -0.2417138789518629 0
1147 -3.398753708370708 0.8901801554085097 0
1148 3.398753708370711 -0.8901801554085075 0
1149 -14.90966189783783 0.1034173147261345 0
1150 14.90966189783783 -0.1034173147261345 0
1151 -17.7688317531691 -1.526279311566885 0
1152 17.7688317531691 1.526279311566885 0
1153 -1.691554590349692 -1.088951119083281 0
1154 1.691554590349691 1.088951119083282 0
1155 4.784042527509297 -0.4725510131237861 0
1156 -4.784042527509291 0.4725510131237849 0
1157 1.107014404306552 -1.153991174892071 0
1158 -1.107014404306552 1.153991174892071 0
1159 -0.8498618084870982 -0.7856041749848947 0
1160 0.8498618084870982 0.7856041749848947 0
1161 13.59206208527342 -0.2534726386188557 0
1162 -13.59206208527342 0.2534726386188557 0
1163 11.17763806896416 -0.2565128158380404 0
1164 -11.17763806896416 0.2565128158380404 0
1165 9.419376856424245 -0.2565128158361462 0
1166 -9.419376856424243 0.2565128158361462 0
1167 -6.227662502409771 0.04038712511138203 0
1168 6.227662502409775 -0.04038712511137797 0
1169 6.867872859096129 -0.04484014577202511 0
1170 -6.867872859096126 0.04484014577202396 0
1171 2.801398164717438 -0.31068358612381 0
1172 -2.801398164717431 0.3106835861238112 0
1173 -18.92251828064014 -1.518360434155866 0
1174 18.92251828064014 1.51836043415587 0
1175 -2.363470281046661 1.050986687486891 0
1176 2.363470281046667 -1.050986687486891 0
1177 -0.3904892745700879 -1.084974545537946 0
1178 0.3904892745700879 1.084974545537946 0
1179 0.5621001430389344 1.004470016348178 0
1180 -0.5621001430389345 -1.004470016348178 0
1181 -0.1762444319546599 1.636004777839153 0
1182 0.1762444319546603 -1.636004777839154 0
1183 -8.565147506584132 -1.547749082978224 0
1184 8.565147506584143 1.547749082978225 0
1185 -19.58070793318906 -0.1639371325994998 0
1186 19.58070793318907 0.1639371325995077 0
1187 -14.40653744888318 -0.4680457565217342 0
1188 14.40653744888318 0.4680457565217342 0
1189 1.417856477810904 -0.8063936050438631 0
1190 -1.417856477810904 0.8063936050438621 0
1191 -1.081796342270419 -1.145807624105317 0
1192 1.081796342270419 1.145807624105317 0
1193 9.25444871539878 -1.537678411185752 0
1194 -9.25444871539878 1.537678411185752 0
1195 11.33218884781179 -1.533550267247662 0
1196 -11.33218884781179 1.533550267247662 0
1197 -13.43283582089443 -1.53342685521476 0
1198 13.43283582089443 1.53342685521476 0
1199 -11.34328358209518 -1.533426855214764 0
1200 11.34328358209518 1.533426855214764 0
1201 -15.94591901415446 -0.8024285675829601 0
1202 15.94591901415446 0.8024285675829601 0
1203 1.102734649066873 0.3110132284587719 0
1204 -1.102734649066873 -0.311013228458772 0
1205 -4.564260262436531 -1.551811822729418 0
1206 4.564260262436537 1.551811822729418 0
1207 16.0853444488747 -1.541792046210661 0
1208 -16.0853444488747 1.541792046210661 0
1209 -6.470822878167784 -1.550858620082187 0
1210 6.470822878167784 1.550858620082187 0
1211 -8.818926211298374 -0.9074320173422624 0
1212 8.818926211298379 0.9074320173422594 0
1213 -0.9896072402603797 0.5519207029598083 0
1214 0.9896072402603795 -0.5519207029598083 0
1215 1.601901710822948 -1.356318876962193 0
1216 -1.601901710822946 1.356318876962192 0
1217 -1.740123520339794 -0.5640040775013571 0
1218 1.740123520339794 0.5640040775013573 0
1219 13.89600286691153 -0.9074001448314447 0
1220 -13.89600286691153 0.9074001448314447 0
1221 1.598997624851326 0.1955177722337956 0
1222 -1.598997624851325 -0.1955177722337956 0
1223 -7.784935157496773 -0.161999400773235 0
1224 7.784935157496776 0.1619994007732352 0
1225 -5.328452881577058 0.08606029728992122 0
1226 5.328452881577067 -0.08606029728992365 0
1227 0.5569525073068009 -0.9945102617074228 0
1228 -0.5569525073068006 0.9945102617074224 0
1229 -10.02039206645641 -1.570194259374389 0
1230 10.02039206645641 1.570194259374389 0
1231 -12.10994430525561 -1.570194259374424 0
1232 12.10994430525561 1.570194259374424 0
1233 12.10994430524873 -1.570194259373933 0
1234 -12.10994430524873 1.570194259373933 0
1235 10.02039206644407 -1.570194259373575 0
1236 -10.02039206644407 1.570194259373575 0
1237 18.98563505700366 -1.576921492075826 0
1238 -18.98563505700366 1.576921492075826 0
1239 -17.47799984231376 -0.9255372810923373 0
1240 17.47799984231376 0.9255372810923373 0
1241 2.047503611386785 -0.2108347915436179 0
1242 -2.047503611386782 0.2108347915436175 0
1243 18.97078482488738 -0.4540517822828035 0
1244 -18.97078482488737 0.4540517822828083 0
1245 12.39639870433698 0.4927099944746688 0
1246 -12.39639870433698 -0.4927099944746688 0
1247 12.3989716572206 -0.4642806474014237 0
1248 -12.3989716572206 0.4642806474014237 0
1249 -6.338938585952807 0.8444164448984953 0
1250 6.338938585952818 -0.8444164448985008 0
1251 -16.56689053927905 -0.8573472818905842 0
1252 16.56689053927905 0.8573472818905842 0
1253 2.540449796428014 0.256616349612395 0
1254 -2.540449796428011 -0.2566163496123927 0
1255 2.87392808974269 0.5703005081137191 0
1256 -2.873928089742688 -0.5703005081137128 0
1257 -6.785928216520185 0.8250593274120225 0
1258 6.785928216520182 -0.8250593274120243 0
1259 18.18871709855256 -1.553041390744438 0
1260 -18.18871709855256 1.553041390744438 0
1261 -4.339044794780367 -0.9247196777885129 0
1262 4.339044794780376 0.924719677788514 0
1263 -16.25900612601032 -1.561710640901993 0
1264 16.25900612601032 1.561710640901993 0
1265 -5.677436560026609 0.3771738921489933 0
1266 5.677436560026617 -0.3771738921489951 0
1267 19.58054814984863 -0.9374753470622536 0
1268 -19.58054814984863 0.9374753470622536 0
1269 19.59236769022885 0.923185102348179 0
1270 -19.59236769022885 -0.9231851023481787 0
1271 5.681975838097662 1.574793027307607 0
1272 -5.681975838097656 -1.574793027307606 0
1273 17.02859397371851 -0.4489132201854151 0
1274 -17.02859397371851 0.4489132201854151 0
1275 5.167358613407149 0.9468214688217197 0
1276 -5.167358613407147 -0.946821468821716 0
1277 -5.527619382201512 -0.445361039977884 0
1278 5.527619382201521 0.4453610399778837 0
1279 -15.30101451094032 -0.3362529768505176 0
1280 15.30101451094032 0.3362529768505176 0
1281 15.26145446417041 -1.558406256170458 0
1282 -15.26145446417041 1.558406256170458 0
1283 1.123963082837912 -0.1711516568559164 0
1284 -1.123963082837911 0.1711516568559163 0
1285 -17.60000788238757 0.1771618828896458 0
1286 17.60000788238757 -0.1771618828896458 0
1287 -7.943631922219487 1.579791910636136 0
1288 7.943631922219487 -1.579791910636136 0
1289 1.328170196106147 0.5131250699456069 0
1290 -1.328170196106146 -0.5131250699456062 0
1291 -1.627024230152157 -1.650228129343109 0
1292 1.627024230152157 1.65022812934311 0
1293 0.6461266796945953 -1.349551119140078 0
1294 -0.6461266796945955 1.349551119140077 0
1295 17.62374669904586 -0.9834806506068168 0
1296 -17.62374669904586 0.9834806506068168 0
1297 -14.73976699548569 -1.574851600497216 0
1298 14.73976699548569 1.574851600497216 0
1299 13.36554338350281 -1.572636364509142 0
1300 -13.36554338350281 1.572636364509142 0
1301 -7.39630391943856 0.3606617736935903 0
1302 7.396303919438561 -0.3606617736935909 0
1303 -15.02111322352112 -0.9018905377749609 0
1304 15.02111322352112 0.9018905377749609 0
1305 7.666551598633641 -0.8981011644773272 0
1306 -7.666551598633642 0.8981011644773258 0
1307 10.29850746269009 -0.4521160961627978 0
1308 -10.29850746269009 0.4521160961627978 0
1309 0.6585617544866201 1.39761284751869 0
1310 -0.65856175448662 -1.39761284751869 0
1311 -8.228523433068016 0.4295410450224107 0
1312 8.228523433068016 -0.4295410450224107 0
1313 9.6572084969984 -0.8739923997592376 0
1314 -9.6572084969984 0.8739923997592376 0
1315 10.92945033651057 -0.8688645342789266 0
1316 -10.92945033651057 0.8688645342789266 0
1317 -0.8130170536672127 0.8054110928692306 0
1318 0.8130170536672127 -0.8054110928692308 0
1319 7.964989002028597 0.9863044194441968 0
1320 -7.964989002028594 -0.9863044194441948 0
1321 6.078707243526047 0.3401450851290937 0
1322 -6.078707243526049 -0.3401450851290891 0
1323 15.82423600628031 -0.2540221809518681 0
1324 -15.82423600628031 0.2540221809518681 0
1325 -3.253097477541957 0.04449632692980886 0
1326 3.253097477541965 -0.04449632692980555 0
1327 0.1397160873296675 -1.14483400515598 0
1328 -0.1397160873296674 1.14483400515598 0
1329 -6.396133262511634 1.595961477677994 0
1330 6.39613326251164 -1.595961477677993 0
1331 -3.648489042521927 0.38364107466633 0
1332 3.648489042521931 -0.3836410746663278 0
1333 1.381749680727085 0.2481598567362989 0
1334 -1.381749680727083 -0.2481598567362991 0
1335 -16.98418562194407 -0.3322580767217062 0
1336 16.98418562194407 0.3322580767217062 0
1337 19.60327836167595 -1.598594297610259 0
1338 -19.60327836167595 1.598594297610259 0
1339 19.61296730634394 1.56772527292465 0
1340 -19.61296730634394 -1.567725272924648 0
1341 18.38769357893794 0.938570549144486 0
1342 -18.38769357893796 -0.9385705491444682 0
1343 -1.505163662410542 -1.333009871489582 0
1344 1.505163662410542 1.333009871489583 0
1345 -9.295944521061902 -1.593234713541727 0
1346 9.295944521061898 1.593234713541729 0
1347 -1.206120818357828 -0.8872459232582101 0
1348 1.206120818357828 0.8872459232582104 0
1349 -3.897051781618914 1.584155118960963 0
1350 3.897051781618916 -1.584155118960963 0
1351 7.503964038831771 0.5035280616763768 0
1352 -7.503964038831764 -0.5035280616763786 0
1353 -6.574496128168912 -0.7443731364225576 0
1354 6.574496128168912 0.7443731364225652 0
1355 15.28018992779514 -0.4816366257534115 0
1356 -15.28018992779514 0.4816366257534115 0
1357 -5.211111571524315 0.9531600586133 0
1358 5.21111157152432 -0.9531600586133013 0
1359 4.556523160529743 -1.60704701952497 0
1360 -4.556523160529737 1.607047019524968 0
1361 3.706876982027508 0.4422047086393821 0
1362 -3.706876982027501 -0.4422047086393766 0
1363 16.52253937306691 -1.614445379326412 0
1364 -16.52253937306691 1.614445379326412 0
1365 3.803847062454045 1.594175952054238 0
1366 -3.803847062454045 -1.594175952054239 0
1367 -11.97545517086803 -0.9545867964329069 0
1368 11.97545517086803 0.9545867964329069 0
1369 -12.80503341709857 -0.9723213077992217 0
1370 12.80503341709856 0.9723213077992217 0
1371 11.72653064500646 -0.8882423065997775 0
1372 -11.72653064500646 0.8882423065997775 0
1373 13.00828263457264 -0.9085284697573311 0
1374 -13.00828263457264 0.9085284697573311 0
1375 8.828751520331776 -0.909453187603244 0
1376 -8.828751520331776 0.909453187603244 0
1377 -13.43283582089443 -0.3136583160123486 0
1378 13.43283582089443 0.3136583160123486 0
1379 -11.34761653753534 -0.3152815946833481 0
1380 11.34761653753534 0.3152815946833481 0
1381 -9.253731343295851 -0.3136583160125914 0
1382 9.253731343295851 0.3136583160125914 0
1383 0.4289070907106266 1.727114710812143 0
1384 -0.4289070907106272 -1.727114710812144 0
1385 -3.241406818721749 -1.006319682433083 0
1386 3.241406818721744 1.00631968243309 0
1387 -1.939460335893138 1.099994251150105 0
1388 1.939460335893142 -1.099994251150107 0
1389 14.86411816312302 -0.9510503935018153 0
1390 -14.86411816312302 0.9510503935018153 0
1391 -18.38122762769205 -0.100271688715693 0
1392 18.38122762769203 0.1002716887156651 0
1393 -8.570750401619627 0.1135417154280877 0
1394 8.570750401619627 -0.113541715428088 0
1395 12.75877930761843 -0.2065737257372992 0
1396 -12.75877930761843 0.2065737257372992 0
1397 12.00649845931961 0.1096488788418791 0
1398 -12.00649845931961 -0.1096488788418791 0
1399 1.253200055867085 -0.4423139232864167 0
1400 -1.253200055867085 0.4423139232864162 0
1401 4.48826737960706 0.1025592083451937 0
1402 -4.488267379607054 -0.102559208345194 0
1403 6.879968056242723 1.579457362676697 0
1404 -6.879968056242721 -1.579457362676701 0
1405 -13.39318522419803 -1.130268785148942 0
1406 13.39318522419803 1.130268785148942 0
1407 -11.28827014658222 -1.133715422413163 0
1408 11.28827014658222 1.133715422413163 0
1409 9.257664265722248 -1.108080157509114 0
1410 -9.257664265722248 1.108080157509114 0
1411 11.3239172484917 -1.106216669797343 0
1412 -11.32391724849171 1.106216669797343 0
1413 1.309916882220114 -0.6158700914257909 0
1414 -1.309916882220113 0.6158700914257906 0
1415 16.24544820575318 -0.6323535194163198 0
1416 -16.24544820575318 0.6323535194163198 0
1417 1.473647786098522 -0.1360973419939329 0
1418 -1.473647786098521 0.1360973419939332 0
1419 3.919954843143043 -1.146457953709572 0
1420 -3.91995484314304 1.146457953709573 0
1421 9.007819233578676 -0.4017253597262874 0
1422 -9.007819233578676 0.4017253597262874 0
1423 13.18548626747787 -0.3998325722916206 0
1424 -13.18548626747787 0.3998325722916206 0
1425 11.5709912103632 -0.3763155037191995 0
1426 -11.5709912103632 0.3763155037191996 0
1427 -18.09016130006964 0.3635690920037566 0
1428 18.09016130006964 -0.363569092003757 0
1429 2.954435113280955 -0.7094480754728074 0
1430 -2.95443511328095 0.7094480754728075 0
1431 19.55694751309573 -0.2370288699972154 0
1432 -19.55694751309572 0.2370288699972326 0
1433 2.20727348873733 -0.4874396841041635 0
1434 -2.207273488737326 0.4874396841041617 0
1435 -6.126076122203882 0.4481469679137198 0
1436 6.126076122203887 -0.4481469679137238 0
1437 -6.963579974668867 0.4452983197329008 0
1438 6.963579974668864 -0.4452983197328984 0
1439 -15.35339999213875 -1.622570734548519 0
1440 15.35339999213875 1.622570734548519 0
1441 13.46844023680944 -1.162634259394882 0
1442 -13.46844023680944 1.162634259394882 0
1443 -18.14212762444254 -1.603856378411401 0
1444 18.14212762444254 1.6038563784114 0
1445 14.55067403958108 -1.586311646291849 0
1446 -14.55067403958108 1.586311646291849 0
1447 2.210707810257817 -1.663680417815829 0
1448 -2.210707810257814 1.663680417815828 0
1449 1.11514450768803 0.05533347649766972 0
1450 -1.11514450768803 -0.05533347649766937 0
1451 10.69742769241164 -0.1941028377143799 0
1452 -10.69742769241164 0.1941028377143799 0
1453 9.900528661911469 -0.1922874131313016 0
1454 -9.900528661911471 0.1922874131313016 0
1455 8.194187028560915 1.598935469655 0
1456 -8.194187028560908 -1.598935469655 0
1457 -1.980522687331552 -0.4666404322132578 0
1458 1.980522687331551 0.466640432213259 0
1459 0.9778608249557659 0.5303834405801523 0
1460 -0.9778608249557661 -0.5303834405801523 0
1461 -7.061980277065899 -1.070267930148515 0
1462 7.061980277065903 1.070267930148521 0
1463 -0.706689879332411 -1.08552496078737 0
1464 0.7066898793324113 1.08552496078737 0
1465 17.12598836299331 -1.618997335447197 0
1466 -17.12598836299331 1.618997335447197 0
1467 17.75456547701166 -1.577654512910242 0
1468 -17.75456547701166 1.577654512910242 0
1469 -4.92007888093091 -1.587570119427558 0
1470 4.920078880930912 1.587570119427559 0
1471 19.20851454877907 -0.9278599290191187 0
1472 -19.20851454877907 0.9278599290191187 0
1473 -19.19776546426678 -0.9276002768708765 0
1474 19.19776546426678 0.9276002768708742 0
1475 -9.373097152535042 -1.056929473336174 0
1476 9.373097152535042 1.056929473336174 0
1477 -2.170087918400363 -1.621575265999465 0
1478 2.170087918400359 1.621575265999466 0
1479 -5.687483548810556 1.592207184953936 0
1480 5.68748354881056 -1.592207184953935 0
1481 -2.018079641784376 -1.025119623952628 0
1482 2.018079641784376 1.025119623952628 0
1483 -0.2229805644099436 -1.115986027837726 0
1484 0.2229805644099436 1.115986027837726 0
1485 -7.572454010744262 -1.622969955051892 0
1486 7.572454010744261 1.622969955051891 0
1487 16.85292038613722 -0.9893166066883563 0
1488 -16.85292038613722 0.9893166066883563 0
1489 -1.11329288512543 0.9782702452559942 0
1490 1.11329288512543 -0.9782702452559945 0
1491 -0.1417687895919015 -1.453605032113986 0
1492 0.1417687895919011 1.453605032113986 0
1493 18.95386754010527 -1.215918911497799 0
1494 -18.95386754010527 1.215918911497799 0
1495 10.01597451423429 0.2630623747544988 0
1496 -10.01597451423429 -0.2630623747544988 0
1497 -14.06308916498616 0.09328187690272231 0
1498 14.06308916498616 -0.09328187690272233 0
1499 3.85901703540151 1.157767062161679 0
1500 -3.859017035401508 -1.157767062161678 0
1501 7.261589076519975 -1.122402487685543 0
1502 -7.261589076519973 1.122402487685541 0
1503 -0.9248548080129053 -1.059881648463595 0
1504 0.9248548080129053 1.059881648463594 0
1505 -15.44378868355052 -1.119773999991153 0
1506 15.44378868355052 1.119773999991153 0
1507 0.3039487973548455 -1.078694613667805 0
1508 -0.3039487973548455 1.078694613667805 0
1509 -0.9594114304816734 1.548249645382589 0
1510 0.9594114304816734 -1.54824964538259 0
1511 -17.03951440909102 -1.144376896944082 0
1512 17.03951440909102 1.144376896944082 0
1513 -5.828259175264805 1.132681125448549 0
1514 5.82825917526481 -1.132681125448548 0
1515 0.9710769781353947 1.549451247126607 0
1516 -0.9710769781353947 -1.549451247126607 0
1517 7.034290727066928 0.2931221134873081 0
1518 -7.034290727066924 -0.2931221134873101 0
1519 16.16213010924353 0.1315403355643149 0
1520 -16.16213010924353 -0.1315403355643149 0
1521 1.585982075256398 -1.158205359637792 0
1522 -1.585982075256397 1.15820535963779 0
1523 -0.3841802563057117 1.621205290145226 0
1524 0.3841802563057118 -1.621205290145227 0
1525 1.030401769043437 -0.3761479785381671 0
1526 -1.030401769043437 0.3761479785381671 0
1527 -17.04481697335149 -1.637942905446055 0
1528 17.04481697335149 1.637942905446055 0
1529 15.8654321575075 -1.056445759314242 0
1530 -15.8654321575075 1.056445759314242 0
1531 14.33666108829145 -0.6767331104596178 0
1532 -14.33666108829145 0.6767331104596177 0
1533 -17.90979693960356 -0.6772904404645697 0
1534 17.90979693960356 0.6772904404645694 0
1535 7.389127898014699 -1.585145796836668 0
1536 -7.389127898014697 1.585145796836669 0
1537 -1.939395468996144 -0.1056454617976849 0
1538 1.939395468996147 0.1056454617976858 0
1539 -17.38852039241961 0.5127034521172282 0
1540 17.38852039241961 -0.5127034521172282 0
1541 -6.326281342869082 -1.064081706609648 0
1542 6.326281342869082 1.064081706609654 0
1543 10.55380524775487 0.2922009124185989 0
1544 -10.55380524775487 -0.2922009124185989 0
1545 -1.770039068890067 1.660837848568883 0
1546 1.770039068890071 -1.660837848568883 0
1547 4.794527716949593 0.7871426777878383 0
1548 -4.794527716949585 -0.7871426777878341 0
1549 18.52353184193566 -1.030951483214252 0
1550 -18.52353184193566 1.030951483214252 0
1551 -1.549965651209972 -0.01567818855006372 0
1552 1.549965651209973 0.01567818855006396 0
1553 -14.16216632611206 -1.016285587015382 0
1554 14.16216632611206 1.016285587015382 0
1555 -13.66170522852464 -0.9541290703930492 0
1556 13.66170522852464 0.9541290703930492 0
1557 -9.940131991188329 -1.045859914358529 0
1558 9.940131991188327 1.045859914358529 0
1559 -10.71328587481725 -1.065057933911033 0
1560 10.71328587481724 1.065057933911033 0
1561 -5.299935049380847 1.6389388250057 0
1562 5.299935049380859 -1.638938825005699 0
1563 18.79980252283242 1.214170855578739 0
1564 -18.7998025228324 -1.214170855578708 0
1565 -2.258781164823569 -0.6208157748891727 0
1566 2.258781164823569 0.6208157748891732 0
1567 3.602468168879319 0.8175272587988559 0
1568 -3.602468168879312 -0.8175272587988481 0
1569 19.06661791581148 0.3714004281838393 0
1570 -19.06661791581146 -0.3714004281838462 0
1571 -3.430001156286444 1.671163439445817 0
1572 3.430001156286449 -1.671163439445815 0
1573 -0.7738558401384061 1.049647262338823 0
1574 0.773855840138406 -1.049647262338824 0
1575 8.80779361236794 -1.742287785412585 0
1576 -8.80779361236794 1.742287785412585 0
1577 10.89734585117556 -1.742287785413359 0
1578 -10.89734585117556 1.742287785413358 0
1579 -12.98618377383282 -1.671069645532409 0
1580 12.98618377383282 1.671069645532409 0
1581 13.01334990855446 -1.65998433726576 0
1582 -13.01334990855446 1.65998433726576 0
1583 -10.89552238806671 -1.666414913260075 0
1584 10.89552238806671 1.666414913260075 0
1585 -13.88059701492278 -1.666414913260093 0
1586 13.88059701492278 1.666414913260093 0
1587 15.35856434789397 -1.276052826855717 0
1588 -15.35856434789397 1.276052826855717 0
1589 2.84571408392017 -1.750087661418553 0
1590 -2.845714083920168 1.750087661418552 0
1591 0.3980158199793696 1.225051743639195 0
1592 -0.3980158199793695 -1.225051743639195 0
1593 3.423277913398063 1.755119301091113 0
1594 -3.423277913398063 -1.755119301091113 0
1595 19.19857385686746 1.718781237946599 0
1596 -19.19857385686747 -1.718781237946606 0
1597 8.326821242070336 0.7305604664054217 0
1598 -8.326821242070334 -0.7305604664054222 0
1599 8.642209566298675 -1.061658718657978 0
1600 -8.642209566298673 1.061658718657978 0
1601 12.8435370195207 -1.111570428503742 0
1602 -12.8435370195207 1.111570428503743 0
1603 12.0551061625851 -1.098898459908773 0
1604 -12.0551061625851 1.098898459908773 0
1605 -8.948510683687353 -0.5144360324096527 0
1606 8.948510683687353 0.5144360324096509 0
1607 -6.798418212301386 1.632156377248504 0
1608 6.798418212301383 -1.632156377248502 0
1609 16.5812577097263 -0.2903490643442536 0
1610 -16.5812577097263 0.2903490643442537 0
1611 10.72181020851479 -1.09974835188861 0
1612 -10.72181020851479 1.09974835188861 0
1613 9.947644289174336 -1.087040887179238 0
1614 -9.947644289174336 1.087040887179238 0
1615 17.11067495253947 -1.229330967498577 0
1616 -17.11067495253947 1.229330967498577 0
1617 1.654177277479463 -0.6337603355553318 0
1618 -1.654177277479461 0.6337603355553304 0
1619 -0.6792796883969461 -0.8665998680810385 0
1620 0.6792796883969462 0.8665998680810387 0
1621 -11.80410485255003 -1.67063144000389 0
1622 11.80410485255003 1.67063144000389 0
1623 11.82097222954116 -1.672068092159534 0
1624 -11.82097222954116 1.672068092159534 0
1625 9.730504239247134 -1.670831447639384 0
1626 -9.730504239247134 1.670831447639384 0
1627 0.8624279525435126 0.6798833771912763 0
1628 -0.8624279525435126 -0.6798833771912763 0
1629 12.69162467949465 0.2229056136689457 0
1630 -12.69162467949465 -0.2229056136689458 0
1631 12.09296105038863 -0.1909286730849895 0
1632 -12.09296105038863 0.1909286730849895 0
1633 -11.6173602439831 -0.9575950082739488 0
1634 11.6173602439831 0.9575950082739488 0
1635 13.85432230123504 -1.663743364350992 0
1636 -13.85432230123504 1.663743364350992 0
1637 5.900177424567691 1.036142138720056 0
1638 -5.900177424567686 -1.036142138720051 0
1639 5.556913797911595 -0.7694501057362415 0
1640 -5.556913797911585 0.7694501057362381 0
1641 -17.44171767547564 -1.731514487017945 0
1642 17.44171767547564 1.731514487017945 0
1643 -7.556978078241093 -1.206874472155103 0
1644 7.556978078241091 1.206874472155109 0
1645 2.700593440723948 1.641820173533576 0
1646 -2.70059344072395 -1.641820173533576 0
1647 1.354571232681469 0.7960615802075315 0
1648 -1.354571232681469 -0.79606158020753 0
1649 -17.49420120824227 -0.1723560574986938 0
1650 17.49420120824227 0.1723560574986915 0
1651 -5.838956060143808 -0.6339718747867527 0
1652 5.838956060143815 0.6339718747867543 0
1653 19.63178069660288 -1.252783184441161 0
1654 -19.63178069660288 1.252783184441161 0
1655 19.64656295550853 1.253890029362184 0
1656 -19.64656295550854 -1.253890029362166 0
1657 4.477065951040717 -1.064626784907859 0
1658 -4.477065951040714 1.064626784907859 0
1659 -3.914241916311355 0.2006082287972986 0
1660 3.914241916311361 -0.2006082287972966 0
1661 7.914491613686232 -1.299635201977137 0
1662 -7.914491613686231 1.299635201977136 0
1663 -14.73670598439564 -1.260647856370777 0
1664 14.73670598439564 1.260647856370777 0
1665 -3.275871766356952 1.174669257456521 0
1666 3.275871766356957 -1.17466925745652 0
1667 3.177284419459152 0.2663878742385175 0
1668 -3.177284419459142 -0.2663878742385123 0
1669 -15.98670948273482 -1.701580969892835 0
1670 15.98670948273482 1.701580969892835 0
1671 2.606312980898594 -0.005345164885946248 0
1672 -2.60631298089859 0.005345164885946359 0
1673 -4.851906697387983 -0.2877156090519519 0
1674 4.851906697387991 0.2877156090519519 0
1675 -0.4572973558452504 -0.9925964938693428 0
1676 0.4572973558452504 0.9925964938693428 0
1677 -0.8634883983684689 0.6720482952193869 0
1678 0.8634883983684688 -0.6720482952193869 0
1679 7.88831034607685 -0.1738007191630301 0
1680 -7.888310346076851 0.1738007191630294 0
1681 -1.396642856198161 0.3804835527198631 0
1682 1.396642856198161 -0.3804835527198635 0
1683 9.713532146388616 1.710236784506978 0
1684 -9.71353214638861 -1.710236784506973 0
1685 -6.149510102585857 -1.672493737012296 0
1686 6.149510102585857 1.672493737012297 0
1687 -5.57319589053632 -1.229309084493185 0
1688 5.573195890536329 1.229309084493191 0
1689 -8.282998959474236 -0.3250045418678695 0
1690 8.282998959474236 0.3250045418678676 0
1691 -14.77871850881687 -0.167830246146855 0
1692 14.77871850881687 0.167830246146855 0
1693 -1.768888533882157 -0.8600320521117676 0
1694 1.768888533882157 0.860032052111769 0
1695 -6.818544706936597 1.102445251386743 0
1696 6.818544706936591 -1.102445251386746 0
1697 17.87896509433375 0.3309398811774651 0
1698 -17.87896509433374 -0.3309398811774787 0
1699 -1.024235380075545 -0.3776208273264075 0
1700 1.024235380075545 0.3776208273264075 0
1701 -1.070588905402774 -0.2132040349047626 0
1702 1.070588905402774 0.2132040349047626 0
1703 1.24818593177085 -0.8879522662175363 0
1704 -1.248185931770851 0.8879522662175356 0
1705 -2.656171961650274 1.162666909021926 0
1706 2.656171961650279 -1.162666909021926 0
1707 -13.10062795728639 -0.7600793058195707 0
1708 13.10062795728639 0.7600793058195707 0
1709 6.12317148494284 -1.093724766707381 0
1710 -6.123171484942835 1.093724766707384 0
1711 -18.74131906703061 0.07286299518689163 0
1712 18.74131906703061 -0.0728629951869124 0
1713 -14.34993750370143 0.3024970577312798 0
1714 14.34993750370143 -0.3024970577312798 0
1715 16.76484015320847 0.4615212228607151 0
1716 -16.76484015320848 -0.461521222860715 0
1717 -19.68422844822499 -0.4350265160188088 0
1718 19.68422844822499 0.4350265160187966 0
1719 -11.02685453070251 -0.5460634629671302 0
1720 11.02685453070251 0.5460634629671302 0
1721 -9.494688948398993 -0.529838193833613 0
1722 9.494688948398991 0.5298381938336132 0
1723 -13.74197662320398 -0.5539992351424202 0
1724 13.74197662320398 0.5539992351424202 0
1725 -18.60701377779303 -1.672557705892864 0
1726 18.60701377779307 1.672557705892862 0
1727 -1.268430501222513 1.271649580609159 0
1728 1.268430501222514 -1.271649580609159 0
1729 -15.91286265704816 -1.12405646401893 0
1730 15.91286265704816 1.12405646401893 0
1731 -11.00225094708026 -0.9666061203202508 0
1732 11.00225094708026 0.9666061203202508 0
1733 -8.888010644837559 -1.625730801542061 0
1734 8.888010644837564 1.625730801542065 0
1735 5.151875613251253 0.2021282196824633 0
1736 -5.151875613251241 -0.2021282196824652 0
1737 0.6063087153895579 -0.9074051174101788 0
1738 -0.6063087153895577 0.9074051174101786 0
1739 0.4568179961905353 -0.9917352056416481 0
1740 -0.4568179961905351 0.991735205641648 0
1741 -2.573762815729857 -0.9524184940053774 0
1742 2.573762815729854 0.9524184940053797 0
1743 -11.57009893322105 -0.503882329802853 0
1744 11.57009893322105 0.503882329802853 0
1745 13.09332245107931 0.3327363949949171 0
1746 -13.09332245107931 -0.3327363949949171 0
1747 -14.1518988826323 -0.2436058768813575 0
1748 14.1518988826323 0.2436058768813575 0
1749 0.5229771178498099 -1.230640896964741 0
1750 -0.5229771178498097 1.230640896964741 0
1751 2.226236254070552 -1.314219974530857 0
1752 -2.226236254070549 1.314219974530859 0
1753 4.105688733939106 -0.507280555528377 0
1754 -4.105688733939103 0.5072805555283801 0
1755 1.29527914043293 1.264696097204781 0
1756 -1.29527914043293 -1.264696097204781 0
1757 -1.482454102701445 -0.6011285900773763 0
1758 1.482454102701446 0.6011285900773762 0
1759 1.058315001725437 -0.6821109616520695 0
1760 -1.058315001725437 0.6821109616520695 0
1761 15.62664057737405 -0.9237479955336652 0
1762 -15.62664057737405 0.9237479955336654 0
1763 -2.175438841507986 0.04086962909942707 0
1764 2.175438841507989 -0.04086962909942741 0
1765 -17.21587052265106 -0.5393865357057287 0
1766 17.21587052265106 0.5393865357057288 0
1767 14.04203962598114 -1.203958526098907 0
1768 -14.04203962598114 1.203958526098907 0
1769 15.67502378446324 -1.764026006294012 0
1770 -15.67502378446324 1.764026006294012 0
1771 -4.226922275662203 1.623856318576669 0
1772 4.22692227566221 -1.623856318576672 0
1773 4.185184178260688 0.5627861398931149 0
1774 -4.185184178260677 -0.562786139893109 0
1775 10.46909663880321 -0.7185009616873477 0
1776 -10.46909663880321 0.7185009616873477 0
1777 10.12791828656601 -0.718500961677762 0
1778 -10.12791828656601 0.718500961677762 0
1779 7.936768852643059 -0.8057824545422394 0
1780 -7.936768852643061 0.8057824545422387 0
1781 -12.13900456379034 -1.242638464971936 0
1782 12.13900456379034 1.242638464971936 0
1783 9.54454294206772 -0.5601572150485502 0
1784 -9.54454294206772 0.5601572150485502 0
1785 11.05247198331333 -0.5601572150420617 0
1786 -11.05247198331333 0.5601572150420617 0
1787 -4.24630394206863 -1.632917885657952 0
1788 4.246303942068637 1.632917885657951 0
1789 -17.62391536396883 -1.21925160072187 0
1790 17.62391536396883 1.219251600721871 0
1791 18.01097820657373 -0.824896374273637 0
1792 -18.01097820657373 0.824896374273637 0
1793 0.9289832298451483 -1.140774190881933 0
1794 -0.9289832298451479 1.140774190881933 0
1795 -18.1487970354024 -1.275712403171985 0
1796 18.1487970354024 1.275712403171985 0
1797 -14.74982835399565 -0.7994701037121087 0
1798 14.74982835399565 0.7994701037121087 0
1799 4.610320032248878 -0.1869715581102605 0
1800 -4.610320032248872 0.1869715581102586 0
1801 15.57686684040452 -0.4956211631303586 0
1802 -15.57686684040452 0.4956211631303586 0
1803 -0.2652397329880072 1.360917087931827 0
1804 0.2652397329880076 -1.360917087931827 0
1805 -9.644291436836342 -0.9665089984774937 0
1806 9.64429143683634 0.9665089984774939 0
1807 5.065305122974904 -0.2795250291866644 0
1808 -5.065305122974897 0.2795250291866609 0
1809 14.56765075586147 -1.276429480784035 0
1810 -14.56765075586147 1.276429480784035 0
1811 -8.706966082999225 -0.1781727727489084 0
1812 8.706966082999225 0.1781727727489077 0
1813 -2.188386759668243 -1.34470610631842 0
1814 2.18838675966824 1.34470610631842 0
1815 19.69048889029285 -0.6690849744863454 0
1816 -19.69048889029285 0.6690849744863513 0
1817 19.27141245796694 -1.703881374003208 0
1818 -19.27141245796694 1.703881374003208 0
1819 13.72008119370177 -0.5184017705139229 0
1820 -13.72008119370177 0.518401770513923 0
1821 8.716407597442002 1.180369277953459 0
1822 -8.716407597441995 -1.180369277953458 0
1823 -16.53184894352478 -1.715075491622361 0
1824 16.53184894352478 1.715075491622361 0
1825 16.61630892920559 -1.151674530353684 0
1826 -16.61630892920559 1.151674530353684 0
1827 8.373358727058379 -0.7228076713128934 0
1828 -8.373358727058379 0.7228076713128934 0
1829 18.67974609627212 -1.684796493253707 0
1830 -18.67974609627212 1.684796493253707 0
1831 18.61487627559458 -0.5851613281852165 0
1832 -18.61487627559458 0.5851613281852165 0
1833 1.105130887634078 -0.04847442235531577 0
1834 -1.105130887634078 0.04847442235531584 0
1835 12.55529215219854 -0.7254494451611504 0
1836 -12.55529215219854 0.7254494451611504 0
1837 -12.5917635945313 -0.7424322155574793 0
1838 12.5917635945313 0.7424322155574793 0
1839 -12.23716494628724 -0.6947667986086602 0
1840 12.23716494628724 0.6947667986086602 0
1841 12.22082725078001 -0.7254494451566922 0
1842 -12.22082725078001 0.7254494451566922 0
1843 -1.082906988661996 -0.8402638021745867 0
1844 1.082906988661996 0.8402638021745872 0
1845 14.96866972468807 -1.677341322085834 0
1846 -14.96866972468807 1.677341322085834 0
1847 16.26401903480973 0.7595286129076857 0
1848 -16.26401903480973 -0.7595286129076857 0
1849 6.546329183270493 -0.04807963293842023 0
1850 -6.546329183270491 0.04807963293842134 0
1851 0.04528725137394361 -1.094331964475778 0
1852 -0.04528725137394357 1.094331964475778 0
1853 18.60125147099955 0.6164773196889958 0
1854 -18.60125147099958 -0.616477319688997 0
1855 -2.296135841724823 0.7384943282494967 0
1856 2.296135841724828 -0.7384943282494977 0
1857 16.82696925702897 -1.710465626825519 0
1858 -16.82696925702897 1.710465626825519 0
1859 -15.04694321015378 -1.710749457532456 0
1860 15.04694321015378 1.710749457532456 0
1861 4.750841467973981 -1.271727929388676 0
1862 -4.750841467973977 1.271727929388673 0
1863 4.98924002935162 -0.7314927367246892 0
1864 -4.989240029351614 0.7314927367246915 0
1865 -19.30154646999299 0.2563560704132027 0
1866 19.30154646999301 -0.2563560704131957 0
1867 -8.176888056168048 -1.305140757417931 0
1868 8.176888056168043 1.305140757417927 0
1869 -2.750778528866352 -1.317597798649654 0
1870 2.750778528866348 1.317597798649656 0
1871 -4.438167519170829 -1.231230845228955 0
1872 4.438167519170835 1.231230845228955 0
1873 1.201758610335494 0.4728218770541059 0
1874 -1.201758610335493 -0.4728218770541046 0
1875 -0.1290502709867046 -1.08103646933847 0
1876 0.1290502709867046 1.08103646933847 0
1877 0.29256545530635 1.044109302580138 0
1878 -0.2925654553063499 -1.044109302580138 0
1879 -10.18986458718017 -1.308933012738282 0
1880 10.18986458718017 1.308933012738282 0
1881 12.23164293002208 -1.24191942584323 0
1882 -12.23164293002208 1.24191942584323 0
1883 10.13852623458661 -1.241276795369598 0
1884 -10.13852623458661 1.241276795369598 0
1885 -2.423792710016029 0.4643055175156847 0
1886 2.423792710016034 -0.4643055175156854 0
1887 -3.072472216376863 -0.7517918068452858 0
1888 3.072472216376863 0.751791806845293 0
1889 1.2640111042868 0.2330685160046332 0
1890 -1.264011104286799 -0.2330685160046335 0
1891 -16.53303753291996 -1.166820897842526 0
1892 16.53303753291996 1.166820897842526 0
1893 7.889037987460112 1.756823646168959 0
1894 -7.889037987460111 -1.756823646168959 0
1895 17.44935098638259 -1.719304816690036 0
1896 -17.44935098638259 1.719304816690036 0
1897 -5.948031200218268 0.1989413457022841 0
1898 5.94803120021827 -0.1989413457022823 0
1899 15.02141113008093 -0.6426756009811215 0
1900 -15.02141113008093 0.6426756009811215 0
1901 1.060291186680663 -1.350008373667142 0
1902 -1.060291186680661 1.350008373667142 0
1903 0.9703036600602932 -0.4570831950250437 0
1904 -0.9703036600602932 0.4570831950250437 0
1905 1.042180766432162 -0.2820122257550788 0
1906 -1.042180766432162 0.2820122257550788 0
1907 -14.66606284694909 0.2563426488833057 0
1908 14.66606284694909 -0.2563426488833057 0
1909 2.898271247850234 -1.307437963942372 0
1910 -2.89827124785023 1.307437963942371 0
1911 6.105073072453566 -1.727733478759457 0
1912 -6.10507307245356 1.727733478759456 0
1913 -7.593932079828271 0.03665268687223464 0
1914 7.593932079828272 -0.03665268687223777 0
1915 0.3749165103546705 -1.253458418030454 0
1916 -0.3749165103546704 1.253458418030454 0
1917 5.405326077174114 1.68105881662944 0
1918 -5.405326077174102 -1.681058816629441 0
1919 1.46847001687527 -1.713104873558053 0
1920 -1.468470016875269 1.713104873558055 0
1921 15.72799144279575 0.005028581295904131 0
1922 -15.72799144279576 -0.005028581295904131 0
1923 0.2110119031890345 -1.060828474229281 0
1924 -0.2110119031890345 1.060828474229281 0
1925 0.900537000219612 -0.5870760829223041 0
1926 -0.900537000219612 0.5870760829223041 0
1927 -4.955639956543864 -1.274289209440348 0
1928 4.955639956543866 1.27428920944035 0
1929 17.74317233619452 -1.237987979249718 0
1930 -17.74317233619452 1.237987979249718 0
1931 -0.5958955818659013 -0.9013598739265327 0
1932 0.5958955818659013 0.9013598739265327 0
1933 -0.7358835210546726 -0.7906097342586553 0
1934 0.7358835210546726 0.7906097342586553 0
1935 -10.14237786840753 -0.7572111824095635 0
1936 10.14237786840753 0.7572111824095638 0
1937 1.750306740633195 -0.2544872715119576 0
1938 -1.750306740633194 0.2544872715119572 0
1939 1.066900719898543 0.1199543584982349 0
1940 -1.066900719898542 -0.1199543584982349 0
1941 -16.91394966397187 0.1892755430186063 0
1942 16.91394966397187 -0.1892755430186063 0
1943 -0.9157617561681224 -0.5852040241393909 0
1944 0.9157617561681222 0.5852040241393909 0
1945 -0.9745442851822688 -0.4526207939753453 0
1946 0.9745442851822688 0.4526207939753452 0
1947 18.33314045542706 -1.278031267035586 0
1948 -18.33314045542706 1.278031267035586 0
1949 4.135140917169625 -0.9933036815347671 0
1950 -4.135140917169623 0.9933036815347691 0
1951 -1.372180438360789 -0.37584231369014 0
1952 1.372180438360791 0.3758423136901401 0
1953 1.348888322526604 -0.1412322809019155 0
1954 -1.348888322526604 0.1412322809019154 0
1955 1.641229931004728 0.3525032664684468 0
1956 -1.641229931004727 -0.3525032664684461 0
1957 -5.02895780162331 1.174477418383604 0
1958 5.028957801623315 -1.174477418383604 0
1959 -7.138302471653873 0.1907792950147589 0
1960 7.138302471653875 -0.1907792950147585 0
1961 -14.30033469294801 -0.7555491553370536 0
1962 14.30033469294801 0.7555491553370536 0
1963 -1.165345711885895 -0.2393009278313958 0
1964 1.165345711885894 0.2393009278313957 0
1965 1.265037313784711 0.05972943815403257 0
1966 -1.265037313784711 -0.05972943815403241 0
1967 -1.038611036266821 -1.339945348882239 0
1968 1.03861103626682 1.339945348882239 0
1969 -7.326537829710417 -1.705305319380404 0
1970 7.326537829710416 1.705305319380403 0
1971 -0.674696543813779 0.8422838035993003 0
1972 0.6746965438137791 -0.8422838035993006 0
1973 19.09692908624183 0.7083129257708002 0
1974 -19.09692908624184 -0.7083129257707897 0
1975 1.529548731942339 -0.9648872307737286 0
1976 -1.529548731942338 0.9648872307737276 0
1977 1.118654950640196 0.4048538794179712 0
1978 -1.118654950640196 -0.4048538794179716 0
1979 7.721822499833709 0.6578894639496553 0
1980 -7.721822499833701 -0.6578894639496556 0
1981 -10.47913766784396 -0.7609346055522189 0
1982 10.47913766784396 0.7609346055522189 0
1983 2.492491107848553 -1.707297656474277 0
1984 -2.492491107848551 1.707297656474276 0
1985 1.05032257769199 -0.2023333462433158 0
1986 -1.05032257769199 0.2023333462433158 0
1987 1.116736111073487 1.749104274565551 0
1988 -1.116736111073487 -1.749104274565551 0
1989 1.503853163529875 0.9506727957611799 0
1990 -1.503853163529875 -0.9506727957611791 0
1991 16.07505353070627 0.4328881009474906 0
1992 -16.07505353070627 -0.4328881009474907 0
1993 0.3617648125087879 -1.011177243607954 0
1994 -0.3617648125087879 1.011177243607954 0
1995 -7.645607559877903 1.759373391774079 0
1996 7.645607559877903 -1.759373391774079 0
1997 15.17378319899873 0.07566767047124978 0
1998 -15.17378319899873 -0.07566767047124978 0
1999 0.7304184286968314 -0.7857710005844365 0
2000 -0.7304184286968312 0.7857710005844363 0
2001 -12.70832492148606 -1.260453047168822 0
2002 12.70832492148606 1.260453047168822 0
2003 10.27726102402975 -1.728680248661751 0
2004 -10.27726102402975 1.728680248661751 0
2005 -12.36502655625744 -1.727418669489758 0
2006 12.36502655625744 1.727418669489758 0
2007 -10.27472735719675 -1.729699194993919 0
2008 10.27472735719675 1.729699194993919 0
2009 12.36681326283501 -1.728680248661004 0
2010 -12.36681326283501 1.728680248661004 0
2011 14.57443964668452 -0.8709638731823188 0
2012 -14.57443964668452 0.8709638731823188 0
2013 16.40991849468936 -0.8818406618120924 0
2014 -16.40991849468936 0.8818406618120924 0
2015 8.19862809386307 -1.734965692817987 0
2016 -8.19862809386307 1.734965692817987 0
2017 7.287957825363347 0.6819607531449509 0
2018 -7.287957825363339 -0.6819607531449525 0
2019 -14.49599670351894 -1.727665566384714 0
2020 14.49599670351894 1.727665566384714 0
2021 -13.56917772903517 -0.05736668149807456 0
2022 13.56917772903517 0.05736668149807454 0
2023 11.27439927679105 0.0612297741375367 0
2024 -11.27439927679105 -0.0612297741375367 0
2025 9.372431167555938 0.03898846302274561 0
2026 -9.372431167555938 -0.03898846302274561 0
2027 3.458411545281076 -0.586749953394887 0
2028 -3.458411545281072 0.5867499533948892 0
2029 1.108265849668886 0.610379009048749 0
2030 -1.108265849668886 -0.6103790090487489 0
2031 -15.5461080030977 -0.4712719018507833 0
2032 15.5461080030977 0.4712719018507833 0
2033 -2.753119948871778 -0.7535022482367952 0
2034 2.753119948871774 0.7535022482367999 0
2035 6.324556588897335 0.54327289301437 0
2036 -6.324556588897334 -0.5432728930143627 0
2037 -15.60805542962449 -1.709272365899633 0
2038 15.60805542962449 1.709272365899634 0
2039 1.734812247945804 0.1088288807281724 0
2040 -1.734812247945801 -0.1088288807281716 0
2041 -0.04158654128405446 -1.071344377975774 0
2042 0.04158654128405449 1.071344377975774 0
2043 -2.74188674761783 0.9029838178610137 0
2044 2.741886747617833 -0.9029838178610143 0
2045 1.869828663784285 -0.6744417033553207 0
2046 -1.869828663784282 0.6744417033553174 0
2047 0.9959008573837853 -0.878330116945814 0
2048 -0.9959008573837853 0.878330116945814 0
2049 -16.0431475407867 -1.391114139169395 0
2050 16.0431475407867 1.391114139169395 0
2051 -3.060110646014029 0.2321877356137897 0
2052 3.060110646014035 -0.2321877356137853 0
2053 18.13985279464355 0.8713990426180608 0
2054 -18.13985279464357 -0.8713990426180416 0
2055 -3.525554000806292 -0.3155946785341015 0
2056 3.525554000806298 0.3155946785341074 0
2057 -5.3285857654556 -0.7116113121121892 0
2058 5.328585765455607 0.7116113121121909 0
2059 -4.637451816207674 0.746649212812503 0
2060 4.637451816207678 -0.7466492128125015 0
2061 -4.4541361589782 0.4684314504745027 0
2062 4.454136158978201 -0.468431450474501 0
2063 2.126297800668219 0.821302847500586 0
2064 -2.126297800668219 -0.8213028475005857 0
2065 -1.125734690654935 1.754868747149717 0
2066 1.125734690654934 -1.754868747149717 0
2067 -15.19802572854814 -0.6284713518739904 0
2068 15.19802572854814 0.6284713518739904 0
2069 -3.080833902899207 -1.247110605376793 0
2070 3.080833902899204 1.247110605376796 0
2071 19.77383244012793 0.7427709460532969 0
2072 -19.77383244012794 -0.7427709460533013 0
2073 1.391289650284303 1.757828179175961 0
2074 -1.391289650284303 -1.757828179175961 0
2075 -1.909042697329253 -1.75055753068255 0
2076 1.909042697329252 1.75055753068255 0
2077 11.79008219498176 -0.2337173016930606 0
2078 -11.79008219498176 0.2337173016930606 0
2079 -6.945240915122241 -1.347274973018953 0
2080 6.945240915122242 1.347274973018949 0
2081 -14.17080697724399 -1.738059355641192 0
2082 14.17080697724399 1.738059355641192 0
2083 -12.69432890752591 -1.736350451820502 0
2084 12.69432890752591 1.736350451820502 0
2085 -10.59976752516317 -1.738347521060979 0
2086 10.59976752516317 1.738347521060979 0
2087 12.68662816687008 -1.723505497949537 0
2088 -12.68662816687008 1.723505497949537 0
2089 10.59266729163462 -1.737222739306958 0
2090 -10.59266729163462 1.737222739306958 0
2091 8.504934937600808 -1.738270313332241 0
2092 -8.504934937600808 1.738270313332242 0
2093 1.611106750453108 -0.4433147705337686 0
2094 -1.611106750453106 0.443314770533768 0
2095 -0.006801534801936977 1.54611008240706 0
2096 0.006801534801936523 -1.546110082407061 0
2097 -7.07838528545591 1.751775973660787 0
2098 7.078385285455911 -1.751775973660786 0
2099 -2.350716060570323 -0.4005459203157383 0
2100 2.350716060570325 0.40054592031574 0
2101 19.10299767565137 -0.6854362813130088 0
2102 -19.10299767565137 0.6854362813130157 0
2103 11.78735109680283 0.2484692638553201 0
2104 -11.78735109680283 -0.24846926385532 0
2105 0.9665038507441646 0.7742462343060292 0
2106 -0.9665038507441647 -0.774246234306029 0
2107 -7.537365325486784 0.6133765734870484 0
2108 7.537365325486783 -0.6133765734870484 0
2109 3.622729300821692 -1.091754740898919 0
2110 -3.622729300821688 1.09175474089892 0
2111 -2.413536961078458 -1.722594353069812 0
2112 2.413536961078453 1.722594353069813 0
2113 -5.478708397521216 -0.1606593803602329 0
2114 5.478708397521223 0.1606593803602339 0
2115 -6.289937235407177 1.328383533522623 0
2116 6.289937235407182 -1.328383533522618 0
2117 10.92752723398053 -0.307651070375311 0
2118 -10.92752723398053 0.307651070375311 0
2119 9.669622181254173 -0.3073917239988264 0
2120 -9.669622181254173 0.3073917239988264 0
2121 -0.5208126575067764 -1.5285126652768 0
2122 0.5208126575067762 1.528512665276799 0
2123 -15.65029280522157 -0.9495083953632095 0
2124 15.65029280522157 0.9495083953632094 0
2125 13.61241223504688 -0.9508627025207469 0
2126 -13.61241223504688 0.9508627025207469 0
2127 6.788158919607712 0.4354129901946452 0
2128 -6.788158919607711 -0.4354129901946458 0
2129 -0.6643124374870014 1.01247224534351 0
2130 0.6643124374870021 -1.01247224534351 0
2131 -19.09196552054932 -1.192540894380747 0
2132 19.09196552054932 1.192540894380771 0
2133 16.9414182621835 -0.729728039309772 0
2134 -16.9414182621835 0.729728039309772 0
2135 0.7431513475207551 -1.209893808418251 0
2136 -0.7431513475207554 1.20989380841825 0
2137 18.18258267754632 0.3045472979810379 0
2138 -18.18258267754634 -0.3045472979810611 0
2139 13.54939010968454 -1.755485463057351 0
2140 -13.54939010968454 1.755485463057351 0
2141 -2.48443710105643 -1.206205191934315 0
2142 2.484437101056427 1.206205191934316 0
2143 -6.825227584000248 -0.8892248957878079 0
2144 6.825227584000246 0.8892248957878127 0
2145 -18.30924321605561 0.1681299144063644 0
2146 18.30924321605561 -0.1681299144063598 0
2147 16.27946799960796 -1.731718736861586 0
2148 -16.27946799960796 1.731718736861586 0
2149 16.11327471735068 -0.8832486290153801 0
2150 -16.11327471735068 0.8832486290153801 0
2151 16.04256684441622 -0.4343781718333753 0
2152 -16.04256684441622 0.4343781718333753 0
2153 5.793378202887492 0.3682777062509827 0
2154 -5.793378202887488 -0.3682777062509804 0
2155 -0.7769448369418983 1.469238120982064 0
2156 0.7769448369418984 -1.469238120982065 0
2157 -0.7845922547151518 -0.7242737890200889 0
2158 0.7845922547151518 0.7242737890200888 0
2159 -13.83999700475851 0.279413682437839 0
2160 13.83999700475851 -0.279413682437839 0
2161 -0.1399454278637479 -1.290289649316437 0
2162 0.1399454278637478 1.290289649316437 0
2163 -0.5540244997232197 1.533949743229209 0
2164 0.5540244997232185 -1.533949743229209 0
2165 9.050440963365503 1.074778645844985 0
2166 -9.050440963365499 -1.074778645844986 0
2167 1.344602870807652 0.6561221083548041 0
2168 -1.34460287080765 -0.6561221083548029 0
2169 -3.149456572885434 0.8824074105517016 0
2170 3.149456572885437 -0.8824074105517005 0
2171 -17.84845562703573 0.3077188380806234 0
2172 17.84845562703573 -0.3077188380806234 0
2173 -13.12378114791847 -1.03526955790873 0
2174 13.12378114791847 1.03526955790873 0
2175 4.095402854265721 1.041138495083885 0
2176 -4.095402854265716 -1.041138495083885 0
2177 0.7905487914534928 -0.7290154374764415 0
2178 -0.7905487914534928 0.7290154374764414 0
2179 -2.128121479402124 0.9599897520595431 0
2180 2.12812147940213 -0.9599897520595444 0
2181 16.40119588540592 -0.009378714715784359 0
2182 -16.40119588540592 0.009378714715784371 0
2183 -1.61280358171907 0.1403478789925557 0
2184 1.612803581719071 -0.1403478789925555 0
2185 18.38020016401361 -1.751093373434422 0
2186 -18.38020016401361 1.751093373434422 0
2187 9.114562721536423 -1.757275529042419 0
2188 -9.114562721536423 1.757275529042419 0
2189 11.20214627594467 -1.756587505053334 0
2190 -11.20214627594467 1.756587505053334 0
2191 -11.19208127755671 -1.744771498301822 0
2192 11.19208127755671 1.744771498301822 0
2193 -13.26410447215591 -1.745767126036919 0
2194 13.26410447215591 1.745767126036919 0
2195 -13.59223204224794 -1.745840150291849 0
2196 13.59223204224794 1.745840150291849 0
2197 -17.20045629509707 -0.9524907428792629 0
2198 17.20045629509707 0.9524907428792629 0
2199 -0.309015641093972 -1.536104094635243 0
2200 0.3090156410939717 1.536104094635243 0
2201 4.789732111717991 -1.699331727639762 0
2202 -4.789732111717986 1.699331727639761 0
2203 -9.757008485124139 -0.3721581795603126 0
2204 9.757008485124137 0.3721581795603127 0
2205 1.137883849734818 -0.4102848129943412 0
2206 -1.137883849734818 0.4102848129943411 0
2207 15.08997873959659 -1.1041044928595 0
2208 -15.08997873959659 1.1041044928595 0
2209 -10.8276515748515 -0.3793911313339519 0
2210 10.8276515748515 0.3793911313339518 0
2211 -11.5034456758828 -1.759734398420071 0
2212 11.5034456758828 1.759734398420071 0
2213 11.50344567587333 -1.759734398416157 0
2214 -11.50344567587333 1.759734398416157 0
2215 9.413893437068397 -1.759734398414412 0
2216 -9.413893437068397 1.759734398414412 0
2217 0.06948435459763029 -1.228726212731575 0
2218 -0.06948435459763005 1.228726212731575 0
2219 -0.8259476572428537 -1.446651252261754 0
2220 0.8259476572428539 1.446651252261754 0
2221 1.052804444498501 -0.1313705972440674 0
2222 -1.052804444498501 0.1313705972440674 0
2223 0.8492579894876586 0.9199909814611098 0
2224 -0.8492579894876586 -0.9199909814611098 0
2225 18.24748068101583 -0.9958436023357693 0
2226 -18.24748068101583 0.9958436023357693 0
2227 9.506732816158959 -1.09865992301343 0
2228 -9.506732816158959 1.09865992301343 0
2229 -6.792749317161653 1.357926875874448 0
2230 6.792749317161646 -1.357926875874448 0
2231 -0.5210009083922607 -0.9317541695349942 0
2232 0.5210009083922607 0.9317541695349943 0
2233 0.3677231075002029 1.001131492157644 0
2234 -0.367723107500203 -1.001131492157644 0
2235 -19.35908021596155 -0.2753548371802641 0
2236 19.3590802159616 0.2753548371802571 0
2237 -3.147641863903606 -1.757861099405644 0
2238 3.147641863903607 1.757861099405643 0
2239 0.5144557656720139 -1.090832239140801 0
2240 -0.5144557656720136 1.090832239140801 0
2241 1.913524946945087 -0.8870221458282803 0
2242 -1.913524946945083 0.8870221458282781 0
2243 0.8919942766092452 -1.755767947512593 0
2244 -0.8919942766092462 1.755767947512592 0
2245 16.34555575242138 -1.404986828970614 0
2246 -16.34555575242138 1.404986828970614 0
2247 -1.079704895930385 -0.9844728569660988 0
2248 1.079704895930385 0.984472856966099 0
2249 -1.168811160720573 0.6332523156380155 0
2250 1.168811160720574 -0.6332523156380152 0
2251 18.46529478204778 0.3478375879053663 0
2252 -18.46529478204782 -0.3478375879053976 0
2253 -0.31245213825465 -1.142151224768915 0
2254 0.3124521382546499 1.142151224768915 0
2255 -8.178393892021523 1.262270720245541 0
2256 8.178393892021525 -1.262270720245542 0
2257 1.526572040801405 -0.6849373296643645 0
2258 -1.526572040801403 0.6849373296643643 0
2259 15.51044907477821 0.1988130897789665 0
2260 -15.51044907477821 -0.1988130897789665 0
2261 17.48579524908792 -0.7485324491914525 0
2262 -17.48579524908792 0.7485324491914525 0
2263 17.72960318406385 0.08924961663007955 0
2264 -17.72960318406386 -0.08924961663010872 0
2265 -14.49093616054582 -1.255044451432317 0
2266 14.49093616054582 1.255044451432317 0
2267 3.813010354360939 0.2466433553176646 0
2268 -3.813010354360934 -0.2466433553176604 0
2269 -9.141636699896896 -1.757478761021081 0
2270 9.141636699896891 1.75747876102109 0
2271 2.662841450209906 0.4770766115001687 0
2272 -2.662841450209903 -0.4770766115001642 0
2273 -18.33901240186683 0.4563284651357505 0
2274 18.33901240186683 -0.4563284651357498 0
2275 -1.229048042973607 1.049818010885935 0
2276 1.229048042973605 -1.049818010885935 0
2277 -13.95418098587571 -0.4359224554565354 0
2278 13.95418098587571 0.4359224554565354 0
2279 -3.706993770096707 1.758523174926807 0
2280 3.706993770096711 -1.758523174926809 0
2281 16.5774358515561 0.3339580571213745 0
2282 -16.5774358515561 -0.3339580571213744 0
2283 16.01219642452069 -0.08271003867043553 0
2284 -16.01219642452069 0.08271003867043553 0
2285 0.1561459346634604 1.178721406192466 0
2286 -0.1561459346634604 -1.178721406192466 0
2287 -5.501751262609256 1.040757124457385 0
2288 5.501751262609261 -1.040757124457385 0
2289 7.783034850419027 1.011298273918343 0
2290 -7.783034850419026 -1.011298273918342 0
2291 6.679076716144246 1.739033282556454 0
2292 -6.679076716144249 -1.739033282556453 0
2293 -11.77550868627664 -0.7570891019747312 0
2294 11.77550868627664 0.7570891019747312 0
2295 1.284173083570707 -0.7430995251219499 0
2296 -1.284173083570707 0.7430995251219499 0
2297 3.975982286846012 1.759654592820072 0
2298 -3.975982286846011 -1.759654592820073 0
2299 -8.442573590406727 -0.118132744960681 0
2300 8.442573590406727 0.1181327449606802 0
2301 6.30469814390307 0.1968645211498616 0
2302 -6.304698143903074 -0.1968645211498548 0
2303 11.59547909120155 -1.111476377338343 0
2304 -11.59547909120155 1.111476377338343 0
2305 -8.019456810839683 -0.2898642193182384 0
2306 8.019456810839687 0.289864219318236 0
2307 0.6595988978114764 1.226814714602322 0
2308 -0.6595988978114762 -1.226814714602322 0
2309 -14.09935819856832 -1.302838926064537 0
2310 14.09935819856832 1.302838926064537 0
2311 -10.6444901866909 -1.335612576037758 0
2312 10.6444901866909 1.335612576037758 0
2313 18.3659818055921 1.769640851382749 0
2314 -18.36598180559208 -1.769640851382762 0
2315 -5.835363936498497 -1.75987860274771 0
2316 5.835363936498504 1.759878602747709 0
2317 -8.558136459832319 -0.8632057189539513 0
2318 8.558136459832321 0.863205718953949 0
2319 -16.81151042432407 -1.758575767686206 0
2320 16.81151042432407 1.758575767686206 0
2321 16.01935182254164 -1.317643709008733 0
2322 -16.01935182254164 1.317643709008733 0
2323 -1.705480264241683 -1.262988873426656 0
2324 1.705480264241682 1.262988873426657 0
2325 -14.97033376215706 0.3710740758727795 0
2326 14.97033376215706 -0.3710740758727796 0
2327 12.89521992695646 0.08663367575138968 0
2328 -12.89521992695646 -0.08663367575138968 0
2329 15.97046460226487 -1.760528448578898 0
2330 -15.97046460226487 1.760528448578898 0
2331 -17.24085405847632 -0.2650217530367697 0
2332 17.24085405847632 0.2650217530367697 0
2333 -9.924607983747427 -1.322412865846446 0
2334 9.924607983747427 1.322412865846446 0
2335 -3.383872108109815 0.2605252552306461 0
2336 3.38387210810982 -0.2605252552306438 0
2337 14.13998698327198 -0.844097637198884 0
2338 -14.13998698327198 0.844097637198884 0
2339 12.77389505675345 -1.422166797740967 0
2340 -12.77389505675345 1.422166797740967 0
2341 10.73052214279927 -1.453565823145137 0
2342 -10.73052214279927 1.453565823145137 0
2343 8.651715601563119 -1.50574307648419 0
2344 -8.651715601563117 1.505743076484189 0
2345 2.34179761181482 0.1663927603715408 0
2346 -2.341797611814817 -0.1663927603715407 0
2347 14.38169756660889 -1.755535371489335 0
2348 -14.38169756660889 1.755535371489335 0
2349 -16.47742903272318 -1.423353312958881 0
2350 16.47742903272318 1.423353312958881 0
2351 -3.134328358188192 1.785308809467875 0
2352 3.134328358188192 -1.785308809467877 0
2353 -17.94141582271991 -1.777749644298177 0
2354 17.94141582271991 1.777749644298177 0
2355 0.6533165883893508 0.9811933191759054 0
2356 -0.6533165883893507 -0.9811933191759052 0
2357 -2.750068383447365 0.54311276730942 0
2358 2.75006838344737 -0.5431127673094193 0
2359 0.5245486868282506 1.310949956180555 0
2360 -0.5245486868282505 -1.310949956180555 0
2361 3.913182551557046 0.4844822702625357 0
2362 -3.913182551557039 -0.4844822702625322 0
2363 -6.781996037802196 -0.190083504464319 0
2364 6.781996037802193 0.1900835044643098 0
2365 12.52845220221775 -0.2226648606201446 0
2366 -12.52845220221775 0.2226648606201446 0
2367 -12.14075020999957 -0.3551759091706129 0
2368 12.14075020999957 0.3551759091706129 0
2369 -1.966838077535147 1.798747321046766 0
2370 1.966838077535148 -1.798747321046767 0
2371 -12.41411554119288 -1.218007213750489 0
2372 12.41411554119288 1.218007213750489 0
2373 8.640657516162996 -0.7978597709655477 0
2374 -8.640657516162996 0.7978597709655477 0
2375 -19.73278319186775 0.07079794840601435 0
2376 19.73278319186774 -0.07079794840599435 0
2377 17.71124292757604 0.8528758124463224 0
2378 -17.71124292757604 -0.8528758124463105 0
2379 4.08812725321241 -0.0002271072300431248 0
2380 -4.088127253212405 0.0002271072300457013 0
2381 8.999047359018141 0.2731384453976143 0
2382 -8.999047359018142 -0.2731384453976123 0
2383 -13.23658917289747 -0.5429790508551193 0
2384 13.23658917289747 0.5429790508551193 0
2385 11.67743743678512 -0.6224681704612289 0
2386 -11.67743743678512 0.6224681704612289 0
2387 13.09664570445188 -0.6453818672328326 0
2388 -13.09664570445188 0.6453818672328326 0
2389 8.932188112052279 -0.6540541919038309 0
2390 -8.932188112052279 0.6540541919038309 0
2391 -17.29012631200645 0.3049454915564535 0
2392 17.29012631200645 -0.3049454915564535 0
2393 -11.49974677828208 -1.231882756540913 0
2394 11.49974677828208 1.231882756540913 0
2395 -13.60004100010907 -1.289370071591362 0
2396 13.60004100010907 1.289370071591362 0
2397 8.433387888260739 1.777902991707582 0
2398 -8.43338788826073 -1.777902991707581 0
2399 -7.318483256325147 -1.067527763434806 0
2400 7.31848325632515 1.06752776343481 0
2401 12.82377892848644 -0.8037729542767147 0
2402 -12.82377892848644 0.8037729542767149 0
2403 11.97122037907211 -0.8293078991119515 0
2404 -11.97122037907211 0.8293078991119514 0
2405 -16.82630733407328 -0.945906471143833 0
2406 16.82630733407328 0.9459064711438331 0
2407 -2.024871600656684 0.394203271478594 0
2408 2.024871600656689 -0.3942032714785956 0
2409 18.02514663859665 -1.739243279714217 0
2410 -18.02514663859665 1.739243279714217 0
2411 -18.95522388059566 -1.788125001605722 0
2412 18.95522388059566 1.78812500160568 0
2413 -15.05790435321911 -0.3293022499273935 0
2414 15.05790435321911 0.3293022499273935 0
2415 17.37726300858812 -1.115193263271931 0
2416 -17.37726300858812 1.115193263271931 0
2417 -6.013326045651561 -0.09733101870488921 0
2418 6.013326045651562 0.0973310187048952 0
2419 -6.694636421443853 -1.422699941258781 0
2420 6.694636421443848 1.422699941258779 0
2421 5.244542478783323 -1.380872943205941 0
2422 -5.244542478783317 1.380872943205943 0
2423 5.061959974513204 -1.741267032908859 0
2424 -5.0619599745132 1.741267032908862 0
2425 0.886440055895497 1.753219379881232 0
2426 -0.8864400558954966 -1.753219379881232 0
2427 -18.8660469082036 -0.5626424049918139 0
2428 18.86604690820359 0.5626424049918181 0
2429 10.41327932414345 -0.2098458645570693 0
2430 -10.41327932414346 0.2098458645570693 0
2431 10.17701322172928 -0.2077656247220525 0
2432 -10.17701322172928 0.2077656247220525 0
2433 1.024197074247798 0.2888600897834749 0
2434 -1.024197074247798 -0.2888600897834748 0
2435 0.5199205599566844 -0.9283849616727962 0
2436 -0.5199205599566842 0.9283849616727957 0
2437 -1.611432549590682 -0.5178557879731047 0
2438 1.611432549590683 0.5178557879731045 0
2439 -7.320816117637602 1.3299311165735 0
2440 7.320816117637602 -1.3299311165735 0
2441 13.02888574809798 -0.1947298500232279 0
2442 -13.02888574809798 0.194729850023228 0
2443 -8.824817219711967 0.2113020001200381 0
2444 8.824817219711965 -0.2113020001200381 0
2445 7.071009613180915 -0.9493331009696059 0
2446 -7.071009613180917 0.9493331009696037 0
2447 1.456704521986994 0.1582839738253487 0
2448 -1.456704521986993 -0.1582839738253485 0
2449 4.352239897746343 0.3176352377651898 0
2450 -4.352239897746333 -0.3176352377651884 0
2451 6.550005938873415 -0.688818335132656 0
2452 -6.550005938873404 0.6888183351326523 0
2453 11.97973826698203 -1.336309075262154 0
2454 -11.97973826698203 1.336309075262154 0
2455 5.420352723001119 -0.3262737601996893 0
2456 -5.420352723001109 0.3262737601996883 0
2457 -5.58267550353574 0.1250339691892964 0
2458 5.58267550353575 -0.1250339691892975 0
2459 -6.319416801133487 -1.342999522495707 0
2460 6.319416801133481 1.342999522495717 0
2461 12.53082195899704 -1.245893212381926 0
2462 -12.53082195899704 1.245893212381927 0
2463 1.192151759822373 -0.2456170147048082 0
2464 -1.192151759822373 0.2456170147048081 0
2465 -5.895591201583299 0.4955007829962016 0
2466 5.895591201583301 -0.4955007829962101 0
2467 -6.568303305793558 0.9580094371613972 0
2468 6.56830330579356 -0.9580094371614007 0
2469 -5.806643594350906 -1.294411439008337 0
2470 5.806643594350912 1.294411439008341 0
2471 -14.61276989456561 -0.4027100274444485 0
2472 14.61276989456561 0.4027100274444486 0
2473 14.33493504550974 -1.327325211789808 0
2474 -14.33493504550974 1.327325211789808 0
2475 -4.54063357555586 -0.7549237246572844 0
2476 4.540633575555868 0.7549237246572886 0
2477 -17.89594486789133 -1.305659096847646 0
2478 17.89594486789133 1.305659096847646 0
2479 1.505963263787219 1.15759915508425 0
2480 -1.50596326378722 -1.15759915508425 0
2481 0.9208189178165034 -0.5145138090726084 0
2482 -0.9208189178165034 0.5145138090726084 0
2483 -4.708534550293156 -1.770934668048315 0
2484 4.708534550293161 1.770934668048315 0
2485 -3.856060391283482 0.476833879849516 0
2486 3.856060391283485 -0.4768338798495144 0
2487 -3.316611461395458 1.420803833334102 0
2488 3.316611461395464 -1.420803833334103 0
2489 5.680607689970327 -1.351729964290153 0
2490 -5.680607689970323 1.351729964290159 0
2491 15.22607568483663 -0.1968797016822235 0
2492 -15.22607568483663 0.1968797016822234 0
2493 -10.4589558292565 -1.239581395872061 0
2494 10.4589558292565 1.239581395872061 0
2495 9.893914749320205 -1.337235524189897 0
2496 -9.893914749320205 1.337235524189897 0
2497 19.76863013709494 -0.392132561518209 0
2498 -19.76863013709496 0.392132561518229 0
2499 10.26705770321726 0.2482468402270427 0
2500 -10.26705770321726 -0.2482468402270427 0
2501 -9.147476040549529 0.1655447237448595 0
2502 9.147476040549527 -0.1655447237448595 0
2503 9.247395628064524 -0.4685310796409701 0
2504 -9.247395628064524 0.4685310796409701 0
2505 13.33037985335545 -0.1593574564771794 0
2506 -13.33037985335545 0.1593574564771794 0
2507 13.43042794585775 -0.4671190691462155 0
2508 -13.43042794585775 0.4671190691462155 0
2509 11.43886707722103 -0.1857938570155034 0
2510 -11.43886707722103 0.1857938570155034 0
2511 11.34881551998281 -0.4657597688612595 0
2512 -11.34881551998281 0.4657597688612595 0
2513 7.285527721150695 0.397874066978476 0
2514 -7.28552772115069 -0.3978740669784777 0
2515 -3.295896901290968 -1.459749090178164 0
2516 3.29589690129097 1.459749090178162 0
2517 -2.997496366341159 0.4755953384837319 0
2518 2.997496366341164 -0.4755953384837329 0
2519 -8.343801301776505 0.1782343695668702 0
2520 8.343801301776505 -0.1782343695668704 0
2521 9.377090212044484 -1.328559476254732 0
2522 -9.377090212044484 1.328559476254732 0
2523 -7.751362308608128 -0.3941342239136717 0
2524 7.751362308608134 0.3941342239136699 0
2525 1.050045241232582 -0.7835152085089339 0
2526 -1.050045241232582 0.783515208508934 0
2527 10.44299796125934 -1.248579697811755 0
2528 -10.44299796125934 1.248579697811755 0
2529 5.397370253521757 1.061386139230984 0
2530 -5.397370253521751 -1.061386139230982 0
2531 -19.42476849075277 0.01498303545345956 0
2532 19.42476849075279 -0.01498303545346052 0
2533 8.961459263052856 -1.52931212831117 0
2534 -8.961459263052856 1.52931212831117 0
2535 11.04276085406631 -1.513895675495267 0
2536 -11.04276085406631 1.513895675495267 0
2537 -13.18138981814998 -1.503952579246298 0
2538 13.18138981814998 1.503952579246298 0
2539 -11.11574621259946 -1.531015093730609 0
2540 11.11574621259946 1.531015093730609 0
2541 -16.96095716931629 -0.0949295018884915 0
2542 16.96095716931629 0.0949295018884915 0
2543 10.59854496433968 0.5303294565261334 0
2544 -10.59854496433968 -0.5303294565261334 0
2545 -12.7919560824611 -1.493869800486141 0
2546 12.7919560824611 1.493869800486141 0
2547 6.325701285212221 -0.2860900513947613 0
2548 -6.325701285212213 0.2860900513947622 0
2549 15.41081762052725 -1.768837482743246 0
2550 -15.41081762052725 1.768837482743246 0
2551 -6.755502408301516 0.2845434423853897 0
2552 6.755502408301518 -0.2845434423853883 0
2553 -3.548325970648399 -1.077275402835713 0
2554 3.548325970648401 1.077275402835718 0
2555 -15.79000048990659 -0.5858644527503996 0
2556 15.79000048990659 0.5858644527503996 0
2557 -15.40514493123948 -1.379097738557344 0
2558 15.40514493123948 1.379097738557343 0
2559 10.02950666753291 0.5145636877150219 0
2560 -10.02950666753291 -0.5145636877150219 0
2561 10.70407778358052 -0.8010001377869052 0
2562 -10.70407778358052 0.8010001377869052 0
2563 9.90654633208721 -0.8385763869049919 0
2564 -9.90654633208721 0.8385763869049919 0
2565 -9.273635841131565 -1.347671236237277 0
2566 9.273635841131565 1.347671236237268 0
2567 14.10554321858075 -1.743074791350034 0
2568 -14.10554321858075 1.743074791350034 0
2569 2.582070074868141 -0.2539654870399015 0
2570 -2.582070074868135 0.2539654870399002 0
2571 -3.78030757560528 1.352159277914678 0
2572 3.780307575605282 -1.352159277914678 0
2573 -0.9724703939729565 0.6374648141037866 0
2574 0.9724703939729565 -0.6374648141037865 0
2575 -2.34552199909584 -0.82070086879815 0
2576 2.345521999095839 0.8207008687981511 0
2577 -17.0400560380831 -1.382346874358528 0
2578 17.0400560380831 1.382346874358528 0
2579 -0.02952141315003013 1.751616876746586 0
2580 0.02952141315003024 -1.751616876746586 0
2581 5.863621987770902 -1.773548488780764 0
2582 -5.863621987770899 1.773548488780758 0
2583 -17.70271339239828 -1.747844733075475 0
2584 17.70271339239828 1.747844733075475 0
2585 -6.414165200949692 -1.793149092905533 0
2586 6.414165200949691 1.793149092905534 0
2587 1.451300051819361 -1.263211178670956 0
2588 -1.45130005181936 1.263211178670955 0
2589 7.030353607507243 1.789136131179119 0
2590 -7.030353607507242 -1.789136131179113 0
2591 7.190209233110474 -0.5016786120420819 0
2592 -7.190209233110474 0.5016786120420853 0
2593 1.502346185093151 0.2961544775497966 0
2594 -1.50234618509315 -0.2961544775497961 0
2595 -7.543420150620283 -0.2481964222684373 0
2596 7.543420150620287 0.2481964222684358 0
2597 -0.2718779597641993 -1.35722598298021 0
2598 0.2718779597641992 1.357225982980209 0
2599 5.161577607947472 1.75237416977553 0
2600 -5.16157760794747 -1.75237416977553 0
2601 -0.8171799418606833 0.9057282057160656 0
2602 0.8171799418606829 -0.905728205716066 0
2603 -2.525543904471063 0.8977949809632922 0
2604 2.525543904471067 -0.8977949809632915 0
2605 -19.17779410497945 -1.444630555410516 0
2606 19.17779410497943 1.444630555410524 0
2607 -1.321211162441361 -0.1458097742741867 0
2608 1.321211162441362 0.1458097742741866 0
2609 11.44779068240558 -1.324329290639933 0
2610 -11.44779068240558 1.324329290639933 0
2611 1.416024655349856 -0.2443474556652268 0
2612 -1.416024655349855 0.2443474556652269 0
2613 1.245988409402747 -0.5355275515474631 0
2614 -1.245988409402747 0.5355275515474627 0
2615 1.976195535402576 0.3056302571013131 0
2616 -1.976195535402575 -0.3056302571013118 0
2617 8.423316998973721 1.330898155802167 0
2618 -8.42331699897373 -1.330898155802154 0
2619 4.005547413706004 -1.795856372257837 0
2620 -4.005547413706001 1.795856372257836 0
2621 13.48531306177907 -1.396665018287563 0
2622 -13.48531306177907 1.396665018287563 0
2623 1.219213249662773 -0.1397748324195836 0
2624 -1.219213249662772 0.1397748324195828 0
2625 19.79495260581868 -0.9856472965314955 0
2626 -19.79495260581868 0.9856472965314962 0
2627 19.80724857310891 0.9941578773858495 0
2628 -19.80724857310891 -0.9941578773858484 0
2629 14.70648861449361 -1.762704045715489 0
2630 -14.70648861449361 1.762704045715489 0
2631 5.530829051302067 -1.769579608253808 0
2632 -5.530829051302062 1.769579608253805 0
2633 16.79536172677253 -0.4564209680410105 0
2634 -16.79536172677253 0.4564209680410105 0
2635 -1.768786666844455 1.23419418144439 0
2636 1.768786666844457 -1.234194181444392 0
2637 13.23412509311843 -1.773783924496239 0
2638 -13.23412509311843 1.773783924496239 0
2639 11.18316959070837 -0.9148923569748846 0
2640 -11.18316959070837 0.9148923569748846 0
2641 1.70432456550438 0.6897284146736509 0
2642 -1.704324565504379 -0.6897284146736505 0
2643 -1.784595017193267 -0.4212675911443567 0
2644 1.784595017193269 0.4212675911443575 0
2645 8.124836361482606 -0.6535993481366151 0
2646 -8.124836361482604 0.6535993481366151 0
2647 -4.724973356322341 -1.356754720394339 0
2648 4.724973356322343 1.35675472039434 0
2649 18.00494027426675 -1.396550116950301 0
2650 -18.00494027426675 1.396550116950301 0
2651 -14.55667726797198 -0.6577688032941573 0
2652 14.55667726797198 0.6577688032941574 0
2653 1.921756707530965 -0.08832428968039543 0
2654 -1.921756707530962 0.08832428968039706 0
2655 -18.70845567809555 -1.434811571362894 0
2656 18.70845567809556 1.434811571362906 0
2657 -3.777449422645408 -1.368751690583067 0
2658 3.777449422645408 1.368751690583068 0
2659 -3.62315034615821 0.7947945907556844 0
2660 3.623150346158214 -0.7947945907556819 0
2661 16.37846810806716 -0.4280492302583487 0
2662 -16.37846810806716 0.4280492302583487 0
2663 7.732189315922774 -1.131609235161773 0
2664 -7.732189315922773 1.131609235161772 0
2665 19.76824627457983 -1.770948833480673 0
2666 -19.76824627457983 1.770948833480673 0
2667 -19.75844541594559 -1.753582624327486 0
2668 19.75844541594558 1.753582624327482 0
2669 18.8977796199532 0.1233945756058608 0
2670 -18.89777961995318 -0.1233945756058814 0
2671 -1.865105111130909 -1.171742248960205 0
2672 1.865105111130908 1.171742248960205 0
2673 19.13364903551803 -1.404042957947389 0
2674 -19.13364903551802 1.404042957947389 0
2675 -19.00065169031 0.2084595976380358 0
2676 19.00065169031001 -0.2084595976380335 0
2677 15.84265287319055 -1.525633902107127 0
2678 -15.84265287319055 1.525633902107127 0
2679 -14.94323498989004 -1.156964938844407 0
2680 14.94323498989004 1.156964938844407 0
2681 -17.44077647813834 -0.7074631587809619 0
2682 17.44077647813834 0.7074631587809642 0
2683 18.95522388059566 -1.809467110992987 0
2684 -18.95522388059566 1.809467110992987 0
2685 0.3298212128857572 -1.163302029676217 0
2686 -0.3298212128857572 1.163302029676217 0
2687 19.39271628695548 -0.7945633723885551 0
2688 -19.39271628695548 0.7945633723885551 0
2689 -19.38321812884123 -0.7987780637455835 0
2690 19.38321812884125 0.798778063745565 0
2691 15.4804425165309 -0.7258832677871528 0
2692 -15.4804425165309 0.7258832677871528 0
2693 -8.699697267643458 -1.790276575245573 0
2694 8.699697267643463 1.790276575245574 0
2695 -4.059341443163614 0.7680868815918802 0
2696 4.059341443163617 -0.7680868815918761 0
2697 0.7737999326789704 0.864031654582456 0
2698 -0.7737999326789703 -0.864031654582456 0
2699 -14.45117640515795 -0.2208525080236886 0
2700 14.45117640515795 0.2208525080236887 0
2701 13.95514105870324 -1.444077789847411 0
2702 -13.95514105870324 1.444077789847411 0
2703 -19.78538486538698 -0.1958204369496096 0
2704 19.78538486538691 0.1958204369496994 0
2705 -4.469316292251306 1.368425856908504 0
2706 4.469316292251309 -1.368425856908515 0
2707 -9.46935045310002 -0.8035235393621956 0
2708 9.46935045310002 0.803523539362198 0
2709 -6.092178812606545 0.7385149277475699 0
2710 6.092178812606553 -0.7385149277475734 0
2711 1.459142147079469 1.526756862769489 0
2712 -1.459142147079469 -1.526756862769488 0
2713 -10.00000000000987 -1.810528199912038 0
2714 10.00000000000987 1.810528199912038 0
2715 -12.0906154018332 -1.801916298821018 0
2716 12.0906154018332 1.801916298821018 0
2717 10.00287319690175 -1.802065440331555 0
2718 -10.00287319690175 1.802065440331555 0
2719 12.09251887973871 -1.802191628548034 0
2720 -12.09251887973871 1.802191628548034 0
2721 -15.31617718685193 -0.917521417285972 0
2722 15.31617718685193 0.9175214172859719 0
2723 0.8951349613230846 -0.8397930431539957 0
2724 -0.8951349613230846 0.8397930431539955 0
2725 -14.1693526818226 -0.5423788766605333 0
2726 14.1693526818226 0.5423788766605333 0
2727 -7.378841349348274 0.920843428078056 0
2728 7.378841349348273 -0.9208434280780631 0
2729 18.62193824684213 0.9760295017127222 0
2730 -18.62193824684214 -0.9760295017126992 0
2731 11.00801326975557 -0.06396886180500508 0
2732 -11.00801326975557 0.06396886180500508 0
2733 9.627786187565448 -0.0709151478139555 0
2734 -9.627786187565448 0.0709151478139555 0
2735 15.11296002624126 -1.395666426580309 0
2736 -15.11296002624126 1.395666426580309 0
2737 0.1261817605307139 -1.056920023638028 0
2738 -0.1261817605307139 1.056920023638028 0
2739 -17.53591309479076 -1.469061914141093 0
2740 17.53591309479076 1.469061914141093 0
2741 0.2694951934534175 -1.501683979453873 0
2742 -0.2694951934534171 1.501683979453872 0
2743 15.5760857501999 -0.2565943176013722 0
2744 -15.5760857501999 0.2565943176013722 0
2745 9.107770657524933 -0.9162843345987333 0
2746 -9.107770657524933 0.9162843345987333 0
2747 5.294977711713651 0.4063101495912129 0
2748 -5.29497771171364 -0.4063101495912136 0
2749 7.084069481311855 0.06028890444177851 0
2750 -7.084069481311854 -0.06028890444177734 0
2751 -1.00194426425419 1.031996416140823 0
2752 1.00194426425419 -1.031996416140823 0
2753 -8.748717589600826 -1.417369294054236 0
2754 8.748717589600833 1.417369294054238 0
2755 18.82183974654844 -1.406844888906509 0
2756 -18.82183974654844 1.406844888906509 0
2757 3.710440533307745 1.772646980605858 0
2758 -3.710440533307745 -1.772646980605858 0
2759 -4.958538202821075 -1.002519123087188 0
2760 4.95853820282108 1.002519123087191 0
2761 -1.210598346068411 -0.5708348794117655 0
2762 1.210598346068412 0.570834879411766 0
2763 7.910447761179148 -1.814889139075814 0
2764 -7.910447761179148 1.814889139075814 0
2765 -2.12479806056258 1.14783602152841 0
2766 2.124798060562585 -1.14783602152841 0
2767 -9.030998772697373 -0.7622700354576551 0
2768 9.030998772697375 0.7622700354576553 0
2769 -8.775227907836939 -0.6535717038379595 0
2770 8.775227907836943 0.6535717038379572 0
2771 2.046100271884919 -0.5793185844845687 0
2772 -2.046100271884915 0.5793185844845656 0
2773 0.4892931348484321 1.098788284807428 0
2774 -0.489293134848432 -1.098788284807428 0
2775 2.411485707635334 -0.02021559790561555 0
2776 -2.411485707635331 0.02021559790561203 0
2777 -14.77611940297976 -1.815486885595584 0
2778 14.77611940297976 1.815486885595584 0
2779 -11.13858602681366 -0.7382168147539283 0
2780 11.13858602681366 0.7382168147539283 0
2781 15.58317773763419 -1.124692860937161 0
2782 -15.58317773763419 1.124692860937161 0
2783 -13.67849474082284 -1.523071268359014 0
2784 13.67849474082284 1.523071268359014 0
2785 2.830243682525434 0.3263133884567923 0
2786 -2.830243682525429 -0.3263133884567858 0
2787 19.38583956697777 -1.061122423741514 0
2788 -19.38583956697777 1.061122423741514 0
2789 19.38583956697884 1.061122423737556 0
2790 -19.38583956697881 -1.061122423737535 0
2791 3.2118562142614 -0.6683375296778087 0
2792 -3.211856214261395 0.6683375296778097 0
2793 -0.7992983919587326 -1.050927334516299 0
2794 0.7992983919587326 1.050927334516298 0
2795 1.059358699036914 -0.4815957938731111 0
2796 -1.059358699036914 0.4815957938731111 0
2797 16.56716417910025 -1.817438578778535 0
2798 -16.56716417910025 1.817438578778535 0
2799 17.19976977055358 -0.613682741689444 0
2800 -17.19976977055358 0.613682741689444 0
2801 -1.284811711178745 0.03301217513478261 0
2802 1.284811711178745 -0.03301217513478247 0
2803 -16.12072127566553 -0.9507504441495344 0
2804 16.12072127566553 0.9507504441495342 0
2805 13.28400271813458 -0.909452369717065 0
2806 -13.28400271813458 0.909452369717065 0
2807 2.140409680500516 0.4352765623144466 0
2808 -2.140409680500516 -0.4352765623144452 0
2809 13.14526812029796 -1.122158331437654 0
2810 -13.14526812029796 1.122158331437654 0
2811 0.7127354307433649 1.827121954850916 0
2812 -0.7127354307433644 -1.827121954850916 0
2813 -0.9522077429609623 -1.199582898503182 0
2814 0.9522077429609623 1.199582898503182 0
2815 1.346465574602766 -0.4937325365579772 0
2816 -1.346465574602766 0.4937325365579761 0
2817 -9.408715120560535 -1.7975757188693 0
2818 9.408715120560535 1.797575718869308 0
2819 2.81130214151969 -0.07950966184008641 0
2820 -2.811302141519683 0.07950966184008852 0
2821 -4.435163034552982 -1.791132875287137 0
2822 4.435163034552986 1.791132875287137 0
2823 5.490018367866545 -0.5614174166729834 0
2824 -5.490018367866537 0.5614174166729801 0
2825 1.209993515459441 1.029464460181896 0
2826 -1.209993515459442 -1.029464460181896 0
2827 18.70063786129457 -1.181169224048481 0
2828 -18.70063786129457 1.181169224048481 0
2829 -16.26459877398903 -1.802547413995497 0
2830 16.26459877398903 1.802547413995497 0
2831 6.996006143621591 -0.6757081619189418 0
2832 -6.996006143621592 0.675708161918944 0
2833 5.047473502911801 0.7789250895913067 0
2834 -5.047473502911798 -0.7789250895913054 0
2835 -7.619397499669959 0.3328233106611823 0
2836 7.619397499669956 -0.3328233106611893 0
2837 8.965568615729218 -1.101613914292938 0
2838 -8.965568615729218 1.101613914292938 0
2839 -13.91158338359541 0.6968187130021762 0
2840 13.91158338359541 -0.6968187130021761 0
2841 -17.23776233566426 -1.779348850690617 0
2842 17.23776233566426 1.779348850690617 0
2843 -11.94952538649655 -1.383794207498988 0
2844 11.94952538649655 1.383794207498988 0
2845 8.201116327893994 0.9781092345307882 0
2846 -8.201116327893994 -0.9781092345307887 0
2847 18.12024254595662 -0.6126878942099246 0
2848 -18.12024254595662 0.6126878942099246 0
2849 15.50549573678335 -1.53495700751774 0
2850 -15.50549573678335 1.53495700751774 0
2851 -5.906802990971373 -1.533072750730491 0
2852 5.906802990971378 1.533072750730492 0
2853 8.027804935132714 -0.3896251798511555 0
2854 -8.027804935132718 0.3896251798511551 0
2855 11.02875839833233 -1.089190300609015 0
2856 -11.02875839833233 1.089190300609015 0
2857 -6.549653360906993 -0.9882731951761367 0
2858 6.549653360906996 0.9882731951761421 0
2859 19.51233898353196 1.756923995205235 0
2860 -19.51233898353196 -1.756923995205231 0
2861 -2.453024433436138 1.247081353476719 0
2862 2.453024433436144 -1.247081353476717 0
2863 6.340417224953281 -0.5817554442018553 0
2864 -6.340417224953261 0.5817554442018508 0
2865 -18.3524894130922 -1.140046293223023 0
2866 18.3524894130922 1.140046293223042 0
2867 3.540180772839396 0.6030667324712454 0
2868 -3.540180772839391 -0.6030667324712384 0
2869 18.84330125032511 -0.5995361742620133 0
2870 -18.84330125032511 0.5995361742620133 0
2871 19.54452795346752 -1.819953028862816 0
2872 -19.54452795346752 1.819953028862816 0
2873 18.57264322129322 -0.7969604533895968 0
2874 -18.57264322129322 0.7969604533895968 0
2875 -6.376493653105184 1.08793805040653 0
2876 6.376493653105189 -1.087938050406531 0
2877 -0.6339916674059477 1.230405182432846 0
2878 0.6339916674059476 -1.230405182432846 0
2879 17.84515233433266 -0.9919328522565348 0
2880 -17.84515233433266 0.9919328522565348 0
2881 1.435385596181813 -1.455812510858468 0
2882 -1.435385596181811 1.455812510858468 0
2883 14.77919469171364 -1.144396840937157 0
2884 -14.77919469171364 1.144396840937157 0
2885 -6.564607441937605 1.754333429562019 0
2886 6.564607441937611 -1.754333429562018 0
2887 13.24842015126788 -1.371613915886373 0
2888 -13.24842015126788 1.371613915886373 0
2889 4.351184562163016 1.44478701426861 0
2890 -4.351184562163008 -1.444787014268613 0
2891 -17.60370480071048 0.415237916944683 0
2892 17.60370480071048 -0.4152379169446829 0
2893 -4.173634953952787 -0.7961022093727327 0
2894 4.173634953952794 0.7961022093727366 0
2895 -0.2489477298054733 1.8021021994328 0
2896 0.2489477298054734 -1.802102199432801 0
2897 -6.756030083739416 0.5822088625354904 0
2898 6.756030083739412 -0.5822088625354785 0
2899 2.197562688610368 -0.2974935960460761 0
2900 -2.197562688610364 0.2974935960460749 0
2901 -11.57768394540012 -1.506553397005454 0
2902 11.57768394540012 1.506553397005454 0
2903 15.16766641393656 -1.787865779238667 0
2904 -15.16766641393656 1.787865779238667 0
2905 13.78150839954191 -1.107267854341142 0
2906 -13.78150839954191 1.107267854341142 0
2907 -12.62246975509741 -0.4321531583970381 0
2908 12.62246975509741 0.4321531583970381 0
2909 12.43560898551746 0.229493358835621 0
2910 -12.43560898551746 -0.2294933588356211 0
2911 12.61853151494978 -0.4231735978969982 0
2912 -12.61853151494978 0.4231735978969982 0
2913 12.18494799724982 -0.4331773562343716 0
2914 -12.18494799724982 0.4331773562343716 0
2915 -5.597661655764708 -1.796160099766567 0
2916 5.597661655764717 1.796160099766565 0
2917 -4.835150285965836 0.232423299548137 0
2918 4.835150285965842 -0.2324232995481386 0
2919 -12.31683124656823 -1.45002971524489 0
2920 12.31683124656823 1.45002971524489 0
2921 -1.325024440018825 -0.9402114403798345 0
2922 1.325024440018824 0.9402114403798348 0
2923 -18.77646927284513 0.3731750539291612 0
2924 18.77646927284513 -0.3731750539291628 0
2925 -7.989999889550456 -0.04129579859854389 0
2926 7.989999889550456 0.04129579859854376 0
2927 -19.39956971009557 -1.501454836032647 0
2928 19.39956971009562 1.501454836032678 0
2929 -8.464840925652894 1.221450750591386 0
2930 8.464840925652894 -1.221450750591386 0
2931 3.0688454842022 0.4979804124506421 0
2932 -3.068845484202195 -0.4979804124506356 0
2933 19.78027695398593 -1.463737464746131 0
2934 -19.78027695398593 1.463737464746131 0
2935 -19.78027695398585 -1.463737464746061 0
2936 19.78027695398582 1.463737464746083 0
2937 0.1486644801302226 -1.292123224464341 0
2938 -0.1486644801302223 1.292123224464341 0
2939 3.671721654068933 -1.543914175659873 0
2940 -3.671721654068929 1.543914175659872 0
2941 1.740855532129234 -1.028567941194073 0
2942 -1.740855532129231 1.028567941194071 0
2943 17.24288199417849 -1.416336313096089 0
2944 -17.24288199417849 1.416336313096089 0
2945 18.05432572301939 0.4936266032298333 0
2946 -18.05432572301937 -0.4936266032298431 0
2947 1.234261987040237 -0.3402302599958736 0
2948 -1.234261987040237 0.3402302599958734 0
2949 -7.492626737367701 1.120921420189621 0
2950 7.492626737367699 -1.120921420189624 0
2951 0.153762462909818 1.861658555622083 0
2952 -0.1537624629098184 -1.861658555622083 0
2953 18.40172195357667 -1.524749449529652 0
2954 -18.40172195357667 1.524749449529652 0
2955 19.40067614526202 -1.485640311128579 0
2956 -19.40067614526201 1.485640311128579 0
2957 -16.36508882728126 -0.966103167677002 0
2958 16.36508882728126 0.966103167677002 0
2959 1.190592662150133 0.7850757442012671 0
2960 -1.190592662150131 -0.7850757442012662 0
2961 8.481655545199651 -0.3880965926351926 0
2962 -8.481655545199651 0.3880965926351926 0
2963 -7.97295643516557 -0.772388573148842 0
2964 7.972956435165578 0.7723885731488409 0
2965 5.11016163627743 -0.04262579187657924 0
2966 -5.110161636277422 0.04262579187657681 0
2967 -15.20274072064668 -1.133458015833113 0
2968 15.20274072064668 1.133458015833113 0
2969 13.6024581106517 -1.541920893872659 0
2970 -13.6024581106517 1.541920893872659 0
2971 -17.34329731211624 -1.11657895823301 0
2972 17.34329731211624 1.11657895823301 0
2973 9.430293793714796 -0.8697092053368276 0
2974 -9.430293793714796 0.8697092053368276 0
2975 16.6290648790424 -1.40674298978821 0
2976 -16.6290648790424 1.40674298978821 0
2977 16.37242190435283 0.2371190619037523 0
2978 -16.37242190435283 -0.2371190619037523 0
2979 1.069866957004076 -0.5843374855841981 0
2980 -1.069866957004075 0.5843374855841982 0
2981 18.62535204797286 0.1297659245534269 0
2982 -18.62535204797287 -0.1297659245534432 0
2983 -4.426285034547077 1.788456852404676 0
2984 4.426285034547089 -1.788456852404676 0
2985 0.2068952239212626 1.040238012149545 0
2986 -0.2068952239212625 -1.040238012149545 0
2987 19.17698378048357 -0.4412736668682599 0
2988 -19.17698378048358 0.4412736668682983 0
2989 -2.049267373429583 -1.201115650032686 0
2990 2.049267373429583 1.201115650032685 0
2991 0.5946547425628779 -1.799827520198052 0
2992 -0.5946547425628784 1.799827520198052 0
2993 -1.754161597111649 -1.488795294724661 0
2994 1.75416159711165 1.488795294724661 0
2995 11.50039282396039 -0.889767800261636 0
2996 -11.50039282396039 0.889767800261636 0
2997 -1.872332670907329 -0.579039454011856 0
2998 1.87233267090733 0.5790394540118564 0
2999 -5.72177986994707 0.8949213623888015 0
3000 5.721779869947083 -0.8949213623888039 0
3001 9.48014885514293 -1.539995403432199 0
3002 -9.48014885514293 1.539995403432199 0
3003 5.615334716232262 0.6540890597061304 0
3004 -5.615334716232249 -0.6540890597061324 0
3005 16.51834258948106 0.6296589320350268 0
3006 -16.51834258948106 -0.6296589320350268 0
3007 -6.045121799038648 -0.5630293651615037 0
3008 6.045121799038644 0.5630293651615086 0
3009 -14.49982677663784 0.5001727073579201 0
3010 14.49982677663784 -0.5001727073579201 0
3011 -6.091799322779472 -1.144912955249573 0
3012 6.091799322779472 1.144912955249578 0
3013 6.370219801103731 0.8373530378286106 0
3014 -6.370219801103729 -0.8373530378285945 0
3015 -5.02912743775213 0.5062038324691215 0
3016 5.029127437752138 -0.5062038324691234 0
3017 1.379615291872802 -0.9501588485010504 0
3018 -1.379615291872801 0.9501588485010488 0
3019 4.601842594544243 0.319058171445066 0
3020 -4.601842594544236 -0.3190581714450647 0
3021 -1.655842691300538 1.830580445109755 0
3022 1.655842691300539 -1.830580445109753 0
3023 -2.906661088561424 -1.789036847949307 0
3024 2.906661088561425 1.789036847949306 0
3025 -17.41328802667878 0.04089639366991848 0
3026 17.41328802667878 -0.04089639366991984 0
3027 -13.31595038201827 -0.9191438851734052 0
3028 13.31595038201827 0.9191438851734052 0
3029 5.492461417529777 1.438823632676326 0
3030 -5.492461417529768 -1.438823632676315 0
3031 10.08322406964901 0.0372034278680408 0
3032 -10.08322406964901 -0.0372034278680408 0
3033 9.849575222708671 0.1019268406940886 0
3034 -9.849575222708671 -0.1019268406940886 0
3035 19.1672341533692 -1.145363999315247 0
3036 -19.1672341533692 1.145363999315247 0
3037 5.149966677487779 1.137455952330185 0
3038 -5.149966677487774 -1.137455952330182 0
3039 -13.65634084641638 -0.7297637399197332 0
3040 13.65634084641638 0.7297637399197332 0
3041 -16.79182127220194 -1.206433087023632 0
3042 16.79182127220194 1.206433087023632 0
3043 -3.334295520609615 -1.22301075123984 0
3044 3.334295520609614 1.223010751239842 0
3045 -7.697726391988451 1.509317478077111 0
3046 7.697726391988451 -1.509317478077111 0
3047 -1.085588882665836 -0.701848020070718 0
3048 1.085588882665836 0.7018480200707181 0
3049 16.65443877027023 -0.8851212073865967 0
3050 -16.65443877027023 0.8851212073865967 0
3051 9.723353657269323 -1.088311601061536 0
3052 -9.723353657269323 1.088311601061536 0
3053 -12.59333828434659 -1.046526970306788 0
3054 12.59333828434659 1.046526970306788 0
3055 5.27034528262906 -1.167707281982242 0
3056 -5.270345282629054 1.167707281982239 0
3057 -4.569249377481046 -0.9637324430296559 0
3058 4.569249377481053 0.9637324430296585 0
3059 -3.774410761307998 -0.9306484657215174 0
3060 3.774410761308007 0.9306484657215182 0
3061 0.8055116527360552 1.159291541133306 0
3062 -0.8055116527360547 -1.159291541133306 0
3063 0.1342925136538835 -1.457767708150438 0
3064 -0.1342925136538832 1.457767708150437 0
3065 18.99095081716497 -0.9976452102444249 0
3066 -18.99095081716496 0.997645210244426 0
3067 -13.7724610738763 0.06478133236574649 0
3068 13.7724610738763 -0.06478133236574649 0
3069 -14.93219945969658 -1.421056501418394 0
3070 14.93219945969658 1.421056501418394 0
3071 6.585996937241005 0.5294065640467511 0
3072 -6.585996937240991 -0.5294065640467411 0
3073 9.527460440025251 1.522537493894074 0
3074 -9.527460440025246 -1.522537493894072 0
3075 -6.547336232285886 1.443796488704527 0
3076 6.547336232285881 -1.443796488704518 0
3077 1.309521776005458 0.3069407436322117 0
3078 -1.309521776005456 -0.3069407436322126 0
3079 12.20903924667788 0.09064543405415008 0
3080 -12.20903924667788 -0.0906454340541501 0
3081 -1.785520271834351 1.450098858125168 0
3082 1.785520271834354 -1.450098858125169 0
3083 10.51664810790271 0.04266963311856546 0
3084 -10.51664810790271 -0.04266963311856546 0
3085 18.9855207731866 0.9793343451074373 0
3086 -18.98552077318667 -0.9793343451073538 0
3087 1.280475392950386 0.4170273353115002 0
3088 -1.280475392950384 -0.4170273353114995 0
3089 -17.74904044581961 0.8174632884180312 0
3090 17.74904044581961 -0.8174632884180312 0
3091 -5.932481718121604 0.9332526103531047 0
3092 5.93248171812161 -0.9332526103531058 0
3093 -14.71124364799007 0.04984408105711288 0
3094 14.71124364799007 -0.04984408105711287 0
3095 -1.407608105864032 0.04808293912248479 0
3096 1.407608105864032 -0.04808293912248467 0
3097 3.982723667576582 1.542218164760378 0
3098 -3.982723667576581 -1.542218164760379 0
3099 19.57351566566015 -0.4592078682232924 0
3100 -19.57351566566014 0.4592078682233317 0
3101 -14.06299652916348 -1.520419107462473 0
3102 14.06299652916348 1.520419107462473 0
3103 -10.70880954562848 -1.535766917157637 0
3104 10.70880954562848 1.535766917157637 0
3105 -11.81349138112675 -1.123525410077294 0
3106 11.81349138112675 1.123525410077294 0
3107 8.150552658309456 -1.492834375910957 0
3108 -8.150552658309456 1.492834375910955 0
3109 -3.048333383093026 0.01239475377360651 0
3110 3.048333383093035 -0.01239475377360264 0
3111 9.118326282007573 1.536337438503636 0
3112 -9.118326282007573 -1.536337438503634 0
3113 -16.93397599268717 -0.5505328397846916 0
3114 16.93397599268717 0.5505328397846916 0
3115 -2.204849149879234 -1.824468150585735 0
3116 2.204849149879232 1.824468150585735 0
3117 3.37713683499591 0.807540452574615 0
3118 -3.377136834995906 -0.807540452574606 0
3119 -15.63475983811191 -1.197506043702196 0
3120 15.63475983811191 1.197506043702196 0
3121 1.401991237921165 -0.6828088114842624 0
3122 -1.401991237921165 0.6828088114842626 0
3123 -14.55302556818058 -1.458102403288822 0
3124 14.55302556818058 1.458102403288822 0
3125 -15.93748695938216 -0.1430712885760125 0
3126 15.93748695938216 0.1430712885760125 0
3127 11.81971923133658 -1.09441335413557 0
3128 -11.81971923133658 1.09441335413557 0
3129 -4.023563949608218 1.405622911061104 0
3130 4.02356394960822 -1.405622911061108 0
3131 4.714443939586867 0.5365513422379433 0
3132 -4.714443939586858 -0.536551342237941 0
3133 -18.35368167486934 -1.53118492573663 0
3134 18.35368167486935 1.53118492573663 0
3135 -16.287900426076 -1.351285015798846 0
3136 16.287900426076 1.351285015798846 0
3137 10.52369300133742 -0.4178202760386314 0
3138 -10.52369300133743 0.4178202760386314 0
3139 10.07389529780139 -0.4184953735834312 0
3140 -10.07389529780139 0.4184953735834312 0
3141 3.903471722118709 0.05040063429040909 0
3142 -3.903471722118704 -0.05040063429040615 0
3143 9.163451408398945 0.5200752896990848 0
3144 -9.163451408398945 -0.5200752896990848 0
3145 -7.095554356942874 -1.575899325437064 0
3146 7.095554356942887 1.575899325437046 0
3147 0.5934827769793659 1.093559281067233 0
3148 -0.5934827769793658 -1.093559281067233 0
3149 -3.584714614485981 0.1657882647650585 0
3150 3.584714614485988 -0.1657882647650558 0
3151 -3.746751807214466 -0.6615488654325389 0
3152 3.746751807214473 0.6615488654325412 0
3153 1.311204136636926 -1.827230527644115 0
3154 -1.311204136636925 1.827230527644115 0
3155 -13.89149184173686 -1.104455543088518 0
3156 13.89149184173686 1.104455543088518 0
3157 -13.29101842573096 -1.300312289730204 0
3158 13.29101842573096 1.300312289730204 0
3159 -11.2230541102615 -1.333214894129791 0
3160 11.2230541102615 1.333214894129791 0
3161 9.101255976969009 -1.316321142420481 0
3162 -9.101255976969011 1.316321142420481 0
3163 11.17732875017128 -1.30668898868622 0
3164 -11.17732875017128 1.30668898868622 0
3165 -3.686703192542207 0.5888160134830183 0
3166 3.686703192542211 -0.5888160134830163 0
3167 7.099663157604553 0.8665670245474889 0
3168 -7.09966315760455 -0.8665670245474861 0
3169 7.61194029852499 1.838745692821293 0
3170 -7.611940298524991 -1.838745692821295 0
3171 -7.985663323793638 -1.167819668843824 0
3172 7.985663323793637 1.167819668843824 0
3173 1.188010423194044 0.02689709220319982 0
3174 -1.188010423194044 -0.02689709220319905 0
3175 3.093897818886315 -1.31713234998098 0
3176 -3.093897818886309 1.317132349980979 0
3177 5.320032569241862 -0.7540375790663894 0
3178 -5.320032569241857 0.7540375790663882 0
3179 -1.053807532775574 -0.04106991234499289 0
3180 1.053807532775574 0.04106991234499296 0
3181 10.74859565288229 0.09710238264592201 0
3182 -10.74859565288229 -0.09710238264592201 0
3183 -3.585987640430663 -1.545840331647981 0
3184 3.585987640430663 1.545840331647981 0
3185 -1.641791044802762 -1.849086368201264 0
3186 1.641791044802762 1.849086368201264 0
3187 14.76027994184571 -1.544794511739964 0
3188 -14.76027994184571 1.544794511739964 0
3189 11.56752766479867 -1.539686419545907 0
3190 -11.56752766479867 1.539686419545907 0
3191 -7.459729710490542 -1.42310231605141 0
3192 7.459729710490532 1.423102316051416 0
3193 8.791511161191409 0.4091348195564587 0
3194 -8.791511161191409 -0.4091348195564593 0
3195 -2.744593342936666 1.48105458686809 0
3196 2.74459334293667 -1.48105458686809 0
3197 11.11921412614975 0.3320628570727868 0
3198 -11.11921412614975 -0.3320628570727868 0
3199 -13.67580940790418 -0.3383711558453264 0
3200 13.67580940790418 0.3383711558453264 0
3201 9.472479300919256 0.3090463507951927 0
3202 -9.472479300919256 -0.3090463507951927 0
3203 7.738757185810089 -0.7065462874921054 0
3204 -7.73875718581009 0.7065462874921048 0
3205 -18.40405028523569 -0.7443114650926811 0
3206 18.40405028523561 0.7443114650926942 0
3207 7.347997282991813 -1.819259032454307 0
3208 -7.347997282991814 1.819259032454307 0
3209 -14.94014408043067 -0.7125625537866546 0
3210 14.94014408043067 0.7125625537866546 0
3211 -15.37313432835253 -1.840280511924666 0
3212 15.37313432835253 1.840280511924666 0
3213 -0.9198531206364304 -0.5097078759087779 0
3214 0.9198531206364304 0.5097078759087779 0
3215 16.78896119213408 0.2549710600761153 0
3216 -16.78896119213408 -0.2549710600761152 0
3217 12.60817933258653 0.00662256953212991 0
3218 -12.60817933258653 -0.006622569532129911 0
3219 8.120146453396943 -0.1877563145748303 0
3220 -8.120146453396945 0.1877563145748299 0
3221 1.553545423542846 -0.81846502654558 0
3222 -1.553545423542845 0.8184650265455795 0
3223 17.07223264481224 -1.014436180994228 0
3224 -17.07223264481224 1.014436180994228 0
3225 -14.71397583591544 -1.038153102886731 0
3226 14.71397583591544 1.038153102886731 0
3227 11.52596343689432 0.2105103845419092 0
3228 -11.52596343689432 -0.2105103845419092 0
3229 2.722379979737032 0.1303931069800164 0
3230 -2.722379979737028 -0.1303931069800138 0
3231 9.735969073046917 -0.6795639590555839 0
3232 -9.735969073046917 0.6795639590555839 0
3233 10.86409667168314 -0.6696720746613821 0
3234 -10.86409667168314 0.6696720746613821 0
3235 8.19320482855237 1.830955169516386 0
3236 -8.193204828552368 -1.830955169516384 0
3237 -5.479999846712123 1.505131232561755 0
3238 5.479999846712127 -1.505131232561753 0
3239 11.83019140489687 -0.003041355263412932 0
3240 -11.83019140489687 0.003041355263412932 0
3241 -4.710899873165758 -0.1283321841971926 0
3242 4.710899873165762 0.128332184197193 0
3243 -2.036605845371249 1.527634197122765 0
3244 2.036605845371251 -1.527634197122766 0
3245 -14.2855049362573 -1.197371502213291 0
3246 14.2855049362573 1.197371502213291 0
3247 17.75340560305468 -1.817247116596477 0
3248 -17.75340560305468 1.817247116596477 0
3249 -11.35449790207275 -0.9263734388228895 0
3250 11.35449790207275 0.9263734388228895 0
3251 -7.954652847878787 1.053206820335562 0
3252 7.954652847878787 -1.053206820335563 0
3253 -14.26660235769325 -0.05036974791360307 0
3254 14.26660235769325 0.05036974791360307 0
3255 13.33921095339092 0.114452674846047 0
3256 -13.33921095339092 -0.114452674846047 0
3257 -9.161803893027258 -0.1082438099070637 0
3258 9.161803893027258 0.1082438099070639 0
3259 0.8656193558431297 -0.7563431838751579 0
3260 -0.8656193558431297 0.7563431838751578 0
3261 -1.972551953518515 -1.544203771488031 0
3262 1.972551953518511 1.544203771488031 0
3263 -1.117416042767891 0.2456962574529001 0
3264 1.117416042767891 -0.2456962574529001 0
3265 -7.388615594154734 0.1515802352981607 0
3266 7.38861559415473 -0.1515802352981637 0
3267 -12.87660791554609 -0.7658294154525737 0
3268 12.87660791554609 0.7658294154525737 0
3269 -4.928187461576115 -1.822175791450281 0
3270 4.928187461576115 1.822175791450281 0
3271 12.31494208704818 -0.2722427681666605 0
3272 -12.31494208704818 0.2722427681666605 0
3273 9.762505791397523 1.476471809147955 0
3274 -9.762505791397519 -1.476471809147954 0
3275 0.283837574255539 -1.0148253536399 0
3276 -0.283837574255539 1.0148253536399 0
3277 3.847235231393181 -0.9213864000647818 0
3278 -3.847235231393179 0.9213864000647838 0
3279 15.79199626374389 -0.4799006949172512 0
3280 -15.79199626374389 0.4799006949172512 0
3281 -4.258774810790244 -0.09867120518888138 0
3282 4.25877481079025 0.09867120518888313 0
3283 -17.26857132381937 -1.5565665203654 0
3284 17.26857132381937 1.5565665203654 0
3285 -11.28318124714189 -0.5203845155478719 0
3286 11.28318124714189 0.5203845155478719 0
3287 -13.51154009097736 -0.5274912434024703 0
3288 13.51154009097736 0.5274912434024703 0
3289 6.518362300179861 1.264401472093274 0
3290 -6.518362300179867 -1.264401472093276 0
3291 -11.55686375484154 -0.7513343709800533 0
3292 11.55686375484154 0.7513343709800533 0
3293 -5.703645208410766 0.6396096074657436 0
3294 5.703645208410775 -0.6396096074657477 0
3295 -12.82519274911682 -0.3227782874685309 0
3296 12.82519274911682 0.3227782874685308 0
3297 -3.454107397696218 -0.03842528181159691 0
3298 3.454107397696224 0.03842528181159627 0
3299 -1.02331455307982 -0.5976970465814985 0
3300 1.02331455307982 0.5976970465814985 0
3301 -5.673777591549353 -1.056331749276601 0
3302 5.673777591549361 1.056331749276604 0
3303 17.15760266810257 -1.832872423591756 0
3304 -17.15760266810257 1.832872423591756 0
3305 -1.935692923779817 -0.8862075685374955 0
3306 1.935692923779817 0.8862075685374959 0
3307 -2.066758769439358 -0.6002938978218098 0
3308 2.066758769439359 0.6002938978218092 0
3309 6.769774558765682 0.6605433952394155 0
3310 -6.769774558765687 -0.6605433952394184 0
3311 5.782086226810565 0.8471025199116677 0
3312 -5.782086226810558 -0.8471025199116654 0
3313 -18.52933877842221 0.05733742999816082 0
3314 18.52933877842215 -0.05733742999815433 0
3315 -17.21802955202373 -0.7398404482921233 0
3316 17.21802955202373 0.7398404482921233 0
3317 10.5272980109665 -0.974679663650845 0
3318 -10.5272980109665 0.974679663650845 0
3319 10.08763636301939 -0.9657603955126877 0
3320 -10.08763636301939 0.9657603955126873 0
3321 -2.238805970127391 1.852452685683543 0
3322 2.238805970127391 -1.852452685683544 0
3323 10.25927184122875 -1.485077195595144 0
3324 -10.25927184122875 1.485077195595144 0
3325 -10.233403761433 -1.522890188674877 0
3326 10.233403761433 1.522890188674877 0
3327 12.34901144896919 -1.4848686389666 0
3328 -12.34901144896919 1.4848686389666 0
3329 -15.16391516944591 -1.5245049645385 0
3330 15.16391516944591 1.5245049645385 0
3331 6.329472423382709 -1.778570261778262 0
3332 -6.329472423382702 1.77857026177826 0
3333 -12.18276609953402 -1.006222018659026 0
3334 12.18276609953402 1.006222018659026 0
3335 -8.200013029719701 -0.5334555998305794 0
3336 8.200013029719702 0.5334555998305768 0
3337 7.060596444636138 -1.228122783904015 0
3338 -7.060596444636136 1.228122783904015 0
3339 -1.85586416018539 -1.006410522529076 0
3340 1.85586416018539 1.006410522529076 0
3341 8.466004391807804 -0.9618692161214479 0
3342 -8.466004391807804 0.9618692161214479 0
3343 16.92864614630354 -1.171805176045444 0
3344 -16.92864614630354 1.171805176045444 0
3345 13.72035152746389 -0.7654496386132945 0
3346 -13.72035152746389 0.7654496386132945 0
3347 -1.602926963169196 1.571984349630487 0
3348 1.6029269631692 -1.571984349630488 0
3349 1.112309892827049 -0.8593930659954241 0
3350 -1.112309892827049 0.859393065995424 0
3351 -4.342656037330101 -0.7139991226929303 0
3352 4.34265603733011 0.7139991226929339 0
3353 -12.01310557765539 -0.7565096050129561 0
3354 12.01310557765539 0.7565096050129561 0
3355 -17.81041392665507 0.09898502710549781 0
3356 17.8104139266551 -0.0989850271055166 0
3357 -6.201982184150859 1.537477107178862 0
3358 6.201982184150868 -1.537477107178858 0
3359 0.5107419948836709 -1.366912870916869 0
3360 -0.5107419948836719 1.366912870916869 0
3361 1.91602086026922 -0.2893338250986021 0
3362 -1.916020860269218 0.2893338250986002 0
3363 -11.0272445035233 -1.17377027437499 0
3364 11.0272445035233 1.17377027437499 0
3365 -19.55869414929787 -0.6797666126500246 0
3366 19.55869414929786 0.6797666126500128 0
3367 -9.220412270033137 -0.9087255566300713 0
3368 9.22041227003314 0.9087255566300776 0
3369 -2.668569655238299 -1.130324610217237 0
3370 2.668569655238295 1.130324610217239 0
3371 17.67087725819175 0.2680553179186365 0
3372 -17.67087725819175 -0.2680553179186477 0
3373 -0.7528999370996298 0.8546888367353891 0
3374 0.7528999370996295 -0.8546888367353895 0
3375 12.18071543833628 -0.9579820184081975 0
3376 -12.18071543833628 0.9579820184081975 0
3377 12.62829795213718 -0.9784510418806637 0
3378 -12.62829795213718 0.9784510418806639 0
3379 -4.605254330008107 1.818967119913881 0
3380 4.605254330008111 -1.818967119913881 0
3381 15.40290665269547 -1.004830077607906 0
3382 -15.40290665269547 1.004830077607906 0
3383 15.0324241276335 -0.8546889260178837 0
3384 -15.0324241276335 0.8546889260178836 0
3385 -14.83771282027419 0.7546280293693641 0
3386 14.83771282027419 -0.7546280293693641 0
3387 5.008441198821751 -0.945562815133262 0
3388 -5.008441198821746 0.9455628151332682 0
3389 2.330197482610384 -1.491865517357201 0
3390 -2.330197482610383 1.491865517357202 0
3391 -16.76924163369267 -0.6997474513348015 0
3392 16.76924163369267 0.6997474513348015 0
3393 4.751108472953245 -1.508297731528375 0
3394 -4.751108472953242 1.508297731528368 0
3395 0.43989120470926 1.091881415172687 0
3396 0.4436544774139008 1.161920014223311 0
3397 0.3942525472747287 1.155013144588571 0
3398 -0.43989120470926 -1.091881415172687 0
3399 -0.4436544774139007 -1.161920014223311 0
3400 -0.3942525472747287 -1.15501314458857 0
3401 1.324921456032623 -0.4113987380031401 0
3402 1.315452421619199 -0.3603569063578685 0
3403 1.243731021453661 -0.3912720916411452 0
3404 -1.324921456032623 0.4113987380031396 0
3405 -1.315452421619199 0.3603569063578683 0
3406 -1.243731021453661 0.3912720916411448 0
3407 1.347072001093482 -0.3124913428659913 0
3408 1.26588156651452 -0.2923646965039964 0
3409 -1.347072001093482 0.312491342865991 0
3410 -1.26588156651452 0.2923646965039962 0
3411 -10.87026518917027 -1.119414104143012 0
3412 -10.85776841094875 -1.015832027115642 0
3413 -11.01474772530177 -1.07018819734762 0
3414 10.87026518917027 1.119414104143012 0
3415 10.85776841094876 1.015832027115642 0
3416 11.01474772530178 1.070188197347621 0
3417 -10.81132365684626 -1.217657467505874 0
3418 -10.96830297119929 -1.272013637737852 0
3419 10.81132365684626 1.217657467505874 0
3420 10.96830297119929 1.272013637737853 0
3421 -8.526202973409639 0.2508191540316402 0
3422 -8.653236382455809 0.2996992963776153 0
3423 -8.697783810665795 0.1624218577740629 0
3424 8.526202973409639 -0.2508191540316403 0
3425 8.653236382455809 -0.2996992963776153 0
3426 8.697783810665797 -0.1624218577740631 0
3427 8.590661870882107 -0.4606762821109242 0
3428 8.762242708138263 -0.3722789858533469 0
3429 -8.590661870882105 0.4606762821109242 0
3430 -8.762242708138265 0.3722789858533469 0
3431 0.5118332867630084 1.145432956595051 0
3432 0.4661946293284772 1.208564686010934 0
3433 -0.5118332867630083 -1.14543295659505 0
3434 -0.4661946293284771 -1.208564686010934 0
3435 2.821432295393452 -1.394246275405231 0
3436 2.900947851407732 -1.502564097720166 0
3437 2.977786803864515 -1.415755786257307 0
3438 -2.821432295393447 1.39424627540523 0
3439 -2.900947851407728 1.502564097720165 0
3440 -2.977786803864509 1.415755786257306 0
3441 11.62421432357416 -0.4993918370902142 0
3442 11.73375981588343 -0.4280927360771447 0
3443 11.68053670267248 -0.3050164027061301 0
3444 -11.62421432357416 0.4993918370902143 0
3445 -11.73375981588344 0.4280927360771448 0
3446 -11.68053670267248 0.3050164027061301 0
3447 -8.721510195714796 1.399212921726687 0
3448 -8.628072857759681 1.257066758780285 0
3449 -8.558278263608006 1.363596913537788 0
3450 8.721510195714796 -1.399212921726687 0
3451 8.628072857759683 -1.257066758780285 0
3452 8.558278263608006 -1.363596913537788 0
3453 0.9771406507773832 -0.3794157054515772 0
3454 0.99072914266935 -0.342582486456389 0
3455 -0.9771406507773832 0.3794157054515772 0
3456 -0.9907291426693499 0.342582486456389 0
3457 -1.930576088263553 -0.008660586058643909 0
3458 -2.048597774519473 0.06459695938991206 0
3459 -2.057417155252065 -0.03238791634912891 0
3460 1.930576088263556 0.008660586058645198 0
3461 2.048597774519477 -0.06459695938991142 0
3462 2.057417155252068 0.03238791634912921 0
3463 15.271372108585 -0.6639884582642699 0
3464 15.15080052893804 -0.5621561133672668 0
3465 15.1419827097279 -0.744507945878125 0
3466 -15.27137210858501 0.6639884582642699 0
3467 -15.15080052893804 0.5621561133672666 0
3468 -15.1419827097279 0.744507945878125 0
3469 11.81511495340698 -0.580965382494825 0
3470 11.87143733250529 -0.3865899481107409 0
3471 -11.81511495340698 0.5809653824948251 0
3472 -11.8714373325053 0.3865899481107409 0
3473 -1.487323238767536 -0.515537783155345 0
3474 -1.405312149403795 -0.5571268300114913 0
3475 -1.410181285469887 -0.47153602308946 0
3476 1.487323238767537 0.5155377831553452 0
3477 1.405312149403797 0.5571268300114915 0
3478 1.410181285469888 0.4715360230894605 0
3479 3.94374252325711 1.362171196634815 0
3480 3.81823322902346 1.263259376372373 0
3481 3.984526329635159 1.25667888242412 0
3482 -3.943742523257106 -1.362171196634814 0
3483 -3.818233229023458 -1.263259376372372 0
3484 -3.984526329635159 -1.256678882424121 0
3485 -1.187722452764532 1.212820377750615 0
3486 -1.24873927209806 1.160733795747547 0
3487 -1.168031223640079 1.101904592889003 0
3488 1.187722452764533 -1.212820377750615 0
3489 1.248739272098059 -1.160733795747547 0
3490 1.168031223640079 -1.101904592889003 0
3491 -14.20796531183231 0.3948138344281309 0
3492 -14.2065133343438 0.197889467317001 0
3493 -14.06454114247468 0.2902062440138522 0
3494 14.20796531183231 -0.3948138344281309 0
3495 14.2065133343438 -0.1978894673170012 0
3496 14.06454114247468 -0.2902062440138523 0
3497 -2.329803061385742 0.8947405078681938 0
3498 -2.212128660563474 0.8492420401545199 0
3499 -2.245795880224393 1.005488219773217 0
3500 2.329803061385747 -0.8947405078681943 0
3501 2.212128660563478 -0.8492420401545211 0
3502 2.245795880224398 -1.005488219773218 0
3503 14.46618580309499 -1.670923508890592 0
3504 14.54409309055125 -1.759119708602413 0
3505 14.62858132703735 -1.67450784600367 0
3506 -14.46618580309498 1.670923508890592 0
3507 -14.54409309055126 1.759119708602413 0
3508 -14.62858132703734 1.674507846003669 0
3509 -17.41079680230173 -0.3723487347025398 0
3510 -17.36752763335929 -0.2186889052677317 0
3511 -17.53747037718469 -0.3260158869335015 0
3512 17.41079680230172 0.3723487347025397 0
3513 17.3675276333593 0.2186889052677306 0
3514 17.5374703771847 0.3260158869335006 0
3515 -17.83238831053021 -1.415969204207266 0
3516 -18.01903624616693 -1.454757737629524 0
3517 -17.95547968880582 -1.565067844989144 0
3518 17.83238831053022 1.415969204207266 0
3519 18.01903624616694 1.454757737629524 0
3520 17.95547968880583 1.565067844989143 0
3521 14.36712048026568 -1.554688426227109 0
3522 14.44280454254541 -1.456818429040828 0
3523 14.25925098323001 -1.425195208976088 0
3524 -14.36712048026567 1.554688426227108 0
3525 -14.44280454254541 1.456818429040828 0
3526 -14.25925098323001 1.425195208976088 0
3527 -4.445163893660803 0.1776483749990256 0
3528 -4.549293705927961 0.04220617488253232 0
3529 -4.384137567339897 0.03288299177129934 0
3530 4.445163893660811 -0.1776483749990258 0
3531 4.549293705927971 -0.04220617488253341 0
3532 4.384137567339901 -0.03288299177129873 0
3533 -1.652685674098077 -0.8143244088884601 0
3534 -1.636370848706016 -0.9053524239364734 0
3535 -1.520167988921936 -0.8596447807131659 0
3536 1.652685674098077 0.8143244088884611 0
3537 1.636370848706016 0.9053524239364745 0
3538 1.520167988921936 0.8596447807131665 0
3539 0.2735938748737919 -1.140508715368513 0
3540 0.25748035027194 -1.069761543948543 0
3541 0.2271254277908865 -1.131575645649251 0
3542 -0.2735938748737919 1.140508715368513 0
3543 -0.25748035027194 1.069761543948543 0
3544 -0.2271254277908864 1.131575645649251 0
3545 4.177543310005483 -1.147494525293528 0
3546 4.027547880156334 -1.06988081762217 0
3547 4.069950272992191 -1.224071661380931 0
3548 -4.177543310005481 1.147494525293529 0
3549 -4.027547880156333 1.069880817622171 0
3550 -4.069950272992187 1.224071661380931 0
3551 -1.051024110683653 0.0634667590409467 0
3552 -1.052565443817039 0.02423721117765792 0
3553 1.051024110683653 -0.06346675904094666 0
3554 1.052565443817039 -0.02423721117765789 0
3555 16.36687539445626 0.3593186063102909 0
3556 16.21819120763298 0.4572031258321601 0
3557 16.22373771752955 0.3350035814256215 0
3558 -16.36687539445626 -0.3593186063102909 0
3559 -16.21819120763298 -0.4572031258321604 0
3560 -16.22373771752954 -0.3350035814256215 0
3561 7.510990244591879 0.68371767150998 0
3562 7.61289326933274 0.5807087628130161 0
3563 7.619919475092848 0.7608983726466192 0
3564 -7.510990244591874 -0.6837176715099796 0
3565 -7.612893269332733 -0.5807087628130172 0
3566 -7.619919475092843 -0.7608983726466181 0
3567 2.550052062642743 1.861297176534907 0
3568 2.5570652009012 1.682207263301695 0
3569 2.693580302465491 1.820910086766788 0
3570 -2.550052062642747 -1.861297176534907 0
3571 -2.557065200901204 -1.682207263301694 0
3572 -2.693580302465493 -1.820910086766788 0
3573 -2.96888619583871 -0.8984343815624438 0
3574 -3.156939517549306 -0.8790557446391846 0
3575 -3.053353497011152 -1.025698319356342 0
3576 2.968886195838708 0.8984343815624494 0
3577 3.156939517549304 0.8790557446391918 0
3578 3.053353497011149 1.025698319356348 0
3579 12.94002400179579 -0.3458145802941007 0
3580 12.89383252785821 -0.2006517878802636 0
3581 12.80497078155601 -0.3517365181511362 0
3582 -12.94002400179579 0.3458145802941006 0
3583 -12.8938325278582 0.2006517878802636 0
3584 -12.80497078155601 0.3517365181511362 0
3585 -9.450086080750731 -1.302324439177584 0
3586 -9.323366496833302 -1.202300354786726 0
3587 -9.499816736452468 -1.156953557727032 0
3588 9.450086080750733 1.302324439177579 0
3589 9.323366496833303 1.202300354786721 0
3590 9.49981673645247 1.156953557727031 0
3591 7.402987137857668 0.7729340172442669 0
3592 7.395960932097559 0.5927444074106638 0
3593 -7.402987137857662 -0.7729340172442666 0
3594 -7.395960932097552 -0.5927444074106656 0
3595 16.26727600679818 0.1843296987340337 0
3596 16.1185918199749 0.2822142182559028 0
3597 -16.26727600679817 -0.1843296987340336 0
3598 -16.1185918199749 -0.2822142182559029 0
3599 14.50428161912203 -1.877767685744668 0
3600 14.66667714306439 -1.881352022857744 0
3601 -14.50428161912203 1.877767685744667 0
3602 -14.66667714306439 1.881352022857745 0
3603 -15.63620415505358 -0.6633836151036757 0
3604 -15.72014664756408 -0.7676864240568048 0
3605 -15.56635031271107 -0.8452055864100807 0
3606 15.63620415505358 0.6633836151036758 0
3607 15.72014664756408 0.7676864240568044 0
3608 15.56635031271107 0.8452055864100807 0
3609 -2.111471226447383 0.1258522103215223 0
3610 -1.984630159458872 0.1495795406120073 0
3611 2.111471226447387 -0.1258522103215227 0
3612 1.984630159458875 -0.1495795406120067 0
3613 -17.39830503438909 -0.5095311260370193 0
3614 -17.22836229056369 -0.4022041443712491 0
3615 17.39830503438909 0.5095311260370192 0
3616 17.22836229056369 0.4022041443712492 0
3617 0.6643638683646189 0.8135029168396347 0
3618 0.6335324703458909 0.8378084312271348 0
3619 -0.6643638683646188 -0.8135029168396346 0
3620 -0.6335324703458909 -0.8378084312271348 0
3621 15.37149840295289 -0.7861117792811407 0
3622 15.38031622216303 -0.6037599467702824 0
3623 -15.37149840295288 0.7861117792811405 0
3624 -15.38031622216302 0.6037599467702822 0
3625 -13.02995805292687 -0.5412208226927414 0
3626 -13.16860856509194 -0.6515291783373455 0
3627 -12.96197744512133 -0.649770950174967 0
3628 13.02995805292687 0.5412208226927414 0
3629 13.16860856509193 0.651529178337345 0
3630 12.96197744512133 0.6497709501749671 0
3631 1.546943326146065 0.5594921890252403 0
3632 1.657878557547531 0.6037921013233777 0
3633 1.593389334102913 0.6454285023755135 0
3634 -1.546943326146063 -0.5594921890252404 0
3635 -1.65787855754753 -0.6037921013233777 0
3636 -1.593389334102912 -0.6454285023755134 0
3637 7.693643919408736 1.509286160582423 0
3638 7.516091860617397 1.523036135551654 0
3639 7.637281769281872 1.409352341082185 0
3640 -7.693643919408737 -1.509286160582422 0
3641 -7.516091860617403 -1.523036135551651 0
3642 -7.637281769281878 -1.409352341082181 0
3643 -0.7450430888352474 0.99122614562169 0
3644 -0.7955178909995447 0.9776877340274445 0
3645 -0.7667051396963861 0.9192666173103112 0
3646 0.7450430888352473 -0.9912261456216903 0
3647 0.7955178909995444 -0.9776877340274449 0
3648 0.7667051396963858 -0.9192666173103116 0
3649 1.01799881707585 -1.147382682887002 0
3650 0.9946372082629054 -1.245391282274537 0
3651 1.083652795493607 -1.251999774279606 0
3652 -1.01799881707585 1.147382682887002 0
3653 -0.9946372082629045 1.245391282274537 0
3654 -1.083652795493606 1.251999774279606 0
3655 13.59833290338286 -1.252940013668512 0
3656 13.47687664929425 -1.279649638841222 0
3657 13.60676931586768 -1.369955393114852 0
3658 -13.59833290338286 1.252940013668511 0
3659 -13.47687664929425 1.279649638841223 0
3660 -13.60676931586768 1.369955393114851 0
3661 18.56321318897936 1.155093395768438 0
3662 18.71087038483727 1.095100178645731 0
3663 18.65214532697452 1.274164072701446 0
3664 -18.56321318897937 -1.155093395768419 0
3665 -18.71087038483727 -1.095100178645704 0
3666 -18.6521453269745 -1.274164072701423 0
3667 -8.716757178082574 1.177170742813581 0
3668 -8.553525245975784 1.141554734624682 0
3669 8.716757178082574 -1.177170742813581 0
3670 8.553525245975784 -1.141554734624682 0
3671 -12.95832469201779 -0.4360994947626404 0
3672 -13.16495581198839 -0.437857722925018 0
3673 12.95832469201779 0.4360994947626403 0
3674 13.1649558119884 0.4378577229250182 0
3675 -12.90995548010719 -1.140953598535176 0
3676 -12.96440728250852 -1.003795432853976 0
3677 -13.06932934551715 -1.17242772358993 0
3678 12.90995548010719 1.140953598535177 0
3679 12.96440728250852 1.003795432853976 0
3680 13.06932934551715 1.172427723589931 0
3681 1.171588166250342 -0.15546324463775 0
3682 1.162172068648425 -0.0941246273874497 0
3683 1.114546985235995 -0.1098130396056161 0
3684 -1.171588166250342 0.1554632446377496 0
3685 -1.162172068648425 0.09412462738744933 0
3686 -1.114546985235995 0.1098130396056161 0
3687 -14.20132710412733 0.5819318607922999 0
3688 -14.34329929599645 0.4896150840954487 0
3689 14.20132710412733 -0.5819318607923001 0
3690 14.34329929599644 -0.489615084095449 0
3691 0.9606964971312046 -1.327825400326426 0
3692 0.8950425187134474 -1.223208308933822 0
3693 -0.9606964971312036 1.327825400326426 0
3694 -0.8950425187134471 1.223208308933821 0
3695 -0.9471738673182124 -0.978035845779835 0
3696 -0.887056398750282 -0.9899363149623522 0
3697 -0.9093754580555891 -0.9080905122785925 0
3698 0.9471738673182124 0.9780358457798348 0
3699 0.887056398750282 0.9899363149623521 0
3700 0.9093754580555891 0.9080905122785925 0
3701 13.62497431817567 -1.134951056868012 0
3702 13.75486698474909 -1.225256811141641 0
3703 -13.62497431817568 1.134951056868012 0
3704 -13.75486698474909 1.225256811141641 0
3705 0.9669507113246518 0.7223888755293061 0
3706 0.9144659016438386 0.7270648057486528 0
3707 0.9149127622243258 0.6752074469719296 0
3708 -0.9669507113246518 -0.722388875529306 0
3709 -0.9144659016438386 -0.7270648057486526 0
3710 -0.9149127622243257 -0.6752074469719296 0
3711 -18.07518552329915 -1.888874822149089 0
3712 -18.04177172358124 -1.69080301135479 0
3713 -18.17554142416047 -1.801928189205701 0
3714 18.07518552329914 1.888874822149088 0
3715 18.04177172358123 1.690803011354788 0
3716 18.17554142416046 1.8019281892057 0
3717 -12.86160123230094 -1.285019468219977 0
3718 -12.75667916929231 -1.116387177484022 0
3719 12.86160123230094 1.285019468219977 0
3720 12.75667916929231 1.116387177484022 0
3721 1.309791004091342 -1.070705704898714 0
3722 1.329482233215796 -1.181621489760327 0
3723 -1.309791004091341 1.070705704898714 0
3724 -1.329482233215795 1.181621489760325 0
3725 1.720805011813975 0.3083444388085518 0
3726 1.620113777928027 0.2740105193511212 0
3727 1.699688858737275 0.2298516916912262 0
3728 -1.720805011813974 -0.3083444388085509 0
3729 -1.620113777928026 -0.2740105193511209 0
3730 -1.699688858737273 -0.2298516916912257 0
3731 15.8408483876208 -1.340015677191504 0
3732 15.94239199002457 -1.187044734161488 0
3733 15.76388855510373 -1.209416702344259 0
3734 -15.84084838762079 1.340015677191504 0
3735 -15.94239199002457 1.187044734161488 0
3736 -15.76388855510372 1.209416702344259 0
3737 -18.42848877210441 -1.23710179152358 0
3738 -18.48721382996717 -1.058037897467861 0
3739 18.42848877210442 1.237101791523598 0
3740 18.48721382996717 1.058037897467882 0
3741 -8.840715053223846 -0.1044159624101977 0
3742 -8.765891651355597 0.01656461368556484 0
3743 -8.899640621580216 0.09032142402427555 0
3744 8.840715053223843 0.1044159624101976 0
3745 8.765891651355595 -0.01656461368556519 0
3746 8.899640621580215 -0.09032142402427532 0
3747 -8.638858242309425 -0.03231552866041033 0
3748 8.638858242309425 0.03231552866040985 0
3749 19.84524444514643 -0.7631139158161891 0
3750 19.74272074805576 -0.8273661355089202 0
3751 19.89747630290934 -0.9213950768387642 0
3752 -19.84524444514643 0.7631139158161921 0
3753 -19.74272074805576 0.8273661355089237 0
3754 -19.89747630290934 0.9213950768387645 0
3755 -0.8890948543558175 -0.6325437006653336 0
3756 -0.9415796640366306 -0.6278677704459869 0
3757 0.8890948543558174 0.6325437006653336 0
3758 0.9415796640366305 0.627867770445987 0
3759 8.853743715071619 -0.4674906656564715 0
3760 8.91631822664532 -0.3065136799231628 0
3761 -8.853743715071619 0.4674906656564716 0
3762 -8.916318226645323 0.3065136799231627 0
3763 13.01832426148573 -0.448365941428297 0
3764 13.10718600778792 -0.2972812111574242 0
3765 -13.01832426148573 0.4483659414282969 0
3766 -13.10718600778792 0.2972812111574243 0
3767 8.970003672815476 -0.5278897758150591 0
3768 9.089791870058402 -0.5612926357724004 0
3769 9.127607430821598 -0.4351282196836286 0
3770 -8.970003672815478 0.5278897758150591 0
3771 -9.089791870058404 0.5612926357724005 0
3772 -9.1276074308216 0.4351282196836287 0
3773 13.14106598596488 -0.5226072197622267 0
3774 13.26353682515482 -0.5562504681895241 0
3775 13.3079571066678 -0.4334758207189179 0
3776 -13.14106598596488 0.5226072197622267 0
3777 -13.26353682515482 0.5562504681895241 0
3778 -13.30795710666781 0.4334758207189181 0
3779 11.45990336517301 -0.4210376362902295 0
3780 11.51312647838396 -0.5441139696612443 0
3781 -11.45990336517301 0.4210376362902295 0
3782 -11.51312647838396 0.5441139696612443 0
3783 -1.788829549839129 0.7507730908427263 0
3784 -1.762002970631872 0.6541010194553238 0
3785 -1.681003856686719 0.7304324069427328 0
3786 1.788829549839132 -0.750773090842729 0
3787 1.762002970631874 -0.6541010194553263 0
3788 1.681003856686721 -0.7304324069427346 0
3789 -11.87007178341811 -0.3939659291927916 0
3790 -11.9640506534012 -0.3018225865129665 0
3791 -12.04677134001648 -0.4473192518504379 0
3792 11.87007178341811 0.3939659291927915 0
3793 11.9640506534012 0.3018225865129665 0
3794 12.04677134001648 0.4473192518504379 0
3795 -0.01420302492878185 -1.266935792559005 0
3796 -0.09282800946778778 -1.237362885824119 0
3797 -0.06132044332474199 -1.319862556051323 0
3798 0.01420302492878188 1.266935792559004 0
3799 0.09282800946778776 1.237362885824119 0
3800 0.06132044332474193 1.319862556051323 0
3801 9.092959727674003 -0.6905824534932719 0
3802 9.250563485680127 -0.5978208973618414 0
3803 -9.092959727674003 0.6905824534932719 0
3804 -9.250563485680127 0.5978208973618414 0
3805 13.26474076267307 -0.6862462911579059 0
3806 13.431631883376 -0.5971148921145972 0
3807 -13.26474076267307 0.6862462911579058 0
3808 -13.431631883376 0.5971148921145972 0
3809 11.34756568880706 -0.5919951837113467 0
3810 11.51187664720821 -0.6703493845113316 0
3811 -11.34756568880706 0.5919951837113469 0
3812 -11.51187664720821 0.6703493845113316 0
3813 -15.04172254841829 0.01387482212744236 0
3814 -14.9762508539078 -0.1217489583090524 0
3815 -14.84419020332735 -0.03220646571036024 0
3816 15.04172254841828 -0.01387482212744236 0
3817 14.9762508539078 0.1217489583090524 0
3818 14.84419020332735 0.03220646571036023 0
3819 6.050657280374528 -1.26438213631357 0
3820 5.975715330103824 -1.113202946077965 0
3821 5.903201125535513 -1.283860315684153 0
3822 -6.050657280374523 1.264382136313572 0
3823 -5.97571533010382 1.113202946077966 0
3824 -5.903201125535507 1.283860315684155 0
3825 -8.086484732442635 -0.6529220864897107 0
3826 -7.954732243622249 -0.6537142723567919 0
3827 -8.068260540899315 -0.5342477856976606 0
3828 8.08648473244264 0.6529220864897088 0
3829 7.954732243622257 0.6537142723567901 0
3830 8.068260540899319 0.5342477856976582 0
3831 -18.17260265398757 0.09186698808288842 0
3832 -18.34523542187382 0.03392911284533568 0
3833 -18.20859485980579 -0.04233381347814025 0
3834 18.17260265398757 -0.09186698808289345 0
3835 18.34523542187382 -0.03392911284534737 0
3836 18.20859485980579 0.04233381347811895 0
3837 -3.337312737363828 1.032424706432515 0
3838 -3.44930053358932 1.13321199917772 0
3839 -3.510741504596199 0.9909674481537147 0
3840 3.337312737363834 -1.032424706432514 0
3841 3.449300533589324 -1.13321199917772 0
3842 3.510741504596203 -0.9909674481537136 0
3843 12.07362433465959 0.232412394006246 0
3844 11.89692477806122 0.1790590713485996 0
3845 -12.0736243346596 -0.2324123940062461 0
3846 -11.89692477806122 -0.1790590713485996 0
3847 1.350175317233469 0.4444836918178735 0
3848 1.43218640659721 0.4028946449617271 0
3849 -1.350175317233468 -0.4444836918178731 0
3850 -1.432186406597209 -0.4028946449617269 0
3851 0.8021265775512509 -1.257768117701981 0
3852 0.6946390136076752 -1.279722463779164 0
3853 0.753614243638171 -1.327596773062894 0
3854 -0.8021265775512508 1.25776811770198 0
3855 -0.6946390136076754 1.279722463779164 0
3856 -0.7536142436381709 1.327596773062893 0
3857 0.04339444790594712 -1.289080837758892 0
3858 0.01188688176290132 -1.206581167531688 0
3859 -0.043394447905947 1.289080837758892 0
3860 -0.01188688176290118 1.206581167531688 0
3861 6.946902439977697 -0.2376613687000734 0
3862 7.003087665375002 -0.1178097203933918 0
3863 6.811687633698823 -0.1646917940787067 0
3864 -6.946902439977695 0.2376613687000743 0
3865 -7.003087665374999 0.1178097203933914 0
3866 -6.811687633698821 0.1646917940787068 0
3867 -18.28190515261918 -0.2024094933483769 0
3868 -18.10927238473295 -0.1444716181108243 0
3869 18.28190515261917 0.2024094933483515 0
3870 18.10927238473293 0.1444716181108053 0
3871 7.050941223161369 -0.3180388073738284 0
3872 6.85954119148519 -0.3649208810591433 0
3873 -7.05094122316137 0.3180388073738298 0
3874 -6.859541191485192 0.3649208810591452 0
3875 5.336534688860532 -1.819469412502849 0
3876 5.180947511947034 -1.69010292895728 0
3877 5.217547151426704 -1.870633516454429 0
3878 -5.336534688860525 1.81946941250285 0
3879 -5.180947511947023 1.690102928957281 0
3880 -5.217547151426702 1.870633516454431 0
3881 -3.161120360810478 -1.126715143904938 0
3882 -2.973067039099882 -1.146093780828197 0
3883 3.161120360810475 1.126715143904943 0
3884 2.973067039099878 1.146093780828201 0
3885 7.508353894365811 1.314988394103263 0
3886 7.685905953157151 1.301238419134032 0
3887 -7.508353894365817 -1.314988394103257 0
3888 -7.685905953157153 -1.301238419134028 0
3889 -14.10299005161759 0.6656141241619331 0
3890 -14.23832403578172 0.7604153738292508 0
3891 14.10299005161759 -0.6656141241619333 0
3892 14.23832403578171 -0.7604153738292508 0
3893 -13.35456780310814 -1.024706335161173 0
3894 -13.48882780527146 -0.9366364777832271 0
3895 -13.52744522636134 -1.042198927770996 0
3896 13.35456780310815 1.024706335161174 0
3897 13.48882780527146 0.9366364777832272 0
3898 13.52744522636134 1.042198927770996 0
3899 17.72985232023044 0.4053077987728874 0
3900 17.89438101696865 0.5041151608210173 0
3901 17.74526824286534 0.5784830784164395 0
3902 -17.72985232023044 -0.4053077987728942 0
3903 -17.89438101696866 -0.5041151608210244 0
3904 -17.74526824286533 -0.5784830784164393 0
3905 6.276681893810998 -0.1632385882530696 0
3906 6.087846851314023 -0.1196642354068301 0
3907 6.136866242715245 -0.2425156985485218 0
3908 -6.276681893810992 0.1632385882530721 0
3909 -6.087846851314019 0.119664235406833 0
3910 -6.136866242715241 0.2425156985485231 0
3911 6.225888703708054 -0.3671185096542425 0
3912 6.037053661211079 -0.323544156808003 0
3913 -6.225888703708048 0.367118509654241 0
3914 -6.037053661211075 0.3235441568080019 0
3915 4.046379645722696 1.44890443372347 0
3916 3.880086545110995 1.455484927671723 0
3917 -4.046379645722696 -1.448904433723471 0
3918 -3.880086545110994 -1.455484927671723 0
3919 -2.915394355382446 1.875043830709276 0
3920 -2.76614062403898 1.875043830709276 0
3921 2.915394355382447 -1.875043830709276 0
3922 2.766140624038981 -1.875043830709276 0
3923 -6.651301563173 0.3558565483270059 0
3924 -6.650915795786004 0.1663115376619055 0
3925 -6.546714950657488 0.2376246436035216 0
3926 6.651301563173003 -0.3558565483270038 0
3927 6.650915795786005 -0.1663115376619043 0
3928 6.54671495065749 -0.2376246436035197 0
3929 -6.436015234241353 0.1670848421665918 0
3930 -6.436401001628349 0.3566298528316921 0
3931 6.436015234241356 -0.1670848421665908 0
3932 6.436401001628354 -0.3566298528316902 0
3933 2.313516492982346 1.534499635919648 0
3934 2.1792373390343 1.483140686158943 0
3935 2.322665913616286 1.396065056079126 0
3936 -2.313516492982349 -1.534499635919647 0
3937 -2.179237339034303 -1.483140686158942 0
3938 -2.322665913616289 -1.396065056079125 0
3939 -0.1408571087278247 -1.371947340715212 0
3940 -0.06223212418881875 -1.401520247450097 0
3941 0.1408571087278244 1.371947340715211 0
3942 0.06223212418881857 1.401520247450097 0
3943 -3.059701492516459 1.892654404733938 0
3944 -2.990021221054181 1.767698235443214 0
3945 3.059701492516459 -1.892654404733939 0
3946 2.99002122105418 -1.767698235443214 0
3947 -18.02289966861917 -0.9613176418064684 0
3948 -18.14432491502297 -1.073555722895012 0
3949 -18.02737178899859 -1.16347432208344 0
3950 18.02289966861917 0.9613176418064782 0
3951 18.14432491502297 1.073555722895023 0
3952 18.02737178899858 1.16347432208344 0
3953 2.652111014090229 -0.8024457059436367 0
3954 2.745977565532602 -0.7230482925852171 0
3955 2.656201832004996 -0.622510180667839 0
3956 -2.652111014090224 0.8024457059436362 0
3957 -2.745977565532598 0.7230482925852169 0
3958 -2.656201832004992 0.6225101806678394 0
3959 -13.96341814877712 -0.02780692725606146 0
3960 -14.10749402380922 -0.07516199998931758 0
3961 -14.0078230076002 -0.1962508041481014 0
3962 13.96341814877713 0.02780692725606147 0
3963 14.10749402380922 0.07516199998931761 0
3964 14.0078230076002 0.1962508041481014 0
3965 16.00627024504422 0.2879796947617516 0
3966 16.04980853431284 0.1373058120701637 0
3967 -16.00627024504422 -0.2879796947617517 0
3968 -16.04980853431285 -0.1373058120701637 0
3969 -9.508694294685693 -1.011719235906834 0
3970 -9.635413878603119 -1.111743320297692 0
3971 9.508694294685691 1.011719235906834 0
3972 9.635413878603122 1.111743320297691 0
3973 -13.54727052470957 -0.840619892738099 0
3974 -13.37439310145639 -0.8231273001282774 0
3975 13.54727052470957 0.8406198927380992 0
3976 13.37439310145638 0.8231273001282773 0
3977 14.4491973205181 -1.161645340197957 0
3978 14.571045201273 -1.073696676983177 0
3979 14.45259176592963 -0.9589125363970994 0
3980 -14.44919732051809 1.161645340197957 0
3981 -14.571045201273 1.073696676983177 0
3982 -14.45259176592963 0.9589125363970991 0
3983 11.7628342423849 -1.510269995151454 0
3984 11.9003552482616 -1.504188583710844 0
3985 11.84221726110533 -1.342390486702764 0
3986 -11.7628342423849 1.510269995151454 0
3987 -11.90035524826159 1.504188583710844 0
3988 -11.84221726110533 1.342390486702764 0
3989 12.04484128611538 -1.453251667318044 0
3990 11.96545826739495 -1.621131175766733 0
3991 -12.04484128611537 1.453251667318043 0
3992 -11.96545826739495 1.621131175766733 0
3993 2.795153713428419 -1.615571124143321 0
3994 2.951508221899482 -1.637080634995398 0
3995 -2.795153713428417 1.615571124143321 0
3996 -2.951508221899478 1.637080634995396 0
3997 3.238236491553717 0.4256482301353502 0
3998 3.351419210132725 0.2909912763863125 0
3999 3.41237128222729 0.4502516322831451 0
4000 -3.23823649155371 -0.4256482301353427 0
4001 -3.351419210132716 -0.2909912763863068 0
4002 -3.412371282227284 -0.4502516322831372 0
4003 19.86639159593387 -0.1782561170625218 0
4004 19.75070666448134 -0.2314652549621017 0
4005 19.88431506854748 -0.3389234236186294 0
4006 -19.86639159593387 0.1782561170625318 0
4007 -19.75070666448136 0.2314652549621217 0
4008 -19.88431506854747 0.3389234236186391 0
4009 -1.079469210204826 0.003702255005161477 0
4010 -1.026903766387787 -0.02053495617249644 0
4011 1.079469210204826 -0.003702255005161404 0
4012 1.026903766387787 0.02053495617249648 0
4013 13.30698176738534 -1.472125140197758 0
4014 13.13088502991117 -1.515799126576067 0
4015 13.18944664602863 -1.616310350887451 0
4016 -13.30698176738535 1.472125140197758 0
4017 -13.13088502991117 1.515799126576067 0
4018 -13.18944664602863 1.616310350887451 0
4019 -6.310166490376821 -1.611676178547242 0
4020 -6.234463451859672 -1.507746629754002 0
4021 -6.395119839650635 -1.446929071288947 0
4022 6.310166490376821 1.611676178547242 0
4023 6.23446345185967 1.507746629754007 0
4024 6.395119839650633 1.446929071288952 0
4025 -4.097124835692047 0.1844667103425456 0
4026 -4.00996532512523 0.3539443921628393 0
4027 -4.192848244505922 0.3378028737080864 0
4028 4.097124835692052 -0.1844667103425439 0
4029 4.009965325125232 -0.3539443921628368 0
4030 4.192848244505926 -0.3378028737080843 0
4031 -11.42712234017742 -1.079128097681901 0
4032 -11.39400846243215 -1.182799089477038 0
4033 -11.32138402432748 -1.030044430618026 0
4034 11.42712234017742 1.079128097681901 0
4035 11.39400846243215 1.182799089477038 0
4036 11.32138402432748 1.030044430618026 0
4037 -3.583491643779496 1.222662303975009 0
4038 -3.410062876547127 1.264119562253809 0
4039 3.583491643779501 -1.222662303975009 0
4040 3.410062876547133 -1.264119562253809 0
4041 17.4839453834848 -1.577262118111514 0
4042 17.60195823169713 -1.64847966480014 0
4043 17.63655262879934 -1.506436966221617 0
4044 -17.4839453834848 1.577262118111515 0
4045 -17.60195823169713 1.648479664800139 0
4046 -17.63655262879933 1.506436966221617 0
4047 -8.149888838617953 -0.7514745197771322 0
4048 -8.263417135895018 -0.6320080331180008 0
4049 8.149888838617958 0.7514745197771313 0
4050 8.263417135895018 0.6320080331179992 0
4051 17.00073161848687 -1.499484705791497 0
4052 17.18443517858591 -1.517666824271643 0
4053 17.05917843407947 -1.398154194615944 0
4054 -17.00073161848688 1.499484705791498 0
4055 -17.1844351785859 1.517666824271643 0
4056 -17.05917843407945 1.398154194615944 0
4057 12.92590982704667 -1.010049449130537 0
4058 12.99440256990933 -1.116864379970698 0
4059 13.0767753774353 -1.015343400597493 0
4060 -12.92590982704667 1.010049449130537 0
4061 -12.99440256990933 1.116864379970698 0
4062 -13.0767753774353 1.015343400597493 0
4063 13.07893715848075 -1.218881757930447 0
4064 12.92807160809212 -1.213587806463491 0
4065 -13.07893715848074 1.218881757930447 0
4066 -12.92807160809212 1.213587806463492 0
4067 19.89013847699291 1.303297303800422 0
4068 19.89013847699291 1.446154446657962 0
4069 -19.89013847699292 -1.30329730380041 0
4070 -19.89013847699293 -1.446154446657951 0
4071 19.89013847699297 -1.303297303802828 0
4072 19.89013847699297 -1.446154446659574 0
4073 -19.89013847699296 1.303297303802828 0
4074 -19.89013847699296 1.446154446659574 0
4075 12.68865541128411 -0.3148736618171487 0
4076 12.73484688522169 -0.4600364542309858 0
4077 -12.6886554112841 0.3148736618171487 0
4078 -12.73484688522169 0.4600364542309857 0
4079 -15.79810590968802 -0.8759684814730849 0
4080 -15.86795975203052 -0.6941465101666797 0
4081 15.79810590968801 0.8759684814730848 0
4082 15.86795975203052 0.6941465101666798 0
4083 -18.86116040173627 -1.366265644867287 0
4084 -18.94588402169086 -1.203355874979728 0
4085 -19.00724190059472 -1.355450664268306 0
4086 18.86116040173628 1.366265644867305 0
4087 18.94588402169086 1.203355874979755 0
4088 19.00724190059473 1.355450664268321 0
4089 -10.90798334351802 -0.8414710845528072 0
4090 -10.76350080738651 -0.8906969913481982 0
4091 10.90798334351802 0.8414710845528072 0
4092 10.76350080738651 0.8906969913481984 0
4093 -8.37966726757252 -1.573342276316612 0
4094 -8.308752013767316 -1.464916812728577 0
4095 -8.494232252778934 -1.439323619390189 0
4096 8.379667267572529 1.573342276316613 0
4097 8.308752013767318 1.464916812728583 0
4098 8.494232252778932 1.439323619390196 0
4099 -18.24617110386789 -1.005722667920533 0
4100 -18.2506432242473 -1.207879348197503 0
4101 18.24617110386788 1.005722667920551 0
4102 18.25064322424731 1.207879348197513 0
4103 1.152623342490841 -0.04856672543589206 0
4104 1.209664523505189 -0.09421693046802598 0
4105 -1.152623342490841 0.04856672543589215 0
4106 -1.209664523505188 0.09421693046802564 0
4107 -1.440542842560823 -0.7123694370099778 0
4108 -1.413528486754547 -0.6286253492160896 0
4109 -1.509468458507721 -0.6848726778712644 0
4110 1.440542842560825 0.7123694370099787 0
4111 1.413528486754549 0.6286253492160901 0
4112 1.509468458507722 0.6848726778712646 0
4113 -1.847518043163517 -0.02102262384423671 0
4114 -1.837103858470972 -0.1072371712629282 0
4115 -1.745226432638345 -0.02261433330948007 0
4116 1.847518043163519 0.02102262384423723 0
4117 1.837103858470975 0.1072371712629291 0
4118 1.745226432638348 0.02261433330948049 0
4119 -1.429212198105672 -0.8733671879843548 0
4120 -1.445527023497732 -0.7823391729363415 0
4121 1.429212198105672 0.8733671879843556 0
4122 1.445527023497733 0.7823391729363423 0
4123 17.81051993358981 0.7650831264554458 0
4124 17.64599123685159 0.6662757644073161 0
4125 -17.8105199335898 -0.76508312645544 0
4126 -17.64599123685158 -0.66627576440731 0
4127 -4.37352109519865 -0.1006152067670377 0
4128 -4.269391282931491 0.03482699334945563 0
4129 4.373521095198655 0.1006152067670384 0
4130 4.269391282931497 -0.03482699334945404 0
4131 -18.06306169599459 0.1895865768815845 0
4132 -18.19970225806264 0.2658495032050605 0
4133 18.06306169599458 -0.189586576881592 0
4134 18.19970225806263 -0.2658495032050586 0
4135 -13.87593880050952 -1.242104357727457 0
4136 -13.73021337969562 -1.334561621978878 0
4137 -13.74576642092296 -1.19691280733994 0
4138 13.87593880050951 1.242104357727456 0
4139 13.73021337969561 1.334561621978878 0
4140 13.74576642092296 1.19691280733994 0
4141 3.532867386822847 0.4593307055026764 0
4142 3.419684668243839 0.5939876592517142 0
4143 -3.532867386822841 -0.45933070550267 0
4144 -3.419684668243835 -0.5939876592517059 0
4145 1.666904936398565 0.152173326480984 0
4146 1.767596170284513 0.1865072459384146 0
4147 -1.666904936398563 -0.1521733264809836 0
4148 -1.767596170284511 -0.1865072459384137 0
4149 -17.94220885947763 0.1616614499200179 0
4150 -17.96930846355269 0.33564396504219 0
4151 17.94220885947763 -0.1616614499200253 0
4152 17.96930846355269 -0.3356439650421902 0
4153 -5.216251984546253 -1.577318995423104 0
4154 -5.04082824443919 -1.669972144601544 0
4155 -5.095502621037973 -1.494916970249118 0
4156 5.216251984546259 1.577318995423105 0
4157 5.040828244439192 1.669972144601545 0
4158 5.095502621037977 1.494916970249119 0
4159 -1.024598911276952 -0.9403314500310871 0
4160 -1.002279851971645 -1.022177252714847 0
4161 1.024598911276952 0.9403314500310871 0
4162 1.002279851971645 1.022177252714847 0
4163 8.81592815430842 -0.5936550817452433 0
4164 -8.81592815430842 0.5936550817452433 0
4165 12.97390397997274 -0.5711405888989031 0
4166 -12.97390397997275 0.571140588898903 0
4167 15.97664267447341 -0.7922823035111283 0
4168 16.17936146155194 -0.7578010742158502 0
4169 16.04272941867466 -0.6668347487115982 0
4170 -15.97664267447341 0.7922823035111283 0
4171 -16.17936146155193 0.75780107421585 0
4172 -16.04272941867465 0.6668347487115981 0
4173 -13.63087311431685 -1.121749570992205 0
4174 -13.49661311215355 -1.209819428370152 0
4175 13.63087311431685 1.121749570992205 0
4176 13.49661311215355 1.209819428370152 0
4177 4.937438533185337 0.413359808892226 0
4178 5.001891155319623 0.2449219143672076 0
4179 5.087422991116968 0.3705661142074816 0
4180 -4.93743853318533 -0.4133598088922253 0
4181 -5.001891155319612 -0.2449219143672086 0
4182 -5.087422991116959 -0.370566114207482 0
4183 9.672174564656437 -1.50664819025516 0
4184 9.812209494283669 -1.50403348591464 0
4185 9.753879819692973 -1.339850228530416 0
4186 -9.672174564656439 1.50664819025516 0
4187 -9.812209494283671 1.504033485914641 0
4188 -9.753879819692973 1.339850228530416 0
4189 9.957153407882135 -1.453714891781736 0
4190 9.875448152845602 -1.62051285350648 0
4191 -9.957153407882135 1.453714891781736 0
4192 -9.875448152845598 1.62051285350648 0
4193 -0.9102566190317098 1.42694603618415 0
4194 -1.009851308581167 1.449129009524865 0
4195 0.9102566190317101 -1.42694603618415 0
4196 1.009851308581168 -1.449129009524866 0
4197 2.95807592917236 -0.8886168899348021 0
4198 2.848160930449394 -0.8062159466669111 0
4199 2.851801746340799 -0.9853847611289057 0
4200 -2.958075929172354 0.8886168899348019 0
4201 -2.848160930449389 0.8062159466669105 0
4202 -2.851801746340794 0.9853847611289049 0
4203 5.023444270278876 0.09754107948513556 0
4204 4.873459812347246 0.1403347741698799 0
4205 -5.023444270278866 -0.09754107948513745 0
4206 -4.873459812347233 -0.1403347741698807 0
4207 -8.263968784982165 -0.8543348504681054 0
4208 -8.087036381529781 -0.8752489038398155 0
4209 8.263968784982165 0.854334850468105 0
4210 8.087036381529785 0.8752489038398146 0
4211 -10.24418602493783 -1.157251090909298 0
4212 -10.06499828918425 -1.177396463548406 0
4213 -10.11931972694192 -1.025714541719422 0
4214 10.24418602493783 1.157251090909298 0
4215 10.06499828918425 1.177396463548405 0
4216 10.11931972694191 1.025714541719422 0
4217 19.66278882509533 -0.3145807157577122 0
4218 19.64486535248173 -0.1539134092016049 0
4219 -19.66278882509534 0.3145807157577308 0
4220 -19.64486535248174 0.1539134092016235 0
4221 16.48797922520139 -0.5278044735821202 0
4222 16.31195815691017 -0.5302013748373343 0
4223 16.42146927404439 -0.6299566181611059 0
4224 -16.48797922520139 0.5278044735821206 0
4225 -16.31195815691017 0.5302013748373342 0
4226 -16.42146927404439 0.629956618161106 0
4227 15.73332560448508 -0.8125319867702706 0
4228 15.74603636744077 -0.9900968774239539 0
4229 15.85272139455181 -0.8788808686605589 0
4230 -15.73332560448509 0.8125319867702709 0
4231 -15.74603636744078 0.9900968774239539 0
4232 -15.85272139455182 0.8788808686605594 0
4233 -1.349587051744559 -0.7260918442811665 0
4234 1.34958705174456 0.7260918442811678 0
4235 17.30060649699812 -0.9835456198127078 0
4236 17.43152912883802 -0.9318628562316918 0
4237 17.35487261724802 -0.8002152127724689 0
4238 -17.30060649699812 0.983545619812708 0
4239 -17.43152912883802 0.9318628562316918 0
4240 -17.35487261724803 0.8002152127724687 0
4241 5.832813312308388 -1.513623345436847 0
4242 5.775552768290731 -1.682877836867349 0
4243 5.920882531788559 -1.604293997350261 0
4244 -5.832813312308383 1.513623345436848 0
4245 -5.775552768290728 1.682877836867346 0
4246 -5.920882531788555 1.604293997350259 0
4247 1.026199957642758 0.8682269226353312 0
4248 1.08130594229619 0.9123683295703431 0
4249 -1.026199957642758 -0.868226922635331 0
4250 -1.081305942296191 -0.9123683295703428 0
4251 -1.869887780809683 -0.1849155364731704 0
4252 1.869887780809685 0.1849155364731713 0
4253 1.14589492886493 1.087636042143607 0
4254 1.252636327946185 1.147080278693339 0
4255 1.188537741351674 1.205251860655049 0
4256 -1.14589492886493 -1.087636042143607 0
4257 -1.252636327946186 -1.147080278693339 0
4258 -1.188537741351674 -1.205251860655049 0
4259 -15.8550606475998 -0.2350761806952597 0
4260 -15.92384393326185 -0.3799845868809987 0
4261 15.8550606475998 0.2350761806952598 0
4262 15.92384393326186 0.3799845868809988 0
4263 1.161905168597314 0.3277257721863468 0
4264 1.134040180476384 0.2751570781450838 0
4265 1.193210700006824 0.2918696218726586 0
4266 -1.161905168597313 -0.3277257721863467 0
4267 -1.134040180476384 -0.2751570781450839 0
4268 -1.193210700006825 -0.2918696218726586 0
4269 2.427035446953438 0.528665938371905 0
4270 2.506778755390116 0.4388112659079544 0
4271 2.583098141773228 0.5669312839641194 0
4272 -2.427035446953438 -0.5286659383719029 0
4273 -2.506778755390114 -0.4388112659079513 0
4274 -2.583098141773227 -0.5669312839641159 0
4275 16.8512220655047 -1.545218851480659 0
4276 16.97647881001114 -1.664731481136358 0
4277 -16.85122206550471 1.545218851480659 0
4278 -16.97647881001114 1.664731481136358 0
4279 8.735480543315226 -0.9855559531306111 0
4280 8.803889091013946 -1.081636316475458 0
4281 8.897160068030498 -1.005533550948091 0
4282 -8.735480543315225 0.9855559531306108 0
4283 -8.803889091013946 1.081636316475458 0
4284 -8.897160068030496 1.005533550948091 0
4285 8.878436702797845 -1.197148340631061 0
4286 -8.878436702797847 1.197148340631061 0
4287 7.995860942120627 1.350371561765441 0
4288 8.185537542364479 1.452038113536464 0
4289 8.004510428317063 1.497268917883977 0
4290 -7.995860942120631 -1.350371561765442 0
4291 -8.185537542364479 -1.452038113536466 0
4292 -8.004510428317062 -1.497268917883976 0
4293 14.67342272378756 -1.210413160860596 0
4294 14.67681716919909 -1.007680357059738 0
4295 -14.67342272378755 1.210413160860595 0
4296 -14.67681716919908 1.007680357059738 0
4297 -0.74595366798423 -1.342527871251591 0
4298 -0.6590803261490481 -1.312213781060506 0
4299 -0.7464722396466581 -1.257128804793407 0
4300 0.7459536679842301 1.342527871251591 0
4301 0.6590803261490483 1.312213781060506 0
4302 0.7464722396466583 1.257128804793407 0
4303 -13.77659853513076 -1.029292306740784 0
4304 13.77659853513075 1.029292306740784 0
4305 16.14400752508469 -0.5333658456248473 0
4306 15.94128873800618 -0.567847074920126 0
4307 -16.1440075250847 0.5333658456248476 0
4308 -15.94128873800618 0.5678470749201259 0
4309 -0.3165639930555926 1.711653744789013 0
4310 -0.4218012361841759 1.800964859815426 0
4311 -0.489417499434295 1.710516405171639 0
4312 0.3165639930555926 -1.711653744789014 0
4313 0.4218012361841756 -1.800964859815427 0
4314 0.4894174994342949 -1.710516405171639 0
4315 1.169865319383975 0.3746460976659464 0
4316 1.110694799853534 0.3579335539383716 0
4317 -1.169865319383975 -0.3746460976659465 0
4318 -1.110694799853534 -0.3579335539383718 0
4319 -17.49611259656504 0.4639706845309556 0
4320 -17.44691555635848 0.3600917042505682 0
4321 -17.33932335221303 0.4088244718368408 0
4322 17.49611259656504 -0.4639706845309555 0
4323 17.44691555635847 -0.3600917042505682 0
4324 17.33932335221302 -0.4088244718368407 0
4325 13.12373750083644 -1.716884130880999 0
4326 13.29983423831061 -1.673210144502691 0
4327 -13.12373750083644 1.716884130881 0
4328 -13.29983423831061 1.673210144502691 0
4329 16.32768335022127 -0.7570970906142059 0
4330 16.50370441851249 -0.7547001893589923 0
4331 -16.32768335022127 0.757097090614206 0
4332 -16.50370441851249 0.7547001893589924 0
4333 -0.8190233222618223 1.387440273983887 0
4334 -0.8681781337117859 1.508743883182327 0
4335 0.8190233222618226 -1.387440273983887 0
4336 0.868178133711786 -1.508743883182327 0
4337 13.69696031729439 -1.029065278430944 0
4338 13.54042623592816 -1.056748480957815 0
4339 -13.69696031729439 1.029065278430944 0
4340 -13.54042623592816 1.056748480957815 0
4341 -11.72294794866538 -1.835315720001945 0
4342 -11.87220168000818 -1.835315720001945 0
4343 11.72294794866538 1.835315720001945 0
4344 11.87220168000818 1.835315720001945 0
4345 11.88063536849697 -1.836034046079767 0
4346 11.73138163715349 -1.836034046079766 0
4347 -11.88063536849696 1.836034046079767 0
4348 -11.7313816371535 1.836034046079767 0
4349 9.790625253945676 -1.835415723819692 0
4350 9.64137152260221 -1.835415723819692 0
4351 -9.790625253945677 1.835415723819692 0
4352 -9.64137152260221 1.835415723819692 0
4353 1.587067362118313 -0.3602507008015596 0
4354 1.680706745543151 -0.3489010210228631 0
4355 1.656667357208357 -0.2658369512906541 0
4356 -1.587067362118312 0.3602507008015594 0
4357 -1.68070674554315 0.3489010210228626 0
4358 -1.656667357208356 0.265836951290654 0
4359 2.852251748364163 -0.6262804213911135 0
4360 -2.852251748364157 0.6262804213911137 0
4361 -9.576998380197571 -1.389757568005981 0
4362 -9.400548140578406 -1.435104365065675 0
4363 9.576998380197576 1.389757568005981 0
4364 9.400548140578406 1.435104365065671 0
4365 -5.068293420083236 1.870633516454431 0
4366 5.068293420083238 -1.870633516454429 0
4367 1.123536148358225 0.1754976324145268 0
4368 1.068744812650658 0.1665791967014988 0
4369 1.121692055606109 0.128872794211263 0
4370 -1.123536148358225 -0.1754976324145268 0
4371 -1.068744812650658 -0.1665791967014988 0
4372 -1.121692055606109 -0.128872794211263 0
4373 -15.90380250255887 -1.850790484946418 0
4374 -16.05305623390234 -1.850790484946418 0
4375 15.90380250255886 1.850790484946417 0
4376 16.05305623390233 1.850790484946418 0
4377 8.041612508010513 1.67787955791198 0
4378 7.85193590776666 1.576213006140957 0
4379 -8.041612508010509 -1.677879557911979 0
4380 -7.851935907766663 -1.576213006140955 0
4381 -6.215558699279676 0.7914656863230326 0
4382 -6.107675148774691 0.9161198472274767 0
4383 -6.231055035447821 0.9690706058029395 0
4384 6.215558699279685 -0.7914656863230372 0
4385 6.107675148774696 -0.9161198472274774 0
4386 6.231055035447829 -0.969070605802941 0
4387 -10.04125492979792 -0.9015355483840461 0
4388 -10.22044266555151 -0.8813901757449389 0
4389 10.04125492979792 0.9015355483840463 0
4390 10.22044266555151 0.8813901757449393 0
4391 -9.965473349149839 -0.7353831578101635 0
4392 -9.86435041054024 -0.879707523784646 0
4393 9.965473349149839 0.7353831578101639 0
4394 9.86435041054024 0.8797075237846466 0
4395 19.82328147775426 1.198373586108472 0
4396 19.71341995474717 1.358813747054134 0
4397 -19.82328147775427 -1.198373586108463 0
4398 -19.7134199547472 -1.358813747054114 0
4399 19.81589034830144 -1.197820163650343 0
4400 19.70602882529441 -1.358260324593647 0
4401 -19.81589034830143 1.197820163650343 0
4402 -19.7060288252944 1.358260324593646 0
4403 -1.123188945458706 -1.434783484117278 0
4404 -1.166945088349875 -1.30232072304351 0
4405 -1.251522997541761 -1.397158858278549 0
4406 1.123188945458705 1.434783484117278 0
4407 1.166945088349875 1.30232072304351 0
4408 1.25152299754176 1.397158858278548 0
4409 -1.41443880177435 -0.9454421180705069 0
4410 -1.339797836350147 -0.8681365102936822 0
4411 1.41443880177435 0.9454421180705074 0
4412 1.339797836350147 0.8681365102936831 0
4413 -15.11584377610892 -0.2024849601993217 0
4414 -14.918311431018 -0.2485662480371243 0
4415 15.11584377610892 0.2024849601993217 0
4416 14.91831143101799 0.2485662480371242 0
4417 -7.065867801950993 1.615050187654664 0
4418 -7.233756591735304 1.668460885248728 0
4419 -7.221239108230386 1.531735099242606 0
4420 7.065867801950994 -1.615050187654664 0
4421 7.233756591735306 -1.668460885248727 0
4422 7.221239108230387 -1.531735099242605 0
4423 -0.8357224734599313 -0.6338343147409093 0
4424 -0.8114169590725744 -0.6646657127597904 0
4425 0.8357224734599313 0.6338343147409093 0
4426 0.8114169590725744 0.6646657127597904 0
4427 19.84524444514643 -0.6202567729594433 0
4428 -19.84524444514643 0.6202567729594461 0
4429 13.94208652374817 -1.831871682175496 0
4430 13.79283279240471 -1.831871682175497 0
4431 -13.94208652374817 1.831871682175496 0
4432 -13.7928327924047 1.831871682175496 0
4433 -6.012330265364074 0.8358837690503373 0
4434 -6.02782660153222 1.013488688530244 0
4435 6.012330265364081 -0.8358837690503396 0
4436 6.027826601532225 -1.013488688530244 0
4437 -17.95560970185102 0.5958465370917372 0
4438 -18.10520192301313 0.4881284931068406 0
4439 -17.94056907890751 0.4712871359886531 0
4440 17.95560970185102 -0.5958465370917373 0
4441 18.10520192301312 -0.4881284931068405 0
4442 17.94056907890752 -0.4712871359886533 0
4443 12.80871603813707 -1.266868613122355 0
4444 12.8932506267085 -1.368885991082104 0
4445 -12.80871603813707 1.266868613122355 0
4446 -12.89325062670849 1.368885991082104 0
4447 -0.175363995259351 1.102831239692631 0
4448 -0.1914775198612028 1.173578411112601 0
4449 0.175363995259351 -1.102831239692631 0
4450 0.191477519861203 -1.173578411112601 0
4451 -17.60185634154902 0.2961998999171644 0
4452 -17.44506709719702 0.2410536872230497 0
4453 17.60185634154902 -0.2961998999171644 0
4454 17.445067097197 -0.2410536872230495 0
4455 7.730745999102187 1.689896800610425 0
4456 -7.730745999102187 -1.689896800610425 0
4457 -7.313163659478381 -0.2330847670597865 0
4458 -7.159909224108807 -0.3454980902328939 0
4459 -7.187545162436498 -0.1807087903142028 0
4460 7.313163659478386 0.2330847670597854 0
4461 7.159909224108811 0.3454980902328921 0
4462 7.187545162436503 0.1807087903142014 0
4463 0.8119471819839094 -0.660748171775184 0
4464 0.8362526963714809 -0.6299167737562424 0
4465 -0.8119471819839095 0.660748171775184 0
4466 -0.836252696371481 0.6299167737562426 0
4467 -0.2542393426903728 1.281619952500525 0
4468 -0.3200781216713389 1.30718775298114 0
4469 -0.3090777313737044 1.227890617549838 0
4470 0.254239342690373 -1.281619952500525 0
4471 0.3200781216713391 -1.30718775298114 0
4472 0.3090777313737044 -1.227890617549838 0
4473 -14.05250448974554 -0.8895405589728856 0
4474 -14.02682908392445 -1.060370565051949 0
4475 -13.91716724755793 -0.9336255370094542 0
4476 14.05250448974553 0.8895405589728858 0
4477 14.02682908392446 1.06037056505195 0
4478 13.91716724755794 0.9336255370094542 0
4479 -13.80227394095182 -0.8584623006617194 0
4480 13.80227394095183 0.8584623006617196 0
4481 -6.189969142228717 -1.353393235036106 0
4482 -6.105015792954902 -1.5181403422944 0
4483 6.189969142228716 1.353393235036112 0
4484 6.105015792954904 1.518140342294402 0
4485 1.024864254558083 0.4750044513264866 0
4486 0.999389832628907 0.4151208106508764 0
4487 1.049709802004721 0.4375044680020178 0
4488 -1.024864254558083 -0.4750044513264866 0
4489 -0.999389832628907 -0.4151208106508764 0
4490 -1.049709802004721 -0.4375044680020177 0
4491 3.971759396375631 -1.27604043238534 0
4492 4.121754826224782 -1.353654140056699 0
4493 -3.971759396375628 1.276040432385338 0
4494 -4.121754826224779 1.353654140056696 0
4495 -11.07041848694696 -0.8524114675370896 0
4496 -11.24654196444321 -0.8322951267884092 0
4497 -11.1783744245765 -0.94648977957157 0
4498 11.07041848694696 0.8524114675370895 0
4499 11.2465419644432 0.8322951267884089 0
4500 11.1783744245765 0.9464897795715701 0
4501 1.482152904745006 1.429883367129536 0
4502 1.3772106437562 1.395726479987135 0
4503 1.400221401421736 1.298852984347182 0
4504 -1.482152904745006 -1.429883367129535 0
4505 -1.3772106437562 -1.395726479987134 0
4506 -1.400221401421736 -1.298852984347181 0
4507 12.68717948925887 -1.178731820442835 0
4508 12.65235850787525 -1.334030005061447 0
4509 -12.68717948925887 1.178731820442835 0
4510 -12.65235850787525 1.334030005061447 0
4511 -18.02237095164687 -1.290685750009816 0
4512 -18.14546232992247 -1.439784390791693 0
4513 18.02237095164687 1.290685750009815 0
4514 18.14546232992249 1.439784390791693 0
4515 -19.57877584131025 0.04289049192973694 0
4516 -19.49085800192425 0.1260059527253461 0
4517 19.57877584131027 -0.04289049192972746 0
4518 19.49085800192426 -0.1260059527253379 0
4519 -6.677115761156871 0.8915343822867099 0
4520 -6.693424006365078 1.03022734427407 0
4521 -6.802236461728391 0.9637522893993826 0
4522 6.677115761156871 -0.8915343822867126 0
4523 6.693424006365076 -1.030227344274073 0
4524 6.802236461728386 -0.963752289399385 0
4525 -6.690331180183072 1.158800660564747 0
4526 -6.565210479611553 1.086582753452074 0
4527 6.690331180183067 -1.158800660564749 0
4528 6.565210479611553 -1.086582753452077 0
4529 -1.830998015570003 -0.7110153626951777 0
4530 -1.788328618205854 -0.6343839343427533 0
4531 -1.915002068271478 -0.6556708823642802 0
4532 1.830998015570003 0.7110153626951778 0
4533 1.788328618205855 0.6343839343427536 0
4534 1.915002068271478 0.6556708823642807 0
4535 -11.55855351113259 -1.094738882407431 0
4536 -11.48592907302793 -0.9419842235484193 0
4537 11.55855351113259 1.094738882407431 0
4538 11.48592907302792 0.9419842235484192 0
4539 -18.70649196352265 -1.836278852946433 0
4540 -18.78111882919434 -1.730341353749292 0
4541 -18.88059701492397 -1.894062500802861 0
4542 18.70649196352268 1.836278852946431 0
4543 18.78111882919437 1.730341353749271 0
4544 18.88059701492396 1.89406250080284 0
4545 -17.8551237879445 -1.652014477932531 0
4546 17.8551237879445 1.652014477932531 0
4547 -2.444507092758863 0.9743908342250915 0
4548 -2.410839873097944 0.8181446546063944 0
4549 2.444507092758867 -0.9743908342250912 0
4550 2.410839873097947 -0.8181446546063946 0
4551 19.25684322917675 0.1595291923414391 0
4552 19.21284906588654 0.3233776326820482 0
4553 19.11061207910166 0.2075519878432303 0
4554 -19.25684322917671 -0.1595291923414481 0
4555 -19.21284906588651 -0.3233776326820552 0
4556 -19.11061207910166 -0.2075519878432391 0
4557 -7.140135460464862 -1.226825773201557 0
4558 -7.190231766695524 -1.068897846791661 0
4559 -7.268386950094486 -1.225455689844703 0
4560 7.140135460464865 1.22682577320156 0
4561 7.190231766695526 1.068897846791666 0
4562 7.268386950094488 1.225455689844705 0
4563 14.55916239772127 -1.431370563537941 0
4564 14.45129290068561 -1.301877346286922 0
4565 -14.55916239772128 1.431370563537942 0
4566 -14.45129290068562 1.301877346286921 0
4567 -1.620403689909188 -0.7291725901694014 0
4568 1.620403689909189 0.7291725901694019 0
4569 -17.81971624239057 0.4433620090270866 0
4570 17.81971624239057 -0.4433620090270866 0
4571 -18.55723823217918 -1.836278852946432 0
4572 18.55723823217918 1.83627885294643 0
4573 4.398353741224449 -0.9098830745634447 0
4574 4.557258883624196 -0.9056379988601799 0
4575 4.478546673807928 -0.7508942885157659 0
4576 -4.398353741224446 0.9098830745634474 0
4577 -4.557258883624195 0.905637998860181 0
4578 -4.478546673807927 0.7508942885157694 0
4579 8.409350168985615 0.4031014379631981 0
4580 8.362786274940483 0.2215686434142739 0
4581 8.489137484451859 0.2996655395096044 0
4582 -8.409350168985615 -0.4031014379631999 0
4583 -8.362786274940483 -0.2215686434142753 0
4584 -8.489137484451858 -0.2996655395096056 0
4585 -2.586930546731697 0.5037091424125524 0
4586 -2.66606922915775 0.3985391271746601 0
4587 -2.502931392442081 0.3591355022777925 0
4588 2.586930546731701 -0.5037091424125524 0
4589 2.666069229157756 -0.3985391271746605 0
4590 2.502931392442087 -0.3591355022777935 0
4591 -15.34021677437436 -0.6846870646654712 0
4592 -15.37206686582292 -0.5498716268623868 0
4593 -15.51425791164914 -0.6060873396538676 0
4594 15.34021677437436 0.6846870646654712 0
4595 15.37206686582292 0.5498716268623869 0
4596 15.51425791164914 0.6060873396538676 0
4597 -15.42356125701902 -0.4037624393506506 0
4598 -15.24952011974423 -0.4823621643622539 0
4599 15.42356125701902 0.4037624393506504 0
4600 15.24952011974423 0.482362164362254 0
4601 9.792211714012334 1.006184456418011 0
4602 9.783334155779112 1.151418778238209 0
4603 -9.792211714012335 -1.006184456418011 0
4604 -9.783334155779112 -1.15141877823821 0
4605 17.50050485381699 -1.049336956939374 0
4606 17.56021767239131 -1.176590621260824 0
4607 17.68345951762018 -1.110734314928267 0
4608 -17.50050485381699 1.049336956939374 0
4609 -17.5602176723913 1.176590621260825 0
4610 -17.6834595176202 1.110734314928267 0
4611 14.28263224377959 -1.639300288825853 0
4612 -14.28263224377958 1.639300288825852 0
4613 1.792296411519485 -0.3514241721763164 0
4614 1.722696416429441 -0.4458379216872219 0
4615 -1.792296411519483 0.3514241721763153 0
4616 -1.722696416429438 0.4458379216872207 0
4617 15.75249891294525 -1.444010773740701 0
4618 15.9310023478661 -1.42163880555793 0
4619 -15.75249891294525 1.444010773740701 0
4620 -15.9310023478661 1.42163880555793 0
4621 1.000587689017793 0.5640402435808254 0
4622 0.9695381546239712 0.5914505353604447 0
4623 0.946811290561944 0.5577937323597716 0
4624 -1.000587689017793 -0.5640402435808254 0
4625 -0.9695381546239713 -0.5914505353604447 0
4626 -0.9468112905619442 -0.5577937323597716 0
4627 -16.12565412836192 -1.752064191944165 0
4628 -16.19200087952943 -1.901273706997747 0
4629 16.12565412836193 1.752064191944166 0
4630 16.19200087952944 1.901273706997749 0
4631 -11.14526054683123 -1.050160771366707 0
4632 11.14526054683123 1.050160771366707 0
4633 8.881508746475681 -1.871143892706292 0
4634 8.73225501513221 -1.871143892706292 0
4635 -8.88150874647568 1.871143892706292 0
4636 -8.732255015132209 1.871143892706292 0
4637 10.97106098528376 -1.871143892706679 0
4638 10.82180725394029 -1.871143892706679 0
4639 -10.97106098528376 1.871143892706679 0
4640 -10.8218072539403 1.871143892706679 0
4641 -12.91100233467799 -1.835534822766205 0
4642 -13.0602560660208 -1.835534822766205 0
4643 12.91100233467799 1.835534822766204 0
4644 13.0602560660208 1.835534822766205 0
4645 -10.8208955223953 -1.833207456630038 0
4646 -10.97014925373811 -1.833207456630038 0
4647 10.8208955223953 1.833207456630038 0
4648 10.97014925373811 1.833207456630038 0
4649 -13.80597014925138 -1.833207456630046 0
4650 -13.95522388059419 -1.833207456630047 0
4651 13.80597014925139 1.833207456630046 0
4652 13.9552238805942 1.833207456630047 0
4653 13.07383913337748 -1.82999216863288 0
4654 12.92458540203402 -1.82999216863288 0
4655 -13.07383913337748 1.82999216863288 0
4656 -12.92458540203402 1.82999216863288 0
4657 13.01297805260899 -1.487794760844499 0
4658 13.13051317396571 -1.343609550154807 0
4659 -13.012978052609 1.4877947608445 0
4660 -13.13051317396572 1.343609550154807 0
4661 4.721588141440506 -0.8726366102927273 0
4662 4.641395208857024 -1.031625396340405 0
4663 -4.721588141440501 0.8726366102927274 0
4664 -4.641395208857019 1.031625396340405 0
4665 17.74886890660308 -1.40782124607998 0
4666 17.63085605839075 -1.336603699391355 0
4667 -17.74886890660309 1.40782124607998 0
4668 -17.63085605839077 1.336603699391355 0
4669 -4.937859418737387 -1.430929664433953 0
4670 -5.113283158844451 -1.338276515255513 0
4671 4.937859418737388 1.430929664433954 0
4672 5.113283158844453 1.338276515255515 0
4673 -13.9887882517793 0.5919746620635792 0
4674 -14.02578518343369 0.7704581751005302 0
4675 13.98878825177931 -0.5919746620635793 0
4676 14.0257851834337 -0.7704581751005302 0
4677 -19.5027382119709 -0.07447704857302008 0
4678 -19.65674556252842 -0.04656959209674276 0
4679 19.50273821197092 0.07447704857302359 0
4680 19.6567455625284 0.04656959209675666 0
4681 -11.71542581255493 -1.040560209175621 0
4682 -11.65661907970442 -1.177704083309103 0
4683 11.71542581255493 1.040560209175621 0
4684 11.65661907970441 1.177704083309103 0
4685 -1.863279999758892 -0.7961671814142363 0
4686 -1.736606549693268 -0.774880233392709 0
4687 1.863279999758892 0.796167181414237 0
4688 1.736606549693269 0.7748802333927099 0
4689 0.7585035938295805 -1.129770535378538 0
4690 0.8360672886829517 -1.175333999650092 0
4691 0.8514195349917771 -1.095210726610378 0
4692 -0.7585035938295808 1.129770535378537 0
4693 -0.8360672886829515 1.175333999650091 0
4694 -0.851419534991777 1.095210726610378 0
4695 -14.30573890053011 -0.9928430933545925 0
4696 -14.23125050953003 -0.8859173711762175 0
4697 -14.37482308394808 -0.862474877515428 0
4698 14.3057389005301 0.9928430933545921 0
4699 14.23125050953003 0.8859173711762176 0
4700 14.37482308394808 0.8624748775154281 0
4701 -14.12158867316352 -0.7591723431337221 0
4702 14.12158867316351 0.7591723431337218 0
4703 -18.25405471501733 -1.686748614897083 0
4704 -18.28746851473522 -1.88482042569138 0
4705 18.25405471501732 1.686748614897075 0
4706 18.28746851473525 1.884820425691375 0
4707 3.506045354252524 -1.835581719722908 0
4708 3.356791622909054 -1.835581719722908 0
4709 -3.50604535425252 1.835581719722908 0
4710 -3.356791622909051 1.835581719722908 0
4711 10.82959201342478 -1.201557430192174 0
4712 10.72616617565703 -1.276657087516873 0
4713 10.83394798056703 -1.378466165820438 0
4714 -10.82959201342478 1.201557430192174 0
4715 -10.72616617565703 1.276657087516873 0
4716 -10.83394798056702 1.378466165820438 0
4717 -17.37757525564662 -1.865757243508973 0
4718 -17.52682898699008 -1.865757243508973 0
4719 17.37757525564661 1.865757243508973 0
4720 17.52682898699008 1.865757243508973 0
4721 -19.63246819070702 -0.2994818243091543 0
4722 -19.52165433209327 -0.3551906765995364 0
4723 -19.46989407457529 -0.2196459848898818 0
4724 19.63246819070702 0.2994818243091522 0
4725 19.52165433209329 0.3551906765995269 0
4726 19.46989407457534 0.2196459848898824 0
4727 -11.61879280823631 -1.284487145694273 0
4728 -11.77566510965864 -1.230308472462464 0
4729 11.6187928082363 1.284487145694273 0
4730 11.77566510965863 1.230308472462463 0
4731 -0.5711424729419915 1.106095043466201 0
4732 -0.5187164417609116 1.160736568052771 0
4733 -0.5754031490308895 1.175999372378172 0
4734 0.5711424729419918 -1.106095043466202 0
4735 0.5187164417609119 -1.160736568052771 0
4736 0.5754031490308897 -1.175999372378172 0
4737 8.499267697422441 1.662826037342904 0
4738 8.313787458410827 1.688419230681291 0
4739 -8.499267697422431 -1.662826037342902 0
4740 -8.313787458410818 -1.68841923068129 0
4741 -7.442109874213177 -0.1582459447047664 0
4742 -7.414473935885487 -0.3230352446234575 0
4743 7.442109874213182 0.1582459447047653 0
4744 7.414473935885491 0.3230352446234559 0
4745 18.66799248286302 -0.9305371997435741 0
4746 18.61208485161512 -1.106060353631367 0
4747 18.75654549254247 -1.005646070160689 0
4748 -18.66799248286301 0.9305371997435735 0
4749 -18.61208485161513 1.106060353631367 0
4750 -18.75654549254246 1.005646070160688 0
4751 1.195541952800951 -0.4262993681403789 0
4752 1.146667951133613 -0.4590049130508832 0
4753 1.204326054199746 -0.4750194681969209 0
4754 -1.195541952800952 0.4262993681403787 0
4755 -1.146667951133613 0.4590049130508831 0
4756 -1.204326054199746 0.4750194681969206 0
4757 -2.095692963301504 0.8605840965298215 0
4758 -2.179700144462853 0.7498363846247984 0
4759 2.095692963301509 -0.8605840965298232 0
4760 2.179700144462858 -0.7498363846247997 0
4761 -19.36482058041941 -0.4110311959531417 0
4762 -19.52739469655115 -0.4908670353724145 0
4763 19.36482058041944 0.4110311959531338 0
4764 19.52739469655113 0.4908670353724036 0
4765 3.353430001489484 1.877559650545557 0
4766 3.502683732832949 1.877559650545557 0
4767 -3.353430001489483 -1.877559650545557 0
4768 -3.502683732832951 -1.877559650545558 0
4769 18.61159485892084 0.796253410700859 0
4770 18.51299426603888 0.8601704834027082 0
4771 18.5026508781176 0.680394392390845 0
4772 -18.61159485892087 -0.7962534107008487 0
4773 -18.51299426603892 -0.8601704834026903 0
4774 -18.50265087811763 -0.6803943923908391 0
4775 -3.095815359033493 1.654691209020059 0
4776 3.095815359033493 -1.654691209020059 0
4777 19.15152573440332 1.859390618973299 0
4778 19.3007794657468 1.8593906189733 0
4779 -19.15152573440333 -1.859390618973303 0
4780 -19.30077946574681 -1.859390618973304 0
4781 -6.83204492703813 1.816078188624252 0
4782 -6.681512827119496 1.693244903405261 0
4783 -6.71513954185624 1.877166714781009 0
4784 6.832044927038129 -1.816078188624251 0
4785 6.681512827119497 -1.69324490340526 0
4786 6.715139541856242 -1.877166714781009 0
4787 -7.492450432079315 1.453893442999102 0
4788 -7.543427145001575 1.54723163745689 0
4789 -7.646749679066192 1.415979283619323 0
4790 7.492450432079316 -1.453893442999102 0
4791 7.543427145001575 -1.54723163745689 0
4792 7.646749679066192 -1.415979283619323 0
4793 -0.4465811026125965 1.899913760099026 0
4794 -0.2737275962338939 1.9010510997164 0
4795 0.4465811026125962 -1.899913760099026 0
4796 0.273727596233894 -1.9010510997164 0
4797 9.716430133364243 0.8400320658441291 0
4798 -9.716430133364248 -0.8400320658441287 0
4799 4.348505826941028 -1.183156076980074 0
4800 4.306103434105172 -1.028965233221313 0
4801 -4.348505826941023 1.183156076980074 0
4802 -4.306103434105167 1.028965233221314 0
4803 7.843421081900781 -1.092408027748668 0
4804 7.810602223256215 -0.9756539924064451 0
4805 7.699370457278208 -1.01485519981955 0
4806 -7.843421081900781 1.092408027748667 0
4807 -7.810602223256215 0.9756539924064441 0
4808 -7.699370457278208 1.014855199819549 0
4809 0.7146007399981021 1.726342558507941 0
4810 0.5708212607269958 1.777118332831529 0
4811 0.572686569981733 1.676338936488555 0
4812 -0.7146007399981021 -1.726342558507941 0
4813 -0.5708212607269959 -1.77711833283153 0
4814 -0.5726865699817334 -1.676338936488556 0
4815 -4.74216957168372 -1.569690971078488 0
4816 -4.814306715612033 -1.679252393737936 0
4817 -4.636397406364844 -1.661373245388867 0
4818 4.742169571683726 1.569690971078489 0
4819 4.814306715612036 1.679252393737937 0
4820 4.636397406364847 1.661373245388867 0
4821 -7.081765779493033 -1.365329294636776 0
4822 -7.00361059609407 -1.208771451583734 0
4823 7.081765779493034 1.365329294636774 0
4824 7.003610596094072 1.208771451583735 0
4825 -0.9359783088743305 -1.313694121933366 0
4826 -0.9322793467548369 -1.393298300571997 0
4827 -0.8296466193623468 -1.367047073623123 0
4828 0.9359783088743303 1.313694121933366 0
4829 0.9322793467548371 1.393298300571997 0
4830 0.8296466193623471 1.367047073623123 0
4831 -1.089421916392993 -1.539536433239462 0
4832 -1.004844007201108 -1.444698298004423 0
4833 1.089421916392993 1.539536433239462 0
4834 1.004844007201108 1.444698298004423 0
4835 17.17677847335898 -1.322833640297333 0
4836 16.99307491325996 -1.304651521817189 0
4837 -17.17677847335898 1.322833640297333 0
4838 -16.99307491325995 1.304651521817188 0
4839 -14.63462492358669 -0.08019181969049433 0
4840 -14.61494745698741 -0.1943413770852718 0
4841 -14.47085387175722 -0.1067029506289112 0
4842 14.63462492358669 0.08019181969049431 0
4843 14.61494745698741 0.1943413770852718 0
4844 14.47085387175723 0.1067029506289112 0
4845 10.58240408488706 -1.174164024850182 0
4846 10.5867600520293 -1.351072760478446 0
4847 -10.58240408488706 1.174164024850182 0
4848 -10.58676005202931 1.351072760478446 0
4849 7.303220540844249 0.8747442582898806 0
4850 7.209073206964852 0.9670473939911497 0
4851 7.19381049148395 0.7742638888462199 0
4852 -7.303220540844244 -0.8747442582898793 0
4853 -7.209073206964849 -0.9670473939911461 0
4854 -7.193810491483944 -0.7742638888462193 0
4855 -1.597703876939784 -1.01981195742223 0
4856 -1.730221562115924 -0.9744915855975244 0
4857 1.597703876939783 1.019811957422231 0
4858 1.730221562115924 0.9744915855975257 0
4859 3.055586658974601 -0.9750965574742485 0
4860 3.051945843083196 -0.7959277430122539 0
4861 -3.055586658974599 0.9750965574742489 0
4862 -3.051945843083192 0.7959277430122546 0
4863 0.8561448805153054 0.7327437760880855 0
4864 0.9081828296156313 0.7799252046454619 0
4865 -0.8561448805153054 -0.7327437760880855 0
4866 -0.9081828296156315 -0.7799252046454619 0
4867 7.418249853338569 0.9657175223891967 0
4868 -7.418249853338565 -0.9657175223891934 0
4869 10.71879079052519 -0.354319228892971 0
4870 10.61056034687453 -0.3059615568765057 0
4871 10.63192344498808 -0.4661779480550968 0
4872 -10.71879079052519 0.3543192288929711 0
4873 -10.61056034687453 0.3059615568765056 0
4874 -10.63192344498808 0.4661779480550968 0
4875 9.965378167274377 -0.4665154968263995 0
4876 9.987211979856429 -0.3053913933573664 0
4877 9.878694849329415 -0.3534115166003345 0
4878 -9.965378167274377 0.4665154968263995 0
4879 -9.987211979856429 0.3053913933573664 0
4880 -9.878694849329415 0.3534115166003347 0
4881 1.33345450086503 1.528189241060903 0
4882 -1.33345450086503 -1.528189241060902 0
4883 -0.4601459592889517 -1.472479640657651 0
4884 -0.4620139739496888 -1.363698286109528 0
4885 -0.5226806721675135 -1.419731310728677 0
4886 0.4601459592889516 1.47247964065765 0
4887 0.4620139739496888 1.363698286109528 0
4888 0.5226806721675135 1.419731310728677 0
4889 8.574769836702977 0.148152758854794 0
4890 8.621333730748109 0.3296855534037182 0
4891 -8.574769836702977 -0.1481527588547947 0
4892 -8.621333730748107 -0.3296855534037192 0
4893 -10.38882256526973 -0.883251887316267 0
4894 -10.5962117713306 -0.9129962697316261 0
4895 -10.50589666875637 -1.035313551495674 0
4896 10.38882256526973 0.8832518873162669 0
4897 10.5962117713306 0.9129962697316261 0
4898 10.50589666875637 1.035313551495674 0
4899 -10.64642670389987 -0.7386353271687912 0
4900 10.64642670389987 0.7386353271687912 0
4901 -8.546918919164652 -0.6722020265062406 0
4902 -8.442478850951327 -0.7968830926796868 0
4903 -8.431261310283663 -0.6058794002319761 0
4904 8.546918919164657 0.6722020265062388 0
4905 8.442478850951328 0.7968830926796854 0
4906 8.431261310283663 0.6058794002319752 0
4907 -0.2209942624189543 -1.599310667304334 0
4908 -0.3689613659022996 -1.631609402723694 0
4909 -0.2809399872272819 -1.694815975392785 0
4910 0.220994262418954 1.599310667304334 0
4911 0.3689613659022992 1.631609402723693 0
4912 0.2809399872272814 1.694815975392784 0
4913 -4.822526118626625 -1.472162419910949 0
4914 -4.644616809379436 -1.454283271561879 0
4915 4.822526118626629 1.47216241991095 0
4916 4.644616809379441 1.454283271561879 0
4917 -3.118794255710357 1.121227480926658 0
4918 -3.212664169621192 1.028538334004111 0
4919 3.118794255710361 -1.121227480926658 0
4920 3.212664169621197 -1.028538334004111 0
4921 13.96902124644633 -1.055679335465175 0
4922 14.09101330462655 -1.024028081648895 0
4923 14.01799492509176 -0.8757488910151645 0
4924 -13.96902124644633 1.055679335465176 0
4925 -14.09101330462656 1.024028081648895 0
4926 -14.01799492509175 0.8757488910151643 0
4927 7.945710850260923 -0.9294946374389012 0
4928 7.801660225638351 -0.8519418095097833 0
4929 -7.945710850260924 0.9294946374389006 0
4930 -7.801660225638351 0.8519418095097823 0
4931 2.843072083344042 1.592245816743898 0
4932 2.725685984795148 1.479708986091616 0
4933 2.868164627415242 1.430134629301937 0
4934 -2.843072083344044 -1.592245816743897 0
4935 -2.72568598479515 -1.479708986091614 0
4936 -2.868164627415244 -1.430134629301937 0
4937 -0.4653395723253818 1.173278940281665 0
4938 -0.4610788962364837 1.103374611369695 0
4939 0.4653395723253819 -1.173278940281665 0
4940 0.4610788962364839 -1.103374611369695 0
4941 -6.890154389350188 -1.111852393131607 0
4942 -6.831784708378359 -1.250355914566826 0
4943 6.890154389350192 1.111852393131612 0
4944 6.831784708378361 1.250355914566825 0
4945 10.83384056130963 -0.4110933452234366 0
4946 10.81247746319609 -0.2508769540448454 0
4947 -10.83384056130963 0.4110933452234367 0
4948 -10.81247746319609 0.2508769540448454 0
4949 9.785075421582821 -0.249839568565064 0
4950 9.763241609000771 -0.4109636720340972 0
4951 -9.785075421582823 0.249839568565064 0
4952 -9.763241609000767 0.4109636720340971 0
4953 -7.059180104189389 -0.1767055089645437 0
4954 -7.212434539558963 -0.06429218579143636 0
4955 7.059180104189391 0.1767055089645433 0
4956 7.212434539558966 0.06429218579143663 0
4957 2.122533149998576 -0.254164193794847 0
4958 2.186500765059178 -0.1691816125727518 0
4959 -2.122533149998573 0.2541641937948462 0
4960 -2.186500765059175 0.169181612572751 0
4961 -6.771778042817362 -1.021330875951254 0
4962 -6.943603930533074 -0.9797464129681615 0
4963 6.771778042817363 1.021330875951257 0
4964 6.943603930533074 0.979746412968167 0
4965 1.488258020232738 -1.124899379274643 0
4966 1.557765403599369 -1.061546295205761 0
4967 1.460041348575708 -1.028240314842611 0
4968 -1.488258020232736 1.124899379274641 0
4969 -1.557765403599367 1.061546295205759 0
4970 -1.460041348575707 1.02824031484261 0
4971 2.915806215882776 1.282354202013226 0
4972 3.03319231443167 1.394891032665508 0
4973 -2.91580621588278 -1.282354202013224 0
4974 -3.033192314431673 -1.394891032665506 0
4975 -18.66815435125869 0.3199957650261896 0
4976 -18.75889416993785 0.2230190245580264 0
4977 -18.65057924835143 0.1698397356550548 0
4978 18.66815435125869 -0.3199957650261904 0
4979 18.75889416993788 -0.2230190245580377 0
4980 18.65057924835143 -0.1698397356550652 0
4981 -9.421223802817533 -0.930226506349185 0
4982 -9.55682094496818 -0.8850162689198445 0
4983 9.421223802817531 0.9302265063491858 0
4984 9.556820944968182 0.885016268919846 0
4985 -0.455643927793809 -0.9418015090281368 0
4986 -0.4199903941066977 -0.9582380131896819 0
4987 0.455643927793809 0.9418015090281368 0
4988 0.4199903941066977 0.9582380131896819 0
4989 -7.67000646433006 -1.109086373036722 0
4990 -7.79893433924612 -1.203450320015647 0
4991 7.670006464330058 1.109086373036726 0
4992 7.798934339246118 1.203450320015649 0
4993 -0.9096773675553089 -0.840897109040485 0
4994 -0.9679983886838421 -0.8352181387010522 0
4995 0.9096773675553089 0.8408971090404849 0
4996 0.967998388683842 0.8352181387010522 0
4997 -2.053461036178814 -0.166302605850195 0
4998 -2.171482722434735 -0.09304506040163915 0
4999 2.053461036178816 0.1663026058501962 0
5000 2.171482722434738 0.09304506040163962 0
5001 19.68775037783365 -0.9615613217968744 0
5002 19.63551852007074 -0.8032801607742995 0
5003 -19.68775037783364 0.9615613217968748 0
5004 -19.63551852007074 0.8032801607743024 0
5005 2.400798331299276 1.861297176534907 0
5006 -2.400798331299278 -1.861297176534906 0
5007 14.23536543422335 -0.9454794184053816 0
5008 14.18639175557794 -1.125409862855393 0
5009 -14.23536543422334 0.9454794184053816 0
5010 -14.18639175557793 1.125409862855393 0
5011 -2.171118056804869 0.6589064563670312 0
5012 -2.054682359542899 0.6702485127423328 0
5013 2.171118056804874 -0.6589064563670333 0
5014 2.054682359542904 -0.6702485127423353 0
5015 -17.175338117321 -1.241780493741123 0
5016 -17.19140586060362 -1.130477927588546 0
5017 -17.32722956883361 -1.227881524385587 0
5018 17.17533811732099 1.241780493741123 0
5019 17.19140586060363 1.130477927588546 0
5020 17.32722956883361 1.227881524385587 0
5021 -0.8019873227280673 -0.9386722477938456 0
5022 -0.8242781907231956 -0.9854591579887044 0
5023 -0.7770075239636043 -1.00414042432144 0
5024 0.8019873227280674 0.9386722477938456 0
5025 0.8242781907231956 0.9854591579887041 0
5026 0.7770075239636043 1.00414042432144 0
5027 -9.296754711284089 -0.9828275149831227 0
5028 -9.34488136156658 -0.8561245479961335 0
5029 9.296754711284091 0.9828275149831256 0
5030 9.34488136156658 0.8561245479961378 0
5031 -4.018579584246348 -0.9029365880608917 0
5032 -3.934906807786855 -0.9858934804027009 0
5033 -3.858083537767492 -0.8476915733797085 0
5034 4.018579584246356 0.9029365880608924 0
5035 3.934906807786866 0.9858934804027015 0
5036 3.858083537767497 0.847691573379709 0
5037 -18.88856048157755 0.2908173257835985 0
5038 -18.8709853786703 0.1406612964124637 0
5039 18.88856048157757 -0.2908173257835981 0
5040 18.87098537867033 -0.140661296412473 0
5041 18.84579433922977 -1.089407217146453 0
5042 18.90170197047766 -0.91388406325866 0
5043 -18.84579433922976 1.089407217146454 0
5044 -18.90170197047765 0.9138840632586607 0
5045 17.5760097028572 0.7801694856136433 0
5046 17.51075801213273 0.593569437574637 0
5047 -17.57600970285719 -0.7801694856136362 0
5048 -17.51075801213272 -0.5935694375746354 0
5049 -14.69574420169124 -0.2852701367956518 0
5050 -14.53197314986178 -0.3117812677340686 0
5051 14.69574420169124 0.2852701367956518 0
5052 14.53197314986178 0.3117812677340687 0
5053 -2.669102595884358 1.728692658946414 0
5054 -2.589529136003172 1.853648828237138 0
5055 2.669102595884361 -1.728692658946415 0
5056 2.589529136003172 -1.853648828237138 0
5057 17.55477097406688 -0.8660065498991343 0
5058 -17.55477097406689 0.8660065498991346 0
5059 16.61932243718589 -0.1190803112779823 0
5060 16.74760368684909 -0.23981230368143 0
5061 16.78566841430868 -0.06854355061515865 0
5062 -16.61932243718588 0.1190803112779823 0
5063 -16.74760368684909 0.23981230368143 0
5064 -16.78566841430868 0.06854355061515863 0
5065 -13.11220455260244 -0.8976744318641507 0
5066 -13.00019453173229 -0.9005494866806522 0
5067 -12.98861793641623 -0.762954360636072 0
5068 13.11220455260243 0.8976744318641503 0
5069 13.00019453173229 0.9005494866806518 0
5070 12.98861793641624 0.7629543606360722 0
5071 17.24396898056379 -1.172262115385254 0
5072 17.22474782670018 -1.06481472213308 0
5073 17.09145379867585 -1.121883574246402 0
5074 -17.24396898056379 1.172262115385254 0
5075 -17.22474782670017 1.06481472213308 0
5076 -17.09145379867585 1.121883574246403 0
5077 0.862076599985819 1.055404491489946 0
5078 -0.862076599985819 -1.055404491489947 0
5079 -0.5896872059966982 -1.463062756397745 0
5080 -0.5915552206574353 -1.354281401849622 0
5081 0.5896872059966982 1.463062756397744 0
5082 0.5915552206574354 1.354281401849623 0
5083 18.21069997865382 0.7133602348418342 0
5084 18.09708925883147 0.682512822923947 0
5085 18.16793644284174 0.5244740151477205 0
5086 -18.21069997865384 -0.7133602348418256 0
5087 -18.09708925883146 -0.6825128229239421 0
5088 -18.16793644284173 -0.5244740151477262 0
5089 -13.54458833365544 -0.7284372275014414 0
5090 -13.65902303747052 -0.8419464051563916 0
5091 13.54458833365543 0.7284372275014412 0
5092 13.65902303747051 0.8419464051563912 0
5093 -11.94736012719162 -1.736273869412454 0
5094 -12.01545695464977 -1.900958149410509 0
5095 11.94736012719161 1.736273869412453 0
5096 12.01545695464977 1.900958149410509 0
5097 12.01640869359574 -1.901095814274018 0
5098 11.95674555463994 -1.737129860353783 0
5099 -12.01640869359574 1.901095814274017 0
5100 -11.95674555463994 1.737129860353784 0
5101 9.926809732772986 -1.901032720165778 0
5102 9.866688718074444 -1.73644844398547 0
5103 -9.926809732772989 1.901032720165778 0
5104 -9.866688718074441 1.73644844398547 0
5105 -17.5946213849449 -0.8892065467693238 0
5106 -17.66757914577244 -1.036063706584091 0
5107 -17.55095760314129 -1.072394440907104 0
5108 17.59462138494489 0.8892065467693299 0
5109 17.66757914577244 1.036063706584097 0
5110 17.55095760314128 1.072394440907104 0
5111 -16.8971799472606 -1.538901673404334 0
5112 -16.92816369883778 -1.69825933656613 0
5113 -16.78052667274688 -1.599218104524409 0
5114 16.8971799472606 1.538901673404334 0
5115 16.92816369883778 1.69825933656613 0
5116 16.78052667274689 1.59921810452441 0
5117 18.42833614868135 -1.154491375124918 0
5118 18.51688915836082 -1.229600245542033 0
5119 -18.42833614868136 1.154491375124919 0
5120 -18.51688915836081 1.229600245542033 0
5121 -2.38106799908006 -0.6388008656586202 0
5122 -2.304748612696946 -0.5106808476024555 0
5123 2.38106799908006 0.6388008656586216 0
5124 2.304748612696947 0.5106808476024566 0
5125 -17.76493095328181 -1.135243920858384 0
5126 -17.80859473508541 -0.952056026720603 0
5127 17.76493095328181 1.135243920858383 0
5128 17.80859473508541 0.9520560267206089 0
5129 1.326690873678047 1.165745034059903 0
5130 1.284048061191303 1.048129215548461 0
5131 -1.326690873678047 -1.165745034059903 0
5132 -1.284048061191303 -1.048129215548461 0
5133 18.45652779402421 -1.343663449062922 0
5134 18.64027649695797 -1.295232427569371 0
5135 -18.45652779402422 1.343663449062922 0
5136 -18.64027649695796 1.29523242756937 0
5137 -15.68488277156215 -1.562182993239989 0
5138 -15.50660018043198 -1.544185052228488 0
5139 -15.58342752236966 -1.397095679568845 0
5140 15.68488277156216 1.562182993239989 0
5141 15.50660018043198 1.544185052228488 0
5142 15.58342752236965 1.397095679568844 0
5143 -6.565885810512772 1.877166714781009 0
5144 6.565885810512775 -1.877166714781009 0
5145 11.56930957697552 0.1052551922710382 0
5146 11.40018135684268 0.1358700793397229 0
5147 11.44352749692389 0.03061488706885195 0
5148 -11.56930957697552 -0.1052551922710382 0
5149 -11.40018135684268 -0.1358700793397229 0
5150 -11.44352749692389 -0.03061488706885195 0
5151 19.33604430161448 -1.594760842565894 0
5152 19.26716259039002 -1.444841634537984 0
5153 19.20253074674249 -1.553962165975299 0
5154 -19.33604430161449 1.594760842565894 0
5155 -19.26716259039 1.444841634537984 0
5156 -19.20253074674249 1.553962165975299 0
5157 19.1285237574853 -1.640401433039517 0
5158 19.05964204626083 -1.490482225011607 0
5159 -19.12852375748529 1.640401433039517 0
5160 -19.05964204626084 1.490482225011607 0
5161 18.39587193208677 0.84144100711859 0
5162 18.50481591289003 0.9573000254286042 0
5163 -18.39587193208682 -0.8414410071185745 0
5164 -18.50481591289006 -0.9573000254285839 0
5165 2.60164562331896 0.3668464805562819 0
5166 2.445582928499169 0.3285811349640675 0
5167 -2.601645623318956 -0.3668464805562784 0
5168 -2.445582928499168 -0.3285811349640655 0
5169 5.829375382888271 -1.393384735104956 0
5170 5.684045619390447 -1.471968574622045 0
5171 -5.829375382888267 1.393384735104959 0
5172 -5.68404561939044 1.471968574622047 0
5173 17.14809131511018 -0.9331670786738565 0
5174 -17.14809131511016 0.9331670786738565 0
5175 -17.69734082922795 0.4971215484591164 0
5176 -17.5447500248992 0.5818851830680677 0
5177 -17.63838605341666 0.6637688145825011 0
5178 17.69734082922794 -0.4971215484591162 0
5179 17.5447500248992 -0.5818851830680678 0
5180 17.63838605341666 -0.6637688145825008 0
5181 16.41289344800628 -0.253871654283595 0
5182 16.49122679756611 -0.149863889530019 0
5183 16.32286253584609 -0.1133864794693605 0
5184 -16.4128934480063 0.2538716542835951 0
5185 -16.4912267975661 0.149863889530019 0
5186 -16.3228625358461 0.1133864794693605 0
5187 16.52929152502569 0.02140486353625232 0
5188 -16.52929152502569 -0.02140486353625231 0
5189 3.274105140628074 -0.886293782980104 0
5190 -3.27410514062807 0.8862937829801056 0
5191 -0.8604462867653642 0.9398376435360625 0
5192 -0.8387842359042255 1.011797171847441 0
5193 0.8604462867653638 -0.9398376435360627 0
5194 0.8387842359042255 -1.011797171847441 0
5195 3.123064951830676 0.3821841433445798 0
5196 2.949544583363817 0.4121469004537172 0
5197 3.003764050992292 0.2963506313476549 0
5198 -3.123064951830668 -0.3821841433445739 0
5199 -2.949544583363811 -0.4121469004537107 0
5200 -3.003764050992285 -0.2963506313476491 0
5201 -9.632885476185034 -1.855118392253487 0
5202 -9.782139207527839 -1.855118392253487 0
5203 9.632885476185036 1.855118392253489 0
5204 9.782139207527841 1.855118392253489 0
5205 -15.37927246168912 -1.500834236552932 0
5206 -15.48072771088162 -1.665921550224076 0
5207 15.37927246168911 1.500834236552931 0
5208 15.48072771088162 1.665921550224077 0
5209 -18.72511095105794 -0.8778793663746983 0
5210 -18.71476756313666 -0.6981032753628471 0
5211 18.72511095105792 0.8778793663747206 0
5212 18.71476756313664 0.6981032753628573 0
5213 17.98206133131148 0.5854585218472014 0
5214 18.02482486712355 0.7743447415413152 0
5215 -17.98206133131147 -0.5854585218472066 0
5216 -18.02482486712356 -0.7743447415413056 0
5217 15.98935343742909 -0.9698471941648108 0
5218 -15.9893534374291 0.9698471941648112 0
5219 -14.81425049099544 -0.6511273441260605 0
5220 -14.65325281098382 -0.728619453503133 0
5221 -14.71767494798361 -0.5802766939170848 0
5222 14.81425049099545 0.6511273441260603 0
5223 14.65325281098381 0.7286194535031331 0
5224 14.71767494798362 0.5802766939170847 0
5225 10.82563027251268 -0.9843064430837684 0
5226 10.87528430342356 -1.094469326248813 0
5227 10.97910436742145 -0.9790274174439708 0
5228 -10.82563027251268 0.9843064430837682 0
5229 -10.87528430342356 1.094469326248813 0
5230 -10.97910436742145 0.979027417443971 0
5231 10.98306610833355 -1.196278404552377 0
5232 -10.98306610833356 1.196278404552377 0
5233 11.35663317700604 -0.06228204143898337 0
5234 11.52576139713888 -0.09289692850766812 0
5235 -11.35663317700605 0.06228204143898335 0
5236 -11.52576139713888 0.09289692850766812 0
5237 9.019979384788606 -0.7851692632512821 0
5238 9.180751000410332 -0.821697524840723 0
5239 -9.019979384788604 0.7851692632512821 0
5240 -9.180751000410332 0.821697524840723 0
5241 -1.148433382925028 1.457332230266432 0
5242 -1.097993504825535 1.556452866124156 0
5243 1.14843338292503 -1.457332230266433 0
5244 1.097993504825535 -1.556452866124157 0
5245 -2.12668688031112 0.5333791342943637 0
5246 -2.251704665231074 0.6129670061768292 0
5247 2.126686880311124 -0.5333791342943661 0
5248 2.251704665231078 -0.6129670061768306 0
5249 19.23374501555957 0.6275102402484054 0
5250 19.08177350102666 0.5398566769773198 0
5251 19.21858943034439 0.4590539914549249 0
5252 -19.23374501555956 -0.6275102402484045 0
5253 -19.08177350102665 -0.5398566769773181 0
5254 -19.21858943034436 -0.4590539914549327 0
5255 0.1441902837299451 -1.218478614810161 0
5256 0.1959517162614805 -1.247223020766782 0
5257 -0.1441902837299448 1.218478614810161 0
5258 -0.1959517162614804 1.247223020766782 0
5259 15.42813783899752 -0.3691154716773918 0
5260 15.40108071751826 -0.2267370096417978 0
5261 15.25313280631588 -0.3392581637178175 0
5262 -15.42813783899752 0.3691154716773919 0
5263 -15.40108071751827 0.2267370096417978 0
5264 -15.25313280631589 0.3392581637178175 0
5265 -19.1348798127644 -1.318585724895633 0
5266 -19.05015619280978 -1.48149549478319 0
5267 19.13487981276439 1.318585724895648 0
5268 19.05015619280979 1.481495494783197 0
5269 -0.3268377248795645 1.561444634799549 0
5270 -0.3926200291112406 1.521628040665276 0
5271 -0.3352774976850933 1.461867385319599 0
5272 0.3268377248795646 -1.56144463479955 0
5273 0.3926200291112407 -1.521628040665276 0
5274 0.3352774976850935 -1.461867385319599 0
5275 12.02287676020874 -0.3651956338067055 0
5276 11.94152162268519 -0.2123229873890251 0
5277 -12.02287676020873 0.3651956338067054 0
5278 -11.94152162268519 0.212322987389025 0
5279 -1.164360843951587 1.31082897713815 0
5280 1.164360843951588 -1.310828977138151 0
5281 14.35502788777856 -1.877767685744667 0
5282 -14.35502788777856 1.877767685744668 0
5283 -13.8181041032222 -0.04205719952454937 0
5284 -13.91777511943123 0.07903160463423439 0
5285 13.8181041032222 0.04205719952454938 0
5286 13.91777511943123 -0.07903160463423442 0
5287 -7.554147063513325 1.87968669588704 0
5288 -7.496802421434859 1.789316212114193 0
5289 -7.40534192507028 1.909629516227154 0
5290 7.554147063513325 -1.87968669588704 0
5291 7.496802421434857 -1.789316212114193 0
5292 7.40534192507028 -1.909629516227153 0
5293 3.031551931358114 0.1898860144833049 0
5294 2.858031562891254 0.2198487715924423 0
5295 -3.031551931358107 -0.1898860144832992 0
5296 -2.85803156289125 -0.2198487715924359 0
5297 -1.953081144146784 1.206991846782379 0
5298 -1.854123501368796 1.167094216297248 0
5299 -1.867744309622442 1.274091811929521 0
5300 1.953081144146788 -1.20699184678238 0
5301 1.8541235013688 -1.167094216297249 0
5302 1.867744309622446 -1.274091811929522 0
5303 -14.96828849060717 -0.4160434172337029 0
5304 -15.12796504088362 -0.4788868009006917 0
5305 -15.03834917827169 -0.5656279682070012 0
5306 14.96828849060717 0.4160434172337028 0
5307 15.12796504088363 0.478886800900692 0
5308 15.03834917827169 0.5656279682070012 0
5309 -4.223433989251772 1.462770843814479 0
5310 -4.348119283956755 1.496141087742587 0
5311 -4.344630997546321 1.335055612980396 0
5312 4.223433989251776 -1.462770843814482 0
5313 4.348119283956758 -1.496141087742593 0
5314 4.344630997546324 -1.335055612980402 0
5315 12.04972975485412 -0.04063989712155519 0
5316 12.15100014853325 -0.05014161951541968 0
5317 12.10776885299875 0.1001471564480146 0
5318 -12.04972975485412 0.0406398971215552 0
5319 -12.15100014853325 0.05014161951541968 0
5320 -12.10776885299875 -0.1001471564480146 0
5321 12.28920838742099 0.02024156528088845 0
5322 12.23116928927637 -0.1205454882886813 0
5323 -12.28920838742099 -0.02024156528088845 0
5324 -12.23116928927637 0.1205454882886813 0
5325 -15.90242882714326 -1.40310387987487 0
5326 -16.01492851176076 -1.546347554531115 0
5327 -15.87420979811732 -1.55833729523659 0
5328 15.90242882714326 1.40310387987487 0
5329 16.01492851176076 1.546347554531115 0
5330 15.87420979811732 1.55833729523659 0
5331 -8.827460574126848 -1.895138287622786 0
5332 -8.793853956240506 -1.708003688393817 0
5333 -8.921617262723901 -1.812865400771031 0
5334 8.827460574126851 1.895138287622787 0
5335 8.793853956240515 1.708003688393819 0
5336 8.921617262723903 1.812865400771032 0
5337 -14.58472358126879 -0.5302394153693027 0
5338 -14.74572126128042 -0.4527473059922302 0
5339 14.58472358126879 0.5302394153693031 0
5340 14.74572126128042 0.4527473059922303 0
5341 15.51045465029695 -1.319220236114996 0
5342 15.43203004233865 -1.405504917186728 0
5343 15.58392034474164 -1.448672326446007 0
5344 -15.51045465029696 1.319220236114996 0
5345 -15.43203004233866 1.405504917186729 0
5346 -15.58392034474164 1.448672326446007 0
5347 15.38347510047688 -1.546681631844099 0
5348 15.31000940603219 -1.417229541513088 0
5349 -15.38347510047688 1.546681631844099 0
5350 -15.31000940603219 1.417229541513088 0
5351 15.66022657406352 -0.7135996228970147 0
5352 15.55354154695248 -0.8248156316604092 0
5353 -15.66022657406352 0.7135996228970146 0
5354 -15.55354154695247 0.8248156316604092 0
5355 7.019478786167525 0.4584879468543286 0
5356 7.145097283209409 0.5108639235999126 0
5357 -7.019478786167522 -0.4584879468543294 0
5358 -7.145097283209404 -0.5108639235999132 0
5359 -17.43715782075377 0.6306179506543403 0
5360 17.43715782075376 -0.6306179506543402 0
5361 4.613953709507349 -1.168177357148267 0
5362 4.778282967323655 -1.135175968580814 0
5363 -4.613953709507344 1.168177357148266 0
5364 -4.778282967323651 1.135175968580813 0
5365 -4.512919726390522 1.487736438216736 0
5366 -4.391722718095972 1.615451669050819 0
5367 4.512919726390525 -1.487736438216742 0
5368 4.391722718095977 -1.615451669050821 0
5369 -14.30826993069734 0.1260636549088384 0
5370 -14.16484576133971 0.02145606449455963 0
5371 14.30826993069733 -0.1260636549088383 0
5372 14.16484576133971 -0.02145606449455964 0
5373 -14.37856684802488 -0.02146157057386837 0
5374 -14.42023442102897 0.1549718322485731 0
5375 14.37856684802488 0.02146157057386837 0
5376 14.42023442102897 -0.1549718322485731 0
5377 0.4748598741087014 1.627813688044471 0
5378 0.6186393533798078 1.577037913720883 0
5379 -0.4748598741087017 -1.627813688044472 0
5380 -0.6186393533798079 -1.577037913720883 0
5381 12.14337454630359 -1.170408942876002 0
5382 12.20617918417917 -1.099950722125714 0
5383 12.11791080046069 -1.028440239158486 0
5384 -12.14337454630359 1.170408942876002 0
5385 -12.20617918417918 1.099950722125714 0
5386 -12.11791080046068 1.028440239158485 0
5387 -12.04426497514345 -1.313216336235462 0
5388 -11.88150838381165 -1.253659808788141 0
5389 -11.97624797245854 -1.183081937524615 0
5390 12.04426497514345 1.313216336235462 0
5391 11.88150838381165 1.253659808788141 0
5392 11.97624797245854 1.183081937524615 0
5393 -19.84211422411249 -0.503227543721704 0
5394 -19.8421142241125 -0.3603704008641648 0
5395 19.8421142241125 0.503227543721698 0
5396 19.8421142241125 0.3603704008641586 0
5397 1.142912857144107 0.9358593901121547 0
5398 1.144513903509912 0.8637548627163988 0
5399 -1.142912857144107 -0.9358593901121544 0
5400 -1.144513903509912 -0.8637548627163985 0
5401 10.21321287462804 -0.5853085289202798 0
5402 10.2985074626846 -0.7185009616825546 0
5403 10.38380205074665 -0.5853085289250727 0
5404 -10.21321287462804 0.58530852892028 0
5405 -10.29850746268461 0.7185009616825548 0
5406 -10.38380205074665 0.5853085289250728 0
5407 10.38380205073893 -0.8620350653834771 0
5408 10.21321287462032 -0.8620350653786842 0
5409 -10.38380205073892 0.8620350653834772 0
5410 -10.21321287462032 0.8620350653786844 0
5411 6.208107681449459 0.9446432755955261 0
5412 6.209040332824277 1.104497330929616 0
5413 6.090866671404654 0.9850588999154881 0
5414 -6.208107681449457 -0.9446432755955205 0
5415 -6.209040332824277 -1.104497330929611 0
5416 -6.090866671404653 -0.9850588999154828 0
5417 5.196879002275986 -0.1827926632382941 0
5418 5.242828922988011 -0.3028993946931768 0
5419 5.374402802289091 -0.2061670287448064 0
5420 -5.196879002275978 0.1827926632382911 0
5421 -5.242828922988004 0.3028993946931746 0
5422 -5.374402802289083 0.2061670287448048 0
5423 0.9163479307575966 -1.057360636118996 0
5424 -0.9163479307575964 1.057360636118996 0
5425 -0.8495598989873785 -0.8527975782230022 0
5426 0.8495598989873785 0.8527975782230022 0
5427 10.04308526188047 -1.164158841274418 0
5428 10.113081298803 -1.103518595441143 0
5429 10.01764032609687 -1.026400641345963 0
5430 -10.04308526188047 1.164158841274418 0
5431 -10.113081298803 1.103518595441143 0
5432 -10.01764032609686 1.026400641345963 0
5433 -8.367857204108347 -0.5073269669445549 0
5434 8.367857204108347 0.5073269669445527 0
5435 -14.82860541290274 -1.097559020865569 0
5436 -14.86754452971828 -0.9700218203308457 0
5437 -14.98217410670558 -1.029427738309684 0
5438 14.82860541290273 1.097559020865569 0
5439 14.86754452971828 0.9700218203308457 0
5440 14.98217410670558 1.029427738309684 0
5441 15.70843873600032 -0.5984685705686174 0
5442 15.52865467846771 -0.6107522154587556 0
5443 -15.70843873600032 0.5984685705686175 0
5444 -15.52865467846771 0.6107522154587557 0
5445 1.170914551599785 0.1885460788778434 0
5446 1.117967308644334 0.2262524813680792 0
5447 -1.170914551599786 -0.1885460788778434 0
5448 -1.117967308644335 -0.2262524813680792 0
5449 10.19307191284701 -0.9856647822961471 0
5450 10.21851684863062 -1.123422982224603 0
5451 -10.19307191284702 0.9856647822961471 0
5452 -10.21851684863062 1.123422982224602 0
5453 -14.73190209495553 -0.9188116032994191 0
5454 -14.88547078875839 -0.8506803207435349 0
5455 14.73190209495554 0.9188116032994196 0
5456 14.88547078875838 0.8506803207435347 0
5457 -1.81067769141953 0.8570633120792066 0
5458 -1.891676805364683 0.7807319245917977 0
5459 1.810677691419533 -0.8570633120792088 0
5460 1.891676805364686 -0.7807319245918005 0
5461 4.097241180166622 -0.880695281563322 0
5462 3.9532883372784 -0.8447366408283291 0
5463 3.991188074281404 -0.9573450407997748 0
5464 -4.097241180166618 0.8806952815633247 0
5465 -3.953288337278396 0.844736640828332 0
5466 -3.991188074281402 0.9573450407997764 0
5467 0.2913347768102223 1.794386633217113 0
5468 0.1433676733268771 1.762087897797754 0
5469 -0.2913347768102228 -1.794386633217113 0
5470 -0.1433676733268775 -1.762087897797754 0
5471 2.141746511352689 1.038650447560087 0
5472 2.072188721226297 0.9232112357266069 0
5473 2.19585559079461 0.9367420593340663 0
5474 -2.141746511352689 -1.038650447560087 0
5475 -2.072188721226297 -0.9232112357266071 0
5476 -2.195855590794611 -0.9367420593340658 0
5477 1.642388949577889 0.06225353463911817 0
5478 1.652803134270433 -0.02396101277957371 0
5479 -1.642388949577887 -0.06225353463911766 0
5480 -1.652803134270431 0.02396101277957387 0
5481 -12.84082066632233 -0.8690753616258977 0
5482 12.84082066632233 0.8690753616258977 0
5483 -0.8937583323227152 1.877883973756296 0
5484 -0.7433245095860623 1.777797733855322 0
5485 -0.7450885652995314 1.899913760099026 0
5486 0.8937583323227147 -1.877883973756297 0
5487 0.7433245095860616 -1.777797733855323 0
5488 0.745088565299531 -1.899913760099026 0
5489 13.19032421129323 -0.7774171184749488 0
5490 13.35841926951442 -0.8182815424000217 0
5491 -13.19032421129323 0.7774171184749488 0
5492 -13.35841926951442 0.818281542400022 0
5493 12.28438756990973 -0.9817755937439911 0
5494 12.30985131575263 -1.123744297461508 0
5495 -12.28438756990973 0.981775593743991 0
5496 -12.30985131575263 1.123744297461508 0
5497 0.3637072767110909 1.863557355406072 0
5498 0.5129610080545584 1.863557355406072 0
5499 -0.3637072767110911 -1.863557355406072 0
5500 -0.5129610080545586 -1.863557355406072 0
5501 -4.908749042966133 -0.6630733432601669 0
5502 -4.754485828268221 -0.6618470100128874 0
5503 -4.868707154284767 -0.5377776754852198 0
5504 4.90874904296614 0.6630733432601692 0
5505 4.75448582826823 0.6618470100128908 0
5506 4.868707154284776 0.5377776754852217 0
5507 0.1046002209636489 -1.186780108943778 0
5508 0.1090744173639265 -1.260424718597958 0
5509 -0.1046002209636488 1.186780108943778 0
5510 -0.1090744173639262 1.260424718597958 0
5511 2.60386179821534 1.382510902244743 0
5512 2.57876925414414 1.544622089686703 0
5513 -2.603861798215344 -1.382510902244741 0
5514 -2.578769254144143 -1.544622089686702 0
5515 -17.17560893181705 -1.360765482448347 0
5516 -17.03978522358706 -1.263361885651305 0
5517 17.17560893181704 1.360765482448346 0
5518 17.03978522358706 1.263361885651305 0
5519 -13.95154308487233 0.1863477796702807 0
5520 -13.95299506236085 0.3832721467814106 0
5521 13.95154308487234 -0.1863477796702807 0
5522 13.95299506236085 -0.3832721467814106 0
5523 1.57448163803065 0.1055979803919298 0
5524 -1.574481638030648 -0.1055979803919296 0
5525 -7.689433618662521 -0.06267335695050019 0
5526 -7.74112121295256 0.105226703017632 0
5527 -7.836622751786813 0.005900659194897184 0
5528 7.689433618662524 0.06267335695049873 0
5529 7.741121212952561 -0.105226703017634 0
5530 7.836622751786813 -0.005900659194897448 0
5531 1.420917008514219 -1.177402288791225 0
5532 1.51864106353788 -1.210708269154374 0
5533 -1.420917008514218 1.177402288791224 0
5534 -1.518641063537878 1.210708269154373 0
5535 6.772374178977612 1.869516641278227 0
5536 6.854715161825744 1.764084706867787 0
5537 6.948012624659111 1.894568065589559 0
5538 -6.772374178977612 -1.869516641278227 0
5539 -6.854715161825745 -1.764084706867783 0
5540 -6.948012624659109 -1.894568065589557 0
5541 14.45555036748798 -0.773848491820968 0
5542 14.33370248673308 -0.8617971550357482 0
5543 -14.45555036748798 0.7738484918209683 0
5544 -14.33370248673308 0.8617971550357485 0
5545 17.44790139458756 -1.275206341402462 0
5546 -17.44790139458756 1.275206341402462 0
5547 -19.15109908015148 0.2324078340256192 0
5548 -19.08881773539678 0.324866632253167 0
5549 -19.23926512523828 0.3488148686407505 0
5550 19.15109908015151 -0.2324078340256146 0
5551 19.08881773539679 -0.3248666322531467 0
5552 19.23926512523828 -0.3488148686407276 0
5553 -17.58253923321701 -0.2202056877086707 0
5554 -17.62580840215944 -0.3738655171434787 0
5555 17.58253923321701 0.220205687708664 0
5556 17.62580840215943 0.373865517143473 0
5557 -1.252503040195955 1.418152833737441 0
5558 1.252503040195955 -1.418152833737441 0
5559 -5.334148307333393 -1.23182498015083 0
5560 -5.485283072029036 -1.145347611862084 0
5561 -5.422061125840679 -1.315786452781932 0
5562 5.334148307333398 1.231824980150832 0
5563 5.485283072029043 1.145347611862088 0
5564 5.422061125840682 1.315786452781935 0
5565 5.754433432617569 -1.242205544869351 0
5566 -5.754433432617564 1.242205544869354 0
5567 -19.48994041896118 -1.269802157537233 0
5568 -19.52306633280206 -1.377672432697406 0
5569 -19.36644379625471 -1.393584560872474 0
5570 19.48994041896118 1.269802157537242 0
5571 19.52306633280208 1.377672432697431 0
5572 19.36644379625471 1.393584560872489 0
5573 13.49111296528598 -1.877742731528675 0
5574 13.39175760140148 -1.764634693776794 0
5575 13.33348045700293 -1.88689196224812 0
5576 -13.49111296528599 1.877742731528676 0
5577 -13.39175760140148 1.764634693776795 0
5578 -13.33348045700293 1.88689196224812 0
5579 4.919039688739768 -1.870633516454429 0
5580 -4.919039688739769 1.870633516454431 0
5581 -17.92593179195569 -1.888874822149089 0
5582 17.92593179195568 1.888874822149088 0
5583 -1.029138622999088 -0.1848192499716645 0
5584 -1.02147941290043 -0.223324699379482 0
5585 1.029138622999088 0.1848192499716645 0
5586 1.02147941290043 0.223324699379482 0
5587 -0.06748362739498247 -1.499857557260523 0
5588 0.01205303800810024 -1.447772772596635 0
5589 0.06748362739498205 1.499857557260523 0
5590 -0.01205303800810046 1.447772772596634 0
5591 -5.995055722298759 -0.9306734916507218 0
5592 -5.841131825689121 -0.9416223293158583 0
5593 -5.936010123420195 -0.836153682246529 0
5594 5.995055722298765 0.9306734916507271 0
5595 5.841131825689129 0.941622329315862 0
5596 5.9360101234202 0.8361536822465327 0
5597 -15.837286385274 -1.269575042299638 0
5598 -15.97800509891743 -1.257585301594163 0
5599 15.83728638527398 1.269575042299637 0
5600 15.97800509891743 1.257585301594162 0
5601 -0.4691023780144657 1.577577516687217 0
5602 -0.4775421508199947 1.478000267207267 0
5603 0.4691023780144652 -1.577577516687218 0
5604 0.4775421508199941 -1.478000267207268 0
5605 -1.394167582085173 -0.003082987372829409 0
5606 -1.478786878537002 0.01620237528621054 0
5607 -1.465346354758144 -0.03496355120910366 0
5608 1.394167582085173 0.003082987372829474 0
5609 1.478786878537003 -0.01620237528621035 0
5610 1.465346354758144 0.03496355120910379 0
5611 6.059829678170003 1.836246868506149 0
5612 6.209083409512807 1.836246868506149 0
5613 -6.059829678170003 -1.836246868506148 0
5614 -6.209083409512807 -1.836246868506148 0
5615 4.925846043115598 -1.720299380274311 0
5616 4.782925757342162 -1.84966586381988 0
5617 -4.925846043115593 1.720299380274311 0
5618 -4.782925757342163 1.849665863819881 0
5619 2.435241014321393 1.585009179454822 0
5620 2.291812439739406 1.672084809534639 0
5621 -2.435241014321397 -1.585009179454821 0
5622 -2.291812439739411 -1.672084809534639 0
5623 2.808039352083451 1.181337377464631 0
5624 -2.808039352083454 -1.181337377464628 0
5625 -12.1889575781434 -0.5249713538896366 0
5626 -12.09497870816031 -0.6171146965694616 0
5627 12.1889575781434 0.5249713538896366 0
5628 12.09497870816031 0.6171146965694616 0
5629 12.31678182531211 0.5937383965416645 0
5630 12.26857445716828 0.4239429518226409 0
5631 -12.31678182531211 -0.5937383965416647 0
5632 -12.26857445716828 -0.4239429518226408 0
5633 -0.9876459481856283 -0.3433189108498191 0
5634 -0.9740574562937788 -0.3801521298448727 0
5635 0.9876459481856283 0.3433189108498191 0
5636 0.9740574562937788 0.3801521298448727 0
5637 3.309271826858827 0.9069300675038527 0
5638 3.462731402822156 0.9424079277051663 0
5639 3.394866394685073 1.041797542634404 0
5640 -3.309271826858827 -0.9069300675038446 0
5641 -3.462731402822152 -0.9424079277051595 0
5642 -3.394866394685075 -1.041797542634398 0
5643 -16.26180244999967 -1.682129027448745 0
5644 -16.12285780437256 -1.631645805397413 0
5645 16.26180244999968 1.682129027448745 0
5646 16.12285780437257 1.631645805397414 0
5647 -12.05722986732918 -1.098612630702422 0
5648 -11.89447327599739 -1.0390561032551 0
5649 12.05722986732918 1.098612630702422 0
5650 11.89447327599739 1.0390561032551 0
5651 15.72430494757084 -1.090569310125702 0
5652 15.62276134516707 -1.243540253155718 0
5653 -15.72430494757084 1.090569310125702 0
5654 -15.62276134516706 1.243540253155718 0
5655 -3.738358718839797 -0.1402291130089688 0
5656 -3.669282177583613 -0.2811190169258809 0
5657 -3.594630542062475 -0.1747047746171893 0
5658 3.738358718839803 0.140229113008972 0
5659 3.669282177583619 0.281119016925886 0
5660 3.594630542062482 0.1747047746171934 0
5661 -3.616215491416897 -0.378899693586739 0
5662 -3.759943668194218 -0.3444240319785186 0
5663 3.616215491416903 0.3788996935867448 0
5664 3.759943668194223 0.3444240319785233 0
5665 0.05738580298578695 -1.161529088603676 0
5666 -0.000211669848942015 -1.139384043403789 0
5667 -0.05738580298578681 1.161529088603677 0
5668 0.0002116698489420636 1.139384043403789 0
5669 1.838698662430928 -0.07596225189480339 0
5670 -1.838698662430926 0.07596225189480427 0
5671 3.977209944833616 1.099452778622782 0
5672 4.102719239067267 1.198364598885223 0
5673 -3.977209944833612 -1.099452778622782 0
5674 -4.102719239067262 -1.198364598885225 0
5675 -7.389106483407845 -1.245315039743108 0
5676 -7.43773066728312 -1.137201117794955 0
5677 7.389106483407842 1.245315039743113 0
5678 7.43773066728312 1.13720111779496 0
5679 2.441123704121417 0.2115045549919679 0
5680 2.376641659725077 0.07308858123296263 0
5681 2.475967752031674 0.1182003758533897 0
5682 -2.441123704121414 -0.2115045549919668 0
5683 -2.376641659725073 -0.0730885812329643 0
5684 -2.475967752031671 -0.1182003758533903 0
5685 -5.810521143477183 -0.740537197349209 0
5686 -5.964445040086821 -0.7295883596840727 0
5687 5.81052114347719 0.740537197349211 0
5688 5.964445040086826 0.7295883596840761 0
5689 11.19939392047232 -0.639193906801748 0
5690 11.11782078701085 -0.7375247860084734 0
5691 11.26474272416984 -0.8165614777681597 0
5692 -11.19939392047232 0.639193906801748 0
5693 -11.11782078701085 0.7375247860084732 0
5694 -11.26474272416984 0.8165614777681595 0
5695 -18.93887108061791 -1.653242717880795 0
5696 -18.76476602921658 -1.595459070024365 0
5697 18.93887108061791 1.653242717880775 0
5698 18.7647660292166 1.595459070024366 0
5699 1.07144516535787 0.3912373533721893 0
5700 1.096919587287047 0.4511209940477996 0
5701 -1.07144516535787 -0.3912373533721896 0
5702 -1.096919587287047 -0.4511209940477998 0
5703 -3.353602437619088 0.003035522559105976 0
5704 -3.31569590857768 -0.1524065780250546 0
5705 -3.215190948500551 -0.1109457736543518 0
5706 3.353602437619094 -0.003035522559104644 0
5707 3.315695908577688 0.1524065780250569 0
5708 3.215190948500558 0.110945773654356 0
5709 -17.90787174109916 -0.8642633407297322 0
5710 17.90787174109916 0.8642633407297324 0
5711 4.212704209854565 1.816458942828975 0
5712 4.340733488310811 1.712025380472544 0
5713 4.307133756096739 1.895566437643569 0
5714 -4.212704209854562 -1.816458942828976 0
5715 -4.340733488310806 -1.712025380472545 0
5716 -4.307133756096737 -1.895566437643568 0
5717 18.69254817254178 -0.8135416848312456 0
5718 18.54808753161443 -0.9139559683019237 0
5719 -18.69254817254179 0.813541684831246 0
5720 -18.54808753161445 0.9139559683019243 0
5721 -19.50626850821975 -1.534590054478647 0
5722 -19.62976513092623 -1.410807651143406 0
5723 19.50626850821978 1.534590054478664 0
5724 19.62976513092624 1.410807651143417 0
5725 0.5644036400518395 -0.8800226408826954 0
5726 0.5970469838402941 -0.8582110558930873 0
5727 -0.5644036400518393 0.8800226408826954 0
5728 -0.5970469838402939 0.8582110558930871 0
5729 -7.373322532998243 0.6820236611543055 0
5730 -7.363787279298629 0.5575275927645669 0
5731 -7.199744486810088 0.6261746804318239 0
5732 7.373322532998241 -0.6820236611543056 0
5733 7.363787279298629 -0.5575275927645651 0
5734 7.199744486810087 -0.6261746804318222 0
5735 11.05630996360947 -0.8918784456269057 0
5736 10.99096115991195 -0.7145108746604941 0
5737 -11.05630996360947 0.8918784456269055 0
5738 -10.99096115991195 0.7145108746604942 0
5739 19.28968736657233 0.01436025602458034 0
5740 19.3919243533572 0.1301859008633983 0
5741 -19.28968736657229 -0.01436025602458615 0
5742 -19.39192435335717 -0.1301859008634023 0
5743 -1.06020368926862 -1.242876486493778 0
5744 1.06020368926862 1.242876486493778 0
5745 0.7115357583182469 -1.409394620061071 0
5746 -0.7115357583182468 1.409394620061071 0
5747 5.984347530112234 -1.75064098377011 0
5748 6.041608074129891 -1.581386492339607 0
5749 -5.984347530112229 1.750640983770106 0
5750 -6.041608074129885 1.581386492339607 0
5751 7.517367728946301 -1.672259594305374 0
5752 7.671666975933176 -1.634345434925595 0
5753 -7.517367728946301 1.672259594305374 0
5754 -7.671666975933176 1.634345434925595 0
5755 -0.9953560624924795 -0.6341142816670406 0
5756 0.9953560624924795 0.6341142816670406 0
5757 -8.241505994596968 -0.4292300708492245 0
5758 8.24150599459697 0.4292300708492222 0
5759 19.36880614499727 -1.383062046464167 0
5760 19.51622842093247 -1.369211747784872 0
5761 19.4843584206677 -1.266633483120458 0
5762 -19.36880614499728 1.383062046464167 0
5763 -19.51622842093246 1.36921174778487 0
5764 -19.48435842066772 1.266633483120458 0
5765 6.896412882437917 0.5296333852079972 0
5766 6.91122482333732 0.3642675518409766 0
5767 -6.896412882437915 -0.5296333852079973 0
5768 -6.911224823337317 -0.3642675518409779 0
5769 5.337761279354507 -0.4284753490651304 0
5770 5.160237479341395 -0.4051009835586175 0
5771 -5.337761279354496 0.4284753490651287 0
5772 -5.16023747934139 0.405100983558615 0
5773 1.0362912677378 -0.329080102146623 0
5774 0.9966186413637125 -0.2955146100648448 0
5775 -1.0362912677378 0.329080102146623 0
5776 -0.9966186413637125 0.2955146100648448 0
5777 -8.678206842784045 -1.895138287622787 0
5778 8.678206842784046 1.895138287622787 0
5779 -16.8947994796264 -1.411103657860571 0
5780 -17.04243650571729 -1.510144889902291 0
5781 16.89479947962641 1.411103657860571 0
5782 17.04243650571729 1.510144889902291 0
5783 -1.432032935355193 -1.112196562999638 0
5784 -1.400621202110075 -1.211147626144515 0
5785 1.432032935355192 1.112196562999638 0
5786 1.400621202110075 1.211147626144515 0
5787 -0.6800032338608808 -1.033359139981637 0
5788 -0.7040166221789133 -0.9692734166512433 0
5789 -0.7307032676504435 -1.021439237456975 0
5790 0.680003233860881 1.033359139981638 0
5791 0.7040166221789135 0.9692734166512433 0
5792 0.7307032676504437 1.021439237456975 0
5793 14.06769698242103 -1.871537395675017 0
5794 13.9799327599079 -1.703409077850513 0
5795 -14.06769698242102 1.871537395675017 0
5796 -13.9799327599079 1.703409077850513 0
5797 -7.368562590503256 1.702202414645488 0
5798 7.368562590503256 -1.702202414645488 0
5799 -1.558434502095991 0.5918482328509953 0
5800 -1.632642013966283 0.5385375530445492 0
5801 -1.536899238582813 0.496625450340214 0
5802 1.558434502095992 -0.5918482328509961 0
5803 1.632642013966285 -0.5385375530445502 0
5804 1.536899238582814 -0.4966254503402145 0
5805 19.33719876629653 -1.851940687001604 0
5806 19.18794503495307 -1.851940687001605 0
5807 -19.33719876629654 1.851940687001604 0
5808 -19.18794503495305 1.851940687001603 0
5809 15.09820472349685 -0.2839768887775015 0
5810 15.1252618449761 -0.4263553508130956 0
5811 -15.09820472349686 0.2839768887775015 0
5812 -15.1252618449761 0.4263553508130955 0
5813 19.5088101317903 -1.156952804091337 0
5814 19.36138785585515 -1.170803102770635 0
5815 -19.50881013179032 1.156952804091338 0
5816 -19.36138785585515 1.170803102770634 0
5817 -19.35957872469633 -1.173418354724918 0
5818 -19.51620126124367 -1.15750622654985 0
5819 19.35957872469634 1.173418354724928 0
5820 19.51620126124368 1.15750622654987 0
5821 2.508899344266964 -0.0127803813957809 0
5822 2.573381388663304 0.1256355923632244 0
5823 -2.508899344266962 0.0127803813957792 0
5824 -2.5733813886633 -0.1256355923632231 0
5825 3.883595037268114 -1.033922176887177 0
5826 -3.88359503726811 1.033922176887178 0
5827 -4.279912446458653 0.4878560030014414 0
5828 -4.367071957025469 0.3183783211811477 0
5829 4.279912446458653 -0.487856003001439 0
5830 4.367071957025474 -0.3183783211811462 0
5831 0.9470915962858113 -0.4198833136950155 0
5832 1.000352714551865 -0.4166155867816053 0
5833 -0.9470915962858113 0.4198833136950155 0
5834 -1.000352714551865 0.4166155867816054 0
5835 15.17626651448573 -0.9752223918173142 0
5836 15.24644269614602 -1.054467285233703 0
5837 15.33273047103517 -0.9255851841915173 0
5838 -15.17626651448572 0.9752223918173142 0
5839 -15.24644269614603 1.054467285233703 0
5840 -15.33273047103517 0.925585184191517 0
5841 1.629662629761096 1.410902583107122 0
5842 1.60665187209556 1.507776078747075 0
5843 -1.629662629761096 -1.410902583107121 0
5844 -1.606651872095559 -1.507776078747074 0
5845 -5.33812621915957 -1.54166131885006 0
5846 -5.283451842560786 -1.716716493202485 0
5847 5.338126219159577 1.54166131885006 0
5848 5.283451842560792 1.716716493202485 0
5849 -4.386888845193186 0.6117854073467692 0
5850 -4.212665132673643 0.631209959873708 0
5851 4.386888845193192 -0.6117854073467659 0
5852 4.212665132673644 -0.6312099598737042 0
5853 -8.300102527570889 -1.318019456610042 0
5854 8.300102527570882 1.318019456610047 0
5855 -7.339010177177183 -1.403242966153005 0
5856 7.33901017717718 1.403242966153007 0
5857 0.4197507142766148 -0.9578073690769635 0
5858 0.4554042479639823 -0.9413708649155474 0
5859 -0.4197507142766146 0.9578073690769635 0
5860 -0.4554042479639822 0.9413708649155473 0
5861 7.752428675126367 0.8345938689339993 0
5862 7.650525650385508 0.9376027776309632 0
5863 -7.752428675126364 -0.8345938689339987 0
5864 -7.650525650385505 -0.9376027776309611 0
5865 19.48319385841319 -0.9992988854018836 0
5866 19.60616442322575 -1.095129265751707 0
5867 -19.4831938584132 0.9992988854018838 0
5868 -19.60616442322575 1.095129265751707 0
5869 -19.61946532286869 -1.088537565855173 0
5870 -19.48910362860382 -0.9921537630428564 0
5871 19.61946532286869 1.088537565855182 0
5872 19.48910362860384 0.9921537630428675 0
5873 19.11331816928131 -1.756674242498098 0
5874 19.02985074626743 -1.904733555496493 0
5875 -19.11331816928131 1.756674242498098 0
5876 -19.02985074626744 1.904733555496494 0
5877 -6.07616040305171 -1.254349951413039 0
5878 -5.933582538837427 -1.329099193292421 0
5879 -5.949221458565189 -1.219662197128955 0
5880 6.076160403051712 1.254349951413043 0
5881 5.933582538837431 1.329099193292424 0
5882 5.949221458565193 1.21966219712896 0
5883 4.889899634798649 -1.22310267388614 0
5884 4.917341134148323 -1.086550713078278 0
5885 -4.889899634798646 1.223102673886139 0
5886 -4.91734113414832 1.086550713078278 0
5887 4.995180898212875 -1.334044458811384 0
5888 4.856122731388208 -1.38266971431392 0
5889 -4.995180898212868 1.334044458811384 0
5890 -4.856122731388199 1.382669714313919 0
5891 0.6548751780709274 1.913560977425458 0
5892 -0.6548751780709271 -1.913560977425458 0
5893 6.230076910566783 0.8312789412050042 0
5894 6.348250571986407 0.9507173722191324 0
5895 -6.230076910566781 -0.8312789412049935 0
5896 -6.348250571986405 -0.9507173722191214 0
5897 18.294577693946 -1.875546686717211 0
5898 18.20267340130513 -1.745168326574319 0
5899 18.11705093123752 -1.869621639857109 0
5900 -18.294577693946 1.875546686717211 0
5901 -18.20267340130512 1.745168326574319 0
5902 -18.11705093123751 1.869621639857108 0
5903 16.28166299732472 0.0610808104242653 0
5904 16.2033296477649 -0.04292695432931089 0
5905 -16.28166299732472 -0.06108081042426525 0
5906 -16.2033296477649 0.04292695432931089 0
5907 -5.99598837367358 -1.090527546984812 0
5908 5.995988373673581 1.090527546984817 0
5909 1.248847276877519 0.1418005020992388 0
5910 1.292611133364081 0.18943914513941 0
5911 1.220247247800238 0.1854298729644621 0
5912 -1.248847276877518 -0.1418005020992389 0
5913 -1.29261113336408 -0.1894391451394101 0
5914 -1.220247247800237 -0.1854298729644623 0
5915 -14.61229768391972 0.5337416135112769 0
5916 -14.53713321166118 0.6855682902701195 0
5917 -14.64960411894306 0.7191371964234763 0
5918 14.61229768391972 -0.5337416135112768 0
5919 14.53713321166118 -0.6855682902701195 0
5920 14.64960411894306 -0.7191371964234763 0
5921 19.6175295291394 -1.42568874102571 0
5922 19.50197725346898 -1.542117304369419 0
5923 -19.6175295291394 1.42568874102571 0
5924 -19.50197725346898 1.542117304369419 0
5925 -16.93291087158215 -1.045141684043958 0
5926 -17.01338181458517 -0.9491986070115478 0
5927 -17.11998535209404 -1.048433819911673 0
5928 16.93291087158215 1.045141684043958 0
5929 17.01338181458518 0.949198607011548 0
5930 17.11998535209404 1.048433819911673 0
5931 -17.10277474426202 -0.8530043515866111 0
5932 -16.91570026375013 -0.849712215718896 0
5933 17.10277474426202 0.853004351586611 0
5934 16.91570026375013 0.8497122157188961 0
5935 -13.34847014652516 -1.87288356301846 0
5936 -13.42816825720192 -1.745803638164383 0
5937 -13.51253393157116 -1.872920075145924 0
5938 13.34847014652515 1.872883563018459 0
5939 13.42816825720193 1.745803638164384 0
5940 13.51253393157117 1.872920075145925 0
5941 -2.374925240988717 -1.129193231550931 0
5942 -2.336411930362337 -1.275455649126368 0
5943 -2.226900070294623 -1.198443688742983 0
5944 2.374925240988714 1.129193231550931 0
5945 2.336411930362334 1.275455649126368 0
5946 2.226900070294621 1.198443688742983 0
5947 1.494631883756963 -0.6174367299055123 0
5948 1.590374659140434 -0.6593488326098482 0
5949 -1.494631883756962 0.6174367299055121 0
5950 -1.590374659140432 0.6593488326098473 0
5951 7.847389467499644 0.7151390185492481 0
5952 7.877995642792302 0.8918434235335921 0
5953 -7.847389467499635 -0.7151390185492488 0
5954 -7.877995642792298 -0.8918434235335918 0
5955 -19.07388430268546 0.4476627245755533 0
5956 -18.98571825759868 0.331255689960422 0
5957 19.07388430268549 -0.447662724575532 0
5958 18.98571825759869 -0.3312556899604184 0
5959 4.619089343243749 -0.4704912317991436 0
5960 4.545793987592941 -0.6075403316435016 0
5961 4.710747171858488 -0.6096001129681436 0
5962 -4.619089343243746 0.4704912317991438 0
5963 -4.545793987592936 0.6075403316435029 0
5964 -4.710747171858482 0.6096001129681439 0
5965 1.540058732172126 -0.7517011781049722 0
5966 1.603861350511155 -0.7261126810504558 0
5967 -1.540058732172124 0.7517011781049718 0
5968 -1.603861350511153 0.726112681050455 0
5969 16.58937402603096 -0.458954390625073 0
5970 16.47986290889672 -0.3591991473013011 0
5971 -16.58937402603096 0.458954390625073 0
5972 -16.47986290889673 0.3591991473013012 0
5973 3.28216475723732 -1.728236124456846 0
5974 3.243651758082622 -1.597618524009029 0
5975 -3.282164757237318 1.728236124456846 0
5976 -3.243651758082617 1.597618524009029 0
5977 -2.045750006481505 1.230912731971531 0
5978 -2.032129198227859 1.123915136339257 0
5979 2.04575000648151 -1.230912731971532 0
5980 2.032129198227864 -1.123915136339259 0
5981 -12.10027985354441 -1.686055279097721 0
5982 -11.95702457890282 -1.620412849689157 0
5983 12.1002798535444 1.686055279097721 0
5984 11.95702457890281 1.620412849689157 0
5985 12.10123159249372 -1.686192943960983 0
5986 -12.10123159249372 1.686192943960983 0
5987 10.01163263167291 -1.686129849852566 0
5988 -10.01163263167291 1.686129849852565 0
5989 17.88985605780416 -1.65844889631223 0
5990 18.01504345643171 -1.56789669833226 0
5991 17.87975287563921 -1.487102314930272 0
5992 -17.88985605780416 1.65844889631223 0
5993 -18.0150434564317 1.567896698332259 0
5994 -17.87975287563922 1.487102314930272 0
5995 -2.359964275870426 0.6013999228825907 0
5996 -2.315533099376678 0.4758726008099232 0
5997 2.359964275870431 -0.6013999228825916 0
5998 2.315533099376681 -0.4758726008099244 0
5999 -15.23739885496953 -0.2059603236608837 0
6000 -15.34211613688847 -0.1372403801251082 0
6001 -15.40573179285927 -0.2675330333147422 0
6002 15.23739885496952 0.2059603236608837 0
6003 15.34211613688847 0.1372403801251081 0
6004 15.40573179285927 0.267533033314742 0
6005 -3.575397069763855 -0.9474013308172807 0
6006 -3.489802501937608 -0.8125338556867268 0
6007 3.57539706976386 0.9474013308172868 0
6008 3.489802501937616 0.8125338556867354 0
6009 -15.7144754760037 -1.854636182949817 0
6010 -15.79738245617966 -1.705426667896234 0
6011 15.7144754760037 1.854636182949817 0
6012 15.79738245617966 1.705426667896235 0
6013 -16.91321789872736 -1.879287883843104 0
6014 -17.02987117324107 -1.818971452723027 0
6015 16.91321789872736 1.879287883843103 0
6016 17.02987117324107 1.818971452723027 0
6017 4.456387487439544 1.895566437643568 0
6018 -4.456387487439541 -1.895566437643568 0
6019 -11.76144570162721 -0.5216724621665578 0
6020 -11.67872501501194 -0.3761757968290865 0
6021 11.76144570162722 0.5216724621665579 0
6022 11.67872501501194 0.3761757968290865 0
6023 16.17291236028578 -0.997167498405032 0
6024 16.04899108036418 -1.083766063554462 0
6025 -16.17291236028578 0.9971674984050316 0
6026 -16.04899108036418 1.083766063554463 0
6027 -3.816713898354755 -1.044207763941598 0
6028 3.816713898354759 1.044207763941599 0
6029 -0.4322600114957444 1.053826094620119 0
6030 -0.4092914043496615 1.001456224624801 0
6031 -0.3847334196548708 1.063547113603272 0
6032 0.4322600114957446 -1.053826094620119 0
6033 0.4092914043496616 -1.001456224624801 0
6034 0.384733419654871 -1.063547113603272 0
6035 1.110137697661054 0.003429527071176976 0
6036 1.146570655414061 -0.01078866507605798 0
6037 1.151577465441037 0.04111528435043477 0
6038 -1.110137697661054 -0.003429527071176764 0
6039 -1.146570655414061 0.0107886650760584 0
6040 -1.151577465441037 -0.04111528435043421 0
6041 8.485186095109476 0.9813772512163048 0
6042 8.637272028637161 1.021787498453704 0
6043 8.564321663914317 1.13995903071606 0
6044 -8.485186095109476 -0.981377251216305 0
6045 -8.637272028637156 -1.021787498453705 0
6046 -8.564321663914312 -1.139959030716058 0
6047 8.767666904370191 1.043900647647859 0
6048 8.688531335565351 0.8853188681481042 0
6049 -8.767666904370184 -1.04390064764786 0
6050 -8.688531335565349 -0.885318868148107 0
6051 -1.503335086598482 -0.08698108118770613 0
6052 -1.418715790146654 -0.1062664438467461 0
6053 1.503335086598484 0.08698108118770631 0
6054 1.418715790146654 0.1062664438467461 0
6055 0.04364856617794109 1.127890250153787 0
6056 0.08531840613537955 1.076190423657122 0
6057 0.08738043102926617 1.132736295835135 0
6058 -0.04364856617794105 -1.127890250153787 0
6059 -0.08531840613537953 -1.076190423657122 0
6060 -0.08738043102926613 -1.132736295835135 0
6061 -1.957795502199359 -0.2056378594494983 0
6062 -1.888287814012898 -0.2849079341249838 0
6063 1.957795502199361 0.2056378594494995 0
6064 1.8882878140129 0.2849079341249849 0
6065 16.08716326688211 0.02441514844693971 0
6066 16.12836280540349 -0.1500521414466862 0
6067 -16.08716326688211 -0.02441514844693971 0
6068 -16.12836280540349 0.1500521414466861 0
6069 -8.081275689980842 -1.236480213130877 0
6070 -8.093389825843815 -1.072964451687306 0
6071 -8.189002192031021 -1.14162499597436 0
6072 8.08127568998084 1.236480213130876 0
6073 8.093389825843815 1.072964451687306 0
6074 8.189002192031019 1.141624995974358 0
6075 1.744231679942619 -0.5410607041980035 0
6076 -1.744231679942616 0.5410607041980019 0
6077 3.208955223859926 -1.892654404733938 0
6078 -3.208955223859924 1.892654404733938 0
6079 11.42335434079585 -0.8039991994115352 0
6080 11.58891513037275 -0.7561179853614324 0
6081 -11.42335434079584 0.8039991994115352 0
6082 -11.58891513037275 0.7561179853614325 0
6083 -12.31534310824831 -0.8282141001513691 0
6084 -12.41446427040927 -0.7185995070830697 0
6085 -12.49264243237035 -0.8520468086257791 0
6086 12.31534310824832 0.8282141001513694 0
6087 12.41446427040926 0.7185995070830697 0
6088 12.49264243237035 0.8520468086257791 0
6089 12.49408114943413 0.617571105016074 0
6090 -12.49408114943414 -0.617571105016074 0
6091 12.30989945400031 -0.5948650462790579 0
6092 12.38805970148927 -0.7254494451589211 0
6093 12.47713190470957 -0.594865046281287 0
6094 -12.30989945400031 0.5948650462790579 0
6095 -12.38805970148928 0.7254494451589213 0
6096 -12.47713190470958 0.594865046281287 0
6097 12.47167592684086 -0.8655093071204674 0
6098 12.30444347613159 -0.8655093071182383 0
6099 -12.47167592684086 0.8655093071204675 0
6100 -12.3044434761316 0.8655093071182384 0
6101 17.0196605494215 -1.200568071772011 0
6102 16.90206051014199 -1.275888626090622 0
6103 -17.0196605494215 1.200568071772011 0
6104 -16.90206051014199 1.275888626090622 0
6105 16.42442946621323 -1.131380449074183 0
6106 16.51311371194748 -1.016757596082888 0
6107 16.32123424895511 -0.9964635148033878 0
6108 -16.42442946621323 1.131380449074183 0
6109 -16.51311371194747 1.016757596082888 0
6110 -16.32123424895511 0.9964635148033878 0
6111 1.220760352549193 0.09876033403916179 0
6112 1.293124238113036 0.1027696062141096 0
6113 -1.220760352549193 -0.09876033403916171 0
6114 -1.293124238113036 -0.1027696062141096 0
6115 15.47842432340465 0.07729477158403691 0
6116 15.31009138551491 0.01572206193017856 0
6117 -15.47842432340465 -0.07729477158403691 0
6118 -15.31009138551492 -0.01572206193017856 0
6119 3.623528877433452 0.5226357205553138 0
6120 -3.623528877433444 -0.5226357205553073 0
6121 1.503874803325635 -0.4118991616268161 0
6122 1.429667291455341 -0.4652098414332619 0
6123 -1.503874803325634 0.4118991616268156 0
6124 -1.429667291455341 0.4652098414332616 0
6125 18.90373740177605 -1.491883190491167 0
6126 18.75079292141029 -1.545820691080109 0
6127 18.83269057663789 -1.630858992664766 0
6128 -18.90373740177605 1.491883190491167 0
6129 -18.75079292141026 1.545820691080107 0
6130 -18.8326905766379 1.630858992664767 0
6131 1.47983541499084 -0.328835091894607 0
6132 -1.47983541499084 0.3288350918946069 0
6133 -17.14128965450787 -1.708645878068336 0
6134 -17.12634385439745 -1.889674425345308 0
6135 17.14128965450788 1.708645878068336 0
6136 17.12634385439745 1.889674425345309 0
6137 -5.853410509459296 -1.165276788864194 0
6138 5.853410509459305 1.165276788864199 0
6139 0.01476070656270497 -1.875808438373293 0
6140 0.1244738648904265 -1.9010510997164 0
6141 0.1392345714777518 -1.776859538089693 0
6142 -0.01476070656270491 1.875808438373293 0
6143 -0.1244738648904265 1.9010510997164 0
6144 -0.1392345714777517 1.776859538089693 0
6145 7.35497200782615 -1.457538456705084 0
6146 7.187083218041838 -1.404127759111021 0
6147 -7.35497200782615 1.457538456705085 0
6148 -7.187083218041838 1.404127759111021 0
6149 -2.310677699313196 0.3808995567808798 0
6150 -2.202418088673845 0.3924666400751183 0
6151 2.310677699313201 -0.3808995567808808 0
6152 2.202418088673848 -0.3924666400751198 0
6153 -0.595834833956064 1.899913760099026 0
6154 0.5958348339560636 -1.899913760099026 0
6155 4.681888547215324 0.8754375604087484 0
6156 4.764200498949092 0.9538939837367675 0
6157 4.651561329214821 1.042188866357677 0
6158 -4.681888547215316 -0.8754375604087451 0
6159 -4.764200498949087 -0.9538939837367643 0
6160 -4.651561329214816 -1.042188866357675 0
6161 -4.876532959885327 -0.8948309004375106 0
6162 -4.846205741884829 -1.061582206386441 0
6163 4.876532959885337 0.8948309004375147 0
6164 4.846205741884837 1.061582206386444 0
6165 -14.98615817223824 -1.855374728766229 0
6166 -15.13541190358146 -1.855374728766228 0
6167 14.98615817223824 1.855374728766228 0
6168 15.13541190358145 1.855374728766228 0
6169 -1.840157934011184 1.064281096172088 0
6170 -1.754821099486843 1.13138106131923 0
6171 1.840157934011188 -1.06428109617209 0
6172 1.754821099486846 -1.131381061319232 0
6173 10.29273614725478 0.3755157123837884 0
6174 10.41043147548606 0.2702238763228207 0
6175 10.43610991952358 0.3974927484795665 0
6176 -10.29273614725478 -0.3755157123837884 0
6177 -10.41043147548606 -0.2702238763228207 0
6178 -10.43610991952358 -0.3974927484795664 0
6179 -4.783175318487421 -0.4121334756449466 0
6180 4.783175318487428 0.4121334756449476 0
6181 -6.442494039558738 -1.67200385649386 0
6182 -6.281837651767775 -1.732821414958915 0
6183 6.442494039558738 1.67200385649386 0
6184 6.281837651767774 1.732821414958915 0
6185 1.280089779119931 0.7356173417986172 0
6186 1.272581947415801 0.7905686622043993 0
6187 1.198100493854263 0.7301244237954849 0
6188 -1.280089779119931 -0.7356173417986163 0
6189 -1.2725819474158 -0.7905686622043981 0
6190 -1.198100493854263 -0.7301244237954845 0
6191 16.12595091288125 -1.214365038401708 0
6192 -16.12595091288125 1.214365038401708 0
6193 14.41824393246465 -0.588452908908769 0
6194 -14.41824393246464 0.5884529089087689 0
6195 -0.2865300826392477 1.18281242337272 0
6196 -0.3168850051203013 1.120998321672011 0
6197 0.2865300826392478 -1.18281242337272 0
6198 0.3168850051203014 -1.120998321672011 0
6199 -0.7422547058647369 -1.422132049890222 0
6200 0.7422547058647371 1.422132049890222 0
6201 6.955160831874983 1.684296746927908 0
6202 6.779522386193484 1.659245322616576 0
6203 -6.955160831874982 -1.684296746927907 0
6204 -6.779522386193485 -1.659245322616577 0
6205 -2.493063995289325 0.5831065557709717 0
6206 2.493063995289329 -0.583106555770972 0
6207 -3.489830699251255 -0.1770099801728492 0
6208 3.489830699251261 0.1770099801728519 0
6209 -15.14486301473684 -1.229478739188977 0
6210 -15.30394282594308 -1.256277877195229 0
6211 -15.24606512003325 -1.352298600551093 0
6212 15.14486301473684 1.229478739188977 0
6213 15.30394282594307 1.256277877195228 0
6214 15.24606512003324 1.352298600551093 0
6215 -7.458294541890767 1.326286102867517 0
6216 7.458294541890767 -1.326286102867518 0
6217 -7.884349087106331 -1.089558971381082 0
6218 -7.900248575933425 -1.281711017478388 0
6219 7.884349087106331 1.089558971381084 0
6220 7.900248575933424 1.281711017478389 0
6221 7.320215212934124 -1.021622957881803 0
6222 7.224925481264593 -0.9350882645238345 0
6223 7.166299344850446 -1.035867794327574 0
6224 -7.320215212934124 1.021622957881799 0
6225 -7.224925481264595 0.9350882645238299 0
6226 -7.166299344850446 1.035867794327572 0
6227 0.6902713875095453 -0.9726386371240336 0
6228 0.7190841388127041 -1.031059753841167 0
6229 -0.6902713875095452 0.9726386371240332 0
6230 -0.7190841388127039 1.031059753841166 0
6231 -14.50800017532526 0.2794198533072927 0
6232 -14.57829709265279 0.131894627824586 0
6233 14.50800017532526 -0.2794198533072928 0
6234 14.57829709265279 -0.1318946278245859 0
6235 1.091022613793287 0.08764391749795233 0
6236 1.145813949500853 0.09656235321098036 0
6237 -1.091022613793286 -0.08764391749795214 0
6238 -1.145813949500853 -0.09656235321098018 0
6239 18.03077388594005 0.3177435895792515 0
6240 17.95746359312664 0.1576679097090189 0
6241 -18.03077388594004 -0.3177435895792698 0
6242 -17.95746359312664 -0.1576679097090331 0
6243 -1.677384371050426 1.19619977054109 0
6244 -1.663418803692814 1.093386650415931 0
6245 1.677384371050428 -1.196199770541092 0
6246 1.663418803692816 -1.093386650415932 0
6247 3.338162699322096 0.6962245193033989 0
6248 3.224804525686387 0.7796661297099541 0
6249 3.185830390012573 0.6683501964387379 0
6250 -3.338162699322092 -0.6962245193033897 0
6251 -3.224804525686384 -0.779666129709946 0
6252 -3.185830390012568 -0.6683501964387291 0
6253 18.09682868640965 -1.474795753847369 0
6254 18.10693186857461 -1.646142335229328 0
6255 -18.09682868640966 1.47479575384737 0
6256 -18.1069318685746 1.646142335229328 0
6257 3.795518774131113 1.886323490302929 0
6258 3.843211410076878 1.766150786712965 0
6259 3.928289650900248 1.879827296410037 0
6260 -3.795518774131113 -1.886323490302929 0
6261 -3.843211410076876 -1.766150786712964 0
6262 -3.928289650900247 -1.879827296410037 0
6263 -15.21003876925315 -1.775514984728561 0
6264 -15.29850746268084 -1.920140255962334 0
6265 15.21003876925314 1.775514984728561 0
6266 15.29850746268083 1.920140255962334 0
6267 -0.0925016693518055 1.119582984815879 0
6268 0.09250166935180557 -1.119582984815879 0
6269 -17.45374461746051 -0.06572983191438761 0
6270 -17.57144560537132 -0.02417661148009512 0
6271 -17.61190219615306 -0.1308028370644013 0
6272 17.45374461746052 0.06572983191438586 0
6273 17.57144560537131 0.02417661148007985 0
6274 17.61190219615307 0.1308028370643856 0
6275 16.9209473150798 -1.855232813412759 0
6276 16.77169358373634 -1.855232813412759 0
6277 -16.92094731507981 1.855232813412759 0
6278 -16.77169358373635 1.85523281341276 0
6279 -15.17945943207972 -0.3327776133889556 0
6280 15.17945943207972 0.3327776133889556 0
6281 -17.50664795453318 0.1090291382797822 0
6282 -17.35170716934261 0.172920942613186 0
6283 17.50664795453317 -0.1090291382797828 0
6284 17.35170716934261 -0.1729209426131866 0
6285 -13.79959174989769 -0.7462796354250616 0
6286 13.7995917498977 0.7462796354250616 0
6287 -0.6926657846934821 -0.775507849928443 0
6288 -0.7075816047258093 -0.8286048011698469 0
6289 0.6926657846934821 0.775507849928443 0
6290 0.7075816047258094 0.828604801169847 0
6291 -4.227391224288901 0.8742215228769025 0
6292 4.227391224288903 -0.8742215228768988 0
6293 1.162251482862039 1.639362946958934 0
6294 1.043906544604441 1.649277760846079 0
6295 -1.162251482862039 -1.639362946958933 0
6296 -1.043906544604441 -1.649277760846079 0
6297 -2.808944353357017 1.115226306709361 0
6298 -2.777221604750252 1.235052436482148 0
6299 -2.929993996456996 1.187611834169583 0
6300 2.808944353357022 -1.115226306709362 0
6301 2.777221604750257 -1.235052436482149 0
6302 2.929993996457 -1.187611834169584 0
6303 -8.655464643166965 -0.5673850189482448 0
6304 -8.666682183834629 -0.7583887113959553 0
6305 8.655464643166967 0.5673850189482429 0
6306 8.666682183834631 0.7583887113959531 0
6307 1.712940880095305 -1.745709146839318 0
6308 1.811340384417844 -1.81466388307826 0
6309 1.868438573212609 -1.729792584807825 0
6310 -1.712940880095302 1.745709146839319 0
6311 -1.811340384417842 1.814663883078261 0
6312 -1.868438573212606 1.729792584807825 0
6313 -8.243934656026294 -0.1857843108107306 0
6314 -8.15122788515696 -0.3074343805930539 0
6315 -8.112163581709019 -0.1682141495359151 0
6316 8.243934656026296 0.1857843108107293 0
6317 8.151227885156962 0.3074343805930518 0
6318 8.112163581709021 0.1682141495359135 0
6319 -0.3879881561357201 1.33775460460789 0
6320 -0.3331497674523883 1.391483939558576 0
6321 0.38798815613572 -1.33775460460789 0
6322 0.3331497674523886 -1.391483939558577 0
6323 17.79416233526359 -1.114960415753126 0
6324 17.73444951668926 -0.9877067514316757 0
6325 -17.79416233526359 1.114960415753127 0
6326 -17.73444951668926 0.9877067514316757 0
6327 8.656932548092488 1.482559188516232 0
6328 8.586017294287277 1.374133724928202 0
6329 -8.656932548092481 -1.48255918851623 0
6330 -8.586017294287277 -1.374133724928195 0
6331 -2.719531495515208 -0.9987477251424898 0
6332 -2.663441382300817 -0.8529603711210862 0
6333 -2.809210062086167 -0.8992896022581982 0
6334 2.719531495515203 0.9987477251424927 0
6335 2.663441382300814 0.8529603711210898 0
6336 2.809210062086163 0.8992896022582028 0
6337 -2.691734119792783 0.2823245365818557 0
6338 -2.775733274082398 0.4268981767166156 0
6339 2.691734119792789 -0.2823245365818558 0
6340 2.775733274082404 -0.4268981767166148 0
6341 7.394612198446304 1.852652659690202 0
6342 7.469239064117703 1.772025506100848 0
6343 7.537313432853591 1.919372846410647 0
6344 -7.394612198446305 -1.852652659690202 0
6345 -7.469239064117704 -1.772025506100849 0
6346 -7.537313432853592 -1.919372846410647 0
6347 19.35545642019971 1.737852616575917 0
6348 19.45766202907903 1.878461997602617 0
6349 -19.35545642019972 -1.737852616575919 0
6350 -19.45766202907905 -1.878461997602616 0
6351 18.90188516425143 0.3543462742312878 0
6352 18.96633241200753 0.4670214165878287 0
6353 18.80159966044748 0.4499672626352772 0
6354 -18.90188516425142 -0.3543462742312932 0
6355 -18.96633241200754 -0.4670214165878303 0
6356 -18.80159966044748 -0.4499672626352769 0
6357 7.875555909559965 -0.6573537060020231 0
6358 8.030802607062832 -0.7296909013394273 0
6359 7.969589663979739 -0.581262152799211 0
6360 -7.875555909559967 0.6573537060020227 0
6361 -8.030802607062832 0.7296909013394269 0
6362 -7.969589663979738 0.5812621527992108 0
6363 5.035221935947245 0.6589645491619034 0
6364 4.921000609930697 0.7830338836895725 0
6365 -5.035221935947238 -0.6589645491619021 0
6366 -4.921000609930689 -0.7830338836895694 0
6367 1.249594232634916 -0.4889207374169399 0
6368 1.200720230967578 -0.5216262823274441 0
6369 -1.249594232634916 0.4889207374169394 0
6370 -1.200720230967578 0.5216262823274439 0
6371 3.215611976742255 1.878930549702821 0
6372 3.285459888650835 1.756490200248378 0
6373 -3.215611976742254 -1.878930549702821 0
6374 -3.285459888650835 -1.756490200248379 0
6375 2.272326926018746 -0.125490049179477 0
6376 2.283388849569936 -0.2538020326528014 0
6377 -2.272326926018742 0.1254900491794761 0
6378 -2.283388849569932 0.2538020326528001 0
6379 3.070658850289532 0.6248861096479675 0
6380 3.184017023925242 0.5414444992414125 0
6381 -3.070658850289527 -0.6248861096479605 0
6382 -3.184017023925236 -0.5414444992414043 0
6383 -6.972028463615392 1.875887986830394 0
6384 -6.938401748878649 1.691966175454646 0
6385 6.972028463615393 -1.875887986830393 0
6386 6.938401748878647 -1.691966175454644 0
6387 0.6612695264608233 -0.9201050731573679 0
6388 0.63531057643828 -0.9599386813768445 0
6389 -0.6612695264608233 0.9201050731573677 0
6390 -0.6353105764382796 0.959938681376844 0
6391 -3.885151153797419 0.3387210543234073 0
6392 -3.980874562611293 0.4920572176889481 0
6393 3.885151153797424 -0.3387210543234056 0
6394 3.980874562611296 -0.4920572176889458 0
6395 1.219148816096653 -0.7559985090853959 0
6396 1.22649212214564 -0.6881759203799824 0
6397 1.161467854671586 -0.7010749043434286 0
6398 -1.219148816096652 0.7559985090853958 0
6399 -1.22649212214564 0.6881759203799827 0
6400 -1.161467854671586 0.7010749043434287 0
6401 -10.31075776812574 -0.7590728939808912 0
6402 10.31075776812574 0.7590728939808913 0
6403 10.39877612956813 0.6318595950463766 0
6404 10.23039622984991 0.629997883475049 0
6405 -10.39877612956813 -0.6318595950463766 0
6406 -10.23039622984991 -0.6299978834750489 0
6407 15.74795965342307 -1.882013003147006 0
6408 15.59870592207961 -1.882013003147006 0
6409 -15.74795965342308 1.882013003147006 0
6410 -15.59870592207961 1.882013003147006 0
6411 -1.138471417134695 -0.4851049928658663 0
6412 -1.206178478201952 -0.521828378232935 0
6413 -1.142891285001154 -0.5341114940446967 0
6414 1.138471417134696 0.4851049928658669 0
6415 1.206178478201953 0.5218283782329359 0
6416 1.142891285001155 0.534111494044697 0
6417 -17.66480553322572 0.04395613312976858 0
6418 17.66480553322571 -0.04395613312978314 0
6419 7.394745879991232 0.4507010643274264 0
6420 7.523692094726028 0.3758622419724063 0
6421 -7.394745879991227 -0.4507010643274282 0
6422 -7.523692094726023 -0.375862241972408 0
6423 16.67475431504794 -1.662455503075965 0
6424 16.72801706803569 -1.558604308306865 0
6425 16.57580212605465 -1.510594184557311 0
6426 -16.67475431504794 1.662455503075965 0
6427 -16.72801706803568 1.558604308306864 0
6428 -16.57580212605465 1.510594184557311 0
6429 0.6375876351314238 0.8839798710037857 0
6430 0.5918404170803684 0.8551884341498819 0
6431 -0.6375876351314237 -0.8839798710037856 0
6432 -0.5918404170803684 -0.8551884341498819 0
6433 8.732562593521418 1.298869286003848 0
6434 8.569862298207862 1.255633716877813 0
6435 -8.732562593521411 -1.298869286003847 0
6436 -8.569862298207861 -1.255633716877806 0
6437 2.071319935959435 1.582889518743748 0
6438 2.080469356593375 1.444454938903226 0
6439 -2.071319935959439 -1.582889518743748 0
6440 -2.080469356593379 -1.444454938903226 0
6441 -2.187468534139799 -1.7230217082926 0
6442 -2.056945923604244 -1.787512840634143 0
6443 -2.039565307864808 -1.686066398341007 0
6444 2.187468534139795 1.7230217082926 0
6445 2.056945923604242 1.787512840634143 0
6446 2.039565307864805 1.686066398341008 0
6447 -2.396503860272764 0.337207993387605 0
6448 2.396503860272769 -0.337207993387606 0
6449 8.656364274984373 -1.740279049372413 0
6450 8.580825677748646 -1.869135156666121 0
6451 -8.656364274984371 1.740279049372413 0
6452 -8.580825677748647 1.869135156666121 0
6453 -14.02570199608339 -1.702237134450642 0
6454 -14.1003288617548 -1.869029677820596 0
6455 14.02570199608339 1.702237134450643 0
6456 14.1003288617548 1.869029677820596 0
6457 -12.76507490152454 -1.868175225910252 0
6458 -12.84025634067936 -1.703710048676456 0
6459 12.76507490152454 1.868175225910251 0
6460 12.84025634067936 1.703710048676456 0
6461 10.74500657140509 -1.739755262360158 0
6462 10.66946797416982 -1.868611369653479 0
6463 -10.7450065714051 1.739755262360159 0
6464 -10.66946797416982 1.868611369653479 0
6465 -10.67301809094353 -1.869173760530489 0
6466 -10.74764495661494 -1.702381217160527 0
6467 10.67301809094353 1.869173760530489 0
6468 10.74764495661494 1.702381217160527 0
6469 12.84998903771227 -1.691744917607648 0
6470 12.76122453119182 -1.861752748974768 0
6471 -12.84998903771227 1.691744917607648 0
6472 -12.76122453119182 1.861752748974769 0
6473 -7.70340079485679 1.87968669588704 0
6474 7.70340079485679 -1.87968669588704 0
6475 -4.95708907968247 -1.138404166263768 0
6476 -5.054252440154425 -1.069987537708685 0
6477 -5.052803317015819 -1.205872580885265 0
6478 4.957089079682472 1.13840416626377 0
6479 5.054252440154428 1.069987537708688 0
6480 5.052803317015822 1.205872580885267 0
6481 -1.51833787994102 0.206641986531642 0
6482 -1.444836220724188 0.19022239882958 0
6483 -1.489526314566687 0.2607670433672888 0
6484 1.51833787994102 -0.2066419865316418 0
6485 1.444836220724189 -0.1902223988295799 0
6486 1.489526314566687 -0.2607670433672886 0
6487 15.42852838409983 -0.488628894441885 0
6488 15.57647629530221 -0.3761077403658654 0
6489 -15.42852838409983 0.4886288944418851 0
6490 -15.57647629530221 0.3761077403658654 0
6491 -0.592390843759385 1.057934054749512 0
6492 -0.5357041364894071 1.042671250424112 0
6493 0.5923908437593852 -1.057934054749513 0
6494 0.5357041364894074 -1.042671250424112 0
6495 17.28766967468795 -1.669151076068616 0
6496 17.34611649028054 -1.567820564893063 0
6497 -17.28766967468794 1.669151076068616 0
6498 -17.34611649028055 1.567820564893063 0
6499 -1.003325575141662 -1.102844636284456 0
6500 -1.080750619100402 -1.065140240535708 0
6501 1.003325575141662 1.102844636284456 0
6502 1.080750619100402 1.065140240535708 0
6503 -5.210446519316406 -1.26985988670043 0
6504 -5.273668465504763 -1.099421045780582 0
6505 5.210446519316409 1.269859886700432 0
6506 5.27366846550477 1.099421045780585 0
6507 2.055258164085958 1.342691306101661 0
6508 1.947340761011093 1.442440138686466 0
6509 -2.055258164085959 -1.342691306101661 0
6510 -1.947340761011095 -1.442440138686466 0
6511 -2.157340377175293 -1.126648460600116 0
6512 -2.033673507606979 -1.113117636992657 0
6513 2.157340377175292 1.126648460600116 0
6514 2.033673507606979 1.113117636992656 0
6515 1.999297468081208 1.875278765341275 0
6516 2.147200694356198 1.912234075292868 0
6517 -1.999297468081209 -1.875278765341275 0
6518 -2.147200694356199 -1.912234075292867 0
6519 1.275105598183023 0.6656476058722534 0
6520 -1.275105598183022 -0.6656476058722527 0
6521 19.86639159593388 -0.03539897420575421 0
6522 -19.86639159593389 0.0353989742057642 0
6523 1.605321963326112 1.29799937245812 0
6524 1.729820930676666 1.375892084075659 0
6525 -1.605321963326113 -1.297999372458119 0
6526 -1.729820930676666 -1.375892084075658 0
6527 -17.57221553393696 -1.73967961004671 0
6528 -17.6573268454514 -1.873922366537738 0
6529 17.57221553393696 1.73967961004671 0
6530 17.6573268454514 1.873922366537737 0
6531 7.294060544928986 -0.8357570884498129 0
6532 7.458103337417528 -0.7671100007825558 0
6533 -7.294060544928987 0.8357570884498092 0
6534 -7.458103337417529 0.7671100007825522 0
6535 1.026522524444832 0.5138857746288902 0
6536 0.9762025550690173 0.4915021172777487 0
6537 -1.026522524444832 -0.5138857746288901 0
6538 -0.9762025550690174 -0.4915021172777488 0
6539 -13.78003909923014 0.398907726475881 0
6540 -13.89303715683248 0.5027661908194525 0
6541 13.78003909923014 -0.398907726475881 0
6542 13.89303715683248 -0.5027661908194524 0
6543 13.65607163948759 -0.3859372045663893 0
6544 13.71602954501596 -0.2664431605283474 0
6545 -13.65607163948759 0.3859372045663894 0
6546 -13.71602954501596 0.2664431605283474 0
6547 -14.93999782999745 0.237245695299457 0
6548 -15.06786879133723 0.150148508204179 0
6549 14.93999782999745 -0.2372456952994571 0
6550 15.06786879133723 -0.1501485082041789 0
6551 -4.057695634089884 -0.7804184452053156 0
6552 -4.134518904109254 -0.9186203522283094 0
6553 4.057695634089892 0.7804184452053182 0
6554 4.134518904109258 0.9186203522283107 0
6555 -19.0605460687538 -1.618570836051236 0
6556 -19.07689886873157 -1.753453119776164 0
6557 19.0605460687538 1.618570836051235 0
6558 19.07689886873155 1.753453119776139 0
6559 17.08626402061661 -1.916436211795877 0
6560 16.99228596256577 -1.771669025208637 0
6561 -17.0862640206166 1.916436211795877 0
6562 -16.99228596256577 1.771669025208637 0
6563 -11.87681511952329 -1.527212823751439 0
6564 -12.02973484587608 -1.476994233436706 0
6565 11.87681511952329 1.527212823751439 0
6566 12.02973484587609 1.476994233436706 0
6567 -11.84368211234353 -1.36044287117331 0
6568 -11.77097184537028 -1.503861487425761 0
6569 11.84368211234353 1.36044287117331 0
6570 11.77097184537028 1.503861487425761 0
6571 16.43404756274414 -1.509716104148513 0
6572 16.31251187601466 -1.5683527829161 0
6573 16.40100368633744 -1.673082058094 0
6574 -16.43404756274414 1.509716104148513 0
6575 -16.31251187601467 1.5683527829161 0
6576 -16.40100368633742 1.673082058093998 0
6577 16.18240622424133 -1.636755391536123 0
6578 16.21545010064804 -1.473389437590637 0
6579 -16.18240622424132 1.636755391536123 0
6580 -16.21545010064804 1.473389437590637 0
6581 8.854405650275972 1.268970479064742 0
6582 8.883424280403752 1.127573961899222 0
6583 9.021422333237723 1.216175163010505 0
6584 -8.854405650275968 -1.268970479064742 0
6585 -8.883424280403746 -1.127573961899222 0
6586 -9.021422333237719 -1.216175163010505 0
6587 8.934683587331941 0.991105331593622 0
6588 -8.934683587331934 -0.9911053315936244 0
6589 -15.92939083560131 -0.9632425158009452 0
6590 -15.78157773113486 -1.03678242969107 0
6591 15.92939083560131 0.9632425158009451 0
6592 15.78157773113487 1.03678242969107 0
6593 5.428102573828564 0.5784861760450373 0
6594 5.311781738584631 0.5589607308517019 0
6595 5.411298546957585 0.4258355947845483 0
6596 -5.428102573828555 -0.5784861760450366 0
6597 -5.31178173858462 -0.5589607308517014 0
6598 -5.411298546957577 -0.4258355947845488 0
6599 13.45746674659367 -1.664060913783246 0
6600 -13.45746674659368 1.664060913783246 0
6601 15.38073550029472 -1.140441452231812 0
6602 15.22427154374528 -1.190078659857609 0
6603 -15.38073550029472 1.140441452231812 0
6604 -15.22427154374528 1.190078659857609 0
6605 -9.856766073199237 -1.760382492209505 0
6606 -9.925373134338468 -1.905264099956019 0
6607 9.856766073199239 1.760382492209508 0
6608 9.925373134338468 1.905264099956019 0
6609 17.38071088738275 -1.425777866314541 0
6610 -17.38071088738274 1.425777866314541 0
6611 5.503163889861372 0.3030102101690588 0
6612 5.636043300204358 0.2644685433056083 0
6613 5.66049879254451 0.4068193731144332 0
6614 -5.503163889861364 -0.3030102101690584 0
6615 -5.636043300204352 -0.2644685433056067 0
6616 -5.6604987925445 -0.4068193731144322 0
6617 5.777034314288308 0.2126054545064208 0
6618 5.619699411605174 0.1087962915610464 0
6619 -5.777034314288302 -0.2126054545064181 0
6620 -5.619699411605167 -0.1087962915610444 0
6621 1.078967666066289 -0.08992250979969159 0
6622 1.088383763668206 -0.1512611270499919 0
6623 -1.078967666066289 0.08992250979969164 0
6624 -1.088383763668206 0.1512611270499919 0
6625 -0.6875139018697298 -1.511588004841828 0
6626 -0.7712068532478468 -1.536107207213361 0
6627 0.6875139018697298 1.511588004841828 0
6628 0.7712068532478467 1.53610720721336 0
6629 -7.825116008663958 -1.878411823084479 0
6630 -7.974369740006761 -1.878411823084479 0
6631 7.825116008663958 1.87841182308448 0
6632 7.974369740006762 1.87841182308448 0
6633 0.8985123176891243 1.498051249694181 0
6634 0.8437715136941171 1.587507204645787 0
6635 -0.8985123176891243 -1.49805124969418 0
6636 -0.8437715136941172 -1.587507204645787 0
6637 0.001850355044944577 -1.082838171225776 0
6638 -0.001850355044944539 1.082838171225776 0
6639 19.02985074626742 1.89406250080284 0
6640 -19.02985074626742 -1.89406250080286 0
6641 2.001653898885842 -1.420811819768709 0
6642 2.131421049720902 -1.420927085826811 0
6643 2.096469103235493 -1.314104708472755 0
6644 -2.001653898885839 1.420811819768709 0
6645 -2.131421049720899 1.420927085826812 0
6646 -2.09646910323549 1.314104708472756 0
6647 -1.511806718654247 0.06020957672193473 0
6648 -1.440627945981276 0.09209014055820899 0
6649 1.511806718654247 -0.06020957672193449 0
6650 1.440627945981277 -0.0920901405582088 0
6651 -5.76763188939902 1.886774244390379 0
6652 -5.697225519536481 1.771564048517281 0
6653 -5.601235421164602 1.884789804126902 0
6654 5.767631889399022 -1.886774244390382 0
6655 5.697225519536484 -1.771564048517286 0
6656 5.601235421164604 -1.884789804126904 0
6657 -12.45116999454749 -1.863709334744879 0
6658 -12.52967773189168 -1.731884560655131 0
6659 -12.61582117018173 -1.868175225910251 0
6660 12.45116999454749 1.863709334744879 0
6661 12.52967773189167 1.73188456065513 0
6662 12.61582117018173 1.868175225910251 0
6663 -10.36124427561752 -1.864849597496959 0
6664 -10.43724744117996 -1.734023358027449 0
6665 -10.52376435960073 -1.869173760530489 0
6666 10.36124427561752 1.864849597496959 0
6667 10.43724744117996 1.734023358027449 0
6668 10.52376435960073 1.869173760530489 0
6669 12.61197079984836 -1.861752748974769 0
6670 12.52672071485255 -1.726092873305271 0
6671 12.45206334783083 -1.864340124330502 0
6672 -12.61197079984836 1.861752748974769 0
6673 -12.52672071485254 1.726092873305271 0
6674 -12.45206334783082 1.864340124330502 0
6675 10.52021424282636 -1.868611369653479 0
6676 10.43496415783219 -1.732951493984355 0
6677 10.36251110902392 -1.864340124330875 0
6678 -10.52021424282636 1.868611369653479 0
6679 -10.43496415783219 1.732951493984355 0
6680 -10.36251110902392 1.864340124330876 0
6681 8.294561893277338 1.202344770448294 0
6682 8.306676029140313 1.038829009004724 0
6683 -8.29456189327734 -1.202344770448295 0
6684 -8.306676029140313 -1.038829009004723 0
6685 10.57617510604727 0.4112651844723662 0
6686 10.45847977781599 0.5165570205333339 0
6687 -10.57617510604727 -0.4112651844723662 0
6688 -10.45847977781599 -0.516557020533334 0
6689 15.47087104276407 -1.200372843896439 0
6690 -15.47087104276408 1.200372843896439 0
6691 -2.429235561143722 0.7202009611378777 0
6692 2.429235561143726 -0.7202009611378782 0
6693 -13.20739978682473 -1.167790923819467 0
6694 -13.15294798442339 -1.304949089500667 0
6695 13.20739978682472 1.167790923819467 0
6696 13.1529479844234 1.304949089500668 0
6697 -3.083145663771174 0.6888928025753086 0
6698 -3.104676290301276 0.5719664340807707 0
6699 -2.975965739811054 0.5925217069782697 0
6700 3.083145663771177 -0.6888928025753079 0
6701 3.104676290301282 -0.5719664340807707 0
6702 2.975965739811059 -0.5925217069782702 0
6703 18.29359616243406 -0.8687248441108966 0
6704 18.38550626147576 -1.013397542775011 0
6705 18.43162174289398 -0.8862787845501379 0
6706 -18.29359616243406 0.8687248441108965 0
6707 -18.38550626147573 1.013397542775011 0
6708 -18.43162174289397 0.8862787845501376 0
6709 7.140144676845308 -0.8500019248955843 0
6710 -7.14014467684531 0.850001924895583 0
6711 4.388606156975606 1.077975261508735 0
6712 4.266785186718279 1.13618467015642 0
6713 4.217223824523049 0.9829290864361995 0
6714 -4.388606156975598 -1.077975261508734 0
6715 -4.266785186718272 -1.13618467015642 0
6716 -4.217223824523044 -0.9829290864361998 0
6717 2.183401663990818 -1.509749857239983 0
6718 2.278216868340468 -1.403042745944029 0
6719 -2.183401663990816 1.509749857239984 0
6720 -2.278216868340466 1.40304274594403 0
6721 0.600075589708907 -1.441750431184643 0
6722 0.6654846683325585 -1.501593932105637 0
6723 -0.6000755897089076 1.441750431184643 0
6724 -0.665484668332559 1.501593932105636 0
6725 -0.8494362844269149 1.589306201209125 0
6726 -0.7582029876570273 1.549800439008862 0
6727 0.8494362844269145 -1.589306201209125 0
6728 0.7582029876570271 -1.549800439008863 0
6729 4.80295640023613 0.06064306174250041 0
6730 4.66060995270732 -0.02931968695653374 0
6731 4.75266647977769 -0.09700880941122637 0
6732 -4.802956400236123 -0.06064306174250114 0
6733 -4.660609952707315 0.02931968695653301 0
6734 -4.752666479777679 0.0970088094112245 0
6735 3.3432927892543 -0.5179943332255644 0
6736 3.421141826695448 -0.4236376043127654 0
6737 3.306023070668672 -0.3548819841434427 0
6738 -3.343292789254295 0.5179943332255664 0
6739 -3.421141826695444 0.4236376043127676 0
6740 -3.306023070668667 0.3548819841434449 0
6741 -6.92588426537373 1.555240389448523 0
6742 6.925884265373729 -1.555240389448522 0
6743 4.274101571519823 1.293410773957758 0
6744 -4.274101571519818 -1.293410773957759 0
6745 -1.084476020231802 -0.04820169442133113 0
6746 1.084476020231802 0.04820169442133135 0
6747 -2.852085886134058 -0.4483069482852493 0
6748 -2.971386786972443 -0.5341404602821744 0
6749 2.852085886134062 0.4483069482852557 0
6750 2.971386786972445 0.5341404602821807 0
6751 0.3913092685778122 -1.184687700814522 0
6752 0.4489468141022402 -1.242049657497597 0
6753 -0.3913092685778121 1.184687700814522 0
6754 -0.4489468141022401 1.242049657497597 0
6755 -14.36740820560272 -1.083386050953547 0
6756 -14.22383563118468 -1.106828544614337 0
6757 14.36740820560272 1.083386050953547 0
6758 14.22383563118467 1.106828544614336 0
6759 -8.041121408006239 -1.793889407842671 0
6760 -8.12645316055289 -1.915477584758192 0
6761 8.041121408006241 1.793889407842673 0
6762 8.126453160552892 1.915477584758193 0
6763 -1.159432097868649 -0.5906069442302572 0
6764 -1.091725036801392 -0.5538835588631884 0
6765 1.159432097868649 0.5906069442302575 0
6766 1.091725036801392 0.5538835588631885 0
6767 1.630687929718413 -0.8227847524378586 0
6768 -1.630687929718411 0.8227847524378573 0
6769 11.61447463610139 -0.209755579354282 0
6770 11.70136895601924 -0.1168586508464467 0
6771 -11.6144746361014 0.209755579354282 0
6772 -11.70136895601923 0.1168586508464467 0
6773 11.50492914379212 -0.2810546803673515 0
6774 -11.50492914379212 0.2810546803673515 0
6775 -5.403580639549137 -0.03729954153515585 0
6776 -5.315292005386229 -0.1813938000213491 0
6777 -5.24016424741415 -0.05803396119627201 0
6778 5.403580639549144 0.03729954153515511 0
6779 5.315292005386237 0.1813938000213486 0
6780 5.240164247414158 0.05803396119626985 0
6781 5.451981689821136 -1.884789804126904 0
6782 5.415382050341463 -1.704259216629753 0
6783 -5.451981689821133 1.884789804126902 0
6784 -5.415382050341455 1.704259216629753 0
6785 -18.81548697936783 -1.476586002759379 0
6786 -18.75412910046396 -1.3244912134708 0
6787 18.81548697936784 1.476586002759388 0
6788 18.754129100464 1.324491213470822 0
6789 18.81748498843388 -1.747131802123345 0
6790 18.97042946879966 -1.693194301534406 0
6791 -18.81748498843389 1.747131802123346 0
6792 -18.97042946879967 1.693194301534406 0
6793 -6.923049817803864 1.418125638761495 0
6794 -6.79558376473152 1.495041626561476 0
6795 6.923049817803861 -1.418125638761495 0
6796 6.795583764731514 -1.495041626561475 0
6797 -1.988394697072984 0.824100293414189 0
6798 -2.020823213173605 0.9235059489439106 0
6799 1.988394697072988 -0.8241002934141911 0
6800 2.020823213173609 -0.9235059489439124 0
6801 -0.4149141493003742 -1.532308379956021 0
6802 -0.3542474510825496 -1.476275355336872 0
6803 0.414914149300374 1.532308379956021 0
6804 0.3542474510825494 1.476275355336872 0
6805 -19.07762896635093 0.08237802506770192 0
6806 -19.22807635619242 0.1063262614552854 0
6807 19.07762896635095 -0.08237802506770614 0
6808 19.22807635619244 -0.1063262614552872 0
6809 19.04697424640818 -0.8415407457787174 0
6810 18.95772539972086 -0.7577795987929521 0
6811 -19.04697424640816 0.8415407457787208 0
6812 -18.95772539972086 0.7577795987929555 0
6813 -0.3552339791170098 -1.183601484204055 0
6814 -0.351470706412369 -1.11356288515343 0
6815 0.3552339791170097 1.183601484204055 0
6816 0.3514707064123689 1.11356288515343 0
6817 18.6064719046061 1.38448443059353 0
6818 -18.60647190460609 -1.384484430593517 0
6819 -16.47487969564078 -1.85753774581118 0
6820 -16.62413342698424 -1.85753774581118 0
6821 16.47487969564079 1.857537745811181 0
6822 16.62413342698425 1.85753774581118 0
6823 1.681555161176133 -0.1974175752522566 0
6824 1.587915777751295 -0.2087672550309531 0
6825 -1.681555161176132 0.1974175752522564 0
6826 -1.587915777751294 0.2087672550309533 0
6827 -10.90244191347099 -1.518335957180394 0
6828 -10.80216596684759 -1.601090915208856 0
6829 -10.80908549225188 -1.453011959129176 0
6830 10.90244191347099 1.518335957180395 0
6831 10.80216596684759 1.601090915208856 0
6832 10.80908549225188 1.453011959129176 0
6833 -13.96169114422283 -1.450086139914434 0
6834 -13.97179677204313 -1.593417010361282 0
6835 -13.87049138710247 -1.523084042813243 0
6836 13.96169114422283 1.450086139914434 0
6837 13.97179677204313 1.593417010361283 0
6838 13.87049138710247 1.523084042813243 0
6839 19.37688953685927 0.6727428092357878 0
6840 19.24007360754154 0.7535454947581826 0
6841 -19.37688953685927 -0.672742809235802 0
6842 -19.24007360754154 -0.7535454947581868 0
6843 -1.042573060568304 1.651559196266153 0
6844 -1.181155134912165 1.65976241700772 0
6845 1.042573060568304 -1.651559196266154 0
6846 1.181155134912165 -1.65976241700772 0
6847 8.166895792674344 -0.8295842586080251 0
6848 8.07286203825457 -0.9056758118108372 0
6849 -8.166895792674342 0.8295842586080251 0
6850 -8.072862038254572 0.9056758118108369 0
6851 4.697181279879088 -0.3297612856170234 0
6852 4.532228095613541 -0.3277015042923808 0
6853 -4.697181279879081 0.3297612856170218 0
6854 -4.532228095613535 0.3277015042923807 0
6855 -2.912796082624321 -0.7526470275410408 0
6856 2.912796082624319 0.7526470275410464 0
6857 -2.509821121348468 1.106826798254408 0
6858 -2.590857933060668 1.030230944992609 0
6859 2.509821121348473 -1.106826798254409 0
6860 2.590857933060673 -1.030230944992609 0
6861 1.581384616464522 -0.06233484522124576 0
6862 1.684222099524981 -0.1019740465508834 0
6863 -1.581384616464521 0.06233484522124601 0
6864 -1.68422209952498 0.1019740465508836 0
6865 18.45617743257276 -0.7692832696378104 0
6866 -18.45617743257275 0.7692832696378102 0
6867 -5.812733880122439 0.2880576189256386 0
6868 -5.765353351877004 0.1619876574457902 0
6869 -5.630056031781175 0.2511039306691448 0
6870 5.812733880122443 -0.2880576189256386 0
6871 5.76535335187701 -0.1619876574457899 0
6872 5.630056031781184 -0.2511039306691463 0
6873 -5.671682964612428 0.03405038321372025 0
6874 -5.854360812953692 0.07100407147021409 0
6875 5.671682964612438 -0.0340503832137193 0
6876 5.854360812953696 -0.07100407147021169 0
6877 -16.14059410906611 -1.268753459921373 0
6878 -16.07545166719683 -1.135224622346141 0
6879 16.14059410906611 1.268753459921373 0
6880 16.07545166719684 1.13522462234614 0
6881 9.034893301059922 -1.878637764521209 0
6882 8.96117816695218 -1.749781657227502 0
6883 -9.034893301059924 1.87863776452121 0
6884 -8.961178166952182 1.749781657227502 0
6885 11.12346119766831 -1.878293752526667 0
6886 11.04974606356012 -1.749437645233346 0
6887 -11.12346119766832 1.878293752526667 0
6888 -11.04974606356012 1.749437645233346 0
6889 -13.12514412299437 -1.708418385784664 0
6890 -13.19921641518234 -1.872883563018459 0
6891 13.12514412299437 1.708418385784664 0
6892 13.19921641518235 1.87288356301846 0
6893 -11.04380183281171 -1.705593205780948 0
6894 -11.11842869848311 -1.872385749150911 0
6895 11.04380183281171 1.705593205780949 0
6896 11.11842869848311 1.872385749150911 0
6897 -13.66178766291396 -1.872920075145924 0
6898 -13.73641452858536 -1.706127531775971 0
6899 13.66178766291396 1.872920075145924 0
6900 13.73641452858536 1.706127531775971 0
6901 -17.03826343998242 0.1120708113454864 0
6902 -17.10203798798917 0.2471105172875299 0
6903 -17.22635176399971 0.1699057856144099 0
6904 17.03826343998242 -0.1120708113454863 0
6905 17.10203798798916 -0.2471105172875299 0
6906 17.22635176399971 -0.1699057856144099 0
6907 17.15936014286249 -0.3769293558709343 0
6908 16.9712718188452 -0.3190943816020108 0
6909 -17.15936014286248 0.3769293558709342 0
6910 -16.9712718188452 0.3190943816020106 0
6911 -0.8820126992940405 0.6295621890708455 0
6912 -0.8547769972970525 0.5874306676077012 0
6913 0.8820126992940405 -0.6295621890708455 0
6914 0.8547769972970526 -0.5874306676077012 0
6915 -10.77692581278309 -1.352934788569236 0
6916 -10.67888803075407 -1.200335254974396 0
6917 10.77692581278309 1.352934788569236 0
6918 10.67888803075408 1.200335254974396 0
6919 7.2453584671035 1.852652659690202 0
6920 -7.2453584671035 -1.852652659690202 0
6921 -3.781365479416642 0.2921246517318143 0
6922 -3.749478265398668 0.1831982467811785 0
6923 -3.616601828503954 0.2747146697156942 0
6924 3.781365479416646 -0.2921246517318122 0
6925 3.749478265398675 -0.1831982467811763 0
6926 3.61660182850396 -0.2747146697156918 0
6927 11.91834493210824 0.05330376178923307 0
6928 11.96157622764275 -0.09698501417420119 0
6929 -11.91834493210824 -0.05330376178923307 0
6930 -11.96157622764275 0.09698501417420119 0
6931 -10.58612085203687 -1.152319664891547 0
6932 -10.378731645976 -1.122575282476188 0
6933 10.58612085203687 1.152319664891547 0
6934 10.378731645976 1.122575282476188 0
6935 -9.932369987467878 -1.184136390102487 0
6936 -9.775572152058663 -1.289695253982168 0
6937 9.932369987467876 1.184136390102487 0
6938 9.775572152058663 1.289695253982167 0
6939 16.28905287782112 -1.258036598382648 0
6940 16.48093234081349 -1.278330679662149 0
6941 -16.28905287782113 1.258036598382649 0
6942 -16.48093234081348 1.278330679662149 0
6943 -16.15107683339851 -1.476412390035694 0
6944 16.15107683339852 1.476412390035694 0
6945 0.8623893752722361 0.5864946382149667 0
6946 -0.8623893752722362 -0.5864946382149667 0
6947 -2.505050202160267 1.571030689126724 0
6948 -2.618542225392608 1.594176121671183 0
6949 -2.631101319704326 1.457909154323631 0
6950 2.505050202160271 -1.571030689126724 0
6951 2.618542225392611 -1.594176121671183 0
6952 2.631101319704329 -1.457909154323631 0
6953 3.566859223352906 1.763883140848486 0
6954 3.64626504278779 1.886323490302929 0
6955 -3.566859223352907 -1.763883140848487 0
6956 -3.64626504278779 -1.886323490302929 0
6957 1.85205737309503 -0.5614013880979979 0
6958 -1.852057373095027 0.5614013880979954 0
6959 3.221991377061928 -0.2463564954222145 0
6960 3.144142339620779 -0.3407132243350135 0
6961 -3.221991377061922 0.2463564954222179 0
6962 -3.144142339620772 0.3407132243350166 0
6963 -3.373306308840951 1.54598363638996 0
6964 -3.186956910637124 1.472438720953172 0
6965 3.373306308840957 -1.54598363638996 0
6966 3.18695691063713 -1.472438720953173 0
6967 -16.67167968392443 -1.736825629654283 0
6968 -16.64069593234725 -1.577467966492487 0
6969 16.67167968392442 1.736825629654283 0
6970 16.64069593234725 1.577467966492487 0
6971 10.99006733620054 -1.408631091995503 0
6972 10.88664149843279 -1.483730749320202 0
6973 -10.99006733620054 1.408631091995503 0
6974 -10.88664149843279 1.483730749320202 0
6975 8.876382026459664 -1.410997447640177 0
6976 8.806587432307987 -1.51752760239768 0
6977 -8.876382026459664 1.410997447640177 0
6978 -8.806587432307987 1.51752760239768 0
6979 10.97005335262094 -1.628091730454313 0
6980 10.81393399698741 -1.597926804279248 0
6981 -10.97005335262093 1.628091730454313 0
6982 -10.81393399698741 1.597926804279248 0
6983 8.884626437710399 -1.635799956861877 0
6984 8.729754606965528 -1.624015430948387 0
6985 -8.8846264377104 1.635799956861877 0
6986 -8.729754606965528 1.624015430948387 0
6987 5.011681984657821 -1.617439266074012 0
6988 5.130669522091647 -1.566275162122431 0
6989 -5.011681984657812 1.617439266074013 0
6990 -5.130669522091637 1.566275162122432 0
6991 -17.27187680360666 -1.034534850556137 0
6992 17.27187680360665 1.034534850556136 0
6993 5.272238764082089 -1.509905884105819 0
6994 5.102973236792879 -1.437242221222552 0
6995 -5.272238764082083 1.509905884105822 0
6996 -5.102973236792872 1.437242221222554 0
6997 -18.98219876788232 -0.2473975018948638 0
6998 -19.02619293117252 -0.08354906155425669 0
6999 18.98219876788232 0.24739750189485 0
7000 19.02619293117254 0.08354906155424102 0
7001 0.02264362568498703 -1.047165982237889 0
7002 0.06187317354901833 -1.045624649104601 0
7003 -0.02264362568498701 1.047165982237889 0
7004 -0.0618731735490183 1.045624649104601 0
7005 18.42908490299298 1.432671107780392 0
7006 18.25123935513587 1.403448664454307 0
7007 18.32664258325951 1.304934846498069 0
7008 -18.42908490299298 -1.432671107780385 0
7009 -18.25123935513586 -1.403448664454307 0
7010 -18.3266425832595 -1.304934846498061 0
7011 18.28445863128308 -1.652067382089431 0
7012 -18.28445863128309 1.652067382089431 0
7013 -3.624210848902321 0.0659866970323906 0
7014 -3.788974499815008 0.08339667904851067 0
7015 3.624210848902327 -0.06598669703238826 0
7016 3.788974499815013 -0.08339667904850866 0
7017 8.076320648307661 -0.5216122639938854 0
7018 7.921073950804793 -0.4492750686564813 0
7019 -8.076320648307661 0.5216122639938852 0
7020 -7.921073950804795 0.4492750686564808 0
7021 18.24790464965595 1.567520652074016 0
7022 -18.24790464965594 -1.567520652074016 0
7023 -10.0572362854638 -1.315672939292364 0
7024 10.0572362854638 1.315672939292364 0
7025 -2.470691084310384 -1.326814598887072 0
7026 2.47069108431038 1.326814598887073 0
7027 2.424438416216195 0.7387434126131105 0
7028 2.302151581959704 0.7207583218436622 0
7029 -2.424438416216196 -0.7387434126131087 0
7030 -2.302151581959704 -0.7207583218436613 0
7031 18.97240917863512 -1.106782060871112 0
7032 18.82725270069991 -1.19854406777314 0
7033 -18.97240917863512 1.106782060871113 0
7034 -18.82725270069992 1.19854406777314 0
7035 -8.291156975462229 0.8641884201961643 0
7036 -8.249097544270491 0.6882035097247543 0
7037 8.291156975462231 -0.8641884201961643 0
7038 8.249097544270493 -0.6882035097247543 0
7039 3.516180575315877 -0.3220831649484859 0
7040 3.553450293901504 -0.4851955140306075 0
7041 -3.516180575315871 0.322083164948488 0
7042 -3.553450293901499 0.4851955140306096 0
7043 -2.033790907647631 1.029992001604824 0
7044 -1.926492641419111 0.9935081984891916 0
7045 2.033790907647636 -1.029992001604826 0
7046 1.926492641419115 -0.9935081984891936 0
7047 -0.6460708088494854 1.066915046567556 0
7048 -0.610632472396901 1.003491253525466 0
7049 0.6460708088494859 -1.066915046567556 0
7050 0.6106324723969014 -1.003491253525467 0
7051 -13.00053065847432 -1.49032776740177 0
7052 -12.88906992814696 -1.582469723009275 0
7053 -12.90341681278846 -1.401727844878636 0
7054 13.00053065847432 1.49032776740177 0
7055 12.88906992814696 1.582469723009275 0
7056 12.90341681278846 1.401727844878636 0
7057 1.752973678982044 -0.1590437428105845 0
7058 -1.752973678982042 0.1590437428105843 0
7059 18.74285812276219 -1.842398246626854 0
7060 18.59360439141871 -1.842398246626852 0
7061 -18.74285812276221 1.842398246626854 0
7062 -18.59360439141872 1.842398246626853 0
7063 -10.01019603323314 -1.690361229643214 0
7064 -9.866962106422513 -1.640215521940682 0
7065 10.01019603323314 1.690361229643214 0
7066 9.866962106422516 1.640215521940684 0
7067 13.18422672565946 -1.88689196224812 0
7068 -13.18422672565947 1.88689196224812 0
7069 3.441310745629008 1.15014307703778 0
7070 3.287851169665679 1.114665216836467 0
7071 -3.441310745629008 -1.150143077037777 0
7072 -3.287851169665682 -1.114665216836461 0
7073 15.33623762843386 -0.1205516241465581 0
7074 15.51124266111551 -0.1504089321061325 0
7075 -15.33623762843387 0.120551624146558 0
7076 -15.5112426611155 0.1504089321061325 0
7077 9.208591375847456 0.6235930023912346 0
7078 9.329070178398968 0.524956741766349 0
7079 9.37421014584748 0.6284744544584988 0
7080 -9.208591375847456 -0.6235930023912347 0
7081 -9.329070178398968 -0.5249567417663489 0
7082 -9.374210145847481 -0.6284744544584988 0
7083 9.374210145847421 0.4217482549231023 0
7084 9.208591375847398 0.4168668028558381 0
7085 -9.374210145847421 -0.4217482549231022 0
7086 -9.208591375847398 -0.4168668028558382 0
7087 -5.609156300056309 1.68089339660387 0
7088 5.609156300056314 -1.680893396603871 0
7089 -15.36326716024564 -1.731425623236593 0
7090 -15.20017160114625 -1.666660096040486 0
7091 15.36326716024564 1.731425623236593 0
7092 15.20017160114626 1.666660096040487 0
7093 1.3363865334569 0.5846235891502055 0
7094 1.277600608438032 0.6134784938832851 0
7095 1.26938427108728 0.5419799746786864 0
7096 -1.336386533456898 -0.5846235891502045 0
7097 -1.277600608438031 -0.6134784938832842 0
7098 -1.269384271087279 -0.5419799746786859 0
7099 -3.430432724066381 1.3871868501926 0
7100 -3.487127571511875 1.512366653248457 0
7101 3.430432724066386 -1.3871868501926 0
7102 3.487127571511878 -1.512366653248456 0
7103 1.404578650657643 -0.5218343333523188 0
7104 1.32819122841144 -0.554801313991884 0
7105 1.386304304466317 -0.5829031107862256 0
7106 -1.404578650657643 0.5218343333523181 0
7107 -1.328191228411439 0.5548013139918834 0
7108 -1.386304304466317 0.5829031107862254 0
7109 12.06887023363933 -0.4863199753813962 0
7110 12.13895452381923 -0.3120530146596805 0
7111 -12.06887023363933 0.4863199753813964 0
7112 -12.13895452381923 0.3120530146596805 0
7113 -16.69659893667616 -0.9016268765172085 0
7114 -16.67967243349662 -1.05636368449318 0
7115 -16.5499640360995 -1.012084089866555 0
7116 16.69659893667616 0.9016268765172086 0
7117 16.67967243349662 1.05636368449318 0
7118 16.5499640360995 1.012084089866555 0
7119 7.592197154634626 1.730857823936592 0
7120 7.449495920227339 1.664137637216147 0
7121 -7.592197154634627 -1.730857823936593 0
7122 -7.449495920227339 -1.664137637216148 0
7123 -8.047092290264471 1.536313143273546 0
7124 -8.032522135997844 1.396234788944046 0
7125 -7.929061767952859 1.439713556306636 0
7126 8.047092290264471 -1.536313143273546 0
7127 8.032522135997844 -1.396234788944047 0
7128 7.929061767952859 -1.439713556306637 0
7129 -0.8235101036293322 -0.7020785831056826 0
7130 -0.772499110158394 -0.6868609186741965 0
7131 0.8235101036293322 0.7020785831056826 0
7132 0.772499110158394 0.6868609186741965 0
7133 -3.908856819215031 0.07510379725344621 0
7134 -3.783589402718681 -0.04210775249534168 0
7135 3.908856819215035 -0.07510379725344377 0
7136 3.783589402718687 0.04210775249534419 0
7137 -0.8909812219904607 -1.876609689940616 0
7138 -1.001588083484492 -1.751161827223391 0
7139 -1.006129249579456 -1.874552137282775 0
7140 0.8909812219904609 1.876609689940616 0
7141 1.001588083484492 1.751161827223391 0
7142 1.006129249579456 1.874552137282776 0
7143 13.70185620545979 -1.709614413704171 0
7144 13.64036669662946 -1.877742731528676 0
7145 -13.70185620545979 1.709614413704171 0
7146 -13.64036669662945 1.877742731528675 0
7147 3.221769382597289 1.608805094791903 0
7148 3.359587407344516 1.607434195634638 0
7149 -3.221769382597288 -1.608805094791905 0
7150 -3.359587407344516 -1.607434195634639 0
7151 -7.293256576274517 0.4311701928678378 0
7152 -7.466834622462672 0.4870191735903193 0
7153 7.293256576274517 -0.4311701928678364 0
7154 7.466834622462672 -0.4870191735903197 0
7155 2.967076413175055 0.05049470047724478 0
7156 3.112808901276093 0.1269965602324574 0
7157 -2.967076413175047 -0.05049470047723973 0
7158 -3.112808901276084 -0.1269965602324529 0
7159 -7.213191284223862 1.785517503057547 0
7160 7.213191284223862 -1.785517503057547 0
7161 -3.156604061777993 0.1383420312717993 0
7162 -3.318484792825886 0.1525107910802275 0
7163 3.156604061778 -0.1383420312717954 0
7164 3.318484792825893 -0.1525107910802247 0
7165 -1.010628539345559 1.877434373574858 0
7166 -1.00886448363209 1.755318347331154 0
7167 1.010628539345559 -1.877434373574859 0
7168 1.008864483632089 -1.755318347331155 0
7169 0.7754773785264213 -0.6892317429037111 0
7170 0.8270185949109807 -0.7005318663479142 0
7171 -0.7754773785264213 0.6892317429037111 0
7172 -0.8270185949109808 0.7005318663479141 0
7173 -13.77954587787281 -1.594743090809553 0
7174 -13.76944025005251 -1.451412220362705 0
7175 13.77954587787281 1.594743090809553 0
7176 13.7694402500525 1.451412220362704 0
7177 -4.813345922779644 0.7390709747685973 0
7178 -4.886641278430453 0.6020218749242382 0
7179 4.813345922779652 -0.7390709747685958 0
7180 4.886641278430458 -0.6020218749242375 0
7181 12.89362248265395 -1.541075567503364 0
7182 -12.89362248265395 1.541075567503363 0
7183 4.897482248012478 -0.8650583722488212 0
7184 -4.897482248012472 0.8650583722488216 0
7185 -13.0981336806329 -1.406769234258715 0
7186 -13.0837867959914 -1.587511112389354 0
7187 13.0981336806329 1.406769234258715 0
7188 13.0837867959914 1.587511112389354 0
7189 -11.01255382573737 -1.450636047415661 0
7190 -11.00563430033308 -1.598715003495342 0
7191 11.01255382573737 1.450636047415662 0
7192 11.00563430033308 1.598715003495342 0
7193 3.1507154303175 -0.0284455403517041 0
7194 -3.15071543031749 0.02844554035170767 0
7195 -8.083052664961293 -0.9822068269874917 0
7196 -7.975326162911117 -1.077062044144009 0
7197 8.083052664961295 0.9822068269874925 0
7198 7.975326162911117 1.07706204414401 0
7199 -13.51253393157118 -1.639633502753304 0
7200 -13.34847014652517 -1.639596990625839 0
7201 13.51253393157118 1.639633502753304 0
7202 13.34847014652517 1.639596990625839 0
7203 1.133217220724823 -0.814145279522133 0
7204 1.18024791229895 -0.8736726661064802 0
7205 1.201155240196724 -0.8284248796331891 0
7206 -1.133217220724823 0.8141452795221329 0
7207 -1.18024791229895 0.8736726661064798 0
7208 -1.201155240196724 0.8284248796331888 0
7209 -19.18818398092345 -1.581705896678561 0
7210 19.18818398092344 1.581705896678562 0
7211 -17.32707104257755 -0.1120626796834256 0
7212 17.32707104257755 0.1120626796834249 0
7213 15.23576218706762 -1.335859626718013 0
7214 15.18720724520584 -1.477036341375383 0
7215 -15.23576218706761 1.335859626718013 0
7216 -15.18720724520584 1.477036341375384 0
7217 -4.844756618746223 -1.19746724956302 0
7218 4.844756618746229 1.197467249563023 0
7219 -3.607987820403117 1.448742021355485 0
7220 -3.550861405177688 1.607538807552845 0
7221 3.607987820403121 -1.448742021355485 0
7222 3.550861405177692 -1.607538807552844 0
7223 -17.20171563723466 -0.1150778366822017 0
7224 -17.28793262133589 0.03788123667114246 0
7225 17.20171563723465 0.1150778366822016 0
7226 17.28793262133588 -0.03788123667114313 0
7227 -15.66805424650215 -0.5285681773005915 0
7228 15.66805424650214 0.5285681773005915 0
7229 -0.2802123441301858 1.62860503399219 0
7230 -0.2228698127040385 1.568844378646512 0
7231 0.280212344130186 -1.628605033992191 0
7232 0.2228698127040389 -1.568844378646514 0
7233 -17.90097753215958 0.7019507771235933 0
7234 -18.06561037626518 0.7187921342417809 0
7235 17.90097753215956 -0.701950777123593 0
7236 18.06561037626517 -0.7187921342417806 0
7237 -2.699029354634052 1.03282536344147 0
7238 2.699029354634056 -1.03282536344147 0
7239 -4.501213890803677 -1.391521333979186 0
7240 -4.581570437746583 -1.293992782811647 0
7241 4.501213890803688 1.391521333979187 0
7242 4.581570437746588 1.293992782811648 0
7243 17.14179551554795 -1.725934879519477 0
7244 -17.14179551554794 1.725934879519476 0
7245 18.81746601632229 0.2303433479422985 0
7246 -18.81746601632227 -0.2303433479423107 0
7247 9.333812390169376 -1.879867199207206 0
7248 9.264228079302409 -1.758504963728416 0
7249 9.18414703240339 -1.87863776452121 0
7250 -9.333812390169376 1.879867199207206 0
7251 -9.264228079302407 1.758504963728415 0
7252 -9.184147032403386 1.878637764521209 0
7253 11.42336462897611 -1.879867199208078 0
7254 11.352795975909 -1.758160951734745 0
7255 11.27271492901178 -1.878293752526667 0
7256 -11.42336462897611 1.879867199208078 0
7257 -11.352795975909 1.758160951734745 0
7258 -11.27271492901178 1.878293752526667 0
7259 -11.26768242982591 -1.872385749150911 0
7260 -11.34776347671976 -1.752252948360946 0
7261 -11.42336462898896 -1.879867199210036 0
7262 11.26768242982591 1.872385749150911 0
7263 11.34776347671975 1.752252948360946 0
7264 11.42336462898896 1.879867199210036 0
7265 0.5816306113481794 -0.9509576895588007 0
7266 -0.5816306113481791 0.9509576895588006 0
7267 16.75226987651143 -1.393357532962006 0
7268 -16.75226987651142 1.393357532962005 0
7269 1.442047932910118 0.2721571671430477 0
7270 1.437263311726971 0.3359983956199684 0
7271 1.376965059543938 0.3120010852132195 0
7272 -1.442047932910116 -0.2721571671430476 0
7273 -1.43726331172697 -0.335998395619968 0
7274 -1.376965059543936 -0.3120010852132195 0
7275 1.723443733698764 -1.915290222554877 0
7276 1.878941426816068 -1.899373660523383 0
7277 -1.723443733698763 1.915290222554877 0
7278 -1.878941426816068 1.899373660523383 0
7279 -14.64639628183314 -1.51647700189302 0
7280 -14.6448657762881 -1.359375129829799 0
7281 -14.73823648994066 -1.417749728433996 0
7282 14.64639628183313 1.516477001893019 0
7283 14.64486577628811 1.359375129829799 0
7284 14.73823648994066 1.417749728433996 0
7285 3.889914674650027 1.676915272437155 0
7286 3.757143797880895 1.683411466330048 0
7287 -3.889914674650028 -1.676915272437156 0
7288 -3.757143797880895 -1.683411466330049 0
7289 1.029737098632228 -0.5681290942720032 0
7290 1.064612828020495 -0.5329666397286545 0
7291 1.024482969648647 -0.5167582484164597 0
7292 -1.029737098632228 0.5681290942720032 0
7293 -1.064612828020495 0.5329666397286547 0
7294 -1.024482969648647 0.5167582484164597 0
7295 1.211417149231624 0.4086300964840137 0
7296 1.160206780487845 0.4388378782360385 0
7297 -1.211417149231623 -0.4086300964840131 0
7298 -1.160206780487844 -0.4388378782360381 0
7299 16.47492887795445 0.2855385595125634 0
7300 16.51490453449914 0.1446537518460206 0
7301 16.61741150810078 0.1930732494548318 0
7302 -16.47492887795446 -0.2855385595125634 0
7303 -16.51490453449915 -0.1446537518460206 0
7304 -16.61741150810078 -0.1930732494548317 0
7305 -2.440275404659705 1.853648828237138 0
7306 2.440275404659705 -1.853648828237138 0
7307 -7.07689460388967 0.473488465887493 0
7308 -7.164255852382174 0.3462289535284221 0
7309 7.076894603889669 -0.4734884658874901 0
7310 7.164255852382174 -0.3462289535284202 0
7311 -1.155382980922924 -1.874552137282775 0
7312 1.155382980922923 1.874552137282776 0
7313 -2.628237391104166 -0.7051441023324316 0
7314 -2.538558824533204 -0.8046022252167224 0
7315 2.628237391104162 0.705144102332435 0
7316 2.538558824533203 0.8046022252167249 0
7317 -0.9614207473233243 0.6913422976795283 0
7318 -0.9179793961707128 0.6547565546615868 0
7319 -0.9069297495210804 0.7086340382373284 0
7320 0.9614207473233245 -0.6913422976795282 0
7321 0.9179793961707127 -0.6547565546615868 0
7322 0.9069297495210806 -0.7086340382373284 0
7323 -7.664177654058528 -0.2050979115208362 0
7324 -7.568676115224276 -0.1057718676981013 0
7325 7.664177654058532 0.2050979115208355 0
7326 7.56867611522428 0.105771867698099 0
7327 -11.57261836033176 -1.879867199210035 0
7328 -11.65377526421641 -1.71518291921198 0
7329 11.57261836033176 1.879867199210036 0
7330 11.65377526421641 1.71518291921198 0
7331 11.66220895270725 -1.715901245287846 0
7332 11.57261836031958 -1.879867199208079 0
7333 -11.66220895270725 1.715901245287845 0
7334 -11.57261836031957 1.879867199208078 0
7335 9.572198838157766 -1.715282923026898 0
7336 9.483066121512843 -1.879867199207206 0
7337 -9.572198838157766 1.715282923026898 0
7338 -9.483066121512842 1.879867199207206 0
7339 5.942038929591232 0.5985006199741314 0
7340 6.06752790953424 0.6941171048714532 0
7341 -5.942038929591227 -0.5985006199741282 0
7342 -6.06752790953424 -0.6941171048714481 0
7343 1.194063110270825 -0.01088096815663426 0
7344 -1.194063110270825 0.01088096815663471 0
7345 4.061987028640562 -1.604005718768818 0
7346 4.125243112635215 -1.51473961481889 0
7347 3.960307865613569 -1.494889015011036 0
7348 -4.061987028640559 1.604005718768816 0
7349 -4.125243112635212 1.514739614818887 0
7350 -3.960307865613566 1.494889015011033 0
7351 14.72689180535936 -1.319428357857034 0
7352 14.66396534885358 -1.410611996261999 0
7353 14.82320639835148 -1.453610873334999 0
7354 -14.72689180535937 1.319428357857035 0
7355 -14.66396534885359 1.410611996261999 0
7356 -14.82320639835148 1.453610873334999 0
7357 14.65547699071339 -1.565553079015906 0
7358 -14.65547699071339 1.565553079015907 0
7359 -2.244134170804621 1.09941135450765 0
7360 -2.175517157316565 1.231027998029634 0
7361 -2.294853267558605 1.182603331008875 0
7362 2.244134170804626 -1.099411354507651 0
7363 2.175517157316568 -1.231027998029634 0
7364 2.294853267558609 -1.182603331008874 0
7365 -3.644541661157653 1.879261587463404 0
7366 -3.568497463191576 1.714843307186312 0
7367 3.644541661157654 -1.879261587463404 0
7368 3.56849746319158 -1.714843307186313 0
7369 -7.80610900283734 1.404476340027124 0
7370 -7.755132289915082 1.311138145569335 0
7371 7.806109002837341 -1.404476340027124 0
7372 7.755132289915083 -1.311138145569336 0
7373 -7.820679157103969 1.544554694356624 0
7374 7.820679157103969 -1.544554694356624 0
7375 -0.3205293194822237 -1.223455252888546 0
7376 -0.3349468898717844 -1.291138863309703 0
7377 -0.2574603893746387 -1.289542372559053 0
7378 0.3205293194822238 1.223455252888546 0
7379 0.3349468898717843 1.291138863309702 0
7380 0.2574603893746386 1.289542372559053 0
7381 5.356431417066791 -0.9969585915353436 0
7382 5.410891915925562 -0.8973973517618875 0
7383 5.265572070383094 -0.8535988188398459 0
7384 -5.356431417066785 0.9969585915353424 0
7385 -5.410891915925556 0.8973973517618865 0
7386 -5.265572070383086 0.8535988188398441 0
7387 -15.424466807395 -1.249435869274248 0
7388 -15.3232647020986 -1.126616007912133 0
7389 15.424466807395 1.249435869274248 0
7390 15.3232647020986 1.126616007912133 0
7391 16.38680889487938 0.113870173593984 0
7392 -16.38680889487938 -0.113870173593984 0
7393 -0.7325552752737654 -1.193053127867814 0
7394 -0.8194286171089473 -1.223367218058899 0
7395 0.7325552752737658 1.193053127867814 0
7396 0.8194286171089477 1.223367218058899 0
7397 -13.69915873481018 -0.6418814875310768 0
7398 -13.84240963829149 -0.658397383036405 0
7399 13.69915873481018 0.6418814875310768 0
7400 13.8424096382915 0.6583973830364052 0
7401 6.472357964636322 0.7908630871255879 0
7402 6.347388195000533 0.6903129654214903 0
7403 6.449526358533124 0.6438230147184676 0
7404 -6.47235796463632 -0.7908630871255761 0
7405 -6.347388195000532 -0.6903129654214786 0
7406 -6.449526358533123 -0.6438230147184602 0
7407 -19.36315748037287 0.1356695529333312 0
7408 -19.42924699154436 0.2466924702052177 0
7409 19.3631574803729 -0.1356695529333281 0
7410 19.42924699154437 -0.2466924702052055 0
7411 1.83603172408208 -0.1714057805961765 0
7412 -1.836031724082078 0.1714057805961771 0
7413 12.2039515687184 -0.2315857206258249 0
7414 12.34215980760614 -0.1612025358295168 0
7415 -12.20395156871841 0.231585720625825 0
7416 -12.34215980760614 0.1612025358295168 0
7417 -1.159882270689027 1.877434373574858 0
7418 1.159882270689026 -1.877434373574858 0
7419 19.88691622006395 0.657099758738948 0
7420 19.72903044417646 0.5888987310360467 0
7421 -19.88691622006398 -0.6570997587389507 0
7422 -19.72903044417646 -0.5888987310360551 0
7423 -9.162038402248532 -1.211224941041132 0
7424 -9.133019772120754 -1.352621458206651 0
7425 9.162038402248534 1.211224941041126 0
7426 9.133019772120754 1.352621458206647 0
7427 -9.211769057950272 -1.06585405959058 0
7428 9.211769057950271 1.065854059590579 0
7429 15.60490915750411 -1.024220428235413 0
7430 -15.60490915750411 1.024220428235413 0
7431 -14.83445272204611 -1.340852178894585 0
7432 -14.83598322759114 -1.497954050957805 0
7433 14.8344527220461 1.340852178894585 0
7434 14.83598322759114 1.497954050957805 0
7435 8.734704518247387 -0.8536564792843959 0
7436 8.641433541230835 -0.9297592448117629 0
7437 -8.734704518247387 0.8536564792843959 0
7438 -8.641433541230834 0.9297592448117628 0
7439 1.543225683908796 -0.1382226104932442 0
7440 -1.543225683908796 0.1382226104932445 0
7441 4.599583626386412 0.1154456962711934 0
7442 -4.599583626386406 -0.1154456962711933 0
7443 12.91603078152953 -0.8561507120170226 0
7444 12.83365797400357 -0.9576716913902286 0
7445 -12.91603078152954 0.8561507120170231 0
7446 -12.83365797400357 0.9576716913902288 0
7447 9.881703684417289 -0.6765560034871799 0
7448 10.01723230932661 -0.7785386742913769 0
7449 9.992389661656684 -0.6165182908735649 0
7450 -9.881703684417287 0.6765560034871798 0
7451 -10.01723230932661 0.7785386742913769 0
7452 -9.992389661656686 0.6165182908735649 0
7453 10.60462526372097 -0.6165182908794549 0
7454 10.58658721119187 -0.7597505497371265 0
7455 10.72211583610963 -0.6577678789292336 0
7456 -10.60462526372097 0.616518290879455 0
7457 -10.58658721119187 0.7597505497371264 0
7458 -10.72211583610963 0.6577678789292337 0
7459 12.66261374149438 -1.455823280120723 0
7460 12.54107719261617 -1.367686487441203 0
7461 -12.66261374149438 1.455823280120724 0
7462 -12.54107719261618 1.367686487441203 0
7463 1.239364021470344 -0.624561203531903 0
7464 1.29704498289541 -0.6794848082738703 0
7465 -1.239364021470343 0.624561203531903 0
7466 -1.29704498289541 0.6794848082738703 0
7467 -0.2261349628106868 -1.930829277811041 0
7468 0.2261349628106866 1.930829277811041 0
7469 18.2609287769898 -1.415536328890012 0
7470 18.16904036484691 -1.337290691992943 0
7471 -18.26092877698981 1.415536328890012 0
7472 -18.16904036484691 1.337290691992943 0
7473 6.134040155606699 -1.381711519721188 0
7474 6.20655436017501 -1.211054150114999 0
7475 -6.134040155606693 1.381711519721191 0
7476 -6.206554360175006 1.211054150115003 0
7477 19.1473472752543 0.8179566013208373 0
7478 19.29049179655401 0.8631891703082196 0
7479 -19.1473472752543 -0.817956601320833 0
7480 -19.29049179655401 -0.8631891703082301 0
7481 8.193695928556643 1.714945319585693 0
7482 -8.193695928556638 -1.714945319585692 0
7483 18.37009149601506 1.039308421183764 0
7484 18.26377318679074 0.9049847958812733 0
7485 -18.37009149601508 -1.039308421183745 0
7486 -18.26377318679076 -0.904984795881255 0
7487 -10.92028513532915 -0.6311997558762468 0
7488 -11.08272027875809 -0.6421401388605292 0
7489 -10.97615088338472 -0.7272764317696456 0
7490 10.92028513532915 0.6311997558762468 0
7491 11.08272027875808 0.6421401388605292 0
7492 10.97615088338472 0.7272764317696458 0
7493 19.54160258862417 -0.7318241734374505 0
7494 19.48663221840205 -0.8660193597254042 0
7495 -19.54160258862417 0.7318241734374532 0
7496 -19.48663221840205 0.8660193597254043 0
7497 15.14748920850419 -0.8505146083965062 0
7498 15.06120143361504 -0.9793967094386919 0
7499 -15.14748920850419 0.8505146083965059 0
7500 -15.06120143361504 0.9793967094386918 0
7501 5.571477049216893 0.549725049842007 0
7502 5.471960240843935 0.6828501859091607 0
7503 -5.571477049216881 -0.5497250498420082 0
7504 -5.471960240843925 -0.6828501859091608 0
7505 18.62983061444675 -1.547046062171983 0
7506 18.7008774395849 -1.408070259998384 0
7507 -18.62983061444673 1.547046062171982 0
7508 -18.70087743958489 1.408070259998384 0
7509 16.31149864717672 -0.3227217372406428 0
7510 -16.31149864717672 0.3227217372406427 0
7511 7.851326656276861 -0.3413628383124185 0
7512 7.753853922873404 -0.2533120149121098 0
7513 7.716870233073414 -0.4208741340614982 0
7514 -7.851326656276862 0.341362838312418 0
7515 -7.753853922873406 0.2533120149121059 0
7516 -7.716870233073416 0.4208741340614944 0
7517 8.968261088928354 -0.9128687611009889 0
7518 8.880469816192027 -0.7817536897535374 0
7519 -8.968261088928358 0.9128687611009887 0
7520 -8.880469816192026 0.7817536897535374 0
7521 10.59615116511455 -1.47152279282254 0
7522 10.45238907434458 -1.369029730155848 0
7523 -10.59615116511455 1.471522792822539 0
7524 -10.45238907434458 1.369029730155848 0
7525 19.89747630290935 -1.06425221969551 0
7526 19.71336665121078 -1.119215240486328 0
7527 -19.89747630290935 1.06425221969551 0
7528 -19.71336665121077 1.119215240486329 0
7529 19.72690576430873 1.124023953374017 0
7530 19.90362428655445 1.068507510120305 0
7531 -19.72690576430871 -1.124023953374007 0
7532 -19.90362428655444 -1.068507510120303 0
7533 9.481959899245984 -0.4083350154423482 0
7534 9.607082561660945 -0.4337744695236884 0
7535 9.54449951883921 -0.2819522699174863 0
7536 -9.481959899245982 0.4083350154423482 0
7537 -9.607082561660945 0.4337744695236883 0
7538 -9.54449951883921 0.2819522699174862 0
7539 9.700701989407541 -0.5373464175589592 0
7540 -9.700701989407541 0.5373464175589591 0
7541 11.05258265147235 -0.2820819431066758 0
7542 10.98999960864693 -0.4339041427086864 0
7543 11.11505502613874 -0.4083350154400511 0
7544 -11.05258265147235 0.2820819431066757 0
7545 -10.98999960864693 0.4339041427086864 0
7546 -11.11505502613874 0.408335015440051 0
7547 10.89631293597603 -0.5373464175568121 0
7548 -10.89631293597603 0.537346417556812 0
7549 -9.628959641496088 -0.7585393362864797 0
7550 -9.482019700749508 -0.6666808665979043 0
7551 -9.641628889145572 -0.6216966635221882 0
7552 9.628959641496085 0.7585393362864812 0
7553 9.482019700749506 0.6666808665979056 0
7554 9.64162888914557 0.6216966635221888 0
7555 -1.356762900669329 0.2444232943386729 0
7556 -1.38245648893823 0.1927898682835711 0
7557 -1.323194734257703 0.1928657069570172 0
7558 1.356762900669329 -0.2444232943386729 0
7559 1.38245648893823 -0.1927898682835711 0
7560 1.323194734257703 -0.1928657069570173 0
7561 1.238616987372228 -0.9688851385517357 0
7562 1.304331667423203 -0.9999884296934928 0
7563 1.313900611821826 -0.9190555573592933 0
7564 -1.238616987372229 0.9688851385517354 0
7565 -1.304331667423204 0.999988429693492 0
7566 -1.313900611821826 0.9190555573592922 0
7567 5.438473183576729 -0.7617438424013153 0
7568 5.529332530260428 -0.9051036150968136 0
7569 -5.438473183576721 0.7617438424013132 0
7570 -5.529332530260421 0.9051036150968115 0
7571 19.38518922324625 -0.668397482301051 0
7572 19.53407552491494 -0.6056582833499464 0
7573 -19.38518922324625 0.6683974823010594 0
7574 -19.53407552491494 0.6056582833499575 0
7575 -0.3007912248422872 -0.9975829094371136 0
7576 -0.2630054095828794 -1.008239611488487 0
7577 0.3007912248422873 0.9975829094371136 0
7578 0.2630054095828794 1.008239611488487 0
7579 -5.704356459559868 -0.5111833829785564 0
7580 5.704356459559874 0.5111833829785566 0
7581 -0.9365036970962843 0.6122704485130454 0
7582 0.9365036970962843 -0.6122704485130452 0
7583 -5.727145388188029 -0.6440304672464425 0
7584 -5.816167131515648 -0.5011247905188665 0
7585 5.727145388188041 0.6440304672464423 0
7586 5.816167131515654 0.5011247905188685 0
7587 -13.34210182496449 -1.215290537439572 0
7588 -13.25848318605825 -1.082769171528836 0
7589 13.3421018249645 1.215290537439573 0
7590 13.25848318605825 1.082769171528836 0
7591 -6.186864894427282 1.863866739379728 0
7592 -6.037611163083819 1.863866739379728 0
7593 6.186864894427285 -1.863866739379728 0
7594 6.037611163083821 -1.863866739379728 0
7595 16.69642603455408 -0.5419903424734516 0
7596 16.68830971824941 -0.373385016192632 0
7597 -16.69642603455407 0.5419903424734513 0
7598 -16.68830971824942 0.3733850161926321 0
7599 1.19835674025398 0.8361608337297388 0
7600 1.280346025519648 0.8416537517328709 0
7601 -1.19835674025398 -0.8361608337297382 0
7602 -1.280346025519648 -0.84165375173287 0
7603 1.214678408086347 0.2361847219180145 0
7604 1.242543396207277 0.2887534159592774 0
7605 -1.214678408086347 -0.2361847219180147 0
7606 -1.242543396207276 -0.2887534159592775 0
7607 16.31267395968472 0.6205233818122576 0
7608 16.16953628275801 0.5962083569275882 0
7609 -16.31267395968471 -0.6205233818122575 0
7610 -16.16953628275799 -0.5962083569275878 0
7611 -16.01048627243036 -0.6176583342652253 0
7612 -16.10496902448209 -0.7809785902453227 0
7613 16.01048627243035 0.6176583342652253 0
7614 16.1049690244821 0.7809785902453229 0
7615 1.722224042922087 0.6268662460875041 0
7616 1.675778034965238 0.5409299327372309 0
7617 -1.722224042922087 -0.6268662460875041 0
7618 -1.675778034965238 -0.5409299327372309 0
7619 -15.48323499603675 -0.9335149063245909 0
7620 -15.39929250352626 -0.8292120973714623 0
7621 15.48323499603675 0.9335149063245907 0
7622 15.39929250352625 0.829212097371462 0
7623 -15.37998293520123 -1.018647708638563 0
7624 -15.54704074438605 -1.034641197677181 0
7625 15.37998293520122 1.018647708638562 0
7626 15.54704074438605 1.034641197677181 0
7627 -12.84996742425118 -0.6526460049914686 0
7628 12.84996742425118 0.6526460049914686 0
7629 4.593073245309632 1.885467334024157 0
7630 4.742326976652439 1.885467334024158 0
7631 -4.593073245309632 -1.885467334024158 0
7632 -4.742326976652436 -1.885467334024157 0
7633 11.63611196001365 -1.44407915884464 0
7634 11.69424994716992 -1.605877255852721 0
7635 -11.63611196001365 1.44407915884464 0
7636 -11.69424994716992 1.60587725585272 0
7637 9.546996872604337 -1.441230168151567 0
7638 9.605326547195034 -1.605413425535792 0
7639 -9.546996872604334 1.441230168151567 0
7640 -9.605326547195034 1.605413425535792 0
7641 -1.027294530246972 -0.1381944117684006 0
7642 1.027294530246972 0.1381944117684006 0
7643 -17.27559758574092 -1.889674425345309 0
7644 -17.33974000556996 -1.755431668854282 0
7645 17.27559758574092 1.889674425345308 0
7646 17.33974000556996 1.755431668854281 0
7647 4.722735159107359 -0.2096974288291995 0
7648 4.865081606636171 -0.1197346801301654 0
7649 -4.722735159107354 0.2096974288291978 0
7650 -4.865081606636164 0.1197346801301637 0
7651 16.1994354923389 -1.865859368430792 0
7652 16.12496630093641 -1.746123592720242 0
7653 16.04493379366736 -1.880264224289449 0
7654 -16.1994354923389 1.865859368430793 0
7655 -16.1249663009364 1.746123592720242 0
7656 -16.04493379366736 1.880264224289449 0
7657 -3.027807281975035 1.192459027188888 0
7658 -3.18488479262163 1.24590080371875 0
7659 3.02780728197504 -1.192459027188888 0
7660 3.184884792621636 -1.24590080371875 0
7661 10.81676406004555 -0.8349323360329157 0
7662 10.71294399604766 -0.9503742448377576 0
7663 -10.81676406004555 0.8349323360329159 0
7664 -10.71294399604766 0.9503742448377575 0
7665 -6.707101021183309 0.04645988935522265 0
7666 6.707101021183311 -0.04645988935522267 0
7667 6.386995842840134 -0.0442333790248991 0
7668 -6.386995842840131 0.04423337902490168 0
7669 8.43157194640518 -1.869135156666121 0
7670 8.35178151573194 -1.736618003075114 0
7671 8.27841852453631 -1.867482846408994 0
7672 -8.43157194640518 1.869135156666121 0
7673 -8.351781515731938 1.736618003075114 0
7674 -8.27841852453631 1.867482846408994 0
7675 19.69980813166888 0.9586714898670142 0
7676 -19.69980813166889 -0.9586714898670138 0
7677 -0.1427423680153052 -1.034362404966513 0
7678 -0.1037546833592094 -1.038976901535646 0
7679 0.1427423680153052 1.034362404966513 0
7680 0.1037546833592094 1.038976901535646 0
7681 -0.6954634406729339 0.8875444162519286 0
7682 -0.6405026296016683 0.8748444605047394 0
7683 0.6954634406729339 -0.8875444162519287 0
7684 0.6405026296016685 -0.8748444605047396 0
7685 -15.56522174466023 -1.854636182949816 0
7686 15.56522174466023 1.854636182949817 0
7687 16.73461465767141 -1.07049556852102 0
7688 16.77247753775456 -1.161739853199564 0
7689 16.89078326622037 -1.0805608913669 0
7690 -16.73461465767141 1.07049556852102 0
7691 -16.77247753775456 1.161739853199564 0
7692 -16.89078326622039 1.0805608913669 0
7693 16.74589190159302 -1.265823303244742 0
7694 -16.74589190159302 1.265823303244741 0
7695 -12.6251970869354 -1.614120210229171 0
7696 -12.46054591130116 -1.609654319063798 0
7697 12.6251970869354 1.614120210229171 0
7698 12.46054591130117 1.609654319063799 0
7699 -10.52419928003092 -1.610540904326949 0
7700 -10.36167919604771 -1.606216741293418 0
7701 10.52419928003092 1.610540904326949 0
7702 10.36167919604771 1.606216741293419 0
7703 12.45907284453516 -1.609080005580742 0
7704 12.61898029655269 -1.606492630225009 0
7705 -12.45907284453516 1.609080005580742 0
7706 -12.6189802965527 1.606492630225009 0
7707 10.36952060572979 -1.609080005580846 0
7708 10.52722373953222 -1.61335125090345 0
7709 -10.36952060572978 1.609080005580846 0
7710 -10.52722373953222 1.61335125090345 0
7711 19.15575611221522 -0.8066481051660638 0
7712 19.09973268297201 -0.9627525696317717 0
7713 -19.15575611221522 0.8066481051660672 0
7714 -19.09973268297201 0.9627525696317724 0
7715 9.468087780292894 1.660056606381691 0
7716 9.352329820811217 1.695405216205518 0
7717 9.411702480543575 1.557886103717901 0
7718 -9.46808778029289 -1.660056606381686 0
7719 -9.352329820811219 -1.695405216205513 0
7720 -9.411702480543575 -1.557886103717899 0
7721 -11.15775732505276 -1.153742848394077 0
7722 11.15775732505276 1.153742848394077 0
7723 -0.7529941356455718 -1.068226147651834 0
7724 0.752994135645572 1.068226147651834 0
7725 17.92318800928732 -0.0572945444324719 0
7726 17.82943477684542 -0.2033519325930701 0
7727 -17.9231880092873 0.05729454443245513 0
7728 -17.82943477684539 0.2033519325930606 0
7729 -1.110153644715991 1.066130710074033 0
7730 -1.05761857468981 1.005133330698409 0
7731 -1.054479334280371 1.092993795516447 0
7732 1.110153644715991 -1.066130710074033 0
7733 1.05761857468981 -1.005133330698409 0
7734 1.054479334280371 -1.092993795516447 0
7735 10.17396062941261 0.508674136127778 0
7736 10.14828218537508 0.3814052639710323 0
7737 -10.1739606294126 -0.5086741361277779 0
7738 -10.14828218537508 -0.3814052639710322 0
7739 2.664346480317813 0.0625239710470351 0
7740 2.631414888082523 0.1935047282962057 0
7741 -2.664346480317811 -0.06252397104703376 0
7742 -2.631414888082519 -0.1935047282962032 0
7743 -11.69089439897507 -1.588592418504671 0
7744 -11.65776139179532 -1.421822465926543 0
7745 11.69089439897508 1.588592418504672 0
7746 11.65776139179532 1.421822465926543 0
7747 9.561123633474576 1.753906251688143 0
7748 9.620496293206935 1.616387139200526 0
7749 -9.561123633474574 -1.753906251688137 0
7750 -9.62049629320693 -1.616387139200523 0
7751 16.02738163446845 -0.2585441052519054 0
7752 16.14354801535125 -0.3258862080281562 0
7753 -16.02738163446846 0.2585441052519054 0
7754 -16.14354801535124 0.325886208028156 0
7755 -5.558604475997976 1.324594416975572 0
7756 -5.591179476289789 1.196243544373772 0
7757 -5.469176262317443 1.169107997059185 0
7758 5.55860447599798 -1.324594416975568 0
7759 5.591179476289796 -1.19624354437377 0
7760 5.469176262317448 -1.169107997059185 0
7761 -5.66500521893703 1.086719124952967 0
7762 5.665005218937032 -1.086719124952966 0
7763 -8.395798421749875 -1.88895149585379 0
7764 -8.54505215309268 -1.888951495853791 0
7765 8.39579842174988 1.888951495853791 0
7766 8.545052153092685 1.888951495853791 0
7767 15.93340142534826 -0.3442001763926215 0
7768 15.9182162154005 -0.1683661098111518 0
7769 -15.93340142534827 0.3442001763926217 0
7770 -15.9182162154005 0.1683661098111518 0
7771 1.352522798022334 -1.638880480211888 0
7772 1.451927806528542 -1.584458692208261 0
7773 1.335980587675605 -1.510234298862096 0
7774 -1.352522798022332 1.638880480211889 0
7775 -1.45192780652854 1.584458692208261 0
7776 -1.335980587675603 1.510234298862096 0
7777 -0.9492119088471406 -0.4176521131693416 0
7778 0.9492119088471406 0.4176521131693415 0
7779 12.96205283752722 -0.05404808713591911 0
7780 12.82699961728745 -0.05997002499295474 0
7781 -12.96205283752722 0.05404808713591915 0
7782 -12.82699961728744 0.05997002499295474 0
7783 -2.94610590726278 -1.665854153951763 0
7784 -2.803627264642688 -1.715428510741442 0
7785 2.946105907262781 1.665854153951763 0
7786 2.803627264642686 1.715428510741441 0
7787 6.341410958694724 1.896574546452767 0
7788 -6.341410958694725 -1.896574546452767 0
7789 -1.527851073419159 -0.1769008730295721 0
7790 1.52785107341916 0.1769008730295721 0
7791 -3.662280781171291 1.352864572482888 0
7792 -3.701518438213486 1.221957009406799 0
7793 3.662280781171296 -1.352864572482888 0
7794 3.701518438213486 -1.221957009406798 0
7795 17.53064564244356 -1.859652408345018 0
7796 17.38139191110009 -1.859652408345018 0
7797 -17.53064564244355 1.859652408345017 0
7798 -17.38139191110009 1.859652408345018 0
7799 3.75227471690271 -0.4302374772579213 0
7800 -3.752274716902703 0.4302374772579229 0
7801 2.700382652293475 -1.321860747945008 0
7802 2.586890629061134 -1.298715315400549 0
7803 -2.70038265229347 1.321860747945008 0
7804 -2.586890629061129 1.298715315400549 0
7805 -9.480476963270997 -1.89878785943465 0
7806 9.480476963270995 1.898787859434654 0
7807 -1.505563463098881 -1.245304513286916 0
7808 1.505563463098881 1.245304513286916 0
7809 -12.69918585072258 -1.009424139053005 0
7810 -12.59255093943894 -0.8944795929321335 0
7811 -12.69839850581493 -0.8573767616783505 0
7812 12.69918585072257 1.009424139053005 0
7813 12.59255093943894 0.8944795929321334 0
7814 12.69839850581493 0.8573767616783505 0
7815 2.235909899882029 0.8210018581493685 0
7816 2.192539482745894 0.7210593111948795 0
7817 -2.23590989988203 -0.8210018581493679 0
7818 -2.192539482745894 -0.7210593111948793 0
7819 -5.122204932529749 0.6310848373276303 0
7820 -5.154636299296735 0.7427651578955399 0
7821 -5.28760120247487 0.6423572584984787 0
7822 5.122204932529757 -0.6310848373276303 0
7823 5.154636299296741 -0.7427651578955393 0
7824 5.287601202474876 -0.6423572584984801 0
7825 11.38998976510869 -1.428939778943798 0
7826 11.31255971628843 -1.315509139663076 0
7827 11.25475879899154 -1.420119627966941 0
7828 -11.38998976510869 1.428939778943798 0
7829 -11.31255971628842 1.315509139663076 0
7830 -11.25475879899153 1.420119627966941 0
7831 -19.43753106782654 0.3577819693182673 0
7832 -19.56523158937794 0.3481183691102822 0
7833 19.43753106782658 -0.3577819693182441 0
7834 19.56523158937794 -0.3481183691102539 0
7835 -1.712912474098997 -0.3868854288064015 0
7836 -1.698013783391974 -0.4695616895587307 0
7837 -1.626331240297704 -0.4351795272207754 0
7838 1.712912474098998 0.3868854288064021 0
7839 1.698013783391976 0.469561689558731 0
7840 1.626331240297705 0.4351795272207756 0
7841 -14.2495825930976 -1.869029677820596 0
7842 -14.33340184038147 -1.732862461012953 0
7843 -14.41217745623508 -1.863832783192357 0
7844 14.2495825930976 1.869029677820596 0
7845 14.33340184038146 1.732862461012953 0
7846 14.41217745623508 1.863832783192357 0
7847 7.537497264296539 1.035390876749346 0
7848 -7.537497264296539 -1.035390876749342 0
7849 1.976886282782096 0.9556635962450619 0
7850 2.030995362224018 0.8537552080190409 0
7851 -1.976886282782097 -0.9556635962450619 0
7852 -2.030995362224018 -0.8537552080190405 0
7853 -1.850043736737741 -1.875278765341275 0
7854 1.85004373673774 1.875278765341275 0
7855 13.79127393559566 -1.503494566146566 0
7856 13.90473167996913 -1.553910577099201 0
7857 13.84168331432976 -1.393661778894775 0
7858 -13.79127393559566 1.503494566146566 0
7859 -13.90473167996914 1.553910577099201 0
7860 -13.84168331432976 1.393661778894775 0
7861 -8.336898074759491 1.113509959835411 0
7862 -8.465422658730349 1.091659983356417 0
7863 -8.337479807836944 0.9837191926004415 0
7864 8.336898074759489 -1.113509959835411 0
7865 8.465422658730349 -1.091659983356417 0
7866 8.337479807836942 -0.9837191926004416 0
7867 3.140723813627553 1.50121027506619 0
7868 3.066596294933871 1.650266279679931 0
7869 -3.140723813627553 -1.501210275066192 0
7870 -3.066596294933871 -1.650266279679931 0
7871 13.72839020594337 -1.602832129111826 0
7872 13.66534184030399 -1.4425833309074 0
7873 -13.72839020594336 1.602832129111825 0
7874 -13.66534184030399 1.4425833309074 0
7875 16.85465569537219 -0.3228482555298082 0
7876 -16.85465569537221 0.3228482555298084 0
7877 -9.01482367236723 -1.691604781281571 0
7878 -9.048430290253568 -1.878739380510541 0
7879 9.014823672367228 1.691604781281578 0
7880 9.048430290253567 1.878739380510545 0
7881 -3.771342071982364 1.119106347304246 0
7882 -3.85013120937416 1.249308615812125 0
7883 3.771342071982366 -1.119106347304245 0
7884 3.850131209374162 -1.249308615812125 0
7885 -15.2845300503427 -1.451801351547922 0
7886 -15.12545023913646 -1.425002213541671 0
7887 15.28453005034269 1.451801351547922 0
7888 15.12545023913646 1.425002213541671 0
7889 1.014831179548604 -0.4693394944490774 0
7890 0.9799554501603364 -0.5045019489924261 0
7891 -1.014831179548604 0.4693394944490774 0
7892 -0.9799554501603365 0.5045019489924261 0
7893 -1.806228095623562 -0.5715217657566065 0
7894 1.806228095623562 0.5715217657566068 0
7895 -1.880395276297921 -0.3634489241228342 0
7896 -1.792487554908244 -0.3427266011465062 0
7897 1.880395276297922 0.3634489241228352 0
7898 1.792487554908246 0.3427266011465071 0
7899 19.89013847699296 -1.58901158951632 0
7900 19.77426161428287 -1.617343149113401 0
7901 19.8841231372899 -1.74261727388359 0
7902 -19.89013847699295 1.589011589516319 0
7903 -19.77426161428287 1.617343149113402 0
7904 -19.8841231372899 1.74261727388359 0
7905 -19.87922270797279 -1.733934169306203 0
7906 -19.76936118496572 -1.608660044536774 0
7907 -19.89013847699292 -1.589011589515491 0
7908 19.87922270797279 1.733934169306201 0
7909 19.7693611849657 1.608660044536783 0
7910 19.89013847699291 1.589011589515502 0
7911 -2.419588098325431 -1.002299882586462 0
7912 -2.529099958393145 -1.079311842969846 0
7913 2.419588098325428 1.002299882586463 0
7914 2.52909995839314 1.079311842969848 0
7915 1.593941893039673 -1.257262118299993 0
7916 1.526600881321154 -1.309765027816574 0
7917 -1.593941893039672 1.257262118299991 0
7918 -1.526600881321153 1.309765027816574 0
7919 19.69177765783092 -1.531165881178194 0
7920 -19.69177765783094 1.531165881178195 0
7921 -19.6966221301649 -1.515731368835355 0
7922 19.69662213016489 1.515731368835367 0
7923 -19.47558891259856 0.5007197302184478 0
7924 -19.33960431476498 0.3992938313133833 0
7925 19.47558891259858 -0.5007197302184195 0
7926 19.33960431476502 -0.3992938313133714 0
7927 -3.112835199784338 0.4624170257699877 0
7928 -3.220015123744457 0.5587881213670266 0
7929 3.112835199784343 -0.4624170257699873 0
7930 3.220015123744462 -0.5587881213670252 0
7931 4.473191121646013 -1.216526320908187 0
7932 -4.47319112164601 1.216526320908181 0
7933 -14.60088749317329 0.02864534391148961 0
7934 -14.74498107840347 -0.05899308254487105 0
7935 14.60088749317329 -0.02864534391148962 0
7936 14.74498107840347 0.05899308254487105 0
7937 0.2069521065591151 -1.326520156198084 0
7938 -0.2069521065591148 1.326520156198084 0
7939 -8.506661996013177 -0.002295514766296629 0
7940 -8.393187446091614 0.03005081230309459 0
7941 -8.457275851698068 0.145888042497479 0
7942 8.506661996013177 0.002295514766296081 0
7943 8.393187446091616 -0.03005081230309513 0
7944 8.457275851698066 -0.1458880424974792 0
7945 -14.50299437146006 -0.8135847014939799 0
7946 -14.5995699144719 -0.8844353517029558 0
7947 14.50299437146007 0.8135847014939801 0
7948 14.59956991447189 0.8844353517029557 0
7949 14.995872446119 -0.5068748384269507 0
7950 -14.995872446119 0.5068748384269506 0
7951 6.672877222293632 -1.53797643297651 0
7952 6.555971837111746 -1.599064959133268 0
7953 -6.672877222293636 1.537976432976515 0
7954 -6.555971837111746 1.599064959133273 0
7955 -14.05303993425401 -0.3397641661689466 0
7956 -13.9089640592219 -0.2924090934356903 0
7957 14.05303993425401 0.3397641661689464 0
7958 13.9089640592219 0.2924090934356903 0
7959 2.796614126384229 1.894518423974653 0
7960 -2.796614126384228 -1.894518423974653 0
7961 0.6854902638663624 -1.165625828104927 0
7962 0.7008425101751878 -1.085502555065213 0
7963 -0.6854902638663625 1.165625828104926 0
7964 -0.7008425101751878 1.085502555065213 0
7965 -13.26307913598688 -0.3231973555036329 0
7966 -13.21626670223511 -0.223594534920482 0
7967 -13.38602338714268 -0.2140554954291979 0
7968 13.26307913598688 0.3231973555036329 0
7969 13.21626670223512 0.2235945349204821 0
7970 13.38602338714267 0.2140554954291978 0
7971 13.24231267933324 0.07426968228440976 0
7972 13.11936842817744 0.1834115423588448 0
7973 -13.24231267933325 -0.07426968228440979 0
7974 -13.11936842817744 -0.1834115423588448 0
7975 -2.071861069382029 -0.2662950035020085 0
7976 2.071861069382031 0.2662950035020099 0
7977 1.35595406007064 -0.6493394514550266 0
7978 1.432341482316843 -0.6163724708154614 0
7979 -1.355954060070639 0.6493394514550266 0
7980 -1.432341482316843 0.6163724708154614 0
7981 2.973200153059777 0.6610461574795061 0
7982 -2.973200153059775 -0.6610461574794992 0
7983 -2.270452646434098 1.577772967586515 0
7984 -2.123656827814531 1.595657307469297 0
7985 2.270452646434101 -1.577772967586515 0
7986 2.123656827814534 -1.595657307469297 0
7987 -1.047392989825286 -0.2510320623441187 0
7988 -0.9982834973229417 -0.2611527268188381 0
7989 1.047392989825286 0.2510320623441187 0
7990 0.9982834973229417 0.2611527268188381 0
7991 1.007275343414991 -0.257728794805194 0
7992 -1.007275343414991 0.257728794805194 0
7993 -15.64154170529783 -0.2629470812967369 0
7994 -15.61922025878697 -0.1019208355374353 0
7995 -15.75031288930661 -0.1660548270552057 0
7996 15.64154170529782 0.2629470812967368 0
7997 15.61922025878698 0.1019208355374353 0
7998 15.75031288930661 0.1660548270552056 0
7999 -2.617607814961391 -1.261901495291984 0
8000 2.617607814961388 1.261901495291986 0
8001 16.63537384973791 -1.01839786887014 0
8002 16.53217863247979 -0.8834809345993445 0
8003 -16.63537384973791 1.01839786887014 0
8004 -16.5321786324798 0.8834809345993446 0
8005 -19.73480665680599 -0.3154234764842094 0
8006 -19.8926924326935 -0.2407673613295652 0
8007 19.73480665680596 0.315423476484248 0
8008 19.89269243269345 0.24076736132961 0
8009 9.343979029718522 -0.988894681422971 0
8010 9.269032225619863 -0.8929967699677803 0
8011 9.182717461623589 -1.012182246053924 0
8012 -9.34397902971852 0.988894681422971 0
8013 -9.269032225619862 0.8929967699677804 0
8014 -9.182717461623589 1.012182246053924 0
8015 -0.9876267952717546 -0.2989385420783528 0
8016 -1.024216227161672 -0.3332404585549412 0
8017 0.9876267952717546 0.2989385420783528 0
8018 1.024216227161672 0.3332404585549412 0
8019 0.4874957040673141 0.9113803468609625 0
8020 0.4891491321187555 0.9621753317021686 0
8021 -0.4874957040673141 -0.9113803468609625 0
8022 -0.4891491321187555 -0.9621753317021685 0
8023 15.04081487546467 -1.536503874333071 0
8024 15.11506209442924 -1.617873789128146 0
8025 -15.04081487546466 1.536503874333071 0
8026 -15.11506209442924 1.617873789128146 0
8027 14.92740128977266 -1.519884278507933 0
8028 14.99954644054927 -1.379046830755173 0
8029 -14.92740128977266 1.519884278507934 0
8030 -14.99954644054926 1.379046830755172 0
8031 4.302694756069778 -1.894228426202338 0
8032 4.32660365510465 -1.706156585490674 0
8033 4.203013376627341 -1.811928159288337 0
8034 -4.302694756069774 1.894228426202338 0
8035 -4.326603655104637 1.706156585490672 0
8036 -4.203013376627336 1.811928159288335 0
8037 -0.4125102316727267 -0.9968639930134935 0
8038 -0.375203269934174 -0.9625055123338326 0
8039 0.4125102316727267 0.9968639930134935 0
8040 0.375203269934174 0.9625055123338326 0
8041 -4.781403285276867 -0.2080238966245722 0
8042 4.781403285276879 0.2080238966245725 0
8043 5.532828654033052 1.334066358584759 0
8044 5.381693889337408 1.420543726873503 0
8045 -5.532828654033044 -1.33406635858475 0
8046 -5.381693889337402 -1.420543726873497 0
8047 0.9306550921243032 -0.4555368473823488 0
8048 -0.9306550921243032 0.4555368473823489 0
8049 7.056973381541106 -1.353223592776278 0
8050 6.926672880898892 -1.293024829889232 0
8051 -7.056973381541106 1.353223592776278 0
8052 -6.926672880898895 1.293024829889232 0
8053 16.54485177608358 -1.715941979052475 0
8054 16.69706671806461 -1.763952102802028 0
8055 -16.54485177608358 1.715941979052474 0
8056 -16.69706671806461 1.763952102802027 0
8057 -16.38553910513274 -1.156606839257939 0
8058 -16.41046897949797 -1.259052956820685 0
8059 -16.26297055171075 -1.248838898236098 0
8060 16.38553910513274 1.156606839257939 0
8061 16.41046897949797 1.259052956820686 0
8062 16.26297055171076 1.248838898236099 0
8063 0.1425981028250825 1.129878937765468 0
8064 0.100928262867644 1.181578764262133 0
8065 -0.1425981028250825 -1.129878937765468 0
8066 -0.100928262867644 -1.181578764262133 0
8067 10.14151610872577 0.2556546074907707 0
8068 10.0227405908836 0.3888130312347604 0
8069 -10.14151610872577 -0.2556546074907706 0
8070 -10.0227405908836 -0.3888130312347604 0
8071 4.840306656433104 1.315521964917345 0
8072 -4.840306656433103 -1.315521964917344 0
8073 0.8118308705830344 0.8248179147836754 0
8074 0.7548417268668215 0.8273206944205557 0
8075 0.7928726647708855 0.7881069546217749 0
8076 -0.8118308705830343 -0.8248179147836754 0
8077 -0.7548417268668215 -0.8273206944205557 0
8078 -0.7928726647708855 -0.7881069546217749 0
8079 -12.30191626320469 -1.863709334744879 0
8080 12.30191626320469 1.863709334744879 0
8081 -10.21199054427471 -1.864849597496959 0
8082 10.21199054427471 1.864849597496959 0
8083 12.30280961648736 -1.864340124330502 0
8084 -12.30280961648736 1.864340124330502 0
8085 10.21325737768045 -1.864340124330876 0
8086 -10.21325737768045 1.864340124330876 0
8087 -1.024860889115864 0.1049148464853225 0
8088 1.024860889115864 -0.1049148464853225 0
8089 1.208103335813403 0.6230039914007344 0
8090 -1.208103335813402 -0.623003991400734 0
8091 6.425988391035254 0.2533355554725165 0
8092 6.425513663586782 0.07439244410572068 0
8093 6.546803910718966 0.1308634784283756 0
8094 -6.425988391035254 -0.2533355554725115 0
8095 -6.425513663586782 -0.07439244410571674 0
8096 -6.546803910718963 -0.1308634784283734 0
8097 6.266180323156423 0.07823869801924183 0
8098 -6.266180323156423 -0.0782386980192364 0
8099 4.571848792423073 1.781033771667726 0
8100 -4.571848792423066 -1.781033771667725 0
8101 1.273889857903161 -1.695943307254919 0
8102 1.389837076756098 -1.770167700601084 0
8103 -1.273889857903161 1.695943307254919 0
8104 -1.389837076756097 1.770167700601085 0
8105 -13.33471249689595 -0.4283186834337339 0
8106 13.33471249689595 0.428318683433734 0
8107 -6.6774334852956 1.2865414728086 0
8108 -6.805647012049125 1.230186063630596 0
8109 6.677433485295595 -1.2865414728086 0
8110 6.805647012049119 -1.230186063630597 0
8111 6.939570575786364 -1.165284017645381 0
8112 -6.939570575786368 1.165284017645379 0
8113 14.71927890490377 -0.9110071333420665 0
8114 14.82165642741833 -1.047723617219486 0
8115 -14.71927890490377 0.9110071333420671 0
8116 -14.82165642741833 1.047723617219486 0
8117 -12.49342977727799 -1.004094186000433 0
8118 12.49342977727799 1.004094186000433 0
8119 -9.363105322107552 -0.311352333403892 0
8120 -9.483584124659124 -0.4194422723144028 0
8121 9.363105322107554 0.311352333403892 0
8122 9.483584124659124 0.4194422723144029 0
8123 16.48731031573189 -1.405864909379412 0
8124 16.622686904124 -1.279208760070947 0
8125 -16.48731031573189 1.405864909379412 0
8126 -16.62268690412401 1.279208760070947 0
8127 15.04651977412933 -1.893932889619333 0
8128 15.06816806931232 -1.732603550662251 0
8129 14.94702142950509 -1.838670661042917 0
8130 -15.04651977412933 1.893932889619334 0
8131 -15.06816806931232 1.732603550662251 0
8132 -14.9470214295051 1.838670661042917 0
8133 -14.82869556840605 -0.3353074153434334 0
8134 14.82869556840605 0.3353074153434335 0
8135 -2.408247357241399 1.149034020481805 0
8136 -2.554598197543206 1.204874131249322 0
8137 2.408247357241406 -1.149034020481804 0
8138 2.554598197543211 -1.204874131249322 0
8139 -9.625848716761567 -0.4509981866969628 0
8140 -9.772788657508148 -0.5428566563855381 0
8141 9.625848716761563 0.4509981866969629 0
8142 9.772788657508144 0.5428566563855385 0
8143 -2.118827066548913 -1.272910878175553 0
8144 2.118827066548912 1.272910878175553 0
8145 -11.43678998721483 -0.2628959896126287 0
8146 -11.54803118505768 -0.3571963571723811 0
8147 -11.45885773537819 -0.4095819622431006 0
8148 11.43678998721483 0.2628959896126286 0
8149 11.54803118505768 0.3571963571723811 0
8150 11.45885773537819 0.4095819622431005 0
8151 13.14614267635361 -0.9089904197371981 0
8152 13.05246416951226 -0.7769551684950821 0
8153 -13.14614267635361 0.9089904197371981 0
8154 -13.05246416951226 0.7769551684950819 0
8155 -11.33079433203414 -0.6128240470129208 0
8156 -11.42664009018146 -0.5121334226753623 0
8157 -11.47425317507371 -0.6045729541404112 0
8158 11.33079433203414 0.6128240470129207 0
8159 11.42664009018147 0.5121334226753624 0
8160 11.47425317507371 0.6045729541404112 0
8161 -11.31539889233862 -0.41783305511561 0
8162 11.31539889233862 0.41783305511561 0
8163 -17.61741784745378 0.7829978688047419 0
8164 -17.77000865178252 0.6982342341957904 0
8165 17.61741784745376 -0.7829978688047416 0
8166 17.77000865178251 -0.6982342341957903 0
8167 -16.80906430313761 -1.076169779083733 0
8168 -16.66242940256095 -1.186626992433079 0
8169 16.80906430313761 1.076169779083733 0
8170 16.66242940256096 1.186626992433079 0
8171 0.1837231841129328 -1.024258407412479 0
8172 0.2222286335209142 -1.016599197313852 0
8173 -0.1837231841129328 1.024258407412479 0
8174 -0.2222286335209142 1.016599197313852 0
8175 18.17534492521301 -0.7832512300798303 0
8176 18.12922944379477 -0.9103699883047028 0
8177 -18.17534492521301 0.7832512300798303 0
8178 -18.12922944379478 0.9103699883047032 0
8179 -10.82068365740364 -0.5478635900596576 0
8180 -10.92725305277701 -0.4627272971505409 0
8181 10.82068365740364 0.5478635900596577 0
8182 10.92725305277701 0.462727297150541 0
8183 9.342012568505263 -0.7984099602097703 0
8184 9.48741836789126 -0.7149332101926889 0
8185 9.399137142681724 -0.6436339650656315 0
8186 -9.342012568505263 0.7984099602097702 0
8187 -9.487418367891259 0.7149332101926889 0
8188 -9.399137142681724 0.6436339650656315 0
8189 -5.880370446693204 1.032966867900827 0
8190 5.880370446693214 -1.032966867900828 0
8191 -0.7602378878849122 -0.757441761639372 0
8192 -0.817227031601125 -0.7549389820024918 0
8193 0.7602378878849122 0.757441761639372 0
8194 0.817227031601125 0.7549389820024917 0
8195 1.026493227285488 0.6861897684116505 0
8196 1.026046366705 0.7380471271883737 0
8197 -1.026493227285487 -0.6861897684116505 0
8198 -1.026046366705 -0.7380471271883735 0
8199 -7.939155117813653 0.06625246028224274 0
8200 -7.887467523523615 -0.1016475996858895 0
8201 7.939155117813653 -0.06625246028224319 0
8202 7.887467523523616 0.1016475996858895 0
8203 -16.87451288757627 -0.3968896497912104 0
8204 -16.77690067267128 -0.358246141468415 0
8205 -16.88657340703907 -0.2936145683989106 0
8206 16.87451288757627 0.3968896497912107 0
8207 16.77690067267127 0.3582461414684152 0
8208 16.88657340703908 0.2936145683989108 0
8209 -0.7214951511215434 -0.748858257721668 0
8210 0.7214951511215434 0.748858257721668 0
8211 18.13607202802306 -1.07001064814687 0
8212 18.01782079080202 -0.9845370341158043 0
8213 -18.13607202802307 1.07001064814687 0
8214 -18.01782079080203 0.9845370341158037 0
8215 1.004343051199565 -0.7136653714536696 0
8216 1.015392697849197 -0.659787887877928 0
8217 -1.004343051199565 0.7136653714536697 0
8218 -1.015392697849197 0.6597878878779281 0
8219 4.457722412299777 1.498299418499014 0
8220 4.394676040666926 1.338008929748782 0
8221 -4.457722412299772 -1.498299418499016 0
8222 -4.394676040666917 -1.338008929748783 0
8223 -0.4856368809312743 1.041283722391224 0
8224 0.4856368809312746 -1.041283722391225 0
8225 0.6312408980524047 -0.8256503989876481 0
8226 -0.6312408980524046 0.825650398987648 0
8227 -7.467365838817171 -0.01582139013443038 0
8228 7.467365838817175 0.01582139013442849 0
8229 5.921811200900786 -0.3472210643492461 0
8230 6.010833661893594 -0.471823875454967 0
8231 -5.921811200900784 0.3472210643492428 0
8232 -6.01083366189359 0.4718238754549607 0
8233 -0.8157277074907012 1.693065352274127 0
8234 -0.9257028535454599 1.652008796447591 0
8235 0.8157277074907004 -1.693065352274127 0
8236 0.9257028535454593 -1.652008796447591 0
8237 -17.10002807229757 -0.4358223062137176 0
8238 -17.07492325766912 -0.5449596877452102 0
8239 -16.95908080731562 -0.4413954582531989 0
8240 17.10002807229757 0.4358223062137175 0
8241 17.07492325766911 0.5449596877452102 0
8242 16.95908080731562 0.4413954582531989 0
8243 -16.96953459305708 -0.6520254000393255 0
8244 -17.11048185803901 -0.6464522479998436 0
8245 16.96953459305707 0.6520254000393253 0
8246 17.11048185803902 0.6464522479998439 0
8247 -16.84940807294782 -0.5060270313227033 0
8248 16.84940807294782 0.5060270313227033 0
8249 9.600875719533061 -0.7170748074038941 0
8250 9.543751145356596 -0.8718508025480324 0
8251 -9.600875719533061 0.717074807403894 0
8252 -9.543751145356598 0.8718508025480326 0
8253 13.02031716611601 0.06036018273708109 0
8254 13.08715007668677 -0.08032158015022772 0
8255 -13.02031716611602 -0.06036018273708111 0
8256 -13.08715007668678 0.08032158015022772 0
8257 0.3328568049318167 -1.044935928637879 0
8258 0.3558254120778997 -1.097305798633197 0
8259 -0.3328568049318167 1.04493592863788 0
8260 -0.3558254120778996 1.097305798633197 0
8261 17.60137829471863 -1.768275966643256 0
8262 17.75398554003317 -1.69745081475336 0
8263 -17.60137829471865 1.768275966643257 0
8264 -17.75398554003317 1.69745081475336 0
8265 -7.823340464804502 1.215622218569454 0
8266 -7.663981141033354 1.227125162161653 0
8267 7.823340464804502 -1.215622218569455 0
8268 7.663981141033354 -1.227125162161654 0
8269 -1.882558852262409 -0.4439540116788073 0
8270 -1.978359111367064 -0.3861353446572849 0
8271 1.88255885226241 0.4439540116788082 0
8272 1.978359111367063 0.3861353446572861 0
8273 -17.8042841391988 -0.2100947489037937 0
8274 -17.88278263799171 -0.03682277743534815 0
8275 17.8042841391988 0.2100947489037723 0
8276 17.8827826379917 0.03682277743532619 0
8277 -11.79450003370169 -0.9403072560260124 0
8278 -11.87548192857233 -0.8558379492038189 0
8279 11.79450003370169 0.9403072560260125 0
8280 11.87548192857233 0.8558379492038191 0
8281 -4.184067504142574 0.08427614955891916 0
8282 -4.001184584761878 0.1004176680136721 0
8283 4.184067504142576 -0.08427614955891713 0
8284 4.001184584761886 -0.1004176680136699 0
8285 1.18073940844814 -0.9331112557367653 0
8286 1.112801388976239 -0.9188316556257092 0
8287 -1.18073940844814 0.9331112557367649 0
8288 -1.11280138897624 0.918831655625709 0
8289 7.065803028908526 -1.088727942436811 0
8290 7.161092760578057 -1.175262635794779 0
8291 -7.065803028908526 1.088727942436809 0
8292 -7.161092760578055 1.175262635794778 0
8293 5.902756595126327 1.879939301373855 0
8294 5.99243701954218 1.716186169880003 0
8295 -5.902756595126323 -1.879939301373855 0
8296 -5.992437019542177 -1.716186169880003 0
8297 -5.142148636730007 0.5184403851998454 0
8298 -5.009183733551872 0.6188482845969066 0
8299 5.142148636730013 -0.5184403851998471 0
8300 5.009183733551881 -0.6188482845969067 0
8301 -5.15866264544746 -1.042138710575949 0
8302 -5.062948408114111 -0.974670295954452 0
8303 5.158662645447464 1.042138710575952 0
8304 5.062948408114118 0.9746702959544553 0
8305 -0.6670579404675175 1.715095138616856 0
8306 0.6670579404675168 -1.715095138616857 0
8307 -16.3412546108729 -1.901273706997749 0
8308 -16.39822385875691 -1.758811452808929 0
8309 16.3412546108729 1.901273706997748 0
8310 16.39822385875691 1.758811452808929 0
8311 -8.323721971492542 -0.08234841235713636 0
8312 8.323721971492542 0.08234841235713562 0
8313 11.25062299933149 -1.206452829241782 0
8314 11.38585396544864 -1.215272980218638 0
8315 -11.25062299933149 1.206452829241782 0
8316 -11.38585396544864 1.215272980218638 0
8317 16.62596455630293 -0.7563404621462444 0
8318 16.79792851622686 -0.8074246233481843 0
8319 16.76945430225957 -0.6786438781078326 0
8320 -16.62596455630293 0.7563404621462445 0
8321 -16.79792851622686 0.8074246233481843 0
8322 -16.76945430225956 0.6786438781078321 0
8323 14.2169507137645 -1.871537395675017 0
8324 -14.2169507137645 1.871537395675017 0
8325 6.45527676306917 0.5363397285305606 0
8326 6.580246532704958 0.6368898502346582 0
8327 -6.455276763069163 -0.5363397285305519 0
8328 -6.580246532704951 -0.6368898502346494 0
8329 -7.968972718597083 -0.8793464962965185 0
8330 7.968972718597087 0.8793464962965188 0
8331 8.285428021243687 -1.612222727658694 0
8332 8.438581443112557 -1.613875037915821 0
8333 -8.285428021243687 1.612222727658694 0
8334 -8.438581443112556 1.613875037915821 0
8335 7.958057640604782 -0.2817129495070928 0
8336 -7.958057640604784 0.2817129495070922 0
8337 -0.5591970732922125 -0.8770000191395235 0
8338 0.5591970732922125 0.8770000191395235 0
8339 -3.92746943289201 -0.6246084756502153 0
8340 -4.049183364908856 -0.5236342050778205 0
8341 -4.063470246243829 -0.6637604104655036 0
8342 3.927469432892018 0.6246084756502178 0
8343 4.049183364908867 0.5236342050778253 0
8344 4.063470246243838 0.6637604104655075 0
8345 17.96664540867657 0.4122832422036492 0
8346 -17.96664540867655 -0.4122832422036607 0
8347 16.64159137134477 0.5455900774478709 0
8348 16.54788922051857 0.4818084945782006 0
8349 16.67113800238229 0.3977396399910448 0
8350 -16.64159137134477 -0.5455900774478708 0
8351 -16.54788922051859 -0.4818084945782009 0
8352 -16.67113800238228 -0.3977396399910446 0
8353 16.43983573702038 0.5555885413759282 0
8354 16.46938236805789 0.407738103919102 0
8355 -16.43983573702037 -0.5555885413759281 0
8356 -16.46938236805789 -0.4077381039191019 0
8357 9.184505718467605 -1.647476970114086 0
8358 9.33417107623359 -1.648706404800082 0
8359 -9.1845057184676 1.647476970114085 0
8360 -9.334171076233586 1.648706404800082 0
8361 11.26716756187823 -1.645068886150498 0
8362 11.41781726184256 -1.64664233283191 0
8363 -11.26716756187823 1.645068886150498 0
8364 -11.41781726184256 1.64664233283191 0
8365 -11.42336462898899 -1.646580626817417 0
8366 -11.26768242982595 -1.639099176758293 0
8367 11.42336462898899 1.646580626817417 0
8368 11.26768242982594 1.639099176758293 0
8369 -0.884200960261686 -0.5538512944267255 0
8370 0.8842009602616858 0.5538512944267255 0
8371 18.0148018246485 -1.270363905454134 0
8372 18.17890191522867 -1.211104480496778 0
8373 -18.01480182464852 1.270363905454136 0
8374 -18.17890191522869 1.211104480496778 0
8375 -15.65937116945758 -0.3991764873326454 0
8376 -15.52827853893796 -0.3350424958148749 0
8377 15.65937116945757 0.3991764873326452 0
8378 15.52827853893795 0.3350424958148749 0
8379 7.286742773257021 0.5399174100617135 0
8380 7.146312335315734 0.65290726668315 0
8381 -7.286742773257014 -0.5399174100617151 0
8382 -7.146312335315729 -0.6529072666831506 0
8383 17.93490785468147 -1.068055273107252 0
8384 17.88391785561241 -1.191082836603845 0
8385 -17.93490785468147 1.068055273107253 0
8386 -17.8839178556124 1.191082836603844 0
8387 2.475642542698822 -0.2320379781497141 0
8388 2.496777891251738 -0.1370905424727585 0
8389 2.390350359082419 -0.1151630335825711 0
8390 -2.475642542698818 0.2320379781497127 0
8391 -2.496777891251732 0.1370905424727561 0
8392 -2.390350359082415 0.1151630335825686 0
8393 19.6069157604225 1.878461997602617 0
8394 19.63539219973877 1.755253309766359 0
8395 19.72996897662933 1.876791312163741 0
8396 -19.60691576042251 -1.878461997602616 0
8397 -19.63539219973877 -1.755253309766358 0
8398 -19.72996897662932 -1.876791312163743 0
8399 -1.086661777234823 -0.2621086316817673 0
8400 1.086661777234823 0.2621086316817673 0
8401 15.77611372453803 -0.124496799827982 0
8402 15.65203859649783 -0.1257828681527341 0
8403 15.70016087824011 -0.2553082492766201 0
8404 -15.77611372453803 0.124496799827982 0
8405 -15.65203859649783 0.1257828681527341 0
8406 -15.70016087824011 0.2553082492766202 0
8407 -0.8765885822867656 0.5547873238192678 0
8408 0.8765885822867656 -0.5547873238192678 0
8409 -1.618689583918157 0.8959958545519313 0
8410 -1.635202132035784 0.9967275859838993 0
8411 -1.724342984011604 0.927836209762103 0
8412 1.618689583918159 -0.8959958545519329 0
8413 1.635202132035786 -0.9967275859839007 0
8414 1.724342984011606 -0.9278362097621049 0
8415 15.58719550741343 -0.01959748265749426 0
8416 -15.58719550741343 0.01959748265749426 0
8417 6.480370352224625 -1.675147453620005 0
8418 6.47173474739876 -1.519878983191256 0
8419 -6.48037035222462 1.675147453620006 0
8420 -6.471734747398759 1.51987898319126 0
8421 -2.305467690008422 -0.9364410699828482 0
8422 -2.459642407412848 -0.8865596814017636 0
8423 2.305467690008421 0.9364410699828487 0
8424 2.459642407412847 0.8865596814017653 0
8425 -1.497269279963389 -0.3630507268915549 0
8426 1.49726927996339 0.3630507268915553 0
8427 -14.39885935023787 -1.599984054071901 0
8428 -14.23626448710039 -1.60518094870014 0
8429 14.39885935023787 1.599984054071901 0
8430 14.23626448710039 1.60518094870014 0
8431 8.417776364680178 1.215223469640414 0
8432 -8.417776364680179 -1.215223469640406 0
8433 -16.77068209668583 -1.323146764193123 0
8434 -16.91593865514252 -1.29438998069108 0
8435 16.77068209668583 1.323146764193122 0
8436 16.91593865514252 1.29438998069108 0
8437 12.01742221478356 -1.217603767585463 0
8438 12.10569059850205 -1.289114250552692 0
8439 -12.01742221478356 1.217603767585464 0
8440 -12.10569059850205 1.289114250552692 0
8441 1.266179507670779 -0.8155258956697431 0
8442 -1.266179507670779 0.8155258956697428 0
8443 14.42488214016963 -0.4013348825446 0
8444 -14.42488214016963 0.4013348825445999 0
8445 -8.566542577952095 -1.784089783476577 0
8446 8.566542577952102 1.784089783476578 0
8447 1.18224690725386 0.08234416106374541 0
8448 -1.18224690725386 -0.08234416106374502 0
8449 -18.34279872394988 -0.6498164460791448 0
8450 -18.27195153993964 -0.8078552538553617 0
8451 18.34279872394986 0.6498164460791509 0
8452 18.27195153993958 0.8078552538553775 0
8453 -13.84807880453984 -0.4949608452994776 0
8454 -13.94851181962736 -0.5993589931934626 0
8455 13.84807880453984 0.4949608452994778 0
8456 13.94851181962736 0.5993589931934628 0
8457 -11.69643446512987 -0.85734205512434 0
8458 11.69643446512987 0.85734205512434 0
8459 -4.729423318635466 -1.238700005040017 0
8460 -4.586020400059709 -1.175938067457325 0
8461 4.729423318635467 1.238700005040018 0
8462 4.586020400059713 1.175938067457326 0
8463 -0.09152298337829845 1.591057430123107 0
8464 -0.01816147397598356 1.648863479576823 0
8465 -0.102882922552345 1.693810827292869 0
8466 0.09152298337829839 -1.591057430123108 0
8467 0.01816147397598338 -1.648863479576824 0
8468 0.1028829225523453 -1.69381082729287 0
8469 10.55535350827755 -0.2019743511357246 0
8470 10.46848616274044 -0.3138330702978505 0
8471 -10.55535350827754 0.2019743511357246 0
8472 -10.46848616274044 0.3138330702978503 0
8473 10.12545425976534 -0.3131304991527419 0
8474 10.03877094182037 -0.2000265189266771 0
8475 -10.12545425976533 0.3131304991527418 0
8476 -10.03877094182037 0.200026518926677 0
8477 -9.738018968893067 -1.593354296827464 0
8478 -9.891448928926968 -1.523333034261172 0
8479 9.738018968893069 1.593354296827466 0
8480 9.89144892892697 1.523333034261172 0
8481 8.274335827177431 -0.06583514490663969 0
8482 -8.274335827177431 0.06583514490663923 0
8483 1.063485014571209 0.3443170278925897 0
8484 -1.063485014571209 -0.3443170278925898 0
8485 7.601958462060212 -0.7557388689821878 0
8486 7.522696473990957 -0.9094722962776951 0
8487 -7.601958462060214 0.7557388689821871 0
8488 -7.522696473990958 0.9094722962776909 0
8489 -17.10090561389632 -0.1799756274626307 0
8490 -17.06176719265464 -0.03003171110806255 0
8491 17.10090561389631 0.1799756274626306 0
8492 17.06176719265464 0.03003171110806254 0
8493 -1.698517427295687 -1.175969996254968 0
8494 -1.605721764014451 -1.210294014255453 0
8495 -1.598758927068455 -1.123275137083766 0
8496 1.698517427295687 1.175969996254969 0
8497 1.605721764014451 1.210294014255453 0
8498 1.598758927068455 1.123275137083766 0
8499 -0.277747478619864 -1.182004993453406 0
8500 0.2777474786198639 1.182004993453405 0
8501 1.031909026815897 0.09920672711224937 0
8502 -1.031909026815897 -0.09920672711224936 0
8503 -14.28794506535289 -0.5052123165911337 0
8504 -14.16062578222745 -0.3929923767709454 0
8505 -14.27921816575774 -0.3558258167015461 0
8506 14.2879450653529 0.5052123165911337 0
8507 14.16062578222745 0.3929923767709455 0
8508 14.27921816575774 0.3558258167015459 0
8509 -6.664162610536343 -0.07100193576294886 0
8510 -6.664637337984815 -0.2499450471297435 0
8511 6.664162610536343 0.07100193576294478 0
8512 6.664637337984816 0.2499450471297406 0
8513 -6.824934448449161 -0.07262167934614754 0
8514 6.824934448449161 0.07262167934614235 0
8515 2.813524019307232 0.6619013781752595 0
8516 -2.813524019307234 -0.6619013781752543 0
8517 0.9287585170154459 1.651335313503919 0
8518 0.8014530525741682 1.689391271023099 0
8519 -0.9287585170154457 -1.651335313503919 0
8520 -0.8014530525741682 -1.6893912710231 0
8521 -11.36645265949956 -0.8158185086504295 0
8522 -11.25849672187002 -0.7217401966159488 0
8523 11.36645265949956 0.8158185086504295 0
8524 11.25849672187002 0.7217401966159489 0
8525 -6.028156546778615 -1.602783243871394 0
8526 -5.98366223714766 -1.448429849153497 0
8527 6.028156546778618 1.602783243871395 0
8528 5.983662237147664 1.448429849153499 0
8529 0.5212095623354027 -0.8905125630140043 0
8530 0.5631146376731211 -0.9178950395414875 0
8531 -0.5212095623354026 0.8905125630140041 0
8532 -0.5631146376731209 0.9178950395414871 0
8533 -16.39542753476755 -1.638393066262177 0
8534 16.39542753476756 1.638393066262177 0
8535 1.299528252467447 1.643724899264139 0
8536 1.254012880678895 1.753466226870756 0
8537 -1.299528252467447 -1.643724899264139 0
8538 -1.254012880678895 -1.753466226870756 0
8539 -11.3110079071632 -0.1882556844104424 0
8540 11.3110079071632 0.1882556844104424 0
8541 -0.9327754046857824 -0.4533056468565352 0
8542 0.9327754046857824 0.4533056468565352 0
8543 -17.77492117626274 -0.2994975995480632 0
8544 17.77492117626275 0.2994975995480508 0
8545 -1.171170464049518 1.014044128070965 0
8546 1.171170464049518 -1.014044128070965 0
8547 -16.50523328282156 -1.295087105400703 0
8548 -16.38266472939958 -1.387319164378863 0
8549 16.50523328282157 1.295087105400704 0
8550 16.38266472939958 1.387319164378864 0
8551 -13.26673188909044 -0.74359501045136 0
8552 -13.33471249689599 -0.6350448829691344 0
8553 13.26673188909044 0.74359501045136 0
8554 13.33471249689599 0.6350448829691343 0
8555 6.623120447634808 1.869516641278227 0
8556 -6.623120447634809 -1.869516641278227 0
8557 -6.975971170203991 -0.007724379334876689 0
8558 -6.933032759557024 -0.1251862044530482 0
8559 6.975971170203992 0.007724379334876699 0
8560 6.933032759557024 0.1251862044530442 0
8561 -6.944777160058758 1.025889176178173 0
8562 -6.928468914850551 0.8871962141908131 0
8563 6.944777160058753 -1.025889176178176 0
8564 6.928468914850548 -0.8871962141908151 0
8565 -1.566711152919177 -0.3912251213508799 0
8566 -1.551812462212155 -0.4739013821032093 0
8567 1.566711152919178 0.3912251213508804 0
8568 1.551812462212156 0.4739013821032093 0
8569 -2.543939592516841 0.7998512874947754 0
8570 2.543939592516845 -0.7998512874947752 0
8571 -15.0690849044894 -0.6705169528303223 0
8572 -14.90940835421295 -0.6076735691633331 0
8573 15.0690849044894 0.6705169528303225 0
8574 14.90940835421295 0.6076735691633333 0
8575 -13.80622903931741 0.1720975074017927 0
8576 13.80622903931741 -0.1720975074017928 0
8577 16.02790452556978 -1.651160247394779 0
8578 -16.0279045255698 1.65116024739478 0
8579 -3.943072214305765 1.897928186128918 0
8580 -3.856270591901354 1.777189773592322 0
8581 -3.793795392501118 1.879261587463404 0
8582 3.943072214305766 -1.897928186128918 0
8583 3.856270591901358 -1.777189773592323 0
8584 3.79379539250112 -1.879261587463405 0
8585 16.26159660602002 -0.8825446454137365 0
8586 -16.26159660602001 0.8825446454137362 0
8587 4.218735833029519 0.2796745583585282 0
8588 4.268712038003517 0.4402106888291524 0
8589 4.135207973286692 0.4022500094224907 0
8590 -4.21873583302951 -0.2796745583585256 0
8591 -4.268712038003504 -0.4402106888291487 0
8592 -4.13520797328668 -0.4022500094224856 0
8593 -8.986755691233302 -0.1518987987345496 0
8594 -8.853006721008683 -0.2256556090732604 0
8595 8.986755691233302 0.1518987987345509 0
8596 8.853006721008683 0.225655609073261 0
8597 1.833163800451208 -0.2719105483052798 0
8598 1.918888783900093 -0.1888290573894988 0
8599 -1.833163800451206 0.2719105483052787 0
8600 -1.91888878390009 0.1888290573894986 0
8601 18.43672224607871 1.884820425691374 0
8602 18.48649779169258 1.721099278637805 0
8603 -18.43672224607869 -1.884820425691379 0
8604 -18.48649779169255 -1.721099278637813 0
8605 -14.81045277291395 0.07663069789162369 0
8606 14.81045277291395 -0.07663069789162372 0
8607 8.129164793192842 -1.867482846408994 0
8608 -8.129164793192842 1.867482846408994 0
8609 -0.9528284479621176 1.002971748748441 0
8610 -0.9989225608189879 0.9551632665433187 0
8611 -0.9498067445269152 0.9261385991509365 0
8612 0.9528284479621174 -1.002971748748441 0
8613 0.9989225608189877 -0.9551632665433187 0
8614 0.949806744526915 -0.9261385991509364 0
8615 -2.70798069954084 -0.6152894298684796 0
8616 2.70798069954084 0.6152894298684843 0
8617 -1.284050786094688 0.1405035566607491 0
8618 -1.258357197825787 0.1921369827158509 0
8619 1.284050786094689 -0.1405035566607496 0
8620 1.258357197825787 -0.1921369827158514 0
8621 3.951299597662459 -1.6900057456094 0
8622 4.116234844684107 -1.709856345417254 0
8623 -3.951299597662457 1.690005745609399 0
8624 -4.116234844684104 1.709856345417253 0
8625 19.0916431187267 0.9534673109891558 0
8626 19.04122492971422 0.8438236354391188 0
8627 -19.09164311872671 -0.9534673109891146 0
8628 -19.04122492971424 -0.8438236354390712 0
8629 0.3722241224357411 -0.9675283880601164 0
8630 -0.3722241224357411 0.9675283880601165 0
8631 3.999207159934871 0.3630980746072011 0
8632 -3.999207159934863 -0.3630980746071976 0
8633 1.406333755774009 -0.3124155041925452 0
8634 -1.406333755774008 0.312415504192545 0
8635 18.98148799722271 0.6354776653813091 0
8636 -18.98148799722272 -0.6354776653813022 0
8637 -17.80658057679486 -1.873922366537737 0
8638 17.80658057679487 1.873922366537737 0
8639 -4.077543382243253 -1.879827296410037 0
8640 -4.11114311445732 -1.696286239239012 0
8641 4.077543382243251 1.879827296410036 0
8642 4.111143114457325 1.696286239239011 0
8643 0.4883692780736099 -0.9600600836572221 0
8644 0.4869555298470569 -0.9096957429311214 0
8645 -0.4883692780736096 0.9600600836572218 0
8646 -0.4869555298470568 0.9096957429311212 0
8647 -5.936042723206768 -0.3542113956900347 0
8648 -5.903352124269524 -0.2328043624779348 0
8649 -6.046016644588805 -0.2187380519169891 0
8650 5.936042723206767 0.3542113956900382 0
8651 5.903352124269525 0.2328043624779389 0
8652 6.046016644588804 0.2187380519169944 0
8653 5.219307258927248 -0.06434304458325144 0
8654 5.087733379626168 -0.1610754105316219 0
8655 -5.219307258927239 0.06434304458324902 0
8656 -5.08773337962616 0.1610754105316189 0
8657 19.88412313728991 -1.885474416740336 0
8658 -19.88412313728991 1.885474416740336 0
8659 19.8792227079728 1.876791312163742 0
8660 -19.87922270797279 -1.876791312163742 0
8661 11.82432890792861 -0.7258880347865901 0
8662 11.96200642455047 -0.6843852468201863 0
8663 -11.82432890792861 0.7258880347865901 0
8664 -11.96200642455048 0.6843852468201863 0
8665 12.83747059199002 -0.6503361324208441 0
8666 12.96021231646916 -0.7245774107547736 0
8667 -12.83747059199002 0.6503361324208441 0
8668 -12.96021231646916 0.7245774107547738 0
8669 4.329983431180757 0.547125000823065 0
8670 4.413511290923583 0.4245495497591024 0
8671 -4.329983431180743 -0.5471250008230604 0
8672 -4.413511290923572 -0.4245495497591002 0
8673 -18.6577347279443 -1.55368463862788 0
8674 18.65773472794431 1.553684638627884 0
8675 1.085186510531173 -0.300097674506386 0
8676 1.07929701183681 -0.3471655508979302 0
8677 -1.085186510531173 0.300097674506386 0
8678 -1.07929701183681 0.3471655508979302 0
8679 -5.887008235670338 -0.07713211073337255 0
8680 5.887008235670345 0.07713211073337704 0
8681 -12.73418575503869 -0.7541308155050265 0
8682 12.7341857550387 0.7541308155050265 0
8683 -1.21846941364593 1.791049637396916 0
8684 1.21846941364593 -1.791049637396916 0
8685 18.96260637075778 0.7440210784037595 0
8686 18.90690221423016 0.8795317880720781 0
8687 -18.96260637075778 -0.7440210784037433 0
8688 -18.9069022142302 -0.8795317880720256 0
8689 -14.56143118757788 -1.863832783192356 0
8690 14.56143118757789 1.863832783192357 0
8691 8.670162856363779 -0.6655578712761017 0
8692 8.786422814107638 -0.7259569814346893 0
8693 -8.670162856363779 0.6655578712761017 0
8694 -8.786422814107638 0.7259569814346893 0
8695 -14.42850598046 -0.7066589793156058 0
8696 14.42850598045999 0.7066589793156055 0
8697 18.55575095445484 1.503357497858508 0
8698 -18.55575095445482 -1.503357497858501 0
8699 18.88059701492396 -1.904733555496493 0
8700 -18.88059701492397 1.904733555496494 0
8701 9.875051942310069 -0.04518028621860653 0
8702 9.738680705137059 0.01550584644006653 0
8703 9.764157424738459 -0.1316012804726286 0
8704 -9.875051942310071 0.04518028621860653 0
8705 -9.738680705137062 -0.01550584644006653 0
8706 -9.76415742473846 0.1316012804726285 0
8707 -2.126459769982352 1.053912886793976 0
8708 2.126459769982358 -1.053912886793977 0
8709 -8.004728350195069 -0.1655800089583911 0
8710 -8.097435121064404 -0.0439299391760678 0
8711 8.004728350195071 0.1655800089583899 0
8712 8.097435121064406 0.04392993917606741 0
8713 -7.267303195546217 0.2757205343541746 0
8714 7.267303195546218 -0.2757205343541747 0
8715 1.957964467834602 -0.6268801439199447 0
8716 1.940193177145347 -0.5138398286626219 0
8717 -1.957964467834598 0.6268801439199415 0
8718 -1.940193177145343 0.5138398286626196 0
8719 -11.86415057815501 -0.6482758482524971 0
8720 -11.67280380974884 -0.6304857158887922 0
8721 11.86415057815501 0.6482758482524971 0
8722 11.67280380974884 0.6304857158887921 0
8723 11.20064375164807 -0.5129584919516605 0
8724 -11.20064375164807 0.5129584919516605 0
8725 9.395969285066124 -0.5143441473447601 0
8726 -9.395969285066121 0.5143441473447602 0
8727 -14.98957133492518 -1.565902979475425 0
8728 -14.89335510281973 -1.642800529014835 0
8729 14.98957133492518 1.565902979475425 0
8730 14.89335510281974 1.642800529014836 0
8731 -17.21695003733739 -0.6396134919989259 0
8732 -17.11156137272534 -0.7466792042930407 0
8733 17.2169500373374 0.639613491998926 0
8734 17.11156137272537 0.7466792042930411 0
8735 1.299832815234925 -0.4680232299221969 0
8736 1.371554215400463 -0.4371080446389203 0
8737 -1.299832815234926 0.4680232299221961 0
8738 -1.371554215400463 0.4371080446389196 0
8739 -0.6620722960713845 0.8013448846001753 0
8740 0.6620722960713846 -0.8013448846001754 0
8741 1.411268054312563 -0.1386648114479242 0
8742 -1.411268054312562 0.1386648114479243 0
8743 19.73486940594645 -1.885474416740337 0
8744 -19.73486940594646 1.885474416740337 0
8745 -13.20828916965233 -0.8396115954964882 0
8746 13.20828916965233 0.839611595496488 0
8747 2.012215117537492 0.6662981042692571 0
8748 2.096528285053789 0.7107983726611976 0
8749 2.041984633151923 0.7768025791086455 0
8750 -2.012215117537492 -0.6662981042692574 0
8751 -2.096528285053788 -0.7107983726611976 0
8752 -2.041984633151922 -0.7768025791086451 0
8753 5.100175800437971 -0.8423263976689954 0
8754 -5.100175800437965 0.8423263976689958 0
8755 12.7516996297715 0.04662812264175979 0
8756 12.68347932010248 -0.09997557810258464 0
8757 -12.7516996297715 -0.04662812264175981 0
8758 -12.68347932010248 0.09997557810258462 0
8759 -16.50463898812398 -1.56921440229062 0
8760 -16.61348597694644 -1.431606877160747 0
8761 16.50463898812398 1.569214402290621 0
8762 16.61348597694645 1.431606877160747 0
8763 -16.03332014491 -0.8765895058662477 0
8764 -16.01679196635684 -1.037403454084232 0
8765 16.03332014490999 0.8765895058662472 0
8766 16.01679196635684 1.037403454084232 0
8767 -16.17938097650552 -1.048571612411443 0
8768 16.17938097650553 1.048571612411443 0
8769 -16.36821757936674 -1.492531976930436 0
8770 16.36821757936674 1.492531976930437 0
8771 9.920779519247269 -1.212138205684567 0
8772 10.01622049195341 -1.289256159779748 0
8773 -9.920779519247271 1.212138205684568 0
8774 -10.01622049195341 1.289256159779748 0
8775 -6.908143382434559 -0.2416028089758146 0
8776 6.90814338243456 0.2416028089758089 0
8777 -19.68304639928802 -0.1798787847745547 0
8778 19.683046399288 0.1798787847746035 0
8779 -0.6885715074633515 1.220149495425548 0
8780 -0.6400591735502716 1.289978150786462 0
8781 0.6885715074633514 -1.220149495425549 0
8782 0.6400591735502714 -1.289978150786462 0
8783 9.699220910319475 0.2710924216635875 0
8784 9.614743893021696 0.3406022651777527 0
8785 9.556956318217036 0.2395365072810275 0
8786 -9.699220910319477 -0.2710924216635874 0
8787 -9.614743893021695 -0.3406022651777526 0
8788 -9.556956318217036 -0.2395365072810275 0
8789 11.03739785801297 0.2510447604198346 0
8790 10.97343285050062 0.3557269942033693 0
8791 10.89161658236385 0.2747088975504171 0
8792 -11.03739785801297 -0.2510447604198346 0
8793 -10.97343285050062 -0.3557269942033694 0
8794 -10.89161658236385 -0.2747088975504171 0
8795 2.594191527883368 -0.1296553259629239 0
8796 2.696686108193916 -0.166737574439994 0
8797 2.708807561209142 -0.04242741336301633 0
8798 -2.594191527883363 0.1296553259629233 0
8799 -2.696686108193909 0.1667375744399944 0
8800 -2.708807561209137 0.04242741336301744 0
8801 -8.300941080063197 0.5761743581676521 0
8802 -8.427507136129018 0.555452131974043 0
8803 -8.355089489133833 0.4088188188288017 0
8804 8.300941080063197 -0.5761743581676521 0
8805 8.427507136129016 -0.555452131974043 0
8806 8.355089489133833 -0.4088188188288017 0
8807 8.53651346181147 -0.6280318214497745 0
8808 -8.53651346181147 0.6280318214497745 0
8809 -13.81499519688995 -0.3871468056509309 0
8810 -13.76977827023614 -0.2436334436300858 0
8811 13.81499519688994 0.3871468056509308 0
8812 13.76977827023614 0.2436334436300858 0
8813 5.158974040348167 0.4726570791618565 0
8814 5.175778067219146 0.6253076604223454 0
8815 -5.158974040348159 -0.4726570791618562 0
8816 -5.175778067219138 -0.625307660422344 0
8817 -1.205682504742572 0.1926959235621954 0
8818 -1.244826452905587 0.2450580738584635 0
8819 1.205682504742573 -0.1926959235621959 0
8820 1.244826452905587 -0.2450580738584637 0
8821 -3.296241613876204 1.297736545395312 0
8822 3.296241613876211 -1.297736545395312 0
8823 19.2918025156228 0.9943613503042151 0
8824 19.23890254376408 1.126831659059164 0
8825 19.14486549240804 1.060070585625823 0
8826 -19.29180251562279 -0.9943613503042058 0
8827 -19.23890254376408 -1.126831659059142 0
8828 -19.14486549240806 -1.060070585625812 0
8829 1.38507462854094 -1.020876123706272 0
8830 -1.385074628540939 1.02087612370627 0
8831 19.21264170148157 1.239127590046535 0
8832 -19.21264170148159 -1.239127590046525 0
8833 7.647391229614211 0.3211653230910528 0
8834 7.627663173719952 0.4488311427950233 0
8835 -7.647391229614206 -0.3211653230910545 0
8836 -7.627663173719946 -0.4488311427950252 0
8837 12.99427118901789 0.2096850353731534 0
8838 -12.99427118901789 -0.2096850353731534 0
8839 -1.292659750528331 -1.878914089587981 0
8840 1.292659750528331 1.878914089587981 0
8841 -6.24983256902401 1.090831408556957 0
8842 -6.357716119528996 0.9661772476525128 0
8843 6.249832569024015 -1.090831408556956 0
8844 6.357716119529004 -0.9661772476525157 0
8845 9.333386242244385 -0.3625219477385582 0
8846 -9.333386242244384 0.3625219477385582 0
8847 11.26322679447348 -0.3611362923496499 0
8848 -11.26322679447348 0.3611362923496499 0
8849 4.554941476518461 0.8593280838434736 0
8850 4.667580646252729 0.7710332012225635 0
8851 -4.554941476518451 -0.8593280838434698 0
8852 -4.667580646252724 -0.7710332012225595 0
8853 14.18848733574544 -1.265641868944357 0
8854 14.33283946534222 -1.187093205700843 0
8855 -14.18848733574544 1.265641868944357 0
8856 -14.33283946534223 1.187093205700843 0
8857 14.11280327346571 -1.363511866130637 0
8858 -14.11280327346571 1.363511866130638 0
8859 -0.646742819047688 1.582156250132435 0
8860 -0.574339621143049 1.66688863171363 0
8861 0.6467428190476872 -1.582156250132435 0
8862 0.5743396211430483 -1.666888631713631 0
8863 15.1957735054728 -1.893932889619333 0
8864 -15.1957735054728 1.893932889619333 0
8865 -1.441913481871798 -1.878914089587981 0
8866 1.441913481871798 1.878914089587981 0
8867 14.24362039259483 -1.749305081419685 0
8868 -14.24362039259482 1.749305081419684 0
8869 13.83875563322672 -1.007333999586293 0
8870 13.91177401276152 -1.155613190220024 0
8871 -13.83875563322671 1.007333999586293 0
8872 -13.91177401276152 1.155613190220024 0
8873 2.485316864954066 -1.340922537627944 0
8874 -2.485316864954062 1.340922537627945 0
8875 7.121282194958861 -1.875887986830393 0
8876 -7.12128219495886 1.875887986830394 0
8877 16.89716932416035 -0.8595223229990638 0
8878 16.75367957820374 -0.937218907037477 0
8879 -16.89716932416036 0.8595223229990642 0
8880 -16.75367957820373 0.9372189070374766 0
8881 -7.39313377010048 -1.564203817715907 0
8882 7.393133770100475 1.56420381771591 0
8883 -7.272414236787121 -1.544344467817501 0
8884 7.272414236787121 1.544344467817501 0
8885 -14.20925062016277 -0.1469878123974803 0
8886 14.20925062016277 0.1469878123974803 0
8887 1.049249388506859 0.5475425776295633 0
8888 -1.049249388506859 -0.5475425776295633 0
8889 0.06308567447099962 1.604313661190242 0
8890 0.1373708366679187 1.558061136043705 0
8891 -0.06308567447100005 -1.604313661190243 0
8892 -0.137370836667919 -1.558061136043706 0
8893 12.29032718949564 -1.363394032404915 0
8894 12.43991670398312 -1.365380925674264 0
8895 12.38123244450956 -1.243906319112579 0
8896 -12.29032718949563 1.363394032404915 0
8897 -12.43991670398312 1.365380925674264 0
8898 -12.38123244450956 1.243906319112579 0
8899 12.45017193760225 -1.48717420073354 0
8900 -12.45017193760225 1.48717420073354 0
8901 18.49081854309902 -1.467022540309955 0
8902 18.5407340249244 -1.604772971391679 0
8903 -18.49081854309901 1.467022540309955 0
8904 -18.5407340249244 1.604772971391679 0
8905 8.193674557943805 -1.133919944662489 0
8906 8.321617408837209 -1.241860735418464 0
8907 -8.193674557943803 1.133919944662488 0
8908 -8.321617408837209 1.241860735418464 0
8909 18.52997313014286 -1.717944933344064 0
8910 18.44383142528947 -1.875546686717211 0
8911 -18.52997313014287 1.717944933344064 0
8912 -18.44383142528948 1.875546686717211 0
8913 -18.63532892272641 0.06510021259252623 0
8914 -18.54458910404724 0.1620769530606894 0
8915 18.63532892272639 -0.06510021259253337 0
8916 18.5445891040472 -0.1620769530606861 0
8917 18.97314946298824 -0.642486227787511 0
8918 18.82787718705774 -0.7148295452674547 0
8919 -18.97314946298823 0.6424862277875145 0
8920 -18.82787718705773 0.7148295452674543 0
8921 -5.131018624764332 -0.07975121390294422 0
8922 5.131018624764343 0.07975121390294203 0
8923 5.002587281791961 -0.02483592629438569 0
8924 -5.002587281791956 0.02483592629438358 0
8925 9.361540898197994 0.7653171272227912 0
8926 -9.36154089819799 -0.7653171272227899 0
8927 4.610078880112646 -1.320076893148596 0
8928 -4.610078880112643 1.320076893148589 0
8929 -1.011346249044905 0.2178893550493125 0
8930 -1.019005459143645 0.1793839056412637 0
8931 1.011346249044905 -0.2178893550493125 0
8932 1.019005459143645 -0.1793839056412637 0
8933 7.606664789749114 -0.1847379987667135 0
8934 -7.606664789749114 0.1847379987667085 0
8935 10.39185290555998 0.1454582366728041 0
8936 10.53522667782879 0.1674352727685822 0
8937 -10.39185290555998 -0.1454582366728041 0
8938 -10.53522667782879 -0.1674352727685822 0
8939 1.946682194707722 0.8092549396271005 0
8940 -1.946682194707722 -0.8092549396271002 0
8941 2.339630343753348 -1.280650664003787 0
8942 -2.339630343753343 1.280650664003789 0
8943 16.86838999447801 -0.5930745036753914 0
8944 -16.86838999447802 0.5930745036753913 0
8945 0.05172573529695305 1.707067058360005 0
8946 -0.05172573529695321 -1.707067058360006 0
8947 10.78812361386689 0.2382467569899369 0
8948 10.85208862137924 0.1335645232064022 0
8949 -10.78812361386689 -0.2382467569899369 0
8950 -10.85208862137924 -0.1335645232064022 0
8951 18.48034772633121 1.601871315814746 0
8952 -18.48034772633118 -1.601871315814747 0
8953 19.62146129876144 0.5573965643344048 0
8954 19.46462754708757 0.6132370836880117 0
8955 -19.62146129876144 -0.5573965643344169 0
8956 -19.4646275470876 -0.6132370836880229 0
8957 -17.90094570524305 -1.178447668921271 0
8958 -17.75993011593007 -1.262455348784758 0
8959 17.90094570524305 1.178447668921271 0
8960 17.75993011593008 1.262455348784759 0
8961 11.81013679993931 -0.1183793284782367 0
8962 -11.81013679993931 0.1183793284782368 0
8963 -12.48509040376888 -1.354948591194164 0
8964 -12.56122023133947 -1.239230130459656 0
8965 -12.63219509391547 -1.37617150790333 0
8966 12.48509040376888 1.354948591194164 0
8967 12.56122023133947 1.239230130459656 0
8968 12.63219509391547 1.37617150790333 0
8969 -4.082515088551361 0.6376837185601302 0
8970 -4.189491487285897 0.761613122905458 0
8971 4.08251508855136 -0.6376837185601264 0
8972 4.189491487285901 -0.761613122905454 0
8973 8.379626393863157 0.9206574767423686 0
8974 -8.379626393863157 -0.9206574767423701 0
8975 -12.82425984103654 -0.4311204409994472 0
8976 -12.95925760009807 -0.327757341231724 0
8977 12.82425984103655 0.4311204409994471 0
8978 12.95925760009807 0.327757341231724 0
8979 1.341563523470995 1.00350270564743 0
8980 1.43097788522652 1.008733383338102 0
8981 -1.341563523470995 -1.00350270564743 0
8982 -1.43097788522652 -1.008733383338102 0
8983 -17.69637355856896 -1.372765456144378 0
8984 17.69637355856897 1.372765456144378 0
8985 -17.1125198402102 -0.2986399148792379 0
8986 17.11251984021019 0.2986399148792379 0
8987 -15.69823497580586 -1.30629983214127 0
8988 -15.77381124758002 -1.160781253860563 0
8989 15.69823497580586 1.30629983214127 0
8990 15.77381124758002 1.160781253860563 0
8991 17.30347682724258 -1.776088620140896 0
8992 -17.30347682724258 1.776088620140895 0
8993 1.02470541970308 0.8072550182403082 0
8994 -1.02470541970308 -0.8072550182403079 0
8995 15.89568006232389 -1.880264224289449 0
8996 15.82274419336404 -1.762277227436454 0
8997 -15.89568006232388 1.880264224289449 0
8998 -15.82274419336405 1.762277227436455 0
8999 0.3356786104176631 1.386836299509355 0
9000 0.3987475405252483 1.320749179838848 0
9001 -0.3356786104176632 -1.386836299509356 0
9002 -0.3987475405252483 -1.320749179838848 0
9003 5.786513880804957 -0.4363373375726026 0
9004 -5.786513880804954 0.4363373375725974 0
9005 0.3353909034405105 -0.9811168799519946 0
9006 -0.3353909034405105 0.9811168799519947 0
9007 -2.633715326044446 0.900389399412153 0
9008 2.633715326044451 -0.9003893994121528 0
9009 12.64990200604059 0.1147640916005378 0
9010 12.79342230322556 0.1547696447101677 0
9011 -12.64990200604059 -0.1147640916005378 0
9012 -12.79342230322556 -0.1547696447101677 0
9013 18.66920194184545 0.4768847199838661 0
9014 18.53327312652367 0.482157453797181 0
9015 18.60122359736958 0.3425648540920513 0
9016 -18.66920194184549 -0.4768847199838688 0
9017 -18.53327312652371 -0.4821574537971975 0
9018 -18.6012235973696 -0.3425648540920689 0
9019 -11.56348134403129 -0.6276083503914532 0
9020 -11.46763558588396 -0.7282989747290115 0
9021 11.56348134403129 0.6276083503914531 0
9022 11.46763558588396 0.7282989747290114 0
9023 16.21051747624169 -0.431213701045862 0
9024 -16.21051747624169 0.431213701045862 0
9025 -9.055364992558754 -1.446954559339829 0
9026 -9.003168463422567 -1.581034120022848 0
9027 -8.940207173973748 -1.491651240859043 0
9028 9.055364992558758 1.446954559339831 0
9029 9.003168463422568 1.58103412002285 0
9030 8.940207173973754 1.491651240859045 0
9031 -5.386843054617428 -0.2834847649757233 0
9032 -5.22342666248244 -0.3042191846368394 0
9033 5.386843054617438 0.2834847649757234 0
9034 5.223426662482455 0.3042191846368381 0
9035 -5.267355968165199 -1.876187084887765 0
9036 -5.389230202778515 -1.84052940831472 0
9037 5.2673559681652 1.876187084887765 0
9038 5.389230202778521 1.84052940831472 0
9039 4.451948487413244 -1.894228426202338 0
9040 -4.45194848741324 1.894228426202338 0
9041 -8.818364117219195 -1.521550047798149 0
9042 -8.726579075710845 -1.586739942260142 0
9043 8.818364117219199 1.521550047798151 0
9044 8.726579075710854 1.586739942260145 0
9045 -8.870560646355385 -1.38747048711513 0
9046 8.870560646355388 1.387470487115132 0
9047 17.87405630523063 -1.317269048100009 0
9048 -17.87405630523062 1.317269048100009 0
9049 -11.07303432842613 -0.4390631600199585 0
9050 11.07303432842613 0.4390631600199585 0
9051 1.113563081223006 -0.6576816386450424 0
9052 1.106219775174018 -0.7255042273504557 0
9053 -1.113563081223005 0.6576816386450426 0
9054 -1.106219775174018 0.7255042273504557 0
9055 10.85272048108361 -0.1290358497596925 0
9056 10.87830446131893 0.01656676042045847 0
9057 10.72301167264696 -0.04850022753422893 0
9058 -10.85272048108361 0.1290358497596925 0
9059 -10.87830446131893 -0.01656676042045847 0
9060 -10.72301167264697 0.04850022753422893 0
9061 1.762359268766531 0.4926358343228574 0
9062 -1.76235926876653 -0.4926358343228568 0
9063 -1.359865276520936 1.267430379640057 0
9064 1.359865276520937 -1.267430379640058 0
9065 18.68125223033211 0.2335290224160816 0
9066 18.76156583396303 0.1265802500796439 0
9067 -18.68125223033212 -0.2335290224160916 0
9068 -18.76156583396301 -0.1265802500796622 0
9069 -12.07911063520103 -0.9804044075459664 0
9070 -12.16088533166218 -1.124430241815481 0
9071 12.07911063520103 0.9804044075459664 0
9072 12.16088533166219 1.124430241815481 0
9073 5.740210592950137 1.175371594142472 0
9074 5.786977508058528 1.04623694399833 0
9075 -5.740210592950129 -1.175371594142469 0
9076 -5.78697750805852 -1.046236943998326 0
9077 -12.70754526374378 -0.6409474050439214 0
9078 12.70754526374378 0.6409474050439214 0
9079 8.164473275165491 -1.377552548078249 0
9080 8.046442752853878 -1.280952961111339 0
9081 -8.16447327516549 1.377552548078248 0
9082 -8.046442752853878 1.280952961111339 0
9083 18.9492156551316 -0.04253251101608631 0
9084 -18.9492156551316 0.04253251101607721 0
9085 6.686856568794047 1.580866611907616 0
9086 6.787302238843285 1.501078651967738 0
9087 -6.686856568794051 -1.580866611907617 0
9088 -6.787302238843287 -1.501078651967741 0
9089 6.582729649805816 1.486779280670483 0
9090 6.574949797156015 1.644945951319321 0
9091 -6.582729649805819 -1.486779280670484 0
9092 -6.574949797156016 -1.64494595131932 0
9093 11.41215503622605 -0.9979922350294895 0
9094 11.34178120733438 -0.9023300786182603 0
9095 11.25354341960004 -1.010554513386114 0
9096 -11.41215503622605 0.9979922350294895 0
9097 -11.34178120733437 0.9023300786182603 0
9098 -11.25354341960004 1.010554513386114 0
9099 18.37342097235593 0.451579507485487 0
9100 18.44139931683181 0.5858993733773017 0
9101 -18.37342097235594 -0.451579507485503 0
9102 -18.44139931683183 -0.5858993733773027 0
9103 11.84887551203929 -0.8587751028558647 0
9104 11.70198404089579 -0.7553552385305035 0
9105 -11.84887551203929 0.8587751028558644 0
9106 -11.70198404089579 0.7553552385305032 0
9107 -8.632422387113795 -1.669012829111898 0
9108 8.632422387113802 1.6690128291119 0
9109 1.685344188833703 -1.295256529203292 0
9110 -1.6853441888337 1.295256529203291 0
9111 0.6899332385129108 -0.7730884830927434 0
9112 0.718762604941221 -0.7464388908859604 0
9113 -0.6899332385129107 0.7730884830927433 0
9114 -0.7187626049412209 0.7464388908859603 0
9115 3.976546685702729 -0.6046705621385237 0
9116 3.851732514374918 -0.5894472242990925 0
9117 -3.976546685702725 0.6046705621385262 0
9118 -3.851732514374916 0.5894472242990941 0
9119 1.543083188615813 1.588492496056299 0
9120 1.690592913631903 1.569511712033886 0
9121 -1.543083188615813 -1.588492496056298 0
9122 -1.690592913631903 -1.569511712033885 0
9123 -0.2068233746780504 -1.405415507547098 0
9124 -0.2904468004290857 -1.446665038807726 0
9125 -0.2253922153429367 -1.494854563374615 0
9126 0.2068233746780501 1.405415507547098 0
9127 0.2904468004290854 1.446665038807726 0
9128 0.2253922153429364 1.494854563374614 0
9129 8.507008121610689 -0.7603337211392205 0
9130 -8.507008121610689 0.7603337211392205 0
9131 18.81954934349191 0.02526579020947422 0
9132 18.68333555750173 0.02845146468325726 0
9133 -18.81954934349189 -0.02526579020949486 0
9134 -18.68333555750175 -0.02845146468327581 0
9135 -12.12447443452297 -1.40641636217318 0
9136 -12.22791790517929 -1.346334090108413 0
9137 -12.21338777591192 -1.510111987309657 0
9138 12.12447443452297 1.40641636217318 0
9139 12.22791790517929 1.346334090108413 0
9140 12.21338777591192 1.510111987309657 0
9141 12.64361575491809 -0.2146192931787218 0
9142 12.57349185858376 -0.3229192292585714 0
9143 -12.64361575491809 0.2146192931787219 0
9144 -12.57349185858376 0.3229192292585714 0
9145 10.49639482007032 -0.5681606188629895 0
9146 10.41110023201375 -0.4349681861007146 0
9147 -10.49639482007032 0.5681606188629895 0
9148 -10.41110023201376 0.4349681861007146 0
9149 10.18620138024574 -0.4353057348731146 0
9150 10.1009067921837 -0.5684981676305966 0
9151 -10.18620138024574 0.4353057348731145 0
9152 -10.1009067921837 0.5684981676305966 0
9153 9.64870418440981 -0.1891534359063909 0
9154 -9.648704184409812 0.1891534359063909 0
9155 10.96777025186805 -0.185809966090158 0
9156 -10.96777025186805 0.185809966090158 0
9157 5.501493866469417 1.738609458198003 0
9158 5.485397992073824 1.898080049883283 0
9159 -5.501493866469405 -1.738609458198004 0
9160 -5.485397992073818 -1.898080049883284 0
9161 -17.48360633804255 -1.167915279477441 0
9162 -17.410648577215 -1.021058119662674 0
9163 17.48360633804253 1.16791527947744 0
9164 17.41064857721501 1.021058119662674 0
9165 12.09602381492606 -0.7773786721343219 0
9166 12.08680986040442 -0.6324560198425566 0
9167 -12.09602381492607 0.7773786721343218 0
9168 -12.08680986040443 0.6324560198425567 0
9169 12.70322720384607 -0.6111743778630619 0
9170 12.68953554034248 -0.7646111997189322 0
9171 -12.70322720384607 0.6111743778630618 0
9172 -12.68953554034249 0.7646111997189327 0
9173 -0.46128225340381 -1.268000849909875 0
9174 0.4612822534038101 1.268000849909875 0
9175 2.806350153118564 -0.1950966239819482 0
9176 -2.806350153118558 0.1950966239819499 0
9177 -18.80372951001442 -0.9776819234100271 0
9178 -18.89266164800953 -1.096752600343031 0
9179 18.80372951001435 0.9776819234100798 0
9180 18.89266164800949 1.096752600343088 0
9181 -0.5415505257155976 -0.9681120929415861 0
9182 -0.558448245129081 -0.9165570217307635 0
9183 -0.5789978624524179 -0.9529149451373553 0
9184 0.5415505257155975 0.9681120929415861 0
9185 0.558448245129081 0.9165570217307635 0
9186 0.5789978624524179 0.9529149451373553 0
9187 10.19889903790768 -1.363176995482372 0
9188 10.35113490124404 -1.36682844670345 0
9189 10.29076209792297 -1.244928246590677 0
9190 -10.19889903790768 1.363176995482371 0
9191 -10.35113490124404 1.366828446703449 0
9192 -10.29076209792297 1.244928246590677 0
9193 10.36052601432929 -1.487278479047543 0
9194 -10.36052601432928 1.487278479047543 0
9195 -0.745849517951783 -0.7156902851023849 0
9196 0.745849517951783 0.7156902851023847 0
9197 19.88691622006396 0.799956901596488 0
9198 -19.88691622006397 -0.7999569015964904 0
9199 10.41290273682057 -0.9901244163652261 0
9200 10.49819732488485 -0.8465903126690963 0
9201 -10.41290273682057 0.9901244163652259 0
9202 -10.49819732488485 0.8465903126690963 0
9203 10.1077773247927 -0.8421306785952248 0
9204 -10.1077773247927 0.8421306785952247 0
9205 18.29521952606462 -1.538895420137046 0
9206 18.36743120450186 -1.401390358282618 0
9207 -18.29521952606462 1.538895420137045 0
9208 -18.36743120450185 1.401390358282618 0
9209 -4.173451032001324 -0.04922204897941784 0
9210 4.173451032001329 0.04922204897941998 0
9211 13.88513259796871 -1.273602147020523 0
9212 -13.88513259796872 1.273602147020524 0
9213 -17.82206460755911 -1.762797188686827 0
9214 17.8220646075591 1.762797188686826 0
9215 -2.768384769976295 -0.5236885598069386 0
9216 2.768384769976298 0.523688559806944 0
9217 9.382198540940603 -1.103370040261272 0
9218 9.468513304936877 -0.9841845641751287 0
9219 -9.382198540940603 1.103370040261272 0
9220 -9.468513304936877 0.9841845641751287 0
9221 3.847319934429766 -0.8117234844067259 0
9222 3.953373040314983 -0.7350737251702733 0
9223 -3.847319934429763 0.811723484406728 0
9224 -3.953373040314979 0.7350737251702762 0
9225 1.084142809389127 -0.3932163957662542 0
9226 1.133038052182501 -0.3642339681260172 0
9227 -1.084142809389127 0.3932163957662541 0
9228 -1.133038052182501 0.3642339681260172 0
9229 6.207245304463585 0.684238868797884 0
9230 -6.207245304463584 -0.6842388687978775 0
9231 -13.70889301555408 -0.4461851954938733 0
9232 13.70889301555408 0.4461851954938733 0
9233 -6.191702693714561 -0.2685048031394719 0
9234 -6.314627366400204 -0.3700687070821088 0
9235 -6.201631916211691 -0.4417089890717258 0
9236 6.435917613532387 0.4265397414047707 0
9237 6.314627366400202 0.3700687070821158 0
9238 6.191702693714559 0.2685048031394777 0
9239 6.20163191621169 0.4417089890717318 0
9240 -6.435917613532384 -0.4265397414047654 0
9241 17.23551775196007 -1.916436211795877 0
9242 -17.23551775196008 1.916436211795878 0
9243 16.91197785024552 -0.4526670941132128 0
9244 -16.91197785024552 0.4526670941132128 0
9245 1.265572629188326 0.9137286818190227 0
9246 -1.265572629188327 -0.9137286818190222 0
9247 9.745504279111744 0.1359767522304754 0
9248 9.803291853916404 0.2370425101272006 0
9249 -9.74550427911174 -0.1359767522304754 0
9250 -9.803291853916408 -0.2370425101272006 0
9251 17.68267295077959 -1.908623558298238 0
9252 -17.6826729507796 1.908623558298239 0
9253 1.046251672062076 -0.2421727859991973 0
9254 -1.046251672062076 0.2421727859991973 0
9255 8.554106979053239 -1.011763967389713 0
9256 -8.554106979053238 1.011763967389713 0
9257 13.51124501556558 -0.3602958538825356 0
9258 13.57525456977976 -0.4927604198300694 0
9259 -13.51124501556559 0.3602958538825356 0
9260 -13.57525456977976 0.4927604198300692 0
9261 13.57645850729802 -0.6227562427984511 0
9262 -13.57645850729802 0.622756242798451 0
9263 -14.30153764389512 -0.2322291924525231 0
9264 -14.42885692702056 -0.3444491322727113 0
9265 14.30153764389512 0.2322291924525231 0
9266 14.42885692702057 0.3444491322727115 0
9267 10.65120045031858 0.1946516475322604 0
9268 10.69072841130318 0.3357960218762753 0
9269 -10.65120045031858 -0.1946516475322604 0
9270 -10.69072841130318 -0.3357960218762753 0
9271 8.081804035872434 -1.029387994707499 0
9272 -8.081804035872434 1.029387994707499 0
9273 14.06935398982675 -1.483571498004889 0
9274 14.03034213864199 -1.593576290598722 0
9275 14.14455506976552 -1.633069998756201 0
9276 -14.06935398982676 1.48357149800489 0
9277 -14.03034213864199 1.593576290598722 0
9278 -14.14455506976551 1.633069998756201 0
9279 15.87009393365822 -0.0388407286872657 0
9280 -15.87009393365822 0.0388407286872657 0
9281 -18.44942591576954 0.3615724706294843 0
9282 -18.47694433873072 0.5207448966604835 0
9283 -18.58735785263342 0.4259889021542173 0
9284 18.44942591576953 -0.3615724706294838 0
9285 18.47694433873071 -0.5207448966604832 0
9286 18.58735785263342 -0.4259889021542174 0
9287 -17.46753859475991 -1.279217845630018 0
9288 17.46753859475991 1.279217845630017 0
9289 -2.258618226661401 -0.06276156563605681 0
9290 -2.254662107588151 -0.196676255137123 0
9291 2.258618226661405 0.06276156563605671 0
9292 2.254662107588153 0.1966762551371237 0
9293 18.47729395972344 -0.6633837070356201 0
9294 18.33936202285956 -0.5989672755108867 0
9295 -18.47729395972343 0.6633837070356201 0
9296 -18.33936202285957 0.598967275510887 0
9297 -6.448318301235321 1.88928513088913 0
9298 -6.299064569891853 1.88928513088913 0
9299 6.448318301235324 -1.889285130889131 0
9300 6.299064569891857 -1.889285130889131 0
9301 3.790648242549727 1.481463821318653 0
9302 3.893285365015314 1.568197058407308 0
9303 -3.790648242549727 -1.481463821318653 0
9304 -3.893285365015312 -1.568197058407308 0
9305 17.45938816022605 0.8165002199366508 0
9306 -17.45938816022604 -0.8165002199366492 0
9307 9.237071806664554 0.8179181358567311 0
9308 -9.237071806664554 -0.817918135856728 0
9309 -16.97257139563018 -0.2135937893050988 0
9310 16.97257139563018 0.2135937893050989 0
9311 15.54292070249524 -1.766431744518629 0
9312 15.46660284011161 -1.884418741371622 0
9313 -15.54292070249524 1.766431744518629 0
9314 -15.46660284011162 1.884418741371623 0
9315 5.753502863783523 1.879939301373855 0
9316 -5.753502863783519 -1.879939301373855 0
9317 1.852290728830987 0.8731198103246325 0
9318 -1.852290728830987 -0.8731198103246316 0
9319 13.44820747659073 -0.9301575361189059 0
9320 13.37622147747201 -1.036043314555974 0
9321 -13.44820747659073 0.9301575361189059 0
9322 -13.37622147747201 1.036043314555974 0
9323 13.52262402797057 -0.8389867088018632 0
9324 -13.52262402797057 0.838986708801863 0
9325 9.640256007557319 -0.6198605870520671 0
9326 9.796415054897141 -0.5970497895624758 0
9327 -9.640256007557317 0.619860587052067 0
9328 -9.796415054897141 0.5970497895624758 0
9329 9.696588785022659 -0.7767781794074107 0
9330 -9.696588785022657 0.7767781794074107 0
9331 10.80212528016094 -0.5921038473664721 0
9332 10.95828432749823 -0.614914644851722 0
9333 -10.80212528016093 0.5921038473664721 0
9334 -10.95828432749824 0.614914644851722 0
9335 10.89677350409685 -0.7692683044701543 0
9336 -10.89677350409686 0.7692683044701544 0
9337 -1.985698470966629 -1.270896077958794 0
9338 1.985698470966629 1.270896077958793 0
9339 2.035485936270804 -0.4867609279815822 0
9340 1.929578841531232 -0.4212821721596354 0
9341 -2.0354859362708 0.4867609279815798 0
9342 -1.929578841531228 0.4212821721596337 0
9343 9.821257702567063 -0.7590701729802879 0
9344 -9.821257702567063 0.7590701729802879 0
9345 10.78408722763183 -0.7353361062241436 0
9346 -10.78408722763183 0.7353361062241437 0
9347 -15.04805731457125 -1.472780732978447 0
9348 -15.10542918979984 -1.617627211035478 0
9349 15.04805731457124 1.472780732978447 0
9350 15.10542918979984 1.617627211035478 0
9351 7.776550076143479 -0.6077356224769561 0
9352 7.837763019226574 -0.7561643710171724 0
9353 -7.776550076143481 0.6077356224769557 0
9354 -7.837763019226575 0.7561643710171717 0
9355 -7.702654392221866 0.8023237259847154 0
9356 7.702654392221865 -0.8023237259847162 0
9357 1.000208170953137 -0.7643674948821018 0
9358 1.05418012147901 -0.7328130850805017 0
9359 -1.000208170953137 0.764367494882102 0
9360 -1.05418012147901 0.7328130850805017 0
9361 -3.80202277585781 1.671339146943885 0
9362 3.802022775857814 -1.671339146943887 0
9363 -14.70607623347936 0.8127959512758415 0
9364 -14.78124070573789 0.6609692745169988 0
9365 14.70607623347935 -0.8127959512758414 0
9366 14.7812407057379 -0.6609692745169989 0
9367 7.736592404220922 0.5260118439316626 0
9368 -7.736592404220914 -0.5260118439316637 0
9369 -14.5219808643632 -1.35657342736057 0
9370 -14.61382107247073 -1.257846153901546 0
9371 14.5219808643632 1.35657342736057 0
9372 14.61382107247073 1.257846153901547 0
9373 13.9985903423422 -1.324018157973159 0
9374 -13.99859034234219 1.324018157973159 0
9375 5.247972189431376 0.8292163904669553 0
9376 5.362978009488681 0.8864987256715875 0
9377 5.282364433464452 1.004103804026352 0
9378 -5.247972189431373 -0.8292163904669526 0
9379 -5.362978009488675 -0.8864987256715855 0
9380 -5.282364433464449 -1.004103804026349 0
9381 -12.20996552291063 -0.8504944086338434 0
9382 -12.09793583859471 -0.8813658118359913 0
9383 -12.12513526197131 -0.7256382018108077 0
9384 12.20996552291063 0.8504944086338431 0
9385 12.09793583859471 0.8813658118359909 0
9386 12.12513526197131 0.7256382018108081 0
9387 5.485853900931093 0.9691307958150248 0
9388 5.451461656898016 0.7942433822556281 0
9389 -5.485853900931088 -0.9691307958150227 0
9390 -5.451461656898013 -0.7942433822556264 0
9391 -16.76396416738389 -1.879287883843104 0
9392 16.76396416738389 1.879287883843103 0
9393 -14.78786237239346 0.1798799818047201 0
9394 -14.81819830455307 0.3137083623780426 0
9395 14.78786237239346 -0.1798799818047201 0
9396 14.81819830455308 -0.3137083623780426 0
9397 -14.84755117667934 0.4691922977687066 0
9398 -14.69541571907535 0.4118265842739697 0
9399 14.84755117667933 -0.4691922977687067 0
9400 14.69541571907534 -0.4118265842739696 0
9401 12.58691183357416 -0.5743115215290743 0
9402 -12.58691183357416 0.5743115215290743 0
9403 12.5087515860852 -0.443727122649211 0
9404 -12.50875158608519 0.4437271226492109 0
9405 -12.60711667481435 -0.5872926869772587 0
9406 -12.72289834402684 -0.4858078764637008 0
9407 12.60711667481435 0.5872926869772587 0
9408 12.72289834402684 0.4858078764637008 0
9409 12.50943422971719 0.4624315764358534 0
9410 -12.50943422971719 -0.4624315764358535 0
9411 12.20288762401492 -0.5793134006955319 0
9412 -12.20288762401492 0.5793134006955318 0
9413 12.29195982723521 -0.4487290018178975 0
9414 -12.29195982723521 0.4487290018178977 0
9415 -4.092325945649232 1.897928186128917 0
9416 4.092325945649237 -1.897928186128919 0
9417 -9.197684021596373 -1.87873938051054 0
9418 9.19768402159637 1.878739380510545 0
9419 15.67407430498695 -1.530295454812433 0
9420 -15.67407430498696 1.530295454812434 0
9421 15.75883832882689 -1.64482995420057 0
9422 15.5902597606233 -1.649491506905877 0
9423 -15.7588383288269 1.64482995420057 0
9424 -15.59025976062329 1.649491506905876 0
9425 -2.162769967131463 -0.610554836355491 0
9426 2.162769967131464 0.6105548363554911 0
9427 19.88431506854748 -0.4817805664753753 0
9428 19.72955951369389 -0.530608768002277 0
9429 -19.88431506854749 0.481780566475385 0
9430 -19.72955951369391 0.5306087680022902 0
9431 -0.06002281850788431 -1.034130855854299 0
9432 -0.02079327064401201 -1.035672188987887 0
9433 0.06002281850788432 1.034130855854299 0
9434 0.02079327064401202 1.035672188987887 0
9435 -5.118102236822396 -1.876187084887765 0
9436 5.118102236822397 1.876187084887765 0
9437 -17.3283235003947 -0.6234248472433452 0
9438 17.3283235003947 0.6234248472433466 0
9439 -0.2125960808800666 1.719053488635977 0
9440 0.2125960808800668 -1.719053488635978 0
9441 2.028195158159536 -1.899373660523383 0
9442 -2.028195158159535 1.899373660523383 0
9443 -4.491404097538406 1.697751935964822 0
9444 4.491404097538416 -1.697751935964823 0
9445 0.7488277863195517 -0.7180611093319629 0
9446 -0.7488277863195517 0.7180611093319629 0
9447 15.81600344767002 -0.5906083364620639 0
9448 15.68443155207421 -0.4877609290238049 0
9449 -15.81600344767002 0.5906083364620638 0
9450 -15.68443155207421 0.4877609290238049 0
9451 -12.28814368487171 -0.9839417101765526 0
9452 12.28814368487171 0.9839417101765523 0
9453 -1.571788058048938 -0.3243288720091211 0
9454 1.57178805804894 0.3243288720091216 0
9455 -17.7357725727837 -1.637062022321182 0
9456 -17.6193132435945 -1.608453323608283 0
9457 -17.65237242397992 -1.497670612853989 0
9458 17.73577257278369 1.63706202232118 0
9459 17.61931324359452 1.608453323608284 0
9460 17.65237242397993 1.497670612853989 0
9461 4.178169782968723 1.494254294172256 0
9462 4.11451380482261 1.587568025209165 0
9463 -4.178169782968717 -1.494254294172257 0
9464 -4.114513804822606 -1.587568025209166 0
9465 -17.4888153851332 -1.60028820057952 0
9466 17.48881538513321 1.600288200579519 0
9467 18.5937597484439 -0.6910608907874064 0
9468 -18.59375974844392 0.6910608907874066 0
9469 10.07945915051534 -1.405735527371587 0
9470 -10.07945915051534 1.405735527371587 0
9471 19.43734540982145 -1.651237835806734 0
9472 19.40797020571723 -1.761917201433012 0
9473 19.57390315757172 -1.709273663236536 0
9474 -19.43734540982143 1.651237835806733 0
9475 -19.40797020571723 1.761917201433012 0
9476 -19.57390315757173 1.709273663236537 0
9477 14.83757916959084 -1.720022683900662 0
9478 14.81593087440785 -1.881352022857744 0
9479 -14.83757916959085 1.720022683900662 0
9480 -14.81593087440786 1.881352022857745 0
9481 1.252012480420759 -0.08639350377718306 0
9482 1.242463754263175 -0.04083560182562541 0
9483 -1.252012480420758 0.0863935037771827 0
9484 -1.242463754263175 0.04083560182562554 0
9485 -0.9455179093534349 0.8590615800499047 0
9486 -0.8994237964965648 0.9068700622550274 0
9487 0.9455179093534349 -0.8590615800499047 0
9488 0.8994237964965647 -0.9068700622550274 0
9489 -14.58164365543179 -1.003776851290266 0
9490 14.58164365543179 1.003776851290267 0
9491 -14.60245599823063 -1.146598777159524 0
9492 -14.72534091015554 -1.149400479628754 0
9493 14.60245599823063 1.146598777159524 0
9494 14.72534091015553 1.149400479628754 0
9495 -14.47012381774698 -1.11222252556306 0
9496 14.47012381774698 1.11222252556306 0
9497 -12.29844082036345 -1.112114616204757 0
9498 -12.27656005249161 -1.230322839361213 0
9499 12.29844082036345 1.112114616204757 0
9500 12.27656005249161 1.230322839361213 0
9501 -12.40381840570113 -1.089834307722284 0
9502 12.40381840570113 1.089834307722284 0
9503 18.21458685096825 -0.4099487785697537 0
9504 18.32412780896123 -0.3122291897710549 0
9505 -18.21458685096822 0.4099487785697535 0
9506 -18.32412780896122 0.3122291897710575 0
9507 -18.73364918960159 -0.5895598623404055 0
9508 -18.84716528173867 -0.6711858180142559 0
9509 18.73364918960156 0.5895598623404069 0
9510 18.84716528173865 0.6711858180142685 0
9511 5.634651723416625 1.898080049883282 0
9512 -5.634651723416624 -1.898080049883284 0
9513 17.96779719989405 -1.869621639857109 0
9514 -17.96779719989406 1.869621639857109 0
9515 -6.061914521282349 -0.4515872251452964 0
9516 -5.919250000963068 -0.465653535706242 0
9517 6.061914521282345 0.4515872251453011 0
9518 5.919250000963064 0.4656535357062456 0
9519 -14.84498621721315 -0.7560163287493814 0
9520 -14.98062865197589 -0.8072265457808073 0
9521 14.84498621721316 0.7560163287493816 0
9522 14.98062865197589 0.8072265457808077 0
9523 12.17079361763541 -1.406056842608582 0
9524 -12.17079361763541 1.406056842608582 0
9525 18.43454132286393 -0.2174731952647889 0
9526 -18.43454132286393 0.2174731952647912 0
9527 -5.980678622934914 0.05080516349869742 0
9528 5.980678622934919 -0.05080516349869358 0
9529 6.120494274030668 0.02847194679675862 0
9530 -6.120494274030666 -0.02847194679675359 0
9531 7.750489142992551 1.797784669495126 0
9532 -7.750489142992551 -1.797784669495126 0
9533 0.5639281078284754 1.142818454724953 0
9534 0.6265408373954211 1.160186997834777 0
9535 0.5969861682445305 1.209446171492498 0
9536 -0.5639281078284752 -1.142818454724953 0
9537 -0.626540837395421 -1.160186997834778 0
9538 -0.5969861682445303 -1.209446171492498 0
9539 -3.188365402095087 -1.353429847777478 0
9540 3.188365402095087 1.353429847777479 0
9541 9.395904011990091 -0.1087621764067003 0
9542 9.259953604052733 -0.06327813036105695 0
9543 9.283426448486885 -0.2110287697905029 0
9544 -9.395904011990091 0.1087621764067003 0
9545 -9.259953604052733 0.06327813036105696 0
9546 -9.283426448486884 0.2110287697905028 0
9547 13.58061990715429 -0.09805297856039057 0
9548 13.44977879119531 -0.05099538748955242 0
9549 13.46122096931444 -0.2064150475480176 0
9550 -13.5806199071543 0.09805297856039058 0
9551 -13.44977879119531 0.0509953874895524 0
9552 -13.46122096931443 0.2064150475480175 0
9553 11.3082525730926 -0.2211533364267719 0
9554 11.2260186728776 -0.09764152085025185 0
9555 -11.30825257309259 0.2211533364267719 0
9556 -11.2260186728776 0.09764152085025182 0
9557 19.23529259012528 -1.342263369873572 0
9558 -19.23529259012528 1.342263369873572 0
9559 1.812376347033774 0.9332212873204225 0
9560 1.773709375267541 1.047680820806179 0
9561 -1.812376347033774 -0.9332212873204215 0
9562 -1.773709375267541 -1.047680820806179 0
9563 2.996084533368275 -1.312285156961676 0
9564 -2.996084533368269 1.312285156961675 0
9565 -4.17940956610673 -0.6794441746329205 0
9566 4.179409566106743 0.6794441746329257 0
9567 16.64179104477198 -1.908719289389267 0
9568 -16.64179104477198 1.908719289389268 0
9569 -0.5294610627529175 -1.251513792281614 0
9570 0.5294610627529177 1.251513792281614 0
9571 1.351480421584223 0.1969848155052428 0
9572 1.388957842214178 0.1520468740497677 0
9573 1.419227101357039 0.2032219152808238 0
9574 -1.351480421584222 -0.1969848155052429 0
9575 -1.388957842214177 -0.1520468740497676 0
9576 -1.419227101357038 -0.2032219152808238 0
9577 15.31734910876814 -1.884418741371623 0
9578 -15.31734910876814 1.884418741371623 0
9579 12.28817959775852 0.292334634003117 0
9580 12.41600384492721 0.3611016766551449 0
9581 -12.28817959775852 -0.292334634003117 0
9582 -12.41600384492722 -0.361101676655145 0
9583 13.57659367417908 -0.7462801768481369 0
9584 13.72021636058283 -0.6419257045636088 0
9585 -13.57659367417907 0.7462801768481367 0
9586 -13.72021636058284 0.6419257045636088 0
9587 4.980159025140701 -0.1432855449494283 0
9588 -4.980159025140694 0.1432855449494256 0
9589 -11.65665726684857 -0.2294898241986147 0
9590 11.65665726684857 0.2294898241986146 0
9591 -17.5799142293798 -1.344156757431482 0
9592 -17.42353746017087 -1.404123002339629 0
9593 17.57991422937979 1.344156757431482 0
9594 17.42353746017087 1.404123002339628 0
9595 -9.972500025101921 -1.446303562610418 0
9596 -10.10512832681829 -1.439563636056336 0
9597 9.972500025101922 1.446303562610418 0
9598 10.10512832681829 1.439563636056336 0
9599 -16.91566784064648 -1.175404991983857 0
9600 16.91566784064647 1.175404991983857 0
9601 -0.5784843926278787 1.230523039698794 0
9602 -0.6309104238089586 1.175881515112224 0
9603 0.5784843926278788 -1.230523039698794 0
9604 0.6309104238089587 -1.175881515112224 0
9605 -4.40871936071546 -0.6227314922229716 0
9606 -4.263920107795389 -0.6383926312930198 0
9607 4.408719360715468 0.6227314922229745 0
9608 4.263920107795401 0.6383926312930244 0
9609 8.066523369950156 -1.157738770290552 0
9610 -8.066523369950154 1.157738770290552 0
9611 7.934572230782509 -1.17642101115635 0
9612 -7.934572230782509 1.17642101115635 0
9613 18.29031056822145 -1.136937434685678 0
9614 -18.29031056822145 1.136937434685677 0
9615 -0.3025087967805 -1.093130263674527 0
9616 -0.3415273649382189 -1.064541924059042 0
9617 0.3025087967804999 1.093130263674527 0
9618 0.3415273649382189 1.064541924059042 0
9619 0.6831443885719439 1.156169837694846 0
9620 0.6500863281558886 1.089542120927301 0
9621 -0.6831443885719435 -1.156169837694846 0
9622 -0.6500863281558884 -1.089542120927301 0
9623 0.5217497365553923 0.8921971669437543 0
9624 -0.5217497365553923 -0.8921971669437543 0
9625 9.886491499679211 0.3176102771574058 0
9626 9.93277486847148 0.1824946077242937 0
9627 -9.886491499679215 -0.3176102771574058 0
9628 -9.93277486847148 -0.1824946077242936 0
9629 11.61346173448342 -0.8890050534307063 0
9630 -11.61346173448343 0.8890050534307068 0
9631 -11.99428037426171 -0.8555482007229315 0
9632 11.99428037426171 0.8555482007229315 0
9633 -0.8561574515918838 0.8727606244350306 0
9634 0.8561574515918837 -0.8727606244350309 0
9635 -1.054596871254608 0.9283001811009041 0
9636 1.054596871254607 -0.9283001811009041 0
9637 -1.535698490022233 1.642544611594271 0
9638 -1.519156279675504 1.513898430244478 0
9639 1.535698490022235 -1.642544611594271 0
9640 1.519156279675506 -1.513898430244478 0
9641 4.230610093015914 1.400188858477586 0
9642 4.298744252115827 1.53885244996328 0
9643 -4.230610093015906 -1.400188858477587 0
9644 -4.298744252115822 -1.538852449963283 0
9645 -14.91153130656677 -1.76311817156402 0
9646 -14.75794319923272 -1.6951692430464 0
9647 14.91153130656676 1.76311817156402 0
9648 14.75794319923273 1.6951692430464 0
9649 -14.85074626865123 -1.907743442797793 0
9650 14.85074626865123 1.907743442797792 0
9651 0.2059116938139735 1.323757816148323 0
9652 0.1914941234244129 1.256074205727167 0
9653 -0.2059116938139736 -1.323757816148323 0
9654 -0.191494123424413 -1.256074205727167 0
9655 -12.17489472833872 -0.2229106716123815 0
9656 -12.32232411609767 -0.1600693964448856 0
9657 12.17489472833872 0.2229106716123815 0
9658 12.32232411609767 0.1600693964448855 0
9659 0.3383700509392137 0.9760940042258666 0
9660 -0.3383700509392137 -0.9760940042258666 0
9661 -0.4428292526191712 1.310185644473662 0
9662 -0.5168595563667409 1.298776883940805 0
9663 0.4428292526191707 -1.310185644473661 0
9664 0.5168595563667404 -1.298776883940805 0
9665 19.47375651404683 -1.909976514431408 0
9666 -19.47375651404682 1.909976514431407 0
9667 1.107405375784661 -0.4946604034902681 0
9668 1.112659504768242 -0.5460312493458116 0
9669 -1.107405375784661 0.4946604034902681 0
9670 -1.112659504768241 0.5460312493458117 0
9671 -4.405282102252582 -1.592364854193685 0
9672 4.405282102252587 1.592364854193685 0
9673 0.3301442814032765 1.022620397368891 0
9674 -0.3301442814032765 -1.022620397368891 0
9675 -0.6233996826843582 -1.037376300121569 0
9676 0.6233996826843584 1.037376300121569 0
9677 16.34868922368237 -1.865859368430794 0
9678 -16.34868922368237 1.865859368430793 0
9679 18.22997709490447 -0.6771469900479745 0
9680 -18.22997709490446 0.6771469900479741 0
9681 1.063465861657336 0.2999366591211234 0
9682 -1.063465861657336 -0.2999366591211234 0
9683 3.180656393573419 -0.7753724701147547 0
9684 -3.180656393573416 0.7753724701147556 0
9685 -4.499711648494755 -1.671472349008278 0
9686 4.499711648494761 1.671472349008277 0
9687 -17.88000932619668 0.8211798313458341 0
9688 17.88000932619668 -0.8211798313458345 0
9689 -0.9552130790384415 0.5332172560162083 0
9690 -0.9106779590180576 0.5507949459974562 0
9691 -0.9450721202399959 0.5694983929410562 0
9692 0.9552130790384414 -0.5332172560162083 0
9693 0.9106779590180577 -0.5507949459974562 0
9694 0.9450721202399958 -0.5694983929410562 0
9695 17.9280652704532 -0.9084146132650861 0
9696 -17.92806527045319 0.9084146132650859 0
9697 19.2403299175942 -0.613833936763278 0
9698 19.24785698130343 -0.7399998268507822 0
9699 -19.24032991759418 0.6138339367632898 0
9700 -19.24785698130342 0.7399998268507855 0
9701 -1.903322457130658 1.594236022845824 0
9702 -1.9110630586028 1.488866527623967 0
9703 -1.777779670362209 1.555468353347026 0
9704 1.903322457130661 -1.594236022845824 0
9705 1.911063058602803 -1.488866527623967 0
9706 1.777779670362212 -1.555468353347026 0
9707 -0.6246060851276261 -0.941276596551219 0
9708 -0.6077083657141427 -0.9928316677620416 0
9709 0.6246060851276261 0.9412765965512191 0
9710 0.6077083657141427 0.9928316677620417 0
9711 0.6662981383931486 0.923896593628472 0
9712 -0.6662981383931483 -0.9238965936284719 0
9713 -6.447039932660154 1.766451845670139 0
9714 6.44703993266016 -1.76645184567014 0
9715 -4.809596406737562 0.3524871563359609 0
9716 4.809596406737568 -0.3524871563359623 0
9717 0.08573450595232879 -1.075625994056903 0
9718 0.1023204281274035 -1.026918678685725 0
9719 -0.08573450595232873 1.075625994056903 0
9720 -0.1023204281274035 1.026918678685725 0
9721 16.985006117951 -0.5893206297475936 0
9722 -16.985006117951 0.5893206297475936 0
9723 -8.749238622095318 -0.2936537961526838 0
9724 -8.663606269844198 -0.4451665768074948 0
9725 8.749238622095316 0.2936537961526832 0
9726 8.6636062698442 0.4451665768074937 0
9727 7.874011926223812 0.9988013466812701 0
9728 -7.87401192622381 -0.9988013466812682 0
9729 -1.017002042615691 -1.17269526130425 0
9730 -0.9385312754869338 -1.129732273483388 0
9731 1.017002042615691 1.17269526130425 0
9732 0.9385312754869338 1.129732273483388 0
9733 0.9654637470496692 -1.086385303511378 0
9734 -0.9654637470496692 1.086385303511378 0
9735 8.419681559433091 -0.8423384437171706 0
9736 -8.419681559433092 0.8423384437171706 0
9737 19.30061541786727 -0.8612116507038368 0
9738 -19.30061541786728 0.861211650703837 0
9739 0.7025574862553052 -0.8140274020918686 0
9740 -0.702557486255305 0.8140274020918683 0
9741 -4.924673825242094 0.3760380211552229 0
9742 -4.950227704470363 0.2559741643673989 0
9743 4.9246738252421 -0.3760380211552252 0
9744 4.950227704470373 -0.2559741643674016 0
9745 -0.8788596978485086 -1.179437219818244 0
9746 -0.86518323037448 -1.109586594798451 0
9747 0.8788596978485088 1.179437219818244 0
9748 0.8651832303744802 1.10958659479845 0
9749 -2.766934915269428 -1.087700783248419 0
9750 -2.621166235484079 -1.041371552111307 0
9751 2.766934915269424 1.087700783248422 0
9752 2.621166235484075 1.041371552111309 0
9753 -4.906584982630712 0.4893774227964532 0
9754 -5.047216280363514 0.3928644308278912 0
9755 4.906584982630717 -0.4893774227964547 0
9756 5.047216280363522 -0.392864430827894 0
9757 12.50817882681018 -0.9920101054802241 0
9758 12.59179505216786 -0.8519502435209068 0
9759 -12.50817882681018 0.9920101054802242 0
9760 -12.59179505216786 0.8519502435209072 0
9761 12.20077134455814 -0.8417157317824446 0
9762 -12.20077134455814 0.8417157317824449 0
9763 0.3791061910351454 1.043053018847795 0
9764 -0.3791061910351454 -1.043053018847795 0
9765 1.226523868489378 0.04331326517861619 0
9766 -1.226523868489378 -0.04331326517861573 0
9767 1.479525353540073 0.2272192256875726 0
9768 -1.479525353540071 -0.2272192256875723 0
9769 16.05234813570817 -1.429717877609696 0
9770 15.96399866103263 -1.533712974158894 0
9771 -16.05234813570817 1.429717877609697 0
9772 -15.96399866103262 1.533712974158894 0
9773 -0.9059127210024082 0.4842521544061312 0
9774 -0.9455612889383983 0.485798502048826 0
9775 0.9059127210024083 -0.4842521544061312 0
9776 0.9455612889383983 -0.485798502048826 0
9777 1.084247935663916 0.7710559111226527 0
9778 -1.084247935663916 -0.7710559111226524 0
9779 -11.98294902384438 -0.6479860997716094 0
9780 11.98294902384439 0.6479860997716095 0
9781 0.9227530309983885 -0.7925064122046328 0
9782 0.9731359790287388 -0.8117749491005419 0
9783 -0.9227530309983883 0.7925064122046327 0
9784 -0.9731359790287387 0.8117749491005419 0
9785 16.93745341664409 -0.04717302056505741 0
9786 16.80917216698089 0.07355897183839025 0
9787 -16.93745341664408 0.04717302056505737 0
9788 -16.80917216698089 -0.07355897183839023 0
9789 10.08594226797022 0.6358874350622928 0
9790 -10.08594226797022 -0.6358874350622927 0
9791 1.550671904972239 0.2458361248917961 0
9792 -1.550671904972237 -0.2458361248917958 0
9793 8.578325269581963 -1.622006694908216 0
9794 8.511971775093713 -1.497611419491795 0
9795 -8.578325269581963 1.622006694908216 0
9796 -8.511971775093709 1.497611419491795 0
9797 10.66159471721694 -1.595394281226047 0
9798 -10.66159471721695 1.595394281226048 0
9799 12.73026161181176 -1.572836147845252 0
9800 -12.73026161181177 1.572836147845252 0
9801 12.45944083024011 -1.125731190730856 0
9802 -12.45944083024011 1.125731190730856 0
9803 -18.42326120486994 -0.2240546383105453 0
9804 -18.32393872979709 -0.3261924429432294 0
9805 18.42326120486991 0.2240546383105157 0
9806 18.32393872979705 0.326192442943202 0
9807 -5.587218627813712 -1.506808329991961 0
9808 -5.649552505940337 -1.366617535842326 0
9809 -5.744309716224281 -1.434602233157972 0
9810 5.587218627813722 1.506808329991967 0
9811 5.649552505940347 1.366617535842334 0
9812 5.744309716224287 1.434602233157974 0
9813 1.022973049308184 -0.8309226627273739 0
9814 -1.022973049308184 0.830922662727374 0
9815 -5.689919742443614 -1.261860261750761 0
9816 5.689919742443619 1.261860261750766 0
9817 -10.31924781103942 -1.3958336501656 0
9818 -10.32441020821834 -1.274257204305171 0
9819 -10.45379343207758 -1.36115784173249 0
9820 10.31924781103942 1.3958336501656 0
9821 10.32441020821833 1.274257204305172 0
9822 10.45379343207758 1.36115784173249 0
9823 -14.87308986064127 0.6049930603228776 0
9824 14.87308986064126 -0.6049930603228776 0
9825 10.37075271196699 -1.127074433445681 0
9826 -10.37075271196699 1.127074433445681 0
9827 -18.2320649201052 -0.4299343625233347 0
9828 18.2320649201052 0.4299343625233228 0
9829 16.3911808121454 0.6945937724713562 0
9830 -16.3911808121454 -0.694593772471356 0
9831 -16.41545478704439 -0.8084379473991349 0
9832 -16.54261656438005 -0.7435031069628053 0
9833 16.41545478704438 0.808437947399135 0
9834 16.54261656438004 0.7435031069628055 0
9835 -16.64129022704483 -1.303340669602569 0
9836 16.64129022704483 1.30334066960257 0
9837 17.31007250138331 -1.265764788184011 0
9838 -17.3100725013833 1.26576478818401 0
9839 9.284790181096731 1.470452974889499 0
9840 -9.284790181096733 -1.470452974889501 0
9841 -10.67664986615969 -1.435689746597698 0
9842 10.67664986615969 1.435689746597698 0
9843 -13.97987197892525 -1.341296049215466 0
9844 -14.0811773638659 -1.411629016763505 0
9845 13.97987197892525 1.341296049215465 0
9846 14.0811773638659 1.411629016763505 0
9847 14.83266377328545 -1.253412037933596 0
9848 -14.83266377328545 1.253412037933596 0
9849 -9.909037748712532 -0.6140594104628926 0
9850 9.909037748712532 0.6140594104628931 0
9851 1.264964403220821 0.4929734734998564 0
9852 -1.26496440322082 -0.4929734734998554 0
9853 7.686567164196397 1.919372846410647 0
9854 -7.686567164196397 -1.919372846410647 0
9855 -0.5777914600091502 -1.049014648707705 0
9856 0.5777914600091502 1.049014648707705 0
9857 8.924962491997878 0.8348510263999573 0
9858 9.040719868031438 0.9185243406513199 0
9859 -8.924962491997874 -0.8348510263999588 0
9860 -9.040719868031436 -0.9185243406513208 0
9861 -8.17667989727531 0.5415701965795129 0
9862 8.17667989727531 -0.5415701965795128 0
9863 5.45556419255641 -0.1055471332396106 0
9864 5.530691950528488 0.01781270558546819 0
9865 -5.455564192556399 0.1055471332396088 0
9866 -5.530691950528478 -0.01781270558546827 0
9867 7.768148733052455 0.2780668123434525 0
9868 -7.768148733052451 -0.2780668123434534 0
9869 -0.2497303396138062 -1.042173657364842 0
9870 -0.2201702938903357 -1.00630396627319 0
9871 0.2497303396138063 1.042173657364842 0
9872 0.2201702938903357 1.00630396627319 0
9873 3.994351745215702 0.1460572566211378 0
9874 3.995799487665559 0.02508676353018298 0
9875 4.086679510762552 0.1207433858609117 0
9876 -3.994351745215694 -0.1460572566211344 0
9877 -3.995799487665554 -0.02508676353018022 0
9878 -4.086679510762546 -0.1207433858609086 0
9879 -19.63200227797649 0.5641464213548415 0
9880 19.63200227797651 -0.5641464213548193 0
9881 0.8867295410852112 -0.5185061868944199 0
9882 -0.8867295410852112 0.5185061868944199 0
9883 -14.58294481179346 0.3782576781206128 0
9884 14.58294481179347 -0.3782576781206129 0
9885 -5.906306585625551 0.8362233476021761 0
9886 -5.986155132868022 0.7388545062994087 0
9887 5.906306585625559 -0.8362233476021791 0
9888 5.98615513286803 -0.7388545062994131 0
9889 -1.831602147220452 -1.619676412703606 0
9890 -1.768033463740705 -1.700392830012829 0
9891 1.831602147220451 1.619676412703606 0
9892 1.768033463740704 1.70039283001283 0
9893 -0.760483610075162 0.7573932190304389 0
9894 0.7604836100751621 -0.757393219030439 0
9895 19.89269243269346 0.09791021847209271 0
9896 -19.89269243269349 -0.09791021847204778 0
9897 -15.25710145770004 -0.7729963845799815 0
9898 15.25710145770005 0.7729963845799812 0
9899 -15.10956947603463 -0.7651809448244757 0
9900 -15.16864520518652 -0.9097059775304663 0
9901 15.10956947603463 0.7651809448244756 0
9902 15.16864520518652 0.9097059775304663 0
9903 -14.63605805324935 -1.77157622599015 0
9904 -14.61788184950231 -1.651258583440965 0
9905 14.63605805324935 1.771576225990149 0
9906 14.61788184950232 1.651258583440965 0
9907 -14.70149253730829 -1.907743442797792 0
9908 14.7014925373083 1.907743442797792 0
9909 -0.4559008984002207 1.394481831051098 0
9910 0.4559008984002202 -1.394481831051098 0
9911 -15.93252701030642 -0.509376276848945 0
9912 -15.78131741286203 -0.4564727627824535 0
9913 15.93252701030644 0.5093762768489452 0
9914 15.78131741286202 0.4564727627824533 0
9915 2.685346739476724 0.2914648690345937 0
9916 2.74654256636767 0.4016949999784805 0
9917 -2.685346739476721 -0.2914648690345893 0
9918 -2.746542566367665 -0.4016949999784749 0
9919 3.949121061336817 0.2441786171347655 0
9920 3.858241038239823 0.1485219948040368 0
9921 -3.949121061336809 -0.2441786171347615 0
9922 -3.85824103823982 -0.1485219948040333 0
9923 -6.217272747918131 1.753151870268858 0
9924 6.217272747918138 -1.753151870268859 0
9925 -5.916885620742487 1.886774244390379 0
9926 5.916885620742489 -1.886774244390382 0
9927 0.1816648444825841 1.01396317637205 0
9928 0.1679727474539836 1.060637240744007 0
9929 -0.1816648444825841 -1.01396317637205 0
9930 -0.1679727474539836 -1.060637240744007 0
9931 -1.051563511095246 0.1668519717436916 0
9932 -1.0202463925469 0.1439025311416395 0
9933 1.051563511095246 -0.1668519717436916 0
9934 1.0202463925469 -0.1439025311416395 0
9935 -12.50372691276973 -1.132267092028639 0
9936 -12.65083160291633 -1.153490008737805 0
9937 12.50372691276973 1.132267092028639 0
9938 12.65083160291632 1.153490008737805 0
9939 -7.15692250040335 -1.479641470845832 0
9940 -7.020397636032557 -1.461587149228008 0
9941 7.156922500403357 1.479641470845823 0
9942 7.020397636032564 1.461587149227997 0
9943 -17.24494804128002 0.4593141166229487 0
9944 -17.29414508148659 0.5631930969033361 0
9945 17.24494804128001 -0.4593141166229487 0
9946 17.2941450814866 -0.5631930969033363 0
9947 -13.8158322886486 0.6076102417580496 0
9948 13.81583228864859 -0.6076102417580493 0
9949 2.945867857727697 1.894518423974653 0
9950 -2.945867857727696 -1.894518423974654 0
9951 17.11418187213605 -0.5312979809374295 0
9952 -17.11418187213605 0.5312979809374295 0
9953 0.88624664249584 0.5161032203114191 0
9954 0.9178074384022763 0.5474559500240843 0
9955 -0.88624664249584 -0.5161032203114191 0
9956 -0.9178074384022764 -0.5474559500240843 0
9957 -7.927039841699317 1.697340524855975 0
9958 -8.054537927521109 1.774927415946901 0
9959 -8.071130008041278 1.657378801727062 0
9960 7.927039841699317 -1.697340524855975 0
9961 8.054537927521109 -1.774927415946901 0
9962 8.071130008041278 -1.657378801727062 0
9963 7.985074626850881 -1.907444569537907 0
9964 -7.985074626850881 1.907444569537907 0
9965 1.025362433254414 0.05976450403562839 0
9966 1.060354126337058 0.08051213542161395 0
9967 -1.025362433254413 -0.05976450403562834 0
9968 -1.060354126337058 -0.0805121354216139 0
9969 8.94628038341774 -1.304501954694833 0
9970 9.033412296349113 -1.208967528356709 0
9971 -8.946280383417744 1.304501954694833 0
9972 -9.033412296349116 1.208967528356709 0
9973 18.72908876295984 -0.5923487512236146 0
9974 18.71366469969246 -0.7076421222290558 0
9975 -18.72908876295985 0.592348751223615 0
9976 -18.71366469969246 0.7076421222290559 0
9977 6.962445370802399 0.8778959601676508 0
9978 7.080821717335228 0.968417477348005 0
9979 -6.962445370802399 -0.877895960167647 0
9980 -7.080821717335224 -0.9684174773480005 0
9981 4.750974970463612 -1.390012830458525 0
9982 4.856256233877843 -1.50095461538377 0
9983 -4.750974970463609 1.390012830458521 0
9984 -4.856256233877833 1.500954615383766 0
9985 2.899447265529302 -0.3931394623037716 0
9986 3.0288035061776 -0.3538915370487592 0
9987 2.930754405365736 -0.2714356608687977 0
9988 -2.899447265529295 0.3931394623037715 0
9989 -3.028803506177595 0.3538915370487608 0
9990 -2.930754405365729 0.2714356608688004 0
9991 -12.75014050197358 -1.377161423827481 0
9992 12.75014050197358 1.377161423827481 0
9993 14.86447483326689 -1.611067916912899 0
9994 -14.86447483326689 1.611067916912899 0
9995 -6.159012094777317 -0.147097769927372 0
9996 6.159012094777315 0.1470977699273784 0
9997 1.351014780690806 -0.7747465650829065 0
9998 1.333021204790877 -0.8471729356306997 0
9999 -1.351014780690805 0.774746565082906 0
10000 -1.333021204790877 0.847172935630699 0
10001 19.90362428655445 0.9256503672627644 0
10002 19.79054050661842 0.8684644117195732 0
10003 -19.90362428655446 -0.9256503672627638 0
10004 -19.79054050661841 -0.8684644117195741 0
10005 19.6831000651784 0.8329780242007379 0
10006 -19.68310006517839 -0.83297802420074 0
10007 -7.977982431459306 -0.4124520954414901 0
10008 -8.109734920279692 -0.4116599095744089 0
10009 7.977982431459311 0.4124520954414878 0
10010 8.109734920279696 0.4116599095744063 0
10011 0.2330116916975108 1.168922394987811 0
10012 0.2677163513322968 1.12906862630332 0
10013 -0.2330116916975108 -1.168922394987811 0
10014 -0.2677163513322968 -1.12906862630332 0
10015 -18.69567277421985 0.4791681910571889 0
10016 18.69567277421985 -0.4791681910571896 0
10017 -1.322880392506941 -0.2406141863704663 0
10018 1.322880392506942 0.2406141863704661 0
10019 13.17963280072671 -0.1770436532502036 0
10020 13.2378971293155 -0.06263538337720345 0
10021 -13.17963280072671 0.1770436532502037 0
10022 -13.2378971293155 0.06263538337720347 0
10023 13.25793306041666 -0.2795950143844 0
10024 -13.25793306041666 0.2795950143844 0
10025 -8.986146630130747 0.1884233619324488 0
10026 -9.060970031998998 0.06744278583668628 0
10027 8.986146630130747 -0.1884233619324488 0
10028 9.060970031998995 -0.06744278583668602 0
10029 9.077647637064102 -0.2836350417355734 0
10030 -9.077647637064103 0.2836350417355735 0
10031 9.267117530291598 0.07361613646490472 0
10032 9.154639966788393 -0.02865045691889783 0
10033 -9.2671175302916 -0.07361613646490464 0
10034 -9.154639966788395 0.02865045691889793 0
10035 -13.45419434121304 -0.08590967817206081 0
10036 -13.33479540337318 0.02245239081556617 0
10037 13.45419434121304 0.08590967817206079 0
10038 13.33479540337318 -0.02245239081556618 0
10039 0.1480456812636041 1.234505527754451 0
10040 -0.1480456812636041 -1.234505527754451 0
10041 -2.34625683619257 -0.2834693403436395 0
10042 -2.259121331965904 -0.3137528351092218 0
10043 2.346256836192572 0.2834693403436404 0
10044 2.259121331965905 0.3137528351092233 0
10045 -15.25865758079233 -1.57353784954351 0
10046 15.25865758079233 1.573537849543509 0
10047 4.907082832747543 -0.9720934114531078 0
10048 4.998840614086684 -0.8385277759289755 0
10049 -4.907082832747538 0.9720934114531101 0
10050 -4.998840614086682 0.8385277759289799 0
10051 3.066358245398788 1.878930549702822 0
10052 -3.066358245398789 -1.878930549702823 0
10053 5.109776385173035 -0.9493614368732816 0
10054 -5.10977638517303 0.9493614368732841 0
10055 5.240728427076689 -1.060433670297772 0
10056 5.38604827261916 -1.104232203219814 0
10057 -5.240728427076684 1.060433670297769 0
10058 -5.386048272619155 1.104232203219812 0
10059 -0.9471987029093496 -0.4811643349420616 0
10060 -0.9054298224128632 -0.4818491878232515 0
10061 0.9471987029093496 0.4811643349420616 0
10062 0.9054298224128632 0.4818491878232515 0
10063 1.236411067186395 -0.003057541465791323 0
10064 -1.236411067186395 0.003057541465791779 0
10065 -0.2577730098581468 -1.080047665208932 0
10066 0.2577730098581468 1.080047665208932 0
10067 -0.9810388171166681 0.5946927585317975 0
10068 0.981038817116668 -0.5946927585317974 0
10069 -16.19237015523763 -0.8551395285286097 0
10070 16.19237015523763 0.85513952852861 0
10071 18.39096105879514 -1.637921411482037 0
10072 -18.39096105879514 1.637921411482037 0
10073 0.7169981721827111 0.9119766911038101 0
10074 -0.716998172182711 -0.9119766911038099 0
10075 -16.46598968328016 -0.9117252247837931 0
10076 -16.3145539310455 -0.862815890292344 0
10077 16.46598968328015 0.911725224783793 0
10078 16.3145539310455 0.8628158902923438 0
10079 15.21456043905349 -1.673136017704563 0
10080 -15.21456043905348 1.673136017704562 0
10081 -17.33922806870541 -0.9390140119858003 0
10082 -17.20924292356039 -0.846165595585693 0
10083 -17.34801469716876 -0.8326888646922309 0
10084 17.33922806870541 0.9390140119858001 0
10085 17.2092429235604 0.846165595585693 0
10086 17.34801469716874 0.8326888646922304 0
10087 1.065790201374353 0.6040380278151237 0
10088 -1.065790201374353 -0.6040380278151236 0
10089 10.40461224444142 0.01249553667107317 0
10090 10.27981704209869 0.1152841402253118 0
10091 -10.40461224444142 -0.01249553667107318 0
10092 -10.27981704209869 -0.1152841402253118 0
10093 6.670042774723763 -1.400861682289483 0
10094 -6.67004277472377 1.400861682289487 0
10095 -1.425215898681886 -1.642292520972724 0
10096 1.425215898681886 1.642292520972725 0
10097 -16.44906318010061 -1.066462032759764 0
10098 16.44906318010061 1.066462032759764 0
10099 -16.30156475231339 -1.056247974175176 0
10100 16.30156475231338 1.056247974175176 0
10101 2.391610958023264 -1.369473435416959 0
10102 -2.391610958023261 1.36947343541696 0
10103 0.2474247387222867 -1.03782691393459 0
10104 0.2586414690541664 -0.9935976370191616 0
10105 -0.2474247387222867 1.03782691393459 0
10106 -0.2586414690541664 0.9935976370191617 0
10107 10.14006711046575 -1.765372844496653 0
10108 10.14882654523691 -1.649437254017663 0
10109 -10.14006711046575 1.765372844496653 0
10110 -10.14882654523691 1.649437254017663 0
10111 10.07606346411645 -1.901032720165778 0
10112 -10.07606346411645 1.901032720165778 0
10113 12.22966607128686 -1.765435938604519 0
10114 12.23837878404188 -1.649437254017469 0
10115 -12.22966607128686 1.765435938604519 0
10116 -12.23837878404188 1.649437254017469 0
10117 12.16566242493921 -1.901095814274017 0
10118 -12.16566242493921 1.901095814274017 0
10119 -10.07462686568127 -1.905264099956019 0
10120 -10.13736367860331 -1.770113697452978 0
10121 10.07462686568127 1.905264099956019 0
10122 10.13736367860331 1.770113697452979 0
10123 -12.16471068599257 -1.900958149410509 0
10124 -12.22782097904532 -1.764667484155388 0
10125 12.16471068599257 1.900958149410509 0
10126 12.22782097904532 1.764667484155388 0
10127 -10.14755971182658 -1.649946727184154 0
10128 10.14755971182658 1.649946727184154 0
10129 -12.23748543075652 -1.648806464432091 0
10130 12.23748543075652 1.648806464432091 0
10131 3.419654765048681 1.273804863307644 0
10132 3.526669990068074 1.200937189105582 0
10133 -3.41965476504868 -1.273804863307642 0
10134 -3.526669990068073 -1.200937189105579 0
10135 2.423903389541186 -1.463314619568186 0
10136 2.411344295229468 -1.599581586915738 0
10137 -2.423903389541183 1.463314619568187 0
10138 -2.411344295229467 1.599581586915739 0
10139 -10.53884131609182 -0.6456320310391761 0
10140 -10.70613035214773 -0.6233327526557484 0
10141 10.53884131609182 0.6456320310391761 0
10142 10.70613035214773 0.6233327526557484 0
10143 16.6831985218451 0.2944645585987449 0
10144 -16.68319852184508 -0.2944645585987446 0
10145 -1.876111112117391 1.382044150269911 0
10146 1.876111112117394 -1.382044150269911 0
10147 7.491273836991501 -0.09411646108520075 0
10148 7.504006546912343 -0.2422017729796765 0
10149 -7.491273836991502 0.09411646108519767 0
10150 -7.504006546912347 0.2422017729796715 0
10151 7.392459756796645 -0.2561210044958773 0
10152 7.507850709554258 -0.3467425421773901 0
10153 -7.392459756796647 0.2561210044958755 0
10154 -7.50785070955426 0.3467425421773863 0
10155 1.63440763747746 1.749657248772187 0
10156 1.516540347543532 1.803457273688613 0
10157 1.50915694021823 1.704028154259535 0
10158 -1.63440763747746 -1.749657248772187 0
10159 -1.516540347543532 -1.803457273688613 0
10160 -1.50915694021823 -1.704028154259535 0
10161 -2.935706393766856 0.1558486987269391 0
10162 2.935706393766862 -0.1558486987269359 0
10163 -4.45414708613071 -0.9442260604090851 0
10164 -4.50370844832594 -1.097481644129306 0
10165 4.454147086130714 0.9442260604090863 0
10166 4.503708448325944 1.097481644129307 0
10167 -1.926427679119441 -0.5228399431125569 0
10168 -1.828463844050298 -0.5001535225781063 0
10169 1.92642767911944 0.5228399431125577 0
10170 1.828463844050299 0.500153522578107 0
10171 0.1413081127837725 -1.022304182116852 0
10172 0.1685968318598742 -1.058874248933654 0
10173 -0.1413081127837725 1.022304182116852 0
10174 -0.1685968318598742 1.058874248933654 0
10175 -2.576503378147364 -1.168264901075776 0
10176 -2.709674092052325 -1.223961204433446 0
10177 2.576503378147361 1.168264901075778 0
10178 2.709674092052322 1.223961204433448 0
10179 7.052165001436338 0.745210402384419 0
10180 6.914947214634184 0.756539338004581 0
10181 -7.052165001436334 -0.7452104023844175 0
10182 -6.914947214634184 -0.7565393380045784 0
10183 15.91728155408006 -0.4571394333753134 0
10184 -15.91728155408005 0.4571394333753133 0
10185 -14.68865324746958 0.1530933649702093 0
10186 14.68865324746958 -0.1530933649702093 0
10187 -1.186072918387528 0.3752575364951073 0
10188 1.186072918387528 -0.3752575364951074 0
10189 -3.418989752903017 0.1110499867095246 0
10190 3.418989752903022 -0.1110499867095238 0
10191 -3.027151476232516 -1.773448973677477 0
10192 3.027151476232516 1.773448973677475 0
10193 16.49253731342851 -1.908719289389268 0
10194 16.4233160893541 -1.77457865782006 0
10195 -16.49253731342852 1.908719289389268 0
10196 -16.42331608935411 1.774578657820061 0
10197 -5.136750140203313 1.277675180794773 0
10198 5.13675014020332 -1.277675180794773 0
10199 2.351599459053185 -1.685489037145053 0
10200 -2.351599459053182 1.685489037145052 0
10201 0.1414784968920531 -1.37494546630739 0
10202 0.08298451067224327 -1.320779343625275 0
10203 0.07579852743407374 -1.403601585468323 0
10204 -0.1414784968920527 1.374945466307389 0
10205 -0.08298451067224313 1.320779343625275 0
10206 -0.07579852743407356 1.403601585468323 0
10207 -1.350969110373838 -0.1000293440711652 0
10208 1.350969110373838 0.1000293440711651 0
10209 0.8927766622214013 1.243512896743837 0
10210 0.9954093896138914 1.269764123692711 0
10211 -0.8927766622214011 -1.243512896743837 0
10212 -0.9954093896138915 -1.269764123692711 0
10213 17.0826841237958 -0.7908130078316282 0
10214 17.00682545349787 -0.8720821101520005 0
10215 -17.08268412379581 0.7908130078316284 0
10216 -17.00682545349786 0.8720821101520001 0
10217 16.96257651547473 -1.001876393841293 0
10218 -16.96257651547473 1.001876393841292 0
10219 6.912604485682483 1.463366167847823 0
10220 6.987761206592805 1.577678344056871 0
10221 -6.912604485682481 -1.463366167847827 0
10222 -6.987761206592798 -1.577678344056882 0
10223 19.27732297001031 -0.4917526295409037 0
10224 -19.2773229700103 0.4917526295409311 0
10225 -17.32940301508104 -0.723651803536543 0
10226 17.32940301508103 0.7236518035365438 0
10227 -7.190706281136869 1.279026950238757 0
10228 7.19070628113687 -1.279026950238758 0
10229 -14.5096536717244 -0.4353778919830915 0
10230 -14.48160735842758 -0.5629072799079459 0
10231 14.50965367172439 0.4353778919830914 0
10232 14.48160735842758 0.5629072799079459 0
10233 -2.293462274571658 0.03054261350251954 0
10234 2.293462274571662 -0.03054261350252148 0
10235 6.819938668283045 1.384987457138864 0
10236 -6.819938668283047 -1.384987457138867 0
10237 -6.706482461539165 -1.28806839868674 0
10238 6.706482461539164 1.28806839868674 0
10239 -0.3687616198433555 1.139609506637403 0
10240 -0.3523688616202138 1.208380223853335 0
10241 0.3687616198433556 -1.139609506637403 0
10242 0.3523688616202139 -1.208380223853335 0
10243 -3.662887696646903 -1.22301354670939 0
10244 -3.641231716066578 -1.346675332979256 0
10245 3.662887696646905 1.223013546709393 0
10246 3.641231716066579 1.346675332979257 0
10247 9.125705521365258 0.8354977960438664 0
10248 9.135426616699322 0.9917521012375311 0
10249 -9.125705521365253 -0.8354977960438631 0
10250 -9.135426616699318 -0.9917521012375289 0
10251 -15.19992944191767 0.06060601560548683 0
10252 15.19992944191768 -0.06060601560548683 0
10253 5.594836132286344 0.7654822560525979 0
10254 -5.594836132286337 -0.765482256052598 0
10255 -3.703671503024953 -1.117521232498695 0
10256 3.703671503024955 1.117521232498698 0
10257 1.504908213658547 1.054135975422715 0
10258 -1.504908213658547 -1.054135975422715 0
10259 0.8115289610833145 0.8920113180217829 0
10260 -0.8115289610833145 -0.8920113180217829 0
10261 -10.21163417430659 -1.41591160070658 0
10262 -10.12689791394471 -1.546542224024634 0
10263 10.21163417430658 1.41591160070658 0
10264 10.12689791394471 1.546542224024633 0
10265 0.1995943768242692 1.200290084165181 0
10266 0.189563249536702 1.147353717015096 0
10267 -0.1995943768242692 -1.200290084165181 0
10268 -0.189563249536702 -1.147353717015096 0
10269 -19.68570636114476 -1.660653948626067 0
10270 -19.56265314493795 -1.66232463406494 0
10271 19.68570636114476 1.660653948626066 0
10272 19.56265314493796 1.662324634064943 0
10273 -3.484293361297898 0.2131567599978523 0
10274 -3.519411006091101 0.06368149147673077 0
10275 3.484293361297905 -0.2131567599978499 0
10276 3.519411006091106 -0.06368149147672979 0
10277 -4.256339874366579 -0.8604109435806232 0
10278 4.256339874366586 0.8604109435806253 0
10279 -17.34278250982076 0.6811075954404482 0
10280 17.34278250982076 -0.6811075954404483 0
10281 17.21185987798086 -0.7327903590214646 0
10282 -17.21185987798085 0.7327903590214644 0
10283 -0.5068852517486678 0.9931227336745352 0
10284 0.5068852517486681 -0.9931227336745354 0
10285 5.448893747351945 1.559941224652883 0
10286 -5.448893747351935 -1.559941224652878 0
10287 -5.543650957635879 -1.627925921968524 0
10288 5.543650957635888 1.627925921968524 0
10289 -8.973779021352749 -0.3937872389036327 0
10290 -9.081249383708546 -0.3966068675483486 0
10291 -9.055981046043147 -0.5172556610543688 0
10292 8.973779021352748 0.3937872389036325 0
10293 9.081249383708542 0.3966068675483495 0
10294 9.055981046043149 0.5172556610543678 0
10295 -9.126389351156996 -0.2933983807051019 0
10296 9.126389351156995 0.2933983807051028 0
10297 -3.207564711754411 -1.235060678308316 0
10298 -3.315096210950291 -1.341379920709002 0
10299 3.207564711754409 1.23506067830832 0
10300 3.315096210950291 1.341379920709002 0
10301 -1.18122712083521 0.3292066916267833 0
10302 1.18122712083521 -0.3292066916267834 0
10303 -17.70521090452133 0.1380734549975718 0
10304 -17.77000855535947 0.004867705237694545 0
10305 17.70521090452134 -0.1380734549975813 0
10306 17.77000855535947 -0.004867705237718525 0
10307 2.224756890192604 -1.758066551749686 0
10308 2.365648538987971 -1.77987517107891 0
10309 -2.224756890192603 1.758066551749686 0
10310 -2.365648538987971 1.77987517107891 0
10311 -14.06176683384916 -0.4891506660585345 0
10312 14.06176683384916 0.4891506660585343 0
10313 -13.99542502015259 -1.203647234576527 0
10314 13.99542502015259 1.203647234576527 0
10315 -14.13076226234019 -1.159562256539959 0
10316 14.13076226234019 1.159562256539959 0
10317 11.77312493817152 -0.9913278303676738 0
10318 11.89546980520435 -0.9618606266237606 0
10319 -11.77312493817152 0.9913278303676737 0
10320 -11.89546980520435 0.9618606266237606 0
10321 12.01316327082861 -0.9641031795103624 0
10322 11.93741269696084 -1.096655907022172 0
10323 -12.0131632708286 0.9641031795103623 0
10324 -11.93741269696084 1.096655907022172 0
10325 11.39384129860192 -0.3257768129383814 0
10326 -11.39384129860192 0.3257768129383815 0
10327 13.3804038996066 -0.3132382628116975 0
10328 -13.3804038996066 0.3132382628116975 0
10329 9.197435834307026 -0.3170379016929148 0
10330 -9.197435834307026 0.3170379016929148 0
10331 1.25077554053907 0.3807328256127109 0
10332 1.24111700164294 0.4449246061828031 0
10333 -1.250775540539069 -0.3807328256127105 0
10334 -1.241117001642939 -0.4449246061828021 0
10335 1.274924512481728 0.01335863150962505 0
10336 -1.274924512481728 -0.0133586315096249 0
10337 11.45969816984663 -1.108846523567843 0
10338 11.54793595758097 -1.000622088799989 0
10339 -11.45969816984663 1.108846523567843 0
10340 -11.54793595758096 1.000622088799989 0
10341 3.545500824959205 1.435219653511713 0
10342 3.440942270860816 1.502794710913071 0
10343 3.400455455389359 1.392174032776804 0
10344 -3.545500824959204 -1.435219653511712 0
10345 -3.440942270860817 -1.502794710913073 0
10346 -3.400455455389358 -1.392174032776804 0
10347 3.863096452958994 0.3655628127901001 0
10348 -3.863096452958986 -0.3655628127900963 0
10349 1.316850016852675 -0.08712222801834897 0
10350 -1.316850016852674 0.08712222801834903 0
10351 -10.34101739816583 -1.502812238133898 0
10352 10.34101739816584 1.502812238133898 0
10353 12.22947787710896 -1.527531449170267 0
10354 -12.22947787710896 1.527531449170267 0
10355 10.13983195383641 -1.52763572748436 0
10356 -10.13983195383641 1.52763572748436 0
10357 2.776311831131233 0.2283532477184044 0
10358 -2.776311831131229 -0.2283532477183998 0
10359 -7.256088193726812 1.909629516227154 0
10360 7.256088193726811 -1.909629516227153 0
10361 15.02691762885722 -0.748682263499503 0
10362 -15.02691762885722 0.7486822634995025 0
10363 -14.92956197517756 0.6986518151752428 0
10364 14.92956197517756 -0.6986518151752429 0
10365 3.901935762606752 -1.378891094487893 0
10366 -3.901935762606751 1.378891094487891 0
10367 9.83549897322183 -1.087676244120387 0
10368 9.808634203294766 -1.212773562625717 0
10369 -9.835498973221831 1.087676244120387 0
10370 -9.808634203294766 1.212773562625717 0
10371 9.668599273667533 -1.215388266966235 0
10372 -9.668599273667533 1.215388266966235 0
10373 -8.412728423488078 0.2831654811010314 0
10374 8.412728423488078 -0.2831654811010315 0
10375 -0.5384365336317424 0.9614476116901091 0
10376 0.5384365336317427 -0.9614476116901095 0
10377 0.1997661233209456 -1.409342398041133 0
10378 -0.1997661233209452 1.409342398041132 0
10379 -3.428582626825889 0.7384650544016995 0
10380 -3.335133879771232 0.6275437415363494 0
10381 -3.305304961316051 0.7792588425431597 0
10382 3.428582626825894 -0.7384650544016975 0
10383 3.335133879771238 -0.6275437415363478 0
10384 3.305304961316056 -0.7792588425431581 0
10385 -7.829165275956315 -0.5964647177571987 0
10386 -7.843935180343529 -0.4645870977392068 0
10387 7.829165275956322 0.5964647177571973 0
10388 7.843935180343534 0.4645870977392047 0
10389 9.634609761540132 0.0495557579764534 0
10390 -9.634609761540128 -0.04955575797645338 0
10391 16.1824537874815 -1.361315268989673 0
10392 -16.18245378748151 1.361315268989673 0
10393 -1.296226992002757 0.5146300440527194 0
10394 -1.27795264581143 0.5756988214866267 0
10395 1.296226992002756 -0.5146300440527202 0
10396 1.277952645811431 -0.575698821486627 0
10397 0.5096987494420924 0.9985332551087603 0
10398 -0.5096987494420925 -0.9985332551087603 0
10399 19.6857623181279 -1.684771565545467 0
10400 -19.68576231812788 1.684771565545466 0
10401 -7.111185976482863 0.06524519528649078 0
10402 7.111185976482865 -0.06524519528648999 0
10403 -19.25555599369664 -1.365172420561408 0
10404 19.25555599369663 1.365172420561412 0
10405 -7.097266356001914 -1.894568065589556 0
10406 7.097266356001914 1.894568065589559 0
10407 14.85091549169861 -0.8528392114355897 0
10408 -14.85091549169861 0.8528392114355897 0
10409 -11.23341533184255 -0.3236722258780675 0
10410 -11.1968067014704 -0.1966463156051619 0
10411 11.23341533184254 0.3236722258780674 0
10412 11.1968067014704 0.1966463156051618 0
10413 11.11499043333362 0.1156282189522095 0
10414 -11.11499043333362 -0.1156282189522095 0
10415 -9.313081255425892 -0.1763233895176685 0
10416 -9.422455234237598 -0.1740174069089692 0
10417 9.313081255425894 0.1763233895176685 0
10418 9.422455234237596 0.1740174069089691 0
10419 -13.5010067749648 -0.1855124987552116 0
10420 -13.62249356846968 -0.1978689186717005 0
10421 -13.5543226143993 -0.3260147359288373 0
10422 13.5010067749648 0.1855124987552116 0
10423 13.62249356846967 0.1978689186717005 0
10424 13.55432261439931 0.3260147359288375 0
10425 -13.71646243080164 -0.1031312064564599 0
10426 13.71646243080164 0.1031312064564599 0
10427 9.506932251535376 0.104507563394804 0
10428 -9.506932251535376 -0.1045075633948039 0
10429 6.184839193967989 0.5531511290879393 0
10430 -6.18483919396799 -0.5531511290879332 0
10431 1.021168675488516 -0.6109011498439922 0
10432 -1.021168675488516 0.6109011498439925 0
10433 -1.775416871066008 -1.799821949441908 0
10434 1.775416871066007 1.799821949441907 0
10435 3.622939823489953 -0.9432746658273006 0
10436 3.510952027264463 -0.8424873730820951 0
10437 -3.62293982348995 0.9432746658273021 0
10438 -3.510952027264461 0.842487373082097 0
10439 -0.4238933152076692 -1.038785519703644 0
10440 0.4238933152076692 1.038785519703644 0
10441 0.296427284313886 -0.9829409349679676 0
10442 0.3228011933821634 -1.013001298623927 0
10443 -0.296427284313886 0.9829409349679676 0
10444 -0.3228011933821634 1.013001298623927 0
10445 -6.633990931270735 -1.070855025645418 0
10446 -6.687440472453621 -0.9387490454819722 0
10447 6.633990931270738 1.070855025645422 0
10448 6.687440472453622 0.9387490454819774 0
10449 -6.69986185608458 -0.8167990161051828 0
10450 -6.562074744537951 -0.866323165799347 0
10451 6.69986185608458 0.816799016105189 0
10452 6.562074744537954 0.8663231657993536 0
10453 2.058302607951546 0.3704534097078799 0
10454 2.060466183916033 0.4509584972638528 0
10455 -2.058302607951546 -0.3704534097078785 0
10456 -2.060466183916034 -0.4509584972638515 0
10457 -12.7431424949935 -1.615110126153321 0
10458 12.7431424949935 1.615110126153321 0
10459 -12.67401067440299 -1.49287988456199 0
10460 12.67401067440299 1.49287988456199 0
10461 -4.653815816741488 1.557672375526668 0
10462 -4.610212382602271 1.438361794218435 0
10463 4.653815816741496 -1.557672375526673 0
10464 4.610212382602279 -1.438361794218445 0
10465 -1.562156354087903 1.771842659333905 0
10466 -1.629384827234867 1.701282397370121 0
10467 1.562156354087905 -1.771842659333903 0
10468 1.629384827234869 -1.701282397370121 0
10469 -7.178445718608829 -1.747220725279758 0
10470 7.178445718608829 1.747220725279761 0
10471 19.75908402862732 0.06251124427185256 0
10472 -19.75908402862737 -0.06251124427179763 0
10473 -5.716512796131603 -1.778019351257139 0
10474 5.716512796131614 1.778019351257138 0
10475 -15.49059487898851 -1.77477643891215 0
10476 15.49059487898851 1.77477643891215 0
10477 -15.44776119402425 -1.920140255962333 0
10478 15.44776119402425 1.920140255962333 0
10479 11.14120627327331 -0.001369543833734187 0
10480 11.09282566935986 -0.1602408388215227 0
10481 -11.14120627327331 0.001369543833734186 0
10482 -11.09282566935986 0.1602408388215227 0
10483 9.523581521994844 -0.1637139818250508 0
10484 9.500108677560693 -0.01596334239560494 0
10485 -9.523581521994846 0.1637139818250508 0
10486 -9.500108677560695 0.01596334239560495 0
10487 1.162131606626491 -0.5704886643727202 0
10488 1.20739978506166 -0.5843899335927391 0
10489 -1.16213160662649 0.5704886643727203 0
10490 -1.20739978506166 0.5843899335927392 0
10491 -9.893257576328526 -0.4433609336376673 0
10492 9.893257576328525 0.4433609336376673 0
10493 15.2892420172319 -1.778351630990956 0
10494 -15.28924201723191 1.778351630990957 0
10495 1.286766440146129 0.2700046298184225 0
10496 1.265298732066606 0.3256895297730666 0
10497 -1.286766440146128 -0.270004629818423 0
10498 -1.265298732066605 -0.325689529773067 0
10499 -1.340851107183123 -0.3413915286611763 0
10500 -1.34563572836627 -0.2775503001842558 0
10501 1.340851107183125 0.3413915286611759 0
10502 1.345635728366271 0.2775503001842553 0
10503 13.3068541785537 -1.142396295416268 0
10504 13.19684413578292 -1.246886123662014 0
10505 13.35843019403866 -1.267124087640628 0
10506 -13.3068541785537 1.142396295416268 0
10507 -13.19684413578292 1.246886123662014 0
10508 -13.35843019403865 1.267124087640628 0
10509 1.10208489492759 -0.7762063507788879 0
10510 -1.10208489492759 0.7762063507788879 0
10511 -6.65156540089195 0.5046892584020561 0
10512 -6.755766246020466 0.43337615246044 0
10513 6.65156540089195 -0.5046892584020489 0
10514 6.755766246020465 -0.4333761524604334 0
10515 0.4732952453468413 1.045692389338385 0
10516 -0.4732952453468412 -1.045692389338385 0
10517 -5.107416058159473 -0.8628732792065107 0
10518 -5.188029634183699 -0.7452682008517473 0
10519 5.107416058159476 0.8628732792065132 0
10520 5.188029634183705 0.7452682008517488 0
10521 -8.128164184100367 0.4095831124367829 0
10522 8.128164184100365 -0.4095831124367831 0
10523 -6.785077478704953 -0.3127482473294824 0
10524 6.785077478704952 0.3127482473294775 0
10525 10.48514798611292 -1.1116296807313 0
10526 -10.48514798611292 1.1116296807313 0
10527 -6.49066469003753 -1.896574546452767 0
10528 6.49066469003753 1.896574546452767 0
10529 -18.22962747391173 0.5345081796728376 0
10530 18.22962747391172 -0.534508179672837 0
10531 -3.504632776914361 -1.650479816369546 0
10532 3.504632776914363 1.650479816369547 0
10533 -6.15352762830221 1.632605292969159 0
10534 -6.090062629978535 1.486258306549311 0
10535 6.153527628302217 -1.632605292969157 0
10536 6.090062629978542 -1.486258306549308 0
10537 1.054451717872828 0.6497725333261083 0
10538 -1.054451717872828 -0.6497725333261082 0
10539 11.8997287491593 -1.215361214698862 0
10540 -11.8997287491593 1.215361214698862 0
10541 11.76220774328261 -1.221442626139472 0
10542 -11.76220774328261 1.221442626139472 0
10543 1.304322794528267 0.4650762026285535 0
10544 1.326327915655588 0.3964348245008201 0
10545 -1.304322794528265 -0.4650762026285529 0
10546 -1.326327915655587 -0.3964348245008197 0
10547 -6.333059255082738 0.4339227477983065 0
10548 -6.443758971498873 0.5044625492352364 0
10549 6.333059255082751 -0.4339227477983083 0
10550 6.443758971498884 -0.5044625492352373 0
10551 13.68226157957486 -0.1591269854923011 0
10552 13.67081940145573 -0.003707325433835974 0
10553 -13.68226157957486 0.1591269854923011 0
10554 -13.67081940145574 0.003707325433835965 0
10555 1.398735884841853 -0.8782762267724568 0
10556 1.45458201190757 -0.9575230396373895 0
10557 1.473702604876622 -0.8856404179087959 0
10558 -1.398735884841852 0.8782762267724555 0
10559 -1.454582011907569 0.9575230396373882 0
10560 -1.473702604876621 0.8856404179087949 0
10561 18.87362704886625 -0.4136134181059831 0
10562 -18.87362704886624 0.4136134181059848 0
10563 -1.158057421330142 0.2083843357803622 0
10564 1.158057421330142 -0.2083843357803623 0
10565 -6.667718778887573 -0.3726097899949069 0
10566 6.667718778887576 0.3726097899949082 0
10567 -14.3534360709156 -0.6117974559293939 0
10568 14.3534360709156 0.6117974559293939 0
10569 0.9488569727960982 0.520045658244465 0
10570 -0.9488569727960983 -0.520045658244465 0
10571 11.52163488680357 -1.217902833989138 0
10572 -11.52163488680357 1.217902833989138 0
10573 -7.794619741048695 1.669582651205108 0
10574 -7.778027660528526 1.787131265424947 0
10575 7.794619741048695 -1.669582651205108 0
10576 7.778027660528525 -1.787131265424946 0
10577 7.835820895507413 -1.907444569537907 0
10578 -7.835820895507412 1.907444569537907 0
10579 18.90704303760624 -0.5267939782724083 0
10580 19.03689125026938 -0.5697440317979063 0
10581 -18.90704303760624 0.5267939782724108 0
10582 -19.03689125026936 0.569744031797912 0
10583 13.66638188125539 -0.8581561705670208 0
10584 -13.66638188125539 0.8581561705670206 0
10585 9.690281077133861 -0.9811520004103869 0
10586 9.814949994678265 -0.9634439939832639 0
10587 9.781877414542805 -0.8562843933321147 0
10588 -9.690281077133861 0.9811520004103869 0
10589 -9.814949994678267 0.963443993983264 0
10590 -9.781877414542803 0.8562843933321147 0
10591 9.927095310630772 -0.9628086370421151 0
10592 -9.927095310630772 0.9628086370421149 0
10593 -1.686483016029631 1.616411099099685 0
10594 1.686483016029635 -1.616411099099686 0
10595 -5.639818746931182 -1.685476563537087 0
10596 5.639818746931186 1.685476563537085 0
10597 1.966546555492587 -0.7178100721777113 0
10598 -1.966546555492583 0.7178100721777088 0
10599 2.313432835799124 -1.926226342841772 0
10600 -2.313432835799124 1.926226342841772 0
10601 -7.364707595980403 0.04164238407853265 0
10602 7.364707595980404 -0.04164238407853449 0
10603 -0.1760154176983241 -1.098511248588098 0
10604 0.1760154176983241 1.098511248588098 0
10605 -1.322882186045513 -0.05698917601108801 0
10606 -1.33276938474253 -0.0106183693666805 0
10607 1.322882186045513 0.05698917601108808 0
10608 1.33276938474253 0.01061836936668058 0
10609 -16.16552398343134 -1.37119957748412 0
10610 16.16552398343135 1.371199577484121 0
10611 -7.578381412578372 0.4730999420741154 0
10612 7.57838141257837 -0.4730999420741189 0
10613 -7.675854145981829 0.5611507654744274 0
10614 7.675854145981827 -0.5611507654744277 0
10615 14.93458671565511 -1.124250666898328 0
10616 14.97704845135981 -1.027577443180658 0
10617 -14.93458671565512 1.124250666898328 0
10618 -14.9770484513598 1.027577443180658 0
10619 14.98805579722692 -1.233265863894768 0
10620 -14.98805579722692 1.233265863894768 0
10621 -1.087142830264951 0.1867425015496161 0
10622 1.087142830264951 -0.1867425015496161 0
10623 -14.0560976676008 -0.6525872037954616 0
10624 -14.23484368738531 -0.6489640159987935 0
10625 14.05609766760081 0.6525872037954616 0
10626 14.2348436873853 0.6489640159987935 0
10627 5.535573922535557 1.058858944253794 0
10628 5.623486741042846 1.142820416884897 0
10629 -5.535573922535551 -1.058858944253791 0
10630 -5.623486741042837 -1.142820416884893 0
10631 -19.03874314686799 -1.08593761974405 0
10632 19.03874314686795 1.085937619744104 0
10633 -1.863356775315082 -1.516499533106346 0
10634 -1.940797325423884 -1.647380651085291 0
10635 1.86335677531508 1.516499533106346 0
10636 1.940797325423881 1.647380651085291 0
10637 5.624057569944896 0.9666036008378345 0
10638 -5.624057569944889 -0.9666036008378321 0
10639 -15.83273920108896 -0.07404993493595834 0
10640 15.83273920108896 0.07404993493595832 0
10641 -3.844254060720722 -0.7131417732352183 0
10642 -3.829967179385752 -0.5730155678475355 0
10643 3.844254060720731 0.7131417732352205 0
10644 3.82996717938576 0.5730155678475384 0
10645 9.317377238883367 -1.218319816881923 0
10646 9.441911514101722 -1.213609699634081 0
10647 -9.317377238883365 1.218319816881923 0
10648 -9.441911514101722 1.213609699634081 0
10649 7.239551034729976 -0.06124191393683187 0
10650 -7.239551034729972 0.06124191393683175 0
10651 15.6840410069719 -0.3682475062593117 0
10652 15.8081161350121 -0.3669614379345595 0
10653 -15.68404100697189 0.3682475062593117 0
10654 -15.80811613501211 0.3669614379345596 0
10655 5.018699500222533 -1.060020116758433 0
10656 -5.018699500222528 1.060020116758436 0
10657 -10.71309826959559 -0.4548602939300427 0
10658 10.71309826959559 0.4548602939300426 0
10659 5.120034686573819 -1.063818738498453 0
10660 -5.120034686573812 1.063818738498452 0
10661 1.541547077742593 -0.8916761286596543 0
10662 1.485700950676875 -0.8124293157947214 0
10663 -1.541547077742591 0.8916761286596535 0
10664 -1.485700950676875 0.8124293157947209 0
10665 12.57955995556711 -1.112172127131295 0
10666 -12.57955995556711 1.112172127131295 0
10667 6.205608061956477 1.243956238872648 0
10668 -6.20560806195648 -1.24395623887264 0
10669 6.322849072001281 1.203540614552685 0
10670 -6.322849072001285 -1.203540614552678 0
10671 -16.64379211158687 -0.6647031916849144 0
10672 -16.66806608648585 -0.7785473666126929 0
10673 16.64379211158685 0.6647031916849142 0
10674 16.66806608648585 0.7785473666126929 0
10675 0.5920737923198636 1.268882335391439 0
10676 -0.5920737923198633 -1.268882335391439 0
10677 4.875568053260213 -1.596471613439463 0
10678 -4.875568053260208 1.596471613439463 0
10679 10.2347948013547 -0.1127220922492358 0
10680 10.29514627293637 -0.2088057446395609 0
10681 10.35292785256179 -0.1137622121667442 0
10682 -10.23479480135471 0.1127220922492358 0
10683 -10.29514627293637 0.2088057446395609 0
10684 -10.35292785256179 0.1137622121667442 0
10685 10.35589339341677 -0.3309809803599336 0
10686 10.23776034220968 -0.329940860442425 0
10687 -10.35589339341677 0.3309809803599335 0
10688 -10.23776034220968 0.3299408604424251 0
10689 -2.873782374894263 0.509354052896576 0
10690 2.873782374894267 -0.5093540528965761 0
10691 10.62455410974065 -1.037214007769727 0
10692 -10.62455410974065 1.037214007769727 0
10693 5.993885007094927 -0.6170078553718917 0
10694 6.10912746740522 -0.5933309478306485 0
10695 -5.993885007094923 0.6170078553718857 0
10696 -6.109127467405214 0.5933309478306448 0
10697 5.887861327356405 -0.6173474339237316 0
10698 -5.887861327356399 0.6173474339237246 0
10699 -6.437967351888037 -1.026177450892892 0
10700 -6.53400783054343 -1.126337333634706 0
10701 -6.422321821524475 -1.164241589351462 0
10702 6.437967351888039 1.026177450892898 0
10703 6.534007830543429 1.126337333634708 0
10704 6.422321821524472 1.164241589351464 0
10705 13.90379312525347 -0.8021094289168107 0
10706 -13.90379312525347 0.8021094289168105 0
10707 -3.54078094571964 0.6907722720752868 0
10708 3.540780945719646 -0.6907722720752845 0
10709 0.07688123146721915 1.930829277811041 0
10710 -0.07688123146721938 -1.930829277811042 0
10711 -12.34092890141283 -1.588724192367323 0
10712 -12.43644825645656 -1.470959841941365 0
10713 12.34092890141283 1.588724192367324 0
10714 12.43644825645656 1.470959841941364 0
10715 -2.001721961453197 1.663190759084766 0
10716 2.0017219614532 -1.663190759084766 0
10717 14.94827114537826 -0.9028696597598493 0
10718 -14.94827114537826 0.9028696597598495 0
10719 7.093107688366032 -0.5886933869805118 0
10720 7.102642942065645 -0.7131894553702522 0
10721 -7.093107688366033 0.5886933869805147 0
10722 -7.102642942065646 0.7131894553702532 0
10723 -19.57553091976337 -0.8014758574991022 0
10724 -19.6662632947129 -0.7112687793516627 0
10725 19.57553091976334 0.8014758574990959 0
10726 19.6662632947129 0.7112687793516548 0
10727 8.797077059567661 0.7805018605901083 0
10728 -8.797077059567656 -0.780501860590111 0
10729 11.11004480211879 -1.410292332090743 0
10730 11.18747485093905 -1.523722971371464 0
10731 -11.1100448021188 1.410292332090743 0
10732 -11.18747485093905 1.523722971371464 0
10733 9.031357620010933 -1.422816635365826 0
10734 -9.031357620010935 1.422816635365826 0
10735 -13.23620412194047 -1.40213243448825 0
10736 13.23620412194047 1.402132434488251 0
10737 -11.06620777456839 -1.351735947615252 0
10738 -11.16940016143048 -1.4321149939302 0
10739 11.06620777456839 1.351735947615253 0
10740 11.16940016143048 1.4321149939302 0
10741 -14.29361346660704 -1.334837021986189 0
10742 -14.38822054840156 -1.226207976822804 0
10743 -14.39632907875131 -1.363673496595702 0
10744 14.29361346660705 1.33483702198619 0
10745 14.38822054840155 1.226207976822804 0
10746 14.39632907875131 1.363673496595702 0
10747 -15.0095923842618 -1.373277981981618 0
10748 -14.93771722479331 -1.2890107201314 0
10749 -15.01511014935852 -1.241232200694625 0
10750 15.00959238426179 1.373277981981618 0
10751 14.93771722479332 1.2890107201314 0
10752 15.01511014935851 1.241232200694624 0
10753 -14.83997048714284 -1.208806397607592 0
10754 14.83997048714284 1.208806397607592 0
10755 -12.36547339388055 -1.334018464497689 0
10756 12.36547339388056 1.33401846449769 0
10757 11.57624346881711 -1.336400594391653 0
10758 11.50765917360212 -1.43200785509292 0
10759 -11.57624346881711 1.336400594391653 0
10760 -11.50765917360212 1.43200785509292 0
10761 -13.4721879559359 -0.4205747797074094 0
10762 -13.37406463193742 -0.5352351471287949 0
10763 13.4721879559359 0.4205747797074095 0
10764 13.37406463193742 0.5352351471287948 0
10765 6.566637787704222 0.4196065769209613 0
10766 -6.566637787704213 -0.4196065769209546 0
10767 1.138090772407984 0.7434618821359926 0
10768 1.145598604112115 0.6885105617302104 0
10769 -1.138090772407984 -0.7434618821359922 0
10770 -1.145598604112115 -0.6885105617302103 0
10771 -2.153968141931 -0.3311181561085753 0
10772 2.153968141931001 0.3311181561085766 0
10773 7.291202597078788 -1.226166802129522 0
10774 7.40672142750265 -1.225426268381562 0
10775 7.377107906943837 -1.121661953937583 0
10776 -7.291202597078787 1.226166802129521 0
10777 -7.406721427502651 1.225426268381561 0
10778 -7.377107906943838 1.121661953937581 0
10779 -10.5517230079737 -1.28759698595491 0
10780 10.5517230079737 1.28759698595491 0
10781 -5.149651542126183 1.171092350182922 0
10782 5.149651542126186 -1.171092350182922 0
10783 -0.8041289094143945 -1.913560977425458 0
10784 0.8041289094143949 1.913560977425458 0
10785 9.495467551055114 -1.335512204562833 0
10786 9.428619533593707 -1.434277439843466 0
10787 -9.495467551055112 1.335512204562833 0
10788 -9.428619533593704 1.434277439843465 0
10789 11.80877125084985 0.1227139542959536 0
10790 -11.80877125084985 -0.1227139542959536 0
10791 11.72142356097679 -0.001520677631622871 0
10792 11.70000340692978 0.1242346319277436 0
10793 -11.7214235609768 0.001520677631622871 0
10794 -11.70000340692977 -0.1242346319277436 0
10795 -7.544199851755817 1.221781254675578 0
10796 7.544199851755817 -1.221781254675579 0
10797 10.98179742981588 0.05302890098093867 0
10798 -10.98179742981588 -0.05302890098093866 0
10799 3.810029766792277 0.4633434894509589 0
10800 -3.81002976679227 -0.4633434894509544 0
10801 12.73591748582894 -1.045010735192203 0
10802 -12.73591748582894 1.045010735192203 0
10803 6.233246673578584 -0.5149512060577895 0
10804 -6.233246673578572 0.5149512060577852 0
10805 -14.20054009776256 -1.387570733911812 0
10806 -14.1924315674128 -1.250105214138913 0
10807 14.20054009776256 1.387570733911812 0
10808 14.19243156741281 1.250105214138914 0
10809 1.567164179131028 1.924543184100632 0
10810 -1.567164179131028 -1.924543184100632 0
10811 -1.096927366167361 -0.6561135145597334 0
10812 1.096927366167361 0.6561135145597335 0
10813 -1.40187072502349 1.913615263822058 0
10814 -1.252616993680022 1.913615263822057 0
10815 1.40187072502349 -1.913615263822058 0
10816 1.252616993680023 -1.913615263822057 0
10817 -7.263459032904303 0.1711797651564598 0
10818 7.263459032904303 -0.1711797651564611 0
10819 1.351908048702163 -1.363731045733814 0
10820 -1.351908048702162 1.363731045733813 0
10821 -6.859805029204141 0.5137535911341956 0
10822 6.859805029204137 -0.5137535911341884 0
10823 1.480503665142662 -1.856552436779027 0
10824 -1.480503665142661 1.856552436779027 0
10825 3.075600089382554 -1.420602979276611 0
10826 -3.075600089382549 1.42060297927661 0
10827 -1.716417910474496 -1.924543184100632 0
10828 1.716417910474496 1.924543184100632 0
10829 -5.340571870404474 1.339165906433464 0
10830 -5.36227116274772 1.443002087883849 0
10831 -5.458300554368877 1.40129505111137 0
10832 5.340571870404478 -1.339165906433462 0
10833 5.362271162747727 -1.443002087883848 0
10834 5.458300554368882 -1.401295051111369 0
10835 5.389967448046491 -1.572035028783725 0
10836 -5.389967448046486 1.572035028783727 0
10837 9.111616440725733 -1.104847035901026 0
10838 9.179460121345627 -1.212200649964798 0
10839 -9.111616440725733 1.104847035901026 0
10840 -9.179460121345629 1.212200649964798 0
10841 -14.52451113584976 -1.592883984836768 0
10842 14.52451113584976 1.592883984836768 0
10843 -14.42737378256868 -1.465202472523955 0
10844 14.42737378256869 1.465202472523956 0
10845 -9.06813395823786 -0.06945148098927532 0
10846 9.06813395823786 0.06945148098927566 0
10847 -10.54656061079479 -1.409173431815338 0
10848 10.54656061079478 1.409173431815338 0
10849 17.07059401636853 -0.6717053904996079 0
10850 -17.07059401636853 0.671705390499608 0
10851 -7.211046093326646 -1.640602322408734 0
10852 7.211046093326651 1.640602322408725 0
10853 8.261390303466881 -1.491157069205179 0
10854 8.174590376086263 -1.613900034364472 0
10855 -8.261390303466882 1.491157069205178 0
10856 -8.174590376086263 1.613900034364471 0
10857 13.57592411016812 -1.648703178465004 0
10858 -13.57592411016813 1.648703178465005 0
10859 -6.33321544425618 1.208160791964576 0
10860 6.333215444256186 -1.208160791964574 0
10861 -6.469305653267366 1.151547060074641 0
10862 -6.426027444418361 1.271769801632687 0
10863 6.469305653267367 -1.151547060074642 0
10864 6.426027444418363 -1.271769801632685 0
10865 0.7561007660342333 1.122408250960338 0
10866 -0.7561007660342329 -1.122408250960338 0
10867 0.8150984977639477 -0.8555696492926484 0
10868 0.8540760074951486 -0.8226020680116133 0
10869 -0.8150984977639479 0.8555696492926481 0
10870 -0.8540760074951484 0.8226020680116131 0
10871 -8.895279260104777 -0.3411366324770359 0
10872 8.895279260104775 0.3411366324770365 0
10873 4.594613311843846 0.5340076019954791 0
10874 4.627538757571369 0.645737533447616 0
10875 4.507708129828345 0.6431937932051519 0
10876 -4.594613311843838 -0.5340076019954768 0
10877 -4.627538757571359 -0.6457375334476129 0
10878 -4.507708129828337 -0.6431937932051482 0
10879 19.62301024539029 -1.909976514431407 0
10880 -19.6230102453903 1.909976514431408 0
10881 0.5784343372891331 -1.358231995028473 0
10882 0.5323832473034447 -1.450431307073039 0
10883 -0.5784343372891336 1.358231995028473 0
10884 -0.5323832473034458 1.450431307073039 0
10885 15.10146938291893 -1.249885459719905 0
10886 -15.10146938291893 1.249885459719905 0
10887 -13.21986576496837 -0.9772067215410677 0
10888 13.21986576496837 0.9772067215410676 0
10889 0.5256966389436832 1.051629150577803 0
10890 -0.5256966389436832 -1.051629150577803 0
10891 5.353473272327347 -1.232583075821614 0
10892 -5.353473272327342 1.232583075821613 0
10893 -11.1251493068924 -1.253492584252391 0
10894 11.1251493068924 1.253492584252391 0
10895 15.44167458461319 -0.8653566726975295 0
10896 15.51477361503476 -0.9642890365707857 0
10897 -15.44167458461319 0.8653566726975293 0
10898 -15.51477361503476 0.9642890365707856 0
10899 9.038010992294639 -1.643293828676794 0
10900 -9.038010992294639 1.643293828676795 0
10901 11.12245356500549 -1.6352415902743 0
10902 -11.12245356500549 1.6352415902743 0
10903 -11.15391374507808 -1.637893296016215 0
10904 11.15391374507809 1.637893296016216 0
10905 -13.22274714515295 -1.624859852641608 0
10906 13.22274714515295 1.624859852641608 0
10907 -9.331223231928192 -1.89878785943465 0
10908 9.331223231928192 1.898787859434654 0
10909 1.574190002355296 -1.915290222554877 0
10910 -1.574190002355296 1.915290222554877 0
10911 -15.64252632166674 -1.073507219532703 0
10912 15.64252632166673 1.073507219532703 0
10913 -1.875153471337494 0.3688474489696368 0
10914 1.875153471337497 -0.3688474489696386 0
10915 16.76704089345056 0.5806343370977582 0
10916 -16.76704089345057 -0.5806343370977581 0
10917 9.107953989225818 -1.533495269748461 0
10918 -9.107953989225818 1.533495269748461 0
10919 -13.30711281952221 -1.518689717230529 0
10920 13.30711281952221 1.518689717230529 0
10921 -11.22951489734732 -1.532220974472686 0
10922 11.22951489734732 1.532220974472686 0
10923 -2.245562870535419 -0.4179112413150917 0
10924 2.24556287053542 0.4179112413150933 0
10925 -1.15693708761364 -0.6427760562192257 0
10926 1.15693708761364 0.6427760562192258 0
10927 -0.8024050223473937 -1.105109437824803 0
10928 0.802405022347394 1.105109437824802 0
10929 -11.5387153618411 -1.369218076773183 0
10930 11.5387153618411 1.369218076773183 0
10931 0.7265398105379584 0.8653157613317474 0
10932 0.7642582943237233 0.9106925843545187 0
10933 -0.7265398105379581 -0.8653157613317473 0
10934 -0.7642582943237231 -0.9106925843545186 0
10935 -2.199595422662044 -0.5280461686018093 0
10936 2.199595422662043 0.5280461686018099 0
10937 -0.2673674632207121 1.431300533692849 0
10938 0.2673674632207126 -1.43130053369285 0
10939 6.979793059145227 -0.5605032408259201 0
10940 -6.97979305914523 0.5605032408259224 0
10941 0.1329489239301907 -1.100877014397004 0
10942 -0.1329489239301907 1.100877014397004 0
10943 -17.40224220930507 -1.512814217253247 0
10944 -17.28986657468517 -1.447875305451782 0
10945 17.40224220930506 1.512814217253246 0
10946 17.28986657468517 1.447875305451782 0
10947 10.26826643262925 -1.606878722128448 0
10948 -10.26826643262925 1.606878722128448 0
10949 -10.25406555931487 -1.626294691834398 0
10950 10.25406555931487 1.626294691834398 0
10951 12.3579123559021 -1.606774443813802 0
10952 -12.3579123559021 1.606774443813802 0
10953 -1.079798404600027 0.2638542416039894 0
10954 -1.083869310229941 0.2240148018481079 0
10955 1.079798404600027 -0.2638542416039894 0
10956 1.083869310229941 -0.224014801848108 0
10957 -6.418636733846531 1.386090011113575 0
10958 -6.343035248959405 1.462172505600308 0
10959 6.418636733846531 -1.386090011113568 0
10960 6.343035248959411 -1.462172505600305 0
10961 -6.554726942857716 1.329476279223639 0
10962 6.554726942857712 -1.329476279223635 0
10963 -14.11690175320374 -1.629239231551833 0
10964 -14.18235926306014 -1.496360824610781 0
10965 14.11690175320374 1.629239231551833 0
10966 14.18235926306014 1.496360824610781 0
10967 -10.57872029026357 -1.509250602375278 0
10968 -10.65428853539582 -1.637057219109307 0
10969 10.57872029026357 1.509250602375278 0
10970 10.65428853539582 1.637057219109308 0
10971 3.054222014553535 -0.1222912446936939 0
10972 2.929817762306362 -0.04595220780684454 0
10973 -3.054222014553527 0.1222912446936981 0
10974 -2.929817762306354 0.0459522078068475 0
10975 -1.136749825406064 -0.8126697731879264 0
10976 1.136749825406064 0.8126697731879271 0
10977 9.56028885311235 -1.220562427942182 0
10978 -9.560288853112352 1.220562427942182 0
10979 -8.418534437138602 1.355465256545394 0
10980 8.4185344371386 -1.355465256545393 0
10981 0.7995877433194309 1.790170667366074 0
10982 -0.7995877433194306 -1.790170667366074 0
10983 0.5845518987722026 -1.29009600805241 0
10984 -0.5845518987722026 1.290096008052409 0
10985 3.674609988046896 0.7395380621156986 0
10986 3.76058128426124 0.7960986655770297 0
10987 3.688439465093663 0.8740878622601871 0
10988 -3.674609988046889 -0.7395380621156934 0
10989 -3.760581284261231 -0.796098665577028 0
10990 -3.688439465093655 -0.8740878622601826 0
10991 18.88785364332685 -1.311381900202154 0
10992 18.97774439103322 -1.405443923426948 0
10993 19.04375828781166 -1.309980934722594 0
10994 -18.88785364332686 1.311381900202154 0
10995 -18.97774439103323 1.405443923426949 0
10996 -19.04375828781164 1.309980934722594 0
10997 -0.8645538771057992 0.7141957395472723 0
10998 -0.9079952282584109 0.7507814825652138 0
10999 0.8645538771057992 -0.7141957395472724 0
11000 0.9079952282584109 -0.7507814825652138 0
11001 2.766841060628361 0.02544172256996502 0
11002 -2.766841060628357 -0.02544172256996266 0
11003 -2.296454425699666 -1.912234075292867 0
11004 2.296454425699666 1.912234075292868 0
11005 -8.004228399736899 0.1807785168689297 0
11006 -8.055073171473701 0.073230257988143 0
11007 8.004228399736897 -0.1807785168689302 0
11008 8.055073171473699 -0.07323025798814328 0
11009 -9.275175910228713 -1.77752723994519 0
11010 9.275175910228715 1.777527239945199 0
11011 9.218790610479395 1.67535673728141 0
11012 -9.218790610479399 -1.675356737281404 0
11013 0.07054702422791002 -1.50193889527875 0
11014 -0.07054702422791009 1.501938895278748 0
11015 5.405025468554203 -0.6577274978696861 0
11016 5.372594101787218 -0.5460471773017772 0
11017 -5.405025468554197 0.6577274978696841 0
11018 -5.372594101787211 0.5460471773017745 0
11019 -3.689357712082818 1.65121867529334 0
11020 3.689357712082821 -1.651218675293341 0
11021 -0.7137982404567044 0.8484863201673447 0
11022 -0.7416591828982304 0.8202299186599127 0
11023 0.7137982404567043 -0.848486320167345 0
11024 0.7416591828982304 -0.8202299186599129 0
11025 1.064090979364757 -0.6332242236181338 0
11026 -1.064090979364756 0.6332242236181338 0
11027 -2.164179104455658 1.926226342841772 0
11028 2.164179104455657 -1.926226342841772 0
11029 -13.55566528085864 -1.528249061786888 0
11030 -13.63536339153539 -1.634455709325431 0
11031 13.55566528085864 1.528249061786887 0
11032 13.6353633915354 1.634455709325431 0
11033 -11.89430713196601 -0.7567993534938435 0
11034 11.89430713196601 0.7567993534938436 0
11035 -1.144849205694913 -1.006968658573998 0
11036 1.144849205694913 1.006968658573998 0
11037 -6.546620958546971 -1.766091187730993 0
11038 6.546620958546969 1.766091187730994 0
11039 18.54532341501031 0.2388017562293966 0
11040 -18.54532341501034 -0.2388017562294203 0
11041 17.68639357243273 -0.9004719695124238 0
11042 -17.68639357243273 0.9004719695124239 0
11043 15.97484169195143 0.03018062495278849 0
11044 -15.97484169195143 -0.03018062495278849 0
11045 -1.464281639361284 0.6838730705743135 0
11046 1.464281639361285 -0.6838730705743135 0
11047 -9.207767618161554 -0.2109510629598276 0
11048 9.207767618161553 0.2109510629598276 0
11049 -0.8017829225603528 0.7672132651728361 0
11050 -0.771717741182022 0.7955910467268335 0
11051 0.8017829225603528 -0.7672132651728362 0
11052 0.771717741182022 -0.7955910467268337 0
11053 0.1552684728042719 -1.546886242994796 0
11054 -0.1552684728042715 1.546886242994795 0
11055 13.48400074707726 -1.557278629190901 0
11056 -13.48400074707725 1.557278629190901 0
11057 -18.50328983783246 -0.1150188066345681 0
11058 18.50328983783244 0.115018806634546 0
11059 -9.129981490952233 -1.646908099762357 0
11060 9.129981490952233 1.646908099762363 0
11061 -16.27345327604316 -1.456497828350419 0
11062 16.27345327604316 1.45649782835042 0
11063 3.979352977211298 1.650936378790225 0
11064 -3.979352977211294 -1.650936378790225 0
11065 -8.275706891895695 -1.915477584758192 0
11066 8.275706891895695 1.915477584758193 0
11067 17.83192668212306 -1.908623558298238 0
11068 -17.83192668212307 1.908623558298239 0
11069 -4.852153432293914 -1.91108789572514 0
11070 -5.001407163636719 -1.91108789572514 0
11071 4.852153432293914 1.91108789572514 0
11072 5.001407163636719 1.91108789572514 0
11073 -7.885409559723906 -0.3419992216159551 0
11074 7.885409559723911 0.3419992216159529 0
11075 -7.902195984168229 -0.2259318100457367 0
11076 7.902195984168232 0.2259318100457356 0
11077 -1.7783298507403 -1.130346684021743 0
11078 -1.785292687686296 -1.21736556119343 0
11079 1.7783298507403 1.130346684021744 0
11080 1.785292687686295 1.217365561193431 0
11081 -4.69068686648722 1.909483559956941 0
11082 -4.541433135143754 1.909483559956941 0
11083 4.690686866487222 -1.90948355995694 0
11084 4.541433135143754 -1.90948355995694 0
11085 -0.2149378941656031 -1.078112019993635 0
11086 0.2149378941656031 1.078112019993635 0
11087 -17.3551444996475 -1.644040503691673 0
11088 17.35514449964751 1.644040503691673 0
11089 13.36686660652347 -1.384139467086968 0
11090 -13.36686660652347 1.384139467086968 0
11091 1.119339058862325 -0.6087949006111066 0
11092 -1.119339058862324 0.6087949006111069 0
11093 -8.162508402987649 0.07059611741061909 0
11094 8.162508402987649 -0.07059611741061964 0
11095 -0.8280840736483113 0.7426793106757996 0
11096 0.8280840736483113 -0.7426793106757996 0
11097 -17.7260802138731 0.3614783775126532 0
11098 17.7260802138731 -0.361478377512653 0
11099 0.2938931858051922 -1.046759983653852 0
11100 -0.2938931858051922 1.046759983653852 0
11101 -17.72423175471164 0.2424403604851346 0
11102 17.72423175471165 -0.2424403604851347 0
11103 6.453620945873189 -0.9012129410299508 0
11104 6.559154622333487 -0.8234138861470284 0
11105 6.444472262413116 -0.7666173900155784 0
11106 -6.453620945873182 0.9012129410299463 0
11107 -6.55915462233348 0.8234138861470248 0
11108 -6.444472262413106 0.7666173900155738 0
11109 6.667967077696798 -0.7569388312723402 0
11110 -6.667967077696794 0.7569388312723374 0
11111 -2.036187606021733 0.3025190315111057 0
11112 -2.111217144633524 0.3458484337623344 0
11113 2.036187606021737 -0.3025190315111067 0
11114 2.111217144633528 -0.3458484337623359 0
11115 5.501514113268437 -0.2256538646944935 0
11116 5.548894641513866 -0.3517238261743419 0
11117 -5.501514113268424 0.2256538646944924 0
11118 -5.54889464151386 0.3517238261743408 0
11119 5.523466082889071 -0.6654337612046124 0
11120 -5.523466082889062 0.6654337612046091 0
11121 -3.57255736891164 0.5877829834389537 0
11122 -3.667596117532069 0.4862285440746741 0
11123 3.572557368911645 -0.5877829834389519 0
11124 3.667596117532072 -0.4862285440746721 0
11125 -6.618345400907172 -1.208919164103988 0
11126 6.61834540090717 1.208919164103988 0
11127 -11.21088363697777 -0.6293006651509002 0
11128 11.21088363697777 0.6293006651509001 0
11129 -11.1550178889222 -0.533223989257501 0
11130 11.1550178889222 0.533223989257501 0
11131 -3.558907240507439 -0.03612007625593707 0
11132 3.558907240507445 0.03612007625593779 0
11133 -18.41929099723891 0.1127336722022626 0
11134 18.41929099723888 -0.1127336722022571 0
11135 10.04959929194164 0.1501329013112698 0
11136 10.17514088643313 0.1427251340475418 0
11137 -10.04959929194165 -0.1501329013112698 0
11138 -10.17514088643313 -0.1427251340475417 0
11139 10.18790022531457 0.009762434045810843 0
11140 -10.18790022531457 -0.009762434045810847 0
11141 -18.45528320305712 -0.02146712935876608 0
11142 18.45528320305709 0.02146712935875536 0
11143 -0.7345651373158593 0.893746932819973 0
11144 0.734565137315859 -0.8937469328199732 0
11145 18.11845420028285 0.3990869506054356 0
11146 -18.11845420028286 -0.3990869506054522 0
11147 -1.122804148699037 0.2819396903552966 0
11148 1.122804148699037 -0.2819396903552966 0
11149 -1.378248214195318 0.09465761001220012 0
11150 1.378248214195318 -0.09465761001220008 0
11151 19.13999072806748 -0.5633549740906344 0
11152 -19.13999072806747 0.5633549740906569 0
11153 -4.580888745268922 1.713007069719425 0
11154 -4.697493220863044 1.759149423776821 0
11155 -4.673127636123862 1.653189373582364 0
11156 4.580888745268927 -1.713007069719426 0
11157 4.697493220863053 -1.759149423776822 0
11158 4.673127636123867 -1.653189373582366 0
11159 1.343082160745936 -0.7129541683031062 0
11160 -1.343082160745936 0.7129541683031062 0
11161 3.20525464014089 -1.368968091657542 0
11162 -3.205254640140883 1.368968091657541 0
11163 -5.639346833929327 0.8321857340625198 0
11164 -5.712712539178918 0.7672654849272725 0
11165 -5.630279503161176 0.7045298566009908 0
11166 5.639346833929339 -0.8321857340625226 0
11167 5.712712539178932 -0.7672654849272761 0
11168 5.630279503161185 -0.7045298566009945 0
11169 6.494592589173823 1.407630046087731 0
11170 6.606499360811855 1.343550706676026 0
11171 -6.494592589173825 -1.407630046087732 0
11172 -6.60649936081186 -1.343550706676028 0
11173 1.82719023953716 -0.9577950435111765 0
11174 -1.827190239537157 0.9577950435111745 0
11175 9.239173094506747 -1.322440309337607 0
11176 -9.239173094506748 1.322440309337607 0
11177 6.245959709779025 -1.432930320350738 0
11178 -6.245959709779018 1.432930320350742 0
11179 11.65008767321509 -1.229974137740858 0
11180 -11.65008767321509 1.229974137740858 0
11181 -13.63926787046596 -1.406220669975188 0
11182 13.63926787046595 1.406220669975188 0
11183 6.418889550656671 1.303700497294495 0
11184 -6.418889550656678 -1.303700497294491 0
11185 13.7542075509792 -0.9291314236760957 0
11186 -13.7542075509792 0.9291314236760958 0
11187 11.10596399452035 -1.00204132879195 0
11188 11.17633782341202 -1.097703485203179 0
11189 -11.10596399452035 1.00204132879195 0
11190 -11.17633782341202 1.097703485203179 0
11191 10.13011864568914 -0.08528109842700583 0
11192 -10.13011864568915 0.08528109842700582 0
11193 9.991876365780236 -0.0775419926316304 0
11194 -9.991876365780239 0.07754199263163039 0
11195 1.294998584477922 0.361984039471856 0
11196 -1.29499858447792 -0.361984039471856 0
11197 2.804099711497055 0.1218886308540543 0
11198 2.848560792388382 0.0169372464440029 0
11199 -2.804099711497048 -0.1218886308540499 0
11200 -2.848560792388377 -0.01693724644399873 0
11201 -19.45595434681377 -1.629189415618939 0
11202 19.4559543468138 1.629189415618957 0
11203 -2.088772943896481 1.731213869431297 0
11204 -2.102822023831269 1.825600003365154 0
11205 2.088772943896482 -1.731213869431298 0
11206 2.10282202383127 -1.825600003365156 0
11207 7.638061255648436 -0.6599614304895769 0
11208 -7.638061255648436 0.6599614304895767 0
11209 16.87495918072518 0.1749502809823034 0
11210 16.72317417838979 0.1535797509322021 0
11211 -16.87495918072519 -0.1749502809823034 0
11212 -16.72317417838978 -0.1535797509322021 0
11213 -19.2990717834815 -1.610118036989625 0
11214 19.29907178348154 1.610118036989639 0
11215 -2.309193055478846 -1.773531251827774 0
11216 2.309193055478842 1.773531251827774 0
11217 -13.51643841050175 -1.411398463403061 0
11218 13.51643841050175 1.411398463403061 0
11219 15.90655873772771 -1.643081175343013 0
11220 -15.90655873772771 1.643081175343013 0
11221 19.38927792696661 -0.9278428980650339 0
11222 -19.38927792696662 0.9278428980650346 0
11223 19.38452884791005 0.9299502437415605 0
11224 19.48779290953506 0.860981583046872 0
11225 -19.38452884791003 -0.9299502437415597 0
11226 -19.48779290953504 -0.860981583046881 0
11227 1.981762235828003 -0.25008430832111 0
11228 -1.981762235828 0.2500843083211088 0
11229 1.044880234040175 -0.4288718862056391 0
11230 -1.044880234040176 0.4288718862056391 0
11231 -3.726814394620983 -0.5518767870359578 0
11232 3.726814394620991 0.5518767870359617 0
11233 -11.54056481064146 -1.633143897712763 0
11234 11.54056481064146 1.633143897712762 0
11235 -11.46048376374765 -1.519990126110109 0
11236 11.46048376374765 1.519990126110109 0
11237 -18.35983174023071 -1.650412888559696 0
11238 18.35983174023072 1.65041288855969 0
11239 1.098621274385866 -0.4459403034337261 0
11240 -1.098621274385866 0.4459403034337261 0
11241 19.29717705787842 -0.9944911763803168 0
11242 -19.29717705787841 0.9944911763803165 0
11243 10.46496371602308 -0.08358811571925188 0
11244 -10.46496371602308 0.0835881157192519 0
11245 10.60703790015718 -0.07571660229790719 0
11246 -10.60703790015718 0.07571660229790719 0
11247 6.687077928424358 0.4824097771206982 0
11248 -6.687077928424351 -0.4824097771206934 0
11249 -5.758669887298076 -1.667335815027658 0
11250 5.758669887298083 1.667335815027658 0
11251 -15.53927426083121 -1.158640021846674 0
11252 15.53927426083121 1.158640021846674 0
11253 -15.51995238467569 -1.28830189112977 0
11254 15.5199523846757 1.28830189112977 0
11255 6.672135343467296 0.7024582658309904 0
11256 6.797501071382964 0.7748841455136142 0
11257 -6.6721353434673 -0.702458265830988 0
11258 -6.797501071382968 -0.7748841455136132 0
11259 6.887220702016903 0.6421985877303824 0
11260 -6.887220702016903 -0.6421985877303835 0
11261 -5.794389414534514 -1.553932889019049 0
11262 -5.871083463734935 -1.6464756767391 0
11263 5.79438941453452 1.553932889019049 0
11264 5.87108346373494 1.646475676739101 0
11265 0.2018938535536505 -1.479725843802155 0
11266 -0.2018938535536501 1.479725843802154 0
11267 -9.142365057996669 -0.7446903752705197 0
11268 -9.097225090548157 -0.6411726625783699 0
11269 9.14236505799667 0.7446903752705198 0
11270 9.097225090548161 0.64117266257837 0
11271 -8.989754728192365 -0.6383530339336541 0
11272 8.989754728192363 0.6383530339336531 0
11273 6.299057723331254 -1.566719292428425 0
11274 -6.299057723331247 1.566719292428428 0
11275 6.265727303766789 -1.65802368447856 0
11276 -6.265727303766781 1.658023684478561 0
11277 6.362802842947175 -1.687265869728128 0
11278 -6.362802842947168 1.687265869728127 0
11279 11.1030435742518 -1.197939644647618 0
11280 -11.10304357425181 1.197939644647618 0
11281 -6.548553328458944 0.5579939947006372 0
11282 -6.653018011306409 0.6355135988340714 0
11283 6.548553328458951 -0.5579939947006376 0
11284 6.653018011306413 -0.6355135988340672 0
11285 -3.734982266107433 1.006570570481852 0
11286 3.734982266107437 -1.00657057048185 0
11287 6.472398479449375 -1.022973743783966 0
11288 -6.472398479449371 1.022973743783964 0
11289 17.88927612082567 -1.778245198155348 0
11290 -17.88927612082568 1.778245198155348 0
11291 -6.445211581913332 0.6352868896672516 0
11292 6.445211581913348 -0.6352868896672557 0
11293 -8.903113340267156 -0.7079208696478074 0
11294 8.903113340267158 0.7079208696478062 0
11295 -8.861869295762144 -0.584003868123806 0
11296 8.861869295762148 0.584003868123804 0
11297 13.80817719718771 -0.8364248917223697 0
11298 -13.80817719718772 0.8364248917223696 0
11299 -2.116072544697005 0.4408214777913778 0
11300 2.116072544697009 -0.4408214777913795 0
11301 -5.791888330770132 0.6894018461584955 0
11302 -5.800955661538284 0.8170577236200245 0
11303 5.79188833077014 -0.6894018461585001 0
11304 5.800955661538296 -0.8170577236200286 0
11305 6.778966739186696 0.5479781927170304 0
11306 -6.778966739186699 -0.5479781927170321 0
11307 7.033507878401252 -0.8125206314442739 0
11308 -7.033507878401254 0.8125206314442739 0
11309 1.970446230462954 -0.3417685482885988 0
11310 -1.970446230462951 0.341768548288597 0
11311 5.505414449007097 -1.637355420407781 0
11312 -5.505414449007093 1.63735542040778 0
11313 5.583741697761341 -1.548669208757843 0
11314 -5.58374169776134 1.548669208757845 0
11315 -8.783369534514172 -0.5313532616972093 0
11316 8.783369534514176 0.5313532616972079 0
11317 -8.870010922439379 -0.4617854259830559 0
11318 8.870010922439381 0.4617854259830548 0
11319 9.58197065657868 -0.9863261613863337 0
11320 9.61504323671414 -1.093485762037483 0
11321 -9.58197065657868 0.9863261613863337 0
11322 -9.61504323671414 1.093485762037483 0
11323 -1.443342824000585 1.359511844764711 0
11324 1.443342824000587 -1.359511844764712 0
11325 -1.208057166908635 -0.9583551917200532 0
11326 1.208057166908634 0.9583551917200532 0
11327 -19.47095613906954 -0.7392723381978037 0
11328 19.47095613906954 0.7392723381977889 0
11329 17.7002402211278 0.178652467274358 0
11330 -17.7002402211278 -0.1786524672743782 0
11331 -9.84355688757247 -1.3994423374972 0
11332 9.843556887572475 1.3994423374972 0
11333 -1.346209908521388 0.0405475571286337 0
11334 1.346209908521389 -0.04054755712863356 0
11335 9.447021146105664 -1.649864900923306 0
11336 9.367298785270854 -1.538836907308976 0
11337 -9.447021146105664 1.649864900923306 0
11338 -9.367298785270856 1.538836907308976 0
11339 3.735192788775697 -0.8580904954102316 0
11340 -3.735192788775696 0.8580904954102341 0
11341 5.455185545433831 -0.4438455884363363 0
11342 -5.455185545433823 0.4438455884363342 0
11343 -5.580303768341222 1.428430598425956 0
11344 5.580303768341226 -1.428430598425953 0
11345 -1.054105375105417 0.868861591470619 0
11346 1.054105375105417 -0.8688615914706189 0
11347 19.28868190753753 1.473042695721601 0
11348 -19.28868190753751 -1.473042695721582 0
11349 12.52903937030743 0.3308232586163296 0
11350 -12.52903937030744 -0.3308232586163297 0
11351 12.65704721729603 0.3275293860329919 0
11352 12.56361683250605 0.2261994862522834 0
11353 -12.65704721729603 -0.3275293860329919 0
11354 -12.56361683250605 -0.2261994862522834 0
11355 11.535486670336 -1.649710408981032 0
11356 11.44985825630523 -1.536618343396785 0
11357 -11.53548667033601 1.649710408981032 0
11358 -11.44985825630523 1.536618343396785 0
11359 5.611765566278173 -0.9678392434230948 0
11360 -5.611765566278162 0.9678392434230931 0
11361 -5.775019522605938 1.013801243918675 0
11362 5.775019522605948 -1.013801243918677 0
11363 -5.85672329266114 -1.413742094869414 0
11364 5.856723292661146 1.413742094869417 0
11365 -17.15431368095123 -1.469456697361963 0
11366 17.15431368095123 1.469456697361964 0
11367 -17.15669414858543 -1.597254712905727 0
11368 17.15669414858543 1.597254712905727 0
11369 -8.275310920322912 1.375875241372471 0
11370 8.275310920322916 -1.375875241372471 0
11371 12.42169714463297 -0.2474538143934026 0
11372 12.44891486519093 -0.1364135820562589 0
11373 -12.42169714463297 0.2474538143934025 0
11374 -12.44891486519093 0.1364135820562589 0
11375 11.661004868104 -0.9998593419690602 0
11376 11.70759916126907 -1.102944865736956 0
11377 -11.661004868104 0.9998593419690602 0
11378 -11.70759916126907 1.102944865736956 0
11379 1.472214259306154 -0.7456654673541139 0
11380 1.409923857866035 -0.7446012082640627 0
11381 -1.472214259306154 0.7456654673541132 0
11382 -1.409923857866034 0.7446012082640624 0
11383 -13.47218795593593 -0.6273009792428097 0
11384 13.47218795593593 0.6273009792428098 0
11385 3.784386717843924 -1.564034647310418 0
11386 -3.784386717843921 1.564034647310418 0
11387 -1.813804916372679 -1.301832689655779 0
11388 -1.893617339817292 -1.256209377422553 0
11389 1.813804916372678 1.301832689655779 0
11390 1.893617339817292 1.256209377422553 0
11391 -11.28316884617834 -1.433320874672278 0
11392 -11.36140044427179 -1.282548825335352 0
11393 -11.42151518018863 -1.382654805877839 0
11394 11.28316884617834 1.433320874672277 0
11395 11.36140044427179 1.282548825335352 0
11396 11.42151518018863 1.382654805877838 0
11397 -13.36192712331269 -1.416869572472482 0
11398 -13.44552971292002 -1.294841180660783 0
11399 13.3619271233127 1.416869572472482 0
11400 13.44552971292001 1.294841180660783 0
11401 -11.25566212842186 -1.233465158271477 0
11402 11.25566212842186 1.233465158271477 0
11403 -15.1119269720839 -1.017674276804037 0
11404 -15.07298785526837 -1.14521147733876 0
11405 15.1119269720839 1.017674276804037 0
11406 15.07298785526836 1.14521147733876 0
11407 9.315769463721635 -1.433118943720242 0
11408 9.177852346183894 -1.426999776803117 0
11409 -9.31576946372163 1.433118943720242 0
11410 -9.177852346183897 1.426999776803117 0
11411 -16.79777448388298 -0.822826961239318 0
11412 16.79777448388298 0.8228269612393173 0
11413 4.538312639322533 0.4252610165990405 0
11414 4.658143267065555 0.4278047568415047 0
11415 -4.538312639322527 -0.4252610165990386 0
11416 -4.658143267065546 -0.4278047568415028 0
11417 4.726874645966115 0.303386890248509 0
11418 -4.726874645966109 -0.3033868902485082 0
11419 -7.579589168000672 1.009511292333474 0
11420 -7.612408026645237 1.126265327675697 0
11421 7.57958916800067 -1.009511292333475 0
11422 7.612408026645237 -1.126265327675698 0
11423 15.33613604234883 -1.663621869456852 0
11424 -15.33613604234883 1.663621869456852 0
11425 -15.2594589537493 -1.025489716559542 0
11426 15.25945895374931 1.025489716559542 0
11427 -1.267508977739133 -0.9848379502808653 0
11428 1.267508977739133 0.9848379502808655 0
11429 -4.770420292335614 1.603814729584064 0
11430 4.770420292335619 -1.603814729584069 0
11431 9.207135401534735 1.564786076022682 0
11432 -9.207135401534737 -1.56478607602268 0
11433 5.690540884218695 -0.5083917498073712 0
11434 5.79961820499704 -0.5675551952309792 0
11435 -5.690540884218688 0.5083917498073685 0
11436 -5.799618204997032 0.5675551952309725 0
11437 13.54388558621539 -1.469292956080111 0
11438 13.42542822264094 -1.484650691398353 0
11439 -13.54388558621538 1.469292956080111 0
11440 -13.42542822264094 1.484650691398353 0
11441 7.435734043357986 -1.020882424133843 0
11442 -7.435734043357987 1.020882424133839 0
11443 -11.66618622055909 -0.7542117364773923 0
11444 11.66618622055909 0.7542117364773923 0
11445 3.458658803917654 0.7053035925229303 0
11446 -3.458658803917649 -0.7053035925229224 0
11447 18.7612388039215 -1.294007056477495 0
11448 -18.76123880392152 1.294007056477495 0
11449 15.4581566786553 -1.651897245130493 0
11450 -15.4581566786553 1.651897245130493 0
11451 3.571324470859357 0.7102969956350507 0
11452 -3.571324470859351 -0.7102969956350433 0
11453 -13.58394046869686 -0.6286274916611014 0
11454 13.58394046869687 0.6286274916611018 0
11455 -13.62675835709067 -0.5407452392724453 0
11456 13.62675835709067 0.5407452392724452 0
11457 12.56831576740214 -0.1080211455440073 0
11458 12.48877843037532 -0.02176986698012164 0
11459 -12.56831576740214 0.1080211455440073 0
11460 -12.48877843037532 0.02176986698012164 0
11461 12.521894159052 0.1180579641838755 0
11462 -12.521894159052 -0.1180579641838755 0
11463 12.40249325684078 0.0896655276716239 0
11464 -12.40249325684078 -0.08966552767162393 0
11465 12.46371192971917 -0.343472754010784 0
11466 -12.46371192971918 0.3434727540107841 0
11467 1.213206873431305 -0.2929236373503408 0
11468 -1.213206873431305 0.2929236373503408 0
11469 16.24290505147339 0.9584268059132681 0
11470 -16.2429050514734 -0.9584268059132681 0
11471 -6.890967180070889 0.7503837446654833 0
11472 6.890967180070886 -0.7503837446654831 0
11473 -4.545054987075644 -0.2108086898951293 0
11474 -4.477041246145284 -0.3183467046051265 0
11475 -4.420253638676694 -0.2100972230551912 0
11476 4.545054987075651 0.2108086898951299 0
11477 4.477041246145292 0.3183467046051279 0
11478 4.420253638676702 0.2100972230551918 0
11479 -5.583727463946573 0.4692956544109866 0
11480 5.583727463946579 -0.469295654410989 0
11481 -5.257443880706186 1.274290112594091 0
11482 5.257443880706192 -1.274290112594092 0
11483 -0.8393182047551712 0.7808771383721942 0
11484 0.8393182047551712 -0.7808771383721944 0
11485 6.770979150129797 -0.7036340949737514 0
11486 -6.770979150129801 0.7036340949737565 0
11487 -6.339677905453033 0.713085944550173 0
11488 6.339677905453049 -0.713085944550178 0
11489 -1.160172007226278 0.2819000689812506 0
11490 1.160172007226278 -0.2819000689812507 0
11491 12.86020633803665 0.2047059816099603 0
11492 -12.86020633803664 -0.2047059816099603 0
11493 1.957186242280246 1.186428949496445 0
11494 -1.957186242280246 -1.186428949496446 0
11495 0.06212052487989393 1.806637716184335 0
11496 -0.0621205248798941 -1.806637716184335 0
11497 9.036669636627074 -1.008949124445835 0
11498 -9.036669636627074 1.008949124445835 0
11499 17.79709639007613 -0.904698070337283 0
11500 -17.79709639007614 0.904698070337283 0
11501 -2.103584224969938 -0.5177852300681276 0
11502 -2.023640728385455 -0.5334671650175338 0
11503 2.103584224969937 0.5177852300681279 0
11504 2.023640728385455 0.5334671650175341 0
11505 4.441644806442988 0.7344614236751112 0
11506 -4.441644806442982 -0.7344614236751077 0
11507 6.216298018779917 -0.6601351859747144 0
11508 -6.216298018779903 0.6601351859747103 0
11509 -5.003005852866437 -0.8907221063392466 0
11510 5.003005852866441 0.8907221063392489 0
11511 1.081177567029815 -0.8214541372521789 0
11512 -1.081177567029816 0.821454137252179 0
11513 1.120689562802901 -0.2084239571544082 0
11514 1.154783901295132 -0.2456566360788541 0
11515 -1.120689562802901 0.2084239571544082 0
11516 -1.154783901295132 0.2456566360788541 0
11517 3.643466290026935 0.6323077989518933 0
11518 -3.643466290026927 -0.6323077989518884 0
11519 8.5533309539854 -0.8798644935434978 0
11520 -8.5533309539854 0.8798644935434978 0
11521 8.286162367422261 -0.3038877072946405 0
11522 8.231973877586725 -0.1829953420708504 0
11523 8.174334943232481 -0.3086486797986205 0
11524 -8.286162367422261 0.3038877072946404 0
11525 -8.231973877586725 0.1829953420708501 0
11526 -8.174334943232481 0.3086486797986203 0
11527 -3.661368365978198 -1.003961934278615 0
11528 3.661368365978205 1.003961934278618 0
11529 -12.72383125210711 -0.3774657229327844 0
11530 12.72383125210711 0.3774657229327845 0
11531 12.75840871430574 0.2728419505687383 0
11532 -12.75840871430574 -0.2728419505687384 0
11533 12.72603844031181 -0.8911119980786891 0
11534 -12.72603844031181 0.8911119980786895 0
11535 12.07596790870419 -0.8936449587600747 0
11536 -12.07596790870419 0.8936449587600744 0
11537 5.044882534761791 1.787274980612905 0
11538 4.924133171253514 1.70487295543892 0
11539 -5.044882534761792 -1.787274980612906 0
11540 -4.924133171253512 -1.704872955438919 0
11541 -1.518643653502379 1.40606569391033 0
11542 1.518643653502381 -1.406065693910331 0
11543 8.313296358406554 1.804429080611984 0
11544 -8.31329635840655 -1.804429080611982 0
11545 19.06055084673723 -1.180641455406523 0
11546 19.07909248526707 -1.071504604779836 0
11547 -19.06055084673724 1.180641455406523 0
11548 -19.07909248526708 1.071504604779836 0
11549 -11.58711199941232 -0.8544646896270008 0
11550 11.58711199941232 0.8544646896270011 0
11551 19.65638711402366 -1.795450931171743 0
11552 -19.65638711402368 1.795450931171744 0
11553 -4.515769682277591 1.803711986159279 0
11554 4.5157696822776 -1.803711986159279 0
11555 9.080425626022699 0.1906911276523391 0
11556 -9.080425626022702 -0.190691127652338 0
11557 19.15044159444361 -1.274703478631318 0
11558 -19.15044159444362 1.274703478631318 0
11559 -3.726014614837105 1.448036726787275 0
11560 3.726014614837107 -1.448036726787275 0
11561 3.838679678612099 -1.468157198437821 0
11562 -3.838679678612094 1.46815719843782 0
11563 -3.648214086869204 -1.65924365612692 0
11564 3.648214086869205 1.65924365612692 0
11565 -3.694917351442354 -1.57000814185111 0
11566 3.694917351442355 1.57000814185111 0
11567 -6.459936581005361 -0.9128131165023656 0
11568 6.459936581005364 0.9128131165023763 0
11569 -9.694521055883708 -1.366724725632922 0
11570 9.694521055883712 1.366724725632922 0
11571 19.67107290137752 -0.4256702148707503 0
11572 -19.67107290137754 0.4256702148707804 0
11573 1.602414336996074 -1.464151613296341 0
11574 -1.602414336996071 1.46415161329634 0
11575 -13.59367474944077 -0.4329311996238984 0
11576 13.59367474944077 0.4329311996238984 0
11577 -11.20119768664582 -0.4262236863103295 0
11578 11.20119768664582 0.4262236863103294 0
11579 5.596831788138658 -0.6005135120693653 0
11580 -5.596831788138651 0.6005135120693619 0
11581 18.5773454131975 0.03621424727763629 0
11582 -18.57734541319754 -0.03621424727764121 0
11583 -4.439839185168114 -0.8398217012228987 0
11584 4.439839185168123 0.8398217012229013 0
11585 -5.698710471521403 -0.7505957898088989 0
11586 5.698710471521415 0.7505957898088991 0
11587 5.678211887575497 0.8619889861553666 0
11588 -5.678211887575491 -0.8619889861553645 0
11589 1.838145582807662 1.414735900304781 0
11590 -1.838145582807662 -1.414735900304781 0
11591 9.195981061569569 1.442004337370452 0
11592 -9.195981061569569 -1.442004337370456 0
11593 12.35695687213439 -0.368261707784042 0
11594 -12.35695687213439 0.3682617077840421 0
11595 -1.777153469339403 1.342146519784779 0
11596 1.777153469339406 -1.342146519784781 0
11597 4.172003289551471 0.1701925420703748 0
11598 4.305507354268296 0.2081532214770365 0
11599 -4.172003289551466 -0.1701925420703721 0
11600 -4.305507354268287 -0.2081532214770349 0
11601 13.21463541921627 -1.015805350577359 0
11602 -13.21463541921626 1.015805350577359 0
11603 19.18787435107415 -1.036611964167184 0
11604 19.27653686017349 -1.103243211528381 0
11605 -19.18787435107415 1.036611964167183 0
11606 -19.27653686017347 1.103243211528381 0
11607 3.771381791912849 -0.5328249466662653 0
11608 3.767053915004281 -0.6454382911158434 0
11609 -3.771381791912845 0.5328249466662671 0
11610 -3.767053915004279 0.6454382911158453 0
11611 19.25208514905086 -1.212923890557501 0
11612 -19.25208514905087 1.212923890557501 0
11613 3.681718531538036 1.457296011115524 0
11614 -3.681718531538034 -1.457296011115524 0
11615 -4.340850416055237 -0.8193594002407223 0
11616 4.340850416055241 0.819359400240724 0
11617 -1.941592376457642 -1.098430936456416 0
11618 1.941592376457642 1.098430936456416 0
11619 0.7829584953834211 -0.8300499648023102 0
11620 0.7850399394801562 -0.8802085212257278 0
11621 -0.7829584953834212 0.8300499648023099 0
11622 -0.7850399394801566 0.8802085212257273 0
11623 6.876018113680502 -0.6289585122272101 0
11624 -6.876018113680504 0.6289585122272172 0
11625 -4.818361005934635 -1.796555229749298 0
11626 4.818361005934639 1.796555229749298 0
11627 14.73338427816966 -1.653749278727727 0
11628 -14.73338427816966 1.653749278727727 0
11629 11.05735128425303 -1.305027748590979 0
11630 -11.05735128425303 1.305027748590979 0
11631 0.8803771585831071 -0.7980681135145768 0
11632 -0.8803771585831071 0.7980681135145766 0
11633 -1.86048463565815 -1.08907638574464 0
11634 1.860484635658149 1.08907638574464 0
11635 -16.88716741355983 -0.7266327058143804 0
11636 16.88716741355982 0.7266327058143802 0
11637 7.062953982225065 1.682517728308082 0
11638 -7.062953982225058 -1.682517728308088 0
11639 12.24994504214901 -0.3527100622005162 0
11640 -12.249945042149 0.352710062200516 0
11641 -1.693710991328649 1.40320886754368 0
11642 1.693710991328651 -1.403208867543681 0
11643 -3.73527749181228 0.7484275797521783 0
11644 3.735277491812283 -0.7484275797521763 0
11645 18.80988526158513 -0.4863556140955884 0
11646 -18.80988526158512 0.4863556140955873 0
11647 -8.073975694264831 0.2886907472129925 0
11648 8.073975694264828 -0.2886907472129929 0
11649 9.997091347553301 -0.9021683912088398 0
11650 -9.997091347553301 0.9021683912088396 0
11651 10.61568789727351 -0.887839900718875 0
11652 -10.61568789727351 0.8878399007188751 0
11653 -1.969545720173344 -0.589666675916833 0
11654 1.969545720173344 0.5896666759168327 0
11655 -3.654926769350208 0.6918053021193513 0
11656 3.654926769350213 -0.6918053021193491 0
11657 -14.3588893814256 -0.1356111279686459 0
11658 14.3588893814256 0.1356111279686459 0
11659 -1.936971900984882 -1.015765073240852 0
11660 1.936971900984883 1.015765073240852 0
11661 -4.656371233854998 -0.2236951778211287 0
11662 4.656371233855004 0.2236951778211295 0
11663 -5.827130794034337 0.9140869863709531 0
11664 5.82713079403435 -0.9140869863709555 0
11665 -17.25316682974181 -1.667957685528008 0
11666 17.25316682974183 1.667957685528009 0
11667 10.6326218803925 0.06988600788224374 0
11668 -10.6326218803925 -0.06988600788224375 0
11669 -0.5413879559138989 -1.09617378293733 0
11670 0.541387955913899 1.09617378293733 0
11671 9.966399646178839 0.06956513428106467 0
11672 -9.966399646178838 -0.06956513428106467 0
11673 -11.45568082845714 -0.8388539049014712 0
11674 11.45568082845714 0.8388539049014714 0
11675 14.93506847395385 -0.8046584776936239 0
11676 -14.93506847395385 0.8046584776936239 0
11677 -6.677885748003339 -0.5949749796430798 0
11678 6.677885748003344 0.5949749796430833 0
11679 -4.258145495641442 -0.7550506660328312 0
11680 4.258145495641453 0.7550506660328352 0
11681 5.727931909179961 0.9517171345941356 0
11682 -5.727931909179955 -0.9517171345941331 0
11683 15.49304219516482 -1.064761469272533 0
11684 -15.49304219516483 1.064761469272534 0
11685 13.81596745552965 -0.7311341758077353 0
11686 -13.81596745552966 0.7311341758077354 0
11687 -9.644983115711383 -1.499504651521014 0
11688 9.644983115711389 1.499504651521014 0
11689 17.00043939555788 -1.093120678519836 0
11690 -17.00043939555789 1.093120678519836 0
11691 -16.85160881318992 -0.6251401455597466 0
11692 16.85160881318992 0.6251401455597465 0
11693 -1.895778541982604 -0.9463090455332855 0
11694 1.895778541982603 0.946309045533286 0
11695 -1.694223617501774 1.511041603877828 0
11696 1.694223617501777 -1.511041603877829 0
$EndNodes
$Elements
6040
1 15 2 1 1 1
2 15 2 2 2 2
3 15 2 3 3 3
4 15 2 4 4 4
5 8 2 1 1 1 7 140
6 8 2 1 1 7 8 141
7 8 2 1 1 8 9 142
8 8 2 1 1 9 10 143
9 8 2 1 1 10 11 144
10 8 2 1 1 11 12 145
11 8 2 1 1 12 13 146
12 8 2 1 1 13 14 147
13 8 2 1 1 14 15 148
14 8 2 1 1 15 16 149
15 8 2 1 1 16 17 150
16 8 2 1 1 17 18 151
17 8 2 1 1 18 19 152
18 8 2 1 1 19 20 153
19 8 2 1 1 20 21 154
20 8 2 1 1 21 22 155
21 8 2 1 1 22 23 156
22 8 2 1 1 23 24 157
23 8 2 1 1 24 25 158
24 8 2 1 1 25 26 159
25 8 2 1 1 26 27 160
26 8 2 1 1 27 28 161
27 8 2 1 1 28 29 162
28 8 2 1 1 29 30 163
29 8 2 1 1 30 31 164
30 8 2 1 1 31 32 165
31 8 2 1 1 32 33 166
32 8 2 1 1 33 34 167
33 8 2 1 1 34 35 168
34 8 2 1 1 35 36 169
35 8 2 1 1 36 37 170
36 8 2 1 1 37 38 171
37 8 2 1 1 38 39 172
38 8 2 1 1 39 40 173
39 8 2 1 1 40 41 174
40 8 2 1 1 41 42 175
41 8 2 1 1 42 43 176
42 8 2 1 1 43 44 177
43 8 2 1 1 44 45 178
44 8 2 1 1 45 46 179
45 8 2 1 1 46 47 180
46 8 2 1 1 47 48 181
47 8 2 1 1 48 49 182
48 8 2 1 1 49 50 183
49 8 2 1 1 50 51 184
50 8 2 1 1 51 52 185
51 8 2 1 1 52 53 186
52 8 2 1 1 53 54 187
53 8 2 1 1 54 55 188
54 8 2 1 1 55 56 189
55 8 2 1 1 56 57 190
56 8 2 1 1 57 58 191
57 8 2 1 1 58 59 192
58 8 2 1 1 59 60 193
59 8 2 1 1 60 61 194
60 8 2 1 1 61 62 195
61 8 2 1 1 62 63 196
62 8 2 1 1 63 64 197
63 8 2 1 1 64 65 198
64 8 2 1 1 65 66 199
65 8 2 1 1 66 67 200
66 8 2 1 1 67 68 201
67 8 2 1 1 68 69 202
68 8 2 1 1 69 70 203
69 8 2 1 1 70 71 204
70 8 2 1 1 71 72 205
71 8 2 1 1 72 73 206
72 8 2 1 1 73 74 207
73 8 2 1 1 74 75 208
74 8 2 1 1 75 76 209
75 8 2 1 1 76 77 210
76 8 2 1 1 77 78 211
77 8 2 1 1 78 79 212
78 8 2 1 1 79 80 213
79 8 2 1 1 80 81 214
80 8 2 1 1 81 82 215
81 8 2 1 1 82 83 216
82 8 2 1 1 83 84 217
83 8 2 1 1 84 85 218
84 8 2 1 1 85 86 219
85 8 2 1 1 86 87 220
86 8 2 1 1 87 88 221
87 8 2 1 1 88 89 222
88 8 2 1 1 89 90 223
89 8 2 1 1 90 91 224
90 8 2 1 1 91 92 225
91 8 2 1 1 92 93 226
92 8 2 1 1 93 94 227
93 8 2 1 1 94 95 228
94 8 2 1 1 95 96 229
95 8 2 1 1 96 97 230
96 8 2 1 1 97 98 231
97 8 2 1 1 98 99 232
98 8 2 1 1 99 100 233
99 8 2 1 1 100 101 234
100 8 2 1 1 101 102 235
101 8 2 1 1 102 103 236
102 8 2 1 1 103 104 237
103 8 2 1 1 104 105 238
104 8 2 1 1 105 106 239
105 8 2 1 1 106 107 240
106 8 2 1 1 107 108 241
107 8 2 1 1 108 109 242
108 8 2 1 1 109 110 243
109 8 2 1 1 110 111 244
110 8 2 1 1 111 112 245
111 8 2 1 1 112 113 246
112 8 2 1 1 113 114 247
113 8 2 1 1 114 115 248
114 8 2 1 1 115 116 249
115 8 2 1 1 116 117 250
116 8 2 1 1 117 118 251
117 8 2 1 1 118 119 252
118 8 2 1 1 119 120 253
119 8 2 1 1 120 121 254
120 8 2 1 1 121 122 255
121 8 2 1 1 122 123 256
122 8 2 1 1 123 124 257
123 8 2 1 1 124 125 258
124 8 2 1 1 125 126 259
125 8 2 1 1 126 127 260
126 8 2 1 1 127 128 261
127 8 2 1 1 128 129 262
128 8 2 1 1 129 130 263
129 8 2 1 1 130 131 264
130 8 2 1 1 131 132 265
131 8 2 1 1 132 133 266
132 8 2 1 1 133 134 267
133 8 2 1 1 134 135 268
134 8 2 1 1 135 136 269
135 8 2 1 1 136 137 270
136 8 2 1 1 137 138 271
137 8 2 1 1 138 139 272
138 8 2 1 1 139 2 273
139 8 2 2 2 2 274 287
140 8 2 2 2 274 275 288
141 8 2 2 2 275 276 289
142 8 2 2 2 276 277 290
143 8 2 2 2 277 278 291
144 8 2 2 2 278 279 292
145 8 2 2 2 279 280 293
146 8 2 2 2 280 281 294
147 8 2 2 2 281 282 295
148 8 2 2 2 282 283 296
149 8 2 2 2 283 284 297
150 8 2 2 2 284 285 298
151 8 2 2 2 285 286 299
152 8 2 2 2 286 3 300
153 8 2 3 3 3 301 434
154 8 2 3 3 301 302 435
155 8 2 3 3 302 303 436
156 8 2 3 3 303 304 437
157 8 2 3 3 304 305 438
158 8 2 3 3 305 306 439
159 8 2 3 3 306 307 440
160 8 2 3 3 307 308 441
161 8 2 3 3 308 309 442
162 8 2 3 3 309 310 443
163 8 2 3 3 310 311 444
164 8 2 3 3 311 312 445
165 8 2 3 3 312 313 446
166 8 2 3 3 313 314 447
167 8 2 3 3 314 315 448
168 8 2 3 3 315 316 449
169 8 2 3 3 316 317 450
170 8 2 3 3 317 318 451
171 8 2 3 3 318 319 452
172 8 2 3 3 319 320 453
173 8 2 3 3 320 321 454
174 8 2 3 3 321 322 455
175 8 2 3 3 322 323 456
176 8 2 3 3 323 324 457
177 8 2 3 3 324 325 458
178 8 2 3 3 325 326 459
179 8 2 3 3 326 327 460
180 8 2 3 3 327 328 461
181 8 2 3 3 328 329 462
182 8 2 3 3 329 330 463
183 8 2 3 3 330 331 464
184 8 2 3 3 331 332 465
185 8 2 3 3 332 333 466
186 8 2 3 3 333 334 467
187 8 2 3 3 334 335 468
188 8 2 3 3 335 336 469
189 8 2 3 3 336 337 470
190 8 2 3 3 337 338 471
191 8 2 3 3 338 339 472
192 8 2 3 3 339 340 473
193 8 2 3 3 340 341 474
194 8 2 3 3 341 342 475
195 8 2 3 3 342 343 476
196 8 2 3 3 343 344 477
197 8 2 3 3 344 345 478
198 8 2 3 3 345 346 479
199 8 2 3 3 346 347 480
200 8 2 3 3 347 348 481
201 8 2 3 3 348 349 482
202 8 2 3 3 349 350 483
203 8 2 3 3 350 351 484
204 8 2 3 3 351 352 485
205 8 2 3 3 352 353 486
206 8 2 3 3 353 354 487
207 8 2 3 3 354 355 488
208 8 2 3 3 355 356 489
209 8 2 3 3 356 357 490
210 8 2 3 3 357 358 491
211 8 2 3 3 358 359 492
212 8 2 3 3 359 360 493
213 8 2 3 3 360 361 494
214 8 2 3 3 361 362 495
215 8 2 3 3 362 363 496
216 8 2 3 3 363 364 497
217 8 2 3 3 364 365 498
218 8 2 3 3 365 366 499
219 8 2 3 3 366 367 500
220 8 2 3 3 367 368 501
221 8 2 3 3 368 369 502
222 8 2 3 3 369 370 503
223 8 2 3 3 370 371 504
224 8 2 3 3 371 372 505
225 8 2 3 3 372 373 506
226 8 2 3 3 373 374 507
227 8 2 3 3 374 375 508
228 8 2 3 3 375 376 509
229 8 2 3 3 376 377 510
230 8 2 3 3 377 378 511
231 8 2 3 3 378 379 512
232 8 2 3 3 379 380 513
233 8 2 3 3 380 381 514
234 8 2 3 3 381 382 515
235 8 2 3 3 382 383 516
236 8 2 3 3 383 384 517
237 8 2 3 3 384 385 518
238 8 2 3 3 385 386 519
239 8 2 3 3 386 387 520
240 8 2 3 3 387 388 521
241 8 2 3 3 388 389 522
242 8 2 3 3 389 390 523
243 8 2 3 3 390 391 524
244 8 2 3 3 391 392 525
245 8 2 3 3 392 393 526
246 8 2 3 3 393 394 527
247 8 2 3 3 394 395 528
248 8 2 3 3 395 396 529
249 8 2 3 3 396 397 530
250 8 2 3 3 397 398 531
251 8 2 3 3 398 399 532
252 8 2 3 3 399 400 533
253 8 2 3 3 400 401 534
254 8 2 3 3 401 402 535
255 8 2 3 3 402 403 536
256 8 2 3 3 403 404 537
257 8 2 3 3 404 405 538
258 8 2 3 3 405 406 539
259 8 2 3 3 406 407 540
260 8 2 3 3 407 408 541
261 8 2 3 3 408 409 542
262 8 2 3 3 409 410 543
263 8 2 3 3 410 411 544
264 8 2 3 3 411 412 545
265 8 2 3 3 412 413 546
266 8 2 3 3 413 414 547
267 8 2 3 3 414 415 548
268 8 2 3 3 415 416 549
269 8 2 3 3 416 417 550
270 8 2 3 3 417 418 551
271 8 2 3 3 418 419 552
272 8 2 3 3 419 420 553
273 8 2 3 3 420 421 554
274 8 2 3 3 421 422 555
275 8 2 3 3 422 423 556
276 8 2 3 3 423 424 557
277 8 2 3 3 424 425 558
278 8 2 3 3 425 426 559
279 8 2 3 3 426 427 560
280 8 2 3 3 427 428 561
281 8 2 3 3 428 429 562
282 8 2 3 3 429 430 563
283 8 2 3 3 430 431 564
284 8 2 3 3 431 432 565
285 8 2 3 3 432 433 566
286 8 2 3 3 433 4 567
287 8 2 4 4 4 568 581
288 8 2 4 4 568 569 582
289 8 2 4 4 569 570 583
290 8 2 4 4 570 571 584
291 8 2 4 4 571 572 585
292 8 2 4 4 572 573 586
293 8 2 4 4 573 574 587
294 8 2 4 4 574 575 588
295 8 2 4 4 575 576 589
296 8 2 4 4 576 577 590
297 8 2 4 4 577 578 591
298 8 2 4 4 578 579 592
299 8 2 4 4 579 580 593
300 8 2 4 4 580 1 594
301 8 2 5 6 5 595 634
302 8 2 5 6 595 596 635
303 8 2 5 6 596 597 636
304 8 2 5 6 597 598 637
305 8 2 5 6 598 599 638
306 8 2 5 6 599 600 639
307 8 2 5 6 600 601 640
308 8 2 5 6 601 602 641
309 8 2 5 6 602 603 642
310 8 2 5 6 603 604 643
311 8 2 5 6 604 605 644
312 8 2 5 6 605 606 645
313 8 2 5 6 606 607 646
314 8 2 5 6 607 608 647
315 8 2 5 6 608 609 648
316 8 2 5 6 609 610 649
317 8 2 5 6 610 611 650
318 8 2 5 6 611 612 651
319 8 2 5 6 612 613 652
320 8 2 5 6 613 614 653
321 8 2 5 6 614 615 654
322 8 2 5 6 615 616 655
323 8 2 5 6 616 617 656
324 8 2 5 6 617 618 657
325 8 2 5 6 618 619 658
326 8 2 5 6 619 620 659
327 8 2 5 6 620 621 660
328 8 2 5 6 621 622 661
329 8 2 5 6 622 623 662
330 8 2 5 6 623 624 663
331 8 2 5 6 624 625 664
332 8 2 5 6 625 626 665
333 8 2 5 6 626 627 666
334 8 2 5 6 627 628 667
335 8 2 5 6 628 629 668
336 8 2 5 6 629 630 669
337 8 2 5 6 630 631 670
338 8 2 5 6 631 632 671
339 8 2 5 6 632 633 672
340 8 2 5 6 633 6 673
341 8 2 5 7 6 674 713
342 8 2 5 7 674 675 714
343 8 2 5 7 675 676 715
344 8 2 5 7 676 677 716
345 8 2 5 7 677 678 717
346 8 2 5 7 678 679 718
347 8 2 5 7 679 680 719
348 8 2 5 7 680 681 720
349 8 2 5 7 681 682 721
350 8 2 5 7 682 683 722
351 8 2 5 7 683 684 723
352 8 2 5 7 684 685 724
353 8 2 5 7 685 686 725
354 8 2 5 7 686 687 726
355 8 2 5 7 687 688 727
356 8 2 5 7 688 689 728
357 8 2 5 7 689 690 729
358 8 2 5 7 690 691 730
359 8 2 5 7 691 692 731
360 8 2 5 7 692 693 732
361 8 2 5 7 693 694 733
362 8 2 5 7 694 695 734
363 8 2 5 7 695 696 735
364 8 2 5 7 696 697 736
365 8 2 5 7 697 698 737
366 8 2 5 7 698 699 738
367 8 2 5 7 699 700 739
368 8 2 5 7 700 701 740
369 8 2 5 7 701 702 741
370 8 2 5 7 702 703 742
371 8 2 5 7 703 704 743
372 8 2 5 7 704 705 744
373 8 2 5 7 705 706 745
374 8 2 5 7 706 707 746
375 8 2 5 7 707 708 747
376 8 2 5 7 708 709 748
377 8 2 5 7 709 710 749
378 8 2 5 7 710 711 750
379 8 2 5 7 711 712 751
380 8 2 5 7 712 5 752
381 9 2 1 1 1178 2773 1591 3395 3396 3397
382 9 2 1 1 1177 2774 1592 3398 3399 3400
383 9 2 1 1 1399 1682 2947 3401 3402 3403
384 9 2 1 1 1400 1681 2948 3404 3405 3406
385 9 2 1 1 2947 1682 853 3402 3407 3408
386 9 2 1 1 2948 1681 854 3405 3409 3410
387 9 2 1 1 3363 1559 1731 3411 3412 3413
388 9 2 1 1 3364 1560 1732 3414 3415 3416
389 9 2 1 1 927 1559 3363 3417 3411 3418
390 9 2 1 1 928 1560 3364 3419 3414 3420
391 9 2 1 1 1393 2962 2443 3421 3422 3423
392 9 2 1 1 1394 2961 2444 3424 3425 3426
393 9 2 1 1 2961 1011 2444 3427 3428 3425
394 9 2 1 1 2962 1012 2443 3429 3430 3422
395 9 2 1 1 2773 907 1591 3431 3432 3396
396 9 2 1 1 2774 908 1592 3433 3434 3399
397 9 2 1 1 1909 3196 1136 3435 3436 3437
398 9 2 1 1 1910 3195 1135 3438 3439 3440
399 9 2 1 1 1425 2385 2077 3441 3442 3443
400 9 2 1 1 1426 2386 2078 3444 3445 3446
401 9 2 1 1 2344 918 2929 3447 3448 3449
402 9 2 1 1 2343 917 2930 3450 3451 3452
403 9 2 1 1 629 1525 630 3453 3454 669
404 9 2 1 1 708 1526 709 3455 3456 748
405 9 2 1 1 1537 2654 1763 3457 3458 3459
406 9 2 1 1 1538 2653 1764 3460 3461 3462
407 9 2 1 1 823 1355 1899 3463 3464 3465
408 9 2 1 1 824 1356 1900 3466 3467 3468
409 9 2 1 1 2385 1019 2077 3469 3470 3442
410 9 2 1 1 2386 1020 2078 3471 3472 3445
411 9 2 1 1 784 1757 1290 3473 3474 3475
412 9 2 1 1 783 1758 1289 3476 3477 3478
413 9 2 1 1 1008 2658 1499 3479 3480 3481
414 9 2 1 1 1007 2657 1500 3482 3483 3484
415 9 2 1 1 1158 1727 2275 3485 3486 3487
416 9 2 1 1 1157 1728 2276 3488 3489 3490
417 9 2 1 1 991 1713 1497 3491 3492 3493
418 9 2 1 1 992 1714 1498 3494 3495 3496
419 9 2 1 1 1175 1855 2179 3497 3498 3499
420 9 2 1 1 1176 1856 2180 3500 3501 3502
421 9 2 1 1 1445 2347 2629 3503 3504 3505
422 9 2 1 1 1446 2348 2630 3506 3507 3508
423 9 2 1 1 1001 2331 1649 3509 3510 3511
424 9 2 1 1 1002 2332 1650 3512 3513 3514
425 9 2 1 1 1151 2477 1443 3515 3516 3517
426 9 2 1 1 1152 2478 1444 3518 3519 3520
427 9 2 1 1 1143 1445 2473 3521 3522 3523
428 9 2 1 1 1144 1446 2474 3524 3525 3526
429 9 2 1 1 968 1800 1402 3527 3528 3529
430 9 2 1 1 967 1799 1401 3530 3531 3532
431 9 2 1 1 989 1693 1990 3533 3534 3535
432 9 2 1 1 990 1694 1989 3536 3537 3538
433 9 2 1 1 984 1507 1923 3539 3540 3541
434 9 2 1 1 983 1508 1924 3542 3543 3544
435 9 2 1 1 962 1949 1419 3545 3546 3547
436 9 2 1 1 961 1950 1420 3548 3549 3550
437 9 2 1 1 5 712 1834 752 3551 3552
438 9 2 1 1 6 633 1833 673 3553 3554
439 9 2 1 1 2977 943 1991 3555 3556 3557
440 9 2 1 1 2978 944 1992 3558 3559 3560
441 9 2 1 1 828 1351 1979 3561 3562 3563
442 9 2 1 1 827 1352 1980 3564 3565 3566
443 9 2 1 1 358 2112 1645 3567 3568 3569
444 9 2 1 1 64 2111 1646 3570 3571 3572
445 9 2 1 1 833 1887 1385 3573 3574 3575
446 9 2 1 1 834 1888 1386 3576 3577 3578
447 9 2 1 1 1013 2441 1395 3579 3580 3581
448 9 2 1 1 1014 2442 1396 3582 3583 3584
449 9 2 1 1 931 2565 1475 3585 3586 3587
450 9 2 1 1 932 2566 1476 3588 3589 3590
451 9 2 1 1 828 2017 1351 3591 3592 3561
452 9 2 1 1 827 2018 1352 3593 3594 3564
453 9 2 1 1 1519 2977 1991 3595 3557 3596
454 9 2 1 1 1520 2978 1992 3597 3560 3598
455 9 2 1 1 2629 2347 122 3504 3599 3600
456 9 2 1 1 2630 2348 416 3507 3601 3602
457 9 2 1 1 813 2555 2123 3603 3604 3605
458 9 2 1 1 814 2556 2124 3606 3607 3608
459 9 2 1 1 1242 1763 2654 3609 3458 3610
460 9 2 1 1 1241 1764 2653 3611 3461 3612
461 9 2 1 1 1001 1765 2331 3613 3614 3509
462 9 2 1 1 1002 1766 2332 3615 3616 3512
463 9 2 1 1 684 1620 685 3617 3618 724
464 9 2 1 1 605 1619 606 3619 3620 645
465 9 2 1 1 823 2691 1355 3621 3622 3463
466 9 2 1 1 824 2692 1356 3623 3624 3466
467 9 2 1 1 1015 2383 1707 3625 3626 3627
468 9 2 1 1 1016 2384 1708 3628 3629 3630
469 9 2 1 1 1758 2438 2641 3631 3632 3633
470 9 2 1 1 1757 2437 2642 3634 3635 3636
471 9 2 1 1 1048 1486 3192 3637 3638 3639
472 9 2 1 1 1047 1485 3191 3640 3641 3642
473 9 2 1 1 1101 1573 2601 3643 3644 3645
474 9 2 1 1 1102 1574 2602 3646 3647 3648
475 9 2 1 1 1157 1793 1901 3649 3650 3651
476 9 2 1 1 1158 1794 1902 3652 3653 3654
477 9 2 1 1 963 1441 2621 3655 3656 3657
478 9 2 1 1 964 1442 2622 3658 3659 3660
479 9 2 1 1 994 2729 1563 3661 3662 3663
480 9 2 1 1 993 2730 1564 3664 3665 3666
481 9 2 1 1 2929 918 1600 3448 3667 3668
482 9 2 1 1 2930 917 1599 3451 3669 3670
483 9 2 1 1 1015 1746 2383 3671 3672 3625
484 9 2 1 1 1016 1745 2384 3673 3674 3628
485 9 2 1 1 923 1369 2173 3675 3676 3677
486 9 2 1 1 924 1370 2174 3678 3679 3680
487 9 2 1 1 1283 2623 1833 3681 3682 3683
488 9 2 1 1 1284 2624 1834 3684 3685 3686
489 9 2 1 1 991 1532 1713 3687 3688 3491
490 9 2 1 1 992 1531 1714 3689 3690 3494
491 9 2 1 1 785 1901 1793 3691 3650 3692
492 9 2 1 1 786 1902 1794 3693 3653 3694
493 9 2 1 1 856 1503 2224 3695 3696 3697
494 9 2 1 1 855 1504 2223 3698 3699 3700
495 9 2 1 1 2905 1441 963 3701 3655 3702
496 9 2 1 1 2906 1442 964 3703 3658 3704
497 9 2 1 1 1032 2105 1627 3705 3706 3707
498 9 2 1 1 1031 2106 1628 3708 3709 3710
499 9 2 1 1 12 2353 1443 3711 3712 3713
500 9 2 1 1 306 2354 1444 3714 3715 3716
501 9 2 1 1 923 2001 1369 3717 3718 3675
502 9 2 1 1 924 2002 1370 3719 3720 3678
503 9 2 1 1 775 2276 1728 3721 3489 3722
504 9 2 1 1 776 2275 1727 3723 3486 3724
505 9 2 1 1 1099 1955 1221 3725 3726 3727
506 9 2 1 1 1100 1956 1222 3728 3729 3730
507 9 2 1 1 987 2321 1529 3731 3732 3733
508 9 2 1 1 988 2322 1530 3734 3735 3736
509 9 2 1 1 993 2865 2730 3737 3738 3664
510 9 2 1 1 994 2866 2729 3739 3740 3661
511 9 2 1 1 903 1811 2443 3741 3742 3743
512 9 2 1 1 904 1812 2444 3744 3745 3746
513 9 2 1 1 1393 2443 1811 3423 3742 3747
514 9 2 1 1 1394 2444 1812 3426 3745 3748
515 9 2 1 1 277 1815 2625 3749 3750 3751
516 9 2 1 1 571 1816 2626 3752 3753 3754
517 9 2 1 1 1031 1628 1943 3710 3755 3756
518 9 2 1 1 1032 1627 1944 3707 3757 3758
519 9 2 1 1 1011 1421 2444 3759 3760 3428
520 9 2 1 1 1012 1422 2443 3761 3762 3430
521 9 2 1 1 1013 1423 2441 3763 3764 3579
522 9 2 1 1 1014 1424 2442 3765 3766 3582
523 9 2 1 1 1421 2389 2503 3767 3768 3769
524 9 2 1 1 1422 2390 2504 3770 3771 3772
525 9 2 1 1 1423 2387 2507 3773 3774 3775
526 9 2 1 1 1424 2388 2508 3776 3777 3778
527 9 2 1 1 1425 2511 2385 3779 3780 3441
528 9 2 1 1 1426 2512 2386 3781 3782 3444
529 9 2 1 1 1080 2046 1618 3783 3784 3785
530 9 2 1 1 1079 2045 1617 3786 3787 3788
531 9 2 1 1 1017 2104 2367 3789 3790 3791
532 9 2 1 1 1018 2103 2368 3792 3793 3794
533 9 2 1 1 863 1103 2161 3795 3796 3797
534 9 2 1 1 864 1104 2162 3798 3799 3800
535 9 2 1 1 2503 2389 799 3768 3801 3802
536 9 2 1 1 2504 2390 800 3771 3803 3804
537 9 2 1 1 2507 2387 803 3774 3805 3806
538 9 2 1 1 2508 2388 804 3777 3807 3808
539 9 2 1 1 2511 801 2385 3809 3810 3780
540 9 2 1 1 2512 802 2386 3811 3812 3782
541 9 2 1 1 1149 1998 1691 3813 3814 3815
542 9 2 1 1 1150 1997 1692 3816 3817 3818
543 9 2 1 1 1082 1709 1514 3819 3820 3821
544 9 2 1 1 1081 1710 1513 3822 3823 3824
545 9 2 1 1 3335 2963 1071 3825 3826 3827
546 9 2 1 1 3336 2964 1072 3828 3829 3830
547 9 2 1 1 759 2145 1391 3831 3832 3833
548 9 2 1 1 760 2146 1392 3834 3835 3836
549 9 2 1 1 1147 1665 2110 3837 3838 3839
550 9 2 1 1 1148 1666 2109 3840 3841 3842
551 9 2 1 1 1397 2368 2103 3843 3793 3844
552 9 2 1 1 1398 2367 2104 3845 3790 3846
553 9 2 1 1 783 1289 1952 3478 3847 3848
554 9 2 1 1 784 1290 1951 3475 3849 3850
555 9 2 1 1 785 2135 1293 3851 3852 3853
556 9 2 1 1 786 2136 1294 3854 3855 3856
557 9 2 1 1 863 2217 1103 3857 3858 3795
558 9 2 1 1 864 2218 1104 3859 3860 3798
559 9 2 1 1 2552 1960 1169 3861 3862 3863
560 9 2 1 1 2551 1959 1170 3864 3865 3866
561 9 2 1 1 759 1391 2138 3833 3867 3868
562 9 2 1 1 760 1392 2137 3836 3869 3870
563 9 2 1 1 1438 1960 2552 3871 3861 3872
564 9 2 1 1 1437 1959 2551 3873 3864 3874
565 9 2 1 1 91 1562 2423 3875 3876 3877
566 9 2 1 1 385 1561 2424 3878 3879 3880
567 9 2 1 1 833 1385 2069 3575 3881 3882
568 9 2 1 1 834 1386 2070 3578 3883 3884
569 9 2 1 1 1048 3192 1644 3639 3885 3886
570 9 2 1 1 1047 3191 1643 3642 3887 3888
571 9 2 1 1 991 2338 1532 3889 3890 3687
572 9 2 1 1 992 2337 1531 3891 3892 3689
573 9 2 1 1 1405 3027 1555 3893 3894 3895
574 9 2 1 1 1406 3028 1556 3896 3897 3898
575 9 2 1 1 1002 1697 1534 3899 3900 3901
576 9 2 1 1 1001 1698 1533 3902 3903 3904
577 9 2 1 1 2547 1168 1898 3905 3906 3907
578 9 2 1 1 2548 1167 1897 3908 3909 3910
579 9 2 1 1 1436 2547 1898 3911 3907 3912
580 9 2 1 1 1435 2548 1897 3913 3910 3914
581 9 2 1 1 1008 3097 2658 3915 3916 3479
582 9 2 1 1 1007 3098 2657 3917 3918 3482
583 9 2 1 1 376 377 1590 510 3919 3920
584 9 2 1 1 82 83 1589 216 3921 3922
585 9 2 1 1 911 2551 1850 3923 3924 3925
586 9 2 1 1 912 2552 1849 3926 3927 3928
587 9 2 1 1 911 1850 2548 3925 3929 3930
588 9 2 1 1 912 1849 2547 3928 3931 3932
589 9 2 1 1 1074 1478 1814 3933 3934 3935
590 9 2 1 1 1073 1477 1813 3936 3937 3938
591 9 2 1 1 863 2161 1491 3797 3939 3940
592 9 2 1 1 864 2162 1492 3800 3941 3942
593 9 2 1 1 377 2351 1590 3943 3944 3919
594 9 2 1 1 83 2352 1589 3945 3946 3921
595 9 2 1 1 859 2054 1795 3947 3948 3949
596 9 2 1 1 860 2053 1796 3950 3951 3952
597 9 2 1 1 1034 2044 2358 3953 3954 3955
598 9 2 1 1 1033 2043 2357 3956 3957 3958
599 9 2 1 1 953 1497 1747 3959 3960 3961
600 9 2 1 1 954 1498 1748 3962 3963 3964
601 9 2 1 1 1519 1991 3126 3596 3965 3966
602 9 2 1 1 1520 1992 3125 3598 3967 3968
603 9 2 1 1 931 1475 1805 3587 3969 3970
604 9 2 1 1 932 1476 1806 3590 3971 3972
605 9 2 1 1 793 1555 3027 3973 3894 3974
606 9 2 1 1 794 1556 3028 3975 3897 3976
607 9 2 1 1 861 1809 2011 3977 3978 3979
608 9 2 1 1 862 1810 2012 3980 3981 3982
609 9 2 1 1 933 1623 2453 3983 3984 3985
610 9 2 1 1 934 1624 2454 3986 3987 3988
611 9 2 1 1 1233 2453 1623 3989 3984 3990
612 9 2 1 1 1234 2454 1624 3991 3987 3992
613 9 2 1 1 3196 1589 1136 3993 3994 3436
614 9 2 1 1 3195 1590 1135 3995 3996 3439
615 9 2 1 1 971 1667 2056 3997 3998 3999
616 9 2 1 1 972 1668 2055 4000 4001 4002
617 9 2 1 1 279 2376 2497 4003 4004 4005
618 9 2 1 1 573 2375 2498 4006 4007 4008
619 9 2 1 1 5 1834 3179 3552 4009 4010
620 9 2 1 1 6 1833 3180 3554 4011 4012
621 9 2 1 1 1299 2887 1581 4013 4014 4015
622 9 2 1 1 1300 2888 1582 4016 4017 4018
623 9 2 1 1 1209 1685 2459 4019 4020 4021
624 9 2 1 1 1210 1686 2460 4022 4023 4024
625 9 2 1 1 968 1659 1754 4025 4026 4027
626 9 2 1 1 967 1660 1753 4028 4029 4030
627 9 2 1 1 3249 2393 1407 4031 4032 4033
628 9 2 1 1 3250 2394 1408 4034 4035 4036
629 9 2 1 1 949 2110 1665 4037 3838 4038
630 9 2 1 1 950 2109 1666 4039 3841 4040
631 9 2 1 1 1055 1895 1467 4041 4042 4043
632 9 2 1 1 1056 1896 1468 4044 4045 4046
633 9 2 1 1 1598 2963 3335 4047 3825 4048
634 9 2 1 1 1597 2964 3336 4049 3828 4050
635 9 2 1 1 1003 1465 2943 4051 4052 4053
636 9 2 1 1 1004 1466 2944 4054 4055 4056
637 9 2 1 1 1373 1601 2809 4057 4058 4059
638 9 2 1 1 1374 1602 2810 4060 4061 4062
639 9 2 1 1 921 2809 1601 4063 4058 4064
640 9 2 1 1 922 2810 1602 4065 4061 4066
641 9 2 1 1 2936 284 285 4067 298 4068
642 9 2 1 1 2935 578 579 4069 592 4070
643 9 2 1 1 275 276 2933 289 4071 4072
644 9 2 1 1 569 570 2934 583 4073 4074
645 9 2 1 1 1013 1395 2911 3581 4075 4076
646 9 2 1 1 1014 1396 2912 3584 4077 4078
647 9 2 1 1 1201 2123 2555 4079 3604 4080
648 9 2 1 1 1202 2124 2556 4081 3607 4082
649 9 2 1 1 1173 1564 2131 4083 4084 4085
650 9 2 1 1 1174 1563 2132 4086 4087 4088
651 9 2 1 1 1087 1731 1559 4089 3412 4090
652 9 2 1 1 1088 1732 1560 4091 3415 4092
653 9 2 1 1 1183 1456 2618 4093 4094 4095
654 9 2 1 1 1184 1455 2617 4096 4097 4098
655 9 2 1 1 1795 2054 2865 3948 4099 4100
656 9 2 1 1 1796 2053 2866 3951 4101 4102
657 9 2 1 1 1022 1833 2623 4103 3682 4104
658 9 2 1 1 1021 1834 2624 4105 3685 4106
659 9 2 1 1 989 2168 1757 4107 4108 4109
660 9 2 1 1 990 2167 1758 4110 4111 4112
661 9 2 1 1 774 1537 2040 4113 4114 4115
662 9 2 1 1 773 1538 2039 4116 4117 4118
663 9 2 1 1 989 1990 1648 3535 4119 4120
664 9 2 1 1 990 1989 1647 3538 4121 4122
665 9 2 1 1 1002 1534 2377 3901 4123 4124
666 9 2 1 1 1001 1533 2378 3904 4125 4126
667 9 2 1 1 968 1402 3281 3529 4127 4128
668 9 2 1 1 967 1401 3282 3532 4129 4130
669 9 2 1 1 759 1427 2145 4131 4132 3831
670 9 2 1 1 760 1428 2146 4133 4134 3834
671 9 2 1 1 3155 925 2395 4135 4136 4137
672 9 2 1 1 3156 926 2396 4138 4139 4140
673 9 2 1 1 971 2056 2867 3999 4141 4142
674 9 2 1 1 972 2055 2868 4002 4143 4144
675 9 2 1 1 1099 1221 2039 3727 4145 4146
676 9 2 1 1 1100 1222 2040 3730 4147 4148
677 9 2 1 1 759 2171 1427 4149 4150 4131
678 9 2 1 1 760 2172 1428 4151 4152 4133
679 9 2 1 1 1059 2600 1469 4153 4154 4155
680 9 2 1 1 1060 2599 1470 4156 4157 4158
681 9 2 1 1 856 2247 1503 4159 4160 3695
682 9 2 1 1 855 2248 1504 4161 4162 3698
683 9 2 1 1 1011 2389 1421 4163 3767 3759
684 9 2 1 1 1012 2390 1422 4164 3770 3761
685 9 2 1 1 1013 2387 1423 4165 3773 3763
686 9 2 1 1 1014 2388 1424 4166 3776 3765
687 9 2 1 1 1061 2149 1415 4167 4168 4169
688 9 2 1 1 1062 2150 1416 4170 4171 4172
689 9 2 1 1 1405 1555 2395 3895 4173 4174
690 9 2 1 1 1406 1556 2396 3898 4175 4176
691 9 2 1 1 1078 1674 1735 4177 4178 4179
692 9 2 1 1 1077 1673 1736 4180 4181 4182
693 9 2 1 1 935 1625 2495 4183 4184 4185
694 9 2 1 1 936 1626 2496 4186 4187 4188
695 9 2 1 1 1235 2495 1625 4189 4184 4190
696 9 2 1 1 1236 2496 1626 4191 4187 4192
697 9 2 1 1 786 1509 1902 4193 4194 3693
698 9 2 1 1 785 1510 1901 4195 4196 3691
699 9 2 1 1 838 1429 2044 4197 4198 4199
700 9 2 1 1 837 1430 2043 4200 4201 4202
701 9 2 1 1 762 1735 1674 4203 4178 4204
702 9 2 1 1 761 1736 1673 4205 4181 4206
703 9 2 1 1 1598 2846 2963 4207 4208 4047
704 9 2 1 1 1597 2845 2964 4209 4210 4049
705 9 2 1 1 845 1879 1557 4211 4212 4213
706 9 2 1 1 846 1880 1558 4214 4215 4216
707 9 2 1 1 1431 2497 2376 4217 4004 4218
708 9 2 1 1 1432 2498 2375 4219 4007 4220
709 9 2 1 1 1065 2661 1415 4221 4222 4223
710 9 2 1 1 1066 2662 1416 4224 4225 4226
711 9 2 1 1 1061 1761 1529 4227 4228 4229
712 9 2 1 1 1062 1762 1530 4230 4231 4232
713 9 2 1 1 989 1648 2168 4120 4233 4107
714 9 2 1 1 990 1647 2167 4122 4234 4110
715 9 2 1 1 821 2415 2261 4235 4236 4237
716 9 2 1 1 822 2416 2262 4238 4239 4240
717 9 2 1 1 1082 1480 2581 4241 4242 4243
718 9 2 1 1 1081 1479 2582 4244 4245 4246
719 9 2 1 1 855 1844 2248 4247 4248 4161
720 9 2 1 1 856 1843 2247 4249 4250 4159
721 9 2 1 1 1100 2040 1537 4148 4114 4251
722 9 2 1 1 1099 2039 1538 4146 4117 4252
723 9 2 1 1 1192 2825 1755 4253 4254 4255
724 9 2 1 1 1191 2826 1756 4256 4257 4258
725 9 2 1 1 1095 3125 1992 4259 3967 4260
726 9 2 1 1 1096 3126 1991 4261 3965 4262
727 9 2 1 1 889 1203 1964 4263 4264 4265
728 9 2 1 1 890 1204 1963 4266 4267 4268
729 9 2 1 1 980 2100 2271 4269 4270 4271
730 9 2 1 1 979 2099 2272 4272 4273 4274
731 9 2 1 1 1003 1857 1465 4275 4276 4051
732 9 2 1 1 1004 1858 1466 4277 4278 4054
733 9 2 1 1 1375 1599 2837 4279 4280 4281
734 9 2 1 1 1376 1600 2838 4282 4283 4284
735 9 2 1 1 917 2837 1599 4285 4280 3669
736 9 2 1 1 918 2838 1600 4286 4283 3667
737 9 2 1 1 1048 1868 1455 4287 4288 4289
738 9 2 1 1 1047 1867 1456 4290 4291 4292
739 9 2 1 1 1809 2883 2011 4293 4294 3978
740 9 2 1 1 1810 2884 2012 4295 4296 3981
741 9 2 1 1 788 1310 2308 4297 4298 4299
742 9 2 1 1 787 1309 2307 4300 4301 4302
743 9 2 1 1 1555 3155 2395 4303 4137 4173
744 9 2 1 1 1556 3156 2396 4304 4140 4175
745 9 2 1 1 1061 1415 2151 4169 4305 4306
746 9 2 1 1 1062 1416 2152 4172 4307 4308
747 9 2 1 1 1523 2895 2992 4309 4310 4311
748 9 2 1 1 1524 2896 2991 4312 4313 4314
749 9 2 1 1 889 1977 1203 4315 4316 4263
750 9 2 1 1 890 1978 1204 4317 4318 4266
751 9 2 1 1 1539 2891 2391 4319 4320 4321
752 9 2 1 1 1540 2892 2392 4322 4323 4324
753 9 2 1 1 1299 1581 2637 4015 4325 4326
754 9 2 1 1 1300 1582 2638 4018 4327 4328
755 9 2 1 1 1065 1415 2013 4223 4329 4330
756 9 2 1 1 1066 1416 2014 4226 4331 4332
757 9 2 1 1 786 2155 1509 4333 4334 4193
758 9 2 1 1 785 2156 1510 4335 4336 4195
759 9 2 1 1 1441 2905 2125 3701 4337 4338
760 9 2 1 1 1442 2906 2126 3703 4339 4340
761 9 2 1 1 33 34 1621 167 4341 4342
762 9 2 1 1 327 328 1622 461 4343 4344
763 9 2 1 1 112 113 1623 246 4345 4346
764 9 2 1 1 406 407 1624 540 4347 4348
765 9 2 1 1 105 106 1625 239 4349 4350
766 9 2 1 1 399 400 1626 533 4351 4352
767 9 2 1 1 1121 2093 1937 4353 4354 4355
768 9 2 1 1 1122 2094 1938 4356 4357 4358
769 9 2 1 1 1429 2358 2044 4359 3954 4198
770 9 2 1 1 1430 2357 2043 4360 3957 4201
771 9 2 1 1 931 3074 2565 4361 4362 3585
772 9 2 1 1 932 3073 2566 4363 4364 3588
773 9 2 1 1 384 385 2424 518 3880 4365
774 9 2 1 1 90 91 2423 224 3877 4366
775 9 2 1 1 1028 1702 1939 4367 4368 4369
776 9 2 1 1 1027 1701 1940 4370 4371 4372
777 9 2 1 1 19 20 1669 153 4373 4374
778 9 2 1 1 313 314 1670 447 4375 4376
779 9 2 1 1 1048 1455 1893 4289 4377 4378
780 9 2 1 1 1047 1456 1894 4292 4379 4380
781 9 2 1 1 1249 2709 1710 4381 4382 4383
782 9 2 1 1 1250 2710 1709 4384 4385 4386
783 9 2 1 1 845 1557 1935 4213 4387 4388
784 9 2 1 1 846 1558 1936 4216 4389 4390
785 9 2 1 1 1089 1935 1557 4391 4387 4392
786 9 2 1 1 1090 1936 1558 4393 4389 4394
787 9 2 1 1 1655 284 2936 4395 4067 4396
788 9 2 1 1 1656 578 2935 4397 4069 4398
789 9 2 1 1 2933 276 1653 4071 4399 4400
790 9 2 1 1 2934 570 1654 4073 4401 4402
791 9 2 1 1 1010 1967 1756 4403 4404 4405
792 9 2 1 1 1009 1968 1755 4406 4407 4408
793 9 2 1 1 1648 1990 2921 4119 4409 4410
794 9 2 1 1 1647 1989 2922 4121 4411 4412
795 9 2 1 1 1691 1998 2413 3814 4413 4414
796 9 2 1 1 1692 1997 2414 3817 4415 4416
797 9 2 1 1 1093 2097 1536 4417 4418 4419
798 9 2 1 1 1094 2098 1535 4420 4421 4422
799 9 2 1 1 602 1628 603 4423 4424 642
800 9 2 1 1 681 1627 682 4425 4426 721
801 9 2 1 1 277 278 1815 291 4427 3749
802 9 2 1 1 571 572 1816 585 4428 3752
803 9 2 1 1 119 120 1635 253 4429 4430
804 9 2 1 1 413 414 1636 547 4431 4432
805 9 2 1 1 1710 2709 3091 4382 4433 4434
806 9 2 1 1 1709 2710 3092 4385 4435 4436
807 9 2 1 1 1045 2848 1427 4437 4438 4439
808 9 2 1 1 1046 2847 1428 4440 4441 4442
809 9 2 1 1 921 1601 2339 4064 4443 4444
810 9 2 1 1 922 1602 2340 4066 4445 4446
811 9 2 1 1 983 1924 1328 3544 4447 4448
812 9 2 1 1 984 1923 1327 3541 4449 4450
813 9 2 1 1 2891 1285 2391 4451 4452 4320
814 9 2 1 1 2892 1286 2392 4453 4454 4323
815 9 2 1 1 1048 1893 1486 4378 4455 3637
816 9 2 1 1 1047 1894 1485 4380 4456 3640
817 9 2 1 1 882 2514 1518 4457 4458 4459
818 9 2 1 1 881 2513 1517 4460 4461 4462
819 9 2 1 1 625 1678 626 4463 4464 665
820 9 2 1 1 704 1677 705 4465 4466 744
821 9 2 1 1 983 1803 1916 4467 4468 4469
822 9 2 1 1 984 1804 1915 4470 4471 4472
823 9 2 1 1 1091 1553 3155 4473 4474 4475
824 9 2 1 1 1092 1554 3156 4476 4477 4478
825 9 2 1 1 1091 3155 1555 4475 4303 4479
826 9 2 1 1 1092 3156 1556 4478 4304 4480
827 9 2 1 1 966 2459 1685 4481 4020 4482
828 9 2 1 1 965 2460 1686 4483 4023 4484
829 9 2 1 1 1035 1946 1700 4485 4486 4487
830 9 2 1 1 1036 1945 1699 4488 4489 4490
831 9 2 1 1 962 1419 3130 3547 4491 4492
832 9 2 1 1 961 1420 3129 3550 4493 4494
833 9 2 1 1 1731 2779 3249 4495 4496 4497
834 9 2 1 1 1732 2780 3250 4498 4499 4500
835 9 2 1 1 1344 2711 1755 4501 4502 4503
836 9 2 1 1 1343 2712 1756 4504 4505 4506
837 9 2 1 1 1601 2461 2339 4507 4508 4443
838 9 2 1 1 1602 2462 2340 4509 4510 4445
839 9 2 1 1 1443 2477 1795 3516 4511 4512
840 9 2 1 1 1444 2478 1796 3519 4513 4514
841 9 2 1 1 1432 2375 2531 4220 4515 4516
842 9 2 1 1 1431 2376 2532 4218 4517 4518
843 9 2 1 1 1257 2467 1695 4519 4520 4521
844 9 2 1 1 1258 2468 1696 4522 4523 4524
845 9 2 1 1 891 1695 2467 4525 4520 4526
846 9 2 1 1 892 1696 2468 4527 4523 4528
847 9 2 1 1 757 2642 2997 4529 4530 4531
848 9 2 1 1 758 2641 2998 4532 4533 4534
849 9 2 1 1 1633 2393 3249 4535 4031 4536
850 9 2 1 1 1634 2394 3250 4537 4034 4538
851 9 2 1 1 10 1725 2411 4539 4540 4541
852 9 2 1 1 304 1726 2412 4542 4543 4544
853 9 2 1 1 1151 1443 2353 3517 3712 4545
854 9 2 1 1 1152 1444 2354 3520 3715 4546
855 9 2 1 1 1175 2603 1855 4547 4548 3497
856 9 2 1 1 1176 2604 1856 4549 4550 3500
857 9 2 1 1 867 2236 1569 4551 4552 4553
858 9 2 1 1 868 2235 1570 4554 4555 4556
859 9 2 1 1 1067 1461 2399 4557 4558 4559
860 9 2 1 1 1068 1462 2400 4560 4561 4562
861 9 2 1 1 1445 1809 2473 4563 4564 3522
862 9 2 1 1 1446 1810 2474 4565 4566 3525
863 9 2 1 1 989 1757 2642 4109 3636 4567
864 9 2 1 1 990 1758 2641 4112 3633 4568
865 9 2 1 1 1045 1427 2171 4439 4150 4569
866 9 2 1 1 1046 1428 2172 4442 4152 4570
867 9 2 1 1 10 11 1725 144 4571 4539
868 9 2 1 1 304 305 1726 438 4572 4542
869 9 2 1 1 1109 1657 2060 4573 4574 4575
870 9 2 1 1 1110 1658 2059 4576 4577 4578
871 9 2 1 1 1039 1690 2300 4579 4580 4581
872 9 2 1 1 1040 1689 2299 4582 4583 4584
873 9 2 1 1 1885 2357 2570 4585 4586 4587
874 9 2 1 1 1886 2358 2569 4588 4589 4590
875 9 2 1 1 813 2067 2031 4591 4592 4593
876 9 2 1 1 814 2068 2032 4594 4595 4596
877 9 2 1 1 1279 2031 2067 4597 4592 4598
878 9 2 1 1 1280 2032 2068 4599 4595 4600
879 9 2 1 1 932 1806 1558 3972 4601 4602
880 9 2 1 1 931 1805 1557 3970 4603 4604
881 9 2 1 1 1295 2415 1929 4605 4606 4607
882 9 2 1 1 1296 2416 1930 4608 4609 4610
883 9 2 1 1 1143 2347 1445 4611 3503 3521
884 9 2 1 1 1144 2348 1446 4612 3506 3524
885 9 2 1 1 1075 1937 2093 4613 4354 4614
886 9 2 1 1 1076 1938 2094 4615 4357 4616
887 9 2 1 1 987 2677 2321 4617 4618 3731
888 9 2 1 1 988 2678 2322 4619 4620 3734
889 9 2 1 1 1459 3300 1944 4621 4622 4623
890 9 2 1 1 1460 3299 1943 4624 4625 4626
891 9 2 1 1 19 1669 2829 4374 4627 4628
892 9 2 1 1 313 1670 2830 4376 4629 4630
893 9 2 1 1 1407 1731 3249 4631 4497 4033
894 9 2 1 1 1408 1732 3250 4632 4500 4036
895 9 2 1 1 102 103 1575 236 4633 4634
896 9 2 1 1 396 397 1576 530 4635 4636
897 9 2 1 1 109 110 1577 243 4637 4638
898 9 2 1 1 403 404 1578 537 4639 4640
899 9 2 1 1 29 30 1579 163 4641 4642
900 9 2 1 1 323 324 1580 457 4643 4644
901 9 2 1 1 36 37 1583 170 4645 4646
902 9 2 1 1 330 331 1584 464 4647 4648
903 9 2 1 1 26 27 1585 160 4649 4650
904 9 2 1 1 320 321 1586 454 4651 4652
905 9 2 1 1 116 117 1581 250 4653 4654
906 9 2 1 1 410 411 1582 544 4655 4656
907 9 2 1 1 921 1581 2887 4657 4014 4658
908 9 2 1 1 922 1582 2888 4659 4017 4660
909 9 2 1 1 839 2060 1657 4661 4574 4662
910 9 2 1 1 840 2059 1658 4663 4577 4664
911 9 2 1 1 1055 1467 1929 4043 4665 4666
912 9 2 1 1 1056 1468 1930 4046 4667 4668
913 9 2 1 1 1059 1469 1927 4155 4669 4670
914 9 2 1 1 1060 1470 1928 4158 4671 4672
915 9 2 1 1 991 2839 2338 4673 4674 3889
916 9 2 1 1 992 2840 2337 4675 4676 3891
917 9 2 1 1 1185 2531 2375 4677 4515 4678
918 9 2 1 1 1186 2532 2376 4679 4517 4680
919 9 2 1 1 1633 3105 2393 4681 4682 4535
920 9 2 1 1 1634 3106 2394 4683 4684 4537
921 9 2 1 1 757 1693 2642 4685 4686 4529
922 9 2 1 1 758 1694 2641 4687 4688 4532
923 9 2 1 1 1574 2135 1793 4689 4690 4691
924 9 2 1 1 1573 2136 1794 4692 4693 4694
925 9 2 1 1 841 1553 1961 4695 4696 4697
926 9 2 1 1 842 1554 1962 4698 4699 4700
927 9 2 1 1 1091 1961 1553 4701 4696 4473
928 9 2 1 1 1092 1962 1554 4702 4699 4476
929 9 2 1 1 12 1443 2314 3713 4703 4704
930 9 2 1 1 306 1444 2313 3716 4705 4706
931 9 2 1 1 84 85 1572 218 4707 4708
932 9 2 1 1 378 379 1571 512 4709 4710
933 9 2 1 1 919 1611 2341 4711 4712 4713
934 9 2 1 1 920 1612 2342 4714 4715 4716
935 9 2 1 1 14 15 1641 148 4717 4718
936 9 2 1 1 308 309 1642 442 4719 4720
937 9 2 1 1 1185 1717 2235 4721 4722 4723
938 9 2 1 1 1186 1718 2236 4724 4725 4726
939 9 2 1 1 929 2393 3105 4727 4682 4728
940 9 2 1 1 930 2394 3106 4729 4684 4730
941 9 2 1 1 906 2240 1750 4731 4732 4733
942 9 2 1 1 905 2239 1749 4734 4735 4736
943 9 2 1 1 1184 2397 1455 4737 4738 4096
944 9 2 1 1 1183 2398 1456 4739 4740 4093
945 9 2 1 1 882 2595 2514 4741 4742 4457
946 9 2 1 1 881 2596 2513 4743 4744 4460
947 9 2 1 1 817 1549 2827 4745 4746 4747
948 9 2 1 1 818 1550 2828 4748 4749 4750
949 9 2 1 1 1399 2205 909 4751 4752 4753
950 9 2 1 1 1400 2206 910 4754 4755 4756
951 9 2 1 1 756 2179 1855 4757 3498 4758
952 9 2 1 1 755 2180 1856 4759 3501 4760
953 9 2 1 1 1025 2235 1717 4761 4722 4762
954 9 2 1 1 1026 2236 1718 4763 4725 4764
955 9 2 1 1 355 356 1593 489 4765 4766
956 9 2 1 1 61 62 1594 195 4767 4768
957 9 2 1 1 1853 2729 3206 4769 4770 4771
958 9 2 1 1 1854 2730 3205 4772 4773 4774
959 9 2 1 1 1135 1590 2351 3996 3944 4775
960 9 2 1 1 1136 1589 2352 3994 3946 4776
961 9 2 1 1 302 303 1595 436 4777 4778
962 9 2 1 1 8 9 1596 142 4779 4780
963 9 2 1 1 390 1607 2885 4781 4782 4783
964 9 2 1 1 96 1608 2886 4784 4785 4786
965 9 2 1 1 948 1536 3045 4787 4788 4789
966 9 2 1 1 947 1535 3046 4790 4791 4792
967 9 2 1 1 368 2992 2895 4793 4310 4794
968 9 2 1 1 74 2991 2896 4795 4313 4796
969 9 2 1 1 1090 1558 1806 4394 4601 4797
970 9 2 1 1 1089 1557 1805 4392 4603 4798
971 9 2 1 1 962 1657 1949 4799 4800 3545
972 9 2 1 1 961 1658 1950 4801 4802 3548
973 9 2 1 1 2663 3252 1305 4803 4804 4805
974 9 2 1 1 2664 3251 1306 4806 4807 4808
975 9 2 1 1 1107 2811 1383 4809 4810 4811
976 9 2 1 1 1108 2812 1384 4812 4813 4814
977 9 2 1 1 1205 1469 2483 4815 4816 4817
978 9 2 1 1 1206 1470 2484 4818 4819 4820
979 9 2 1 1 1067 2079 1461 4821 4822 4557
980 9 2 1 1 1068 2080 1462 4823 4824 4560
981 9 2 1 1 788 1967 2219 4825 4826 4827
982 9 2 1 1 787 1968 2220 4828 4829 4830
983 9 2 1 1 1010 1516 1967 4831 4832 4403
984 9 2 1 1 1009 1515 1968 4833 4834 4406
985 9 2 1 1 1003 2943 1615 4053 4835 4836
986 9 2 1 1 1004 2944 1616 4056 4837 4838
987 9 2 1 1 763 1691 2699 4839 4840 4841
988 9 2 1 1 764 1692 2700 4842 4843 4844
989 9 2 1 1 1611 2527 2341 4845 4846 4712
990 9 2 1 1 1612 2528 2342 4847 4848 4715
991 9 2 1 1 2017 2400 3167 4849 4850 4851
992 9 2 1 1 2018 2399 3168 4852 4853 4854
993 9 2 1 1 1153 1990 1693 4855 3534 4856
994 9 2 1 1 1154 1989 1694 4857 3537 4858
995 9 2 1 1 838 2170 1429 4859 4860 4197
996 9 2 1 1 837 2169 1430 4861 4862 4200
997 9 2 1 1 1160 1627 2105 4863 3706 4864
998 9 2 1 1 1159 1628 2106 4865 3709 4866
999 9 2 1 1 828 2400 2017 4867 4849 3591
1000 9 2 1 1 827 2399 2018 4868 4852 3593
1001 9 2 1 1 975 1451 3137 4869 4870 4871
1002 9 2 1 1 976 1452 3138 4872 4873 4874
1003 9 2 1 1 977 3139 1453 4875 4876 4877
1004 9 2 1 1 978 3140 1454 4878 4879 4880
1005 9 2 1 1 1009 1755 2711 4408 4502 4881
1006 9 2 1 1 1010 1756 2712 4405 4505 4882
1007 9 2 1 1 2121 805 2360 4883 4884 4885
1008 9 2 1 1 2122 806 2359 4886 4887 4888
1009 9 2 1 1 1039 2300 1812 4581 4889 4890
1010 9 2 1 1 1040 2299 1811 4584 4891 4892
1011 9 2 1 1 845 1981 1559 4893 4894 4895
1012 9 2 1 1 846 1982 1560 4896 4897 4898
1013 9 2 1 1 1087 1559 1981 4090 4894 4899
1014 9 2 1 1 1088 1560 1982 4092 4897 4900
1015 9 2 1 1 1040 2317 1598 4901 4902 4903
1016 9 2 1 1 1039 2318 1597 4904 4905 4906
1017 9 2 1 1 1137 2199 1384 4907 4908 4909
1018 9 2 1 1 1138 2200 1383 4910 4911 4912
1019 9 2 1 1 2647 1469 1205 4913 4815 4914
1020 9 2 1 1 2648 1470 1206 4915 4818 4916
1021 9 2 1 1 837 1665 2169 4917 4918 4861
1022 9 2 1 1 838 1666 2170 4919 4920 4859
1023 9 2 1 1 1219 1767 2337 4921 4922 4923
1024 9 2 1 1 1220 1768 2338 4924 4925 4926
1025 9 2 1 1 3252 1779 1305 4927 4928 4804
1026 9 2 1 1 3251 1780 1306 4929 4930 4807
1027 9 2 1 1 1142 1645 1870 4931 4932 4933
1028 9 2 1 1 1141 1646 1869 4934 4935 4936
1029 9 2 1 1 1064 1750 2240 4937 4732 4938
1030 9 2 1 1 1063 1749 2239 4939 4735 4940
1031 9 2 1 1 877 1461 2079 4941 4822 4942
1032 9 2 1 1 878 1462 2080 4943 4824 4944
1033 9 2 1 1 975 2117 1451 4945 4946 4869
1034 9 2 1 1 976 2118 1452 4947 4948 4872
1035 9 2 1 1 977 1453 2119 4877 4949 4950
1036 9 2 1 1 978 1454 2120 4880 4951 4952
1037 9 2 1 1 882 1518 2750 4459 4953 4954
1038 9 2 1 1 881 1517 2749 4462 4955 4956
1039 9 2 1 1 1241 2899 1764 4957 4958 3611
1040 9 2 1 1 1242 2900 1763 4959 4960 3609
1041 9 2 1 1 877 2143 1461 4961 4962 4941
1042 9 2 1 1 878 2144 1462 4963 4964 4943
1043 9 2 1 1 775 1521 1975 4965 4966 4967
1044 9 2 1 1 776 1522 1976 4968 4969 4970
1045 9 2 1 1 1142 1870 2070 4933 4971 4972
1046 9 2 1 1 1141 1869 2069 4936 4973 4974
1047 9 2 1 1 1029 2923 1711 4975 4976 4977
1048 9 2 1 1 1030 2924 1712 4978 4979 4980
1049 9 2 1 1 1475 2707 1805 4981 4982 3969
1050 9 2 1 1 1476 2708 1806 4983 4984 3971
1051 9 2 1 1 608 1675 609 4985 4986 648
1052 9 2 1 1 687 1676 688 4987 4988 727
1053 9 2 1 1 1047 1643 2290 3888 4989 4990
1054 9 2 1 1 1048 1644 2289 3886 4991 4992
1055 9 2 1 1 856 1159 2106 4993 4866 4994
1056 9 2 1 1 855 1160 2105 4995 4864 4996
1057 9 2 1 1 941 1537 1763 4997 3459 4998
1058 9 2 1 1 942 1538 1764 4999 3462 5000
1059 9 2 1 1 1267 2625 1815 5001 3750 5002
1060 9 2 1 1 1268 2626 1816 5003 3753 5004
1061 9 2 1 1 358 359 2112 492 5005 3567
1062 9 2 1 1 64 65 2111 198 5006 3570
1063 9 2 1 1 861 2337 1767 5007 4922 5008
1064 9 2 1 1 862 2338 1768 5009 4925 5010
1065 9 2 1 1 756 1855 2772 4758 5011 5012
1066 9 2 1 1 755 1856 2771 4760 5013 5014
1067 9 2 1 1 969 1511 2971 5015 5016 5017
1068 9 2 1 1 970 1512 2972 5018 5019 5020
1069 9 2 1 1 959 2224 2793 5021 5022 5023
1070 9 2 1 1 960 2223 2794 5024 5025 5026
1071 9 2 1 1 1475 3367 2707 5027 5028 4981
1072 9 2 1 1 1476 3368 2708 5029 5030 4983
1073 9 2 1 1 815 2176 3059 5031 5032 5033
1074 9 2 1 1 816 2175 3060 5034 5035 5036
1075 9 2 1 1 1711 2923 2675 4976 5037 5038
1076 9 2 1 1 1712 2924 2676 4979 5039 5040
1077 9 2 1 1 817 2827 3065 4747 5041 5042
1078 9 2 1 1 818 2828 3066 4750 5043 5044
1079 9 2 1 1 1002 2377 2682 4124 5045 5046
1080 9 2 1 1 1001 2378 2681 4126 5047 5048
1081 9 2 1 1 1691 2471 2699 5049 5050 4840
1082 9 2 1 1 1692 2472 2700 5051 5052 4843
1083 9 2 1 1 376 1590 1984 3920 5053 5054
1084 9 2 1 1 82 1589 1983 3922 5055 5056
1085 9 2 1 1 1295 2261 2415 5057 4236 4605
1086 9 2 1 1 1296 2262 2416 5058 4239 4608
1087 9 2 1 1 1117 1609 1942 5059 5060 5061
1088 9 2 1 1 1118 1610 1941 5062 5063 5064
1089 9 2 1 1 1707 2173 3267 5065 5066 5067
1090 9 2 1 1 1708 2174 3268 5068 5069 5070
1091 9 2 1 1 1615 2415 3223 5071 5072 5073
1092 9 2 1 1 1616 2416 3224 5074 5075 5076
1093 9 2 1 1 1504 2794 2223 5077 5025 3699
1094 9 2 1 1 1503 2793 2224 5078 5022 3696
1095 9 2 1 1 1310 2121 2360 5079 4885 5080
1096 9 2 1 1 1309 2122 2359 5081 4888 5082
1097 9 2 1 1 1044 2053 2945 5083 5084 5085
1098 9 2 1 1 1043 2054 2946 5086 5087 5088
1099 9 2 1 1 793 3039 1555 5089 5090 3973
1100 9 2 1 1 794 3040 1556 5091 5092 3975
1101 9 2 1 1 33 1621 2715 4342 5093 5094
1102 9 2 1 1 327 1622 2716 4344 5095 5096
1103 9 2 1 1 113 2719 1623 5097 5098 4345
1104 9 2 1 1 407 2720 1624 5099 5100 4347
1105 9 2 1 1 106 2717 1625 5101 5102 4349
1106 9 2 1 1 400 2718 1626 5103 5104 4351
1107 9 2 1 1 1239 2378 1789 5105 5106 5107
1108 9 2 1 1 1240 2377 1790 5108 5109 5110
1109 9 2 1 1 1083 1527 2319 5111 5112 5113
1110 9 2 1 1 1084 1528 2320 5114 5115 5116
1111 9 2 1 1 1549 1947 2827 5117 5118 4746
1112 9 2 1 1 1550 1948 2828 5119 5120 4749
1113 9 2 1 1 979 1565 2099 5121 5122 4272
1114 9 2 1 1 980 1566 2100 5123 5124 4269
1115 9 2 1 1 859 1789 2378 5125 5106 5126
1116 9 2 1 1 860 1790 2377 5127 5109 5128
1117 9 2 1 1 778 1755 2825 5129 4254 5130
1118 9 2 1 1 777 1756 2826 5131 4257 5132
1119 9 2 1 1 2827 1947 1051 5118 5133 5134
1120 9 2 1 1 2828 1948 1052 5120 5135 5136
1121 9 2 1 1 1057 2037 2557 5137 5138 5139
1122 9 2 1 1 1058 2038 2558 5140 5141 5142
1123 9 2 1 1 389 390 2885 523 4783 5143
1124 9 2 1 1 95 96 2886 229 4786 5144
1125 9 2 1 1 899 3227 2023 5145 5146 5147
1126 9 2 1 1 900 3228 2024 5148 5149 5150
1127 9 2 1 1 1817 2955 2673 5151 5152 5153
1128 9 2 1 1 1818 2956 2674 5154 5155 5156
1129 9 2 1 1 1237 1817 2673 5157 5153 5158
1130 9 2 1 1 1238 1818 2674 5159 5156 5160
1131 9 2 1 1 1341 3206 2729 5161 4770 5162
1132 9 2 1 1 1342 3205 2730 5163 4773 5164
1133 9 2 1 1 1253 2271 2100 5165 4270 5166
1134 9 2 1 1 1254 2272 2099 5167 4273 5168
1135 9 2 1 1 1082 2489 1480 5169 5170 4241
1136 9 2 1 1 1081 2490 1479 5171 5172 4244
1137 9 2 1 1 3223 2415 821 5072 4235 5173
1138 9 2 1 1 3224 2416 822 5075 4238 5174
1139 9 2 1 1 1045 2891 2262 5175 5176 5177
1140 9 2 1 1 1046 2892 2261 5178 5179 5180
1141 9 2 1 1 771 1609 2181 5181 5182 5183
1142 9 2 1 1 772 1610 2182 5184 5185 5186
1143 9 2 1 1 1117 2181 1609 5187 5182 5059
1144 9 2 1 1 1118 2182 1610 5188 5185 5062
1145 9 2 1 1 1148 2170 1666 5189 4920 3840
1146 9 2 1 1 1147 2169 1665 5190 4918 3837
1147 9 2 1 1 857 2601 1573 5191 3644 5192
1148 9 2 1 1 858 2602 1574 5193 3647 5194
1149 9 2 1 1 1667 2931 2785 5195 5196 5197
1150 9 2 1 1 1668 2932 2786 5198 5199 5200
1151 9 2 1 1 40 41 1684 174 5201 5202
1152 9 2 1 1 334 335 1683 468 5203 5204
1153 9 2 1 1 1439 2557 2037 5205 5138 5206
1154 9 2 1 1 1440 2558 2038 5207 5141 5208
1155 9 2 1 1 820 2730 1854 5209 4772 5210
1156 9 2 1 1 819 2729 1853 5211 4769 5212
1157 9 2 1 1 1534 2945 2053 5213 5084 5214
1158 9 2 1 1 1533 2946 2054 5215 5087 5216
1159 9 2 1 1 1061 1529 2149 4229 5217 4167
1160 9 2 1 1 1062 1530 2150 4232 5218 4170
1161 9 2 1 1 997 1797 2651 5219 5220 5221
1162 9 2 1 1 998 1798 2652 5222 5223 5224
1163 9 2 1 1 1315 1611 2855 5225 5226 5227
1164 9 2 1 1 1316 1612 2856 5228 5229 5230
1165 9 2 1 1 919 2855 1611 5231 5226 4711
1166 9 2 1 1 920 2856 1612 5232 5229 4714
1167 9 2 1 1 899 2023 2509 5147 5233 5234
1168 9 2 1 1 900 2024 2510 5150 5235 5236
1169 9 2 1 1 799 2389 2745 3801 5237 5238
1170 9 2 1 1 800 2390 2746 3803 5239 5240
1171 9 2 1 1 1041 1902 1509 5241 4194 5242
1172 9 2 1 1 1042 1901 1510 5243 4196 5244
1173 9 2 1 1 1434 2772 1855 5245 5011 5246
1174 9 2 1 1 1433 2771 1856 5247 5013 5248
1175 9 2 1 1 1026 1973 1569 5249 5250 5251
1176 9 2 1 1 1025 1974 1570 5252 5253 5254
1177 9 2 1 1 984 1327 2937 4450 5255 5256
1178 9 2 1 1 983 1328 2938 4448 5257 5258
1179 9 2 1 1 1355 2743 2491 5259 5260 5261
1180 9 2 1 1 1356 2744 2492 5262 5263 5264
1181 9 2 1 1 1173 2131 2605 4085 5265 5266
1182 9 2 1 1 1174 2132 2606 4088 5267 5268
1183 9 2 1 1 2742 1523 791 5269 5270 5271
1184 9 2 1 1 2741 1524 792 5272 5273 5274
1185 9 2 1 1 1019 1631 2077 5275 5276 3470
1186 9 2 1 1 1020 1632 2078 5277 5278 3472
1187 9 2 1 1 1158 1902 1727 3654 5279 3485
1188 9 2 1 1 1157 1901 1728 3651 5280 3488
1189 9 2 1 1 121 122 2347 255 3599 5281
1190 9 2 1 1 415 416 2348 549 3601 5282
1191 9 2 1 1 953 3067 1497 5283 5284 3959
1192 9 2 1 1 954 3068 1498 5285 5286 3962
1193 9 2 1 1 392 1995 3208 5287 5288 5289
1194 9 2 1 1 98 1996 3207 5290 5291 5292
1195 9 2 1 1 753 1667 2785 5293 5197 5294
1196 9 2 1 1 754 1668 2786 5295 5200 5296
1197 9 2 1 1 897 1387 2635 5297 5298 5299
1198 9 2 1 1 898 1388 2636 5300 5301 5302
1199 9 2 1 1 997 2413 2067 5303 5304 5305
1200 9 2 1 1 998 2414 2068 5306 5307 5308
1201 9 2 1 1 961 1771 2705 5309 5310 5311
1202 9 2 1 1 962 1772 2706 5312 5313 5314
1203 9 2 1 1 1397 1631 3079 5315 5316 5317
1204 9 2 1 1 1398 1632 3080 5318 5319 5320
1205 9 2 1 1 765 3079 1631 5321 5316 5322
1206 9 2 1 1 766 3080 1632 5323 5319 5324
1207 9 2 1 1 1057 2049 1669 5325 5326 5327
1208 9 2 1 1 1058 2050 1670 5328 5329 5330
1209 9 2 1 1 43 2693 1733 5331 5332 5333
1210 9 2 1 1 337 2694 1734 5334 5335 5336
1211 9 2 1 1 997 2651 2471 5221 5337 5338
1212 9 2 1 1 998 2652 2472 5224 5339 5340
1213 9 2 1 1 987 1587 2849 5341 5342 5343
1214 9 2 1 1 988 1588 2850 5344 5345 5346
1215 9 2 1 1 1281 2849 1587 5347 5342 5348
1216 9 2 1 1 1282 2850 1588 5349 5345 5350
1217 9 2 1 1 1061 2691 1761 5351 5352 4227
1218 9 2 1 1 1062 2692 1762 5353 5354 4230
1219 9 2 1 1 1085 1517 2513 5355 4461 5356
1220 9 2 1 1 1086 1518 2514 5357 4458 5358
1221 9 2 1 1 1539 2262 2891 5359 5176 4319
1222 9 2 1 1 1540 2261 2892 5360 5179 4322
1223 9 2 1 1 839 1657 1861 4662 5361 5362
1224 9 2 1 1 840 1658 1862 4664 5363 5364
1225 9 2 1 1 1360 2705 1771 5365 5310 5366
1226 9 2 1 1 1359 2706 1772 5367 5313 5368
1227 9 2 1 1 1497 1713 3253 3492 5369 5370
1228 9 2 1 1 1498 1714 3254 3495 5371 5372
1229 9 2 1 1 763 3253 1713 5373 5369 5374
1230 9 2 1 1 764 3254 1714 5375 5371 5376
1231 9 2 1 1 1107 1383 2122 4811 5377 5378
1232 9 2 1 1 1108 1384 2121 4814 5379 5380
1233 9 2 1 1 1603 1881 3375 5381 5382 5383
1234 9 2 1 1 1604 1882 3376 5384 5385 5386
1235 9 2 1 1 1781 2843 3105 5387 5388 5389
1236 9 2 1 1 1782 2844 3106 5390 5391 5392
1237 9 2 1 1 575 576 1717 589 5393 5394
1238 9 2 1 1 281 282 1718 295 5395 5396
1239 9 2 1 1 1348 2248 1844 5397 4248 5398
1240 9 2 1 1 1347 2247 1843 5399 4250 5400
1241 9 2 1 1 1307 1777 1775 5401 5402 5403
1242 9 2 1 1 1308 1778 1776 5404 5405 5406
1243 9 2 1 1 849 1775 1777 5407 5402 5408
1244 9 2 1 1 850 1776 1778 5409 5405 5410
1245 9 2 1 1 1070 1542 3012 5411 5412 5413
1246 9 2 1 1 1069 1541 3011 5414 5415 5416
1247 9 2 1 1 1226 1807 2455 5417 5418 5419
1248 9 2 1 1 1225 1808 2456 5420 5421 5422
1249 9 2 1 1 858 1574 1793 5194 4691 5423
1250 9 2 1 1 857 1573 1794 5192 4694 5424
1251 9 2 1 1 856 2224 1159 3697 5425 4993
1252 9 2 1 1 855 2223 1160 3700 5426 4995
1253 9 2 1 1 1613 1883 3319 5427 5428 5429
1254 9 2 1 1 1614 1884 3320 5430 5431 5432
1255 9 2 1 1 1040 1598 3335 4903 4048 5433
1256 9 2 1 1 1039 1597 3336 4906 4050 5434
1257 9 2 1 1 2679 3225 1303 5435 5436 5437
1258 9 2 1 1 2680 3226 1304 5438 5439 5440
1259 9 2 1 1 1061 1801 2691 5441 5442 5351
1260 9 2 1 1 1062 1802 2692 5443 5444 5353
1261 9 2 1 1 1028 1964 1702 5445 5446 4367
1262 9 2 1 1 1027 1963 1701 5447 5448 4370
1263 9 2 1 1 849 3319 1883 5449 5428 5450
1264 9 2 1 1 850 3320 1884 5451 5431 5452
1265 9 2 1 1 3225 1797 1303 5453 5454 5436
1266 9 2 1 1 3226 1798 1304 5455 5456 5439
1267 9 2 1 1 1080 2242 2046 5457 5458 3783
1268 9 2 1 1 1079 2241 2045 5459 5460 3786
1269 9 2 1 1 1949 2696 3277 5461 5462 5463
1270 9 2 1 1 1950 2695 3278 5464 5465 5466
1271 9 2 1 1 1138 1383 2951 4912 5467 5468
1272 9 2 1 1 1137 1384 2952 4909 5469 5470
1273 9 2 1 1 1105 1482 2063 5471 5472 5473
1274 9 2 1 1 1106 1481 2064 5474 5475 5476
1275 9 2 1 1 773 2039 1552 4118 5477 5478
1276 9 2 1 1 774 2040 1551 4115 5479 5480
1277 9 2 1 1 3267 2173 1369 5066 3676 5481
1278 9 2 1 1 3268 2174 1370 5069 3679 5482
1279 9 2 1 1 370 2244 2992 5483 5484 5485
1280 9 2 1 1 76 2243 2991 5486 5487 5488
1281 9 2 1 1 803 2387 2805 3805 5489 5490
1282 9 2 1 1 804 2388 2806 3807 5491 5492
1283 9 2 1 1 851 3375 1881 5493 5382 5494
1284 9 2 1 1 852 3376 1882 5495 5385 5496
1285 9 2 1 1 365 366 1383 499 5497 5498
1286 9 2 1 1 71 72 1384 205 5499 5500
1287 9 2 1 1 1077 1548 3132 5501 5502 5503
1288 9 2 1 1 1078 1547 3131 5504 5505 5506
1289 9 2 1 1 1327 2217 2937 5507 5508 5255
1290 9 2 1 1 1328 2218 2938 5509 5510 5257
1291 9 2 1 1 1074 1870 1645 5511 4932 5512
1292 9 2 1 1 1073 1869 1646 5513 4935 5514
1293 9 2 1 1 969 2577 1511 5515 5516 5015
1294 9 2 1 1 970 2578 1512 5517 5518 5018
1295 9 2 1 1 991 1497 2159 3493 5519 5520
1296 9 2 1 1 992 1498 2160 3496 5521 5522
1297 9 2 1 1 1221 1552 2039 5523 5477 4145
1298 9 2 1 1 1222 1551 2040 5524 5479 4147
1299 9 2 1 1 1223 1913 1680 5525 5526 5527
1300 9 2 1 1 1224 1914 1679 5528 5529 5530
1301 9 2 1 1 775 2587 1521 5531 5532 4965
1302 9 2 1 1 776 2588 1522 5533 5534 4968
1303 9 2 1 1 344 2291 2589 5535 5536 5537
1304 9 2 1 1 50 2292 2590 5538 5539 5540
1305 9 2 1 1 861 2011 1531 3979 5541 5542
1306 9 2 1 1 862 2012 1532 3982 5543 5544
1307 9 2 1 1 1055 1929 2415 4666 4606 5545
1308 9 2 1 1 1056 1930 2416 4668 4609 5546
1309 9 2 1 1 1865 2675 2988 5547 5548 5549
1310 9 2 1 1 1866 2676 2987 5550 5551 5552
1311 9 2 1 1 1001 1649 3372 3511 5553 5554
1312 9 2 1 1 1002 1650 3371 3514 5555 5556
1313 9 2 1 1 1041 1727 1902 5557 5279 5241
1314 9 2 1 1 1042 1728 1901 5558 5280 5243
1315 9 2 1 1 1059 2530 1687 5559 5560 5561
1316 9 2 1 1 1060 2529 1688 5562 5563 5564
1317 9 2 1 1 1082 1514 2489 3821 5565 5169
1318 9 2 1 1 1081 1513 2490 3824 5566 5171
1319 9 2 1 1 916 1656 2927 5567 5568 5569
1320 9 2 1 1 915 1655 2928 5570 5571 5572
1321 9 2 1 1 118 2139 2637 5573 5574 5575
1322 9 2 1 1 412 2140 2638 5576 5577 5578
1323 9 2 1 1 89 90 2423 223 4366 5579
1324 9 2 1 1 383 384 2424 517 4365 5580
1325 9 2 1 1 12 13 2353 146 5581 3711
1326 9 2 1 1 306 307 2354 440 5582 3714
1327 9 2 1 1 596 1701 597 5583 5584 636
1328 9 2 1 1 675 1702 676 5585 5586 715
1329 9 2 1 1 863 1491 2096 3940 5587 5588
1330 9 2 1 1 864 1492 2095 3942 5589 5590
1331 9 2 1 1 1069 1638 3312 5591 5592 5593
1332 9 2 1 1 1070 1637 3311 5594 5595 5596
1333 9 2 1 1 1057 1729 2049 5597 5598 5325
1334 9 2 1 1 1058 1730 2050 5599 5600 5328
1335 9 2 1 1 1523 2163 791 5601 5602 5270
1336 9 2 1 1 1524 2164 792 5603 5604 5273
1337 9 2 1 1 830 3095 1551 5605 5606 5607
1338 9 2 1 1 829 3096 1552 5608 5609 5610
1339 9 2 1 1 346 347 1686 480 5611 5612
1340 9 2 1 1 52 53 1685 186 5613 5614
1341 9 2 1 1 89 2423 2201 5579 5615 5616
1342 9 2 1 1 383 2424 2202 5580 5617 5618
1343 9 2 1 1 1074 2112 1478 5619 5620 3933
1344 9 2 1 1 1073 2111 1477 5621 5622 3936
1345 9 2 1 1 834 2070 1870 3884 4971 5623
1346 9 2 1 1 833 2069 1869 3882 4973 5624
1347 9 2 1 1 1017 2367 1839 3791 5625 5626
1348 9 2 1 1 1018 2368 1840 3794 5627 5628
1349 9 2 1 1 1245 1840 2368 5629 5627 5630
1350 9 2 1 1 1246 1839 2367 5631 5625 5632
1351 9 2 1 1 598 1699 599 5633 5634 638
1352 9 2 1 1 677 1700 678 5635 5636 717
1353 9 2 1 1 1386 3117 2554 5637 5638 5639
1354 9 2 1 1 1385 3118 2553 5640 5641 5642
1355 9 2 1 1 1263 2829 1669 5643 4627 5644
1356 9 2 1 1 1264 2830 1670 5645 4629 5646
1357 9 2 1 1 1367 1781 3105 5647 5389 5648
1358 9 2 1 1 1368 1782 3106 5649 5392 5650
1359 9 2 1 1 987 1529 2781 3733 5651 5652
1360 9 2 1 1 988 1530 2782 3736 5653 5654
1361 9 2 1 1 893 2268 2055 5655 5656 5657
1362 9 2 1 1 894 2267 2056 5658 5659 5660
1363 9 2 1 1 1362 2055 2268 5661 5656 5662
1364 9 2 1 1 1361 2056 2267 5663 5659 5664
1365 9 2 1 1 1103 2217 1851 3858 5665 5666
1366 9 2 1 1 1104 2218 1852 3860 5667 5668
1367 9 2 1 1 773 2653 1538 5669 3460 4116
1368 9 2 1 1 774 2654 1537 5670 3457 4113
1369 9 2 1 1 1008 1499 2175 3481 5671 5672
1370 9 2 1 1 1007 1500 2176 3484 5673 5674
1371 9 2 1 1 1643 3191 2399 3887 5675 5676
1372 9 2 1 1 1644 3192 2400 3885 5677 5678
1373 9 2 1 1 1253 2345 2775 5679 5680 5681
1374 9 2 1 1 1254 2346 2776 5682 5683 5684
1375 9 2 1 1 1069 3312 1651 5593 5685 5686
1376 9 2 1 1 1070 3311 1652 5596 5687 5688
1377 9 2 1 1 801 1785 2639 5689 5690 5691
1378 9 2 1 1 802 1786 2640 5692 5693 5694
1379 9 2 1 1 1173 2411 1725 5695 4540 5696
1380 9 2 1 1 1174 2412 1726 5697 4543 5698
1381 9 2 1 1 1035 1700 1977 4487 5699 5700
1382 9 2 1 1 1036 1699 1978 4490 5701 5702
1383 9 2 1 1 1325 3297 1668 5703 5704 5705
1384 9 2 1 1 1326 3298 1667 5706 5707 5708
1385 9 2 1 1 859 1533 2054 5709 5216 3947
1386 9 2 1 1 860 1534 2053 5710 5214 3950
1387 9 2 1 1 353 1788 2822 5711 5712 5713
1388 9 2 1 1 59 1787 2821 5714 5715 5716
1389 9 2 1 1 817 2873 1549 5717 5718 4745
1390 9 2 1 1 818 2874 1550 5719 5720 4748
1391 9 2 1 1 1340 2927 1656 5721 5568 5722
1392 9 2 1 1 1339 2928 1655 5723 5571 5724
1393 9 2 1 1 621 1737 622 5725 5726 661
1394 9 2 1 1 700 1738 701 5727 5728 740
1395 9 2 1 1 810 2107 2592 5729 5730 5731
1396 9 2 1 1 809 2108 2591 5732 5733 5734
1397 9 2 1 1 1315 2639 1785 5735 5690 5736
1398 9 2 1 1 1316 2640 1786 5737 5693 5738
1399 9 2 1 1 867 2532 2236 5739 5740 4551
1400 9 2 1 1 868 2531 2235 5741 5742 4554
1401 9 2 1 1 1191 1756 1967 4258 4404 5743
1402 9 2 1 1 1192 1755 1968 4255 4407 5744
1403 9 2 1 1 1074 1645 2112 5512 3568 5619
1404 9 2 1 1 1073 1646 2111 5514 3571 5621
1405 9 2 1 1 785 1293 2156 3853 5745 4335
1406 9 2 1 1 786 1294 2155 3856 5746 4333
1407 9 2 1 1 1082 2581 1911 4243 5747 5748
1408 9 2 1 1 1081 2582 1912 4246 5749 5750
1409 9 2 1 1 1535 1996 3046 5751 5752 4791
1410 9 2 1 1 1536 1995 3045 5753 5754 4788
1411 9 2 1 1 1031 1943 3299 3756 4625 5755
1412 9 2 1 1 1032 1944 3300 3758 4622 5756
1413 9 2 1 1 1040 3335 1689 5433 5757 4582
1414 9 2 1 1 1039 3336 1690 5434 5758 4579
1415 9 2 1 1 913 2955 1653 5759 5760 5761
1416 9 2 1 1 914 2956 1654 5762 5763 5764
1417 9 2 1 1 1085 2127 1517 5765 5766 5355
1418 9 2 1 1 1086 2128 1518 5767 5768 5357
1419 9 2 1 1 981 2455 1807 5769 5418 5770
1420 9 2 1 1 982 2456 1808 5771 5421 5772
1421 9 2 1 1 630 1525 1905 3454 5773 5774
1422 9 2 1 1 709 1526 1906 3456 5775 5776
1423 9 2 1 1 43 44 2693 177 5777 5331
1424 9 2 1 1 337 338 2694 471 5778 5334
1425 9 2 1 1 1083 2577 1527 5779 5780 5111
1426 9 2 1 1 1084 2578 1528 5781 5782 5114
1427 9 2 1 1 777 2480 1756 5783 5784 5131
1428 9 2 1 1 778 2479 1755 5785 5786 5129
1429 9 2 1 1 1463 2356 959 5787 5788 5789
1430 9 2 1 1 1464 2355 960 5790 5791 5792
1431 9 2 1 1 120 2567 1635 5793 5794 4429
1432 9 2 1 1 414 2568 1636 5795 5796 4431
1433 9 2 1 1 1536 3208 1995 5797 5288 5753
1434 9 2 1 1 1535 3207 1996 5798 5291 5751
1435 9 2 1 1 782 1618 2094 5799 5800 5801
1436 9 2 1 1 781 1617 2093 5802 5803 5804
1437 9 2 1 1 137 138 1817 271 5805 5806
1438 9 2 1 1 431 432 1818 565 5807 5808
1439 9 2 1 1 1355 2491 2326 5261 5809 5810
1440 9 2 1 1 1356 2492 2325 5264 5811 5812
1441 9 2 1 1 913 1653 2787 5761 5813 5814
1442 9 2 1 1 914 1654 2788 5764 5815 5816
1443 9 2 1 1 916 2790 1656 5817 5818 5567
1444 9 2 1 1 915 2789 1655 5819 5820 5570
1445 9 2 1 1 1253 2775 1671 5681 5821 5822
1446 9 2 1 1 1254 2776 1672 5684 5823 5824
1447 9 2 1 1 1419 1949 3277 3546 5463 5825
1448 9 2 1 1 1420 1950 3278 3549 5466 5826
1449 9 2 1 1 968 1754 2061 4027 5827 5828
1450 9 2 1 1 967 1753 2062 4030 5829 5830
1451 9 2 1 1 629 1903 1525 5831 5832 3453
1452 9 2 1 1 708 1904 1526 5833 5834 3455
1453 9 2 1 1 823 2207 3381 5835 5836 5837
1454 9 2 1 1 824 2208 3382 5838 5839 5840
1455 9 2 1 1 1344 2994 2711 5841 5842 4501
1456 9 2 1 1 1343 2993 2712 5843 5844 4504
1457 9 2 1 1 1059 1918 2600 5845 5846 4153
1458 9 2 1 1 1060 1917 2599 5847 5848 4156
1459 9 2 1 1 1110 2061 1754 5849 5827 5850
1460 9 2 1 1 1109 2062 1753 5851 5829 5852
1461 9 2 1 1 1456 1867 2618 4291 5853 4094
1462 9 2 1 1 1455 1868 2617 4288 5854 4097
1463 9 2 1 1 3191 1067 2399 5855 4559 5675
1464 9 2 1 1 3192 1068 2400 5856 4562 5677
1465 9 2 1 1 619 1739 620 5857 5858 659
1466 9 2 1 1 698 1740 699 5859 5860 738
1467 9 2 1 1 828 1979 2289 3563 5861 5862
1468 9 2 1 1 827 1980 2290 3566 5863 5864
1469 9 2 1 1 1267 2787 1653 5865 5813 5866
1470 9 2 1 1 1268 2788 1654 5867 5815 5868
1471 9 2 1 1 1270 1656 2790 5869 5818 5870
1472 9 2 1 1 1269 1655 2789 5871 5820 5872
1473 9 2 1 1 137 1817 2683 5806 5873 5874
1474 9 2 1 1 431 1818 2684 5808 5875 5876
1475 9 2 1 1 3011 966 2469 5877 5878 5879
1476 9 2 1 1 3012 965 2470 5880 5881 5882
1477 9 2 1 1 839 1861 1958 5362 5883 5884
1478 9 2 1 1 840 1862 1957 5364 5885 5886
1479 9 2 1 1 1114 1958 1861 5887 5883 5888
1480 9 2 1 1 1113 1957 1862 5889 5885 5890
1481 9 2 1 1 365 1383 2811 5498 4810 5891
1482 9 2 1 1 71 1384 2812 5500 4813 5892
1483 9 2 1 1 1070 3013 1542 5893 5894 5411
1484 9 2 1 1 1069 3014 1541 5895 5896 5414
1485 9 2 1 1 134 2185 2409 5897 5898 5899
1486 9 2 1 1 428 2186 2410 5900 5901 5902
1487 9 2 1 1 771 2181 1519 5183 5903 5904
1488 9 2 1 1 772 2182 1520 5186 5905 5906
1489 9 2 1 1 1069 3011 1638 5416 5907 5591
1490 9 2 1 1 1070 3012 1637 5413 5908 5594
1491 9 2 1 1 1028 2608 1889 5909 5910 5911
1492 9 2 1 1 1027 2607 1890 5912 5913 5914
1493 9 2 1 1 1053 3009 2012 5915 5916 5917
1494 9 2 1 1 1054 3010 2011 5918 5919 5920
1495 9 2 1 1 1337 1653 2955 5921 5760 5922
1496 9 2 1 1 1338 1654 2956 5923 5763 5924
1497 9 2 1 1 1511 2405 2197 5925 5926 5927
1498 9 2 1 1 1512 2406 2198 5928 5929 5930
1499 9 2 1 1 811 2197 2405 5931 5926 5932
1500 9 2 1 1 812 2198 2406 5933 5929 5934
1501 9 2 1 1 28 2193 2195 5935 5936 5937
1502 9 2 1 1 322 2194 2196 5938 5939 5940
1503 9 2 1 1 1106 2141 1813 5941 5942 5943
1504 9 2 1 1 1105 2142 1814 5944 5945 5946
1505 9 2 1 1 781 2257 1617 5947 5948 5802
1506 9 2 1 1 782 2258 1618 5949 5950 5799
1507 9 2 1 1 1979 2964 2289 5951 5952 5861
1508 9 2 1 1 1980 2963 2290 5953 5954 5863
1509 9 2 1 1 1244 2988 2675 5955 5548 5956
1510 9 2 1 1 1243 2987 2676 5957 5551 5958
1511 9 2 1 1 1155 2062 2060 5959 5960 5961
1512 9 2 1 1 1156 2061 2059 5962 5963 5964
1513 9 2 1 1 1617 2257 3221 5948 5965 5966
1514 9 2 1 1 1618 2258 3222 5950 5967 5968
1515 9 2 1 1 1065 1609 2661 5969 5970 4221
1516 9 2 1 1 1066 1610 2662 5971 5972 4224
1517 9 2 1 1 1136 2352 1572 4776 5973 5974
1518 9 2 1 1 1135 2351 1571 4775 5975 5976
1519 9 2 1 1 897 2765 1387 5977 5978 5297
1520 9 2 1 1 898 2766 1388 5979 5980 5300
1521 9 2 1 1 1231 2715 1621 5981 5093 5982
1522 9 2 1 1 1232 2716 1622 5983 5095 5984
1523 9 2 1 1 1233 1623 2719 3990 5098 5985
1524 9 2 1 1 1234 1624 2720 3992 5100 5986
1525 9 2 1 1 1235 1625 2717 4190 5102 5987
1526 9 2 1 1 1236 1626 2718 4192 5104 5988
1527 9 2 1 1 1467 2409 2649 5989 5990 5991
1528 9 2 1 1 1468 2410 2650 5992 5993 5994
1529 9 2 1 1 1434 1855 1885 5246 5995 5996
1530 9 2 1 1 1433 1856 1886 5248 5997 5998
1531 9 2 1 1 1279 1998 2260 5999 6000 6001
1532 9 2 1 1 1280 1997 2259 6002 6003 6004
1533 9 2 1 1 1568 2553 3118 6005 5641 6006
1534 9 2 1 1 1567 2554 3117 6007 5638 6008
1535 9 2 1 1 20 2037 1669 6009 6010 4373
1536 9 2 1 1 314 2038 1670 6011 6012 4375
1537 9 2 1 1 16 2319 1527 6013 5112 6014
1538 9 2 1 1 310 2320 1528 6015 5115 6016
1539 9 2 1 1 352 353 2822 486 5713 6017
1540 9 2 1 1 58 59 2821 192 5716 6018
1541 9 2 1 1 1017 1743 2104 6019 6020 3789
1542 9 2 1 1 1018 1744 2103 6021 6022 3792
1543 9 2 1 1 869 2149 1529 6023 5217 6024
1544 9 2 1 1 870 2150 1530 6025 5218 6026
1545 9 2 1 1 1500 3059 2176 6027 5032 5673
1546 9 2 1 1 1499 3060 2175 6028 5035 5671
1547 9 2 1 1 1064 1740 1994 6029 6030 6031
1548 9 2 1 1 1063 1739 1993 6032 6033 6034
1549 9 2 1 1 1449 1833 3173 6035 6036 6037
1550 9 2 1 1 1450 1834 3174 6038 6039 6040
1551 9 2 1 1 866 2318 1821 6041 6042 6043
1552 9 2 1 1 865 2317 1822 6044 6045 6046
1553 9 2 1 1 1212 1821 2318 6047 6042 6048
1554 9 2 1 1 1211 1822 2317 6049 6045 6050
1555 9 2 1 1 830 1551 2448 5607 6051 6052
1556 9 2 1 1 829 1552 2447 5610 6053 6054
1557 9 2 1 1 1104 2042 1876 6055 6056 6057
1558 9 2 1 1 1103 2041 1875 6058 6059 6060
1559 9 2 1 1 1100 1537 2616 4251 6061 6062
1560 9 2 1 1 1099 1538 2615 4252 6063 6064
1561 9 2 1 1 771 1519 2283 5904 6065 6066
1562 9 2 1 1 772 1520 2284 5906 6067 6068
1563 9 2 1 1 1867 3171 2846 6069 6070 6071
1564 9 2 1 1 1868 3172 2845 6072 6073 6074
1565 9 2 1 1 1075 2093 1617 4614 5803 6075
1566 9 2 1 1 1076 2094 1618 4616 5800 6076
1567 9 2 1 1 84 1572 2352 4708 5973 6077
1568 9 2 1 1 378 1571 2351 4710 5975 6078
1569 9 2 1 1 801 2995 2385 6079 6080 3810
1570 9 2 1 1 802 2996 2386 6081 6082 3812
1571 9 2 1 1 843 1839 1837 6083 6084 6085
1572 9 2 1 1 844 1840 1838 6086 6087 6088
1573 9 2 1 1 1245 1838 1840 6089 6087 5629
1574 9 2 1 1 1246 1837 1839 6090 6084 5631
1575 9 2 1 1 1247 1841 1835 6091 6092 6093
1576 9 2 1 1 1248 1842 1836 6094 6095 6096
1577 9 2 1 1 851 1835 1841 6097 6092 6098
1578 9 2 1 1 852 1836 1842 6099 6095 6100
1579 9 2 1 1 1003 1615 3343 4836 6101 6102
1580 9 2 1 1 1004 1616 3344 4838 6103 6104
1581 9 2 1 1 869 1825 2013 6105 6106 6107
1582 9 2 1 1 870 1826 2014 6108 6109 6110
1583 9 2 1 1 1028 1965 2608 6111 6112 5909
1584 9 2 1 1 1027 1966 2607 6113 6114 5912
1585 9 2 1 1 887 2259 1997 6115 6003 6116
1586 9 2 1 1 888 2260 1998 6117 6000 6118
1587 9 2 1 1 1361 2867 2056 6119 4141 5663
1588 9 2 1 1 1362 2868 2055 6120 4143 5661
1589 9 2 1 1 781 2093 1682 5804 6121 6122
1590 9 2 1 1 782 2094 1681 5801 6123 6124
1591 9 2 1 1 1237 2755 1829 6125 6126 6127
1592 9 2 1 1 1238 2756 1830 6128 6129 6130
1593 9 2 1 1 1121 1682 2093 6131 6121 4353
1594 9 2 1 1 1122 1681 2094 6132 6123 4356
1595 9 2 1 1 16 1527 2841 6014 6133 6134
1596 9 2 1 1 310 1528 2842 6016 6135 6136
1597 9 2 1 1 1638 3011 2469 5907 5879 6137
1598 9 2 1 1 1637 3012 2470 5908 5882 6138
1599 9 2 1 1 2580 73 2896 6139 6140 6141
1600 9 2 1 1 2579 367 2895 6142 6143 6144
1601 9 2 1 1 1094 1535 2440 4422 6145 6146
1602 9 2 1 1 1093 1536 2439 4419 6147 6148
1603 9 2 1 1 1434 1885 2900 5996 6149 6150
1604 9 2 1 1 1433 1886 2899 5998 6151 6152
1605 9 2 1 1 368 369 2992 502 6153 4793
1606 9 2 1 1 74 75 2991 208 6154 4795
1607 9 2 1 1 3058 1547 872 6155 6156 6157
1608 9 2 1 1 3057 1548 871 6158 6159 6160
1609 9 2 1 1 871 1548 2759 6159 6161 6162
1610 9 2 1 1 872 1547 2760 6156 6163 6164
1611 9 2 1 1 22 23 1859 156 6165 6166
1612 9 2 1 1 316 317 1860 450 6167 6168
1613 9 2 1 1 1387 2942 2635 6169 6170 5298
1614 9 2 1 1 1388 2941 2636 6171 6172 5301
1615 9 2 1 1 1139 2499 1543 6173 6174 6175
1616 9 2 1 1 1140 2500 1544 6176 6177 6178
1617 9 2 1 1 1077 3132 1673 5503 6179 4180
1618 9 2 1 1 1078 3131 1674 5506 6180 4177
1619 9 2 1 1 1209 2585 1685 6181 6182 4019
1620 9 2 1 1 1210 2586 1686 6183 6184 4022
1621 9 2 1 1 831 1647 2959 6185 6186 6187
1622 9 2 1 1 832 1648 2960 6188 6189 6190
1623 9 2 1 1 869 1529 2321 6024 3732 6191
1624 9 2 1 1 870 1530 2322 6026 3735 6192
1625 9 2 1 1 1531 2011 3010 5541 5919 6193
1626 9 2 1 1 1532 2012 3009 5543 5916 6194
1627 9 2 1 1 983 2686 1508 6195 6196 3542
1628 9 2 1 1 984 2685 1507 6197 6198 3539
1629 9 2 1 1 788 2219 1310 4827 6199 4297
1630 9 2 1 1 787 2220 1309 4830 6200 4300
1631 9 2 1 1 1403 2589 2291 6201 5536 6202
1632 9 2 1 1 1404 2590 2292 6203 5539 6204
1633 9 2 1 1 1033 2357 1885 3958 4585 6205
1634 9 2 1 1 1034 2358 1886 3955 4588 6206
1635 9 2 1 1 1668 3297 2055 5704 6207 4001
1636 9 2 1 1 1667 3298 2056 5707 6208 3998
1637 9 2 1 1 951 2967 2557 6209 6210 6211
1638 9 2 1 1 952 2968 2558 6212 6213 6214
1639 9 2 1 1 861 1531 2337 5542 3892 5007
1640 9 2 1 1 862 1532 2338 5544 3890 5009
1641 9 2 1 1 948 2439 1536 6215 6147 4787
1642 9 2 1 1 947 2440 1535 6216 6145 4790
1643 9 2 1 1 1047 2290 3171 4990 6217 6218
1644 9 2 1 1 1048 2289 3172 4992 6219 6220
1645 9 2 1 1 1501 2728 2445 6221 6222 6223
1646 9 2 1 1 1502 2727 2446 6224 6225 6226
1647 9 2 1 1 1102 2130 1574 6227 6228 3646
1648 9 2 1 1 1101 2129 1573 6229 6230 3643
1649 9 2 1 1 763 1713 1907 5374 6231 6232
1650 9 2 1 1 764 1714 1908 5376 6233 6234
1651 9 2 1 1 1028 1939 1449 4369 6235 6236
1652 9 2 1 1 1027 1940 1450 4372 6237 6238
1653 9 2 1 1 760 2137 1697 3870 6239 6240
1654 9 2 1 1 759 2138 1698 3868 6241 6242
1655 9 2 1 1 1522 2635 2942 6243 6170 6244
1656 9 2 1 1 1521 2636 2941 6245 6172 6246
1657 9 2 1 1 860 2377 1534 5128 4123 5710
1658 9 2 1 1 859 2378 1533 5126 4125 5709
1659 9 2 1 1 971 3117 1888 6247 6248 6249
1660 9 2 1 1 972 3118 1887 6250 6251 6252
1661 9 2 1 1 1259 2649 2409 6253 5990 6254
1662 9 2 1 1 1260 2650 2410 6255 5993 6256
1663 9 2 1 1 354 2757 2297 6257 6258 6259
1664 9 2 1 1 60 2758 2298 6260 6261 6262
1665 9 2 1 1 22 1859 3211 6166 6263 6264
1666 9 2 1 1 316 1860 3212 6168 6265 6266
1667 9 2 1 1 1328 1852 2218 6267 5667 5509
1668 9 2 1 1 1327 1851 2217 6268 5665 5507
1669 9 2 1 1 1649 3025 2264 6269 6270 6271
1670 9 2 1 1 1650 3026 2263 6272 6273 6274
1671 9 2 1 1 129 130 1857 263 6275 6276
1672 9 2 1 1 423 424 1858 557 6277 6278
1673 9 2 1 1 1279 2067 2413 4598 5304 6279
1674 9 2 1 1 1280 2068 2414 4600 5307 6280
1675 9 2 1 1 1285 3025 2391 6281 6282 4452
1676 9 2 1 1 1286 3026 2392 6283 6284 4454
1677 9 2 1 1 1091 1555 3039 4479 5090 6285
1678 9 2 1 1 1092 1556 3040 4480 5092 6286
1679 9 2 1 1 605 1933 1619 6287 6288 3619
1680 9 2 1 1 684 1934 1620 6289 6290 3617
1681 9 2 1 1 1110 1950 1658 6291 4802 4576
1682 9 2 1 1 1109 1949 1657 6292 4800 4573
1683 9 2 1 1 1009 1987 1515 6293 6294 4833
1684 9 2 1 1 1010 1988 1516 6295 6296 4831
1685 9 2 1 1 837 1705 1910 6297 6298 6299
1686 9 2 1 1 838 1706 1909 6300 6301 6302
1687 9 2 1 1 1040 2769 2317 6303 6304 4901
1688 9 2 1 1 1039 2770 2318 6305 6306 4904
1689 9 2 1 1 1057 1669 2037 5327 6010 5137
1690 9 2 1 1 1058 1670 2038 5330 6012 5140
1691 9 2 1 1 1546 3022 2370 6307 6308 6309
1692 9 2 1 1 1545 3021 2369 6310 6311 6312
1693 9 2 1 1 769 1689 2305 6313 6314 6315
1694 9 2 1 1 770 1690 2306 6316 6317 6318
1695 9 2 1 1 791 1916 1803 6319 4468 6320
1696 9 2 1 1 792 1915 1804 6321 4471 6322
1697 9 2 1 1 1295 1929 2879 4607 6323 6324
1698 9 2 1 1 1296 1930 2880 4610 6325 6326
1699 9 2 1 1 2754 1184 2617 6327 4098 6328
1700 9 2 1 1 2753 1183 2618 6329 4095 6330
1701 9 2 1 1 833 1741 2033 6331 6332 6333
1702 9 2 1 1 834 1742 2034 6334 6335 6336
1703 9 2 1 1 1172 2570 2357 6337 4586 6338
1704 9 2 1 1 1171 2569 2358 6339 4589 6340
1705 9 2 1 1 342 1970 3169 6341 6342 6343
1706 9 2 1 1 48 1969 3170 6344 6345 6346
1707 9 2 1 1 302 1595 2859 4778 6347 6348
1708 9 2 1 1 8 1596 2860 4780 6349 6350
1709 9 2 1 1 1115 1569 2428 6351 6352 6353
1710 9 2 1 1 1116 1570 2427 6354 6355 6356
1711 9 2 1 1 995 1779 2645 6357 6358 6359
1712 9 2 1 1 996 1780 2646 6360 6361 6362
1713 9 2 1 1 1078 2833 1547 6363 6364 5504
1714 9 2 1 1 1077 2834 1548 6365 6366 5501
1715 9 2 1 1 2613 1399 909 6367 4753 6368
1716 9 2 1 1 2614 1400 910 6369 4756 6370
1717 9 2 1 1 356 2238 1593 6371 6372 4765
1718 9 2 1 1 62 2237 1594 6373 6374 4767
1719 9 2 1 1 895 1764 2899 6375 4958 6376
1720 9 2 1 1 896 1763 2900 6377 4960 6378
1721 9 2 1 1 971 1888 2931 6249 6379 6380
1722 9 2 1 1 972 1887 2932 6252 6381 6382
1723 9 2 1 1 390 2097 1607 6383 6384 4781
1724 9 2 1 1 96 2098 1608 6385 6386 4784
1725 9 2 1 1 1102 1737 2130 6387 6388 6227
1726 9 2 1 1 1101 1738 2129 6389 6390 6229
1727 9 2 1 1 1659 2485 1754 6391 6392 4026
1728 9 2 1 1 1660 2486 1753 6393 6394 4029
1729 9 2 1 1 835 2295 2250 6395 6396 6397
1730 9 2 1 1 836 2296 2249 6398 6399 6400
1731 9 2 1 1 845 1935 1981 4388 6401 4893
1732 9 2 1 1 846 1936 1982 4390 6402 4896
1733 9 2 1 1 1139 1982 1936 6403 6402 6404
1734 9 2 1 1 1140 1981 1935 6405 6401 6406
1735 9 2 1 1 125 126 1769 259 6407 6408
1736 9 2 1 1 419 420 1770 553 6409 6410
1737 9 2 1 1 1036 1874 2761 6411 6412 6413
1738 9 2 1 1 1035 1873 2762 6414 6415 6416
1739 9 2 1 1 3025 1285 2264 6281 6417 6270
1740 9 2 1 1 3026 1286 2263 6283 6418 6273
1741 9 2 1 1 1351 2513 2596 6419 4744 6420
1742 9 2 1 1 1352 2514 2595 6421 4742 6422
1743 9 2 1 1 1363 1857 2975 6423 6424 6425
1744 9 2 1 1 1364 1858 2976 6426 6427 6428
1745 9 2 1 1 685 1620 1932 3618 6429 6430
1746 9 2 1 1 606 1619 1931 3620 6431 6432
1747 9 2 1 1 1821 2754 2617 6433 6328 6434
1748 9 2 1 1 1822 2753 2618 6435 6330 6436
1749 9 2 1 1 1478 3262 1814 6437 6438 3934
1750 9 2 1 1 1477 3261 1813 6439 6440 3937
1751 9 2 1 1 1477 3115 2075 6441 6442 6443
1752 9 2 1 1 1478 3116 2076 6444 6445 6446
1753 9 2 1 1 896 2900 1885 6378 6149 6447
1754 9 2 1 1 895 2899 1886 6376 6151 6448
1755 9 2 1 1 102 1575 2091 4634 6449 6450
1756 9 2 1 1 396 1576 2092 4636 6451 6452
1757 9 2 1 1 26 1585 2081 4650 6453 6454
1758 9 2 1 1 320 1586 2082 4652 6455 6456
1759 9 2 1 1 30 2083 1579 6457 6458 4641
1760 9 2 1 1 324 2084 1580 6459 6460 4643
1761 9 2 1 1 109 1577 2089 4638 6461 6462
1762 9 2 1 1 403 1578 2090 4640 6463 6464
1763 9 2 1 1 37 2085 1583 6465 6466 4645
1764 9 2 1 1 331 2086 1584 6467 6468 4647
1765 9 2 1 1 116 1581 2087 4654 6469 6470
1766 9 2 1 1 410 1582 2088 4656 6471 6472
1767 9 2 1 1 392 393 1995 526 6473 5287
1768 9 2 1 1 98 99 1996 232 6474 5290
1769 9 2 1 1 1927 2759 3038 6475 6476 6477
1770 9 2 1 1 1928 2760 3037 6478 6479 6480
1771 9 2 1 1 1122 1418 2612 6481 6482 6483
1772 9 2 1 1 1121 1417 2611 6484 6485 6486
1773 9 2 1 1 1355 1801 2743 6487 6488 5259
1774 9 2 1 1 1356 1802 2744 6489 6490 5262
1775 9 2 1 1 906 1228 2240 6491 6492 4731
1776 9 2 1 1 905 1227 2239 6493 6494 4734
1777 9 2 1 1 1465 1895 2943 6495 6496 4052
1778 9 2 1 1 1466 1896 2944 6497 6498 4055
1779 9 2 1 1 1191 1503 2247 6499 4160 6500
1780 9 2 1 1 1192 1504 2248 6501 4162 6502
1781 9 2 1 1 1059 3038 2530 6503 6504 5559
1782 9 2 1 1 1060 3037 2529 6505 6506 5562
1783 9 2 1 1 883 1814 3262 6507 6438 6508
1784 9 2 1 1 884 1813 3261 6509 6440 6510
1785 9 2 1 1 1106 2989 1481 6511 6512 5474
1786 9 2 1 1 1105 2990 1482 6513 6514 5471
1787 9 2 1 1 360 2076 3116 6515 6445 6516
1788 9 2 1 1 66 2075 3115 6517 6442 6518
1789 9 2 1 1 831 2167 1647 6519 4234 6185
1790 9 2 1 1 832 2168 1648 6520 4233 6188
1791 9 2 1 1 279 280 2376 293 6521 4003
1792 9 2 1 1 573 574 2375 587 6522 4006
1793 9 2 1 1 1344 2324 2994 6523 6524 5841
1794 9 2 1 1 1343 2323 2993 6525 6526 5843
1795 9 2 1 1 14 1641 2583 4718 6527 6528
1796 9 2 1 1 308 1642 2584 4720 6529 6530
1797 9 2 1 1 809 2728 2108 6531 6532 5732
1798 9 2 1 1 810 2727 2107 6533 6534 5729
1799 9 2 1 1 1035 1459 1946 6535 6536 4485
1800 9 2 1 1 1036 1460 1945 6537 6538 4488
1801 9 2 1 1 991 2159 1820 5520 6539 6540
1802 9 2 1 1 992 2160 1819 5522 6541 6542
1803 9 2 1 1 1161 1819 2160 6543 6541 6544
1804 9 2 1 1 1162 1820 2159 6545 6539 6546
1805 9 2 1 1 1149 2325 2492 6547 5811 6548
1806 9 2 1 1 1150 2326 2491 6549 5809 6550
1807 9 2 1 1 815 2893 2176 6551 6552 5031
1808 9 2 1 1 816 2894 2175 6553 6554 5034
1809 9 2 1 1 1173 1596 2411 6555 6556 5695
1810 9 2 1 1 1174 1595 2412 6557 6558 5697
1811 9 2 1 1 130 3303 1857 6559 6560 6275
1812 9 2 1 1 424 3304 1858 6561 6562 6277
1813 9 2 1 1 1231 1621 2843 5982 6563 6564
1814 9 2 1 1 1232 1622 2844 5984 6565 6566
1815 9 2 1 1 929 2843 1621 6567 6563 6568
1816 9 2 1 1 930 2844 1622 6569 6565 6570
1817 9 2 1 1 1363 2245 2147 6571 6572 6573
1818 9 2 1 1 1364 2246 2148 6574 6575 6576
1819 9 2 1 1 1207 2147 2245 6577 6572 6578
1820 9 2 1 1 1208 2148 2246 6579 6575 6580
1821 9 2 1 1 986 1821 2165 6581 6582 6583
1822 9 2 1 1 985 1822 2166 6584 6585 6586
1823 9 2 1 1 1212 2165 1821 6587 6582 6047
1824 9 2 1 1 1211 2166 1822 6588 6585 6049
1825 9 2 1 1 1201 1729 2123 6589 6590 4079
1826 9 2 1 1 1202 1730 2124 6591 6592 4081
1827 9 2 1 1 1278 2058 2747 6593 6594 6595
1828 9 2 1 1 1277 2057 2748 6596 6597 6598
1829 9 2 1 1 1299 2637 2139 4326 5574 6599
1830 9 2 1 1 1300 2638 2140 4328 5577 6600
1831 9 2 1 1 1587 3381 2207 6601 5836 6602
1832 9 2 1 1 1588 3382 2208 6603 5839 6604
1833 9 2 1 1 40 1684 2713 5202 6605 6606
1834 9 2 1 1 334 1683 2714 5204 6607 6608
1835 9 2 1 1 1055 2943 1895 6609 6496 4041
1836 9 2 1 1 1056 2944 1896 6610 6498 4044
1837 9 2 1 1 1278 2114 2153 6611 6612 6613
1838 9 2 1 1 1277 2113 2154 6614 6615 6616
1839 9 2 1 1 879 2153 2114 6617 6612 6618
1840 9 2 1 1 880 2154 2113 6619 6615 6620
1841 9 2 1 1 1283 1833 2221 3683 6621 6622
1842 9 2 1 1 1284 1834 2222 3686 6623 6624
1843 9 2 1 1 1108 1310 2219 6625 6199 6626
1844 9 2 1 1 1107 1309 2220 6627 6200 6628
1845 9 2 1 1 46 47 1894 180 6629 6630
1846 9 2 1 1 340 341 1893 474 6631 6632
1847 9 2 1 1 1107 2220 1515 6628 6633 6634
1848 9 2 1 1 1108 2219 1516 6626 6635 6636
1849 9 2 1 1 1103 1851 2041 5666 6637 6058
1850 9 2 1 1 1104 1852 2042 5668 6638 6055
1851 9 2 1 1 303 2412 1595 6639 6558 4777
1852 9 2 1 1 9 2411 1596 6640 6556 4779
1853 9 2 1 1 898 3244 1751 6641 6642 6643
1854 9 2 1 1 897 3243 1752 6644 6645 6646
1855 9 2 1 1 1418 1551 3095 6647 5606 6648
1856 9 2 1 1 1417 1552 3096 6649 5609 6650
1857 9 2 1 1 386 2582 2632 6651 6652 6653
1858 9 2 1 1 92 2581 2631 6654 6655 6656
1859 9 2 1 1 31 2005 2083 6657 6658 6659
1860 9 2 1 1 325 2006 2084 6660 6661 6662
1861 9 2 1 1 38 2007 2085 6663 6664 6665
1862 9 2 1 1 332 2008 2086 6666 6667 6668
1863 9 2 1 1 115 2087 2009 6669 6670 6671
1864 9 2 1 1 409 2088 2010 6672 6673 6674
1865 9 2 1 1 108 2089 2003 6675 6676 6677
1866 9 2 1 1 402 2090 2004 6678 6679 6680
1867 9 2 1 1 866 1868 2845 6681 6074 6682
1868 9 2 1 1 865 1867 2846 6683 6071 6684
1869 9 2 1 1 1139 1543 2543 6175 6685 6686
1870 9 2 1 1 1140 1544 2544 6178 6687 6688
1871 9 2 1 1 987 2781 1587 5652 6689 5341
1872 9 2 1 1 988 2782 1588 5654 6690 5344
1873 9 2 1 1 1033 1885 1855 6205 5995 6691
1874 9 2 1 1 1034 1886 1856 6206 5997 6692
1875 9 2 1 1 989 2642 1693 4567 4686 3533
1876 9 2 1 1 990 2641 1694 4568 4688 3536
1877 9 2 1 1 923 2173 3157 3677 6693 6694
1878 9 2 1 1 924 2174 3158 3680 6695 6696
1879 9 2 1 1 1430 2792 2517 6697 6698 6699
1880 9 2 1 1 1429 2791 2518 6700 6701 6702
1881 9 2 1 1 1111 2225 1549 6703 6704 6705
1882 9 2 1 1 1112 2226 1550 6706 6707 6708
1883 9 2 1 1 809 2445 2728 6709 6222 6531
1884 9 2 1 1 810 2446 2727 6710 6225 6533
1885 9 2 1 1 1262 1872 2175 6711 6712 6713
1886 9 2 1 1 1261 1871 2176 6714 6715 6716
1887 9 2 1 1 1751 3244 3389 6642 6717 6718
1888 9 2 1 1 1752 3243 3390 6645 6719 6720
1889 9 2 1 1 1293 2164 2156 6721 6722 5745
1890 9 2 1 1 1294 2163 2155 6723 6724 5746
1891 9 2 1 1 1119 1509 2155 6725 4334 6726
1892 9 2 1 1 1120 1510 2156 6727 4336 6728
1893 9 2 1 1 762 3242 1799 6729 6730 6731
1894 9 2 1 1 761 3241 1800 6732 6733 6734
1895 9 2 1 1 945 2027 2336 6735 6736 6737
1896 9 2 1 1 946 2028 2335 6738 6739 6740
1897 9 2 1 1 1093 1607 2097 6741 6384 4417
1898 9 2 1 1 1094 1608 2098 6742 6386 4420
1899 9 2 1 1 1008 2175 1872 5672 6712 6743
1900 9 2 1 1 1007 2176 1871 5674 6715 6744
1901 9 2 1 1 1450 3179 1834 6745 4009 6038
1902 9 2 1 1 1449 3180 1833 6746 4011 6035
1903 9 2 1 1 1256 2786 2932 6747 5199 6748
1904 9 2 1 1 1255 2785 2931 6749 5196 6750
1905 9 2 1 1 1063 1915 1749 6751 6752 4939
1906 9 2 1 1 1064 1916 1750 6753 6754 4937
1907 9 2 1 1 841 3245 1553 6755 6756 4695
1908 9 2 1 1 842 3246 1554 6757 6758 4698
1909 9 2 1 1 46 1894 3236 6630 6759 6760
1910 9 2 1 1 340 1893 3235 6632 6761 6762
1911 9 2 1 1 1036 2761 2030 6413 6763 6764
1912 9 2 1 1 1035 2762 2029 6416 6765 6766
1913 9 2 1 1 1079 1617 3221 3788 5966 6767
1914 9 2 1 1 1080 1618 3222 3785 5968 6768
1915 9 2 1 1 899 2509 2077 5234 6769 6770
1916 9 2 1 1 900 2510 2078 5236 6771 6772
1917 9 2 1 1 1425 2077 2509 3443 6769 6773
1918 9 2 1 1 1426 2078 2510 3446 6771 6774
1919 9 2 1 1 1225 2113 1736 6775 6776 6777
1920 9 2 1 1 1226 2114 1735 6778 6779 6780
1921 9 2 1 1 91 2631 1562 6781 6782 3875
1922 9 2 1 1 385 2632 1561 6783 6784 3878
1923 9 2 1 1 1173 2655 1564 6785 6786 4083
1924 9 2 1 1 1174 2656 1563 6787 6788 4086
1925 9 2 1 1 1237 1829 2683 6127 6789 6790
1926 9 2 1 1 1238 1830 2684 6130 6791 6792
1927 9 2 1 1 1093 2229 1607 6793 6794 6741
1928 9 2 1 1 1094 2230 1608 6795 6796 6742
1929 9 2 1 1 756 2242 2179 6797 6798 4757
1930 9 2 1 1 755 2241 2180 6799 6800 4759
1931 9 2 1 1 805 2121 2199 4883 6801 6802
1932 9 2 1 1 806 2122 2200 4886 6803 6804
1933 9 2 1 1 868 2675 1865 6805 5547 6806
1934 9 2 1 1 867 2676 1866 6807 5550 6808
1935 9 2 1 1 817 3065 2101 5042 6809 6810
1936 9 2 1 1 818 3066 2102 5044 6811 6812
1937 9 2 1 1 1177 1592 2253 3400 6813 6814
1938 9 2 1 1 1178 1591 2254 3397 6815 6816
1939 9 2 1 1 994 1563 2656 3663 6788 6817
1940 9 2 1 1 993 1564 2655 3666 6786 6818
1941 9 2 1 1 17 18 1823 151 6819 6820
1942 9 2 1 1 311 312 1824 445 6821 6822
1943 9 2 1 1 1121 1937 2184 4355 6823 6824
1944 9 2 1 1 1122 1938 2183 4358 6825 6826
1945 9 2 1 1 927 1583 3103 6827 6828 6829
1946 9 2 1 1 928 1584 3104 6830 6831 6832
1947 9 2 1 1 925 3101 1585 6833 6834 6835
1948 9 2 1 1 926 3102 1586 6836 6837 6838
1949 9 2 1 1 1026 2690 1973 6839 6840 5249
1950 9 2 1 1 1025 2689 1974 6841 6842 5252
1951 9 2 1 1 1041 1509 2065 5242 6843 6844
1952 9 2 1 1 1042 1510 2066 5244 6845 6846
1953 9 2 1 1 847 2645 1779 6847 6358 6848
1954 9 2 1 1 848 2646 1780 6849 6361 6850
1955 9 2 1 1 1155 1799 2062 6851 6852 5959
1956 9 2 1 1 1156 1800 2061 6853 6854 5962
1957 9 2 1 1 1109 2060 2062 4575 5960 5851
1958 9 2 1 1 1110 2059 2061 4578 5963 5849
1959 9 2 1 1 833 2033 1887 6333 6855 3573
1960 9 2 1 1 834 2034 1888 6336 6856 3576
1961 9 2 1 1 1175 1705 2603 6857 6858 4547
1962 9 2 1 1 1176 1706 2604 6859 6860 4549
1963 9 2 1 1 1237 2683 1817 6790 5873 5157
1964 9 2 1 1 1238 2684 1818 6792 5875 5159
1965 9 2 1 1 773 1552 2184 5478 6861 6862
1966 9 2 1 1 774 1551 2183 5480 6863 6864
1967 9 2 1 1 1111 1549 2873 6705 5718 6865
1968 9 2 1 1 1112 1550 2874 6708 5720 6866
1969 9 2 1 1 1108 2121 1310 5380 5079 6625
1970 9 2 1 1 1107 2122 1309 5378 5081 6627
1971 9 2 1 1 1265 1897 2457 6867 6868 6869
1972 9 2 1 1 1266 1898 2458 6870 6871 6872
1973 9 2 1 1 880 2457 1897 6873 6868 6874
1974 9 2 1 1 879 2458 1898 6875 6871 6876
1975 9 2 1 1 875 2049 1729 6877 5598 6878
1976 9 2 1 1 876 2050 1730 6879 5600 6880
1977 9 2 1 1 103 2187 1575 6881 6882 4633
1978 9 2 1 1 397 2188 1576 6883 6884 4635
1979 9 2 1 1 110 2189 1577 6885 6886 4637
1980 9 2 1 1 404 2190 1578 6887 6888 4639
1981 9 2 1 1 29 1579 2193 4642 6889 6890
1982 9 2 1 1 323 1580 2194 4644 6891 6892
1983 9 2 1 1 36 1583 2191 4646 6893 6894
1984 9 2 1 1 330 1584 2192 4648 6895 6896
1985 9 2 1 1 27 2195 1585 6897 6898 4649
1986 9 2 1 1 321 2196 1586 6899 6900 4651
1987 9 2 1 1 1025 1570 2235 5254 4555 4761
1988 9 2 1 1 1026 1569 2236 5251 4552 4763
1989 9 2 1 1 885 1941 2391 6901 6902 6903
1990 9 2 1 1 886 1942 2392 6904 6905 6906
1991 9 2 1 1 1273 2392 1942 6907 6905 6908
1992 9 2 1 1 1274 2391 1941 6909 6902 6910
1993 9 2 1 1 705 1677 1926 4466 6911 6912
1994 9 2 1 1 626 1678 1925 4464 6913 6914
1995 9 2 1 1 927 2311 1559 6915 6916 3417
1996 9 2 1 1 928 2312 1560 6917 6918 3419
1997 9 2 1 1 342 343 1970 476 6919 6341
1998 9 2 1 1 48 49 1969 182 6920 6344
1999 9 2 1 1 1331 1659 3149 6921 6922 6923
2000 9 2 1 1 1332 1660 3150 6924 6925 6926
2001 9 2 1 1 1397 3239 1631 6927 6928 5315
2002 9 2 1 1 1398 3240 1632 6929 6930 5318
2003 9 2 1 1 845 1559 2493 4895 6931 6932
2004 9 2 1 1 846 1560 2494 4898 6933 6934
2005 9 2 1 1 931 1557 2333 4604 6935 6936
2006 9 2 1 1 932 1558 2334 4602 6937 6938
2007 9 2 1 1 869 2245 1825 6939 6940 6105
2008 9 2 1 1 870 2246 1826 6941 6942 6108
2009 9 2 1 1 1263 1669 2049 5644 5326 6943
2010 9 2 1 1 1264 1670 2050 5646 5329 6944
2011 9 2 1 1 681 1944 1627 6945 3757 4425
2012 9 2 1 1 602 1943 1628 6946 3755 4423
2013 9 2 1 1 1050 1984 3195 6947 6948 6949
2014 9 2 1 1 1049 1983 3196 6950 6951 6952
2015 9 2 1 1 355 1593 2757 4766 6953 6954
2016 9 2 1 1 61 1594 2758 4768 6955 6956
2017 9 2 1 1 1075 1617 2045 6075 3787 6957
2018 9 2 1 1 1076 1618 2046 6076 3784 6958
2019 9 2 1 1 945 2336 2052 6737 6959 6960
2020 9 2 1 1 946 2335 2051 6740 6961 6962
2021 9 2 1 1 1135 1571 2487 5976 6963 6964
2022 9 2 1 1 1136 1572 2488 5974 6965 6966
2023 9 2 1 1 1083 2319 1823 5113 6967 6968
2024 9 2 1 1 1084 2320 1824 5116 6969 6970
2025 9 2 1 1 2535 919 2341 6971 4713 6972
2026 9 2 1 1 2536 920 2342 6973 4716 6974
2027 9 2 1 1 2533 917 2343 6975 3450 6976
2028 9 2 1 1 2534 918 2344 6977 3447 6978
2029 9 2 1 1 1577 2535 2341 6979 6972 6980
2030 9 2 1 1 1578 2536 2342 6981 6974 6982
2031 9 2 1 1 1575 2533 2343 6983 6976 6984
2032 9 2 1 1 1576 2534 2344 6985 6978 6986
2033 9 2 1 1 1114 2423 1562 6987 3876 6988
2034 9 2 1 1 1113 2424 1561 6989 3879 6990
2035 9 2 1 1 1511 2197 2971 5927 6991 5016
2036 9 2 1 1 1512 2198 2972 5930 6992 5019
2037 9 2 1 1 1114 1562 2421 6988 6993 6994
2038 9 2 1 1 1113 1561 2422 6990 6995 6996
2039 9 2 1 1 868 1570 2670 4556 6997 6998
2040 9 2 1 1 867 1569 2669 4553 6999 7000
2041 9 2 1 1 614 1851 615 7001 7002 654
2042 9 2 1 1 693 1852 694 7003 7004 733
2043 9 2 1 1 994 3134 1796 7005 7006 7007
2044 9 2 1 1 993 3133 1795 7008 7009 7010
2045 9 2 1 1 1259 2409 2185 6254 5898 7011
2046 9 2 1 1 1260 2410 2186 6256 5901 7012
2047 9 2 1 1 785 1793 2135 3692 4690 3851
2048 9 2 1 1 786 1794 2136 3694 4693 3854
2049 9 2 1 1 893 3149 1659 7013 6922 7014
2050 9 2 1 1 894 3150 1660 7015 6925 7016
2051 9 2 1 1 995 2645 2853 6359 7017 7018
2052 9 2 1 1 996 2646 2854 6362 7019 7020
2053 9 2 1 1 1444 1796 3134 4514 7006 7021
2054 9 2 1 1 1443 1795 3133 4512 7009 7022
2055 9 2 1 1 1557 1879 2333 4212 7023 6935
2056 9 2 1 1 1558 1880 2334 4215 7024 6937
2057 9 2 1 1 1073 1813 2141 3938 5942 7025
2058 9 2 1 1 1074 1814 2142 3935 5945 7026
2059 9 2 1 1 980 2576 1566 7027 7028 5123
2060 9 2 1 1 979 2575 1565 7029 7030 5121
2061 9 2 1 1 1493 3065 2827 7031 5041 7032
2062 9 2 1 1 1494 3066 2828 7033 5043 7034
2063 9 2 1 1 848 1828 2646 7035 7036 6849
2064 9 2 1 1 847 1827 2645 7037 7038 6847
2065 9 2 1 1 1332 2336 2027 7039 6736 7040
2066 9 2 1 1 1331 2335 2028 7041 6739 7042
2067 9 2 1 1 1387 2179 2242 7043 6798 7044
2068 9 2 1 1 1388 2180 2241 7045 6800 7046
2069 9 2 1 1 906 2129 1228 7047 7048 6491
2070 9 2 1 1 905 2130 1227 7049 7050 6493
2071 9 2 1 1 923 1579 2545 7051 7052 7053
2072 9 2 1 1 924 1580 2546 7054 7055 7056
2073 9 2 1 1 773 2184 1937 6862 6823 7057
2074 9 2 1 1 774 2183 1938 6864 6825 7058
2075 9 2 1 1 135 136 1829 269 7059 7060
2076 9 2 1 1 429 430 1830 563 7061 7062
2077 9 2 1 1 1229 2713 1684 7063 6605 7064
2078 9 2 1 1 1230 2714 1683 7065 6607 7066
2079 9 2 1 1 117 2637 1581 7067 4325 4653
2080 9 2 1 1 411 2638 1582 7068 4327 4655
2081 9 2 1 1 1386 2554 3044 5639 7069 7070
2082 9 2 1 1 1385 2553 3043 5642 7071 7072
2083 9 2 1 1 887 2491 2743 7073 5260 7074
2084 9 2 1 1 888 2492 2744 7075 5263 7076
2085 9 2 1 1 798 3143 1722 7077 7078 7079
2086 9 2 1 1 797 3144 1721 7080 7081 7082
2087 9 2 1 1 1382 1722 3143 7083 7078 7084
2088 9 2 1 1 1381 1721 3144 7085 7081 7086
2089 9 2 1 1 1479 2632 2582 7087 6652 4245
2090 9 2 1 1 1480 2631 2581 7088 6655 4242
2091 9 2 1 1 1439 3211 1859 7089 6263 7090
2092 9 2 1 1 1440 3212 1860 7091 6265 7092
2093 9 2 1 1 1289 2167 2762 7093 7094 7095
2094 9 2 1 1 1290 2168 2761 7096 7097 7098
2095 9 2 1 1 949 2487 1571 7099 6963 7100
2096 9 2 1 1 950 2488 1572 7101 6965 7102
2097 9 2 1 1 781 2815 1413 7103 7104 7105
2098 9 2 1 1 782 2816 1414 7106 7107 7108
2099 9 2 1 1 1019 2913 1631 7109 7110 5275
2100 9 2 1 1 1020 2914 1632 7111 7112 5277
2101 9 2 1 1 1251 2405 1891 7113 7114 7115
2102 9 2 1 1 1252 2406 1892 7116 7117 7118
2103 9 2 1 1 1486 3169 1970 7119 6342 7120
2104 9 2 1 1 1485 3170 1969 7121 6345 7122
2105 9 2 1 1 1287 3108 1662 7123 7124 7125
2106 9 2 1 1 1288 3107 1661 7126 7127 7128
2107 9 2 1 1 603 1628 2157 4424 7129 7130
2108 9 2 1 1 682 1627 2158 4426 7131 7132
2109 9 2 1 1 893 1659 3142 7014 7133 7134
2110 9 2 1 1 894 1660 3141 7016 7135 7136
2111 9 2 1 1 70 2426 1988 7137 7138 7139
2112 9 2 1 1 364 2425 1987 7140 7141 7142
2113 9 2 1 1 119 1635 2139 4430 7143 7144
2114 9 2 1 1 413 1636 2140 4432 7145 7146
2115 9 2 1 1 1593 2238 2516 6372 7147 7148
2116 9 2 1 1 1594 2237 2515 6374 7149 7150
2117 9 2 1 1 1301 2592 2107 7151 5730 7152
2118 9 2 1 1 1302 2591 2108 7153 5733 7154
2119 9 2 1 1 753 3110 1667 7155 7156 5293
2120 9 2 1 1 754 3109 1668 7157 7158 5295
2121 9 2 1 1 1536 2097 3208 4418 7159 5797
2122 9 2 1 1 1535 2098 3207 4421 7160 5798
2123 9 2 1 1 1325 2051 2335 7161 6961 7162
2124 9 2 1 1 1326 2052 2336 7163 6959 7164
2125 9 2 1 1 370 2065 2244 7165 7166 5483
2126 9 2 1 1 76 2066 2243 7167 7168 5486
2127 9 2 1 1 625 2177 1678 7169 7170 4463
2128 9 2 1 1 704 2178 1677 7171 7172 4465
2129 9 2 1 1 925 1585 2783 6835 7173 7174
2130 9 2 1 1 926 1586 2784 6838 7175 7176
2131 9 2 1 1 1590 3195 1984 3995 6948 5053
2132 9 2 1 1 1589 3196 1983 3993 6951 5055
2133 9 2 1 1 1156 2059 1864 5964 7177 7178
2134 9 2 1 1 1155 2060 1863 5961 7179 7180
2135 9 2 1 1 921 2339 1581 4444 7181 4657
2136 9 2 1 1 922 2340 1582 4446 7182 4659
2137 9 2 1 1 839 1863 2060 7183 7179 4661
2138 9 2 1 1 840 1864 2059 7184 7177 4663
2139 9 2 1 1 1516 2219 1967 6635 4826 4832
2140 9 2 1 1 1515 2220 1968 6633 4829 4834
2141 9 2 1 1 923 2537 1579 7185 7186 7051
2142 9 2 1 1 924 2538 1580 7187 7188 7054
2143 9 2 1 1 927 2539 1583 7189 7190 6827
2144 9 2 1 1 928 2540 1584 7191 7192 6830
2145 9 2 1 1 1326 1667 3110 5708 7156 7193
2146 9 2 1 1 1325 1668 3109 5705 7158 7194
2147 9 2 1 1 1320 2846 3171 7195 6070 7196
2148 9 2 1 1 1319 2845 3172 7197 6073 7198
2149 9 2 1 1 1197 2195 2193 7199 5936 7200
2150 9 2 1 1 1198 2196 2194 7201 5939 7202
2151 9 2 1 1 835 3349 1703 7203 7204 7205
2152 9 2 1 1 836 3350 1704 7206 7207 7208
2153 9 2 1 1 1355 2691 1801 3622 5442 6487
2154 9 2 1 1 1356 2692 1802 3624 5444 6489
2155 9 2 1 1 1173 2605 1596 5266 7209 6555
2156 9 2 1 1 1174 2606 1595 5268 7210 6557
2157 9 2 1 1 1649 2331 3025 3510 7211 6269
2158 9 2 1 1 1650 2332 3026 3513 7212 6272
2159 9 2 1 1 1281 1587 2735 5348 7213 7214
2160 9 2 1 1 1282 1588 2736 5350 7215 7216
2161 9 2 1 1 871 2759 1927 6162 6475 7217
2162 9 2 1 1 872 2760 1928 6164 6478 7218
2163 9 2 1 1 2940 949 1571 7219 7100 7220
2164 9 2 1 1 2939 950 1572 7221 7102 7222
2165 9 2 1 1 3025 2331 885 7211 7223 7224
2166 9 2 1 1 3026 2332 886 7212 7225 7226
2167 9 2 1 1 813 2031 2555 4593 7227 3603
2168 9 2 1 1 814 2032 2556 4596 7228 3606
2169 9 2 1 1 1181 1523 2742 7229 5269 7230
2170 9 2 1 1 1182 1524 2741 7231 5272 7232
2171 9 2 1 1 1045 1792 2848 7233 7234 4437
2172 9 2 1 1 1046 1791 2847 7235 7236 4440
2173 9 2 1 1 837 2043 1705 4202 7237 6297
2174 9 2 1 1 838 2044 1706 4199 7238 6300
2175 9 2 1 1 1205 1871 2647 7239 7240 4914
2176 9 2 1 1 1206 1872 2648 7241 7242 4916
2177 9 2 1 1 1465 1857 3303 4276 6560 7243
2178 9 2 1 1 1466 1858 3304 4278 6562 7244
2179 9 2 1 1 1115 2669 1569 7245 6999 6351
2180 9 2 1 1 1116 2670 1570 7246 6997 6354
2181 9 2 1 1 75 76 2991 209 5488 6154
2182 9 2 1 1 369 370 2992 503 5485 6153
2183 9 2 1 1 104 2215 2187 7247 7248 7249
2184 9 2 1 1 398 2216 2188 7250 7251 7252
2185 9 2 1 1 111 2213 2189 7253 7254 7255
2186 9 2 1 1 405 2214 2190 7256 7257 7258
2187 9 2 1 1 35 2191 2211 7259 7260 7261
2188 9 2 1 1 329 2192 2212 7262 7263 7264
2189 9 2 1 1 1227 2130 1737 7050 6388 7265
2190 9 2 1 1 1228 2129 1738 7048 6390 7266
2191 9 2 1 1 1003 2975 1857 7267 6424 4275
2192 9 2 1 1 1004 2976 1858 7268 6427 4277
2193 9 2 1 1 1333 2593 1952 7269 7270 7271
2194 9 2 1 1 1334 2594 1951 7272 7273 7274
2195 9 2 1 1 3022 79 2370 7275 7276 6308
2196 9 2 1 1 3021 373 2369 7277 7278 6311
2197 9 2 1 1 1297 3123 1663 7279 7280 7281
2198 9 2 1 1 1298 3124 1664 7282 7283 7284
2199 9 2 1 1 1365 2297 2757 7285 6258 7286
2200 9 2 1 1 1366 2298 2758 7287 6261 7288
2201 9 2 1 1 1214 2979 2795 7289 7290 7291
2202 9 2 1 1 1213 2980 2796 7292 7293 7294
2203 9 2 1 1 889 1873 1977 7295 7296 4315
2204 9 2 1 1 890 1874 1978 7297 7298 4317
2205 9 2 1 1 2281 2977 1117 7299 7300 7301
2206 9 2 1 1 2282 2978 1118 7302 7303 7304
2207 9 2 1 1 375 376 1984 509 5054 7305
2208 9 2 1 1 81 82 1983 215 5056 7306
2209 9 2 1 1 1437 2592 1959 7307 7308 3873
2210 9 2 1 1 1438 2591 1960 7309 7310 3871
2211 9 2 1 1 69 70 1988 203 7139 7311
2212 9 2 1 1 363 364 1987 497 7142 7312
2213 9 2 1 1 979 2033 1741 7313 6332 7314
2214 9 2 1 1 980 2034 1742 7315 6335 7316
2215 9 2 1 1 1038 2573 1677 7317 7318 7319
2216 9 2 1 1 1037 2574 1678 7320 7321 7322
2217 9 2 1 1 1223 2595 1913 7323 7324 5525
2218 9 2 1 1 1224 2596 1914 7325 7326 5528
2219 9 2 1 1 34 2211 1621 7327 7328 4341
2220 9 2 1 1 328 2212 1622 7329 7330 4343
2221 9 2 1 1 112 1623 2213 4346 7331 7332
2222 9 2 1 1 406 1624 2214 4348 7333 7334
2223 9 2 1 1 105 1625 2215 4350 7335 7336
2224 9 2 1 1 399 1626 2216 4352 7337 7338
2225 9 2 1 1 1070 1652 3008 5688 7339 7340
2226 9 2 1 1 1069 1651 3007 5686 7341 7342
2227 9 2 1 1 1022 3173 1833 7343 6036 4103
2228 9 2 1 1 1021 3174 1834 7344 6039 4105
2229 9 2 1 1 1350 1772 3130 7345 7346 7347
2230 9 2 1 1 1349 1771 3129 7348 7349 7350
2231 9 2 1 1 1005 1809 3187 7351 7352 7353
2232 9 2 1 1 1006 1810 3188 7354 7355 7356
2233 9 2 1 1 1445 3187 1809 7357 7352 4563
2234 9 2 1 1 1446 3188 1810 7358 7355 4565
2235 9 2 1 1 1175 2765 1752 7359 7360 7361
2236 9 2 1 1 1176 2766 1751 7362 7363 7364
2237 9 2 1 1 379 2279 1571 7365 7366 4709
2238 9 2 1 1 85 2280 1572 7367 7368 4707
2239 9 2 1 1 948 3045 1662 4789 7369 7370
2240 9 2 1 1 947 3046 1661 4792 7371 7372
2241 9 2 1 1 1287 1662 3045 7125 7369 7373
2242 9 2 1 1 1288 1661 3046 7128 7371 7374
2243 9 2 1 1 973 1592 2597 7375 7376 7377
2244 9 2 1 1 974 1591 2598 7378 7379 7380
2245 9 2 1 1 1358 2288 3177 7381 7382 7383
2246 9 2 1 1 1357 2287 3178 7384 7385 7386
2247 9 2 1 1 1505 2557 2967 7387 6210 7388
2248 9 2 1 1 1506 2558 2968 7389 6213 7390
2249 9 2 1 1 2977 2181 1117 7391 5187 7300
2250 9 2 1 1 2978 2182 1118 7392 5188 7303
2251 9 2 1 1 788 2308 3062 4299 7393 7394
2252 9 2 1 1 787 2307 3061 4302 7395 7396
2253 9 2 1 1 1091 3039 1723 6285 7397 7398
2254 9 2 1 1 1092 3040 1724 6286 7399 7400
2255 9 2 1 1 1354 3013 2035 7401 7402 7403
2256 9 2 1 1 1353 3014 2036 7404 7405 7406
2257 9 2 1 1 1432 2531 1865 4516 7407 7408
2258 9 2 1 1 1431 2532 1866 4518 7409 7410
2259 9 2 1 1 773 1937 2653 7057 7411 5669
2260 9 2 1 1 774 1938 2654 7058 7412 5670
2261 9 2 1 1 765 1631 3271 5322 7413 7414
2262 9 2 1 1 766 1632 3272 5324 7415 7416
2263 9 2 1 1 370 371 2065 504 7417 7165
2264 9 2 1 1 76 77 2066 210 7418 7167
2265 9 2 1 1 282 2071 1718 7419 7420 5395
2266 9 2 1 1 576 2072 1717 7421 7422 5393
2267 9 2 1 1 985 2166 2565 6586 7423 7424
2268 9 2 1 1 986 2165 2566 6583 7425 7426
2269 9 2 1 1 1475 2565 2166 3586 7423 7427
2270 9 2 1 1 1476 2566 2165 3589 7425 7428
2271 9 2 1 1 1529 1761 2781 4228 7429 5651
2272 9 2 1 1 1530 1762 2782 4231 7430 5653
2273 9 2 1 1 1297 1663 3069 7281 7431 7432
2274 9 2 1 1 1298 1664 3070 7284 7433 7434
2275 9 2 1 1 1375 2373 1599 7435 7436 4279
2276 9 2 1 1 1376 2374 1600 7437 7438 4282
2277 9 2 1 1 1121 2184 1417 6824 7439 6484
2278 9 2 1 1 1122 2183 1418 6826 7440 6481
2279 9 2 1 1 1401 1799 3242 3531 6730 7441
2280 9 2 1 1 1402 1800 3241 3528 6733 7442
2281 9 2 1 1 1373 2401 1601 7443 7444 4057
2282 9 2 1 1 1374 2402 1602 7445 7446 4060
2283 9 2 1 1 977 2563 1777 7447 7448 7449
2284 9 2 1 1 978 2564 1778 7450 7451 7452
2285 9 2 1 1 975 1775 2561 7453 7454 7455
2286 9 2 1 1 976 1776 2562 7456 7457 7458
2287 9 2 1 1 1133 2339 2461 7459 4508 7460
2288 9 2 1 1 1134 2340 2462 7461 4510 7462
2289 9 2 1 1 1413 2250 2295 7463 6396 7464
2290 9 2 1 1 1414 2249 2296 7465 6399 7466
2291 9 2 1 1 72 2952 1384 7467 5469 5499
2292 9 2 1 1 366 2951 1383 7468 5467 5497
2293 9 2 1 1 1259 1947 2649 7469 7470 6253
2294 9 2 1 1 1260 1948 2650 7471 7472 6255
2295 9 2 1 1 1082 2116 1709 7473 7474 3819
2296 9 2 1 1 1081 2115 1710 7475 7476 3822
2297 9 2 1 1 1474 1973 2690 7477 6840 7478
2298 9 2 1 1 1473 1974 2689 7479 6842 7480
2299 9 2 1 1 1455 3235 1893 7481 6761 4377
2300 9 2 1 1 1456 3236 1894 7482 6759 4379
2301 9 2 1 1 1341 2866 2053 7483 4101 7484
2302 9 2 1 1 1342 2865 2054 7485 4099 7486
2303 9 2 1 1 1087 1719 2779 7487 7488 7489
2304 9 2 1 1 1088 1720 2780 7490 7491 7492
2305 9 2 1 1 1267 1815 2687 5002 7493 7494
2306 9 2 1 1 1268 1816 2688 5004 7495 7496
2307 9 2 1 1 823 3383 2207 7497 7498 5835
2308 9 2 1 1 824 3384 2208 7499 7500 5838
2309 9 2 1 1 1278 3003 2058 7501 7502 6593
2310 9 2 1 1 1277 3004 2057 7503 7504 6596
2311 9 2 1 1 1051 1829 2755 7505 6126 7506
2312 9 2 1 1 1052 1830 2756 7507 6129 7508
2313 9 2 1 1 771 2661 1609 7509 5970 5181
2314 9 2 1 1 772 2662 1610 7510 5972 5184
2315 9 2 1 1 995 1679 2836 7511 7512 7513
2316 9 2 1 1 996 1680 2835 7514 7515 7516
2317 9 2 1 1 1375 2745 2389 7517 5237 7518
2318 9 2 1 1 1376 2746 2390 7519 5239 7520
2319 9 2 1 1 1131 2341 2527 7521 4846 7522
2320 9 2 1 1 1132 2342 2528 7523 4848 7524
2321 9 2 1 1 276 2625 1653 7525 7526 4399
2322 9 2 1 1 570 2626 1654 7527 7528 4401
2323 9 2 1 1 284 1655 2627 4395 7529 7530
2324 9 2 1 1 578 1656 2628 4397 7531 7532
2325 9 2 1 1 1165 1783 2119 7533 7534 7535
2326 9 2 1 1 1166 1784 2120 7536 7537 7538
2327 9 2 1 1 977 2119 1783 4950 7534 7539
2328 9 2 1 1 978 2120 1784 4952 7537 7540
2329 9 2 1 1 1163 2117 1785 7541 7542 7543
2330 9 2 1 1 1164 2118 1786 7544 7545 7546
2331 9 2 1 1 975 1785 2117 7547 7542 4945
2332 9 2 1 1 976 1786 2118 7548 7545 4947
2333 9 2 1 1 1089 2707 1721 7549 7550 7551
2334 9 2 1 1 1090 2708 1722 7552 7553 7554
2335 9 2 1 1 854 2612 1954 7555 7556 7557
2336 9 2 1 1 853 2611 1953 7558 7559 7560
2337 9 2 1 1 1703 2276 3017 7561 7562 7563
2338 9 2 1 1 1704 2275 3018 7564 7565 7566
2339 9 2 1 1 1639 3177 2288 7567 7382 7568
2340 9 2 1 1 1640 3178 2287 7569 7385 7570
2341 9 2 1 1 1023 2687 1815 7571 7493 7572
2342 9 2 1 1 1024 2688 1816 7573 7495 7574
2343 9 2 1 1 610 1878 611 7575 7576 650
2344 9 2 1 1 689 1877 690 7577 7578 729
2345 9 2 1 1 1277 2154 3004 6616 7579 7503
2346 9 2 1 1 1278 2153 3003 6613 7580 7501
2347 9 2 1 1 1677 2573 1926 7318 7581 6911
2348 9 2 1 1 1678 2574 1925 7321 7582 6913
2349 9 2 1 1 1651 3004 2154 7583 7579 7584
2350 9 2 1 1 1652 3003 2153 7585 7580 7586
2351 9 2 1 1 1405 3157 2173 7587 6693 7588
2352 9 2 1 1 1406 3158 2174 7589 6695 7590
2353 9 2 1 1 1087 2779 1731 7489 4495 4089
2354 9 2 1 1 1088 2780 1732 7492 4498 4091
2355 9 2 1 1 387 388 1912 521 7591 7592
2356 9 2 1 1 93 94 1911 227 7593 7594
2357 9 2 1 1 1065 2633 1609 7595 7596 5969
2358 9 2 1 1 1066 2634 1610 7597 7598 5971
2359 9 2 1 1 1348 2959 1647 7599 6186 7600
2360 9 2 1 1 1347 2960 1648 7601 6189 7602
2361 9 2 1 1 889 1964 1889 4265 7603 7604
2362 9 2 1 1 890 1963 1890 4268 7605 7606
2363 9 2 1 1 943 1847 1991 7607 7608 3556
2364 9 2 1 1 944 1848 1992 7609 7610 3559
2365 9 2 1 1 1201 1992 1848 7611 7610 7612
2366 9 2 1 1 1202 1991 1847 7613 7608 7614
2367 9 2 1 1 1218 2641 2438 7615 3632 7616
2368 9 2 1 1 1217 2642 2437 7617 3635 7618
2369 9 2 1 1 813 2123 2721 3605 7619 7620
2370 9 2 1 1 814 2124 2722 3608 7621 7622
2371 9 2 1 1 1505 2721 2123 7623 7619 7624
2372 9 2 1 1 1506 2722 2124 7625 7621 7626
2373 9 2 1 1 1289 1758 2167 3477 4111 7093
2374 9 2 1 1 1290 1757 2168 3474 4108 7096
2375 9 2 1 1 1015 1707 3267 3627 5067 7627
2376 9 2 1 1 1016 1708 3268 3630 5070 7628
2377 9 2 1 1 351 352 2484 485 7629 7630
2378 9 2 1 1 57 58 2483 191 7631 7632
2379 9 2 1 1 933 3189 1623 7633 7634 3983
2380 9 2 1 1 934 3190 1624 7635 7636 3986
2381 9 2 1 1 935 3001 1625 7637 7638 4183
2382 9 2 1 1 936 3002 1626 7639 7640 4186
2383 9 2 1 1 596 1940 1701 7641 4371 5583
2384 9 2 1 1 675 1939 1702 7642 4368 5585
2385 9 2 1 1 15 2841 1641 7643 7644 4717
2386 9 2 1 1 309 2842 1642 7645 7646 4719
2387 9 2 1 1 762 1799 2918 6731 7647 7648
2388 9 2 1 1 761 1800 2917 6734 7649 7650
2389 9 2 1 1 127 2147 2329 7651 7652 7653
2390 9 2 1 1 421 2148 2330 7654 7655 7656
2391 9 2 1 1 837 3176 1665 7657 7658 4917
2392 9 2 1 1 838 3175 1666 7659 7660 4919
2393 9 2 1 1 1315 2561 1611 7661 7662 5225
2394 9 2 1 1 1316 2562 1612 7663 7664 5228
2395 9 2 1 1 1170 1850 2551 7665 3924 3866
2396 9 2 1 1 1169 1849 2552 7666 3927 3863
2397 9 2 1 1 1168 2547 1849 3905 3931 7667
2398 9 2 1 1 1167 2548 1850 3908 3929 7668
2399 9 2 1 1 101 2091 2015 7669 7670 7671
2400 9 2 1 1 395 2092 2016 7672 7673 7674
2401 9 2 1 1 1269 2627 1655 7675 7529 5871
2402 9 2 1 1 1270 2628 1656 7676 7531 5869
2403 9 2 1 1 1267 1653 2625 5866 7526 5001
2404 9 2 1 1 1268 1654 2626 5868 7528 5003
2405 9 2 1 1 612 1875 613 7677 7678 652
2406 9 2 1 1 691 1876 692 7679 7680 731
2407 9 2 1 1 1101 1971 1738 7681 7682 6389
2408 9 2 1 1 1102 1972 1737 7683 7684 6387
2409 9 2 1 1 20 21 2037 154 7685 6009
2410 9 2 1 1 314 315 2038 448 7686 6011
2411 9 2 1 1 1487 1825 3343 7687 7688 7689
2412 9 2 1 1 1488 1826 3344 7690 7691 7692
2413 9 2 1 1 1003 3343 1825 6102 7688 7693
2414 9 2 1 1 1004 3344 1826 6104 7691 7694
2415 9 2 1 1 971 2931 1667 6380 5195 3997
2416 9 2 1 1 972 2932 1668 6382 5198 4000
2417 9 2 1 1 1127 2083 2005 7695 6658 7696
2418 9 2 1 1 1128 2084 2006 7697 6661 7698
2419 9 2 1 1 1129 2085 2007 7699 6664 7700
2420 9 2 1 1 1130 2086 2008 7701 6667 7702
2421 9 2 1 1 1133 2009 2087 7703 6670 7704
2422 9 2 1 1 1134 2010 2088 7705 6673 7706
2423 9 2 1 1 1131 2003 2089 7707 6676 7708
2424 9 2 1 1 1132 2004 2090 7709 6679 7710
2425 9 2 1 1 1471 2101 3065 7711 6809 7712
2426 9 2 1 1 1472 2102 3066 7713 6811 7714
2427 9 2 1 1 3073 2818 1346 7715 7716 7717
2428 9 2 1 1 3074 2817 1345 7718 7719 7720
2429 9 2 1 1 1407 3363 1731 7721 3413 4631
2430 9 2 1 1 1408 3364 1732 7722 3416 4632
2431 9 2 1 1 2793 1463 959 7723 5789 5023
2432 9 2 1 1 2794 1464 960 7724 5792 5026
2433 9 2 1 1 73 74 2896 207 4796 6140
2434 9 2 1 1 367 368 2895 501 4794 6143
2435 9 2 1 1 760 3356 2172 7725 7726 4151
2436 9 2 1 1 759 3355 2171 7727 7728 4149
2437 9 2 1 1 1158 1489 2751 7729 7730 7731
2438 9 2 1 1 1157 1490 2752 7732 7733 7734
2439 9 2 1 1 1139 2559 2499 7735 7736 6173
2440 9 2 1 1 1140 2560 2500 7737 7738 6176
2441 9 2 1 1 1253 1671 3229 5822 7739 7740
2442 9 2 1 1 1254 1672 3230 5824 7741 7742
2443 9 2 1 1 929 1621 2901 6568 7743 7744
2444 9 2 1 1 930 1622 2902 6570 7745 7746
2445 9 2 1 1 1683 2818 3073 7747 7715 7748
2446 9 2 1 1 1684 2817 3074 7749 7718 7750
2447 9 2 1 1 771 2283 2151 6066 7751 7752
2448 9 2 1 1 772 2284 2152 6068 7753 7754
2449 9 2 1 1 938 2490 2287 7755 7756 7757
2450 9 2 1 1 937 2489 2288 7758 7759 7760
2451 9 2 1 1 1513 2287 2490 7761 7756 5566
2452 9 2 1 1 1514 2288 2489 7762 7759 5565
2453 9 2 1 1 44 45 2398 178 7763 7764
2454 9 2 1 1 338 339 2397 472 7765 7766
2455 9 2 1 1 1323 2151 2283 7767 7751 7768
2456 9 2 1 1 1324 2152 2284 7769 7753 7770
2457 9 2 1 1 1042 1919 2881 7771 7772 7773
2458 9 2 1 1 1041 1920 2882 7774 7775 7776
2459 9 2 1 1 599 1699 1945 5634 4489 7777
2460 9 2 1 1 678 1700 1946 5636 4486 7778
2461 9 2 1 1 1395 2441 2327 3580 7779 7780
2462 9 2 1 1 1396 2442 2328 3583 7781 7782
2463 9 2 1 1 1141 3023 1646 7783 7784 4934
2464 9 2 1 1 1142 3024 1645 7785 7786 4931
2465 9 2 1 1 346 1686 2586 5612 6184 7787
2466 9 2 1 1 52 1685 2585 5614 6182 7788
2467 9 2 1 1 1222 2448 1551 7789 6051 5524
2468 9 2 1 1 1221 2447 1552 7790 6053 5523
2469 9 2 1 1 949 2571 2110 7791 7792 4037
2470 9 2 1 1 950 2572 2109 7793 7794 4039
2471 9 2 1 1 131 132 1895 265 7795 7796
2472 9 2 1 1 425 426 1896 559 7797 7798
2473 9 2 1 1 1332 2486 1660 7799 6393 6924
2474 9 2 1 1 1331 2485 1659 7800 6391 6921
2475 9 2 1 1 1049 3196 1706 6952 7801 7802
2476 9 2 1 1 1050 3195 1705 6949 7803 7804
2477 9 2 1 1 41 2817 1684 7805 7749 5201
2478 9 2 1 1 335 2818 1683 7806 7747 5203
2479 9 2 1 1 1343 1756 2480 4506 5784 7807
2480 9 2 1 1 1344 1755 2479 4503 5786 7808
2481 9 2 1 1 1369 3053 1837 7809 7810 7811
2482 9 2 1 1 1370 3054 1838 7812 7813 7814
2483 9 2 1 1 1566 2576 2063 7028 7815 7816
2484 9 2 1 1 1565 2575 2064 7030 7817 7818
2485 9 2 1 1 982 1864 3178 7819 7820 7821
2486 9 2 1 1 981 1863 3177 7822 7823 7824
2487 9 2 1 1 1195 2609 3163 7825 7826 7827
2488 9 2 1 1 1196 2610 3164 7828 7829 7830
2489 9 2 1 1 1432 1865 3100 7408 7831 7832
2490 9 2 1 1 1431 1866 3099 7410 7833 7834
2491 9 2 1 1 1956 2643 2437 7835 7836 7837
2492 9 2 1 1 1955 2644 2438 7838 7839 7840
2493 9 2 1 1 25 2081 2019 7841 7842 7843
2494 9 2 1 1 319 2082 2020 7844 7845 7846
2495 9 2 1 1 828 2289 1644 5862 4991 7847
2496 9 2 1 1 827 2290 1643 5864 4989 7848
2497 9 2 1 1 1482 3306 2063 7849 7850 5472
2498 9 2 1 1 1481 3305 2064 7851 7852 5475
2499 9 2 1 1 66 67 2075 200 7853 6517
2500 9 2 1 1 360 361 2076 494 7854 6515
2501 9 2 1 1 963 1635 2701 7855 7856 7857
2502 9 2 1 1 964 1636 2702 7858 7859 7860
2503 9 2 1 1 848 2929 3342 7861 7862 7863
2504 9 2 1 1 847 2930 3341 7864 7865 7866
2505 9 2 1 1 1142 2516 2238 7867 7147 7868
2506 9 2 1 1 1141 2515 2237 7869 7149 7870
2507 9 2 1 1 2969 1635 963 7871 7855 7872
2508 9 2 1 1 2970 1636 964 7873 7858 7874
2509 9 2 1 1 1609 2633 1942 7596 7875 5060
2510 9 2 1 1 1610 2634 1941 7598 7876 5063
2511 9 2 1 1 43 1733 2269 5333 7877 7878
2512 9 2 1 1 337 1734 2270 5336 7879 7880
2513 9 2 1 1 1420 2110 2571 7881 7792 7882
2514 9 2 1 1 1419 2109 2572 7883 7794 7884
2515 9 2 1 1 951 2557 3329 6211 7885 7886
2516 9 2 1 1 952 2558 3330 6214 7887 7888
2517 9 2 1 1 1214 2795 1903 7291 7889 7890
2518 9 2 1 1 1213 2796 1904 7294 7891 7892
2519 9 2 1 1 1217 2997 2642 7893 4530 7617
2520 9 2 1 1 1218 2998 2641 7894 4533 7615
2521 9 2 1 1 1100 2616 2643 6062 7895 7896
2522 9 2 1 1 1099 2615 2644 6064 7897 7898
2523 9 2 1 1 274 2933 2665 7899 7900 7901
2524 9 2 1 1 568 2934 2666 7902 7903 7904
2525 9 2 1 1 580 2667 2935 7905 7906 7907
2526 9 2 1 1 286 2668 2936 7908 7909 7910
2527 9 2 1 1 1106 1741 2141 7911 7912 5941
2528 9 2 1 1 1105 1742 2142 7913 7914 5944
2529 9 2 1 1 1215 1521 2587 7915 5532 7916
2530 9 2 1 1 1216 1522 2588 7917 5534 7918
2531 9 2 1 1 1337 2933 1653 7919 4400 5921
2532 9 2 1 1 1338 2934 1654 7920 4402 5923
2533 9 2 1 1 1340 1656 2935 5722 4398 7921
2534 9 2 1 1 1339 1655 2936 5724 4396 7922
2535 9 2 1 1 1024 3100 1865 7923 7831 7924
2536 9 2 1 1 1023 3099 1866 7925 7833 7926
2537 9 2 1 1 962 3130 1772 4492 7346 5312
2538 9 2 1 1 961 3129 1771 4494 7349 5309
2539 9 2 1 1 946 2517 2792 7927 6698 7928
2540 9 2 1 1 945 2518 2791 7929 6701 7930
2541 9 2 1 1 962 2706 1657 5314 7931 4799
2542 9 2 1 1 961 2705 1658 5311 7932 4801
2543 9 2 1 1 763 3093 1691 7933 7934 4839
2544 9 2 1 1 764 3094 1692 7935 7936 4842
2545 9 2 1 1 984 2937 1804 5256 7937 4470
2546 9 2 1 1 983 2938 1803 5258 7938 4467
2547 9 2 1 1 1393 2299 2519 7939 7940 7941
2548 9 2 1 1 1394 2300 2520 7942 7943 7944
2549 9 2 1 1 841 2651 1797 7945 5220 7946
2550 9 2 1 1 842 2652 1798 7947 5223 7948
2551 9 2 1 1 1355 2326 1899 5810 7949 3464
2552 9 2 1 1 1356 2325 1900 5812 7950 3467
2553 9 2 1 1 1386 1888 3117 3577 6248 5637
2554 9 2 1 1 1385 1887 3118 3574 6251 5640
2555 9 2 1 1 1608 3076 2886 7951 7952 4785
2556 9 2 1 1 1607 3075 2885 7953 7954 4782
2557 9 2 1 1 953 1747 2277 3961 7955 7956
2558 9 2 1 1 954 1748 2278 3964 7957 7958
2559 9 2 1 1 358 1645 3024 3569 7786 7959
2560 9 2 1 1 64 1646 3023 3572 7784 7960
2561 9 2 1 1 905 2135 1574 7961 4689 7962
2562 9 2 1 1 906 2136 1573 7963 4692 7964
2563 9 2 1 1 968 2061 1800 5828 6854 3527
2564 9 2 1 1 967 2062 1799 5830 6852 3530
2565 9 2 1 1 1377 1746 3256 7965 7966 7967
2566 9 2 1 1 1378 1745 3255 7968 7969 7970
2567 9 2 1 1 901 3255 1745 7971 7969 7972
2568 9 2 1 1 902 3256 1746 7973 7966 7974
2569 9 2 1 1 941 2616 1537 7975 6061 4997
2570 9 2 1 1 942 2615 1538 7976 6063 4999
2571 9 2 1 1 781 1413 3121 7105 7977 7978
2572 9 2 1 1 782 1414 3122 7108 7979 7980
2573 9 2 1 1 1255 2931 1888 6750 6379 7981
2574 9 2 1 1 1256 2932 1887 6748 6381 7982
2575 9 2 1 1 1448 3390 3243 7983 6719 7984
2576 9 2 1 1 1447 3389 3244 7985 6717 7986
2577 9 2 1 1 597 1701 2434 5584 7987 7988
2578 9 2 1 1 676 1702 2433 5586 7989 7990
2579 9 2 1 1 630 1905 631 5774 7991 670
2580 9 2 1 1 709 1906 710 5776 7992 749
2581 9 2 1 1 1341 2729 2866 5162 3740 7483
2582 9 2 1 1 1342 2730 2865 5164 3738 7485
2583 9 2 1 1 1095 2260 1922 7993 7994 7995
2584 9 2 1 1 1096 2259 1921 7996 7997 7998
2585 9 2 1 1 1073 2141 1869 7025 7999 5513
2586 9 2 1 1 1074 2142 1870 7026 8000 5511
2587 9 2 1 1 1825 3049 2013 8001 8002 6106
2588 9 2 1 1 1826 3050 2014 8003 8004 6109
2589 9 2 1 1 575 1717 2703 5394 8005 8006
2590 9 2 1 1 281 1718 2704 5396 8007 8008
2591 9 2 1 1 1409 2973 2745 8009 8010 8011
2592 9 2 1 1 1410 2974 2746 8012 8013 8014
2593 9 2 1 1 828 1644 2400 7847 5678 4867
2594 9 2 1 1 827 1643 2399 7848 5676 4868
2595 9 2 1 1 598 2434 1699 8015 8016 5633
2596 9 2 1 1 677 2433 1700 8017 8018 5635
2597 9 2 1 1 906 1573 2129 7964 6230 7047
2598 9 2 1 1 905 1574 2130 7962 6228 7049
2599 9 2 1 1 687 2232 1676 8019 8020 4987
2600 9 2 1 1 608 2231 1675 8021 8022 4985
2601 9 2 1 1 1281 2735 1845 7214 8023 8024
2602 9 2 1 1 1282 2736 1846 7216 8025 8026
2603 9 2 1 1 1005 1845 2735 8027 8023 8028
2604 9 2 1 1 1006 1846 2736 8029 8025 8030
2605 9 2 1 1 87 2984 1772 8031 8032 8033
2606 9 2 1 1 381 2983 1771 8034 8035 8036
2607 9 2 1 1 609 1675 2234 4986 8037 8038
2608 9 2 1 1 688 1676 2233 4988 8039 8040
2609 9 2 1 1 761 1673 3241 4206 8041 6732
2610 9 2 1 1 762 1674 3242 4204 8042 6729
2611 9 2 1 1 1060 1688 3029 5564 8043 8044
2612 9 2 1 1 1059 1687 3030 5561 8045 8046
2613 9 2 1 1 628 1903 629 8047 5831 668
2614 9 2 1 1 707 1904 708 8048 5833 747
2615 9 2 1 1 1094 3337 2230 8049 8050 6795
2616 9 2 1 1 1093 3338 2229 8051 8052 6793
2617 9 2 1 1 1363 2797 1857 8053 8054 6423
2618 9 2 1 1 1364 2798 1858 8055 8056 6426
2619 9 2 1 1 875 1891 3135 8057 8058 8059
2620 9 2 1 1 876 1892 3136 8060 8061 8062
2621 9 2 1 1 1104 1876 2285 6057 8063 8064
2622 9 2 1 1 1103 1875 2286 6060 8065 8066
2623 9 2 1 1 1495 2499 2559 8067 7736 8068
2624 9 2 1 1 1496 2500 2560 8069 7738 8070
2625 9 2 1 1 1470 2648 1928 4915 8071 4671
2626 9 2 1 1 1469 2647 1927 4913 8072 4669
2627 9 2 1 1 1160 2697 1934 8073 8074 8075
2628 9 2 1 1 1159 2698 1933 8076 8077 8078
2629 9 2 1 1 31 32 2005 165 8079 6657
2630 9 2 1 1 325 326 2006 459 8080 6660
2631 9 2 1 1 38 39 2007 172 8081 6663
2632 9 2 1 1 332 333 2008 466 8082 6666
2633 9 2 1 1 114 115 2009 248 6671 8083
2634 9 2 1 1 408 409 2010 542 6674 8084
2635 9 2 1 1 107 108 2003 241 6677 8085
2636 9 2 1 1 401 402 2004 535 6680 8086
2637 9 2 1 1 712 2222 1834 8087 6623 3551
2638 9 2 1 1 633 2221 1833 8088 6621 3553
2639 9 2 1 1 831 2762 2167 8089 7094 6519
2640 9 2 1 1 832 2761 2168 8090 7097 6520
2641 9 2 1 1 780 2301 1849 8091 8092 8093
2642 9 2 1 1 779 2302 1850 8094 8095 8096
2643 9 2 1 1 1168 1849 2301 7667 8092 8097
2644 9 2 1 1 1167 1850 2302 7668 8095 8098
2645 9 2 1 1 352 2822 2484 6017 8099 7629
2646 9 2 1 1 58 2821 2483 6018 8100 7631
2647 9 2 1 1 1042 3153 1919 8101 8102 7771
2648 9 2 1 1 1041 3154 1920 8103 8104 7774
2649 9 2 1 1 1377 2383 1746 8105 3672 7965
2650 9 2 1 1 1378 2384 1745 8106 3674 7968
2651 9 2 1 1 891 2229 1695 8107 8108 4525
2652 9 2 1 1 892 2230 1696 8109 8110 4527
2653 9 2 1 1 1696 2230 3337 8110 8050 8111
2654 9 2 1 1 1695 2229 3338 8108 8052 8112
2655 9 2 1 1 1389 2011 2883 8113 4294 8114
2656 9 2 1 1 1390 2012 2884 8115 4296 8116
2657 9 2 1 1 843 1837 3053 6085 7810 8117
2658 9 2 1 1 844 1838 3054 6088 7813 8118
2659 9 2 1 1 1090 1806 2708 4797 4984 7552
2660 9 2 1 1 1089 1805 2707 4798 4982 7549
2661 9 2 1 1 1381 3202 1721 8119 8120 7085
2662 9 2 1 1 1382 3201 1722 8121 8122 7083
2663 9 2 1 1 1825 2245 2975 6940 8123 8124
2664 9 2 1 1 1826 2246 2976 6942 8125 8126
2665 9 2 1 1 123 2903 1845 8127 8128 8129
2666 9 2 1 1 417 2904 1846 8130 8131 8132
2667 9 2 1 1 997 1691 2413 8133 4414 5303
2668 9 2 1 1 998 1692 2414 8134 4416 5306
2669 9 2 1 1 1175 2861 1705 8135 8136 6857
2670 9 2 1 1 1176 2862 1706 8137 8138 6859
2671 9 2 1 1 1089 1721 2203 7551 8139 8140
2672 9 2 1 1 1090 1722 2204 7554 8141 8142
2673 9 2 1 1 1106 1813 2989 5943 8143 6511
2674 9 2 1 1 1105 1814 2990 5946 8144 6513
2675 9 2 1 1 1379 3228 1743 8145 8146 8147
2676 9 2 1 1 1380 3227 1744 8148 8149 8150
2677 9 2 1 1 1373 2805 2387 8151 5489 8152
2678 9 2 1 1 1374 2806 2388 8153 5491 8154
2679 9 2 1 1 795 3285 1743 8155 8156 8157
2680 9 2 1 1 796 3286 1744 8158 8159 8160
2681 9 2 1 1 1379 1743 3285 8147 8156 8161
2682 9 2 1 1 1380 1744 3286 8150 8159 8162
2683 9 2 1 1 1045 2262 3089 5177 8163 8164
2684 9 2 1 1 1046 2261 3090 5180 8165 8166
2685 9 2 1 1 1891 2405 3041 7114 8167 8168
2686 9 2 1 1 1892 2406 3042 7117 8169 8170
2687 9 2 1 1 616 1923 617 8171 8172 656
2688 9 2 1 1 695 1924 696 8173 8174 735
2689 9 2 1 1 1111 1791 2225 8175 8176 6703
2690 9 2 1 1 1112 1792 2226 8177 8178 6706
2691 9 2 1 1 1035 1977 1873 5700 7296 6414
2692 9 2 1 1 1036 1978 1874 5702 7298 6411
2693 9 2 1 1 1087 2209 1719 8179 8180 7487
2694 9 2 1 1 1088 2210 1720 8181 8182 7490
2695 9 2 1 1 799 2973 1783 8183 8184 8185
2696 9 2 1 1 800 2974 1784 8186 8187 8188
2697 9 2 1 1 1513 1710 3091 3823 4434 8189
2698 9 2 1 1 1514 1709 3092 3820 4436 8190
2699 9 2 1 1 1159 1933 2157 8078 8191 8192
2700 9 2 1 1 1160 1934 2158 8075 8193 8194
2701 9 2 1 1 1032 3048 2105 8195 8196 3705
2702 9 2 1 1 1031 3047 2106 8197 8198 3708
2703 9 2 1 1 1223 1680 2925 5527 8199 8200
2704 9 2 1 1 1224 1679 2926 5530 8201 8202
2705 9 2 1 1 1335 1716 3216 8203 8204 8205
2706 9 2 1 1 1336 1715 3215 8206 8207 8208
2707 9 2 1 1 604 1933 605 8209 6287 644
2708 9 2 1 1 683 1934 684 8210 6289 723
2709 9 2 1 1 873 2225 1791 8211 8176 8212
2710 9 2 1 1 874 2226 1792 8213 8178 8214
2711 9 2 1 1 1037 1759 2574 8215 8216 7320
2712 9 2 1 1 1038 1760 2573 8217 8218 7317
2713 9 2 1 1 1206 2889 1872 8219 8220 7241
2714 9 2 1 1 1205 2890 1871 8221 8222 7239
2715 9 2 1 1 1064 2240 1740 4938 8223 6029
2716 9 2 1 1 1063 2239 1739 4940 8224 6032
2717 9 2 1 1 622 1737 1972 5726 7684 8225
2718 9 2 1 1 701 1738 1971 5728 7682 8226
2719 9 2 1 1 882 1913 2595 8227 7324 4741
2720 9 2 1 1 881 1914 2596 8228 7326 4743
2721 9 2 1 1 1436 1898 2466 3912 8229 8230
2722 9 2 1 1 1435 1897 2465 3914 8231 8232
2723 9 2 1 1 1119 2244 1509 8233 8234 6725
2724 9 2 1 1 1120 2243 1510 8235 8236 6727
2725 9 2 1 1 1335 1765 3113 8237 8238 8239
2726 9 2 1 1 1336 1766 3114 8240 8241 8242
2727 9 2 1 1 811 3113 1765 8243 8238 8244
2728 9 2 1 1 812 3114 1766 8245 8241 8246
2729 9 2 1 1 1335 3113 1716 8239 8247 8203
2730 9 2 1 1 1336 3114 1715 8242 8248 8206
2731 9 2 1 1 1418 2183 1551 7440 6863 6647
2732 9 2 1 1 1417 2184 1552 7439 6861 6649
2733 9 2 1 1 1313 1783 2973 8249 8184 8250
2734 9 2 1 1 1314 1784 2974 8251 8187 8252
2735 9 2 1 1 901 2327 2441 8253 7779 8254
2736 9 2 1 1 902 2328 2442 8255 7781 8256
2737 9 2 1 1 1063 1993 1507 6034 8257 8258
2738 9 2 1 1 1064 1994 1508 6031 8259 8260
2739 9 2 1 1 1467 1895 3247 4042 8261 8262
2740 9 2 1 1 1468 1896 3248 4045 8263 8264
2741 9 2 1 1 948 1662 2664 7370 8265 8266
2742 9 2 1 1 947 1661 2663 7372 8267 8268
2743 9 2 1 1 1457 2643 2616 8269 7895 8270
2744 9 2 1 1 1458 2644 2615 8271 7897 8272
2745 9 2 1 1 759 1698 2264 6242 8273 8274
2746 9 2 1 1 760 1697 2263 6240 8275 8276
2747 9 2 1 1 1367 3105 2293 5648 8277 8278
2748 9 2 1 1 1368 3106 2294 5650 8279 8280
2749 9 2 1 1 968 2380 1659 8281 8282 4025
2750 9 2 1 1 967 2379 1660 8283 8284 4028
2751 9 2 1 1 1490 1703 3349 8285 7204 8286
2752 9 2 1 1 1489 1704 3350 8287 7207 8288
2753 9 2 1 1 1501 2445 3337 6223 8289 8290
2754 9 2 1 1 1502 2446 3338 6226 8291 8292
2755 9 2 1 1 347 2316 1686 8293 8294 5611
2756 9 2 1 1 53 2315 1685 8295 8296 5613
2757 9 2 1 1 982 3015 1864 8297 8298 7819
2758 9 2 1 1 981 3016 1863 8299 8300 7822
2759 9 2 1 1 1276 3038 2759 8301 6476 8302
2760 9 2 1 1 1275 3037 2760 8303 6479 8304
2761 9 2 1 1 1119 2992 2244 8305 5484 8233
2762 9 2 1 1 1120 2991 2243 8306 5487 8235
2763 9 2 1 1 18 2829 1823 8307 8308 6819
2764 9 2 1 1 312 2830 1824 8309 8310 6821
2765 9 2 1 1 769 2299 1689 8311 4583 6313
2766 9 2 1 1 770 2300 1690 8312 4580 6316
2767 9 2 1 1 1411 3163 2609 8313 7826 8314
2768 9 2 1 1 1412 3164 2610 8315 7829 8316
2769 9 2 1 1 1065 3049 2133 8317 8318 8319
2770 9 2 1 1 1066 3050 2134 8320 8321 8322
2771 9 2 1 1 120 121 2567 254 8323 5793
2772 9 2 1 1 414 415 2568 548 8324 5795
2773 9 2 1 1 1354 2035 3071 7403 8325 8326
2774 9 2 1 1 1353 2036 3072 7406 8327 8328
2775 9 2 1 1 1320 2963 2846 8329 4208 7195
2776 9 2 1 1 1319 2964 2845 8330 4210 7197
2777 9 2 1 1 1123 2015 2091 8331 7670 8332
2778 9 2 1 1 1124 2016 2092 8333 7673 8334
2779 9 2 1 1 995 2853 1679 7018 8335 7511
2780 9 2 1 1 996 2854 1680 7020 8336 7514
2781 9 2 1 1 606 1931 607 6432 8337 646
2782 9 2 1 1 685 1932 686 6430 8338 725
2783 9 2 1 1 815 2362 1774 8339 8340 8341
2784 9 2 1 1 816 2361 1773 8342 8343 8344
2785 9 2 1 1 1534 1697 2945 3900 8345 5213
2786 9 2 1 1 1533 1698 2946 3903 8346 5215
2787 9 2 1 1 1715 3005 2281 8347 8348 8349
2788 9 2 1 1 1716 3006 2282 8350 8351 8352
2789 9 2 1 1 3005 943 2281 8353 8354 8348
2790 9 2 1 1 3006 944 2282 8355 8356 8351
2791 9 2 1 1 1193 2187 2215 8357 7248 8358
2792 9 2 1 1 1194 2188 2216 8359 7251 8360
2793 9 2 1 1 1195 2189 2213 8361 7254 8362
2794 9 2 1 1 1196 2190 2214 8363 7257 8364
2795 9 2 1 1 1199 2211 2191 8365 7260 8366
2796 9 2 1 1 1200 2212 2192 8367 7263 8368
2797 9 2 1 1 601 1943 602 8369 6946 641
2798 9 2 1 1 680 1944 681 8370 6945 720
2799 9 2 1 1 873 2649 1947 8371 7470 8372
2800 9 2 1 1 874 2650 1948 8373 7472 8374
2801 9 2 1 1 1095 2031 2260 8375 8376 7993
2802 9 2 1 1 1096 2032 2259 8377 8378 7996
2803 9 2 1 1 1085 2513 2017 5356 8379 8380
2804 9 2 1 1 1086 2514 2018 5358 8381 8382
2805 9 2 1 1 873 2879 1929 8383 6323 8384
2806 9 2 1 1 874 2880 1930 8385 6325 8386
2807 9 2 1 1 895 2569 2775 8387 8388 8389
2808 9 2 1 1 896 2570 2776 8390 8391 8392
2809 9 2 1 1 301 2859 2668 8393 8394 8395
2810 9 2 1 1 7 2860 2667 8396 8397 8398
2811 9 2 1 1 1204 1701 1963 8399 5448 4267
2812 9 2 1 1 1203 1702 1964 8400 5446 4264
2813 9 2 1 1 1323 1921 2743 8401 8402 8403
2814 9 2 1 1 1324 1922 2744 8404 8405 8406
2815 9 2 1 1 705 1926 706 6912 8407 745
2816 9 2 1 1 626 1925 627 6914 8408 666
2817 9 2 1 1 1080 1976 2942 8409 8410 8411
2818 9 2 1 1 1079 1975 2941 8412 8413 8414
2819 9 2 1 1 887 2743 1921 7074 8402 8415
2820 9 2 1 1 888 2744 1922 7076 8405 8416
2821 9 2 1 1 1330 2886 3076 8417 7952 8418
2822 9 2 1 1 1329 2885 3075 8419 7954 8420
2823 9 2 1 1 1106 2575 1741 8421 8422 7911
2824 9 2 1 1 1105 2576 1742 8423 8424 7913
2825 9 2 1 1 784 1951 2594 3850 7273 8425
2826 9 2 1 1 783 1952 2593 3848 7270 8426
2827 9 2 1 1 1125 2019 2081 8427 7842 8428
2828 9 2 1 1 1126 2020 2082 8429 7845 8430
2829 9 2 1 1 866 1821 2617 6043 6434 8431
2830 9 2 1 1 865 1822 2618 6046 6436 8432
2831 9 2 1 1 274 275 2933 288 4072 7899
2832 9 2 1 1 568 569 2934 582 4074 7902
2833 9 2 1 1 285 286 2936 299 7910 4068
2834 9 2 1 1 579 580 2935 593 7907 4070
2835 9 2 1 1 1083 3041 2577 8433 8434 5779
2836 9 2 1 1 1084 3042 2578 8435 8436 5781
2837 9 2 1 1 1028 1889 1964 5911 7603 5445
2838 9 2 1 1 1027 1890 1963 5914 7605 5447
2839 9 2 1 1 1603 2453 1881 8437 8438 5381
2840 9 2 1 1 1604 2454 1882 8439 8440 5384
2841 9 2 1 1 835 1703 2295 7205 8441 6395
2842 9 2 1 1 836 1704 2296 7208 8442 6398
2843 9 2 1 1 1531 3010 1714 6193 8443 3690
2844 9 2 1 1 1532 3009 1713 6194 8444 3688
2845 9 2 1 1 44 2398 2693 7764 8445 5777
2846 9 2 1 1 338 2397 2694 7766 8446 5778
2847 9 2 1 1 1028 1449 3173 6236 6037 8447
2848 9 2 1 1 1027 1450 3174 6238 6040 8448
2849 9 2 1 1 1043 3205 2054 8449 8450 5086
2850 9 2 1 1 1044 3206 2053 8451 8452 5083
2851 9 2 1 1 1091 1723 2277 7398 8453 8454
2852 9 2 1 1 1092 1724 2278 7400 8455 8456
2853 9 2 1 1 1633 2293 3105 8457 8277 4681
2854 9 2 1 1 1634 2294 3106 8458 8279 4683
2855 9 2 1 1 871 2647 1871 8459 7240 8460
2856 9 2 1 1 872 2648 1872 8461 7242 8462
2857 9 2 1 1 1181 2095 2579 8463 8464 8465
2858 9 2 1 1 1182 2096 2580 8466 8467 8468
2859 9 2 1 1 1451 2429 3137 8469 8470 4870
2860 9 2 1 1 1452 2430 3138 8471 8472 4873
2861 9 2 1 1 1453 3139 2431 4876 8473 8474
2862 9 2 1 1 1454 3140 2432 4879 8475 8476
2863 9 2 1 1 1229 1684 3274 7064 8477 8478
2864 9 2 1 1 1230 1683 3273 7066 8479 8480
2865 9 2 1 1 770 2520 2300 8481 7943 8312
2866 9 2 1 1 769 2519 2299 8482 7940 8311
2867 9 2 1 1 1203 1977 1700 4316 5699 8483
2868 9 2 1 1 1204 1978 1699 4318 5701 8484
2869 9 2 1 1 1305 2108 2728 8485 6532 8486
2870 9 2 1 1 1306 2107 2727 8487 6534 8488
2871 9 2 1 1 897 1752 2765 6646 7360 5977
2872 9 2 1 1 898 1751 2766 6643 7363 5979
2873 9 2 1 1 885 2331 2541 7223 8489 8490
2874 9 2 1 1 886 2332 2542 7225 8491 8492
2875 9 2 1 1 1153 2323 2480 8493 8494 8495
2876 9 2 1 1 1154 2324 2479 8496 8497 8498
2877 9 2 1 1 973 2253 1592 8499 6813 7375
2878 9 2 1 1 974 2254 1591 8500 6815 7378
2879 9 2 1 1 674 1939 675 8501 7642 714
2880 9 2 1 1 595 1940 596 8502 7641 635
2881 9 2 1 1 1187 2725 1747 8503 8504 8505
2882 9 2 1 1 1188 2726 1748 8506 8507 8508
2883 9 2 1 1 779 1850 2363 8096 8509 8510
2884 9 2 1 1 780 1849 2364 8093 8511 8512
2885 9 2 1 1 1170 2363 1850 8513 8509 7665
2886 9 2 1 1 1169 2364 1849 8514 8511 7666
2887 9 2 1 1 1255 1888 2034 7981 6856 8515
2888 9 2 1 1 1256 1887 2033 7982 6855 8516
2889 9 2 1 1 1107 1515 2425 6634 8517 8518
2890 9 2 1 1 1108 1516 2426 6636 8519 8520
2891 9 2 1 1 795 3249 2779 8521 4496 8522
2892 9 2 1 1 796 3250 2780 8523 4499 8524
2893 9 2 1 1 1393 1811 2299 3747 4891 7939
2894 9 2 1 1 1394 1812 2300 3748 4889 7942
2895 9 2 1 1 966 1685 2851 4482 8525 8526
2896 9 2 1 1 965 1686 2852 4484 8527 8528
2897 9 2 1 1 621 2435 1737 8529 8530 5725
2898 9 2 1 1 700 2436 1738 8531 8532 5727
2899 9 2 1 1 1263 1823 2829 8533 8308 5643
2900 9 2 1 1 1264 1824 2830 8534 8310 5645
2901 9 2 1 1 1706 3196 1909 7801 3435 6301
2902 9 2 1 1 1705 3195 1910 7803 3438 6298
2903 9 2 1 1 1009 2073 1987 8535 8536 6293
2904 9 2 1 1 1010 2074 1988 8537 8538 6295
2905 9 2 1 1 1379 2024 3228 8539 5149 8145
2906 9 2 1 1 1380 2023 3227 8540 5146 8148
2907 9 2 1 1 599 1945 600 7777 8541 639
2908 9 2 1 1 678 1946 679 7778 8542 718
2909 9 2 1 1 1001 3372 1698 5554 8543 3902
2910 9 2 1 1 1002 3371 1697 5556 8544 3899
2911 9 2 1 1 997 2471 1691 5338 5049 8133
2912 9 2 1 1 998 2472 1692 5340 5051 8134
2913 9 2 1 1 1158 2275 1489 3487 8545 7729
2914 9 2 1 1 1157 2276 1490 3490 8546 7732
2915 9 2 1 1 1891 2349 3135 8547 8548 8058
2916 9 2 1 1 1892 2350 3136 8549 8550 8061
2917 9 2 1 1 793 1707 2383 8551 3626 8552
2918 9 2 1 1 794 1708 2384 8553 3629 8554
2919 9 2 1 1 344 345 2291 478 8555 5535
2920 9 2 1 1 50 51 2292 184 8556 5538
2921 9 2 1 1 1170 2750 2363 8557 8558 8513
2922 9 2 1 1 1169 2749 2364 8559 8560 8514
2923 9 2 1 1 1257 1695 2446 4521 8561 8562
2924 9 2 1 1 1258 1696 2445 4524 8563 8564
2925 9 2 1 1 784 1956 2437 8565 7837 8566
2926 9 2 1 1 783 1955 2438 8567 7840 8568
2927 9 2 1 1 1033 1855 2603 6691 4548 8569
2928 9 2 1 1 1034 1856 2604 6692 4550 8570
2929 9 2 1 1 979 1741 2575 7314 8422 7029
2930 9 2 1 1 980 1742 2576 7316 8424 7027
2931 9 2 1 1 997 2067 3209 5305 8571 8572
2932 9 2 1 1 998 2068 3210 5308 8573 8574
2933 9 2 1 1 1497 3067 2159 5284 8575 5519
2934 9 2 1 1 1498 3068 2160 5286 8576 5521
2935 9 2 1 1 1207 2329 2147 8577 7652 6577
2936 9 2 1 1 1208 2330 2148 8578 7655 6579
2937 9 2 1 1 380 2620 2279 8579 8580 8581
2938 9 2 1 1 86 2619 2280 8582 8583 8584
2939 9 2 1 1 1415 2149 2013 4168 8585 4329
2940 9 2 1 1 1416 2150 2014 4171 8586 4331
2941 9 2 1 1 869 2013 2149 6107 8585 6023
2942 9 2 1 1 870 2014 2150 6110 8586 6025
2943 9 2 1 1 1145 2449 1773 8587 8588 8589
2944 9 2 1 1 1146 2450 1774 8590 8591 8592
2945 9 2 1 1 903 2382 1811 8593 8594 3741
2946 9 2 1 1 904 2381 1812 8595 8596 3744
2947 9 2 1 1 1937 3361 2653 8597 8598 7411
2948 9 2 1 1 1938 3362 2654 8599 8600 7412
2949 9 2 1 1 305 2313 1726 8601 8602 4572
2950 9 2 1 1 11 2314 1725 8603 8604 4571
2951 9 2 1 1 1149 1691 3093 3815 7934 8605
2952 9 2 1 1 1150 1692 3094 3818 7936 8606
2953 9 2 1 1 100 101 2015 234 7671 8607
2954 9 2 1 1 394 395 2016 528 7674 8608
2955 9 2 1 1 857 2751 2048 8609 8610 8611
2956 9 2 1 1 858 2752 2047 8612 8613 8614
2957 9 2 1 1 979 2272 2033 4274 8615 7313
2958 9 2 1 1 980 2271 2034 4271 8616 7315
2959 9 2 1 1 854 1954 2624 7557 8617 8618
2960 9 2 1 1 853 1953 2623 7560 8619 8620
2961 9 2 1 1 1350 2619 1772 8621 8622 7345
2962 9 2 1 1 1349 2620 1771 8623 8624 7348
2963 9 2 1 1 1474 3085 1973 8625 8626 7477
2964 9 2 1 1 1473 3086 1974 8627 8628 7479
2965 9 2 1 1 619 1993 1739 8629 6033 5857
2966 9 2 1 1 698 1994 1740 8630 6030 5859
2967 9 2 1 1 1145 1773 2361 8589 8343 8631
2968 9 2 1 1 1146 1774 2362 8592 8340 8632
2969 9 2 1 1 853 1682 2611 3407 8633 7558
2970 9 2 1 1 854 1681 2612 3409 8634 7555
2971 9 2 1 1 1569 1973 2428 5250 8635 6352
2972 9 2 1 1 1570 1974 2427 5253 8636 6355
2973 9 2 1 1 13 14 2583 147 6528 8637
2974 9 2 1 1 307 308 2584 441 6530 8638
2975 9 2 1 1 59 2298 1787 8639 8640 5714
2976 9 2 1 1 353 2297 1788 8641 8642 5711
2977 9 2 1 1 620 1739 2435 5858 8643 8644
2978 9 2 1 1 699 1740 2436 5860 8645 8646
2979 9 2 1 1 1322 2154 2417 8647 8648 8649
2980 9 2 1 1 1321 2153 2418 8650 8651 8652
2981 9 2 1 1 1226 2965 1807 8653 8654 5417
2982 9 2 1 1 1225 2966 1808 8655 8656 5420
2983 9 2 1 1 2 274 2665 287 7901 8657
2984 9 2 1 1 4 568 2666 581 7904 8658
2985 9 2 1 1 3 2668 286 8659 7908 300
2986 9 2 1 1 1 2667 580 8660 7905 594
2987 9 2 1 1 1019 2385 2403 3469 8661 8662
2988 9 2 1 1 1020 2386 2404 3471 8663 8664
2989 9 2 1 1 1013 2401 2387 8665 8666 4165
2990 9 2 1 1 1014 2402 2388 8667 8668 4166
2991 9 2 1 1 999 1773 2449 8669 8588 8670
2992 9 2 1 1 1000 1774 2450 8671 8591 8672
2993 9 2 1 1 1173 1725 2655 5696 8673 6785
2994 9 2 1 1 1174 1726 2656 5698 8674 6787
2995 9 2 1 1 1097 1905 1525 8675 5773 8676
2996 9 2 1 1 1098 1906 1526 8677 5775 8678
2997 9 2 1 1 880 2417 2154 8679 8648 6619
2998 9 2 1 1 879 2418 2153 8680 8651 6617
2999 9 2 1 1 1369 1837 3267 7811 8681 5481
3000 9 2 1 1 1370 1838 3268 7814 8682 5482
3001 9 2 1 1 1041 2065 3154 6844 8683 8103
3002 9 2 1 1 1042 2066 3153 6846 8684 8101
3003 9 2 1 1 819 1973 3085 8685 8626 8686
3004 9 2 1 1 820 1974 3086 8687 8628 8688
3005 9 2 1 1 24 25 2019 158 7843 8689
3006 9 2 1 1 318 319 2020 452 7846 8690
3007 9 2 1 1 1011 2373 2389 8691 8692 4163
3008 9 2 1 1 1012 2374 2390 8693 8694 4164
3009 9 2 1 1 841 1961 2651 4697 8695 7945
3010 9 2 1 1 842 1962 2652 4700 8696 7947
3011 9 2 1 1 994 2656 1726 6817 8674 8697
3012 9 2 1 1 993 2655 1725 6818 8673 8698
3013 9 2 1 1 136 2683 1829 8699 6789 7059
3014 9 2 1 1 430 2684 1830 8700 6791 7061
3015 9 2 1 1 1453 3033 2733 8701 8702 8703
3016 9 2 1 1 1454 3034 2734 8704 8705 8706
3017 9 2 1 1 1175 2179 2765 3499 8707 7359
3018 9 2 1 1 1176 2180 2766 3502 8708 7362
3019 9 2 1 1 769 2305 2925 6315 8709 8710
3020 9 2 1 1 770 2306 2926 6318 8711 8712
3021 9 2 1 1 1301 1959 2592 8713 7308 7151
3022 9 2 1 1 1302 1960 2591 8714 7310 7153
3023 9 2 1 1 1075 2045 2771 6957 8715 8716
3024 9 2 1 1 1076 2046 2772 6958 8717 8718
3025 9 2 1 1 1017 2293 1743 8719 8720 6019
3026 9 2 1 1 1018 2294 1744 8721 8722 6021
3027 9 2 1 1 801 2511 1785 3809 8723 5689
3028 9 2 1 1 802 2512 1786 3811 8724 5692
3029 9 2 1 1 799 1783 2503 8185 8725 3802
3030 9 2 1 1 800 1784 2504 8188 8726 3804
3031 9 2 1 1 1297 3069 1859 7432 8727 8728
3032 9 2 1 1 1298 3070 1860 7434 8729 8730
3033 9 2 1 1 811 1765 3315 8244 8731 8732
3034 9 2 1 1 812 1766 3316 8246 8733 8734
3035 9 2 1 1 1399 2815 1682 8735 8736 3401
3036 9 2 1 1 1400 2816 1681 8737 8738 3404
3037 9 2 1 1 701 1971 702 8226 8739 741
3038 9 2 1 1 622 1972 623 8225 8740 662
3039 9 2 1 1 1417 1953 2611 8741 7559 6485
3040 9 2 1 1 1418 1954 2612 8742 7556 6482
3041 9 2 1 1 2 2665 139 8657 8743 273
3042 9 2 1 1 4 2666 433 8658 8744 567
3043 9 2 1 1 3 301 2668 434 8395 8659
3044 9 2 1 1 1 7 2667 140 8398 8660
3045 9 2 1 1 793 3027 1707 3974 8745 8551
3046 9 2 1 1 794 3028 1708 3976 8746 8553
3047 9 2 1 1 758 3308 2063 8747 8748 8749
3048 9 2 1 1 757 3307 2064 8750 8751 8752
3049 9 2 1 1 1358 3177 1863 7383 7823 8753
3050 9 2 1 1 1357 3178 1864 7386 7820 8754
3051 9 2 1 1 1395 2327 3217 7780 8755 8756
3052 9 2 1 1 1396 2328 3218 7782 8757 8758
3053 9 2 1 1 929 3105 2843 4728 5388 6567
3054 9 2 1 1 930 3106 2844 4730 5391 6569
3055 9 2 1 1 1083 1823 2349 6968 8759 8760
3056 9 2 1 1 1084 1824 2350 6970 8761 8762
3057 9 2 1 1 1201 2803 1729 8763 8764 6589
3058 9 2 1 1 1202 2804 1730 8765 8766 6591
3059 9 2 1 1 875 1729 2803 6878 8764 8767
3060 9 2 1 1 876 1730 2804 6880 8766 8768
3061 9 2 1 1 1263 2349 1823 8769 8759 8533
3062 9 2 1 1 1264 2350 1824 8770 8761 8534
3063 9 2 1 1 1613 2495 1883 8771 8772 5427
3064 9 2 1 1 1614 2496 1884 8773 8774 5430
3065 9 2 1 1 1518 2363 2750 8775 8558 4953
3066 9 2 1 1 1517 2364 2749 8776 8560 4955
3067 9 2 1 1 1185 2703 1717 8777 8005 4721
3068 9 2 1 1 1186 2704 1718 8778 8007 4724
3069 9 2 1 1 1294 2136 2877 3855 8779 8780
3070 9 2 1 1 1293 2135 2878 3852 8781 8782
3071 9 2 1 1 957 2204 3201 8783 8784 8785
3072 9 2 1 1 958 2203 3202 8786 8787 8788
3073 9 2 1 1 955 3197 2210 8789 8790 8791
3074 9 2 1 1 956 3198 2209 8792 8793 8794
3075 9 2 1 1 1671 2569 2819 8795 8796 8797
3076 9 2 1 1 1672 2570 2820 8798 8799 8800
3077 9 2 1 1 1311 1828 2962 8801 8802 8803
3078 9 2 1 1 1312 1827 2961 8804 8805 8806
3079 9 2 1 1 1011 2961 1827 3427 8805 8807
3080 9 2 1 1 1012 2962 1828 3429 8802 8808
3081 9 2 1 1 953 2277 3199 7956 8809 8810
3082 9 2 1 1 954 2278 3200 7958 8811 8812
3083 9 2 1 1 1078 2747 2058 8813 6594 8814
3084 9 2 1 1 1077 2748 2057 8815 6597 8816
3085 9 2 1 1 854 2624 2464 8618 8817 8818
3086 9 2 1 1 853 2623 2463 8620 8819 8820
3087 9 2 1 1 25 26 2081 159 6454 7841
3088 9 2 1 1 319 320 2082 453 6456 7844
3089 9 2 1 1 30 31 2083 164 6659 6457
3090 9 2 1 1 324 325 2084 458 6662 6459
3091 9 2 1 1 37 38 2085 171 6665 6465
3092 9 2 1 1 331 332 2086 465 6668 6467
3093 9 2 1 1 115 116 2087 249 6470 6669
3094 9 2 1 1 409 410 2088 543 6472 6672
3095 9 2 1 1 108 109 2089 242 6462 6675
3096 9 2 1 1 402 403 2090 536 6464 6678
3097 9 2 1 1 101 102 2091 235 6450 7669
3098 9 2 1 1 395 396 2092 529 6452 7672
3099 9 2 1 1 949 1665 2487 4038 8821 7099
3100 9 2 1 1 950 1666 2488 4040 8822 7101
3101 9 2 1 1 1474 2789 2132 8823 8824 8825
3102 9 2 1 1 1473 2790 2131 8826 8827 8828
3103 9 2 1 1 775 3017 2276 8829 7562 3721
3104 9 2 1 1 776 3018 2275 8830 7565 3723
3105 9 2 1 1 915 2132 2789 8831 8824 5819
3106 9 2 1 1 916 2131 2790 8832 8827 5817
3107 9 2 1 1 1351 2596 2524 6420 8833 8834
3108 9 2 1 1 1352 2595 2523 6422 8835 8836
3109 9 2 1 1 901 1745 2327 7972 8837 8253
3110 9 2 1 1 902 1746 2328 7974 8838 8255
3111 9 2 1 1 69 1988 2074 7311 8538 8839
3112 9 2 1 1 363 1987 2073 7312 8536 8840
3113 9 2 1 1 1249 1710 2875 4383 8841 8842
3114 9 2 1 1 1250 1709 2876 4386 8843 8844
3115 9 2 1 1 1165 2503 1783 8845 8725 7533
3116 9 2 1 1 1166 2504 1784 8846 8726 7536
3117 9 2 1 1 1163 1785 2511 7543 8723 8847
3118 9 2 1 1 1164 1786 2512 7546 8724 8848
3119 9 2 1 1 1547 3058 2476 6155 8849 8850
3120 9 2 1 1 1548 3057 2475 6158 8851 8852
3121 9 2 1 1 861 1767 2473 5008 8853 8854
3122 9 2 1 1 862 1768 2474 5010 8855 8856
3123 9 2 1 1 1143 2473 1767 3523 8853 8857
3124 9 2 1 1 1144 2474 1768 3526 8855 8858
3125 9 2 1 1 2992 1119 2163 8305 8859 8860
3126 9 2 1 1 2991 1120 2164 8306 8861 8862
3127 9 2 1 1 123 124 2903 257 8863 8127
3128 9 2 1 1 417 418 2904 551 8864 8130
3129 9 2 1 1 1671 2775 2569 5821 8388 8795
3130 9 2 1 1 1672 2776 2570 5823 8391 8798
3131 9 2 1 1 68 69 2074 202 8839 8865
3132 9 2 1 1 362 363 2073 496 8840 8866
3133 9 2 1 1 121 2347 2567 5281 8867 8323
3134 9 2 1 1 415 2348 2568 5282 8868 8324
3135 9 2 1 1 1219 2905 1767 8869 8870 4921
3136 9 2 1 1 1220 2906 1768 8871 8872 4924
3137 9 2 1 1 1049 1706 2862 7802 8138 8873
3138 9 2 1 1 1050 1705 2861 7804 8136 8874
3139 9 2 1 1 96 97 2098 230 8875 6385
3140 9 2 1 1 390 391 2097 524 8876 6383
3141 9 2 1 1 1487 2133 3049 8877 8318 8878
3142 9 2 1 1 1488 2134 3050 8879 8321 8880
3143 9 2 1 1 1485 1969 3191 7122 8881 3641
3144 9 2 1 1 1486 1970 3192 7120 8882 3638
3145 9 2 1 1 1067 3191 1969 5855 8881 8883
3146 9 2 1 1 1068 3192 1970 5856 8882 8884
3147 9 2 1 1 1497 3253 1747 5370 8885 3960
3148 9 2 1 1 1498 3254 1748 5372 8886 3963
3149 9 2 1 1 1035 3300 1459 8887 4621 6535
3150 9 2 1 1 1036 3299 1460 8888 4624 6537
3151 9 2 1 1 1138 2095 1492 8889 5589 8890
3152 9 2 1 1 1137 2096 1491 8891 5587 8892
3153 9 2 1 1 1881 3327 2461 8893 8894 8895
3154 9 2 1 1 1882 3328 2462 8896 8897 8898
3155 9 2 1 1 3327 1133 2461 8899 7460 8894
3156 9 2 1 1 3328 1134 2462 8900 7462 8897
3157 9 2 1 1 1051 2953 1829 8901 8902 7505
3158 9 2 1 1 1052 2954 1830 8903 8904 7507
3159 9 2 1 1 847 2256 2930 8905 8906 7864
3160 9 2 1 1 848 2255 2929 8907 8908 7861
3161 9 2 1 1 135 1829 2185 7060 8909 8910
3162 9 2 1 1 429 1830 2186 7062 8911 8912
3163 9 2 1 1 1029 1711 3313 4977 8913 8914
3164 9 2 1 1 1030 1712 3314 4980 8915 8916
3165 9 2 1 1 817 2101 2869 6810 8917 8918
3166 9 2 1 1 818 2102 2870 6812 8919 8920
3167 9 2 1 1 1225 1736 2966 6777 8921 8655
3168 9 2 1 1 1226 1735 2965 6780 8922 8653
3169 9 2 1 1 762 2965 1735 8923 8922 4203
3170 9 2 1 1 761 2966 1736 8924 8921 4205
3171 9 2 1 1 798 1722 2708 7079 7553 8925
3172 9 2 1 1 797 1721 2707 7082 7550 8926
3173 9 2 1 1 1657 2706 1861 7931 8927 5361
3174 9 2 1 1 1658 2705 1862 7932 8928 5363
3175 9 2 1 1 710 1986 711 8929 8930 750
3176 9 2 1 1 631 1985 632 8931 8932 671
3177 9 2 1 1 1679 1914 2836 5529 8933 7512
3178 9 2 1 1 1680 1913 2835 5526 8934 7515
3179 9 2 1 1 1543 2499 3083 6174 8935 8936
3180 9 2 1 1 1544 2500 3084 6177 8937 8938
3181 9 2 1 1 758 2063 3306 8749 7850 8939
3182 9 2 1 1 757 2064 3305 8752 7852 8940
3183 9 2 1 1 1176 1751 2862 7364 8941 8137
3184 9 2 1 1 1175 1752 2861 7361 8942 8135
3185 9 2 1 1 1065 2133 2633 8319 8943 7595
3186 9 2 1 1 1066 2134 2634 8322 8944 7597
3187 9 2 1 1 1138 2579 2095 8945 8464 8889
3188 9 2 1 1 1137 2580 2096 8946 8467 8891
3189 9 2 1 1 955 2210 3181 8791 8947 8948
3190 9 2 1 1 956 2209 3182 8794 8949 8950
3191 9 2 1 1 994 1726 3134 8697 8951 7005
3192 9 2 1 1 993 1725 3133 8698 8952 7008
3193 9 2 1 1 1026 1718 3366 4764 8953 8954
3194 9 2 1 1 1025 1717 3365 4762 8955 8956
3195 9 2 1 1 859 2477 1789 8957 8958 5125
3196 9 2 1 1 860 2478 1790 8959 8960 5127
3197 9 2 1 1 1631 3239 2077 6928 8961 5276
3198 9 2 1 1 1632 3240 2078 6930 8962 5278
3199 9 2 1 1 1127 2371 2001 8963 8964 8965
3200 9 2 1 1 1128 2372 2002 8966 8967 8968
3201 9 2 1 1 1110 1754 2695 5850 8969 8970
3202 9 2 1 1 1109 1753 2696 5852 8971 8972
3203 9 2 1 1 866 2845 2318 6682 8973 6041
3204 9 2 1 1 865 2846 2317 6684 8974 6044
3205 9 2 1 1 1597 2318 2845 4905 8973 4209
3206 9 2 1 1 1598 2317 2846 4902 8974 4207
3207 9 2 1 1 1015 3295 1746 8975 8976 3671
3208 9 2 1 1 1016 3296 1745 8977 8978 3673
3209 9 2 1 1 778 2922 1989 8979 4411 8980
3210 9 2 1 1 777 2921 1990 8981 4409 8982
3211 9 2 1 1 1151 1789 2477 8983 8958 3515
3212 9 2 1 1 1152 1790 2478 8984 8960 3518
3213 9 2 1 1 1523 2992 2163 4311 8860 5601
3214 9 2 1 1 1524 2991 2164 4314 8862 5603
3215 9 2 1 1 1335 2331 1765 8985 3614 8237
3216 9 2 1 1 1336 2332 1766 8986 3616 8240
3217 9 2 1 1 1057 3119 1729 8987 8988 5597
3218 9 2 1 1 1058 3120 1730 8989 8990 5599
3219 9 2 1 1 1465 3303 1895 7243 8991 6495
3220 9 2 1 1 1466 3304 1896 7244 8992 6497
3221 9 2 1 1 855 2105 1844 4996 8993 4247
3222 9 2 1 1 856 2106 1843 4994 8994 4249
3223 9 2 1 1 126 2329 1769 8995 8996 6407
3224 9 2 1 1 420 2330 1770 8997 8998 6409
3225 9 2 1 1 806 2598 1591 8999 7379 9000
3226 9 2 1 1 805 2597 1592 9001 7376 9002
3227 9 2 1 1 1266 2466 1898 9003 8229 6870
3228 9 2 1 1 1265 2465 1897 9004 8231 6867
3229 9 2 1 1 618 1993 619 9005 8629 658
3230 9 2 1 1 697 1994 698 9006 8630 737
3231 9 2 1 1 1705 2043 2603 7237 9007 6858
3232 9 2 1 1 1706 2044 2604 7238 9008 6860
3233 9 2 1 1 103 104 2187 237 7249 6881
3234 9 2 1 1 397 398 2188 531 7252 6883
3235 9 2 1 1 110 111 2189 244 7255 6885
3236 9 2 1 1 404 405 2190 538 7258 6887
3237 9 2 1 1 28 29 2193 162 6890 5935
3238 9 2 1 1 322 323 2194 456 6892 5938
3239 9 2 1 1 35 36 2191 169 6894 7259
3240 9 2 1 1 329 330 2192 463 6896 7262
3241 9 2 1 1 27 28 2195 161 5937 6897
3242 9 2 1 1 321 322 2196 455 5940 6899
3243 9 2 1 1 1629 3217 2327 9009 8755 9010
3244 9 2 1 1 1630 3218 2328 9011 8757 9012
3245 9 2 1 1 301 302 2859 435 6348 8393
3246 9 2 1 1 7 8 2860 141 6350 8396
3247 9 2 1 1 1115 1853 2251 9013 9014 9015
3248 9 2 1 1 1116 1854 2252 9016 9017 9018
3249 9 2 1 1 795 1743 3291 8157 9019 9020
3250 9 2 1 1 796 1744 3292 8160 9021 9022
3251 9 2 1 1 771 2151 2661 7752 9023 7509
3252 9 2 1 1 772 2152 2662 7754 9024 7510
3253 9 2 1 1 985 3112 1733 9025 9026 9027
3254 9 2 1 1 986 3111 1734 9028 9029 9030
3255 9 2 1 1 1721 3202 2203 8120 8787 8139
3256 9 2 1 1 1722 3201 2204 8122 8784 8141
3257 9 2 1 1 1415 2661 2151 4222 9023 4305
3258 9 2 1 1 1416 2662 2152 4225 9024 4307
3259 9 2 1 1 1736 2113 2748 6776 9031 9032
3260 9 2 1 1 1735 2114 2747 6779 9033 9034
3261 9 2 1 1 55 2600 1918 9035 5846 9036
3262 9 2 1 1 349 2599 1917 9037 5848 9038
3263 9 2 1 1 87 88 2984 221 9039 8031
3264 9 2 1 1 381 382 2983 515 9040 8034
3265 9 2 1 1 1183 2753 1733 6329 9041 9042
3266 9 2 1 1 1184 2754 1734 6327 9043 9044
3267 9 2 1 1 985 1733 2753 9027 9041 9045
3268 9 2 1 1 986 1734 2754 9030 9043 9046
3269 9 2 1 1 1467 2649 1929 5991 9047 4665
3270 9 2 1 1 1468 2650 1930 5994 9048 4667
3271 9 2 1 1 1719 2209 3198 8180 8793 9049
3272 9 2 1 1 1720 2210 3197 8182 8790 9050
3273 9 2 1 1 835 2250 1759 6397 9051 9052
3274 9 2 1 1 836 2249 1760 6400 9053 9054
3275 9 2 1 1 1451 2731 3181 9055 9056 9057
3276 9 2 1 1 1452 2732 3182 9058 9059 9060
3277 9 2 1 1 1218 2438 2644 7616 7839 9061
3278 9 2 1 1 1217 2437 2643 7618 7836 9062
3279 9 2 1 1 776 1727 2588 3724 9063 5533
3280 9 2 1 1 775 1728 2587 3722 9064 5531
3281 9 2 1 1 1115 2981 2669 9065 9066 7245
3282 9 2 1 1 1116 2982 2670 9067 9068 7246
3283 9 2 1 1 1367 3333 1781 9069 9070 5647
3284 9 2 1 1 1368 3334 1782 9071 9072 5649
3285 9 2 1 1 1637 2470 3302 6138 9073 9074
3286 9 2 1 1 1638 2469 3301 6137 9075 9076
3287 9 2 1 1 1015 3267 1837 7627 8681 9077
3288 9 2 1 1 1016 3268 1838 7628 8682 9078
3289 9 2 1 1 1375 2389 2373 7518 8692 7435
3290 9 2 1 1 1376 2390 2374 7520 8694 7437
3291 9 2 1 1 1661 3107 2256 7127 9079 9080
3292 9 2 1 1 1662 3108 2255 7124 9081 9082
3293 9 2 1 1 867 2669 2676 7000 9083 6807
3294 9 2 1 1 868 2670 2675 6998 9084 6805
3295 9 2 1 1 1403 2291 2420 6202 9085 9086
3296 9 2 1 1 1404 2292 2419 6204 9087 9088
3297 9 2 1 1 1210 2420 2291 9089 9085 9090
3298 9 2 1 1 1209 2419 2292 9091 9087 9092
3299 9 2 1 1 1411 2995 2639 9093 9094 9095
3300 9 2 1 1 1412 2996 2640 9096 9097 9098
3301 9 2 1 1 1044 2251 1853 9099 9014 9100
3302 9 2 1 1 1043 2252 1854 9101 9017 9102
3303 9 2 1 1 1371 2403 2385 9103 8661 9104
3304 9 2 1 1 1372 2404 2386 9105 8663 9106
3305 9 2 1 1 1373 2387 2401 8152 8666 7443
3306 9 2 1 1 1374 2388 2402 8154 8668 7445
3307 9 2 1 1 1078 1735 2747 4179 9034 8813
3308 9 2 1 1 1077 1736 2748 4182 9032 8815
3309 9 2 1 1 1183 1733 2693 9042 5332 9107
3310 9 2 1 1 1184 1734 2694 9044 5335 9108
3311 9 2 1 1 1215 2636 1521 9109 6245 7915
3312 9 2 1 1 1216 2635 1522 9110 6243 7917
3313 9 2 1 1 623 1999 624 9111 9112 663
3314 9 2 1 1 702 2000 703 9113 9114 742
3315 9 2 1 1 789 1753 2486 9115 6394 9116
3316 9 2 1 1 790 1754 2485 9117 6392 9118
3317 9 2 1 1 1292 2711 2994 9119 5842 9120
3318 9 2 1 1 1291 2712 2993 9121 5844 9122
3319 9 2 1 1 1491 2597 2199 9123 9124 9125
3320 9 2 1 1 1492 2598 2200 9126 9127 9128
3321 9 2 1 1 1011 1827 2373 8807 9129 8691
3322 9 2 1 1 1012 1828 2374 8808 9130 8693
3323 9 2 1 1 1712 2669 2981 9131 9066 9132
3324 9 2 1 1 1711 2670 2982 9133 9068 9134
3325 9 2 1 1 1231 1781 2919 9135 9136 9137
3326 9 2 1 1 1232 1782 2920 9138 9139 9140
3327 9 2 1 1 1712 2676 2669 5040 9083 9131
3328 9 2 1 1 1711 2675 2670 5038 9084 9133
3329 9 2 1 1 1395 2365 2911 9141 9142 4075
3330 9 2 1 1 1396 2366 2912 9143 9144 4077
3331 9 2 1 1 1307 1775 3137 5403 9145 9146
3332 9 2 1 1 1308 1776 3138 5406 9147 9148
3333 9 2 1 1 975 3137 1775 4871 9145 7453
3334 9 2 1 1 976 3138 1776 4874 9147 7456
3335 9 2 1 1 1307 3139 1777 9149 9150 5401
3336 9 2 1 1 1308 3140 1778 9151 9152 5404
3337 9 2 1 1 977 1777 3139 7449 9150 4875
3338 9 2 1 1 978 1778 3140 7452 9152 4878
3339 9 2 1 1 805 2199 2597 6802 9124 9001
3340 9 2 1 1 806 2200 2598 6804 9127 8999
3341 9 2 1 1 1453 2733 2119 8703 9153 4949
3342 9 2 1 1 1454 2734 2120 8706 9154 4951
3343 9 2 1 1 1451 2117 2731 4946 9155 9055
3344 9 2 1 1 1452 2118 2732 4948 9156 9058
3345 9 2 1 1 349 1917 2916 9038 9157 9158
3346 9 2 1 1 55 1918 2915 9036 9159 9160
3347 9 2 1 1 1239 1789 2971 5107 9161 9162
3348 9 2 1 1 1240 1790 2972 5110 9163 9164
3349 9 2 1 1 1019 2403 1841 8662 9165 9166
3350 9 2 1 1 1020 2404 1842 8664 9167 9168
3351 9 2 1 1 1013 1835 2401 9169 9170 8665
3352 9 2 1 1 1014 1836 2402 9171 9172 8667
3353 9 2 1 1 805 1592 2360 9002 9173 4884
3354 9 2 1 1 806 1591 2359 9000 9174 4887
3355 9 2 1 1 1171 2819 2569 9175 8796 6339
3356 9 2 1 1 1172 2820 2570 9176 8799 6337
3357 9 2 1 1 1521 2941 1975 6246 8413 4966
3358 9 2 1 1 1522 2942 1976 6244 8410 4969
3359 9 2 1 1 1564 2730 3086 3665 9177 9178
3360 9 2 1 1 1563 2729 3085 3662 9179 9180
3361 9 2 1 1 1180 2231 1931 9181 9182 9183
3362 9 2 1 1 1179 2232 1932 9184 9185 9186
3363 9 2 1 1 1883 3323 2527 9187 9188 9189
3364 9 2 1 1 1884 3324 2528 9190 9191 9192
3365 9 2 1 1 3323 1131 2527 9193 7522 9188
3366 9 2 1 1 3324 1132 2528 9194 7524 9191
3367 9 2 1 1 784 2437 1757 8566 3634 3473
3368 9 2 1 1 783 2438 1758 8568 3631 3476
3369 9 2 1 1 603 2157 604 7130 9195 643
3370 9 2 1 1 682 2158 683 7132 9196 722
3371 9 2 1 1 282 283 2071 296 9197 7419
3372 9 2 1 1 576 577 2072 590 9198 7421
3373 9 2 1 1 849 3317 1775 9199 9200 5407
3374 9 2 1 1 850 3318 1776 9201 9202 5409
3375 9 2 1 1 849 1777 3319 5408 9203 5449
3376 9 2 1 1 850 1778 3320 5410 9204 5451
3377 9 2 1 1 1259 2953 1947 9205 9206 7469
3378 9 2 1 1 1260 2954 1948 9207 9208 7471
3379 9 2 1 1 968 3281 2380 4128 9209 8281
3380 9 2 1 1 967 3282 2379 4130 9210 8283
3381 9 2 1 1 963 1767 2905 9211 8870 3702
3382 9 2 1 1 964 1768 2906 9212 8872 3704
3383 9 2 1 1 1120 2156 2164 6728 6722 8861
3384 9 2 1 1 1119 2155 2163 6726 6724 8859
3385 9 2 1 1 13 2583 2353 8637 9213 5581
3386 9 2 1 1 307 2584 2354 8638 9214 5582
3387 9 2 1 1 1256 2033 2272 8516 8615 9215
3388 9 2 1 1 1255 2034 2271 8515 8616 9216
3389 9 2 1 1 1409 2227 2973 9217 9218 8009
3390 9 2 1 1 1410 2228 2974 9219 9220 8012
3391 9 2 1 1 789 3277 2696 9221 5462 9222
3392 9 2 1 1 790 3278 2695 9223 5465 9224
3393 9 2 1 1 1097 1525 2205 8676 9225 9226
3394 9 2 1 1 1098 1526 2206 8678 9227 9228
3395 9 2 1 1 1070 2035 3013 9229 7402 5893
3396 9 2 1 1 1069 2036 3014 9230 7405 5895
3397 9 2 1 1 1723 3199 2277 9231 8809 8453
3398 9 2 1 1 1724 3200 2278 9232 8811 8455
3399 9 2 1 1 1322 2302 2036 9233 9234 9235
3400 9 2 1 1 780 2035 2301 9236 9237 8091
3401 9 2 1 1 1321 2301 2035 9238 9237 9239
3402 9 2 1 1 779 2036 2302 9240 9234 8094
3403 9 2 1 1 131 1895 3303 7796 8991 9241
3404 9 2 1 1 425 1896 3304 7798 8992 9242
3405 9 2 1 1 354 355 2757 488 6954 6257
3406 9 2 1 1 60 61 2758 194 6956 6260
3407 9 2 1 1 1273 1942 2633 6908 7875 9243
3408 9 2 1 1 1274 1941 2634 6910 7876 9244
3409 9 2 1 1 1348 1647 2922 7600 4412 9245
3410 9 2 1 1 1347 1648 2921 7602 4410 9246
3411 9 2 1 1 957 3033 2204 9247 9248 8783
3412 9 2 1 1 958 3034 2203 9249 9250 8786
3413 9 2 1 1 132 3247 1895 9251 8261 7795
3414 9 2 1 1 426 3248 1896 9252 8263 7797
3415 9 2 1 1 631 1905 1985 7991 9253 8931
3416 9 2 1 1 710 1906 1986 7992 9254 8929
3417 9 2 1 1 1383 2200 2122 4911 6803 5377
3418 9 2 1 1 1384 2199 2121 4908 6801 5379
3419 9 2 1 1 1599 3341 2930 9255 7865 3670
3420 9 2 1 1 1600 3342 2929 9256 7862 3668
3421 9 2 1 1 1161 2507 1819 9257 9258 6543
3422 9 2 1 1 1162 2508 1820 9259 9260 6545
3423 9 2 1 1 803 1819 2507 9261 9258 3806
3424 9 2 1 1 804 1820 2508 9262 9260 3808
3425 9 2 1 1 117 118 2637 251 5575 7067
3426 9 2 1 1 411 412 2638 545 5578 7068
3427 9 2 1 1 134 135 2185 268 8910 5897
3428 9 2 1 1 428 429 2186 562 8912 5900
3429 9 2 1 1 1487 3049 1825 8878 8001 7687
3430 9 2 1 1 1488 3050 1826 8880 8003 7690
3431 9 2 1 1 1187 1747 2699 8505 9263 9264
3432 9 2 1 1 1188 1748 2700 8508 9265 9266
3433 9 2 1 1 1543 3181 2210 9267 8947 9268
3434 9 2 1 1 1544 3182 2209 9269 8949 9270
3435 9 2 1 1 847 1779 3252 6848 4927 9271
3436 9 2 1 1 848 1780 3251 6850 4929 9272
3437 9 2 1 1 1143 2701 2567 9273 9274 9275
3438 9 2 1 1 1144 2702 2568 9276 9277 9278
3439 9 2 1 1 1635 2567 2701 5794 9274 7856
3440 9 2 1 1 1636 2568 2702 5796 9277 7859
3441 9 2 1 1 1323 2283 1921 7768 9279 8401
3442 9 2 1 1 1324 2284 1922 7770 9280 8404
3443 9 2 1 1 1029 2273 1832 9281 9282 9283
3444 9 2 1 1 1030 2274 1831 9284 9285 9286
3445 9 2 1 1 969 2971 1789 5017 9161 9287
3446 9 2 1 1 970 2972 1790 5020 9163 9288
3447 9 2 1 1 941 1763 2346 4998 9289 9290
3448 9 2 1 1 942 1764 2345 5000 9291 9292
3449 9 2 1 1 789 2696 1753 9222 8971 9115
3450 9 2 1 1 790 2695 1754 9224 8969 9117
3451 9 2 1 1 1111 1831 2274 9293 9285 9294
3452 9 2 1 1 1112 1832 2273 9295 9282 9296
3453 9 2 1 1 388 389 3332 522 9297 9298
3454 9 2 1 1 94 95 3331 228 9299 9300
3455 9 2 1 1 1365 2658 3097 9301 3916 9302
3456 9 2 1 1 1366 2657 3098 9303 3918 9304
3457 9 2 1 1 1240 2682 2377 9305 5045 5108
3458 9 2 1 1 1239 2681 2378 9306 5047 5105
3459 9 2 1 1 798 2708 3368 8925 5030 9307
3460 9 2 1 1 797 2707 3367 8926 5028 9308
3461 9 2 1 1 1335 2541 2331 9309 8489 8985
3462 9 2 1 1 1336 2542 2332 9310 8491 8986
3463 9 2 1 1 125 1769 2549 6408 9311 9312
3464 9 2 1 1 419 1770 2550 6410 9313 9314
3465 9 2 1 1 1489 2275 1704 8545 7564 8287
3466 9 2 1 1 1490 2276 1703 8546 7561 8285
3467 9 2 1 1 347 348 2316 481 9315 8293
3468 9 2 1 1 53 54 2315 187 9316 8295
3469 9 2 1 1 758 3306 1694 8939 9317 4687
3470 9 2 1 1 757 3305 1693 8940 9318 4685
3471 9 2 1 1 379 380 2279 513 8581 7365
3472 9 2 1 1 85 86 2280 219 8584 7367
3473 9 2 1 1 1441 2125 2805 4338 9319 9320
3474 9 2 1 1 1442 2126 2806 4340 9321 9322
3475 9 2 1 1 803 2805 2125 5490 9319 9323
3476 9 2 1 1 804 2806 2126 5492 9321 9324
3477 9 2 1 1 977 1783 3231 7539 9325 9326
3478 9 2 1 1 978 1784 3232 7540 9327 9328
3479 9 2 1 1 1313 3231 1783 9329 9325 8249
3480 9 2 1 1 1314 3232 1784 9330 9327 8251
3481 9 2 1 1 975 3233 1785 9331 9332 7547
3482 9 2 1 1 976 3234 1786 9333 9334 7548
3483 9 2 1 1 1315 1785 3233 5736 9332 9335
3484 9 2 1 1 1316 1786 3234 5738 9334 9336
3485 9 2 1 1 884 2989 1813 9337 8143 6509
3486 9 2 1 1 883 2990 1814 9338 8144 6507
3487 9 2 1 1 1075 2771 2408 8716 9339 9340
3488 9 2 1 1 1076 2772 2407 8718 9341 9342
3489 9 2 1 1 977 3231 2563 9326 9343 7447
3490 9 2 1 1 978 3232 2564 9328 9344 7450
3491 9 2 1 1 975 2561 3233 7455 9345 9331
3492 9 2 1 1 976 2562 3234 7458 9346 9333
3493 9 2 1 1 1859 3069 3329 8727 9347 9348
3494 9 2 1 1 1860 3070 3330 8729 9349 9350
3495 9 2 1 1 995 3203 1779 9351 9352 6357
3496 9 2 1 1 996 3204 1780 9353 9354 6360
3497 9 2 1 1 1306 1780 3204 4930 9354 9355
3498 9 2 1 1 1305 1779 3203 4928 9352 9356
3499 9 2 1 1 1037 2525 1759 9357 9358 8215
3500 9 2 1 1 1038 2526 1760 9359 9360 8217
3501 9 2 1 1 1349 2279 2620 9361 8580 8623
3502 9 2 1 1 1350 2280 2619 9362 8583 8621
3503 9 2 1 1 1121 2611 1682 6486 8633 6131
3504 9 2 1 1 1122 2612 1681 6483 8634 6132
3505 9 2 1 1 1053 2012 3385 5917 9363 9364
3506 9 2 1 1 1054 2011 3386 5920 9365 9366
3507 9 2 1 1 1138 1492 2200 8890 9128 4910
3508 9 2 1 1 1137 1491 2199 8892 9125 4907
3509 9 2 1 1 1351 2524 1979 8834 9367 3562
3510 9 2 1 1 1352 2523 1980 8836 9368 3565
3511 9 2 1 1 1663 3123 2265 7280 9369 9370
3512 9 2 1 1 1664 3124 2266 7283 9371 9372
3513 9 2 1 1 963 2701 1767 7857 9373 9211
3514 9 2 1 1 964 2702 1768 7860 9374 9212
3515 9 2 1 1 1275 2058 2529 9375 9376 9377
3516 9 2 1 1 1276 2057 2530 9378 9379 9380
3517 9 2 1 1 1839 3333 3353 9381 9382 9383
3518 9 2 1 1 1840 3334 3354 9384 9385 9386
3519 9 2 1 1 826 2529 2058 9387 9376 9388
3520 9 2 1 1 825 2530 2057 9389 9379 9390
3521 9 2 1 1 17 1823 2319 6820 6967 9391
3522 9 2 1 1 311 1824 2320 6822 6969 9392
3523 9 2 1 1 1149 1907 2325 9393 9394 6547
3524 9 2 1 1 1150 1908 2326 9395 9396 6549
3525 9 2 1 1 1053 2325 1907 9397 9394 9398
3526 9 2 1 1 1054 2326 1908 9399 9396 9400
3527 9 2 1 1 1013 2911 1835 4076 9401 9169
3528 9 2 1 1 1014 2912 1836 4078 9402 9171
3529 9 2 1 1 1247 1835 2911 6093 9401 9403
3530 9 2 1 1 1248 1836 2912 6096 9402 9404
3531 9 2 1 1 1015 1837 2907 9077 9405 9406
3532 9 2 1 1 1016 1838 2908 9078 9407 9408
3533 9 2 1 1 1245 2908 1838 9409 9407 6089
3534 9 2 1 1 1246 2907 1837 9410 9405 6090
3535 9 2 1 1 1019 1841 2913 9166 9411 7109
3536 9 2 1 1 1020 1842 2914 9168 9412 7111
3537 9 2 1 1 1247 2913 1841 9413 9411 6091
3538 9 2 1 1 1248 2914 1842 9414 9412 6094
3539 9 2 1 1 381 1771 2620 8036 8624 9415
3540 9 2 1 1 87 1772 2619 8033 8622 9416
3541 9 2 1 1 42 43 2269 176 7878 9417
3542 9 2 1 1 336 337 2270 470 7880 9418
3543 9 2 1 1 2849 2677 987 9419 4617 5343
3544 9 2 1 1 2850 2678 988 9420 4619 5346
3545 9 2 1 1 1769 2677 2849 9421 9419 9422
3546 9 2 1 1 1770 2678 2850 9423 9420 9424
3547 9 2 1 1 1565 2064 3307 7818 8751 9425
3548 9 2 1 1 1566 2063 3308 7816 8748 9426
3549 9 2 1 1 278 2497 1815 9427 9428 4427
3550 9 2 1 1 572 2498 1816 9429 9430 4428
3551 9 2 1 1 613 2041 614 9431 9432 653
3552 9 2 1 1 692 2042 693 9433 9434 732
3553 9 2 1 1 55 56 2600 189 9435 9035
3554 9 2 1 1 349 350 2599 483 9436 9037
3555 9 2 1 1 1001 2681 1765 5048 9437 3613
3556 9 2 1 1 1002 2682 1766 5046 9438 3615
3557 9 2 1 1 126 127 2329 260 7653 8995
3558 9 2 1 1 420 421 2330 554 7656 8997
3559 9 2 1 1 1181 2895 1523 9439 4309 7229
3560 9 2 1 1 1182 2896 1524 9440 4312 7231
3561 9 2 1 1 79 80 2370 213 9441 7276
3562 9 2 1 1 373 374 2369 507 9442 7278
3563 9 2 1 1 1360 1771 2983 5366 8035 9443
3564 9 2 1 1 1359 1772 2984 5368 8032 9444
3565 9 2 1 1 624 2177 625 9445 7169 664
3566 9 2 1 1 703 2178 704 9446 7171 743
3567 9 2 1 1 1061 3279 1801 9447 9448 5441
3568 9 2 1 1 1062 3280 1802 9449 9450 5443
3569 9 2 1 1 843 3333 1839 9451 9381 6083
3570 9 2 1 1 844 3334 1840 9452 9384 6086
3571 9 2 1 1 784 2594 1956 8425 9453 8565
3572 9 2 1 1 783 2593 1955 8426 9454 8567
3573 9 2 1 1 1143 1767 2701 8857 9373 9273
3574 9 2 1 1 1144 1768 2702 8858 9374 9276
3575 9 2 1 1 1151 2583 2739 9455 9456 9457
3576 9 2 1 1 1152 2584 2740 9458 9459 9460
3577 9 2 1 1 859 1795 2477 3949 4511 8957
3578 9 2 1 1 860 1796 2478 3952 4513 8959
3579 9 2 1 1 1344 2479 2324 7808 8497 6523
3580 9 2 1 1 1343 2480 2323 7807 8494 6525
3581 9 2 1 1 1008 1788 3097 9461 9462 3915
3582 9 2 1 1 1007 1787 3098 9463 9464 3917
3583 9 2 1 1 1641 2739 2583 9465 9456 6527
3584 9 2 1 1 1642 2740 2584 9466 9459 6529
3585 9 2 1 1 1111 2873 1831 6865 9467 9293
3586 9 2 1 1 1112 2874 1832 6866 9468 9295
3587 9 2 1 1 1235 1883 2495 9469 8772 4189
3588 9 2 1 1 1236 1884 2496 9470 8774 4191
3589 9 2 1 1 1337 1817 2871 9471 9472 9473
3590 9 2 1 1 1338 1818 2872 9474 9475 9476
3591 9 2 1 1 123 1845 2629 8129 9477 9478
3592 9 2 1 1 417 1846 2630 8132 9479 9480
3593 9 2 1 1 1022 2623 2802 4104 9481 9482
3594 9 2 1 1 1021 2624 2801 4106 9483 9484
3595 9 2 1 1 857 2048 2724 8611 9485 9486
3596 9 2 1 1 858 2047 2723 8614 9487 9488
3597 9 2 1 1 841 1797 3225 7946 5453 9489
3598 9 2 1 1 842 1798 3226 7948 5455 9490
3599 9 2 1 1 1663 2265 3225 9370 9491 9492
3600 9 2 1 1 1664 2266 3226 9372 9493 9494
3601 9 2 1 1 841 3225 2265 9489 9491 9495
3602 9 2 1 1 842 3226 2266 9490 9493 9496
3603 9 2 1 1 1781 3333 2371 9070 9497 9498
3604 9 2 1 1 1782 3334 2372 9072 9499 9500
3605 9 2 1 1 843 2371 3333 9501 9497 9451
3606 9 2 1 1 844 2372 3334 9502 9499 9452
3607 9 2 1 1 1428 2274 2146 9503 9504 4134
3608 9 2 1 1 1427 2273 2145 9505 9506 4132
3609 9 2 1 1 820 1854 2427 5210 9507 9508
3610 9 2 1 1 819 1853 2428 5212 9509 9510
3611 9 2 1 1 348 349 2916 482 9158 9511
3612 9 2 1 1 54 55 2915 188 9160 9512
3613 9 2 1 1 133 134 2409 267 5899 9513
3614 9 2 1 1 427 428 2410 561 5902 9514
3615 9 2 1 1 1322 3007 2154 9515 9516 8647
3616 9 2 1 1 1321 3008 2153 9517 9518 8650
3617 9 2 1 1 1303 1797 3209 5454 9519 9520
3618 9 2 1 1 1304 1798 3210 5456 9521 9522
3619 9 2 1 1 997 3209 1797 8572 9519 5219
3620 9 2 1 1 998 3210 1798 8574 9521 5222
3621 9 2 1 1 1233 1881 2453 9523 8438 3989
3622 9 2 1 1 1234 1882 2454 9524 8440 3991
3623 9 2 1 1 1030 2146 2274 9525 9504 9284
3624 9 2 1 1 1029 2145 2273 9526 9506 9281
3625 9 2 1 1 880 1897 2417 6874 9527 8679
3626 9 2 1 1 879 1898 2418 6876 9528 8680
3627 9 2 1 1 1168 2418 1898 9529 9528 3906
3628 9 2 1 1 1167 2417 1897 9530 9527 3909
3629 9 2 1 1 1486 1893 3169 4455 9531 7119
3630 9 2 1 1 1485 1894 3170 4456 9532 7121
3631 9 2 1 1 907 3147 2307 9533 9534 9535
3632 9 2 1 1 908 3148 2308 9536 9537 9538
3633 9 2 1 1 1141 2069 2515 4974 9539 7869
3634 9 2 1 1 1142 2070 2516 4972 9540 7867
3635 9 2 1 1 1165 2025 2502 9541 9542 9543
3636 9 2 1 1 1166 2026 2501 9544 9545 9546
3637 9 2 1 1 1161 2022 2505 9547 9548 9549
3638 9 2 1 1 1162 2021 2506 9550 9551 9552
3639 9 2 1 1 1163 2509 2023 9553 5233 9554
3640 9 2 1 1 1164 2510 2024 9555 5235 9556
3641 9 2 1 1 913 2673 2955 9557 5152 5759
3642 9 2 1 1 914 2674 2956 9558 5155 5762
3643 9 2 1 1 1154 1694 3340 4858 9559 9560
3644 9 2 1 1 1153 1693 3339 4856 9561 9562
3645 9 2 1 1 838 1909 3175 6302 9563 7659
3646 9 2 1 1 837 1910 3176 6299 9564 7657
3647 9 2 1 1 118 119 2139 252 7144 5573
3648 9 2 1 1 412 413 2140 546 7146 5576
3649 9 2 1 1 815 1774 2893 8341 9565 6551
3650 9 2 1 1 816 1773 2894 8344 9566 6553
3651 9 2 1 1 614 2041 1851 9432 6637 7001
3652 9 2 1 1 693 2042 1852 9434 6638 7003
3653 9 2 1 1 129 1857 2797 6276 8054 9567
3654 9 2 1 1 423 1858 2798 6278 8056 9568
3655 9 2 1 1 1651 2154 3007 7584 9516 7341
3656 9 2 1 1 1652 2153 3008 7586 9518 7339
3657 9 2 1 1 908 2360 1592 9569 9173 3434
3658 9 2 1 1 907 2359 1591 9570 9174 3432
3659 9 2 1 1 1333 2608 2447 9571 9572 9573
3660 9 2 1 1 1334 2607 2448 9574 9575 9576
3661 9 2 1 1 124 125 2549 258 9312 9577
3662 9 2 1 1 418 419 2550 552 9314 9578
3663 9 2 1 1 1245 2368 2909 5630 9579 9580
3664 9 2 1 1 1246 2367 2910 5632 9581 9582
3665 9 2 1 1 803 3345 1819 9583 9584 9261
3666 9 2 1 1 804 3346 1820 9585 9586 9262
3667 9 2 1 1 762 1807 2965 9587 8654 8923
3668 9 2 1 1 761 1808 2966 9588 8656 8924
3669 9 2 1 1 1743 3228 2104 8146 9589 6020
3670 9 2 1 1 1744 3227 2103 8149 9590 6022
3671 9 2 1 1 969 1789 2739 9287 9591 9592
3672 9 2 1 1 970 1790 2740 9288 9593 9594
3673 9 2 1 1 861 2473 1809 8854 4564 3977
3674 9 2 1 1 862 2474 1810 8856 4566 3980
3675 9 2 1 1 1229 2333 1879 9595 7023 9596
3676 9 2 1 1 1230 2334 1880 9597 7024 9598
3677 9 2 1 1 1511 2577 3041 5516 8434 9599
3678 9 2 1 1 1512 2578 3042 5518 8436 9600
3679 9 2 1 1 906 1750 2877 4733 9601 9602
3680 9 2 1 1 905 1749 2878 4736 9603 9604
3681 9 2 1 1 1000 3351 1774 9605 9606 8671
3682 9 2 1 1 999 3352 1773 9607 9608 8669
3683 9 2 1 1 847 3252 2256 9271 9609 8905
3684 9 2 1 1 848 3251 2255 9272 9610 8907
3685 9 2 1 1 1661 2256 3252 9080 9609 9611
3686 9 2 1 1 1662 2255 3251 9082 9610 9612
3687 9 2 1 1 683 2158 1934 9196 8193 8210
3688 9 2 1 1 604 2157 1933 9195 8191 8209
3689 9 2 1 1 1549 2225 1947 6704 9613 5117
3690 9 2 1 1 1550 2226 1948 6707 9614 5119
3691 9 2 1 1 1177 2253 1878 6814 9615 9616
3692 9 2 1 1 1178 2254 1877 6816 9617 9618
3693 9 2 1 1 1464 2307 3147 9619 9534 9620
3694 9 2 1 1 1463 2308 3148 9621 9537 9622
3695 9 2 1 1 686 2232 687 9623 8019 726
3696 9 2 1 1 607 2231 608 9624 8021 647
3697 9 2 1 1 1495 2204 3033 9625 9248 9626
3698 9 2 1 1 1496 2203 3034 9627 9250 9628
3699 9 2 1 1 1371 2385 2995 9104 6080 9629
3700 9 2 1 1 1372 2386 2996 9106 6082 9630
3701 9 2 1 1 1367 3353 3333 9631 9382 9069
3702 9 2 1 1 1368 3354 3334 9632 9385 9071
3703 9 2 1 1 857 2724 2601 9486 9633 5191
3704 9 2 1 1 858 2723 2602 9488 9634 5193
3705 9 2 1 1 1489 2048 2751 9635 8610 7730
3706 9 2 1 1 1490 2047 2752 9636 8613 7733
3707 9 2 1 1 1920 3347 2882 9637 9638 7775
3708 9 2 1 1 1919 3348 2881 9639 9640 7772
3709 9 2 1 1 1008 2889 1788 9641 9642 9461
3710 9 2 1 1 1007 2890 1787 9643 9644 9463
3711 9 2 1 1 1297 1859 2777 8728 9645 9646
3712 9 2 1 1 1298 1860 2778 8730 9647 9648
3713 9 2 1 1 23 2777 1859 9649 9645 6165
3714 9 2 1 1 317 2778 1860 9650 9647 6167
3715 9 2 1 1 974 2598 2162 7380 9651 9652
3716 9 2 1 1 973 2597 2161 7377 9653 9654
3717 9 2 1 1 16 17 2319 150 9391 6013
3718 9 2 1 1 310 311 2320 444 9392 6015
3719 9 2 1 1 2367 3080 2910 9655 9656 9581
3720 9 2 1 1 2368 3079 2909 9657 9658 9579
3721 9 2 1 1 688 2233 689 8040 9659 728
3722 9 2 1 1 609 2234 610 8038 9660 649
3723 9 2 1 1 1750 1916 3360 6754 9661 9662
3724 9 2 1 1 1749 1915 3359 6752 9663 9664
3725 9 2 1 1 1185 2235 2531 4723 5742 4677
3726 9 2 1 1 1186 2236 2532 4726 5740 4679
3727 9 2 1 1 138 2871 1817 9665 9472 5805
3728 9 2 1 1 432 2872 1818 9666 9475 5807
3729 9 2 1 1 909 2795 2979 9667 7290 9668
3730 9 2 1 1 910 2796 2980 9669 7293 9670
3731 9 2 1 1 1695 3338 2446 8112 8291 8561
3732 9 2 1 1 1696 3337 2445 8111 8289 8563
3733 9 2 1 1 1205 1787 2890 9671 9644 8221
3734 9 2 1 1 1206 1788 2889 9672 9642 8219
3735 9 2 1 1 689 2233 1877 9659 9673 7577
3736 9 2 1 1 610 2234 1878 9660 9674 7575
3737 9 2 1 1 1463 3148 2356 9622 9675 5787
3738 9 2 1 1 1464 3147 2355 9620 9676 5790
3739 9 2 1 1 127 128 2147 261 9677 7651
3740 9 2 1 1 421 422 2148 555 9678 7654
3741 9 2 1 1 1231 2843 1781 6564 5387 9135
3742 9 2 1 1 1232 2844 1782 6566 5390 9138
3743 9 2 1 1 1111 2847 1791 9679 7236 8175
3744 9 2 1 1 1112 2848 1792 9680 7234 8177
3745 9 2 1 1 1203 2433 1702 9681 7989 8400
3746 9 2 1 1 1204 2434 1701 9682 7987 8399
3747 9 2 1 1 1151 2739 1789 9457 9591 8983
3748 9 2 1 1 1152 2740 1790 9460 9593 8984
3749 9 2 1 1 1429 2170 2791 4860 9683 6700
3750 9 2 1 1 1430 2169 2792 4862 9684 6697
3751 9 2 1 1 1205 2821 1787 9685 5715 9671
3752 9 2 1 1 1206 2822 1788 9686 5712 9672
3753 9 2 1 1 1045 3089 1792 8164 9687 7233
3754 9 2 1 1 1046 3090 1791 8166 9688 7235
3755 9 2 1 1 104 105 2215 238 7336 7247
3756 9 2 1 1 398 399 2216 532 7338 7250
3757 9 2 1 1 111 112 2213 245 7332 7253
3758 9 2 1 1 405 406 2214 539 7334 7256
3759 9 2 1 1 34 35 2211 168 7261 7327
3760 9 2 1 1 328 329 2212 462 7264 7329
3761 9 2 1 1 1213 2482 1926 9689 9690 9691
3762 9 2 1 1 1214 2481 1925 9692 9693 9694
3763 9 2 1 1 873 1791 2879 8212 9695 8383
3764 9 2 1 1 874 1792 2880 8214 9696 8385
3765 9 2 1 1 1023 2101 2687 9697 9698 7571
3766 9 2 1 1 1024 2102 2688 9699 9700 7573
3767 9 2 1 1 1204 1699 2434 8484 8016 9682
3768 9 2 1 1 1203 1700 2433 8483 8018 9681
3769 9 2 1 1 1545 3243 3081 9701 9702 9703
3770 9 2 1 1 1546 3244 3082 9704 9705 9706
3771 9 2 1 1 1180 1931 2356 9183 9707 9708
3772 9 2 1 1 1179 1932 2355 9186 9709 9710
3773 9 2 1 1 1620 2355 1932 9711 9709 6429
3774 9 2 1 1 1619 2356 1931 9712 9707 6431
3775 9 2 1 1 389 2885 3332 5143 9713 9297
3776 9 2 1 1 95 2886 3331 5144 9714 9299
3777 9 2 1 1 1156 2917 1800 9715 7649 6853
3778 9 2 1 1 1155 2918 1799 9716 7647 6851
3779 9 2 1 1 615 1851 2737 7002 9717 9718
3780 9 2 1 1 694 1852 2738 7004 9719 9720
3781 9 2 1 1 994 1796 2866 7007 4102 3739
3782 9 2 1 1 993 1795 2865 7010 4100 3737
3783 9 2 1 1 1273 2633 2133 9243 8943 9721
3784 9 2 1 1 1274 2634 2134 9244 8944 9722
3785 9 2 1 1 1040 1811 3194 4892 9723 9724
3786 9 2 1 1 1039 1812 3193 4890 9725 9726
3787 9 2 1 1 1319 2289 2964 9727 5952 8330
3788 9 2 1 1 1320 2290 2963 9728 5954 8329
3789 9 2 1 1 1191 2813 1503 9729 9730 6499
3790 9 2 1 1 1192 2814 1504 9731 9732 6501
3791 9 2 1 1 873 1947 2225 8372 9613 8211
3792 9 2 1 1 874 1948 2226 8374 9614 8213
3793 9 2 1 1 858 1793 2752 5423 9733 8612
3794 9 2 1 1 857 1794 2751 5424 9734 8609
3795 9 2 1 1 847 3341 1827 7866 9735 7037
3796 9 2 1 1 848 3342 1828 7863 9736 7035
3797 9 2 1 1 1115 2428 1853 6353 9509 9013
3798 9 2 1 1 1116 2427 1854 6356 9507 9016
3799 9 2 1 1 1471 2687 2101 9737 9698 7711
3800 9 2 1 1 1472 2688 2102 9738 9700 7713
3801 9 2 1 1 623 1972 1999 8740 9739 9111
3802 9 2 1 1 702 1971 2000 8739 9740 9113
3803 9 2 1 1 820 3086 2730 8688 9177 5209
3804 9 2 1 1 819 3085 2729 8686 9179 5211
3805 9 2 1 1 1156 1808 2917 9741 9742 9715
3806 9 2 1 1 1155 1807 2918 9743 9744 9716
3807 9 2 1 1 1503 2813 3062 9730 9745 9746
3808 9 2 1 1 1504 2814 3061 9732 9747 9748
3809 9 2 1 1 833 3369 1741 9749 9750 6331
3810 9 2 1 1 834 3370 1742 9751 9752 6334
3811 9 2 1 1 1156 3015 1808 9753 9754 9741
3812 9 2 1 1 1155 3016 1807 9755 9756 9743
3813 9 2 1 1 851 3377 1835 9757 9758 6097
3814 9 2 1 1 852 3378 1836 9759 9760 6099
3815 9 2 1 1 851 1841 3375 6098 9761 5493
3816 9 2 1 1 852 1842 3376 6100 9762 5495
3817 9 2 1 1 1178 1877 2233 9618 9673 9763
3818 9 2 1 1 1177 1878 2234 9616 9674 9764
3819 9 2 1 1 1028 3173 1965 8447 9765 6111
3820 9 2 1 1 1027 3174 1966 8448 9766 6113
3821 9 2 1 1 887 1921 2259 8415 7997 6115
3822 9 2 1 1 888 1922 2260 8416 7994 6117
3823 9 2 1 1 1333 2447 2593 9573 9767 7269
3824 9 2 1 1 1334 2448 2594 9576 9768 7272
3825 9 2 1 1 15 16 2841 149 6134 7643
3826 9 2 1 1 309 310 2842 443 6136 7645
3827 9 2 1 1 1207 2321 2677 9769 4618 9770
3828 9 2 1 1 1208 2322 2678 9771 4620 9772
3829 9 2 1 1 707 2482 1904 9773 9774 8048
3830 9 2 1 1 628 2481 1903 9775 9776 8047
3831 9 2 1 1 1844 2105 3048 8993 8196 9777
3832 9 2 1 1 1843 2106 3047 8994 8198 9778
3833 9 2 1 1 1017 1839 3353 5626 9383 9779
3834 9 2 1 1 1018 1840 3354 5628 9386 9780
3835 9 2 1 1 1037 2723 2047 9781 9487 9782
3836 9 2 1 1 1038 2724 2048 9783 9485 9784
3837 9 2 1 1 692 1876 2042 7680 6056 9433
3838 9 2 1 1 613 1875 2041 7678 6059 9431
3839 9 2 1 1 1117 1942 2542 5061 9785 9786
3840 9 2 1 1 1118 1941 2541 5064 9787 9788
3841 9 2 1 1 1139 1936 2559 6404 9789 7735
3842 9 2 1 1 1140 1935 2560 6406 9790 7737
3843 9 2 1 1 1221 1955 2593 3726 9454 9791
3844 9 2 1 1 1222 1956 2594 3729 9453 9792
3845 9 2 1 1 1123 2091 2343 8332 9793 9794
3846 9 2 1 1 1124 2092 2344 8334 9795 9796
3847 9 2 1 1 1575 2343 2091 6984 9793 6449
3848 9 2 1 1 1576 2344 2092 6986 9795 6451
3849 9 2 1 1 1131 2089 2341 7708 9797 7521
3850 9 2 1 1 1132 2090 2342 7710 9798 7523
3851 9 2 1 1 1577 2341 2089 6980 9797 6461
3852 9 2 1 1 1578 2342 2090 6982 9798 6463
3853 9 2 1 1 1133 2087 2339 7704 9799 7459
3854 9 2 1 1 1134 2088 2340 7706 9800 7461
3855 9 2 1 1 1581 2339 2087 7181 9799 6469
3856 9 2 1 1 1582 2340 2088 7182 9800 6471
3857 9 2 1 1 982 1808 3015 5772 9754 8297
3858 9 2 1 1 981 1807 3016 5770 9756 8299
3859 9 2 1 1 851 1881 2461 5494 8895 9801
3860 9 2 1 1 852 1882 2462 5496 8898 9802
3861 9 2 1 1 1391 2252 2138 9803 9804 3867
3862 9 2 1 1 1392 2251 2137 9805 9806 3869
3863 9 2 1 1 1272 3030 2469 9807 9808 9809
3864 9 2 1 1 1271 3029 2470 9810 9811 9812
3865 9 2 1 1 1037 2047 2525 9782 9813 9357
3866 9 2 1 1 1038 2048 2526 9784 9814 9359
3867 9 2 1 1 1687 2469 3030 9815 9808 8045
3868 9 2 1 1 1688 2470 3029 9816 9811 8043
3869 9 2 1 1 1129 1879 2493 9817 9818 9819
3870 9 2 1 1 1130 1880 2494 9820 9821 9822
3871 9 2 1 1 353 354 2297 487 6259 8641
3872 9 2 1 1 59 60 2298 193 6262 8639
3873 9 2 1 1 1053 1900 2325 9823 7950 9397
3874 9 2 1 1 1054 1899 2326 9824 7949 9399
3875 9 2 1 1 849 1883 2527 5450 9189 9825
3876 9 2 1 1 850 1884 2528 5452 9192 9826
3877 9 2 1 1 1043 2138 2252 9827 9804 9101
3878 9 2 1 1 1044 2137 2251 9828 9806 9099
3879 9 2 1 1 1337 2955 1817 5922 5151 9471
3880 9 2 1 1 1338 2956 1818 5924 5154 9474
3881 9 2 1 1 943 3005 1847 8353 9829 7607
3882 9 2 1 1 944 3006 1848 8355 9830 7609
3883 9 2 1 1 1251 1848 3006 9831 9830 9832
3884 9 2 1 1 1252 1847 3005 9833 9829 9834
3885 9 2 1 1 1083 2349 1891 8760 8547 9835
3886 9 2 1 1 1084 2350 1892 8762 8549 9836
3887 9 2 1 1 762 2918 1807 7648 9744 9587
3888 9 2 1 1 761 2917 1808 7650 9742 9588
3889 9 2 1 1 1055 2415 2943 5545 9837 6609
3890 9 2 1 1 1056 2416 2944 5546 9838 6610
3891 9 2 1 1 1615 2943 2415 4835 9837 5071
3892 9 2 1 1 1616 2944 2416 4837 9838 5074
3893 9 2 1 1 1214 1903 2481 7890 9776 9692
3894 9 2 1 1 1213 1904 2482 7892 9774 9689
3895 9 2 1 1 1346 2566 3073 9839 4364 7717
3896 9 2 1 1 1345 2565 3074 9840 4362 7720
3897 9 2 1 1 927 3103 2311 6829 9841 6915
3898 9 2 1 1 928 3104 2312 6832 9842 6917
3899 9 2 1 1 925 2309 3101 9843 9844 6833
3900 9 2 1 1 926 2310 3102 9845 9846 6836
3901 9 2 1 1 1005 2883 1809 9847 4293 7351
3902 9 2 1 1 1006 2884 1810 9848 4295 7354
3903 9 2 1 1 1089 2560 1935 9849 9790 4391
3904 9 2 1 1 1090 2559 1936 9850 9789 4393
3905 9 2 1 1 1289 2762 1873 7095 6415 9851
3906 9 2 1 1 1290 2761 1874 7098 6412 9852
3907 9 2 1 1 341 3169 1893 9853 9531 6631
3908 9 2 1 1 47 3170 1894 9854 9532 6629
3909 9 2 1 1 1180 2356 3148 9708 9675 9855
3910 9 2 1 1 1179 2355 3147 9710 9676 9856
3911 9 2 1 1 686 1932 2232 8338 9185 9623
3912 9 2 1 1 607 1931 2231 8337 9182 9624
3913 9 2 1 1 1212 2768 2165 9857 9858 6587
3914 9 2 1 1 1211 2767 2166 9859 9860 6588
3915 9 2 1 1 1159 2157 1628 8192 7129 4865
3916 9 2 1 1 1160 2158 1627 8194 7131 4863
3917 9 2 1 1 1311 2646 1828 9861 7036 8801
3918 9 2 1 1 1312 2645 1827 9862 7038 8804
3919 9 2 1 1 1226 2458 2114 9863 9864 6778
3920 9 2 1 1 1225 2457 2113 9865 9866 6775
3921 9 2 1 1 880 2113 2457 6620 9866 6873
3922 9 2 1 1 879 2114 2458 6618 9864 6875
3923 9 2 1 1 1224 2524 2596 9867 8833 7325
3924 9 2 1 1 1223 2523 2595 9868 8835 7323
3925 9 2 1 1 611 1878 2986 7576 9869 9870
3926 9 2 1 1 690 1877 2985 7578 9871 9872
3927 9 2 1 1 1145 3141 2379 9873 9874 9875
3928 9 2 1 1 1146 3142 2380 9876 9877 9878
3929 9 2 1 1 1024 1816 3100 7574 9879 7923
3930 9 2 1 1 1023 1815 3099 7572 9880 7925
3931 9 2 1 1 627 1925 2481 8408 9693 9881
3932 9 2 1 1 706 1926 2482 8407 9690 9882
3933 9 2 1 1 1053 1907 3009 9398 9883 5915
3934 9 2 1 1 1054 1908 3010 9400 9884 5918
3935 9 2 1 1 1713 3009 1907 8444 9883 6231
3936 9 2 1 1 1714 3010 1908 8443 9884 6233
3937 9 2 1 1 808 3091 2709 9885 4433 9886
3938 9 2 1 1 807 3092 2710 9887 4435 9888
3939 9 2 1 1 1291 2993 2075 9122 9889 9890
3940 9 2 1 1 1292 2994 2076 9120 9891 9892
3941 9 2 1 1 703 2000 2178 9114 9893 9446
3942 9 2 1 1 624 1999 2177 9112 9894 9445
3943 9 2 1 1 280 281 2704 294 8008 9895
3944 9 2 1 1 574 575 2703 588 8006 9896
3945 9 2 1 1 813 2721 2067 7620 9897 4591
3946 9 2 1 1 814 2722 2068 7622 9898 4594
3947 9 2 1 1 1303 2067 2721 9899 9897 9900
3948 9 2 1 1 1304 2068 2722 9901 9898 9902
3949 9 2 1 1 1297 2777 2019 9646 9903 9904
3950 9 2 1 1 1298 2778 2020 9648 9905 9906
3951 9 2 1 1 24 2019 2777 8689 9903 9907
3952 9 2 1 1 318 2020 2778 8690 9905 9908
3953 9 2 1 1 791 3360 1916 9909 9661 6319
3954 9 2 1 1 792 3359 1915 9910 9663 6321
3955 9 2 1 1 1095 1992 2555 4260 9911 9912
3956 9 2 1 1 1096 1991 2556 4262 9913 9914
3957 9 2 1 1 1253 2785 2271 9915 9916 5165
3958 9 2 1 1 1254 2786 2272 9917 9918 5167
3959 9 2 1 1 1201 2555 1992 4080 9911 7611
3960 9 2 1 1 1202 2556 1991 4082 9913 7613
3961 9 2 1 1 1145 2267 3141 9919 9920 9873
3962 9 2 1 1 1146 2268 3142 9921 9922 9876
3963 9 2 1 1 985 2753 1822 9045 6435 6584
3964 9 2 1 1 986 2754 1821 9046 6433 6581
3965 9 2 1 1 388 3332 1912 9298 9923 7591
3966 9 2 1 1 94 3331 1911 9300 9924 7593
3967 9 2 1 1 386 387 2582 520 9925 6651
3968 9 2 1 1 92 93 2581 226 9926 6654
3969 9 2 1 1 1279 2260 2031 6001 8376 4597
3970 9 2 1 1 1280 2259 2032 6004 8378 4599
3971 9 2 1 1 691 2985 1876 9927 9928 7679
3972 9 2 1 1 612 2986 1875 9929 9930 7677
3973 9 2 1 1 711 1986 2222 8930 9931 9932
3974 9 2 1 1 632 1985 2221 8932 9933 9934
3975 9 2 1 1 2001 2371 3053 8964 9935 9936
3976 9 2 1 1 2002 2372 3054 8967 9937 9938
3977 9 2 1 1 1067 3145 2079 9939 9940 4821
3978 9 2 1 1 1068 3146 2080 9941 9942 4823
3979 9 2 1 1 1539 2391 2800 4321 9943 9944
3980 9 2 1 1 1540 2392 2799 4324 9945 9946
3981 9 2 1 1 991 1820 2839 6540 9947 4673
3982 9 2 1 1 992 1819 2840 6542 9948 4675
3983 9 2 1 1 357 358 3024 491 7959 9949
3984 9 2 1 1 63 64 3023 197 7960 9950
3985 9 2 1 1 1273 2799 2392 9951 9945 6907
3986 9 2 1 1 1274 2800 2391 9952 9943 6909
3987 9 2 1 1 680 3214 1944 9953 9954 8370
3988 9 2 1 1 601 3213 1943 9955 9956 8369
3989 9 2 1 1 1287 2764 2016 9957 9958 9959
3990 9 2 1 1 1288 2763 2015 9960 9961 9962
3991 9 2 1 1 100 2015 2763 8607 9961 9963
3992 9 2 1 1 394 2016 2764 8608 9958 9964
3993 9 2 1 1 674 3180 1939 9965 9966 8501
3994 9 2 1 1 595 3179 1940 9967 9968 8502
3995 9 2 1 1 917 3161 2837 9969 9970 4285
3996 9 2 1 1 918 3162 2838 9971 9972 4286
3997 9 2 1 1 1003 1825 2975 7693 8124 7267
3998 9 2 1 1 1004 1826 2976 7694 8126 7268
3999 9 2 1 1 817 2869 1831 8918 9973 9974
4000 9 2 1 1 818 2870 1832 8920 9975 9976
4001 9 2 1 1 1462 2144 3167 4964 9977 9978
4002 9 2 1 1 1461 2143 3168 4962 9979 9980
4003 9 2 1 1 1114 1861 3393 5888 9981 9982
4004 9 2 1 1 1113 1862 3394 5890 9983 9984
4005 9 2 1 1 1171 2518 2052 9985 9986 9987
4006 9 2 1 1 1172 2517 2051 9988 9989 9990
4007 9 2 1 1 923 2545 2001 7053 9991 3717
4008 9 2 1 1 924 2546 2002 7056 9992 3719
4009 9 2 1 1 1005 3187 1845 7353 9993 8027
4010 9 2 1 1 1006 3188 1846 7356 9994 8029
4011 9 2 1 1 1322 2417 2302 8649 9995 9233
4012 9 2 1 1 1321 2418 2301 8652 9996 9238
4013 9 2 1 1 1168 2301 2418 8097 9996 9529
4014 9 2 1 1 1167 2302 2417 8098 9995 9530
4015 9 2 1 1 1189 2295 1703 9997 8441 9998
4016 9 2 1 1 1190 2296 1704 9999 8442 10000
4017 9 2 1 1 867 1866 2532 6808 7409 5739
4018 9 2 1 1 868 1865 2531 6806 7407 5741
4019 9 2 1 1 283 2627 2071 10001 10002 9197
4020 9 2 1 1 577 2628 2072 10003 10004 9198
4021 9 2 1 1 1269 2071 2627 10005 10002 7675
4022 9 2 1 1 1270 2072 2628 10006 10004 7676
4023 9 2 1 1 1071 2305 3335 10007 10008 3827
4024 9 2 1 1 1072 2306 3336 10009 10010 3830
4025 9 2 1 1 1689 3335 2305 5757 10008 6314
4026 9 2 1 1 1690 3336 2306 5758 10010 6317
4027 9 2 1 1 974 1484 2254 10011 10012 8500
4028 9 2 1 1 973 1483 2253 10013 10014 8499
4029 9 2 1 1 1029 1832 2923 9283 10015 4975
4030 9 2 1 1 1030 1831 2924 9286 10016 4978
4031 9 2 1 1 1334 1890 2607 10017 5913 9574
4032 9 2 1 1 1333 1889 2608 10018 5910 9571
4033 9 2 1 1 817 1831 2873 9974 9467 5717
4034 9 2 1 1 818 1832 2874 9976 9468 5719
4035 9 2 1 1 901 2441 2505 8254 10019 10020
4036 9 2 1 1 902 2442 2506 8256 10021 10022
4037 9 2 1 1 1423 2505 2441 10023 10019 3764
4038 9 2 1 1 1424 2506 2442 10024 10021 3766
4039 9 2 1 1 903 2443 2501 3743 10025 10026
4040 9 2 1 1 904 2444 2502 3746 10027 10028
4041 9 2 1 1 1421 2502 2444 10029 10027 3760
4042 9 2 1 1 1422 2501 2443 10030 10025 3762
4043 9 2 1 1 2025 3258 2502 10031 10032 9542
4044 9 2 1 1 2026 3257 2501 10033 10034 9545
4045 9 2 1 1 2021 3256 2506 10035 10036 9551
4046 9 2 1 1 2022 3255 2505 10037 10038 9548
4047 9 2 1 1 1104 2285 2162 8064 10039 3799
4048 9 2 1 1 1103 2286 2161 8066 10040 3796
4049 9 2 1 1 941 2346 2099 9290 10041 10042
4050 9 2 1 1 942 2345 2100 9292 10043 10044
4051 9 2 1 1 1439 1859 3329 7090 9348 10045
4052 9 2 1 1 1440 1860 3330 7092 9350 10046
4053 9 2 1 1 839 3387 1863 10047 10048 7183
4054 9 2 1 1 840 3388 1864 10049 10050 7184
4055 9 2 1 1 356 357 2238 490 10051 6371
4056 9 2 1 1 62 63 2237 196 10052 6373
4057 9 2 1 1 1358 1863 3387 8753 10048 10053
4058 9 2 1 1 1357 1864 3388 8754 10050 10054
4059 9 2 1 1 1358 3055 2288 10055 10056 7381
4060 9 2 1 1 1357 3056 2287 10057 10058 7384
4061 9 2 1 1 600 1945 3213 8541 10059 10060
4062 9 2 1 1 679 1946 3214 8542 10061 10062
4063 9 2 1 1 1156 1864 3015 7178 8298 9753
4064 9 2 1 1 1155 1863 3016 7180 8300 9755
4065 9 2 1 1 2802 3173 1022 10063 7343 9482
4066 9 2 1 1 2801 3174 1021 10064 7344 9484
4067 9 2 1 1 845 2493 1879 6932 9818 4211
4068 9 2 1 1 846 2494 1880 6934 9821 4214
4069 9 2 1 1 1483 1878 2253 10065 9615 10014
4070 9 2 1 1 1484 1877 2254 10066 9617 10012
4071 9 2 1 1 1213 1926 2573 9691 7581 10067
4072 9 2 1 1 1214 1925 2574 9694 7582 10068
4073 9 2 1 1 799 2745 2973 5238 8010 8183
4074 9 2 1 1 800 2746 2974 5240 8013 8186
4075 9 2 1 1 1201 1848 2803 7612 10069 8763
4076 9 2 1 1 1202 1847 2804 7614 10070 8765
4077 9 2 1 1 632 2221 633 9934 8088 672
4078 9 2 1 1 711 2222 712 9932 8087 751
4079 9 2 1 1 1277 2748 2113 6598 9031 6614
4080 9 2 1 1 1278 2747 2114 6595 9033 6611
4081 9 2 1 1 1110 2695 1950 8970 5464 6291
4082 9 2 1 1 1109 2696 1949 8972 5461 6292
4083 9 2 1 1 1829 2953 2185 8902 10071 8909
4084 9 2 1 1 1830 2954 2186 8904 10072 8911
4085 9 2 1 1 960 2355 1620 5791 9711 10073
4086 9 2 1 1 959 2356 1619 5788 9712 10074
4087 9 2 1 1 1251 2957 1848 10075 10076 9831
4088 9 2 1 1 1252 2958 1847 10077 10078 9833
4089 9 2 1 1 1157 2752 1793 7734 9733 3649
4090 9 2 1 1 1158 2751 1794 7731 9734 3652
4091 9 2 1 1 1281 1845 2903 8024 8128 10079
4092 9 2 1 1 1282 1846 2904 8026 8131 10080
4093 9 2 1 1 1239 2197 3315 10081 10082 10083
4094 9 2 1 1 1240 2198 3316 10084 10085 10086
4095 9 2 1 1 1035 2029 3300 6766 10087 8887
4096 9 2 1 1 1036 2030 3299 6764 10088 8888
4097 9 2 1 1 767 3083 2499 10089 8935 10090
4098 9 2 1 1 768 3084 2500 10091 8937 10092
4099 9 2 1 1 1608 2230 3076 6796 10093 7951
4100 9 2 1 1 1607 2229 3075 6794 10094 7953
4101 9 2 1 1 1043 1854 3205 9102 4774 8449
4102 9 2 1 1 1044 1853 3206 9100 4771 8451
4103 9 2 1 1 1010 2712 2074 4882 10095 8537
4104 9 2 1 1 1009 2711 2073 4881 10096 8535
4105 9 2 1 1 1251 1891 2957 7115 10097 10075
4106 9 2 1 1 1252 1892 2958 7118 10098 10077
4107 9 2 1 1 875 2957 1891 10099 10097 8057
4108 9 2 1 1 876 2958 1892 10100 10098 8060
4109 9 2 1 1 820 2427 1974 9508 8636 8687
4110 9 2 1 1 819 2428 1973 9510 8635 8685
4111 9 2 1 1 866 2617 1868 8431 5854 6681
4112 9 2 1 1 865 2618 1867 8432 5853 6683
4113 9 2 1 1 1751 3389 2862 6718 10101 8941
4114 9 2 1 1 1752 3390 2861 6720 10102 8942
4115 9 2 1 1 1051 1947 2953 5133 9206 8901
4116 9 2 1 1 1052 1948 2954 5135 9208 8903
4117 9 2 1 1 617 1923 3275 8172 10103 10104
4118 9 2 1 1 696 1924 3276 8174 10105 10106
4119 9 2 1 1 1235 2717 2003 5987 10107 10108
4120 9 2 1 1 1236 2718 2004 5988 10109 10110
4121 9 2 1 1 107 2003 2717 8085 10107 10111
4122 9 2 1 1 401 2004 2718 8086 10109 10112
4123 9 2 1 1 1233 2719 2009 5985 10113 10114
4124 9 2 1 1 1234 2720 2010 5986 10115 10116
4125 9 2 1 1 114 2009 2719 8083 10113 10117
4126 9 2 1 1 408 2010 2720 8084 10115 10118
4127 9 2 1 1 39 2713 2007 10119 10120 8081
4128 9 2 1 1 333 2714 2008 10121 10122 8082
4129 9 2 1 1 32 2715 2005 10123 10124 8079
4130 9 2 1 1 326 2716 2006 10125 10126 8080
4131 9 2 1 1 1229 2007 2713 10127 10120 7063
4132 9 2 1 1 1230 2008 2714 10128 10122 7065
4133 9 2 1 1 1231 2005 2715 10129 10124 5981
4134 9 2 1 1 1232 2006 2716 10130 10126 5983
4135 9 2 1 1 1363 2975 2245 6425 8123 6571
4136 9 2 1 1 1364 2976 2246 6428 8125 6574
4137 9 2 1 1 939 3044 2554 10131 7069 10132
4138 9 2 1 1 940 3043 2553 10133 7071 10134
4139 9 2 1 1 1049 3389 1983 10135 10136 6950
4140 9 2 1 1 1050 3390 1984 10137 10138 6947
4141 9 2 1 1 1087 1981 2544 4899 10139 10140
4142 9 2 1 1 1088 1982 2543 4900 10141 10142
4143 9 2 1 1 1715 2281 3215 8349 10143 8207
4144 9 2 1 1 1716 2282 3216 8352 10144 8204
4145 9 2 1 1 897 3081 3243 10145 9702 6644
4146 9 2 1 1 898 3082 3244 10146 9705 6641
4147 9 2 1 1 1914 3266 2836 10147 10148 8933
4148 9 2 1 1 1913 3265 2835 10149 10150 8934
4149 9 2 1 1 3266 1302 2836 10151 10152 10148
4150 9 2 1 1 3265 1301 2835 10153 10154 10150
4151 9 2 1 1 305 306 2313 439 4706 8601
4152 9 2 1 1 11 12 2314 145 4704 8603
4153 9 2 1 1 1292 3186 2073 10155 10156 10157
4154 9 2 1 1 1291 3185 2074 10158 10159 10160
4155 9 2 1 1 1172 2051 2820 9990 10161 9176
4156 9 2 1 1 1171 2052 2819 9987 10162 9175
4157 9 2 1 1 1261 3057 1871 10163 10164 6714
4158 9 2 1 1 1262 3058 1872 10165 10166 6711
4159 9 2 1 1 1457 2997 2643 10167 10168 8269
4160 9 2 1 1 1458 2998 2644 10169 10170 8271
4161 9 2 1 1 1461 3168 2399 9980 4853 4558
4162 9 2 1 1 1462 3167 2400 9978 4850 4561
4163 9 2 1 1 616 2737 1923 10171 10172 8171
4164 9 2 1 1 695 2738 1924 10173 10174 8173
4165 9 2 1 1 1869 2141 3369 7999 10175 10176
4166 9 2 1 1 1870 2142 3370 8000 10177 10178
4167 9 2 1 1 1085 3167 2144 10179 9977 10180
4168 9 2 1 1 1086 3168 2143 10181 9979 10182
4169 9 2 1 1 1061 2151 3279 4306 10183 9447
4170 9 2 1 1 1062 2152 3280 4308 10184 9449
4171 9 2 1 1 871 1871 3057 8460 10164 6160
4172 9 2 1 1 872 1872 3058 8462 10166 6157
4173 9 2 1 1 833 1869 3369 5624 10176 9749
4174 9 2 1 1 834 1870 3370 5623 10178 9751
4175 9 2 1 1 1509 2244 2065 8234 7166 6843
4176 9 2 1 1 1510 2243 2066 8236 7168 6845
4177 9 2 1 1 1149 3093 1907 8605 10185 9393
4178 9 2 1 1 1150 3094 1908 8606 10186 9395
4179 9 2 1 1 895 1886 2569 6448 4590 8387
4180 9 2 1 1 896 1885 2570 6447 4587 8390
4181 9 2 1 1 1400 2948 2206 3406 10187 4754
4182 9 2 1 1 1399 2947 2205 3403 10188 4751
4183 9 2 1 1 1325 2335 3297 7162 10189 5703
4184 9 2 1 1 1326 2336 3298 7164 10190 5706
4185 9 2 1 1 1291 2074 2712 10160 10095 9121
4186 9 2 1 1 1292 2073 2711 10157 10096 9119
4187 9 2 1 1 1141 2237 3023 7870 10191 7783
4188 9 2 1 1 1142 2238 3024 7868 10192 7785
4189 9 2 1 1 128 2797 2147 10193 10194 9677
4190 9 2 1 1 422 2798 2148 10195 10196 9678
4191 9 2 1 1 1113 2422 1957 6996 10197 5889
4192 9 2 1 1 1114 2421 1958 6994 10198 5887
4193 9 2 1 1 1447 1983 3389 10199 10136 7985
4194 9 2 1 1 1448 1984 3390 10200 10138 7983
4195 9 2 1 1 1363 2147 2797 6573 10194 8053
4196 9 2 1 1 1364 2148 2798 6576 10196 8055
4197 9 2 1 1 1342 2054 3205 7486 8450 5163
4198 9 2 1 1 1341 2053 3206 7484 8452 5161
4199 9 2 1 1 3063 2937 863 10201 10202 10203
4200 9 2 1 1 3064 2938 864 10204 10205 10206
4201 9 2 1 1 830 2448 2607 6052 9575 10207
4202 9 2 1 1 829 2447 2608 6054 9572 10208
4203 9 2 1 1 787 2814 1968 10209 10210 4828
4204 9 2 1 1 788 2813 1967 10211 10212 4825
4205 9 2 1 1 821 2133 3223 10213 10214 5173
4206 9 2 1 1 822 2134 3224 10215 10216 5174
4207 9 2 1 1 1487 3223 2133 10217 10214 8877
4208 9 2 1 1 1488 3224 2134 10218 10216 8879
4209 9 2 1 1 1403 2080 3146 10219 9942 10220
4210 9 2 1 1 1404 2079 3145 10221 9940 10222
4211 9 2 1 1 1516 1988 2426 6296 7138 8519
4212 9 2 1 1 1515 1987 2425 6294 7141 8517
4213 9 2 1 1 781 1682 2815 6122 8736 7103
4214 9 2 1 1 782 1681 2816 6124 8738 7106
4215 9 2 1 1 1023 1866 2987 7926 5552 10223
4216 9 2 1 1 1024 1865 2988 7924 5549 10224
4217 9 2 1 1 122 123 2629 256 9478 3600
4218 9 2 1 1 416 417 2630 550 9480 3602
4219 9 2 1 1 1239 3315 2681 10083 10225 9306
4220 9 2 1 1 1240 3316 2682 10086 10226 9305
4221 9 2 1 1 387 1912 2582 7592 5749 9925
4222 9 2 1 1 93 1911 2581 7594 5747 9926
4223 9 2 1 1 1093 2439 3338 6148 10227 8051
4224 9 2 1 1 1094 2440 3337 6146 10228 8049
4225 9 2 1 1 1187 2471 2651 10229 5337 10230
4226 9 2 1 1 1188 2472 2652 10231 5339 10232
4227 9 2 1 1 1047 3171 1867 6218 6069 4290
4228 9 2 1 1 1048 3172 1868 6220 6072 4287
4229 9 2 1 1 896 2776 1763 8392 10233 6377
4230 9 2 1 1 895 2775 1764 8389 10234 6375
4231 9 2 1 1 1403 2420 2080 9086 10235 10219
4232 9 2 1 1 1404 2419 2079 9088 10236 10221
4233 9 2 1 1 877 2079 2419 4942 10236 10237
4234 9 2 1 1 878 2080 2420 4944 10235 10238
4235 9 2 1 1 1064 2686 1916 10239 10240 6753
4236 9 2 1 1 1063 2685 1915 10241 10242 6751
4237 9 2 1 1 940 2553 2657 10134 10243 10244
4238 9 2 1 1 939 2554 2658 10132 10245 10246
4239 9 2 1 1 2165 2768 3368 9858 10247 10248
4240 9 2 1 1 2166 2767 3367 9860 10249 10250
4241 9 2 1 1 1149 2492 1998 6548 10251 3813
4242 9 2 1 1 1150 2491 1997 6550 10252 3816
4243 9 2 1 1 1191 1967 2813 5743 10212 9729
4244 9 2 1 1 1192 1968 2814 5744 10210 9731
4245 9 2 1 1 826 2058 3003 9388 7502 10253
4246 9 2 1 1 825 2057 3004 9390 7504 10254
4247 9 2 1 1 1500 2657 2553 3483 10243 10255
4248 9 2 1 1 1499 2658 2554 3480 10245 10256
4249 9 2 1 1 377 378 2351 511 6078 3943
4250 9 2 1 1 83 84 2352 217 6077 3945
4251 9 2 1 1 885 2541 1941 8490 9787 6901
4252 9 2 1 1 886 2542 1942 8492 9785 6904
4253 9 2 1 1 778 1989 2479 8980 10257 5785
4254 9 2 1 1 777 1990 2480 8982 10258 5783
4255 9 2 1 1 1160 2223 2697 5426 10259 8073
4256 9 2 1 1 1159 2224 2698 5425 10260 8076
4257 9 2 1 1 1229 1879 3325 9596 10261 10262
4258 9 2 1 1 1230 1880 3326 9598 10263 10264
4259 9 2 1 1 974 2285 1484 10265 10266 10011
4260 9 2 1 1 973 2286 1483 10267 10268 10013
4261 9 2 1 1 620 2435 621 8644 8529 660
4262 9 2 1 1 699 2436 700 8646 8531 739
4263 9 2 1 1 1008 1872 2889 6743 8220 9641
4264 9 2 1 1 1007 1871 2890 6744 8222 9643
4265 9 2 1 1 1340 2667 2860 10269 8397 10270
4266 9 2 1 1 1339 2668 2859 10271 8394 10272
4267 9 2 1 1 2335 3149 3297 10273 10274 10189
4268 9 2 1 1 2336 3150 3298 10275 10276 10190
4269 9 2 1 1 1261 2176 2893 6716 6552 10277
4270 9 2 1 1 1262 2175 2894 6713 6554 10278
4271 9 2 1 1 801 2639 2995 5691 9094 6079
4272 9 2 1 1 802 2640 2996 5694 9097 6081
4273 9 2 1 1 1539 2800 2262 9944 10279 5359
4274 9 2 1 1 1540 2799 2261 9946 10280 5360
4275 9 2 1 1 821 2261 2799 4237 10280 10281
4276 9 2 1 1 822 2262 2800 4240 10279 10282
4277 9 2 1 1 1279 2413 1998 6279 4413 5999
4278 9 2 1 1 1280 2414 1997 6280 4415 6002
4279 9 2 1 1 1228 1740 2240 10283 8223 6492
4280 9 2 1 1 1227 1739 2239 10284 8224 6494
4281 9 2 1 1 1154 2479 1989 8498 10257 4857
4282 9 2 1 1 1153 2480 1990 8495 10258 4855
4283 9 2 1 1 1060 3029 1917 8044 10285 5847
4284 9 2 1 1 1059 3030 1918 8046 10286 5845
4285 9 2 1 1 1272 1918 3030 10287 10286 9807
4286 9 2 1 1 1271 1917 3029 10288 10285 9810
4287 9 2 1 1 1605 2382 3144 10289 10290 10291
4288 9 2 1 1 1606 2381 3143 10292 10293 10294
4289 9 2 1 1 1381 3144 2382 7086 10290 10295
4290 9 2 1 1 1382 3143 2381 7084 10293 10296
4291 9 2 1 1 2069 3043 2515 10297 10298 9539
4292 9 2 1 1 2070 3044 2516 10299 10300 9540
4293 9 2 1 1 1098 2206 2948 9228 10187 10301
4294 9 2 1 1 1097 2205 2947 9226 10188 10302
4295 9 2 1 1 278 279 2497 292 4005 9427
4296 9 2 1 1 572 573 2498 586 4008 9429
4297 9 2 1 1 1285 3355 2264 10303 10304 6417
4298 9 2 1 1 1286 3356 2263 10305 10306 6418
4299 9 2 1 1 1447 3322 1983 10307 10308 10199
4300 9 2 1 1 1448 3321 1984 10309 10310 10200
4301 9 2 1 1 1747 2725 2277 8504 10311 7955
4302 9 2 1 1 1748 2726 2278 8507 10312 7957
4303 9 2 1 1 925 3155 2309 4135 10313 9843
4304 9 2 1 1 926 3156 2310 4138 10314 9845
4305 9 2 1 1 1553 2309 3155 10315 10313 4474
4306 9 2 1 1 1554 2310 3156 10316 10314 4477
4307 9 2 1 1 385 386 2632 519 6653 6783
4308 9 2 1 1 91 92 2631 225 6656 6781
4309 9 2 1 1 1371 3127 2403 10317 10318 9103
4310 9 2 1 1 1372 3128 2404 10319 10320 9105
4311 9 2 1 1 1603 2403 3127 10321 10318 10322
4312 9 2 1 1 1604 2404 3128 10323 10320 10324
4313 9 2 1 1 676 2433 677 7990 8017 716
4314 9 2 1 1 597 2434 598 7988 8015 637
4315 9 2 1 1 1163 2511 2509 8847 10325 9553
4316 9 2 1 1 1164 2512 2510 8848 10326 9555
4317 9 2 1 1 1425 2509 2511 6773 10325 3779
4318 9 2 1 1 1426 2510 2512 6774 10326 3781
4319 9 2 1 1 1161 2505 2507 9549 10327 9257
4320 9 2 1 1 1162 2506 2508 9552 10328 9259
4321 9 2 1 1 1423 2507 2505 3775 10327 10023
4322 9 2 1 1 1424 2508 2506 3778 10328 10024
4323 9 2 1 1 1165 2502 2503 9543 10329 8845
4324 9 2 1 1 1166 2501 2504 9546 10330 8846
4325 9 2 1 1 1421 2503 2502 3769 10329 10029
4326 9 2 1 1 1422 2504 2501 3772 10330 10030
4327 9 2 1 1 889 3087 1873 10331 10332 7295
4328 9 2 1 1 890 3088 1874 10333 10334 7297
4329 9 2 1 1 1965 3173 2802 9765 10063 10335
4330 9 2 1 1 1966 3174 2801 9766 10064 10336
4331 9 2 1 1 763 1907 3093 6232 10185 7933
4332 9 2 1 1 764 1908 3094 6234 10186 7935
4333 9 2 1 1 1411 2303 2995 10337 10338 9093
4334 9 2 1 1 1412 2304 2996 10339 10340 9096
4335 9 2 1 1 939 3184 2516 10341 10342 10343
4336 9 2 1 1 940 3183 2515 10344 10345 10346
4337 9 2 1 1 1145 2361 2267 8631 10347 9919
4338 9 2 1 1 1146 2362 2268 8632 10348 9921
4339 9 2 1 1 1049 2862 3389 8873 10101 10135
4340 9 2 1 1 1050 2861 3390 8874 10102 10137
4341 9 2 1 1 1953 2802 2623 10349 9481 8619
4342 9 2 1 1 1954 2801 2624 10350 9483 8617
4343 9 2 1 1 1129 3325 1879 10351 10261 9817
4344 9 2 1 1 1130 3326 1880 10352 10263 9820
4345 9 2 1 1 1233 3327 1881 10353 8893 9523
4346 9 2 1 1 1234 3328 1882 10354 8896 9524
4347 9 2 1 1 1235 3323 1883 10355 9187 9469
4348 9 2 1 1 1236 3324 1884 10356 9190 9470
4349 9 2 1 1 1253 3229 2785 7740 10357 9915
4350 9 2 1 1 1254 3230 2786 7742 10358 9917
4351 9 2 1 1 391 3208 2097 10359 7159 8876
4352 9 2 1 1 97 3207 2098 10360 7160 8875
4353 9 2 1 1 823 1899 3383 3465 10361 7497
4354 9 2 1 1 824 1900 3384 3468 10362 7499
4355 9 2 1 1 1053 3385 1900 9364 10363 9823
4356 9 2 1 1 1054 3386 1899 9366 10364 9824
4357 9 2 1 1 1419 2572 3130 7884 10365 4491
4358 9 2 1 1 1420 2571 3129 7882 10366 4493
4359 9 2 1 1 871 1927 2647 7217 8072 8459
4360 9 2 1 1 872 1928 2648 7218 8071 8461
4361 9 2 1 1 1613 3051 2495 10367 10368 8771
4362 9 2 1 1 1614 3052 2496 10369 10370 8773
4363 9 2 1 1 935 2495 3051 4185 10368 10371
4364 9 2 1 1 936 2496 3052 4188 10370 10372
4365 9 2 1 1 303 304 2412 437 4544 6639
4366 9 2 1 1 9 10 2411 143 4541 6640
4367 9 2 1 1 873 1929 2649 8384 9047 8371
4368 9 2 1 1 874 1930 2650 8386 9048 8373
4369 9 2 1 1 1393 2519 2962 7941 10373 3421
4370 9 2 1 1 1394 2520 2961 7944 10374 3424
4371 9 2 1 1 1228 1738 2436 7266 8532 10375
4372 9 2 1 1 1227 1737 2435 7265 8530 10376
4373 9 2 1 1 1804 2937 3063 7937 10201 10377
4374 9 2 1 1 1803 2938 3064 7938 10204 10378
4375 9 2 1 1 1147 2028 2792 10379 10380 10381
4376 9 2 1 1 1148 2027 2791 10382 10383 10384
4377 9 2 1 1 1071 1980 2523 10385 9368 10386
4378 9 2 1 1 1072 1979 2524 10387 9367 10388
4379 9 2 1 1 627 2481 628 9881 9775 667
4380 9 2 1 1 706 2482 707 9882 9773 746
4381 9 2 1 1 957 2733 3033 10389 8702 9247
4382 9 2 1 1 958 2734 3034 10390 8705 9249
4383 9 2 1 1 869 2321 2245 6191 10391 6939
4384 9 2 1 1 870 2322 2246 6192 10392 6941
4385 9 2 1 1 1414 2816 2614 7107 10393 10394
4386 9 2 1 1 1413 2815 2613 7104 10395 10396
4387 9 2 1 1 1207 2245 2321 6578 10391 9769
4388 9 2 1 1 1208 2246 2322 6580 10392 9771
4389 9 2 1 1 974 2162 2285 9652 10039 10265
4390 9 2 1 1 973 2161 2286 9654 10040 10267
4391 9 2 1 1 1179 1676 2232 10397 8020 9184
4392 9 2 1 1 1180 1675 2231 10398 8022 9181
4393 9 2 1 1 1337 2665 2933 10399 7900 7919
4394 9 2 1 1 1338 2666 2934 10400 7903 7920
4395 9 2 1 1 1340 2935 2667 7921 7906 10269
4396 9 2 1 1 1339 2936 2668 7922 7909 10271
4397 9 2 1 1 1170 1959 2750 3865 10401 8557
4398 9 2 1 1 1169 1960 2749 3862 10402 8559
4399 9 2 1 1 916 2605 2131 10403 5265 8832
4400 9 2 1 1 915 2606 2132 10404 5267 8831
4401 9 2 1 1 49 50 2590 183 5540 10405
4402 9 2 1 1 343 344 2589 477 5537 10406
4403 9 2 1 1 1083 1891 3041 9835 8168 8433
4404 9 2 1 1 1084 1892 3042 9836 8170 8435
4405 9 2 1 1 1389 3386 2011 10407 9365 8113
4406 9 2 1 1 1390 3385 2012 10408 9363 8115
4407 9 2 1 1 1379 3198 2024 10409 10410 8539
4408 9 2 1 1 1380 3197 2023 10411 10412 8540
4409 9 2 1 1 955 2023 3197 10413 10412 8789
4410 9 2 1 1 956 2024 3198 10414 10410 8792
4411 9 2 1 1 1381 2026 3202 10415 10416 8119
4412 9 2 1 1 1382 2025 3201 10417 10418 8121
4413 9 2 1 1 1377 2021 3199 10419 10420 10421
4414 9 2 1 1 1378 2022 3200 10422 10423 10424
4415 9 2 1 1 953 3199 2021 8810 10420 10425
4416 9 2 1 1 954 3200 2022 8812 10423 10426
4417 9 2 1 1 957 3201 2025 8785 10418 10427
4418 9 2 1 1 958 3202 2026 8788 10416 10428
4419 9 2 1 1 1070 3008 2035 7340 10429 9229
4420 9 2 1 1 1069 3007 2036 7342 10430 9230
4421 9 2 1 1 1321 2035 3008 9239 10429 9517
4422 9 2 1 1 1322 2036 3007 9235 10430 9515
4423 9 2 1 1 1214 2574 2979 10068 10431 7289
4424 9 2 1 1 1213 2573 2980 10067 10432 7292
4425 9 2 1 1 1291 2075 3185 9890 10433 10158
4426 9 2 1 1 1292 2076 3186 9892 10434 10155
4427 9 2 1 1 887 1997 2491 6116 10252 7073
4428 9 2 1 1 888 1998 2492 6118 10251 7075
4429 9 2 1 1 1139 2543 1982 6686 10141 6403
4430 9 2 1 1 1140 2544 1981 6688 10139 6405
4431 9 2 1 1 1450 1940 3179 6237 9968 6745
4432 9 2 1 1 1449 1939 3180 6235 9966 6746
4433 9 2 1 1 1148 2109 2660 3842 10435 10436
4434 9 2 1 1 1147 2110 2659 3839 10437 10438
4435 9 2 1 1 1217 2643 2997 9062 10168 7893
4436 9 2 1 1 1218 2644 2998 9061 10170 7894
4437 9 2 1 1 1177 2234 1675 9764 8037 10439
4438 9 2 1 1 1178 2233 1676 9763 8039 10440
4439 9 2 1 1 618 3275 1993 10441 10442 9005
4440 9 2 1 1 697 3276 1994 10443 10444 9006
4441 9 2 1 1 877 2857 2143 10445 10446 4961
4442 9 2 1 1 878 2858 2144 10447 10448 4963
4443 9 2 1 1 1353 2143 2857 10449 10446 10450
4444 9 2 1 1 1354 2144 2858 10451 10448 10452
4445 9 2 1 1 1228 2436 1740 10375 8645 10283
4446 9 2 1 1 1227 2435 1739 10376 8643 10284
4447 9 2 1 1 1458 2615 2807 8272 10453 10454
4448 9 2 1 1 1457 2616 2808 8270 10455 10456
4449 9 2 1 1 1579 2083 2545 6458 10457 7052
4450 9 2 1 1 1580 2084 2546 6460 10458 7055
4451 9 2 1 1 1127 2545 2083 10459 10457 7695
4452 9 2 1 1 1128 2546 2084 10460 10458 7697
4453 9 2 1 1 1360 3394 2705 10461 10462 5365
4454 9 2 1 1 1359 3393 2706 10463 10464 5367
4455 9 2 1 1 1920 3021 3347 10465 10466 9637
4456 9 2 1 1 1919 3022 3348 10467 10468 9639
4457 9 2 1 1 49 2590 1969 10405 10469 6920
4458 9 2 1 1 343 2589 1970 10406 10470 6919
4459 9 2 1 1 280 2704 2376 9895 10471 6521
4460 9 2 1 1 574 2703 2375 9896 10472 6522
4461 9 2 1 1 1862 2705 3394 8928 10462 9983
4462 9 2 1 1 1861 2706 3393 8927 10464 9981
4463 9 2 1 1 54 2915 2315 9512 10473 9316
4464 9 2 1 1 348 2916 2316 9511 10474 9315
4465 9 2 1 1 1439 2037 3211 5206 10475 7089
4466 9 2 1 1 1440 2038 3212 5208 10476 7091
4467 9 2 1 1 21 3211 2037 10477 10475 7685
4468 9 2 1 1 315 3212 2038 10478 10476 7686
4469 9 2 1 1 1163 2023 2731 9554 10479 10480
4470 9 2 1 1 1164 2024 2732 9556 10481 10482
4471 9 2 1 1 1165 2733 2025 10483 10484 9541
4472 9 2 1 1 1166 2734 2026 10485 10486 9544
4473 9 2 1 1 909 2250 2613 10487 10488 6368
4474 9 2 1 1 910 2249 2614 10489 10490 6370
4475 9 2 1 1 1089 2203 2560 8140 10491 9849
4476 9 2 1 1 1090 2204 2559 8142 10492 9850
4477 9 2 1 1 124 2549 2903 9577 10493 8863
4478 9 2 1 1 418 2550 2904 9578 10494 8864
4479 9 2 1 1 889 1889 3077 7604 10495 10496
4480 9 2 1 1 890 1890 3078 7606 10497 10498
4481 9 2 1 1 1334 1951 3078 7274 10499 10500
4482 9 2 1 1 1333 1952 3077 7271 10501 10502
4483 9 2 1 1 1441 2809 2887 10503 10504 10505
4484 9 2 1 1 1442 2810 2888 10506 10507 10508
4485 9 2 1 1 835 1759 2525 9052 9358 10509
4486 9 2 1 1 836 1760 2526 9054 9360 10510
4487 9 2 1 1 911 2897 2551 10511 10512 3923
4488 9 2 1 1 912 2898 2552 10513 10514 3926
4489 9 2 1 1 1351 2017 2513 3592 8379 6419
4490 9 2 1 1 1352 2018 2514 3594 8381 6421
4491 9 2 1 1 1127 2001 2545 8965 9991 10459
4492 9 2 1 1 1128 2002 2546 8968 9992 10460
4493 9 2 1 1 1178 1676 2773 10440 10515 3395
4494 9 2 1 1 1177 1675 2774 10439 10516 3398
4495 9 2 1 1 1033 2603 2043 8569 9007 3956
4496 9 2 1 1 1034 2604 2044 8570 9008 3953
4497 9 2 1 1 1276 2834 2057 10517 10518 9378
4498 9 2 1 1 1275 2833 2058 10519 10520 9375
4499 9 2 1 1 1077 2057 2834 8816 10518 6365
4500 9 2 1 1 1078 2058 2833 8814 10520 6363
4501 9 2 1 1 1311 2854 2646 10521 7019 9861
4502 9 2 1 1 1312 2853 2645 10522 7017 9862
4503 9 2 1 1 1518 2128 2363 5768 10523 8775
4504 9 2 1 1 1517 2127 2364 5766 10524 8776
4505 9 2 1 1 849 2527 3317 9825 10525 9199
4506 9 2 1 1 850 2528 3318 9826 10526 9201
4507 9 2 1 1 51 52 2585 185 7788 10527
4508 9 2 1 1 345 346 2586 479 7787 10528
4509 9 2 1 1 1427 2848 2273 4438 10529 9505
4510 9 2 1 1 1428 2847 2274 4441 10530 9503
4511 9 2 1 1 1594 2515 3183 7150 10345 10531
4512 9 2 1 1 1593 2516 3184 7148 10342 10532
4513 9 2 1 1 1081 1912 3357 5750 10533 10534
4514 9 2 1 1 1082 1911 3358 5748 10535 10536
4515 9 2 1 1 3048 1032 3300 8195 5756 10537
4516 9 2 1 1 3047 1031 3299 8197 5755 10538
4517 9 2 1 1 1603 3127 2453 10322 10539 8437
4518 9 2 1 1 1604 3128 2454 10324 10540 8439
4519 9 2 1 1 933 2453 3127 3985 10539 10541
4520 9 2 1 1 934 2454 3128 3988 10540 10542
4521 9 2 1 1 1221 2593 2447 9791 9767 7790
4522 9 2 1 1 1222 2594 2448 9792 9768 7789
4523 9 2 1 1 1289 3087 1952 10543 10544 3847
4524 9 2 1 1 1290 3088 1951 10545 10546 3849
4525 9 2 1 1 911 2548 2864 3930 10547 10548
4526 9 2 1 1 912 2547 2863 3932 10549 10550
4527 9 2 1 1 1161 3068 2022 10551 10552 9547
4528 9 2 1 1 1162 3067 2021 10553 10554 9550
4529 9 2 1 1 1189 3017 1975 10555 10556 10557
4530 9 2 1 1 1190 3018 1976 10558 10559 10560
4531 9 2 1 1 1243 2676 2924 5958 5039 10561
4532 9 2 1 1 1244 2675 2923 5956 5037 10562
4533 9 2 1 1 1284 2464 2624 10563 8817 3684
4534 9 2 1 1 1283 2463 2623 10564 8819 3681
4535 9 2 1 1 779 2363 2128 8510 10523 10565
4536 9 2 1 1 780 2364 2127 8512 10524 10566
4537 9 2 1 1 1187 2651 1961 10230 8695 10567
4538 9 2 1 1 1188 2652 1962 10232 8696 10568
4539 9 2 1 1 1111 2274 2847 9294 10530 9679
4540 9 2 1 1 1112 2273 2848 9296 10529 9680
4541 9 2 1 1 945 2052 2518 6960 9986 7929
4542 9 2 1 1 946 2051 2517 6962 9989 7927
4543 9 2 1 1 1187 2699 2471 9264 5050 10229
4544 9 2 1 1 1188 2700 2472 9266 5052 10231
4545 9 2 1 1 1459 3214 1946 10569 10061 6536
4546 9 2 1 1 1460 3213 1945 10570 10059 6538
4547 9 2 1 1 1411 2609 2303 8314 10571 10337
4548 9 2 1 1 1412 2610 2304 8316 10572 10339
4549 9 2 1 1 1287 1995 2764 10573 10574 9957
4550 9 2 1 1 1288 1996 2763 10575 10576 9960
4551 9 2 1 1 99 2763 1996 10577 10576 6474
4552 9 2 1 1 393 2764 1995 10578 10574 6473
4553 9 2 1 1 1243 2869 2101 10579 8917 10580
4554 9 2 1 1 1244 2870 2102 10581 8919 10582
4555 9 2 1 1 803 2125 3345 9323 10583 9583
4556 9 2 1 1 804 2126 3346 9324 10584 9585
4557 9 2 1 1 1313 3051 2563 10585 10586 10587
4558 9 2 1 1 1314 3052 2564 10588 10589 10590
4559 9 2 1 1 1613 2563 3051 10591 10586 10367
4560 9 2 1 1 1614 2564 3052 10592 10589 10369
4561 9 2 1 1 3021 1545 3347 6310 10593 10466
4562 9 2 1 1 3022 1546 3348 6307 10594 10468
4563 9 2 1 1 1253 2100 2345 5166 10043 5679
4564 9 2 1 1 1254 2099 2346 5168 10041 5682
4565 9 2 1 1 1272 2915 1918 10595 9159 10287
4566 9 2 1 1 1271 2916 1917 10596 9157 10288
4567 9 2 1 1 755 2045 2241 10597 5460 6799
4568 9 2 1 1 756 2046 2242 10598 5458 6797
4569 9 2 1 1 81 1983 3322 7306 10308 10599
4570 9 2 1 1 375 1984 3321 7305 10310 10600
4571 9 2 1 1 882 3265 1913 10601 10149 8227
4572 9 2 1 1 881 3266 1914 10602 10147 8228
4573 9 2 1 1 1483 2286 1875 10268 8065 10603
4574 9 2 1 1 1484 2285 1876 10266 8063 10604
4575 9 2 1 1 830 1966 2801 10605 10336 10606
4576 9 2 1 1 829 1965 2802 10607 10335 10608
4577 9 2 1 1 380 381 2620 514 9415 8579
4578 9 2 1 1 86 87 2619 220 9416 8582
4579 9 2 1 1 875 3135 2049 8059 10609 6877
4580 9 2 1 1 876 3136 2050 8062 10610 6879
4581 9 2 1 1 1301 2107 2835 7152 10611 10154
4582 9 2 1 1 1302 2108 2836 7154 10612 10152
4583 9 2 1 1 996 2835 2107 7516 10611 10613
4584 9 2 1 1 995 2836 2108 7513 10612 10614
4585 9 2 1 1 1095 2555 2031 9912 7227 8375
4586 9 2 1 1 1096 2556 2032 9914 7228 8377
4587 9 2 1 1 1106 2064 2575 5476 7817 8421
4588 9 2 1 1 1105 2063 2576 5473 7815 8423
4589 9 2 1 1 1389 2883 2207 8114 10615 10616
4590 9 2 1 1 1390 2884 2208 8116 10617 10618
4591 9 2 1 1 1005 2207 2883 10619 10615 9847
4592 9 2 1 1 1006 2208 2884 10620 10617 9848
4593 9 2 1 1 1284 2222 1986 6624 9931 10621
4594 9 2 1 1 1283 2221 1985 6622 9933 10622
4595 9 2 1 1 1091 2725 1961 10623 10624 4701
4596 9 2 1 1 1092 2726 1962 10625 10626 4702
4597 9 2 1 1 1688 2529 3302 5563 10627 10628
4598 9 2 1 1 1687 2530 3301 5560 10629 10630
4599 9 2 1 1 1564 3086 2131 9178 10631 4084
4600 9 2 1 1 1563 3085 2132 9180 10632 4087
4601 9 2 1 1 2075 2993 3261 9889 10633 10634
4602 9 2 1 1 2076 2994 3262 9891 10635 10636
4603 9 2 1 1 826 3302 2529 10637 10627 9387
4604 9 2 1 1 825 3301 2530 10638 10629 9389
4605 9 2 1 1 1095 1922 3125 7995 10639 4259
4606 9 2 1 1 1096 1921 3126 7998 10640 4261
4607 9 2 1 1 815 3151 2362 10641 10642 8339
4608 9 2 1 1 816 3152 2361 10643 10644 8342
4609 9 2 1 1 1187 1961 2725 10567 10624 8503
4610 9 2 1 1 1188 1962 2726 10568 10626 8506
4611 9 2 1 1 1189 1703 3017 9998 7563 10555
4612 9 2 1 1 1190 1704 3018 10000 7566 10558
4613 9 2 1 1 984 1915 2685 4472 10242 6197
4614 9 2 1 1 983 1916 2686 4469 10240 6195
4615 9 2 1 1 1409 2521 2227 10645 10646 9217
4616 9 2 1 1 1410 2522 2228 10647 10648 9219
4617 9 2 1 1 1459 1944 3214 4623 9954 10569
4618 9 2 1 1 1460 1943 3213 4626 9956 10570
4619 9 2 1 1 881 2749 1960 4956 10402 10649
4620 9 2 1 1 882 2750 1959 4954 10401 10650
4621 9 2 1 1 1063 1507 2685 8258 6198 10241
4622 9 2 1 1 1064 1508 2686 8260 6196 10239
4623 9 2 1 1 1323 2743 3279 8403 10651 10652
4624 9 2 1 1 1324 2744 3280 8406 10653 10654
4625 9 2 1 1 1801 3279 2743 9448 10651 6488
4626 9 2 1 1 1802 3280 2744 9450 10653 6490
4627 9 2 1 1 839 1958 3387 5884 10655 10047
4628 9 2 1 1 840 1957 3388 5886 10656 10049
4629 9 2 1 1 1087 2544 2209 10140 10657 8179
4630 9 2 1 1 1088 2543 2210 10142 10658 8181
4631 9 2 1 1 1358 3387 1958 10053 10655 10659
4632 9 2 1 1 1357 3388 1957 10054 10656 10660
4633 9 2 1 1 1189 1975 3221 10557 10661 10662
4634 9 2 1 1 1190 1976 3222 10560 10663 10664
4635 9 2 1 1 851 2461 3377 9801 10665 9757
4636 9 2 1 1 852 2462 3378 9802 10666 9759
4637 9 2 1 1 1320 3171 2290 7196 6217 9728
4638 9 2 1 1 1319 3172 2289 7198 6219 9727
4639 9 2 1 1 965 3012 2460 5880 10667 4483
4640 9 2 1 1 966 3011 2459 5877 10668 4481
4641 9 2 1 1 1542 2460 3012 10669 10667 5412
4642 9 2 1 1 1541 2459 3011 10670 10668 5415
4643 9 2 1 1 1060 1928 3037 4672 6480 6505
4644 9 2 1 1 1059 1927 3038 4670 6477 6503
4645 9 2 1 1 1251 3006 3391 9832 10671 10672
4646 9 2 1 1 1252 3005 3392 9834 10673 10674
4647 9 2 1 1 1543 2210 2543 9268 10658 6685
4648 9 2 1 1 1544 2209 2544 9270 10657 6687
4649 9 2 1 1 907 2307 2359 9535 10675 9570
4650 9 2 1 1 908 2308 2360 9538 10676 9569
4651 9 2 1 1 1439 3329 2557 10045 7885 5205
4652 9 2 1 1 1440 3330 2558 10046 7887 5207
4653 9 2 1 1 1114 2201 2423 10677 5615 6987
4654 9 2 1 1 1113 2202 2424 10678 5617 6989
4655 9 2 1 1 767 2431 2429 10679 10680 10681
4656 9 2 1 1 768 2432 2430 10682 10683 10684
4657 9 2 1 1 1307 2429 2431 10685 10680 10686
4658 9 2 1 1 1308 2430 2432 10687 10683 10688
4659 9 2 1 1 276 277 2625 290 3751 7525
4660 9 2 1 1 570 571 2626 584 3754 7527
4661 9 2 1 1 283 284 2627 297 7530 10001
4662 9 2 1 1 577 578 2628 591 7532 10003
4663 9 2 1 1 1172 2357 2517 6338 10689 9988
4664 9 2 1 1 1171 2358 2518 6340 10690 9985
4665 9 2 1 1 1611 3317 2527 10691 10525 4845
4666 9 2 1 1 1612 3318 2528 10692 10526 4847
4667 9 2 1 1 1436 2466 2710 8230 10693 10694
4668 9 2 1 1 1435 2465 2709 8232 10695 10696
4669 9 2 1 1 807 2710 2466 9888 10693 10697
4670 9 2 1 1 808 2709 2465 9886 10695 10698
4671 9 2 1 1 1182 2580 2896 8468 6141 9440
4672 9 2 1 1 1181 2579 2895 8465 6144 9439
4673 9 2 1 1 1541 2857 3290 10699 10700 10701
4674 9 2 1 1 1542 2858 3289 10702 10703 10704
4675 9 2 1 1 1219 2337 2840 4923 4676 10705
4676 9 2 1 1 1220 2338 2839 4926 4674 10706
4677 9 2 1 1 1147 2659 2028 10438 10707 10379
4678 9 2 1 1 1148 2660 2027 10436 10708 10382
4679 9 2 1 1 1163 2731 2117 10480 9155 7541
4680 9 2 1 1 1164 2732 2118 10482 9156 7544
4681 9 2 1 1 1165 2119 2733 7535 9153 10483
4682 9 2 1 1 1166 2120 2734 7538 9154 10485
4683 9 2 1 1 366 367 2951 500 10709 7468
4684 9 2 1 1 72 73 2952 206 10710 7467
4685 9 2 1 1 1127 2005 2919 7696 10711 10712
4686 9 2 1 1 1128 2006 2920 7698 10713 10714
4687 9 2 1 1 1231 2919 2005 9137 10711 10129
4688 9 2 1 1 1232 2920 2006 9140 10713 10130
4689 9 2 1 1 1545 2369 3243 6312 10715 9701
4690 9 2 1 1 1546 2370 3244 6309 10716 9704
4691 9 2 1 1 1389 2207 3383 10616 7498 10717
4692 9 2 1 1 1390 2208 3384 10618 7500 10718
4693 9 2 1 1 809 2591 2831 5734 10719 10720
4694 9 2 1 1 810 2592 2832 5731 10721 10722
4695 9 2 1 1 1270 3365 2072 10723 10724 10006
4696 9 2 1 1 1269 3366 2071 10725 10726 10005
4697 9 2 1 1 1212 2318 2770 6048 6306 10727
4698 9 2 1 1 1211 2317 2769 6050 6304 10728
4699 9 2 1 1 1195 3163 2535 7827 10729 10730
4700 9 2 1 1 1196 3164 2536 7830 10731 10732
4701 9 2 1 1 917 2533 3161 6975 10733 9969
4702 9 2 1 1 918 2534 3162 6977 10734 9971
4703 9 2 1 1 923 3157 2537 6694 10735 7185
4704 9 2 1 1 924 3158 2538 6696 10736 7187
4705 9 2 1 1 927 3159 2539 10737 10738 7189
4706 9 2 1 1 928 3160 2540 10739 10740 7191
4707 9 2 1 1 1303 3209 2067 9520 8571 9899
4708 9 2 1 1 1304 3210 2068 9522 8573 9901
4709 9 2 1 1 1125 3245 2265 10741 10742 10743
4710 9 2 1 1 1126 3246 2266 10744 10745 10746
4711 9 2 1 1 951 3069 2679 10747 10748 10749
4712 9 2 1 1 952 3070 2680 10750 10751 10752
4713 9 2 1 1 1663 2679 3069 10753 10748 7431
4714 9 2 1 1 1664 2680 3070 10754 10751 7433
4715 9 2 1 1 1781 2371 2919 9498 10755 9136
4716 9 2 1 1 1782 2372 2920 9500 10756 9139
4717 9 2 1 1 933 2609 3189 10757 10758 7633
4718 9 2 1 1 934 2610 3190 10759 10760 7635
4719 9 2 1 1 1377 3287 2383 10761 10762 8105
4720 9 2 1 1 1378 3288 2384 10763 10764 8106
4721 9 2 1 1 780 3071 2035 10765 8325 9236
4722 9 2 1 1 779 3072 2036 10766 8327 9240
4723 9 2 1 1 831 2959 3048 6187 10767 10768
4724 9 2 1 1 832 2960 3047 6190 10769 10770
4725 9 2 1 1 941 2808 2616 10771 10455 7975
4726 9 2 1 1 942 2807 2615 10772 10453 7976
4727 9 2 1 1 136 137 2683 270 5874 8699
4728 9 2 1 1 430 431 2684 564 5876 8700
4729 9 2 1 1 1501 2440 2950 10773 10774 10775
4730 9 2 1 1 1502 2439 2949 10776 10777 10778
4731 9 2 1 1 1147 2792 2169 10381 9684 5190
4732 9 2 1 1 1148 2791 2170 10384 9683 5189
4733 9 2 1 1 1559 2311 2493 6916 10779 6931
4734 9 2 1 1 1560 2312 2494 6918 10780 6933
4735 9 2 1 1 1357 1957 3056 10660 10781 10057
4736 9 2 1 1 1358 1958 3055 10659 10782 10055
4737 9 2 1 1 70 71 2812 204 5892 10783
4738 9 2 1 1 364 365 2811 498 5891 10784
4739 9 2 1 1 935 2521 3001 10785 10786 7637
4740 9 2 1 1 936 2522 3002 10787 10788 7639
4741 9 2 1 1 1397 2103 3239 3844 10789 6927
4742 9 2 1 1 1398 2104 3240 3846 10790 6929
4743 9 2 1 1 899 3239 2103 10791 10789 10792
4744 9 2 1 1 900 3240 2104 10793 10790 10794
4745 9 2 1 1 948 2949 2439 10795 10777 6215
4746 9 2 1 1 947 2950 2440 10796 10774 6216
4747 9 2 1 1 955 3181 2731 8948 9056 10797
4748 9 2 1 1 956 3182 2732 8950 9059 10798
4749 9 2 1 1 1361 2267 2361 5664 10347 10799
4750 9 2 1 1 1362 2268 2362 5662 10348 10800
4751 9 2 1 1 1601 3377 2461 10801 10665 4507
4752 9 2 1 1 1602 3378 2462 10802 10666 4509
4753 9 2 1 1 1718 2071 3366 7420 10726 8953
4754 9 2 1 1 1717 2072 3365 7422 10724 8955
4755 9 2 1 1 1436 2863 2547 10803 10549 3911
4756 9 2 1 1 1435 2864 2548 10804 10547 3913
4757 9 2 1 1 1125 2309 3245 10805 10806 10741
4758 9 2 1 1 1126 2310 3246 10807 10808 10744
4759 9 2 1 1 362 2073 3186 8866 10156 10809
4760 9 2 1 1 68 2074 3185 8865 10159 10810
4761 9 2 1 1 2030 3047 3299 10811 10538 10088
4762 9 2 1 1 2029 3048 3300 10812 10537 10087
4763 9 2 1 1 371 372 3154 505 10813 10814
4764 9 2 1 1 77 78 3153 211 10815 10816
4765 9 2 1 1 882 1959 3265 10650 10817 10601
4766 9 2 1 1 881 1960 3266 10649 10818 10602
4767 9 2 1 1 1301 3265 1959 10153 10817 8713
4768 9 2 1 1 1302 3266 1960 10151 10818 8714
4769 9 2 1 1 39 40 2713 173 6606 10119
4770 9 2 1 1 333 334 2714 467 6608 10121
4771 9 2 1 1 32 33 2715 166 5094 10123
4772 9 2 1 1 326 327 2716 460 5096 10125
4773 9 2 1 1 106 107 2717 240 10111 5101
4774 9 2 1 1 400 401 2718 534 10112 5103
4775 9 2 1 1 113 114 2719 247 10117 5097
4776 9 2 1 1 407 408 2720 541 10118 5099
4777 9 2 1 1 1042 2881 1728 7773 10819 5558
4778 9 2 1 1 1041 2882 1727 7776 10820 5557
4779 9 2 1 1 1437 2551 2897 3874 10512 10821
4780 9 2 1 1 1438 2552 2898 3872 10514 10822
4781 9 2 1 1 78 1919 3153 10823 8102 10815
4782 9 2 1 1 372 1920 3154 10824 8104 10813
4783 9 2 1 1 1136 3175 1909 10825 9563 3437
4784 9 2 1 1 1135 3176 1910 10826 9564 3440
4785 9 2 1 1 955 2731 2023 10797 10479 10413
4786 9 2 1 1 956 2732 2024 10798 10481 10414
4787 9 2 1 1 957 2025 2733 10427 10484 10389
4788 9 2 1 1 958 2026 2734 10428 10486 10390
4789 9 2 1 1 67 3185 2075 10827 10433 7853
4790 9 2 1 1 361 3186 2076 10828 10434 7854
4791 9 2 1 1 615 2737 616 9718 10171 655
4792 9 2 1 1 694 2738 695 9720 10173 734
4793 9 2 1 1 938 2422 3237 10829 10830 10831
4794 9 2 1 1 937 2421 3238 10832 10833 10834
4795 9 2 1 1 1562 3238 2421 10835 10833 6993
4796 9 2 1 1 1561 3237 2422 10836 10830 6995
4797 9 2 1 1 1409 2837 3161 10837 9970 10838
4798 9 2 1 1 1410 2838 3162 10839 9972 10840
4799 9 2 1 1 945 2791 2027 7930 10383 6735
4800 9 2 1 1 946 2792 2028 7928 10380 6738
4801 9 2 1 1 788 3062 2813 7394 9745 10211
4802 9 2 1 1 787 3061 2814 7396 9747 10209
4803 9 2 1 1 1297 2019 3123 9904 10841 7279
4804 9 2 1 1 1298 2020 3124 9906 10842 7282
4805 9 2 1 1 1071 2963 1980 3826 5953 10385
4806 9 2 1 1 1072 2964 1979 3829 5951 10387
4807 9 2 1 1 1125 3123 2019 10843 10841 8427
4808 9 2 1 1 1126 3124 2020 10844 10842 8429
4809 9 2 1 1 903 2501 3257 10026 10034 10845
4810 9 2 1 1 904 2502 3258 10028 10032 10846
4811 9 2 1 1 901 2505 3255 10020 10038 7971
4812 9 2 1 1 902 2506 3256 10022 10036 7973
4813 9 2 1 1 1129 2493 2311 9819 10779 10847
4814 9 2 1 1 1130 2494 2312 9822 10780 10848
4815 9 2 1 1 821 2799 2133 10281 10849 10213
4816 9 2 1 1 822 2800 2134 10282 10850 10215
4817 9 2 1 1 1273 2133 2799 9721 10849 9951
4818 9 2 1 1 1274 2134 2800 9722 10850 9952
4819 9 2 1 1 1161 2160 3068 6544 8576 10551
4820 9 2 1 1 1162 2159 3067 6546 8575 10553
4821 9 2 1 1 951 3329 3069 7886 9347 10747
4822 9 2 1 1 952 3330 3070 7888 9349 10750
4823 9 2 1 1 1067 1969 3145 8883 10851 9939
4824 9 2 1 1 1068 1970 3146 8884 10852 9941
4825 9 2 1 1 1123 3107 2015 10853 10854 8331
4826 9 2 1 1 1124 3108 2016 10855 10856 8333
4827 9 2 1 1 1288 2015 3107 9962 10854 7126
4828 9 2 1 1 1287 2016 3108 9959 10856 7123
4829 9 2 1 1 99 100 2763 233 9963 10577
4830 9 2 1 1 393 394 2764 527 9964 10578
4831 9 2 1 1 1635 2969 2139 7871 10857 7143
4832 9 2 1 1 1636 2970 2140 7873 10858 7145
4833 9 2 1 1 1710 2115 2875 7476 10859 8841
4834 9 2 1 1 1709 2116 2876 7474 10860 8843
4835 9 2 1 1 891 2875 2115 10861 10859 10862
4836 9 2 1 1 892 2876 2116 10863 10860 10864
4837 9 2 1 1 23 24 2777 157 9907 9649
4838 9 2 1 1 317 318 2778 451 9908 9650
4839 9 2 1 1 1464 3061 2307 10865 7395 9619
4840 9 2 1 1 1463 3062 2308 10866 7393 9621
4841 9 2 1 1 1318 2602 2723 10867 9634 10868
4842 9 2 1 1 1317 2601 2724 10869 9633 10870
4843 9 2 1 1 1811 2382 3194 8594 10871 9723
4844 9 2 1 1 1812 2381 3193 8596 10872 9725
4845 9 2 1 1 999 3131 2476 10873 10874 10875
4846 9 2 1 1 1000 3132 2475 10876 10877 10878
4847 9 2 1 1 138 139 2871 272 10879 9665
4848 9 2 1 1 432 433 2872 566 10880 9666
4849 9 2 1 1 1293 3359 2164 10881 10882 6721
4850 9 2 1 1 1294 3360 2163 10883 10884 6723
4851 9 2 1 1 1587 2207 2735 6602 10885 7213
4852 9 2 1 1 1588 2208 2736 6604 10886 7215
4853 9 2 1 1 1547 2476 3131 8850 10874 5505
4854 9 2 1 1 1548 2475 3132 8852 10877 5502
4855 9 2 1 1 791 2163 3360 5602 10884 9909
4856 9 2 1 1 792 2164 3359 5604 10882 9910
4857 9 2 1 1 1707 3027 2173 8745 10887 5065
4858 9 2 1 1 1708 3028 2174 8746 10888 5068
4859 9 2 1 1 128 129 2797 262 9567 10193
4860 9 2 1 1 422 423 2798 556 9568 10195
4861 9 2 1 1 1179 2773 1676 10889 10515 10397
4862 9 2 1 1 1180 2774 1675 10890 10516 10398
4863 9 2 1 1 885 2391 3025 6903 6282 7224
4864 9 2 1 1 886 2392 3026 6906 6284 7226
4865 9 2 1 1 1502 3338 2439 8292 10227 10776
4866 9 2 1 1 1501 3337 2440 8290 10228 10773
4867 9 2 1 1 937 2288 3055 7760 10056 10891
4868 9 2 1 1 938 2287 3056 7757 10058 10892
4869 9 2 1 1 1288 3046 1996 7374 5752 10575
4870 9 2 1 1 1287 3045 1995 7373 5754 10573
4871 9 2 1 1 1688 3302 2470 10628 9073 9816
4872 9 2 1 1 1687 3301 2469 10630 9075 9815
4873 9 2 1 1 927 3363 3159 3418 10893 10737
4874 9 2 1 1 928 3364 3160 3420 10894 10739
4875 9 2 1 1 1761 2691 3381 5352 10895 10896
4876 9 2 1 1 1762 2692 3382 5354 10897 10898
4877 9 2 1 1 823 3381 2691 5837 10895 3621
4878 9 2 1 1 824 3382 2692 5840 10897 3623
4879 9 2 1 1 1575 2187 2533 6882 10899 6983
4880 9 2 1 1 1576 2188 2534 6884 10900 6985
4881 9 2 1 1 1577 2189 2535 6886 10901 6979
4882 9 2 1 1 1578 2190 2536 6888 10902 6981
4883 9 2 1 1 1583 2539 2191 7190 10903 6893
4884 9 2 1 1 1584 2540 2192 7192 10904 6895
4885 9 2 1 1 1579 2537 2193 7186 10905 6889
4886 9 2 1 1 1580 2538 2194 7188 10906 6891
4887 9 2 1 1 41 42 2817 175 10907 7805
4888 9 2 1 1 335 336 2818 469 10908 7806
4889 9 2 1 1 78 79 3022 212 7275 10909
4890 9 2 1 1 372 373 3021 506 7277 10910
4891 9 2 1 1 776 1976 3018 4970 10559 8830
4892 9 2 1 1 775 1975 3017 4967 10556 8829
4893 9 2 1 1 1729 3119 2123 8988 10911 6590
4894 9 2 1 1 1730 3120 2124 8990 10912 6592
4895 9 2 1 1 1076 3362 1938 10913 8599 4615
4896 9 2 1 1 1075 3361 1937 10914 8597 4613
4897 9 2 1 1 18 19 2829 152 4628 8307
4898 9 2 1 1 312 313 2830 446 4630 8309
4899 9 2 1 1 1715 3392 3005 10915 10673 8347
4900 9 2 1 1 1716 3391 3006 10916 10671 8350
4901 9 2 1 1 1193 2533 2187 10917 10899 8357
4902 9 2 1 1 1194 2534 2188 10918 10900 8359
4903 9 2 1 1 1195 2535 2189 10730 10901 8361
4904 9 2 1 1 1196 2536 2190 10732 10902 8363
4905 9 2 1 1 1197 2193 2537 7200 10905 10919
4906 9 2 1 1 1198 2194 2538 7202 10906 10920
4907 9 2 1 1 1199 2191 2539 8366 10903 10921
4908 9 2 1 1 1200 2192 2540 8368 10904 10922
4909 9 2 1 1 941 2099 2808 10042 10923 10771
4910 9 2 1 1 942 2100 2807 10044 10924 10772
4911 9 2 1 1 832 3047 2030 10770 10811 10925
4912 9 2 1 1 831 3048 2029 10768 10812 10926
4913 9 2 1 1 1503 3062 2793 9746 10927 5078
4914 9 2 1 1 1504 3061 2794 9748 10928 5077
4915 9 2 1 1 929 2901 2393 7744 10929 4727
4916 9 2 1 1 930 2902 2394 7746 10930 4729
4917 9 2 1 1 1491 2161 2597 3939 9653 9123
4918 9 2 1 1 1492 2162 2598 3941 9651 9126
4919 9 2 1 1 960 1620 2697 10073 10931 10932
4920 9 2 1 1 959 1619 2698 10074 10933 10934
4921 9 2 1 1 1565 2808 2099 10935 10923 5122
4922 9 2 1 1 1566 2807 2100 10936 10924 5124
4923 9 2 1 1 791 1803 2742 6320 10937 5271
4924 9 2 1 1 792 1804 2741 6322 10938 5274
4925 9 2 1 1 1438 2831 2591 10939 10719 7309
4926 9 2 1 1 1437 2832 2592 10940 10721 7307
4927 9 2 1 1 1327 1923 2737 4449 10172 10941
4928 9 2 1 1 1328 1924 2738 4447 10174 10942
4929 9 2 1 1 969 2739 3283 9592 10943 10944
4930 9 2 1 1 970 2740 3284 9594 10945 10946
4931 9 2 1 1 1235 2003 3323 10108 10947 10355
4932 9 2 1 1 1236 2004 3324 10110 10948 10356
4933 9 2 1 1 1129 2007 3325 7700 10949 10351
4934 9 2 1 1 1130 2008 3326 7702 10950 10352
4935 9 2 1 1 1233 2009 3327 10114 10951 10353
4936 9 2 1 1 1234 2010 3328 10116 10952 10354
4937 9 2 1 1 1369 2001 3053 3718 9936 7809
4938 9 2 1 1 1370 2002 3054 3720 9938 7812
4939 9 2 1 1 1906 3263 1986 10953 10954 9254
4940 9 2 1 1 1905 3264 1985 10955 10956 9253
4941 9 2 1 1 1329 3075 2115 8420 10957 10958
4942 9 2 1 1 1330 3076 2116 8418 10959 10960
4943 9 2 1 1 891 2115 3075 10862 10957 10961
4944 9 2 1 1 892 2116 3076 10864 10959 10962
4945 9 2 1 1 1125 2081 3101 8428 10963 10964
4946 9 2 1 1 1126 2082 3102 8430 10965 10966
4947 9 2 1 1 1129 3103 2085 10967 10968 7699
4948 9 2 1 1 1130 3104 2086 10969 10970 7701
4949 9 2 1 1 2052 3110 2819 10971 10972 10162
4950 9 2 1 1 2051 3109 2820 10973 10974 10161
4951 9 2 1 1 67 68 3185 201 10810 10827
4952 9 2 1 1 361 362 3186 495 10809 10828
4953 9 2 1 1 1347 1843 2960 5400 10975 7601
4954 9 2 1 1 1348 1844 2959 5398 10976 7599
4955 9 2 1 1 1495 2559 2204 8068 10492 9625
4956 9 2 1 1 1496 2560 2203 8070 10491 9627
4957 9 2 1 1 935 2227 2521 10977 10646 10785
4958 9 2 1 1 936 2228 2522 10978 10648 10787
4959 9 2 1 1 1124 2344 2929 9796 3449 10979
4960 9 2 1 1 1123 2343 2930 9794 3452 10980
4961 9 2 1 1 364 2811 2425 10784 10981 7140
4962 9 2 1 1 70 2812 2426 10783 10982 7137
4963 9 2 1 1 1293 2878 1749 8782 9603 10983
4964 9 2 1 1 1294 2877 1750 8780 9601 10984
4965 9 2 1 1 78 3022 1919 10909 10467 10823
4966 9 2 1 1 372 3021 1920 10910 10465 10824
4967 9 2 1 1 1065 2013 3049 4330 8002 8317
4968 9 2 1 1 1066 2014 3050 4332 8004 8320
4969 9 2 1 1 1567 3152 3060 10985 10986 10987
4970 9 2 1 1 1568 3151 3059 10988 10989 10990
4971 9 2 1 1 1493 2755 2673 10991 10992 10993
4972 9 2 1 1 1494 2756 2674 10994 10995 10996
4973 9 2 1 1 1038 1677 3260 7319 10997 10998
4974 9 2 1 1 1037 1678 3259 7322 10999 11000
4975 9 2 1 1 1671 2819 3229 8797 11001 7739
4976 9 2 1 1 1672 2820 3230 8800 11002 7741
4977 9 2 1 1 1290 1874 3088 9852 10334 10545
4978 9 2 1 1 1289 1873 3087 9851 10332 10543
4979 9 2 1 1 65 66 3115 199 6518 11003
4980 9 2 1 1 359 360 3116 493 6516 11004
4981 9 2 1 1 1237 2673 2755 5158 10992 6125
4982 9 2 1 1 1238 2674 2756 5160 10995 6128
4983 9 2 1 1 1680 3220 2925 11005 11006 8199
4984 9 2 1 1 1679 3219 2926 11007 11008 8201
4985 9 2 1 1 42 2269 2817 9417 11009 10907
4986 9 2 1 1 336 2270 2818 9418 11010 10908
4987 9 2 1 1 1346 2818 2270 7716 11010 11011
4988 9 2 1 1 1345 2817 2269 7719 11009 11012
4989 9 2 1 1 1131 3323 2003 9193 10947 7707
4990 9 2 1 1 1132 3324 2004 9194 10948 7709
4991 9 2 1 1 1229 3325 2007 10262 10949 10127
4992 9 2 1 1 1230 3326 2008 10264 10950 10128
4993 9 2 1 1 1133 3327 2009 8899 10951 7703
4994 9 2 1 1 1134 3328 2010 8900 10952 7705
4995 9 2 1 1 863 2096 3063 5588 11013 10203
4996 9 2 1 1 864 2095 3064 5590 11014 10206
4997 9 2 1 1 981 3177 2823 7824 11015 11016
4998 9 2 1 1 982 3178 2824 7821 11017 11018
4999 9 2 1 1 1571 2279 2940 7366 11019 7220
5000 9 2 1 1 1572 2280 2939 7368 11020 7222
5001 9 2 1 1 953 2021 3067 10425 10554 5283
5002 9 2 1 1 954 2022 3068 10426 10552 5285
5003 9 2 1 1 1971 3373 2000 11021 11022 9740
5004 9 2 1 1 1972 3374 1999 11023 11024 9739
5005 9 2 1 1 1334 3078 1890 10500 10497 10017
5006 9 2 1 1 1333 3077 1889 10502 10495 10018
5007 9 2 1 1 1759 2979 2574 11025 10431 8216
5008 9 2 1 1 1760 2980 2573 11026 10432 8218
5009 9 2 1 1 374 375 3321 508 10600 11027
5010 9 2 1 1 80 81 3322 214 10599 11028
5011 9 2 1 1 1197 2783 2195 11029 11030 7199
5012 9 2 1 1 1198 2784 2196 11031 11032 7201
5013 9 2 1 1 1085 2017 3167 8380 4851 10179
5014 9 2 1 1 1086 2018 3168 8382 4854 10181
5015 9 2 1 1 1367 2293 3353 8278 11033 9631
5016 9 2 1 1 1368 2294 3354 8280 11034 9632
5017 9 2 1 1 1191 2247 2826 6500 11035 4256
5018 9 2 1 1 1192 2248 2825 6502 11036 4253
5019 9 2 1 1 51 2585 2292 10527 11037 8556
5020 9 2 1 1 345 2586 2291 10528 11038 8555
5021 9 2 1 1 1115 2251 2981 9015 11039 9065
5022 9 2 1 1 1116 2252 2982 9018 11040 9067
5023 9 2 1 1 1295 3090 2261 11041 8165 5057
5024 9 2 1 1 1296 3089 2262 11042 8163 5058
5025 9 2 1 1 1921 2283 3126 9279 11043 10640
5026 9 2 1 1 1922 2284 3125 9280 11044 10639
5027 9 2 1 1 782 3122 2258 7980 11045 5949
5028 9 2 1 1 781 3121 2257 7978 11046 5947
5029 9 2 1 1 830 2607 1966 10207 6114 10605
5030 9 2 1 1 829 2608 1965 10208 6112 10607
5031 9 2 1 1 1377 3256 2021 7967 10035 10419
5032 9 2 1 1 1378 3255 2022 7970 10037 10422
5033 9 2 1 1 1381 3257 2026 11047 10033 10415
5034 9 2 1 1 1382 3258 2025 11048 10031 10417
5035 9 2 1 1 1317 2178 2000 11049 9893 11050
5036 9 2 1 1 1318 2177 1999 11051 9894 11052
5037 9 2 1 1 1182 3063 2096 11053 11013 8466
5038 9 2 1 1 1181 3064 2095 11054 11014 8463
5039 9 2 1 1 1299 2139 2969 6599 10857 11055
5040 9 2 1 1 1300 2140 2970 6600 10858 11056
5041 9 2 1 1 1391 2982 2252 11057 11040 9803
5042 9 2 1 1 1392 2981 2251 11058 11039 9805
5043 9 2 1 1 1733 3112 2269 9026 11059 7877
5044 9 2 1 1 1734 3111 2270 9029 11060 7879
5045 9 2 1 1 341 342 3169 475 6343 9853
5046 9 2 1 1 47 48 3170 181 6346 9854
5047 9 2 1 1 1263 2049 3135 6943 10609 11061
5048 9 2 1 1 1264 2050 3136 6944 10610 11062
5049 9 2 1 1 843 3053 2371 8117 9935 9501
5050 9 2 1 1 844 3054 2372 8118 9937 9502
5051 9 2 1 1 97 98 3207 231 5292 10360
5052 9 2 1 1 391 392 3208 525 5289 10359
5053 9 2 1 1 21 22 3211 155 6264 10477
5054 9 2 1 1 315 316 3212 449 6266 10478
5055 9 2 1 1 1099 2644 1955 7898 7838 3725
5056 9 2 1 1 1100 2643 1956 7896 7835 3728
5057 9 2 1 1 1788 2297 3097 8642 11063 9462
5058 9 2 1 1 1787 2298 3098 8640 11064 9464
5059 9 2 1 1 45 46 3236 179 6760 11065
5060 9 2 1 1 339 340 3235 473 6762 11066
5061 9 2 1 1 132 133 3247 266 11067 9251
5062 9 2 1 1 426 427 3248 560 11068 9252
5063 9 2 1 1 56 57 3269 190 11069 11070
5064 9 2 1 1 350 351 3270 484 11071 11072
5065 9 2 1 1 1071 2523 2305 10386 11073 10007
5066 9 2 1 1 1072 2524 2306 10388 11074 10009
5067 9 2 1 1 1223 2305 2523 11075 11073 9868
5068 9 2 1 1 1224 2306 2524 11076 11074 9867
5069 9 2 1 1 1153 2671 2323 11077 11078 8493
5070 9 2 1 1 1154 2672 2324 11079 11080 8496
5071 9 2 1 1 382 383 3379 516 11081 11082
5072 9 2 1 1 88 89 3380 222 11083 11084
5073 9 2 1 1 130 131 3303 264 9241 6559
5074 9 2 1 1 424 425 3304 558 9242 6561
5075 9 2 1 1 1483 2986 1878 11085 9869 10065
5076 9 2 1 1 1484 2985 1877 11086 9871 10066
5077 9 2 1 1 1641 3283 2739 11087 10943 9465
5078 9 2 1 1 1642 3284 2740 11088 10945 9466
5079 9 2 1 1 1441 2887 2621 10505 11089 3656
5080 9 2 1 1 1442 2888 2622 10508 11090 3659
5081 9 2 1 1 1759 2250 2979 9051 11091 11025
5082 9 2 1 1 1760 2249 2980 9053 11092 11026
5083 9 2 1 1 1477 2075 3261 6443 10634 6439
5084 9 2 1 1 1478 2076 3262 6446 10636 6437
5085 9 2 1 1 769 2925 3220 8710 11006 11093
5086 9 2 1 1 770 2926 3219 8712 11008 11094
5087 9 2 1 1 1327 2737 1851 10941 9717 6268
5088 9 2 1 1 1328 2738 1852 10942 9719 6267
5089 9 2 1 1 1677 2178 3260 7172 11095 10997
5090 9 2 1 1 1678 2177 3259 7170 11096 10999
5091 9 2 1 1 1045 2171 2891 4569 11097 5175
5092 9 2 1 1 1046 2172 2892 4570 11098 5178
5093 9 2 1 1 611 2986 612 9870 9929 651
5094 9 2 1 1 690 2985 691 9872 9927 730
5095 9 2 1 1 1507 1993 3275 8257 10442 11099
5096 9 2 1 1 1508 1994 3276 8259 10444 11100
5097 9 2 1 1 1285 2891 2171 4451 11097 11101
5098 9 2 1 1 1286 2892 2172 4453 11098 11102
5099 9 2 1 1 1250 2468 2451 11103 11104 11105
5100 9 2 1 1 1249 2467 2452 11106 11107 11108
5101 9 2 1 1 1258 2451 2468 11109 11104 4522
5102 9 2 1 1 1257 2452 2467 11110 11107 4519
5103 9 2 1 1 1483 1875 2986 10603 9930 11085
5104 9 2 1 1 1484 1876 2985 10604 9928 11086
5105 9 2 1 1 1242 2407 2900 11111 11112 4959
5106 9 2 1 1 1241 2408 2899 11113 11114 4957
5107 9 2 1 1 1266 2458 2455 6872 11115 11116
5108 9 2 1 1 1265 2457 2456 6869 11117 11118
5109 9 2 1 1 1226 2455 2458 5419 11115 9863
5110 9 2 1 1 1225 2456 2457 5422 11117 9865
5111 9 2 1 1 909 2979 2250 9668 11091 10487
5112 9 2 1 1 910 2980 2249 9670 11092 10489
5113 9 2 1 1 921 2887 2809 4658 10504 4063
5114 9 2 1 1 922 2888 2810 4660 10507 4065
5115 9 2 1 1 1430 2517 2357 6699 10689 4360
5116 9 2 1 1 1429 2518 2358 6702 10690 4359
5117 9 2 1 1 1639 2823 3177 11119 11015 7567
5118 9 2 1 1 1640 2824 3178 11120 11017 7569
5119 9 2 1 1 756 2772 2046 5012 8717 10598
5120 9 2 1 1 755 2771 2045 5014 8715 10597
5121 9 2 1 1 841 2265 3245 9495 10742 6755
5122 9 2 1 1 842 2266 3246 9496 10745 6757
5123 9 2 1 1 1331 2028 3165 7042 11121 11122
5124 9 2 1 1 1332 2027 3166 7040 11123 11124
5125 9 2 1 1 877 3290 2857 11125 10700 10445
5126 9 2 1 1 878 3289 2858 11126 10703 10447
5127 9 2 1 1 1143 2567 2347 9275 8867 4611
5128 9 2 1 1 1144 2568 2348 9278 8868 4612
5129 9 2 1 1 795 2779 3285 8522 11127 8155
5130 9 2 1 1 796 2780 3286 8524 11128 8158
5131 9 2 1 1 1719 3285 2779 11129 11127 7488
5132 9 2 1 1 1720 3286 2780 11130 11128 7491
5133 9 2 1 1 893 2055 3297 5657 6207 11131
5134 9 2 1 1 894 2056 3298 5660 6208 11132
5135 9 2 1 1 1209 2292 2585 9092 11037 6181
5136 9 2 1 1 1210 2291 2586 9090 11038 6183
5137 9 2 1 1 1029 3313 2145 8914 11133 9526
5138 9 2 1 1 1030 3314 2146 8916 11134 9525
5139 9 2 1 1 1495 3031 2499 11135 11136 8067
5140 9 2 1 1 1496 3032 2500 11137 11138 8069
5141 9 2 1 1 767 2499 3031 10090 11136 11139
5142 9 2 1 1 768 2500 3032 10092 11138 11140
5143 9 2 1 1 1391 2145 3313 3832 11133 11141
5144 9 2 1 1 1392 2146 3314 3835 11134 11142
5145 9 2 1 1 1101 3373 1971 11143 11021 7681
5146 9 2 1 1 1102 3374 1972 11144 11023 7683
5147 9 2 1 1 1385 3043 2069 7072 10297 3881
5148 9 2 1 1 1386 3044 2070 7070 10299 3883
5149 9 2 1 1 1325 3109 2051 7194 10973 7161
5150 9 2 1 1 1326 3110 2052 7193 10971 7163
5151 9 2 1 1 1151 2353 2583 4545 9213 9455
5152 9 2 1 1 1152 2354 2584 4546 9214 9458
5153 9 2 1 1 1323 3279 2151 10652 10183 7767
5154 9 2 1 1 1324 3280 2152 10654 10184 7769
5155 9 2 1 1 1662 3251 2664 9612 4806 8265
5156 9 2 1 1 1661 3252 2663 9611 4803 8267
5157 9 2 1 1 1044 2945 2137 5085 11145 9828
5158 9 2 1 1 1043 2946 2138 5088 11146 9827
5159 9 2 1 1 1098 3263 1906 11147 10953 8677
5160 9 2 1 1 1097 3264 1905 11148 10955 8675
5161 9 2 1 1 905 2878 2135 9604 8781 7961
5162 9 2 1 1 906 2877 2136 9602 8779 7963
5163 9 2 1 1 1418 3095 1954 6648 11149 8742
5164 9 2 1 1 1417 3096 1953 6650 11150 8741
5165 9 2 1 1 1023 2987 2101 10223 11151 9697
5166 9 2 1 1 1024 2988 2102 10224 11152 9699
5167 9 2 1 1 1360 3379 2202 11153 11154 11155
5168 9 2 1 1 1359 3380 2201 11156 11157 11158
5169 9 2 1 1 1413 2295 3121 7464 11159 7977
5170 9 2 1 1 1414 2296 3122 7466 11160 7979
5171 9 2 1 1 1666 3175 2488 7660 11161 8822
5172 9 2 1 1 1665 3176 2487 7658 11162 8821
5173 9 2 1 1 1640 2999 3293 11163 11164 11165
5174 9 2 1 1 1639 3000 3294 11166 11167 11168
5175 9 2 1 1 1210 3289 2420 11169 11170 9089
5176 9 2 1 1 1209 3290 2419 11171 11172 9091
5177 9 2 1 1 1697 2137 2945 6239 11145 8345
5178 9 2 1 1 1698 2138 2946 6241 11146 8346
5179 9 2 1 1 1079 2941 2241 8414 11173 5459
5180 9 2 1 1 1080 2942 2242 8411 11174 5457
5181 9 2 1 1 6 3180 674 4012 9965 713
5182 9 2 1 1 5 3179 595 4010 9967 634
5183 9 2 1 1 1409 3161 2521 10838 11175 10645
5184 9 2 1 1 1410 3162 2522 10840 11176 10647
5185 9 2 1 1 1620 1934 2697 6290 8074 10931
5186 9 2 1 1 1619 1933 2698 6288 8077 10933
5187 9 2 1 1 1243 2101 2987 10580 11151 5957
5188 9 2 1 1 1244 2102 2988 10582 11152 5955
5189 9 2 1 1 1082 3358 2116 10536 11177 7473
5190 9 2 1 1 1081 3357 2115 10534 11178 7475
5191 9 2 1 1 1388 2766 2180 5980 8708 7045
5192 9 2 1 1 1387 2765 2179 5978 8707 7043
5193 9 2 1 1 1585 3101 2081 6834 10963 6453
5194 9 2 1 1 1586 3102 2082 6837 10965 6455
5195 9 2 1 1 1583 2085 3103 6466 10968 6828
5196 9 2 1 1 1584 2086 3104 6468 10970 6831
5197 9 2 1 1 1507 3275 1923 11099 10103 3540
5198 9 2 1 1 1508 3276 1924 11100 10105 3543
5199 9 2 1 1 933 2303 2609 11179 10571 10757
5200 9 2 1 1 934 2304 2610 11180 10572 10759
5201 9 2 1 1 925 2783 2395 7174 11181 4136
5202 9 2 1 1 926 2784 2396 7176 11182 4139
5203 9 2 1 1 600 3213 601 10060 9955 640
5204 9 2 1 1 679 3214 680 10062 9953 719
5205 9 2 1 1 1210 2460 3289 4024 11183 11169
5206 9 2 1 1 1209 2459 3290 4021 11184 11171
5207 9 2 1 1 1219 2125 2905 11185 4337 8869
5208 9 2 1 1 1220 2126 2906 11186 4339 8871
5209 9 2 1 1 1411 2639 2855 9095 11187 11188
5210 9 2 1 1 1412 2640 2856 9098 11189 11190
5211 9 2 1 1 767 3031 2431 11139 11191 10679
5212 9 2 1 1 768 3032 2432 11140 11192 10682
5213 9 2 1 1 1453 2431 3031 8474 11191 11193
5214 9 2 1 1 1454 2432 3032 8476 11192 11194
5215 9 2 1 1 1005 2735 2207 8028 10885 10619
5216 9 2 1 1 1006 2736 2208 8030 10886 10620
5217 9 2 1 1 899 2077 3239 6770 8961 10791
5218 9 2 1 1 900 2078 3240 6772 8962 10793
5219 9 2 1 1 889 3077 3087 10496 11195 10331
5220 9 2 1 1 890 3078 3088 10498 11196 10333
5221 9 2 1 1 753 3229 2819 11197 11001 11198
5222 9 2 1 1 754 3230 2820 11199 11002 11200
5223 9 2 1 1 1663 3225 2679 9492 5435 10753
5224 9 2 1 1 1664 3226 2680 9494 5438 10754
5225 9 2 1 1 1079 3221 1975 6767 10661 8412
5226 9 2 1 1 1080 3222 1976 6768 10663 8409
5227 9 2 1 1 1340 2860 2927 10270 11201 5721
5228 9 2 1 1 1339 2859 2928 10272 11202 5723
5229 9 2 1 1 1448 2369 3321 11203 11204 10309
5230 9 2 1 1 1447 2370 3322 11205 11206 10307
5231 9 2 1 1 1585 2195 2783 6898 11030 7173
5232 9 2 1 1 1586 2196 2784 6900 11032 7175
5233 9 2 1 1 995 2108 3203 10614 11207 9351
5234 9 2 1 1 996 2107 3204 10613 11208 9353
5235 9 2 1 1 1305 3203 2108 9356 11207 8485
5236 9 2 1 1 1306 3204 2107 9355 11208 8487
5237 9 2 1 1 1136 2488 3175 6966 11161 10825
5238 9 2 1 1 1135 2487 3176 6964 11162 10826
5239 9 2 1 1 1844 3048 2959 9777 10767 10976
5240 9 2 1 1 1843 3047 2960 9778 10769 10975
5241 9 2 1 1 1511 3041 2405 9599 8167 5925
5242 9 2 1 1 1512 3042 2406 9600 8169 5928
5243 9 2 1 1 1276 2530 3038 9380 6504 8301
5244 9 2 1 1 1275 2529 3037 9377 6506 8303
5245 9 2 1 1 1414 2614 2249 10394 10490 7465
5246 9 2 1 1 1413 2613 2250 10396 10488 7463
5247 9 2 1 1 1117 2542 3215 9786 11209 11210
5248 9 2 1 1 1118 2541 3216 9788 11211 11212
5249 9 2 1 1 1596 2927 2860 11213 11201 6349
5250 9 2 1 1 1595 2928 2859 11214 11202 6347
5251 9 2 1 1 1477 2111 3115 5622 11215 6441
5252 9 2 1 1 1478 2112 3116 5620 11216 6444
5253 9 2 1 1 1197 2395 2783 11217 11181 11029
5254 9 2 1 1 1198 2396 2784 11218 11182 11031
5255 9 2 1 1 1207 2677 2329 9770 11219 8577
5256 9 2 1 1 1208 2678 2330 9772 11220 8578
5257 9 2 1 1 1769 2329 2677 8996 11219 9421
5258 9 2 1 1 1770 2330 2678 8998 11220 9423
5259 9 2 1 1 617 3275 618 10104 10441 657
5260 9 2 1 1 696 3276 697 10106 10443 736
5261 9 2 1 1 1267 2687 2787 7494 11221 5865
5262 9 2 1 1 1268 2688 2788 7496 11222 5867
5263 9 2 1 1 1269 2789 2690 5872 11223 11224
5264 9 2 1 1 1270 2790 2689 5870 11225 11226
5265 9 2 1 1 1241 2653 3361 3612 8598 11227
5266 9 2 1 1 1242 2654 3362 3610 8600 11228
5267 9 2 1 1 1525 1903 2795 5832 7889 11229
5268 9 2 1 1 1526 1904 2796 5834 7891 11230
5269 9 2 1 1 1362 2362 3151 10800 10642 11231
5270 9 2 1 1 1361 2361 3152 10799 10644 11232
5271 9 2 1 1 899 2103 3227 10792 9590 5145
5272 9 2 1 1 900 2104 3228 10794 9589 5148
5273 9 2 1 1 1621 2211 2901 7328 11233 7743
5274 9 2 1 1 1622 2212 2902 7330 11234 7745
5275 9 2 1 1 1199 2901 2211 11235 11233 8365
5276 9 2 1 1 1200 2902 2212 11236 11234 8367
5277 9 2 1 1 1725 2314 3133 8604 11237 8952
5278 9 2 1 1 1726 2313 3134 8602 11238 8951
5279 9 2 1 1 1525 2795 2205 11229 11239 9225
5280 9 2 1 1 1526 2796 2206 11230 11240 9227
5281 9 2 1 1 1471 2787 2687 11241 11221 9737
5282 9 2 1 1 1472 2788 2688 11242 11222 9738
5283 9 2 1 1 1474 2690 2789 7478 11223 8823
5284 9 2 1 1 1473 2689 2790 7480 11225 8826
5285 9 2 1 1 767 2429 3083 10681 11243 10089
5286 9 2 1 1 768 2430 3084 10684 11244 10091
5287 9 2 1 1 1451 3083 2429 11245 11243 8469
5288 9 2 1 1 1452 3084 2430 11246 11244 8471
5289 9 2 1 1 780 2127 3071 10566 11247 10765
5290 9 2 1 1 779 2128 3072 10565 11248 10766
5291 9 2 1 1 1272 2315 2915 11249 10473 10595
5292 9 2 1 1 1271 2316 2916 11250 10474 10596
5293 9 2 1 1 1293 1749 3359 10983 9664 10881
5294 9 2 1 1 1294 1750 3360 10984 9662 10883
5295 9 2 1 1 1091 2277 2725 8454 10311 10623
5296 9 2 1 1 1092 2278 2726 8456 10312 10625
5297 9 2 1 1 1505 2123 3119 7624 10911 11251
5298 9 2 1 1 1506 2124 3120 7626 10912 11252
5299 9 2 1 1 1505 3119 2557 11251 11253 7387
5300 9 2 1 1 1506 3120 2558 11252 11254 7389
5301 9 2 1 1 1057 2557 3119 5139 11253 8987
5302 9 2 1 1 1058 2558 3120 5142 11254 8989
5303 9 2 1 1 1474 2132 3085 8825 10632 8625
5304 9 2 1 1 1473 2131 3086 8828 10631 8627
5305 9 2 1 1 816 3060 3152 5036 10986 10643
5306 9 2 1 1 815 3059 3151 5033 10989 10641
5307 9 2 1 1 1519 2181 2977 5903 7391 3595
5308 9 2 1 1 1520 2182 2978 5905 7392 3597
5309 9 2 1 1 1354 3309 2144 11255 11256 10451
5310 9 2 1 1 1353 3310 2143 11257 11258 10449
5311 9 2 1 1 1085 2144 3309 10180 11256 11259
5312 9 2 1 1 1086 2143 3310 10182 11258 11260
5313 9 2 1 1 1272 2851 2315 11261 11262 11249
5314 9 2 1 1 1271 2852 2316 11263 11264 11250
5315 9 2 1 1 1804 3063 2741 10377 11265 10938
5316 9 2 1 1 1803 3064 2742 10378 11266 10937
5317 9 2 1 1 797 2767 3144 11267 11268 7080
5318 9 2 1 1 798 2768 3143 11269 11270 7077
5319 9 2 1 1 1605 3144 2767 10291 11268 11271
5320 9 2 1 1 1606 3143 2768 10294 11270 11272
5321 9 2 1 1 1330 2116 3358 10960 11177 11273
5322 9 2 1 1 1329 2115 3357 10958 11178 11274
5323 9 2 1 1 1911 3331 3358 9924 11275 10535
5324 9 2 1 1 1912 3332 3357 9923 11276 10533
5325 9 2 1 1 1330 3358 3331 11273 11275 11277
5326 9 2 1 1 1329 3357 3332 11274 11276 11278
5327 9 2 1 1 1411 2855 3163 11188 11279 8313
5328 9 2 1 1 1412 2856 3164 11190 11280 8315
5329 9 2 1 1 911 2452 2897 11281 11282 10511
5330 9 2 1 1 912 2451 2898 11283 11284 10513
5331 9 2 1 1 1259 2185 2953 7011 10071 9205
5332 9 2 1 1 1260 2186 2954 7012 10072 9207
5333 9 2 1 1 1420 3278 2110 5826 11285 7881
5334 9 2 1 1 1419 3277 2109 5825 11286 7883
5335 9 2 1 1 1250 2876 2468 8844 11287 11103
5336 9 2 1 1 1249 2875 2467 8842 11288 11106
5337 9 2 1 1 1467 3247 2409 8262 11289 5989
5338 9 2 1 1 1468 3248 2410 8264 11290 5992
5339 9 2 1 1 1125 3101 2309 10964 9844 10805
5340 9 2 1 1 1126 3102 2310 10966 9846 10807
5341 9 2 1 1 1129 2311 3103 10847 9841 10967
5342 9 2 1 1 1130 2312 3104 10848 9842 10969
5343 9 2 1 1 911 2864 2452 10548 11291 11281
5344 9 2 1 1 912 2863 2451 10550 11292 11283
5345 9 2 1 1 832 2030 2761 10925 6763 8090
5346 9 2 1 1 831 2029 2762 10926 6765 8089
5347 9 2 1 1 1211 2769 2767 10728 11293 9859
5348 9 2 1 1 1212 2770 2768 10727 11294 9857
5349 9 2 1 1 1605 2767 2769 11271 11293 11295
5350 9 2 1 1 1606 2768 2770 11272 11294 11296
5351 9 2 1 1 133 2409 3247 9513 11289 11067
5352 9 2 1 1 427 2410 3248 9514 11290 11068
5353 9 2 1 1 1219 3345 2125 11297 10583 11185
5354 9 2 1 1 1220 3346 2126 11298 10584 11186
5355 9 2 1 1 1764 2775 2345 10234 5680 9291
5356 9 2 1 1 1763 2776 2346 10233 5683 9289
5357 9 2 1 1 65 3115 2111 11003 11215 5006
5358 9 2 1 1 359 3116 2112 11004 11216 5005
5359 9 2 1 1 1434 2900 2407 6150 11112 11299
5360 9 2 1 1 1433 2899 2408 6152 11114 11300
5361 9 2 1 1 374 3321 2369 11027 11204 9442
5362 9 2 1 1 80 3322 2370 11028 11206 9441
5363 9 2 1 1 808 3293 2999 11301 11164 11302
5364 9 2 1 1 807 3294 3000 11303 11167 11304
5365 9 2 1 1 1085 3309 2127 11259 11305 5765
5366 9 2 1 1 1086 3310 2128 11260 11306 5767
5367 9 2 1 1 809 2831 2445 10720 11307 6709
5368 9 2 1 1 810 2832 2446 10722 11308 6710
5369 9 2 1 1 1405 2173 3027 7588 10887 3893
5370 9 2 1 1 1406 2174 3028 7590 10888 3896
5371 9 2 1 1 1541 3290 2459 10701 11184 10670
5372 9 2 1 1 1542 3289 2460 10704 11183 10669
5373 9 2 1 1 1239 2971 2197 9162 6991 10081
5374 9 2 1 1 1240 2972 2198 9164 6992 10084
5375 9 2 1 1 1075 2408 3361 9340 11309 10914
5376 9 2 1 1 1076 2407 3362 9342 11310 10913
5377 9 2 1 1 1184 2694 2397 9108 8446 4737
5378 9 2 1 1 1183 2693 2398 9107 8445 4739
5379 9 2 1 1 1562 2631 3238 6782 11311 10835
5380 9 2 1 1 1561 2632 3237 6784 11312 10836
5381 9 2 1 1 1480 3238 2631 11313 11311 7088
5382 9 2 1 1 1479 3237 2632 11314 11312 7087
5383 9 2 1 1 1040 3194 2769 9724 11315 6303
5384 9 2 1 1 1039 3193 2770 9726 11316 6305
5385 9 2 1 1 1605 2769 3194 11295 11315 11317
5386 9 2 1 1 1606 2770 3193 11296 11316 11318
5387 9 2 1 1 1313 2227 3051 11319 11320 10585
5388 9 2 1 1 1314 2228 3052 11321 11322 10588
5389 9 2 1 1 935 3051 2227 10371 11320 10977
5390 9 2 1 1 936 3052 2228 10372 11322 10978
5391 9 2 1 1 1727 2882 2588 10820 11323 9063
5392 9 2 1 1 1728 2881 2587 10819 11324 9064
5393 9 2 1 1 1347 2826 2247 11325 11035 5399
5394 9 2 1 1 1348 2825 2248 11326 11036 5397
5395 9 2 1 1 1185 2375 2703 4678 10472 8777
5396 9 2 1 1 1186 2376 2704 4680 10471 8778
5397 9 2 1 1 1387 2242 2942 7044 11174 6169
5398 9 2 1 1 1388 2241 2941 7046 11173 6171
5399 9 2 1 1 1223 2925 2305 8200 8709 11075
5400 9 2 1 1 1224 2926 2306 8202 8711 11076
5401 9 2 1 1 1270 2689 3365 11226 11327 10723
5402 9 2 1 1 1269 2690 3366 11224 11328 10725
5403 9 2 1 1 1685 2315 2851 8296 11262 8525
5404 9 2 1 1 1686 2316 2852 8294 11264 8527
5405 9 2 1 1 1697 3371 2263 8544 11329 8275
5406 9 2 1 1 1698 3372 2264 8543 11330 8273
5407 9 2 1 1 1229 3274 2333 8478 11331 9595
5408 9 2 1 1 1230 3273 2334 8480 11332 9597
5409 9 2 1 1 830 2801 3095 10606 11333 5605
5410 9 2 1 1 829 2802 3096 10608 11334 5608
5411 9 2 1 1 1193 2215 3001 8358 11335 11336
5412 9 2 1 1 1194 2216 3002 8360 11337 11338
5413 9 2 1 1 2109 3277 2660 11286 11339 10435
5414 9 2 1 1 2110 3278 2659 11285 11340 10437
5415 9 2 1 1 981 2823 2455 11016 11341 5769
5416 9 2 1 1 982 2824 2456 11018 11342 5771
5417 9 2 1 1 1255 2271 2785 9216 9916 6749
5418 9 2 1 1 1256 2272 2786 9215 9918 6747
5419 9 2 1 1 938 3237 2490 10831 11343 7755
5420 9 2 1 1 937 3238 2489 10834 11344 7758
5421 9 2 1 1 1480 2489 3238 5170 11344 11313
5422 9 2 1 1 1479 2490 3237 5172 11343 11314
5423 9 2 1 1 1625 3001 2215 7638 11335 7335
5424 9 2 1 1 1626 3002 2216 7640 11337 7337
5425 9 2 1 1 1489 3350 2048 8288 11345 9635
5426 9 2 1 1 1490 3349 2047 8286 11346 9636
5427 9 2 1 1 915 2928 2606 5572 11347 10404
5428 9 2 1 1 916 2927 2605 5569 11348 10403
5429 9 2 1 1 1285 2171 3355 11101 7728 10303
5430 9 2 1 1 1286 2172 3356 11102 7726 10305
5431 9 2 1 1 1245 2909 2908 9580 11349 9409
5432 9 2 1 1 1246 2910 2907 9582 11350 9410
5433 9 2 1 1 1629 2908 2909 11351 11349 11352
5434 9 2 1 1 1630 2907 2910 11353 11350 11354
5435 9 2 1 1 1195 2213 3189 8362 11355 11356
5436 9 2 1 1 1196 2214 3190 8364 11357 11358
5437 9 2 1 1 1639 2288 3000 7568 11359 11166
5438 9 2 1 1 1640 2287 2999 7570 11360 11163
5439 9 2 1 1 1513 2999 2287 11361 11360 7761
5440 9 2 1 1 1514 3000 2288 11362 11359 7762
5441 9 2 1 1 1272 2469 2851 9809 11363 11261
5442 9 2 1 1 1271 2470 2852 9812 11364 11263
5443 9 2 1 1 969 3283 2577 10944 11365 5515
5444 9 2 1 1 970 3284 2578 10946 11366 5517
5445 9 2 1 1 1527 2577 3283 5780 11365 11367
5446 9 2 1 1 1528 2578 3284 5782 11366 11368
5447 9 2 1 1 1313 2973 2227 8250 9218 11319
5448 9 2 1 1 1314 2974 2228 8252 9220 11321
5449 9 2 1 1 1205 2483 2821 4817 8100 9685
5450 9 2 1 1 1206 2484 2822 4820 8099 9686
5451 9 2 1 1 1595 2606 2928 7210 11347 11214
5452 9 2 1 1 1596 2605 2927 7209 11348 11213
5453 9 2 1 1 1181 2742 3064 7230 11266 11054
5454 9 2 1 1 1182 2741 3063 7232 11265 11053
5455 9 2 1 1 1124 2929 2255 10979 8908 11369
5456 9 2 1 1 1123 2930 2256 10980 8906 11370
5457 9 2 1 1 765 3271 2365 7414 11371 11372
5458 9 2 1 1 766 3272 2366 7416 11373 11374
5459 9 2 1 1 1371 2303 3127 11375 11376 10317
5460 9 2 1 1 1372 2304 3128 11377 11378 10319
5461 9 2 1 1 933 3127 2303 10541 11376 11179
5462 9 2 1 1 934 3128 2304 10542 11378 11180
5463 9 2 1 1 959 2698 2224 10934 10260 5021
5464 9 2 1 1 960 2697 2223 10932 10259 5024
5465 9 2 1 1 1189 2257 3121 11379 11046 11380
5466 9 2 1 1 1190 2258 3122 11381 11045 11382
5467 9 2 1 1 793 2383 3287 8552 10762 11383
5468 9 2 1 1 794 2384 3288 8554 10764 11384
5469 9 2 1 1 1350 2939 2280 11385 11020 9362
5470 9 2 1 1 1349 2940 2279 11386 11019 9361
5471 9 2 1 1 884 2323 2671 11387 11078 11388
5472 9 2 1 1 883 2324 2672 11389 11080 11390
5473 9 2 1 1 1199 3159 2393 11391 11392 11393
5474 9 2 1 1 1200 3160 2394 11394 11395 11396
5475 9 2 1 1 1197 3157 2395 11397 11398 11217
5476 9 2 1 1 1198 3158 2396 11399 11400 11218
5477 9 2 1 1 1407 2393 3159 4032 11392 11401
5478 9 2 1 1 1408 2394 3160 4035 11395 11402
5479 9 2 1 1 1405 2395 3157 4174 11398 7587
5480 9 2 1 1 1406 2396 3158 4176 11400 7589
5481 9 2 1 1 1475 2166 3367 7427 10250 5027
5482 9 2 1 1 1476 2165 3368 7428 10248 5029
5483 9 2 1 1 1303 2967 2679 11403 11404 5437
5484 9 2 1 1 1304 2968 2680 11405 11406 5440
5485 9 2 1 1 1193 2521 3161 11407 11175 11408
5486 9 2 1 1 1194 2522 3162 11409 11176 11410
5487 9 2 1 1 1251 3391 2405 10672 11411 7113
5488 9 2 1 1 1252 3392 2406 10674 11412 7116
5489 9 2 1 1 1519 3126 2283 3966 11043 6065
5490 9 2 1 1 1520 3125 2284 3968 11044 6067
5491 9 2 1 1 999 3019 3131 11413 11414 10873
5492 9 2 1 1 1000 3020 3132 11415 11416 10876
5493 9 2 1 1 63 3023 2237 9950 10191 10052
5494 9 2 1 1 357 3024 2238 9949 10192 10051
5495 9 2 1 1 1674 3131 3019 6180 11414 11417
5496 9 2 1 1 1673 3132 3020 6179 11416 11418
5497 9 2 1 1 891 3075 2229 10961 10094 8107
5498 9 2 1 1 892 3076 2230 10962 10093 8109
5499 9 2 1 1 1306 2949 2664 11419 11420 4808
5500 9 2 1 1 1305 2950 2663 11421 11422 4805
5501 9 2 1 1 1281 2903 2549 10079 10493 11423
5502 9 2 1 1 1282 2904 2550 10080 10494 11424
5503 9 2 1 1 940 2515 3043 10346 10298 10133
5504 9 2 1 1 939 2516 3044 10343 10300 10131
5505 9 2 1 1 1303 2721 2967 9900 11425 11403
5506 9 2 1 1 1304 2722 2968 9902 11426 11405
5507 9 2 1 1 1347 2921 2826 9246 11427 11325
5508 9 2 1 1 1348 2922 2825 9245 11428 11326
5509 9 2 1 1 1360 2202 3394 11155 11429 10461
5510 9 2 1 1 1359 2201 3393 11158 11430 10463
5511 9 2 1 1 1623 3189 2213 7634 11355 7331
5512 9 2 1 1 1624 3190 2214 7636 11357 7333
5513 9 2 1 1 1189 3121 2295 11380 11159 9997
5514 9 2 1 1 1190 3122 2296 11382 11160 9999
5515 9 2 1 1 1114 3393 2201 9982 11430 10677
5516 9 2 1 1 1113 3394 2202 9984 11429 10678
5517 9 2 1 1 1346 2270 3111 11011 11060 11431
5518 9 2 1 1 1345 2269 3112 11012 11059 11432
5519 9 2 1 1 811 3315 2197 8732 10082 5931
5520 9 2 1 1 812 3316 2198 8734 10085 5933
5521 9 2 1 1 1107 2425 2811 8518 10981 4809
5522 9 2 1 1 1108 2426 2812 8520 10982 4812
5523 9 2 1 1 1266 3294 2466 11433 11434 9003
5524 9 2 1 1 1265 3293 2465 11435 11436 9004
5525 9 2 1 1 943 2977 2281 3555 7299 8354
5526 9 2 1 1 944 2978 2282 3558 7302 8356
5527 9 2 1 1 1741 3369 2141 9750 10175 7912
5528 9 2 1 1 1742 3370 2142 9752 10177 7914
5529 9 2 1 1 1299 2969 2621 11055 11437 11438
5530 9 2 1 1 1300 2970 2622 11056 11439 11440
5531 9 2 1 1 1305 2728 2950 8486 11441 11421
5532 9 2 1 1 1306 2727 2949 8488 11442 11419
5533 9 2 1 1 1743 2293 3291 8720 11443 9019
5534 9 2 1 1 1744 2294 3292 8722 11444 9021
5535 9 2 1 1 971 2867 3117 4142 11445 6247
5536 9 2 1 1 972 2868 3118 4144 11446 6250
5537 9 2 1 1 1493 2827 2755 7032 11447 10991
5538 9 2 1 1 1494 2828 2756 7034 11448 10994
5539 9 2 1 1 1281 2549 2849 11423 11449 5347
5540 9 2 1 1 1282 2550 2850 11424 11450 5349
5541 9 2 1 1 1769 2849 2549 9422 11449 9311
5542 9 2 1 1 1770 2850 2550 9424 11450 9313
5543 9 2 1 1 383 2202 3379 5618 11154 11081
5544 9 2 1 1 89 2201 3380 5616 11157 11083
5545 9 2 1 1 1310 2360 2308 5080 10676 4298
5546 9 2 1 1 1309 2359 2307 5082 10675 4301
5547 9 2 1 1 1017 3353 2293 9779 11033 8719
5548 9 2 1 1 1018 3354 2294 9780 11034 8721
5549 9 2 1 1 1051 2755 2827 7506 11447 5134
5550 9 2 1 1 1052 2756 2828 7508 11448 5136
5551 9 2 1 1 1189 3221 2257 10662 5965 11379
5552 9 2 1 1 1190 3222 2258 10664 5967 11381
5553 9 2 1 1 1567 3117 2867 6008 11445 11451
5554 9 2 1 1 1568 3118 2868 6006 11446 11452
5555 9 2 1 1 793 3287 3039 11383 11453 5089
5556 9 2 1 1 794 3288 3040 11384 11454 5091
5557 9 2 1 1 1723 3039 3287 7397 11453 11455
5558 9 2 1 1 1724 3040 3288 7399 11454 11456
5559 9 2 1 1 765 2365 3217 11372 11457 11458
5560 9 2 1 1 766 2366 3218 11374 11459 11460
5561 9 2 1 1 1395 3217 2365 8756 11457 9141
5562 9 2 1 1 1396 3218 2366 8758 11459 9143
5563 9 2 1 1 1629 2909 3217 11352 11461 9009
5564 9 2 1 1 1630 2910 3218 11354 11462 9011
5565 9 2 1 1 765 3217 2909 11458 11461 11463
5566 9 2 1 1 766 3218 2910 11460 11462 11464
5567 9 2 1 1 1247 2911 2365 9403 9142 11465
5568 9 2 1 1 1248 2912 2366 9404 9144 11466
5569 9 2 1 1 1124 2255 3108 11369 9081 10855
5570 9 2 1 1 1123 2256 3107 11370 9079 10853
5571 9 2 1 1 853 2463 2947 8820 11467 3408
5572 9 2 1 1 854 2464 2948 8818 11468 3410
5573 9 2 1 1 1847 2958 2804 10078 11469 10070
5574 9 2 1 1 1848 2957 2803 10076 11470 10069
5575 9 2 1 1 875 2803 2957 8767 11470 10099
5576 9 2 1 1 876 2804 2958 8768 11469 10100
5577 9 2 1 1 1257 2446 2832 8562 11308 11471
5578 9 2 1 1 1258 2445 2831 8564 11307 11472
5579 9 2 1 1 910 2206 2796 4755 11240 9669
5580 9 2 1 1 909 2205 2795 4752 11239 9667
5581 9 2 1 1 1371 2995 2303 9629 10338 11375
5582 9 2 1 1 1372 2996 2304 9630 10340 11377
5583 9 2 1 1 1402 3020 2450 11473 11474 11475
5584 9 2 1 1 1401 3019 2449 11476 11477 11478
5585 9 2 1 1 1127 2919 2371 10712 10755 8963
5586 9 2 1 1 1128 2920 2372 10714 10756 8966
5587 9 2 1 1 1265 2456 2824 11118 11342 11479
5588 9 2 1 1 1266 2455 2823 11116 11341 11480
5589 9 2 1 1 1000 2450 3020 8672 11474 11415
5590 9 2 1 1 999 2449 3019 8670 11477 11413
5591 9 2 1 1 1605 3194 2382 11317 10871 10289
5592 9 2 1 1 1606 3193 2381 11318 10872 10292
5593 9 2 1 1 1199 2393 2901 11393 10929 11235
5594 9 2 1 1 1200 2394 2902 11396 10930 11236
5595 9 2 1 1 1952 3087 3077 10544 11195 10501
5596 9 2 1 1 1951 3088 3078 10546 11196 10499
5597 9 2 1 1 1125 2265 3123 10743 9369 10843
5598 9 2 1 1 1126 2266 3124 10746 9371 10844
5599 9 2 1 1 1400 2614 2816 6369 10393 8737
5600 9 2 1 1 1399 2613 2815 6367 10395 8735
5601 9 2 1 1 1660 2379 3141 8284 9874 7135
5602 9 2 1 1 1659 2380 3142 8282 9877 7133
5603 9 2 1 1 1957 2422 3056 10197 11481 10781
5604 9 2 1 1 1958 2421 3055 10198 11482 10782
5605 9 2 1 1 938 3056 2422 10892 11481 10829
5606 9 2 1 1 937 3055 2421 10891 11482 10832
5607 9 2 1 1 1317 3260 2178 11483 11095 11049
5608 9 2 1 1 1318 3259 2177 11484 11096 11051
5609 9 2 1 1 1258 2898 2451 11485 11284 11109
5610 9 2 1 1 1257 2897 2452 11486 11282 11110
5611 9 2 1 1 1249 2452 2864 11108 11291 11487
5612 9 2 1 1 1250 2451 2863 11105 11292 11488
5613 9 2 1 1 893 3142 2268 7134 9922 5655
5614 9 2 1 1 894 3141 2267 7136 9920 5658
5615 9 2 1 1 1098 2948 2464 10301 11468 11489
5616 9 2 1 1 1097 2947 2463 10302 11467 11490
5617 9 2 1 1 1745 3296 2327 8978 11491 8837
5618 9 2 1 1 1746 3295 2328 8976 11492 8838
5619 9 2 1 1 883 2672 2990 11390 11493 9338
5620 9 2 1 1 884 2671 2989 11388 11494 9337
5621 9 2 1 1 966 2851 2469 8526 11363 5878
5622 9 2 1 1 965 2852 2470 8528 11364 5881
5623 9 2 1 1 1365 3097 2297 9302 11063 7285
5624 9 2 1 1 1366 3098 2298 9304 11064 7287
5625 9 2 1 1 1138 2951 2579 5468 11495 8945
5626 9 2 1 1 1137 2952 2580 5470 11496 8946
5627 9 2 1 1 1409 2745 2837 8011 11497 10837
5628 9 2 1 1 1410 2746 2838 8014 11498 10839
5629 9 2 1 1 891 2467 2875 4526 11288 10861
5630 9 2 1 1 892 2468 2876 4528 11287 10863
5631 9 2 1 1 1791 3090 2879 9688 11499 9695
5632 9 2 1 1 1792 3089 2880 9687 11500 9696
5633 9 2 1 1 1457 2808 3307 10456 11501 11502
5634 9 2 1 1 1458 2807 3308 10454 11503 11504
5635 9 2 1 1 999 2476 3352 10875 11505 9607
5636 9 2 1 1 1000 2475 3351 10878 11506 9605
5637 9 2 1 1 1436 2710 2863 10694 11507 10803
5638 9 2 1 1 1435 2709 2864 10696 11508 10804
5639 9 2 1 1 1250 2863 2710 11488 11507 4384
5640 9 2 1 1 1249 2864 2709 11487 11508 4381
5641 9 2 1 1 1548 2834 2759 6366 11509 6161
5642 9 2 1 1 1547 2833 2760 6364 11510 6163
5643 9 2 1 1 2047 3349 2525 11346 11511 9813
5644 9 2 1 1 2048 3350 2526 11345 11512 9814
5645 9 2 1 1 1117 3215 2281 11210 10143 7301
5646 9 2 1 1 1118 3216 2282 11212 10144 7304
5647 9 2 1 1 77 3153 2066 10816 8684 7418
5648 9 2 1 1 371 3154 2065 10814 8683 7417
5649 9 2 1 1 1283 3264 2463 11513 11514 10564
5650 9 2 1 1 1284 3263 2464 11515 11516 10563
5651 9 2 1 1 798 3368 2768 9307 10247 11269
5652 9 2 1 1 797 3367 2767 9308 10249 11267
5653 9 2 1 1 863 2937 2217 10202 5508 3857
5654 9 2 1 1 864 2938 2218 10205 5510 3859
5655 9 2 1 1 1443 3133 2314 7022 11237 4703
5656 9 2 1 1 1444 3134 2313 7021 11238 4705
5657 9 2 1 1 1567 2867 3152 11451 11517 10985
5658 9 2 1 1 1568 2868 3151 11452 11518 10988
5659 9 2 1 1 1827 3341 2373 9735 11519 9129
5660 9 2 1 1 1828 3342 2374 9736 11520 9130
5661 9 2 1 1 1599 2373 3341 7436 11519 9255
5662 9 2 1 1 1600 2374 3342 7438 11520 9256
5663 9 2 1 1 1312 2520 3219 11521 11522 11523
5664 9 2 1 1 1311 2519 3220 11524 11525 11526
5665 9 2 1 1 1433 2408 2771 11300 9339 5247
5666 9 2 1 1 1434 2407 2772 11299 9341 5245
5667 9 2 1 1 1568 3059 2553 10990 11527 6005
5668 9 2 1 1 1567 3060 2554 10987 11528 6007
5669 9 2 1 1 1015 2907 3295 9406 11529 8975
5670 9 2 1 1 1016 2908 3296 9408 11530 8977
5671 9 2 1 1 1629 3296 2908 11531 11530 11351
5672 9 2 1 1 1630 3295 2907 11532 11529 11353
5673 9 2 1 1 1835 3377 2401 9758 11533 9170
5674 9 2 1 1 1836 3378 2402 9760 11534 9172
5675 9 2 1 1 1601 2401 3377 7444 11533 10801
5676 9 2 1 1 1602 2402 3378 7446 11534 10802
5677 9 2 1 1 1841 2403 3375 9165 11535 9761
5678 9 2 1 1 1842 2404 3376 9167 11536 9762
5679 9 2 1 1 1603 3375 2403 5383 11535 10321
5680 9 2 1 1 1604 3376 2404 5386 11536 10323
5681 9 2 1 1 760 2263 3356 8276 10306 7725
5682 9 2 1 1 759 2264 3355 8274 10304 7727
5683 9 2 1 1 1397 3079 2368 5317 9657 3843
5684 9 2 1 1 1398 3080 2367 5320 9655 3845
5685 9 2 1 1 1470 2599 3270 4157 11537 11538
5686 9 2 1 1 1469 2600 3269 4154 11539 11540
5687 9 2 1 1 1499 2554 3060 10256 11528 6028
5688 9 2 1 1 1500 2553 3059 10255 11527 6027
5689 9 2 1 1 1650 2263 3371 6274 11329 5555
5690 9 2 1 1 1649 2264 3372 6271 11330 5553
5691 9 2 1 1 1263 3135 2349 11061 8548 8769
5692 9 2 1 1 1264 3136 2350 11062 8550 8770
5693 9 2 1 1 350 3270 2599 11072 11537 9436
5694 9 2 1 1 56 3269 2600 11070 11539 9435
5695 9 2 1 1 1216 2588 2882 7918 11323 11541
5696 9 2 1 1 1215 2587 2881 7916 11324 11542
5697 9 2 1 1 1313 2563 3231 10587 9343 9329
5698 9 2 1 1 1314 2564 3232 10590 9344 9330
5699 9 2 1 1 1315 3233 2561 9335 9345 7661
5700 9 2 1 1 1316 3234 2562 9336 9346 7663
5701 9 2 1 1 339 3235 2397 11066 11543 7765
5702 9 2 1 1 45 3236 2398 11065 11544 7763
5703 9 2 1 1 1455 2397 3235 4738 11543 7481
5704 9 2 1 1 1456 2398 3236 4740 11544 7482
5705 9 2 1 1 1553 3245 2309 6756 10806 10315
5706 9 2 1 1 1554 3246 2310 6758 10808 10316
5707 9 2 1 1 1493 3035 3065 11545 11546 7031
5708 9 2 1 1 1494 3036 3066 11547 11548 7033
5709 9 2 1 1 1633 3291 2293 11549 11443 8457
5710 9 2 1 1 1634 3292 2294 11550 11444 8458
5711 9 2 1 1 753 2819 3110 11198 10972 7155
5712 9 2 1 1 754 2820 3109 11200 10974 7157
5713 9 2 1 1 139 2665 2871 8743 11551 10879
5714 9 2 1 1 433 2666 2872 8744 11552 10880
5715 9 2 1 1 1360 2983 3379 9443 11553 11153
5716 9 2 1 1 1359 2984 3380 9444 11554 11156
5717 9 2 1 1 1382 2381 3258 10296 11555 11048
5718 9 2 1 1 1381 2382 3257 10295 11556 11047
5719 9 2 1 1 904 3258 2381 10846 11555 8595
5720 9 2 1 1 903 3257 2382 10845 11556 8593
5721 9 2 1 1 1331 3149 2335 6923 10273 7041
5722 9 2 1 1 1332 3150 2336 6926 10275 7039
5723 9 2 1 1 1493 2673 3035 10993 11557 11545
5724 9 2 1 1 1494 2674 3036 10996 11558 11547
5725 9 2 1 1 1315 2855 2639 5227 11187 5735
5726 9 2 1 1 1316 2856 2640 5230 11189 5737
5727 9 2 1 1 949 2940 2571 7219 11559 7791
5728 9 2 1 1 950 2939 2572 7221 11560 7793
5729 9 2 1 1 1350 2572 2939 11561 11560 11385
5730 9 2 1 1 1349 2571 2940 11562 11559 11386
5731 9 2 1 1 1311 2962 2519 8803 10373 11524
5732 9 2 1 1 1312 2961 2520 8806 10374 11521
5733 9 2 1 1 1594 3183 2758 10531 11563 6955
5734 9 2 1 1 1593 3184 2757 10532 11564 6953
5735 9 2 1 1 1366 2758 3183 7288 11563 11565
5736 9 2 1 1 1365 2757 3184 7286 11564 11566
5737 9 2 1 1 1541 3014 2857 5896 11567 10699
5738 9 2 1 1 1542 3013 2858 5894 11568 10702
5739 9 2 1 1 931 2333 3274 6936 11331 11569
5740 9 2 1 1 932 2334 3273 6938 11332 11570
5741 9 2 1 1 1448 3243 2369 7984 10715 11203
5742 9 2 1 1 1447 3244 2370 7986 10716 11205
5743 9 2 1 1 1815 2497 3099 9428 11571 9880
5744 9 2 1 1 1816 2498 3100 9430 11572 9879
5745 9 2 1 1 1215 2881 3348 11542 9640 11573
5746 9 2 1 1 1216 2882 3347 11541 9638 11574
5747 9 2 1 1 1432 3100 2498 7832 11572 4219
5748 9 2 1 1 1431 3099 2497 7834 11571 4217
5749 9 2 1 1 1299 2621 2887 11438 11089 4013
5750 9 2 1 1 1300 2622 2888 11440 11090 4016
5751 9 2 1 1 1629 2327 3296 9010 11491 11531
5752 9 2 1 1 1630 2328 3295 9012 11492 11532
5753 9 2 1 1 1723 3287 3199 11455 11575 9231
5754 9 2 1 1 1724 3288 3200 11456 11576 9232
5755 9 2 1 1 1377 3199 3287 10421 11575 10761
5756 9 2 1 1 1378 3200 3288 10424 11576 10763
5757 9 2 1 1 1719 3198 3285 9049 11577 11129
5758 9 2 1 1 1720 3197 3286 9050 11578 11130
5759 9 2 1 1 1379 3285 3198 8161 11577 10409
5760 9 2 1 1 1380 3286 3197 8162 11578 10411
5761 9 2 1 1 1193 3001 2521 11336 10786 11407
5762 9 2 1 1 1194 3002 2522 11338 10788 11409
5763 9 2 1 1 1266 2823 3294 11480 11579 11433
5764 9 2 1 1 1265 2824 3293 11479 11580 11435
5765 9 2 1 1 1712 2981 3314 9132 11581 8915
5766 9 2 1 1 1711 2982 3313 9134 11582 8913
5767 9 2 1 1 1337 2871 2665 9473 11551 10399
5768 9 2 1 1 1338 2872 2666 9476 11552 10400
5769 9 2 1 1 1261 2475 3057 11583 8851 10163
5770 9 2 1 1 1262 2476 3058 11584 8849 10165
5771 9 2 1 1 1097 2463 3264 11490 11514 11148
5772 9 2 1 1 1098 2464 3263 11489 11516 11147
5773 9 2 1 1 1651 3312 3004 5685 11585 7583
5774 9 2 1 1 1652 3311 3003 5687 11586 7585
5775 9 2 1 1 826 3003 3311 10253 11586 11587
5776 9 2 1 1 825 3004 3312 10254 11585 11588
5777 9 2 1 1 883 2994 2324 11589 6524 11389
5778 9 2 1 1 884 2993 2323 11590 6526 11387
5779 9 2 1 1 1565 3307 2808 9425 11501 10935
5780 9 2 1 1 1566 3308 2807 9426 11503 10936
5781 9 2 1 1 1346 3111 2566 11431 11591 9839
5782 9 2 1 1 1345 3112 2565 11432 11592 9840
5783 9 2 1 1 1247 2365 3271 11465 11371 11593
5784 9 2 1 1 1248 2366 3272 11466 11373 11594
5785 9 2 1 1 897 2635 3081 5299 11595 10145
5786 9 2 1 1 898 2636 3082 5302 11596 10146
5787 9 2 1 1 1307 3137 2429 9146 8470 10685
5788 9 2 1 1 1308 3138 2430 9148 8472 10687
5789 9 2 1 1 1307 2431 3139 10686 8473 9149
5790 9 2 1 1 1308 2432 3140 10688 8475 9151
5791 9 2 1 1 1953 3096 2802 11150 11334 10349
5792 9 2 1 1 1954 3095 2801 11149 11333 10350
5793 9 2 1 1 1145 3282 2449 11597 11598 8587
5794 9 2 1 1 1146 3281 2450 11599 11600 8590
5795 9 2 1 1 1375 2837 2745 4281 11497 7517
5796 9 2 1 1 1376 2838 2746 4284 11498 7519
5797 9 2 1 1 1441 2805 2809 9320 11601 10503
5798 9 2 1 1 1442 2806 2810 9322 11602 10506
5799 9 2 1 1 1373 2809 2805 4059 11601 8151
5800 9 2 1 1 1374 2810 2806 4062 11602 8153
5801 9 2 1 1 1276 2759 2834 8302 11509 10517
5802 9 2 1 1 1275 2760 2833 8304 11510 10519
5803 9 2 1 1 1402 2450 3281 11475 11600 4127
5804 9 2 1 1 1401 2449 3282 11478 11598 4129
5805 9 2 1 1 1145 2379 3282 9875 9210 11597
5806 9 2 1 1 1146 2380 3281 9878 9209 11599
5807 9 2 1 1 1471 3035 2787 11603 11604 11241
5808 9 2 1 1 1472 3036 2788 11605 11606 11242
5809 9 2 1 1 789 2486 3166 9116 11607 11608
5810 9 2 1 1 790 2485 3165 9118 11609 11610
5811 9 2 1 1 913 2787 3035 5814 11604 11611
5812 9 2 1 1 914 2788 3036 5816 11606 11612
5813 9 2 1 1 963 2621 2969 3657 11437 7872
5814 9 2 1 1 964 2622 2970 3660 11439 7874
5815 9 2 1 1 1284 1986 3263 10621 10954 11515
5816 9 2 1 1 1283 1985 3264 10622 10956 11513
5817 9 2 1 1 1241 3361 2408 11227 11309 11113
5818 9 2 1 1 1242 3362 2407 11228 11310 11111
5819 9 2 1 1 1335 3216 2541 8205 11211 9309
5820 9 2 1 1 1336 3215 2542 8208 11209 9310
5821 9 2 1 1 939 2658 3184 10246 11613 10341
5822 9 2 1 1 940 2657 3183 10244 11614 10344
5823 9 2 1 1 1332 3166 2486 11124 11607 7799
5824 9 2 1 1 1331 3165 2485 11122 11609 7800
5825 9 2 1 1 1261 3351 2475 11615 11506 11583
5826 9 2 1 1 1262 3352 2476 11616 11505 11584
5827 9 2 1 1 1481 2989 2671 6512 11494 11617
5828 9 2 1 1 1482 2990 2672 6514 11493 11618
5829 9 2 1 1 884 3261 2993 6510 10633 11590
5830 9 2 1 1 883 3262 2994 6508 10635 11589
5831 9 2 1 1 1318 3374 2602 11619 11620 10867
5832 9 2 1 1 1317 3373 2601 11621 11622 10869
5833 9 2 1 1 948 2664 2949 8266 11420 10795
5834 9 2 1 1 947 2663 2950 8268 11422 10796
5835 9 2 1 1 1195 3189 2609 11356 10758 7825
5836 9 2 1 1 1196 3190 2610 11358 10760 7828
5837 9 2 1 1 878 2420 3289 10238 11170 11126
5838 9 2 1 1 877 2419 3290 10237 11172 11125
5839 9 2 1 1 1258 2831 2898 11472 11623 11485
5840 9 2 1 1 1257 2832 2897 11471 11624 11486
5841 9 2 1 1 986 2566 3111 7426 11591 9028
5842 9 2 1 1 985 2565 3112 7424 11592 9025
5843 9 2 1 1 1469 3269 2483 11540 11625 4816
5844 9 2 1 1 1470 3270 2484 11538 11626 4819
5845 9 2 1 1 1845 3187 2629 9993 11627 9477
5846 9 2 1 1 1846 3188 2630 9994 11628 9479
5847 9 2 1 1 1445 2629 3187 3505 11627 7357
5848 9 2 1 1 1446 2630 3188 3508 11628 7358
5849 9 2 1 1 1197 2537 3157 10919 10735 11397
5850 9 2 1 1 1198 2538 3158 10920 10736 11399
5851 9 2 1 1 1199 2539 3159 10921 10738 11391
5852 9 2 1 1 1200 2540 3160 10922 10740 11394
5853 9 2 1 1 1193 3161 2533 11408 10733 10917
5854 9 2 1 1 1194 3162 2534 11410 10734 10918
5855 9 2 1 1 919 2535 3163 6971 10729 11629
5856 9 2 1 1 920 2536 3164 6973 10731 11630
5857 9 2 1 1 951 2679 2967 10749 11404 6209
5858 9 2 1 1 952 2680 2968 10752 11406 6212
5859 9 2 1 1 1502 2949 2727 10778 11442 6224
5860 9 2 1 1 1501 2950 2728 10775 11441 6221
5861 9 2 1 1 57 2483 3269 7632 11625 11069
5862 9 2 1 1 351 2484 3270 7630 11626 11071
5863 9 2 1 1 1318 2723 3259 10868 11631 11484
5864 9 2 1 1 1317 2724 3260 10870 11632 11483
5865 9 2 1 1 1505 2967 2721 7388 11425 7623
5866 9 2 1 1 1506 2968 2722 7390 11426 7625
5867 9 2 1 1 1153 3339 2671 9562 11633 11077
5868 9 2 1 1 1154 3340 2672 9560 11634 11079
5869 9 2 1 1 770 3219 2520 11094 11522 8481
5870 9 2 1 1 769 3220 2519 11093 11525 8482
5871 9 2 1 1 811 2405 3391 5932 11411 11635
5872 9 2 1 1 812 2406 3392 5934 11412 11636
5873 9 2 1 1 1471 3065 3035 7712 11546 11603
5874 9 2 1 1 1472 3066 3036 7714 11548 11605
5875 9 2 1 1 1970 2589 3146 10470 11637 10852
5876 9 2 1 1 1969 2590 3145 10469 11638 10851
5877 9 2 1 1 1403 3146 2589 10220 11637 6201
5878 9 2 1 1 1404 3145 2590 10222 11638 6203
5879 9 2 1 1 1631 2913 3271 7110 11639 7413
5880 9 2 1 1 1632 2914 3272 7112 11640 7415
5881 9 2 1 1 1247 3271 2913 11593 11639 9413
5882 9 2 1 1 1248 3272 2914 11594 11640 9414
5883 9 2 1 1 1349 3129 2571 7350 10366 11562
5884 9 2 1 1 1350 3130 2572 7347 10365 11561
5885 9 2 1 1 1640 3293 2824 11165 11580 11120
5886 9 2 1 1 1639 3294 2823 11168 11579 11119
5887 9 2 1 1 1216 3081 2635 11641 11595 9110
5888 9 2 1 1 1215 3082 2636 11642 11596 9109
5889 9 2 1 1 790 2659 3278 11643 11340 9223
5890 9 2 1 1 789 2660 3277 11644 11339 9221
5891 9 2 1 1 1831 2869 2924 9973 11645 10016
5892 9 2 1 1 1832 2870 2923 9975 11646 10015
5893 9 2 1 1 808 2465 3293 10698 11436 11301
5894 9 2 1 1 807 2466 3294 10697 11434 11303
5895 9 2 1 1 1437 2897 2832 10821 11624 10940
5896 9 2 1 1 1438 2898 2831 10822 11623 10939
5897 9 2 1 1 919 3163 2855 11629 11279 5231
5898 9 2 1 1 920 3164 2856 11630 11280 5232
5899 9 2 1 1 1311 3220 2854 11526 11647 10521
5900 9 2 1 1 1312 3219 2853 11523 11648 10522
5901 9 2 1 1 913 3035 2673 11611 11557 9557
5902 9 2 1 1 914 3036 2674 11612 11558 9558
5903 9 2 1 1 1243 2924 2869 10561 11645 10579
5904 9 2 1 1 1244 2923 2870 10562 11646 10581
5905 9 2 1 1 778 2825 2922 5130 11428 8979
5906 9 2 1 1 777 2826 2921 5132 11427 8981
5907 9 2 1 1 1777 2563 3319 7448 11649 9203
5908 9 2 1 1 1778 2564 3320 7451 11650 9204
5909 9 2 1 1 1775 3317 2561 9200 11651 7454
5910 9 2 1 1 1776 3318 2562 9202 11652 7457
5911 9 2 1 1 1464 2794 3061 7724 10928 10865
5912 9 2 1 1 1463 2793 3062 7723 10927 10866
5913 9 2 1 1 765 2909 3079 11463 9658 5321
5914 9 2 1 1 766 2910 3080 11464 9656 5323
5915 9 2 1 1 1317 2000 3373 11050 11022 11621
5916 9 2 1 1 1318 1999 3374 11052 11024 11619
5917 9 2 1 1 1765 2681 3315 9437 10225 8731
5918 9 2 1 1 1766 2682 3316 9438 10226 8733
5919 9 2 1 1 1330 3331 2886 11277 9714 8417
5920 9 2 1 1 1329 3332 2885 11278 9713 8419
5921 9 2 1 1 1680 2854 3220 8336 11647 11005
5922 9 2 1 1 1679 2853 3219 8335 11648 11007
5923 9 2 1 1 1101 2601 3373 3645 11622 11143
5924 9 2 1 1 1102 2602 3374 3648 11620 11144
5925 9 2 1 1 1457 3307 2997 11502 11653 10167
5926 9 2 1 1 1458 3308 2998 11504 11654 10169
5927 9 2 1 1 790 3165 2659 11610 11655 11643
5928 9 2 1 1 789 3166 2660 11608 11656 11644
5929 9 2 1 1 2028 2659 3165 10707 11655 11121
5930 9 2 1 1 2027 2660 3166 10708 11656 11123
5931 9 2 1 1 1611 2561 3317 7662 11651 10691
5932 9 2 1 1 1612 2562 3318 7664 11652 10692
5933 9 2 1 1 1613 3319 2563 5429 11649 10591
5934 9 2 1 1 1614 3320 2564 5432 11650 10592
5935 9 2 1 1 893 3297 3149 11131 10274 7013
5936 9 2 1 1 894 3298 3150 11132 10276 7015
5937 9 2 1 1 1366 3183 2657 11565 11614 9303
5938 9 2 1 1 1365 3184 2658 11566 11613 9301
5939 9 2 1 1 1747 3253 2699 8885 11657 9263
5940 9 2 1 1 1748 3254 2700 8886 11658 9265
5941 9 2 1 1 758 2998 3308 4534 11654 8747
5942 9 2 1 1 757 2997 3307 4531 11653 8750
5943 9 2 1 1 1037 3259 2723 11000 11631 9781
5944 9 2 1 1 1038 3260 2724 10998 11632 9783
5945 9 2 1 1 1353 2857 3014 10450 11567 7404
5946 9 2 1 1 1354 2858 3013 10452 11568 7401
5947 9 2 1 1 1481 2671 3339 11617 11633 11659
5948 9 2 1 1 1482 2672 3340 11618 11634 11660
5949 9 2 1 1 1673 3020 3241 11418 11661 8041
5950 9 2 1 1 1674 3019 3242 11417 11662 8042
5951 9 2 1 1 1513 3091 2999 8189 11663 11361
5952 9 2 1 1 1514 3092 3000 8190 11664 11362
5953 9 2 1 1 808 2999 3091 11302 11663 9885
5954 9 2 1 1 807 3000 3092 11304 11664 9887
5955 9 2 1 1 1641 2841 3283 7644 11665 11087
5956 9 2 1 1 1642 2842 3284 7646 11666 11088
5957 9 2 1 1 1527 3283 2841 11367 11665 6133
5958 9 2 1 1 1528 3284 2842 11368 11666 6135
5959 9 2 1 1 1543 3083 3181 8936 11667 9267
5960 9 2 1 1 1544 3084 3182 8938 11668 9269
5961 9 2 1 1 1451 3181 3083 9057 11667 11245
5962 9 2 1 1 1452 3182 3084 9060 11668 11246
5963 9 2 1 1 1180 3148 2774 9855 11669 10890
5964 9 2 1 1 1179 3147 2773 9856 11670 10889
5965 9 2 1 1 1495 3033 3031 9626 11671 11135
5966 9 2 1 1 1496 3034 3032 9628 11672 11137
5967 9 2 1 1 1453 3031 3033 11193 11671 8701
5968 9 2 1 1 1454 3032 3034 11194 11672 8704
5969 9 2 1 1 763 2699 3253 4841 11657 5373
5970 9 2 1 1 764 2700 3254 4844 11658 5375
5971 9 2 1 1 753 2785 3229 5294 10357 11197
5972 9 2 1 1 754 2786 3230 5296 10358 11199
5973 9 2 1 1 1633 3249 3291 4536 11673 11549
5974 9 2 1 1 1634 3250 3292 4538 11674 11550
5975 9 2 1 1 795 3291 3249 9020 11673 8521
5976 9 2 1 1 796 3292 3250 9022 11674 8523
5977 9 2 1 1 1295 2879 3090 6324 11499 11041
5978 9 2 1 1 1296 2880 3089 6326 11500 11042
5979 9 2 1 1 1361 3152 2867 11232 11517 6119
5980 9 2 1 1 1362 3151 2868 11231 11518 6120
5981 9 2 1 1 1899 3386 3383 10364 11675 10361
5982 9 2 1 1 1900 3385 3384 10363 11676 10362
5983 9 2 1 1 1389 3383 3386 10717 11675 10407
5984 9 2 1 1 1390 3384 3385 10718 11676 10408
5985 9 2 1 1 1025 3365 2689 8956 11327 6841
5986 9 2 1 1 1026 3366 2690 8954 11328 6839
5987 9 2 1 1 1353 3072 3310 8328 11677 11257
5988 9 2 1 1 1354 3071 3309 8326 11678 11255
5989 9 2 1 1 2128 3310 3072 11306 11677 11248
5990 9 2 1 1 2127 3309 3071 11305 11678 11247
5991 9 2 1 1 1261 2893 3351 10277 11679 11615
5992 9 2 1 1 1262 2894 3352 10278 11680 11616
5993 9 2 1 1 367 2579 2951 6142 11495 10709
5994 9 2 1 1 73 2580 2952 6139 11496 10710
5995 9 2 1 1 835 2525 3349 10509 11511 7203
5996 9 2 1 1 836 2526 3350 10510 11512 7206
5997 9 2 1 1 1407 3159 3363 11401 10893 7721
5998 9 2 1 1 1408 3160 3364 11402 10894 7722
5999 9 2 1 1 1637 3302 3311 9074 11681 5595
6000 9 2 1 1 1638 3301 3312 9076 11682 5592
6001 9 2 1 1 826 3311 3302 11587 11681 10637
6002 9 2 1 1 825 3312 3301 11588 11682 10638
6003 9 2 1 1 1761 3381 2781 10896 11683 7429
6004 9 2 1 1 1762 3382 2782 10898 11684 7430
6005 9 2 1 1 1587 2781 3381 6689 11683 6601
6006 9 2 1 1 1588 2782 3382 6690 11684 6603
6007 9 2 1 1 1219 2840 3345 10705 11685 11297
6008 9 2 1 1 1220 2839 3346 10706 11686 11298
6009 9 2 1 1 1684 3074 3274 7750 11687 8477
6010 9 2 1 1 1683 3073 3273 7748 11688 8479
6011 9 2 1 1 931 3274 3074 11569 11687 4361
6012 9 2 1 1 932 3273 3073 11570 11688 4363
6013 9 2 1 1 1615 3223 3343 5073 11689 6101
6014 9 2 1 1 1616 3224 3344 5076 11690 6103
6015 9 2 1 1 1819 3345 2840 9584 11685 9948
6016 9 2 1 1 1820 3346 2839 9586 11686 9947
6017 9 2 1 1 1401 3242 3019 7441 11662 11476
6018 9 2 1 1 1402 3241 3020 7442 11661 11473
6019 9 2 1 1 1774 3351 2893 9606 11679 9565
6020 9 2 1 1 1773 3352 2894 9608 11680 9566
6021 9 2 1 1 811 3391 3113 11635 11691 8243
6022 9 2 1 1 812 3392 3114 11636 11692 8245
6023 9 2 1 1 1715 3114 3392 8248 11692 10915
6024 9 2 1 1 1716 3113 3391 8247 11691 10916
6025 9 2 1 1 88 3380 2984 11084 11554 9039
6026 9 2 1 1 382 3379 2983 11082 11553 9040
6027 9 2 1 1 1391 3313 2982 11141 11582 11057
6028 9 2 1 1 1392 3314 2981 11142 11581 11058
6029 9 2 1 1 1693 3305 3339 9318 11693 9561
6030 9 2 1 1 1694 3306 3340 9317 11694 9559
6031 9 2 1 1 1216 3347 3081 11574 11695 11641
6032 9 2 1 1 1215 3348 3082 11573 11696 11642
6033 9 2 1 1 1545 3081 3347 9703 11695 10593
6034 9 2 1 1 1546 3082 3348 9706 11696 10594
6035 9 2 1 1 1487 3343 3223 7689 11689 10217
6036 9 2 1 1 1488 3344 3224 7692 11690 10218
6037 9 2 1 1 907 2773 3147 3431 11670 9533
6038 9 2 1 1 908 2774 3148 3433 11669 9536
6039 9 2 1 1 1482 3340 3306 11660 11694 7849
6040 9 2 1 1 1481 3339 3305 11659 11693 7851
$EndElements
