1.15247562E+00 1.15247624E+00 1.15247250E+00 1.15246840E+00 1.15246575E+00 1.15246512E+00 1.15246518E+00 1.15246488E+00 1.15246427E+00 1.15246362E+00 1.15246318E+00 1.15246305E+00 1.15246308E+00 1.15246321E+00 1.15246344E+00 1.15246379E+00 1.15246429E+00 1.15246495E+00 1.15246576E+00 1.15246674E+00 1.15246790E+00 1.15246926E+00 1.15247083E+00 1.15247264E+00 1.15247471E+00 1.15247707E+00 1.15247973E+00 1.15248274E+00 1.15248611E+00 1.15248987E+00 1.15249405E+00 1.15249872E+00 1.15250387E+00 1.15250953E+00 1.15251573E+00 1.15252253E+00 1.15252992E+00 1.15253790E+00 1.15254649E+00 1.15255571E+00 1.15256550E+00 1.15257579E+00 1.15258657E+00 1.15259778E+00 1.15260930E+00 1.15262093E+00 1.15263251E+00 1.15264374E+00 1.15265438E+00 1.15266395E+00 1.15267218E+00 1.15267838E+00 1.15268189E+00 1.15268175E+00 1.15267729E+00 1.15266715E+00 1.15265037E+00 1.15262511E+00 1.15258994E+00 1.15254237E+00 1.15248068E+00 1.15240131E+00 1.15230184E+00 1.15217820E+00 1.15202746E+00 1.15184396E+00 1.15162427E+00 1.15136140E+00 1.15105004E+00 1.15068065E+00 1.15024764E+00 1.14974097E+00 1.14915389E+00 1.14847196E+00 1.14768694E+00 1.14678346E+00 1.14575154E+00 1.14457010E+00 1.14322699E+00 1.14170426E+00 1.13998796E+00 1.13804702E+00 1.13586591E+00 1.13341868E+00 1.13068802E+00 1.12766784E+00 1.12432074E+00 1.12097295E+00 1.11731045E+00 1.11377576E+00 1.10995207E+00 1.10631111E+00 1.10243998E+00 1.09883291E+00 1.09499923E+00 1.09137243E+00 1.08757651E+00 1.08409366E+00 1.08045376E+00 1.07708877E+00 1.07361474E+00 1.07046060E+00 1.06719969E+00 1.06420718E+00 1.06112385E+00 1.05832325E+00 1.05546716E+00 1.05290229E+00 1.05028266E+00 1.04772475E+00 1.04510049E+00 1.04241017E+00 1.03968788E+00 1.03694391E+00 1.03412743E+00 1.03122633E+00 1.02830133E+00 1.02534685E+00 1.02224312E+00 1.01900150E+00 1.01584186E+00 1.01284362E+00 1.00965271E+00 1.00542864E+00 1.00000000E+00
1.24451232E+00 1.24452335E+00 1.24453236E+00 1.24453967E+00 1.24454555E+00 1.24455034E+00 1.24455417E+00 1.24455726E+00 1.24455973E+00 1.24456177E+00 1.24456346E+00 1.24456496E+00 1.24456632E+00 1.24456765E+00 1.24456901E+00 1.24457048E+00 1.24457210E+00 1.24457398E+00 1.24457615E+00 1.24457866E+00 1.24458157E+00 1.24458495E+00 1.24458887E+00 1.24459343E+00 1.24459867E+00 1.24460466E+00 1.24461149E+00 1.24461932E+00 1.24462816E+00 1.24463810E+00 1.24464927E+00 1.24466192E+00 1.24467610E+00 1.24469190E+00 1.24470946E+00 1.24472909E+00 1.24475083E+00 1.24477471E+00 1.24480094E+00 1.24482983E+00 1.24486140E+00 1.24489573E+00 1.24493295E+00 1.24497334E+00 1.24501692E+00 1.24506367E+00 1.24511347E+00 1.24516626E+00 1.24522212E+00 1.24528094E+00 1.24534217E+00 1.24540474E+00 1.24546864E+00 1.24553396E+00 1.24559984E+00 1.24566440E+00 1.24572603E+00 1.24578197E+00 1.24583146E+00 1.24587210E+00 1.24590064E+00 1.24591058E+00 1.24590072E+00 1.24586900E+00 1.24581025E+00 1.24571502E+00 1.24557781E+00 1.24538743E+00 1.24513728E+00 1.24481270E+00 1.24440237E+00 1.24389119E+00 1.24327649E+00 1.24254155E+00 1.24166665E+00 1.24061900E+00 1.23937554E+00 1.23790152E+00 1.23620828E+00 1.23428538E+00 1.23206549E+00 1.22946745E+00 1.22650368E+00 1.22315358E+00 1.21935559E+00 1.21507087E+00 1.21028693E+00 1.20549391E+00 1.20015009E+00 1.19486533E+00 1.18912231E+00 1.18366225E+00 1.17781801E+00 1.17231512E+00 1.16638401E+00 1.16069717E+00 1.15471739E+00 1.14921567E+00 1.14341842E+00 1.13800443E+00 1.13238667E+00 1.12727098E+00 1.12194474E+00 1.11700801E+00 1.11187982E+00 1.10718723E+00 1.10236935E+00 1.09801484E+00 1.09354041E+00 1.08914058E+00 1.08460303E+00 1.07991755E+00 1.07511892E+00 1.07022340E+00 1.06517293E+00 1.05992946E+00 1.05455042E+00 1.04904501E+00 1.04329013E+00 1.03722870E+00 1.03106974E+00 1.02492659E+00 1.01833314E+00 1.01008980E+00 1.00000000E+00
1.29025862E+00 1.29027171E+00 1.29028287E+00 1.29029242E+00 1.29030045E+00 1.29030720E+00 1.29031280E+00 1.29031752E+00 1.29032150E+00 1.29032499E+00 1.29032803E+00 1.29033078E+00 1.29033336E+00 1.29033595E+00 1.29033855E+00 1.29034122E+00 1.29034413E+00 1.29034742E+00 1.29035118E+00 1.29035560E+00 1.29036075E+00 1.29036673E+00 1.29037362E+00 1.29038163E+00 1.29039087E+00 1.29040145E+00 1.29041358E+00 1.29042769E+00 1.29044387E+00 1.29046221E+00 1.29048282E+00 1.29050619E+00 1.29053278E+00 1.29056291E+00 1.29059661E+00 1.29063442E+00 1.29067661E+00 1.29072335E+00 1.29077517E+00 1.29083312E+00 1.29089755E+00 1.29096854E+00 1.29104602E+00 1.29113058E+00 1.29122328E+00 1.29132493E+00 1.29143508E+00 1.29155407E+00 1.29168290E+00 1.29182204E+00 1.29196965E+00 1.29212414E+00 1.29228893E+00 1.29246772E+00 1.29265737E+00 1.29285349E+00 1.29305369E+00 1.29325423E+00 1.29345728E+00 1.29366223E+00 1.29386322E+00 1.29405107E+00 1.29422773E+00 1.29439523E+00 1.29454408E+00 1.29465853E+00 1.29473109E+00 1.29474710E+00 1.29470095E+00 1.29457441E+00 1.29434896E+00 1.29400515E+00 1.29354685E+00 1.29295787E+00 1.29220206E+00 1.29122626E+00 1.29000226E+00 1.28849089E+00 1.28672543E+00 1.28470182E+00 1.28229862E+00 1.27939094E+00 1.27602557E+00 1.27219509E+00 1.26780511E+00 1.26280017E+00 1.25718238E+00 1.25153694E+00 1.24519424E+00 1.23887424E+00 1.23199710E+00 1.22546275E+00 1.21844162E+00 1.21179170E+00 1.20461356E+00 1.19773415E+00 1.19048100E+00 1.18378935E+00 1.17673245E+00 1.17013487E+00 1.16327288E+00 1.15701328E+00 1.15050026E+00 1.14447187E+00 1.13820733E+00 1.13246597E+00 1.12655518E+00 1.12119797E+00 1.11569008E+00 1.11027891E+00 1.10470453E+00 1.09894602E+00 1.09302935E+00 1.08697523E+00 1.08073268E+00 1.07425490E+00 1.06758814E+00 1.06074254E+00 1.05360497E+00 1.04610896E+00 1.03845849E+00 1.03075919E+00 1.02248806E+00 1.01230731E+00 1.00000000E+00
1.31370224E+00 1.31371649E+00 1.31372861E+00 1.31374109E+00 1.31375331E+00 1.31376484E+00 1.31377561E+00 1.31378557E+00 1.31379488E+00 1.31380380E+00 1.31381213E+00 1.31381976E+00 1.31382703E+00 1.31383429E+00 1.31384122E+00 1.31384771E+00 1.31385425E+00 1.31386117E+00 1.31386861E+00 1.31387708E+00 1.31388661E+00 1.31389716E+00 1.31390877E+00 1.31392177E+00 1.31393644E+00 1.31395299E+00 1.31397187E+00 1.31399399E+00 1.31401943E+00 1.31404797E+00 1.31407956E+00 1.31411511E+00 1.31415593E+00 1.31420269E+00 1.31425492E+00 1.31431331E+00 1.31437858E+00 1.31445124E+00 1.31453222E+00 1.31462366E+00 1.31472601E+00 1.31483884E+00 1.31496173E+00 1.31509592E+00 1.31524420E+00 1.31540834E+00 1.31558735E+00 1.31578213E+00 1.31599464E+00 1.31622574E+00 1.31647232E+00 1.31673264E+00 1.31701402E+00 1.31732377E+00 1.31765546E+00 1.31800117E+00 1.31835870E+00 1.31872475E+00 1.31910477E+00 1.31950012E+00 1.31990225E+00 1.32029961E+00 1.32069631E+00 1.32109701E+00 1.32148819E+00 1.32184813E+00 1.32216839E+00 1.32243251E+00 1.32263550E+00 1.32275611E+00 1.32276992E+00 1.32265418E+00 1.32241718E+00 1.32204300E+00 1.32148210E+00 1.32066499E+00 1.31956224E+00 1.31813199E+00 1.31641968E+00 1.31442527E+00 1.31199070E+00 1.30896199E+00 1.30541030E+00 1.30133719E+00 1.29662768E+00 1.29121740E+00 1.28511533E+00 1.27896264E+00 1.27202060E+00 1.26507719E+00 1.25750922E+00 1.25031425E+00 1.24256497E+00 1.23520003E+00 1.22724858E+00 1.21963926E+00 1.21160529E+00 1.20417887E+00 1.19634635E+00 1.18902485E+00 1.18140218E+00 1.17444182E+00 1.16720389E+00 1.16051283E+00 1.15356107E+00 1.14718761E+00 1.14061881E+00 1.13465759E+00 1.12852749E+00 1.12250821E+00 1.11631179E+00 1.10991278E+00 1.10333086E+00 1.09658719E+00 1.08963608E+00 1.08242847E+00 1.07500242E+00 1.06736573E+00 1.05941697E+00 1.05109458E+00 1.04259082E+00 1.03399384E+00 1.02476556E+00 1.01351447E+00 1.00000000E+00
1.32795637E+00 1.32795144E+00 1.32794321E+00 1.32794299E+00 1.32794818E+00 1.32795669E+00 1.32796766E+00 1.32797994E+00 1.32799352E+00 1.32800824E+00 1.32802322E+00 1.32803755E+00 1.32805188E+00 1.32806661E+00 1.32808080E+00 1.32809395E+00 1.32810705E+00 1.32812065E+00 1.32813488E+00 1.32815063E+00 1.32816784E+00 1.32818614E+00 1.32820545E+00 1.32822618E+00 1.32824892E+00 1.32827409E+00 1.32830242E+00 1.32833542E+00 1.32837294E+00 1.32841422E+00 1.32845906E+00 1.32850904E+00 1.32856654E+00 1.32863250E+00 1.32870577E+00 1.32878728E+00 1.32887836E+00 1.32897991E+00 1.32909329E+00 1.32922164E+00 1.32936529E+00 1.32952306E+00 1.32969434E+00 1.32988145E+00 1.33008889E+00 1.33031924E+00 1.33057098E+00 1.33084577E+00 1.33114639E+00 1.33147391E+00 1.33182413E+00 1.33219511E+00 1.33259739E+00 1.33304120E+00 1.33351695E+00 1.33401339E+00 1.33452924E+00 1.33506266E+00 1.33562153E+00 1.33620865E+00 1.33681267E+00 1.33741941E+00 1.33803414E+00 1.33866299E+00 1.33928928E+00 1.33988632E+00 1.34044527E+00 1.34094838E+00 1.34139058E+00 1.34174796E+00 1.34199124E+00 1.34209418E+00 1.34206785E+00 1.34189678E+00 1.34152129E+00 1.34085930E+00 1.33988101E+00 1.33854153E+00 1.33689288E+00 1.33493750E+00 1.33249408E+00 1.32939029E+00 1.32571246E+00 1.32146636E+00 1.31652437E+00 1.31081781E+00 1.30435864E+00 1.29782924E+00 1.29044614E+00 1.28304900E+00 1.27497687E+00 1.26729852E+00 1.25901851E+00 1.25113469E+00 1.24262634E+00 1.23449669E+00 1.22590732E+00 1.21795827E+00 1.20957680E+00 1.20174667E+00 1.19359072E+00 1.18613869E+00 1.17839309E+00 1.17123982E+00 1.16381040E+00 1.15699934E+00 1.14997618E+00 1.14359825E+00 1.13703939E+00 1.13060155E+00 1.12397766E+00 1.11714046E+00 1.11010508E+00 1.10289187E+00 1.09545925E+00 1.08775788E+00 1.07981955E+00 1.07165004E+00 1.06315999E+00 1.05429521E+00 1.04523090E+00 1.03603629E+00 1.02617931E+00 1.01425416E+00 1.00000000E+00
1.33762588E+00 1.33761178E+00 1.33758653E+00 1.33758016E+00 1.33758715E+00 1.33760343E+00 1.33762681E+00 1.33765459E+00 1.33768634E+00 1.33772113E+00 1.33775708E+00 1.33779216E+00 1.33782733E+00 1.33786297E+00 1.33789734E+00 1.33792951E+00 1.33796108E+00 1.33799277E+00 1.33802467E+00 1.33805810E+00 1.33809292E+00 1.33812837E+00 1.33816419E+00 1.33820089E+00 1.33823944E+00 1.33828065E+00 1.33832556E+00 1.33837622E+00 1.33843224E+00 1.33849214E+00 1.33855577E+00 1.33862555E+00 1.33870492E+00 1.33879499E+00 1.33889396E+00 1.33900312E+00 1.33912450E+00 1.33925940E+00 1.33940954E+00 1.33957885E+00 1.33976748E+00 1.33997356E+00 1.34019647E+00 1.34043974E+00 1.34070939E+00 1.34100858E+00 1.34133534E+00 1.34169223E+00 1.34208266E+00 1.34250785E+00 1.34296254E+00 1.34344437E+00 1.34396635E+00 1.34454102E+00 1.34515617E+00 1.34579769E+00 1.34646553E+00 1.34715947E+00 1.34788890E+00 1.34865739E+00 1.34945093E+00 1.35025257E+00 1.35106825E+00 1.35190481E+00 1.35274314E+00 1.35355242E+00 1.35432358E+00 1.35503759E+00 1.35568878E+00 1.35625108E+00 1.35669109E+00 1.35697880E+00 1.35712716E+00 1.35712145E+00 1.35689434E+00 1.35635402E+00 1.35547062E+00 1.35419629E+00 1.35258661E+00 1.35064525E+00 1.34817621E+00 1.34499564E+00 1.34119889E+00 1.33679333E+00 1.33164379E+00 1.32568002E+00 1.31891487E+00 1.31206542E+00 1.30431458E+00 1.29654612E+00 1.28806344E+00 1.27999277E+00 1.27128582E+00 1.26298840E+00 1.25403989E+00 1.24550250E+00 1.23647975E+00 1.22812417E+00 1.21931816E+00 1.21109733E+00 1.20253294E+00 1.19470444E+00 1.18657084E+00 1.17906559E+00 1.17127368E+00 1.16413195E+00 1.15676648E+00 1.15007505E+00 1.14319417E+00 1.13644246E+00 1.12949863E+00 1.12233486E+00 1.11496275E+00 1.10740145E+00 1.09961265E+00 1.09154758E+00 1.08323311E+00 1.07467366E+00 1.06579128E+00 1.05653894E+00 1.04707257E+00 1.03744338E+00 1.02713495E+00 1.01474612E+00 1.00000000E+00
1.14940559E+00 1.14940634E+00 1.14940996E+00 1.14941204E+00 1.14941183E+00 1.14940978E+00 1.14940754E+00 1.14940631E+00 1.14940581E+00 1.14940558E+00 1.14940531E+00 1.14940494E+00 1.14940464E+00 1.14940457E+00 1.14940469E+00 1.14940496E+00 1.14940538E+00 1.14940594E+00 1.14940667E+00 1.14940757E+00 1.14940867E+00 1.14940997E+00 1.14941148E+00 1.14941324E+00 1.14941526E+00 1.14941756E+00 1.14942017E+00 1.14942311E+00 1.14942641E+00 1.14943010E+00 1.14943420E+00 1.14943877E+00 1.14944380E+00 1.14944934E+00 1.14945540E+00 1.14946203E+00 1.14946922E+00 1.14947698E+00 1.14948532E+00 1.14949423E+00 1.14950367E+00 1.14951359E+00 1.14952395E+00 1.14953466E+00 1.14954561E+00 1.14955659E+00 1.14956744E+00 1.14957784E+00 1.14958755E+00 1.14959610E+00 1.14960315E+00 1.14960798E+00 1.14960997E+00 1.14960817E+00 1.14960188E+00 1.14958969E+00 1.14957063E+00 1.14954280E+00 1.14950477E+00 1.14945401E+00 1.14938876E+00 1.14930550E+00 1.14920186E+00 1.14907373E+00 1.14891809E+00 1.14872929E+00 1.14850375E+00 1.14823426E+00 1.14791573E+00 1.14753924E+00 1.14709909E+00 1.14658481E+00 1.14598938E+00 1.14529895E+00 1.14450543E+00 1.14359321E+00 1.14255266E+00 1.14136352E+00 1.14001337E+00 1.13848355E+00 1.13676042E+00 1.13481495E+00 1.13263239E+00 1.13018752E+00 1.12746266E+00 1.12445189E+00 1.12111624E+00 1.11778173E+00 1.11413724E+00 1.11062629E+00 1.10683708E+00 1.10324090E+00 1.09941334E+00 1.09583065E+00 1.09202948E+00 1.08845860E+00 1.08472585E+00 1.08129426E+00 1.07771206E+00 1.07440913E+00 1.07099652E+00 1.06789103E+00 1.06468402E+00 1.06175305E+00 1.05873878E+00 1.05600342E+00 1.05321121E+00 1.05069982E+00 1.04813606E+00 1.04563911E+00 1.04308291E+00 1.04046856E+00 1.03782147E+00 1.03514713E+00 1.03240359E+00 1.02958756E+00 1.02674947E+00 1.02389281E+00 1.02091799E+00 1.01781852E+00 1.01476139E+00 1.01184586E+00 1.00879704E+00 1.00489673E+00 1.00000000E+00
1.23722611E+00 1.23723537E+00 1.23724285E+00 1.23724887E+00 1.23725363E+00 1.23725746E+00 1.23726050E+00 1.23726297E+00 1.23726497E+00 1.23726666E+00 1.23726810E+00 1.23726943E+00 1.23727070E+00 1.23727201E+00 1.23727339E+00 1.23727493E+00 1.23727666E+00 1.23727867E+00 1.23728100E+00 1.23728370E+00 1.23728682E+00 1.23729044E+00 1.23729462E+00 1.23729944E+00 1.23730495E+00 1.23731125E+00 1.23731839E+00 1.23732652E+00 1.23733568E+00 1.23734601E+00 1.23735758E+00 1.23737059E+00 1.23738512E+00 1.23740129E+00 1.23741920E+00 1.23743908E+00 1.23746101E+00 1.23748509E+00 1.23751145E+00 1.23754031E+00 1.23757173E+00 1.23760578E+00 1.23764257E+00 1.23768218E+00 1.23772463E+00 1.23776987E+00 1.23781778E+00 1.23786820E+00 1.23792103E+00 1.23797591E+00 1.23803238E+00 1.23808947E+00 1.23814686E+00 1.23820398E+00 1.23825970E+00 1.23831189E+00 1.23835917E+00 1.23839880E+00 1.23842920E+00 1.23844704E+00 1.23844948E+00 1.23843090E+00 1.23838870E+00 1.23831826E+00 1.23821419E+00 1.23806685E+00 1.23787059E+00 1.23761355E+00 1.23728867E+00 1.23688207E+00 1.23638341E+00 1.23577646E+00 1.23505300E+00 1.23419223E+00 1.23317761E+00 1.23198039E+00 1.23058336E+00 1.22895502E+00 1.22708809E+00 1.22495691E+00 1.22251668E+00 1.21971065E+00 1.21653572E+00 1.21295766E+00 1.20893038E+00 1.20443532E+00 1.19943036E+00 1.19441119E+00 1.18886672E+00 1.18346675E+00 1.17763145E+00 1.17209274E+00 1.16616247E+00 1.16057657E+00 1.15461335E+00 1.14897623E+00 1.14306720E+00 1.13762383E+00 1.13191565E+00 1.12662114E+00 1.12113536E+00 1.11613490E+00 1.11095011E+00 1.10618361E+00 1.10125790E+00 1.09676719E+00 1.09216353E+00 1.08800541E+00 1.08374531E+00 1.07957755E+00 1.07530045E+00 1.07090728E+00 1.06642153E+00 1.06185338E+00 1.05716050E+00 1.05232176E+00 1.04738155E+00 1.04235134E+00 1.03714778E+00 1.03172824E+00 1.02622343E+00 1.02074804E+00 1.01502729E+00 1.00817244E+00 1.00000000E+00
1.28856110E+00 1.28857495E+00 1.28858688E+00 1.28859715E+00 1.28860588E+00 1.28861332E+00 1.28861962E+00 1.28862504E+00 1.28862972E+00 1.28863389E+00 1.28863763E+00 1.28864113E+00 1.28864449E+00 1.28864790E+00 1.28865141E+00 1.28865516E+00 1.28865927E+00 1.28866389E+00 1.28866911E+00 1.28867513E+00 1.28868201E+00 1.28868992E+00 1.28869894E+00 1.28870931E+00 1.28872115E+00 1.28873466E+00 1.28875000E+00 1.28876753E+00 1.28878736E+00 1.28880973E+00 1.28883480E+00 1.28886301E+00 1.28889469E+00 1.28893017E+00 1.28896958E+00 1.28901338E+00 1.28906189E+00 1.28911549E+00 1.28917449E+00 1.28923958E+00 1.28931101E+00 1.28938899E+00 1.28947364E+00 1.28956540E+00 1.28966484E+00 1.28977235E+00 1.28988764E+00 1.29001085E+00 1.29014229E+00 1.29028174E+00 1.29042815E+00 1.29058036E+00 1.29073920E+00 1.29090506E+00 1.29107531E+00 1.29124608E+00 1.29141567E+00 1.29158040E+00 1.29173928E+00 1.29188822E+00 1.29202244E+00 1.29213386E+00 1.29221964E+00 1.29227429E+00 1.29228912E+00 1.29224913E+00 1.29214626E+00 1.29196398E+00 1.29169396E+00 1.29131752E+00 1.29081852E+00 1.29017492E+00 1.28937836E+00 1.28840315E+00 1.28722297E+00 1.28579638E+00 1.28410268E+00 1.28210475E+00 1.27980053E+00 1.27715985E+00 1.27411154E+00 1.27057966E+00 1.26657683E+00 1.26206835E+00 1.25698925E+00 1.25132042E+00 1.24501848E+00 1.23871500E+00 1.23175692E+00 1.22498421E+00 1.21768151E+00 1.21076998E+00 1.20337555E+00 1.19640936E+00 1.18899479E+00 1.18201201E+00 1.17469227E+00 1.16794961E+00 1.16089523E+00 1.15436516E+00 1.14759894E+00 1.14142984E+00 1.13504571E+00 1.12919117E+00 1.12314924E+00 1.11764437E+00 1.11199709E+00 1.10689055E+00 1.10166271E+00 1.09655713E+00 1.09132932E+00 1.08596592E+00 1.08048126E+00 1.07488855E+00 1.06915647E+00 1.06325912E+00 1.05722825E+00 1.05107842E+00 1.04474706E+00 1.03818349E+00 1.03148827E+00 1.02477387E+00 1.01778156E+00 1.00959059E+00 1.00000000E+00
1.31872865E+00 1.31874371E+00 1.31875645E+00 1.31876878E+00 1.31878022E+00 1.31879076E+00 1.31880050E+00 1.31880956E+00 1.31881805E+00 1.31882619E+00 1.31883398E+00 1.31884153E+00 1.31884906E+00 1.31885681E+00 1.31886475E+00 1.31887306E+00 1.31888202E+00 1.31889188E+00 1.31890277E+00 1.31891507E+00 1.31892892E+00 1.31894446E+00 1.31896187E+00 1.31898151E+00 1.31900369E+00 1.31902876E+00 1.31905702E+00 1.31908912E+00 1.31912528E+00 1.31916573E+00 1.31921069E+00 1.31926098E+00 1.31931742E+00 1.31938057E+00 1.31945039E+00 1.31952767E+00 1.31961312E+00 1.31970743E+00 1.31981112E+00 1.31992542E+00 1.32005077E+00 1.32018731E+00 1.32033514E+00 1.32049518E+00 1.32066880E+00 1.32085674E+00 1.32105837E+00 1.32127416E+00 1.32150474E+00 1.32174985E+00 1.32200768E+00 1.32227671E+00 1.32255888E+00 1.32285529E+00 1.32316156E+00 1.32347158E+00 1.32378340E+00 1.32409262E+00 1.32439874E+00 1.32469679E+00 1.32497966E+00 1.32523645E+00 1.32546366E+00 1.32565453E+00 1.32579760E+00 1.32587278E+00 1.32587015E+00 1.32576963E+00 1.32556184E+00 1.32522431E+00 1.32473607E+00 1.32407052E+00 1.32321967E+00 1.32215541E+00 1.32084403E+00 1.31923459E+00 1.31730542E+00 1.31501673E+00 1.31236938E+00 1.30933171E+00 1.30581709E+00 1.30173797E+00 1.29711753E+00 1.29192282E+00 1.28607903E+00 1.27956958E+00 1.27234925E+00 1.26514670E+00 1.25721623E+00 1.24951434E+00 1.24122486E+00 1.23339651E+00 1.22503519E+00 1.21716567E+00 1.20881155E+00 1.20097032E+00 1.19275670E+00 1.18519377E+00 1.17729661E+00 1.17000125E+00 1.16244585E+00 1.15555822E+00 1.14844103E+00 1.14192773E+00 1.13521508E+00 1.12910542E+00 1.12283898E+00 1.11717157E+00 1.11137401E+00 1.10571970E+00 1.09993888E+00 1.09401588E+00 1.08795909E+00 1.08178199E+00 1.07546086E+00 1.06897009E+00 1.06233318E+00 1.05556487E+00 1.04861673E+00 1.04143795E+00 1.03410659E+00 1.02672805E+00 1.01906675E+00 1.01022532E+00 1.00000000E+00
1.33867065E+00 1.33866689E+00 1.33866060E+00 1.33865976E+00 1.33866204E+00 1.33866661E+00 1.33867327E+00 1.33868155E+00 1.33869129E+00 1.33870226E+00 1.33871417E+00 1.33872673E+00 1.33874021E+00 1.33875474E+00 1.33877008E+00 1.33878632E+00 1.33880391E+00 1.33882315E+00 1.33884414E+00 1.33886750E+00 1.33889336E+00 1.33892183E+00 1.33895310E+00 1.33898771E+00 1.33902619E+00 1.33906908E+00 1.33911683E+00 1.33917043E+00 1.33923015E+00 1.33929618E+00 1.33936878E+00 1.33944928E+00 1.33953903E+00 1.33963881E+00 1.33974834E+00 1.33986875E+00 1.34000117E+00 1.34014662E+00 1.34030576E+00 1.34048031E+00 1.34067080E+00 1.34087717E+00 1.34109948E+00 1.34133915E+00 1.34159829E+00 1.34187777E+00 1.34217651E+00 1.34249521E+00 1.34283469E+00 1.34319437E+00 1.34357159E+00 1.34396416E+00 1.34437476E+00 1.34480498E+00 1.34524872E+00 1.34569740E+00 1.34614887E+00 1.34659805E+00 1.34704463E+00 1.34748268E+00 1.34790263E+00 1.34829067E+00 1.34864251E+00 1.34895005E+00 1.34919965E+00 1.34936687E+00 1.34944048E+00 1.34939774E+00 1.34922822E+00 1.34890667E+00 1.34840839E+00 1.34770324E+00 1.34678384E+00 1.34562108E+00 1.34417597E+00 1.34239082E+00 1.34024383E+00 1.33769371E+00 1.33474274E+00 1.33135903E+00 1.32744803E+00 1.32291540E+00 1.31779021E+00 1.31204138E+00 1.30558958E+00 1.29842190E+00 1.29049052E+00 1.28259923E+00 1.27393510E+00 1.26554281E+00 1.25652549E+00 1.24802520E+00 1.23896233E+00 1.23044365E+00 1.22142019E+00 1.21297388E+00 1.20413490E+00 1.19600116E+00 1.18752161E+00 1.17970212E+00 1.17160932E+00 1.16423432E+00 1.15662268E+00 1.14966851E+00 1.14251015E+00 1.13600158E+00 1.12932926E+00 1.12329593E+00 1.11712867E+00 1.11112052E+00 1.10498514E+00 1.09870625E+00 1.09228841E+00 1.08574472E+00 1.07905679E+00 1.07220058E+00 1.06519402E+00 1.05805143E+00 1.05073444E+00 1.04319393E+00 1.03549091E+00 1.02772479E+00 1.01968389E+00 1.01050954E+00 1.00000000E+00
1.35286953E+00 1.35285930E+00 1.35284107E+00 1.35283522E+00 1.35283664E+00 1.35284393E+00 1.35285657E+00 1.35287352E+00 1.35289423E+00 1.35291793E+00 1.35294393E+00 1.35297147E+00 1.35300087E+00 1.35303213E+00 1.35306473E+00 1.35309867E+00 1.35313461E+00 1.35317286E+00 1.35321352E+00 1.35325744E+00 1.35330480E+00 1.35335562E+00 1.35341013E+00 1.35346903E+00 1.35353310E+00 1.35360315E+00 1.35367974E+00 1.35376424E+00 1.35385696E+00 1.35395797E+00 1.35406762E+00 1.35418777E+00 1.35432030E+00 1.35446616E+00 1.35462478E+00 1.35479764E+00 1.35498626E+00 1.35519195E+00 1.35541543E+00 1.35565875E+00 1.35592248E+00 1.35620630E+00 1.35651016E+00 1.35683588E+00 1.35718615E+00 1.35756178E+00 1.35796120E+00 1.35838516E+00 1.35883454E+00 1.35930828E+00 1.35980278E+00 1.36031487E+00 1.36084777E+00 1.36140330E+00 1.36197377E+00 1.36254817E+00 1.36312417E+00 1.36369595E+00 1.36426314E+00 1.36481887E+00 1.36535130E+00 1.36584383E+00 1.36629141E+00 1.36668465E+00 1.36700829E+00 1.36723429E+00 1.36735051E+00 1.36733220E+00 1.36716797E+00 1.36683053E+00 1.36629241E+00 1.36552084E+00 1.36450904E+00 1.36322759E+00 1.36163399E+00 1.35966581E+00 1.35730143E+00 1.35449871E+00 1.35126048E+00 1.34755529E+00 1.34328510E+00 1.33835180E+00 1.33278741E+00 1.32656250E+00 1.31959614E+00 1.31187958E+00 1.30336201E+00 1.29490870E+00 1.28565392E+00 1.27671349E+00 1.26712299E+00 1.25809712E+00 1.24849069E+00 1.23947395E+00 1.22994110E+00 1.22103862E+00 1.21173190E+00 1.20317392E+00 1.19426459E+00 1.18606159E+00 1.17757812E+00 1.16985067E+00 1.16188365E+00 1.15461514E+00 1.14714132E+00 1.14035261E+00 1.13339722E+00 1.12711022E+00 1.12068833E+00 1.11443820E+00 1.10806197E+00 1.10154341E+00 1.09488454E+00 1.08809796E+00 1.08116922E+00 1.07407608E+00 1.06683256E+00 1.05945246E+00 1.05190487E+00 1.04414272E+00 1.03621406E+00 1.02821410E+00 1.01995351E+00 1.01061493E+00 1.00000000E+00
1.14509038E+00 1.14509146E+00 1.14509314E+00 1.14509468E+00 1.14509530E+00 1.14509479E+00 1.14509373E+00 1.14509285E+00 1.14509228E+00 1.14509201E+00 1.14509183E+00 1.14509163E+00 1.14509147E+00 1.14509143E+00 1.14509155E+00 1.14509183E+00 1.14509225E+00 1.14509281E+00 1.14509353E+00 1.14509442E+00 1.14509548E+00 1.14509675E+00 1.14509823E+00 1.14509994E+00 1.14510190E+00 1.14510414E+00 1.14510666E+00 1.14510952E+00 1.14511271E+00 1.14511628E+00 1.14512025E+00 1.14512465E+00 1.14512951E+00 1.14513484E+00 1.14514067E+00 1.14514702E+00 1.14515391E+00 1.14516133E+00 1.14516928E+00 1.14517775E+00 1.14518671E+00 1.14519608E+00 1.14520584E+00 1.14521586E+00 1.14522604E+00 1.14523616E+00 1.14524605E+00 1.14525540E+00 1.14526394E+00 1.14527119E+00 1.14527680E+00 1.14528002E+00 1.14528026E+00 1.14527657E+00 1.14526820E+00 1.14525375E+00 1.14523219E+00 1.14520163E+00 1.14516063E+00 1.14510666E+00 1.14503795E+00 1.14495104E+00 1.14484356E+00 1.14471137E+00 1.14455142E+00 1.14435808E+00 1.14412773E+00 1.14385323E+00 1.14352965E+00 1.14314837E+00 1.14270361E+00 1.14218485E+00 1.14158501E+00 1.14089089E+00 1.14009446E+00 1.13918014E+00 1.13813850E+00 1.13695019E+00 1.13560298E+00 1.13407818E+00 1.13236243E+00 1.13042877E+00 1.12826287E+00 1.12583983E+00 1.12314207E+00 1.12016467E+00 1.11686881E+00 1.11357843E+00 1.10998702E+00 1.10653363E+00 1.10281163E+00 1.09928436E+00 1.09552948E+00 1.09201100E+00 1.08828616E+00 1.08480353E+00 1.08116489E+00 1.07781526E+00 1.07432302E+00 1.07111036E+00 1.06779050E+00 1.06476685E+00 1.06164817E+00 1.05880570E+00 1.05588658E+00 1.05324088E+00 1.05053978E+00 1.04810810E+00 1.04562725E+00 1.04321595E+00 1.04075265E+00 1.03823901E+00 1.03569221E+00 1.03311566E+00 1.03047926E+00 1.02778399E+00 1.02506499E+00 1.02232882E+00 1.01950109E+00 1.01657032E+00 1.01365721E+00 1.01086966E+00 1.00800914E+00 1.00443709E+00 1.00000000E+00
1.21851318E+00 1.21852078E+00 1.21852661E+00 1.21853109E+00 1.21853445E+00 1.21853704E+00 1.21853899E+00 1.21854053E+00 1.21854175E+00 1.21854278E+00 1.21854370E+00 1.21854460E+00 1.21854552E+00 1.21854655E+00 1.21854771E+00 1.21854907E+00 1.21855066E+00 1.21855254E+00 1.21855474E+00 1.21855732E+00 1.21856032E+00 1.21856380E+00 1.21856782E+00 1.21857245E+00 1.21857773E+00 1.21858376E+00 1.21859059E+00 1.21859834E+00 1.21860706E+00 1.21861688E+00 1.21862786E+00 1.21864016E+00 1.21865385E+00 1.21866906E+00 1.21868587E+00 1.21870444E+00 1.21872485E+00 1.21874721E+00 1.21877161E+00 1.21879820E+00 1.21882701E+00 1.21885809E+00 1.21889148E+00 1.21892717E+00 1.21896513E+00 1.21900526E+00 1.21904736E+00 1.21909118E+00 1.21913651E+00 1.21918281E+00 1.21922958E+00 1.21927578E+00 1.21932085E+00 1.21936388E+00 1.21940357E+00 1.21943769E+00 1.21946480E+00 1.21948197E+00 1.21948733E+00 1.21947714E+00 1.21944854E+00 1.21939603E+00 1.21931637E+00 1.21920383E+00 1.21905312E+00 1.21885476E+00 1.21860308E+00 1.21828642E+00 1.21789754E+00 1.21742294E+00 1.21685266E+00 1.21617036E+00 1.21536641E+00 1.21442052E+00 1.21331825E+00 1.21203365E+00 1.21055145E+00 1.20884249E+00 1.20689466E+00 1.20468097E+00 1.20216834E+00 1.19931250E+00 1.19610405E+00 1.19250775E+00 1.18848726E+00 1.18403525E+00 1.17910304E+00 1.17418017E+00 1.16878456E+00 1.16357778E+00 1.15797521E+00 1.15267423E+00 1.14701658E+00 1.14170622E+00 1.13607819E+00 1.13080636E+00 1.12529700E+00 1.12022606E+00 1.11493279E+00 1.11005198E+00 1.10500579E+00 1.10040960E+00 1.09566201E+00 1.09132447E+00 1.08686248E+00 1.08281121E+00 1.07866796E+00 1.07493127E+00 1.07111414E+00 1.06739617E+00 1.06359715E+00 1.05971424E+00 1.05576207E+00 1.05174719E+00 1.04764304E+00 1.04344054E+00 1.03916872E+00 1.03483857E+00 1.03039500E+00 1.02580832E+00 1.02116406E+00 1.01657907E+00 1.01190222E+00 1.00644242E+00 1.00000000E+00
1.26592793E+00 1.26594039E+00 1.26595108E+00 1.26596034E+00 1.26596829E+00 1.26597521E+00 1.26598122E+00 1.26598656E+00 1.26599134E+00 1.26599578E+00 1.26599996E+00 1.26600404E+00 1.26600813E+00 1.26601237E+00 1.26601684E+00 1.26602168E+00 1.26602699E+00 1.26603291E+00 1.26603953E+00 1.26604703E+00 1.26605549E+00 1.26606507E+00 1.26607586E+00 1.26608808E+00 1.26610185E+00 1.26611737E+00 1.26613478E+00 1.26615438E+00 1.26617630E+00 1.26620076E+00 1.26622791E+00 1.26625809E+00 1.26629155E+00 1.26632860E+00 1.26636931E+00 1.26641405E+00 1.26646303E+00 1.26651655E+00 1.26657478E+00 1.26663808E+00 1.26670662E+00 1.26678043E+00 1.26685949E+00 1.26694389E+00 1.26703382E+00 1.26712920E+00 1.26722957E+00 1.26733459E+00 1.26744402E+00 1.26755699E+00 1.26767233E+00 1.26778834E+00 1.26790464E+00 1.26802006E+00 1.26813196E+00 1.26823615E+00 1.26833053E+00 1.26841047E+00 1.26847365E+00 1.26851449E+00 1.26852808E+00 1.26850607E+00 1.26844385E+00 1.26833330E+00 1.26816630E+00 1.26792850E+00 1.26761189E+00 1.26720021E+00 1.26668432E+00 1.26604609E+00 1.26527107E+00 1.26433788E+00 1.26323555E+00 1.26193935E+00 1.26042881E+00 1.25867003E+00 1.25664522E+00 1.25432092E+00 1.25168648E+00 1.24871163E+00 1.24535016E+00 1.24154853E+00 1.23730567E+00 1.23258564E+00 1.22734265E+00 1.22157707E+00 1.21523409E+00 1.20894875E+00 1.20210043E+00 1.19552786E+00 1.18849349E+00 1.18187412E+00 1.17483926E+00 1.16825876E+00 1.16132032E+00 1.15485562E+00 1.14811517E+00 1.14192621E+00 1.13549154E+00 1.12957866E+00 1.12347591E+00 1.11792574E+00 1.11221057E+00 1.10700638E+00 1.10166644E+00 1.09682759E+00 1.09188302E+00 1.08742600E+00 1.08288199E+00 1.07846679E+00 1.07396821E+00 1.06937974E+00 1.06470962E+00 1.05996718E+00 1.05513545E+00 1.05020251E+00 1.04518753E+00 1.04010466E+00 1.03491663E+00 1.02958846E+00 1.02418202E+00 1.01881919E+00 1.01338191E+00 1.00718367E+00 1.00000000E+00
1.29579721E+00 1.29581173E+00 1.29582396E+00 1.29583593E+00 1.29584719E+00 1.29585790E+00 1.29586819E+00 1.29587823E+00 1.29588812E+00 1.29589803E+00 1.29590802E+00 1.29591824E+00 1.29592885E+00 1.29594005E+00 1.29595189E+00 1.29596458E+00 1.29597831E+00 1.29599333E+00 1.29600973E+00 1.29602788E+00 1.29604789E+00 1.29606996E+00 1.29609425E+00 1.29612112E+00 1.29615079E+00 1.29618361E+00 1.29621979E+00 1.29625982E+00 1.29630390E+00 1.29635229E+00 1.29640515E+00 1.29646304E+00 1.29652646E+00 1.29659583E+00 1.29667106E+00 1.29675266E+00 1.29684101E+00 1.29693647E+00 1.29703921E+00 1.29714970E+00 1.29726810E+00 1.29739416E+00 1.29752768E+00 1.29766864E+00 1.29781747E+00 1.29797381E+00 1.29813666E+00 1.29830538E+00 1.29847952E+00 1.29865749E+00 1.29883725E+00 1.29901607E+00 1.29919355E+00 1.29936800E+00 1.29953528E+00 1.29968893E+00 1.29982612E+00 1.29994066E+00 1.30002974E+00 1.30008613E+00 1.30010279E+00 1.30006867E+00 1.29997785E+00 1.29982029E+00 1.29958597E+00 1.29925662E+00 1.29882279E+00 1.29826535E+00 1.29757397E+00 1.29672777E+00 1.29570941E+00 1.29449456E+00 1.29307211E+00 1.29141582E+00 1.28950178E+00 1.28729152E+00 1.28476706E+00 1.28189367E+00 1.27866173E+00 1.27504129E+00 1.27098090E+00 1.26642264E+00 1.26137055E+00 1.25579097E+00 1.24963513E+00 1.24291131E+00 1.23555993E+00 1.22831997E+00 1.22047703E+00 1.21298924E+00 1.20500875E+00 1.19753048E+00 1.18961425E+00 1.18223329E+00 1.17448084E+00 1.16728824E+00 1.15980601E+00 1.15295029E+00 1.14584364E+00 1.13933215E+00 1.13262278E+00 1.12652964E+00 1.12026980E+00 1.11458445E+00 1.10876271E+00 1.10349661E+00 1.09812149E+00 1.09328055E+00 1.08835273E+00 1.08357342E+00 1.07871319E+00 1.07376436E+00 1.06873159E+00 1.06362509E+00 1.05843362E+00 1.05314522E+00 1.04777336E+00 1.04233324E+00 1.03679787E+00 1.03113164E+00 1.02538333E+00 1.01967669E+00 1.01391521E+00 1.00743403E+00 1.00000000E+00
1.31622268E+00 1.31623574E+00 1.31624443E+00 1.31625626E+00 1.31626928E+00 1.31628356E+00 1.31629923E+00 1.31631621E+00 1.31633445E+00 1.31635392E+00 1.31637452E+00 1.31639623E+00 1.31641924E+00 1.31644369E+00 1.31646954E+00 1.31649698E+00 1.31652631E+00 1.31655778E+00 1.31659150E+00 1.31662796E+00 1.31666731E+00 1.31670972E+00 1.31675540E+00 1.31680477E+00 1.31685820E+00 1.31691612E+00 1.31697881E+00 1.31704689E+00 1.31712060E+00 1.31720012E+00 1.31728559E+00 1.31737773E+00 1.31747730E+00 1.31758468E+00 1.31769957E+00 1.31782249E+00 1.31795393E+00 1.31809421E+00 1.31824338E+00 1.31840187E+00 1.31856971E+00 1.31874620E+00 1.31893085E+00 1.31912344E+00 1.31932450E+00 1.31953320E+00 1.31974794E+00 1.31996758E+00 1.32019141E+00 1.32041700E+00 1.32064139E+00 1.32086067E+00 1.32107430E+00 1.32128008E+00 1.32147260E+00 1.32164316E+00 1.32178845E+00 1.32190098E+00 1.32197752E+00 1.32200960E+00 1.32198843E+00 1.32190065E+00 1.32173941E+00 1.32149334E+00 1.32115138E+00 1.32069242E+00 1.32010630E+00 1.31937227E+00 1.31847923E+00 1.31740494E+00 1.31613036E+00 1.31462955E+00 1.31289168E+00 1.31089045E+00 1.30860022E+00 1.30598016E+00 1.30301282E+00 1.29966334E+00 1.29592263E+00 1.29176228E+00 1.28712986E+00 1.28196569E+00 1.27627635E+00 1.27003081E+00 1.26318035E+00 1.25574041E+00 1.24764739E+00 1.23971624E+00 1.23116596E+00 1.22303896E+00 1.21440612E+00 1.20634298E+00 1.19783556E+00 1.18992544E+00 1.18164179E+00 1.17398140E+00 1.16602860E+00 1.15875459E+00 1.15123151E+00 1.14435435E+00 1.13727861E+00 1.13086084E+00 1.12427916E+00 1.11831343E+00 1.11221441E+00 1.10670558E+00 1.10108862E+00 1.09603420E+00 1.09089537E+00 1.08591843E+00 1.08086427E+00 1.07572498E+00 1.07050315E+00 1.06520926E+00 1.05983560E+00 1.05437085E+00 1.04882501E+00 1.04321368E+00 1.03751629E+00 1.03169794E+00 1.02579946E+00 1.01994553E+00 1.01405466E+00 1.00748473E+00 1.00000000E+00
1.33116697E+00 1.33117530E+00 1.33117524E+00 1.33118396E+00 1.33119706E+00 1.33121465E+00 1.33123680E+00 1.33126306E+00 1.33129303E+00 1.33132626E+00 1.33136240E+00 1.33140107E+00 1.33144240E+00 1.33148637E+00 1.33153275E+00 1.33158160E+00 1.33163330E+00 1.33168803E+00 1.33174583E+00 1.33180728E+00 1.33187254E+00 1.33194166E+00 1.33201486E+00 1.33209257E+00 1.33217528E+00 1.33226347E+00 1.33235742E+00 1.33245784E+00 1.33256495E+00 1.33267877E+00 1.33279939E+00 1.33292763E+00 1.33306442E+00 1.33321006E+00 1.33336395E+00 1.33352656E+00 1.33369842E+00 1.33387974E+00 1.33407039E+00 1.33427058E+00 1.33448020E+00 1.33469803E+00 1.33492326E+00 1.33515535E+00 1.33539485E+00 1.33564044E+00 1.33588989E+00 1.33614154E+00 1.33639439E+00 1.33664521E+00 1.33689018E+00 1.33712423E+00 1.33734659E+00 1.33755471E+00 1.33774216E+00 1.33789831E+00 1.33801951E+00 1.33809730E+00 1.33812805E+00 1.33810249E+00 1.33801047E+00 1.33783682E+00 1.33757407E+00 1.33720999E+00 1.33673300E+00 1.33612008E+00 1.33536080E+00 1.33443356E+00 1.33332678E+00 1.33201765E+00 1.33048632E+00 1.32870600E+00 1.32666628E+00 1.32434139E+00 1.32170511E+00 1.31871559E+00 1.31535613E+00 1.31159225E+00 1.30741508E+00 1.30279815E+00 1.29769007E+00 1.29203097E+00 1.28582844E+00 1.27905397E+00 1.27166022E+00 1.26366901E+00 1.25501328E+00 1.24656520E+00 1.23749435E+00 1.22890490E+00 1.21980633E+00 1.21133095E+00 1.20241304E+00 1.19414104E+00 1.18549916E+00 1.17752836E+00 1.16926780E+00 1.16172374E+00 1.15393564E+00 1.14682958E+00 1.13952764E+00 1.13291205E+00 1.12613716E+00 1.12000603E+00 1.11374611E+00 1.10809882E+00 1.10234604E+00 1.09717345E+00 1.09191975E+00 1.08683722E+00 1.08168140E+00 1.07644448E+00 1.07112780E+00 1.06574186E+00 1.06028126E+00 1.05473546E+00 1.04911219E+00 1.04342718E+00 1.03766421E+00 1.03178941E+00 1.02583841E+00 1.01993645E+00 1.01401298E+00 1.00744610E+00 1.00000000E+00
1.13975825E+00 1.13976577E+00 1.13977171E+00 1.13977471E+00 1.13977551E+00 1.13977520E+00 1.13977456E+00 1.13977428E+00 1.13977424E+00 1.13977430E+00 1.13977431E+00 1.13977425E+00 1.13977418E+00 1.13977423E+00 1.13977440E+00 1.13977472E+00 1.13977516E+00 1.13977572E+00 1.13977643E+00 1.13977730E+00 1.13977834E+00 1.13977956E+00 1.13978099E+00 1.13978263E+00 1.13978451E+00 1.13978665E+00 1.13978907E+00 1.13979180E+00 1.13979484E+00 1.13979825E+00 1.13980202E+00 1.13980621E+00 1.13981081E+00 1.13981586E+00 1.13982137E+00 1.13982736E+00 1.13983384E+00 1.13984079E+00 1.13984823E+00 1.13985612E+00 1.13986443E+00 1.13987309E+00 1.13988204E+00 1.13989117E+00 1.13990035E+00 1.13990938E+00 1.13991806E+00 1.13992608E+00 1.13993317E+00 1.13993882E+00 1.13994267E+00 1.13994397E+00 1.13994213E+00 1.13993621E+00 1.13992542E+00 1.13990835E+00 1.13988397E+00 1.13985038E+00 1.13980617E+00 1.13974883E+00 1.13967655E+00 1.13958596E+00 1.13947473E+00 1.13933869E+00 1.13917480E+00 1.13897755E+00 1.13874330E+00 1.13846509E+00 1.13813813E+00 1.13775405E+00 1.13730711E+00 1.13678694E+00 1.13618658E+00 1.13549344E+00 1.13469957E+00 1.13378974E+00 1.13275476E+00 1.13157630E+00 1.13024267E+00 1.12873540E+00 1.12704148E+00 1.12513594E+00 1.12300496E+00 1.12062418E+00 1.11797663E+00 1.11505895E+00 1.11183313E+00 1.10861796E+00 1.10511319E+00 1.10174886E+00 1.09812721E+00 1.09469916E+00 1.09105165E+00 1.08763422E+00 1.08402366E+00 1.08065948E+00 1.07714535E+00 1.07390797E+00 1.07053751E+00 1.06744290E+00 1.06424517E+00 1.06133186E+00 1.05833066E+00 1.05560097E+00 1.05280100E+00 1.05026613E+00 1.04767817E+00 1.04534669E+00 1.04296996E+00 1.04066358E+00 1.03831230E+00 1.03591745E+00 1.03348888E+00 1.03102893E+00 1.02851938E+00 1.02596223E+00 1.02337746E+00 1.02077257E+00 1.01810093E+00 1.01535047E+00 1.01259615E+00 1.00994538E+00 1.00728927E+00 1.00404145E+00 1.00000000E+00
1.19030266E+00 1.19030926E+00 1.19031415E+00 1.19031782E+00 1.19032047E+00 1.19032245E+00 1.19032386E+00 1.19032494E+00 1.19032575E+00 1.19032644E+00 1.19032705E+00 1.19032768E+00 1.19032836E+00 1.19032915E+00 1.19033009E+00 1.19033122E+00 1.19033258E+00 1.19033419E+00 1.19033611E+00 1.19033836E+00 1.19034098E+00 1.19034402E+00 1.19034752E+00 1.19035154E+00 1.19035612E+00 1.19036133E+00 1.19036721E+00 1.19037385E+00 1.19038130E+00 1.19038963E+00 1.19039892E+00 1.19040926E+00 1.19042070E+00 1.19043333E+00 1.19044722E+00 1.19046245E+00 1.19047907E+00 1.19049714E+00 1.19051671E+00 1.19053781E+00 1.19056046E+00 1.19058463E+00 1.19061026E+00 1.19063726E+00 1.19066552E+00 1.19069483E+00 1.19072492E+00 1.19075543E+00 1.19078602E+00 1.19081602E+00 1.19084486E+00 1.19087144E+00 1.19089504E+00 1.19091448E+00 1.19092845E+00 1.19093470E+00 1.19093178E+00 1.19091677E+00 1.19088770E+00 1.19084085E+00 1.19077344E+00 1.19068036E+00 1.19055826E+00 1.19040129E+00 1.19020462E+00 1.18995970E+00 1.18966124E+00 1.18929876E+00 1.18886555E+00 1.18834947E+00 1.18774169E+00 1.18702751E+00 1.18619766E+00 1.18523446E+00 1.18412573E+00 1.18284961E+00 1.18139306E+00 1.17973126E+00 1.17785159E+00 1.17572996E+00 1.17334227E+00 1.17065437E+00 1.16765462E+00 1.16431200E+00 1.16059921E+00 1.15651616E+00 1.15201577E+00 1.14754646E+00 1.14267860E+00 1.13801230E+00 1.13300882E+00 1.12828978E+00 1.12327166E+00 1.11857825E+00 1.11362947E+00 1.10902292E+00 1.10422025E+00 1.09980488E+00 1.09521296E+00 1.09099814E+00 1.08664871E+00 1.08269200E+00 1.07861799E+00 1.07491296E+00 1.07111452E+00 1.06767671E+00 1.06416769E+00 1.06100710E+00 1.05778640E+00 1.05466031E+00 1.05147674E+00 1.04823506E+00 1.04494319E+00 1.04160521E+00 1.03820662E+00 1.03474487E+00 1.03123577E+00 1.02768898E+00 1.02407217E+00 1.02036694E+00 1.01662572E+00 1.01295976E+00 1.00930682E+00 1.00506898E+00 1.00000000E+00
1.22548193E+00 1.22549125E+00 1.22549880E+00 1.22550521E+00 1.22551057E+00 1.22551522E+00 1.22551928E+00 1.22552298E+00 1.22552640E+00 1.22552973E+00 1.22553303E+00 1.22553641E+00 1.22553996E+00 1.22554378E+00 1.22554791E+00 1.22555245E+00 1.22555746E+00 1.22556305E+00 1.22556926E+00 1.22557621E+00 1.22558394E+00 1.22559256E+00 1.22560212E+00 1.22561274E+00 1.22562451E+00 1.22563754E+00 1.22565191E+00 1.22566775E+00 1.22568516E+00 1.22570423E+00 1.22572502E+00 1.22574768E+00 1.22577233E+00 1.22579908E+00 1.22582790E+00 1.22585891E+00 1.22589215E+00 1.22592767E+00 1.22596542E+00 1.22600541E+00 1.22604758E+00 1.22609166E+00 1.22613745E+00 1.22618458E+00 1.22623292E+00 1.22628192E+00 1.22633092E+00 1.22637915E+00 1.22642598E+00 1.22647009E+00 1.22651023E+00 1.22654442E+00 1.22657167E+00 1.22659005E+00 1.22659713E+00 1.22658898E+00 1.22656345E+00 1.22651596E+00 1.22644388E+00 1.22634178E+00 1.22620530E+00 1.22602713E+00 1.22580263E+00 1.22552393E+00 1.22518445E+00 1.22477240E+00 1.22428104E+00 1.22369693E+00 1.22301202E+00 1.22221137E+00 1.22128364E+00 1.22021138E+00 1.21898440E+00 1.21758275E+00 1.21599149E+00 1.21418510E+00 1.21214968E+00 1.20985854E+00 1.20729973E+00 1.20444860E+00 1.20127603E+00 1.19774475E+00 1.19384769E+00 1.18955482E+00 1.18483571E+00 1.17969992E+00 1.17409460E+00 1.16858110E+00 1.16262589E+00 1.15696120E+00 1.15092941E+00 1.14527877E+00 1.13930495E+00 1.13374592E+00 1.12791805E+00 1.12252397E+00 1.11692029E+00 1.11178712E+00 1.10647213E+00 1.10161227E+00 1.09661023E+00 1.09207096E+00 1.08741304E+00 1.08319106E+00 1.07887476E+00 1.07497756E+00 1.07100575E+00 1.06743322E+00 1.06380107E+00 1.06028374E+00 1.05671133E+00 1.05308144E+00 1.04939828E+00 1.04566769E+00 1.04188132E+00 1.03803481E+00 1.03413809E+00 1.03020286E+00 1.02620841E+00 1.02213377E+00 1.01801699E+00 1.01397333E+00 1.00996530E+00 1.00539745E+00 1.00000000E+00
1.24866116E+00 1.24867182E+00 1.24867971E+00 1.24868758E+00 1.24869489E+00 1.24870200E+00 1.24870907E+00 1.24871623E+00 1.24872354E+00 1.24873108E+00 1.24873888E+00 1.24874701E+00 1.24875554E+00 1.24876456E+00 1.24877406E+00 1.24878415E+00 1.24879492E+00 1.24880644E+00 1.24881876E+00 1.24883204E+00 1.24884631E+00 1.24886162E+00 1.24887804E+00 1.24889568E+00 1.24891464E+00 1.24893502E+00 1.24895688E+00 1.24898034E+00 1.24900548E+00 1.24903227E+00 1.24906071E+00 1.24909088E+00 1.24912296E+00 1.24915694E+00 1.24919259E+00 1.24922988E+00 1.24926881E+00 1.24930923E+00 1.24935093E+00 1.24939368E+00 1.24943727E+00 1.24948097E+00 1.24952428E+00 1.24956645E+00 1.24960725E+00 1.24964562E+00 1.24968039E+00 1.24971023E+00 1.24973417E+00 1.24975014E+00 1.24975621E+00 1.24974943E+00 1.24972847E+00 1.24969078E+00 1.24963304E+00 1.24954971E+00 1.24943818E+00 1.24929268E+00 1.24911013E+00 1.24888402E+00 1.24860880E+00 1.24827561E+00 1.24787900E+00 1.24741006E+00 1.24686147E+00 1.24621950E+00 1.24547689E+00 1.24461898E+00 1.24363718E+00 1.24251561E+00 1.24124195E+00 1.23979779E+00 1.23817306E+00 1.23634780E+00 1.23430622E+00 1.23202171E+00 1.22948099E+00 1.22665760E+00 1.22354016E+00 1.22010571E+00 1.21632475E+00 1.21215952E+00 1.20760541E+00 1.20263500E+00 1.19721827E+00 1.19137260E+00 1.18504106E+00 1.17885838E+00 1.17222520E+00 1.16595402E+00 1.15930970E+00 1.15311506E+00 1.14659606E+00 1.14055318E+00 1.13424294E+00 1.12842623E+00 1.12240008E+00 1.11689413E+00 1.11121018E+00 1.10602745E+00 1.10070339E+00 1.09588046E+00 1.09094268E+00 1.08647725E+00 1.08192078E+00 1.07781371E+00 1.07363318E+00 1.06987694E+00 1.06606373E+00 1.06237676E+00 1.05863809E+00 1.05484475E+00 1.05099905E+00 1.04710739E+00 1.04316467E+00 1.03916615E+00 1.03511862E+00 1.03103451E+00 1.02689924E+00 1.02269114E+00 1.01844109E+00 1.01426607E+00 1.01014141E+00 1.00547898E+00 1.00000000E+00
1.26490466E+00 1.26491313E+00 1.26491572E+00 1.26492064E+00 1.26492592E+00 1.26493216E+00 1.26493957E+00 1.26494812E+00 1.26495767E+00 1.26496811E+00 1.26497935E+00 1.26499123E+00 1.26500379E+00 1.26501696E+00 1.26503066E+00 1.26504487E+00 1.26505966E+00 1.26507505E+00 1.26509097E+00 1.26510760E+00 1.26512492E+00 1.26514284E+00 1.26516142E+00 1.26518068E+00 1.26520072E+00 1.26522157E+00 1.26524323E+00 1.26526576E+00 1.26528917E+00 1.26531325E+00 1.26533789E+00 1.26536306E+00 1.26538897E+00 1.26541543E+00 1.26544197E+00 1.26546837E+00 1.26549455E+00 1.26552013E+00 1.26554472E+00 1.26556778E+00 1.26558895E+00 1.26560706E+00 1.26562131E+00 1.26563056E+00 1.26563450E+00 1.26563161E+00 1.26562028E+00 1.26559871E+00 1.26556566E+00 1.26551848E+00 1.26545470E+00 1.26537057E+00 1.26526451E+00 1.26513362E+00 1.26497405E+00 1.26477905E+00 1.26454582E+00 1.26426791E+00 1.26394194E+00 1.26356096E+00 1.26311870E+00 1.26260535E+00 1.26201510E+00 1.26133862E+00 1.26056851E+00 1.25968999E+00 1.25869588E+00 1.25757121E+00 1.25630720E+00 1.25488799E+00 1.25330112E+00 1.25152805E+00 1.24955908E+00 1.24737501E+00 1.24496017E+00 1.24228798E+00 1.23934609E+00 1.23610885E+00 1.23256518E+00 1.22869408E+00 1.22446745E+00 1.21984806E+00 1.21483231E+00 1.20939519E+00 1.20350817E+00 1.19719436E+00 1.19039389E+00 1.18378815E+00 1.17673612E+00 1.17009893E+00 1.16309188E+00 1.15658117E+00 1.14975233E+00 1.14344016E+00 1.13686661E+00 1.13082445E+00 1.12457731E+00 1.11887984E+00 1.11301014E+00 1.10766854E+00 1.10218893E+00 1.09723135E+00 1.09216348E+00 1.08758751E+00 1.08292429E+00 1.07872595E+00 1.07445640E+00 1.07062317E+00 1.06673569E+00 1.06298079E+00 1.05917715E+00 1.05532167E+00 1.05141561E+00 1.04746550E+00 1.04346808E+00 1.03941864E+00 1.03532216E+00 1.03119132E+00 1.02701509E+00 1.02277178E+00 1.01848810E+00 1.01428181E+00 1.01013572E+00 1.00546906E+00 1.00000000E+00
1.27687937E+00 1.27688371E+00 1.27687653E+00 1.27687458E+00 1.27687382E+00 1.27687539E+00 1.27687960E+00 1.27688622E+00 1.27689487E+00 1.27690513E+00 1.27691673E+00 1.27692921E+00 1.27694249E+00 1.27695633E+00 1.27697048E+00 1.27698473E+00 1.27699914E+00 1.27701357E+00 1.27702783E+00 1.27704207E+00 1.27705622E+00 1.27706998E+00 1.27708340E+00 1.27709638E+00 1.27710899E+00 1.27712119E+00 1.27713290E+00 1.27714407E+00 1.27715466E+00 1.27716426E+00 1.27717265E+00 1.27717968E+00 1.27718556E+00 1.27718994E+00 1.27719212E+00 1.27719170E+00 1.27718851E+00 1.27718200E+00 1.27717158E+00 1.27715644E+00 1.27713610E+00 1.27710902E+00 1.27707418E+00 1.27703010E+00 1.27697639E+00 1.27691123E+00 1.27683265E+00 1.27673852E+00 1.27662741E+00 1.27649629E+00 1.27634231E+00 1.27616111E+00 1.27595095E+00 1.27570880E+00 1.27543053E+00 1.27510858E+00 1.27474012E+00 1.27431836E+00 1.27383975E+00 1.27329724E+00 1.27268420E+00 1.27199032E+00 1.27120967E+00 1.27033287E+00 1.26935268E+00 1.26825394E+00 1.26702971E+00 1.26566515E+00 1.26415153E+00 1.26247339E+00 1.26061851E+00 1.25856863E+00 1.25631440E+00 1.25383761E+00 1.25112309E+00 1.24814482E+00 1.24489133E+00 1.24133791E+00 1.23747361E+00 1.23327923E+00 1.22872847E+00 1.22378511E+00 1.21844581E+00 1.21268750E+00 1.20648331E+00 1.19986055E+00 1.19275717E+00 1.18588416E+00 1.17857397E+00 1.17171708E+00 1.16449723E+00 1.15780539E+00 1.15080389E+00 1.14434577E+00 1.13763341E+00 1.13147635E+00 1.12511988E+00 1.11933038E+00 1.11337447E+00 1.10796210E+00 1.10241556E+00 1.09740205E+00 1.09228251E+00 1.08766491E+00 1.08296355E+00 1.07873443E+00 1.07443646E+00 1.07057991E+00 1.06667151E+00 1.06289908E+00 1.05908035E+00 1.05521222E+00 1.05129535E+00 1.04733621E+00 1.04333267E+00 1.03928017E+00 1.03518256E+00 1.03105255E+00 1.02688142E+00 1.02264758E+00 1.01837513E+00 1.01418215E+00 1.01005613E+00 1.00542281E+00 1.00000000E+00
1.13349284E+00 1.13350184E+00 1.13351092E+00 1.13351521E+00 1.13351563E+00 1.13351405E+00 1.13351235E+00 1.13351189E+00 1.13351219E+00 1.13351265E+00 1.13351292E+00 1.13351292E+00 1.13351287E+00 1.13351297E+00 1.13351323E+00 1.13351363E+00 1.13351413E+00 1.13351473E+00 1.13351545E+00 1.13351632E+00 1.13351734E+00 1.13351854E+00 1.13351991E+00 1.13352149E+00 1.13352328E+00 1.13352531E+00 1.13352760E+00 1.13353016E+00 1.13353303E+00 1.13353621E+00 1.13353974E+00 1.13354364E+00 1.13354792E+00 1.13355260E+00 1.13355769E+00 1.13356321E+00 1.13356916E+00 1.13357552E+00 1.13358229E+00 1.13358943E+00 1.13359691E+00 1.13360465E+00 1.13361259E+00 1.13362058E+00 1.13362851E+00 1.13363617E+00 1.13364334E+00 1.13364972E+00 1.13365501E+00 1.13365871E+00 1.13366043E+00 1.13365943E+00 1.13365513E+00 1.13364657E+00 1.13363296E+00 1.13361288E+00 1.13358533E+00 1.13354840E+00 1.13350073E+00 1.13343982E+00 1.13336390E+00 1.13326968E+00 1.13315487E+00 1.13301534E+00 1.13284812E+00 1.13264786E+00 1.13241096E+00 1.13213072E+00 1.13180255E+00 1.13141832E+00 1.13097246E+00 1.13045496E+00 1.12985904E+00 1.12917284E+00 1.12838846E+00 1.12749147E+00 1.12647288E+00 1.12531552E+00 1.12400847E+00 1.12253380E+00 1.12087882E+00 1.11902070E+00 1.11694628E+00 1.11463205E+00 1.11206204E+00 1.10923446E+00 1.10611257E+00 1.10300631E+00 1.09962429E+00 1.09638298E+00 1.09289774E+00 1.08960228E+00 1.08609841E+00 1.08281708E+00 1.07935629E+00 1.07614017E+00 1.07278037E+00 1.06968386E+00 1.06646457E+00 1.06351313E+00 1.06046332E+00 1.05768421E+00 1.05482444E+00 1.05222725E+00 1.04956572E+00 1.04715810E+00 1.04469981E+00 1.04248351E+00 1.04022625E+00 1.03803790E+00 1.03581124E+00 1.03354654E+00 1.03124702E+00 1.02891434E+00 1.02654232E+00 1.02413186E+00 1.02168945E+00 1.01922167E+00 1.01671214E+00 1.01415079E+00 1.01156456E+00 1.00904950E+00 1.00661137E+00 1.00369545E+00 1.00000000E+00
1.15257768E+00 1.15258394E+00 1.15258879E+00 1.15259258E+00 1.15259548E+00 1.15259776E+00 1.15259952E+00 1.15260092E+00 1.15260203E+00 1.15260295E+00 1.15260374E+00 1.15260447E+00 1.15260518E+00 1.15260591E+00 1.15260669E+00 1.15260757E+00 1.15260856E+00 1.15260970E+00 1.15261100E+00 1.15261250E+00 1.15261422E+00 1.15261619E+00 1.15261843E+00 1.15262099E+00 1.15262387E+00 1.15262712E+00 1.15263076E+00 1.15263484E+00 1.15263938E+00 1.15264442E+00 1.15264999E+00 1.15265613E+00 1.15266286E+00 1.15267021E+00 1.15267821E+00 1.15268687E+00 1.15269619E+00 1.15270619E+00 1.15271683E+00 1.15272810E+00 1.15273994E+00 1.15275226E+00 1.15276497E+00 1.15277790E+00 1.15279091E+00 1.15280371E+00 1.15281606E+00 1.15282754E+00 1.15283779E+00 1.15284617E+00 1.15285217E+00 1.15285482E+00 1.15285343E+00 1.15284685E+00 1.15283400E+00 1.15281306E+00 1.15278279E+00 1.15274079E+00 1.15268539E+00 1.15261352E+00 1.15252293E+00 1.15240959E+00 1.15227071E+00 1.15210137E+00 1.15189787E+00 1.15165362E+00 1.15136436E+00 1.15102200E+00 1.15062115E+00 1.15015225E+00 1.14960854E+00 1.14897842E+00 1.14825420E+00 1.14742217E+00 1.14647301E+00 1.14539004E+00 1.14416302E+00 1.14277262E+00 1.14120750E+00 1.13944796E+00 1.13747790E+00 1.13527196E+00 1.13281772E+00 1.13008972E+00 1.12706896E+00 1.12375658E+00 1.12011197E+00 1.11649843E+00 1.11257313E+00 1.10882049E+00 1.10479823E+00 1.10100614E+00 1.09698033E+00 1.09321830E+00 1.08925877E+00 1.08558447E+00 1.08175327E+00 1.07822872E+00 1.07456920E+00 1.07121759E+00 1.06775899E+00 1.06461172E+00 1.06137593E+00 1.05843967E+00 1.05543341E+00 1.05271605E+00 1.04994349E+00 1.04744569E+00 1.04490341E+00 1.04243986E+00 1.03993541E+00 1.03738987E+00 1.03480572E+00 1.03218515E+00 1.02952359E+00 1.02682082E+00 1.02408188E+00 1.02131390E+00 1.01850574E+00 1.01564663E+00 1.01275586E+00 1.00992932E+00 1.00719309E+00 1.00399123E+00 1.00000000E+00
1.16672860E+00 1.16673585E+00 1.16674124E+00 1.16674552E+00 1.16674875E+00 1.16675125E+00 1.16675314E+00 1.16675459E+00 1.16675569E+00 1.16675654E+00 1.16675721E+00 1.16675776E+00 1.16675824E+00 1.16675870E+00 1.16675915E+00 1.16675965E+00 1.16676020E+00 1.16676085E+00 1.16676160E+00 1.16676249E+00 1.16676352E+00 1.16676472E+00 1.16676608E+00 1.16676764E+00 1.16676941E+00 1.16677140E+00 1.16677362E+00 1.16677609E+00 1.16677881E+00 1.16678177E+00 1.16678497E+00 1.16678840E+00 1.16679206E+00 1.16679594E+00 1.16679996E+00 1.16680409E+00 1.16680827E+00 1.16681241E+00 1.16681641E+00 1.16682013E+00 1.16682344E+00 1.16682606E+00 1.16682778E+00 1.16682823E+00 1.16682719E+00 1.16682415E+00 1.16681864E+00 1.16681000E+00 1.16679770E+00 1.16678075E+00 1.16675836E+00 1.16672914E+00 1.16669224E+00 1.16664611E+00 1.16658930E+00 1.16651931E+00 1.16643467E+00 1.16633232E+00 1.16621034E+00 1.16606507E+00 1.16589370E+00 1.16569151E+00 1.16545524E+00 1.16517934E+00 1.16485963E+00 1.16448856E+00 1.16406152E+00 1.16356957E+00 1.16300700E+00 1.16236354E+00 1.16163180E+00 1.16079961E+00 1.15985905E+00 1.15879608E+00 1.15760080E+00 1.15625587E+00 1.15475110E+00 1.15306697E+00 1.15119247E+00 1.14910832E+00 1.14679764E+00 1.14423483E+00 1.14140897E+00 1.13829551E+00 1.13487519E+00 1.13115370E+00 1.12708801E+00 1.12308396E+00 1.11875975E+00 1.11464778E+00 1.11026108E+00 1.10614361E+00 1.10178917E+00 1.09773387E+00 1.09348038E+00 1.08954626E+00 1.08545394E+00 1.08169800E+00 1.07780801E+00 1.07425308E+00 1.07059072E+00 1.06726323E+00 1.06384863E+00 1.06075544E+00 1.05759333E+00 1.05473891E+00 1.05182923E+00 1.04921026E+00 1.04654792E+00 1.04397088E+00 1.04135448E+00 1.03869802E+00 1.03600272E+00 1.03327132E+00 1.03050137E+00 1.02769194E+00 1.02484617E+00 1.02197173E+00 1.01906161E+00 1.01610421E+00 1.01311372E+00 1.01018712E+00 1.00736010E+00 1.00407594E+00 1.00000000E+00
1.17631621E+00 1.17632229E+00 1.17632460E+00 1.17632587E+00 1.17632569E+00 1.17632458E+00 1.17632271E+00 1.17632026E+00 1.17631727E+00 1.17631382E+00 1.17630993E+00 1.17630562E+00 1.17630091E+00 1.17629581E+00 1.17629032E+00 1.17628442E+00 1.17627813E+00 1.17627144E+00 1.17626432E+00 1.17625678E+00 1.17624882E+00 1.17624036E+00 1.17623142E+00 1.17622196E+00 1.17621197E+00 1.17620142E+00 1.17619026E+00 1.17617846E+00 1.17616599E+00 1.17615276E+00 1.17613869E+00 1.17612370E+00 1.17610778E+00 1.17609082E+00 1.17607264E+00 1.17605311E+00 1.17603210E+00 1.17600944E+00 1.17598492E+00 1.17595824E+00 1.17592925E+00 1.17589744E+00 1.17586250E+00 1.17582389E+00 1.17578131E+00 1.17573409E+00 1.17568158E+00 1.17562290E+00 1.17555744E+00 1.17548397E+00 1.17540149E+00 1.17530834E+00 1.17520352E+00 1.17508536E+00 1.17495220E+00 1.17480111E+00 1.17463053E+00 1.17443714E+00 1.17421889E+00 1.17397193E+00 1.17369321E+00 1.17337768E+00 1.17302192E+00 1.17262024E+00 1.17216843E+00 1.17165855E+00 1.17108603E+00 1.17044183E+00 1.16972014E+00 1.16891075E+00 1.16800623E+00 1.16699441E+00 1.16586752E+00 1.16461184E+00 1.16321755E+00 1.16166743E+00 1.15995170E+00 1.15805125E+00 1.15595524E+00 1.15364530E+00 1.15110502E+00 1.14830914E+00 1.14524735E+00 1.14189616E+00 1.13823689E+00 1.13427812E+00 1.12997525E+00 1.12575750E+00 1.12122169E+00 1.11692468E+00 1.11235466E+00 1.10807740E+00 1.10356605E+00 1.09937403E+00 1.09498645E+00 1.09093694E+00 1.08673099E+00 1.08287628E+00 1.07889006E+00 1.07525217E+00 1.07150808E+00 1.06810950E+00 1.06462579E+00 1.06147320E+00 1.05825319E+00 1.05534876E+00 1.05238983E+00 1.04972790E+00 1.04702374E+00 1.04440787E+00 1.04175387E+00 1.03906084E+00 1.03632942E+00 1.03356248E+00 1.03075866E+00 1.02791672E+00 1.02503886E+00 1.02213291E+00 1.01919398E+00 1.01621003E+00 1.01319279E+00 1.01023971E+00 1.00739103E+00 1.00409072E+00 1.00000000E+00
1.18299468E+00 1.18299875E+00 1.18299487E+00 1.18298962E+00 1.18298179E+00 1.18297240E+00 1.18296178E+00 1.18295015E+00 1.18293749E+00 1.18292387E+00 1.18290927E+00 1.18289366E+00 1.18287703E+00 1.18285936E+00 1.18284059E+00 1.18282067E+00 1.18279960E+00 1.18277733E+00 1.18275378E+00 1.18272895E+00 1.18270281E+00 1.18267522E+00 1.18264619E+00 1.18261562E+00 1.18258349E+00 1.18254973E+00 1.18251425E+00 1.18247698E+00 1.18243786E+00 1.18239671E+00 1.18235344E+00 1.18230788E+00 1.18226003E+00 1.18220971E+00 1.18215667E+00 1.18210069E+00 1.18204164E+00 1.18197924E+00 1.18191324E+00 1.18184325E+00 1.18176906E+00 1.18169008E+00 1.18160592E+00 1.18151590E+00 1.18141974E+00 1.18131665E+00 1.18120588E+00 1.18108648E+00 1.18095776E+00 1.18081840E+00 1.18066732E+00 1.18050268E+00 1.18032344E+00 1.18012791E+00 1.17991438E+00 1.17967969E+00 1.17942233E+00 1.17913889E+00 1.17882728E+00 1.17848367E+00 1.17810494E+00 1.17768597E+00 1.17722331E+00 1.17671133E+00 1.17614592E+00 1.17551908E+00 1.17482639E+00 1.17405892E+00 1.17321091E+00 1.17227239E+00 1.17123607E+00 1.17009000E+00 1.16882653E+00 1.16743239E+00 1.16589801E+00 1.16420645E+00 1.16234835E+00 1.16030499E+00 1.15806563E+00 1.15561260E+00 1.15293023E+00 1.14999364E+00 1.14679266E+00 1.14330457E+00 1.13951134E+00 1.13542320E+00 1.13099455E+00 1.12666667E+00 1.12202520E+00 1.11763875E+00 1.11298255E+00 1.10863228E+00 1.10405169E+00 1.09980125E+00 1.09535813E+00 1.09126267E+00 1.08701290E+00 1.08312128E+00 1.07910045E+00 1.07543397E+00 1.07166266E+00 1.06824121E+00 1.06473625E+00 1.06156626E+00 1.05833006E+00 1.05541233E+00 1.05244085E+00 1.04976840E+00 1.04705458E+00 1.04443027E+00 1.04176870E+00 1.03906888E+00 1.03633114E+00 1.03355838E+00 1.03074978E+00 1.02790403E+00 1.02502279E+00 1.02211392E+00 1.01917371E+00 1.01618994E+00 1.01317291E+00 1.01022029E+00 1.00737478E+00 1.00408141E+00 1.00000000E+00
1.18774870E+00 1.18774854E+00 1.18773491E+00 1.18771936E+00 1.18769969E+00 1.18767764E+00 1.18765370E+00 1.18762821E+00 1.18760110E+00 1.18757242E+00 1.18754215E+00 1.18751018E+00 1.18747649E+00 1.18744101E+00 1.18740367E+00 1.18736435E+00 1.18732305E+00 1.18727967E+00 1.18723412E+00 1.18718639E+00 1.18713642E+00 1.18708402E+00 1.18702920E+00 1.18697183E+00 1.18691187E+00 1.18684923E+00 1.18678381E+00 1.18671549E+00 1.18664422E+00 1.18656977E+00 1.18649202E+00 1.18641076E+00 1.18632598E+00 1.18623747E+00 1.18614497E+00 1.18604819E+00 1.18594698E+00 1.18584104E+00 1.18573008E+00 1.18561366E+00 1.18549156E+00 1.18536312E+00 1.18522794E+00 1.18508527E+00 1.18493482E+00 1.18477578E+00 1.18460736E+00 1.18442855E+00 1.18423867E+00 1.18403637E+00 1.18382053E+00 1.18358924E+00 1.18334145E+00 1.18307550E+00 1.18278972E+00 1.18248084E+00 1.18214742E+00 1.18178608E+00 1.18139470E+00 1.18096956E+00 1.18050756E+00 1.18000358E+00 1.17945427E+00 1.17885405E+00 1.17819899E+00 1.17748114E+00 1.17669622E+00 1.17583552E+00 1.17489334E+00 1.17385996E+00 1.17272831E+00 1.17148665E+00 1.17012744E+00 1.16863782E+00 1.16700846E+00 1.16522274E+00 1.16327161E+00 1.16113671E+00 1.15880729E+00 1.15626623E+00 1.15349849E+00 1.15047957E+00 1.14719924E+00 1.14363531E+00 1.13977026E+00 1.13561525E+00 1.13112409E+00 1.12674379E+00 1.12205454E+00 1.11762990E+00 1.11293881E+00 1.10856074E+00 1.10395585E+00 1.09968654E+00 1.09522711E+00 1.09111988E+00 1.08686025E+00 1.08296150E+00 1.07893543E+00 1.07526596E+00 1.07149288E+00 1.06807086E+00 1.06456659E+00 1.06139827E+00 1.05816468E+00 1.05525003E+00 1.05228228E+00 1.04961360E+00 1.04690417E+00 1.04428462E+00 1.04162841E+00 1.03893453E+00 1.03620313E+00 1.03343708E+00 1.03063590E+00 1.02779825E+00 1.02492546E+00 1.02202535E+00 1.01909500E+00 1.01612204E+00 1.01311590E+00 1.01017436E+00 1.00734150E+00 1.00406351E+00 1.00000000E+00
1.12516708E+00 1.12516043E+00 1.12516262E+00 1.12516873E+00 1.12517379E+00 1.12517387E+00 1.12517069E+00 1.12516705E+00 1.12516464E+00 1.12516418E+00 1.12516460E+00 1.12516480E+00 1.12516466E+00 1.12516431E+00 1.12516406E+00 1.12516410E+00 1.12516432E+00 1.12516466E+00 1.12516508E+00 1.12516561E+00 1.12516628E+00 1.12516710E+00 1.12516808E+00 1.12516924E+00 1.12517059E+00 1.12517215E+00 1.12517394E+00 1.12517600E+00 1.12517833E+00 1.12518097E+00 1.12518394E+00 1.12518729E+00 1.12519105E+00 1.12519522E+00 1.12519986E+00 1.12520500E+00 1.12521068E+00 1.12521689E+00 1.12522366E+00 1.12523106E+00 1.12523904E+00 1.12524759E+00 1.12525672E+00 1.12526643E+00 1.12527666E+00 1.12528731E+00 1.12529828E+00 1.12530943E+00 1.12532058E+00 1.12533145E+00 1.12534188E+00 1.12535145E+00 1.12535968E+00 1.12536590E+00 1.12536966E+00 1.12536999E+00 1.12536621E+00 1.12535702E+00 1.12534136E+00 1.12531733E+00 1.12528365E+00 1.12523760E+00 1.12517729E+00 1.12509957E+00 1.12500209E+00 1.12488035E+00 1.12473160E+00 1.12455025E+00 1.12433188E+00 1.12406853E+00 1.12375558E+00 1.12338470E+00 1.12295012E+00 1.12243940E+00 1.12184540E+00 1.12115472E+00 1.12035876E+00 1.11943920E+00 1.11838494E+00 1.11717949E+00 1.11581050E+00 1.11425054E+00 1.11248499E+00 1.11048948E+00 1.10824864E+00 1.10575544E+00 1.10297535E+00 1.10017652E+00 1.09710086E+00 1.09412287E+00 1.09088966E+00 1.08779943E+00 1.08450265E+00 1.08142220E+00 1.07814707E+00 1.07504679E+00 1.07179243E+00 1.06880348E+00 1.06568613E+00 1.06280907E+00 1.05983008E+00 1.05711292E+00 1.05430962E+00 1.05175244E+00 1.04912936E+00 1.04675143E+00 1.04432089E+00 1.04213176E+00 1.03990350E+00 1.03774501E+00 1.03554810E+00 1.03330155E+00 1.03102471E+00 1.02874186E+00 1.02642872E+00 1.02406170E+00 1.02167643E+00 1.01929806E+00 1.01686393E+00 1.01436458E+00 1.01192731E+00 1.00962845E+00 1.00728114E+00 1.00416438E+00 1.00000000E+00
1.15233662E+00 1.15234488E+00 1.15235145E+00 1.15235668E+00 1.15236085E+00 1.15236427E+00 1.15236700E+00 1.15236920E+00 1.15237094E+00 1.15237234E+00 1.15237346E+00 1.15237437E+00 1.15237510E+00 1.15237573E+00 1.15237625E+00 1.15237672E+00 1.15237716E+00 1.15237762E+00 1.15237810E+00 1.15237864E+00 1.15237925E+00 1.15237998E+00 1.15238084E+00 1.15238190E+00 1.15238317E+00 1.15238468E+00 1.15238649E+00 1.15238867E+00 1.15239126E+00 1.15239431E+00 1.15239787E+00 1.15240208E+00 1.15240702E+00 1.15241278E+00 1.15241944E+00 1.15242720E+00 1.15243612E+00 1.15244630E+00 1.15245790E+00 1.15247122E+00 1.15248637E+00 1.15250350E+00 1.15252274E+00 1.15254442E+00 1.15256877E+00 1.15259609E+00 1.15262643E+00 1.15266006E+00 1.15269728E+00 1.15273842E+00 1.15278340E+00 1.15283216E+00 1.15288526E+00 1.15294352E+00 1.15300667E+00 1.15307427E+00 1.15314595E+00 1.15322102E+00 1.15329977E+00 1.15338186E+00 1.15346596E+00 1.15354950E+00 1.15363272E+00 1.15371578E+00 1.15379604E+00 1.15386894E+00 1.15393230E+00 1.15398070E+00 1.15401045E+00 1.15401314E+00 1.15398256E+00 1.15391122E+00 1.15379716E+00 1.15362810E+00 1.15339113E+00 1.15306558E+00 1.15263780E+00 1.15208450E+00 1.15140686E+00 1.15059091E+00 1.14959422E+00 1.14836284E+00 1.14689682E+00 1.14517162E+00 1.14314793E+00 1.14079554E+00 1.13809016E+00 1.13529424E+00 1.13211271E+00 1.12891885E+00 1.12538971E+00 1.12197926E+00 1.11827900E+00 1.11474951E+00 1.11091565E+00 1.10721511E+00 1.10329301E+00 1.09966914E+00 1.09584639E+00 1.09226094E+00 1.08850020E+00 1.08503604E+00 1.08142886E+00 1.07810673E+00 1.07466348E+00 1.07150249E+00 1.06823470E+00 1.06526468E+00 1.06221618E+00 1.05923540E+00 1.05617401E+00 1.05300610E+00 1.04974628E+00 1.04642632E+00 1.04302287E+00 1.03949203E+00 1.03585673E+00 1.03214868E+00 1.02832256E+00 1.02434292E+00 1.02027972E+00 1.01616143E+00 1.01183172E+00 1.00655960E+00 1.00000000E+00
1.16729108E+00 1.16730086E+00 1.16730912E+00 1.16731680E+00 1.16732378E+00 1.16733009E+00 1.16733573E+00 1.16734075E+00 1.16734524E+00 1.16734931E+00 1.16735292E+00 1.16735608E+00 1.16735889E+00 1.16736146E+00 1.16736369E+00 1.16736557E+00 1.16736721E+00 1.16736874E+00 1.16737017E+00 1.16737163E+00 1.16737311E+00 1.16737458E+00 1.16737609E+00 1.16737775E+00 1.16737962E+00 1.16738171E+00 1.16738415E+00 1.16738722E+00 1.16739096E+00 1.16739532E+00 1.16740027E+00 1.16740608E+00 1.16741320E+00 1.16742190E+00 1.16743204E+00 1.16744390E+00 1.16745774E+00 1.16747377E+00 1.16749235E+00 1.16751433E+00 1.16754001E+00 1.16756943E+00 1.16760257E+00 1.16764014E+00 1.16768328E+00 1.16773292E+00 1.16778895E+00 1.16785214E+00 1.16792348E+00 1.16800379E+00 1.16809259E+00 1.16819031E+00 1.16829986E+00 1.16842442E+00 1.16856256E+00 1.16871319E+00 1.16887638E+00 1.16905200E+00 1.16924265E+00 1.16945005E+00 1.16967230E+00 1.16990728E+00 1.17015740E+00 1.17042562E+00 1.17070813E+00 1.17099939E+00 1.17129733E+00 1.17159610E+00 1.17189303E+00 1.17217919E+00 1.17244633E+00 1.17268683E+00 1.17290059E+00 1.17307390E+00 1.17318686E+00 1.17321090E+00 1.17313101E+00 1.17292120E+00 1.17258577E+00 1.17210621E+00 1.17141914E+00 1.17045251E+00 1.16921578E+00 1.16768385E+00 1.16580160E+00 1.16352368E+00 1.16082563E+00 1.15797049E+00 1.15464750E+00 1.15124529E+00 1.14743955E+00 1.14372751E+00 1.13965296E+00 1.13571620E+00 1.13140921E+00 1.12723784E+00 1.12279019E+00 1.11865232E+00 1.11426597E+00 1.11013271E+00 1.10577659E+00 1.10174853E+00 1.09754234E+00 1.09365869E+00 1.08961984E+00 1.08590058E+00 1.08204364E+00 1.07852645E+00 1.07490762E+00 1.07136216E+00 1.06771473E+00 1.06393541E+00 1.06003419E+00 1.05604228E+00 1.05194042E+00 1.04768344E+00 1.04328778E+00 1.03878649E+00 1.03414644E+00 1.02932553E+00 1.02436400E+00 1.01926875E+00 1.01391348E+00 1.00761332E+00 1.00000000E+00
1.17770900E+00 1.17770605E+00 1.17770093E+00 1.17769998E+00 1.17770183E+00 1.17770549E+00 1.17771043E+00 1.17771601E+00 1.17772218E+00 1.17772874E+00 1.17773530E+00 1.17774148E+00 1.17774748E+00 1.17775337E+00 1.17775874E+00 1.17776334E+00 1.17776756E+00 1.17777162E+00 1.17777553E+00 1.17777952E+00 1.17778348E+00 1.17778719E+00 1.17779072E+00 1.17779432E+00 1.17779810E+00 1.17780208E+00 1.17780652E+00 1.17781202E+00 1.17781852E+00 1.17782567E+00 1.17783335E+00 1.17784218E+00 1.17785314E+00 1.17786665E+00 1.17788223E+00 1.17790022E+00 1.17792119E+00 1.17794555E+00 1.17797388E+00 1.17800765E+00 1.17804715E+00 1.17809209E+00 1.17814241E+00 1.17819954E+00 1.17826555E+00 1.17834191E+00 1.17842836E+00 1.17852627E+00 1.17863718E+00 1.17876229E+00 1.17890095E+00 1.17905422E+00 1.17922681E+00 1.17942361E+00 1.17964213E+00 1.17988056E+00 1.18013977E+00 1.18042075E+00 1.18072786E+00 1.18106442E+00 1.18142792E+00 1.18181629E+00 1.18223296E+00 1.18268227E+00 1.18315959E+00 1.18365830E+00 1.18417618E+00 1.18470673E+00 1.18524733E+00 1.18578809E+00 1.18631901E+00 1.18683110E+00 1.18732377E+00 1.18778098E+00 1.18817793E+00 1.18847941E+00 1.18866911E+00 1.18871731E+00 1.18862666E+00 1.18837397E+00 1.18788486E+00 1.18707581E+00 1.18595941E+00 1.18450834E+00 1.18265753E+00 1.18035089E+00 1.17756233E+00 1.17456820E+00 1.17104238E+00 1.16739729E+00 1.16329163E+00 1.15926665E+00 1.15482483E+00 1.15050915E+00 1.14577932E+00 1.14120130E+00 1.13630734E+00 1.13173715E+00 1.12688530E+00 1.12231157E+00 1.11748588E+00 1.11301801E+00 1.10834932E+00 1.10403713E+00 1.09954948E+00 1.09541621E+00 1.09112802E+00 1.08721363E+00 1.08318376E+00 1.07923436E+00 1.07517104E+00 1.07096343E+00 1.06661861E+00 1.06216555E+00 1.05758767E+00 1.05284166E+00 1.04794082E+00 1.04291804E+00 1.03774750E+00 1.03238305E+00 1.02684321E+00 1.02112157E+00 1.01512063E+00 1.00820564E+00 1.00000000E+00
1.18588071E+00 1.18587088E+00 1.18585308E+00 1.18584762E+00 1.18585088E+00 1.18586036E+00 1.18587446E+00 1.18589130E+00 1.18591048E+00 1.18593111E+00 1.18595224E+00 1.18597280E+00 1.18599305E+00 1.18601293E+00 1.18603163E+00 1.18604864E+00 1.18606463E+00 1.18607996E+00 1.18609459E+00 1.18610887E+00 1.18612260E+00 1.18613536E+00 1.18614724E+00 1.18615866E+00 1.18616988E+00 1.18618100E+00 1.18619243E+00 1.18620511E+00 1.18621886E+00 1.18623296E+00 1.18624734E+00 1.18626313E+00 1.18628180E+00 1.18630387E+00 1.18632856E+00 1.18635638E+00 1.18638826E+00 1.18642482E+00 1.18646687E+00 1.18651634E+00 1.18657352E+00 1.18663782E+00 1.18670935E+00 1.18679039E+00 1.18688373E+00 1.18699122E+00 1.18711261E+00 1.18724994E+00 1.18740515E+00 1.18757977E+00 1.18777310E+00 1.18798671E+00 1.18822647E+00 1.18849856E+00 1.18879976E+00 1.18912778E+00 1.18948435E+00 1.18987163E+00 1.19029502E+00 1.19075887E+00 1.19125996E+00 1.19179578E+00 1.19237022E+00 1.19298825E+00 1.19364455E+00 1.19433118E+00 1.19504553E+00 1.19578018E+00 1.19653198E+00 1.19728975E+00 1.19804178E+00 1.19877676E+00 1.19949290E+00 1.20017191E+00 1.20078534E+00 1.20129222E+00 1.20167465E+00 1.20189890E+00 1.20196537E+00 1.20184743E+00 1.20146412E+00 1.20072379E+00 1.19963965E+00 1.19818152E+00 1.19627814E+00 1.19386674E+00 1.19091954E+00 1.18773345E+00 1.18396472E+00 1.18005557E+00 1.17564002E+00 1.17130301E+00 1.16650861E+00 1.16184216E+00 1.15673061E+00 1.15179261E+00 1.14650985E+00 1.14156825E+00 1.13632224E+00 1.13138180E+00 1.12617029E+00 1.12134426E+00 1.11630199E+00 1.11164675E+00 1.10680318E+00 1.10234492E+00 1.09772116E+00 1.09349972E+00 1.08915388E+00 1.08489557E+00 1.08051597E+00 1.07598532E+00 1.07130864E+00 1.06651257E+00 1.06158238E+00 1.05647720E+00 1.05120851E+00 1.04580861E+00 1.04025631E+00 1.03450207E+00 1.02854762E+00 1.02237829E+00 1.01592238E+00 1.00858929E+00 1.00000000E+00
1.19274774E+00 1.19272697E+00 1.19268851E+00 1.19267424E+00 1.19267758E+00 1.19269419E+00 1.19272082E+00 1.19275380E+00 1.19279211E+00 1.19283367E+00 1.19287678E+00 1.19291937E+00 1.19296170E+00 1.19300334E+00 1.19304305E+00 1.19308001E+00 1.19311513E+00 1.19314880E+00 1.19318089E+00 1.19321188E+00 1.19324149E+00 1.19326907E+00 1.19329478E+00 1.19331920E+00 1.19334276E+00 1.19336570E+00 1.19338861E+00 1.19341271E+00 1.19343771E+00 1.19346259E+00 1.19348744E+00 1.19351392E+00 1.19354388E+00 1.19357793E+00 1.19361513E+00 1.19365622E+00 1.19370245E+00 1.19375473E+00 1.19381400E+00 1.19388259E+00 1.19396079E+00 1.19404790E+00 1.19414426E+00 1.19425297E+00 1.19437735E+00 1.19451955E+00 1.19467942E+00 1.19485968E+00 1.19506257E+00 1.19528990E+00 1.19554096E+00 1.19581763E+00 1.19612659E+00 1.19647498E+00 1.19685916E+00 1.19727646E+00 1.19772933E+00 1.19822090E+00 1.19875711E+00 1.19934284E+00 1.19997420E+00 1.20064789E+00 1.20136797E+00 1.20213961E+00 1.20295675E+00 1.20380995E+00 1.20469607E+00 1.20560658E+00 1.20653748E+00 1.20747623E+00 1.20840942E+00 1.20932301E+00 1.21021385E+00 1.21106186E+00 1.21183560E+00 1.21248907E+00 1.21300285E+00 1.21333951E+00 1.21349741E+00 1.21344735E+00 1.21310403E+00 1.21236971E+00 1.21125730E+00 1.20973396E+00 1.20772461E+00 1.20516283E+00 1.20201913E+00 1.19861429E+00 1.19458561E+00 1.19040799E+00 1.18568722E+00 1.18105011E+00 1.17592475E+00 1.17093671E+00 1.16548085E+00 1.16022231E+00 1.15459762E+00 1.14933305E+00 1.14374780E+00 1.13849525E+00 1.13295837E+00 1.12783240E+00 1.12247930E+00 1.11754053E+00 1.11240480E+00 1.10768167E+00 1.10278612E+00 1.09831726E+00 1.09371793E+00 1.08921281E+00 1.08458158E+00 1.07979539E+00 1.07485778E+00 1.06979321E+00 1.06458840E+00 1.05920486E+00 1.05365287E+00 1.04796400E+00 1.04212011E+00 1.03606872E+00 1.02979837E+00 1.02328939E+00 1.01649280E+00 1.00885598E+00 1.00000000E+00
1.12945178E+00 1.12944805E+00 1.12944517E+00 1.12944352E+00 1.12944302E+00 1.12944309E+00 1.12944298E+00 1.12944203E+00 1.12944052E+00 1.12943904E+00 1.12943795E+00 1.12943743E+00 1.12943721E+00 1.12943704E+00 1.12943689E+00 1.12943680E+00 1.12943686E+00 1.12943711E+00 1.12943752E+00 1.12943808E+00 1.12943878E+00 1.12943965E+00 1.12944070E+00 1.12944195E+00 1.12944341E+00 1.12944510E+00 1.12944705E+00 1.12944927E+00 1.12945179E+00 1.12945464E+00 1.12945783E+00 1.12946142E+00 1.12946543E+00 1.12946987E+00 1.12947479E+00 1.12948021E+00 1.12948617E+00 1.12949266E+00 1.12949972E+00 1.12950736E+00 1.12951556E+00 1.12952431E+00 1.12953359E+00 1.12954337E+00 1.12955358E+00 1.12956409E+00 1.12957480E+00 1.12958549E+00 1.12959600E+00 1.12960600E+00 1.12961525E+00 1.12962323E+00 1.12962946E+00 1.12963323E+00 1.12963400E+00 1.12963069E+00 1.12962252E+00 1.12960803E+00 1.12958604E+00 1.12955453E+00 1.12951205E+00 1.12945573E+00 1.12938358E+00 1.12929220E+00 1.12917904E+00 1.12903932E+00 1.12886999E+00 1.12866489E+00 1.12841961E+00 1.12812637E+00 1.12778018E+00 1.12737187E+00 1.12689516E+00 1.12633766E+00 1.12569212E+00 1.12494443E+00 1.12408588E+00 1.12309814E+00 1.12196956E+00 1.12068269E+00 1.11922505E+00 1.11757005E+00 1.11570357E+00 1.11360162E+00 1.11124786E+00 1.10863533E+00 1.10572783E+00 1.10280822E+00 1.09960733E+00 1.09651648E+00 1.09317174E+00 1.08998888E+00 1.08659327E+00 1.08340871E+00 1.08003042E+00 1.07685705E+00 1.07353316E+00 1.07047553E+00 1.06728865E+00 1.06435331E+00 1.06131461E+00 1.05854270E+00 1.05568648E+00 1.05308614E+00 1.05042032E+00 1.04800507E+00 1.04553603E+00 1.04331142E+00 1.04104624E+00 1.03885017E+00 1.03661527E+00 1.03433489E+00 1.03202051E+00 1.02968585E+00 1.02731301E+00 1.02488901E+00 1.02244036E+00 1.01998975E+00 1.01748765E+00 1.01490320E+00 1.01232450E+00 1.00986271E+00 1.00735947E+00 1.00414088E+00 1.00000000E+00
1.16581966E+00 1.16582848E+00 1.16583575E+00 1.16584168E+00 1.16584642E+00 1.16585024E+00 1.16585327E+00 1.16585573E+00 1.16585766E+00 1.16585922E+00 1.16586046E+00 1.16586148E+00 1.16586233E+00 1.16586306E+00 1.16586373E+00 1.16586437E+00 1.16586502E+00 1.16586572E+00 1.16586650E+00 1.16586740E+00 1.16586844E+00 1.16586968E+00 1.16587114E+00 1.16587288E+00 1.16587493E+00 1.16587735E+00 1.16588019E+00 1.16588353E+00 1.16588742E+00 1.16589195E+00 1.16589718E+00 1.16590326E+00 1.16591025E+00 1.16591828E+00 1.16592744E+00 1.16593791E+00 1.16594979E+00 1.16596324E+00 1.16597838E+00 1.16599549E+00 1.16601466E+00 1.16603609E+00 1.16605993E+00 1.16608644E+00 1.16611580E+00 1.16614822E+00 1.16618378E+00 1.16622269E+00 1.16626513E+00 1.16631123E+00 1.16636096E+00 1.16641421E+00 1.16647110E+00 1.16653182E+00 1.16659599E+00 1.16666285E+00 1.16673199E+00 1.16680237E+00 1.16687347E+00 1.16694387E+00 1.16701222E+00 1.16707572E+00 1.16713313E+00 1.16718220E+00 1.16721976E+00 1.16724017E+00 1.16724015E+00 1.16721234E+00 1.16715202E+00 1.16704997E+00 1.16689925E+00 1.16668891E+00 1.16641235E+00 1.16605354E+00 1.16560098E+00 1.16503402E+00 1.16433983E+00 1.16349326E+00 1.16248394E+00 1.16128912E+00 1.15987912E+00 1.15821114E+00 1.15627532E+00 1.15404002E+00 1.15147185E+00 1.14854988E+00 1.14523422E+00 1.14184851E+00 1.13806694E+00 1.13434989E+00 1.13028610E+00 1.12638644E+00 1.12217696E+00 1.11817991E+00 1.11389610E+00 1.10983652E+00 1.10555589E+00 1.10159265E+00 1.09743079E+00 1.09356200E+00 1.08952604E+00 1.08582091E+00 1.08197849E+00 1.07845617E+00 1.07482028E+00 1.07150143E+00 1.06808457E+00 1.06498513E+00 1.06180941E+00 1.05870916E+00 1.05553550E+00 1.05227540E+00 1.04893462E+00 1.04552801E+00 1.04204228E+00 1.03845526E+00 1.03478247E+00 1.03104658E+00 1.02721493E+00 1.02324002E+00 1.01916732E+00 1.01509337E+00 1.01090267E+00 1.00594532E+00 1.00000000E+00
1.18909689E+00 1.18910657E+00 1.18911461E+00 1.18912166E+00 1.18912771E+00 1.18913292E+00 1.18913737E+00 1.18914122E+00 1.18914452E+00 1.18914741E+00 1.18914992E+00 1.18915211E+00 1.18915407E+00 1.18915588E+00 1.18915753E+00 1.18915910E+00 1.18916066E+00 1.18916229E+00 1.18916403E+00 1.18916598E+00 1.18916818E+00 1.18917069E+00 1.18917357E+00 1.18917696E+00 1.18918093E+00 1.18918560E+00 1.18919108E+00 1.18919759E+00 1.18920524E+00 1.18921415E+00 1.18922442E+00 1.18923637E+00 1.18925032E+00 1.18926654E+00 1.18928509E+00 1.18930638E+00 1.18933073E+00 1.18935852E+00 1.18939005E+00 1.18942599E+00 1.18946666E+00 1.18951245E+00 1.18956362E+00 1.18962088E+00 1.18968496E+00 1.18975658E+00 1.18983586E+00 1.18992361E+00 1.19002044E+00 1.19012698E+00 1.19024316E+00 1.19036935E+00 1.19050665E+00 1.19065632E+00 1.19081747E+00 1.19098915E+00 1.19117128E+00 1.19136305E+00 1.19156468E+00 1.19177515E+00 1.19199244E+00 1.19221329E+00 1.19243661E+00 1.19266018E+00 1.19287943E+00 1.19308660E+00 1.19327740E+00 1.19344206E+00 1.19357502E+00 1.19366446E+00 1.19370037E+00 1.19366829E+00 1.19356019E+00 1.19335593E+00 1.19303901E+00 1.19258166E+00 1.19196802E+00 1.19116712E+00 1.19016697E+00 1.18893923E+00 1.18744308E+00 1.18562442E+00 1.18347589E+00 1.18096119E+00 1.17803702E+00 1.17467678E+00 1.17083605E+00 1.16689544E+00 1.16247434E+00 1.15811192E+00 1.15333108E+00 1.14873713E+00 1.14376802E+00 1.13903801E+00 1.13397030E+00 1.12917660E+00 1.12411517E+00 1.11941995E+00 1.11449033E+00 1.10991103E+00 1.10513225E+00 1.10074301E+00 1.09619230E+00 1.09202364E+00 1.08772100E+00 1.08379483E+00 1.07975270E+00 1.07608432E+00 1.07232645E+00 1.06865990E+00 1.06490900E+00 1.06105992E+00 1.05711503E+00 1.05308828E+00 1.04897100E+00 1.04474213E+00 1.04041146E+00 1.03600022E+00 1.03148537E+00 1.02681790E+00 1.02202616E+00 1.01720554E+00 1.01226808E+00 1.00660607E+00 1.00000000E+00
1.20497255E+00 1.20498284E+00 1.20499006E+00 1.20499826E+00 1.20500650E+00 1.20501465E+00 1.20502269E+00 1.20503056E+00 1.20503824E+00 1.20504571E+00 1.20505288E+00 1.20505972E+00 1.20506633E+00 1.20507278E+00 1.20507900E+00 1.20508504E+00 1.20509106E+00 1.20509721E+00 1.20510353E+00 1.20511023E+00 1.20511735E+00 1.20512496E+00 1.20513317E+00 1.20514223E+00 1.20515233E+00 1.20516369E+00 1.20517648E+00 1.20519115E+00 1.20520788E+00 1.20522680E+00 1.20524808E+00 1.20527234E+00 1.20530021E+00 1.20533216E+00 1.20536819E+00 1.20540898E+00 1.20545513E+00 1.20550733E+00 1.20556603E+00 1.20563236E+00 1.20570683E+00 1.20578996E+00 1.20588215E+00 1.20598465E+00 1.20609870E+00 1.20622542E+00 1.20636497E+00 1.20651862E+00 1.20668735E+00 1.20687202E+00 1.20707245E+00 1.20728924E+00 1.20752411E+00 1.20777893E+00 1.20805222E+00 1.20834242E+00 1.20864954E+00 1.20897265E+00 1.20931219E+00 1.20966688E+00 1.21003365E+00 1.21040791E+00 1.21078809E+00 1.21117099E+00 1.21155062E+00 1.21191658E+00 1.21226330E+00 1.21257838E+00 1.21285491E+00 1.21307831E+00 1.21323581E+00 1.21330918E+00 1.21328870E+00 1.21315105E+00 1.21287606E+00 1.21243021E+00 1.21179570E+00 1.21093719E+00 1.20984063E+00 1.20847460E+00 1.20679314E+00 1.20473521E+00 1.20229428E+00 1.19943220E+00 1.19610156E+00 1.19227536E+00 1.18790543E+00 1.18343028E+00 1.17841998E+00 1.17348691E+00 1.16808902E+00 1.16291213E+00 1.15732314E+00 1.15201117E+00 1.14633440E+00 1.14098272E+00 1.13533883E+00 1.13010640E+00 1.12462258E+00 1.11954025E+00 1.11424408E+00 1.10938496E+00 1.10435424E+00 1.09975373E+00 1.09501138E+00 1.09069024E+00 1.08624670E+00 1.08221721E+00 1.07809380E+00 1.07407557E+00 1.06996981E+00 1.06576331E+00 1.06145680E+00 1.05706318E+00 1.05257642E+00 1.04797753E+00 1.04327345E+00 1.03848395E+00 1.03359162E+00 1.02854887E+00 1.02337537E+00 1.01816724E+00 1.01285574E+00 1.00687144E+00 1.00000000E+00
1.21695090E+00 1.21694461E+00 1.21693326E+00 1.21692891E+00 1.21692852E+00 1.21693130E+00 1.21693687E+00 1.21694460E+00 1.21695411E+00 1.21696485E+00 1.21697645E+00 1.21698849E+00 1.21700104E+00 1.21701398E+00 1.21702708E+00 1.21704027E+00 1.21705381E+00 1.21706783E+00 1.21708235E+00 1.21709767E+00 1.21711382E+00 1.21713086E+00 1.21714896E+00 1.21716850E+00 1.21718979E+00 1.21721317E+00 1.21723893E+00 1.21726775E+00 1.21729985E+00 1.21733540E+00 1.21737467E+00 1.21741861E+00 1.21746816E+00 1.21752398E+00 1.21758604E+00 1.21765527E+00 1.21773256E+00 1.21781888E+00 1.21791482E+00 1.21802184E+00 1.21814064E+00 1.21827180E+00 1.21841582E+00 1.21857441E+00 1.21874917E+00 1.21894145E+00 1.21915133E+00 1.21938042E+00 1.21962984E+00 1.21990044E+00 1.22019183E+00 1.22050446E+00 1.22084028E+00 1.22120140E+00 1.22158572E+00 1.22199072E+00 1.22241630E+00 1.22286106E+00 1.22332521E+00 1.22380681E+00 1.22430160E+00 1.22480323E+00 1.22530938E+00 1.22581550E+00 1.22631429E+00 1.22679273E+00 1.22724405E+00 1.22765348E+00 1.22801268E+00 1.22830469E+00 1.22851457E+00 1.22862081E+00 1.22861225E+00 1.22846347E+00 1.22815184E+00 1.22763971E+00 1.22690812E+00 1.22591885E+00 1.22465631E+00 1.22308777E+00 1.22116542E+00 1.21882448E+00 1.21605851E+00 1.21282917E+00 1.20908799E+00 1.20481033E+00 1.19994487E+00 1.19498377E+00 1.18945289E+00 1.18402932E+00 1.17811196E+00 1.17245329E+00 1.16636192E+00 1.16058738E+00 1.15443389E+00 1.14865205E+00 1.14256575E+00 1.13693070E+00 1.13103671E+00 1.12558717E+00 1.11991803E+00 1.11472403E+00 1.10935486E+00 1.10445322E+00 1.09940747E+00 1.09481677E+00 1.09010215E+00 1.08583119E+00 1.08146558E+00 1.07721647E+00 1.07287985E+00 1.06844332E+00 1.06390681E+00 1.05928235E+00 1.05456559E+00 1.04973945E+00 1.04480927E+00 1.03979377E+00 1.03467920E+00 1.02942006E+00 1.02403110E+00 1.01860963E+00 1.01310106E+00 1.00696757E+00 1.00000000E+00
1.22630101E+00 1.22628794E+00 1.22626397E+00 1.22625385E+00 1.22625180E+00 1.22625657E+00 1.22626744E+00 1.22628315E+00 1.22630291E+00 1.22632549E+00 1.22635021E+00 1.22637618E+00 1.22640340E+00 1.22643154E+00 1.22646017E+00 1.22648911E+00 1.22651869E+00 1.22654903E+00 1.22658010E+00 1.22661232E+00 1.22664575E+00 1.22668042E+00 1.22671658E+00 1.22675473E+00 1.22679534E+00 1.22683892E+00 1.22688584E+00 1.22693703E+00 1.22699276E+00 1.22705325E+00 1.22711887E+00 1.22719092E+00 1.22727059E+00 1.22735870E+00 1.22745521E+00 1.22756130E+00 1.22767807E+00 1.22780674E+00 1.22794797E+00 1.22810345E+00 1.22827400E+00 1.22846023E+00 1.22866268E+00 1.22888334E+00 1.22912403E+00 1.22938613E+00 1.22966966E+00 1.22997630E+00 1.23030718E+00 1.23066297E+00 1.23104295E+00 1.23144714E+00 1.23187750E+00 1.23233607E+00 1.23282015E+00 1.23332611E+00 1.23385360E+00 1.23440053E+00 1.23496664E+00 1.23554918E+00 1.23614272E+00 1.23673908E+00 1.23733515E+00 1.23792496E+00 1.23850011E+00 1.23904524E+00 1.23955261E+00 1.24000544E+00 1.24039413E+00 1.24069986E+00 1.24090609E+00 1.24098867E+00 1.24093542E+00 1.24071960E+00 1.24031706E+00 1.23968740E+00 1.23881107E+00 1.23764812E+00 1.23618189E+00 1.23437942E+00 1.23219284E+00 1.22955558E+00 1.22646106E+00 1.22287157E+00 1.21873905E+00 1.21404250E+00 1.20872784E+00 1.20333526E+00 1.19735125E+00 1.19150912E+00 1.18515552E+00 1.17909805E+00 1.17259695E+00 1.16645076E+00 1.15991899E+00 1.15380000E+00 1.14737123E+00 1.14142810E+00 1.13522360E+00 1.12949933E+00 1.12355417E+00 1.11811491E+00 1.11250033E+00 1.10738255E+00 1.10212116E+00 1.09734085E+00 1.09243747E+00 1.08799997E+00 1.08346885E+00 1.07906347E+00 1.07457202E+00 1.06998296E+00 1.06529580E+00 1.06052187E+00 1.05565797E+00 1.05068866E+00 1.04561834E+00 1.04046495E+00 1.03521732E+00 1.02983210E+00 1.02432099E+00 1.01878256E+00 1.01317299E+00 1.00698035E+00 1.00000000E+00
1.13183990E+00 1.13184093E+00 1.13184525E+00 1.13184841E+00 1.13184950E+00 1.13184830E+00 1.13184612E+00 1.13184427E+00 1.13184303E+00 1.13184245E+00 1.13184217E+00 1.13184189E+00 1.13184160E+00 1.13184135E+00 1.13184122E+00 1.13184128E+00 1.13184150E+00 1.13184186E+00 1.13184236E+00 1.13184301E+00 1.13184381E+00 1.13184478E+00 1.13184595E+00 1.13184731E+00 1.13184890E+00 1.13185072E+00 1.13185280E+00 1.13185517E+00 1.13185784E+00 1.13186084E+00 1.13186421E+00 1.13186796E+00 1.13187213E+00 1.13187675E+00 1.13188183E+00 1.13188740E+00 1.13189349E+00 1.13190011E+00 1.13190725E+00 1.13191494E+00 1.13192314E+00 1.13193183E+00 1.13194099E+00 1.13195053E+00 1.13196038E+00 1.13197039E+00 1.13198043E+00 1.13199026E+00 1.13199967E+00 1.13200828E+00 1.13201581E+00 1.13202165E+00 1.13202532E+00 1.13202604E+00 1.13202317E+00 1.13201554E+00 1.13200229E+00 1.13198179E+00 1.13195281E+00 1.13191318E+00 1.13186133E+00 1.13179425E+00 1.13170986E+00 1.13160450E+00 1.13147546E+00 1.13131771E+00 1.13112800E+00 1.13089992E+00 1.13062898E+00 1.13030733E+00 1.12992971E+00 1.12948646E+00 1.12897104E+00 1.12837120E+00 1.12767948E+00 1.12688133E+00 1.12596795E+00 1.12492120E+00 1.12372939E+00 1.12237465E+00 1.12084446E+00 1.11911339E+00 1.11716749E+00 1.11498276E+00 1.11254257E+00 1.10984120E+00 1.10684199E+00 1.10383908E+00 1.10055499E+00 1.09739216E+00 1.09397716E+00 1.09073510E+00 1.08727898E+00 1.08403654E+00 1.08060500E+00 1.07739716E+00 1.07404063E+00 1.07094928E+00 1.06772982E+00 1.06476988E+00 1.06170708E+00 1.05891354E+00 1.05603702E+00 1.05342080E+00 1.05073923E+00 1.04831100E+00 1.04582867E+00 1.04359077E+00 1.04131140E+00 1.03910089E+00 1.03685164E+00 1.03455959E+00 1.03223107E+00 1.02987446E+00 1.02747833E+00 1.02503540E+00 1.02256181E+00 1.02007467E+00 1.01753992E+00 1.01492617E+00 1.01229400E+00 1.00976644E+00 1.00722519E+00 1.00403453E+00 1.00000000E+00
1.16733045E+00 1.16733907E+00 1.16734619E+00 1.16735218E+00 1.16735710E+00 1.16736112E+00 1.16736434E+00 1.16736696E+00 1.16736906E+00 1.16737080E+00 1.16737223E+00 1.16737344E+00 1.16737448E+00 1.16737543E+00 1.16737633E+00 1.16737723E+00 1.16737816E+00 1.16737919E+00 1.16738033E+00 1.16738164E+00 1.16738314E+00 1.16738491E+00 1.16738695E+00 1.16738934E+00 1.16739213E+00 1.16739536E+00 1.16739910E+00 1.16740344E+00 1.16740842E+00 1.16741415E+00 1.16742069E+00 1.16742818E+00 1.16743668E+00 1.16744633E+00 1.16745722E+00 1.16746950E+00 1.16748328E+00 1.16749871E+00 1.16751589E+00 1.16753505E+00 1.16755626E+00 1.16757969E+00 1.16760546E+00 1.16763373E+00 1.16766458E+00 1.16769814E+00 1.16773443E+00 1.16777351E+00 1.16781539E+00 1.16786000E+00 1.16790718E+00 1.16795656E+00 1.16800795E+00 1.16806108E+00 1.16811532E+00 1.16816952E+00 1.16822296E+00 1.16827403E+00 1.16832165E+00 1.16836360E+00 1.16839815E+00 1.16842180E+00 1.16843240E+00 1.16842621E+00 1.16839960E+00 1.16834599E+00 1.16826140E+00 1.16813740E+00 1.16796841E+00 1.16774429E+00 1.16745757E+00 1.16709564E+00 1.16665031E+00 1.16610498E+00 1.16544877E+00 1.16466104E+00 1.16372934E+00 1.16262890E+00 1.16134630E+00 1.15985799E+00 1.15814101E+00 1.15615858E+00 1.15389693E+00 1.15132435E+00 1.14841312E+00 1.14515113E+00 1.14149440E+00 1.13780437E+00 1.13373377E+00 1.12978149E+00 1.12549402E+00 1.12140800E+00 1.11702697E+00 1.11289337E+00 1.10850079E+00 1.10437987E+00 1.10005339E+00 1.09605498E+00 1.09187692E+00 1.08801939E+00 1.08401327E+00 1.08034806E+00 1.07656220E+00 1.07310747E+00 1.06955489E+00 1.06632647E+00 1.06301478E+00 1.06001887E+00 1.05695822E+00 1.05397980E+00 1.05094122E+00 1.04783540E+00 1.04466489E+00 1.04143833E+00 1.03814862E+00 1.03478412E+00 1.03135357E+00 1.02787332E+00 1.02432296E+00 1.02066490E+00 1.01693474E+00 1.01325338E+00 1.00954371E+00 1.00519638E+00 1.00000000E+00
1.19055187E+00 1.19056183E+00 1.19057016E+00 1.19057738E+00 1.19058353E+00 1.19058882E+00 1.19059338E+00 1.19059735E+00 1.19060084E+00 1.19060398E+00 1.19060683E+00 1.19060949E+00 1.19061205E+00 1.19061459E+00 1.19061716E+00 1.19061985E+00 1.19062273E+00 1.19062589E+00 1.19062939E+00 1.19063336E+00 1.19063784E+00 1.19064294E+00 1.19064873E+00 1.19065537E+00 1.19066295E+00 1.19067163E+00 1.19068151E+00 1.19069282E+00 1.19070568E+00 1.19072028E+00 1.19073675E+00 1.19075539E+00 1.19077643E+00 1.19080016E+00 1.19082670E+00 1.19085643E+00 1.19088957E+00 1.19092650E+00 1.19096745E+00 1.19101288E+00 1.19106305E+00 1.19111826E+00 1.19117871E+00 1.19124479E+00 1.19131688E+00 1.19139531E+00 1.19148008E+00 1.19157149E+00 1.19166970E+00 1.19177469E+00 1.19188615E+00 1.19200363E+00 1.19212718E+00 1.19225673E+00 1.19239107E+00 1.19252835E+00 1.19266767E+00 1.19280674E+00 1.19294431E+00 1.19307744E+00 1.19320339E+00 1.19331725E+00 1.19341612E+00 1.19349494E+00 1.19354852E+00 1.19356762E+00 1.19354690E+00 1.19347499E+00 1.19334485E+00 1.19314339E+00 1.19286053E+00 1.19248001E+00 1.19199184E+00 1.19137598E+00 1.19061829E+00 1.18969305E+00 1.18858569E+00 1.18726715E+00 1.18572230E+00 1.18392457E+00 1.18184590E+00 1.17944331E+00 1.17670410E+00 1.17359445E+00 1.17008257E+00 1.16615843E+00 1.16177280E+00 1.15736422E+00 1.15251707E+00 1.14782625E+00 1.14275321E+00 1.13793472E+00 1.13278299E+00 1.12793364E+00 1.12279753E+00 1.11799816E+00 1.11296873E+00 1.10832767E+00 1.10349049E+00 1.09903639E+00 1.09441920E+00 1.09020186E+00 1.08585428E+00 1.08189562E+00 1.07783163E+00 1.07414487E+00 1.07036852E+00 1.06695604E+00 1.06347502E+00 1.06009301E+00 1.05664821E+00 1.05313371E+00 1.04955028E+00 1.04590635E+00 1.04219802E+00 1.03841465E+00 1.03456165E+00 1.03065497E+00 1.02668134E+00 1.02260459E+00 1.01845210E+00 1.01434667E+00 1.01022989E+00 1.00551908E+00 1.00000000E+00
1.20598522E+00 1.20599525E+00 1.20600273E+00 1.20601059E+00 1.20601816E+00 1.20602562E+00 1.20603306E+00 1.20604053E+00 1.20604806E+00 1.20605569E+00 1.20606344E+00 1.20607134E+00 1.20607949E+00 1.20608797E+00 1.20609681E+00 1.20610610E+00 1.20611599E+00 1.20612661E+00 1.20613802E+00 1.20615046E+00 1.20616399E+00 1.20617877E+00 1.20619493E+00 1.20621271E+00 1.20623230E+00 1.20625395E+00 1.20627784E+00 1.20630433E+00 1.20633361E+00 1.20636594E+00 1.20640150E+00 1.20644075E+00 1.20648410E+00 1.20653197E+00 1.20658445E+00 1.20664204E+00 1.20670512E+00 1.20677420E+00 1.20684953E+00 1.20693171E+00 1.20702108E+00 1.20711791E+00 1.20722236E+00 1.20733488E+00 1.20745597E+00 1.20758597E+00 1.20772466E+00 1.20787228E+00 1.20802894E+00 1.20819431E+00 1.20836772E+00 1.20854827E+00 1.20873590E+00 1.20893026E+00 1.20912946E+00 1.20933053E+00 1.20953220E+00 1.20973120E+00 1.20992579E+00 1.21011203E+00 1.21028605E+00 1.21044126E+00 1.21057385E+00 1.21067723E+00 1.21074506E+00 1.21076570E+00 1.21073278E+00 1.21063273E+00 1.21045727E+00 1.21019129E+00 1.20982303E+00 1.20933374E+00 1.20871232E+00 1.20793716E+00 1.20699243E+00 1.20584963E+00 1.20449360E+00 1.20289351E+00 1.20103325E+00 1.19888599E+00 1.19642270E+00 1.19359809E+00 1.19040024E+00 1.18679617E+00 1.18275386E+00 1.17826810E+00 1.17328608E+00 1.16830913E+00 1.16286792E+00 1.15763029E+00 1.15199044E+00 1.14665634E+00 1.14097628E+00 1.13564859E+00 1.13002626E+00 1.12479343E+00 1.11932418E+00 1.11428857E+00 1.10905430E+00 1.10424825E+00 1.09927718E+00 1.09474555E+00 1.09008352E+00 1.08584768E+00 1.08150682E+00 1.07757606E+00 1.07355631E+00 1.06992883E+00 1.06623394E+00 1.06264968E+00 1.05900418E+00 1.05529114E+00 1.05151065E+00 1.04767075E+00 1.04376917E+00 1.03979651E+00 1.03575670E+00 1.03166527E+00 1.02751264E+00 1.02326465E+00 1.01894510E+00 1.01467763E+00 1.01041386E+00 1.00559214E+00 1.00000000E+00
1.21705842E+00 1.21706656E+00 1.21706978E+00 1.21707674E+00 1.21708530E+00 1.21709564E+00 1.21710778E+00 1.21712155E+00 1.21713676E+00 1.21715318E+00 1.21717070E+00 1.21718916E+00 1.21720861E+00 1.21722905E+00 1.21725041E+00 1.21727276E+00 1.21729626E+00 1.21732106E+00 1.21734720E+00 1.21737497E+00 1.21740447E+00 1.21743584E+00 1.21746927E+00 1.21750507E+00 1.21754349E+00 1.21758487E+00 1.21762942E+00 1.21767760E+00 1.21772965E+00 1.21778584E+00 1.21784635E+00 1.21791176E+00 1.21798261E+00 1.21805936E+00 1.21814203E+00 1.21823117E+00 1.21832720E+00 1.21843066E+00 1.21854178E+00 1.21866111E+00 1.21878900E+00 1.21892552E+00 1.21907074E+00 1.21922498E+00 1.21938875E+00 1.21956217E+00 1.21974474E+00 1.21993648E+00 1.22013727E+00 1.22034635E+00 1.22056263E+00 1.22078453E+00 1.22101173E+00 1.22124347E+00 1.22147725E+00 1.22170892E+00 1.22193688E+00 1.22215691E+00 1.22236670E+00 1.22256146E+00 1.22273637E+00 1.22288334E+00 1.22299787E+00 1.22307214E+00 1.22309910E+00 1.22306537E+00 1.22296398E+00 1.22277997E+00 1.22250424E+00 1.22212055E+00 1.22161631E+00 1.22097128E+00 1.22017386E+00 1.21920201E+00 1.21803927E+00 1.21665597E+00 1.21503708E+00 1.21315134E+00 1.21098227E+00 1.20850387E+00 1.20568791E+00 1.20248880E+00 1.19889512E+00 1.19487553E+00 1.19039919E+00 1.18546607E+00 1.18002073E+00 1.17461269E+00 1.16873148E+00 1.16309842E+00 1.15705700E+00 1.15136467E+00 1.14532496E+00 1.13967827E+00 1.13373752E+00 1.12822623E+00 1.12247958E+00 1.11719935E+00 1.11172302E+00 1.10670643E+00 1.10152733E+00 1.09681403E+00 1.09197322E+00 1.08758249E+00 1.08308944E+00 1.07902688E+00 1.07487793E+00 1.07113816E+00 1.06733339E+00 1.06364701E+00 1.05990186E+00 1.05609226E+00 1.05221803E+00 1.04828682E+00 1.04429724E+00 1.04024098E+00 1.03612118E+00 1.03195297E+00 1.02772899E+00 1.02341679E+00 1.01903830E+00 1.01471739E+00 1.01041177E+00 1.00557580E+00 1.00000000E+00
1.22547377E+00 1.22547796E+00 1.22547353E+00 1.22547773E+00 1.22548632E+00 1.22549957E+00 1.22551744E+00 1.22553936E+00 1.22556484E+00 1.22559322E+00 1.22562418E+00 1.22565720E+00 1.22569226E+00 1.22572914E+00 1.22576767E+00 1.22580776E+00 1.22584959E+00 1.22589323E+00 1.22593867E+00 1.22598623E+00 1.22603600E+00 1.22608806E+00 1.22614263E+00 1.22620004E+00 1.22626058E+00 1.22632464E+00 1.22639244E+00 1.22646447E+00 1.22654099E+00 1.22662223E+00 1.22670837E+00 1.22680001E+00 1.22689776E+00 1.22700208E+00 1.22711289E+00 1.22723070E+00 1.22735591E+00 1.22748905E+00 1.22763024E+00 1.22777987E+00 1.22793826E+00 1.22810526E+00 1.22828077E+00 1.22846488E+00 1.22865802E+00 1.22886004E+00 1.22907019E+00 1.22928811E+00 1.22951347E+00 1.22974506E+00 1.22998137E+00 1.23022013E+00 1.23046072E+00 1.23070197E+00 1.23094091E+00 1.23117238E+00 1.23139448E+00 1.23160222E+00 1.23179278E+00 1.23196074E+00 1.23210057E+00 1.23220305E+00 1.23226317E+00 1.23227227E+00 1.23222290E+00 1.23210054E+00 1.23189792E+00 1.23159935E+00 1.23119518E+00 1.23066870E+00 1.23000700E+00 1.22918910E+00 1.22820324E+00 1.22702754E+00 1.22564552E+00 1.22402724E+00 1.22215815E+00 1.22000724E+00 1.21755795E+00 1.21478556E+00 1.21166319E+00 1.20814595E+00 1.20422273E+00 1.19986398E+00 1.19504042E+00 1.18975681E+00 1.18395572E+00 1.17822312E+00 1.17201713E+00 1.16609820E+00 1.15977178E+00 1.15382975E+00 1.14754408E+00 1.14168350E+00 1.13553313E+00 1.12984214E+00 1.12391988E+00 1.11848764E+00 1.11286376E+00 1.10772158E+00 1.10242095E+00 1.09760370E+00 1.09266273E+00 1.08818721E+00 1.08361269E+00 1.07948131E+00 1.07526660E+00 1.07147110E+00 1.06761320E+00 1.06387885E+00 1.06008827E+00 1.05623631E+00 1.05232268E+00 1.04835465E+00 1.04433141E+00 1.04024546E+00 1.03609953E+00 1.03190838E+00 1.02766607E+00 1.02334155E+00 1.01895562E+00 1.01463209E+00 1.01033263E+00 1.00552403E+00 1.00000000E+00
1.13243718E+00 1.13244327E+00 1.13245119E+00 1.13245521E+00 1.13245550E+00 1.13245330E+00 1.13245067E+00 1.13244930E+00 1.13244891E+00 1.13244899E+00 1.13244906E+00 1.13244886E+00 1.13244860E+00 1.13244847E+00 1.13244852E+00 1.13244875E+00 1.13244912E+00 1.13244959E+00 1.13245019E+00 1.13245093E+00 1.13245184E+00 1.13245292E+00 1.13245418E+00 1.13245564E+00 1.13245732E+00 1.13245924E+00 1.13246141E+00 1.13246387E+00 1.13246664E+00 1.13246973E+00 1.13247318E+00 1.13247701E+00 1.13248124E+00 1.13248590E+00 1.13249101E+00 1.13249659E+00 1.13250265E+00 1.13250919E+00 1.13251622E+00 1.13252372E+00 1.13253167E+00 1.13254002E+00 1.13254873E+00 1.13255769E+00 1.13256681E+00 1.13257592E+00 1.13258485E+00 1.13259334E+00 1.13260113E+00 1.13260780E+00 1.13261303E+00 1.13261614E+00 1.13261661E+00 1.13261360E+00 1.13260640E+00 1.13259372E+00 1.13257465E+00 1.13254743E+00 1.13251078E+00 1.13246238E+00 1.13240058E+00 1.13232224E+00 1.13222521E+00 1.13210560E+00 1.13196058E+00 1.13178498E+00 1.13157537E+00 1.13132522E+00 1.13103000E+00 1.13068175E+00 1.13027504E+00 1.12980002E+00 1.12925000E+00 1.12861295E+00 1.12788123E+00 1.12704023E+00 1.12608107E+00 1.12498610E+00 1.12374393E+00 1.12233658E+00 1.12075153E+00 1.11896463E+00 1.11696226E+00 1.11472061E+00 1.11222329E+00 1.10946640E+00 1.10641326E+00 1.10336527E+00 1.10003914E+00 1.09684339E+00 1.09339955E+00 1.09013648E+00 1.08666188E+00 1.08340404E+00 1.07996285E+00 1.07675672E+00 1.07340416E+00 1.07031447E+00 1.06709969E+00 1.06414852E+00 1.06109630E+00 1.05831302E+00 1.05544850E+00 1.05284524E+00 1.05017746E+00 1.04776295E+00 1.04529528E+00 1.04306985E+00 1.04080326E+00 1.03860528E+00 1.03636948E+00 1.03409353E+00 1.03178042E+00 1.02943511E+00 1.02705140E+00 1.02462551E+00 1.02216556E+00 1.01968378E+00 1.01716070E+00 1.01457133E+00 1.01195228E+00 1.00942279E+00 1.00692497E+00 1.00386088E+00 1.00000000E+00
1.15890641E+00 1.15891355E+00 1.15891881E+00 1.15892291E+00 1.15892613E+00 1.15892875E+00 1.15893080E+00 1.15893241E+00 1.15893366E+00 1.15893469E+00 1.15893556E+00 1.15893636E+00 1.15893711E+00 1.15893786E+00 1.15893865E+00 1.15893953E+00 1.15894052E+00 1.15894166E+00 1.15894298E+00 1.15894451E+00 1.15894629E+00 1.15894837E+00 1.15895077E+00 1.15895355E+00 1.15895675E+00 1.15896042E+00 1.15896461E+00 1.15896940E+00 1.15897483E+00 1.15898099E+00 1.15898793E+00 1.15899575E+00 1.15900452E+00 1.15901433E+00 1.15902525E+00 1.15903739E+00 1.15905082E+00 1.15906565E+00 1.15908192E+00 1.15909977E+00 1.15911923E+00 1.15914036E+00 1.15916320E+00 1.15918777E+00 1.15921405E+00 1.15924201E+00 1.15927154E+00 1.15930249E+00 1.15933471E+00 1.15936785E+00 1.15940160E+00 1.15943529E+00 1.15946847E+00 1.15950042E+00 1.15953030E+00 1.15955659E+00 1.15957831E+00 1.15959340E+00 1.15960040E+00 1.15959662E+00 1.15958003E+00 1.15954675E+00 1.15949419E+00 1.15941783E+00 1.15931394E+00 1.15917576E+00 1.15899910E+00 1.15877548E+00 1.15849922E+00 1.15816027E+00 1.15775147E+00 1.15726035E+00 1.15667863E+00 1.15599098E+00 1.15518747E+00 1.15424921E+00 1.15316492E+00 1.15191243E+00 1.15047844E+00 1.14884128E+00 1.14698293E+00 1.14487269E+00 1.14249627E+00 1.13982514E+00 1.13683717E+00 1.13352749E+00 1.12985306E+00 1.12617925E+00 1.12216190E+00 1.11829482E+00 1.11412537E+00 1.11017418E+00 1.10596141E+00 1.10200697E+00 1.09782839E+00 1.09393398E+00 1.08985968E+00 1.08610275E+00 1.08219212E+00 1.07859879E+00 1.07487959E+00 1.07148634E+00 1.06799197E+00 1.06481406E+00 1.06155515E+00 1.05860306E+00 1.05558331E+00 1.05285748E+00 1.05007933E+00 1.04738270E+00 1.04463836E+00 1.04184288E+00 1.03899731E+00 1.03610679E+00 1.03316801E+00 1.03017555E+00 1.02713375E+00 1.02405459E+00 1.02092730E+00 1.01772612E+00 1.01447496E+00 1.01129210E+00 1.00815084E+00 1.00447086E+00 1.00000000E+00
1.17615191E+00 1.17616094E+00 1.17616838E+00 1.17617480E+00 1.17618027E+00 1.17618504E+00 1.17618922E+00 1.17619298E+00 1.17619642E+00 1.17619967E+00 1.17620278E+00 1.17620587E+00 1.17620898E+00 1.17621221E+00 1.17621560E+00 1.17621924E+00 1.17622318E+00 1.17622749E+00 1.17623223E+00 1.17623748E+00 1.17624331E+00 1.17624978E+00 1.17625697E+00 1.17626497E+00 1.17627386E+00 1.17628376E+00 1.17629473E+00 1.17630692E+00 1.17632041E+00 1.17633532E+00 1.17635175E+00 1.17636984E+00 1.17638973E+00 1.17641158E+00 1.17643544E+00 1.17646149E+00 1.17648982E+00 1.17652060E+00 1.17655390E+00 1.17658985E+00 1.17662854E+00 1.17666996E+00 1.17671413E+00 1.17676101E+00 1.17681060E+00 1.17686279E+00 1.17691732E+00 1.17697394E+00 1.17703239E+00 1.17709204E+00 1.17715233E+00 1.17721217E+00 1.17727097E+00 1.17732773E+00 1.17738107E+00 1.17742863E+00 1.17746911E+00 1.17749957E+00 1.17751813E+00 1.17752120E+00 1.17750595E+00 1.17746722E+00 1.17740169E+00 1.17730361E+00 1.17716825E+00 1.17698696E+00 1.17675471E+00 1.17646111E+00 1.17609948E+00 1.17565802E+00 1.17512819E+00 1.17449548E+00 1.17375059E+00 1.17287663E+00 1.17186224E+00 1.17068619E+00 1.16933653E+00 1.16778940E+00 1.16603072E+00 1.16403825E+00 1.16179257E+00 1.15926084E+00 1.15642969E+00 1.15327079E+00 1.14976130E+00 1.14590101E+00 1.14164308E+00 1.13741364E+00 1.13281509E+00 1.12841248E+00 1.12368818E+00 1.11923202E+00 1.11450059E+00 1.11007566E+00 1.10541781E+00 1.10109423E+00 1.09658341E+00 1.09243445E+00 1.08812824E+00 1.08418253E+00 1.08010773E+00 1.07639778E+00 1.07258551E+00 1.06912607E+00 1.06558492E+00 1.06238294E+00 1.05911281E+00 1.05616500E+00 1.05316520E+00 1.05025791E+00 1.04730365E+00 1.04429925E+00 1.04124495E+00 1.03814581E+00 1.03500028E+00 1.03180346E+00 1.02855809E+00 1.02527606E+00 1.02195061E+00 1.01855723E+00 1.01511567E+00 1.01174452E+00 1.00842830E+00 1.00459933E+00 1.00000000E+00
1.18735249E+00 1.18736110E+00 1.18736724E+00 1.18737350E+00 1.18737940E+00 1.18738528E+00 1.18739123E+00 1.18739738E+00 1.18740374E+00 1.18741035E+00 1.18741725E+00 1.18742445E+00 1.18743201E+00 1.18743998E+00 1.18744836E+00 1.18745723E+00 1.18746665E+00 1.18747668E+00 1.18748736E+00 1.18749881E+00 1.18751108E+00 1.18752422E+00 1.18753832E+00 1.18755349E+00 1.18756981E+00 1.18758741E+00 1.18760637E+00 1.18762682E+00 1.18764886E+00 1.18767258E+00 1.18769805E+00 1.18772541E+00 1.18775481E+00 1.18778640E+00 1.18782016E+00 1.18785621E+00 1.18789461E+00 1.18793549E+00 1.18797883E+00 1.18802465E+00 1.18807300E+00 1.18812368E+00 1.18817657E+00 1.18823142E+00 1.18828819E+00 1.18834653E+00 1.18840596E+00 1.18846593E+00 1.18852600E+00 1.18858518E+00 1.18864255E+00 1.18869654E+00 1.18874630E+00 1.18879044E+00 1.18882717E+00 1.18885330E+00 1.18886726E+00 1.18886539E+00 1.18884540E+00 1.18880307E+00 1.18873496E+00 1.18863499E+00 1.18849932E+00 1.18832142E+00 1.18809610E+00 1.18781357E+00 1.18746847E+00 1.18704953E+00 1.18654956E+00 1.18595612E+00 1.18526017E+00 1.18444641E+00 1.18350527E+00 1.18241970E+00 1.18117805E+00 1.17975848E+00 1.17814935E+00 1.17632675E+00 1.17427653E+00 1.17197730E+00 1.16941019E+00 1.16654240E+00 1.16336130E+00 1.15984005E+00 1.15595669E+00 1.15171557E+00 1.14706761E+00 1.14247888E+00 1.13751664E+00 1.13278968E+00 1.12773860E+00 1.12299301E+00 1.11797271E+00 1.11329289E+00 1.10838176E+00 1.10383741E+00 1.09910743E+00 1.09476606E+00 1.09027010E+00 1.08615955E+00 1.08192212E+00 1.07807043E+00 1.07411886E+00 1.07053881E+00 1.06687918E+00 1.06357454E+00 1.06020372E+00 1.05716833E+00 1.05408279E+00 1.05109571E+00 1.04806348E+00 1.04498330E+00 1.04185512E+00 1.03868376E+00 1.03546847E+00 1.03220490E+00 1.02889509E+00 1.02555068E+00 1.02216685E+00 1.01872009E+00 1.01522836E+00 1.01181003E+00 1.00845465E+00 1.00460384E+00 1.00000000E+00
1.19516620E+00 1.19517324E+00 1.19517529E+00 1.19517939E+00 1.19518396E+00 1.19518960E+00 1.19519644E+00 1.19520447E+00 1.19521353E+00 1.19522352E+00 1.19523434E+00 1.19524586E+00 1.19525807E+00 1.19527091E+00 1.19528431E+00 1.19529826E+00 1.19531280E+00 1.19532793E+00 1.19534365E+00 1.19536006E+00 1.19537718E+00 1.19539499E+00 1.19541359E+00 1.19543305E+00 1.19545344E+00 1.19547489E+00 1.19549742E+00 1.19552113E+00 1.19554612E+00 1.19557241E+00 1.19560001E+00 1.19562900E+00 1.19565954E+00 1.19569172E+00 1.19572542E+00 1.19576065E+00 1.19579745E+00 1.19583583E+00 1.19587568E+00 1.19591684E+00 1.19595933E+00 1.19600274E+00 1.19604679E+00 1.19609103E+00 1.19613532E+00 1.19617910E+00 1.19622168E+00 1.19626225E+00 1.19630020E+00 1.19633424E+00 1.19636319E+00 1.19638505E+00 1.19639873E+00 1.19640263E+00 1.19639467E+00 1.19637105E+00 1.19633009E+00 1.19626766E+00 1.19618117E+00 1.19606612E+00 1.19591869E+00 1.19573225E+00 1.19550275E+00 1.19522324E+00 1.19488842E+00 1.19448796E+00 1.19401646E+00 1.19346239E+00 1.19281837E+00 1.19207188E+00 1.19121390E+00 1.19022892E+00 1.18910744E+00 1.18783282E+00 1.18639355E+00 1.18476795E+00 1.18294488E+00 1.18090097E+00 1.17862220E+00 1.17608829E+00 1.17328136E+00 1.17016934E+00 1.16674006E+00 1.16296814E+00 1.15883272E+00 1.15434169E+00 1.14944455E+00 1.14463237E+00 1.13945003E+00 1.13453226E+00 1.12929384E+00 1.12438657E+00 1.11920930E+00 1.11439479E+00 1.10935333E+00 1.10469876E+00 1.09986239E+00 1.09543008E+00 1.09084701E+00 1.08666324E+00 1.08235581E+00 1.07844497E+00 1.07443714E+00 1.07081009E+00 1.06710584E+00 1.06376399E+00 1.06035811E+00 1.05729336E+00 1.05418026E+00 1.05116868E+00 1.04811366E+00 1.04501265E+00 1.04186550E+00 1.03867679E+00 1.03544618E+00 1.03216975E+00 1.02884918E+00 1.02549583E+00 1.02210601E+00 1.01865690E+00 1.01516553E+00 1.01174987E+00 1.00840208E+00 1.00457075E+00 1.00000000E+00
1.20091502E+00 1.20091834E+00 1.20091283E+00 1.20091169E+00 1.20091190E+00 1.20091448E+00 1.20091961E+00 1.20092708E+00 1.20093658E+00 1.20094770E+00 1.20096025E+00 1.20097384E+00 1.20098838E+00 1.20100363E+00 1.20101945E+00 1.20103566E+00 1.20105228E+00 1.20106922E+00 1.20108640E+00 1.20110388E+00 1.20112165E+00 1.20113960E+00 1.20115782E+00 1.20117631E+00 1.20119513E+00 1.20121437E+00 1.20123402E+00 1.20125412E+00 1.20127476E+00 1.20129587E+00 1.20131742E+00 1.20133941E+00 1.20136198E+00 1.20138518E+00 1.20140878E+00 1.20143272E+00 1.20145695E+00 1.20148142E+00 1.20150592E+00 1.20153014E+00 1.20155404E+00 1.20157704E+00 1.20159877E+00 1.20161857E+00 1.20163621E+00 1.20165100E+00 1.20166208E+00 1.20166844E+00 1.20166937E+00 1.20166332E+00 1.20164897E+00 1.20162402E+00 1.20158720E+00 1.20153676E+00 1.20147050E+00 1.20138424E+00 1.20127621E+00 1.20114208E+00 1.20097905E+00 1.20078251E+00 1.20054850E+00 1.20027007E+00 1.19994312E+00 1.19956054E+00 1.19911707E+00 1.19860220E+00 1.19801062E+00 1.19733087E+00 1.19655551E+00 1.19567222E+00 1.19467217E+00 1.19354000E+00 1.19226633E+00 1.19083512E+00 1.18923513E+00 1.18744514E+00 1.18545452E+00 1.18324056E+00 1.18078947E+00 1.17808193E+00 1.17510106E+00 1.17181569E+00 1.16821395E+00 1.16427162E+00 1.15996885E+00 1.15531611E+00 1.15026201E+00 1.14531298E+00 1.13999978E+00 1.13497223E+00 1.12962939E+00 1.12463494E+00 1.11937614E+00 1.11449446E+00 1.10939067E+00 1.10468598E+00 1.09980359E+00 1.09533395E+00 1.09071726E+00 1.08650735E+00 1.08217688E+00 1.07824829E+00 1.07422530E+00 1.07058728E+00 1.06687418E+00 1.06352646E+00 1.06011662E+00 1.05704984E+00 1.05393620E+00 1.05092559E+00 1.04787291E+00 1.04477586E+00 1.04163423E+00 1.03845240E+00 1.03523023E+00 1.03196416E+00 1.02865564E+00 1.02531581E+00 1.02194163E+00 1.01851086E+00 1.01503990E+00 1.01164634E+00 1.00832377E+00 1.00452620E+00 1.00000000E+00
1.13125984E+00 1.13126591E+00 1.13127528E+00 1.13128074E+00 1.13128193E+00 1.13127990E+00 1.13127718E+00 1.13127585E+00 1.13127566E+00 1.13127604E+00 1.13127638E+00 1.13127636E+00 1.13127622E+00 1.13127620E+00 1.13127637E+00 1.13127672E+00 1.13127719E+00 1.13127775E+00 1.13127843E+00 1.13127925E+00 1.13128022E+00 1.13128137E+00 1.13128269E+00 1.13128421E+00 1.13128593E+00 1.13128789E+00 1.13129010E+00 1.13129259E+00 1.13129536E+00 1.13129846E+00 1.13130189E+00 1.13130568E+00 1.13130985E+00 1.13131442E+00 1.13131939E+00 1.13132480E+00 1.13133062E+00 1.13133687E+00 1.13134353E+00 1.13135058E+00 1.13135797E+00 1.13136565E+00 1.13137354E+00 1.13138153E+00 1.13138949E+00 1.13139723E+00 1.13140455E+00 1.13141114E+00 1.13141674E+00 1.13142085E+00 1.13142311E+00 1.13142280E+00 1.13141936E+00 1.13141187E+00 1.13139957E+00 1.13138107E+00 1.13135539E+00 1.13132072E+00 1.13127568E+00 1.13121789E+00 1.13114559E+00 1.13105559E+00 1.13094563E+00 1.13081171E+00 1.13065089E+00 1.13045796E+00 1.13022937E+00 1.12995857E+00 1.12964103E+00 1.12926878E+00 1.12883632E+00 1.12833382E+00 1.12775460E+00 1.12708694E+00 1.12632308E+00 1.12544874E+00 1.12445506E+00 1.12332508E+00 1.12204795E+00 1.12060589E+00 1.11898641E+00 1.11716690E+00 1.11513424E+00 1.11286513E+00 1.11034375E+00 1.10756813E+00 1.10450194E+00 1.10144949E+00 1.09812488E+00 1.09493757E+00 1.09150911E+00 1.08826619E+00 1.08481730E+00 1.08158650E+00 1.07817920E+00 1.07501278E+00 1.07170342E+00 1.06865287E+00 1.06548187E+00 1.06257463E+00 1.05956945E+00 1.05683002E+00 1.05401190E+00 1.05145282E+00 1.04883099E+00 1.04645930E+00 1.04403663E+00 1.04185153E+00 1.03962669E+00 1.03746980E+00 1.03527673E+00 1.03304646E+00 1.03077983E+00 1.02847928E+00 1.02614297E+00 1.02376960E+00 1.02136169E+00 1.01892686E+00 1.01645888E+00 1.01394312E+00 1.01139282E+00 1.00890845E+00 1.00651520E+00 1.00365070E+00 1.00000000E+00
1.14166757E+00 1.14167311E+00 1.14167722E+00 1.14167995E+00 1.14168175E+00 1.14168314E+00 1.14168424E+00 1.14168518E+00 1.14168592E+00 1.14168652E+00 1.14168703E+00 1.14168753E+00 1.14168804E+00 1.14168861E+00 1.14168924E+00 1.14168997E+00 1.14169080E+00 1.14169178E+00 1.14169292E+00 1.14169424E+00 1.14169576E+00 1.14169751E+00 1.14169951E+00 1.14170179E+00 1.14170438E+00 1.14170732E+00 1.14171062E+00 1.14171434E+00 1.14171850E+00 1.14172314E+00 1.14172830E+00 1.14173402E+00 1.14174033E+00 1.14174728E+00 1.14175488E+00 1.14176318E+00 1.14177219E+00 1.14178194E+00 1.14179243E+00 1.14180366E+00 1.14181561E+00 1.14182822E+00 1.14184146E+00 1.14185520E+00 1.14186934E+00 1.14188368E+00 1.14189803E+00 1.14191208E+00 1.14192556E+00 1.14193794E+00 1.14194882E+00 1.14195741E+00 1.14196313E+00 1.14196499E+00 1.14196214E+00 1.14195300E+00 1.14193652E+00 1.14191062E+00 1.14187382E+00 1.14182343E+00 1.14175750E+00 1.14167241E+00 1.14156568E+00 1.14143287E+00 1.14127068E+00 1.14107315E+00 1.14083641E+00 1.14055305E+00 1.14021806E+00 1.13982260E+00 1.13936050E+00 1.13882091E+00 1.13819647E+00 1.13747431E+00 1.13664587E+00 1.13569536E+00 1.13461317E+00 1.13338082E+00 1.13198673E+00 1.13041198E+00 1.12864254E+00 1.12665382E+00 1.12443248E+00 1.12195385E+00 1.11920060E+00 1.11617155E+00 1.11282777E+00 1.10950219E+00 1.10588258E+00 1.10241483E+00 1.09868814E+00 1.09516665E+00 1.09142352E+00 1.08791916E+00 1.08422613E+00 1.08079643E+00 1.07721394E+00 1.07391334E+00 1.07048426E+00 1.06734143E+00 1.06409380E+00 1.06113454E+00 1.05809128E+00 1.05532853E+00 1.05249879E+00 1.04993951E+00 1.04732560E+00 1.04496834E+00 1.04256864E+00 1.04024243E+00 1.03787777E+00 1.03547345E+00 1.03302976E+00 1.03054922E+00 1.02803098E+00 1.02547343E+00 1.02287805E+00 1.02025241E+00 1.01759317E+00 1.01488623E+00 1.01214101E+00 1.00945667E+00 1.00687132E+00 1.00382829E+00 1.00000000E+00
1.14837206E+00 1.14837820E+00 1.14838295E+00 1.14838681E+00 1.14838982E+00 1.14839224E+00 1.14839419E+00 1.14839584E+00 1.14839727E+00 1.14839855E+00 1.14839973E+00 1.14840088E+00 1.14840203E+00 1.14840323E+00 1.14840449E+00 1.14840586E+00 1.14840736E+00 1.14840902E+00 1.14841086E+00 1.14841291E+00 1.14841520E+00 1.14841775E+00 1.14842058E+00 1.14842373E+00 1.14842721E+00 1.14843108E+00 1.14843535E+00 1.14844005E+00 1.14844522E+00 1.14845089E+00 1.14845707E+00 1.14846380E+00 1.14847111E+00 1.14847902E+00 1.14848753E+00 1.14849667E+00 1.14850641E+00 1.14851676E+00 1.14852769E+00 1.14853913E+00 1.14855107E+00 1.14856336E+00 1.14857590E+00 1.14858849E+00 1.14860098E+00 1.14861308E+00 1.14862450E+00 1.14863482E+00 1.14864366E+00 1.14865036E+00 1.14865437E+00 1.14865469E+00 1.14865061E+00 1.14864101E+00 1.14862479E+00 1.14860007E+00 1.14856564E+00 1.14851910E+00 1.14845876E+00 1.14838163E+00 1.14828548E+00 1.14816629E+00 1.14802131E+00 1.14784572E+00 1.14763596E+00 1.14738549E+00 1.14709026E+00 1.14674238E+00 1.14633653E+00 1.14586348E+00 1.14531676E+00 1.14468505E+00 1.14396079E+00 1.14313086E+00 1.14218647E+00 1.14111138E+00 1.13989600E+00 1.13852166E+00 1.13697671E+00 1.13524241E+00 1.13330470E+00 1.13113881E+00 1.12873181E+00 1.12605951E+00 1.12310476E+00 1.11986864E+00 1.11631089E+00 1.11278633E+00 1.10896319E+00 1.10531197E+00 1.10139881E+00 1.09771065E+00 1.09379934E+00 1.09014502E+00 1.08630148E+00 1.08273896E+00 1.07902325E+00 1.07560460E+00 1.07205791E+00 1.06881157E+00 1.06546067E+00 1.06241045E+00 1.05927683E+00 1.05643484E+00 1.05352640E+00 1.05089808E+00 1.04821561E+00 1.04579806E+00 1.04333865E+00 1.04095613E+00 1.03853578E+00 1.03607649E+00 1.03357833E+00 1.03104377E+00 1.02847249E+00 1.02586300E+00 1.02321635E+00 1.02053999E+00 1.01783190E+00 1.01507834E+00 1.01228742E+00 1.00955792E+00 1.00693204E+00 1.00385630E+00 1.00000000E+00
1.15261518E+00 1.15262134E+00 1.15262483E+00 1.15262754E+00 1.15262929E+00 1.15263048E+00 1.15263124E+00 1.15263173E+00 1.15263198E+00 1.15263206E+00 1.15263201E+00 1.15263186E+00 1.15263162E+00 1.15263132E+00 1.15263098E+00 1.15263060E+00 1.15263019E+00 1.15262978E+00 1.15262936E+00 1.15262896E+00 1.15262859E+00 1.15262823E+00 1.15262793E+00 1.15262767E+00 1.15262749E+00 1.15262739E+00 1.15262738E+00 1.15262747E+00 1.15262768E+00 1.15262800E+00 1.15262843E+00 1.15262896E+00 1.15262961E+00 1.15263037E+00 1.15263120E+00 1.15263207E+00 1.15263293E+00 1.15263375E+00 1.15263444E+00 1.15263488E+00 1.15263500E+00 1.15263459E+00 1.15263350E+00 1.15263141E+00 1.15262816E+00 1.15262335E+00 1.15261663E+00 1.15260745E+00 1.15259540E+00 1.15257967E+00 1.15255964E+00 1.15253415E+00 1.15250240E+00 1.15246317E+00 1.15241529E+00 1.15235663E+00 1.15228596E+00 1.15220069E+00 1.15209904E+00 1.15197790E+00 1.15183492E+00 1.15166590E+00 1.15146800E+00 1.15123627E+00 1.15096709E+00 1.15065375E+00 1.15029219E+00 1.14987441E+00 1.14939505E+00 1.14884485E+00 1.14821736E+00 1.14750120E+00 1.14668885E+00 1.14576735E+00 1.14472797E+00 1.14355455E+00 1.14223770E+00 1.14075899E+00 1.13910684E+00 1.13726299E+00 1.13521369E+00 1.13293446E+00 1.13041262E+00 1.12762460E+00 1.12455364E+00 1.12120236E+00 1.11752982E+00 1.11390225E+00 1.10997745E+00 1.10623783E+00 1.10223769E+00 1.09847422E+00 1.09448946E+00 1.09077176E+00 1.08686653E+00 1.08325141E+00 1.07948452E+00 1.07602182E+00 1.07243258E+00 1.06915003E+00 1.06576410E+00 1.06268392E+00 1.05952143E+00 1.05665495E+00 1.05372288E+00 1.05107450E+00 1.04837274E+00 1.04593871E+00 1.04346349E+00 1.04106654E+00 1.03863240E+00 1.03616003E+00 1.03364944E+00 1.03110298E+00 1.02852059E+00 1.02590089E+00 1.02324471E+00 1.02055943E+00 1.01784358E+00 1.01508369E+00 1.01228727E+00 1.00955283E+00 1.00692419E+00 1.00385025E+00 1.00000000E+00
1.15545020E+00 1.15545528E+00 1.15545556E+00 1.15545512E+00 1.15545329E+00 1.15545079E+00 1.15544780E+00 1.15544450E+00 1.15544089E+00 1.15543701E+00 1.15543287E+00 1.15542846E+00 1.15542377E+00 1.15541879E+00 1.15541352E+00 1.15540792E+00 1.15540201E+00 1.15539577E+00 1.15538918E+00 1.15538226E+00 1.15537501E+00 1.15536737E+00 1.15535939E+00 1.15535102E+00 1.15534229E+00 1.15533320E+00 1.15532373E+00 1.15531386E+00 1.15530362E+00 1.15529295E+00 1.15528184E+00 1.15527025E+00 1.15525817E+00 1.15524560E+00 1.15523245E+00 1.15521865E+00 1.15520415E+00 1.15518886E+00 1.15517268E+00 1.15515542E+00 1.15513702E+00 1.15511719E+00 1.15509576E+00 1.15507236E+00 1.15504677E+00 1.15501858E+00 1.15498738E+00 1.15495257E+00 1.15491369E+00 1.15486990E+00 1.15482050E+00 1.15476427E+00 1.15470037E+00 1.15462754E+00 1.15454457E+00 1.15444924E+00 1.15434031E+00 1.15421515E+00 1.15407192E+00 1.15390751E+00 1.15371953E+00 1.15350371E+00 1.15325724E+00 1.15297512E+00 1.15265380E+00 1.15228652E+00 1.15186928E+00 1.15139414E+00 1.15085576E+00 1.15024497E+00 1.14955541E+00 1.14877581E+00 1.14789869E+00 1.14691137E+00 1.14580521E+00 1.14456424E+00 1.14317928E+00 1.14163217E+00 1.13991143E+00 1.13799916E+00 1.13588196E+00 1.13353565E+00 1.13094771E+00 1.12809500E+00 1.12496109E+00 1.12154954E+00 1.11781904E+00 1.11414140E+00 1.11016912E+00 1.10638997E+00 1.10235256E+00 1.09855822E+00 1.09454484E+00 1.09080372E+00 1.08687691E+00 1.08324461E+00 1.07946203E+00 1.07598671E+00 1.07238622E+00 1.06909500E+00 1.06570150E+00 1.06261555E+00 1.05944821E+00 1.05657829E+00 1.05364352E+00 1.05099341E+00 1.04829057E+00 1.04585607E+00 1.04338089E+00 1.04098449E+00 1.03855135E+00 1.03608052E+00 1.03357196E+00 1.03102797E+00 1.02844857E+00 1.02583248E+00 1.02318045E+00 1.02049973E+00 1.01778919E+00 1.01503551E+00 1.01224590E+00 1.00951863E+00 1.00689827E+00 1.00383554E+00 1.00000000E+00
1.15740034E+00 1.15740335E+00 1.15739878E+00 1.15739344E+00 1.15738611E+00 1.15737790E+00 1.15736909E+00 1.15735987E+00 1.15735021E+00 1.15734014E+00 1.15732963E+00 1.15731863E+00 1.15730712E+00 1.15729505E+00 1.15728238E+00 1.15726908E+00 1.15725512E+00 1.15724047E+00 1.15722510E+00 1.15720901E+00 1.15719219E+00 1.15717456E+00 1.15715618E+00 1.15713696E+00 1.15711694E+00 1.15709610E+00 1.15707441E+00 1.15705184E+00 1.15702841E+00 1.15700405E+00 1.15697873E+00 1.15695239E+00 1.15692502E+00 1.15689659E+00 1.15686702E+00 1.15683620E+00 1.15680406E+00 1.15677052E+00 1.15673544E+00 1.15669861E+00 1.15665996E+00 1.15661918E+00 1.15657606E+00 1.15653021E+00 1.15648140E+00 1.15642921E+00 1.15637319E+00 1.15631272E+00 1.15624733E+00 1.15617614E+00 1.15609848E+00 1.15601304E+00 1.15591898E+00 1.15581504E+00 1.15570003E+00 1.15557165E+00 1.15542871E+00 1.15526857E+00 1.15508936E+00 1.15488802E+00 1.15466216E+00 1.15440752E+00 1.15412130E+00 1.15379855E+00 1.15343577E+00 1.15302623E+00 1.15256600E+00 1.15204726E+00 1.15146468E+00 1.15080924E+00 1.15007467E+00 1.14924982E+00 1.14832730E+00 1.14729464E+00 1.14614331E+00 1.14485754E+00 1.14342831E+00 1.14183769E+00 1.14007429E+00 1.13812050E+00 1.13596316E+00 1.13357840E+00 1.13095375E+00 1.12806638E+00 1.12490011E+00 1.12145903E+00 1.11770168E+00 1.11400230E+00 1.11001090E+00 1.10621727E+00 1.10216757E+00 1.09836432E+00 1.09434405E+00 1.09059854E+00 1.08666896E+00 1.08303577E+00 1.07925361E+00 1.07577972E+00 1.07218178E+00 1.06889384E+00 1.06550454E+00 1.06242305E+00 1.05926087E+00 1.05639618E+00 1.05346720E+00 1.05082272E+00 1.04812602E+00 1.04569733E+00 1.04322834E+00 1.04083820E+00 1.03841167E+00 1.03594783E+00 1.03344665E+00 1.03091034E+00 1.02833900E+00 1.02573141E+00 1.02308825E+00 1.02041671E+00 1.01771584E+00 1.01497244E+00 1.01219351E+00 1.00947717E+00 1.00686832E+00 1.00381914E+00 1.00000000E+00
1.10916796E+00 1.10916870E+00 1.10916664E+00 1.10916384E+00 1.10916127E+00 1.10915987E+00 1.10915941E+00 1.10915948E+00 1.10915967E+00 1.10915960E+00 1.10915935E+00 1.10915907E+00 1.10915889E+00 1.10915888E+00 1.10915898E+00 1.10915914E+00 1.10915934E+00 1.10915960E+00 1.10915994E+00 1.10916038E+00 1.10916091E+00 1.10916155E+00 1.10916230E+00 1.10916320E+00 1.10916424E+00 1.10916544E+00 1.10916683E+00 1.10916844E+00 1.10917027E+00 1.10917236E+00 1.10917472E+00 1.10917741E+00 1.10918044E+00 1.10918383E+00 1.10918762E+00 1.10919187E+00 1.10919658E+00 1.10920179E+00 1.10920751E+00 1.10921382E+00 1.10922068E+00 1.10922811E+00 1.10923612E+00 1.10924474E+00 1.10925394E+00 1.10926365E+00 1.10927382E+00 1.10928436E+00 1.10929514E+00 1.10930596E+00 1.10931672E+00 1.10932713E+00 1.10933680E+00 1.10934521E+00 1.10935201E+00 1.10935646E+00 1.10935800E+00 1.10935563E+00 1.10934846E+00 1.10933493E+00 1.10931402E+00 1.10928343E+00 1.10924160E+00 1.10918587E+00 1.10911424E+00 1.10902285E+00 1.10890937E+00 1.10876900E+00 1.10859786E+00 1.10838895E+00 1.10813821E+00 1.10783835E+00 1.10748421E+00 1.10706460E+00 1.10657308E+00 1.10599753E+00 1.10533021E+00 1.10455457E+00 1.10366017E+00 1.10263159E+00 1.10145758E+00 1.10011301E+00 1.09858395E+00 1.09684723E+00 1.09488879E+00 1.09270117E+00 1.09025172E+00 1.08777494E+00 1.08504528E+00 1.08239672E+00 1.07951406E+00 1.07675184E+00 1.07379842E+00 1.07103364E+00 1.06809333E+00 1.06530903E+00 1.06238088E+00 1.05968930E+00 1.05688503E+00 1.05429964E+00 1.05161923E+00 1.04916945E+00 1.04664513E+00 1.04434912E+00 1.04199947E+00 1.03987322E+00 1.03769942E+00 1.03573991E+00 1.03374978E+00 1.03183025E+00 1.02988539E+00 1.02790197E+00 1.02589325E+00 1.02388684E+00 1.02186991E+00 1.01981710E+00 1.01775429E+00 1.01572090E+00 1.01367915E+00 1.01160709E+00 1.00958987E+00 1.00771000E+00 1.00586259E+00 1.00339848E+00 1.00000000E+00
1.11364521E+00 1.11365252E+00 1.11365852E+00 1.11366343E+00 1.11366741E+00 1.11367070E+00 1.11367340E+00 1.11367563E+00 1.11367746E+00 1.11367896E+00 1.11368019E+00 1.11368120E+00 1.11368203E+00 1.11368272E+00 1.11368328E+00 1.11368374E+00 1.11368413E+00 1.11368447E+00 1.11368478E+00 1.11368507E+00 1.11368536E+00 1.11368567E+00 1.11368602E+00 1.11368645E+00 1.11368697E+00 1.11368759E+00 1.11368835E+00 1.11368931E+00 1.11369049E+00 1.11369192E+00 1.11369365E+00 1.11369575E+00 1.11369829E+00 1.11370136E+00 1.11370500E+00 1.11370935E+00 1.11371447E+00 1.11372045E+00 1.11372740E+00 1.11373558E+00 1.11374508E+00 1.11375604E+00 1.11376857E+00 1.11378296E+00 1.11379943E+00 1.11381828E+00 1.11383960E+00 1.11386368E+00 1.11389083E+00 1.11392140E+00 1.11395545E+00 1.11399315E+00 1.11403506E+00 1.11408197E+00 1.11413384E+00 1.11419064E+00 1.11425238E+00 1.11431895E+00 1.11439079E+00 1.11446811E+00 1.11455029E+00 1.11463605E+00 1.11472585E+00 1.11482025E+00 1.11491776E+00 1.11501577E+00 1.11511327E+00 1.11520692E+00 1.11529417E+00 1.11536934E+00 1.11542869E+00 1.11546769E+00 1.11548424E+00 1.11546815E+00 1.11541079E+00 1.11529802E+00 1.11512018E+00 1.11485846E+00 1.11450951E+00 1.11406027E+00 1.11348210E+00 1.11273351E+00 1.11180874E+00 1.11068411E+00 1.10933158E+00 1.10772476E+00 1.10583508E+00 1.10383833E+00 1.10153950E+00 1.09921112E+00 1.09660653E+00 1.09406046E+00 1.09127697E+00 1.08860409E+00 1.08568885E+00 1.08286156E+00 1.07984837E+00 1.07705803E+00 1.07411326E+00 1.07134537E+00 1.06842731E+00 1.06572619E+00 1.06291473E+00 1.06033173E+00 1.05765628E+00 1.05519796E+00 1.05265058E+00 1.05033074E+00 1.04795171E+00 1.04563101E+00 1.04325098E+00 1.04078584E+00 1.03824570E+00 1.03566331E+00 1.03302393E+00 1.03028401E+00 1.02745990E+00 1.02459397E+00 1.02165941E+00 1.01861139E+00 1.01547739E+00 1.01227713E+00 1.00896100E+00 1.00498836E+00 1.00000000E+00
1.12021942E+00 1.12022856E+00 1.12023626E+00 1.12024369E+00 1.12025070E+00 1.12025722E+00 1.12026325E+00 1.12026877E+00 1.12027384E+00 1.12027851E+00 1.12028275E+00 1.12028654E+00 1.12028996E+00 1.12029309E+00 1.12029584E+00 1.12029819E+00 1.12030024E+00 1.12030209E+00 1.12030376E+00 1.12030531E+00 1.12030673E+00 1.12030799E+00 1.12030911E+00 1.12031021E+00 1.12031130E+00 1.12031239E+00 1.12031356E+00 1.12031500E+00 1.12031675E+00 1.12031874E+00 1.12032093E+00 1.12032350E+00 1.12032681E+00 1.12033105E+00 1.12033609E+00 1.12034210E+00 1.12034929E+00 1.12035786E+00 1.12036805E+00 1.12038043E+00 1.12039526E+00 1.12041258E+00 1.12043243E+00 1.12045539E+00 1.12048234E+00 1.12051401E+00 1.12055043E+00 1.12059232E+00 1.12064047E+00 1.12069566E+00 1.12075779E+00 1.12082759E+00 1.12090715E+00 1.12099889E+00 1.12110219E+00 1.12121696E+00 1.12134380E+00 1.12148325E+00 1.12163747E+00 1.12180855E+00 1.12199586E+00 1.12219908E+00 1.12242020E+00 1.12266189E+00 1.12292264E+00 1.12320037E+00 1.12349461E+00 1.12380228E+00 1.12412189E+00 1.12444865E+00 1.12477840E+00 1.12510732E+00 1.12543386E+00 1.12574691E+00 1.12603499E+00 1.12628091E+00 1.12647405E+00 1.12659287E+00 1.12663306E+00 1.12657746E+00 1.12638783E+00 1.12601209E+00 1.12544602E+00 1.12466291E+00 1.12362537E+00 1.12229353E+00 1.12063564E+00 1.11880356E+00 1.11661712E+00 1.11433382E+00 1.11172351E+00 1.10912803E+00 1.10624118E+00 1.10341864E+00 1.10030326E+00 1.09725922E+00 1.09398578E+00 1.09092399E+00 1.08766565E+00 1.08457832E+00 1.08130092E+00 1.07825059E+00 1.07505825E+00 1.07210856E+00 1.06903521E+00 1.06619719E+00 1.06324422E+00 1.06054371E+00 1.05776245E+00 1.05503661E+00 1.05222953E+00 1.04931458E+00 1.04629935E+00 1.04321363E+00 1.04004395E+00 1.03674781E+00 1.03333864E+00 1.02985748E+00 1.02628217E+00 1.02255960E+00 1.01869314E+00 1.01468425E+00 1.01052081E+00 1.00574760E+00 1.00000000E+00
1.12695861E+00 1.12695516E+00 1.12694900E+00 1.12694729E+00 1.12694869E+00 1.12695229E+00 1.12695745E+00 1.12696349E+00 1.12697027E+00 1.12697748E+00 1.12698477E+00 1.12699177E+00 1.12699859E+00 1.12700521E+00 1.12701132E+00 1.12701670E+00 1.12702162E+00 1.12702628E+00 1.12703064E+00 1.12703482E+00 1.12703870E+00 1.12704211E+00 1.12704516E+00 1.12704802E+00 1.12705080E+00 1.12705345E+00 1.12705616E+00 1.12705931E+00 1.12706286E+00 1.12706656E+00 1.12707034E+00 1.12707462E+00 1.12708007E+00 1.12708703E+00 1.12709511E+00 1.12710452E+00 1.12711569E+00 1.12712902E+00 1.12714483E+00 1.12716405E+00 1.12718694E+00 1.12721342E+00 1.12724355E+00 1.12727845E+00 1.12731956E+00 1.12736798E+00 1.12742374E+00 1.12748803E+00 1.12756204E+00 1.12764687E+00 1.12774252E+00 1.12785030E+00 1.12797331E+00 1.12811509E+00 1.12827463E+00 1.12845191E+00 1.12864820E+00 1.12886494E+00 1.12910552E+00 1.12937344E+00 1.12966800E+00 1.12998937E+00 1.13034031E+00 1.13072455E+00 1.13114064E+00 1.13158667E+00 1.13206218E+00 1.13256393E+00 1.13309065E+00 1.13363755E+00 1.13419979E+00 1.13477278E+00 1.13535396E+00 1.13593041E+00 1.13648846E+00 1.13700721E+00 1.13747456E+00 1.13786535E+00 1.13817198E+00 1.13837266E+00 1.13842438E+00 1.13826770E+00 1.13789661E+00 1.13728024E+00 1.13637458E+00 1.13512946E+00 1.13351027E+00 1.13166754E+00 1.12942080E+00 1.12703388E+00 1.12427159E+00 1.12149957E+00 1.11838993E+00 1.11532417E+00 1.11192667E+00 1.10860363E+00 1.10501583E+00 1.10164124E+00 1.09803861E+00 1.09461979E+00 1.09098497E+00 1.08759673E+00 1.08404434E+00 1.08075645E+00 1.07732543E+00 1.07415534E+00 1.07085535E+00 1.06783429E+00 1.06471931E+00 1.06166261E+00 1.05851231E+00 1.05524284E+00 1.05186014E+00 1.04839081E+00 1.04482250E+00 1.04111564E+00 1.03728232E+00 1.03336170E+00 1.02933342E+00 1.02513868E+00 1.02076604E+00 1.01620994E+00 1.01148703E+00 1.00620473E+00 1.00000000E+00
1.13318753E+00 1.13317733E+00 1.13315858E+00 1.13315190E+00 1.13315401E+00 1.13316271E+00 1.13317631E+00 1.13319288E+00 1.13321193E+00 1.13323240E+00 1.13325346E+00 1.13327415E+00 1.13329455E+00 1.13331444E+00 1.13333321E+00 1.13335048E+00 1.13336666E+00 1.13338203E+00 1.13339650E+00 1.13341021E+00 1.13342301E+00 1.13343457E+00 1.13344510E+00 1.13345493E+00 1.13346420E+00 1.13347298E+00 1.13348151E+00 1.13349039E+00 1.13349953E+00 1.13350849E+00 1.13351726E+00 1.13352661E+00 1.13353749E+00 1.13355028E+00 1.13356452E+00 1.13358046E+00 1.13359879E+00 1.13362013E+00 1.13364491E+00 1.13367428E+00 1.13370857E+00 1.13374762E+00 1.13379169E+00 1.13384250E+00 1.13390185E+00 1.13397115E+00 1.13405054E+00 1.13414175E+00 1.13424623E+00 1.13436544E+00 1.13449952E+00 1.13465026E+00 1.13482143E+00 1.13501735E+00 1.13523697E+00 1.13548036E+00 1.13574943E+00 1.13604652E+00 1.13637571E+00 1.13674149E+00 1.13714298E+00 1.13758042E+00 1.13805693E+00 1.13857687E+00 1.13913867E+00 1.13974008E+00 1.14038038E+00 1.14105583E+00 1.14176481E+00 1.14250194E+00 1.14326143E+00 1.14403701E+00 1.14482472E+00 1.14560971E+00 1.14637627E+00 1.14709959E+00 1.14776582E+00 1.14834618E+00 1.14882990E+00 1.14919141E+00 1.14938436E+00 1.14934334E+00 1.14906004E+00 1.14849943E+00 1.14761278E+00 1.14634280E+00 1.14465268E+00 1.14270350E+00 1.14030585E+00 1.13774195E+00 1.13476095E+00 1.13175974E+00 1.12838371E+00 1.12504695E+00 1.12134881E+00 1.11773786E+00 1.11383534E+00 1.11015604E+00 1.10622610E+00 1.10250011E+00 1.09854079E+00 1.09485040E+00 1.09098063E+00 1.08739897E+00 1.08366167E+00 1.08021115E+00 1.07662147E+00 1.07333533E+00 1.06994681E+00 1.06662142E+00 1.06319491E+00 1.05964300E+00 1.05597043E+00 1.05220109E+00 1.04832358E+00 1.04430111E+00 1.04014498E+00 1.03589244E+00 1.03152393E+00 1.02697646E+00 1.02222861E+00 1.01727284E+00 1.01214870E+00 1.00651104E+00 1.00000000E+00
1.13890549E+00 1.13888540E+00 1.13884781E+00 1.13883265E+00 1.13883418E+00 1.13884876E+00 1.13887316E+00 1.13890384E+00 1.13893970E+00 1.13897853E+00 1.13901894E+00 1.13905910E+00 1.13909897E+00 1.13913798E+00 1.13917523E+00 1.13921007E+00 1.13924305E+00 1.13927441E+00 1.13930400E+00 1.13933200E+00 1.13935820E+00 1.13938218E+00 1.13940422E+00 1.13942480E+00 1.13944416E+00 1.13946246E+00 1.13948007E+00 1.13949775E+00 1.13951537E+00 1.13953239E+00 1.13954893E+00 1.13956610E+00 1.13958504E+00 1.13960624E+00 1.13962917E+00 1.13965428E+00 1.13968244E+00 1.13971452E+00 1.13975103E+00 1.13979332E+00 1.13984183E+00 1.13989645E+00 1.13995763E+00 1.14002768E+00 1.14010868E+00 1.14020226E+00 1.14030879E+00 1.14043051E+00 1.14056909E+00 1.14072629E+00 1.14090241E+00 1.14109963E+00 1.14132215E+00 1.14157498E+00 1.14185707E+00 1.14216863E+00 1.14251206E+00 1.14289045E+00 1.14330826E+00 1.14377054E+00 1.14427623E+00 1.14482527E+00 1.14542100E+00 1.14606806E+00 1.14676456E+00 1.14750749E+00 1.14829576E+00 1.14912487E+00 1.14999258E+00 1.15089258E+00 1.15181795E+00 1.15276031E+00 1.15371430E+00 1.15466326E+00 1.15558954E+00 1.15646450E+00 1.15727261E+00 1.15798169E+00 1.15857834E+00 1.15903387E+00 1.15929924E+00 1.15930401E+00 1.15903776E+00 1.15846186E+00 1.15752430E+00 1.15616328E+00 1.15434018E+00 1.15223290E+00 1.14963856E+00 1.14686425E+00 1.14363792E+00 1.14039036E+00 1.13673841E+00 1.13313044E+00 1.12913838E+00 1.12525097E+00 1.12105178E+00 1.11709018E+00 1.11286143E+00 1.10885916E+00 1.10461156E+00 1.10065543E+00 1.09650916E+00 1.09267404E+00 1.08867487E+00 1.08498664E+00 1.08115319E+00 1.07764544E+00 1.07402963E+00 1.07048238E+00 1.06682915E+00 1.06304693E+00 1.05913954E+00 1.05512865E+00 1.05100363E+00 1.04673015E+00 1.04231893E+00 1.03780548E+00 1.03317064E+00 1.02834836E+00 1.02331026E+00 1.01804933E+00 1.01262392E+00 1.00672627E+00 1.00000000E+00
1.11826463E+00 1.11826515E+00 1.11826254E+00 1.11825948E+00 1.11825716E+00 1.11825621E+00 1.11825595E+00 1.11825576E+00 1.11825547E+00 1.11825504E+00 1.11825465E+00 1.11825439E+00 1.11825428E+00 1.11825427E+00 1.11825435E+00 1.11825450E+00 1.11825474E+00 1.11825506E+00 1.11825549E+00 1.11825602E+00 1.11825667E+00 1.11825745E+00 1.11825837E+00 1.11825945E+00 1.11826070E+00 1.11826215E+00 1.11826380E+00 1.11826570E+00 1.11826786E+00 1.11827030E+00 1.11827305E+00 1.11827615E+00 1.11827962E+00 1.11828350E+00 1.11828780E+00 1.11829259E+00 1.11829786E+00 1.11830365E+00 1.11830997E+00 1.11831687E+00 1.11832432E+00 1.11833233E+00 1.11834090E+00 1.11835002E+00 1.11835962E+00 1.11836964E+00 1.11837998E+00 1.11839049E+00 1.11840103E+00 1.11841135E+00 1.11842126E+00 1.11843033E+00 1.11843815E+00 1.11844414E+00 1.11844784E+00 1.11844834E+00 1.11844497E+00 1.11843646E+00 1.11842181E+00 1.11839923E+00 1.11836747E+00 1.11832398E+00 1.11826701E+00 1.11819352E+00 1.11810123E+00 1.11798584E+00 1.11784460E+00 1.11767194E+00 1.11746383E+00 1.11721315E+00 1.11691532E+00 1.11656192E+00 1.11614712E+00 1.11565939E+00 1.11509196E+00 1.11443165E+00 1.11367031E+00 1.11279075E+00 1.11178181E+00 1.11062685E+00 1.10931410E+00 1.10781845E+00 1.10612621E+00 1.10421424E+00 1.10206704E+00 1.09967715E+00 1.09701010E+00 1.09432464E+00 1.09137502E+00 1.08852270E+00 1.08543107E+00 1.08248435E+00 1.07933651E+00 1.07638114E+00 1.07324616E+00 1.07030166E+00 1.06721426E+00 1.06437298E+00 1.06141386E+00 1.05869032E+00 1.05586941E+00 1.05329427E+00 1.05064381E+00 1.04823499E+00 1.04576919E+00 1.04353789E+00 1.04125701E+00 1.03920132E+00 1.03711112E+00 1.03508905E+00 1.03303685E+00 1.03094663E+00 1.02882495E+00 1.02668662E+00 1.02452265E+00 1.02231857E+00 1.02009221E+00 1.01787179E+00 1.01562677E+00 1.01331692E+00 1.01099929E+00 1.00879008E+00 1.00657826E+00 1.00372084E+00 1.00000000E+00
1.13695029E+00 1.13695794E+00 1.13696402E+00 1.13696885E+00 1.13697267E+00 1.13697576E+00 1.13697822E+00 1.13698019E+00 1.13698174E+00 1.13698298E+00 1.13698395E+00 1.13698474E+00 1.13698538E+00 1.13698592E+00 1.13698638E+00 1.13698679E+00 1.13698719E+00 1.13698760E+00 1.13698803E+00 1.13698852E+00 1.13698909E+00 1.13698977E+00 1.13699058E+00 1.13699156E+00 1.13699275E+00 1.13699417E+00 1.13699588E+00 1.13699793E+00 1.13700037E+00 1.13700326E+00 1.13700666E+00 1.13701067E+00 1.13701538E+00 1.13702087E+00 1.13702722E+00 1.13703460E+00 1.13704309E+00 1.13705284E+00 1.13706396E+00 1.13707670E+00 1.13709116E+00 1.13710754E+00 1.13712599E+00 1.13714679E+00 1.13717011E+00 1.13719622E+00 1.13722522E+00 1.13725742E+00 1.13729301E+00 1.13733224E+00 1.13737520E+00 1.13742199E+00 1.13747280E+00 1.13752798E+00 1.13758739E+00 1.13765071E+00 1.13771780E+00 1.13778817E+00 1.13786153E+00 1.13793713E+00 1.13801412E+00 1.13809065E+00 1.13816590E+00 1.13823843E+00 1.13830596E+00 1.13836439E+00 1.13841136E+00 1.13844125E+00 1.13845029E+00 1.13843125E+00 1.13837874E+00 1.13828400E+00 1.13814116E+00 1.13793656E+00 1.13766116E+00 1.13729805E+00 1.13683648E+00 1.13625436E+00 1.13554049E+00 1.13467456E+00 1.13363407E+00 1.13238236E+00 1.13090714E+00 1.12917924E+00 1.12717143E+00 1.12486275E+00 1.12221537E+00 1.11948559E+00 1.11642008E+00 1.11339228E+00 1.11006046E+00 1.10684419E+00 1.10335924E+00 1.10003799E+00 1.09647119E+00 1.09308497E+00 1.08950231E+00 1.08617626E+00 1.08268001E+00 1.07942629E+00 1.07602329E+00 1.07289102E+00 1.06964123E+00 1.06666254E+00 1.06358686E+00 1.06077760E+00 1.05788135E+00 1.05524989E+00 1.05255286E+00 1.04992037E+00 1.04722609E+00 1.04445775E+00 1.04161762E+00 1.03871904E+00 1.03575510E+00 1.03270540E+00 1.02957915E+00 1.02640021E+00 1.02314752E+00 1.01976989E+00 1.01629275E+00 1.01281405E+00 1.00926220E+00 1.00506218E+00 1.00000000E+00
1.15236064E+00 1.15236966E+00 1.15237708E+00 1.15238366E+00 1.15238937E+00 1.15239434E+00 1.15239866E+00 1.15240243E+00 1.15240572E+00 1.15240862E+00 1.15241115E+00 1.15241337E+00 1.15241532E+00 1.15241709E+00 1.15241866E+00 1.15242008E+00 1.15242141E+00 1.15242271E+00 1.15242401E+00 1.15242539E+00 1.15242685E+00 1.15242846E+00 1.15243026E+00 1.15243235E+00 1.15243479E+00 1.15243766E+00 1.15244105E+00 1.15244512E+00 1.15244997E+00 1.15245569E+00 1.15246236E+00 1.15247025E+00 1.15247958E+00 1.15249060E+00 1.15250338E+00 1.15251825E+00 1.15253546E+00 1.15255538E+00 1.15257827E+00 1.15260467E+00 1.15263490E+00 1.15266934E+00 1.15270829E+00 1.15275240E+00 1.15280231E+00 1.15285872E+00 1.15292189E+00 1.15299262E+00 1.15307153E+00 1.15315938E+00 1.15325634E+00 1.15336305E+00 1.15348048E+00 1.15360995E+00 1.15375113E+00 1.15390388E+00 1.15406848E+00 1.15424486E+00 1.15443342E+00 1.15463398E+00 1.15484549E+00 1.15506606E+00 1.15529516E+00 1.15553161E+00 1.15577237E+00 1.15601226E+00 1.15624832E+00 1.15647341E+00 1.15668313E+00 1.15686859E+00 1.15702239E+00 1.15713315E+00 1.15719347E+00 1.15718645E+00 1.15709984E+00 1.15691163E+00 1.15660844E+00 1.15616289E+00 1.15556091E+00 1.15477740E+00 1.15378323E+00 1.15253279E+00 1.15101271E+00 1.14918864E+00 1.14702635E+00 1.14449790E+00 1.14156083E+00 1.13850386E+00 1.13504350E+00 1.13160168E+00 1.12779456E+00 1.12410565E+00 1.12009325E+00 1.11625376E+00 1.11212405E+00 1.10820451E+00 1.10404825E+00 1.10017773E+00 1.09610444E+00 1.09231259E+00 1.08834394E+00 1.08468815E+00 1.08089257E+00 1.07741247E+00 1.07381659E+00 1.07053171E+00 1.06714497E+00 1.06406652E+00 1.06091054E+00 1.05782959E+00 1.05467600E+00 1.05143813E+00 1.04811666E+00 1.04472307E+00 1.04125266E+00 1.03768722E+00 1.03403278E+00 1.03031034E+00 1.02650432E+00 1.02256518E+00 1.01850892E+00 1.01443319E+00 1.01028800E+00 1.00554587E+00 1.00000000E+00
1.16417364E+00 1.16418224E+00 1.16418786E+00 1.16419468E+00 1.16420177E+00 1.16420901E+00 1.16421634E+00 1.16422367E+00 1.16423094E+00 1.16423806E+00 1.16424496E+00 1.16425156E+00 1.16425794E+00 1.16426411E+00 1.16427000E+00 1.16427565E+00 1.16428118E+00 1.16428668E+00 1.16429218E+00 1.16429782E+00 1.16430364E+00 1.16430967E+00 1.16431603E+00 1.16432290E+00 1.16433044E+00 1.16433879E+00 1.16434811E+00 1.16435874E+00 1.16437081E+00 1.16438446E+00 1.16439985E+00 1.16441746E+00 1.16443776E+00 1.16446116E+00 1.16448771E+00 1.16451798E+00 1.16455244E+00 1.16459173E+00 1.16463623E+00 1.16468684E+00 1.16474408E+00 1.16480850E+00 1.16488055E+00 1.16496134E+00 1.16505190E+00 1.16515329E+00 1.16526586E+00 1.16539089E+00 1.16552930E+00 1.16568211E+00 1.16584956E+00 1.16603258E+00 1.16623258E+00 1.16645138E+00 1.16668841E+00 1.16694333E+00 1.16721657E+00 1.16750805E+00 1.16781829E+00 1.16814707E+00 1.16849270E+00 1.16885244E+00 1.16922541E+00 1.16960968E+00 1.17000127E+00 1.17039311E+00 1.17078131E+00 1.17115660E+00 1.17151335E+00 1.17184050E+00 1.17212860E+00 1.17236302E+00 1.17253451E+00 1.17262329E+00 1.17261449E+00 1.17248147E+00 1.17220884E+00 1.17176490E+00 1.17113295E+00 1.17028475E+00 1.16918802E+00 1.16779124E+00 1.16607988E+00 1.16401700E+00 1.16156547E+00 1.15869591E+00 1.15536243E+00 1.15189771E+00 1.14798160E+00 1.14409333E+00 1.13979865E+00 1.13564511E+00 1.13113561E+00 1.12682725E+00 1.12220401E+00 1.11783029E+00 1.11319891E+00 1.10888880E+00 1.10436036E+00 1.10015463E+00 1.09576047E+00 1.09171856E+00 1.08752773E+00 1.08369115E+00 1.07973177E+00 1.07612034E+00 1.07240229E+00 1.06902639E+00 1.06556926E+00 1.06219821E+00 1.05875151E+00 1.05521863E+00 1.05159959E+00 1.04790465E+00 1.04413040E+00 1.04026092E+00 1.03630084E+00 1.03226939E+00 1.02815433E+00 1.02390910E+00 1.01954560E+00 1.01516267E+00 1.01072412E+00 1.00573673E+00 1.00000000E+00
1.17365721E+00 1.17365109E+00 1.17363993E+00 1.17363534E+00 1.17363451E+00 1.17363679E+00 1.17364180E+00 1.17364891E+00 1.17365775E+00 1.17366773E+00 1.17367853E+00 1.17368973E+00 1.17370135E+00 1.17371323E+00 1.17372517E+00 1.17373710E+00 1.17374918E+00 1.17376151E+00 1.17377408E+00 1.17378708E+00 1.17380056E+00 1.17381455E+00 1.17382923E+00 1.17384489E+00 1.17386176E+00 1.17388013E+00 1.17390019E+00 1.17392249E+00 1.17394720E+00 1.17397454E+00 1.17400474E+00 1.17403856E+00 1.17407667E+00 1.17411965E+00 1.17416758E+00 1.17422124E+00 1.17428132E+00 1.17434870E+00 1.17442389E+00 1.17450805E+00 1.17460186E+00 1.17470602E+00 1.17482110E+00 1.17494857E+00 1.17508970E+00 1.17524577E+00 1.17541718E+00 1.17560550E+00 1.17581175E+00 1.17603704E+00 1.17628155E+00 1.17654616E+00 1.17683239E+00 1.17714225E+00 1.17747484E+00 1.17782926E+00 1.17820586E+00 1.17860418E+00 1.17902449E+00 1.17946607E+00 1.17992642E+00 1.18040151E+00 1.18088980E+00 1.18138823E+00 1.18189180E+00 1.18239141E+00 1.18288216E+00 1.18335273E+00 1.18379615E+00 1.18419929E+00 1.18455100E+00 1.18483367E+00 1.18503648E+00 1.18513758E+00 1.18512018E+00 1.18495421E+00 1.18462293E+00 1.18409179E+00 1.18334231E+00 1.18234471E+00 1.18106553E+00 1.17945005E+00 1.17748300E+00 1.17512675E+00 1.17234349E+00 1.16910561E+00 1.16536453E+00 1.16149747E+00 1.15714774E+00 1.15284920E+00 1.14811886E+00 1.14356031E+00 1.13862775E+00 1.13392973E+00 1.12890409E+00 1.12416670E+00 1.11916171E+00 1.11451177E+00 1.10963682E+00 1.10512099E+00 1.10041266E+00 1.09608954E+00 1.09161454E+00 1.08752494E+00 1.08331068E+00 1.07947312E+00 1.07552833E+00 1.07195114E+00 1.06829236E+00 1.06472916E+00 1.06109033E+00 1.05736640E+00 1.05355710E+00 1.04967187E+00 1.04570811E+00 1.04165181E+00 1.03750690E+00 1.03329144E+00 1.02899546E+00 1.02457525E+00 1.02004061E+00 1.01549158E+00 1.01090146E+00 1.00580273E+00 1.00000000E+00
1.18129890E+00 1.18128693E+00 1.18126486E+00 1.18125522E+00 1.18125291E+00 1.18125693E+00 1.18126657E+00 1.18128067E+00 1.18129847E+00 1.18131878E+00 1.18134102E+00 1.18136439E+00 1.18138878E+00 1.18141386E+00 1.18143929E+00 1.18146488E+00 1.18149084E+00 1.18151723E+00 1.18154403E+00 1.18157152E+00 1.18159973E+00 1.18162873E+00 1.18165875E+00 1.18169022E+00 1.18172346E+00 1.18175889E+00 1.18179681E+00 1.18183790E+00 1.18188245E+00 1.18193072E+00 1.18198306E+00 1.18204046E+00 1.18210377E+00 1.18217375E+00 1.18225050E+00 1.18233499E+00 1.18242807E+00 1.18253085E+00 1.18264389E+00 1.18276853E+00 1.18290558E+00 1.18305584E+00 1.18321992E+00 1.18339952E+00 1.18359600E+00 1.18381077E+00 1.18404418E+00 1.18429790E+00 1.18457297E+00 1.18487036E+00 1.18519011E+00 1.18553281E+00 1.18589989E+00 1.18629329E+00 1.18671174E+00 1.18715358E+00 1.18761895E+00 1.18810679E+00 1.18861691E+00 1.18914790E+00 1.18969644E+00 1.19025705E+00 1.19082750E+00 1.19140351E+00 1.19197911E+00 1.19254335E+00 1.19309045E+00 1.19360727E+00 1.19408570E+00 1.19451089E+00 1.19487039E+00 1.19514416E+00 1.19532028E+00 1.19537549E+00 1.19529180E+00 1.19503676E+00 1.19459291E+00 1.19392402E+00 1.19301052E+00 1.19182213E+00 1.19032537E+00 1.18846406E+00 1.18622256E+00 1.18356354E+00 1.18044966E+00 1.17685645E+00 1.17273323E+00 1.16849829E+00 1.16376105E+00 1.15910403E+00 1.15400023E+00 1.14910043E+00 1.14381730E+00 1.13880178E+00 1.13345291E+00 1.12842738E+00 1.12313044E+00 1.11821844E+00 1.11307953E+00 1.10833044E+00 1.10338862E+00 1.09885890E+00 1.09417740E+00 1.08990596E+00 1.08551047E+00 1.08151388E+00 1.07741134E+00 1.07369554E+00 1.06989930E+00 1.06620643E+00 1.06243928E+00 1.05858924E+00 1.05465598E+00 1.05064829E+00 1.04656418E+00 1.04239113E+00 1.03813272E+00 1.03380622E+00 1.02940325E+00 1.02488257E+00 1.02025282E+00 1.01561497E+00 1.01094921E+00 1.00580796E+00 1.00000000E+00
1.12464289E+00 1.12464426E+00 1.12464170E+00 1.12463815E+00 1.12463533E+00 1.12463429E+00 1.12463421E+00 1.12463421E+00 1.12463401E+00 1.12463354E+00 1.12463308E+00 1.12463282E+00 1.12463274E+00 1.12463279E+00 1.12463293E+00 1.12463314E+00 1.12463344E+00 1.12463384E+00 1.12463437E+00 1.12463501E+00 1.12463579E+00 1.12463671E+00 1.12463778E+00 1.12463903E+00 1.12464047E+00 1.12464213E+00 1.12464401E+00 1.12464616E+00 1.12464858E+00 1.12465131E+00 1.12465437E+00 1.12465780E+00 1.12466162E+00 1.12466586E+00 1.12467054E+00 1.12467570E+00 1.12468136E+00 1.12468752E+00 1.12469421E+00 1.12470144E+00 1.12470920E+00 1.12471747E+00 1.12472622E+00 1.12473542E+00 1.12474499E+00 1.12475481E+00 1.12476476E+00 1.12477466E+00 1.12478432E+00 1.12479340E+00 1.12480167E+00 1.12480859E+00 1.12481373E+00 1.12481638E+00 1.12481598E+00 1.12481147E+00 1.12480207E+00 1.12478631E+00 1.12476305E+00 1.12473029E+00 1.12468661E+00 1.12462922E+00 1.12455618E+00 1.12446410E+00 1.12435046E+00 1.12421054E+00 1.12404131E+00 1.12383675E+00 1.12359262E+00 1.12330149E+00 1.12295839E+00 1.12255415E+00 1.12208253E+00 1.12153182E+00 1.12089490E+00 1.12015781E+00 1.11931209E+00 1.11834033E+00 1.11723115E+00 1.11596721E+00 1.11453645E+00 1.11291434E+00 1.11108719E+00 1.10903158E+00 1.10673142E+00 1.10418063E+00 1.10134384E+00 1.09849897E+00 1.09538425E+00 1.09238186E+00 1.08913686E+00 1.08605327E+00 1.08276371E+00 1.07967570E+00 1.07640796E+00 1.07335360E+00 1.07015547E+00 1.06720914E+00 1.06414211E+00 1.06132339E+00 1.05840585E+00 1.05574364E+00 1.05300414E+00 1.05051450E+00 1.04796454E+00 1.04565673E+00 1.04329722E+00 1.04116926E+00 1.03900335E+00 1.03690461E+00 1.03477205E+00 1.03260067E+00 1.03039350E+00 1.02815917E+00 1.02589228E+00 1.02358414E+00 1.02124475E+00 1.01889305E+00 1.01650886E+00 1.01405506E+00 1.01157141E+00 1.00918482E+00 1.00680583E+00 1.00381009E+00 1.00000000E+00
1.14674282E+00 1.14675533E+00 1.14676491E+00 1.14677249E+00 1.14677870E+00 1.14678402E+00 1.14678840E+00 1.14679194E+00 1.14679469E+00 1.14679688E+00 1.14679862E+00 1.14680005E+00 1.14680122E+00 1.14680222E+00 1.14680309E+00 1.14680390E+00 1.14680467E+00 1.14680548E+00 1.14680634E+00 1.14680730E+00 1.14680839E+00 1.14680966E+00 1.14681113E+00 1.14681287E+00 1.14681491E+00 1.14681730E+00 1.14682008E+00 1.14682335E+00 1.14682713E+00 1.14683153E+00 1.14683659E+00 1.14684244E+00 1.14684915E+00 1.14685683E+00 1.14686557E+00 1.14687552E+00 1.14688678E+00 1.14689949E+00 1.14691377E+00 1.14692982E+00 1.14694775E+00 1.14696773E+00 1.14698989E+00 1.14701443E+00 1.14704146E+00 1.14707114E+00 1.14710355E+00 1.14713884E+00 1.14717706E+00 1.14721826E+00 1.14726241E+00 1.14730931E+00 1.14735888E+00 1.14741102E+00 1.14746533E+00 1.14752103E+00 1.14757763E+00 1.14763395E+00 1.14768916E+00 1.14774159E+00 1.14778993E+00 1.14783138E+00 1.14786421E+00 1.14788541E+00 1.14789200E+00 1.14787855E+00 1.14784177E+00 1.14777452E+00 1.14767193E+00 1.14752530E+00 1.14732826E+00 1.14706978E+00 1.14674238E+00 1.14633126E+00 1.14582708E+00 1.14521157E+00 1.14447362E+00 1.14359065E+00 1.14254922E+00 1.14132774E+00 1.13990731E+00 1.13825452E+00 1.13635450E+00 1.13417757E+00 1.13169969E+00 1.12890743E+00 1.12575972E+00 1.12256676E+00 1.11903340E+00 1.11559230E+00 1.11184502E+00 1.10826145E+00 1.10441098E+00 1.10076966E+00 1.09689472E+00 1.09325533E+00 1.08942597E+00 1.08588013E+00 1.08217202E+00 1.07874600E+00 1.07518284E+00 1.07191775E+00 1.06854363E+00 1.06546383E+00 1.06229550E+00 1.05941493E+00 1.05645761E+00 1.05377945E+00 1.05104262E+00 1.04837898E+00 1.04566147E+00 1.04288337E+00 1.04004516E+00 1.03715429E+00 1.03420750E+00 1.03119403E+00 1.02811854E+00 1.02499706E+00 1.02181745E+00 1.01854090E+00 1.01519170E+00 1.01189195E+00 1.00858315E+00 1.00468618E+00 1.00000000E+00
1.16270990E+00 1.16271875E+00 1.16272604E+00 1.16273230E+00 1.16273759E+00 1.16274212E+00 1.16274600E+00 1.16274937E+00 1.16275232E+00 1.16275497E+00 1.16275735E+00 1.16275957E+00 1.16276168E+00 1.16276377E+00 1.16276585E+00 1.16276801E+00 1.16277030E+00 1.16277279E+00 1.16277554E+00 1.16277864E+00 1.16278213E+00 1.16278609E+00 1.16279060E+00 1.16279578E+00 1.16280170E+00 1.16280851E+00 1.16281628E+00 1.16282522E+00 1.16283542E+00 1.16284707E+00 1.16286027E+00 1.16287529E+00 1.16289234E+00 1.16291166E+00 1.16293341E+00 1.16295789E+00 1.16298536E+00 1.16301615E+00 1.16305049E+00 1.16308881E+00 1.16313139E+00 1.16317857E+00 1.16323057E+00 1.16328784E+00 1.16335073E+00 1.16341965E+00 1.16349472E+00 1.16357636E+00 1.16366480E+00 1.16376023E+00 1.16386257E+00 1.16397170E+00 1.16408774E+00 1.16421088E+00 1.16434038E+00 1.16447508E+00 1.16461447E+00 1.16475697E+00 1.16490165E+00 1.16504644E+00 1.16518936E+00 1.16532668E+00 1.16545614E+00 1.16557379E+00 1.16567556E+00 1.16575410E+00 1.16580512E+00 1.16581924E+00 1.16579039E+00 1.16570761E+00 1.16556257E+00 1.16534128E+00 1.16503454E+00 1.16462475E+00 1.16410019E+00 1.16343851E+00 1.16262676E+00 1.16163854E+00 1.16045827E+00 1.15906167E+00 1.15742662E+00 1.15551450E+00 1.15330989E+00 1.15078080E+00 1.14790037E+00 1.14465557E+00 1.14100102E+00 1.13730125E+00 1.13321397E+00 1.12924081E+00 1.12492215E+00 1.12080142E+00 1.11638234E+00 1.11220996E+00 1.10778007E+00 1.10363231E+00 1.09927445E+00 1.09524322E+00 1.09103522E+00 1.08715564E+00 1.08312737E+00 1.07944162E+00 1.07563824E+00 1.07217228E+00 1.06861109E+00 1.06537804E+00 1.06206359E+00 1.05906540E+00 1.05600520E+00 1.05303058E+00 1.04999932E+00 1.04690553E+00 1.04374908E+00 1.04053668E+00 1.03726661E+00 1.03392970E+00 1.03052909E+00 1.02707975E+00 1.02357354E+00 1.01997480E+00 1.01630417E+00 1.01268421E+00 1.00906895E+00 1.00490719E+00 1.00000000E+00
1.17376045E+00 1.17376942E+00 1.17377588E+00 1.17378270E+00 1.17378927E+00 1.17379581E+00 1.17380237E+00 1.17380902E+00 1.17381577E+00 1.17382263E+00 1.17382962E+00 1.17383676E+00 1.17384410E+00 1.17385173E+00 1.17385964E+00 1.17386793E+00 1.17387669E+00 1.17388603E+00 1.17389601E+00 1.17390680E+00 1.17391847E+00 1.17393114E+00 1.17394494E+00 1.17396007E+00 1.17397668E+00 1.17399499E+00 1.17401515E+00 1.17403746E+00 1.17406210E+00 1.17408931E+00 1.17411926E+00 1.17415234E+00 1.17418890E+00 1.17422932E+00 1.17427373E+00 1.17432260E+00 1.17437624E+00 1.17443517E+00 1.17449964E+00 1.17457020E+00 1.17464721E+00 1.17473104E+00 1.17482193E+00 1.17492037E+00 1.17502682E+00 1.17514174E+00 1.17526512E+00 1.17539738E+00 1.17553873E+00 1.17568918E+00 1.17584843E+00 1.17601605E+00 1.17619206E+00 1.17637647E+00 1.17656807E+00 1.17676495E+00 1.17696632E+00 1.17716988E+00 1.17737424E+00 1.17757659E+00 1.17777416E+00 1.17796189E+00 1.17813684E+00 1.17829379E+00 1.17842779E+00 1.17852960E+00 1.17859413E+00 1.17861017E+00 1.17857055E+00 1.17846262E+00 1.17827679E+00 1.17799684E+00 1.17761251E+00 1.17710474E+00 1.17646054E+00 1.17565527E+00 1.17467534E+00 1.17349266E+00 1.17209060E+00 1.17044436E+00 1.16853132E+00 1.16631104E+00 1.16376819E+00 1.16087109E+00 1.15759295E+00 1.15392434E+00 1.14981714E+00 1.14568396E+00 1.14114167E+00 1.13674837E+00 1.13199321E+00 1.12747454E+00 1.12264699E+00 1.11810456E+00 1.11329783E+00 1.10881378E+00 1.10411488E+00 1.09977763E+00 1.09526126E+00 1.09110843E+00 1.08680592E+00 1.08287713E+00 1.07883046E+00 1.07514990E+00 1.07137430E+00 1.06795249E+00 1.06445026E+00 1.06128665E+00 1.05806201E+00 1.05493192E+00 1.05174632E+00 1.04850015E+00 1.04519312E+00 1.04183144E+00 1.03841412E+00 1.03493337E+00 1.03139172E+00 1.02780349E+00 1.02416262E+00 1.02043597E+00 1.01664279E+00 1.01290565E+00 1.00918490E+00 1.00494816E+00 1.00000000E+00
1.18185979E+00 1.18186670E+00 1.18186904E+00 1.18187476E+00 1.18188198E+00 1.18189091E+00 1.18190157E+00 1.18191379E+00 1.18192738E+00 1.18194211E+00 1.18195787E+00 1.18197450E+00 1.18199202E+00 1.18201039E+00 1.18202957E+00 1.18204959E+00 1.18207056E+00 1.18209259E+00 1.18211572E+00 1.18214018E+00 1.18216605E+00 1.18219344E+00 1.18222254E+00 1.18225360E+00 1.18228682E+00 1.18232251E+00 1.18236083E+00 1.18240216E+00 1.18244673E+00 1.18249481E+00 1.18254659E+00 1.18260255E+00 1.18266310E+00 1.18272869E+00 1.18279944E+00 1.18287584E+00 1.18295825E+00 1.18304722E+00 1.18314299E+00 1.18324607E+00 1.18335685E+00 1.18347559E+00 1.18360248E+00 1.18373791E+00 1.18388230E+00 1.18403600E+00 1.18419884E+00 1.18437103E+00 1.18455264E+00 1.18474335E+00 1.18494260E+00 1.18514945E+00 1.18536368E+00 1.18558496E+00 1.18581167E+00 1.18604105E+00 1.18627203E+00 1.18650156E+00 1.18672776E+00 1.18694710E+00 1.18715614E+00 1.18734868E+00 1.18752117E+00 1.18766738E+00 1.18778174E+00 1.18785367E+00 1.18787755E+00 1.18784100E+00 1.18773610E+00 1.18754922E+00 1.18727013E+00 1.18688130E+00 1.18637192E+00 1.18572249E+00 1.18491948E+00 1.18393729E+00 1.18276233E+00 1.18136612E+00 1.17973167E+00 1.17783467E+00 1.17565308E+00 1.17314637E+00 1.17029951E+00 1.16708203E+00 1.16346809E+00 1.15945247E+00 1.15498518E+00 1.15051645E+00 1.14563089E+00 1.14092882E+00 1.13586018E+00 1.13106194E+00 1.12595365E+00 1.12116246E+00 1.11610740E+00 1.11140620E+00 1.10649141E+00 1.10196406E+00 1.09725962E+00 1.09294338E+00 1.08847995E+00 1.08441114E+00 1.08022673E+00 1.07642691E+00 1.07253421E+00 1.06901120E+00 1.06541016E+00 1.06216104E+00 1.05885289E+00 1.05564529E+00 1.05238414E+00 1.04906501E+00 1.04568762E+00 1.04225778E+00 1.03877490E+00 1.03523220E+00 1.03163194E+00 1.02798794E+00 1.02429537E+00 1.02052296E+00 1.01668928E+00 1.01291659E+00 1.00916892E+00 1.00492733E+00 1.00000000E+00
1.18808235E+00 1.18808611E+00 1.18808223E+00 1.18808582E+00 1.18809332E+00 1.18810503E+00 1.18812088E+00 1.18814039E+00 1.18816309E+00 1.18818836E+00 1.18821593E+00 1.18824535E+00 1.18827652E+00 1.18830926E+00 1.18834340E+00 1.18837888E+00 1.18841578E+00 1.18845416E+00 1.18849401E+00 1.18853559E+00 1.18857895E+00 1.18862417E+00 1.18867148E+00 1.18872114E+00 1.18877338E+00 1.18882854E+00 1.18888681E+00 1.18894857E+00 1.18901409E+00 1.18908362E+00 1.18915737E+00 1.18923580E+00 1.18931938E+00 1.18940859E+00 1.18950348E+00 1.18960450E+00 1.18971201E+00 1.18982655E+00 1.18994828E+00 1.19007759E+00 1.19021486E+00 1.19036022E+00 1.19051372E+00 1.19067558E+00 1.19084614E+00 1.19102556E+00 1.19121349E+00 1.19140988E+00 1.19161460E+00 1.19182701E+00 1.19204626E+00 1.19227092E+00 1.19250047E+00 1.19273425E+00 1.19297031E+00 1.19320515E+00 1.19343747E+00 1.19366358E+00 1.19388114E+00 1.19408613E+00 1.19427458E+00 1.19443940E+00 1.19457664E+00 1.19467933E+00 1.19474155E+00 1.19475184E+00 1.19470428E+00 1.19458585E+00 1.19438817E+00 1.19409716E+00 1.19370230E+00 1.19318543E+00 1.19253552E+00 1.19173314E+00 1.19076470E+00 1.18960435E+00 1.18823882E+00 1.18663986E+00 1.18479049E+00 1.18266724E+00 1.18024903E+00 1.17749599E+00 1.17439347E+00 1.17091232E+00 1.16702794E+00 1.16273900E+00 1.15799415E+00 1.15327217E+00 1.14813279E+00 1.14320722E+00 1.13791613E+00 1.13292326E+00 1.12762331E+00 1.12266571E+00 1.11744767E+00 1.11260681E+00 1.10755593E+00 1.10291105E+00 1.09809261E+00 1.09367951E+00 1.08912274E+00 1.08497448E+00 1.08071364E+00 1.07684916E+00 1.07289443E+00 1.06931920E+00 1.06566855E+00 1.06237765E+00 1.05902981E+00 1.05578650E+00 1.05249162E+00 1.04914127E+00 1.04573517E+00 1.04227883E+00 1.03877189E+00 1.03520832E+00 1.03159023E+00 1.02793108E+00 1.02422681E+00 1.02044752E+00 1.01661140E+00 1.01284028E+00 1.00910050E+00 1.00488324E+00 1.00000000E+00
1.12852983E+00 1.12853306E+00 1.12853178E+00 1.12852851E+00 1.12852548E+00 1.12852425E+00 1.12852417E+00 1.12852436E+00 1.12852436E+00 1.12852402E+00 1.12852361E+00 1.12852339E+00 1.12852337E+00 1.12852349E+00 1.12852371E+00 1.12852400E+00 1.12852438E+00 1.12852487E+00 1.12852549E+00 1.12852624E+00 1.12852713E+00 1.12852817E+00 1.12852938E+00 1.12853077E+00 1.12853237E+00 1.12853419E+00 1.12853625E+00 1.12853859E+00 1.12854121E+00 1.12854415E+00 1.12854743E+00 1.12855108E+00 1.12855512E+00 1.12855958E+00 1.12856447E+00 1.12856983E+00 1.12857566E+00 1.12858198E+00 1.12858877E+00 1.12859605E+00 1.12860379E+00 1.12861195E+00 1.12862048E+00 1.12862932E+00 1.12863836E+00 1.12864745E+00 1.12865645E+00 1.12866509E+00 1.12867317E+00 1.12868028E+00 1.12868611E+00 1.12869004E+00 1.12869158E+00 1.12868993E+00 1.12868443E+00 1.12867386E+00 1.12865735E+00 1.12863323E+00 1.12860028E+00 1.12855629E+00 1.12849968E+00 1.12842745E+00 1.12833752E+00 1.12822617E+00 1.12809067E+00 1.12792602E+00 1.12772893E+00 1.12749309E+00 1.12721409E+00 1.12688423E+00 1.12649822E+00 1.12604650E+00 1.12552255E+00 1.12491461E+00 1.12421525E+00 1.12341017E+00 1.12249069E+00 1.12143954E+00 1.12024549E+00 1.11889086E+00 1.11736341E+00 1.11563943E+00 1.11370545E+00 1.11153800E+00 1.10912099E+00 1.10645027E+00 1.10348994E+00 1.10053211E+00 1.09730246E+00 1.09419788E+00 1.09085046E+00 1.08767710E+00 1.08429677E+00 1.08112621E+00 1.07777736E+00 1.07465735E+00 1.07139335E+00 1.06838459E+00 1.06525458E+00 1.06238156E+00 1.05940949E+00 1.05669849E+00 1.05390907E+00 1.05137467E+00 1.04877811E+00 1.04642840E+00 1.04402654E+00 1.04185975E+00 1.03965348E+00 1.03751439E+00 1.03533979E+00 1.03312674E+00 1.03087641E+00 1.02859373E+00 1.02627600E+00 1.02391844E+00 1.02152575E+00 1.01911053E+00 1.01666187E+00 1.01415177E+00 1.01160493E+00 1.00914294E+00 1.00672471E+00 1.00375470E+00 1.00000000E+00
1.14620199E+00 1.14620941E+00 1.14621509E+00 1.14621902E+00 1.14622180E+00 1.14622404E+00 1.14622589E+00 1.14622745E+00 1.14622869E+00 1.14622966E+00 1.14623043E+00 1.14623111E+00 1.14623174E+00 1.14623237E+00 1.14623302E+00 1.14623374E+00 1.14623453E+00 1.14623546E+00 1.14623653E+00 1.14623779E+00 1.14623925E+00 1.14624097E+00 1.14624297E+00 1.14624530E+00 1.14624798E+00 1.14625109E+00 1.14625466E+00 1.14625876E+00 1.14626343E+00 1.14626875E+00 1.14627478E+00 1.14628161E+00 1.14628930E+00 1.14629794E+00 1.14630762E+00 1.14631843E+00 1.14633045E+00 1.14634378E+00 1.14635849E+00 1.14637472E+00 1.14639250E+00 1.14641193E+00 1.14643307E+00 1.14645595E+00 1.14648060E+00 1.14650703E+00 1.14653516E+00 1.14656494E+00 1.14659626E+00 1.14662885E+00 1.14666252E+00 1.14669673E+00 1.14673111E+00 1.14676510E+00 1.14679802E+00 1.14682862E+00 1.14685608E+00 1.14687864E+00 1.14689505E+00 1.14690299E+00 1.14690071E+00 1.14688480E+00 1.14685299E+00 1.14680126E+00 1.14672633E+00 1.14662214E+00 1.14648495E+00 1.14630711E+00 1.14608341E+00 1.14580468E+00 1.14546445E+00 1.14505121E+00 1.14455720E+00 1.14396817E+00 1.14327510E+00 1.14246039E+00 1.14151356E+00 1.14041374E+00 1.13914778E+00 1.13769514E+00 1.13603990E+00 1.13415300E+00 1.13201972E+00 1.12961270E+00 1.12691170E+00 1.12391039E+00 1.12056800E+00 1.11721636E+00 1.11354415E+00 1.11000249E+00 1.10617523E+00 1.10254081E+00 1.09866080E+00 1.09501331E+00 1.09115511E+00 1.08755644E+00 1.08378615E+00 1.08030516E+00 1.07667951E+00 1.07334624E+00 1.06989313E+00 1.06673953E+00 1.06349058E+00 1.06053478E+00 1.05750241E+00 1.05475443E+00 1.05194199E+00 1.04940152E+00 1.04681160E+00 1.04429707E+00 1.04173767E+00 1.03913007E+00 1.03647428E+00 1.03377472E+00 1.03103013E+00 1.02823531E+00 1.02539251E+00 1.02251318E+00 1.01959142E+00 1.01660060E+00 1.01355852E+00 1.01058404E+00 1.00765849E+00 1.00421210E+00 1.00000000E+00
1.15782735E+00 1.15783585E+00 1.15784275E+00 1.15784859E+00 1.15785348E+00 1.15785771E+00 1.15786139E+00 1.15786470E+00 1.15786769E+00 1.15787051E+00 1.15787321E+00 1.15787590E+00 1.15787861E+00 1.15788143E+00 1.15788440E+00 1.15788760E+00 1.15789107E+00 1.15789487E+00 1.15789906E+00 1.15790371E+00 1.15790886E+00 1.15791460E+00 1.15792098E+00 1.15792809E+00 1.15793600E+00 1.15794482E+00 1.15795461E+00 1.15796551E+00 1.15797759E+00 1.15799099E+00 1.15800578E+00 1.15802213E+00 1.15804014E+00 1.15805999E+00 1.15808176E+00 1.15810562E+00 1.15813168E+00 1.15816012E+00 1.15819104E+00 1.15822460E+00 1.15826091E+00 1.15830005E+00 1.15834208E+00 1.15838704E+00 1.15843499E+00 1.15848591E+00 1.15853967E+00 1.15859617E+00 1.15865525E+00 1.15871650E+00 1.15877956E+00 1.15884364E+00 1.15890826E+00 1.15897273E+00 1.15903600E+00 1.15909625E+00 1.15915246E+00 1.15920226E+00 1.15924405E+00 1.15927490E+00 1.15929250E+00 1.15929251E+00 1.15927210E+00 1.15922634E+00 1.15915121E+00 1.15903921E+00 1.15888600E+00 1.15868243E+00 1.15842247E+00 1.15809560E+00 1.15769431E+00 1.15720541E+00 1.15662023E+00 1.15592326E+00 1.15510440E+00 1.15414415E+00 1.15303144E+00 1.15174391E+00 1.15026757E+00 1.14858126E+00 1.14666819E+00 1.14449756E+00 1.14205485E+00 1.13931262E+00 1.13625025E+00 1.13286442E+00 1.12911162E+00 1.12536679E+00 1.12128109E+00 1.11735668E+00 1.11313116E+00 1.10913288E+00 1.10487807E+00 1.10088973E+00 1.09668318E+00 1.09277200E+00 1.08868347E+00 1.08491602E+00 1.08100063E+00 1.07740900E+00 1.07369520E+00 1.07030949E+00 1.06682708E+00 1.06366426E+00 1.06042403E+00 1.05749196E+00 1.05449534E+00 1.05179175E+00 1.04903885E+00 1.04636934E+00 1.04365525E+00 1.04089378E+00 1.03808475E+00 1.03523225E+00 1.03233579E+00 1.02939104E+00 1.02639958E+00 1.02337246E+00 1.02030586E+00 1.01717510E+00 1.01399632E+00 1.01088774E+00 1.00783777E+00 1.00429058E+00 1.00000000E+00
1.16537091E+00 1.16537890E+00 1.16538460E+00 1.16539032E+00 1.16539568E+00 1.16540103E+00 1.16540646E+00 1.16541210E+00 1.16541795E+00 1.16542409E+00 1.16543052E+00 1.16543728E+00 1.16544440E+00 1.16545193E+00 1.16545989E+00 1.16546833E+00 1.16547730E+00 1.16548687E+00 1.16549707E+00 1.16550800E+00 1.16551971E+00 1.16553226E+00 1.16554574E+00 1.16556023E+00 1.16557584E+00 1.16559267E+00 1.16561082E+00 1.16563039E+00 1.16565152E+00 1.16567430E+00 1.16569882E+00 1.16572522E+00 1.16575366E+00 1.16578429E+00 1.16581716E+00 1.16585242E+00 1.16589016E+00 1.16593055E+00 1.16597363E+00 1.16601948E+00 1.16606821E+00 1.16611978E+00 1.16617417E+00 1.16623127E+00 1.16629108E+00 1.16635347E+00 1.16641814E+00 1.16648479E+00 1.16655314E+00 1.16662252E+00 1.16669233E+00 1.16676144E+00 1.16682915E+00 1.16689451E+00 1.16695616E+00 1.16701169E+00 1.16705989E+00 1.16709785E+00 1.16712361E+00 1.16713377E+00 1.16712560E+00 1.16709402E+00 1.16703584E+00 1.16694546E+00 1.16681849E+00 1.16664658E+00 1.16642509E+00 1.16614417E+00 1.16579734E+00 1.16537352E+00 1.16486483E+00 1.16425738E+00 1.16354220E+00 1.16270362E+00 1.16173124E+00 1.16060508E+00 1.15931420E+00 1.15783618E+00 1.15615690E+00 1.15425571E+00 1.15211623E+00 1.14970773E+00 1.14701614E+00 1.14401505E+00 1.14068453E+00 1.13702464E+00 1.13299036E+00 1.12898564E+00 1.12463610E+00 1.12047601E+00 1.11601288E+00 1.11180399E+00 1.10733877E+00 1.10316481E+00 1.09877368E+00 1.09470161E+00 1.09045359E+00 1.08654617E+00 1.08249270E+00 1.07878125E+00 1.07494958E+00 1.07146145E+00 1.06787839E+00 1.06462850E+00 1.06130278E+00 1.05829681E+00 1.05522802E+00 1.05246192E+00 1.04964793E+00 1.04692169E+00 1.04415222E+00 1.04133714E+00 1.03847626E+00 1.03557338E+00 1.03262834E+00 1.02963744E+00 1.02660200E+00 1.02353272E+00 1.02042678E+00 1.01726073E+00 1.01405007E+00 1.01091233E+00 1.00783891E+00 1.00428299E+00 1.00000000E+00
1.17062295E+00 1.17062906E+00 1.17063102E+00 1.17063477E+00 1.17063905E+00 1.17064441E+00 1.17065096E+00 1.17065867E+00 1.17066744E+00 1.17067714E+00 1.17068772E+00 1.17069906E+00 1.17071113E+00 1.17072388E+00 1.17073728E+00 1.17075129E+00 1.17076596E+00 1.17078129E+00 1.17079728E+00 1.17081403E+00 1.17083156E+00 1.17084988E+00 1.17086909E+00 1.17088925E+00 1.17091045E+00 1.17093281E+00 1.17095638E+00 1.17098126E+00 1.17100757E+00 1.17103538E+00 1.17106473E+00 1.17109574E+00 1.17112853E+00 1.17116326E+00 1.17119991E+00 1.17123856E+00 1.17127926E+00 1.17132214E+00 1.17136715E+00 1.17141426E+00 1.17146356E+00 1.17151486E+00 1.17156805E+00 1.17162285E+00 1.17167920E+00 1.17173682E+00 1.17179528E+00 1.17185407E+00 1.17191280E+00 1.17197056E+00 1.17202660E+00 1.17207946E+00 1.17212827E+00 1.17217187E+00 1.17220873E+00 1.17223598E+00 1.17225231E+00 1.17225445E+00 1.17224021E+00 1.17220594E+00 1.17214863E+00 1.17206279E+00 1.17194502E+00 1.17178940E+00 1.17159140E+00 1.17134225E+00 1.17103725E+00 1.17066632E+00 1.17022278E+00 1.16969546E+00 1.16907643E+00 1.16835164E+00 1.16751209E+00 1.16654239E+00 1.16543218E+00 1.16416159E+00 1.16271999E+00 1.16108536E+00 1.15924375E+00 1.15717521E+00 1.15486401E+00 1.15228005E+00 1.14940967E+00 1.14622747E+00 1.14271435E+00 1.13887305E+00 1.13465763E+00 1.13049035E+00 1.12598033E+00 1.12168103E+00 1.11708135E+00 1.11275473E+00 1.10817517E+00 1.10390328E+00 1.09941745E+00 1.09526540E+00 1.09094044E+00 1.08696745E+00 1.08285125E+00 1.07908726E+00 1.07520565E+00 1.07167563E+00 1.06805284E+00 1.06476991E+00 1.06141297E+00 1.05838115E+00 1.05528829E+00 1.05250228E+00 1.04966977E+00 1.04692727E+00 1.04414282E+00 1.04131432E+00 1.03844162E+00 1.03552828E+00 1.03257431E+00 1.02957643E+00 1.02653583E+00 1.02346296E+00 1.02035554E+00 1.01719091E+00 1.01398425E+00 1.01085250E+00 1.00778846E+00 1.00425173E+00 1.00000000E+00
1.17446960E+00 1.17447340E+00 1.17447013E+00 1.17447058E+00 1.17447236E+00 1.17447636E+00 1.17448270E+00 1.17449122E+00 1.17450166E+00 1.17451367E+00 1.17452709E+00 1.17454163E+00 1.17455717E+00 1.17457352E+00 1.17459059E+00 1.17460824E+00 1.17462646E+00 1.17464520E+00 1.17466440E+00 1.17468414E+00 1.17470441E+00 1.17472514E+00 1.17474646E+00 1.17476836E+00 1.17479093E+00 1.17481428E+00 1.17483842E+00 1.17486342E+00 1.17488939E+00 1.17491634E+00 1.17494430E+00 1.17497332E+00 1.17500351E+00 1.17503501E+00 1.17506774E+00 1.17510171E+00 1.17513692E+00 1.17517345E+00 1.17521120E+00 1.17525000E+00 1.17528993E+00 1.17533069E+00 1.17537208E+00 1.17541369E+00 1.17545538E+00 1.17549677E+00 1.17553733E+00 1.17557639E+00 1.17561347E+00 1.17564752E+00 1.17567763E+00 1.17570215E+00 1.17572007E+00 1.17573009E+00 1.17573060E+00 1.17571844E+00 1.17569223E+00 1.17564854E+00 1.17558500E+00 1.17549784E+00 1.17538394E+00 1.17523757E+00 1.17505528E+00 1.17483097E+00 1.17456012E+00 1.17423382E+00 1.17384739E+00 1.17339074E+00 1.17285718E+00 1.17223560E+00 1.17151821E+00 1.17069100E+00 1.16974509E+00 1.16866545E+00 1.16744193E+00 1.16605494E+00 1.16449421E+00 1.16273823E+00 1.16077329E+00 1.15858011E+00 1.15614354E+00 1.15343424E+00 1.15043889E+00 1.14713291E+00 1.14349791E+00 1.13953863E+00 1.13520858E+00 1.13094132E+00 1.12633546E+00 1.12195569E+00 1.11727963E+00 1.11288936E+00 1.10825029E+00 1.10392949E+00 1.09939837E+00 1.09521000E+00 1.09085193E+00 1.08685224E+00 1.08271212E+00 1.07892969E+00 1.07503212E+00 1.07149006E+00 1.06785720E+00 1.06456721E+00 1.06120482E+00 1.05816971E+00 1.05507508E+00 1.05228870E+00 1.04945697E+00 1.04671637E+00 1.04393487E+00 1.04111060E+00 1.03824340E+00 1.03533668E+00 1.03239053E+00 1.02940197E+00 1.02637212E+00 1.02331121E+00 1.02021729E+00 1.01706828E+00 1.01387915E+00 1.01076633E+00 1.00772331E+00 1.00421453E+00 1.00000000E+00
1.13006700E+00 1.13007136E+00 1.13008063E+00 1.13008673E+00 1.13008859E+00 1.13008665E+00 1.13008366E+00 1.13008198E+00 1.13008156E+00 1.13008190E+00 1.13008228E+00 1.13008229E+00 1.13008214E+00 1.13008208E+00 1.13008221E+00 1.13008254E+00 1.13008300E+00 1.13008355E+00 1.13008421E+00 1.13008500E+00 1.13008595E+00 1.13008707E+00 1.13008837E+00 1.13008985E+00 1.13009155E+00 1.13009347E+00 1.13009564E+00 1.13009808E+00 1.13010081E+00 1.13010386E+00 1.13010723E+00 1.13011097E+00 1.13011508E+00 1.13011959E+00 1.13012450E+00 1.13012984E+00 1.13013561E+00 1.13014179E+00 1.13014839E+00 1.13015538E+00 1.13016272E+00 1.13017036E+00 1.13017822E+00 1.13018619E+00 1.13019416E+00 1.13020192E+00 1.13020930E+00 1.13021599E+00 1.13022172E+00 1.13022603E+00 1.13022855E+00 1.13022857E+00 1.13022555E+00 1.13021859E+00 1.13020692E+00 1.13018920E+00 1.13016446E+00 1.13013090E+00 1.13008720E+00 1.13003097E+00 1.12996049E+00 1.12987262E+00 1.12976512E+00 1.12963405E+00 1.12947649E+00 1.12928730E+00 1.12906296E+00 1.12879699E+00 1.12848490E+00 1.12811880E+00 1.12769325E+00 1.12719849E+00 1.12662789E+00 1.12596983E+00 1.12521661E+00 1.12435404E+00 1.12337332E+00 1.12225760E+00 1.12099609E+00 1.11957110E+00 1.11797022E+00 1.11617097E+00 1.11416028E+00 1.11191494E+00 1.10941924E+00 1.10667109E+00 1.10363443E+00 1.10061060E+00 1.09731654E+00 1.09415800E+00 1.09075987E+00 1.08754510E+00 1.08412572E+00 1.08092214E+00 1.07754355E+00 1.07440376E+00 1.07112166E+00 1.06809594E+00 1.06495086E+00 1.06206736E+00 1.05908646E+00 1.05636883E+00 1.05357328E+00 1.05103476E+00 1.04843408E+00 1.04608155E+00 1.04367824E+00 1.04151033E+00 1.03930313E+00 1.03716332E+00 1.03498795E+00 1.03277579E+00 1.03052712E+00 1.02824435E+00 1.02592677E+00 1.02357270E+00 1.02118367E+00 1.01876721E+00 1.01632005E+00 1.01382663E+00 1.01129636E+00 1.00883029E+00 1.00645972E+00 1.00362190E+00 1.00000000E+00
1.13721553E+00 1.13721792E+00 1.13722076E+00 1.13722322E+00 1.13722490E+00 1.13722578E+00 1.13722625E+00 1.13722667E+00 1.13722709E+00 1.13722753E+00 1.13722794E+00 1.13722833E+00 1.13722873E+00 1.13722921E+00 1.13722976E+00 1.13723042E+00 1.13723120E+00 1.13723210E+00 1.13723316E+00 1.13723440E+00 1.13723582E+00 1.13723747E+00 1.13723936E+00 1.13724152E+00 1.13724397E+00 1.13724675E+00 1.13724989E+00 1.13725342E+00 1.13725739E+00 1.13726182E+00 1.13726675E+00 1.13727223E+00 1.13727829E+00 1.13728498E+00 1.13729231E+00 1.13730034E+00 1.13730909E+00 1.13731857E+00 1.13732881E+00 1.13733980E+00 1.13735154E+00 1.13736400E+00 1.13737712E+00 1.13739083E+00 1.13740501E+00 1.13741952E+00 1.13743417E+00 1.13744869E+00 1.13746283E+00 1.13747612E+00 1.13748819E+00 1.13749831E+00 1.13750593E+00 1.13751016E+00 1.13751019E+00 1.13750456E+00 1.13749227E+00 1.13747137E+00 1.13744046E+00 1.13739700E+00 1.13733915E+00 1.13726346E+00 1.13716756E+00 1.13704722E+00 1.13689929E+00 1.13671807E+00 1.13649983E+00 1.13623748E+00 1.13592615E+00 1.13555732E+00 1.13512506E+00 1.13461882E+00 1.13403145E+00 1.13335043E+00 1.13256748E+00 1.13166724E+00 1.13064032E+00 1.12946867E+00 1.12814079E+00 1.12663809E+00 1.12494714E+00 1.12304383E+00 1.12091466E+00 1.11853533E+00 1.11588902E+00 1.11297382E+00 1.10975170E+00 1.10654326E+00 1.10304802E+00 1.09969648E+00 1.09609129E+00 1.09268159E+00 1.08905517E+00 1.08565777E+00 1.08207558E+00 1.07874745E+00 1.07526886E+00 1.07206221E+00 1.06872962E+00 1.06567428E+00 1.06251582E+00 1.05963658E+00 1.05667487E+00 1.05398551E+00 1.05123027E+00 1.04873782E+00 1.04619154E+00 1.04389457E+00 1.04155589E+00 1.03928844E+00 1.03698322E+00 1.03463901E+00 1.03225583E+00 1.02983593E+00 1.02737912E+00 1.02488374E+00 1.02235072E+00 1.01978731E+00 1.01719185E+00 1.01454980E+00 1.01186863E+00 1.00924766E+00 1.00672747E+00 1.00375336E+00 1.00000000E+00
1.14157111E+00 1.14157836E+00 1.14158366E+00 1.14158763E+00 1.14159070E+00 1.14159334E+00 1.14159560E+00 1.14159756E+00 1.14159924E+00 1.14160074E+00 1.14160213E+00 1.14160349E+00 1.14160487E+00 1.14160630E+00 1.14160780E+00 1.14160943E+00 1.14161119E+00 1.14161314E+00 1.14161528E+00 1.14161766E+00 1.14162030E+00 1.14162322E+00 1.14162646E+00 1.14163005E+00 1.14163401E+00 1.14163840E+00 1.14164323E+00 1.14164855E+00 1.14165439E+00 1.14166080E+00 1.14166780E+00 1.14167544E+00 1.14168374E+00 1.14169275E+00 1.14170249E+00 1.14171300E+00 1.14172426E+00 1.14173632E+00 1.14174916E+00 1.14176274E+00 1.14177708E+00 1.14179206E+00 1.14180763E+00 1.14182364E+00 1.14183997E+00 1.14185640E+00 1.14187269E+00 1.14188849E+00 1.14190350E+00 1.14191713E+00 1.14192895E+00 1.14193806E+00 1.14194383E+00 1.14194527E+00 1.14194142E+00 1.14193059E+00 1.14191168E+00 1.14188251E+00 1.14184152E+00 1.14178595E+00 1.14171376E+00 1.14162120E+00 1.14150572E+00 1.14136279E+00 1.14118906E+00 1.14097841E+00 1.14072697E+00 1.14042725E+00 1.14007418E+00 1.13965889E+00 1.13917525E+00 1.13861232E+00 1.13796276E+00 1.13721386E+00 1.13635715E+00 1.13537690E+00 1.13426371E+00 1.13299935E+00 1.13157222E+00 1.12996382E+00 1.12816072E+00 1.12613863E+00 1.12388428E+00 1.12137367E+00 1.11859015E+00 1.11553332E+00 1.11216427E+00 1.10881873E+00 1.10518278E+00 1.10170407E+00 1.09796935E+00 1.09444363E+00 1.09069993E+00 1.08719785E+00 1.08351038E+00 1.08008928E+00 1.07651742E+00 1.07322804E+00 1.06981291E+00 1.06668492E+00 1.06345406E+00 1.06051112E+00 1.05748604E+00 1.05474111E+00 1.05193064E+00 1.04938975E+00 1.04679550E+00 1.04445642E+00 1.04207603E+00 1.03976927E+00 1.03742515E+00 1.03504259E+00 1.03262158E+00 1.03016428E+00 1.02767069E+00 1.02513940E+00 1.02257116E+00 1.01997308E+00 1.01734411E+00 1.01467031E+00 1.01195864E+00 1.00930781E+00 1.00676092E+00 1.00376719E+00 1.00000000E+00
1.14425386E+00 1.14426064E+00 1.14426509E+00 1.14426889E+00 1.14427186E+00 1.14427428E+00 1.14427626E+00 1.14427797E+00 1.14427946E+00 1.14428085E+00 1.14428217E+00 1.14428346E+00 1.14428474E+00 1.14428605E+00 1.14428740E+00 1.14428883E+00 1.14429034E+00 1.14429197E+00 1.14429372E+00 1.14429563E+00 1.14429770E+00 1.14429996E+00 1.14430243E+00 1.14430512E+00 1.14430807E+00 1.14431131E+00 1.14431485E+00 1.14431872E+00 1.14432295E+00 1.14432755E+00 1.14433254E+00 1.14433794E+00 1.14434377E+00 1.14435007E+00 1.14435681E+00 1.14436401E+00 1.14437164E+00 1.14437970E+00 1.14438816E+00 1.14439694E+00 1.14440601E+00 1.14441522E+00 1.14442449E+00 1.14443358E+00 1.14444234E+00 1.14445051E+00 1.14445780E+00 1.14446377E+00 1.14446808E+00 1.14447007E+00 1.14446921E+00 1.14446453E+00 1.14445532E+00 1.14444050E+00 1.14441906E+00 1.14438914E+00 1.14434961E+00 1.14429817E+00 1.14423316E+00 1.14415173E+00 1.14405175E+00 1.14392934E+00 1.14378187E+00 1.14360469E+00 1.14339442E+00 1.14314476E+00 1.14285185E+00 1.14250811E+00 1.14210840E+00 1.14164383E+00 1.14110825E+00 1.14049067E+00 1.13978376E+00 1.13897490E+00 1.13805565E+00 1.13701030E+00 1.13582960E+00 1.13449548E+00 1.13299642E+00 1.13131420E+00 1.12943558E+00 1.12733652E+00 1.12500395E+00 1.12241427E+00 1.11955112E+00 1.11641522E+00 1.11296722E+00 1.10955078E+00 1.10584471E+00 1.10230501E+00 1.09851032E+00 1.09493273E+00 1.09113846E+00 1.08759281E+00 1.08386300E+00 1.08040587E+00 1.07679910E+00 1.07347975E+00 1.07003572E+00 1.06688325E+00 1.06362886E+00 1.06066593E+00 1.05762165E+00 1.05486053E+00 1.05203452E+00 1.04948051E+00 1.04687381E+00 1.04452420E+00 1.04213377E+00 1.03981797E+00 1.03746526E+00 1.03507468E+00 1.03264622E+00 1.03018194E+00 1.02768194E+00 1.02514495E+00 1.02257165E+00 1.01996904E+00 1.01733634E+00 1.01465994E+00 1.01194658E+00 1.00929461E+00 1.00674801E+00 1.00375855E+00 1.00000000E+00
1.14601967E+00 1.14602509E+00 1.14602696E+00 1.14602833E+00 1.14602868E+00 1.14602858E+00 1.14602822E+00 1.14602776E+00 1.14602720E+00 1.14602659E+00 1.14602592E+00 1.14602520E+00 1.14602444E+00 1.14602363E+00 1.14602277E+00 1.14602185E+00 1.14602088E+00 1.14601987E+00 1.14601880E+00 1.14601770E+00 1.14601657E+00 1.14601540E+00 1.14601421E+00 1.14601302E+00 1.14601183E+00 1.14601067E+00 1.14600954E+00 1.14600844E+00 1.14600742E+00 1.14600646E+00 1.14600557E+00 1.14600474E+00 1.14600399E+00 1.14600333E+00 1.14600274E+00 1.14600218E+00 1.14600164E+00 1.14600108E+00 1.14600044E+00 1.14599961E+00 1.14599856E+00 1.14599711E+00 1.14599512E+00 1.14599234E+00 1.14598859E+00 1.14598356E+00 1.14597695E+00 1.14596827E+00 1.14595716E+00 1.14594289E+00 1.14592493E+00 1.14590223E+00 1.14587404E+00 1.14583926E+00 1.14579685E+00 1.14574487E+00 1.14568219E+00 1.14560645E+00 1.14551595E+00 1.14540783E+00 1.14527994E+00 1.14512832E+00 1.14495035E+00 1.14474136E+00 1.14449796E+00 1.14421383E+00 1.14388515E+00 1.14350436E+00 1.14306631E+00 1.14256218E+00 1.14198587E+00 1.14132644E+00 1.14057661E+00 1.13972393E+00 1.13876000E+00 1.13766926E+00 1.13644260E+00 1.13506213E+00 1.13351643E+00 1.13178754E+00 1.12986242E+00 1.12771728E+00 1.12533920E+00 1.12270487E+00 1.11979817E+00 1.11662051E+00 1.11313235E+00 1.10968124E+00 1.10594226E+00 1.10237520E+00 1.09855481E+00 1.09495605E+00 1.09114220E+00 1.08758066E+00 1.08383630E+00 1.08036770E+00 1.07675063E+00 1.07342311E+00 1.06997194E+00 1.06681412E+00 1.06355524E+00 1.06058909E+00 1.05754227E+00 1.05477955E+00 1.05195249E+00 1.04939809E+00 1.04679151E+00 1.04444241E+00 1.04205290E+00 1.03973836E+00 1.03738726E+00 1.03499872E+00 1.03257273E+00 1.03011128E+00 1.02761450E+00 1.02508124E+00 1.02251214E+00 1.01991410E+00 1.01728650E+00 1.01461591E+00 1.01190898E+00 1.00926379E+00 1.00672468E+00 1.00374523E+00 1.00000000E+00
1.14721690E+00 1.14722101E+00 1.14721969E+00 1.14721792E+00 1.14721488E+00 1.14721142E+00 1.14720775E+00 1.14720401E+00 1.14720019E+00 1.14719628E+00 1.14719229E+00 1.14718817E+00 1.14718390E+00 1.14717945E+00 1.14717481E+00 1.14716994E+00 1.14716483E+00 1.14715947E+00 1.14715383E+00 1.14714794E+00 1.14714179E+00 1.14713534E+00 1.14712863E+00 1.14712164E+00 1.14711438E+00 1.14710688E+00 1.14709912E+00 1.14709110E+00 1.14708285E+00 1.14707436E+00 1.14706561E+00 1.14705659E+00 1.14704731E+00 1.14703777E+00 1.14702794E+00 1.14701777E+00 1.14700723E+00 1.14699627E+00 1.14698483E+00 1.14697277E+00 1.14696004E+00 1.14694645E+00 1.14693186E+00 1.14691597E+00 1.14689860E+00 1.14687943E+00 1.14685814E+00 1.14683421E+00 1.14680726E+00 1.14677657E+00 1.14674157E+00 1.14670118E+00 1.14665464E+00 1.14660085E+00 1.14653875E+00 1.14646637E+00 1.14638259E+00 1.14628503E+00 1.14617199E+00 1.14604061E+00 1.14588873E+00 1.14571241E+00 1.14550902E+00 1.14527390E+00 1.14500370E+00 1.14469213E+00 1.14433538E+00 1.14392597E+00 1.14345878E+00 1.14292506E+00 1.14231876E+00 1.14162905E+00 1.14084868E+00 1.13996535E+00 1.13897075E+00 1.13784945E+00 1.13659244E+00 1.13518201E+00 1.13360684E+00 1.13184915E+00 1.12989605E+00 1.12772400E+00 1.12532016E+00 1.12266143E+00 1.11973187E+00 1.11653331E+00 1.11302613E+00 1.10955963E+00 1.10580709E+00 1.10222977E+00 1.09840076E+00 1.09479581E+00 1.09097724E+00 1.08741280E+00 1.08366674E+00 1.08019780E+00 1.07658139E+00 1.07325527E+00 1.06980633E+00 1.06665127E+00 1.06339587E+00 1.06043337E+00 1.05739076E+00 1.05463227E+00 1.05180987E+00 1.04925999E+00 1.04665834E+00 1.04431392E+00 1.04192937E+00 1.03961986E+00 1.03727405E+00 1.03489111E+00 1.03247105E+00 1.03001579E+00 1.02752549E+00 1.02499906E+00 1.02243712E+00 1.01984652E+00 1.01722671E+00 1.01456439E+00 1.01186616E+00 1.00922990E+00 1.00670007E+00 1.00373164E+00 1.00000000E+00
1.09845180E+00 1.09844714E+00 1.09843937E+00 1.09843490E+00 1.09843353E+00 1.09843426E+00 1.09843533E+00 1.09843557E+00 1.09843531E+00 1.09843489E+00 1.09843456E+00 1.09843444E+00 1.09843443E+00 1.09843446E+00 1.09843453E+00 1.09843464E+00 1.09843480E+00 1.09843501E+00 1.09843529E+00 1.09843564E+00 1.09843607E+00 1.09843658E+00 1.09843719E+00 1.09843792E+00 1.09843876E+00 1.09843975E+00 1.09844090E+00 1.09844224E+00 1.09844376E+00 1.09844551E+00 1.09844751E+00 1.09844978E+00 1.09845236E+00 1.09845527E+00 1.09845854E+00 1.09846221E+00 1.09846632E+00 1.09847087E+00 1.09847591E+00 1.09848149E+00 1.09848761E+00 1.09849426E+00 1.09850149E+00 1.09850933E+00 1.09851775E+00 1.09852673E+00 1.09853623E+00 1.09854617E+00 1.09855648E+00 1.09856699E+00 1.09857764E+00 1.09858820E+00 1.09859836E+00 1.09860768E+00 1.09861587E+00 1.09862232E+00 1.09862657E+00 1.09862777E+00 1.09862517E+00 1.09861741E+00 1.09860361E+00 1.09858179E+00 1.09855055E+00 1.09850757E+00 1.09845109E+00 1.09837766E+00 1.09828521E+00 1.09816949E+00 1.09802695E+00 1.09785126E+00 1.09763874E+00 1.09738281E+00 1.09707870E+00 1.09671611E+00 1.09628909E+00 1.09578641E+00 1.09520096E+00 1.09451740E+00 1.09372581E+00 1.09281154E+00 1.09176412E+00 1.09056010E+00 1.08918604E+00 1.08761974E+00 1.08584806E+00 1.08386331E+00 1.08163423E+00 1.07937306E+00 1.07687578E+00 1.07444888E+00 1.07180265E+00 1.06926222E+00 1.06654156E+00 1.06399122E+00 1.06127825E+00 1.05870879E+00 1.05600321E+00 1.05351436E+00 1.05092268E+00 1.04853512E+00 1.04605873E+00 1.04379350E+00 1.04146122E+00 1.03934326E+00 1.03717893E+00 1.03522359E+00 1.03322570E+00 1.03142487E+00 1.02959883E+00 1.02784232E+00 1.02606802E+00 1.02426359E+00 1.02243920E+00 1.02062201E+00 1.01880518E+00 1.01696541E+00 1.01512399E+00 1.01332615E+00 1.01154673E+00 1.00975815E+00 1.00802336E+00 1.00643023E+00 1.00491918E+00 1.00288629E+00 1.00000000E+00
1.09206323E+00 1.09207032E+00 1.09207606E+00 1.09208097E+00 1.09208512E+00 1.09208862E+00 1.09209151E+00 1.09209390E+00 1.09209588E+00 1.09209756E+00 1.09209895E+00 1.09210011E+00 1.09210107E+00 1.09210187E+00 1.09210253E+00 1.09210307E+00 1.09210352E+00 1.09210389E+00 1.09210419E+00 1.09210446E+00 1.09210469E+00 1.09210491E+00 1.09210513E+00 1.09210538E+00 1.09210566E+00 1.09210600E+00 1.09210640E+00 1.09210694E+00 1.09210761E+00 1.09210845E+00 1.09210947E+00 1.09211075E+00 1.09211235E+00 1.09211432E+00 1.09211671E+00 1.09211962E+00 1.09212311E+00 1.09212724E+00 1.09213213E+00 1.09213797E+00 1.09214486E+00 1.09215290E+00 1.09216221E+00 1.09217303E+00 1.09218557E+00 1.09220010E+00 1.09221671E+00 1.09223569E+00 1.09225733E+00 1.09228195E+00 1.09230969E+00 1.09234080E+00 1.09237573E+00 1.09241522E+00 1.09245935E+00 1.09250824E+00 1.09256205E+00 1.09262093E+00 1.09268531E+00 1.09275561E+00 1.09283154E+00 1.09291240E+00 1.09299864E+00 1.09309094E+00 1.09318841E+00 1.09328939E+00 1.09339339E+00 1.09349810E+00 1.09360151E+00 1.09369944E+00 1.09378943E+00 1.09386841E+00 1.09393414E+00 1.09397780E+00 1.09399318E+00 1.09396981E+00 1.09390007E+00 1.09376768E+00 1.09356725E+00 1.09328710E+00 1.09290622E+00 1.09239004E+00 1.09173021E+00 1.09090463E+00 1.08989149E+00 1.08866680E+00 1.08720103E+00 1.08562606E+00 1.08379817E+00 1.08193549E+00 1.07983297E+00 1.07776019E+00 1.07548330E+00 1.07328905E+00 1.07089017E+00 1.06855608E+00 1.06605952E+00 1.06374448E+00 1.06130114E+00 1.05900349E+00 1.05657655E+00 1.05432543E+00 1.05198310E+00 1.04983327E+00 1.04760766E+00 1.04556391E+00 1.04344545E+00 1.04151486E+00 1.03953624E+00 1.03760863E+00 1.03563355E+00 1.03358860E+00 1.03148181E+00 1.02934251E+00 1.02715947E+00 1.02489333E+00 1.02255850E+00 1.02019921E+00 1.01779408E+00 1.01529275E+00 1.01270618E+00 1.01005567E+00 1.00734023E+00 1.00410665E+00 1.00000000E+00
1.09493369E+00 1.09494258E+00 1.09495005E+00 1.09495732E+00 1.09496426E+00 1.09497081E+00 1.09497692E+00 1.09498259E+00 1.09498783E+00 1.09499270E+00 1.09499715E+00 1.09500117E+00 1.09500483E+00 1.09500817E+00 1.09501115E+00 1.09501373E+00 1.09501600E+00 1.09501805E+00 1.09501989E+00 1.09502157E+00 1.09502307E+00 1.09502434E+00 1.09502545E+00 1.09502646E+00 1.09502741E+00 1.09502829E+00 1.09502915E+00 1.09503013E+00 1.09503126E+00 1.09503250E+00 1.09503381E+00 1.09503533E+00 1.09503732E+00 1.09503995E+00 1.09504313E+00 1.09504693E+00 1.09505157E+00 1.09505723E+00 1.09506407E+00 1.09507251E+00 1.09508275E+00 1.09509488E+00 1.09510897E+00 1.09512549E+00 1.09514512E+00 1.09516848E+00 1.09519567E+00 1.09522732E+00 1.09526411E+00 1.09530673E+00 1.09535526E+00 1.09541046E+00 1.09547390E+00 1.09554753E+00 1.09563114E+00 1.09572505E+00 1.09583001E+00 1.09594672E+00 1.09607704E+00 1.09622306E+00 1.09638468E+00 1.09656223E+00 1.09675741E+00 1.09697259E+00 1.09720734E+00 1.09746103E+00 1.09773383E+00 1.09802391E+00 1.09833041E+00 1.09865057E+00 1.09898216E+00 1.09932302E+00 1.09967110E+00 1.10001716E+00 1.10035407E+00 1.10067025E+00 1.10095731E+00 1.10119642E+00 1.10138039E+00 1.10149463E+00 1.10151317E+00 1.10139408E+00 1.10112790E+00 1.10068926E+00 1.10005010E+00 1.09917456E+00 1.09802959E+00 1.09671347E+00 1.09510922E+00 1.09340651E+00 1.09142530E+00 1.08942489E+00 1.08717874E+00 1.08496547E+00 1.08250672E+00 1.08008708E+00 1.07746867E+00 1.07501034E+00 1.07238664E+00 1.06989210E+00 1.06723338E+00 1.06474947E+00 1.06214475E+00 1.05973418E+00 1.05721833E+00 1.05489186E+00 1.05246689E+00 1.05024486E+00 1.04795373E+00 1.04570602E+00 1.04338863E+00 1.04097937E+00 1.03848458E+00 1.03592963E+00 1.03330327E+00 1.03056776E+00 1.02773585E+00 1.02484847E+00 1.02188494E+00 1.01878686E+00 1.01554609E+00 1.01216807E+00 1.00868850E+00 1.00475006E+00 1.00000000E+00
1.09993510E+00 1.09993164E+00 1.09992536E+00 1.09992334E+00 1.09992437E+00 1.09992765E+00 1.09993256E+00 1.09993840E+00 1.09994501E+00 1.09995205E+00 1.09995921E+00 1.09996615E+00 1.09997292E+00 1.09997947E+00 1.09998555E+00 1.09999099E+00 1.09999599E+00 1.10000069E+00 1.10000507E+00 1.10000917E+00 1.10001291E+00 1.10001613E+00 1.10001897E+00 1.10002157E+00 1.10002398E+00 1.10002621E+00 1.10002837E+00 1.10003069E+00 1.10003320E+00 1.10003570E+00 1.10003817E+00 1.10004091E+00 1.10004440E+00 1.10004892E+00 1.10005421E+00 1.10006035E+00 1.10006774E+00 1.10007675E+00 1.10008759E+00 1.10010082E+00 1.10011675E+00 1.10013540E+00 1.10015690E+00 1.10018214E+00 1.10021218E+00 1.10024791E+00 1.10028950E+00 1.10033800E+00 1.10039434E+00 1.10045957E+00 1.10053391E+00 1.10061861E+00 1.10071594E+00 1.10082866E+00 1.10095650E+00 1.10110006E+00 1.10126065E+00 1.10143976E+00 1.10164016E+00 1.10186527E+00 1.10211509E+00 1.10239055E+00 1.10269398E+00 1.10302875E+00 1.10339475E+00 1.10379195E+00 1.10422061E+00 1.10467900E+00 1.10516656E+00 1.10568101E+00 1.10621984E+00 1.10678041E+00 1.10735974E+00 1.10794736E+00 1.10853499E+00 1.10910860E+00 1.10965839E+00 1.11016244E+00 1.11061028E+00 1.11098342E+00 1.11125328E+00 1.11137240E+00 1.11132817E+00 1.11109081E+00 1.11062718E+00 1.10989196E+00 1.10884912E+00 1.10758802E+00 1.10599815E+00 1.10426624E+00 1.10221407E+00 1.10011344E+00 1.09772631E+00 1.09534719E+00 1.09268682E+00 1.09006105E+00 1.08720386E+00 1.08450158E+00 1.08160363E+00 1.07884037E+00 1.07588839E+00 1.07312450E+00 1.07021792E+00 1.06752045E+00 1.06469844E+00 1.06208557E+00 1.05935973E+00 1.05685857E+00 1.05427514E+00 1.05173565E+00 1.04911378E+00 1.04638870E+00 1.04356558E+00 1.04066648E+00 1.03768066E+00 1.03457322E+00 1.03135605E+00 1.02806719E+00 1.02468571E+00 1.02114813E+00 1.01743579E+00 1.01354998E+00 1.00955299E+00 1.00515235E+00 1.00000000E+00
1.10517342E+00 1.10516374E+00 1.10514574E+00 1.10513885E+00 1.10514017E+00 1.10514786E+00 1.10516028E+00 1.10517561E+00 1.10519333E+00 1.10521236E+00 1.10523202E+00 1.10525142E+00 1.10527055E+00 1.10528914E+00 1.10530675E+00 1.10532303E+00 1.10533829E+00 1.10535271E+00 1.10536623E+00 1.10537889E+00 1.10539056E+00 1.10540102E+00 1.10541048E+00 1.10541922E+00 1.10542733E+00 1.10543488E+00 1.10544204E+00 1.10544918E+00 1.10545630E+00 1.10546313E+00 1.10546970E+00 1.10547655E+00 1.10548433E+00 1.10549341E+00 1.10550345E+00 1.10551462E+00 1.10552747E+00 1.10554260E+00 1.10556026E+00 1.10558115E+00 1.10560565E+00 1.10563383E+00 1.10566598E+00 1.10570345E+00 1.10574753E+00 1.10579936E+00 1.10585927E+00 1.10592874E+00 1.10600894E+00 1.10610123E+00 1.10620601E+00 1.10632500E+00 1.10646089E+00 1.10661710E+00 1.10679345E+00 1.10699086E+00 1.10721117E+00 1.10745658E+00 1.10773045E+00 1.10803710E+00 1.10837659E+00 1.10875004E+00 1.10916018E+00 1.10961100E+00 1.11010250E+00 1.11063461E+00 1.11120752E+00 1.11181921E+00 1.11246895E+00 1.11315422E+00 1.11387185E+00 1.11461794E+00 1.11538832E+00 1.11617097E+00 1.11695620E+00 1.11772693E+00 1.11847179E+00 1.11916575E+00 1.11979526E+00 1.12033822E+00 1.12076383E+00 1.12101969E+00 1.12109006E+00 1.12094070E+00 1.12053441E+00 1.11981875E+00 1.11875540E+00 1.11743814E+00 1.11575205E+00 1.11389532E+00 1.11167977E+00 1.10940093E+00 1.10680056E+00 1.10419937E+00 1.10128798E+00 1.09841818E+00 1.09529119E+00 1.09232471E+00 1.08914000E+00 1.08610532E+00 1.08286501E+00 1.07983152E+00 1.07664005E+00 1.07367727E+00 1.07057739E+00 1.06770902E+00 1.06471851E+00 1.06197476E+00 1.05914031E+00 1.05635337E+00 1.05347633E+00 1.05048970E+00 1.04739772E+00 1.04421994E+00 1.04094616E+00 1.03754403E+00 1.03402487E+00 1.03042431E+00 1.02672111E+00 1.02284845E+00 1.01878124E+00 1.01452121E+00 1.01015099E+00 1.00542508E+00 1.00000000E+00
1.11035934E+00 1.11034089E+00 1.11030612E+00 1.11029146E+00 1.11029197E+00 1.11030462E+00 1.11032640E+00 1.11035405E+00 1.11038648E+00 1.11042159E+00 1.11045818E+00 1.11049465E+00 1.11053084E+00 1.11056614E+00 1.11059990E+00 1.11063154E+00 1.11066143E+00 1.11068975E+00 1.11071635E+00 1.11074130E+00 1.11076443E+00 1.11078546E+00 1.11080469E+00 1.11082252E+00 1.11083912E+00 1.11085463E+00 1.11086930E+00 1.11088365E+00 1.11089764E+00 1.11091098E+00 1.11092381E+00 1.11093692E+00 1.11095109E+00 1.11096676E+00 1.11098361E+00 1.11100192E+00 1.11102241E+00 1.11104590E+00 1.11107269E+00 1.11110360E+00 1.11113912E+00 1.11117946E+00 1.11122508E+00 1.11127776E+00 1.11133898E+00 1.11141010E+00 1.11149167E+00 1.11158559E+00 1.11169324E+00 1.11181625E+00 1.11195524E+00 1.11211230E+00 1.11229043E+00 1.11249359E+00 1.11272180E+00 1.11297622E+00 1.11325910E+00 1.11357327E+00 1.11392243E+00 1.11431148E+00 1.11474045E+00 1.11521041E+00 1.11572429E+00 1.11628646E+00 1.11689676E+00 1.11755470E+00 1.11826019E+00 1.11901073E+00 1.11980511E+00 1.12064010E+00 1.12151171E+00 1.12241433E+00 1.12334254E+00 1.12428273E+00 1.12522367E+00 1.12614505E+00 1.12703392E+00 1.12786225E+00 1.12861385E+00 1.12926337E+00 1.12977785E+00 1.13010036E+00 1.13021249E+00 1.13007608E+00 1.12965079E+00 1.12887923E+00 1.12772129E+00 1.12628296E+00 1.12443897E+00 1.12240738E+00 1.11998338E+00 1.11749152E+00 1.11464922E+00 1.11180748E+00 1.10863255E+00 1.10551260E+00 1.10211567E+00 1.09889088E+00 1.09543115E+00 1.09214083E+00 1.08863293E+00 1.08535228E+00 1.08190288E+00 1.07870290E+00 1.07535737E+00 1.07226540E+00 1.06904519E+00 1.06609253E+00 1.06304360E+00 1.06004705E+00 1.05695558E+00 1.05375075E+00 1.05043614E+00 1.04702951E+00 1.04352128E+00 1.03988126E+00 1.03611892E+00 1.03226738E+00 1.02830825E+00 1.02417410E+00 1.01983617E+00 1.01530396E+00 1.01066911E+00 1.00568028E+00 1.00000000E+00
1.11091132E+00 1.11090812E+00 1.11090254E+00 1.11089911E+00 1.11089794E+00 1.11089833E+00 1.11089892E+00 1.11089881E+00 1.11089828E+00 1.11089774E+00 1.11089738E+00 1.11089728E+00 1.11089730E+00 1.11089735E+00 1.11089744E+00 1.11089757E+00 1.11089779E+00 1.11089809E+00 1.11089847E+00 1.11089895E+00 1.11089952E+00 1.11090021E+00 1.11090101E+00 1.11090196E+00 1.11090306E+00 1.11090434E+00 1.11090581E+00 1.11090749E+00 1.11090941E+00 1.11091159E+00 1.11091406E+00 1.11091685E+00 1.11091999E+00 1.11092350E+00 1.11092742E+00 1.11093179E+00 1.11093662E+00 1.11094195E+00 1.11094779E+00 1.11095419E+00 1.11096113E+00 1.11096863E+00 1.11097670E+00 1.11098533E+00 1.11099448E+00 1.11100409E+00 1.11101409E+00 1.11102436E+00 1.11103478E+00 1.11104513E+00 1.11105526E+00 1.11106481E+00 1.11107341E+00 1.11108053E+00 1.11108578E+00 1.11108834E+00 1.11108763E+00 1.11108251E+00 1.11107206E+00 1.11105465E+00 1.11102916E+00 1.11099324E+00 1.11094529E+00 1.11088251E+00 1.11080280E+00 1.11070216E+00 1.11057805E+00 1.11042528E+00 1.11024007E+00 1.11001573E+00 1.10974797E+00 1.10942888E+00 1.10905290E+00 1.10860911E+00 1.10809107E+00 1.10748623E+00 1.10678682E+00 1.10597643E+00 1.10504428E+00 1.10397426E+00 1.10275512E+00 1.10136277E+00 1.09978385E+00 1.09799585E+00 1.09598383E+00 1.09374004E+00 1.09123126E+00 1.08870045E+00 1.08591712E+00 1.08322289E+00 1.08029938E+00 1.07750987E+00 1.07452742E+00 1.07172543E+00 1.06875319E+00 1.06596191E+00 1.06303341E+00 1.06033753E+00 1.05753109E+00 1.05494960E+00 1.05227579E+00 1.04983450E+00 1.04732357E+00 1.04504381E+00 1.04271220E+00 1.04060437E+00 1.03845066E+00 1.03650985E+00 1.03453832E+00 1.03263348E+00 1.03070328E+00 1.02874015E+00 1.02674841E+00 1.02474220E+00 1.02271670E+00 1.02065818E+00 1.01858031E+00 1.01651234E+00 1.01443293E+00 1.01229844E+00 1.01015030E+00 1.00810593E+00 1.00607831E+00 1.00344802E+00 1.00000000E+00
1.12110936E+00 1.12111630E+00 1.12112184E+00 1.12112607E+00 1.12112932E+00 1.12113196E+00 1.12113409E+00 1.12113584E+00 1.12113722E+00 1.12113831E+00 1.12113917E+00 1.12113988E+00 1.12114044E+00 1.12114091E+00 1.12114130E+00 1.12114164E+00 1.12114194E+00 1.12114224E+00 1.12114255E+00 1.12114289E+00 1.12114327E+00 1.12114373E+00 1.12114428E+00 1.12114497E+00 1.12114580E+00 1.12114681E+00 1.12114804E+00 1.12114954E+00 1.12115135E+00 1.12115352E+00 1.12115611E+00 1.12115919E+00 1.12116285E+00 1.12116717E+00 1.12117221E+00 1.12117811E+00 1.12118497E+00 1.12119291E+00 1.12120204E+00 1.12121258E+00 1.12122463E+00 1.12123839E+00 1.12125401E+00 1.12127173E+00 1.12129175E+00 1.12131432E+00 1.12133957E+00 1.12136781E+00 1.12139925E+00 1.12143416E+00 1.12147268E+00 1.12151500E+00 1.12156130E+00 1.12161199E+00 1.12166705E+00 1.12172633E+00 1.12178983E+00 1.12185726E+00 1.12192847E+00 1.12200297E+00 1.12208017E+00 1.12215866E+00 1.12223782E+00 1.12231656E+00 1.12239308E+00 1.12246404E+00 1.12252755E+00 1.12257890E+00 1.12261481E+00 1.12262912E+00 1.12261728E+00 1.12257170E+00 1.12248694E+00 1.12235076E+00 1.12215547E+00 1.12188626E+00 1.12153354E+00 1.12107713E+00 1.12050566E+00 1.11980053E+00 1.11894307E+00 1.11790024E+00 1.11665882E+00 1.11519145E+00 1.11347444E+00 1.11148735E+00 1.10919418E+00 1.10681574E+00 1.10413633E+00 1.10148251E+00 1.09855100E+00 1.09571109E+00 1.09262763E+00 1.08968352E+00 1.08651816E+00 1.08350973E+00 1.08032056E+00 1.07735509E+00 1.07423588E+00 1.07133167E+00 1.06829107E+00 1.06548881E+00 1.06258013E+00 1.05991340E+00 1.05715875E+00 1.05464211E+00 1.05204623E+00 1.04968569E+00 1.04726559E+00 1.04490305E+00 1.04248469E+00 1.03999968E+00 1.03744913E+00 1.03484419E+00 1.03218026E+00 1.02943925E+00 1.02662799E+00 1.02376903E+00 1.02084588E+00 1.01780707E+00 1.01467036E+00 1.01153425E+00 1.00834608E+00 1.00456902E+00 1.00000000E+00
1.13304916E+00 1.13305766E+00 1.13306460E+00 1.13307078E+00 1.13307616E+00 1.13308089E+00 1.13308501E+00 1.13308863E+00 1.13309181E+00 1.13309462E+00 1.13309709E+00 1.13309926E+00 1.13310117E+00 1.13310288E+00 1.13310440E+00 1.13310575E+00 1.13310700E+00 1.13310818E+00 1.13310932E+00 1.13311048E+00 1.13311168E+00 1.13311296E+00 1.13311436E+00 1.13311596E+00 1.13311781E+00 1.13311999E+00 1.13312255E+00 1.13312565E+00 1.13312936E+00 1.13313376E+00 1.13313893E+00 1.13314508E+00 1.13315242E+00 1.13316116E+00 1.13317136E+00 1.13318331E+00 1.13319726E+00 1.13321351E+00 1.13323229E+00 1.13325410E+00 1.13327922E+00 1.13330802E+00 1.13334080E+00 1.13337816E+00 1.13342065E+00 1.13346894E+00 1.13352332E+00 1.13358457E+00 1.13365328E+00 1.13373019E+00 1.13381559E+00 1.13391018E+00 1.13401482E+00 1.13413076E+00 1.13425793E+00 1.13439652E+00 1.13454693E+00 1.13470935E+00 1.13488422E+00 1.13507169E+00 1.13527113E+00 1.13548126E+00 1.13570177E+00 1.13593193E+00 1.13616948E+00 1.13641039E+00 1.13665240E+00 1.13688969E+00 1.13711846E+00 1.13733138E+00 1.13752240E+00 1.13768176E+00 1.13780260E+00 1.13786999E+00 1.13787387E+00 1.13779532E+00 1.13762244E+00 1.13733030E+00 1.13690452E+00 1.13632228E+00 1.13556019E+00 1.13457747E+00 1.13335864E+00 1.13187121E+00 1.13008580E+00 1.12797472E+00 1.12549768E+00 1.12289654E+00 1.11993596E+00 1.11697677E+00 1.11368522E+00 1.11047967E+00 1.10698166E+00 1.10362440E+00 1.10000479E+00 1.09656180E+00 1.09290142E+00 1.08948469E+00 1.08588350E+00 1.08252710E+00 1.07900909E+00 1.07576328E+00 1.07238977E+00 1.06929385E+00 1.06609211E+00 1.06316535E+00 1.06014571E+00 1.05739836E+00 1.05458002E+00 1.05182713E+00 1.04900774E+00 1.04611201E+00 1.04314017E+00 1.04010143E+00 1.03699235E+00 1.03379721E+00 1.03052079E+00 1.02718256E+00 1.02376972E+00 1.02023398E+00 1.01658729E+00 1.01292786E+00 1.00922086E+00 1.00497652E+00 1.00000000E+00
1.14300601E+00 1.14301381E+00 1.14301877E+00 1.14302489E+00 1.14303130E+00 1.14303792E+00 1.14304467E+00 1.14305147E+00 1.14305825E+00 1.14306491E+00 1.14307138E+00 1.14307759E+00 1.14308358E+00 1.14308936E+00 1.14309488E+00 1.14310015E+00 1.14310526E+00 1.14311031E+00 1.14311530E+00 1.14312036E+00 1.14312549E+00 1.14313075E+00 1.14313624E+00 1.14314211E+00 1.14314848E+00 1.14315550E+00 1.14316327E+00 1.14317209E+00 1.14318208E+00 1.14319337E+00 1.14320611E+00 1.14322070E+00 1.14323753E+00 1.14325695E+00 1.14327907E+00 1.14330434E+00 1.14333320E+00 1.14336622E+00 1.14340373E+00 1.14344651E+00 1.14349504E+00 1.14354988E+00 1.14361147E+00 1.14368081E+00 1.14375876E+00 1.14384634E+00 1.14394394E+00 1.14405280E+00 1.14417374E+00 1.14430779E+00 1.14445536E+00 1.14461743E+00 1.14479519E+00 1.14499038E+00 1.14520282E+00 1.14543261E+00 1.14568032E+00 1.14594619E+00 1.14623073E+00 1.14653414E+00 1.14685532E+00 1.14719237E+00 1.14754468E+00 1.14791096E+00 1.14828816E+00 1.14867078E+00 1.14905577E+00 1.14943551E+00 1.14980512E+00 1.15015540E+00 1.15047860E+00 1.15076209E+00 1.15099723E+00 1.15116651E+00 1.15125769E+00 1.15124783E+00 1.15112307E+00 1.15085448E+00 1.15042504E+00 1.14980889E+00 1.14898011E+00 1.14789259E+00 1.14652911E+00 1.14485436E+00 1.14283645E+00 1.14044590E+00 1.13763929E+00 1.13469521E+00 1.13134758E+00 1.12800629E+00 1.12429493E+00 1.12068719E+00 1.11675694E+00 1.11299057E+00 1.10893855E+00 1.10509627E+00 1.10101748E+00 1.09721279E+00 1.09320886E+00 1.08948554E+00 1.08559003E+00 1.08200156E+00 1.07827673E+00 1.07486340E+00 1.07133761E+00 1.06811955E+00 1.06480436E+00 1.06179179E+00 1.05870482E+00 1.05569294E+00 1.05261164E+00 1.04945227E+00 1.04621474E+00 1.04290717E+00 1.03952692E+00 1.03606044E+00 1.03251168E+00 1.02889845E+00 1.02521040E+00 1.02140276E+00 1.01748521E+00 1.01355696E+00 1.00959409E+00 1.00513805E+00 1.00000000E+00
1.15127533E+00 1.15126971E+00 1.15125941E+00 1.15125505E+00 1.15125412E+00 1.15125610E+00 1.15126060E+00 1.15126705E+00 1.15127510E+00 1.15128419E+00 1.15129404E+00 1.15130427E+00 1.15131486E+00 1.15132565E+00 1.15133649E+00 1.15134730E+00 1.15135820E+00 1.15136926E+00 1.15138048E+00 1.15139201E+00 1.15140387E+00 1.15141612E+00 1.15142892E+00 1.15144251E+00 1.15145709E+00 1.15147289E+00 1.15149011E+00 1.15150916E+00 1.15153022E+00 1.15155352E+00 1.15157928E+00 1.15160812E+00 1.15164056E+00 1.15167716E+00 1.15171803E+00 1.15176385E+00 1.15181519E+00 1.15187288E+00 1.15193734E+00 1.15200958E+00 1.15209022E+00 1.15218000E+00 1.15227947E+00 1.15238993E+00 1.15251243E+00 1.15264820E+00 1.15279772E+00 1.15296245E+00 1.15314335E+00 1.15334154E+00 1.15355740E+00 1.15379193E+00 1.15404639E+00 1.15432266E+00 1.15462036E+00 1.15493919E+00 1.15527966E+00 1.15564168E+00 1.15602552E+00 1.15643095E+00 1.15685629E+00 1.15729853E+00 1.15775652E+00 1.15822797E+00 1.15870895E+00 1.15919227E+00 1.15967397E+00 1.16014463E+00 1.16059814E+00 1.16102344E+00 1.16141131E+00 1.16174640E+00 1.16201860E+00 1.16220843E+00 1.16230200E+00 1.16227320E+00 1.16210692E+00 1.16177150E+00 1.16124825E+00 1.16050965E+00 1.15952870E+00 1.15825637E+00 1.15667456E+00 1.15474699E+00 1.15244118E+00 1.14972900E+00 1.14656478E+00 1.14326622E+00 1.13953490E+00 1.13582940E+00 1.13173063E+00 1.12776209E+00 1.12345425E+00 1.11933971E+00 1.11492748E+00 1.11075913E+00 1.10634533E+00 1.10223586E+00 1.09792083E+00 1.09391886E+00 1.08974115E+00 1.08590026E+00 1.08192022E+00 1.07827951E+00 1.07452462E+00 1.07110327E+00 1.06758438E+00 1.06439117E+00 1.06112328E+00 1.05793897E+00 1.05468529E+00 1.05135454E+00 1.04794655E+00 1.04446875E+00 1.04091905E+00 1.03728562E+00 1.03357204E+00 1.02979507E+00 1.02594606E+00 1.02198327E+00 1.01791527E+00 1.01384216E+00 1.00974735E+00 1.00519470E+00 1.00000000E+00
1.15803499E+00 1.15802430E+00 1.15800454E+00 1.15799579E+00 1.15799361E+00 1.15799716E+00 1.15800578E+00 1.15801843E+00 1.15803440E+00 1.15805261E+00 1.15807255E+00 1.15809352E+00 1.15811537E+00 1.15813780E+00 1.15816054E+00 1.15818340E+00 1.15820653E+00 1.15822998E+00 1.15825375E+00 1.15827802E+00 1.15830286E+00 1.15832832E+00 1.15835465E+00 1.15838218E+00 1.15841119E+00 1.15844206E+00 1.15847502E+00 1.15851065E+00 1.15854919E+00 1.15859096E+00 1.15863627E+00 1.15868593E+00 1.15874061E+00 1.15880101E+00 1.15886730E+00 1.15894032E+00 1.15902077E+00 1.15910967E+00 1.15920751E+00 1.15931542E+00 1.15943417E+00 1.15956460E+00 1.15970732E+00 1.15986380E+00 1.16003516E+00 1.16022274E+00 1.16042701E+00 1.16064955E+00 1.16089129E+00 1.16115328E+00 1.16143581E+00 1.16173965E+00 1.16206595E+00 1.16241655E+00 1.16279074E+00 1.16318768E+00 1.16360766E+00 1.16405007E+00 1.16451475E+00 1.16500088E+00 1.16550611E+00 1.16602620E+00 1.16655940E+00 1.16710230E+00 1.16765017E+00 1.16819418E+00 1.16872959E+00 1.16924535E+00 1.16973429E+00 1.17018377E+00 1.17058343E+00 1.17091573E+00 1.17116945E+00 1.17132380E+00 1.17136376E+00 1.17126106E+00 1.17099986E+00 1.17054693E+00 1.16988261E+00 1.16897870E+00 1.16780802E+00 1.16632026E+00 1.16449697E+00 1.16230196E+00 1.15970306E+00 1.15667501E+00 1.15317033E+00 1.14954342E+00 1.14546529E+00 1.14143838E+00 1.13700466E+00 1.13272994E+00 1.12810723E+00 1.12370742E+00 1.11900451E+00 1.11457676E+00 1.10990027E+00 1.10555512E+00 1.10100258E+00 1.09679062E+00 1.09240283E+00 1.08837624E+00 1.08421059E+00 1.08040637E+00 1.07648852E+00 1.07292418E+00 1.06926355E+00 1.06594595E+00 1.06255474E+00 1.05925412E+00 1.05588535E+00 1.05244155E+00 1.04892254E+00 1.04533527E+00 1.04167803E+00 1.03794034E+00 1.03412561E+00 1.03024992E+00 1.02630579E+00 1.02225396E+00 1.01810241E+00 1.01395190E+00 1.00979100E+00 1.00520055E+00 1.00000000E+00
1.11994197E+00 1.11994041E+00 1.11993586E+00 1.11993230E+00 1.11993049E+00 1.11993040E+00 1.11993081E+00 1.11993077E+00 1.11993036E+00 1.11992982E+00 1.11992942E+00 1.11992928E+00 1.11992930E+00 1.11992939E+00 1.11992953E+00 1.11992972E+00 1.11993001E+00 1.11993040E+00 1.11993089E+00 1.11993149E+00 1.11993221E+00 1.11993306E+00 1.11993405E+00 1.11993521E+00 1.11993655E+00 1.11993808E+00 1.11993983E+00 1.11994183E+00 1.11994409E+00 1.11994664E+00 1.11994951E+00 1.11995272E+00 1.11995632E+00 1.11996031E+00 1.11996473E+00 1.11996962E+00 1.11997499E+00 1.11998086E+00 1.11998725E+00 1.11999417E+00 1.12000163E+00 1.12000960E+00 1.12001807E+00 1.12002701E+00 1.12003635E+00 1.12004600E+00 1.12005584E+00 1.12006572E+00 1.12007545E+00 1.12008475E+00 1.12009338E+00 1.12010087E+00 1.12010681E+00 1.12011054E+00 1.12011156E+00 1.12010885E+00 1.12010171E+00 1.12008874E+00 1.12006888E+00 1.12004025E+00 1.12000149E+00 1.11994997E+00 1.11988385E+00 1.11979990E+00 1.11969572E+00 1.11956681E+00 1.11941027E+00 1.11922032E+00 1.11899291E+00 1.11872088E+00 1.11839944E+00 1.11801976E+00 1.11757579E+00 1.11705619E+00 1.11645405E+00 1.11575583E+00 1.11495329E+00 1.11402949E+00 1.11297331E+00 1.11176774E+00 1.11040107E+00 1.10884934E+00 1.10709908E+00 1.10512727E+00 1.10291820E+00 1.10046558E+00 1.09773492E+00 1.09499362E+00 1.09199004E+00 1.08909307E+00 1.08596001E+00 1.08298101E+00 1.07980162E+00 1.07681597E+00 1.07365670E+00 1.07070403E+00 1.06761122E+00 1.06476133E+00 1.06179539E+00 1.05907038E+00 1.05624976E+00 1.05367565E+00 1.05102765E+00 1.04862215E+00 1.04615921E+00 1.04393100E+00 1.04165317E+00 1.03959869E+00 1.03750832E+00 1.03548362E+00 1.03342760E+00 1.03133530E+00 1.02920838E+00 1.02705488E+00 1.02487202E+00 1.02265127E+00 1.02039983E+00 1.01813639E+00 1.01584730E+00 1.01349383E+00 1.01110591E+00 1.00881090E+00 1.00653321E+00 1.00366054E+00 1.00000000E+00
1.13545767E+00 1.13547037E+00 1.13547985E+00 1.13548662E+00 1.13549174E+00 1.13549612E+00 1.13549982E+00 1.13550286E+00 1.13550521E+00 1.13550699E+00 1.13550835E+00 1.13550946E+00 1.13551037E+00 1.13551114E+00 1.13551180E+00 1.13551241E+00 1.13551300E+00 1.13551362E+00 1.13551428E+00 1.13551503E+00 1.13551589E+00 1.13551691E+00 1.13551810E+00 1.13551952E+00 1.13552119E+00 1.13552317E+00 1.13552550E+00 1.13552824E+00 1.13553144E+00 1.13553518E+00 1.13553951E+00 1.13554455E+00 1.13555035E+00 1.13555702E+00 1.13556465E+00 1.13557339E+00 1.13558331E+00 1.13559457E+00 1.13560727E+00 1.13562162E+00 1.13563771E+00 1.13565573E+00 1.13567579E+00 1.13569812E+00 1.13572282E+00 1.13575007E+00 1.13577997E+00 1.13581269E+00 1.13584832E+00 1.13588693E+00 1.13592855E+00 1.13597307E+00 1.13602042E+00 1.13607060E+00 1.13612331E+00 1.13617793E+00 1.13623407E+00 1.13629078E+00 1.13634733E+00 1.13640232E+00 1.13645463E+00 1.13650182E+00 1.13654238E+00 1.13657365E+00 1.13659301E+00 1.13659561E+00 1.13657852E+00 1.13653529E+00 1.13646147E+00 1.13634912E+00 1.13619248E+00 1.13598139E+00 1.13570881E+00 1.13536100E+00 1.13492945E+00 1.13439726E+00 1.13375407E+00 1.13297867E+00 1.13205784E+00 1.13097119E+00 1.12970193E+00 1.12821870E+00 1.12650635E+00 1.12453652E+00 1.12228718E+00 1.11974460E+00 1.11686968E+00 1.11394514E+00 1.11070316E+00 1.10754065E+00 1.10408976E+00 1.10078338E+00 1.09722674E+00 1.09385943E+00 1.09027333E+00 1.08690308E+00 1.08335278E+00 1.08006184E+00 1.07661864E+00 1.07343636E+00 1.07012478E+00 1.06708795E+00 1.06394855E+00 1.06108223E+00 1.05813254E+00 1.05545017E+00 1.05269557E+00 1.05019973E+00 1.04764866E+00 1.04516542E+00 1.04263155E+00 1.04004105E+00 1.03739383E+00 1.03469607E+00 1.03194586E+00 1.02913359E+00 1.02626250E+00 1.02334753E+00 1.02037991E+00 1.01732136E+00 1.01419187E+00 1.01111294E+00 1.00803367E+00 1.00439293E+00 1.00000000E+00
1.14803056E+00 1.14803907E+00 1.14804598E+00 1.14805190E+00 1.14805687E+00 1.14806111E+00 1.14806470E+00 1.14806781E+00 1.14807052E+00 1.14807293E+00 1.14807511E+00 1.14807712E+00 1.14807903E+00 1.14808089E+00 1.14808275E+00 1.14808467E+00 1.14808669E+00 1.14808889E+00 1.14809130E+00 1.14809400E+00 1.14809704E+00 1.14810048E+00 1.14810440E+00 1.14810890E+00 1.14811405E+00 1.14811996E+00 1.14812673E+00 1.14813452E+00 1.14814343E+00 1.14815362E+00 1.14816520E+00 1.14817840E+00 1.14819340E+00 1.14821045E+00 1.14822968E+00 1.14825139E+00 1.14827580E+00 1.14830324E+00 1.14833392E+00 1.14836826E+00 1.14840650E+00 1.14844900E+00 1.14849600E+00 1.14854792E+00 1.14860510E+00 1.14866796E+00 1.14873667E+00 1.14881167E+00 1.14889321E+00 1.14898154E+00 1.14907670E+00 1.14917866E+00 1.14928758E+00 1.14940373E+00 1.14952658E+00 1.14965529E+00 1.14978948E+00 1.14992793E+00 1.15006983E+00 1.15021351E+00 1.15035738E+00 1.15049826E+00 1.15063421E+00 1.15076185E+00 1.15087767E+00 1.15097527E+00 1.15105092E+00 1.15109631E+00 1.15110592E+00 1.15106993E+00 1.15098100E+00 1.15082635E+00 1.15059741E+00 1.15027800E+00 1.14985766E+00 1.14931597E+00 1.14864093E+00 1.14780788E+00 1.14680152E+00 1.14559899E+00 1.14418098E+00 1.14251154E+00 1.14057448E+00 1.13833910E+00 1.13578107E+00 1.13288636E+00 1.12961222E+00 1.12628448E+00 1.12259809E+00 1.11900556E+00 1.11508996E+00 1.11134425E+00 1.10732042E+00 1.10351497E+00 1.09946905E+00 1.09567621E+00 1.09168549E+00 1.08798878E+00 1.08412636E+00 1.08056289E+00 1.07685987E+00 1.07346862E+00 1.06996671E+00 1.06677362E+00 1.06349086E+00 1.06050930E+00 1.05745146E+00 1.05468382E+00 1.05185779E+00 1.04910980E+00 1.04630841E+00 1.04344859E+00 1.04053004E+00 1.03755820E+00 1.03453198E+00 1.03144348E+00 1.02829509E+00 1.02510064E+00 1.02185401E+00 1.01852056E+00 1.01511850E+00 1.01176920E+00 1.00843124E+00 1.00457062E+00 1.00000000E+00
1.15698796E+00 1.15699614E+00 1.15700190E+00 1.15700796E+00 1.15701379E+00 1.15701961E+00 1.15702547E+00 1.15703145E+00 1.15703753E+00 1.15704375E+00 1.15705010E+00 1.15705661E+00 1.15706332E+00 1.15707029E+00 1.15707753E+00 1.15708511E+00 1.15709311E+00 1.15710163E+00 1.15711072E+00 1.15712052E+00 1.15713110E+00 1.15714256E+00 1.15715503E+00 1.15716867E+00 1.15718362E+00 1.15720009E+00 1.15721819E+00 1.15723820E+00 1.15726028E+00 1.15728466E+00 1.15731150E+00 1.15734115E+00 1.15737390E+00 1.15741011E+00 1.15744994E+00 1.15749380E+00 1.15754199E+00 1.15759499E+00 1.15765304E+00 1.15771664E+00 1.15778616E+00 1.15786198E+00 1.15794437E+00 1.15803380E+00 1.15813070E+00 1.15823554E+00 1.15834842E+00 1.15846980E+00 1.15859990E+00 1.15873886E+00 1.15888654E+00 1.15904271E+00 1.15920739E+00 1.15938074E+00 1.15956187E+00 1.15974933E+00 1.15994255E+00 1.16013967E+00 1.16033950E+00 1.16053976E+00 1.16073819E+00 1.16093055E+00 1.16111429E+00 1.16128496E+00 1.16143827E+00 1.16156626E+00 1.16166450E+00 1.16172309E+00 1.16173554E+00 1.16169056E+00 1.16157970E+00 1.16138826E+00 1.16110661E+00 1.16071732E+00 1.16020879E+00 1.15955858E+00 1.15875406E+00 1.15776904E+00 1.15658725E+00 1.15518519E+00 1.15354310E+00 1.15162346E+00 1.14940999E+00 1.14687204E+00 1.14398535E+00 1.14073882E+00 1.13708746E+00 1.13339731E+00 1.12932906E+00 1.12538300E+00 1.12109938E+00 1.11701756E+00 1.11264804E+00 1.10852899E+00 1.10416313E+00 1.10008434E+00 1.09580351E+00 1.09184625E+00 1.08772092E+00 1.08392425E+00 1.07998718E+00 1.07638857E+00 1.07267888E+00 1.06930235E+00 1.06583619E+00 1.06269312E+00 1.05947468E+00 1.05656567E+00 1.05359908E+00 1.05071815E+00 1.04778471E+00 1.04479454E+00 1.04174736E+00 1.03864816E+00 1.03549627E+00 1.03228508E+00 1.02901667E+00 1.02570427E+00 1.02234315E+00 1.01890123E+00 1.01539614E+00 1.01194894E+00 1.00852286E+00 1.00460110E+00 1.00000000E+00
1.16361669E+00 1.16362299E+00 1.16362509E+00 1.16363017E+00 1.16363659E+00 1.16364459E+00 1.16365419E+00 1.16366523E+00 1.16367755E+00 1.16369093E+00 1.16370527E+00 1.16372043E+00 1.16373641E+00 1.16375317E+00 1.16377067E+00 1.16378895E+00 1.16380808E+00 1.16382816E+00 1.16384923E+00 1.16387147E+00 1.16389496E+00 1.16391981E+00 1.16394618E+00 1.16397429E+00 1.16400433E+00 1.16403656E+00 1.16407113E+00 1.16410838E+00 1.16414850E+00 1.16419177E+00 1.16423837E+00 1.16428871E+00 1.16434315E+00 1.16440212E+00 1.16446575E+00 1.16453450E+00 1.16460868E+00 1.16468883E+00 1.16477518E+00 1.16486820E+00 1.16496828E+00 1.16507575E+00 1.16519082E+00 1.16531388E+00 1.16544534E+00 1.16558557E+00 1.16573455E+00 1.16589258E+00 1.16605976E+00 1.16623597E+00 1.16642086E+00 1.16661380E+00 1.16681459E+00 1.16702309E+00 1.16723810E+00 1.16745747E+00 1.16768041E+00 1.16790441E+00 1.16812784E+00 1.16834783E+00 1.16856158E+00 1.16876385E+00 1.16895161E+00 1.16911951E+00 1.16926273E+00 1.16937217E+00 1.16944291E+00 1.16946407E+00 1.16942846E+00 1.16932391E+00 1.16914142E+00 1.16886511E+00 1.16848486E+00 1.16798277E+00 1.16734677E+00 1.16655353E+00 1.16559036E+00 1.16443072E+00 1.16305805E+00 1.16144910E+00 1.15958451E+00 1.15742669E+00 1.15495965E+00 1.15215363E+00 1.14898514E+00 1.14544665E+00 1.14149170E+00 1.13751812E+00 1.13315914E+00 1.12895108E+00 1.12440127E+00 1.12008182E+00 1.11547330E+00 1.11114229E+00 1.10656454E+00 1.10230024E+00 1.09783496E+00 1.09371521E+00 1.08942891E+00 1.08549228E+00 1.08141737E+00 1.07769887E+00 1.07387117E+00 1.07039234E+00 1.06682569E+00 1.06359573E+00 1.06029249E+00 1.05731016E+00 1.05427194E+00 1.05132450E+00 1.04832622E+00 1.04527342E+00 1.04216592E+00 1.03900837E+00 1.03580035E+00 1.03253612E+00 1.02921768E+00 1.02585780E+00 1.02245258E+00 1.01897173E+00 1.01543263E+00 1.01195585E+00 1.00850728E+00 1.00458207E+00 1.00000000E+00
1.16872965E+00 1.16873283E+00 1.16872926E+00 1.16873229E+00 1.16873883E+00 1.16874922E+00 1.16876336E+00 1.16878082E+00 1.16880119E+00 1.16882391E+00 1.16884873E+00 1.16887525E+00 1.16890338E+00 1.16893291E+00 1.16896374E+00 1.16899578E+00 1.16902911E+00 1.16906375E+00 1.16909972E+00 1.16913722E+00 1.16917630E+00 1.16921705E+00 1.16925966E+00 1.16930437E+00 1.16935137E+00 1.16940099E+00 1.16945336E+00 1.16950884E+00 1.16956766E+00 1.16963009E+00 1.16969632E+00 1.16976677E+00 1.16984180E+00 1.16992188E+00 1.17000713E+00 1.17009794E+00 1.17019464E+00 1.17029775E+00 1.17040745E+00 1.17052410E+00 1.17064810E+00 1.17077966E+00 1.17091890E+00 1.17106607E+00 1.17122148E+00 1.17138538E+00 1.17155760E+00 1.17173821E+00 1.17192716E+00 1.17212408E+00 1.17232838E+00 1.17253901E+00 1.17275555E+00 1.17297756E+00 1.17320356E+00 1.17343083E+00 1.17365834E+00 1.17388308E+00 1.17410302E+00 1.17431483E+00 1.17451530E+00 1.17469845E+00 1.17486090E+00 1.17499664E+00 1.17510055E+00 1.17516277E+00 1.17517813E+00 1.17513515E+00 1.17502625E+00 1.17483883E+00 1.17456362E+00 1.17418416E+00 1.17369014E+00 1.17306366E+00 1.17229253E+00 1.17135319E+00 1.17023318E+00 1.16890611E+00 1.16735551E+00 1.16555874E+00 1.16349706E+00 1.16113351E+00 1.15845248E+00 1.15542528E+00 1.15202934E+00 1.14826049E+00 1.14407121E+00 1.13988348E+00 1.13530932E+00 1.13091140E+00 1.12617248E+00 1.12168742E+00 1.11691551E+00 1.11244247E+00 1.10772540E+00 1.10334150E+00 1.09875962E+00 1.09453910E+00 1.09015489E+00 1.08613491E+00 1.08197965E+00 1.07819273E+00 1.07429910E+00 1.07076441E+00 1.06714409E+00 1.06386889E+00 1.06052262E+00 1.05750405E+00 1.05443136E+00 1.05145284E+00 1.04842515E+00 1.04534508E+00 1.04221247E+00 1.03903174E+00 1.03580262E+00 1.03251999E+00 1.02918582E+00 1.02581254E+00 1.02239677E+00 1.01890951E+00 1.01536801E+00 1.01189230E+00 1.00844991E+00 1.00454487E+00 1.00000000E+00
1.12596989E+00 1.12597248E+00 1.12597051E+00 1.12596696E+00 1.12596397E+00 1.12596295E+00 1.12596304E+00 1.12596327E+00 1.12596324E+00 1.12596286E+00 1.12596244E+00 1.12596224E+00 1.12596224E+00 1.12596238E+00 1.12596259E+00 1.12596286E+00 1.12596323E+00 1.12596370E+00 1.12596429E+00 1.12596501E+00 1.12596586E+00 1.12596686E+00 1.12596802E+00 1.12596936E+00 1.12597089E+00 1.12597264E+00 1.12597463E+00 1.12597688E+00 1.12597940E+00 1.12598224E+00 1.12598541E+00 1.12598894E+00 1.12599285E+00 1.12599718E+00 1.12600193E+00 1.12600714E+00 1.12601282E+00 1.12601898E+00 1.12602562E+00 1.12603275E+00 1.12604034E+00 1.12604836E+00 1.12605677E+00 1.12606551E+00 1.12607448E+00 1.12608353E+00 1.12609254E+00 1.12610125E+00 1.12610947E+00 1.12611681E+00 1.12612298E+00 1.12612738E+00 1.12612955E+00 1.12612871E+00 1.12612422E+00 1.12611491E+00 1.12609994E+00 1.12607771E+00 1.12604703E+00 1.12600574E+00 1.12595233E+00 1.12588387E+00 1.12579833E+00 1.12569212E+00 1.12556254E+00 1.12540474E+00 1.12521550E+00 1.12498863E+00 1.12471984E+00 1.12440157E+00 1.12402865E+00 1.12359168E+00 1.12308425E+00 1.12249482E+00 1.12181606E+00 1.12103390E+00 1.12013977E+00 1.11911668E+00 1.11795350E+00 1.11663275E+00 1.11514236E+00 1.11345896E+00 1.11156916E+00 1.10944972E+00 1.10708477E+00 1.10447002E+00 1.10157009E+00 1.09867108E+00 1.09550442E+00 1.09245942E+00 1.08917516E+00 1.08606069E+00 1.08274234E+00 1.07962927E+00 1.07634115E+00 1.07327780E+00 1.07007227E+00 1.06711697E+00 1.06404279E+00 1.06122123E+00 1.05830225E+00 1.05563933E+00 1.05289962E+00 1.05041065E+00 1.04786085E+00 1.04555366E+00 1.04319528E+00 1.04106743E+00 1.03890102E+00 1.03680076E+00 1.03466608E+00 1.03249405E+00 1.03028510E+00 1.02804382E+00 1.02576893E+00 1.02345562E+00 1.02110716E+00 1.01873572E+00 1.01633428E+00 1.01387416E+00 1.01137477E+00 1.00895778E+00 1.00658995E+00 1.00368081E+00 1.00000000E+00
1.13916679E+00 1.13917303E+00 1.13917839E+00 1.13918206E+00 1.13918440E+00 1.13918601E+00 1.13918724E+00 1.13918837E+00 1.13918931E+00 1.13919005E+00 1.13919062E+00 1.13919110E+00 1.13919154E+00 1.13919202E+00 1.13919253E+00 1.13919311E+00 1.13919377E+00 1.13919456E+00 1.13919548E+00 1.13919658E+00 1.13919787E+00 1.13919940E+00 1.13920118E+00 1.13920327E+00 1.13920569E+00 1.13920850E+00 1.13921173E+00 1.13921546E+00 1.13921972E+00 1.13922458E+00 1.13923011E+00 1.13923639E+00 1.13924347E+00 1.13925146E+00 1.13926041E+00 1.13927044E+00 1.13928162E+00 1.13929405E+00 1.13930781E+00 1.13932302E+00 1.13933973E+00 1.13935804E+00 1.13937802E+00 1.13939971E+00 1.13942316E+00 1.13944837E+00 1.13947532E+00 1.13950395E+00 1.13953419E+00 1.13956584E+00 1.13959870E+00 1.13963234E+00 1.13966640E+00 1.13970041E+00 1.13973377E+00 1.13976534E+00 1.13979439E+00 1.13981934E+00 1.13983900E+00 1.13985126E+00 1.13985451E+00 1.13984560E+00 1.13982241E+00 1.13978120E+00 1.13971890E+00 1.13962986E+00 1.13951058E+00 1.13935385E+00 1.13915473E+00 1.13890455E+00 1.13859722E+00 1.13822178E+00 1.13777078E+00 1.13723063E+00 1.13659277E+00 1.13584038E+00 1.13496343E+00 1.13394185E+00 1.13276273E+00 1.13140621E+00 1.12985740E+00 1.12808831E+00 1.12608416E+00 1.12381834E+00 1.12127161E+00 1.11843707E+00 1.11527541E+00 1.11210019E+00 1.10861754E+00 1.10525531E+00 1.10161783E+00 1.09815987E+00 1.09446571E+00 1.09099037E+00 1.08731224E+00 1.08388001E+00 1.08028154E+00 1.07695698E+00 1.07349299E+00 1.07030749E+00 1.06700624E+00 1.06398993E+00 1.06088150E+00 1.05805289E+00 1.05515022E+00 1.05251927E+00 1.04982612E+00 1.04739260E+00 1.04491130E+00 1.04250186E+00 1.04004905E+00 1.03754983E+00 1.03500400E+00 1.03241528E+00 1.02978311E+00 1.02710277E+00 1.02437581E+00 1.02161299E+00 1.01881032E+00 1.01594140E+00 1.01302173E+00 1.01016962E+00 1.00736935E+00 1.00405883E+00 1.00000000E+00
1.14809991E+00 1.14810683E+00 1.14811250E+00 1.14811732E+00 1.14812130E+00 1.14812468E+00 1.14812760E+00 1.14813025E+00 1.14813268E+00 1.14813501E+00 1.14813727E+00 1.14813955E+00 1.14814190E+00 1.14814438E+00 1.14814703E+00 1.14814991E+00 1.14815306E+00 1.14815653E+00 1.14816037E+00 1.14816464E+00 1.14816940E+00 1.14817470E+00 1.14818060E+00 1.14818718E+00 1.14819451E+00 1.14820269E+00 1.14821178E+00 1.14822190E+00 1.14823314E+00 1.14824561E+00 1.14825939E+00 1.14827464E+00 1.14829146E+00 1.14831003E+00 1.14833041E+00 1.14835280E+00 1.14837730E+00 1.14840409E+00 1.14843327E+00 1.14846501E+00 1.14849944E+00 1.14853666E+00 1.14857674E+00 1.14861977E+00 1.14866580E+00 1.14871488E+00 1.14876692E+00 1.14882188E+00 1.14887964E+00 1.14893990E+00 1.14900237E+00 1.14906641E+00 1.14913161E+00 1.14919739E+00 1.14926288E+00 1.14932650E+00 1.14938738E+00 1.14944343E+00 1.14949321E+00 1.14953410E+00 1.14956406E+00 1.14957918E+00 1.14957688E+00 1.14955268E+00 1.14950289E+00 1.14942068E+00 1.14930204E+00 1.14913853E+00 1.14892448E+00 1.14865010E+00 1.14830841E+00 1.14788701E+00 1.14737765E+00 1.14676563E+00 1.14604149E+00 1.14518678E+00 1.14419090E+00 1.14303248E+00 1.14169783E+00 1.14016643E+00 1.13842271E+00 1.13643714E+00 1.13419493E+00 1.13166926E+00 1.12884056E+00 1.12570417E+00 1.12221860E+00 1.11873162E+00 1.11491964E+00 1.11125141E+00 1.10729449E+00 1.10354382E+00 1.09954730E+00 1.09579634E+00 1.09183578E+00 1.08814970E+00 1.08429235E+00 1.08073431E+00 1.07703364E+00 1.07363681E+00 1.07012218E+00 1.06691577E+00 1.06361581E+00 1.06061715E+00 1.05754350E+00 1.05476100E+00 1.05191624E+00 1.04934847E+00 1.04673290E+00 1.04419572E+00 1.04161525E+00 1.03898902E+00 1.03631682E+00 1.03360206E+00 1.03084458E+00 1.02804055E+00 1.02519119E+00 1.02230682E+00 1.01938478E+00 1.01640070E+00 1.01336944E+00 1.01040832E+00 1.00750684E+00 1.00411673E+00 1.00000000E+00
1.15389727E+00 1.15390453E+00 1.15390960E+00 1.15391466E+00 1.15391939E+00 1.15392416E+00 1.15392904E+00 1.15393414E+00 1.15393949E+00 1.15394513E+00 1.15395110E+00 1.15395741E+00 1.15396410E+00 1.15397121E+00 1.15397875E+00 1.15398678E+00 1.15399533E+00 1.15400447E+00 1.15401423E+00 1.15402470E+00 1.15403592E+00 1.15404796E+00 1.15406088E+00 1.15407480E+00 1.15408978E+00 1.15410595E+00 1.15412337E+00 1.15414218E+00 1.15416248E+00 1.15418439E+00 1.15420799E+00 1.15423343E+00 1.15426084E+00 1.15429041E+00 1.15432218E+00 1.15435632E+00 1.15439292E+00 1.15443218E+00 1.15447416E+00 1.15451895E+00 1.15456669E+00 1.15461740E+00 1.15467109E+00 1.15472774E+00 1.15478735E+00 1.15484987E+00 1.15491511E+00 1.15498285E+00 1.15505290E+00 1.15512474E+00 1.15519791E+00 1.15527147E+00 1.15534485E+00 1.15541725E+00 1.15548756E+00 1.15555372E+00 1.15561471E+00 1.15566799E+00 1.15571181E+00 1.15574317E+00 1.15575969E+00 1.15575683E+00 1.15573172E+00 1.15567930E+00 1.15559558E+00 1.15547299E+00 1.15530726E+00 1.15508936E+00 1.15481323E+00 1.15446855E+00 1.15404804E+00 1.15353868E+00 1.15293190E+00 1.15221287E+00 1.15137183E+00 1.15038987E+00 1.14925647E+00 1.14795015E+00 1.14645714E+00 1.14475724E+00 1.14283510E+00 1.14066129E+00 1.13822140E+00 1.13548930E+00 1.13244600E+00 1.12908957E+00 1.12537736E+00 1.12168059E+00 1.11765498E+00 1.11379546E+00 1.10964539E+00 1.10572327E+00 1.10155510E+00 1.09765254E+00 1.09354094E+00 1.08972305E+00 1.08573500E+00 1.08206213E+00 1.07824802E+00 1.07475268E+00 1.07114113E+00 1.06785053E+00 1.06446777E+00 1.06139742E+00 1.05825336E+00 1.05540997E+00 1.05250580E+00 1.04988663E+00 1.04722083E+00 1.04463701E+00 1.04201099E+00 1.03934071E+00 1.03662601E+00 1.03387006E+00 1.03107286E+00 1.02823117E+00 1.02534609E+00 1.02242766E+00 1.01947380E+00 1.01646138E+00 1.01340502E+00 1.01042129E+00 1.00750177E+00 1.00410671E+00 1.00000000E+00
1.15792449E+00 1.15793040E+00 1.15793262E+00 1.15793641E+00 1.15794069E+00 1.15794597E+00 1.15795235E+00 1.15795983E+00 1.15796831E+00 1.15797770E+00 1.15798795E+00 1.15799896E+00 1.15801070E+00 1.15802314E+00 1.15803624E+00 1.15804998E+00 1.15806439E+00 1.15807950E+00 1.15809529E+00 1.15811187E+00 1.15812925E+00 1.15814746E+00 1.15816659E+00 1.15818670E+00 1.15820789E+00 1.15823026E+00 1.15825388E+00 1.15827885E+00 1.15830529E+00 1.15833327E+00 1.15836287E+00 1.15839420E+00 1.15842739E+00 1.15846261E+00 1.15849987E+00 1.15853928E+00 1.15858090E+00 1.15862489E+00 1.15867126E+00 1.15872000E+00 1.15877125E+00 1.15882490E+00 1.15888091E+00 1.15893910E+00 1.15899943E+00 1.15906175E+00 1.15912574E+00 1.15919104E+00 1.15925735E+00 1.15932396E+00 1.15939030E+00 1.15945516E+00 1.15951783E+00 1.15957733E+00 1.15963241E+00 1.15968065E+00 1.15972093E+00 1.15975042E+00 1.15976716E+00 1.15976794E+00 1.15975014E+00 1.15970889E+00 1.15964114E+00 1.15954153E+00 1.15940593E+00 1.15922644E+00 1.15899870E+00 1.15871346E+00 1.15836449E+00 1.15794135E+00 1.15743672E+00 1.15683737E+00 1.15613474E+00 1.15531415E+00 1.15436585E+00 1.15327097E+00 1.15201924E+00 1.15058947E+00 1.14896805E+00 1.14713530E+00 1.14507630E+00 1.14276217E+00 1.14017885E+00 1.13730101E+00 1.13411028E+00 1.13060694E+00 1.12674766E+00 1.12291859E+00 1.11876192E+00 1.11478842E+00 1.11052640E+00 1.10650758E+00 1.10224527E+00 1.09826194E+00 1.09407208E+00 1.09018796E+00 1.08613615E+00 1.08240887E+00 1.07854261E+00 1.07500351E+00 1.07135035E+00 1.06802486E+00 1.06460893E+00 1.06151098E+00 1.05834079E+00 1.05547575E+00 1.05255142E+00 1.04991561E+00 1.04723432E+00 1.04463689E+00 1.04199832E+00 1.03931681E+00 1.03659224E+00 1.03382763E+00 1.03102303E+00 1.02817559E+00 1.02528637E+00 1.02236517E+00 1.01941025E+00 1.01639926E+00 1.01334670E+00 1.01036853E+00 1.00745727E+00 1.00407905E+00 1.00000000E+00
1.16087282E+00 1.16087601E+00 1.16087337E+00 1.16087411E+00 1.16087623E+00 1.16088048E+00 1.16088696E+00 1.16089554E+00 1.16090596E+00 1.16091793E+00 1.16093131E+00 1.16094582E+00 1.16096137E+00 1.16097780E+00 1.16099501E+00 1.16101290E+00 1.16103145E+00 1.16105062E+00 1.16107038E+00 1.16109079E+00 1.16111185E+00 1.16113352E+00 1.16115591E+00 1.16117904E+00 1.16120299E+00 1.16122788E+00 1.16125372E+00 1.16128060E+00 1.16130863E+00 1.16133786E+00 1.16136834E+00 1.16140013E+00 1.16143334E+00 1.16146814E+00 1.16150450E+00 1.16154247E+00 1.16158207E+00 1.16162344E+00 1.16166651E+00 1.16171120E+00 1.16175763E+00 1.16180559E+00 1.16185499E+00 1.16190553E+00 1.16195713E+00 1.16200953E+00 1.16206235E+00 1.16211509E+00 1.16216738E+00 1.16221840E+00 1.16226745E+00 1.16231317E+00 1.16235471E+00 1.16239101E+00 1.16242071E+00 1.16244118E+00 1.16245123E+00 1.16244789E+00 1.16242904E+00 1.16239137E+00 1.16233215E+00 1.16224631E+00 1.16213074E+00 1.16197993E+00 1.16178973E+00 1.16155210E+00 1.16126268E+00 1.16091220E+00 1.16049440E+00 1.15999887E+00 1.15941834E+00 1.15873963E+00 1.15795424E+00 1.15704778E+00 1.15601060E+00 1.15482408E+00 1.15347817E+00 1.15195212E+00 1.15023253E+00 1.14830020E+00 1.14614065E+00 1.14372562E+00 1.14104135E+00 1.13806318E+00 1.13477327E+00 1.13117357E+00 1.12722033E+00 1.12330904E+00 1.11907317E+00 1.11503290E+00 1.11070733E+00 1.10663538E+00 1.10232314E+00 1.09829861E+00 1.09407041E+00 1.09015537E+00 1.08607524E+00 1.08232502E+00 1.07843803E+00 1.07488280E+00 1.07121555E+00 1.06787932E+00 1.06445426E+00 1.06134974E+00 1.05817431E+00 1.05530590E+00 1.05237947E+00 1.04974281E+00 1.04706163E+00 1.04446526E+00 1.04182864E+00 1.03915013E+00 1.03642968E+00 1.03367013E+00 1.03087161E+00 1.02803151E+00 1.02515086E+00 1.02223931E+00 1.01929530E+00 1.01629700E+00 1.01325888E+00 1.01029637E+00 1.00740243E+00 1.00404755E+00 1.00000000E+00
1.12929877E+00 1.12930313E+00 1.12930288E+00 1.12930009E+00 1.12929719E+00 1.12929599E+00 1.12929596E+00 1.12929632E+00 1.12929652E+00 1.12929634E+00 1.12929607E+00 1.12929595E+00 1.12929602E+00 1.12929624E+00 1.12929655E+00 1.12929693E+00 1.12929739E+00 1.12929797E+00 1.12929867E+00 1.12929951E+00 1.12930048E+00 1.12930161E+00 1.12930291E+00 1.12930439E+00 1.12930608E+00 1.12930799E+00 1.12931015E+00 1.12931257E+00 1.12931528E+00 1.12931829E+00 1.12932164E+00 1.12932534E+00 1.12932942E+00 1.12933389E+00 1.12933876E+00 1.12934406E+00 1.12934978E+00 1.12935592E+00 1.12936248E+00 1.12936943E+00 1.12937674E+00 1.12938434E+00 1.12939218E+00 1.12940013E+00 1.12940810E+00 1.12941587E+00 1.12942328E+00 1.12943002E+00 1.12943584E+00 1.12944025E+00 1.12944293E+00 1.12944314E+00 1.12944038E+00 1.12943373E+00 1.12942245E+00 1.12940521E+00 1.12938105E+00 1.12934819E+00 1.12930530E+00 1.12925004E+00 1.12918071E+00 1.12909417E+00 1.12898821E+00 1.12885892E+00 1.12870342E+00 1.12851658E+00 1.12829492E+00 1.12803200E+00 1.12772337E+00 1.12736118E+00 1.12694001E+00 1.12645017E+00 1.12588506E+00 1.12523312E+00 1.12448669E+00 1.12363164E+00 1.12265922E+00 1.12155264E+00 1.12030116E+00 1.11888714E+00 1.11729824E+00 1.11551205E+00 1.11351555E+00 1.11128559E+00 1.10880653E+00 1.10607622E+00 1.10305876E+00 1.10005358E+00 1.09677945E+00 1.09363969E+00 1.09026143E+00 1.08706512E+00 1.08366513E+00 1.08047948E+00 1.07711977E+00 1.07399750E+00 1.07073342E+00 1.06772411E+00 1.06459613E+00 1.06172831E+00 1.05876353E+00 1.05606046E+00 1.05327990E+00 1.05075500E+00 1.04816830E+00 1.04582841E+00 1.04343800E+00 1.04128161E+00 1.03908616E+00 1.03695774E+00 1.03479405E+00 1.03259384E+00 1.03035719E+00 1.02808638E+00 1.02578116E+00 1.02343982E+00 1.02106348E+00 1.01865947E+00 1.01622579E+00 1.01374675E+00 1.01123010E+00 1.00877680E+00 1.00642092E+00 1.00360084E+00 1.00000000E+00
1.13468334E+00 1.13470168E+00 1.13471489E+00 1.13472070E+00 1.13472209E+00 1.13472255E+00 1.13472340E+00 1.13472525E+00 1.13472720E+00 1.13472856E+00 1.13472934E+00 1.13472978E+00 1.13473016E+00 1.13473068E+00 1.13473129E+00 1.13473197E+00 1.13473271E+00 1.13473354E+00 1.13473452E+00 1.13473567E+00 1.13473701E+00 1.13473856E+00 1.13474034E+00 1.13474239E+00 1.13474473E+00 1.13474739E+00 1.13475040E+00 1.13475380E+00 1.13475761E+00 1.13476189E+00 1.13476666E+00 1.13477196E+00 1.13477784E+00 1.13478433E+00 1.13479146E+00 1.13479927E+00 1.13480780E+00 1.13481706E+00 1.13482706E+00 1.13483783E+00 1.13484934E+00 1.13486158E+00 1.13487450E+00 1.13488802E+00 1.13490206E+00 1.13491645E+00 1.13493104E+00 1.13494557E+00 1.13495979E+00 1.13497327E+00 1.13498565E+00 1.13499624E+00 1.13500450E+00 1.13500957E+00 1.13501068E+00 1.13500643E+00 1.13499585E+00 1.13497707E+00 1.13494871E+00 1.13490831E+00 1.13485409E+00 1.13478270E+00 1.13469184E+00 1.13457738E+00 1.13443626E+00 1.13426290E+00 1.13405370E+00 1.13380169E+00 1.13350213E+00 1.13314665E+00 1.13272945E+00 1.13224020E+00 1.13167184E+00 1.13101207E+00 1.13025276E+00 1.12937880E+00 1.12838095E+00 1.12724139E+00 1.12594875E+00 1.12448462E+00 1.12283586E+00 1.12097866E+00 1.11889953E+00 1.11657437E+00 1.11398665E+00 1.11113410E+00 1.10797928E+00 1.10483593E+00 1.10140996E+00 1.09812336E+00 1.09458639E+00 1.09123971E+00 1.08767918E+00 1.08434239E+00 1.08082313E+00 1.07755274E+00 1.07413345E+00 1.07098056E+00 1.06770322E+00 1.06469806E+00 1.06159094E+00 1.05875791E+00 1.05584329E+00 1.05319635E+00 1.05048419E+00 1.04803042E+00 1.04552344E+00 1.04326158E+00 1.04095844E+00 1.03872525E+00 1.03645466E+00 1.03414552E+00 1.03179777E+00 1.02941349E+00 1.02699267E+00 1.02453377E+00 1.02203750E+00 1.01951090E+00 1.01695290E+00 1.01434899E+00 1.01170592E+00 1.00912280E+00 1.00664102E+00 1.00370776E+00 1.00000000E+00
1.13795647E+00 1.13796216E+00 1.13796710E+00 1.13797081E+00 1.13797343E+00 1.13797537E+00 1.13797697E+00 1.13797851E+00 1.13797994E+00 1.13798128E+00 1.13798254E+00 1.13798380E+00 1.13798510E+00 1.13798650E+00 1.13798800E+00 1.13798966E+00 1.13799147E+00 1.13799348E+00 1.13799570E+00 1.13799817E+00 1.13800092E+00 1.13800396E+00 1.13800733E+00 1.13801106E+00 1.13801518E+00 1.13801974E+00 1.13802476E+00 1.13803028E+00 1.13803634E+00 1.13804299E+00 1.13805025E+00 1.13805818E+00 1.13806681E+00 1.13807619E+00 1.13808633E+00 1.13809729E+00 1.13810907E+00 1.13812171E+00 1.13813520E+00 1.13814954E+00 1.13816472E+00 1.13818068E+00 1.13819736E+00 1.13821464E+00 1.13823241E+00 1.13825049E+00 1.13826866E+00 1.13828662E+00 1.13830408E+00 1.13832052E+00 1.13833553E+00 1.13834828E+00 1.13835819E+00 1.13836431E+00 1.13836577E+00 1.13836096E+00 1.13834886E+00 1.13832739E+00 1.13829505E+00 1.13824921E+00 1.13818794E+00 1.13810763E+00 1.13800582E+00 1.13787816E+00 1.13772141E+00 1.13752965E+00 1.13729914E+00 1.13702262E+00 1.13669513E+00 1.13630804E+00 1.13585538E+00 1.13532645E+00 1.13471405E+00 1.13400570E+00 1.13319310E+00 1.13226082E+00 1.13119958E+00 1.12999143E+00 1.12862487E+00 1.12708154E+00 1.12534826E+00 1.12340109E+00 1.12122669E+00 1.11880114E+00 1.11610805E+00 1.11314631E+00 1.10987780E+00 1.10662806E+00 1.10309251E+00 1.09970661E+00 1.09606827E+00 1.09263059E+00 1.08897789E+00 1.08555869E+00 1.08195638E+00 1.07861255E+00 1.07511952E+00 1.07190113E+00 1.06855832E+00 1.06549550E+00 1.06233088E+00 1.05944727E+00 1.05648225E+00 1.05379110E+00 1.05103494E+00 1.04854257E+00 1.04599739E+00 1.04370202E+00 1.04136566E+00 1.03910117E+00 1.03679957E+00 1.03445987E+00 1.03208204E+00 1.02966805E+00 1.02721799E+00 1.02473057E+00 1.02220644E+00 1.01965247E+00 1.01706796E+00 1.01443902E+00 1.01177219E+00 1.00916596E+00 1.00666352E+00 1.00371609E+00 1.00000000E+00
1.13991500E+00 1.13992202E+00 1.13992662E+00 1.13993010E+00 1.13993272E+00 1.13993505E+00 1.13993716E+00 1.13993913E+00 1.13994094E+00 1.13994268E+00 1.13994440E+00 1.13994617E+00 1.13994799E+00 1.13994992E+00 1.13995194E+00 1.13995411E+00 1.13995642E+00 1.13995891E+00 1.13996158E+00 1.13996448E+00 1.13996762E+00 1.13997101E+00 1.13997468E+00 1.13997866E+00 1.13998298E+00 1.13998767E+00 1.13999275E+00 1.13999825E+00 1.14000421E+00 1.14001066E+00 1.14001762E+00 1.14002512E+00 1.14003319E+00 1.14004186E+00 1.14005115E+00 1.14006106E+00 1.14007160E+00 1.14008278E+00 1.14009457E+00 1.14010693E+00 1.14011985E+00 1.14013321E+00 1.14014694E+00 1.14016086E+00 1.14017484E+00 1.14018864E+00 1.14020203E+00 1.14021462E+00 1.14022611E+00 1.14023589E+00 1.14024350E+00 1.14024805E+00 1.14024888E+00 1.14024499E+00 1.14023544E+00 1.14021850E+00 1.14019312E+00 1.14015712E+00 1.14010891E+00 1.14004580E+00 1.13996577E+00 1.13986510E+00 1.13974126E+00 1.13958980E+00 1.13940743E+00 1.13918811E+00 1.13892807E+00 1.13861997E+00 1.13825880E+00 1.13783588E+00 1.13734523E+00 1.13677609E+00 1.13612124E+00 1.13536830E+00 1.13450894E+00 1.13352775E+00 1.13241555E+00 1.13115451E+00 1.12973319E+00 1.12813343E+00 1.12634221E+00 1.12433575E+00 1.12210089E+00 1.11961403E+00 1.11685897E+00 1.11383551E+00 1.11050521E+00 1.10719985E+00 1.10360912E+00 1.10017512E+00 1.09648943E+00 1.09301075E+00 1.08931798E+00 1.08586424E+00 1.08222830E+00 1.07885584E+00 1.07533508E+00 1.07209287E+00 1.06872707E+00 1.06564477E+00 1.06246145E+00 1.05956198E+00 1.05658174E+00 1.05387774E+00 1.05110927E+00 1.04860654E+00 1.04605153E+00 1.04374789E+00 1.04140367E+00 1.03913212E+00 1.03682383E+00 1.03447791E+00 1.03209436E+00 1.02967507E+00 1.02722017E+00 1.02472851E+00 1.02220070E+00 1.01964355E+00 1.01705649E+00 1.01442594E+00 1.01175840E+00 1.00915196E+00 1.00665042E+00 1.00370748E+00 1.00000000E+00
1.14118710E+00 1.14119435E+00 1.14119790E+00 1.14120069E+00 1.14120258E+00 1.14120419E+00 1.14120557E+00 1.14120682E+00 1.14120793E+00 1.14120900E+00 1.14121006E+00 1.14121115E+00 1.14121225E+00 1.14121339E+00 1.14121458E+00 1.14121580E+00 1.14121708E+00 1.14121844E+00 1.14121985E+00 1.14122138E+00 1.14122300E+00 1.14122474E+00 1.14122661E+00 1.14122863E+00 1.14123082E+00 1.14123322E+00 1.14123583E+00 1.14123867E+00 1.14124178E+00 1.14124517E+00 1.14124885E+00 1.14125284E+00 1.14125715E+00 1.14126182E+00 1.14126685E+00 1.14127221E+00 1.14127791E+00 1.14128393E+00 1.14129024E+00 1.14129676E+00 1.14130348E+00 1.14131024E+00 1.14131696E+00 1.14132341E+00 1.14132946E+00 1.14133484E+00 1.14133929E+00 1.14134238E+00 1.14134379E+00 1.14134288E+00 1.14133917E+00 1.14133169E+00 1.14131976E+00 1.14130237E+00 1.14127854E+00 1.14124647E+00 1.14120512E+00 1.14115224E+00 1.14108623E+00 1.14100436E+00 1.14090458E+00 1.14078313E+00 1.14063748E+00 1.14046313E+00 1.14025679E+00 1.14001240E+00 1.13972620E+00 1.13939087E+00 1.13900138E+00 1.13854911E+00 1.13802807E+00 1.13742757E+00 1.13674041E+00 1.13595431E+00 1.13506101E+00 1.13404519E+00 1.13289776E+00 1.13160104E+00 1.13014368E+00 1.12850773E+00 1.12668026E+00 1.12463774E+00 1.12236713E+00 1.11984507E+00 1.11705553E+00 1.11399888E+00 1.11063654E+00 1.10730344E+00 1.10368624E+00 1.10023016E+00 1.09652368E+00 1.09302782E+00 1.08931910E+00 1.08585237E+00 1.08220451E+00 1.07882261E+00 1.07529336E+00 1.07204440E+00 1.06867266E+00 1.06558589E+00 1.06239881E+00 1.05949664E+00 1.05651423E+00 1.05380888E+00 1.05103949E+00 1.04853637E+00 1.04598144E+00 1.04367819E+00 1.04133471E+00 1.03906419E+00 1.03675721E+00 1.03441297E+00 1.03203147E+00 1.02961455E+00 1.02716236E+00 1.02467383E+00 1.02214957E+00 1.01959630E+00 1.01701355E+00 1.01438793E+00 1.01172589E+00 1.00912529E+00 1.00663013E+00 1.00369582E+00 1.00000000E+00
1.14205352E+00 1.14205877E+00 1.14205940E+00 1.14205983E+00 1.14205935E+00 1.14205859E+00 1.14205768E+00 1.14205674E+00 1.14205579E+00 1.14205488E+00 1.14205400E+00 1.14205312E+00 1.14205223E+00 1.14205132E+00 1.14205038E+00 1.14204938E+00 1.14204832E+00 1.14204720E+00 1.14204601E+00 1.14204477E+00 1.14204348E+00 1.14204212E+00 1.14204073E+00 1.14203930E+00 1.14203785E+00 1.14203642E+00 1.14203500E+00 1.14203360E+00 1.14203226E+00 1.14203098E+00 1.14202977E+00 1.14202862E+00 1.14202755E+00 1.14202660E+00 1.14202574E+00 1.14202495E+00 1.14202421E+00 1.14202352E+00 1.14202281E+00 1.14202199E+00 1.14202105E+00 1.14201981E+00 1.14201819E+00 1.14201592E+00 1.14201286E+00 1.14200875E+00 1.14200328E+00 1.14199604E+00 1.14198666E+00 1.14197451E+00 1.14195907E+00 1.14193937E+00 1.14191471E+00 1.14188405E+00 1.14184642E+00 1.14179998E+00 1.14174369E+00 1.14167530E+00 1.14159318E+00 1.14149461E+00 1.14137753E+00 1.14123817E+00 1.14107401E+00 1.14088053E+00 1.14065449E+00 1.14038982E+00 1.14008279E+00 1.13972610E+00 1.13931478E+00 1.13884021E+00 1.13829649E+00 1.13767295E+00 1.13696246E+00 1.13615285E+00 1.13523588E+00 1.13419637E+00 1.13302529E+00 1.13170510E+00 1.13022456E+00 1.12856582E+00 1.12671609E+00 1.12465203E+00 1.12236068E+00 1.11981885E+00 1.11701065E+00 1.11393681E+00 1.11055868E+00 1.10721269E+00 1.10358398E+00 1.10011905E+00 1.09640502E+00 1.09290362E+00 1.08919050E+00 1.08572090E+00 1.08207111E+00 1.07868845E+00 1.07515926E+00 1.07191100E+00 1.06854064E+00 1.06545574E+00 1.06227111E+00 1.05937159E+00 1.05639229E+00 1.05369010E+00 1.05092424E+00 1.04842458E+00 1.04587344E+00 1.04357382E+00 1.04123421E+00 1.03896762E+00 1.03666481E+00 1.03432499E+00 1.03194820E+00 1.02953622E+00 1.02708921E+00 1.02460617E+00 1.02208770E+00 1.01954046E+00 1.01696403E+00 1.01434514E+00 1.01169025E+00 1.00909701E+00 1.00660947E+00 1.00368434E+00 1.00000000E+00
