$MeshFormat
2.2 0 8
$EndMeshFormat
$Nodes
2413
1 -24 0 0
2 -2 0 0
3 -1 0 0
4 -0.7071067811865476 0.7071067811865476 0
5 0 1 0
6 0.7071067811865476 0.7071067811865476 0
7 1 0 0
8 2 0 0
9 6 0 0
10 6 2 0
11 2 2 0
12 0 2 0
13 -2 2 0
14 -24 2 0
15 -20.5967090242597 0 0
16 -17.66316469965782 0 0
17 -15.13452922723457 0 0
18 -12.95491417984455 0 0
19 -11.07614523341524 0 0
20 -9.456697453564441 0 0
21 -8.060777493754077 0 0
22 -6.857532440849447 0 0
23 -5.820367907446816 0 0
24 -4.926360252156389 0 0
25 -4.155749964293172 0 0
26 -3.491504839968272 0 0
27 -2.918943594186629 0 0
28 -2.425411376514095 0 0
29 -22.8655696747545 0 0
30 -21.73113934950642 0 0
31 -19.61886091605907 0 0
32 -18.64101280785903 0 0
33 -16.82028620885158 0 0
34 -15.97740771804256 0 0
35 -14.40799087810443 0 0
36 -13.68145252897447 0 0
37 -12.32865786436807 0 0
38 -11.70240154889206 0 0
39 -10.53632930679811 0 0
40 -9.996513380181316 0 0
41 -8.991390800294145 0 0
42 -8.52608414702409 0 0
43 -7.659695809452284 0 0
44 -7.258614125150164 0 0
45 -6.511810929715175 0 0
46 -6.166089418580903 0 0
47 -5.522365355683281 0 0
48 -5.224362803919927 0 0
49 -4.669490156201711 0 0
50 -4.412620060247111 0 0
51 -3.934334922851633 0 0
52 -3.712919881409832 0 0
53 -3.300651091374561 0 0
54 -3.109797342780425 0 0
55 -2.754432854962474 0 0
56 -2.589922115738297 0 0
57 -2.283607584342811 0 0
58 -2.141803792171363 0 0
59 -1.701257084936038 0 0
60 -1.474852290847387 0 0
61 -1.303269542217974 0 0
62 -1.173234136354338 0 0
63 -1.074685727353891 0 0
64 -1.900419028311786 0 0
65 -1.800838056624005 0 0
66 -1.62578882023998 0 0
67 -1.550320555543921 0 0
68 -1.417658041304273 0 0
69 -1.360463791761136 0 0
70 -1.259924406930225 0 0
71 -1.216579271642513 0 0
72 -1.140384666687526 0 0
73 -1.107535197020605 0 0
74 -1.049790484902549 0 0
75 -1.024895242451293 0 0
76 -0.9944019425399717 0.1056635068163596 0
77 -0.9757522169432569 0.218878073662757 0
78 -0.9410194486933724 0.338352474766805 0
79 -0.8869102072057592 0.4619418625262679 0
80 -0.8100221234243206 0.5863993174988821 0
81 -0.9993774770099909 0.0352797171919654 0
82 -0.9975106831087083 0.07051550952803295 0
83 -0.9896313951816547 0.1436304343473615 0
84 -0.983411784306957 0.1813870515946693 0
85 -0.9658311699042572 0.2591720494987334 0
86 -0.9542469310156727 0.2990197228397653 0
87 -0.9248438391225849 0.3803470431553244 0
88 -0.9067952413436796 0.4215713347423633 0
89 -0.8633166588896802 0.5046626065834079 0
90 -0.8376669341825738 0.5461813868827531 0
91 -0.7778637386473698 0.6284329750240167 0
92 -0.7435265652958329 0.6687063979799964 0
93 -0.6087614287464923 0.7933533404924503 0
94 -0.4999999994545588 0.8660254040993496 0
95 -0.382683431538472 0.9238795328536835 0
96 -0.258819044487161 0.9659258264539539 0
97 -0.1305261918980575 0.991444861416202 0
98 -0.6755902075242056 0.737277336893927 0
99 -0.6427876094765029 0.7660444432952199 0
100 -0.5735764360077963 0.8191520445293382 0
101 -0.5372996079310695 0.8433914460777507 0
102 -0.4617486126413645 0.8870108334872666 0
103 -0.4226182610663192 0.9063077873511189 0
104 -0.3420201425915442 0.9396926210531082 0
105 -0.3007057988193754 0.9537169509641747 0
106 -0.2164396134360461 0.976296007231237 0
107 -0.1736481773452527 0.9848077530689288 0
108 -0.08715574257485842 0.9961946981068639 0
109 -0.04361938721316783 0.9990482215885017 0
110 0.1305261925691434 0.9914448613278516 0
111 0.258819045837744 0.9659258260920658 0
112 0.3826834333870861 0.923879532087962 0
113 0.5000000006180165 0.8660254034276267 0
114 0.6087614293198809 0.7933533400524735 0
115 0.04361938745893271 0.9990482215777713 0
116 0.08715574297759511 0.9961946980716286 0
117 0.1736481781367354 0.9848077529293687 0
118 0.216439614550417 0.9762960069841866 0
119 0.3007058003223872 0.9537169504902765 0
120 0.3420201442337265 0.9396926204554024 0
121 0.4226182626559612 0.9063077866098563 0
122 0.4617486139923782 0.8870108327839733 0
123 0.5372996088917557 0.8433914454657259 0
124 0.573576436817362 0.8191520439624739 0
125 0.6427876098909112 0.7660444429474896 0
126 0.675590207724439 0.7372773367104466 0
127 0.8100221238228835 0.5863993169483281 0
128 0.8869102079367244 0.4619418611228439 0
129 0.9410194493491448 0.3383524729429838 0
130 0.9757522172570543 0.218878072263859 0
131 0.9944019426273705 0.1056635059938509 0
132 0.7435265653039713 0.668706397970948 0
133 0.777863738865908 0.6284329747535142 0
134 0.8376669346997163 0.546181386089623 0
135 0.8633166595160346 0.5046626055119159 0
136 0.9067952421530001 0.421571333001525 0
137 0.9248438399530254 0.3803470411360435 0
138 0.9542469315510154 0.2990197211313534 0
139 0.9658311703215361 0.2591720479437016 0
140 0.9834117845483128 0.1813870502861313 0
141 0.9896313953377408 0.1436304332719113 0
142 0.9975106831456151 0.07051550900595432 0
143 0.9993774770178039 0.0352797169706538 0
144 1.074685729525392 0 0
145 1.173234138511166 0 0
146 1.303269544129076 0 0
147 1.474852292135558 0 0
148 1.701257085008123 0 0
149 1.024895243175138 0 0
150 1.049790486350255 0 0
151 1.107535199187334 0 0
152 1.14038466884929 0 0
153 1.21657927371713 0 0
154 1.259924408923103 0 0
155 1.360463793464471 0 0
156 1.417658042800066 0 0
157 1.55032055642645 0 0
158 1.625788820717194 0 0
159 1.800838056672217 0 0
160 1.900419028336372 0 0
161 2.571428578765825 0 0
162 3.714285718075078 0 0
163 2.190476192921955 0 0
164 2.380952385844127 0 0
165 2.95238095853605 0 0
166 3.333333338305327 0 0
167 4.476190478715205 0 0
168 5.238095239359092 0 0
169 6 0.1493714590506025 0
170 6 0.3464682770217986 0
171 6 0.6065390882568473 0
172 6 0.9497045842686038 0
173 6 1.402514170014425 0
174 6 0.04979048635020519 0
175 6 0.09958097270039712 0
176 6 0.2150703983743801 0
177 6 0.2807693376981121 0
178 6 0.4331585474334815 0
179 6 0.5198488178451643 0
180 6 0.7209275869274329 0
181 6 0.8353160855980184 0
182 6 1.100641112850347 0
183 6 1.251577641432386 0
184 6 1.60167611334295 0
185 6 1.800838056671475 0
186 3.71428569821179 2 0
187 2.571428553928087 2 0
188 5.238095232738158 2 0
189 4.476190465475685 2 0
190 3.333333316783889 2 0
191 2.952380935355988 2 0
192 2.380952369285391 2 0
193 2.190476184642696 2 0
194 1.666666666666204 2 0
195 1.333333333335184 2 0
196 1.000000000004119 2 0
197 0.6666666666694414 2 0
198 0.3333333333347208 2 0
199 1.888888888888578 2 0
200 1.777777777777327 2 0
201 1.55555555555579 2 0
202 1.444444444445513 2 0
203 1.222222222224783 2 0
204 1.111111111114382 2 0
205 0.8888888888925597 2 0
206 0.7777777777810004 2 0
207 0.555555555557868 2 0
208 0.4444444444462945 2 0
209 0.2222222222231471 2 0
210 0.1111111111115737 2 0
211 -0.3333333333326418 2 0
212 -0.6666666666650021 2 0
213 -0.9999999999973841 2 0
214 -1.333333333331575 2 0
215 -1.666666666665787 2 0
216 -0.1111111111108847 2 0
217 -0.2222222222218194 2 0
218 -0.4444444444434285 2 0
219 -0.5555555555542153 2 0
220 -0.777777777775796 2 0
221 -0.88888888888659 2 0
222 -1.111111111108781 2 0
223 -1.222222222220178 2 0
224 -1.444444444442979 2 0
225 -1.555555555554383 2 0
226 -1.777777777777192 2 0
227 -1.888888888888596 2 0
228 -2.425411376513431 2 0
229 -2.91894359418509 2 0
230 -3.491504839965916 2 0
231 -4.155749964290278 2 0
232 -4.926360252149904 2 0
233 -5.820367907435957 2 0
234 -6.857532440832981 2 0
235 -8.060777493730486 2 0
236 -9.456697453531858 2 0
237 -11.0761452333714 2 0
238 -12.95491417978668 2 0
239 -15.13452922719571 2 0
240 -17.66316469963281 2 0
241 -20.59670902424519 2 0
242 -2.14180379217117 2 0
243 -2.283607584342321 2 0
244 -2.589922115737354 2 0
245 -2.754432854961273 2 0
246 -3.109797342778692 2 0
247 -3.300651091372294 2 0
248 -3.712919881407342 2 0
249 -3.934334922848756 2 0
250 -4.412620060243738 2 0
251 -4.669490156196932 2 0
252 -5.224362803911971 2 0
253 -5.52236535567394 2 0
254 -6.166089418568204 2 0
255 -6.511810929700677 2 0
256 -7.258614125132102 2 0
257 -7.65969580943137 2 0
258 -8.526084146997864 2 0
259 -8.991390800265037 2 0
260 -9.996513380145698 2 0
261 -10.5363293067585 2 0
262 -11.70240154884317 2 0
263 -12.32865786431466 2 0
264 -13.68145252892277 2 0
265 -14.40799087805907 2 0
266 -15.97740771800899 2 0
267 -16.82028620882198 2 0
268 -18.64101280783676 2 0
269 -19.61886091604097 2 0
270 -21.73113934949757 2 0
271 -22.86556967474897 2 0
272 -24 1.402514169874 0
273 -24 0.9497045816990242 0
274 -24 0.6065390844383642 0
275 -24 0.346468272709896 0
276 -24 0.1493714547082441 0
277 -24 1.800838056624468 0
278 -24 1.601676113249316 0
279 -24 1.251577640482378 0
280 -24 1.100641111090818 0
281 -24 0.8353160826121375 0
282 -24 0.7209275835252509 0
283 -24 0.5198488138622082 0
284 -24 0.4331585432860521 0
285 -24 0.280769333376012 0
286 -24 0.2150703940421279 0
287 -24 0.09958096980549613 0
288 -24 0.04979048490274818 0
289 -2 1.402514169874 0
290 -2 0.9497045816990242 0
291 -2 0.6065390844383642 0
292 -2 0.346468272709896 0
293 -2 0.1493714547082441 0
294 -2 1.800838056624468 0
295 -2 1.601676113249316 0
296 -2 1.251577640482378 0
297 -2 1.100641111090818 0
298 -2 0.8353160826121375 0
299 -2 0.7209275835252509 0
300 -2 0.5198488138622082 0
301 -2 0.4331585432860521 0
302 -2 0.280769333376012 0
303 -2 0.2150703940421279 0
304 -2 0.09958096980549613 0
305 -2 0.04979048490274818 0
306 -0.7580333066345846 0.7580333066345846 0
307 -0.8387464070705133 0.8387464070705133 0
308 -0.966668045034623 0.966668045034623 0
309 -1.169410174533989 1.169410174533989 0
310 -1.490734794812249 1.490734794812249 0
311 -0.7240822896692264 0.7240822896692264 0
312 -0.7410577981518953 0.7410577981518953 0
313 -0.7849376734465185 0.7849376734465185 0
314 -0.8118420402585097 0.8118420402585097 0
315 -0.8813869530586116 0.8813869530586116 0
316 -0.9240274990466111 0.9240274990466111 0
317 -1.034248754867751 1.034248754867751 0
318 -1.101829464700818 1.101829464700818 0
319 -1.27651838129305 1.27651838129305 0
320 -1.383626588052827 1.383626588052827 0
321 -1.660489863208233 1.660489863208233 0
322 -1.830244931604101 1.830244931604101 0
323 0 1.074685729525392 0
324 0 1.173234138511166 0
325 0 1.303269544129076 0
326 0 1.474852292135558 0
327 0 1.701257085008123 0
328 0 1.024895243175138 0
329 0 1.049790486350255 0
330 0 1.107535199187334 0
331 0 1.14038466884929 0
332 0 1.21657927371713 0
333 0 1.259924408923103 0
334 0 1.360463793464471 0
335 0 1.417658042800066 0
336 0 1.55032055642645 0
337 0 1.625788820717194 0
338 0 1.800838056672217 0
339 0 1.900419028336372 0
340 0.7580333066345846 0.7580333066345846 0
341 0.8387464070705133 0.8387464070705133 0
342 0.966668045034623 0.966668045034623 0
343 1.169410174533989 1.169410174533989 0
344 1.490734794812249 1.490734794812249 0
345 0.7240822896692264 0.7240822896692264 0
346 0.7410577981518953 0.7410577981518953 0
347 0.7849376734465185 0.7849376734465185 0
348 0.8118420402585097 0.8118420402585097 0
349 0.8813869530586116 0.8813869530586116 0
350 0.9240274990466111 0.9240274990466111 0
351 1.034248754867751 1.034248754867751 0
352 1.101829464700818 1.101829464700818 0
353 1.27651838129305 1.27651838129305 0
354 1.383626588052827 1.383626588052827 0
355 1.660489863208233 1.660489863208233 0
356 1.830244931604101 1.830244931604101 0
357 2 0.1493714590506025 0
358 2 0.3464682770217986 0
359 2 0.6065390882568473 0
360 2 0.9497045842686038 0
361 2 1.402514170014425 0
362 2 0.04979048635020519 0
363 2 0.09958097270039712 0
364 2 0.2150703983743801 0
365 2 0.2807693376981121 0
366 2 0.4331585474334815 0
367 2 0.5198488178451643 0
368 2 0.7209275869274329 0
369 2 0.8353160855980184 0
370 2 1.100641112850347 0
371 2 1.251577641432386 0
372 2 1.60167611334295 0
373 2 1.800838056671475 0
374 -20.59670902425861 0.1493714547082441 0
375 -20.59670902425718 0.346468272709896 0
376 -20.59670902425529 0.6065390844383642 0
377 -20.5967090242528 0.9497045816990242 0
378 -20.59670902424952 1.402514169874 0
379 -17.66316469965595 0.1493714547082441 0
380 -17.66316469965349 0.346468272709896 0
381 -17.66316469965023 0.6065390844383642 0
382 -17.66316469964594 0.9497045816990242 0
383 -17.66316469964028 1.402514169874 0
384 -15.13452922723167 0.1493714547082441 0
385 -15.13452922722784 0.346468272709896 0
386 -15.13452922722279 0.6065390844383642 0
387 -15.13452922721611 0.9497045816990242 0
388 -15.13452922720732 1.402514169874 0
389 -12.95491417984023 0.1493714547082441 0
390 -12.95491417983452 0.346468272709896 0
391 -12.954914179827 0.6065390844383642 0
392 -12.95491417981707 0.9497045816990242 0
393 -12.95491417980397 1.402514169874 0
394 -11.07614523341197 0.1493714547082441 0
395 -11.07614523340765 0.346468272709896 0
396 -11.07614523340194 0.6065390844383642 0
397 -11.07614523339442 0.9497045816990242 0
398 -11.0761452333845 1.402514169874 0
399 -9.456697453562008 0.1493714547082441 0
400 -9.456697453558796 0.346468272709896 0
401 -9.456697453554558 0.6065390844383642 0
402 -9.456697453548969 0.9497045816990242 0
403 -9.45669745354159 1.402514169874 0
404 -8.060777493752315 0.1493714547082441 0
405 -8.060777493749992 0.346468272709896 0
406 -8.060777493746922 0.6065390844383642 0
407 -8.060777493742876 0.9497045816990242 0
408 -8.060777493737532 1.402514169874 0
409 -6.857532440848217 0.1493714547082441 0
410 -6.857532440846595 0.346468272709896 0
411 -6.857532440844452 0.6065390844383642 0
412 -6.857532440841629 0.9497045816990242 0
413 -6.857532440837899 1.402514169874 0
414 -5.820367907446005 0.1493714547082441 0
415 -5.820367907444934 0.346468272709896 0
416 -5.820367907443522 0.6065390844383642 0
417 -5.820367907441659 0.9497045816990242 0
418 -5.8203679074392 1.402514169874 0
419 -4.926360252155905 0.1493714547082441 0
420 -4.926360252155266 0.346468272709896 0
421 -4.926360252154423 0.6065390844383642 0
422 -4.926360252153311 0.9497045816990242 0
423 -4.926360252151841 1.402514169874 0
424 -4.155749964292957 0.1493714547082441 0
425 -4.155749964292671 0.346468272709896 0
426 -4.155749964292294 0.6065390844383642 0
427 -4.155749964291797 0.9497045816990242 0
428 -4.155749964291143 1.402514169874 0
429 -3.491504839968095 0.1493714547082441 0
430 -3.491504839967864 0.346468272709896 0
431 -3.491504839967558 0.6065390844383642 0
432 -3.491504839967154 0.9497045816990242 0
433 -3.49150483996662 1.402514169874 0
434 -2.918943594186514 0.1493714547082441 0
435 -2.918943594186363 0.346468272709896 0
436 -2.918943594186163 0.6065390844383642 0
437 -2.918943594185899 0.9497045816990242 0
438 -2.91894359418555 1.402514169874 0
439 -2.425411376514046 0.1493714547082441 0
440 -2.425411376513979 0.346468272709896 0
441 -2.425411376513894 0.6065390844383642 0
442 -2.425411376513779 0.9497045816990242 0
443 -2.42541137651363 1.402514169874 0
444 -20.59670902425933 0.04979048490274802 0
445 -20.59670902425897 0.09958096980549604 0
446 -21.73113934950574 0.1493714547082441 0
447 -22.86556967475287 0.1493714547082441 0
448 -22.86556967475396 0.04979048490274813 0
449 -21.73113934950619 0.04979048490274807 0
450 -21.73113934950597 0.09958096980549605 0
451 -22.86556967475341 0.09958096980549612 0
452 -20.59670902425813 0.215070394042128 0
453 -20.59670902425766 0.280769333376012 0
454 -21.73113934950479 0.346468272709896 0
455 -22.86556967475239 0.346468272709896 0
456 -22.86556967475271 0.215070394042128 0
457 -21.73113934950542 0.215070394042128 0
458 -21.7311393495051 0.280769333376012 0
459 -22.86556967475255 0.280769333376012 0
460 -20.59670902425655 0.4331585432860521 0
461 -20.59670902425592 0.5198488138622082 0
462 -21.73113934950353 0.6065390844383642 0
463 -22.86556967475176 0.6065390844383642 0
464 -22.86556967475218 0.4331585432860521 0
465 -21.73113934950436 0.4331585432860521 0
466 -21.73113934950394 0.5198488138622082 0
467 -22.86556967475197 0.5198488138622082 0
468 -20.59670902425446 0.7209275835252509 0
469 -20.59670902425363 0.8353160826121375 0
470 -21.73113934950187 0.9497045816990242 0
471 -22.86556967475093 0.9497045816990242 0
472 -22.86556967475148 0.7209275835252509 0
473 -21.73113934950297 0.7209275835252511 0
474 -21.73113934950242 0.8353160826121375 0
475 -22.86556967475121 0.8353160826121375 0
476 -20.59670902425171 1.100641111090683 0
477 -20.59670902425061 1.251577640482341 0
478 -21.73113934949968 1.402514169874 0
479 -22.86556967474984 1.402514169874 0
480 -22.86556967475056 1.100641111090773 0
481 -21.73113934950114 1.100641111090728 0
482 -21.73113934950041 1.251577640482354 0
483 -22.8655696747502 1.251577640482366 0
484 -20.59670902424807 1.601676113249333 0
485 -20.59670902424663 1.800838056624667 0
486 -22.86556967474955 1.601676113249322 0
487 -21.73113934949897 1.601676113249328 0
488 -21.73113934949828 1.8008380566246 0
489 -22.86556967474926 1.800838056624534 0
490 -17.66316469965719 0.04979048490274803 0
491 -17.66316469965657 0.09958096980549605 0
492 -18.64101280785684 0.1493714547082441 0
493 -19.61886091605772 0.1493714547082441 0
494 -19.61886091605862 0.04979048490274802 0
495 -18.6410128078583 0.04979048490274803 0
496 -18.64101280785757 0.09958096980549605 0
497 -19.61886091605817 0.09958096980549604 0
498 -17.66316469965513 0.215070394042128 0
499 -17.66316469965431 0.280769333376012 0
500 -18.64101280785472 0.346468272709896 0
501 -19.61886091605595 0.346468272709896 0
502 -19.61886091605713 0.215070394042128 0
503 -18.64101280785613 0.215070394042128 0
504 -18.64101280785543 0.280769333376012 0
505 -19.61886091605654 0.280769333376012 0
506 -17.66316469965241 0.4331585432860521 0
507 -17.66316469965132 0.5198488138622082 0
508 -18.64101280785192 0.6065390844383642 0
509 -19.6188609160536 0.6065390844383642 0
510 -19.61886091605517 0.4331585432860521 0
511 -18.64101280785378 0.4331585432860521 0
512 -18.64101280785285 0.5198488138622082 0
513 -19.61886091605439 0.5198488138622082 0
514 -17.6631646996488 0.7209275835252509 0
515 -17.66316469964737 0.8353160826121375 0
516 -18.64101280784823 0.9497045816990242 0
517 -19.61886091605052 0.9497045816990242 0
518 -19.61886091605258 0.7209275835252509 0
519 -18.64101280785069 0.7209275835252511 0
520 -18.64101280784946 0.8353160826121375 0
521 -19.61886091605155 0.8353160826121375 0
522 -17.66316469964405 1.100641111090683 0
523 -17.66316469964216 1.251577640482342 0
524 -18.64101280784336 1.402514169874 0
525 -19.61886091604644 1.402514169874 0
526 -19.61886091604916 1.100641111090683 0
527 -18.64101280784661 1.100641111090683 0
528 -18.64101280784498 1.251577640482342 0
529 -19.6188609160478 1.251577640482341 0
530 -17.66316469963779 1.601676113249334 0
531 -17.6631646996353 1.800838056624667 0
532 -19.61886091604462 1.601676113249333 0
533 -18.64101280784115 1.601676113249333 0
534 -18.64101280783895 1.800838056624666 0
535 -19.6188609160428 1.800838056624666 0
536 -15.1345292272336 0.04979048490274803 0
537 -15.13452922723264 0.09958096980549605 0
538 -15.97740771803976 0.1493714547082441 0
539 -16.82028620884785 0.1493714547082441 0
540 -16.82028620885034 0.04979048490274803 0
541 -15.97740771804163 0.04979048490274803 0
542 -15.97740771804069 0.09958096980549605 0
543 -16.8202862088491 0.09958096980549605 0
544 -15.13452922723039 0.215070394042128 0
545 -15.13452922722912 0.280769333376012 0
546 -15.97740771803639 0.346468272709896 0
547 -16.82028620884494 0.346468272709896 0
548 -16.82028620884688 0.215070394042128 0
549 -15.97740771803863 0.215070394042128 0
550 -15.97740771803751 0.280769333376012 0
551 -16.82028620884591 0.280769333376012 0
552 -15.13452922722615 0.4331585432860521 0
553 -15.13452922722447 0.5198488138622082 0
554 -15.97740771803193 0.6065390844383642 0
555 -16.82028620884108 0.6065390844383642 0
556 -16.82028620884365 0.4331585432860521 0
557 -15.9774077180349 0.4331585432860521 0
558 -15.97740771803342 0.5198488138622082 0
559 -16.82028620884237 0.5198488138622082 0
560 -15.13452922722056 0.7209275835252509 0
561 -15.13452922721834 0.8353160826121375 0
562 -15.97740771802606 0.9497045816990242 0
563 -16.820286208836 0.9497045816990242 0
564 -16.82028620883939 0.7209275835252509 0
565 -15.97740771802997 0.7209275835252511 0
566 -15.97740771802802 0.8353160826121375 0
567 -16.82028620883769 0.8353160826121375 0
568 -15.13452922721318 1.100641111090683 0
569 -15.13452922721025 1.251577640482342 0
570 -15.9774077180183 1.402514169874 0
571 -16.82028620882929 1.402514169874 0
572 -16.82028620883376 1.100641111090683 0
573 -15.97740771802347 1.100641111090683 0
574 -15.97740771802089 1.251577640482342 0
575 -16.82028620883153 1.251577640482342 0
576 -15.13452922720345 1.601676113249334 0
577 -15.13452922719958 1.800838056624667 0
578 -16.82028620882685 1.601676113249334 0
579 -15.9774077180152 1.601676113249333 0
580 -15.9774077180121 1.800838056624666 0
581 -16.82028620882442 1.800838056624666 0
582 -12.95491417984311 0.04979048490274803 0
583 -12.95491417984167 0.09958096980549605 0
584 -13.68145252897071 0.1493714547082441 0
585 -14.40799087810119 0.1493714547082441 0
586 -14.40799087810335 0.04979048490274803 0
587 -13.68145252897321 0.04979048490274803 0
588 -13.68145252897196 0.09958096980549605 0
589 -14.40799087810227 0.09958096980549605 0
590 -12.95491417983833 0.215070394042128 0
591 -12.95491417983643 0.280769333376012 0
592 -13.68145252896563 0.346468272709896 0
593 -14.40799087809673 0.346468272709896 0
594 -14.4079908780997 0.215070394042128 0
595 -13.68145252896901 0.215070394042128 0
596 -13.68145252896732 0.280769333376012 0
597 -14.40799087809822 0.280769333376012 0
598 -12.95491417983202 0.4331585432860521 0
599 -12.95491417982951 0.5198488138622082 0
600 -13.68145252895893 0.6065390844383642 0
601 -14.40799087809086 0.6065390844383642 0
602 -14.40799087809478 0.4331585432860521 0
603 -13.6814525289634 0.4331585432860521 0
604 -13.68145252896116 0.5198488138622082 0
605 -14.40799087809282 0.5198488138622082 0
606 -12.95491417982369 0.7209275835252509 0
607 -12.95491417982038 0.8353160826121375 0
608 -13.68145252895009 0.9497045816990242 0
609 -14.4079908780831 0.9497045816990242 0
610 -14.40799087808827 0.7209275835252509 0
611 -13.68145252895598 0.7209275835252511 0
612 -13.68145252895303 0.8353160826121375 0
613 -14.40799087808568 0.8353160826121375 0
614 -12.95491417981271 1.100641111090683 0
615 -12.95491417980834 1.251577640482342 0
616 -13.68145252893842 1.402514169874 0
617 -14.40799087807287 1.402514169874 0
618 -14.40799087807969 1.100641111090683 0
619 -13.6814525289462 1.100641111090683 0
620 -13.68145252894231 1.251577640482342 0
621 -14.40799087807628 1.251577640482342 0
622 -12.95491417979821 1.601676113249334 0
623 -12.95491417979244 1.800838056624667 0
624 -14.40799087806827 1.601676113249334 0
625 -13.68145252893321 1.601676113249333 0
626 -13.68145252892799 1.800838056624666 0
627 -14.40799087806367 1.800838056624666 0
628 -11.07614523341415 0.04979048490274803 0
629 -11.07614523341306 0.09958096980549605 0
630 -11.70240154888805 0.1493714547082441 0
631 -12.32865786436414 0.1493714547082441 0
632 -12.32865786436676 0.04979048490274803 0
633 -11.70240154889072 0.04979048490274803 0
634 -11.70240154888938 0.09958096980549605 0
635 -12.32865786436545 0.09958096980549605 0
636 -11.07614523341053 0.215070394042128 0
637 -11.07614523340909 0.280769333376012 0
638 -11.70240154888327 0.346468272709896 0
639 -12.3286578643589 0.346468272709896 0
640 -12.32865786436239 0.215070394042128 0
641 -11.70240154888646 0.215070394042128 0
642 -11.70240154888487 0.280769333376012 0
643 -12.32865786436065 0.280769333376012 0
644 -11.07614523340574 0.4331585432860521 0
645 -11.07614523340384 0.5198488138622082 0
646 -11.70240154887696 0.6065390844383642 0
647 -12.32865786435198 0.6065390844383642 0
648 -12.32865786435659 0.4331585432860521 0
649 -11.70240154888117 0.4331585432860521 0
650 -11.70240154887907 0.5198488138622082 0
651 -12.32865786435429 0.5198488138622082 0
652 -11.07614523339944 0.7209275835252509 0
653 -11.07614523339693 0.8353160826121375 0
654 -11.70240154886864 0.9497045816990242 0
655 -12.32865786434286 0.9497045816990242 0
656 -12.32865786434894 0.7209275835252509 0
657 -11.70240154887419 0.7209275835252511 0
658 -11.70240154887141 0.8353160826121375 0
659 -12.3286578643459 0.8353160826121375 0
660 -11.07614523339111 1.100641111090683 0
661 -11.07614523338781 1.251577640482342 0
662 -11.70240154885766 1.402514169874 0
663 -12.32865786433081 1.402514169874 0
664 -12.32865786433884 1.100641111090683 0
665 -11.70240154886498 1.100641111090683 0
666 -11.70240154886132 1.251577640482342 0
667 -12.32865786433483 1.251577640482342 0
668 -11.07614523338013 1.601676113249334 0
669 -11.07614523337577 1.800838056624667 0
670 -12.32865786432543 1.601676113249334 0
671 -11.70240154885283 1.601676113249333 0
672 -11.702401548848 1.800838056624666 0
673 -12.32865786432005 1.800838056624666 0
674 -9.456697453563629 0.04979048490274803 0
675 -9.456697453562819 0.09958096980549605 0
676 -9.99651338017866 0.1493714547082441 0
677 -10.53632930679531 0.1493714547082441 0
678 -10.53632930679718 0.04979048490274803 0
679 -9.996513380180431 0.04979048490274803 0
680 -9.996513380179547 0.09958096980549605 0
681 -10.53632930679625 0.09958096980549605 0
682 -9.456697453560936 0.215070394042128 0
683 -9.456697453559867 0.280769333376012 0
684 -9.996513380175079 0.346468272709896 0
685 -10.53632930679136 0.346468272709896 0
686 -10.536329306794 0.215070394042128 0
687 -9.996513380177465 0.215070394042128 0
688 -9.996513380176273 0.280769333376012 0
689 -10.53632930679268 0.280769333376012 0
690 -9.456697453557384 0.4331585432860521 0
691 -9.45669745355597 0.5198488138622082 0
692 -9.996513380170352 0.6065390844383642 0
693 -10.53632930678615 0.6065390844383642 0
694 -10.53632930678963 0.4331585432860521 0
695 -9.996513380173504 0.4331585432860521 0
696 -9.996513380171926 0.5198488138622082 0
697 -10.53632930678788 0.5198488138622082 0
698 -9.456697453552694 0.7209275835252509 0
699 -9.456697453550833 0.8353160826121375 0
700 -9.996513380164121 0.9497045816990242 0
701 -10.53632930677927 0.9497045816990242 0
702 -10.53632930678386 0.7209275835252509 0
703 -9.996513380168274 0.7209275835252511 0
704 -9.996513380166199 0.8353160826121375 0
705 -10.53632930678156 0.8353160826121375 0
706 -9.456697453546509 1.100641111090683 0
707 -9.45669745354405 1.251577640482342 0
708 -9.996513380155893 1.402514169874 0
709 -10.5363293067702 1.402514169874 0
710 -10.53632930677625 1.100641111090683 0
711 -9.996513380161378 1.100641111090683 0
712 -9.996513380158635 1.251577640482342 0
713 -10.53632930677322 1.251577640482342 0
714 -9.456697453538347 1.601676113249334 0
715 -9.456697453535101 1.800838056624667 0
716 -10.5363293067663 1.601676113249334 0
717 -9.996513380152496 1.601676113249333 0
718 -9.996513380149096 1.800838056624666 0
719 -10.5363293067624 1.800838056624666 0
720 -8.06077749375349 0.04979048490274803 0
721 -8.060777493752903 0.09958096980549605 0
722 -8.526084147022212 0.1493714547082441 0
723 -8.991390800292111 0.1493714547082441 0
724 -8.991390800293464 0.04979048490274803 0
725 -8.526084147023463 0.04979048490274803 0
726 -8.526084147022839 0.09958096980549605 0
727 -8.991390800292789 0.09958096980549605 0
728 -8.060777493751541 0.215070394042128 0
729 -8.060777493750766 0.280769333376012 0
730 -8.526084147019594 0.346468272709896 0
731 -8.991390800289194 0.346468272709896 0
732 -8.991390800291139 0.215070394042128 0
733 -8.52608414702134 0.215070394042128 0
734 -8.526084147020468 0.280769333376012 0
735 -8.991390800290166 0.280769333376012 0
736 -8.060777493748969 0.4331585432860521 0
737 -8.060777493747945 0.5198488138622082 0
738 -8.526084147016133 0.6065390844383642 0
739 -8.991390800285346 0.6065390844383642 0
740 -8.99139080028791 0.4331585432860521 0
741 -8.526084147018441 0.4331585432860521 0
742 -8.526084147017286 0.5198488138622082 0
743 -8.991390800286629 0.5198488138622082 0
744 -8.060777493745574 0.7209275835252509 0
745 -8.060777493744224 0.8353160826121375 0
746 -8.526084147011574 0.9497045816990242 0
747 -8.991390800280271 0.9497045816990242 0
748 -8.991390800283654 0.7209275835252509 0
749 -8.526084147014613 0.7209275835252511 0
750 -8.526084147013094 0.8353160826121375 0
751 -8.991390800281962 0.8353160826121375 0
752 -8.060777493741094 1.100641111090683 0
753 -8.060777493739314 1.251577640482342 0
754 -8.526084147005552 1.402514169874 0
755 -8.991390800273571 1.402514169874 0
756 -8.991390800278038 1.100641111090683 0
757 -8.526084147009566 1.100641111090683 0
758 -8.526084147007559 1.251577640482342 0
759 -8.991390800275804 1.251577640482342 0
760 -8.060777493735184 1.601676113249334 0
761 -8.060777493732834 1.800838056624667 0
762 -8.991390800270727 1.601676113249334 0
763 -8.52608414700299 1.601676113249333 0
764 -8.526084147000425 1.800838056624666 0
765 -8.99139080026788 1.800838056624666 0
766 -6.857532440849037 0.04979048490274803 0
767 -6.857532440848627 0.09958096980549605 0
768 -7.258614125149584 0.1493714547082441 0
769 -7.659695809450949 0.1493714547082441 0
770 -7.659695809451838 0.04979048490274803 0
771 -7.258614125149971 0.04979048490274803 0
772 -7.258614125149776 0.09958096980549605 0
773 -7.659695809451395 0.09958096980549605 0
774 -6.857532440847677 0.215070394042128 0
775 -6.857532440847136 0.280769333376012 0
776 -7.258614125147727 0.346468272709896 0
777 -7.659695809448859 0.346468272709896 0
778 -7.659695809450252 0.215070394042128 0
779 -7.258614125148965 0.215070394042128 0
780 -7.258614125148346 0.280769333376012 0
781 -7.659695809449556 0.280769333376012 0
782 -6.857532440845881 0.4331585432860521 0
783 -6.857532440845166 0.5198488138622082 0
784 -7.258614125145275 0.6065390844383642 0
785 -7.659695809446099 0.6065390844383642 0
786 -7.659695809447938 0.4331585432860521 0
787 -7.258614125146909 0.4331585432860521 0
788 -7.258614125146094 0.5198488138622082 0
789 -7.659695809447018 0.5198488138622082 0
790 -6.857532440843511 0.7209275835252509 0
791 -6.85753244084257 0.8353160826121375 0
792 -7.258614125142045 0.9497045816990242 0
793 -7.65969580944246 0.9497045816990242 0
794 -7.659695809444885 0.7209275835252509 0
795 -7.258614125144199 0.7209275835252511 0
796 -7.25861412514312 0.8353160826121375 0
797 -7.659695809443672 0.8353160826121375 0
798 -6.857532440840385 1.100641111090683 0
799 -6.857532440839143 1.251577640482342 0
800 -7.258614125137777 1.402514169874 0
801 -7.659695809437655 1.402514169874 0
802 -7.659695809440858 1.100641111090683 0
803 -7.258614125140622 1.100641111090683 0
804 -7.258614125139199 1.251577640482342 0
805 -7.659695809439258 1.251577640482342 0
806 -6.85753244083626 1.601676113249334 0
807 -6.85753244083462 1.800838056624667 0
808 -7.65969580943556 1.601676113249334 0
809 -7.258614125135886 1.601676113249333 0
810 -7.258614125133993 1.800838056624666 0
811 -7.659695809433464 1.800838056624666 0
812 -5.820367907446546 0.04979048490274803 0
813 -5.820367907446275 0.09958096980549605 0
814 -6.166089418580076 0.1493714547082441 0
815 -6.511810929714146 0.1493714547082441 0
816 -6.511810929714832 0.04979048490274803 0
817 -6.166089418580628 0.04979048490274803 0
818 -6.166089418580352 0.09958096980549605 0
819 -6.511810929714489 0.09958096980549605 0
820 -5.820367907445648 0.215070394042128 0
821 -5.820367907445291 0.280769333376012 0
822 -6.166089418578821 0.346468272709896 0
823 -6.511810929712708 0.346468272709896 0
824 -6.511810929713667 0.215070394042128 0
825 -6.166089418579658 0.215070394042128 0
826 -6.16608941857924 0.280769333376012 0
827 -6.511810929713187 0.280769333376012 0
828 -5.820367907444464 0.4331585432860521 0
829 -5.820367907443993 0.5198488138622082 0
830 -6.166089418577165 0.6065390844383642 0
831 -6.511810929710808 0.6065390844383642 0
832 -6.511810929712075 0.4331585432860521 0
833 -6.166089418578269 0.4331585432860521 0
834 -6.166089418577716 0.5198488138622082 0
835 -6.511810929711443 0.5198488138622082 0
836 -5.820367907442901 0.7209275835252509 0
837 -5.82036790744228 0.8353160826121375 0
838 -6.166089418574982 0.9497045816990242 0
839 -6.511810929708306 0.9497045816990242 0
840 -6.511810929709974 0.7209275835252509 0
841 -6.166089418576439 0.7209275835252511 0
842 -6.16608941857571 0.8353160826121375 0
843 -6.511810929709139 0.8353160826121375 0
844 -5.820367907440839 1.100641111090683 0
845 -5.82036790744002 1.251577640482342 0
846 -6.1660894185721 1.402514169874 0
847 -6.511810929705 1.402514169874 0
848 -6.511810929707204 1.100641111090683 0
849 -6.166089418574023 1.100641111090683 0
850 -6.166089418573061 1.251577640482342 0
851 -6.511810929706101 1.251577640482342 0
852 -5.820367907438119 1.601676113249334 0
853 -5.820367907437038 1.800838056624667 0
854 -6.511810929703559 1.601676113249334 0
855 -6.166089418570802 1.601676113249333 0
856 -6.166089418569503 1.800838056624666 0
857 -6.511810929702118 1.800838056624666 0
858 -4.926360252156227 0.04979048490274803 0
859 -4.926360252156067 0.09958096980549605 0
860 -5.224362803919272 0.1493714547082441 0
861 -5.522365355682638 0.1493714547082441 0
862 -5.522365355683067 0.04979048490274803 0
863 -5.224362803919709 0.04979048490274803 0
864 -5.22436280391949 0.09958096980549605 0
865 -5.522365355682853 0.09958096980549605 0
866 -4.926360252155692 0.215070394042128 0
867 -4.926360252155479 0.280769333376012 0
868 -5.224362803918489 0.346468272709896 0
869 -5.522365355681711 0.346468272709896 0
870 -5.522365355682329 0.215070394042128 0
871 -5.224362803919011 0.215070394042128 0
872 -5.22436280391875 0.280769333376012 0
873 -5.52236535568202 0.280769333376012 0
874 -4.926360252154985 0.4331585432860521 0
875 -4.926360252154704 0.5198488138622082 0
876 -5.224362803917455 0.6065390844383642 0
877 -5.522365355680489 0.6065390844383642 0
878 -5.522365355681303 0.4331585432860521 0
879 -5.224362803918144 0.4331585432860521 0
880 -5.224362803917799 0.5198488138622082 0
881 -5.522365355680897 0.5198488138622082 0
882 -4.926360252154052 0.7209275835252509 0
883 -4.926360252153681 0.8353160826121375 0
884 -5.224362803916093 0.9497045816990242 0
885 -5.522365355678876 0.9497045816990242 0
886 -5.522365355679952 0.7209275835252509 0
887 -5.224362803917001 0.7209275835252511 0
888 -5.224362803916547 0.8353160826121375 0
889 -5.522365355679414 0.8353160826121375 0
890 -4.926360252152821 1.100641111090683 0
891 -4.926360252152331 1.251577640482342 0
892 -5.224362803914294 1.402514169874 0
893 -5.522365355676747 1.402514169874 0
894 -5.522365355678167 1.100641111090683 0
895 -5.224362803915494 1.100641111090683 0
896 -5.224362803914894 1.251577640482342 0
897 -5.522365355677458 1.251577640482342 0
898 -4.926360252151196 1.601676113249334 0
899 -4.92636025215055 1.800838056624667 0
900 -5.522365355675812 1.601676113249334 0
901 -5.22436280391352 1.601676113249333 0
902 -5.224362803912745 1.800838056624666 0
903 -5.522365355674876 1.800838056624666 0
904 -4.1557499642931 0.04979048490274803 0
905 -4.155749964293029 0.09958096980549605 0
906 -4.412620060247272 0.1493714547082441 0
907 -4.669490156201589 0.1493714547082441 0
908 -4.66949015620167 0.04979048490274803 0
909 -4.412620060247163 0.04979048490274803 0
910 -4.412620060247218 0.09958096980549605 0
911 -4.669490156201629 0.09958096980549605 0
912 -4.155749964292862 0.215070394042128 0
913 -4.155749964292766 0.280769333376012 0
914 -4.412620060246869 0.346468272709896 0
915 -4.669490156201068 0.346468272709896 0
916 -4.669490156201415 0.215070394042128 0
917 -4.412620060247138 0.215070394042128 0
918 -4.412620060247003 0.280769333376012 0
919 -4.669490156201242 0.280769333376012 0
920 -4.155749964292546 0.4331585432860521 0
921 -4.155749964292419 0.5198488138622082 0
922 -4.412620060246337 0.6065390844383642 0
923 -4.669490156200379 0.6065390844383642 0
924 -4.669490156200839 0.4331585432860521 0
925 -4.412620060246693 0.4331585432860521 0
926 -4.412620060246515 0.5198488138622082 0
927 -4.669490156200609 0.5198488138622082 0
928 -4.155749964292128 0.7209275835252509 0
929 -4.155749964291963 0.8353160826121375 0
930 -4.412620060245635 0.9497045816990242 0
931 -4.669490156199473 0.9497045816990242 0
932 -4.669490156200077 0.7209275835252509 0
933 -4.412620060246102 0.7209275835252511 0
934 -4.412620060245868 0.8353160826121375 0
935 -4.669490156199775 0.8353160826121375 0
936 -4.155749964291579 1.100641111090683 0
937 -4.155749964291361 1.251577640482342 0
938 -4.412620060244709 1.402514169874 0
939 -4.669490156198275 1.402514169874 0
940 -4.669490156199074 1.100641111090683 0
941 -4.412620060245326 1.100641111090683 0
942 -4.412620060245017 1.251577640482342 0
943 -4.669490156198673 1.251577640482342 0
944 -4.155749964290854 1.601676113249334 0
945 -4.155749964290567 1.800838056624667 0
946 -4.669490156197827 1.601676113249334 0
947 -4.412620060244384 1.601676113249333 0
948 -4.412620060244062 1.800838056624666 0
949 -4.66949015619738 1.800838056624666 0
950 -3.491504839968213 0.04979048490274803 0
951 -3.491504839968154 0.09958096980549605 0
952 -3.712919881409716 0.1493714547082441 0
953 -3.934334922851336 0.1493714547082441 0
954 -3.934334922851534 0.04979048490274803 0
955 -3.712919881409793 0.04979048490274803 0
956 -3.712919881409754 0.09958096980549605 0
957 -3.934334922851435 0.09958096980549605 0
958 -3.491504839968018 0.215070394042128 0
959 -3.491504839967941 0.280769333376012 0
960 -3.712919881409466 0.346468272709896 0
961 -3.934334922851069 0.346468272709896 0
962 -3.934334922851248 0.215070394042128 0
963 -3.712919881409633 0.215070394042128 0
964 -3.712919881409549 0.280769333376012 0
965 -3.934334922851158 0.280769333376012 0
966 -3.491504839967762 0.4331585432860521 0
967 -3.49150483996766 0.5198488138622082 0
968 -3.712919881409137 0.6065390844383642 0
969 -3.934334922850716 0.6065390844383642 0
970 -3.934334922850952 0.4331585432860521 0
971 -3.712919881409356 0.4331585432860521 0
972 -3.712919881409246 0.5198488138622082 0
973 -3.934334922850833 0.5198488138622082 0
974 -3.491504839967423 0.7209275835252509 0
975 -3.491504839967289 0.8353160826121375 0
976 -3.712919881408701 0.9497045816990242 0
977 -3.934334922850249 0.9497045816990242 0
978 -3.934334922850559 0.7209275835252509 0
979 -3.712919881408991 0.7209275835252511 0
980 -3.712919881408847 0.8353160826121375 0
981 -3.934334922850404 0.8353160826121375 0
982 -3.491504839966975 1.100641111090683 0
983 -3.491504839966798 1.251577640482342 0
984 -3.712919881408128 1.402514169874 0
985 -3.934334922849635 1.402514169874 0
986 -3.934334922850045 1.100641111090683 0
987 -3.71291988140851 1.100641111090683 0
988 -3.712919881408319 1.251577640482342 0
989 -3.93433492284984 1.251577640482342 0
990 -3.491504839966385 1.601676113249334 0
991 -3.491504839966151 1.800838056624667 0
992 -3.934334922849342 1.601676113249334 0
993 -3.712919881407865 1.601676113249333 0
994 -3.712919881407603 1.800838056624666 0
995 -3.934334922849049 1.800838056624666 0
996 -2.918943594186591 0.04979048490274803 0
997 -2.918943594186552 0.09958096980549605 0
998 -3.109797342780374 0.1493714547082441 0
999 -3.300651091374235 0.1493714547082441 0
1000 -3.300651091374453 0.04979048490274803 0
1001 -3.109797342780408 0.04979048490274803 0
1002 -3.109797342780391 0.09958096980549605 0
1003 -3.300651091374344 0.09958096980549605 0
1004 -2.918943594186464 0.215070394042128 0
1005 -2.918943594186413 0.280769333376012 0
1006 -3.109797342780197 0.346468272709896 0
1007 -3.30065109137403 0.346468272709896 0
1008 -3.300651091374167 0.215070394042128 0
1009 -3.109797342780315 0.215070394042128 0
1010 -3.109797342780255 0.280769333376012 0
1011 -3.300651091374099 0.280769333376012 0
1012 -2.918943594186296 0.4331585432860521 0
1013 -2.91894359418623 0.5198488138622082 0
1014 -3.109797342779961 0.6065390844383642 0
1015 -3.30065109137376 0.6065390844383642 0
1016 -3.30065109137394 0.4331585432860521 0
1017 -3.109797342780118 0.4331585432860521 0
1018 -3.109797342780039 0.5198488138622082 0
1019 -3.30065109137385 0.5198488138622082 0
1020 -2.918943594186075 0.7209275835252509 0
1021 -2.918943594185987 0.8353160826121375 0
1022 -3.109797342779651 0.9497045816990242 0
1023 -3.300651091373402 0.9497045816990242 0
1024 -3.300651091373641 0.7209275835252509 0
1025 -3.109797342779858 0.7209275835252511 0
1026 -3.109797342779754 0.8353160826121375 0
1027 -3.300651091373521 0.8353160826121375 0
1028 -2.918943594185783 1.100641111090683 0
1029 -2.918943594185667 1.251577640482342 0
1030 -3.10979734277924 1.402514169874 0
1031 -3.30065109137293 1.402514169874 0
1032 -3.300651091373244 1.100641111090683 0
1033 -3.109797342779514 1.100641111090683 0
1034 -3.109797342779378 1.251577640482342 0
1035 -3.300651091373088 1.251577640482342 0
1036 -2.918943594185397 1.601676113249334 0
1037 -2.918943594185243 1.800838056624667 0
1038 -3.300651091372718 1.601676113249334 0
1039 -3.109797342779058 1.601676113249333 0
1040 -3.109797342778874 1.800838056624666 0
1041 -3.300651091372506 1.800838056624666 0
1042 -2.425411376514079 0.04979048490274803 0
1043 -2.425411376514062 0.09958096980549605 0
1044 -2.589922115738202 0.1493714547082441 0
1045 -2.754432854962358 0.1493714547082441 0
1046 -2.754432854962435 0.04979048490274803 0
1047 -2.589922115738266 0.04979048490274803 0
1048 -2.589922115738234 0.09958096980549605 0
1049 -2.754432854962396 0.09958096980549605 0
1050 -2.425411376514023 0.215070394042128 0
1051 -2.425411376514001 0.280769333376012 0
1052 -2.589922115738107 0.346468272709896 0
1053 -2.754432854962235 0.346468272709896 0
1054 -2.754432854962317 0.215070394042128 0
1055 -2.58992211573817 0.215070394042128 0
1056 -2.589922115738139 0.280769333376012 0
1057 -2.754432854962276 0.280769333376012 0
1058 -2.42541137651395 0.4331585432860521 0
1059 -2.425411376513922 0.5198488138622082 0
1060 -2.589922115737984 0.6065390844383642 0
1061 -2.754432854962073 0.6065390844383642 0
1062 -2.754432854962181 0.4331585432860521 0
1063 -2.589922115738066 0.4331585432860521 0
1064 -2.589922115738025 0.5198488138622082 0
1065 -2.754432854962127 0.5198488138622082 0
1066 -2.425411376513856 0.7209275835252509 0
1067 -2.425411376513817 0.8353160826121375 0
1068 -2.589922115737819 0.9497045816990242 0
1069 -2.754432854961859 0.9497045816990242 0
1070 -2.754432854962002 0.7209275835252509 0
1071 -2.589922115737929 0.7209275835252511 0
1072 -2.589922115737874 0.8353160826121375 0
1073 -2.75443285496193 0.8353160826121375 0
1074 -2.42541137651373 1.100641111090683 0
1075 -2.425411376513679 1.251577640482342 0
1076 -2.589922115737603 1.402514169874 0
1077 -2.754432854961577 1.402514169874 0
1078 -2.754432854961765 1.100641111090683 0
1079 -2.589922115737747 1.100641111090683 0
1080 -2.589922115737675 1.251577640482342 0
1081 -2.754432854961671 1.251577640482342 0
1082 -2.425411376513563 1.601676113249334 0
1083 -2.425411376513497 1.800838056624667 0
1084 -2.754432854961476 1.601676113249334 0
1085 -2.589922115737521 1.601676113249333 0
1086 -2.589922115737437 1.800838056624666 0
1087 -2.754432854961374 1.800838056624666 0
1088 -2.141803792171348 0.1493714547082441 0
1089 -2.283607584342697 0.1493714547082441 0
1090 -2.283607584342773 0.04979048490274807 0
1091 -2.141803792171358 0.04979048490274812 0
1092 -2.141803792171353 0.09958096980549611 0
1093 -2.283607584342735 0.09958096980549608 0
1094 -2.141803792171326 0.346468272709896 0
1095 -2.283607584342652 0.346468272709896 0
1096 -2.283607584342682 0.215070394042128 0
1097 -2.141803792171341 0.2150703940421279 0
1098 -2.141803792171334 0.280769333376012 0
1099 -2.283607584342667 0.280769333376012 0
1100 -2.141803792171298 0.6065390844383642 0
1101 -2.283607584342596 0.6065390844383642 0
1102 -2.283607584342634 0.4331585432860521 0
1103 -2.141803792171317 0.4331585432860521 0
1104 -2.141803792171307 0.5198488138622082 0
1105 -2.283607584342615 0.5198488138622082 0
1106 -2.14180379217126 0.9497045816990242 0
1107 -2.28360758434252 0.9497045816990242 0
1108 -2.283607584342571 0.7209275835252509 0
1109 -2.141803792171285 0.7209275835252511 0
1110 -2.141803792171272 0.8353160826121375 0
1111 -2.283607584342545 0.8353160826121375 0
1112 -2.14180379217121 1.402514169874 0
1113 -2.28360758434242 1.402514169874 0
1114 -2.283607584342487 1.100641111090728 0
1115 -2.141803792171243 1.100641111090773 0
1116 -2.141803792171226 1.251577640482366 0
1117 -2.283607584342453 1.251577640482354 0
1118 -2.283607584342387 1.601676113249328 0
1119 -2.141803792171197 1.601676113249321 0
1120 -2.141803792171183 1.800838056624534 0
1121 -2.283607584342353 1.8008380566246 0
1122 -1.682998142462951 0.1197274524747767 0
1123 -1.65944048944666 0.2737788626177945 0
1124 -1.629560703350577 0.4723438751279229 0
1125 -1.592247234047689 0.7287638485888123 0
1126 -1.546345345782226 1.06054844534053 0
1127 -1.451468916958125 0.1059747591626349 0
1128 -1.419506408256983 0.2368523571038387 0
1129 -1.377227626665129 0.3990503379649146 0
1130 -1.322745687544504 0.6008393494269577 0
1131 -1.254103381992817 0.8529508625626102 0
1132 -1.281500270225493 0.1010498613091534 0
1133 -1.249129676451937 0.2203265981425698 0
1134 -1.203918779870412 0.36142808927543 0
1135 -1.143435416028691 0.5288244159955063 0
1136 -1.065160055991143 0.7281559818641733 0
1137 -1.156156935172534 0.1007862970501053 0
1138 -1.127238588293832 0.215032742841862 0
1139 -1.083884429184602 0.3442249497446414 0
1140 -1.023275746814905 0.4899794065976104 0
1141 -0.9424957769994701 0.6541071329618261 0
1142 -1.063353122099536 0.1027752239083137 0
1143 -1.03942444608146 0.2155827789518202 0
1144 -1.000051020552207 0.3383230259075738 0
1145 -0.9421380324078918 0.4704666804009001 0
1146 -0.8624859190226405 0.6109408812040578 0
1147 -1.695170770778342 0.03990915082492557 0
1148 -1.689084456620646 0.07981830164985114 0
1149 -1.788665428308634 0.1296087865525991 0
1150 -1.894332714154317 0.1394901206304216 0
1151 -1.898390256925963 0.04649670687680731 0
1152 -1.796780513852214 0.04320292885086643 0
1153 -1.792722971080424 0.08640585770173279 0
1154 -1.896361485540139 0.09299341375361446 0
1155 -1.675145591457521 0.1710779225224493 0
1156 -1.66729304045209 0.222428392570122 0
1157 -1.772960326297773 0.2980086659818283 0
1158 -1.886480163148886 0.3222384693458621 0
1159 -1.891715197152506 0.2004062368689017 0
1160 -1.783430394305013 0.1857420796956755 0
1161 -1.778195360301393 0.2418753728387519 0
1162 -1.889097680150696 0.2613223531073819 0
1163 -1.649480560747965 0.3399672001211707 0
1164 -1.639520632049271 0.4061555376245468 0
1165 -1.753040468900385 0.5170756115647366 0
1166 -1.876520234450192 0.5618073480015503 0
1167 -1.883160186915988 0.4020947622310915 0
1168 -1.766320373831977 0.3710309811761311 0
1169 -1.759680421366181 0.4440532963704339 0
1170 -1.87984021068309 0.481951055116321 0
1171 -1.617122880249614 0.557817199614886 0
1172 -1.604685057148652 0.6432905241018491 0
1173 -1.728164822698459 0.8024107596255495 0
1174 -1.864082411349229 0.8760576706622867 0
1175 -1.872374293416538 0.6665574555551291 0
1176 -1.744748586833076 0.6121873275850076 0
1177 -1.736456704765768 0.7072990436052785 0
1178 -1.868228352382883 0.771307563108708 0
1179 -1.576946604625868 0.8393587141727182 0
1180 -1.561645975204047 0.9499535797566242 0
1181 -1.697563563854817 1.17453702018502 0
1182 -1.848781781927408 1.28852559502951 0
1183 -1.858982201541955 1.013546978784785 0
1184 -1.717964403083912 0.9264528464787515 0
1185 -1.707763983469364 1.050494933331875 0
1186 -1.853881991734682 1.151036286907126 0
1187 -1.5278084954589 1.203943895164436 0
1188 -1.509271645135574 1.347339344988342 0
1189 -1.842602831819639 1.469098707221028 0
1190 -1.685205663639289 1.336521301192752 0
1191 -1.672847763423761 1.498505582200429 0
1192 -1.836423881711869 1.649671819412437 0
1193 -1.467057832884299 0.03532491972087831 0
1194 -1.459263374921212 0.07064983944175662 0
1195 -1.528645325459733 0.1105589902666822 0
1196 -1.605821733961342 0.1151432213707295 0
1197 -1.619133124813767 0.03838107379024314 0
1198 -1.543095478849192 0.03685299675556073 0
1199 -1.535870402154462 0.07370599351112146 0
1200 -1.612477429387555 0.07676214758048629 0
1201 -1.440814747391077 0.1496006251430362 0
1202 -1.43016057782403 0.1932264911234375 0
1203 -1.499484435320209 0.2491611922751573 0
1204 -1.579462462383434 0.2614700274464759 0
1205 -1.597035310102039 0.1639188233959783 0
1206 -1.518925028746559 0.1567597242695072 0
1207 -1.509204732033383 0.2029604582723323 0
1208 -1.588248886242737 0.2126944254212271 0
1209 -1.405413481059698 0.2909183507241973 0
1210 -1.391320553862414 0.3449843443445559 0
1211 -1.461338652226945 0.4234815170192507 0
1212 -1.545449677788761 0.4479126960735868 0
1213 -1.568124867518543 0.3236175836555129 0
1214 -1.486769174289121 0.3072679671898551 0
1215 -1.474053913258033 0.365374742104553 0
1216 -1.556787272653652 0.3857651398645498 0
1217 -1.359066980291587 0.4663133417855956 0
1218 -1.340906333918045 0.5335763456062766 0
1219 -1.412579536378899 0.6434808491475759 0
1220 -1.502413385213294 0.6861223488681941 0
1221 -1.531104246930272 0.5273159136717892 0
1222 -1.44508561361093 0.4968146277286924 0
1223 -1.428832574994914 0.570147738438134 0
1224 -1.516758816071783 0.6067191312699917 0
1225 -1.299864919027275 0.6848765204721752 0
1226 -1.276984150510046 0.7689136915173928 0
1227 -1.35151736992262 0.9221500568219169 0
1228 -1.448931357852423 0.9913492510812235 0
1229 -1.48458604275967 0.7878646496058705 0
1230 -1.392225480893473 0.7363705850390229 0
1231 -1.371871425408046 0.8292603209304699 0
1232 -1.466758700306047 0.889606950343547 0
1233 -1.225872312839874 0.9584372998864029 0
1234 -1.197641243686931 1.063923737210196 0
1235 -1.427163101252558 1.122108363405091 0
1236 -1.326517707046097 1.040272831645628 0
1237 -1.301518044169573 1.158395606469339 0
1238 -1.405394844652692 1.252867475728959 0
1239 -1.29601311822048 0.03368328710305112 0
1240 -1.288756694222987 0.06736657420610224 0
1241 -1.338156485803037 0.1026914939269806 0
1242 -1.394812701380581 0.1043331265448078 0
1243 -1.410042927996375 0.03477770884826924 0
1244 -1.353028023108436 0.03423049797566018 0
1245 -1.345592254455737 0.06846099595132037 0
1246 -1.402427814688478 0.06955541769653849 0
1247 -1.270710072300975 0.1408087735869588 0
1248 -1.259919874376455 0.1805676858647643 0
1249 -1.305921920386952 0.2258351844629928 0
1250 -1.362714164321968 0.2313437707834157 0
1251 -1.38411318902771 0.146670007957677 0
1252 -1.327411630664342 0.1437393907723179 0
1253 -1.316666775525647 0.1847872876176554 0
1254 -1.373413676674839 0.1890068893705464 0
1255 -1.234059377591428 0.2673604285201898 0
1256 -1.21898907873092 0.3143942588978099 0
1257 -1.261688395468651 0.3739688388385915 0
1258 -1.31945801106689 0.386509588401753 0
1259 -1.348295446570275 0.2830657099895281 0
1260 -1.291177412080852 0.275213069254859 0
1261 -1.276432903774751 0.3245909540467252 0
1262 -1.333876728818583 0.3347876491956406 0
1263 -1.183757658589838 0.4172268648487888 0
1264 -1.163596537309264 0.4730256404221476 0
1265 -1.203205506533962 0.5528293938059902 0
1266 -1.262975597039233 0.5768343716164739 0
1267 -1.300630539724338 0.44995118280666 0
1268 -1.242194099157088 0.4335890238277244 0
1269 -1.222699802845524 0.4932092088168573 0
1270 -1.281803068381785 0.513392777211567 0
1271 -1.117343629349508 0.595268271285062 0
1272 -1.091251842670326 0.6617121265746176 0
1273 -1.128141164658368 0.7697542754303189 0
1274 -1.191122273325593 0.8113525689964646 0
1275 -1.239024489134686 0.6550071040764708 0
1276 -1.178184059242097 0.6251376876807665 0
1277 -1.153162611950233 0.6974459815555426 0
1278 -1.215073381230139 0.7331798365364676 0
1279 -1.032329385672303 0.8076600029209898 0
1280 -0.9994987153534629 0.8871640239778062 0
1281 -1.161358003784001 0.9081782008979156 0
1282 -1.096843694728162 0.8579191019094629 0
1283 -1.065546224797956 0.9460839283886067 0
1284 -1.131593734242409 1.005003832799366 0
1285 -1.167541735960403 0.03359543235003511 0
1286 -1.161849335566468 0.06719086470007023 0
1287 -1.197938046856853 0.1008741518031214 0
1288 -1.239719158541174 0.1009620065561374 0
1289 -1.253189324133875 0.03365400218537911 0
1290 -1.210365530047292 0.03362471726770711 0
1291 -1.204151788452073 0.06724943453541422 0
1292 -1.246454241337524 0.06730800437075822 0
1293 -1.146517486212967 0.1388684456473575 0
1294 -1.1368780372534 0.1769505942446098 0
1295 -1.167868951013201 0.2167973612754313 0
1296 -1.208499313732569 0.2185619797090005 0
1297 -1.229312543604972 0.1401619976070917 0
1298 -1.187915014908969 0.1395152216272246 0
1299 -1.177891982961085 0.178156291451328 0
1300 -1.21890592866877 0.1793619886580461 0
1301 -1.112787201924089 0.2580968118094551 0
1302 -1.098335815554346 0.3011608807770482 0
1303 -1.123895879413206 0.3499593295882376 0
1304 -1.163907329641809 0.3556937094318338 0
1305 -1.193635319035649 0.2642725562832782 0
1306 -1.153211260479869 0.2611846840463667 0
1307 -1.138553569946537 0.3055720068173021 0
1308 -1.178771324338729 0.309983132857556 0
1309 -1.06368153506137 0.3928097686956311 0
1310 -1.043478640938137 0.4413945876466207 0
1311 -1.063328969886167 0.5029277430635757 0
1312 -1.103382192957429 0.515876079529541 0
1313 -1.143732284080349 0.4090878327977363 0
1314 -1.103706909570859 0.4009488007466838 0
1315 -1.083517939728513 0.4519382719051297 0
1316 -1.123557238518889 0.4624819561636385 0
1317 -0.9963490902097599 0.5446886487190156 0
1318 -0.969422433604615 0.5993978908404208 0
1319 -0.9833838699966945 0.6787900825959419 0
1320 -1.024271962993919 0.7034730322300575 0
1321 -1.077012116302925 0.5784083970963798 0
1322 -1.036680603256342 0.5615485229076976 0
1323 -1.010032236626518 0.6201693027518198 0
1324 -1.050642039648422 0.6409407146632187 0
1325 -0.9079126536898178 0.7156535576647217 0
1326 -0.8733295303801654 0.7771999823676174 0
1327 -0.9908571416781496 0.7769911878355753 0
1328 -0.949384897684 0.7463223727501649 0
1329 -0.9153859253713058 0.8138546629043882 0
1330 -0.9574423203623802 0.850509343441093 0
1331 -1.070908192269106 0.0342584079694379 0
1332 -1.067130657184321 0.06851681593887579 0
1333 -1.094287726457202 0.1021122482889109 0
1334 -1.125222330814868 0.1014492726695081 0
1335 -1.135330554729973 0.03381642422316938 0
1336 -1.10311937349947 0.03403741609630363 0
1337 -1.098703549978336 0.06807483219260725 0
1338 -1.130276442772421 0.06763284844633875 0
1339 -1.055376896760177 0.1403777422561492 0
1340 -1.047400671420819 0.1779802606039847 0
1341 -1.068695826818917 0.2153994335818341 0
1342 -1.097967207556375 0.2152160882118481 0
1343 -1.116137289728704 0.1393715445169548 0
1344 -1.08575709324444 0.139874643386552 0
1345 -1.077226460031679 0.1776370384841931 0
1346 -1.107052248642539 0.1772938163644014 0
1347 -1.026299970905042 0.2564961946037381 0
1348 -1.013175495728624 0.2974096102556559 0
1349 -1.027995490096339 0.340290333853263 0
1350 -1.05593995964047 0.3422576417989522 0
1351 -1.08395812491774 0.2575632727408828 0
1352 -1.055129047911391 0.2570297336723104 0
1353 -1.041562269003865 0.2986600337627867 0
1354 -1.069949042279105 0.2999104572699176 0
1355 -0.9807466911707684 0.3823709107386826 0
1356 -0.9614423617893302 0.4264187955697913 0
1357 -0.9691839372102296 0.4769709224664702 0
1358 -0.9962298420125671 0.4834751645320403 0
1359 -1.036036587097836 0.3893301493766483 0
1360 -1.008391639134302 0.3858505300576655 0
1361 -0.9887877881722659 0.4314107262620678 0
1362 -1.016133214555202 0.4364026569543442 0
1363 -0.9155873279461414 0.5172914140019527 0
1364 -0.8890366234843909 0.5641161476030052 0
1365 -0.8891558716815837 0.6253296317899806 0
1366 -0.9158258243405268 0.6397183823759033 0
1367 -0.9694285027885537 0.5355562371466613 0
1368 -0.9425079153673476 0.5264238255743071 0
1369 -0.9158318935244655 0.5758767286821439 0
1370 -0.9426271635645403 0.5876373097612824 0
1371 -0.8276683815599551 0.6599716896808999 0
1372 -0.7928508440972697 0.7090024981577422 0
1373 -0.8811645629798546 0.6970929350034386 0
1374 -0.8544164722698954 0.6785323123421598 0
1375 -0.8196770728582067 0.7317349928943391 0
1376 -0.846503301619182 0.7544674876309742 0
1377 -1.017385669059826 0.104700745847011 0
1378 -1.040369395579681 0.1037379848776623 0
1379 -1.047064620516038 0.03459884437694705 0
1380 -1.023221048763026 0.03493928078445622 0
1381 -1.020717341133911 0.06984927833164721 0
1382 -1.043923999159102 0.06918304713526148 0
1383 -0.9969762933226577 0.2177796420924447 0
1384 -1.018200369702059 0.2166812105221324 0
1385 -1.033461729567337 0.1414619729532199 0
1386 -1.011546562374495 0.1425462036502907 0
1387 -1.004741413344911 0.1802514545977744 0
1388 -1.026071042382865 0.1791158576008795 0
1389 -0.9606966393129837 0.3383426584803945 0
1390 -0.9803738299325953 0.3383328421939842 0
1391 -1.00614370390478 0.2573881462354031 0
1392 -0.9859874369045186 0.2582800978670682 0
1393 -0.9738897859199898 0.2984830186450621 0
1394 -0.9935326408243071 0.2979463144503591 0
1395 -0.9053194822731366 0.4647834684844785 0
1396 -0.9237287573405142 0.4676250744426894 0
1397 -0.9621124071547072 0.3816962882108965 0
1398 -0.943478123138646 0.3810216656831104 0
1399 -0.9250109481588963 0.4231871550181726 0
1400 -0.9432266549741132 0.424802975293982 0
1401 -0.8275100552904271 0.5945798387339405 0
1402 -0.8449979871565337 0.6027603599689991 0
1403 -0.8981637715939876 0.5130818115291044 0
1404 -0.8807402152418339 0.508872209056256 0
1405 -0.854790163949846 0.5521596404561703 0
1406 -0.8719133937171184 0.5581378940295879 0
1407 -0.8110668339224233 0.6494587847952688 0
1408 -0.7944652862848981 0.6389458799096442 0
1409 -0.7599679915629782 0.682138431372578 0
1410 -0.7764094178301173 0.6955704647651534 0
1411 -0.6497433967305073 0.8454441700584279 0
1412 -0.7150820504159348 0.9254410541916603 0
1413 -0.8191469736801902 1.048847628544329 0
1414 -0.9847518933211989 1.239974010043841 0
1415 -1.248106208634477 1.537004096103379 0
1416 -0.5318153422712145 0.9202943588956749 0
1417 -0.5828060370059119 1.000912771678277 0
1418 -0.6643687043470975 1.121569447472186 0
1419 -0.7946236332186823 1.303409230245923 0
1420 -1.002365893290309 1.579218112974957 0
1421 -0.4059710959551106 0.981433301152885 0
1422 -0.4434569270371015 1.06413352648699 0
1423 -0.5036298093745717 1.183967159889355 0
1424 -0.6000026616706102 1.359062845918266 0
1425 -0.7540697908900382 1.617005376789141 0
1426 -0.274068059122513 1.027945027926411 0
1427 -0.2986943036790516 1.114284902784934 0
1428 -0.3383288493034945 1.235351072025246 0
1429 -0.401943117812281 1.406415013092412 0
1430 -0.5038175738340042 1.650070161767954 0
1431 -0.1380672999283225 1.059163846427179 0
1432 -0.1502703761891647 1.150772105850551 0
1433 -0.1699424424102621 1.275219939706765 0
1434 -0.2015579754169005 1.445087928264984 0
1435 -0.252242384065738 1.678197545315874 0
1436 -0.622422084741164 0.8107169503477761 0
1437 -0.6360827407358356 0.8280805602031021 0
1438 -0.6858400333651997 0.8163072155838135 0
1439 -0.7219366699998921 0.787170261109199 0
1440 -0.6910390283494344 0.7539083116323508 0
1441 -0.6571384174394017 0.782798700724751 0
1442 -0.6714892254022974 0.7995529581542788 0
1443 -0.7064878491746565 0.7705392863707683 0
1444 -0.6715229479589832 0.8721097981028387 0
1445 -0.6933024991874589 0.8987754261472495 0
1446 -0.7563035026341276 0.8965428384846114 0
1447 -0.7975249548523204 0.8676446227775623 0
1448 -0.7471327649506734 0.8139950483319587 0
1449 -0.7093278564548282 0.8430524232173986 0
1450 -0.732815679544476 0.8697976308510029 0
1451 -0.7723288599014928 0.8408198355547563 0
1452 -0.7497703581706866 0.9665765789758832 0
1453 -0.7844586659254383 1.007712103760106 0
1454 -0.8683206641316678 1.021454434041094 0
1455 -0.9174943545831454 0.9940612395378583 0
1456 -0.8375147547626367 0.9097834950310355 0
1457 -0.7936425564666616 0.9381800370034592 0
1458 -0.8309816102991625 0.9798172355222743 0
1459 -0.8775045546728868 0.9519223672844426 0
1460 -0.8743486135605264 1.1125564223775 0
1461 -0.9295502534408627 1.17626521621067 0
1462 -1.046304653725462 1.216452731540557 0
1463 -1.107857414129725 1.192931453037273 0
1464 -0.9809487077653428 1.060351310704334 0
1465 -0.9276486606629346 1.086453866540917 0
1466 -0.9869766571941812 1.15145329904072 0
1467 -1.044403060947499 1.126641381870769 0
1468 -1.072536665092292 1.338984038730354 0
1469 -1.160321436863385 1.437994067416866 0
1470 -1.328982404027068 1.521580995673002 0
1471 -1.409858599419658 1.506157895242626 0
1472 -1.208524475892797 1.297340267105485 0
1473 -1.140530570492544 1.318162152917919 0
1474 -1.234756487259865 1.41987157429552 0
1475 -1.309191537656346 1.401749081174174 0
1476 -1.387626361311581 1.691336064068919 0
1477 -1.527146513988684 1.84566803203446 0
1478 -1.569535362576016 1.670771930161795 0
1479 -1.478580861943798 1.681053997115357 0
1480 -1.628179319860489 1.840526998557673 0
1481 -1.729212125732295 1.835385965080887 0
1482 -0.5106051137267774 0.8841150556981247 0
1483 -0.521210227998996 0.9022047072968998 0
1484 -0.5711246937576454 0.8953442959499259 0
1485 -0.6104340452440764 0.8703942330041768 0
1486 -0.5858623057532231 0.836232774020951 0
1487 -0.5485746365399282 0.860709062701809 0
1488 -0.5598496651487868 0.8780266793258676 0
1489 -0.5981481754986497 0.8533135035125642 0
1490 -0.5488122405161137 0.9471671631565423 0
1491 -0.5658091387610128 0.9740399674174095 0
1492 -0.6268980414759195 0.9757555325160714 0
1493 -0.6709900459459271 0.9505982933538658 0
1494 -0.6306193788113601 0.8971289197874066 0
1495 -0.5897158096637368 0.9221480414719745 0
1496 -0.608306925569828 0.9489517869940228 0
1497 -0.6508047123786436 0.9238636065706363 0
1498 -0.6099935927863072 1.04113166360958 0
1499 -0.6371811485667023 1.081350555540883 0
1500 -0.7159614607914617 1.0973288411629 0
1501 -0.767554217235826 1.073088234853615 0
1502 -0.7031781030425601 0.9914282738537821 0
1503 -0.6565858479144336 1.016279968731681 0
1504 -0.6862736543529475 1.05680440494729 0
1505 -0.735366160139193 1.032258254353698 0
1506 -0.7077870139709591 1.182182708396765 0
1507 -0.7512053235948207 1.242795969321344 0
1508 -0.8579997199195212 1.282264156845229 0
1509 -0.9213758066203601 1.261119083444535 0
1510 -0.818828080364004 1.135765184383921 0
1511 -0.7633075471674815 1.158973946390343 0
1512 -0.8106536335435013 1.220619051617786 0
1513 -0.8701019434921822 1.198442133914228 0
1514 -0.8638710532425579 1.395345524488934 0
1515 -0.9331184732664335 1.487281818731945 0
1516 -1.084279331738365 1.565146774017764 0
1517 -1.166192770186421 1.551075435060572 0
1518 -1.00298146114238 1.357771200649881 0
1519 -0.9334262571924691 1.376558362569407 0
1520 -1.008852794465417 1.470852568293586 0
1521 -1.084587115664401 1.454423317855226 0
1522 -1.112688373304064 1.719478741983304 0
1523 -1.22301085331782 1.859739370991652 0
1524 -1.295980365309075 1.700716956707048 0
1525 -1.20433436930657 1.710097849345176 0
1526 -1.324389406874774 1.855048924672588 0
1527 -1.425767960431729 1.850358478353524 0
1528 -0.3904459863440182 0.9430641222867506 0
1529 -0.3982085411495644 0.9622487117198179 0
1530 -0.4479191780604786 0.9610536537338149 0
1531 -0.4898672601658465 0.940674006314745 0
1532 -0.4711214951495252 0.9048985577630926 0
1533 -0.4310519000643723 0.9245564094786842 0
1534 -0.4394855390624255 0.9428050316062495 0
1535 -0.4804943776576859 0.9227862820389188 0
1536 -0.4184663729824409 1.00900004293092 0
1537 -0.4309616500097712 1.036566784708955 0
1538 -0.4899066303600383 1.043059941550752 0
1539 -0.5363563336829751 1.021986356614514 0
1540 -0.5053636180048894 0.9677781230813349 0
1541 -0.4619149954936652 0.9883890830061273 0
1542 -0.4759108129268518 1.01572451227844 0
1543 -0.5208599758439323 0.9948822398479246 0
1544 -0.4635145544829249 1.104078070954445 0
1545 -0.4835721819287483 1.1440226154219 0
1546 -0.5572094410320803 1.163167922416965 0
1547 -0.6107890726895889 1.142368684944576 0
1548 -0.5611672466851798 1.062113799391202 0
1549 -0.5123409005840522 1.083095935172823 0
1550 -0.5347751708080664 1.123131928794894 0
1551 -0.5859781596873843 1.102241242167888 0
1552 -0.5357540934732512 1.242332388565659 0
1553 -0.5678783775719307 1.300697617241962 0
1554 -0.6648763188533009 1.340511640694152 0
1555 -0.7297499760359916 1.321960435470037 0
1556 -0.6504427071383898 1.202232601786396 0
1557 -0.5930984003058204 1.222282495176027 0
1558 -0.6289873595795608 1.281397067935089 0
1559 -0.6900963415871907 1.262096518628216 0
1560 -0.6513583714104195 1.445043689541891 0
1561 -0.7027140811502289 1.531024533165516 0
1562 -0.8368351583567951 1.604409622184413 0
1563 -0.919600525823552 1.591813867579685 0
1564 -0.7930334926318449 1.411911579506587 0
1565 -0.7221959320211323 1.428477634524238 0
1566 -0.7795155451889635 1.516443628354325 0
1567 -0.8563170092276986 1.501862723543136 0
1568 -0.8360465272591535 1.744670251192761 0
1569 -0.9180232636282688 1.87233512559638 0
1570 -1.020474424622428 1.72787591171979 0
1571 -0.9282604759407903 1.736273081456275 0
1572 -1.019685793524786 1.868136540728138 0
1573 -1.121348323421302 1.863937955859895 0
1574 -0.2639020493656117 0.9865988936114395 0
1575 -0.2689850542440623 1.007271960768925 0
1576 -0.3180357380667122 1.012441119001902 0
1577 -0.3620034170109114 0.9969372100773936 0
1578 -0.3486812340646666 0.95877415072787 0
1579 -0.3064824452351543 0.9732916736434173 0
1580 -0.3122590916509332 0.9928663963226596 0
1581 -0.355342325537789 0.9778556804026317 0
1582 -0.2822768073080258 1.056724986212585 0
1583 -0.2904855554935388 1.085504944498759 0
1584 -0.3469485114650683 1.097567777352286 0
1585 -0.3952027192510849 1.080850651919638 0
1586 -0.3730698510909692 1.024908357358142 0
1587 -0.3276733291994976 1.040816671785363 0
1588 -0.3373109203322829 1.069192224568825 0
1589 -0.384136285171027 1.05287950463889 0
1590 -0.3119058188871993 1.154640292531705 0
1591 -0.3251173340953469 1.194995682278475 0
1592 -0.3934291693271869 1.218223101313282 0
1593 -0.4485294893508793 1.201095130601319 0
1594 -0.4129783092843496 1.120932144813531 0
1595 -0.3624420640857745 1.137786218672618 0
1596 -0.3779356167064807 1.17800465999295 0
1597 -0.4307538993176145 1.161013637707425 0
1598 -0.35953360547309 1.292372385714301 0
1599 -0.3807383616426855 1.349393699403357 0
1600 -0.4679629657650574 1.390630957367697 0
1601 -0.5339828137178337 1.374846901642981 0
1602 -0.4770139308065308 1.259012387615206 0
1603 -0.4182737681398104 1.275692386664754 0
1604 -0.4431183669524339 1.333161672016225 0
1605 -0.5054983722621822 1.316929644629094 0
1606 -0.435901269819522 1.487633395984259 0
1607 -0.4698594218267631 1.568851778876107 0
1608 -0.5872349795193489 1.639048566775017 0
1609 -0.6706523852046935 1.628026971782079 0
1610 -0.579539337546787 1.459240258356014 0
1611 -0.5077203036831546 1.473436827170137 0
1612 -0.5474776416012517 1.556242696972576 0
1613 -0.6250958613757402 1.543633615069046 0
1614 -0.5581006047776701 1.766713441178636 0
1615 -0.6123836357213361 1.883356720589318 0
1616 -0.7433978864319923 1.752017981188053 0
1617 -0.6507492456048312 1.759365711183345 0
1618 -0.7142635116903135 1.879682855591672 0
1619 -0.8161433876592911 1.876008990594026 0
1620 -0.1330398945748125 1.014017856419861 0
1621 -0.1355535972515675 1.03659085142352 0
1622 -0.183400886326386 1.04875757359359 0
1623 -0.2287344727244495 1.03835130076 0
1624 -0.2205378998655139 0.9969811050741582 0
1625 -0.1768990803389638 1.006124359910483 0
1626 -0.1801499833326749 1.027440966752036 0
1627 -0.2246361862949817 1.017666202917079 0
1628 -0.1421349920152699 1.089699932901637 0
1629 -0.1462026841022173 1.120236019376094 0
1630 -0.1997450186857936 1.138609704828679 0
1631 -0.2492196611824226 1.126447303806806 0
1632 -0.2355628688771072 1.067716635108936 0
1633 -0.1888489304461885 1.078708284005286 0
1634 -0.1942969745659911 1.108658994416982 0
1635 -0.2423912650297649 1.097081969457871 0
1636 -0.1568277315961971 1.192254717135956 0
1637 -0.1633850870032296 1.23373732842136 0
1638 -0.2260712447080062 1.261930317146258 0
1639 -0.2822000470057504 1.248640694585752 0
1640 -0.2602131231235318 1.167178434066455 0
1641 -0.2085204273598645 1.179716575601205 0
1642 -0.2172958360339353 1.220823446373732 0
1643 -0.2712065850646411 1.207909564326104 0
1644 -0.1804809534124749 1.331842602559504 0
1645 -0.1910194644146877 1.388465265412244 0
1646 -0.2683530228820273 1.432196956540794 0
1647 -0.3351480703471542 1.419305984816603 0
1648 -0.2998493881195516 1.305529124662703 0
1649 -0.2401651707660133 1.318685863611104 0
1650 -0.2542590968240203 1.375441410075948 0
1651 -0.3174987292333529 1.362417554739653 0
1652 -0.2184527782998464 1.522791133948614 0
1653 -0.2353475811827922 1.600494339632244 0
1654 -0.33610078065516 1.668821750799901 0
1655 -0.4199591772445821 1.659445956283927 0
1656 -0.3634184393129635 1.499352641972377 0
1657 -0.2909356088064049 1.511071887960496 0
1658 -0.3135181947307825 1.589946819380198 0
1659 -0.3916888082787728 1.579399299128153 0
1660 -0.2792727004880393 1.785465030210583 0
1661 -0.3063030169103405 1.892732515105291 0
1662 -0.4651579700144598 1.772963970855952 0
1663 -0.3722153352512495 1.779214500533267 0
1664 -0.408329889847339 1.889607250266633 0
1665 -0.5103567627843375 1.886481985427976 0
1666 -0.04602243330944084 1.069511768492654 0
1667 -0.09204486661888167 1.064337807459917 0
1668 -0.08878545058953284 1.018909067891217 0
1669 -0.04442040257859216 1.022536070556558 0
1670 -0.04522141794401649 1.046023919524599 0
1671 -0.09041515860420724 1.041623437675564 0
1672 -0.05009012539638822 1.165746794290961 0
1673 -0.1001802507927764 1.158259450070756 0
1674 -0.09475666134351325 1.095645021663536 0
1675 -0.04737833067175663 1.101590110425435 0
1676 -0.04873422803407243 1.133668452358225 0
1677 -0.09746845606814486 1.126952235867159 0
1678 -0.0566474808034207 1.293919675988305 0
1679 -0.1132949616068414 1.284569807847535 0
1680 -0.1045518210641314 1.200362902663014 0
1681 -0.05227591053206572 1.208471088190072 0
1682 -0.05446169566774321 1.251195382089189 0
1683 -0.1089233913354864 1.242466355255274 0
1684 -0.0671859918056335 1.464930837512034 0
1685 -0.134371983611267 1.455009382888509 0
1686 -0.1203206356083166 1.341382999527827 0
1687 -0.0601603178041583 1.350923396496149 0
1688 -0.06367315480489591 1.407927117004125 0
1689 -0.1273463096097918 1.398196191208185 0
1690 -0.08408079468857933 1.693570571777373 0
1691 -0.1681615893771587 1.685884058546624 0
1692 -0.1456351855332309 1.531967608107893 0
1693 -0.07281759276661545 1.541144082267172 0
1694 -0.0784491937275974 1.61735732702221 0
1695 -0.1568983874551948 1.608925833327227 0
1696 -0.1861818003253789 1.79058937236446 0
1697 -0.09309090016268112 1.795713714518338 0
1698 -0.1021010056367829 1.897856857259345 0
1699 -0.2042020112735991 1.895294686182318 0
1700 0.1385146813824117 1.060584883188932 0
1701 0.1511755824402411 1.153647353329502 0
1702 0.1712417574808681 1.279347013907812 0
1703 0.2030445011244818 1.449809648823086 0
1704 0.2534484529342265 1.682028438087432 0
1705 0.2748839937692279 1.030188341107101 0
1706 0.3003452194170461 1.118823899291787 0
1707 0.3406985408958587 1.24186625926828 0
1708 0.4046542442404509 1.413868936209945 0
1709 0.5060172029041288 1.656117783598396 0
1710 0.4069992758571773 0.983915542099731 0
1711 0.4455372875947984 1.069155956676676 0
1712 0.5066159174421293 1.191176258610603 0
1713 0.6034190203356814 1.36731066232901 0
1714 0.7568415988389089 1.623697111348149 0
1715 0.5328246535419959 0.9224575724929766 0
1716 0.5848482205322664 1.005289699431035 0
1717 0.667300014183952 1.127852004538099 0
1718 0.7979772982777897 1.310597004929269 0
1719 1.005086835866908 1.585049799552375 0
1720 0.650431876041516 0.8467653404455192 0
1721 0.7164750808716811 0.9281142379252599 0
1722 0.8211465021483352 1.052684664558272 0
1723 0.9870395221650734 1.244363902579881 0
1724 1.249962239783363 1.540565765539854 0
1725 0.1331890221735662 1.014491535281545 0
1726 0.135851851777989 1.037538209235239 0
1727 0.09234312092160783 1.065285165301085 0
1728 0.04617156046080392 1.069985447413239 0
1729 0.04447011179288979 1.022693963522932 0
1730 0.08888486895893269 1.019224853814783 0
1731 0.09061399494027028 1.042255009557931 0
1732 0.04532083612684686 1.046339705468079 0
1733 0.1427349817350215 1.091605706569122 0
1734 0.1469552820876313 1.122626529949312 0
1735 0.1007837216268274 1.16017628172339 0
1736 0.05039186081341371 1.166705210117278 0
1737 0.04757832724500718 1.102225368314597 0
1738 0.09515665449001434 1.096915537441859 0
1739 0.09797018805842087 1.128545909582638 0
1740 0.04898509402921045 1.134465289215964 0
1741 0.1578643074537834 1.195547240188938 0
1742 0.1645530324673257 1.237447127048375 0
1743 0.114161171653912 1.287321190648233 0
1744 0.05708058582695602 1.295295367388654 0
1745 0.05262143581792781 1.209568595874399 0
1746 0.1052428716358556 1.202557918031669 0
1747 0.1097020216448838 1.244939554339951 0
1748 0.05485101082244192 1.252431981631527 0
1749 0.1818426720287393 1.336167892212903 0
1750 0.1924435865766106 1.392988770517995 0
1751 0.1353630007496545 1.45815719659391 0
1752 0.06768150037482729 1.466504744364734 0
1753 0.06061422400957978 1.352365159713949 0
1754 0.1212284480191595 1.344266525963426 0
1755 0.128295724384407 1.401211861278685 0
1756 0.06414786219220353 1.409434952039375 0
1757 0.2198458183943967 1.527215911911201 0
1758 0.2366471356643116 1.604622174999317 0
1759 0.1689656352894843 1.688437987060996 0
1760 0.08448281764474216 1.694847536034559 0
1761 0.07328193946479891 1.542619008254701 0
1762 0.1465638789295978 1.534917460082951 0
1763 0.157764757109541 1.611677723571942 0
1764 0.07888237855477052 1.618733272144568 0
1765 0.2800767464010579 1.788018958724954 0
1766 0.3067050398678894 1.894009479362477 0
1767 0.09335891546701934 1.796565024023129 0
1768 0.1867178309340386 1.792291991374042 0
1769 0.2044700265785929 1.896145995687109 0
1770 0.1022350132892965 1.89828251201174 0
1771 0.264174028481572 0.9873466644304107 0
1772 0.2695290111254 1.008767502768756 0
1773 0.2294275563069559 1.040320521801045 0
1774 0.1839711188446838 1.050452702494988 0
1775 0.1770891583727182 1.006689402784575 0
1776 0.2207689284692633 0.9976375119231391 0
1777 0.2250982423881096 1.018979016862092 0
1778 0.180530138608701 1.028571052639782 0
1779 0.2833710689851673 1.059733527168663 0
1780 0.2918581442011067 1.089278713230225 0
1781 0.2506220070914444 1.130431717304359 0
1782 0.2008987947658428 1.14203953531693 0
1783 0.1896136774850701 1.080981646768969 0
1784 0.2364923732351187 1.070357586968816 0
1785 0.2435571901632816 1.100394652136587 0
1786 0.1952562361254565 1.111510591042949 0
1787 0.3137963265766502 1.159838019283951 0
1788 0.3272474337362545 1.200852139276116 0
1789 0.2842129464241951 1.254359844148124 0
1790 0.2277273519525316 1.266853429027968 0
1791 0.2098416471614057 1.183644166553943 0
1792 0.261818986869028 1.171741092918947 0
1793 0.2730159666466115 1.213050468533535 0
1794 0.2187844995569687 1.225248797790955 0
1795 0.3620171086773894 1.299200484915502 0
1796 0.3833356764589202 1.356534710562723 0
1797 0.3374509965351279 1.425849173747659 0
1798 0.2702477488298048 1.437829411285372 0
1799 0.2419008175782894 1.32384542311377 0
1800 0.3019589631278394 1.311522954014636 0
1801 0.3197049798314837 1.368686063881147 0
1802 0.2560742832040471 1.380837417199571 0
1803 0.4384418971283435 1.494618552006096 0
1804 0.4722295500162361 1.575368167802246 0
1805 0.421827619580828 1.664754668428075 0
1806 0.3376380362575273 1.673391553257753 0
1807 0.292711177972379 1.516350125276166 0
1808 0.3655765375503613 1.505484338641131 0
1809 0.3937020785655946 1.585119503534603 0
1810 0.315174607114953 1.59487083926696 0
1811 0.559567024159233 1.770745189065598 0
1812 0.6131168454143372 1.885372594532799 0
1813 0.3732401723204497 1.782261035505169 0
1814 0.4664035982398413 1.776503112285383 0
1815 0.5109795768988546 1.888251556142692 0
1816 0.4088423083833721 1.891130517752585 0
1817 0.3907887142104499 0.9438915354252183 0
1818 0.3988939950338136 0.9639035387624747 0
1819 0.3629608484945275 0.9993398084355208 0
1820 0.3189224211318777 1.014764074771311 0
1821 0.306778007258884 0.9740659919172877 0
1822 0.3490003789873269 0.9595750164487751 0
1823 0.3559806137409272 0.979457412442148 0
1824 0.3128502141953809 0.9944150333442991 0
1825 0.4198452797697177 1.012329013625379 0
1826 0.432691283682258 1.040742485151027 0
1827 0.3971399315355476 1.085711937548379 0
1828 0.3487425754762968 1.102267918420083 0
1829 0.3288624725800174 1.043932022654235 0
1830 0.3743538761748676 1.028130518139807 0
1831 0.3857469038552075 1.056921227844094 0
1832 0.3388025240281571 1.073099970537159 0
1833 0.465896830877242 1.109829390654651 0
1834 0.4862563741596856 1.150502824632627 0
1835 0.4513101252600391 1.208072925496495 0
1836 0.3960043330779489 1.224969592382388 0
1837 0.3644964946768475 1.143168476407518 0
1838 0.4151966627770447 1.126498933531085 0
1839 0.4332533940185419 1.16728592951379 0
1840 0.3802504138773982 1.184069034394953 0
1841 0.5388836184066467 1.249887726516738 0
1842 0.571151319371164 1.308599194422874 0
1843 0.5371640949706046 1.382830086955988 0
1844 0.4709091696055278 1.398349511582967 0
1845 0.4209726119204751 1.282762898782581 0
1846 0.4799281151635609 1.266325312649659 0
1847 0.5085461050670828 1.324577699802824 0
1848 0.4459408907630015 1.340556205182774 0
1849 0.6545598798367572 1.452772812002056 0
1850 0.7057007393378331 1.538234961675102 0
1851 0.6732334668606489 1.634504002098231 0
1852 0.5896253348823888 1.645310892848314 0
1853 0.5104812246978148 1.480669972004749 0
1854 0.5825205522672861 1.466721392003403 0
1855 0.6278770095639674 1.550612697050817 0
1856 0.5500532797901018 1.562990432426531 0
1857 0.8378943992273122 1.749131407565433 0
1858 0.9189471996157156 1.874565703782716 0
1859 0.6523428158485927 1.763540595232209 0
1860 0.7451186075379523 1.756336001398821 0
1861 0.817003748215256 1.87816800069941 0
1862 0.7150602968147965 1.881770297616105 0
1863 0.5109415515926763 0.88483612644941 0
1864 0.5218831025673362 0.9036468494711932 0
1865 0.4908828609803897 0.9429435623618947 0
1866 0.4489410684187836 0.9634295522308128 0
1867 0.4313925312435687 0.9253483751501751 0
1868 0.4714600296550486 0.9056550759766135 0
1869 0.4811714453177192 0.9242993191692542 0
1870 0.4401667998311762 0.9443889636904941 0
1871 0.5501658425387528 0.9500682814723295 0
1872 0.5675070315355095 0.9776789904516823 0
1873 0.5384112428864437 1.026578451846249 0
1874 0.491974265240621 1.047867204261462 0
1875 0.4632854673593961 0.9915754362410292 0
1876 0.5067256549490744 0.9708218588566793 0
1877 0.522568448917759 0.9987001553514638 0
1878 0.4776298663000085 1.019721320251246 0
1879 0.612332151749495 1.04614380113339 0
1880 0.6398160829667234 1.086997902835744 0
1881 0.6137386486033445 1.148960089228934 0
1882 0.5601772830227368 1.170068173919768 0
1883 0.5147086045013263 1.088600860814231 0
1884 0.5635203781254108 1.06737233097381 0
1885 0.5886295133643775 1.108166210101372 0
1886 0.5374429437620316 1.129334517367 0
1887 0.710859108881898 1.188767004668489 0
1888 0.7544182035798438 1.249682004798879 0
1889 0.7331245389637536 1.329501557395849 0
1890 0.6682717796497175 1.348406109862429 0
1891 0.596208781898397 1.229514152567322 0
1892 0.6535339453901475 1.209140578617905 0
1893 0.6933292421769505 1.269321068006877 0
1894 0.6322402807740573 1.288960131214876 0
1895 0.8670138108074958 1.402081269803637 0
1896 0.936050323337202 1.493565534678006 0
1897 0.9223384235242417 1.597932236817633 0
1898 0.8395900111815753 1.610814674082891 0
1899 0.7253778568270034 1.43587563126925 0
1900 0.7961958338172496 1.418978450536444 0
1901 0.8592671286707456 1.508455343677038 0
1902 0.7824839340042893 1.52334515267607 0
1903 1.114502335023 1.723366533034917 0
1904 1.223917834179092 1.861683266517458 0
1905 0.930097044492511 1.74054311605526 0
1906 1.022299689757755 1.731954824545089 0
1907 1.122260955991269 1.865977412272544 0
1908 1.020604077803447 1.87027155802763 0
1909 0.6226515782270926 0.8111573401834887 0
1910 0.6365417271343042 0.828961340314504 0
1911 0.6112294685416759 0.8719960844613384 0
1912 0.572027061041836 0.8972268284771574 0
1913 0.5488754262751159 0.8613365731362029 0
1914 0.5861274473921334 0.8367667241287621 0
1915 0.5986784579669046 0.8543814042950502 0
1916 0.5604512436584759 0.8792817008066802 0
1917 0.6724462776515711 0.8738816396054327 0
1918 0.694460679261626 0.9009979387653464 0
1919 0.6725994607585428 0.9538393917605184 0
1920 0.6287238406454047 0.9795645455957768 0
1921 0.5909259875763589 0.9246727341833638 0
1922 0.631686132613965 0.8992771868943983 0
1923 0.6521427966862539 0.9265582893274584 0
1924 0.6098249141108818 0.9521186398895702 0
1925 0.7513655546305658 0.9696377134695974 0
1926 0.7862560283894505 1.011161189013935 0
1927 0.7698643394935408 1.077740444551548 0
1928 0.7185821768387464 1.102796224544824 0
1929 0.6586766193765186 1.020641771912126 0
1930 0.7050210870035422 0.9951397426908616 0
1931 0.7374427132485415 1.036440093621205 0
1932 0.6886293981076324 1.061718998228474 0
1933 0.876444175487248 1.116577743898809 0
1934 0.9317418488261606 1.180470823239345 0
1935 0.9240187808693122 1.26644160336301 0
1936 0.860998039573551 1.288519304146139 0
1937 0.7660541310836813 1.164703917745262 0
1938 0.8212491532854647 1.140640830822035 0
1939 0.8726339670773884 1.203541217092523 0
1940 0.8135260853286161 1.226611610945701 0
1941 1.074680428037836 1.343097856899872 0
1942 1.1623213339106 1.441831811219863 0
1943 1.168337105144544 1.555393776877361 0
1944 1.086711970505726 1.570221788214868 0
1945 0.9362360165509426 1.382420132169049 0
1946 1.00545822229439 1.36275899453446 0
1947 1.086897663719467 1.459076385705911 0
1948 1.011473993528335 1.476320960191958 0
1949 1.388863715410976 1.693710510359902 0
1950 1.52776519103859 1.846855255179951 0
1951 1.205956128485655 1.713481192143246 0
1952 1.297409921948293 1.703595851251574 0
1953 1.426482738752041 1.851797925625787 0
1954 1.325200286465584 1.856740596071623 0
1955 0.7221661631035617 0.7876106512382295 0
1956 0.6862990195725388 0.8171879958418743 0
1957 0.6572914131181203 0.7830922939122845 0
1958 0.6911155261841466 0.7540551082197073 0
1959 0.7066408446438474 0.7708328797289616 0
1960 0.6717952163453262 0.800140144877076 0
1961 0.7979892983375693 0.8685356840220955 0
1962 0.7572321896046251 0.8983249609736778 0
1963 0.7099434095832201 0.8442336508857947 0
1964 0.7474405415148694 0.8145856621661567 0
1965 0.7727149199262151 0.8415606730941219 0
1966 0.7335877995939205 0.8712793059297342 0
1967 0.9181608640725271 0.9953402515425062 0
1968 0.8696536831104311 1.024012458050389 0
1969 0.7947060207732477 0.9402207933326021 0
1970 0.8380464869159296 0.910803873195607 0
1971 0.8781036754942242 0.9530720623690523 0
1972 0.8321798519418374 0.9821166256914936 0
1973 1.108619957077684 1.194394750549286 0
1974 1.047829739621378 1.219379326564584 0
1975 0.9290457019474158 1.089134747555123 0
1976 0.9816472284075832 1.061691751211437 0
1977 1.045133592742599 1.128043250880327 0
1978 0.9884377207843795 1.154257037059836 0
1979 1.410477276469287 1.507345118388117 0
1980 1.330219758126325 1.523955441963986 0
1981 1.141959745789574 1.320904698364265 0
1982 1.209239063541313 1.298711539828658 0
1983 1.309858170005418 1.403028329108506 0
1984 1.236089751958009 1.422430070164184 0
1985 1.479405764676681 1.682636961309346 0
1986 1.569947813942429 1.67156341225879 0
1987 1.729418351415493 1.835781706129384 0
1988 1.628591771226999 1.841318480654667 0
1989 1.066097547532042 0.105519646734436 0
1990 1.044343517845601 0.2205018475061247 0
1991 1.006270737128475 0.3445427387574151 0
1992 0.948372651403009 0.4767012962550489 0
1993 0.8668952201630001 0.6153501806648302 0
1994 1.161709852234677 0.1063392120375808 0
1995 1.137191564914805 0.2249857168598673 0
1996 1.096469058786465 0.3568095762523449 0
1997 1.035890529446435 0.5025941865609158 0
1998 0.9514173128992227 0.6630286672948493 0
1999 1.289470818054927 0.1090204079832613 0
2000 1.263415984052376 0.2346129041437869 0
2001 1.221982510870838 0.3794918181949896 0
2002 1.161542428262228 0.5469314263261618 0
2003 1.077965854249482 0.7409617787893293 0
2004 1.460587894311274 0.115093736860849 0
2005 1.43585114689375 0.2531970957336563 0
2006 1.3978940559263 0.4197167667184706 0
2007 1.34346163431279 0.6215552954890167 0
2008 1.26875429365843 0.867601773314878 0
2009 1.690396678657941 0.1271259913737093 0
2010 1.672701532093519 0.2870399077121141 0
2011 1.646328080965412 0.4891112546227305 0
2012 1.609054787057179 0.7455714027175282 0
2013 1.558232129375976 1.072435228722262 0
2014 1.071823002194275 0.03517321557814532 0
2015 1.068960274863159 0.07034643115629063 0
2016 1.042199012563819 0.1055675998209076 0
2017 1.018300477595594 0.1056155529073793 0
2018 1.023525985409966 0.03524421650648429 0
2019 1.047674493802114 0.03520871604231481 0
2020 1.045143744290642 0.07040279043951186 0
2021 1.021327213718132 0.07045914972273308 0
2022 1.058846204303229 0.1438470469916655 0
2023 1.051594861074415 0.1821744472488951 0
2024 1.021479750982752 0.2199605890920362 0
2025 0.9986159841199033 0.2194193306779476 0
2026 1.012702998326237 0.1437026378451627 0
2027 1.035774601314733 0.1437748424184141 0
2028 1.028867168899048 0.1819119815946405 0
2029 1.00613947672368 0.1816495159403859 0
2030 1.031652590939892 0.2618488112565548 0
2031 1.018961664034184 0.303195775006985 0
2032 0.9845203078686983 0.3424793168192714 0
2033 0.9627698786089215 0.3404158948811276 0
2034 0.9877716438609883 0.2600643023813193 0
2035 1.00971211740044 0.260956556818937 0
2036 0.9973900865397942 0.3018037570484411 0
2037 0.9758185090454048 0.3004117390898973 0
2038 0.9869713752199862 0.3885955912566263 0
2039 0.9676720133114977 0.4326484437558376 0
2040 0.9278851702475808 0.4717814845443138 0
2041 0.9073976890921526 0.4668616728335789 0
2042 0.9455530183753458 0.3830965578429044 0
2043 0.9662621967976659 0.3858460745497654 0
2044 0.9473797562586652 0.4289560735044001 0
2045 0.9270874992058327 0.4252637032529626 0
2046 0.9212135076563394 0.5229175910583093 0
2047 0.8940543639096697 0.5691338858615698 0
2048 0.8479375213829613 0.6056998927593295 0
2049 0.8289798226029224 0.5960496048538289 0
2050 0.8826156088961361 0.510747600694047 0
2051 0.9019145582762376 0.5168325958761781 0
2052 0.8752585541730187 0.561483052604254 0
2053 0.8564627444363674 0.5538322193469386 0
2054 0.8306079156535283 0.6629112226547483 0
2055 0.7943206111440564 0.7104722646446664 0
2056 0.7954451311284482 0.6399257240539256 0
2057 0.8130265233909848 0.6514184733543336 0
2058 0.7773892625306879 0.6965503090867534 0
2059 0.7604579139173329 0.682628353528854 0
2060 1.169392709752337 0.03544640401252694 0
2061 1.165551280993507 0.07089280802505388 0
2062 1.129839084000466 0.1060660236031992 0
2063 1.097968315766254 0.1057928351688176 0
2064 1.104346238046974 0.03526427838960586 0
2065 1.136869473899682 0.0353553412010664 0
2066 1.133354278950074 0.0707106824021328 0
2067 1.101157276906614 0.07052855677921172 0
2068 1.15353708979472 0.145888046978343 0
2069 1.145364327354762 0.1854368819191052 0
2070 1.106242215891737 0.2234910937419531 0
2071 1.075292866868669 0.2219964706240389 0
2072 1.090409832800392 0.144527380320558 0
2073 1.121973461297556 0.1452077136494505 0
2074 1.114107838594646 0.1843494036957018 0
2075 1.082851349834531 0.1832619254722985 0
2076 1.123617396205358 0.2689270033240265 0
2077 1.110043227495911 0.3128682897881857 0
2078 1.066402951567135 0.3527206304207017 0
2079 1.036336844347805 0.3486316845890584 0
2080 1.062307526028381 0.2642082086123788 0
2081 1.092962461116869 0.2665676059682026 0
2082 1.079682706342002 0.3096441181944521 0
2083 1.049322185188093 0.3064199466007186 0
2084 1.076276215673121 0.4054044463552019 0
2085 1.056083372559778 0.4539993164580589 0
2086 1.00671790343196 0.4939632231256268 0
2087 0.9775452774174843 0.4853322596903378 0
2088 1.016739655371032 0.3941985429561515 0
2089 1.046507935522076 0.3998014946556767 0
2090 1.026612919477018 0.4468823588906519 0
2091 0.9971424663942577 0.4397654013232447 0
2092 1.007732790597364 0.5560723468055603 0
2093 0.9795750517482934 0.6095505070502049 0
2094 0.9232432819871486 0.6471358384181762 0
2095 0.8950692510750743 0.6312430095415033 0
2096 0.9500532686366807 0.5339691763073928 0
2097 0.9788930296170224 0.5450207615564766 0
2098 0.9510681558020855 0.5960782999873265 0
2099 0.9225612598558777 0.5826060929244481 0
2100 0.9138603442896529 0.7216012472200707 0
2101 0.8763033756800831 0.7801738271452919 0
2102 0.8583587251988891 0.6824745641765084 0
2103 0.886109534744269 0.7020379056982874 0
2104 0.8489757875013892 0.7569399729783983 0
2105 0.8216481993227038 0.7337061188115134 0
2106 1.298669968771026 0.03634013599442044 0
2107 1.294070393412976 0.07268027198884089 0
2108 1.246883829448177 0.1081266760013678 0
2109 1.204296840841427 0.1072329440194743 0
2110 1.212485129425229 0.03574431467315811 0
2111 1.255577549098128 0.03604222533378927 0
2112 1.251230689273152 0.07208445066757854 0
2113 1.208390985133328 0.07148862934631622 0
2114 1.28078587338741 0.1508845733701032 0
2115 1.272100928719893 0.1927487387569451 0
2116 1.221341177673186 0.2314038417158137 0
2117 1.179266371293995 0.2281947792878405 0
2118 1.195953350992283 0.1475535557755964 0
2119 1.238369612189846 0.1492190645728498 0
2120 1.229855394931516 0.1903114531443318 0
2121 1.187609861143139 0.1878741675317185 0
2122 1.249604826325197 0.2829058754941878 0
2123 1.235793668598017 0.3311988468445887 0
2124 1.18014469350938 0.3719310708807747 0
2125 1.138306876147922 0.3643703235665598 0
2126 1.165613206245304 0.273586627380747 0
2127 1.207609016285251 0.2782462514374674 0
2128 1.193876854897315 0.3250886611591211 0
2129 1.151960041196614 0.3189784754736534 0
2130 1.201835816667968 0.4353050209053803 0
2131 1.181689122465098 0.491118223615771 0
2132 1.119658461990297 0.5321523464044131 0
2133 1.077774495718366 0.5173732664826645 0
2134 1.118129416004737 0.4153713045385947 0
2135 1.159982616336352 0.4253381627219875 0
2136 1.139820539163325 0.4787452545632003 0
2137 1.097951955861551 0.4663722855106296 0
2138 1.13368357025798 0.6116082104805509 0
2139 1.105824712253731 0.6762849946349401 0
2140 1.035783007132729 0.714984074957836 0
2141 0.9936001600159757 0.6890063711263427 0
2142 1.049716383817569 0.5745843013638905 0
2143 1.091699977037774 0.5930962559222207 0
2144 1.063741492085251 0.6540401654400283 0
2145 1.021658271916772 0.6317953362451165 0
2146 1.040866584511196 0.8161972008710939 0
2147 1.003767314772909 0.8914326229528584 0
2148 0.9561957576968543 0.7531332317704323 0
2149 0.9985311711040228 0.784665216320761 0
2150 0.9612793350753168 0.8543463576836861 0
2151 0.9187913553777329 0.8172600924145219 0
2152 1.470097492860797 0.03836457895361634 0
2153 1.465342693586036 0.07672915790723267 0
2154 1.403548868892492 0.1130692939016531 0
2155 1.346509843473709 0.1110448509424572 0
2156 1.355812476800884 0.03701495031415241 0
2157 1.412954984830875 0.03768976463388437 0
2158 1.408251926861683 0.07537952926776874 0
2159 1.351161160137297 0.07402990062830482 0
2160 1.452342311838766 0.1611281898184515 0
2161 1.444096729366258 0.2071626427760539 0
2162 1.378372759279959 0.2470023652036999 0
2163 1.320894371666167 0.2408076346737434 0
2164 1.337971352871195 0.1542991121862193 0
2165 1.395156832354981 0.1577136510023354 0
2166 1.38676479581747 0.2023580081030176 0
2167 1.329432862268682 0.1975533734299814 0
2168 1.423198783237933 0.3087036527285944 0
2169 1.410546419582117 0.3642102097235325 0
2170 1.339256874241146 0.4063084505439769 0
2171 1.280619692555992 0.3929001343694832 0
2172 1.307469478629442 0.2915051345723234 0
2173 1.365334130933688 0.3001043936504588 0
2174 1.352295502587417 0.3532064220972178 0
2175 1.294044585592717 0.3422026344709034 0
2176 1.379749915388463 0.4869962763086526 0
2177 1.361605774850627 0.5542757858988346 0
2178 1.282821898962603 0.5966806724347317 0
2179 1.222182163612415 0.5718060493804468 0
2180 1.261140516241466 0.4525354393731378 0
2181 1.320445215814965 0.4697658578408952 0
2182 1.301633557388784 0.5332232651378134 0
2183 1.241661339926941 0.5121707443767922 0
2184 1.318559187428003 0.7035707880976371 0
2185 1.293656740543217 0.7855862807062575 0
2186 1.205158147188781 0.8253884418063617 0
2187 1.141562000719131 0.7831751102978456 0
2188 1.195308775981321 0.6422624030195796 0
2189 1.256933981704662 0.6729165955586083 0
2190 1.231046064446722 0.7491525186824848 0
2191 1.168435388350226 0.7127187566587125 0
2192 1.235639587283617 0.9682045737212482 0
2193 1.202524880908802 1.068807374127619 0
2194 1.105790918768671 0.8668663251544808 0
2195 1.170715253026127 0.9175354494378472 0
2196 1.136272358863472 1.009682457069332 0
2197 1.070019836818211 0.9505575400111159 0
2198 1.697636949558062 0.04237533045790309 0
2199 1.694016814108002 0.08475066091580619 0
2200 1.613793750542385 0.1231152398694225 0
2201 1.53719082242683 0.1191044883651358 0
2202 1.545943978426576 0.03970149612171192 0
2203 1.621790463992257 0.04103841328980751 0
2204 1.617792107267321 0.08207682657961501 0
2205 1.541567400426703 0.07940299224342384 0
2206 1.6844982964698 0.1804306301531776 0
2207 1.678599914281659 0.2337352689326458 0
2208 1.593751403693596 0.2757589703859615 0
2209 1.514801275293673 0.2644780330598089 0
2210 1.529727640049111 0.1675623365966935 0
2211 1.607112968259456 0.1739964833749355 0
2212 1.600432185976525 0.2248777268804485 0
2213 1.522264457671392 0.2160201848282512 0
2214 1.663910381717483 0.3543970233489863 0
2215 1.655119231341448 0.4217541389858584 0
2216 1.563516739285708 0.4659797586546439 0
2217 1.480705397606004 0.4428482626865572 0
2218 1.503435982731117 0.323934776268725 0
2219 1.5836731822243 0.3391658998088556 0
2220 1.573594960755004 0.4025728292317496 0
2221 1.49207069016856 0.3833915194776412 0
2222 1.633903649662668 0.5745979706543297 0
2223 1.621479218359924 0.6600846866859289 0
2224 1.520523736142383 0.7042327003080243 0
2225 1.431992685227586 0.6628939978985205 0
2226 1.464467826813198 0.516196841090545 0
2227 1.549185738237933 0.5453974058724372 0
2228 1.534854737190158 0.6248150530902307 0
2229 1.448230256020392 0.5895454194945328 0
2230 1.592113901163445 0.8545260113857727 0
2231 1.57517301526971 0.9634806200540171 0
2232 1.461739517470127 1.004157410253134 0
2233 1.365246905564279 0.9358795917840059 0
2234 1.409744092006484 0.7538891958603489 0
2235 1.500928996584964 0.8042076036230607 0
2236 1.481334257027546 0.9041825069380971 0
2237 1.387495498785381 0.8448843938221773 0
2238 1.535733017854733 1.211868417418924 0
2239 1.513233906333491 1.351301606115586 0
2240 1.335670730807203 1.049425854953687 0
2241 1.435701874331027 1.130647136186365 0
2242 1.409664231191927 1.257136862119596 0
2243 1.306094556050126 1.162972118123369 0
2244 1.89679889288598 0.1419563031583048 0
2245 1.79359778577196 0.134541147266007 0
2246 1.798424633038798 0.04484704908867046 0
2247 1.899212316519574 0.04731876771943783 0
2248 1.898005604702778 0.09463753543886681 0
2249 1.796011209405379 0.08969409817733649 0
2250 1.89090051069784 0.3266588205852371 0
2251 1.781801021395679 0.3068493641486756 0
2252 1.789665530979867 0.1919772195602451 0
2253 1.894832765489933 0.2035238089673126 0
2254 1.892866638093886 0.26509131477629 0
2255 1.785733276187773 0.2494132918544679 0
2256 1.882109360321804 0.567396477045475 0
2257 1.764218720643608 0.5282538658341028 0
2258 1.775940254478322 0.3806508647104846 0
2259 1.887970127239161 0.406904706071983 0
2260 1.885039743780482 0.4871505915587291 0
2261 1.770079487560965 0.4544523652722937 0
2262 1.86968492901906 0.8816601904182453 0
2263 1.73936985803812 0.8136157965678867 0
2264 1.755935766441779 0.6233745094120307 0
2265 1.87796788322089 0.6721510481697317 0
2266 1.873826406119975 0.7769056192939885 0
2267 1.74765281223995 0.7184951529899588 0
2268 1.852744043125325 1.29248785625037 0
2269 1.705488086250651 1.182461542486316 0
2270 1.728075934108963 0.936564378540631 0
2271 1.864037967054482 1.018602745695489 0
2272 1.858391005089903 1.15554530097293 0
2273 1.716782010179807 1.059512960513473 0
2274 1.690488678569845 1.341804316060288 0
2275 1.845244339284917 1.471740214701614 0
2276 1.837744635444509 1.650992573152857 0
2277 1.675489270889039 1.50114708963426 0
2278 2.571428576910801 0.1493714590506026 0
2279 2.571428574463082 0.3464682770217986 0
2280 2.571428571233296 0.6065390882568473 0
2281 2.571428566971568 0.9497045842686038 0
2282 2.571428561348185 1.402514170014425 0
2283 3.714285716591573 0.1493714590506025 0
2284 3.714285714634078 0.3464682770217986 0
2285 3.714285712051148 0.6065390882568473 0
2286 3.71428570864295 0.9497045842686038 0
2287 3.714285704145806 1.402514170014425 0
2288 2.571428578147484 0.04979048635020085 0
2289 2.571428577529142 0.0995809727004017 0
2290 2.3809523846072 0.1493714590506026 0
2291 2.1904761923036 0.1493714590506025 0
2292 2.190476192715837 0.04979048635020374 0
2293 2.380952385431818 0.0497904863502023 0
2294 2.380952385019509 0.09958097270040017 0
2295 2.190476192509718 0.09958097270039865 0
2296 2.571428576094894 0.2150703983743346 0
2297 2.571428575278988 0.2807693376980666 0
2298 2.380952382975388 0.3464682770217986 0
2299 2.190476191487694 0.3464682770217986 0
2300 2.190476192031632 0.2150703983743649 0
2301 2.380952384063263 0.2150703983743497 0
2302 2.380952383519325 0.2807693376980818 0
2303 2.190476191759663 0.2807693376980969 0
2304 2.571428573386486 0.4331585474334815 0
2305 2.571428572309891 0.5198488178451643 0
2306 2.380952380822197 0.6065390882568473 0
2307 2.190476190411099 0.6065390882568473 0
2308 2.190476191128829 0.4331585474334815 0
2309 2.380952382257657 0.4331585474334815 0
2310 2.380952381539927 0.5198488178451643 0
2311 2.190476190769964 0.5198488178451643 0
2312 2.57142856981272 0.7209275869274329 0
2313 2.571428568392144 0.8353160855980183 0
2314 2.380952377981045 0.9497045842686038 0
2315 2.190476188990523 0.9497045842686038 0
2316 2.190476189937574 0.7209275869274329 0
2317 2.380952379875146 0.7209275869274328 0
2318 2.380952378928096 0.8353160855980183 0
2319 2.190476189464048 0.8353160855980183 0
2320 2.571428565097107 1.100641112850544 0
2321 2.571428563222646 1.251577641432484 0
2322 2.380952374232124 1.402514170014425 0
2323 2.190476187116062 1.402514170014425 0
2324 2.190476188365702 1.100641112850413 0
2325 2.380952376731405 1.100641112850478 0
2326 2.380952375481765 1.251577641432452 0
2327 2.190476187740882 1.251577641432419 0
2328 2.571428558874819 1.60167611334295 0
2329 2.571428556401453 1.800838056671475 0
2330 2.190476186291606 1.60167611334295 0
2331 2.380952372583213 1.60167611334295 0
2332 2.380952370934302 1.800838056671475 0
2333 2.190476185467151 1.800838056671475 0
2334 3.714285717580576 0.04979048635020084 0
2335 3.714285717086075 0.09958097270040168 0
2336 3.333333336697982 0.1493714590506025 0
2337 2.952380956804391 0.1493714590506026 0
2338 2.95238095795883 0.04979048635020086 0
2339 3.333333337769545 0.04979048635020084 0
2340 3.333333337233764 0.09958097270040167 0
2341 2.952380957381611 0.09958097270040171 0
2342 3.714285715939075 0.2150703983743345 0
2343 3.714285715286576 0.2807693376980666 0
2344 3.333333334577079 0.3464682770217986 0
2345 2.952380954520081 0.3464682770217986 0
2346 2.952380956042954 0.2150703983743346 0
2347 3.333333335991014 0.2150703983743346 0
2348 3.333333335284046 0.2807693376980666 0
2349 2.952380955281518 0.2807693376980666 0
2350 3.714285713773101 0.4331585474334815 0
2351 3.714285712912125 0.5198488178451643 0
2352 3.333333331778531 0.6065390882568473 0
2353 2.952380951505913 0.6065390882568473 0
2354 2.952380953515358 0.4331585474334815 0
2355 3.333333333644229 0.4331585474334815 0
2356 3.33333333271138 0.5198488178451643 0
2357 2.952380952510636 0.5198488178451643 0
2358 3.714285710915082 0.7209275869274329 0
2359 3.714285709779016 0.8353160855980183 0
2360 3.333333328085823 0.9497045842686038 0
2361 2.952380947528695 0.9497045842686038 0
2362 2.952380950180174 0.7209275869274329 0
2363 3.333333330547628 0.7209275869274328 0
2364 3.333333329316725 0.8353160855980182 0
2365 2.952380948854435 0.8353160855980182 0
2366 3.714285707143902 1.100641112850544 0
2367 3.714285705644854 1.251577641432484 0
2368 3.333333323213266 1.402514170014425 0
2369 2.952380942280726 1.402514170014425 0
2370 2.952380945779372 1.100641112850544 0
2371 3.333333326461637 1.100641112850544 0
2372 3.333333324837451 1.251577641432484 0
2373 2.952380944030049 1.251577641432484 0
2374 3.714285702167801 1.60167611334295 0
2375 3.714285700189795 1.800838056671475 0
2376 2.95238093997248 1.60167611334295 0
2377 3.333333321070141 1.60167611334295 0
2378 3.333333318927014 1.800838056671475 0
2379 2.952380937664233 1.800838056671475 0
2380 5.238095238863858 0.1493714590506025 0
2381 4.476190477727716 0.1493714590506025 0
2382 4.476190478386042 0.04979048635020229 0
2383 5.238095239194014 0.04979048635020374 0
2384 5.238095239028937 0.09958097270039865 0
2385 4.47619047805688 0.09958097270040016 0
2386 5.238095238211359 0.3464682770217986 0
2387 4.476190476422719 0.3464682770217986 0
2388 4.476190477292718 0.2150703983743497 0
2389 5.238095238646359 0.2150703983743649 0
2390 5.238095238428859 0.2807693376980969 0
2391 4.476190476857719 0.2807693376980818 0
2392 5.238095237350382 0.6065390882568473 0
2393 4.476190474700766 0.6065390882568473 0
2394 4.476190475848734 0.4331585474334815 0
2395 5.238095237924367 0.4331585474334815 0
2396 5.238095237637374 0.5198488178451643 0
2397 4.47619047527475 0.5198488178451643 0
2398 5.238095236214317 0.9497045842686038 0
2399 4.476190472428634 0.9497045842686038 0
2400 4.476190473943388 0.7209275869274329 0
2401 5.238095236971694 0.7209275869274328 0
2402 5.238095236593005 0.8353160855980184 0
2403 4.47619047318601 0.8353160855980182 0
2404 5.238095234715269 1.402514170014425 0
2405 4.476190469430538 1.402514170014425 0
2406 4.47619047142927 1.100641112850478 0
2407 5.238095235714634 1.100641112850413 0
2408 5.238095235214951 1.251577641432419 0
2409 4.476190470429904 1.251577641432451 0
2410 4.476190468112254 1.60167611334295 0
2411 5.238095234056232 1.60167611334295 0
2412 5.238095233397195 1.800838056671475 0
2413 4.47619046679397 1.800838056671475 0
$EndNodes
$Elements
392
1 15 2 1 1 1
2 15 2 2 2 2
3 15 2 3 3 3
4 15 2 4 4 4
5 15 2 5 5 5
6 15 2 6 6 6
7 15 2 7 7 7
8 15 2 8 8 8
9 15 2 9 9 9
10 15 2 10 10 10
11 15 2 11 11 11
12 15 2 12 12 12
13 15 2 13 13 13
14 15 2 14 14 14
15 26 2 1 1 1 15 29 30
16 26 2 1 1 15 16 31 32
17 26 2 1 1 16 17 33 34
18 26 2 1 1 17 18 35 36
19 26 2 1 1 18 19 37 38
20 26 2 1 1 19 20 39 40
21 26 2 1 1 20 21 41 42
22 26 2 1 1 21 22 43 44
23 26 2 1 1 22 23 45 46
24 26 2 1 1 23 24 47 48
25 26 2 1 1 24 25 49 50
26 26 2 1 1 25 26 51 52
27 26 2 1 1 26 27 53 54
28 26 2 1 1 27 28 55 56
29 26 2 1 1 28 2 57 58
30 26 2 2 2 2 59 64 65
31 26 2 2 2 59 60 66 67
32 26 2 2 2 60 61 68 69
33 26 2 2 2 61 62 70 71
34 26 2 2 2 62 63 72 73
35 26 2 2 2 63 3 74 75
36 26 2 3 3 3 76 81 82
37 26 2 3 3 76 77 83 84
38 26 2 3 3 77 78 85 86
39 26 2 3 3 78 79 87 88
40 26 2 3 3 79 80 89 90
41 26 2 3 3 80 4 91 92
42 26 2 4 4 4 93 98 99
43 26 2 4 4 93 94 100 101
44 26 2 4 4 94 95 102 103
45 26 2 4 4 95 96 104 105
46 26 2 4 4 96 97 106 107
47 26 2 4 4 97 5 108 109
48 26 2 5 5 5 110 115 116
49 26 2 5 5 110 111 117 118
50 26 2 5 5 111 112 119 120
51 26 2 5 5 112 113 121 122
52 26 2 5 5 113 114 123 124
53 26 2 5 5 114 6 125 126
54 26 2 6 6 6 127 132 133
55 26 2 6 6 127 128 134 135
56 26 2 6 6 128 129 136 137
57 26 2 6 6 129 130 138 139
58 26 2 6 6 130 131 140 141
59 26 2 6 6 131 7 142 143
60 26 2 7 7 7 144 149 150
61 26 2 7 7 144 145 151 152
62 26 2 7 7 145 146 153 154
63 26 2 7 7 146 147 155 156
64 26 2 7 7 147 148 157 158
65 26 2 7 7 148 8 159 160
66 26 2 8 8 8 161 163 164
67 26 2 8 8 161 162 165 166
68 26 2 8 8 162 9 167 168
69 26 2 9 9 9 169 174 175
70 26 2 9 9 169 170 176 177
71 26 2 9 9 170 171 178 179
72 26 2 9 9 171 172 180 181
73 26 2 9 9 172 173 182 183
74 26 2 9 9 173 10 184 185
75 26 2 10 10 10 186 188 189
76 26 2 10 10 186 187 190 191
77 26 2 10 10 187 11 192 193
78 26 2 11 11 11 194 199 200
79 26 2 11 11 194 195 201 202
80 26 2 11 11 195 196 203 204
81 26 2 11 11 196 197 205 206
82 26 2 11 11 197 198 207 208
83 26 2 11 11 198 12 209 210
84 26 2 12 12 12 211 216 217
85 26 2 12 12 211 212 218 219
86 26 2 12 12 212 213 220 221
87 26 2 12 12 213 214 222 223
88 26 2 12 12 214 215 224 225
89 26 2 12 12 215 13 226 227
90 26 2 13 13 13 228 242 243
91 26 2 13 13 228 229 244 245
92 26 2 13 13 229 230 246 247
93 26 2 13 13 230 231 248 249
94 26 2 13 13 231 232 250 251
95 26 2 13 13 232 233 252 253
96 26 2 13 13 233 234 254 255
97 26 2 13 13 234 235 256 257
98 26 2 13 13 235 236 258 259
99 26 2 13 13 236 237 260 261
100 26 2 13 13 237 238 262 263
101 26 2 13 13 238 239 264 265
102 26 2 13 13 239 240 266 267
103 26 2 13 13 240 241 268 269
104 26 2 13 13 241 14 270 271
105 26 2 14 14 14 272 277 278
106 26 2 14 14 272 273 279 280
107 26 2 14 14 273 274 281 282
108 26 2 14 14 274 275 283 284
109 26 2 14 14 275 276 285 286
110 26 2 14 14 276 1 287 288
111 26 2 15 15 13 289 294 295
112 26 2 15 15 289 290 296 297
113 26 2 15 15 290 291 298 299
114 26 2 15 15 291 292 300 301
115 26 2 15 15 292 293 302 303
116 26 2 15 15 293 2 304 305
117 26 2 16 16 4 306 311 312
118 26 2 16 16 306 307 313 314
119 26 2 16 16 307 308 315 316
120 26 2 16 16 308 309 317 318
121 26 2 16 16 309 310 319 320
122 26 2 16 16 310 13 321 322
123 26 2 17 17 5 323 328 329
124 26 2 17 17 323 324 330 331
125 26 2 17 17 324 325 332 333
126 26 2 17 17 325 326 334 335
127 26 2 17 17 326 327 336 337
128 26 2 17 17 327 12 338 339
129 26 2 18 18 6 340 345 346
130 26 2 18 18 340 341 347 348
131 26 2 18 18 341 342 349 350
132 26 2 18 18 342 343 351 352
133 26 2 18 18 343 344 353 354
134 26 2 18 18 344 11 355 356
135 26 2 19 19 8 357 362 363
136 26 2 19 19 357 358 364 365
137 26 2 19 19 358 359 366 367
138 26 2 19 19 359 360 368 369
139 26 2 19 19 360 361 370 371
140 26 2 19 19 361 11 372 373
141 36 2 1 1 1 15 374 276 29 30 444 445 446 447 287 288 448 449 450 451
142 36 2 1 1 276 374 375 275 447 446 452 453 454 455 285 286 456 457 458 459
143 36 2 1 1 275 375 376 274 455 454 460 461 462 463 283 284 464 465 466 467
144 36 2 1 1 274 376 377 273 463 462 468 469 470 471 281 282 472 473 474 475
145 36 2 1 1 273 377 378 272 471 470 476 477 478 479 279 280 480 481 482 483
146 36 2 1 1 272 378 241 14 479 478 484 485 270 271 277 278 486 487 488 489
147 36 2 1 1 15 16 379 374 31 32 490 491 492 493 445 444 494 495 496 497
148 36 2 1 1 374 379 380 375 493 492 498 499 500 501 453 452 502 503 504 505
149 36 2 1 1 375 380 381 376 501 500 506 507 508 509 461 460 510 511 512 513
150 36 2 1 1 376 381 382 377 509 508 514 515 516 517 469 468 518 519 520 521
151 36 2 1 1 377 382 383 378 517 516 522 523 524 525 477 476 526 527 528 529
152 36 2 1 1 378 383 240 241 525 524 530 531 268 269 485 484 532 533 534 535
153 36 2 1 1 16 17 384 379 33 34 536 537 538 539 491 490 540 541 542 543
154 36 2 1 1 379 384 385 380 539 538 544 545 546 547 499 498 548 549 550 551
155 36 2 1 1 380 385 386 381 547 546 552 553 554 555 507 506 556 557 558 559
156 36 2 1 1 381 386 387 382 555 554 560 561 562 563 515 514 564 565 566 567
157 36 2 1 1 382 387 388 383 563 562 568 569 570 571 523 522 572 573 574 575
158 36 2 1 1 383 388 239 240 571 570 576 577 266 267 531 530 578 579 580 581
159 36 2 1 1 17 18 389 384 35 36 582 583 584 585 537 536 586 587 588 589
160 36 2 1 1 384 389 390 385 585 584 590 591 592 593 545 544 594 595 596 597
161 36 2 1 1 385 390 391 386 593 592 598 599 600 601 553 552 602 603 604 605
162 36 2 1 1 386 391 392 387 601 600 606 607 608 609 561 560 610 611 612 613
163 36 2 1 1 387 392 393 388 609 608 614 615 616 617 569 568 618 619 620 621
164 36 2 1 1 388 393 238 239 617 616 622 623 264 265 577 576 624 625 626 627
165 36 2 1 1 18 19 394 389 37 38 628 629 630 631 583 582 632 633 634 635
166 36 2 1 1 389 394 395 390 631 630 636 637 638 639 591 590 640 641 642 643
167 36 2 1 1 390 395 396 391 639 638 644 645 646 647 599 598 648 649 650 651
168 36 2 1 1 391 396 397 392 647 646 652 653 654 655 607 606 656 657 658 659
169 36 2 1 1 392 397 398 393 655 654 660 661 662 663 615 614 664 665 666 667
170 36 2 1 1 393 398 237 238 663 662 668 669 262 263 623 622 670 671 672 673
171 36 2 1 1 19 20 399 394 39 40 674 675 676 677 629 628 678 679 680 681
172 36 2 1 1 394 399 400 395 677 676 682 683 684 685 637 636 686 687 688 689
173 36 2 1 1 395 400 401 396 685 684 690 691 692 693 645 644 694 695 696 697
174 36 2 1 1 396 401 402 397 693 692 698 699 700 701 653 652 702 703 704 705
175 36 2 1 1 397 402 403 398 701 700 706 707 708 709 661 660 710 711 712 713
176 36 2 1 1 398 403 236 237 709 708 714 715 260 261 669 668 716 717 718 719
177 36 2 1 1 20 21 404 399 41 42 720 721 722 723 675 674 724 725 726 727
178 36 2 1 1 399 404 405 400 723 722 728 729 730 731 683 682 732 733 734 735
179 36 2 1 1 400 405 406 401 731 730 736 737 738 739 691 690 740 741 742 743
180 36 2 1 1 401 406 407 402 739 738 744 745 746 747 699 698 748 749 750 751
181 36 2 1 1 402 407 408 403 747 746 752 753 754 755 707 706 756 757 758 759
182 36 2 1 1 403 408 235 236 755 754 760 761 258 259 715 714 762 763 764 765
183 36 2 1 1 21 22 409 404 43 44 766 767 768 769 721 720 770 771 772 773
184 36 2 1 1 404 409 410 405 769 768 774 775 776 777 729 728 778 779 780 781
185 36 2 1 1 405 410 411 406 777 776 782 783 784 785 737 736 786 787 788 789
186 36 2 1 1 406 411 412 407 785 784 790 791 792 793 745 744 794 795 796 797
187 36 2 1 1 407 412 413 408 793 792 798 799 800 801 753 752 802 803 804 805
188 36 2 1 1 408 413 234 235 801 800 806 807 256 257 761 760 808 809 810 811
189 36 2 1 1 22 23 414 409 45 46 812 813 814 815 767 766 816 817 818 819
190 36 2 1 1 409 414 415 410 815 814 820 821 822 823 775 774 824 825 826 827
191 36 2 1 1 410 415 416 411 823 822 828 829 830 831 783 782 832 833 834 835
192 36 2 1 1 411 416 417 412 831 830 836 837 838 839 791 790 840 841 842 843
193 36 2 1 1 412 417 418 413 839 838 844 845 846 847 799 798 848 849 850 851
194 36 2 1 1 413 418 233 234 847 846 852 853 254 255 807 806 854 855 856 857
195 36 2 1 1 23 24 419 414 47 48 858 859 860 861 813 812 862 863 864 865
196 36 2 1 1 414 419 420 415 861 860 866 867 868 869 821 820 870 871 872 873
197 36 2 1 1 415 420 421 416 869 868 874 875 876 877 829 828 878 879 880 881
198 36 2 1 1 416 421 422 417 877 876 882 883 884 885 837 836 886 887 888 889
199 36 2 1 1 417 422 423 418 885 884 890 891 892 893 845 844 894 895 896 897
200 36 2 1 1 418 423 232 233 893 892 898 899 252 253 853 852 900 901 902 903
201 36 2 1 1 24 25 424 419 49 50 904 905 906 907 859 858 908 909 910 911
202 36 2 1 1 419 424 425 420 907 906 912 913 914 915 867 866 916 917 918 919
203 36 2 1 1 420 425 426 421 915 914 920 921 922 923 875 874 924 925 926 927
204 36 2 1 1 421 426 427 422 923 922 928 929 930 931 883 882 932 933 934 935
205 36 2 1 1 422 427 428 423 931 930 936 937 938 939 891 890 940 941 942 943
206 36 2 1 1 423 428 231 232 939 938 944 945 250 251 899 898 946 947 948 949
207 36 2 1 1 25 26 429 424 51 52 950 951 952 953 905 904 954 955 956 957
208 36 2 1 1 424 429 430 425 953 952 958 959 960 961 913 912 962 963 964 965
209 36 2 1 1 425 430 431 426 961 960 966 967 968 969 921 920 970 971 972 973
210 36 2 1 1 426 431 432 427 969 968 974 975 976 977 929 928 978 979 980 981
211 36 2 1 1 427 432 433 428 977 976 982 983 984 985 937 936 986 987 988 989
212 36 2 1 1 428 433 230 231 985 984 990 991 248 249 945 944 992 993 994 995
213 36 2 1 1 26 27 434 429 53 54 996 997 998 999 951 950 1000 1001 1002 1003
214 36 2 1 1 429 434 435 430 999 998 1004 1005 1006 1007 959 958 1008 1009 1010 1011
215 36 2 1 1 430 435 436 431 1007 1006 1012 1013 1014 1015 967 966 1016 1017 1018 1019
216 36 2 1 1 431 436 437 432 1015 1014 1020 1021 1022 1023 975 974 1024 1025 1026 1027
217 36 2 1 1 432 437 438 433 1023 1022 1028 1029 1030 1031 983 982 1032 1033 1034 1035
218 36 2 1 1 433 438 229 230 1031 1030 1036 1037 246 247 991 990 1038 1039 1040 1041
219 36 2 1 1 27 28 439 434 55 56 1042 1043 1044 1045 997 996 1046 1047 1048 1049
220 36 2 1 1 434 439 440 435 1045 1044 1050 1051 1052 1053 1005 1004 1054 1055 1056 1057
221 36 2 1 1 435 440 441 436 1053 1052 1058 1059 1060 1061 1013 1012 1062 1063 1064 1065
222 36 2 1 1 436 441 442 437 1061 1060 1066 1067 1068 1069 1021 1020 1070 1071 1072 1073
223 36 2 1 1 437 442 443 438 1069 1068 1074 1075 1076 1077 1029 1028 1078 1079 1080 1081
224 36 2 1 1 438 443 228 229 1077 1076 1082 1083 244 245 1037 1036 1084 1085 1086 1087
225 36 2 1 1 28 2 293 439 57 58 305 304 1088 1089 1043 1042 1090 1091 1092 1093
226 36 2 1 1 439 293 292 440 1089 1088 303 302 1094 1095 1051 1050 1096 1097 1098 1099
227 36 2 1 1 440 292 291 441 1095 1094 301 300 1100 1101 1059 1058 1102 1103 1104 1105
228 36 2 1 1 441 291 290 442 1101 1100 299 298 1106 1107 1067 1066 1108 1109 1110 1111
229 36 2 1 1 442 290 289 443 1107 1106 297 296 1112 1113 1075 1074 1114 1115 1116 1117
230 36 2 1 1 443 289 13 228 1113 1112 295 294 242 243 1083 1082 1118 1119 1120 1121
231 36 2 1 2 2 59 1122 293 64 65 1147 1148 1149 1150 304 305 1151 1152 1153 1154
232 36 2 1 2 293 1122 1123 292 1150 1149 1155 1156 1157 1158 302 303 1159 1160 1161 1162
233 36 2 1 2 292 1123 1124 291 1158 1157 1163 1164 1165 1166 300 301 1167 1168 1169 1170
234 36 2 1 2 291 1124 1125 290 1166 1165 1171 1172 1173 1174 298 299 1175 1176 1177 1178
235 36 2 1 2 290 1125 1126 289 1174 1173 1179 1180 1181 1182 296 297 1183 1184 1185 1186
236 36 2 1 2 289 1126 310 13 1182 1181 1187 1188 321 322 294 295 1189 1190 1191 1192
237 36 2 1 2 59 60 1127 1122 66 67 1193 1194 1195 1196 1148 1147 1197 1198 1199 1200
238 36 2 1 2 1122 1127 1128 1123 1196 1195 1201 1202 1203 1204 1156 1155 1205 1206 1207 1208
239 36 2 1 2 1123 1128 1129 1124 1204 1203 1209 1210 1211 1212 1164 1163 1213 1214 1215 1216
240 36 2 1 2 1124 1129 1130 1125 1212 1211 1217 1218 1219 1220 1172 1171 1221 1222 1223 1224
241 36 2 1 2 1125 1130 1131 1126 1220 1219 1225 1226 1227 1228 1180 1179 1229 1230 1231 1232
242 36 2 1 2 1126 1131 309 310 1228 1227 1233 1234 319 320 1188 1187 1235 1236 1237 1238
243 36 2 1 2 60 61 1132 1127 68 69 1239 1240 1241 1242 1194 1193 1243 1244 1245 1246
244 36 2 1 2 1127 1132 1133 1128 1242 1241 1247 1248 1249 1250 1202 1201 1251 1252 1253 1254
245 36 2 1 2 1128 1133 1134 1129 1250 1249 1255 1256 1257 1258 1210 1209 1259 1260 1261 1262
246 36 2 1 2 1129 1134 1135 1130 1258 1257 1263 1264 1265 1266 1218 1217 1267 1268 1269 1270
247 36 2 1 2 1130 1135 1136 1131 1266 1265 1271 1272 1273 1274 1226 1225 1275 1276 1277 1278
248 36 2 1 2 1131 1136 308 309 1274 1273 1279 1280 317 318 1234 1233 1281 1282 1283 1284
249 36 2 1 2 61 62 1137 1132 70 71 1285 1286 1287 1288 1240 1239 1289 1290 1291 1292
250 36 2 1 2 1132 1137 1138 1133 1288 1287 1293 1294 1295 1296 1248 1247 1297 1298 1299 1300
251 36 2 1 2 1133 1138 1139 1134 1296 1295 1301 1302 1303 1304 1256 1255 1305 1306 1307 1308
252 36 2 1 2 1134 1139 1140 1135 1304 1303 1309 1310 1311 1312 1264 1263 1313 1314 1315 1316
253 36 2 1 2 1135 1140 1141 1136 1312 1311 1317 1318 1319 1320 1272 1271 1321 1322 1323 1324
254 36 2 1 2 1136 1141 307 308 1320 1319 1325 1326 315 316 1280 1279 1327 1328 1329 1330
255 36 2 1 2 62 63 1142 1137 72 73 1331 1332 1333 1334 1286 1285 1335 1336 1337 1338
256 36 2 1 2 1137 1142 1143 1138 1334 1333 1339 1340 1341 1342 1294 1293 1343 1344 1345 1346
257 36 2 1 2 1138 1143 1144 1139 1342 1341 1347 1348 1349 1350 1302 1301 1351 1352 1353 1354
258 36 2 1 2 1139 1144 1145 1140 1350 1349 1355 1356 1357 1358 1310 1309 1359 1360 1361 1362
259 36 2 1 2 1140 1145 1146 1141 1358 1357 1363 1364 1365 1366 1318 1317 1367 1368 1369 1370
260 36 2 1 2 1141 1146 306 307 1366 1365 1371 1372 313 314 1326 1325 1373 1374 1375 1376
261 36 2 1 2 63 3 76 1142 74 75 81 82 1377 1378 1332 1331 1379 1380 1381 1382
262 36 2 1 2 1142 76 77 1143 1378 1377 83 84 1383 1384 1340 1339 1385 1386 1387 1388
263 36 2 1 2 1143 77 78 1144 1384 1383 85 86 1389 1390 1348 1347 1391 1392 1393 1394
264 36 2 1 2 1144 78 79 1145 1390 1389 87 88 1395 1396 1356 1355 1397 1398 1399 1400
265 36 2 1 2 1145 79 80 1146 1396 1395 89 90 1401 1402 1364 1363 1403 1404 1405 1406
266 36 2 1 2 1146 80 4 306 1402 1401 91 92 311 312 1372 1371 1407 1408 1409 1410
267 36 2 1 3 4 93 1411 306 98 99 1436 1437 1438 1439 312 311 1440 1441 1442 1443
268 36 2 1 3 306 1411 1412 307 1439 1438 1444 1445 1446 1447 314 313 1448 1449 1450 1451
269 36 2 1 3 307 1412 1413 308 1447 1446 1452 1453 1454 1455 316 315 1456 1457 1458 1459
270 36 2 1 3 308 1413 1414 309 1455 1454 1460 1461 1462 1463 318 317 1464 1465 1466 1467
271 36 2 1 3 309 1414 1415 310 1463 1462 1468 1469 1470 1471 320 319 1472 1473 1474 1475
272 36 2 1 3 310 1415 215 13 1471 1470 1476 1477 226 227 322 321 1478 1479 1480 1481
273 36 2 1 3 93 94 1416 1411 100 101 1482 1483 1484 1485 1437 1436 1486 1487 1488 1489
274 36 2 1 3 1411 1416 1417 1412 1485 1484 1490 1491 1492 1493 1445 1444 1494 1495 1496 1497
275 36 2 1 3 1412 1417 1418 1413 1493 1492 1498 1499 1500 1501 1453 1452 1502 1503 1504 1505
276 36 2 1 3 1413 1418 1419 1414 1501 1500 1506 1507 1508 1509 1461 1460 1510 1511 1512 1513
277 36 2 1 3 1414 1419 1420 1415 1509 1508 1514 1515 1516 1517 1469 1468 1518 1519 1520 1521
278 36 2 1 3 1415 1420 214 215 1517 1516 1522 1523 224 225 1477 1476 1524 1525 1526 1527
279 36 2 1 3 94 95 1421 1416 102 103 1528 1529 1530 1531 1483 1482 1532 1533 1534 1535
280 36 2 1 3 1416 1421 1422 1417 1531 1530 1536 1537 1538 1539 1491 1490 1540 1541 1542 1543
281 36 2 1 3 1417 1422 1423 1418 1539 1538 1544 1545 1546 1547 1499 1498 1548 1549 1550 1551
282 36 2 1 3 1418 1423 1424 1419 1547 1546 1552 1553 1554 1555 1507 1506 1556 1557 1558 1559
283 36 2 1 3 1419 1424 1425 1420 1555 1554 1560 1561 1562 1563 1515 1514 1564 1565 1566 1567
284 36 2 1 3 1420 1425 213 214 1563 1562 1568 1569 222 223 1523 1522 1570 1571 1572 1573
285 36 2 1 3 95 96 1426 1421 104 105 1574 1575 1576 1577 1529 1528 1578 1579 1580 1581
286 36 2 1 3 1421 1426 1427 1422 1577 1576 1582 1583 1584 1585 1537 1536 1586 1587 1588 1589
287 36 2 1 3 1422 1427 1428 1423 1585 1584 1590 1591 1592 1593 1545 1544 1594 1595 1596 1597
288 36 2 1 3 1423 1428 1429 1424 1593 1592 1598 1599 1600 1601 1553 1552 1602 1603 1604 1605
289 36 2 1 3 1424 1429 1430 1425 1601 1600 1606 1607 1608 1609 1561 1560 1610 1611 1612 1613
290 36 2 1 3 1425 1430 212 213 1609 1608 1614 1615 220 221 1569 1568 1616 1617 1618 1619
291 36 2 1 3 96 97 1431 1426 106 107 1620 1621 1622 1623 1575 1574 1624 1625 1626 1627
292 36 2 1 3 1426 1431 1432 1427 1623 1622 1628 1629 1630 1631 1583 1582 1632 1633 1634 1635
293 36 2 1 3 1427 1432 1433 1428 1631 1630 1636 1637 1638 1639 1591 1590 1640 1641 1642 1643
294 36 2 1 3 1428 1433 1434 1429 1639 1638 1644 1645 1646 1647 1599 1598 1648 1649 1650 1651
295 36 2 1 3 1429 1434 1435 1430 1647 1646 1652 1653 1654 1655 1607 1606 1656 1657 1658 1659
296 36 2 1 3 1430 1435 211 212 1655 1654 1660 1661 218 219 1615 1614 1662 1663 1664 1665
297 36 2 1 3 97 5 323 1431 108 109 328 329 1666 1667 1621 1620 1668 1669 1670 1671
298 36 2 1 3 1431 323 324 1432 1667 1666 330 331 1672 1673 1629 1628 1674 1675 1676 1677
299 36 2 1 3 1432 324 325 1433 1673 1672 332 333 1678 1679 1637 1636 1680 1681 1682 1683
300 36 2 1 3 1433 325 326 1434 1679 1678 334 335 1684 1685 1645 1644 1686 1687 1688 1689
301 36 2 1 3 1434 326 327 1435 1685 1684 336 337 1690 1691 1653 1652 1692 1693 1694 1695
302 36 2 1 3 1435 327 12 211 1691 1690 338 339 216 217 1661 1660 1696 1697 1698 1699
303 36 2 1 4 5 110 1700 323 115 116 1725 1726 1727 1728 329 328 1729 1730 1731 1732
304 36 2 1 4 323 1700 1701 324 1728 1727 1733 1734 1735 1736 331 330 1737 1738 1739 1740
305 36 2 1 4 324 1701 1702 325 1736 1735 1741 1742 1743 1744 333 332 1745 1746 1747 1748
306 36 2 1 4 325 1702 1703 326 1744 1743 1749 1750 1751 1752 335 334 1753 1754 1755 1756
307 36 2 1 4 326 1703 1704 327 1752 1751 1757 1758 1759 1760 337 336 1761 1762 1763 1764
308 36 2 1 4 327 1704 198 12 1760 1759 1765 1766 209 210 339 338 1767 1768 1769 1770
309 36 2 1 4 110 111 1705 1700 117 118 1771 1772 1773 1774 1726 1725 1775 1776 1777 1778
310 36 2 1 4 1700 1705 1706 1701 1774 1773 1779 1780 1781 1782 1734 1733 1783 1784 1785 1786
311 36 2 1 4 1701 1706 1707 1702 1782 1781 1787 1788 1789 1790 1742 1741 1791 1792 1793 1794
312 36 2 1 4 1702 1707 1708 1703 1790 1789 1795 1796 1797 1798 1750 1749 1799 1800 1801 1802
313 36 2 1 4 1703 1708 1709 1704 1798 1797 1803 1804 1805 1806 1758 1757 1807 1808 1809 1810
314 36 2 1 4 1704 1709 197 198 1806 1805 1811 1812 207 208 1766 1765 1813 1814 1815 1816
315 36 2 1 4 111 112 1710 1705 119 120 1817 1818 1819 1820 1772 1771 1821 1822 1823 1824
316 36 2 1 4 1705 1710 1711 1706 1820 1819 1825 1826 1827 1828 1780 1779 1829 1830 1831 1832
317 36 2 1 4 1706 1711 1712 1707 1828 1827 1833 1834 1835 1836 1788 1787 1837 1838 1839 1840
318 36 2 1 4 1707 1712 1713 1708 1836 1835 1841 1842 1843 1844 1796 1795 1845 1846 1847 1848
319 36 2 1 4 1708 1713 1714 1709 1844 1843 1849 1850 1851 1852 1804 1803 1853 1854 1855 1856
320 36 2 1 4 1709 1714 196 197 1852 1851 1857 1858 205 206 1812 1811 1859 1860 1861 1862
321 36 2 1 4 112 113 1715 1710 121 122 1863 1864 1865 1866 1818 1817 1867 1868 1869 1870
322 36 2 1 4 1710 1715 1716 1711 1866 1865 1871 1872 1873 1874 1826 1825 1875 1876 1877 1878
323 36 2 1 4 1711 1716 1717 1712 1874 1873 1879 1880 1881 1882 1834 1833 1883 1884 1885 1886
324 36 2 1 4 1712 1717 1718 1713 1882 1881 1887 1888 1889 1890 1842 1841 1891 1892 1893 1894
325 36 2 1 4 1713 1718 1719 1714 1890 1889 1895 1896 1897 1898 1850 1849 1899 1900 1901 1902
326 36 2 1 4 1714 1719 195 196 1898 1897 1903 1904 203 204 1858 1857 1905 1906 1907 1908
327 36 2 1 4 113 114 1720 1715 123 124 1909 1910 1911 1912 1864 1863 1913 1914 1915 1916
328 36 2 1 4 1715 1720 1721 1716 1912 1911 1917 1918 1919 1920 1872 1871 1921 1922 1923 1924
329 36 2 1 4 1716 1721 1722 1717 1920 1919 1925 1926 1927 1928 1880 1879 1929 1930 1931 1932
330 36 2 1 4 1717 1722 1723 1718 1928 1927 1933 1934 1935 1936 1888 1887 1937 1938 1939 1940
331 36 2 1 4 1718 1723 1724 1719 1936 1935 1941 1942 1943 1944 1896 1895 1945 1946 1947 1948
332 36 2 1 4 1719 1724 194 195 1944 1943 1949 1950 201 202 1904 1903 1951 1952 1953 1954
333 36 2 1 4 114 6 340 1720 125 126 345 346 1955 1956 1910 1909 1957 1958 1959 1960
334 36 2 1 4 1720 340 341 1721 1956 1955 347 348 1961 1962 1918 1917 1963 1964 1965 1966
335 36 2 1 4 1721 341 342 1722 1962 1961 349 350 1967 1968 1926 1925 1969 1970 1971 1972
336 36 2 1 4 1722 342 343 1723 1968 1967 351 352 1973 1974 1934 1933 1975 1976 1977 1978
337 36 2 1 4 1723 343 344 1724 1974 1973 353 354 1979 1980 1942 1941 1981 1982 1983 1984
338 36 2 1 4 1724 344 11 194 1980 1979 355 356 199 200 1950 1949 1985 1986 1987 1988
339 36 2 1 5 7 144 1989 131 149 150 2014 2015 2016 2017 142 143 2018 2019 2020 2021
340 36 2 1 5 131 1989 1990 130 2017 2016 2022 2023 2024 2025 140 141 2026 2027 2028 2029
341 36 2 1 5 130 1990 1991 129 2025 2024 2030 2031 2032 2033 138 139 2034 2035 2036 2037
342 36 2 1 5 129 1991 1992 128 2033 2032 2038 2039 2040 2041 136 137 2042 2043 2044 2045
343 36 2 1 5 128 1992 1993 127 2041 2040 2046 2047 2048 2049 134 135 2050 2051 2052 2053
344 36 2 1 5 127 1993 340 6 2049 2048 2054 2055 346 345 132 133 2056 2057 2058 2059
345 36 2 1 5 144 145 1994 1989 151 152 2060 2061 2062 2063 2015 2014 2064 2065 2066 2067
346 36 2 1 5 1989 1994 1995 1990 2063 2062 2068 2069 2070 2071 2023 2022 2072 2073 2074 2075
347 36 2 1 5 1990 1995 1996 1991 2071 2070 2076 2077 2078 2079 2031 2030 2080 2081 2082 2083
348 36 2 1 5 1991 1996 1997 1992 2079 2078 2084 2085 2086 2087 2039 2038 2088 2089 2090 2091
349 36 2 1 5 1992 1997 1998 1993 2087 2086 2092 2093 2094 2095 2047 2046 2096 2097 2098 2099
350 36 2 1 5 1993 1998 341 340 2095 2094 2100 2101 348 347 2055 2054 2102 2103 2104 2105
351 36 2 1 5 145 146 1999 1994 153 154 2106 2107 2108 2109 2061 2060 2110 2111 2112 2113
352 36 2 1 5 1994 1999 2000 1995 2109 2108 2114 2115 2116 2117 2069 2068 2118 2119 2120 2121
353 36 2 1 5 1995 2000 2001 1996 2117 2116 2122 2123 2124 2125 2077 2076 2126 2127 2128 2129
354 36 2 1 5 1996 2001 2002 1997 2125 2124 2130 2131 2132 2133 2085 2084 2134 2135 2136 2137
355 36 2 1 5 1997 2002 2003 1998 2133 2132 2138 2139 2140 2141 2093 2092 2142 2143 2144 2145
356 36 2 1 5 1998 2003 342 341 2141 2140 2146 2147 350 349 2101 2100 2148 2149 2150 2151
357 36 2 1 5 146 147 2004 1999 155 156 2152 2153 2154 2155 2107 2106 2156 2157 2158 2159
358 36 2 1 5 1999 2004 2005 2000 2155 2154 2160 2161 2162 2163 2115 2114 2164 2165 2166 2167
359 36 2 1 5 2000 2005 2006 2001 2163 2162 2168 2169 2170 2171 2123 2122 2172 2173 2174 2175
360 36 2 1 5 2001 2006 2007 2002 2171 2170 2176 2177 2178 2179 2131 2130 2180 2181 2182 2183
361 36 2 1 5 2002 2007 2008 2003 2179 2178 2184 2185 2186 2187 2139 2138 2188 2189 2190 2191
362 36 2 1 5 2003 2008 343 342 2187 2186 2192 2193 352 351 2147 2146 2194 2195 2196 2197
363 36 2 1 5 147 148 2009 2004 157 158 2198 2199 2200 2201 2153 2152 2202 2203 2204 2205
364 36 2 1 5 2004 2009 2010 2005 2201 2200 2206 2207 2208 2209 2161 2160 2210 2211 2212 2213
365 36 2 1 5 2005 2010 2011 2006 2209 2208 2214 2215 2216 2217 2169 2168 2218 2219 2220 2221
366 36 2 1 5 2006 2011 2012 2007 2217 2216 2222 2223 2224 2225 2177 2176 2226 2227 2228 2229
367 36 2 1 5 2007 2012 2013 2008 2225 2224 2230 2231 2232 2233 2185 2184 2234 2235 2236 2237
368 36 2 1 5 2008 2013 344 343 2233 2232 2238 2239 354 353 2193 2192 2240 2241 2242 2243
369 36 2 1 5 148 8 357 2009 159 160 362 363 2244 2245 2199 2198 2246 2247 2248 2249
370 36 2 1 5 2009 357 358 2010 2245 2244 364 365 2250 2251 2207 2206 2252 2253 2254 2255
371 36 2 1 5 2010 358 359 2011 2251 2250 366 367 2256 2257 2215 2214 2258 2259 2260 2261
372 36 2 1 5 2011 359 360 2012 2257 2256 368 369 2262 2263 2223 2222 2264 2265 2266 2267
373 36 2 1 5 2012 360 361 2013 2263 2262 370 371 2268 2269 2231 2230 2270 2271 2272 2273
374 36 2 1 5 2013 361 11 344 2269 2268 372 373 356 355 2239 2238 2274 2275 2276 2277
375 36 2 1 6 8 161 2278 357 163 164 2288 2289 2290 2291 363 362 2292 2293 2294 2295
376 36 2 1 6 357 2278 2279 358 2291 2290 2296 2297 2298 2299 365 364 2300 2301 2302 2303
377 36 2 1 6 358 2279 2280 359 2299 2298 2304 2305 2306 2307 367 366 2308 2309 2310 2311
378 36 2 1 6 359 2280 2281 360 2307 2306 2312 2313 2314 2315 369 368 2316 2317 2318 2319
379 36 2 1 6 360 2281 2282 361 2315 2314 2320 2321 2322 2323 371 370 2324 2325 2326 2327
380 36 2 1 6 361 2282 187 11 2323 2322 2328 2329 192 193 373 372 2330 2331 2332 2333
381 36 2 1 6 161 162 2283 2278 165 166 2334 2335 2336 2337 2289 2288 2338 2339 2340 2341
382 36 2 1 6 2278 2283 2284 2279 2337 2336 2342 2343 2344 2345 2297 2296 2346 2347 2348 2349
383 36 2 1 6 2279 2284 2285 2280 2345 2344 2350 2351 2352 2353 2305 2304 2354 2355 2356 2357
384 36 2 1 6 2280 2285 2286 2281 2353 2352 2358 2359 2360 2361 2313 2312 2362 2363 2364 2365
385 36 2 1 6 2281 2286 2287 2282 2361 2360 2366 2367 2368 2369 2321 2320 2370 2371 2372 2373
386 36 2 1 6 2282 2287 186 187 2369 2368 2374 2375 190 191 2329 2328 2376 2377 2378 2379
387 36 2 1 6 162 9 169 2283 167 168 174 175 2380 2381 2335 2334 2382 2383 2384 2385
388 36 2 1 6 2283 169 170 2284 2381 2380 176 177 2386 2387 2343 2342 2388 2389 2390 2391
389 36 2 1 6 2284 170 171 2285 2387 2386 178 179 2392 2393 2351 2350 2394 2395 2396 2397
390 36 2 1 6 2285 171 172 2286 2393 2392 180 181 2398 2399 2359 2358 2400 2401 2402 2403
391 36 2 1 6 2286 172 173 2287 2399 2398 182 183 2404 2405 2367 2366 2406 2407 2408 2409
392 36 2 1 6 2287 173 10 186 2405 2404 184 185 188 189 2375 2374 2410 2411 2412 2413
$EndElements
