$MeshFormat
2.2 0 8
$EndMeshFormat
$Nodes
4225
1 -24 0 0
2 -2 0 0
3 -1 0 0
4 -0.7071067811865476 0.7071067811865476 0
5 0 1 0
6 0.7071067811865476 0.7071067811865476 0
7 1 0 0
8 2 0 0
9 6 0 0
10 6 2 0
11 2 2 0
12 0 2 0
13 -2 2 0
14 -24 2 0
15 -20.5967090242597 0 0
16 -17.66316469965782 0 0
17 -15.13452922723457 0 0
18 -12.95491417984455 0 0
19 -11.07614523341524 0 0
20 -9.456697453564441 0 0
21 -8.060777493754077 0 0
22 -6.857532440849447 0 0
23 -5.820367907446816 0 0
24 -4.926360252156389 0 0
25 -4.155749964293172 0 0
26 -3.491504839968272 0 0
27 -2.918943594186629 0 0
28 -2.425411376514095 0 0
29 -23.14917725606449 0 0
30 -22.29835451212898 0 0
31 -21.44753176819422 0 0
32 -19.86332294310855 0 0
33 -19.1299368619583 0 0
34 -18.39655078080825 0 0
35 -17.03100583155066 0 0
36 -16.39884696344498 0 0
37 -15.76668809533981 0 0
38 -14.58962546538681 0 0
39 -14.04472170353983 0 0
40 -13.49981794169249 0 0
41 -12.48522194323721 0 0
42 -12.01552970662988 0 0
43 -11.54583747002243 0 0
44 -10.67128328845216 0 0
45 -10.26642134348978 0 0
46 -9.861559398526703 0 0
47 -9.107717463611834 0 0
48 -8.758737473659572 0 0
49 -8.409757483706997 0 0
50 -7.759966230527912 0 0
51 -7.459154967301625 0 0
52 -7.158343704075918 0 0
53 -6.598241307498508 0 0
54 -6.338950174147723 0 0
55 -6.079659040797093 0 0
56 -5.596865993624114 0 0
57 -5.373364079801348 0 0
58 -5.149862165978956 0 0
59 -4.733707680190971 0 0
60 -4.541055108225123 0 0
61 -4.348402536258931 0 0
62 -3.98968868321208 0 0
63 -3.823627402130757 0 0
64 -3.657566121049463 0 0
65 -3.34836452852273 0 0
66 -3.205224217077188 0 0
67 -3.062083905631926 0 0
68 -2.795560539768456 0 0
69 -2.672177485350414 0 0
70 -2.548794430932237 0 0
71 -2.319058532385679 0 0
72 -2.212705688257078 0 0
73 -2.106352844128605 0 0
74 -1.701257084936038 0 0
75 -1.474852290847387 0 0
76 -1.303269542217974 0 0
77 -1.173234136354338 0 0
78 -1.074685727353891 0 0
79 -1.92531427123399 0 0
80 -1.850628542467869 0 0
81 -1.775942813702009 0 0
82 -1.644655886413763 0 0
83 -1.588054687891703 0 0
84 -1.531453489369521 0 0
85 -1.431956603690207 0 0
86 -1.389060916532805 0 0
87 -1.346165229375296 0 0
88 -1.270760690752225 0 0
89 -1.238251839286153 0 0
90 -1.205742987820483 0 0
91 -1.148597034104267 0 0
92 -1.123959931854205 0 0
93 -1.09932282960399 0 0
94 -1.056014295515421 0 0
95 -1.037342863676942 0 0
96 -1.018671431838432 0 0
97 -0.9944019425399717 0.1056635068163596 0
98 -0.9757522169432569 0.218878073662757 0
99 -0.9410194486933724 0.338352474766805 0
100 -0.8869102072057592 0.4619418625262679 0
101 -0.8100221234243206 0.5863993174988821 0
102 -0.9996498149208534 0.02646219054998224 0
103 -0.9985995049424727 0.05290584777364722 0
104 -0.9968498056695821 0.07931245133342164 0
105 -0.9909601909418697 0.134156252066212 0
106 -0.9867022030849234 0.1625384952168517 0
107 -0.9816314861990204 0.1907868583071234 0
108 -0.9684680724498559 0.2491376981616002 0
109 -0.9602457694209193 0.2791559820409131 0
110 -0.9510932728136352 0.3089038465423311 0
111 -0.9290646791668034 0.3699173176869188 0
112 -0.9160514673404059 0.4010607300440786 0
113 -0.9019946385893794 0.4317472315557041 0
114 -0.8694100922618623 0.494091177287371 0
115 -0.8507451135245352 0.5255784925338228 0
116 -0.8309402788589721 0.5563616206836824 0
117 -0.7861112210813817 0.6180850654157073 0
118 -0.7609616292699536 0.6487968856112194 0
119 -0.7346129765828657 0.6784863850041959 0
120 -0.6087614287464923 0.7933533404924503 0
121 -0.4999999994545588 0.8660254040993496 0
122 -0.382683431538472 0.9238795328536835 0
123 -0.258819044487161 0.9659258264539539 0
124 -0.1305261918980575 0.991444861416202 0
125 -0.6835923019190617 0.7298640727950643 0
126 -0.6593458149149616 0.7518398076413126 0
127 -0.6343932839413871 0.7730104535451401 0
128 -0.5824776965306563 0.8128466848332109 0
129 -0.5555702325988564 0.831469612583679 0
130 -0.5280678501433117 0.849202181841887 0
131 -0.471396736161265 0.8819212647036623 0
132 -0.4422886895378246 0.8968727418686078 0
133 -0.4127070290501463 0.9108638252629216 0
134 -0.3522500471763025 0.9359059270376981 0
135 -0.3214394645985157 0.9469301297343011 0
136 -0.2902846765701188 0.9569403359398025 0
137 -0.227076262491477 0.9738769794039195 0
138 -0.1950903215032329 0.9807852805052519 0
139 -0.1628954730175763 0.9866433321471244 0
140 -0.09801714018423563 0.9951847266865106 0
141 -0.06540312912087837 0.9978589232457655 0
142 -0.03271908269455159 0.9994645874805308 0
143 0.1305261925691434 0.9914448613278516 0
144 0.258819045837744 0.9659258260920658 0
145 0.3826834333870861 0.923879532087962 0
146 0.5000000006180165 0.8660254034276267 0
147 0.6087614293198809 0.7933533400524735 0
148 0.03271908289878086 0.9994645874738448 0
149 0.06540312939197603 0.9978589232279964 0
150 0.09801714058400313 0.9951847266471365 0
151 0.1628954738326327 0.9866433320125576 0
152 0.1950903225482119 0.9807852802973924 0
153 0.2270762636546101 0.9738769791327146 0
154 0.290284678048451 0.956940335491355 0
155 0.3214394661882752 0.94693012919465 0
156 0.3522500488715198 0.9359059263996632 0
157 0.4127070307484622 0.9108638244934244 0
158 0.4422886910518548 0.8968727411219705 0
159 0.4713967375501041 0.8819212639613121 0
160 0.5280678511721189 0.8492021812021333 0
161 0.5555702334653952 0.8314696120046758 0
162 0.5824776972416525 0.8128466843237179 0
163 0.6343932843514432 0.7730104532086155 0
164 0.659345815204381 0.7518398073874982 0
165 0.6835923020452124 0.729864072676911 0
166 0.8100221238228835 0.5863993169483281 0
167 0.8869102079367244 0.4619418611228439 0
168 0.9410194493491448 0.3383524729429838 0
169 0.9757522172570543 0.218878072263859 0
170 0.9944019426273705 0.1056635059938509 0
171 0.7346129767506758 0.6784863848225046 0
172 0.7609616295621232 0.6487968852685396 0
173 0.7861112214375667 0.6180850649626939 0
174 0.830940279357215 0.5563616199395444 0
175 0.8507451141510225 0.525578491519739 0
176 0.8694100929874542 0.494091176010609 0
177 0.901994639354305 0.431747229957643 0
178 0.9160514681350156 0.4010607282291341 0
179 0.9290646799273159 0.3699173157768568 0
180 0.9510932733744673 0.3089038448155696 0
181 0.9602457698842475 0.2791559804471497 0
182 0.9684680728533788 0.249137696592995 0
183 0.981631486432991 0.1907868571033055 0
184 0.9867022032673707 0.1625384941092942 0
185 0.9909601910749137 0.1341562510834707 0
186 0.9968498057238211 0.07931245065171671 0
187 0.9985995049642671 0.05290584736228321 0
188 0.9996498149264132 0.02646219033995573 0
189 1.074685729525392 0 0
190 1.173234138511166 0 0
191 1.303269544129076 0 0
192 1.474852292135558 0 0
193 1.701257085008123 0 0
194 1.018671432381334 0 0
195 1.037342864762674 0 0
196 1.056014297144018 0 0
197 1.099322831771878 0 0
198 1.123959934018384 0 0
199 1.148597036264752 0 0
200 1.205742989915629 0 0
201 1.238251841319977 0 0
202 1.270760692724527 0 0
203 1.346165231130708 0 0
204 1.389060918132325 0 0
205 1.431956605133942 0 0
206 1.531453490353515 0 0
207 1.588054688571567 0 0
208 1.644655886789755 0 0
209 1.775942813756072 0 0
210 1.850628542504056 0 0
211 1.925314271252162 0 0
212 2.571428578765825 0 0
213 3.714285718075078 0 0
214 2.142857144691706 0 0
215 2.285714289383101 0 0
216 2.428571434074437 0 0
217 2.857142863593234 0 0
218 3.142857148420472 0 0
219 3.428571433247614 0 0
220 4.285714288554988 0 0
221 4.857142859036502 0 0
222 5.428571429518357 0 0
223 6 0.1493714590506025 0
224 6 0.3464682770217986 0
225 6 0.6065390882568473 0
226 6 0.9497045842686038 0
227 6 1.402514170014425 0
228 6 0.0373428647626538 0
229 6 0.07468572952530338 0
230 6 0.1120285942879446 0
231 6 0.1986456635434352 0
232 6 0.2479198680362678 0
233 6 0.2971940725290343 0
234 6 0.4114859798305607 0
235 6 0.476503682639323 0
236 6 0.5415213854480851 0
237 6 0.6923304622597864 0
238 6 0.7781218362627256 0
239 6 0.8639132102656647 0
240 6 1.062906980704823 0
241 6 1.176109377141357 0
242 6 1.289311773577891 0
243 6 1.551885627510818 0
244 6 1.701257085007212 0
245 6 1.850628542503606 0
246 3.71428569821179 2 0
247 2.571428553928087 2 0
248 5.428571424554133 2 0
249 4.857142849108098 2 0
250 4.285714273660997 2 0
251 3.428571412140864 2 0
252 3.142857126069938 2 0
253 2.857142839999013 2 0
254 2.428571415446065 2 0
255 2.285714276964044 2 0
256 2.142857138482022 2 0
257 1.666666666666204 2 0
258 1.333333333335184 2 0
259 1.000000000004119 2 0
260 0.6666666666694414 2 0
261 0.3333333333347208 2 0
262 1.91666666666645 2 0
263 1.833333333333048 2 0
264 1.749999999999562 2 0
265 1.583333333333376 2 0
266 1.500000000000668 2 0
267 1.416666666667961 2 0
268 1.250000000002464 2 0
269 1.166666666669715 2 0
270 1.083333333336946 2 0
271 0.9166666666704495 2 0
272 0.8333333333367801 2 0
273 0.7500000000031106 2 0
274 0.5833333333357613 2 0
275 0.5000000000020812 2 0
276 0.4166666666684011 2 0
277 0.2500000000010405 2 0
278 0.1666666666673602 2 0
279 0.08333333333367987 2 0
280 -0.3333333333326418 2 0
281 -0.6666666666650021 2 0
282 -0.9999999999973841 2 0
283 -1.333333333331575 2 0
284 -1.666666666665787 2 0
285 -0.08333333333316988 2 0
286 -0.1666666666663464 2 0
287 -0.2499999999995519 2 0
288 -0.4166666666657318 2 0
289 -0.4999999999988219 2 0
290 -0.583333333331912 2 0
291 -0.7499999999980975 2 0
292 -0.833333333331193 2 0
293 -0.9166666666642884 2 0
294 -1.083333333330932 2 0
295 -1.16666666666448 2 0
296 -1.249999999998027 2 0
297 -1.416666666665128 2 0
298 -1.499999999998681 2 0
299 -1.583333333332234 2 0
300 -1.749999999999341 2 0
301 -1.833333333332894 2 0
302 -1.916666666666447 2 0
303 -2.425411376513431 2 0
304 -2.91894359418509 2 0
305 -3.491504839965916 2 0
306 -4.155749964290278 2 0
307 -4.926360252149904 2 0
308 -5.820367907435957 2 0
309 -6.857532440832981 2 0
310 -8.060777493730486 2 0
311 -9.456697453531858 2 0
312 -11.0761452333714 2 0
313 -12.95491417978668 2 0
314 -15.13452922719571 2 0
315 -17.66316469963281 2 0
316 -20.59670902424519 2 0
317 -2.106352844128351 2 0
318 -2.212705688256701 2 0
319 -2.319058532385068 2 0
320 -2.548794430931391 2 0
321 -2.672177485349307 2 0
322 -2.795560539767191 2 0
323 -3.062083905630273 2 0
324 -3.205224217075464 2 0
325 -3.348364528520665 2 0
326 -3.657566121047023 2 0
327 -3.8236274021281 2 0
328 -3.989688683209212 2 0
329 -4.348402536255141 2 0
330 -4.541055108220088 2 0
331 -4.733707680185116 2 0
332 -5.149862165971618 2 0
333 -5.373364079793184 2 0
334 -5.596865993614619 2 0
335 -6.079659040785135 2 0
336 -6.338950174134412 2 0
337 -6.598241307483764 2 0
338 -7.15834370405726 2 0
339 -7.459154967281719 2 0
340 -7.75996623050594 2 0
341 -8.409757483681002 2 0
342 -8.758737473631555 2 0
343 -9.107717463581917 2 0
344 -9.861559398491936 2 0
345 -10.26642134345173 2 0
346 -10.67128328841127 2 0
347 -11.5458374699755 2 0
348 -12.01552970657914 2 0
349 -12.48522194318318 2 0
350 -13.49981794163869 2 0
351 -14.04472170349084 2 0
352 -14.58962546534292 2 0
353 -15.76668809530427 2 0
354 -16.39884696341384 2 0
355 -17.03100583152323 2 0
356 -18.39655078078659 2 0
357 -19.12993686193807 2 0
358 -19.86332294309141 2 0
359 -21.44753176818264 2 0
360 -22.29835451212193 2 0
361 -23.14917725606071 2 0
362 -24 1.402514169874 0
363 -24 0.9497045816990242 0
364 -24 0.6065390844383642 0
365 -24 0.346468272709896 0
366 -24 0.1493714547082441 0
367 -24 1.850628542468471 0
368 -24 1.701257084937054 0
369 -24 1.551885627405565 0
370 -24 1.289311772830119 0
371 -24 1.17610937578635 0
372 -24 1.062906978743 0
373 -24 0.8639132073838591 0
374 -24 0.7781218330686941 0
375 -24 0.6923304587535291 0
376 -24 0.5415213815062472 0
377 -24 0.4765036785741301 0
378 -24 0.4114859756420131 0
379 -24 0.2971940682094829 0
380 -24 0.2479198637090698 0
381 -24 0.198645659208657 0
382 -24 0.1120285910311831 0
383 -24 0.07468572735412216 0
384 -24 0.03734286367706119 0
385 -2 1.402514169874 0
386 -2 0.9497045816990242 0
387 -2 0.6065390844383642 0
388 -2 0.346468272709896 0
389 -2 0.1493714547082441 0
390 -2 1.850628542468471 0
391 -2 1.701257084937054 0
392 -2 1.551885627405565 0
393 -2 1.289311772830119 0
394 -2 1.17610937578635 0
395 -2 1.062906978743 0
396 -2 0.8639132073838591 0
397 -2 0.7781218330686941 0
398 -2 0.6923304587535291 0
399 -2 0.5415213815062472 0
400 -2 0.4765036785741301 0
401 -2 0.4114859756420131 0
402 -2 0.2971940682094829 0
403 -2 0.2479198637090698 0
404 -2 0.198645659208657 0
405 -2 0.1120285910311831 0
406 -2 0.07468572735412216 0
407 -2 0.03734286367706119 0
408 -0.7580333066345846 0.7580333066345846 0
409 -0.8387464070705133 0.8387464070705133 0
410 -0.966668045034623 0.966668045034623 0
411 -1.169410174533989 1.169410174533989 0
412 -1.490734794812249 1.490734794812249 0
413 -0.7198384125485642 0.7198384125485642 0
414 -0.7325700439105667 0.7325700439105667 0
415 -0.7453016752725833 0.7453016752725833 0
416 -0.7782115817435568 0.7782115817435568 0
417 -0.7983898568525384 0.7983898568525384 0
418 -0.8185681319615317 0.8185681319615317 0
419 -0.8707268165615566 0.8707268165615566 0
420 -0.9027072260525684 0.9027072260525684 0
421 -0.934687635543606 0.934687635543606 0
422 -1.017353577409431 1.017353577409431 0
423 -1.068039109784167 1.068039109784167 0
424 -1.118724642159009 1.118724642159009 0
425 -1.249741329603387 1.249741329603387 0
426 -1.330072484672811 1.330072484672811 0
427 -1.410403639742508 1.410403639742508 0
428 -1.618051096109208 1.618051096109208 0
429 -1.745367397405966 1.745367397405966 0
430 -1.872683698703248 1.872683698703248 0
431 0 1.074685729525392 0
432 0 1.173234138511166 0
433 0 1.303269544129076 0
434 0 1.474852292135558 0
435 0 1.701257085008123 0
436 0 1.018671432381334 0
437 0 1.037342864762674 0
438 0 1.056014297144018 0
439 0 1.099322831771878 0
440 0 1.123959934018384 0
441 0 1.148597036264752 0
442 0 1.205742989915629 0
443 0 1.238251841319977 0
444 0 1.270760692724527 0
445 0 1.346165231130708 0
446 0 1.389060918132325 0
447 0 1.431956605133942 0
448 0 1.531453490353515 0
449 0 1.588054688571567 0
450 0 1.644655886789755 0
451 0 1.775942813756072 0
452 0 1.850628542504056 0
453 0 1.925314271252162 0
454 0.7580333066345846 0.7580333066345846 0
455 0.8387464070705133 0.8387464070705133 0
456 0.966668045034623 0.966668045034623 0
457 1.169410174533989 1.169410174533989 0
458 1.490734794812249 1.490734794812249 0
459 0.7198384125485642 0.7198384125485642 0
460 0.7325700439105667 0.7325700439105667 0
461 0.7453016752725833 0.7453016752725833 0
462 0.7782115817435568 0.7782115817435568 0
463 0.7983898568525384 0.7983898568525384 0
464 0.8185681319615317 0.8185681319615317 0
465 0.8707268165615566 0.8707268165615566 0
466 0.9027072260525684 0.9027072260525684 0
467 0.934687635543606 0.934687635543606 0
468 1.017353577409431 1.017353577409431 0
469 1.068039109784167 1.068039109784167 0
470 1.118724642159009 1.118724642159009 0
471 1.249741329603387 1.249741329603387 0
472 1.330072484672811 1.330072484672811 0
473 1.410403639742508 1.410403639742508 0
474 1.618051096109208 1.618051096109208 0
475 1.745367397405966 1.745367397405966 0
476 1.872683698703248 1.872683698703248 0
477 2 0.1493714590506025 0
478 2 0.3464682770217986 0
479 2 0.6065390882568473 0
480 2 0.9497045842686038 0
481 2 1.402514170014425 0
482 2 0.0373428647626538 0
483 2 0.07468572952530338 0
484 2 0.1120285942879446 0
485 2 0.1986456635434352 0
486 2 0.2479198680362678 0
487 2 0.2971940725290343 0
488 2 0.4114859798305607 0
489 2 0.476503682639323 0
490 2 0.5415213854480851 0
491 2 0.6923304622597864 0
492 2 0.7781218362627256 0
493 2 0.8639132102656647 0
494 2 1.062906980704823 0
495 2 1.176109377141357 0
496 2 1.289311773577891 0
497 2 1.551885627510818 0
498 2 1.701257085007212 0
499 2 1.850628542503606 0
500 -20.59670902425861 0.1493714547082441 0
501 -20.59670902425718 0.346468272709896 0
502 -20.59670902425529 0.6065390844383642 0
503 -20.5967090242528 0.9497045816990242 0
504 -20.59670902424952 1.402514169874 0
505 -17.66316469965595 0.1493714547082441 0
506 -17.66316469965349 0.346468272709896 0
507 -17.66316469965023 0.6065390844383642 0
508 -17.66316469964594 0.9497045816990242 0
509 -17.66316469964028 1.402514169874 0
510 -15.13452922723167 0.1493714547082441 0
511 -15.13452922722784 0.346468272709896 0
512 -15.13452922722279 0.6065390844383642 0
513 -15.13452922721611 0.9497045816990242 0
514 -15.13452922720732 1.402514169874 0
515 -12.95491417984023 0.1493714547082441 0
516 -12.95491417983452 0.346468272709896 0
517 -12.954914179827 0.6065390844383642 0
518 -12.95491417981707 0.9497045816990242 0
519 -12.95491417980397 1.402514169874 0
520 -11.07614523341197 0.1493714547082441 0
521 -11.07614523340765 0.346468272709896 0
522 -11.07614523340194 0.6065390844383642 0
523 -11.07614523339442 0.9497045816990242 0
524 -11.0761452333845 1.402514169874 0
525 -9.456697453562008 0.1493714547082441 0
526 -9.456697453558796 0.346468272709896 0
527 -9.456697453554558 0.6065390844383642 0
528 -9.456697453548969 0.9497045816990242 0
529 -9.45669745354159 1.402514169874 0
530 -8.060777493752315 0.1493714547082441 0
531 -8.060777493749992 0.346468272709896 0
532 -8.060777493746922 0.6065390844383642 0
533 -8.060777493742876 0.9497045816990242 0
534 -8.060777493737532 1.402514169874 0
535 -6.857532440848217 0.1493714547082441 0
536 -6.857532440846595 0.346468272709896 0
537 -6.857532440844452 0.6065390844383642 0
538 -6.857532440841629 0.9497045816990242 0
539 -6.857532440837899 1.402514169874 0
540 -5.820367907446005 0.1493714547082441 0
541 -5.820367907444934 0.346468272709896 0
542 -5.820367907443522 0.6065390844383642 0
543 -5.820367907441659 0.9497045816990242 0
544 -5.8203679074392 1.402514169874 0
545 -4.926360252155905 0.1493714547082441 0
546 -4.926360252155266 0.346468272709896 0
547 -4.926360252154423 0.6065390844383642 0
548 -4.926360252153311 0.9497045816990242 0
549 -4.926360252151841 1.402514169874 0
550 -4.155749964292957 0.1493714547082441 0
551 -4.155749964292671 0.346468272709896 0
552 -4.155749964292294 0.6065390844383642 0
553 -4.155749964291797 0.9497045816990242 0
554 -4.155749964291143 1.402514169874 0
555 -3.491504839968095 0.1493714547082441 0
556 -3.491504839967864 0.346468272709896 0
557 -3.491504839967558 0.6065390844383642 0
558 -3.491504839967154 0.9497045816990242 0
559 -3.49150483996662 1.402514169874 0
560 -2.918943594186514 0.1493714547082441 0
561 -2.918943594186363 0.346468272709896 0
562 -2.918943594186163 0.6065390844383642 0
563 -2.918943594185899 0.9497045816990242 0
564 -2.91894359418555 1.402514169874 0
565 -2.425411376514046 0.1493714547082441 0
566 -2.425411376513979 0.346468272709896 0
567 -2.425411376513894 0.6065390844383642 0
568 -2.425411376513779 0.9497045816990242 0
569 -2.42541137651363 1.402514169874 0
570 -20.59670902425943 0.03734286367706102 0
571 -20.59670902425915 0.07468572735412203 0
572 -20.59670902425888 0.112028591031183 0
573 -21.44753176819395 0.1493714547082441 0
574 -22.2983545121293 0.1493714547082441 0
575 -23.14917725606465 0.1493714547082441 0
576 -23.14917725606453 0.03734286367706115 0
577 -21.44753176819416 0.03734286367706106 0
578 -21.44753176819402 0.1120285910311831 0
579 -23.14917725606461 0.1120285910311831 0
580 -22.29835451212906 0.03734286367706111 0
581 -21.44753176819409 0.07468572735412206 0
582 -22.29835451212922 0.1120285910311831 0
583 -23.14917725606457 0.07468572735412213 0
584 -22.29835451212914 0.0746857273541221 0
585 -20.59670902425825 0.198645659208657 0
586 -20.59670902425789 0.24791986370907 0
587 -20.59670902425754 0.297194068209483 0
588 -21.44753176819288 0.346468272709896 0
589 -22.29835451212859 0.346468272709896 0
590 -23.14917725606429 0.346468272709896 0
591 -23.14917725606457 0.198645659208657 0
592 -21.44753176819369 0.198645659208657 0
593 -21.44753176819315 0.297194068209483 0
594 -23.14917725606439 0.2971940682094829 0
595 -22.29835451212913 0.198645659208657 0
596 -21.44753176819342 0.24791986370907 0
597 -22.29835451212877 0.297194068209483 0
598 -23.14917725606447 0.2479198637090699 0
599 -22.29835451212895 0.2479198637090699 0
600 -20.59670902425671 0.4114859756420131 0
601 -20.59670902425623 0.4765036785741301 0
602 -20.59670902425576 0.5415213815062472 0
603 -21.44753176819147 0.6065390844383642 0
604 -22.29835451212764 0.6065390844383642 0
605 -23.14917725606382 0.6065390844383642 0
606 -23.14917725606418 0.4114859756420131 0
607 -21.44753176819253 0.4114859756420131 0
608 -21.44753176819182 0.5415213815062472 0
609 -23.14917725606394 0.5415213815062472 0
610 -22.29835451212836 0.4114859756420131 0
611 -21.44753176819217 0.4765036785741301 0
612 -22.29835451212788 0.5415213815062472 0
613 -23.14917725606406 0.4765036785741301 0
614 -22.29835451212812 0.4765036785741301 0
615 -20.59670902425467 0.6923304587535293 0
616 -20.59670902425405 0.7781218330686942 0
617 -20.59670902425342 0.8639132073838591 0
618 -21.4475317681896 0.9497045816990242 0
619 -22.2983545121264 0.9497045816990242 0
620 -23.1491772560632 0.9497045816990242 0
621 -23.14917725606367 0.6923304587535291 0
622 -21.447531768191 0.6923304587535292 0
623 -21.44753176819007 0.863913207383859 0
624 -23.14917725606336 0.8639132073838592 0
625 -22.29835451212734 0.6923304587535291 0
626 -21.44753176819053 0.7781218330686943 0
627 -22.29835451212671 0.8639132073838592 0
628 -23.14917725606351 0.7781218330686941 0
629 -22.29835451212702 0.7781218330686941 0
630 -20.59670902425198 1.062906978742768 0
631 -20.59670902425116 1.176109375786512 0
632 -20.59670902425034 1.289311772830256 0
633 -21.44753176818714 1.402514169874 0
634 -22.29835451212476 1.402514169874 0
635 -23.14917725606238 1.402514169874 0
636 -23.14917725606299 1.062906978742942 0
637 -21.44753176818899 1.062906978742826 0
638 -21.44753176818776 1.289311772830222 0
639 -23.14917725606258 1.289311772830154 0
640 -22.29835451212599 1.062906978742884 0
641 -21.44753176818837 1.176109375786472 0
642 -22.29835451212517 1.289311772830188 0
643 -23.14917725606279 1.17610937578639 0
644 -22.29835451212558 1.176109375786431 0
645 -20.59670902424844 1.5518856274055 0
646 -20.59670902424735 1.701257084937 0
647 -20.59670902424627 1.8506285424685 0
648 -23.14917725606196 1.551885627405549 0
649 -21.44753176818601 1.551885627405516 0
650 -21.44753176818376 1.850628542468493 0
651 -23.14917725606113 1.850628542468478 0
652 -22.29835451212405 1.551885627405533 0
653 -21.44753176818489 1.701257084937014 0
654 -22.29835451212264 1.850628542468486 0
655 -23.14917725606154 1.701257084937041 0
656 -22.29835451212334 1.701257084937027 0
657 -17.66316469965735 0.03734286367706102 0
658 -17.66316469965688 0.07468572735412204 0
659 -17.66316469965642 0.1120285910311831 0
660 -18.39655078080661 0.1493714547082441 0
661 -19.12993686195728 0.1493714547082441 0
662 -19.86332294310794 0.1493714547082441 0
663 -19.8633229431084 0.03734286367706102 0
664 -18.39655078080784 0.03734286367706102 0
665 -18.39655078080702 0.1120285910311831 0
666 -19.86332294310809 0.112028591031183 0
667 -19.12993686195804 0.03734286367706102 0
668 -18.39655078080743 0.07468572735412204 0
669 -19.12993686195753 0.1120285910311831 0
670 -19.86332294310824 0.07468572735412203 0
671 -19.12993686195779 0.07468572735412204 0
672 -17.66316469965533 0.1986456592086571 0
673 -17.66316469965472 0.24791986370907 0
674 -17.66316469965411 0.297194068209483 0
675 -18.39655078080441 0.346468272709896 0
676 -19.12993686195534 0.346468272709896 0
677 -19.86332294310626 0.346468272709896 0
678 -19.86332294310752 0.198645659208657 0
679 -18.39655078080607 0.1986456592086571 0
680 -18.39655078080497 0.297194068209483 0
681 -19.86332294310668 0.297194068209483 0
682 -19.12993686195679 0.1986456592086571 0
683 -18.39655078080552 0.24791986370907 0
684 -19.12993686195582 0.297194068209483 0
685 -19.8633229431071 0.24791986370907 0
686 -19.12993686195631 0.24791986370907 0
687 -17.66316469965268 0.4114859756420131 0
688 -17.66316469965186 0.4765036785741301 0
689 -17.66316469965105 0.5415213815062472 0
690 -18.3965507808015 0.6065390844383642 0
691 -19.12993686195276 0.6065390844383642 0
692 -19.86332294310402 0.6065390844383642 0
693 -19.8633229431057 0.4114859756420131 0
694 -18.39655078080369 0.4114859756420131 0
695 -18.39655078080223 0.5415213815062472 0
696 -19.86332294310458 0.5415213815062472 0
697 -19.12993686195469 0.4114859756420131 0
698 -18.39655078080296 0.4765036785741301 0
699 -19.12993686195341 0.5415213815062472 0
700 -19.86332294310514 0.4765036785741301 0
701 -19.12993686195405 0.4765036785741301 0
702 -17.66316469964916 0.6923304587535293 0
703 -17.66316469964809 0.7781218330686942 0
704 -17.66316469964701 0.8639132073838591 0
705 -18.39655078079765 0.9497045816990242 0
706 -19.12993686194937 0.9497045816990242 0
707 -19.86332294310109 0.9497045816990242 0
708 -19.86332294310329 0.6923304587535292 0
709 -18.39655078080054 0.6923304587535293 0
710 -18.39655078079861 0.863913207383859 0
711 -19.86332294310182 0.8639132073838592 0
712 -19.12993686195192 0.6923304587535293 0
713 -18.39655078079957 0.7781218330686943 0
714 -19.12993686195021 0.8639132073838592 0
715 -19.86332294310256 0.7781218330686942 0
716 -19.12993686195107 0.7781218330686942 0
717 -17.66316469964453 1.062906978742768 0
718 -17.66316469964311 1.176109375786512 0
719 -17.66316469964169 1.289311772830256 0
720 -18.39655078079259 1.402514169874 0
721 -19.1299368619449 1.402514169874 0
722 -19.86332294309721 1.402514169874 0
723 -19.86332294310012 1.062906978742768 0
724 -18.39655078079639 1.062906978742768 0
725 -18.39655078079386 1.289311772830256 0
726 -19.86332294309818 1.289311772830256 0
727 -19.12993686194825 1.062906978742768 0
728 -18.39655078079512 1.176109375786512 0
729 -19.12993686194601 1.289311772830256 0
730 -19.86332294309915 1.176109375786512 0
731 -19.12993686194713 1.176109375786512 0
732 -17.66316469963841 1.5518856274055 0
733 -17.66316469963654 1.701257084937 0
734 -17.66316469963468 1.8506285424685 0
735 -19.86332294309576 1.5518856274055 0
736 -18.39655078079109 1.5518856274055 0
737 -18.39655078078809 1.8506285424685 0
738 -19.86332294309286 1.8506285424685 0
739 -19.12993686194319 1.5518856274055 0
740 -18.39655078078959 1.701257084937 0
741 -19.12993686193978 1.8506285424685 0
742 -19.86332294309431 1.701257084937 0
743 -19.12993686194148 1.701257084937 0
744 -15.13452922723384 0.03734286367706102 0
745 -15.13452922723312 0.07468572735412204 0
746 -15.13452922723239 0.1120285910311831 0
747 -15.76668809533774 0.1493714547082441 0
748 -16.39884696344381 0.1493714547082441 0
749 -17.03100583154988 0.1493714547082441 0
750 -17.03100583155047 0.03734286367706102 0
751 -15.76668809533929 0.03734286367706102 0
752 -15.76668809533826 0.1120285910311831 0
753 -17.03100583155007 0.1120285910311831 0
754 -16.39884696344469 0.03734286367706102 0
755 -15.76668809533877 0.07468572735412204 0
756 -16.3988469634441 0.1120285910311831 0
757 -17.03100583155027 0.07468572735412204 0
758 -16.3988469634444 0.07468572735412204 0
759 -15.13452922723071 0.1986456592086571 0
760 -15.13452922722975 0.24791986370907 0
761 -15.1345292272288 0.297194068209483 0
762 -15.76668809533425 0.346468272709896 0
763 -16.39884696344067 0.346468272709896 0
764 -17.03100583154708 0.346468272709896 0
765 -17.03100583154918 0.1986456592086571 0
766 -15.76668809533687 0.1986456592086571 0
767 -15.76668809533512 0.297194068209483 0
768 -17.03100583154778 0.297194068209483 0
769 -16.39884696344303 0.1986456592086571 0
770 -15.766688095336 0.24791986370907 0
771 -16.39884696344146 0.297194068209483 0
772 -17.03100583154848 0.24791986370907 0
773 -16.39884696344224 0.24791986370907 0
774 -15.13452922722658 0.4114859756420131 0
775 -15.13452922722531 0.4765036785741301 0
776 -15.13452922722405 0.5415213815062472 0
777 -15.76668809532965 0.6065390844383642 0
778 -16.39884696343651 0.6065390844383642 0
779 -17.03100583154337 0.6065390844383642 0
780 -17.03100583154615 0.4114859756420131 0
781 -15.7666880953331 0.4114859756420131 0
782 -15.7666880953308 0.5415213815062472 0
783 -17.0310058315443 0.5415213815062472 0
784 -16.39884696343963 0.4114859756420131 0
785 -15.76668809533195 0.4765036785741301 0
786 -16.39884696343755 0.5415213815062472 0
787 -17.03100583154522 0.4765036785741301 0
788 -16.39884696343859 0.4765036785741301 0
789 -15.13452922722112 0.6923304587535293 0
790 -15.13452922721945 0.7781218330686942 0
791 -15.13452922721778 0.8639132073838591 0
792 -15.76668809532357 0.9497045816990242 0
793 -16.39884696343103 0.9497045816990242 0
794 -17.03100583153848 0.9497045816990242 0
795 -17.03100583154215 0.6923304587535292 0
796 -15.76668809532813 0.6923304587535293 0
797 -15.76668809532509 0.863913207383859 0
798 -17.03100583153971 0.8639132073838592 0
799 -16.39884696343514 0.6923304587535293 0
800 -15.76668809532661 0.7781218330686943 0
801 -16.3988469634324 0.8639132073838592 0
802 -17.03100583154092 0.7781218330686942 0
803 -16.39884696343377 0.7781218330686942 0
804 -15.13452922721391 1.062906978742768 0
805 -15.13452922721171 1.176109375786512 0
806 -15.13452922720952 1.289311772830256 0
807 -15.76668809531556 1.402514169874 0
808 -16.3988469634238 1.402514169874 0
809 -17.03100583153203 1.402514169874 0
810 -17.03100583153687 1.062906978742768 0
811 -15.76668809532156 1.062906978742768 0
812 -15.76668809531756 1.289311772830256 0
813 -17.03100583153364 1.289311772830257 0
814 -16.39884696342922 1.062906978742768 0
815 -15.76668809531956 1.176109375786512 0
816 -16.3988469634256 1.289311772830256 0
817 -17.03100583153526 1.176109375786512 0
818 -16.39884696342741 1.176109375786512 0
819 -15.13452922720441 1.5518856274055 0
820 -15.13452922720151 1.701257084937 0
821 -15.13452922719861 1.8506285424685 0
822 -17.03100583152983 1.5518856274055 0
823 -15.76668809531274 1.5518856274055 0
824 -15.76668809530709 1.8506285424685 0
825 -17.03100583152544 1.8506285424685 0
826 -16.39884696342131 1.5518856274055 0
827 -15.76668809530992 1.701257084937 0
828 -16.39884696341633 1.8506285424685 0
829 -17.03100583152764 1.701257084937 0
830 -16.39884696341882 1.701257084937 0
831 -12.95491417984347 0.03734286367706102 0
832 -12.95491417984239 0.07468572735412204 0
833 -12.95491417984131 0.1120285910311831 0
834 -13.49981794168809 0.1493714547082441 0
835 -14.04472170353595 0.1493714547082441 0
836 -14.58962546538381 0.1493714547082441 0
837 -14.58962546538606 0.03734286367706102 0
838 -13.49981794169139 0.03734286367706102 0
839 -13.49981794168919 0.1120285910311831 0
840 -14.58962546538456 0.1120285910311831 0
841 -14.04472170353886 0.03734286367706102 0
842 -13.49981794169029 0.07468572735412204 0
843 -14.04472170353691 0.1120285910311831 0
844 -14.58962546538531 0.07468572735412204 0
845 -14.04472170353789 0.07468572735412204 0
846 -12.9549141798388 0.1986456592086571 0
847 -12.95491417983738 0.24791986370907 0
848 -12.95491417983595 0.297194068209483 0
849 -13.49981794168285 0.346468272709896 0
850 -14.04472170353118 0.346468272709896 0
851 -14.58962546537951 0.346468272709896 0
852 -14.58962546538273 0.1986456592086571 0
853 -13.49981794168678 0.1986456592086571 0
854 -13.49981794168416 0.297194068209483 0
855 -14.58962546538059 0.297194068209483 0
856 -14.04472170353475 0.1986456592086571 0
857 -13.49981794168547 0.24791986370907 0
858 -14.04472170353237 0.297194068209483 0
859 -14.58962546538166 0.24791986370907 0
860 -14.04472170353356 0.24791986370907 0
861 -12.95491417983264 0.4114859756420131 0
862 -12.95491417983076 0.4765036785741301 0
863 -12.95491417982888 0.5415213815062472 0
864 -13.49981794167594 0.6065390844383642 0
865 -14.04472170352489 0.6065390844383642 0
866 -14.58962546537384 0.6065390844383642 0
867 -14.5896254653781 0.4114859756420131 0
868 -13.49981794168113 0.4114859756420131 0
869 -13.49981794167767 0.5415213815062472 0
870 -14.58962546537526 0.5415213815062472 0
871 -14.04472170352961 0.4114859756420131 0
872 -13.4998179416794 0.4765036785741301 0
873 -14.04472170352646 0.5415213815062472 0
874 -14.58962546537668 0.4765036785741301 0
875 -14.04472170352804 0.4765036785741301 0
876 -12.95491417982452 0.6923304587535293 0
877 -12.95491417982204 0.7781218330686942 0
878 -12.95491417981956 0.8639132073838591 0
879 -13.49981794166683 0.9497045816990242 0
880 -14.04472170351659 0.9497045816990242 0
881 -14.58962546536635 0.9497045816990242 0
882 -14.58962546537197 0.6923304587535292 0
883 -13.49981794167367 0.6923304587535293 0
884 -13.49981794166911 0.863913207383859 0
885 -14.58962546536822 0.8639132073838592 0
886 -14.04472170352282 0.6923304587535293 0
887 -13.49981794167139 0.7781218330686943 0
888 -14.04472170351867 0.8639132073838592 0
889 -14.5896254653701 0.7781218330686942 0
890 -14.04472170352074 0.7781218330686942 0
891 -12.9549141798138 1.062906978742768 0
892 -12.95491417981052 1.176109375786512 0
893 -12.95491417980725 1.289311772830256 0
894 -13.49981794165481 1.402514169874 0
895 -14.04472170350564 1.402514169874 0
896 -14.58962546535648 1.402514169874 0
897 -14.58962546536388 1.062906978742768 0
898 -13.49981794166383 1.062906978742768 0
899 -13.49981794165781 1.289311772830256 0
900 -14.58962546535895 1.289311772830257 0
901 -14.04472170351386 1.062906978742768 0
902 -13.49981794166082 1.176109375786512 0
903 -14.04472170350838 1.289311772830256 0
904 -14.58962546536142 1.176109375786512 0
905 -14.04472170351112 1.176109375786512 0
906 -12.95491417979965 1.5518856274055 0
907 -12.95491417979533 1.701257084937 0
908 -12.954914179791 1.8506285424685 0
909 -14.58962546535309 1.5518856274055 0
910 -13.49981794165078 1.5518856274055 0
911 -13.49981794164272 1.8506285424685 0
912 -14.58962546534631 1.8506285424685 0
913 -14.04472170350194 1.5518856274055 0
914 -13.49981794164675 1.701257084937 0
915 -14.04472170349455 1.8506285424685 0
916 -14.5896254653497 1.701257084937 0
917 -14.04472170349824 1.701257084937 0
918 -11.07614523341442 0.03734286367706102 0
919 -11.0761452334136 0.07468572735412204 0
920 -11.07614523341278 0.1120285910311831 0
921 -11.54583747001903 0.1493714547082441 0
922 -12.0155297066261 0.1493714547082441 0
923 -12.48522194323316 0.1493714547082441 0
924 -12.4852219432362 0.03734286367706102 0
925 -11.54583747002158 0.03734286367706102 0
926 -11.54583747001988 0.1120285910311831 0
927 -12.48522194323417 0.1120285910311831 0
928 -12.01552970662893 0.03734286367706102 0
929 -11.54583747002073 0.07468572735412204 0
930 -12.01552970662704 0.1120285910311831 0
931 -12.48522194323519 0.07468572735412204 0
932 -12.01552970662799 0.07468572735412204 0
933 -11.07614523341089 0.1986456592086571 0
934 -11.07614523340981 0.24791986370907 0
935 -11.07614523340873 0.297194068209483 0
936 -11.54583747001437 0.346468272709896 0
937 -12.01552970662108 0.346468272709896 0
938 -12.4852219432278 0.346468272709896 0
939 -12.48522194323182 0.1986456592086571 0
940 -11.54583747001786 0.1986456592086571 0
941 -11.54583747001553 0.297194068209483 0
942 -12.48522194322914 0.297194068209483 0
943 -12.01552970662484 0.1986456592086571 0
944 -11.5458374700167 0.24791986370907 0
945 -12.01552970662234 0.297194068209483 0
946 -12.48522194323048 0.24791986370907 0
947 -12.01552970662359 0.24791986370907 0
948 -11.07614523340622 0.4114859756420131 0
949 -11.07614523340479 0.4765036785741301 0
950 -11.07614523340337 0.5415213815062472 0
951 -11.54583747000821 0.6065390844383642 0
952 -12.01552970661447 0.6065390844383642 0
953 -12.48522194322073 0.6065390844383642 0
954 -12.48522194322604 0.4114859756420131 0
955 -11.54583747001283 0.4114859756420131 0
956 -11.54583747000975 0.5415213815062472 0
957 -12.4852219432225 0.5415213815062472 0
958 -12.01552970661943 0.4114859756420131 0
959 -11.54583747001129 0.4765036785741301 0
960 -12.01552970661612 0.5415213815062472 0
961 -12.48522194322427 0.4765036785741301 0
962 -12.01552970661778 0.4765036785741301 0
963 -11.07614523340006 0.6923304587535293 0
964 -11.07614523339818 0.7781218330686942 0
965 -11.0761452333963 0.8639132073838591 0
966 -11.54583747000009 0.9497045816990242 0
967 -12.01552970660575 0.9497045816990242 0
968 -12.48522194321141 0.9497045816990242 0
969 -12.48522194321841 0.6923304587535292 0
970 -11.54583747000618 0.6923304587535293 0
971 -11.54583747000212 0.863913207383859 0
972 -12.48522194321374 0.8639132073838592 0
973 -12.01552970661229 0.6923304587535293 0
974 -11.54583747000414 0.7781218330686943 0
975 -12.01552970660793 0.8639132073838592 0
976 -12.48522194321607 0.7781218330686942 0
977 -12.01552970661011 0.7781218330686942 0
978 -11.07614523339194 1.062906978742768 0
979 -11.07614523338946 1.176109375786512 0
980 -11.07614523338698 1.289311772830256 0
981 -11.54583746998937 1.402514169874 0
982 -12.01552970659423 1.402514169874 0
983 -12.4852219431991 1.402514169874 0
984 -12.48522194320833 1.062906978742768 0
985 -11.5458374699974 1.062906978742768 0
986 -11.54583746999205 1.289311772830256 0
987 -12.48522194320218 1.289311772830257 0
988 -12.01552970660287 1.062906978742768 0
989 -11.54583746999472 1.176109375786512 0
990 -12.01552970659711 1.289311772830256 0
991 -12.48522194320526 1.176109375786512 0
992 -12.01552970659999 1.176109375786512 0
993 -11.07614523338122 1.5518856274055 0
994 -11.07614523337795 1.701257084937 0
995 -11.07614523337467 1.8506285424685 0
996 -12.48522194319512 1.5518856274055 0
997 -11.5458374699859 1.5518856274055 0
998 -11.54583746997897 1.8506285424685 0
999 -12.48522194318716 1.8506285424685 0
1000 -12.01552970659046 1.5518856274055 0
1001 -11.54583746998243 1.701257084937 0
1002 -12.01552970658292 1.8506285424685 0
1003 -12.48522194319114 1.701257084937 0
1004 -12.01552970658669 1.701257084937 0
1005 -9.456697453563834 0.03734286367706102 0
1006 -9.456697453563224 0.07468572735412204 0
1007 -9.456697453562615 0.1120285910311831 0
1008 -9.861559398524497 0.1493714547082441 0
1009 -10.26642134348699 0.1493714547082441 0
1010 -10.67128328844948 0.1493714547082441 0
1011 -10.67128328845148 0.03734286367706102 0
1012 -9.86155939852615 0.03734286367706102 0
1013 -9.861559398525046 0.1120285910311831 0
1014 -10.67128328845015 0.1120285910311831 0
1015 -10.26642134348909 0.03734286367706102 0
1016 -9.8615593985256 0.07468572735412204 0
1017 -10.26642134348769 0.1120285910311831 0
1018 -10.67128328845082 0.07468572735412204 0
1019 -10.26642134348839 0.07468572735412204 0
1020 -9.456697453561205 0.1986456592086571 0
1021 -9.456697453560402 0.24791986370907 0
1022 -9.456697453559599 0.297194068209483 0
1023 -9.861559398521008 0.346468272709896 0
1024 -10.26642134348322 0.346468272709896 0
1025 -10.67128328844543 0.346468272709896 0
1026 -10.67128328844847 0.1986456592086571 0
1027 -9.861559398523623 0.1986456592086571 0
1028 -9.861559398521878 0.297194068209483 0
1029 -10.67128328844644 0.297194068209483 0
1030 -10.26642134348604 0.1986456592086571 0
1031 -9.861559398522752 0.24791986370907 0
1032 -10.26642134348416 0.297194068209483 0
1033 -10.67128328844746 0.24791986370907 0
1034 -10.2664213434851 0.24791986370907 0
1035 -9.456697453557737 0.4114859756420131 0
1036 -9.456697453556677 0.4765036785741301 0
1037 -9.456697453555616 0.5415213815062472 0
1038 -9.861559398516404 0.6065390844383642 0
1039 -10.26642134347825 0.6065390844383642 0
1040 -10.6712832884401 0.6065390844383642 0
1041 -10.6712832884441 0.4114859756420131 0
1042 -9.861559398519855 0.4114859756420131 0
1043 -9.861559398517555 0.5415213815062472 0
1044 -10.67128328844143 0.5415213815062472 0
1045 -10.26642134348198 0.4114859756420131 0
1046 -9.861559398518706 0.4765036785741301 0
1047 -10.26642134347949 0.5415213815062472 0
1048 -10.67128328844277 0.4765036785741301 0
1049 -10.26642134348074 0.4765036785741301 0
1050 -9.456697453553161 0.6923304587535293 0
1051 -9.456697453551763 0.7781218330686942 0
1052 -9.456697453550365 0.8639132073838591 0
1053 -9.861559398510332 0.9497045816990242 0
1054 -10.26642134347169 0.9497045816990242 0
1055 -10.67128328843306 0.9497045816990242 0
1056 -10.67128328843834 0.6923304587535292 0
1057 -9.861559398514887 0.6923304587535293 0
1058 -9.861559398511851 0.863913207383859 0
1059 -10.67128328843482 0.8639132073838592 0
1060 -10.26642134347661 0.6923304587535293 0
1061 -9.861559398513368 0.7781218330686943 0
1062 -10.26642134347333 0.8639132073838592 0
1063 -10.67128328843658 0.7781218330686942 0
1064 -10.26642134347497 0.7781218330686942 0
1065 -9.456697453547125 1.062906978742768 0
1066 -9.45669745354528 1.176109375786512 0
1067 -9.456697453543434 1.289311772830256 0
1068 -9.861559398502317 1.402514169874 0
1069 -10.26642134346304 1.402514169874 0
1070 -10.67128328842377 1.402514169874 0
1071 -10.67128328843074 1.062906978742768 0
1072 -9.86155939850833 1.062906978742768 0
1073 -9.861559398504319 1.289311772830256 0
1074 -10.67128328842609 1.289311772830257 0
1075 -10.26642134346953 1.062906978742768 0
1076 -9.861559398506325 1.176109375786512 0
1077 -10.26642134346521 1.289311772830256 0
1078 -10.67128328842841 1.176109375786512 0
1079 -10.26642134346737 1.176109375786512 0
1080 -9.456697453539157 1.5518856274055 0
1081 -9.456697453536723 1.701257084937 0
1082 -9.456697453534291 1.8506285424685 0
1083 -10.67128328842064 1.5518856274055 0
1084 -9.861559398499722 1.5518856274055 0
1085 -9.861559398494531 1.8506285424685 0
1086 -10.67128328841439 1.8506285424685 0
1087 -10.26642134346021 1.5518856274055 0
1088 -9.861559398497127 1.701257084937 0
1089 -10.26642134345456 1.8506285424685 0
1090 -10.67128328841752 1.701257084937 0
1091 -10.26642134345738 1.701257084937 0
1092 -8.060777493753637 0.03734286367706102 0
1093 -8.060777493753196 0.07468572735412204 0
1094 -8.060777493752756 0.1120285910311831 0
1095 -8.409757483704738 0.1493714547082441 0
1096 -8.758737473657161 0.1493714547082441 0
1097 -9.107717463609585 0.1493714547082441 0
1098 -9.107717463611273 0.03734286367706102 0
1099 -8.409757483706432 0.03734286367706102 0
1100 -8.409757483705302 0.1120285910311831 0
1101 -9.107717463610147 0.1120285910311831 0
1102 -8.758737473658972 0.03734286367706102 0
1103 -8.409757483705867 0.07468572735412204 0
1104 -8.758737473657764 0.1120285910311831 0
1105 -9.107717463610708 0.07468572735412204 0
1106 -8.758737473658366 0.07468572735412204 0
1107 -8.060777493751734 0.1986456592086571 0
1108 -8.060777493751154 0.24791986370907 0
1109 -8.060777493750573 0.297194068209483 0
1110 -8.409757483702194 0.346468272709896 0
1111 -8.758737473654394 0.346468272709896 0
1112 -9.107717463606594 0.346468272709896 0
1113 -9.107717463608838 0.1986456592086571 0
1114 -8.409757483704102 0.1986456592086571 0
1115 -8.40975748370283 0.297194068209483 0
1116 -9.10771746360734 0.297194068209483 0
1117 -8.758737473656469 0.1986456592086571 0
1118 -8.409757483703466 0.24791986370907 0
1119 -8.758737473655088 0.297194068209483 0
1120 -9.10771746360809 0.24791986370907 0
1121 -8.758737473655778 0.24791986370907 0
1122 -8.060777493749224 0.4114859756420131 0
1123 -8.060777493748457 0.4765036785741301 0
1124 -8.06077749374769 0.5415213815062472 0
1125 -8.409757483698831 0.6065390844383642 0
1126 -8.75873747365074 0.6065390844383642 0
1127 -9.107717463602649 0.6065390844383642 0
1128 -9.107717463605608 0.4114859756420131 0
1129 -8.409757483701352 0.4114859756420131 0
1130 -8.409757483699671 0.5415213815062472 0
1131 -9.107717463603635 0.5415213815062472 0
1132 -8.758737473653481 0.4114859756420131 0
1133 -8.409757483700513 0.4765036785741301 0
1134 -8.758737473651653 0.5415213815062472 0
1135 -9.107717463604621 0.4765036785741301 0
1136 -8.758737473652568 0.4765036785741301 0
1137 -8.06077749374591 0.6923304587535293 0
1138 -8.060777493744899 0.7781218330686942 0
1139 -8.060777493743888 0.8639132073838591 0
1140 -8.409757483694399 0.9497045816990242 0
1141 -8.758737473645922 0.9497045816990242 0
1142 -9.107717463597446 0.9497045816990242 0
1143 -9.10771746360135 0.6923304587535292 0
1144 -8.409757483697721 0.6923304587535293 0
1145 -8.409757483695508 0.863913207383859 0
1146 -9.107717463598746 0.8639132073838592 0
1147 -8.758737473649536 0.6923304587535293 0
1148 -8.409757483696614 0.7781218330686943 0
1149 -8.758737473647127 0.8639132073838592 0
1150 -9.107717463600048 0.7781218330686942 0
1151 -8.758737473648331 0.7781218330686942 0
1152 -8.06077749374154 1.062906978742768 0
1153 -8.060777493740204 1.176109375786512 0
1154 -8.060777493738868 1.289311772830256 0
1155 -8.409757483688548 1.402514169874 0
1156 -8.758737473639561 1.402514169874 0
1157 -9.107717463590575 1.402514169874 0
1158 -9.10771746359573 1.062906978742768 0
1159 -8.409757483692937 1.062906978742768 0
1160 -8.409757483690012 1.289311772830256 0
1161 -9.107717463592291 1.289311772830257 0
1162 -8.758737473644333 1.062906978742768 0
1163 -8.409757483691473 1.176109375786512 0
1164 -8.758737473641151 1.289311772830256 0
1165 -9.10771746359401 1.176109375786512 0
1166 -8.758737473642741 1.176109375786512 0
1167 -8.06077749373577 1.5518856274055 0
1168 -8.060777493734008 1.701257084937 0
1169 -8.060777493732248 1.8506285424685 0
1170 -9.107717463588411 1.5518856274055 0
1171 -8.409757483686661 1.5518856274055 0
1172 -8.409757483682888 1.8506285424685 0
1173 -9.107717463584081 1.8506285424685 0
1174 -8.758737473637559 1.5518856274055 0
1175 -8.409757483684775 1.701257084937 0
1176 -8.758737473633559 1.8506285424685 0
1177 -9.107717463586244 1.701257084937 0
1178 -8.758737473635556 1.701257084937 0
1179 -6.857532440849139 0.03734286367706102 0
1180 -6.857532440848832 0.07468572735412204 0
1181 -6.857532440848525 0.1120285910311831 0
1182 -7.158343704074242 0.1493714547082441 0
1183 -7.459154967300266 0.1493714547082441 0
1184 -7.759966230526291 0.1493714547082441 0
1185 -7.759966230527506 0.03734286367706102 0
1186 -7.158343704075499 0.03734286367706102 0
1187 -7.158343704074661 0.1120285910311831 0
1188 -7.759966230526696 0.1120285910311831 0
1189 -7.459154967301286 0.03734286367706102 0
1190 -7.15834370407508 0.07468572735412204 0
1191 -7.459154967300606 0.1120285910311831 0
1192 -7.759966230527102 0.07468572735412204 0
1193 -7.459154967300946 0.07468572735412204 0
1194 -6.857532440847812 0.1986456592086571 0
1195 -6.857532440847406 0.24791986370907 0
1196 -6.857532440847001 0.297194068209483 0
1197 -7.158343704072444 0.346468272709896 0
1198 -7.459154967298293 0.346468272709896 0
1199 -7.759966230524142 0.346468272709896 0
1200 -7.759966230525754 0.1986456592086571 0
1201 -7.158343704073792 0.1986456592086571 0
1202 -7.158343704072893 0.297194068209483 0
1203 -7.759966230524681 0.297194068209483 0
1204 -7.459154967299773 0.1986456592086571 0
1205 -7.158343704073341 0.24791986370907 0
1206 -7.459154967298786 0.297194068209483 0
1207 -7.759966230525216 0.24791986370907 0
1208 -7.45915496729928 0.24791986370907 0
1209 -6.857532440846059 0.4114859756420131 0
1210 -6.857532440845523 0.4765036785741301 0
1211 -6.857532440844987 0.5415213815062472 0
1212 -7.158343704070069 0.6065390844383642 0
1213 -7.459154967295687 0.6065390844383642 0
1214 -7.759966230521305 0.6065390844383642 0
1215 -7.759966230523434 0.4114859756420131 0
1216 -7.158343704071851 0.4114859756420131 0
1217 -7.158343704070663 0.5415213815062472 0
1218 -7.759966230522014 0.5415213815062472 0
1219 -7.459154967297641 0.4114859756420131 0
1220 -7.158343704071256 0.4765036785741301 0
1221 -7.459154967296337 0.5415213815062472 0
1222 -7.759966230522724 0.4765036785741301 0
1223 -7.45915496729699 0.4765036785741301 0
1224 -6.857532440843746 0.6923304587535293 0
1225 -6.85753244084304 0.7781218330686942 0
1226 -6.857532440842334 0.8639132073838591 0
1227 -7.15834370406694 0.9497045816990242 0
1228 -7.459154967292252 0.9497045816990242 0
1229 -7.759966230517565 0.9497045816990242 0
1230 -7.759966230520369 0.6923304587535292 0
1231 -7.158343704069287 0.6923304587535293 0
1232 -7.158343704067723 0.863913207383859 0
1233 -7.759966230518501 0.8639132073838592 0
1234 -7.459154967294828 0.6923304587535293 0
1235 -7.158343704068505 0.7781218330686943 0
1236 -7.459154967293111 0.8639132073838592 0
1237 -7.759966230519434 0.7781218330686942 0
1238 -7.45915496729397 0.7781218330686942 0
1239 -6.857532440840696 1.062906978742768 0
1240 -6.857532440839764 1.176109375786512 0
1241 -6.857532440838832 1.289311772830256 0
1242 -7.158343704062808 1.402514169874 0
1243 -7.459154967287716 1.402514169874 0
1244 -7.759966230512624 1.402514169874 0
1245 -7.75996623051633 1.062906978742768 0
1246 -7.158343704065906 1.062906978742768 0
1247 -7.158343704063841 1.289311772830256 0
1248 -7.759966230513859 1.289311772830257 0
1249 -7.459154967291118 1.062906978742768 0
1250 -7.158343704064874 1.176109375786512 0
1251 -7.459154967288852 1.289311772830256 0
1252 -7.759966230515094 1.176109375786512 0
1253 -7.459154967289985 1.176109375786512 0
1254 -6.857532440836669 1.5518856274055 0
1255 -6.85753244083544 1.701257084937 0
1256 -6.857532440834211 1.8506285424685 0
1257 -7.759966230510953 1.5518856274055 0
1258 -7.158343704061418 1.5518856274055 0
1259 -7.158343704058648 1.8506285424685 0
1260 -7.759966230507613 1.8506285424685 0
1261 -7.459154967286216 1.5518856274055 0
1262 -7.158343704060034 1.701257084937 0
1263 -7.459154967283219 1.8506285424685 0
1264 -7.759966230509281 1.701257084937 0
1265 -7.459154967284717 1.701257084937 0
1266 -5.820367907446613 0.03734286367706102 0
1267 -5.820367907446411 0.07468572735412204 0
1268 -5.820367907446207 0.1120285910311831 0
1269 -6.079659040796558 0.1493714547082441 0
1270 -6.338950174147111 0.1493714547082441 0
1271 -6.598241307497664 0.1493714547082441 0
1272 -6.598241307498297 0.03734286367706102 0
1273 -6.07965904079696 0.03734286367706102 0
1274 -6.079659040796692 0.1120285910311831 0
1275 -6.598241307497876 0.1120285910311831 0
1276 -6.33895017414757 0.03734286367706102 0
1277 -6.079659040796826 0.07468572735412204 0
1278 -6.338950174147264 0.1120285910311831 0
1279 -6.598241307498086 0.07468572735412204 0
1280 -6.338950174147417 0.07468572735412204 0
1281 -5.820367907445737 0.1986456592086571 0
1282 -5.820367907445469 0.24791986370907 0
1283 -5.820367907445202 0.297194068209483 0
1284 -6.07965904079535 0.346468272709896 0
1285 -6.338950174145765 0.346468272709896 0
1286 -6.598241307496179 0.346468272709896 0
1287 -6.598241307497292 0.1986456592086571 0
1288 -6.079659040796256 0.1986456592086571 0
1289 -6.079659040795653 0.297194068209483 0
1290 -6.598241307496551 0.297194068209483 0
1291 -6.338950174146776 0.1986456592086571 0
1292 -6.079659040795953 0.24791986370907 0
1293 -6.338950174146101 0.297194068209483 0
1294 -6.598241307496921 0.24791986370907 0
1295 -6.338950174146438 0.24791986370907 0
1296 -5.820367907444581 0.4114859756420131 0
1297 -5.820367907444228 0.4765036785741301 0
1298 -5.820367907443876 0.5415213815062472 0
1299 -6.079659040793755 0.6065390844383642 0
1300 -6.338950174143987 0.6065390844383642 0
1301 -6.598241307494219 0.6065390844383642 0
1302 -6.598241307495689 0.4114859756420131 0
1303 -6.079659040794951 0.4114859756420131 0
1304 -6.079659040794154 0.5415213815062472 0
1305 -6.598241307494709 0.5415213815062472 0
1306 -6.338950174145319 0.4114859756420131 0
1307 -6.079659040794551 0.4765036785741301 0
1308 -6.338950174144431 0.5415213815062472 0
1309 -6.598241307495199 0.4765036785741301 0
1310 -6.338950174144875 0.4765036785741301 0
1311 -5.820367907443057 0.6923304587535293 0
1312 -5.82036790744259 0.7781218330686942 0
1313 -5.820367907442124 0.8639132073838591 0
1314 -6.079659040791651 0.9497045816990242 0
1315 -6.338950174141644 0.9497045816990242 0
1316 -6.598241307491636 0.9497045816990242 0
1317 -6.598241307493574 0.6923304587535292 0
1318 -6.07965904079323 0.6923304587535293 0
1319 -6.079659040792176 0.863913207383859 0
1320 -6.598241307492282 0.8639132073838592 0
1321 -6.338950174143402 0.6923304587535293 0
1322 -6.079659040792703 0.7781218330686943 0
1323 -6.338950174142229 0.8639132073838592 0
1324 -6.598241307492928 0.7781218330686942 0
1325 -6.338950174142814 0.7781218330686942 0
1326 -5.820367907441044 1.062906978742768 0
1327 -5.82036790744043 1.176109375786512 0
1328 -5.820367907439815 1.289311772830256 0
1329 -6.079659040788875 1.402514169874 0
1330 -6.338950174138549 1.402514169874 0
1331 -6.598241307488225 1.402514169874 0
1332 -6.598241307490783 1.062906978742768 0
1333 -6.079659040790957 1.062906978742768 0
1334 -6.079659040789568 1.289311772830256 0
1335 -6.598241307489079 1.289311772830257 0
1336 -6.33895017414087 1.062906978742768 0
1337 -6.079659040790263 1.176109375786512 0
1338 -6.338950174139322 1.289311772830256 0
1339 -6.598241307489931 1.176109375786512 0
1340 -6.338950174140097 1.176109375786512 0
1341 -5.820367907438389 1.5518856274055 0
1342 -5.820367907437578 1.701257084937 0
1343 -5.820367907436768 1.8506285424685 0
1344 -6.598241307487108 1.5518856274055 0
1345 -6.07965904078794 1.5518856274055 0
1346 -6.079659040786069 1.8506285424685 0
1347 -6.598241307484879 1.8506285424685 0
1348 -6.338950174137514 1.5518856274055 0
1349 -6.079659040787005 1.701257084937 0
1350 -6.338950174135448 1.8506285424685 0
1351 -6.598241307485994 1.701257084937 0
1352 -6.338950174136481 1.701257084937 0
1353 -4.926360252156268 0.03734286367706102 0
1354 -4.926360252156147 0.07468572735412204 0
1355 -4.926360252156026 0.1120285910311831 0
1356 -5.14986216597843 0.1493714547082441 0
1357 -5.373364079800955 0.1493714547082441 0
1358 -5.59686599362348 0.1493714547082441 0
1359 -5.596865993623956 0.03734286367706102 0
1360 -5.149862165978825 0.03734286367706102 0
1361 -5.149862165978561 0.1120285910311831 0
1362 -5.596865993623638 0.1120285910311831 0
1363 -5.373364079801251 0.03734286367706102 0
1364 -5.149862165978693 0.07468572735412204 0
1365 -5.373364079801053 0.1120285910311831 0
1366 -5.596865993623798 0.07468572735412204 0
1367 -5.373364079801151 0.07468572735412204 0
1368 -4.926360252155745 0.1986456592086571 0
1369 -4.926360252155586 0.24791986370907 0
1370 -4.926360252155426 0.297194068209483 0
1371 -5.149862165977684 0.346468272709896 0
1372 -5.3733640798001 0.346468272709896 0
1373 -5.596865993622517 0.346468272709896 0
1374 -5.59686599362324 0.1986456592086571 0
1375 -5.149862165978243 0.1986456592086571 0
1376 -5.14986216597787 0.297194068209483 0
1377 -5.596865993622758 0.297194068209483 0
1378 -5.373364079800742 0.1986456592086571 0
1379 -5.149862165978057 0.24791986370907 0
1380 -5.373364079800313 0.297194068209483 0
1381 -5.596865993622998 0.24791986370907 0
1382 -5.373364079800528 0.24791986370907 0
1383 -4.926360252155055 0.4114859756420131 0
1384 -4.926360252154844 0.4765036785741301 0
1385 -4.926360252154634 0.5415213815062472 0
1386 -5.149862165976698 0.6065390844383642 0
1387 -5.373364079798972 0.6065390844383642 0
1388 -5.596865993621247 0.6065390844383642 0
1389 -5.596865993622199 0.4114859756420131 0
1390 -5.149862165977437 0.4114859756420131 0
1391 -5.149862165976945 0.5415213815062472 0
1392 -5.596865993621565 0.5415213815062472 0
1393 -5.373364079799817 0.4114859756420131 0
1394 -5.149862165977192 0.4765036785741301 0
1395 -5.373364079799256 0.5415213815062472 0
1396 -5.596865993621881 0.4765036785741301 0
1397 -5.373364079799536 0.4765036785741301 0
1398 -4.926360252154145 0.6923304587535293 0
1399 -4.926360252153867 0.7781218330686942 0
1400 -4.926360252153589 0.8639132073838591 0
1401 -5.149862165975398 0.9497045816990242 0
1402 -5.373364079797485 0.9497045816990242 0
1403 -5.596865993619572 0.9497045816990242 0
1404 -5.596865993620828 0.6923304587535292 0
1405 -5.149862165976373 0.6923304587535293 0
1406 -5.149862165975723 0.863913207383859 0
1407 -5.596865993619989 0.8639132073838592 0
1408 -5.373364079798601 0.6923304587535293 0
1409 -5.149862165976048 0.7781218330686943 0
1410 -5.373364079797856 0.8639132073838592 0
1411 -5.596865993620409 0.7781218330686942 0
1412 -5.373364079798228 0.7781218330686942 0
1413 -4.926360252152943 1.062906978742768 0
1414 -4.926360252152576 1.176109375786512 0
1415 -4.926360252152209 1.289311772830256 0
1416 -5.149862165973682 1.402514169874 0
1417 -5.373364079795521 1.402514169874 0
1418 -5.59686599361736 1.402514169874 0
1419 -5.596865993619018 1.062906978742768 0
1420 -5.149862165974968 1.062906978742768 0
1421 -5.149862165974112 1.289311772830256 0
1422 -5.596865993617914 1.289311772830257 0
1423 -5.373364079796994 1.062906978742768 0
1424 -5.14986216597454 1.176109375786512 0
1425 -5.373364079796011 1.289311772830256 0
1426 -5.596865993618466 1.176109375786512 0
1427 -5.373364079796503 1.176109375786512 0
1428 -4.926360252151357 1.5518856274055 0
1429 -4.926360252150873 1.701257084937 0
1430 -4.926360252150388 1.8506285424685 0
1431 -5.596865993616675 1.5518856274055 0
1432 -5.149862165973166 1.5518856274055 0
1433 -5.149862165972134 1.8506285424685 0
1434 -5.596865993615303 1.8506285424685 0
1435 -5.373364079794936 1.5518856274055 0
1436 -5.14986216597265 1.701257084937 0
1437 -5.373364079793769 1.8506285424685 0
1438 -5.596865993615991 1.701257084937 0
1439 -5.373364079794353 1.701257084937 0
1440 -4.155749964293118 0.03734286367706102 0
1441 -4.155749964293064 0.07468572735412204 0
1442 -4.15574996429301 0.1120285910311831 0
1443 -4.348402536258694 0.1493714547082441 0
1444 -4.54105510822443 0.1493714547082441 0
1445 -4.733707680190168 0.1493714547082441 0
1446 -4.73370768019077 0.03734286367706102 0
1447 -4.348402536258872 0.03734286367706102 0
1448 -4.348402536258753 0.1120285910311831 0
1449 -4.733707680190369 0.1120285910311831 0
1450 -4.541055108224951 0.03734286367706102 0
1451 -4.348402536258812 0.07468572735412204 0
1452 -4.541055108224603 0.1120285910311831 0
1453 -4.73370768019057 0.07468572735412204 0
1454 -4.541055108224777 0.07468572735412204 0
1455 -4.155749964292886 0.1986456592086571 0
1456 -4.155749964292814 0.24791986370907 0
1457 -4.155749964292742 0.297194068209483 0
1458 -4.34840253625832 0.346468272709896 0
1459 -4.541055108223969 0.346468272709896 0
1460 -4.733707680189617 0.346468272709896 0
1461 -4.73370768019003 0.1986456592086571 0
1462 -4.3484025362586 0.1986456592086571 0
1463 -4.348402536258413 0.297194068209483 0
1464 -4.733707680189755 0.297194068209483 0
1465 -4.541055108224315 0.1986456592086571 0
1466 -4.348402536258508 0.24791986370907 0
1467 -4.541055108224084 0.297194068209483 0
1468 -4.733707680189893 0.24791986370907 0
1469 -4.541055108224199 0.24791986370907 0
1470 -4.155749964292577 0.4114859756420131 0
1471 -4.155749964292482 0.4765036785741301 0
1472 -4.155749964292388 0.5415213815062472 0
1473 -4.348402536257826 0.6065390844383642 0
1474 -4.541055108223358 0.6065390844383642 0
1475 -4.733707680188891 0.6065390844383642 0
1476 -4.733707680189434 0.4114859756420131 0
1477 -4.348402536258196 0.4114859756420131 0
1478 -4.348402536257948 0.5415213815062472 0
1479 -4.733707680189073 0.5415213815062472 0
1480 -4.541055108223816 0.4114859756420131 0
1481 -4.348402536258073 0.4765036785741301 0
1482 -4.541055108223511 0.5415213815062472 0
1483 -4.733707680189254 0.4765036785741301 0
1484 -4.541055108223664 0.4765036785741301 0
1485 -4.15574996429217 0.6923304587535293 0
1486 -4.155749964292045 0.7781218330686942 0
1487 -4.155749964291921 0.8639132073838591 0
1488 -4.348402536257176 0.9497045816990242 0
1489 -4.541055108222554 0.9497045816990242 0
1490 -4.733707680187932 0.9497045816990242 0
1491 -4.733707680188651 0.6923304587535292 0
1492 -4.348402536257662 0.6923304587535293 0
1493 -4.348402536257338 0.863913207383859 0
1494 -4.733707680188171 0.8639132073838592 0
1495 -4.541055108223157 0.6923304587535293 0
1496 -4.348402536257501 0.7781218330686943 0
1497 -4.541055108222753 0.8639132073838592 0
1498 -4.733707680188411 0.7781218330686942 0
1499 -4.541055108222956 0.7781218330686942 0
1500 -4.155749964291633 1.062906978742768 0
1501 -4.15574996429147 1.176109375786512 0
1502 -4.155749964291306 1.289311772830256 0
1503 -4.348402536256318 1.402514169874 0
1504 -4.541055108221492 1.402514169874 0
1505 -4.733707680186667 1.402514169874 0
1506 -4.733707680187615 1.062906978742768 0
1507 -4.348402536256961 1.062906978742768 0
1508 -4.348402536256532 1.289311772830256 0
1509 -4.733707680186983 1.289311772830257 0
1510 -4.541055108222288 1.062906978742768 0
1511 -4.348402536256747 1.176109375786512 0
1512 -4.541055108221759 1.289311772830256 0
1513 -4.733707680187299 1.176109375786512 0
1514 -4.541055108222023 1.176109375786512 0
1515 -4.155749964290926 1.5518856274055 0
1516 -4.155749964290711 1.701257084937 0
1517 -4.155749964290495 1.8506285424685 0
1518 -4.73370768018628 1.5518856274055 0
1519 -4.348402536256023 1.5518856274055 0
1520 -4.348402536255436 1.8506285424685 0
1521 -4.733707680185504 1.8506285424685 0
1522 -4.541055108221141 1.5518856274055 0
1523 -4.34840253625573 1.701257084937 0
1524 -4.54105510822044 1.8506285424685 0
1525 -4.733707680185892 1.701257084937 0
1526 -4.541055108220791 1.701257084937 0
1527 -3.491504839968228 0.03734286367706102 0
1528 -3.491504839968184 0.07468572735412204 0
1529 -3.491504839968139 0.1120285910311831 0
1530 -3.657566121049311 0.1493714547082441 0
1531 -3.823627402130526 0.1493714547082441 0
1532 -3.989688683211742 0.1493714547082441 0
1533 -3.989688683211996 0.03734286367706102 0
1534 -3.657566121049425 0.03734286367706102 0
1535 -3.657566121049348 0.1120285910311831 0
1536 -3.989688683211825 0.1120285910311831 0
1537 -3.8236274021307 0.03734286367706102 0
1538 -3.657566121049387 0.07468572735412204 0
1539 -3.823627402130584 0.1120285910311831 0
1540 -3.989688683211911 0.07468572735412204 0
1541 -3.823627402130642 0.07468572735412204 0
1542 -3.491504839968038 0.1986456592086571 0
1543 -3.49150483996798 0.24791986370907 0
1544 -3.491504839967922 0.297194068209483 0
1545 -3.657566121049066 0.346468272709896 0
1546 -3.823627402130267 0.346468272709896 0
1547 -3.989688683211469 0.346468272709896 0
1548 -3.989688683211674 0.1986456592086571 0
1549 -3.657566121049249 0.1986456592086571 0
1550 -3.657566121049127 0.297194068209483 0
1551 -3.989688683211537 0.297194068209483 0
1552 -3.823627402130462 0.1986456592086571 0
1553 -3.657566121049188 0.24791986370907 0
1554 -3.823627402130332 0.297194068209483 0
1555 -3.989688683211606 0.24791986370907 0
1556 -3.823627402130397 0.24791986370907 0
1557 -3.491504839967788 0.4114859756420131 0
1558 -3.491504839967711 0.4765036785741301 0
1559 -3.491504839967634 0.5415213815062472 0
1560 -3.657566121048742 0.6065390844383642 0
1561 -3.823627402129926 0.6065390844383642 0
1562 -3.98968868321111 0.6065390844383642 0
1563 -3.989688683211379 0.4114859756420131 0
1564 -3.657566121048985 0.4114859756420131 0
1565 -3.657566121048824 0.5415213815062472 0
1566 -3.989688683211199 0.5415213815062472 0
1567 -3.823627402130182 0.4114859756420131 0
1568 -3.657566121048904 0.4765036785741301 0
1569 -3.823627402130011 0.5415213815062472 0
1570 -3.989688683211289 0.4765036785741301 0
1571 -3.823627402130096 0.4765036785741301 0
1572 -3.491504839967457 0.6923304587535293 0
1573 -3.491504839967356 0.7781218330686942 0
1574 -3.491504839967255 0.8639132073838591 0
1575 -3.657566121048315 0.9497045816990242 0
1576 -3.823627402129475 0.9497045816990242 0
1577 -3.989688683210636 0.9497045816990242 0
1578 -3.989688683210991 0.6923304587535292 0
1579 -3.657566121048635 0.6923304587535293 0
1580 -3.657566121048421 0.863913207383859 0
1581 -3.989688683210754 0.8639132073838592 0
1582 -3.823627402129814 0.6923304587535293 0
1583 -3.657566121048529 0.7781218330686943 0
1584 -3.823627402129588 0.8639132073838592 0
1585 -3.989688683210873 0.7781218330686942 0
1586 -3.823627402129701 0.7781218330686942 0
1587 -3.49150483996702 1.062906978742768 0
1588 -3.491504839966887 1.176109375786512 0
1589 -3.491504839966753 1.289311772830256 0
1590 -3.657566121047751 1.402514169874 0
1591 -3.823627402128881 1.402514169874 0
1592 -3.989688683210012 1.402514169874 0
1593 -3.989688683210479 1.062906978742768 0
1594 -3.657566121048173 1.062906978742768 0
1595 -3.657566121047891 1.289311772830256 0
1596 -3.989688683210168 1.289311772830257 0
1597 -3.823627402129327 1.062906978742768 0
1598 -3.657566121048033 1.176109375786512 0
1599 -3.82362740212903 1.289311772830256 0
1600 -3.989688683210324 1.176109375786512 0
1601 -3.823627402129179 1.176109375786512 0
1602 -3.491504839966444 1.5518856274055 0
1603 -3.491504839966268 1.701257084937 0
1604 -3.491504839966092 1.8506285424685 0
1605 -3.989688683209812 1.5518856274055 0
1606 -3.657566121047569 1.5518856274055 0
1607 -3.657566121047206 1.8506285424685 0
1608 -3.989688683209412 1.8506285424685 0
1609 -3.823627402128686 1.5518856274055 0
1610 -3.657566121047387 1.701257084937 0
1611 -3.823627402128295 1.8506285424685 0
1612 -3.989688683209612 1.701257084937 0
1613 -3.823627402128491 1.701257084937 0
1614 -2.9189435941866 0.03734286367706102 0
1615 -2.918943594186572 0.07468572735412204 0
1616 -2.918943594186543 0.1120285910311831 0
1617 -3.062083905631909 0.1493714547082441 0
1618 -3.205224217077305 0.1493714547082441 0
1619 -3.3483645285227 0.1493714547082441 0
1620 -3.348364528522722 0.03734286367706102 0
1621 -3.062083905631922 0.03734286367706102 0
1622 -3.062083905631914 0.1120285910311831 0
1623 -3.348364528522707 0.1120285910311831 0
1624 -3.205224217077217 0.03734286367706102 0
1625 -3.062083905631918 0.07468572735412204 0
1626 -3.205224217077276 0.1120285910311831 0
1627 -3.348364528522715 0.07468572735412204 0
1628 -3.205224217077246 0.07468572735412204 0
1629 -2.918943594186476 0.1986456592086571 0
1630 -2.918943594186438 0.24791986370907 0
1631 -2.918943594186401 0.297194068209483 0
1632 -3.062083905631738 0.346468272709896 0
1633 -3.205224217077113 0.346468272709896 0
1634 -3.348364528522489 0.346468272709896 0
1635 -3.348364528522648 0.1986456592086571 0
1636 -3.062083905631866 0.1986456592086571 0
1637 -3.062083905631781 0.297194068209483 0
1638 -3.348364528522542 0.297194068209483 0
1639 -3.205224217077257 0.1986456592086571 0
1640 -3.062083905631824 0.24791986370907 0
1641 -3.205224217077161 0.297194068209483 0
1642 -3.348364528522594 0.24791986370907 0
1643 -3.205224217077209 0.24791986370907 0
1644 -2.918943594186313 0.4114859756420131 0
1645 -2.918943594186263 0.4765036785741301 0
1646 -2.918943594186213 0.5415213815062472 0
1647 -3.062083905631512 0.6065390844383642 0
1648 -3.205224217076861 0.6065390844383642 0
1649 -3.348364528522209 0.6065390844383642 0
1650 -3.348364528522419 0.4114859756420131 0
1651 -3.062083905631682 0.4114859756420131 0
1652 -3.062083905631567 0.5415213815062472 0
1653 -3.348364528522279 0.5415213815062472 0
1654 -3.20522421707705 0.4114859756420131 0
1655 -3.062083905631625 0.4765036785741301 0
1656 -3.205224217076924 0.5415213815062472 0
1657 -3.348364528522349 0.4765036785741301 0
1658 -3.205224217076987 0.4765036785741301 0
1659 -2.918943594186097 0.6923304587535293 0
1660 -2.918943594186031 0.7781218330686942 0
1661 -2.918943594185965 0.8639132073838591 0
1662 -3.062083905631213 0.9497045816990242 0
1663 -3.205224217076526 0.9497045816990242 0
1664 -3.34836452852184 0.9497045816990242 0
1665 -3.348364528522117 0.6923304587535292 0
1666 -3.062083905631437 0.6923304587535293 0
1667 -3.062083905631288 0.863913207383859 0
1668 -3.348364528521932 0.8639132073838592 0
1669 -3.205224217076777 0.6923304587535293 0
1670 -3.062083905631363 0.7781218330686943 0
1671 -3.205224217076609 0.8639132073838592 0
1672 -3.348364528522025 0.7781218330686942 0
1673 -3.205224217076693 0.7781218330686942 0
1674 -2.918943594185812 1.062906978742768 0
1675 -2.918943594185725 1.176109375786512 0
1676 -2.918943594185637 1.289311772830256 0
1677 -3.062083905630818 1.402514169874 0
1678 -3.205224217076085 1.402514169874 0
1679 -3.348364528521352 1.402514169874 0
1680 -3.348364528521718 1.062906978742768 0
1681 -3.062083905631114 1.062906978742768 0
1682 -3.062083905630916 1.289311772830256 0
1683 -3.348364528521474 1.289311772830257 0
1684 -3.205224217076416 1.062906978742768 0
1685 -3.062083905631015 1.176109375786512 0
1686 -3.205224217076195 1.289311772830256 0
1687 -3.348364528521596 1.176109375786512 0
1688 -3.205224217076306 1.176109375786512 0
1689 -2.918943594185435 1.5518856274055 0
1690 -2.91894359418532 1.701257084937 0
1691 -2.918943594185205 1.8506285424685 0
1692 -3.348364528521181 1.5518856274055 0
1693 -3.062083905630681 1.5518856274055 0
1694 -3.062083905630409 1.8506285424685 0
1695 -3.348364528520837 1.8506285424685 0
1696 -3.20522421707593 1.5518856274055 0
1697 -3.062083905630546 1.701257084937 0
1698 -3.205224217075619 1.8506285424685 0
1699 -3.348364528521008 1.701257084937 0
1700 -3.205224217075775 1.701257084937 0
1701 -2.425411376514083 0.03734286367706102 0
1702 -2.42541137651407 0.07468572735412204 0
1703 -2.425411376514058 0.1120285910311831 0
1704 -2.548794430932163 0.1493714547082441 0
1705 -2.67217748535028 0.1493714547082441 0
1706 -2.795560539768397 0.1493714547082441 0
1707 -2.795560539768441 0.03734286367706102 0
1708 -2.548794430932218 0.03734286367706102 0
1709 -2.548794430932181 0.1120285910311831 0
1710 -2.795560539768411 0.1120285910311831 0
1711 -2.67217748535038 0.03734286367706102 0
1712 -2.548794430932199 0.07468572735412204 0
1713 -2.672177485350313 0.1120285910311831 0
1714 -2.795560539768426 0.07468572735412204 0
1715 -2.672177485350347 0.07468572735412204 0
1716 -2.425411376514029 0.1986456592086571 0
1717 -2.425411376514012 0.24791986370907 0
1718 -2.425411376513996 0.297194068209483 0
1719 -2.548794430932075 0.346468272709896 0
1720 -2.672177485350171 0.346468272709896 0
1721 -2.795560539768267 0.346468272709896 0
1722 -2.795560539768364 0.1986456592086571 0
1723 -2.548794430932141 0.1986456592086571 0
1724 -2.548794430932097 0.297194068209483 0
1725 -2.795560539768299 0.297194068209483 0
1726 -2.672177485350253 0.1986456592086571 0
1727 -2.548794430932119 0.24791986370907 0
1728 -2.672177485350198 0.297194068209483 0
1729 -2.795560539768332 0.24791986370907 0
1730 -2.672177485350225 0.24791986370907 0
1731 -2.425411376513957 0.4114859756420131 0
1732 -2.425411376513936 0.4765036785741301 0
1733 -2.425411376513915 0.5415213815062472 0
1734 -2.548794430931961 0.6065390844383642 0
1735 -2.672177485350028 0.6065390844383642 0
1736 -2.795560539768096 0.6065390844383642 0
1737 -2.795560539768224 0.4114859756420131 0
1738 -2.548794430932046 0.4114859756420131 0
1739 -2.54879443093199 0.5415213815062472 0
1740 -2.795560539768138 0.5415213815062472 0
1741 -2.672177485350135 0.4114859756420131 0
1742 -2.548794430932018 0.4765036785741301 0
1743 -2.672177485350064 0.5415213815062472 0
1744 -2.795560539768181 0.4765036785741301 0
1745 -2.6721774853501 0.4765036785741301 0
1746 -2.425411376513865 0.6923304587535293 0
1747 -2.425411376513837 0.7781218330686942 0
1748 -2.425411376513808 0.8639132073838591 0
1749 -2.548794430931809 0.9497045816990242 0
1750 -2.672177485349839 0.9497045816990242 0
1751 -2.795560539767869 0.9497045816990242 0
1752 -2.795560539768039 0.6923304587535292 0
1753 -2.548794430931923 0.6923304587535293 0
1754 -2.548794430931847 0.863913207383859 0
1755 -2.795560539767926 0.8639132073838592 0
1756 -2.672177485349981 0.6923304587535293 0
1757 -2.548794430931886 0.7781218330686943 0
1758 -2.672177485349887 0.8639132073838592 0
1759 -2.795560539767982 0.7781218330686942 0
1760 -2.672177485349934 0.7781218330686942 0
1761 -2.425411376513742 1.062906978742768 0
1762 -2.425411376513704 1.176109375786512 0
1763 -2.425411376513667 1.289311772830256 0
1764 -2.54879443093161 1.402514169874 0
1765 -2.67217748534959 1.402514169874 0
1766 -2.79556053976757 1.402514169874 0
1767 -2.795560539767795 1.062906978742768 0
1768 -2.54879443093176 1.062906978742768 0
1769 -2.54879443093166 1.289311772830256 0
1770 -2.795560539767644 1.289311772830257 0
1771 -2.672177485349777 1.062906978742768 0
1772 -2.548794430931709 1.176109375786512 0
1773 -2.672177485349652 1.289311772830256 0
1774 -2.795560539767719 1.176109375786512 0
1775 -2.672177485349714 1.176109375786512 0
1776 -2.42541137651358 1.5518856274055 0
1777 -2.42541137651353 1.701257084937 0
1778 -2.42541137651348 1.8506285424685 0
1779 -2.795560539767475 1.5518856274055 0
1780 -2.548794430931555 1.5518856274055 0
1781 -2.548794430931445 1.8506285424685 0
1782 -2.795560539767285 1.8506285424685 0
1783 -2.672177485349519 1.5518856274055 0
1784 -2.5487944309315 1.701257084937 0
1785 -2.672177485349378 1.8506285424685 0
1786 -2.79556053976738 1.701257084937 0
1787 -2.672177485349448 1.701257084937 0
1788 -2.106352844128511 0.1493714547082441 0
1789 -2.212705688257023 0.1493714547082441 0
1790 -2.319058532385534 0.1493714547082441 0
1791 -2.319058532385643 0.03734286367706106 0
1792 -2.106352844128581 0.03734286367706115 0
1793 -2.106352844128535 0.1120285910311831 0
1794 -2.31905853238557 0.1120285910311831 0
1795 -2.212705688257064 0.03734286367706111 0
1796 -2.106352844128558 0.07468572735412213 0
1797 -2.212705688257037 0.1120285910311831 0
1798 -2.319058532385607 0.07468572735412207 0
1799 -2.21270568825705 0.0746857273541221 0
1800 -2.106352844128494 0.346468272709896 0
1801 -2.212705688256989 0.346468272709896 0
1802 -2.319058532385484 0.346468272709896 0
1803 -2.319058532385522 0.198645659208657 0
1804 -2.106352844128507 0.198645659208657 0
1805 -2.106352844128499 0.2971940682094829 0
1806 -2.319058532385497 0.297194068209483 0
1807 -2.212705688257014 0.198645659208657 0
1808 -2.106352844128503 0.2479198637090699 0
1809 -2.212705688256998 0.297194068209483 0
1810 -2.31905853238551 0.24791986370907 0
1811 -2.212705688257007 0.2479198637090699 0
1812 -2.106352844128474 0.6065390844383642 0
1813 -2.212705688256947 0.6065390844383642 0
1814 -2.31905853238542 0.6065390844383642 0
1815 -2.319058532385468 0.4114859756420131 0
1816 -2.106352844128489 0.4114859756420131 0
1817 -2.106352844128479 0.5415213815062472 0
1818 -2.319058532385436 0.5415213815062472 0
1819 -2.212705688256979 0.4114859756420131 0
1820 -2.106352844128484 0.4765036785741301 0
1821 -2.212705688256958 0.5415213815062472 0
1822 -2.319058532385452 0.4765036785741301 0
1823 -2.212705688256968 0.4765036785741301 0
1824 -2.106352844128445 0.9497045816990242 0
1825 -2.212705688256889 0.9497045816990242 0
1826 -2.319058532385335 0.9497045816990242 0
1827 -2.319058532385398 0.6923304587535291 0
1828 -2.106352844128466 0.6923304587535293 0
1829 -2.106352844128452 0.863913207383859 0
1830 -2.319058532385356 0.8639132073838592 0
1831 -2.212705688256933 0.6923304587535291 0
1832 -2.106352844128459 0.7781218330686942 0
1833 -2.212705688256904 0.8639132073838592 0
1834 -2.319058532385377 0.7781218330686942 0
1835 -2.212705688256918 0.7781218330686941 0
1836 -2.106352844128407 1.402514169874 0
1837 -2.212705688256815 1.402514169874 0
1838 -2.319058532385222 1.402514169874 0
1839 -2.319058532385307 1.062906978742826 0
1840 -2.106352844128435 1.062906978742942 0
1841 -2.106352844128417 1.289311772830153 0
1842 -2.31905853238525 1.289311772830222 0
1843 -2.212705688256871 1.062906978742884 0
1844 -2.106352844128426 1.176109375786391 0
1845 -2.212705688256833 1.289311772830187 0
1846 -2.319058532385278 1.176109375786472 0
1847 -2.212705688256852 1.176109375786431 0
1848 -2.319058532385184 1.551885627405516 0
1849 -2.106352844128393 1.551885627405549 0
1850 -2.106352844128365 1.850628542468478 0
1851 -2.319058532385106 1.850628542468493 0
1852 -2.212705688256786 1.551885627405533 0
1853 -2.106352844128379 1.701257084937041 0
1854 -2.21270568825673 1.850628542468486 0
1855 -2.319058532385145 1.701257084937014 0
1856 -2.212705688256758 1.701257084937027 0
1857 -1.682998142462951 0.1197274524747767 0
1858 -1.65944048944666 0.2737788626177945 0
1859 -1.629560703350577 0.4723438751279229 0
1860 -1.592247234047689 0.7287638485888123 0
1861 -1.546345345782226 1.06054844534053 0
1862 -1.451468916958125 0.1059747591626349 0
1863 -1.419506408256983 0.2368523571038387 0
1864 -1.377227626665129 0.3990503379649146 0
1865 -1.322745687544504 0.6008393494269577 0
1866 -1.254103381992817 0.8529508625626102 0
1867 -1.281500270225493 0.1010498613091534 0
1868 -1.249129676451937 0.2203265981425698 0
1869 -1.203918779870412 0.36142808927543 0
1870 -1.143435416028691 0.5288244159955063 0
1871 -1.065160055991143 0.7281559818641733 0
1872 -1.156156935172534 0.1007862970501053 0
1873 -1.127238588293832 0.215032742841862 0
1874 -1.083884429184602 0.3442249497446414 0
1875 -1.023275746814905 0.4899794065976104 0
1876 -0.9424957769994701 0.6541071329618261 0
1877 -1.063353122099536 0.1027752239083137 0
1878 -1.03942444608146 0.2155827789518202 0
1879 -1.000051020552207 0.3383230259075738 0
1880 -0.9421380324078918 0.4704666804009001 0
1881 -0.8624859190226405 0.6109408812040578 0
1882 -1.696692349317766 0.02993186311869418 0
1883 -1.692127613699494 0.05986372623738836 0
1884 -1.687562878081223 0.08979558935608253 0
1885 -1.762248606847213 0.1271384530331435 0
1886 -1.841499071231475 0.1345494535915104 0
1887 -1.920749535615737 0.1419604541498772 0
1888 -1.924173087329427 0.03549011353746943 0
1889 -1.77251926198831 0.03178461325828592 0
1890 -1.765672158560912 0.09535383977485767 0
1891 -1.921890719520301 0.106470340612408 0
1892 -1.84834617465877 0.03363736339787767 0
1893 -1.769095710274611 0.06356922651657179 0
1894 -1.843781439040574 0.1009120901936328 0
1895 -1.923031903424864 0.07098022707493869 0
1896 -1.846063806849672 0.06727472679575523 0
1897 -1.677108729208878 0.1582403050105312 0
1898 -1.671219315954805 0.1967531575462856 0
1899 -1.665329902700732 0.2352660100820401 0
1900 -1.744580367084995 0.2919512151408199 0
1901 -1.82972024472333 0.3101235676638452 0
1902 -1.914860122361665 0.3282959201868705 0
1903 -1.919277182302219 0.1885443206591255 0
1904 -1.757831546906659 0.1683416435600626 0
1905 -1.748997427025549 0.2507480246139008 0
1906 -1.916332475675183 0.2817120536776221 0
1907 -1.838554364604439 0.1784429821095941 0
1908 -1.753414486966104 0.2095448340869817 0
1909 -1.832664951350366 0.2662300391457614 0
1910 -1.917804828988701 0.2351281871683737 0
1911 -1.835609657977402 0.2223365106276777 0
1912 -1.651970542922639 0.3234201157453266 0
1913 -1.644500596398619 0.3730613688728587 0
1914 -1.637030649874598 0.4227026220003908 0
1915 -1.722170527512933 0.5058926774555331 0
1916 -1.814780351675289 0.5394414797831434 0
1917 -1.907390175837644 0.5729902821107538 0
1918 -1.912992635730659 0.3894695106678414 0
1919 -1.73897790719198 0.3454365807194982 0
1920 -1.727772987405948 0.4524073118768548 0
1921 -1.909257662468649 0.5118166916297829 0
1922 -1.82598527146132 0.3674530456936698 0
1923 -1.733375447298964 0.3989219462981766 0
1924 -1.818515324937299 0.4821120017533188 0
1925 -1.911125149099654 0.4506431011488122 0
1926 -1.822250298199309 0.4247825237234943 0
1927 -1.620232336024855 0.5364488684931452 0
1928 -1.610903968699133 0.6005538618583676 0
1929 -1.601575601373411 0.6646588552235899 0
1930 -1.694185425535767 0.7839990318663652 0
1931 -1.796123617023844 0.8392342151439182 0
1932 -1.898061808511922 0.894469398421471 0
1933 -1.905058084006213 0.6533600611884329 0
1934 -1.715174252018641 0.5754192660582411 0
1935 -1.701181701030058 0.7144724432636572 0
1936 -1.900393900343352 0.8140996193437916 0
1937 -1.810116168012427 0.6143896636233369 0
1938 -1.70817797652435 0.6449458546609492 0
1939 -1.800787800686705 0.7642860313037245 0
1940 -1.902725992174783 0.7337298402661122 0
1941 -1.805451984349566 0.6893378474635307 0
1942 -1.580771761981323 0.8117099977767418 0
1943 -1.569296289914957 0.8946561469646712 0
1944 -1.557820817848592 0.9776022961526006 0
1945 -1.659759009336669 1.146039876473897 0
1946 -1.773172672891113 1.231531307607265 0
1947 -1.886586336445556 1.317022738740632 0
1948 -1.89519294049533 1.000107733501435 0
1949 -1.685578821485992 0.8745092430183067 0
1950 -1.668365613386444 1.05552966532198 0
1951 -1.889455204462148 1.211384403660739 0
1952 -1.790385880990661 0.9373084882598709 0
1953 -1.676972217436218 0.9650194541700908 0
1954 -1.778910408924296 1.13345703449136 0
1955 -1.892324072478739 1.10574606858093 0
1956 -1.784648144957478 1.03538276137551 0
1957 -1.532442708039732 1.16809503270846 0
1958 -1.518540070297237 1.275641620076389 0
1959 -1.504637432554743 1.383188207444319 0
1960 -1.883110677009979 1.455937978731335 0
1961 -1.649332031029804 1.264042681382741 0
1962 -1.628478074416073 1.500048291200373 0
1963 -1.876159358138825 1.733768458712573 0
1964 -1.766221354019826 1.359990330056972 0
1965 -1.638905052722939 1.382045486291566 0
1966 -1.752318716277252 1.616908374956276 0
1967 -1.879635017574402 1.594853218721981 0
1968 -1.759270035148539 1.488449352506642 0
1969 -1.469006447375071 0.02649368979065874 0
1970 -1.463160603902756 0.05298737958131747 0
1971 -1.45731476043044 0.0794810693719762 0
1972 -1.509351223334331 0.1094129324906704 0
1973 -1.567233529710538 0.1128511058187058 0
1974 -1.625115836086744 0.1162892791467413 0
1975 -1.639770873832008 0.02907231978668532 0
1976 -1.525927922860723 0.0273532331226676 0
1977 -1.514876789843129 0.08205969936800278 0
1978 -1.630000848668499 0.08721695936005594 0
1979 -1.582849398346412 0.02821277645467646 0
1980 -1.520402356351926 0.0547064662453352 0
1981 -1.572438819255829 0.08463832936402939 0
1982 -1.634885861250254 0.05814463957337064 0
1983 -1.57764410880112 0.05642555290935292 0
1984 -1.443478289782839 0.1386941586479359 0
1985 -1.435487662607554 0.1714135581332368 0
1986 -1.427497035432268 0.2041329576185378 0
1987 -1.479489928554402 0.2460839834823277 0
1988 -1.539473448851821 0.2553156098608166 0
1989 -1.599456969149241 0.2645472362393056 0
1990 -1.618701119352368 0.1533537684198824 0
1991 -1.501885899639349 0.1435806952385847 0
1992 -1.486955252249385 0.2119162207344133 0
1993 -1.605871685883617 0.2274827469661645 0
1994 -1.560293509495859 0.1484672318292335 0
1995 -1.494420575944367 0.177748457986499 0
1996 -1.546413469066501 0.219699483850289 0
1997 -1.612286402617993 0.1904182576930234 0
1998 -1.55335348928118 0.1840833578397612 0
1999 -1.40893671285902 0.2774018523191076 0
2000 -1.398367017461056 0.3179513475343766 0
2001 -1.387797322063093 0.3585008427496456 0
2002 -1.440310895836491 0.4173737222556667 0
2003 -1.503394165007853 0.4356971065464187 0
2004 -1.566477434179215 0.4540204908371708 0
2005 -1.591212085406734 0.311915549888772 0
2006 -1.469695170374924 0.2889064181756624 0
2007 -1.450105654015969 0.3745512875623319 0
2008 -1.574722317921722 0.4066521771877046 0
2009 -1.530453627890829 0.3004109840322172 0
2010 -1.459900412195447 0.3317288528689972 0
2011 -1.512413985968845 0.3906017323750182 0
2012 -1.582967201664228 0.3592838635382382 0
2013 -1.521433806929837 0.3455063582036177 0
2014 -1.363607141884973 0.4494975908304253 0
2015 -1.349986657104816 0.4999448436959362 0
2016 -1.33636617232466 0.5503920965614469 0
2017 -1.3901210741703 0.6328204742174214 0
2018 -1.457496460796096 0.6648015990078849 0
2019 -1.524871847421893 0.6967827237983486 0
2020 -1.556076037489885 0.5147110490774652 0
2021 -1.427763440419943 0.4712354102461053 0
2022 -1.402668529586848 0.5789587862269827 0
2023 -1.535273244111223 0.6360921655580541 0
2024 -1.491919738954914 0.4929732296617853 0
2025 -1.415215985003396 0.5250970982365439 0
2026 -1.468970886849035 0.6075254758925183 0
2027 -1.545674640800554 0.5754016073177597 0
2028 -1.480445312901975 0.5502493527771518 0
2029 -1.305585111156582 0.6638672277108708 0
2030 -1.28842453476866 0.726895105994784 0
2031 -1.271263958380739 0.7899229842786971 0
2032 -1.327163872940169 0.9048502582570902 0
2033 -1.400224363887522 0.9567496539515702 0
2034 -1.473284854834874 1.00864904964605 0
2035 -1.511975099275138 0.7747493052602742 0
2036 -1.374381773862767 0.7008279202273386 0
2037 -1.342903173247702 0.8368428122471731 0
2038 -1.486181602981628 0.9306824681841248 0
2039 -1.443178436568953 0.7377886127438061 0
2040 -1.358642473555235 0.7688353662372558 0
2041 -1.414542388114665 0.8837626402156489 0
2042 -1.499078351128383 0.8527158867221994 0
2043 -1.428860412341809 0.8107756264797276 0
2044 -1.23293008012811 0.9320656905554547 0
2045 -1.211756778263403 1.011180518548299 0
2046 -1.190583476398696 1.090295346541144 0
2047 -1.457564551061782 1.109087697170165 0
2048 -1.307808237105974 0.9910730260936643 0
2049 -1.269096965437582 1.163518561766813 0
2050 -1.426123943515599 1.309964992218393 0
2051 -1.382686394083844 1.05008036163188 0
2052 -1.288452601271778 1.077295793930238 0
2053 -1.347610454476488 1.2367417769925 0
2054 -1.441844247288691 1.209526344694279 0
2055 -1.365148424280166 1.14341106931219 0
2056 -1.297827224219854 0.02526246532728834 0
2057 -1.292384906221734 0.05052493065457669 0
2058 -1.286942588223613 0.07578739598186503 0
2059 -1.323992431908651 0.1022810857725238 0
2060 -1.366484593591809 0.1035123102358942 0
2061 -1.408976755274967 0.1047435346992645 0
2062 -1.426211641586397 0.02618588367481614 0
2063 -1.340622030008634 0.02557027144313094 0
2064 -1.329535631275312 0.07671081432939282 0
2065 -1.414721717378777 0.07855765102444841 0
2066 -1.383416835797555 0.02587807755897354 0
2067 -1.335078830641973 0.05114054288626189 0
2068 -1.372128674327058 0.07763423267692061 0
2069 -1.420466679482587 0.05237176734963227 0
2070 -1.377772755062306 0.05175615511794708 0
2071 -1.273407621782104 0.1308690455175075 0
2072 -1.265314973338715 0.1606882297258616 0
2073 -1.257222324895326 0.1905074139342157 0
2074 -1.291723859403198 0.224458037882887 0
2075 -1.33431804235446 0.2285894776232043 0
2076 -1.376912225305721 0.2327209173635215 0
2077 -1.400960622782655 0.1367378803653288 0
2078 -1.315925288782288 0.1328253238001146 0
2079 -1.299791002529562 0.1939137998552962 0
2080 -1.384928357798033 0.2007265716974572 0
2081 -1.358442955782472 0.1347816020827217 0
2082 -1.307858145655925 0.1633695618277054 0
2083 -1.342359680163797 0.1973201857763767 0
2084 -1.392944490290344 0.168732226031393 0
2085 -1.350401317973134 0.1660508939295492 0
2086 -1.237826952306555 0.2556019709257848 0
2087 -1.226524228161174 0.2908773437089999 0
2088 -1.215221504015793 0.3261527164922149 0
2089 -1.247245991569091 0.3708336514478011 0
2090 -1.290573203267771 0.3802392136201723 0
2091 -1.33390041496645 0.3896447757925434 0
2092 -1.366159272720904 0.2719518819707769 0
2093 -1.280604392444672 0.2610519412741155 0
2094 -1.258365458527618 0.3342397480565726 0
2095 -1.344653367551268 0.350413811185288 0
2096 -1.323381832582788 0.2665019116224462 0
2097 -1.269484925486145 0.2976458446653441 0
2098 -1.301509413039443 0.3423267796209303 0
2099 -1.355406320136086 0.3111828465780325 0
2100 -1.312445622811115 0.3044143456216883 0
2101 -1.188797938909982 0.4032771709554491 0
2102 -1.173677097949551 0.4451262526354682 0
2103 -1.158556256989121 0.4869753343154873 0
2104 -1.188262983907644 0.5468281493533692 0
2105 -1.233090551786597 0.5648318827112321 0
2106 -1.27791811966555 0.5828356160690948 0
2107 -1.319904841141225 0.4379424858616812 0
2108 -1.232500239653729 0.4148322759241932 0
2109 -1.203008735823006 0.5028295248769771 0
2110 -1.291913693490775 0.534537905999957 0
2111 -1.276202540397477 0.4263873808929372 0
2112 -1.217754487738368 0.4588309004005852 0
2113 -1.247461214656891 0.5186837154384671 0
2114 -1.305909267316 0.4862401959308191 0
2115 -1.261831877527184 0.4725355481657023 0
2116 -1.123866576019304 0.5786573074626731 0
2117 -1.104297736009917 0.6284901989298398 0
2118 -1.08472889600053 0.6783230903970066 0
2119 -1.112395887491562 0.7593547020387825 0
2120 -1.15963171899198 0.7905534222133918 0
2121 -1.206867550492399 0.821752142388001 0
2122 -1.260155477372263 0.6425647476488214 0
2123 -1.169296209803623 0.5999597875247226 0
2124 -1.131362661595582 0.7062230638674293 0
2125 -1.224630192785687 0.7620230108082744 0
2126 -1.214725843587943 0.6212622675867719 0
2127 -1.150329435699603 0.6530914256960758 0
2128 -1.177996427190634 0.7341230373378517 0
2129 -1.242392835078975 0.7022938792285479 0
2130 -1.196361135389289 0.6776926524623119 0
2131 -1.040537053252013 0.7877839976567856 0
2132 -1.015914050512883 0.847412013449398 0
2133 -0.9912910477737529 0.9070400292420104 0
2134 -1.184831823409051 0.8959952673307529 0
2135 -1.088635309971029 0.8238544208814446 0
2136 -1.041114154929963 0.9528538585667689 0
2137 -1.140760369242356 1.044481517216256 0
2138 -1.136733566690027 0.8599248441060855 0
2139 -1.064874732450496 0.8883541397241066 0
2140 -1.09093726208612 0.998667687891473 0
2141 -1.162796096325704 0.9702383922735048 0
2142 -1.113835414388073 0.9292962659987791 0
2143 -1.168964836058886 0.02519657426252634 0
2144 -1.164695535763436 0.05039314852505267 0
2145 -1.160426235467985 0.07558972278757901 0
2146 -1.187492768935773 0.1008521881148674 0
2147 -1.218828602699013 0.1009180791796294 0
2148 -1.250164436462254 0.1009839702443914 0
2149 -1.265611627179732 0.02524599256109784 0
2150 -1.201180433099305 0.02521304702871684 0
2151 -1.192055323656951 0.07563914108615051 0
2152 -1.255313500034746 0.0757379776832935 0
2153 -1.233396030139368 0.02522951979490734 0
2154 -1.196617878378128 0.05042609405743368 0
2155 -1.223684411845798 0.07568855938472202 0
2156 -1.260462563607239 0.05049198512219568 0
2157 -1.228540220992583 0.05045903958981468 0
2158 -1.148927348452858 0.1293479084980445 0
2159 -1.141697761733183 0.1579095199459837 0
2160 -1.134468175013508 0.1864711313939228 0
2161 -1.157711360333358 0.2163562066670389 0
2162 -1.188184132372885 0.2176796704922159 0
2163 -1.218656904412411 0.2190031343173929 0
2164 -1.242287553449793 0.1304887612626417 0
2165 -1.18004741678517 0.1297281927529103 0
2166 -1.165156712483962 0.187480202028996 0
2167 -1.226533787424871 0.1894983432991425 0
2168 -1.211167485117481 0.130108477007776 0
2169 -1.172602064634566 0.1586041973909531 0
2170 -1.195845249954417 0.1884892726640693 0
2171 -1.234410670437332 0.1599935522808921 0
2172 -1.203506367535949 0.1592988748359226 0
2173 -1.116400048516525 0.2473307945675569 0
2174 -1.105561508739217 0.2796288462932517 0
2175 -1.09472296896191 0.3119268980189465 0
2176 -1.113893016856055 0.3485257346273385 0
2177 -1.143901604527507 0.3528265195100357 0
2178 -1.17391019219896 0.3571273043927328 0
2179 -1.207470226359048 0.2535341768362278 0
2180 -1.146756774464032 0.2493985886571138 0
2181 -1.124847602725381 0.3154833526372636 0
2182 -1.185096870252323 0.3225962618738978 0
2183 -1.17711350041154 0.2514663827466708 0
2184 -1.135802188594706 0.2824409706471888 0
2185 -1.154972236488852 0.3190398072555807 0
2186 -1.196283548305685 0.2880652193550628 0
2187 -1.166042868450196 0.2852530950011258 0
2188 -1.068732258592178 0.3806635639578836 0
2189 -1.053580087999754 0.4171021781711259 0
2190 -1.038427917407329 0.4535407923843681 0
2191 -1.053315664118351 0.4996906589470844 0
2192 -1.083355581421798 0.5094019112965583 0
2193 -1.113395498725244 0.5191131636460323 0
2194 -1.158781518830531 0.3976237692060577 0
2195 -1.098748678671629 0.386316965707275 0
2196 -1.068460002302777 0.4618994278671479 0
2197 -1.128524172093673 0.4786166988327074 0
2198 -1.12876509875108 0.3919703674566663 0
2199 -1.083604340487203 0.4241081967872114 0
2200 -1.098492087198225 0.4702580633499278 0
2201 -1.143652845462102 0.4381202340193826 0
2202 -1.113628592974653 0.431114215403297 0
2203 -1.003080754361046 0.5310113381886642 0
2204 -0.9828857619071875 0.5720432697797182 0
2205 -0.9626907694533288 0.6130752013707722 0
2206 -0.9731618467473884 0.6726193451874128 0
2207 -1.003827916495307 0.6911315574129997 0
2208 -1.034493986243225 0.7096437696385866 0
2209 -1.093670120604739 0.5667458151441708 0
2210 -1.03327720977561 0.5429228305071664 0
2211 -0.9932003010901291 0.6293871736273308 0
2212 -1.05421936436373 0.6620111181404482 0
2213 -1.063473665190175 0.5548343228256686 0
2214 -1.01323875543287 0.5861550020672486 0
2215 -1.023709832726929 0.6456991458838895 0
2216 -1.073944742484235 0.6143784666423094 0
2217 -1.043591748958552 0.600266734354779 0
2218 -0.9165584345172308 0.7002669514889979 0
2219 -0.8906210920349916 0.7464267700161696 0
2220 -0.8646837495527523 0.7925865885433413 0
2221 -1.00954239856832 0.7659047361148414 0
2222 -0.9475530892009304 0.7221462130309488 0
2223 -0.8963355741080142 0.8211999487180205 0
2224 -0.9596392232185106 0.8784266690673509 0
2225 -0.9785477438846222 0.7440254745728919 0
2226 -0.9219443316544725 0.7716730808744848 0
2227 -0.9279873986632526 0.8498133088926761 0
2228 -0.9845908108934155 0.822165702591096 0
2229 -0.9532675712739375 0.7969193917327839 0
2230 -1.071852576040302 0.02569380597707843 0
2231 -1.069019424726714 0.05138761195415685 0
2232 -1.066186273413125 0.07708141793123527 0
2233 -1.086554075367786 0.1022779921937616 0
2234 -1.109755028636035 0.1017807604792095 0
2235 -1.132955981904284 0.1012835287646574 0
2236 -1.14468677105427 0.02532088219116436 0
2237 -1.096130641044938 0.0255694980484404 0
2238 -1.089746263926836 0.0767084941453212 0
2239 -1.13686624495428 0.07596264657349308 0
2240 -1.120408706049662 0.02544519011980238 0
2241 -1.092938452485887 0.05113899609688081 0
2242 -1.113306254440577 0.07633557035940712 0
2243 -1.140776508004276 0.05064176438232872 0
2244 -1.11685748024512 0.05089038023960476 0
2245 -1.057370953095017 0.1309771126691903 0
2246 -1.051388784090498 0.1591790014300669 0
2247 -1.045406615085979 0.1873808901909436 0
2248 -1.061377981634553 0.2154452699243306 0
2249 -1.083331517187646 0.2153077608968411 0
2250 -1.105285052740739 0.2151702518693515 0
2251 -1.126038249613398 0.1297552095408309 0
2252 -1.080260051934477 0.1305698116264039 0
2253 -1.067672005067861 0.1871534504916884 0
2254 -1.112202785031626 0.186698571093178 0
2255 -1.103149150773938 0.1301625105836174 0
2256 -1.073966028501169 0.1588616310590461 0
2257 -1.089937395049743 0.1869260107924332 0
2258 -1.119120517322512 0.1582268903170045 0
2259 -1.096543272911841 0.1585442606880253 0
2260 -1.029581089699146 0.2462678406907586 0
2261 -1.019737733316833 0.276952902429697 0
2262 -1.00989437693452 0.3076379641686354 0
2263 -1.021009372710306 0.3397985068668407 0
2264 -1.041967724868404 0.3412739878261076 0
2265 -1.062926077026503 0.3427494687853745 0
2266 -1.09469530881218 0.2470650560983573 0
2267 -1.051285829403491 0.2465335791599582 0
2268 -1.031101524941368 0.3087101976312132 0
2269 -1.073515820955063 0.3108546645563687 0
2270 -1.072990569107836 0.2467993176291577 0
2271 -1.041193677172429 0.2776218883955856 0
2272 -1.052308672948215 0.3097824310937909 0
2273 -1.084105564883621 0.278959860327363 0
2274 -1.062649621028025 0.2782908743614744 0
2275 -0.985572773516128 0.3713589395309054 0
2276 -0.9710945264800493 0.404394853154237 0
2277 -0.9566162794439705 0.4374307667775685 0
2278 -0.9624224610096451 0.4753448619500777 0
2279 -0.9827068896113983 0.4802230434992552 0
2280 -1.002991318213152 0.4851012250484328 0
2281 -1.047942387323166 0.3783374078511391 0
2282 -1.006362644785141 0.37368509563765 0
2283 -0.9770691889348103 0.4414582731792684 0
2284 -1.01797500791649 0.4495132859826682 0
2285 -1.027152516054153 0.3760112517443945 0
2286 -0.9917159168599754 0.4075716844084593 0
2287 -0.99752209842565 0.4454857795809683 0
2288 -1.032958697619828 0.4139253469169036 0
2289 -1.012337307239901 0.4107485156626814 0
2290 -0.922225004061579 0.5055852306016895 0
2291 -0.9023119757152661 0.5407037808024789 0
2292 -0.8823989473689533 0.5758223310032683 0
2293 -0.8824883835168479 0.6217324441434998 0
2294 -0.9024908480110553 0.632524007082942 0
2295 -0.9224933125052627 0.643315570022384 0
2296 -0.9828668167861795 0.5246548112919205 0
2297 -0.9424389416364458 0.5119417574984332 0
2298 -0.9024719028900472 0.5851355485951443 0
2299 -0.9426178139322349 0.6037619837788962 0
2300 -0.9626528792113126 0.5182982843951768 0
2301 -0.9224554222632465 0.5485386530467887 0
2302 -0.922544858411141 0.5944487661870202 0
2303 -0.9627423153592071 0.5642083975354084 0
2304 -0.9425988688112268 0.5563735252910986 0
2305 -0.8363727659256265 0.6477139875616894 0
2306 -0.8102596128286125 0.6844870939193211 0
2307 -0.7841464597315984 0.7212602002769527 0
2308 -0.8965120173693301 0.6871287105071709 0
2309 -0.856419183073525 0.6608522285435141 0
2310 -0.8042807821868795 0.7390917973435424 0
2311 -0.8445494270974643 0.7747549914767448 0
2312 -0.8764656002214261 0.673990469525341 0
2313 -0.8303499826302024 0.6999720129435284 0
2314 -0.8244151046421674 0.756923394410139 0
2315 -0.8705307222333972 0.7309418509919577 0
2316 -0.8504403524317967 0.7154569319677401 0
2317 -1.011639737429863 0.1049414360893481 0
2318 -1.028877532319754 0.1042193653623367 0
2319 -1.046115327209645 0.1034972946353252 0
2320 -1.053801885760442 0.02588590212030438 0
2321 -1.017700505200685 0.02627009440675628 0
2322 -1.014183922605458 0.07875469298287503 0
2323 -1.04885215647724 0.07763917628178185 0
2324 -1.035751195480574 0.02607799826353033 0
2325 -1.016204484888512 0.05252628881877461 0
2326 -1.031518039541352 0.07819693463232845 0
2327 -1.051414444780655 0.05176717090902944 0
2328 -1.033809464834591 0.05214672986390203 0
2329 -0.9916702742278074 0.2180542499850228 0
2330 -1.007588331512358 0.2172304263072886 0
2331 -1.023506388796909 0.2164066026295544 0
2332 -1.04076826255673 0.1317718975184458 0
2333 -1.007562881480156 0.1333614672169565 0
2334 -0.9975752684207598 0.1899353662780784 0
2335 -1.029462832864239 0.1882323822199885 0
2336 -1.024165572018443 0.1325666823677011 0
2337 -1.002873848336317 0.1616986217701555 0
2338 -1.013519050642499 0.1890838742490334 0
2339 -1.035217138839104 0.1600188748767632 0
2340 -1.019045493587711 0.1608587483234593 0
2341 -0.9557773416580808 0.3383451125519971 0
2342 -0.9705352346227895 0.3383377503371893 0
2343 -0.9852931275874981 0.3383303881223816 0
2344 -1.014302835386824 0.246985305058469 0
2345 -0.9837463267621783 0.2484202337938897 0
2346 -0.9657935488438563 0.3085873759489071 0
2347 -0.9951941009042987 0.3079544347620593 0
2348 -0.9990245810745012 0.2477027694261794 0
2349 -0.9751187603948975 0.278605212138109 0
2350 -0.9804938248740774 0.3082709053554831 0
2351 -1.004864742342855 0.277503672332501 0
2352 -0.9899917513688761 0.278054442235305 0
2353 -0.9007171635062922 0.4640730669949258 0
2354 -0.9145241198068254 0.466204271463584 0
2355 -0.9283310761073587 0.4683354759322421 0
2356 -0.9714457499287968 0.3709985340699088 0
2357 -0.9431917027541344 0.3702777231479153 0
2358 -0.915650048803027 0.4331681153611701 0
2359 -0.9429608692303229 0.4360098829721024 0
2360 -0.9573187263414656 0.3706381286089121 0
2361 -0.9298122321253165 0.4018942608216181 0
2362 -0.9293054590166748 0.4345889991666362 0
2363 -0.9573337616951384 0.4035613223766973 0
2364 -0.9435729969102274 0.4027277915991577 0
2365 -0.8231380723239003 0.5925347084251759 0
2366 -0.8362540212234805 0.5986700993514699 0
2367 -0.8493699701230605 0.6048054902777638 0
2368 -0.9090212761116498 0.5027117172731097 0
2369 -0.8826138202117912 0.4969646906159504 0
2370 -0.8438049459864673 0.5612267982635787 0
2371 -0.869534280241458 0.5709571534233718 0
2372 -0.8958175481617204 0.4998382039445302 0
2373 -0.8636368290722177 0.5293598146009867 0
2374 -0.8566696131139626 0.5660919758434753 0
2375 -0.8894202601675835 0.5369224587353149 0
2376 -0.8765285446199006 0.5331411366681508 0
2377 -0.8238073797145673 0.6403067570251958 0
2378 -0.7986766072924446 0.6254922959522046 0
2379 -0.7469963473700543 0.6891798388223904 0
2380 -0.7717630889444211 0.7105667464587694 0
2381 -0.8112419935035041 0.6328995264886984 0
2382 -0.7732861251596218 0.6577194376882484 0
2383 -0.7593797181572324 0.6998732926405746 0
2384 -0.7979351169389518 0.6755645418422995 0
2385 -0.7856106210492831 0.6666419897652703 0
2386 -0.6497433967305073 0.8454441700584279 0
2387 -0.7150820504159348 0.9254410541916603 0
2388 -0.8191469736801902 1.048847628544329 0
2389 -0.9847518933211989 1.239974010043841 0
2390 -1.248106208634477 1.537004096103379 0
2391 -0.5318153422712145 0.9202943588956749 0
2392 -0.5828060370059119 1.000912771678277 0
2393 -0.6643687043470975 1.121569447472186 0
2394 -0.7946236332186823 1.303409230245923 0
2395 -1.002365893290309 1.579218112974957 0
2396 -0.4059710959551106 0.981433301152885 0
2397 -0.4434569270371015 1.06413352648699 0
2398 -0.5036298093745717 1.183967159889355 0
2399 -0.6000026616706102 1.359062845918266 0
2400 -0.7540697908900382 1.617005376789141 0
2401 -0.274068059122513 1.027945027926411 0
2402 -0.2986943036790516 1.114284902784934 0
2403 -0.3383288493034945 1.235351072025246 0
2404 -0.401943117812281 1.406415013092412 0
2405 -0.5038175738340042 1.650070161767954 0
2406 -0.1380672999283225 1.059163846427179 0
2407 -0.1502703761891647 1.150772105850551 0
2408 -0.1699424424102621 1.275219939706765 0
2409 -0.2015579754169005 1.445087928264984 0
2410 -0.252242384065738 1.678197545315874 0
2411 -0.6190069207424961 0.8063760478839447 0
2412 -0.6292524127384997 0.8193987552754392 0
2413 -0.6394979047345035 0.8324214626669335 0
2414 -0.6768158742065267 0.823591454202467 0
2415 -0.7038883516825459 0.8017387383465062 0
2416 -0.7309608291585652 0.7798860224905454 0
2417 -0.6954344337289431 0.74236956021894 0
2418 -0.6449989315076738 0.7856557037094738 0
2419 -0.6662102266402439 0.8109462040381373 0
2420 -0.7191186973486954 0.7673805350666811 0
2421 -0.6704814491068614 0.7643145403176147 0
2422 -0.6556045790739571 0.7983009538738037 0
2423 -0.6927527174906538 0.789264005670212 0
2424 -0.7072765655388138 0.7548750476428052 0
2425 -0.681617083298754 0.7767892729939098 0
2426 -0.6660780601518641 0.865443391091736 0
2427 -0.682412723573221 0.885442612125044 0
2428 -0.6987473869945779 0.9054418331583522 0
2429 -0.7459981395795794 0.9037673924113736 0
2430 -0.776914228743224 0.8820937306310868 0
2431 -0.8078303179068687 0.8604200688508 0
2432 -0.7501782013456335 0.8000195340806016 0
2433 -0.6941114405497875 0.843635438754691 0
2434 -0.7287025732363164 0.8837234078591469 0
2435 -0.7886129457197932 0.8402865572607369 0
2436 -0.7221448209477104 0.8218274864176465 0
2437 -0.7114070068930505 0.8636794233069176 0
2438 -0.7586577594780547 0.862004982559942 0
2439 -0.769395573532709 0.8201530456706647 0
2440 -0.7404012902128796 0.8419162344887912 0
2441 -0.7410982812319986 0.9562926977798275 0
2442 -0.7671145120480625 0.9871443413679946 0
2443 -0.7931307428641263 1.017995984956162 0
2444 -0.8560272415187984 1.028302732666902 0
2445 -0.8929075093574066 1.007757836789476 0
2446 -0.9297877771960148 0.9872129409120495 0
2447 -0.8383196827291671 0.8921182868661244 0
2448 -0.7735054150643881 0.9349012274752595 0
2449 -0.8285199660339964 0.9971688976030225 0
2450 -0.899298412373736 0.9555147228967449 0
2451 -0.8059125488967775 0.913509757170692 0
2452 -0.8010126905491888 0.9660350625391378 0
2453 -0.8639091892038663 0.9763418102498839 0
2454 -0.8688090475514421 0.9238165048814251 0
2455 -0.8349108690503154 0.9449257837102815 0
2456 -0.8605482035904424 1.096629223919207 0
2457 -0.9019494335006946 1.144410819294085 0
2458 -0.9433506634109468 1.192192414668963 0
2459 -1.030916463624396 1.222333051166378 0
2460 -1.077081033927594 1.204692092288915 0
2461 -1.123245604230791 1.187051133411452 0
2462 -0.9781522339546838 1.037172489036875 0
2463 -0.8997495470451897 1.076810312291763 0
2464 -0.9871941580979623 1.173825471541475 0
2465 -1.074881147471993 1.137091585286497 0
2466 -0.9389508904999369 1.056991400664319 0
2467 -0.9434718525715629 1.125317891916606 0
2468 -1.031037652784978 1.155458528413986 0
2469 -1.026516690713299 1.087132037161647 0
2470 -0.9849942716424308 1.106224964539126 0
2471 -1.050590472149519 1.314231531558725 0
2472 -1.116429050977838 1.38848905307361 0
2473 -1.182267629806158 1.462746574588494 0
2474 -1.30876335517892 1.525436770780596 0
2475 -1.369420501723363 1.513869445457814 0
2476 -1.430077648267806 1.502302120135032 0
2477 -1.19995361523992 1.265863880092222 0
2478 -1.100378186512986 1.298108981069891 0
2479 -1.239301632290245 1.449660840876998 0
2480 -1.353369637258421 1.423489373454005 0
2481 -1.150165900876453 1.281986430581056 0
2482 -1.169839909401581 1.37388491097341 0
2483 -1.296335634774333 1.436575107165501 0
2484 -1.276661626249068 1.344676626773011 0
2485 -1.223250767825324 1.35928076887321 0
2486 -1.352746323142305 1.652753072077534 0
2487 -1.457386437650132 1.76850204805169 0
2488 -1.56202655215796 1.884251024025845 0
2489 -1.551724902867482 1.62672659010129 0
2490 -1.419072516384031 1.644077578085453 0
2491 -1.639690838794282 1.881359192695196 0
2492 -1.795019412066926 1.875575530033898 0
2493 -1.485398709625757 1.635402084093371 0
2494 -1.52938167758909 1.762718385390259 0
2495 -1.717355125430604 1.878467361364547 0
2496 -1.673372157467007 1.751151060067397 0
2497 -1.601376917528049 1.756934722728828 0
2498 -0.5079538351587227 0.8795926427984309 0
2499 -0.5159076708628867 0.8931598814975122 0
2500 -0.5238615065670505 0.9067271201965936 0
2501 -0.5612973558860377 0.9015818116863632 0
2502 -0.590779369500861 0.8828692644770514 0
2503 -0.6202613831156841 0.8641567172677396 0
2504 -0.5919236181769133 0.8256741929418431 0
2505 -0.5363752265789932 0.8622970893030059 0
2506 -0.5529899794503561 0.8884869042252441 0
2507 -0.6108154614694272 0.8513292091591075 0
2508 -0.5643725168243576 0.8443195255570219 0
2509 -0.5446826030146747 0.8753919967641253 0
2510 -0.5819770852753599 0.8700193515037085 0
2511 -0.6013695398231702 0.8385017010504753 0
2512 -0.5731748010498587 0.8571694385303652 0
2513 -0.5445630159548889 0.9404489620913254 0
2514 -0.5573106896385632 0.9606035652869759 0
2515 -0.5700583633222376 0.9807581684826263 0
2516 -0.6158750403584177 0.9820448423066227 0
2517 -0.6489440437109233 0.9631769129349685 0
2518 -0.682013047063429 0.9443089835633145 0
2519 -0.6356992991026202 0.8841947838416333 0
2520 -0.5749417770041326 0.9216975693414281 0
2521 -0.6022306192403227 0.9619290846515578 0
2522 -0.6665751310764928 0.9242709169894208 0
2523 -0.6053205380533764 0.9029461765915309 0
2524 -0.5885861981222277 0.941813326996493 0
2525 -0.6344028751584077 0.9431000008204893 0
2526 -0.6511372150895566 0.9042328504155269 0
2527 -0.6198617066058921 0.9230230887060099 0
2528 -0.6031967038412083 1.031076940626754 0
2529 -0.6235873706765047 1.061241109575231 0
2530 -0.6439780375118012 1.091405278523708 0
2531 -0.7030632716803706 1.103388992740222 0
2532 -0.7417578390136439 1.085208538008257 0
2533 -0.780452406346917 1.067028083276293 0
2534 -0.706622886884301 0.9749887584915589 0
2535 -0.6376720981889059 1.012380879915022 0
2536 -0.6812662138498824 1.073052955131822 0
2537 -0.7558425665260451 1.036348308348048 0
2538 -0.6721474925366033 0.9936848192032908 0
2539 -0.6594691560193942 1.042716917523422 0
2540 -0.7185543901879637 1.054700631739935 0
2541 -0.731232726705173 1.005668533419804 0
2542 -0.6953509413622836 1.024192725471613 0
2543 -0.6969324365649937 1.16702939316562 0
2544 -0.7294961687828899 1.212489338859054 0
2545 -0.7620599010007861 1.257949284552489 0
2546 -0.8421556982443115 1.287550425195402 0
2547 -0.8896877632699407 1.271691620144882 0
2548 -0.9372198282955698 1.255832815094362 0
2549 -0.8196442618340802 1.11422926623081 0
2550 -0.7378363783213556 1.149429350854017 0
2551 -0.8073825916033263 1.241510067081607 0
2552 -0.8980279728084066 1.208631632139844 0
2553 -0.778740320077718 1.131829308542413 0
2554 -0.7726094849623411 1.195469708967812 0
2555 -0.8527052822058665 1.225070849610726 0
2556 -0.8588361173212433 1.161430449185327 0
2557 -0.8157228011417923 1.17845007907657 0
2558 -0.846559198236589 1.372361450928181 0
2559 -0.8984947632544957 1.44131367161044 0
2560 -0.9504303282724024 1.510265892292698 0
2561 -1.063800972126351 1.568664608757062 0
2562 -1.125236050962393 1.558111104539168 0
2563 -1.186671129798435 1.547557600321273 0
2564 -0.9995826536712862 1.328764011401089 0
2565 -0.8975670167148213 1.357828971085817 0
2566 -1.008389653655841 1.498386062866647 0
2567 -1.124308304422719 1.474626404014546 0
2568 -0.9485748351930539 1.343296491243454 0
2569 -0.9529783351853315 1.428107516976232 0
2570 -1.06634897903928 1.486506233440596 0
2571 -1.061945479047002 1.401695207707818 0
2572 -1.007461907116167 1.414901362342025 0
2573 -1.085107753300625 1.684413584731218 0
2574 -1.167849613310942 1.789609056487478 0
2575 -1.250591473321258 1.894804528243739 0
2576 -1.285836680681885 1.660668200240955 0
2577 -1.152017395761045 1.676498456567797 0
2578 -1.328450243030434 1.892166152189266 0
2579 -1.484167782448784 1.886889400080318 0
2580 -1.218927038221465 1.668583328404376 0
2581 -1.24023381939574 1.784332304378531 0
2582 -1.406309012739609 1.889527776134792 0
2583 -1.385002231565335 1.773778800160637 0
2584 -1.312618025480537 1.779055552269584 0
2585 -0.3885053476426317 0.9382679749284839 0
2586 -0.3943272637467913 0.9526564170032843 0
2587 -0.4001491798509509 0.9670448590780846 0
2588 -0.4374321575341366 0.9661485655885824 0
2589 -0.4688932191131626 0.95086383002428 0
2590 -0.5003542806921886 0.9355790944599774 0
2591 -0.4786361222939959 0.8953357221427409 0
2592 -0.4188883111711438 0.9246850103443369 0
2593 -0.4312508754131389 0.952327380507167 0
2594 -0.4931148945594576 0.9221646370208988 0
2595 -0.4489398219316591 0.9103705139075259 0
2596 -0.4250695932921414 0.9385061954257519 0
2597 -0.4622420867193281 0.937366057985362 0
2598 -0.4858755084267268 0.9087501795818199 0
2599 -0.4555909543254937 0.9238682859464438 0
2600 -0.4153425537256084 1.002108357486411 0
2601 -0.424714011496106 1.022783413819937 0
2602 -0.4340854692666037 1.043458470153463 0
2603 -0.4782942045293041 1.048328337784812 0
2604 -0.5131314820215067 1.032523149082633 0
2605 -0.5479687595137093 1.016717960380455 0
2606 -0.5122579003975687 0.955863810940097 0
2607 -0.4476476692829284 0.9866935086376398 0
2608 -0.4680786927805121 1.027783394735754 0
2609 -0.536065139808329 0.9964332439003356 0
2610 -0.4799527848402486 0.9712786597888683 0
2611 -0.4578631810317204 1.007238451686697 0
2612 -0.5020719162944206 1.012108319318045 0
2613 -0.5241615201029488 0.9761485274202163 0
2614 -0.4910123505673346 0.9916934895534566 0
2615 -0.4585001476214691 1.094091934837581 0
2616 -0.4735433682058366 1.124050343188173 0
2617 -0.4885865887902041 1.154008751538764 0
2618 -0.5438145331177031 1.168367731785063 0
2619 -0.5839992568608345 1.15276830368077 0
2620 -0.6241839806039661 1.137168875576478 0
2621 -0.5670225647862734 1.046830689179461 0
2622 -0.4946742866764038 1.078338186284874 0
2623 -0.5274344509706034 1.138357883285 0
2624 -0.6051301753314019 1.107056146777472 0
2625 -0.5308484257313386 1.062584437732168 0
2626 -0.5110543688235036 1.108348034784937 0
2627 -0.5662823131510026 1.122707015031236 0
2628 -0.5860763700588377 1.076943417978467 0
2629 -0.5485653694411706 1.092645726381702 0
2630 -0.5277230224485814 1.227741081396583 0
2631 -0.551816235522591 1.27151500290381 0
2632 -0.5759094485966005 1.315288924411038 0
2633 -0.6486579045576283 1.34514944200018 0
2634 -0.6973131474446463 1.331236038082094 0
2635 -0.7459683903316643 1.317322634164009 0
2636 -0.6546300830358907 1.182207315223361 0
2637 -0.5700253759776844 1.212563159338842 0
2638 -0.622447061697647 1.300954014446401 0
2639 -0.7155222878997396 1.272284194517126 0
2640 -0.6123277295067875 1.197385237281101 0
2641 -0.5962362188376658 1.256758586892622 0
2642 -0.6689846747986934 1.286619104481763 0
2643 -0.6850761854678152 1.227245754870243 0
2644 -0.6406562021527404 1.242002170881432 0
2645 -0.6385194439754672 1.423548478635985 0
2646 -0.6770362262803242 1.488034111353703 0
2647 -0.7155530085851812 1.552519744071422 0
2648 -0.8161438164901059 1.607558560835595 0
2649 -0.8782178420901736 1.598111744882049 0
2650 -0.9402918676902413 1.588664928928503 0
2651 -0.7945492596713084 1.385158207855132 0
2652 -0.6905293825407478 1.410751721709034 0
2653 -0.7742723385069865 1.541956281126741 0
2654 -0.8917109983505971 1.520829355237379 0
2655 -0.7425393211060283 1.397954964782083 0
2656 -0.7324008605238672 1.476354001417887 0
2657 -0.8329916684287918 1.53139281818206 0
2658 -0.843130129010953 1.452993781546256 0
2659 -0.78776549476741 1.464673891482072 0
2660 -0.8155523431668747 1.712754032591856 0
2661 -0.8770348954437112 1.808502688394571 0
2662 -0.9385174477205476 1.904251344197285 0
2663 -1.017718900767188 1.691498696696377 0
2664 -0.8829411957003124 1.705668920626696 0
2665 -1.016535954120725 1.901889640208899 0
2666 -1.172572966921081 1.897166232232126 0
2667 -0.9503300482337502 1.698583808661537 0
2668 -0.9497385749105188 1.803779280417797 0
2669 -1.094554460520903 1.899527936220512 0
2670 -1.095145933844134 1.794332464464251 0
2671 -1.022442254377327 1.799055872441024 0
2672 -0.262631298145999 0.9814306268220681 0
2673 -0.266443551804837 0.9969354271901822 0
2674 -0.270255805463675 1.012440227558296 0
2675 -0.3070438183306624 1.016317096233029 0
2676 -0.3400195775388118 1.004689164539648 0
2677 -0.3729953367469612 0.9930612328462664 0
2678 -0.3574363695689672 0.9501947534898402 0
2679 -0.2944744620102547 0.9717845260131092 0
2680 -0.3028540328905265 1.001472906159723 0
2681 -0.3678090143542965 0.9787724063941242 0
2682 -0.3260844928335898 0.9613698884356379 0
2683 -0.2986642474503906 0.9866287160864158 0
2684 -0.3353745493037378 0.9902494058383111 0
2685 -0.3626226919616319 0.9644835799419822 0
2686 -0.3307295210686638 0.9758096471369745 0
2687 -0.2802246202616476 1.049529996641041 0
2688 -0.2863811814007823 1.071114965355672 0
2689 -0.292537742539917 1.092699934070303 0
2690 -0.3348849595185641 1.101747058710448 0
2691 -0.3710756153580765 1.089209214635962 0
2692 -0.407266271197589 1.076671370561476 0
2693 -0.3815630703596182 1.013963767275069 0
2694 -0.3140041036276379 1.037674586852384 0
2695 -0.3279246742215888 1.080389568091093 0
2696 -0.398698537584932 1.055768836132673 0
2697 -0.347783586993628 1.025819177063726 0
2698 -0.3209643889246132 1.059032077471739 0
2699 -0.3633116059032604 1.068079202111883 0
2700 -0.3901308039722751 1.034866301703871 0
2701 -0.3555475964484442 1.046949189587805 0
2702 -0.3086029400851624 1.144551445095012 0
2703 -0.318511576491273 1.17481798740509 0
2704 -0.3284202128973838 1.205084529715168 0
2705 -0.3796540893212638 1.222505093991273 0
2706 -0.4209793293390331 1.2096591159573 0
2707 -0.4623045693568024 1.196813137923328 0
2708 -0.4210258457373924 1.106706812401939 0
2709 -0.3460772419692391 1.131936567530654 0
2710 -0.3684618068705889 1.192315585171067 0
2711 -0.4485449948169991 1.166777696082865 0
2712 -0.3835515438533157 1.119321689966297 0
2713 -0.3572695244199139 1.162126076350861 0
2714 -0.4085034008437939 1.179546640626966 0
2715 -0.4347854202771957 1.136742254242402 0
2716 -0.3960274723485548 1.149434165296631 0
2717 -0.3542324164306911 1.278117057292038 0
2718 -0.3701359835578877 1.320883042558829 0
2719 -0.3860395506850843 1.363649027825621 0
2720 -0.4514580037768633 1.394576971298875 0
2721 -0.5009728897414456 1.382738929505339 0
2722 -0.5504877757060279 1.370900887711803 0
2723 -0.4843503709441088 1.240335075370447 0
2724 -0.3976050679351636 1.265523063318174 0
2725 -0.4335070251629632 1.351559001971975 0
2726 -0.5284419741187215 1.327378950264684 0
2727 -0.4409777194396363 1.25292906934431 0
2728 -0.4155560465490635 1.308541032645074 0
2729 -0.4809744996408424 1.339468976118329 0
2730 -0.5063961725314151 1.283857012817565 0
2731 -0.4609761095402394 1.29619902273132 0
2732 -0.4274117318177117 1.467328800261298 0
2733 -0.4528803458231426 1.528242587430183 0
2734 -0.4783489598285734 1.589156374599069 0
2735 -0.5663806280980127 1.641803965523251 0
2736 -0.6289436823620211 1.633537769278548 0
2737 -0.6915067366260297 1.625271573033844 0
2738 -0.5857425159360284 1.434493559042313 0
2739 -0.4801886598571506 1.456383719854969 0
2740 -0.5376499720177255 1.579997216967157 0
2741 -0.6562519963960292 1.561678901703334 0
2742 -0.5329655878965894 1.445438639448641 0
2743 -0.508919315937438 1.518190468411063 0
2744 -0.5969509842068772 1.570838059335245 0
2745 -0.6209972561660286 1.498086230372823 0
2746 -0.5649582860517334 1.508138349391943 0
2747 -0.5445298470417537 1.737552621325966 0
2748 -0.5852421202495031 1.825035080883977 0
2749 -0.6259543934572526 1.912517540441989 0
2750 -0.7477967191355943 1.718953679775383 0
2751 -0.6122854710730339 1.731352974142438 0
2752 -0.7040951570230762 1.910450991380813 0
2753 -0.8603766841547238 1.906317893258461 0
2754 -0.6800410951043141 1.725153326958911 0
2755 -0.6581903140480551 1.820901982761626 0
2756 -0.7822359205889 1.908384442319637 0
2757 -0.8040867016451589 1.812635786516922 0
2758 -0.7311385078466071 1.816768884639274 0
2759 -0.1324114689056237 1.008374607668946 0
2760 -0.13429674591319 1.025304353921691 0
2761 -0.1361820229207563 1.042234100174435 0
2762 -0.1720674897268701 1.051359141801987 0
2763 -0.2060676795254177 1.043554437176795 0
2764 -0.2400678693239653 1.035749732551603 0
2765 -0.2303241641995991 0.9893451676908402 0
2766 -0.1651884771948997 1.00282228456084 0
2767 -0.1697744855495467 1.035180189388272 0
2768 -0.2368199676158433 1.020281544264682 0
2769 -0.1978346610087791 0.9964775696731378 0
2770 -0.1674814813722232 1.019001236974556 0
2771 -0.2033233400198716 1.027862148008909 0
2772 -0.2335720659077212 1.004813355977761 0
2773 -0.2005790005143253 1.012169858841024 0
2774 -0.141118068993533 1.082065911283022 0
2775 -0.1441688380587436 1.104967976138865 0
2776 -0.1472196071239541 1.127870040994708 0
2777 -0.1873763580616364 1.141650305084147 0
2778 -0.2244823399341082 1.132528504317742 0
2779 -0.2615883218065799 1.123406703551338 0
2780 -0.245447982444619 1.057663975301537 0
2781 -0.1758947068105617 1.073931932622527 0
2782 -0.1835491409779448 1.119077514263607 0
2783 -0.2562082086859263 1.101492460801404 0
2784 -0.2106713446275904 1.065797953962032 0
2785 -0.1797219238942532 1.096504723443067 0
2786 -0.2198786748319356 1.110284987532506 0
2787 -0.2508280955652726 1.07957821805147 0
2788 -0.2152750097297629 1.088041470747269 0
2789 -0.155188392744439 1.181884064314604 0
2790 -0.1601064092997134 1.212996022778658 0
2791 -0.1650244258549877 1.244107981242711 0
2792 -0.2120390441335702 1.265252722786385 0
2793 -0.2541356458568783 1.255285505866005 0
2794 -0.2962322475801864 1.245318288945626 0
2795 -0.2702493032499815 1.15388459989991 0
2796 -0.1935420295796199 1.172550909509706 0
2797 -0.2058733726155867 1.234352118360825 0
2798 -0.2875712661367848 1.214840392597054 0
2799 -0.2318956664148007 1.163217754704808 0
2800 -0.1997077010976033 1.203451513935266 0
2801 -0.2467223193761858 1.22459625547894 0
2802 -0.2789102846933831 1.184362496248482 0
2803 -0.2393089928954932 1.193907005091874 0
2804 -0.1778463256619217 1.31768693684632 0
2805 -0.1857502089135813 1.360153933985874 0
2806 -0.1936540921652409 1.402620931125429 0
2807 -0.2516542610157456 1.435419699471841 0
2808 -0.3017505466145908 1.425751470678698 0
2809 -0.3518468322134359 1.416083241885555 0
2810 -0.3101358937384988 1.288009527180608 0
2811 -0.221942848354114 1.307794466957749 0
2812 -0.2417504567952018 1.392877955300477 0
2813 -0.3379431860551234 1.373392003650573 0
2814 -0.2660393710463064 1.297901997069179 0
2815 -0.2318466525746579 1.350336211129113 0
2816 -0.2898468214251627 1.383134979475525 0
2817 -0.3240395398968112 1.33070076541559 0
2818 -0.2779430962357345 1.340518488272352 0
2819 -0.2142290775791099 1.503365332527707 0
2820 -0.2269001797413193 1.561642736790429 0
2821 -0.2395712819035286 1.619920141053152 0
2822 -0.3151361815078045 1.671165699428894 0
2823 -0.3780299789498711 1.664133853541914 0
2824 -0.4409237763919376 1.657102007654934 0
2825 -0.3741160682580613 1.4763379333279 0
2826 -0.2675247411387603 1.494356199461104 0
2827 -0.2992657013847898 1.612229199439631 0
2828 -0.4186545403473122 1.596847316212589 0
2829 -0.3208204046984108 1.485347066394502 0
2830 -0.2833952212617751 1.553292699450368 0
2831 -0.358960120866051 1.60453825782611 0
2832 -0.3963853043026868 1.536592624770245 0
2833 -0.339890262782231 1.544942662110306 0
2834 -0.2725151213824639 1.758648158986905 0
2835 -0.2927878586991899 1.839098772657937 0
2836 -0.3130605960159158 1.919549386328969 0
2837 -0.4765261656269313 1.7428265057412 0
2838 -0.3405188027972863 1.753374274571671 0
2839 -0.3912840453762501 1.917791424857223 0
2840 -0.5477309440969184 1.914275501913734 0
2841 -0.4085224842121088 1.748100390156436 0
2842 -0.3659014240867682 1.835582849714447 0
2843 -0.4695074947365842 1.916033463385479 0
2844 -0.5121285548619248 1.828551003827467 0
2845 -0.4390149894743465 1.832066926770957 0
2846 -0.03451682498208063 1.070805258750839 0
2847 -0.06903364996416125 1.066924787976286 0
2848 -0.1035504749462419 1.063044317201733 0
2849 -0.09940047387473717 1.012149624315313 0
2850 -0.03316851826643386 1.017299755298097 0
2851 -0.03406738941019836 1.052970090933242 0
2852 -0.1021671412557403 1.046079419572921 0
2853 -0.06631075933169908 1.015125389428388 0
2854 -0.03361795383831611 1.035134923115669 0
2855 -0.06812601975334054 1.049658321793643 0
2856 -0.1007838075652387 1.029114521944116 0
2857 -0.06721838954251981 1.032391855611015 0
2858 -0.03756759404729117 1.167618630346012 0
2859 -0.07513518809458233 1.162003122180859 0
2860 -0.1127027821418735 1.156387614015705 0
2861 -0.1058385517451498 1.086380141405236 0
2862 -0.03527951724838326 1.095008601649664 0
2863 -0.03680490178098853 1.143415287447241 0
2864 -0.1104147053429656 1.133051789812219 0
2865 -0.07055903449676652 1.09069437152745 0
2866 -0.0360422095146859 1.119211944548504 0
2867 -0.07360980356197706 1.13823353862973 0
2868 -0.1081266285440577 1.109715965608745 0
2869 -0.07208441902937179 1.114463955078624 0
2870 -0.04248561060256553 1.296257143023498 0
2871 -0.08497122120513105 1.28924474191792 0
2872 -0.1274568318076966 1.282232340812342 0
2873 -0.1163912945583293 1.187848795714861 0
2874 -0.03879709818610975 1.199778258515372 0
2875 -0.04125610646374694 1.264097514854073 0
2876 -0.1237683193912408 1.250771159113165 0
2877 -0.07759419637221951 1.193813527115116 0
2878 -0.04002660232492834 1.231937886684647 0
2879 -0.08251221292749387 1.257434336983619 0
2880 -0.120079806974785 1.219309977413988 0
2881 -0.08005320464985669 1.225623932049317 0
2882 -0.05038949385422513 1.467411201167915 0
2883 -0.1007789877084503 1.459970110200271 0
2884 -0.1511684815626754 1.452529019232628 0
2885 -0.1333847442464413 1.324806510417417 0
2886 -0.04446158141548043 1.339045657559611 0
2887 -0.04841352304131023 1.424622686631813 0
2888 -0.1452405691239307 1.409954849627557 0
2889 -0.08892316283096086 1.331926083988514 0
2890 -0.04643755222839532 1.381834172095712 0
2891 -0.09682704608262045 1.417288768129686 0
2892 -0.139312656685186 1.367380680022487 0
2893 -0.09287510445679065 1.3746074260591 0
2894 -0.0630605960164345 1.695492200085061 0
2895 -0.126121192032869 1.689727315161999 0
2896 -0.1891817880493035 1.683962430238936 0
2897 -0.1606718081843324 1.510387371984159 0
2898 -0.05355726939477748 1.524431450897063 0
2899 -0.05989282047588216 1.638471950355604 0
2900 -0.1796784614276465 1.626104077487302 0
2901 -0.107114538789555 1.517409411440611 0
2902 -0.05672504493532982 1.581451700626282 0
2903 -0.1197856409517643 1.632288013921453 0
2904 -0.1701751348059894 1.568245724735713 0
2905 -0.1134500898706596 1.574848712680998 0
2906 -0.2043863410368656 1.762971822679197 0
2907 -0.06812878034561834 1.771619150063781 0
2908 -0.07826514900398604 1.923873050021364 0
2909 -0.2347954470119898 1.920990607559767 0
2910 -0.1362575606912383 1.767295486371489 0
2911 -0.07319696467480219 1.847746100042526 0
2912 -0.1565302980079771 1.922431828790566 0
2913 -0.2195908940244277 1.841981215119467 0
2914 -0.1463939293496077 1.844863657580996 0
2915 0.1385146813824117 1.060584883188932 0
2916 0.1511755824402411 1.153647353329502 0
2917 0.1712417574808681 1.279347013907812 0
2918 0.2030445011244818 1.449809648823086 0
2919 0.2534484529342265 1.682028438087432 0
2920 0.2748839937692279 1.030188341107101 0
2921 0.3003452194170461 1.118823899291787 0
2922 0.3406985408958587 1.24186625926828 0
2923 0.4046542442404509 1.413868936209945 0
2924 0.5060172029041288 1.656117783598396 0
2925 0.4069992758571773 0.983915542099731 0
2926 0.4455372875947984 1.069155956676676 0
2927 0.5066159174421293 1.191176258610603 0
2928 0.6034190203356814 1.36731066232901 0
2929 0.7568415988389089 1.623697111348149 0
2930 0.5328246535419959 0.9224575724929766 0
2931 0.5848482205322664 1.005289699431035 0
2932 0.667300014183952 1.127852004538099 0
2933 0.7979772982777897 1.310597004929269 0
2934 1.005086835866908 1.585049799552375 0
2935 0.650431876041516 0.8467653404455192 0
2936 0.7164750808716811 0.9281142379252599 0
2937 0.8211465021483352 1.052684664558272 0
2938 0.9870395221650734 1.244363902579881 0
2939 1.249962239783363 1.540565765539854 0
2940 0.1325233147724605 1.008729866793122 0
2941 0.1345204369757776 1.026014872258392 0
2942 0.1365175591790947 1.043299877723662 0
2943 0.1038860110368088 1.064110094773047 0
2944 0.06925734069120587 1.067635306357162 0
2945 0.03462867034560294 1.071160517941277 0
2946 0.03319647976048638 1.017388570090692 0
2947 0.09948435819720455 1.012416068678611 0
2948 0.1024187934236074 1.046878752741563 0
2949 0.03415127348389742 1.053236535324399 0
2950 0.06636668221678349 1.015303019010281 0
2951 0.100951575810406 1.029647410710087 0
2952 0.06829378786639841 1.050191210574857 0
2953 0.0336738766221919 1.035312552707545 0
2954 0.06733023504159094 1.032747114792568 0
2955 0.1416799066468691 1.083850500724075 0
2956 0.1448451319113264 1.107116118259217 0
2957 0.1480103571757838 1.130381735794359 0
2958 0.1133816868301808 1.158544049624918 0
2959 0.07558779122012055 1.163440745920334 0
2960 0.03779389561006027 1.16833744221575 0
2961 0.03541997666171727 1.095454749009927 0
2962 0.1062599299851518 1.087718583486025 0
2963 0.1110077678818378 1.134935560911957 0
2964 0.03700258929394594 1.144043211147154 0
2965 0.07083995332343454 1.091586666247976 0
2966 0.1086338489334948 1.111327072199009 0
2967 0.07400517858789188 1.139489386029556 0
2968 0.0362112829778316 1.119748980078592 0
2969 0.07242256595566321 1.115538026138801 0
2970 0.1561921262003979 1.185072268474079 0
2971 0.1612086699605546 1.216497183618657 0
2972 0.1662252137207113 1.247922098763234 0
2973 0.1284313181106511 1.285327646463128 0
2974 0.08562087874043403 1.291308279018444 0
2975 0.042810439370217 1.29728891157376 0
2976 0.03904803155009946 1.200575309555241 0
2977 0.1171440946502984 1.190239948834467 0
2978 0.1246689102905335 1.253631747253558 0
2979 0.04155630343017781 1.265051044234203 0
2980 0.07809606310019893 1.195407629194854 0
2981 0.1209065024704159 1.221935848043987 0
2982 0.08311260686035565 1.25934139574388 0
2983 0.04030216749013864 1.232813176894647 0
2984 0.08060433498027729 1.227374512469317 0
2985 0.1791924433917715 1.32196267263663 0
2986 0.1871431293026749 1.364578331365449 0
2987 0.1950938152135784 1.407193990094268 0
2988 0.1522833758433614 1.456070309651204 0
2989 0.1015222505622409 1.462330970479322 0
2990 0.05076112528112045 1.46859163130744 0
2991 0.04479811084794286 1.340114591507189 0
2992 0.1343943325438286 1.32801331226015 0
2993 0.1463203614101838 1.413384643854186 0
2994 0.04877345380339459 1.425765951374023 0
2995 0.08959622169588574 1.334063951883669 0
2996 0.1403573469770062 1.370698978057168 0
2997 0.09754690760678918 1.419575297614105 0
2998 0.04678578232566873 1.382940271440606 0
2999 0.09357156465133747 1.376819624748887 0
3000 0.215645489076918 1.507864346139173 0
3001 0.2282464770293541 1.565919043455259 0
3002 0.2408474649817903 1.623973740771345 0
3003 0.1900863397006698 1.686835599817605 0
3004 0.1267242264671132 1.691642761547778 0
3005 0.06336211323355662 1.69644992327795 0
3006 0.05391137226922949 1.525556204299929 0
3007 0.1617341168076885 1.513761632192758 0
3008 0.1806355987363427 1.629144277275948 0
3009 0.06021186624544757 1.639485350285152 0
3010 0.107822744538459 1.519658918246344 0
3011 0.1711848577720156 1.571452954734336 0
3012 0.1204237324908951 1.63431481378055 0
3013 0.05706161925733853 1.58252077729249 0
3014 0.1141232385146771 1.576986866013413 0
3015 0.2734196730343501 1.761521328565574 0
3016 0.2933908931344736 1.841014219043716 0
3017 0.3133621132345972 1.920507109521858 0
3018 0.06835491825858743 1.772337442458448 0
3019 0.2050647547757625 1.765126699863198 0
3020 0.2350215849259478 1.921708899954434 0
3021 0.07834052830864906 1.924112480819586 0
3022 0.136709836517175 1.768732071160823 0
3023 0.2200431698508552 1.843417799908801 0
3024 0.1566810566172984 1.92291069038701 0
3025 0.07334772328361824 1.848224961638971 0
3026 0.1466954465672367 1.845821380773886 0
3027 0.262835282820615 0.9819914548458245 0
3028 0.266851519803486 0.9980570835995832 0
3029 0.2708677567863569 1.014122712353342 0
3030 0.2407916656725239 1.037787476627559 0
3031 0.2066993375758198 1.045386612148016 0
3032 0.1726070094791158 1.052985747668474 0
3033 0.1653233577442535 1.003228935926537 0
3034 0.2305051141590885 0.9898546035064257 0
3035 0.2373628151680454 1.021809852253848 0
3036 0.170179125567495 1.036400143754495 0
3037 0.1979925763051139 0.9969356132600484 0
3038 0.233933964663567 1.005832227880136 0
3039 0.2037970838189179 1.02923627918536 0
3040 0.1677512416558743 1.019814539840516 0
3041 0.2008948300620159 1.013085946222704 0
3042 0.2812493001811824 1.052347230653272 0
3043 0.287614606593137 1.074506120199444 0
3044 0.2939799130050915 1.096665009745616 0
3045 0.2630528101728448 1.127529762801216 0
3046 0.2257604009286436 1.136235626310644 0
3047 0.1884679916844423 1.144941489820073 0
3048 0.1765722550304474 1.075974683206374 0
3049 0.2463569517976041 1.060223048170973 0
3050 0.2574875240477645 1.105094191257802 0
3051 0.1845027461331107 1.121952554282173 0
3052 0.2114646034140257 1.068098865688673 0
3053 0.2519222379226843 1.082658619714387 0
3054 0.2209951350904377 1.113523372769987 0
3055 0.1805375005817791 1.098963618744274 0
3056 0.2162298692522317 1.09081111922933 0
3057 0.3104335497867492 1.14958448928591 0
3058 0.3205218801564523 1.180345079280034 0
3059 0.3306102105261555 1.211105669274157 0
3060 0.298334345042111 1.251236447928163 0
3061 0.2559701491883634 1.260606636588046 0
3062 0.2136059533346157 1.269976825247929 0
3063 0.1947524820969857 1.176200323677037 0
3064 0.2718731938901613 1.158456434082952 0
3065 0.2895139613247945 1.220309776646426 0
3066 0.2073214629220723 1.238717991390965 0
3067 0.2333128379935735 1.167328378879995 0
3068 0.2806935776074779 1.189383105364689 0
3069 0.2484177121234334 1.229513884018696 0
3070 0.201036972509529 1.207459157534001 0
3071 0.2408652750585035 1.198421131449345 0
3072 0.3566874667320067 1.284866928503696 0
3073 0.3726763925681548 1.327867597739113 0
3074 0.3886653184043029 1.370868266974529 0
3075 0.3542518084614587 1.422854114363231 0
3076 0.3038493726824664 1.431839292516516 0
3077 0.2534469369034741 1.440824470669801 0
3078 0.2235661992268303 1.312688736603397 0
3079 0.312313710896948 1.29414086453693 0
3080 0.3402724426066217 1.379949697754463 0
3081 0.2434866910112595 1.398112559314333 0
3082 0.2679399550618891 1.303414800570163 0
3083 0.3262930767517848 1.337045281145697 0
3084 0.2918795668089406 1.389031128534398 0
3085 0.2335264451190449 1.355400647958865 0
3086 0.2799097609354149 1.346222964552281 0
3087 0.4299949839063704 1.474431148057058 0
3088 0.4553357235722899 1.534993359904171 0
3089 0.4806764632382093 1.595555571751284 0
3090 0.4428750154116532 1.662595447220655 0
3091 0.3797328279191776 1.669073110842914 0
3092 0.316590640426702 1.675550774465173 0
3093 0.2692328627842811 1.499506046618644 0
3094 0.3764076101990073 1.482789447577586 0
3095 0.4207192136741045 1.602660114006299 0
3096 0.300804714545895 1.61686919851633 0
3097 0.3228202364916441 1.491147747098115 0
3098 0.3985634119365559 1.542724780791943 0
3099 0.3607619641099998 1.609764656261314 0
3100 0.2850187886650881 1.558187622567487 0
3101 0.341791100300822 1.550456201679715 0
3102 0.5461795688454569 1.742088337698797 0
3103 0.5863419347867851 1.828058891799198 0
3104 0.6265043007281133 1.914029445899599 0
3105 0.3416096469871268 1.75666308084888 0
3106 0.4779895948926802 1.746946585415491 0
3107 0.5482187538547343 1.915648861805164 0
3108 0.3916476601079764 1.918887693616294 0
3109 0.4097996209399035 1.751804833132185 0
3110 0.5131041743737073 1.831297723610328 0
3111 0.4699332069813553 1.917268277710729 0
3112 0.3666286535475516 1.837775387232587 0
3113 0.4398664139606294 1.834536555421457 0
3114 0.3887623940046089 0.9388885345909043 0
3115 0.3948413546221317 0.9538975370938465 0
3116 0.4009203152396545 0.9689065395967887 0
3117 0.37397045533519 0.9954837418515734 0
3118 0.3409416348132026 1.007051941603416 0
3119 0.3079128142912153 1.018620141355258 0
3120 0.294691712109142 0.9723602869573309 0
3121 0.3576801504874374 0.9508003802626407 0
3122 0.3685403537192725 0.980589287988596 0
3123 0.3035057802305242 1.003200189889283 0
3124 0.3263150083445071 0.9619605822968414 0
3125 0.363110252103355 0.9656948341256184 0
3126 0.3360660926569708 0.9920214885012244 0
3127 0.2990987461698331 0.9877802384233065 0
3128 0.331190550500739 0.976991035399033 0
3129 0.4166337787915826 1.005225645743967 0
3130 0.4262682817259879 1.026535749388203 0
3131 0.4359027846603931 1.047845853032439 0
3132 0.4092392705503603 1.081572942330453 0
3133 0.3729412535059222 1.093989927984231 0
3134 0.3366432364614841 1.106406913638009 0
3135 0.3150954198337825 1.040566834425946 0
3136 0.3827876591389825 1.017006041971293 0
3137 0.4004220667465677 1.060050642210733 0
3138 0.329460630918917 1.084460220567322 0
3139 0.3489415394863825 1.02878643819862 0
3140 0.3916048629427752 1.038528342091013 0
3141 0.3649413488327423 1.072255431389027 0
3142 0.3222780253763497 1.062513527496634 0
3143 0.3569414441595624 1.050520934793824 0
3144 0.4608069450566311 1.099661032160157 0
3145 0.4760766025184638 1.130166107643639 0
3146 0.4913462599802966 1.160671183127121 0
3147 0.4651365733055616 1.203848758775022 0
3148 0.423657229168994 1.216521258939441 0
3149 0.3821778850324263 1.229193759103861 0
3150 0.3480268986042197 1.137103625004472 0
3151 0.4232135962391607 1.112141896441596 0
3152 0.4511622476167613 1.173279804663879 0
3153 0.3707942228896908 1.198497047737398 0
3154 0.3856202474216902 1.124622760723034 0
3155 0.437187921927961 1.142710850552738 0
3156 0.4109782352532261 1.185888426200639 0
3157 0.3594105607469552 1.167800336370935 0
3158 0.398299241337458 1.155255593461836 0
3159 0.5308166931655174 1.235209859540205 0
3160 0.5550174688889054 1.279243460469806 0
3161 0.5792182446122933 1.323277061399408 0
3162 0.5537278263118738 1.378950230799244 0
3163 0.5040366322880662 1.390589799269478 0
3164 0.4543454382642585 1.402229367739711 0
3165 0.4002197733403844 1.272452661262823 0
3166 0.4872843865571397 1.247624126781077 0
3167 0.5315800130602957 1.335174862793188 0
3168 0.4363035499563004 1.358970465580748 0
3169 0.4437520799487621 1.26003839402195 0
3170 0.5094321998087178 1.291399494787133 0
3171 0.4839417815082981 1.347072664186968 0
3172 0.4182616616483424 1.315711563421786 0
3173 0.4638469307285301 1.303555529104459 0
3174 0.6417746649614883 1.431407274583794 0
3175 0.6801303095872951 1.495503886838579 0
3176 0.718485954213102 1.559600499093364 0
3177 0.6941354998552138 1.631802279410711 0
3178 0.6314294008715189 1.639907447473273 0
3179 0.5687233018878238 1.648012615535835 0
3180 0.4829399041701499 1.463675179688742 0
3181 0.5888297446977088 1.442163242952111 0
3182 0.6590335814693788 1.568589267257844 0
3183 0.5401288359819325 1.586566803586804 0
3184 0.5358848244339294 1.452919211320426 0
3185 0.6239316630835439 1.505376255104977 0
3186 0.5995812087256557 1.577578035422324 0
3187 0.5115343700760412 1.525120991637773 0
3188 0.5677330165797926 1.515248623371375 0
3189 0.8176311991302114 1.717772833511112 0
3190 0.8784207994215139 1.811848555674074 0
3191 0.9392103997128164 1.905924277837037 0
3192 0.6140424764166454 1.736009461651876 0
3193 0.7497682915590228 1.723851709558033 0
3194 0.8610338749666405 1.907950569852678 0
3195 0.7046808254742889 1.912003153883959 0
3196 0.6819053839878341 1.729930585604955 0
3197 0.8054010832628316 1.815901139705355 0
3198 0.7828573502204648 1.909976861868318 0
3199 0.6593616509454672 1.824006307767917 0
3200 0.7323813671041495 1.819953723736636 0
3201 0.5082061638490114 0.8801334456939641 0
3202 0.5164123270800063 0.8942414879603016 0
3203 0.5246184903110011 0.9083495302266391 0
3204 0.5013683091207912 0.9378220648946651 0
3205 0.4699119646995866 0.9531865572963538 0
3206 0.438455620278382 0.9685510496980424 0
3207 0.4191441781309421 0.9252856307945787 0
3208 0.4788896304427759 0.8958964641946503 0
3209 0.4938754162281194 0.9238468646613269 0
3210 0.432018472895902 0.954129243396888 0
3211 0.4491945094637877 0.9109511951655664 0
3212 0.4863825233354477 0.9098716644279885 0
3213 0.4630061462876536 0.9391081032527582 0
3214 0.4255813255134221 0.9397074370957335 0
3215 0.4561003278757207 0.9250296492091621 0
3216 0.5458305452895635 0.9431656042274912 0
3217 0.5588364370371312 0.9638736359620059 0
3218 0.5718423287846988 0.9845816676965206 0
3219 0.5500204872978993 1.021256263742445 0
3220 0.5151927540635324 1.037222828053855 0
3221 0.4803650208291654 1.053189392365265 0
3222 0.4489329704160778 0.9897106353648482 0
3223 0.5135313536650683 0.9586806146066101 0
3224 0.5378574427536222 1.0003977140305 0
3225 0.4698876706914695 1.03202980669846 0
3226 0.4812321620405731 0.9741956249857293 0
3227 0.5256943982093452 0.9795391643185554 0
3228 0.5038725567225459 1.01621376036448 0
3229 0.4594103205537737 1.010870221031654 0
3230 0.4925523593815595 0.9952046926751046 0
3231 0.6054611689451878 1.035930275707801 0
3232 0.6260741173581093 1.066570851984567 0
3233 0.6466870657710306 1.097211428261333 0
3234 0.6271289899984963 1.143683068056225 0
3235 0.5869579658130406 1.159514131574351 0
3236 0.546786941627585 1.175345195092477 0
3237 0.4969705010287703 1.083728343047068 0
3238 0.5692976129730486 1.05186296482089 0
3239 0.607851864323347 1.11307636697778 0
3240 0.5301814614279802 1.144806244410674 0
3241 0.5331340570009094 1.067795653933979 0
3242 0.5885747386481979 1.082469665899335 0
3243 0.5690166628756634 1.128941305694227 0
3244 0.5135759812283753 1.114267293728871 0
3245 0.5510753599382865 1.098368479814103 0
3246 0.6999693352074114 1.173538254635891 0
3247 0.7326386562308709 1.219224504733684 0
3248 0.7653079772543303 1.264910754831476 0
3249 0.7493377287922627 1.324775419279204 0
3250 0.7006981593067356 1.338953833629139 0
3251 0.6520585898212085 1.353132247979074 0
3252 0.573104853675991 1.219791958314126 0
3253 0.6576811746969378 1.18895615586197 0
3254 0.7187855440938211 1.279502331473459 0
3255 0.6257406777728025 1.308685484757425 0
3256 0.6153930141864643 1.204374057088048 0
3257 0.6882333593953794 1.234229243667714 0
3258 0.6722631109333117 1.294093908115442 0
3259 0.5994227657243968 1.264238721535775 0
3260 0.6438280625598881 1.249233982601745 0
3261 0.8497546826750693 1.379210203585045 0
3262 0.9015320670723489 1.447823402240822 0
3263 0.9533094514696285 1.516436600896598 0
3264 0.9430255266099082 1.594711627501318 0
3265 0.8809642173529084 1.604373455450262 0
3266 0.8189029080959087 1.614035283399205 0
3267 0.6937696693898835 1.418358006834107 0
3268 0.797759678246674 1.392259471334732 0
3269 0.8946035771554969 1.527227575445789 0
3270 0.7771918285272337 1.548809524544172 0
3271 0.7457646738182787 1.40530873908442 0
3272 0.8461816277010855 1.459743523390261 0
3273 0.8358977028413652 1.538018549994981 0
3274 0.7354807489585585 1.48358376568914 0
3275 0.790831188329822 1.471663644539701 0
3276 1.087148460233977 1.688787349664281 0
3277 1.169210084601046 1.792524899776188 0
3278 1.251271708968115 1.896262449888094 0
3279 0.885010514406168 1.710526462549404 0
3280 1.019769144958047 1.696033720625989 0
3281 1.173256381654325 1.89867790687533 0
3282 1.017225727026686 1.903508820849801 0
3283 0.9523898296821098 1.703280091587696 0
3284 1.096512763306186 1.797355813750659 0
3285 1.095241054340513 1.901093363862565 0
3286 0.9511181207164272 1.807017641699602 0
3287 1.023815442011311 1.802186727725131 0
3288 0.6191790410002896 0.8067063401507349 0
3289 0.6295966526806984 0.8200593402489964 0
3290 0.6400142643611072 0.8334123403472578 0
3291 0.6210300704166359 0.8656883984573835 0
3292 0.5916282647917559 0.8846114564692479 0
3293 0.562226459166876 0.9035345144811122 0
3294 0.5366075031708082 0.8627852645218781 0
3295 0.5921157905353984 0.8260571128571343 0
3296 0.6113919771228902 0.8524779699239671 0
3297 0.5536868071681866 0.8899514311613677 0
3298 0.5645847412969853 0.8447550731208189 0
3299 0.6017538838291443 0.8392675413905508 0
3300 0.5826137569601657 0.8713259953531048 0
3301 0.5451471551694974 0.8763683478416229 0
3302 0.5735992491285755 0.8580405342369619 0
3303 0.6669426772490572 0.8671025648154544 0
3304 0.6834534784565985 0.8874397891853896 0
3305 0.6999642796641399 0.9077770135553247 0
3306 0.6835683657868274 0.9474081033017038 0
3307 0.6506616507019738 0.9667019686781475 0
3308 0.61775493561712 0.9859958340545913 0
3309 0.576108578279437 0.924149844374482 0
3310 0.6366646442591837 0.8861183246684636 0
3311 0.6679337919442795 0.9269781770906237 0
3312 0.603872816504559 0.9653805041612216 0
3313 0.6063866112693104 0.9051340845214729 0
3314 0.6522992181017317 0.9065482508795437 0
3315 0.6359033042244193 0.9461793406259225 0
3316 0.5899906973919981 0.9447651742678518 0
3317 0.6211449577468648 0.9256567125736976 0
3318 0.7426429361908446 0.959256844583513 0
3319 0.7688107915100082 0.9903994512417662 0
3320 0.7949786468291716 1.021542057900019 0
3321 0.7826848801572394 1.071476499553229 0
3322 0.7442232581661437 1.090268334548186 0
3323 0.7057616361750478 1.109060169543142 0
3324 0.639756610756602 1.016761917926729 0
3325 0.7083474943794302 0.9784252023645851 0
3326 0.7579057515646366 1.040459400490348 0
3327 0.683759961035566 1.078294085671005 0
3328 0.6740520525680163 0.9975935601456569 0
3329 0.7331266229720335 1.009442301427467 0
3330 0.7208328563001012 1.059376743080676 0
3331 0.661758285896084 1.047528001798867 0
3332 0.6974424544340587 1.028485151613166 0
3333 0.8626197571525197 1.100604474063675 0
3334 0.9040930121567043 1.148524283569077 0
3335 0.9455662671608889 1.196444093074479 0
3336 0.9397739661932525 1.260922178167228 0
3337 0.8925084102214316 1.277480453754575 0
3338 0.8452428542496107 1.294038729341922 0
3339 0.7406319406936885 1.155304809492837 0
3340 0.8219571516662425 1.118837919206729 0
3341 0.9005016946842492 1.213560758513728 0
3342 0.8103725497309699 1.247794089392227 0
3343 0.7812945461799656 1.137071364349783 0
3344 0.861229423175246 1.166199338860228 0
3345 0.8554371222076096 1.230677423952978 0
3346 0.7755022452123292 1.201549449442532 0
3347 0.8183658341937876 1.18387439415138 0
3348 1.052770201569646 1.318414368319874 0
3349 1.118500880974218 1.392464834059867 0
3350 1.18423156037879 1.466515299799861 0
3351 1.188743388804249 1.551686774042984 0
3352 1.127524537825135 1.562807782546114 0
3353 1.066305686846022 1.573928791049245 0
3354 0.9005085623987134 1.364011244768753 0
3355 1.002016321846002 1.333613327136167 0
3356 1.1265010331515 1.478995625074045 0
3357 1.011039978696919 1.503956275622414 0
3358 0.9512624421223573 1.34881228595246 0
3359 1.064258677498751 1.406304476105106 0
3360 1.068770505924209 1.491475950348229 0
3361 0.9557742705478163 1.433983760195583 0
3362 1.010016474023283 1.420144118150345 0
3363 1.354138346504073 1.65542432415489 0
3364 1.458314453224783 1.770282882769927 0
3365 1.562490559945494 1.885141441384963 0
3366 1.153895931801506 1.680446593286934 0
3367 1.287390874936531 1.663765080532238 0
3368 1.484685847201094 1.887921693510746 0
3369 1.329076421712476 1.893482197762311 0
3370 1.220643403369019 1.672105836909586 0
3371 1.386038361068813 1.775843387021492 0
3372 1.406881134456785 1.890701945636529 0
3373 1.241486176756991 1.786964395524622 0
3374 1.313762268912902 1.781403891273057 0
3375 0.7311329489863174 0.7802163150873183 0
3376 0.7042325913380503 0.8023993235400519 0
3377 0.6773322336897831 0.8245823319927855 0
3378 0.64512802168603 0.78590342290466 0
3379 0.695477463780494 0.7424521332795183 0
3380 0.7192477872510471 0.7676282544847224 0
3381 0.6665974963552002 0.8116893622967448 0
3382 0.6705675092378018 0.7644796864256405 0
3383 0.7073626255157655 0.7550401938821152 0
3384 0.6930108973046369 0.7897594445019174 0
3385 0.6558627590206133 0.7987963926007007 0
3386 0.6817892032712159 0.7771195654637755 0
3387 0.8081785755208053 0.8610883647841999 0
3388 0.7776107439710972 0.8834303224978866 0
3389 0.7470429124213891 0.9057722802115733 0
3390 0.694759903372682 0.8448798190474799 0
3391 0.750394355619932 0.8004343275115311 0
3392 0.7889171688871838 0.84087035235998 0
3393 0.7296152427384877 0.8854747931568765 0
3394 0.7225771294963069 0.8226570732795057 0
3395 0.7696557622535535 0.820652339935751 0
3396 0.7592662058128358 0.863172572758428 0
3397 0.7121875730555834 0.8651773061021767 0
3398 0.7409216676545685 0.842914823018964 0
3399 0.930287659313051 0.9881721999155353 0
3400 0.893907273591479 1.009676354796448 0
3401 0.8575268878699072 1.03118050967736 0
3402 0.7746639062835226 0.9371243375780238 0
3403 0.8387058464688788 0.8928593235670457 0
3404 0.8997603883649973 0.9564012411327093 0
3405 0.8299058940077801 0.999828452310916 0
3406 0.8066848763762005 0.9149918305725346 0
3407 0.8692331174169283 0.9246302823498679 0
3408 0.8648331411863888 0.9781148467218125 0
3409 0.8022849001456482 0.9684763949444668 0
3410 0.8357590087812883 0.9465533386471672 0
3411 1.12381751144176 1.188148606545462 0
3412 1.078224848349531 1.206887038556935 0
3413 1.032632185257302 1.225625470568408 0
3414 0.9013032122167475 1.079791749900114 0
3415 0.9786701223452031 1.038166301572992 0
3416 1.075435048409479 1.138154504887877 0
3417 0.9888558609104189 1.177014230345611 0
3418 0.9399866672809756 1.058979025736553 0
3419 1.027052585377301 1.088160403230394 0
3420 1.032145454659949 1.157584367616744 0
3421 0.9450795365635698 1.128402990122849 0
3422 0.9860660609704358 1.108281696676622 0
3423 1.430541656055027 1.50319253749415 0
3424 1.370348517297806 1.515650280176051 0
3425 1.310155378540584 1.528108022857952 0
3426 1.102012983578081 1.301246108640752 0
3427 1.200498547594952 1.266909589282509 0
3428 1.353860619901579 1.424431554756846 0
3429 1.24077458021972 1.452487384785522 0
3430 1.151255765586516 1.284077848961631 0
3431 1.277179583748163 1.345670572019575 0
3432 1.297317600060649 1.438459469771185 0
3433 1.171393781898866 1.376866746713103 0
3434 1.224286682823514 1.361268659366339 0
3435 1.420116533905334 1.64608101714347 0
3436 1.552072908707899 1.627394403120629 0
3437 1.795135414013735 1.875798134373677 0
3438 1.640038844634864 1.882027005714535 0
3439 1.486094721306627 1.636737710132049 0
3440 1.67360416136062 1.751596268746956 0
3441 1.717587129324331 1.878912570044106 0
3442 1.530077689270033 1.764054011428937 0
3443 1.601840925315348 1.757825140087947 0
3444 1.066097547532042 0.105519646734436 0
3445 1.044343517845601 0.2205018475061247 0
3446 1.006270737128475 0.3445427387574151 0
3447 0.948372651403009 0.4767012962550489 0
3448 0.8668952201630001 0.6153501806648302 0
3449 1.161709852234677 0.1063392120375808 0
3450 1.137191564914805 0.2249857168598673 0
3451 1.096469058786465 0.3568095762523449 0
3452 1.035890529446435 0.5025941865609158 0
3453 0.9514173128992227 0.6630286672948493 0
3454 1.289470818054927 0.1090204079832613 0
3455 1.263415984052376 0.2346129041437869 0
3456 1.221982510870838 0.3794918181949896 0
3457 1.161542428262228 0.5469314263261618 0
3458 1.077965854249482 0.7409617787893293 0
3459 1.460587894311274 0.115093736860849 0
3460 1.43585114689375 0.2531970957336563 0
3461 1.3978940559263 0.4197167667184706 0
3462 1.34346163431279 0.6215552954890167 0
3463 1.26875429365843 0.867601773314878 0
3464 1.690396678657941 0.1271259913737093 0
3465 1.672701532093519 0.2870399077121141 0
3466 1.646328080965412 0.4891112546227305 0
3467 1.609054787057179 0.7455714027175282 0
3468 1.558232129375976 1.072435228722262 0
3469 1.072538684027054 0.02637991168360899 0
3470 1.070391638528717 0.05275982336721798 0
3471 1.06824459303038 0.07913973505082697 0
3472 1.048173646305874 0.1055556115492897 0
3473 1.030249745079706 0.1055915763641434 0
3474 1.012325843853539 0.1056275411789972 0
3475 1.017872032201563 0.02644162067586904 0
3476 1.054316466751875 0.02640048134769567 0
3477 1.050395896203734 0.0791829139510494 0
3478 1.014698502550457 0.07926927175149429 0
3479 1.036094249476718 0.02642105101178236 0
3480 1.052443605137592 0.05279632936598428 0
3481 1.032547199377095 0.07922609285127184 0
3482 1.016547538355373 0.0528693413635169 0
3483 1.034495571746481 0.05283283536475059 0
3484 1.060659040110432 0.1342651969273581 0
3485 1.055220532688822 0.1630107471202804 0
3486 1.049782025267211 0.1917562973132025 0
3487 1.027195692698464 0.2200959036955583 0
3488 1.010047867551328 0.2196899598849919 0
3489 0.9929000424041909 0.2192840160744254 0
3490 1.008384903333793 0.1341834875444425 0
3491 1.043234327851553 0.1342379604663863 0
3492 1.032744390558656 0.1915139372607283 0
3493 0.9986691211415462 0.1910292171557797 0
3494 1.025809615592673 0.1342107240054144 0
3495 1.038090950333459 0.1628926838675338 0
3496 1.015706755850101 0.191271577208254 0
3497 1.003831785622733 0.1626565573620408 0
3498 1.020961367978096 0.1627746206147873 0
3499 1.03482532266632 0.2515120703189473 0
3500 1.025307127487038 0.2825222931317699 0
3501 1.015788932307756 0.3135325159445925 0
3502 0.9899579151836424 0.3429951723038073 0
3503 0.9736450932388099 0.3414476058501995 0
3504 0.9573322712939774 0.3399000393965916 0
3505 0.9850573853066138 0.2497312900244831 0
3506 1.018236010213085 0.2509184768874593 0
3507 0.9996150175744342 0.3123753481623368 0
3508 0.9672671881077894 0.3100610125978253 0
3509 1.001646697759849 0.2503248834559711 0
3510 1.00904178808634 0.2816807149606149 0
3511 0.9834411028411119 0.3112181803800811 0
3512 0.976511109284945 0.2799975586183048 0
3513 0.9927764486856427 0.2808391367894598 0
3514 0.9917962156971084 0.3775823781318235 0
3515 0.9773216942657419 0.410622017506232 0
3516 0.9628471728343755 0.4436616568806404 0
3517 0.9330070405364378 0.4730114374719976 0
3518 0.9176414296698667 0.4693215786889464 0
3519 0.9022758188032955 0.4656317199058951 0
3520 0.944747563869764 0.3718335813655985 0
3521 0.9761133317546604 0.3756661125430819 0
3522 0.9476340394643576 0.440683050149891 0
3523 0.9172077727243226 0.4347258366883924 0
3524 0.9604304478122122 0.3737498469543402 0
3525 0.9620041377330604 0.4082316951869574 0
3526 0.9324209060943404 0.4377044434191417 0
3527 0.9313690246676971 0.4034510505484087 0
3528 0.9466865812003789 0.4058413728676831 0
3529 0.9280032935930067 0.5113635173574942 0
3530 0.9076339357830046 0.5460257384599395 0
3531 0.8872645779730024 0.5806879595623848 0
3532 0.852676946077971 0.6081124647357047 0
3533 0.8384586719929419 0.6008747488065791 0
3534 0.8242403979079127 0.5936370328774536 0
3535 0.8840583931388424 0.4984092613473304 0
3536 0.9133549934416185 0.5070454320207729 0
3537 0.8731835033190555 0.5746063746566746 0
3538 0.8450213540111621 0.5624432048452543 0
3539 0.8987066932902305 0.5027273466840516 0
3540 0.8934117303750091 0.5409139267248892 0
3541 0.8591024286651088 0.5685247897509644 0
3542 0.864967319559018 0.5306903032547891 0
3543 0.8791895249670135 0.5358021149898393 0
3544 0.8396797417808962 0.6510209621572688 0
3545 0.8124642633987924 0.6866917436497073 0
3546 0.7852487850166885 0.7223625251421459 0
3547 0.799503351523401 0.6263190392613394 0
3548 0.8262876116950657 0.642786987858627 0
3549 0.7725898329501913 0.7113934900622415 0
3550 0.7472719288171843 0.6894554199024205 0
3551 0.8128954816092318 0.6345530135599815 0
3552 0.799588604939629 0.6772180290544194 0
3553 0.7599308808836827 0.7004244549823258 0
3554 0.7738372880212941 0.6582705998638352 0
3555 0.7867129464804581 0.6677443144591237 0
3556 1.170353066942044 0.02658480300939521 0
3557 1.167471995372922 0.05316960601879041 0
3558 1.1645909238038 0.07975440902818562 0
3559 1.137806776059019 0.1061343207117946 0
3560 1.11390369988336 0.1059294293860084 0
3561 1.090000623707701 0.1057245380602222 0
3562 1.096992279755833 0.02643113451505554 0
3563 1.145899471213319 0.02653358017794866 0
3564 1.140504341110452 0.07960074053384596 0
3565 1.092331175723745 0.07929340354516663 0
3566 1.121445875484628 0.0264823573465021 0
3567 1.143201906161885 0.05306716035589731 0
3568 1.116417758417116 0.07944707203950629 0
3569 1.094661727739789 0.05286226903011108 0
3570 1.118931816950872 0.05296471469300419 0
3571 1.155580280404709 0.1360008382431525 0
3572 1.149450708574741 0.1656624644487241 0
3573 1.143321136744773 0.1953240906542957 0
3574 1.113979553147504 0.2238647495214317 0
3575 1.090767541380203 0.222743782182996 0
3576 1.067555529612902 0.2216228148445604 0
3577 1.084389350184002 0.1346991072563067 0
3578 1.13184997033114 0.1355669279142039 0
3579 1.119936358875382 0.1944321423190224 0
3580 1.073166803136602 0.1926482456484758 0
3581 1.108119660257571 0.1351330175852553 0
3582 1.125893164603261 0.1649995351166132 0
3583 1.096551581005992 0.1935401939837491 0
3584 1.078778076660302 0.1636736764523913 0
3585 1.102335620631782 0.1643366057845022 0
3586 1.12701093838272 0.2579416817079867 0
3587 1.116830311850634 0.2908976465561061 0
3588 1.106649685318549 0.3238536114042255 0
3589 1.073919478371967 0.3537428668786124 0
3590 1.05136989795747 0.35067615750488 0
3591 1.028820317542972 0.3476094481311476 0
3592 1.05787172659542 0.2531194731662071 0
3593 1.10396453445362 0.2563342788607268 0
3594 1.083934497065851 0.3212733375393172 0
3595 1.038504120560455 0.3161127898095007 0
3596 1.08091813052452 0.254726876013467 0
3597 1.093949515759735 0.288803808200022 0
3598 1.061219308813153 0.318693063674409 0
3599 1.048187923577937 0.284616131487854 0
3600 1.071068719668836 0.286709969843938 0
3601 1.081324426451457 0.3932557288294877 0
3602 1.06617979411645 0.4297018814066303 0
3603 1.051035161781442 0.4661480339837731 0
3604 1.014011059935578 0.496120963984449 0
3605 0.9921315904247219 0.4896477414079823 0
3606 0.9702521209138655 0.4831745188315156 0
3607 1.014178268385696 0.3815007158062396 0
3608 1.05894237376287 0.3893373911550716 0
3609 1.028988164544675 0.4605264397079898 0
3610 0.9848941700711422 0.4492832511564236 0
3611 1.036560321074283 0.3854190534806556 0
3612 1.043965269153773 0.4249319154315306 0
3613 1.006941167307909 0.4549048454322068 0
3614 0.999536219228419 0.4153919834813316 0
3615 1.021750744191096 0.4201619494564311 0
3616 1.014772225309632 0.5427028067443992 0
3617 0.9936539211728288 0.5828114269278826 0
3618 0.9725356170360258 0.6229200471113659 0
3619 0.9302867897151671 0.6511090456373445 0
3620 0.9091562665311115 0.6391894239798397 0
3621 0.8880257433470558 0.627269802322335 0
3622 0.9496955265221629 0.5191983397042205 0
3623 0.9930799923804756 0.5348679843976729 0
3624 0.95121785727027 0.6123620252241206 0
3625 0.9085823377387581 0.5912459814496301 0
3626 0.9713877594513192 0.5270331620509466 0
3627 0.9721489248253727 0.5736150048108968 0
3628 0.9299000975045143 0.6018040033368752 0
3629 0.9291389321304606 0.5552221605769252 0
3630 0.9506439284779167 0.564418582693911 0
3631 0.9232495864420454 0.7069581022387653 0
3632 0.895081859984868 0.7508875371826813 0
3633 0.8669141335276906 0.7948169721265973 0
3634 0.860572202946181 0.6650052471776404 0
3635 0.902357125276758 0.6929738172183914 0
3636 0.8464977963999407 0.7767033603804849 0
3637 0.8056651221444315 0.7404761368882512 0
3638 0.8814646641114683 0.6789895321980144 0
3639 0.8744274608383494 0.7348385887994381 0
3640 0.8260814592721817 0.7585897486343638 0
3641 0.8331186625453064 0.7027406920329458 0
3642 0.8537730616918249 0.7187896404161891 0
3643 1.299819862610538 0.02725510199581534 0
3644 1.296370181092001 0.05451020399163067 0
3645 1.292920499573464 0.08176530598744601 0
3646 1.257530576599864 0.1083501089968412 0
3647 1.225590335144802 0.1076798100104211 0
3648 1.19365009368974 0.107009511024001 0
3649 1.202719765859156 0.02675237775600024 0
3650 1.267453163693361 0.02708752724921031 0
3651 1.26083810563103 0.08126258174763093 0
3652 1.196673317746212 0.08025713326800071 0
3653 1.235086464776183 0.02691995250260527 0
3654 1.264145634662195 0.05417505449842061 0
3655 1.228755711688596 0.08075985750781584 0
3656 1.199696541802684 0.05350475551200048 0
3657 1.231921088232389 0.05383990500521055 0
3658 1.282957109554289 0.1404185320233927 0
3659 1.276443401053652 0.1718166560635241 0
3660 1.269929692553014 0.2032147801036555 0
3661 1.231859879267983 0.232206107322807 0
3662 1.20030377448359 0.2297993105018271 0
3663 1.168747669699198 0.2273925136808472 0
3664 1.187424487692104 0.1371052616882125 0
3665 1.251112902266895 0.1393141085783327 0
3666 1.238277553600954 0.2012421077413156 0
3667 1.174973275696833 0.1972967630166356 0
3668 1.219268694979499 0.1382096851332726 0
3669 1.244695227933924 0.1702781081598241 0
3670 1.206625414648893 0.1992694353789756 0
3671 1.181198881694469 0.1672010123524241 0
3672 1.212947054814196 0.1687395602561241 0
3673 1.253057615756992 0.2708326326565876 0
3674 1.242699247461607 0.3070523611693883 0
3675 1.232340879166222 0.3432720896821889 0
3676 1.190604147849744 0.3738212577093284 0
3677 1.159225784828651 0.3681506972236672 0
3678 1.127847421807558 0.3624801367380061 0
3679 1.158522607726288 0.2611644194451369 0
3680 1.221545946413424 0.2676098949194374 0
3681 1.200918080704304 0.338417470112698 0
3682 1.138072483780468 0.3287082309737164 0
3683 1.190034277069856 0.2643871571822871 0
3684 1.211232013558864 0.3030136825160677 0
3685 1.169495282242386 0.3335628505432072 0
3686 1.148297545753378 0.2949363252094266 0
3687 1.179764779656121 0.2989750038627472 0
3688 1.206872490218685 0.4213517202277826 0
3689 1.191762469566533 0.4632116222605757 0
3690 1.176652448914381 0.5050715242933688 0
3691 1.13012945355828 0.5358471163848503 0
3692 1.098716478854332 0.5247628064435388 0
3693 1.067303504150383 0.5136784965022273 0
3694 1.112711442393264 0.4002797266790614 0
3695 1.175485474276878 0.4143277223782088 0
3696 1.145248127131146 0.49534065171597 0
3697 1.082439483564677 0.4758789065611719 0
3698 1.144098458335071 0.4073037245286352 0
3699 1.160366800704012 0.4548341870470893 0
3700 1.113843805347912 0.485609779138571 0
3701 1.097575462978971 0.4380793166201167 0
3702 1.128971131841491 0.446456751833603 0
3703 1.140648284759042 0.5954390144419537 0
3704 1.119754141255855 0.6439466025577456 0
3705 1.098859997752668 0.6924541906735374 0
3706 1.046328718911917 0.7214785009157093 0
3707 1.014691583574352 0.7019952230420894 0
3708 0.9830544482367874 0.6825119451684694 0
3709 1.046241240171984 0.5558868586687877 0
3710 1.109179269896689 0.582254962517565 0
3711 1.067278902573508 0.6750706547829946 0
3712 1.004116712215187 0.6403035830019088 0
3713 1.077710255034337 0.5690709105931765 0
3714 1.088229086235098 0.6286628086502799 0
3715 1.035697807394347 0.6576871188924518 0
3716 1.025178976193585 0.5980952208353484 0
3717 1.056704031214342 0.6133790147428141 0
3718 1.050141401945767 0.7973883453506527 0
3719 1.022316949642052 0.8538149119119762 0
3720 0.9944924973383377 0.9102414784732996 0
3721 0.9549725403179797 0.7295656630167411 0
3722 1.018418448069839 0.7747807845726835 0
3723 0.9625979063856837 0.8813853518866318 0
3724 0.8988087244803643 0.8236730987132848 0
3725 0.9866954941939061 0.7521732237947092 0
3726 0.9905081772277616 0.8280830682296576 0
3727 0.9307033154330144 0.8525292252999486 0
3728 0.9268906323991719 0.776619380865013 0
3729 0.9586994048134603 0.8023512245473289 0
3730 1.471286192679487 0.02877343421521225 0
3731 1.467720093223416 0.0575468684304245 0
3732 1.464153993767345 0.08632030264563675 0
3733 1.417808625247188 0.1135754046414521 0
3734 1.3750293561831 0.1120570724220552 0
3735 1.332250087119013 0.1105387402026583 0
3736 1.342686445127784 0.02763468505066457 0
3737 1.428419610162253 0.02839385116036302 0
3738 1.421345620218876 0.08518155348108906 0
3739 1.335728873121937 0.0829040551519937 0
3740 1.385553027645019 0.02801426810551379 0
3741 1.424882615190564 0.05678770232072605 0
3742 1.378537246670406 0.08404280431654138 0
3743 1.339207659124861 0.05526937010132913 0
3744 1.382045137157713 0.05602853621102759 0
3745 1.454403707456893 0.1496195765790508 0
3746 1.448219520602512 0.1841454162972527 0
3747 1.442035333748131 0.2186712560154545 0
3748 1.392742356183406 0.248551047836189 0
3749 1.349633565473063 0.2439049999387216 0
3750 1.30652477476272 0.2392589520412543 0
3751 1.32581875902994 0.1427187931623073 0
3752 1.411542057981242 0.1473193154401363 0
3753 1.399008923449351 0.2148071370375048 0
3754 1.312956102851793 0.2070788990816053 0
3755 1.368680408505591 0.1450190543012218 0
3756 1.405275490715297 0.1810632262388205 0
3757 1.355982513150572 0.2109430180595551 0
3758 1.319387430940867 0.1748988461219563 0
3759 1.362331460828082 0.1779810361803884 0
3760 1.426361874151887 0.2948270134798599 0
3761 1.416872601410025 0.3364569312260635 0
3762 1.407383328668163 0.378086848972267 0
3763 1.353916169662435 0.4096605295876004 0
3764 1.309938283398569 0.3996042924567301 0
3765 1.265960397134703 0.3895480553258598 0
3766 1.296383680355716 0.2768312278624057 0
3767 1.383035809553163 0.2888284182740418 0
3768 1.363622716292678 0.3693831591497475 0
3769 1.276101491541707 0.3519757795047084 0
3770 1.33970974495444 0.2828298230682237 0
3771 1.37332926292292 0.3291057887118947 0
3772 1.319862103917192 0.3606794693272281 0
3773 1.286242585948712 0.3144035036835571 0
3774 1.329785924435816 0.3217546461977259 0
3775 1.384285950522923 0.4701763989111071 0
3776 1.370677845119545 0.5206360311037437 0
3777 1.357069739716168 0.5710956632963802 0
3778 1.29798183280015 0.6028993281983029 0
3779 1.252502031287509 0.5842433609075892 0
3780 1.207022229774869 0.5655873936168755 0
3781 1.251225855294744 0.4335578898986137 0
3782 1.339932585446863 0.4579702292402759 0
3783 1.311965417015721 0.5545896285456273 0
3784 1.221756771614827 0.5215775590441216 0
3785 1.295579220370804 0.4457640595694449 0
3786 1.325949001231292 0.5062799288929517 0
3787 1.266861094315274 0.5380835937948745 0
3788 1.236491313454786 0.4775677244713676 0
3789 1.281220157343039 0.4919238266821597 0
3790 1.3247847991492 0.683066914945482 0
3791 1.30610796398561 0.7445785344019473 0
3792 1.28743112882202 0.8060901538584127 0
3793 1.221057183806193 0.8359417746834908 0
3794 1.173360073953956 0.8042817760521037 0
3795 1.125662964101719 0.7726217774207165 0
3796 1.186682413356581 0.6173459895678358 0
3797 1.27875067055166 0.6611599398195999 0
3798 1.240288346054682 0.777681163062194 0
3799 1.146002780520007 0.7208631814697561 0
3800 1.232716541954121 0.6392529646937178 0
3801 1.259519508303172 0.7194205514408969 0
3802 1.193145563287344 0.749272172265975 0
3803 1.166342596938294 0.669104585518796 0
3804 1.212931052620732 0.6942625684798465 0
3805 1.24391826387732 0.9430538736196556 0
3806 1.21908223409621 1.018505973924433 0
3807 1.194246204315099 1.093958074229211 0
3808 1.098585617428647 0.8338047274178952 0
3809 1.195474048394397 0.9066374915523704 0
3810 1.144307777570805 1.048028925290129 0
3811 1.044430924082503 0.9561706274122523 0
3812 1.147029832911509 0.8702211094851195 0
3813 1.169890912982601 0.9773332084212498 0
3814 1.094369350826614 1.002099776351151 0
3815 1.071508270755575 0.8949876774150739 0
3816 1.120699591869061 0.9361604429181354 0
3817 1.698541983420577 0.03178149784342732 0
3818 1.695826881833032 0.06356299568685464 0
3819 1.693111780245486 0.09534449353028196 0
3820 1.632944482571274 0.1241179277454942 0
3821 1.575492286484608 0.1211098641172791 0
3822 1.518040090397941 0.1181018004890641 0
3823 1.528100140364621 0.02952545012226602 0
3824 1.641728035735134 0.03102948193637355 0
3825 1.635872333625895 0.09308844580912065 0
3826 1.521393440386835 0.08857635036679806 0
3827 1.584914088049827 0.03027746602931979 0
3828 1.638800184680514 0.06205896387274711 0
3829 1.578632887006347 0.09083239808795936 0
3830 1.524746790375728 0.05905090024453204 0
3831 1.581773487528087 0.06055493205863957 0
3832 1.685972892016835 0.1671044704583105 0
3833 1.68154910537573 0.2070829495429117 0
3834 1.677125318734624 0.2470614286275129 0
3835 1.613488935793576 0.2785792047174997 0
3836 1.554276339493634 0.2701185017228852 0
3837 1.495063743193692 0.2616577987282708 0
3838 1.512296003596879 0.1539908000488658 0
3839 1.62808059587685 0.1627332469884956 0
3840 1.618352822488001 0.2399638854744983 0
3841 1.500807829994754 0.2257687991684691 0
3842 1.570188299736864 0.1583620235186807 0
3843 1.623216709182425 0.201348566231497 0
3844 1.559580326241377 0.2328663423214837 0
3845 1.506551916795817 0.1898797996086674 0
3846 1.564884312989121 0.1956141829200822 0
3847 1.666108169311492 0.3375577444397682 0
3848 1.659514806529466 0.3880755811674224 0
3849 1.652921443747439 0.4385934178950764 0
3850 1.584219574705634 0.4717626326466655 0
3851 1.522111068445856 0.4544140106706006 0
3852 1.460002562186078 0.4370653886945356 0
3853 1.486298447941789 0.305509696219837 0
3854 1.606171595521591 0.3268750616997911 0
3855 1.59153691497762 0.4234667756643741 0
3856 1.468767857437982 0.3932134912029693 0
3857 1.54623502173169 0.316192378959814 0
3858 1.598854255249605 0.3751709186820826 0
3859 1.530152386207801 0.4083401334336717 0
3860 1.477533152689885 0.3493615937114032 0
3861 1.538193703969745 0.3622662561967429 0
3862 1.637009757488354 0.5532262916464299 0
3863 1.627691434011296 0.6173413286701294 0
3864 1.618373110534238 0.6814563656938288 0
3865 1.542656498871082 0.7145673759104003 0
3866 1.476258210684985 0.6835633491032724 0
3867 1.409859922498887 0.6525593222961446 0
3868 1.447466902264281 0.4909388720949378 0
3869 1.573828805746996 0.5324638184625992 0
3870 1.55304726782972 0.6538661900944667 0
3871 1.422395582420685 0.5986858388957423 0
3872 1.510647854005638 0.5117013452787684 0
3873 1.563438036788358 0.5931650042785328 0
3874 1.487721425125202 0.6262760144951045 0
3875 1.434931242342483 0.54481235549534 0
3876 1.49918463956542 0.5689886798869366 0
3877 1.596349122636878 0.8272873592187115 0
3878 1.583643458216577 0.9090033157198949 0
3879 1.570937793796277 0.9907192722210783 0
3880 1.485862670446589 1.021226864870416 0
3881 1.413493211517203 0.9700185010185698 0
3882 1.341123752587817 0.9188101371667239 0
3883 1.39267588002112 0.7191220260137894 0
3884 1.528458041764959 0.7912322481504042 0
3885 1.500061127552712 0.9445619926304119 0
3886 1.358307795065584 0.8522474334490791 0
3887 1.460566960893039 0.7551771370820968 0
3888 1.514259584658836 0.867897120390408 0
3889 1.429184461309148 0.8984047130397455 0
3890 1.375491837543352 0.7856847297314342 0
3891 1.444875711101094 0.8267909250609211 0
3892 1.541357795735044 1.177010120244758 0
3893 1.524483462094112 1.281585011767255 0
3894 1.507609128453181 1.386159903289752 0
3895 1.318278146841709 1.00154293527589 0
3896 1.466997912770569 1.118521058588439 0
3897 1.429268397418528 1.313109446024485 0
3898 1.272586935349495 1.167008531494221 0
3899 1.392638029806105 1.06003199693213 0
3900 1.448133155094549 1.215815252306462 0
3901 1.350927666383909 1.240058988759251 0
3902 1.295432541095602 1.084275733385055 0
3903 1.371782848095007 1.15004549284569 0
3904 1.922599169664485 0.1438100921313792 0
3905 1.84519833932897 0.1382487252121559 0
3906 1.767797508993456 0.1326873582929326 0
3907 1.773906487565418 0.03317183957323394 0
3908 1.924635495855243 0.03595252303284718 0
3909 1.923277945061404 0.1078575690985289 0
3910 1.76983383518411 0.09951551871969762 0
3911 1.849270991710285 0.03456218130304056 0
3912 1.923956720458324 0.07190504606569119 0
3913 1.846555890122742 0.1036865439091133 0
3914 1.771870161374764 0.06634367914646683 0
3915 1.847913440916513 0.06912436260607902 0
3916 1.91817538302338 0.3316111846943774 0
3917 1.836350766046759 0.3167540923669563 0
3918 1.754526149070139 0.3018970000395352 0
3919 1.764479669012627 0.1749897687295917 0
3920 1.921493223004209 0.190760365272154 0
3921 1.919281329683656 0.2846609115536539 0
3922 1.757843989050968 0.2595945896028933 0
3923 1.842986446008418 0.1828750670008729 0
3924 1.920387276343932 0.2377106384129288 0
3925 1.838562659367312 0.2721277505782737 0
3926 1.761161829031797 0.2172921791662507 0
3927 1.840774552687865 0.2275014087895897 0
3928 1.911582020241353 0.5771821298483182 0
3929 1.823164040482706 0.5478251714397889 0
3930 1.734746060724059 0.5184682130312597 0
3931 1.749581126983619 0.3560398032874664 0
3932 1.916527042327873 0.3930039209828626 0
3933 1.91323036093686 0.5157893935598331 0
3934 1.739691082810579 0.4643254097833286 0
3935 1.833054084655746 0.3745218621351645 0
3936 1.914878701632366 0.4543966572713478 0
3937 1.82646072187372 0.4900574016715808 0
3938 1.744636104897099 0.4101826065353975 0
3939 1.829757403264733 0.4322896319033727 0
3940 1.902263696764295 0.8986712888808349 0
3941 1.80452739352859 0.847637993493066 0
3942 1.706791090292885 0.7966046981052971 0
3943 1.727757318116266 0.5880023342997691 0
3944 1.909252439372089 0.6575544196064473 0
3945 1.904593277633559 0.8182989991227059 0
3946 1.713779832900678 0.7270705768367878 0
3947 1.818504878744177 0.6227783769531082 0
3948 1.906922858502824 0.7379267093645766 0
3949 1.809186555267119 0.7726847879797467 0
3950 1.720768575508472 0.6575364555682784 0
3951 1.813845717005648 0.6977315824664274 0
3952 1.889558032343994 1.319994434691384 0
3953 1.779116064687988 1.237474699368343 0
3954 1.668674097031982 1.154954964045302 0
3955 1.697261841977659 0.8861922645902395 0
3956 1.899087280659219 1.004002075333295 0
3957 1.892734448449069 1.214663648238688 0
3958 1.678203345347207 1.065367397560282 0
3959 1.798174561318439 0.9450971699617674 0
3960 1.895910864554144 1.109332861785992 0
3961 1.785468896898138 1.140015522899485 0
3962 1.687732593662433 0.9757798310752605 0
3963 1.791821729108289 1.042556346430626 0
3964 1.656018346801289 1.270728997061279 0
3965 1.885339448933808 1.45816675069435 0
3966 1.876902282113435 1.734511382700282 0
3967 1.630706846339901 1.502277063093232 0
3968 1.770678897867482 1.364447873877749 0
3969 1.881120865523621 1.596339066697316 0
3970 1.753804564226471 1.61839422289656 0
3971 1.643362596570595 1.386503030077255 0
3972 1.762241731046977 1.491421048387155 0
3973 2.571428576910801 0.1493714590506026 0
3974 2.571428574463082 0.3464682770217986 0
3975 2.571428571233296 0.6065390882568473 0
3976 2.571428566971568 0.9497045842686038 0
3977 2.571428561348185 1.402514170014425 0
3978 3.714285716591573 0.1493714590506025 0
3979 3.714285714634078 0.3464682770217986 0
3980 3.714285712051148 0.6065390882568473 0
3981 3.71428570864295 0.9497045842686038 0
3982 3.714285704145806 1.402514170014425 0
3983 2.571428578302069 0.03734286476265064 0
3984 2.571428577838313 0.07468572952530128 0
3985 2.571428577374557 0.1120285942879519 0
3986 2.4285714326831 0.1493714590506026 0
3987 2.2857142884554 0.1493714590506026 0
3988 2.1428571442277 0.1493714590506025 0
3989 2.142857144575705 0.03734286476265301 0
3990 2.428571433726602 0.03734286476265143 0
3991 2.428571433030934 0.1120285942879501 0
3992 2.142857144343702 0.1120285942879464 0
3993 2.285714289151176 0.03734286476265222 0
3994 2.428571433378768 0.07468572952530181 0
3995 2.285714288687326 0.1120285942879483 0
3996 2.142857144459703 0.07468572952530285 0
3997 2.285714288919251 0.07468572952530234 0
3998 2.571428576298871 0.1986456635434016 0
3999 2.571428575686941 0.2479198680362006 0
4000 2.571428575075011 0.2971940725289995 0
4001 2.428571430847311 0.3464682770217986 0
4002 2.285714287231541 0.3464682770217986 0
4003 2.14285714361577 0.3464682770217986 0
4004 2.142857144074718 0.1986456635434268 0
4005 2.428571432224153 0.19864566354341 0
4006 2.428571431306259 0.2971940725290082 0
4007 2.142857143768753 0.2971940725290256 0
4008 2.285714288149435 0.1986456635434184 0
4009 2.428571431765206 0.2479198680362174 0
4010 2.285714287537505 0.2971940725290169 0
4011 2.142857143921735 0.247919868036251 0
4012 2.28571428784347 0.2479198680362341 0
4013 2.571428573655635 0.4114859798305607 0
4014 2.571428572848188 0.476503682639323 0
4015 2.571428572040742 0.5415213854480851 0
4016 2.428571428424972 0.6065390882568473 0
4017 2.285714285616648 0.6065390882568473 0
4018 2.142857142808324 0.6065390882568473 0
4019 2.142857143413909 0.4114859798305607 0
4020 2.428571430241727 0.4114859798305608 0
4021 2.428571429030557 0.5415213854480851 0
4022 2.142857143010186 0.5415213854480851 0
4023 2.285714286827818 0.4114859798305607 0
4024 2.428571429636142 0.476503682639323 0
4025 2.285714286020371 0.5415213854480851 0
4026 2.142857143212047 0.476503682639323 0
4027 2.285714286424095 0.476503682639323 0
4028 2.571428570167864 0.6923304622597864 0
4029 2.571428569102432 0.7781218362627256 0
4030 2.571428568037 0.8639132102656647 0
4031 2.428571425228676 0.9497045842686038 0
4032 2.285714283485784 0.9497045842686038 0
4033 2.142857141742892 0.9497045842686038 0
4034 2.142857142541966 0.6923304622597864 0
4035 2.428571427625898 0.6923304622597864 0
4036 2.42857142602775 0.8639132102656647 0
4037 2.14285714200925 0.8639132102656647 0
4038 2.285714285083932 0.6923304622597864 0
4039 2.428571426826824 0.7781218362627256 0
4040 2.2857142840185 0.8639132102656647 0
4041 2.142857142275608 0.7781218362627256 0
4042 2.285714284551216 0.7781218362627256 0
4043 2.571428565565722 1.062906980705059 0
4044 2.571428564159877 1.176109377141514 0
4045 2.571428562754031 1.289311773577969 0
4046 2.428571421011139 1.402514170014425 0
4047 2.285714280674092 1.402514170014425 0
4048 2.142857140337046 1.402514170014425 0
4049 2.14285714139143 1.062906980704883 0
4050 2.428571424174292 1.062906980705 0
4051 2.428571422065524 1.28931177357795 0
4052 2.142857140688508 1.28931177357791 0
4053 2.285714282782861 1.062906980704941 0
4054 2.428571423119907 1.176109377141475 0
4055 2.285714281377015 1.28931177357793 0
4056 2.142857141039969 1.176109377141396 0
4057 2.285714282079939 1.176109377141436 0
4058 2.571428559493161 1.551885627510818 0
4059 2.571428557638136 1.701257085007212 0
4060 2.571428555783112 1.850628542503606 0
4061 2.14285713987329 1.551885627510818 0
4062 2.428571419619871 1.551885627510818 0
4063 2.428571416837334 1.850628542503606 0
4064 2.142857138945778 1.850628542503606 0
4065 2.28571427974658 1.551885627510818 0
4066 2.428571418228602 1.701257085007212 0
4067 2.285714277891556 1.850628542503606 0
4068 2.142857139409534 1.701257085007212 0
4069 2.285714278819068 1.701257085007212 0
4070 3.714285717704202 0.03734286476265063 0
4071 3.714285717333325 0.07468572952530127 0
4072 3.714285716962449 0.1120285942879519 0
4073 3.42857143167138 0.1493714590506025 0
4074 3.142857146751187 0.1493714590506026 0
4075 2.857142861830994 0.1493714590506026 0
4076 2.857142863152674 0.03734286476265064 0
4077 3.428571432853555 0.03734286476265063 0
4078 3.428571432065438 0.1120285942879519 0
4079 2.857142862271554 0.1120285942879519 0
4080 3.14285714800315 0.03734286476265064 0
4081 3.428571432459497 0.07468572952530127 0
4082 3.142857147168508 0.1120285942879519 0
4083 2.857142862712114 0.07468572952530128 0
4084 3.142857147585829 0.07468572952530128 0
4085 3.714285716102199 0.1986456635434015 0
4086 3.714285715612825 0.2479198680362005 0
4087 3.714285715123452 0.2971940725289995 0
4088 3.428571429591329 0.3464682770217986 0
4089 3.14285714454858 0.3464682770217986 0
4090 2.857142859505831 0.3464682770217986 0
4091 2.857142861249703 0.1986456635434016 0
4092 3.428571431151367 0.1986456635434015 0
4093 3.428571430111341 0.2971940725289995 0
4094 2.857142860087122 0.2971940725289995 0
4095 3.142857146200535 0.1986456635434016 0
4096 3.428571430631354 0.2479198680362006 0
4097 3.142857145099232 0.2971940725289995 0
4098 2.857142860668412 0.2479198680362005 0
4099 3.142857145649883 0.2479198680362005 0
4100 3.714285713988346 0.4114859798305607 0
4101 3.714285713342613 0.476503682639323 0
4102 3.71428571269688 0.5415213854480851 0
4103 3.428571426846685 0.6065390882568473 0
4104 3.142857141642222 0.6065390882568473 0
4105 2.857142856437759 0.6065390882568473 0
4106 2.857142858738813 0.4114859798305607 0
4107 3.428571428905167 0.4114859798305608 0
4108 3.428571427532846 0.5415213854480851 0
4109 2.857142857204777 0.5415213854480851 0
4110 3.142857143821991 0.4114859798305607 0
4111 3.428571428219007 0.476503682639323 0
4112 3.142857142368811 0.5415213854480851 0
4113 2.857142857971795 0.476503682639323 0
4114 3.1428571430954 0.476503682639323 0
4115 3.714285711199099 0.6923304622597864 0
4116 3.714285710347049 0.7781218362627256 0
4117 3.714285709494999 0.8639132102656647 0
4118 3.428571423225105 0.9497045842686038 0
4119 3.142857137807259 0.9497045842686038 0
4120 2.857142852389413 0.9497045842686038 0
4121 2.857142855425673 0.6923304622597864 0
4122 3.42857142594129 0.6923304622597864 0
4123 3.428571424130499 0.8639132102656647 0
4124 2.8571428534015 0.8639132102656647 0
4125 3.142857140683481 0.6923304622597864 0
4126 3.428571425035894 0.7781218362627256 0
4127 3.142857138766001 0.8639132102656647 0
4128 2.857142854413586 0.7781218362627256 0
4129 3.142857139724741 0.7781218362627256 0
4130 3.714285707518664 1.062906980705059 0
4131 3.714285706394378 1.176109377141514 0
4132 3.714285705270092 1.289311773577969 0
4133 3.428571418446401 1.402514170014425 0
4134 3.142857132746996 1.402514170014425 0
4135 2.85714284704759 1.402514170014425 0
4136 2.857142851053958 1.062906980705059 0
4137 3.428571422030428 1.062906980705059 0
4138 3.428571419641077 1.289311773577969 0
4139 2.857142848383046 1.289311773577969 0
4140 3.142857136542194 1.062906980705059 0
4141 3.428571420835753 1.176109377141514 0
4142 3.142857134012061 1.289311773577969 0
4143 2.857142849718501 1.176109377141514 0
4144 3.142857135277128 1.176109377141514 0
4145 3.714285702662302 1.551885627510818 0
4146 3.714285701178798 1.701257085007212 0
4147 3.714285699695294 1.850628542503606 0
4148 2.857142845285446 1.551885627510818 0
4149 3.428571416870017 1.551885627510818 0
4150 3.428571413717248 1.850628542503606 0
4151 2.857142841761157 1.850628542503606 0
4152 3.142857131077731 1.551885627510818 0
4153 3.428571415293632 1.701257085007212 0
4154 3.142857127739203 1.850628542503606 0
4155 2.857142843523302 1.701257085007212 0
4156 3.142857129408467 1.701257085007212 0
4157 5.428571429147893 0.1493714590506025 0
4158 4.857142858295786 0.1493714590506025 0
4159 4.28571428744368 0.1493714590506025 0
4160 4.285714288277161 0.03734286476265142 0
4161 5.428571429425741 0.03734286476265301 0
4162 5.428571429240509 0.1120285942879464 0
4163 4.285714287721508 0.1120285942879501 0
4164 4.857142858851323 0.03734286476265222 0
4165 5.428571429333125 0.07468572952530285 0
4166 4.857142858480964 0.1120285942879482 0
4167 4.285714287999334 0.07468572952530179 0
4168 4.857142858666144 0.07468572952530232 0
4169 5.428571428658519 0.3464682770217986 0
4170 4.857142857317039 0.3464682770217986 0
4171 4.285714285975558 0.3464682770217986 0
4172 4.285714287076649 0.19864566354341 0
4173 5.428571429025549 0.1986456635434267 0
4174 5.428571428780863 0.2971940725290256 0
4175 4.285714286342588 0.2971940725290082 0
4176 4.857142858051098 0.1986456635434183 0
4177 5.428571428903205 0.247919868036251 0
4178 4.857142857561725 0.2971940725290169 0
4179 4.285714286709619 0.2479198680362174 0
4180 4.857142857806413 0.2479198680362342 0
4181 5.428571428012787 0.6065390882568473 0
4182 4.857142856025574 0.6065390882568473 0
4183 4.285714284038361 0.6065390882568473 0
4184 4.285714285491259 0.4114859798305607 0
4185 5.428571428497087 0.4114859798305608 0
4186 5.42857142817422 0.5415213854480851 0
4187 4.28571428452266 0.5415213854480851 0
4188 4.857142856994172 0.4114859798305607 0
4189 5.428571428335653 0.476503682639323 0
4190 4.85714285634844 0.5415213854480851 0
4191 4.28571428500696 0.476503682639323 0
4192 4.857142856671306 0.476503682639323 0
4193 5.428571427160738 0.9497045842686038 0
4194 4.857142854321475 0.9497045842686038 0
4195 4.285714281482212 0.9497045842686038 0
4196 4.285714283399324 0.6923304622597864 0
4197 5.428571427799774 0.6923304622597864 0
4198 5.42857142737375 0.8639132102656647 0
4199 4.285714282121249 0.8639132102656647 0
4200 4.857142855599549 0.6923304622597864 0
4201 5.428571427586762 0.7781218362627256 0
4202 4.857142854747501 0.8639132102656647 0
4203 4.285714282760287 0.7781218362627256 0
4204 4.857142855173525 0.7781218362627256 0
4205 5.428571426036451 1.402514170014425 0
4206 4.857142852072903 1.402514170014425 0
4207 4.285714278109355 1.402514170014425 0
4208 4.285714280638998 1.062906980705 0
4209 5.428571426879666 1.062906980704882 0
4210 5.428571426317522 1.28931177357791 0
4211 4.285714278952569 1.28931177357795 0
4212 4.857142853759332 1.062906980704941 0
4213 5.428571426598594 1.176109377141397 0
4214 4.857142852635045 1.28931177357793 0
4215 4.285714279795783 1.176109377141475 0
4216 4.857142853197189 1.176109377141436 0
4217 4.285714276997265 1.551885627510818 0
4218 5.428571425665871 1.551885627510818 0
4219 5.428571424924712 1.850628542503606 0
4220 4.285714274773087 1.850628542503606 0
4221 4.857142851331702 1.551885627510818 0
4222 5.428571425295292 1.701257085007212 0
4223 4.857142849849299 1.850628542503606 0
4224 4.285714275885176 1.701257085007212 0
4225 4.857142850590501 1.701257085007212 0
$EndNodes
$Elements
392
1 15 2 1 1 1
2 15 2 2 2 2
3 15 2 3 3 3
4 15 2 4 4 4
5 15 2 5 5 5
6 15 2 6 6 6
7 15 2 7 7 7
8 15 2 8 8 8
9 15 2 9 9 9
10 15 2 10 10 10
11 15 2 11 11 11
12 15 2 12 12 12
13 15 2 13 13 13
14 15 2 14 14 14
15 27 2 1 1 1 15 29 30 31
16 27 2 1 1 15 16 32 33 34
17 27 2 1 1 16 17 35 36 37
18 27 2 1 1 17 18 38 39 40
19 27 2 1 1 18 19 41 42 43
20 27 2 1 1 19 20 44 45 46
21 27 2 1 1 20 21 47 48 49
22 27 2 1 1 21 22 50 51 52
23 27 2 1 1 22 23 53 54 55
24 27 2 1 1 23 24 56 57 58
25 27 2 1 1 24 25 59 60 61
26 27 2 1 1 25 26 62 63 64
27 27 2 1 1 26 27 65 66 67
28 27 2 1 1 27 28 68 69 70
29 27 2 1 1 28 2 71 72 73
30 27 2 2 2 2 74 79 80 81
31 27 2 2 2 74 75 82 83 84
32 27 2 2 2 75 76 85 86 87
33 27 2 2 2 76 77 88 89 90
34 27 2 2 2 77 78 91 92 93
35 27 2 2 2 78 3 94 95 96
36 27 2 3 3 3 97 102 103 104
37 27 2 3 3 97 98 105 106 107
38 27 2 3 3 98 99 108 109 110
39 27 2 3 3 99 100 111 112 113
40 27 2 3 3 100 101 114 115 116
41 27 2 3 3 101 4 117 118 119
42 27 2 4 4 4 120 125 126 127
43 27 2 4 4 120 121 128 129 130
44 27 2 4 4 121 122 131 132 133
45 27 2 4 4 122 123 134 135 136
46 27 2 4 4 123 124 137 138 139
47 27 2 4 4 124 5 140 141 142
48 27 2 5 5 5 143 148 149 150
49 27 2 5 5 143 144 151 152 153
50 27 2 5 5 144 145 154 155 156
51 27 2 5 5 145 146 157 158 159
52 27 2 5 5 146 147 160 161 162
53 27 2 5 5 147 6 163 164 165
54 27 2 6 6 6 166 171 172 173
55 27 2 6 6 166 167 174 175 176
56 27 2 6 6 167 168 177 178 179
57 27 2 6 6 168 169 180 181 182
58 27 2 6 6 169 170 183 184 185
59 27 2 6 6 170 7 186 187 188
60 27 2 7 7 7 189 194 195 196
61 27 2 7 7 189 190 197 198 199
62 27 2 7 7 190 191 200 201 202
63 27 2 7 7 191 192 203 204 205
64 27 2 7 7 192 193 206 207 208
65 27 2 7 7 193 8 209 210 211
66 27 2 8 8 8 212 214 215 216
67 27 2 8 8 212 213 217 218 219
68 27 2 8 8 213 9 220 221 222
69 27 2 9 9 9 223 228 229 230
70 27 2 9 9 223 224 231 232 233
71 27 2 9 9 224 225 234 235 236
72 27 2 9 9 225 226 237 238 239
73 27 2 9 9 226 227 240 241 242
74 27 2 9 9 227 10 243 244 245
75 27 2 10 10 10 246 248 249 250
76 27 2 10 10 246 247 251 252 253
77 27 2 10 10 247 11 254 255 256
78 27 2 11 11 11 257 262 263 264
79 27 2 11 11 257 258 265 266 267
80 27 2 11 11 258 259 268 269 270
81 27 2 11 11 259 260 271 272 273
82 27 2 11 11 260 261 274 275 276
83 27 2 11 11 261 12 277 278 279
84 27 2 12 12 12 280 285 286 287
85 27 2 12 12 280 281 288 289 290
86 27 2 12 12 281 282 291 292 293
87 27 2 12 12 282 283 294 295 296
88 27 2 12 12 283 284 297 298 299
89 27 2 12 12 284 13 300 301 302
90 27 2 13 13 13 303 317 318 319
91 27 2 13 13 303 304 320 321 322
92 27 2 13 13 304 305 323 324 325
93 27 2 13 13 305 306 326 327 328
94 27 2 13 13 306 307 329 330 331
95 27 2 13 13 307 308 332 333 334
96 27 2 13 13 308 309 335 336 337
97 27 2 13 13 309 310 338 339 340
98 27 2 13 13 310 311 341 342 343
99 27 2 13 13 311 312 344 345 346
100 27 2 13 13 312 313 347 348 349
101 27 2 13 13 313 314 350 351 352
102 27 2 13 13 314 315 353 354 355
103 27 2 13 13 315 316 356 357 358
104 27 2 13 13 316 14 359 360 361
105 27 2 14 14 14 362 367 368 369
106 27 2 14 14 362 363 370 371 372
107 27 2 14 14 363 364 373 374 375
108 27 2 14 14 364 365 376 377 378
109 27 2 14 14 365 366 379 380 381
110 27 2 14 14 366 1 382 383 384
111 27 2 15 15 13 385 390 391 392
112 27 2 15 15 385 386 393 394 395
113 27 2 15 15 386 387 396 397 398
114 27 2 15 15 387 388 399 400 401
115 27 2 15 15 388 389 402 403 404
116 27 2 15 15 389 2 405 406 407
117 27 2 16 16 4 408 413 414 415
118 27 2 16 16 408 409 416 417 418
119 27 2 16 16 409 410 419 420 421
120 27 2 16 16 410 411 422 423 424
121 27 2 16 16 411 412 425 426 427
122 27 2 16 16 412 13 428 429 430
123 27 2 17 17 5 431 436 437 438
124 27 2 17 17 431 432 439 440 441
125 27 2 17 17 432 433 442 443 444
126 27 2 17 17 433 434 445 446 447
127 27 2 17 17 434 435 448 449 450
128 27 2 17 17 435 12 451 452 453
129 27 2 18 18 6 454 459 460 461
130 27 2 18 18 454 455 462 463 464
131 27 2 18 18 455 456 465 466 467
132 27 2 18 18 456 457 468 469 470
133 27 2 18 18 457 458 471 472 473
134 27 2 18 18 458 11 474 475 476
135 27 2 19 19 8 477 482 483 484
136 27 2 19 19 477 478 485 486 487
137 27 2 19 19 478 479 488 489 490
138 27 2 19 19 479 480 491 492 493
139 27 2 19 19 480 481 494 495 496
140 27 2 19 19 481 11 497 498 499
141 37 2 1 1 1 15 500 366 29 30 31 570 571 572 573 574 575 382 383 384 576 577 578 579 580 581 582 583 584
142 37 2 1 1 366 500 501 365 575 574 573 585 586 587 588 589 590 379 380 381 591 592 593 594 595 596 597 598 599
143 37 2 1 1 365 501 502 364 590 589 588 600 601 602 603 604 605 376 377 378 606 607 608 609 610 611 612 613 614
144 37 2 1 1 364 502 503 363 605 604 603 615 616 617 618 619 620 373 374 375 621 622 623 624 625 626 627 628 629
145 37 2 1 1 363 503 504 362 620 619 618 630 631 632 633 634 635 370 371 372 636 637 638 639 640 641 642 643 644
146 37 2 1 1 362 504 316 14 635 634 633 645 646 647 359 360 361 367 368 369 648 649 650 651 652 653 654 655 656
147 37 2 1 1 15 16 505 500 32 33 34 657 658 659 660 661 662 572 571 570 663 664 665 666 667 668 669 670 671
148 37 2 1 1 500 505 506 501 662 661 660 672 673 674 675 676 677 587 586 585 678 679 680 681 682 683 684 685 686
149 37 2 1 1 501 506 507 502 677 676 675 687 688 689 690 691 692 602 601 600 693 694 695 696 697 698 699 700 701
150 37 2 1 1 502 507 508 503 692 691 690 702 703 704 705 706 707 617 616 615 708 709 710 711 712 713 714 715 716
151 37 2 1 1 503 508 509 504 707 706 705 717 718 719 720 721 722 632 631 630 723 724 725 726 727 728 729 730 731
152 37 2 1 1 504 509 315 316 722 721 720 732 733 734 356 357 358 647 646 645 735 736 737 738 739 740 741 742 743
153 37 2 1 1 16 17 510 505 35 36 37 744 745 746 747 748 749 659 658 657 750 751 752 753 754 755 756 757 758
154 37 2 1 1 505 510 511 506 749 748 747 759 760 761 762 763 764 674 673 672 765 766 767 768 769 770 771 772 773
155 37 2 1 1 506 511 512 507 764 763 762 774 775 776 777 778 779 689 688 687 780 781 782 783 784 785 786 787 788
156 37 2 1 1 507 512 513 508 779 778 777 789 790 791 792 793 794 704 703 702 795 796 797 798 799 800 801 802 803
157 37 2 1 1 508 513 514 509 794 793 792 804 805 806 807 808 809 719 718 717 810 811 812 813 814 815 816 817 818
158 37 2 1 1 509 514 314 315 809 808 807 819 820 821 353 354 355 734 733 732 822 823 824 825 826 827 828 829 830
159 37 2 1 1 17 18 515 510 38 39 40 831 832 833 834 835 836 746 745 744 837 838 839 840 841 842 843 844 845
160 37 2 1 1 510 515 516 511 836 835 834 846 847 848 849 850 851 761 760 759 852 853 854 855 856 857 858 859 860
161 37 2 1 1 511 516 517 512 851 850 849 861 862 863 864 865 866 776 775 774 867 868 869 870 871 872 873 874 875
162 37 2 1 1 512 517 518 513 866 865 864 876 877 878 879 880 881 791 790 789 882 883 884 885 886 887 888 889 890
163 37 2 1 1 513 518 519 514 881 880 879 891 892 893 894 895 896 806 805 804 897 898 899 900 901 902 903 904 905
164 37 2 1 1 514 519 313 314 896 895 894 906 907 908 350 351 352 821 820 819 909 910 911 912 913 914 915 916 917
165 37 2 1 1 18 19 520 515 41 42 43 918 919 920 921 922 923 833 832 831 924 925 926 927 928 929 930 931 932
166 37 2 1 1 515 520 521 516 923 922 921 933 934 935 936 937 938 848 847 846 939 940 941 942 943 944 945 946 947
167 37 2 1 1 516 521 522 517 938 937 936 948 949 950 951 952 953 863 862 861 954 955 956 957 958 959 960 961 962
168 37 2 1 1 517 522 523 518 953 952 951 963 964 965 966 967 968 878 877 876 969 970 971 972 973 974 975 976 977
169 37 2 1 1 518 523 524 519 968 967 966 978 979 980 981 982 983 893 892 891 984 985 986 987 988 989 990 991 992
170 37 2 1 1 519 524 312 313 983 982 981 993 994 995 347 348 349 908 907 906 996 997 998 999 1000 1001 1002 1003 1004
171 37 2 1 1 19 20 525 520 44 45 46 1005 1006 1007 1008 1009 1010 920 919 918 1011 1012 1013 1014 1015 1016 1017 1018 1019
172 37 2 1 1 520 525 526 521 1010 1009 1008 1020 1021 1022 1023 1024 1025 935 934 933 1026 1027 1028 1029 1030 1031 1032 1033 1034
173 37 2 1 1 521 526 527 522 1025 1024 1023 1035 1036 1037 1038 1039 1040 950 949 948 1041 1042 1043 1044 1045 1046 1047 1048 1049
174 37 2 1 1 522 527 528 523 1040 1039 1038 1050 1051 1052 1053 1054 1055 965 964 963 1056 1057 1058 1059 1060 1061 1062 1063 1064
175 37 2 1 1 523 528 529 524 1055 1054 1053 1065 1066 1067 1068 1069 1070 980 979 978 1071 1072 1073 1074 1075 1076 1077 1078 1079
176 37 2 1 1 524 529 311 312 1070 1069 1068 1080 1081 1082 344 345 346 995 994 993 1083 1084 1085 1086 1087 1088 1089 1090 1091
177 37 2 1 1 20 21 530 525 47 48 49 1092 1093 1094 1095 1096 1097 1007 1006 1005 1098 1099 1100 1101 1102 1103 1104 1105 1106
178 37 2 1 1 525 530 531 526 1097 1096 1095 1107 1108 1109 1110 1111 1112 1022 1021 1020 1113 1114 1115 1116 1117 1118 1119 1120 1121
179 37 2 1 1 526 531 532 527 1112 1111 1110 1122 1123 1124 1125 1126 1127 1037 1036 1035 1128 1129 1130 1131 1132 1133 1134 1135 1136
180 37 2 1 1 527 532 533 528 1127 1126 1125 1137 1138 1139 1140 1141 1142 1052 1051 1050 1143 1144 1145 1146 1147 1148 1149 1150 1151
181 37 2 1 1 528 533 534 529 1142 1141 1140 1152 1153 1154 1155 1156 1157 1067 1066 1065 1158 1159 1160 1161 1162 1163 1164 1165 1166
182 37 2 1 1 529 534 310 311 1157 1156 1155 1167 1168 1169 341 342 343 1082 1081 1080 1170 1171 1172 1173 1174 1175 1176 1177 1178
183 37 2 1 1 21 22 535 530 50 51 52 1179 1180 1181 1182 1183 1184 1094 1093 1092 1185 1186 1187 1188 1189 1190 1191 1192 1193
184 37 2 1 1 530 535 536 531 1184 1183 1182 1194 1195 1196 1197 1198 1199 1109 1108 1107 1200 1201 1202 1203 1204 1205 1206 1207 1208
185 37 2 1 1 531 536 537 532 1199 1198 1197 1209 1210 1211 1212 1213 1214 1124 1123 1122 1215 1216 1217 1218 1219 1220 1221 1222 1223
186 37 2 1 1 532 537 538 533 1214 1213 1212 1224 1225 1226 1227 1228 1229 1139 1138 1137 1230 1231 1232 1233 1234 1235 1236 1237 1238
187 37 2 1 1 533 538 539 534 1229 1228 1227 1239 1240 1241 1242 1243 1244 1154 1153 1152 1245 1246 1247 1248 1249 1250 1251 1252 1253
188 37 2 1 1 534 539 309 310 1244 1243 1242 1254 1255 1256 338 339 340 1169 1168 1167 1257 1258 1259 1260 1261 1262 1263 1264 1265
189 37 2 1 1 22 23 540 535 53 54 55 1266 1267 1268 1269 1270 1271 1181 1180 1179 1272 1273 1274 1275 1276 1277 1278 1279 1280
190 37 2 1 1 535 540 541 536 1271 1270 1269 1281 1282 1283 1284 1285 1286 1196 1195 1194 1287 1288 1289 1290 1291 1292 1293 1294 1295
191 37 2 1 1 536 541 542 537 1286 1285 1284 1296 1297 1298 1299 1300 1301 1211 1210 1209 1302 1303 1304 1305 1306 1307 1308 1309 1310
192 37 2 1 1 537 542 543 538 1301 1300 1299 1311 1312 1313 1314 1315 1316 1226 1225 1224 1317 1318 1319 1320 1321 1322 1323 1324 1325
193 37 2 1 1 538 543 544 539 1316 1315 1314 1326 1327 1328 1329 1330 1331 1241 1240 1239 1332 1333 1334 1335 1336 1337 1338 1339 1340
194 37 2 1 1 539 544 308 309 1331 1330 1329 1341 1342 1343 335 336 337 1256 1255 1254 1344 1345 1346 1347 1348 1349 1350 1351 1352
195 37 2 1 1 23 24 545 540 56 57 58 1353 1354 1355 1356 1357 1358 1268 1267 1266 1359 1360 1361 1362 1363 1364 1365 1366 1367
196 37 2 1 1 540 545 546 541 1358 1357 1356 1368 1369 1370 1371 1372 1373 1283 1282 1281 1374 1375 1376 1377 1378 1379 1380 1381 1382
197 37 2 1 1 541 546 547 542 1373 1372 1371 1383 1384 1385 1386 1387 1388 1298 1297 1296 1389 1390 1391 1392 1393 1394 1395 1396 1397
198 37 2 1 1 542 547 548 543 1388 1387 1386 1398 1399 1400 1401 1402 1403 1313 1312 1311 1404 1405 1406 1407 1408 1409 1410 1411 1412
199 37 2 1 1 543 548 549 544 1403 1402 1401 1413 1414 1415 1416 1417 1418 1328 1327 1326 1419 1420 1421 1422 1423 1424 1425 1426 1427
200 37 2 1 1 544 549 307 308 1418 1417 1416 1428 1429 1430 332 333 334 1343 1342 1341 1431 1432 1433 1434 1435 1436 1437 1438 1439
201 37 2 1 1 24 25 550 545 59 60 61 1440 1441 1442 1443 1444 1445 1355 1354 1353 1446 1447 1448 1449 1450 1451 1452 1453 1454
202 37 2 1 1 545 550 551 546 1445 1444 1443 1455 1456 1457 1458 1459 1460 1370 1369 1368 1461 1462 1463 1464 1465 1466 1467 1468 1469
203 37 2 1 1 546 551 552 547 1460 1459 1458 1470 1471 1472 1473 1474 1475 1385 1384 1383 1476 1477 1478 1479 1480 1481 1482 1483 1484
204 37 2 1 1 547 552 553 548 1475 1474 1473 1485 1486 1487 1488 1489 1490 1400 1399 1398 1491 1492 1493 1494 1495 1496 1497 1498 1499
205 37 2 1 1 548 553 554 549 1490 1489 1488 1500 1501 1502 1503 1504 1505 1415 1414 1413 1506 1507 1508 1509 1510 1511 1512 1513 1514
206 37 2 1 1 549 554 306 307 1505 1504 1503 1515 1516 1517 329 330 331 1430 1429 1428 1518 1519 1520 1521 1522 1523 1524 1525 1526
207 37 2 1 1 25 26 555 550 62 63 64 1527 1528 1529 1530 1531 1532 1442 1441 1440 1533 1534 1535 1536 1537 1538 1539 1540 1541
208 37 2 1 1 550 555 556 551 1532 1531 1530 1542 1543 1544 1545 1546 1547 1457 1456 1455 1548 1549 1550 1551 1552 1553 1554 1555 1556
209 37 2 1 1 551 556 557 552 1547 1546 1545 1557 1558 1559 1560 1561 1562 1472 1471 1470 1563 1564 1565 1566 1567 1568 1569 1570 1571
210 37 2 1 1 552 557 558 553 1562 1561 1560 1572 1573 1574 1575 1576 1577 1487 1486 1485 1578 1579 1580 1581 1582 1583 1584 1585 1586
211 37 2 1 1 553 558 559 554 1577 1576 1575 1587 1588 1589 1590 1591 1592 1502 1501 1500 1593 1594 1595 1596 1597 1598 1599 1600 1601
212 37 2 1 1 554 559 305 306 1592 1591 1590 1602 1603 1604 326 327 328 1517 1516 1515 1605 1606 1607 1608 1609 1610 1611 1612 1613
213 37 2 1 1 26 27 560 555 65 66 67 1614 1615 1616 1617 1618 1619 1529 1528 1527 1620 1621 1622 1623 1624 1625 1626 1627 1628
214 37 2 1 1 555 560 561 556 1619 1618 1617 1629 1630 1631 1632 1633 1634 1544 1543 1542 1635 1636 1637 1638 1639 1640 1641 1642 1643
215 37 2 1 1 556 561 562 557 1634 1633 1632 1644 1645 1646 1647 1648 1649 1559 1558 1557 1650 1651 1652 1653 1654 1655 1656 1657 1658
216 37 2 1 1 557 562 563 558 1649 1648 1647 1659 1660 1661 1662 1663 1664 1574 1573 1572 1665 1666 1667 1668 1669 1670 1671 1672 1673
217 37 2 1 1 558 563 564 559 1664 1663 1662 1674 1675 1676 1677 1678 1679 1589 1588 1587 1680 1681 1682 1683 1684 1685 1686 1687 1688
218 37 2 1 1 559 564 304 305 1679 1678 1677 1689 1690 1691 323 324 325 1604 1603 1602 1692 1693 1694 1695 1696 1697 1698 1699 1700
219 37 2 1 1 27 28 565 560 68 69 70 1701 1702 1703 1704 1705 1706 1616 1615 1614 1707 1708 1709 1710 1711 1712 1713 1714 1715
220 37 2 1 1 560 565 566 561 1706 1705 1704 1716 1717 1718 1719 1720 1721 1631 1630 1629 1722 1723 1724 1725 1726 1727 1728 1729 1730
221 37 2 1 1 561 566 567 562 1721 1720 1719 1731 1732 1733 1734 1735 1736 1646 1645 1644 1737 1738 1739 1740 1741 1742 1743 1744 1745
222 37 2 1 1 562 567 568 563 1736 1735 1734 1746 1747 1748 1749 1750 1751 1661 1660 1659 1752 1753 1754 1755 1756 1757 1758 1759 1760
223 37 2 1 1 563 568 569 564 1751 1750 1749 1761 1762 1763 1764 1765 1766 1676 1675 1674 1767 1768 1769 1770 1771 1772 1773 1774 1775
224 37 2 1 1 564 569 303 304 1766 1765 1764 1776 1777 1778 320 321 322 1691 1690 1689 1779 1780 1781 1782 1783 1784 1785 1786 1787
225 37 2 1 1 28 2 389 565 71 72 73 407 406 405 1788 1789 1790 1703 1702 1701 1791 1792 1793 1794 1795 1796 1797 1798 1799
226 37 2 1 1 565 389 388 566 1790 1789 1788 404 403 402 1800 1801 1802 1718 1717 1716 1803 1804 1805 1806 1807 1808 1809 1810 1811
227 37 2 1 1 566 388 387 567 1802 1801 1800 401 400 399 1812 1813 1814 1733 1732 1731 1815 1816 1817 1818 1819 1820 1821 1822 1823
228 37 2 1 1 567 387 386 568 1814 1813 1812 398 397 396 1824 1825 1826 1748 1747 1746 1827 1828 1829 1830 1831 1832 1833 1834 1835
229 37 2 1 1 568 386 385 569 1826 1825 1824 395 394 393 1836 1837 1838 1763 1762 1761 1839 1840 1841 1842 1843 1844 1845 1846 1847
230 37 2 1 1 569 385 13 303 1838 1837 1836 392 391 390 317 318 319 1778 1777 1776 1848 1849 1850 1851 1852 1853 1854 1855 1856
231 37 2 1 2 2 74 1857 389 79 80 81 1882 1883 1884 1885 1886 1887 405 406 407 1888 1889 1890 1891 1892 1893 1894 1895 1896
232 37 2 1 2 389 1857 1858 388 1887 1886 1885 1897 1898 1899 1900 1901 1902 402 403 404 1903 1904 1905 1906 1907 1908 1909 1910 1911
233 37 2 1 2 388 1858 1859 387 1902 1901 1900 1912 1913 1914 1915 1916 1917 399 400 401 1918 1919 1920 1921 1922 1923 1924 1925 1926
234 37 2 1 2 387 1859 1860 386 1917 1916 1915 1927 1928 1929 1930 1931 1932 396 397 398 1933 1934 1935 1936 1937 1938 1939 1940 1941
235 37 2 1 2 386 1860 1861 385 1932 1931 1930 1942 1943 1944 1945 1946 1947 393 394 395 1948 1949 1950 1951 1952 1953 1954 1955 1956
236 37 2 1 2 385 1861 412 13 1947 1946 1945 1957 1958 1959 428 429 430 390 391 392 1960 1961 1962 1963 1964 1965 1966 1967 1968
237 37 2 1 2 74 75 1862 1857 82 83 84 1969 1970 1971 1972 1973 1974 1884 1883 1882 1975 1976 1977 1978 1979 1980 1981 1982 1983
238 37 2 1 2 1857 1862 1863 1858 1974 1973 1972 1984 1985 1986 1987 1988 1989 1899 1898 1897 1990 1991 1992 1993 1994 1995 1996 1997 1998
239 37 2 1 2 1858 1863 1864 1859 1989 1988 1987 1999 2000 2001 2002 2003 2004 1914 1913 1912 2005 2006 2007 2008 2009 2010 2011 2012 2013
240 37 2 1 2 1859 1864 1865 1860 2004 2003 2002 2014 2015 2016 2017 2018 2019 1929 1928 1927 2020 2021 2022 2023 2024 2025 2026 2027 2028
241 37 2 1 2 1860 1865 1866 1861 2019 2018 2017 2029 2030 2031 2032 2033 2034 1944 1943 1942 2035 2036 2037 2038 2039 2040 2041 2042 2043
242 37 2 1 2 1861 1866 411 412 2034 2033 2032 2044 2045 2046 425 426 427 1959 1958 1957 2047 2048 2049 2050 2051 2052 2053 2054 2055
243 37 2 1 2 75 76 1867 1862 85 86 87 2056 2057 2058 2059 2060 2061 1971 1970 1969 2062 2063 2064 2065 2066 2067 2068 2069 2070
244 37 2 1 2 1862 1867 1868 1863 2061 2060 2059 2071 2072 2073 2074 2075 2076 1986 1985 1984 2077 2078 2079 2080 2081 2082 2083 2084 2085
245 37 2 1 2 1863 1868 1869 1864 2076 2075 2074 2086 2087 2088 2089 2090 2091 2001 2000 1999 2092 2093 2094 2095 2096 2097 2098 2099 2100
246 37 2 1 2 1864 1869 1870 1865 2091 2090 2089 2101 2102 2103 2104 2105 2106 2016 2015 2014 2107 2108 2109 2110 2111 2112 2113 2114 2115
247 37 2 1 2 1865 1870 1871 1866 2106 2105 2104 2116 2117 2118 2119 2120 2121 2031 2030 2029 2122 2123 2124 2125 2126 2127 2128 2129 2130
248 37 2 1 2 1866 1871 410 411 2121 2120 2119 2131 2132 2133 422 423 424 2046 2045 2044 2134 2135 2136 2137 2138 2139 2140 2141 2142
249 37 2 1 2 76 77 1872 1867 88 89 90 2143 2144 2145 2146 2147 2148 2058 2057 2056 2149 2150 2151 2152 2153 2154 2155 2156 2157
250 37 2 1 2 1867 1872 1873 1868 2148 2147 2146 2158 2159 2160 2161 2162 2163 2073 2072 2071 2164 2165 2166 2167 2168 2169 2170 2171 2172
251 37 2 1 2 1868 1873 1874 1869 2163 2162 2161 2173 2174 2175 2176 2177 2178 2088 2087 2086 2179 2180 2181 2182 2183 2184 2185 2186 2187
252 37 2 1 2 1869 1874 1875 1870 2178 2177 2176 2188 2189 2190 2191 2192 2193 2103 2102 2101 2194 2195 2196 2197 2198 2199 2200 2201 2202
253 37 2 1 2 1870 1875 1876 1871 2193 2192 2191 2203 2204 2205 2206 2207 2208 2118 2117 2116 2209 2210 2211 2212 2213 2214 2215 2216 2217
254 37 2 1 2 1871 1876 409 410 2208 2207 2206 2218 2219 2220 419 420 421 2133 2132 2131 2221 2222 2223 2224 2225 2226 2227 2228 2229
255 37 2 1 2 77 78 1877 1872 91 92 93 2230 2231 2232 2233 2234 2235 2145 2144 2143 2236 2237 2238 2239 2240 2241 2242 2243 2244
256 37 2 1 2 1872 1877 1878 1873 2235 2234 2233 2245 2246 2247 2248 2249 2250 2160 2159 2158 2251 2252 2253 2254 2255 2256 2257 2258 2259
257 37 2 1 2 1873 1878 1879 1874 2250 2249 2248 2260 2261 2262 2263 2264 2265 2175 2174 2173 2266 2267 2268 2269 2270 2271 2272 2273 2274
258 37 2 1 2 1874 1879 1880 1875 2265 2264 2263 2275 2276 2277 2278 2279 2280 2190 2189 2188 2281 2282 2283 2284 2285 2286 2287 2288 2289
259 37 2 1 2 1875 1880 1881 1876 2280 2279 2278 2290 2291 2292 2293 2294 2295 2205 2204 2203 2296 2297 2298 2299 2300 2301 2302 2303 2304
260 37 2 1 2 1876 1881 408 409 2295 2294 2293 2305 2306 2307 416 417 418 2220 2219 2218 2308 2309 2310 2311 2312 2313 2314 2315 2316
261 37 2 1 2 78 3 97 1877 94 95 96 102 103 104 2317 2318 2319 2232 2231 2230 2320 2321 2322 2323 2324 2325 2326 2327 2328
262 37 2 1 2 1877 97 98 1878 2319 2318 2317 105 106 107 2329 2330 2331 2247 2246 2245 2332 2333 2334 2335 2336 2337 2338 2339 2340
263 37 2 1 2 1878 98 99 1879 2331 2330 2329 108 109 110 2341 2342 2343 2262 2261 2260 2344 2345 2346 2347 2348 2349 2350 2351 2352
264 37 2 1 2 1879 99 100 1880 2343 2342 2341 111 112 113 2353 2354 2355 2277 2276 2275 2356 2357 2358 2359 2360 2361 2362 2363 2364
265 37 2 1 2 1880 100 101 1881 2355 2354 2353 114 115 116 2365 2366 2367 2292 2291 2290 2368 2369 2370 2371 2372 2373 2374 2375 2376
266 37 2 1 2 1881 101 4 408 2367 2366 2365 117 118 119 413 414 415 2307 2306 2305 2377 2378 2379 2380 2381 2382 2383 2384 2385
267 37 2 1 3 4 120 2386 408 125 126 127 2411 2412 2413 2414 2415 2416 415 414 413 2417 2418 2419 2420 2421 2422 2423 2424 2425
268 37 2 1 3 408 2386 2387 409 2416 2415 2414 2426 2427 2428 2429 2430 2431 418 417 416 2432 2433 2434 2435 2436 2437 2438 2439 2440
269 37 2 1 3 409 2387 2388 410 2431 2430 2429 2441 2442 2443 2444 2445 2446 421 420 419 2447 2448 2449 2450 2451 2452 2453 2454 2455
270 37 2 1 3 410 2388 2389 411 2446 2445 2444 2456 2457 2458 2459 2460 2461 424 423 422 2462 2463 2464 2465 2466 2467 2468 2469 2470
271 37 2 1 3 411 2389 2390 412 2461 2460 2459 2471 2472 2473 2474 2475 2476 427 426 425 2477 2478 2479 2480 2481 2482 2483 2484 2485
272 37 2 1 3 412 2390 284 13 2476 2475 2474 2486 2487 2488 300 301 302 430 429 428 2489 2490 2491 2492 2493 2494 2495 2496 2497
273 37 2 1 3 120 121 2391 2386 128 129 130 2498 2499 2500 2501 2502 2503 2413 2412 2411 2504 2505 2506 2507 2508 2509 2510 2511 2512
274 37 2 1 3 2386 2391 2392 2387 2503 2502 2501 2513 2514 2515 2516 2517 2518 2428 2427 2426 2519 2520 2521 2522 2523 2524 2525 2526 2527
275 37 2 1 3 2387 2392 2393 2388 2518 2517 2516 2528 2529 2530 2531 2532 2533 2443 2442 2441 2534 2535 2536 2537 2538 2539 2540 2541 2542
276 37 2 1 3 2388 2393 2394 2389 2533 2532 2531 2543 2544 2545 2546 2547 2548 2458 2457 2456 2549 2550 2551 2552 2553 2554 2555 2556 2557
277 37 2 1 3 2389 2394 2395 2390 2548 2547 2546 2558 2559 2560 2561 2562 2563 2473 2472 2471 2564 2565 2566 2567 2568 2569 2570 2571 2572
278 37 2 1 3 2390 2395 283 284 2563 2562 2561 2573 2574 2575 297 298 299 2488 2487 2486 2576 2577 2578 2579 2580 2581 2582 2583 2584
279 37 2 1 3 121 122 2396 2391 131 132 133 2585 2586 2587 2588 2589 2590 2500 2499 2498 2591 2592 2593 2594 2595 2596 2597 2598 2599
280 37 2 1 3 2391 2396 2397 2392 2590 2589 2588 2600 2601 2602 2603 2604 2605 2515 2514 2513 2606 2607 2608 2609 2610 2611 2612 2613 2614
281 37 2 1 3 2392 2397 2398 2393 2605 2604 2603 2615 2616 2617 2618 2619 2620 2530 2529 2528 2621 2622 2623 2624 2625 2626 2627 2628 2629
282 37 2 1 3 2393 2398 2399 2394 2620 2619 2618 2630 2631 2632 2633 2634 2635 2545 2544 2543 2636 2637 2638 2639 2640 2641 2642 2643 2644
283 37 2 1 3 2394 2399 2400 2395 2635 2634 2633 2645 2646 2647 2648 2649 2650 2560 2559 2558 2651 2652 2653 2654 2655 2656 2657 2658 2659
284 37 2 1 3 2395 2400 282 283 2650 2649 2648 2660 2661 2662 294 295 296 2575 2574 2573 2663 2664 2665 2666 2667 2668 2669 2670 2671
285 37 2 1 3 122 123 2401 2396 134 135 136 2672 2673 2674 2675 2676 2677 2587 2586 2585 2678 2679 2680 2681 2682 2683 2684 2685 2686
286 37 2 1 3 2396 2401 2402 2397 2677 2676 2675 2687 2688 2689 2690 2691 2692 2602 2601 2600 2693 2694 2695 2696 2697 2698 2699 2700 2701
287 37 2 1 3 2397 2402 2403 2398 2692 2691 2690 2702 2703 2704 2705 2706 2707 2617 2616 2615 2708 2709 2710 2711 2712 2713 2714 2715 2716
288 37 2 1 3 2398 2403 2404 2399 2707 2706 2705 2717 2718 2719 2720 2721 2722 2632 2631 2630 2723 2724 2725 2726 2727 2728 2729 2730 2731
289 37 2 1 3 2399 2404 2405 2400 2722 2721 2720 2732 2733 2734 2735 2736 2737 2647 2646 2645 2738 2739 2740 2741 2742 2743 2744 2745 2746
290 37 2 1 3 2400 2405 281 282 2737 2736 2735 2747 2748 2749 291 292 293 2662 2661 2660 2750 2751 2752 2753 2754 2755 2756 2757 2758
291 37 2 1 3 123 124 2406 2401 137 138 139 2759 2760 2761 2762 2763 2764 2674 2673 2672 2765 2766 2767 2768 2769 2770 2771 2772 2773
292 37 2 1 3 2401 2406 2407 2402 2764 2763 2762 2774 2775 2776 2777 2778 2779 2689 2688 2687 2780 2781 2782 2783 2784 2785 2786 2787 2788
293 37 2 1 3 2402 2407 2408 2403 2779 2778 2777 2789 2790 2791 2792 2793 2794 2704 2703 2702 2795 2796 2797 2798 2799 2800 2801 2802 2803
294 37 2 1 3 2403 2408 2409 2404 2794 2793 2792 2804 2805 2806 2807 2808 2809 2719 2718 2717 2810 2811 2812 2813 2814 2815 2816 2817 2818
295 37 2 1 3 2404 2409 2410 2405 2809 2808 2807 2819 2820 2821 2822 2823 2824 2734 2733 2732 2825 2826 2827 2828 2829 2830 2831 2832 2833
296 37 2 1 3 2405 2410 280 281 2824 2823 2822 2834 2835 2836 288 289 290 2749 2748 2747 2837 2838 2839 2840 2841 2842 2843 2844 2845
297 37 2 1 3 124 5 431 2406 140 141 142 436 437 438 2846 2847 2848 2761 2760 2759 2849 2850 2851 2852 2853 2854 2855 2856 2857
298 37 2 1 3 2406 431 432 2407 2848 2847 2846 439 440 441 2858 2859 2860 2776 2775 2774 2861 2862 2863 2864 2865 2866 2867 2868 2869
299 37 2 1 3 2407 432 433 2408 2860 2859 2858 442 443 444 2870 2871 2872 2791 2790 2789 2873 2874 2875 2876 2877 2878 2879 2880 2881
300 37 2 1 3 2408 433 434 2409 2872 2871 2870 445 446 447 2882 2883 2884 2806 2805 2804 2885 2886 2887 2888 2889 2890 2891 2892 2893
301 37 2 1 3 2409 434 435 2410 2884 2883 2882 448 449 450 2894 2895 2896 2821 2820 2819 2897 2898 2899 2900 2901 2902 2903 2904 2905
302 37 2 1 3 2410 435 12 280 2896 2895 2894 451 452 453 285 286 287 2836 2835 2834 2906 2907 2908 2909 2910 2911 2912 2913 2914
303 37 2 1 4 5 143 2915 431 148 149 150 2940 2941 2942 2943 2944 2945 438 437 436 2946 2947 2948 2949 2950 2951 2952 2953 2954
304 37 2 1 4 431 2915 2916 432 2945 2944 2943 2955 2956 2957 2958 2959 2960 441 440 439 2961 2962 2963 2964 2965 2966 2967 2968 2969
305 37 2 1 4 432 2916 2917 433 2960 2959 2958 2970 2971 2972 2973 2974 2975 444 443 442 2976 2977 2978 2979 2980 2981 2982 2983 2984
306 37 2 1 4 433 2917 2918 434 2975 2974 2973 2985 2986 2987 2988 2989 2990 447 446 445 2991 2992 2993 2994 2995 2996 2997 2998 2999
307 37 2 1 4 434 2918 2919 435 2990 2989 2988 3000 3001 3002 3003 3004 3005 450 449 448 3006 3007 3008 3009 3010 3011 3012 3013 3014
308 37 2 1 4 435 2919 261 12 3005 3004 3003 3015 3016 3017 277 278 279 453 452 451 3018 3019 3020 3021 3022 3023 3024 3025 3026
309 37 2 1 4 143 144 2920 2915 151 152 153 3027 3028 3029 3030 3031 3032 2942 2941 2940 3033 3034 3035 3036 3037 3038 3039 3040 3041
310 37 2 1 4 2915 2920 2921 2916 3032 3031 3030 3042 3043 3044 3045 3046 3047 2957 2956 2955 3048 3049 3050 3051 3052 3053 3054 3055 3056
311 37 2 1 4 2916 2921 2922 2917 3047 3046 3045 3057 3058 3059 3060 3061 3062 2972 2971 2970 3063 3064 3065 3066 3067 3068 3069 3070 3071
312 37 2 1 4 2917 2922 2923 2918 3062 3061 3060 3072 3073 3074 3075 3076 3077 2987 2986 2985 3078 3079 3080 3081 3082 3083 3084 3085 3086
313 37 2 1 4 2918 2923 2924 2919 3077 3076 3075 3087 3088 3089 3090 3091 3092 3002 3001 3000 3093 3094 3095 3096 3097 3098 3099 3100 3101
314 37 2 1 4 2919 2924 260 261 3092 3091 3090 3102 3103 3104 274 275 276 3017 3016 3015 3105 3106 3107 3108 3109 3110 3111 3112 3113
315 37 2 1 4 144 145 2925 2920 154 155 156 3114 3115 3116 3117 3118 3119 3029 3028 3027 3120 3121 3122 3123 3124 3125 3126 3127 3128
316 37 2 1 4 2920 2925 2926 2921 3119 3118 3117 3129 3130 3131 3132 3133 3134 3044 3043 3042 3135 3136 3137 3138 3139 3140 3141 3142 3143
317 37 2 1 4 2921 2926 2927 2922 3134 3133 3132 3144 3145 3146 3147 3148 3149 3059 3058 3057 3150 3151 3152 3153 3154 3155 3156 3157 3158
318 37 2 1 4 2922 2927 2928 2923 3149 3148 3147 3159 3160 3161 3162 3163 3164 3074 3073 3072 3165 3166 3167 3168 3169 3170 3171 3172 3173
319 37 2 1 4 2923 2928 2929 2924 3164 3163 3162 3174 3175 3176 3177 3178 3179 3089 3088 3087 3180 3181 3182 3183 3184 3185 3186 3187 3188
320 37 2 1 4 2924 2929 259 260 3179 3178 3177 3189 3190 3191 271 272 273 3104 3103 3102 3192 3193 3194 3195 3196 3197 3198 3199 3200
321 37 2 1 4 145 146 2930 2925 157 158 159 3201 3202 3203 3204 3205 3206 3116 3115 3114 3207 3208 3209 3210 3211 3212 3213 3214 3215
322 37 2 1 4 2925 2930 2931 2926 3206 3205 3204 3216 3217 3218 3219 3220 3221 3131 3130 3129 3222 3223 3224 3225 3226 3227 3228 3229 3230
323 37 2 1 4 2926 2931 2932 2927 3221 3220 3219 3231 3232 3233 3234 3235 3236 3146 3145 3144 3237 3238 3239 3240 3241 3242 3243 3244 3245
324 37 2 1 4 2927 2932 2933 2928 3236 3235 3234 3246 3247 3248 3249 3250 3251 3161 3160 3159 3252 3253 3254 3255 3256 3257 3258 3259 3260
325 37 2 1 4 2928 2933 2934 2929 3251 3250 3249 3261 3262 3263 3264 3265 3266 3176 3175 3174 3267 3268 3269 3270 3271 3272 3273 3274 3275
326 37 2 1 4 2929 2934 258 259 3266 3265 3264 3276 3277 3278 268 269 270 3191 3190 3189 3279 3280 3281 3282 3283 3284 3285 3286 3287
327 37 2 1 4 146 147 2935 2930 160 161 162 3288 3289 3290 3291 3292 3293 3203 3202 3201 3294 3295 3296 3297 3298 3299 3300 3301 3302
328 37 2 1 4 2930 2935 2936 2931 3293 3292 3291 3303 3304 3305 3306 3307 3308 3218 3217 3216 3309 3310 3311 3312 3313 3314 3315 3316 3317
329 37 2 1 4 2931 2936 2937 2932 3308 3307 3306 3318 3319 3320 3321 3322 3323 3233 3232 3231 3324 3325 3326 3327 3328 3329 3330 3331 3332
330 37 2 1 4 2932 2937 2938 2933 3323 3322 3321 3333 3334 3335 3336 3337 3338 3248 3247 3246 3339 3340 3341 3342 3343 3344 3345 3346 3347
331 37 2 1 4 2933 2938 2939 2934 3338 3337 3336 3348 3349 3350 3351 3352 3353 3263 3262 3261 3354 3355 3356 3357 3358 3359 3360 3361 3362
332 37 2 1 4 2934 2939 257 258 3353 3352 3351 3363 3364 3365 265 266 267 3278 3277 3276 3366 3367 3368 3369 3370 3371 3372 3373 3374
333 37 2 1 4 147 6 454 2935 163 164 165 459 460 461 3375 3376 3377 3290 3289 3288 3378 3379 3380 3381 3382 3383 3384 3385 3386
334 37 2 1 4 2935 454 455 2936 3377 3376 3375 462 463 464 3387 3388 3389 3305 3304 3303 3390 3391 3392 3393 3394 3395 3396 3397 3398
335 37 2 1 4 2936 455 456 2937 3389 3388 3387 465 466 467 3399 3400 3401 3320 3319 3318 3402 3403 3404 3405 3406 3407 3408 3409 3410
336 37 2 1 4 2937 456 457 2938 3401 3400 3399 468 469 470 3411 3412 3413 3335 3334 3333 3414 3415 3416 3417 3418 3419 3420 3421 3422
337 37 2 1 4 2938 457 458 2939 3413 3412 3411 471 472 473 3423 3424 3425 3350 3349 3348 3426 3427 3428 3429 3430 3431 3432 3433 3434
338 37 2 1 4 2939 458 11 257 3425 3424 3423 474 475 476 262 263 264 3365 3364 3363 3435 3436 3437 3438 3439 3440 3441 3442 3443
339 37 2 1 5 7 189 3444 170 194 195 196 3469 3470 3471 3472 3473 3474 186 187 188 3475 3476 3477 3478 3479 3480 3481 3482 3483
340 37 2 1 5 170 3444 3445 169 3474 3473 3472 3484 3485 3486 3487 3488 3489 183 184 185 3490 3491 3492 3493 3494 3495 3496 3497 3498
341 37 2 1 5 169 3445 3446 168 3489 3488 3487 3499 3500 3501 3502 3503 3504 180 181 182 3505 3506 3507 3508 3509 3510 3511 3512 3513
342 37 2 1 5 168 3446 3447 167 3504 3503 3502 3514 3515 3516 3517 3518 3519 177 178 179 3520 3521 3522 3523 3524 3525 3526 3527 3528
343 37 2 1 5 167 3447 3448 166 3519 3518 3517 3529 3530 3531 3532 3533 3534 174 175 176 3535 3536 3537 3538 3539 3540 3541 3542 3543
344 37 2 1 5 166 3448 454 6 3534 3533 3532 3544 3545 3546 461 460 459 171 172 173 3547 3548 3549 3550 3551 3552 3553 3554 3555
345 37 2 1 5 189 190 3449 3444 197 198 199 3556 3557 3558 3559 3560 3561 3471 3470 3469 3562 3563 3564 3565 3566 3567 3568 3569 3570
346 37 2 1 5 3444 3449 3450 3445 3561 3560 3559 3571 3572 3573 3574 3575 3576 3486 3485 3484 3577 3578 3579 3580 3581 3582 3583 3584 3585
347 37 2 1 5 3445 3450 3451 3446 3576 3575 3574 3586 3587 3588 3589 3590 3591 3501 3500 3499 3592 3593 3594 3595 3596 3597 3598 3599 3600
348 37 2 1 5 3446 3451 3452 3447 3591 3590 3589 3601 3602 3603 3604 3605 3606 3516 3515 3514 3607 3608 3609 3610 3611 3612 3613 3614 3615
349 37 2 1 5 3447 3452 3453 3448 3606 3605 3604 3616 3617 3618 3619 3620 3621 3531 3530 3529 3622 3623 3624 3625 3626 3627 3628 3629 3630
350 37 2 1 5 3448 3453 455 454 3621 3620 3619 3631 3632 3633 464 463 462 3546 3545 3544 3634 3635 3636 3637 3638 3639 3640 3641 3642
351 37 2 1 5 190 191 3454 3449 200 201 202 3643 3644 3645 3646 3647 3648 3558 3557 3556 3649 3650 3651 3652 3653 3654 3655 3656 3657
352 37 2 1 5 3449 3454 3455 3450 3648 3647 3646 3658 3659 3660 3661 3662 3663 3573 3572 3571 3664 3665 3666 3667 3668 3669 3670 3671 3672
353 37 2 1 5 3450 3455 3456 3451 3663 3662 3661 3673 3674 3675 3676 3677 3678 3588 3587 3586 3679 3680 3681 3682 3683 3684 3685 3686 3687
354 37 2 1 5 3451 3456 3457 3452 3678 3677 3676 3688 3689 3690 3691 3692 3693 3603 3602 3601 3694 3695 3696 3697 3698 3699 3700 3701 3702
355 37 2 1 5 3452 3457 3458 3453 3693 3692 3691 3703 3704 3705 3706 3707 3708 3618 3617 3616 3709 3710 3711 3712 3713 3714 3715 3716 3717
356 37 2 1 5 3453 3458 456 455 3708 3707 3706 3718 3719 3720 467 466 465 3633 3632 3631 3721 3722 3723 3724 3725 3726 3727 3728 3729
357 37 2 1 5 191 192 3459 3454 203 204 205 3730 3731 3732 3733 3734 3735 3645 3644 3643 3736 3737 3738 3739 3740 3741 3742 3743 3744
358 37 2 1 5 3454 3459 3460 3455 3735 3734 3733 3745 3746 3747 3748 3749 3750 3660 3659 3658 3751 3752 3753 3754 3755 3756 3757 3758 3759
359 37 2 1 5 3455 3460 3461 3456 3750 3749 3748 3760 3761 3762 3763 3764 3765 3675 3674 3673 3766 3767 3768 3769 3770 3771 3772 3773 3774
360 37 2 1 5 3456 3461 3462 3457 3765 3764 3763 3775 3776 3777 3778 3779 3780 3690 3689 3688 3781 3782 3783 3784 3785 3786 3787 3788 3789
361 37 2 1 5 3457 3462 3463 3458 3780 3779 3778 3790 3791 3792 3793 3794 3795 3705 3704 3703 3796 3797 3798 3799 3800 3801 3802 3803 3804
362 37 2 1 5 3458 3463 457 456 3795 3794 3793 3805 3806 3807 470 469 468 3720 3719 3718 3808 3809 3810 3811 3812 3813 3814 3815 3816
363 37 2 1 5 192 193 3464 3459 206 207 208 3817 3818 3819 3820 3821 3822 3732 3731 3730 3823 3824 3825 3826 3827 3828 3829 3830 3831
364 37 2 1 5 3459 3464 3465 3460 3822 3821 3820 3832 3833 3834 3835 3836 3837 3747 3746 3745 3838 3839 3840 3841 3842 3843 3844 3845 3846
365 37 2 1 5 3460 3465 3466 3461 3837 3836 3835 3847 3848 3849 3850 3851 3852 3762 3761 3760 3853 3854 3855 3856 3857 3858 3859 3860 3861
366 37 2 1 5 3461 3466 3467 3462 3852 3851 3850 3862 3863 3864 3865 3866 3867 3777 3776 3775 3868 3869 3870 3871 3872 3873 3874 3875 3876
367 37 2 1 5 3462 3467 3468 3463 3867 3866 3865 3877 3878 3879 3880 3881 3882 3792 3791 3790 3883 3884 3885 3886 3887 3888 3889 3890 3891
368 37 2 1 5 3463 3468 458 457 3882 3881 3880 3892 3893 3894 473 472 471 3807 3806 3805 3895 3896 3897 3898 3899 3900 3901 3902 3903
369 37 2 1 5 193 8 477 3464 209 210 211 482 483 484 3904 3905 3906 3819 3818 3817 3907 3908 3909 3910 3911 3912 3913 3914 3915
370 37 2 1 5 3464 477 478 3465 3906 3905 3904 485 486 487 3916 3917 3918 3834 3833 3832 3919 3920 3921 3922 3923 3924 3925 3926 3927
371 37 2 1 5 3465 478 479 3466 3918 3917 3916 488 489 490 3928 3929 3930 3849 3848 3847 3931 3932 3933 3934 3935 3936 3937 3938 3939
372 37 2 1 5 3466 479 480 3467 3930 3929 3928 491 492 493 3940 3941 3942 3864 3863 3862 3943 3944 3945 3946 3947 3948 3949 3950 3951
373 37 2 1 5 3467 480 481 3468 3942 3941 3940 494 495 496 3952 3953 3954 3879 3878 3877 3955 3956 3957 3958 3959 3960 3961 3962 3963
374 37 2 1 5 3468 481 11 458 3954 3953 3952 497 498 499 476 475 474 3894 3893 3892 3964 3965 3966 3967 3968 3969 3970 3971 3972
375 37 2 1 6 8 212 3973 477 214 215 216 3983 3984 3985 3986 3987 3988 484 483 482 3989 3990 3991 3992 3993 3994 3995 3996 3997
376 37 2 1 6 477 3973 3974 478 3988 3987 3986 3998 3999 4000 4001 4002 4003 487 486 485 4004 4005 4006 4007 4008 4009 4010 4011 4012
377 37 2 1 6 478 3974 3975 479 4003 4002 4001 4013 4014 4015 4016 4017 4018 490 489 488 4019 4020 4021 4022 4023 4024 4025 4026 4027
378 37 2 1 6 479 3975 3976 480 4018 4017 4016 4028 4029 4030 4031 4032 4033 493 492 491 4034 4035 4036 4037 4038 4039 4040 4041 4042
379 37 2 1 6 480 3976 3977 481 4033 4032 4031 4043 4044 4045 4046 4047 4048 496 495 494 4049 4050 4051 4052 4053 4054 4055 4056 4057
380 37 2 1 6 481 3977 247 11 4048 4047 4046 4058 4059 4060 254 255 256 499 498 497 4061 4062 4063 4064 4065 4066 4067 4068 4069
381 37 2 1 6 212 213 3978 3973 217 218 219 4070 4071 4072 4073 4074 4075 3985 3984 3983 4076 4077 4078 4079 4080 4081 4082 4083 4084
382 37 2 1 6 3973 3978 3979 3974 4075 4074 4073 4085 4086 4087 4088 4089 4090 4000 3999 3998 4091 4092 4093 4094 4095 4096 4097 4098 4099
383 37 2 1 6 3974 3979 3980 3975 4090 4089 4088 4100 4101 4102 4103 4104 4105 4015 4014 4013 4106 4107 4108 4109 4110 4111 4112 4113 4114
384 37 2 1 6 3975 3980 3981 3976 4105 4104 4103 4115 4116 4117 4118 4119 4120 4030 4029 4028 4121 4122 4123 4124 4125 4126 4127 4128 4129
385 37 2 1 6 3976 3981 3982 3977 4120 4119 4118 4130 4131 4132 4133 4134 4135 4045 4044 4043 4136 4137 4138 4139 4140 4141 4142 4143 4144
386 37 2 1 6 3977 3982 246 247 4135 4134 4133 4145 4146 4147 251 252 253 4060 4059 4058 4148 4149 4150 4151 4152 4153 4154 4155 4156
387 37 2 1 6 213 9 223 3978 220 221 222 228 229 230 4157 4158 4159 4072 4071 4070 4160 4161 4162 4163 4164 4165 4166 4167 4168
388 37 2 1 6 3978 223 224 3979 4159 4158 4157 231 232 233 4169 4170 4171 4087 4086 4085 4172 4173 4174 4175 4176 4177 4178 4179 4180
389 37 2 1 6 3979 224 225 3980 4171 4170 4169 234 235 236 4181 4182 4183 4102 4101 4100 4184 4185 4186 4187 4188 4189 4190 4191 4192
390 37 2 1 6 3980 225 226 3981 4183 4182 4181 237 238 239 4193 4194 4195 4117 4116 4115 4196 4197 4198 4199 4200 4201 4202 4203 4204
391 37 2 1 6 3981 226 227 3982 4195 4194 4193 240 241 242 4205 4206 4207 4132 4131 4130 4208 4209 4210 4211 4212 4213 4214 4215 4216
392 37 2 1 6 3982 227 10 246 4207 4206 4205 243 244 245 248 249 250 4147 4146 4145 4217 4218 4219 4220 4221 4222 4223 4224 4225
$EndElements
