1.12738545E+00 1.12739540E+00 1.12740281E+00 1.12740526E+00 1.12740216E+00 1.12739508E+00 1.12738740E+00 1.12738304E+00 1.12738203E+00 1.12738307E+00 1.12738415E+00 1.12738370E+00 1.12738228E+00 1.12738086E+00 1.12737998E+00 1.12737985E+00 1.12738007E+00 1.12738033E+00 1.12738063E+00 1.12738104E+00 1.12738167E+00 1.12738255E+00 1.12738365E+00 1.12738496E+00 1.12738648E+00 1.12738825E+00 1.12739028E+00 1.12739260E+00 1.12739522E+00 1.12739816E+00 1.12740143E+00 1.12740508E+00 1.12740912E+00 1.12741356E+00 1.12741841E+00 1.12742371E+00 1.12742945E+00 1.12743563E+00 1.12744224E+00 1.12744928E+00 1.12745671E+00 1.12746445E+00 1.12747246E+00 1.12748065E+00 1.12748891E+00 1.12749704E+00 1.12750487E+00 1.12751210E+00 1.12751849E+00 1.12752358E+00 1.12752704E+00 1.12752822E+00 1.12752653E+00 1.12752108E+00 1.12751116E+00 1.12749547E+00 1.12747308E+00 1.12744223E+00 1.12740161E+00 1.12734886E+00 1.12728235E+00 1.12719887E+00 1.12709620E+00 1.12697047E+00 1.12681885E+00 1.12663615E+00 1.12641904E+00 1.12616108E+00 1.12585764E+00 1.12550053E+00 1.12508440E+00 1.12459962E+00 1.12403991E+00 1.12339280E+00 1.12265072E+00 1.12179950E+00 1.12083071E+00 1.11972657E+00 1.11847538E+00 1.11705960E+00 1.11546802E+00 1.11367638E+00 1.11167016E+00 1.10942539E+00 1.10692805E+00 1.10417648E+00 1.10113430E+00 1.09809740E+00 1.09478905E+00 1.09161807E+00 1.08820279E+00 1.08496191E+00 1.08151781E+00 1.07830670E+00 1.07492365E+00 1.07176305E+00 1.06845746E+00 1.06542118E+00 1.06227029E+00 1.05938407E+00 1.05640712E+00 1.05369861E+00 1.05091712E+00 1.04839451E+00 1.04581665E+00 1.04349022E+00 1.04111989E+00 1.03898875E+00 1.03682604E+00 1.03474002E+00 1.03262472E+00 1.03047362E+00 1.02830140E+00 1.02612417E+00 1.02392204E+00 1.02168696E+00 1.01945555E+00 1.01724589E+00 1.01497611E+00 1.01263803E+00 1.01041549E+00 1.00845485E+00 1.00649012E+00 1.00374138E+00 1.00000000E+00
1.17666110E+00 1.17667975E+00 1.17669523E+00 1.17669955E+00 1.17669716E+00 1.17669376E+00 1.17669177E+00 1.17669185E+00 1.17669229E+00 1.17669198E+00 1.17669120E+00 1.17669045E+00 1.17668996E+00 1.17668979E+00 1.17668981E+00 1.17668996E+00 1.17669028E+00 1.17669082E+00 1.17669160E+00 1.17669262E+00 1.17669389E+00 1.17669543E+00 1.17669726E+00 1.17669943E+00 1.17670194E+00 1.17670481E+00 1.17670810E+00 1.17671185E+00 1.17671606E+00 1.17672078E+00 1.17672605E+00 1.17673196E+00 1.17673851E+00 1.17674573E+00 1.17675367E+00 1.17676242E+00 1.17677199E+00 1.17678236E+00 1.17679359E+00 1.17680573E+00 1.17681873E+00 1.17683251E+00 1.17684710E+00 1.17686250E+00 1.17687859E+00 1.17689515E+00 1.17691205E+00 1.17692901E+00 1.17694579E+00 1.17696195E+00 1.17697723E+00 1.17699093E+00 1.17700230E+00 1.17701039E+00 1.17701456E+00 1.17701340E+00 1.17700590E+00 1.17699010E+00 1.17696452E+00 1.17692654E+00 1.17687430E+00 1.17680375E+00 1.17671238E+00 1.17659607E+00 1.17645167E+00 1.17627302E+00 1.17605641E+00 1.17579416E+00 1.17548030E+00 1.17510402E+00 1.17465909E+00 1.17413471E+00 1.17352408E+00 1.17281143E+00 1.17198733E+00 1.17103411E+00 1.16993899E+00 1.16867721E+00 1.16723938E+00 1.16560854E+00 1.16376302E+00 1.16166237E+00 1.15929407E+00 1.15663205E+00 1.15365041E+00 1.15033498E+00 1.14665318E+00 1.14296935E+00 1.13891663E+00 1.13497245E+00 1.13069521E+00 1.12662083E+00 1.12228168E+00 1.11822768E+00 1.11389079E+00 1.10975988E+00 1.10543210E+00 1.10145902E+00 1.09728902E+00 1.09341545E+00 1.08941183E+00 1.08577597E+00 1.08200117E+00 1.07851510E+00 1.07490808E+00 1.07162226E+00 1.06826605E+00 1.06524774E+00 1.06215487E+00 1.05911932E+00 1.05599240E+00 1.05277592E+00 1.04950850E+00 1.04619876E+00 1.04278776E+00 1.03925736E+00 1.03567256E+00 1.03202891E+00 1.02819966E+00 1.02417745E+00 1.02018024E+00 1.01629316E+00 1.01213402E+00 1.00676256E+00 1.00000000E+00
1.22433491E+00 1.22434555E+00 1.22435316E+00 1.22435893E+00 1.22436352E+00 1.22436735E+00 1.22437032E+00 1.22437257E+00 1.22437427E+00 1.22437565E+00 1.22437678E+00 1.22437778E+00 1.22437868E+00 1.22437959E+00 1.22438053E+00 1.22438158E+00 1.22438279E+00 1.22438421E+00 1.22438588E+00 1.22438785E+00 1.22439014E+00 1.22439283E+00 1.22439594E+00 1.22439957E+00 1.22440374E+00 1.22440851E+00 1.22441394E+00 1.22442015E+00 1.22442715E+00 1.22443500E+00 1.22444381E+00 1.22445375E+00 1.22446486E+00 1.22447718E+00 1.22449083E+00 1.22450604E+00 1.22452281E+00 1.22454118E+00 1.22456127E+00 1.22458328E+00 1.22460718E+00 1.22463297E+00 1.22466079E+00 1.22469080E+00 1.22472292E+00 1.22475702E+00 1.22479299E+00 1.22483068E+00 1.22486999E+00 1.22491066E+00 1.22495234E+00 1.22499415E+00 1.22503557E+00 1.22507607E+00 1.22511499E+00 1.22515076E+00 1.22518205E+00 1.22520645E+00 1.22522271E+00 1.22522824E+00 1.22522041E+00 1.22519363E+00 1.22514595E+00 1.22507424E+00 1.22497429E+00 1.22483808E+00 1.22466084E+00 1.22443264E+00 1.22414686E+00 1.22379005E+00 1.22335297E+00 1.22282210E+00 1.22219286E+00 1.22144846E+00 1.22057362E+00 1.21954154E+00 1.21833224E+00 1.21691361E+00 1.21528914E+00 1.21344605E+00 1.21133434E+00 1.20888739E+00 1.20610753E+00 1.20297123E+00 1.19942887E+00 1.19544878E+00 1.19101214E+00 1.18656961E+00 1.18163379E+00 1.17677083E+00 1.17148769E+00 1.16646147E+00 1.16108948E+00 1.15604276E+00 1.15060988E+00 1.14540482E+00 1.13993783E+00 1.13491193E+00 1.12961920E+00 1.12468115E+00 1.11956309E+00 1.11490618E+00 1.11005802E+00 1.10556436E+00 1.10089900E+00 1.09663422E+00 1.09226180E+00 1.08831536E+00 1.08426186E+00 1.08027519E+00 1.07616263E+00 1.07191866E+00 1.06758059E+00 1.06316196E+00 1.05860277E+00 1.05387032E+00 1.04902570E+00 1.04407517E+00 1.03889316E+00 1.03343338E+00 1.02790671E+00 1.02242237E+00 1.01654080E+00 1.00913084E+00 1.00000000E+00
1.25781223E+00 1.25782446E+00 1.25783459E+00 1.25784295E+00 1.25784973E+00 1.25785524E+00 1.25785965E+00 1.25786324E+00 1.25786613E+00 1.25786854E+00 1.25787056E+00 1.25787234E+00 1.25787397E+00 1.25787556E+00 1.25787716E+00 1.25787889E+00 1.25788079E+00 1.25788298E+00 1.25788550E+00 1.25788842E+00 1.25789180E+00 1.25789574E+00 1.25790030E+00 1.25790562E+00 1.25791173E+00 1.25791873E+00 1.25792671E+00 1.25793588E+00 1.25794626E+00 1.25795797E+00 1.25797114E+00 1.25798608E+00 1.25800288E+00 1.25802166E+00 1.25804259E+00 1.25806602E+00 1.25809202E+00 1.25812067E+00 1.25815220E+00 1.25818707E+00 1.25822534E+00 1.25826715E+00 1.25831262E+00 1.25836208E+00 1.25841571E+00 1.25847362E+00 1.25853565E+00 1.25860182E+00 1.25867239E+00 1.25874738E+00 1.25882601E+00 1.25890706E+00 1.25899110E+00 1.25907890E+00 1.25916929E+00 1.25925999E+00 1.25934919E+00 1.25943381E+00 1.25951362E+00 1.25958651E+00 1.25964867E+00 1.25969292E+00 1.25971877E+00 1.25972511E+00 1.25970590E+00 1.25965036E+00 1.25955245E+00 1.25940005E+00 1.25918670E+00 1.25889688E+00 1.25851757E+00 1.25803250E+00 1.25744061E+00 1.25672532E+00 1.25586314E+00 1.25481648E+00 1.25356045E+00 1.25205881E+00 1.25032877E+00 1.24836156E+00 1.24607643E+00 1.24338120E+00 1.24029649E+00 1.23680456E+00 1.23283523E+00 1.22834496E+00 1.22332551E+00 1.21829376E+00 1.21267146E+00 1.20709883E+00 1.20104166E+00 1.19528498E+00 1.18911701E+00 1.18330018E+00 1.17702714E+00 1.17101148E+00 1.16468115E+00 1.15885312E+00 1.15271022E+00 1.14697077E+00 1.14101100E+00 1.13558114E+00 1.12992837E+00 1.12469029E+00 1.11924790E+00 1.11426506E+00 1.10914475E+00 1.10451295E+00 1.09975266E+00 1.09507281E+00 1.09024780E+00 1.08526424E+00 1.08015475E+00 1.07493723E+00 1.06955531E+00 1.06396791E+00 1.05822961E+00 1.05235073E+00 1.04621022E+00 1.03974607E+00 1.03316634E+00 1.02658467E+00 1.01951739E+00 1.01072256E+00 1.00000000E+00
1.28068789E+00 1.28070020E+00 1.28071055E+00 1.28071921E+00 1.28072634E+00 1.28073223E+00 1.28073701E+00 1.28074097E+00 1.28074424E+00 1.28074705E+00 1.28074947E+00 1.28075165E+00 1.28075369E+00 1.28075576E+00 1.28075785E+00 1.28076008E+00 1.28076254E+00 1.28076537E+00 1.28076863E+00 1.28077246E+00 1.28077691E+00 1.28078211E+00 1.28078811E+00 1.28079513E+00 1.28080323E+00 1.28081249E+00 1.28082311E+00 1.28083540E+00 1.28084943E+00 1.28086532E+00 1.28088320E+00 1.28090350E+00 1.28092650E+00 1.28095243E+00 1.28098142E+00 1.28101394E+00 1.28105017E+00 1.28109025E+00 1.28113456E+00 1.28118394E+00 1.28123864E+00 1.28129877E+00 1.28136439E+00 1.28143595E+00 1.28151416E+00 1.28159953E+00 1.28169175E+00 1.28179103E+00 1.28189811E+00 1.28201329E+00 1.28213514E+00 1.28226215E+00 1.28239666E+00 1.28254125E+00 1.28269363E+00 1.28285026E+00 1.28300890E+00 1.28316596E+00 1.28332267E+00 1.28347784E+00 1.28362636E+00 1.28375969E+00 1.28387899E+00 1.28398524E+00 1.28407020E+00 1.28411993E+00 1.28412735E+00 1.28407855E+00 1.28396765E+00 1.28377732E+00 1.28349092E+00 1.28309000E+00 1.28257682E+00 1.28193509E+00 1.28113300E+00 1.28012267E+00 1.27887666E+00 1.27735664E+00 1.27559091E+00 1.27357396E+00 1.27119758E+00 1.26834751E+00 1.26506182E+00 1.26132958E+00 1.25706411E+00 1.25221354E+00 1.24677696E+00 1.24131880E+00 1.23519676E+00 1.22910619E+00 1.22248170E+00 1.21618769E+00 1.20943093E+00 1.20304001E+00 1.19614294E+00 1.18953073E+00 1.18256331E+00 1.17613975E+00 1.16936646E+00 1.16303469E+00 1.15645219E+00 1.15044979E+00 1.14420318E+00 1.13841906E+00 1.13240835E+00 1.12690098E+00 1.12123400E+00 1.11610062E+00 1.11082338E+00 1.10563773E+00 1.10029429E+00 1.09477424E+00 1.08910576E+00 1.08330893E+00 1.07733099E+00 1.07112654E+00 1.06474459E+00 1.05819571E+00 1.05136379E+00 1.04418250E+00 1.03685767E+00 1.02949883E+00 1.02159346E+00 1.01183066E+00 1.00000000E+00
1.29673845E+00 1.29675188E+00 1.29676346E+00 1.29677362E+00 1.29678238E+00 1.29678989E+00 1.29679626E+00 1.29680172E+00 1.29680642E+00 1.29681063E+00 1.29681436E+00 1.29681772E+00 1.29682088E+00 1.29682406E+00 1.29682720E+00 1.29683035E+00 1.29683371E+00 1.29683747E+00 1.29684173E+00 1.29684673E+00 1.29685253E+00 1.29685923E+00 1.29686689E+00 1.29687577E+00 1.29688599E+00 1.29689768E+00 1.29691109E+00 1.29692674E+00 1.29694473E+00 1.29696511E+00 1.29698797E+00 1.29701387E+00 1.29704343E+00 1.29707702E+00 1.29711461E+00 1.29715677E+00 1.29720385E+00 1.29725609E+00 1.29731408E+00 1.29737913E+00 1.29745161E+00 1.29753155E+00 1.29761879E+00 1.29771401E+00 1.29781865E+00 1.29793371E+00 1.29805865E+00 1.29819390E+00 1.29834070E+00 1.29849961E+00 1.29866849E+00 1.29884570E+00 1.29903557E+00 1.29924262E+00 1.29946304E+00 1.29969168E+00 1.29992609E+00 1.30016251E+00 1.30040386E+00 1.30065001E+00 1.30089451E+00 1.30112764E+00 1.30135198E+00 1.30157024E+00 1.30177199E+00 1.30194006E+00 1.30206669E+00 1.30213670E+00 1.30214469E+00 1.30207173E+00 1.30189788E+00 1.30160294E+00 1.30119193E+00 1.30064873E+00 1.29993392E+00 1.29899033E+00 1.29778933E+00 1.29629117E+00 1.29453251E+00 1.29251035E+00 1.29009368E+00 1.28714996E+00 1.28373234E+00 1.27983590E+00 1.27536080E+00 1.27024906E+00 1.26450483E+00 1.25872785E+00 1.25222979E+00 1.24574805E+00 1.23869224E+00 1.23198749E+00 1.22477862E+00 1.21794443E+00 1.21056657E+00 1.20349788E+00 1.19604224E+00 1.18916026E+00 1.18190218E+00 1.17511635E+00 1.16805644E+00 1.16161462E+00 1.15491297E+00 1.14871187E+00 1.14226799E+00 1.13636147E+00 1.13027862E+00 1.12476347E+00 1.11909282E+00 1.11352254E+00 1.10778531E+00 1.10185884E+00 1.09576751E+00 1.08953232E+00 1.08310360E+00 1.07643375E+00 1.06956699E+00 1.06251298E+00 1.05516108E+00 1.04744538E+00 1.03956790E+00 1.03163076E+00 1.02310485E+00 1.01263536E+00 1.00000000E+00
1.12787986E+00 1.12787579E+00 1.12787335E+00 1.12787215E+00 1.12787180E+00 1.12787165E+00 1.12787132E+00 1.12787044E+00 1.12786926E+00 1.12786818E+00 1.12786742E+00 1.12786706E+00 1.12786694E+00 1.12786689E+00 1.12786690E+00 1.12786700E+00 1.12786724E+00 1.12786765E+00 1.12786822E+00 1.12786894E+00 1.12786980E+00 1.12787084E+00 1.12787205E+00 1.12787347E+00 1.12787511E+00 1.12787697E+00 1.12787908E+00 1.12788147E+00 1.12788414E+00 1.12788714E+00 1.12789046E+00 1.12789415E+00 1.12789821E+00 1.12790268E+00 1.12790755E+00 1.12791285E+00 1.12791859E+00 1.12792476E+00 1.12793135E+00 1.12793835E+00 1.12794571E+00 1.12795338E+00 1.12796129E+00 1.12796935E+00 1.12797744E+00 1.12798536E+00 1.12799294E+00 1.12799987E+00 1.12800590E+00 1.12801057E+00 1.12801353E+00 1.12801410E+00 1.12801171E+00 1.12800544E+00 1.12799460E+00 1.12797784E+00 1.12795422E+00 1.12792195E+00 1.12787971E+00 1.12782513E+00 1.12775653E+00 1.12767072E+00 1.12756546E+00 1.12743684E+00 1.12728201E+00 1.12709578E+00 1.12687475E+00 1.12661238E+00 1.12630408E+00 1.12594182E+00 1.12552022E+00 1.12502954E+00 1.12446332E+00 1.12380935E+00 1.12306008E+00 1.12220130E+00 1.12122448E+00 1.12011204E+00 1.11885246E+00 1.11742828E+00 1.11582795E+00 1.11402742E+00 1.11201285E+00 1.10976102E+00 1.10725724E+00 1.10449908E+00 1.10145057E+00 1.09841067E+00 1.09509988E+00 1.09192550E+00 1.08850873E+00 1.08527268E+00 1.08183397E+00 1.07862075E+00 1.07523406E+00 1.07207741E+00 1.06877886E+00 1.06574698E+00 1.06259977E+00 1.05971679E+00 1.05674182E+00 1.05403409E+00 1.05125330E+00 1.04873173E+00 1.04615425E+00 1.04382763E+00 1.04145614E+00 1.03932334E+00 1.03715794E+00 1.03506702E+00 1.03294605E+00 1.03079152E+00 1.02861375E+00 1.02642368E+00 1.02420559E+00 1.02195587E+00 1.01970319E+00 1.01746544E+00 1.01517977E+00 1.01283348E+00 1.01056341E+00 1.00850977E+00 1.00644832E+00 1.00367318E+00 1.00000000E+00
1.17114412E+00 1.17115345E+00 1.17115771E+00 1.17115803E+00 1.17115696E+00 1.17115661E+00 1.17115674E+00 1.17115689E+00 1.17115673E+00 1.17115624E+00 1.17115572E+00 1.17115538E+00 1.17115522E+00 1.17115522E+00 1.17115535E+00 1.17115563E+00 1.17115608E+00 1.17115674E+00 1.17115760E+00 1.17115869E+00 1.17116000E+00 1.17116158E+00 1.17116343E+00 1.17116560E+00 1.17116809E+00 1.17117093E+00 1.17117417E+00 1.17117784E+00 1.17118196E+00 1.17118657E+00 1.17119172E+00 1.17119746E+00 1.17120381E+00 1.17121082E+00 1.17121852E+00 1.17122697E+00 1.17123619E+00 1.17124618E+00 1.17125696E+00 1.17126857E+00 1.17128096E+00 1.17129410E+00 1.17130797E+00 1.17132252E+00 1.17133761E+00 1.17135307E+00 1.17136872E+00 1.17138428E+00 1.17139950E+00 1.17141391E+00 1.17142719E+00 1.17143855E+00 1.17144735E+00 1.17145265E+00 1.17145371E+00 1.17144907E+00 1.17143767E+00 1.17141748E+00 1.17138697E+00 1.17134344E+00 1.17128499E+00 1.17120772E+00 1.17110913E+00 1.17098493E+00 1.17083182E+00 1.17064355E+00 1.17041623E+00 1.17014181E+00 1.16981471E+00 1.16942504E+00 1.16896646E+00 1.16842752E+00 1.16780074E+00 1.16707073E+00 1.16622829E+00 1.16525564E+00 1.16414146E+00 1.16286277E+00 1.16140751E+00 1.15975581E+00 1.15788897E+00 1.15577201E+00 1.15339108E+00 1.15071858E+00 1.14773101E+00 1.14441798E+00 1.14073932E+00 1.13705522E+00 1.13301186E+00 1.12909818E+00 1.12486795E+00 1.12084905E+00 1.11656132E+00 1.11253777E+00 1.10825057E+00 1.10420545E+00 1.09997339E+00 1.09607930E+00 1.09200059E+00 1.08822596E+00 1.08432180E+00 1.08076705E+00 1.07708437E+00 1.07370415E+00 1.07021699E+00 1.06704447E+00 1.06380140E+00 1.06088081E+00 1.05789177E+00 1.05496976E+00 1.05196952E+00 1.04889272E+00 1.04576833E+00 1.04260087E+00 1.03934217E+00 1.03598482E+00 1.03258281E+00 1.02913954E+00 1.02555288E+00 1.02180628E+00 1.01806183E+00 1.01442016E+00 1.01060293E+00 1.00584614E+00 1.00000000E+00
1.21661782E+00 1.21662548E+00 1.21663100E+00 1.21663525E+00 1.21663849E+00 1.21664100E+00 1.21664285E+00 1.21664423E+00 1.21664525E+00 1.21664609E+00 1.21664679E+00 1.21664746E+00 1.21664813E+00 1.21664887E+00 1.21664971E+00 1.21665072E+00 1.21665191E+00 1.21665334E+00 1.21665503E+00 1.21665704E+00 1.21665939E+00 1.21666214E+00 1.21666532E+00 1.21666901E+00 1.21667323E+00 1.21667806E+00 1.21668353E+00 1.21668976E+00 1.21669677E+00 1.21670464E+00 1.21671347E+00 1.21672337E+00 1.21673439E+00 1.21674663E+00 1.21676016E+00 1.21677513E+00 1.21679160E+00 1.21680961E+00 1.21682927E+00 1.21685069E+00 1.21687389E+00 1.21689889E+00 1.21692576E+00 1.21695454E+00 1.21698514E+00 1.21701746E+00 1.21705135E+00 1.21708661E+00 1.21712305E+00 1.21716027E+00 1.21719787E+00 1.21723499E+00 1.21727106E+00 1.21730533E+00 1.21733690E+00 1.21736395E+00 1.21738524E+00 1.21739829E+00 1.21740148E+00 1.21739168E+00 1.21736646E+00 1.21732085E+00 1.21725226E+00 1.21715615E+00 1.21702804E+00 1.21685967E+00 1.21664607E+00 1.21637683E+00 1.21604532E+00 1.21563913E+00 1.21514953E+00 1.21456210E+00 1.21386879E+00 1.21305062E+00 1.21209399E+00 1.21097421E+00 1.20967589E+00 1.20817009E+00 1.20644773E+00 1.20448518E+00 1.20224702E+00 1.19968363E+00 1.19678737E+00 1.19352553E+00 1.18985941E+00 1.18577201E+00 1.18122167E+00 1.17665717E+00 1.17161982E+00 1.16671797E+00 1.16141796E+00 1.15638340E+00 1.15099536E+00 1.14592347E+00 1.14050643E+00 1.13538266E+00 1.13001377E+00 1.12506878E+00 1.11988099E+00 1.11506846E+00 1.11008359E+00 1.10554074E+00 1.10082835E+00 1.09649419E+00 1.09201476E+00 1.08793159E+00 1.08374834E+00 1.07997264E+00 1.07610397E+00 1.07231754E+00 1.06842901E+00 1.06443477E+00 1.06036122E+00 1.05621661E+00 1.05195517E+00 1.04755936E+00 1.04307785E+00 1.03851984E+00 1.03379475E+00 1.02886612E+00 1.02387512E+00 1.01893363E+00 1.01376481E+00 1.00751140E+00 1.00000000E+00
1.25138407E+00 1.25139565E+00 1.25140521E+00 1.25141312E+00 1.25141957E+00 1.25142489E+00 1.25142920E+00 1.25143277E+00 1.25143571E+00 1.25143821E+00 1.25144036E+00 1.25144232E+00 1.25144415E+00 1.25144597E+00 1.25144785E+00 1.25144987E+00 1.25145211E+00 1.25145465E+00 1.25145754E+00 1.25146086E+00 1.25146469E+00 1.25146912E+00 1.25147420E+00 1.25148005E+00 1.25148675E+00 1.25149438E+00 1.25150305E+00 1.25151292E+00 1.25152407E+00 1.25153663E+00 1.25155073E+00 1.25156659E+00 1.25158433E+00 1.25160411E+00 1.25162606E+00 1.25165044E+00 1.25167738E+00 1.25170702E+00 1.25173954E+00 1.25177524E+00 1.25181421E+00 1.25185659E+00 1.25190247E+00 1.25195202E+00 1.25200533E+00 1.25206245E+00 1.25212323E+00 1.25218757E+00 1.25225547E+00 1.25232659E+00 1.25240037E+00 1.25247580E+00 1.25255278E+00 1.25263095E+00 1.25270890E+00 1.25278419E+00 1.25285536E+00 1.25291943E+00 1.25297494E+00 1.25301837E+00 1.25304652E+00 1.25305323E+00 1.25303592E+00 1.25298981E+00 1.25290878E+00 1.25278202E+00 1.25260331E+00 1.25235967E+00 1.25204373E+00 1.25164044E+00 1.25113814E+00 1.25051922E+00 1.24977534E+00 1.24888438E+00 1.24782745E+00 1.24657270E+00 1.24510177E+00 1.24338148E+00 1.24140592E+00 1.23914803E+00 1.23655611E+00 1.23356830E+00 1.23018528E+00 1.22637220E+00 1.22207777E+00 1.21728281E+00 1.21194491E+00 1.20659440E+00 1.20068264E+00 1.19492382E+00 1.18870393E+00 1.18280427E+00 1.17648730E+00 1.17053572E+00 1.16418605E+00 1.15818818E+00 1.15190013E+00 1.14610732E+00 1.14003573E+00 1.13440615E+00 1.12857257E+00 1.12325449E+00 1.11774287E+00 1.11267862E+00 1.10744650E+00 1.10267664E+00 1.09778527E+00 1.09336551E+00 1.08883803E+00 1.08441052E+00 1.07986945E+00 1.07520602E+00 1.07044144E+00 1.06558698E+00 1.06060309E+00 1.05546669E+00 1.05021892E+00 1.04487246E+00 1.03934933E+00 1.03360364E+00 1.02775854E+00 1.02192943E+00 1.01584400E+00 1.00859738E+00 1.00000000E+00
1.27712928E+00 1.27714210E+00 1.27715302E+00 1.27716227E+00 1.27717002E+00 1.27717653E+00 1.27718197E+00 1.27718659E+00 1.27719051E+00 1.27719395E+00 1.27719699E+00 1.27719982E+00 1.27720253E+00 1.27720526E+00 1.27720808E+00 1.27721111E+00 1.27721445E+00 1.27721821E+00 1.27722248E+00 1.27722740E+00 1.27723305E+00 1.27723956E+00 1.27724700E+00 1.27725557E+00 1.27726537E+00 1.27727655E+00 1.27728925E+00 1.27730375E+00 1.27732015E+00 1.27733865E+00 1.27735941E+00 1.27738277E+00 1.27740899E+00 1.27743833E+00 1.27747090E+00 1.27750712E+00 1.27754723E+00 1.27759149E+00 1.27764019E+00 1.27769385E+00 1.27775267E+00 1.27781686E+00 1.27788651E+00 1.27796197E+00 1.27804362E+00 1.27813170E+00 1.27822601E+00 1.27832659E+00 1.27843364E+00 1.27854690E+00 1.27866552E+00 1.27878840E+00 1.27891603E+00 1.27904852E+00 1.27918374E+00 1.27931835E+00 1.27945073E+00 1.27957745E+00 1.27969733E+00 1.27980649E+00 1.27990076E+00 1.27997277E+00 1.28001979E+00 1.28003665E+00 1.28001554E+00 1.27994295E+00 1.27981144E+00 1.27960568E+00 1.27931764E+00 1.27892989E+00 1.27842782E+00 1.27779087E+00 1.27701066E+00 1.27606256E+00 1.27492276E+00 1.27355299E+00 1.27193315E+00 1.27002727E+00 1.26783207E+00 1.26531824E+00 1.26242071E+00 1.25906798E+00 1.25526872E+00 1.25098795E+00 1.24616483E+00 1.24077995E+00 1.23479032E+00 1.22879456E+00 1.22217270E+00 1.21572439E+00 1.20876754E+00 1.20217856E+00 1.19512651E+00 1.18848198E+00 1.18140392E+00 1.17473100E+00 1.16773527E+00 1.16129066E+00 1.15454391E+00 1.14829483E+00 1.14181926E+00 1.13591525E+00 1.12980244E+00 1.12419296E+00 1.11840159E+00 1.11312368E+00 1.10770950E+00 1.10281459E+00 1.09780232E+00 1.09290508E+00 1.08788794E+00 1.08273874E+00 1.07747404E+00 1.07210662E+00 1.06660249E+00 1.06093625E+00 1.05514266E+00 1.04923591E+00 1.04314845E+00 1.03683052E+00 1.03039016E+00 1.02394146E+00 1.01722014E+00 1.00930575E+00 1.00000000E+00
1.29657019E+00 1.29658443E+00 1.29659678E+00 1.29660758E+00 1.29661689E+00 1.29662493E+00 1.29663184E+00 1.29663786E+00 1.29664315E+00 1.29664792E+00 1.29665226E+00 1.29665635E+00 1.29666032E+00 1.29666436E+00 1.29666851E+00 1.29667294E+00 1.29667778E+00 1.29668320E+00 1.29668932E+00 1.29669635E+00 1.29670438E+00 1.29671358E+00 1.29672404E+00 1.29673604E+00 1.29674972E+00 1.29676532E+00 1.29678303E+00 1.29680325E+00 1.29682614E+00 1.29685192E+00 1.29688079E+00 1.29691323E+00 1.29694969E+00 1.29699056E+00 1.29703591E+00 1.29708630E+00 1.29714211E+00 1.29720379E+00 1.29727170E+00 1.29734664E+00 1.29742892E+00 1.29751876E+00 1.29761625E+00 1.29772193E+00 1.29783657E+00 1.29796062E+00 1.29809375E+00 1.29823617E+00 1.29838826E+00 1.29854982E+00 1.29871965E+00 1.29889653E+00 1.29908155E+00 1.29927529E+00 1.29947475E+00 1.29967558E+00 1.29987600E+00 1.30007220E+00 1.30026329E+00 1.30044501E+00 1.30061208E+00 1.30075583E+00 1.30087329E+00 1.30095871E+00 1.30100273E+00 1.30098917E+00 1.30090949E+00 1.30074630E+00 1.30049102E+00 1.30012404E+00 1.29962804E+00 1.29897988E+00 1.29817123E+00 1.29717570E+00 1.29596513E+00 1.29449568E+00 1.29274632E+00 1.29067918E+00 1.28829302E+00 1.28555716E+00 1.28239616E+00 1.27873095E+00 1.27457700E+00 1.26989993E+00 1.26463196E+00 1.25875436E+00 1.25222344E+00 1.24569493E+00 1.23849204E+00 1.23148407E+00 1.22393092E+00 1.21678619E+00 1.20914490E+00 1.20194730E+00 1.19429126E+00 1.18708690E+00 1.17953586E+00 1.17258060E+00 1.16530723E+00 1.15857765E+00 1.15160530E+00 1.14524832E+00 1.13867216E+00 1.13264455E+00 1.12642597E+00 1.12076141E+00 1.11495031E+00 1.10969518E+00 1.10431614E+00 1.09906464E+00 1.09368949E+00 1.08817657E+00 1.08253865E+00 1.07678914E+00 1.07089864E+00 1.06484109E+00 1.05864612E+00 1.05232843E+00 1.04582906E+00 1.03909696E+00 1.03222715E+00 1.02533057E+00 1.01815333E+00 1.00977726E+00 1.00000000E+00
1.12840632E+00 1.12840504E+00 1.12840738E+00 1.12840959E+00 1.12841060E+00 1.12840983E+00 1.12840822E+00 1.12840673E+00 1.12840566E+00 1.12840516E+00 1.12840497E+00 1.12840484E+00 1.12840473E+00 1.12840466E+00 1.12840469E+00 1.12840489E+00 1.12840523E+00 1.12840571E+00 1.12840633E+00 1.12840708E+00 1.12840799E+00 1.12840907E+00 1.12841032E+00 1.12841177E+00 1.12841344E+00 1.12841533E+00 1.12841747E+00 1.12841988E+00 1.12842258E+00 1.12842559E+00 1.12842894E+00 1.12843264E+00 1.12843672E+00 1.12844119E+00 1.12844606E+00 1.12845136E+00 1.12845708E+00 1.12846322E+00 1.12846977E+00 1.12847670E+00 1.12848398E+00 1.12849155E+00 1.12849934E+00 1.12850723E+00 1.12851512E+00 1.12852279E+00 1.12853007E+00 1.12853665E+00 1.12854226E+00 1.12854643E+00 1.12854881E+00 1.12854867E+00 1.12854548E+00 1.12853830E+00 1.12852640E+00 1.12850842E+00 1.12848341E+00 1.12844955E+00 1.12840550E+00 1.12834887E+00 1.12827797E+00 1.12818958E+00 1.12808146E+00 1.12794968E+00 1.12779133E+00 1.12760122E+00 1.12737589E+00 1.12710877E+00 1.12679532E+00 1.12642756E+00 1.12600009E+00 1.12550309E+00 1.12493002E+00 1.12426889E+00 1.12351214E+00 1.12264553E+00 1.12166044E+00 1.12053955E+00 1.11927158E+00 1.11783906E+00 1.11623017E+00 1.11442140E+00 1.11239931E+00 1.11014098E+00 1.10763129E+00 1.10486781E+00 1.10181471E+00 1.09877300E+00 1.09546124E+00 1.09228655E+00 1.08887125E+00 1.08563978E+00 1.08220567E+00 1.07899318E+00 1.07560736E+00 1.07245705E+00 1.06916632E+00 1.06613905E+00 1.06299576E+00 1.06011648E+00 1.05714433E+00 1.05443842E+00 1.05165901E+00 1.04913847E+00 1.04656098E+00 1.04423366E+00 1.04186046E+00 1.03972493E+00 1.03755545E+00 1.03545850E+00 1.03333052E+00 1.03116976E+00 1.02898285E+00 1.02677737E+00 1.02454246E+00 1.02227704E+00 1.02000048E+00 1.01772849E+00 1.01541592E+00 1.01304718E+00 1.01071911E+00 1.00856598E+00 1.00641672E+00 1.00362327E+00 1.00000000E+00
1.16251417E+00 1.16251816E+00 1.16251982E+00 1.16252076E+00 1.16252141E+00 1.16252203E+00 1.16252236E+00 1.16252235E+00 1.16252214E+00 1.16252192E+00 1.16252176E+00 1.16252171E+00 1.16252175E+00 1.16252190E+00 1.16252216E+00 1.16252256E+00 1.16252311E+00 1.16252384E+00 1.16252474E+00 1.16252585E+00 1.16252716E+00 1.16252871E+00 1.16253051E+00 1.16253259E+00 1.16253497E+00 1.16253768E+00 1.16254076E+00 1.16254423E+00 1.16254812E+00 1.16255248E+00 1.16255733E+00 1.16256272E+00 1.16256868E+00 1.16257525E+00 1.16258246E+00 1.16259034E+00 1.16259892E+00 1.16260820E+00 1.16261820E+00 1.16262892E+00 1.16264034E+00 1.16265240E+00 1.16266508E+00 1.16267829E+00 1.16269191E+00 1.16270573E+00 1.16271960E+00 1.16273320E+00 1.16274627E+00 1.16275832E+00 1.16276899E+00 1.16277750E+00 1.16278322E+00 1.16278520E+00 1.16278266E+00 1.16277409E+00 1.16275841E+00 1.16273359E+00 1.16269809E+00 1.16264921E+00 1.16258505E+00 1.16250181E+00 1.16239700E+00 1.16226623E+00 1.16210616E+00 1.16191061E+00 1.16167565E+00 1.16139342E+00 1.16105853E+00 1.16066153E+00 1.16019607E+00 1.15965063E+00 1.15901756E+00 1.15828227E+00 1.15743583E+00 1.15646075E+00 1.15534640E+00 1.15407116E+00 1.15262247E+00 1.15097997E+00 1.14912684E+00 1.14703204E+00 1.14468124E+00 1.14204675E+00 1.13910677E+00 1.13585395E+00 1.13224690E+00 1.12864030E+00 1.12469269E+00 1.12088600E+00 1.11677913E+00 1.11288346E+00 1.10872814E+00 1.10482801E+00 1.10068842E+00 1.09680738E+00 1.09275047E+00 1.08901304E+00 1.08510755E+00 1.08150613E+00 1.07778200E+00 1.07438865E+00 1.07088079E+00 1.06767502E+00 1.06437621E+00 1.06138141E+00 1.05832121E+00 1.05556398E+00 1.05274608E+00 1.05000052E+00 1.04719039E+00 1.04431780E+00 1.04140226E+00 1.03844645E+00 1.03541640E+00 1.03231104E+00 1.02916795E+00 1.02599313E+00 1.02271165E+00 1.01930750E+00 1.01589659E+00 1.01258634E+00 1.00918679E+00 1.00504460E+00 1.00000000E+00
1.20051723E+00 1.20052281E+00 1.20052679E+00 1.20052974E+00 1.20053181E+00 1.20053327E+00 1.20053424E+00 1.20053492E+00 1.20053540E+00 1.20053579E+00 1.20053614E+00 1.20053652E+00 1.20053697E+00 1.20053753E+00 1.20053823E+00 1.20053911E+00 1.20054019E+00 1.20054150E+00 1.20054308E+00 1.20054497E+00 1.20054717E+00 1.20054976E+00 1.20055275E+00 1.20055621E+00 1.20056016E+00 1.20056467E+00 1.20056979E+00 1.20057559E+00 1.20058211E+00 1.20058945E+00 1.20059765E+00 1.20060682E+00 1.20061702E+00 1.20062832E+00 1.20064080E+00 1.20065456E+00 1.20066966E+00 1.20068615E+00 1.20070410E+00 1.20072358E+00 1.20074462E+00 1.20076722E+00 1.20079139E+00 1.20081710E+00 1.20084428E+00 1.20087276E+00 1.20090240E+00 1.20093292E+00 1.20096407E+00 1.20099536E+00 1.20102637E+00 1.20105618E+00 1.20108417E+00 1.20110942E+00 1.20113090E+00 1.20114672E+00 1.20115560E+00 1.20115500E+00 1.20114315E+00 1.20111677E+00 1.20107342E+00 1.20100831E+00 1.20091850E+00 1.20079885E+00 1.20064487E+00 1.20044844E+00 1.20020458E+00 1.19990313E+00 1.19953748E+00 1.19909570E+00 1.19856923E+00 1.19794351E+00 1.19720959E+00 1.19634913E+00 1.19534975E+00 1.19418850E+00 1.19285153E+00 1.19131198E+00 1.18955740E+00 1.18756288E+00 1.18530084E+00 1.18273103E+00 1.17984171E+00 1.17659940E+00 1.17297220E+00 1.16895152E+00 1.16449090E+00 1.16003150E+00 1.15513987E+00 1.15041516E+00 1.14532361E+00 1.14049886E+00 1.13534592E+00 1.13050618E+00 1.12536976E+00 1.12055224E+00 1.11551554E+00 1.11087672E+00 1.10602927E+00 1.10155615E+00 1.09692990E+00 1.09271476E+00 1.08835696E+00 1.08437225E+00 1.08027062E+00 1.07654506E+00 1.07273494E+00 1.06929897E+00 1.06578712E+00 1.06236427E+00 1.05886343E+00 1.05528359E+00 1.05164165E+00 1.04794277E+00 1.04415694E+00 1.04027721E+00 1.03633620E+00 1.03234326E+00 1.02823624E+00 1.02398896E+00 1.01969679E+00 1.01547374E+00 1.01115620E+00 1.00606071E+00 1.00000000E+00
1.23120493E+00 1.23121345E+00 1.23122020E+00 1.23122560E+00 1.23122986E+00 1.23123328E+00 1.23123600E+00 1.23123823E+00 1.23124009E+00 1.23124171E+00 1.23124318E+00 1.23124459E+00 1.23124602E+00 1.23124755E+00 1.23124921E+00 1.23125110E+00 1.23125324E+00 1.23125573E+00 1.23125859E+00 1.23126192E+00 1.23126575E+00 1.23127018E+00 1.23127525E+00 1.23128107E+00 1.23128771E+00 1.23129527E+00 1.23130383E+00 1.23131353E+00 1.23132444E+00 1.23133672E+00 1.23135044E+00 1.23136580E+00 1.23138291E+00 1.23140193E+00 1.23142294E+00 1.23144616E+00 1.23147170E+00 1.23149969E+00 1.23153026E+00 1.23156360E+00 1.23159978E+00 1.23163888E+00 1.23168092E+00 1.23172594E+00 1.23177394E+00 1.23182484E+00 1.23187843E+00 1.23193446E+00 1.23199271E+00 1.23205262E+00 1.23211358E+00 1.23217443E+00 1.23223467E+00 1.23229336E+00 1.23234897E+00 1.23239888E+00 1.23244154E+00 1.23247365E+00 1.23249326E+00 1.23249624E+00 1.23247933E+00 1.23243639E+00 1.23236393E+00 1.23225569E+00 1.23210570E+00 1.23190337E+00 1.23164246E+00 1.23131013E+00 1.23089867E+00 1.23039338E+00 1.22978318E+00 1.22905040E+00 1.22818495E+00 1.22716523E+00 1.22597521E+00 1.22458680E+00 1.22298383E+00 1.22113575E+00 1.21903074E+00 1.21664058E+00 1.21392838E+00 1.21084718E+00 1.20738960E+00 1.20351965E+00 1.19919809E+00 1.19441906E+00 1.18913233E+00 1.18386392E+00 1.17809604E+00 1.17253605E+00 1.16656103E+00 1.16091499E+00 1.15489413E+00 1.14924679E+00 1.14326894E+00 1.13767621E+00 1.13183417E+00 1.12646000E+00 1.12085552E+00 1.11569166E+00 1.11035469E+00 1.10549521E+00 1.10047945E+00 1.09590042E+00 1.09119273E+00 1.08692017E+00 1.08255107E+00 1.07861087E+00 1.07458773E+00 1.07067136E+00 1.06667256E+00 1.06258734E+00 1.05842859E+00 1.05420376E+00 1.04988885E+00 1.04547366E+00 1.04098454E+00 1.03643352E+00 1.03177043E+00 1.02696362E+00 1.02209195E+00 1.01727395E+00 1.01236726E+00 1.00667846E+00 1.00000000E+00
1.25501276E+00 1.25502429E+00 1.25503401E+00 1.25504222E+00 1.25504911E+00 1.25505496E+00 1.25505992E+00 1.25506422E+00 1.25506798E+00 1.25507139E+00 1.25507454E+00 1.25507758E+00 1.25508059E+00 1.25508372E+00 1.25508700E+00 1.25509058E+00 1.25509453E+00 1.25509897E+00 1.25510397E+00 1.25510966E+00 1.25511612E+00 1.25512349E+00 1.25513184E+00 1.25514134E+00 1.25515210E+00 1.25516427E+00 1.25517798E+00 1.25519347E+00 1.25521083E+00 1.25523029E+00 1.25525195E+00 1.25527611E+00 1.25530296E+00 1.25533275E+00 1.25536558E+00 1.25540175E+00 1.25544145E+00 1.25548492E+00 1.25553230E+00 1.25558393E+00 1.25563992E+00 1.25570035E+00 1.25576524E+00 1.25583465E+00 1.25590871E+00 1.25598736E+00 1.25607025E+00 1.25615710E+00 1.25624768E+00 1.25634126E+00 1.25643690E+00 1.25653312E+00 1.25662952E+00 1.25672502E+00 1.25681741E+00 1.25690312E+00 1.25698022E+00 1.25704459E+00 1.25709402E+00 1.25712348E+00 1.25712863E+00 1.25710195E+00 1.25703921E+00 1.25693295E+00 1.25677574E+00 1.25655454E+00 1.25626190E+00 1.25588266E+00 1.25540811E+00 1.25482124E+00 1.25410865E+00 1.25325014E+00 1.25223494E+00 1.25103918E+00 1.24964378E+00 1.24801665E+00 1.24614035E+00 1.24398217E+00 1.24153107E+00 1.23875717E+00 1.23561694E+00 1.23205879E+00 1.22807958E+00 1.22364305E+00 1.21870520E+00 1.21326410E+00 1.20726647E+00 1.20131168E+00 1.19481217E+00 1.18856449E+00 1.18186868E+00 1.17555911E+00 1.16884533E+00 1.16255905E+00 1.15592221E+00 1.14972988E+00 1.14326907E+00 1.13733302E+00 1.13115510E+00 1.12547289E+00 1.11960532E+00 1.11426679E+00 1.10876527E+00 1.10375130E+00 1.09860312E+00 1.09393548E+00 1.08916445E+00 1.08486296E+00 1.08047531E+00 1.07620939E+00 1.07185997E+00 1.06742119E+00 1.06290274E+00 1.05831342E+00 1.05363412E+00 1.04885322E+00 1.04399212E+00 1.03906439E+00 1.03402884E+00 1.02885120E+00 1.02359849E+00 1.01839173E+00 1.01310510E+00 1.00704784E+00 1.00000000E+00
1.27370434E+00 1.27371753E+00 1.27372893E+00 1.27373900E+00 1.27374781E+00 1.27375560E+00 1.27376251E+00 1.27376876E+00 1.27377448E+00 1.27377987E+00 1.27378502E+00 1.27379011E+00 1.27379524E+00 1.27380060E+00 1.27380623E+00 1.27381232E+00 1.27381898E+00 1.27382637E+00 1.27383459E+00 1.27384385E+00 1.27385425E+00 1.27386595E+00 1.27387908E+00 1.27389387E+00 1.27391046E+00 1.27392910E+00 1.27394995E+00 1.27397333E+00 1.27399940E+00 1.27402840E+00 1.27406048E+00 1.27409604E+00 1.27413538E+00 1.27417884E+00 1.27422647E+00 1.27427867E+00 1.27433570E+00 1.27439788E+00 1.27446539E+00 1.27453863E+00 1.27461778E+00 1.27470282E+00 1.27479373E+00 1.27489055E+00 1.27499355E+00 1.27510262E+00 1.27521718E+00 1.27533685E+00 1.27546136E+00 1.27558970E+00 1.27572051E+00 1.27585189E+00 1.27598347E+00 1.27611399E+00 1.27624044E+00 1.27635817E+00 1.27646488E+00 1.27655558E+00 1.27662784E+00 1.27667568E+00 1.27669371E+00 1.27667293E+00 1.27660843E+00 1.27649160E+00 1.27631382E+00 1.27605976E+00 1.27572101E+00 1.27528054E+00 1.27472889E+00 1.27404717E+00 1.27322016E+00 1.27222567E+00 1.27105263E+00 1.26967579E+00 1.26807371E+00 1.26621125E+00 1.26407044E+00 1.26161738E+00 1.25884172E+00 1.25571304E+00 1.25218345E+00 1.24819812E+00 1.24375741E+00 1.23882577E+00 1.23335637E+00 1.22735137E+00 1.22075483E+00 1.21422795E+00 1.20712617E+00 1.20031875E+00 1.19304048E+00 1.18619868E+00 1.17893428E+00 1.17214425E+00 1.16499174E+00 1.15833456E+00 1.15139708E+00 1.14503038E+00 1.13841583E+00 1.13234194E+00 1.12607542E+00 1.12037821E+00 1.11451498E+00 1.10917941E+00 1.10370739E+00 1.09875096E+00 1.09368747E+00 1.08912411E+00 1.08447344E+00 1.07995666E+00 1.07535683E+00 1.07066706E+00 1.06589459E+00 1.06104904E+00 1.05611498E+00 1.05108036E+00 1.04596281E+00 1.04077682E+00 1.03548787E+00 1.03006062E+00 1.02455340E+00 1.01908865E+00 1.01355383E+00 1.00726671E+00 1.00000000E+00
1.12901336E+00 1.12901569E+00 1.12902165E+00 1.12902546E+00 1.12902643E+00 1.12902480E+00 1.12902243E+00 1.12902093E+00 1.12902031E+00 1.12902030E+00 1.12902042E+00 1.12902037E+00 1.12902024E+00 1.12902020E+00 1.12902031E+00 1.12902060E+00 1.12902103E+00 1.12902157E+00 1.12902222E+00 1.12902302E+00 1.12902396E+00 1.12902508E+00 1.12902637E+00 1.12902785E+00 1.12902954E+00 1.12903147E+00 1.12903363E+00 1.12903607E+00 1.12903879E+00 1.12904183E+00 1.12904519E+00 1.12904890E+00 1.12905299E+00 1.12905746E+00 1.12906233E+00 1.12906761E+00 1.12907330E+00 1.12907940E+00 1.12908589E+00 1.12909274E+00 1.12909993E+00 1.12910737E+00 1.12911500E+00 1.12912269E+00 1.12913034E+00 1.12913772E+00 1.12914465E+00 1.12915081E+00 1.12915593E+00 1.12915953E+00 1.12916123E+00 1.12916030E+00 1.12915619E+00 1.12914797E+00 1.12913487E+00 1.12911551E+00 1.12908893E+00 1.12905327E+00 1.12900720E+00 1.12894830E+00 1.12887484E+00 1.12878360E+00 1.12867234E+00 1.12853707E+00 1.12837486E+00 1.12818050E+00 1.12795049E+00 1.12767827E+00 1.12735931E+00 1.12698566E+00 1.12655188E+00 1.12604815E+00 1.12546787E+00 1.12479927E+00 1.12403472E+00 1.12316000E+00 1.12216643E+00 1.12103697E+00 1.11976065E+00 1.11831993E+00 1.11670278E+00 1.11488631E+00 1.11285740E+00 1.11059318E+00 1.10807831E+00 1.10531075E+00 1.10225472E+00 1.09921273E+00 1.09590156E+00 1.09272855E+00 1.08931657E+00 1.08609015E+00 1.08266125E+00 1.07945192E+00 1.07606975E+00 1.07292668E+00 1.06964364E+00 1.06662097E+00 1.06348172E+00 1.06060612E+00 1.05763672E+00 1.05493243E+00 1.05215367E+00 1.04963309E+00 1.04705409E+00 1.04472434E+00 1.04234750E+00 1.04020706E+00 1.03803102E+00 1.03592559E+00 1.03378783E+00 1.03161693E+00 1.02941650E+00 1.02719144E+00 1.02493549E+00 1.02264844E+00 1.02034100E+00 1.01802565E+00 1.01567489E+00 1.01327277E+00 1.01087812E+00 1.00861420E+00 1.00638391E+00 1.00358627E+00 1.00000000E+00
1.15132835E+00 1.15133151E+00 1.15133383E+00 1.15133561E+00 1.15133679E+00 1.15133749E+00 1.15133782E+00 1.15133800E+00 1.15133809E+00 1.15133819E+00 1.15133830E+00 1.15133845E+00 1.15133865E+00 1.15133893E+00 1.15133930E+00 1.15133979E+00 1.15134040E+00 1.15134115E+00 1.15134204E+00 1.15134311E+00 1.15134436E+00 1.15134582E+00 1.15134750E+00 1.15134943E+00 1.15135162E+00 1.15135412E+00 1.15135693E+00 1.15136010E+00 1.15136364E+00 1.15136760E+00 1.15137200E+00 1.15137688E+00 1.15138226E+00 1.15138818E+00 1.15139466E+00 1.15140172E+00 1.15140938E+00 1.15141765E+00 1.15142652E+00 1.15143598E+00 1.15144602E+00 1.15145656E+00 1.15146757E+00 1.15147892E+00 1.15149050E+00 1.15150210E+00 1.15151354E+00 1.15152450E+00 1.15153471E+00 1.15154365E+00 1.15155095E+00 1.15155582E+00 1.15155767E+00 1.15155552E+00 1.15154855E+00 1.15153526E+00 1.15151460E+00 1.15148453E+00 1.15144356E+00 1.15138903E+00 1.15131905E+00 1.15122998E+00 1.15111937E+00 1.15098283E+00 1.15081709E+00 1.15061620E+00 1.15037629E+00 1.15008986E+00 1.14975178E+00 1.14935303E+00 1.14888743E+00 1.14834384E+00 1.14771483E+00 1.14698679E+00 1.14615108E+00 1.14519117E+00 1.14409701E+00 1.14284874E+00 1.14143419E+00 1.13983358E+00 1.13803173E+00 1.13600123E+00 1.13372799E+00 1.13118556E+00 1.12835440E+00 1.12523021E+00 1.12177272E+00 1.11832383E+00 1.11455864E+00 1.11093929E+00 1.10704150E+00 1.10335047E+00 1.09941852E+00 1.09573200E+00 1.09183222E+00 1.08819331E+00 1.08439194E+00 1.08088886E+00 1.07723726E+00 1.07388041E+00 1.07041090E+00 1.06724953E+00 1.06398866E+00 1.06101885E+00 1.05796955E+00 1.05520663E+00 1.05238489E+00 1.04984197E+00 1.04724718E+00 1.04472605E+00 1.04215326E+00 1.03953047E+00 1.03686889E+00 1.03417036E+00 1.03141461E+00 1.02860298E+00 1.02575691E+00 1.02288337E+00 1.01993575E+00 1.01690097E+00 1.01385125E+00 1.01089279E+00 1.00792708E+00 1.00436595E+00 1.00000000E+00
1.17747736E+00 1.17748262E+00 1.17748642E+00 1.17748921E+00 1.17749115E+00 1.17749252E+00 1.17749345E+00 1.17749411E+00 1.17749458E+00 1.17749496E+00 1.17749529E+00 1.17749566E+00 1.17749607E+00 1.17749658E+00 1.17749721E+00 1.17749799E+00 1.17749895E+00 1.17750011E+00 1.17750150E+00 1.17750314E+00 1.17750507E+00 1.17750732E+00 1.17750991E+00 1.17751291E+00 1.17751632E+00 1.17752021E+00 1.17752461E+00 1.17752958E+00 1.17753516E+00 1.17754143E+00 1.17754841E+00 1.17755619E+00 1.17756481E+00 1.17757434E+00 1.17758482E+00 1.17759632E+00 1.17760887E+00 1.17762252E+00 1.17763730E+00 1.17765324E+00 1.17767033E+00 1.17768853E+00 1.17770783E+00 1.17772812E+00 1.17774929E+00 1.17777116E+00 1.17779351E+00 1.17781600E+00 1.17783836E+00 1.17785999E+00 1.17788044E+00 1.17789877E+00 1.17791431E+00 1.17792601E+00 1.17793279E+00 1.17793277E+00 1.17792468E+00 1.17790599E+00 1.17787495E+00 1.17782830E+00 1.17776365E+00 1.17767651E+00 1.17756391E+00 1.17742062E+00 1.17724244E+00 1.17702185E+00 1.17675413E+00 1.17642993E+00 1.17604307E+00 1.17558258E+00 1.17504060E+00 1.17440369E+00 1.17366315E+00 1.17280260E+00 1.17181111E+00 1.17066853E+00 1.16936268E+00 1.16787013E+00 1.16617820E+00 1.16426396E+00 1.16210607E+00 1.15967221E+00 1.15694943E+00 1.15390752E+00 1.15052134E+00 1.14678837E+00 1.14266365E+00 1.13855708E+00 1.13407577E+00 1.12977180E+00 1.12514720E+00 1.12077681E+00 1.11612295E+00 1.11176428E+00 1.10716035E+00 1.10286806E+00 1.09838867E+00 1.09426596E+00 1.08997268E+00 1.08602784E+00 1.08195394E+00 1.07824514E+00 1.07442233E+00 1.07094239E+00 1.06737163E+00 1.06413765E+00 1.06083545E+00 1.05786009E+00 1.05482590E+00 1.05187877E+00 1.04887457E+00 1.04581352E+00 1.04270500E+00 1.03955224E+00 1.03633830E+00 1.03306174E+00 1.02974069E+00 1.02638384E+00 1.02295391E+00 1.01943405E+00 1.01588301E+00 1.01241022E+00 1.00894258E+00 1.00488413E+00 1.00000000E+00
1.19952325E+00 1.19952982E+00 1.19953480E+00 1.19953863E+00 1.19954149E+00 1.19954369E+00 1.19954535E+00 1.19954669E+00 1.19954777E+00 1.19954874E+00 1.19954964E+00 1.19955059E+00 1.19955161E+00 1.19955278E+00 1.19955412E+00 1.19955571E+00 1.19955756E+00 1.19955974E+00 1.19956229E+00 1.19956525E+00 1.19956866E+00 1.19957260E+00 1.19957710E+00 1.19958223E+00 1.19958806E+00 1.19959465E+00 1.19960207E+00 1.19961041E+00 1.19961973E+00 1.19963014E+00 1.19964170E+00 1.19965452E+00 1.19966868E+00 1.19968428E+00 1.19970136E+00 1.19972006E+00 1.19974042E+00 1.19976251E+00 1.19978636E+00 1.19981204E+00 1.19983955E+00 1.19986884E+00 1.19989985E+00 1.19993243E+00 1.19996649E+00 1.20000177E+00 1.20003796E+00 1.20007461E+00 1.20011135E+00 1.20014739E+00 1.20018205E+00 1.20021406E+00 1.20024265E+00 1.20026651E+00 1.20028408E+00 1.20029278E+00 1.20029100E+00 1.20027543E+00 1.20024397E+00 1.20019249E+00 1.20011785E+00 1.20001442E+00 1.19987854E+00 1.19970385E+00 1.19948503E+00 1.19921272E+00 1.19888122E+00 1.19847922E+00 1.19799959E+00 1.19742940E+00 1.19675908E+00 1.19597311E+00 1.19506186E+00 1.19400682E+00 1.19279499E+00 1.19140335E+00 1.18981844E+00 1.18801465E+00 1.18597948E+00 1.18368832E+00 1.18111533E+00 1.17822527E+00 1.17500766E+00 1.17143130E+00 1.16746766E+00 1.16311882E+00 1.15833622E+00 1.15359718E+00 1.14844503E+00 1.14351483E+00 1.13823737E+00 1.13326810E+00 1.12799079E+00 1.12306081E+00 1.11787001E+00 1.11304473E+00 1.10801821E+00 1.10340114E+00 1.09860470E+00 1.09420616E+00 1.08966996E+00 1.08554581E+00 1.08130303E+00 1.07744767E+00 1.07349786E+00 1.06992512E+00 1.06627964E+00 1.06299715E+00 1.05965420E+00 1.05641132E+00 1.05311116E+00 1.04975255E+00 1.04634236E+00 1.04288523E+00 1.03936839E+00 1.03578863E+00 1.03216012E+00 1.02849319E+00 1.02475880E+00 1.02093768E+00 1.01707806E+00 1.01329239E+00 1.00952560E+00 1.00517931E+00 1.00000000E+00
1.21720491E+00 1.21721372E+00 1.21722076E+00 1.21722651E+00 1.21723115E+00 1.21723502E+00 1.21723825E+00 1.21724107E+00 1.21724358E+00 1.21724595E+00 1.21724824E+00 1.21725059E+00 1.21725304E+00 1.21725571E+00 1.21725863E+00 1.21726189E+00 1.21726555E+00 1.21726969E+00 1.21727436E+00 1.21727965E+00 1.21728561E+00 1.21729234E+00 1.21729987E+00 1.21730834E+00 1.21731779E+00 1.21732835E+00 1.21734008E+00 1.21735311E+00 1.21736754E+00 1.21738345E+00 1.21740093E+00 1.21742010E+00 1.21744109E+00 1.21746401E+00 1.21748886E+00 1.21751579E+00 1.21754483E+00 1.21757605E+00 1.21760947E+00 1.21764510E+00 1.21768293E+00 1.21772280E+00 1.21776454E+00 1.21780790E+00 1.21785277E+00 1.21789872E+00 1.21794523E+00 1.21799166E+00 1.21803749E+00 1.21808160E+00 1.21812295E+00 1.21815984E+00 1.21819136E+00 1.21821580E+00 1.21823105E+00 1.21823366E+00 1.21822166E+00 1.21819090E+00 1.21813893E+00 1.21806074E+00 1.21795239E+00 1.21780712E+00 1.21762062E+00 1.21738548E+00 1.21709550E+00 1.21673965E+00 1.21631149E+00 1.21579819E+00 1.21519198E+00 1.21447846E+00 1.21364681E+00 1.21268010E+00 1.21156824E+00 1.21029160E+00 1.20883575E+00 1.20717586E+00 1.20529801E+00 1.20317570E+00 1.20079679E+00 1.19813640E+00 1.19516616E+00 1.19184929E+00 1.18817767E+00 1.18412063E+00 1.17964811E+00 1.17476708E+00 1.16942611E+00 1.16415961E+00 1.15845846E+00 1.15302438E+00 1.14722811E+00 1.14178899E+00 1.13602994E+00 1.13066376E+00 1.12503017E+00 1.11980846E+00 1.11437883E+00 1.10940063E+00 1.10424059E+00 1.09951782E+00 1.09465369E+00 1.09023687E+00 1.08570088E+00 1.08158604E+00 1.07737642E+00 1.07357327E+00 1.06969573E+00 1.06620674E+00 1.06265759E+00 1.05921872E+00 1.05572385E+00 1.05217092E+00 1.04856493E+00 1.04491139E+00 1.04120062E+00 1.03742856E+00 1.03360640E+00 1.02974546E+00 1.02582256E+00 1.02181715E+00 1.01777026E+00 1.01379637E+00 1.00985275E+00 1.00534239E+00 1.00000000E+00
1.23144427E+00 1.23145386E+00 1.23146165E+00 1.23146846E+00 1.23147433E+00 1.23147956E+00 1.23148428E+00 1.23148871E+00 1.23149293E+00 1.23149710E+00 1.23150129E+00 1.23150562E+00 1.23151017E+00 1.23151503E+00 1.23152025E+00 1.23152594E+00 1.23153217E+00 1.23153904E+00 1.23154659E+00 1.23155497E+00 1.23156421E+00 1.23157442E+00 1.23158565E+00 1.23159804E+00 1.23161167E+00 1.23162666E+00 1.23164308E+00 1.23166108E+00 1.23168075E+00 1.23170217E+00 1.23172538E+00 1.23175053E+00 1.23177777E+00 1.23180717E+00 1.23183867E+00 1.23187238E+00 1.23190831E+00 1.23194649E+00 1.23198685E+00 1.23202934E+00 1.23207388E+00 1.23212011E+00 1.23216776E+00 1.23221638E+00 1.23226582E+00 1.23231543E+00 1.23236444E+00 1.23241193E+00 1.23245722E+00 1.23249879E+00 1.23253526E+00 1.23256440E+00 1.23258516E+00 1.23259544E+00 1.23259258E+00 1.23257227E+00 1.23253223E+00 1.23246755E+00 1.23237551E+00 1.23225034E+00 1.23208740E+00 1.23187896E+00 1.23162017E+00 1.23130283E+00 1.23092013E+00 1.23045974E+00 1.22991475E+00 1.22927130E+00 1.22852119E+00 1.22764915E+00 1.22664351E+00 1.22548649E+00 1.22416790E+00 1.22266764E+00 1.22097046E+00 1.21905045E+00 1.21689379E+00 1.21447372E+00 1.21177848E+00 1.20878368E+00 1.20545986E+00 1.20176949E+00 1.19770623E+00 1.19324059E+00 1.18834208E+00 1.18302215E+00 1.17722697E+00 1.17153714E+00 1.16540177E+00 1.15957458E+00 1.15337760E+00 1.14757933E+00 1.14145645E+00 1.13576425E+00 1.12980280E+00 1.12429085E+00 1.11856865E+00 1.11333034E+00 1.10791069E+00 1.10295865E+00 1.09786421E+00 1.09324317E+00 1.08850413E+00 1.08421115E+00 1.07982445E+00 1.07586540E+00 1.07183179E+00 1.06820464E+00 1.06451840E+00 1.06095014E+00 1.05732754E+00 1.05364803E+00 1.04991529E+00 1.04613533E+00 1.04230072E+00 1.03840695E+00 1.03446307E+00 1.03048102E+00 1.02644179E+00 1.02232414E+00 1.01816412E+00 1.01407751E+00 1.01003037E+00 1.00542873E+00 1.00000000E+00
1.12967882E+00 1.12968116E+00 1.12968920E+00 1.12969516E+00 1.12969746E+00 1.12969597E+00 1.12969319E+00 1.12969143E+00 1.12969083E+00 1.12969107E+00 1.12969146E+00 1.12969153E+00 1.12969145E+00 1.12969142E+00 1.12969157E+00 1.12969191E+00 1.12969239E+00 1.12969297E+00 1.12969366E+00 1.12969448E+00 1.12969546E+00 1.12969661E+00 1.12969793E+00 1.12969944E+00 1.12970116E+00 1.12970310E+00 1.12970529E+00 1.12970775E+00 1.12971049E+00 1.12971354E+00 1.12971691E+00 1.12972063E+00 1.12972472E+00 1.12972918E+00 1.12973404E+00 1.12973929E+00 1.12974494E+00 1.12975098E+00 1.12975740E+00 1.12976416E+00 1.12977121E+00 1.12977850E+00 1.12978594E+00 1.12979340E+00 1.12980076E+00 1.12980779E+00 1.12981432E+00 1.12982000E+00 1.12982456E+00 1.12982749E+00 1.12982842E+00 1.12982660E+00 1.12982147E+00 1.12981207E+00 1.12979762E+00 1.12977673E+00 1.12974839E+00 1.12971076E+00 1.12966247E+00 1.12960108E+00 1.12952483E+00 1.12943050E+00 1.12931584E+00 1.12917680E+00 1.12901045E+00 1.12881156E+00 1.12857658E+00 1.12829898E+00 1.12797425E+00 1.12759445E+00 1.12715410E+00 1.12664342E+00 1.12605579E+00 1.12537963E+00 1.12460719E+00 1.12372441E+00 1.12272250E+00 1.12158475E+00 1.12030051E+00 1.11885221E+00 1.11722754E+00 1.11540437E+00 1.11336979E+00 1.11110090E+00 1.10858227E+00 1.10581250E+00 1.10275569E+00 1.09971547E+00 1.09640686E+00 1.09323755E+00 1.08983088E+00 1.08661071E+00 1.08318827E+00 1.07998413E+00 1.07660744E+00 1.07347201E+00 1.07019635E+00 1.06717806E+00 1.06404260E+00 1.06117003E+00 1.05820237E+00 1.05549847E+00 1.05271852E+00 1.05019581E+00 1.04761273E+00 1.04527770E+00 1.04289406E+00 1.04074538E+00 1.03855911E+00 1.03644136E+00 1.03428951E+00 1.03210309E+00 1.02988324E+00 1.02763246E+00 1.02534875E+00 1.02303195E+00 1.02068551E+00 1.01831741E+00 1.01591824E+00 1.01347579E+00 1.01101082E+00 1.00862534E+00 1.00632739E+00 1.00355468E+00 1.00000000E+00
1.13771127E+00 1.13771788E+00 1.13772055E+00 1.13772231E+00 1.13772399E+00 1.13772607E+00 1.13772795E+00 1.13772920E+00 1.13772991E+00 1.13773033E+00 1.13773064E+00 1.13773102E+00 1.13773144E+00 1.13773187E+00 1.13773233E+00 1.13773284E+00 1.13773344E+00 1.13773415E+00 1.13773498E+00 1.13773595E+00 1.13773707E+00 1.13773836E+00 1.13773984E+00 1.13774152E+00 1.13774344E+00 1.13774560E+00 1.13774804E+00 1.13775078E+00 1.13775383E+00 1.13775724E+00 1.13776101E+00 1.13776518E+00 1.13776976E+00 1.13777478E+00 1.13778025E+00 1.13778619E+00 1.13779260E+00 1.13779947E+00 1.13780680E+00 1.13781455E+00 1.13782270E+00 1.13783117E+00 1.13783990E+00 1.13784875E+00 1.13785760E+00 1.13786624E+00 1.13787446E+00 1.13788195E+00 1.13788841E+00 1.13789332E+00 1.13789632E+00 1.13789661E+00 1.13789363E+00 1.13788639E+00 1.13787409E+00 1.13785526E+00 1.13782889E+00 1.13779302E+00 1.13774622E+00 1.13768597E+00 1.13761042E+00 1.13751618E+00 1.13740089E+00 1.13726034E+00 1.13709144E+00 1.13688865E+00 1.13664829E+00 1.13636343E+00 1.13602931E+00 1.13563757E+00 1.13518243E+00 1.13465357E+00 1.13404402E+00 1.13334149E+00 1.13253785E+00 1.13161812E+00 1.13057303E+00 1.12938481E+00 1.12804235E+00 1.12652716E+00 1.12482584E+00 1.12291474E+00 1.12078055E+00 1.11839900E+00 1.11575326E+00 1.11284146E+00 1.10962590E+00 1.10642598E+00 1.10294066E+00 1.09959932E+00 1.09600650E+00 1.09260927E+00 1.08899600E+00 1.08561197E+00 1.08204184E+00 1.07872278E+00 1.07525587E+00 1.07206066E+00 1.06873762E+00 1.06569014E+00 1.06254119E+00 1.05967190E+00 1.05671821E+00 1.05403488E+00 1.05128441E+00 1.04879584E+00 1.04625489E+00 1.04396406E+00 1.04163021E+00 1.03936693E+00 1.03706338E+00 1.03471998E+00 1.03234042E+00 1.02992616E+00 1.02747041E+00 1.02497403E+00 1.02244404E+00 1.01988682E+00 1.01728598E+00 1.01463174E+00 1.01195032E+00 1.00933677E+00 1.00680181E+00 1.00379159E+00 1.00000000E+00
1.14758117E+00 1.14758721E+00 1.14759188E+00 1.14759561E+00 1.14759848E+00 1.14760071E+00 1.14760238E+00 1.14760369E+00 1.14760471E+00 1.14760556E+00 1.14760627E+00 1.14760691E+00 1.14760752E+00 1.14760815E+00 1.14760881E+00 1.14760954E+00 1.14761036E+00 1.14761131E+00 1.14761240E+00 1.14761366E+00 1.14761510E+00 1.14761676E+00 1.14761865E+00 1.14762081E+00 1.14762326E+00 1.14762603E+00 1.14762914E+00 1.14763264E+00 1.14763655E+00 1.14764090E+00 1.14764573E+00 1.14765107E+00 1.14765694E+00 1.14766338E+00 1.14767041E+00 1.14767805E+00 1.14768632E+00 1.14769520E+00 1.14770470E+00 1.14771480E+00 1.14772546E+00 1.14773661E+00 1.14774817E+00 1.14776000E+00 1.14777197E+00 1.14778385E+00 1.14779542E+00 1.14780630E+00 1.14781619E+00 1.14782452E+00 1.14783082E+00 1.14783425E+00 1.14783416E+00 1.14782948E+00 1.14781927E+00 1.14780187E+00 1.14777614E+00 1.14773987E+00 1.14769149E+00 1.14762816E+00 1.14754781E+00 1.14744666E+00 1.14732209E+00 1.14716945E+00 1.14698527E+00 1.14676337E+00 1.14649968E+00 1.14618651E+00 1.14581870E+00 1.14538707E+00 1.14488519E+00 1.14430189E+00 1.14362964E+00 1.14285515E+00 1.14196947E+00 1.14095640E+00 1.13980593E+00 1.13849908E+00 1.13702452E+00 1.13536273E+00 1.13349839E+00 1.13140648E+00 1.12907411E+00 1.12647590E+00 1.12359334E+00 1.12042619E+00 1.11693473E+00 1.11346663E+00 1.10969361E+00 1.10608127E+00 1.10220379E+00 1.09854323E+00 1.09465304E+00 1.09101400E+00 1.08717964E+00 1.08361802E+00 1.07990152E+00 1.07647982E+00 1.07292422E+00 1.06966558E+00 1.06630107E+00 1.06323776E+00 1.06008632E+00 1.05722498E+00 1.05429388E+00 1.05164328E+00 1.04893799E+00 1.04650005E+00 1.04401759E+00 1.04161112E+00 1.03916347E+00 1.03667470E+00 1.03414781E+00 1.03158471E+00 1.02897994E+00 1.02633363E+00 1.02365163E+00 1.02094078E+00 1.01818813E+00 1.01538332E+00 1.01254788E+00 1.00977726E+00 1.00709308E+00 1.00394013E+00 1.00000000E+00
1.15622268E+00 1.15622963E+00 1.15623505E+00 1.15623934E+00 1.15624267E+00 1.15624530E+00 1.15624734E+00 1.15624897E+00 1.15625027E+00 1.15625136E+00 1.15625230E+00 1.15625317E+00 1.15625401E+00 1.15625487E+00 1.15625578E+00 1.15625679E+00 1.15625793E+00 1.15625922E+00 1.15626070E+00 1.15626239E+00 1.15626432E+00 1.15626652E+00 1.15626901E+00 1.15627183E+00 1.15627500E+00 1.15627857E+00 1.15628255E+00 1.15628698E+00 1.15629190E+00 1.15629733E+00 1.15630331E+00 1.15630986E+00 1.15631702E+00 1.15632481E+00 1.15633323E+00 1.15634230E+00 1.15635201E+00 1.15636236E+00 1.15637332E+00 1.15638483E+00 1.15639684E+00 1.15640923E+00 1.15642188E+00 1.15643459E+00 1.15644720E+00 1.15645938E+00 1.15647084E+00 1.15648111E+00 1.15648981E+00 1.15649621E+00 1.15649974E+00 1.15649933E+00 1.15649427E+00 1.15648330E+00 1.15646525E+00 1.15643815E+00 1.15640067E+00 1.15635026E+00 1.15628517E+00 1.15620216E+00 1.15609885E+00 1.15597100E+00 1.15581569E+00 1.15562782E+00 1.15540350E+00 1.15513589E+00 1.15482059E+00 1.15444923E+00 1.15401630E+00 1.15351199E+00 1.15292932E+00 1.15225646E+00 1.15148560E+00 1.15060285E+00 1.14959865E+00 1.14845607E+00 1.14716478E+00 1.14570528E+00 1.14406631E+00 1.14222812E+00 1.14017424E+00 1.13787913E+00 1.13533080E+00 1.13250387E+00 1.12937912E+00 1.12595883E+00 1.12220174E+00 1.11848263E+00 1.11444809E+00 1.11059589E+00 1.10647174E+00 1.10258786E+00 1.09846836E+00 1.09462201E+00 1.09057731E+00 1.08682702E+00 1.08291894E+00 1.07932583E+00 1.07559754E+00 1.07218480E+00 1.06866464E+00 1.06546264E+00 1.06217223E+00 1.05918773E+00 1.05613331E+00 1.05337338E+00 1.05055806E+00 1.04802234E+00 1.04544230E+00 1.04294291E+00 1.04040294E+00 1.03782204E+00 1.03520234E+00 1.03254620E+00 1.02984966E+00 1.02711227E+00 1.02433855E+00 1.02153578E+00 1.01869402E+00 1.01580227E+00 1.01287832E+00 1.01001835E+00 1.00725134E+00 1.00402092E+00 1.00000000E+00
1.16334375E+00 1.16335125E+00 1.16335703E+00 1.16336165E+00 1.16336522E+00 1.16336804E+00 1.16337023E+00 1.16337199E+00 1.16337339E+00 1.16337456E+00 1.16337555E+00 1.16337645E+00 1.16337730E+00 1.16337816E+00 1.16337906E+00 1.16338004E+00 1.16338113E+00 1.16338236E+00 1.16338376E+00 1.16338535E+00 1.16338716E+00 1.16338920E+00 1.16339151E+00 1.16339410E+00 1.16339700E+00 1.16340023E+00 1.16340381E+00 1.16340777E+00 1.16341212E+00 1.16341688E+00 1.16342206E+00 1.16342765E+00 1.16343369E+00 1.16344016E+00 1.16344704E+00 1.16345430E+00 1.16346192E+00 1.16346982E+00 1.16347795E+00 1.16348619E+00 1.16349445E+00 1.16350250E+00 1.16351018E+00 1.16351717E+00 1.16352326E+00 1.16352803E+00 1.16353106E+00 1.16353176E+00 1.16352964E+00 1.16352382E+00 1.16351357E+00 1.16349761E+00 1.16347513E+00 1.16344467E+00 1.16340488E+00 1.16335343E+00 1.16328887E+00 1.16320832E+00 1.16310988E+00 1.16299003E+00 1.16284608E+00 1.16267346E+00 1.16246899E+00 1.16222725E+00 1.16194413E+00 1.16161227E+00 1.16122709E+00 1.16077982E+00 1.16026476E+00 1.15967175E+00 1.15899350E+00 1.15821789E+00 1.15733702E+00 1.15633680E+00 1.15520742E+00 1.15393159E+00 1.15249905E+00 1.15089020E+00 1.14909395E+00 1.14709081E+00 1.14486390E+00 1.14238759E+00 1.13965064E+00 1.13662819E+00 1.13330088E+00 1.12967333E+00 1.12570305E+00 1.12178636E+00 1.11755015E+00 1.11351642E+00 1.10920828E+00 1.10516023E+00 1.10087505E+00 1.09688093E+00 1.09268821E+00 1.08880721E+00 1.08476782E+00 1.08105842E+00 1.07721438E+00 1.07369960E+00 1.07007721E+00 1.06678484E+00 1.06340482E+00 1.06034172E+00 1.05720929E+00 1.05438079E+00 1.05149689E+00 1.04890059E+00 1.04626057E+00 1.04370450E+00 1.04110865E+00 1.03847240E+00 1.03579727E+00 1.03308586E+00 1.03033532E+00 1.02754482E+00 1.02471791E+00 1.02186217E+00 1.01896973E+00 1.01602914E+00 1.01305566E+00 1.01014603E+00 1.00733400E+00 1.00406285E+00 1.00000000E+00
1.16918107E+00 1.16918850E+00 1.16919378E+00 1.16919793E+00 1.16920095E+00 1.16920319E+00 1.16920478E+00 1.16920590E+00 1.16920662E+00 1.16920707E+00 1.16920728E+00 1.16920734E+00 1.16920726E+00 1.16920711E+00 1.16920690E+00 1.16920666E+00 1.16920641E+00 1.16920619E+00 1.16920598E+00 1.16920584E+00 1.16920575E+00 1.16920572E+00 1.16920576E+00 1.16920588E+00 1.16920610E+00 1.16920640E+00 1.16920681E+00 1.16920730E+00 1.16920790E+00 1.16920856E+00 1.16920927E+00 1.16921000E+00 1.16921076E+00 1.16921150E+00 1.16921213E+00 1.16921259E+00 1.16921281E+00 1.16921266E+00 1.16921204E+00 1.16921076E+00 1.16920868E+00 1.16920547E+00 1.16920089E+00 1.16919453E+00 1.16918614E+00 1.16917518E+00 1.16916113E+00 1.16914326E+00 1.16912102E+00 1.16909337E+00 1.16905944E+00 1.16901778E+00 1.16896748E+00 1.16890698E+00 1.16883473E+00 1.16874815E+00 1.16864569E+00 1.16852425E+00 1.16838185E+00 1.16821475E+00 1.16802008E+00 1.16779301E+00 1.16753023E+00 1.16722611E+00 1.16687647E+00 1.16647361E+00 1.16601292E+00 1.16548540E+00 1.16488528E+00 1.16420229E+00 1.16342900E+00 1.16255319E+00 1.16156699E+00 1.16045637E+00 1.15921145E+00 1.15781486E+00 1.15625652E+00 1.15451694E+00 1.15258520E+00 1.15044221E+00 1.14807114E+00 1.14544645E+00 1.14255742E+00 1.13937975E+00 1.13589428E+00 1.13210749E+00 1.12797594E+00 1.12391200E+00 1.11952791E+00 1.11536309E+00 1.11092361E+00 1.10675978E+00 1.10235940E+00 1.09826374E+00 1.09397037E+00 1.09000163E+00 1.08587497E+00 1.08208898E+00 1.07816949E+00 1.07458891E+00 1.07090111E+00 1.06755138E+00 1.06411498E+00 1.06100291E+00 1.05782226E+00 1.05495172E+00 1.05202607E+00 1.04939309E+00 1.04671703E+00 1.04412715E+00 1.04149823E+00 1.03882950E+00 1.03612200E+00 1.03337853E+00 1.03059696E+00 1.02777625E+00 1.02491928E+00 1.02203377E+00 1.01911331E+00 1.01614617E+00 1.01314585E+00 1.01020947E+00 1.00737400E+00 1.00408282E+00 1.00000000E+00
1.11863773E+00 1.11863330E+00 1.11863357E+00 1.11863479E+00 1.11863579E+00 1.11863550E+00 1.11863437E+00 1.11863284E+00 1.11863133E+00 1.11863026E+00 1.11862963E+00 1.11862936E+00 1.11862926E+00 1.11862918E+00 1.11862913E+00 1.11862917E+00 1.11862935E+00 1.11862968E+00 1.11863016E+00 1.11863076E+00 1.11863149E+00 1.11863236E+00 1.11863340E+00 1.11863462E+00 1.11863603E+00 1.11863765E+00 1.11863949E+00 1.11864158E+00 1.11864394E+00 1.11864659E+00 1.11864955E+00 1.11865284E+00 1.11865650E+00 1.11866053E+00 1.11866496E+00 1.11866981E+00 1.11867509E+00 1.11868081E+00 1.11868695E+00 1.11869353E+00 1.11870052E+00 1.11870787E+00 1.11871553E+00 1.11872345E+00 1.11873153E+00 1.11873960E+00 1.11874754E+00 1.11875508E+00 1.11876202E+00 1.11876796E+00 1.11877262E+00 1.11877542E+00 1.11877586E+00 1.11877314E+00 1.11876663E+00 1.11875516E+00 1.11873791E+00 1.11871330E+00 1.11868014E+00 1.11863628E+00 1.11858024E+00 1.11850908E+00 1.11842078E+00 1.11831175E+00 1.11817940E+00 1.11801890E+00 1.11782718E+00 1.11759823E+00 1.11732773E+00 1.11700797E+00 1.11663395E+00 1.11619660E+00 1.11568995E+00 1.11510221E+00 1.11442616E+00 1.11364828E+00 1.11276051E+00 1.11174590E+00 1.11059317E+00 1.10928538E+00 1.10781169E+00 1.10614873E+00 1.10428243E+00 1.10218945E+00 1.09985610E+00 1.09727984E+00 1.09442594E+00 1.09157156E+00 1.08845687E+00 1.08546695E+00 1.08224246E+00 1.07917885E+00 1.07591922E+00 1.07287655E+00 1.06966855E+00 1.06666998E+00 1.06353115E+00 1.06064573E+00 1.05765053E+00 1.05490682E+00 1.05207530E+00 1.04949697E+00 1.04684883E+00 1.04444796E+00 1.04199586E+00 1.03978462E+00 1.03753149E+00 1.03550451E+00 1.03344850E+00 1.03146763E+00 1.02946311E+00 1.02742822E+00 1.02537349E+00 1.02331618E+00 1.02124541E+00 1.01915233E+00 1.01706551E+00 1.01501435E+00 1.01294520E+00 1.01084478E+00 1.00885139E+00 1.00711694E+00 1.00547005E+00 1.00318505E+00 1.00000000E+00
1.13247954E+00 1.13249056E+00 1.13250605E+00 1.13251476E+00 1.13251579E+00 1.13251146E+00 1.13250661E+00 1.13250502E+00 1.13250575E+00 1.13250711E+00 1.13250793E+00 1.13250776E+00 1.13250725E+00 1.13250696E+00 1.13250693E+00 1.13250709E+00 1.13250732E+00 1.13250760E+00 1.13250796E+00 1.13250844E+00 1.13250906E+00 1.13250983E+00 1.13251076E+00 1.13251187E+00 1.13251317E+00 1.13251470E+00 1.13251648E+00 1.13251854E+00 1.13252090E+00 1.13252360E+00 1.13252666E+00 1.13253015E+00 1.13253410E+00 1.13253854E+00 1.13254351E+00 1.13254910E+00 1.13255534E+00 1.13256223E+00 1.13256985E+00 1.13257829E+00 1.13258751E+00 1.13259754E+00 1.13260843E+00 1.13262027E+00 1.13263300E+00 1.13264660E+00 1.13266101E+00 1.13267617E+00 1.13269197E+00 1.13270824E+00 1.13272491E+00 1.13274169E+00 1.13275814E+00 1.13277374E+00 1.13278819E+00 1.13280071E+00 1.13281074E+00 1.13281719E+00 1.13281913E+00 1.13281492E+00 1.13280339E+00 1.13278191E+00 1.13274882E+00 1.13270142E+00 1.13263754E+00 1.13255284E+00 1.13244480E+00 1.13230803E+00 1.13213804E+00 1.13192669E+00 1.13166935E+00 1.13135812E+00 1.13098764E+00 1.13054526E+00 1.13002343E+00 1.12940796E+00 1.12868890E+00 1.12784636E+00 1.12687143E+00 1.12574877E+00 1.12446102E+00 1.12297514E+00 1.12127870E+00 1.11934721E+00 1.11716019E+00 1.11470450E+00 1.11194879E+00 1.10915990E+00 1.10606994E+00 1.10304856E+00 1.09975223E+00 1.09659277E+00 1.09321040E+00 1.09003633E+00 1.08663791E+00 1.08339649E+00 1.07998637E+00 1.07685269E+00 1.07357300E+00 1.07053027E+00 1.06736880E+00 1.06447759E+00 1.06148507E+00 1.05874551E+00 1.05592642E+00 1.05336063E+00 1.05072928E+00 1.04835357E+00 1.04592869E+00 1.04357136E+00 1.04116384E+00 1.03869063E+00 1.03617129E+00 1.03363314E+00 1.03104979E+00 1.02838921E+00 1.02568460E+00 1.02296272E+00 1.02016377E+00 1.01726919E+00 1.01438815E+00 1.01157770E+00 1.00865808E+00 1.00489863E+00 1.00000000E+00
1.14641727E+00 1.14643157E+00 1.14644226E+00 1.14644941E+00 1.14645459E+00 1.14645915E+00 1.14646314E+00 1.14646651E+00 1.14646915E+00 1.14647113E+00 1.14647264E+00 1.14647386E+00 1.14647483E+00 1.14647563E+00 1.14647629E+00 1.14647686E+00 1.14647739E+00 1.14647792E+00 1.14647847E+00 1.14647908E+00 1.14647975E+00 1.14648054E+00 1.14648146E+00 1.14648256E+00 1.14648386E+00 1.14648540E+00 1.14648720E+00 1.14648935E+00 1.14649185E+00 1.14649476E+00 1.14649812E+00 1.14650206E+00 1.14650662E+00 1.14651185E+00 1.14651784E+00 1.14652475E+00 1.14653262E+00 1.14654152E+00 1.14655158E+00 1.14656300E+00 1.14657582E+00 1.14659014E+00 1.14660612E+00 1.14662399E+00 1.14664385E+00 1.14666583E+00 1.14668998E+00 1.14671645E+00 1.14674537E+00 1.14677687E+00 1.14681095E+00 1.14684751E+00 1.14688656E+00 1.14692830E+00 1.14697259E+00 1.14701896E+00 1.14706702E+00 1.14711598E+00 1.14716557E+00 1.14721490E+00 1.14726278E+00 1.14730660E+00 1.14734579E+00 1.14737943E+00 1.14740520E+00 1.14741875E+00 1.14741781E+00 1.14739703E+00 1.14735236E+00 1.14727545E+00 1.14716076E+00 1.14700069E+00 1.14679212E+00 1.14652270E+00 1.14618178E+00 1.14575119E+00 1.14521813E+00 1.14456012E+00 1.14377545E+00 1.14285043E+00 1.14175123E+00 1.14043077E+00 1.13888486E+00 1.13708890E+00 1.13500958E+00 1.13262185E+00 1.12990016E+00 1.12710879E+00 1.12395961E+00 1.12082299E+00 1.11737161E+00 1.11404631E+00 1.11045476E+00 1.10704711E+00 1.10335963E+00 1.09980981E+00 1.09605659E+00 1.09259658E+00 1.08895510E+00 1.08554950E+00 1.08198686E+00 1.07871173E+00 1.07530662E+00 1.07217534E+00 1.06893617E+00 1.06596892E+00 1.06290763E+00 1.06013037E+00 1.05728376E+00 1.05450407E+00 1.05165276E+00 1.04870657E+00 1.04568188E+00 1.04260968E+00 1.03946519E+00 1.03620671E+00 1.03286017E+00 1.02945618E+00 1.02594465E+00 1.02229381E+00 1.01858470E+00 1.01485402E+00 1.01093728E+00 1.00609698E+00 1.00000000E+00
1.15634886E+00 1.15635720E+00 1.15636408E+00 1.15636983E+00 1.15637452E+00 1.15637837E+00 1.15638149E+00 1.15638405E+00 1.15638613E+00 1.15638785E+00 1.15638924E+00 1.15639039E+00 1.15639134E+00 1.15639215E+00 1.15639283E+00 1.15639341E+00 1.15639394E+00 1.15639446E+00 1.15639499E+00 1.15639556E+00 1.15639620E+00 1.15639695E+00 1.15639782E+00 1.15639889E+00 1.15640017E+00 1.15640170E+00 1.15640353E+00 1.15640578E+00 1.15640849E+00 1.15641169E+00 1.15641545E+00 1.15641991E+00 1.15642521E+00 1.15643146E+00 1.15643872E+00 1.15644723E+00 1.15645708E+00 1.15646836E+00 1.15648129E+00 1.15649627E+00 1.15651346E+00 1.15653302E+00 1.15655506E+00 1.15657996E+00 1.15660814E+00 1.15664001E+00 1.15667560E+00 1.15671531E+00 1.15675958E+00 1.15680886E+00 1.15686298E+00 1.15692196E+00 1.15698687E+00 1.15705907E+00 1.15713811E+00 1.15722344E+00 1.15731477E+00 1.15741147E+00 1.15751434E+00 1.15762350E+00 1.15773750E+00 1.15785386E+00 1.15797341E+00 1.15809710E+00 1.15822203E+00 1.15834341E+00 1.15845911E+00 1.15856362E+00 1.15865358E+00 1.15872047E+00 1.15875760E+00 1.15875753E+00 1.15871902E+00 1.15862967E+00 1.15847481E+00 1.15823185E+00 1.15788672E+00 1.15741557E+00 1.15682115E+00 1.15608875E+00 1.15517000E+00 1.15400608E+00 1.15259995E+00 1.15092705E+00 1.14894390E+00 1.14661653E+00 1.14392103E+00 1.14111878E+00 1.13791053E+00 1.13467229E+00 1.13108281E+00 1.12760584E+00 1.12382120E+00 1.12019789E+00 1.11625293E+00 1.11243980E+00 1.10839148E+00 1.10464433E+00 1.10068552E+00 1.09696621E+00 1.09305878E+00 1.08945506E+00 1.08569905E+00 1.08223679E+00 1.07864413E+00 1.07534207E+00 1.07192456E+00 1.06881504E+00 1.06562071E+00 1.06249508E+00 1.05928281E+00 1.05595653E+00 1.05252959E+00 1.04903397E+00 1.04544739E+00 1.04172506E+00 1.03788795E+00 1.03396834E+00 1.02992422E+00 1.02571810E+00 1.02141226E+00 1.01702942E+00 1.01241983E+00 1.00686084E+00 1.00000000E+00
1.16380450E+00 1.16381377E+00 1.16382159E+00 1.16382848E+00 1.16383446E+00 1.16383965E+00 1.16384412E+00 1.16384797E+00 1.16385130E+00 1.16385421E+00 1.16385671E+00 1.16385885E+00 1.16386071E+00 1.16386236E+00 1.16386378E+00 1.16386496E+00 1.16386598E+00 1.16386693E+00 1.16386784E+00 1.16386878E+00 1.16386976E+00 1.16387080E+00 1.16387191E+00 1.16387321E+00 1.16387473E+00 1.16387648E+00 1.16387856E+00 1.16388119E+00 1.16388440E+00 1.16388821E+00 1.16389261E+00 1.16389782E+00 1.16390415E+00 1.16391181E+00 1.16392077E+00 1.16393127E+00 1.16394351E+00 1.16395766E+00 1.16397402E+00 1.16399326E+00 1.16401565E+00 1.16404130E+00 1.16407023E+00 1.16410302E+00 1.16414052E+00 1.16418348E+00 1.16423185E+00 1.16428627E+00 1.16434752E+00 1.16441632E+00 1.16449228E+00 1.16457565E+00 1.16466871E+00 1.16477404E+00 1.16489059E+00 1.16501746E+00 1.16515456E+00 1.16530155E+00 1.16546039E+00 1.16563225E+00 1.16581541E+00 1.16600763E+00 1.16621084E+00 1.16642742E+00 1.16665385E+00 1.16688485E+00 1.16711837E+00 1.16734868E+00 1.16757292E+00 1.16778237E+00 1.16796928E+00 1.16812619E+00 1.16825281E+00 1.16833601E+00 1.16835758E+00 1.16829097E+00 1.16812148E+00 1.16782398E+00 1.16740270E+00 1.16684060E+00 1.16607874E+00 1.16504924E+00 1.16375980E+00 1.16218565E+00 1.16027535E+00 1.15798733E+00 1.15529749E+00 1.15246726E+00 1.14918981E+00 1.14584866E+00 1.14212193E+00 1.13849484E+00 1.13452345E+00 1.13069657E+00 1.12651500E+00 1.12246644E+00 1.11815513E+00 1.11415046E+00 1.10990915E+00 1.10591520E+00 1.10170923E+00 1.09782273E+00 1.09376631E+00 1.09002239E+00 1.08613095E+00 1.08254887E+00 1.07883586E+00 1.07545187E+00 1.07197146E+00 1.06856261E+00 1.06505642E+00 1.06142357E+00 1.05767508E+00 1.05384263E+00 1.04990600E+00 1.04581982E+00 1.04160186E+00 1.03728502E+00 1.03283342E+00 1.02820635E+00 1.02345125E+00 1.01857999E+00 1.01345790E+00 1.00738590E+00 1.00000000E+00
1.16983866E+00 1.16984888E+00 1.16985738E+00 1.16986575E+00 1.16987371E+00 1.16988114E+00 1.16988801E+00 1.16989430E+00 1.16990007E+00 1.16990543E+00 1.16991030E+00 1.16991462E+00 1.16991855E+00 1.16992219E+00 1.16992540E+00 1.16992813E+00 1.16993055E+00 1.16993280E+00 1.16993492E+00 1.16993704E+00 1.16993915E+00 1.16994119E+00 1.16994321E+00 1.16994535E+00 1.16994769E+00 1.16995023E+00 1.16995312E+00 1.16995671E+00 1.16996104E+00 1.16996600E+00 1.16997154E+00 1.16997797E+00 1.16998588E+00 1.16999556E+00 1.17000681E+00 1.17001992E+00 1.17003521E+00 1.17005292E+00 1.17007347E+00 1.17009785E+00 1.17012638E+00 1.17015902E+00 1.17019574E+00 1.17023737E+00 1.17028528E+00 1.17034053E+00 1.17040297E+00 1.17047349E+00 1.17055321E+00 1.17064306E+00 1.17074250E+00 1.17085208E+00 1.17097520E+00 1.17111546E+00 1.17127118E+00 1.17144107E+00 1.17162538E+00 1.17182417E+00 1.17204052E+00 1.17227656E+00 1.17253025E+00 1.17279954E+00 1.17308713E+00 1.17339639E+00 1.17372331E+00 1.17406210E+00 1.17441069E+00 1.17476313E+00 1.17511682E+00 1.17546264E+00 1.17579196E+00 1.17609696E+00 1.17637755E+00 1.17661953E+00 1.17680177E+00 1.17689412E+00 1.17688134E+00 1.17673668E+00 1.17646424E+00 1.17604438E+00 1.17541067E+00 1.17448811E+00 1.17328722E+00 1.17178254E+00 1.16991630E+00 1.16764040E+00 1.16493002E+00 1.16205024E+00 1.15868710E+00 1.15523382E+00 1.15136329E+00 1.14758245E+00 1.14342559E+00 1.13940236E+00 1.13499765E+00 1.13073138E+00 1.12617886E+00 1.12193885E+00 1.11744180E+00 1.11320294E+00 1.10873354E+00 1.10459899E+00 1.10028041E+00 1.09629222E+00 1.09214344E+00 1.08832228E+00 1.08435878E+00 1.08074316E+00 1.07702223E+00 1.07337622E+00 1.06962499E+00 1.06573840E+00 1.06172565E+00 1.05761752E+00 1.05339543E+00 1.04901453E+00 1.04449037E+00 1.03985601E+00 1.03508029E+00 1.03012011E+00 1.02501036E+00 1.01975439E+00 1.01423254E+00 1.00777140E+00 1.00000000E+00
1.12149992E+00 1.12149962E+00 1.12150357E+00 1.12150636E+00 1.12150711E+00 1.12150562E+00 1.12150333E+00 1.12150154E+00 1.12150043E+00 1.12149997E+00 1.12149980E+00 1.12149962E+00 1.12149944E+00 1.12149930E+00 1.12149928E+00 1.12149942E+00 1.12149970E+00 1.12150010E+00 1.12150062E+00 1.12150127E+00 1.12150206E+00 1.12150301E+00 1.12150412E+00 1.12150541E+00 1.12150690E+00 1.12150859E+00 1.12151052E+00 1.12151271E+00 1.12151516E+00 1.12151792E+00 1.12152098E+00 1.12152439E+00 1.12152817E+00 1.12153232E+00 1.12153687E+00 1.12154184E+00 1.12154724E+00 1.12155307E+00 1.12155931E+00 1.12156599E+00 1.12157304E+00 1.12158044E+00 1.12158812E+00 1.12159601E+00 1.12160401E+00 1.12161194E+00 1.12161966E+00 1.12162689E+00 1.12163341E+00 1.12163880E+00 1.12164276E+00 1.12164467E+00 1.12164401E+00 1.12163994E+00 1.12163182E+00 1.12161842E+00 1.12159887E+00 1.12157152E+00 1.12153514E+00 1.12148752E+00 1.12142710E+00 1.12135088E+00 1.12125678E+00 1.12114111E+00 1.12100120E+00 1.12083212E+00 1.12063067E+00 1.12039064E+00 1.12010767E+00 1.11977409E+00 1.11938477E+00 1.11893038E+00 1.11840474E+00 1.11779609E+00 1.11709717E+00 1.11629424E+00 1.11537906E+00 1.11433462E+00 1.11314974E+00 1.11180739E+00 1.11029628E+00 1.10859303E+00 1.10668408E+00 1.10454667E+00 1.10216632E+00 1.09953999E+00 1.09663290E+00 1.09372986E+00 1.09056413E+00 1.08752537E+00 1.08425131E+00 1.08114744E+00 1.07784617E+00 1.07475875E+00 1.07150289E+00 1.06846697E+00 1.06529243E+00 1.06237289E+00 1.05934166E+00 1.05656467E+00 1.05369783E+00 1.05108709E+00 1.04840593E+00 1.04597540E+00 1.04349207E+00 1.04125156E+00 1.03896766E+00 1.03691285E+00 1.03482762E+00 1.03281573E+00 1.03077844E+00 1.02871177E+00 1.02662251E+00 1.02452268E+00 1.02240427E+00 1.02026202E+00 1.01811742E+00 1.01599639E+00 1.01386056E+00 1.01168769E+00 1.00957394E+00 1.00766845E+00 1.00581660E+00 1.00333213E+00 1.00000000E+00
1.13843353E+00 1.13843562E+00 1.13843662E+00 1.13843840E+00 1.13844042E+00 1.13844171E+00 1.13844183E+00 1.13844102E+00 1.13844002E+00 1.13843951E+00 1.13843937E+00 1.13843934E+00 1.13843924E+00 1.13843904E+00 1.13843887E+00 1.13843887E+00 1.13843901E+00 1.13843930E+00 1.13843971E+00 1.13844024E+00 1.13844093E+00 1.13844181E+00 1.13844287E+00 1.13844415E+00 1.13844565E+00 1.13844741E+00 1.13844945E+00 1.13845180E+00 1.13845448E+00 1.13845754E+00 1.13846099E+00 1.13846491E+00 1.13846931E+00 1.13847424E+00 1.13847974E+00 1.13848586E+00 1.13849265E+00 1.13850013E+00 1.13850833E+00 1.13851733E+00 1.13852711E+00 1.13853769E+00 1.13854910E+00 1.13856135E+00 1.13857440E+00 1.13858819E+00 1.13860263E+00 1.13861760E+00 1.13863298E+00 1.13864851E+00 1.13866404E+00 1.13867913E+00 1.13869333E+00 1.13870608E+00 1.13871692E+00 1.13872491E+00 1.13872933E+00 1.13872884E+00 1.13872236E+00 1.13870796E+00 1.13868431E+00 1.13864856E+00 1.13859886E+00 1.13853203E+00 1.13844557E+00 1.13833468E+00 1.13819633E+00 1.13802429E+00 1.13781406E+00 1.13755764E+00 1.13724993E+00 1.13688164E+00 1.13644642E+00 1.13593121E+00 1.13532831E+00 1.13462261E+00 1.13380455E+00 1.13285429E+00 1.13176046E+00 1.13050496E+00 1.12907216E+00 1.12743176E+00 1.12557017E+00 1.12346179E+00 1.12108654E+00 1.11843339E+00 1.11546551E+00 1.11247114E+00 1.10917034E+00 1.10596515E+00 1.10248553E+00 1.09916565E+00 1.09561178E+00 1.09226682E+00 1.08870337E+00 1.08534203E+00 1.08181523E+00 1.07856658E+00 1.07517072E+00 1.07203097E+00 1.06877211E+00 1.06579335E+00 1.06271598E+00 1.05990583E+00 1.05701705E+00 1.05439161E+00 1.05170034E+00 1.04926976E+00 1.04678810E+00 1.04437404E+00 1.04190994E+00 1.03938702E+00 1.03681597E+00 1.03421100E+00 1.03155364E+00 1.02882645E+00 1.02605366E+00 1.02325785E+00 1.02039272E+00 1.01742065E+00 1.01441646E+00 1.01148332E+00 1.00847392E+00 1.00471671E+00 1.00000000E+00
1.15715255E+00 1.15716327E+00 1.15717233E+00 1.15717969E+00 1.15718552E+00 1.15719019E+00 1.15719394E+00 1.15719704E+00 1.15719953E+00 1.15720150E+00 1.15720303E+00 1.15720426E+00 1.15720525E+00 1.15720609E+00 1.15720682E+00 1.15720750E+00 1.15720816E+00 1.15720886E+00 1.15720961E+00 1.15721045E+00 1.15721142E+00 1.15721256E+00 1.15721388E+00 1.15721545E+00 1.15721728E+00 1.15721942E+00 1.15722191E+00 1.15722482E+00 1.15722818E+00 1.15723206E+00 1.15723651E+00 1.15724164E+00 1.15724750E+00 1.15725417E+00 1.15726173E+00 1.15727032E+00 1.15728000E+00 1.15729087E+00 1.15730303E+00 1.15731666E+00 1.15733180E+00 1.15734860E+00 1.15736715E+00 1.15738763E+00 1.15741010E+00 1.15743466E+00 1.15746135E+00 1.15749024E+00 1.15752137E+00 1.15755473E+00 1.15759029E+00 1.15762779E+00 1.15766709E+00 1.15770808E+00 1.15775040E+00 1.15779328E+00 1.15783621E+00 1.15787804E+00 1.15791801E+00 1.15795452E+00 1.15798629E+00 1.15801050E+00 1.15802572E+00 1.15802942E+00 1.15801877E+00 1.15798853E+00 1.15793560E+00 1.15785312E+00 1.15773645E+00 1.15757693E+00 1.15736842E+00 1.15710074E+00 1.15676744E+00 1.15635367E+00 1.15584944E+00 1.15523621E+00 1.15450222E+00 1.15362414E+00 1.15259156E+00 1.15138358E+00 1.14997520E+00 1.14832764E+00 1.14642982E+00 1.14425205E+00 1.14176515E+00 1.13895104E+00 1.13577108E+00 1.13253470E+00 1.12893241E+00 1.12540261E+00 1.12155082E+00 1.11786010E+00 1.11388461E+00 1.11011825E+00 1.10608599E+00 1.10226682E+00 1.09824507E+00 1.09452700E+00 1.09062590E+00 1.08700261E+00 1.08322668E+00 1.07976354E+00 1.07617435E+00 1.07288591E+00 1.06949385E+00 1.06639968E+00 1.06321650E+00 1.06033154E+00 1.05737712E+00 1.05449413E+00 1.05154375E+00 1.04851385E+00 1.04541175E+00 1.04225231E+00 1.03902036E+00 1.03569429E+00 1.03229216E+00 1.02883688E+00 1.02529166E+00 1.02161094E+00 1.01784812E+00 1.01410089E+00 1.01024382E+00 1.00561676E+00 1.00000000E+00
1.17192939E+00 1.17193867E+00 1.17194626E+00 1.17195252E+00 1.17195760E+00 1.17196174E+00 1.17196506E+00 1.17196776E+00 1.17196991E+00 1.17197167E+00 1.17197308E+00 1.17197426E+00 1.17197524E+00 1.17197610E+00 1.17197687E+00 1.17197761E+00 1.17197835E+00 1.17197915E+00 1.17198002E+00 1.17198102E+00 1.17198218E+00 1.17198355E+00 1.17198517E+00 1.17198711E+00 1.17198941E+00 1.17199212E+00 1.17199532E+00 1.17199911E+00 1.17200355E+00 1.17200873E+00 1.17201474E+00 1.17202174E+00 1.17202984E+00 1.17203920E+00 1.17204991E+00 1.17206219E+00 1.17207618E+00 1.17209208E+00 1.17211006E+00 1.17213045E+00 1.17215341E+00 1.17217918E+00 1.17220794E+00 1.17224004E+00 1.17227575E+00 1.17231540E+00 1.17235909E+00 1.17240716E+00 1.17245988E+00 1.17251750E+00 1.17258000E+00 1.17264738E+00 1.17271998E+00 1.17279827E+00 1.17288176E+00 1.17296971E+00 1.17306178E+00 1.17315701E+00 1.17325506E+00 1.17335466E+00 1.17345437E+00 1.17355135E+00 1.17364448E+00 1.17373164E+00 1.17380937E+00 1.17387163E+00 1.17391496E+00 1.17393154E+00 1.17391652E+00 1.17386016E+00 1.17375487E+00 1.17358898E+00 1.17335567E+00 1.17303796E+00 1.17262313E+00 1.17208888E+00 1.17142158E+00 1.17059472E+00 1.16959771E+00 1.16840634E+00 1.16698779E+00 1.16529628E+00 1.16332278E+00 1.16103428E+00 1.15839452E+00 1.15538075E+00 1.15195199E+00 1.14844399E+00 1.14451824E+00 1.14065279E+00 1.13642221E+00 1.13235933E+00 1.12796888E+00 1.12379501E+00 1.11932013E+00 1.11507969E+00 1.11060523E+00 1.10645911E+00 1.10210400E+00 1.09805472E+00 1.09382872E+00 1.08994754E+00 1.08592179E+00 1.08223112E+00 1.07842058E+00 1.07494168E+00 1.07135913E+00 1.06810822E+00 1.06477683E+00 1.06152444E+00 1.05819503E+00 1.05477516E+00 1.05126957E+00 1.04769300E+00 1.04403344E+00 1.04026870E+00 1.03641261E+00 1.03248761E+00 1.02846373E+00 1.02429259E+00 1.02001464E+00 1.01572584E+00 1.01131779E+00 1.00614973E+00 1.00000000E+00
1.18359368E+00 1.18360331E+00 1.18361133E+00 1.18361813E+00 1.18362381E+00 1.18362858E+00 1.18363255E+00 1.18363587E+00 1.18363865E+00 1.18364100E+00 1.18364297E+00 1.18364467E+00 1.18364613E+00 1.18364745E+00 1.18364865E+00 1.18364978E+00 1.18365090E+00 1.18365208E+00 1.18365336E+00 1.18365481E+00 1.18365647E+00 1.18365840E+00 1.18366066E+00 1.18366333E+00 1.18366651E+00 1.18367026E+00 1.18367469E+00 1.18367997E+00 1.18368618E+00 1.18369345E+00 1.18370186E+00 1.18371168E+00 1.18372314E+00 1.18373645E+00 1.18375171E+00 1.18376925E+00 1.18378931E+00 1.18381220E+00 1.18383819E+00 1.18386780E+00 1.18390131E+00 1.18393906E+00 1.18398127E+00 1.18402851E+00 1.18408135E+00 1.18414037E+00 1.18420569E+00 1.18427795E+00 1.18435764E+00 1.18444527E+00 1.18454080E+00 1.18464446E+00 1.18475712E+00 1.18487978E+00 1.18501171E+00 1.18515205E+00 1.18530064E+00 1.18545666E+00 1.18562016E+00 1.18579005E+00 1.18596459E+00 1.18614070E+00 1.18631737E+00 1.18649248E+00 1.18666188E+00 1.18681847E+00 1.18695828E+00 1.18707228E+00 1.18715520E+00 1.18719600E+00 1.18718553E+00 1.18711037E+00 1.18696295E+00 1.18672422E+00 1.18637893E+00 1.18590118E+00 1.18527584E+00 1.18447343E+00 1.18348254E+00 1.18227610E+00 1.18081566E+00 1.17904977E+00 1.17697061E+00 1.17454285E+00 1.17172520E+00 1.16849201E+00 1.16480003E+00 1.16101358E+00 1.15676670E+00 1.15257700E+00 1.14798595E+00 1.14357391E+00 1.13880134E+00 1.13425873E+00 1.12938950E+00 1.12477983E+00 1.11991259E+00 1.11539822E+00 1.11065688E+00 1.10625028E+00 1.10165076E+00 1.09742561E+00 1.09304379E+00 1.08902827E+00 1.08488268E+00 1.08109867E+00 1.07720206E+00 1.07366544E+00 1.07004175E+00 1.06650508E+00 1.06288597E+00 1.05917059E+00 1.05536200E+00 1.05147446E+00 1.04749826E+00 1.04341185E+00 1.03922620E+00 1.03496297E+00 1.03059702E+00 1.02607926E+00 1.02144162E+00 1.01677951E+00 1.01199833E+00 1.00647872E+00 1.00000000E+00
1.19309888E+00 1.19310913E+00 1.19311755E+00 1.19312518E+00 1.19313190E+00 1.19313781E+00 1.19314300E+00 1.19314759E+00 1.19315164E+00 1.19315527E+00 1.19315849E+00 1.19316138E+00 1.19316400E+00 1.19316645E+00 1.19316873E+00 1.19317089E+00 1.19317304E+00 1.19317526E+00 1.19317760E+00 1.19318018E+00 1.19318304E+00 1.19318624E+00 1.19318986E+00 1.19319405E+00 1.19319892E+00 1.19320458E+00 1.19321117E+00 1.19321896E+00 1.19322805E+00 1.19323860E+00 1.19325069E+00 1.19326473E+00 1.19328106E+00 1.19330003E+00 1.19332168E+00 1.19334648E+00 1.19337478E+00 1.19340706E+00 1.19344365E+00 1.19348530E+00 1.19353241E+00 1.19358538E+00 1.19364450E+00 1.19371061E+00 1.19378455E+00 1.19386716E+00 1.19395857E+00 1.19405968E+00 1.19417123E+00 1.19429391E+00 1.19442764E+00 1.19457285E+00 1.19473084E+00 1.19490304E+00 1.19508843E+00 1.19528595E+00 1.19549557E+00 1.19571650E+00 1.19594904E+00 1.19619217E+00 1.19644366E+00 1.19670001E+00 1.19696008E+00 1.19722148E+00 1.19747932E+00 1.19772528E+00 1.19795479E+00 1.19815749E+00 1.19832754E+00 1.19845250E+00 1.19852171E+00 1.19851984E+00 1.19843849E+00 1.19825670E+00 1.19795706E+00 1.19751037E+00 1.19690026E+00 1.19609464E+00 1.19508106E+00 1.19383028E+00 1.19229994E+00 1.19043405E+00 1.18822555E+00 1.18563751E+00 1.18262534E+00 1.17916199E+00 1.17520215E+00 1.17113948E+00 1.16658196E+00 1.16208568E+00 1.15715876E+00 1.15242566E+00 1.14730726E+00 1.14243589E+00 1.13721924E+00 1.13228818E+00 1.12708247E+00 1.12225346E+00 1.11718510E+00 1.11247913E+00 1.10756940E+00 1.10306070E+00 1.09838744E+00 1.09410804E+00 1.08969218E+00 1.08566387E+00 1.08151752E+00 1.07775504E+00 1.07390159E+00 1.07014277E+00 1.06629845E+00 1.06235491E+00 1.05831404E+00 1.05418954E+00 1.04997346E+00 1.04564517E+00 1.04121369E+00 1.03669987E+00 1.03208218E+00 1.02731179E+00 1.02241464E+00 1.01748620E+00 1.01244333E+00 1.00668742E+00 1.00000000E+00
1.12423092E+00 1.12423331E+00 1.12423236E+00 1.12422972E+00 1.12422711E+00 1.12422580E+00 1.12422540E+00 1.12422536E+00 1.12422530E+00 1.12422504E+00 1.12422475E+00 1.12422458E+00 1.12422456E+00 1.12422469E+00 1.12422493E+00 1.12422524E+00 1.12422564E+00 1.12422615E+00 1.12422677E+00 1.12422753E+00 1.12422842E+00 1.12422946E+00 1.12423067E+00 1.12423205E+00 1.12423363E+00 1.12423542E+00 1.12423744E+00 1.12423973E+00 1.12424228E+00 1.12424514E+00 1.12424831E+00 1.12425184E+00 1.12425572E+00 1.12425998E+00 1.12426465E+00 1.12426972E+00 1.12427522E+00 1.12428114E+00 1.12428747E+00 1.12429420E+00 1.12430129E+00 1.12430869E+00 1.12431635E+00 1.12432416E+00 1.12433202E+00 1.12433974E+00 1.12434716E+00 1.12435399E+00 1.12436000E+00 1.12436474E+00 1.12436788E+00 1.12436875E+00 1.12436684E+00 1.12436127E+00 1.12435136E+00 1.12433582E+00 1.12431375E+00 1.12428343E+00 1.12424358E+00 1.12419192E+00 1.12412685E+00 1.12404528E+00 1.12394508E+00 1.12382245E+00 1.12367464E+00 1.12349661E+00 1.12328507E+00 1.12303365E+00 1.12273796E+00 1.12239029E+00 1.12198539E+00 1.12151373E+00 1.12096896E+00 1.12033939E+00 1.11961765E+00 1.11878983E+00 1.11784750E+00 1.11677373E+00 1.11555744E+00 1.11418146E+00 1.11263415E+00 1.11089243E+00 1.10894303E+00 1.10676333E+00 1.10433836E+00 1.10166525E+00 1.09870899E+00 1.09576083E+00 1.09254814E+00 1.08946599E+00 1.08614794E+00 1.08300635E+00 1.07966563E+00 1.07653874E+00 1.07324196E+00 1.07017355E+00 1.06696680E+00 1.06401571E+00 1.06095108E+00 1.05814357E+00 1.05524463E+00 1.05260444E+00 1.04989267E+00 1.04743392E+00 1.04492034E+00 1.04265135E+00 1.04033736E+00 1.03825458E+00 1.03613944E+00 1.03409589E+00 1.03202459E+00 1.02992317E+00 1.02779559E+00 1.02565017E+00 1.02348188E+00 1.02128769E+00 1.01908127E+00 1.01688267E+00 1.01466604E+00 1.01240682E+00 1.01017007E+00 1.00809852E+00 1.00607104E+00 1.00343938E+00 1.00000000E+00
1.14039618E+00 1.14040672E+00 1.14041454E+00 1.14041792E+00 1.14041819E+00 1.14041713E+00 1.14041583E+00 1.14041518E+00 1.14041493E+00 1.14041481E+00 1.14041463E+00 1.14041429E+00 1.14041393E+00 1.14041369E+00 1.14041359E+00 1.14041366E+00 1.14041386E+00 1.14041419E+00 1.14041466E+00 1.14041529E+00 1.14041610E+00 1.14041710E+00 1.14041830E+00 1.14041973E+00 1.14042141E+00 1.14042335E+00 1.14042558E+00 1.14042813E+00 1.14043104E+00 1.14043433E+00 1.14043803E+00 1.14044220E+00 1.14044686E+00 1.14045206E+00 1.14045781E+00 1.14046418E+00 1.14047119E+00 1.14047887E+00 1.14048725E+00 1.14049635E+00 1.14050618E+00 1.14051674E+00 1.14052802E+00 1.14054000E+00 1.14055261E+00 1.14056575E+00 1.14057932E+00 1.14059312E+00 1.14060701E+00 1.14062064E+00 1.14063378E+00 1.14064589E+00 1.14065650E+00 1.14066494E+00 1.14067063E+00 1.14067243E+00 1.14066955E+00 1.14066040E+00 1.14064379E+00 1.14061758E+00 1.14058027E+00 1.14052879E+00 1.14046112E+00 1.14037367E+00 1.14026366E+00 1.14012595E+00 1.13995723E+00 1.13975086E+00 1.13950221E+00 1.13920311E+00 1.13884808E+00 1.13842707E+00 1.13793327E+00 1.13735367E+00 1.13668037E+00 1.13589775E+00 1.13499627E+00 1.13395642E+00 1.13276614E+00 1.13140649E+00 1.12986289E+00 1.12810721E+00 1.12612527E+00 1.12389114E+00 1.12138550E+00 1.11860012E+00 1.11549672E+00 1.11237949E+00 1.10895871E+00 1.10565303E+00 1.10207593E+00 1.09867337E+00 1.09503717E+00 1.09161768E+00 1.08798966E+00 1.08458961E+00 1.08102712E+00 1.07774162E+00 1.07431294E+00 1.07115282E+00 1.06787689E+00 1.06488437E+00 1.06179713E+00 1.05898326E+00 1.05609363E+00 1.05347145E+00 1.05078577E+00 1.04836032E+00 1.04588515E+00 1.04347930E+00 1.04102652E+00 1.03852156E+00 1.03597005E+00 1.03338036E+00 1.03074114E+00 1.02804278E+00 1.02529974E+00 1.02252855E+00 1.01969799E+00 1.01677338E+00 1.01380717E+00 1.01091947E+00 1.00800389E+00 1.00443038E+00 1.00000000E+00
1.15871814E+00 1.15872603E+00 1.15873241E+00 1.15873723E+00 1.15874082E+00 1.15874366E+00 1.15874591E+00 1.15874779E+00 1.15874929E+00 1.15875049E+00 1.15875143E+00 1.15875222E+00 1.15875290E+00 1.15875353E+00 1.15875414E+00 1.15875477E+00 1.15875545E+00 1.15875622E+00 1.15875711E+00 1.15875813E+00 1.15875933E+00 1.15876074E+00 1.15876239E+00 1.15876432E+00 1.15876656E+00 1.15876917E+00 1.15877217E+00 1.15877564E+00 1.15877962E+00 1.15878417E+00 1.15878936E+00 1.15879526E+00 1.15880195E+00 1.15880950E+00 1.15881798E+00 1.15882751E+00 1.15883816E+00 1.15885002E+00 1.15886318E+00 1.15887775E+00 1.15889381E+00 1.15891144E+00 1.15893072E+00 1.15895174E+00 1.15897453E+00 1.15899910E+00 1.15902545E+00 1.15905354E+00 1.15908333E+00 1.15911463E+00 1.15914731E+00 1.15918093E+00 1.15921518E+00 1.15924967E+00 1.15928381E+00 1.15931655E+00 1.15934712E+00 1.15937400E+00 1.15939607E+00 1.15941119E+00 1.15941779E+00 1.15941259E+00 1.15939356E+00 1.15935711E+00 1.15930000E+00 1.15921630E+00 1.15910237E+00 1.15895053E+00 1.15875560E+00 1.15850826E+00 1.15820186E+00 1.15782484E+00 1.15736954E+00 1.15682069E+00 1.15616853E+00 1.15539423E+00 1.15448630E+00 1.15342172E+00 1.15218761E+00 1.15076198E+00 1.14912446E+00 1.14724099E+00 1.14509756E+00 1.14266404E+00 1.13991515E+00 1.13683934E+00 1.13339457E+00 1.12992002E+00 1.12608954E+00 1.12237224E+00 1.11833999E+00 1.11449681E+00 1.11037710E+00 1.10649124E+00 1.10236070E+00 1.09848360E+00 1.09441366E+00 1.09065304E+00 1.08672251E+00 1.08309277E+00 1.07932321E+00 1.07587440E+00 1.07231142E+00 1.06905929E+00 1.06571470E+00 1.06267494E+00 1.05955666E+00 1.05673589E+00 1.05385375E+00 1.05104853E+00 1.04818592E+00 1.04525915E+00 1.04227165E+00 1.03923203E+00 1.03613178E+00 1.03295939E+00 1.02972520E+00 1.02644562E+00 1.02309707E+00 1.01964214E+00 1.01612072E+00 1.01265302E+00 1.00915370E+00 1.00500550E+00 1.00000000E+00
1.17344279E+00 1.17345210E+00 1.17345984E+00 1.17346624E+00 1.17347147E+00 1.17347577E+00 1.17347928E+00 1.17348218E+00 1.17348454E+00 1.17348651E+00 1.17348814E+00 1.17348955E+00 1.17349079E+00 1.17349193E+00 1.17349301E+00 1.17349411E+00 1.17349526E+00 1.17349652E+00 1.17349791E+00 1.17349952E+00 1.17350136E+00 1.17350351E+00 1.17350600E+00 1.17350892E+00 1.17351231E+00 1.17351626E+00 1.17352082E+00 1.17352611E+00 1.17353220E+00 1.17353920E+00 1.17354720E+00 1.17355635E+00 1.17356677E+00 1.17357862E+00 1.17359198E+00 1.17360708E+00 1.17362404E+00 1.17364306E+00 1.17366428E+00 1.17368795E+00 1.17371423E+00 1.17374332E+00 1.17377535E+00 1.17381054E+00 1.17384906E+00 1.17389110E+00 1.17393667E+00 1.17398593E+00 1.17403893E+00 1.17409564E+00 1.17415590E+00 1.17421936E+00 1.17428592E+00 1.17435539E+00 1.17442705E+00 1.17449966E+00 1.17457249E+00 1.17464382E+00 1.17471258E+00 1.17477644E+00 1.17483351E+00 1.17488001E+00 1.17491370E+00 1.17493060E+00 1.17492674E+00 1.17489496E+00 1.17483101E+00 1.17472576E+00 1.17457332E+00 1.17436286E+00 1.17408626E+00 1.17373005E+00 1.17328556E+00 1.17273530E+00 1.17206748E+00 1.17126015E+00 1.17030018E+00 1.16916160E+00 1.16783053E+00 1.16628243E+00 1.16449267E+00 1.16242262E+00 1.16005876E+00 1.15736846E+00 1.15432256E+00 1.15090894E+00 1.14708226E+00 1.14322187E+00 1.13896412E+00 1.13483110E+00 1.13034914E+00 1.12607977E+00 1.12150348E+00 1.11718651E+00 1.11260163E+00 1.10830343E+00 1.10379170E+00 1.09962265E+00 1.09526820E+00 1.09124963E+00 1.08707734E+00 1.08326098E+00 1.07932034E+00 1.07572580E+00 1.07203048E+00 1.06867331E+00 1.06523032E+00 1.06211607E+00 1.05893537E+00 1.05584107E+00 1.05268526E+00 1.04946082E+00 1.04616971E+00 1.04282058E+00 1.03940726E+00 1.03591821E+00 1.03236116E+00 1.02875237E+00 1.02507354E+00 1.02128719E+00 1.01742634E+00 1.01361244E+00 1.00977374E+00 1.00530721E+00 1.00000000E+00
1.18509344E+00 1.18510364E+00 1.18511219E+00 1.18511945E+00 1.18512552E+00 1.18513064E+00 1.18513492E+00 1.18513856E+00 1.18514164E+00 1.18514431E+00 1.18514664E+00 1.18514875E+00 1.18515069E+00 1.18515256E+00 1.18515441E+00 1.18515632E+00 1.18515835E+00 1.18516057E+00 1.18516305E+00 1.18516586E+00 1.18516907E+00 1.18517276E+00 1.18517699E+00 1.18518189E+00 1.18518753E+00 1.18519405E+00 1.18520152E+00 1.18521014E+00 1.18521999E+00 1.18523126E+00 1.18524405E+00 1.18525861E+00 1.18527512E+00 1.18529383E+00 1.18531485E+00 1.18533850E+00 1.18536498E+00 1.18539460E+00 1.18542755E+00 1.18546424E+00 1.18550489E+00 1.18554978E+00 1.18559909E+00 1.18565316E+00 1.18571230E+00 1.18577681E+00 1.18584672E+00 1.18592228E+00 1.18600364E+00 1.18609080E+00 1.18618353E+00 1.18628144E+00 1.18638456E+00 1.18649280E+00 1.18660516E+00 1.18672004E+00 1.18683663E+00 1.18695287E+00 1.18706760E+00 1.18717813E+00 1.18728205E+00 1.18737490E+00 1.18745403E+00 1.18751480E+00 1.18755244E+00 1.18755844E+00 1.18752785E+00 1.18745006E+00 1.18731842E+00 1.18712060E+00 1.18684715E+00 1.18648273E+00 1.18601779E+00 1.18543304E+00 1.18471506E+00 1.18383931E+00 1.18279158E+00 1.18154374E+00 1.18008103E+00 1.17837737E+00 1.17640555E+00 1.17412383E+00 1.17151922E+00 1.16855805E+00 1.16520911E+00 1.16146135E+00 1.15726679E+00 1.15304375E+00 1.14839409E+00 1.14388839E+00 1.13901004E+00 1.13437113E+00 1.12940612E+00 1.12472823E+00 1.11976853E+00 1.11512845E+00 1.11026259E+00 1.10576984E+00 1.10108353E+00 1.09676471E+00 1.09228498E+00 1.08819092E+00 1.08396785E+00 1.08012005E+00 1.07616778E+00 1.07258043E+00 1.06890417E+00 1.06558086E+00 1.06218927E+00 1.05889257E+00 1.05553313E+00 1.05210391E+00 1.04860598E+00 1.04504790E+00 1.04142508E+00 1.03772654E+00 1.03395832E+00 1.03013652E+00 1.02624635E+00 1.02225112E+00 1.01817977E+00 1.01415471E+00 1.01011354E+00 1.00546670E+00 1.00000000E+00
1.19449271E+00 1.19450297E+00 1.19451148E+00 1.19451905E+00 1.19452561E+00 1.19453139E+00 1.19453648E+00 1.19454105E+00 1.19454518E+00 1.19454901E+00 1.19455258E+00 1.19455600E+00 1.19455935E+00 1.19456274E+00 1.19456620E+00 1.19456983E+00 1.19457372E+00 1.19457797E+00 1.19458265E+00 1.19458789E+00 1.19459375E+00 1.19460036E+00 1.19460781E+00 1.19461625E+00 1.19462582E+00 1.19463667E+00 1.19464895E+00 1.19466291E+00 1.19467868E+00 1.19469647E+00 1.19471643E+00 1.19473890E+00 1.19476414E+00 1.19479249E+00 1.19482406E+00 1.19485926E+00 1.19489837E+00 1.19494179E+00 1.19498977E+00 1.19504281E+00 1.19510120E+00 1.19516525E+00 1.19523515E+00 1.19531135E+00 1.19539423E+00 1.19548418E+00 1.19558115E+00 1.19568544E+00 1.19579723E+00 1.19591646E+00 1.19604273E+00 1.19617553E+00 1.19631492E+00 1.19646079E+00 1.19661176E+00 1.19676577E+00 1.19692184E+00 1.19707747E+00 1.19723133E+00 1.19738024E+00 1.19752122E+00 1.19764897E+00 1.19776041E+00 1.19785009E+00 1.19791255E+00 1.19793795E+00 1.19792069E+00 1.19784884E+00 1.19771504E+00 1.19750568E+00 1.19721018E+00 1.19681167E+00 1.19629982E+00 1.19565411E+00 1.19485991E+00 1.19389070E+00 1.19273167E+00 1.19135322E+00 1.18973991E+00 1.18786496E+00 1.18569985E+00 1.18320084E+00 1.18035541E+00 1.17712980E+00 1.17349195E+00 1.16943280E+00 1.16490218E+00 1.16035400E+00 1.15535944E+00 1.15053155E+00 1.14531526E+00 1.14036545E+00 1.13507805E+00 1.13010488E+00 1.12484205E+00 1.11992890E+00 1.11478324E+00 1.11003727E+00 1.10509386E+00 1.10054500E+00 1.09583195E+00 1.09152900E+00 1.08709530E+00 1.08306030E+00 1.07891965E+00 1.07516496E+00 1.07132049E+00 1.06784754E+00 1.06430608E+00 1.06086662E+00 1.05736455E+00 1.05379307E+00 1.05015273E+00 1.04645190E+00 1.04268713E+00 1.03884806E+00 1.03493967E+00 1.03097782E+00 1.02695026E+00 1.02282127E+00 1.01861719E+00 1.01446109E+00 1.01029728E+00 1.00554826E+00 1.00000000E+00
1.12675570E+00 1.12675933E+00 1.12675893E+00 1.12675623E+00 1.12675337E+00 1.12675202E+00 1.12675175E+00 1.12675191E+00 1.12675201E+00 1.12675181E+00 1.12675153E+00 1.12675138E+00 1.12675141E+00 1.12675159E+00 1.12675187E+00 1.12675222E+00 1.12675267E+00 1.12675322E+00 1.12675389E+00 1.12675470E+00 1.12675565E+00 1.12675675E+00 1.12675801E+00 1.12675946E+00 1.12676110E+00 1.12676297E+00 1.12676507E+00 1.12676744E+00 1.12677008E+00 1.12677303E+00 1.12677629E+00 1.12677991E+00 1.12678388E+00 1.12678824E+00 1.12679299E+00 1.12679815E+00 1.12680373E+00 1.12680971E+00 1.12681608E+00 1.12682283E+00 1.12682992E+00 1.12683728E+00 1.12684485E+00 1.12685252E+00 1.12686017E+00 1.12686760E+00 1.12687465E+00 1.12688099E+00 1.12688638E+00 1.12689034E+00 1.12689252E+00 1.12689223E+00 1.12688892E+00 1.12688169E+00 1.12686980E+00 1.12685193E+00 1.12682713E+00 1.12679361E+00 1.12675006E+00 1.12669413E+00 1.12662415E+00 1.12653697E+00 1.12643042E+00 1.12630057E+00 1.12614459E+00 1.12595737E+00 1.12573548E+00 1.12547249E+00 1.12516397E+00 1.12480209E+00 1.12438153E+00 1.12389262E+00 1.12332886E+00 1.12267865E+00 1.12193448E+00 1.12108231E+00 1.12011357E+00 1.11901143E+00 1.11776502E+00 1.11635699E+00 1.11477540E+00 1.11299759E+00 1.11101053E+00 1.10879151E+00 1.10632528E+00 1.10360954E+00 1.10060895E+00 1.09762043E+00 1.09436582E+00 1.09124558E+00 1.08788898E+00 1.08471365E+00 1.08133779E+00 1.07817708E+00 1.07484547E+00 1.07174875E+00 1.06851315E+00 1.06553353E+00 1.06243871E+00 1.05960356E+00 1.05667535E+00 1.05400801E+00 1.05126730E+00 1.04878136E+00 1.04623814E+00 1.04394090E+00 1.04159691E+00 1.03948564E+00 1.03733964E+00 1.03526346E+00 1.03315677E+00 1.03101815E+00 1.02884954E+00 1.02665621E+00 1.02443552E+00 1.02218571E+00 1.01991388E+00 1.01763412E+00 1.01533163E+00 1.01298447E+00 1.01063103E+00 1.00840026E+00 1.00622767E+00 1.00350514E+00 1.00000000E+00
1.13876899E+00 1.13878233E+00 1.13879154E+00 1.13879466E+00 1.13879403E+00 1.13879254E+00 1.13879143E+00 1.13879143E+00 1.13879183E+00 1.13879201E+00 1.13879190E+00 1.13879159E+00 1.13879131E+00 1.13879124E+00 1.13879133E+00 1.13879155E+00 1.13879188E+00 1.13879233E+00 1.13879292E+00 1.13879368E+00 1.13879461E+00 1.13879572E+00 1.13879704E+00 1.13879858E+00 1.13880036E+00 1.13880241E+00 1.13880474E+00 1.13880740E+00 1.13881039E+00 1.13881376E+00 1.13881753E+00 1.13882174E+00 1.13882642E+00 1.13883160E+00 1.13883730E+00 1.13884357E+00 1.13885043E+00 1.13885788E+00 1.13886594E+00 1.13887462E+00 1.13888391E+00 1.13889377E+00 1.13890419E+00 1.13891509E+00 1.13892638E+00 1.13893792E+00 1.13894957E+00 1.13896109E+00 1.13897225E+00 1.13898266E+00 1.13899202E+00 1.13899967E+00 1.13900514E+00 1.13900760E+00 1.13900637E+00 1.13900019E+00 1.13898814E+00 1.13896849E+00 1.13893994E+00 1.13890018E+00 1.13884755E+00 1.13877885E+00 1.13869189E+00 1.13858278E+00 1.13844860E+00 1.13828398E+00 1.13808545E+00 1.13784620E+00 1.13756154E+00 1.13722320E+00 1.13682552E+00 1.13635823E+00 1.13581438E+00 1.13518127E+00 1.13445091E+00 1.13360783E+00 1.13264264E+00 1.13153666E+00 1.13027801E+00 1.12884784E+00 1.12723238E+00 1.12540577E+00 1.12335395E+00 1.12105168E+00 1.11848092E+00 1.11563655E+00 1.11248035E+00 1.10932397E+00 1.10587336E+00 1.10255210E+00 1.09896867E+00 1.09556965E+00 1.09194526E+00 1.08854271E+00 1.08494413E+00 1.08158696E+00 1.07807369E+00 1.07483320E+00 1.07145781E+00 1.06835518E+00 1.06514313E+00 1.06221164E+00 1.05919148E+00 1.05644368E+00 1.05362498E+00 1.05107109E+00 1.04845840E+00 1.04610004E+00 1.04369566E+00 1.04136138E+00 1.03898465E+00 1.03656259E+00 1.03409781E+00 1.03159522E+00 1.02904886E+00 1.02645396E+00 1.02381775E+00 1.02115215E+00 1.01843962E+00 1.01565432E+00 1.01282876E+00 1.01008091E+00 1.00736276E+00 1.00408138E+00 1.00000000E+00
1.15245968E+00 1.15246526E+00 1.15246942E+00 1.15247213E+00 1.15247383E+00 1.15247503E+00 1.15247593E+00 1.15247668E+00 1.15247725E+00 1.15247768E+00 1.15247802E+00 1.15247834E+00 1.15247867E+00 1.15247906E+00 1.15247951E+00 1.15248005E+00 1.15248070E+00 1.15248149E+00 1.15248244E+00 1.15248356E+00 1.15248489E+00 1.15248646E+00 1.15248828E+00 1.15249040E+00 1.15249285E+00 1.15249568E+00 1.15249890E+00 1.15250259E+00 1.15250678E+00 1.15251153E+00 1.15251689E+00 1.15252293E+00 1.15252969E+00 1.15253725E+00 1.15254567E+00 1.15255501E+00 1.15256534E+00 1.15257672E+00 1.15258920E+00 1.15260285E+00 1.15261770E+00 1.15263378E+00 1.15265111E+00 1.15266968E+00 1.15268945E+00 1.15271036E+00 1.15273230E+00 1.15275511E+00 1.15277861E+00 1.15280246E+00 1.15282639E+00 1.15284977E+00 1.15287213E+00 1.15289277E+00 1.15291094E+00 1.15292527E+00 1.15293484E+00 1.15293777E+00 1.15293269E+00 1.15291710E+00 1.15288917E+00 1.15284533E+00 1.15278320E+00 1.15269856E+00 1.15258802E+00 1.15244541E+00 1.15226683E+00 1.15204446E+00 1.15177301E+00 1.15144309E+00 1.15104811E+00 1.15057641E+00 1.15002015E+00 1.14936488E+00 1.14860133E+00 1.14771172E+00 1.14668532E+00 1.14550101E+00 1.14414590E+00 1.14259907E+00 1.14084370E+00 1.13885041E+00 1.13660481E+00 1.13407903E+00 1.13125194E+00 1.12811789E+00 1.12463536E+00 1.12114969E+00 1.11733478E+00 1.11365935E+00 1.10969288E+00 1.10593041E+00 1.10191589E+00 1.09814503E+00 1.09415693E+00 1.09043654E+00 1.08654219E+00 1.08294938E+00 1.07920696E+00 1.07576605E+00 1.07220289E+00 1.06895049E+00 1.06559940E+00 1.06255017E+00 1.05942184E+00 1.05658681E+00 1.05368577E+00 1.05106633E+00 1.04839556E+00 1.04580214E+00 1.04316171E+00 1.04047090E+00 1.03773117E+00 1.03494762E+00 1.03211610E+00 1.02923118E+00 1.02629801E+00 1.02332854E+00 1.02031007E+00 1.01721658E+00 1.01407416E+00 1.01100084E+00 1.00796434E+00 1.00438017E+00 1.00000000E+00
1.16347695E+00 1.16348388E+00 1.16348950E+00 1.16349412E+00 1.16349780E+00 1.16350075E+00 1.16350308E+00 1.16350501E+00 1.16350659E+00 1.16350796E+00 1.16350915E+00 1.16351026E+00 1.16351132E+00 1.16351239E+00 1.16351351E+00 1.16351474E+00 1.16351611E+00 1.16351765E+00 1.16351942E+00 1.16352145E+00 1.16352379E+00 1.16352648E+00 1.16352957E+00 1.16353312E+00 1.16353718E+00 1.16354183E+00 1.16354710E+00 1.16355311E+00 1.16355990E+00 1.16356757E+00 1.16357618E+00 1.16358586E+00 1.16359669E+00 1.16360878E+00 1.16362220E+00 1.16363710E+00 1.16365354E+00 1.16367166E+00 1.16369153E+00 1.16371328E+00 1.16373698E+00 1.16376269E+00 1.16379046E+00 1.16382030E+00 1.16385224E+00 1.16388622E+00 1.16392213E+00 1.16395983E+00 1.16399915E+00 1.16403971E+00 1.16408117E+00 1.16412279E+00 1.16416411E+00 1.16420438E+00 1.16424264E+00 1.16427723E+00 1.16430709E+00 1.16432999E+00 1.16434438E+00 1.16434738E+00 1.16433678E+00 1.16430841E+00 1.16425953E+00 1.16418532E+00 1.16408178E+00 1.16394169E+00 1.16376062E+00 1.16352958E+00 1.16324262E+00 1.16288920E+00 1.16246174E+00 1.16194719E+00 1.16133696E+00 1.16061518E+00 1.15977147E+00 1.15878618E+00 1.15764776E+00 1.15633339E+00 1.15482953E+00 1.15311411E+00 1.15116850E+00 1.14896119E+00 1.14647807E+00 1.14369038E+00 1.14057554E+00 1.13712956E+00 1.13330835E+00 1.12949264E+00 1.12532465E+00 1.12131679E+00 1.11699976E+00 1.11291275E+00 1.10855883E+00 1.10447494E+00 1.10016323E+00 1.09614837E+00 1.09195046E+00 1.08808162E+00 1.08405713E+00 1.08036148E+00 1.07653823E+00 1.07305166E+00 1.06946295E+00 1.06620089E+00 1.06285708E+00 1.05982931E+00 1.05673327E+00 1.05393941E+00 1.05109294E+00 1.04833100E+00 1.04552122E+00 1.04266020E+00 1.03974873E+00 1.03679195E+00 1.03378710E+00 1.03072883E+00 1.02762098E+00 1.02447556E+00 1.02128297E+00 1.01801776E+00 1.01470250E+00 1.01145563E+00 1.00825389E+00 1.00452010E+00 1.00000000E+00
1.17213076E+00 1.17213978E+00 1.17214717E+00 1.17215337E+00 1.17215853E+00 1.17216291E+00 1.17216662E+00 1.17216985E+00 1.17217267E+00 1.17217525E+00 1.17217762E+00 1.17217991E+00 1.17218217E+00 1.17218448E+00 1.17218689E+00 1.17218947E+00 1.17219227E+00 1.17219537E+00 1.17219881E+00 1.17220267E+00 1.17220699E+00 1.17221186E+00 1.17221731E+00 1.17222346E+00 1.17223036E+00 1.17223812E+00 1.17224681E+00 1.17225654E+00 1.17226740E+00 1.17227951E+00 1.17229294E+00 1.17230786E+00 1.17232436E+00 1.17234262E+00 1.17236268E+00 1.17238472E+00 1.17240884E+00 1.17243520E+00 1.17246387E+00 1.17249500E+00 1.17252868E+00 1.17256494E+00 1.17260381E+00 1.17264530E+00 1.17268941E+00 1.17273608E+00 1.17278510E+00 1.17283629E+00 1.17288942E+00 1.17294398E+00 1.17299947E+00 1.17305497E+00 1.17310994E+00 1.17316348E+00 1.17321435E+00 1.17326047E+00 1.17330062E+00 1.17333209E+00 1.17335315E+00 1.17336043E+00 1.17335132E+00 1.17332100E+00 1.17326634E+00 1.17318190E+00 1.17306317E+00 1.17290194E+00 1.17269337E+00 1.17242749E+00 1.17209784E+00 1.17169298E+00 1.17120462E+00 1.17061870E+00 1.16992609E+00 1.16911013E+00 1.16815972E+00 1.16705404E+00 1.16578119E+00 1.16431751E+00 1.16264907E+00 1.16075353E+00 1.15861157E+00 1.15619061E+00 1.15347703E+00 1.15044219E+00 1.14706319E+00 1.14333842E+00 1.13922190E+00 1.13512510E+00 1.13066326E+00 1.12638479E+00 1.12178754E+00 1.11744562E+00 1.11283004E+00 1.10850895E+00 1.10395575E+00 1.09972478E+00 1.09530719E+00 1.09124116E+00 1.08701782E+00 1.08314515E+00 1.07914337E+00 1.07549789E+00 1.07174976E+00 1.06834661E+00 1.06486143E+00 1.06170858E+00 1.05848727E+00 1.05558241E+00 1.05262518E+00 1.04975802E+00 1.04684345E+00 1.04387820E+00 1.04086267E+00 1.03780195E+00 1.03469415E+00 1.03153421E+00 1.02832518E+00 1.02507898E+00 1.02178806E+00 1.01842757E+00 1.01501805E+00 1.01167808E+00 1.00838998E+00 1.00458294E+00 1.00000000E+00
1.17903847E+00 1.17904769E+00 1.17905524E+00 1.17906190E+00 1.17906767E+00 1.17907283E+00 1.17907748E+00 1.17908179E+00 1.17908585E+00 1.17908978E+00 1.17909363E+00 1.17909752E+00 1.17910148E+00 1.17910562E+00 1.17910998E+00 1.17911464E+00 1.17911965E+00 1.17912511E+00 1.17913105E+00 1.17913760E+00 1.17914478E+00 1.17915269E+00 1.17916140E+00 1.17917101E+00 1.17918161E+00 1.17919331E+00 1.17920620E+00 1.17922040E+00 1.17923603E+00 1.17925320E+00 1.17927199E+00 1.17929256E+00 1.17931505E+00 1.17933964E+00 1.17936634E+00 1.17939535E+00 1.17942675E+00 1.17946071E+00 1.17949727E+00 1.17953656E+00 1.17957866E+00 1.17962353E+00 1.17967115E+00 1.17972145E+00 1.17977443E+00 1.17982993E+00 1.17988763E+00 1.17994723E+00 1.18000843E+00 1.18007052E+00 1.18013285E+00 1.18019424E+00 1.18025402E+00 1.18031112E+00 1.18036403E+00 1.18041022E+00 1.18044830E+00 1.18047515E+00 1.18048878E+00 1.18048544E+00 1.18046214E+00 1.18041348E+00 1.18033599E+00 1.18022372E+00 1.18007177E+00 1.17987120E+00 1.17961684E+00 1.17929805E+00 1.17890799E+00 1.17843465E+00 1.17786931E+00 1.17719720E+00 1.17640892E+00 1.17548746E+00 1.17442133E+00 1.17318905E+00 1.17177871E+00 1.17016633E+00 1.16833781E+00 1.16627101E+00 1.16394655E+00 1.16133150E+00 1.15841266E+00 1.15516203E+00 1.15155688E+00 1.14759809E+00 1.14323823E+00 1.13891394E+00 1.13421841E+00 1.12972844E+00 1.12491533E+00 1.12037984E+00 1.11556851E+00 1.11107245E+00 1.10634334E+00 1.10195711E+00 1.09738359E+00 1.09317917E+00 1.08881784E+00 1.08482384E+00 1.08070102E+00 1.07694891E+00 1.07309489E+00 1.06959903E+00 1.06602183E+00 1.06278837E+00 1.05948713E+00 1.05651207E+00 1.05348539E+00 1.05055289E+00 1.04757381E+00 1.04454507E+00 1.04146681E+00 1.03834405E+00 1.03517546E+00 1.03195628E+00 1.02868905E+00 1.02538560E+00 1.02203972E+00 1.01862715E+00 1.01516713E+00 1.01177821E+00 1.00844638E+00 1.00460627E+00 1.00000000E+00
1.12901739E+00 1.12902221E+00 1.12902258E+00 1.12902007E+00 1.12901714E+00 1.12901576E+00 1.12901558E+00 1.12901591E+00 1.12901617E+00 1.12901606E+00 1.12901583E+00 1.12901573E+00 1.12901580E+00 1.12901604E+00 1.12901637E+00 1.12901678E+00 1.12901726E+00 1.12901786E+00 1.12901859E+00 1.12901945E+00 1.12902045E+00 1.12902160E+00 1.12902292E+00 1.12902443E+00 1.12902615E+00 1.12902808E+00 1.12903026E+00 1.12903270E+00 1.12903541E+00 1.12903844E+00 1.12904179E+00 1.12904548E+00 1.12904953E+00 1.12905396E+00 1.12905878E+00 1.12906400E+00 1.12906962E+00 1.12907562E+00 1.12908201E+00 1.12908873E+00 1.12909577E+00 1.12910303E+00 1.12911046E+00 1.12911792E+00 1.12912529E+00 1.12913235E+00 1.12913892E+00 1.12914467E+00 1.12914933E+00 1.12915239E+00 1.12915349E+00 1.12915189E+00 1.12914704E+00 1.12913798E+00 1.12912394E+00 1.12910355E+00 1.12907582E+00 1.12903890E+00 1.12899145E+00 1.12893105E+00 1.12885596E+00 1.12876298E+00 1.12864987E+00 1.12851262E+00 1.12834831E+00 1.12815176E+00 1.12791944E+00 1.12764486E+00 1.12732353E+00 1.12694756E+00 1.12651151E+00 1.12600565E+00 1.12542337E+00 1.12475316E+00 1.12398731E+00 1.12311181E+00 1.12211790E+00 1.12098894E+00 1.11971431E+00 1.11827650E+00 1.11666322E+00 1.11485241E+00 1.11283120E+00 1.11057672E+00 1.10807359E+00 1.10532029E+00 1.10228108E+00 1.09925779E+00 1.09596707E+00 1.09281443E+00 1.08942522E+00 1.08622112E+00 1.08281534E+00 1.07962647E+00 1.07626562E+00 1.07314466E+00 1.06988377E+00 1.06687886E+00 1.06375720E+00 1.06089712E+00 1.05794213E+00 1.05524956E+00 1.05248124E+00 1.04996906E+00 1.04739680E+00 1.04507153E+00 1.04269767E+00 1.04055760E+00 1.03838017E+00 1.03627088E+00 1.03412801E+00 1.03195083E+00 1.02973987E+00 1.02749772E+00 1.02522368E+00 1.02291692E+00 1.02057971E+00 1.01822020E+00 1.01583366E+00 1.01340583E+00 1.01095026E+00 1.00857072E+00 1.00628795E+00 1.00353530E+00 1.00000000E+00
1.13374001E+00 1.13375201E+00 1.13376290E+00 1.13376775E+00 1.13376807E+00 1.13376639E+00 1.13376475E+00 1.13376455E+00 1.13376510E+00 1.13376568E+00 1.13376595E+00 1.13376590E+00 1.13376579E+00 1.13376587E+00 1.13376611E+00 1.13376649E+00 1.13376696E+00 1.13376753E+00 1.13376822E+00 1.13376906E+00 1.13377006E+00 1.13377124E+00 1.13377259E+00 1.13377416E+00 1.13377594E+00 1.13377797E+00 1.13378027E+00 1.13378285E+00 1.13378574E+00 1.13378898E+00 1.13379256E+00 1.13379654E+00 1.13380092E+00 1.13380574E+00 1.13381099E+00 1.13381672E+00 1.13382291E+00 1.13382957E+00 1.13383670E+00 1.13384427E+00 1.13385226E+00 1.13386060E+00 1.13386924E+00 1.13387805E+00 1.13388694E+00 1.13389569E+00 1.13390415E+00 1.13391198E+00 1.13391895E+00 1.13392457E+00 1.13392847E+00 1.13392994E+00 1.13392843E+00 1.13392302E+00 1.13391295E+00 1.13389684E+00 1.13387370E+00 1.13384170E+00 1.13379947E+00 1.13374459E+00 1.13367530E+00 1.13358836E+00 1.13348149E+00 1.13335065E+00 1.13319286E+00 1.13300279E+00 1.13277687E+00 1.13250840E+00 1.13219278E+00 1.13182187E+00 1.13139008E+00 1.13088738E+00 1.13030693E+00 1.12963678E+00 1.12886898E+00 1.12798891E+00 1.12698751E+00 1.12584740E+00 1.12455754E+00 1.12309977E+00 1.12146118E+00 1.11961855E+00 1.11755857E+00 1.11525739E+00 1.11269866E+00 1.10988011E+00 1.10676476E+00 1.10366187E+00 1.10028067E+00 1.09703755E+00 1.09354791E+00 1.09024619E+00 1.08673342E+00 1.08344171E+00 1.07996908E+00 1.07674080E+00 1.07336614E+00 1.07025471E+00 1.06701952E+00 1.06405243E+00 1.06098459E+00 1.05818747E+00 1.05530924E+00 1.05269483E+00 1.05001564E+00 1.04759141E+00 1.04511444E+00 1.04287990E+00 1.04060414E+00 1.03839726E+00 1.03615284E+00 1.03386976E+00 1.03154873E+00 1.02919221E+00 1.02679846E+00 1.02436597E+00 1.02189703E+00 1.01939920E+00 1.01686692E+00 1.01428562E+00 1.01166740E+00 1.00911202E+00 1.00664903E+00 1.00371801E+00 1.00000000E+00
1.13913708E+00 1.13914043E+00 1.13914366E+00 1.13914605E+00 1.13914751E+00 1.13914828E+00 1.13914871E+00 1.13914912E+00 1.13914950E+00 1.13914985E+00 1.13915016E+00 1.13915045E+00 1.13915076E+00 1.13915114E+00 1.13915159E+00 1.13915215E+00 1.13915280E+00 1.13915358E+00 1.13915450E+00 1.13915558E+00 1.13915684E+00 1.13915830E+00 1.13915997E+00 1.13916190E+00 1.13916408E+00 1.13916657E+00 1.13916938E+00 1.13917255E+00 1.13917610E+00 1.13918008E+00 1.13918451E+00 1.13918944E+00 1.13919488E+00 1.13920088E+00 1.13920745E+00 1.13921465E+00 1.13922247E+00 1.13923094E+00 1.13924006E+00 1.13924983E+00 1.13926023E+00 1.13927120E+00 1.13928272E+00 1.13929465E+00 1.13930692E+00 1.13931932E+00 1.13933169E+00 1.13934372E+00 1.13935515E+00 1.13936550E+00 1.13937439E+00 1.13938107E+00 1.13938498E+00 1.13938519E+00 1.13938088E+00 1.13937058E+00 1.13935327E+00 1.13932698E+00 1.13929029E+00 1.13924062E+00 1.13917611E+00 1.13909330E+00 1.13898979E+00 1.13886130E+00 1.13870465E+00 1.13851411E+00 1.13828593E+00 1.13801296E+00 1.13769029E+00 1.13730935E+00 1.13686413E+00 1.13634406E+00 1.13574193E+00 1.13504511E+00 1.13424523E+00 1.13332683E+00 1.13228041E+00 1.13108777E+00 1.12973745E+00 1.12821065E+00 1.12649360E+00 1.12456202E+00 1.12240248E+00 1.11999037E+00 1.11730854E+00 1.11435517E+00 1.11109193E+00 1.10784337E+00 1.10430473E+00 1.10091191E+00 1.09726311E+00 1.09381278E+00 1.09014309E+00 1.08670559E+00 1.08308092E+00 1.07971279E+00 1.07619314E+00 1.07294911E+00 1.06957733E+00 1.06648581E+00 1.06329013E+00 1.06037728E+00 1.05738078E+00 1.05465963E+00 1.05187172E+00 1.04934962E+00 1.04677309E+00 1.04444908E+00 1.04208268E+00 1.03978826E+00 1.03745538E+00 1.03508283E+00 1.03267101E+00 1.03022243E+00 1.02773599E+00 1.02521004E+00 1.02264632E+00 1.02005237E+00 1.01742426E+00 1.01474771E+00 1.01203285E+00 1.00937895E+00 1.00682199E+00 1.00380416E+00 1.00000000E+00
1.14345091E+00 1.14345789E+00 1.14346296E+00 1.14346658E+00 1.14346923E+00 1.14347140E+00 1.14347314E+00 1.14347456E+00 1.14347568E+00 1.14347660E+00 1.14347739E+00 1.14347814E+00 1.14347889E+00 1.14347966E+00 1.14348050E+00 1.14348143E+00 1.14348247E+00 1.14348367E+00 1.14348503E+00 1.14348660E+00 1.14348838E+00 1.14349042E+00 1.14349273E+00 1.14349535E+00 1.14349831E+00 1.14350165E+00 1.14350539E+00 1.14350957E+00 1.14351424E+00 1.14351943E+00 1.14352517E+00 1.14353152E+00 1.14353850E+00 1.14354616E+00 1.14355451E+00 1.14356361E+00 1.14357345E+00 1.14358408E+00 1.14359547E+00 1.14360763E+00 1.14362055E+00 1.14363414E+00 1.14364837E+00 1.14366309E+00 1.14367820E+00 1.14369349E+00 1.14370874E+00 1.14372363E+00 1.14373786E+00 1.14375087E+00 1.14376225E+00 1.14377114E+00 1.14377693E+00 1.14377863E+00 1.14377530E+00 1.14376531E+00 1.14374755E+00 1.14371987E+00 1.14368073E+00 1.14362736E+00 1.14355773E+00 1.14346812E+00 1.14335595E+00 1.14321670E+00 1.14304697E+00 1.14284062E+00 1.14259372E+00 1.14229871E+00 1.14195048E+00 1.14154003E+00 1.14106111E+00 1.14050267E+00 1.13985728E+00 1.13911194E+00 1.13825799E+00 1.13727947E+00 1.13616671E+00 1.13490110E+00 1.13347102E+00 1.13185753E+00 1.13004649E+00 1.12801320E+00 1.12574439E+00 1.12321544E+00 1.12040901E+00 1.11732443E+00 1.11392241E+00 1.11054188E+00 1.10686527E+00 1.10334543E+00 1.09956518E+00 1.09599528E+00 1.09220273E+00 1.08865383E+00 1.08491564E+00 1.08144568E+00 1.07782244E+00 1.07448542E+00 1.07101975E+00 1.06784443E+00 1.06456412E+00 1.06157586E+00 1.05850358E+00 1.05571518E+00 1.05285980E+00 1.05027787E+00 1.04764131E+00 1.04526402E+00 1.04284436E+00 1.04049921E+00 1.03811570E+00 1.03569265E+00 1.03323028E+00 1.03073109E+00 1.02819442E+00 1.02561865E+00 1.02300516E+00 1.02036148E+00 1.01768467E+00 1.01496073E+00 1.01219867E+00 1.00949755E+00 1.00689680E+00 1.00384053E+00 1.00000000E+00
1.14681926E+00 1.14682578E+00 1.14683082E+00 1.14683498E+00 1.14683830E+00 1.14684097E+00 1.14684308E+00 1.14684482E+00 1.14684628E+00 1.14684758E+00 1.14684875E+00 1.14684988E+00 1.14685099E+00 1.14685215E+00 1.14685336E+00 1.14685469E+00 1.14685615E+00 1.14685777E+00 1.14685958E+00 1.14686161E+00 1.14686388E+00 1.14686643E+00 1.14686928E+00 1.14687246E+00 1.14687601E+00 1.14687996E+00 1.14688434E+00 1.14688918E+00 1.14689453E+00 1.14690042E+00 1.14690687E+00 1.14691392E+00 1.14692161E+00 1.14692997E+00 1.14693902E+00 1.14694877E+00 1.14695923E+00 1.14697041E+00 1.14698228E+00 1.14699483E+00 1.14700801E+00 1.14702172E+00 1.14703588E+00 1.14705031E+00 1.14706489E+00 1.14707934E+00 1.14709341E+00 1.14710670E+00 1.14711888E+00 1.14712931E+00 1.14713749E+00 1.14714246E+00 1.14714357E+00 1.14713971E+00 1.14712985E+00 1.14711218E+00 1.14708554E+00 1.14704758E+00 1.14699667E+00 1.14692988E+00 1.14684504E+00 1.14673822E+00 1.14660672E+00 1.14644580E+00 1.14625193E+00 1.14601870E+00 1.14574207E+00 1.14541422E+00 1.14502991E+00 1.14457995E+00 1.14405791E+00 1.14345253E+00 1.14275627E+00 1.14195601E+00 1.14104299E+00 1.14000100E+00 1.13882041E+00 1.13748252E+00 1.13597568E+00 1.13428105E+00 1.13238448E+00 1.13026120E+00 1.12789814E+00 1.12527097E+00 1.12236241E+00 1.11917298E+00 1.11566271E+00 1.11218160E+00 1.10840222E+00 1.10478983E+00 1.10091561E+00 1.09726178E+00 1.09338462E+00 1.08976035E+00 1.08594659E+00 1.08241000E+00 1.07871999E+00 1.07532385E+00 1.07179933E+00 1.06857226E+00 1.06524037E+00 1.06220671E+00 1.05908937E+00 1.05626150E+00 1.05336693E+00 1.05075066E+00 1.04808003E+00 1.04567278E+00 1.04322349E+00 1.04085040E+00 1.03843929E+00 1.03598902E+00 1.03349969E+00 1.03097379E+00 1.02841092E+00 1.02580953E+00 1.02317076E+00 1.02050210E+00 1.01780126E+00 1.01505443E+00 1.01226996E+00 1.00954673E+00 1.00692617E+00 1.00385402E+00 1.00000000E+00
1.14947767E+00 1.14948407E+00 1.14948885E+00 1.14949271E+00 1.14949568E+00 1.14949808E+00 1.14950001E+00 1.14950166E+00 1.14950306E+00 1.14950432E+00 1.14950548E+00 1.14950659E+00 1.14950769E+00 1.14950882E+00 1.14951001E+00 1.14951129E+00 1.14951269E+00 1.14951422E+00 1.14951591E+00 1.14951779E+00 1.14951988E+00 1.14952219E+00 1.14952476E+00 1.14952761E+00 1.14953077E+00 1.14953427E+00 1.14953812E+00 1.14954236E+00 1.14954702E+00 1.14955211E+00 1.14955766E+00 1.14956368E+00 1.14957020E+00 1.14957725E+00 1.14958481E+00 1.14959289E+00 1.14960146E+00 1.14961053E+00 1.14962005E+00 1.14962993E+00 1.14964016E+00 1.14965056E+00 1.14966102E+00 1.14967132E+00 1.14968130E+00 1.14969065E+00 1.14969906E+00 1.14970607E+00 1.14971129E+00 1.14971403E+00 1.14971372E+00 1.14970930E+00 1.14970006E+00 1.14968482E+00 1.14966249E+00 1.14963110E+00 1.14958944E+00 1.14953505E+00 1.14946621E+00 1.14937989E+00 1.14927383E+00 1.14914394E+00 1.14898745E+00 1.14879949E+00 1.14857647E+00 1.14831180E+00 1.14800141E+00 1.14763735E+00 1.14721431E+00 1.14672301E+00 1.14615697E+00 1.14550485E+00 1.14475907E+00 1.14390655E+00 1.14293847E+00 1.14183862E+00 1.14059743E+00 1.13919628E+00 1.13762351E+00 1.13586051E+00 1.13389327E+00 1.13169707E+00 1.12925904E+00 1.12655516E+00 1.12356835E+00 1.12030010E+00 1.11670997E+00 1.11315602E+00 1.10930354E+00 1.10562651E+00 1.10168768E+00 1.09797705E+00 1.09404357E+00 1.09036990E+00 1.08650732E+00 1.08292837E+00 1.07919648E+00 1.07576376E+00 1.07220331E+00 1.06894512E+00 1.06558261E+00 1.06252234E+00 1.05937891E+00 1.05652849E+00 1.05361182E+00 1.05097641E+00 1.04828702E+00 1.04586349E+00 1.04339825E+00 1.04101033E+00 1.03858474E+00 1.03612038E+00 1.03361730E+00 1.03107795E+00 1.02850208E+00 1.02588823E+00 1.02323738E+00 1.02055698E+00 1.01784514E+00 1.01508822E+00 1.01229415E+00 1.00956163E+00 1.00693337E+00 1.00385646E+00 1.00000000E+00
1.11227265E+00 1.11227155E+00 1.11226776E+00 1.11226457E+00 1.11226264E+00 1.11226210E+00 1.11226213E+00 1.11226205E+00 1.11226180E+00 1.11226146E+00 1.11226117E+00 1.11226105E+00 1.11226104E+00 1.11226113E+00 1.11226129E+00 1.11226152E+00 1.11226182E+00 1.11226222E+00 1.11226271E+00 1.11226331E+00 1.11226402E+00 1.11226486E+00 1.11226583E+00 1.11226696E+00 1.11226825E+00 1.11226974E+00 1.11227142E+00 1.11227334E+00 1.11227550E+00 1.11227794E+00 1.11228065E+00 1.11228370E+00 1.11228707E+00 1.11229081E+00 1.11229493E+00 1.11229945E+00 1.11230439E+00 1.11230976E+00 1.11231555E+00 1.11232178E+00 1.11232843E+00 1.11233545E+00 1.11234283E+00 1.11235050E+00 1.11235839E+00 1.11236635E+00 1.11237428E+00 1.11238195E+00 1.11238917E+00 1.11239558E+00 1.11240095E+00 1.11240475E+00 1.11240653E+00 1.11240554E+00 1.11240124E+00 1.11239255E+00 1.11237869E+00 1.11235824E+00 1.11233008E+00 1.11229223E+00 1.11224329E+00 1.11218055E+00 1.11210209E+00 1.11200458E+00 1.11188555E+00 1.11174048E+00 1.11156646E+00 1.11135780E+00 1.11111042E+00 1.11081699E+00 1.11047273E+00 1.11006900E+00 1.10960010E+00 1.10905471E+00 1.10842588E+00 1.10770063E+00 1.10687114E+00 1.10592111E+00 1.10483960E+00 1.10361013E+00 1.10222214E+00 1.10065295E+00 1.09888886E+00 1.09690704E+00 1.09469404E+00 1.09224673E+00 1.08953157E+00 1.08681198E+00 1.08384055E+00 1.08098478E+00 1.07790182E+00 1.07496989E+00 1.07184751E+00 1.06893030E+00 1.06585272E+00 1.06297493E+00 1.05996063E+00 1.05718797E+00 1.05430909E+00 1.05167170E+00 1.04894889E+00 1.04646831E+00 1.04392032E+00 1.04161065E+00 1.03925243E+00 1.03712697E+00 1.03496143E+00 1.03301278E+00 1.03103692E+00 1.02913454E+00 1.02721197E+00 1.02526302E+00 1.02329581E+00 1.02132743E+00 1.01935230E+00 1.01736219E+00 1.01538120E+00 1.01344498E+00 1.01151668E+00 1.00958020E+00 1.00774671E+00 1.00617401E+00 1.00474822E+00 1.00278587E+00 1.00000000E+00
1.10943219E+00 1.10944233E+00 1.10945444E+00 1.10946378E+00 1.10947018E+00 1.10947316E+00 1.10947360E+00 1.10947274E+00 1.10947165E+00 1.10947150E+00 1.10947216E+00 1.10947315E+00 1.10947392E+00 1.10947415E+00 1.10947406E+00 1.10947397E+00 1.10947401E+00 1.10947421E+00 1.10947450E+00 1.10947482E+00 1.10947519E+00 1.10947566E+00 1.10947623E+00 1.10947694E+00 1.10947779E+00 1.10947880E+00 1.10947998E+00 1.10948138E+00 1.10948300E+00 1.10948487E+00 1.10948702E+00 1.10948951E+00 1.10949234E+00 1.10949557E+00 1.10949922E+00 1.10950338E+00 1.10950807E+00 1.10951331E+00 1.10951917E+00 1.10952573E+00 1.10953299E+00 1.10954099E+00 1.10954977E+00 1.10955944E+00 1.10957000E+00 1.10958144E+00 1.10959378E+00 1.10960699E+00 1.10962103E+00 1.10963581E+00 1.10965135E+00 1.10966751E+00 1.10968396E+00 1.10970038E+00 1.10971659E+00 1.10973208E+00 1.10974647E+00 1.10975905E+00 1.10976913E+00 1.10977551E+00 1.10977735E+00 1.10977268E+00 1.10976021E+00 1.10973793E+00 1.10970412E+00 1.10965539E+00 1.10958978E+00 1.10950304E+00 1.10939147E+00 1.10924833E+00 1.10906989E+00 1.10884977E+00 1.10858337E+00 1.10825974E+00 1.10787249E+00 1.10740954E+00 1.10686260E+00 1.10621451E+00 1.10545657E+00 1.10457462E+00 1.10355416E+00 1.10236647E+00 1.10099924E+00 1.09942944E+00 1.09763991E+00 1.09561822E+00 1.09333380E+00 1.09100443E+00 1.08841311E+00 1.08587259E+00 1.08308950E+00 1.08041061E+00 1.07753357E+00 1.07482675E+00 1.07192763E+00 1.06916023E+00 1.06624081E+00 1.06355599E+00 1.06075059E+00 1.05815063E+00 1.05544336E+00 1.05296051E+00 1.05039571E+00 1.04805749E+00 1.04565833E+00 1.04347845E+00 1.04124145E+00 1.03921991E+00 1.03716221E+00 1.03517236E+00 1.03315003E+00 1.03107705E+00 1.02896652E+00 1.02684965E+00 1.02471189E+00 1.02251905E+00 1.02029416E+00 1.01807827E+00 1.01583641E+00 1.01353798E+00 1.01124813E+00 1.00902388E+00 1.00677536E+00 1.00387894E+00 1.00000000E+00
1.11195172E+00 1.11195903E+00 1.11196464E+00 1.11196910E+00 1.11197272E+00 1.11197577E+00 1.11197821E+00 1.11198013E+00 1.11198160E+00 1.11198276E+00 1.11198368E+00 1.11198443E+00 1.11198503E+00 1.11198551E+00 1.11198590E+00 1.11198623E+00 1.11198652E+00 1.11198679E+00 1.11198706E+00 1.11198734E+00 1.11198764E+00 1.11198798E+00 1.11198839E+00 1.11198890E+00 1.11198951E+00 1.11199024E+00 1.11199112E+00 1.11199220E+00 1.11199350E+00 1.11199504E+00 1.11199687E+00 1.11199906E+00 1.11200166E+00 1.11200471E+00 1.11200828E+00 1.11201248E+00 1.11201736E+00 1.11202298E+00 1.11202944E+00 1.11203693E+00 1.11204548E+00 1.11205520E+00 1.11206622E+00 1.11207876E+00 1.11209294E+00 1.11210893E+00 1.11212679E+00 1.11214674E+00 1.11216892E+00 1.11219354E+00 1.11222070E+00 1.11225048E+00 1.11228300E+00 1.11231858E+00 1.11235724E+00 1.11239886E+00 1.11244334E+00 1.11249041E+00 1.11254003E+00 1.11259188E+00 1.11264531E+00 1.11269880E+00 1.11275214E+00 1.11280502E+00 1.11285598E+00 1.11290221E+00 1.11294242E+00 1.11297307E+00 1.11299116E+00 1.11299065E+00 1.11296788E+00 1.11291782E+00 1.11283762E+00 1.11271702E+00 1.11254832E+00 1.11231822E+00 1.11201731E+00 1.11162736E+00 1.11114385E+00 1.11055408E+00 1.10983385E+00 1.10894576E+00 1.10788225E+00 1.10662009E+00 1.10513464E+00 1.10340386E+00 1.10139948E+00 1.09930976E+00 1.09693248E+00 1.09455032E+00 1.09190492E+00 1.08933350E+00 1.08653986E+00 1.08387580E+00 1.08098585E+00 1.07819478E+00 1.07523040E+00 1.07249360E+00 1.06961509E+00 1.06692083E+00 1.06409071E+00 1.06147805E+00 1.05876529E+00 1.05627944E+00 1.05371228E+00 1.05136076E+00 1.04893042E+00 1.04672218E+00 1.04446268E+00 1.04226425E+00 1.04001526E+00 1.03769136E+00 1.03530363E+00 1.03288515E+00 1.03042090E+00 1.02786856E+00 1.02524612E+00 1.02259591E+00 1.01988882E+00 1.01708344E+00 1.01421737E+00 1.01131952E+00 1.00832757E+00 1.00467245E+00 1.00000000E+00
1.11506047E+00 1.11506844E+00 1.11507508E+00 1.11508070E+00 1.11508542E+00 1.11508941E+00 1.11509274E+00 1.11509555E+00 1.11509790E+00 1.11509989E+00 1.11510156E+00 1.11510297E+00 1.11510414E+00 1.11510514E+00 1.11510596E+00 1.11510664E+00 1.11510721E+00 1.11510769E+00 1.11510811E+00 1.11510850E+00 1.11510886E+00 1.11510921E+00 1.11510958E+00 1.11511001E+00 1.11511051E+00 1.11511110E+00 1.11511181E+00 1.11511274E+00 1.11511389E+00 1.11511531E+00 1.11511700E+00 1.11511908E+00 1.11512165E+00 1.11512481E+00 1.11512859E+00 1.11513314E+00 1.11513854E+00 1.11514490E+00 1.11515235E+00 1.11516121E+00 1.11517163E+00 1.11518373E+00 1.11519762E+00 1.11521363E+00 1.11523211E+00 1.11525346E+00 1.11527775E+00 1.11530537E+00 1.11533675E+00 1.11537234E+00 1.11541216E+00 1.11545647E+00 1.11550619E+00 1.11556253E+00 1.11562534E+00 1.11569458E+00 1.11577038E+00 1.11585275E+00 1.11594254E+00 1.11604038E+00 1.11614567E+00 1.11625735E+00 1.11637632E+00 1.11650376E+00 1.11663815E+00 1.11677702E+00 1.11691953E+00 1.11706245E+00 1.11720355E+00 1.11733741E+00 1.11746022E+00 1.11756777E+00 1.11765830E+00 1.11772159E+00 1.11774825E+00 1.11772354E+00 1.11763758E+00 1.11747111E+00 1.11722107E+00 1.11687376E+00 1.11639763E+00 1.11574838E+00 1.11492115E+00 1.11389177E+00 1.11262979E+00 1.11110556E+00 1.10928995E+00 1.10735073E+00 1.10509779E+00 1.10279775E+00 1.10021052E+00 1.09767035E+00 1.09488043E+00 1.09218798E+00 1.08924084E+00 1.08637536E+00 1.08331388E+00 1.08047172E+00 1.07746501E+00 1.07463137E+00 1.07163717E+00 1.06886078E+00 1.06596618E+00 1.06330210E+00 1.06053738E+00 1.05799242E+00 1.05535130E+00 1.05294273E+00 1.05046922E+00 1.04805255E+00 1.04557048E+00 1.04299663E+00 1.04034044E+00 1.03763413E+00 1.03486324E+00 1.03198398E+00 1.02901176E+00 1.02598879E+00 1.02288970E+00 1.01966744E+00 1.01634284E+00 1.01292993E+00 1.00938844E+00 1.00519903E+00 1.00000000E+00
1.11836119E+00 1.11836983E+00 1.11837719E+00 1.11838388E+00 1.11838988E+00 1.11839525E+00 1.11840003E+00 1.11840427E+00 1.11840803E+00 1.11841140E+00 1.11841438E+00 1.11841698E+00 1.11841928E+00 1.11842133E+00 1.11842310E+00 1.11842458E+00 1.11842584E+00 1.11842695E+00 1.11842793E+00 1.11842884E+00 1.11842966E+00 1.11843039E+00 1.11843107E+00 1.11843175E+00 1.11843246E+00 1.11843321E+00 1.11843406E+00 1.11843516E+00 1.11843654E+00 1.11843817E+00 1.11844005E+00 1.11844231E+00 1.11844521E+00 1.11844890E+00 1.11845334E+00 1.11845866E+00 1.11846504E+00 1.11847264E+00 1.11848164E+00 1.11849255E+00 1.11850557E+00 1.11852080E+00 1.11853830E+00 1.11855852E+00 1.11858216E+00 1.11860984E+00 1.11864161E+00 1.11867806E+00 1.11871986E+00 1.11876767E+00 1.11882143E+00 1.11888168E+00 1.11895014E+00 1.11902882E+00 1.11911729E+00 1.11921545E+00 1.11932373E+00 1.11944246E+00 1.11957335E+00 1.11971802E+00 1.11987582E+00 1.12004621E+00 1.12023088E+00 1.12043204E+00 1.12064816E+00 1.12087705E+00 1.12111813E+00 1.12136832E+00 1.12162594E+00 1.12188601E+00 1.12214453E+00 1.12239765E+00 1.12264390E+00 1.12287257E+00 1.12307288E+00 1.12322854E+00 1.12332925E+00 1.12335437E+00 1.12330032E+00 1.12315126E+00 1.12287088E+00 1.12240959E+00 1.12176326E+00 1.12090622E+00 1.11980334E+00 1.11841818E+00 1.11671994E+00 1.11486425E+00 1.11266863E+00 1.11039206E+00 1.10780272E+00 1.10523828E+00 1.10239689E+00 1.09962956E+00 1.09658216E+00 1.09360809E+00 1.09041604E+00 1.08743742E+00 1.08427295E+00 1.08127853E+00 1.07810346E+00 1.07515126E+00 1.07206484E+00 1.06921602E+00 1.06625079E+00 1.06351454E+00 1.06066911E+00 1.05806878E+00 1.05539266E+00 1.05277192E+00 1.05007476E+00 1.04727446E+00 1.04437919E+00 1.04141965E+00 1.03838201E+00 1.03522313E+00 1.03195695E+00 1.02862503E+00 1.02520430E+00 1.02164361E+00 1.01795174E+00 1.01413367E+00 1.01016790E+00 1.00557810E+00 1.00000000E+00
1.12170143E+00 1.12171113E+00 1.12171909E+00 1.12172725E+00 1.12173529E+00 1.12174306E+00 1.12175045E+00 1.12175739E+00 1.12176392E+00 1.12177006E+00 1.12177573E+00 1.12178088E+00 1.12178560E+00 1.12178998E+00 1.12179389E+00 1.12179728E+00 1.12180029E+00 1.12180304E+00 1.12180554E+00 1.12180790E+00 1.12181006E+00 1.12181197E+00 1.12181368E+00 1.12181531E+00 1.12181691E+00 1.12181846E+00 1.12182007E+00 1.12182196E+00 1.12182417E+00 1.12182660E+00 1.12182919E+00 1.12183216E+00 1.12183595E+00 1.12184078E+00 1.12184647E+00 1.12185318E+00 1.12186119E+00 1.12187071E+00 1.12188203E+00 1.12189579E+00 1.12191226E+00 1.12193144E+00 1.12195338E+00 1.12197876E+00 1.12200858E+00 1.12204370E+00 1.12208411E+00 1.12213064E+00 1.12218417E+00 1.12224556E+00 1.12231473E+00 1.12239252E+00 1.12248131E+00 1.12258380E+00 1.12269925E+00 1.12282758E+00 1.12296953E+00 1.12312582E+00 1.12329895E+00 1.12349137E+00 1.12370242E+00 1.12393195E+00 1.12418218E+00 1.12445604E+00 1.12475207E+00 1.12506826E+00 1.12540416E+00 1.12575672E+00 1.12612454E+00 1.12650291E+00 1.12688754E+00 1.12727455E+00 1.12766224E+00 1.12803912E+00 1.12839323E+00 1.12870657E+00 1.12896824E+00 1.12915595E+00 1.12926469E+00 1.12927623E+00 1.12915103E+00 1.12883521E+00 1.12832427E+00 1.12759064E+00 1.12659526E+00 1.12529568E+00 1.12365944E+00 1.12183663E+00 1.11964807E+00 1.11735124E+00 1.11471618E+00 1.11208899E+00 1.10915936E+00 1.10628767E+00 1.10311357E+00 1.10001028E+00 1.09666894E+00 1.09353858E+00 1.09020376E+00 1.08704171E+00 1.08368285E+00 1.08055490E+00 1.07727927E+00 1.07425076E+00 1.07109345E+00 1.06817691E+00 1.06514139E+00 1.06236428E+00 1.05950293E+00 1.05669733E+00 1.05380713E+00 1.05080590E+00 1.04770080E+00 1.04452087E+00 1.04125291E+00 1.03785506E+00 1.03434035E+00 1.03074943E+00 1.02706070E+00 1.02321962E+00 1.01922568E+00 1.01507816E+00 1.01077194E+00 1.00586741E+00 1.00000000E+00
1.11706885E+00 1.11706818E+00 1.11706459E+00 1.11706134E+00 1.11705932E+00 1.11705883E+00 1.11705896E+00 1.11705893E+00 1.11705867E+00 1.11705829E+00 1.11705798E+00 1.11705786E+00 1.11705790E+00 1.11705802E+00 1.11705821E+00 1.11705847E+00 1.11705881E+00 1.11705926E+00 1.11705981E+00 1.11706047E+00 1.11706125E+00 1.11706217E+00 1.11706323E+00 1.11706446E+00 1.11706586E+00 1.11706746E+00 1.11706928E+00 1.11707134E+00 1.11707365E+00 1.11707624E+00 1.11707914E+00 1.11708236E+00 1.11708594E+00 1.11708988E+00 1.11709420E+00 1.11709894E+00 1.11710411E+00 1.11710969E+00 1.11711569E+00 1.11712213E+00 1.11712896E+00 1.11713614E+00 1.11714364E+00 1.11715139E+00 1.11715929E+00 1.11716719E+00 1.11717496E+00 1.11718234E+00 1.11718914E+00 1.11719497E+00 1.11719954E+00 1.11720229E+00 1.11720272E+00 1.11720006E+00 1.11719370E+00 1.11718250E+00 1.11716561E+00 1.11714151E+00 1.11710901E+00 1.11706602E+00 1.11701107E+00 1.11694129E+00 1.11685470E+00 1.11674778E+00 1.11661796E+00 1.11646053E+00 1.11627242E+00 1.11604764E+00 1.11578201E+00 1.11546811E+00 1.11510099E+00 1.11467163E+00 1.11417403E+00 1.11359676E+00 1.11293277E+00 1.11216868E+00 1.11129644E+00 1.11029949E+00 1.10916686E+00 1.10788186E+00 1.10643339E+00 1.10479856E+00 1.10296402E+00 1.10090735E+00 1.09861425E+00 1.09608124E+00 1.09327440E+00 1.09046850E+00 1.08740588E+00 1.08446361E+00 1.08129117E+00 1.07828154E+00 1.07507836E+00 1.07208082E+00 1.06891844E+00 1.06596883E+00 1.06288312E+00 1.06004410E+00 1.05709597E+00 1.05439490E+00 1.05160575E+00 1.04906502E+00 1.04645577E+00 1.04409085E+00 1.04167513E+00 1.03949642E+00 1.03727568E+00 1.03527750E+00 1.03325044E+00 1.03129566E+00 1.02931825E+00 1.02731439E+00 1.02528905E+00 1.02325427E+00 1.02120619E+00 1.01913948E+00 1.01707179E+00 1.01503241E+00 1.01299636E+00 1.01093722E+00 1.00892870E+00 1.00712333E+00 1.00540371E+00 1.00310348E+00 1.00000000E+00
1.12209808E+00 1.12210374E+00 1.12210365E+00 1.12210148E+00 1.12209958E+00 1.12209950E+00 1.12210031E+00 1.12210108E+00 1.12210143E+00 1.12210132E+00 1.12210104E+00 1.12210084E+00 1.12210074E+00 1.12210073E+00 1.12210077E+00 1.12210086E+00 1.12210101E+00 1.12210124E+00 1.12210157E+00 1.12210200E+00 1.12210255E+00 1.12210323E+00 1.12210405E+00 1.12210503E+00 1.12210620E+00 1.12210756E+00 1.12210914E+00 1.12211097E+00 1.12211308E+00 1.12211550E+00 1.12211825E+00 1.12212139E+00 1.12212494E+00 1.12212894E+00 1.12213344E+00 1.12213850E+00 1.12214414E+00 1.12215040E+00 1.12215733E+00 1.12216500E+00 1.12217340E+00 1.12218258E+00 1.12219256E+00 1.12220341E+00 1.12221509E+00 1.12222757E+00 1.12224083E+00 1.12225480E+00 1.12226939E+00 1.12228445E+00 1.12229988E+00 1.12231537E+00 1.12233058E+00 1.12234508E+00 1.12235855E+00 1.12237025E+00 1.12237964E+00 1.12238565E+00 1.12238741E+00 1.12238335E+00 1.12237239E+00 1.12235217E+00 1.12232114E+00 1.12227665E+00 1.12221656E+00 1.12213680E+00 1.12203477E+00 1.12190511E+00 1.12174386E+00 1.12154403E+00 1.12130112E+00 1.12100697E+00 1.12065580E+00 1.12023584E+00 1.11974019E+00 1.11915524E+00 1.11847235E+00 1.11767342E+00 1.11674750E+00 1.11567763E+00 1.11444993E+00 1.11303668E+00 1.11142454E+00 1.10958925E+00 1.10751269E+00 1.10518371E+00 1.10256747E+00 1.09991694E+00 1.09698846E+00 1.09413995E+00 1.09103989E+00 1.08807508E+00 1.08489614E+00 1.08190002E+00 1.07870888E+00 1.07569938E+00 1.07253715E+00 1.06962260E+00 1.06657897E+00 1.06376711E+00 1.06084587E+00 1.05817266E+00 1.05541461E+00 1.05290103E+00 1.05032090E+00 1.04797826E+00 1.04557607E+00 1.04340513E+00 1.04119128E+00 1.03904208E+00 1.03685349E+00 1.03461543E+00 1.03233333E+00 1.03002205E+00 1.02767227E+00 1.02526571E+00 1.02281757E+00 1.02035493E+00 1.01784928E+00 1.01525461E+00 1.01261637E+00 1.01004106E+00 1.00742890E+00 1.00415442E+00 1.00000000E+00
1.13182032E+00 1.13183527E+00 1.13184682E+00 1.13185524E+00 1.13186164E+00 1.13186703E+00 1.13187151E+00 1.13187522E+00 1.13187812E+00 1.13188033E+00 1.13188200E+00 1.13188332E+00 1.13188435E+00 1.13188520E+00 1.13188588E+00 1.13188647E+00 1.13188700E+00 1.13188751E+00 1.13188802E+00 1.13188857E+00 1.13188919E+00 1.13188990E+00 1.13189073E+00 1.13189172E+00 1.13189288E+00 1.13189426E+00 1.13189588E+00 1.13189780E+00 1.13190004E+00 1.13190267E+00 1.13190572E+00 1.13190930E+00 1.13191343E+00 1.13191820E+00 1.13192367E+00 1.13192996E+00 1.13193714E+00 1.13194531E+00 1.13195455E+00 1.13196502E+00 1.13197681E+00 1.13199004E+00 1.13200482E+00 1.13202136E+00 1.13203971E+00 1.13206005E+00 1.13208243E+00 1.13210701E+00 1.13213387E+00 1.13216311E+00 1.13219479E+00 1.13222883E+00 1.13226521E+00 1.13230397E+00 1.13234496E+00 1.13238776E+00 1.13243206E+00 1.13247721E+00 1.13252268E+00 1.13256744E+00 1.13261062E+00 1.13265020E+00 1.13268515E+00 1.13271366E+00 1.13273361E+00 1.13274099E+00 1.13273345E+00 1.13270558E+00 1.13265361E+00 1.13257051E+00 1.13245136E+00 1.13228780E+00 1.13207414E+00 1.13179753E+00 1.13144982E+00 1.13101545E+00 1.13048440E+00 1.12983608E+00 1.12905970E+00 1.12813641E+00 1.12704642E+00 1.12575607E+00 1.12425297E+00 1.12250970E+00 1.12050196E+00 1.11821182E+00 1.11560278E+00 1.11292688E+00 1.10993628E+00 1.10699563E+00 1.10377042E+00 1.10066561E+00 1.09731147E+00 1.09412492E+00 1.09070964E+00 1.08747168E+00 1.08405266E+00 1.08088557E+00 1.07756177E+00 1.07447324E+00 1.07124782E+00 1.06828296E+00 1.06521072E+00 1.06239808E+00 1.05949748E+00 1.05685107E+00 1.05412536E+00 1.05165145E+00 1.04911826E+00 1.04664799E+00 1.04412190E+00 1.04152794E+00 1.03886923E+00 1.03615969E+00 1.03339156E+00 1.03054429E+00 1.02762866E+00 1.02466957E+00 1.02164375E+00 1.01850053E+00 1.01527022E+00 1.01205204E+00 1.00876597E+00 1.00482055E+00 1.00000000E+00
1.14075899E+00 1.14076678E+00 1.14077312E+00 1.14077835E+00 1.14078260E+00 1.14078606E+00 1.14078883E+00 1.14079109E+00 1.14079290E+00 1.14079438E+00 1.14079557E+00 1.14079655E+00 1.14079735E+00 1.14079803E+00 1.14079860E+00 1.14079911E+00 1.14079958E+00 1.14080006E+00 1.14080055E+00 1.14080109E+00 1.14080171E+00 1.14080244E+00 1.14080331E+00 1.14080437E+00 1.14080565E+00 1.14080720E+00 1.14080906E+00 1.14081132E+00 1.14081403E+00 1.14081726E+00 1.14082107E+00 1.14082560E+00 1.14083093E+00 1.14083721E+00 1.14084451E+00 1.14085301E+00 1.14086285E+00 1.14087419E+00 1.14088720E+00 1.14090217E+00 1.14091925E+00 1.14093869E+00 1.14096066E+00 1.14098551E+00 1.14101351E+00 1.14104503E+00 1.14108021E+00 1.14111945E+00 1.14116305E+00 1.14121138E+00 1.14126456E+00 1.14132281E+00 1.14138652E+00 1.14145627E+00 1.14153191E+00 1.14161318E+00 1.14170006E+00 1.14179217E+00 1.14188943E+00 1.14199125E+00 1.14209681E+00 1.14220431E+00 1.14231308E+00 1.14242186E+00 1.14252823E+00 1.14262794E+00 1.14271856E+00 1.14279424E+00 1.14285114E+00 1.14288175E+00 1.14288030E+00 1.14283754E+00 1.14274738E+00 1.14259545E+00 1.14237198E+00 1.14205894E+00 1.14164497E+00 1.14110679E+00 1.14043265E+00 1.13960111E+00 1.13858776E+00 1.13735373E+00 1.13588661E+00 1.13415587E+00 1.13213230E+00 1.12979280E+00 1.12709846E+00 1.12431081E+00 1.12117097E+00 1.11806132E+00 1.11463246E+00 1.11131716E+00 1.10771881E+00 1.10428339E+00 1.10059034E+00 1.09708253E+00 1.09336721E+00 1.08991361E+00 1.08628050E+00 1.08289740E+00 1.07935684E+00 1.07609600E+00 1.07271096E+00 1.06960689E+00 1.06640002E+00 1.06346978E+00 1.06044777E+00 1.05770092E+00 1.05488462E+00 1.05213481E+00 1.04931963E+00 1.04642681E+00 1.04345814E+00 1.04042647E+00 1.03732549E+00 1.03413520E+00 1.03086381E+00 1.02753444E+00 1.02412752E+00 1.02059192E+00 1.01695011E+00 1.01329962E+00 1.00957468E+00 1.00521227E+00 1.00000000E+00
1.14850133E+00 1.14850997E+00 1.14851712E+00 1.14852323E+00 1.14852838E+00 1.14853275E+00 1.14853642E+00 1.14853954E+00 1.14854217E+00 1.14854442E+00 1.14854632E+00 1.14854794E+00 1.14854932E+00 1.14855054E+00 1.14855159E+00 1.14855253E+00 1.14855340E+00 1.14855424E+00 1.14855509E+00 1.14855600E+00 1.14855699E+00 1.14855811E+00 1.14855940E+00 1.14856093E+00 1.14856276E+00 1.14856495E+00 1.14856757E+00 1.14857075E+00 1.14857456E+00 1.14857911E+00 1.14858445E+00 1.14859079E+00 1.14859832E+00 1.14860724E+00 1.14861761E+00 1.14862971E+00 1.14864375E+00 1.14866002E+00 1.14867873E+00 1.14870035E+00 1.14872512E+00 1.14875339E+00 1.14878539E+00 1.14882168E+00 1.14886275E+00 1.14890919E+00 1.14896121E+00 1.14901948E+00 1.14908452E+00 1.14915694E+00 1.14923691E+00 1.14932492E+00 1.14942177E+00 1.14952853E+00 1.14964496E+00 1.14977088E+00 1.14990649E+00 1.15005164E+00 1.15020661E+00 1.15037110E+00 1.15054418E+00 1.15072406E+00 1.15091023E+00 1.15110155E+00 1.15129523E+00 1.15148648E+00 1.15167259E+00 1.15184691E+00 1.15200532E+00 1.15213948E+00 1.15224257E+00 1.15230407E+00 1.15231708E+00 1.15226560E+00 1.15213823E+00 1.15191438E+00 1.15158136E+00 1.15111320E+00 1.15049670E+00 1.14970794E+00 1.14871920E+00 1.14748707E+00 1.14599856E+00 1.14422050E+00 1.14212011E+00 1.13967075E+00 1.13683112E+00 1.13387904E+00 1.13054050E+00 1.12722225E+00 1.12355372E+00 1.11999991E+00 1.11613530E+00 1.11243823E+00 1.10846095E+00 1.10468386E+00 1.10067888E+00 1.09695031E+00 1.09302581E+00 1.08937107E+00 1.08554504E+00 1.08202005E+00 1.07835969E+00 1.07500274E+00 1.07153361E+00 1.06836365E+00 1.06509453E+00 1.06212253E+00 1.05907513E+00 1.05609958E+00 1.05305327E+00 1.04992428E+00 1.04671359E+00 1.04343313E+00 1.04007770E+00 1.03662841E+00 1.03309192E+00 1.02948989E+00 1.02580550E+00 1.02198850E+00 1.01805670E+00 1.01410753E+00 1.01008603E+00 1.00545311E+00 1.00000000E+00
1.15525154E+00 1.15526033E+00 1.15526743E+00 1.15527401E+00 1.15527989E+00 1.15528516E+00 1.15528988E+00 1.15529413E+00 1.15529795E+00 1.15530141E+00 1.15530451E+00 1.15530730E+00 1.15530983E+00 1.15531215E+00 1.15531427E+00 1.15531621E+00 1.15531806E+00 1.15531988E+00 1.15532170E+00 1.15532361E+00 1.15532563E+00 1.15532780E+00 1.15533019E+00 1.15533291E+00 1.15533604E+00 1.15533967E+00 1.15534390E+00 1.15534894E+00 1.15535487E+00 1.15536181E+00 1.15536985E+00 1.15537928E+00 1.15539041E+00 1.15540350E+00 1.15541862E+00 1.15543614E+00 1.15545637E+00 1.15547974E+00 1.15550652E+00 1.15553735E+00 1.15557258E+00 1.15561265E+00 1.15565787E+00 1.15570901E+00 1.15576680E+00 1.15583203E+00 1.15590498E+00 1.15598659E+00 1.15607754E+00 1.15617866E+00 1.15629016E+00 1.15641278E+00 1.15654760E+00 1.15669609E+00 1.15685789E+00 1.15703283E+00 1.15722125E+00 1.15742313E+00 1.15763893E+00 1.15786852E+00 1.15811073E+00 1.15836355E+00 1.15862639E+00 1.15889799E+00 1.15917510E+00 1.15945216E+00 1.15972604E+00 1.15998913E+00 1.16023678E+00 1.16045965E+00 1.16064986E+00 1.16079532E+00 1.16088822E+00 1.16091095E+00 1.16085061E+00 1.16068410E+00 1.16039752E+00 1.15996241E+00 1.15936405E+00 1.15857649E+00 1.15756965E+00 1.15629634E+00 1.15474289E+00 1.15287417E+00 1.15065503E+00 1.14805680E+00 1.14503616E+00 1.14189116E+00 1.13833040E+00 1.13478837E+00 1.13087022E+00 1.12707419E+00 1.12294581E+00 1.11899564E+00 1.11474838E+00 1.11071974E+00 1.10644839E+00 1.10247058E+00 1.09828543E+00 1.09439114E+00 1.09031649E+00 1.08656396E+00 1.08266880E+00 1.07909841E+00 1.07540998E+00 1.07204154E+00 1.06856961E+00 1.06541434E+00 1.06218026E+00 1.05902375E+00 1.05579351E+00 1.05247813E+00 1.04907810E+00 1.04560459E+00 1.04205323E+00 1.03840635E+00 1.03466958E+00 1.03086345E+00 1.02697324E+00 1.02295007E+00 1.01880874E+00 1.01464711E+00 1.01041880E+00 1.00560486E+00 1.00000000E+00
1.12141218E+00 1.12141197E+00 1.12140865E+00 1.12140543E+00 1.12140339E+00 1.12140294E+00 1.12140315E+00 1.12140318E+00 1.12140297E+00 1.12140259E+00 1.12140230E+00 1.12140221E+00 1.12140228E+00 1.12140244E+00 1.12140268E+00 1.12140297E+00 1.12140336E+00 1.12140386E+00 1.12140447E+00 1.12140520E+00 1.12140605E+00 1.12140705E+00 1.12140820E+00 1.12140952E+00 1.12141103E+00 1.12141274E+00 1.12141468E+00 1.12141687E+00 1.12141933E+00 1.12142208E+00 1.12142513E+00 1.12142853E+00 1.12143228E+00 1.12143640E+00 1.12144092E+00 1.12144584E+00 1.12145119E+00 1.12145695E+00 1.12146313E+00 1.12146971E+00 1.12147667E+00 1.12148394E+00 1.12149150E+00 1.12149924E+00 1.12150706E+00 1.12151480E+00 1.12152230E+00 1.12152928E+00 1.12153553E+00 1.12154061E+00 1.12154423E+00 1.12154575E+00 1.12154466E+00 1.12154013E+00 1.12153151E+00 1.12151756E+00 1.12149741E+00 1.12146941E+00 1.12143233E+00 1.12138396E+00 1.12132274E+00 1.12124570E+00 1.12115076E+00 1.12103425E+00 1.12089347E+00 1.12072354E+00 1.12052122E+00 1.12028035E+00 1.11999661E+00 1.11966247E+00 1.11927280E+00 1.11881828E+00 1.11829267E+00 1.11768449E+00 1.11698653E+00 1.11618508E+00 1.11527186E+00 1.11423020E+00 1.11304919E+00 1.11171184E+00 1.11020667E+00 1.10851087E+00 1.10661132E+00 1.10448559E+00 1.10211883E+00 1.09950787E+00 1.09661825E+00 1.09373454E+00 1.09059015E+00 1.08757184E+00 1.08432090E+00 1.08124139E+00 1.07796526E+00 1.07489760E+00 1.07166242E+00 1.06865071E+00 1.06550223E+00 1.06260402E+00 1.05959396E+00 1.05683628E+00 1.05398834E+00 1.05139416E+00 1.04872971E+00 1.04631411E+00 1.04384501E+00 1.04161659E+00 1.03934404E+00 1.03729841E+00 1.03522148E+00 1.03321534E+00 1.03118327E+00 1.02912281E+00 1.02703667E+00 1.02493314E+00 1.02281003E+00 1.02066387E+00 1.01850545E+00 1.01635610E+00 1.01419964E+00 1.01200807E+00 1.00983029E+00 1.00781121E+00 1.00585417E+00 1.00331863E+00 1.00000000E+00
1.12961570E+00 1.12962186E+00 1.12962189E+00 1.12961880E+00 1.12961551E+00 1.12961427E+00 1.12961438E+00 1.12961488E+00 1.12961511E+00 1.12961480E+00 1.12961429E+00 1.12961391E+00 1.12961372E+00 1.12961370E+00 1.12961377E+00 1.12961390E+00 1.12961411E+00 1.12961443E+00 1.12961488E+00 1.12961545E+00 1.12961617E+00 1.12961704E+00 1.12961807E+00 1.12961930E+00 1.12962073E+00 1.12962239E+00 1.12962430E+00 1.12962649E+00 1.12962899E+00 1.12963183E+00 1.12963505E+00 1.12963868E+00 1.12964276E+00 1.12964732E+00 1.12965240E+00 1.12965806E+00 1.12966431E+00 1.12967120E+00 1.12967876E+00 1.12968703E+00 1.12969601E+00 1.12970572E+00 1.12971616E+00 1.12972735E+00 1.12973923E+00 1.12975173E+00 1.12976478E+00 1.12977825E+00 1.12979200E+00 1.12980577E+00 1.12981940E+00 1.12983241E+00 1.12984444E+00 1.12985490E+00 1.12986331E+00 1.12986872E+00 1.12987042E+00 1.12986707E+00 1.12985760E+00 1.12984014E+00 1.12981336E+00 1.12977455E+00 1.12972189E+00 1.12965217E+00 1.12956289E+00 1.12944938E+00 1.12930866E+00 1.12913468E+00 1.12892316E+00 1.12866660E+00 1.12835993E+00 1.12799387E+00 1.12756202E+00 1.12705220E+00 1.12645705E+00 1.12576193E+00 1.12495788E+00 1.12402649E+00 1.12295606E+00 1.12172848E+00 1.12033030E+00 1.11873496E+00 1.11692847E+00 1.11488597E+00 1.11258941E+00 1.11003032E+00 1.10717218E+00 1.10429476E+00 1.10113306E+00 1.09807450E+00 1.09475990E+00 1.09160270E+00 1.08822590E+00 1.08504776E+00 1.08167630E+00 1.07851720E+00 1.07520370E+00 1.07214606E+00 1.06895666E+00 1.06601805E+00 1.06296990E+00 1.06018334E+00 1.05731029E+00 1.05469361E+00 1.05200797E+00 1.04957171E+00 1.04707548E+00 1.04481962E+00 1.04251865E+00 1.04028364E+00 1.03800750E+00 1.03568412E+00 1.03331569E+00 1.03091053E+00 1.02846334E+00 1.02596363E+00 1.02341962E+00 1.02084908E+00 1.01823372E+00 1.01553415E+00 1.01278411E+00 1.01010694E+00 1.00742291E+00 1.00412014E+00 1.00000000E+00
1.14109619E+00 1.14110462E+00 1.14111177E+00 1.14111677E+00 1.14112019E+00 1.14112276E+00 1.14112484E+00 1.14112668E+00 1.14112818E+00 1.14112934E+00 1.14113019E+00 1.14113086E+00 1.14113142E+00 1.14113192E+00 1.14113239E+00 1.14113286E+00 1.14113335E+00 1.14113389E+00 1.14113452E+00 1.14113525E+00 1.14113611E+00 1.14113714E+00 1.14113835E+00 1.14113978E+00 1.14114146E+00 1.14114343E+00 1.14114572E+00 1.14114840E+00 1.14115150E+00 1.14115507E+00 1.14115917E+00 1.14116389E+00 1.14116927E+00 1.14117540E+00 1.14118234E+00 1.14119021E+00 1.14119906E+00 1.14120900E+00 1.14122011E+00 1.14123253E+00 1.14124632E+00 1.14126159E+00 1.14127843E+00 1.14129696E+00 1.14131722E+00 1.14133929E+00 1.14136320E+00 1.14138898E+00 1.14141664E+00 1.14144610E+00 1.14147730E+00 1.14150998E+00 1.14154391E+00 1.14157885E+00 1.14161441E+00 1.14164979E+00 1.14168444E+00 1.14171718E+00 1.14174711E+00 1.14177255E+00 1.14179224E+00 1.14180349E+00 1.14180459E+00 1.14179259E+00 1.14176475E+00 1.14171605E+00 1.14164338E+00 1.14154012E+00 1.14140172E+00 1.14121999E+00 1.14098916E+00 1.14069896E+00 1.14034238E+00 1.13990562E+00 1.13938012E+00 1.13874896E+00 1.13800179E+00 1.13711749E+00 1.13608331E+00 1.13487890E+00 1.13348702E+00 1.13187651E+00 1.13003279E+00 1.12792766E+00 1.12553879E+00 1.12285388E+00 1.11983345E+00 1.11677413E+00 1.11339334E+00 1.11010494E+00 1.10652696E+00 1.10310725E+00 1.09943545E+00 1.09596581E+00 1.09227453E+00 1.08880747E+00 1.08516106E+00 1.08178652E+00 1.07825819E+00 1.07499864E+00 1.07160929E+00 1.06850398E+00 1.06529544E+00 1.06236697E+00 1.05935481E+00 1.05661644E+00 1.05380521E+00 1.05125964E+00 1.04865844E+00 1.04612688E+00 1.04354419E+00 1.04090357E+00 1.03820591E+00 1.03545889E+00 1.03265863E+00 1.02979401E+00 1.02687058E+00 1.02390481E+00 1.02088277E+00 1.01776490E+00 1.01457762E+00 1.01144294E+00 1.00829661E+00 1.00454923E+00 1.00000000E+00
1.15087320E+00 1.15088118E+00 1.15088779E+00 1.15089314E+00 1.15089741E+00 1.15090085E+00 1.15090361E+00 1.15090586E+00 1.15090767E+00 1.15090914E+00 1.15091034E+00 1.15091135E+00 1.15091221E+00 1.15091299E+00 1.15091372E+00 1.15091445E+00 1.15091521E+00 1.15091604E+00 1.15091697E+00 1.15091806E+00 1.15091931E+00 1.15092080E+00 1.15092255E+00 1.15092463E+00 1.15092707E+00 1.15092994E+00 1.15093331E+00 1.15093726E+00 1.15094185E+00 1.15094719E+00 1.15095334E+00 1.15096046E+00 1.15096864E+00 1.15097802E+00 1.15098870E+00 1.15100087E+00 1.15101466E+00 1.15103026E+00 1.15104781E+00 1.15106756E+00 1.15108967E+00 1.15111435E+00 1.15114175E+00 1.15117215E+00 1.15120571E+00 1.15124266E+00 1.15128311E+00 1.15132728E+00 1.15137530E+00 1.15142725E+00 1.15148313E+00 1.15154280E+00 1.15160624E+00 1.15167347E+00 1.15174404E+00 1.15181715E+00 1.15189233E+00 1.15196836E+00 1.15204444E+00 1.15211888E+00 1.15219025E+00 1.15225560E+00 1.15231317E+00 1.15235979E+00 1.15239226E+00 1.15240476E+00 1.15239382E+00 1.15235178E+00 1.15227356E+00 1.15214993E+00 1.15197406E+00 1.15173425E+00 1.15142260E+00 1.15102359E+00 1.15052725E+00 1.14991428E+00 1.14917302E+00 1.14827983E+00 1.14722073E+00 1.14597327E+00 1.14451747E+00 1.14281841E+00 1.14086100E+00 1.13861468E+00 1.13605437E+00 1.13316621E+00 1.12990799E+00 1.12660175E+00 1.12294177E+00 1.11937644E+00 1.11549350E+00 1.11178042E+00 1.10779072E+00 1.10401743E+00 1.10000288E+00 1.09623403E+00 1.09226856E+00 1.08859641E+00 1.08475697E+00 1.08121053E+00 1.07752273E+00 1.07414396E+00 1.07065290E+00 1.06746704E+00 1.06419002E+00 1.06121119E+00 1.05815360E+00 1.05538498E+00 1.05255619E+00 1.04980354E+00 1.04699567E+00 1.04412605E+00 1.04119490E+00 1.03820950E+00 1.03516704E+00 1.03205709E+00 1.02888380E+00 1.02566293E+00 1.02238349E+00 1.01900738E+00 1.01555767E+00 1.01215660E+00 1.00874936E+00 1.00476411E+00 1.00000000E+00
1.15888166E+00 1.15889055E+00 1.15889788E+00 1.15890407E+00 1.15890919E+00 1.15891347E+00 1.15891701E+00 1.15891999E+00 1.15892250E+00 1.15892465E+00 1.15892651E+00 1.15892817E+00 1.15892968E+00 1.15893112E+00 1.15893252E+00 1.15893395E+00 1.15893546E+00 1.15893710E+00 1.15893892E+00 1.15894100E+00 1.15894337E+00 1.15894610E+00 1.15894926E+00 1.15895293E+00 1.15895718E+00 1.15896213E+00 1.15896784E+00 1.15897448E+00 1.15898212E+00 1.15899093E+00 1.15900099E+00 1.15901253E+00 1.15902570E+00 1.15904074E+00 1.15905776E+00 1.15907704E+00 1.15909877E+00 1.15912326E+00 1.15915069E+00 1.15918146E+00 1.15921578E+00 1.15925396E+00 1.15929622E+00 1.15934295E+00 1.15939442E+00 1.15945102E+00 1.15951287E+00 1.15958034E+00 1.15965362E+00 1.15973292E+00 1.15981818E+00 1.15990931E+00 1.16000641E+00 1.16010964E+00 1.16021839E+00 1.16033166E+00 1.16044897E+00 1.16056892E+00 1.16069065E+00 1.16081226E+00 1.16093199E+00 1.16104644E+00 1.16115353E+00 1.16124967E+00 1.16133107E+00 1.16139093E+00 1.16142527E+00 1.16142532E+00 1.16138534E+00 1.16129497E+00 1.16114639E+00 1.16092636E+00 1.16062613E+00 1.16022871E+00 1.15972295E+00 1.15908746E+00 1.15830965E+00 1.15736392E+00 1.15623519E+00 1.15489965E+00 1.15333570E+00 1.15150576E+00 1.14939446E+00 1.14697008E+00 1.14420612E+00 1.14108896E+00 1.13757418E+00 1.13401137E+00 1.13007099E+00 1.12623635E+00 1.12206424E+00 1.11807934E+00 1.11380201E+00 1.10976018E+00 1.10546511E+00 1.10143939E+00 1.09720697E+00 1.09328976E+00 1.08919802E+00 1.08542279E+00 1.08150050E+00 1.07790973E+00 1.07420244E+00 1.07082217E+00 1.06734744E+00 1.06419133E+00 1.06095420E+00 1.05802478E+00 1.05503357E+00 1.05212480E+00 1.04915951E+00 1.04613157E+00 1.04304093E+00 1.03989448E+00 1.03669018E+00 1.03341844E+00 1.03008264E+00 1.02669801E+00 1.02325558E+00 1.01971883E+00 1.01610907E+00 1.01254877E+00 1.00898936E+00 1.00487302E+00 1.00000000E+00
1.16550262E+00 1.16551158E+00 1.16551886E+00 1.16552529E+00 1.16553084E+00 1.16553572E+00 1.16554002E+00 1.16554389E+00 1.16554740E+00 1.16555064E+00 1.16555367E+00 1.16555658E+00 1.16555942E+00 1.16556227E+00 1.16556517E+00 1.16556819E+00 1.16557139E+00 1.16557487E+00 1.16557868E+00 1.16558292E+00 1.16558764E+00 1.16559295E+00 1.16559891E+00 1.16560568E+00 1.16561334E+00 1.16562205E+00 1.16563192E+00 1.16564315E+00 1.16565588E+00 1.16567030E+00 1.16568653E+00 1.16570487E+00 1.16572555E+00 1.16574888E+00 1.16577498E+00 1.16580422E+00 1.16583686E+00 1.16587329E+00 1.16591376E+00 1.16595872E+00 1.16600849E+00 1.16606341E+00 1.16612374E+00 1.16618994E+00 1.16626240E+00 1.16634156E+00 1.16642753E+00 1.16652074E+00 1.16662143E+00 1.16672979E+00 1.16684568E+00 1.16696896E+00 1.16709973E+00 1.16723818E+00 1.16738345E+00 1.16753427E+00 1.16769003E+00 1.16784905E+00 1.16801028E+00 1.16817151E+00 1.16833059E+00 1.16848349E+00 1.16862780E+00 1.16875928E+00 1.16887365E+00 1.16896309E+00 1.16902312E+00 1.16904389E+00 1.16901907E+00 1.16893723E+00 1.16878974E+00 1.16856198E+00 1.16824450E+00 1.16781923E+00 1.16727410E+00 1.16658611E+00 1.16574206E+00 1.16471503E+00 1.16348913E+00 1.16203981E+00 1.16034469E+00 1.15836452E+00 1.15608386E+00 1.15347064E+00 1.15049788E+00 1.14715319E+00 1.14339049E+00 1.13958587E+00 1.13538721E+00 1.13131000E+00 1.12688218E+00 1.12266101E+00 1.11813788E+00 1.11387038E+00 1.10934288E+00 1.10510731E+00 1.10065973E+00 1.09654742E+00 1.09225717E+00 1.08830418E+00 1.08420174E+00 1.08044986E+00 1.07657986E+00 1.07305479E+00 1.06943420E+00 1.06614855E+00 1.06278146E+00 1.05973665E+00 1.05662985E+00 1.05361094E+00 1.05053548E+00 1.04739778E+00 1.04419765E+00 1.04094168E+00 1.03762834E+00 1.03424884E+00 1.03080609E+00 1.02731492E+00 1.02376777E+00 1.02012958E+00 1.01642061E+00 1.01276343E+00 1.00911384E+00 1.00492542E+00 1.00000000E+00
1.12526119E+00 1.12526336E+00 1.12526143E+00 1.12525821E+00 1.12525557E+00 1.12525470E+00 1.12525481E+00 1.12525503E+00 1.12525502E+00 1.12525473E+00 1.12525443E+00 1.12525433E+00 1.12525440E+00 1.12525460E+00 1.12525488E+00 1.12525522E+00 1.12525565E+00 1.12525620E+00 1.12525686E+00 1.12525765E+00 1.12525857E+00 1.12525965E+00 1.12526088E+00 1.12526229E+00 1.12526390E+00 1.12526572E+00 1.12526778E+00 1.12527009E+00 1.12527267E+00 1.12527556E+00 1.12527876E+00 1.12528231E+00 1.12528621E+00 1.12529049E+00 1.12529516E+00 1.12530024E+00 1.12530573E+00 1.12531163E+00 1.12531793E+00 1.12532460E+00 1.12533162E+00 1.12533893E+00 1.12534646E+00 1.12535410E+00 1.12536175E+00 1.12536922E+00 1.12537633E+00 1.12538278E+00 1.12538834E+00 1.12539253E+00 1.12539503E+00 1.12539514E+00 1.12539235E+00 1.12538577E+00 1.12537467E+00 1.12535777E+00 1.12533413E+00 1.12530201E+00 1.12526012E+00 1.12520615E+00 1.12513846E+00 1.12505396E+00 1.12495051E+00 1.12482426E+00 1.12467240E+00 1.12448991E+00 1.12427341E+00 1.12401655E+00 1.12371496E+00 1.12336092E+00 1.12294915E+00 1.12247012E+00 1.12191738E+00 1.12127945E+00 1.12054890E+00 1.11971181E+00 1.11875968E+00 1.11767583E+00 1.11644948E+00 1.11506336E+00 1.11350562E+00 1.11175377E+00 1.10979482E+00 1.10760618E+00 1.10517264E+00 1.10249174E+00 1.09952846E+00 1.09657593E+00 1.09335939E+00 1.09027469E+00 1.08695538E+00 1.08381447E+00 1.08047439E+00 1.07734649E+00 1.07404897E+00 1.07098354E+00 1.06778003E+00 1.06482954E+00 1.06176476E+00 1.05895697E+00 1.05605674E+00 1.05341459E+00 1.05069978E+00 1.04823738E+00 1.04571838E+00 1.04344312E+00 1.04112150E+00 1.03903021E+00 1.03690470E+00 1.03484844E+00 1.03276253E+00 1.03064545E+00 1.02849838E+00 1.02632650E+00 1.02412882E+00 1.02190312E+00 1.01965482E+00 1.01739818E+00 1.01512432E+00 1.01280924E+00 1.01048175E+00 1.00827196E+00 1.00613042E+00 1.00345075E+00 1.00000000E+00
1.13268111E+00 1.13269155E+00 1.13270371E+00 1.13271011E+00 1.13271115E+00 1.13270872E+00 1.13270568E+00 1.13270433E+00 1.13270423E+00 1.13270462E+00 1.13270484E+00 1.13270462E+00 1.13270424E+00 1.13270401E+00 1.13270398E+00 1.13270415E+00 1.13270445E+00 1.13270484E+00 1.13270535E+00 1.13270601E+00 1.13270683E+00 1.13270783E+00 1.13270902E+00 1.13271041E+00 1.13271202E+00 1.13271389E+00 1.13271602E+00 1.13271845E+00 1.13272119E+00 1.13272430E+00 1.13272778E+00 1.13273169E+00 1.13273603E+00 1.13274086E+00 1.13274620E+00 1.13275208E+00 1.13275852E+00 1.13276556E+00 1.13277319E+00 1.13278145E+00 1.13279032E+00 1.13279979E+00 1.13280983E+00 1.13282040E+00 1.13283142E+00 1.13284276E+00 1.13285431E+00 1.13286586E+00 1.13287722E+00 1.13288802E+00 1.13289800E+00 1.13290658E+00 1.13291331E+00 1.13291744E+00 1.13291837E+00 1.13291491E+00 1.13290623E+00 1.13289073E+00 1.13286719E+00 1.13283347E+00 1.13278800E+00 1.13272780E+00 1.13265081E+00 1.13255335E+00 1.13243268E+00 1.13228371E+00 1.13210314E+00 1.13188452E+00 1.13162336E+00 1.13131176E+00 1.13094432E+00 1.13051119E+00 1.13000567E+00 1.12941553E+00 1.12873311E+00 1.12794347E+00 1.12703755E+00 1.12599729E+00 1.12481103E+00 1.12346042E+00 1.12193234E+00 1.12020175E+00 1.11825472E+00 1.11606665E+00 1.11362022E+00 1.11091004E+00 1.10789904E+00 1.10488433E+00 1.10158632E+00 1.09840997E+00 1.09498006E+00 1.09172417E+00 1.08825089E+00 1.08498850E+00 1.08153819E+00 1.07831944E+00 1.07494866E+00 1.07183825E+00 1.06859886E+00 1.06562143E+00 1.06253782E+00 1.05972217E+00 1.05682197E+00 1.05418381E+00 1.05147803E+00 1.04902655E+00 1.04651791E+00 1.04425243E+00 1.04194318E+00 1.03970156E+00 1.03742024E+00 1.03509582E+00 1.03272904E+00 1.03032466E+00 1.02788015E+00 1.02539005E+00 1.02285821E+00 1.02029669E+00 1.01769586E+00 1.01502741E+00 1.01231333E+00 1.00967363E+00 1.00707491E+00 1.00392934E+00 1.00000000E+00
1.14186662E+00 1.14187035E+00 1.14187428E+00 1.14187728E+00 1.14187918E+00 1.14188018E+00 1.14188075E+00 1.14188129E+00 1.14188179E+00 1.14188223E+00 1.14188257E+00 1.14188285E+00 1.14188312E+00 1.14188343E+00 1.14188380E+00 1.14188424E+00 1.14188478E+00 1.14188543E+00 1.14188620E+00 1.14188714E+00 1.14188825E+00 1.14188956E+00 1.14189110E+00 1.14189290E+00 1.14189499E+00 1.14189741E+00 1.14190019E+00 1.14190339E+00 1.14190703E+00 1.14191118E+00 1.14191588E+00 1.14192121E+00 1.14192720E+00 1.14193393E+00 1.14194146E+00 1.14194985E+00 1.14195918E+00 1.14196950E+00 1.14198087E+00 1.14199338E+00 1.14200705E+00 1.14202194E+00 1.14203808E+00 1.14205549E+00 1.14207416E+00 1.14209404E+00 1.14211507E+00 1.14213714E+00 1.14216013E+00 1.14218376E+00 1.14220782E+00 1.14223179E+00 1.14225529E+00 1.14227772E+00 1.14229845E+00 1.14231633E+00 1.14233055E+00 1.14233947E+00 1.14234188E+00 1.14233556E+00 1.14231892E+00 1.14228874E+00 1.14224288E+00 1.14217754E+00 1.14208965E+00 1.14197360E+00 1.14182586E+00 1.14163924E+00 1.14140884E+00 1.14112599E+00 1.14078462E+00 1.14037387E+00 1.13988635E+00 1.13930848E+00 1.13863171E+00 1.13783934E+00 1.13692131E+00 1.13585761E+00 1.13463556E+00 1.13323522E+00 1.13164143E+00 1.12982629E+00 1.12777518E+00 1.12546138E+00 1.12286532E+00 1.11998043E+00 1.11676708E+00 1.11354348E+00 1.11001038E+00 1.10660162E+00 1.10291640E+00 1.09941505E+00 1.09567562E+00 1.09215912E+00 1.08843763E+00 1.08496431E+00 1.08132421E+00 1.07796256E+00 1.07445975E+00 1.07123811E+00 1.06789955E+00 1.06484958E+00 1.06170643E+00 1.05884591E+00 1.05591052E+00 1.05324966E+00 1.05052562E+00 1.04806442E+00 1.04555468E+00 1.04311737E+00 1.04063596E+00 1.03810698E+00 1.03553062E+00 1.03291136E+00 1.03024760E+00 1.02753388E+00 1.02477284E+00 1.02197607E+00 1.01913664E+00 1.01622726E+00 1.01326665E+00 1.01037391E+00 1.00752666E+00 1.00414974E+00 1.00000000E+00
1.14927175E+00 1.14928123E+00 1.14928837E+00 1.14929381E+00 1.14929808E+00 1.14930171E+00 1.14930469E+00 1.14930712E+00 1.14930905E+00 1.14931062E+00 1.14931193E+00 1.14931309E+00 1.14931415E+00 1.14931517E+00 1.14931619E+00 1.14931727E+00 1.14931843E+00 1.14931974E+00 1.14932121E+00 1.14932291E+00 1.14932486E+00 1.14932711E+00 1.14932970E+00 1.14933270E+00 1.14933613E+00 1.14934008E+00 1.14934458E+00 1.14934973E+00 1.14935557E+00 1.14936221E+00 1.14936970E+00 1.14937816E+00 1.14938766E+00 1.14939832E+00 1.14941022E+00 1.14942348E+00 1.14943820E+00 1.14945450E+00 1.14947246E+00 1.14949224E+00 1.14951391E+00 1.14953756E+00 1.14956326E+00 1.14959109E+00 1.14962106E+00 1.14965322E+00 1.14968748E+00 1.14972381E+00 1.14976209E+00 1.14980207E+00 1.14984351E+00 1.14988585E+00 1.14992873E+00 1.14997158E+00 1.15001364E+00 1.15005357E+00 1.15009052E+00 1.15012260E+00 1.15014851E+00 1.15016580E+00 1.15017260E+00 1.15016530E+00 1.15014150E+00 1.15009700E+00 1.15002830E+00 1.14992901E+00 1.14979522E+00 1.14961888E+00 1.14939457E+00 1.14911276E+00 1.14876665E+00 1.14834429E+00 1.14783762E+00 1.14723199E+00 1.14651802E+00 1.14567754E+00 1.14469981E+00 1.14356344E+00 1.14225499E+00 1.14075359E+00 1.13904291E+00 1.13709324E+00 1.13488983E+00 1.13240507E+00 1.12961843E+00 1.12652405E+00 1.12308041E+00 1.11963000E+00 1.11585218E+00 1.11221116E+00 1.10827907E+00 1.10454761E+00 1.10056634E+00 1.09682561E+00 1.09287107E+00 1.08918499E+00 1.08532477E+00 1.08176207E+00 1.07805302E+00 1.07464465E+00 1.07111510E+00 1.06789288E+00 1.06457437E+00 1.06155640E+00 1.05846115E+00 1.05565707E+00 1.05278810E+00 1.05019723E+00 1.04755663E+00 1.04499359E+00 1.04238548E+00 1.03972908E+00 1.03702432E+00 1.03427555E+00 1.03148175E+00 1.02863792E+00 1.02574611E+00 1.02281765E+00 1.01984728E+00 1.01680888E+00 1.01371970E+00 1.01069847E+00 1.00772874E+00 1.00424448E+00 1.00000000E+00
1.15511885E+00 1.15512668E+00 1.15513318E+00 1.15513858E+00 1.15514300E+00 1.15514668E+00 1.15514976E+00 1.15515244E+00 1.15515477E+00 1.15515689E+00 1.15515884E+00 1.15516072E+00 1.15516259E+00 1.15516451E+00 1.15516652E+00 1.15516870E+00 1.15517107E+00 1.15517371E+00 1.15517665E+00 1.15517996E+00 1.15518368E+00 1.15518788E+00 1.15519261E+00 1.15519795E+00 1.15520397E+00 1.15521074E+00 1.15521835E+00 1.15522689E+00 1.15523646E+00 1.15524716E+00 1.15525907E+00 1.15527235E+00 1.15528708E+00 1.15530344E+00 1.15532150E+00 1.15534142E+00 1.15536333E+00 1.15538737E+00 1.15541366E+00 1.15544235E+00 1.15547356E+00 1.15550738E+00 1.15554388E+00 1.15558313E+00 1.15562517E+00 1.15567003E+00 1.15571761E+00 1.15576782E+00 1.15582055E+00 1.15587546E+00 1.15593223E+00 1.15599018E+00 1.15604888E+00 1.15610770E+00 1.15616568E+00 1.15622120E+00 1.15627329E+00 1.15631977E+00 1.15635914E+00 1.15638864E+00 1.15640611E+00 1.15640747E+00 1.15639003E+00 1.15634911E+00 1.15628084E+00 1.15617809E+00 1.15603663E+00 1.15584767E+00 1.15560535E+00 1.15529944E+00 1.15492263E+00 1.15446209E+00 1.15390933E+00 1.15324903E+00 1.15247128E+00 1.15155695E+00 1.15049500E+00 1.14926328E+00 1.14784794E+00 1.14622780E+00 1.14438612E+00 1.14229231E+00 1.13993173E+00 1.13727677E+00 1.13430670E+00 1.13101726E+00 1.12736552E+00 1.12371586E+00 1.11972864E+00 1.11589391E+00 1.11176038E+00 1.10784501E+00 1.10367443E+00 1.09976166E+00 1.09563143E+00 1.09178785E+00 1.08776736E+00 1.08406048E+00 1.08020571E+00 1.07666750E+00 1.07300704E+00 1.06966834E+00 1.06623276E+00 1.06311105E+00 1.05991171E+00 1.05701551E+00 1.05405444E+00 1.05138206E+00 1.04866007E+00 1.04601969E+00 1.04333443E+00 1.04060134E+00 1.03782029E+00 1.03499542E+00 1.03212613E+00 1.02920784E+00 1.02624227E+00 1.02324056E+00 1.02019849E+00 1.01709091E+00 1.01393427E+00 1.01084696E+00 1.00781606E+00 1.00428250E+00 1.00000000E+00
1.15977272E+00 1.15978136E+00 1.15978829E+00 1.15979431E+00 1.15979948E+00 1.15980407E+00 1.15980818E+00 1.15981199E+00 1.15981556E+00 1.15981902E+00 1.15982243E+00 1.15982587E+00 1.15982940E+00 1.15983309E+00 1.15983700E+00 1.15984118E+00 1.15984569E+00 1.15985061E+00 1.15985597E+00 1.15986187E+00 1.15986836E+00 1.15987550E+00 1.15988337E+00 1.15989206E+00 1.15990164E+00 1.15991224E+00 1.15992391E+00 1.15993680E+00 1.15995100E+00 1.15996663E+00 1.15998378E+00 1.16000261E+00 1.16002324E+00 1.16004586E+00 1.16007052E+00 1.16009741E+00 1.16012664E+00 1.16015839E+00 1.16019275E+00 1.16022987E+00 1.16026987E+00 1.16031280E+00 1.16035871E+00 1.16040762E+00 1.16045956E+00 1.16051452E+00 1.16057232E+00 1.16063281E+00 1.16069582E+00 1.16076089E+00 1.16082759E+00 1.16089506E+00 1.16096278E+00 1.16102999E+00 1.16109557E+00 1.16115755E+00 1.16121487E+00 1.16126502E+00 1.16130631E+00 1.16133570E+00 1.16135075E+00 1.16134694E+00 1.16132134E+00 1.16126884E+00 1.16118530E+00 1.16106300E+00 1.16089748E+00 1.16067940E+00 1.16040258E+00 1.16005634E+00 1.15963302E+00 1.15911922E+00 1.15850616E+00 1.15777824E+00 1.15692522E+00 1.15592744E+00 1.15477380E+00 1.15344186E+00 1.15191757E+00 1.15017981E+00 1.14821186E+00 1.14598281E+00 1.14347826E+00 1.14067097E+00 1.13754041E+00 1.13408408E+00 1.13025805E+00 1.12644486E+00 1.12228902E+00 1.11830129E+00 1.11401130E+00 1.10995534E+00 1.10564236E+00 1.10160222E+00 1.09734370E+00 1.09338681E+00 1.08925256E+00 1.08544466E+00 1.08148903E+00 1.07786216E+00 1.07411340E+00 1.07069707E+00 1.06718431E+00 1.06399501E+00 1.06072858E+00 1.05777366E+00 1.05475454E+00 1.05203129E+00 1.04925902E+00 1.04657136E+00 1.04383941E+00 1.04106046E+00 1.03823433E+00 1.03536504E+00 1.03245220E+00 1.02949163E+00 1.02648485E+00 1.02344280E+00 1.02036197E+00 1.01721799E+00 1.01402681E+00 1.01090650E+00 1.00784634E+00 1.00429282E+00 1.00000000E+00
1.12858226E+00 1.12858447E+00 1.12858269E+00 1.12857973E+00 1.12857740E+00 1.12857677E+00 1.12857704E+00 1.12857734E+00 1.12857739E+00 1.12857717E+00 1.12857694E+00 1.12857691E+00 1.12857705E+00 1.12857731E+00 1.12857765E+00 1.12857804E+00 1.12857854E+00 1.12857914E+00 1.12857987E+00 1.12858073E+00 1.12858172E+00 1.12858287E+00 1.12858419E+00 1.12858569E+00 1.12858739E+00 1.12858931E+00 1.12859148E+00 1.12859390E+00 1.12859660E+00 1.12859961E+00 1.12860293E+00 1.12860661E+00 1.12861064E+00 1.12861505E+00 1.12861984E+00 1.12862504E+00 1.12863063E+00 1.12863661E+00 1.12864297E+00 1.12864968E+00 1.12865670E+00 1.12866395E+00 1.12867137E+00 1.12867882E+00 1.12868620E+00 1.12869328E+00 1.12869988E+00 1.12870567E+00 1.12871040E+00 1.12871355E+00 1.12871476E+00 1.12871330E+00 1.12870863E+00 1.12869979E+00 1.12868603E+00 1.12866597E+00 1.12863863E+00 1.12860218E+00 1.12855528E+00 1.12849553E+00 1.12842119E+00 1.12832910E+00 1.12821701E+00 1.12808093E+00 1.12791797E+00 1.12772296E+00 1.12749239E+00 1.12721980E+00 1.12690071E+00 1.12652727E+00 1.12609405E+00 1.12559136E+00 1.12501261E+00 1.12434633E+00 1.12358483E+00 1.12271413E+00 1.12172550E+00 1.12060234E+00 1.11933407E+00 1.11790318E+00 1.11629743E+00 1.11449479E+00 1.11248241E+00 1.11023744E+00 1.10774454E+00 1.10500212E+00 1.10197453E+00 1.09896242E+00 1.09568352E+00 1.09254188E+00 1.08916419E+00 1.08597070E+00 1.08257593E+00 1.07939714E+00 1.07604675E+00 1.07293535E+00 1.06968423E+00 1.06668819E+00 1.06357563E+00 1.06072382E+00 1.05777725E+00 1.05509223E+00 1.05233165E+00 1.04982645E+00 1.04726134E+00 1.04494252E+00 1.04257515E+00 1.04044085E+00 1.03826929E+00 1.03616564E+00 1.03402863E+00 1.03185743E+00 1.02965236E+00 1.02741595E+00 1.02514803E+00 1.02284757E+00 1.02051634E+00 1.01816237E+00 1.01578297E+00 1.01336325E+00 1.01091364E+00 1.00853809E+00 1.00626301E+00 1.00352150E+00 1.00000000E+00
1.13181022E+00 1.13181824E+00 1.13182900E+00 1.13183514E+00 1.13183656E+00 1.13183460E+00 1.13183194E+00 1.13183075E+00 1.13183073E+00 1.13183120E+00 1.13183157E+00 1.13183153E+00 1.13183137E+00 1.13183133E+00 1.13183148E+00 1.13183181E+00 1.13183226E+00 1.13183280E+00 1.13183346E+00 1.13183426E+00 1.13183522E+00 1.13183635E+00 1.13183767E+00 1.13183918E+00 1.13184092E+00 1.13184289E+00 1.13184512E+00 1.13184763E+00 1.13185045E+00 1.13185360E+00 1.13185710E+00 1.13186098E+00 1.13186527E+00 1.13186998E+00 1.13187513E+00 1.13188074E+00 1.13188682E+00 1.13189337E+00 1.13190038E+00 1.13190784E+00 1.13191573E+00 1.13192398E+00 1.13193254E+00 1.13194130E+00 1.13195016E+00 1.13195892E+00 1.13196742E+00 1.13197535E+00 1.13198248E+00 1.13198834E+00 1.13199257E+00 1.13199448E+00 1.13199354E+00 1.13198886E+00 1.13197968E+00 1.13196467E+00 1.13194288E+00 1.13191249E+00 1.13187218E+00 1.13181959E+00 1.13175298E+00 1.13166918E+00 1.13156596E+00 1.13143936E+00 1.13128644E+00 1.13110198E+00 1.13088245E+00 1.13062128E+00 1.13031393E+00 1.12995238E+00 1.12953113E+00 1.12904027E+00 1.12847307E+00 1.12781769E+00 1.12706633E+00 1.12620452E+00 1.12522330E+00 1.12410551E+00 1.12284014E+00 1.12140923E+00 1.11980007E+00 1.11798968E+00 1.11596479E+00 1.11370174E+00 1.11118443E+00 1.10841044E+00 1.10534318E+00 1.10228707E+00 1.09895608E+00 1.09576042E+00 1.09232091E+00 1.08906578E+00 1.08560207E+00 1.08235570E+00 1.07893081E+00 1.07574686E+00 1.07241767E+00 1.06934764E+00 1.06615558E+00 1.06322799E+00 1.06020057E+00 1.05743982E+00 1.05459913E+00 1.05201882E+00 1.04937463E+00 1.04698201E+00 1.04453710E+00 1.04233110E+00 1.04008452E+00 1.03790589E+00 1.03569050E+00 1.03343700E+00 1.03114559E+00 1.02881860E+00 1.02645544E+00 1.02405430E+00 1.02161649E+00 1.01914942E+00 1.01665027E+00 1.01410366E+00 1.01151829E+00 1.00899447E+00 1.00656687E+00 1.00367535E+00 1.00000000E+00
1.13549142E+00 1.13550854E+00 1.13551967E+00 1.13552389E+00 1.13552439E+00 1.13552459E+00 1.13552537E+00 1.13552700E+00 1.13552859E+00 1.13552955E+00 1.13552999E+00 1.13553020E+00 1.13553043E+00 1.13553080E+00 1.13553126E+00 1.13553178E+00 1.13553236E+00 1.13553304E+00 1.13553386E+00 1.13553484E+00 1.13553598E+00 1.13553733E+00 1.13553888E+00 1.13554067E+00 1.13554271E+00 1.13554505E+00 1.13554771E+00 1.13555071E+00 1.13555408E+00 1.13555787E+00 1.13556210E+00 1.13556681E+00 1.13557202E+00 1.13557778E+00 1.13558411E+00 1.13559105E+00 1.13559861E+00 1.13560682E+00 1.13561567E+00 1.13562518E+00 1.13563532E+00 1.13564607E+00 1.13565738E+00 1.13566915E+00 1.13568130E+00 1.13569365E+00 1.13570605E+00 1.13571822E+00 1.13572992E+00 1.13574068E+00 1.13575018E+00 1.13575769E+00 1.13576268E+00 1.13576428E+00 1.13576172E+00 1.13575360E+00 1.13573894E+00 1.13571589E+00 1.13568305E+00 1.13563798E+00 1.13557889E+00 1.13550246E+00 1.13540637E+00 1.13528650E+00 1.13513979E+00 1.13496071E+00 1.13474563E+00 1.13448762E+00 1.13418193E+00 1.13382020E+00 1.13339665E+00 1.13290094E+00 1.13232603E+00 1.13165960E+00 1.13089351E+00 1.13001265E+00 1.12900772E+00 1.12786090E+00 1.12656080E+00 1.12508895E+00 1.12343208E+00 1.12156631E+00 1.11947817E+00 1.11714340E+00 1.11454531E+00 1.11168159E+00 1.10851464E+00 1.10535928E+00 1.10192012E+00 1.09862073E+00 1.09507001E+00 1.09171027E+00 1.08813558E+00 1.08478542E+00 1.08125172E+00 1.07796735E+00 1.07453350E+00 1.07136727E+00 1.06807572E+00 1.06505719E+00 1.06193605E+00 1.05909016E+00 1.05616215E+00 1.05350282E+00 1.05077785E+00 1.04831232E+00 1.04579312E+00 1.04352022E+00 1.04120569E+00 1.03896131E+00 1.03667922E+00 1.03435814E+00 1.03199812E+00 1.02960144E+00 1.02716780E+00 1.02469547E+00 1.02218546E+00 1.01964507E+00 1.01707233E+00 1.01445244E+00 1.01179318E+00 1.00919410E+00 1.00669436E+00 1.00373771E+00 1.00000000E+00
1.13839341E+00 1.13839760E+00 1.13840146E+00 1.13840427E+00 1.13840609E+00 1.13840726E+00 1.13840811E+00 1.13840893E+00 1.13840968E+00 1.13841035E+00 1.13841094E+00 1.13841151E+00 1.13841210E+00 1.13841276E+00 1.13841350E+00 1.13841435E+00 1.13841532E+00 1.13841644E+00 1.13841772E+00 1.13841921E+00 1.13842090E+00 1.13842285E+00 1.13842505E+00 1.13842756E+00 1.13843040E+00 1.13843359E+00 1.13843719E+00 1.13844121E+00 1.13844571E+00 1.13845072E+00 1.13845628E+00 1.13846243E+00 1.13846921E+00 1.13847667E+00 1.13848484E+00 1.13849375E+00 1.13850344E+00 1.13851392E+00 1.13852521E+00 1.13853731E+00 1.13855022E+00 1.13856389E+00 1.13857828E+00 1.13859329E+00 1.13860883E+00 1.13862471E+00 1.13864076E+00 1.13865668E+00 1.13867223E+00 1.13868690E+00 1.13870031E+00 1.13871170E+00 1.13872051E+00 1.13872582E+00 1.13872678E+00 1.13872188E+00 1.13871010E+00 1.13868944E+00 1.13865844E+00 1.13861450E+00 1.13855575E+00 1.13847864E+00 1.13838075E+00 1.13825778E+00 1.13810650E+00 1.13792109E+00 1.13769778E+00 1.13742934E+00 1.13711085E+00 1.13673365E+00 1.13629174E+00 1.13577446E+00 1.13517456E+00 1.13447943E+00 1.13368073E+00 1.13276292E+00 1.13171660E+00 1.13052361E+00 1.12917239E+00 1.12764432E+00 1.12592592E+00 1.12399295E+00 1.12183197E+00 1.11941868E+00 1.11673627E+00 1.11378316E+00 1.11052107E+00 1.10727473E+00 1.10374003E+00 1.10035230E+00 1.09670977E+00 1.09326621E+00 1.08960514E+00 1.08617645E+00 1.08256245E+00 1.07920591E+00 1.07569853E+00 1.07246611E+00 1.06910756E+00 1.06602916E+00 1.06284750E+00 1.05994767E+00 1.05696531E+00 1.05425770E+00 1.05148417E+00 1.04897556E+00 1.04641316E+00 1.04410192E+00 1.04174902E+00 1.03946806E+00 1.03714939E+00 1.03479181E+00 1.03239533E+00 1.02996218E+00 1.02749223E+00 1.02498390E+00 1.02243804E+00 1.01986188E+00 1.01725394E+00 1.01459986E+00 1.01190694E+00 1.00927434E+00 1.00674346E+00 1.00376065E+00 1.00000000E+00
1.14057731E+00 1.14058416E+00 1.14058947E+00 1.14059329E+00 1.14059605E+00 1.14059830E+00 1.14060020E+00 1.14060190E+00 1.14060335E+00 1.14060463E+00 1.14060578E+00 1.14060690E+00 1.14060803E+00 1.14060922E+00 1.14061048E+00 1.14061186E+00 1.14061338E+00 1.14061507E+00 1.14061695E+00 1.14061906E+00 1.14062143E+00 1.14062408E+00 1.14062703E+00 1.14063034E+00 1.14063401E+00 1.14063811E+00 1.14064265E+00 1.14064768E+00 1.14065323E+00 1.14065935E+00 1.14066607E+00 1.14067344E+00 1.14068149E+00 1.14069027E+00 1.14069979E+00 1.14071011E+00 1.14072123E+00 1.14073318E+00 1.14074596E+00 1.14075955E+00 1.14077396E+00 1.14078910E+00 1.14080492E+00 1.14082129E+00 1.14083811E+00 1.14085516E+00 1.14087224E+00 1.14088902E+00 1.14090520E+00 1.14092024E+00 1.14093371E+00 1.14094478E+00 1.14095283E+00 1.14095689E+00 1.14095604E+00 1.14094865E+00 1.14093365E+00 1.14090891E+00 1.14087289E+00 1.14082290E+00 1.14075693E+00 1.14067130E+00 1.14056350E+00 1.14042906E+00 1.14026467E+00 1.14006427E+00 1.13982403E+00 1.13953654E+00 1.13919673E+00 1.13879582E+00 1.13832768E+00 1.13778144E+00 1.13714979E+00 1.13642001E+00 1.13558365E+00 1.13462502E+00 1.13353471E+00 1.13229446E+00 1.13089268E+00 1.12931081E+00 1.12753535E+00 1.12554200E+00 1.12331745E+00 1.12083754E+00 1.11808555E+00 1.11506071E+00 1.11172427E+00 1.10840864E+00 1.10480289E+00 1.10135103E+00 1.09764323E+00 1.09414128E+00 1.09042125E+00 1.08693998E+00 1.08327316E+00 1.07987002E+00 1.07631595E+00 1.07304214E+00 1.06964235E+00 1.06652768E+00 1.06330992E+00 1.06037835E+00 1.05736446E+00 1.05462921E+00 1.05182825E+00 1.04929559E+00 1.04670940E+00 1.04437731E+00 1.04200375E+00 1.03970336E+00 1.03736547E+00 1.03498896E+00 1.03257383E+00 1.03012226E+00 1.02763421E+00 1.02510824E+00 1.02254509E+00 1.01995195E+00 1.01732761E+00 1.01465803E+00 1.01195026E+00 1.00930314E+00 1.00675932E+00 1.00376711E+00 1.00000000E+00
1.14227374E+00 1.14228150E+00 1.14228708E+00 1.14229141E+00 1.14229483E+00 1.14229779E+00 1.14230032E+00 1.14230250E+00 1.14230437E+00 1.14230605E+00 1.14230762E+00 1.14230916E+00 1.14231069E+00 1.14231227E+00 1.14231392E+00 1.14231568E+00 1.14231758E+00 1.14231965E+00 1.14232191E+00 1.14232441E+00 1.14232715E+00 1.14233017E+00 1.14233350E+00 1.14233717E+00 1.14234120E+00 1.14234565E+00 1.14235052E+00 1.14235587E+00 1.14236173E+00 1.14236812E+00 1.14237509E+00 1.14238266E+00 1.14239087E+00 1.14239976E+00 1.14240933E+00 1.14241962E+00 1.14243062E+00 1.14244236E+00 1.14245481E+00 1.14246793E+00 1.14248173E+00 1.14249608E+00 1.14251092E+00 1.14252608E+00 1.14254144E+00 1.14255675E+00 1.14257178E+00 1.14258614E+00 1.14259953E+00 1.14261134E+00 1.14262111E+00 1.14262792E+00 1.14263112E+00 1.14262970E+00 1.14262267E+00 1.14260830E+00 1.14258550E+00 1.14255203E+00 1.14250630E+00 1.14244553E+00 1.14236765E+00 1.14226888E+00 1.14214662E+00 1.14199633E+00 1.14181462E+00 1.14159532E+00 1.14133456E+00 1.14102482E+00 1.14066099E+00 1.14023418E+00 1.13973826E+00 1.13916225E+00 1.13849881E+00 1.13773524E+00 1.13686305E+00 1.13586651E+00 1.13473625E+00 1.13345406E+00 1.13200836E+00 1.13038070E+00 1.12855770E+00 1.12651509E+00 1.12423968E+00 1.12170754E+00 1.11890210E+00 1.11582324E+00 1.11243194E+00 1.10906618E+00 1.10541000E+00 1.10191347E+00 1.09816102E+00 1.09461978E+00 1.09086078E+00 1.08734534E+00 1.08364473E+00 1.08021230E+00 1.07662932E+00 1.07333027E+00 1.06990570E+00 1.06676959E+00 1.06353081E+00 1.06058104E+00 1.05754931E+00 1.05479869E+00 1.05198265E+00 1.04943700E+00 1.04683813E+00 1.04449508E+00 1.04211083E+00 1.03980052E+00 1.03745296E+00 1.03506710E+00 1.03264292E+00 1.03018257E+00 1.02768606E+00 1.02515204E+00 1.02258123E+00 1.01998071E+00 1.01734951E+00 1.01467377E+00 1.01196040E+00 1.00930801E+00 1.00675998E+00 1.00376617E+00 1.00000000E+00
1.10735535E+00 1.10735168E+00 1.10734533E+00 1.10734141E+00 1.10734001E+00 1.10734040E+00 1.10734111E+00 1.10734112E+00 1.10734071E+00 1.10734024E+00 1.10733993E+00 1.10733987E+00 1.10733993E+00 1.10734004E+00 1.10734019E+00 1.10734039E+00 1.10734066E+00 1.10734103E+00 1.10734148E+00 1.10734203E+00 1.10734268E+00 1.10734344E+00 1.10734433E+00 1.10734537E+00 1.10734656E+00 1.10734793E+00 1.10734949E+00 1.10735126E+00 1.10735327E+00 1.10735553E+00 1.10735806E+00 1.10736090E+00 1.10736406E+00 1.10736757E+00 1.10737144E+00 1.10737571E+00 1.10738039E+00 1.10738548E+00 1.10739099E+00 1.10739695E+00 1.10740332E+00 1.10741008E+00 1.10741721E+00 1.10742466E+00 1.10743237E+00 1.10744022E+00 1.10744809E+00 1.10745580E+00 1.10746317E+00 1.10746987E+00 1.10747569E+00 1.10748017E+00 1.10748286E+00 1.10748308E+00 1.10748033E+00 1.10747361E+00 1.10746219E+00 1.10744473E+00 1.10742020E+00 1.10738672E+00 1.10734299E+00 1.10728644E+00 1.10721525E+00 1.10712626E+00 1.10701715E+00 1.10688357E+00 1.10672278E+00 1.10652936E+00 1.10629937E+00 1.10602578E+00 1.10570402E+00 1.10532577E+00 1.10488554E+00 1.10437240E+00 1.10377962E+00 1.10309461E+00 1.10230981E+00 1.10140938E+00 1.10038269E+00 1.09921363E+00 1.09789187E+00 1.09639531E+00 1.09471051E+00 1.09281508E+00 1.09069579E+00 1.08834902E+00 1.08574224E+00 1.08312810E+00 1.08026891E+00 1.07751835E+00 1.07454649E+00 1.07171806E+00 1.06870366E+00 1.06588526E+00 1.06291040E+00 1.06012778E+00 1.05721173E+00 1.05452812E+00 1.05174101E+00 1.04918745E+00 1.04655050E+00 1.04414736E+00 1.04167873E+00 1.03944121E+00 1.03715706E+00 1.03509918E+00 1.03300282E+00 1.03111632E+00 1.02920402E+00 1.02736365E+00 1.02550545E+00 1.02362401E+00 1.02172591E+00 1.01982762E+00 1.01792692E+00 1.01601682E+00 1.01411867E+00 1.01227145E+00 1.01044916E+00 1.00863494E+00 1.00692253E+00 1.00547383E+00 1.00421194E+00 1.00248664E+00 1.00000000E+00
1.09508857E+00 1.09509050E+00 1.09509311E+00 1.09509441E+00 1.09509471E+00 1.09509452E+00 1.09509430E+00 1.09509428E+00 1.09509433E+00 1.09509437E+00 1.09509438E+00 1.09509439E+00 1.09509441E+00 1.09509445E+00 1.09509451E+00 1.09509459E+00 1.09509470E+00 1.09509485E+00 1.09509504E+00 1.09509528E+00 1.09509558E+00 1.09509594E+00 1.09509639E+00 1.09509693E+00 1.09509757E+00 1.09509834E+00 1.09509924E+00 1.09510031E+00 1.09510156E+00 1.09510301E+00 1.09510469E+00 1.09510665E+00 1.09510889E+00 1.09511147E+00 1.09511440E+00 1.09511777E+00 1.09512159E+00 1.09512589E+00 1.09513074E+00 1.09513620E+00 1.09514230E+00 1.09514906E+00 1.09515654E+00 1.09516485E+00 1.09517400E+00 1.09518400E+00 1.09519489E+00 1.09520667E+00 1.09521933E+00 1.09523281E+00 1.09524718E+00 1.09526236E+00 1.09527811E+00 1.09529418E+00 1.09531046E+00 1.09532659E+00 1.09534229E+00 1.09535705E+00 1.09537031E+00 1.09538111E+00 1.09538881E+00 1.09539180E+00 1.09538902E+00 1.09537883E+00 1.09535980E+00 1.09532908E+00 1.09528506E+00 1.09522417E+00 1.09514317E+00 1.09503621E+00 1.09490013E+00 1.09472946E+00 1.09452007E+00 1.09426213E+00 1.09395001E+00 1.09357302E+00 1.09312391E+00 1.09258731E+00 1.09195470E+00 1.09121280E+00 1.09034904E+00 1.08933751E+00 1.08816610E+00 1.08681301E+00 1.08526318E+00 1.08350470E+00 1.08150779E+00 1.07946070E+00 1.07717710E+00 1.07493421E+00 1.07246993E+00 1.07009051E+00 1.06752957E+00 1.06511619E+00 1.06253092E+00 1.06006211E+00 1.05745306E+00 1.05505194E+00 1.05254530E+00 1.05022470E+00 1.04780695E+00 1.04558750E+00 1.04329777E+00 1.04121505E+00 1.03908209E+00 1.03714804E+00 1.03516489E+00 1.03337323E+00 1.03155332E+00 1.02979941E+00 1.02802293E+00 1.02620715E+00 1.02436210E+00 1.02251787E+00 1.02066563E+00 1.01877384E+00 1.01686129E+00 1.01497408E+00 1.01308814E+00 1.01116696E+00 1.00925443E+00 1.00741102E+00 1.00559361E+00 1.00323788E+00 1.00000000E+00
1.09223279E+00 1.09223836E+00 1.09224310E+00 1.09224672E+00 1.09224943E+00 1.09225157E+00 1.09225331E+00 1.09225478E+00 1.09225597E+00 1.09225693E+00 1.09225769E+00 1.09225830E+00 1.09225880E+00 1.09225920E+00 1.09225953E+00 1.09225980E+00 1.09226002E+00 1.09226021E+00 1.09226038E+00 1.09226055E+00 1.09226072E+00 1.09226092E+00 1.09226114E+00 1.09226142E+00 1.09226176E+00 1.09226218E+00 1.09226270E+00 1.09226336E+00 1.09226417E+00 1.09226514E+00 1.09226633E+00 1.09226778E+00 1.09226952E+00 1.09227161E+00 1.09227410E+00 1.09227707E+00 1.09228057E+00 1.09228465E+00 1.09228940E+00 1.09229497E+00 1.09230142E+00 1.09230882E+00 1.09231731E+00 1.09232708E+00 1.09233824E+00 1.09235096E+00 1.09236532E+00 1.09238154E+00 1.09239975E+00 1.09242019E+00 1.09244298E+00 1.09246829E+00 1.09249624E+00 1.09252717E+00 1.09256118E+00 1.09259830E+00 1.09263854E+00 1.09268186E+00 1.09272833E+00 1.09277784E+00 1.09283003E+00 1.09288389E+00 1.09293934E+00 1.09299632E+00 1.09305381E+00 1.09310982E+00 1.09316353E+00 1.09321231E+00 1.09325375E+00 1.09328306E+00 1.09329765E+00 1.09329379E+00 1.09326878E+00 1.09321361E+00 1.09312237E+00 1.09298462E+00 1.09279283E+00 1.09253114E+00 1.09219373E+00 1.09176895E+00 1.09123832E+00 1.09057001E+00 1.08975491E+00 1.08877135E+00 1.08759965E+00 1.08621965E+00 1.08460247E+00 1.08289624E+00 1.08094456E+00 1.07898111E+00 1.07678620E+00 1.07463881E+00 1.07229731E+00 1.07005847E+00 1.06762663E+00 1.06527319E+00 1.06276636E+00 1.06044983E+00 1.05801479E+00 1.05573649E+00 1.05334026E+00 1.05112483E+00 1.04882677E+00 1.04672475E+00 1.04455676E+00 1.04257360E+00 1.04052448E+00 1.03866225E+00 1.03675940E+00 1.03491222E+00 1.03302618E+00 1.03107974E+00 1.02908157E+00 1.02706197E+00 1.02501008E+00 1.02288734E+00 1.02070911E+00 1.01852052E+00 1.01629952E+00 1.01399914E+00 1.01163884E+00 1.00924905E+00 1.00681576E+00 1.00385064E+00 1.00000000E+00
1.09234877E+00 1.09235571E+00 1.09236160E+00 1.09236660E+00 1.09237084E+00 1.09237447E+00 1.09237757E+00 1.09238024E+00 1.09238250E+00 1.09238445E+00 1.09238610E+00 1.09238750E+00 1.09238869E+00 1.09238970E+00 1.09239055E+00 1.09239125E+00 1.09239182E+00 1.09239230E+00 1.09239270E+00 1.09239303E+00 1.09239332E+00 1.09239357E+00 1.09239380E+00 1.09239403E+00 1.09239429E+00 1.09239458E+00 1.09239493E+00 1.09239540E+00 1.09239602E+00 1.09239679E+00 1.09239773E+00 1.09239893E+00 1.09240046E+00 1.09240241E+00 1.09240480E+00 1.09240773E+00 1.09241130E+00 1.09241557E+00 1.09242068E+00 1.09242686E+00 1.09243424E+00 1.09244293E+00 1.09245305E+00 1.09246485E+00 1.09247866E+00 1.09249482E+00 1.09251342E+00 1.09253484E+00 1.09255943E+00 1.09258764E+00 1.09261956E+00 1.09265553E+00 1.09269630E+00 1.09274292E+00 1.09279538E+00 1.09285388E+00 1.09291871E+00 1.09299009E+00 1.09306883E+00 1.09315573E+00 1.09325055E+00 1.09335284E+00 1.09346342E+00 1.09358345E+00 1.09371214E+00 1.09384809E+00 1.09399102E+00 1.09413877E+00 1.09428967E+00 1.09443995E+00 1.09458724E+00 1.09472883E+00 1.09486271E+00 1.09498008E+00 1.09507453E+00 1.09513547E+00 1.09515519E+00 1.09511695E+00 1.09501532E+00 1.09483821E+00 1.09456308E+00 1.09415345E+00 1.09360112E+00 1.09288344E+00 1.09197710E+00 1.09085523E+00 1.08948758E+00 1.08799549E+00 1.08624361E+00 1.08444054E+00 1.08238992E+00 1.08035616E+00 1.07810954E+00 1.07593172E+00 1.07353998E+00 1.07120466E+00 1.06869902E+00 1.06636863E+00 1.06390159E+00 1.06157372E+00 1.05910790E+00 1.05681570E+00 1.05442526E+00 1.05222588E+00 1.04994320E+00 1.04784202E+00 1.04565981E+00 1.04366756E+00 1.04162177E+00 1.03962417E+00 1.03757301E+00 1.03544565E+00 1.03324967E+00 1.03101352E+00 1.02872585E+00 1.02634729E+00 1.02389170E+00 1.02140260E+00 1.01885892E+00 1.01620813E+00 1.01345569E+00 1.01061759E+00 1.00770220E+00 1.00428136E+00 1.00000000E+00
1.09380752E+00 1.09381623E+00 1.09382370E+00 1.09383055E+00 1.09383675E+00 1.09384237E+00 1.09384741E+00 1.09385194E+00 1.09385601E+00 1.09385967E+00 1.09386294E+00 1.09386584E+00 1.09386841E+00 1.09387072E+00 1.09387273E+00 1.09387444E+00 1.09387592E+00 1.09387722E+00 1.09387836E+00 1.09387938E+00 1.09388028E+00 1.09388103E+00 1.09388168E+00 1.09388227E+00 1.09388284E+00 1.09388337E+00 1.09388392E+00 1.09388459E+00 1.09388540E+00 1.09388635E+00 1.09388742E+00 1.09388870E+00 1.09389040E+00 1.09389265E+00 1.09389541E+00 1.09389876E+00 1.09390286E+00 1.09390786E+00 1.09391390E+00 1.09392133E+00 1.09393035E+00 1.09394105E+00 1.09395350E+00 1.09396810E+00 1.09398540E+00 1.09400591E+00 1.09402974E+00 1.09405742E+00 1.09408952E+00 1.09412664E+00 1.09416887E+00 1.09421679E+00 1.09427172E+00 1.09433533E+00 1.09440746E+00 1.09448839E+00 1.09457869E+00 1.09467889E+00 1.09479048E+00 1.09491514E+00 1.09505272E+00 1.09520328E+00 1.09536828E+00 1.09554973E+00 1.09574705E+00 1.09595938E+00 1.09618675E+00 1.09642728E+00 1.09667986E+00 1.09694145E+00 1.09720980E+00 1.09748268E+00 1.09775815E+00 1.09802721E+00 1.09828299E+00 1.09851437E+00 1.09871328E+00 1.09886169E+00 1.09895320E+00 1.09897426E+00 1.09889985E+00 1.09868985E+00 1.09833544E+00 1.09781235E+00 1.09709413E+00 1.09614798E+00 1.09494178E+00 1.09357999E+00 1.09194076E+00 1.09021840E+00 1.08822904E+00 1.08623184E+00 1.08400079E+00 1.08181346E+00 1.07939167E+00 1.07701338E+00 1.07444641E+00 1.07204369E+00 1.06948550E+00 1.06705810E+00 1.06447511E+00 1.06206523E+00 1.05954207E+00 1.05721073E+00 1.05478116E+00 1.05253694E+00 1.05019969E+00 1.04806004E+00 1.04585619E+00 1.04369673E+00 1.04147253E+00 1.03916111E+00 1.03676922E+00 1.03432327E+00 1.03181194E+00 1.02919675E+00 1.02649077E+00 1.02373582E+00 1.02091119E+00 1.01796033E+00 1.01487921E+00 1.01167595E+00 1.00837733E+00 1.00460329E+00 1.00000000E+00
1.09592905E+00 1.09593823E+00 1.09594568E+00 1.09595343E+00 1.09596118E+00 1.09596876E+00 1.09597608E+00 1.09598302E+00 1.09598960E+00 1.09599583E+00 1.09600162E+00 1.09600693E+00 1.09601184E+00 1.09601638E+00 1.09602047E+00 1.09602407E+00 1.09602728E+00 1.09603022E+00 1.09603289E+00 1.09603535E+00 1.09603757E+00 1.09603949E+00 1.09604117E+00 1.09604271E+00 1.09604414E+00 1.09604546E+00 1.09604674E+00 1.09604813E+00 1.09604967E+00 1.09605128E+00 1.09605292E+00 1.09605476E+00 1.09605712E+00 1.09606020E+00 1.09606385E+00 1.09606816E+00 1.09607337E+00 1.09607972E+00 1.09608737E+00 1.09609677E+00 1.09610816E+00 1.09612161E+00 1.09613718E+00 1.09615545E+00 1.09617716E+00 1.09620304E+00 1.09623316E+00 1.09626825E+00 1.09630906E+00 1.09635636E+00 1.09641025E+00 1.09647160E+00 1.09654216E+00 1.09662411E+00 1.09671719E+00 1.09682177E+00 1.09693872E+00 1.09706893E+00 1.09721448E+00 1.09737782E+00 1.09755885E+00 1.09775809E+00 1.09797739E+00 1.09821942E+00 1.09848381E+00 1.09877013E+00 1.09907858E+00 1.09940741E+00 1.09975586E+00 1.10012138E+00 1.10050171E+00 1.10089466E+00 1.10129805E+00 1.10170240E+00 1.10210036E+00 1.10247988E+00 1.10283231E+00 1.10313814E+00 1.10338947E+00 1.10357086E+00 1.10365566E+00 1.10360065E+00 1.10339570E+00 1.10301451E+00 1.10242781E+00 1.10159744E+00 1.10048960E+00 1.09919900E+00 1.09761142E+00 1.09591422E+00 1.09392917E+00 1.09191692E+00 1.08964952E+00 1.08740768E+00 1.08491185E+00 1.08245275E+00 1.07978708E+00 1.07727907E+00 1.07459824E+00 1.07204645E+00 1.06932419E+00 1.06677890E+00 1.06410724E+00 1.06163231E+00 1.05904705E+00 1.05665502E+00 1.05416065E+00 1.05187381E+00 1.04951439E+00 1.04719805E+00 1.04480859E+00 1.04232412E+00 1.03975068E+00 1.03711281E+00 1.03439938E+00 1.03157328E+00 1.02864702E+00 1.02566085E+00 1.02259406E+00 1.01938694E+00 1.01602851E+00 1.01252265E+00 1.00891164E+00 1.00485468E+00 1.00000000E+00
1.11370680E+00 1.11370401E+00 1.11369891E+00 1.11369557E+00 1.11369422E+00 1.11369440E+00 1.11369488E+00 1.11369483E+00 1.11369442E+00 1.11369398E+00 1.11369369E+00 1.11369364E+00 1.11369373E+00 1.11369386E+00 1.11369404E+00 1.11369428E+00 1.11369461E+00 1.11369503E+00 1.11369555E+00 1.11369617E+00 1.11369691E+00 1.11369777E+00 1.11369877E+00 1.11369993E+00 1.11370126E+00 1.11370278E+00 1.11370450E+00 1.11370645E+00 1.11370865E+00 1.11371112E+00 1.11371388E+00 1.11371696E+00 1.11372038E+00 1.11372416E+00 1.11372832E+00 1.11373288E+00 1.11373786E+00 1.11374325E+00 1.11374907E+00 1.11375532E+00 1.11376196E+00 1.11376898E+00 1.11377633E+00 1.11378395E+00 1.11379176E+00 1.11379962E+00 1.11380740E+00 1.11381487E+00 1.11382185E+00 1.11382796E+00 1.11383295E+00 1.11383628E+00 1.11383748E+00 1.11383582E+00 1.11383073E+00 1.11382109E+00 1.11380614E+00 1.11378439E+00 1.11375472E+00 1.11371512E+00 1.11366417E+00 1.11359913E+00 1.11351808E+00 1.11341763E+00 1.11329529E+00 1.11314651E+00 1.11296832E+00 1.11275492E+00 1.11250223E+00 1.11220306E+00 1.11185259E+00 1.11144202E+00 1.11096551E+00 1.11041189E+00 1.10977426E+00 1.10903953E+00 1.10819980E+00 1.10723883E+00 1.10614588E+00 1.10490447E+00 1.10350369E+00 1.10192101E+00 1.10014327E+00 1.09814830E+00 1.09592195E+00 1.09346041E+00 1.09073044E+00 1.08799911E+00 1.08501571E+00 1.08214763E+00 1.07905337E+00 1.07611630E+00 1.07298873E+00 1.07006051E+00 1.06697025E+00 1.06408724E+00 1.06107019E+00 1.05829347E+00 1.05540958E+00 1.05276722E+00 1.05003829E+00 1.04755199E+00 1.04499869E+00 1.04268473E+00 1.04032147E+00 1.03819065E+00 1.03601904E+00 1.03406512E+00 1.03208351E+00 1.03017328E+00 1.02824228E+00 1.02628708E+00 1.02431157E+00 1.02232750E+00 1.02033347E+00 1.01832466E+00 1.01631636E+00 1.01433920E+00 1.01237633E+00 1.01039972E+00 1.00846910E+00 1.00673743E+00 1.00510956E+00 1.00293756E+00 1.00000000E+00
1.11207550E+00 1.11207698E+00 1.11207227E+00 1.11206836E+00 1.11206698E+00 1.11206838E+00 1.11207042E+00 1.11207137E+00 1.11207134E+00 1.11207083E+00 1.11207036E+00 1.11207024E+00 1.11207029E+00 1.11207036E+00 1.11207041E+00 1.11207047E+00 1.11207058E+00 1.11207078E+00 1.11207107E+00 1.11207144E+00 1.11207190E+00 1.11207246E+00 1.11207315E+00 1.11207397E+00 1.11207494E+00 1.11207608E+00 1.11207741E+00 1.11207896E+00 1.11208075E+00 1.11208281E+00 1.11208517E+00 1.11208787E+00 1.11209094E+00 1.11209442E+00 1.11209834E+00 1.11210278E+00 1.11210775E+00 1.11211330E+00 1.11211947E+00 1.11212633E+00 1.11213388E+00 1.11214218E+00 1.11215127E+00 1.11216119E+00 1.11217195E+00 1.11218353E+00 1.11219592E+00 1.11220908E+00 1.11222296E+00 1.11223744E+00 1.11225247E+00 1.11226778E+00 1.11228311E+00 1.11229811E+00 1.11231251E+00 1.11232570E+00 1.11233722E+00 1.11234618E+00 1.11235180E+00 1.11235274E+00 1.11234805E+00 1.11233566E+00 1.11231419E+00 1.11228129E+00 1.11223507E+00 1.11217185E+00 1.11208931E+00 1.11198261E+00 1.11184813E+00 1.11167947E+00 1.11147254E+00 1.11121984E+00 1.11091598E+00 1.11054999E+00 1.11011548E+00 1.10959981E+00 1.10899492E+00 1.10828381E+00 1.10745585E+00 1.10649488E+00 1.10538813E+00 1.10410955E+00 1.10264600E+00 1.10097420E+00 1.09907729E+00 1.09694411E+00 1.09454128E+00 1.09210051E+00 1.08939984E+00 1.08677009E+00 1.08390364E+00 1.08115813E+00 1.07821160E+00 1.07543259E+00 1.07247325E+00 1.06968305E+00 1.06674897E+00 1.06404369E+00 1.06122031E+00 1.05861380E+00 1.05590569E+00 1.05342680E+00 1.05087116E+00 1.04854445E+00 1.04615808E+00 1.04399325E+00 1.04177407E+00 1.03976839E+00 1.03772464E+00 1.03574274E+00 1.03372700E+00 1.03166790E+00 1.02956872E+00 1.02744308E+00 1.02528559E+00 1.02307924E+00 1.02083528E+00 1.01858097E+00 1.01629567E+00 1.01393060E+00 1.01151774E+00 1.00916441E+00 1.00679362E+00 1.00380944E+00 1.00000000E+00
1.11757798E+00 1.11759153E+00 1.11760082E+00 1.11760674E+00 1.11761096E+00 1.11761484E+00 1.11761827E+00 1.11762112E+00 1.11762325E+00 1.11762477E+00 1.11762587E+00 1.11762677E+00 1.11762749E+00 1.11762809E+00 1.11762857E+00 1.11762898E+00 1.11762934E+00 1.11762970E+00 1.11763006E+00 1.11763045E+00 1.11763088E+00 1.11763139E+00 1.11763199E+00 1.11763271E+00 1.11763356E+00 1.11763459E+00 1.11763581E+00 1.11763727E+00 1.11763899E+00 1.11764104E+00 1.11764343E+00 1.11764626E+00 1.11764956E+00 1.11765340E+00 1.11765784E+00 1.11766299E+00 1.11766891E+00 1.11767568E+00 1.11768341E+00 1.11769223E+00 1.11770223E+00 1.11771352E+00 1.11772623E+00 1.11774055E+00 1.11775655E+00 1.11777440E+00 1.11779419E+00 1.11781609E+00 1.11784020E+00 1.11786665E+00 1.11789555E+00 1.11792689E+00 1.11796069E+00 1.11799707E+00 1.11803595E+00 1.11807708E+00 1.11812026E+00 1.11816505E+00 1.11821105E+00 1.11825748E+00 1.11830369E+00 1.11834805E+00 1.11838972E+00 1.11842727E+00 1.11845892E+00 1.11848134E+00 1.11849254E+00 1.11848793E+00 1.11846417E+00 1.11841514E+00 1.11833662E+00 1.11822125E+00 1.11806376E+00 1.11785252E+00 1.11758042E+00 1.11723362E+00 1.11680311E+00 1.11626996E+00 1.11562337E+00 1.11484584E+00 1.11392059E+00 1.11281695E+00 1.11152205E+00 1.11001010E+00 1.10825966E+00 1.10625325E+00 1.10395609E+00 1.10158912E+00 1.09893757E+00 1.09632514E+00 1.09345133E+00 1.09067707E+00 1.08767545E+00 1.08481997E+00 1.08175790E+00 1.07885325E+00 1.07578147E+00 1.07293279E+00 1.06994271E+00 1.06716423E+00 1.06426049E+00 1.06158875E+00 1.05882014E+00 1.05628587E+00 1.05367228E+00 1.05128790E+00 1.04883137E+00 1.04660030E+00 1.04431570E+00 1.04208826E+00 1.03981090E+00 1.03747281E+00 1.03507560E+00 1.03263121E+00 1.03013466E+00 1.02756750E+00 1.02493763E+00 1.02226896E+00 1.01954362E+00 1.01670994E+00 1.01378893E+00 1.01088033E+00 1.00792432E+00 1.00436618E+00 1.00000000E+00
1.12389962E+00 1.12390738E+00 1.12391352E+00 1.12391856E+00 1.12392268E+00 1.12392610E+00 1.12392887E+00 1.12393113E+00 1.12393293E+00 1.12393442E+00 1.12393562E+00 1.12393661E+00 1.12393742E+00 1.12393809E+00 1.12393865E+00 1.12393912E+00 1.12393954E+00 1.12393993E+00 1.12394031E+00 1.12394071E+00 1.12394115E+00 1.12394165E+00 1.12394225E+00 1.12394299E+00 1.12394388E+00 1.12394497E+00 1.12394630E+00 1.12394794E+00 1.12394992E+00 1.12395232E+00 1.12395519E+00 1.12395864E+00 1.12396275E+00 1.12396764E+00 1.12397338E+00 1.12398014E+00 1.12398802E+00 1.12399719E+00 1.12400780E+00 1.12402010E+00 1.12403424E+00 1.12405046E+00 1.12406893E+00 1.12408998E+00 1.12411385E+00 1.12414091E+00 1.12417133E+00 1.12420550E+00 1.12424373E+00 1.12428641E+00 1.12433372E+00 1.12438594E+00 1.12444346E+00 1.12450689E+00 1.12457619E+00 1.12465135E+00 1.12473245E+00 1.12481936E+00 1.12491209E+00 1.12501035E+00 1.12511358E+00 1.12522048E+00 1.12533057E+00 1.12544296E+00 1.12555579E+00 1.12566564E+00 1.12577062E+00 1.12586587E+00 1.12594809E+00 1.12601094E+00 1.12604962E+00 1.12605617E+00 1.12602495E+00 1.12594314E+00 1.12580255E+00 1.12558753E+00 1.12528799E+00 1.12488268E+00 1.12435965E+00 1.12369934E+00 1.12288179E+00 1.12187209E+00 1.12065659E+00 1.11920666E+00 1.11749702E+00 1.11550511E+00 1.11319390E+00 1.11078637E+00 1.10806431E+00 1.10535919E+00 1.10236316E+00 1.09945453E+00 1.09628988E+00 1.09326173E+00 1.09000146E+00 1.08690010E+00 1.08360803E+00 1.08054210E+00 1.07731374E+00 1.07430531E+00 1.07115300E+00 1.06824561E+00 1.06522544E+00 1.06245454E+00 1.05959020E+00 1.05697185E+00 1.05426987E+00 1.05181164E+00 1.04929013E+00 1.04682737E+00 1.04430523E+00 1.04171305E+00 1.03905162E+00 1.03633157E+00 1.03354858E+00 1.03068505E+00 1.02774712E+00 1.02475651E+00 1.02169766E+00 1.01851962E+00 1.01523829E+00 1.01195174E+00 1.00861218E+00 1.00469527E+00 1.00000000E+00
1.12991962E+00 1.12992762E+00 1.12993424E+00 1.12993990E+00 1.12994467E+00 1.12994875E+00 1.12995221E+00 1.12995516E+00 1.12995767E+00 1.12995983E+00 1.12996166E+00 1.12996322E+00 1.12996456E+00 1.12996573E+00 1.12996672E+00 1.12996760E+00 1.12996838E+00 1.12996911E+00 1.12996981E+00 1.12997053E+00 1.12997129E+00 1.12997212E+00 1.12997306E+00 1.12997417E+00 1.12997548E+00 1.12997707E+00 1.12997898E+00 1.12998133E+00 1.12998417E+00 1.12998758E+00 1.12999164E+00 1.12999651E+00 1.13000235E+00 1.13000933E+00 1.13001752E+00 1.13002716E+00 1.13003844E+00 1.13005161E+00 1.13006688E+00 1.13008464E+00 1.13010514E+00 1.13012869E+00 1.13015553E+00 1.13018619E+00 1.13022109E+00 1.13026080E+00 1.13030556E+00 1.13035602E+00 1.13041267E+00 1.13047614E+00 1.13054668E+00 1.13062486E+00 1.13071137E+00 1.13080728E+00 1.13091255E+00 1.13102728E+00 1.13115180E+00 1.13128622E+00 1.13143085E+00 1.13158574E+00 1.13175031E+00 1.13192334E+00 1.13210450E+00 1.13229310E+00 1.13248703E+00 1.13268257E+00 1.13287761E+00 1.13306676E+00 1.13324644E+00 1.13340974E+00 1.13355110E+00 1.13366147E+00 1.13373448E+00 1.13375597E+00 1.13371654E+00 1.13359847E+00 1.13339049E+00 1.13306897E+00 1.13262039E+00 1.13202305E+00 1.13125461E+00 1.13027623E+00 1.12907309E+00 1.12761391E+00 1.12587053E+00 1.12381665E+00 1.12141308E+00 1.11889337E+00 1.11602940E+00 1.11316992E+00 1.10999173E+00 1.10689797E+00 1.10352332E+00 1.10028588E+00 1.09679546E+00 1.09347394E+00 1.08994312E+00 1.08664856E+00 1.08317606E+00 1.07993866E+00 1.07654470E+00 1.07341288E+00 1.07015757E+00 1.06716964E+00 1.06407930E+00 1.06125375E+00 1.05833776E+00 1.05568425E+00 1.05296177E+00 1.05030211E+00 1.04757777E+00 1.04477860E+00 1.04190497E+00 1.03896651E+00 1.03595953E+00 1.03286760E+00 1.02969589E+00 1.02646455E+00 1.02315990E+00 1.01973262E+00 1.01619574E+00 1.01264728E+00 1.00904836E+00 1.00489823E+00 1.00000000E+00
1.13543753E+00 1.13544605E+00 1.13545289E+00 1.13545924E+00 1.13546492E+00 1.13547005E+00 1.13547465E+00 1.13547882E+00 1.13548258E+00 1.13548599E+00 1.13548906E+00 1.13549182E+00 1.13549432E+00 1.13549661E+00 1.13549868E+00 1.13550056E+00 1.13550233E+00 1.13550402E+00 1.13550567E+00 1.13550735E+00 1.13550907E+00 1.13551088E+00 1.13551282E+00 1.13551499E+00 1.13551746E+00 1.13552031E+00 1.13552361E+00 1.13552755E+00 1.13553218E+00 1.13553763E+00 1.13554396E+00 1.13555145E+00 1.13556031E+00 1.13557081E+00 1.13558300E+00 1.13559722E+00 1.13561374E+00 1.13563293E+00 1.13565505E+00 1.13568065E+00 1.13571005E+00 1.13574369E+00 1.13578187E+00 1.13582531E+00 1.13587462E+00 1.13593056E+00 1.13599344E+00 1.13606417E+00 1.13614339E+00 1.13623192E+00 1.13633009E+00 1.13643870E+00 1.13655868E+00 1.13669145E+00 1.13683692E+00 1.13699527E+00 1.13716698E+00 1.13735229E+00 1.13755169E+00 1.13776540E+00 1.13799269E+00 1.13823222E+00 1.13848364E+00 1.13874617E+00 1.13901737E+00 1.13929295E+00 1.13957048E+00 1.13984378E+00 1.14010885E+00 1.14035794E+00 1.14058465E+00 1.14077858E+00 1.14093250E+00 1.14103083E+00 1.14106302E+00 1.14100919E+00 1.14085696E+00 1.14058040E+00 1.14016448E+00 1.13958555E+00 1.13881952E+00 1.13782419E+00 1.13658359E+00 1.13506441E+00 1.13323647E+00 1.13107131E+00 1.12852781E+00 1.12585532E+00 1.12281214E+00 1.11976952E+00 1.11638465E+00 1.11308831E+00 1.10949135E+00 1.10603917E+00 1.10231815E+00 1.09878060E+00 1.09502019E+00 1.09150986E+00 1.08781074E+00 1.08436441E+00 1.08075321E+00 1.07742226E+00 1.07396091E+00 1.07078515E+00 1.06750143E+00 1.06450057E+00 1.06140535E+00 1.05858984E+00 1.05570215E+00 1.05288209E+00 1.04999445E+00 1.04702969E+00 1.04398792E+00 1.04087806E+00 1.03769688E+00 1.03442919E+00 1.03107951E+00 1.02766686E+00 1.02417907E+00 1.02056866E+00 1.01684691E+00 1.01311223E+00 1.00933265E+00 1.00502635E+00 1.00000000E+00
1.11930126E+00 1.11930058E+00 1.11929657E+00 1.11929306E+00 1.11929105E+00 1.11929081E+00 1.11929120E+00 1.11929128E+00 1.11929103E+00 1.11929062E+00 1.11929030E+00 1.11929023E+00 1.11929032E+00 1.11929048E+00 1.11929070E+00 1.11929098E+00 1.11929135E+00 1.11929183E+00 1.11929242E+00 1.11929312E+00 1.11929394E+00 1.11929490E+00 1.11929600E+00 1.11929728E+00 1.11929873E+00 1.11930039E+00 1.11930227E+00 1.11930439E+00 1.11930677E+00 1.11930943E+00 1.11931240E+00 1.11931570E+00 1.11931935E+00 1.11932337E+00 1.11932777E+00 1.11933258E+00 1.11933781E+00 1.11934346E+00 1.11934952E+00 1.11935599E+00 1.11936283E+00 1.11937002E+00 1.11937749E+00 1.11938517E+00 1.11939296E+00 1.11940070E+00 1.11940824E+00 1.11941532E+00 1.11942173E+00 1.11942706E+00 1.11943102E+00 1.11943299E+00 1.11943249E+00 1.11942872E+00 1.11942103E+00 1.11940825E+00 1.11938950E+00 1.11936320E+00 1.11932815E+00 1.11928219E+00 1.11922381E+00 1.11915011E+00 1.11905906E+00 1.11894707E+00 1.11881150E+00 1.11864757E+00 1.11845213E+00 1.11821909E+00 1.11794426E+00 1.11762022E+00 1.11724192E+00 1.11680021E+00 1.11628893E+00 1.11569679E+00 1.11501665E+00 1.11423500E+00 1.11334365E+00 1.11232615E+00 1.11117170E+00 1.10986346E+00 1.10839005E+00 1.10672892E+00 1.10486702E+00 1.10278208E+00 1.10045936E+00 1.09789544E+00 1.09505630E+00 1.09222145E+00 1.08912885E+00 1.08615897E+00 1.08295898E+00 1.07992663E+00 1.07669960E+00 1.07367700E+00 1.07048868E+00 1.06752015E+00 1.06441610E+00 1.06155824E+00 1.05858983E+00 1.05587019E+00 1.05306128E+00 1.05050243E+00 1.04787431E+00 1.04549182E+00 1.04305678E+00 1.04085942E+00 1.03861872E+00 1.03660177E+00 1.03455429E+00 1.03257696E+00 1.03057484E+00 1.02854561E+00 1.02649128E+00 1.02441988E+00 1.02233083E+00 1.02022070E+00 1.01809859E+00 1.01598600E+00 1.01387232E+00 1.01172822E+00 1.00959308E+00 1.00761158E+00 1.00570104E+00 1.00323071E+00 1.00000000E+00
1.12302586E+00 1.12302882E+00 1.12302577E+00 1.12302167E+00 1.12301888E+00 1.12301866E+00 1.12301957E+00 1.12302017E+00 1.12302016E+00 1.12301964E+00 1.12301908E+00 1.12301879E+00 1.12301871E+00 1.12301875E+00 1.12301883E+00 1.12301894E+00 1.12301913E+00 1.12301942E+00 1.12301983E+00 1.12302036E+00 1.12302100E+00 1.12302178E+00 1.12302271E+00 1.12302381E+00 1.12302509E+00 1.12302658E+00 1.12302830E+00 1.12303029E+00 1.12303255E+00 1.12303514E+00 1.12303806E+00 1.12304138E+00 1.12304511E+00 1.12304930E+00 1.12305398E+00 1.12305921E+00 1.12306501E+00 1.12307142E+00 1.12307847E+00 1.12308622E+00 1.12309466E+00 1.12310382E+00 1.12311372E+00 1.12312437E+00 1.12313573E+00 1.12314775E+00 1.12316038E+00 1.12317350E+00 1.12318700E+00 1.12320067E+00 1.12321436E+00 1.12322765E+00 1.12324022E+00 1.12325154E+00 1.12326120E+00 1.12326831E+00 1.12327226E+00 1.12327180E+00 1.12326597E+00 1.12325305E+00 1.12323180E+00 1.12319972E+00 1.12315511E+00 1.12309499E+00 1.12301701E+00 1.12291681E+00 1.12279159E+00 1.12263563E+00 1.12244491E+00 1.12221232E+00 1.12193304E+00 1.12159825E+00 1.12120182E+00 1.12073210E+00 1.12018206E+00 1.11953768E+00 1.11879035E+00 1.11792239E+00 1.11692232E+00 1.11577262E+00 1.11446052E+00 1.11296045E+00 1.11125862E+00 1.10933086E+00 1.10715994E+00 1.10473730E+00 1.10202764E+00 1.09929599E+00 1.09629208E+00 1.09338433E+00 1.09023047E+00 1.08722397E+00 1.08400688E+00 1.08097780E+00 1.07776473E+00 1.07475441E+00 1.07159526E+00 1.06867901E+00 1.06563775E+00 1.06283641E+00 1.05993030E+00 1.05727282E+00 1.05453351E+00 1.05203943E+00 1.04948019E+00 1.04715917E+00 1.04478107E+00 1.04263144E+00 1.04043932E+00 1.03831064E+00 1.03614370E+00 1.03393259E+00 1.03167826E+00 1.02938815E+00 1.02705937E+00 1.02468195E+00 1.02226156E+00 1.01981537E+00 1.01733076E+00 1.01476739E+00 1.01215090E+00 1.00960485E+00 1.00706163E+00 1.00392403E+00 1.00000000E+00
1.13119034E+00 1.13119820E+00 1.13120499E+00 1.13120939E+00 1.13121205E+00 1.13121386E+00 1.13121531E+00 1.13121670E+00 1.13121786E+00 1.13121872E+00 1.13121931E+00 1.13121976E+00 1.13122012E+00 1.13122046E+00 1.13122079E+00 1.13122112E+00 1.13122148E+00 1.13122190E+00 1.13122238E+00 1.13122296E+00 1.13122366E+00 1.13122449E+00 1.13122548E+00 1.13122667E+00 1.13122808E+00 1.13122974E+00 1.13123168E+00 1.13123396E+00 1.13123661E+00 1.13123969E+00 1.13124325E+00 1.13124735E+00 1.13125206E+00 1.13125744E+00 1.13126357E+00 1.13127054E+00 1.13127842E+00 1.13128731E+00 1.13129729E+00 1.13130849E+00 1.13132098E+00 1.13133487E+00 1.13135026E+00 1.13136727E+00 1.13138596E+00 1.13140643E+00 1.13142871E+00 1.13145286E+00 1.13147892E+00 1.13150685E+00 1.13153664E+00 1.13156807E+00 1.13160099E+00 1.13163522E+00 1.13167044E+00 1.13170600E+00 1.13174144E+00 1.13177575E+00 1.13180816E+00 1.13183719E+00 1.13186176E+00 1.13187946E+00 1.13188879E+00 1.13188708E+00 1.13187190E+00 1.13183868E+00 1.13178464E+00 1.13170372E+00 1.13159169E+00 1.13144104E+00 1.13124646E+00 1.13099843E+00 1.13069032E+00 1.13030921E+00 1.12984718E+00 1.12928846E+00 1.12862335E+00 1.12783188E+00 1.12690155E+00 1.12581300E+00 1.12455071E+00 1.12308528E+00 1.12140203E+00 1.11947396E+00 1.11728044E+00 1.11480903E+00 1.11202198E+00 1.10919255E+00 1.10606163E+00 1.10301251E+00 1.09968944E+00 1.09650851E+00 1.09309015E+00 1.08985711E+00 1.08641598E+00 1.08318271E+00 1.07977881E+00 1.07662599E+00 1.07332864E+00 1.07028211E+00 1.06711281E+00 1.06420729E+00 1.06120459E+00 1.05846372E+00 1.05564400E+00 1.05308034E+00 1.05044794E+00 1.04806321E+00 1.04562610E+00 1.04325414E+00 1.04083421E+00 1.03836011E+00 1.03583195E+00 1.03325624E+00 1.03063074E+00 1.02794537E+00 1.02520391E+00 1.02242184E+00 1.01958923E+00 1.01666670E+00 1.01367538E+00 1.01073696E+00 1.00779605E+00 1.00428085E+00 1.00000000E+00
1.13865633E+00 1.13866305E+00 1.13866875E+00 1.13867340E+00 1.13867705E+00 1.13867990E+00 1.13868213E+00 1.13868393E+00 1.13868538E+00 1.13868655E+00 1.13868749E+00 1.13868827E+00 1.13868893E+00 1.13868953E+00 1.13869008E+00 1.13869064E+00 1.13869122E+00 1.13869186E+00 1.13869259E+00 1.13869343E+00 1.13869443E+00 1.13869563E+00 1.13869704E+00 1.13869874E+00 1.13870074E+00 1.13870313E+00 1.13870593E+00 1.13870925E+00 1.13871313E+00 1.13871767E+00 1.13872293E+00 1.13872904E+00 1.13873610E+00 1.13874424E+00 1.13875356E+00 1.13876422E+00 1.13877635E+00 1.13879014E+00 1.13880571E+00 1.13882332E+00 1.13884310E+00 1.13886529E+00 1.13889003E+00 1.13891760E+00 1.13894815E+00 1.13898195E+00 1.13901911E+00 1.13905989E+00 1.13910442E+00 1.13915286E+00 1.13920523E+00 1.13926150E+00 1.13932168E+00 1.13938586E+00 1.13945373E+00 1.13952466E+00 1.13959830E+00 1.13967369E+00 1.13975013E+00 1.13982622E+00 1.13990077E+00 1.13997125E+00 1.14003610E+00 1.14009258E+00 1.14013788E+00 1.14016687E+00 1.14017646E+00 1.14015981E+00 1.14011226E+00 1.14002546E+00 1.13989328E+00 1.13970499E+00 1.13945318E+00 1.13912349E+00 1.13870691E+00 1.13818565E+00 1.13754891E+00 1.13677452E+00 1.13584871E+00 1.13475033E+00 1.13346179E+00 1.13195038E+00 1.13020058E+00 1.12818321E+00 1.12587538E+00 1.12326279E+00 1.12030533E+00 1.11729468E+00 1.11395509E+00 1.11069563E+00 1.10713773E+00 1.10372826E+00 1.10006001E+00 1.09658618E+00 1.09288668E+00 1.08941075E+00 1.08574887E+00 1.08235388E+00 1.07880198E+00 1.07551971E+00 1.07210438E+00 1.06897270E+00 1.06573541E+00 1.06278005E+00 1.05973886E+00 1.05697362E+00 1.05413436E+00 1.05156208E+00 1.04893315E+00 1.04637441E+00 1.04376374E+00 1.04109535E+00 1.03836905E+00 1.03559082E+00 1.03275898E+00 1.02986432E+00 1.02690978E+00 1.02390999E+00 1.02085692E+00 1.01771320E+00 1.01449820E+00 1.01133337E+00 1.00817064E+00 1.00445620E+00 1.00000000E+00
1.14496669E+00 1.14497537E+00 1.14498237E+00 1.14498816E+00 1.14499292E+00 1.14499689E+00 1.14500016E+00 1.14500290E+00 1.14500518E+00 1.14500712E+00 1.14500879E+00 1.14501027E+00 1.14501160E+00 1.14501286E+00 1.14501408E+00 1.14501531E+00 1.14501660E+00 1.14501800E+00 1.14501955E+00 1.14502130E+00 1.14502331E+00 1.14502562E+00 1.14502830E+00 1.14503142E+00 1.14503504E+00 1.14503927E+00 1.14504416E+00 1.14504986E+00 1.14505645E+00 1.14506406E+00 1.14507280E+00 1.14508284E+00 1.14509435E+00 1.14510752E+00 1.14512247E+00 1.14513948E+00 1.14515871E+00 1.14518044E+00 1.14520488E+00 1.14523236E+00 1.14526312E+00 1.14529746E+00 1.14533561E+00 1.14537794E+00 1.14542472E+00 1.14547636E+00 1.14553299E+00 1.14559502E+00 1.14566266E+00 1.14573617E+00 1.14581557E+00 1.14590090E+00 1.14599224E+00 1.14608988E+00 1.14619334E+00 1.14630193E+00 1.14641528E+00 1.14653229E+00 1.14665225E+00 1.14677360E+00 1.14689493E+00 1.14701331E+00 1.14712698E+00 1.14723283E+00 1.14732759E+00 1.14740535E+00 1.14746259E+00 1.14749154E+00 1.14748698E+00 1.14743961E+00 1.14734248E+00 1.14718353E+00 1.14695456E+00 1.14663994E+00 1.14622971E+00 1.14570425E+00 1.14505192E+00 1.14424881E+00 1.14328005E+00 1.14212326E+00 1.14075957E+00 1.13915391E+00 1.13729025E+00 1.13513821E+00 1.13267376E+00 1.12988245E+00 1.12672235E+00 1.12350703E+00 1.11994187E+00 1.11646419E+00 1.11267052E+00 1.10903821E+00 1.10513308E+00 1.10143721E+00 1.09750477E+00 1.09381487E+00 1.08993010E+00 1.08632986E+00 1.08256602E+00 1.07909115E+00 1.07547815E+00 1.07216760E+00 1.06874747E+00 1.06562738E+00 1.06241838E+00 1.05950248E+00 1.05651062E+00 1.05380163E+00 1.05103449E+00 1.04834274E+00 1.04559775E+00 1.04279422E+00 1.03993187E+00 1.03701629E+00 1.03404624E+00 1.03101337E+00 1.02792021E+00 1.02478082E+00 1.02158853E+00 1.01830780E+00 1.01495713E+00 1.01165793E+00 1.00836684E+00 1.00454365E+00 1.00000000E+00
1.15028283E+00 1.15029094E+00 1.15029746E+00 1.15030321E+00 1.15030813E+00 1.15031244E+00 1.15031623E+00 1.15031965E+00 1.15032274E+00 1.15032562E+00 1.15032831E+00 1.15033089E+00 1.15033342E+00 1.15033596E+00 1.15033855E+00 1.15034124E+00 1.15034409E+00 1.15034718E+00 1.15035055E+00 1.15035430E+00 1.15035846E+00 1.15036313E+00 1.15036838E+00 1.15037433E+00 1.15038107E+00 1.15038873E+00 1.15039740E+00 1.15040729E+00 1.15041849E+00 1.15043120E+00 1.15044553E+00 1.15046174E+00 1.15048005E+00 1.15050073E+00 1.15052391E+00 1.15054994E+00 1.15057904E+00 1.15061160E+00 1.15064784E+00 1.15068820E+00 1.15073296E+00 1.15078251E+00 1.15083708E+00 1.15089714E+00 1.15096305E+00 1.15103526E+00 1.15111393E+00 1.15119953E+00 1.15129231E+00 1.15139253E+00 1.15150018E+00 1.15161524E+00 1.15173783E+00 1.15186823E+00 1.15200583E+00 1.15214968E+00 1.15229938E+00 1.15245355E+00 1.15261134E+00 1.15277095E+00 1.15293064E+00 1.15308699E+00 1.15323794E+00 1.15337986E+00 1.15350905E+00 1.15361874E+00 1.15370502E+00 1.15375920E+00 1.15377549E+00 1.15374372E+00 1.15365622E+00 1.15349974E+00 1.15326539E+00 1.15293664E+00 1.15250270E+00 1.15194257E+00 1.15124405E+00 1.15038198E+00 1.14934076E+00 1.14809727E+00 1.14663199E+00 1.14490840E+00 1.14291024E+00 1.14060670E+00 1.13797332E+00 1.13499660E+00 1.13163318E+00 1.12821848E+00 1.12443930E+00 1.12075981E+00 1.11675270E+00 1.11292258E+00 1.10881111E+00 1.10492538E+00 1.10079689E+00 1.09692964E+00 1.09286283E+00 1.08909727E+00 1.08516489E+00 1.08153891E+00 1.07777272E+00 1.07432514E+00 1.07076643E+00 1.06752288E+00 1.06418938E+00 1.06116285E+00 1.05806004E+00 1.05525259E+00 1.05238676E+00 1.04960092E+00 1.04676173E+00 1.04386435E+00 1.04090850E+00 1.03789948E+00 1.03483633E+00 1.03171148E+00 1.02852722E+00 1.02529722E+00 1.02201575E+00 1.01864881E+00 1.01521445E+00 1.01183397E+00 1.00846727E+00 1.00458478E+00 1.00000000E+00
1.12414956E+00 1.12415042E+00 1.12414752E+00 1.12414419E+00 1.12414191E+00 1.12414142E+00 1.12414173E+00 1.12414192E+00 1.12414182E+00 1.12414148E+00 1.12414119E+00 1.12414112E+00 1.12414123E+00 1.12414143E+00 1.12414171E+00 1.12414204E+00 1.12414247E+00 1.12414300E+00 1.12414366E+00 1.12414443E+00 1.12414534E+00 1.12414639E+00 1.12414760E+00 1.12414899E+00 1.12415057E+00 1.12415236E+00 1.12415438E+00 1.12415665E+00 1.12415919E+00 1.12416203E+00 1.12416518E+00 1.12416868E+00 1.12417253E+00 1.12417675E+00 1.12418136E+00 1.12418638E+00 1.12419181E+00 1.12419765E+00 1.12420388E+00 1.12421050E+00 1.12421747E+00 1.12422473E+00 1.12423223E+00 1.12423985E+00 1.12424750E+00 1.12425499E+00 1.12426214E+00 1.12426868E+00 1.12427435E+00 1.12427872E+00 1.12428144E+00 1.12428185E+00 1.12427944E+00 1.12427333E+00 1.12426281E+00 1.12424663E+00 1.12422384E+00 1.12419275E+00 1.12415208E+00 1.12409957E+00 1.12403357E+00 1.12395106E+00 1.12384990E+00 1.12372631E+00 1.12357752E+00 1.12339854E+00 1.12318604E+00 1.12293375E+00 1.12263732E+00 1.12228912E+00 1.12188391E+00 1.12141224E+00 1.12086773E+00 1.12023898E+00 1.11951860E+00 1.11869278E+00 1.11775308E+00 1.11668293E+00 1.11547158E+00 1.11410188E+00 1.11256202E+00 1.11082963E+00 1.10889177E+00 1.10672591E+00 1.10431692E+00 1.10166218E+00 1.09872690E+00 1.09580141E+00 1.09261349E+00 1.08955550E+00 1.08626423E+00 1.08314923E+00 1.07983608E+00 1.07673291E+00 1.07346106E+00 1.07041922E+00 1.06723995E+00 1.06431146E+00 1.06126938E+00 1.05848228E+00 1.05560326E+00 1.05298028E+00 1.05028514E+00 1.04784062E+00 1.04533995E+00 1.04308134E+00 1.04077673E+00 1.03870067E+00 1.03659076E+00 1.03454964E+00 1.03247940E+00 1.03037850E+00 1.02824772E+00 1.02609209E+00 1.02391147E+00 1.02170354E+00 1.01947277E+00 1.01723319E+00 1.01497921E+00 1.01268605E+00 1.01037720E+00 1.00818244E+00 1.00606074E+00 1.00341003E+00 1.00000000E+00
1.12895059E+00 1.12895951E+00 1.12897149E+00 1.12897807E+00 1.12897920E+00 1.12897649E+00 1.12897305E+00 1.12897142E+00 1.12897120E+00 1.12897161E+00 1.12897189E+00 1.12897167E+00 1.12897128E+00 1.12897101E+00 1.12897096E+00 1.12897112E+00 1.12897141E+00 1.12897177E+00 1.12897225E+00 1.12897286E+00 1.12897363E+00 1.12897457E+00 1.12897569E+00 1.12897700E+00 1.12897853E+00 1.12898029E+00 1.12898230E+00 1.12898460E+00 1.12898721E+00 1.12899016E+00 1.12899347E+00 1.12899719E+00 1.12900134E+00 1.12900596E+00 1.12901106E+00 1.12901671E+00 1.12902290E+00 1.12902967E+00 1.12903704E+00 1.12904502E+00 1.12905362E+00 1.12906281E+00 1.12907260E+00 1.12908292E+00 1.12909372E+00 1.12910488E+00 1.12911630E+00 1.12912778E+00 1.12913915E+00 1.12915007E+00 1.12916030E+00 1.12916928E+00 1.12917660E+00 1.12918155E+00 1.12918354E+00 1.12918148E+00 1.12917455E+00 1.12916123E+00 1.12914037E+00 1.12910989E+00 1.12906832E+00 1.12901277E+00 1.12894127E+00 1.12885028E+00 1.12873714E+00 1.12859695E+00 1.12842651E+00 1.12821958E+00 1.12797178E+00 1.12767547E+00 1.12732537E+00 1.12691192E+00 1.12642856E+00 1.12586338E+00 1.12520887E+00 1.12445046E+00 1.12357930E+00 1.12257771E+00 1.12143420E+00 1.12013073E+00 1.11865458E+00 1.11698124E+00 1.11509688E+00 1.11297734E+00 1.11060573E+00 1.10797653E+00 1.10505345E+00 1.10212484E+00 1.09891968E+00 1.09583167E+00 1.09249565E+00 1.08932754E+00 1.08594709E+00 1.08277106E+00 1.07941204E+00 1.07627853E+00 1.07299587E+00 1.06996600E+00 1.06681066E+00 1.06391067E+00 1.06090696E+00 1.05816371E+00 1.05533821E+00 1.05276818E+00 1.05013234E+00 1.04774435E+00 1.04530062E+00 1.04309334E+00 1.04084357E+00 1.03865980E+00 1.03643765E+00 1.03417381E+00 1.03186842E+00 1.02952573E+00 1.02714451E+00 1.02471948E+00 1.02225321E+00 1.01975720E+00 1.01722522E+00 1.01462859E+00 1.01198500E+00 1.00941438E+00 1.00688970E+00 1.00382930E+00 1.00000000E+00
1.13585954E+00 1.13586202E+00 1.13586512E+00 1.13586751E+00 1.13586892E+00 1.13586947E+00 1.13586966E+00 1.13586990E+00 1.13587017E+00 1.13587044E+00 1.13587065E+00 1.13587082E+00 1.13587098E+00 1.13587121E+00 1.13587149E+00 1.13587186E+00 1.13587232E+00 1.13587288E+00 1.13587357E+00 1.13587440E+00 1.13587539E+00 1.13587658E+00 1.13587797E+00 1.13587960E+00 1.13588150E+00 1.13588371E+00 1.13588625E+00 1.13588918E+00 1.13589252E+00 1.13589635E+00 1.13590069E+00 1.13590562E+00 1.13591118E+00 1.13591744E+00 1.13592444E+00 1.13593229E+00 1.13594102E+00 1.13595071E+00 1.13596141E+00 1.13597320E+00 1.13598613E+00 1.13600025E+00 1.13601559E+00 1.13603220E+00 1.13605005E+00 1.13606914E+00 1.13608940E+00 1.13611075E+00 1.13613309E+00 1.13615618E+00 1.13617984E+00 1.13620360E+00 1.13622711E+00 1.13624984E+00 1.13627123E+00 1.13629020E+00 1.13630601E+00 1.13631716E+00 1.13632251E+00 1.13632001E+00 1.13630815E+00 1.13628394E+00 1.13624535E+00 1.13618881E+00 1.13611143E+00 1.13600790E+00 1.13587488E+00 1.13570557E+00 1.13549525E+00 1.13523569E+00 1.13492110E+00 1.13454108E+00 1.13408851E+00 1.13355034E+00 1.13291841E+00 1.13217666E+00 1.13131542E+00 1.13031536E+00 1.12916403E+00 1.12784207E+00 1.12633519E+00 1.12461641E+00 1.12267116E+00 1.12047339E+00 1.11800442E+00 1.11525729E+00 1.11219365E+00 1.10911662E+00 1.10574153E+00 1.10248281E+00 1.09895669E+00 1.09560369E+00 1.09202092E+00 1.08864985E+00 1.08508105E+00 1.08174940E+00 1.07825570E+00 1.07502756E+00 1.07166315E+00 1.06856838E+00 1.06536041E+00 1.06242864E+00 1.05940676E+00 1.05665627E+00 1.05383331E+00 1.05127408E+00 1.04865376E+00 1.04628562E+00 1.04387055E+00 1.04152498E+00 1.03913683E+00 1.03670286E+00 1.03422291E+00 1.03170087E+00 1.02913595E+00 1.02652314E+00 1.02386421E+00 1.02117009E+00 1.01843617E+00 1.01563525E+00 1.01278326E+00 1.00999887E+00 1.00726357E+00 1.00400966E+00 1.00000000E+00
1.14152232E+00 1.14153035E+00 1.14153642E+00 1.14154065E+00 1.14154370E+00 1.14154621E+00 1.14154830E+00 1.14155007E+00 1.14155146E+00 1.14155257E+00 1.14155347E+00 1.14155428E+00 1.14155504E+00 1.14155580E+00 1.14155659E+00 1.14155745E+00 1.14155841E+00 1.14155952E+00 1.14156079E+00 1.14156227E+00 1.14156398E+00 1.14156599E+00 1.14156830E+00 1.14157099E+00 1.14157409E+00 1.14157765E+00 1.14158174E+00 1.14158642E+00 1.14159175E+00 1.14159782E+00 1.14160469E+00 1.14161246E+00 1.14162120E+00 1.14163104E+00 1.14164204E+00 1.14165433E+00 1.14166801E+00 1.14168319E+00 1.14169997E+00 1.14171848E+00 1.14173881E+00 1.14176108E+00 1.14178534E+00 1.14181169E+00 1.14184016E+00 1.14187080E+00 1.14190358E+00 1.14193848E+00 1.14197541E+00 1.14201417E+00 1.14205458E+00 1.14209617E+00 1.14213859E+00 1.14218138E+00 1.14222387E+00 1.14226488E+00 1.14230364E+00 1.14233847E+00 1.14236815E+00 1.14239047E+00 1.14240373E+00 1.14240462E+00 1.14239091E+00 1.14235871E+00 1.14230480E+00 1.14222325E+00 1.14211039E+00 1.14195873E+00 1.14176312E+00 1.14151459E+00 1.14120679E+00 1.14082838E+00 1.14037165E+00 1.13982265E+00 1.13917255E+00 1.13840403E+00 1.13750683E+00 1.13646042E+00 1.13525163E+00 1.13386029E+00 1.13227120E+00 1.13045578E+00 1.12839917E+00 1.12607451E+00 1.12346234E+00 1.12055604E+00 1.11731569E+00 1.11406319E+00 1.11049743E+00 1.10705659E+00 1.10333578E+00 1.09980038E+00 1.09602510E+00 1.09247482E+00 1.08871900E+00 1.08521611E+00 1.08154479E+00 1.07815385E+00 1.07462191E+00 1.07137513E+00 1.06801142E+00 1.06493898E+00 1.06177353E+00 1.05889386E+00 1.05593947E+00 1.05326231E+00 1.05052259E+00 1.04804754E+00 1.04552442E+00 1.04307492E+00 1.04058181E+00 1.03804220E+00 1.03545586E+00 1.03282644E+00 1.03015350E+00 1.02743254E+00 1.02466501E+00 1.02186155E+00 1.01901856E+00 1.01611021E+00 1.01315176E+00 1.01026127E+00 1.00742470E+00 1.00408374E+00 1.00000000E+00
1.14601005E+00 1.14601754E+00 1.14602352E+00 1.14602865E+00 1.14603293E+00 1.14603648E+00 1.14603937E+00 1.14604181E+00 1.14604390E+00 1.14604579E+00 1.14604754E+00 1.14604922E+00 1.14605088E+00 1.14605259E+00 1.14605440E+00 1.14605636E+00 1.14605850E+00 1.14606089E+00 1.14606356E+00 1.14606658E+00 1.14606997E+00 1.14607381E+00 1.14607814E+00 1.14608303E+00 1.14608855E+00 1.14609477E+00 1.14610177E+00 1.14610964E+00 1.14611846E+00 1.14612834E+00 1.14613936E+00 1.14615166E+00 1.14616533E+00 1.14618053E+00 1.14619733E+00 1.14621592E+00 1.14623639E+00 1.14625891E+00 1.14628358E+00 1.14631057E+00 1.14634000E+00 1.14637199E+00 1.14640660E+00 1.14644395E+00 1.14648408E+00 1.14652705E+00 1.14657280E+00 1.14662132E+00 1.14667250E+00 1.14672610E+00 1.14678187E+00 1.14683925E+00 1.14689785E+00 1.14695716E+00 1.14701638E+00 1.14707409E+00 1.14712944E+00 1.14718051E+00 1.14722593E+00 1.14726323E+00 1.14729051E+00 1.14730403E+00 1.14730136E+00 1.14727821E+00 1.14723104E+00 1.14715330E+00 1.14704110E+00 1.14688628E+00 1.14668334E+00 1.14642271E+00 1.14609762E+00 1.14569596E+00 1.14520963E+00 1.14462413E+00 1.14393016E+00 1.14310956E+00 1.14215181E+00 1.14103572E+00 1.13974770E+00 1.13826729E+00 1.13657894E+00 1.13465331E+00 1.13247555E+00 1.13001871E+00 1.12726316E+00 1.12420348E+00 1.12079865E+00 1.11738795E+00 1.11365518E+00 1.11005927E+00 1.10617672E+00 1.10249321E+00 1.09856507E+00 1.09487556E+00 1.09097717E+00 1.08734625E+00 1.08354446E+00 1.08003594E+00 1.07638492E+00 1.07303189E+00 1.06956100E+00 1.06639313E+00 1.06313162E+00 1.06016673E+00 1.05712672E+00 1.05437373E+00 1.05155820E+00 1.04901607E+00 1.04642592E+00 1.04391269E+00 1.04135594E+00 1.03875306E+00 1.03610383E+00 1.03341175E+00 1.03067656E+00 1.02789422E+00 1.02506602E+00 1.02220238E+00 1.01930037E+00 1.01633517E+00 1.01332172E+00 1.01037762E+00 1.00749139E+00 1.00411162E+00 1.00000000E+00
1.14959481E+00 1.14960231E+00 1.14960834E+00 1.14961352E+00 1.14961789E+00 1.14962172E+00 1.14962516E+00 1.14962838E+00 1.14963143E+00 1.14963442E+00 1.14963739E+00 1.14964043E+00 1.14964359E+00 1.14964693E+00 1.14965048E+00 1.14965432E+00 1.14965849E+00 1.14966304E+00 1.14966802E+00 1.14967351E+00 1.14967955E+00 1.14968622E+00 1.14969356E+00 1.14970168E+00 1.14971063E+00 1.14972054E+00 1.14973146E+00 1.14974352E+00 1.14975681E+00 1.14977146E+00 1.14978754E+00 1.14980522E+00 1.14982461E+00 1.14984588E+00 1.14986911E+00 1.14989449E+00 1.14992212E+00 1.14995219E+00 1.14998480E+00 1.15002011E+00 1.15005824E+00 1.15009930E+00 1.15014334E+00 1.15019042E+00 1.15024059E+00 1.15029390E+00 1.15035022E+00 1.15040948E+00 1.15047155E+00 1.15053608E+00 1.15060275E+00 1.15067084E+00 1.15073992E+00 1.15080935E+00 1.15087821E+00 1.15094481E+00 1.15100822E+00 1.15106626E+00 1.15111739E+00 1.15115892E+00 1.15118871E+00 1.15120268E+00 1.15119817E+00 1.15117056E+00 1.15111605E+00 1.15102763E+00 1.15090119E+00 1.15072811E+00 1.15050263E+00 1.15021476E+00 1.14985745E+00 1.14941808E+00 1.14888831E+00 1.14825335E+00 1.14750364E+00 1.14662055E+00 1.14559347E+00 1.14440095E+00 1.14302922E+00 1.14145780E+00 1.13967114E+00 1.13763964E+00 1.13534860E+00 1.13277130E+00 1.12988829E+00 1.12669553E+00 1.12315122E+00 1.11960925E+00 1.11574067E+00 1.11202120E+00 1.10801203E+00 1.10421453E+00 1.10017068E+00 1.09637751E+00 1.09237453E+00 1.08865108E+00 1.08475635E+00 1.08116519E+00 1.07743153E+00 1.07400579E+00 1.07046247E+00 1.06723093E+00 1.06390604E+00 1.06088562E+00 1.05779042E+00 1.05498912E+00 1.05212585E+00 1.04954193E+00 1.04691045E+00 1.04435836E+00 1.04176320E+00 1.03912261E+00 1.03643639E+00 1.03370789E+00 1.03093700E+00 1.02812003E+00 1.02525818E+00 1.02236170E+00 1.01942808E+00 1.01643331E+00 1.01339214E+00 1.01042173E+00 1.00751221E+00 1.00411752E+00 1.00000000E+00
1.12825455E+00 1.12825859E+00 1.12825810E+00 1.12825524E+00 1.12825239E+00 1.12825126E+00 1.12825128E+00 1.12825164E+00 1.12825184E+00 1.12825167E+00 1.12825143E+00 1.12825134E+00 1.12825144E+00 1.12825168E+00 1.12825201E+00 1.12825241E+00 1.12825289E+00 1.12825348E+00 1.12825420E+00 1.12825505E+00 1.12825603E+00 1.12825717E+00 1.12825848E+00 1.12825997E+00 1.12826166E+00 1.12826357E+00 1.12826572E+00 1.12826813E+00 1.12827082E+00 1.12827381E+00 1.12827712E+00 1.12828078E+00 1.12828479E+00 1.12828918E+00 1.12829396E+00 1.12829914E+00 1.12830471E+00 1.12831068E+00 1.12831702E+00 1.12832371E+00 1.12833072E+00 1.12833796E+00 1.12834537E+00 1.12835282E+00 1.12836020E+00 1.12836730E+00 1.12837392E+00 1.12837975E+00 1.12838452E+00 1.12838773E+00 1.12838903E+00 1.12838767E+00 1.12838313E+00 1.12837446E+00 1.12836090E+00 1.12834108E+00 1.12831403E+00 1.12827793E+00 1.12823144E+00 1.12817217E+00 1.12809840E+00 1.12800696E+00 1.12789563E+00 1.12776043E+00 1.12759847E+00 1.12740461E+00 1.12717534E+00 1.12690422E+00 1.12658681E+00 1.12621525E+00 1.12578414E+00 1.12528381E+00 1.12470770E+00 1.12404435E+00 1.12328608E+00 1.12241896E+00 1.12143427E+00 1.12031545E+00 1.11905191E+00 1.11762618E+00 1.11602605E+00 1.11422950E+00 1.11222371E+00 1.10998585E+00 1.10750058E+00 1.10476627E+00 1.10174735E+00 1.09874360E+00 1.09547351E+00 1.09234009E+00 1.08897100E+00 1.08578543E+00 1.08239890E+00 1.07922764E+00 1.07588506E+00 1.07278082E+00 1.06953703E+00 1.06654763E+00 1.06344191E+00 1.06059629E+00 1.05765606E+00 1.05497674E+00 1.05222198E+00 1.04972205E+00 1.04716230E+00 1.04484831E+00 1.04248586E+00 1.04035592E+00 1.03818880E+00 1.03608941E+00 1.03395676E+00 1.03179002E+00 1.02958938E+00 1.02735731E+00 1.02509390E+00 1.02279807E+00 1.02047129E+00 1.01812144E+00 1.01574693E+00 1.01333267E+00 1.01088740E+00 1.00851489E+00 1.00624461E+00 1.00351069E+00 1.00000000E+00
1.13061249E+00 1.13061814E+00 1.13062832E+00 1.13063494E+00 1.13063702E+00 1.13063520E+00 1.13063228E+00 1.13063070E+00 1.13063036E+00 1.13063076E+00 1.13063116E+00 1.13063116E+00 1.13063099E+00 1.13063091E+00 1.13063102E+00 1.13063133E+00 1.13063177E+00 1.13063230E+00 1.13063294E+00 1.13063372E+00 1.13063466E+00 1.13063577E+00 1.13063705E+00 1.13063854E+00 1.13064024E+00 1.13064218E+00 1.13064437E+00 1.13064684E+00 1.13064961E+00 1.13065271E+00 1.13065616E+00 1.13065998E+00 1.13066420E+00 1.13066885E+00 1.13067393E+00 1.13067947E+00 1.13068547E+00 1.13069195E+00 1.13069888E+00 1.13070627E+00 1.13071408E+00 1.13072226E+00 1.13073076E+00 1.13073947E+00 1.13074829E+00 1.13075703E+00 1.13076552E+00 1.13077349E+00 1.13078068E+00 1.13078664E+00 1.13079102E+00 1.13079315E+00 1.13079249E+00 1.13078818E+00 1.13077947E+00 1.13076504E+00 1.13074396E+00 1.13071445E+00 1.13067519E+00 1.13062385E+00 1.13055873E+00 1.13047668E+00 1.13037551E+00 1.13025129E+00 1.13010114E+00 1.12991986E+00 1.12970399E+00 1.12944701E+00 1.12914441E+00 1.12878828E+00 1.12837313E+00 1.12788917E+00 1.12732970E+00 1.12668299E+00 1.12594129E+00 1.12509025E+00 1.12412097E+00 1.12301640E+00 1.12176562E+00 1.12035074E+00 1.11875920E+00 1.11696816E+00 1.11496440E+00 1.11272439E+00 1.11023217E+00 1.10748524E+00 1.10444728E+00 1.10141978E+00 1.09811953E+00 1.09495299E+00 1.09154435E+00 1.08831799E+00 1.08488464E+00 1.08166639E+00 1.07827112E+00 1.07511469E+00 1.07181385E+00 1.06876970E+00 1.06560455E+00 1.06270163E+00 1.05969963E+00 1.05696184E+00 1.05414476E+00 1.05158592E+00 1.04896370E+00 1.04659095E+00 1.04416632E+00 1.04197847E+00 1.03975040E+00 1.03758972E+00 1.03539262E+00 1.03315781E+00 1.03088529E+00 1.02857725E+00 1.02623350E+00 1.02385224E+00 1.02143444E+00 1.01898728E+00 1.01650903E+00 1.01398425E+00 1.01142027E+00 1.00891729E+00 1.00651214E+00 1.00364608E+00 1.00000000E+00
1.13341009E+00 1.13342476E+00 1.13343890E+00 1.13344643E+00 1.13344857E+00 1.13344782E+00 1.13344665E+00 1.13344689E+00 1.13344791E+00 1.13344896E+00 1.13344963E+00 1.13344982E+00 1.13344986E+00 1.13345003E+00 1.13345036E+00 1.13345081E+00 1.13345136E+00 1.13345200E+00 1.13345275E+00 1.13345367E+00 1.13345476E+00 1.13345604E+00 1.13345753E+00 1.13345926E+00 1.13346123E+00 1.13346349E+00 1.13346606E+00 1.13346897E+00 1.13347224E+00 1.13347592E+00 1.13348002E+00 1.13348460E+00 1.13348967E+00 1.13349528E+00 1.13350145E+00 1.13350822E+00 1.13351560E+00 1.13352361E+00 1.13353227E+00 1.13354158E+00 1.13355153E+00 1.13356207E+00 1.13357318E+00 1.13358478E+00 1.13359676E+00 1.13360897E+00 1.13362125E+00 1.13363335E+00 1.13364503E+00 1.13365584E+00 1.13366546E+00 1.13367320E+00 1.13367855E+00 1.13368065E+00 1.13367876E+00 1.13367151E+00 1.13365797E+00 1.13363631E+00 1.13360519E+00 1.13356222E+00 1.13350564E+00 1.13343222E+00 1.13333968E+00 1.13322400E+00 1.13308218E+00 1.13290879E+00 1.13270028E+00 1.13244984E+00 1.13215282E+00 1.13180099E+00 1.13138867E+00 1.13090569E+00 1.13034511E+00 1.12969477E+00 1.12894668E+00 1.12808593E+00 1.12710335E+00 1.12598133E+00 1.12470859E+00 1.12326683E+00 1.12164304E+00 1.11981363E+00 1.11776512E+00 1.11547348E+00 1.11292227E+00 1.11010896E+00 1.10699642E+00 1.10389397E+00 1.10051139E+00 1.09726532E+00 1.09377083E+00 1.09046325E+00 1.08694331E+00 1.08364371E+00 1.08016273E+00 1.07692695E+00 1.07354312E+00 1.07042234E+00 1.06717769E+00 1.06420189E+00 1.06112457E+00 1.05831821E+00 1.05543059E+00 1.05280774E+00 1.05011991E+00 1.04768782E+00 1.04520263E+00 1.04296017E+00 1.04067650E+00 1.03846194E+00 1.03621005E+00 1.03391962E+00 1.03159060E+00 1.02922510E+00 1.02682305E+00 1.02438283E+00 1.02190521E+00 1.01939723E+00 1.01685769E+00 1.01427178E+00 1.01164637E+00 1.00908086E+00 1.00661557E+00 1.00369604E+00 1.00000000E+00
1.13560385E+00 1.13560532E+00 1.13560756E+00 1.13561007E+00 1.13561209E+00 1.13561324E+00 1.13561384E+00 1.13561427E+00 1.13561469E+00 1.13561519E+00 1.13561569E+00 1.13561619E+00 1.13561670E+00 1.13561727E+00 1.13561794E+00 1.13561873E+00 1.13561964E+00 1.13562071E+00 1.13562193E+00 1.13562336E+00 1.13562499E+00 1.13562686E+00 1.13562899E+00 1.13563141E+00 1.13563415E+00 1.13563725E+00 1.13564073E+00 1.13564463E+00 1.13564900E+00 1.13565387E+00 1.13565927E+00 1.13566526E+00 1.13567187E+00 1.13567915E+00 1.13568713E+00 1.13569585E+00 1.13570534E+00 1.13571563E+00 1.13572673E+00 1.13573865E+00 1.13575140E+00 1.13576492E+00 1.13577920E+00 1.13579413E+00 1.13580964E+00 1.13582556E+00 1.13584172E+00 1.13585787E+00 1.13587374E+00 1.13588889E+00 1.13590294E+00 1.13591519E+00 1.13592508E+00 1.13593174E+00 1.13593437E+00 1.13593152E+00 1.13592222E+00 1.13590453E+00 1.13587705E+00 1.13583728E+00 1.13578339E+00 1.13571198E+00 1.13562068E+00 1.13550531E+00 1.13536276E+00 1.13518735E+00 1.13497542E+00 1.13471992E+00 1.13441604E+00 1.13405532E+00 1.13363190E+00 1.13313531E+00 1.13255846E+00 1.13188895E+00 1.13111860E+00 1.13023216E+00 1.12922035E+00 1.12806529E+00 1.12675553E+00 1.12527263E+00 1.12360341E+00 1.12172396E+00 1.11962082E+00 1.11726987E+00 1.11465458E+00 1.11177295E+00 1.10858732E+00 1.10541467E+00 1.10195805E+00 1.09864326E+00 1.09507712E+00 1.09170391E+00 1.08811617E+00 1.08475475E+00 1.08121041E+00 1.07791756E+00 1.07447550E+00 1.07130217E+00 1.06800422E+00 1.06498071E+00 1.06185512E+00 1.05900569E+00 1.05607460E+00 1.05341308E+00 1.05068630E+00 1.04821960E+00 1.04569971E+00 1.04342644E+00 1.04111190E+00 1.03886789E+00 1.03658651E+00 1.03426663E+00 1.03190822E+00 1.02951332E+00 1.02708196E+00 1.02461266E+00 1.02210612E+00 1.01956932E+00 1.01700132E+00 1.01438777E+00 1.01173537E+00 1.00914305E+00 1.00665279E+00 1.00371291E+00 1.00000000E+00
1.13722593E+00 1.13723044E+00 1.13723473E+00 1.13723806E+00 1.13724036E+00 1.13724192E+00 1.13724311E+00 1.13724426E+00 1.13724536E+00 1.13724639E+00 1.13724736E+00 1.13724832E+00 1.13724932E+00 1.13725041E+00 1.13725160E+00 1.13725294E+00 1.13725442E+00 1.13725609E+00 1.13725796E+00 1.13726007E+00 1.13726243E+00 1.13726508E+00 1.13726804E+00 1.13727135E+00 1.13727504E+00 1.13727914E+00 1.13728369E+00 1.13728873E+00 1.13729430E+00 1.13730044E+00 1.13730719E+00 1.13731459E+00 1.13732269E+00 1.13733153E+00 1.13734114E+00 1.13735156E+00 1.13736282E+00 1.13737494E+00 1.13738793E+00 1.13740180E+00 1.13741653E+00 1.13743208E+00 1.13744841E+00 1.13746540E+00 1.13748295E+00 1.13750088E+00 1.13751902E+00 1.13753705E+00 1.13755471E+00 1.13757150E+00 1.13758704E+00 1.13760052E+00 1.13761138E+00 1.13761870E+00 1.13762162E+00 1.13761859E+00 1.13760861E+00 1.13758964E+00 1.13756021E+00 1.13751773E+00 1.13746030E+00 1.13738437E+00 1.13728752E+00 1.13716543E+00 1.13701490E+00 1.13683009E+00 1.13660727E+00 1.13633923E+00 1.13602105E+00 1.13564415E+00 1.13520257E+00 1.13468569E+00 1.13408630E+00 1.13339194E+00 1.13259434E+00 1.13167810E+00 1.13063392E+00 1.12944385E+00 1.12809639E+00 1.12657313E+00 1.12486089E+00 1.12293567E+00 1.12078410E+00 1.11838218E+00 1.11571345E+00 1.11277649E+00 1.10953332E+00 1.10630688E+00 1.10279493E+00 1.09943005E+00 1.09581284E+00 1.09239384E+00 1.08875977E+00 1.08535697E+00 1.08177096E+00 1.07844132E+00 1.07496235E+00 1.07175628E+00 1.06842563E+00 1.06537335E+00 1.06221911E+00 1.05934450E+00 1.05638835E+00 1.05370486E+00 1.05095624E+00 1.04847040E+00 1.04593159E+00 1.04364174E+00 1.04131078E+00 1.03905132E+00 1.03675463E+00 1.03441969E+00 1.03204648E+00 1.02963697E+00 1.02719125E+00 1.02470797E+00 1.02218778E+00 1.01963761E+00 1.01705668E+00 1.01443095E+00 1.01176702E+00 1.00916351E+00 1.00666329E+00 1.00371669E+00 1.00000000E+00
1.13847299E+00 1.13847932E+00 1.13848444E+00 1.13848821E+00 1.13849090E+00 1.13849304E+00 1.13849488E+00 1.13849664E+00 1.13849826E+00 1.13849978E+00 1.13850123E+00 1.13850269E+00 1.13850420E+00 1.13850580E+00 1.13850753E+00 1.13850940E+00 1.13851143E+00 1.13851367E+00 1.13851612E+00 1.13851883E+00 1.13852182E+00 1.13852510E+00 1.13852872E+00 1.13853270E+00 1.13853707E+00 1.13854188E+00 1.13854715E+00 1.13855292E+00 1.13855922E+00 1.13856611E+00 1.13857362E+00 1.13858177E+00 1.13859061E+00 1.13860019E+00 1.13861052E+00 1.13862164E+00 1.13863357E+00 1.13864631E+00 1.13865989E+00 1.13867426E+00 1.13868943E+00 1.13870532E+00 1.13872188E+00 1.13873896E+00 1.13875646E+00 1.13877417E+00 1.13879187E+00 1.13880925E+00 1.13882601E+00 1.13884159E+00 1.13885559E+00 1.13886717E+00 1.13887570E+00 1.13888024E+00 1.13887988E+00 1.13887299E+00 1.13885855E+00 1.13883442E+00 1.13879911E+00 1.13874995E+00 1.13868498E+00 1.13860057E+00 1.13849423E+00 1.13836158E+00 1.13819936E+00 1.13800161E+00 1.13776458E+00 1.13748098E+00 1.13714582E+00 1.13675046E+00 1.13628891E+00 1.13575045E+00 1.13512787E+00 1.13440868E+00 1.13358460E+00 1.13264017E+00 1.13156613E+00 1.13034454E+00 1.12896391E+00 1.12740594E+00 1.12565746E+00 1.12369456E+00 1.12150396E+00 1.11906180E+00 1.11635172E+00 1.11337287E+00 1.11008703E+00 1.10682149E+00 1.10327009E+00 1.09987020E+00 1.09621792E+00 1.09276804E+00 1.08910326E+00 1.08567351E+00 1.08206081E+00 1.07870801E+00 1.07520619E+00 1.07198014E+00 1.06862985E+00 1.06556059E+00 1.06238970E+00 1.05950068E+00 1.05653040E+00 1.05383473E+00 1.05107417E+00 1.04857803E+00 1.04602920E+00 1.04373070E+00 1.04139131E+00 1.03912404E+00 1.03681973E+00 1.03447744E+00 1.03209715E+00 1.02968079E+00 1.02722849E+00 1.02473897E+00 1.02221287E+00 1.01965706E+00 1.01707089E+00 1.01444052E+00 1.01177250E+00 1.00916520E+00 1.00666202E+00 1.00371482E+00 1.00000000E+00
