$MeshFormat
2.2 0 8
$EndMeshFormat
$Nodes
2605
1 -15 0 0
2 -1 0 0
3 0 0 0
4 1 0 0
5 15 0 0
6 15 2 0
7 1 2 0
8 -1 2 0
9 -15 2 0
10 -14.32347118866345 0 0
11 -13.67496433161291 0 0
12 -13.05331866902616 0 0
13 -12.45742158104789 0 0
14 -11.88620664569961 0 0
15 -11.33865161968771 0 0
16 -10.81377633655756 0 0
17 -10.31064137644444 0 0
18 -9.82834642664367 0 0
19 -9.36602825964237 0 0
20 -8.922859170650662 0 0
21 -8.49804644074219 0 0
22 -8.090829288861924 0 0
23 -7.700479233968957 0 0
24 -7.326297516022479 0 0
25 -6.967614444337773 0 0
26 -6.623788108301364 0 0
27 -6.294203068972408 0 0
28 -5.978269477916189 0 0
29 -5.675421953908977 0 0
30 -5.385118363094541 0 0
31 -5.106839205961643 0 0
32 -4.840086388596491 0 0
33 -4.584382583409521 0 0
34 -4.339269963057578 0 0
35 -4.104310038528221 0 0
36 -3.879082127904521 0 0
37 -3.663183196819851 0 0
38 -3.456226776012265 0 0
39 -3.257842559214978 0 0
40 -3.067675442080027 0 0
41 -2.88538508152519 0 0
42 -2.710645189103454 0 0
43 -2.543143064419111 0 0
44 -2.382578892036021 0 0
45 -2.228665323602346 0 0
46 -2.081126875899241 0 0
47 -1.939699485910078 0 0
48 -1.804130017707262 0 0
49 -1.674175866025774 0 0
50 -1.549604453929074 0 0
51 -1.430192802691531 0 0
52 -1.315727187453856 0 0
53 -1.206002727998843 0 0
54 -1.100823082646993 0 0
55 -14.66173559433172 0 0
56 -13.99921776013814 0 0
57 -13.36414150031936 0 0
58 -12.75537012503699 0 0
59 -12.17181411337363 0 0
60 -11.61242913269357 0 0
61 -11.07621397812276 0 0
62 -10.56220885650117 0 0
63 -10.06949390154393 0 0
64 -9.597187343142995 0 0
65 -9.144443715146526 0 0
66 -8.710452805696548 0 0
67 -8.294437864802035 0 0
68 -7.89565426141565 0 0
69 -7.51338837499577 0 0
70 -7.146955980180095 0 0
71 -6.795701276319395 0 0
72 -6.458995588636865 0 0
73 -6.136236273444196 0 0
74 -5.826845715912619 0 0
75 -5.530270158501875 0 0
76 -5.245978784528139 0 0
77 -4.973462797279169 0 0
78 -4.712234486002966 0 0
79 -4.461826273233637 0 0
80 -4.221790000792847 0 0
81 -3.99169608321618 0 0
82 -3.771132662362069 0 0
83 -3.559704986416026 0 0
84 -3.357034667613632 0 0
85 -3.162759000647435 0 0
86 -2.976530261802651 0 0
87 -2.798015135314259 0 0
88 -2.626894126761249 0 0
89 -2.462860978227509 0 0
90 -2.305622107819195 0 0
91 -2.154896099750855 0 0
92 -2.010413180904632 0 0
93 -1.87191475180866 0 0
94 -1.739152941866509 0 0
95 -1.611890159977458 0 0
96 -1.489898628310298 0 0
97 -1.372959995072694 0 0
98 -1.26086495772639 0 0
99 -1.153412905322988 0 0
100 -1.050411541323463 0 0
101 0.9951847266723544 0.09801714032796163 0
102 0.9807852804035682 0.1950903220144303 0
103 0.9569403357327284 0.2902846772527498 0
104 0.9238795325120124 0.382683432363338 0
105 0.8819212643493347 0.4713967368241648 0
106 0.8314696123038197 0.5555702330176949 0
107 0.7730104533642853 0.6343932841617589 0
108 0.7071067811884142 0.707106781184681 0
109 0.6343932841658105 0.7730104533609601 0
110 0.5555702330220916 0.8314696123008818 0
111 0.4713967368287524 0.8819212643468826 0
112 0.3826834323681446 0.9238795325100214 0
113 0.290284677257803 0.9569403357311955 0
114 0.1950903220197188 0.9807852804025162 0
115 0.09801714033337855 0.9951847266718209 0
116 3.969108545374892e-12 1 0
117 -0.09801714032590926 0.9951847266725565 0
118 -0.1950903220128783 0.9807852804038769 0
119 -0.2902846772516289 0.9569403357330684 0
120 -0.3826834323626949 0.9238795325122787 0
121 -0.4713967368239552 0.8819212643494467 0
122 -0.5555702330179728 0.831469612303634 0
123 -0.6343932841623796 0.7730104533637758 0
124 -0.707106781185612 0.7071067811874832 0
125 -0.7730104533621163 0.6343932841644018 0
126 -0.8314696123022463 0.5555702330200496 0
127 -0.881921264348275 0.4713967368261475 0
128 -0.9238795325113299 0.3826834323649856 0
129 -0.9569403357323321 0.2902846772540561 0
130 -0.9807852804033902 0.1950903220153254 0
131 -0.9951847266723155 0.09801714032835608 0
132 0.9987954562052117 0.04906767432661711 0
133 0.989176509965026 0.1467304744537096 0
134 0.9700312531949717 0.2429801799015563 0
135 0.9415440651836411 0.3368898533904865 0
136 0.9039892931242925 0.4275550934284865 0
137 0.8577286100013987 0.5141027441913422 0
138 0.8032075314820406 0.5956993044905515 0
139 0.7409511253566754 0.6715589548451246 0
140 0.6715589548490236 0.7409511253531417 0
141 0.5956993044947697 0.8032075314789121 0
142 0.5141027441958412 0.857728609998702 0
143 0.4275550934331666 0.9039892931220791 0
144 0.3368898533954091 0.9415440651818797 0
145 0.2429801799067135 0.9700312531936799 0
146 0.1467304744590873 0.9891765099642283 0
147 0.04906767433130255 0.9987954562049816 0
148 -0.04906767432362184 0.9987954562053589 0
149 -0.1467304744519016 0.9891765099652943 0
150 -0.2429801799002083 0.9700312531953094 0
151 -0.3368898533896184 0.9415440651839517 0
152 -0.4275550934280349 0.9039892931245062 0
153 -0.5141027441913715 0.857728610001381 0
154 -0.5956993044909512 0.8032075314817442 0
155 -0.6715589548459144 0.7409511253559596 0
156 -0.7409511253541761 0.6715589548478823 0
157 -0.8032075314801623 0.5956993044930841 0
158 -0.8577286100000707 0.5141027441935577 0
159 -0.9039892931234432 0.4275550934302824 0
160 -0.9415440651831121 0.3368898533919648 0
161 -0.9700312531946994 0.2429801799026433 0
162 -0.9891765099649277 0.1467304744543725 0
163 -0.9987954562052035 0.04906767432678502 0
164 1.10082308264696 0 0
165 1.206002727998774 0 0
166 1.315727187453754 0 0
167 1.430192802691391 0 0
168 1.549604453928894 0 0
169 1.674175866025545 0 0
170 1.804130017706983 0 0
171 1.939699485909747 0 0
172 2.081126875898857 0 0
173 2.228665323601902 0 0
174 2.382578892035514 0 0
175 2.543143064418538 0 0
176 2.710645189102808 0 0
177 2.885385081524471 0 0
178 3.06767544207922 0 0
179 3.257842559214077 0 0
180 3.456226776011266 0 0
181 3.663183196818748 0 0
182 3.879082127903306 0 0
183 4.104310038526885 0 0
184 4.339269963056117 0 0
185 4.584382583407923 0 0
186 4.840086388594747 0 0
187 5.106839205959743 0 0
188 5.385118363092476 0 0
189 5.675421953906736 0 0
190 5.978269477913762 0 0
191 6.29420306896978 0 0
192 6.623788108298525 0 0
193 6.967614444334703 0 0
194 7.326297516017054 0 0
195 7.700479233960769 0 0
196 8.090829288852474 0 0
197 8.498046440737465 0 0
198 8.922859170651121 0 0
199 9.366028259643722 0 0
200 9.828346426644934 0 0
201 10.31064137644561 0 0
202 10.81377633655864 0 0
203 11.33865161968868 0 0
204 11.88620664570047 0 0
205 12.45742158104861 0 0
206 13.05331866902672 0 0
207 13.67496433161331 0 0
208 14.32347118866364 0 0
209 1.050411541323478 0 0
210 1.153412905322871 0 0
211 1.260864957726269 0 0
212 1.372959995072574 0 0
213 1.489898628310147 0 0
214 1.611890159977223 0 0
215 1.739152941866261 0 0
216 1.871914751808341 0 0
217 2.010413180904288 0 0
218 2.154896099750377 0 0
219 2.305622107818714 0 0
220 2.462860978227002 0 0
221 2.626894126760673 0 0
222 2.79801513531365 0 0
223 2.976530261801848 0 0
224 3.162759000646662 0 0
225 3.357034667612677 0 0
226 3.559704986415005 0 0
227 3.771132662361026 0 0
228 3.991696083215058 0 0
229 4.221790000791533 0 0
230 4.461826273232028 0 0
231 4.712234486001222 0 0
232 4.973462797277252 0 0
233 5.245978784526094 0 0
234 5.530270158499519 0 0
235 5.826845715910246 0 0
236 6.136236273441806 0 0
237 6.458995588634153 0 0
238 6.79570127631662 0 0
239 7.146955980175884 0 0
240 7.513388374988858 0 0
241 7.895654261406254 0 0
242 8.29443786479489 0 0
243 8.710452805694269 0 0
244 9.144443715147483 0 0
245 9.597187343144691 0 0
246 10.0694939015453 0 0
247 10.56220885650217 0 0
248 11.07621397812399 0 0
249 11.61242913269503 0 0
250 12.17181411337484 0 0
251 12.75537012503777 0 0
252 13.36414150032001 0 0
253 13.99921776013859 0 0
254 14.66173559433188 0 0
255 15 0.6666666666650042 0
256 15 1.33333333333158 0
257 15 0.3333333333326547 0
258 15 0.9999999999973668 0
259 15 1.66666666666579 0
260 14.3299023850433 2 0
261 13.67355060472944 2 0
262 13.03066271548113 2 0
263 12.40096254510284 2 0
264 11.78417954079328 2 0
265 11.18004859099119 2 0
266 10.58831042621791 2 0
267 10.00871055544561 2 0
268 9.441000237950606 2 0
269 8.884935522606831 2 0
270 8.340277330082454 2 0
271 7.806791900504247 2 0
272 7.284249955440993 2 0
273 6.772426831704369 2 0
274 6.271102996311981 2 0
275 5.780062936658993 2 0
276 5.299095629510571 2 0
277 4.827994485334724 2 0
278 4.366557162535692 2 0
279 3.914585435108851 2 0
280 3.471885039074206 2 0
281 3.038265869357383 2 0
282 2.613541552423987 2 0
283 2.197529777162883 2 0
284 1.7900516545816 2 0
285 1.390932273579306 2 0
286 14.66495119252165 2 0
287 14.00172649488652 2 0
288 13.35210666010507 2 0
289 12.71581263029219 2 0
290 12.092571042948 2 0
291 11.48211406589247 2 0
292 10.88417950860443 2 0
293 10.29851049083183 2 0
294 9.724855396698253 2 0
295 9.162967880278718 2 0
296 8.612606426344515 2 0
297 8.073534615293955 2 0
298 7.54552092797273 2 0
299 7.028338393572602 2 0
300 6.521764914008115 2 0
301 6.025582966485358 2 0
302 5.539579283084839 2 0
303 5.063545057422495 2 0
304 4.597275823935629 2 0
305 4.140571298822209 2 0
306 3.693235237091379 2 0
307 3.255075454215564 2 0
308 2.825903710890598 2 0
309 2.405535664793639 2 0
310 1.99379071587196 2 0
311 1.590491964080565 2 0
312 1.195466136789639 2 0
313 0.6000000000011096 2 0
314 0.2000000000022192 2 0
315 -0.1999999999977808 2 0
316 -0.5999999999988903 2 0
317 0.8000000000005547 2 0
318 0.4000000000016644 2 0
319 2.774447338538266e-12 2 0
320 -0.3999999999983355 2 0
321 -0.7999999999994452 2 0
322 -1.39093227357913 2 0
323 -1.790051654581249 2 0
324 -2.197529777162353 2 0
325 -2.613541552423263 2 0
326 -3.038265869356465 2 0
327 -3.471885039073093 2 0
328 -3.914585435107516 2 0
329 -4.366557162534145 2 0
330 -4.827994485332956 2 0
331 -5.299095629508572 2 0
332 -5.78006293665675 2 0
333 -6.271102996309485 2 0
334 -6.772426831701606 2 0
335 -7.284249955436132 2 0
336 -7.806791900495715 2 0
337 -8.340277330076621 2 0
338 -8.884935522607636 2 0
339 -9.4410002379527 2 0
340 -10.0087105554475 2 0
341 -10.58831042621959 2 0
342 -11.18004859099266 2 0
343 -11.78417954079451 2 0
344 -12.40096254510385 2 0
345 -13.0306627154819 2 0
346 -13.67355060472998 2 0
347 -14.32990238504357 2 0
348 -1.195466136789555 2 0
349 -1.590491964080216 2 0
350 -1.993790715871743 2 0
351 -2.405535664792849 2 0
352 -2.825903710889939 2 0
353 -3.255075454214805 2 0
354 -3.69323523709031 2 0
355 -4.140571298820823 2 0
356 -4.597275823933503 2 0
357 -5.063545057420765 2 0
358 -5.539579283082807 2 0
359 -6.025582966482997 2 0
360 -6.521764914005492 2 0
361 -7.028338393568759 2 0
362 -7.545520927965999 2 0
363 -8.073534615285737 2 0
364 -8.612606426341914 2 0
365 -9.162967880280112 2 0
366 -9.724855396700034 2 0
367 -10.29851049083374 2 0
368 -10.88417950860636 2 0
369 -11.48211406589361 2 0
370 -12.09257104294918 2 0
371 -12.71581263029289 2 0
372 -13.35210666010637 2 0
373 -14.00172649488731 2 0
374 -14.66495119252171 2 0
375 -15 1.333333333335184 0
376 -15 0.6666666666694392 0
377 -15 1.666666666667294 0
378 -15 1.000000000003419 0
379 -15 0.3333333333347197 0
380 -0.9789032472341757 0.4653754337149278 0
381 0.9825587050185272 0.4661732548633511 0
382 1.738331153970434 0.1080577916252709 0
383 -1.737191265470638 0.1133775378495322 0
384 2.156256681618141 0.1261681418906184 0
385 -2.127733418303611 0.129749764932094 0
386 -2.626894126761282 0.1420568736929448 0
387 2.605424121346797 0.1540742257616579 0
388 0.8040560517505682 0.7266302236570736 0
389 -0.8040787274081125 0.7292082961195534 0
390 -3.154332242925189 0.1961170473373338 0
391 3.162759000646648 0.1612788187543374 0
392 -1.378159688042587 0.09684597292275272 0
393 1.369908031610284 0.091545791654232 0
394 -0.6456088753159637 0.8705027975285586 0
395 0.6495534953428641 0.8778090661915506 0
396 3.752780014996691 0.1881102822666928 0
397 -3.764127652415618 0.1892955415385786 0
398 -0.4643331321712113 0.9849933797563029 0
399 0.4617029895594156 0.98829739923188 0
400 -0.2570160408007625 1.063498177453168 0
401 0.2661263920372822 1.040933014065863 0
402 -0.05317871918869261 1.08247769686807 0
403 -4.4540136191588 0.1903564670245543 0
404 4.479651526620116 0.2055605443162699 0
405 5.264841344789653 0.2728332249892058 0
406 -5.245978784528092 0.2360057678950518 0
407 -1.963686678990059 1.69835612367826 0
408 1.980727936357539 1.671040265192268 0
409 -2.812972506327737 1.631116362356338 0
410 2.825903710890685 1.635950593140553 0
411 6.136236273441772 0.2679400825133288 0
412 -6.141336269979456 0.2672493792898384 0
413 -6.796189952228258 0.2790686976052403 0
414 -7.521384208074497 0.3193414518457169 0
415 6.795701276316613 0.2915956791317211 0
416 7.521016454443195 0.3191382059775334 0
417 -1.050092754676632 0.2632232953803997 0
418 1.043278709871534 0.2611568152040524 0
419 -3.735971229222715 1.588786911493595 0
420 3.698038765116634 1.643804273816834 0
421 1.260534168532643 1.668703627068968 0
422 -1.195466136789565 1.661442719921265 0
423 4.564897000165233 1.641484000001107 0
424 -4.613351664773612 1.618320675849161 0
425 -8.294437864802056 0.345356731145508 0
426 8.294437864794965 0.3453567311470075 0
427 5.539579283084782 1.587742267505737 0
428 -5.527927224168536 1.605240288497565 0
429 9.143172539456346 0.3570202774991475 0
430 -9.144962160592488 0.3631253988586822 0
431 10.06099968505229 0.4281622569943289 0
432 -10.06949390154406 0.4090294779492943 0
433 -6.48524840973427 1.519414249670543 0
434 6.521764914008174 1.570293828546115 0
435 -11.05957215895734 0.4506783572401636 0
436 11.05919973482245 0.4504581259375985 0
437 -7.538881153544836 1.564940991099657 0
438 7.538811606149583 1.564984524461494 0
439 -12.14687243678024 0.4859326089681331 0
440 12.14442307665366 0.4844885638287436 0
441 8.584943869937186 1.536759496078329 0
442 -8.584946771578577 1.536754517006538 0
443 -13.36276640834686 0.5109379065654113 0
444 13.35855269935008 0.5075734906344911 0
445 0.4457062455424839 1.682308441093475 0
446 -0.3633859429731988 1.675581750030076 0
447 9.660107282178858 1.471312299688546 0
448 -9.66011370527742 1.471317965246404 0
449 -1.153187899316652 0.1024511402651234 0
450 1.152722778652308 0.08385685462537271 0
451 -11.47165911188537 1.477431690099703 0
452 11.471659551106 1.477430603748973 0
453 -12.71581263029288 1.460256952665422 0
454 12.71581263029198 1.460256952665222 0
455 -14.00082942230917 1.489984726596371 0
456 14.0005280816072 1.489982895563031 0
457 -0.0559035538800945 1.633694781920474 0
458 -0.2572429682051751 1.409068812936739 0
459 -0.4936880850640205 1.401116395389521 0
460 0.1092220085982516 1.377588339098471 0
461 -0.6600240350878996 1.587119930586583 0
462 -0.7142158674663612 1.312924068773965 0
463 0.7340397030624628 1.690524424632522 0
464 0.9606856022947771 1.324937248250197 0
465 0.570684894021146 1.41938107974653 0
466 -0.5393390826218523 1.195858863870041 0
467 -0.8103265046089231 1.149975429429226 0
468 -0.9419451274987016 1.277164198467952 0
469 -0.9581889242695899 1.058062920219449 0
470 -1.139609444156359 1.200368966662541 0
471 -1.165668768353581 0.9988555725118511 0
472 -1.348327262290285 1.128547324930926 0
473 -1.356292682743305 0.902319410765054 0
474 -1.558170724356603 1.05654504543062 0
475 -1.594839942623886 0.8373677556351704 0
476 -1.780347209624378 0.9825512331656638 0
477 -1.802781704908168 0.7273728423397057 0
478 -2.002861967617749 0.9033354408632718 0
479 -1.421713883415972 0.7085330924424451 0
480 -2.039834355294023 0.6734982525745876 0
481 -2.224063756273 0.8268262960921826 0
482 -2.266932341981187 0.5935655312416577 0
483 -2.457400568898637 0.7407670840990042 0
484 -2.40973730306749 0.994175606512244 0
485 -2.65113103241409 0.903113562990314 0
486 -2.69419279906796 0.6473024779842276 0
487 -2.893758883814594 0.8065085189037641 0
488 -1.877673346331276 0.5171746057578557 0
489 -1.545294515899022 1.313184070261024 0
490 -2.921290522139846 0.5530272974731993 0
491 -3.131256808098202 0.705810658928438 0
492 -3.098448042393303 0.9783328644427761 0
493 -3.355301339473205 0.8570568497289145 0
494 -3.358864475214821 0.5823855233329145 0
495 -3.607685690243287 0.7342619051676209 0
496 -3.562799783062911 1.020184522105452 0
497 -3.86377904329895 0.9047633273433662 0
498 -3.868876654660782 0.612010674333084 0
499 -4.134249946615119 0.769594576033235 0
500 -4.130314611774804 1.073006497086537 0
501 -4.441141046914818 0.8911377531126368 0
502 -0.9870131402846286 0.8792453972731996 0
503 -1.963462591731878 1.144856838279782 0
504 -2.599004218245259 1.169859799056777 0
505 -2.348352981473997 1.273257029375178 0
506 -4.114521810757345 0.4528147414334834 0
507 -0.8582447992607627 0.9366003146534461 0
508 -1.229241810795579 0.7383547602076403 0
509 -1.280796650279479 0.5861193418455057 0
510 -1.443958893424923 0.5278114127682403 0
511 -1.31274874924422 0.4268549800680749 0
512 -1.455026108119068 0.3648879087270571 0
513 -1.126956564620293 0.6268999463178857 0
514 -1.586718210524655 0.4515424078851463 0
515 -1.583908716049518 0.2959001732237576 0
516 -1.163616550562393 0.4733173148317554 0
517 -1.328277216113713 0.2854049994030506 0
518 -1.212178350743916 0.324501264662864 0
519 -2.747286846163192 0.4073939800690903 0
520 -1.565199150079865 1.640614529800475 0
521 -1.447560050919263 0.2084956263504054 0
522 -2.955369275695534 0.3157645101263757 0
523 -0.3794588214357442 1.240991290235644 0
524 1.602572445246371 1.640667506104109 0
525 1.7938762958671 1.354056566497359 0
526 2.12944555914674 1.357946452658441 0
527 1.961392972477193 1.047522929853058 0
528 2.266207391755795 1.058500222366181 0
529 1.676588183970972 1.066818697939599 0
530 1.78173041172745 0.8506686033206049 0
531 1.555225620508268 0.8602093360338868 0
532 1.66241420995635 0.6656360130288914 0
533 1.85853864500801 0.6370153175942503 0
534 1.452909553045973 0.6745391967748556 0
535 1.35411259562583 0.8463320789775196 0
536 1.553567277289265 0.5112585920646311 0
537 1.374466470655066 0.5160648273637217 0
538 1.451425242385971 0.3455869144751757 0
539 1.297977802515555 0.3742999063358081 0
540 1.218880291849251 0.5063185252973741 0
541 1.622766480843701 0.3550895143629975 0
542 1.544573030292837 0.2187389626342741 0
543 2.432187553427322 1.309155548069504 0
544 2.550191925915705 1.034976372678455 0
545 2.392611974376727 0.8037525851769957 0
546 2.663166328163431 0.7735750733473898 0
547 2.832361829788856 0.9950685519388667 0
548 2.937200877631533 0.7329254230767913 0
549 3.109658111287799 0.9505786044555907 0
550 3.207641654112404 0.6899715092743766 0
551 3.3886307923337 0.9077747119863872 0
552 3.479954503308251 0.6442697155985428 0
553 3.670155761611529 0.8598626194935892 0
554 2.500931284689856 0.5711309187851439 0
555 3.266803758660708 1.243948658769262 0
556 2.26217882249851 0.5894332447136941 0
557 2.353105021082142 0.3865545453052693 0
558 2.125144951619708 0.3931672836350565 0
559 3.766221903826822 0.6048478999461546 0
560 3.959334059440809 0.8169554130692853 0
561 4.047758278897954 0.5597213116405626 0
562 4.254291252212707 0.7638191569907528 0
563 4.133426627235343 1.057349098023607 0
564 4.464153958509431 1.01383277532282 0
565 4.572021575471243 0.7022084271987092 0
566 4.792852677442967 0.9563869413634817 0
567 4.906732348295812 0.6647685612609304 0
568 5.12822647710432 0.8932267179232833 0
569 5.030649019355391 1.223080477607797 0
570 3.024352715181339 0.4972248366869756 0
571 1.412083342637103 1.409138992222905 0
572 2.149755088294763 0.8132203179336721 0
573 1.187036433422523 0.3901572909431463 0
574 1.225030906705707 0.2739496325399778 0
575 1.345099229089049 0.2660256270017374 0
576 2.753848288711742 0.5011018750169847 0
577 2.887773791289831 0.3133646815376836 0
578 -1.589631276988803 0.143176301387757 0
579 -2.075722848100623 0.4636934383294468 0
580 -1.915019756711136 0.3350845240563735 0
581 -2.270709089626614 0.3926324277321592 0
582 -2.504005916781738 0.4820777747885029 0
583 -1.223478895744295 0.2006840276321119 0
584 -2.381752319783109 1.658479476107527 0
585 1.25742606976492 0.6736263165780803 0
586 1.167149707627558 0.8251188704712696 0
587 1.240985632301592 0.9920718104874761 0
588 1.05633241618397 0.9723593950680222 0
589 1.116744340688351 0.6079862484547198 0
590 1.011888201215257 0.7538886442852364 0
591 0.8965554823047037 0.8911072451307207 0
592 1.113459380539193 1.153774951986476 0
593 0.9356849601201729 1.129884501999572 0
594 0.7755391503098918 1.075630763541436 0
595 3.263232817412794 0.4062173990283464 0
596 3.555842016675161 0.3756140129352053 0
597 5.373713050787621 1.155817432792043 0
598 5.48483710834793 0.8106524727449075 0
599 5.720415190108207 1.119659745674007 0
600 5.847482667927526 0.7477402671862251 0
601 6.104938091094366 0.9894662965315691 0
602 6.027026608969669 1.486603863362166 0
603 5.592998312743042 0.4664750232822438 0
604 2.561095373026878 0.350061304467723 0
605 3.333284463853418 1.629229897068198 0
606 -3.248400806431357 1.643996287223119 0
607 -2.445882256807155 0.269104043682227 0
608 4.135729937065879 1.660116718159491 0
609 -4.190195096070699 1.636460136782623 0
610 -3.134760645828042 0.4460989006468009 0
611 -3.356651583701281 0.3286298351914134 0
612 -3.627349888755223 0.4302727013215551 0
613 -5.067338264190456 1.613292273000987 0
614 -5.296015402396458 1.235650922720458 0
615 -5.720018406025291 1.226614974121472 0
616 -5.504596593757495 0.8876165134412297 0
617 -5.113021001726676 0.8965539329461818 0
618 -5.888683496732252 0.8720822973016911 0
619 -5.684964900712121 0.5549201810476476 0
620 -6.114022377613968 1.18418976599175 0
621 -6.288303292189258 0.8271941574398709 0
622 -4.832499133875848 1.236790222609182 0
623 -1.735871285162369 0.3694330507197554 0
624 -0.9327696031312162 0.5588696928571169 0
625 -1.015660628896736 0.3650299503498885 0
626 1.016375102603487 0.3684796462756319 0
627 0.9287654472644413 0.5559340427692783 0
628 7.039185578090253 1.562480235106861 0
629 6.786362037736716 1.164840046014535 0
630 7.264119520975745 1.156288223948514 0
631 7.761801039929974 1.061310677394986 0
632 7.00937991976715 0.8679644918895489 0
633 6.584944787717777 0.8392225766720163 0
634 8.052571292995635 1.55647810502812 0
635 8.286936314041666 1.114901014586093 0
636 8.781312995635364 1.093706194967991 0
637 9.108533357834261 1.498708996457136 0
638 9.280204840052697 1.066114524708426 0
639 9.772923447594255 0.8797079863248303 0
640 10.24201243671419 1.358732879986478 0
641 10.84668980773423 1.448392141207669 0
642 10.67943440282863 0.909279592044395 0
643 8.056296059932938 0.702385511576179 0
644 -7.023750524575235 1.564403168136913 0
645 -7.259437384915245 1.155755401445652 0
646 -7.761266199258142 1.061232409927515 0
647 -6.810139346189954 1.171382846849263 0
648 -6.954741419331079 0.8426070101226797 0
649 -8.052571292986203 1.556478105030746 0
650 -8.286910732919523 1.114955565321054 0
651 -8.782067732523574 1.094148161110737 0
652 -9.10860183812817 1.498748659807442 0
653 -9.281264853254847 1.066513924111086 0
654 -9.7753237492945 0.8775248474186844 0
655 -10.24023356257062 1.358009028580136 0
656 -10.84661293253905 1.448365131100793 0
657 -10.68061924738711 0.9100349630713098 0
658 -8.056772061211118 0.7026616693045274 0
659 -3.063300409371486 1.307207828682393 0
660 -0.1908163794777866 1.188755896429107 0
661 -0.9127132931456476 1.527145548080803 0
662 1.736531349109914 0.4862946668866692 0
663 1.786631299467818 0.3266359447232344 0
664 1.919930016490131 0.4456002390152056 0
665 1.944297654901179 0.2639627866992151 0
666 5.235475795016759 0.5928632230324726 0
667 -5.304838479427806 0.5719413778838652 0
668 -4.956134051107234 0.6036228331427239 0
669 -4.781705898592555 0.8627418801164184 0
670 -4.646618795814483 0.5986175333245677 0
671 -4.820178105732189 0.3311417842468297 0
672 7.337474687390531 0.6820069185291198 0
673 -7.329442777389705 0.6784592678239117 0
674 -1.064618905074544 0.1601470134601765 0
675 1.084023288182082 0.1578769868279158 0
676 -0.8737744988930596 0.6486481175507608 0
677 0.869975935420803 0.6453020672014864 0
678 0.7290333760504282 0.8044486607422093 0
679 12.09451741675562 1.47705137373215 0
680 11.81181059845397 0.9798017179807759 0
681 -12.0945173644684 1.47705150305969 0
682 -11.81221814605756 0.9800428008800921 0
683 6.245939305711879 0.5858706175192485 0
684 -0.726959643798444 0.8024368096356396 0
685 0.559035269756102 0.9385749361599182 0
686 0.5550297647560456 1.062049865658736 0
687 0.4371262814669946 1.112776912846999 0
688 13.35351560114565 1.473090287590696 0
689 -13.35517145870691 1.464160088110072 0
690 4.716163526248664 0.4091863004796404 0
691 -11.24528767642117 0.9535302335174678 0
692 11.24497309277447 0.9533317732720149 0
693 0.3252580723120473 1.440975730372229 0
694 2.326284656259694 1.640089637827668 0
695 -14.0007509566558 0.4964676191419358 0
696 13.9961890212073 0.4964666074706759 0
697 2.756806097487883 1.308537841865936 0
698 1.258106893531965 0.08612481594345489 0
699 -1.26086495772635 0.09244791277893456 0
700 -0.5594996391613012 0.9334866746301489 0
701 -0.3650724565467673 1.021596547685695 0
702 -12.74144917515779 0.4972143074190015 0
703 12.74067396427726 0.4934065128876386 0
704 -0.6526717292329078 0.9782478703005011 0
705 1.488455245116899 0.0997430683580397 0
706 1.6107715312446 0.1085072415329389 0
707 -1.593204701672084 0.6297329617553098 0
708 0.05736677213277358 1.090640828832549 0
709 -0.001508789289676608 1.200336061171315 0
710 0.1485404006839232 1.200483983848194 0
711 -0.1588237203612058 1.062140355565356 0
712 0.1605703981571526 1.082477696867019 0
713 -10.52600012211442 0.426198098886821 0
714 10.52432438096971 0.4292250414454517 0
715 4.945897355068989 0.2202282909967378 0
716 -9.597187343143011 0.3895245060374902 0
717 9.590938467603852 0.3858404173580191 0
718 -5.981525001724489 1.606210548676239 0
719 -4.221790000792899 0.2093274296915959 0
720 4.224833315731158 0.1955442942849704 0
721 4.33806545260421 0.4410906891299541 0
722 2.419014237555704 0.2298594681429658 0
723 8.707689205020522 0.3540398945660284 0
724 -8.710897432902152 0.3545949084421277 0
725 -3.53742896088631 0.1824395937410985 0
726 -7.89352258810491 0.3219557794260814 0
727 7.893301479206723 0.3218645872978629 0
728 -2.083555123617318 0.285627170481102 0
729 -1.964878890326187 0.1971083605965447 0
730 -7.151001712718442 0.296761029609566 0
731 7.152126199130049 0.2994934523452998 0
732 1.091913967362929 0.458866959837032 0
733 -6.46012731567392 0.2740168864782786 0
734 -6.623458147684158 0.5898268817191025 0
735 6.452139040365271 0.2742444919896941 0
736 -5.520528032930685 0.2696824359650526 0
737 -5.835320352443986 0.2756345409832853 0
738 1.873231762308252 0.1159075351621641 0
739 2.014732389380989 0.1251457769045899 0
740 5.814488615039465 0.237072632034558 0
741 -4.4194702988749 1.268137220022769 0
742 -3.99169608321637 0.1897649003767979 0
743 3.989440415827025 0.1868906187205084 0
744 -11.5939102241763 0.4632784373527705 0
745 11.59369497177713 0.4631506543360427 0
746 3.361954499223585 0.1721213618899577 0
747 3.559704986415007 0.1744142139929523 0
748 -2.788145713566534 0.1864392337463124 0
749 -2.312405133533543 0.1286500174167823 0
750 2.312558989478494 0.1191358434409366 0
751 -3.460779567145357 1.312514040226285 0
752 4.9407137853692 1.59466266832906 0
753 -0.9899249329530158 0.6512785468042759 0
754 -3.808243604129904 1.207848151845564 0
755 1.680068735027916 0.2214150889861405 0
756 14.4041018295669 0.9972667143359706 0
757 -14.42231066420953 0.9978030828950344 0
758 1.441878262871082 1.023125665187998 0
759 0.554692676454233 1.206015311878534 0
760 0.7489492518915524 1.254594420826904 0
761 -0.924463416726949 0.7465354285476372 0
762 8.496612790081253 0.7206338584061763 0
763 -8.49952497529274 0.7204039499080106 0
764 -12.40602523955209 0.9934154440026184 0
765 12.4100641672401 0.989896858580065 0
766 2.046497846020165 0.6143670614486008 0
767 3.887330003213894 1.329286464105282 0
768 2.976530261801846 0.153236656997837 0
769 -1.044416318030442 0.5382330816159138 0
770 13.03544883927572 0.9847430572915117 0
771 4.690393327064842 1.293734169518557 0
772 4.349093521546838 1.332958154487077 0
773 2.238358158833616 0.2554299189712089 0
774 -1.482402447591035 0.09389531206158537 0
775 -1.815785635968993 0.2222524355248141 0
776 -2.849209805205075 1.086071905132055 0
777 -13.03605467360237 0.9874151967297041 0
778 2.798015135313639 0.1443460066042495 0
779 -0.4512919068989167 1.100082117136949 0
780 -2.173024221572802 1.08893151830563 0
781 3.59028305418272 1.13762289012332 0
782 3.003431019324556 1.198081714976223 0
783 -6.01140147921649 0.5619552495971737 0
784 3.875387486090482 0.3859348110718847 0
785 -1.810438598046321 1.398928751422641 0
786 0.3651155502720289 1.020429603324222 0
787 -2.462180694711423 0.1079621869583908 0
788 -2.970181551158495 0.1396641582420044 0
789 -4.370424491978783 0.6087088216622956 0
790 -1.315349893262415 1.392891582276443 0
791 -1.73154272793164 1.179213187711946 0
792 -3.875538178634721 0.3809465993095817 0
793 -13.69631393063844 0.9911281033397548 0
794 13.69138934535881 0.991520508814396 0
795 -1.101016778970538 1.411802603081801 0
796 -2.089666729272697 1.391137898711124 0
797 6.403117872431217 1.215459853958532 0
798 1.132093378739007 0.2344454727858059 0
799 4.713236275988088 0.1669950271585296 0
800 1.174946621422277 1.378392885723747 0
801 8.961731348351423 0.7089388357966651 0
802 0.9975344503107731 0.6539166444567478 0
803 -8.963516431629017 0.7101091675275147 0
804 -1.135286381833054 0.2276869917586997 0
805 3.555148009005475 1.396778436776579 0
806 -3.355380788945395 0.1446165291687046 0
807 0.7760053989453718 0.9255295678804798 0
808 3.848105901136859 1.040215296963017 0
809 5.546573717914274 0.1952761760612015 0
810 0.9171342424357121 0.7656055485180248 0
811 -1.878683079381303 0.1018319251603026 0
812 1.195557355185534 0.1675726373242273 0
813 -2.575912633169805 1.423611756235377 0
814 -0.8404444728356659 1.784969615898993 0
815 2.721231341937778 0.2925896186776598 0
816 -1.327668161709242 0.176775707817451 0
817 -1.108526946065715 0.3512360620255214 0
818 -5.0250206989612 0.1960927957778675 0
819 1.428653956836501 0.1824543306978713 0
820 -1.71924984971971 0.5390511736915545 0
821 -6.297880556438246 0.5054772115921637 0
822 1.299692133854703 0.1770532912240836 0
823 -1.062224738157892 0.4386383685076014 0
824 1.023503382129004 0.5485754300762258 0
825 0.7983343015645108 1.461432506807782 0
826 3.062929717266492 0.306264478601036 0
827 -0.0791906325360805 1.340848358170539 0
828 0.4088923231265765 1.271835001994017 0
829 -1.688267564561256 0.2208636314912446 0
830 -6.466289167241976 1.118929133179156 0
831 -0.5487615931010923 1.045551000082004 0
832 -0.8334179186078983 0.8237483583579861 0
833 1.073334970123831 0.07630922494504162 0
834 -1.073334970123789 0.07630922494510442 0
835 0.2048565545149815 1.62691345849693 0
836 -2.226709932224565 0.2448866414472957 0
837 0.6675871491980555 1.132700434585614 0
838 -14.51448269332132 0.4827645784637324 0
839 14.51410283615497 1.51553814327573 0
840 -14.51410283615246 1.515538143277517 0
841 0.2903417639670411 1.145252148008823 0
842 14.49313283383934 0.4861339105651366 0
843 -4.345826475933755 0.3737478777675899 0
844 10.23926419935613 0.7943743949528722 0
845 -10.24048771423791 0.7918914522647965 0
846 2.095757967270727 0.2327747816201378 0
847 0.6623783830851401 0.9984526123040092 0
848 5.927429034972737 0.4610197245071208 0
849 -1.05857128221498 0.7470838551800478 0
850 -2.614909213914478 0.2951358484113856 0
851 1.317536875501803 1.197360091418203 0
852 -2.784750770232615 1.337207159561348 0
853 0.2564509137375679 1.287227040664347 0
854 -0.7401649551412581 0.9091427000421152 0
855 5.239289025335146 1.43205493828587 0
856 2.590944714097914 1.578746724180732 0
857 -7.712477566807675 0.6167301156655505 0
858 7.713977944180673 0.6173411801551362 0
859 0.9880900661461118 1.587331782080536 0
860 1.959582992705516 0.7925588460300373 0
861 1.80451212113512 0.207195829439205 0
862 -9.352450907582773 0.6813595687906915 0
863 3.047056868659201 1.47599818457286 0
864 9.349794128611714 0.6795244083374176 0
865 4.100249511713633 0.3517543246995023 0
866 1.521868013239573 1.227656242900618 0
867 6.608675445277949 0.4990306551492211 0
868 0.8278222025861454 0.8214092306534753 0
869 -1.159357536878415 0.8531717991875585 0
870 -5.070430023951304 0.3877609117892676 0
871 5.0352191788198 0.4492233379942648 0
872 -4.056838968014604 1.354847783446218 0
873 -6.631856996504609 0.8988507100542873 0
874 -3.304880538908751 1.092690230246187 0
875 -4.653126781845708 0.1805947620969732 0
876 -2.010413180904659 0.0782532169909242 0
877 -4.573733026986894 0.3733474262076378 0
878 -4.61870409456453 1.064701768965251 0
879 2.460175347953176 0.09251633627531163 0
880 0.888913393872678 1.010737925687239 0
881 1.113866802489844 0.7151927283773934 0
882 1.008706027327579 0.8682920952125024 0
883 -0.3399352304225084 1.120616274368495 0
884 -0.7781921945318058 1.021671847798406 0
885 -0.6669573789034152 1.111837324452836 0
886 6.939175385830146 0.5428248688616883 0
887 1.108880862684067 0.3311287587779004 0
888 -6.970966801870327 0.5373445773761001 0
889 1.591346668601095 1.411078191446625 0
890 -0.1565732610426348 1.521381797428607 0
891 -0.1682168003706278 1.374958585553639 0
892 -0.06754709320808749 1.487271570045506 0
893 0.02665922735907854 1.505641560509472 0
894 0.01501568803108554 1.359218348634505 0
895 -3.77210741667631 1.39831753166958 0
896 -3.634511585637631 1.260181096035924 0
897 -3.598375398184036 1.45065047585994 0
898 6.149064802640825 1.743301931681083 0
899 6.274395761488922 1.528448845954141 0
900 6.396433955160077 1.785146914273058 0
901 -1.430322204580718 1.353037826268733 0
902 -1.44027452167114 1.516753056038459 0
903 -1.555246832989443 1.47689930003075 0
904 -0.1219975493332396 1.135616796648588 0
905 -0.1748200499194962 1.125448125997231 0
906 -0.1060012197749492 1.072309026216713 0
907 -3.738281172452035 0.6731362897503524 0
908 -3.748113271708003 0.5211416878273195 0
909 -3.617517789499256 0.582267303244588 0
910 3.262356749935117 0.1667000903221476 0
911 3.31259365831819 0.289169380459152 0
912 3.212995909029721 0.2837481088913419 0
913 7.138325036610338 0.6124158936954041 0
914 7.045650792480098 0.4211591606034941 0
915 7.24480044326029 0.4907501854372098 0
916 -0.310314455589187 1.542325281483408 0
917 -0.2096447484266467 1.654638265975275 0
918 -7.240222245054073 0.4876101487167389 0
919 -7.060984257294384 0.417052803492833 0
920 -7.150204789630016 0.607901922600006 0
921 5.903544772814331 1.743301931681083 0
922 -1.194299673836997 0.7957632796975994 0
923 -1.25782510981086 0.8777456049763062 0
924 -1.292767246769442 0.8203370854863472 0
925 -1.380332643434715 1.65102862486087 0
926 -1.25540801502599 1.527167151098854 0
927 -1.569617865458939 0.0715881506938785 0
928 -1.631903571507288 0.0715881506938785 0
929 1.336308755584873 1.538921309645937 0
930 1.507327893941737 1.524903249163507 0
931 1.431553306889507 1.654685566586539 0
932 -3.511789675104134 1.166349281165868 0
933 -3.685521693596407 1.114016336975508 0
934 -3.054850759310361 0.2559407787318548 0
935 -3.045064960761788 0.3809317053865883 0
936 -3.144546444376616 0.3211079739920674 0
937 10.1253614960799 1.679366439993239 0
938 10.41516143146605 1.679366439993239 0
939 -10.41427199439511 1.679004514290068 0
940 -10.12447205900906 1.679004514290068 0
941 9.916961566323273 0.6539351216595796 0
942 9.681930957599054 0.6327742018414246 0
943 9.825969076328072 0.407001337176174 0
944 5.428919828766348 0.3696541241357247 0
945 5.414237053879901 0.5296691231573583 0
946 5.250158569903206 0.4328482240108392 0
947 -3.872207416647751 0.4964786368213329 0
948 -3.751444033694972 0.4056096503155684 0
949 3.814083750543587 0.2870225466692887 0
950 3.715614751382821 0.380774412003545 0
951 3.654311015835925 0.2818621476009491 0
952 5.456646166936201 1.37177985014889 0
953 5.547064120447914 1.137738589233025 0
954 5.629997236596495 1.353701006589872 0
955 0.5081955697818149 1.550844760420002 0
956 0.6523622985418044 1.554952752189526 0
957 0.5898729743024733 1.686416432862998 0
958 6.175438698403123 0.7876684570254089 0
959 6.415442046714828 0.7125465970956324 0
960 6.344941439406072 0.9143444366017928 0
961 -9.833340622343535 0.3992769919933923 0
962 -9.686255546218757 0.6335246767280873 0
963 -9.922408825419279 0.6432771626839894 0
964 3.163081267339643 0.3562409388146912 0
965 3.11284435895657 0.2337716486776867 0
966 -6.299635393674119 1.351802007831146 0
967 -6.047773689669228 1.395200157333994 0
968 -6.233386705729379 1.562812399173391 0
969 1.39826223573751 0.3058062707384566 0
970 1.386876592962775 0.2242399788498043 0
971 1.440039599611236 0.2640206225865235 0
972 0.9481852812074749 1.227410875124884 0
973 1.024572170329683 1.141829726993024 0
974 1.037072491416985 1.239356100118337 0
975 -0.3754655266345978 1.40509260416313 0
976 -0.4365734532498823 1.321053842812582 0
977 -0.3183508948204596 1.325030051586191 0
978 2.932084790124034 1.817975296570277 0
979 2.936480289774943 1.555974388856707 0
980 3.042661369008292 1.73799909228643 0
981 3.458898257949373 0.2738676874125815 0
982 3.409537417043977 0.3909157059817758 0
983 -2.385469129381462 0.5378216530150803 0
984 -2.387357503204176 0.4373551012603311 0
985 -2.2688207158039 0.4930989794869084 0
986 10.54435112222421 1.403562510597074 0
987 10.71750011697607 1.724196070603834 0
988 -10.71746167937932 1.724182565550397 0
989 -10.54342324755483 1.403187079840465 0
990 7.429245570916862 0.5005725622533266 0
991 7.336571326786622 0.3093158291614166 0
992 1.315946270209993 0.5948455719709009 0
993 1.238153180807085 0.5899724209377272 0
994 1.296673381252158 0.511191676330548 0
995 -5.204518202061568 1.06610242783332 0
996 -4.972760067801262 1.066672077777682 0
997 -5.064257268136153 1.23622057266482 0
998 5.873720899538938 1.303131804518087 0
999 5.783302946027225 1.537173065433952 0
1000 -7.33619296039647 0.3080512407276415 0
1001 -7.425413492732101 0.4989003598348143 0
1002 -2.379143695170349 0.1988770305495046 0
1003 -2.269557532879054 0.186768329432039 0
1004 -2.33629609451586 0.2569953425647613 0
1005 -5.602746466821403 0.4123013085063502 0
1006 -5.412683256179246 0.4208119069244589 0
1007 -5.494901690069963 0.5634307794657565 0
1008 -0.4285370140186097 1.538349072709798 0
1009 -0.02734375423918461 1.141406879019693 0
1010 -0.09616258438373163 1.194545978800211 0
1011 2.531013328858367 0.4605961116264334 0
1012 2.65747183086931 0.4255815897423538 0
1013 2.627389786700799 0.5361163969010643 0
1014 6.494031330074497 1.027341215315274 0
1015 6.254027981762792 1.102463075245051 0
1016 0.05385660965428748 1.288962200134893 0
1017 0.07351580569712329 1.200410022509754 0
1018 0.1288812046410874 1.289036161473332 0
1019 -2.851328060929363 0.361579245097733 0
1020 -2.871757494631034 0.2511018719363441 0
1021 -2.767716279864863 0.2969166069077013 0
1022 3.185775166605401 1.814614948534099 0
1023 3.190170666256309 1.552614040820529 0
1024 -2.474944086794446 0.375590909235365 0
1025 -2.358295673216884 0.330868235707193 0
1026 -1.66341127122972 0.1282769196186446 0
1027 -1.705683565748206 0.05668876892476612 0
1028 9.561358788102986 0.779616197331124 0
1029 9.470366298107784 0.5326824128477183 0
1030 4.455043514037726 0.5716495581643317 0
1031 4.527114489426436 0.4251384948047973 0
1032 4.644092550859954 0.5556973638391749 0
1033 6.974277652798648 0.7053946803756186 0
1034 7.173427303578841 0.7749857052093343 0
1035 5.405707531351964 0.2340547005252036 0
1036 5.569786015328658 0.3308755996717226 0
1037 -7.142092098360392 0.7605331389732957 0
1038 -6.962854110600704 0.6899757937493899 0
1039 1.178562142722357 0.2541975526628919 0
1040 1.166955884694887 0.3025391956589391 0
1041 1.120487120711537 0.2827871157818531 0
1042 1.325733221055975 1.834351813534484 0
1043 1.496752359412838 1.820333753052055 0
1044 1.486613493564669 0.2005966466660727 0
1045 1.497999136339404 0.2821629385547249 0
1046 9.384320320006559 1.485010648072841 0
1047 9.194369098943479 1.282411760582781 0
1048 9.470156061115777 1.268713412198486 0
1049 -9.470689279266132 1.268915944678745 0
1050 -9.194933345691508 1.282631291959264 0
1051 -9.384357771702796 1.485033312526923 0
1052 4.296178352408458 0.6024549230603534 0
1053 4.413156413841975 0.7330137920947311 0
1054 -2.069073299604135 0.1040014909615091 0
1055 -1.987646035615423 0.1376807887937345 0
1056 -2.046306154314899 0.1634290627643193 0
1057 -5.27540863197795 0.4039735728894586 0
1058 -5.383253408729389 0.2528441019300522 0
1059 1.187085205226635 0.6408062825164 0
1060 1.167812316268801 0.557152386876047 0
1061 -9.474819125362892 0.5354420374140908 0
1062 -9.563887328438636 0.7794422081046879 0
1063 -1.187897450653155 0.3989092897473097 0
1064 -1.160352648404816 0.3378686633441927 0
1065 -1.136071748314054 0.4122766884286384 0
1066 1.062627982643777 0.3498042025267661 0
1067 1.100397415023498 0.3949978593074662 0
1068 1.054144534983208 0.4136733030563319 0
1069 -3.245706114764662 0.3873643679191071 0
1070 -3.255491913313235 0.2623734412643736 0
1071 -0.2851376004567654 1.214873593332375 0
1072 -0.2240296738414809 1.298912354682923 0
1073 7.549637863660252 0.8716587979620527 0
1074 7.525726315785602 0.649674049342128 0
1075 7.737889492055324 0.839325928775061 0
1076 2.055574030385978 0.9303716238933653 0
1077 2.207981240025279 0.9358602701499266 0
1078 2.113800182116494 1.05301157610962 0
1079 -7.736871883032908 0.8389812627965327 0
1080 -7.52096017209869 0.6475946917447311 0
1081 -7.545354488323923 0.8698458388757133 0
1082 0.8548174270931648 1.28976583453855 0
1083 0.8423171060058626 1.192239461413238 0
1084 -1.222206600420936 0.5297183283386306 0
1085 -1.145286557591343 0.5501086305748206 0
1086 -1.203876607449886 0.6065096440816957 0
1087 -4.611423472753686 0.8769398166145276 0
1088 -4.714162347203519 0.7306797067204931 0
1089 -4.543879921364651 0.7448776432186022 0
1090 9.526564143823476 0.9729112555166279 0
1091 9.716515364886558 1.175510143006688 0
1092 -3.695738770585421 0.3097841214300668 0
1093 -3.819832915525169 0.2851210704240802 0
1094 -9.717718727285959 1.174421406332544 0
1095 -9.528294301274673 0.9720193857648851 0
1096 2.582048806426643 0.6723529960662669 0
1097 2.708507308437587 0.6373384741821873 0
1098 2.02253748405492 0.4193837613251311 0
1099 1.932113835695655 0.3547815128572104 0
1100 2.034721303260444 0.3285650351671358 0
1101 2.469913104341841 1.820044818913834 0
1102 2.458614685178804 1.6094181810042 0
1103 2.60224313326095 1.789373362090366 0
1104 -0.630012017543395 1.793559965293291 0
1105 -0.5117049890305492 1.631350840308329 0
1106 -0.4816929714860446 1.837790875015038 0
1107 -1.352913924875914 0.1368108403701019 0
1108 -1.387614106314252 0.1926356670839282 0
1109 -1.412859869480925 0.152670799636579 0
1110 -4.508521643896633 0.6036631774934316 0
1111 -4.4057827694468 0.7499232873874662 0
1112 1.960487982591355 0.9200408879415478 0
1113 2.05466904050014 0.8028895819818547 0
1114 3.661031960250991 0.4902309564406799 0
1115 3.820804694958652 0.4953913555090196 0
1116 5.659821109871888 1.793871133752869 0
1117 -1.108903402195598 0.13129907686265 0
1118 -1.099952643453799 0.1939170026094381 0
1119 -1.144237140574853 0.1650690660119116 0
1120 7.885137002056806 0.6598633458656575 0
1121 7.909048549931456 0.8818480944855823 0
1122 -2.701527463740506 0.240787541078849 0
1123 -2.681098030038835 0.351264914240238 0
1124 2.708424212494299 1.607348658660643 0
1125 2.719722631657336 1.817975296570277 0
1126 -7.90901913023463 0.8819470396160212 0
1127 -7.884624814009397 0.6596958924850389 0
1128 5.119904707439885 1.79733133416453 0
1129 5.090001405352172 1.513358803307465 0
1130 5.269192327422859 1.716027469142935 0
1131 2.020027811085953 0.2483687841596764 0
1132 2.110451459445217 0.3129710326275971 0
1133 -11.70306418511693 0.7216606191164313 0
1134 -11.41959895029873 0.7084043354351192 0
1135 -11.52875291123936 0.9667865171987799 0
1136 11.52839184561422 0.9665667456263953 0
1137 11.4193340322758 0.7082412138040288 0
1138 11.70275278511555 0.7214761861584094 0
1139 -0.6031482307626337 1.153848094161438 0
1140 -0.6267774750441067 1.254391466322003 0
1141 -0.6905866231848883 1.212380696613401 0
1142 -3.89640509861866 1.471817347469906 0
1143 -3.932541286072254 1.281347967645891 0
1144 -1.262463549994068 0.3756781223654694 0
1145 -1.238182649903307 0.4500861474499152 0
1146 3.721239006109684 1.363032450440931 0
1147 3.572715531594097 1.26720066344995 0
1148 3.738806528698307 1.233454677114301 0
1149 -1.162513152615998 0.9260136858497048 0
1150 -1.260980725548443 0.9505874916384525 0
1151 -1.876869166785654 1.84917806183913 0
1152 -1.764442914534962 1.669485326739367 0
1153 -1.677625402330557 1.820307264900237 0
1154 -11.15242991768925 0.7021042953788157 0
1155 -11.32674119156682 0.4569783972964671 0
1156 11.32644735329979 0.4568043901368206 0
1157 11.15208641379846 0.7018949496048067 0
1158 -6.475768788488123 1.319171691424849 0
1159 -6.290155772427973 1.151559449585453 0
1160 1.355167811405446 0.674082756676468 0
1161 1.41368801185052 0.5953020120692887 0
1162 1.588166879066483 0.4331740532138143 0
1163 1.679648914976807 0.4206920906248334 0
1164 1.645049313199589 0.4987766294756502 0
1165 -1.179382638788674 0.2141855096954058 0
1166 -1.188333397530474 0.1515675839486177 0
1167 5.389434154209964 1.509898602895804 0
1168 5.419337456297677 1.793871133752869 0
1169 -0.9726010322771093 0.9686541587463244 0
1170 -0.9226289697726957 0.9079228559633228 0
1171 -0.9082168617651762 0.9973316174364477 0
1172 -1.847502659831759 1.162035012995864 0
1173 -1.770990662988981 1.289070969567294 0
1174 -1.886950594889099 1.271892794851212 0
1175 10.86931706882554 0.6798688589909967 0
1176 10.60187939189917 0.6692523167449234 0
1177 10.79176205789608 0.4398415836915251 0
1178 -0.2816929714854898 1.837790875015038 0
1179 -0.1279517769389377 1.816847390960237 0
1180 -0.6039519762651908 1.357020232081743 0
1181 -0.5165135838429363 1.298487629629781 0
1182 4.59790752643439 0.3073734223979552 0
1183 4.408858489612163 0.323325616723112 0
1184 -0.2079198805809842 1.062819266509262 0
1185 -0.2239162101392745 1.126127036941137 0
1186 -2.024217006971752 0.2413677655388233 0
1187 -2.105644270960465 0.207688467706598 0
1188 0.2782340780021617 1.093092581037343 0
1189 0.2254560810620969 1.113864922437921 0
1190 0.2133483950972174 1.061705355466441 0
1191 -5.181676833293457 1.424471597860722 0
1192 -4.949918699033152 1.425041247805084 0
1193 6.897870978751933 1.016402268952042 0
1194 7.136749720371448 1.012126357919031 0
1195 7.02524077935623 1.160564134981525 0
1196 6.215072240700443 1.351031858660349 0
1197 6.462441393219695 1.392876841252324 0
1198 -4.947363450159616 0.8796479065313001 0
1199 -4.807102516234201 1.0497660513628 0
1200 -0.9557382785057889 0.8128904129104184 0
1201 -0.8789406676674236 0.7851418934528116 0
1202 -0.9102155294462635 0.8514968778155929 0
1203 9.274766797892433 1.749354498228568 0
1204 9.550553760064732 1.735656149844273 0
1205 -9.550556971615059 1.735658982623202 0
1206 -9.274801038040435 1.749374329903721 0
1207 -1.104016434296418 0.5057751982238345 0
1208 -1.085686441325368 0.5825665139668997 0
1209 -7.107089402123162 0.999181205784166 0
1210 -6.882440382760517 1.006994928485971 0
1211 -7.034788365552599 1.163569124147458 0
1212 -1.351255266847726 0.6473262171439754 0
1213 -1.255019230537529 0.662237051026573 0
1214 -1.325477847105776 0.7234439263250427 0
1215 -10.79278614053588 0.4384382280634923 0
1216 -10.60330968475076 0.6681165309790654 0
1217 -10.87009570317223 0.6803566601557367 0
1218 -10.96295346190414 0.9317825982943888 0
1219 10.96220374780155 0.9313056826582049 0
1220 -3.650778306650964 0.1858675676398385 0
1221 -3.582389424820767 0.3063561475313268 0
1222 -1.896346551521206 0.4261295649071146 0
1223 -1.825445520936752 0.3522587873880645 0
1224 -1.806772315746823 0.4433038282388055 0
1225 1.206033670064115 0.332053461741562 0
1226 1.147958648053295 0.3606430248605234 0
1227 -3.062256897041842 0.1678906027896691 0
1228 -2.962775413427014 0.2277143341841901 0
1229 -1.88706263851819 1.548642437550451 0
1230 -1.687818874063093 1.519771640611558 0
1231 0.3854821589272656 1.561642085732852 0
1232 0.4479714831665966 1.43017840505938 0
1233 0.5228531227717967 1.841154220546737 0
1234 0.6670198515317862 1.845262212316261 0
1235 8.024368676985819 1.088105845990539 0
1236 8.169753803518651 1.335689559807107 0
1237 7.907186166462805 1.308894391211553 0
1238 -1.085375842111804 0.3949372152665613 0
1239 -1.112920644360143 0.4559778416696784 0
1240 0.7622442011007221 1.16511259218417 0
1241 0.8556120552150324 1.102757632770504 0
1242 -4.840344964482034 1.615806474425074 0
1243 -4.72292539932473 1.427555449229171 0
1244 -7.906918746122172 1.30885525747913 0
1245 -8.169741012952862 1.3357168351759 0
1246 -8.024088466088832 1.088093987624285 0
1247 -2.362166455439912 0.6671663076703309 0
1248 -2.480703242840188 0.6114224294437536 0
1249 0.9994669038110069 0.4173264505694915 0
1250 1.037236336190728 0.4625201073501916 0
1251 1.61590690223962 0.9635140169867429 0
1252 1.668478016117859 0.8554389696772459 0
1253 1.729159297849211 0.9587436506301019 0
1254 1.50406758677712 0.7673742664043712 0
1255 1.557661881501162 0.6700876049018736 0
1256 1.608819915232309 0.7629226745313891 0
1257 -1.761015777313939 0.63321200801563 0
1258 -1.656227275695897 0.5843920677234322 0
1259 -1.697993203290126 0.6785529020475077 0
1260 -0.7386419417561692 1.130906376941031 0
1261 -0.7622711860376421 1.231449749101595 0
1262 1.818990578224082 1.057170813896329 0
1263 1.871561692102321 0.9490957665868316 0
1264 8.171616186987302 0.9086432630811362 0
1265 -0.8458313589343305 0.8801743365057161 0
1266 -8.171841397065322 0.9088086173127907 0
1267 -1.178099187707936 0.682627353262763 0
1268 -2.7132570293755 1.815558181178169 0
1269 -2.597362413055423 1.644797919231933 0
1270 -2.497646936103186 1.829239738053763 0
1271 -1.840227525619722 0.6222737240487807 0
1272 -1.798461598025493 0.5281128897247052 0
1273 -2.248709510925589 0.3187595345897274 0
1274 1.7220723108419 0.7581523081747481 0
1275 -3.143333337893911 1.82199814361156 0
1276 -3.030686656379546 1.637556324789729 0
1277 -2.925619187842101 1.815558181178169 0
1278 6.294187656903521 0.2710922872515115 0
1279 6.349039173038575 0.4300575547544713 0
1280 6.191087789576825 0.4269053500162887 0
1281 9.834408918812233 1.735656149844273 0
1282 9.951059859446524 1.415022589837512 0
1283 -9.95017363392402 1.41466349691327 0
1284 -9.834412130362463 1.735658982623202 0
1285 -4.053108946986857 0.3212898209051406 0
1286 -3.933617130925545 0.2853557498431898 0
1287 -3.995029994696033 0.4168806703715325 0
1288 -0.2653758049501475 1.154686085398801 0
1289 -0.2984756356116354 1.092057225910831 0
1290 -1.061928846311586 1.02845924636565 0
1291 -1.076340954319105 0.9390504848925254 0
1292 -3.963083162646707 1.612623524138109 0
1293 -4.123517032042652 1.49565396011442 0
1294 2.32868619819466 0.2426446935570873 0
1295 2.275458574156055 0.1872828812060728 0
1296 2.365786613517099 0.1744976557919512 0
1297 2.641163357482328 0.3213254615726914 0
1298 2.73753981532476 0.3968457468473222 0
1299 3.557773501545084 0.2750141134640788 0
1300 3.656242500705849 0.1812622481298226 0
1301 1.464016873972165 0.5136617097141765 0
1302 1.503238415167619 0.5928988944197433 0
1303 11.01336919936271 1.724196070603834 0
1304 11.15917467942011 1.462911372478321 0
1305 11.3258540710486 1.738715301874487 0
1306 -11.32585385143901 1.738715845049852 0
1307 -11.15913602221221 1.462898410600248 0
1308 -11.01333076176585 1.724182565550397 0
1309 1.735232239919036 1.210437632218479 0
1310 1.877634634172146 1.200789748175209 0
1311 1.791650190801955 1.655853885648189 0
1312 1.698224370556735 1.497362036300734 0
1313 1.887302116112319 1.512548415844814 0
1314 6.065982350032018 1.238035079946868 0
1315 6.912773807913484 1.363660140560698 0
1316 7.151652549532999 1.359384229527687 0
1317 -3.483275082729055 0.6583237142502677 0
1318 -3.493107181985022 0.5063291123272348 0
1319 -4.168155905775121 0.3310710855625397 0
1320 -4.106743042004634 0.1995461650341969 0
1321 -7.14159395474524 1.360079284791283 0
1322 -6.916944935382594 1.367893007493088 0
1323 1.607990743622807 0.5884473025467613 0
1324 -1.389003283079639 0.8054262516037496 0
1325 3.806312100112743 1.821902136908417 0
1326 3.916884351091257 1.651960495988162 0
1327 4.025157686087365 1.830058359079745 0
1328 -4.052390265589107 1.818230068391312 0
1329 -3.825278332165116 1.794393455746798 0
1330 -2.219009855373347 1.332197464043151 0
1331 -2.235709524527903 1.524808687409326 0
1332 -2.365052650628553 1.465868252741353 0
1333 -1.29677269976185 0.5064871609567902 0
1334 1.704698890155759 0.340862729543116 0
1335 1.761581324288866 0.4064653058049518 0
1336 -1.950052663659509 1.395033325066883 0
1337 -2.026564660502287 1.267997368495453 0
1338 1.33622213658531 0.4451823668497649 0
1339 1.374701522450763 0.3599434104054919 0
1340 1.412945856520519 0.4308258709194487 0
1341 -6.378175703021878 1.759707124835271 0
1342 -6.126313999016986 1.80310527433812 0
1343 -3.155850607901421 1.475602057952756 0
1344 -2.938136457849611 1.469162095519366 0
1345 5.912676640601287 1.054563021102788 0
1346 4.192911865751082 0.5004060003852584 0
1347 4.151024765555331 0.6617702343156577 0
1348 1.174140066918921 0.1257147459748 0
1349 1.139790321683808 0.1627248120760715 0
1350 1.118373033417195 0.1208669207266443 0
1351 2.381555053594183 0.580282081749419 0
1352 2.307641921790326 0.4879938950094816 0
1353 2.427018152885999 0.4788427320452066 0
1354 -2.173215968863619 0.428162933030803 0
1355 -2.171327595040905 0.5286294847855522 0
1356 0.3228531227723516 1.841154220546737 0
1357 3.517898259991706 0.509941864266874 0
1358 3.623088203567537 0.6245588077723487 0
1359 1.699472779533132 0.5759653399577803 0
1360 -4.947666374761706 1.806646136500493 0
1361 -4.720673075053284 1.80916033792458 0
1362 6.53040724282161 0.3866375735694576 0
1363 6.427307375494914 0.5424506363342347 0
1364 14.2001454253871 0.7468666609033232 0
1365 14.04774558746285 0.9943936115751832 0
1366 13.84378918328305 0.743993558142536 0
1367 -3.357758029458051 0.455507679262164 0
1368 -3.246812560521432 0.5142422119898578 0
1369 6.654063475872444 1.367566937280325 0
1370 6.780475246049214 1.566387031826488 0
1371 -6.754499467154753 1.541908708903728 0
1372 -6.647693877962112 1.345398548259903 0
1373 3.300044111257063 1.43658927791873 0
1374 3.410975883833092 1.320363547772921 0
1375 3.444216236429446 1.513004166922389 0
1376 3.156930313659954 1.359973421671061 0
1377 2.045419265811966 1.20273469125575 0
1378 1.96166092750692 1.3560015095779 0
1379 -1.387918633516488 0.246950312876728 0
1380 -1.327972688911477 0.2310903536102508 0
1381 1.502496259837618 0.4284227532699034 0
1382 -1.97669809721595 0.4904340220436512 0
1383 -1.995371302405879 0.3993889811929101 0
1384 2.88910050194654 0.4991633558519801 0
1385 2.820811040000787 0.4072332782773341 0
1386 2.956063253235585 0.4052947591123296 0
1387 -1.677866556972671 1.356056410841833 0
1388 1.258429047182402 0.4403092158165911 0
1389 1.202958362635887 0.4482379081202602 0
1390 1.242507117969039 0.3822285986394772 0
1391 1.139475200392726 0.4245121253900891 0
1392 -1.362377771852201 0.556965377306873 0
1393 -1.378353821334572 0.4773331964181576 0
1394 2.28081655628703 1.333551000363973 0
1395 2.379236104843508 1.474622592948586 0
1396 2.227865107703217 1.499018045243054 0
1397 8.318757581466411 1.546618800553224 0
1398 8.435940091989426 1.325830255332211 0
1399 -8.435928752249051 1.325855041163796 0
1400 -8.31875903228239 1.546616311018642 0
1401 -1.275878055929004 0.2430445135175813 0
1402 -1.217828623244106 0.262592646147488 0
1403 -1.270227783428814 0.3049531320329573 0
1404 8.996734440220546 1.749354498228568 0
1405 -8.996768680367904 1.749374329903721 0
1406 -1.518581797548503 0.578772187261775 0
1407 -1.589961456098369 0.5406376848202281 0
1408 -1.515338551974789 0.4896769103266933 0
1409 3.460829742819296 0.173267787941455 0
1410 4.831030440658827 0.3147072957381891 0
1411 4.990558266944394 0.3347258144955013 0
1412 4.875691352534232 0.4292048192369526 0
1413 2.583259747186838 0.2520677651146905 0
1414 2.490054805291291 0.2899603863053444 0
1415 2.512219179451251 0.1919668469523119 0
1416 -1.320512982678967 0.3561299897355628 0
1417 -1.242171926735323 0.1465659702055232 0
1418 -1.207026428521501 0.09744952652202901 0
1419 -13.84853244364712 0.7437978612408452 0
1420 -14.05931229742398 0.9944655931173946 0
1421 -14.21153081043267 0.747135351018485 0
1422 13.845958713483 1.240751702188714 0
1423 14.20231495558705 1.243624804949501 0
1424 -1.475566312683595 0.8698435832001121 0
1425 -1.508276913019929 0.7729504240388078 0
1426 -5.594780747234807 0.7212683472444387 0
1427 -5.404717536592651 0.7297789456625474 0
1428 2.193661887059109 0.4913002641743753 0
1429 2.239124986350925 0.3898609144701629 0
1430 2.446771629533292 0.6874417519810698 0
1431 2.527889151270079 0.7886638292621928 0
1432 -3.354590186788357 1.478255163724702 0
1433 -3.492186017827036 1.616391599358357 0
1434 -1.383887428681644 0.395871444397566 0
1435 -1.39165166211639 0.3251464540650539 0
1436 0.1545553994205379 1.141480840357606 0
1437 0.2194410823254822 1.172868065928508 0
1438 -14.21157004325935 1.243893904745703 0
1439 -13.8485716764738 1.240556414968063 0
1440 2.327395398437619 0.6965929149453449 0
1441 -3.245060641656512 0.6440980911306762 0
1442 -3.133008726963122 0.5759547797876194 0
1443 0.2024282772586003 1.813456729248465 0
1444 0.3252814000287327 1.654610949795202 0
1445 1.696312049913985 1.820333753052055 0
1446 1.885389795469569 1.835520132596134 0
1447 1.403511074335902 0.7604356378761876 0
1448 1.305769332695375 0.7599791977777999 0
1449 -2.575796683983299 0.6940347810416159 0
1450 -2.599099357924849 0.5646901263863653 0
1451 6.685653412727246 1.002031311343276 0
1452 6.797162353742464 0.8535935342807826 0
1453 -2.807741660603903 0.6001648877287135 0
1454 -2.834288684151519 0.4802106387711448 0
1455 -2.720739822615576 0.5273482290266589 0
1456 0.07204822306106234 1.816847390960237 0
1457 0.07447650031744349 1.630304120208702 0
1458 2.05508674775214 1.514493358925355 0
1459 2.153506296308616 1.655564951509968 0
1460 -2.62090167033788 0.2185963610521652 0
1461 -2.707519920163908 0.1642480537196286 0
1462 6.647095872856271 1.785146914273058 0
1463 6.905806204897311 1.78124011755343 0
1464 -6.898088678138421 1.782201584068456 0
1465 -6.628837620717938 1.759707124835271 0
1466 -2.153383348637605 0.6335318919081226 0
1467 -2.057778601697323 0.5685958454520172 0
1468 -1.921308030101095 0.7004355474571466 0
1469 -1.95875385081265 0.5953364291662216 0
1470 -0.4593989520287982 1.218425077052842 0
1471 1.10432915402564 0.5334266041458759 0
1472 1.15539712960609 0.482592742567203 0
1473 1.067816111858527 1.351665066986972 0
1474 1.081518343784194 1.482862333902141 0
1475 0.9743878342204444 1.456134515165366 0
1476 5.360156451682345 0.7017578478886901 0
1477 5.538917710545486 0.6385637480135756 0
1478 2.845524583171637 0.617013649046888 0
1479 2.800183602897482 0.7532502482120906 0
1480 -2.694442569748771 1.527364059295858 0
1481 -2.478832476476457 1.541045616171452 0
1482 -1.507459292544028 0.6691330270988775 0
1483 -1.432836388420448 0.6181722526053427 0
1484 3.371593660360523 0.5252435573134446 0
1485 2.295731589957879 0.3209922321382391 0
1486 2.386059629318923 0.3082070067241175 0
1487 -1.464981249255149 0.1511954692059954 0
1488 -1.430281067816811 0.09537064249216905 0
1489 4.985681402362296 1.408871572968429 0
1490 4.81555355621702 1.444198418923809 0
1491 4.860521173210117 1.258407323563177 0
1492 2.329409683066261 0.9311264037715883 0
1493 2.471401950146216 0.9193644789277251 0
1494 2.40819965883575 1.046738297522318 0
1495 1.21774039497746 1.523548256396358 0
1496 1.29351498202969 1.393765938973326 0
1497 -2.177132106621966 0.3391297991066305 0
1498 -2.079638985858971 0.3746603044052744 0
1499 1.130267084266322 1.834351813534484 0
1500 -1.293199205184348 1.830721359960632 0
1501 -1.097733068394783 1.830721359960632 0
1502 -1.478065711829498 1.820307264900237 0
1503 -5.411971313282497 1.420445605609011 0
1504 -5.297632744179496 1.609266280749276 0
1505 10.46072341977141 1.134006236015437 0
1506 10.76306210528143 1.178835866626032 0
1507 -10.76361608996308 1.179200047086052 0
1508 -10.46042640497886 1.134021995825723 0
1509 11.04583145025435 1.200861957239842 0
1510 11.35831632194023 1.215381188510494 0
1511 -11.35847339415327 1.215480961808586 0
1512 -11.04595030448011 1.200947682309131 0
1513 -4.625984716375374 1.252463721315975 0
1514 -4.516410981824256 1.443228947935965 0
1515 1.261504354610631 0.324124769437893 0
1516 -2.93832989891769 0.4343959037997875 0
1517 2.980776796406436 0.6150751298818835 0
1518 3.115997184646871 0.5935981729806761 0
1519 3.072421265871968 0.711448466175584 0
1520 -11.64193862897146 1.228737245489898 0
1521 11.64173507477998 1.228616160864874 0
1522 1.16382536696227 0.2010090550550166 0
1523 1.108058333460544 0.1961612298068608 0
1524 1.583669755568269 0.2869142384986358 0
1525 1.537095861614836 0.3503382144190866 0
1526 7.300797104183138 0.9191475712388169 0
1527 7.51296028045286 1.10879945067175 0
1528 -4.3048326974728 1.452298678402696 0
1529 -4.401773380422155 1.627390406315892 0
1530 8.196424311539044 1.77823905251406 0
1531 8.462610600009821 1.768379748039165 0
1532 -8.462612050827598 1.768377258503269 0
1533 -8.196424311531413 1.778239052515373 0
1534 -7.510351792086693 1.108493905686584 0
1535 -7.294440081152475 0.917107334634782 0
1536 0.8670198515312314 1.845262212316261 0
1537 0.8610648846042873 1.638928103356529 0
1538 0.9940450330730559 1.793665891040268 0
1539 4.714699901118376 0.288090663819085 0
1540 4.829566815528539 0.1936116590776337 0
1541 -2.454031475759288 0.1885331153203089 0
1542 -2.387292914122483 0.1183061021875866 0
1543 1.321538515802302 0.3201627666687727 0
1544 -0.04034971091287855 1.270592209670927 0
1545 -0.7202222364172781 1.892484807949496 0
1546 -0.7502342539617828 1.686044773242788 0
1547 1.144203000980735 1.266083918855112 0
1548 -5.400305998076977 1.061633718080844 0
1549 -5.308808797742086 0.8920852231937058 0
1550 -5.508016904210875 1.231132948420965 0
1551 -5.612307499891394 1.057115743781351 0
1552 0.2024956572107456 1.24385551225627 0
1553 0.1828364611679097 1.332407689881409 0
1554 -1.054089714967606 1.594294134001034 0
1555 -0.8765788829906568 1.656057581989898 0
1556 -1.017955304812616 1.723206167910129 0
1557 -0.57685606007596 1.494118162988052 0
1558 -0.6871199512771304 1.450021999680274 0
1559 -2.625646381472465 0.4447358774287966 0
1560 3.402584751463812 1.814614948534099 0
1561 3.515661614485026 1.636517085442516 0
1562 3.58496190209542 1.821902136908417 0
1563 -3.603928134147904 1.794393455746798 0
1564 -3.360142922752225 1.82199814361156 0
1565 1.454669108067049 0.8532707075057032 0
1566 4.24126007439109 1.195153626255342 0
1567 4.118211762380366 1.331122309296179 0
1568 4.010378315224618 1.193317781064444 0
1569 -3.492000736228252 0.3794512682564842 0
1570 -3.447040272293796 0.2555347144662559 0
1571 3.235437235762599 0.5480944541513615 0
1572 3.343798078710328 0.6671206124364597 0
1573 -5.696640045244873 0.8798494053714604 0
1574 -5.786824198722186 0.7135012391746693 0
1575 2.271183531335745 0.8084864515553338 0
1576 6.596810116497863 0.6691266159106186 0
1577 6.773925415554048 0.5209277620054547 0
1578 6.762060086773962 0.6910237227668523 0
1579 0.708268200544804 1.193647427706259 0
1580 0.7215631497539736 1.104165599063525 0
1581 2.45710019705451 0.3683079248864962 0
1582 4.251143549800785 1.830058359079745 0
1583 4.350313468615556 1.650800359080299 0
1584 4.465727081350463 1.820742000000554 0
1585 -4.489954413653878 1.80916033792458 0
1586 -4.278376129302422 1.818230068391312 0
1587 9.314999484332205 0.8728194665229216 0
1588 2.197826475451267 1.208223337512311 0
1589 12.27724362194688 0.7371927112044043 0
1590 12.11093738284703 0.9848492882804205 0
1591 11.97811683755381 0.7321451409047597 0
1592 -11.97954529141889 0.7329877049241126 0
1593 -12.10912169280482 0.9867291224413552 0
1594 -12.27644883816616 0.7396740264853757 0
1595 -4.888156078419711 0.4673823086947768 0
1596 -4.733398450773336 0.4648796587856987 0
1597 -4.801376423460859 0.6011201832336458 0
1598 -9.316857880418809 0.8739367464508887 0
1599 7.288998592119918 1.563732379784177 0
1600 7.401465563562664 1.360636374205004 0
1601 5.720240490335284 0.6071076452342344 0
1602 5.666159888137728 0.7791963699655663 0
1603 -1.698810823766026 0.782370298987438 0
1604 -1.594022322147985 0.7335503586952401 0
1605 3.143792766297066 0.451721117857661 0
1606 -7.39915926923004 1.360348196272655 0
1607 -7.281315839060036 1.564672079618285 0
1608 -1.586769996519161 0.2195382373057573 0
1609 -1.518595663954033 0.1758359638690812 0
1610 -1.515734383484391 0.2521978997870815 0
1611 2.606679127039568 0.9042757230129223 0
1612 -1.451293079519165 0.2866917675387313 0
1613 -5.413511426838554 1.802620144248782 0
1614 -5.183216946849514 1.806646136500493 0
1615 3.792684384165264 1.486545368961058 0
1616 4.011529970139886 1.494701591132386 0
1617 2.804502566613804 0.3029771501076717 0
1618 -1.516003450760055 0.04694765603079269 0
1619 -1.536016862289919 0.1185358067246712 0
1620 -1.449492500771995 0.4463496607476487 0
1621 8.395525327438108 0.5329952947765919 0
1622 8.276454425007095 0.7115096849911777 0
1623 8.175366962363952 0.5238711213615933 0
1624 -8.175604963006588 0.5240092002250177 0
1625 -8.278148518251928 0.711532809606269 0
1626 -8.396981420047398 0.5328803405267593 0
1627 3.71919447765979 1.088919093543168 0
1628 3.867717952175376 1.184750880534149 0
1629 4.627645163615037 1.467609084759832 0
1630 4.752805392767216 1.618073334165084 0
1631 -1.519467412084293 0.3303940409754074 0
1632 2.089128856760211 1.835520132596134 0
1633 -2.080608228076206 1.84917806183913 0
1634 -2.289641048472731 1.829239738053763 0
1635 -2.172719499386584 1.678417799892893 0
1636 -2.973828923799189 1.032202384787416 0
1637 -2.95625510728828 1.196639866907224 0
1638 -3.080874225882394 1.142770346562585 0
1639 0.6845095977928284 1.440406793277156 0
1640 0.7661870023134868 1.575978465720152 0
1641 1.797534997058962 0.5616549922404598 0
1642 1.828230682800022 0.4659474529509374 0
1643 1.88923433074907 0.541307778304728 0
1644 -2.026676704131378 1.544747011194692 0
1645 6.594739955083966 1.190149949986534 0
1646 -5.754726112946512 1.605725418586902 0
1647 -5.85077170387489 1.416412761398856 0
1648 -5.623972815096914 1.415927631309519 0
1649 7.974798769569831 0.512125049437021 0
1650 8.093869672000844 0.3336106592224353 0
1651 7.161717766765623 1.78124011755343 0
1652 7.411530780795288 1.782492262230747 0
1653 -7.411565554490484 1.782470495549828 0
1654 -7.154000240005684 1.782201584068456 0
1655 -5.91702039181963 1.205402370056611 0
1656 -1.921780984853745 0.1494701428784236 0
1657 -1.847234357675148 0.1620421803425584 0
1658 -1.89033226314759 0.2096803980606794 0
1659 1.76047642748218 0.6513256653115709 0
1660 1.82013452836773 0.7438419604574276 0
1661 -7.79572622326552 1.560709548065201 0
1662 -7.650073676401488 1.313086700513586 0
1663 1.260631151626694 0.8357254747243946 0
1664 1.212287888696239 0.7493725935246749 0
1665 -5.208929740577242 0.7342476554150235 0
1666 3.626593387061054 1.520291355296707 0
1667 7.650306323039779 1.31314760092824 0
1668 7.795691449572609 1.560731314744807 0
1669 -4.868919974849894 0.7331823566295712 0
1670 1.124312117339378 1.628017704574752 0
1671 11.62791954594963 1.738715301874487 0
1672 11.78308848393081 1.477240988740562 0
1673 11.93934847877445 1.738525686866075 0
1674 -11.93934845263146 1.738525751529845 0
1675 -11.78308823817689 1.477241596579697 0
1676 -11.62791932633994 1.738715845049852 0
1677 4.696445742749979 1.820742000000554 0
1678 -10.00790573176621 0.8347081498417405 0
1679 -10.15499080789099 0.6004604651070454 0
1680 10.15013194220421 0.6112683259736005 0
1681 10.00609382347519 0.8370411906388513 0
1682 -5.130486265267519 0.5877821055132946 0
1683 -5.034577526416955 0.7500883830444529 0
1684 11.95316400760479 1.228426545856463 0
1685 -11.95336775526298 1.228547151969891 0
1686 -1.939949323518661 0.2660964423264591 0
1687 -1.865402696340065 0.2786684797905938 0
1688 -8.093980226453482 0.3336562552857947 0
1689 -7.975147324658014 0.5123087243653044 0
1690 -5.653995080412643 1.802620144248782 0
1691 0.3670751977193119 1.356405366183123 0
1692 0.4897886085738612 1.345608040870273 0
1693 -0.986300482314534 0.3276573138019723 0
1694 -1.032876691786684 0.3141266228651441 0
1695 -1.003516545204482 0.2767539863172279 0
1696 -3.184090474140119 1.19994902946429 0
1697 -3.201664290651027 1.035511547344482 0
1698 -5.804350951378772 1.049348635711582 0
1699 11.8690590242154 0.4738196090823932 0
1700 -11.87039133047827 0.4746055231604518 0
1701 -8.683507252051076 1.315451339058638 0
1702 -8.534489232721548 1.104551863215895 0
1703 8.534124654838514 1.104303604777042 0
1704 8.683128432786276 1.31523284552316 0
1705 -0.8182184968962842 0.9791360812259261 0
1706 -0.8681905594006978 1.039867384008928 0
1707 12.87323767288656 1.730128476332611 0
1708 13.03466411571882 1.466673620127959 0
1709 13.19208915831339 1.736545143795348 0
1710 -13.19291708709441 1.732080044055036 0
1711 -13.03549204449989 1.462208520387748 0
1712 -12.87323767288739 1.730128476332711 0
1713 1.498551941689675 0.9416675006109423 0
1714 1.397995429248456 0.9347288720827587 0
1715 -4.001563300637951 0.6908026251831595 0
1716 -4.124385878686232 0.6112046587333592 0
1717 -3.991699232709063 0.5324127078832837 0
1718 -2.13134547542275 1.240034708508377 0
1719 -2.06824340665234 1.116894178292706 0
1720 -1.092763923417637 0.6869919007489668 0
1721 -1.14390654650528 0.7427193076938441 0
1722 7.672801753326915 1.782492262230747 0
1723 -7.672836527020276 1.782470495549828 0
1724 -8.846774304853373 1.51775158840699 0
1725 -8.734941147093107 1.768377258503269 0
1726 8.734939696272008 1.768379748039165 0
1727 8.846738613885723 1.517734246267732 0
1728 0.2908544930248076 1.364101385518288 0
1729 0.2172400404551494 1.40928203473535 0
1730 -2.793975841441277 0.7269054984439958 0
1731 -2.90752470297722 0.6797679081884818 0
1732 1.651417607935808 0.288252301674569 0
1733 1.733350017247867 0.2740255168546875 0
1734 12.24773998092923 1.738525686866075 0
1735 -12.24773995478613 1.738525751529845 0
1736 -3.735732366771119 0.8195126162554935 0
1737 -3.866327848979866 0.7583870008382251 0
1738 -2.544537410736353 0.1250095303256678 0
1739 -2.536388191784218 0.2055804586875859 0
1740 3.043641216223915 0.4017446576440058 0
1741 -12.25027130201024 1.235233473531154 0
1742 12.25229079199786 1.233474116156108 0
1743 12.4051650235238 1.468654163198686 0
1744 12.55838758769741 1.730128476332611 0
1745 -12.55838758769837 1.730128476332711 0
1746 -12.40516499738064 1.468654227862556 0
1747 2.205966955396637 0.7013267813236831 0
1748 2.098126467157464 0.7137936896911364 0
1749 2.154338334259337 0.6019001530811474 0
1750 1.516514137704868 0.1592410154961569 0
1751 1.549613388180749 0.1041251549454893 0
1752 1.577672280768718 0.1636231020836065 0
1753 -1.999287440164227 0.3103558472687378 0
1754 13.51353310293755 1.736545143795348 0
1755 -13.51436103171844 1.732080044055036 0
1756 7.929681596749941 1.77823905251406 0
1757 -7.929681596740959 1.778239052515373 0
1758 1.341431947586337 1.007598737837737 0
1759 1.297549113963711 0.9192019447324978 0
1760 1.865464477184499 0.2952993657112248 0
1761 1.853280657978974 0.38611809186922 0
1762 -2.131949055783512 0.7501622743333851 0
1763 -2.245498049127093 0.7101959136669201 0
1764 -3.243279073785703 0.7814337543286762 0
1765 -3.357082907344013 0.7197211865309145 0
1766 -1.902821836262958 0.8153541416014887 0
1767 -2.021348161455886 0.7884168467189296 0
1768 1.115305571589097 0.6615894884160567 0
1769 1.055700626400308 0.6845546864170706 0
1770 1.057139395499562 0.6309514464557338 0
1771 4.811447937272238 0.5369774308702855 0
1772 4.739376961883528 0.6834884942298198 0
1773 -0.4953154947603845 1.147970490503495 0
1774 -0.4153753641673305 1.170536703686296 0
1775 -0.920222236417833 1.892484807949496 0
1776 10.00746794215422 1.119220433155654 0
1777 -10.00777865593256 1.11776693799941 0
1778 -0.8761358160538124 1.213569813948589 0
1779 -0.9500670258841457 1.1676135593437 0
1780 -0.8842577144392565 1.104019174824338 0
1781 1.596959556923733 1.525872848775367 0
1782 1.692611482234097 1.382567378971992 0
1783 -1.775828460565681 0.2958427431222848 0
1784 -1.520872159321861 0.4082151583061017 0
1785 -1.585313463287087 0.373721290554452 0
1786 -4.83013224716434 0.1655708921234148 0
1787 -4.922599402346695 0.2636172900123486 0
1788 -4.932553543778845 0.09804639788893377 0
1789 13.67702184137643 1.481536591576863 0
1790 13.83703934316832 1.744991447781516 0
1791 -13.83719001351957 1.744992363298185 0
1792 -13.67800044050804 1.477072407353222 0
1793 -1.687593576124132 0.9099594944004171 0
1794 -1.791564457266273 0.8549620377526848 0
1795 0.4817924997904047 1.238925156936276 0
1796 0.5626887852376895 1.312698195812532 0
1797 -2.554265800656363 0.8219403235446591 0
1798 -2.672661915741025 0.7752080204872708 0
1799 2.884781353710195 0.8639969875078291 0
1800 2.747764078976143 0.8843218126431283 0
1801 1.501715005619099 1.410108591834765 0
1802 -3.446404874915853 0.1635280614549016 0
1803 -3.356016186323338 0.236623182180059 0
1804 -0.969770080704033 0.373856691357437 0
1805 -1.173732366288485 0.2760941282107818 0
1806 13.2059356841884 0.2537867453172455 0
1807 13.04961333181367 0.5004900017610648 0
1808 12.89699631665199 0.2467032564438193 0
1809 1.010518916219889 0.6012460372664867 0
1810 1.070123861408677 0.5782808392654728 0
1811 2.261907216711288 1.820044818913834 0
1812 3.158649882700101 0.8202750568649837 0
1813 3.023429494459666 0.841752013766191 0
1814 1.285065067897378 0.2699876297708576 0
1815 -0.7942593495703645 1.085823638613816 0
1816 14.16521523332525 1.744991447781516 0
1817 -14.16536590367637 1.744992363298185 0
1818 -1.048899184212975 1.129215943440995 0
1819 -1.15263910625497 1.099612269587196 0
1820 2.491189739671513 1.172065960373979 0
1821 2.349197472591558 1.183827885217843 0
1822 3.718188832719176 0.7323552597198719 0
1823 3.57505513245989 0.752066167546066 0
1824 3.434292647820976 0.7760222137924651 0
1825 3.298136223223052 0.7988731106303819 0
1826 -4.472078759482839 0.4910281239349666 0
1827 -4.459779751460324 0.3735476519876139 0
1828 -4.358125483956269 0.4912283497149427 0
1829 5.18185113606054 0.743044970477878 0
1830 5.306531792726125 0.8519395953340954 0
1831 4.84979251286939 0.8105777513122061 0
1832 4.682437126457105 0.8292976842810955 0
1833 8.39177455206146 0.9177674364961348 0
1834 -1.053320528094167 0.4884357250617576 0
1835 -13.20804253868651 0.2554689532827056 0
1836 -13.51886536997988 0.2554689532827056 0
1837 13.5167585154817 0.2537867453172455 0
1838 5.783948929017867 0.9337000064301162 0
1839 5.602626149228069 0.9651561092094574 0
1840 0.2650573134135144 1.53394459443458 0
1841 0.1570392815566165 1.5022508987977 0
1842 3.906990091362388 0.5822846057933586 0
1843 4.003546169169381 0.688338362354924 0
1844 3.862777981633815 0.71090165650772 0
1845 -8.393217854106132 0.9176797576145324 0
1846 -1.256998015321933 1.063701448721388 0
1847 -1.352309972516795 1.01543336784799 0
1848 1.179362753325541 0.04192842731268635 0
1849 1.126772930649634 0.04192842731268635 0
1850 -1.127005490981823 0.05122557013256172 0
1851 -1.179595313657748 0.05122557013256172 0
1852 -2.4621328073219 1.348434392805278 0
1853 -13.83785764413436 0.2482338095709679 0
1854 -14.16211107265962 0.2482338095709679 0
1855 5.703743463891254 0.3517738276584009 0
1856 5.870958825006101 0.3490461782708394 0
1857 5.760213673857889 0.4637473738946823 0
1858 -13.68175868250133 0.5037027628536735 0
1859 -1.457231703549954 0.9794322280978371 0
1860 -1.576505333490244 0.9469564005328954 0
1861 -4.7466065852211 0.09029738104848659 0
1862 -4.736652443788948 0.2558682731719014 0
1863 -1.208183336116477 1.402347092679122 0
1864 -1.148241457880051 1.536622661501533 0
1865 1.342817609532019 0.045772895827116 0
1866 1.314007462571124 0.08883530379884344 0
1867 1.286917040492859 0.04306240797172745 0
1868 -12.01653954123992 0.2429663044840666 0
1869 -12.30214700891406 0.2429663044840666 0
1870 12.30092232885113 0.2422442819143718 0
1871 12.01531486117707 0.2422442819143718 0
1872 -5.880793969190619 1.80310527433812 0
1873 5.071104071656285 0.6288158921467015 0
1874 5.017479412700066 0.7789976395921069 0
1875 -2.260688601523399 1.181094273840404 0
1876 -4.16305001966056 0.104663714845798 0
1877 -4.280529981925238 0.104663714845798 0
1878 -12.59943537810284 0.2486071537095007 0
1879 -12.89738392209198 0.2486071537095007 0
1880 -11.74005843493796 0.2316392186763853 0
1881 11.7399508087388 0.2315753271680214 0
1882 5.429275079567775 0.9832349527684752 0
1883 5.250969763945971 1.024522075357663 0
1884 5.887455851450131 0.6043799958466729 0
1885 -13.05210779175233 0.5040761069922064 0
1886 -1.015439017540011 0.2291568086978626 0
1887 -1.057355829875588 0.2116851544202881 0
1888 -1.022702092738967 0.177618667737751 0
1889 1.032404284292825 0.1764836544211731 0
1890 1.063650999026808 0.2095169010159841 0
1891 1.012031995137551 0.2281235686092414 0
1892 1.400050417150837 0.045772895827116 0
1893 -1.346943437748221 0.04842298646137636 0
1894 -1.404176245367059 0.04842298646137636 0
1895 -3.496827868449288 0.09121979687054924 0
1896 -3.600306078853081 0.09121979687054924 0
1897 -1.233433842862597 0.04622395638946728 0
1898 -1.288296072590103 0.04622395638946728 0
1899 -3.026273665119024 0.6294189782008186 0
1900 -3.028025583983944 0.4995630990600001 0
1901 -10.93667424775745 0.2253391786200818 0
1902 -11.19911188932253 0.2253391786200818 0
1903 11.19892567725557 0.2252290629687992 0
1904 10.93648803569055 0.2252290629687992 0
1905 4.518087766990337 0.8580206012607644 0
1906 4.359222605361069 0.8888259661567861 0
1907 4.970975763557806 0.5569959496275976 0
1908 1.645420133136258 0.1649611652595397 0
1909 1.612320882660376 0.2200770258102073 0
1910 -6.00135293717311 1.02813603164672 0
1911 -6.201162834901613 1.00569196171581 0
1912 -6.088493394460755 0.849638227370781 0
1913 4.884354135351962 1.79733133416453 0
1914 12.88806140177649 0.7390747850895751 0
1915 12.72275650325791 0.9873199579357883 0
1916 12.57536906575868 0.7416516857338518 0
1917 -12.57373720735494 0.7453148757108099 0
1918 -12.44416080596901 0.4915734581935673 0
1919 -8.945334785325873 1.29644841045909 0
1920 -9.031666292889209 1.080331042610911 0
1921 9.030758917844031 1.079910359838208 0
1922 8.944923176734813 1.296207595712563 0
1923 0.905343355806888 0.5136653897967216 0
1924 0.8801175297841305 0.5557521378934867 0
1925 4.242411729306358 1.496537436323284 0
1926 1.983213931255148 0.5299836502319032 0
1927 1.952518245514087 0.6256911895214256 0
1928 14.15983010493547 0.2482333037353379 0
1929 13.83557667641031 0.2482333037353379 0
1930 2.00304041936284 0.7034629537393191 0
1931 -1.659890000605944 0.3326666119717565 0
1932 -1.712069424861812 0.2951483411055 0
1933 -1.636088140305387 0.2583819023575011 0
1934 -9.948920164093863 0.2045147389746472 0
1935 -10.19006763899425 0.2045147389746472 0
1936 10.18582053074895 0.2140811284971644 0
1937 9.944673055848613 0.2140811284971644 0
1938 8.638962892858309 0.9071700266870835 0
1939 -12.72103995657723 0.9904153203661612 0
1940 -12.88875192438008 0.7423147520743528 0
1941 1.870656702216483 0.8216137246753211 0
1942 -8.640796353908158 0.9072760555093738 0
1943 1.874404888018149 0.2355793080692101 0
1944 1.838871941721686 0.1615516823006846 0
1945 1.908764708604716 0.1899351609306896 0
1946 12.59904777266293 0.2467032564438193 0
1947 1.657872154553336 1.290856404698989 0
1948 1.599228098605272 1.147237470420108 0
1949 -0.8134645803060044 1.420034808427384 0
1950 -0.9273292103221746 1.402154873274377 0
1951 -0.8280804974825314 1.295044133620959 0
1952 -3.999014494957034 0.8371789516883006 0
1953 -10.41832074927943 0.2130990494434105 0
1954 -10.66988822933599 0.2130990494434105 0
1955 2.085821398819936 0.5037671725418287 0
1956 6.046710986819702 0.6668054423527368 0
1957 5.976210379510946 0.8686032818588971 0
1958 -1.319512322884469 0.09464694285084364 0
1959 -9.033910665621576 0.1815626994293411 0
1960 -9.255495210117429 0.1815626994293411 0
1961 9.254600399550034 0.1785101387495737 0
1962 9.033015855053733 0.1785101387495737 0
1963 10.66905035876417 0.2146125207227259 0
1964 -2.559457565348108 0.3886068115999443 0
1965 -11.46628092193201 0.2316392186763853 0
1966 11.46617329573291 0.2315753271680214 0
1967 -0.8233924761275879 0.6415207008575813 0
1968 -0.8526220555976529 0.6021091752854052 0
1969 1.232054810765369 0.04306240797172745 0
1970 -9.481607801392691 0.1947622530187451 0
1971 -9.712766884893341 0.1947622530187451 0
1972 -10.46055348081251 0.8509632076680531 0
1973 -10.24036063840427 1.074950240422466 0
1974 10.24063831803516 1.076553637469675 0
1975 10.45934930109238 0.8518269934986336 0
1976 8.396242152766215 0.1726783655735038 0
1977 8.19263357682372 0.1726783655735038 0
1978 -8.192633576831991 0.172678365572754 0
1979 -8.396242152772123 0.172678365572754 0
1980 -1.073185338581522 0.8662085982303791 0
1981 1.94398207584462 0.120526656033377 0
1982 1.979515022141084 0.1945542818019025 0
1983 1.204067669964575 0.9085953404793728 0
1984 1.148659024242781 0.9822156027777491 0
1985 1.111741061905764 0.8987391327696459 0
1986 -3.481493514858246 0.7956593774482676 0
1987 -6.149852385702873 0.6945747035185224 0
1988 -5.950042487974371 0.7170187734494324 0
1989 -6.638214256715965 1.145155990014209 0
1990 12.44254852046546 0.488947538358191 0
1991 -8.604471936822172 0.1772974542210638 0
1992 -8.816878301776407 0.1772974542210638 0
1993 10.41748287870766 0.2146125207227259 0
1994 1.559233223421027 1.044972181563798 0
1995 1.909060818856763 0.7147870818121438 0
1996 -3.012507845956398 0.756159588916101 0
1997 -2.530395735360816 0.2821199460468063 0
1998 -7.423840862048488 0.1596707259228584 0
1999 -7.610931721021727 0.1596707259228584 0
2000 7.610747844201981 0.1595691029887667 0
2001 7.423656985230124 0.1595691029887667 0
2002 -4.725601614220189 1.150745995787217 0
2003 -4.519087196719715 1.16641949449401 0
2004 -2.155132527920942 0.2652569059641988 0
2005 1.004711325763015 0.7039026443709921 0
2006 1.06287750185255 0.7345406863313149 0
2007 1.000109522802131 0.2757207462284011 0
2008 1.02982690623751 0.3148182307398422 0
2009 0.9866577191681075 0.3293821617641908 0
2010 9.709642447124393 0.1929202086790096 0
2011 9.478483363623788 0.1929202086790096 0
2012 -6.789099783507618 0.7162169459208911 0
2013 -6.627657572094384 0.7443387958866949 0
2014 -6.793299207917844 0.8707288600884835 0
2015 -1.02990181587343 0.1290820768942663 0
2016 1.039604007427218 0.1279470635779387 0
2017 2.181751555226662 0.3242986013031327 0
2018 -5.760142626578054 0.4152773610154665 0
2019 -5.677924192687335 0.272658488474169 0
2020 -7.797000911036934 0.1609778897130407 0
2021 -7.992175938483417 0.1609778897130407 0
2022 1.642473698635073 0.05425362076646946 0
2023 1.580187992586747 0.05425362076646946 0
2024 -6.709989030264811 0.1395343488026202 0
2025 -6.881902198283015 0.1395343488026202 0
2026 6.881657860325658 0.1457978395658606 0
2027 6.709744692307569 0.1457978395658606 0
2028 -0.3596970259291263 1.180803782302069 0
2029 8.871522171993394 0.9013225153823279 0
2030 9.120968094202059 0.8875266802525453 0
2031 8.815274187835822 0.1770199472830142 0
2032 8.602867822878993 0.1770199472830142 0
2033 -6.059802873947823 0.1336246896449192 0
2034 -6.217769669475932 0.1336246896449192 0
2035 6.215219671205776 0.1339700412566644 0
2036 6.057252875677767 0.1339700412566644 0
2037 -2.772444958114342 0.8548110409470391 0
2038 -5.988328311211721 0.2714419601365619 0
2039 -5.923360915830238 0.4187948952902295 0
2040 -6.076368874597973 0.414602314443506 0
2041 13.67737086027869 0.5020200490525835 0
2042 -7.059308078528107 0.148380514804783 0
2043 -7.238649614370461 0.148380514804783 0
2044 7.992065384029599 0.1609322936489315 0
2045 7.796890356583746 0.1609322936489315 0
2046 4.596443901304102 0.1862777857373997 0
2047 5.896379046476614 0.118536316017279 0
2048 5.7449552844731 0.118536316017279 0
2049 -0.6806764639804118 0.7877236314997077 0
2050 -0.717033212492028 0.7547717954115614 0
2051 -6.377165192323163 0.1370084432391393 0
2052 -6.541957711987642 0.1370084432391393 0
2053 -10.29774701182924 0.4176137884180577 0
2054 -1.727560567441039 0.454242112205655 0
2055 -5.848183189964305 0.5584377153224107 0
2056 -5.176408995244868 0.1180028839475259 0
2057 -5.315548573811316 0.1180028839475259 0
2058 5.324979853941064 0.1364166124946029 0
2059 5.185840275374698 0.1364166124946029 0
2060 7.239211857573552 0.1497467261726499 0
2061 7.059870321732376 0.1497467261726499 0
2062 1.771230585838708 0.05402889581263546 0
2063 1.706253509997989 0.05402889581263546 0
2064 -1.77066064158895 0.05668876892476612 0
2065 1.087927867477569 0.8467054828418861 0
2066 1.010297114271418 0.8110903697488694 0
2067 1.089518954421408 0.7895037573782531 0
2068 5.026368280514365 0.1101141454983689 0
2069 4.892991871831867 0.1101141454983689 0
2070 -2.340732162585819 0.7837966900955934 0
2071 -5.755371153176482 0.1378172704916427 0
2072 -5.906794915180088 0.1378172704916427 0
2073 14.74656641691967 0.2430669552825683 0
2074 14.40830201125149 0.2430669552825683 0
2075 6.537963574331898 0.1371222459948471 0
2076 6.373171054667525 0.1371222459948471 0
2077 2.69127687785228 1.015022462308661 0
2078 -9.122390642441932 0.8883115458193003 0
2079 -8.872792082076295 0.902128664319126 0
2080 0.8993706913426222 0.6006180549853823 0
2081 0.8507227738623113 0.6004361501095907 0
2082 1.140508255058701 0.7701557994243315 0
2083 0.7180700786194212 0.7557777209634451 0
2084 0.6817133301081193 0.7887295570515847 0
2085 -4.945304064841746 0.3594513480180486 0
2086 -5.047725361456251 0.2919268537835675 0
2087 -5.452823198012613 0.1348412179825263 0
2088 -5.597974993419831 0.1348412179825263 0
2089 -2.113462861945375 0.8650808684777271 0
2090 -4.396641791108189 0.09517823351227714 0
2091 -4.519198101284161 0.09517823351227714 0
2092 4.53201705501402 0.1027802721581349 0
2093 4.409460744838117 0.1027802721581349 0
2094 0.9068448623702079 0.8283563968243728 0
2095 0.9629201348816457 0.8169488218652636 0
2096 0.9526307548161416 0.8796996701716115 0
2097 -3.262039988258421 1.309860934454339 0
2098 1.519029849522897 0.04987153417901985 0
2099 1.459324023904145 0.04987153417901985 0
2100 4.282051639393638 0.09777214714248522 0
2101 4.164571677129022 0.09777214714248522 0
2102 8.925430872238433 0.355530086032588 0
2103 -4.238154633444752 1.311492501734493 0
2104 1.205414836092136 0.0849908352844138 0
2105 4.456995260856035 1.487221077244092 0
2106 -1.661294747843512 0.4104877293024509 0
2107 -1.891604588621064 0.9429433370144678 0
2108 -5.013282037529269 0.4956918724659958 0
2109 -3.713655424617734 0.09464777076928929 0
2110 -3.821604890160069 0.09464777076928929 0
2111 3.815931071449998 0.09405514113334641 0
2112 3.70798160590772 0.09405514113334641 0
2113 -2.879163632362514 0.1630516959941584 0
2114 0.8927344380886908 0.9509225854089797 0
2115 0.8324593964090249 0.9681337467838592 0
2116 0.8362804406250377 0.9083184065056003 0
2117 4.960539577273644 0.9248068296433825 0
2118 2.663327731642287 0.2233319222196589 0
2119 1.084895898361582 1.063067173527249 0
2120 0.9960086881520716 1.051121948533797 0
2121 -9.371074751867749 0.3763249524480862 0
2122 -5.158204404239698 0.3118833398421597 0
2123 -5.187634251689555 0.4798511448365664 0
2124 -1.776488450719815 0.1678149866871732 0
2125 -1.80793717242597 0.1076047315049174 0
2126 4.628503317976199 0.9851098583431506 0
2127 -6.797212474777242 0.5635857295476012 0
2128 2.971009970538327 0.9728235781972288 0
2129 3.814744910526169 0.8384090162814373 0
2130 4.046875227176955 0.09344530936025419 0
2131 3.934261271865165 0.09344530936025419 0
2132 -3.111003842502608 0.09805852366866692 0
2133 -3.206087401070084 0.09805852366866692 0
2134 3.210300779930363 0.08063940937716872 0
2135 3.115217221362934 0.08063940937716872 0
2136 -3.935389105560446 0.09488245018839894 0
2137 -4.048003060872295 0.09488245018839894 0
2138 2.794583963638369 1.151803196902402 0
2139 2.653499011701794 1.171757107272196 0
2140 1.674551342607517 0.1082825165791049 0
2141 3.529393276972614 0.8838186657399882 0
2142 1.906465624108999 0.05795376758108206 0
2143 1.838680890007617 0.05795376758108206 0
2144 -0.7863686641167736 1.557132739333693 0
2145 -1.456297625141283 0.04694765603079269 0
2146 -0.5154481879926283 0.9077039694897978 0
2147 -0.557534936089637 0.8824781434668915 0
2148 3.24914445181075 0.9291766582209889 0
2149 -8.927929796747321 0.3588601536504049 0
2150 -2.585018595590197 0.07102843684647242 0
2151 -2.668769657932368 0.07102843684647242 0
2152 2.658034655224803 0.07703711288082897 0
2153 2.574283592882668 0.07703711288082897 0
2154 -2.104430147101426 0.064874882466047 0
2155 -2.178199370952978 0.064874882466047 0
2156 2.192461002610021 0.0630840709453092 0
2157 2.118691778758499 0.0630840709453092 0
2158 14.70205091478345 1.165300023833775 0
2159 14.70205091478345 0.8319666905004874 0
2160 -14.71115533210476 0.8322348747822368 0
2161 -14.71115533210476 1.165568208115109 0
2162 14.74656641691967 0.5764002886150703 0
2163 2.047929632639923 0.06257288845229497 0
2164 1.977215937645368 0.06257288845229497 0
2165 3.611444091616878 0.08720710699647616 0
2166 3.507965881213137 0.08720710699647616 0
2167 1.036667485061916 0.03815461247252081 0
2168 1.034259848398093 0.08716318263650163 0
2169 -1.034259848398052 0.08716318263673026 0
2170 -1.036667485061894 0.03815461247255221 0
2171 4.106812655826758 0.7903872850300191 0
2172 1.087079026385395 0.03815461247252081 0
2173 -1.087079026385391 0.03815461247255221 0
2174 1.795571710301469 0.2669158870812197 0
2175 13.1970007693129 0.7461582739630014 0
2176 3.409090637617426 0.08606068094497883 0
2177 3.309898529218831 0.08606068094497883 0
2178 0.9701273175577495 0.3755815393194849 0
2179 -3.254856515935292 0.1703667882530192 0
2180 -4.610175911400688 0.4859824797661028 0
2181 0.5573027513890968 0.8850222742303999 0
2182 0.5152160032924272 0.9102481002534004 0
2183 -8.502667648852103 0.3499758197938179 0
2184 -6.720998171347281 1.035116778451775 0
2185 -2.749395451334994 0.09321961687315621 0
2186 -2.836765397545862 0.09321961687315621 0
2187 0.6518209641728927 1.230304866352719 0
2188 0.6598170729563492 1.336987750286717 0
2189 -12.56091893492248 1.22683619833402 0
2190 12.56293839876604 1.225076905622643 0
2191 -2.270535228567945 0.06432500870839115 0
2192 -2.347492012784782 0.06432500870839115 0
2193 2.347568940757004 0.05956792172046832 0
2194 2.270612156540198 0.05956792172046832 0
2195 2.594496825457602 1.30884669496772 0
2196 5.306501038061383 1.293936185538956 0
2197 -14.41897694099238 0.2413822892318662 0
2198 -14.75724134666066 0.2413822892318662 0
2199 3.022102851940533 0.07661832849891848 0
2200 2.930957671663159 0.07661832849891848 0
2201 0.976443949244337 0.9317333200993714 0
2202 1.032519221755775 0.9203257451402622 0
2203 0.9532191187652698 0.4244283436133446 0
2204 3.025243943991878 1.337039949774542 0
2205 3.135117388992632 1.221015186872743 0
2206 10.292662033011 0.4286936492198903 0
2207 -1.66925896699049 1.019548139298142 0
2208 12.87563073478385 1.222500004978367 0
2209 13.19448222021068 1.228916672441104 0
2210 0.9726229050283242 0.9915486603776305 0
2211 -5.065929952461421 0.09804639788893377 0
2212 9.3670555035301 0.3714303474285833 0
2213 -7.707453398089704 0.3206486156358992 0
2214 0.9322399846839309 0.468784995843758 0
2215 -0.9304122557912253 0.4683860852705377 0
2216 -0.9513913898727528 0.4240294330399568 0
2217 2.791354904189284 1.472244217503245 0
2218 2.901931483073542 1.392268013219398 0
2219 0.3156209711546555 1.030681308695042 0
2220 0.327728657119535 1.082840875666522 0
2221 -0.9032720510121379 0.6037589052039388 0
2222 -0.8821196077167313 0.5572199629385832 0
2223 -1.243968353223322 1.164458145796734 0
2224 -4.132282279194962 0.921300536559886 0
2225 -4.285727829344811 0.9820721250995869 0
2226 -4.287695496764968 0.8303661645729359 0
2227 8.501063534907743 0.349698312856518 0
2228 1.185646436127382 0.6944095224777369 0
2229 0.832226272091285 1.043184344614337 0
2230 0.9122991769964255 1.070311213843405 0
2231 -1.63894942077503 0.1820199664395008 0
2232 -1.712729415015947 0.1671205846703884 0
2233 6.623920158340942 0.2829200855607076 0
2234 -1.752026600265125 0.2215580335080294 0
2235 -8.605211204097447 0.5374994291750691 0
2236 2.841700108419055 0.07217300330212477 0
2237 2.754330162208224 0.07217300330212477 0
2238 -13.19941054097461 0.7491765516475577 0
2239 -13.36618430212041 0.9892716500347294 0
2240 -13.52954016949265 0.7510330049525831 0
2241 -12.87593365194762 1.223836074697563 0
2242 1.429181638363591 0.09564443000613584 0
2243 -6.97359583247335 0.2879148636074031 0
2244 -13.19561306615464 1.225787642419888 0
2245 -0.9972819380654558 0.4152026920324082 0
2246 2.43959479275444 0.1611879022091387 0
2247 2.532799734649987 0.1232952810184848 0
2248 -1.453248993323444 1.092546185180773 0
2249 -6.628158633951089 0.2765427920417595 0
2250 -3.585242736653099 0.8772232136365363 0
2251 -3.71328941318093 0.962473924724409 0
2252 14.42200261059913 1.757769071637865 0
2253 14.75705141807748 1.757769071637865 0
2254 -14.75705141807623 1.757769071638758 0
2255 -14.42200261059802 1.757769071638758 0
2256 -0.1350035060069336 1.264802127299823 0
2257 0.9645112218254847 0.7597470964016306 0
2258 -0.1284204303435575 1.028662541118956 0
2259 -0.1769570211870421 1.021462817984616 0
2260 7.707158966824959 0.3205013966376982 0
2261 -1.121906663949384 0.2894615268921105 0
2262 -1.04077728582753 1.238766582565246 0
2263 -6.300731792826689 0.2706331328840585 0
2264 5.975362444240618 0.2525063572739434 0
2265 -4.33790180997585 0.1998419483580751 0
2266 5.135347486918279 0.5210432805133687 0
2267 5.150030261804726 0.3610282814917353 0
2268 8.602150997550886 0.5373368764861024 0
2269 13.52497102235445 0.7495469997244435 0
2270 13.36341909231726 0.9881317830529539 0
2271 6.973913737723331 0.2955445657385105 0
2272 -3.114852425245752 0.842071761685607 0
2273 -3.226874690933254 0.9176948570858453 0
2274 1.709199944499175 0.1647364403057057 0
2275 -6.455880719936708 0.7085105195794867 0
2276 -6.460669352061202 0.5476520466556332 0
2277 -6.293091924313751 0.6663356845160173 0
2278 -14.75724134666066 0.5747156225665858 0
2279 -1.90919128264569 0.05091596258015128 0
2280 -1.944548130142981 0.09004257107561338 0
2281 -1.975056333407369 0.0391266084954621 0
2282 0.1778303600884357 1.031631488634768 0
2283 0.1292937692452656 1.03883121176942 0
2284 5.105369349929321 0.2465307579929718 0
2285 14.75705141807748 1.424435738303655 0
2286 -14.75705141807623 1.42443573830635 0
2287 -0.9073454337397455 0.5151332148416321 0
2288 5.202181035071506 1.18944895519992 0
2289 5.079437748229855 1.05815359776554 0
2290 -0.9558364251826958 0.5121225632860223 0
2291 3.961572882494218 0.4728280613562236 0
2292 1.399280994223392 0.1370000611760516 0
2293 1.364173045345602 0.1797538109609774 0
2294 1.334800082732494 0.1342995414391578 0
2295 1.057708674745967 0.5037211949566289 0
2296 -6.541792731679038 0.4319218840986905 0
2297 -6.709824049956207 0.4344477896621714 0
2298 -1.038942683527314 0.4018341594287449 0
2299 -1.062093787481226 0.3581330061877049 0
2300 13.52245247325223 1.232305398202546 0
2301 4.352242421175637 0.2005524193006201 0
2302 -1.841406548544283 0.05091596258015128 0
2303 -2.433568935983064 0.8674713453056241 0
2304 -2.53043416774079 0.948644584751279 0
2305 -0.9571941748399824 0.6989069876759566 0
2306 -0.9915173494709647 0.7468096418638426 0
2307 -1.024248107583998 0.6991812009921619 0
2308 4.298790292872387 1.035590936673213 0
2309 4.193858939724025 0.9105841275071798 0
2310 -2.422379793373722 0.05398109347919541 0
2311 -2.502661879565267 0.05398109347919541 0
2312 1.805781458139343 0.1119826633937175 0
2313 -13.52574269467267 1.227644095724914 0
2314 -3.997046827536877 0.9888849122149516 0
2315 0.9556620761414842 0.5110536488163147 0
2316 4.107136865779092 0.1912174565027394 0
2317 -3.382830053027054 1.202602135236236 0
2318 2.975351754278162 0.3098145800693598 0
2319 -2.927783316341842 0.06983207912100219 0
2320 -3.018928496619261 0.06983207912100219 0
2321 -4.252337219296951 0.6891516988477653 0
2322 3.871110215411858 0.1875004504936006 0
2323 -3.877911867815994 0.1895302209576882 0
2324 0.8214931943925441 0.6398476756816227 0
2325 4.91175084839918 1.089733709485639 0
2326 2.880118558406219 1.25330977842108 0
2327 -1.006865036058093 1.469474075581302 0
2328 0.8795099519296439 1.393184877528989 0
2329 0.7736417767280316 1.358013463817343 0
2330 -1.108964409546698 0.8001278271838032 0
2331 -3.459050561268057 0.9386206859171831 0
2332 -4.274892455324853 1.170571858554653 0
2333 -4.430305672894859 1.079637486567703 0
2334 9.155762738481569 0.6942316220670413 0
2335 -2.379045142270743 1.133716317943711 0
2336 -2.473678599859628 1.221558414215977 0
2337 -2.504370760656375 1.08201770278451 0
2338 4.046380343338075 0.9371522555464461 0
2339 -3.40580378247883 0.07230826458435231 0
2340 0.6111399128261443 1.169357873232074 0
2341 2.085494535499564 0.1256569593976042 0
2342 -0.8991189578100043 0.6975917730491989 0
2343 -0.9318497159230377 0.6499633321775183 0
2344 3.069644631224247 0.1572577378760872 0
2345 -3.836011323714427 1.056305739594465 0
2346 -2.996103463103948 0.8924206916732701 0
2347 -0.7555927542968622 0.7181575386535183 0
2348 -0.7885445903851144 0.6818007901419776 0
2349 0.7885332525574267 0.6805117539094163 0
2350 0.7555814164694912 0.7168685024208773 0
2351 -2.220069275918577 0.1291998911744381 0
2352 -4.618754682627615 0.09029738104848659 0
2353 2.234407835548317 0.1226519926657775 0
2354 3.327717275497204 1.075861685377825 0
2355 3.188230934974253 1.097263631612426 0
2356 1.087686044305271 0.2478011439949292 0
2357 5.68053116647687 0.2161744040478798 0
2358 5.610997835910505 0.09763808803060076 0
2359 4.281449384167684 0.3183174917074623 0
2360 -2.316900529670245 0.9105009513022133 0
2361 -9.157983669605894 0.6957343681591031 0
2362 4.406623740028135 1.173395464904949 0
2363 -0.9885929605808292 0.5485513872365153 0
2364 -1.011659782632309 0.5018042576654208 0
2365 4.776661332291417 0.08349751357926481 0
2366 2.701719628330218 0.1492101161829537 0
2367 2.887272698557743 0.1487913318010433 0
2368 -0.7655191856032783 0.7658225528775965 0
2369 0.8019138007657586 0.8734693992669775 0
2370 0.8621888424454245 0.856258237892098 0
2371 -4.242473151368063 0.5307617815478894 0
2372 1.278899513693334 0.1315890535837692 0
2373 -1.275573528726768 0.1887298677247815 0
2374 0.6892934356966461 0.84112886346688 0
2375 0.6419733897543374 0.8254097597762553 0
2376 1.177222506420393 1.072923381236976 0
2377 -2.625067625329674 1.036486681023545 0
2378 -0.6005895541669682 0.8509862049160963 0
2379 -0.6400010797391716 0.8217566254461672 0
2380 0.6025618641824779 0.8546393392462162 0
2381 -0.961347268042116 0.6050741198306964 0
2382 -3.969279107952354 1.14042732446605 0
2383 -0.838926613150586 0.6889282068351571 0
2384 -1.871904900678128 1.063704035722723 0
2385 -1.983162279674813 1.024096139571527 0
2386 -1.092689568254843 0.2454551435695497 0
2387 -1.079309850371174 0.3072296787029606 0
2388 4.648809429698005 0.08349751357926481 0
2389 4.741623002253904 1.125060555441019 0
2390 4.577273642787137 1.153783472420688 0
2391 5.465846040503376 0.09763808803060076 0
2392 1.262361520280205 0.2255014618820307 0
2393 1.322395681471876 0.2215394591129105 0
2394 2.197307420225878 0.1907990304309137 0
2395 -10.38324391817617 0.6090447755758088 0
2396 -8.731520703460879 0.7152565587177626 0
2397 8.729172069216338 0.7147863471014206 0
2398 4.074003895305793 0.4557378181700324 0
2399 4.219157482158922 0.3964225069147282 0
2400 0.2733963388523045 1.216239594336585 0
2401 2.511566133762618 1.443951136125118 0
2402 0.9761344146967228 0.552254736422752 0
2403 0.9631499487876072 0.6049253436130131 0
2404 -4.696955566359541 0.3522446052272337 0
2405 -6.154641017827368 0.5337162305946688 0
2406 6.086684170342307 0.5234451710131847 0
2407 6.031832654207254 0.3644799035102249 0
2408 -3.306611674080187 0.07230826458435231 0
2409 0.8724782225109287 0.7935073895857501 0
2410 3.932413950958754 0.2864127148961965 0
2411 0.3738994913200867 0.9721545679171215 0
2412 0.3277001137649159 0.9886849695277085 0
2413 0.8370159935856856 0.68596614542928 0
2414 0.466549863194084 0.9351093317893813 0
2415 0.4221932109637801 0.9560884658709508 0
2416 -0.4235082822669531 0.9544364561342908 0
2417 -0.4678649344975833 0.9334573220528748 0
2418 1.0760797862778 0.2961427869909764 0
2419 0.7665447139004982 0.7655394421996415 0
2420 10.38179429016292 0.6117997181991619 0
2421 0.7757722746276319 1.000580165710958 0
2422 -1.446810889094654 1.220865697595975 0
2423 -1.551732620127812 1.184864557845822 0
2424 -2.04577002840195 0.0391266084954621 0
2425 -2.750170418809582 0.9945927340611845 0
2426 -2.871484344509834 0.9462902120179095 0
2427 -6.460080144346934 0.8630224337470791 0
2428 -2.177221675264088 0.1873182031896948 0
2429 2.501659206185857 0.04625816813765581 0
2430 -0.6862842595572038 0.8364698035820991 0
2431 1.24624174846204 1.287876488570975 0
2432 1.364810109069453 1.303249541820554 0
2433 -1.652984030122183 0.4952967907883504 0
2434 -0.02658935959236175 1.041238848434035 0
2435 -0.07559792975730094 1.038831211770313 0
2436 -4.529922570739673 0.9779197610389441 0
2437 -4.700204996578542 0.9637218245408349 0
2438 -1.113261434720221 0.08938018260511393 0
2439 -1.068976937599167 0.1182281192026405 0
2440 1.078679129152956 0.1170931058864787 0
2441 1.113028874388069 0.08008303978520717 0
2442 -8.837206932265584 0.5323520379848212 0
2443 3.990766264186101 1.048782197493312 0
2444 0.2782055346475426 0.9989366748985291 0
2445 0.2306083570285005 1.010859147234189 0
2446 -0.2260531814068204 1.022141728928522 0
2447 -0.2736503590261957 1.010219256593118 0
2448 4.51974342430584 1.313346162002817 0
2449 -0.6025542572386324 0.9019947360793538 0
2450 0.9337551928657881 0.6496093558291172 0
2451 2.917896424556706 1.096575133457545 0
2452 -0.3276785668991982 0.9892684417093816 0
2453 -0.3738779444547311 0.9727380400989867 0
2454 -2.816980287718845 1.211639532346702 0
2455 -2.92402558980205 1.322207494121871 0
2456 -2.291380762320146 1.041553562408937 0
2457 -1.638418621915331 1.246198628986485 0
2458 3.630219407897125 0.9987427548084545 0
2459 3.48945692325821 1.022698801054853 0
2460 8.834710276685971 0.5314893651813467 0
2461 -2.798861638280176 1.484161760958843 0
2462 3.056544565306178 1.074330159715907 0
2463 1.4585546009767 0.1410986995279555 0
2464 -2.087943094595276 0.996133479584451 0
2465 -2.198543988922901 0.9578789071989064 0
2466 -3.433840160985831 1.056437376175819 0
2467 0.3637340227170179 1.129014530427911 0
2468 0.4011209158695117 1.06660325808561 0
2469 0.5103691296577588 0.9634361676958991 0
2470 0.6042943825494831 0.9081920011757344 0
2471 7.617497199311934 0.4682396930663348 0
2472 1.003031043573766 0.5073743424697885 0
2473 -7.616930887441086 0.4680357837556337 0
2474 0.07769195623307606 1.042912777752185 0
2475 0.02868338606837134 1.045320414416274 0
2476 -2.724107011725167 1.127965852094416 0
2477 9.052451943903884 0.5329795566479063 0
2478 0.5083663771577306 1.025173632445308 0
2479 0.4960780231115201 1.087413389252867 0
2480 0.4494146355132052 1.050537156039439 0
2481 -0.5119163856662563 0.9592400271932259 0
2482 2.673875405792899 1.443642283023334 0
2483 14.24466092752332 0.4913002590179062 0
2484 14.44861733170312 0.7417003124505536 0
2485 1.215498128020498 1.17556752170234 0
2486 2.421377119994346 0.04625816813765581 0
2487 2.386367168715835 0.1058260898581241 0
2488 -1.022792211249804 0.8131646262266237 0
2489 -9.054239296110753 0.5366172831930984 0
2490 -0.8642710720675307 0.7378718623335954 0
2491 -6.379003936056083 0.3897470490352212 0
2492 -1.017170625491729 0.5947558142100948 0
2493 -1.058440748786654 0.6390892465610808 0
2494 -1.02148095323462 1.344483400774876 0
2495 7.803639711693698 0.4696028837264996 0
2496 3.428543406421714 1.190785774446291 0
2497 3.903719980288834 0.9285853550161509 0
2498 -7.803000077456293 0.469342947545816 0
2499 0.4134092699157222 1.004363501278051 0
2500 -1.644856726144122 1.117879116571283 0
2501 -1.755944968778009 1.080882210438805 0
2502 3.759130831374194 0.9500389582283029 0
2503 -1.227479668709387 1.296630274469492 0
2504 -1.33183857777635 1.260719453603684 0
2505 1.556607340920334 1.319367217173622 0
2506 -1.294266559717796 0.1346118102981928 0
2507 0.655965939214002 0.9381308392477798 0
2508 0.610706826420621 0.9685137742319636 0
2509 0.7784277893182867 0.8129289456978424 0
2510 0.7525193874978999 0.8649891143113446 0
2511 2.126007324444434 0.1794714617553781 0
2512 2.055245178325858 0.1789602792623639 0
2513 -6.883578377049293 0.4082066374906702 0
2514 -3.330090939190978 0.9748735399875508 0
2515 0.1029535864083484 1.145562406340371 0
2516 0.02792899142154848 1.145488445001932 0
2517 0.712779447144118 0.9016693170360153 0
2518 -14.46839667876542 0.7402838306793834 0
2519 -14.25761682498856 0.4896160988028341 0
2520 1.742290428081518 0.2143054592126727 0
2521 1.226832124358749 0.1268487266338411 0
2522 -1.020563992696034 0.4520069011112646 0
2523 -5.135499741744646 0.2160492818364597 0
2524 14.25731545888108 1.50276051941938 0
2525 -14.25746612923081 1.502761434936944 0
2526 4.162541413722396 0.2736493094922364 0
2527 -1.120313111563449 1.306085784872171 0
2528 2.842894463301735 0.2288553440709666 0
2529 2.932152026545839 0.2333006692677603 0
2530 -0.6060856841971045 0.955867272465325 0
2531 -0.6491403022744358 0.9243753339145299 0
2532 -6.377296229715617 0.9730616453095132 0
2533 0.5570325172560737 1.000312400909327 0
2534 0.8935550889282575 0.7054538078597556 0
2535 0.8605951470931401 0.7461178860875493 0
2536 -4.23017414334555 0.4132813096005367 0
2537 -4.283808238363327 0.2915376537295929 0
2538 1.771421637552776 0.157626810532238 0
2539 1.419702444370688 1.21250816715941 0
2540 1.466975677938338 1.318397617561762 0
2541 0.1089685851449631 1.086559262849784 0
2542 0.5548612206051393 1.134032588768635 0
2543 0.4959094789606138 1.159396112362767 0
2544 -0.4147027943589893 1.003294963720999 0
2545 9.24648333403403 0.5182723429182825 0
2546 -2.691877494238937 1.253533479309063 0
2547 -0.5541306161311967 0.9895188373560763 0
2548 -0.6007166611670001 1.011899435191252 0
2549 5.134969022345269 1.327567707946833 0
2550 14.45910233286093 1.25640242880585 0
2551 -14.468206750181 1.256670613086276 0
2552 3.019729989534169 0.2297505677994365 0
2553 -2.587458425707532 1.296735777646077 0
2554 0.7191918910152559 0.9619910900922445 0
2555 0.9573343463732427 0.7097610964873863 0
2556 -4.093576789894705 1.213927140266377 0
2557 -9.248706534087631 0.5222424838246869 0
2558 -0.3110442486737649 1.042547362569431 0
2559 -0.408182181722842 1.060839332411322 0
2560 -0.457812519535064 1.042537748446626 0
2561 1.21029413094562 0.2207611349321026 0
2562 1.247624744520119 0.1723129642741554 0
2563 0.002094026472040489 1.086559262850309 0
2564 -6.219608413208851 0.3863632954410011 0
2565 0.6087040739205929 1.030251238981372 0
2566 0.6649827661415978 1.065576523444811 0
2567 0.6113084569770506 1.097375150122175 0
2568 2.759623238625708 0.2184678126409547 0
2569 -2.68033170170121 1.380409457898363 0
2570 4.044844963770329 0.2693224717100053 0
2571 3.987818498902058 0.3688445678856935 0
2572 -0.7335622994698511 0.8557897548388773 0
2573 -0.7867914368745782 0.8664455292000506 0
2574 -0.7801887812031711 0.8130925839968128 0
2575 0.8932121838553113 1.524382144444159 0
2576 0.4230093022967856 1.192305957420508 0
2577 2.167058063052171 0.2441023502956733 0
2578 1.379707569186443 1.1102428783031 0
2579 1.279261253901697 1.094715950952839 0
2580 1.481873138055328 1.125390954044308 0
2581 -4.399920047546278 0.2820521723960721 0
2582 6.702188360797281 0.3953131671404711 0
2583 -4.553570200502254 0.1854756145607637 0
2584 -0.8187483230080054 0.7764783272387697 0
2585 0.7189587666975159 1.037041687922722 0
2586 6.86743833107338 0.4172102739967047 0
2587 -0.6598145540681615 1.045042597376669 0
2588 -0.7225747867176104 1.066754586125621 0
2589 -0.7154319618823568 0.9999598590494536 0
2590 0.8159391271683567 0.7740197271552745 0
2591 -6.549073081873293 1.008889921616722 0
2592 -0.5065473626361519 1.015272189919153 0
2593 -0.5440503378614723 1.120704931976022 0
2594 -0.5000267500000045 1.072816558609476 0
2595 0.3496170435468088 1.20854357500142 0
2596 -0.6928869152286109 0.889822748785337 0
2597 -4.513873323072847 0.281851946616096 0
2598 -0.3525038434846379 1.071106411027095 0
2599 -0.3956135686607126 1.110349195752722 0
2600 -0.7992048772010104 0.9228715073477807 0
2601 -0.696418342187083 0.9436952851713081 0
2602 -0.6078594860022537 1.07869416226742 0
2603 0.3326716184320722 1.279531021329182 0
2604 -4.613429904416302 0.2769710941523055 0
2605 -0.7591785748365319 0.9654072739202606 0
$EndNodes
$Elements
1405
1 15 2 0 1 1
2 15 2 0 2 2
3 15 2 0 3 3
4 15 2 0 4 4
5 15 2 0 5 5
6 15 2 0 6 6
7 15 2 0 7 7
8 15 2 0 8 8
9 15 2 0 9 9
10 8 2 0 1 1 10 55
11 8 2 0 1 10 11 56
12 8 2 0 1 11 12 57
13 8 2 0 1 12 13 58
14 8 2 0 1 13 14 59
15 8 2 0 1 14 15 60
16 8 2 0 1 15 16 61
17 8 2 0 1 16 17 62
18 8 2 0 1 17 18 63
19 8 2 0 1 18 19 64
20 8 2 0 1 19 20 65
21 8 2 0 1 20 21 66
22 8 2 0 1 21 22 67
23 8 2 0 1 22 23 68
24 8 2 0 1 23 24 69
25 8 2 0 1 24 25 70
26 8 2 0 1 25 26 71
27 8 2 0 1 26 27 72
28 8 2 0 1 27 28 73
29 8 2 0 1 28 29 74
30 8 2 0 1 29 30 75
31 8 2 0 1 30 31 76
32 8 2 0 1 31 32 77
33 8 2 0 1 32 33 78
34 8 2 0 1 33 34 79
35 8 2 0 1 34 35 80
36 8 2 0 1 35 36 81
37 8 2 0 1 36 37 82
38 8 2 0 1 37 38 83
39 8 2 0 1 38 39 84
40 8 2 0 1 39 40 85
41 8 2 0 1 40 41 86
42 8 2 0 1 41 42 87
43 8 2 0 1 42 43 88
44 8 2 0 1 43 44 89
45 8 2 0 1 44 45 90
46 8 2 0 1 45 46 91
47 8 2 0 1 46 47 92
48 8 2 0 1 47 48 93
49 8 2 0 1 48 49 94
50 8 2 0 1 49 50 95
51 8 2 0 1 50 51 96
52 8 2 0 1 51 52 97
53 8 2 0 1 52 53 98
54 8 2 0 1 53 54 99
55 8 2 0 1 54 2 100
56 8 2 0 2 4 101 132
57 8 2 0 2 101 102 133
58 8 2 0 2 102 103 134
59 8 2 0 2 103 104 135
60 8 2 0 2 104 105 136
61 8 2 0 2 105 106 137
62 8 2 0 2 106 107 138
63 8 2 0 2 107 108 139
64 8 2 0 2 108 109 140
65 8 2 0 2 109 110 141
66 8 2 0 2 110 111 142
67 8 2 0 2 111 112 143
68 8 2 0 2 112 113 144
69 8 2 0 2 113 114 145
70 8 2 0 2 114 115 146
71 8 2 0 2 115 116 147
72 8 2 0 2 116 117 148
73 8 2 0 2 117 118 149
74 8 2 0 2 118 119 150
75 8 2 0 2 119 120 151
76 8 2 0 2 120 121 152
77 8 2 0 2 121 122 153
78 8 2 0 2 122 123 154
79 8 2 0 2 123 124 155
80 8 2 0 2 124 125 156
81 8 2 0 2 125 126 157
82 8 2 0 2 126 127 158
83 8 2 0 2 127 128 159
84 8 2 0 2 128 129 160
85 8 2 0 2 129 130 161
86 8 2 0 2 130 131 162
87 8 2 0 2 131 2 163
88 8 2 0 3 4 164 209
89 8 2 0 3 164 165 210
90 8 2 0 3 165 166 211
91 8 2 0 3 166 167 212
92 8 2 0 3 167 168 213
93 8 2 0 3 168 169 214
94 8 2 0 3 169 170 215
95 8 2 0 3 170 171 216
96 8 2 0 3 171 172 217
97 8 2 0 3 172 173 218
98 8 2 0 3 173 174 219
99 8 2 0 3 174 175 220
100 8 2 0 3 175 176 221
101 8 2 0 3 176 177 222
102 8 2 0 3 177 178 223
103 8 2 0 3 178 179 224
104 8 2 0 3 179 180 225
105 8 2 0 3 180 181 226
106 8 2 0 3 181 182 227
107 8 2 0 3 182 183 228
108 8 2 0 3 183 184 229
109 8 2 0 3 184 185 230
110 8 2 0 3 185 186 231
111 8 2 0 3 186 187 232
112 8 2 0 3 187 188 233
113 8 2 0 3 188 189 234
114 8 2 0 3 189 190 235
115 8 2 0 3 190 191 236
116 8 2 0 3 191 192 237
117 8 2 0 3 192 193 238
118 8 2 0 3 193 194 239
119 8 2 0 3 194 195 240
120 8 2 0 3 195 196 241
121 8 2 0 3 196 197 242
122 8 2 0 3 197 198 243
123 8 2 0 3 198 199 244
124 8 2 0 3 199 200 245
125 8 2 0 3 200 201 246
126 8 2 0 3 201 202 247
127 8 2 0 3 202 203 248
128 8 2 0 3 203 204 249
129 8 2 0 3 204 205 250
130 8 2 0 3 205 206 251
131 8 2 0 3 206 207 252
132 8 2 0 3 207 208 253
133 8 2 0 3 208 5 254
134 8 2 0 4 5 255 257
135 8 2 0 4 255 256 258
136 8 2 0 4 256 6 259
137 8 2 0 5 6 260 286
138 8 2 0 5 260 261 287
139 8 2 0 5 261 262 288
140 8 2 0 5 262 263 289
141 8 2 0 5 263 264 290
142 8 2 0 5 264 265 291
143 8 2 0 5 265 266 292
144 8 2 0 5 266 267 293
145 8 2 0 5 267 268 294
146 8 2 0 5 268 269 295
147 8 2 0 5 269 270 296
148 8 2 0 5 270 271 297
149 8 2 0 5 271 272 298
150 8 2 0 5 272 273 299
151 8 2 0 5 273 274 300
152 8 2 0 5 274 275 301
153 8 2 0 5 275 276 302
154 8 2 0 5 276 277 303
155 8 2 0 5 277 278 304
156 8 2 0 5 278 279 305
157 8 2 0 5 279 280 306
158 8 2 0 5 280 281 307
159 8 2 0 5 281 282 308
160 8 2 0 5 282 283 309
161 8 2 0 5 283 284 310
162 8 2 0 5 284 285 311
163 8 2 0 5 285 7 312
164 8 2 0 6 7 313 317
165 8 2 0 6 313 314 318
166 8 2 0 6 314 315 319
167 8 2 0 6 315 316 320
168 8 2 0 6 316 8 321
169 8 2 0 7 8 322 348
170 8 2 0 7 322 323 349
171 8 2 0 7 323 324 350
172 8 2 0 7 324 325 351
173 8 2 0 7 325 326 352
174 8 2 0 7 326 327 353
175 8 2 0 7 327 328 354
176 8 2 0 7 328 329 355
177 8 2 0 7 329 330 356
178 8 2 0 7 330 331 357
179 8 2 0 7 331 332 358
180 8 2 0 7 332 333 359
181 8 2 0 7 333 334 360
182 8 2 0 7 334 335 361
183 8 2 0 7 335 336 362
184 8 2 0 7 336 337 363
185 8 2 0 7 337 338 364
186 8 2 0 7 338 339 365
187 8 2 0 7 339 340 366
188 8 2 0 7 340 341 367
189 8 2 0 7 341 342 368
190 8 2 0 7 342 343 369
191 8 2 0 7 343 344 370
192 8 2 0 7 344 345 371
193 8 2 0 7 345 346 372
194 8 2 0 7 346 347 373
195 8 2 0 7 347 9 374
196 8 2 0 8 9 375 377
197 8 2 0 8 375 376 378
198 8 2 0 8 376 1 379
199 9 2 0 9 457 458 827 890 891 892
200 9 2 0 9 460 457 827 893 892 894
201 9 2 0 9 419 754 751 895 896 897
202 9 2 0 9 274 602 434 898 899 900
203 9 2 0 9 489 790 520 901 902 903
204 9 2 0 9 402 660 711 904 905 906
205 9 2 0 9 495 498 612 907 908 909
206 9 2 0 9 391 746 595 910 911 912
207 9 2 0 9 672 886 731 913 914 915
208 9 2 0 9 446 458 457 916 890 917
209 9 2 0 9 673 730 888 918 919 920
210 9 2 0 9 274 275 602 301 921 898
211 9 2 0 9 508 869 473 922 923 924
212 9 2 0 9 422 520 790 925 902 926
213 9 2 0 9 49 50 578 95 927 928
214 9 2 0 9 421 571 524 929 930 931
215 9 2 0 9 496 751 754 932 896 933
216 9 2 0 9 390 522 610 934 935 936
217 9 2 0 9 266 267 640 293 937 938
218 9 2 0 9 340 341 655 367 939 940
219 9 2 0 9 431 639 717 941 942 943
220 9 2 0 9 405 603 666 944 945 946
221 9 2 0 9 498 792 612 947 948 908
222 9 2 0 9 396 784 596 949 950 951
223 9 2 0 9 427 597 599 952 953 954
224 9 2 0 9 445 465 463 955 956 957
225 9 2 0 9 601 683 633 958 959 960
226 9 2 0 9 432 716 654 961 962 963
227 9 2 0 9 391 595 826 912 964 965
228 9 2 0 9 433 620 718 966 967 968
229 9 2 0 9 538 575 819 969 970 971
230 9 2 0 9 464 593 592 972 973 974
231 9 2 0 9 458 459 523 975 976 977
232 9 2 0 9 281 410 863 978 979 980
233 9 2 0 9 595 746 596 911 981 982
234 9 2 0 9 482 582 581 983 984 985
235 9 2 0 9 266 640 641 938 986 987
236 9 2 0 9 341 656 655 988 989 939
237 9 2 0 9 416 672 731 990 915 991
238 9 2 0 9 537 585 540 992 993 994
239 9 2 0 9 614 617 622 995 996 997
240 9 2 0 9 427 599 602 954 998 999
241 9 2 0 9 414 730 673 1000 918 1001
242 9 2 0 9 607 749 836 1002 1003 1004
243 9 2 0 9 619 736 667 1005 1006 1007
244 9 2 0 9 446 459 458 1008 975 916
245 9 2 0 9 402 709 660 1009 1010 904
246 9 2 0 9 554 604 576 1011 1012 1013
247 9 2 0 9 601 633 797 960 1014 1015
248 9 2 0 9 460 709 710 1016 1017 1018
249 9 2 0 9 519 522 748 1019 1020 1021
250 9 2 0 9 605 281 863 1022 980 1023
251 9 2 0 9 581 582 607 984 1024 1025
252 9 2 0 9 49 578 383 928 1026 1027
253 9 2 0 9 639 864 717 1028 1029 942
254 9 2 0 9 565 721 690 1030 1031 1032
255 9 2 0 9 632 886 672 1033 913 1034
256 9 2 0 9 405 809 603 1035 1036 944
257 9 2 0 9 648 673 888 1037 920 1038
258 9 2 0 9 798 574 887 1039 1040 1041
259 9 2 0 9 285 421 524 1042 931 1043
260 9 2 0 9 538 819 542 971 1044 1045
261 9 2 0 9 447 637 638 1046 1047 1048
262 9 2 0 9 448 653 652 1049 1050 1051
263 9 2 0 9 562 721 565 1052 1030 1053
264 9 2 0 9 385 876 729 1054 1055 1056
265 9 2 0 9 406 667 736 1057 1006 1058
266 9 2 0 9 540 585 589 993 1059 1060
267 9 2 0 9 654 716 862 962 1061 1062
268 9 2 0 9 516 518 817 1063 1064 1065
269 9 2 0 9 626 887 732 1066 1067 1068
270 9 2 0 9 390 610 611 936 1069 1070
271 9 2 0 9 458 523 660 977 1071 1072
272 9 2 0 9 631 672 858 1073 1074 1075
273 9 2 0 9 527 572 528 1076 1077 1078
274 9 2 0 9 646 857 673 1079 1080 1081
275 9 2 0 9 464 760 593 1082 1083 972
276 9 2 0 9 509 516 513 1084 1085 1086
277 9 2 0 9 501 669 670 1087 1088 1089
278 9 2 0 9 447 638 639 1048 1090 1091
279 9 2 0 9 397 612 792 1092 948 1093
280 9 2 0 9 448 654 653 1094 1095 1049
281 9 2 0 9 546 554 576 1096 1013 1097
282 9 2 0 9 558 664 665 1098 1099 1100
283 9 2 0 9 282 694 856 1101 1102 1103
284 9 2 0 9 316 461 446 1104 1105 1106
285 9 2 0 9 392 816 521 1107 1108 1109
286 9 2 0 9 501 670 789 1089 1110 1111
287 9 2 0 9 527 860 572 1112 1113 1076
288 9 2 0 9 559 596 784 1114 950 1115
289 9 2 0 9 275 427 602 1116 999 921
290 9 2 0 9 449 674 804 1117 1118 1119
291 9 2 0 9 631 858 643 1075 1120 1121
292 9 2 0 9 519 748 850 1021 1122 1123
293 9 2 0 9 282 856 410 1103 1124 1125
294 9 2 0 9 646 658 857 1126 1127 1079
295 9 2 0 9 276 752 855 1128 1129 1130
296 9 2 0 9 558 665 846 1100 1131 1132
297 9 2 0 9 682 744 691 1133 1134 1135
298 9 2 0 9 680 692 745 1136 1137 1138
299 9 2 0 9 885 466 462 1139 1140 1141
300 9 2 0 9 419 872 754 1142 1143 895
301 9 2 0 9 511 518 516 1144 1063 1145
302 9 2 0 9 767 805 781 1146 1147 1148
303 9 2 0 9 473 869 471 923 1149 1150
304 9 2 0 9 323 407 520 1151 1152 1153
305 9 2 0 9 435 691 744 1154 1134 1155
306 9 2 0 9 436 745 692 1156 1137 1157
307 9 2 0 9 433 830 620 1158 1159 966
308 9 2 0 9 534 585 537 1160 992 1161
309 9 2 0 9 536 541 662 1162 1163 1164
310 9 2 0 9 449 804 583 1119 1165 1166
311 9 2 0 9 276 855 427 1130 1167 1168
312 9 2 0 9 469 502 507 1169 1170 1171
313 9 2 0 9 503 791 785 1172 1173 1174
314 9 2 0 9 436 642 714 1175 1176 1177
315 9 2 0 9 315 446 457 1178 917 1179
316 9 2 0 9 459 462 466 1180 1140 1181
317 9 2 0 9 404 690 721 1182 1031 1183
318 9 2 0 9 400 711 660 1184 905 1185
319 9 2 0 9 385 729 728 1056 1186 1187
320 9 2 0 9 401 841 712 1188 1189 1190
321 9 2 0 9 613 614 622 1191 997 1192
322 9 2 0 9 629 632 630 1193 1194 1195
323 9 2 0 9 434 602 797 899 1196 1197
324 9 2 0 9 617 669 622 1198 1199 996
325 9 2 0 9 502 761 832 1200 1201 1202
326 9 2 0 9 268 637 447 1203 1046 1204
327 9 2 0 9 339 448 652 1205 1051 1206
328 9 2 0 9 513 516 769 1085 1207 1208
329 9 2 0 9 645 648 647 1209 1210 1211
330 9 2 0 9 479 509 508 1212 1213 1214
331 9 2 0 9 435 713 657 1215 1216 1217
332 9 2 0 9 435 657 691 1217 1218 1154
333 9 2 0 9 436 692 642 1157 1219 1175
334 9 2 0 9 397 725 612 1220 1221 1092
335 9 2 0 9 488 580 623 1222 1223 1224
336 9 2 0 9 574 573 887 1225 1226 1040
337 9 2 0 9 390 788 522 1227 1228 934
338 9 2 0 9 407 785 520 1229 1230 1152
339 9 2 0 9 445 693 465 1231 1232 955
340 9 2 0 9 313 445 463 1233 957 1234
341 9 2 0 9 631 635 634 1235 1236 1237
342 9 2 0 9 516 817 823 1065 1238 1239
343 9 2 0 9 593 760 594 1083 1240 1241
344 9 2 0 9 424 613 622 1242 1192 1243
345 9 2 0 9 646 649 650 1244 1245 1246
346 9 2 0 9 482 483 582 1247 1248 983
347 9 2 0 9 381 626 732 1249 1068 1250
348 9 2 0 9 529 531 530 1251 1252 1253
349 9 2 0 9 531 534 532 1254 1255 1256
350 9 2 0 9 477 820 707 1257 1258 1259
351 9 2 0 9 467 885 462 1260 1141 1261
352 9 2 0 9 527 529 530 1262 1253 1263
353 9 2 0 9 631 643 635 1121 1264 1235
354 9 2 0 9 502 832 507 1202 1265 1170
355 9 2 0 9 646 650 658 1246 1266 1126
356 9 2 0 9 508 509 513 1213 1086 1267
357 9 2 0 9 325 409 584 1268 1269 1270
358 9 2 0 9 477 488 820 1271 1272 1257
359 9 2 0 9 581 607 836 1025 1004 1273
360 9 2 0 9 530 531 532 1252 1256 1274
361 9 2 0 9 326 606 409 1275 1276 1277
362 9 2 0 9 411 735 683 1278 1279 1280
363 9 2 0 9 267 447 640 1281 1282 937
364 9 2 0 9 340 655 448 940 1283 1284
365 9 2 0 9 506 742 792 1285 1286 1287
366 9 2 0 9 400 660 883 1185 1288 1289
367 9 2 0 9 469 471 502 1290 1291 1169
368 9 2 0 9 419 609 872 1292 1293 1142
369 9 2 0 9 722 773 750 1294 1295 1296
370 9 2 0 9 576 604 815 1012 1297 1298
371 9 2 0 9 396 596 747 951 1299 1300
372 9 2 0 9 534 537 536 1161 1301 1302
373 9 2 0 9 265 641 452 1303 1304 1305
374 9 2 0 9 342 451 656 1306 1307 1308
375 9 2 0 9 525 529 527 1309 1262 1310
376 9 2 0 9 408 524 525 1311 1312 1313
377 9 2 0 9 601 797 602 1015 1196 1314
378 9 2 0 9 628 629 630 1315 1195 1316
379 9 2 0 9 494 495 612 1317 909 1318
380 9 2 0 9 506 719 742 1319 1320 1285
381 9 2 0 9 644 645 647 1321 1211 1322
382 9 2 0 9 532 534 536 1255 1302 1323
383 9 2 0 9 473 479 508 1324 1214 924
384 9 2 0 9 279 420 608 1325 1326 1327
385 9 2 0 9 328 609 419 1328 1292 1329
386 9 2 0 9 505 796 584 1330 1331 1332
387 9 2 0 9 509 511 516 1333 1145 1084
388 9 2 0 9 541 663 662 1334 1335 1163
389 9 2 0 9 503 785 796 1174 1336 1337
390 9 2 0 9 537 539 538 1338 1339 1340
391 9 2 0 9 333 433 718 1341 968 1342
392 9 2 0 9 409 606 659 1276 1343 1344
393 9 2 0 9 599 601 602 1345 1314 998
394 9 2 0 9 561 721 562 1346 1052 1347
395 9 2 0 9 450 812 675 1348 1349 1350
396 9 2 0 9 554 556 557 1351 1352 1353
397 9 2 0 9 482 581 579 985 1354 1355
398 9 2 0 9 315 316 446 320 1106 1178
399 9 2 0 9 313 314 445 318 1356 1233
400 9 2 0 9 552 596 559 1357 1114 1358
401 9 2 0 9 532 536 662 1323 1164 1359
402 9 2 0 9 330 613 424 1360 1242 1361
403 9 2 0 9 683 735 867 1279 1362 1363
404 9 2 0 9 696 756 794 1364 1365 1366
405 9 2 0 9 494 611 610 1367 1069 1368
406 9 2 0 9 434 629 628 1369 1315 1370
407 9 2 0 9 433 644 647 1371 1322 1372
408 9 2 0 9 605 555 805 1373 1374 1375
409 9 2 0 9 863 555 605 1376 1373 1023
410 9 2 0 9 525 527 526 1310 1377 1378
411 9 2 0 9 517 521 816 1379 1108 1380
412 9 2 0 9 536 537 538 1301 1340 1381
413 9 2 0 9 488 579 580 1382 1383 1222
414 9 2 0 9 570 576 577 1384 1385 1386
415 9 2 0 9 489 520 785 903 1230 1387
416 9 2 0 9 539 540 573 1388 1389 1390
417 9 2 0 9 573 732 887 1391 1067 1226
418 9 2 0 9 509 510 511 1392 1393 1333
419 9 2 0 9 526 543 694 1394 1395 1396
420 9 2 0 9 441 634 635 1397 1236 1398
421 9 2 0 9 442 650 649 1399 1245 1400
422 9 2 0 9 517 583 518 1401 1402 1403
423 9 2 0 9 268 269 637 295 1404 1203
424 9 2 0 9 338 339 652 365 1206 1405
425 9 2 0 9 510 707 514 1406 1407 1408
426 9 2 0 9 596 746 747 981 1409 1299
427 9 2 0 9 690 715 871 1410 1411 1412
428 9 2 0 9 387 604 722 1413 1414 1415
429 9 2 0 9 511 517 518 1416 1403 1144
430 9 2 0 9 449 583 699 1166 1417 1418
431 9 2 0 9 695 793 757 1419 1420 1421
432 9 2 0 9 456 794 756 1422 1365 1423
433 9 2 0 9 473 475 479 1424 1425 1324
434 9 2 0 9 616 619 667 1426 1007 1427
435 9 2 0 9 556 558 557 1428 1429 1352
436 9 2 0 9 545 554 546 1430 1096 1431
437 9 2 0 9 419 751 606 897 1432 1433
438 9 2 0 9 511 512 517 1434 1435 1416
439 9 2 0 9 710 712 841 1436 1189 1437
440 9 2 0 9 455 757 793 1438 1420 1439
441 9 2 0 9 545 556 554 1440 1351 1430
442 9 2 0 9 491 494 610 1441 1368 1442
443 9 2 0 9 314 835 445 1443 1444 1356
444 9 2 0 9 265 266 641 292 987 1303
445 9 2 0 9 341 342 656 368 1308 988
446 9 2 0 9 284 524 408 1445 1311 1446
447 9 2 0 9 534 535 585 1447 1448 1160
448 9 2 0 9 483 486 582 1449 1450 1248
449 9 2 0 9 629 633 632 1451 1452 1193
450 9 2 0 9 486 490 519 1453 1454 1455
451 9 2 0 9 314 457 835 1456 1457 1443
452 9 2 0 9 408 526 694 1458 1396 1459
453 9 2 0 9 386 850 748 1460 1122 1461
454 9 2 0 9 273 434 628 1462 1370 1463
455 9 2 0 9 334 644 433 1464 1371 1465
456 9 2 0 9 480 482 579 1466 1355 1467
457 9 2 0 9 477 480 488 1468 1469 1271
458 9 2 0 9 459 466 523 1181 1470 976
459 9 2 0 9 540 589 732 1060 1471 1472
460 9 2 0 9 464 800 859 1473 1474 1475
461 9 2 0 9 598 666 603 1476 945 1477
462 9 2 0 9 546 576 548 1097 1478 1479
463 9 2 0 9 409 813 584 1480 1481 1269
464 9 2 0 9 479 707 510 1482 1406 1483
465 9 2 0 9 552 595 596 1484 982 1357
466 9 2 0 9 557 773 722 1485 1294 1486
467 9 2 0 9 392 521 774 1109 1487 1488
468 9 2 0 9 569 752 771 1489 1490 1491
469 9 2 0 9 528 545 544 1492 1493 1494
470 9 2 0 9 421 800 571 1495 1496 929
471 9 2 0 9 579 581 728 1354 1497 1498
472 9 2 0 9 7 421 285 1499 1042 312
473 9 2 0 9 8 322 422 348 1500 1501
474 9 2 0 9 322 520 422 1502 925 1500
475 9 2 0 9 428 614 613 1503 1191 1504
476 9 2 0 9 640 642 641 1505 1506 986
477 9 2 0 9 655 656 657 989 1507 1508
478 9 2 0 9 452 641 692 1304 1509 1510
479 9 2 0 9 451 691 656 1511 1512 1307
480 9 2 0 9 424 622 741 1243 1513 1514
481 9 2 0 9 539 573 574 1390 1225 1515
482 9 2 0 9 490 522 519 1516 1019 1454
483 9 2 0 9 548 570 550 1517 1518 1519
484 9 2 0 9 548 576 570 1478 1384 1517
485 9 2 0 9 451 682 691 1520 1135 1511
486 9 2 0 9 452 692 680 1510 1136 1521
487 9 2 0 9 675 812 798 1349 1522 1523
488 9 2 0 9 538 542 541 1045 1524 1525
489 9 2 0 9 630 672 631 1526 1073 1527
490 9 2 0 9 424 741 609 1514 1528 1529
491 9 2 0 9 270 634 441 1530 1397 1531
492 9 2 0 9 337 442 649 1532 1400 1533
493 9 2 0 9 645 646 673 1534 1081 1535
494 9 2 0 9 480 579 488 1467 1382 1469
495 9 2 0 9 7 463 859 1536 1537 1538
496 9 2 0 9 690 799 715 1539 1540 1410
497 9 2 0 9 7 313 463 317 1234 1536
498 9 2 0 9 479 510 509 1483 1392 1212
499 9 2 0 9 607 787 749 1541 1542 1002
500 9 2 0 9 538 539 575 1339 1543 969
501 9 2 0 9 460 827 709 894 1544 1016
502 9 2 0 9 537 540 539 994 1388 1338
503 9 2 0 9 316 814 461 1545 1546 1104
504 9 2 0 9 464 592 800 974 1547 1473
505 9 2 0 9 614 616 617 1548 1549 995
506 9 2 0 9 614 615 616 1550 1551 1548
507 9 2 0 9 460 710 853 1018 1552 1553
508 9 2 0 9 314 315 457 319 1179 1456
509 9 2 0 9 422 661 814 1554 1555 1556
510 9 2 0 9 459 461 462 1557 1558 1180
511 9 2 0 9 408 525 526 1313 1378 1458
512 9 2 0 9 486 519 582 1455 1559 1450
513 9 2 0 9 280 605 420 1560 1561 1562
514 9 2 0 9 327 419 606 1563 1433 1564
515 9 2 0 9 531 535 534 1565 1447 1254
516 9 2 0 9 563 772 767 1566 1567 1568
517 9 2 0 9 611 612 725 1569 1221 1570
518 9 2 0 9 550 595 552 1571 1484 1572
519 9 2 0 9 616 618 619 1573 1574 1426
520 9 2 0 9 528 572 545 1077 1575 1492
521 9 2 0 9 633 867 886 1576 1577 1578
522 9 2 0 9 594 760 837 1240 1579 1580
523 9 2 0 9 554 557 604 1353 1581 1011
524 9 2 0 9 284 285 524 311 1043 1445
525 9 2 0 9 278 608 423 1582 1583 1584
526 9 2 0 9 329 424 609 1585 1529 1586
527 9 2 0 9 638 864 639 1587 1028 1090
528 9 2 0 9 526 527 528 1377 1078 1588
529 9 2 0 9 440 765 680 1589 1590 1591
530 9 2 0 9 439 682 764 1592 1593 1594
531 9 2 0 9 668 671 670 1595 1596 1597
532 9 2 0 9 653 654 862 1095 1062 1598
533 9 2 0 9 438 628 630 1599 1316 1600
534 9 2 0 9 598 603 600 1477 1601 1602
535 9 2 0 9 475 477 707 1603 1259 1604
536 9 2 0 9 550 570 595 1518 1605 1571
537 9 2 0 9 437 645 644 1606 1321 1607
538 9 2 0 9 515 578 521 1608 1609 1610
539 9 2 0 9 544 545 546 1493 1431 1611
540 9 2 0 9 512 521 517 1612 1379 1435
541 9 2 0 9 331 428 613 1613 1504 1614
542 9 2 0 9 420 767 608 1615 1616 1326
543 9 2 0 9 576 815 577 1298 1617 1385
544 9 2 0 9 50 774 578 1618 1619 927
545 9 2 0 9 510 512 511 1620 1434 1393
546 9 2 0 9 426 762 643 1621 1622 1623
547 9 2 0 9 425 658 763 1624 1625 1626
548 9 2 0 9 767 781 808 1148 1627 1628
549 9 2 0 9 423 771 752 1629 1490 1630
550 9 2 0 9 512 515 521 1631 1610 1612
551 9 2 0 9 283 284 408 310 1446 1632
552 9 2 0 9 323 324 407 350 1633 1151
553 9 2 0 9 324 584 407 1634 1635 1633
554 9 2 0 9 492 776 659 1636 1637 1638
555 9 2 0 9 463 465 825 956 1639 1640
556 9 2 0 9 281 282 410 308 1125 978
557 9 2 0 9 325 326 409 352 1277 1268
558 9 2 0 9 533 662 664 1641 1642 1643
559 9 2 0 9 407 584 796 1635 1331 1644
560 9 2 0 9 629 797 633 1645 1014 1451
561 9 2 0 9 557 722 604 1486 1414 1581
562 9 2 0 9 280 281 605 307 1022 1560
563 9 2 0 9 326 327 606 353 1564 1275
564 9 2 0 9 279 280 420 306 1562 1325
565 9 2 0 9 327 328 419 354 1329 1563
566 9 2 0 9 428 718 615 1646 1647 1648
567 9 2 0 9 426 643 727 1623 1649 1650
568 9 2 0 9 272 628 438 1651 1599 1652
569 9 2 0 9 335 437 644 1653 1607 1654
570 9 2 0 9 615 718 620 1647 967 1655
571 9 2 0 9 729 811 775 1656 1657 1658
572 9 2 0 9 530 532 533 1274 1659 1660
573 9 2 0 9 437 649 646 1661 1244 1662
574 9 2 0 9 535 586 585 1663 1664 1448
575 9 2 0 9 616 667 617 1427 1665 1549
576 9 2 0 9 420 805 767 1666 1146 1615
577 9 2 0 9 438 631 634 1667 1237 1668
578 9 2 0 9 278 279 608 305 1327 1582
579 9 2 0 9 328 329 609 355 1586 1328
580 9 2 0 9 668 670 669 1597 1088 1669
581 9 2 0 9 7 859 421 1538 1670 1499
582 9 2 0 9 532 662 533 1359 1641 1659
583 9 2 0 9 264 452 679 1671 1672 1673
584 9 2 0 9 343 681 451 1674 1675 1676
585 9 2 0 9 277 278 423 304 1584 1677
586 9 2 0 9 329 330 424 356 1361 1585
587 9 2 0 9 432 654 845 963 1678 1679
588 9 2 0 9 431 844 639 1680 1681 941
589 9 2 0 9 617 667 668 1665 1682 1683
590 9 2 0 9 428 615 614 1648 1550 1503
591 9 2 0 9 630 632 672 1194 1034 1526
592 9 2 0 9 452 680 679 1521 1684 1672
593 9 2 0 9 451 681 682 1675 1685 1520
594 9 2 0 9 330 331 613 357 1614 1360
595 9 2 0 9 645 673 648 1535 1037 1209
596 9 2 0 9 632 633 886 1452 1578 1033
597 9 2 0 9 580 729 775 1686 1658 1687
598 9 2 0 9 425 726 658 1688 1689 1624
599 9 2 0 9 275 276 427 302 1168 1116
600 9 2 0 9 331 332 428 358 1690 1613
601 9 2 0 9 465 693 828 1232 1691 1692
602 9 2 0 9 494 612 611 1318 1569 1367
603 9 2 0 9 129 625 417 1693 1694 1695
604 9 2 0 9 492 659 874 1638 1696 1697
605 9 2 0 9 615 618 616 1698 1573 1551
606 9 2 0 9 272 273 628 299 1463 1651
607 9 2 0 9 334 335 644 361 1654 1464
608 9 2 0 9 440 680 745 1591 1138 1699
609 9 2 0 9 439 744 682 1700 1133 1592
610 9 2 0 9 442 651 650 1701 1702 1399
611 9 2 0 9 441 635 636 1398 1703 1704
612 9 2 0 9 273 274 434 300 900 1462
613 9 2 0 9 333 334 433 360 1465 1341
614 9 2 0 9 469 507 884 1171 1705 1706
615 9 2 0 9 262 454 688 1707 1708 1709
616 9 2 0 9 345 689 453 1710 1711 1712
617 9 2 0 9 531 758 535 1713 1714 1565
618 9 2 0 9 498 499 506 1715 1716 1717
619 9 2 0 9 536 538 541 1381 1525 1162
620 9 2 0 9 503 796 780 1337 1718 1719
621 9 2 0 9 508 513 849 1267 1720 1721
622 9 2 0 9 271 272 438 298 1652 1722
623 9 2 0 9 335 336 437 362 1723 1653
624 9 2 0 9 338 652 442 1405 1724 1725
625 9 2 0 9 269 441 637 1726 1727 1404
626 9 2 0 9 322 323 520 349 1153 1502
627 9 2 0 9 460 853 693 1553 1728 1729
628 9 2 0 9 337 338 442 364 1725 1532
629 9 2 0 9 269 270 441 296 1531 1726
630 9 2 0 9 486 487 490 1730 1731 1453
631 9 2 0 9 324 325 584 351 1270 1634
632 9 2 0 9 438 630 631 1600 1527 1667
633 9 2 0 9 541 755 663 1732 1733 1334
634 9 2 0 9 437 646 645 1662 1534 1606
635 9 2 0 9 263 264 679 290 1673 1734
636 9 2 0 9 343 344 681 370 1735 1674
637 9 2 0 9 495 497 498 1736 1737 907
638 9 2 0 9 386 787 607 1738 1541 1739
639 9 2 0 9 570 826 595 1740 964 1605
640 9 2 0 9 681 764 682 1741 1593 1685
641 9 2 0 9 679 680 765 1684 1590 1742
642 9 2 0 9 263 679 454 1734 1743 1744
643 9 2 0 9 344 453 681 1745 1746 1735
644 9 2 0 9 556 572 766 1747 1748 1749
645 9 2 0 9 542 705 706 1750 1751 1752
646 9 2 0 9 580 728 729 1753 1186 1686
647 9 2 0 9 261 262 688 288 1709 1754
648 9 2 0 9 345 346 689 372 1755 1710
649 9 2 0 9 271 438 634 1722 1668 1756
650 9 2 0 9 336 649 437 1757 1661 1723
651 9 2 0 9 535 758 587 1714 1758 1759
652 9 2 0 9 267 268 447 294 1204 1281
653 9 2 0 9 339 340 448 366 1284 1205
654 9 2 0 9 663 665 664 1760 1099 1761
655 9 2 0 9 480 481 482 1762 1763 1466
656 9 2 0 9 491 493 494 1764 1765 1441
657 9 2 0 9 477 478 480 1766 1767 1468
658 9 2 0 9 589 881 802 1768 1769 1770
659 9 2 0 9 565 690 567 1032 1771 1772
660 9 2 0 9 466 779 523 1773 1774 1470
661 9 2 0 9 8 422 814 1501 1556 1775
662 9 2 0 9 264 265 452 291 1305 1671
663 9 2 0 9 342 343 451 369 1676 1306
664 9 2 0 9 579 728 580 1498 1753 1383
665 9 2 0 9 447 639 640 1091 1776 1282
666 9 2 0 9 448 655 654 1283 1777 1094
667 9 2 0 9 467 468 469 1778 1779 1780
668 9 2 0 9 524 889 525 1781 1782 1312
669 9 2 0 9 580 775 623 1687 1783 1223
670 9 2 0 9 512 514 515 1784 1785 1631
671 9 2 0 9 32 671 818 1786 1787 1788
672 9 2 0 9 261 688 456 1754 1789 1790
673 9 2 0 9 346 455 689 1791 1792 1755
674 9 2 0 9 475 476 477 1793 1794 1603
675 9 2 0 9 465 828 759 1692 1795 1796
676 9 2 0 9 656 691 657 1512 1218 1507
677 9 2 0 9 641 642 692 1506 1219 1509
678 9 2 0 9 483 485 486 1797 1798 1449
679 9 2 0 9 262 263 454 289 1744 1707
680 9 2 0 9 344 345 453 371 1712 1745
681 9 2 0 9 475 707 479 1604 1482 1425
682 9 2 0 9 546 548 547 1479 1799 1800
683 9 2 0 9 524 571 889 930 1801 1781
684 9 2 0 9 611 725 806 1570 1802 1803
685 9 2 0 9 633 683 867 959 1363 1576
686 9 2 0 9 128 625 129 1804 1693 160
687 9 2 0 9 518 583 804 1402 1165 1805
688 9 2 0 9 206 444 703 1806 1807 1808
689 9 2 0 9 270 271 634 297 1756 1530
690 9 2 0 9 336 337 649 363 1533 1757
691 9 2 0 9 589 802 824 1770 1809 1810
692 9 2 0 9 282 283 694 309 1811 1101
693 9 2 0 9 545 572 556 1575 1747 1440
694 9 2 0 9 548 550 549 1519 1812 1813
695 9 2 0 9 283 408 694 1632 1459 1811
696 9 2 0 9 539 574 575 1515 1814 1543
697 9 2 0 9 467 469 884 1780 1706 1815
698 9 2 0 9 260 261 456 287 1790 1816
699 9 2 0 9 346 347 455 373 1817 1791
700 9 2 0 9 469 470 471 1818 1819 1290
701 9 2 0 9 528 544 543 1494 1820 1821
702 9 2 0 9 552 559 553 1358 1822 1823
703 9 2 0 9 550 552 551 1572 1824 1825
704 9 2 0 9 540 732 573 1472 1391 1389
705 9 2 0 9 789 877 843 1826 1827 1828
706 9 2 0 9 568 666 598 1829 1476 1830
707 9 2 0 9 565 567 566 1772 1831 1832
708 9 2 0 9 635 643 762 1264 1622 1833
709 9 2 0 9 516 823 769 1239 1834 1207
710 9 2 0 9 11 12 443 57 1835 1836
711 9 2 0 9 206 207 444 252 1837 1806
712 9 2 0 9 598 600 599 1602 1838 1839
713 9 2 0 9 460 693 835 1729 1840 1841
714 9 2 0 9 559 561 560 1842 1843 1844
715 9 2 0 9 617 668 669 1683 1669 1198
716 9 2 0 9 650 763 658 1845 1625 1266
717 9 2 0 9 471 472 473 1846 1847 1150
718 9 2 0 9 498 506 792 1717 1287 947
719 9 2 0 9 164 165 450 210 1848 1849
720 9 2 0 9 53 54 449 99 1850 1851
721 9 2 0 9 505 584 813 1332 1481 1852
722 9 2 0 9 10 11 695 56 1853 1854
723 9 2 0 9 421 859 800 1670 1474 1495
724 9 2 0 9 603 740 848 1855 1856 1857
725 9 2 0 9 11 443 695 1836 1858 1853
726 9 2 0 9 473 474 475 1859 1860 1424
727 9 2 0 9 32 875 671 1861 1862 1786
728 9 2 0 9 422 790 795 926 1863 1864
729 9 2 0 9 166 393 698 1865 1866 1867
730 9 2 0 9 13 14 439 59 1868 1869
731 9 2 0 9 204 205 440 250 1870 1871
732 9 2 0 9 332 333 718 359 1342 1872
733 9 2 0 9 567 666 568 1873 1829 1874
734 9 2 0 9 505 780 796 1875 1718 1330
735 9 2 0 9 34 35 719 80 1876 1877
736 9 2 0 9 12 13 702 58 1878 1879
737 9 2 0 9 14 744 439 1880 1700 1868
738 9 2 0 9 204 440 745 1871 1699 1881
739 9 2 0 9 568 598 597 1830 1882 1883
740 9 2 0 9 600 603 848 1601 1857 1884
741 9 2 0 9 12 702 443 1879 1885 1835
742 9 2 0 9 130 417 674 1886 1887 1888
743 9 2 0 9 102 675 418 1889 1890 1891
744 9 2 0 9 166 167 393 212 1892 1865
745 9 2 0 9 51 52 392 97 1893 1894
746 9 2 0 9 37 38 725 83 1895 1896
747 9 2 0 9 52 53 699 98 1897 1898
748 9 2 0 9 490 491 610 1899 1442 1900
749 9 2 0 9 15 16 435 61 1901 1902
750 9 2 0 9 202 203 436 248 1903 1904
751 9 2 0 9 562 565 564 1053 1905 1906
752 9 2 0 9 567 690 871 1771 1412 1907
753 9 2 0 9 542 706 755 1752 1908 1909
754 9 2 0 9 618 620 621 1910 1911 1912
755 9 2 0 9 332 718 428 1872 1646 1690
756 9 2 0 9 276 277 752 303 1913 1128
757 9 2 0 9 703 770 765 1914 1915 1916
758 9 2 0 9 490 610 522 1900 935 1516
759 9 2 0 9 439 764 702 1594 1917 1918
760 9 2 0 9 53 449 699 1851 1418 1897
761 9 2 0 9 13 439 702 1869 1918 1878
762 9 2 0 9 651 652 653 1919 1050 1920
763 9 2 0 9 636 638 637 1921 1047 1922
764 9 2 0 9 105 627 106 1923 1924 137
765 9 2 0 9 608 767 772 1616 1567 1925
766 9 2 0 9 533 664 766 1643 1926 1927
767 9 2 0 9 207 208 696 253 1928 1929
768 9 2 0 9 572 860 766 1113 1930 1748
769 9 2 0 9 515 623 829 1931 1932 1933
770 9 2 0 9 17 18 432 63 1934 1935
771 9 2 0 9 200 201 431 246 1936 1937
772 9 2 0 9 635 762 636 1833 1938 1703
773 9 2 0 9 702 764 777 1917 1939 1940
774 9 2 0 9 527 530 860 1263 1941 1112
775 9 2 0 9 650 651 763 1702 1942 1845
776 9 2 0 9 665 861 738 1943 1944 1945
777 9 2 0 9 205 206 703 251 1808 1946
778 9 2 0 9 525 866 529 1947 1948 1309
779 9 2 0 9 462 661 468 1949 1950 1951
780 9 2 0 9 497 499 498 1952 1715 1737
781 9 2 0 9 16 17 713 62 1953 1954
782 9 2 0 9 446 461 459 1105 1557 1008
783 9 2 0 9 558 766 664 1955 1926 1098
784 9 2 0 9 600 683 601 1956 958 1957
785 9 2 0 9 52 699 392 1898 1958 1893
786 9 2 0 9 19 20 430 65 1959 1960
787 9 2 0 9 198 199 429 244 1961 1962
788 9 2 0 9 202 436 714 1904 1177 1963
789 9 2 0 9 519 850 582 1123 1964 1559
790 9 2 0 9 14 15 744 60 1965 1880
791 9 2 0 9 203 204 745 249 1881 1966
792 9 2 0 9 125 676 126 1967 1968 157
793 9 2 0 9 165 166 698 211 1867 1969
794 9 2 0 9 18 19 716 64 1970 1971
795 9 2 0 9 655 657 845 1508 1972 1973
796 9 2 0 9 640 844 642 1974 1975 1505
797 9 2 0 9 196 197 426 242 1976 1977
798 9 2 0 9 21 22 425 67 1978 1979
799 9 2 0 9 471 869 502 1149 1980 1291
800 9 2 0 9 665 738 739 1945 1981 1982
801 9 2 0 9 586 587 588 1983 1984 1985
802 9 2 0 9 662 663 664 1335 1761 1642
803 9 2 0 9 493 495 494 1986 1317 1765
804 9 2 0 9 618 621 783 1912 1987 1988
805 9 2 0 9 433 647 830 1372 1989 1158
806 9 2 0 9 440 703 765 1990 1916 1589
807 9 2 0 9 20 21 724 66 1991 1992
808 9 2 0 9 201 202 714 247 1963 1993
809 9 2 0 9 529 758 531 1994 1713 1251
810 9 2 0 9 533 766 860 1927 1930 1995
811 9 2 0 9 487 491 490 1996 1899 1731
812 9 2 0 9 582 850 607 1964 1997 1024
813 9 2 0 9 23 24 414 69 1998 1999
814 9 2 0 9 194 195 416 240 2000 2001
815 9 2 0 9 622 878 741 2002 2003 1513
816 9 2 0 9 581 836 728 1273 2004 1497
817 9 2 0 9 590 802 881 2005 1769 2006
818 9 2 0 9 103 418 626 2007 2008 2009
819 9 2 0 9 199 200 717 245 2010 2011
820 9 2 0 9 648 734 873 2012 2013 2014
821 9 2 0 9 130 674 131 1888 2015 162
822 9 2 0 9 101 675 102 2016 1889 133
823 9 2 0 9 557 558 773 1429 2017 1485
824 9 2 0 9 619 737 736 2018 2019 1005
825 9 2 0 9 22 23 726 68 2020 2021
826 9 2 0 9 168 169 706 214 2022 2023
827 9 2 0 9 25 26 413 71 2024 2025
828 9 2 0 9 192 193 415 238 2026 2027
829 9 2 0 9 16 713 435 1954 1215 1901
830 9 2 0 9 523 883 660 2028 1288 1071
831 9 2 0 9 636 801 638 2029 2030 1921
832 9 2 0 9 197 198 723 243 2031 2032
833 9 2 0 9 200 431 717 1937 943 2010
834 9 2 0 9 442 652 651 1724 1919 1701
835 9 2 0 9 441 636 637 1704 1922 1727
836 9 2 0 9 27 28 412 73 2033 2034
837 9 2 0 9 190 191 411 236 2035 2036
838 9 2 0 9 485 487 486 2037 1730 1798
839 9 2 0 9 412 737 783 2038 2039 2040
840 9 2 0 9 541 542 755 1524 1909 1732
841 9 2 0 9 207 696 444 1929 2041 1837
842 9 2 0 9 24 25 730 70 2042 2043
843 9 2 0 9 195 196 727 241 2044 2045
844 9 2 0 9 404 799 690 2046 1539 1182
845 9 2 0 9 189 190 740 235 2047 2048
846 9 2 0 9 129 417 130 1695 1886 161
847 9 2 0 9 102 418 103 1891 2007 134
848 9 2 0 9 277 423 752 1677 1630 1913
849 9 2 0 9 521 578 774 1609 1619 1487
850 9 2 0 9 123 684 124 2049 2050 155
851 9 2 0 9 26 27 733 72 2051 2052
852 9 2 0 9 17 432 713 1935 2053 1953
853 9 2 0 9 654 655 845 1777 1973 1678
854 9 2 0 9 488 623 820 1224 2054 1272
855 9 2 0 9 639 844 640 1681 1974 1776
856 9 2 0 9 619 783 737 2055 2039 2018
857 9 2 0 9 30 31 406 76 2056 2057
858 9 2 0 9 187 188 405 233 2058 2059
859 9 2 0 9 193 194 731 239 2060 2061
860 9 2 0 9 169 170 382 215 2062 2063
861 9 2 0 9 48 49 383 94 1027 2064
862 9 2 0 9 586 882 590 2065 2066 2067
863 9 2 0 9 186 187 715 232 2068 2069
864 9 2 0 9 481 483 482 2070 1247 1763
865 9 2 0 9 28 29 737 74 2071 2072
866 9 2 0 9 5 842 208 2073 2074 254
867 9 2 0 9 191 192 735 237 2075 2076
868 9 2 0 9 544 546 547 1611 1800 2077
869 9 2 0 9 651 653 803 1920 2078 2079
870 9 2 0 9 106 627 677 1924 2080 2081
871 9 2 0 9 586 590 881 2067 2006 2082
872 9 2 0 9 108 678 109 2083 2084 140
873 9 2 0 9 671 870 818 2085 2086 1787
874 9 2 0 9 18 716 432 1971 961 1934
875 9 2 0 9 29 30 736 75 2087 2088
876 9 2 0 9 205 703 440 1946 1990 1870
877 9 2 0 9 478 481 480 2089 1762 1767
878 9 2 0 9 599 600 601 1838 1957 1345
879 9 2 0 9 33 34 403 79 2090 2091
880 9 2 0 9 184 185 404 230 2092 2093
881 9 2 0 9 591 810 882 2094 2095 2096
882 9 2 0 9 606 751 659 1432 2097 1343
883 9 2 0 9 526 528 543 1588 1821 1394
884 9 2 0 9 167 168 705 213 2098 2099
885 9 2 0 9 183 184 720 229 2100 2101
886 9 2 0 9 198 429 723 1962 2102 2031
887 9 2 0 9 609 741 872 1528 2103 1293
888 9 2 0 9 165 698 450 1969 2104 1848
889 9 2 0 9 597 598 599 1882 1839 953
890 9 2 0 9 423 608 772 1583 1925 2105
891 9 2 0 9 514 623 515 2106 1931 1785
892 9 2 0 9 476 478 477 2107 1766 1794
893 9 2 0 9 615 620 618 1655 1910 1698
894 9 2 0 9 668 870 671 2108 2085 1595
895 9 2 0 9 36 37 397 82 2109 2110
896 9 2 0 9 181 182 396 227 2111 2112
897 9 2 0 9 522 788 748 1228 2113 1020
898 9 2 0 9 591 880 807 2114 2115 2116
899 9 2 0 9 566 567 568 1831 1874 2117
900 9 2 0 9 510 514 512 1408 1784 1620
901 9 2 0 9 387 815 604 2118 1297 1413
902 9 2 0 9 588 592 593 2119 973 2120
903 9 2 0 9 19 430 716 1960 2121 1970
904 9 2 0 9 406 870 667 2122 2123 1057
905 9 2 0 9 383 775 811 2124 1657 2125
906 9 2 0 9 564 565 566 1905 1832 2126
907 9 2 0 9 648 888 734 1038 2127 2012
908 9 2 0 9 547 548 549 1799 1813 2128
909 9 2 0 9 553 559 560 1822 1844 2129
910 9 2 0 9 182 183 743 228 2130 2131
911 9 2 0 9 39 40 390 85 2132 2133
912 9 2 0 9 178 179 391 224 2134 2135
913 9 2 0 9 35 36 742 81 2136 2137
914 9 2 0 9 15 435 744 1902 1155 1965
915 9 2 0 9 203 745 436 1966 1156 1903
916 9 2 0 9 544 547 697 2077 2138 2139
917 9 2 0 9 169 382 706 2063 2140 2022
918 9 2 0 9 551 552 553 1824 1823 2141
919 9 2 0 9 170 171 738 216 2142 2143
920 9 2 0 9 461 661 462 2144 1949 1558
921 9 2 0 9 50 51 774 96 2145 1618
922 9 2 0 9 121 700 122 2146 2147 153
923 9 2 0 9 549 550 551 1812 1825 2148
924 9 2 0 9 20 724 430 1992 2149 1959
925 9 2 0 9 42 43 386 88 2150 2151
926 9 2 0 9 175 176 387 221 2152 2153
927 9 2 0 9 45 46 385 91 2154 2155
928 9 2 0 9 172 173 384 218 2156 2157
929 9 2 0 9 255 256 756 258 2158 2159
930 9 2 0 9 375 376 757 378 2160 2161
931 9 2 0 9 5 255 842 257 2162 2073
932 9 2 0 9 171 172 739 217 2163 2164
933 9 2 0 9 180 181 747 226 2165 2166
934 9 2 0 9 4 833 101 2167 2168 132
935 9 2 0 9 2 131 834 163 2169 2170
936 9 2 0 9 560 561 562 1843 1347 2171
937 9 2 0 9 4 164 833 209 2172 2167
938 9 2 0 9 2 834 54 2170 2173 100
939 9 2 0 9 663 861 665 2174 1943 1760
940 9 2 0 9 196 426 727 1977 1650 2044
941 9 2 0 9 444 770 703 2175 1914 1807
942 9 2 0 9 179 180 746 225 2176 2177
943 9 2 0 9 103 626 104 2009 2178 135
944 9 2 0 9 390 611 806 1070 1803 2179
945 9 2 0 9 670 877 789 2180 1826 1110
946 9 2 0 9 110 685 111 2181 2182 142
947 9 2 0 9 21 425 724 1979 2183 1991
948 9 2 0 9 647 648 873 1210 2014 2184
949 9 2 0 9 41 42 748 87 2185 2186
950 9 2 0 9 465 759 760 1796 2187 2188
951 9 2 0 9 453 764 681 2189 1741 1746
952 9 2 0 9 454 679 765 1743 1742 2190
953 9 2 0 9 44 45 749 90 2191 2192
954 9 2 0 9 173 174 750 219 2193 2194
955 9 2 0 9 543 544 697 1820 2139 2195
956 9 2 0 9 427 855 597 1167 2196 952
957 9 2 0 9 1 10 838 55 2197 2198
958 9 2 0 9 177 178 768 223 2199 2200
959 9 2 0 9 588 591 882 2201 2096 2202
960 9 2 0 9 104 626 381 2178 1249 2203
961 9 2 0 9 555 863 782 1376 2204 2205
962 9 2 0 9 22 726 425 2021 1688 1978
963 9 2 0 9 201 714 431 1993 2206 1936
964 9 2 0 9 462 468 467 1951 1778 1261
965 9 2 0 9 386 607 850 1739 1997 1460
966 9 2 0 9 474 476 475 2207 1793 1860
967 9 2 0 9 454 770 688 2208 2209 1708
968 9 2 0 9 588 880 591 2210 2114 2201
969 9 2 0 9 194 416 731 2001 991 2060
970 9 2 0 9 31 32 818 77 1788 2211
971 9 2 0 9 199 717 429 2011 2212 1961
972 9 2 0 9 23 414 726 1999 2213 2020
973 9 2 0 9 454 765 770 2190 1915 2208
974 9 2 0 9 104 381 105 2203 2214 136
975 9 2 0 9 127 380 128 2215 2216 159
976 9 2 0 9 410 697 863 2217 2218 979
977 9 2 0 9 401 786 841 2219 2220 1188
978 9 2 0 9 126 676 624 1968 2221 2222
979 9 2 0 9 24 730 414 2043 1000 1998
980 9 2 0 9 470 472 471 2223 1846 1819
981 9 2 0 9 499 500 501 2224 2225 2226
982 9 2 0 9 197 723 426 2032 2227 1976
983 9 2 0 9 585 586 881 1664 2082 2228
984 9 2 0 9 593 594 880 1241 2229 2230
985 9 2 0 9 383 578 829 1026 2231 2232
986 9 2 0 9 192 415 735 2027 2233 2075
987 9 2 0 9 556 766 558 1749 1955 1428
988 9 2 0 9 623 775 829 1783 2234 1932
989 9 2 0 9 425 763 724 1626 2235 2183
990 9 2 0 9 176 177 778 222 2236 2237
991 9 2 0 9 443 777 793 2238 2239 2240
992 9 2 0 9 453 777 764 2241 1939 2189
993 9 2 0 9 167 705 393 2099 2242 1892
994 9 2 0 9 25 413 730 2025 2243 2042
995 9 2 0 9 443 702 777 1885 1940 2238
996 9 2 0 9 453 689 777 1711 2244 2241
997 9 2 0 9 128 380 625 2216 2245 1804
998 9 2 0 9 387 722 879 1415 2246 2247
999 9 2 0 9 472 474 473 2248 1859 1847
1000 9 2 0 9 26 733 413 2052 2249 2024
1001 9 2 0 9 495 496 497 2250 2251 1736
1002 9 2 0 9 6 260 839 286 2252 2253
1003 9 2 0 9 9 840 347 2254 2255 374
1004 9 2 0 9 660 709 827 1010 1544 2256
1005 9 2 0 9 590 882 810 2066 2095 2257
1006 9 2 0 9 117 711 118 2258 2259 149
1007 9 2 0 9 195 727 416 2045 2260 2000
1008 9 2 0 9 35 742 719 2137 1320 1876
1009 9 2 0 9 518 804 817 1805 2261 1064
1010 9 2 0 9 468 470 469 2262 1818 1779
1011 9 2 0 9 27 412 733 2034 2263 2051
1012 9 2 0 9 434 797 629 1197 1645 1369
1013 9 2 0 9 585 881 589 2228 1768 1059
1014 9 2 0 9 190 411 740 2036 2264 2047
1015 9 2 0 9 34 719 403 1877 2265 2090
1016 9 2 0 9 405 666 871 946 2266 2267
1017 9 2 0 9 28 737 412 2072 2038 2033
1018 9 2 0 9 426 723 762 2227 2268 1621
1019 9 2 0 9 444 794 770 2269 2270 2175
1020 9 2 0 9 193 731 415 2061 2271 2026
1021 9 2 0 9 37 725 397 1896 1220 2109
1022 9 2 0 9 491 492 493 2272 2273 1764
1023 9 2 0 9 191 735 411 2076 1278 2035
1024 9 2 0 9 382 755 706 2274 1908 2140
1025 9 2 0 9 621 734 821 2275 2276 2277
1026 9 2 0 9 1 838 376 2198 2278 379
1027 9 2 0 9 29 736 737 2088 2019 2071
1028 9 2 0 9 47 811 876 2279 2280 2281
1029 9 2 0 9 114 712 115 2282 2283 146
1030 9 2 0 9 30 406 736 2057 1058 2087
1031 9 2 0 9 187 405 715 2059 2284 2068
1032 9 2 0 9 6 839 256 2253 2285 259
1033 9 2 0 9 9 375 840 377 2286 2254
1034 9 2 0 9 168 706 705 2023 1751 2098
1035 9 2 0 9 126 624 127 2222 2287 158
1036 9 2 0 9 568 597 569 1883 2288 2289
1037 9 2 0 9 51 392 774 1894 1488 2145
1038 9 2 0 9 420 605 805 1561 1375 1666
1039 9 2 0 9 618 783 619 1988 2055 1574
1040 9 2 0 9 127 624 380 2287 2290 2215
1041 9 2 0 9 535 587 586 1759 1983 1663
1042 9 2 0 9 559 784 561 1115 2291 1842
1043 9 2 0 9 393 819 822 2292 2293 2294
1044 9 2 0 9 589 824 732 1810 2295 1471
1045 9 2 0 9 413 733 734 2249 2296 2297
1046 9 2 0 9 625 823 817 2298 1238 2299
1047 9 2 0 9 688 770 794 2209 2270 2300
1048 9 2 0 9 184 404 720 2093 2301 2100
1049 9 2 0 9 47 48 811 93 2302 2279
1050 9 2 0 9 586 588 882 1985 2202 2065
1051 9 2 0 9 483 484 485 2303 2304 1797
1052 9 2 0 9 753 761 849 2305 2306 2307
1053 9 2 0 9 562 564 563 1906 2308 2309
1054 9 2 0 9 43 44 787 89 2310 2311
1055 9 2 0 9 170 738 382 2143 2312 2062
1056 9 2 0 9 689 793 777 2313 2239 2244
1057 9 2 0 9 497 500 499 2314 2224 1952
1058 9 2 0 9 105 381 627 2214 2315 1923
1059 9 2 0 9 183 720 743 2101 2316 2130
1060 9 2 0 9 659 751 874 2097 2317 1696
1061 9 2 0 9 570 577 826 1386 2318 1740
1062 9 2 0 9 40 41 788 86 2319 2320
1063 9 2 0 9 499 501 789 2226 1111 2321
1064 9 2 0 9 182 743 396 2131 2322 2111
1065 9 2 0 9 36 397 742 2110 2323 2136
1066 9 2 0 9 106 677 107 2081 2324 138
1067 9 2 0 9 566 568 569 2117 2289 2325
1068 9 2 0 9 181 396 747 2112 1300 2165
1069 9 2 0 9 697 782 863 2326 2204 2218
1070 9 2 0 9 422 795 661 1864 2327 1554
1071 9 2 0 9 464 825 760 2328 2329 1082
1072 9 2 0 9 171 739 738 2164 1981 2142
1073 9 2 0 9 508 849 869 1721 2330 922
1074 9 2 0 9 493 496 495 2331 2250 1986
1075 9 2 0 9 500 741 501 2332 2333 2225
1076 9 2 0 9 638 801 864 2030 2334 1587
1077 9 2 0 9 484 505 504 2335 2336 2337
1078 9 2 0 9 560 562 563 2171 2309 2338
1079 9 2 0 9 38 806 725 2339 1802 1895
1080 9 2 0 9 759 837 760 2340 1579 2187
1081 9 2 0 9 180 747 746 2166 1409 2176
1082 9 2 0 9 172 384 739 2157 2341 2163
1083 9 2 0 9 179 746 391 2177 910 2134
1084 9 2 0 9 676 761 753 2342 2305 2343
1085 9 2 0 9 178 391 768 2135 2344 2199
1086 9 2 0 9 496 754 497 933 2345 2251
1087 9 2 0 9 588 593 880 2120 2230 2210
1088 9 2 0 9 487 492 491 2346 2272 1996
1089 9 2 0 9 124 389 125 2347 2348 156
1090 9 2 0 9 107 388 108 2349 2350 139
1091 9 2 0 9 42 386 748 2151 1461 2185
1092 9 2 0 9 45 385 749 2155 2351 2191
1093 9 2 0 9 32 33 875 78 2352 1861
1094 9 2 0 9 173 750 384 2194 2353 2156
1095 9 2 0 9 549 551 555 2148 2354 2355
1096 9 2 0 9 418 675 798 1890 1523 2356
1097 9 2 0 9 189 740 809 2048 2357 2358
1098 9 2 0 9 404 721 720 1183 2359 2301
1099 9 2 0 9 481 484 483 2360 2303 2070
1100 9 2 0 9 653 862 803 1598 2361 2078
1101 9 2 0 9 563 564 772 2308 2362 1566
1102 9 2 0 9 380 624 769 2290 2363 2364
1103 9 2 0 9 186 715 799 2069 1540 2365
1104 9 2 0 9 176 778 387 2237 2366 2152
1105 9 2 0 9 177 768 778 2200 2367 2236
1106 9 2 0 9 124 684 389 2050 2368 2347
1107 9 2 0 9 667 870 668 2123 2108 1682
1108 9 2 0 9 591 807 868 2116 2369 2370
1109 9 2 0 9 499 789 506 2321 2371 1716
1110 9 2 0 9 393 822 698 2294 2372 1866
1111 9 2 0 9 40 788 390 2320 1227 2132
1112 9 2 0 9 517 816 583 1380 2373 1401
1113 9 2 0 9 43 787 386 2311 1738 2150
1114 9 2 0 9 456 688 794 1789 2300 1422
1115 9 2 0 9 455 793 689 1439 2313 1792
1116 9 2 0 9 109 678 395 2084 2374 2375
1117 9 2 0 9 587 592 588 2376 2119 1984
1118 9 2 0 9 484 504 485 2337 2377 2304
1119 9 2 0 9 122 394 123 2378 2379 154
1120 9 2 0 9 109 395 110 2375 2380 141
1121 9 2 0 9 624 676 753 2221 2343 2381
1122 9 2 0 9 497 754 500 2345 2382 2314
1123 9 2 0 9 125 389 676 2348 2383 1967
1124 9 2 0 9 476 503 478 2384 2385 2107
1125 9 2 0 9 417 804 674 2386 1118 1887
1126 9 2 0 9 417 625 817 1694 2299 2387
1127 9 2 0 9 185 186 799 231 2365 2388
1128 9 2 0 9 44 749 787 2192 1542 2310
1129 9 2 0 9 564 566 771 2126 2389 2390
1130 9 2 0 9 41 748 788 2186 2113 2319
1131 9 2 0 9 188 809 405 2391 1035 2058
1132 9 2 0 9 574 822 575 2392 2393 1814
1133 9 2 0 9 185 799 404 2388 2046 2092
1134 9 2 0 9 384 750 773 2353 1295 2394
1135 9 2 0 9 443 793 695 2240 1419 1858
1136 9 2 0 9 432 845 713 1679 2395 2053
1137 9 2 0 9 651 803 763 2079 2396 1942
1138 9 2 0 9 636 762 801 1938 2397 2029
1139 9 2 0 9 561 865 721 2398 2399 1346
1140 9 2 0 9 710 841 853 1437 2400 1552
1141 9 2 0 9 543 856 694 2401 1102 1395
1142 9 2 0 9 627 824 802 2402 1809 2403
1143 9 2 0 9 670 671 877 1596 2404 2180
1144 9 2 0 9 621 821 783 2277 2405 1987
1145 9 2 0 9 411 683 848 1280 2406 2407
1146 9 2 0 9 8 814 316 1775 1545 321
1147 9 2 0 9 38 39 806 84 2408 2339
1148 9 2 0 9 445 835 693 1444 1840 1231
1149 9 2 0 9 591 868 810 2370 2409 2094
1150 9 2 0 9 396 743 784 2322 2410 949
1151 9 2 0 9 417 817 804 2387 2261 2386
1152 9 2 0 9 112 786 113 2411 2412 144
1153 9 2 0 9 107 677 388 2324 2413 2349
1154 9 2 0 9 111 399 112 2414 2415 143
1155 9 2 0 9 120 398 121 2416 2417 152
1156 9 2 0 9 418 798 887 2356 1041 2418
1157 9 2 0 9 39 390 806 2133 2179 2408
1158 9 2 0 9 108 388 678 2350 2419 2083
1159 9 2 0 9 431 714 844 2206 2420 1680
1160 9 2 0 9 188 189 809 234 2358 2391
1161 9 2 0 9 594 807 880 2421 2115 2229
1162 9 2 0 9 472 489 474 2422 2423 2248
1163 9 2 0 9 46 876 385 2424 1054 2154
1164 9 2 0 9 485 776 487 2425 2426 2037
1165 9 2 0 9 405 871 715 2267 1411 2284
1166 9 2 0 9 621 873 734 2427 2013 2275
1167 9 2 0 9 385 728 836 1187 2004 2428
1168 9 2 0 9 175 387 879 2153 2247 2429
1169 9 2 0 9 407 796 785 1644 1336 1229
1170 9 2 0 9 123 394 684 2379 2430 2049
1171 9 2 0 9 571 800 851 1496 2431 2432
1172 9 2 0 9 514 707 820 1407 1258 2433
1173 9 2 0 9 116 402 117 2434 2435 148
1174 9 2 0 9 501 878 669 2436 2437 1087
1175 9 2 0 9 449 834 674 2438 2439 1117
1176 9 2 0 9 450 675 833 1350 2440 2441
1177 9 2 0 9 642 844 714 1975 2420 1176
1178 9 2 0 9 724 763 803 2235 2396 2442
1179 9 2 0 9 563 767 808 1568 1628 2443
1180 9 2 0 9 113 401 114 2444 2445 145
1181 9 2 0 9 118 400 119 2446 2447 150
1182 9 2 0 9 564 771 772 2390 2448 2362
1183 9 2 0 9 444 696 794 2041 1366 2269
1184 9 2 0 9 122 700 394 2147 2449 2378
1185 9 2 0 9 627 802 677 2403 2450 2080
1186 9 2 0 9 547 782 697 2451 2326 2138
1187 9 2 0 9 119 701 120 2452 2453 151
1188 9 2 0 9 659 776 852 1637 2454 2455
1189 9 2 0 9 484 780 505 2456 1875 2335
1190 9 2 0 9 489 785 791 1387 1173 2457
1191 9 2 0 9 566 569 771 2325 1491 2389
1192 9 2 0 9 551 553 781 2141 2458 2459
1193 9 2 0 9 723 801 762 2460 2397 2268
1194 9 2 0 9 409 659 852 1344 2455 2461
1195 9 2 0 9 547 549 782 2128 2462 2451
1196 9 2 0 9 657 713 845 1216 2395 1972
1197 9 2 0 9 397 792 742 1093 1286 2323
1198 9 2 0 9 542 819 705 1044 2463 1750
1199 9 2 0 9 567 871 666 1907 2266 1873
1200 9 2 0 9 478 780 481 2464 2465 2089
1201 9 2 0 9 603 809 740 1036 2357 1855
1202 9 2 0 9 496 874 751 2466 2317 932
1203 9 2 0 9 687 841 786 2467 2220 2468
1204 9 2 0 9 111 685 399 2182 2469 2414
1205 9 2 0 9 110 395 685 2380 2470 2181
1206 9 2 0 9 416 858 672 2471 1074 990
1207 9 2 0 9 381 732 824 1250 2295 2472
1208 9 2 0 9 414 673 857 1001 1080 2473
1209 9 2 0 9 115 708 116 2474 2475 147
1210 9 2 0 9 485 504 776 2377 2476 2425
1211 9 2 0 9 429 801 723 2477 2460 2102
1212 9 2 0 9 399 686 687 2478 2479 2480
1213 9 2 0 9 622 669 878 1199 2437 2002
1214 9 2 0 9 121 398 700 2417 2481 2146
1215 9 2 0 9 410 856 697 1124 2482 2217
1216 9 2 0 9 696 842 756 2483 2484 1364
1217 9 2 0 9 592 851 800 2485 2431 1547
1218 9 2 0 9 174 879 750 2486 2487 2193
1219 9 2 0 9 487 776 492 2426 1636 2346
1220 9 2 0 9 502 849 761 2488 2306 1200
1221 9 2 0 9 430 724 803 2149 2442 2489
1222 9 2 0 9 389 761 676 2490 2342 2383
1223 9 2 0 9 733 821 734 2491 2276 2296
1224 9 2 0 9 575 822 819 2393 2293 970
1225 9 2 0 9 513 769 753 1208 2492 2493
1226 9 2 0 9 468 661 795 1950 2327 2494
1227 9 2 0 9 600 848 683 1884 2406 1956
1228 9 2 0 9 643 858 727 1120 2495 1649
1229 9 2 0 9 729 876 811 1055 2280 1656
1230 9 2 0 9 457 460 835 893 1841 1457
1231 9 2 0 9 549 555 782 2355 2205 2462
1232 9 2 0 9 624 753 769 2381 2492 2363
1233 9 2 0 9 551 781 555 2459 2496 2354
1234 9 2 0 9 423 772 771 2105 2448 1629
1235 9 2 0 9 560 563 808 2338 2443 2497
1236 9 2 0 9 658 726 857 1689 2498 1127
1237 9 2 0 9 399 687 786 2480 2468 2499
1238 9 2 0 9 164 450 833 1849 2441 2172
1239 9 2 0 9 54 834 449 2173 2438 1850
1240 9 2 0 9 474 791 476 2500 2501 2207
1241 9 2 0 9 553 560 808 2129 2497 2502
1242 9 2 0 9 470 790 472 2503 2504 2223
1243 9 2 0 9 525 889 866 1782 2505 1947
1244 9 2 0 9 515 829 578 1933 2231 1608
1245 9 2 0 9 481 780 484 2465 2456 2360
1246 9 2 0 9 583 816 699 2373 2506 1417
1247 9 2 0 9 395 847 685 2507 2508 2470
1248 9 2 0 9 117 402 711 2435 906 2258
1249 9 2 0 9 678 868 807 2509 2369 2510
1250 9 2 0 9 384 846 739 2511 2512 2341
1251 9 2 0 9 118 711 400 2259 1184 2446
1252 9 2 0 9 48 383 811 2064 2125 2302
1253 9 2 0 9 413 734 888 2297 2127 2513
1254 9 2 0 9 493 874 496 2514 2466 2331
1255 9 2 0 9 708 710 709 2515 1017 2516
1256 9 2 0 9 395 678 807 2374 2510 2517
1257 9 2 0 9 392 699 816 1958 2506 1107
1258 9 2 0 9 695 757 838 1421 2518 2519
1259 9 2 0 9 478 503 780 2385 1719 2464
1260 9 2 0 9 663 755 861 1733 2520 2174
1261 9 2 0 9 450 698 812 2104 2521 1348
1262 9 2 0 9 383 829 775 2232 2234 2124
1263 9 2 0 9 380 769 823 2364 1834 2522
1264 9 2 0 9 31 818 406 2211 2523 2056
1265 9 2 0 9 260 456 839 1816 2524 2252
1266 9 2 0 9 347 840 455 2255 2525 1817
1267 9 2 0 9 131 674 834 2015 2439 2169
1268 9 2 0 9 101 833 675 2168 2440 2016
1269 9 2 0 9 114 401 712 2445 1190 2282
1270 9 2 0 9 665 739 846 1982 2512 1131
1271 9 2 0 9 720 721 865 2359 2399 2526
1272 9 2 0 9 112 399 786 2415 2499 2411
1273 9 2 0 9 468 795 470 2494 2527 2262
1274 9 2 0 9 577 778 768 2528 2367 2529
1275 9 2 0 9 394 700 704 2449 2530 2531
1276 9 2 0 9 476 791 503 2501 1172 2384
1277 9 2 0 9 10 695 838 1854 2519 2197
1278 9 2 0 9 620 830 621 1159 2532 1911
1279 9 2 0 9 399 685 686 2469 2533 2478
1280 9 2 0 9 388 677 810 2413 2534 2535
1281 9 2 0 9 506 843 719 2536 2537 1319
1282 9 2 0 9 382 861 755 2538 2520 2274
1283 9 2 0 9 571 851 866 2432 2539 2540
1284 9 2 0 9 553 808 781 2502 1627 2458
1285 9 2 0 9 208 842 696 2074 2483 1928
1286 9 2 0 9 461 814 661 1546 1555 2144
1287 9 2 0 9 115 712 708 2283 2541 2474
1288 9 2 0 9 113 786 401 2412 2219 2444
1289 9 2 0 9 686 759 687 2542 2543 2479
1290 9 2 0 9 380 823 625 2522 2298 2245
1291 9 2 0 9 120 701 398 2453 2544 2416
1292 9 2 0 9 429 864 801 2545 2334 2477
1293 9 2 0 9 504 852 776 2546 2454 2476
1294 9 2 0 9 700 831 704 2547 2548 2530
1295 9 2 0 9 569 855 752 2549 1129 1489
1296 9 2 0 9 456 756 839 1423 2550 2524
1297 9 2 0 9 455 840 757 2525 2551 1438
1298 9 2 0 9 577 768 826 2529 2552 2318
1299 9 2 0 9 504 505 813 2336 1852 2553
1300 9 2 0 9 395 807 847 2517 2554 2507
1301 9 2 0 9 677 802 810 2450 2555 2534
1302 9 2 0 9 500 872 741 2556 2103 2332
1303 9 2 0 9 393 705 819 2242 2463 2292
1304 9 2 0 9 430 803 862 2489 2361 2557
1305 9 2 0 9 46 47 876 92 2281 2424
1306 9 2 0 9 174 175 879 220 2429 2486
1307 9 2 0 9 119 400 701 2447 2558 2452
1308 9 2 0 9 255 756 842 2159 2484 2162
1309 9 2 0 9 708 712 710 2541 1436 2515
1310 9 2 0 9 398 701 779 2544 2559 2560
1311 9 2 0 9 472 790 489 2504 901 2422
1312 9 2 0 9 474 489 791 2423 2457 2500
1313 9 2 0 9 514 820 623 2433 2054 2106
1314 9 2 0 9 574 812 822 2561 2562 2392
1315 9 2 0 9 722 750 879 1296 2487 2246
1316 9 2 0 9 418 887 626 2418 1066 2008
1317 9 2 0 9 116 708 402 2475 2563 2434
1318 9 2 0 9 376 838 757 2278 2518 2160
1319 9 2 0 9 412 821 733 2564 2491 2263
1320 9 2 0 9 391 826 768 965 2552 2344
1321 9 2 0 9 256 839 756 2285 2550 2158
1322 9 2 0 9 375 757 840 2161 2551 2286
1323 9 2 0 9 686 847 837 2565 2566 2567
1324 9 2 0 9 555 781 805 2496 1147 1374
1325 9 2 0 9 387 778 815 2366 2568 2118
1326 9 2 0 9 409 852 813 2461 2569 1480
1327 9 2 0 9 743 865 784 2570 2571 2410
1328 9 2 0 9 684 854 832 2572 2573 2574
1329 9 2 0 9 464 859 825 1475 2575 2328
1330 9 2 0 9 530 533 860 1660 1995 1941
1331 9 2 0 9 687 759 828 2543 1795 2576
1332 9 2 0 9 506 789 843 2371 1828 2536
1333 9 2 0 9 385 836 749 2428 1003 2351
1334 9 2 0 9 558 846 773 1132 2577 2017
1335 9 2 0 9 430 862 716 2557 1061 2121
1336 9 2 0 9 411 848 740 2407 1856 2264
1337 9 2 0 9 402 708 709 2563 2516 1009
1338 9 2 0 9 412 783 821 2040 2405 2564
1339 9 2 0 9 381 824 627 2472 2402 2315
1340 9 2 0 9 587 758 851 1758 2578 2579
1341 9 2 0 9 685 847 686 2508 2565 2533
1342 9 2 0 9 384 773 846 2394 2577 2511
1343 9 2 0 9 470 795 790 2527 1863 2503
1344 9 2 0 9 429 717 864 2212 1029 2545
1345 9 2 0 9 758 866 851 2580 2539 2578
1346 9 2 0 9 501 741 878 2333 2003 2436
1347 9 2 0 9 513 753 849 2493 2307 1720
1348 9 2 0 9 414 857 726 2473 2498 2213
1349 9 2 0 9 403 719 843 2265 2537 2581
1350 9 2 0 9 465 760 825 2188 2329 1639
1351 9 2 0 9 415 867 735 2582 1362 2233
1352 9 2 0 9 561 784 865 2291 2571 2398
1353 9 2 0 9 416 727 858 2260 2495 2471
1354 9 2 0 9 569 597 855 2288 2196 2549
1355 9 2 0 9 686 837 759 2567 2340 2542
1356 9 2 0 9 543 697 856 2195 2482 2401
1357 9 2 0 9 382 738 861 2312 1944 2538
1358 9 2 0 9 458 660 827 1072 2256 891
1359 9 2 0 9 698 822 812 2372 2562 2521
1360 9 2 0 9 33 403 875 2091 2583 2352
1361 9 2 0 9 720 865 743 2526 2570 2316
1362 9 2 0 9 389 684 832 2368 2574 2584
1363 9 2 0 9 463 825 859 1640 2575 1537
1364 9 2 0 9 413 888 730 2513 919 2243
1365 9 2 0 9 492 874 493 1697 2514 2273
1366 9 2 0 9 594 837 847 1580 2566 2585
1367 9 2 0 9 415 886 867 2586 1577 2582
1368 9 2 0 9 574 798 812 1039 1522 2561
1369 9 2 0 9 415 731 886 2271 914 2586
1370 9 2 0 9 704 885 884 2587 2588 2589
1371 9 2 0 9 388 810 868 2535 2409 2590
1372 9 2 0 9 621 830 873 2532 2591 2427
1373 9 2 0 9 577 815 778 1617 2568 2528
1374 9 2 0 9 398 831 700 2592 2547 2481
1375 9 2 0 9 500 754 872 2382 1143 2556
1376 9 2 0 9 466 831 779 2593 2594 1773
1377 9 2 0 9 389 832 761 2584 1201 2490
1378 9 2 0 9 687 828 841 2576 2595 2467
1379 9 2 0 9 590 810 802 2257 2555 2005
1380 9 2 0 9 388 868 678 2590 2509 2419
1381 9 2 0 9 587 851 592 2579 2485 2376
1382 9 2 0 9 394 854 684 2596 2572 2430
1383 9 2 0 9 529 866 758 1948 2580 1994
1384 9 2 0 9 403 843 877 2581 1827 2597
1385 9 2 0 9 701 883 779 2598 2599 2559
1386 9 2 0 9 504 813 852 2553 2569 2546
1387 9 2 0 9 398 779 831 2560 2594 2592
1388 9 2 0 9 507 832 854 1265 2573 2600
1389 9 2 0 9 394 704 854 2531 2601 2596
1390 9 2 0 9 704 831 885 2548 2602 2587
1391 9 2 0 9 523 779 883 1774 2599 2028
1392 9 2 0 9 400 883 701 1289 2598 2558
1393 9 2 0 9 828 853 841 2603 2400 2595
1394 9 2 0 9 467 884 885 1815 2588 1260
1395 9 2 0 9 406 818 870 2523 2086 2122
1396 9 2 0 9 594 847 807 2585 2554 2421
1397 9 2 0 9 647 873 830 2184 2591 1989
1398 9 2 0 9 671 875 877 1862 2604 2404
1399 9 2 0 9 403 877 875 2597 2604 2583
1400 9 2 0 9 466 885 831 1139 2602 2593
1401 9 2 0 9 502 869 849 1980 2330 2488
1402 9 2 0 9 693 853 828 1728 2603 1691
1403 9 2 0 9 571 866 889 2540 2505 1801
1404 9 2 0 9 704 884 854 2589 2605 2601
1405 9 2 0 9 507 854 884 2600 2605 1705
$EndElements
