1.12277772E+00 1.12277744E+00 1.12277480E+00 1.12277176E+00 1.12276928E+00 1.12276794E+00 1.12276727E+00 1.12276679E+00 1.12276633E+00 1.12276581E+00 1.12276537E+00 1.12276508E+00 1.12276495E+00 1.12276496E+00 1.12276508E+00 1.12276531E+00 1.12276564E+00 1.12276609E+00 1.12276667E+00 1.12276739E+00 1.12276825E+00 1.12276927E+00 1.12277045E+00 1.12277182E+00 1.12277338E+00 1.12277517E+00 1.12277719E+00 1.12277947E+00 1.12278203E+00 1.12278488E+00 1.12278806E+00 1.12279157E+00 1.12279545E+00 1.12279970E+00 1.12280433E+00 1.12280938E+00 1.12281483E+00 1.12282068E+00 1.12282692E+00 1.12283354E+00 1.12284049E+00 1.12284771E+00 1.12285515E+00 1.12286268E+00 1.12287021E+00 1.12287752E+00 1.12288445E+00 1.12289069E+00 1.12289600E+00 1.12289990E+00 1.12290205E+00 1.12290177E+00 1.12289851E+00 1.12289136E+00 1.12287962E+00 1.12286195E+00 1.12283743E+00 1.12280427E+00 1.12276119E+00 1.12270584E+00 1.12263656E+00 1.12255022E+00 1.12244463E+00 1.12231593E+00 1.12216127E+00 1.12197555E+00 1.12175541E+00 1.12149443E+00 1.12118817E+00 1.12082880E+00 1.12041096E+00 1.11992506E+00 1.11936477E+00 1.11871832E+00 1.11797826E+00 1.11713056E+00 1.11616679E+00 1.11507004E+00 1.11382930E+00 1.11242744E+00 1.11085285E+00 1.10908258E+00 1.10710335E+00 1.10489245E+00 1.10243494E+00 1.09972920E+00 1.09674035E+00 1.09376238E+00 1.09052006E+00 1.08741316E+00 1.08407108E+00 1.08090753E+00 1.07754536E+00 1.07440268E+00 1.07109349E+00 1.06801505E+00 1.06479830E+00 1.06183948E+00 1.05876952E+00 1.05596037E+00 1.05306240E+00 1.05042438E+00 1.04771651E+00 1.04526340E+00 1.04275818E+00 1.04050037E+00 1.03820019E+00 1.03612988E+00 1.03402929E+00 1.03200389E+00 1.02995570E+00 1.02788162E+00 1.02578405E+00 1.02367299E+00 1.02154763E+00 1.01940415E+00 1.01725881E+00 1.01514224E+00 1.01302452E+00 1.01087707E+00 1.00879938E+00 1.00699746E+00 1.00533581E+00 1.00309242E+00 1.00000000E+00
1.13586907E+00 1.13586729E+00 1.13587114E+00 1.13587449E+00 1.13587530E+00 1.13587314E+00 1.13587021E+00 1.13586846E+00 1.13586784E+00 1.13586786E+00 1.13586790E+00 1.13586767E+00 1.13586741E+00 1.13586733E+00 1.13586746E+00 1.13586775E+00 1.13586817E+00 1.13586870E+00 1.13586936E+00 1.13587017E+00 1.13587114E+00 1.13587229E+00 1.13587363E+00 1.13587518E+00 1.13587695E+00 1.13587896E+00 1.13588124E+00 1.13588381E+00 1.13588670E+00 1.13588992E+00 1.13589350E+00 1.13589748E+00 1.13590188E+00 1.13590670E+00 1.13591198E+00 1.13591775E+00 1.13592401E+00 1.13593075E+00 1.13593797E+00 1.13594568E+00 1.13595383E+00 1.13596236E+00 1.13597122E+00 1.13598033E+00 1.13598959E+00 1.13599878E+00 1.13600775E+00 1.13601620E+00 1.13602388E+00 1.13603032E+00 1.13603523E+00 1.13603793E+00 1.13603781E+00 1.13603395E+00 1.13602567E+00 1.13601163E+00 1.13599090E+00 1.13596171E+00 1.13592269E+00 1.13587144E+00 1.13580632E+00 1.13572399E+00 1.13562217E+00 1.13549692E+00 1.13534539E+00 1.13516221E+00 1.13494407E+00 1.13468434E+00 1.13437816E+00 1.13401687E+00 1.13359509E+00 1.13310307E+00 1.13253436E+00 1.13187577E+00 1.13111951E+00 1.13025110E+00 1.12926177E+00 1.12813267E+00 1.12685155E+00 1.12540057E+00 1.12376818E+00 1.12192812E+00 1.11986500E+00 1.11755374E+00 1.11498016E+00 1.11214190E+00 1.10900106E+00 1.10586204E+00 1.10243880E+00 1.09915242E+00 1.09560687E+00 1.09223607E+00 1.08865414E+00 1.08531840E+00 1.08179411E+00 1.07848468E+00 1.07502227E+00 1.07184477E+00 1.06853939E+00 1.06550077E+00 1.06236550E+00 1.05951593E+00 1.05658292E+00 1.05391137E+00 1.05117242E+00 1.04869322E+00 1.04616633E+00 1.04389662E+00 1.04158767E+00 1.03934965E+00 1.03706816E+00 1.03473893E+00 1.03238675E+00 1.03002623E+00 1.02762157E+00 1.02516302E+00 1.02270022E+00 1.02023713E+00 1.01766999E+00 1.01500830E+00 1.01246210E+00 1.01013393E+00 1.00770613E+00 1.00438846E+00 1.00000000E+00
1.16149963E+00 1.16150825E+00 1.16151949E+00 1.16152339E+00 1.16152137E+00 1.16151692E+00 1.16151327E+00 1.16151211E+00 1.16151207E+00 1.16151186E+00 1.16151129E+00 1.16151055E+00 1.16151001E+00 1.16150983E+00 1.16150990E+00 1.16151011E+00 1.16151046E+00 1.16151098E+00 1.16151171E+00 1.16151265E+00 1.16151381E+00 1.16151519E+00 1.16151683E+00 1.16151874E+00 1.16152094E+00 1.16152346E+00 1.16152632E+00 1.16152957E+00 1.16153322E+00 1.16153730E+00 1.16154185E+00 1.16154693E+00 1.16155255E+00 1.16155873E+00 1.16156552E+00 1.16157297E+00 1.16158109E+00 1.16158987E+00 1.16159934E+00 1.16160953E+00 1.16162039E+00 1.16163184E+00 1.16164388E+00 1.16165648E+00 1.16166950E+00 1.16168275E+00 1.16169607E+00 1.16170918E+00 1.16172181E+00 1.16173352E+00 1.16174403E+00 1.16175265E+00 1.16175869E+00 1.16176117E+00 1.16175944E+00 1.16175212E+00 1.16173823E+00 1.16171590E+00 1.16168367E+00 1.16163899E+00 1.16158012E+00 1.16150330E+00 1.16140609E+00 1.16128438E+00 1.16113514E+00 1.16095256E+00 1.16073313E+00 1.16046963E+00 1.16015647E+00 1.15978365E+00 1.15934541E+00 1.15883147E+00 1.15823498E+00 1.15754093E+00 1.15674074E+00 1.15581834E+00 1.15476284E+00 1.15355181E+00 1.15217379E+00 1.15061106E+00 1.14884735E+00 1.14684841E+00 1.14459944E+00 1.14207434E+00 1.13925299E+00 1.13612654E+00 1.13265899E+00 1.12919018E+00 1.12538750E+00 1.12170571E+00 1.11771849E+00 1.11392065E+00 1.10988048E+00 1.10611251E+00 1.10209668E+00 1.09828615E+00 1.09429669E+00 1.09063561E+00 1.08680208E+00 1.08325048E+00 1.07958241E+00 1.07625233E+00 1.07280300E+00 1.06962831E+00 1.06635104E+00 1.06337055E+00 1.06032948E+00 1.05759738E+00 1.05480273E+00 1.05206705E+00 1.04925475E+00 1.04636736E+00 1.04344141E+00 1.04048596E+00 1.03744603E+00 1.03430755E+00 1.03113382E+00 1.02791854E+00 1.02453808E+00 1.02099808E+00 1.01751845E+00 1.01417825E+00 1.01061202E+00 1.00594369E+00 1.00000000E+00
1.18845943E+00 1.18845968E+00 1.18846111E+00 1.18846190E+00 1.18846173E+00 1.18846095E+00 1.18846016E+00 1.18845966E+00 1.18845932E+00 1.18845902E+00 1.18845878E+00 1.18845864E+00 1.18845865E+00 1.18845883E+00 1.18845917E+00 1.18845967E+00 1.18846035E+00 1.18846124E+00 1.18846235E+00 1.18846369E+00 1.18846529E+00 1.18846716E+00 1.18846934E+00 1.18847188E+00 1.18847478E+00 1.18847809E+00 1.18848185E+00 1.18848612E+00 1.18849091E+00 1.18849626E+00 1.18850224E+00 1.18850893E+00 1.18851637E+00 1.18852457E+00 1.18853360E+00 1.18854358E+00 1.18855451E+00 1.18856639E+00 1.18857928E+00 1.18859326E+00 1.18860828E+00 1.18862427E+00 1.18864130E+00 1.18865938E+00 1.18867839E+00 1.18869814E+00 1.18871848E+00 1.18873917E+00 1.18875998E+00 1.18878049E+00 1.18880046E+00 1.18881914E+00 1.18883580E+00 1.18884949E+00 1.18885961E+00 1.18886472E+00 1.18886376E+00 1.18885472E+00 1.18883609E+00 1.18880522E+00 1.18876014E+00 1.18869648E+00 1.18861178E+00 1.18850198E+00 1.18836378E+00 1.18819070E+00 1.18797884E+00 1.18772005E+00 1.18740814E+00 1.18703167E+00 1.18658387E+00 1.18605344E+00 1.18543382E+00 1.18470879E+00 1.18386799E+00 1.18289210E+00 1.18176668E+00 1.18046510E+00 1.17898033E+00 1.17729621E+00 1.17538566E+00 1.17320272E+00 1.17073748E+00 1.16796410E+00 1.16485148E+00 1.16138111E+00 1.15752354E+00 1.15366326E+00 1.14940507E+00 1.14524600E+00 1.14073245E+00 1.13643372E+00 1.13185149E+00 1.12756435E+00 1.12296792E+00 1.11858037E+00 1.11398100E+00 1.10975727E+00 1.10531862E+00 1.10118932E+00 1.09691856E+00 1.09303845E+00 1.08900527E+00 1.08527439E+00 1.08140923E+00 1.07788455E+00 1.07428103E+00 1.07103738E+00 1.06771059E+00 1.06444179E+00 1.06107179E+00 1.05760145E+00 1.05406990E+00 1.05048640E+00 1.04679058E+00 1.04296074E+00 1.03906185E+00 1.03509206E+00 1.03092387E+00 1.02653916E+00 1.02215393E+00 1.01786006E+00 1.01326224E+00 1.00736994E+00 1.00000000E+00
1.21257188E+00 1.21257976E+00 1.21258565E+00 1.21258920E+00 1.21259139E+00 1.21259313E+00 1.21259451E+00 1.21259558E+00 1.21259630E+00 1.21259681E+00 1.21259721E+00 1.21259762E+00 1.21259806E+00 1.21259858E+00 1.21259919E+00 1.21259995E+00 1.21260089E+00 1.21260206E+00 1.21260347E+00 1.21260517E+00 1.21260717E+00 1.21260952E+00 1.21261227E+00 1.21261547E+00 1.21261915E+00 1.21262336E+00 1.21262814E+00 1.21263361E+00 1.21263976E+00 1.21264666E+00 1.21265438E+00 1.21266307E+00 1.21267277E+00 1.21268350E+00 1.21269537E+00 1.21270856E+00 1.21272307E+00 1.21273892E+00 1.21275622E+00 1.21277511E+00 1.21279555E+00 1.21281752E+00 1.21284112E+00 1.21286646E+00 1.21289344E+00 1.21292190E+00 1.21295172E+00 1.21298270E+00 1.21301469E+00 1.21304736E+00 1.21308043E+00 1.21311306E+00 1.21314462E+00 1.21317436E+00 1.21320167E+00 1.21322505E+00 1.21324328E+00 1.21325411E+00 1.21325617E+00 1.21324679E+00 1.21322362E+00 1.21318153E+00 1.21311830E+00 1.21303037E+00 1.21291392E+00 1.21276155E+00 1.21256882E+00 1.21232647E+00 1.21202795E+00 1.21166049E+00 1.21121582E+00 1.21068123E+00 1.21005129E+00 1.20930931E+00 1.20844197E+00 1.20742537E+00 1.20624137E+00 1.20485958E+00 1.20327952E+00 1.20148719E+00 1.19944118E+00 1.19708231E+00 1.19440816E+00 1.19139410E+00 1.18799697E+00 1.18418936E+00 1.17994885E+00 1.17570373E+00 1.17099759E+00 1.16637253E+00 1.16134899E+00 1.15656781E+00 1.15146208E+00 1.14667181E+00 1.14152013E+00 1.13658854E+00 1.13141216E+00 1.12665526E+00 1.12164827E+00 1.11698027E+00 1.11214546E+00 1.10774844E+00 1.10317202E+00 1.09893143E+00 1.09453100E+00 1.09051121E+00 1.08639363E+00 1.08268038E+00 1.07886767E+00 1.07511805E+00 1.07124996E+00 1.06726038E+00 1.06318768E+00 1.05904375E+00 1.05476797E+00 1.05033109E+00 1.04579592E+00 1.04116637E+00 1.03631576E+00 1.03120592E+00 1.02604913E+00 1.02095019E+00 1.01548463E+00 1.00856458E+00 1.00000000E+00
1.23292465E+00 1.23293426E+00 1.23294210E+00 1.23294869E+00 1.23295394E+00 1.23295806E+00 1.23296125E+00 1.23296382E+00 1.23296587E+00 1.23296755E+00 1.23296893E+00 1.23297014E+00 1.23297124E+00 1.23297234E+00 1.23297346E+00 1.23297469E+00 1.23297608E+00 1.23297770E+00 1.23297958E+00 1.23298178E+00 1.23298432E+00 1.23298728E+00 1.23299072E+00 1.23299472E+00 1.23299932E+00 1.23300457E+00 1.23301055E+00 1.23301740E+00 1.23302512E+00 1.23303379E+00 1.23304352E+00 1.23305452E+00 1.23306682E+00 1.23308049E+00 1.23309566E+00 1.23311259E+00 1.23313128E+00 1.23315179E+00 1.23317426E+00 1.23319893E+00 1.23322579E+00 1.23325487E+00 1.23328631E+00 1.23332032E+00 1.23335685E+00 1.23339582E+00 1.23343710E+00 1.23348057E+00 1.23352623E+00 1.23357384E+00 1.23362301E+00 1.23367276E+00 1.23372277E+00 1.23377271E+00 1.23382186E+00 1.23386856E+00 1.23391136E+00 1.23394772E+00 1.23397657E+00 1.23399536E+00 1.23400123E+00 1.23398822E+00 1.23395466E+00 1.23389782E+00 1.23381312E+00 1.23369201E+00 1.23352942E+00 1.23331492E+00 1.23304185E+00 1.23269629E+00 1.23226815E+00 1.23174327E+00 1.23111781E+00 1.23037501E+00 1.22949784E+00 1.22845713E+00 1.22723157E+00 1.22578786E+00 1.22413269E+00 1.22225423E+00 1.22009554E+00 1.21758408E+00 1.21472617E+00 1.21149934E+00 1.20784904E+00 1.20374052E+00 1.19915765E+00 1.19456772E+00 1.18946037E+00 1.18442002E+00 1.17894346E+00 1.17373478E+00 1.16816432E+00 1.16292612E+00 1.15728384E+00 1.15187590E+00 1.14619309E+00 1.14096713E+00 1.13546217E+00 1.13032378E+00 1.12499545E+00 1.12014552E+00 1.11509602E+00 1.11041545E+00 1.10555470E+00 1.10110929E+00 1.09654885E+00 1.09243023E+00 1.08819906E+00 1.08403786E+00 1.07974561E+00 1.07531486E+00 1.07078194E+00 1.06616157E+00 1.06139447E+00 1.05644557E+00 1.05137449E+00 1.04618893E+00 1.04076428E+00 1.03504918E+00 1.02925362E+00 1.02348914E+00 1.01730493E+00 1.00953993E+00 1.00000000E+00
1.12424104E+00 1.12424222E+00 1.12424016E+00 1.12423696E+00 1.12423413E+00 1.12423270E+00 1.12423215E+00 1.12423188E+00 1.12423159E+00 1.12423113E+00 1.12423070E+00 1.12423043E+00 1.12423033E+00 1.12423038E+00 1.12423055E+00 1.12423080E+00 1.12423116E+00 1.12423164E+00 1.12423225E+00 1.12423300E+00 1.12423389E+00 1.12423494E+00 1.12423615E+00 1.12423755E+00 1.12423915E+00 1.12424097E+00 1.12424303E+00 1.12424535E+00 1.12424794E+00 1.12425084E+00 1.12425405E+00 1.12425761E+00 1.12426153E+00 1.12426582E+00 1.12427050E+00 1.12427559E+00 1.12428108E+00 1.12428696E+00 1.12429323E+00 1.12429987E+00 1.12430684E+00 1.12431406E+00 1.12432148E+00 1.12432898E+00 1.12433645E+00 1.12434368E+00 1.12435050E+00 1.12435659E+00 1.12436169E+00 1.12436535E+00 1.12436719E+00 1.12436652E+00 1.12436279E+00 1.12435509E+00 1.12434268E+00 1.12432423E+00 1.12429878E+00 1.12426454E+00 1.12422021E+00 1.12416340E+00 1.12409246E+00 1.12400421E+00 1.12389647E+00 1.12376532E+00 1.12360791E+00 1.12341909E+00 1.12319547E+00 1.12293059E+00 1.12262001E+00 1.12225588E+00 1.12183284E+00 1.12134123E+00 1.12077464E+00 1.12012136E+00 1.11937391E+00 1.11851824E+00 1.11754584E+00 1.11643988E+00 1.11518939E+00 1.11377721E+00 1.11219159E+00 1.11040971E+00 1.10841840E+00 1.10619513E+00 1.10372478E+00 1.10100557E+00 1.09800248E+00 1.09501184E+00 1.09175630E+00 1.08863668E+00 1.08528154E+00 1.08210745E+00 1.07873431E+00 1.07557936E+00 1.07225631E+00 1.06916685E+00 1.06593929E+00 1.06296949E+00 1.05988721E+00 1.05706577E+00 1.05415399E+00 1.05150285E+00 1.04878082E+00 1.04631410E+00 1.04379356E+00 1.04152016E+00 1.03920285E+00 1.03711667E+00 1.03499887E+00 1.03295443E+00 1.03088485E+00 1.02878794E+00 1.02666533E+00 1.02452514E+00 1.02236719E+00 1.02018880E+00 1.01800179E+00 1.01583052E+00 1.01365521E+00 1.01145261E+00 1.00929992E+00 1.00738110E+00 1.00557210E+00 1.00319169E+00 1.00000000E+00
1.13498243E+00 1.13499166E+00 1.13500459E+00 1.13501677E+00 1.13502395E+00 1.13502310E+00 1.13501700E+00 1.13501050E+00 1.13500631E+00 1.13500586E+00 1.13500714E+00 1.13500784E+00 1.13500746E+00 1.13500620E+00 1.13500497E+00 1.13500445E+00 1.13500447E+00 1.13500475E+00 1.13500513E+00 1.13500557E+00 1.13500619E+00 1.13500707E+00 1.13500820E+00 1.13500958E+00 1.13501120E+00 1.13501309E+00 1.13501525E+00 1.13501773E+00 1.13502054E+00 1.13502369E+00 1.13502720E+00 1.13503112E+00 1.13503545E+00 1.13504021E+00 1.13504543E+00 1.13505111E+00 1.13505728E+00 1.13506391E+00 1.13507102E+00 1.13507858E+00 1.13508657E+00 1.13509491E+00 1.13510355E+00 1.13511240E+00 1.13512135E+00 1.13513018E+00 1.13513874E+00 1.13514671E+00 1.13515384E+00 1.13515966E+00 1.13516385E+00 1.13516569E+00 1.13516461E+00 1.13515968E+00 1.13515019E+00 1.13513480E+00 1.13511254E+00 1.13508159E+00 1.13504061E+00 1.13498716E+00 1.13491956E+00 1.13483450E+00 1.13472970E+00 1.13460119E+00 1.13444608E+00 1.13425902E+00 1.13403659E+00 1.13377202E+00 1.13346057E+00 1.13309390E+00 1.13266658E+00 1.13216862E+00 1.13159340E+00 1.13092812E+00 1.13016510E+00 1.12928974E+00 1.12829323E+00 1.12715709E+00 1.12586931E+00 1.12441204E+00 1.12277335E+00 1.12092762E+00 1.11886045E+00 1.11654792E+00 1.11397487E+00 1.11113796E+00 1.10799984E+00 1.10486742E+00 1.10145270E+00 1.09817435E+00 1.09464204E+00 1.09129361E+00 1.08773448E+00 1.08440825E+00 1.08089456E+00 1.07760939E+00 1.07417634E+00 1.07102174E+00 1.06774087E+00 1.06472805E+00 1.06161778E+00 1.05878758E+00 1.05587543E+00 1.05322715E+00 1.05051377E+00 1.04805896E+00 1.04555553E+00 1.04330480E+00 1.04101483E+00 1.03879611E+00 1.03653616E+00 1.03423316E+00 1.03190506E+00 1.02956076E+00 1.02717119E+00 1.02473352E+00 1.02228816E+00 1.01984470E+00 1.01731835E+00 1.01470351E+00 1.01215841E+00 1.00979627E+00 1.00735913E+00 1.00414620E+00 1.00000000E+00
1.15742750E+00 1.15743286E+00 1.15743759E+00 1.15743850E+00 1.15743691E+00 1.15743477E+00 1.15743320E+00 1.15743262E+00 1.15743241E+00 1.15743204E+00 1.15743156E+00 1.15743111E+00 1.15743084E+00 1.15743080E+00 1.15743094E+00 1.15743121E+00 1.15743163E+00 1.15743222E+00 1.15743299E+00 1.15743396E+00 1.15743513E+00 1.15743653E+00 1.15743816E+00 1.15744006E+00 1.15744224E+00 1.15744472E+00 1.15744754E+00 1.15745073E+00 1.15745430E+00 1.15745830E+00 1.15746275E+00 1.15746771E+00 1.15747319E+00 1.15747921E+00 1.15748582E+00 1.15749305E+00 1.15750091E+00 1.15750941E+00 1.15751855E+00 1.15752835E+00 1.15753876E+00 1.15754973E+00 1.15756124E+00 1.15757321E+00 1.15758551E+00 1.15759794E+00 1.15761034E+00 1.15762242E+00 1.15763390E+00 1.15764433E+00 1.15765338E+00 1.15766030E+00 1.15766445E+00 1.15766489E+00 1.15766091E+00 1.15765108E+00 1.15763439E+00 1.15760890E+00 1.15757316E+00 1.15752455E+00 1.15746129E+00 1.15737972E+00 1.15727741E+00 1.15715018E+00 1.15699492E+00 1.15680580E+00 1.15657911E+00 1.15630737E+00 1.15598531E+00 1.15560365E+00 1.15515650E+00 1.15463306E+00 1.15402611E+00 1.15332125E+00 1.15251005E+00 1.15157618E+00 1.15050944E+00 1.14928859E+00 1.14790119E+00 1.14632819E+00 1.14455437E+00 1.14254864E+00 1.14029637E+00 1.13777154E+00 1.13495452E+00 1.13183773E+00 1.12838167E+00 1.12492427E+00 1.12113948E+00 1.11748645E+00 1.11354118E+00 1.10979510E+00 1.10580441E+00 1.10206532E+00 1.09809065E+00 1.09434947E+00 1.09043758E+00 1.08684004E+00 1.08307881E+00 1.07960508E+00 1.07601450E+00 1.07274645E+00 1.06936658E+00 1.06627147E+00 1.06308383E+00 1.06018784E+00 1.05723008E+00 1.05456860E+00 1.05184833E+00 1.04919412E+00 1.04647275E+00 1.04368597E+00 1.04086119E+00 1.03800310E+00 1.03506629E+00 1.03204626E+00 1.02899570E+00 1.02591740E+00 1.02270938E+00 1.01936186E+00 1.01604115E+00 1.01284568E+00 1.00949822E+00 1.00526472E+00 1.00000000E+00
1.18202328E+00 1.18202444E+00 1.18202574E+00 1.18202703E+00 1.18202772E+00 1.18202771E+00 1.18202732E+00 1.18202693E+00 1.18202662E+00 1.18202640E+00 1.18202623E+00 1.18202615E+00 1.18202617E+00 1.18202634E+00 1.18202666E+00 1.18202715E+00 1.18202782E+00 1.18202868E+00 1.18202976E+00 1.18203107E+00 1.18203263E+00 1.18203446E+00 1.18203660E+00 1.18203908E+00 1.18204191E+00 1.18204515E+00 1.18204881E+00 1.18205296E+00 1.18205762E+00 1.18206284E+00 1.18206866E+00 1.18207516E+00 1.18208237E+00 1.18209032E+00 1.18209907E+00 1.18210870E+00 1.18211921E+00 1.18213064E+00 1.18214300E+00 1.18215636E+00 1.18217067E+00 1.18218591E+00 1.18220208E+00 1.18221913E+00 1.18223696E+00 1.18225537E+00 1.18227421E+00 1.18229321E+00 1.18231212E+00 1.18233047E+00 1.18234795E+00 1.18236376E+00 1.18237723E+00 1.18238744E+00 1.18239365E+00 1.18239433E+00 1.18238839E+00 1.18237372E+00 1.18234875E+00 1.18231066E+00 1.18225749E+00 1.18218510E+00 1.18209095E+00 1.18197069E+00 1.18182080E+00 1.18163468E+00 1.18140821E+00 1.18113288E+00 1.18080285E+00 1.18040769E+00 1.17994064E+00 1.17938965E+00 1.17874706E+00 1.17799668E+00 1.17712854E+00 1.17612345E+00 1.17496917E+00 1.17364130E+00 1.17212832E+00 1.17040959E+00 1.16846304E+00 1.16625039E+00 1.16375879E+00 1.16095932E+00 1.15782508E+00 1.15434368E+00 1.15047453E+00 1.14659699E+00 1.14233374E+00 1.13819975E+00 1.13372975E+00 1.12948210E+00 1.12494567E+00 1.12068444E+00 1.11613853E+00 1.11184397E+00 1.10734896E+00 1.10321150E+00 1.09887407E+00 1.09485572E+00 1.09069759E+00 1.08691058E+00 1.08298420E+00 1.07937634E+00 1.07565120E+00 1.07225962E+00 1.06879038E+00 1.06566419E+00 1.06246282E+00 1.05933081E+00 1.05611341E+00 1.05281154E+00 1.04945432E+00 1.04604682E+00 1.04254033E+00 1.03892491E+00 1.03525417E+00 1.03153276E+00 1.02766025E+00 1.02361468E+00 1.01955362E+00 1.01558053E+00 1.01141716E+00 1.00627531E+00 1.00000000E+00
1.20500581E+00 1.20501277E+00 1.20501771E+00 1.20502093E+00 1.20502300E+00 1.20502453E+00 1.20502562E+00 1.20502641E+00 1.20502693E+00 1.20502731E+00 1.20502761E+00 1.20502793E+00 1.20502830E+00 1.20502878E+00 1.20502937E+00 1.20503013E+00 1.20503108E+00 1.20503226E+00 1.20503368E+00 1.20503539E+00 1.20503741E+00 1.20503978E+00 1.20504254E+00 1.20504574E+00 1.20504941E+00 1.20505359E+00 1.20505835E+00 1.20506375E+00 1.20506982E+00 1.20507664E+00 1.20508427E+00 1.20509283E+00 1.20510233E+00 1.20511287E+00 1.20512450E+00 1.20513734E+00 1.20515144E+00 1.20516684E+00 1.20518359E+00 1.20520179E+00 1.20522144E+00 1.20524255E+00 1.20526514E+00 1.20528924E+00 1.20531473E+00 1.20534147E+00 1.20536934E+00 1.20539807E+00 1.20542747E+00 1.20545709E+00 1.20548660E+00 1.20551513E+00 1.20554208E+00 1.20556660E+00 1.20558788E+00 1.20560421E+00 1.20561443E+00 1.20561617E+00 1.20560783E+00 1.20558639E+00 1.20554960E+00 1.20549279E+00 1.20541338E+00 1.20530689E+00 1.20516924E+00 1.20499279E+00 1.20477290E+00 1.20449987E+00 1.20416734E+00 1.20376360E+00 1.20328070E+00 1.20270510E+00 1.20202884E+00 1.20123395E+00 1.20030822E+00 1.19922898E+00 1.19798192E+00 1.19653960E+00 1.19489202E+00 1.19301666E+00 1.19088293E+00 1.18844513E+00 1.18569352E+00 1.18259656E+00 1.17911959E+00 1.17524688E+00 1.17093708E+00 1.16661430E+00 1.16184818E+00 1.15721420E+00 1.15220293E+00 1.14744131E+00 1.14234793E+00 1.13755603E+00 1.13243826E+00 1.12759774E+00 1.12252724E+00 1.11785777E+00 1.11295898E+00 1.10841533E+00 1.10371018E+00 1.09942299E+00 1.09497551E+00 1.09088500E+00 1.08665790E+00 1.08280569E+00 1.07886082E+00 1.07530199E+00 1.07165570E+00 1.06808661E+00 1.06442026E+00 1.06065474E+00 1.05681775E+00 1.05291638E+00 1.04890335E+00 1.04476350E+00 1.04054758E+00 1.03626329E+00 1.03181632E+00 1.02717451E+00 1.02248471E+00 1.01785637E+00 1.01301201E+00 1.00711565E+00 1.00000000E+00
1.22527119E+00 1.22527954E+00 1.22528607E+00 1.22529135E+00 1.22529544E+00 1.22529862E+00 1.22530103E+00 1.22530293E+00 1.22530441E+00 1.22530565E+00 1.22530670E+00 1.22530766E+00 1.22530859E+00 1.22530957E+00 1.22531063E+00 1.22531185E+00 1.22531325E+00 1.22531491E+00 1.22531685E+00 1.22531912E+00 1.22532176E+00 1.22532484E+00 1.22532840E+00 1.22533252E+00 1.22533723E+00 1.22534261E+00 1.22534872E+00 1.22535567E+00 1.22536349E+00 1.22537230E+00 1.22538216E+00 1.22539324E+00 1.22540560E+00 1.22541933E+00 1.22543452E+00 1.22545135E+00 1.22546989E+00 1.22549021E+00 1.22551240E+00 1.22553665E+00 1.22556296E+00 1.22559139E+00 1.22562202E+00 1.22565491E+00 1.22569000E+00 1.22572721E+00 1.22576642E+00 1.22580742E+00 1.22585007E+00 1.22589397E+00 1.22593871E+00 1.22598339E+00 1.22602753E+00 1.22607044E+00 1.22611113E+00 1.22614768E+00 1.22617880E+00 1.22620188E+00 1.22621534E+00 1.22621594E+00 1.22620112E+00 1.22616563E+00 1.22610688E+00 1.22602031E+00 1.22590109E+00 1.22574042E+00 1.22553305E+00 1.22526799E+00 1.22493846E+00 1.22453142E+00 1.22403753E+00 1.22344165E+00 1.22273563E+00 1.22189977E+00 1.22091929E+00 1.21976786E+00 1.21842932E+00 1.21687362E+00 1.21509244E+00 1.21306128E+00 1.21074089E+00 1.20807870E+00 1.20506883E+00 1.20167786E+00 1.19786401E+00 1.19360952E+00 1.18887253E+00 1.18412103E+00 1.17887464E+00 1.17376708E+00 1.16824575E+00 1.16300249E+00 1.15738967E+00 1.15210452E+00 1.14646041E+00 1.14112268E+00 1.13552857E+00 1.13037570E+00 1.12497053E+00 1.11995633E+00 1.11476179E+00 1.11002737E+00 1.10511696E+00 1.10060127E+00 1.09593424E+00 1.09167963E+00 1.08731946E+00 1.08338283E+00 1.07934935E+00 1.07540217E+00 1.07134967E+00 1.06718693E+00 1.06293920E+00 1.05861557E+00 1.05417163E+00 1.04958821E+00 1.04491228E+00 1.04015403E+00 1.03522586E+00 1.03008849E+00 1.02487875E+00 1.01970996E+00 1.01430598E+00 1.00779526E+00 1.00000000E+00
1.12579579E+00 1.12579689E+00 1.12579457E+00 1.12579134E+00 1.12578873E+00 1.12578767E+00 1.12578747E+00 1.12578740E+00 1.12578719E+00 1.12578679E+00 1.12578641E+00 1.12578623E+00 1.12578622E+00 1.12578634E+00 1.12578657E+00 1.12578687E+00 1.12578728E+00 1.12578780E+00 1.12578845E+00 1.12578924E+00 1.12579017E+00 1.12579126E+00 1.12579251E+00 1.12579395E+00 1.12579559E+00 1.12579745E+00 1.12579955E+00 1.12580191E+00 1.12580455E+00 1.12580749E+00 1.12581075E+00 1.12581435E+00 1.12581831E+00 1.12582265E+00 1.12582738E+00 1.12583251E+00 1.12583804E+00 1.12584396E+00 1.12585026E+00 1.12585692E+00 1.12586389E+00 1.12587111E+00 1.12587852E+00 1.12588598E+00 1.12589338E+00 1.12590052E+00 1.12590720E+00 1.12591312E+00 1.12591802E+00 1.12592139E+00 1.12592289E+00 1.12592180E+00 1.12591756E+00 1.12590926E+00 1.12589613E+00 1.12587683E+00 1.12585038E+00 1.12581498E+00 1.12576929E+00 1.12571093E+00 1.12563820E+00 1.12554792E+00 1.12543787E+00 1.12530410E+00 1.12514374E+00 1.12495162E+00 1.12472429E+00 1.12445527E+00 1.12414010E+00 1.12377092E+00 1.12334235E+00 1.12284468E+00 1.12227143E+00 1.12161094E+00 1.12085569E+00 1.11999161E+00 1.11901012E+00 1.11789446E+00 1.11663374E+00 1.11521074E+00 1.11361354E+00 1.11181952E+00 1.10981567E+00 1.10757943E+00 1.10509557E+00 1.10236231E+00 1.09934447E+00 1.09634059E+00 1.09307113E+00 1.08993845E+00 1.08656994E+00 1.08338450E+00 1.07999929E+00 1.07683157E+00 1.07349445E+00 1.07039363E+00 1.06715447E+00 1.06417263E+00 1.06107685E+00 1.05824220E+00 1.05531574E+00 1.05265065E+00 1.04991334E+00 1.04743173E+00 1.04489437E+00 1.04260411E+00 1.04026841E+00 1.03816490E+00 1.03602818E+00 1.03396303E+00 1.03187022E+00 1.02974825E+00 1.02759809E+00 1.02542600E+00 1.02323226E+00 1.02101504E+00 1.01878243E+00 1.01655349E+00 1.01431600E+00 1.01204895E+00 1.00980849E+00 1.00775797E+00 1.00579892E+00 1.00329020E+00 1.00000000E+00
1.13384679E+00 1.13384470E+00 1.13384394E+00 1.13384390E+00 1.13384416E+00 1.13384419E+00 1.13384384E+00 1.13384302E+00 1.13384198E+00 1.13384109E+00 1.13384048E+00 1.13384019E+00 1.13384007E+00 1.13384003E+00 1.13384005E+00 1.13384018E+00 1.13384046E+00 1.13384091E+00 1.13384152E+00 1.13384229E+00 1.13384321E+00 1.13384432E+00 1.13384562E+00 1.13384714E+00 1.13384887E+00 1.13385086E+00 1.13385310E+00 1.13385564E+00 1.13385848E+00 1.13386165E+00 1.13386518E+00 1.13386909E+00 1.13387339E+00 1.13387812E+00 1.13388327E+00 1.13388888E+00 1.13389495E+00 1.13390146E+00 1.13390842E+00 1.13391581E+00 1.13392359E+00 1.13393169E+00 1.13394006E+00 1.13394858E+00 1.13395714E+00 1.13396554E+00 1.13397359E+00 1.13398099E+00 1.13398747E+00 1.13399255E+00 1.13399588E+00 1.13399674E+00 1.13399456E+00 1.13398842E+00 1.13397756E+00 1.13396063E+00 1.13393665E+00 1.13390378E+00 1.13386065E+00 1.13380483E+00 1.13373460E+00 1.13364667E+00 1.13353877E+00 1.13340690E+00 1.13324812E+00 1.13305709E+00 1.13283034E+00 1.13256110E+00 1.13224471E+00 1.13187300E+00 1.13144046E+00 1.13093707E+00 1.13035611E+00 1.12968519E+00 1.12891665E+00 1.12803584E+00 1.12703395E+00 1.12589297E+00 1.12460121E+00 1.12314084E+00 1.12149975E+00 1.11965330E+00 1.11758768E+00 1.11527940E+00 1.11271281E+00 1.10988475E+00 1.10675829E+00 1.10364111E+00 1.10024500E+00 1.09698658E+00 1.09347889E+00 1.09015809E+00 1.08662772E+00 1.08332397E+00 1.07983669E+00 1.07658604E+00 1.07319055E+00 1.07006684E+00 1.06681891E+00 1.06383912E+00 1.06076211E+00 1.05796064E+00 1.05507894E+00 1.05246089E+00 1.04977930E+00 1.04735426E+00 1.04488034E+00 1.04265430E+00 1.04038909E+00 1.03819487E+00 1.03596146E+00 1.03368849E+00 1.03138782E+00 1.02906535E+00 1.02670035E+00 1.02429327E+00 1.02187176E+00 1.01944649E+00 1.01695455E+00 1.01438427E+00 1.01184907E+00 1.00946635E+00 1.00704343E+00 1.00394248E+00 1.00000000E+00
1.15146207E+00 1.15146634E+00 1.15146940E+00 1.15147051E+00 1.15147023E+00 1.15146954E+00 1.15146894E+00 1.15146869E+00 1.15146854E+00 1.15146833E+00 1.15146806E+00 1.15146784E+00 1.15146774E+00 1.15146780E+00 1.15146800E+00 1.15146832E+00 1.15146878E+00 1.15146940E+00 1.15147018E+00 1.15147115E+00 1.15147230E+00 1.15147366E+00 1.15147525E+00 1.15147708E+00 1.15147919E+00 1.15148158E+00 1.15148429E+00 1.15148735E+00 1.15149077E+00 1.15149460E+00 1.15149886E+00 1.15150359E+00 1.15150881E+00 1.15151455E+00 1.15152082E+00 1.15152768E+00 1.15153512E+00 1.15154315E+00 1.15155176E+00 1.15156097E+00 1.15157072E+00 1.15158097E+00 1.15159167E+00 1.15160272E+00 1.15161400E+00 1.15162531E+00 1.15163648E+00 1.15164719E+00 1.15165718E+00 1.15166596E+00 1.15167318E+00 1.15167807E+00 1.15168004E+00 1.15167813E+00 1.15167158E+00 1.15165896E+00 1.15163922E+00 1.15161041E+00 1.15157108E+00 1.15151863E+00 1.15145124E+00 1.15136533E+00 1.15125851E+00 1.15112655E+00 1.15096629E+00 1.15077192E+00 1.15053973E+00 1.15026233E+00 1.14993464E+00 1.14954774E+00 1.14909568E+00 1.14856759E+00 1.14795620E+00 1.14724781E+00 1.14643413E+00 1.14549893E+00 1.14443237E+00 1.14321430E+00 1.14183233E+00 1.14026718E+00 1.13850444E+00 1.13651569E+00 1.13428651E+00 1.13179104E+00 1.12901026E+00 1.12593827E+00 1.12253528E+00 1.11913574E+00 1.11542106E+00 1.11184492E+00 1.10798872E+00 1.10433262E+00 1.10043748E+00 1.09678499E+00 1.09291355E+00 1.08928929E+00 1.08550195E+00 1.08201423E+00 1.07837404E+00 1.07502159E+00 1.07155620E+00 1.06839939E+00 1.06513984E+00 1.06216521E+00 1.05910740E+00 1.05633381E+00 1.05350111E+00 1.05095012E+00 1.04834526E+00 1.04581038E+00 1.04321813E+00 1.04057060E+00 1.03788636E+00 1.03516827E+00 1.03238386E+00 1.02953361E+00 1.02665431E+00 1.02375188E+00 1.02075051E+00 1.01763730E+00 1.01453224E+00 1.01154220E+00 1.00847085E+00 1.00467490E+00 1.00000000E+00
1.17140297E+00 1.17140580E+00 1.17140796E+00 1.17140948E+00 1.17141028E+00 1.17141056E+00 1.17141053E+00 1.17141046E+00 1.17141036E+00 1.17141029E+00 1.17141025E+00 1.17141027E+00 1.17141038E+00 1.17141062E+00 1.17141098E+00 1.17141150E+00 1.17141217E+00 1.17141302E+00 1.17141406E+00 1.17141532E+00 1.17141680E+00 1.17141855E+00 1.17142057E+00 1.17142290E+00 1.17142556E+00 1.17142859E+00 1.17143202E+00 1.17143590E+00 1.17144025E+00 1.17144512E+00 1.17145054E+00 1.17145659E+00 1.17146328E+00 1.17147066E+00 1.17147877E+00 1.17148766E+00 1.17149735E+00 1.17150787E+00 1.17151922E+00 1.17153144E+00 1.17154450E+00 1.17155837E+00 1.17157301E+00 1.17158835E+00 1.17160429E+00 1.17162062E+00 1.17163718E+00 1.17165367E+00 1.17166983E+00 1.17168516E+00 1.17169931E+00 1.17171145E+00 1.17172098E+00 1.17172693E+00 1.17172848E+00 1.17172406E+00 1.17171258E+00 1.17169190E+00 1.17166043E+00 1.17161536E+00 1.17155470E+00 1.17147447E+00 1.17137209E+00 1.17124304E+00 1.17108376E+00 1.17088773E+00 1.17065082E+00 1.17036473E+00 1.17002382E+00 1.16961814E+00 1.16914094E+00 1.16858009E+00 1.16792766E+00 1.16716826E+00 1.16629231E+00 1.16528120E+00 1.16412355E+00 1.16279657E+00 1.16128761E+00 1.15957533E+00 1.15764065E+00 1.15545034E+00 1.15299036E+00 1.15023154E+00 1.14714969E+00 1.14373665E+00 1.13994977E+00 1.13616178E+00 1.13201131E+00 1.12800531E+00 1.12368304E+00 1.11958260E+00 1.11520580E+00 1.11109582E+00 1.10673121E+00 1.10263657E+00 1.09835562E+00 1.09441129E+00 1.09028771E+00 1.08648298E+00 1.08254791E+00 1.07896201E+00 1.07525348E+00 1.07186232E+00 1.06837132E+00 1.06520083E+00 1.06196008E+00 1.05903925E+00 1.05605325E+00 1.05314257E+00 1.05016296E+00 1.04711605E+00 1.04402129E+00 1.04088171E+00 1.03766343E+00 1.03436394E+00 1.03102036E+00 1.02763924E+00 1.02414794E+00 1.02052780E+00 1.01689032E+00 1.01334425E+00 1.00970560E+00 1.00531275E+00 1.00000000E+00
1.19059964E+00 1.19060482E+00 1.19060825E+00 1.19061059E+00 1.19061212E+00 1.19061319E+00 1.19061385E+00 1.19061427E+00 1.19061451E+00 1.19061469E+00 1.19061485E+00 1.19061507E+00 1.19061536E+00 1.19061577E+00 1.19061631E+00 1.19061703E+00 1.19061792E+00 1.19061904E+00 1.19062038E+00 1.19062200E+00 1.19062390E+00 1.19062613E+00 1.19062872E+00 1.19063171E+00 1.19063513E+00 1.19063903E+00 1.19064346E+00 1.19064847E+00 1.19065410E+00 1.19066043E+00 1.19066749E+00 1.19067539E+00 1.19068415E+00 1.19069386E+00 1.19070455E+00 1.19071632E+00 1.19072922E+00 1.19074327E+00 1.19075853E+00 1.19077506E+00 1.19079285E+00 1.19081190E+00 1.19083220E+00 1.19085370E+00 1.19087631E+00 1.19089987E+00 1.19092421E+00 1.19094905E+00 1.19097413E+00 1.19099897E+00 1.19102317E+00 1.19104586E+00 1.19106642E+00 1.19108389E+00 1.19109736E+00 1.19110506E+00 1.19110579E+00 1.19109717E+00 1.19107750E+00 1.19104367E+00 1.19099344E+00 1.19092233E+00 1.19082754E+00 1.19070417E+00 1.19054811E+00 1.19035185E+00 1.19011076E+00 1.18981537E+00 1.18945943E+00 1.18903173E+00 1.18852443E+00 1.18792387E+00 1.18722145E+00 1.18639989E+00 1.18544785E+00 1.18434395E+00 1.18307517E+00 1.18161604E+00 1.17995397E+00 1.17806529E+00 1.17592540E+00 1.17349641E+00 1.17076556E+00 1.16770067E+00 1.16427243E+00 1.16047200E+00 1.15625419E+00 1.15203539E+00 1.14740770E+00 1.14293746E+00 1.13811713E+00 1.13354661E+00 1.12866487E+00 1.12407921E+00 1.11920999E+00 1.11464124E+00 1.10986414E+00 1.10546334E+00 1.10086281E+00 1.09661670E+00 1.09222482E+00 1.08822277E+00 1.08408394E+00 1.08029848E+00 1.07640116E+00 1.07286084E+00 1.06924054E+00 1.06597616E+00 1.06263901E+00 1.05938570E+00 1.05605680E+00 1.05265229E+00 1.04919019E+00 1.04567484E+00 1.04207458E+00 1.03838384E+00 1.03463707E+00 1.03084264E+00 1.02693457E+00 1.02288900E+00 1.01880685E+00 1.01480035E+00 1.01069899E+00 1.00582552E+00 1.00000000E+00
1.20801125E+00 1.20801744E+00 1.20802204E+00 1.20802550E+00 1.20802798E+00 1.20802979E+00 1.20803107E+00 1.20803203E+00 1.20803275E+00 1.20803335E+00 1.20803389E+00 1.20803444E+00 1.20803505E+00 1.20803576E+00 1.20803662E+00 1.20803767E+00 1.20803893E+00 1.20804044E+00 1.20804224E+00 1.20804438E+00 1.20804687E+00 1.20804979E+00 1.20805315E+00 1.20805703E+00 1.20806148E+00 1.20806654E+00 1.20807229E+00 1.20807881E+00 1.20808615E+00 1.20809440E+00 1.20810363E+00 1.20811396E+00 1.20812545E+00 1.20813821E+00 1.20815229E+00 1.20816784E+00 1.20818492E+00 1.20820360E+00 1.20822396E+00 1.20824610E+00 1.20827004E+00 1.20829582E+00 1.20832345E+00 1.20835291E+00 1.20838415E+00 1.20841702E+00 1.20845136E+00 1.20848691E+00 1.20852343E+00 1.20856041E+00 1.20859741E+00 1.20863346E+00 1.20866798E+00 1.20870003E+00 1.20872850E+00 1.20875136E+00 1.20876729E+00 1.20877358E+00 1.20876843E+00 1.20874839E+00 1.20871087E+00 1.20865077E+00 1.20856507E+00 1.20844840E+00 1.20829595E+00 1.20809907E+00 1.20785252E+00 1.20754553E+00 1.20717124E+00 1.20671709E+00 1.20617395E+00 1.20552656E+00 1.20476567E+00 1.20387215E+00 1.20283276E+00 1.20162333E+00 1.20022939E+00 1.19862311E+00 1.19679214E+00 1.19471069E+00 1.19234887E+00 1.18966474E+00 1.18664743E+00 1.18326266E+00 1.17947662E+00 1.17528113E+00 1.17062879E+00 1.16598040E+00 1.16088259E+00 1.15596009E+00 1.15065845E+00 1.14563751E+00 1.14027614E+00 1.13524171E+00 1.12990144E+00 1.12489502E+00 1.11966158E+00 1.11484270E+00 1.10980912E+00 1.10516547E+00 1.10036340E+00 1.09598861E+00 1.09146725E+00 1.08733421E+00 1.08308087E+00 1.07921802E+00 1.07526739E+00 1.07170452E+00 1.06806371E+00 1.06451602E+00 1.06088888E+00 1.05718052E+00 1.05340693E+00 1.04957385E+00 1.04565266E+00 1.04163545E+00 1.03755340E+00 1.03341656E+00 1.02916571E+00 1.02477310E+00 1.02032997E+00 1.01595156E+00 1.01147948E+00 1.00622649E+00 1.00000000E+00
1.12743935E+00 1.12744038E+00 1.12743792E+00 1.12743482E+00 1.12743251E+00 1.12743181E+00 1.12743190E+00 1.12743198E+00 1.12743185E+00 1.12743151E+00 1.12743121E+00 1.12743112E+00 1.12743120E+00 1.12743139E+00 1.12743167E+00 1.12743202E+00 1.12743248E+00 1.12743305E+00 1.12743374E+00 1.12743457E+00 1.12743554E+00 1.12743667E+00 1.12743796E+00 1.12743944E+00 1.12744112E+00 1.12744303E+00 1.12744517E+00 1.12744757E+00 1.12745026E+00 1.12745324E+00 1.12745655E+00 1.12746020E+00 1.12746421E+00 1.12746860E+00 1.12747337E+00 1.12747854E+00 1.12748411E+00 1.12749007E+00 1.12749640E+00 1.12750308E+00 1.12751006E+00 1.12751727E+00 1.12752465E+00 1.12753207E+00 1.12753940E+00 1.12754642E+00 1.12755297E+00 1.12755870E+00 1.12756335E+00 1.12756643E+00 1.12756755E+00 1.12756600E+00 1.12756122E+00 1.12755225E+00 1.12753835E+00 1.12751813E+00 1.12749061E+00 1.12745395E+00 1.12740682E+00 1.12734679E+00 1.12727215E+00 1.12717970E+00 1.12706719E+00 1.12693064E+00 1.12676714E+00 1.12657151E+00 1.12634024E+00 1.12606684E+00 1.12574683E+00 1.12537233E+00 1.12493791E+00 1.12443384E+00 1.12385358E+00 1.12318553E+00 1.12242209E+00 1.12154919E+00 1.12055817E+00 1.11943235E+00 1.11816098E+00 1.11672670E+00 1.11511743E+00 1.11331083E+00 1.11129398E+00 1.10904425E+00 1.10654629E+00 1.10379851E+00 1.10076546E+00 1.09774789E+00 1.09446390E+00 1.09131779E+00 1.08793556E+00 1.08473804E+00 1.08133986E+00 1.07815900E+00 1.07480754E+00 1.07169482E+00 1.06844311E+00 1.06544816E+00 1.06233781E+00 1.05948904E+00 1.05654694E+00 1.05386690E+00 1.05111298E+00 1.04861511E+00 1.04605935E+00 1.04375077E+00 1.04139518E+00 1.03927272E+00 1.03711510E+00 1.03502734E+00 1.03290916E+00 1.03075957E+00 1.02857907E+00 1.02637201E+00 1.02413891E+00 1.02187855E+00 1.01959565E+00 1.01730410E+00 1.01499744E+00 1.01265702E+00 1.01031808E+00 1.00812065E+00 1.00601164E+00 1.00338888E+00 1.00000000E+00
1.13246815E+00 1.13246987E+00 1.13247476E+00 1.13247826E+00 1.13247955E+00 1.13247857E+00 1.13247674E+00 1.13247537E+00 1.13247465E+00 1.13247450E+00 1.13247453E+00 1.13247448E+00 1.13247439E+00 1.13247435E+00 1.13247444E+00 1.13247471E+00 1.13247513E+00 1.13247566E+00 1.13247633E+00 1.13247714E+00 1.13247811E+00 1.13247925E+00 1.13248058E+00 1.13248211E+00 1.13248385E+00 1.13248584E+00 1.13248808E+00 1.13249060E+00 1.13249342E+00 1.13249656E+00 1.13250004E+00 1.13250389E+00 1.13250813E+00 1.13251277E+00 1.13251782E+00 1.13252331E+00 1.13252924E+00 1.13253558E+00 1.13254235E+00 1.13254951E+00 1.13255702E+00 1.13256481E+00 1.13257283E+00 1.13258094E+00 1.13258903E+00 1.13259689E+00 1.13260433E+00 1.13261103E+00 1.13261673E+00 1.13262092E+00 1.13262325E+00 1.13262298E+00 1.13261953E+00 1.13261199E+00 1.13259956E+00 1.13258088E+00 1.13255495E+00 1.13251992E+00 1.13247442E+00 1.13241600E+00 1.13234292E+00 1.13225191E+00 1.13214071E+00 1.13200527E+00 1.13184264E+00 1.13164752E+00 1.13141637E+00 1.13114252E+00 1.13082135E+00 1.13044479E+00 1.13000732E+00 1.12949896E+00 1.12891299E+00 1.12823739E+00 1.12746446E+00 1.12657967E+00 1.12557421E+00 1.12443063E+00 1.12313767E+00 1.12167754E+00 1.12003800E+00 1.11819552E+00 1.11613670E+00 1.11383828E+00 1.11128453E+00 1.10847300E+00 1.10536717E+00 1.10227419E+00 1.09890630E+00 1.09567735E+00 1.09220391E+00 1.08891829E+00 1.08542551E+00 1.08215556E+00 1.07870657E+00 1.07549836E+00 1.07214746E+00 1.06906197E+00 1.06585487E+00 1.06291468E+00 1.05987788E+00 1.05711198E+00 1.05426742E+00 1.05168466E+00 1.04903950E+00 1.04664789E+00 1.04420728E+00 1.04200931E+00 1.03977234E+00 1.03760552E+00 1.03540138E+00 1.03316001E+00 1.03088807E+00 1.02858938E+00 1.02625152E+00 1.02387563E+00 1.02147714E+00 1.01906592E+00 1.01660279E+00 1.01407443E+00 1.01155043E+00 1.00914437E+00 1.00674748E+00 1.00376831E+00 1.00000000E+00
1.14395884E+00 1.14396507E+00 1.14396827E+00 1.14396969E+00 1.14397018E+00 1.14397061E+00 1.14397101E+00 1.14397138E+00 1.14397158E+00 1.14397162E+00 1.14397157E+00 1.14397156E+00 1.14397162E+00 1.14397180E+00 1.14397208E+00 1.14397246E+00 1.14397295E+00 1.14397358E+00 1.14397436E+00 1.14397530E+00 1.14397641E+00 1.14397771E+00 1.14397922E+00 1.14398096E+00 1.14398294E+00 1.14398520E+00 1.14398774E+00 1.14399061E+00 1.14399382E+00 1.14399741E+00 1.14400139E+00 1.14400579E+00 1.14401065E+00 1.14401598E+00 1.14402180E+00 1.14402814E+00 1.14403499E+00 1.14404237E+00 1.14405027E+00 1.14405866E+00 1.14406752E+00 1.14407679E+00 1.14408639E+00 1.14409623E+00 1.14410618E+00 1.14411602E+00 1.14412559E+00 1.14413454E+00 1.14414262E+00 1.14414931E+00 1.14415425E+00 1.14415668E+00 1.14415601E+00 1.14415127E+00 1.14414168E+00 1.14412580E+00 1.14410258E+00 1.14407009E+00 1.14402688E+00 1.14397040E+00 1.14389882E+00 1.14380867E+00 1.14369758E+00 1.14356132E+00 1.14339677E+00 1.14319827E+00 1.14296212E+00 1.14268117E+00 1.14235053E+00 1.14196159E+00 1.14150849E+00 1.14098062E+00 1.14037082E+00 1.13966616E+00 1.13885849E+00 1.13793215E+00 1.13687763E+00 1.13567610E+00 1.13431564E+00 1.13277737E+00 1.13104757E+00 1.12910041E+00 1.12692191E+00 1.12448698E+00 1.12177774E+00 1.11879041E+00 1.11548612E+00 1.11219143E+00 1.10859771E+00 1.10514583E+00 1.10142893E+00 1.09790981E+00 1.09416348E+00 1.09065223E+00 1.08694012E+00 1.08347890E+00 1.07986320E+00 1.07653161E+00 1.07306087E+00 1.06987228E+00 1.06657695E+00 1.06357442E+00 1.06047931E+00 1.05766234E+00 1.05477133E+00 1.05215290E+00 1.04947918E+00 1.04707006E+00 1.04461290E+00 1.04222694E+00 1.03979308E+00 1.03731293E+00 1.03479717E+00 1.03224778E+00 1.02964518E+00 1.02699131E+00 1.02430715E+00 1.02159977E+00 1.01882170E+00 1.01596071E+00 1.01309150E+00 1.01032049E+00 1.00754206E+00 1.00416979E+00 1.00000000E+00
1.15732940E+00 1.15733349E+00 1.15733639E+00 1.15733835E+00 1.15733957E+00 1.15734034E+00 1.15734082E+00 1.15734116E+00 1.15734138E+00 1.15734156E+00 1.15734172E+00 1.15734192E+00 1.15734216E+00 1.15734249E+00 1.15734292E+00 1.15734346E+00 1.15734413E+00 1.15734495E+00 1.15734593E+00 1.15734710E+00 1.15734846E+00 1.15735004E+00 1.15735187E+00 1.15735397E+00 1.15735636E+00 1.15735907E+00 1.15736214E+00 1.15736560E+00 1.15736947E+00 1.15737380E+00 1.15737861E+00 1.15738397E+00 1.15738988E+00 1.15739638E+00 1.15740351E+00 1.15741130E+00 1.15741977E+00 1.15742893E+00 1.15743878E+00 1.15744933E+00 1.15746054E+00 1.15747238E+00 1.15748478E+00 1.15749766E+00 1.15751088E+00 1.15752425E+00 1.15753759E+00 1.15755056E+00 1.15756291E+00 1.15757411E+00 1.15758377E+00 1.15759110E+00 1.15759547E+00 1.15759590E+00 1.15759155E+00 1.15758085E+00 1.15756271E+00 1.15753502E+00 1.15749624E+00 1.15744362E+00 1.15737517E+00 1.15728712E+00 1.15717691E+00 1.15704003E+00 1.15687303E+00 1.15666967E+00 1.15642594E+00 1.15613397E+00 1.15578843E+00 1.15537992E+00 1.15490194E+00 1.15434288E+00 1.15369503E+00 1.15294418E+00 1.15208124E+00 1.15108889E+00 1.14995658E+00 1.14866361E+00 1.14719762E+00 1.14553808E+00 1.14366844E+00 1.14156004E+00 1.13919883E+00 1.13655732E+00 1.13361456E+00 1.13036621E+00 1.12677086E+00 1.12318436E+00 1.11926739E+00 1.11550114E+00 1.11144588E+00 1.10760623E+00 1.10351482E+00 1.09967865E+00 1.09562031E+00 1.09183261E+00 1.08787617E+00 1.08423055E+00 1.08042992E+00 1.07693539E+00 1.07332380E+00 1.07003326E+00 1.06663866E+00 1.06354646E+00 1.06037121E+00 1.05749392E+00 1.05455523E+00 1.05190678E+00 1.04920411E+00 1.04657772E+00 1.04389758E+00 1.04116516E+00 1.03839158E+00 1.03557885E+00 1.03270695E+00 1.02977662E+00 1.02680894E+00 1.02381113E+00 1.02073830E+00 1.01757649E+00 1.01439507E+00 1.01130070E+00 1.00820099E+00 1.00450579E+00 1.00000000E+00
1.17053029E+00 1.17053546E+00 1.17053911E+00 1.17054177E+00 1.17054360E+00 1.17054491E+00 1.17054577E+00 1.17054637E+00 1.17054678E+00 1.17054710E+00 1.17054738E+00 1.17054768E+00 1.17054803E+00 1.17054846E+00 1.17054900E+00 1.17054967E+00 1.17055050E+00 1.17055151E+00 1.17055271E+00 1.17055414E+00 1.17055582E+00 1.17055778E+00 1.17056004E+00 1.17056265E+00 1.17056562E+00 1.17056901E+00 1.17057284E+00 1.17057717E+00 1.17058203E+00 1.17058748E+00 1.17059355E+00 1.17060031E+00 1.17060780E+00 1.17061607E+00 1.17062515E+00 1.17063511E+00 1.17064598E+00 1.17065778E+00 1.17067053E+00 1.17068426E+00 1.17069895E+00 1.17071457E+00 1.17073108E+00 1.17074838E+00 1.17076636E+00 1.17078483E+00 1.17080360E+00 1.17082234E+00 1.17084076E+00 1.17085832E+00 1.17087460E+00 1.17088872E+00 1.17090003E+00 1.17090750E+00 1.17091017E+00 1.17090629E+00 1.17089467E+00 1.17087296E+00 1.17083947E+00 1.17079116E+00 1.17072582E+00 1.17063922E+00 1.17052858E+00 1.17038894E+00 1.17021640E+00 1.17000393E+00 1.16974710E+00 1.16943710E+00 1.16906808E+00 1.16862962E+00 1.16811440E+00 1.16750963E+00 1.16680695E+00 1.16599073E+00 1.16505072E+00 1.16396773E+00 1.16273014E+00 1.16131539E+00 1.15971087E+00 1.15789441E+00 1.15584630E+00 1.15353536E+00 1.15094813E+00 1.14805514E+00 1.14483261E+00 1.14127704E+00 1.13734468E+00 1.13342575E+00 1.12914653E+00 1.12503377E+00 1.12061054E+00 1.11642683E+00 1.11196963E+00 1.10779281E+00 1.10337761E+00 1.09925874E+00 1.09495854E+00 1.09099876E+00 1.08687282E+00 1.08308020E+00 1.07916219E+00 1.07559409E+00 1.07191465E+00 1.06856390E+00 1.06512441E+00 1.06200845E+00 1.05882631E+00 1.05595873E+00 1.05303348E+00 1.05019134E+00 1.04729282E+00 1.04433860E+00 1.04133878E+00 1.03829614E+00 1.03519248E+00 1.03202709E+00 1.02881925E+00 1.02557712E+00 1.02226069E+00 1.01885406E+00 1.01541960E+00 1.01206575E+00 1.00871303E+00 1.00476719E+00 1.00000000E+00
1.18278397E+00 1.18278947E+00 1.18279349E+00 1.18279644E+00 1.18279851E+00 1.18280001E+00 1.18280103E+00 1.18280179E+00 1.18280234E+00 1.18280279E+00 1.18280320E+00 1.18280364E+00 1.18280413E+00 1.18280473E+00 1.18280546E+00 1.18280635E+00 1.18280744E+00 1.18280876E+00 1.18281033E+00 1.18281219E+00 1.18281436E+00 1.18281689E+00 1.18281981E+00 1.18282317E+00 1.18282700E+00 1.18283137E+00 1.18283630E+00 1.18284188E+00 1.18284814E+00 1.18285516E+00 1.18286299E+00 1.18287172E+00 1.18288138E+00 1.18289206E+00 1.18290381E+00 1.18291670E+00 1.18293078E+00 1.18294610E+00 1.18296269E+00 1.18298059E+00 1.18299979E+00 1.18302028E+00 1.18304202E+00 1.18306490E+00 1.18308884E+00 1.18311361E+00 1.18313901E+00 1.18316468E+00 1.18319032E+00 1.18321532E+00 1.18323918E+00 1.18326090E+00 1.18327982E+00 1.18329480E+00 1.18330470E+00 1.18330751E+00 1.18330189E+00 1.18328515E+00 1.18325545E+00 1.18320937E+00 1.18314438E+00 1.18305572E+00 1.18294030E+00 1.18279263E+00 1.18260826E+00 1.18237927E+00 1.18210072E+00 1.18176277E+00 1.18135906E+00 1.18087811E+00 1.18031167E+00 1.17964579E+00 1.17887151E+00 1.17797190E+00 1.17693551E+00 1.17574145E+00 1.17437719E+00 1.17281865E+00 1.17105317E+00 1.16905729E+00 1.16680848E+00 1.16427361E+00 1.16144024E+00 1.15827773E+00 1.15475999E+00 1.15088540E+00 1.14660813E+00 1.14235371E+00 1.13771423E+00 1.13326148E+00 1.12848090E+00 1.12396659E+00 1.11916190E+00 1.11466430E+00 1.10991689E+00 1.10549344E+00 1.10087891E+00 1.09663366E+00 1.09221504E+00 1.08815665E+00 1.08396671E+00 1.08015337E+00 1.07622444E+00 1.07264921E+00 1.06898191E+00 1.06566138E+00 1.06227127E+00 1.05921710E+00 1.05610345E+00 1.05307996E+00 1.04999912E+00 1.04686078E+00 1.04367373E+00 1.04044156E+00 1.03714833E+00 1.03379210E+00 1.03039007E+00 1.02695132E+00 1.02344067E+00 1.01984057E+00 1.01620709E+00 1.01265045E+00 1.00910215E+00 1.00496525E+00 1.00000000E+00
1.12915546E+00 1.12915860E+00 1.12915748E+00 1.12915458E+00 1.12915197E+00 1.12915105E+00 1.12915116E+00 1.12915147E+00 1.12915158E+00 1.12915138E+00 1.12915113E+00 1.12915107E+00 1.12915118E+00 1.12915143E+00 1.12915176E+00 1.12915216E+00 1.12915266E+00 1.12915327E+00 1.12915400E+00 1.12915487E+00 1.12915587E+00 1.12915704E+00 1.12915837E+00 1.12915989E+00 1.12916161E+00 1.12916356E+00 1.12916574E+00 1.12916819E+00 1.12917092E+00 1.12917396E+00 1.12917731E+00 1.12918101E+00 1.12918507E+00 1.12918951E+00 1.12919433E+00 1.12919954E+00 1.12920515E+00 1.12921114E+00 1.12921750E+00 1.12922419E+00 1.12923117E+00 1.12923838E+00 1.12924572E+00 1.12925308E+00 1.12926033E+00 1.12926723E+00 1.12927362E+00 1.12927914E+00 1.12928353E+00 1.12928628E+00 1.12928700E+00 1.12928495E+00 1.12927958E+00 1.12926991E+00 1.12925518E+00 1.12923397E+00 1.12920531E+00 1.12916732E+00 1.12911864E+00 1.12905686E+00 1.12898019E+00 1.12888544E+00 1.12877034E+00 1.12863086E+00 1.12846406E+00 1.12826473E+00 1.12802934E+00 1.12775135E+00 1.12742628E+00 1.12704621E+00 1.12660569E+00 1.12609496E+00 1.12550740E+00 1.12483152E+00 1.12405957E+00 1.12317755E+00 1.12217668E+00 1.12104036E+00 1.11975804E+00 1.11831220E+00 1.11669052E+00 1.11487104E+00 1.11284093E+00 1.11057736E+00 1.10806494E+00 1.10530239E+00 1.10225391E+00 1.09922245E+00 1.09592354E+00 1.09276379E+00 1.08936759E+00 1.08615750E+00 1.08274576E+00 1.07955155E+00 1.07618547E+00 1.07306031E+00 1.06979515E+00 1.06678616E+00 1.06366033E+00 1.06079658E+00 1.05783781E+00 1.05514175E+00 1.05236975E+00 1.04985423E+00 1.04727844E+00 1.04494996E+00 1.04257282E+00 1.04042959E+00 1.03824891E+00 1.03613643E+00 1.03399047E+00 1.03181041E+00 1.02959645E+00 1.02735095E+00 1.02507429E+00 1.02276578E+00 1.02042723E+00 1.01806686E+00 1.01568278E+00 1.01326175E+00 1.01081700E+00 1.00845621E+00 1.00620168E+00 1.00348898E+00 1.00000000E+00
1.13089146E+00 1.13089598E+00 1.13090417E+00 1.13090916E+00 1.13091040E+00 1.13090856E+00 1.13090598E+00 1.13090461E+00 1.13090431E+00 1.13090461E+00 1.13090493E+00 1.13090494E+00 1.13090484E+00 1.13090485E+00 1.13090503E+00 1.13090539E+00 1.13090587E+00 1.13090646E+00 1.13090716E+00 1.13090799E+00 1.13090899E+00 1.13091015E+00 1.13091148E+00 1.13091301E+00 1.13091475E+00 1.13091673E+00 1.13091894E+00 1.13092143E+00 1.13092421E+00 1.13092730E+00 1.13093072E+00 1.13093449E+00 1.13093863E+00 1.13094316E+00 1.13094808E+00 1.13095341E+00 1.13095915E+00 1.13096528E+00 1.13097180E+00 1.13097867E+00 1.13098585E+00 1.13099326E+00 1.13100084E+00 1.13100845E+00 1.13101598E+00 1.13102319E+00 1.13102990E+00 1.13103578E+00 1.13104055E+00 1.13104370E+00 1.13104486E+00 1.13104328E+00 1.13103839E+00 1.13102923E+00 1.13101503E+00 1.13099438E+00 1.13096628E+00 1.13092886E+00 1.13088076E+00 1.13081953E+00 1.13074340E+00 1.13064913E+00 1.13053446E+00 1.13039532E+00 1.13022876E+00 1.13002953E+00 1.12979407E+00 1.12951579E+00 1.12919015E+00 1.12880917E+00 1.12836734E+00 1.12785482E+00 1.12726494E+00 1.12658602E+00 1.12581030E+00 1.12492359E+00 1.12391705E+00 1.12277384E+00 1.12148320E+00 1.12002746E+00 1.11839424E+00 1.11656117E+00 1.11451529E+00 1.11223349E+00 1.10970026E+00 1.10691403E+00 1.10383866E+00 1.10077953E+00 1.09744997E+00 1.09426014E+00 1.09083100E+00 1.08758926E+00 1.08414359E+00 1.08091746E+00 1.07751668E+00 1.07435802E+00 1.07105819E+00 1.06801748E+00 1.06485790E+00 1.06196253E+00 1.05897108E+00 1.05624541E+00 1.05344224E+00 1.05089773E+00 1.04829151E+00 1.04593490E+00 1.04352900E+00 1.04136017E+00 1.03915253E+00 1.03701339E+00 1.03483842E+00 1.03262749E+00 1.03038271E+00 1.02810623E+00 1.02579390E+00 1.02344611E+00 1.02106782E+00 1.01866631E+00 1.01622795E+00 1.01374166E+00 1.01123215E+00 1.00879805E+00 1.00644404E+00 1.00361216E+00 1.00000000E+00
1.13500285E+00 1.13501513E+00 1.13502574E+00 1.13503086E+00 1.13503195E+00 1.13503126E+00 1.13503046E+00 1.13503071E+00 1.13503147E+00 1.13503217E+00 1.13503257E+00 1.13503269E+00 1.13503274E+00 1.13503294E+00 1.13503326E+00 1.13503371E+00 1.13503424E+00 1.13503486E+00 1.13503561E+00 1.13503650E+00 1.13503754E+00 1.13503876E+00 1.13504016E+00 1.13504177E+00 1.13504359E+00 1.13504566E+00 1.13504800E+00 1.13505061E+00 1.13505354E+00 1.13505679E+00 1.13506039E+00 1.13506438E+00 1.13506875E+00 1.13507354E+00 1.13507875E+00 1.13508440E+00 1.13509049E+00 1.13509702E+00 1.13510396E+00 1.13511130E+00 1.13511899E+00 1.13512696E+00 1.13513515E+00 1.13514342E+00 1.13515164E+00 1.13515960E+00 1.13516712E+00 1.13517384E+00 1.13517951E+00 1.13518360E+00 1.13518573E+00 1.13518514E+00 1.13518127E+00 1.13517314E+00 1.13515996E+00 1.13514029E+00 1.13511313E+00 1.13507656E+00 1.13502920E+00 1.13496853E+00 1.13489276E+00 1.13479858E+00 1.13468366E+00 1.13454386E+00 1.13437616E+00 1.13417516E+00 1.13393724E+00 1.13365561E+00 1.13332562E+00 1.13293909E+00 1.13249036E+00 1.13196933E+00 1.13136915E+00 1.13067782E+00 1.12988736E+00 1.12898316E+00 1.12795613E+00 1.12678890E+00 1.12547047E+00 1.12398271E+00 1.12231271E+00 1.12043734E+00 1.11834335E+00 1.11600698E+00 1.11341193E+00 1.11055634E+00 1.10740312E+00 1.10426533E+00 1.10084836E+00 1.09757299E+00 1.09405090E+00 1.09072042E+00 1.08717873E+00 1.08386173E+00 1.08036267E+00 1.07711030E+00 1.07371269E+00 1.07058121E+00 1.06732493E+00 1.06433907E+00 1.06125363E+00 1.05844202E+00 1.05554819E+00 1.05291961E+00 1.05022551E+00 1.04778811E+00 1.04529936E+00 1.04305555E+00 1.04076987E+00 1.03855360E+00 1.03629810E+00 1.03400375E+00 1.03167406E+00 1.02931055E+00 1.02690662E+00 1.02446321E+00 1.02198717E+00 1.01948494E+00 1.01693983E+00 1.01434197E+00 1.01171833E+00 1.00916439E+00 1.00668757E+00 1.00373378E+00 1.00000000E+00
1.13994166E+00 1.13994577E+00 1.13994943E+00 1.13995220E+00 1.13995405E+00 1.13995521E+00 1.13995599E+00 1.13995665E+00 1.13995721E+00 1.13995771E+00 1.13995813E+00 1.13995851E+00 1.13995890E+00 1.13995933E+00 1.13995982E+00 1.13996039E+00 1.13996104E+00 1.13996180E+00 1.13996268E+00 1.13996371E+00 1.13996489E+00 1.13996625E+00 1.13996780E+00 1.13996956E+00 1.13997157E+00 1.13997383E+00 1.13997638E+00 1.13997924E+00 1.13998244E+00 1.13998600E+00 1.13998994E+00 1.13999431E+00 1.13999910E+00 1.14000436E+00 1.14001010E+00 1.14001633E+00 1.14002306E+00 1.14003029E+00 1.14003801E+00 1.14004619E+00 1.14005480E+00 1.14006377E+00 1.14007304E+00 1.14008247E+00 1.14009195E+00 1.14010124E+00 1.14011017E+00 1.14011838E+00 1.14012561E+00 1.14013132E+00 1.14013512E+00 1.14013624E+00 1.14013407E+00 1.14012764E+00 1.14011611E+00 1.14009800E+00 1.14007226E+00 1.14003691E+00 1.13999049E+00 1.13993042E+00 1.13985482E+00 1.13976023E+00 1.13964424E+00 1.13950258E+00 1.13933207E+00 1.13912706E+00 1.13888380E+00 1.13859520E+00 1.13825642E+00 1.13785893E+00 1.13739682E+00 1.13685960E+00 1.13624014E+00 1.13552595E+00 1.13470871E+00 1.13377316E+00 1.13270984E+00 1.13150067E+00 1.13013445E+00 1.12859243E+00 1.12686073E+00 1.12491533E+00 1.12274292E+00 1.12031888E+00 1.11762592E+00 1.11466235E+00 1.11138999E+00 1.10813402E+00 1.10458769E+00 1.10118806E+00 1.09753332E+00 1.09407815E+00 1.09040325E+00 1.08696194E+00 1.08333173E+00 1.07995686E+00 1.07643218E+00 1.07318417E+00 1.06980634E+00 1.06670868E+00 1.06350824E+00 1.06059237E+00 1.05759077E+00 1.05486396E+00 1.05206904E+00 1.04954037E+00 1.04695860E+00 1.04463111E+00 1.04225998E+00 1.03996055E+00 1.03762036E+00 1.03523978E+00 1.03282245E+00 1.03036990E+00 1.02787547E+00 1.02533989E+00 1.02277006E+00 1.02017238E+00 1.01753114E+00 1.01483648E+00 1.01211363E+00 1.00945762E+00 1.00688184E+00 1.00383229E+00 1.00000000E+00
1.14491377E+00 1.14492071E+00 1.14492579E+00 1.14492962E+00 1.14493253E+00 1.14493486E+00 1.14493667E+00 1.14493807E+00 1.14493913E+00 1.14493999E+00 1.14494070E+00 1.14494134E+00 1.14494193E+00 1.14494253E+00 1.14494315E+00 1.14494384E+00 1.14494460E+00 1.14494548E+00 1.14494649E+00 1.14494764E+00 1.14494897E+00 1.14495050E+00 1.14495224E+00 1.14495424E+00 1.14495649E+00 1.14495905E+00 1.14496192E+00 1.14496515E+00 1.14496876E+00 1.14497279E+00 1.14497725E+00 1.14498219E+00 1.14498764E+00 1.14499360E+00 1.14500012E+00 1.14500721E+00 1.14501488E+00 1.14502312E+00 1.14503195E+00 1.14504132E+00 1.14505122E+00 1.14506157E+00 1.14507230E+00 1.14508328E+00 1.14509438E+00 1.14510538E+00 1.14511607E+00 1.14512610E+00 1.14513517E+00 1.14514273E+00 1.14514836E+00 1.14515122E+00 1.14515072E+00 1.14514580E+00 1.14513558E+00 1.14511848E+00 1.14509339E+00 1.14505818E+00 1.14501136E+00 1.14495016E+00 1.14487261E+00 1.14477504E+00 1.14465492E+00 1.14450774E+00 1.14433015E+00 1.14411617E+00 1.14386183E+00 1.14355968E+00 1.14320466E+00 1.14278782E+00 1.14230294E+00 1.14173905E+00 1.14108877E+00 1.14033907E+00 1.13948122E+00 1.13849931E+00 1.13738352E+00 1.13611514E+00 1.13468285E+00 1.13306735E+00 1.13125379E+00 1.12921743E+00 1.12694518E+00 1.12441182E+00 1.12159924E+00 1.11850654E+00 1.11509452E+00 1.11170271E+00 1.10801051E+00 1.10447343E+00 1.10067425E+00 1.09708543E+00 1.09326991E+00 1.08969908E+00 1.08593468E+00 1.08243661E+00 1.07878514E+00 1.07542207E+00 1.07192613E+00 1.06872122E+00 1.06541130E+00 1.06239690E+00 1.05929490E+00 1.05647773E+00 1.05359117E+00 1.05098028E+00 1.04831514E+00 1.04591303E+00 1.04346654E+00 1.04109452E+00 1.03868132E+00 1.03622711E+00 1.03373516E+00 1.03120723E+00 1.02863739E+00 1.02602598E+00 1.02337927E+00 1.02070393E+00 1.01798603E+00 1.01521538E+00 1.01241482E+00 1.00967958E+00 1.00702863E+00 1.00390720E+00 1.00000000E+00
1.14963688E+00 1.14964293E+00 1.14964766E+00 1.14965137E+00 1.14965420E+00 1.14965639E+00 1.14965805E+00 1.14965938E+00 1.14966042E+00 1.14966128E+00 1.14966201E+00 1.14966268E+00 1.14966331E+00 1.14966397E+00 1.14966468E+00 1.14966546E+00 1.14966634E+00 1.14966736E+00 1.14966853E+00 1.14966988E+00 1.14967143E+00 1.14967320E+00 1.14967523E+00 1.14967754E+00 1.14968016E+00 1.14968312E+00 1.14968645E+00 1.14969018E+00 1.14969434E+00 1.14969897E+00 1.14970411E+00 1.14970978E+00 1.14971601E+00 1.14972284E+00 1.14973028E+00 1.14973836E+00 1.14974709E+00 1.14975647E+00 1.14976649E+00 1.14977713E+00 1.14978835E+00 1.14980006E+00 1.14981220E+00 1.14982460E+00 1.14983714E+00 1.14984957E+00 1.14986164E+00 1.14987299E+00 1.14988328E+00 1.14989191E+00 1.14989841E+00 1.14990188E+00 1.14990166E+00 1.14989665E+00 1.14988586E+00 1.14986756E+00 1.14984059E+00 1.14980264E+00 1.14975212E+00 1.14968609E+00 1.14960242E+00 1.14949721E+00 1.14936779E+00 1.14920939E+00 1.14901845E+00 1.14878862E+00 1.14851576E+00 1.14819199E+00 1.14781208E+00 1.14736667E+00 1.14684919E+00 1.14624829E+00 1.14555636E+00 1.14475993E+00 1.14384989E+00 1.14280982E+00 1.14162960E+00 1.14029009E+00 1.13877994E+00 1.13707954E+00 1.13517321E+00 1.13303577E+00 1.13065452E+00 1.12800399E+00 1.12506547E+00 1.12183924E+00 1.11828520E+00 1.11475743E+00 1.11092166E+00 1.10725128E+00 1.10331374E+00 1.09959844E+00 1.09565161E+00 1.09196108E+00 1.08807417E+00 1.08446509E+00 1.08070018E+00 1.07723499E+00 1.07363534E+00 1.07033719E+00 1.06693264E+00 1.06383355E+00 1.06064609E+00 1.05775269E+00 1.05478937E+00 1.05211010E+00 1.04937589E+00 1.04691220E+00 1.04440396E+00 1.04197285E+00 1.03950066E+00 1.03698731E+00 1.03443562E+00 1.03184759E+00 1.02921815E+00 1.02654727E+00 1.02384047E+00 1.02110471E+00 1.01832780E+00 1.01549922E+00 1.01263953E+00 1.00984437E+00 1.00713728E+00 1.00396272E+00 1.00000000E+00
1.12032689E+00 1.12032595E+00 1.12032217E+00 1.12031856E+00 1.12031606E+00 1.12031508E+00 1.12031477E+00 1.12031442E+00 1.12031394E+00 1.12031337E+00 1.12031290E+00 1.12031264E+00 1.12031255E+00 1.12031258E+00 1.12031270E+00 1.12031292E+00 1.12031323E+00 1.12031367E+00 1.12031423E+00 1.12031492E+00 1.12031575E+00 1.12031672E+00 1.12031786E+00 1.12031918E+00 1.12032069E+00 1.12032241E+00 1.12032436E+00 1.12032656E+00 1.12032903E+00 1.12033179E+00 1.12033487E+00 1.12033828E+00 1.12034204E+00 1.12034617E+00 1.12035069E+00 1.12035561E+00 1.12036093E+00 1.12036665E+00 1.12037277E+00 1.12037927E+00 1.12038611E+00 1.12039323E+00 1.12040058E+00 1.12040807E+00 1.12041557E+00 1.12042290E+00 1.12042990E+00 1.12043628E+00 1.12044180E+00 1.12044601E+00 1.12044857E+00 1.12044884E+00 1.12044629E+00 1.12044004E+00 1.12042940E+00 1.12041309E+00 1.12039020E+00 1.12035902E+00 1.12031829E+00 1.12026572E+00 1.12019971E+00 1.12011720E+00 1.12001606E+00 1.11989251E+00 1.11974378E+00 1.11956488E+00 1.11935251E+00 1.11910039E+00 1.11880417E+00 1.11845615E+00 1.11805109E+00 1.11757955E+00 1.11703530E+00 1.11640676E+00 1.11568657E+00 1.11486092E+00 1.11392146E+00 1.11285154E+00 1.11164024E+00 1.11027062E+00 1.10873117E+00 1.10699920E+00 1.10506153E+00 1.10289564E+00 1.10048668E+00 1.09783276E+00 1.09489950E+00 1.09197529E+00 1.08878994E+00 1.08573624E+00 1.08245005E+00 1.07933822E+00 1.07602985E+00 1.07293643E+00 1.06967815E+00 1.06664634E+00 1.06347753E+00 1.06056210E+00 1.05753651E+00 1.05476745E+00 1.05191034E+00 1.04930912E+00 1.04663863E+00 1.04421906E+00 1.04174776E+00 1.03952036E+00 1.03725105E+00 1.03520841E+00 1.03313576E+00 1.03113704E+00 1.02911581E+00 1.02706938E+00 1.02499985E+00 1.02291672E+00 1.02082008E+00 1.01870681E+00 1.01659215E+00 1.01450706E+00 1.01242765E+00 1.01032869E+00 1.00829950E+00 1.00654419E+00 1.00496053E+00 1.00286966E+00 1.00000000E+00
1.12039068E+00 1.12038177E+00 1.12037643E+00 1.12037532E+00 1.12037695E+00 1.12037882E+00 1.12037954E+00 1.12037829E+00 1.12037613E+00 1.12037437E+00 1.12037341E+00 1.12037327E+00 1.12037341E+00 1.12037343E+00 1.12037335E+00 1.12037331E+00 1.12037343E+00 1.12037375E+00 1.12037422E+00 1.12037480E+00 1.12037550E+00 1.12037635E+00 1.12037735E+00 1.12037854E+00 1.12037992E+00 1.12038150E+00 1.12038331E+00 1.12038538E+00 1.12038771E+00 1.12039033E+00 1.12039327E+00 1.12039657E+00 1.12040023E+00 1.12040428E+00 1.12040875E+00 1.12041367E+00 1.12041905E+00 1.12042489E+00 1.12043122E+00 1.12043804E+00 1.12044533E+00 1.12045305E+00 1.12046118E+00 1.12046968E+00 1.12047847E+00 1.12048740E+00 1.12049636E+00 1.12050513E+00 1.12051352E+00 1.12052116E+00 1.12052784E+00 1.12053302E+00 1.12053623E+00 1.12053669E+00 1.12053386E+00 1.12052666E+00 1.12051429E+00 1.12049530E+00 1.12046854E+00 1.12043198E+00 1.12038420E+00 1.12032237E+00 1.12024450E+00 1.12014720E+00 1.12002795E+00 1.11988207E+00 1.11970663E+00 1.11949580E+00 1.11924524E+00 1.11894716E+00 1.11859673E+00 1.11818519E+00 1.11770668E+00 1.11714913E+00 1.11650539E+00 1.11576210E+00 1.11491117E+00 1.11393522E+00 1.11282278E+00 1.11155697E+00 1.11012692E+00 1.10850810E+00 1.10668585E+00 1.10463623E+00 1.10234567E+00 1.09981057E+00 1.09699557E+00 1.09417250E+00 1.09108524E+00 1.08811443E+00 1.08490237E+00 1.08184214E+00 1.07858345E+00 1.07554308E+00 1.07232863E+00 1.06930857E+00 1.06614360E+00 1.06323589E+00 1.06021262E+00 1.05743549E+00 1.05456646E+00 1.05195305E+00 1.04926460E+00 1.04682142E+00 1.04432211E+00 1.04206367E+00 1.03976020E+00 1.03768781E+00 1.03558327E+00 1.03355169E+00 1.03149096E+00 1.02939258E+00 1.02727245E+00 1.02515153E+00 1.02301140E+00 1.02083692E+00 1.01866194E+00 1.01651262E+00 1.01432818E+00 1.01210191E+00 1.00997388E+00 1.00805388E+00 1.00615564E+00 1.00355903E+00 1.00000000E+00
1.12790561E+00 1.12790455E+00 1.12791236E+00 1.12792049E+00 1.12792458E+00 1.12792252E+00 1.12791779E+00 1.12791426E+00 1.12791277E+00 1.12791306E+00 1.12791375E+00 1.12791378E+00 1.12791340E+00 1.12791297E+00 1.12791276E+00 1.12791283E+00 1.12791306E+00 1.12791336E+00 1.12791375E+00 1.12791426E+00 1.12791490E+00 1.12791570E+00 1.12791666E+00 1.12791780E+00 1.12791914E+00 1.12792068E+00 1.12792247E+00 1.12792453E+00 1.12792687E+00 1.12792953E+00 1.12793253E+00 1.12793593E+00 1.12793975E+00 1.12794401E+00 1.12794876E+00 1.12795406E+00 1.12795992E+00 1.12796637E+00 1.12797344E+00 1.12798119E+00 1.12798960E+00 1.12799866E+00 1.12800840E+00 1.12801885E+00 1.12802996E+00 1.12804163E+00 1.12805381E+00 1.12806636E+00 1.12807914E+00 1.12809190E+00 1.12810452E+00 1.12811663E+00 1.12812776E+00 1.12813729E+00 1.12814481E+00 1.12814945E+00 1.12815056E+00 1.12814691E+00 1.12813750E+00 1.12812051E+00 1.12809472E+00 1.12805744E+00 1.12800686E+00 1.12793998E+00 1.12785451E+00 1.12774602E+00 1.12761187E+00 1.12744656E+00 1.12724562E+00 1.12700101E+00 1.12670816E+00 1.12635892E+00 1.12594763E+00 1.12546170E+00 1.12489393E+00 1.12423073E+00 1.12346304E+00 1.12257198E+00 1.12154704E+00 1.12037214E+00 1.11903339E+00 1.11750144E+00 1.11576224E+00 1.11379135E+00 1.11157173E+00 1.10909413E+00 1.10632505E+00 1.10353197E+00 1.10045353E+00 1.09746192E+00 1.09420761E+00 1.09109351E+00 1.08776725E+00 1.08465481E+00 1.08133641E+00 1.07818515E+00 1.07487454E+00 1.07183361E+00 1.06865757E+00 1.06572013E+00 1.06267474E+00 1.05989439E+00 1.05702210E+00 1.05439796E+00 1.05170282E+00 1.04925577E+00 1.04675148E+00 1.04449400E+00 1.04219362E+00 1.03996194E+00 1.03768729E+00 1.03535689E+00 1.03299049E+00 1.03061364E+00 1.02820081E+00 1.02572482E+00 1.02322075E+00 1.02071414E+00 1.01814303E+00 1.01549460E+00 1.01288895E+00 1.01039327E+00 1.00782315E+00 1.00445419E+00 1.00000000E+00
1.13596420E+00 1.13598465E+00 1.13600473E+00 1.13601368E+00 1.13601366E+00 1.13600992E+00 1.13600713E+00 1.13600813E+00 1.13601091E+00 1.13601321E+00 1.13601436E+00 1.13601444E+00 1.13601424E+00 1.13601432E+00 1.13601458E+00 1.13601491E+00 1.13601523E+00 1.13601556E+00 1.13601596E+00 1.13601648E+00 1.13601710E+00 1.13601786E+00 1.13601877E+00 1.13601987E+00 1.13602117E+00 1.13602269E+00 1.13602446E+00 1.13602653E+00 1.13602891E+00 1.13603164E+00 1.13603476E+00 1.13603834E+00 1.13604241E+00 1.13604700E+00 1.13605217E+00 1.13605803E+00 1.13606458E+00 1.13607188E+00 1.13607999E+00 1.13608903E+00 1.13609898E+00 1.13610986E+00 1.13612177E+00 1.13613483E+00 1.13614900E+00 1.13616428E+00 1.13618066E+00 1.13619811E+00 1.13621656E+00 1.13623590E+00 1.13625611E+00 1.13627695E+00 1.13629802E+00 1.13631892E+00 1.13633940E+00 1.13635880E+00 1.13637658E+00 1.13639176E+00 1.13640350E+00 1.13641031E+00 1.13641106E+00 1.13640311E+00 1.13638498E+00 1.13635432E+00 1.13630895E+00 1.13624462E+00 1.13615886E+00 1.13604634E+00 1.13590261E+00 1.13571945E+00 1.13549212E+00 1.13521283E+00 1.13487663E+00 1.13447088E+00 1.13398757E+00 1.13341181E+00 1.13273289E+00 1.13193019E+00 1.13099638E+00 1.12991671E+00 1.12867043E+00 1.12722133E+00 1.12555867E+00 1.12365792E+00 1.12149564E+00 1.11905566E+00 1.11630834E+00 1.11352012E+00 1.11041775E+00 1.10737003E+00 1.10403800E+00 1.10084059E+00 1.09741093E+00 1.09418446E+00 1.09071981E+00 1.08740598E+00 1.08391570E+00 1.08070668E+00 1.07734327E+00 1.07421612E+00 1.07096139E+00 1.06798090E+00 1.06489207E+00 1.06206067E+00 1.05914305E+00 1.05648291E+00 1.05375043E+00 1.05128039E+00 1.04875629E+00 1.04629925E+00 1.04378662E+00 1.04120083E+00 1.03856089E+00 1.03589525E+00 1.03317754E+00 1.03037262E+00 1.02751199E+00 1.02462343E+00 1.02164929E+00 1.01856699E+00 1.01547811E+00 1.01243391E+00 1.00925827E+00 1.00521650E+00 1.00000000E+00
1.14302972E+00 1.14303922E+00 1.14304761E+00 1.14305291E+00 1.14305601E+00 1.14305815E+00 1.14305999E+00 1.14306181E+00 1.14306334E+00 1.14306448E+00 1.14306529E+00 1.14306592E+00 1.14306642E+00 1.14306686E+00 1.14306725E+00 1.14306762E+00 1.14306799E+00 1.14306840E+00 1.14306888E+00 1.14306942E+00 1.14307007E+00 1.14307083E+00 1.14307174E+00 1.14307284E+00 1.14307414E+00 1.14307567E+00 1.14307746E+00 1.14307958E+00 1.14308203E+00 1.14308487E+00 1.14308814E+00 1.14309195E+00 1.14309632E+00 1.14310131E+00 1.14310699E+00 1.14311350E+00 1.14312088E+00 1.14312918E+00 1.14313851E+00 1.14314904E+00 1.14316078E+00 1.14317381E+00 1.14318825E+00 1.14320432E+00 1.14322206E+00 1.14324152E+00 1.14326277E+00 1.14328586E+00 1.14331087E+00 1.14333781E+00 1.14336672E+00 1.14339745E+00 1.14342982E+00 1.14346376E+00 1.14349913E+00 1.14353543E+00 1.14357221E+00 1.14360865E+00 1.14364422E+00 1.14367780E+00 1.14370825E+00 1.14373295E+00 1.14375095E+00 1.14376080E+00 1.14376026E+00 1.14374507E+00 1.14371289E+00 1.14365840E+00 1.14357739E+00 1.14346152E+00 1.14330559E+00 1.14310196E+00 1.14284680E+00 1.14252771E+00 1.14213507E+00 1.14165197E+00 1.14106622E+00 1.14035590E+00 1.13951741E+00 1.13853692E+00 1.13738522E+00 1.13601902E+00 1.13443178E+00 1.13259892E+00 1.13049048E+00 1.12808427E+00 1.12535364E+00 1.12256381E+00 1.11943115E+00 1.11632496E+00 1.11291457E+00 1.10963359E+00 1.10609848E+00 1.10275420E+00 1.09914385E+00 1.09567469E+00 1.09201161E+00 1.08863828E+00 1.08509280E+00 1.08178301E+00 1.07832625E+00 1.07515236E+00 1.07185572E+00 1.06882710E+00 1.06569794E+00 1.06283555E+00 1.05988640E+00 1.05721391E+00 1.05447720E+00 1.05180723E+00 1.04907089E+00 1.04624662E+00 1.04335177E+00 1.04041666E+00 1.03741582E+00 1.03430926E+00 1.03112477E+00 1.02789211E+00 1.02455859E+00 1.02109500E+00 1.01758887E+00 1.01408151E+00 1.01040439E+00 1.00581908E+00 1.00000000E+00
1.14893867E+00 1.14894533E+00 1.14895111E+00 1.14895586E+00 1.14895955E+00 1.14896239E+00 1.14896459E+00 1.14896637E+00 1.14896777E+00 1.14896888E+00 1.14896975E+00 1.14897045E+00 1.14897101E+00 1.14897150E+00 1.14897192E+00 1.14897231E+00 1.14897269E+00 1.14897310E+00 1.14897356E+00 1.14897408E+00 1.14897469E+00 1.14897542E+00 1.14897629E+00 1.14897736E+00 1.14897863E+00 1.14898014E+00 1.14898194E+00 1.14898409E+00 1.14898661E+00 1.14898956E+00 1.14899300E+00 1.14899704E+00 1.14900174E+00 1.14900717E+00 1.14901342E+00 1.14902065E+00 1.14902893E+00 1.14903833E+00 1.14904899E+00 1.14906115E+00 1.14907487E+00 1.14909028E+00 1.14910753E+00 1.14912689E+00 1.14914851E+00 1.14917258E+00 1.14919915E+00 1.14922842E+00 1.14926059E+00 1.14929587E+00 1.14933423E+00 1.14937559E+00 1.14942016E+00 1.14946836E+00 1.14952005E+00 1.14957476E+00 1.14963212E+00 1.14969138E+00 1.14975247E+00 1.14981473E+00 1.14987691E+00 1.14993641E+00 1.14999298E+00 1.15004615E+00 1.15009347E+00 1.15013052E+00 1.15015507E+00 1.15016175E+00 1.15014665E+00 1.15010139E+00 1.15002017E+00 1.14989543E+00 1.14972454E+00 1.14949522E+00 1.14919592E+00 1.14880745E+00 1.14831662E+00 1.14770060E+00 1.14695898E+00 1.14607804E+00 1.14502036E+00 1.14373602E+00 1.14222260E+00 1.14045553E+00 1.13839898E+00 1.13602575E+00 1.13331094E+00 1.13051805E+00 1.12735591E+00 1.12419595E+00 1.12071294E+00 1.11735314E+00 1.11371753E+00 1.11026041E+00 1.10651323E+00 1.10290157E+00 1.09907910E+00 1.09555212E+00 1.09183649E+00 1.08835715E+00 1.08471316E+00 1.08136034E+00 1.07787210E+00 1.07466224E+00 1.07133897E+00 1.06829174E+00 1.06514510E+00 1.06228812E+00 1.05935796E+00 1.05649498E+00 1.05355656E+00 1.05051827E+00 1.04739575E+00 1.04422037E+00 1.04096795E+00 1.03759572E+00 1.03412833E+00 1.03059687E+00 1.02695328E+00 1.02316410E+00 1.01930570E+00 1.01541132E+00 1.01131975E+00 1.00629542E+00 1.00000000E+00
1.12242905E+00 1.12242841E+00 1.12242477E+00 1.12242122E+00 1.12241883E+00 1.12241801E+00 1.12241790E+00 1.12241769E+00 1.12241730E+00 1.12241678E+00 1.12241635E+00 1.12241615E+00 1.12241612E+00 1.12241620E+00 1.12241638E+00 1.12241663E+00 1.12241699E+00 1.12241747E+00 1.12241807E+00 1.12241880E+00 1.12241967E+00 1.12242068E+00 1.12242187E+00 1.12242323E+00 1.12242479E+00 1.12242656E+00 1.12242857E+00 1.12243083E+00 1.12243336E+00 1.12243619E+00 1.12243933E+00 1.12244281E+00 1.12244664E+00 1.12245084E+00 1.12245543E+00 1.12246042E+00 1.12246582E+00 1.12247161E+00 1.12247779E+00 1.12248434E+00 1.12249123E+00 1.12249838E+00 1.12250575E+00 1.12251321E+00 1.12252067E+00 1.12252793E+00 1.12253481E+00 1.12254101E+00 1.12254630E+00 1.12255020E+00 1.12255237E+00 1.12255214E+00 1.12254898E+00 1.12254198E+00 1.12253044E+00 1.12251305E+00 1.12248888E+00 1.12245619E+00 1.12241369E+00 1.12235905E+00 1.12229064E+00 1.12220536E+00 1.12210107E+00 1.12197390E+00 1.12182107E+00 1.12163751E+00 1.12141988E+00 1.12116183E+00 1.12085897E+00 1.12050358E+00 1.12009036E+00 1.11960977E+00 1.11905549E+00 1.11841594E+00 1.11768372E+00 1.11684492E+00 1.11589113E+00 1.11480567E+00 1.11357768E+00 1.11219010E+00 1.11063129E+00 1.10887861E+00 1.10691897E+00 1.10472995E+00 1.10229653E+00 1.09961671E+00 1.09665585E+00 1.09370601E+00 1.09049368E+00 1.08741439E+00 1.08410159E+00 1.08096663E+00 1.07763418E+00 1.07451649E+00 1.07123195E+00 1.06817772E+00 1.06498633E+00 1.06204927E+00 1.05900046E+00 1.05620926E+00 1.05332830E+00 1.05070490E+00 1.04801105E+00 1.04556960E+00 1.04307465E+00 1.04082419E+00 1.03853017E+00 1.03646482E+00 1.03436806E+00 1.03234376E+00 1.03029456E+00 1.02821854E+00 1.02611709E+00 1.02399801E+00 1.02186181E+00 1.01970621E+00 1.01754217E+00 1.01539460E+00 1.01324905E+00 1.01108343E+00 1.00896537E+00 1.00707817E+00 1.00532187E+00 1.00304188E+00 1.00000000E+00
1.12374283E+00 1.12373923E+00 1.12373939E+00 1.12374038E+00 1.12374114E+00 1.12374071E+00 1.12373950E+00 1.12373798E+00 1.12373657E+00 1.12373565E+00 1.12373515E+00 1.12373491E+00 1.12373479E+00 1.12373467E+00 1.12373461E+00 1.12373467E+00 1.12373488E+00 1.12373525E+00 1.12373574E+00 1.12373637E+00 1.12373713E+00 1.12373805E+00 1.12373913E+00 1.12374041E+00 1.12374188E+00 1.12374356E+00 1.12374548E+00 1.12374767E+00 1.12375013E+00 1.12375289E+00 1.12375598E+00 1.12375942E+00 1.12376325E+00 1.12376747E+00 1.12377210E+00 1.12377719E+00 1.12378274E+00 1.12378875E+00 1.12379523E+00 1.12380218E+00 1.12380957E+00 1.12381737E+00 1.12382555E+00 1.12383403E+00 1.12384272E+00 1.12385148E+00 1.12386016E+00 1.12386853E+00 1.12387637E+00 1.12388330E+00 1.12388905E+00 1.12389302E+00 1.12389473E+00 1.12389337E+00 1.12388835E+00 1.12387849E+00 1.12386297E+00 1.12384021E+00 1.12380900E+00 1.12376721E+00 1.12371333E+00 1.12364442E+00 1.12355844E+00 1.12345181E+00 1.12332191E+00 1.12316392E+00 1.12297469E+00 1.12274807E+00 1.12247969E+00 1.12216186E+00 1.12178954E+00 1.12135353E+00 1.12084760E+00 1.12025980E+00 1.11958291E+00 1.11880318E+00 1.11791228E+00 1.11689280E+00 1.11573326E+00 1.11441655E+00 1.11293124E+00 1.11125293E+00 1.10936771E+00 1.10725241E+00 1.10489234E+00 1.10228322E+00 1.09938965E+00 1.09649401E+00 1.09333091E+00 1.09028882E+00 1.08700573E+00 1.08388851E+00 1.08057004E+00 1.07746460E+00 1.07418281E+00 1.07111348E+00 1.06790203E+00 1.06494908E+00 1.06187909E+00 1.05906106E+00 1.05614925E+00 1.05349635E+00 1.05076878E+00 1.04829238E+00 1.04575926E+00 1.04347037E+00 1.04113512E+00 1.03903377E+00 1.03689903E+00 1.03483606E+00 1.03274304E+00 1.03061494E+00 1.02846169E+00 1.02629649E+00 1.02410557E+00 1.02188048E+00 1.01964680E+00 1.01742861E+00 1.01517903E+00 1.01287315E+00 1.01060778E+00 1.00850987E+00 1.00641680E+00 1.00364931E+00 1.00000000E+00
1.13276159E+00 1.13276007E+00 1.13275804E+00 1.13275693E+00 1.13275688E+00 1.13275730E+00 1.13275729E+00 1.13275626E+00 1.13275468E+00 1.13275329E+00 1.13275237E+00 1.13275196E+00 1.13275176E+00 1.13275154E+00 1.13275132E+00 1.13275121E+00 1.13275126E+00 1.13275150E+00 1.13275190E+00 1.13275244E+00 1.13275312E+00 1.13275398E+00 1.13275503E+00 1.13275628E+00 1.13275775E+00 1.13275946E+00 1.13276143E+00 1.13276370E+00 1.13276627E+00 1.13276918E+00 1.13277246E+00 1.13277616E+00 1.13278029E+00 1.13278490E+00 1.13279000E+00 1.13279566E+00 1.13280189E+00 1.13280871E+00 1.13281615E+00 1.13282424E+00 1.13283298E+00 1.13284234E+00 1.13285233E+00 1.13286295E+00 1.13287412E+00 1.13288574E+00 1.13289771E+00 1.13290986E+00 1.13292202E+00 1.13293390E+00 1.13294530E+00 1.13295571E+00 1.13296468E+00 1.13297153E+00 1.13297576E+00 1.13297635E+00 1.13297253E+00 1.13296289E+00 1.13294629E+00 1.13292074E+00 1.13288484E+00 1.13283572E+00 1.13277145E+00 1.13268870E+00 1.13258495E+00 1.13245543E+00 1.13229711E+00 1.13210380E+00 1.13187106E+00 1.13159105E+00 1.13125876E+00 1.13086499E+00 1.13040344E+00 1.12986147E+00 1.12923171E+00 1.12849975E+00 1.12765660E+00 1.12668337E+00 1.12556846E+00 1.12429423E+00 1.12284719E+00 1.12119946E+00 1.11933700E+00 1.11723528E+00 1.11487669E+00 1.11225272E+00 1.10932692E+00 1.10638367E+00 1.10315024E+00 1.10002121E+00 1.09663082E+00 1.09340118E+00 1.08995131E+00 1.08671154E+00 1.08326865E+00 1.08002876E+00 1.07663312E+00 1.07350815E+00 1.07024720E+00 1.06723895E+00 1.06412162E+00 1.06127586E+00 1.05834044E+00 1.05566465E+00 1.05291847E+00 1.05042724E+00 1.04787780E+00 1.04557871E+00 1.04323507E+00 1.04095965E+00 1.03864099E+00 1.03627161E+00 1.03386291E+00 1.03142877E+00 1.02895069E+00 1.02641376E+00 1.02384385E+00 1.02126351E+00 1.01862397E+00 1.01589159E+00 1.01314931E+00 1.01050433E+00 1.00780231E+00 1.00437037E+00 1.00000000E+00
1.14291374E+00 1.14291837E+00 1.14292247E+00 1.14292521E+00 1.14292651E+00 1.14292695E+00 1.14292720E+00 1.14292777E+00 1.14292840E+00 1.14292884E+00 1.14292903E+00 1.14292904E+00 1.14292904E+00 1.14292913E+00 1.14292929E+00 1.14292952E+00 1.14292980E+00 1.14293018E+00 1.14293067E+00 1.14293129E+00 1.14293206E+00 1.14293300E+00 1.14293413E+00 1.14293547E+00 1.14293704E+00 1.14293887E+00 1.14294100E+00 1.14294345E+00 1.14294626E+00 1.14294946E+00 1.14295310E+00 1.14295724E+00 1.14296190E+00 1.14296714E+00 1.14297301E+00 1.14297959E+00 1.14298690E+00 1.14299499E+00 1.14300392E+00 1.14301377E+00 1.14302453E+00 1.14303625E+00 1.14304898E+00 1.14306276E+00 1.14307756E+00 1.14309334E+00 1.14311007E+00 1.14312765E+00 1.14314598E+00 1.14316486E+00 1.14318418E+00 1.14320352E+00 1.14322250E+00 1.14324062E+00 1.14325747E+00 1.14327215E+00 1.14328400E+00 1.14329173E+00 1.14329430E+00 1.14328986E+00 1.14327711E+00 1.14325319E+00 1.14321636E+00 1.14316357E+00 1.14309228E+00 1.14299765E+00 1.14287667E+00 1.14272298E+00 1.14253206E+00 1.14229580E+00 1.14200893E+00 1.14166204E+00 1.14124876E+00 1.14075566E+00 1.14017467E+00 1.13949000E+00 1.13869157E+00 1.13775879E+00 1.13668053E+00 1.13543822E+00 1.13401419E+00 1.13237618E+00 1.13051111E+00 1.12839244E+00 1.12599800E+00 1.12331490E+00 1.12030599E+00 1.11726345E+00 1.11390099E+00 1.11062788E+00 1.10706967E+00 1.10367093E+00 1.10002672E+00 1.09659084E+00 1.09292479E+00 1.08946173E+00 1.08582497E+00 1.08247223E+00 1.07896354E+00 1.07571476E+00 1.07233878E+00 1.06925003E+00 1.06605579E+00 1.06313567E+00 1.06013059E+00 1.05739617E+00 1.05459003E+00 1.05205303E+00 1.04946011E+00 1.04693496E+00 1.04435500E+00 1.04171047E+00 1.03901133E+00 1.03627201E+00 1.03347457E+00 1.03060010E+00 1.02767134E+00 1.02471100E+00 1.02167503E+00 1.01852332E+00 1.01532488E+00 1.01218090E+00 1.00894947E+00 1.00496054E+00 1.00000000E+00
1.15235874E+00 1.15236668E+00 1.15237336E+00 1.15237932E+00 1.15238442E+00 1.15238852E+00 1.15239165E+00 1.15239400E+00 1.15239582E+00 1.15239733E+00 1.15239855E+00 1.15239953E+00 1.15240030E+00 1.15240095E+00 1.15240152E+00 1.15240207E+00 1.15240263E+00 1.15240323E+00 1.15240390E+00 1.15240468E+00 1.15240558E+00 1.15240664E+00 1.15240789E+00 1.15240937E+00 1.15241110E+00 1.15241312E+00 1.15241546E+00 1.15241819E+00 1.15242132E+00 1.15242493E+00 1.15242905E+00 1.15243379E+00 1.15243917E+00 1.15244527E+00 1.15245215E+00 1.15245994E+00 1.15246868E+00 1.15247845E+00 1.15248933E+00 1.15250146E+00 1.15251488E+00 1.15252967E+00 1.15254593E+00 1.15256378E+00 1.15258325E+00 1.15260437E+00 1.15262716E+00 1.15265163E+00 1.15267777E+00 1.15270550E+00 1.15273475E+00 1.15276522E+00 1.15279665E+00 1.15282879E+00 1.15286127E+00 1.15289330E+00 1.15292430E+00 1.15295309E+00 1.15297878E+00 1.15299969E+00 1.15301453E+00 1.15302049E+00 1.15301602E+00 1.15299841E+00 1.15296496E+00 1.15291062E+00 1.15283232E+00 1.15272342E+00 1.15257932E+00 1.15239159E+00 1.15215443E+00 1.15185800E+00 1.15149588E+00 1.15105377E+00 1.15052241E+00 1.14988431E+00 1.14912826E+00 1.14823190E+00 1.14718465E+00 1.14596652E+00 1.14455504E+00 1.14291368E+00 1.14103065E+00 1.13887732E+00 1.13642691E+00 1.13366299E+00 1.13054750E+00 1.12738327E+00 1.12386909E+00 1.12043262E+00 1.11668712E+00 1.11310174E+00 1.10924519E+00 1.10559699E+00 1.10169472E+00 1.09800099E+00 1.09411474E+00 1.09052526E+00 1.08676171E+00 1.08326897E+00 1.07963201E+00 1.07629868E+00 1.07284598E+00 1.06968429E+00 1.06642499E+00 1.06345376E+00 1.06039905E+00 1.05763238E+00 1.05480050E+00 1.05203836E+00 1.04921265E+00 1.04631195E+00 1.04334444E+00 1.04032492E+00 1.03723720E+00 1.03406027E+00 1.03081374E+00 1.02752052E+00 1.02414141E+00 1.02063235E+00 1.01705157E+00 1.01349765E+00 1.00983968E+00 1.00541320E+00 1.00000000E+00
1.16076573E+00 1.16077581E+00 1.16078396E+00 1.16079068E+00 1.16079618E+00 1.16080072E+00 1.16080435E+00 1.16080724E+00 1.16080950E+00 1.16081131E+00 1.16081274E+00 1.16081390E+00 1.16081485E+00 1.16081566E+00 1.16081637E+00 1.16081704E+00 1.16081771E+00 1.16081841E+00 1.16081917E+00 1.16082004E+00 1.16082104E+00 1.16082222E+00 1.16082360E+00 1.16082523E+00 1.16082715E+00 1.16082939E+00 1.16083201E+00 1.16083508E+00 1.16083864E+00 1.16084276E+00 1.16084750E+00 1.16085299E+00 1.16085927E+00 1.16086645E+00 1.16087461E+00 1.16088390E+00 1.16089441E+00 1.16090625E+00 1.16091954E+00 1.16093447E+00 1.16095113E+00 1.16096968E+00 1.16099024E+00 1.16101301E+00 1.16103809E+00 1.16106564E+00 1.16109570E+00 1.16112841E+00 1.16116386E+00 1.16120209E+00 1.16124307E+00 1.16128660E+00 1.16133265E+00 1.16138122E+00 1.16143195E+00 1.16148408E+00 1.16153713E+00 1.16159002E+00 1.16164206E+00 1.16169173E+00 1.16173773E+00 1.16177725E+00 1.16180895E+00 1.16183041E+00 1.16183869E+00 1.16182839E+00 1.16179636E+00 1.16173552E+00 1.16164124E+00 1.16150463E+00 1.16131926E+00 1.16107463E+00 1.16076426E+00 1.16037284E+00 1.15988978E+00 1.15929568E+00 1.15857836E+00 1.15771374E+00 1.15669147E+00 1.15548992E+00 1.15408212E+00 1.15242763E+00 1.15051589E+00 1.14831639E+00 1.14579820E+00 1.14294201E+00 1.13970868E+00 1.13641321E+00 1.13273951E+00 1.12913474E+00 1.12519786E+00 1.12142310E+00 1.11735317E+00 1.11349342E+00 1.10935900E+00 1.10544184E+00 1.10131444E+00 1.09749620E+00 1.09348832E+00 1.08976422E+00 1.08588129E+00 1.08231843E+00 1.07862470E+00 1.07523951E+00 1.07174642E+00 1.06855897E+00 1.06527862E+00 1.06230435E+00 1.05925766E+00 1.05628394E+00 1.05324018E+00 1.05011383E+00 1.04691155E+00 1.04364822E+00 1.04030945E+00 1.03687333E+00 1.03335681E+00 1.02978275E+00 1.02611611E+00 1.02231040E+00 1.01841562E+00 1.01452890E+00 1.01052895E+00 1.00575949E+00 1.00000000E+00
1.12458032E+00 1.12458008E+00 1.12457667E+00 1.12457328E+00 1.12457102E+00 1.12457038E+00 1.12457043E+00 1.12457036E+00 1.12457006E+00 1.12456961E+00 1.12456925E+00 1.12456911E+00 1.12456914E+00 1.12456928E+00 1.12456950E+00 1.12456980E+00 1.12457020E+00 1.12457072E+00 1.12457137E+00 1.12457214E+00 1.12457305E+00 1.12457412E+00 1.12457535E+00 1.12457676E+00 1.12457837E+00 1.12458020E+00 1.12458226E+00 1.12458458E+00 1.12458717E+00 1.12459006E+00 1.12459327E+00 1.12459682E+00 1.12460073E+00 1.12460501E+00 1.12460967E+00 1.12461473E+00 1.12462020E+00 1.12462606E+00 1.12463230E+00 1.12463890E+00 1.12464582E+00 1.12465300E+00 1.12466037E+00 1.12466781E+00 1.12467521E+00 1.12468237E+00 1.12468911E+00 1.12469512E+00 1.12470015E+00 1.12470371E+00 1.12470545E+00 1.12470468E+00 1.12470085E+00 1.12469305E+00 1.12468055E+00 1.12466201E+00 1.12463648E+00 1.12460217E+00 1.12455779E+00 1.12450097E+00 1.12443003E+00 1.12434186E+00 1.12423424E+00 1.12410329E+00 1.12394616E+00 1.12375775E+00 1.12353464E+00 1.12327042E+00 1.12296068E+00 1.12259764E+00 1.12217596E+00 1.12168602E+00 1.12112139E+00 1.12047051E+00 1.11972592E+00 1.11887363E+00 1.11790514E+00 1.11680379E+00 1.11555877E+00 1.11415292E+00 1.11257439E+00 1.11080071E+00 1.10881887E+00 1.10660644E+00 1.10414823E+00 1.10144232E+00 1.09845377E+00 1.09547816E+00 1.09223862E+00 1.08913385E+00 1.08579463E+00 1.08263622E+00 1.07927910E+00 1.07613711E+00 1.07282658E+00 1.06975004E+00 1.06653580E+00 1.06357649E+00 1.06050376E+00 1.05768992E+00 1.05478467E+00 1.05213866E+00 1.04942072E+00 1.04695649E+00 1.04443672E+00 1.04216222E+00 1.03984252E+00 1.03775331E+00 1.03563101E+00 1.03357970E+00 1.03150091E+00 1.02939328E+00 1.02725760E+00 1.02509995E+00 1.02292111E+00 1.02071946E+00 1.01850238E+00 1.01628933E+00 1.01407213E+00 1.01182975E+00 1.00961050E+00 1.00757792E+00 1.00565012E+00 1.00319994E+00 1.00000000E+00
1.12643860E+00 1.12643968E+00 1.12644436E+00 1.12644736E+00 1.12644799E+00 1.12644631E+00 1.12644391E+00 1.12644220E+00 1.12644130E+00 1.12644102E+00 1.12644095E+00 1.12644078E+00 1.12644058E+00 1.12644044E+00 1.12644044E+00 1.12644062E+00 1.12644094E+00 1.12644137E+00 1.12644193E+00 1.12644262E+00 1.12644345E+00 1.12644445E+00 1.12644562E+00 1.12644698E+00 1.12644854E+00 1.12645033E+00 1.12645235E+00 1.12645465E+00 1.12645722E+00 1.12646010E+00 1.12646331E+00 1.12646689E+00 1.12647084E+00 1.12647519E+00 1.12647996E+00 1.12648517E+00 1.12649082E+00 1.12649693E+00 1.12650349E+00 1.12651049E+00 1.12651791E+00 1.12652569E+00 1.12653379E+00 1.12654212E+00 1.12655059E+00 1.12655902E+00 1.12656727E+00 1.12657505E+00 1.12658215E+00 1.12658814E+00 1.12659271E+00 1.12659523E+00 1.12659518E+00 1.12659173E+00 1.12658421E+00 1.12657138E+00 1.12655236E+00 1.12652547E+00 1.12648946E+00 1.12644209E+00 1.12638177E+00 1.12630546E+00 1.12621105E+00 1.12609482E+00 1.12595402E+00 1.12578367E+00 1.12558049E+00 1.12533813E+00 1.12505219E+00 1.12471492E+00 1.12432111E+00 1.12386123E+00 1.12332888E+00 1.12271220E+00 1.12200385E+00 1.12118977E+00 1.12026145E+00 1.11920159E+00 1.11799885E+00 1.11663588E+00 1.11510092E+00 1.11337013E+00 1.11142997E+00 1.10925742E+00 1.10683719E+00 1.10416544E+00 1.10120660E+00 1.09825149E+00 1.09502746E+00 1.09193045E+00 1.08859275E+00 1.08542936E+00 1.08206290E+00 1.07890985E+00 1.07558097E+00 1.07247728E+00 1.06923246E+00 1.06624613E+00 1.06314192E+00 1.06029454E+00 1.05735247E+00 1.05467193E+00 1.05191650E+00 1.04941553E+00 1.04685659E+00 1.04454413E+00 1.04218404E+00 1.04005909E+00 1.03789902E+00 1.03580936E+00 1.03368811E+00 1.03153221E+00 1.02934734E+00 1.02714203E+00 1.02490735E+00 1.02263851E+00 1.02035140E+00 1.01806452E+00 1.01574551E+00 1.01336678E+00 1.01099404E+00 1.00875812E+00 1.00653423E+00 1.00368006E+00 1.00000000E+00
1.13497652E+00 1.13498136E+00 1.13498687E+00 1.13498962E+00 1.13498982E+00 1.13498823E+00 1.13498612E+00 1.13498462E+00 1.13498371E+00 1.13498327E+00 1.13498297E+00 1.13498261E+00 1.13498225E+00 1.13498197E+00 1.13498184E+00 1.13498189E+00 1.13498210E+00 1.13498244E+00 1.13498292E+00 1.13498356E+00 1.13498436E+00 1.13498534E+00 1.13498652E+00 1.13498790E+00 1.13498951E+00 1.13499137E+00 1.13499350E+00 1.13499593E+00 1.13499867E+00 1.13500177E+00 1.13500524E+00 1.13500913E+00 1.13501346E+00 1.13501826E+00 1.13502356E+00 1.13502940E+00 1.13503579E+00 1.13504275E+00 1.13505029E+00 1.13505844E+00 1.13506718E+00 1.13507649E+00 1.13508634E+00 1.13509668E+00 1.13510744E+00 1.13511849E+00 1.13512970E+00 1.13514084E+00 1.13515174E+00 1.13516202E+00 1.13517143E+00 1.13517938E+00 1.13518538E+00 1.13518869E+00 1.13518871E+00 1.13518428E+00 1.13517455E+00 1.13515792E+00 1.13513318E+00 1.13509815E+00 1.13505132E+00 1.13498964E+00 1.13491106E+00 1.13481196E+00 1.13468960E+00 1.13453892E+00 1.13435667E+00 1.13413637E+00 1.13387348E+00 1.13356005E+00 1.13319076E+00 1.13275583E+00 1.13224864E+00 1.13165666E+00 1.13097232E+00 1.13018073E+00 1.12927282E+00 1.12822998E+00 1.12704036E+00 1.12568575E+00 1.12415296E+00 1.12241560E+00 1.12045959E+00 1.11826026E+00 1.11580003E+00 1.11307222E+00 1.11003954E+00 1.10699930E+00 1.10366998E+00 1.10045928E+00 1.09698948E+00 1.09369281E+00 1.09017508E+00 1.08687179E+00 1.08337208E+00 1.08009691E+00 1.07666819E+00 1.07350878E+00 1.07021556E+00 1.06718461E+00 1.06404601E+00 1.06118158E+00 1.05822969E+00 1.05554244E+00 1.05278583E+00 1.05028736E+00 1.04773119E+00 1.04542506E+00 1.04307420E+00 1.04079202E+00 1.03846774E+00 1.03609683E+00 1.03368548E+00 1.03124200E+00 1.02875475E+00 1.02621542E+00 1.02363964E+00 1.02104420E+00 1.01839581E+00 1.01566162E+00 1.01289906E+00 1.01022951E+00 1.00753917E+00 1.00419461E+00 1.00000000E+00
1.14472407E+00 1.14473564E+00 1.14474180E+00 1.14474399E+00 1.14474415E+00 1.14474427E+00 1.14474458E+00 1.14474518E+00 1.14474569E+00 1.14474587E+00 1.14474580E+00 1.14474563E+00 1.14474548E+00 1.14474546E+00 1.14474554E+00 1.14474571E+00 1.14474599E+00 1.14474638E+00 1.14474691E+00 1.14474760E+00 1.14474846E+00 1.14474952E+00 1.14475078E+00 1.14475228E+00 1.14475404E+00 1.14475607E+00 1.14475842E+00 1.14476112E+00 1.14476420E+00 1.14476769E+00 1.14477163E+00 1.14477608E+00 1.14478108E+00 1.14478666E+00 1.14479286E+00 1.14479976E+00 1.14480739E+00 1.14481577E+00 1.14482496E+00 1.14483500E+00 1.14484590E+00 1.14485767E+00 1.14487034E+00 1.14488389E+00 1.14489829E+00 1.14491344E+00 1.14492926E+00 1.14494561E+00 1.14496234E+00 1.14497914E+00 1.14499582E+00 1.14501185E+00 1.14502680E+00 1.14504004E+00 1.14505101E+00 1.14505860E+00 1.14506203E+00 1.14505975E+00 1.14505057E+00 1.14503238E+00 1.14500366E+00 1.14496134E+00 1.14490340E+00 1.14482627E+00 1.14472712E+00 1.14460068E+00 1.14444360E+00 1.14424907E+00 1.14401235E+00 1.14372508E+00 1.14338156E+00 1.14297149E+00 1.14248790E+00 1.14191732E+00 1.14125149E+00 1.14047416E+00 1.13957534E+00 1.13853476E+00 1.13734019E+00 1.13597204E+00 1.13441445E+00 1.13263788E+00 1.13062813E+00 1.12835825E+00 1.12580746E+00 1.12296650E+00 1.11979624E+00 1.11660760E+00 1.11310335E+00 1.10971233E+00 1.10603979E+00 1.10254386E+00 1.09880404E+00 1.09528361E+00 1.09154547E+00 1.08803950E+00 1.08436380E+00 1.08097179E+00 1.07742959E+00 1.07416215E+00 1.07077265E+00 1.06767458E+00 1.06447648E+00 1.06155965E+00 1.05856243E+00 1.05584082E+00 1.05305152E+00 1.05053091E+00 1.04795719E+00 1.04545394E+00 1.04290059E+00 1.04029141E+00 1.03763151E+00 1.03492931E+00 1.03217402E+00 1.02935529E+00 1.02648657E+00 1.02358431E+00 1.02061914E+00 1.01755536E+00 1.01444190E+00 1.01139854E+00 1.00832440E+00 1.00459205E+00 1.00000000E+00
1.15398199E+00 1.15398687E+00 1.15399113E+00 1.15399437E+00 1.15399665E+00 1.15399819E+00 1.15399928E+00 1.15400018E+00 1.15400089E+00 1.15400149E+00 1.15400195E+00 1.15400234E+00 1.15400268E+00 1.15400304E+00 1.15400343E+00 1.15400388E+00 1.15400441E+00 1.15400505E+00 1.15400580E+00 1.15400671E+00 1.15400778E+00 1.15400906E+00 1.15401056E+00 1.15401232E+00 1.15401436E+00 1.15401674E+00 1.15401947E+00 1.15402262E+00 1.15402622E+00 1.15403033E+00 1.15403500E+00 1.15404030E+00 1.15404628E+00 1.15405301E+00 1.15406055E+00 1.15406900E+00 1.15407840E+00 1.15408883E+00 1.15410036E+00 1.15411308E+00 1.15412703E+00 1.15414227E+00 1.15415887E+00 1.15417687E+00 1.15419627E+00 1.15421705E+00 1.15423918E+00 1.15426257E+00 1.15428715E+00 1.15431269E+00 1.15433903E+00 1.15436572E+00 1.15439238E+00 1.15441854E+00 1.15444364E+00 1.15446662E+00 1.15448671E+00 1.15450238E+00 1.15451250E+00 1.15451495E+00 1.15450819E+00 1.15448905E+00 1.15445549E+00 1.15440398E+00 1.15433144E+00 1.15423222E+00 1.15410280E+00 1.15393585E+00 1.15372637E+00 1.15346542E+00 1.15314672E+00 1.15275920E+00 1.15229548E+00 1.15174092E+00 1.15108636E+00 1.15031388E+00 1.14941253E+00 1.14836025E+00 1.14714440E+00 1.14574385E+00 1.14413976E+00 1.14229959E+00 1.14020922E+00 1.13783957E+00 1.13516680E+00 1.13217998E+00 1.12883806E+00 1.12546956E+00 1.12175889E+00 1.11816034E+00 1.11425820E+00 1.11053989E+00 1.10655587E+00 1.10279978E+00 1.09880766E+00 1.09506055E+00 1.09112820E+00 1.08749579E+00 1.08369963E+00 1.08019452E+00 1.07655515E+00 1.07322605E+00 1.06978707E+00 1.06664834E+00 1.06342077E+00 1.06048773E+00 1.05747939E+00 1.05475862E+00 1.05197885E+00 1.04927346E+00 1.04651271E+00 1.04369011E+00 1.04080963E+00 1.03787985E+00 1.03489143E+00 1.03183311E+00 1.02871623E+00 1.02555720E+00 1.02233056E+00 1.01899925E+00 1.01560589E+00 1.01227041E+00 1.00890252E+00 1.00488117E+00 1.00000000E+00
1.16229661E+00 1.16230580E+00 1.16231300E+00 1.16231866E+00 1.16232315E+00 1.16232689E+00 1.16232994E+00 1.16233243E+00 1.16233440E+00 1.16233598E+00 1.16233726E+00 1.16233833E+00 1.16233925E+00 1.16234008E+00 1.16234086E+00 1.16234164E+00 1.16234245E+00 1.16234334E+00 1.16234433E+00 1.16234548E+00 1.16234679E+00 1.16234834E+00 1.16235013E+00 1.16235223E+00 1.16235466E+00 1.16235749E+00 1.16236076E+00 1.16236454E+00 1.16236888E+00 1.16237385E+00 1.16237952E+00 1.16238600E+00 1.16239334E+00 1.16240166E+00 1.16241101E+00 1.16242155E+00 1.16243334E+00 1.16244651E+00 1.16246115E+00 1.16247742E+00 1.16249538E+00 1.16251517E+00 1.16253686E+00 1.16256059E+00 1.16258639E+00 1.16261434E+00 1.16264443E+00 1.16267667E+00 1.16271104E+00 1.16274739E+00 1.16278559E+00 1.16282523E+00 1.16286606E+00 1.16290771E+00 1.16294961E+00 1.16299066E+00 1.16303013E+00 1.16306645E+00 1.16309853E+00 1.16312421E+00 1.16314187E+00 1.16314813E+00 1.16314094E+00 1.16311666E+00 1.16307190E+00 1.16300049E+00 1.16289866E+00 1.16275843E+00 1.16257447E+00 1.16233715E+00 1.16203949E+00 1.16166951E+00 1.16121935E+00 1.16067321E+00 1.16002085E+00 1.15924272E+00 1.15832693E+00 1.15724973E+00 1.15599802E+00 1.15454915E+00 1.15288166E+00 1.15096034E+00 1.14877127E+00 1.14628361E+00 1.14347102E+00 1.14032165E+00 1.13679265E+00 1.13323203E+00 1.12930513E+00 1.12549303E+00 1.12135748E+00 1.11741568E+00 1.11318945E+00 1.10920229E+00 1.10496425E+00 1.10098680E+00 1.09681102E+00 1.09295210E+00 1.08891898E+00 1.08519458E+00 1.08132649E+00 1.07778737E+00 1.07413118E+00 1.07079414E+00 1.06736223E+00 1.06424309E+00 1.06104329E+00 1.05814859E+00 1.05519097E+00 1.05231239E+00 1.04937512E+00 1.04637226E+00 1.04330682E+00 1.04018747E+00 1.03700628E+00 1.03375163E+00 1.03043319E+00 1.02706734E+00 1.02363185E+00 1.02008918E+00 1.01647734E+00 1.01291680E+00 1.00932575E+00 1.00509008E+00 1.00000000E+00
1.12676093E+00 1.12676326E+00 1.12676140E+00 1.12675808E+00 1.12675527E+00 1.12675425E+00 1.12675425E+00 1.12675441E+00 1.12675437E+00 1.12675405E+00 1.12675371E+00 1.12675357E+00 1.12675361E+00 1.12675380E+00 1.12675407E+00 1.12675441E+00 1.12675485E+00 1.12675540E+00 1.12675608E+00 1.12675690E+00 1.12675785E+00 1.12675896E+00 1.12676023E+00 1.12676170E+00 1.12676336E+00 1.12676524E+00 1.12676736E+00 1.12676974E+00 1.12677239E+00 1.12677535E+00 1.12677863E+00 1.12678225E+00 1.12678623E+00 1.12679058E+00 1.12679531E+00 1.12680045E+00 1.12680598E+00 1.12681190E+00 1.12681820E+00 1.12682484E+00 1.12683180E+00 1.12683899E+00 1.12684635E+00 1.12685376E+00 1.12686109E+00 1.12686814E+00 1.12687472E+00 1.12688051E+00 1.12688524E+00 1.12688843E+00 1.12688971E+00 1.12688835E+00 1.12688381E+00 1.12687516E+00 1.12686163E+00 1.12684187E+00 1.12681489E+00 1.12677889E+00 1.12673253E+00 1.12667342E+00 1.12659985E+00 1.12650864E+00 1.12639757E+00 1.12626269E+00 1.12610110E+00 1.12590765E+00 1.12567887E+00 1.12540829E+00 1.12509147E+00 1.12472057E+00 1.12429020E+00 1.12379067E+00 1.12321545E+00 1.12255304E+00 1.12179583E+00 1.12092982E+00 1.11994641E+00 1.11882894E+00 1.11756672E+00 1.11614245E+00 1.11454406E+00 1.11274929E+00 1.11074525E+00 1.10850936E+00 1.10602630E+00 1.10329439E+00 1.10027833E+00 1.09727714E+00 1.09401048E+00 1.09088052E+00 1.08751522E+00 1.08433331E+00 1.08095135E+00 1.07778533E+00 1.07444921E+00 1.07135048E+00 1.06811311E+00 1.06513113E+00 1.06203404E+00 1.05919724E+00 1.05626733E+00 1.05359824E+00 1.05085543E+00 1.04836753E+00 1.04582186E+00 1.04352232E+00 1.04117589E+00 1.03906160E+00 1.03691221E+00 1.03483235E+00 1.03272217E+00 1.03058074E+00 1.02840843E+00 1.02620952E+00 1.02398480E+00 1.02173313E+00 1.01945877E+00 1.01717570E+00 1.01488001E+00 1.01255269E+00 1.01022374E+00 1.00803351E+00 1.00593927E+00 1.00334418E+00 1.00000000E+00
1.12843954E+00 1.12844195E+00 1.12844908E+00 1.12845392E+00 1.12845538E+00 1.12845356E+00 1.12845073E+00 1.12844892E+00 1.12844821E+00 1.12844825E+00 1.12844845E+00 1.12844838E+00 1.12844820E+00 1.12844809E+00 1.12844815E+00 1.12844841E+00 1.12844880E+00 1.12844931E+00 1.12844992E+00 1.12845067E+00 1.12845157E+00 1.12845264E+00 1.12845388E+00 1.12845532E+00 1.12845696E+00 1.12845882E+00 1.12846093E+00 1.12846331E+00 1.12846598E+00 1.12846895E+00 1.12847226E+00 1.12847593E+00 1.12847997E+00 1.12848440E+00 1.12848924E+00 1.12849452E+00 1.12850022E+00 1.12850635E+00 1.12851291E+00 1.12851987E+00 1.12852720E+00 1.12853485E+00 1.12854275E+00 1.12855080E+00 1.12855889E+00 1.12856683E+00 1.12857445E+00 1.12858145E+00 1.12858759E+00 1.12859241E+00 1.12859556E+00 1.12859636E+00 1.12859428E+00 1.12858843E+00 1.12857810E+00 1.12856197E+00 1.12853910E+00 1.12850774E+00 1.12846658E+00 1.12841329E+00 1.12834621E+00 1.12826222E+00 1.12815913E+00 1.12803307E+00 1.12788120E+00 1.12769841E+00 1.12748130E+00 1.12722340E+00 1.12692027E+00 1.12656408E+00 1.12614946E+00 1.12566672E+00 1.12510933E+00 1.12446555E+00 1.12372786E+00 1.12288208E+00 1.12191957E+00 1.12082324E+00 1.11958204E+00 1.11817844E+00 1.11660042E+00 1.11482485E+00 1.11283847E+00 1.11061829E+00 1.10814878E+00 1.10542708E+00 1.10241746E+00 1.09941735E+00 1.09614796E+00 1.09301128E+00 1.08963486E+00 1.08643894E+00 1.08303954E+00 1.07985545E+00 1.07649669E+00 1.07337192E+00 1.07010632E+00 1.06709864E+00 1.06397284E+00 1.06110726E+00 1.05814635E+00 1.05544840E+00 1.05267479E+00 1.05015734E+00 1.04758041E+00 1.04525109E+00 1.04287304E+00 1.04073037E+00 1.03855087E+00 1.03644048E+00 1.03429686E+00 1.03211825E+00 1.02990735E+00 1.02766936E+00 1.02539938E+00 1.02309477E+00 1.02076361E+00 1.01841898E+00 1.01604222E+00 1.01360977E+00 1.01116060E+00 1.00881775E+00 1.00651659E+00 1.00365357E+00 1.00000000E+00
1.13475284E+00 1.13476128E+00 1.13477029E+00 1.13477467E+00 1.13477500E+00 1.13477295E+00 1.13477054E+00 1.13476939E+00 1.13476916E+00 1.13476928E+00 1.13476931E+00 1.13476907E+00 1.13476877E+00 1.13476862E+00 1.13476866E+00 1.13476887E+00 1.13476922E+00 1.13476968E+00 1.13477026E+00 1.13477100E+00 1.13477190E+00 1.13477299E+00 1.13477426E+00 1.13477575E+00 1.13477745E+00 1.13477941E+00 1.13478163E+00 1.13478415E+00 1.13478698E+00 1.13479016E+00 1.13479371E+00 1.13479766E+00 1.13480203E+00 1.13480686E+00 1.13481216E+00 1.13481796E+00 1.13482427E+00 1.13483110E+00 1.13483845E+00 1.13484633E+00 1.13485471E+00 1.13486355E+00 1.13487281E+00 1.13488239E+00 1.13489222E+00 1.13490212E+00 1.13491193E+00 1.13492140E+00 1.13493030E+00 1.13493820E+00 1.13494478E+00 1.13494939E+00 1.13495152E+00 1.13495033E+00 1.13494513E+00 1.13493463E+00 1.13491792E+00 1.13489327E+00 1.13485938E+00 1.13481395E+00 1.13475531E+00 1.13468033E+00 1.13458682E+00 1.13447092E+00 1.13432977E+00 1.13415813E+00 1.13395258E+00 1.13370650E+00 1.13341529E+00 1.13307091E+00 1.13266786E+00 1.13219616E+00 1.13164903E+00 1.13101421E+00 1.13028396E+00 1.12944338E+00 1.12848342E+00 1.12738608E+00 1.12613978E+00 1.12472624E+00 1.12313253E+00 1.12133389E+00 1.11931652E+00 1.11705609E+00 1.11453562E+00 1.11175070E+00 1.10866410E+00 1.10558047E+00 1.10221300E+00 1.09897515E+00 1.09548410E+00 1.09217475E+00 1.08864883E+00 1.08534114E+00 1.08184528E+00 1.07858625E+00 1.07517726E+00 1.07203447E+00 1.06876278E+00 1.06575761E+00 1.06264817E+00 1.05981166E+00 1.05689097E+00 1.05423526E+00 1.05151247E+00 1.04904691E+00 1.04652594E+00 1.04425149E+00 1.04193387E+00 1.03968515E+00 1.03739663E+00 1.03506575E+00 1.03269540E+00 1.03029049E+00 1.02784478E+00 1.02535402E+00 1.02282607E+00 1.02027297E+00 1.01767582E+00 1.01500918E+00 1.01230812E+00 1.00969112E+00 1.00710414E+00 1.00395134E+00 1.00000000E+00
1.14198711E+00 1.14200094E+00 1.14200799E+00 1.14200989E+00 1.14200947E+00 1.14200946E+00 1.14200999E+00 1.14201090E+00 1.14201157E+00 1.14201171E+00 1.14201152E+00 1.14201131E+00 1.14201119E+00 1.14201124E+00 1.14201140E+00 1.14201165E+00 1.14201199E+00 1.14201247E+00 1.14201309E+00 1.14201389E+00 1.14201486E+00 1.14201602E+00 1.14201740E+00 1.14201901E+00 1.14202088E+00 1.14202303E+00 1.14202548E+00 1.14202828E+00 1.14203144E+00 1.14203501E+00 1.14203902E+00 1.14204351E+00 1.14204850E+00 1.14205405E+00 1.14206017E+00 1.14206693E+00 1.14207433E+00 1.14208241E+00 1.14209118E+00 1.14210068E+00 1.14211088E+00 1.14212178E+00 1.14213336E+00 1.14214556E+00 1.14215831E+00 1.14217147E+00 1.14218492E+00 1.14219843E+00 1.14221180E+00 1.14222464E+00 1.14223666E+00 1.14224723E+00 1.14225586E+00 1.14226176E+00 1.14226427E+00 1.14226210E+00 1.14225435E+00 1.14223927E+00 1.14221556E+00 1.14218088E+00 1.14213357E+00 1.14207036E+00 1.14198905E+00 1.14188570E+00 1.14175732E+00 1.14159841E+00 1.14140542E+00 1.14117138E+00 1.14089146E+00 1.14055720E+00 1.14016275E+00 1.13969759E+00 1.13915458E+00 1.13852064E+00 1.13778753E+00 1.13693927E+00 1.13596617E+00 1.13484896E+00 1.13357555E+00 1.13212657E+00 1.13048752E+00 1.12863167E+00 1.12654482E+00 1.12420099E+00 1.12158131E+00 1.11868028E+00 1.11545891E+00 1.11223547E+00 1.10870932E+00 1.10531334E+00 1.10164802E+00 1.09817032E+00 1.09446036E+00 1.09097609E+00 1.08729001E+00 1.08385019E+00 1.08024953E+00 1.07692763E+00 1.07346657E+00 1.07028416E+00 1.06698866E+00 1.06398036E+00 1.06088034E+00 1.05805917E+00 1.05516457E+00 1.05254125E+00 1.04985689E+00 1.04743326E+00 1.04496186E+00 1.04256191E+00 1.04011793E+00 1.03762686E+00 1.03509103E+00 1.03251538E+00 1.02989434E+00 1.02722285E+00 1.02450761E+00 1.02176054E+00 1.01896529E+00 1.01609584E+00 1.01318291E+00 1.01034434E+00 1.00753642E+00 1.00416827E+00 1.00000000E+00
1.14891026E+00 1.14891390E+00 1.14891697E+00 1.14891895E+00 1.14892000E+00 1.14892051E+00 1.14892077E+00 1.14892103E+00 1.14892124E+00 1.14892141E+00 1.14892154E+00 1.14892168E+00 1.14892186E+00 1.14892211E+00 1.14892245E+00 1.14892289E+00 1.14892344E+00 1.14892413E+00 1.14892496E+00 1.14892596E+00 1.14892715E+00 1.14892856E+00 1.14893020E+00 1.14893211E+00 1.14893431E+00 1.14893684E+00 1.14893973E+00 1.14894304E+00 1.14894678E+00 1.14895102E+00 1.14895579E+00 1.14896116E+00 1.14896717E+00 1.14897387E+00 1.14898131E+00 1.14898956E+00 1.14899866E+00 1.14900865E+00 1.14901959E+00 1.14903151E+00 1.14904444E+00 1.14905839E+00 1.14907337E+00 1.14908936E+00 1.14910630E+00 1.14912409E+00 1.14914264E+00 1.14916176E+00 1.14918127E+00 1.14920081E+00 1.14922011E+00 1.14923854E+00 1.14925564E+00 1.14927069E+00 1.14928295E+00 1.14929114E+00 1.14929432E+00 1.14929069E+00 1.14927891E+00 1.14925655E+00 1.14922187E+00 1.14917142E+00 1.14910289E+00 1.14901220E+00 1.14889612E+00 1.14874874E+00 1.14856630E+00 1.14834133E+00 1.14806868E+00 1.14773934E+00 1.14734698E+00 1.14688036E+00 1.14633192E+00 1.14568766E+00 1.14493869E+00 1.14406785E+00 1.14306477E+00 1.14190892E+00 1.14058771E+00 1.13908069E+00 1.13737179E+00 1.13543249E+00 1.13324840E+00 1.13079221E+00 1.12804346E+00 1.12499636E+00 1.12161023E+00 1.11822038E+00 1.11450995E+00 1.11093470E+00 1.10707540E+00 1.10341355E+00 1.09950582E+00 1.09583478E+00 1.09195115E+00 1.08832710E+00 1.08453310E+00 1.08103240E+00 1.07738509E+00 1.07403103E+00 1.07055736E+00 1.06738621E+00 1.06411828E+00 1.06114420E+00 1.05809256E+00 1.05532667E+00 1.05249611E+00 1.04994013E+00 1.04733371E+00 1.04480246E+00 1.04222493E+00 1.03959779E+00 1.03692278E+00 1.03420496E+00 1.03143970E+00 1.02862161E+00 1.02575635E+00 1.02285584E+00 1.01990622E+00 1.01688139E+00 1.01380883E+00 1.01080648E+00 1.00783853E+00 1.00431829E+00 1.00000000E+00
1.15514265E+00 1.15514892E+00 1.15515336E+00 1.15515644E+00 1.15515863E+00 1.15516038E+00 1.15516175E+00 1.15516284E+00 1.15516365E+00 1.15516429E+00 1.15516481E+00 1.15516530E+00 1.15516578E+00 1.15516629E+00 1.15516686E+00 1.15516751E+00 1.15516828E+00 1.15516918E+00 1.15517025E+00 1.15517151E+00 1.15517299E+00 1.15517473E+00 1.15517675E+00 1.15517910E+00 1.15518180E+00 1.15518492E+00 1.15518848E+00 1.15519256E+00 1.15519718E+00 1.15520243E+00 1.15520836E+00 1.15521503E+00 1.15522252E+00 1.15523090E+00 1.15524022E+00 1.15525060E+00 1.15526207E+00 1.15527472E+00 1.15528861E+00 1.15530383E+00 1.15532041E+00 1.15533839E+00 1.15535781E+00 1.15537866E+00 1.15540093E+00 1.15542455E+00 1.15544942E+00 1.15547540E+00 1.15550231E+00 1.15552981E+00 1.15555762E+00 1.15558511E+00 1.15561181E+00 1.15563701E+00 1.15565994E+00 1.15567918E+00 1.15569378E+00 1.15570180E+00 1.15570184E+00 1.15569133E+00 1.15566837E+00 1.15562926E+00 1.15557155E+00 1.15549091E+00 1.15538380E+00 1.15524384E+00 1.15506700E+00 1.15484521E+00 1.15457300E+00 1.15424074E+00 1.15384158E+00 1.15336355E+00 1.15279861E+00 1.15213195E+00 1.15135401E+00 1.15044655E+00 1.14939860E+00 1.14818858E+00 1.14680342E+00 1.14522187E+00 1.14342656E+00 1.14138754E+00 1.13909044E+00 1.13650707E+00 1.13361583E+00 1.13041134E+00 1.12685141E+00 1.12328948E+00 1.11939210E+00 1.11563824E+00 1.11158839E+00 1.10774813E+00 1.10365157E+00 1.09980448E+00 1.09573703E+00 1.09194391E+00 1.08797416E+00 1.08431240E+00 1.08049913E+00 1.07699384E+00 1.07336462E+00 1.07005245E+00 1.06664044E+00 1.06353637E+00 1.06035228E+00 1.05746716E+00 1.05451523E+00 1.05185011E+00 1.04913314E+00 1.04649524E+00 1.04380997E+00 1.04107389E+00 1.03828831E+00 1.03545833E+00 1.03258017E+00 1.02964839E+00 1.02666778E+00 1.02365032E+00 1.02058412E+00 1.01744328E+00 1.01425290E+00 1.01113113E+00 1.00804813E+00 1.00442110E+00 1.00000000E+00
1.12894841E+00 1.12895132E+00 1.12894997E+00 1.12894699E+00 1.12894441E+00 1.12894356E+00 1.12894372E+00 1.12894404E+00 1.12894413E+00 1.12894391E+00 1.12894366E+00 1.12894360E+00 1.12894372E+00 1.12894397E+00 1.12894431E+00 1.12894470E+00 1.12894519E+00 1.12894580E+00 1.12894653E+00 1.12894740E+00 1.12894840E+00 1.12894956E+00 1.12895089E+00 1.12895240E+00 1.12895412E+00 1.12895606E+00 1.12895824E+00 1.12896068E+00 1.12896340E+00 1.12896643E+00 1.12896977E+00 1.12897346E+00 1.12897751E+00 1.12898194E+00 1.12898674E+00 1.12899195E+00 1.12899754E+00 1.12900352E+00 1.12900987E+00 1.12901655E+00 1.12902353E+00 1.12903072E+00 1.12903807E+00 1.12904542E+00 1.12905267E+00 1.12905959E+00 1.12906599E+00 1.12907153E+00 1.12907595E+00 1.12907874E+00 1.12907951E+00 1.12907753E+00 1.12907223E+00 1.12906267E+00 1.12904806E+00 1.12902701E+00 1.12899852E+00 1.12896075E+00 1.12891233E+00 1.12885085E+00 1.12877453E+00 1.12868019E+00 1.12856556E+00 1.12842663E+00 1.12826045E+00 1.12806184E+00 1.12782725E+00 1.12755018E+00 1.12722615E+00 1.12684726E+00 1.12640805E+00 1.12589880E+00 1.12531288E+00 1.12463883E+00 1.12386890E+00 1.12298911E+00 1.12199070E+00 1.12085709E+00 1.11957773E+00 1.11813511E+00 1.11651695E+00 1.11470129E+00 1.11267531E+00 1.11041620E+00 1.10790857E+00 1.10515112E+00 1.10210810E+00 1.09908189E+00 1.09578854E+00 1.09263396E+00 1.08924320E+00 1.08603810E+00 1.08263154E+00 1.07944208E+00 1.07608090E+00 1.07296019E+00 1.06969960E+00 1.06669474E+00 1.06357314E+00 1.06071318E+00 1.05775829E+00 1.05506571E+00 1.05229724E+00 1.04978488E+00 1.04721228E+00 1.04488665E+00 1.04251240E+00 1.04037173E+00 1.03819365E+00 1.03608363E+00 1.03394017E+00 1.03176265E+00 1.02955120E+00 1.02730819E+00 1.02503405E+00 1.02272813E+00 1.02039205E+00 1.01803400E+00 1.01565297E+00 1.01323559E+00 1.01079313E+00 1.00843336E+00 1.00618250E+00 1.00347693E+00 1.00000000E+00
1.12968790E+00 1.12969124E+00 1.12969984E+00 1.12970577E+00 1.12970776E+00 1.12970599E+00 1.12970308E+00 1.12970137E+00 1.12970087E+00 1.12970117E+00 1.12970156E+00 1.12970160E+00 1.12970149E+00 1.12970145E+00 1.12970159E+00 1.12970193E+00 1.12970241E+00 1.12970298E+00 1.12970365E+00 1.12970447E+00 1.12970543E+00 1.12970657E+00 1.12970787E+00 1.12970937E+00 1.12971108E+00 1.12971301E+00 1.12971519E+00 1.12971763E+00 1.12972036E+00 1.12972340E+00 1.12972677E+00 1.12973048E+00 1.12973456E+00 1.12973903E+00 1.12974389E+00 1.12974915E+00 1.12975483E+00 1.12976090E+00 1.12976736E+00 1.12977417E+00 1.12978131E+00 1.12978869E+00 1.12979625E+00 1.12980386E+00 1.12981140E+00 1.12981866E+00 1.12982545E+00 1.12983146E+00 1.12983640E+00 1.12983979E+00 1.12984125E+00 1.12984005E+00 1.12983564E+00 1.12982709E+00 1.12981361E+00 1.12979384E+00 1.12976680E+00 1.12973063E+00 1.12968401E+00 1.12962451E+00 1.12955040E+00 1.12945849E+00 1.12934653E+00 1.12921052E+00 1.12904755E+00 1.12885241E+00 1.12862159E+00 1.12834857E+00 1.12802888E+00 1.12765459E+00 1.12722025E+00 1.12671612E+00 1.12613557E+00 1.12546702E+00 1.12470277E+00 1.12382872E+00 1.12283610E+00 1.12170818E+00 1.12043425E+00 1.11899672E+00 1.11738328E+00 1.11557170E+00 1.11354902E+00 1.11129225E+00 1.10878591E+00 1.10602831E+00 1.10298354E+00 1.09995388E+00 1.09665554E+00 1.09349488E+00 1.09009635E+00 1.08688284E+00 1.08346650E+00 1.08026727E+00 1.07689472E+00 1.07376204E+00 1.07048865E+00 1.06747198E+00 1.06433746E+00 1.06146493E+00 1.05849660E+00 1.05579151E+00 1.05300979E+00 1.05048483E+00 1.04789893E+00 1.04556073E+00 1.04317313E+00 1.04102035E+00 1.03882935E+00 1.03670625E+00 1.03454855E+00 1.03235538E+00 1.03012749E+00 1.02786740E+00 1.02557367E+00 1.02324526E+00 1.02088466E+00 1.01849973E+00 1.01608446E+00 1.01362431E+00 1.01113311E+00 1.00871269E+00 1.00638482E+00 1.00358479E+00 1.00000000E+00
1.13216818E+00 1.13217689E+00 1.13218650E+00 1.13219099E+00 1.13219116E+00 1.13218895E+00 1.13218660E+00 1.13218579E+00 1.13218596E+00 1.13218639E+00 1.13218665E+00 1.13218657E+00 1.13218642E+00 1.13218644E+00 1.13218665E+00 1.13218701E+00 1.13218748E+00 1.13218805E+00 1.13218873E+00 1.13218956E+00 1.13219054E+00 1.13219170E+00 1.13219303E+00 1.13219456E+00 1.13219631E+00 1.13219829E+00 1.13220052E+00 1.13220304E+00 1.13220585E+00 1.13220899E+00 1.13221247E+00 1.13221632E+00 1.13222055E+00 1.13222520E+00 1.13223026E+00 1.13223576E+00 1.13224170E+00 1.13224808E+00 1.13225489E+00 1.13226210E+00 1.13226968E+00 1.13227756E+00 1.13228569E+00 1.13229394E+00 1.13230220E+00 1.13231026E+00 1.13231795E+00 1.13232494E+00 1.13233099E+00 1.13233559E+00 1.13233839E+00 1.13233867E+00 1.13233587E+00 1.13232908E+00 1.13231752E+00 1.13229983E+00 1.13227503E+00 1.13224127E+00 1.13219722E+00 1.13214045E+00 1.13206922E+00 1.13198033E+00 1.13187150E+00 1.13173873E+00 1.13157908E+00 1.13138728E+00 1.13115978E+00 1.13089000E+00 1.13057337E+00 1.13020188E+00 1.12976999E+00 1.12926782E+00 1.12868862E+00 1.12802060E+00 1.12725595E+00 1.12638025E+00 1.12538460E+00 1.12425187E+00 1.12297114E+00 1.12152451E+00 1.11989934E+00 1.11807280E+00 1.11603169E+00 1.11375250E+00 1.11121922E+00 1.10842973E+00 1.10534746E+00 1.10227833E+00 1.09893482E+00 1.09572869E+00 1.09227942E+00 1.08901635E+00 1.08554541E+00 1.08229346E+00 1.07886328E+00 1.07567501E+00 1.07234250E+00 1.06927026E+00 1.06607624E+00 1.06314740E+00 1.06011949E+00 1.05735904E+00 1.05451890E+00 1.05193944E+00 1.04929637E+00 1.04690513E+00 1.04446216E+00 1.04225852E+00 1.04001448E+00 1.03783865E+00 1.03562603E+00 1.03337555E+00 1.03108802E+00 1.02876586E+00 1.02640725E+00 1.02401077E+00 1.02157889E+00 1.01911917E+00 1.01662560E+00 1.01408355E+00 1.01150582E+00 1.00899255E+00 1.00657066E+00 1.00367864E+00 1.00000000E+00
1.13499802E+00 1.13501309E+00 1.13502496E+00 1.13503008E+00 1.13503067E+00 1.13502976E+00 1.13502905E+00 1.13502957E+00 1.13503056E+00 1.13503129E+00 1.13503161E+00 1.13503163E+00 1.13503161E+00 1.13503176E+00 1.13503206E+00 1.13503247E+00 1.13503296E+00 1.13503354E+00 1.13503425E+00 1.13503511E+00 1.13503613E+00 1.13503734E+00 1.13503873E+00 1.13504033E+00 1.13504216E+00 1.13504425E+00 1.13504661E+00 1.13504927E+00 1.13505225E+00 1.13505559E+00 1.13505930E+00 1.13506341E+00 1.13506796E+00 1.13507295E+00 1.13507841E+00 1.13508437E+00 1.13509083E+00 1.13509779E+00 1.13510525E+00 1.13511319E+00 1.13512159E+00 1.13513040E+00 1.13513954E+00 1.13514893E+00 1.13515844E+00 1.13516788E+00 1.13517708E+00 1.13518574E+00 1.13519360E+00 1.13520017E+00 1.13520511E+00 1.13520769E+00 1.13520737E+00 1.13520323E+00 1.13519449E+00 1.13517977E+00 1.13515810E+00 1.13512759E+00 1.13508690E+00 1.13503356E+00 1.13496582E+00 1.13488038E+00 1.13477497E+00 1.13464548E+00 1.13448892E+00 1.13429987E+00 1.13407473E+00 1.13380672E+00 1.13349117E+00 1.13311986E+00 1.13268710E+00 1.13218275E+00 1.13159990E+00 1.13092641E+00 1.13015426E+00 1.12926863E+00 1.12826033E+00 1.12711179E+00 1.12581184E+00 1.12434214E+00 1.12268956E+00 1.12083059E+00 1.11875185E+00 1.11642923E+00 1.11384614E+00 1.11100030E+00 1.10785440E+00 1.10472082E+00 1.10130585E+00 1.09803005E+00 1.09450518E+00 1.09117010E+00 1.08762162E+00 1.08429633E+00 1.08078824E+00 1.07752692E+00 1.07411769E+00 1.07097437E+00 1.06770599E+00 1.06470834E+00 1.06160886E+00 1.05878287E+00 1.05587489E+00 1.05323340E+00 1.05052643E+00 1.04807700E+00 1.04557424E+00 1.04331638E+00 1.04101685E+00 1.03878684E+00 1.03651892E+00 1.03421190E+00 1.03186644E+00 1.02948499E+00 1.02706596E+00 1.02460779E+00 1.02211263E+00 1.01958801E+00 1.01702881E+00 1.01442051E+00 1.01177466E+00 1.00919086E+00 1.00670048E+00 1.00374378E+00 1.00000000E+00
1.13774207E+00 1.13774364E+00 1.13774573E+00 1.13774772E+00 1.13774909E+00 1.13774970E+00 1.13774989E+00 1.13775001E+00 1.13775017E+00 1.13775039E+00 1.13775062E+00 1.13775084E+00 1.13775109E+00 1.13775140E+00 1.13775180E+00 1.13775229E+00 1.13775289E+00 1.13775361E+00 1.13775446E+00 1.13775546E+00 1.13775663E+00 1.13775799E+00 1.13775954E+00 1.13776133E+00 1.13776337E+00 1.13776569E+00 1.13776830E+00 1.13777126E+00 1.13777456E+00 1.13777827E+00 1.13778239E+00 1.13778698E+00 1.13779204E+00 1.13779762E+00 1.13780374E+00 1.13781042E+00 1.13781769E+00 1.13782555E+00 1.13783401E+00 1.13784305E+00 1.13785266E+00 1.13786279E+00 1.13787340E+00 1.13788436E+00 1.13789559E+00 1.13790689E+00 1.13791809E+00 1.13792890E+00 1.13793905E+00 1.13794807E+00 1.13795559E+00 1.13796088E+00 1.13796338E+00 1.13796218E+00 1.13795647E+00 1.13794483E+00 1.13792625E+00 1.13789882E+00 1.13786112E+00 1.13781064E+00 1.13774555E+00 1.13766247E+00 1.13755903E+00 1.13743105E+00 1.13727539E+00 1.13708647E+00 1.13686056E+00 1.13659066E+00 1.13627196E+00 1.13589599E+00 1.13545688E+00 1.13494418E+00 1.13435080E+00 1.13366425E+00 1.13287630E+00 1.13197168E+00 1.13094100E+00 1.12976623E+00 1.12843601E+00 1.12693166E+00 1.12523961E+00 1.12333579E+00 1.12120677E+00 1.11882805E+00 1.11618263E+00 1.11326846E+00 1.11004751E+00 1.10683998E+00 1.10334502E+00 1.09999314E+00 1.09638734E+00 1.09297669E+00 1.08934840E+00 1.08594894E+00 1.08236352E+00 1.07903108E+00 1.07554810E+00 1.07233734E+00 1.06899951E+00 1.06593862E+00 1.06277416E+00 1.05988937E+00 1.05692131E+00 1.05422562E+00 1.05146347E+00 1.04896439E+00 1.04641113E+00 1.04410790E+00 1.04176242E+00 1.03948807E+00 1.03717535E+00 1.03482304E+00 1.03243164E+00 1.03000364E+00 1.02753777E+00 1.02503240E+00 1.02248939E+00 1.01991630E+00 1.01730880E+00 1.01465254E+00 1.01195808E+00 1.00932478E+00 1.00678722E+00 1.00378698E+00 1.00000000E+00
1.14019139E+00 1.14019577E+00 1.14019934E+00 1.14020169E+00 1.14020309E+00 1.14020400E+00 1.14020466E+00 1.14020528E+00 1.14020580E+00 1.14020622E+00 1.14020658E+00 1.14020693E+00 1.14020731E+00 1.14020776E+00 1.14020827E+00 1.14020888E+00 1.14020960E+00 1.14021045E+00 1.14021145E+00 1.14021261E+00 1.14021396E+00 1.14021553E+00 1.14021732E+00 1.14021937E+00 1.14022171E+00 1.14022436E+00 1.14022735E+00 1.14023073E+00 1.14023451E+00 1.14023874E+00 1.14024345E+00 1.14024868E+00 1.14025446E+00 1.14026083E+00 1.14026781E+00 1.14027544E+00 1.14028375E+00 1.14029273E+00 1.14030241E+00 1.14031277E+00 1.14032381E+00 1.14033547E+00 1.14034771E+00 1.14036041E+00 1.14037348E+00 1.14038673E+00 1.14039997E+00 1.14041290E+00 1.14042527E+00 1.14043656E+00 1.14044640E+00 1.14045401E+00 1.14045884E+00 1.14045993E+00 1.14045645E+00 1.14044689E+00 1.14043021E+00 1.14040441E+00 1.14036804E+00 1.14031848E+00 1.14025384E+00 1.14017058E+00 1.14006627E+00 1.13993659E+00 1.13977828E+00 1.13958554E+00 1.13935455E+00 1.13907806E+00 1.13875113E+00 1.13836504E+00 1.13791376E+00 1.13738655E+00 1.13677617E+00 1.13606986E+00 1.13525918E+00 1.13432853E+00 1.13326833E+00 1.13206027E+00 1.13069283E+00 1.12914714E+00 1.12740931E+00 1.12545492E+00 1.12327056E+00 1.12083158E+00 1.11812073E+00 1.11513644E+00 1.11184013E+00 1.10855978E+00 1.10498756E+00 1.10156353E+00 1.09788216E+00 1.09440196E+00 1.09070133E+00 1.08723557E+00 1.08358190E+00 1.08018758E+00 1.07664112E+00 1.07337289E+00 1.06997653E+00 1.06686294E+00 1.06364487E+00 1.06071196E+00 1.05769522E+00 1.05495601E+00 1.05214991E+00 1.04961161E+00 1.04701876E+00 1.04468021E+00 1.04229923E+00 1.03999086E+00 1.03764401E+00 1.03525747E+00 1.03283159E+00 1.03036889E+00 1.02786838E+00 1.02532841E+00 1.02275062E+00 1.02014255E+00 1.01750055E+00 1.01481040E+00 1.01208192E+00 1.00941432E+00 1.00684455E+00 1.00381524E+00 1.00000000E+00
1.11821709E+00 1.11821562E+00 1.11821091E+00 1.11820682E+00 1.11820432E+00 1.11820362E+00 1.11820361E+00 1.11820336E+00 1.11820285E+00 1.11820223E+00 1.11820173E+00 1.11820149E+00 1.11820143E+00 1.11820147E+00 1.11820159E+00 1.11820180E+00 1.11820210E+00 1.11820252E+00 1.11820306E+00 1.11820373E+00 1.11820452E+00 1.11820547E+00 1.11820656E+00 1.11820784E+00 1.11820930E+00 1.11821096E+00 1.11821285E+00 1.11821499E+00 1.11821738E+00 1.11822007E+00 1.11822305E+00 1.11822638E+00 1.11823004E+00 1.11823407E+00 1.11823848E+00 1.11824329E+00 1.11824850E+00 1.11825412E+00 1.11826012E+00 1.11826651E+00 1.11827326E+00 1.11828029E+00 1.11828757E+00 1.11829500E+00 1.11830247E+00 1.11830981E+00 1.11831687E+00 1.11832335E+00 1.11832904E+00 1.11833349E+00 1.11833640E+00 1.11833713E+00 1.11833516E+00 1.11832965E+00 1.11831993E+00 1.11830477E+00 1.11828326E+00 1.11825374E+00 1.11821499E+00 1.11816478E+00 1.11810153E+00 1.11802227E+00 1.11792490E+00 1.11780573E+00 1.11766206E+00 1.11748896E+00 1.11728322E+00 1.11703868E+00 1.11675104E+00 1.11641276E+00 1.11601864E+00 1.11555942E+00 1.11502895E+00 1.11441579E+00 1.11371271E+00 1.11290604E+00 1.11198755E+00 1.11094076E+00 1.10975489E+00 1.10841312E+00 1.10690406E+00 1.10520525E+00 1.10330358E+00 1.10117668E+00 1.09880984E+00 1.09620091E+00 1.09331593E+00 1.09043844E+00 1.08730263E+00 1.08429521E+00 1.08105766E+00 1.07799085E+00 1.07472935E+00 1.07167885E+00 1.06846493E+00 1.06547377E+00 1.06234676E+00 1.05946917E+00 1.05648230E+00 1.05374823E+00 1.05092678E+00 1.04835770E+00 1.04571987E+00 1.04332961E+00 1.04088798E+00 1.03868718E+00 1.03644490E+00 1.03442651E+00 1.03237835E+00 1.03040306E+00 1.02840550E+00 1.02638336E+00 1.02433852E+00 1.02228005E+00 1.02020871E+00 1.01812205E+00 1.01603447E+00 1.01397717E+00 1.01193092E+00 1.00987317E+00 1.00788534E+00 1.00617009E+00 1.00465066E+00 1.00268461E+00 1.00000000E+00
1.11017658E+00 1.11017589E+00 1.11017275E+00 1.11016986E+00 1.11016785E+00 1.11016706E+00 1.11016690E+00 1.11016686E+00 1.11016677E+00 1.11016656E+00 1.11016632E+00 1.11016616E+00 1.11016610E+00 1.11016617E+00 1.11016631E+00 1.11016652E+00 1.11016679E+00 1.11016714E+00 1.11016758E+00 1.11016811E+00 1.11016875E+00 1.11016950E+00 1.11017038E+00 1.11017141E+00 1.11017260E+00 1.11017396E+00 1.11017552E+00 1.11017730E+00 1.11017931E+00 1.11018159E+00 1.11018415E+00 1.11018702E+00 1.11019024E+00 1.11019381E+00 1.11019776E+00 1.11020214E+00 1.11020696E+00 1.11021222E+00 1.11021794E+00 1.11022415E+00 1.11023084E+00 1.11023797E+00 1.11024553E+00 1.11025352E+00 1.11026186E+00 1.11027045E+00 1.11027920E+00 1.11028794E+00 1.11029650E+00 1.11030458E+00 1.11031202E+00 1.11031837E+00 1.11032321E+00 1.11032589E+00 1.11032593E+00 1.11032241E+00 1.11031463E+00 1.11030133E+00 1.11028149E+00 1.11025331E+00 1.11021554E+00 1.11016565E+00 1.11010185E+00 1.11002109E+00 1.10992111E+00 1.10979763E+00 1.10964800E+00 1.10946691E+00 1.10925037E+00 1.10899119E+00 1.10868491E+00 1.10832344E+00 1.10790132E+00 1.10740727E+00 1.10683458E+00 1.10617069E+00 1.10540796E+00 1.10453009E+00 1.10352613E+00 1.10237995E+00 1.10108114E+00 1.09960642E+00 1.09794168E+00 1.09606383E+00 1.09395978E+00 1.09162515E+00 1.08902638E+00 1.08641371E+00 1.08355087E+00 1.08079131E+00 1.07780298E+00 1.07495161E+00 1.07191084E+00 1.06906994E+00 1.06606468E+00 1.06324018E+00 1.06027683E+00 1.05755211E+00 1.05471959E+00 1.05211879E+00 1.04943016E+00 1.04697829E+00 1.04445688E+00 1.04216821E+00 1.03982975E+00 1.03771928E+00 1.03556679E+00 1.03362914E+00 1.03166367E+00 1.02977055E+00 1.02785590E+00 1.02591067E+00 1.02394635E+00 1.02198531E+00 1.02001796E+00 1.01802873E+00 1.01604407E+00 1.01410127E+00 1.01216159E+00 1.01020940E+00 1.00834838E+00 1.00669694E+00 1.00514031E+00 1.00300798E+00 1.00000000E+00
1.10915001E+00 1.10915291E+00 1.10915250E+00 1.10915036E+00 1.10914769E+00 1.10914588E+00 1.10914505E+00 1.10914511E+00 1.10914550E+00 1.10914564E+00 1.10914550E+00 1.10914518E+00 1.10914491E+00 1.10914483E+00 1.10914488E+00 1.10914501E+00 1.10914519E+00 1.10914541E+00 1.10914570E+00 1.10914608E+00 1.10914656E+00 1.10914714E+00 1.10914783E+00 1.10914866E+00 1.10914963E+00 1.10915076E+00 1.10915207E+00 1.10915360E+00 1.10915535E+00 1.10915736E+00 1.10915964E+00 1.10916224E+00 1.10916519E+00 1.10916852E+00 1.10917225E+00 1.10917645E+00 1.10918115E+00 1.10918636E+00 1.10919212E+00 1.10919850E+00 1.10920550E+00 1.10921312E+00 1.10922140E+00 1.10923040E+00 1.10924008E+00 1.10925042E+00 1.10926137E+00 1.10927288E+00 1.10928485E+00 1.10929712E+00 1.10930964E+00 1.10932216E+00 1.10933434E+00 1.10934571E+00 1.10935599E+00 1.10936453E+00 1.10937084E+00 1.10937403E+00 1.10937329E+00 1.10936719E+00 1.10935478E+00 1.10933390E+00 1.10930307E+00 1.10925988E+00 1.10920243E+00 1.10912705E+00 1.10903156E+00 1.10891139E+00 1.10876271E+00 1.10857862E+00 1.10835521E+00 1.10808556E+00 1.10776469E+00 1.10738147E+00 1.10692954E+00 1.10639687E+00 1.10577554E+00 1.10504880E+00 1.10420674E+00 1.10323440E+00 1.10211954E+00 1.10083581E+00 1.09936971E+00 1.09769815E+00 1.09580604E+00 1.09368408E+00 1.09130036E+00 1.08888275E+00 1.08620931E+00 1.08360537E+00 1.08076421E+00 1.07803689E+00 1.07511623E+00 1.07237756E+00 1.06945703E+00 1.06668236E+00 1.06376093E+00 1.06107536E+00 1.05827427E+00 1.05568660E+00 1.05299951E+00 1.05054048E+00 1.04800418E+00 1.04569521E+00 1.04333011E+00 1.04118669E+00 1.03899229E+00 1.03701244E+00 1.03500007E+00 1.03305735E+00 1.03108685E+00 1.02907332E+00 1.02703014E+00 1.02498663E+00 1.02292910E+00 1.02082831E+00 1.01870915E+00 1.01661179E+00 1.01449941E+00 1.01234653E+00 1.01022998E+00 1.00822081E+00 1.00621992E+00 1.00358794E+00 1.00000000E+00
1.10983522E+00 1.10985314E+00 1.10987000E+00 1.10988309E+00 1.10989298E+00 1.10989966E+00 1.10990352E+00 1.10990548E+00 1.10990661E+00 1.10990819E+00 1.10991022E+00 1.10991232E+00 1.10991393E+00 1.10991477E+00 1.10991513E+00 1.10991539E+00 1.10991569E+00 1.10991609E+00 1.10991650E+00 1.10991690E+00 1.10991730E+00 1.10991777E+00 1.10991832E+00 1.10991900E+00 1.10991980E+00 1.10992074E+00 1.10992186E+00 1.10992318E+00 1.10992472E+00 1.10992650E+00 1.10992856E+00 1.10993097E+00 1.10993374E+00 1.10993691E+00 1.10994052E+00 1.10994466E+00 1.10994936E+00 1.10995466E+00 1.10996062E+00 1.10996736E+00 1.10997486E+00 1.10998319E+00 1.10999241E+00 1.11000267E+00 1.11001398E+00 1.11002636E+00 1.11003985E+00 1.11005449E+00 1.11007025E+00 1.11008711E+00 1.11010514E+00 1.11012426E+00 1.11014421E+00 1.11016476E+00 1.11018580E+00 1.11020696E+00 1.11022791E+00 1.11024808E+00 1.11026688E+00 1.11028332E+00 1.11029661E+00 1.11030489E+00 1.11030709E+00 1.11030154E+00 1.11028665E+00 1.11025917E+00 1.11021733E+00 1.11015711E+00 1.11007491E+00 1.10996414E+00 1.10982115E+00 1.10963992E+00 1.10941624E+00 1.10913933E+00 1.10880262E+00 1.10839389E+00 1.10790448E+00 1.10731699E+00 1.10662377E+00 1.10581121E+00 1.10486271E+00 1.10374752E+00 1.10245444E+00 1.10096049E+00 1.09924672E+00 1.09729832E+00 1.09508562E+00 1.09281903E+00 1.09028501E+00 1.08778782E+00 1.08504374E+00 1.08239677E+00 1.07954700E+00 1.07685792E+00 1.07396853E+00 1.07120152E+00 1.06827802E+00 1.06558790E+00 1.06277286E+00 1.06015763E+00 1.05742859E+00 1.05492165E+00 1.05232885E+00 1.04996245E+00 1.04753083E+00 1.04531698E+00 1.04304097E+00 1.04098148E+00 1.03888259E+00 1.03684999E+00 1.03478087E+00 1.03265513E+00 1.03048545E+00 1.02830394E+00 1.02609572E+00 1.02382372E+00 1.02150957E+00 1.01919482E+00 1.01684595E+00 1.01442912E+00 1.01200171E+00 1.00961239E+00 1.00717807E+00 1.00408752E+00 1.00000000E+00
1.11115443E+00 1.11116203E+00 1.11116849E+00 1.11117354E+00 1.11117722E+00 1.11117989E+00 1.11118191E+00 1.11118366E+00 1.11118511E+00 1.11118627E+00 1.11118712E+00 1.11118776E+00 1.11118825E+00 1.11118866E+00 1.11118900E+00 1.11118929E+00 1.11118955E+00 1.11118981E+00 1.11119007E+00 1.11119036E+00 1.11119069E+00 1.11119107E+00 1.11119153E+00 1.11119209E+00 1.11119276E+00 1.11119356E+00 1.11119452E+00 1.11119568E+00 1.11119705E+00 1.11119867E+00 1.11120058E+00 1.11120284E+00 1.11120548E+00 1.11120856E+00 1.11121213E+00 1.11121629E+00 1.11122109E+00 1.11122657E+00 1.11123283E+00 1.11124002E+00 1.11124816E+00 1.11125735E+00 1.11126768E+00 1.11127937E+00 1.11129248E+00 1.11130712E+00 1.11132337E+00 1.11134136E+00 1.11136118E+00 1.11138295E+00 1.11140678E+00 1.11143271E+00 1.11146067E+00 1.11149078E+00 1.11152302E+00 1.11155723E+00 1.11159321E+00 1.11163062E+00 1.11166920E+00 1.11170837E+00 1.11174746E+00 1.11178482E+00 1.11181992E+00 1.11185197E+00 1.11187949E+00 1.11189954E+00 1.11191068E+00 1.11190923E+00 1.11189196E+00 1.11185264E+00 1.11178764E+00 1.11169161E+00 1.11156125E+00 1.11138615E+00 1.11115907E+00 1.11086714E+00 1.11050115E+00 1.11004314E+00 1.10948765E+00 1.10882186E+00 1.10802419E+00 1.10705948E+00 1.10591900E+00 1.10457967E+00 1.10301873E+00 1.10121656E+00 1.09914468E+00 1.09699863E+00 1.09457226E+00 1.09215478E+00 1.08948014E+00 1.08688756E+00 1.08408007E+00 1.08141273E+00 1.07852823E+00 1.07574969E+00 1.07280401E+00 1.07008818E+00 1.06723687E+00 1.06457466E+00 1.06178422E+00 1.05921233E+00 1.05654550E+00 1.05410520E+00 1.05158938E+00 1.04928938E+00 1.04691623E+00 1.04476288E+00 1.04256248E+00 1.04042489E+00 1.03824158E+00 1.03598934E+00 1.03367982E+00 1.03134601E+00 1.02897284E+00 1.02651921E+00 1.02400419E+00 1.02146998E+00 1.01888604E+00 1.01621317E+00 1.01349505E+00 1.01076644E+00 1.00795808E+00 1.00448608E+00 1.00000000E+00
1.11261852E+00 1.11262504E+00 1.11263038E+00 1.11263484E+00 1.11263844E+00 1.11264131E+00 1.11264357E+00 1.11264539E+00 1.11264686E+00 1.11264807E+00 1.11264903E+00 1.11264981E+00 1.11265043E+00 1.11265094E+00 1.11265136E+00 1.11265171E+00 1.11265201E+00 1.11265228E+00 1.11265254E+00 1.11265280E+00 1.11265308E+00 1.11265340E+00 1.11265377E+00 1.11265423E+00 1.11265479E+00 1.11265547E+00 1.11265629E+00 1.11265732E+00 1.11265856E+00 1.11266004E+00 1.11266182E+00 1.11266397E+00 1.11266653E+00 1.11266958E+00 1.11267316E+00 1.11267741E+00 1.11268237E+00 1.11268812E+00 1.11269477E+00 1.11270251E+00 1.11271142E+00 1.11272161E+00 1.11273321E+00 1.11274646E+00 1.11276154E+00 1.11277863E+00 1.11279785E+00 1.11281941E+00 1.11284354E+00 1.11287049E+00 1.11290037E+00 1.11293328E+00 1.11296951E+00 1.11300956E+00 1.11305344E+00 1.11310109E+00 1.11315242E+00 1.11320726E+00 1.11326575E+00 1.11332776E+00 1.11339268E+00 1.11345907E+00 1.11352699E+00 1.11359651E+00 1.11366615E+00 1.11373318E+00 1.11379644E+00 1.11385248E+00 1.11389849E+00 1.11392856E+00 1.11393901E+00 1.11392504E+00 1.11388411E+00 1.11380603E+00 1.11368272E+00 1.11350055E+00 1.11324998E+00 1.11291257E+00 1.11248438E+00 1.11195262E+00 1.11129122E+00 1.11046107E+00 1.10945541E+00 1.10825086E+00 1.10682135E+00 1.10514306E+00 1.10318769E+00 1.10113815E+00 1.09879526E+00 1.09643721E+00 1.09381086E+00 1.09125216E+00 1.08846523E+00 1.08579994E+00 1.08290203E+00 1.08009816E+00 1.07711597E+00 1.07435946E+00 1.07145617E+00 1.06873383E+00 1.06586972E+00 1.06322263E+00 1.06047132E+00 1.05794740E+00 1.05533761E+00 1.05294379E+00 1.05046687E+00 1.04821410E+00 1.04590680E+00 1.04365936E+00 1.04135769E+00 1.03897676E+00 1.03652724E+00 1.03404214E+00 1.03150653E+00 1.02887744E+00 1.02617214E+00 1.02343299E+00 1.02063188E+00 1.01772593E+00 1.01474840E+00 1.01172418E+00 1.00859619E+00 1.00480697E+00 1.00000000E+00
1.12090643E+00 1.12090597E+00 1.12090190E+00 1.12089790E+00 1.12089527E+00 1.12089451E+00 1.12089455E+00 1.12089443E+00 1.12089405E+00 1.12089349E+00 1.12089303E+00 1.12089282E+00 1.12089279E+00 1.12089288E+00 1.12089304E+00 1.12089328E+00 1.12089362E+00 1.12089409E+00 1.12089467E+00 1.12089538E+00 1.12089622E+00 1.12089721E+00 1.12089836E+00 1.12089969E+00 1.12090121E+00 1.12090294E+00 1.12090490E+00 1.12090711E+00 1.12090959E+00 1.12091235E+00 1.12091543E+00 1.12091884E+00 1.12092260E+00 1.12092673E+00 1.12093125E+00 1.12093616E+00 1.12094147E+00 1.12094718E+00 1.12095328E+00 1.12095976E+00 1.12096657E+00 1.12097367E+00 1.12098098E+00 1.12098842E+00 1.12099587E+00 1.12100313E+00 1.12101006E+00 1.12101636E+00 1.12102179E+00 1.12102589E+00 1.12102834E+00 1.12102847E+00 1.12102576E+00 1.12101934E+00 1.12100852E+00 1.12099201E+00 1.12096890E+00 1.12093749E+00 1.12089650E+00 1.12084366E+00 1.12077736E+00 1.12069456E+00 1.12059314E+00 1.12046930E+00 1.12032029E+00 1.12014114E+00 1.11992853E+00 1.11967620E+00 1.11937982E+00 1.11903176E+00 1.11862678E+00 1.11815546E+00 1.11761153E+00 1.11698353E+00 1.11626414E+00 1.11543957E+00 1.11450147E+00 1.11343332E+00 1.11222432E+00 1.11085754E+00 1.10932140E+00 1.10759342E+00 1.10566058E+00 1.10350058E+00 1.10109845E+00 1.09845203E+00 1.09552698E+00 1.09261176E+00 1.08943611E+00 1.08639105E+00 1.08311422E+00 1.08001249E+00 1.07671461E+00 1.07362857E+00 1.07037676E+00 1.06735247E+00 1.06419185E+00 1.06128262E+00 1.05826228E+00 1.05549681E+00 1.05264208E+00 1.05004231E+00 1.04737246E+00 1.04495256E+00 1.04247942E+00 1.04024854E+00 1.03797441E+00 1.03592689E+00 1.03384815E+00 1.03184113E+00 1.02980944E+00 1.02775137E+00 1.02566818E+00 1.02356737E+00 1.02145001E+00 1.01931416E+00 1.01717017E+00 1.01504325E+00 1.01292287E+00 1.01078805E+00 1.00869924E+00 1.00683848E+00 1.00512316E+00 1.00292162E+00 1.00000000E+00
1.11665865E+00 1.11665849E+00 1.11665542E+00 1.11665232E+00 1.11665021E+00 1.11664952E+00 1.11664948E+00 1.11664941E+00 1.11664918E+00 1.11664882E+00 1.11664850E+00 1.11664835E+00 1.11664834E+00 1.11664843E+00 1.11664860E+00 1.11664882E+00 1.11664913E+00 1.11664954E+00 1.11665004E+00 1.11665066E+00 1.11665138E+00 1.11665224E+00 1.11665324E+00 1.11665440E+00 1.11665574E+00 1.11665727E+00 1.11665900E+00 1.11666098E+00 1.11666321E+00 1.11666572E+00 1.11666853E+00 1.11667168E+00 1.11667518E+00 1.11667905E+00 1.11668333E+00 1.11668803E+00 1.11669319E+00 1.11669879E+00 1.11670485E+00 1.11671139E+00 1.11671839E+00 1.11672581E+00 1.11673363E+00 1.11674181E+00 1.11675026E+00 1.11675887E+00 1.11676752E+00 1.11677599E+00 1.11678411E+00 1.11679153E+00 1.11679803E+00 1.11680309E+00 1.11680624E+00 1.11680680E+00 1.11680420E+00 1.11679739E+00 1.11678563E+00 1.11676747E+00 1.11674181E+00 1.11670668E+00 1.11666071E+00 1.11660116E+00 1.11652615E+00 1.11643236E+00 1.11631733E+00 1.11617655E+00 1.11600709E+00 1.11580316E+00 1.11556063E+00 1.11527225E+00 1.11493323E+00 1.11453485E+00 1.11407118E+00 1.11353081E+00 1.11290683E+00 1.11218605E+00 1.11136048E+00 1.11041338E+00 1.10933368E+00 1.10810475E+00 1.10671552E+00 1.10514239E+00 1.10337181E+00 1.10138114E+00 1.09915601E+00 1.09669159E+00 1.09395376E+00 1.09120934E+00 1.08820727E+00 1.08531661E+00 1.08219353E+00 1.07922507E+00 1.07606181E+00 1.07309903E+00 1.06996704E+00 1.06703725E+00 1.06396958E+00 1.06114750E+00 1.05821404E+00 1.05552204E+00 1.05273950E+00 1.05020312E+00 1.04759654E+00 1.04523196E+00 1.04281531E+00 1.04063355E+00 1.03840790E+00 1.03640486E+00 1.03437190E+00 1.03241000E+00 1.03042366E+00 1.02840736E+00 1.02636756E+00 1.02431817E+00 1.02225227E+00 1.02016047E+00 1.01806176E+00 1.01598530E+00 1.01390158E+00 1.01177787E+00 1.00968223E+00 1.00774697E+00 1.00585361E+00 1.00334431E+00 1.00000000E+00
1.11957609E+00 1.11957876E+00 1.11957729E+00 1.11957429E+00 1.11957160E+00 1.11957042E+00 1.11957013E+00 1.11957005E+00 1.11956985E+00 1.11956944E+00 1.11956900E+00 1.11956867E+00 1.11956848E+00 1.11956841E+00 1.11956844E+00 1.11956854E+00 1.11956872E+00 1.11956900E+00 1.11956937E+00 1.11956986E+00 1.11957047E+00 1.11957120E+00 1.11957208E+00 1.11957312E+00 1.11957433E+00 1.11957574E+00 1.11957736E+00 1.11957923E+00 1.11958136E+00 1.11958378E+00 1.11958652E+00 1.11958963E+00 1.11959312E+00 1.11959703E+00 1.11960139E+00 1.11960625E+00 1.11961164E+00 1.11961758E+00 1.11962410E+00 1.11963124E+00 1.11963901E+00 1.11964741E+00 1.11965646E+00 1.11966616E+00 1.11967648E+00 1.11968734E+00 1.11969869E+00 1.11971040E+00 1.11972236E+00 1.11973434E+00 1.11974619E+00 1.11975753E+00 1.11976797E+00 1.11977698E+00 1.11978416E+00 1.11978866E+00 1.11978986E+00 1.11978658E+00 1.11977785E+00 1.11976197E+00 1.11973776E+00 1.11970274E+00 1.11965523E+00 1.11959234E+00 1.11951186E+00 1.11940957E+00 1.11928280E+00 1.11912607E+00 1.11893537E+00 1.11870364E+00 1.11842636E+00 1.11809523E+00 1.11770444E+00 1.11724237E+00 1.11670227E+00 1.11607083E+00 1.11533976E+00 1.11449154E+00 1.11351508E+00 1.11239364E+00 1.11111480E+00 1.10965251E+00 1.10799318E+00 1.10611326E+00 1.10399640E+00 1.10163368E+00 1.09899053E+00 1.09632298E+00 1.09338652E+00 1.09054055E+00 1.08745097E+00 1.08450233E+00 1.08134811E+00 1.07838255E+00 1.07523165E+00 1.07226716E+00 1.06915644E+00 1.06629244E+00 1.06330663E+00 1.06055451E+00 1.05770076E+00 1.05509334E+00 1.05240728E+00 1.04996357E+00 1.04745954E+00 1.04519071E+00 1.04286868E+00 1.04077381E+00 1.03864140E+00 1.03657565E+00 1.03447630E+00 1.03233453E+00 1.03015651E+00 1.02795716E+00 1.02572717E+00 1.02345029E+00 1.02114337E+00 1.01883417E+00 1.01649273E+00 1.01407621E+00 1.01163679E+00 1.00928610E+00 1.00691743E+00 1.00389464E+00 1.00000000E+00
1.12424357E+00 1.12425491E+00 1.12425825E+00 1.12425809E+00 1.12425771E+00 1.12425942E+00 1.12426212E+00 1.12426458E+00 1.12426624E+00 1.12426701E+00 1.12426732E+00 1.12426757E+00 1.12426782E+00 1.12426809E+00 1.12426833E+00 1.12426855E+00 1.12426877E+00 1.12426905E+00 1.12426940E+00 1.12426983E+00 1.12427037E+00 1.12427102E+00 1.12427182E+00 1.12427278E+00 1.12427391E+00 1.12427525E+00 1.12427681E+00 1.12427863E+00 1.12428074E+00 1.12428317E+00 1.12428594E+00 1.12428914E+00 1.12429277E+00 1.12429689E+00 1.12430153E+00 1.12430679E+00 1.12431269E+00 1.12431928E+00 1.12432661E+00 1.12433477E+00 1.12434377E+00 1.12435368E+00 1.12436454E+00 1.12437644E+00 1.12438936E+00 1.12440332E+00 1.12441831E+00 1.12443430E+00 1.12445125E+00 1.12446904E+00 1.12448763E+00 1.12450676E+00 1.12452613E+00 1.12454543E+00 1.12456436E+00 1.12458229E+00 1.12459871E+00 1.12461267E+00 1.12462336E+00 1.12462934E+00 1.12462957E+00 1.12462178E+00 1.12460455E+00 1.12457542E+00 1.12453229E+00 1.12447113E+00 1.12438945E+00 1.12428190E+00 1.12414458E+00 1.12397053E+00 1.12375522E+00 1.12349052E+00 1.12317071E+00 1.12278381E+00 1.12232275E+00 1.12177357E+00 1.12112734E+00 1.12036541E+00 1.11947697E+00 1.11844477E+00 1.11725361E+00 1.11587441E+00 1.11429405E+00 1.11248764E+00 1.11043561E+00 1.10812511E+00 1.10552105E+00 1.10287501E+00 1.09994322E+00 1.09708374E+00 1.09396587E+00 1.09097927E+00 1.08777109E+00 1.08474152E+00 1.08150921E+00 1.07845612E+00 1.07524443E+00 1.07228111E+00 1.06918256E+00 1.06631523E+00 1.06333209E+00 1.06059894E+00 1.05777572E+00 1.05519941E+00 1.05255142E+00 1.05014364E+00 1.04767131E+00 1.04543415E+00 1.04314991E+00 1.04092921E+00 1.03866477E+00 1.03634581E+00 1.03397713E+00 1.03157344E+00 1.02912569E+00 1.02661457E+00 1.02405408E+00 1.02147079E+00 1.01883745E+00 1.01610633E+00 1.01331845E+00 1.01057768E+00 1.00778927E+00 1.00433585E+00 1.00000000E+00
1.12916365E+00 1.12917427E+00 1.12918343E+00 1.12918990E+00 1.12919435E+00 1.12919765E+00 1.12920027E+00 1.12920255E+00 1.12920440E+00 1.12920580E+00 1.12920683E+00 1.12920760E+00 1.12920819E+00 1.12920869E+00 1.12920911E+00 1.12920949E+00 1.12920986E+00 1.12921025E+00 1.12921067E+00 1.12921116E+00 1.12921173E+00 1.12921241E+00 1.12921321E+00 1.12921417E+00 1.12921531E+00 1.12921666E+00 1.12921824E+00 1.12922010E+00 1.12922228E+00 1.12922481E+00 1.12922774E+00 1.12923114E+00 1.12923505E+00 1.12923954E+00 1.12924467E+00 1.12925053E+00 1.12925718E+00 1.12926470E+00 1.12927316E+00 1.12928271E+00 1.12929338E+00 1.12930528E+00 1.12931851E+00 1.12933321E+00 1.12934944E+00 1.12936727E+00 1.12938677E+00 1.12940801E+00 1.12943102E+00 1.12945585E+00 1.12948249E+00 1.12951081E+00 1.12954069E+00 1.12957202E+00 1.12960462E+00 1.12963800E+00 1.12967179E+00 1.12970522E+00 1.12973767E+00 1.12976795E+00 1.12979515E+00 1.12981717E+00 1.12983284E+00 1.12984014E+00 1.12983698E+00 1.12981937E+00 1.12978493E+00 1.12972831E+00 1.12964570E+00 1.12953012E+00 1.12937684E+00 1.12917765E+00 1.12892686E+00 1.12861197E+00 1.12822528E+00 1.12775183E+00 1.12718200E+00 1.12649591E+00 1.12568285E+00 1.12472460E+00 1.12360297E+00 1.12228586E+00 1.12076069E+00 1.11900094E+00 1.11698394E+00 1.11469344E+00 1.11209351E+00 1.10943523E+00 1.10647275E+00 1.10356748E+00 1.10038729E+00 1.09733085E+00 1.09403509E+00 1.09091012E+00 1.08756547E+00 1.08439782E+00 1.08105720E+00 1.07796691E+00 1.07472735E+00 1.07172065E+00 1.06858416E+00 1.06570387E+00 1.06272202E+00 1.05999464E+00 1.05718465E+00 1.05462327E+00 1.05198730E+00 1.04959683E+00 1.04715095E+00 1.04476773E+00 1.04233245E+00 1.03983334E+00 1.03727404E+00 1.03466878E+00 1.03200933E+00 1.02927529E+00 1.02647843E+00 1.02364423E+00 1.02074812E+00 1.01774007E+00 1.01465357E+00 1.01158895E+00 1.00846140E+00 1.00467058E+00 1.00000000E+00
1.13393694E+00 1.13394392E+00 1.13394979E+00 1.13395455E+00 1.13395824E+00 1.13396110E+00 1.13396330E+00 1.13396506E+00 1.13396643E+00 1.13396752E+00 1.13396836E+00 1.13396904E+00 1.13396957E+00 1.13397003E+00 1.13397042E+00 1.13397078E+00 1.13397114E+00 1.13397152E+00 1.13397193E+00 1.13397240E+00 1.13397295E+00 1.13397362E+00 1.13397441E+00 1.13397537E+00 1.13397652E+00 1.13397790E+00 1.13397953E+00 1.13398148E+00 1.13398378E+00 1.13398649E+00 1.13398966E+00 1.13399338E+00 1.13399772E+00 1.13400274E+00 1.13400853E+00 1.13401521E+00 1.13402287E+00 1.13403162E+00 1.13404155E+00 1.13405286E+00 1.13406564E+00 1.13408005E+00 1.13409621E+00 1.13411434E+00 1.13413457E+00 1.13415709E+00 1.13418198E+00 1.13420945E+00 1.13423963E+00 1.13427269E+00 1.13430868E+00 1.13434761E+00 1.13438953E+00 1.13443462E+00 1.13448272E+00 1.13453346E+00 1.13458660E+00 1.13464156E+00 1.13469791E+00 1.13475472E+00 1.13481114E+00 1.13486522E+00 1.13491604E+00 1.13496194E+00 1.13500074E+00 1.13502840E+00 1.13504259E+00 1.13503783E+00 1.13501036E+00 1.13495307E+00 1.13486089E+00 1.13472530E+00 1.13454056E+00 1.13429352E+00 1.13397568E+00 1.13357094E+00 1.13306899E+00 1.13244865E+00 1.13169901E+00 1.13080063E+00 1.12973259E+00 1.12846001E+00 1.12697056E+00 1.12523613E+00 1.12323118E+00 1.12093654E+00 1.11831516E+00 1.11562048E+00 1.11260266E+00 1.10962952E+00 1.10636402E+00 1.10321667E+00 1.09981212E+00 1.09657319E+00 1.09309858E+00 1.08980222E+00 1.08631846E+00 1.08308828E+00 1.07969574E+00 1.07654103E+00 1.07324418E+00 1.07021177E+00 1.06706767E+00 1.06418761E+00 1.06121572E+00 1.05850279E+00 1.05570723E+00 1.05316863E+00 1.05056802E+00 1.04803083E+00 1.04543521E+00 1.04276896E+00 1.04003485E+00 1.03724656E+00 1.03439669E+00 1.03146467E+00 1.02846061E+00 1.02540899E+00 1.02228746E+00 1.01904504E+00 1.01570991E+00 1.01238063E+00 1.00898076E+00 1.00492558E+00 1.00000000E+00
1.12357967E+00 1.12358027E+00 1.12357695E+00 1.12357317E+00 1.12357047E+00 1.12356967E+00 1.12356976E+00 1.12356978E+00 1.12356954E+00 1.12356907E+00 1.12356866E+00 1.12356849E+00 1.12356850E+00 1.12356863E+00 1.12356885E+00 1.12356913E+00 1.12356952E+00 1.12357002E+00 1.12357065E+00 1.12357141E+00 1.12357230E+00 1.12357334E+00 1.12357455E+00 1.12357594E+00 1.12357752E+00 1.12357932E+00 1.12358135E+00 1.12358363E+00 1.12358619E+00 1.12358904E+00 1.12359220E+00 1.12359571E+00 1.12359956E+00 1.12360379E+00 1.12360840E+00 1.12361341E+00 1.12361883E+00 1.12362463E+00 1.12363082E+00 1.12363737E+00 1.12364425E+00 1.12365139E+00 1.12365873E+00 1.12366615E+00 1.12367356E+00 1.12368073E+00 1.12368752E+00 1.12369360E+00 1.12369873E+00 1.12370244E+00 1.12370438E+00 1.12370387E+00 1.12370037E+00 1.12369298E+00 1.12368099E+00 1.12366307E+00 1.12363829E+00 1.12360488E+00 1.12356157E+00 1.12350600E+00 1.12343655E+00 1.12335009E+00 1.12324448E+00 1.12311585E+00 1.12296138E+00 1.12277601E+00 1.12255638E+00 1.12229613E+00 1.12199087E+00 1.12163289E+00 1.12121689E+00 1.12073334E+00 1.12017584E+00 1.11953291E+00 1.11879713E+00 1.11795461E+00 1.11699689E+00 1.11590740E+00 1.11467538E+00 1.11328376E+00 1.11172073E+00 1.10996391E+00 1.10800036E+00 1.10580770E+00 1.10337080E+00 1.10068761E+00 1.09772340E+00 1.09477129E+00 1.09155663E+00 1.08847506E+00 1.08516020E+00 1.08202427E+00 1.07869051E+00 1.07556991E+00 1.07228149E+00 1.06922516E+00 1.06603163E+00 1.06309108E+00 1.06003752E+00 1.05724101E+00 1.05435342E+00 1.05172331E+00 1.04902151E+00 1.04657178E+00 1.04406669E+00 1.04180537E+00 1.03949904E+00 1.03742182E+00 1.03531163E+00 1.03327195E+00 1.03120497E+00 1.02910943E+00 1.02698601E+00 1.02484065E+00 1.02267450E+00 1.02048610E+00 1.01828239E+00 1.01608295E+00 1.01388245E+00 1.01166005E+00 1.00945843E+00 1.00744036E+00 1.00553531E+00 1.00312903E+00 1.00000000E+00
1.12194577E+00 1.12194683E+00 1.12194425E+00 1.12194092E+00 1.12193839E+00 1.12193755E+00 1.12193757E+00 1.12193763E+00 1.12193749E+00 1.12193712E+00 1.12193677E+00 1.12193661E+00 1.12193662E+00 1.12193675E+00 1.12193695E+00 1.12193722E+00 1.12193758E+00 1.12193804E+00 1.12193862E+00 1.12193931E+00 1.12194013E+00 1.12194109E+00 1.12194220E+00 1.12194349E+00 1.12194496E+00 1.12194664E+00 1.12194854E+00 1.12195070E+00 1.12195312E+00 1.12195583E+00 1.12195886E+00 1.12196224E+00 1.12196598E+00 1.12197010E+00 1.12197463E+00 1.12197960E+00 1.12198500E+00 1.12199086E+00 1.12199716E+00 1.12200391E+00 1.12201109E+00 1.12201865E+00 1.12202656E+00 1.12203475E+00 1.12204312E+00 1.12205153E+00 1.12205983E+00 1.12206778E+00 1.12207517E+00 1.12208162E+00 1.12208685E+00 1.12209026E+00 1.12209136E+00 1.12208940E+00 1.12208374E+00 1.12207322E+00 1.12205700E+00 1.12203352E+00 1.12200158E+00 1.12195907E+00 1.12190447E+00 1.12183491E+00 1.12174836E+00 1.12164128E+00 1.12151104E+00 1.12135286E+00 1.12116360E+00 1.12093716E+00 1.12066930E+00 1.12035255E+00 1.11998187E+00 1.11954804E+00 1.11904486E+00 1.11846083E+00 1.11778878E+00 1.11701504E+00 1.11613131E+00 1.11512071E+00 1.11397215E+00 1.11266859E+00 1.11119850E+00 1.10953853E+00 1.10767534E+00 1.10558624E+00 1.10325615E+00 1.10068085E+00 1.09782561E+00 1.09497089E+00 1.09185360E+00 1.08885682E+00 1.08562484E+00 1.08255952E+00 1.07929542E+00 1.07623666E+00 1.07300680E+00 1.06999506E+00 1.06684489E+00 1.06394488E+00 1.06093072E+00 1.05816633E+00 1.05530947E+00 1.05270590E+00 1.05003043E+00 1.04760313E+00 1.04512076E+00 1.04287848E+00 1.04059008E+00 1.03852936E+00 1.03643570E+00 1.03441151E+00 1.03235911E+00 1.03027492E+00 1.02816224E+00 1.02602981E+00 1.02387340E+00 1.02168706E+00 1.01948190E+00 1.01727825E+00 1.01505646E+00 1.01278362E+00 1.01050541E+00 1.00835623E+00 1.00623962E+00 1.00352063E+00 1.00000000E+00
1.12641471E+00 1.12641708E+00 1.12641491E+00 1.12641126E+00 1.12640817E+00 1.12640699E+00 1.12640689E+00 1.12640696E+00 1.12640680E+00 1.12640631E+00 1.12640578E+00 1.12640544E+00 1.12640531E+00 1.12640532E+00 1.12640542E+00 1.12640559E+00 1.12640585E+00 1.12640622E+00 1.12640671E+00 1.12640733E+00 1.12640808E+00 1.12640898E+00 1.12641004E+00 1.12641128E+00 1.12641271E+00 1.12641436E+00 1.12641625E+00 1.12641841E+00 1.12642085E+00 1.12642361E+00 1.12642671E+00 1.12643020E+00 1.12643410E+00 1.12643844E+00 1.12644324E+00 1.12644856E+00 1.12645440E+00 1.12646080E+00 1.12646777E+00 1.12647533E+00 1.12648349E+00 1.12649223E+00 1.12650154E+00 1.12651140E+00 1.12652174E+00 1.12653245E+00 1.12654345E+00 1.12655455E+00 1.12656560E+00 1.12657628E+00 1.12658638E+00 1.12659540E+00 1.12660291E+00 1.12660826E+00 1.12661093E+00 1.12660988E+00 1.12660436E+00 1.12659296E+00 1.12657458E+00 1.12654724E+00 1.12650958E+00 1.12645883E+00 1.12639311E+00 1.12630910E+00 1.12620428E+00 1.12607400E+00 1.12591521E+00 1.12572192E+00 1.12548989E+00 1.12521167E+00 1.12488227E+00 1.12449252E+00 1.12403611E+00 1.12350120E+00 1.12288060E+00 1.12216014E+00 1.12133120E+00 1.12037602E+00 1.11928311E+00 1.11803486E+00 1.11661878E+00 1.11500961E+00 1.11319352E+00 1.11114659E+00 1.10885205E+00 1.10630289E+00 1.10346331E+00 1.10061136E+00 1.09748457E+00 1.09446638E+00 1.09120087E+00 1.08809491E+00 1.08477821E+00 1.08166168E+00 1.07836044E+00 1.07527157E+00 1.07203527E+00 1.06905206E+00 1.06594414E+00 1.06308490E+00 1.06012293E+00 1.05741822E+00 1.05463283E+00 1.05209926E+00 1.04950213E+00 1.04714937E+00 1.04474172E+00 1.04256855E+00 1.04035463E+00 1.03820714E+00 1.03602291E+00 1.03379643E+00 1.03153044E+00 1.02923343E+00 1.02689993E+00 1.02452036E+00 1.02210405E+00 1.01966940E+00 1.01719683E+00 1.01464804E+00 1.01206026E+00 1.00955857E+00 1.00705731E+00 1.00393706E+00 1.00000000E+00
1.13221004E+00 1.13222675E+00 1.13224445E+00 1.13225416E+00 1.13225686E+00 1.13225530E+00 1.13225297E+00 1.13225261E+00 1.13225357E+00 1.13225488E+00 1.13225578E+00 1.13225596E+00 1.13225580E+00 1.13225569E+00 1.13225572E+00 1.13225591E+00 1.13225618E+00 1.13225649E+00 1.13225689E+00 1.13225741E+00 1.13225807E+00 1.13225890E+00 1.13225991E+00 1.13226111E+00 1.13226253E+00 1.13226419E+00 1.13226612E+00 1.13226836E+00 1.13227092E+00 1.13227385E+00 1.13227717E+00 1.13228096E+00 1.13228522E+00 1.13229002E+00 1.13229538E+00 1.13230138E+00 1.13230806E+00 1.13231544E+00 1.13232358E+00 1.13233254E+00 1.13234232E+00 1.13235298E+00 1.13236452E+00 1.13237698E+00 1.13239033E+00 1.13240452E+00 1.13241951E+00 1.13243519E+00 1.13245146E+00 1.13246810E+00 1.13248497E+00 1.13250165E+00 1.13251778E+00 1.13253287E+00 1.13254647E+00 1.13255766E+00 1.13256578E+00 1.13256953E+00 1.13256790E+00 1.13255905E+00 1.13254171E+00 1.13251317E+00 1.13247167E+00 1.13241408E+00 1.13233788E+00 1.13223837E+00 1.13211257E+00 1.13195437E+00 1.13175944E+00 1.13152019E+00 1.13123144E+00 1.13088376E+00 1.13047066E+00 1.12997964E+00 1.12940313E+00 1.12872604E+00 1.12793912E+00 1.12702338E+00 1.12596691E+00 1.12475117E+00 1.12336184E+00 1.12177130E+00 1.11996543E+00 1.11791859E+00 1.11561169E+00 1.11303521E+00 1.11015202E+00 1.10724438E+00 1.10404431E+00 1.10094377E+00 1.09757976E+00 1.09437222E+00 1.09093759E+00 1.08770121E+00 1.08426467E+00 1.08104170E+00 1.07765845E+00 1.07453384E+00 1.07127191E+00 1.06826360E+00 1.06514049E+00 1.06228323E+00 1.05933504E+00 1.05664778E+00 1.05388757E+00 1.05138159E+00 1.04881200E+00 1.04648813E+00 1.04411611E+00 1.04181027E+00 1.03946034E+00 1.03705988E+00 1.03461071E+00 1.03212099E+00 1.02958571E+00 1.02699398E+00 1.02435325E+00 1.02168093E+00 1.01895978E+00 1.01615003E+00 1.01328321E+00 1.01048196E+00 1.00767073E+00 1.00424317E+00 1.00000000E+00
1.13804900E+00 1.13805376E+00 1.13805892E+00 1.13806285E+00 1.13806542E+00 1.13806690E+00 1.13806785E+00 1.13806875E+00 1.13806955E+00 1.13807021E+00 1.13807071E+00 1.13807107E+00 1.13807136E+00 1.13807165E+00 1.13807195E+00 1.13807229E+00 1.13807268E+00 1.13807314E+00 1.13807370E+00 1.13807436E+00 1.13807516E+00 1.13807612E+00 1.13807725E+00 1.13807859E+00 1.13808016E+00 1.13808201E+00 1.13808414E+00 1.13808663E+00 1.13808949E+00 1.13809279E+00 1.13809655E+00 1.13810087E+00 1.13810577E+00 1.13811132E+00 1.13811759E+00 1.13812467E+00 1.13813261E+00 1.13814148E+00 1.13815135E+00 1.13816233E+00 1.13817447E+00 1.13818784E+00 1.13820252E+00 1.13821858E+00 1.13823604E+00 1.13825493E+00 1.13827526E+00 1.13829701E+00 1.13832014E+00 1.13834452E+00 1.13837008E+00 1.13839648E+00 1.13842347E+00 1.13845070E+00 1.13847777E+00 1.13850386E+00 1.13852837E+00 1.13855010E+00 1.13856811E+00 1.13858069E+00 1.13858656E+00 1.13858307E+00 1.13856850E+00 1.13853985E+00 1.13849450E+00 1.13842758E+00 1.13833604E+00 1.13821348E+00 1.13805546E+00 1.13785403E+00 1.13760366E+00 1.13729444E+00 1.13691957E+00 1.13646573E+00 1.13592473E+00 1.13528036E+00 1.13452263E+00 1.13363121E+00 1.13259366E+00 1.13139029E+00 1.13000485E+00 1.12840740E+00 1.12658352E+00 1.12450587E+00 1.12215318E+00 1.11951397E+00 1.11654962E+00 1.11355082E+00 1.11024076E+00 1.10702466E+00 1.10352808E+00 1.10018826E+00 1.09660483E+00 1.09322125E+00 1.08962313E+00 1.08624451E+00 1.08269286E+00 1.07940782E+00 1.07597423E+00 1.07280333E+00 1.06950731E+00 1.06648847E+00 1.06337019E+00 1.06052483E+00 1.05759903E+00 1.05493985E+00 1.05221053E+00 1.04973975E+00 1.04721551E+00 1.04475935E+00 1.04225405E+00 1.03969285E+00 1.03707692E+00 1.03441409E+00 1.03170008E+00 1.02892374E+00 1.02609117E+00 1.02321913E+00 1.02029260E+00 1.01727179E+00 1.01418458E+00 1.01115302E+00 1.00810934E+00 1.00445848E+00 1.00000000E+00
1.14342537E+00 1.14343627E+00 1.14344496E+00 1.14345121E+00 1.14345583E+00 1.14345961E+00 1.14346277E+00 1.14346544E+00 1.14346757E+00 1.14346921E+00 1.14347046E+00 1.14347147E+00 1.14347230E+00 1.14347302E+00 1.14347366E+00 1.14347427E+00 1.14347487E+00 1.14347552E+00 1.14347623E+00 1.14347704E+00 1.14347798E+00 1.14347909E+00 1.14348039E+00 1.14348192E+00 1.14348372E+00 1.14348583E+00 1.14348829E+00 1.14349117E+00 1.14349450E+00 1.14349836E+00 1.14350279E+00 1.14350791E+00 1.14351376E+00 1.14352044E+00 1.14352802E+00 1.14353663E+00 1.14354635E+00 1.14355729E+00 1.14356956E+00 1.14358330E+00 1.14359860E+00 1.14361561E+00 1.14363441E+00 1.14365517E+00 1.14367795E+00 1.14370287E+00 1.14372996E+00 1.14375932E+00 1.14379097E+00 1.14382488E+00 1.14386101E+00 1.14389911E+00 1.14393903E+00 1.14398059E+00 1.14402340E+00 1.14406666E+00 1.14410985E+00 1.14415182E+00 1.14419168E+00 1.14422777E+00 1.14425881E+00 1.14428209E+00 1.14429589E+00 1.14429726E+00 1.14428336E+00 1.14424903E+00 1.14419109E+00 1.14410274E+00 1.14397929E+00 1.14381236E+00 1.14359596E+00 1.14331951E+00 1.14297584E+00 1.14255073E+00 1.14203531E+00 1.14141213E+00 1.14067051E+00 1.13978875E+00 1.13875382E+00 1.13754484E+00 1.13614388E+00 1.13451884E+00 1.13265502E+00 1.13052357E+00 1.12810141E+00 1.12537573E+00 1.12230638E+00 1.11919520E+00 1.11575470E+00 1.11240607E+00 1.10876094E+00 1.10527590E+00 1.10153249E+00 1.09799369E+00 1.09422812E+00 1.09069105E+00 1.08697006E+00 1.08352545E+00 1.07992335E+00 1.07659525E+00 1.07313409E+00 1.06996259E+00 1.06668528E+00 1.06369378E+00 1.06061642E+00 1.05781852E+00 1.05494599E+00 1.05234467E+00 1.04968632E+00 1.04709898E+00 1.04445924E+00 1.04176032E+00 1.03900291E+00 1.03619460E+00 1.03333178E+00 1.03040344E+00 1.02741475E+00 1.02438197E+00 1.02129196E+00 1.01810541E+00 1.01484780E+00 1.01164115E+00 1.00842369E+00 1.00461029E+00 1.00000000E+00
1.12621399E+00 1.12621566E+00 1.12621320E+00 1.12620974E+00 1.12620708E+00 1.12620626E+00 1.12620640E+00 1.12620656E+00 1.12620647E+00 1.12620611E+00 1.12620577E+00 1.12620565E+00 1.12620572E+00 1.12620591E+00 1.12620617E+00 1.12620651E+00 1.12620695E+00 1.12620750E+00 1.12620818E+00 1.12620898E+00 1.12620993E+00 1.12621103E+00 1.12621229E+00 1.12621374E+00 1.12621539E+00 1.12621725E+00 1.12621935E+00 1.12622171E+00 1.12622435E+00 1.12622728E+00 1.12623054E+00 1.12623413E+00 1.12623808E+00 1.12624241E+00 1.12624711E+00 1.12625222E+00 1.12625772E+00 1.12626361E+00 1.12626988E+00 1.12627650E+00 1.12628343E+00 1.12629060E+00 1.12629795E+00 1.12630535E+00 1.12631269E+00 1.12631975E+00 1.12632636E+00 1.12633219E+00 1.12633700E+00 1.12634028E+00 1.12634168E+00 1.12634048E+00 1.12633614E+00 1.12632773E+00 1.12631450E+00 1.12629511E+00 1.12626858E+00 1.12623311E+00 1.12618738E+00 1.12612901E+00 1.12605630E+00 1.12596610E+00 1.12585620E+00 1.12572267E+00 1.12556263E+00 1.12537096E+00 1.12514420E+00 1.12487592E+00 1.12456170E+00 1.12419374E+00 1.12376666E+00 1.12327082E+00 1.12269972E+00 1.12204189E+00 1.12128977E+00 1.12042939E+00 1.11945217E+00 1.11834153E+00 1.11708678E+00 1.11567067E+00 1.11408117E+00 1.11229606E+00 1.11030249E+00 1.10807790E+00 1.10560701E+00 1.10288807E+00 1.09988589E+00 1.09689809E+00 1.09364558E+00 1.09052882E+00 1.08717735E+00 1.08400820E+00 1.08063948E+00 1.07748559E+00 1.07416200E+00 1.07107469E+00 1.06784903E+00 1.06487764E+00 1.06179139E+00 1.05896436E+00 1.05604441E+00 1.05338428E+00 1.05065056E+00 1.04817083E+00 1.04563343E+00 1.04334130E+00 1.04100239E+00 1.03889482E+00 1.03675223E+00 1.03467890E+00 1.03257534E+00 1.03044067E+00 1.02827519E+00 1.02608310E+00 1.02386539E+00 1.02162099E+00 1.01935385E+00 1.01707792E+00 1.01479100E+00 1.01247396E+00 1.01015319E+00 1.00796866E+00 1.00588436E+00 1.00330935E+00 1.00000000E+00
1.12605572E+00 1.12605777E+00 1.12605581E+00 1.12605260E+00 1.12604999E+00 1.12604911E+00 1.12604921E+00 1.12604940E+00 1.12604937E+00 1.12604906E+00 1.12604874E+00 1.12604862E+00 1.12604867E+00 1.12604886E+00 1.12604912E+00 1.12604945E+00 1.12604986E+00 1.12605039E+00 1.12605104E+00 1.12605182E+00 1.12605273E+00 1.12605378E+00 1.12605500E+00 1.12605640E+00 1.12605800E+00 1.12605981E+00 1.12606185E+00 1.12606416E+00 1.12606674E+00 1.12606963E+00 1.12607283E+00 1.12607639E+00 1.12608032E+00 1.12608463E+00 1.12608935E+00 1.12609449E+00 1.12610006E+00 1.12610606E+00 1.12611249E+00 1.12611933E+00 1.12612655E+00 1.12613410E+00 1.12614192E+00 1.12614992E+00 1.12615800E+00 1.12616597E+00 1.12617367E+00 1.12618083E+00 1.12618720E+00 1.12619236E+00 1.12619597E+00 1.12619737E+00 1.12619605E+00 1.12619117E+00 1.12618202E+00 1.12616735E+00 1.12614624E+00 1.12611699E+00 1.12607835E+00 1.12602803E+00 1.12596444E+00 1.12588453E+00 1.12578617E+00 1.12566559E+00 1.12552003E+00 1.12534448E+00 1.12513562E+00 1.12488713E+00 1.12459465E+00 1.12425049E+00 1.12384940E+00 1.12338186E+00 1.12284143E+00 1.12221657E+00 1.12149987E+00 1.12067735E+00 1.11974048E+00 1.11867241E+00 1.11746220E+00 1.11609249E+00 1.11455138E+00 1.11281600E+00 1.11087319E+00 1.10870013E+00 1.10628141E+00 1.10361393E+00 1.10066243E+00 1.09771852E+00 1.09450878E+00 1.09142802E+00 1.08811048E+00 1.08496906E+00 1.08162654E+00 1.07849482E+00 1.07519101E+00 1.07211708E+00 1.06890368E+00 1.06594359E+00 1.06286737E+00 1.06004729E+00 1.05713300E+00 1.05447709E+00 1.05174704E+00 1.04926947E+00 1.04673382E+00 1.04444209E+00 1.04210227E+00 1.03999368E+00 1.03784926E+00 1.03577311E+00 1.03366534E+00 1.03152376E+00 1.02934972E+00 1.02714840E+00 1.02491764E+00 1.02265393E+00 1.02036261E+00 1.01805712E+00 1.01572664E+00 1.01334469E+00 1.01093862E+00 1.00863345E+00 1.00638174E+00 1.00358095E+00 1.00000000E+00
1.13002401E+00 1.13003056E+00 1.13004046E+00 1.13004596E+00 1.13004678E+00 1.13004413E+00 1.13004077E+00 1.13003899E+00 1.13003854E+00 1.13003874E+00 1.13003892E+00 1.13003871E+00 1.13003836E+00 1.13003813E+00 1.13003811E+00 1.13003830E+00 1.13003863E+00 1.13003904E+00 1.13003957E+00 1.13004025E+00 1.13004108E+00 1.13004208E+00 1.13004326E+00 1.13004463E+00 1.13004622E+00 1.13004804E+00 1.13005011E+00 1.13005246E+00 1.13005511E+00 1.13005810E+00 1.13006143E+00 1.13006516E+00 1.13006929E+00 1.13007386E+00 1.13007889E+00 1.13008440E+00 1.13009043E+00 1.13009697E+00 1.13010403E+00 1.13011162E+00 1.13011972E+00 1.13012830E+00 1.13013732E+00 1.13014672E+00 1.13015640E+00 1.13016623E+00 1.13017607E+00 1.13018568E+00 1.13019484E+00 1.13020318E+00 1.13021041E+00 1.13021590E+00 1.13021920E+00 1.13021952E+00 1.13021622E+00 1.13020810E+00 1.13019429E+00 1.13017317E+00 1.13014351E+00 1.13010314E+00 1.13005047E+00 1.12998253E+00 1.12989724E+00 1.12979091E+00 1.12966081E+00 1.12950192E+00 1.12931096E+00 1.12908157E+00 1.12880933E+00 1.12848649E+00 1.12810771E+00 1.12766336E+00 1.12714686E+00 1.12654631E+00 1.12585418E+00 1.12505599E+00 1.12414292E+00 1.12309744E+00 1.12190814E+00 1.12055713E+00 1.11903187E+00 1.11730818E+00 1.11537240E+00 1.11320067E+00 1.11077644E+00 1.10809506E+00 1.10512021E+00 1.10214539E+00 1.09889473E+00 1.09576756E+00 1.09239372E+00 1.08919356E+00 1.08578267E+00 1.08258162E+00 1.07919868E+00 1.07604510E+00 1.07274460E+00 1.06970094E+00 1.06653309E+00 1.06362362E+00 1.06061237E+00 1.05786440E+00 1.05503563E+00 1.05246411E+00 1.04982827E+00 1.04744173E+00 1.04500100E+00 1.04279812E+00 1.04055397E+00 1.03837695E+00 1.03616264E+00 1.03390790E+00 1.03161371E+00 1.02928493E+00 1.02691886E+00 1.02451037E+00 1.02206382E+00 1.01959154E+00 1.01708305E+00 1.01451011E+00 1.01189626E+00 1.00936228E+00 1.00687020E+00 1.00382757E+00 1.00000000E+00
1.13482731E+00 1.13484249E+00 1.13485445E+00 1.13485881E+00 1.13485812E+00 1.13485588E+00 1.13485412E+00 1.13485408E+00 1.13485480E+00 1.13485534E+00 1.13485544E+00 1.13485517E+00 1.13485486E+00 1.13485477E+00 1.13485486E+00 1.13485508E+00 1.13485538E+00 1.13485578E+00 1.13485631E+00 1.13485699E+00 1.13485783E+00 1.13485886E+00 1.13486008E+00 1.13486151E+00 1.13486317E+00 1.13486510E+00 1.13486731E+00 1.13486983E+00 1.13487269E+00 1.13487594E+00 1.13487959E+00 1.13488369E+00 1.13488828E+00 1.13489338E+00 1.13489904E+00 1.13490530E+00 1.13491219E+00 1.13491974E+00 1.13492797E+00 1.13493691E+00 1.13494656E+00 1.13495692E+00 1.13496798E+00 1.13497970E+00 1.13499203E+00 1.13500485E+00 1.13501806E+00 1.13503148E+00 1.13504493E+00 1.13505807E+00 1.13507065E+00 1.13508211E+00 1.13509201E+00 1.13509966E+00 1.13510445E+00 1.13510522E+00 1.13510114E+00 1.13509063E+00 1.13507248E+00 1.13504455E+00 1.13500529E+00 1.13495169E+00 1.13488168E+00 1.13479160E+00 1.13467865E+00 1.13453767E+00 1.13436534E+00 1.13415507E+00 1.13390230E+00 1.13359900E+00 1.13323965E+00 1.13281422E+00 1.13231587E+00 1.13173209E+00 1.13105503E+00 1.13026938E+00 1.12936585E+00 1.12832595E+00 1.12713777E+00 1.12578258E+00 1.12424679E+00 1.12250464E+00 1.12054200E+00 1.11833371E+00 1.11586185E+00 1.11312052E+00 1.11007209E+00 1.10701749E+00 1.10367337E+00 1.10045029E+00 1.09696804E+00 1.09366095E+00 1.09013118E+00 1.08681401E+00 1.08330436E+00 1.08002904E+00 1.07659774E+00 1.07343030E+00 1.07013042E+00 1.06709620E+00 1.06395267E+00 1.06108143E+00 1.05812305E+00 1.05543112E+00 1.05266933E+00 1.05016632E+00 1.04760422E+00 1.04528979E+00 1.04293002E+00 1.04063869E+00 1.03830618E+00 1.03592899E+00 1.03350770E+00 1.03104699E+00 1.02854454E+00 1.02599479E+00 1.02340123E+00 1.02077576E+00 1.01810947E+00 1.01537417E+00 1.01259087E+00 1.00987921E+00 1.00720891E+00 1.00399542E+00 1.00000000E+00
1.13948276E+00 1.13948404E+00 1.13948628E+00 1.13948841E+00 1.13948982E+00 1.13949034E+00 1.13949040E+00 1.13949044E+00 1.13949054E+00 1.13949071E+00 1.13949087E+00 1.13949100E+00 1.13949114E+00 1.13949134E+00 1.13949162E+00 1.13949198E+00 1.13949244E+00 1.13949302E+00 1.13949372E+00 1.13949456E+00 1.13949557E+00 1.13949677E+00 1.13949818E+00 1.13949982E+00 1.13950173E+00 1.13950393E+00 1.13950645E+00 1.13950935E+00 1.13951264E+00 1.13951639E+00 1.13952062E+00 1.13952541E+00 1.13953078E+00 1.13953681E+00 1.13954352E+00 1.13955100E+00 1.13955928E+00 1.13956843E+00 1.13957847E+00 1.13958948E+00 1.13960148E+00 1.13961449E+00 1.13962855E+00 1.13964363E+00 1.13965973E+00 1.13967677E+00 1.13969467E+00 1.13971330E+00 1.13973252E+00 1.13975204E+00 1.13977163E+00 1.13979078E+00 1.13980907E+00 1.13982588E+00 1.13984061E+00 1.13985210E+00 1.13985956E+00 1.13986137E+00 1.13985634E+00 1.13984229E+00 1.13981765E+00 1.13977931E+00 1.13972516E+00 1.13965148E+00 1.13955530E+00 1.13943122E+00 1.13927576E+00 1.13908202E+00 1.13884519E+00 1.13855686E+00 1.13821118E+00 1.13779759E+00 1.13730891E+00 1.13673193E+00 1.13605837E+00 1.13527200E+00 1.13436303E+00 1.13331196E+00 1.13210637E+00 1.13072672E+00 1.12915834E+00 1.12737404E+00 1.12535933E+00 1.12308795E+00 1.12054081E+00 1.11771144E+00 1.11456087E+00 1.11140070E+00 1.10793763E+00 1.10459684E+00 1.10098521E+00 1.09755365E+00 1.09388885E+00 1.09044268E+00 1.08679534E+00 1.08339075E+00 1.07982265E+00 1.07652756E+00 1.07309384E+00 1.06993554E+00 1.06666249E+00 1.06367221E+00 1.06059043E+00 1.05778557E+00 1.05490720E+00 1.05229792E+00 1.04962651E+00 1.04721279E+00 1.04475135E+00 1.04236081E+00 1.03992690E+00 1.03744610E+00 1.03491869E+00 1.03234925E+00 1.02973591E+00 1.02707314E+00 1.02436381E+00 1.02161964E+00 1.01883304E+00 1.01597637E+00 1.01306902E+00 1.01023022E+00 1.00743520E+00 1.00410576E+00 1.00000000E+00
1.14366942E+00 1.14367500E+00 1.14367991E+00 1.14368331E+00 1.14368547E+00 1.14368689E+00 1.14368795E+00 1.14368892E+00 1.14368974E+00 1.14369039E+00 1.14369089E+00 1.14369131E+00 1.14369171E+00 1.14369213E+00 1.14369260E+00 1.14369313E+00 1.14369375E+00 1.14369449E+00 1.14369536E+00 1.14369640E+00 1.14369763E+00 1.14369907E+00 1.14370076E+00 1.14370274E+00 1.14370503E+00 1.14370768E+00 1.14371073E+00 1.14371423E+00 1.14371823E+00 1.14372279E+00 1.14372795E+00 1.14373381E+00 1.14374040E+00 1.14374782E+00 1.14375612E+00 1.14376539E+00 1.14377569E+00 1.14378712E+00 1.14379972E+00 1.14381360E+00 1.14382880E+00 1.14384539E+00 1.14386341E+00 1.14388289E+00 1.14390383E+00 1.14392621E+00 1.14394997E+00 1.14397502E+00 1.14400124E+00 1.14402836E+00 1.14405619E+00 1.14408421E+00 1.14411203E+00 1.14413908E+00 1.14416472E+00 1.14418775E+00 1.14420737E+00 1.14422190E+00 1.14423011E+00 1.14422976E+00 1.14421919E+00 1.14419512E+00 1.14415535E+00 1.14409601E+00 1.14401394E+00 1.14390337E+00 1.14376066E+00 1.14357848E+00 1.14335176E+00 1.14307166E+00 1.14273194E+00 1.14232147E+00 1.14183271E+00 1.14125181E+00 1.14057000E+00 1.13977022E+00 1.13884223E+00 1.13776563E+00 1.13652756E+00 1.13510779E+00 1.13349084E+00 1.13164829E+00 1.12956547E+00 1.12721535E+00 1.12457806E+00 1.12164704E+00 1.11838221E+00 1.11510719E+00 1.11151789E+00 1.10805513E+00 1.10431193E+00 1.10075601E+00 1.09695869E+00 1.09338801E+00 1.08960978E+00 1.08608423E+00 1.08238971E+00 1.07897802E+00 1.07542355E+00 1.07215481E+00 1.06876779E+00 1.06567386E+00 1.06248572E+00 1.05958457E+00 1.05660774E+00 1.05390957E+00 1.05114758E+00 1.04865228E+00 1.04610798E+00 1.04363732E+00 1.04112216E+00 1.03855909E+00 1.03594821E+00 1.03329398E+00 1.03059494E+00 1.02784574E+00 1.02504884E+00 1.02221577E+00 1.01934005E+00 1.01639466E+00 1.01339789E+00 1.01046876E+00 1.00758651E+00 1.00417824E+00 1.00000000E+00
1.12878315E+00 1.12878586E+00 1.12878433E+00 1.12878129E+00 1.12877875E+00 1.12877796E+00 1.12877816E+00 1.12877847E+00 1.12877855E+00 1.12877832E+00 1.12877807E+00 1.12877802E+00 1.12877814E+00 1.12877839E+00 1.12877872E+00 1.12877912E+00 1.12877961E+00 1.12878021E+00 1.12878094E+00 1.12878181E+00 1.12878281E+00 1.12878396E+00 1.12878529E+00 1.12878680E+00 1.12878851E+00 1.12879044E+00 1.12879262E+00 1.12879505E+00 1.12879777E+00 1.12880078E+00 1.12880412E+00 1.12880781E+00 1.12881185E+00 1.12881626E+00 1.12882106E+00 1.12882625E+00 1.12883184E+00 1.12883781E+00 1.12884415E+00 1.12885083E+00 1.12885780E+00 1.12886499E+00 1.12887233E+00 1.12887968E+00 1.12888693E+00 1.12889385E+00 1.12890026E+00 1.12890582E+00 1.12891027E+00 1.12891308E+00 1.12891390E+00 1.12891197E+00 1.12890674E+00 1.12889726E+00 1.12888275E+00 1.12886182E+00 1.12883348E+00 1.12879588E+00 1.12874767E+00 1.12868643E+00 1.12861039E+00 1.12851638E+00 1.12840214E+00 1.12826364E+00 1.12809796E+00 1.12789992E+00 1.12766599E+00 1.12738967E+00 1.12706647E+00 1.12668853E+00 1.12625038E+00 1.12574231E+00 1.12515772E+00 1.12448513E+00 1.12371683E+00 1.12283884E+00 1.12184242E+00 1.12071098E+00 1.11943401E+00 1.11799400E+00 1.11637866E+00 1.11456608E+00 1.11254343E+00 1.11028791E+00 1.10778414E+00 1.10503080E+00 1.10199218E+00 1.09897021E+00 1.09568134E+00 1.09253092E+00 1.08914452E+00 1.08594344E+00 1.08254105E+00 1.07935541E+00 1.07599817E+00 1.07288105E+00 1.06962413E+00 1.06662259E+00 1.06350438E+00 1.06064749E+00 1.05769571E+00 1.05500592E+00 1.05224029E+00 1.04973048E+00 1.04716046E+00 1.04483714E+00 1.04246522E+00 1.04032663E+00 1.03815064E+00 1.03604264E+00 1.03390121E+00 1.03172576E+00 1.02951637E+00 1.02727541E+00 1.02500336E+00 1.02269957E+00 1.02036555E+00 1.01800944E+00 1.01563079E+00 1.01321617E+00 1.01077559E+00 1.00841664E+00 1.00616802E+00 1.00346748E+00 1.00000000E+00
1.12899445E+00 1.12899895E+00 1.12899891E+00 1.12899622E+00 1.12899331E+00 1.12899204E+00 1.12899196E+00 1.12899231E+00 1.12899254E+00 1.12899240E+00 1.12899215E+00 1.12899205E+00 1.12899213E+00 1.12899236E+00 1.12899269E+00 1.12899308E+00 1.12899356E+00 1.12899415E+00 1.12899487E+00 1.12899572E+00 1.12899670E+00 1.12899785E+00 1.12899916E+00 1.12900066E+00 1.12900235E+00 1.12900428E+00 1.12900644E+00 1.12900886E+00 1.12901157E+00 1.12901458E+00 1.12901792E+00 1.12902160E+00 1.12902565E+00 1.12903008E+00 1.12903491E+00 1.12904014E+00 1.12904577E+00 1.12905181E+00 1.12905823E+00 1.12906502E+00 1.12907212E+00 1.12907948E+00 1.12908703E+00 1.12909463E+00 1.12910219E+00 1.12910947E+00 1.12911631E+00 1.12912238E+00 1.12912742E+00 1.12913094E+00 1.12913258E+00 1.12913160E+00 1.12912748E+00 1.12911927E+00 1.12910621E+00 1.12908695E+00 1.12906051E+00 1.12902508E+00 1.12897932E+00 1.12892083E+00 1.12884790E+00 1.12875737E+00 1.12864699E+00 1.12851281E+00 1.12835193E+00 1.12815919E+00 1.12793110E+00 1.12766118E+00 1.12734497E+00 1.12697462E+00 1.12654469E+00 1.12604549E+00 1.12547043E+00 1.12480799E+00 1.12405050E+00 1.12318392E+00 1.12219952E+00 1.12108062E+00 1.11981656E+00 1.11838980E+00 1.11678806E+00 1.11498919E+00 1.11298025E+00 1.11073830E+00 1.10824789E+00 1.10550726E+00 1.10248064E+00 1.09946849E+00 1.09618868E+00 1.09304536E+00 1.08966502E+00 1.08646832E+00 1.08306948E+00 1.07988632E+00 1.07653059E+00 1.07341339E+00 1.07015583E+00 1.06715356E+00 1.06403396E+00 1.06117506E+00 1.05822062E+00 1.05552800E+00 1.05275914E+00 1.05024586E+00 1.04767198E+00 1.04534464E+00 1.04296801E+00 1.04082493E+00 1.03864387E+00 1.03653037E+00 1.03438267E+00 1.03219974E+00 1.02998191E+00 1.02773168E+00 1.02544848E+00 1.02313095E+00 1.02078078E+00 1.01840571E+00 1.01600248E+00 1.01355566E+00 1.01107530E+00 1.00866372E+00 1.00634902E+00 1.00356591E+00 1.00000000E+00
1.13070692E+00 1.13071428E+00 1.13072372E+00 1.13072839E+00 1.13072865E+00 1.13072618E+00 1.13072344E+00 1.13072231E+00 1.13072231E+00 1.13072271E+00 1.13072298E+00 1.13072289E+00 1.13072271E+00 1.13072269E+00 1.13072287E+00 1.13072321E+00 1.13072367E+00 1.13072422E+00 1.13072488E+00 1.13072568E+00 1.13072664E+00 1.13072777E+00 1.13072907E+00 1.13073056E+00 1.13073227E+00 1.13073421E+00 1.13073640E+00 1.13073886E+00 1.13074162E+00 1.13074469E+00 1.13074811E+00 1.13075189E+00 1.13075605E+00 1.13076062E+00 1.13076561E+00 1.13077103E+00 1.13077689E+00 1.13078319E+00 1.13078992E+00 1.13079705E+00 1.13080457E+00 1.13081240E+00 1.13082048E+00 1.13082870E+00 1.13083696E+00 1.13084504E+00 1.13085279E+00 1.13085988E+00 1.13086608E+00 1.13087090E+00 1.13087399E+00 1.13087464E+00 1.13087233E+00 1.13086614E+00 1.13085532E+00 1.13083854E+00 1.13081482E+00 1.13078238E+00 1.13073987E+00 1.13068494E+00 1.13061585E+00 1.13052946E+00 1.13042354E+00 1.13029413E+00 1.13013833E+00 1.12995094E+00 1.12972848E+00 1.12946443E+00 1.12915427E+00 1.12879009E+00 1.12836642E+00 1.12787346E+00 1.12730454E+00 1.12664797E+00 1.12589602E+00 1.12503440E+00 1.12405427E+00 1.12293865E+00 1.12167669E+00 1.12025058E+00 1.11864782E+00 1.11684576E+00 1.11483123E+00 1.11258085E+00 1.11007879E+00 1.10732278E+00 1.10427658E+00 1.10124247E+00 1.09793645E+00 1.09476571E+00 1.09135381E+00 1.08812545E+00 1.08469100E+00 1.08147273E+00 1.07807810E+00 1.07492286E+00 1.07162418E+00 1.06858276E+00 1.06542091E+00 1.06252155E+00 1.05952381E+00 1.05679048E+00 1.05397839E+00 1.05142446E+00 1.04880765E+00 1.04644016E+00 1.04402125E+00 1.04183898E+00 1.03961686E+00 1.03746226E+00 1.03527156E+00 1.03304348E+00 1.03077825E+00 1.02847826E+00 1.02614282E+00 1.02377019E+00 1.02136179E+00 1.01892510E+00 1.01645701E+00 1.01394200E+00 1.01138918E+00 1.00889926E+00 1.00650494E+00 1.00364454E+00 1.00000000E+00
1.13268844E+00 1.13269949E+00 1.13271065E+00 1.13271591E+00 1.13271639E+00 1.13271439E+00 1.13271229E+00 1.13271175E+00 1.13271216E+00 1.13271272E+00 1.13271303E+00 1.13271295E+00 1.13271280E+00 1.13271282E+00 1.13271303E+00 1.13271339E+00 1.13271384E+00 1.13271439E+00 1.13271506E+00 1.13271588E+00 1.13271685E+00 1.13271801E+00 1.13271935E+00 1.13272089E+00 1.13272266E+00 1.13272468E+00 1.13272696E+00 1.13272954E+00 1.13273243E+00 1.13273567E+00 1.13273927E+00 1.13274327E+00 1.13274769E+00 1.13275256E+00 1.13275788E+00 1.13276370E+00 1.13277001E+00 1.13277682E+00 1.13278414E+00 1.13279194E+00 1.13280021E+00 1.13280889E+00 1.13281793E+00 1.13282722E+00 1.13283668E+00 1.13284610E+00 1.13285533E+00 1.13286408E+00 1.13287210E+00 1.13287893E+00 1.13288423E+00 1.13288730E+00 1.13288761E+00 1.13288428E+00 1.13287656E+00 1.13286312E+00 1.13284298E+00 1.13281435E+00 1.13277589E+00 1.13272523E+00 1.13266062E+00 1.13257888E+00 1.13247776E+00 1.13235327E+00 1.13220247E+00 1.13202006E+00 1.13180251E+00 1.13154319E+00 1.13123748E+00 1.13087734E+00 1.13045717E+00 1.12996700E+00 1.12940001E+00 1.12874426E+00 1.12799186E+00 1.12712820E+00 1.12614423E+00 1.12502260E+00 1.12375224E+00 1.12231501E+00 1.12069806E+00 1.11887818E+00 1.11684200E+00 1.11456568E+00 1.11203292E+00 1.10924125E+00 1.10615381E+00 1.10307711E+00 1.09972320E+00 1.09650509E+00 1.09304110E+00 1.08976257E+00 1.08627365E+00 1.08300335E+00 1.07955303E+00 1.07634529E+00 1.07299102E+00 1.06989770E+00 1.06668130E+00 1.06373120E+00 1.06068036E+00 1.05789813E+00 1.05503522E+00 1.05243462E+00 1.04976952E+00 1.04735789E+00 1.04489344E+00 1.04266973E+00 1.04040503E+00 1.03820875E+00 1.03597532E+00 1.03370343E+00 1.03139319E+00 1.02904695E+00 1.02666418E+00 1.02424306E+00 1.02178482E+00 1.01929685E+00 1.01677653E+00 1.01420863E+00 1.01160157E+00 1.00905544E+00 1.00660621E+00 1.00369479E+00 1.00000000E+00
1.13454885E+00 1.13456438E+00 1.13457559E+00 1.13457981E+00 1.13457983E+00 1.13457897E+00 1.13457863E+00 1.13457951E+00 1.13458071E+00 1.13458149E+00 1.13458181E+00 1.13458185E+00 1.13458189E+00 1.13458211E+00 1.13458246E+00 1.13458290E+00 1.13458341E+00 1.13458402E+00 1.13458476E+00 1.13458566E+00 1.13458672E+00 1.13458797E+00 1.13458942E+00 1.13459109E+00 1.13459301E+00 1.13459520E+00 1.13459768E+00 1.13460049E+00 1.13460364E+00 1.13460719E+00 1.13461114E+00 1.13461554E+00 1.13462041E+00 1.13462579E+00 1.13463170E+00 1.13463816E+00 1.13464521E+00 1.13465284E+00 1.13466106E+00 1.13466988E+00 1.13467928E+00 1.13468920E+00 1.13469962E+00 1.13471043E+00 1.13472154E+00 1.13473278E+00 1.13474399E+00 1.13475488E+00 1.13476522E+00 1.13477456E+00 1.13478254E+00 1.13478848E+00 1.13479184E+00 1.13479175E+00 1.13478745E+00 1.13477757E+00 1.13476114E+00 1.13473633E+00 1.13470177E+00 1.13465505E+00 1.13459441E+00 1.13451656E+00 1.13441923E+00 1.13429836E+00 1.13415092E+00 1.13397147E+00 1.13375642E+00 1.13349895E+00 1.13319436E+00 1.13283440E+00 1.13241336E+00 1.13192102E+00 1.13135042E+00 1.13068936E+00 1.12992978E+00 1.12905673E+00 1.12806100E+00 1.12692490E+00 1.12563715E+00 1.12417936E+00 1.12253838E+00 1.12069055E+00 1.11862238E+00 1.11630973E+00 1.11373601E+00 1.11089878E+00 1.10776069E+00 1.10463353E+00 1.10122459E+00 1.09795370E+00 1.09443310E+00 1.09110131E+00 1.08755587E+00 1.08423273E+00 1.08072702E+00 1.07746816E+00 1.07406063E+00 1.07091835E+00 1.06765134E+00 1.06465499E+00 1.06155650E+00 1.05873101E+00 1.05582374E+00 1.05318301E+00 1.05047692E+00 1.04802829E+00 1.04552617E+00 1.04326855E+00 1.04096943E+00 1.03873986E+00 1.03647268E+00 1.03416660E+00 1.03182168E+00 1.02944023E+00 1.02702188E+00 1.02456486E+00 1.02207023E+00 1.01954534E+00 1.01698799E+00 1.01438328E+00 1.01173912E+00 1.00915526E+00 1.00666992E+00 1.00372593E+00 1.00000000E+00
1.13622563E+00 1.13623047E+00 1.13623150E+00 1.13623241E+00 1.13623384E+00 1.13623594E+00 1.13623783E+00 1.13623896E+00 1.13623950E+00 1.13623979E+00 1.13624005E+00 1.13624042E+00 1.13624084E+00 1.13624128E+00 1.13624175E+00 1.13624229E+00 1.13624293E+00 1.13624370E+00 1.13624462E+00 1.13624569E+00 1.13624694E+00 1.13624839E+00 1.13625006E+00 1.13625199E+00 1.13625418E+00 1.13625669E+00 1.13625951E+00 1.13626271E+00 1.13626630E+00 1.13627033E+00 1.13627482E+00 1.13627982E+00 1.13628535E+00 1.13629147E+00 1.13629818E+00 1.13630554E+00 1.13631356E+00 1.13632227E+00 1.13633167E+00 1.13634176E+00 1.13635255E+00 1.13636398E+00 1.13637602E+00 1.13638858E+00 1.13640157E+00 1.13641482E+00 1.13642816E+00 1.13644132E+00 1.13645406E+00 1.13646591E+00 1.13647653E+00 1.13648520E+00 1.13649137E+00 1.13649417E+00 1.13649281E+00 1.13648587E+00 1.13647238E+00 1.13645042E+00 1.13641862E+00 1.13637448E+00 1.13631620E+00 1.13624041E+00 1.13614476E+00 1.13602511E+00 1.13587834E+00 1.13569885E+00 1.13548298E+00 1.13522373E+00 1.13491630E+00 1.13455226E+00 1.13412576E+00 1.13362638E+00 1.13304703E+00 1.13237529E+00 1.13160298E+00 1.13071485E+00 1.12970158E+00 1.12854523E+00 1.12723438E+00 1.12575048E+00 1.12408018E+00 1.12219951E+00 1.12009496E+00 1.11774225E+00 1.11512462E+00 1.11223990E+00 1.10905033E+00 1.10587307E+00 1.10241066E+00 1.09908954E+00 1.09551602E+00 1.09213529E+00 1.08853877E+00 1.08516861E+00 1.08161429E+00 1.07831126E+00 1.07485827E+00 1.07167469E+00 1.06836549E+00 1.06533107E+00 1.06219377E+00 1.05933342E+00 1.05639075E+00 1.05371833E+00 1.05098014E+00 1.04850282E+00 1.04597174E+00 1.04368826E+00 1.04136308E+00 1.03910852E+00 1.03681621E+00 1.03448488E+00 1.03211457E+00 1.02970756E+00 1.02726359E+00 1.02478096E+00 1.02226064E+00 1.01970992E+00 1.01712695E+00 1.01449706E+00 1.01182786E+00 1.00921884E+00 1.00670977E+00 1.00374505E+00 1.00000000E+00
1.11636979E+00 1.11636586E+00 1.11636003E+00 1.11635640E+00 1.11635493E+00 1.11635491E+00 1.11635512E+00 1.11635476E+00 1.11635408E+00 1.11635345E+00 1.11635304E+00 1.11635290E+00 1.11635289E+00 1.11635295E+00 1.11635307E+00 1.11635328E+00 1.11635358E+00 1.11635400E+00 1.11635454E+00 1.11635519E+00 1.11635597E+00 1.11635688E+00 1.11635795E+00 1.11635919E+00 1.11636061E+00 1.11636223E+00 1.11636407E+00 1.11636614E+00 1.11636848E+00 1.11637110E+00 1.11637401E+00 1.11637725E+00 1.11638084E+00 1.11638478E+00 1.11638910E+00 1.11639381E+00 1.11639893E+00 1.11640444E+00 1.11641035E+00 1.11641665E+00 1.11642330E+00 1.11643025E+00 1.11643746E+00 1.11644484E+00 1.11645229E+00 1.11645963E+00 1.11646672E+00 1.11647329E+00 1.11647911E+00 1.11648377E+00 1.11648697E+00 1.11648808E+00 1.11648661E+00 1.11648173E+00 1.11647280E+00 1.11645860E+00 1.11643827E+00 1.11641019E+00 1.11637314E+00 1.11632496E+00 1.11626410E+00 1.11618764E+00 1.11609354E+00 1.11597817E+00 1.11583887E+00 1.11567082E+00 1.11547084E+00 1.11523289E+00 1.11495273E+00 1.11462292E+00 1.11423835E+00 1.11378988E+00 1.11327145E+00 1.11267176E+00 1.11198365E+00 1.11119361E+00 1.11029349E+00 1.10926700E+00 1.10810345E+00 1.10678615E+00 1.10530381E+00 1.10363416E+00 1.10176419E+00 1.09967166E+00 1.09734193E+00 1.09477269E+00 1.09193032E+00 1.08909409E+00 1.08600204E+00 1.08303551E+00 1.07984097E+00 1.07681398E+00 1.07359393E+00 1.07058141E+00 1.06740677E+00 1.06445158E+00 1.06136160E+00 1.05851752E+00 1.05556495E+00 1.05286188E+00 1.05007206E+00 1.04753147E+00 1.04492262E+00 1.04255837E+00 1.04014307E+00 1.03796590E+00 1.03574762E+00 1.03375078E+00 1.03172442E+00 1.02977000E+00 1.02779354E+00 1.02579304E+00 1.02377023E+00 1.02173383E+00 1.01968512E+00 1.01762222E+00 1.01555892E+00 1.01352651E+00 1.01150945E+00 1.00948748E+00 1.00753578E+00 1.00585572E+00 1.00439045E+00 1.00252860E+00 1.00000000E+00
1.10280853E+00 1.10280343E+00 1.10279651E+00 1.10279289E+00 1.10279202E+00 1.10279271E+00 1.10279353E+00 1.10279355E+00 1.10279316E+00 1.10279273E+00 1.10279246E+00 1.10279241E+00 1.10279247E+00 1.10279256E+00 1.10279268E+00 1.10279285E+00 1.10279309E+00 1.10279339E+00 1.10279378E+00 1.10279424E+00 1.10279479E+00 1.10279545E+00 1.10279622E+00 1.10279712E+00 1.10279816E+00 1.10279936E+00 1.10280074E+00 1.10280232E+00 1.10280411E+00 1.10280614E+00 1.10280843E+00 1.10281102E+00 1.10281391E+00 1.10281715E+00 1.10282074E+00 1.10282474E+00 1.10282915E+00 1.10283398E+00 1.10283926E+00 1.10284503E+00 1.10285126E+00 1.10285794E+00 1.10286507E+00 1.10287264E+00 1.10288061E+00 1.10288888E+00 1.10289739E+00 1.10290599E+00 1.10291454E+00 1.10292279E+00 1.10293058E+00 1.10293756E+00 1.10294332E+00 1.10294731E+00 1.10294910E+00 1.10294785E+00 1.10294295E+00 1.10293327E+00 1.10291789E+00 1.10289516E+00 1.10286394E+00 1.10282192E+00 1.10276747E+00 1.10269776E+00 1.10261071E+00 1.10250235E+00 1.10237023E+00 1.10220943E+00 1.10201617E+00 1.10178375E+00 1.10150795E+00 1.10118119E+00 1.10079829E+00 1.10034858E+00 1.09982569E+00 1.09921764E+00 1.09851717E+00 1.09770873E+00 1.09678183E+00 1.09572089E+00 1.09451589E+00 1.09314448E+00 1.09159299E+00 1.08983901E+00 1.08786981E+00 1.08568050E+00 1.08323887E+00 1.08077954E+00 1.07808057E+00 1.07547549E+00 1.07265104E+00 1.06995292E+00 1.06707234E+00 1.06437824E+00 1.06152691E+00 1.05884640E+00 1.05603188E+00 1.05344228E+00 1.05075025E+00 1.04827909E+00 1.04572359E+00 1.04339177E+00 1.04099435E+00 1.03881968E+00 1.03659931E+00 1.03459737E+00 1.03255623E+00 1.03071870E+00 1.02885630E+00 1.02706500E+00 1.02525683E+00 1.02342354E+00 1.02157409E+00 1.01973040E+00 1.01788801E+00 1.01603291E+00 1.01418759E+00 1.01239455E+00 1.01062777E+00 1.00886785E+00 1.00719732E+00 1.00574058E+00 1.00442524E+00 1.00261663E+00 1.00000000E+00
1.09693826E+00 1.09693682E+00 1.09693791E+00 1.09693913E+00 1.09693976E+00 1.09693955E+00 1.09693907E+00 1.09693873E+00 1.09693854E+00 1.09693848E+00 1.09693845E+00 1.09693844E+00 1.09693845E+00 1.09693849E+00 1.09693857E+00 1.09693867E+00 1.09693883E+00 1.09693903E+00 1.09693928E+00 1.09693959E+00 1.09693997E+00 1.09694043E+00 1.09694098E+00 1.09694163E+00 1.09694240E+00 1.09694331E+00 1.09694436E+00 1.09694559E+00 1.09694701E+00 1.09694864E+00 1.09695050E+00 1.09695265E+00 1.09695510E+00 1.09695787E+00 1.09696100E+00 1.09696455E+00 1.09696853E+00 1.09697298E+00 1.09697793E+00 1.09698345E+00 1.09698955E+00 1.09699623E+00 1.09700353E+00 1.09701154E+00 1.09702022E+00 1.09702957E+00 1.09703958E+00 1.09705021E+00 1.09706139E+00 1.09707302E+00 1.09708507E+00 1.09709739E+00 1.09710967E+00 1.09712155E+00 1.09713282E+00 1.09714296E+00 1.09715158E+00 1.09715797E+00 1.09716144E+00 1.09716080E+00 1.09715525E+00 1.09714297E+00 1.09712269E+00 1.09709232E+00 1.09705026E+00 1.09699327E+00 1.09691949E+00 1.09682493E+00 1.09670618E+00 1.09655706E+00 1.09637412E+00 1.09615123E+00 1.09588386E+00 1.09556186E+00 1.09517945E+00 1.09472567E+00 1.09419337E+00 1.09356724E+00 1.09283781E+00 1.09199097E+00 1.09101560E+00 1.08988743E+00 1.08859341E+00 1.08711151E+00 1.08542798E+00 1.08353352E+00 1.08139749E+00 1.07922251E+00 1.07681173E+00 1.07445978E+00 1.07188792E+00 1.06941340E+00 1.06675864E+00 1.06426564E+00 1.06160663E+00 1.05907990E+00 1.05641563E+00 1.05396465E+00 1.05141009E+00 1.04905239E+00 1.04660291E+00 1.04435930E+00 1.04204761E+00 1.03994717E+00 1.03779926E+00 1.03585629E+00 1.03386850E+00 1.03207534E+00 1.03025614E+00 1.02850533E+00 1.02673535E+00 1.02493201E+00 1.02310555E+00 1.02128464E+00 1.01946158E+00 1.01760943E+00 1.01574852E+00 1.01392463E+00 1.01211303E+00 1.01028232E+00 1.00848738E+00 1.00680387E+00 1.00517867E+00 1.00302310E+00 1.00000000E+00
1.09403185E+00 1.09403630E+00 1.09404079E+00 1.09404326E+00 1.09404427E+00 1.09404466E+00 1.09404495E+00 1.09404541E+00 1.09404583E+00 1.09404612E+00 1.09404630E+00 1.09404643E+00 1.09404653E+00 1.09404663E+00 1.09404673E+00 1.09404683E+00 1.09404693E+00 1.09404707E+00 1.09404724E+00 1.09404744E+00 1.09404769E+00 1.09404799E+00 1.09404837E+00 1.09404883E+00 1.09404939E+00 1.09405006E+00 1.09405086E+00 1.09405182E+00 1.09405295E+00 1.09405427E+00 1.09405582E+00 1.09405763E+00 1.09405975E+00 1.09406218E+00 1.09406499E+00 1.09406823E+00 1.09407194E+00 1.09407616E+00 1.09408095E+00 1.09408640E+00 1.09409253E+00 1.09409938E+00 1.09410703E+00 1.09411562E+00 1.09412517E+00 1.09413573E+00 1.09414734E+00 1.09416007E+00 1.09417391E+00 1.09418890E+00 1.09420511E+00 1.09422255E+00 1.09424103E+00 1.09426040E+00 1.09428062E+00 1.09430145E+00 1.09432269E+00 1.09434395E+00 1.09436481E+00 1.09438448E+00 1.09440242E+00 1.09441715E+00 1.09442784E+00 1.09443318E+00 1.09443189E+00 1.09442135E+00 1.09440013E+00 1.09436497E+00 1.09431278E+00 1.09423795E+00 1.09413750E+00 1.09400643E+00 1.09384096E+00 1.09363149E+00 1.09337240E+00 1.09305314E+00 1.09266637E+00 1.09219663E+00 1.09163617E+00 1.09097230E+00 1.09019108E+00 1.08926524E+00 1.08818345E+00 1.08692405E+00 1.08547090E+00 1.08381004E+00 1.08191222E+00 1.07995537E+00 1.07776069E+00 1.07559343E+00 1.07320318E+00 1.07088873E+00 1.06839085E+00 1.06602958E+00 1.06349169E+00 1.06105967E+00 1.05848493E+00 1.05611402E+00 1.05363545E+00 1.05133523E+00 1.04893333E+00 1.04672465E+00 1.04444351E+00 1.04236644E+00 1.04023622E+00 1.03830075E+00 1.03631250E+00 1.03451388E+00 1.03268470E+00 1.03091925E+00 1.02912789E+00 1.02729230E+00 1.02542219E+00 1.02354818E+00 1.02166074E+00 1.01972572E+00 1.01776090E+00 1.01581230E+00 1.01385640E+00 1.01185349E+00 1.00984043E+00 1.00786855E+00 1.00590204E+00 1.00339501E+00 1.00000000E+00
1.09258974E+00 1.09260201E+00 1.09261004E+00 1.09261497E+00 1.09261852E+00 1.09262198E+00 1.09262511E+00 1.09262771E+00 1.09262966E+00 1.09263108E+00 1.09263216E+00 1.09263305E+00 1.09263377E+00 1.09263436E+00 1.09263481E+00 1.09263519E+00 1.09263550E+00 1.09263578E+00 1.09263603E+00 1.09263627E+00 1.09263652E+00 1.09263679E+00 1.09263709E+00 1.09263746E+00 1.09263789E+00 1.09263841E+00 1.09263904E+00 1.09263980E+00 1.09264072E+00 1.09264182E+00 1.09264312E+00 1.09264469E+00 1.09264656E+00 1.09264876E+00 1.09265133E+00 1.09265438E+00 1.09265794E+00 1.09266204E+00 1.09266678E+00 1.09267228E+00 1.09267857E+00 1.09268574E+00 1.09269389E+00 1.09270320E+00 1.09271375E+00 1.09272565E+00 1.09273899E+00 1.09275392E+00 1.09277053E+00 1.09278897E+00 1.09280938E+00 1.09283187E+00 1.09285642E+00 1.09288319E+00 1.09291224E+00 1.09294354E+00 1.09297702E+00 1.09301255E+00 1.09304998E+00 1.09308899E+00 1.09312915E+00 1.09316929E+00 1.09320907E+00 1.09324798E+00 1.09328495E+00 1.09331777E+00 1.09334544E+00 1.09336515E+00 1.09337423E+00 1.09336761E+00 1.09334258E+00 1.09329503E+00 1.09322191E+00 1.09311404E+00 1.09296566E+00 1.09276632E+00 1.09250852E+00 1.09217660E+00 1.09176420E+00 1.09125948E+00 1.09064547E+00 1.08989187E+00 1.08898895E+00 1.08791510E+00 1.08665184E+00 1.08518108E+00 1.08347404E+00 1.08168846E+00 1.07966058E+00 1.07763382E+00 1.07537911E+00 1.07318153E+00 1.07079422E+00 1.06852086E+00 1.06606034E+00 1.06368666E+00 1.06116372E+00 1.05883578E+00 1.05639370E+00 1.05411520E+00 1.05172458E+00 1.04951836E+00 1.04723351E+00 1.04514718E+00 1.04299973E+00 1.04103982E+00 1.03901861E+00 1.03718467E+00 1.03531386E+00 1.03350147E+00 1.03165485E+00 1.02975326E+00 1.02780573E+00 1.02584289E+00 1.02385420E+00 1.02180208E+00 1.01970257E+00 1.01760119E+00 1.01547544E+00 1.01328046E+00 1.01104097E+00 1.00879346E+00 1.00651668E+00 1.00370295E+00 1.00000000E+00
1.09208029E+00 1.09208721E+00 1.09209264E+00 1.09209682E+00 1.09210013E+00 1.09210293E+00 1.09210526E+00 1.09210720E+00 1.09210877E+00 1.09211004E+00 1.09211107E+00 1.09211193E+00 1.09211263E+00 1.09211320E+00 1.09211367E+00 1.09211404E+00 1.09211435E+00 1.09211462E+00 1.09211484E+00 1.09211505E+00 1.09211524E+00 1.09211543E+00 1.09211565E+00 1.09211591E+00 1.09211622E+00 1.09211660E+00 1.09211707E+00 1.09211767E+00 1.09211841E+00 1.09211933E+00 1.09212044E+00 1.09212181E+00 1.09212349E+00 1.09212552E+00 1.09212795E+00 1.09213088E+00 1.09213436E+00 1.09213845E+00 1.09214324E+00 1.09214890E+00 1.09215550E+00 1.09216313E+00 1.09217192E+00 1.09218209E+00 1.09219378E+00 1.09220719E+00 1.09222242E+00 1.09223971E+00 1.09225926E+00 1.09228134E+00 1.09230608E+00 1.09233367E+00 1.09236438E+00 1.09239870E+00 1.09243671E+00 1.09247851E+00 1.09252416E+00 1.09257371E+00 1.09262735E+00 1.09268520E+00 1.09274692E+00 1.09281163E+00 1.09287947E+00 1.09295068E+00 1.09302432E+00 1.09309851E+00 1.09317259E+00 1.09324406E+00 1.09331069E+00 1.09336793E+00 1.09341324E+00 1.09344319E+00 1.09345529E+00 1.09344063E+00 1.09339318E+00 1.09330249E+00 1.09316101E+00 1.09295271E+00 1.09267205E+00 1.09230742E+00 1.09183924E+00 1.09123455E+00 1.09048461E+00 1.08956762E+00 1.08846301E+00 1.08714905E+00 1.08559666E+00 1.08394701E+00 1.08204910E+00 1.08012981E+00 1.07797593E+00 1.07586221E+00 1.07355055E+00 1.07133314E+00 1.06891809E+00 1.06657552E+00 1.06407604E+00 1.06176324E+00 1.05932815E+00 1.05704497E+00 1.05463925E+00 1.05241202E+00 1.05009880E+00 1.04797996E+00 1.04579121E+00 1.04378572E+00 1.04171068E+00 1.03982266E+00 1.03789102E+00 1.03601303E+00 1.03409262E+00 1.03210780E+00 1.03006697E+00 1.02800007E+00 1.02589607E+00 1.02371593E+00 1.02147460E+00 1.01921683E+00 1.01692091E+00 1.01453838E+00 1.01208502E+00 1.00958722E+00 1.00703639E+00 1.00395877E+00 1.00000000E+00
1.11959516E+00 1.11959290E+00 1.11958779E+00 1.11958394E+00 1.11958198E+00 1.11958173E+00 1.11958199E+00 1.11958181E+00 1.11958130E+00 1.11958071E+00 1.11958029E+00 1.11958015E+00 1.11958017E+00 1.11958026E+00 1.11958042E+00 1.11958066E+00 1.11958100E+00 1.11958146E+00 1.11958204E+00 1.11958274E+00 1.11958356E+00 1.11958453E+00 1.11958566E+00 1.11958696E+00 1.11958845E+00 1.11959015E+00 1.11959207E+00 1.11959424E+00 1.11959667E+00 1.11959939E+00 1.11960241E+00 1.11960577E+00 1.11960947E+00 1.11961353E+00 1.11961798E+00 1.11962282E+00 1.11962807E+00 1.11963371E+00 1.11963974E+00 1.11964615E+00 1.11965290E+00 1.11965994E+00 1.11966721E+00 1.11967462E+00 1.11968205E+00 1.11968933E+00 1.11969630E+00 1.11970267E+00 1.11970821E+00 1.11971248E+00 1.11971515E+00 1.11971559E+00 1.11971327E+00 1.11970734E+00 1.11969712E+00 1.11968136E+00 1.11965916E+00 1.11962883E+00 1.11958914E+00 1.11953784E+00 1.11947334E+00 1.11939266E+00 1.11929369E+00 1.11917271E+00 1.11902699E+00 1.11885160E+00 1.11864331E+00 1.11839590E+00 1.11810509E+00 1.11776334E+00 1.11736546E+00 1.11690213E+00 1.11636713E+00 1.11574911E+00 1.11504079E+00 1.11422851E+00 1.11330399E+00 1.11225081E+00 1.11105825E+00 1.10970948E+00 1.10819298E+00 1.10648641E+00 1.10457682E+00 1.10244199E+00 1.10006702E+00 1.09744960E+00 1.09455566E+00 1.09167053E+00 1.08852675E+00 1.08551146E+00 1.08226590E+00 1.07919308E+00 1.07592526E+00 1.07286678E+00 1.06964345E+00 1.06664521E+00 1.06351136E+00 1.06062637E+00 1.05763082E+00 1.05488777E+00 1.05205590E+00 1.04947672E+00 1.04682780E+00 1.04442670E+00 1.04197261E+00 1.03975884E+00 1.03750209E+00 1.03547018E+00 1.03340723E+00 1.03141538E+00 1.02939907E+00 1.02735680E+00 1.02528969E+00 1.02320506E+00 1.02110436E+00 1.01898600E+00 1.01685986E+00 1.01475129E+00 1.01265279E+00 1.01054441E+00 1.00848100E+00 1.00664304E+00 1.00496081E+00 1.00282262E+00 1.00000000E+00
1.11164170E+00 1.11163975E+00 1.11163463E+00 1.11163085E+00 1.11162907E+00 1.11162913E+00 1.11162968E+00 1.11162973E+00 1.11162938E+00 1.11162891E+00 1.11162858E+00 1.11162849E+00 1.11162855E+00 1.11162866E+00 1.11162881E+00 1.11162901E+00 1.11162929E+00 1.11162966E+00 1.11163012E+00 1.11163068E+00 1.11163135E+00 1.11163213E+00 1.11163305E+00 1.11163411E+00 1.11163534E+00 1.11163674E+00 1.11163834E+00 1.11164017E+00 1.11164224E+00 1.11164457E+00 1.11164718E+00 1.11165012E+00 1.11165339E+00 1.11165702E+00 1.11166104E+00 1.11166547E+00 1.11167034E+00 1.11167565E+00 1.11168142E+00 1.11168766E+00 1.11169435E+00 1.11170149E+00 1.11170904E+00 1.11171697E+00 1.11172523E+00 1.11173368E+00 1.11174225E+00 1.11175073E+00 1.11175897E+00 1.11176666E+00 1.11177360E+00 1.11177930E+00 1.11178335E+00 1.11178510E+00 1.11178404E+00 1.11177920E+00 1.11176987E+00 1.11175472E+00 1.11173271E+00 1.11170200E+00 1.11166129E+00 1.11160801E+00 1.11154037E+00 1.11145523E+00 1.11135027E+00 1.11122119E+00 1.11106519E+00 1.11087677E+00 1.11065198E+00 1.11038385E+00 1.11006780E+00 1.10969545E+00 1.10926108E+00 1.10875368E+00 1.10816657E+00 1.10748698E+00 1.10670714E+00 1.10581085E+00 1.10478731E+00 1.10362026E+00 1.10229890E+00 1.10080024E+00 1.09911097E+00 1.09720888E+00 1.09507984E+00 1.09271864E+00 1.09009210E+00 1.08745594E+00 1.08456934E+00 1.08178739E+00 1.07877930E+00 1.07591792E+00 1.07286657E+00 1.07000680E+00 1.06698292E+00 1.06415394E+00 1.06119042E+00 1.05846318E+00 1.05562848E+00 1.05302764E+00 1.05033905E+00 1.04788784E+00 1.04536956E+00 1.04308627E+00 1.04075396E+00 1.03864971E+00 1.03650383E+00 1.03457279E+00 1.03261420E+00 1.03072575E+00 1.02881625E+00 1.02688046E+00 1.02492307E+00 1.02295762E+00 1.02098083E+00 1.01898380E+00 1.01698195E+00 1.01500598E+00 1.01303580E+00 1.01103561E+00 1.00905742E+00 1.00723477E+00 1.00547333E+00 1.00313448E+00 1.00000000E+00
1.11115803E+00 1.11115614E+00 1.11115050E+00 1.11114652E+00 1.11114494E+00 1.11114542E+00 1.11114632E+00 1.11114643E+00 1.11114597E+00 1.11114535E+00 1.11114489E+00 1.11114474E+00 1.11114473E+00 1.11114476E+00 1.11114481E+00 1.11114491E+00 1.11114507E+00 1.11114533E+00 1.11114567E+00 1.11114610E+00 1.11114663E+00 1.11114727E+00 1.11114802E+00 1.11114892E+00 1.11114997E+00 1.11115119E+00 1.11115260E+00 1.11115423E+00 1.11115609E+00 1.11115822E+00 1.11116064E+00 1.11116338E+00 1.11116648E+00 1.11116997E+00 1.11117387E+00 1.11117824E+00 1.11118311E+00 1.11118849E+00 1.11119443E+00 1.11120097E+00 1.11120811E+00 1.11121587E+00 1.11122427E+00 1.11123334E+00 1.11124304E+00 1.11125334E+00 1.11126417E+00 1.11127546E+00 1.11128710E+00 1.11129892E+00 1.11131080E+00 1.11132242E+00 1.11133345E+00 1.11134342E+00 1.11135199E+00 1.11135843E+00 1.11136219E+00 1.11136223E+00 1.11135770E+00 1.11134706E+00 1.11132927E+00 1.11130210E+00 1.11126400E+00 1.11121237E+00 1.11114518E+00 1.11105858E+00 1.11095012E+00 1.11081474E+00 1.11064874E+00 1.11044554E+00 1.11020096E+00 1.10990726E+00 1.10955896E+00 1.10914513E+00 1.10865939E+00 1.10808921E+00 1.10742673E+00 1.10665536E+00 1.10576435E+00 1.10473763E+00 1.10356347E+00 1.10221707E+00 1.10068515E+00 1.09894492E+00 1.09698081E+00 1.09478375E+00 1.09232048E+00 1.08982910E+00 1.08708284E+00 1.08441850E+00 1.08152242E+00 1.07875505E+00 1.07579213E+00 1.07300454E+00 1.07004310E+00 1.06725747E+00 1.06433252E+00 1.06163872E+00 1.05883193E+00 1.05624663E+00 1.05356583E+00 1.05111597E+00 1.04859420E+00 1.04630242E+00 1.04395622E+00 1.04183250E+00 1.03965991E+00 1.03770003E+00 1.03570686E+00 1.03377845E+00 1.03182162E+00 1.02982791E+00 1.02780125E+00 1.02575567E+00 1.02368599E+00 1.02157692E+00 1.01944114E+00 1.01730712E+00 1.01515364E+00 1.01293461E+00 1.01068737E+00 1.00852459E+00 1.00636315E+00 1.00359289E+00 1.00000000E+00
1.11309259E+00 1.11309517E+00 1.11309907E+00 1.11310164E+00 1.11310268E+00 1.11310260E+00 1.11310226E+00 1.11310228E+00 1.11310248E+00 1.11310268E+00 1.11310279E+00 1.11310280E+00 1.11310280E+00 1.11310284E+00 1.11310294E+00 1.11310307E+00 1.11310325E+00 1.11310347E+00 1.11310376E+00 1.11310412E+00 1.11310457E+00 1.11310511E+00 1.11310577E+00 1.11310656E+00 1.11310749E+00 1.11310859E+00 1.11310988E+00 1.11311139E+00 1.11311314E+00 1.11311517E+00 1.11311750E+00 1.11312019E+00 1.11312327E+00 1.11312678E+00 1.11313077E+00 1.11313529E+00 1.11314040E+00 1.11314614E+00 1.11315255E+00 1.11315974E+00 1.11316771E+00 1.11317653E+00 1.11318626E+00 1.11319698E+00 1.11320870E+00 1.11322145E+00 1.11323524E+00 1.11325007E+00 1.11326592E+00 1.11328273E+00 1.11330047E+00 1.11331897E+00 1.11333799E+00 1.11335728E+00 1.11337663E+00 1.11339552E+00 1.11341355E+00 1.11342994E+00 1.11344400E+00 1.11345450E+00 1.11346059E+00 1.11346029E+00 1.11345237E+00 1.11343468E+00 1.11340540E+00 1.11336097E+00 1.11329917E+00 1.11321526E+00 1.11310570E+00 1.11296420E+00 1.11278670E+00 1.11256581E+00 1.11229623E+00 1.11196687E+00 1.11157128E+00 1.11109663E+00 1.11053467E+00 1.10986802E+00 1.10908612E+00 1.10817262E+00 1.10711384E+00 1.10588268E+00 1.10446615E+00 1.10284045E+00 1.10098767E+00 1.09889512E+00 1.09652921E+00 1.09411783E+00 1.09144182E+00 1.08882874E+00 1.08597431E+00 1.08323527E+00 1.08029011E+00 1.07750677E+00 1.07453758E+00 1.07173348E+00 1.06878103E+00 1.06605558E+00 1.06320721E+00 1.06057305E+00 1.05783198E+00 1.05531956E+00 1.05272597E+00 1.05036130E+00 1.04793240E+00 1.04572539E+00 1.04345961E+00 1.04140891E+00 1.03931628E+00 1.03728365E+00 1.03521300E+00 1.03309426E+00 1.03093022E+00 1.02873414E+00 1.02650060E+00 1.02421183E+00 1.02187812E+00 1.01952585E+00 1.01713498E+00 1.01465543E+00 1.01211584E+00 1.00962073E+00 1.00709756E+00 1.00396080E+00 1.00000000E+00
1.11588388E+00 1.11589434E+00 1.11590225E+00 1.11590671E+00 1.11590916E+00 1.11591109E+00 1.11591288E+00 1.11591461E+00 1.11591599E+00 1.11591692E+00 1.11591753E+00 1.11591798E+00 1.11591835E+00 1.11591868E+00 1.11591897E+00 1.11591922E+00 1.11591947E+00 1.11591974E+00 1.11592004E+00 1.11592039E+00 1.11592080E+00 1.11592129E+00 1.11592189E+00 1.11592261E+00 1.11592348E+00 1.11592451E+00 1.11592573E+00 1.11592719E+00 1.11592890E+00 1.11593091E+00 1.11593325E+00 1.11593600E+00 1.11593918E+00 1.11594286E+00 1.11594708E+00 1.11595195E+00 1.11595752E+00 1.11596385E+00 1.11597103E+00 1.11597917E+00 1.11598833E+00 1.11599862E+00 1.11601013E+00 1.11602301E+00 1.11603732E+00 1.11605316E+00 1.11607060E+00 1.11608974E+00 1.11611064E+00 1.11613338E+00 1.11615799E+00 1.11618442E+00 1.11621259E+00 1.11624248E+00 1.11627398E+00 1.11630674E+00 1.11634050E+00 1.11637471E+00 1.11640885E+00 1.11644200E+00 1.11647342E+00 1.11650141E+00 1.11652496E+00 1.11654242E+00 1.11655202E+00 1.11655036E+00 1.11653542E+00 1.11650256E+00 1.11644841E+00 1.11636682E+00 1.11625365E+00 1.11610161E+00 1.11590545E+00 1.11565377E+00 1.11533975E+00 1.11494995E+00 1.11447565E+00 1.11389849E+00 1.11320786E+00 1.11238673E+00 1.11141938E+00 1.11027638E+00 1.10894490E+00 1.10739990E+00 1.10562114E+00 1.10359278E+00 1.10128054E+00 1.09890684E+00 1.09625618E+00 1.09365250E+00 1.09079513E+00 1.08804237E+00 1.08507022E+00 1.08224902E+00 1.07922875E+00 1.07636762E+00 1.07334633E+00 1.07054895E+00 1.06761680E+00 1.06489605E+00 1.06205633E+00 1.05944654E+00 1.05674528E+00 1.05427557E+00 1.05173157E+00 1.04941329E+00 1.04702717E+00 1.04486215E+00 1.04264731E+00 1.04049008E+00 1.03828666E+00 1.03602635E+00 1.03371111E+00 1.03135333E+00 1.02894783E+00 1.02647618E+00 1.02394698E+00 1.02138494E+00 1.01877144E+00 1.01605501E+00 1.01325885E+00 1.01048384E+00 1.00766601E+00 1.00424056E+00 1.00000000E+00
1.11900258E+00 1.11900788E+00 1.11901255E+00 1.11901632E+00 1.11901914E+00 1.11902123E+00 1.11902280E+00 1.11902409E+00 1.11902512E+00 1.11902594E+00 1.11902658E+00 1.11902708E+00 1.11902748E+00 1.11902782E+00 1.11902811E+00 1.11902837E+00 1.11902861E+00 1.11902887E+00 1.11902915E+00 1.11902946E+00 1.11902984E+00 1.11903029E+00 1.11903084E+00 1.11903152E+00 1.11903234E+00 1.11903333E+00 1.11903453E+00 1.11903599E+00 1.11903773E+00 1.11903980E+00 1.11904225E+00 1.11904515E+00 1.11904857E+00 1.11905256E+00 1.11905721E+00 1.11906262E+00 1.11906887E+00 1.11907607E+00 1.11908430E+00 1.11909375E+00 1.11910450E+00 1.11911670E+00 1.11913049E+00 1.11914608E+00 1.11916358E+00 1.11918321E+00 1.11920505E+00 1.11922935E+00 1.11925624E+00 1.11928591E+00 1.11931848E+00 1.11935403E+00 1.11939262E+00 1.11943452E+00 1.11947964E+00 1.11952780E+00 1.11957888E+00 1.11963249E+00 1.11968834E+00 1.11974576E+00 1.11980414E+00 1.11986194E+00 1.11991843E+00 1.11997230E+00 1.12002180E+00 1.12006359E+00 1.12009573E+00 1.12011361E+00 1.12011392E+00 1.12009054E+00 1.12003913E+00 1.11995226E+00 1.11982462E+00 1.11964433E+00 1.11940408E+00 1.11908964E+00 1.11869179E+00 1.11819110E+00 1.11757657E+00 1.11683029E+00 1.11593467E+00 1.11485810E+00 1.11358759E+00 1.11209675E+00 1.11036318E+00 1.10836820E+00 1.10607656E+00 1.10370871E+00 1.10104987E+00 1.09842438E+00 1.09553108E+00 1.09273380E+00 1.08970267E+00 1.08681450E+00 1.08371378E+00 1.08076984E+00 1.07765323E+00 1.07475960E+00 1.07171946E+00 1.06889184E+00 1.06593427E+00 1.06321093E+00 1.06038668E+00 1.05779954E+00 1.05512941E+00 1.05269178E+00 1.05017892E+00 1.04789535E+00 1.04555561E+00 1.04327302E+00 1.04093793E+00 1.03853948E+00 1.03607906E+00 1.03356827E+00 1.03100230E+00 1.02836278E+00 1.02565716E+00 1.02290875E+00 1.02010027E+00 1.01718003E+00 1.01416761E+00 1.01116211E+00 1.00810674E+00 1.00445429E+00 1.00000000E+00
1.12272914E+00 1.12272857E+00 1.12272446E+00 1.12272065E+00 1.12271833E+00 1.12271787E+00 1.12271813E+00 1.12271812E+00 1.12271779E+00 1.12271729E+00 1.12271690E+00 1.12271676E+00 1.12271681E+00 1.12271695E+00 1.12271716E+00 1.12271744E+00 1.12271782E+00 1.12271832E+00 1.12271895E+00 1.12271969E+00 1.12272057E+00 1.12272160E+00 1.12272279E+00 1.12272416E+00 1.12272572E+00 1.12272750E+00 1.12272950E+00 1.12273176E+00 1.12273428E+00 1.12273710E+00 1.12274023E+00 1.12274370E+00 1.12274751E+00 1.12275170E+00 1.12275627E+00 1.12276123E+00 1.12276660E+00 1.12277235E+00 1.12277850E+00 1.12278501E+00 1.12279185E+00 1.12279895E+00 1.12280627E+00 1.12281368E+00 1.12282108E+00 1.12282827E+00 1.12283508E+00 1.12284122E+00 1.12284644E+00 1.12285028E+00 1.12285239E+00 1.12285209E+00 1.12284887E+00 1.12284184E+00 1.12283027E+00 1.12281288E+00 1.12278873E+00 1.12275609E+00 1.12271367E+00 1.12265918E+00 1.12259098E+00 1.12250599E+00 1.12240208E+00 1.12227541E+00 1.12212321E+00 1.12194044E+00 1.12172377E+00 1.12146689E+00 1.12116545E+00 1.12081179E+00 1.12040065E+00 1.11992255E+00 1.11937114E+00 1.11873500E+00 1.11800676E+00 1.11717259E+00 1.11622408E+00 1.11514474E+00 1.11392385E+00 1.11254441E+00 1.11099466E+00 1.10925229E+00 1.10730442E+00 1.10512871E+00 1.10271007E+00 1.10004638E+00 1.09710304E+00 1.09417110E+00 1.09097779E+00 1.08791614E+00 1.08462218E+00 1.08150555E+00 1.07819184E+00 1.07508961E+00 1.07182018E+00 1.06878118E+00 1.06560545E+00 1.06268101E+00 1.05964392E+00 1.05686230E+00 1.05398989E+00 1.05137345E+00 1.04868554E+00 1.04624829E+00 1.04375585E+00 1.04150590E+00 1.03921112E+00 1.03714426E+00 1.03504456E+00 1.03301498E+00 1.03095825E+00 1.02887322E+00 1.02676051E+00 1.02462592E+00 1.02247088E+00 1.02029411E+00 1.01810219E+00 1.01591475E+00 1.01372852E+00 1.01152294E+00 1.00933649E+00 1.00733068E+00 1.00544313E+00 1.00307139E+00 1.00000000E+00
1.11879137E+00 1.11879101E+00 1.11878711E+00 1.11878346E+00 1.11878128E+00 1.11878095E+00 1.11878132E+00 1.11878142E+00 1.11878117E+00 1.11878074E+00 1.11878039E+00 1.11878028E+00 1.11878034E+00 1.11878048E+00 1.11878067E+00 1.11878093E+00 1.11878127E+00 1.11878171E+00 1.11878225E+00 1.11878291E+00 1.11878369E+00 1.11878460E+00 1.11878565E+00 1.11878687E+00 1.11878827E+00 1.11878986E+00 1.11879167E+00 1.11879372E+00 1.11879603E+00 1.11879862E+00 1.11880152E+00 1.11880476E+00 1.11880835E+00 1.11881232E+00 1.11881668E+00 1.11882147E+00 1.11882670E+00 1.11883237E+00 1.11883849E+00 1.11884506E+00 1.11885206E+00 1.11885946E+00 1.11886723E+00 1.11887529E+00 1.11888358E+00 1.11889194E+00 1.11890026E+00 1.11890829E+00 1.11891586E+00 1.11892259E+00 1.11892822E+00 1.11893220E+00 1.11893405E+00 1.11893306E+00 1.11892862E+00 1.11891962E+00 1.11890527E+00 1.11888407E+00 1.11885486E+00 1.11881562E+00 1.11876489E+00 1.11869989E+00 1.11861868E+00 1.11851783E+00 1.11839479E+00 1.11824494E+00 1.11806522E+00 1.11784972E+00 1.11759430E+00 1.11729170E+00 1.11693699E+00 1.11652119E+00 1.11603824E+00 1.11547686E+00 1.11483007E+00 1.11408443E+00 1.11323180E+00 1.11225561E+00 1.11114496E+00 1.10988302E+00 1.10845845E+00 1.10684824E+00 1.10503921E+00 1.10300890E+00 1.10074240E+00 1.09823520E+00 1.09545323E+00 1.09266960E+00 1.08962797E+00 1.08670230E+00 1.08354540E+00 1.08054985E+00 1.07735869E+00 1.07436720E+00 1.07120794E+00 1.06826185E+00 1.06517943E+00 1.06234123E+00 1.05939147E+00 1.05668645E+00 1.05389081E+00 1.05134280E+00 1.04872491E+00 1.04635046E+00 1.04392281E+00 1.04173062E+00 1.03949366E+00 1.03747926E+00 1.03543330E+00 1.03345594E+00 1.03145225E+00 1.02941871E+00 1.02735745E+00 1.02527686E+00 1.02317502E+00 1.02104595E+00 1.01889830E+00 1.01675243E+00 1.01459529E+00 1.01239214E+00 1.01017815E+00 1.00808798E+00 1.00603996E+00 1.00340915E+00 1.00000000E+00
1.12097524E+00 1.12097621E+00 1.12097242E+00 1.12096817E+00 1.12096534E+00 1.12096479E+00 1.12096524E+00 1.12096544E+00 1.12096521E+00 1.12096464E+00 1.12096410E+00 1.12096383E+00 1.12096378E+00 1.12096383E+00 1.12096393E+00 1.12096409E+00 1.12096433E+00 1.12096467E+00 1.12096513E+00 1.12096569E+00 1.12096638E+00 1.12096720E+00 1.12096816E+00 1.12096929E+00 1.12097060E+00 1.12097212E+00 1.12097385E+00 1.12097583E+00 1.12097808E+00 1.12098064E+00 1.12098351E+00 1.12098675E+00 1.12099038E+00 1.12099442E+00 1.12099892E+00 1.12100391E+00 1.12100941E+00 1.12101544E+00 1.12102204E+00 1.12102923E+00 1.12103700E+00 1.12104536E+00 1.12105430E+00 1.12106380E+00 1.12107382E+00 1.12108427E+00 1.12109506E+00 1.12110604E+00 1.12111706E+00 1.12112787E+00 1.12113825E+00 1.12114777E+00 1.12115602E+00 1.12116242E+00 1.12116648E+00 1.12116726E+00 1.12116406E+00 1.12115557E+00 1.12114075E+00 1.12111778E+00 1.12108536E+00 1.12104092E+00 1.12098265E+00 1.12090745E+00 1.12081293E+00 1.12069466E+00 1.12054977E+00 1.12037255E+00 1.12015895E+00 1.11990186E+00 1.11959648E+00 1.11923403E+00 1.11880843E+00 1.11830825E+00 1.11772657E+00 1.11704971E+00 1.11626931E+00 1.11536818E+00 1.11433507E+00 1.11315281E+00 1.11180935E+00 1.11028016E+00 1.10855164E+00 1.10660038E+00 1.10441012E+00 1.10197369E+00 1.09925633E+00 1.09652395E+00 1.09352598E+00 1.09063042E+00 1.08749539E+00 1.08451154E+00 1.08132387E+00 1.07832749E+00 1.07515382E+00 1.07218476E+00 1.06907264E+00 1.06620320E+00 1.06321459E+00 1.06046599E+00 1.05761849E+00 1.05501784E+00 1.05234046E+00 1.04990610E+00 1.04741147E+00 1.04515234E+00 1.04284074E+00 1.04075393E+00 1.03862869E+00 1.03656801E+00 1.03447325E+00 1.03233902E+00 1.03016667E+00 1.02796403E+00 1.02572818E+00 1.02344985E+00 1.02113560E+00 1.01880346E+00 1.01644007E+00 1.01400578E+00 1.01152863E+00 1.00913405E+00 1.00674964E+00 1.00376910E+00 1.00000000E+00
1.12481032E+00 1.12481678E+00 1.12481566E+00 1.12481235E+00 1.12480993E+00 1.12481030E+00 1.12481196E+00 1.12481329E+00 1.12481384E+00 1.12481362E+00 1.12481319E+00 1.12481299E+00 1.12481298E+00 1.12481308E+00 1.12481319E+00 1.12481332E+00 1.12481350E+00 1.12481378E+00 1.12481416E+00 1.12481467E+00 1.12481529E+00 1.12481605E+00 1.12481696E+00 1.12481804E+00 1.12481932E+00 1.12482081E+00 1.12482254E+00 1.12482454E+00 1.12482684E+00 1.12482948E+00 1.12483247E+00 1.12483589E+00 1.12483975E+00 1.12484411E+00 1.12484900E+00 1.12485449E+00 1.12486061E+00 1.12486741E+00 1.12487492E+00 1.12488323E+00 1.12489234E+00 1.12490229E+00 1.12491312E+00 1.12492486E+00 1.12493750E+00 1.12495101E+00 1.12496536E+00 1.12498047E+00 1.12499626E+00 1.12501255E+00 1.12502923E+00 1.12504593E+00 1.12506236E+00 1.12507807E+00 1.12509268E+00 1.12510537E+00 1.12511554E+00 1.12512205E+00 1.12512395E+00 1.12511961E+00 1.12510783E+00 1.12508617E+00 1.12505297E+00 1.12500536E+00 1.12494101E+00 1.12485556E+00 1.12474622E+00 1.12460729E+00 1.12443470E+00 1.12422131E+00 1.12396225E+00 1.12364862E+00 1.12327421E+00 1.12282712E+00 1.12230019E+00 1.12167907E+00 1.12095493E+00 1.12010961E+00 1.11913145E+00 1.11800256E+00 1.11670955E+00 1.11522601E+00 1.11353795E+00 1.11162058E+00 1.10945586E+00 1.10703420E+00 1.10431981E+00 1.10157821E+00 1.09855829E+00 1.09563021E+00 1.09245010E+00 1.08941503E+00 1.08616344E+00 1.08309800E+00 1.07984297E+00 1.07679040E+00 1.07358395E+00 1.07062121E+00 1.06752869E+00 1.06467719E+00 1.06171629E+00 1.05900641E+00 1.05621070E+00 1.05366300E+00 1.05104644E+00 1.04867129E+00 1.04623574E+00 1.04403242E+00 1.04178375E+00 1.03959828E+00 1.03737166E+00 1.03509779E+00 1.03277735E+00 1.03041751E+00 1.02801551E+00 1.02556113E+00 1.02305946E+00 1.02052716E+00 1.01795224E+00 1.01529430E+00 1.01257754E+00 1.00992468E+00 1.00727145E+00 1.00402720E+00 1.00000000E+00
1.12894174E+00 1.12894636E+00 1.12895137E+00 1.12895481E+00 1.12895671E+00 1.12895757E+00 1.12895807E+00 1.12895867E+00 1.12895926E+00 1.12895974E+00 1.12896006E+00 1.12896027E+00 1.12896043E+00 1.12896062E+00 1.12896083E+00 1.12896108E+00 1.12896138E+00 1.12896174E+00 1.12896219E+00 1.12896273E+00 1.12896339E+00 1.12896418E+00 1.12896513E+00 1.12896627E+00 1.12896761E+00 1.12896918E+00 1.12897102E+00 1.12897316E+00 1.12897564E+00 1.12897852E+00 1.12898181E+00 1.12898561E+00 1.12898993E+00 1.12899486E+00 1.12900045E+00 1.12900677E+00 1.12901390E+00 1.12902190E+00 1.12903083E+00 1.12904082E+00 1.12905189E+00 1.12906416E+00 1.12907767E+00 1.12909252E+00 1.12910875E+00 1.12912640E+00 1.12914549E+00 1.12916603E+00 1.12918800E+00 1.12921133E+00 1.12923596E+00 1.12926163E+00 1.12928814E+00 1.12931520E+00 1.12934249E+00 1.12936930E+00 1.12939515E+00 1.12941896E+00 1.12943993E+00 1.12945652E+00 1.12946762E+00 1.12947085E+00 1.12946466E+00 1.12944633E+00 1.12941348E+00 1.12936167E+00 1.12928813E+00 1.12918697E+00 1.12905404E+00 1.12888199E+00 1.12866570E+00 1.12839593E+00 1.12806622E+00 1.12766403E+00 1.12718177E+00 1.12660417E+00 1.12592187E+00 1.12511555E+00 1.12417305E+00 1.12307555E+00 1.12180825E+00 1.12034279E+00 1.11866476E+00 1.11674791E+00 1.11457248E+00 1.11212690E+00 1.10937414E+00 1.10658379E+00 1.10350032E+00 1.10050130E+00 1.09723611E+00 1.09411320E+00 1.09076008E+00 1.08759160E+00 1.08422125E+00 1.08105585E+00 1.07772543E+00 1.07464274E+00 1.07142029E+00 1.06844434E+00 1.06534981E+00 1.06251395E+00 1.05958443E+00 1.05691133E+00 1.05416241E+00 1.05166398E+00 1.04909923E+00 1.04677648E+00 1.04440337E+00 1.04209436E+00 1.03973931E+00 1.03733199E+00 1.03487265E+00 1.03236801E+00 1.02981564E+00 1.02720530E+00 1.02454114E+00 1.02183900E+00 1.01908825E+00 1.01624903E+00 1.01334332E+00 1.01049297E+00 1.00763986E+00 1.00420608E+00 1.00000000E+00
1.13293989E+00 1.13294964E+00 1.13295710E+00 1.13296197E+00 1.13296525E+00 1.13296793E+00 1.13297021E+00 1.13297219E+00 1.13297374E+00 1.13297487E+00 1.13297569E+00 1.13297635E+00 1.13297688E+00 1.13297736E+00 1.13297779E+00 1.13297821E+00 1.13297864E+00 1.13297911E+00 1.13297965E+00 1.13298027E+00 1.13298101E+00 1.13298190E+00 1.13298295E+00 1.13298421E+00 1.13298570E+00 1.13298746E+00 1.13298952E+00 1.13299195E+00 1.13299479E+00 1.13299809E+00 1.13300190E+00 1.13300633E+00 1.13301141E+00 1.13301725E+00 1.13302390E+00 1.13303149E+00 1.13304010E+00 1.13304984E+00 1.13306080E+00 1.13307314E+00 1.13308694E+00 1.13310234E+00 1.13311945E+00 1.13313842E+00 1.13315934E+00 1.13318233E+00 1.13320746E+00 1.13323483E+00 1.13326449E+00 1.13329647E+00 1.13333075E+00 1.13336718E+00 1.13340563E+00 1.13344599E+00 1.13348797E+00 1.13353093E+00 1.13357444E+00 1.13361753E+00 1.13365943E+00 1.13369872E+00 1.13373430E+00 1.13376376E+00 1.13378561E+00 1.13379720E+00 1.13379602E+00 1.13377742E+00 1.13373855E+00 1.13367322E+00 1.13357712E+00 1.13344257E+00 1.13326409E+00 1.13303193E+00 1.13273929E+00 1.13237293E+00 1.13192470E+00 1.13137836E+00 1.13072396E+00 1.12994103E+00 1.12901677E+00 1.12793141E+00 1.12666888E+00 1.12519897E+00 1.12350682E+00 1.12156483E+00 1.11935178E+00 1.11685462E+00 1.11403505E+00 1.11116983E+00 1.10799657E+00 1.10490372E+00 1.10153093E+00 1.09830083E+00 1.09482789E+00 1.09154150E+00 1.08804244E+00 1.08475415E+00 1.08129118E+00 1.07808239E+00 1.07472569E+00 1.07162368E+00 1.06839602E+00 1.06543644E+00 1.06237729E+00 1.05958444E+00 1.05671072E+00 1.05409758E+00 1.05141411E+00 1.04898281E+00 1.04649784E+00 1.04407902E+00 1.04161099E+00 1.03908763E+00 1.03650896E+00 1.03388132E+00 1.03120264E+00 1.02846299E+00 1.02566592E+00 1.02282668E+00 1.01993581E+00 1.01695437E+00 1.01390299E+00 1.01090322E+00 1.00790164E+00 1.00433094E+00 1.00000000E+00
1.12575259E+00 1.12575365E+00 1.12575071E+00 1.12574717E+00 1.12574466E+00 1.12574403E+00 1.12574427E+00 1.12574443E+00 1.12574429E+00 1.12574391E+00 1.12574357E+00 1.12574347E+00 1.12574355E+00 1.12574374E+00 1.12574400E+00 1.12574434E+00 1.12574477E+00 1.12574532E+00 1.12574599E+00 1.12574680E+00 1.12574773E+00 1.12574882E+00 1.12575008E+00 1.12575152E+00 1.12575315E+00 1.12575500E+00 1.12575709E+00 1.12575943E+00 1.12576205E+00 1.12576497E+00 1.12576820E+00 1.12577177E+00 1.12577570E+00 1.12578000E+00 1.12578468E+00 1.12578976E+00 1.12579524E+00 1.12580111E+00 1.12580735E+00 1.12581395E+00 1.12582086E+00 1.12582801E+00 1.12583535E+00 1.12584275E+00 1.12585008E+00 1.12585716E+00 1.12586379E+00 1.12586966E+00 1.12587452E+00 1.12587788E+00 1.12587938E+00 1.12587831E+00 1.12587414E+00 1.12586594E+00 1.12585297E+00 1.12583389E+00 1.12580773E+00 1.12577271E+00 1.12572751E+00 1.12566976E+00 1.12559779E+00 1.12550844E+00 1.12539954E+00 1.12526715E+00 1.12510842E+00 1.12491825E+00 1.12469320E+00 1.12442687E+00 1.12411485E+00 1.12374938E+00 1.12332508E+00 1.12283237E+00 1.12226477E+00 1.12161083E+00 1.12086302E+00 1.12000742E+00 1.11903545E+00 1.11793060E+00 1.11668219E+00 1.11527301E+00 1.11369106E+00 1.11191417E+00 1.10992948E+00 1.10771450E+00 1.10525395E+00 1.10254603E+00 1.09955564E+00 1.09657920E+00 1.09333873E+00 1.09023317E+00 1.08689346E+00 1.08373514E+00 1.08037767E+00 1.07723409E+00 1.07392113E+00 1.07084352E+00 1.06762781E+00 1.06466542E+00 1.06158837E+00 1.05876965E+00 1.05585817E+00 1.05320567E+00 1.05047970E+00 1.04800692E+00 1.04547657E+00 1.04319077E+00 1.04085828E+00 1.03875648E+00 1.03661972E+00 1.03455199E+00 1.03245413E+00 1.03032528E+00 1.02816570E+00 1.02597953E+00 1.02376791E+00 1.02152982E+00 1.01926901E+00 1.01699933E+00 1.01471977E+00 1.01241121E+00 1.01009744E+00 1.00791767E+00 1.00584061E+00 1.00328109E+00 1.00000000E+00
1.12438268E+00 1.12438286E+00 1.12437966E+00 1.12437642E+00 1.12437438E+00 1.12437403E+00 1.12437437E+00 1.12437450E+00 1.12437432E+00 1.12437395E+00 1.12437366E+00 1.12437360E+00 1.12437370E+00 1.12437389E+00 1.12437415E+00 1.12437447E+00 1.12437488E+00 1.12437540E+00 1.12437603E+00 1.12437679E+00 1.12437767E+00 1.12437870E+00 1.12437989E+00 1.12438125E+00 1.12438280E+00 1.12438457E+00 1.12438656E+00 1.12438881E+00 1.12439133E+00 1.12439415E+00 1.12439728E+00 1.12440076E+00 1.12440460E+00 1.12440883E+00 1.12441346E+00 1.12441851E+00 1.12442399E+00 1.12442990E+00 1.12443623E+00 1.12444298E+00 1.12445012E+00 1.12445759E+00 1.12446536E+00 1.12447332E+00 1.12448137E+00 1.12448935E+00 1.12449711E+00 1.12450436E+00 1.12451089E+00 1.12451626E+00 1.12452017E+00 1.12452197E+00 1.12452116E+00 1.12451692E+00 1.12450858E+00 1.12449489E+00 1.12447497E+00 1.12444716E+00 1.12441022E+00 1.12436194E+00 1.12430072E+00 1.12422360E+00 1.12412849E+00 1.12401168E+00 1.12387045E+00 1.12369988E+00 1.12349671E+00 1.12325471E+00 1.12296958E+00 1.12263374E+00 1.12224201E+00 1.12178499E+00 1.12125633E+00 1.12064461E+00 1.11994250E+00 1.11913616E+00 1.11821714E+00 1.11716876E+00 1.11598015E+00 1.11463410E+00 1.11311878E+00 1.11141150E+00 1.10949919E+00 1.10735912E+00 1.10497600E+00 1.10234655E+00 1.09943587E+00 1.09653146E+00 1.09336369E+00 1.09032229E+00 1.08704624E+00 1.08394329E+00 1.08064096E+00 1.07754630E+00 1.07428132E+00 1.07124338E+00 1.06806703E+00 1.06514072E+00 1.06209961E+00 1.05931178E+00 1.05643068E+00 1.05380480E+00 1.05110576E+00 1.04865650E+00 1.04615001E+00 1.04388482E+00 1.04157212E+00 1.03948780E+00 1.03736827E+00 1.03531634E+00 1.03323361E+00 1.03111783E+00 1.02896975E+00 1.02679429E+00 1.02459054E+00 1.02235485E+00 1.02009126E+00 1.01781288E+00 1.01551279E+00 1.01316366E+00 1.01078706E+00 1.00850799E+00 1.00628773E+00 1.00352807E+00 1.00000000E+00
1.12703733E+00 1.12704058E+00 1.12703894E+00 1.12703537E+00 1.12703222E+00 1.12703108E+00 1.12703113E+00 1.12703138E+00 1.12703138E+00 1.12703098E+00 1.12703052E+00 1.12703028E+00 1.12703023E+00 1.12703034E+00 1.12703053E+00 1.12703078E+00 1.12703112E+00 1.12703157E+00 1.12703215E+00 1.12703285E+00 1.12703369E+00 1.12703468E+00 1.12703583E+00 1.12703717E+00 1.12703870E+00 1.12704045E+00 1.12704245E+00 1.12704471E+00 1.12704726E+00 1.12705013E+00 1.12705334E+00 1.12705692E+00 1.12706091E+00 1.12706532E+00 1.12707018E+00 1.12707552E+00 1.12708136E+00 1.12708771E+00 1.12709458E+00 1.12710197E+00 1.12710988E+00 1.12711828E+00 1.12712714E+00 1.12713639E+00 1.12714596E+00 1.12715571E+00 1.12716552E+00 1.12717516E+00 1.12718444E+00 1.12719299E+00 1.12720053E+00 1.12720650E+00 1.12721043E+00 1.12721159E+00 1.12720935E+00 1.12720257E+00 1.12719042E+00 1.12717133E+00 1.12714413E+00 1.12710670E+00 1.12705754E+00 1.12699375E+00 1.12691332E+00 1.12681268E+00 1.12668917E+00 1.12653791E+00 1.12635572E+00 1.12613639E+00 1.12587561E+00 1.12556581E+00 1.12520178E+00 1.12477410E+00 1.12427630E+00 1.12369673E+00 1.12302801E+00 1.12225590E+00 1.12137175E+00 1.12035831E+00 1.11920435E+00 1.11789219E+00 1.11640954E+00 1.11473262E+00 1.11284788E+00 1.11073174E+00 1.10836798E+00 1.10575180E+00 1.10284751E+00 1.09994158E+00 1.09676496E+00 1.09370802E+00 1.09040875E+00 1.08727823E+00 1.08394082E+00 1.08080803E+00 1.07749729E+00 1.07441112E+00 1.07118026E+00 1.06820027E+00 1.06509894E+00 1.06225079E+00 1.05930282E+00 1.05661218E+00 1.05384264E+00 1.05132522E+00 1.04874502E+00 1.04640903E+00 1.04402000E+00 1.04186343E+00 1.03966669E+00 1.03753580E+00 1.03536883E+00 1.03316265E+00 1.03091756E+00 1.02863799E+00 1.02632265E+00 1.02396647E+00 1.02157239E+00 1.01915230E+00 1.01669941E+00 1.01418494E+00 1.01162750E+00 1.00914793E+00 1.00671552E+00 1.00374336E+00 1.00000000E+00
1.13053851E+00 1.13055158E+00 1.13056500E+00 1.13057138E+00 1.13057193E+00 1.13056937E+00 1.13056660E+00 1.13056578E+00 1.13056618E+00 1.13056682E+00 1.13056713E+00 1.13056692E+00 1.13056655E+00 1.13056636E+00 1.13056637E+00 1.13056656E+00 1.13056684E+00 1.13056721E+00 1.13056768E+00 1.13056829E+00 1.13056907E+00 1.13057002E+00 1.13057115E+00 1.13057248E+00 1.13057404E+00 1.13057584E+00 1.13057790E+00 1.13058027E+00 1.13058297E+00 1.13058602E+00 1.13058947E+00 1.13059335E+00 1.13059769E+00 1.13060253E+00 1.13060791E+00 1.13061388E+00 1.13062045E+00 1.13062767E+00 1.13063556E+00 1.13064414E+00 1.13065343E+00 1.13066343E+00 1.13067414E+00 1.13068552E+00 1.13069752E+00 1.13071005E+00 1.13072303E+00 1.13073627E+00 1.13074962E+00 1.13076277E+00 1.13077549E+00 1.13078726E+00 1.13079766E+00 1.13080606E+00 1.13081186E+00 1.13081400E+00 1.13081168E+00 1.13080340E+00 1.13078802E+00 1.13076350E+00 1.13072837E+00 1.13067974E+00 1.13061563E+00 1.13053255E+00 1.13042780E+00 1.13029642E+00 1.13013522E+00 1.12993785E+00 1.12969989E+00 1.12941359E+00 1.12907359E+00 1.12867019E+00 1.12819672E+00 1.12764102E+00 1.12699547E+00 1.12624519E+00 1.12538113E+00 1.12438525E+00 1.12324583E+00 1.12194454E+00 1.12046828E+00 1.11879193E+00 1.11690148E+00 1.11477225E+00 1.11238690E+00 1.10973938E+00 1.10679293E+00 1.10383830E+00 1.10060213E+00 1.09748181E+00 1.09410880E+00 1.09090384E+00 1.08748214E+00 1.08426550E+00 1.08086201E+00 1.07768569E+00 1.07435678E+00 1.07128289E+00 1.06808049E+00 1.06513599E+00 1.06208501E+00 1.05929762E+00 1.05642565E+00 1.05381242E+00 1.05113134E+00 1.04870151E+00 1.04621422E+00 1.04396690E+00 1.04167563E+00 1.03945087E+00 1.03718632E+00 1.03487862E+00 1.03252780E+00 1.03013801E+00 1.02770812E+00 1.02523283E+00 1.02271443E+00 1.02016427E+00 1.01757651E+00 1.01492277E+00 1.01222014E+00 1.00958813E+00 1.00700216E+00 1.00388424E+00 1.00000000E+00
1.13400059E+00 1.13402245E+00 1.13403975E+00 1.13404767E+00 1.13404932E+00 1.13404891E+00 1.13404876E+00 1.13405028E+00 1.13405234E+00 1.13405389E+00 1.13405470E+00 1.13405492E+00 1.13405495E+00 1.13405513E+00 1.13405542E+00 1.13405579E+00 1.13405619E+00 1.13405664E+00 1.13405720E+00 1.13405790E+00 1.13405876E+00 1.13405980E+00 1.13406103E+00 1.13406249E+00 1.13406420E+00 1.13406619E+00 1.13406848E+00 1.13407113E+00 1.13407416E+00 1.13407762E+00 1.13408154E+00 1.13408599E+00 1.13409100E+00 1.13409663E+00 1.13410291E+00 1.13410994E+00 1.13411773E+00 1.13412636E+00 1.13413586E+00 1.13414630E+00 1.13415770E+00 1.13417010E+00 1.13418353E+00 1.13419799E+00 1.13421347E+00 1.13422991E+00 1.13424725E+00 1.13426537E+00 1.13428416E+00 1.13430335E+00 1.13432276E+00 1.13434189E+00 1.13436039E+00 1.13437768E+00 1.13439320E+00 1.13440589E+00 1.13441501E+00 1.13441905E+00 1.13441690E+00 1.13440651E+00 1.13438641E+00 1.13435365E+00 1.13430626E+00 1.13424069E+00 1.13415414E+00 1.13404147E+00 1.13389938E+00 1.13372127E+00 1.13350255E+00 1.13323514E+00 1.13291346E+00 1.13252735E+00 1.13206987E+00 1.13152828E+00 1.13089463E+00 1.13015327E+00 1.12929474E+00 1.12830016E+00 1.12715730E+00 1.12584717E+00 1.12435586E+00 1.12265699E+00 1.12073615E+00 1.11856772E+00 1.11613341E+00 1.11342644E+00 1.11040899E+00 1.10737929E+00 1.10405704E+00 1.10085017E+00 1.09738069E+00 1.09408184E+00 1.09055734E+00 1.08724154E+00 1.08373137E+00 1.08045429E+00 1.07701802E+00 1.07384324E+00 1.07053445E+00 1.06749085E+00 1.06433596E+00 1.06145268E+00 1.05848083E+00 1.05577585E+00 1.05299966E+00 1.05048283E+00 1.04790584E+00 1.04557685E+00 1.04320168E+00 1.04089485E+00 1.03854612E+00 1.03615220E+00 1.03371298E+00 1.03123240E+00 1.02870959E+00 1.02613938E+00 1.02352370E+00 1.02087359E+00 1.01818404E+00 1.01542744E+00 1.01262003E+00 1.00988070E+00 1.00718915E+00 1.00397438E+00 1.00000000E+00
1.13723259E+00 1.13723660E+00 1.13724074E+00 1.13724377E+00 1.13724561E+00 1.13724658E+00 1.13724716E+00 1.13724775E+00 1.13724828E+00 1.13724874E+00 1.13724908E+00 1.13724936E+00 1.13724962E+00 1.13724993E+00 1.13725029E+00 1.13725072E+00 1.13725124E+00 1.13725187E+00 1.13725263E+00 1.13725354E+00 1.13725463E+00 1.13725592E+00 1.13725744E+00 1.13725922E+00 1.13726129E+00 1.13726369E+00 1.13726647E+00 1.13726967E+00 1.13727332E+00 1.13727750E+00 1.13728226E+00 1.13728766E+00 1.13729375E+00 1.13730062E+00 1.13730832E+00 1.13731696E+00 1.13732657E+00 1.13733726E+00 1.13734908E+00 1.13736213E+00 1.13737646E+00 1.13739214E+00 1.13740921E+00 1.13742774E+00 1.13744770E+00 1.13746912E+00 1.13749194E+00 1.13751610E+00 1.13754150E+00 1.13756791E+00 1.13759517E+00 1.13762282E+00 1.13765051E+00 1.13767773E+00 1.13770391E+00 1.13772796E+00 1.13774915E+00 1.13776594E+00 1.13777718E+00 1.13778081E+00 1.13777528E+00 1.13775753E+00 1.13772551E+00 1.13767559E+00 1.13760481E+00 1.13750774E+00 1.13738095E+00 1.13721751E+00 1.13701259E+00 1.13675779E+00 1.13644720E+00 1.13607021E+00 1.13561953E+00 1.13508192E+00 1.13444902E+00 1.13370448E+00 1.13283846E+00 1.13183132E+00 1.13067040E+00 1.12933613E+00 1.12781395E+00 1.12607643E+00 1.12410891E+00 1.12188508E+00 1.11938598E+00 1.11660463E+00 1.11350228E+00 1.11038616E+00 1.10696795E+00 1.10366745E+00 1.10009614E+00 1.09670033E+00 1.09307189E+00 1.08965787E+00 1.08604385E+00 1.08267044E+00 1.07913306E+00 1.07586459E+00 1.07245839E+00 1.06932540E+00 1.06607803E+00 1.06311044E+00 1.06005179E+00 1.05726802E+00 1.05441102E+00 1.05182107E+00 1.04916949E+00 1.04677323E+00 1.04432960E+00 1.04195644E+00 1.03954029E+00 1.03707800E+00 1.03456940E+00 1.03201828E+00 1.02942397E+00 1.02678157E+00 1.02409275E+00 1.02136837E+00 1.01860408E+00 1.01577301E+00 1.01289091E+00 1.01007627E+00 1.00731184E+00 1.00403228E+00 1.00000000E+00
1.12864457E+00 1.12864711E+00 1.12864542E+00 1.12864234E+00 1.12863983E+00 1.12863909E+00 1.12863933E+00 1.12863964E+00 1.12863970E+00 1.12863946E+00 1.12863921E+00 1.12863916E+00 1.12863929E+00 1.12863954E+00 1.12863987E+00 1.12864027E+00 1.12864075E+00 1.12864136E+00 1.12864209E+00 1.12864295E+00 1.12864395E+00 1.12864510E+00 1.12864642E+00 1.12864793E+00 1.12864963E+00 1.12865156E+00 1.12865373E+00 1.12865616E+00 1.12865887E+00 1.12866188E+00 1.12866522E+00 1.12866889E+00 1.12867293E+00 1.12867733E+00 1.12868213E+00 1.12868731E+00 1.12869289E+00 1.12869885E+00 1.12870519E+00 1.12871185E+00 1.12871882E+00 1.12872600E+00 1.12873334E+00 1.12874070E+00 1.12874795E+00 1.12875488E+00 1.12876129E+00 1.12876687E+00 1.12877133E+00 1.12877417E+00 1.12877502E+00 1.12877314E+00 1.12876797E+00 1.12875856E+00 1.12874413E+00 1.12872330E+00 1.12869509E+00 1.12865763E+00 1.12860959E+00 1.12854855E+00 1.12847276E+00 1.12837902E+00 1.12826510E+00 1.12812697E+00 1.12796172E+00 1.12776416E+00 1.12753078E+00 1.12725508E+00 1.12693259E+00 1.12655545E+00 1.12611819E+00 1.12561111E+00 1.12502764E+00 1.12435630E+00 1.12358937E+00 1.12271290E+00 1.12171814E+00 1.12058855E+00 1.11931358E+00 1.11787577E+00 1.11626282E+00 1.11445283E+00 1.11243299E+00 1.11018050E+00 1.10767999E+00 1.10493012E+00 1.10189520E+00 1.09887680E+00 1.09559170E+00 1.09244480E+00 1.08906207E+00 1.08586438E+00 1.08246550E+00 1.07928307E+00 1.07592915E+00 1.07281505E+00 1.06956122E+00 1.06656248E+00 1.06344713E+00 1.06059282E+00 1.05764367E+00 1.05495624E+00 1.05219301E+00 1.04968534E+00 1.04711750E+00 1.04479613E+00 1.04242619E+00 1.04028937E+00 1.03811517E+00 1.03600888E+00 1.03386918E+00 1.03169549E+00 1.02948788E+00 1.02724868E+00 1.02497842E+00 1.02267647E+00 1.02034424E+00 1.01798982E+00 1.01561315E+00 1.01320077E+00 1.01076180E+00 1.00840356E+00 1.00615647E+00 1.00345977E+00 1.00000000E+00
1.12849943E+00 1.12850339E+00 1.12850283E+00 1.12849998E+00 1.12849715E+00 1.12849604E+00 1.12849607E+00 1.12849643E+00 1.12849661E+00 1.12849644E+00 1.12849619E+00 1.12849609E+00 1.12849619E+00 1.12849643E+00 1.12849675E+00 1.12849714E+00 1.12849761E+00 1.12849820E+00 1.12849891E+00 1.12849976E+00 1.12850074E+00 1.12850187E+00 1.12850317E+00 1.12850465E+00 1.12850634E+00 1.12850825E+00 1.12851039E+00 1.12851280E+00 1.12851549E+00 1.12851848E+00 1.12852179E+00 1.12852546E+00 1.12852948E+00 1.12853388E+00 1.12853868E+00 1.12854388E+00 1.12854949E+00 1.12855550E+00 1.12856190E+00 1.12856866E+00 1.12857575E+00 1.12858309E+00 1.12859062E+00 1.12859823E+00 1.12860578E+00 1.12861309E+00 1.12861995E+00 1.12862607E+00 1.12863118E+00 1.12863479E+00 1.12863654E+00 1.12863572E+00 1.12863178E+00 1.12862381E+00 1.12861104E+00 1.12859213E+00 1.12856611E+00 1.12853118E+00 1.12848601E+00 1.12842822E+00 1.12835610E+00 1.12826651E+00 1.12815724E+00 1.12802432E+00 1.12786489E+00 1.12767380E+00 1.12744759E+00 1.12717982E+00 1.12686603E+00 1.12649840E+00 1.12607152E+00 1.12557575E+00 1.12500450E+00 1.12434631E+00 1.12359352E+00 1.12273213E+00 1.12175344E+00 1.12064081E+00 1.11938362E+00 1.11796436E+00 1.11637078E+00 1.11458075E+00 1.11258139E+00 1.11034978E+00 1.10787049E+00 1.10514171E+00 1.10212777E+00 1.09912786E+00 1.09586103E+00 1.09272984E+00 1.08936226E+00 1.08617735E+00 1.08279081E+00 1.07961895E+00 1.07627505E+00 1.07316875E+00 1.06992236E+00 1.06693025E+00 1.06382118E+00 1.06097187E+00 1.05802728E+00 1.05534353E+00 1.05258377E+00 1.05007875E+00 1.04751332E+00 1.04519362E+00 1.04282476E+00 1.04068858E+00 1.03851456E+00 1.03640785E+00 1.03426713E+00 1.03209134E+00 1.02988063E+00 1.02763739E+00 1.02536148E+00 1.02305145E+00 1.02070861E+00 1.01834054E+00 1.01594525E+00 1.01350713E+00 1.01103443E+00 1.00862932E+00 1.00632309E+00 1.00355142E+00 1.00000000E+00
1.12976812E+00 1.12977355E+00 1.12978301E+00 1.12978867E+00 1.12978995E+00 1.12978775E+00 1.12978475E+00 1.12978322E+00 1.12978294E+00 1.12978331E+00 1.12978366E+00 1.12978362E+00 1.12978344E+00 1.12978338E+00 1.12978351E+00 1.12978384E+00 1.12978429E+00 1.12978482E+00 1.12978547E+00 1.12978625E+00 1.12978719E+00 1.12978830E+00 1.12978958E+00 1.12979105E+00 1.12979273E+00 1.12979464E+00 1.12979680E+00 1.12979923E+00 1.12980195E+00 1.12980499E+00 1.12980836E+00 1.12981210E+00 1.12981621E+00 1.12982073E+00 1.12982567E+00 1.12983104E+00 1.12983684E+00 1.12984309E+00 1.12984976E+00 1.12985685E+00 1.12986432E+00 1.12987210E+00 1.12988015E+00 1.12988835E+00 1.12989659E+00 1.12990468E+00 1.12991244E+00 1.12991959E+00 1.12992586E+00 1.12993079E+00 1.12993404E+00 1.12993491E+00 1.12993286E+00 1.12992702E+00 1.12991663E+00 1.12990037E+00 1.12987729E+00 1.12984561E+00 1.12980402E+00 1.12975018E+00 1.12968237E+00 1.12959748E+00 1.12949330E+00 1.12936590E+00 1.12921242E+00 1.12902771E+00 1.12880830E+00 1.12854773E+00 1.12824151E+00 1.12788180E+00 1.12746315E+00 1.12697583E+00 1.12641323E+00 1.12576371E+00 1.12501959E+00 1.12416667E+00 1.12319615E+00 1.12209115E+00 1.12084085E+00 1.11942753E+00 1.11783876E+00 1.11605200E+00 1.11405413E+00 1.11182187E+00 1.10933945E+00 1.10660457E+00 1.10358118E+00 1.10056928E+00 1.09728708E+00 1.09413883E+00 1.09075076E+00 1.08754459E+00 1.08413351E+00 1.08093688E+00 1.07756504E+00 1.07443098E+00 1.07115410E+00 1.06813258E+00 1.06499145E+00 1.06211109E+00 1.05913291E+00 1.05641725E+00 1.05362336E+00 1.05108598E+00 1.04848613E+00 1.04613400E+00 1.04373076E+00 1.04156249E+00 1.03935467E+00 1.03721394E+00 1.03503743E+00 1.03282385E+00 1.03057326E+00 1.02828789E+00 1.02596750E+00 1.02361033E+00 1.02121743E+00 1.01879606E+00 1.01634432E+00 1.01384658E+00 1.01131040E+00 1.00883642E+00 1.00645985E+00 1.00362024E+00 1.00000000E+00
1.13128474E+00 1.13129369E+00 1.13130428E+00 1.13130966E+00 1.13131033E+00 1.13130812E+00 1.13130557E+00 1.13130462E+00 1.13130477E+00 1.13130526E+00 1.13130557E+00 1.13130549E+00 1.13130530E+00 1.13130528E+00 1.13130544E+00 1.13130578E+00 1.13130622E+00 1.13130675E+00 1.13130740E+00 1.13130820E+00 1.13130915E+00 1.13131028E+00 1.13131159E+00 1.13131310E+00 1.13131484E+00 1.13131681E+00 1.13131905E+00 1.13132157E+00 1.13132441E+00 1.13132758E+00 1.13133112E+00 1.13133505E+00 1.13133939E+00 1.13134417E+00 1.13134942E+00 1.13135514E+00 1.13136136E+00 1.13136807E+00 1.13137529E+00 1.13138299E+00 1.13139116E+00 1.13139974E+00 1.13140869E+00 1.13141791E+00 1.13142730E+00 1.13143667E+00 1.13144587E+00 1.13145462E+00 1.13146268E+00 1.13146960E+00 1.13147503E+00 1.13147831E+00 1.13147890E+00 1.13147596E+00 1.13146873E+00 1.13145590E+00 1.13143654E+00 1.13140886E+00 1.13137155E+00 1.13132227E+00 1.13125931E+00 1.13117952E+00 1.13108070E+00 1.13095891E+00 1.13081123E+00 1.13063244E+00 1.13041907E+00 1.13016453E+00 1.12986429E+00 1.12951038E+00 1.12909726E+00 1.12861506E+00 1.12805705E+00 1.12741137E+00 1.12667023E+00 1.12581914E+00 1.12484914E+00 1.12374303E+00 1.12248980E+00 1.12107145E+00 1.11947527E+00 1.11767825E+00 1.11566706E+00 1.11341803E+00 1.11091503E+00 1.10815547E+00 1.10510284E+00 1.10206013E+00 1.09874277E+00 1.09555928E+00 1.09213198E+00 1.08888763E+00 1.08543475E+00 1.08219786E+00 1.07878266E+00 1.07560749E+00 1.07228681E+00 1.06922413E+00 1.06603952E+00 1.06311854E+00 1.06009768E+00 1.05734255E+00 1.05450746E+00 1.05193211E+00 1.04929283E+00 1.04690451E+00 1.04446387E+00 1.04226146E+00 1.04001846E+00 1.03784320E+00 1.03563117E+00 1.03338109E+00 1.03109293E+00 1.02876886E+00 1.02640871E+00 1.02401074E+00 1.02157582E+00 1.01911111E+00 1.01661501E+00 1.01407224E+00 1.01148997E+00 1.00896818E+00 1.00654473E+00 1.00366203E+00 1.00000000E+00
1.13270058E+00 1.13271341E+00 1.13272548E+00 1.13273115E+00 1.13273190E+00 1.13273032E+00 1.13272869E+00 1.13272859E+00 1.13272932E+00 1.13273007E+00 1.13273047E+00 1.13273048E+00 1.13273040E+00 1.13273048E+00 1.13273074E+00 1.13273113E+00 1.13273162E+00 1.13273219E+00 1.13273289E+00 1.13273374E+00 1.13273476E+00 1.13273597E+00 1.13273737E+00 1.13273899E+00 1.13274085E+00 1.13274298E+00 1.13274539E+00 1.13274812E+00 1.13275119E+00 1.13275464E+00 1.13275850E+00 1.13276279E+00 1.13276754E+00 1.13277280E+00 1.13277857E+00 1.13278489E+00 1.13279178E+00 1.13279926E+00 1.13280732E+00 1.13281598E+00 1.13282521E+00 1.13283497E+00 1.13284522E+00 1.13285588E+00 1.13286686E+00 1.13287798E+00 1.13288909E+00 1.13289993E+00 1.13291025E+00 1.13291963E+00 1.13292773E+00 1.13293387E+00 1.13293753E+00 1.13293786E+00 1.13293413E+00 1.13292499E+00 1.13290950E+00 1.13288587E+00 1.13285277E+00 1.13280782E+00 1.13274930E+00 1.13267400E+00 1.13257968E+00 1.13246236E+00 1.13231906E+00 1.13214444E+00 1.13193497E+00 1.13168394E+00 1.13138672E+00 1.13103518E+00 1.13062370E+00 1.13014221E+00 1.12958384E+00 1.12893653E+00 1.12819234E+00 1.12733652E+00 1.12635995E+00 1.12524516E+00 1.12398093E+00 1.12254906E+00 1.12093663E+00 1.11912020E+00 1.11708635E+00 1.11481112E+00 1.11227815E+00 1.10948484E+00 1.10639426E+00 1.10331339E+00 1.09995409E+00 1.09673007E+00 1.09325902E+00 1.08997327E+00 1.08647627E+00 1.08319791E+00 1.07973904E+00 1.07652345E+00 1.07316050E+00 1.07005879E+00 1.06683372E+00 1.06387567E+00 1.06081650E+00 1.05802651E+00 1.05515558E+00 1.05254773E+00 1.04987514E+00 1.04745672E+00 1.04498537E+00 1.04275528E+00 1.04048413E+00 1.03828160E+00 1.03604185E+00 1.03376364E+00 1.03144694E+00 1.02909387E+00 1.02670432E+00 1.02427663E+00 1.02181159E+00 1.01931629E+00 1.01678939E+00 1.01421594E+00 1.01160289E+00 1.00904980E+00 1.00659630E+00 1.00368691E+00 1.00000000E+00
1.13394505E+00 1.13396165E+00 1.13397517E+00 1.13398144E+00 1.13398275E+00 1.13398230E+00 1.13398198E+00 1.13398297E+00 1.13398443E+00 1.13398558E+00 1.13398622E+00 1.13398646E+00 1.13398661E+00 1.13398692E+00 1.13398736E+00 1.13398789E+00 1.13398850E+00 1.13398920E+00 1.13399003E+00 1.13399103E+00 1.13399220E+00 1.13399358E+00 1.13399517E+00 1.13399701E+00 1.13399911E+00 1.13400151E+00 1.13400424E+00 1.13400732E+00 1.13401079E+00 1.13401469E+00 1.13401904E+00 1.13402388E+00 1.13402925E+00 1.13403519E+00 1.13404172E+00 1.13404889E+00 1.13405671E+00 1.13406520E+00 1.13407439E+00 1.13408426E+00 1.13409483E+00 1.13410604E+00 1.13411787E+00 1.13413024E+00 1.13414305E+00 1.13415615E+00 1.13416938E+00 1.13418248E+00 1.13419522E+00 1.13420715E+00 1.13421794E+00 1.13422690E+00 1.13423351E+00 1.13423691E+00 1.13423635E+00 1.13423045E+00 1.13421826E+00 1.13419794E+00 1.13416814E+00 1.13412643E+00 1.13407105E+00 1.13399873E+00 1.13390717E+00 1.13379231E+00 1.13365112E+00 1.13347812E+00 1.13326973E+00 1.13301910E+00 1.13272149E+00 1.13236866E+00 1.13195485E+00 1.13146983E+00 1.13090662E+00 1.13025297E+00 1.12950086E+00 1.12863526E+00 1.12764699E+00 1.12651835E+00 1.12523799E+00 1.12378757E+00 1.12215402E+00 1.12031364E+00 1.11825295E+00 1.11594788E+00 1.11338192E+00 1.11055266E+00 1.10742281E+00 1.10430352E+00 1.10090298E+00 1.09764004E+00 1.09412779E+00 1.09080378E+00 1.08726672E+00 1.08395136E+00 1.08045412E+00 1.07720357E+00 1.07380456E+00 1.07066999E+00 1.06741126E+00 1.06442278E+00 1.06133254E+00 1.05851460E+00 1.05561522E+00 1.05298185E+00 1.05028337E+00 1.04784177E+00 1.04534700E+00 1.04309599E+00 1.04080373E+00 1.03858093E+00 1.03632075E+00 1.03402200E+00 1.03168465E+00 1.02931076E+00 1.02690032E+00 1.02445173E+00 1.02196572E+00 1.01944935E+00 1.01690147E+00 1.01430739E+00 1.01167394E+00 1.00910039E+00 1.00662753E+00 1.00370161E+00 1.00000000E+00
