$MeshFormat
2.2 0 8
$EndMeshFormat
$Nodes
2248
1 -1 -0.5 0
2 1 -0.5 0
3 1 0.5 0
4 -1 0.5 0
5 -0.1 0.1 0
6 0.1 0.1 0
7 -0.8947368421055552 -0.5 0
8 -0.7894736842111103 -0.5 0
9 -0.6842105263166655 -0.5 0
10 -0.5789473684222206 -0.5 0
11 -0.4736842105277758 -0.5 0
12 -0.3684210526333309 -0.5 0
13 -0.2631578947388861 -0.5 0
14 -0.1578947368444412 -0.5 0
15 -0.05263157894999637 -0.5 0
16 0.05263157894474046 -0.5 0
17 0.1578947368397694 -0.5 0
18 0.2631578947347981 -0.5 0
19 0.3684210526298271 -0.5 0
20 0.4736842105248558 -0.5 0
21 0.5789473684198847 -0.5 0
22 0.6842105263149136 -0.5 0
23 0.7894736842099424 -0.5 0
24 0.8947368421049713 -0.5 0
25 -0.9473684210527668 -0.5 0
26 -0.8421052631583328 -0.5 0
27 -0.7368421052638594 -0.5 0
28 -0.6315789473694431 -0.5 0
29 -0.5263157894749981 -0.5 0
30 -0.4210526315805534 -0.5 0
31 -0.3157894736861084 -0.5 0
32 -0.2105263157916637 -0.5 0
33 -0.1052631578972187 -0.5 0
34 -2.773892227025954e-12 -0.5 0
35 0.1052631578922549 -0.5 0
36 0.2105263157872836 -0.5 0
37 0.3157894736823126 -0.5 0
38 0.4210526315773415 -0.5 0
39 0.5263157894723702 -0.5 0
40 0.6315789473673992 -0.5 0
41 0.7368421052624279 -0.5 0
42 0.8421052631574568 -0.5 0
43 0.9473684210524858 -0.5 0
44 1 -0.3888888888891971 0
45 1 -0.2777777777783942 0
46 1 -0.1666666666675913 0
47 1 -0.05555555555678843 0
48 1 0.05555555555432268 0
49 1 0.1666666666657419 0
50 1 0.2777777777771613 0
51 1 0.3888888888885806 0
52 1 -0.4444444444445976 0
53 1 -0.3333333333337873 0
54 1 -0.2222222222229928 0
55 1 -0.1111111111121899 0
56 1 -1.387057135815439e-12 0
57 1 0.1111111111100322 0
58 1 0.2222222222214516 0
59 1 0.333333333332871 0
60 1 0.4444444444442903 0
61 0.8947368421055552 0.5 0
62 0.7894736842111103 0.5 0
63 0.6842105263166655 0.5 0
64 0.5789473684222206 0.5 0
65 0.4736842105277758 0.5 0
66 0.3684210526333309 0.5 0
67 0.2631578947388861 0.5 0
68 0.1578947368444412 0.5 0
69 0.05263157894999637 0.5 0
70 -0.05263157894474046 0.5 0
71 -0.1578947368397694 0.5 0
72 -0.2631578947347981 0.5 0
73 -0.3684210526298271 0.5 0
74 -0.4736842105248558 0.5 0
75 -0.5789473684198847 0.5 0
76 -0.6842105263149136 0.5 0
77 -0.7894736842099424 0.5 0
78 -0.8947368421049713 0.5 0
79 0.9473684210527668 0.5 0
80 0.8421052631583328 0.5 0
81 0.7368421052638594 0.5 0
82 0.6315789473694431 0.5 0
83 0.5263157894749981 0.5 0
84 0.4210526315805534 0.5 0
85 0.3157894736861084 0.5 0
86 0.2105263157916637 0.5 0
87 0.1052631578972187 0.5 0
88 2.773892227025954e-12 0.5 0
89 -0.1052631578922549 0.5 0
90 -0.2105263157872836 0.5 0
91 -0.3157894736823126 0.5 0
92 -0.4210526315773415 0.5 0
93 -0.5263157894723702 0.5 0
94 -0.6315789473673992 0.5 0
95 -0.7368421052624279 0.5 0
96 -0.8421052631574568 0.5 0
97 -0.9473684210524858 0.5 0
98 -1 0.3888888888891971 0
99 -1 0.2777777777783942 0
100 -1 0.1666666666675913 0
101 -1 0.05555555555678843 0
102 -1 -0.05555555555432268 0
103 -1 -0.1666666666657419 0
104 -1 -0.2777777777771613 0
105 -1 -0.3888888888885806 0
106 -1 0.4444444444445976 0
107 -1 0.3333333333337873 0
108 -1 0.2222222222229928 0
109 -1 0.1111111111121899 0
110 -1 1.387057135815439e-12 0
111 -1 -0.1111111111100322 0
112 -1 -0.2222222222214516 0
113 -1 -0.333333333332871 0
114 -1 -0.4444444444442903 0
115 -0.09876883405953943 0.08435655349613889 0
116 -0.09510565162956931 0.0690983005626713 0
117 -0.08910065241892769 0.05460095002622373 0
118 -0.08090169943763434 0.04122147477094482 0
119 -0.07071067811883817 0.02928932188152868 0
120 -0.05877852522948179 0.01909830056267561 0
121 -0.04539904997423319 0.01089934758130512 0
122 -0.03090169943782201 0.004894348370590967 0
123 -0.01564344650439057 0.001231165940544426 0
124 -3.96044880376055e-13 0 0
125 0.01564344650368284 0.001231165940432336 0
126 0.03090169943722137 0.004894348370395818 0
127 0.04539904997373871 0.01089934758105317 0
128 0.0587785252291109 0.01909830056240615 0
129 0.07071067811857341 0.02928932188126392 0
130 0.08090169943745151 0.04122147477069318 0
131 0.08910065241883158 0.05460095002603511 0
132 0.09510565162952611 0.06909830056253836 0
133 0.09876883405952852 0.08435655349607002 0
134 -0.0996917333733191 0.09215409042729544 0
135 -0.09723699203980786 0.0766554636145769 0
136 -0.09238795325119852 0.06173165676365961 0
137 -0.08526401643552284 0.0477501435285905 0
138 -0.07604059656016365 0.03505519516716964 0
139 -0.06494480483322893 0.02395940344017673 0
140 -0.05224985647185171 0.01473598356474816 0
141 -0.03826834323681255 0.00761204674899707 0
142 -0.02334453638594246 0.002763007960316838 0
143 -0.007845909573167919 0.0003082666267173739 0
144 0.00784590957241287 0.0003082666266579631 0
145 0.02334453638528749 0.002763007960159575 0
146 0.03826834323626073 0.007612046748768503 0
147 0.05224985647141916 0.01473598356448309 0
148 0.06494480483291311 0.023959403439907 0
149 0.07604059655994697 0.03505519516691591 0
150 0.08526401643539067 0.04775014352837481 0
151 0.09238795325113022 0.06173165676349475 0
152 0.09723699203978185 0.07665546361446852 0
153 0.09969173337331649 0.09215409042726251 0
154 0.0987688340595399 0.1156434465038581 0
155 0.09510565162957443 0.1309016994373129 0
156 0.08910065241893093 0.1453990499737699 0
157 0.08090169943763929 0.1587785252290484 0
158 0.07071067811884134 0.1707106781184682 0
159 0.058778525229495 0.1809016994373148 0
160 0.04539904997424282 0.18910065241869 0
161 0.03090169943783497 0.1951056516294048 0
162 0.01564344650440678 0.198768834059453 0
163 4.148076494922201e-13 0.2 0
164 -0.01564344650366159 0.198768834059571 0
165 -0.03090169943720132 0.1951056516296107 0
166 -0.04539904997372596 0.1891006524189533 0
167 -0.05877852522911057 0.1809016994375941 0
168 -0.07071067811857 0.1707106781187395 0
169 -0.08090169943745457 0.1587785252293026 0
170 -0.08910065241883003 0.145399049973968 0
171 -0.09510565162952801 0.1309016994374558 0
172 -0.09876883405952902 0.1156434465039269 0
173 0.0996917333733193 0.107845909572702 0
174 0.09723699203980958 0.123344536385416 0
175 0.09238795325120253 0.1382683432363307 0
176 0.08526401643552595 0.1522498564714044 0
177 0.07604059656017309 0.1649448048328193 0
178 0.06494480483323321 0.1760405965598196 0
179 0.05224985647186131 0.185264016435246 0
180 0.03826834323682263 0.1923879532509988 0
181 0.02334453638595921 0.1972369920396791 0
182 0.007845909573185339 0.1996917333732813 0
183 -0.007845909572393435 0.1996917333733436 0
184 -0.02334453638526127 0.1972369920398467 0
185 -0.03826834323624715 0.1923879532512371 0
186 -0.05224985647141688 0.1852640164355183 0
187 -0.06494480483290842 0.176040596560097 0
188 -0.07604059655993795 0.1649448048330946 0
189 -0.08526401643538685 0.1522498564716314 0
190 -0.09238795325113598 0.1382683432364913 0
191 -0.09723699203978421 0.1233445363855216 0
192 -0.09969173337331608 0.1078459095727429 0
193 0.113216931038271 0.09069889245376873 0
194 -0.113943061408926 0.09119583942102537 0
195 -0.09670108046253029 0.0411510121400868 0
196 0.09679040126318025 0.04061321325088594 0
197 -0.05993716202809158 0.003325481560408872 0
198 0.05921963418920452 0.003363342002358677 0
199 -0.5244168199905272 -0.4064368197065086 0
200 0.5296312014076333 -0.4123889571319356 0
201 0.1044124357529233 0.1432130980312509 0
202 -0.1080657531937735 0.1432664955660587 0
203 -0.00950258180243866 -0.01333789959576088 0
204 0.5217968768994237 0.4149829578998006 0
205 -0.5244624324517967 0.4114746389855328 0
206 0.02654649150810156 -0.01076107240230693 0
207 -0.08624675671700183 0.1740939266879116 0
208 0.08676526182060594 0.1736648031845475 0
209 -0.06030104962826401 0.1974472169579162 0
210 0.05977260237575609 0.1967718107505393 0
211 -0.02629047542332436 0.2108298799021035 0
212 0.02745683013159693 0.2107992376156337 0
213 -0.9096940867733561 0.001275470734429681 0
214 0.9083558171865997 -0.00261316940170296 0
215 -0.2064736390334426 -0.4153014145190586 0
216 0.2018420176849669 -0.4131420588384731 0
217 0.00175098368365238 -0.4154289969043182 0
218 0.3105594998148875 0.4073467122764136 0
219 -0.3079134947509748 0.4162424895515361 0
220 -0.9057699677368721 0.2219043423130299 0
221 0.8947556023413686 0.2246171906798149 0
222 0.9088164572218678 -0.2189824423783377 0
223 -0.9035892057519936 -0.2268325029607597 0
224 0.1015830801046506 0.421888930844065 0
225 -0.09862852667712643 0.4115212112372043 0
226 -0.7336083394392561 0.414327184580065 0
227 0.7375507693274554 0.4115688480190084 0
228 0.734860115854802 -0.4092479589848337 0
229 -0.7383981373119877 -0.4087765669107554 0
230 -0.009057796097896097 0.4112788777434072 0
231 -0.05786960329672329 0.3378768537091696 0
232 -0.1243139138575734 0.3392082341282799 0
233 -0.09432027757784416 0.2959391100179455 0
234 -0.1424268928035948 0.281802414896017 0
235 -0.0294495294804921 0.2891639227017434 0
236 -0.1811562249285383 0.3260770353306012 0
237 -0.1972210658004845 0.2726252943713253 0
238 -0.164676808093987 0.2345969420651407 0
239 -0.2111060080859526 0.2255126850909281 0
240 -0.2468602046370787 0.259537414399911 0
241 -0.2587350148416082 0.2102263454835533 0
242 -0.2990538533694773 0.2461622653561303 0
243 -0.3135109712009829 0.1881998603575134 0
244 -0.2634110582797072 0.1536808802224285 0
245 -0.3232569912058041 0.1291898010018522 0
246 -0.277672207483955 0.09755849593507275 0
247 -0.3326696452203226 0.07339916650578669 0
248 -0.2808394632670743 0.0386530583747148 0
249 -0.3437613419361947 0.01414224420008054 0
250 -0.3938322002776457 0.05444206789297719 0
251 -0.4066758882622427 -0.01122060838376843 0
252 -0.294640020286846 -0.02437705642551912 0
253 -0.4613690354491802 0.03498246707029611 0
254 -0.4751170906886619 -0.03653119640777604 0
255 -0.5332283898621862 0.01018861471385512 0
256 -0.5467725464788704 -0.07112186057509708 0
257 -0.4177556402384529 -0.08451613197340857 0
258 -0.5181664456499651 0.08704865517067943 0
259 -0.3603288598112186 0.2273725720526628 0
260 -0.5951042735810038 0.06132533687162357 0
261 -0.2374134935618618 -0.004677705637722809 0
262 -0.2475883605340329 -0.06047282949457986 0
263 -0.1908932225168612 -0.04146697458430623 0
264 -0.2037296547480155 -0.09390169358082891 0
265 -0.1547619011451812 -0.07846651552468457 0
266 -0.1635360946800416 -0.1256784587387964 0
267 -0.1145974844658978 -0.1052536427083819 0
268 -0.2102586416825047 -0.1496569210858535 0
269 -0.1245557811743458 -0.1561830803213414 0
270 -0.07723562185190755 -0.1381323801427474 0
271 -0.08500490528925533 -0.1895526627390963 0
272 -0.03724942446274896 -0.169326018246412 0
273 -0.5787083994479059 0.1436748170511108 0
274 -0.1795755443247622 0.1943181480277288 0
275 -0.1364337091114804 -0.210179165445985 0
276 -0.03362072623334868 -0.1161164956782118 0
277 0.006945816274713281 -0.1439074826812268 0
278 0.003623067890085614 -0.1978006878188145 0
279 0.04914927286591041 -0.1754678833486876 0
280 0.05252208012372718 -0.1269561098136493 0
281 0.09122681139083741 -0.1525294855199733 0
282 0.09324142890796142 -0.1048277663261559 0
283 0.1301457650215562 -0.1306742358588746 0
284 0.1329398775248929 -0.08885456123604353 0
285 0.1682385910095392 -0.1106392338313298 0
286 0.1697656940990108 -0.06729617683630545 0
287 0.2071814380517777 -0.09056712851229991 0
288 0.2085583511111607 -0.04465967512538539 0
289 0.2495339664814348 -0.06999594765902345 0
290 0.2498513903030895 -0.0216989054555285 0
291 0.296188060190248 -0.04684640908278339 0
292 0.2919426867736528 0.01061028375710188 0
293 0.3472474763000648 -0.02051983384294786 0
294 0.2956421414223356 -0.1004720082007791 0
295 0.3483854399782701 0.03979799320896456 0
296 0.4036401054924018 0.007658493824768595 0
297 0.2958624993568921 0.07117319449130097 0
298 0.3480853670010713 0.1003620475596909 0
299 0.2915883808653831 0.1310728774201486 0
300 0.1698659839705909 -0.1572695973911303 0
301 0.348303250164157 0.16092046670126 0
302 0.401173195802384 -0.05706102190392887 0
303 0.4626113163048629 -0.02685520786871889 0
304 0.459386362499068 -0.09787252245164435 0
305 0.5263340096794197 -0.06516602081559404 0
306 0.5287800801271706 0.01072067142088116 0
307 0.08934838261217291 -0.2070080716329646 0
308 0.20405366318063 0.002243435626945055 0
309 0.2940007060052048 0.1928713837970516 0
310 0.2453111869675531 0.100447634487403 0
311 0.5971777536061169 -0.0299134168488504 0
312 0.6036603498182962 0.04950302707233777 0
313 0.5939320599056415 -0.111482371937012 0
314 0.1347791893627918 -0.04846929168663404 0
315 0.3503591124342594 0.2249158249523365 0
316 0.4098649414902381 0.1912421084782553 0
317 -0.1844562503997073 0.009138604879791307 0
318 -0.6610136131637459 0.1164299421700957 0
319 -0.677007690136027 0.02974059617870852 0
320 0.6703819686972792 -0.07434093444584668 0
321 0.664348245379291 -0.1617648893715459 0
322 0.05598959502265092 -0.08510758512992782 0
323 -0.1132865660103419 -0.06438185335881363 0
324 -0.09080945335772823 -0.2482191790184087 0
325 -0.2292639878936122 0.1129913033213926 0
326 0.5797084717034735 -0.1916381975105289 0
327 -0.6435330541253248 0.203421795792311 0
328 0.2930145832851523 0.2566853977122328 0
329 0.2365729547035948 0.21970434271249 0
330 0.2378156542314703 0.2847630101406858 0
331 0.1883009026295672 0.2515280886880857 0
332 0.1866813647426362 0.2007798937049292 0
333 0.1473412116200664 0.2240239073351929 0
334 0.1434224945401647 0.2711890040442198 0
335 0.4059846064998854 0.2669844794095075 0
336 0.4760650240495364 0.2297276111203347 0
337 -0.560880606141884 0.2311688572034893 0
338 0.1043643888017912 0.2420901523891729 0
339 0.1005228453386431 0.2874932203271576 0
340 0.06576291361292935 0.2641678087703492 0
341 0.05691675181557797 0.3075868360828846 0
342 -0.141355392081379 0.2007784723872776 0
343 -0.1541967868890778 0.1677065185875858 0
344 0.1486972987745061 0.179548312510413 0
345 0.182530131690019 0.15954868656099 0
346 -0.7463428078228748 0.08877600105380647 0
347 -0.1499999781664568 -0.2719029005963159 0
348 0.7471939692127672 -0.121291136368339 0
349 0.7400962355767289 -0.2240019016595073 0
350 0.3875708761076357 -0.1284242831002123 0
351 0.4529713059976407 -0.1702904339204095 0
352 0.3835797284598755 -0.2049328652590349 0
353 0.4519322924113331 -0.2520974107999391 0
354 0.3758877460120151 -0.2825556152876015 0
355 0.3123727346455258 -0.2373097829284169 0
356 0.1497908911094617 0.1430833305006722 0
357 0.179587700616 0.125563949053492 0
358 -0.3028310137062541 -0.08338988038040167 0
359 0.151225263821394 0.111755243335258 0
360 0.1761799402056186 0.09575621660072009 0
361 0.4710083811242503 0.1509498455350756 0
362 0.5452287136407101 0.1830649632680864 0
363 0.5494418891151089 0.2700398637666111 0
364 0.6242646604838291 0.2227094495580695 0
365 0.1492357490876909 0.08490018369232248 0
366 0.1722417991703863 0.06503550070506289 0
367 0.14732875347447 0.04850801253439323 0
368 -0.09785341314079493 -0.3172148283478918 0
369 -0.03851060755014121 -0.2811990318561384 0
370 -0.06153544735486771 0.2457520797847345 0
371 -0.6285183540918281 0.295445688320408 0
372 -0.7123453465214856 0.2695142974439271 0
373 -0.2210397373123589 0.04239324405084823 0
374 -0.1785871161791673 0.05177274271475037 0
375 -0.1513050181426786 0.02852742316575447 0
376 -0.1458559822842339 0.05949298804744347 0
377 -0.1660424977711535 0.08448480995665032 0
378 0.7508717557259085 -0.02847527821531335 0
379 -0.3436561199963816 0.2909820869496736 0
380 -0.4101497223458181 0.2758689029540825 0
381 -0.4284090580758101 0.2000214382738977 0
382 0.30456021527194 -0.3145424169099792 0
383 0.2432314226814901 -0.2676421668828927 0
384 0.1157599398345612 0.1995533898790501 0
385 0.1381186914175328 0.3200558226637122 0
386 0.2515855824413007 -0.196485765730799 0
387 -0.1244259350943565 0.235017880572532 0
388 -0.7612201153148305 -0.004921640251793196 0
389 -0.6913552840079217 -0.06283350163143368 0
390 -0.7810466287856994 -0.09686775757250801 0
391 -0.706438439993974 -0.1574536472181192 0
392 0.6269389332307647 0.3101195920088662 0
393 0.7053906265162981 0.2627683197976902 0
394 0.7023458465018001 0.1707773635765147 0
395 -0.1244293528730445 0.1748345567876764 0
396 -0.1087211352724894 0.2018441553330188 0
397 0.3667049642953439 -0.3630492386013471 0
398 -0.1562593231935676 -0.01965494627293828 0
399 0.02252780508661703 -0.09943750665676709 0
400 -0.02024767226235687 -0.07643996486836088 0
401 0.02889561907168527 -0.06524777318997327 0
402 0.05632122964975589 -0.05058242703616581 0
403 -0.2015080801741489 -0.2206296319579117 0
404 -0.2162486863465212 -0.2931951859771097 0
405 -0.2722488676574354 -0.2456575607969257 0
406 -0.2876315156448295 -0.3203835784912449 0
407 -0.3471875533415148 -0.2687947362440523 0
408 -0.3703456753616593 -0.3525782712607987 0
409 -0.4295312794279128 -0.2906608036560969 0
410 -0.4073225907005041 -0.2127403622383474 0
411 -0.4896913306903717 -0.2344920561650509 0
412 -0.187404372649925 0.1572287798107564 0
413 -0.1584649504070791 0.1342415730278936 0
414 0.002312764180330105 0.3270519727442834 0
415 0.2176375423260813 0.4204196330419225 0
416 0.247878207393175 0.1637778806227633 0
417 -0.07237368112808336 -0.0932280859781164 0
418 0.08404836611304811 -0.06718425868143084 0
419 0.0824007126042111 -0.03644740523691435 0
420 0.2478798086654139 0.05145328725105106 0
421 -0.1318009189662235 0.1501015990542535 0
422 -0.1394972651634491 0.1144827160571929 0
423 -0.2264536217022217 0.4173038964875592 0
424 0.1874167864736558 -0.2185684250736522 0
425 0.1819238982900021 -0.2869326916751722 0
426 -0.3939050764825409 0.3453489948061947 0
427 0.1222643289551355 0.172064823821426 0
428 0.08689009921590796 0.214533415683276 0
429 -0.1264063619853168 0.03930300913500603 0
430 -0.1276579780509507 0.01369097058085127 0
431 0.4163789928995972 0.4164498905220335 0
432 -0.1214994331983036 0.06112071293701868 0
433 0.02689393356082119 0.2791541022216643 0
434 -0.01270346129974338 0.25385629763457 0
435 0.1037376215722801 -0.4157758609909023 0
436 0.05256039591843583 -0.3432141440369647 0
437 0.1102242097517275 0.07349281748098127 0
438 0.113801157506631 0.1081985328680835 0
439 -0.1164675824865214 0.1100221160079172 0
440 0.08640895610393054 0.02624621473112343 0
441 0.1048074395234715 0.02383168320730114 0
442 0.09291878103738296 0.008085488209197139 0
443 0.1170937763033085 0.003294703781479722 0
444 0.1151121251414227 0.03997831523191966 0
445 -0.0871349998129594 0.02655500384339984 0
446 0.008234984152346296 -0.01396008476848751 0
447 -0.001508999886429214 -0.02993694898377023 0
448 -0.02164157982762426 -0.0280328952342067 0
449 0.02015365987232503 -0.02865239277085532 0
450 0.04258769351402664 -0.02585479147135188 0
451 -0.04434350770164117 -0.005073727391871394 0
452 -0.06057501123681205 -0.01519811776528728 0
453 -0.0776337990363858 -0.004273286044410469 0
454 -0.08059286678752649 -0.0262600292924856 0
455 -0.0585739892306988 -0.03903431468019744 0
456 -0.09865726089472292 -0.01159573849239883 0
457 -0.2652966512231505 0.3534118942100411 0
458 -0.1054031143311224 -0.408045315877438 0
459 -0.08971189696765206 0.2285117847843482 0
460 0.110433010268948 0.1264511035662159 0
461 -0.1101459348329471 0.1267539426926443 0
462 0.4694196150357237 0.3307506180084519 0
463 0.07464422439460237 0.1864234550489925 0
464 0.0963127368722924 0.1590217981116709 0
465 -0.09719465336083273 0.1603217186460695 0
466 -0.07448231223039543 0.1866724840446521 0
467 0.2073560035390963 0.07791165328080106 0
468 -0.4672402429615191 0.3344684177654045 0
469 -0.1340467224285653 0.0816473250569478 0
470 0.1738106604085605 0.03161272203947384 0
471 0.1437075538932552 0.01917711215844078 0
472 -0.008961630183943803 0.2138623695202538 0
473 -0.0436476042697314 0.2062391374865821 0
474 -0.06217248853128283 0.2179015358797262 0
475 0.009463533969080699 0.2145169788721438 0
476 0.02258616726458939 0.2300373634576589 0
477 0.04450794431246211 0.2237614281976553 0
478 0.170733494656568 -0.02593465318779007 0
479 0.7874230581430511 0.2101913367577827 0
480 0.7752137837636959 0.1178211180403657 0
481 0.7937199049759156 0.3134007037634876 0
482 0.2960055563985529 0.3225583896354419 0
483 -0.6269430068046843 0.403376436720232 0
484 -0.4607157227459875 -0.1561044356662299 0
485 -0.5475224296606158 -0.1677574805999088 0
486 -0.5700118930827321 -0.2580306801373863 0
487 -0.2201418679074079 0.1822935199489285 0
488 0.9058920228912126 0.3377055605966396 0
489 0.3151035423251387 -0.1611890497372415 0
490 -0.8012546580426902 -0.1920570716853592 0
491 -0.7147982007123804 -0.2483009393346497 0
492 -0.802956762203405 -0.3029284647144066 0
493 0.6907427622917992 0.08231129065822917 0
494 0.6297921149942552 -0.4119378571726372 0
495 0.5821303839706023 -0.3295182264641015 0
496 -0.6305632126985175 -0.4142674094535301 0
497 -0.2029418616000279 0.08000170485316417 0
498 -0.3291848507133698 -0.195532006077463 0
499 0.6284287389604466 0.4061958491295908 0
500 -0.04033986783515699 0.2263358502439959 0
501 0.05700553179989566 0.3667861019430818 0
502 -0.9085743888261045 0.1105834197349381 0
503 0.9104003157926451 0.1105821249062258 0
504 0.1231066771056785 0.1406531806205651 0
505 -0.8949141956258346 -0.1115839014446441 0
506 0.9089165726333164 -0.1135779596447417 0
507 -0.5009334049570581 0.1699891950741621 0
508 0.6831339442346653 -0.3238351700578557 0
509 0.7868201308945382 -0.3210934342156033 0
510 0.8398686009248073 -0.4094808546117414 0
511 -0.9103838869979187 0.3330821830936914 0
512 -0.8205058138227675 0.1583354683159879 0
513 0.0738380628756313 0.01370448927330374 0
514 0.07606751971961714 -0.008482622538508599 0
515 -0.8428275427107844 -0.409999561169591 0
516 0.1047999819708187 0.05642232850759229 0
517 0.1245996498574126 0.05832653787807566 0
518 0.1000167383094634 -0.01737976708321991 0
519 0.04369134729032133 -0.005141736922980305 0
520 0.05772024553948355 -0.01415599970548101 0
521 -0.2990970159516662 -0.4080300107647546 0
522 0.1301836870847507 0.09879227543896696 0
523 -0.8130022277868618 0.2740247322583271 0
524 0.4923341669081737 -0.3318157170739229 0
525 0.1292977864026262 0.1212629911866016 0
526 -0.4404850147241884 0.1128890825214999 0
527 -0.01215959583499655 -0.04902358360618044 0
528 0.372139679361371 0.341536545355928 0
529 -0.4282355120205392 -0.4195361766949075 0
530 0.1321042199177638 -0.2510145262630046 0
531 -0.9113378211569773 -0.3352335674487318 0
532 -0.1068107561614015 0.02569301878572114 0
533 0.6166998830996064 0.134475553396337 0
534 0.4028983757016751 0.06940274000529734 0
535 -0.6225113345041235 -0.1166650864828808 0
536 -0.1887716975129008 0.115555011905274 0
537 0.04311987712911682 -0.2302385600411774 0
538 -0.8345629046797941 0.4016196821244961 0
539 0.9016084352963696 -0.326478833983727 0
540 -0.378124103063551 0.1556125723275653 0
541 0.8394403459031685 0.4130268193547328 0
542 0.1415250205163616 -0.01317017118210149 0
543 0.2888711738489477 -0.3946398753952628 0
544 0.2177890347195587 0.1354961612359917 0
545 -0.4844330913145252 0.2561417400808829 0
546 0.5205130648339054 -0.1393823699083543 0
547 -0.509449448319001 -0.3145977431863068 0
548 0.52701686808548 0.09305932096406393 0
549 -0.1042097736343801 0.05709141050705317 0
550 -0.6094864568090536 -0.02214103607999451 0
551 -0.4383387763964083 0.4137765436594225 0
552 -0.02674690468882076 -0.01039308901639929 0
553 -0.3537634794023795 -0.04837907598518066 0
554 -0.7310692886503818 0.1815625294056027 0
555 -0.07396516620434794 0.01379562659692238 0
556 0.462495303227546 0.04053935339055434 0
557 0.09178016264708599 0.19179684733739 0
558 -0.5491232168255 0.3244028458348121 0
559 0.343402521362896 -0.07845847867826951 0
560 0.2270746308155705 -0.3376836224862792 0
561 0.2472559545937364 -0.1272557009552856 0
562 0.8261241427833844 -0.1693324862736933 0
563 -0.1660766566265384 -0.3415800826207527 0
564 -0.08136948897028322 -0.05650370666219991 0
565 -0.04225214867717808 -0.2219420431923147 0
566 -0.03448993482581975 -0.04711103360506085 0
567 0.4328444340424052 -0.4128760822557675 0
568 0.1274672734566706 0.07922519396318949 0
569 -0.3799318090979631 -0.1474898298188229 0
570 -0.8307106967592689 0.05329049476730233 0
571 0.1319166146872334 -0.1820060309550833 0
572 -0.04862748639291199 -0.0721381547375316 0
573 -0.6344265246828565 -0.2045899728147024 0
574 -0.2554959747370066 -0.1156059828030301 0
575 -0.2643016233295706 -0.1759643950422199 0
576 -0.08159933819539857 0.2051158201225332 0
577 0.2017150756146527 -0.1316750687335919 0
578 -0.04049267446220219 -0.02368200665381503 0
579 -0.6841995830304604 -0.3341685431496373 0
580 0.04456094703956297 0.2050375094593587 0
581 0.6395325539389549 -0.2473000208292243 0
582 -0.1675005590283862 0.389516923490999 0
583 0.01146324736135285 -0.04776842748583191 0
584 0.1360524296603657 -0.3358513252366467 0
585 0.4034474142366676 0.1286559403830364 0
586 -0.09174415001476235 0.009259657811921236 0
587 0.5396315089737529 -0.2597987587572591 0
588 0.1871009807163092 0.3067313224782943 0
589 0.177039166603196 0.364487054708568 0
590 -0.03188231868122787 -0.3458183773374561 0
591 0.2365330911962563 0.3499572525226856 0
592 0.8270472323819098 -0.0684042314658362 0
593 -0.5914371273576476 -0.3362295798620318 0
594 0.04041527289009932 0.247629760992743 0
595 0.2085919986882567 0.04093503234512537 0
596 -0.1680778397299896 -0.1728611894773169 0
597 0.3452000771059539 0.2840982174940114 0
598 0.1055015111467473 -0.04747643200793832 0
599 0.1040956256211387 0.1755415382777142 0
600 0.06799345106431423 0.2346007528384318 0
601 -0.1035787353095858 0.1774497250237738 0
602 -0.09091271615915615 0.1896524272908313 0
603 -0.285152732589808 0.2994112876141656 0
604 -0.0002437291715684066 0.2321421801990904 0
605 -0.1050876993883307 -0.03727109415075627 0
606 0.01213768653336752 0.2530608430825691 0
607 0.02039028478447262 -0.2859589119036959 0
608 -0.2418615125155134 0.0753999155829873 0
609 0.6750138136279683 0.005776877767978996 0
610 0.03223272178026534 -0.04356953149086987 0
611 -0.1257725048917175 -0.01673379229511239 0
612 -0.1614698789238024 0.1089720565622161 0
613 0.2101186238075532 -0.1699772516535545 0
614 -0.6910158261545895 0.3435386781923555 0
615 -0.0202095276587351 0.2292630289376027 0
616 -0.09746615037973889 0.2611600281492488 0
617 -0.1104469792137523 0.07449192423613643 0
618 -0.233012730685914 0.3085374911094301 0
619 -0.1291938284497338 0.09881587621865585 0
620 0.5586521184604347 0.3452784838065558 0
621 0.09499086647955821 0.3287253656631952 0
622 -0.1130363811203842 0.1595273398314793 0
623 0.08124612374663745 -0.2764966524624925 0
624 0.1675405760628581 0.004977609361115977 0
625 0.8310144007208289 0.05057381889068445 0
626 -0.3274012337851553 0.3497781593732269 0
627 -0.2183715939656747 0.1467506803862008 0
628 -0.8353785200392658 -0.03496096590955881 0
629 0.1230851127480609 0.02379859408462294 0
630 0.9258200702929181 0.4252407015090489 0
631 0.6983183678673444 0.3410815805135882 0
632 0.925671749900327 -0.4236174846500527 0
633 -0.9259504957092415 0.4232755649435075 0
634 -0.927859148717009 -0.4253234797588936 0
635 -0.1402778313809838 -0.04522491502205965 0
636 0.2037885169601698 0.1076644622864504 0
637 0.5093816753047015 -0.2023649302075138 0
638 0.8315577414857085 -0.2521689155058222 0
639 0.04977963862747508 0.4235681894565699 0
640 -0.002489062705917131 -0.2441079636529122 0
641 -0.3128647278342453 -0.1377227759394394 0
642 0.2133570217957423 0.1756843600792806 0
643 -0.3717071641070062 0.4074156925633287 0
644 0.7510589622809305 0.04547665992417029 0
645 -0.004931272091120997 -0.1020144829631097 0
646 -0.7597578368737818 0.3392967871312819 0
647 -0.64026018528877 -0.2765203090299485 0
648 0.8416890952091107 0.1493677447869369 0
649 -0.1098036661431671 0.005177620917023388 0
650 0.06298219678243072 0.2139781932349202 0
651 0.07488965299255859 0.2016759767751507 0
652 -0.03636739063962105 0.2522554066833722 0
653 0.004338035607912054 -0.0720101037469011 0
654 -0.4906164309210522 -0.1007356185292021 0
655 0.4241685894060142 -0.3284919263905449 0
656 0.453807842012906 0.09579536482351896 0
657 0.1321572679430529 0.1574681979551061 0
658 0.1581219161363861 0.4169517054691861 0
659 0.06369571301813592 -0.0290527217873571 0
660 -0.3536601024820316 -0.1004103200746379 0
661 -0.1490392282186949 0.002943985748376951 0
662 0.3351914320382194 -0.1193013108151487 0
663 -0.1464068008187006 0.09769461669804881 0
664 0.1093627315015266 -0.07327774788541648 0
665 0.2405022974380762 0.01574747626856371 0
666 0.123441309842728 0.368261199752494 0
667 -0.09379965183963035 -0.07901793130883911 0
668 -0.2346803205643379 -0.3547327418377799 0
669 0.3469357936271991 -0.4334521064354611 0
670 0.113088609300537 0.1576535710494943 0
671 -0.4534312736378368 -0.3557083651248024 0
672 0.1321138209201254 0.03755892577688495 0
673 -0.1111034834446614 0.04438534325943699 0
674 0.1200645648713245 -0.02546671020906604 0
675 -0.1277255119450526 0.1301185763847793 0
676 -0.06159512664744371 0.2800944696605272 0
677 -0.3737871118099819 0.1035619914111027 0
678 -0.001926824389318334 0.2800651606362328 0
679 -0.2155186728042933 0.3604782532735361 0
680 -0.3660544520281285 -0.4191449303254036 0
681 0.2509799358897926 0.1327597773516452 0
682 0.1424425486848121 0.06717391971327194 0
683 -0.711298860171224 -0.3714725550301963 0
684 -0.7435781726169326 -0.3185485039320219 0
685 -0.7706774497576963 -0.355852515812581 0
686 0.2833445623832197 -0.1788374077340203 0
687 0.2811797484594376 -0.1442223753462636 0
688 0.2494207685175186 -0.1618707333430423 0
689 0.1508912993289122 -0.1696378141731067 0
690 0.1596667005804446 -0.2002872280143678 0
691 0.1786413852221233 -0.1879190112323912 0
692 0.5127534565823226 0.2498837374434729 0
693 0.5094307520754163 0.3003952408875315 0
694 0.47274231954263 0.2802391145643933 0
695 -0.3369199155061008 0.2077862162050881 0
696 -0.3692264814373848 0.1914925721901141 0
697 -0.345817537132267 0.1719062163425394 0
698 -0.09109175857714835 0.3385425439187247 0
699 -0.1093170957177088 0.3175736720731127 0
700 -0.07609494043728372 0.3169079818635576 0
701 -0.1239948919187456 0.08642158223898658 0
702 -0.1222468508211588 0.07806962464654212 0
703 -0.1121950203113392 0.08284388182858091 0
704 -0.05384316138751127 0.4114000444903057 0
705 -0.07824906498692485 0.3746990324731869 0
706 -0.0334636996973097 0.3745778657262884 0
707 0.1320104173024986 -0.2165102786090439 0
708 0.1597605031957098 -0.2347914756683284 0
709 0.4410248152747109 0.2483560452649211 0
710 0.4377021107678045 0.2988675487089797 0
711 0.8442377536586421 0.2690089472216512 0
712 0.7905714815594833 0.2617960202606351 0
713 0.8410893302422099 0.2174042637187988 0
714 0.09562724400884956 0.2283117840362244 0
715 0.1013250195252346 0.207043402781163 0
716 0.1100621643181762 0.2208217711341115 0
717 -0.837980412205767 -0.1042258295085761 0
718 -0.8480844268342624 -0.1518204865650016 0
719 -0.7911506434141948 -0.1444624146289336 0
720 -0.06997173910049101 -0.04776901067119868 0
721 -0.06499848768159761 -0.06432093069986576 0
722 -0.0536007378118054 -0.05558623470886452 0
723 0.1258528002109288 0.2330570298621829 0
724 0.1315505757273138 0.2117886486071215 0
725 0.1670112881813513 0.212401900520061 0
726 0.1480192551972863 0.2017861099228029 0
727 0.1676893317585712 0.1901641031076711 0
728 0.03647534035145422 -0.3145865279703303 0
729 -0.005746016948377626 -0.315888644620576 0
730 0.01033903861860398 -0.3445162606872104 0
731 0.9003238126162907 0.2811613756382272 0
732 0.8498059639335641 0.3255531321800636 0
733 0.05274430262796624 -0.4156024289476102 0
734 0.07814900874535796 -0.3794950025139335 0
735 0.02715568980104411 -0.3793215704706415 0
736 0.6096205128212142 -0.2194691091698766 0
737 0.5596699903386132 -0.225718478133894 0
738 0.5895820314563539 -0.2535493897932417 0
739 0.3613811540729276 -0.1238627969576805 0
740 0.3251474871816791 -0.1402451802761951 0
741 0.3513372092163872 -0.1448066664187269 0
742 0.7889594940539091 -0.04843975484057477 0
743 0.8290308165513693 -0.008915206287575875 0
744 0.7909430782233686 0.01104927033768555 0
745 -0.7588774814578927 -0.2756147020245281 0
746 -0.6994988918714204 -0.2912347412421435 0
747 0.5608809464721776 -0.2946584926106803 0
748 0.6108314689547787 -0.2884091236466629 0
749 -0.7626737871541738 0.2717695148511271 0
750 -0.7720357582186218 0.2277936308319649 0
751 -0.7217073175859336 0.2255384134247649 0
752 0.4207796471985473 0.3361435816821899 0
753 0.3890621429306282 0.3042605123827178 0
754 -0.2372801325060376 -0.1628106580640367 0
755 -0.2329048517518597 -0.1982970135000658 0
756 -0.2058833609283268 -0.1851432765218826 0
757 -0.7757875512365746 0.1699489988607953 0
758 -0.8167540208048147 0.2161801002871575 0
759 -0.02693419924785278 -0.09627823027328633 0
760 -0.03443757932763443 -0.07428905980294624 0
761 -0.04112410631313033 -0.09412732520787169 0
762 -0.03519646311568454 -0.3135087045967972 0
763 -0.009060161382834296 -0.2835789718799172 0
764 -0.1649460671609229 0.04015008294025242 0
765 -0.1485805002134563 0.04401020560659897 0
766 -0.1622215492317006 0.05563286538109692 0
767 0.1322286193045337 0.1895508511947315 0
768 -0.8228921524570947 -0.3564640129419988 0
769 -0.7906128400113861 -0.4093880640401731 0
770 -0.1626976479340778 0.4447584617454995 0
771 -0.1330645428527563 0.4005190673641016 0
772 -0.1282616317584479 0.4557606056186021 0
773 -0.1655855269489225 -0.04334594480318294 0
774 -0.1482685772872757 -0.03243993064749896 0
775 -0.1735762728552144 -0.03056096042862226 0
776 0.02961475799795404 0.317319404413584 0
777 0.01460334887057565 0.3031030374829738 0
778 0.04190534268819958 0.2933704691522744 0
779 -0.117895632569413 0.136692535975419 0
780 -0.1189357233889998 0.1284362595387118 0
781 -0.1091058440133603 0.1350102191293515 0
782 -0.3506905471346776 0.1424011866647088 0
783 -0.3183839812033935 0.1586948306796828 0
784 -0.01620363404867671 -0.06273177423727067 0
785 -0.02332476533040815 -0.04806730860562065 0
786 -0.02736880354408831 -0.06177549923671087 0
787 0.2244855151041946 -0.1294653848444388 0
788 0.205916849711103 -0.1508261601935732 0
789 0.2286872892006448 -0.1486164763044201 0
790 -0.1678806342711929 0.01883301402277289 0
791 -0.1815216832894373 0.03045567379727084 0
792 0.212436928666581 0.2356162157002878 0
793 0.1874911336861017 0.2261539911965074 0
794 0.2116271597231155 0.2102421182087096 0
795 -0.1114712202673499 0.3753647226827421 0
796 -0.1477760894852284 0.1842424954874317 0
797 -0.1393130698810611 0.1712705376876311 0
798 -0.1328923724772118 0.187806514587477 0
799 0.06689388262955034 -0.01131931112199481 0
800 0.06070797927880973 -0.02160436074641905 0
801 0.06988161636887653 -0.01876767216293285 0
802 -0.8524219318973419 -0.2094447873230594 0
803 -0.8992517006889141 -0.1692082022027019 0
804 -0.1880880350814129 0.1363918958580152 0
805 -0.17361832395999 0.1248982924665838 0
806 -0.1729346615285021 0.145735176419325 0
807 0.1589881639751839 -0.3113920084559095 0
808 0.1815635302379681 -0.336767473861463 0
809 0.2044992645527863 -0.3123081570807257 0
810 0.2144583242502687 -0.3754128406623761 0
811 0.1689472236726663 -0.3744966920375599 0
812 0.1678210571248168 0.2377759980116393 0
813 0.4690879348995105 0.415716424210917 0
814 0.4428993039676604 0.3736002542652427 0
815 0.4956082459675737 0.3728667879541262 0
816 -0.2141533580393615 -0.02307234011101452 0
817 -0.1876747364582843 -0.01616418485225746 0
818 -0.2109348719807845 0.002230449621034249 0
819 0.1190121343948484 0.185809106850238 0
820 0.1354808138648208 0.1758065681659195 0
821 0.2263335952533247 0.08917964388410204 0
822 0.2276179061022551 0.06468247026592605 0
823 0.2465954978164835 0.07595046086922705 0
824 0.2735462955055719 0.3786519823995496 0
825 0.2662693237974046 0.3362578210790637 0
826 0.3032825281067202 0.3649525509559277 0
827 0.1107263012649684 -0.2290112989479846 0
828 0.1106324986497032 -0.1945070512940239 0
829 0.2308521031244269 -0.1832315086921768 0
830 -0.588820785458664 0.3099242670776101 0
831 -0.5880331118150921 0.3638896412775221 0
832 -0.6277306804482562 0.3494110625203201 0
833 -0.07562367216125988 0.2371319322845414 0
834 -0.07594219274946744 0.2232066603320372 0
835 -0.06185396794307527 0.2318268078322304 0
836 -0.1921741792709956 0.4586519482437796 0
837 -0.1969770903653039 0.4034104099892791 0
838 0.09120872545683725 -0.02691358616006713 0
839 0.08804212901454027 -0.01293119481086425 0
840 0.07923411616191411 -0.02246501388771148 0
841 0.271449048008036 -0.1138638545780324 0
842 0.3053728418737371 -0.1308305289690103 0
843 -0.07795770211264394 0.2880167898392363 0
844 -0.0597323649720835 0.3089856616848484 0
845 0.2640985210704844 0.4138831726591681 0
846 0.2270853167611688 0.385188442782304 0
847 -0.1721261762093746 0.2144575450464347 0
848 -0.1604654682030706 0.1975483102075032 0
849 -0.153016100087683 0.2176877072262091 0
850 -0.1703577867966374 -0.005258170696573488 0
851 0.269733294129279 0.147425379021456 0
852 0.2494290716414838 0.1482688289872042 0
853 0.2712841583775878 0.1319163273858969 0
854 -0.16688616560692 0.1810123333076573 0
855 0.07304821281117352 -0.03275006351213573 0
856 0.4450316017136865 0.4582249452610168 0
857 0.4977405437135997 0.4574914789499003 0
858 -0.1388556900639977 0.03391521615038025 0
859 -0.1361311721347754 0.04939799859122475 0
860 -0.2028879833077998 0.1519897300984786 0
861 -0.2035716457392878 0.1311528461457374 0
862 -0.02777841955819659 0.3324644132267265 0
863 -0.003372515958782996 0.3691654252438453 0
864 0.1505080774654278 0.1274192869179651 0
865 0.139544338756044 0.1321731608436369 0
866 0.1402615251120101 0.1165091172609298 0
867 -0.1430952311760658 0.1321800747063364 0
868 -0.129763215455638 0.1401100877195164 0
869 -0.1451329346866513 0.1421715860410735 0
870 0.1702495943777894 -0.04661541501204776 0
871 0.1527563420096799 -0.03720197243721206 0
872 0.1522724417309013 -0.05788273426146975 0
873 0.07818460025851029 -0.4578879304954512 0
874 0.02719128131419642 -0.4577144984521591 0
875 -0.115973206206028 0.06780631858657755 0
876 -0.1277730778134344 0.07138401899698324 0
877 -0.1489811077852641 0.1243621445425433 0
878 -0.1336113885542508 0.1223006462209861 0
879 -0.4033799145131177 0.4568882718297113 0
880 -0.4050229702517072 0.4105961181113755 0
881 -0.3700641083684166 0.4537078462816643 0
882 0.3493416353925071 -0.1830609574981382 0
883 0.3855753022837556 -0.1666785741796236 0
884 0.7116150899056971 -0.2739185358586815 0
885 0.7349770375646018 -0.3224643021367295 0
886 0.7634581832356335 -0.2725476679375553 0
887 0.1364487841075701 0.1418682555606186 0
888 0.1262022317541524 0.1309580859035833 0
889 -0.0795007988673033 0.2534560539669917 0
890 -0.09358902367369548 0.2448359064667985 0
891 -0.02544029763317199 -0.4577144984521591 0
892 -0.051826065323735 -0.4117371563908781 0
893 -0.07901734664055937 -0.454022657938719 0
894 0.7910366815008797 0.04802523940742737 0
895 0.7509653590034195 0.008500690854428472 0
896 0.0561554123362034 -0.06784500608304682 0
897 0.04260842436072058 -0.05791510011306954 0
898 0.0424426070471681 -0.07517767915995055 0
899 -0.1105510671570788 0.151396917698769 0
900 -0.1224186500433039 0.1548144694428664 0
901 -0.1199333360799985 0.1466840473101561 0
902 -0.1535518504487909 0.2581996784805788 0
903 -0.1445513715941718 0.2348074113188363 0
904 -0.1334264139489756 0.2584101477342745 0
905 -0.259126478414468 0.01698767636849599 0
906 -0.2292266154371103 0.01885776920656271 0
907 -0.2509396002897166 0.04052315121278151 0
908 0.06623412987064486 -0.218623315837071 0
909 0.06218300043787714 -0.253367606251835 0
910 0.08529725317940517 -0.2417523620477285 0
911 -0.1333704033305841 0.3105053245121484 0
912 -0.1183735851907195 0.2888707624569812 0
913 -0.7863800323303218 0.3066607596948045 0
914 -0.797160370776788 0.370458234627889 0
915 -0.823782566233328 0.3378222071914115 0
916 -0.1133067586597342 0.1183880293502807 0
917 -0.122096547215787 0.1200703461963482 0
918 0.2652868303543998 0.2062878632547708 0
919 0.2422255810483849 0.1917411116676266 0
920 0.2709394566991899 0.1783246322099075 0
921 -0.4344470363999993 0.1564552603976988 0
922 -0.4093045588938697 0.1342508274245326 0
923 -0.4032665805696806 0.1778170053007315 0
924 0.8696851089537143 0.02398032474449074 0
925 0.8677015247842548 -0.03550870043376958 0
926 -0.584641940491497 -0.09389347352898894 0
927 -0.5850168820823697 -0.1422112835413948 0
928 -0.5471474880697431 -0.1194396705875029 0
929 -0.1346796928055395 -0.09186007911653324 0
930 -0.1139420252381198 -0.08481774803359778 0
931 -0.1340242335777616 -0.07142418444174911 0
932 -0.06050058376049768 -0.08268312035782399 0
933 -0.05299720368071602 -0.1046722908281641 0
934 -0.1878914080899698 0.2300548135780344 0
935 -0.1953407762053574 0.2099154165593285 0
936 0.1066751718322006 -0.2637555893627486 0
937 0.1086492767035016 -0.3061739888495696 0
938 0.1340783247890648 -0.2934329257498257 0
939 -0.2866050729870627 0.3848271918807886 0
940 -0.2458751364626861 0.3853578953488002 0
941 -0.2671835582265983 0.4167731930195476 0
942 0.6898143947578419 -0.2356509612443658 0
943 0.6613332490868101 -0.2855675954435399 0
944 -0.519069430290834 -0.1342465495645555 0
945 -0.5186944886999613 -0.08592873955214961 0
946 -0.07563005281093345 0.4557606056186021 0
947 -0.03084468752131828 0.4556394388717036 0
948 -0.07687158504918329 -0.07486589632015815 0
949 -0.04552232806396791 0.2846291961811353 0
950 -0.0436595663886077 0.3135203882054565 0
951 0.1492440949419839 0.1613158215055426 0
952 0.1661605113997404 0.1513160085308311 0
953 0.1656137152322625 0.1695484995357015 0
954 -0.05542817404262812 -0.1271244379104796 0
955 -0.07480465148999546 -0.1156802330604319 0
956 0.0728817545158443 -0.1158919380699026 0
957 0.07461551196530616 -0.09496767572804188 0
958 0.05425583757318905 -0.1060318474717886 0
959 -0.4646712315164341 0.1850053166740299 0
960 -0.4707092098406233 0.141439138797831 0
961 -0.1698239793020397 0.2772138546336711 0
962 -0.1809489369472358 0.253611118218233 0
963 -0.1429988529276506 0.1589040588209197 0
964 -0.128115135919634 0.162468077920965 0
965 -0.8616930573923902 0.3035534576760092 0
966 -0.8724733958388564 0.3673509326090937 0
967 -0.1998134267457631 0.0470829933827993 0
968 -0.2027479938560331 0.02576592446531977 0
969 0.1986883676677793 0.1305300551447419 0
970 0.2001595832047888 0.1475224238984909 0
971 0.1810589161530095 0.142556317807241 0
972 0.02571171207915115 -0.08234263992337018 0
973 0.03925870005463398 -0.09227254589334746 0
974 -0.1728275618310212 -0.0599667450544954 0
975 -0.1475198662630825 -0.06184571527337211 0
976 0.2927945434352939 0.1619721306086001 0
977 0.02973394819922023 -0.1354317962474381 0
978 0.03752494260517211 -0.1131968082352082 0
979 0.01473681068066516 -0.1216724946689969 0
980 0.1570140591038829 -0.2689736089690884 0
981 -0.01506566749878775 -0.3806236871208872 0
982 0.1293093984098351 -0.004937733700310883 0
983 0.1426162872048084 0.003003470488169646 0
984 0.1304006650982819 0.01123590796996025 0
985 -0.06864271650617512 -0.3769318466074471 0
986 -0.09591655315890266 -0.1216930114255647 0
987 -0.09348558279699055 -0.09924086434324916 0
988 0.2403977185324837 0.4602098165209613 0
989 0.2868586972768867 0.4536733561382068 0
990 0.2937254401111375 0.1011230359557248 0
991 0.2684497839164681 0.1157602559537758 0
992 0.2705868431622226 0.085810414489352 0
993 0.0001929698955058852 0.3035585666902582 0
994 0.01248355458575143 0.2796096314289486 0
995 0.1987677051406045 -0.1942728383636034 0
996 0.189992303889072 -0.1636234245223424 0
997 -0.1847929599520693 -0.1967454107176143 0
998 -0.1891682407062472 -0.1612590552815852 0
999 -0.2314506249139361 0.05889657981691776 0
1000 -0.2613504878912938 0.05702648697885104 0
1001 -0.06156528700115571 0.2629232747226309 0
1002 -0.0795306385135913 0.270627248904888 0
1003 -0.268275245493503 -0.2108109779195728 0
1004 -0.2368784739157922 -0.2331435963774187 0
1005 0.2939025930652724 0.04089173912420142 0
1006 0.271871154011153 0.06131324087117601 0
1007 0.2699112477195333 0.03103178550407647 0
1008 -0.2705416328818311 0.1256196880787507 0
1009 -0.2534680976887836 0.1052748996282327 0
1010 -0.2463375230866597 0.1333360917719106 0
1011 0.1198950256163229 -0.3758135931137745 0
1012 0.1527898196286235 -0.4144589599146877 0
1013 -0.578129501643962 -0.04663144832754579 0
1014 -0.6159988956565885 -0.06940306128143767 0
1015 -0.04155871060936587 -0.05962459417129623 0
1016 -0.04653196202825927 -0.04307267414262915 0
1017 0.165406482218697 0.118659596194375 0
1018 0.1646892958627309 0.1343236397770821 0
1019 -0.1563308686480784 0.1509740458077397 0
1020 -0.3943689589435144 0.2136970051632803 0
1021 -0.2855356947428865 0.4581212447757681 0
1022 -0.2448057582185099 0.4586519482437796 0
1023 0.536122790863095 0.1380621421160751 0
1024 0.5718583755925433 0.1137674371802005 0
1025 0.5809642983701583 0.1587702583322117 0
1026 -0.1239528975918102 0.05021186103601236 0
1027 -0.1336777077412687 0.06030685049223107 0
1028 -0.6569333092560226 -0.08974929405715724 0
1029 -0.6504208704084876 -0.0424872688557141 0
1030 0.09395111187547922 -0.04196191862242633 0
1031 0.1027591247281054 -0.03242809954557912 0
1032 -0.5226568487282046 0.2436552986421861 0
1033 -0.5167781540700126 0.2902722929578475 0
1034 -0.5550019114836919 0.2777858515191507 0
1035 0.07710732952732349 0.4609444654220325 0
1036 0.1297389084745459 0.4609444654220325 0
1037 -0.456011493460632 0.4568882718297113 0
1038 -0.2425009270479473 -0.03257526756615133 0
1039 -0.219240791525447 -0.05096990203944304 0
1040 0.08864489751050476 -0.08600601250379339 0
1041 0.07001898056784951 -0.07614592190567933 0
1042 0.3942593361304841 0.3789932179389808 0
1043 0.2819791585434133 -0.216897774329608 0
1044 0.2474085025613954 -0.2320639663068458 0
1045 0.277802078663508 -0.2524759749056548 0
1046 0.3394902762241092 0.4536733561382068 0
1047 0.3634692463572423 0.4118983013992236 0
1048 0.3924000227664641 0.4582249452610168 0
1049 -0.05724252315732825 -0.1537291991945797 0
1050 -0.03543507534804882 -0.1427212569623119 0
1051 -0.1250382636769342 0.2013113138601482 0
1052 -0.1165735351834229 0.2184310179527754 0
1053 -0.1328906635878677 0.2178981764799048 0
1054 -0.5757027196282405 0.4074255378528824 0
1055 -0.5367928246386484 0.3679387424101724 0
1056 0.02965914799011288 0.3469190373436826 0
1057 0.02397386785099978 0.3890324898432445 0
1058 0.1846057482163276 0.1801642901329596 0
1059 -0.1399513523563996 0.07057015655219563 0
1060 -0.1500446100998594 0.08306606750679907 0
1061 -0.1559492400276937 0.0719888990020469 0
1062 0.5540470037877718 0.3076591737865835 0
1063 0.5140358667480792 0.3380145509075039 0
1064 0.1333963333206581 0.02148785312153186 0
1065 0.1200894445256847 0.01354664893305133 0
1066 -0.09921651612007075 0.2151779700586835 0
1067 -0.1070689160310043 0.2317648326784401 0
1068 0.1561292575864648 -0.01955241218494578 0
1069 0.1381521049395767 -0.03081973143436776 0
1070 -0.05125617818321991 0.222118693061861 0
1071 -0.05093765759501236 0.2360439650143652 0
1072 -0.2041635369432186 0.2490689897311267 0
1073 0.2063060071458953 -0.02120811974922017 0
1074 0.187393578918599 -0.01184560878042251 0
1075 0.1896459228838644 -0.03529716415658773 0
1076 -0.08308666648385685 -0.08612300864347774 0
1077 -0.104198568152764 -0.09213578700861051 0
1078 -0.116575244072767 0.1883393560603476 0
1079 0.1513527858119519 -0.07807536903617449 0
1080 0.1338595334438424 -0.06866192646133878 0
1081 0.8133443659096727 -0.3652871444136723 0
1082 0.8707385181105884 -0.3679798442977342 0
1083 0.8442142830954539 -0.3237861340996651 0
1084 -0.3381672736904009 0.4581212447757681 0
1085 0.1453818530801155 0.2476064556897064 0
1086 0.1238934416709779 0.2566395782166964 0
1087 0.2935076446451785 0.2247783907546422 0
1088 0.2647937689943736 0.2381948702123614 0
1089 0.0718744457572823 -0.1397427976668113 0
1090 0.09223412014939941 -0.1286786259230646 0
1091 -0.6589794164796369 0.3734575574562937 0
1092 -0.6597670901232088 0.3194921832563817 0
1093 0.2195011844574782 -0.2075270954022256 0
1094 0.215324104577573 -0.2431052959782725 0
1095 0.008798266497748019 -0.1007259948099384 0
1096 0.001007272091796142 -0.1229609828221682 0
1097 0.1798683772623682 -0.4565710294192366 0
1098 0.1308161792060248 -0.4578879304954512 0
1099 0.2000191932691893 0.1882321268921049 0
1100 0.2249649882496686 0.1976943513958853 0
1101 -0.1199465215916669 0.2714812215226329 0
1102 -0.09589321397879152 0.2785495690835971 0
1103 -0.1973114386324383 -0.06768433408256758 0
1104 -0.1792457779465984 -0.08618410455275674 0
1105 -0.1109460427370477 0.2480889543608903 0
1106 -0.1279824238249853 0.1122524160325551 0
1107 -0.1526492757061312 -0.008355480262280666 0
1108 -0.1667477393092011 0.006041295314084129 0
1109 -0.2877397417769602 0.007138000974597838 0
1110 -0.2660267569243538 -0.01452738103162097 0
1111 0.02804754457031185 -0.1596876830149572 0
1112 0.05083567649481879 -0.1512119965811685 0
1113 -0.1016282637359587 -0.3626300721126648 0
1114 -0.0648678659110114 -0.3315166028426739 0
1115 0.3479762315527007 -0.2211213240937259 0
1116 0.3137381384853323 -0.1992494163328292 0
1117 -0.1319650348836666 -0.3293974554843222 0
1118 -0.1357398854788304 -0.3748126992490953 0
1119 -0.1316489255877818 -0.454022657938719 0
1120 -0.1559383766822825 -0.4116733651982483 0
1121 -0.1821841879389419 -0.4576507072595293 0
1122 0.2306176145944587 0.1697311203510219 0
1123 -0.8082125744124826 -0.06591436174103341 0
1124 -0.8651463578325502 -0.07327243367710146 0
1125 -0.4392356814922203 -0.1203102838198193 0
1126 -0.4203237659219753 -0.1517971327425264 0
1127 -0.3988437246682081 -0.1160029808961158 0
1128 0.2079740011136765 0.05942334281296321 0
1129 0.2282359036768353 0.04619415979808821 0
1130 0.244191053051745 0.03360038175980738 0
1131 0.2662224921058645 0.01317888001283279 0
1132 0.2371943044675325 0.2522336764265879 0
1133 0.2130582784305187 0.2681455494143857 0
1134 0.6472015560550477 0.06590715886528348 0
1135 0.6537213226957028 0.1083934220272831 0
1136 0.6101801164589513 0.09198929023433741 0
1137 -0.2811274553452761 -0.4540150053823773 0
1138 -0.3337590342924985 -0.4540150053823773 0
1139 0.02178689142605014 0.4556394388717036 0
1140 -0.1177880855174423 -0.005778085689044499 0
1141 -0.1187308220970589 0.009434295748937329 0
1142 -0.1267152414713341 -0.001521410857130557 0
1143 0.3586698782336625 0.3128173814249697 0
1144 0.3755923418029197 0.2755413484517595 0
1145 -0.03290846006005658 0.2707096646925577 0
1146 -0.02453542596968222 0.2530558521589711 0
1147 -0.02107649539011774 0.2715101101681567 0
1148 0.070184797881402 -0.05888334285879833 0
1149 0.08322453935862961 -0.0518158319591726 0
1150 0.0693609711269835 -0.04351491613654009 0
1151 0.1404272833587795 0.1685082552327595 0
1152 0.1409740795262573 0.1502757642278891 0
1153 0.6326321641026338 -0.3266766982609786 0
1154 -0.1862751478299905 -0.3784407485699056 0
1155 0.1407044754530724 0.1052737593871125 0
1156 0.1397097180862208 0.09184622956564473 0
1157 0.1502305064545424 0.09832771351379024 0
1158 0.2324999562098825 -0.4565710294192366 0
1159 -0.2348157668861643 -0.4576507072595293 0
1160 0.1877661395852613 0.4602098165209613 0
1161 0.2245498519638615 0.1040560483869267 0
1162 0.205572260249633 0.09278805778362573 0
1163 -0.8532729839776994 -0.2648804838375831 0
1164 -0.8021057101230475 -0.2474927681998829 0
1165 0.1024436170702172 0.2647916863581652 0
1166 0.08314287947578625 0.2758305145487534 0
1167 0.08506365120736026 0.2531289805797611 0
1168 0.06687818233862179 0.2493842808043905 0
1169 0.08617891993305271 0.2383454526138024 0
1170 0.2760145342918729 -0.4473199376976314 0
1171 0.2453565957669573 -0.4038909671168679 0
1172 -0.1044573844462381 0.1211986945982856 0
1173 -0.1076182082730252 0.112832781255922 0
1174 -0.1723148069751604 0.06812877633570034 0
1175 0.866583088391039 -0.2893238747447746 0
1176 0.8091889361901233 -0.2866311748607127 0
1177 -0.1591489979126114 -0.1020724871317405 0
1178 -0.1390667895729697 -0.1154660507235891 0
1179 -0.2610730365606577 0.1819536128529909 0
1180 -0.2417764630935576 0.1679872000856785 0
1181 -0.239438441374508 0.1962599327162409 0
1182 -0.08758457040495679 -0.06776081898551951 0
1183 0.05696114180773681 0.3371864690129832 0
1184 0.334072617879962 0.3320474674956849 0
1185 0.3413495895881292 0.3744416288161708 0
1186 -0.5517049004358408 0.4557373194927664 0
1187 -0.4990733214883262 0.4557373194927664 0
1188 0.5503721226608221 0.4574914789499003 0
1189 -0.07095019391183129 0.2012815185402247 0
1190 -0.078040825212897 0.1958941520835926 0
1191 -0.06739168092932972 0.1920598505012842 0
1192 0.04427697571501062 -0.04707597926351784 0
1193 0.03056417042597531 -0.05440865234042157 0
1194 0.2155730282576505 0.1555902606576361 0
1195 0.1979435767428807 0.1676165233201353 0
1196 0.1127830380090359 -0.03647157110850218 0
1197 0.1100406515903939 -0.02142323864614298 0
1198 -0.01927599916223484 -0.1090654893206607 0
1199 -0.01258947217673893 -0.08922722391573529 0
1200 -0.7089094328770849 0.4571635922900325 0
1201 -0.6802756731219701 0.4088518106501485 0
1202 -0.6555767665597989 0.451688218360116 0
1203 0.08933513093149698 0.203165131510333 0
1204 0.1037700512408236 0.19567511860822 0
1205 -0.5081817298935095 0.3294356318001083 0
1206 -0.4758366671380221 0.2953050789231437 0
1207 -0.4564210746951677 0.2280815891773903 0
1208 -0.4926832481357916 0.2130654675775225 0
1209 0.1891620226050857 -0.05597792598084542 0
1210 0.1458391488862515 0.0760370517027972 0
1211 0.1573421739275992 0.06610471020916742 0
1212 0.1607387741290386 0.07496784219869268 0
1213 -0.01515180409401784 -0.1566167504638194 0
1214 -0.0133374549793177 -0.1300119891797193 0
1215 0.5542892849137591 -0.4561944785659678 0
1216 0.5016577059662446 -0.4561944785659678 0
1217 -0.4990505152591515 -0.4532184098532543 0
1218 -0.5516820942063739 -0.4532184098532543 0
1219 0.5653386089518881 0.07128117401820085 0
1220 -0.2090178427032565 0.1142731576133333 0
1221 -0.2238177909296435 0.1298709918537967 0
1222 0.1730262297894734 0.04832411137226836 0
1223 0.1912013295484086 0.0362738771922996 0
1224 0.1904168989293215 0.05298526652509413 0
1225 -0.6029451876122844 0.451688218360116 0
1226 0.6595228648007032 0.1526264584864259 0
1227 0.6965443043967996 0.126544327117372 0
1228 0.1116935969647588 -0.1177510010925152 0
1229 0.1315428212732246 -0.109764398547459 0
1230 0.1130906532164272 -0.09684116378109973 0
1231 0.6563196326385561 0.4530979245647954 0
1232 0.682989754143951 0.4088823485742996 0
1233 0.7108806478220604 0.4557844240095042 0
1234 -0.8571472916801911 -0.3190810160815692 0
1235 -0.8770826819338808 -0.3726165643091614 0
1236 0.1627078446466548 0.09032820014652129 0
1237 0.1637026020135063 0.1037557299679891 0
1238 0.7095353210848578 -0.4546239794924168 0
1239 0.6823261154245286 -0.4105929080787354 0
1240 0.6570013206545844 -0.4559689285863186 0
1241 -0.6573868695075915 -0.4571337047267651 0
1242 -0.6844806750052526 -0.4115219881821427 0
1243 -0.7113043318143266 -0.4543882834553777 0
1244 0.06000847133394591 -0.03981757441176146 0
1245 0.02036092126478949 0.4174235335999885 0
1246 0.05120560878873573 0.461784094728285 0
1247 0.2292048707071251 -0.03317929029045695 0
1248 0.2269525267418597 -0.009727734914291724 0
1249 -0.3325757339898974 -0.4135874705450792 0
1250 -0.3672377523307297 -0.4595724651627018 0
1251 -0.3381862020274423 -0.2321633711607576 0
1252 -0.368253720706937 -0.2041361841579052 0
1253 -0.3772550720210095 -0.2407675492411999 0
1254 0.8673027215148893 -0.4547404273058707 0
1255 0.8146711425673748 -0.4547404273058707 0
1256 0.1298524981205184 0.4194203181566256 0
1257 0.1580083264904137 0.458475852734593 0
1258 0.5797116582009443 -0.4121634071522864 0
1259 0.6059612494824288 -0.3707280418183694 0
1260 0.5558807926891178 -0.3709535917980186 0
1261 0.08449315037850005 -0.0001985671646557302 0
1262 0.09646775967342318 -0.004647139437011386 0
1263 0.07568135936606284 0.4227285601503175 0
1264 0.9529460114456063 0.3077416691869005 0
1265 0.9473778011706844 0.2511974842284881 0
1266 0.7089970300447337 -0.3665415645213447 0
1267 0.6564630296144602 -0.3678865136152464 0
1268 0.07018804212837391 -0.1639986844343304 0
1269 0.6043697417070699 -0.4559689285863186 0
1270 -0.5774900163445223 -0.4103521145800193 0
1271 -0.604755290560369 -0.4571337047267651 0
1272 0.4990126246048652 0.1220045832495698 0
1273 0.5081185473824802 0.167007404401581 0
1274 0.144885651079641 0.05784096612383258 0
1275 0.1597852763224282 0.05677175661972806 0
1276 -0.2404076620137219 0.3569450737417886 0
1277 -0.2209861472532575 0.3888910748805476 0
1278 -0.095160236733944 0.203479987727776 0
1279 -0.08565561758152532 0.2168138024534407 0
1280 0.5751128079299351 0.4105894035146957 0
1281 0.6036880536913336 0.4530979245647954 0
1282 -0.417158607500917 0.08366557520723852 0
1283 -0.4509270250866844 0.073935774795898 0
1284 -0.427600617863413 0.04471226748163665 0
1285 -0.2711141904104394 -0.04242494296004949 0
1286 -0.9542871944130522 0.1386250432012647 0
1287 -0.9071721782814883 0.166243881023984 0
1288 -0.9528849838684361 0.1942855044903106 0
1289 -0.8631378907798198 0.1901199053145089 0
1290 -0.859386097761867 0.2479645372856785 0
1291 0.3219739331789817 0.08576762102549595 0
1292 0.3198368739332272 0.1157174624899198 0
1293 0.1092160881611431 0.3484932827078446 0
1294 0.09022342082131181 0.3675236508477879 0
1295 0.07599819913972694 0.3477557338031385 0
1296 0.9552001578963225 0.08306884023027425 0
1297 0.9093780664896225 0.05398447775226142 0
1298 0.9541779085932999 0.02647119307630986 0
1299 -0.9474570978129173 -0.08356972849948338 0
1300 -0.9023041411995953 -0.05515421535510721 0
1301 -0.954847043386678 -0.0271400424099465 0
1302 0.2738958189767151 -0.2910922918964359 0
1303 0.3084664749587329 -0.275926099919198 0
1304 0.1878797292312337 0.4186856692555543 0
1305 -0.3936271998992337 -0.1801150960285852 0
1306 -0.4340191567232459 -0.1844223989522887 0
1307 -0.9074635134544855 -0.2810330352047458 0
1308 0.04945446158189126 -0.03821860925375885 0
1309 0.05314170326608128 -0.02745375662935449 0
1310 0.9544582863166582 -0.1401223131561665 0
1311 0.9088665149275921 -0.1662802010115397 0
1312 0.9544082286109339 -0.1928245545229645 0
1313 0.3797337372359453 -0.2437442402733182 0
1314 0.3441302403287705 -0.2599326991080092 0
1315 -0.1270321700181337 0.02649698985792865 0
1316 -0.1172343671061761 0.01969199468328621 0
1317 -0.1166085590733592 0.03249801396036359 0
1318 -0.7834243108228212 0.1235557346848972 0
1319 -0.8256082552910182 0.1058129815416451 0
1320 -0.7885267522910718 0.0710332479105544 0
1321 0.04632842358687527 0.2716609554960068 0
1322 0.03365460322546025 0.2633919316072036 0
1323 0.05308909325151433 0.2558987848815461 0
1324 -0.1708005797695014 0.1624676491991711 0
1325 0.5109826841579035 -0.3721023371029293 0
1326 0.4625893004752895 -0.3723458996648452 0
1327 0.4812378177250193 -0.4126325196938515 0
1328 0.3050468441809986 -0.4667260532177305 0
1329 0.3179034837380734 -0.4140459909153619 0
1330 0.3201640633759614 0.02520413848303322 0
1331 0.3221239696675811 0.05548559385013276 0
1332 -0.4756660768335199 -0.128420027097716 0
1333 -0.5041190762033017 -0.1619309581330694 0
1334 -0.1187328669967143 0.1671809483095779 0
1335 -0.9528849838684361 0.249841060045712 0
1336 -0.9080769273673954 0.2774932627033606 0
1337 -0.9551919434989593 0.3054299804360427 0
1338 -0.1501721231806868 0.01573570445706571 0
1339 0.9529460114456063 0.3632972247426102 0
1340 -0.1617915588660666 0.3039397251133091 0
1341 -0.1891886453645114 0.2993511648509632 0
1342 -0.864540101324436 0.134459444025463 0
1343 0.1397212871972977 0.04303346915563909 0
1344 0.1379106874066903 0.02836801896766287 0
1345 0.1455181536838626 0.03384256234641701 0
1346 -0.1343455468065914 0.1066492961379244 0
1347 -0.1228307054681276 0.1044189961132865 0
1348 -0.2527853274925544 -0.4116657126419066 0
1349 0.7656353371516855 0.3624847758912479 0
1350 0.8165801254395421 0.3632137615591102 0
1351 0.788495557615312 0.4122978336868706 0
1352 -0.4184269350642085 -0.2517005829472222 0
1353 -0.3883594163847138 -0.2797277699500746 0
1354 -0.2256590076410242 -0.07718726153770439 0
1355 -0.530907005549471 0.2005790261388257 0
1356 -0.3007168591854026 -0.2205947834371943 0
1357 -0.3097182104994751 -0.257226148520489 0
1358 0.1106862882061968 -0.1416018606894239 0
1359 -0.954847043386678 0.02841551314560906 0
1360 -0.9091342377997302 0.05592944523468391 0
1361 -0.9542871944130522 0.08306948764586328 0
1362 0.9473778011706844 0.1956419286727784 0
1363 0.9025779590670069 0.1675996577930203 0
1364 0.9552001578963225 0.1386243957859839 0
1365 -0.1122148828932202 -0.01416476539375561 0
1366 -0.104230463518945 -0.003209058787687722 0
1367 0.10992778272785 0.1875474640783821 0
1368 0.1131799772881371 0.1738031810495701 0
1369 0.03741020764714599 -0.03471216148111088 0
1370 -0.9517946028759968 -0.1967495848132508 0
1371 -0.9474570978129173 -0.139125284055193 0
1372 -0.4958513377066579 0.3729715283754687 0
1373 0.7329782730277475 0.1000662043492974 0
1374 0.738779815132748 0.1442992408084402 0
1375 0.9541779085932999 -0.02908436247924569 0
1376 0.9086361949099581 -0.05809556452322235 0
1377 0.9544582863166582 -0.08456675760076508 0
1378 -0.2861229930212955 0.1992131029205333 0
1379 -0.2884610147403451 0.170940370289971 0
1380 -0.1394814980968146 0.02110919687330287 0
1381 -0.240891326122691 0.1502157803043147 0
1382 0.8726661843971906 0.3753661899756863 0
1383 -0.6841814870719743 -0.01654645272636258 0
1384 -0.6432470734725403 0.003799780049357005 0
1385 0.7873643583898047 -0.4093644067982876 0
1386 0.7621669000323722 -0.4546239794924168 0
1387 -0.1035431089249861 -0.07169989233382637 0
1388 0.2063228309344433 0.02158923398603521 0
1389 0.1889321617945952 0.01692807883320945 0
1390 -0.1267821986956628 -0.05480338419043664 0
1391 0.1201403502547696 -0.04797286184728618 0
1392 0.107432121324137 -0.0603770899466774 0
1393 0.1220709604321592 -0.06087351978602526 0
1394 -0.9517946028759968 -0.2523051403689605 0
1395 0.9544082286109339 -0.248380110078366 0
1396 -0.539820902202482 0.1568320060626364 0
1397 -0.569794502794895 0.1874218371273 0
1398 0.1706756182357093 0.01829516570029491 0
1399 0.185797119621744 0.003610522494030516 0
1400 -0.05957450023375543 -0.02711621622274236 0
1401 -0.04953333184645049 -0.03135816066700624 0
1402 -0.05053384284950713 -0.01944006220955116 0
1403 -0.9551919434989593 0.3609855359914442 0
1404 -0.2792558353755147 0.06810577715489377 0
1405 -0.2597668599997343 0.08647920575903002 0
1406 -0.4752035267181797 -0.1952982459156404 0
1407 -0.4485069606954379 -0.2236162092016992 0
1408 -0.2933340247427557 0.1414353406121404 0
1409 -0.3004645993448796 0.1133741484684625 0
1410 0.4582513781570939 -0.330153821732234 0
1411 0.4285065117242097 -0.3706840043231562 0
1412 -0.594699480116856 0.2633072727619487 0
1413 0.37228785858264 -0.06775975029109919 0
1414 0.3654866987352658 -0.1034413808892409 0
1415 0.3943720359550099 -0.0927426525020706 0
1416 -0.140226761623633 0.08967097087749831 0
1417 -0.1562246492949271 0.09108971332734957 0
1418 -0.2156239379966803 0.2039031025199283 0
1419 -0.1998587061160851 0.1883058339883286 0
1420 0.06133983271425366 0.2858773224266169 0
1421 0.09430641278940077 -0.3395327346368057 0
1422 -0.4897677405495726 0.06101556112048777 0
1423 -0.4793257301870767 0.09996886884608966 0
1424 -0.1140040440913152 0.1761421409057251 0
1425 -0.1061499352910376 0.1896469401783963 0
1426 0.1897989013547413 0.07147357699293197 0
1427 -0.01568817693490522 0.2846145416689881 0
1428 -0.013568382650081 0.3081079477230134 0
1429 -0.1195766328201218 -0.1307183615148617 0
1430 -0.1008957015131267 -0.1471577302320444 0
1431 0.165861698584866 0.2613585463661527 0
1432 -0.1836328747140285 -0.1097900761598126 0
1433 -0.1907644888895976 0.06588722378395727 0
1434 -0.2119907994561934 0.0611974744520062 0
1435 0.1587591071509079 0.02539491709895731 0
1436 0.1605697069415152 0.04006036728693353 0
1437 0.537232275439388 -0.3306669717690122 0
1438 0.1211513045132098 -0.08106615456073001 0
1439 -0.7615410118245992 0.4571635922900325 0
1440 0.7635122267692829 0.4557844240095042 0
1441 0.1505892342672161 -0.09974689753368667 0
1442 0.169002142554275 -0.08896770533381762 0
1443 0.01661682733979866 -0.06862893846843718 0
1444 0.01343292034726454 -0.08572380520183409 0
1445 -0.763935910761549 -0.4543882834553777 0
1446 -0.8161506134609473 -0.4549997805847955 0
1447 0.1069005787533155 0.1040992664340417 0
1448 0.1062849957830855 0.1119209896859708 0
1449 0.1121170838877895 0.1173248182171497 0
1450 0.104600922164244 0.121047275035037 0
1451 0.07744177514011109 0.2245670842608539 0
1452 -0.4814006044241025 0.4126255913224776 0
1453 -0.8687821924081698 -0.4549997805847955 0
1454 0.1085552573063859 -0.007042531650870094 0
1455 0.1185791705873165 -0.01108600321379316 0
1456 -0.4509598612741575 -0.4597680883474538 0
1457 -0.4763261660055332 -0.412986498200708 0
1458 -0.4527895096789637 0.3741224807124135 0
1459 -0.7191139027254287 0.01240947796345766 0
1460 -0.7262876996613761 -0.03387757094161344 0
1461 0.1545327982896099 -0.004096280910492755 0
1462 0.1556240649780566 0.01207736075977838 0
1463 -0.1834899584873436 0.1757734639192426 0
1464 0.2654151187583113 0.2707242039264592 0
1465 -0.3983282823269351 -0.4597680883474538 0
1466 -0.5095499253035116 0.1285189251224208 0
1467 -0.5484374225489355 0.1153617361108951 0
1468 -0.6022068301336043 0.2172953264979001 0
1469 -0.6111207267866153 0.1735483064217109 0
1470 -0.2967432370214702 -0.1857482005598414 0
1471 -0.2192567309365414 0.1645221001675646 0
1472 0.5572225623697734 -0.1254323709226832 0
1473 0.5501107682686894 -0.1655102837094416 0
1474 0.5868202658045575 -0.1515602847237704 0
1475 -0.08401834962529686 0.03388823930717233 0
1476 -0.07892283896589879 0.02792216286246426 0
1477 -0.1082337912432607 0.1050110580039586 0
1478 0.004117492075975126 -0.006980042384243757 0
1479 0.01193921532801457 -0.006364459414027589 0
1480 -0.04487127883793718 0.002912810094716862 0
1481 -0.03762260356973159 -8.968951064021327e-05 0
1482 -0.3051709263521388 0.08547883122042972 0
1483 -0.3067545542436985 0.05602611244025074 0
1484 0.3402239806419776 -0.2985490160987904 0
1485 -0.08904817639914364 0.1595501219376861 0
1486 -0.09314765288983137 0.1528603843100187 0
1487 -0.1026257932312376 0.1288278210650501 0
1488 0.3482354034896707 0.07008002038432776 0
1489 -0.7362009563968106 -0.07985062960197084 0
1490 -0.7437425343898367 -0.1271607023953136 0
1491 -0.6988968620009479 -0.1101435744247764 0
1492 -0.1383486031348228 0.008317478164614112 0
1493 -0.1374058665552063 -0.006894903273367718 0
1494 0.1778838204108093 0.110660082827106 0
1495 -0.03554520619523097 -0.007733408204135341 0
1496 -0.02882430206332138 -0.00274937032290416 0
1497 -0.4596113050591423 -0.2625764299105739 0
1498 -0.08055008300865367 0.02017531522016111 0
1499 -0.07233792216159306 0.02154247423922553 0
1500 -0.1187549227149891 0.04184417619722151 0
1501 -0.1163014583214825 0.05275302809822784 0
1502 0.6220283585413823 -0.1767015434410374 0
1503 0.6291401526424663 -0.136623630654279 0
1504 -0.8696425427926867 0.08193695725112024 0
1505 0.4234786193033518 -0.1131484027759283 0
1506 0.430279779150726 -0.07746677217778661 0
1507 -0.2037731202786665 0.1697611498798425 0
1508 0.01739073783022393 -0.01236057858539722 0
1509 0.0210949690058922 -0.004764953230937299 0
1510 0.1846703423818289 -0.2527505583744122 0
1511 0.2125776604857461 -0.2772874292790324 0
1512 -0.3398103294289905 0.4118290910574324 0
1513 0.1297407367436885 0.1100276333127843 0
1514 0.9508042176481848 -0.3021283058810605 0
1515 0.9508042176481848 -0.357683861436462 0
1516 -0.9556689105784886 -0.3065056726129466 0
1517 0.31994581551477 0.1459966720607043 0
1518 0.3211519780846809 0.1768959252491558 0
1519 -0.7538465490183321 -0.1747553594517392 0
1520 -0.7580264293775354 -0.2201790055100044 0
1521 -0.7106183203531773 -0.2028772932763844 0
1522 0.7608401233746701 -0.3651706966002185 0
1523 0.5278984741063253 0.05188999619247255 0
1524 0.494756085656513 0.06679933717730913 0
1525 0.4956376916773583 0.02563001240571775 0
1526 0.1307947926938431 -0.01931844069558376 0
1527 0.4532643222836304 -0.4564380411278838 0
1528 0.4006327433361161 -0.4564380411278838 0
1529 0.8679819025076131 -0.09099109555528898 0
1530 -0.8646498733923826 0.450809841062248 0
1531 -0.8120182944448682 0.450809841062248 0
1532 -0.5186068801754937 -0.2011247683824799 0
1533 -0.08112026357058144 -0.1638425214409218 0
1534 -0.06112716487600214 -0.1794393404927541 0
1535 0.1491921780155477 -0.1206567348451022 0
1536 0.5402244976799292 0.3801307208531782 0
1537 0.5935404287104407 0.3757371664680733 0
1538 -0.7711333720502649 -0.05089469891215061 0
1539 0.2481455614286728 0.1166037059195241 0
1540 0.8144570150571394 0.4565134096773664 0
1541 0.8670885940043618 0.4565134096773664 0
1542 -0.0718859133633407 0.2115086780011297 0
1543 -0.6360257041085764 0.2494337420563595 0
1544 -0.4408964894754523 -0.02387590239577224 0
1545 -0.4464363654635574 -0.06052366419059231 0
1546 -0.4122157642503478 -0.0478683701785885 0
1547 0.6633052534928146 0.1967434065672921 0
1548 0.7038682365090492 0.2167728416871025 0
1549 0.6648276435000636 0.2427388846778798 0
1550 0.7813184209533734 0.1640062273990742 0
1551 0.7448844523224256 0.1904843501671487 0
1552 0.07267745125672186 0.1785670665837304 0
1553 0.0667113748120487 0.1836625772431537 0
1554 -0.9556689105784886 -0.3620612281686563 0
1555 -0.03727465185346637 0.2006723945580964 0
1556 -0.04452332712172868 0.1976698949527677 0
1557 -0.06123676907977342 0.2076743764188212 0
1558 0.7130363879544495 0.02562676884607464 0
1559 0.7129427846769384 -0.01134920022366718 0
1560 -0.6644748872490488 -0.1370593668505 0
1561 0.4721332296597535 -0.291956563936931 0
1562 0.5159828379409633 -0.295807237915591 0
1563 0.495781900692543 -0.2559480847785991 0
1564 -0.09433143324926158 -0.2827170036831502 0
1565 -0.06818201034546807 -0.299206930102015 0
1566 -0.06466003045393473 -0.2647091054372736 0
1567 -0.3999384773947861 -0.3216195374584478 0
1568 -0.3587666143515871 -0.3106865037524255 0
1569 0.005284442082399448 -0.1708540852500206 0
1570 0.02638617037799802 -0.186634285583751 0
1571 -0.1026302032773031 0.1517941071060641 0
1572 -0.09858320280630176 0.1443327727700133 0
1573 0.6828782879598838 0.04404408421310409 0
1574 0.7209008622863649 0.06389397529119974 0
1575 0.1219726699394039 0.2793411121856887 0
1576 0.4182755172287581 -0.1876116495897222 0
1577 0.4202710910526383 -0.1493573585103109 0
1578 0.7087879689550232 -0.09781603540709283 0
1579 0.7490328624693379 -0.07488320729182617 0
1580 0.7106268622115939 -0.05140810633058001 0
1581 -0.3123004026016345 0.02639765128739767 0
1582 -0.3192006811115203 -0.00511740611271929 0
1583 -0.1527350693930559 0.3326426347294406 0
1584 0.4404366613072442 0.1710959770066655 0
1585 0.4735367025868933 0.1903387283277052 0
1586 0.4429649827698872 0.210484859799295 0
1587 -0.7840856220595251 0.4079734333522805 0
1588 0.9052124462591187 -0.2727306381810323 0
1589 -0.1076566285395208 0.05073837688324508 0
1590 -0.1128546034163418 0.05910606172203592 0
1591 0.8675203577083503 -0.1414552229592175 0
1592 0.867470300002626 -0.1941574643260155 0
1593 0.3221799092197321 0.2088936043746941 0
1594 0.3216868478597059 0.2408006113322846 0
1595 0.6204822717917178 0.1785925014772033 0
1596 -0.6280589433723749 0.08887763952085966 0
1597 -0.6690106516498864 0.07308526917440213 0
1598 -0.6360559818585154 0.04553296652516605 0
1599 -0.04038137811365965 -0.2515705375242265 0
1600 -0.06653080101745315 -0.2350806111053617 0
1601 -0.007315142844530859 0.2669607291354014 0
1602 -0.1440459379271937 -0.1409307695300689 0
1603 0.4561788342483544 -0.1340814781860269 0
1604 0.3576784231285131 -0.4667260532177305 0
1605 0.6633735534138955 0.3736387148215895 0
1606 0.7179345685973999 0.3763252142662983 0
1607 0.01255349023674374 0.2066429064657984 0
1608 0.004731766984747753 0.2072584894360719 0
1609 0.1691370353597131 -0.01047852191333705 0
1610 0.6276838360956056 0.3581577205692286 0
1611 0.5927955258455997 0.327699037907711 0
1612 0.7464068423296746 0.2364798282777364 0
1613 0.1059512632023015 0.0402957642414028 0
1614 0.1099560535561207 0.04820032186975597 0
1615 0.1007951916169995 0.04851777087923911 0
1616 0.003362992132958541 -0.02194851687612887 0
1617 0.009322329992947905 -0.02929467087731278 0
1618 0.01419432201233566 -0.02130623876967142 0
1619 -0.2220406352187816 0.2660813543856181 0
1620 -0.2289831063615156 0.2425250497454196 0
1621 -0.6746123626976185 -0.2264454560746761 0
1622 -0.6704324823384153 -0.1810218100164108 0
1623 -0.5256974177560756 0.04861863494226728 0
1624 -0.4972987126556833 0.02258554089207562 0
1625 -0.3545583299056665 -0.1715109179481429 0
1626 0.0345670925110641 -0.01830793193682941 0
1627 0.04313952040217399 -0.01549826419716609 0
1628 0.03511891939921145 -0.007951404662643619 0
1629 -0.7123120827969227 0.3789329313862102 0
1630 -0.6573813978644889 -0.3742179763015837 0
1631 0.08012350948978092 0.01997535200221358 0
1632 0.08337842195650713 0.01089498874125044 0
1633 0.08966386857065675 0.01716585147016029 0
1634 -0.7116752489794509 0.0592582986162575 0
1635 -0.7537814615688526 0.04192718040100663 0
1636 0.2315501108435559 0.1179718978616974 0
1637 0.2107887758398642 0.1215803117612211 0
1638 0.1272107984490942 0.164766510888266 0
1639 0.4139100192116741 -0.2673265130437703 0
1640 0.4177560104356043 -0.228515138029487 0
1641 0.6393370817231323 0.02763995242015838 0
1642 0.8145560766760809 0.1797795407723598 0
1643 0.8682223487752396 0.1869924677333759 0
1644 -0.6522733336445353 0.1599258689812034 0
1645 -0.6198610063058259 0.1300523796106033 0
1646 -0.558767161371674 -0.2128940803686475 0
1647 -0.5298516118865519 -0.2462613681512186 0
1648 0.70222224047801 -0.1928833955155266 0
1649 0.743645102394748 -0.1726465190139232 0
1650 0.7057711072960291 -0.1415280128699424 0
1651 0.7495552657461069 0.2880845117805889 0
1652 -0.2527976097393434 0.2348818799417321 0
1653 -0.2349205114637804 0.2178695152872407 0
1654 -0.3857595598204162 -0.06644760397929461 0
1655 -0.3802196838323111 -0.02979984218447455 0
1656 -0.6704318503066569 0.2824799928821675 0
1657 -0.6779392003234053 0.236468046618119 0
1658 0.5601330347925306 -0.08832419637630304 0
1659 0.5955549067558792 -0.07069789439293123 0
1660 0.5617558816427684 -0.04753971883222222 0
1661 -0.7387060482366283 0.1351692652297046 0
1662 0.1877100145306584 -0.1006031811718149 0
1663 0.1884735660753942 -0.07893165267430269 0
1664 0.962910035146459 0.4626203507545245 0
1665 0.962910035146459 0.4070647951988148 0
1666 0.2078698945814692 -0.06761340181884265 0
1667 0.5629789168666437 -0.009596372713984624 0
1668 0.6004190517122066 0.009794805111743684 0
1669 0.5662202149727333 0.03011184924660947 0
1670 0.101302080204744 -0.08905275710578621 0
1671 0.09670554880728735 -0.07023100328342366 0
1672 -0.5869063365144549 0.1025000769613672 0
1673 -0.5566353596154845 0.0741869960211515 0
1674 0.6661647798735314 0.2864439559032782 0
1675 0.6256017968572969 0.2664145207834678 0
1676 0.1877009416729382 0.2791297055831899 0
1677 0.165261737628237 0.2889601632612571 0
1678 -0.2355627502045629 0.09419560945218994 0
1679 0.9102784561992366 0.4626203507545245 0
1680 -0.1215684449293299 0.09500585781984061 0
1681 -0.1316202754391495 0.09023160063780183 0
1682 0.586853274799469 0.2463746566623403 0
1683 0.5881904111729368 0.2900797278877387 0
1684 -0.4541860355797526 -0.09262587525130535 0
1685 0.5106468688451232 0.2063962871942105 0
1686 -0.7036782104933104 0.1026029716119511 0
1687 -0.1689708946428147 -0.2154043987019484 0
1688 -0.1757540291703029 -0.2462662662771138 0
1689 -0.1432168436389686 -0.2410410330211505 0
1690 0.6673651070382851 -0.1180529119086963 0
1691 0.6321570143014603 -0.09291165319142936 0
1692 0.4066561778634528 0.1599490244306458 0
1693 0.4372278976804589 0.139802892959056 0
1694 0.5473353013779095 0.2265524135173487 0
1695 0.5847466870622696 0.2028872064130779 0
1696 -0.9629752478546207 0.4060822269163523 0
1697 -0.9629752478546207 0.4616377824717538 0
1698 -0.5579269736740875 -0.3713331997842702 0
1699 -0.6110001700280825 -0.3752484946577809 0
1700 -0.5169331341547641 -0.3605172814464077 0
1701 -0.5504432878383243 -0.3254136615241693 0
1702 0.2351530267485303 -0.302662894684586 0
1703 0.2658174230437553 -0.3261130196981292 0
1704 -0.3174095344931722 -0.2945891573676486 0
1705 -0.2799401916511325 -0.2830205696440853 0
1706 0.9628358749501635 -0.4062531867696249 0
1707 0.9628358749501635 -0.4618087423250263 0
1708 -0.3838096560438138 0.07900202965203995 0
1709 -0.4071360632670852 0.1082255369663013 0
1710 0.452451799204487 -0.2111939223601743 0
1711 -0.3382154935782586 0.04377070535293362 0
1712 -0.3852392910785184 0.2516207375033727 0
1713 -0.4192793902108142 0.2379451706139901 0
1714 -0.9103436689071064 0.4616377824717538 0
1715 -0.5041727402754241 -0.01317129084696046 0
1716 -0.5400004681705284 -0.03046662293062098 0
1717 -0.5109448185837662 -0.05382652849143656 0
1718 0.4944726629921413 -0.04601061434215646 0
1719 0.5275570449032951 -0.02722267469735644 0
1720 0.4956956982160167 -0.008067268223918865 0
1721 -0.3279633182130633 0.1012944837538195 0
1722 -0.4682430630689211 -0.0007743646687399658 0
1723 0.1219924222956909 0.1034954041535252 0
1724 0.1215494719546286 0.1147307620273425 0
1725 0.3742103360512244 -0.03879042787343837 0
1726 0.4024066506473929 -0.02470126403958014 0
1727 0.3754437908962333 -0.006430670009089631 0
1728 -0.62846892959349 -0.1606275296487916 0
1729 -0.5909744771717362 -0.1861737267073056 0
1730 -0.29873551699655 -0.05388346840296039 0
1731 -0.2752096871201435 -0.07193135493749075 0
1732 0.9102042960026491 -0.4618087423250263 0
1733 0.1742108696880025 0.08039585865289149 0
1734 0.490412355049193 0.09442734289379144 0
1735 0.458151572620226 0.06816735910703664 0
1736 -0.4340224618557115 0.01188092934326384 0
1737 -0.4002540442699442 0.02161072975460438 0
1738 0.6626286505490545 0.3256005862612272 0
1739 -0.2442487770019783 -0.2694263733870177 0
1740 -0.208878383260335 -0.2569124089675107 0
1741 0.633779861151698 -0.05212717564734854 0
1742 -0.2161029247468201 0.09649650408727838 0
1743 -0.1958567795564644 0.09777835837921908 0
1744 0.1059928825488997 0.08752772297491937 0
1745 0.1066084655191355 0.09534944622688438 0
1746 -0.106971530704463 0.09559791971051268 0
1747 -0.1063559477342327 0.08777619645858213 0
1748 -0.564166331721595 0.03575697579273935 0
1749 0.3481943085826141 0.1306412571304755 0
1750 -0.3687967711069202 0.03429215604652887 0
1751 -0.3752186150992187 0.001460817908156054 0
1752 0.74601913642163 0.3272411421385378 0
1753 0.07929430595227313 0.3943375163935734 0
1754 0.1125121949736893 0.3950750652982795 0
1755 0.2579729023322591 -0.366161748940771 0
1756 0.2967156945604439 -0.354591146152621 0
1757 0.4609988394019654 -0.06236386516018162 0
1758 0.4318922560536234 -0.04195811488632388 0
1759 -0.1330251681363507 -0.03097935365858602 0
1760 -0.1226827653846572 -0.04124800458640795 0
1761 -0.1154301021400241 -0.02700244322293432 0
1762 0.376012772735336 0.02372824351686658 0
1763 0.3478164581391675 0.00963907968300835 0
1764 -0.04898125864353238 0.2661749381719497 0
1765 0.08884605035031588 0.04091734401078956 0
1766 0.09294552684100592 0.04760708163846052 0
1767 -0.09290086644072898 0.04787598108315526 0
1768 -0.08880138995008231 0.04118624345551581 0
1769 -0.4995703895046864 -0.2745448996756789 0
1770 -0.4694903638734569 -0.3026292734212018 0
1771 0.3195950815368588 -0.004954775042922991 0
1772 -0.05245925946922661 -0.01013592257857934 0
1773 -0.04241809108192168 -0.01437786702284321 0
1774 0.4079247739950618 0.2291132939438814 0
1775 0.4928601860892439 -0.08151927163361919 0
1776 -0.9639295743585046 -0.4626617398794468 0
1777 -0.9639295743585046 -0.4071061843237371 0
1778 -0.3632509227489842 0.06392061719938194 0
1779 -0.01257301415341462 -0.006053366827608225 0
1780 -0.004751290901417352 -0.006668949797880438 0
1781 0.1198653983357871 0.1238570473764087 0
1782 0.05230934208147162 0.007131344791705923 0
1783 0.05899907970915771 0.01123082128238241 0
1784 -0.05935784362878668 0.01121189106154224 0
1785 -0.05266810600116238 0.007112414570856995 0
1786 -0.09697287798718046 0.02612401131456049 0
1787 -0.09927745308808195 0.01747633829882119 0
1788 -0.08943957491386087 0.01790733082766054 0
1789 0.00497712373746182 -0.03885268823480107 0
1790 0.01580845361683894 -0.03821041012834361 0
1791 -0.3289885955032444 -0.3364809248760218 0
1792 -0.3347213456566627 -0.3803041410127767 0
1793 -0.2933642657982478 -0.3642067946279998 0
1794 0.06720841338517923 0.1915976328997659 0
1795 0.05927556380262555 0.1888367550939271 0
1796 0.3217177682451564 -0.03368312146286562 0
1797 0.2940653734819504 -0.01811806266284076 0
1798 -0.6022192088827943 -0.2313103264760444 0
1799 -0.4020273994141795 0.3106089488801386 0
1800 -0.43057265972203 0.3399087062857996 0
1801 -0.4386949826536686 0.3051686603597435 0
1802 -0.9112979954112821 -0.4626617398794468 0
1803 0.4331257108986323 -0.009598357021975146 0
1804 0.104496521905628 0.07892468548852564 0
1805 0.1117205703949992 0.08209585496737501 0
1806 -0.6873011713878533 0.1924921625989569 0
1807 -0.6960414509070638 0.1489962357878492 0
1808 0.02335007569021329 -0.01970673258658113 0
1809 0.3801120269622488 0.2080789667152959 0
1810 0.3781718594670724 0.245950152180922 0
1811 -0.1047803432318005 -0.1728678715302188 0
1812 -0.01681317828633167 -0.1835633530326132 0
1813 -0.04895141899724438 0.2490037432340533 0
1814 -0.8725363034063109 -0.01684274758756456 0
1815 0.2730197252466687 -0.03427265726915595 0
1816 0.2708970385383711 -0.005544310849213313 0
1817 -0.6022953651950287 0.01959215039581453 0
1818 -0.0002966182416044719 -0.0870122933550054 0
1819 -0.348762410669287 -0.01711841589255006 0
1820 -0.3242017498446127 -0.03637806620534989 0
1821 -0.5397306707008666 -0.2863142116618466 0
1822 0.05015396952675509 -0.02000539558841645 0
1823 0.08365532777069103 0.03373384475090831 0
1824 0.0915996786835554 0.03342971399100468 0
1825 0.07495279129762422 0.002610933367397568 0
1826 -0.1003866943352093 0.1688857218349216 0
1827 -0.108307558214985 0.1684885324276265 0
1828 -0.1051155172406085 0.1599245292387744 0
1829 0.335632589783642 -0.3387958277556631 0
1830 0.3712963551536795 -0.3228024269444743 0
1831 0.3756419078399726 0.05460036660713095 0
1832 0.3754918713513732 0.08488239378249414 0
1833 -0.3282972465543168 -0.06588447818279117 0
1834 -0.2224016870577707 0.07770081021807573 0
1835 -0.09665521302665389 0.05584618026663844 0
1836 -0.1004554270484552 0.04912121132356998 0
1837 0.2728610133358414 -0.05842117837090342 0
1838 0.2496926783922621 -0.04584742655727597 0
1839 -0.183124332256489 -0.2825490432867128 0
1840 0.04454519863203002 0.002878805329036431 0
1841 0.05145549073976292 -0.0008891974603108142 0
1842 0.651940399659123 -0.2045324551003851 0
1843 -0.3176573642680651 0.3830103244623815 0
1844 -0.2963489425041529 0.351595026791634 0
1845 0.07855981711125198 0.02776776830619367 0
1846 0.2290461587962977 -0.05732781139220442 0
1847 -0.4472914068301717 0.2660053215174827 0
1848 0.07871979857711055 0.2975400282050211 0
1849 0.5234235372566625 -0.1022741953619742 0
1850 0.1026649306906268 0.07129555902175982 0
1851 0.03729652336377135 -0.0001236942762922436 0
1852 0.1236129730307741 0.0387686205044023 0
1853 0.128356735388769 0.04794273182748031 0
1854 0.1198558874994176 0.04915242655499766 0
1855 0.06924882773904166 -0.1912379774908261 0
1856 0.09028759700150515 -0.1797687785764689 0
1857 0.09695031719482514 0.0555116392668137 0
1858 0.3493311812992082 0.1929181458267983 0
1859 0.06652884853241792 0.008533915637831206 0
1860 0.0663082940523711 0.01640139491785494 0
1861 -0.2519401009956753 -0.3067893822341773 0
1862 0.4380504409086737 -0.290294668595242 0
1863 -0.02119517559660566 -0.004580961537927431 0
1864 -0.01812474324562971 -0.01186549430608008 0
1865 0.7858269885312187 -0.2380854085826647 0
1866 -0.0996577126319747 0.06309485553486223 0
1867 0.09975904369124888 0.1370573987342819 0
1868 0.09675654408592713 0.1443060740025104 0
1869 -0.1015857024116508 0.1370840975017573 0
1870 0.6726978911626238 -0.03428202833893384 0
1871 -0.0519743269489977 0.2018431772222491 0
1872 -0.05285004980099499 0.1932739346884348 0
1873 0.2725880539518852 -0.08523397792990128 0
1874 0.2959151008062918 -0.07365920864178126 0
1875 0.07227437049710236 0.02149690557728383 0
1876 0.7831101891800567 -0.1966671939666003 0
1877 0.7866590559980757 -0.1453118113210161 0
1878 0.03137067669317583 -0.0272535921211036 0
1879 0.2283577022666062 -0.08028153808566169 0
1880 0.4867421854157731 -0.1548364019143819 0
1881 0.4899497136664867 -0.1186274461799993 0
1882 0.0999528168001724 0.06276031453506532 0
1883 0.3206028167522534 0.3033283035647266 0
1884 -0.5713574233356199 -0.005976210683069696 0
1885 0.1146998159141156 0.05737443319283397 0
1886 -0.8702023917663124 0.02728298275086601 0
1887 0.4032692405970384 0.03853061691503296 0
1888 0.2451768438705829 -0.002975714593482394 0
1889 -0.06637184571691487 0.016446963579799 0
1890 -0.06695116411621976 0.008560554078665626 0
1891 0.1027693309492612 0.1286764015017644 0
1892 0.3277880690721457 -0.3788445569983049 0
1893 -0.2788944341055427 0.2281943054198418 0
1894 -0.3062824122852301 0.2171810628568219 0
1895 -0.02419424225822251 -0.01921299212530299 0
1896 -0.01557208081503146 -0.02068539741498379 0
1897 0.3898901138348021 -0.4231640943456143 0
1898 0.1500058744960735 -0.1439719166250024 0
1899 0.169052287490065 -0.13395441561123 0
1900 -0.4161219264394746 0.3795627692328086 0
1901 0.02872409547266147 -0.002933362015955558 0
1902 0.3392969767005577 -0.09887989474670912 0
1903 -0.1046079066366459 0.07942423886613767 0
1904 -0.1459072364429798 0.3643625788096394 0
1905 -0.3687805982394613 0.3181655408779341 0
1906 -0.3769029211710999 0.2834254949518781 0
1907 0.2272186963227571 -0.1089114147337928 0
1908 0.2483949605375856 -0.09862582430715454 0
1909 0.3790840958271975 0.1760812875897577 0
1910 -0.06362852698321671 -0.2057473529657055 0
1911 -0.03975078656996352 -0.1956340307193634 0
1912 0.4625533097662044 0.006842072760917726 0
1913 -0.152255774420735 -0.191520177461651 0
1914 -0.2069941482152601 -0.1217793073333412 0
1915 -0.1868973681812732 -0.1376676899123249 0
1916 0.113509044272451 0.09944871266092609 0
1917 0.02337147250960122 -0.2140196239299959 0
1918 0.04613457499751362 -0.2028532216949325 0
1919 0.2945100698418526 0.2896218936738373 0
1920 0.2669106053150116 0.3036606998880638 0
1921 -0.488924046814182 -0.3810725924156555 0
1922 -0.4814403609784189 -0.3351530541555546 0
1923 0.1075120958612731 0.06495757299428678 0
1924 -0.1204047157620925 -0.2600610398073623 0
1925 -0.1239266956536259 -0.2945588644721038 0
1926 0.08383348062912262 0.166221664206798 0
1927 0.07873796996972364 0.1721877406515079 0
1928 -0.07847871741778592 0.1724023024033255 0
1929 -0.0835742280772282 0.1664362259586071 0
1930 -0.007954818327222406 -0.074225034307631 0
1931 0.09270669464561167 0.1522104240427204 0
1932 0.08860721815496585 0.1589001616703596 0
1933 -0.03749130464401097 -0.03539652012943794 0
1934 -0.1136215812346043 -0.2291991722321969 0
1935 0.8701870993537881 -0.2355756789420799 0
1936 -0.7959654060370497 0.02418442725775457 0
1937 -0.1152053219477237 0.1006089777144713 0
1938 -0.329691356590348 0.2367674187043965 0
1939 -0.3213549866829295 0.268572176152902 0
1940 -0.3519924899038001 0.2591773295011682 0
1941 -0.07579948262036687 0.004761170276255955 0
1942 -0.06878548053223869 -0.0004739022420007987 0
1943 0.05625069768838817 0.2291810905180436 0
1944 0.05420436197720677 0.2411152569155874 0
1945 0.04246160860128071 0.2356955945951992 0
1946 0.1074227230109357 0.1348321007987334 0
1947 0.06764357695441084 -0.002559640268074961 0
1948 -0.1091871326993363 -0.05082647375478495 0
1949 -0.09191804013774485 0.03385300799174332 0
1950 -0.3971449820243339 -0.4193405535101555 0
1951 -0.4118884744997481 -0.3541433181928005 0
1952 -0.440833392829188 -0.387622270909855 0
1953 -0.3992905936910993 -0.3860572239778531 0
1954 -0.4414812765328748 -0.3231845843904497 0
1955 0.6360957836170427 -0.0120682695404357 0
1956 0.0613773995790934 0.2053750019927298 0
1957 0.05377157191099685 0.2095078513471395 0
1958 0.05216677470765953 0.200904660104949 0
1959 -0.0006337988250461821 -0.0136489921821242 0
1960 0.8707073582567371 0.08057797189845513 0
1961 0.09793789413411236 0.1836691928075521 0
1962 0.3453249988314804 -0.04948915626060868 0
1963 -0.05214033486486638 -0.000874122915731261 0
1964 0.0002509518925684481 0.2141896741961988 0
1965 -0.004480815091764498 0.2069311847601269 0
1966 -0.272957029003278 0.2528498398780206 0
1967 0.1916881087880849 0.1166142056699712 0
1968 -0.1107193072003679 -0.1998659140925407 0
1969 -0.08790717932349179 -0.2188859208787525 0
1970 0.7018544971918212 0.3019249501556391 0
1971 -0.1844921796855907 0.08224325740490725 0
1972 0.5149473700693035 -0.170873650057934 0
1973 0.5445450735040875 -0.1970015638590213 0
1974 -0.00683429786071288 -0.03948026629497534 0
1975 -0.0003481742368218466 -0.04839600554600618 0
1976 -0.482866760804857 -0.06863340746848909 0
1977 -0.01931454039354623 -0.2098713655055646 0
1978 0.05258582617499945 0.1929362315846146 0
1979 -0.05953978742868729 0.1891744581977552 0
1980 -0.2070844778072262 0.3173072632200157 0
1981 -0.2151168982431993 0.2905813927403777 0
1982 0.162609836066921 0.3133935725710033 0
1983 0.1407705929788488 0.295622413353966 0
1984 -0.0419937360524442 0.216287493865289 0
1985 -0.05291004640050712 0.2120703366831541 0
1986 -0.1304947451429131 -0.1831811228836632 0
1987 0.09477493862989772 -0.05733034534468458 0
1988 0.05070579641490244 -0.009648868314230657 0
1989 0.05846993986434404 -0.005396328851561166 0
1990 0.1050062786703457 0.005690095995338431 0
1991 -0.746683088156519 0.3768119858556734 0
1992 0.1003625863126079 0.1511174480714609 0
1993 -0.1774070976420272 0.1000199109309622 0
1994 -0.066630418729753 0.1837870917411231 0
1995 -0.07259649517448272 0.1786915810816958 0
1996 0.4330677043599739 0.02409892360766147 0
1997 0.09560819781370103 0.02503894896921229 0
1998 0.1007989203933259 0.03222244822909354 0
1999 -0.2791634942216303 -0.0994979315917159 0
2000 -0.2515421676355197 -0.08803940614880498 0
2001 0.9136400925983483 -0.3750481593168898 0
2002 -0.01157528985702674 -0.02898492210898847 0
2003 -0.005505790844433937 -0.02163742428976555 0
2004 -0.1027763154216608 0.07179511239940387 0
2005 -0.1073283764240662 0.06579166737159479 0
2006 0.8827701754125672 -0.4165491696308971 0
2007 -0.003910780113542246 -0.06051684367654077 0
2008 0.007900641484632454 -0.05988926561636651 0
2009 0.02917926478471596 0.2029524446225193 0
2010 0.02155013831800186 0.2047840358375434 0
2011 -0.02096696096349297 0.2047993569808373 0
2012 -0.02859608743026284 0.2029677657658571 0
2013 0.319795290776572 -0.06265244388052645 0
2014 0.8265856875826472 -0.1188683588697647 0
2015 0.7871206007973385 -0.09484768391708759 0
2016 0.4000281677090146 -0.3055237708390732 0
2017 -0.03361978957551148 -0.01703754783510716 0
2018 -0.09981692571582279 0.195748291311925 0
2019 -0.08625602717727736 0.1973841237066822 0
2020 0.1359642016659413 0.05341727520623445 0
2021 -0.1599674146654408 0.1216068147950548 0
2022 -0.1504835720436258 0.1117273863097045 0
2023 0.06690325983253664 -0.3098553982497286 0
2024 0.4326968394646105 0.05497104669792584 0
2025 0.09886311028042724 0.01595858570824914 0
2026 -0.3759556074367665 0.129587281869334 0
2027 0.11741192980457 0.06590967767952846 0
2028 -0.0123025383438027 0.2063156017899124 0
2029 0.3191073301955531 0.2703918076031221 0
2030 0.0449799985069029 0.1970690809390244 0
2031 0.03773132323869897 0.2000715805443818 0
2032 0.1099597823324471 0.0319049992196104 0
2033 -0.07058393901216928 -0.02072907352888644 0
2034 -0.06958342800911264 -0.03264717198634152 0
2035 -0.09172070503891727 0.1672078226669905 0
2036 -0.08814552996555436 -0.00793451226840465 0
2037 -0.0896250638411247 -0.01892788389244221 0
2038 -0.07911333291195614 -0.01526665766844803 0
2039 -0.3485220515078929 0.1163758962064775 0
2040 -0.1089571198030315 0.03503918102257907 0
2041 0.1167698436873133 0.1335521420933905 0
2042 0.1137595564293009 0.141933139325908 0
2043 -0.08285465810955514 0.01152764220442181 0
2044 0.1917679718723574 0.08683393494076058 0
2045 -0.06910440513659893 -0.009735701904848876 0
2046 -0.06025608663245181 -0.005936318102439204 0
2047 0.3997746991688745 -0.3879626604285573 0
2048 0.395436776850679 -0.345770582495946 0
2049 0.2124583174738898 0.2957471663094901 0
2050 0.09153899934644917 0.1663433006481092 0
2051 -0.7360515916976338 0.3044055422876045 0
2052 0.1276319725243657 0.1490606892878356 0
2053 0.3154167867302775 -0.1098866595079639 0
2054 0.03175508095679472 -0.2580987359724367 0
2055 0.05081820426555504 -0.2812277821830942 0
2056 0.118845741604199 0.07635900572208537 0
2057 0.1203421022474708 0.08496204320847911 0
2058 0.08321219352084419 0.1891101511931913 0
2059 0.08333490781982229 0.1967364120562703 0
2060 0.07476693869358048 0.1940497159120716 0
2061 -0.6378183551940539 -0.3351990615058346 0
2062 0.3477795947701067 0.254507021223174 0
2063 0.0218479845708091 -0.04566897948835089 0
2064 0.02619319082629518 -0.03611096213086259 0
2065 0.03600888858557996 0.2079183735374962 0
2066 0.04453444567601254 0.214399468828507 0
2067 0.03598238722202952 0.2172803329066445 0
2068 -0.1911626714865298 -0.3173876342989312 0
2069 -0.1580383173964976 -0.3067414916085343 0
2070 -0.2668886682580021 -0.3813813763012673 0
2071 -0.2611559181045837 -0.3375581601645125 0
2072 0.9158560465920653 0.3814731310528443 0
2073 0.8363517479649698 0.09997078183881067 0
2074 0.8084514394864033 0.1335944314136513 0
2075 0.8031140922422624 0.08419746846552509 0
2076 0.2328336210563668 0.1496370209293775 0
2077 -0.3495541989460808 0.3785969259682778 0
2078 -0.3828061202947736 0.3763823436847616 0
2079 -0.3606531551338481 0.3475635770897108 0
2080 -0.08468897452557408 0.002493185883755383 0
2081 -0.09520070545474263 -0.001168040340238798 0
2082 -0.08036453447369862 0.1803832053662818 0
2083 0.08070474310760416 0.18004412911677 0
2084 0.5245065921392271 -0.2310818444823864 0
2085 0.4806569838580173 -0.2272311705037264 0
2086 0.4286276281247868 0.1122256526032777 0
2087 0.4624081115685782 0.1233726051792973 0
2088 0.1115717130390354 -0.1672677582375283 0
2089 0.1310311898543948 -0.1563401334069789 0
2090 0.3195223313926158 -0.08946524343952431 0
2091 -0.1743283919784623 0.3577969794108001 0
2092 0.4811764906511711 -0.1863276820639616 0
2093 -0.2328773082097557 -0.1326314519444418 0
2094 -0.2598987990332886 -0.145785188922625 0
2095 0.876044705500878 0.1299749348465813 0
2096 -0.229612814742511 -0.1047538381919295 0
2097 0.11095060791339 0.01356319349439043 0
2098 -0.91816719135358 0.3781788740185995 0
2099 0.03354705578852575 0.2268993958276571 0
2100 0.02502149869809316 0.2204183005366463 0
2101 0.1288254802707106 0.08900873470107823 0
2102 0.1383515112721808 0.08206268882775598 0
2103 -0.028065757326722 -0.03757196441963377 0
2104 -0.0169005878313104 -0.03852823942019357 0
2105 -0.2205769797988903 -0.3850170781784192 0
2106 0.01602485061683505 0.2222771711649014 0
2107 0.01117121904651049 0.2310897718283746 0
2108 0.004609902398756146 0.2233295795356171 0
2109 0.05339258521368537 0.3951771456998259 0
2110 0.2222779803093531 0.008995455947754385 0
2111 -0.8330446083992673 0.00916476442887176 0
2112 -0.7982993176770481 -0.019941303080676 0
2113 -0.03496903984652788 0.2085345086943428 0
2114 -0.9195984849369931 -0.3802785236038127 0
2115 -0.2003784885954382 -0.3481564122292663 0
2116 0.184976833312096 -0.1211571512824608 0
2117 0.2044482568332152 -0.1111210986229459 0
2118 -0.1017559183119659 0.03342201546290396 0
2119 -0.5807245102201899 -0.297130129999709 0
2120 -0.8853433457138967 -0.4176615204642423 0
2121 0.1260334616570415 0.06877586592063258 0
2122 -0.03106712714491323 -0.02585745094401086 0
2123 -0.08098117787890485 -0.04138186797734275 0
2124 -0.6775291930005752 -0.2624106241822991 0
2125 -0.6373433549858133 -0.2405551409223254 0
2126 0.2371743727138633 0.3173601313316857 0
2127 -0.3210247892738076 -0.1666273910084512 0
2128 -0.3463982684661042 -0.1426063028791312 0
2129 0.07595380914756808 0.3181561008730399 0
2130 0.4031728949691713 0.09902934019416686 0
2131 0.3757663906188695 0.1145089939713637 0
2132 0.01846018205033882 0.2126581082438888 0
2133 -0.7016805863380375 0.3065264878181413 0
2134 0.1820700736597526 0.3356091885934311 0
2135 0.1575789290103644 0.3422714386861401 0
2136 -0.01762605280363408 0.2123461247111786 0
2137 0.1217003090615108 0.09474558394636784 0
2138 0.119320768378088 0.3037745214954349 0
2139 -0.3532283785151522 0.08848057895844469 0
2140 0.3758753322004122 0.1447882035421482 0
2141 -0.284180351285626 -0.1266643793712348 0
2142 -0.2885831755819079 -0.1568435854908297 0
2143 -0.03835362923738903 0.239295628463684 0
2144 0.8826302080980433 0.4191337604318909 0
2145 -0.3078478707702497 -0.1105563281599206 0
2146 -0.3857078713602423 -0.09246322602402322 0
2147 -0.3537117909422055 -0.07439469802990926 0
2148 0.7631363730223132 0.08164888898226801 0
2149 -0.02049983512802917 -0.2626534977545253 0
2150 -0.02237060569154761 -0.2330250034226135 0
2151 0.08088987610423327 0.2081046962292133 0
2152 -0.08269751419477579 0.1881624556677416 0
2153 -0.8802567001945178 0.4124476235340018 0
2154 -0.2921032929796427 0.2727867764851479 0
2155 -0.3144044262930948 0.2951966872819196 0
2156 0.8288409421345464 -0.2107507008897577 0
2157 -0.1983374488664159 0.3432776443020686 0
2158 -0.2242657017451037 0.3345078721914831 0
2159 -0.2660064686134433 0.2794743510070383 0
2160 -0.1751207882183516 0.112263534233745 0
2161 -0.004602679677756105 0.2230022748596721 0
2162 -0.1658069672050156 -0.1492698241080566 0
2163 -0.1463168104521677 -0.1645221348993292 0
2164 -0.6158486563232088 -0.3063749444459901 0
2165 -0.6622298841596153 -0.3053444260897928 0
2166 -0.3355286768907685 0.3203801231614503 0
2167 0.2118170359562828 0.3283442875004899 0
2168 0.2067861288997261 0.3572221536156268 0
2169 0.1857905297926218 -0.1444723330623611 0
2170 -0.163756188347478 0.0967284332594332 0
2171 0.08927271223384597 0.1827308252609688 0
2172 0.1180976432031078 0.1491533758350297 0
2173 0.1087505225267302 0.1504333345403726 0
2174 0.3568203789612715 -0.3982506725184041 0
2175 0.122622938621795 0.1575608845023002 0
2176 -0.2399364676614964 0.2840374527546705 0
2177 -0.1083072111522843 0.01543531985137226 0
2178 -0.1007739080789647 0.007218639364472312 0
2179 -0.3682000636948939 -0.3858616007931012 0
2180 0.1002041812467156 0.1672816681946925 0
2181 0.09543044372087234 0.1746031707311309 0
2182 -0.09491274601329382 0.1757718258558427 0
2183 -0.03331517162924068 0.2185828650730497 0
2184 -0.3062769831874816 0.3245947234936962 0
2185 -0.2752246919064792 0.3264115909121034 0
2186 0.03150072007734436 0.238833562225201 0
2187 -0.3332624151581385 -0.1190665480070387 0
2188 -0.3667959557899974 -0.1239500749467304 0
2189 0.2245471480631664 0.02834125430684454 0
2190 -0.1018724801415268 -0.02443341632157755 0
2191 0.01736192689897846 0.241549103270114 0
2192 0.005946978680899557 0.2426015116408297 0
2193 -0.0928402830879286 -0.03176556172162093 0
2194 0.1335210992711123 0.0627502287956738 0
2195 0.05374507054744641 0.2188698107162877 0
2196 -0.08857973643807898 0.1818731769893714 0
2197 -0.1410159140426425 -0.01819436928402533 0
2198 0.01951581004709435 0.2661074726521167 0
2199 0.02627647971173342 0.250345302037656 0
2200 0.1973383544646387 0.3924533438752452 0
2201 0.0005670025920842417 -0.2209543257358633 0
2202 0.02031540721159985 -0.2371732618470448 0
2203 -0.6051360391857511 -0.2672754945836674 0
2204 -0.2254645034554296 -0.3239639639074448 0
2205 -0.1039022819535959 0.04276817769976189 0
2206 -0.1429520329910749 0.1060886663776209 0
2207 -0.1378003146342172 0.09825524645835233 0
2208 0.4283531088572906 0.08259905241440815 0
2209 0.1047006730864147 0.1583376845805826 0
2210 0.1085921174608379 0.1665975546636042 0
2211 -0.259082731637861 0.3039743893617979 0
2212 0.1274218771170582 -0.03696800094785004 0
2213 -0.09322859417930698 -0.04688740040647809 0
2214 0.06548782392337248 0.224289473036676 0
2215 0.07493614799916934 0.2142558044590981 0
2216 -0.02828845914917807 0.2407592178104874 0
2217 -0.03027469774694604 0.2277994395907993 0
2218 -0.7253868315141856 0.3414177326618187 0
2219 0.1899842285828942 0.1017103394435852 0
2220 -0.3282455580941429 -0.09190010022751977 0
2221 -0.09724572573437099 0.1835510761573025 0
2222 -0.01645649447923924 0.2415596632860864 0
2223 0.02017943321651906 -0.05650810033790259 0
2224 0.008950611039277745 -0.2650334377783041 0
2225 -0.01458557892133945 0.2215626992289282 0
2226 -0.02325000154102973 0.2200464544198531 0
2227 0.06733112768415733 0.199223893762845 0
2228 -0.0002828873831879318 0.2534585703585696 0
2229 0.005105431072024593 0.266563001859401 0
2230 -0.1915096159163398 0.3749975883822675 0
2231 0.09775685590910066 0.3081092929951764 0
2232 -0.2491546909545323 0.3309746926597356 0
2233 0.1139462761357662 0.02381513864596204 0
2234 0.1190986189447418 0.0318884546582713 0
2235 -0.01022662841515175 0.2307026045683466 0
2236 -0.006473595235655895 0.2429992389168302 0
2237 -0.1539383398712515 0.1033333366301324 0
2238 0.1165547789485455 0.3243905941634537 0
2239 0.06893592488749466 0.2078270850050354 0
2240 0.2343844853046756 0.1341279692938185 0
2241 0.1176764691278363 0.1648591974354601 0
2242 0.150240238222962 0.366374127230531 0
2243 0.1307800006301304 0.3441585112081031 0
2244 -0.09732802749031255 -0.06044278001050678 0
2245 0.1349549110707413 0.07319955683823071 0
2246 0.1675805413697911 0.390719380088877 0
2247 0.140781612989557 0.39260645261084 0
2248 0.1275994668340932 0.03067875993075395 0
$EndNodes
$Elements
1176
1 15 2 1 1 1
2 15 2 2 2 2
3 15 2 3 3 3
4 15 2 4 4 4
5 8 2 1 1 1 7 25
6 8 2 1 1 7 8 26
7 8 2 1 1 8 9 27
8 8 2 1 1 9 10 28
9 8 2 1 1 10 11 29
10 8 2 1 1 11 12 30
11 8 2 1 1 12 13 31
12 8 2 1 1 13 14 32
13 8 2 1 1 14 15 33
14 8 2 1 1 15 16 34
15 8 2 1 1 16 17 35
16 8 2 1 1 17 18 36
17 8 2 1 1 18 19 37
18 8 2 1 1 19 20 38
19 8 2 1 1 20 21 39
20 8 2 1 1 21 22 40
21 8 2 1 1 22 23 41
22 8 2 1 1 23 24 42
23 8 2 1 1 24 2 43
24 8 2 2 2 2 44 52
25 8 2 2 2 44 45 53
26 8 2 2 2 45 46 54
27 8 2 2 2 46 47 55
28 8 2 2 2 47 48 56
29 8 2 2 2 48 49 57
30 8 2 2 2 49 50 58
31 8 2 2 2 50 51 59
32 8 2 2 2 51 3 60
33 8 2 3 3 3 61 79
34 8 2 3 3 61 62 80
35 8 2 3 3 62 63 81
36 8 2 3 3 63 64 82
37 8 2 3 3 64 65 83
38 8 2 3 3 65 66 84
39 8 2 3 3 66 67 85
40 8 2 3 3 67 68 86
41 8 2 3 3 68 69 87
42 8 2 3 3 69 70 88
43 8 2 3 3 70 71 89
44 8 2 3 3 71 72 90
45 8 2 3 3 72 73 91
46 8 2 3 3 73 74 92
47 8 2 3 3 74 75 93
48 8 2 3 3 75 76 94
49 8 2 3 3 76 77 95
50 8 2 3 3 77 78 96
51 8 2 3 3 78 4 97
52 8 2 4 4 4 98 106
53 8 2 4 4 98 99 107
54 8 2 4 4 99 100 108
55 8 2 4 4 100 101 109
56 8 2 4 4 101 102 110
57 8 2 4 4 102 103 111
58 8 2 4 4 103 104 112
59 8 2 4 4 104 105 113
60 8 2 4 4 105 1 114
61 8 2 5 5 5 115 134
62 8 2 5 5 115 116 135
63 8 2 5 5 116 117 136
64 8 2 5 5 117 118 137
65 8 2 5 5 118 119 138
66 8 2 5 5 119 120 139
67 8 2 5 5 120 121 140
68 8 2 5 5 121 122 141
69 8 2 5 5 122 123 142
70 8 2 5 5 123 124 143
71 8 2 5 5 124 125 144
72 8 2 5 5 125 126 145
73 8 2 5 5 126 127 146
74 8 2 5 5 127 128 147
75 8 2 5 5 128 129 148
76 8 2 5 5 129 130 149
77 8 2 5 5 130 131 150
78 8 2 5 5 131 132 151
79 8 2 5 5 132 133 152
80 8 2 5 5 133 6 153
81 8 2 5 6 6 154 173
82 8 2 5 6 154 155 174
83 8 2 5 6 155 156 175
84 8 2 5 6 156 157 176
85 8 2 5 6 157 158 177
86 8 2 5 6 158 159 178
87 8 2 5 6 159 160 179
88 8 2 5 6 160 161 180
89 8 2 5 6 161 162 181
90 8 2 5 6 162 163 182
91 8 2 5 6 163 164 183
92 8 2 5 6 164 165 184
93 8 2 5 6 165 166 185
94 8 2 5 6 166 167 186
95 8 2 5 6 167 168 187
96 8 2 5 6 168 169 188
97 8 2 5 6 169 170 189
98 8 2 5 6 170 171 190
99 8 2 5 6 171 172 191
100 8 2 5 6 172 5 192
101 9 2 1 1 229 579 492 683 684 685
102 9 2 1 1 386 489 561 686 687 688
103 9 2 1 1 300 571 424 689 690 691
104 9 2 1 1 336 363 462 692 693 694
105 9 2 1 1 243 259 540 695 696 697
106 9 2 1 1 231 232 233 698 699 700
107 9 2 1 1 194 469 617 701 702 703
108 9 2 1 1 230 225 231 704 705 706
109 9 2 1 1 424 571 530 690 707 708
110 9 2 1 1 335 336 462 709 694 710
111 9 2 1 1 221 481 479 711 712 713
112 9 2 1 1 338 428 384 714 715 716
113 9 2 1 1 390 505 490 717 718 719
114 9 2 1 1 455 564 572 720 721 722
115 9 2 1 1 333 338 384 723 716 724
116 9 2 1 1 332 333 344 725 726 727
117 9 2 1 1 436 607 590 728 729 730
118 9 2 1 1 221 488 481 731 732 711
119 9 2 1 1 217 435 436 733 734 735
120 9 2 1 1 581 326 587 736 737 738
121 9 2 1 1 350 662 489 739 740 741
122 9 2 1 1 378 592 625 742 743 744
123 9 2 1 1 491 492 579 745 684 746
124 9 2 1 1 581 587 495 738 747 748
125 9 2 1 1 372 523 554 749 750 751
126 9 2 1 1 335 462 528 710 752 753
127 9 2 1 1 268 575 403 754 755 756
128 9 2 1 1 512 554 523 757 750 758
129 9 2 1 1 276 400 572 759 760 761
130 9 2 1 1 369 590 607 762 729 763
131 9 2 1 1 374 375 376 764 765 766
132 9 2 1 1 333 384 344 724 767 726
133 9 2 1 1 229 492 515 685 768 769
134 9 2 1 1 71 582 225 770 771 772
135 9 2 1 1 263 635 398 773 774 775
136 9 2 1 1 341 414 433 776 777 778
137 9 2 1 1 202 675 461 779 780 781
138 9 2 1 1 243 540 245 697 782 783
139 9 2 1 1 400 527 566 784 785 786
140 9 2 1 1 561 577 613 787 788 789
141 9 2 1 1 317 375 374 790 764 791
142 9 2 1 1 329 331 332 792 793 794
143 9 2 1 1 231 225 232 705 795 698
144 9 2 1 1 342 343 395 796 797 798
145 9 2 1 1 514 520 659 799 800 801
146 9 2 1 1 223 490 505 802 718 803
147 9 2 1 1 412 536 413 804 805 806
148 9 2 1 1 425 584 560 807 808 809
149 9 2 1 1 216 560 584 810 808 811
150 9 2 1 1 331 333 332 812 725 793
151 9 2 1 1 204 431 462 813 814 815
152 9 2 1 1 261 263 317 816 817 818
153 9 2 1 1 344 384 427 767 819 820
154 9 2 1 1 310 467 420 821 822 823
155 9 2 1 1 218 591 482 824 825 826
156 9 2 1 1 307 530 571 827 707 828
157 9 2 1 1 386 561 613 688 789 829
158 9 2 1 1 371 558 483 830 831 832
159 9 2 1 1 370 459 474 833 834 835
160 9 2 1 1 71 423 582 836 837 770
161 9 2 1 1 419 518 514 838 839 840
162 9 2 1 1 294 561 489 841 687 842
163 9 2 1 1 231 233 676 700 843 844
164 9 2 1 1 218 415 591 845 846 824
165 9 2 1 1 238 274 342 847 848 849
166 9 2 1 1 263 398 317 775 850 817
167 9 2 1 1 299 416 681 851 852 853
168 9 2 1 1 274 343 342 854 796 848
169 9 2 1 1 419 514 659 840 801 855
170 9 2 1 1 65 431 204 856 813 857
171 9 2 1 1 375 429 376 858 859 765
172 9 2 1 1 412 627 536 860 861 804
173 9 2 1 1 230 231 414 706 862 863
174 9 2 1 1 359 356 525 864 865 866
175 9 2 1 1 413 675 421 867 868 869
176 9 2 1 1 286 478 314 870 871 872
177 9 2 1 1 16 435 217 873 733 874
178 9 2 1 1 432 617 469 875 702 876
179 9 2 1 1 413 422 675 877 878 867
180 9 2 1 1 73 551 643 879 880 881
181 9 2 1 1 350 489 352 741 882 883
182 9 2 1 1 349 508 509 884 885 886
183 9 2 1 1 356 504 525 887 888 865
184 9 2 1 1 370 616 459 889 890 833
185 9 2 1 1 15 217 458 891 892 893
186 9 2 1 1 625 644 378 894 895 744
187 9 2 1 1 322 402 401 896 897 898
188 9 2 1 1 202 622 421 899 900 901
189 9 2 1 1 234 238 387 902 903 904
190 9 2 1 1 248 261 373 905 906 907
191 9 2 1 1 307 537 623 908 909 910
192 9 2 1 1 232 234 233 911 912 699
193 9 2 1 1 523 646 538 913 914 915
194 9 2 1 1 439 461 675 916 780 917
195 9 2 1 1 309 329 416 918 919 920
196 9 2 1 1 202 421 675 901 868 779
197 9 2 1 1 381 526 540 921 922 923
198 9 2 1 1 214 625 592 924 743 925
199 9 2 1 1 256 535 485 926 927 928
200 9 2 1 1 265 267 323 929 930 931
201 9 2 1 1 276 572 417 761 932 933
202 9 2 1 1 238 239 274 934 935 847
203 9 2 1 1 530 623 584 936 937 938
204 9 2 1 1 219 457 423 939 940 941
205 9 2 1 1 349 581 508 942 943 884
206 9 2 1 1 256 485 654 928 944 945
207 9 2 1 1 70 225 230 946 704 947
208 9 2 1 1 417 572 564 932 721 948
209 9 2 1 1 231 676 235 844 949 950
210 9 2 1 1 344 356 345 951 952 953
211 9 2 1 1 270 276 417 954 933 955
212 9 2 1 1 280 282 322 956 957 958
213 9 2 1 1 381 507 526 959 960 921
214 9 2 1 1 234 237 238 961 962 902
215 9 2 1 1 343 421 395 963 964 797
216 9 2 1 1 511 523 538 965 915 966
217 9 2 1 1 317 374 373 791 967 968
218 9 2 1 1 357 544 345 969 970 971
219 9 2 1 1 322 401 399 898 972 973
220 9 2 1 1 263 265 635 974 975 773
221 9 2 1 1 299 309 416 976 920 851
222 9 2 1 1 277 280 399 977 978 979
223 9 2 1 1 425 530 584 980 938 807
224 9 2 1 1 217 436 590 735 730 981
225 9 2 1 1 443 542 471 982 983 984
226 9 2 1 1 217 590 458 981 985 892
227 9 2 1 1 267 270 417 986 955 987
228 9 2 1 1 67 415 218 988 845 989
229 9 2 1 1 297 299 310 990 991 992
230 9 2 1 1 414 678 433 993 994 777
231 9 2 1 1 300 424 613 691 995 996
232 9 2 1 1 268 403 596 756 997 998
233 9 2 1 1 248 373 608 907 999 1000
234 9 2 1 1 616 370 676 889 1001 1002
235 9 2 1 1 403 575 405 755 1003 1004
236 9 2 1 1 307 623 530 910 936 827
237 9 2 1 1 292 297 420 1005 1006 1007
238 9 2 1 1 244 246 325 1008 1009 1010
239 9 2 1 1 216 584 435 811 1011 1012
240 9 2 1 1 256 550 535 1013 1014 926
241 9 2 1 1 455 572 566 722 1015 1016
242 9 2 1 1 356 359 357 864 1017 1018
243 9 2 1 1 343 413 421 1019 869 963
244 9 2 1 1 259 381 540 1020 923 696
245 9 2 1 1 72 219 423 1021 941 1022
246 9 2 1 1 362 548 533 1023 1024 1025
247 9 2 1 1 376 429 432 859 1026 1027
248 9 2 1 1 389 535 550 1028 1014 1029
249 9 2 1 1 419 598 518 1030 1031 838
250 9 2 1 1 337 545 558 1032 1033 1034
251 9 2 1 1 70 71 225 89 772 946
252 9 2 1 1 68 69 224 87 1035 1036
253 9 2 1 1 73 74 551 92 1037 879
254 9 2 1 1 261 262 263 1038 1039 816
255 9 2 1 1 322 282 418 957 1040 1041
256 9 2 1 1 431 528 462 1042 752 814
257 9 2 1 1 355 386 383 1043 1044 1045
258 9 2 1 1 66 218 431 1046 1047 1048
259 9 2 1 1 270 272 276 1049 1050 954
260 9 2 1 1 342 396 387 1051 1052 1053
261 9 2 1 1 400 566 572 786 1015 760
262 9 2 1 1 297 310 420 992 823 1006
263 9 2 1 1 205 483 558 1054 831 1055
264 9 2 1 1 230 414 501 863 1056 1057
265 9 2 1 1 332 344 345 727 953 1058
266 9 2 1 1 376 469 377 1059 1060 1061
267 9 2 1 1 363 620 462 1062 1063 693
268 9 2 1 1 443 471 629 984 1064 1065
269 9 2 1 1 387 396 459 1052 1066 1067
270 9 2 1 1 314 478 542 871 1068 1069
271 9 2 1 1 370 474 500 835 1070 1071
272 9 2 1 1 237 239 238 1072 934 962
273 9 2 1 1 288 308 478 1073 1074 1075
274 9 2 1 1 267 417 667 987 1076 1077
275 9 2 1 1 342 395 396 798 1078 1051
276 9 2 1 1 284 286 314 1079 872 1080
277 9 2 1 1 509 510 539 1081 1082 1083
278 9 2 1 1 72 73 219 91 1084 1021
279 9 2 1 1 66 67 218 85 989 1046
280 9 2 1 1 333 334 338 1085 1086 723
281 9 2 1 1 309 328 329 1087 1088 918
282 9 2 1 1 280 281 282 1089 1090 956
283 9 2 1 1 371 483 614 832 1091 1092
284 9 2 1 1 383 386 424 1044 1093 1094
285 9 2 1 1 277 399 645 979 1095 1096
286 9 2 1 1 17 216 435 1097 1012 1098
287 9 2 1 1 329 332 642 794 1099 1100
288 9 2 1 1 233 234 616 912 1101 1102
289 9 2 1 1 263 264 265 1103 1104 974
290 9 2 1 1 234 387 616 904 1105 1101
291 9 2 1 1 422 439 675 1106 917 878
292 9 2 1 1 317 398 661 850 1107 1108
293 9 2 1 1 248 252 261 1109 1110 905
294 9 2 1 1 277 279 280 1111 1112 977
295 9 2 1 1 368 458 590 1113 985 1114
296 9 2 1 1 355 352 489 1115 882 1116
297 9 2 1 1 368 563 458 1117 1118 1113
298 9 2 1 1 14 458 215 1119 1120 1121
299 9 2 1 1 322 399 280 973 978 958
300 9 2 1 1 329 642 416 1100 1122 919
301 9 2 1 1 390 628 505 1123 1124 717
302 9 2 1 1 261 317 373 818 968 906
303 9 2 1 1 257 484 569 1125 1126 1127
304 9 2 1 1 420 467 595 822 1128 1129
305 9 2 1 1 292 420 665 1007 1130 1131
306 9 2 1 1 329 330 331 1132 1133 792
307 9 2 1 1 312 493 533 1134 1135 1136
308 9 2 1 1 12 13 521 31 1137 1138
309 9 2 1 1 69 70 230 88 947 1139
310 9 2 1 1 611 649 430 1140 1141 1142
311 9 2 1 1 15 16 217 34 874 891
312 9 2 1 1 335 528 597 753 1143 1144
313 9 2 1 1 235 652 434 1145 1146 1147
314 9 2 1 1 402 418 419 1148 1149 1150
315 9 2 1 1 356 344 657 951 1151 1152
316 9 2 1 1 495 508 581 1153 943 748
317 9 2 1 1 215 458 563 1120 1118 1154
318 9 2 1 1 359 522 365 1155 1156 1157
319 9 2 1 1 17 18 216 36 1158 1097
320 9 2 1 1 13 14 215 32 1121 1159
321 9 2 1 1 67 68 415 86 1160 988
322 9 2 1 1 310 636 467 1161 1162 821
323 9 2 1 1 223 492 490 1163 1164 802
324 9 2 1 1 338 339 340 1165 1166 1167
325 9 2 1 1 338 340 600 1167 1168 1169
326 9 2 1 1 18 543 216 1170 1171 1158
327 9 2 1 1 172 461 439 1172 916 1173
328 9 2 1 1 374 376 377 766 1061 1174
329 9 2 1 1 509 539 638 1083 1175 1176
330 9 2 1 1 265 266 267 1177 1178 929
331 9 2 1 1 241 244 487 1179 1180 1181
332 9 2 1 1 417 564 667 948 1182 1076
333 9 2 1 1 341 501 414 1183 1056 776
334 9 2 1 1 218 482 528 826 1184 1185
335 9 2 1 1 71 72 423 90 1022 836
336 9 2 1 1 74 75 205 93 1186 1187
337 9 2 1 1 64 65 204 83 857 1188
338 9 2 1 1 209 576 466 1189 1190 1191
339 9 2 1 1 401 402 610 897 1192 1193
340 9 2 1 1 345 544 642 970 1194 1195
341 9 2 1 1 518 598 674 1031 1196 1197
342 9 2 1 1 276 645 400 1198 1199 759
343 9 2 1 1 76 226 483 1200 1201 1202
344 9 2 1 1 384 428 557 715 1203 1204
345 9 2 1 1 238 342 387 849 1053 903
346 9 2 1 1 468 558 545 1205 1033 1206
347 9 2 1 1 381 545 507 1207 1208 959
348 9 2 1 1 286 288 478 1209 1075 870
349 9 2 1 1 365 682 366 1210 1211 1212
350 9 2 1 1 272 277 276 1213 1214 1050
351 9 2 1 1 355 489 386 1116 686 1043
352 9 2 1 1 20 21 200 39 1215 1216
353 9 2 1 1 10 11 199 29 1217 1218
354 9 2 1 1 312 533 548 1136 1024 1219
355 9 2 1 1 325 536 627 1220 861 1221
356 9 2 1 1 366 470 595 1222 1223 1224
357 9 2 1 1 75 483 205 1225 1054 1186
358 9 2 1 1 394 533 493 1226 1135 1227
359 9 2 1 1 218 528 431 1185 1042 1047
360 9 2 1 1 282 283 284 1228 1229 1230
361 9 2 1 1 63 499 227 1231 1232 1233
362 9 2 1 1 492 531 515 1234 1235 768
363 9 2 1 1 356 357 345 1018 971 952
364 9 2 1 1 359 365 360 1157 1236 1237
365 9 2 1 1 22 228 494 1238 1239 1240
366 9 2 1 1 9 496 229 1241 1242 1243
367 9 2 1 1 402 419 659 1150 855 1244
368 9 2 1 1 69 230 639 1139 1245 1246
369 9 2 1 1 288 290 308 1247 1248 1073
370 9 2 1 1 12 521 680 1138 1249 1250
371 9 2 1 1 407 498 410 1251 1252 1253
372 9 2 1 1 23 24 510 42 1254 1255
373 9 2 1 1 68 224 658 1036 1256 1257
374 9 2 1 1 16 17 435 35 1098 873
375 9 2 1 1 65 66 431 84 1048 856
376 9 2 1 1 200 494 495 1258 1259 1260
377 9 2 1 1 442 514 518 1261 839 1262
378 9 2 1 1 69 639 224 1246 1263 1035
379 9 2 1 1 50 488 221 1264 731 1265
380 9 2 1 1 228 508 494 1266 1267 1239
381 9 2 1 1 279 281 280 1268 1089 1112
382 9 2 1 1 21 494 200 1269 1258 1215
383 9 2 1 1 10 199 496 1218 1270 1271
384 9 2 1 1 361 548 362 1272 1023 1273
385 9 2 1 1 366 682 367 1211 1274 1275
386 9 2 1 1 423 457 679 940 1276 1277
387 9 2 1 1 396 576 459 1278 1279 1066
388 9 2 1 1 64 204 499 1188 1280 1281
389 9 2 1 1 250 526 253 1282 1283 1284
390 9 2 1 1 252 262 261 1285 1038 1110
391 9 2 1 1 100 502 220 1286 1287 1288
392 9 2 1 1 220 512 523 1289 758 1290
393 9 2 1 1 297 298 299 1291 1292 990
394 9 2 1 1 621 666 501 1293 1294 1295
395 9 2 1 1 48 503 214 1296 1297 1298
396 9 2 1 1 102 505 213 1299 1300 1301
397 9 2 1 1 355 383 382 1045 1302 1303
398 9 2 1 1 68 658 415 1257 1304 1160
399 9 2 1 1 494 508 495 1267 1153 1259
400 9 2 1 1 410 569 484 1305 1126 1306
401 9 2 1 1 223 531 492 1307 1234 1163
402 9 2 1 1 450 402 659 1308 1244 1309
403 9 2 1 1 14 15 458 33 893 1119
404 9 2 1 1 46 506 222 1310 1311 1312
405 9 2 1 1 354 352 355 1313 1115 1314
406 9 2 1 1 429 430 532 1315 1316 1317
407 9 2 1 1 346 512 570 1318 1319 1320
408 9 2 1 1 340 433 594 1321 1322 1323
409 9 2 1 1 343 412 413 1324 806 1019
410 9 2 1 1 200 524 567 1325 1326 1327
411 9 2 1 1 18 669 543 1328 1329 1170
412 9 2 1 1 292 295 297 1330 1331 1005
413 9 2 1 1 484 654 485 1332 944 1333
414 9 2 1 1 395 421 622 964 900 1334
415 9 2 1 1 99 220 511 1335 1336 1337
416 9 2 1 1 317 661 375 1108 1338 790
417 9 2 1 1 50 51 488 59 1339 1264
418 9 2 1 1 234 236 237 1340 1341 961
419 9 2 1 1 220 502 512 1287 1342 1289
420 9 2 1 1 367 672 471 1343 1344 1345
421 9 2 1 1 422 619 439 1346 1347 1106
422 9 2 1 1 13 215 521 1159 1348 1137
423 9 2 1 1 227 481 541 1349 1350 1351
424 9 2 1 1 407 410 409 1253 1352 1353
425 9 2 1 1 262 264 263 1354 1103 1039
426 9 2 1 1 337 507 545 1355 1208 1032
427 9 2 1 1 322 418 402 1041 1148 896
428 9 2 1 1 405 498 407 1356 1251 1357
429 9 2 1 1 281 283 282 1358 1228 1090
430 9 2 1 1 101 213 502 1359 1360 1361
431 9 2 1 1 49 221 503 1362 1363 1364
432 9 2 1 1 611 456 649 1365 1366 1140
433 9 2 1 1 384 599 427 1367 1368 819
434 9 2 1 1 450 610 402 1369 1192 1308
435 9 2 1 1 103 223 505 1370 803 1371
436 9 2 1 1 205 558 468 1055 1205 1372
437 9 2 1 1 394 493 480 1227 1373 1374
438 9 2 1 1 47 214 506 1375 1376 1377
439 9 2 1 1 241 243 244 1378 1379 1179
440 9 2 1 1 375 430 429 1380 1315 858
441 9 2 1 1 276 277 645 1214 1096 1198
442 9 2 1 1 244 325 627 1010 1221 1381
443 9 2 1 1 481 488 541 732 1382 1350
444 9 2 1 1 319 389 550 1383 1029 1384
445 9 2 1 1 23 510 228 1255 1385 1386
446 9 2 1 1 49 50 221 58 1265 1362
447 9 2 1 1 99 100 220 108 1288 1335
448 9 2 1 1 101 102 213 110 1301 1359
449 9 2 1 1 323 267 667 930 1077 1387
450 9 2 1 1 308 595 470 1388 1223 1389
451 9 2 1 1 47 48 214 56 1298 1375
452 9 2 1 1 323 635 265 1390 975 931
453 9 2 1 1 314 598 664 1391 1392 1393
454 9 2 1 1 103 104 223 112 1394 1370
455 9 2 1 1 45 46 222 54 1312 1395
456 9 2 1 1 273 507 337 1396 1355 1397
457 9 2 1 1 308 470 624 1389 1398 1399
458 9 2 1 1 452 455 578 1400 1401 1402
459 9 2 1 1 98 99 511 107 1337 1403
460 9 2 1 1 246 248 608 1404 1000 1405
461 9 2 1 1 410 484 411 1306 1406 1407
462 9 2 1 1 75 76 483 94 1202 1225
463 9 2 1 1 244 245 246 1408 1409 1008
464 9 2 1 1 524 655 567 1410 1411 1326
465 9 2 1 1 337 558 371 1034 830 1412
466 9 2 1 1 100 101 502 109 1361 1286
467 9 2 1 1 302 559 350 1413 1414 1415
468 9 2 1 1 102 103 505 111 1371 1299
469 9 2 1 1 48 49 503 57 1364 1296
470 9 2 1 1 46 47 506 55 1377 1310
471 9 2 1 1 377 469 663 1060 1416 1417
472 9 2 1 1 21 22 494 40 1240 1269
473 9 2 1 1 9 10 496 28 1271 1241
474 9 2 1 1 239 487 274 1418 1419 935
475 9 2 1 1 340 341 433 1420 778 1321
476 9 2 1 1 435 584 436 1011 1421 734
477 9 2 1 1 258 253 526 1422 1283 1423
478 9 2 1 1 395 601 396 1424 1425 1078
479 9 2 1 1 366 595 467 1224 1128 1426
480 9 2 1 1 235 678 414 1427 993 1428
481 9 2 1 1 267 269 270 1429 1430 986
482 9 2 1 1 331 334 333 1431 1085 812
483 9 2 1 1 264 266 265 1432 1177 1104
484 9 2 1 1 373 374 497 967 1433 1434
485 9 2 1 1 367 471 470 1345 1435 1436
486 9 2 1 1 200 495 524 1260 1437 1325
487 9 2 1 1 284 314 664 1080 1393 1438
488 9 2 1 1 376 432 469 1027 876 1059
489 9 2 1 1 76 77 226 95 1439 1200
490 9 2 1 1 62 63 227 81 1233 1440
491 9 2 1 1 284 285 286 1441 1442 1079
492 9 2 1 1 220 523 511 1290 965 1336
493 9 2 1 1 399 401 653 972 1443 1444
494 9 2 1 1 8 229 515 1445 769 1446
495 9 2 1 1 22 23 228 41 1386 1238
496 9 2 1 1 8 9 229 27 1243 1445
497 9 2 1 1 6 438 154 1447 1448 173
498 9 2 1 1 154 438 460 1448 1449 1450
499 9 2 1 1 338 600 428 1169 1451 714
500 9 2 1 1 74 205 551 1187 1452 1037
501 9 2 1 1 63 64 499 82 1281 1231
502 9 2 1 1 7 8 515 26 1446 1453
503 9 2 1 1 443 518 674 1454 1197 1455
504 9 2 1 1 11 529 199 1456 1457 1217
505 9 2 1 1 205 468 551 1372 1458 1452
506 9 2 1 1 319 388 389 1459 1460 1383
507 9 2 1 1 471 542 624 983 1461 1462
508 9 2 1 1 274 412 343 1463 1324 854
509 9 2 1 1 328 330 329 1464 1132 1088
510 9 2 1 1 11 12 529 30 1465 1456
511 9 2 1 1 258 507 273 1466 1396 1467
512 9 2 1 1 273 337 327 1397 1468 1469
513 9 2 1 1 405 575 498 1003 1470 1356
514 9 2 1 1 244 627 487 1381 1471 1180
515 9 2 1 1 313 546 326 1472 1473 1474
516 9 2 1 1 231 235 414 950 1428 862
517 9 2 1 1 118 445 119 1475 1476 138
518 9 2 1 1 5 172 439 192 1173 1477
519 9 2 1 1 124 446 125 1478 1479 144
520 9 2 1 1 121 451 122 1480 1481 141
521 9 2 1 1 246 247 248 1482 1483 1404
522 9 2 1 1 354 355 382 1314 1303 1484
523 9 2 1 1 169 465 170 1485 1486 189
524 9 2 1 1 171 461 172 1487 1172 191
525 9 2 1 1 295 298 297 1488 1291 1331
526 9 2 1 1 389 390 391 1489 1490 1491
527 9 2 1 1 611 430 661 1142 1492 1493
528 9 2 1 1 359 360 357 1237 1494 1017
529 9 2 1 1 122 451 552 1481 1495 1496
530 9 2 1 1 258 526 507 1423 960 1466
531 9 2 1 1 409 410 411 1352 1407 1497
532 9 2 1 1 119 445 555 1476 1498 1499
533 9 2 1 1 429 673 432 1500 1501 1026
534 9 2 1 1 313 326 321 1474 1502 1503
535 9 2 1 1 502 570 512 1504 1319 1342
536 9 2 1 1 302 350 304 1415 1505 1506
537 9 2 1 1 274 487 412 1419 1507 1463
538 9 2 1 1 125 446 206 1479 1508 1509
539 9 2 1 1 383 424 425 1094 1510 1511
540 9 2 1 1 73 643 219 881 1512 1084
541 9 2 1 1 359 525 522 866 1513 1155
542 9 2 1 1 44 45 539 53 1514 1515
543 9 2 1 1 104 531 223 1516 1307 1394
544 9 2 1 1 299 301 309 1517 1518 976
545 9 2 1 1 391 490 491 1519 1520 1521
546 9 2 1 1 228 509 508 1522 885 1266
547 9 2 1 1 306 548 556 1523 1524 1525
548 9 2 1 1 443 674 542 1455 1526 982
549 9 2 1 1 19 20 567 38 1527 1528
550 9 2 1 1 233 616 676 1102 1002 843
551 9 2 1 1 228 510 509 1385 1081 1522
552 9 2 1 1 214 592 506 925 1529 1376
553 9 2 1 1 77 78 538 96 1530 1531
554 9 2 1 1 411 484 485 1406 1333 1532
555 9 2 1 1 270 271 272 1533 1534 1049
556 9 2 1 1 283 285 284 1535 1441 1229
557 9 2 1 1 204 620 499 1536 1537 1280
558 9 2 1 1 388 390 389 1538 1489 1460
559 9 2 1 1 299 681 310 853 1539 991
560 9 2 1 1 61 62 541 80 1540 1541
561 9 2 1 1 459 576 474 1279 1542 834
562 9 2 1 1 327 337 371 1468 1412 1543
563 9 2 1 1 251 254 257 1544 1545 1546
564 9 2 1 1 386 613 424 829 995 1093
565 9 2 1 1 364 394 393 1547 1548 1549
566 9 2 1 1 394 480 479 1374 1550 1551
567 9 2 1 1 158 463 159 1552 1553 178
568 9 2 1 1 104 105 531 113 1554 1516
569 9 2 1 1 165 473 166 1555 1556 185
570 9 2 1 1 209 474 576 1557 1542 1189
571 9 2 1 1 378 644 609 895 1558 1559
572 9 2 1 1 389 391 535 1491 1560 1028
573 9 2 1 1 353 524 587 1561 1562 1563
574 9 2 1 1 324 368 369 1564 1565 1566
575 9 2 1 1 204 462 620 815 1063 1536
576 9 2 1 1 407 409 408 1353 1567 1568
577 9 2 1 1 277 278 279 1569 1570 1111
578 9 2 1 1 170 465 202 1486 1571 1572
579 9 2 1 1 493 609 644 1573 1558 1574
580 9 2 1 1 390 490 391 719 1519 1490
581 9 2 1 1 334 339 338 1575 1165 1086
582 9 2 1 1 350 352 351 883 1576 1577
583 9 2 1 1 320 348 378 1578 1579 1580
584 9 2 1 1 248 249 252 1581 1582 1109
585 9 2 1 1 232 236 234 1583 1340 911
586 9 2 1 1 316 361 336 1584 1585 1586
587 9 2 1 1 490 492 491 1164 745 1520
588 9 2 1 1 77 538 226 1531 1587 1439
589 9 2 1 1 45 222 539 1395 1588 1514
590 9 2 1 1 432 673 549 1501 1589 1590
591 9 2 1 1 222 506 562 1311 1591 1592
592 9 2 1 1 309 315 328 1593 1594 1087
593 9 2 1 1 364 533 394 1595 1226 1547
594 9 2 1 1 260 318 319 1596 1597 1598
595 9 2 1 1 324 369 565 1566 1599 1600
596 9 2 1 1 235 434 678 1147 1601 1427
597 9 2 1 1 266 269 267 1602 1429 1178
598 9 2 1 1 304 350 351 1505 1577 1603
599 9 2 1 1 18 19 669 37 1604 1328
600 9 2 1 1 227 499 631 1232 1605 1606
601 9 2 1 1 162 475 163 1607 1608 182
602 9 2 1 1 308 624 478 1399 1609 1074
603 9 2 1 1 392 499 620 1610 1537 1611
604 9 2 1 1 393 394 479 1548 1551 1612
605 9 2 1 1 196 444 516 1613 1614 1615
606 9 2 1 1 446 447 449 1616 1617 1618
607 9 2 1 1 237 240 239 1619 1620 1072
608 9 2 1 1 391 491 573 1521 1621 1622
609 9 2 1 1 253 258 255 1422 1623 1624
610 9 2 1 1 410 498 569 1252 1625 1305
611 9 2 1 1 243 245 244 783 1408 1379
612 9 2 1 1 206 450 519 1626 1627 1628
613 9 2 1 1 226 614 483 1629 1091 1201
614 9 2 1 1 229 496 579 1242 1630 683
615 9 2 1 1 440 513 442 1631 1632 1633
616 9 2 1 1 319 346 388 1634 1635 1459
617 9 2 1 1 62 227 541 1440 1351 1540
618 9 2 1 1 310 544 636 1636 1637 1161
619 9 2 1 1 344 427 657 820 1638 1151
620 9 2 1 1 352 354 353 1313 1639 1640
621 9 2 1 1 312 609 493 1641 1573 1134
622 9 2 1 1 221 479 648 713 1642 1643
623 9 2 1 1 273 327 318 1469 1644 1645
624 9 2 1 1 411 485 486 1532 1646 1647
625 9 2 1 1 321 349 348 1648 1649 1650
626 9 2 1 1 393 479 481 1612 712 1651
627 9 2 1 1 239 240 241 1620 1652 1653
628 9 2 1 1 251 257 553 1546 1654 1655
629 9 2 1 1 327 371 372 1543 1656 1657
630 9 2 1 1 305 313 311 1658 1659 1660
631 9 2 1 1 424 530 425 708 980 1510
632 9 2 1 1 346 554 512 1661 757 1318
633 9 2 1 1 285 287 286 1662 1663 1442
634 9 2 1 1 3 630 51 1664 1665 60
635 9 2 1 1 286 287 288 1663 1666 1209
636 9 2 1 1 306 311 312 1667 1668 1669
637 9 2 1 1 20 200 567 1216 1327 1527
638 9 2 1 1 282 664 418 1670 1671 1040
639 9 2 1 1 258 273 260 1467 1672 1673
640 9 2 1 1 364 393 392 1549 1674 1675
641 9 2 1 1 331 588 334 1676 1677 1431
642 9 2 1 1 246 608 325 1405 1678 1009
643 9 2 1 1 3 61 630 79 1679 1664
644 9 2 1 1 194 619 469 1680 1681 701
645 9 2 1 1 363 364 392 1682 1675 1683
646 9 2 1 1 257 654 484 1684 1332 1125
647 9 2 1 1 336 361 362 1585 1273 1685
648 9 2 1 1 318 346 319 1686 1634 1597
649 9 2 1 1 275 403 347 1687 1688 1689
650 9 2 1 1 313 321 320 1503 1690 1691
651 9 2 1 1 316 585 361 1692 1693 1584
652 9 2 1 1 320 321 348 1690 1650 1578
653 9 2 1 1 336 362 363 1685 1694 692
654 9 2 1 1 362 364 363 1695 1682 1694
655 9 2 1 1 260 273 318 1672 1645 1596
656 9 2 1 1 4 98 633 106 1696 1697
657 9 2 1 1 199 593 496 1698 1699 1270
658 9 2 1 1 199 547 593 1700 1701 1698
659 9 2 1 1 362 533 364 1025 1595 1695
660 9 2 1 1 382 383 560 1302 1702 1703
661 9 2 1 1 405 407 406 1357 1704 1705
662 9 2 1 1 2 44 632 52 1706 1707
663 9 2 1 1 250 677 526 1708 1709 1282
664 9 2 1 1 351 352 353 1576 1640 1710
665 9 2 1 1 247 249 248 1711 1581 1483
666 9 2 1 1 259 380 381 1712 1713 1020
667 9 2 1 1 4 633 78 1697 1714 97
668 9 2 1 1 254 255 256 1715 1716 1717
669 9 2 1 1 303 305 306 1718 1719 1720
670 9 2 1 1 245 247 246 1721 1482 1409
671 9 2 1 1 253 255 254 1624 1715 1722
672 9 2 1 1 438 522 525 1723 1513 1724
673 9 2 1 1 293 302 296 1725 1726 1727
674 9 2 1 1 485 535 573 927 1728 1729
675 9 2 1 1 252 358 262 1730 1731 1285
676 9 2 1 1 2 632 24 1707 1732 43
677 9 2 1 1 360 365 366 1236 1212 1733
678 9 2 1 1 548 656 556 1734 1735 1524
679 9 2 1 1 251 253 254 1736 1722 1544
680 9 2 1 1 250 253 251 1284 1736 1737
681 9 2 1 1 392 631 499 1738 1605 1610
682 9 2 1 1 403 405 404 1004 1739 1740
683 9 2 1 1 311 313 320 1659 1691 1741
684 9 2 1 1 325 497 536 1742 1743 1220
685 9 2 1 1 366 367 470 1275 1436 1222
686 9 2 1 1 6 133 193 153 1744 1745
687 9 2 1 1 5 194 115 1746 1747 134
688 9 2 1 1 258 260 255 1673 1748 1623
689 9 2 1 1 298 301 299 1749 1517 1292
690 9 2 1 1 249 250 251 1750 1737 1751
691 9 2 1 1 227 631 481 1606 1752 1349
692 9 2 1 1 224 501 666 1753 1294 1754
693 9 2 1 1 382 560 543 1703 1755 1756
694 9 2 1 1 302 304 303 1506 1757 1758
695 9 2 1 1 611 635 605 1759 1760 1761
696 9 2 1 1 293 296 295 1727 1762 1763
697 9 2 1 1 306 312 548 1669 1219 1523
698 9 2 1 1 235 676 652 949 1764 1145
699 9 2 1 1 130 196 131 1765 1766 150
700 9 2 1 1 117 195 118 1767 1768 137
701 9 2 1 1 409 411 547 1497 1769 1770
702 9 2 1 1 292 293 295 1771 1763 1330
703 9 2 1 1 305 311 306 1660 1667 1719
704 9 2 1 1 451 452 578 1772 1402 1773
705 9 2 1 1 316 336 335 1586 709 1774
706 9 2 1 1 303 304 305 1757 1775 1718
707 9 2 1 1 1 634 105 1776 1777 114
708 9 2 1 1 247 250 249 1778 1750 1711
709 9 2 1 1 123 203 124 1779 1780 143
710 9 2 1 1 438 525 460 1724 1781 1449
711 9 2 1 1 127 198 128 1782 1783 147
712 9 2 1 1 120 197 121 1784 1785 140
713 9 2 1 1 445 532 586 1786 1787 1788
714 9 2 1 1 447 583 449 1789 1790 1617
715 9 2 1 1 406 407 408 1704 1568 1791
716 9 2 1 1 406 408 521 1791 1792 1793
717 9 2 1 1 159 463 210 1553 1794 1795
718 9 2 1 1 291 293 292 1796 1771 1797
719 9 2 1 1 485 573 486 1729 1798 1646
720 9 2 1 1 380 426 468 1799 1800 1801
721 9 2 1 1 1 7 634 25 1802 1776
722 9 2 1 1 239 241 487 1653 1181 1418
723 9 2 1 1 296 302 303 1726 1758 1803
724 9 2 1 1 133 437 193 1804 1805 1744
725 9 2 1 1 318 327 554 1644 1806 1807
726 9 2 1 1 327 372 554 1657 751 1806
727 9 2 1 1 206 446 449 1508 1618 1808
728 9 2 1 1 282 284 664 1230 1438 1670
729 9 2 1 1 315 316 335 1809 1774 1810
730 9 2 1 1 269 271 270 1811 1533 1430
731 9 2 1 1 272 278 277 1812 1569 1213
732 9 2 1 1 370 652 676 1813 1764 1001
733 9 2 1 1 213 505 628 1300 1124 1814
734 9 2 1 1 290 291 292 1815 1797 1816
735 9 2 1 1 260 319 550 1598 1384 1817
736 9 2 1 1 399 653 645 1444 1818 1095
737 9 2 1 1 249 553 252 1819 1820 1582
738 9 2 1 1 411 486 547 1647 1821 1769
739 9 2 1 1 450 659 520 1309 800 1822
740 9 2 1 1 130 440 196 1823 1824 1765
741 9 2 1 1 442 513 514 1632 1825 1261
742 9 2 1 1 465 601 622 1826 1827 1828
743 9 2 1 1 354 382 397 1484 1829 1830
744 9 2 1 1 318 554 346 1807 1661 1686
745 9 2 1 1 295 534 298 1831 1832 1488
746 9 2 1 1 358 252 553 1730 1820 1833
747 9 2 1 1 325 608 497 1678 1834 1742
748 9 2 1 1 117 549 195 1835 1836 1767
749 9 2 1 1 289 291 290 1837 1815 1838
750 9 2 1 1 347 403 404 1688 1740 1839
751 9 2 1 1 127 519 198 1840 1841 1782
752 9 2 1 1 321 581 349 1842 942 1648
753 9 2 1 1 219 626 457 1843 1844 939
754 9 2 1 1 129 440 130 1845 1823 149
755 9 2 1 1 288 289 290 1846 1838 1247
756 9 2 1 1 380 545 381 1847 1207 1713
757 9 2 1 1 339 341 340 1848 1420 1166
758 9 2 1 1 305 546 313 1849 1472 1658
759 9 2 1 1 132 437 133 1850 1804 152
760 9 2 1 1 126 519 127 1851 1840 146
761 9 2 1 1 444 672 517 1852 1853 1854
762 9 2 1 1 279 307 281 1855 1856 1268
763 9 2 1 1 131 196 516 1766 1615 1857
764 9 2 1 1 301 315 309 1858 1593 1518
765 9 2 1 1 128 198 513 1783 1859 1860
766 9 2 1 1 404 405 406 1739 1705 1861
767 9 2 1 1 353 655 524 1862 1410 1561
768 9 2 1 1 123 552 203 1863 1864 1779
769 9 2 1 1 349 509 638 886 1176 1865
770 9 2 1 1 116 549 117 1866 1835 136
771 9 2 1 1 155 201 156 1867 1868 175
772 9 2 1 1 170 202 171 1572 1869 190
773 9 2 1 1 320 378 609 1580 1559 1870
774 9 2 1 1 166 473 209 1556 1871 1872
775 9 2 1 1 289 294 291 1873 1874 1837
776 9 2 1 1 128 513 129 1860 1875 148
777 9 2 1 1 348 349 562 1649 1876 1877
778 9 2 1 1 249 251 553 1751 1655 1819
779 9 2 1 1 206 449 450 1808 1878 1626
780 9 2 1 1 287 289 288 1879 1846 1666
781 9 2 1 1 304 351 546 1603 1880 1881
782 9 2 1 1 122 552 123 1496 1863 142
783 9 2 1 1 380 468 545 1801 1206 1847
784 9 2 1 1 131 516 132 1857 1882 151
785 9 2 1 1 482 597 528 1883 1143 1184
786 9 2 1 1 255 550 256 1884 1013 1716
787 9 2 1 1 444 517 516 1854 1885 1614
788 9 2 1 1 213 570 502 1886 1504 1360
789 9 2 1 1 383 425 560 1511 809 1702
790 9 2 1 1 295 296 534 1762 1887 1831
791 9 2 1 1 290 292 665 1816 1131 1888
792 9 2 1 1 120 555 197 1889 1890 1784
793 9 2 1 1 154 460 155 1450 1891 174
794 9 2 1 1 382 543 397 1756 1892 1829
795 9 2 1 1 241 242 243 1893 1894 1378
796 9 2 1 1 203 552 448 1864 1895 1896
797 9 2 1 1 19 567 669 1528 1897 1604
798 9 2 1 1 283 300 285 1898 1899 1535
799 9 2 1 1 426 551 468 1900 1458 1800
800 9 2 1 1 119 555 120 1499 1889 139
801 9 2 1 1 255 260 550 1748 1817 1884
802 9 2 1 1 125 206 126 1509 1901 145
803 9 2 1 1 350 559 662 1414 1902 739
804 9 2 1 1 115 194 617 1747 703 1903
805 9 2 1 1 225 582 232 771 1904 795
806 9 2 1 1 379 426 380 1905 1799 1906
807 9 2 1 1 287 561 289 1907 1908 1879
808 9 2 1 1 301 316 315 1909 1809 1858
809 9 2 1 1 271 565 272 1910 1911 1534
810 9 2 1 1 303 306 556 1720 1525 1912
811 9 2 1 1 304 546 305 1881 1849 1775
812 9 2 1 1 275 596 403 1913 997 1687
813 9 2 1 1 129 513 440 1875 1631 1845
814 9 2 1 1 264 268 266 1914 1915 1432
815 9 2 1 1 6 193 438 1745 1916 1447
816 9 2 1 1 278 537 279 1917 1918 1570
817 9 2 1 1 328 482 330 1919 1920 1464
818 9 2 1 1 199 671 547 1921 1922 1700
819 9 2 1 1 132 516 437 1882 1923 1850
820 9 2 1 1 324 347 368 1924 1925 1564
821 9 2 1 1 157 208 158 1926 1927 177
822 9 2 1 1 168 207 169 1928 1929 188
823 9 2 1 1 400 645 653 1199 1818 1930
824 9 2 1 1 156 464 157 1931 1932 176
825 9 2 1 1 455 566 578 1016 1933 1401
826 9 2 1 1 275 347 324 1689 1924 1934
827 9 2 1 1 222 638 539 1935 1175 1588
828 9 2 1 1 346 570 388 1320 1936 1635
829 9 2 1 1 5 439 194 1477 1937 1746
830 9 2 1 1 242 259 243 1938 695 1894
831 9 2 1 1 242 379 259 1939 1940 1938
832 9 2 1 1 197 555 453 1890 1941 1942
833 9 2 1 1 477 600 594 1943 1944 1945
834 9 2 1 1 155 460 201 1891 1946 1867
835 9 2 1 1 126 206 519 1901 1628 1851
836 9 2 1 1 198 514 513 1947 1825 1859
837 9 2 1 1 323 605 635 1948 1760 1390
838 9 2 1 1 118 195 445 1768 1949 1475
839 9 2 1 1 12 680 529 1250 1950 1465
840 9 2 1 1 321 326 581 1502 736 1842
841 9 2 1 1 408 671 529 1951 1952 1953
842 9 2 1 1 408 409 671 1567 1954 1951
843 9 2 1 1 311 609 312 1955 1641 1668
844 9 2 1 1 210 650 580 1956 1957 1958
845 9 2 1 1 124 203 446 1780 1959 1478
846 9 2 1 1 214 503 625 1297 1960 924
847 9 2 1 1 384 557 599 1204 1961 1367
848 9 2 1 1 293 559 302 1962 1413 1725
849 9 2 1 1 121 197 451 1785 1963 1480
850 9 2 1 1 163 475 472 1608 1964 1965
851 9 2 1 1 240 242 241 1966 1893 1652
852 9 2 1 1 357 636 544 1967 1637 969
853 9 2 1 1 271 275 324 1968 1934 1969
854 9 2 1 1 393 481 631 1651 1752 1970
855 9 2 1 1 374 377 497 1174 1971 1433
856 9 2 1 1 495 587 524 747 1562 1437
857 9 2 1 1 326 546 637 1473 1972 1973
858 9 2 1 1 447 527 583 1974 1975 1789
859 9 2 1 1 254 654 257 1976 1684 1545
860 9 2 1 1 272 565 278 1911 1977 1812
861 9 2 1 1 159 210 160 1795 1978 179
862 9 2 1 1 166 209 167 1872 1979 186
863 9 2 1 1 236 618 237 1980 1981 1341
864 9 2 1 1 334 588 385 1677 1982 1983
865 9 2 1 1 473 500 474 1984 1070 1985
866 9 2 1 1 259 379 380 1940 1906 1712
867 9 2 1 1 269 275 271 1986 1968 1811
868 9 2 1 1 418 598 419 1987 1030 1149
869 9 2 1 1 198 519 520 1841 1988 1989
870 9 2 1 1 442 518 443 1262 1454 1990
871 9 2 1 1 226 538 646 1587 914 1991
872 9 2 1 1 156 201 464 1868 1992 1931
873 9 2 1 1 450 520 519 1822 1988 1627
874 9 2 1 1 377 536 497 1993 1743 1971
875 9 2 1 1 167 466 168 1994 1995 187
876 9 2 1 1 296 303 556 1803 1912 1996
877 9 2 1 1 196 440 441 1824 1997 1998
878 9 2 1 1 171 202 461 1869 781 1487
879 9 2 1 1 358 574 262 1999 2000 1731
880 9 2 1 1 44 539 632 1515 2001 1706
881 9 2 1 1 203 448 447 1896 2002 2003
882 9 2 1 1 116 617 549 2004 2005 1866
883 9 2 1 1 198 520 514 1989 799 1947
884 9 2 1 1 24 632 510 1732 2006 1254
885 9 2 1 1 527 653 583 2007 2008 1975
886 9 2 1 1 161 212 162 2009 2010 181
887 9 2 1 1 164 211 165 2011 2012 184
888 9 2 1 1 291 559 293 2013 1962 1796
889 9 2 1 1 348 562 592 1877 2014 2015
890 9 2 1 1 216 543 560 1171 1755 810
891 9 2 1 1 279 537 307 1918 908 1855
892 9 2 1 1 354 655 353 2016 1862 1639
893 9 2 1 1 451 578 552 1773 2017 1495
894 9 2 1 1 396 602 576 2018 2019 1278
895 9 2 1 1 367 517 672 2020 1853 1343
896 9 2 1 1 506 592 562 1529 2014 1591
897 9 2 1 1 413 612 422 2021 2022 877
898 9 2 1 1 436 584 623 1421 937 2023
899 9 2 1 1 296 556 534 1996 2024 1887
900 9 2 1 1 440 442 441 1633 2025 1997
901 9 2 1 1 526 677 540 1709 2026 922
902 9 2 1 1 437 516 517 1923 1885 2027
903 9 2 1 1 163 472 164 1965 2028 183
904 9 2 1 1 328 597 482 2029 1883 1919
905 9 2 1 1 368 590 369 1114 762 1565
906 9 2 1 1 160 580 161 2030 2031 180
907 9 2 1 1 391 573 535 1622 1728 1560
908 9 2 1 1 196 441 444 1998 2032 1613
909 9 2 1 1 452 454 455 2033 2034 1400
910 9 2 1 1 169 207 465 1929 2035 1485
911 9 2 1 1 453 456 454 2036 2037 2038
912 9 2 1 1 245 540 677 782 2026 2039
913 9 2 1 1 429 532 673 1317 2040 1500
914 9 2 1 1 201 460 504 1946 2041 2042
915 9 2 1 1 445 586 555 1788 2043 1498
916 9 2 1 1 360 366 467 1733 1426 2044
917 9 2 1 1 197 453 452 1942 2045 2046
918 9 2 1 1 397 567 655 2047 1411 2048
919 9 2 1 1 330 588 331 2049 1676 1133
920 9 2 1 1 199 529 671 1457 1952 1921
921 9 2 1 1 157 464 208 1932 2050 1926
922 9 2 1 1 372 646 523 2051 913 749
923 9 2 1 1 373 497 608 1434 1834 999
924 9 2 1 1 348 592 378 2015 742 1579
925 9 2 1 1 356 657 504 1152 2052 887
926 9 2 1 1 294 489 662 842 740 2053
927 9 2 1 1 537 607 623 2054 2055 909
928 9 2 1 1 193 437 568 1805 2056 2057
929 9 2 1 1 463 557 651 2058 2059 2060
930 9 2 1 1 496 593 579 1699 2061 1630
931 9 2 1 1 315 335 597 1810 1144 2062
932 9 2 1 1 449 583 610 1790 2063 2064
933 9 2 1 1 400 653 527 1930 2007 784
934 9 2 1 1 212 580 477 2065 2066 2067
935 9 2 1 1 347 404 563 1839 2068 2069
936 9 2 1 1 406 521 668 1793 2070 2071
937 9 2 1 1 51 630 488 1665 2072 1339
938 9 2 1 1 625 648 480 2073 2074 2075
939 9 2 1 1 416 642 544 1122 1194 2076
940 9 2 1 1 626 643 426 2077 2078 2079
941 9 2 1 1 453 586 456 2080 2081 2036
942 9 2 1 1 271 324 565 1969 1600 1910
943 9 2 1 1 168 466 207 1995 2082 1928
944 9 2 1 1 158 208 463 1927 2083 1552
945 9 2 1 1 353 587 637 1563 2084 2085
946 9 2 1 1 361 585 656 1693 2086 2087
947 9 2 1 1 281 571 283 2088 2089 1358
948 9 2 1 1 289 561 294 1908 841 1873
949 9 2 1 1 115 617 116 1903 2004 135
950 9 2 1 1 291 294 559 1874 2090 2013
951 9 2 1 1 232 582 236 1904 2091 1583
952 9 2 1 1 351 353 637 1710 2085 2092
953 9 2 1 1 347 563 368 2069 1117 1925
954 9 2 1 1 268 574 575 2093 2094 754
955 9 2 1 1 221 648 503 1643 2095 1363
956 9 2 1 1 262 574 264 2000 2096 1354
957 9 2 1 1 478 624 542 1609 1461 1068
958 9 2 1 1 441 442 443 2025 1990 2097
959 9 2 1 1 98 511 633 1403 2098 1696
960 9 2 1 1 212 477 476 2067 2099 2100
961 9 2 1 1 365 522 568 1156 2101 2102
962 9 2 1 1 448 566 527 2103 785 2104
963 9 2 1 1 510 632 539 2006 2001 1082
964 9 2 1 1 460 525 504 1781 888 2041
965 9 2 1 1 215 668 521 2105 2070 1348
966 9 2 1 1 475 476 604 2106 2107 2108
967 9 2 1 1 230 501 639 1057 2109 1245
968 9 2 1 1 290 665 308 1888 2110 1248
969 9 2 1 1 167 209 466 1979 1191 1994
970 9 2 1 1 388 570 628 1936 2111 2112
971 9 2 1 1 315 597 328 2062 2029 1594
972 9 2 1 1 361 656 548 2087 1734 1272
973 9 2 1 1 165 211 473 2012 2113 1555
974 9 2 1 1 203 447 446 2003 1616 1959
975 9 2 1 1 105 634 531 1777 2114 1554
976 9 2 1 1 215 563 668 1154 2115 2105
977 9 2 1 1 447 448 527 2002 2104 1974
978 9 2 1 1 285 577 287 2116 2117 1662
979 9 2 1 1 195 532 445 2118 1786 1949
980 9 2 1 1 486 593 547 2119 1701 1821
981 9 2 1 1 281 307 571 1856 828 2088
982 9 2 1 1 515 531 634 1235 2114 2120
983 9 2 1 1 197 452 451 2046 1772 1963
984 9 2 1 1 437 517 568 2027 2121 2056
985 9 2 1 1 448 578 566 2122 1933 2103
986 9 2 1 1 454 564 455 2123 720 2034
987 9 2 1 1 491 647 573 2124 2125 1621
988 9 2 1 1 330 482 591 1920 825 2126
989 9 2 1 1 160 210 580 1978 1958 2030
990 9 2 1 1 311 320 609 1741 1870 1955
991 9 2 1 1 209 473 474 1871 1985 1557
992 9 2 1 1 498 641 569 2127 2128 1625
993 9 2 1 1 341 621 501 2129 1295 1183
994 9 2 1 1 452 453 454 2045 2038 2033
995 9 2 1 1 626 219 643 1843 1512 2077
996 9 2 1 1 298 534 585 1832 2130 2131
997 9 2 1 1 162 212 475 2010 2132 1607
998 9 2 1 1 371 614 372 1092 2133 1656
999 9 2 1 1 385 588 589 1982 2134 2135
1000 9 2 1 1 164 472 211 2028 2136 2011
1001 9 2 1 1 161 580 212 2031 2065 2009
1002 9 2 1 1 387 459 616 1067 890 1105
1003 9 2 1 1 193 522 438 2137 1723 1916
1004 9 2 1 1 625 503 648 1960 2095 2073
1005 9 2 1 1 334 385 339 1983 2138 1575
1006 9 2 1 1 245 677 247 2039 2139 1721
1007 9 2 1 1 363 392 620 1683 1611 1062
1008 9 2 1 1 287 577 561 2117 787 1907
1009 9 2 1 1 301 585 316 2140 1692 1909
1010 9 2 1 1 264 574 268 2096 2093 1914
1011 9 2 1 1 202 465 622 1571 1828 899
1012 9 2 1 1 574 641 575 2141 2142 2094
1013 9 2 1 1 370 500 652 1071 2143 1813
1014 9 2 1 1 61 541 630 1541 2144 1679
1015 9 2 1 1 358 641 574 2145 2141 1999
1016 9 2 1 1 257 660 553 2146 2147 1654
1017 9 2 1 1 480 493 644 1373 1574 2148
1018 9 2 1 1 369 640 565 2149 2150 1599
1019 9 2 1 1 7 515 634 1453 2120 1802
1020 9 2 1 1 428 651 557 2151 2059 1203
1021 9 2 1 1 466 576 602 1190 2019 2152
1022 9 2 1 1 78 633 538 1714 2153 1530
1023 9 2 1 1 242 603 379 2154 2155 1939
1024 9 2 1 1 283 571 300 2089 689 1898
1025 9 2 1 1 298 585 301 2131 2140 1749
1026 9 2 1 1 412 487 627 1507 1471 860
1027 9 2 1 1 349 638 562 1865 2156 1876
1028 9 2 1 1 450 449 610 1878 2064 1369
1029 9 2 1 1 618 236 679 1980 2157 2158
1030 9 2 1 1 240 603 242 2159 2154 1966
1031 9 2 1 1 413 536 612 805 2160 2021
1032 9 2 1 1 472 475 604 1964 2108 2161
1033 9 2 1 1 266 596 269 2162 2163 1602
1034 9 2 1 1 579 593 647 2061 2164 2165
1035 9 2 1 1 379 626 426 2166 2079 1905
1036 9 2 1 1 588 591 589 2167 2168 2134
1037 9 2 1 1 285 300 577 1899 2169 2116
1038 9 2 1 1 377 612 536 2170 2160 1993
1039 9 2 1 1 208 557 463 2171 2058 2083
1040 9 2 1 1 201 504 670 2042 2172 2173
1041 9 2 1 1 266 268 596 1915 998 2162
1042 9 2 1 1 395 622 601 1334 1827 1424
1043 9 2 1 1 397 669 567 2174 1897 2047
1044 9 2 1 1 504 657 670 2052 2175 2172
1045 9 2 1 1 213 628 570 1814 2111 1886
1046 9 2 1 1 237 618 240 1981 2176 1619
1047 9 2 1 1 330 591 588 2126 2167 2049
1048 9 2 1 1 388 628 390 2112 1123 1538
1049 9 2 1 1 532 649 586 2177 2178 1787
1050 9 2 1 1 408 529 680 1953 1950 2179
1051 9 2 1 1 208 464 599 2050 2180 2181
1052 9 2 1 1 207 601 465 2182 1826 2035
1053 9 2 1 1 470 471 624 1435 1462 1398
1054 9 2 1 1 211 500 473 2183 1984 2113
1055 9 2 1 1 511 538 633 966 2153 2098
1056 9 2 1 1 379 603 626 2155 2184 2166
1057 9 2 1 1 392 393 631 1674 1970 1738
1058 9 2 1 1 457 626 603 1844 2184 2185
1059 9 2 1 1 269 596 275 2163 1913 1986
1060 9 2 1 1 476 477 594 2099 1945 2186
1061 9 2 1 1 488 630 541 2072 2144 1382
1062 9 2 1 1 332 345 642 1058 1195 1099
1063 9 2 1 1 569 641 660 2128 2187 2188
1064 9 2 1 1 308 665 595 2110 2189 1388
1065 9 2 1 1 479 480 648 1550 2074 1642
1066 9 2 1 1 456 611 605 1365 1761 2190
1067 9 2 1 1 254 256 654 1717 945 1976
1068 9 2 1 1 476 606 604 2191 2192 2107
1069 9 2 1 1 432 549 617 1590 2005 875
1070 9 2 1 1 454 456 605 2037 2190 2193
1071 9 2 1 1 367 682 517 1274 2194 2020
1072 9 2 1 1 477 580 650 2066 1957 2195
1073 9 2 1 1 207 466 602 2082 2152 2196
1074 9 2 1 1 193 568 522 2057 2101 2137
1075 9 2 1 1 611 661 398 1493 1107 2197
1076 9 2 1 1 433 606 594 2198 2199 1322
1077 9 2 1 1 212 476 475 2100 2106 2132
1078 9 2 1 1 257 569 660 1127 2188 2146
1079 9 2 1 1 415 589 591 2200 2168 846
1080 9 2 1 1 278 640 537 2201 2202 1917
1081 9 2 1 1 486 647 593 2203 2164 2119
1082 9 2 1 1 404 668 563 2204 2115 2068
1083 9 2 1 1 195 673 532 2205 2040 2118
1084 9 2 1 1 448 552 578 1895 2017 2122
1085 9 2 1 1 476 594 606 2186 2199 2191
1086 9 2 1 1 619 422 663 1346 2206 2207
1087 9 2 1 1 326 637 587 1973 2084 737
1088 9 2 1 1 224 639 501 1263 2109 1753
1089 9 2 1 1 534 656 585 2208 2086 2130
1090 9 2 1 1 464 670 599 2209 2210 2180
1091 9 2 1 1 430 649 532 1141 2177 1316
1092 9 2 1 1 194 439 619 1937 1347 1680
1093 9 2 1 1 300 613 577 996 788 2169
1094 9 2 1 1 247 677 250 2139 1708 1778
1095 9 2 1 1 240 618 603 2176 2211 2159
1096 9 2 1 1 314 542 674 1069 1526 2212
1097 9 2 1 1 351 637 546 2092 1972 1880
1098 9 2 1 1 454 605 564 2193 2213 2123
1099 9 2 1 1 453 555 586 1941 2043 2080
1100 9 2 1 1 428 600 650 1451 2214 2215
1101 9 2 1 1 354 397 655 1830 2048 2016
1102 9 2 1 1 615 652 500 2216 2143 2217
1103 9 2 1 1 195 549 673 1836 1589 2205
1104 9 2 1 1 614 646 372 2218 2051 2133
1105 9 2 1 1 360 467 636 2044 1162 2219
1106 9 2 1 1 340 594 600 1323 1944 1168
1107 9 2 1 1 360 636 357 2219 1967 1494
1108 9 2 1 1 358 553 660 1833 2147 2220
1109 9 2 1 1 477 650 600 2195 2214 1943
1110 9 2 1 1 396 601 602 1425 2221 2018
1111 9 2 1 1 456 586 649 2081 2178 1366
1112 9 2 1 1 491 579 647 746 2165 2124
1113 9 2 1 1 278 565 640 1977 2150 2201
1114 9 2 1 1 409 547 671 1770 1922 1954
1115 9 2 1 1 426 643 551 2078 880 1900
1116 9 2 1 1 615 434 652 2222 1146 2216
1117 9 2 1 1 401 610 583 1193 2063 2223
1118 9 2 1 1 208 599 557 2181 1961 2171
1119 9 2 1 1 537 640 607 2202 2224 2054
1120 9 2 1 1 420 595 665 1129 2189 1130
1121 9 2 1 1 375 661 430 1338 1492 1380
1122 9 2 1 1 404 406 668 1861 2071 2204
1123 9 2 1 1 211 472 615 2136 2225 2226
1124 9 2 1 1 210 463 651 1794 2060 2227
1125 9 2 1 1 207 602 601 2196 2221 2182
1126 9 2 1 1 486 573 647 1798 2125 2203
1127 9 2 1 1 222 562 638 1592 2156 1935
1128 9 2 1 1 201 670 464 2173 2209 1992
1129 9 2 1 1 611 398 635 2197 774 1759
1130 9 2 1 1 408 680 521 2179 1249 1792
1131 9 2 1 1 434 606 678 2228 2229 1601
1132 9 2 1 1 582 679 236 2230 2157 2091
1133 9 2 1 1 339 621 341 2231 2129 1848
1134 9 2 1 1 534 556 656 2024 1735 2208
1135 9 2 1 1 618 679 457 2158 1276 2232
1136 9 2 1 1 441 443 629 2097 1065 2233
1137 9 2 1 1 441 629 444 2233 2234 2032
1138 9 2 1 1 434 615 604 2222 2235 2236
1139 9 2 1 1 397 543 669 1892 1329 2174
1140 9 2 1 1 498 575 641 1470 2142 2127
1141 9 2 1 1 612 663 422 2237 2206 2022
1142 9 2 1 1 314 674 598 2212 1196 1391
1143 9 2 1 1 472 604 615 2161 2235 2225
1144 9 2 1 1 358 660 641 2220 2187 2145
1145 9 2 1 1 339 385 621 2138 2238 2231
1146 9 2 1 1 428 650 651 2215 2239 2151
1147 9 2 1 1 436 623 607 2023 2055 728
1148 9 2 1 1 310 681 544 1539 2240 1636
1149 9 2 1 1 211 615 500 2226 2217 2183
1150 9 2 1 1 427 670 657 2241 2175 1638
1151 9 2 1 1 385 589 666 2135 2242 2243
1152 9 2 1 1 323 564 605 2244 2213 1948
1153 9 2 1 1 625 480 644 2075 2148 894
1154 9 2 1 1 294 662 559 2053 1902 2090
1155 9 2 1 1 369 607 640 763 2224 2149
1156 9 2 1 1 517 682 568 2194 2245 2121
1157 9 2 1 1 589 658 666 2246 2247 2242
1158 9 2 1 1 226 646 614 1991 2218 1629
1159 9 2 1 1 416 544 681 2076 2240 852
1160 9 2 1 1 418 664 598 1671 1392 1987
1161 9 2 1 1 457 603 618 2185 2211 2232
1162 9 2 1 1 433 678 606 994 2229 2198
1163 9 2 1 1 612 377 663 2170 1417 2237
1164 9 2 1 1 427 599 670 1368 2210 2241
1165 9 2 1 1 210 651 650 2227 2239 1956
1166 9 2 1 1 365 568 682 2102 2245 1210
1167 9 2 1 1 323 667 564 1387 1182 2244
1168 9 2 1 1 434 604 606 2236 2192 2228
1169 9 2 1 1 401 583 653 2223 2008 1443
1170 9 2 1 1 224 666 658 1754 2247 1256
1171 9 2 1 1 415 658 589 1304 2246 2200
1172 9 2 1 1 619 663 469 2207 1416 1681
1173 9 2 1 1 582 423 679 837 1277 2230
1174 9 2 1 1 444 629 672 2234 2248 1852
1175 9 2 1 1 621 385 666 2238 2243 1293
1176 9 2 1 1 471 672 629 1344 2248 1064
$EndElements
