$MeshFormat
2.2 0 8
$EndMeshFormat
$Nodes
9935
1 -15 0 0
2 -1 0 0
3 0 0 0
4 1 0 0
5 15 0 0
6 15 2 0
7 1 2 0
8 -1 2 0
9 -15 2 0
10 -14.60271216500435 0 0
11 -14.21557099837476 0 0
12 -13.83831730946282 0 0
13 -13.4706987669283 0 0
14 -13.11246909796923 0 0
15 -12.7633886409072 0 0
16 -12.42322359435296 0 0
17 -12.09174640658317 0 0
18 -11.76873517726052 0 0
19 -11.45397358623377 0 0
20 -11.14725093700008 0 0
21 -10.84836194776882 0 0
22 -10.55710661506839 0 0
23 -10.27328992156096 0 0
24 -9.996721903596438 0 0
25 -9.727217404303452 0 0
26 -9.464596002503908 0 0
27 -9.208681992975654 0 0
28 -8.959303989758732 0 0
29 -8.716295063886081 0 0
30 -8.479492607023502 0 0
31 -8.248738050871186 0 0
32 -8.023876913715521 0 0
33 -7.804758778786326 0 0
34 -7.591236875230539 0 0
35 -7.38316829696491 0 0
36 -7.180413827374484 0 0
37 -6.982837643296941 0 0
38 -6.790307556068655 0 0
39 -6.602694699593847 0 0
40 -6.419873445004336 0 0
41 -6.241721409486551 0 0
42 -6.068119412850592 0 0
43 -5.898951176268349 0 0
44 -5.734103455715524 0 0
45 -5.573465965425677 0 0
46 -5.416931178895526 0 0
47 -5.264394237892729 0 0
48 -5.115753054272384 0 0
49 -4.970908181547088 0 0
50 -4.829762646463613 0 0
51 -4.692221957872675 0 0
52 -4.558194055542928 0 0
53 -4.427589221288299 0 0
54 -4.300320021289219 0 0
55 -4.176301261563448 0 0
56 -4.055449941412755 0 0
57 -3.937685143331799 0 0
58 -3.822928074343212 0 0
59 -3.711101875929919 0 0
60 -3.602131715898997 0 0
61 -3.495944633304733 0 0
62 -3.39246958241964 0 0
63 -3.291637270978109 0 0
64 -3.193380209452026 0 0
65 -3.097632631586481 0 0
66 -3.004330446493862 0 0
67 -2.913411179495143 0 0
68 -2.824813996940589 0 0
69 -2.738479574425072 0 0
70 -2.654350105649512 0 0
71 -2.572369324517783 0 0
72 -2.492482337190573 0 0
73 -2.414635646183473 0 0
74 -2.3387771293527 0 0
75 -2.264856055849269 0 0
76 -2.192822916950282 0 0
77 -2.12262950941371 0 0
78 -2.054228832844892 0 0
79 -1.987575104959729 0 0
80 -1.922623709065539 0 0
81 -1.859331166677596 0 0
82 -1.797655105548824 0 0
83 -1.737554261244762 0 0
84 -1.678988380439642 0 0
85 -1.621918272398728 0 0
86 -1.566305729936525 0 0
87 -1.512113526669588 0 0
88 -1.45930538081841 0 0
89 -1.407845969654214 0 0
90 -1.357700816330126 0 0
91 -1.30883636773706 0 0
92 -1.261219922189729 0 0
93 -1.214819587981885 0 0
94 -1.169604312417272 0 0
95 -1.125543844366062 0 0
96 -1.082608677961431 0 0
97 -1.04077006886387 0 0
98 -14.80135608250218 0 0
99 -14.40914158168956 0 0
100 -14.02694415391885 0 0
101 -13.65450803819542 0 0
102 -13.29158393244848 0 0
103 -12.93792886943822 0 0
104 -12.59330611763007 0 0
105 -12.25748500046817 0 0
106 -11.93024079192177 0 0
107 -11.61135438174707 0 0
108 -11.30061226161692 0 0
109 -10.99780644238457 0 0
110 -10.70273428141837 0 0
111 -10.41519826831468 0 0
112 -10.13500591257873 0 0
113 -9.861969653949991 0 0
114 -9.595906703403635 0 0
115 -9.33663899773974 0 0
116 -9.083992991367193 0 0
117 -8.837799526822543 0 0
118 -8.597893835454775 0 0
119 -8.364115328947406 0 0
120 -8.136307482293377 0 0
121 -7.914317846250977 0 0
122 -7.697997827008431 0 0
123 -7.487202586097736 0 0
124 -7.281791062169725 0 0
125 -7.08162573533565 0 0
126 -6.886572599682797 0 0
127 -6.696501127831251 0 0
128 -6.511284072299092 0 0
129 -6.330797427245407 0 0
130 -6.154920411168577 0 0
131 -5.98353529455947 0 0
132 -5.816527315991948 0 0
133 -5.6537847105706 0 0
134 -5.495198572160659 0 0
135 -5.34066270839415 0 0
136 -5.190073646082624 0 0
137 -5.043330617909734 0 0
138 -4.900335414005308 0 0
139 -4.76099230216814 0 0
140 -4.625208006707801 0 0
141 -4.492891638415584 0 0
142 -4.363954621288739 0 0
143 -4.23831064142631 0 0
144 -4.115875601488137 0 0
145 -3.996567542372257 0 0
146 -3.880306608837504 0 0
147 -3.76701497513657 0 0
148 -3.656616795914458 0 0
149 -3.549038174601865 0 0
150 -3.444207107862186 0 0
151 -3.342053426698874 0 0
152 -3.242508740215067 0 0
153 -3.145506420519245 0 0
154 -3.050981539040171 0 0
155 -2.9588708129945 0 0
156 -2.869112588217866 0 0
157 -2.781646785682831 0 0
158 -2.696414840037293 0 0
159 -2.613359715083652 0 0
160 -2.532425830854178 0 0
161 -2.453558991687023 0 0
162 -2.376706387768087 0 0
163 -2.301816592600984 0 0
164 -2.228839486399781 0 0
165 -2.157726213181985 0 0
166 -2.088429171129303 0 0
167 -2.020901968902308 0 0
168 -1.955099407012634 0 0
169 -1.890977437871567 0 0
170 -1.82849313611321 0 0
171 -1.767604683396793 0 0
172 -1.708271320842202 0 0
173 -1.650453326419185 0 0
174 -1.594112001167627 0 0
175 -1.539209628303057 0 0
176 -1.485709453743999 0 0
177 -1.433575675236311 0 0
178 -1.38277339299217 0 0
179 -1.333268592033594 0 0
180 -1.285028144963394 0 0
181 -1.238019755085806 0 0
182 -1.192211950199579 0 0
183 -1.147574078391666 0 0
184 -1.104076261163748 0 0
185 -1.06168937341265 0 0
186 -1.020385034431936 0 0
187 0.9991889981716322 0.04026594010786309 0
188 0.9967573081343384 0.08046656871513605 0
189 0.992708874098252 0.1205366802536917 0
190 0.9870502626381863 0.1604112808560774 0
191 0.9797906520426181 0.2000256937743284 0
192 0.970941817426477 0.2393156642858336 0
193 0.9605181116318745 0.2782174639147187 0
194 0.9485364419477279 0.3166679937997282 0
195 0.9350162426860837 0.3546048870407718 0
196 0.9199794436595865 0.391966609858286 0
197 0.9034504346112501 0.4286925614012254 0
198 0.8854560256541811 0.4647231720419179 0
199 0.8660254037855228 0.4999999999981221 0
200 0.8451900855450045 0.534465826125888 0
201 0.8229838658949811 0.5680647467292366 0
202 0.7994427634049512 0.6007422642360492 0
203 0.7746049618292088 0.6324453755934737 0
204 0.7485107481727626 0.6631226582389197 0
205 0.7212024473456033 0.692724353507737 0
206 0.69272435351151 0.7212024473419795 0
207 0.6631226582428354 0.7485107481692935 0
208 0.6324453755975286 0.7746049618258981 0
209 0.6007422642402814 0.7994427634017709 0
210 0.5680647467335971 0.8229838658919713 0
211 0.534465826130325 0.8451900855421988 0
212 0.500000000002617 0.8660254037829277 0
213 0.4647231720465169 0.8854560256517675 0
214 0.4286925614059466 0.9034504346090099 0
215 0.3919666098630702 0.9199794436575481 0
216 0.3546048870456569 0.9350162426842311 0
217 0.3166679938047018 0.9485364419460675 0
218 0.2782174639198144 0.9605181116303986 0
219 0.2393156642910386 0.970941817425194 0
220 0.2000256937796096 0.9797906520415399 0
221 0.1604112808614199 0.9870502626373181 0
222 0.1205366802590676 0.9927088740975993 0
223 0.0804665687205753 0.9967573081338992 0
224 0.04026594011334912 0.9991889981714112 0
225 3.958228357711299e-12 1 0
226 -0.04026594010553826 0.9991889981717259 0
227 -0.08046656871299171 0.9967573081345115 0
228 -0.1205366802517912 0.9927088740984829 0
229 -0.1604112808543706 0.9870502626384637 0
230 -0.2000256937727953 0.979790652042931 0
231 -0.2393156642844493 0.9709418174268182 0
232 -0.2782174639135215 0.9605181116322213 0
233 -0.316667993798777 0.9485364419480454 0
234 -0.354604887040003 0.9350162426863753 0
235 -0.3919666098576886 0.919979443659841 0
236 -0.4286925614008023 0.9034504346114508 0
237 -0.4647231720416722 0.8854560256543101 0
238 -0.4999999999980614 0.8660254037855578 0
239 -0.5344658261260247 0.8451900855449181 0
240 -0.5680647467296507 0.8229838658946953 0
241 -0.6007422642366658 0.7994427634044879 0
242 -0.6324453755941908 0.7746049618286234 0
243 -0.6631226582397204 0.7485107481720533 0
244 -0.6927243535086578 0.7212024473447189 0
245 -0.7212024473429773 0.692724353510471 0
246 -0.74851074817039 0.6631226582415979 0
247 -0.7746049618270526 0.6324453755961145 0
248 -0.7994427634029879 0.6007422642386618 0
249 -0.8229838658932784 0.5680647467317033 0
250 -0.845190085543591 0.5344658261281233 0
251 -0.8660254037843075 0.5000000000002273 0
252 -0.8854560256531466 0.464723172043889 0
253 -0.9034504346103743 0.4286925614030709 0
254 -0.9199794436588645 0.3919666098599803 0
255 -0.935016242685501 0.3546048870423083 0
256 -0.9485364419472601 0.3166679938011296 0
257 -0.9605181116315084 0.2782174639159827 0
258 -0.9709418174261988 0.2393156642869622 0
259 -0.9797906520424288 0.2000256937752556 0
260 -0.9870502626380785 0.1604112808567414 0
261 -0.9927088740981931 0.1205366802541773 0
262 -0.9967573081343124 0.08046656871545656 0
263 -0.9991889981716258 0.04026594010802177 0
264 0.9997972289848658 0.02013705326466379 0
265 0.9981755542234125 0.06037849742071488 0
266 0.994934835062808 0.1005220074339098 0
267 0.9900803279613992 0.1405024703834351 0
268 0.9836199069474553 0.1802550378122047 0
269 0.9755640508474813 0.2197152309104966 0
270 0.9659258262895309 0.258819045100794 0
271 0.9547208665090881 0.2975030538534623 0
272 0.9419673459918927 0.3357045115648432 0
273 0.9276859509948546 0.3733614553308524 0
274 0.9118998459929041 0.4104128054509482 0
275 0.8946346361060653 0.4467984644997877 0
276 0.8759183255679159 0.4824594148053268 0
277 0.855781272302597 0.5173378141757553 0
278 0.8342561386841291 0.5513770897197736 0
279 0.8113778385579625 0.5845220296079601 0
280 0.7871834806105512 0.6167188726266271 0
281 0.7617123081789651 0.6479153953786507 0
282 0.7350056355980542 0.6780609969900203 0
283 0.7071067811883965 0.7071067811846985 0
284 0.6780609969938663 0.7350056355945062 0
285 0.6479153953826312 0.7617123081755793 0
286 0.6167188726307616 0.787183480607312 0
287 0.5845220296122524 0.8113778385548702 0
288 0.5513770897241766 0.834256138681219 0
289 0.5173378141802261 0.8557812722998943 0
290 0.48245941480986 0.875918325565419 0
291 0.4467984645044352 0.8946346361037443 0
292 0.4104128054557091 0.9118998459907613 0
293 0.3733614553356887 0.9276859509929083 0
294 0.335704511569788 0.9419673459901304 0
295 0.2975030538584986 0.9547208665075186 0
296 0.258819045105935 0.9659258262881535 0
297 0.219715230915739 0.9755640508463006 0
298 0.1802550378175253 0.9836199069464803 0
299 0.1405024703888099 0.9900803279606365 0
300 0.100522007439315 0.9949348350622619 0
301 0.06037849742616298 0.9981755542230829 0
302 0.02013705326938723 0.9997972289847706 0
303 -0.02013705326152455 0.999797228984929 0
304 -0.06037849741847773 0.9981755542235479 0
305 -0.1005220074318709 0.9949348350630141 0
306 -0.1405024703816172 0.9900803279616572 0
307 -0.1802550378105912 0.983619906947751 0
308 -0.2197152309090456 0.9755640508478082 0
309 -0.2588190450995109 0.9659258262898748 0
310 -0.2975030538523917 0.9547208665094217 0
311 -0.3357045115639896 0.9419673459921969 0
312 -0.3733614553301501 0.9276859509951373 0
313 -0.4104128054504319 0.9118998459931364 0
314 -0.4467984644994526 0.8946346361062327 0
315 -0.4824594148051775 0.8759183255679982 0
316 -0.5173378141758019 0.8557812723025688 0
317 -0.5513770897200426 0.8342561386839512 0
318 -0.5845220296085039 0.8113778385575707 0
319 -0.6167188726272821 0.7871834806100381 0
320 -0.6479153953793906 0.7617123081783358 0
321 -0.6780609969908771 0.7350056355972637 0
322 -0.7071067811856506 0.7071067811874444 0
323 -0.7350056355955509 0.6780609969927339 0
324 -0.7617123081767028 0.6479153953813104 0
325 -0.7871834806084944 0.6167188726292525 0
326 -0.8113778385561318 0.5845220296105014 0
327 -0.8342561386825721 0.5513770897221294 0
328 -0.8557812723012876 0.5173378141779211 0
329 -0.8759183255667925 0.4824594148073665 0
330 -0.8946346361051143 0.4467984645016919 0
331 -0.9118998459921074 0.4104128054527183 0
332 -0.9276859509942103 0.3733614553324535 0
333 -0.9419673459913674 0.3357045115663169 0
334 -0.9547208665086708 0.2975030538548011 0
335 -0.9659258262892073 0.258819045102002 0
336 -0.9755640508472497 0.2197152309115252 0
337 -0.9836199069473077 0.18025503781301 0
338 -0.9900803279613186 0.1405024703840035 0
339 -0.9949348350627686 0.1005220074342999 0
340 -0.998175554223398 0.06037849742095429 0
341 -0.9997972289848643 0.02013705326473529 0
342 1.040770068863854 0 0
343 1.082608677961397 0 0
344 1.125543844366012 0 0
345 1.169604312417202 0 0
346 1.214819587981795 0 0
347 1.261219922189615 0 0
348 1.30883636773693 0 0
349 1.357700816329974 0 0
350 1.407845969654034 0 0
351 1.459305380818202 0 0
352 1.512113526669349 0 0
353 1.56630572993626 0 0
354 1.62191827239843 0 0
355 1.678988380439313 0 0
356 1.737554261244399 0 0
357 1.797655105548429 0 0
358 1.859331166677161 0 0
359 1.92262370906507 0 0
360 1.987575104959221 0 0
361 2.054228832844257 0 0
362 2.122629509412927 0 0
363 2.192822916949334 0 0
364 2.264856055848148 0 0
365 2.338777129351397 0 0
366 2.414635646181988 0 0
367 2.492482337188885 0 0
368 2.572369324515891 0 0
369 2.65435010564741 0 0
370 2.738479574422743 0 0
371 2.824813996938021 0 0
372 2.913411179492331 0 0
373 3.004330446490795 0 0
374 3.097632631583144 0 0
375 3.193380209448407 0 0
376 3.291637270974195 0 0
377 3.39246958241542 0 0
378 3.495944633300192 0 0
379 3.602131715894121 0 0
380 3.711101875924697 0 0
381 3.822928074337625 0 0
382 3.937685143325837 0 0
383 4.055449941406401 0 0
384 4.176301261556678 0 0
385 4.300320021282028 0 0
386 4.427589221280665 0 0
387 4.558194055534831 0 0
388 4.692221957864098 0 0
389 4.829762646454533 0 0
390 4.970908181537479 0 0
391 5.115753054262226 0 0
392 5.264394237882012 0 0
393 5.416931178884222 0 0
394 5.573465965413759 0 0
395 5.734103455702963 0 0
396 5.898951176255133 0 0
397 6.068119412836688 0 0
398 6.241721409471931 0 0
399 6.419873444988973 0 0
400 6.602694699577712 0 0
401 6.790307556051712 0 0
402 6.982837643279165 0 0
403 7.18041382735584 0 0
404 7.383168296945368 0 0
405 7.59123687521009 0 0
406 7.804758778764902 0 0
407 8.023876913693249 0 0
408 8.248738050849319 0 0
409 8.479492607002069 0 0
410 8.716295063865138 0 0
411 8.959303989738309 0 0
412 9.208681992955794 0 0
413 9.46459600248467 0 0
414 9.727217404284877 0 0
415 9.996721903578573 0 0
416 10.27328992154384 0 0
417 10.55710661505207 0 0
418 10.84836194775338 0 0
419 11.14725093698556 0 0
420 11.45397358622021 0 0
421 11.76873517724801 0 0
422 12.09174640657175 0 0
423 12.42322359434271 0 0
424 12.76338864089819 0 0
425 13.1124690979615 0 0
426 13.47069876692195 0 0
427 13.83831730945793 0 0
428 14.21557099837141 0 0
429 14.60271216500263 0 0
430 1.020385034431929 0 0
431 1.061689373412626 0 0
432 1.104076261163704 0 0
433 1.147574078391608 0 0
434 1.192211950199499 0 0
435 1.238019755085701 0 0
436 1.285028144963273 0 0
437 1.333268592033451 0 0
438 1.382773392992 0 0
439 1.433575675236122 0 0
440 1.485709453743772 0 0
441 1.539209628302805 0 0
442 1.594112001167345 0 0
443 1.65045332641887 0 0
444 1.708271320841857 0 0
445 1.767604683396414 0 0
446 1.828493136112795 0 0
447 1.890977437871115 0 0
448 1.955099407012142 0 0
449 2.020901968901745 0 0
450 2.088429171128585 0 0
451 2.15772621318113 0 0
452 2.22883948639874 0 0
453 2.301816592599768 0 0
454 2.376706387766698 0 0
455 2.453558991685424 0 0
456 2.532425830852392 0 0
457 2.613359715081665 0 0
458 2.696414840035065 0 0
459 2.781646785680367 0 0
460 2.869112588215174 0 0
461 2.958870812991563 0 0
462 3.050981539036954 0 0
463 3.145506420515776 0 0
464 3.24250874021131 0 0
465 3.342053426694807 0 0
466 3.444207107857796 0 0
467 3.549038174597157 0 0
468 3.656616795909417 0 0
469 3.767014975131161 0 0
470 3.88030660883173 0 0
471 3.996567542366131 0 0
472 4.115875601481525 0 0
473 4.238310641419361 0 0
474 4.36395462128135 0 0
475 4.492891638407749 0 0
476 4.625208006699453 0 0
477 4.760992302159305 0 0
478 4.900335413996029 0 0
479 5.043330617899827 0 0
480 5.190073646072122 0 0
481 5.340662708383109 0 0
482 5.495198572149032 0 0
483 5.653784710558364 0 0
484 5.816527315979108 0 0
485 5.983535294545891 0 0
486 6.154920411154343 0 0
487 6.330797427230452 0 0
488 6.511284072283397 0 0
489 6.696501127814706 0 0
490 6.886572599665438 0 0
491 7.081625735317463 0 0
492 7.281791062150605 0 0
493 7.4872025860778 0 0
494 7.697997826987486 0 0
495 7.914317846229006 0 0
496 8.136307482271308 0 0
497 8.36411532892585 0 0
498 8.597893835433553 0 0
499 8.837799526801723 0 0
500 9.083992991347007 0 0
501 9.336638997720227 0 0
502 9.595906703384857 0 0
503 9.861969653931855 0 0
504 10.13500591256098 0 0
505 10.4151982682981 0 0
506 10.70273428140272 0 0
507 10.99780644236929 0 0
508 11.30061226160303 0 0
509 11.61135438173396 0 0
510 11.93024079190989 0 0
511 12.25748500045725 0 0
512 12.59330611762056 0 0
513 12.93792886942975 0 0
514 13.29158393244173 0 0
515 13.6545080381899 0 0
516 14.02694415391472 0 0
517 14.40914158168716 0 0
518 14.80135608250132 0 0
519 15 0.4999999999988242 0
520 15 0.9999999999973885 0
521 15 1.499999999998683 0
522 15 0.2499999999995515 0
523 15 0.7499999999981064 0
524 15 1.249999999998036 0
525 15 1.749999999999342 0
526 14.59671581906454 2 0
527 14.19982101160464 2 0
528 13.80921434436579 2 0
529 13.42479611721784 2 0
530 13.04646840555638 2 0
531 12.67413462601519 2 0
532 12.30769983533366 2 0
533 11.94707057852878 2 0
534 11.59215486283021 2 0
535 11.24286225550687 2 0
536 10.89910355584355 2 0
537 10.56079113964265 2 0
538 10.22783870525683 2 0
539 9.900161313627748 2 0
540 9.577675495026741 2 0
541 9.260298854105889 2 0
542 8.947950529922121 2 0
543 8.640550833220365 2 0
544 8.338021313823969 2 0
545 8.040284930543921 2 0
546 7.747265616900041 2 0
547 7.45888878644968 2 0
548 7.175080751634898 2 0
549 6.895769115579667 2 0
550 6.620882817662554 2 0
551 6.350351558853635 2 0
552 6.084106423013454 2 0
553 5.822079452054988 2 0
554 5.564203912159871 2 0
555 5.310413898360888 2 0
556 5.060644782000954 2 0
557 4.814832885482003 2 0
558 4.572915484080716 2 0
559 4.334830806800247 2 0
560 4.100518134908466 2 0
561 3.869917841948709 2 0
562 3.642970959591628 2 0
563 3.41961963368253 2 0
564 3.199807044775875 2 0
565 2.983476868095727 2 0
566 2.770574131009151 2 0
567 2.561044522065587 2 0
568 2.354834524555275 2 0
569 2.151891565074481 2 0
570 1.952163923442494 2 0
571 1.755600614387314 2 0
572 1.5621515125451 2 0
573 1.371767314831839 2 0
574 1.184399389704656 2 0
575 14.79835790953227 2 0
576 14.39826841533461 2 0
577 14.00451767798536 2 0
578 13.61700523079184 2 0
579 13.23563226138709 2 0
580 12.86030151578592 2 0
581 12.49091723067434 2 0
582 12.12738520693124 2 0
583 11.76961272067967 2 0
584 11.41750855916841 2 0
585 11.07098290567523 2 0
586 10.72994734774309 2 0
587 10.39431492244983 2 0
588 10.0640000094423 2 0
589 9.738918404327231 2 0
590 9.418987174566315 2 0
591 9.104124692013984 2 0
592 8.794250681571189 2 0
593 8.489286073522166 2 0
594 8.189153122184072 2 0
595 7.893775273722057 2 0
596 7.60307720167486 2 0
597 7.316984769042289 2 0
598 7.035424933607334 2 0
599 6.758325966621147 2 0
600 6.48561718825799 2 0
601 6.217228990933545 2 0
602 5.953092937534231 2 0
603 5.693141682107429 2 0
604 5.43730890526038 2 0
605 5.185529340180944 2 0
606 4.937738833741484 2 0
607 4.693874184781266 2 0
608 4.453873145440482 2 0
609 4.217674470854317 2 0
610 3.985217988428609 2 0
611 3.756444400770102 2 0
612 3.531295296637079 2 0
613 3.309713339229202 2 0
614 3.091641956435801 2 0
615 2.877025499552439 2 0
616 2.665809326537393 2 0
617 2.45793952331043 2 0
618 2.253363044814873 2 0
619 2.052027744258495 2 0
620 1.853882268914904 2 0
621 1.658876063466207 2 0
622 1.466959413688468 2 0
623 1.278083352268247 2 0
624 1.092199694852329 2 0
625 0.8181818181823227 2 0
626 0.6363636363646454 2 0
627 0.4545454545469683 2 0
628 0.272727272729291 2 0
629 0.0909090909116137 2 0
630 -0.09090909090656862 2 0
631 -0.2727272727252561 2 0
632 -0.4545454545439434 2 0
633 -0.6363636363626288 2 0
634 -0.8181818181813145 2 0
635 0.9090909090911615 2 0
636 0.7272727272734381 2 0
637 0.5454545454558068 2 0
638 0.3636363636381297 2 0
639 0.1818181818204523 2 0
640 2.775002450050579e-12 2 0
641 -0.1818181818159124 2 0
642 -0.3636363636345998 2 0
643 -0.545454545453286 2 0
644 -0.7272727272719717 2 0
645 -0.9090909090906572 2 0
646 -1.184399389704441 2 0
647 -1.3717673148314 2 0
648 -1.56215151254444 2 0
649 -1.75560061438641 2 0
650 -1.952163923441357 2 0
651 -2.151891565072856 2 0
652 -2.354834524553072 2 0
653 -2.561044522062788 2 0
654 -2.770574131005738 2 0
655 -2.983476868091674 2 0
656 -3.199807044771165 2 0
657 -3.419619633677139 2 0
658 -3.64297095958554 2 0
659 -3.869917841941904 2 0
660 -4.100518134900911 2 0
661 -4.334830806791926 2 0
662 -4.572915484071602 2 0
663 -4.814832885472079 2 0
664 -5.060644781990191 2 0
665 -5.31041389834927 2 0
666 -5.564203912147359 2 0
667 -5.822079452041568 2 0
668 -6.084106422999103 2 0
669 -6.350351558838324 2 0
670 -6.620882817646256 2 0
671 -6.895769115562357 2 0
672 -7.175080751616542 2 0
673 -7.458888786430251 2 0
674 -7.747265616879505 2 0
675 -8.040284930522512 2 0
676 -8.338021313803305 2 0
677 -8.640550833200475 2 0
678 -8.947950529903036 2 0
679 -9.260298854087647 2 0
680 -9.577675495009364 2 0
681 -9.900161313611269 2 0
682 -10.22783870524128 2 0
683 -10.56079113962806 2 0
684 -10.89910355582996 2 0
685 -11.24286225549431 2 0
686 -11.59215486281874 2 0
687 -11.9470705785184 2 0
688 -12.30769983532444 2 0
689 -12.67413462600716 2 0
690 -13.0464684055496 2 0
691 -13.42479611721233 2 0
692 -13.80921434436159 2 0
693 -14.1998210116018 2 0
694 -14.5967158190631 2 0
695 -1.092199694852219 2 0
696 -1.278083352267915 2 0
697 -1.466959413687921 2 0
698 -1.658876063465424 2 0
699 -1.853882268913862 2 0
700 -2.052027744257118 2 0
701 -2.253363044812985 2 0
702 -2.457939523307929 2 0
703 -2.665809326534287 2 0
704 -2.877025499548719 2 0
705 -3.091641956431442 2 0
706 -3.309713339224152 2 0
707 -3.531295296631314 2 0
708 -3.756444400763733 2 0
709 -3.985217988421403 2 0
710 -4.217674470846451 2 0
711 -4.453873145431772 2 0
712 -4.693874184771856 2 0
713 -4.937738833731163 2 0
714 -5.185529340169686 2 0
715 -5.437308905248313 2 0
716 -5.693141682094463 2 0
717 -5.953092937520342 2 0
718 -6.217228990918652 2 0
719 -6.485617188242275 2 0
720 -6.758325966604334 2 0
721 -7.035424933589402 2 0
722 -7.316984769023388 2 0
723 -7.603077201654862 2 0
724 -7.893775273700819 2 0
725 -8.189153122162786 2 0
726 -8.48928607350188 2 0
727 -8.794250681551755 2 0
728 -9.104124691995414 2 0
729 -9.418987174548572 2 0
730 -9.73891840431029 2 0
731 -10.06400000942615 2 0
732 -10.39431492243451 2 0
733 -10.72994734772901 2 0
734 -11.07098290566205 2 0
735 -11.4175085591564 2 0
736 -11.76961272066837 2 0
737 -12.12738520692156 2 0
738 -12.4909172306658 2 0
739 -12.86030151577838 2 0
740 -13.23563226138088 2 0
741 -13.61700523078687 2 0
742 -14.00451767798185 2 0
743 -14.39826841533269 2 0
744 -14.79835790953142 2 0
745 -15 1.500000000000693 0
746 -15 1.000000000004117 0
747 -15 0.5000000000020806 0
748 -15 1.750000000000206 0
749 -15 1.250000000002105 0
750 -15 0.7500000000030989 0
751 -15 0.2500000000010403 0
752 -0.9045206638757031 0.5005777771147516 0
753 0.9060401357955116 0.4987923303211101 0
754 1.772242947594052 0.05144859732400765 0
755 -1.772579483241736 0.05233741725983167 0
756 -0.8147988441573315 0.6405547022908697 0
757 0.8174140653064276 0.6360022789009655 0
758 -0.7024848321587177 0.7623574550023252 0
759 0.7041271725682258 0.7653788848975115 0
760 1.485069109940076 0.04575708615827492 0
761 -1.485638595661265 0.04569034740737048 0
762 -0.9737360516568351 0.3473917170674901 0
763 0.9746225622144714 0.3473425627514084 0
764 2.023503330827658 0.05925649861044129 0
765 -2.02219714485945 0.06003899523002356 0
766 -2.304223296276613 0.06774778752273557 0
767 2.301840281279054 0.06238210291742078 0
768 -2.612021925653468 0.07135388073359056 0
769 -2.955746104774028 0.08570170350254315 0
770 -3.344672244797293 0.08892638404211096 0
771 2.608606786314574 0.06919752483928948 0
772 2.956139255030977 0.0789729513639521 0
773 3.340404137210607 0.08591914604231075 0
774 0.5716386353800946 0.8609938498153507 0
775 -0.567261501669702 0.8646033632415006 0
776 -0.462036626531073 0.9254573151315488 0
777 0.4623172579272113 0.925394195549909 0
778 -0.3475205230957781 0.976771125224798 0
779 0.3457636874974351 0.9773905243236276 0
780 -0.2277141948355721 1.009957119212584 0
781 0.2285880525637791 1.011218332761133 0
782 -0.106064030761176 1.027831825796452 0
783 0.102555254991714 1.028153586776399 0
784 -1.283286989172571 0.04251567514250815 0
785 1.284043650506709 0.03953505366571771 0
786 3.766591336746032 0.1053885356427582 0
787 -3.767119241506829 0.09116084113134734 0
788 1.653069387972949 1.838620537486874 0
789 -1.650038998037588 1.840132941018992 0
790 4.23897055363812 0.1068171133430709 0
791 -4.238363869472635 0.1036718609150333 0
792 -2.264758956728246 1.8207579998875 0
793 2.247656242433234 1.840419190958215 0
794 4.757627757055381 0.1257810768874781 0
795 -4.761060948101638 0.1144668561139579 0
796 -1.008940052238636 0.2280224624193822 0
797 1.009642653034389 0.2272061668773064 0
798 -5.19018523014024 0.1234931457853619 0
799 -5.651431757656003 0.1366986595838562 0
800 -6.159321533928535 0.152092919310851 0
801 5.17600468635053 0.1252036691172603 0
802 5.649144257222899 0.1377154638187783 0
803 6.146398662089244 0.1468253217337032 0
804 -2.876518806589208 1.827203829260289 0
805 2.879732374028486 1.8338831502492 0
806 -3.542176410088724 1.800273358898876 0
807 3.526633236838205 1.803913862860856 0
808 1.095430808182232 1.850143108340246 0
809 -1.086529239480921 1.827841516221735 0
810 4.456677371381113 1.794633599643533 0
811 -4.45158840606493 1.798782943639279 0
812 -6.70118012849012 0.158640515981311 0
813 6.687138308548284 0.1497679936859292 0
814 -7.284931913765719 0.1762065935103831 0
815 7.277990466221015 0.1645887092277163 0
816 -5.174554198986691 1.77719059519992 0
817 5.181253170255521 1.806256441744822 0
818 7.901864181771559 0.1802880457367196 0
819 -7.914029138993619 0.1777759884044687 0
820 -5.956549370351265 1.776614497653991 0
821 5.936187777996961 1.792925892068681 0
822 0.5450817620782714 1.843967789284523 0
823 -0.5384118776659178 1.853755010234291 0
824 8.598576945049393 0.2265733291807352 0
825 -8.598555780256946 0.1973370511490636 0
826 -6.753661628655533 1.762738672234294 0
827 6.748645957353776 1.780994542812919 0
828 -9.331032693615949 0.2235942656946215 0
829 9.335200628802335 0.2228080184606099 0
830 -1.145561162530055 0.03891807645665943 0
831 1.146904358359483 0.03590272500386262 0
832 0.00485764320967293 1.8478992644543 0
833 -7.597453110850962 1.779277418912294 0
834 7.60459253477142 1.750648692337601 0
835 10.13474557782268 0.2367033294212399 0
836 -10.13934203940831 0.2459397002762808 0
837 -10.99392120303269 0.2680496792517773 0
838 10.99425929326821 0.2413333785933151 0
839 -8.483574023102713 1.750274450075825 0
840 8.491005661359837 1.740694664753843 0
841 -9.761531289956093 1.71336342815871 0
842 9.729874532174112 1.718200835210927 0
843 -11.90324536774222 0.2897981783884825 0
844 11.94479875899161 0.2654889040171192 0
845 -1.023575082339144 0.1435399886502451 0
846 1.02426956602033 0.1486323058229393 0
847 0.9421233324984217 0.4237924056586254 0
848 -0.8617451350168941 0.5722669515264354 0
849 -0.9424516724759262 0.4241697066419493 0
850 0.8631358919067359 0.5702790797289994 0
851 -0.7577028440120129 0.7031054609158169 0
852 -0.6399544390120673 0.8155825509967689 0
853 0.761634965278564 0.70154690212487 0
854 0.6407418261233366 0.8176635776295728 0
855 -0.02082008169377082 1.033155388865528 0
856 -12.93733015667961 0.2890209156492494 0
857 12.93480557086301 0.269844364464526 0
858 11.46162959551955 1.683906638282173 0
859 -11.40297196307564 1.680647991278385 0
860 -10.75592021501605 1.695982112589271 0
861 10.72440173045082 1.713721058067348 0
862 3.985507059773574 1.794666338724754 0
863 -3.971421567545204 1.786138288330599 0
864 -9.111108621603115 1.738883263363895 0
865 9.103074767134141 1.733832120101644 0
866 1.382530725680934 0.04064452760861645 0
867 -1.379292584445939 0.04489973522495464 0
868 13.64143343895174 0.3157244619696969 0
869 -13.62403106178414 0.3102416676746345 0
870 1.593003917250639 0.04701403727831361 0
871 -1.594145306180178 0.04606182975284945 0
872 -1.890626092492862 0.05425825382721215 0
873 1.887603056047928 0.0569438360387137 0
874 -4.492949391649521 0.1090905658150411 0
875 4.501657143751582 0.1202358267260298 0
876 -3.995968985346414 0.09876306683685777 0
877 3.999820329327699 0.09776423016275464 0
878 -3.55072792134567 0.08749776934915696 0
879 3.55817212043361 0.09772032896168573 0
880 -3.147520362053884 0.08109679243879758 0
881 3.145553750731387 0.07862308243930791 0
882 -2.787639960179894 0.0798282679664893 0
883 2.779696702829271 0.07215928302559367 0
884 -2.159017454582877 0.06535273594785178 0
885 2.158423016194754 0.06020227466248401 0
886 -2.446266233570892 0.07010649313090814 0
887 2.456820997204454 0.07534573372418922 0
888 -12.47623123036371 1.699379501453914 0
889 12.48159133072298 1.680602589629891 0
890 13.2323163785447 1.69833081733959 0
891 -13.24668060309562 1.679606035819172 0
892 13.99507921729144 1.662429680223342 0
893 -14.00489335208857 1.675644623229259 0
894 -1.03180169720028 0.06107572460813562 0
895 1.030629461423454 0.06158727687995746 0
896 -14.5703974094494 0.7699271062467591 0
897 14.58431818097491 0.7303191733890092 0
898 0.1861093266569629 1.839786786735749 0
899 0.0865259895752151 1.705771174544055 0
900 -0.0631011810289025 1.706132834729886 0
901 0.0167401745198893 1.585247139421276 0
902 0.1475221113359072 1.584088119327261 0
903 -0.1179639857285676 1.58087956784184 0
904 0.08561309661356507 1.478232458091368 0
905 0.2010874781933683 1.476480544773793 0
906 0.1463718053563846 1.383428566826331 0
907 0.2486832222395575 1.381596219018064 0
908 0.04770693689998496 1.378771156719126 0
909 0.1977626155505054 1.28920213165038 0
910 0.2946960523359298 1.296070998854173 0
911 0.3451280318338944 1.376595287056657 0
912 0.3869647580971161 1.292391307606352 0
913 0.4404329126751495 1.371623882030742 0
914 0.4815759520917962 1.276866428130065 0
915 0.537103177682825 1.365549360605383 0
916 0.5821214422167169 1.277622740074039 0
917 0.6359994673718581 1.361114551636192 0
918 0.6825498782090252 1.271389219285827 0
919 0.7369284203758578 1.356211577148633 0
920 0.7835141619711055 1.26463572088287 0
921 0.8410746477714421 1.35153267540326 0
922 0.8858374854663305 1.257375416610288 0
923 0.8294478531931582 1.174073961751371 0
924 0.9269057777714299 1.167068593006284 0
925 0.9877273111562472 1.248580009853241 0
926 1.028605745804332 1.154879696865947 0
927 1.093545903507752 1.238097090258742 0
928 1.13498216367654 1.139835796912994 0
929 1.063904516617663 1.053364773071745 0
930 1.173710236336659 1.041382685444206 0
931 1.239752474230149 1.124332209337982 0
932 1.278747233418708 1.025265456879103 0
933 1.346377617909019 1.109237683827206 0
934 1.386570214520661 1.007268219433337 0
935 1.459925934055468 1.091385958574842 0
936 1.498433945460166 0.985141666654516 0
937 1.424281074685696 0.9054521024095811 0
938 1.530886387653448 0.8857673924589571 0
939 1.462346142601212 0.8078171470094684 0
940 1.566779334884645 0.7884195859172434 0
941 1.633240495436948 0.8653055921825012 0
942 1.669465317286703 0.7681671637147266 0
943 1.737277108317378 0.8475639696946287 0
944 1.772987324411758 0.7486546842898246 0
945 1.84323578023252 0.8302049659003786 0
946 1.878744488159124 0.7283344692726436 0
947 1.950684799446015 0.8108552833244476 0
948 1.501551980644259 0.712871322811268 0
949 1.989157555000656 0.707801923663247 0
950 2.059712813945223 0.7879990352139066 0
951 2.098991681192108 0.6858385528755918 0
952 2.170075552005363 0.7672926315486407 0
953 1.404028095434463 0.7300852183747606 0
954 1.438427576696997 0.6439302914377789 0
955 1.800508594709558 0.929406115670663 0
956 2.206959208437908 0.6635692169053473 0
957 2.282994242616523 0.7490864955760714 0
958 1.804244508226927 0.6514430823181682 0
959 2.237916053670208 0.8688543996334849 0
960 2.362608690117124 0.8393761480808567 0
961 2.401027624921533 0.7239920609312382 0
962 2.483792708587227 0.8143700086562148 0
963 1.353419838401023 0.6573108750827558 0
964 1.382483362071209 0.5794810009078231 0
965 2.52238691280239 0.6973090306535492 0
966 2.605386555967907 0.7880647892897655 0
967 2.453672387802014 0.9325604871238369 0
968 2.64610763631547 0.670934514402613 0
969 2.728544649406946 0.7632017965052065 0
970 1.303563942909706 0.592827602237662 0
971 1.332296381386823 0.5202721117886964 0
972 1.407136336755741 0.5059422021301887 0
973 1.358670742921831 0.4499059889438222 0
974 1.43130390034451 0.4353924471088585 0
975 2.769770716502261 0.6454014303439072 0
976 2.854150757975783 0.7377268724585879 0
977 2.807870865572911 0.8618717664563278 0
978 2.943708161570017 0.8350968077119678 0
979 2.979156714005852 0.7070844421260195 0
980 3.07655953885495 0.8050329889960112 0
981 3.037103353042431 0.9388413300209684 0
982 3.176538858174631 0.9061354773697639 0
983 3.214889188768362 0.7694003175934132 0
984 3.316771558848555 0.8708772428114924 0
985 3.351233839320721 0.7358402057848552 0
986 3.457347651002151 0.8358429104379067 0
987 1.287587204740088 0.4630186279727616 0
988 1.31208161403896 0.3977603406281615 0
989 2.137240196299227 0.582852412176592 0
990 1.274088138670424 0.6656147561369228 0
991 1.227774872413712 0.6040357117560748 0
992 1.198658786557703 0.6727726222763974 0
993 0.8692084028467082 1.089428569638046 0
994 3.488780975911312 0.6840443284557967 0
995 3.601158609224293 0.7966014681097763 0
996 3.561045564038013 0.9446408956422607 0
997 3.710378351807883 0.9061149521219808 0
998 3.750219470236544 0.7559308255530847 0
999 3.861216682735765 0.8652320656653204 0
1000 3.137476579319858 1.047218817899355 0
1001 2.563931342719193 0.5712129679789753 0
1002 1.418378659505904 1.198383562635498 0
1003 1.24674756453044 0.4092536218490194 0
1004 1.268504427757803 0.3495037393669812 0
1005 3.898220913701735 0.7139514837663844 0
1006 4.012464280436496 0.822785736906166 0
1007 1.537991208738479 1.180307153163685 0
1008 1.331302026213933 0.3364244420698912 0
1009 3.975321432531782 0.9783242746463535 0
1010 4.13220692072765 0.9354332221746091 0
1011 4.169570865147762 0.7750655311263611 0
1012 4.291969874767754 0.888381044242474 0
1013 0.7825594223787794 1.09504756228203 0
1014 1.288963319160412 0.2909934980016102 0
1015 1.348156871575232 0.278193303047982 0
1016 1.155241261544217 0.6149470427193957 0
1017 1.127547235672183 0.6799842980284798 0
1018 1.207824678992111 0.360835860183982 0
1019 3.24109522097464 0.6264178705903207 0
1020 4.328637548065238 0.7262586877690023 0
1021 4.452839062646452 0.839529187640312 0
1022 0.818824488956341 1.018909422164272 0
1023 3.669875430859607 1.059953794716457 0
1024 2.987416481931009 1.080529502159593 0
1025 3.09432215500833 1.195932098112229 0
1026 1.478735084839075 0.4902079915688566 0
1027 1.504330034955505 0.4194787026304858 0
1028 4.421421553655568 1.006331708268806 0
1029 4.584851941271888 0.9553552711219339 0
1030 4.619326617494706 0.7852976092096136 0
1031 4.751214991468479 0.9023185413589871 0
1032 4.787731703056023 0.7301474595453536 0
1033 4.920394399240994 0.8479685574303155 0
1034 4.095448603695677 1.096341658884161 0
1035 4.739005681956517 1.072639253908333 0
1036 1.050931346679808 1.337726702473057 0
1037 0.792772359163092 1.449107595787247 0
1038 2.033404914592308 0.9039563510502726 0
1039 2.934148594018718 1.230664186708249 0
1040 0.5341216342502517 1.199427618487669 0
1041 1.491846384046902 1.297710052990851 0
1042 1.618422022799719 1.279335057127957 0
1043 1.087006643526639 0.6248716409971899 0
1044 1.060149496886007 0.6868894877731117 0
1045 1.113361248540445 0.5650033576473974 0
1046 3.789753056314917 0.608381699527644 0
1047 3.932129381415969 0.5674213085608788 0
1048 1.099494645377136 0.7426678831151553 0
1049 1.031386274218838 0.7491122795023818 0
1050 0.4092787207852184 1.465088305594601 0
1051 0.7423521568371603 1.023779573254204 0
1052 4.954443046513619 0.67395079697092 0
1053 5.09081589337944 0.7920519904031817 0
1054 5.049540566269632 0.9728396321473388 0
1055 5.231634425244418 0.9155584210914446 0
1056 5.269591610184648 0.7284370097600273 0
1057 5.41244101813633 0.8536398964581193 0
1058 5.375891528659718 1.044695810060716 0
1059 5.562282932050819 0.9799512655970857 0
1060 5.596866018689557 0.7861012957969077 0
1061 5.749406697798047 0.9123769527810095 0
1062 1.556142971270982 0.4816755690148254 0
1063 1.578829557739885 0.4039190379005708 0
1064 1.528313518443677 0.3481853910633699 0
1065 1.601141805591767 0.3315678042163095 0
1066 1.652284446615552 0.3865545928156585 0
1067 1.674288824404721 0.3136918369760346 0
1068 1.72642611445479 0.3692047850385275 0
1069 1.748811565682731 0.2952719955136992 0
1070 1.80181620070814 0.3517047475813931 0
1071 1.554278835998515 0.2801922795891212 0
1072 1.308537668589608 0.2340236296415359 0
1073 1.251349689046948 0.2458403062347233 0
1074 1.366208250256872 0.2213085327111797 0
1075 5.781259006624074 0.7163510040946139 0
1076 5.936783530008133 0.8425509105704161 0
1077 2.240029877813642 0.5602674145164744 0
1078 2.171777959089107 0.4826791781241677 0
1079 2.270918463103113 0.4615353461287798 0
1080 2.204220223596138 0.3872835677215823 0
1081 2.300544272835234 0.3674917425572599 0
1082 2.101421951063465 0.4078526416223792 0
1083 0.7759490426910288 0.9568625263684142 0
1084 0.8479449458051594 0.9493584800988211 0
1085 1.824548788546566 0.2766029699098505 0
1086 0.3388443470412378 1.21135706152801 0
1087 5.52642087172097 1.179103009831317 0
1088 4.653522107422974 0.6181081949679984 0
1089 5.905522003326045 1.043186920030134 0
1090 6.099158323216368 0.9730589070708395 0
1091 6.132520264200492 0.7646610470251516 0
1092 6.296306449556294 0.8969679389422962 0
1093 6.263719420900649 1.10990746840977 0
1094 6.466833476738659 1.030602852815833 0
1095 6.497575479441404 0.8152004750585807 0
1096 6.670972259205111 0.9485140940314817 0
1097 1.242592822385527 0.7329875920053078 0
1098 1.697893234674478 0.240700971520811 0
1099 0.9936957302862829 0.6941505017594518 0
1100 0.9665762570595398 0.7530186804061265 0
1101 0.9969822256943852 0.8094988090821003 0
1102 2.148289835614665 0.3189420388410366 0
1103 6.699409779189858 0.7311580638510151 0
1104 6.875750252480764 0.8643738855463243 0
1105 0.8054280283709498 0.8932552835056392 0
1106 0.5856198645095527 1.454817397972032 0
1107 6.846842166292556 1.088541061003239 0
1108 7.058681111195278 1.001544992075885 0
1109 1.270230837109461 0.1926110801579378 0
1110 1.216867419520589 0.203217337708913 0
1111 3.045424912129167 1.352757649611996 0
1112 3.211781930155983 1.315534234587586 0
1113 1.051796625685584 0.572104986143508 0
1114 1.075421453650002 0.5202071101216275 0
1115 7.085739858288012 0.7741355166521741 0
1116 7.27167033115274 0.9116686215393326 0
1117 7.027496353002517 1.233857183161704 0
1118 1.163548853315782 1.327809064524986 0
1119 1.115870704156825 1.437030625441377 0
1120 1.569026910375955 1.405298073051998 0
1121 1.704078343864087 1.386691858359961 0
1122 0.7048747335699791 0.9625051075803839 0
1123 0.6724429124389072 1.023401212916762 0
1124 3.827475058176618 0.4670922289601102 0
1125 1.878686350190237 0.3337360166410783 0
1126 1.900066025204102 0.2578810411241192 0
1127 1.85593433371965 0.4117622856858776 0
1128 2.881734679509509 1.387676875815964 0
1129 2.77039654063698 1.263076845117667 0
1130 2.717399839082059 1.420886154823145 0
1131 2.609204777349687 1.294648183846107 0
1132 1.753160090130109 1.254916643074942 0
1133 1.842739333796158 1.364096573357371 0
1134 1.892730027717183 1.227767255065157 0
1135 1.987507637380081 1.336118860689276 0
1136 1.934797155948581 1.479413368963164 0
1137 2.081129659327829 1.451110168524173 0
1138 2.136556427520381 1.305351871089015 0
1139 2.225843014198709 1.434676690052563 0
1140 3.961001204374937 0.4319374602254097 0
1141 1.234152512924797 0.1537473604332337 0
1142 1.183544956108621 0.164836257645745 0
1143 1.16698735937739 0.2115118861784488 0
1144 3.161091946692936 1.481940919331083 0
1145 5.331092610510484 1.245073638555424 0
1146 5.486894134856996 1.384776421102318 0
1147 -0.1976489676380767 1.692446245659595 0
1148 -0.247169343201921 1.569273520057087 0
1149 -0.1720632482524666 1.458869050270676 0
1150 -0.2915793297550188 1.457686470774066 0
1151 -0.2339795598102194 1.367303758039133 0
1152 -0.3355203473364421 1.360970241643733 0
1153 -0.3982228077790991 1.444079792961876 0
1154 -0.4385084623108139 1.347574978886841 0
1155 -0.5021973380511415 1.429731168000378 0
1156 -0.5404933886467369 1.332989446175646 0
1157 -0.6065027150301989 1.415221002629646 0
1158 -0.6430607697085042 1.306588744896773 0
1159 -0.7124435847165465 1.399516147517871 0
1160 -0.7495172525185605 1.299774080845869 0
1161 -0.6942929631765613 1.218685935167931 0
1162 -0.7855861311089313 1.205533436309768 0
1163 -0.8502169272322262 1.28275570793643 0
1164 -0.8840809525730466 1.186266356714023 0
1165 -0.9508681275785335 1.26323780158059 0
1166 -0.9849514187321957 1.165402513884298 0
1167 -1.053517772206513 1.243846380953153 0
1168 -1.089310937492099 1.14240641308636 0
1169 -1.159301027960793 1.224907047342219 0
1170 -1.195989427047164 1.119836874775409 0
1171 -1.268594752683341 1.204501152565014 0
1172 -1.302827786416235 1.098223803815391 0
1173 -1.231614948054506 1.016555841182192 0
1174 -1.336169517754602 0.9936109973086739 0
1175 -1.409454778085703 1.074089358977497 0
1176 -1.441808295463348 0.9677001725784292 0
1177 -1.517553236370763 1.048359385265438 0
1178 -1.547120491111831 0.9417277538651386 0
1179 -1.473101336407771 0.8639583539621838 0
1180 -1.575052063249808 0.838218358076303 0
1181 -1.651039258953035 0.913316988068134 0
1182 -1.6792684505739 0.8092426355731106 0
1183 -1.755486689799626 0.8846981552470043 0
1184 -1.78376908837752 0.7794904490603937 0
1185 -1.860955439005839 0.8556700055084173 0
1186 -1.501971263790611 0.7659916148914596 0
1187 -1.888788179760746 0.7491178829041503 0
1188 -1.966866727542864 0.826359851368649 0
1189 -1.995417597572958 0.7186280448850214 0
1190 -2.074425897090336 0.797055315273952 0
1191 -2.106487076866134 0.6775009328021088 0
1192 -2.18533241819451 0.7658504811993322 0
1193 -1.831473768419605 0.9528830377216962 0
1194 -1.808688288406442 0.6674735863391456 0
1195 -2.155623341270745 0.8797538732651203 0
1196 -2.270473051422435 0.8474389668230471 0
1197 -2.298570336677993 0.7320085321591626 0
1198 -2.386160198092815 0.8130321354694425 0
1199 -2.414238274243693 0.6934910165191243 0
1200 -2.505107105942269 0.7749954569974409 0
1201 -2.475983768619656 0.8995649709539746 0
1202 -2.598526610848918 0.8617485775104827 0
1203 -2.62631837367015 0.7347166135520264 0
1204 -2.721537226324399 0.8217506211368382 0
1205 -2.746378019580026 0.6951034834762431 0
1206 -2.844889930483135 0.780335879005267 0
1207 -2.820337120824751 0.9109278507162704 0
1208 -2.948633712323695 0.8687763942130068 0
1209 -2.973880011308458 0.7351639053270783 0
1210 -3.080314887250607 0.8215017849556944 0
1211 -3.054653525463022 0.9623838295763864 0
1212 -3.190701139653659 0.91308441069396 0
1213 -3.214618680835789 0.7699681674669852 0
1214 -3.326629137913171 0.8613808600963614 0
1215 -1.017370371182232 1.071912658943918 0
1216 -3.347908538909433 0.7183280649423427 0
1217 -3.462657861602472 0.8085642375557026 0
1218 -3.442212341357779 0.955356532166573 0
1219 -3.583023008535712 0.9017480904658525 0
1220 -3.604855293261395 0.7505203291870503 0
1221 -3.727612436815515 0.8411609197923791 0
1222 -2.653405150375864 0.6114787234389358 0
1223 -2.768444407587764 0.573393915794537 0
1224 -1.408951623355242 0.7870210755178232 0
1225 -1.431589718282608 0.701058323056593 0
1226 -1.349679740769753 0.7163914233435092 0
1227 -1.368742153505393 0.6390914189786194 0
1228 -1.291725637828788 0.6544904813062211 0
1229 -1.313439323338832 0.5796652306650849 0
1230 -1.396608659527152 0.5632057562660783 0
1231 -1.335724277090314 0.5056099413005808 0
1232 -1.408177058628825 0.4844338865181913 0
1233 -1.35484391568419 0.4336943039539201 0
1234 -1.425114931504667 0.4139793005215923 0
1235 -1.285771751518593 0.4522846464931006 0
1236 -1.305979225620249 0.3844960424481141 0
1237 -1.477147245098634 0.4643525644092056 0
1238 -1.494986443421179 0.3930864787722594 0
1239 -1.442772135723806 0.3443180086104445 0
1240 -1.241599758597074 0.401581323824181 0
1241 -1.260047309565167 0.3398030365958992 0
1242 -1.511073776411198 0.3245457296009041 0
1243 -1.563610462377723 0.3718659184444941 0
1244 -2.017047257664446 0.6125175477073559 0
1245 -1.238933992182245 0.5977673999429167 0
1246 -1.216461596146062 0.6768502017590623 0
1247 -0.8225411771051857 1.104709493060235 0
1248 -3.705835269411911 0.9996419922691785 0
1249 -3.85382488815846 0.9377622301513523 0
1250 -3.873993598178222 0.7772567269371726 0
1251 -4.001626237947248 0.8736780024994015 0
1252 -1.167274266236249 0.615314511529634 0
1253 -1.143161192650069 0.6823280645024734 0
1254 -2.328369031119818 0.6170716340698992 0
1255 -3.238691854349338 0.6303393222433569 0
1256 -1.576920866329649 0.3054419640421244 0
1257 -1.631806229775342 0.351269411724362 0
1258 -4.018873746263998 0.7150713490690543 0
1259 -4.149874706854728 0.8093006729124248 0
1260 -4.131952030017246 0.9691053292702639 0
1261 -4.286066167524259 0.905204039638104 0
1262 -4.292314887727382 0.7385605650592779 0
1263 -4.434738230259637 0.8329732689887713 0
1264 -1.200257132551758 0.3559134768257029 0
1265 -1.215646993084085 0.3002289455077998 0
1266 -1.272811980672718 0.2821816904586177 0
1267 -1.230462586318277 0.2450945017374235 0
1268 -3.166243265966147 1.059920170421075 0
1269 -1.231198972486522 1.313651056845905 0
1270 -4.427152652707329 0.9983692014760877 0
1271 -4.583085997698833 0.9282269217709163 0
1272 -1.486454247858878 1.157076528534455 0
1273 -2.568446536317975 0.9908558397686141 0
1274 -3.366397277827351 0.5807682398645925 0
1275 -2.239949375518088 0.9669178848894224 0
1276 -3.022213233727735 1.110768965148255 0
1277 -4.576362604509077 0.7579286085806831 0
1278 -4.742292121625066 0.8321179012026344 0
1279 -4.732860281891892 1.025555039642099 0
1280 -4.895231370166975 0.9453565755847146 0
1281 -0.9258466620299407 1.364810015197737 0
1282 -1.617218564838799 0.4231107532546006 0
1283 -1.689987283466108 0.3998584972449606 0
1284 -1.704016366161589 0.3259705121276227 0
1285 -1.763736304038821 0.3752902135963868 0
1286 -4.917466335616357 0.756657933900072 0
1287 -5.06502047994842 0.8632221947471578 0
1288 -2.679174001974479 0.4948423426194761 0
1289 -1.098572103261341 0.6303813120671665 0
1290 -1.076202445217109 0.6951862454615116 0
1291 -0.4787245606331292 1.25869919654733 0
1292 -3.140709823269004 1.215087636006785 0
1293 -1.283684812522121 0.228459447780368 0
1294 -1.120373542176835 0.5666449504440825 0
1295 -2.788715084014386 0.4580721473278101 0
1296 -1.463270684989088 0.2790757900298103 0
1297 -3.893227601439863 0.6215004836840174 0
1298 -3.834307829690241 1.101608170919929 0
1299 -3.67877505136945 1.164926502137348 0
1300 -1.779217414571655 0.2984182846289534 0
1301 -1.838421837740349 0.3500362954455645 0
1302 -0.2764538028443012 1.282592718445001 0
1303 -5.042119939183633 1.047626420912999 0
1304 -5.223361880081459 0.9671748775797409 0
1305 -5.232184132651443 0.771257988805416 0
1306 -5.395725960696762 0.8730904045553415 0
1307 -5.390004163658129 1.072776676050422 0
1308 -5.564519525757749 0.9767815948573956 0
1309 -5.567990786413287 0.776149691135921 0
1310 -5.738072884929541 0.8786932594356993 0
1311 -3.264092535040296 0.4973280876167263 0
1312 -1.118856265745437 0.7460797437866814 0
1313 -1.052061224934765 0.7588602289615251 0
1314 -1.160987324954615 0.315039593294509 0
1315 -1.145306806642636 0.3673431938727523 0
1316 -4.032139282801096 0.5618131116620679 0
1317 -1.009522357444347 0.7090849760669172 0
1318 -0.9831513449854056 0.7708363860624919 0
1319 -2.988376165424776 1.266925678149993 0
1320 -5.739792429026155 0.6803394762147176 0
1321 -5.913387698836015 0.7783162860906359 0
1322 -5.912972558469627 0.9813965855521298 0
1323 -6.093244958254022 0.878619234016242 0
1324 -6.092661415403039 1.09059681454556 0
1325 -6.277676747373262 0.9846585717804859 0
1326 -6.27658048366189 0.7698044346061141 0
1327 -6.462310717714832 0.8751953700822748 0
1328 -3.110554817489235 1.377384597396729 0
1329 -3.383617778581236 0.4504309201855505 0
1330 -1.243295779675563 0.1916444838493543 0
1331 -1.191405335279442 0.2083604714030594 0
1332 -1.854016205826454 0.2722986906790762 0
1333 -1.913779780720801 0.3245936360521155 0
1334 -1.523827498910294 0.6677643648856327 0
1335 -2.702980508183985 0.3844002903399083 0
1336 -2.598613022693227 0.41900867742362 0
1337 -0.1886183079945206 1.2864767610728 0
1338 -5.562348581842202 1.180837410835224 0
1339 -1.057114849427518 0.5812372777791102 0
1340 -1.076565717368744 0.5234080220618665 0
1341 -1.716943822909502 0.2515593701933249 0
1342 -6.277213986022009 1.204306503922605 0
1343 -1.295319313086519 0.1760171014936605 0
1344 -1.025358245540425 0.8229218206599833 0
1345 -0.9580768536776451 0.834147884021434 0
1346 -2.807825480891543 0.3486228359298539 0
1347 -2.893315261968028 0.4201751398751397 0
1348 -3.910509017205776 0.4747478777268142 0
1349 -0.2215751869721999 1.212565341497108 0
1350 -0.1446726781877392 1.217399017943827 0
1351 -0.9139237285477562 0.7814105153964532 0
1352 -0.8891513116417479 0.8427486512721114 0
1353 -1.600800833673145 1.131231109811671 0
1354 -1.567053848464659 1.248119841919229 0
1355 -1.691236463489531 1.219804808852807 0
1356 -1.654225390809918 1.346787702191568 0
1357 -1.785419224363667 1.315631243980068 0
1358 -1.109058557024111 0.3275091148321858 0
1359 -1.095522961748629 0.3753219459496426 0
1360 -0.6724145313147508 1.504866651852896 0
1361 -3.814833751517687 1.273294395747295 0
1362 -1.928899713133163 0.2457437887504239 0
1363 -1.990643404300545 0.2975336984103414 0
1364 -1.823210998915386 0.4277712138503021 0
1365 -5.573652339919358 0.5807046717904992 0
1366 -2.119635226943896 1.000184493895049 0
1367 -2.209523530359766 1.093001470294388 0
1368 -1.520394791841282 1.371369513269868 0
1369 -1.674315775540822 0.4770322462370237 0
1370 -1.204758059295453 0.1562620117191723 0
1371 -1.15582835237083 0.1713854636279532 0
1372 -6.458685385928771 0.6626008551773133 0
1373 -6.647131914547486 0.7656038195982868 0
1374 -6.651427727545737 0.9838870451474094 0
1375 -6.843641498725752 0.8684089625760163 0
1376 -6.847267661244516 1.096050974787464 0
1377 -7.0466509662246 0.9763819111867933 0
1378 -7.050306562761854 1.212713615426686 0
1379 -7.254351718206106 1.089900587527733 0
1380 -7.248583007104768 0.8512982295880315 0
1381 -7.457753353039134 0.9643423869905757 0
1382 -7.450594174387222 0.7263144572559008 0
1383 -7.66088384407402 0.8379830561495933 0
1384 -7.670414390353445 1.081161606475459 0
1385 -7.879614250502541 0.9504941240493926 0
1386 -7.89007026349304 1.201867668267874 0
1387 -8.10591761623661 1.066537584256213 0
1388 -8.093226668699316 0.8128342690970219 0
1389 -8.321199142578074 0.9284788388243975 0
1390 -6.831655847769512 0.6526459826526532 0
1391 -4.043778142104119 0.4157884536036678 0
1392 -3.265911670416216 1.321162943561372 0
1393 -3.288164193452873 0.3716082543509889 0
1394 -5.916027183919234 0.5777095616837872 0
1395 -1.747464290846616 1.451640771836248 0
1396 -1.885305404879133 1.419678340308281 0
1397 1.704011935997493 0.4435906589358523 0
1398 1.186393312761848 0.4168832673082009 0
1399 1.1502258957439 0.3710981426698228 0
1400 -0.3008570412540165 1.205054666029033 0
1401 5.631800263215201 0.5941312371835117 0
1402 5.810567557495208 0.5256513483204976 0
1403 -3.652553757321255 1.335208299857165 0
1404 6.528723121581634 0.6007667991283803 0
1405 1.236076616929671 1.424694726877633 0
1406 -1.975191669083439 0.3789916060354074 0
1407 -2.05428058733962 0.3525904766864092 0
1408 -2.069541207884261 0.2677819788830387 0
1409 -2.135950268747065 0.3223679684886818 0
1410 -2.120538697001068 0.4103667015498161 0
1411 -2.205211083043806 0.3794268122605963 0
1412 -2.219549337246891 0.2896967736419982 0
1413 -2.290150846509021 0.3467729200741141 0
1414 -2.622900946952777 0.3138095994170775 0
1415 7.298329459545396 0.6819249757271182 0
1416 7.486276894856196 0.8189800057444242 0
1417 7.459059460805979 1.055380446084248 0
1418 7.681191062057012 0.9597569738106332 0
1419 1.13521420114886 0.1744178552659566 0
1420 1.120165240982404 0.2199101533022345 0
1421 6.433283311898993 1.25089078720026 0
1422 -2.30366790089082 0.2564816276405353 0
1423 -2.374742249045488 0.3128085964509671 0
1424 7.50940613419086 0.5878006185510993 0
1425 3.3378668457709 1.44381311696885 0
1426 -1.1368851454219 0.5091967176500172 0
1427 -5.379350960271195 1.279991454580832 0
1428 -2.081345644643512 1.12778209860199 0
1429 -2.177578384509121 1.226668504859244 0
1430 -2.308870160076593 1.18933440264546 0
1431 -2.27885408093769 1.331643670865974 0
1432 -2.421492954971185 1.291474259940238 0
1433 -2.390912308616064 1.439710255197022 0
1434 -2.543065672761724 1.400507311157645 0
1435 -0.1761951445291303 1.151951634478832 0
1436 -0.1065496213680588 1.156313652430698 0
1437 -0.0728380970126513 1.217573066422035 0
1438 -0.03679347494125447 1.157658738802499 0
1439 -0.00279719292195995 1.217730583369159 0
1440 0.03196376169462395 1.158072201361742 0
1441 -0.9317324490386026 0.8980876674976133 0
1442 -0.8616838594232271 0.9037504805218393 0
1443 -0.8220134458403837 0.8498626898060071 0
1444 -0.794908585729475 0.9079511516632505 0
1445 -2.912659521720114 0.3110336046681811 0
1446 -2.996517568224307 0.3817319977303468 0
1447 -1.265402918417351 0.9183264320487314 0
1448 -5.555570458405284 1.387291490936032 0
1449 -1.123759848040145 0.2782705802470085 0
1450 0.9299202819823689 0.7017363418556719 0
1451 0.9064078489863042 0.7578618092197743 0
1452 0.9566112876984408 0.6453174306555179 0
1453 -0.461665984839816 1.528776402132821 0
1454 -2.506817726605556 1.557941885527667 0
1455 -3.400331477285876 0.3266707078750916 0
1456 -3.498713671125861 0.4022042316225615 0
1457 -1.335724786410525 0.2121303557874361 0
1458 -1.348543150461354 0.159271404884545 0
1459 3.69001934088408 0.5056420187563225 0
1460 -1.846939286778362 1.562517308684848 0
1461 -1.99162838692963 1.529039914890455 0
1462 -1.019672506034982 0.5355844744920515 0
1463 -1.036884307339204 0.4832879651048507 0
1464 -1.000034529680525 0.5884252597661161 0
1465 1.287557938592222 0.1409554676824729 0
1466 1.213719219008789 0.9442850748373659 0
1467 1.404642660168027 0.2636742628200753 0
1468 1.423051036281143 0.2071474895138922 0
1469 -3.761322151644616 0.5274056975853418 0
1470 -3.799570051820564 0.38846054364362 0
1471 2.372176743910444 0.4371893651159739 0
1472 2.396485933257809 0.3446411287445954 0
1473 2.33072845756679 0.2760141293782008 0
1474 2.423462963828974 0.2546645424276374 0
1475 2.488683087007535 0.3222543256094016 0
1476 -3.240596581878014 1.493083630813597 0
1477 2.298396296789365 1.286040120980369 0
1478 0.6366616622949118 0.9666205066819167 0
1479 0.6064306732650763 1.022439119290494 0
1480 0.6356839232555404 1.079770942305871 0
1481 2.188464795307711 1.163049467024966 0
1482 1.38372609402382 0.1653537041637236 0
1483 1.847104068723819 0.2026133511333698 0
1484 1.920411631555763 0.1842866881235289 0
1485 3.726660175071638 0.3717545333664401 0
1486 3.597265855946933 0.4072818226918634 0
1487 1.974446545209856 0.2384412464304143 0
1488 1.148597490282726 0.2581550535857725 0
1489 1.100134681718173 0.2609312838378418 0
1490 1.018252746214631 0.5249722614745004 0
1491 1.040925557101866 0.4718504170381298 0
1492 -6.276698841299702 0.5601563334062934 0
1493 -2.951422381466269 1.422518085871652 0
1494 -8.307301901776446 0.6743569253278141 0
1495 -8.535091687152066 0.7892684184906216 0
1496 -8.550895887306844 1.049288080987553 0
1497 -8.771984185314729 0.9056946513409058 0
1498 -8.787765974817169 1.174126002775064 0
1499 -9.015737144427046 1.026022706517194 0
1500 -8.993544767702234 0.7542772316063023 0
1501 -9.242534582972581 0.8726721254695433 0
1502 -9.257574132088813 1.149144739265991 0
1503 -9.493279884857992 0.9902059390647433 0
1504 0.873685618971045 0.8849667967762145 0
1505 0.919234718508672 0.9410952001334493 0
1506 7.654223466703076 1.205329742418209 0
1507 7.883637424220467 1.106735564979684 0
1508 7.908782254209765 0.8575465554568003 0
1509 8.113022850066601 1.004597055902332 0
1510 8.138465824173544 0.754288085834711 0
1511 8.344129998000323 0.9018230682411112 0
1512 8.09802043639867 1.265863580112305 0
1513 -2.360114454278833 0.406073347840974 0
1514 0.5729504967796336 0.9695481828774599 0
1515 0.5444659916802238 1.022258382775529 0
1516 -3.016460031958175 0.273221155218091 0
1517 3.520860986688737 1.091107606371538 0
1518 3.62359260741337 1.217438580009784 0
1519 2.554277180404406 1.451235540906144 0
1520 6.227328674238673 1.328080029162689 0
1521 4.204966146773938 0.6185667110627378 0
1522 4.360965306103527 0.5693161900488063 0
1523 4.227415549864018 0.4617771001506763 0
1524 4.390202294322173 0.4188975351897713 0
1525 1.439527289185148 0.1522113827179347 0
1526 -7.237337451520066 0.6180232302120998 0
1527 -0.7602896012694296 0.8544421275392312 0
1528 -0.7321648436386313 0.9111610658335427 0
1529 -4.163976226740215 0.4990318980560386 0
1530 1.186625842138954 1.546187530703446 0
1531 1.05116036080797 1.56782853380193 0
1532 1.334613374110716 1.523905626926097 0
1533 -1.168790409948339 0.9388627665716085 0
1534 2.663197898918031 1.142166514909406 0
1535 2.515383284682569 0.2310114906465011 0
1536 2.582533753994769 0.2989845831703783 0
1537 -7.65084406094029 0.6007979672544438 0
1538 7.110209046966722 0.5500232141060634 0
1539 1.200076000058863 0.117082755207112 0
1540 -0.7708026422397319 0.9679995089634813 0
1541 -0.7045136274359455 0.9722809944983136 0
1542 -2.441479217819394 0.5655423049868303 0
1543 -7.258678492537293 1.333522340417096 0
1544 -1.868900600560107 0.1965003937929396 0
1545 -1.074730628494814 0.2905091788106122 0
1546 -1.086405611476852 0.2463974185804592 0
1547 -0.9048555520144829 0.9608074612028044 0
1548 -9.468136554318034 0.7149490761500579 0
1549 -9.728354264574424 0.8398951928383884 0
1550 -9.74006999783091 1.149085103855271 0
1551 -9.991009412593931 0.9656921481519815 0
1552 -10.02332704094761 1.256012105263024 0
1553 -10.26545361901655 1.083571970495646 0
1554 -0.6690325357293664 0.9085036132754831 0
1555 -0.6390175203177049 0.97000160617838 0
1556 -0.6726824735275856 1.028451912184268 0
1557 -0.6064226879014182 1.025664480407128 0
1558 -0.5771834842838461 0.9695552927907146 0
1559 -0.5434572609856088 1.022502160277685 0
1560 -0.5728927361498325 1.080909127908605 0
1561 -0.5069908330914962 1.076652957925269 0
1562 -10.21815502018546 0.7600494147839795 0
1563 -10.50926315951435 0.9072910069153228 0
1564 -10.48734982785979 0.6065048002243882 0
1565 -10.75915846219767 0.7357965944413576 0
1566 -10.78735153854678 1.04052607435799 0
1567 -11.04111716553381 0.8629921266094726 0
1568 -6.089481420055171 1.305984176853558 0
1569 -6.265026782700216 1.446362504341178 0
1570 -2.878185418404745 1.157482368013473 0
1571 8.366713191097171 0.6497054583510175 0
1572 8.57638748857668 0.7965764910536736 0
1573 8.551023643732243 1.051547459373307 0
1574 8.792042050618177 0.948360445068007 0
1575 8.808623755117813 0.674523136694463 0
1576 9.031659306923824 0.8300222003945914 0
1577 9.005627295345285 1.111639365397882 0
1578 9.257391051864097 0.9872409002193699 0
1579 -8.112330440687863 1.325719694917641 0
1580 0.06673332565891331 1.219842564855934 0
1581 0.09824161064129472 1.157988962512038 0
1582 -0.3297191839863262 1.681935946021982 0
1583 -2.990601501201185 0.4905457730128295 0
1584 -2.231582690687736 0.2022889065541409 0
1585 -2.389831445841415 0.2260986899848585 0
1586 -3.791532750729914 1.452881826782591 0
1587 -3.960262766360695 1.369526752055392 0
1588 -2.19000077306461 0.4708915627176082 0
1589 1.129515873152714 0.4236182280421595 0
1590 1.09598691887449 0.3802449459707975 0
1591 -0.7859073949671261 0.8004620684210533 0
1592 -9.712768597061856 0.5406458413245657 0
1593 1.648277640044636 1.526754041868736 0
1594 1.936660068652403 0.3935495810057011 0
1595 1.913094730716478 0.4747170158593244 0
1596 1.163673851598991 0.4675940394447665 0
1597 -6.452054455245738 0.4567193718082028 0
1598 9.292028980536438 0.6891942715009959 0
1599 9.515664944638379 0.8739520261752404 0
1600 9.495537909740301 1.144478966083254 0
1601 9.746267636350369 1.023003599936839 0
1602 9.788608199874158 0.7306693449861126 0
1603 10.01468161057973 0.9076364825432831 0
1604 9.976458307462293 1.18263062817655 0
1605 10.25235766190345 1.057875480377537 0
1606 10.27499352440916 0.7759242524358262 0
1607 10.52064728680825 0.9245649363700468 0
1608 10.53810743933059 0.6416542344225959 0
1609 10.79490244042491 0.7940003570126397 0
1610 10.7628144762587 1.129623456431336 0
1611 11.05481388717216 0.9608501925103687 0
1612 10.23228033648703 1.374344809864197 0
1613 7.426823068805443 1.29972354810011 0
1614 2.026868183465038 1.599728905201053 0
1615 6.399102863362246 1.479023510428726 0
1616 6.727631942794466 0.5201030111104923 0
1617 5.687902906653332 1.317044453443667 0
1618 1.531757213518371 0.6177082668840029 0
1619 -1.943251225363465 0.1694917743354503 0
1620 6.813835562325144 1.318102012217994 0
1621 -4.173953116820575 0.3549445443208843 0
1622 -4.293330171631388 0.4366148862862478 0
1623 -6.648188299055207 1.222540234980479 0
1624 -11.07071900098395 1.175594640009368 0
1625 -11.33064125320833 0.9923833055191571 0
1626 -11.29229298772253 0.6885521293915623 0
1627 -11.59248440273281 0.8063361538060658 0
1628 -11.62324262188869 1.124634853262293 0
1629 -11.89377348554579 0.9360001754292777 0
1630 -11.92521058751843 1.251727226553385 0
1631 -12.20214551913732 1.067615286602765 0
1632 0.6675032386018769 0.9047433917946464 0
1633 -1.169153725009818 0.1222442335481133 0
1634 -1.12310516861546 0.1356261089886545 0
1635 -1.215505146680919 0.1081023431924212 0
1636 3.788756028161732 1.179304302945662 0
1637 3.737706912174661 1.350661102358807 0
1638 -1.388956043374755 0.1962043395113496 0
1639 -1.402136871599248 0.142397278482024 0
1640 -1.443203375929912 0.1804605909883259 0
1641 -1.598212945860039 0.5011559241303752 0
1642 -1.656965534081809 0.5580581210410231 0
1643 1.479944521951768 0.1926536009922643 0
1644 1.496194811472777 0.1384352729895678 0
1645 1.537630738230091 0.1790436372657739 0
1646 -0.4807361805703993 1.019313532093404 0
1647 -0.4438778763792797 1.070973595234326 0
1648 -1.733297762085754 0.5316906690397809 0
1649 -0.7866094007164327 1.490420483511898 0
1650 -0.7442631843037373 1.604148640904379 0
1651 -0.8702907671203181 1.588736261780283 0
1652 1.877018745537209 1.634291061472898 0
1653 7.933697332546929 0.6161202645966002 0
1654 1.831032643838243 0.4904016350559834 0
1655 -1.821530583610663 1.187808761329111 0
1656 0.2679779865871905 1.580365298610713 0
1657 -2.575771971149786 1.23434144187196 0
1658 -0.8189821038528348 1.713008630182222 0
1659 1.274976970878068 1.663768953355819 0
1660 1.417143158286444 1.660552697739845 0
1661 -2.826992937276714 0.2325662766697812 0
1662 0.872047626882044 0.7087471893410724 0
1663 0.8479878433224107 0.7597410542881364 0
1664 2.663097303386361 1.580860388616486 0
1665 -1.39979638179522 0.2965146744236122 0
1666 -1.947913897072618 1.680916161116464 0
1667 -2.664250409962971 1.516289365327457 0
1668 2.558191253808061 0.3910499403860808 0
1669 2.653006663881084 0.3703649169771531 0
1670 2.679200913129856 0.2726317807279558 0
1671 2.750842047304793 0.3446577378233955 0
1672 2.777593649798687 0.2464947415458846 0
1673 2.851206620486201 0.3168034651533219 0
1674 2.82682875368203 0.4205129284438175 0
1675 2.929110093736698 0.3911809748022401 0
1676 2.954857937665571 0.2852435933945804 0
1677 3.034939773693241 0.3597538426113334 0
1678 3.010097853674442 0.4686289203787948 0
1679 3.118298677298298 0.4364860362191551 0
1680 3.144143125681613 0.3246340105410136 0
1681 3.229228129428109 0.4019158267715618 0
1682 3.254132707021925 0.2894615259045422 0
1683 3.340871568315815 0.365311447252709 0
1684 11.05137631371299 1.291690439943961 0
1685 11.32203165338452 1.130126015309193 0
1686 11.33932720574867 0.8087660692902247 0
1687 11.60964711036237 0.9832528679864433 0
1688 3.914011671077655 1.305132207493668 0
1689 -10.29767488059029 1.383865616797744 0
1690 3.636013336418091 0.2826839467348238 0
1691 7.004432236163938 1.471472233262657 0
1692 -8.07440807144336 0.5705048695923201 0
1693 2.473125644722788 1.618111911431177 0
1694 1.087622009680055 0.1858196661549084 0
1695 1.104885068118596 0.1401124782604025 0
1696 -2.459786151347203 0.2807472389103628 0
1697 -12.16112041566216 0.7448242841539021 0
1698 -12.47732297996883 0.8708248674663494 0
1699 5.658715944160513 1.528725251552552 0
1700 3.294751507613665 1.617231287819911 0
1701 -1.307361633325184 0.1184712811026958 0
1702 -0.9873175864901665 0.4938776456705756 0
1703 2.5176605997962 1.175090194461709 0
1704 -3.511561897291928 0.2821894452756526 0
1705 -0.5383441511744956 1.141852338567533 0
1706 2.366524203258547 0.1902426251289187 0
1707 2.277158503342097 0.2030077201847775 0
1708 3.36374752029247 0.251641582466731 0
1709 3.870422193344233 1.481482339074284 0
1710 4.044630605951778 1.45493371283663 0
1711 -2.619578403022045 1.669208742160528 0
1712 -7.049802510190599 1.456962496277329 0
1713 -12.40467872579488 0.5436810814158762 0
1714 -0.6244646521734596 1.615443077470274 0
1715 -1.127693443737455 0.4168489273429385 0
1716 -4.300848322110514 0.2972473366439278 0
1717 -4.423452596983447 0.3747676570873549 0
1718 -4.414581786962648 0.5198411850544559 0
1719 -4.549349664817097 0.4579143592407047 0
1720 -8.278322649349562 0.4169636522666152 0
1721 -1.220635140149008 0.4602153133357659 0
1722 -1.201731869949612 0.8519349774652003 0
1723 -3.100495995978247 0.342483468043665 0
1724 -7.678308808004205 1.328261472113319 0
1725 3.681181561725928 1.526803129038461 0
1726 4.279489192814129 0.322245900675715 0
1727 5.849994933881915 1.451926907943147 0
1728 0.9871105392924812 0.4849065364705121 0
1729 0.9698766702404422 0.5347347125731504 0
1730 -1.455176443552599 0.1264787635691338 0
1731 -1.498356795704612 0.1646929538544021 0
1732 -0.03657206440826195 1.273838347280807 0
1733 -3.301679017069316 0.2546835530892385 0
1734 -4.556150645200592 0.3120307747481577 0
1735 -4.685330086024389 0.3911672055613584 0
1736 1.991976445958808 0.1663000976452017 0
1737 2.048144125410334 0.2173310630564079 0
1738 2.028826900920058 0.2925280240858639 0
1739 2.060796727721173 0.1357807641767972 0
1740 2.132085689351442 0.1854515545987604 0
1741 0.06389727122616752 1.104768992799344 0
1742 0.1250844849609369 1.100082113632891 0
1743 0.1602769506842266 1.154042334911225 0
1744 0.1880280592592677 1.099974505184294 0
1745 0.2221989449439722 1.152027416317381 0
1746 0.2467316471505088 1.098379261771361 0
1747 5.668128249791803 0.4124895410738898 0
1748 5.493512076815295 0.472806178201821 0
1749 5.835458965065047 0.3454163085411503 0
1750 5.982285203024968 0.4531903663406927 0
1751 -0.4177059683996792 1.01700239703729 0
1752 -0.3825342356608348 1.066811412342592 0
1753 -0.4080771874664794 1.12341701033366 0
1754 -2.475527407768094 0.1956483703170314 0
1755 5.286088257507125 1.447814458619362 0
1756 5.126519510652224 1.308552689427022 0
1757 3.104703090546113 0.5500079378737045 0
1758 -3.114811054255217 0.2347787927764032 0
1759 -8.564693134872398 1.317856387314053 0
1760 -2.240164904480269 1.492050433604119 0
1761 -1.692847739645541 1.587985976198957 0
1762 11.61994040056742 0.6562111641600897 0
1763 11.89920690836207 0.8374272748399727 0
1764 11.88085779257045 1.177508972462993 0
1765 12.18535853703253 1.024272392669463 0
1766 12.18359463501104 0.6955574537917699 0
1767 12.4863039136673 0.8568706473604151 0
1768 1.803967564994257 1.126503603523643 0
1769 1.944368450695107 1.099655055430007 0
1770 1.001797898778642 0.437714819826199 0
1771 -0.07063425340815468 1.106285640423033 0
1772 -3.613929315057306 1.494315541560655 0
1773 -5.737772248530721 1.277324287318774 0
1774 -5.365143194673633 1.486948935628694 0
1775 -5.216652520782057 1.37537530856606 0
1776 -5.55870912613296 1.598501737386781 0
1777 -3.527100478749707 1.215952818475897 0
1778 -0.980459464235797 0.9545795815872784 0
1779 -4.679128952978147 0.54175889575493 0
1780 -4.817199402483864 0.4749201382677393 0
1781 -4.823684165133955 0.3230945193623806 0
1782 -4.957311267099149 0.4030565239216324 0
1783 -4.965593564210046 0.2452206347838091 0
1784 -5.100127266741778 0.3343418040209316 0
1785 -5.092177363786492 0.4920578601695155 0
1786 -5.24698219110364 0.4100188549447298 0
1787 1.553602448807817 0.1249389844541584 0
1788 1.590793921747971 0.1637579092277909 0
1789 -1.109425729192955 0.1810653075984953 0
1790 -1.344009630988686 1.291170554964556 0
1791 -1.308850541275982 1.409226099124123 0
1792 -1.183347591177246 1.431816989838088 0
1793 -1.268987191095354 1.535899596996682 0
1794 -1.133127872052502 1.556951718079749 0
1795 -1.213927212334589 1.690616191007023 0
1796 -1.367564858268103 1.647241692698109 0
1797 -2.044219508368959 1.258710438476112 0
1798 12.46625894843791 0.5190645758095906 0
1799 2.707471791439106 0.1850558829475087 0
1800 6.562075141072502 0.4028677147992047 0
1801 6.369848277874484 0.4726441763726075 0
1802 6.420447190615296 0.2846995486112671 0
1803 -0.345255038649128 1.114385156056974 0
1804 -0.3221057913170374 1.054840747722697 0
1805 -0.2864027282867213 1.102802210086303 0
1806 -7.264577220546918 1.574885716025972 0
1807 -3.608346844477166 0.3541868218556599 0
1808 -3.615084626271143 0.2384229347521699 0
1809 -3.607937061600305 0.4767535790258755 0
1810 -0.0005632329384889006 1.102310796344263 0
1811 -1.28327006005041 0.8238345055439202 0
1812 -4.052674932974528 0.2809260898684254 0
1813 -1.003506205077675 0.4469330609805699 0
1814 5.08347557524262 1.509427449910684 0
1815 4.919494010505925 1.375932259438928 0
1816 4.88670218493442 1.57894863015478 0
1817 4.714802706896602 1.441615858639427 0
1818 -1.048148491721232 0.4328751354956914 0
1819 -1.01484081028208 0.3989183441324891 0
1820 0.9015599992617722 1.443303227644484 0
1821 0.8517009183481744 1.551042130168923 0
1822 0.7332772995272596 1.555757552422985 0
1823 0.7974587577512554 1.669376891755532 0
1824 -8.797029098355807 1.439560212074545 0
1825 -2.445184877445075 1.02510724675642 0
1826 12.47136596882122 1.198207640222551 0
1827 12.78299090380948 1.03587201040032 0
1828 4.137296448846554 0.3340508850380679 0
1829 -0.5657281062043469 1.230701602610397 0
1830 11.34880115177434 0.4971704993052558 0
1831 -12.52178051030246 1.198152555721171 0
1832 -12.79820088589608 1.005439402140255 0
1833 -12.83436777569102 1.330833425117751 0
1834 -13.11733825973935 1.136030554547157 0
1835 -13.08929993757298 0.8003750672303488 0
1836 -13.41362655403759 0.9331430070090079 0
1837 3.120791321106013 1.656808456653851 0
1838 1.11423764560734 0.332083227972952 0
1839 1.062759306640419 0.3390934401375417 0
1840 1.047383212087959 0.3832152602732414 0
1841 0.6689891079905845 1.662864656692406 0
1842 -3.127869447171705 0.5401169674144273 0
1843 2.001639225000312 0.4519874806606753 0
1844 1.97223141423381 0.5389488253047834 0
1845 -11.54530270956673 0.48020601488009 0
1846 0.5155717372202565 0.9732639362333695 0
1847 0.4855468882933704 1.022439457746471 0
1848 0.5183645396892737 1.07577494445645 0
1849 0.4540896110336715 1.07496887553313 0
1850 0.4280435945759171 1.022677895781946 0
1851 0.3921149335342893 1.072596257043285 0
1852 0.422325675749772 1.135559386160107 0
1853 0.5400409693707063 0.9252531796173054 0
1854 0.5994014620925933 0.9211127532129502 0
1855 0.3509183261885365 1.127661194166466 0
1856 0.3287088379817231 1.061650577924231 0
1857 1.398647226899651 0.114068022184964 0
1858 0.7127776552267695 1.797094825272677 0
1859 0.481418356578084 1.695847252717557 0
1860 0.8772887774567514 1.77684378238424 0
1861 -1.996693560760697 1.032394780228344 0
1862 -2.103762292633772 0.4985278723734478 0
1863 -2.165263415960392 0.5687154345524472 0
1864 1.277177900380707 1.31116486997325 0
1865 -1.50964980357994 0.1029196896383125 0
1866 -1.555222675511774 0.1472841217479983 0
1867 -1.541600746768209 0.2053609477098993 0
1868 -1.600591021519603 0.1878988341088859 0
1869 -1.61358552863829 0.1300346243046014 0
1870 -1.659373630882729 0.168837445639495 0
1871 -1.673346797339911 0.1052325042667044 0
1872 -1.727216468775046 0.1479843023433724 0
1873 1.97963164121429 1.767981704178236 0
1874 -3.746304087887366 1.647753264667893 0
1875 3.523716203720787 0.3084481481089298 0
1876 3.459592158061749 0.4311848388930752 0
1877 -1.134263090381888 0.2255811217696921 0
1878 -1.121940201436487 1.032712036611553 0
1879 -2.125887978497524 1.640162490565279 0
1880 -6.264113014850714 0.3401752297946817 0
1881 -6.437102663474507 0.2746741123254742 0
1882 4.41583540774295 0.2598694887568144 0
1883 4.527146693586731 0.3654545088207817 0
1884 -13.44386247561198 1.318677082156457 0
1885 -13.79802000055464 1.074700521946186 0
1886 2.606190705876181 1.75461905116597 0
1887 3.754892691238831 0.243247033421265 0
1888 -0.6037277054987453 1.147314211769207 0
1889 3.170076457750794 0.2197434104319629 0
1890 2.320504718455071 1.121829295510894 0
1891 3.320127430064811 0.4976092543663341 0
1892 -1.081492713212301 0.1489314951308803 0
1893 -1.093692573465854 0.1037673439846642 0
1894 -1.066506984399698 0.1871783378500813 0
1895 1.48897984346026 0.294996390148662 0
1896 -0.9628488440121448 1.698659009943837 0
1897 2.223201947966259 1.018423058402158 0
1898 2.085313115813941 1.046644685155692 0
1899 1.021262719806519 0.6268766589128043 0
1900 6.192213552690645 1.553827002358143 0
1901 1.344133985416288 0.1266784480070163 0
1902 -1.04216447600313 1.441919586748146 0
1903 0.9731715366341067 0.589458869421672 0
1904 0.9241956028652769 0.6035582763846202 0
1905 0.8956068678394828 0.6536470572055075 0
1906 -0.846502416900796 0.7927463221001877 0
1907 -0.8696740126816551 0.7354631595953197 0
1908 -0.8116714204409405 0.7483068205071722 0
1909 -0.9377799638018066 0.7174645438288334 0
1910 -0.8897341683022795 0.6802924693303423 0
1911 -0.9402245012546988 0.6652587150177045 0
1912 -0.9095679343943777 0.6289010503017347 0
1913 -0.8314649834722423 0.6920464490099516 0
1914 5.537192244110507 0.2840536876060958 0
1915 5.367822921368705 0.3513245686052465 0
1916 -0.3785659969369546 1.262871398801307 0
1917 3.37138315226367 1.271429094300119 0
1918 12.74475414933614 1.394109479890741 0
1919 13.07881908251685 1.210514980959295 0
1920 13.09689098530371 0.8700042599593627 0
1921 13.40508917615098 1.051490057098872 0
1922 12.19080839145287 1.416498654724952 0
1923 11.8294843290152 1.520082964411824 0
1924 -1.22197937340287 0.7665507900391458 0
1925 -1.33967320495028 1.804768885180237 0
1926 0.7283933097992669 1.176210299425296 0
1927 0.6303267409539881 1.194906447428961 0
1928 0.7380455441799181 0.9004464644975284 0
1929 0.7645558498269459 0.8447725343349402 0
1930 0.709082411068144 0.8511096493370576 0
1931 0.823366576078188 0.8376279803226641 0
1932 13.42720272710066 0.6648057559779927 0
1933 13.73485894337622 0.8851469125136213 0
1934 13.75461161026131 1.287578293436777 0
1935 14.03325356766696 1.057439803300127 0
1936 14.10719439189631 0.6942569320404371 0
1937 0.6195523101218648 0.8704544853176481 0
1938 0.0368175027168197 1.061822146752409 0
1939 -0.03740992890125887 1.463973752502895 0
1940 -0.1023321778465864 1.380825419745615 0
1941 -6.092282531630844 0.4657186750556159 0
1942 5.319614573022669 0.5347030123474702 0
1943 5.211747275598772 0.4060115192167822 0
1944 -1.121427167627574 0.8692755256288658 0
1945 1.461525444439436 1.829609087006337 0
1946 -0.3816886522457559 1.843666009615072 0
1947 5.399768139124014 0.1836661025916866 0
1948 -3.033244042859659 0.1694575803473068 0
1949 1.869571254526949 0.1306948422418397 0
1950 1.795454852270669 0.1448494026684314 0
1951 -0.9222369930409704 1.09316766032554 0
1952 2.624084561914136 0.4680697259756311 0
1953 -3.417261413503788 1.44401309155421 0
1954 -3.379777410495907 1.632823277511684 0
1955 -3.18546825923497 1.668298939632785 0
1956 0.3677020548471717 1.840921555976577 0
1957 3.526503722586997 1.382777082826565 0
1958 -1.572174433343456 0.5813575196535942 0
1959 -1.633800147656685 0.6434705662216454 0
1960 -1.484025520994968 0.5855355639307813 0
1961 1.252457465741428 0.5303058849992857 0
1962 1.18206853977379 0.552179459461044 0
1963 -1.374426356059983 0.3648761001910368 0
1964 4.663563394878466 1.654894970762954 0
1965 4.505380098196786 1.502070597505061 0
1966 4.321026487615064 1.608693655220869 0
1967 4.552929201530069 1.306207762731862 0
1968 4.368617613468736 1.375068823750226 0
1969 -2.45346822672783 1.720995481443614 0
1970 -0.1365280751340627 1.09646165601301 0
1971 -0.1970554092761027 1.094902507353897 0
1972 -0.166763248352341 1.051152921206346 0
1973 6.221002575468146 0.3269828085230442 0
1974 6.165277204820408 0.5342367815293876 0
1975 0.1055046565025174 1.295867863440393 0
1976 0.9467332326779173 0.8685895197995313 0
1977 0.9922350383405445 0.9269707618342442 0
1978 0.9735980333749557 1.001107311548485 0
1979 0.8123819891157941 0.7147463801850794 0
1980 0.7941063735982881 0.7622023876558814 0
1981 2.239070142285308 0.2969239168352218 0
1982 -0.9686673905897655 0.5429952111073351 0
1983 1.230040582495806 0.3028713291569865 0
1984 1.169588347252052 0.3115575711383763 0
1985 -1.487063005837771 1.754771974101275 0
1986 1.317113215282105 0.9256970625836975 0
1987 1.251352072506627 0.8559543473859987 0
1988 1.15287651899146 0.8637921625153618 0
1989 1.349041599768066 0.8238997247285401 0
1990 1.11917694417677 0.9586096451443584 0
1991 1.267373730647621 1.830375727917184 0
1992 0.2851058763830415 1.150020603364503 0
1993 0.2565132714585006 1.217921366394365 0
1994 -2.936007472749266 0.2007127882795828 0
1995 -2.86512580972901 0.1316028413687708 0
1996 -1.061837961924521 0.3363179272035879 0
1997 -1.029504192471338 0.3007244401603949 0
1998 -2.722698425459948 0.2794184424600027 0
1999 -2.641372636083553 0.2172262020996535 0
2000 -2.734604216415232 0.1721422111634944 0
2001 -1.367656417538472 0.878844638922662 0
2002 -1.796553076675532 0.225393061656682 0
2003 -1.807238558151452 0.1523491914376048 0
2004 -1.918388648180619 0.6427022905959291 0
2005 -1.943616522293579 0.5452413459182438 0
2006 -1.854660263112447 0.5705094267495014 0
2007 2.459119971206728 1.317070289454714 0
2008 3.433367138632998 0.5595266610880227 0
2009 -7.043260089400667 1.730107718656168 0
2010 -3.923835014275097 0.3367648674055161 0
2011 -3.815007496319015 0.2613631710564384 0
2012 -1.330490599373387 0.3114658630825968 0
2013 1.452364002936569 0.3603553900451786 0
2014 2.824935794757276 1.111680759074805 0
2015 2.715928504204371 0.9874127824543292 0
2016 0.416343326255164 1.212560083799664 0
2017 -0.9038565063928784 1.841894281685254 0
2018 -1.030227281686323 0.6444439999837324 0
2019 -1.180620237212957 0.07563119810313983 0
2020 -1.22755488474574 0.06304907966978414 0
2021 -1.604055239721093 0.7374366758458311 0
2022 -0.7578047575822319 0.7527322550529379 0
2023 -0.7323156540161961 0.8037458800518307 0
2024 -0.7056950098451956 0.8529466914626529 0
2025 -1.072342389760194 0.9413900161771759 0
2026 -1.255898024732955 0.5220732192921981 0
2027 1.772330588310688 0.221382099108282 0
2028 1.720994717913898 0.1699362971416941 0
2029 -1.262796921305956 0.09239280870871196 0
2030 0.1606164062927928 1.056977093198503 0
2031 -0.7140301532701347 1.840500664691666 0
2032 3.490769805256885 1.595358744001971 0
2033 -1.648696243541699 0.2271881376239231 0
2034 -10.80316393082889 1.352093718427965 0
2035 -11.0845557483579 1.497030034791021 0
2036 4.071107921028757 0.5270467957577161 0
2037 -10.05349008723407 1.551272748609085 0
2038 -2.320582178474627 0.1641737003273774 0
2039 7.628022586147572 1.462276723255482 0
2040 7.386587843030927 1.547805892793426 0
2041 7.868497727507586 1.613696683507998 0
2042 1.327653691808715 0.1787569541464792 0
2043 1.302339300516715 0.08750137105768986 0
2044 1.250389645634373 0.1047412366807364 0
2045 1.216340380902313 0.07225411849089036 0
2046 1.704828252844929 0.6703510000183318 0
2047 1.734642760223738 0.580963601794788 0
2048 1.638336265976895 0.593340381874387 0
2049 1.604269599390958 0.6890052307178226 0
2050 3.645639205714604 0.648248746352117 0
2051 2.437461215500989 0.6098699680162484 0
2052 2.462010109421391 0.5026755634451356 0
2053 1.626208306085025 0.2609709034108821 0
2054 -0.2646281306754491 1.04722815319337 0
2055 -0.2970081188595119 1.013646114131105 0
2056 2.562424904383649 1.030466663983577 0
2057 -3.105907811618234 0.682592958714992 0
2058 0.5770191908807436 1.129036680940764 0
2059 1.076419615761451 0.4273787265203068 0
2060 1.669125714158351 1.152171005272524 0
2061 1.717731718164381 1.024386783581995 0
2062 -6.61957262976431 0.3429923578095374 0
2063 -6.832153634888957 0.3292552832515154 0
2064 3.859241832280677 0.3334688370306809 0
2065 3.990710918309937 0.2985826767784165 0
2066 3.871828763660082 0.2066864291828912 0
2067 -2.567170301825751 0.5304557504148164 0
2068 -2.496783130138186 0.4485708487478156 0
2069 -2.536412963426141 0.6489118582513718 0
2070 -3.751164566380794 0.6837831895182913 0
2071 -5.742285067983169 0.4869238795492643 0
2072 -5.578098391213802 0.3991288934081328 0
2073 -5.906110998975393 0.3894151051682993 0
2074 -5.412903196368876 0.4868648516101849 0
2075 -5.417093149795588 0.2987356689003373 0
2076 -5.404041726624373 0.6729211316401918 0
2077 -5.734184832410035 0.2912837247100419 0
2078 -5.896613455676412 0.2056051530948565 0
2079 -2.15042198151773 0.2353602947652246 0
2080 -2.083038980856764 0.1847401087921992 0
2081 -2.158281832282293 0.1517697852725487 0
2082 -2.233885552975318 0.1175972316450686 0
2083 -2.373697098525683 0.1031520521604071 0
2084 6.369310931878808 1.714477897398126 0
2085 4.957633262847709 1.160927948696831 0
2086 1.164886565960054 0.07950869404030125 0
2087 -6.095967224223333 0.6679342789605731 0
2088 -1.135917544098378 0.08857637210890988 0
2089 -1.102647644485796 0.05821884566053987 0
2090 3.751102544775617 1.815354989789908 0
2091 1.437213866497794 1.413472050638737 0
2092 -1.529434337677601 1.611481645464525 0
2093 -4.218070578276461 1.799042771538677 0
2094 -4.334839344097873 1.60613748803588 0
2095 -4.555928679747843 1.603466530082609 0
2096 -4.445004090033613 1.418888938368982 0
2097 -4.655693289394337 1.414790937616651 0
2098 -4.772314987108424 1.598396126743928 0
2099 -4.859691922891188 1.404024150208841 0
2100 -4.24040759678489 1.426333901257422 0
2101 -4.536771464914938 1.249114547043604 0
2102 -4.985092502951626 1.586319812535552 0
2103 -4.121207794914697 1.607095468740588 0
2104 -4.345304173343431 1.252407709058222 0
2105 -4.141785896241432 1.260066189070234 0
2106 -5.240511978332814 0.5820077835858632 0
2107 -5.081560588788115 0.6682580215804513 0
2108 0.3377427415145287 1.697863899777492 0
2109 4.820761550847262 0.5617642631476212 0
2110 4.975322166034339 0.5028167218507463 0
2111 4.852891474569085 0.3973388008005163 0
2112 4.999319213082863 0.3390674326072298 0
2113 4.880515801602291 0.240723602227146 0
2114 4.738241544955198 0.2868397937729818 0
2115 4.626786181743703 0.1891082451376568 0
2116 5.026826927973033 0.1912730621319716 0
2117 5.124821660748523 0.5909564026742571 0
2118 1.381023079991188 0.3828666053745983 0
2119 3.277957072818919 0.177295126493084 0
2120 3.062897882354025 0.2524213416661322 0
2121 1.91152649829191 0.6239247077600931 0
2122 2.610907429948049 0.2078074403217741 0
2123 2.543305776904216 0.1371041432788483 0
2124 2.451345415673953 0.1677139451428762 0
2125 -0.1540774995793707 1.842741821917651 0
2126 -1.187474668082321 0.5489867142246904 0
2127 -1.856748739337775 1.837687659351656 0
2128 1.612412159042502 0.1088402832312334 0
2129 4.682065833920687 0.4411467210046713 0
2130 -7.433427346659643 0.5002766818164663 0
2131 -7.623070579993845 0.3670797549559303 0
2132 -7.840044384183538 0.4825193541717617 0
2133 -0.7327996643276585 1.135159144243522 0
2134 -0.7495081309576261 1.04618908884964 0
2135 -0.8158025436134138 1.018634646539674 0
2136 -10.73318845340209 0.4427404656575641 0
2137 -10.45300364420575 0.2913343029811945 0
2138 -0.9456179791684269 0.5895541235056077 0
2139 -0.9217939662791861 0.5446825339017082 0
2140 2.984470043199902 0.1756984135982972 0
2141 6.010614285342213 0.2746766331010969 0
2142 -2.090237987347534 0.1070216071612155 0
2143 -2.019038243948616 0.1378702783455346 0
2144 -1.88185309692721 0.1249463217538346 0
2145 -1.954471878676496 0.09814377794687 0
2146 -2.006040540108371 0.2156530964633315 0
2147 -14.57751991118617 1.272368631460713 0
2148 -14.20894951910571 0.9806414323782648 0
2149 -14.22268775322059 0.61344724363916 0
2150 14.59921816726157 1.264877655988146 0
2151 7.322552384184893 0.46550319514894 0
2152 7.547757779585556 0.3615328947910377 0
2153 7.734705858087968 0.496645354537572 0
2154 2.880218461664624 0.2181149679609476 0
2155 2.041859531666441 1.191952982390628 0
2156 1.150598345388131 0.1292054732758064 0
2157 1.118200853666637 0.09655049758748016 0
2158 1.076833392036713 0.1054585354062692 0
2159 1.090174348562531 0.06664817194740981 0
2160 1.065502029031238 0.8947099027661195 0
2161 -1.828171458144113 0.08498058191801608 0
2162 -1.414957676411432 0.08950165296692421 0
2163 -1.363646730622313 0.103170309665941 0
2164 -1.32945683484669 0.06611288397188404 0
2165 -1.021292100049706 0.1862739999953422 0
2166 -1.029356278788083 0.1016065232346567 0
2167 1.017625735665151 0.1876202493882631 0
2168 1.048622407109199 0.2124394563048469 0
2169 1.046200575856336 0.2562264052256919 0
2170 1.033297975325126 0.1055529485550242 0
2171 -0.9994909392298279 0.2681862765936329 0
2172 -1.040259021359219 0.2580879326507592 0
2173 -3.405067719472987 0.2012710789056385 0
2174 -3.481177433849629 0.6659755466772003 0
2175 8.16174553153361 0.5121086310895412 0
2176 8.380635275316374 0.3983241578280161 0
2177 8.195334597774334 0.2717743073777295 0
2178 8.589610448416588 0.5255407897211877 0
2179 8.814508823215164 0.3896646080165377 0
2180 9.036133219726546 0.5377423161024504 0
2181 9.054761674450098 0.25367103924665 0
2182 -13.37048924416898 0.5850887293266389 0
2183 -2.866235433733585 0.6535553814389811 0
2184 -0.9578424623495301 0.3855486314580239 0
2185 0.9879430996558648 0.307916276029102 0
2186 1.016615564029605 0.3414429354839498 0
2187 -0.6108055579186336 0.9194624514367423 0
2188 -0.5508247711540993 0.9169869469091565 0
2189 -0.5187570451658159 0.9699322901121096 0
2190 -0.6326720651436708 0.869130056665303 0
2191 8.796062498262492 1.736614827687103 0
2192 8.641568336661692 1.487147515643367 0
2193 8.33897455033687 1.465573967904902 0
2194 8.962170872379017 1.442098655548842 0
2195 9.2485751275123 1.503686099949338 0
2196 8.164701432565105 1.740057003148017 0
2197 0.8841458583224754 0.8173616456778435 0
2198 -7.040166061209804 0.7439732318938242 0
2199 -7.00250563568722 0.5116656750318447 0
2200 -7.20719876148071 0.3826382656115197 0
2201 -6.493645400434528 1.77244285863581 0
2202 -6.631400754396406 1.517036978844265 0
2203 -6.230754783055947 1.744105366750262 0
2204 -6.056918312418658 1.536904620509032 0
2205 -5.820152473179615 1.576192434730905 0
2206 -9.423898612796977 1.727194555869248 0
2207 -9.581927615296202 1.452222935773645 0
2208 -9.266123034223421 1.453217576775794 0
2209 4.48500639390153 0.6758075026808317 0
2210 -2.547150125199193 0.2499102554071037 0
2211 -2.562879178896262 0.1530553655124831 0
2212 -4.740932613755596 1.220917138883493 0
2213 1.937618471422174 0.1158299600012088 0
2214 -8.195717062217906 1.752921582803671 0
2215 -7.896997934104558 1.733060016551837 0
2216 0.1360234905817327 1.219040318885892 0
2217 5.677004309112552 1.766914450876204 0
2218 5.418939692286041 1.791884784734718 0
2219 14.38620003935959 0.3374720793144673 0
2220 -0.9246378994376708 0.4620437415347076 0
2221 0.9249937856500569 0.4615722443598371 0
2222 0.9585184647113772 0.3858441500479002 0
2223 2.316538917745984 0.6402898266913218 0
2224 11.07330374263193 1.669222791213431 0
2225 -8.510022125029803 0.5428265562759953 0
2226 6.901393156108449 0.6443067860018695 0
2227 6.928000867333349 0.4296323298274114 0
2228 7.142292505275094 0.3277983371296422 0
2229 6.954927716394837 0.2249882906187916 0
2230 7.018258681064895 1.745072706641991 0
2231 9.411769513561559 1.734893756892163 0
2232 9.533129633242082 1.443223159261868 0
2233 -10.37026070341279 1.706893450745118 0
2234 10.39657491510891 1.699905309922502 0
2235 10.56919724989453 1.42659253996237 0
2236 10.06210910956955 1.688126672172988 0
2237 -8.745073544233177 0.6460124891484286 0
2238 -8.96641715337627 0.4679552055381303 0
2239 -9.212095832789631 0.6015340033504519 0
2240 -0.6847528514491612 0.8082060504306838 0
2241 0.8851854337595897 0.5347522453114879 0
2242 3.660645299434908 0.1654925518243245 0
2243 1.001485476815018 0.3870104039901445 0
2244 -2.056193565629489 1.823400739756502 0
2245 11.07848258128863 0.6558388412040601 0
2246 -12.12004968061268 1.707394918424188 0
2247 -11.77359660934898 1.711434568844396 0
2248 1.824893548326454 0.08286128929694757 0
2249 1.453470853526571 0.09527970690419016 0
2250 11.61550415048065 0.2985965017581456 0
2251 -13.62235108342876 1.674264499257087 0
2252 13.60937492410814 1.670273940810477 0
2253 5.45091092903046 0.6644438311664886 0
2254 10.69868417191679 0.2385014589603102 0
2255 9.860818745469302 0.2320279498993317 0
2256 9.979215949424495 0.4717943613429254 0
2257 -9.861993435709449 0.2532253136630896 0
2258 -10.01500759112339 0.4914276338702028 0
2259 -9.588001237153073 0.2644650798003544 0
2260 3.55429693027622 0.5389416159761111 0
2261 1.030480109663021 0.3006474387767613 0
2262 6.329344534517904 0.6844952551116399 0
2263 -1.095273687233712 0.4652386824620489 0
2264 -9.085125810963081 0.2154657536316419 0
2265 -14.38651514970646 1.665534128911792 0
2266 14.39038150857212 1.665191037287573 0
2267 0.8409448368564391 0.6036728739976865 0
2268 7.706734419174225 0.7205084748014898 0
2269 -8.369024038143964 0.1963123570206491 0
2270 -1.176197339882809 0.2626879027872771 0
2271 1.332108316592604 0.04119581179602438 0
2272 0.7325671852552021 0.8056849458300781 0
2273 7.692195835600312 0.1764410605458332 0
2274 1.432657124145901 0.0427384546749293 0
2275 -7.091542746363446 0.1753837310590378 0
2276 13.28375606450302 0.3012250143484532 0
2277 -1.722636829144742 1.101113138687408 0
2278 1.538708749497423 0.04428916946604421 0
2279 -1.539509259700088 0.0473843890905672 0
2280 -2.789394920721617 1.646899292507351 0
2281 -0.8392869658582842 0.6061296539973455 0
2282 -0.7875189001304752 0.6727300850901534 0
2283 1.00044290011668 0.268101187718816 0
2284 12.2643664839104 0.2576747694277739 0
2285 -5.495566966342939 0.1369766591311246 0
2286 1.708400227141457 0.05293691397459461 0
2287 1.74080504769459 0.1054870986664741 0
2288 1.67946919059229 0.1152342404856593 0
2289 -1.708427242045407 0.05095031631629433 0
2290 -11.31808827417125 0.2465265961094825 0
2291 -8.792645624660153 1.724215682158909 0
2292 10.41357448592478 0.2313181597417468 0
2293 9.709483113712439 0.4610970532991253 0
2294 1.649300416301082 0.05208007579935078 0
2295 -1.649979810646228 0.04790519688144882 0
2296 9.5925879802674 0.2254302480195769 0
2297 0.7920743273961761 0.6695176099974964 0
2298 0.7329588964342069 0.7315086872549359 0
2299 -8.339141735755447 1.493078593578217 0
2300 -8.837442589955804 0.2118436078394289 0
2301 -3.933291851351524 0.2047838310651252 0
2302 -8.140556769510841 0.1920134810422527 0
2303 0.6684186965375822 0.7852898310338268 0
2304 -6.635469133948997 0.5598179140662332 0
2305 -7.492127652034423 0.1744913361941778 0
2306 0.424943038738437 0.9440309004407071 0
2307 0.4614022164411241 0.9720661580694619 0
2308 -0.4244798643923189 0.9431453364678227 0
2309 -0.5005373945943631 0.9047489996045529 0
2310 0.4992048033416368 0.9051009217321009 0
2311 -0.365568124404235 1.175205707604647 0
2312 4.185233800741686 0.217076390077401 0
2313 -4.158383078799428 0.6511926677420465 0
2314 0.307216814748309 0.9889241578488108 0
2315 0.3848668483602782 0.9623416860642714 0
2316 -7.863839538991093 0.7083292388340795 0
2317 5.826776949955788 0.1564673390578555 0
2318 -0.3865866150486176 0.9589359578045537 0
2319 0.1856879992989646 1.018321792641198 0
2320 -5.338871031797562 0.1338417020521787 0
2321 -4.90007900901397 0.1166110304821661 0
2322 -5.042992343195847 0.1188887627078054 0
2323 -4.625314710666099 0.1113856317229891 0
2324 -4.690796024754021 0.2369160792747405 0
2325 -4.364090658003339 0.105876114664393 0
2326 -4.427113070109212 0.2263583989407919 0
2327 4.363834089243539 0.11276785476531 0
2328 -4.115868146126846 0.1003145993665873 0
2329 -4.175884568045793 0.2146384572686154 0
2330 4.117439553655749 0.1030664878919048 0
2331 -4.678812529143213 1.799826287748434 0
2332 3.298763291114628 1.810307845711332 0
2333 -3.880029807715912 0.09498603228848966 0
2334 -3.656925491565701 0.08742412161962702 0
2335 -3.447817933851241 0.09139145836748783 0
2336 3.444998024305869 0.08837442085216568 0
2337 3.477494019214375 0.1981354794064627 0
2338 -2.349685860755345 0.505944775306132 0
2339 -3.243895909729901 0.08426144877137293 0
2340 3.241009148716593 0.08151582390662554 0
2341 3.048566282652273 0.08105957871577923 0
2342 2.866597224512022 0.07535757467058056 0
2343 -1.952934851608612 1.159109560131871 0
2344 -2.696667759496628 0.07496906310921422 0
2345 2.694558610696885 0.06818294408380629 0
2346 2.090297811734733 0.06081607861639411 0
2347 -2.530583386869999 0.06909308271190852 0
2348 2.228922631733267 0.06170211153904384 0
2349 2.19064121935466 0.1214375067585309 0
2350 2.375888427557099 0.06412254904913849 0
2351 0.2688925982455562 1.001237422918767 0
2352 5.964493645950327 0.6404926669431524 0
2353 1.105483237496517 0.4720074363484764 0
2354 -11.86303292076008 0.6192424306520096 0
2355 1.585433681266076 1.061284885530387 0
2356 -2.696416865505827 1.35482490495069 0
2357 -1.708164193049594 0.7077072080179251 0
2358 2.384532669524325 1.45564091546575 0
2359 2.27830998110035 1.583345958736935 0
2360 -0.06446687519601012 1.033676252782388 0
2361 -12.76762418498044 0.6291569624794341 0
2362 4.045294881342672 0.6699184498199063 0
2363 1.070729318080199 0.8143333469883076 0
2364 4.512326309365562 0.5162439084027715 0
2365 2.886789916923242 0.6157586421519898 0
2366 12.78530891844928 0.7048946869426707 0
2367 0.3739704909025094 1.016727995898329 0
2368 1.197536199308491 0.2535506531340405 0
2369 3.250355928281655 1.156669132195874 0
2370 -11.00487103612303 0.5724517569573975 0
2371 2.346163291205572 0.5355949276832594 0
2372 -1.253574363282098 0.1405071941775777 0
2373 8.751164431558404 1.21902495067559 0
2374 10.27638510161219 0.4882511142773672 0
2375 -1.18318563138865 0.4106099994652642 0
2376 1.223014309949171 0.4658130479499703 0
2377 -5.188801839173593 1.181141153675794 0
2378 6.066505964710988 1.179200410272296 0
2379 0.2137334066465888 1.054659108231522 0
2380 4.216538409924445 1.81007766042812 0
2381 4.917722228030791 1.798421765962259 0
2382 -1.427004325543043 1.495592807649608 0
2383 -4.951506724239486 1.220456850089514 0
2384 -11.35790832363861 1.313871105344936 0
2385 -1.064544216775952 0.0347359246642862 0
2386 -4.267623166712722 1.08565089679393 0
2387 -6.053261836790965 0.2830688596716979 0
2388 -4.547779354166301 0.6042541037067254 0
2389 -3.559975754280512 1.056080795372124 0
2390 5.183783571497099 1.106100089571012 0
2391 -10.53609039288312 1.208646288670761 0
2392 0.2168641828494843 1.696100901024218 0
2393 0.3882928755567112 1.579350456857814 0
2394 0.5111676483225475 1.551207237158943 0
2395 -2.529022155742409 0.346574554926662 0
2396 -0.9880866665555127 0.3086560190412597 0
2397 -2.920381397704737 1.00754055209453 0
2398 -1.626812743480469 1.020246393387743 0
2399 1.648082384177597 0.1829268883885213 0
2400 -8.332743503753797 1.192241745159131 0
2401 2.803781556567889 0.5313141994731103 0
2402 -4.801870620948169 0.6388789667554382 0
2403 2.891677385126313 0.9680191999095074 0
2404 -2.039011215771745 0.4363360761988956 0
2405 2.428364087769276 1.809117445315626 0
2406 -9.023830123876301 1.296605583427577 0
2407 -7.464417365118607 1.206573372256494 0
2408 8.322846913942014 1.159085834146564 0
2409 1.458078111202172 0.5627658861901167 0
2410 -3.620917518308204 0.6083595448446761 0
2411 1.319843518891689 0.7336169512924151 0
2412 6.639325921337715 1.169726524245294 0
2413 7.242332431130183 1.14478646764826 0
2414 -13.69781661310092 0.6821426536460793 0
2415 -1.016321829347026 0.3473569036494394 0
2416 -3.085117214104229 1.829485985159609 0
2417 3.103491830002593 0.6746209707855806 0
2418 -7.89634682461066 1.450556071015157 0
2419 -3.283936896309253 1.159410940600613 0
2420 -12.2498840365636 0.2675771259907375 0
2421 -0.4595097301314665 0.9705439018768668 0
2422 -6.463605566413065 1.094974517912328 0
2423 5.716712242415356 1.110728522848531 0
2424 -5.737690673090072 1.078657159817754 0
2425 -4.910479961258536 1.794061043179981 0
2426 7.86081706868702 1.357572569296569 0
2427 -0.2435105214753251 1.142358265070914 0
2428 -4.947086461532027 0.5667946991082862 0
2429 -5.24368039792864 0.2557393599926654 0
2430 9.867298801799326 1.444086947145503 0
2431 14.00121475657772 0.3188488984639276 0
2432 -1.433918855672653 0.04285549504936931 0
2433 1.16887350597538 0.7363502493881837 0
2434 -6.844690720358691 1.338235581042713 0
2435 -0.4374518290532826 1.188825272171894 0
2436 -3.973908272258083 1.194888109857881 0
2437 2.692627385561877 0.555853368044922 0
2438 -2.29003298106335 1.650828368454793 0
2439 4.258898948490772 1.054245895156346 0
2440 4.229568605213436 1.23130029672502 0
2441 2.144818143648864 0.9383576550526526 0
2442 1.955223730720181 0.3149708525521725 0
2443 -3.982974898879185 1.031720385311762 0
2444 1.0621980219158 0.03651101507542403 0
2445 0.4906838375573105 1.132342871961941 0
2446 3.823603899925009 1.018581637742459 0
2447 -3.305497121733484 1.007000185405523 0
2448 -2.994384522008288 0.6084182671133401 0
2449 9.456283300289313 0.4468109074122684 0
2450 3.200951916629774 0.5063237725680827 0
2451 -1.546366550708744 0.4453473671617869 0
2452 -3.19999330156716 0.1763218459427006 0
2453 -5.701101656592652 1.790989811716899 0
2454 2.828193015313766 1.544387059440204 0
2455 1.631591426172331 0.4597522071199135 0
2456 3.417519527714836 0.976087313248311 0
2457 3.279581881655231 1.009686181570197 0
2458 -1.570101490364127 0.09336258226122764 0
2459 -2.276885363762308 0.4388993072297266 0
2460 -3.488621476313971 0.5300801115248323 0
2461 -1.377259907040701 1.181165002599801 0
2462 2.725683725812711 0.4466416091634222 0
2463 -2.695352559468188 0.9502214562694219 0
2464 -2.658265067551643 1.089633553609298 0
2465 1.202707825046295 1.224214173472552 0
2466 -0.6029842713645084 0.8415815113705407 0
2467 -2.356990095655397 0.9328575273526608 0
2468 -5.432564985809655 1.80270044990533 0
2469 -2.879295278552281 0.5334098059835075 0
2470 -1.483941651808548 0.2208463551068819 0
2471 -12.85660328908174 1.674685541095519 0
2472 -1.748666252919866 0.4516893223082343 0
2473 -2.042752541857725 0.9083969169038634 0
2474 -8.697886930893914 0.4051083327127801 0
2475 -7.703370874574635 0.1730168225857533 0
2476 1.790100237963311 1.504710548778552 0
2477 11.57507801901003 1.310683277639968 0
2478 -1.898659281672773 0.4031380570562441 0
2479 1.56930759441032 1.686185567102936 0
2480 1.725712013465453 1.672433372232807 0
2481 -3.067743120584047 1.537553902076784 0
2482 -3.056457713637086 0.07995966108627356 0
2483 2.074135520730616 0.5090193029480308 0
2484 2.993440820209474 1.51282827314837 0
2485 1.913625976412324 0.9132616291694278 0
2486 1.77835634543281 0.4267913819832242 0
2487 1.95781043056204 0.05531280125153178 0
2488 1.822583877982451 1.81647360841976 0
2489 -0.8189344438050996 1.384765206258026 0
2490 -1.601432491634718 1.476758423481863 0
2491 1.502877365340463 1.534493305473905 0
2492 1.078180312165154 0.2970435872700193 0
2493 -1.159421593146666 0.4600824166562101 0
2494 0.9455608306531837 1.345090422803594 0
2495 0.7065860343280884 1.088785404403379 0
2496 -1.7375752322047 0.9902120074338385 0
2497 1.390854507460151 0.3213388694547822 0
2498 -2.143415511982036 1.362732939840252 0
2499 -0.859051659488152 0.6440461875830554 0
2500 -3.313035311342102 1.822002312595269 0
2501 7.48102059361356 0.1681274941986629 0
2502 1.57155788144801 0.5526649343641729 0
2503 -1.719936050575642 0.6155942655621792 0
2504 0.895389462467901 1.011637135499214 0
2505 -3.201288194219417 0.297773166672654 0
2506 5.135812154979307 0.2812316302053955 0
2507 0.9283159233689035 1.646755626245965 0
2508 -6.89942136375775 0.163239297820275 0
2509 -2.221000878484989 0.6538144565305773 0
2510 -1.117394315412586 1.330863887572489 0
2511 4.402383769000794 1.183339896747552 0
2512 1.143407525432982 1.688883471909362 0
2513 2.261832384047713 0.1235658298243346 0
2514 1.063765009031294 0.1462803003589466 0
2515 10.8241092139602 0.4941674058691935 0
2516 -1.523270351155129 0.5200316262578515 0
2517 -1.003156625369579 0.8882388364244522 0
2518 12.86491402283125 1.712083106487575 0
2519 -0.9997637107087848 1.572337749640079 0
2520 -1.882435813153971 0.4840599122380738 0
2521 -1.526970571368932 0.2637704765925208 0
2522 2.016987303653248 0.3690120585671858 0
2523 -4.285594425456806 0.5810513977270435 0
2524 3.889444515375277 0.09684053238531282 0
2525 2.807791275109844 0.1542230157001371 0
2526 -1.194757310063606 0.03452007395823207 0
2527 -1.914206502803654 1.284675829696185 0
2528 6.509897463689025 0.1388778004662377 0
2529 -14.49093042633811 0.3548229906903167 0
2530 -0.4720719694444563 1.130876361874266 0
2531 2.533953306567865 0.05900462036850273 0
2532 -1.017931614113121 1.332743428869879 0
2533 7.972466706567096 0.3755889688637392 0
2534 1.190870583619661 0.03695140709120396 0
2535 -12.59178307690766 0.2791979281504853 0
2536 2.19059603108177 0.2351937931257877 0
2537 0.9584605516364356 1.082209959413679 0
2538 -1.93161727247093 0.9386338769116089 0
2539 -0.6376522867928391 1.085496336620718 0
2540 -3.079899137440129 0.4395640388017013 0
2541 -3.179158027671027 0.4148474226844769 0
2542 -0.3616478257447205 1.020490321058175 0
2543 -12.25258960606764 1.405619767392535 0
2544 -0.4586569770582787 1.727539980184211 0
2545 1.514115478354111 0.08836877352867842 0
2546 -6.333089652809674 0.147448011185009 0
2547 4.749424029349997 1.250123535959362 0
2548 6.757971219426167 0.3131421383128514 0
2549 -2.257726184682841 0.5378526702994049 0
2550 0.2672424867732422 1.050191657786569 0
2551 -0.5650286416183896 1.515837072174238 0
2552 -7.467688384932556 1.4446845390319 0
2553 0.02852396186898592 1.287684022101994 0
2554 -2.441014210135092 0.3728921784206645 0
2555 -0.3586157711655638 1.547832139709774 0
2556 4.882640733902149 0.9995466852256124 0
2557 1.681120021298337 0.5172844359832893 0
2558 3.983215730647577 1.610590836151933 0
2559 0.686520620563728 1.451421027807146 0
2560 7.209242268229403 1.380193476449097 0
2561 0.3075539609457121 1.471314801661657 0
2562 -6.454253478214238 1.334735967361399 0
2563 0.4954761623831928 1.444866360529258 0
2564 -2.842370397022567 1.310385703125877 0
2565 -9.415188411805833 0.4531941959975964 0
2566 4.912219797167843 0.107351184724587 0
2567 0.6015068773536584 0.8357808844128214 0
2568 2.578475241081548 0.9044133360014251 0
2569 8.076391381064578 1.495699443416596 0
2570 6.606402387705173 1.39489053033089 0
2571 6.576895768766546 1.621119997142549 0
2572 3.077456709400394 1.833058023765343 0
2573 1.579349666204621 0.2182248806276345 0
2574 2.034790703521208 0.6077447077744421 0
2575 1.237730359319669 0.03560257092488438 0
2576 8.38023484842444 0.1823782128522501 0
2577 7.295457970837991 1.774134976074911 0
2578 -0.1071098410269171 1.292653202841373 0
2579 0.8443605237031402 0.6685020232806216 0
2580 -5.182695871194732 1.553260207454284 0
2581 -5.914026891379655 1.181222498373098 0
2582 -0.9050760232843069 1.474313487998207 0
2583 11.29610113330297 1.420524324815521 0
2584 2.33424054189925 0.9650993654806244 0
2585 -2.73876223555821 1.202743006883672 0
2586 1.139480053391996 0.7924665016537488 0
2587 5.876124945500936 1.24376436639707 0
2588 0.8813168266279646 0.6063503890508408 0
2589 2.906837545951787 0.4980172892770153 0
2590 -2.5353541229164 1.10388991429371 0
2591 1.359562150084308 0.08026194116100499 0
2592 13.36991201540423 1.397233639512056 0
2593 0.1943672195063498 1.205766009824251 0
2594 2.687433086991752 0.8663476696926538 0
2595 -3.755186915861072 1.84464815210131 0
2596 -10.2615062217916 0.4790359266744502 0
2597 -3.708452992271301 0.3066137355521847 0
2598 -13.27686843192897 0.2773147913615757 0
2599 -2.788358604829311 1.048652685865236 0
2600 2.467938617960577 0.4103132925980295 0
2601 -1.860423266464999 1.059733774771752 0
2602 3.099232603095093 0.1580670840921554 0
2603 4.062112191736519 0.2032173767569614 0
2604 -6.857114733496078 1.55677119530684 0
2605 1.309780977194161 1.20891433898383 0
2606 -1.065632542342972 0.07733972651416388 0
2607 -8.012436011017154 0.3597307393672187 0
2608 -0.8830607213831639 0.5377783912460447 0
2609 1.139139926525415 0.5145372204852978 0
2610 -11.65918429253242 1.430806568268168 0
2611 0.5348710590907098 0.8834478210763442 0
2612 -14.15336876812882 1.349807948362415 0
2613 2.436503995464176 1.069547743364771 0
2614 -3.418612257665198 1.104840241946559 0
2615 5.987959829712513 0.1191129123038995 0
2616 2.146861481789732 1.710603863366017 0
2617 -3.942553127730669 1.554495280330528 0
2618 -0.6949712821028268 1.707191193911734 0
2619 3.942382339769907 1.135509348053709 0
2620 1.974201274079042 0.9962965280193751 0
2621 -1.426854712023595 0.2353490006264024 0
2622 -1.96039919556003 0.4596603349712162 0
2623 -0.531777159719265 0.8808413636006971 0
2624 -0.9709886589366535 0.6310345122888943 0
2625 -1.451568263490369 1.267488597861495 0
2626 6.792445593378034 1.550755079910056 0
2627 5.457259371549025 1.587913405849009 0
2628 -2.65331553592077 1.833344317769115 0
2629 -2.977742438102758 1.675214420065589 0
2630 11.28903334748828 0.2363452503352673 0
2631 -1.369966494969832 0.250680592589939 0
2632 -1.319893007252808 0.258682986025791 0
2633 -2.230253865684506 0.05127085323747665 0
2634 -0.9451326012063274 0.4988524729534535 0
2635 0.6656459058628578 0.8507374470975494 0
2636 -0.1854337337908615 1.015596738268703 0
2637 -0.2132815624839486 1.051129416968305 0
2638 -2.328170953156713 1.056860031314272 0
2639 0.06122081352770995 1.029428480405993 0
2640 0.5759096328911213 1.06831213791003 0
2641 -1.735139215735243 0.09421061722797903 0
2642 1.518119872348216 0.2340219299445426 0
2643 -10.55105472308981 1.474510995231348 0
2644 -1.052976131619574 0.382552119440837 0
2645 13.06571672941513 0.5463138553077245 0
2646 6.327970336445997 0.1428745824202887 0
2647 -2.65089593988422 0.1373337001345992 0
2648 -0.9636699893527368 0.4571984042560122 0
2649 -1.587379187801351 0.2457765225181858 0
2650 1.104766605167859 0.0323870722011284 0
2651 1.606302075959918 0.9586612425290642 0
2652 -1.083259504571529 1.673236155379181 0
2653 4.569002960848546 1.124849730159173 0
2654 -0.9532049926789541 1.018439064629961 0
2655 -0.7272668122158505 0.7272938438460179 0
2656 12.59631540734848 0.2439994741450156 0
2657 0.945497365623611 0.4952420938337656 0
2658 -11.60236414257898 0.208860974500887 0
2659 -1.778673008070542 1.701294221503064 0
2660 4.29755554346546 0.2036751085214507 0
2661 9.235315851037383 0.4273970224726307 0
2662 12.10093586739185 1.740613163610086 0
2663 -14.00039212547975 0.3597652301467657 0
2664 1.887054869308505 0.5430916434578071 0
2665 -3.517612508114068 0.1773382195505414 0
2666 8.51734821414782 1.279545921663835 0
2667 11.89147735384656 0.5412793602302881 0
2668 2.333379280361736 0.1258809591296128 0
2669 0.9249708004730047 0.5330156884069526 0
2670 2.995028197969492 0.5815617864529384 0
2671 2.943652734267002 1.67303270302271 0
2672 -2.014934068410081 1.389209765809123 0
2673 2.126904673042223 0.1142883480124781 0
2674 -2.806076798154293 1.465154491498149 0
2675 1.459756495923034 0.2477006819551465 0
2676 7.108081632515043 0.1481572812936067 0
2677 1.20653286688799 0.7944077359357844 0
2678 8.831726041776319 0.172310458192591 0
2679 5.515868125811976 0.1224500169737316 0
2680 -13.80688929361293 1.411964262513745 0
2681 -3.296152285043365 0.1610707676074362 0
2682 -9.937142593429307 0.7183356289666991 0
2683 0.6254726936880011 1.552288339249119 0
2684 -3.711489775413411 0.1830545036787024 0
2685 -7.326383218014723 1.796528200884283 0
2686 9.239900011741749 1.25807695666128 0
2687 -1.458065398942943 0.5246672627741594 0
2688 3.384510720456713 0.1615589953142561 0
2689 -0.899444977032458 0.5826244352181627 0
2690 1.755710360175429 0.5026380659574889 0
2691 -0.04285965192475308 1.069452459591824 0
2692 4.688052910107531 1.847582854890103 0
2693 1.865389615618649 1.013051868111596 0
2694 14.19219875324297 1.343218826900528 0
2695 2.77454594093245 1.703001946858543 0
2696 10.8358593230985 1.449602567239959 0
2697 1.044729848993876 0.9723700306736306 0
2698 6.158723621072883 1.784205105758154 0
2699 -1.804012219447944 0.5056268161481259 0
2700 -1.050305976746527 0.2197135868992348 0
2701 -4.420185069268455 0.667263892157155 0
2702 1.005455720416522 1.440601248607567 0
2703 -1.091370186413739 0.8095941649063849 0
2704 -0.8361690393679755 0.9613388403164786 0
2705 -5.575157419801688 0.2529414370541169 0
2706 -2.089251180916229 0.04681222177839169 0
2707 3.816762065841921 1.649104525382871 0
2708 -11.07504946692389 1.775064931572969 0
2709 -7.399355023686908 0.3209730518986216 0
2710 -1.459184636643255 0.08076774196545733 0
2711 6.034786257627505 1.385126079653537 0
2712 1.125060727186048 0.2923737782840164 0
2713 0.08437843520116571 1.064489180582845 0
2714 -0.4235905776473702 1.622445692796399 0
2715 0.9419098924324238 0.8028739337443589 0
2716 -10.7123223422699 0.1983640847260436 0
2717 4.072025082922799 1.27105561950171 0
2718 10.47269013108306 1.182666358788458 0
2719 5.706936845952533 0.2678947669281624 0
2720 -2.024123677904403 0.5196389665866916 0
2721 4.206539815025884 1.443752961166252 0
2722 -3.695618331262199 0.4160713491708667 0
2723 -7.016727207511489 0.3226467011309085 0
2724 1.081357753407702 0.2284915580234298 0
2725 -1.641856558731566 0.2865587926802862 0
2726 -6.516373937337118 0.1431080338196719 0
2727 -4.570025434190121 1.090216392821416 0
2728 -0.03316264907572918 1.348849719014671 0
2729 1.698986135462014 0.9281370995289201 0
2730 -0.2680224062028748 1.802391276848581 0
2731 -0.9788724810077711 0.4155276535866267 0
2732 -9.830893174699195 1.421481473290805 0
2733 7.180555463386611 1.585286058314451 0
2734 -1.955365659678088 0.04284325602737156 0
2735 0.299946601146489 1.025036041767313 0
2736 -1.296419252707256 0.07940473073775621 0
2737 -6.014575129097741 0.1293357400107886 0
2738 -9.474289236514396 1.237318813158502 0
2739 -1.624004962234054 1.701282795247369 0
2740 -1.281507666449943 0.7321767993462758 0
2741 9.554333788618473 0.6430999884496064 0
2742 0.14259224312604 1.022499602673425 0
2743 -7.675849645825047 1.560074068747917 0
2744 2.103022561716363 0.2632462457896629 0
2745 2.903470646054616 0.140509635343195 0
2746 3.658691245094252 0.07310870381186721 0
2747 2.090340585787507 1.864809020365718 0
2748 -1.411314655256626 1.37083541509582 0
2749 0.9024180259255152 0.5693051033289999 0
2750 -0.09571286872210283 1.066469835608288 0
2751 5.268077913120717 0.2370604771202739 0
2752 -1.157149930242339 0.7965078764975873 0
2753 -2.487797397162493 0.1275941972471664 0
2754 -0.2678059245009046 0.9956222449152305 0
2755 -5.784778429180206 0.1257466501120446 0
2756 7.780848327558496 0.3220764242184461 0
2757 3.647837745499702 1.680136896513998 0
2758 -6.416816657187584 1.567503117956727 0
2759 -2.431677329019629 1.148508874120227 0
2760 1.817823681156069 0.5661710188569207 0
2761 3.386485552528333 1.114805230970502 0
2762 -0.5006439290537966 1.191766390265406 0
2763 1.277229584035871 0.7890976471068931 0
2764 0.9623902917607654 0.4538610103493819 0
2765 -0.1448768451895809 1.019569118615705 0
2766 2.647915078243579 0.1331290149591284 0
2767 -6.786481629482947 0.4815661378718637 0
2768 9.715760262012411 1.251991580514491 0
2769 -8.09148435570509 1.548816955302208 0
2770 0.9419242454989969 0.5654461767330816 0
2771 -0.5853755253530966 1.726871237712594 0
2772 1.01195938003282 0.8649877336804309 0
2773 -12.10718755309505 0.4898663997678442 0
2774 4.532172205442539 0.2382668145197882 0
2775 1.381537104022232 1.302013257592221 0
2776 11.78070760466458 1.788737122279045 0
2777 -1.747889383802083 0.1973308296810496 0
2778 1.994540376735257 0.1067493099000585 0
2779 -9.204953976345811 0.3887418411534737 0
2780 -8.595989895635414 1.544009062516218 0
2781 1.016822013678994 1.735500012769532 0
2782 -0.6656784306383148 0.848478571520183 0
2783 1.124404834847006 0.0621461607067868 0
2784 1.049637412777053 0.177775815351954 0
2785 -2.869269136221777 0.05806590570036642 0
2786 -1.028099190519691 0.02822666707876202 0
2787 -5.896342332163195 1.377250919687599 0
2788 -1.173775452178383 0.7326821738673827 0
2789 -0.6942780908300467 1.086724981952416 0
2790 -10.06310428306949 1.798848655243506 0
2791 1.027626500915187 0.02852787079636495 0
2792 -1.084899731867672 0.4157687317584957 0
2793 -1.029738893856424 1.002291819022402 0
2794 0.7783305585897122 0.8013340113993809 0
2795 0.7512710279142178 0.7674018904411538 0
2796 -1.236891744249073 0.02789877829413455 0
2797 0.4154842728517014 0.9831654094005945 0
2798 0.659960443547556 1.134232486859641 0
2799 -4.100166894179527 1.108241069912527 0
2800 2.398734137927375 0.1243096817228921 0
2801 5.819335250509295 1.6315642637422 0
2802 2.078664228131561 0.3350416691961429 0
2803 -2.088003621753278 0.5773429422762136 0
2804 4.626408107795784 0.08491924236647728 0
2805 -1.058285849249667 0.1216087378845151 0
2806 -4.300258048258581 0.1896966134106689 0
2807 4.621958339993794 0.303471244202937 0
2808 -8.487453786659083 0.3510774026277397 0
2809 -3.112012642661143 0.1500551563851949 0
2810 -4.557787302221413 0.1993717747309748 0
2811 -2.803205182249561 0.151568251754926 0
2812 6.536092768535644 1.821129791428913 0
2813 -3.5390426522061 1.615809115888725 0
2814 1.258219843419812 0.06702699474770535 0
2815 -9.003160370133264 1.533610099948957 0
2816 13.77274188169196 0.5815371627219944 0
2817 -2.458901474168937 1.88362065915467 0
2818 0.9743268282305206 0.4163241479553441 0
2819 -2.376328502258886 0.04766794298070832 0
2820 5.997585030927886 1.597685375326406 0
2821 2.721207948543022 1.856228596169779 0
2822 -0.3080499776913166 1.149482152804679 0
2823 -2.414857739488328 0.1521615606179572 0
2824 10.06525224114981 0.6783670390489454 0
2825 7.887970723545736 1.825905960504797 0
2826 -13.09289684820554 0.5168164362210868 0
2827 3.575048892550161 0.2080175592958689 0
2828 0.9495826728341313 1.530695418564158 0
2829 -14.71661697537355 1.688812336969688 0
2830 1.563284143280402 0.0817864895894536 0
2831 5.25445276950009 1.635405542421895 0
2832 -13.1019269979135 1.42756134618877 0
2833 -1.620698630474043 0.0840548810399166 0
2834 -4.870538973751305 1.094069144383082 0
2835 1.035304313192313 0.4219478732380414 0
2836 0.295960624578617 1.098778617514003 0
2837 1.437728289819529 0.3000094687667582 0
2838 14.72136869697595 1.688851101718904 0
2839 -0.2416530512233354 1.088685638981497 0
2840 13.04678100913394 1.485612316803484 0
2841 -0.7915591328413585 0.7132392471585158 0
2842 -4.05476340536202 0.1791305620119866 0
2843 -7.811816806082536 0.3112506763884267 0
2844 14.72221909016236 0.3093207219606586 0
2845 -0.5192097135332266 1.619629449707355 0
2846 -5.050437453883396 1.379064752785447 0
2847 -1.477079009389504 1.886651844360544 0
2848 -0.30568773419468 0.9815960835110867 0
2849 -0.9892099286392875 0.3779093611729776 0
2850 -4.828511455120999 0.206821007595614 0
2851 5.305201090229092 0.1092347716247236 0
2852 1.783715683452566 0.09628762782844402 0
2853 1.334056245151263 1.395715365249848 0
2854 0.3828686376724319 1.171514974123077 0
2855 0.01982782158726534 1.029398554579731 0
2856 -0.8788247098463607 1.024774096801021 0
2857 -2.105753967413479 1.481769196467199 0
2858 1.406077269498645 0.07406356779935068 0
2859 -2.416769011535629 0.4607003029777005 0
2860 -3.397625157457233 1.262135182592175 0
2861 -1.438835654051439 0.632087391488817 0
2862 -3.821710138657863 0.1670592938045765 0
2863 -0.664351917041541 0.7814232831664512 0
2864 -1.232036464762721 1.867966895494194 0
2865 10.55079948304324 0.4155038902668497 0
2866 -0.4154374916797659 0.9778913121273967 0
2867 3.428506801183315 0.3155334286202649 0
2868 1.352544582881755 1.747981559416928 0
2869 -5.110483905578767 0.2152430785082111 0
2870 7.361291274092853 0.3000792511620519 0
2871 0.7696706486903584 0.73571011015636 0
2872 -1.77827992741307 0.1062917195990403 0
2873 0.1219310454442606 1.05705335910357 0
2874 2.15128761653122 1.556845866704559 0
2875 -1.783491599982969 0.5809465897656388 0
2876 0.9479503258565695 1.875171027791099 0
2877 -1.338278509560732 0.7871501584153433 0
2878 0.5707057948049082 0.8939970356449531 0
2879 -14.78272579272447 0.225803831782413 0
2880 -4.675588830696541 0.6731767448588999 0
2881 0.3319142412321257 1.014979637241933 0
2882 0.276288061010778 1.773855550436201 0
2883 -4.084413063912181 1.449391812487933 0
2884 -1.050381110310298 0.1595264957162089 0
2885 1.059239762746041 0.07597407264937832 0
2886 -1.1910272359076 0.4992631656429769 0
2887 -1.091062290217414 0.2114486043004812 0
2888 2.128534772036437 0.8516171349322993 0
2889 -0.3853998187563833 0.9924379486044366 0
2890 3.401744029786993 1.706243317289099 0
2891 2.405479096399477 1.201969426580344 0
2892 -1.104146159870488 0.02526171361839008 0
2893 -1.829279486185087 0.03693569740769605 0
2894 0.495139466908524 0.9405588632772287 0
2895 5.041338558938766 0.08295405570042437 0
2896 3.188814364531483 0.1423632486811057 0
2897 -0.5956582450696496 0.8825510853535963 0
2898 0.6900917506251085 0.812830256484862 0
2899 0.8574456280507673 0.6337277591924304 0
2900 0.8237113177294451 0.7947400250091906 0
2901 -0.001339405388214086 1.061294206793038 0
2902 5.086709124971592 0.4276586664146097 0
2903 -13.98621051645664 0.7582006441443906 0
2904 1.51712174143166 0.5409299986211116 0
2905 -0.6312729682620225 1.209661702405759 0
2906 -0.6664353059908911 1.151444302553876 0
2907 -0.3274675880841785 1.007124469576827 0
2908 2.316780128878885 1.711237893271268 0
2909 -0.1617963782776218 1.355659879919564 0
2910 -0.4966075089734308 0.9390298984144719 0
2911 6.589761871576997 0.25725793572677 0
2912 3.490404460457879 1.218190101000436 0
2913 -2.911403477977988 1.55069676119017 0
2914 14.32302508789559 1.010599314005084 0
2915 -1.698741667803399 0.200527372595018 0
2916 3.362509690238197 0.624268545135667 0
2917 -1.332232676348849 0.02894592217163693 0
2918 -11.22364844978552 0.456451707428677 0
2919 5.060856415026928 1.6718617503713 0
2920 -3.520659525572207 1.352578365175385 0
2921 1.617518012464232 0.5210350986946904 0
2922 1.007856833132288 0.568194935604756 0
2923 1.828394488596801 0.03638081089748078 0
2924 3.963597950616278 0.1821271283818548 0
2925 12.75807976820942 0.4509572955716275 0
2926 -4.431416229935994 1.136729563890559 0
2927 -0.1304538473221876 1.05101395071409 0
2928 0.4698104038971855 1.189947950042817 0
2929 6.834022217588589 0.1358790764406207 0
2930 -11.94725033643352 1.506096323189689 0
2931 -0.9801760248033073 0.6728176012577952 0
2932 4.133965133832771 1.635213240247664 0
2933 -0.874101754933071 0.6078897567700565 0
2934 -3.607471554891588 0.1544041598173716 0
2935 11.11784948632293 0.4250977704256094 0
2936 1.193012887924575 0.5045302954566202 0
2937 2.216473453874688 0.1724248513597831 0
2938 -12.5916835286607 1.458961669478348 0
2939 6.09347756297699 0.3917927817274818 0
2940 -5.712959135204748 1.44445126538946 0
2941 0.5913598759528449 1.732112771208217 0
2942 4.073629921104539 0.4148611392477607 0
2943 12.45667368042918 1.429058032436287 0
2944 -1.060085260270989 0.8684219093796305 0
2945 -5.337951871051458 1.647775382805624 0
2946 -2.377149586033712 1.569873977297726 0
2947 -7.460005109428358 1.635139614025935 0
2948 4.472866302291298 1.640968766103178 0
2949 2.730924373983726 0.1219320453432072 0
2950 0.8023937543105516 1.887387895260958 0
2951 0.5751147242028901 1.63713744230085 0
2952 2.539793566656793 0.4688653400566254 0
2953 8.068869661423772 0.1611874109326888 0
2954 12.1339580268555 0.4569991879043783 0
2955 1.271175350762844 1.747072340636501 0
2956 1.205390628040301 1.759629599913273 0
2957 1.209192248155525 1.676326212632591 0
2958 0.5907226992214585 1.921983894642262 0
2959 0.6289297086525205 1.8205313072786 0
2960 0.6745706457957075 1.898547412636339 0
2961 -2.269054424625966 0.09267250958390207 0
2962 -2.277233865724972 0.140885465986223 0
2963 -2.31240273737562 0.1159607439250565 0
2964 -0.6885980504817655 1.000366453341291 0
2965 -0.7110953022426059 1.037320500516954 0
2966 -0.7270108791967858 1.009235041673977 0
2967 -0.687363772787281 0.880725152369068 0
2968 -0.6856867202417551 0.850712631491418 0
2969 -0.6673554831838406 0.8784910923978331 0
2970 1.693934708866873 0.08408557723012698 0
2971 1.664384803446686 0.08365715814250507 0
2972 1.678850321721269 0.05250849488697269 0
2973 -0.1371977130495265 1.419847235008146 0
2974 -0.06987105337392263 1.422399586124255 0
2975 -0.1047365885768627 1.461421401386786 0
2976 -6.639794526725806 1.369788606912372 0
2977 -6.738045737377549 1.427636279943489 0
2978 -6.746439509706949 1.280387908011596 0
2979 -0.7376581348378387 0.9701402517308975 0
2980 -0.760155386598679 1.007094298906561 0
2981 -1.173616843825136 0.1898729675155063 0
2982 -1.145045721376359 0.1984832926988226 0
2983 -1.162834212830665 0.2169707965863757 0
2984 1.405693871184639 0.8158584358690042 0
2985 1.376534847601264 0.7769924715516503 0
2986 1.433187119017837 0.7689511826921145 0
2987 1.119419166807607 1.769513290124804 0
2988 1.181402269414927 1.840259418128715 0
2989 -0.05674695266645388 1.087869050007429 0
2990 -0.02171144243162099 1.085881627968043 0
2991 -0.03559874317332179 1.104298218383648 0
2992 3.172899155760376 0.5882129042320126 0
2993 3.152827503587943 0.5281658552208937 0
2994 3.221023568802207 0.5663708215792017 0
2995 8.59409369673299 0.3760570594509614 0
2996 8.485122861866481 0.4619324737746019 0
2997 8.489606110182883 0.3124487435043756 0
2998 1.173066844795609 0.2558528533599065 0
2999 1.183562273280272 0.2825541121362084 0
3000 1.159092918767389 0.2848563123620744 0
3001 0.6334523503472351 0.9129280725037983 0
3002 0.6094768861072291 0.8957836192652991 0
3003 0.6435277743618708 0.8875989385561472 0
3004 -3.728470241453408 0.4717385233781043 0
3005 -3.651777696431252 0.4464124640983711 0
3006 -3.684629606622461 0.5020796383056086 0
3007 -3.644240248988045 1.724013311783385 0
3008 -3.642673370046733 1.631781190278309 0
3009 -3.540609531147412 1.708041237393801 0
3010 0.6882928248350104 0.877926520565852 0
3011 0.723563977624031 0.875778056917293 0
3012 0.7027743913908975 0.9025949281460874 0
3013 4.458746275747266 0.1900526577414221 0
3014 4.389834748493245 0.1863186717610622 0
3015 4.43274561649756 0.1165018407456699 0
3016 -2.992493011604737 0.5494820200630848 0
3017 -3.061126984589996 0.5742676172638836 0
3018 -3.059235474186445 0.5153313702136284 0
3019 -2.504324759822572 0.5479990277008233 0
3020 -2.531976715981968 0.489513299581316 0
3021 -2.46913117397879 0.507056576867323 0
3022 -6.160972547559437 1.491633562425105 0
3023 -6.143836547737303 1.640504993629647 0
3024 -6.247890782878081 1.59523393554572 0
3025 3.172293525488616 0.6505194206879507 0
3026 3.104097460274353 0.6123144543296426 0
3027 4.902212206482606 1.68868519805852 0
3028 4.790642811454628 1.726658368362607 0
3029 4.775132789906444 1.616921800458867 0
3030 -3.614427289954254 0.5425565619352758 0
3031 -3.69111983497641 0.567882621215009 0
3032 2.417093426665917 0.4699324642805548 0
3033 2.404086700313481 0.5191352455641975 0
3034 2.359170017558008 0.4863921463996167 0
3035 -1.132627040781893 0.1762253856132243 0
3036 -1.121844409787422 0.2033232146840937 0
3037 -6.10629168535975 0.2175808894912745 0
3038 -6.15868742582084 0.3116220447331898 0
3039 -6.211717274389625 0.2461340745527664 0
3040 -3.103884292305917 0.4898405031080643 0
3041 -3.035250319320657 0.4650549059072654 0
3042 2.056900571281196 0.0600362886134177 0
3043 2.075547269727953 0.09829842139659564 0
3044 2.042150029274416 0.09751863139361924 0
3045 4.064003683578245 0.3163167809082422 0
3046 4.026411555023228 0.250900026767689 0
3047 4.099704320291536 0.2686341308975146 0
3048 -5.070154281706539 1.200799001882654 0
3049 -5.000972089061442 1.299760801437481 0
3050 -5.119619646528495 1.280102953230621 0
3051 5.222218116885596 0.5628297075108637 0
3052 5.168284468173647 0.4984839609455197 0
3053 5.26568092431072 0.4703572657821262 0
3054 -0.7189299267419135 0.8820538786480978 0
3055 -0.7005986896839989 0.9098323395545129 0
3056 -14.10798156192725 0.1798826150733829 0
3057 -14.24566127590893 0.3572941104185412 0
3058 -14.35325071235643 0.1774114953451583 0
3059 2.378758133998046 1.301555205217542 0
3060 2.421826320365526 1.386355602460232 0
3061 2.341464483156845 1.370840518223059 0
3062 0.8022281582559851 0.6921319950912879 0
3063 0.8182174255496582 0.669009816639059 0
3064 0.8283712564094672 0.6916242017328504 0
3065 -2.742153859838261 0.07739866553785177 0
3066 -2.71563598795593 0.1235556371363543 0
3067 -2.761122088297563 0.1259852395649918 0
3068 5.831117957510418 0.2509418237995029 0
3069 5.918695617649001 0.2155719860794762 0
3070 5.923036625203631 0.3100464708211236 0
3071 -1.473699558692163 1.433481160459738 0
3072 -1.514218408588881 1.486175615565736 0
3073 -1.560913641738 1.424063968375866 0
3074 11.51835380726479 1.497294957961071 0
3075 11.70228117401262 1.415383121025896 0
3076 11.64555696226737 1.601994801346999 0
3077 1.645940674817396 0.1120372618584464 0
3078 1.663775787384943 0.1490805644370903 0
3079 1.63024727161005 0.1458835858098774 0
3080 1.070299200534003 0.1258694178826079 0
3081 1.04853149217821 0.1259166244569854 0
3082 1.055065683680919 0.1055057419806467 0
3083 8.706542884132279 0.3081189685986364 0
3084 8.702059635815875 0.4576026988688627 0
3085 1.028783770672728 0.1270926271889818 0
3086 1.044017287525812 0.147456303090943 0
3087 1.601603040395237 0.1362990962295122 0
3088 1.619438152962784 0.1733423988081561 0
3089 4.218054210119661 1.337526628945636 0
3090 4.139282448974342 1.357404290333981 0
3091 4.150796844068118 1.251177958113364 0
3092 1.011182534127049 1.067787366242712 0
3093 0.9660292925056957 1.041658635481082 0
3094 1.018751274996309 1.027236042310115 0
3095 3.420620769753423 0.2248885309365969 0
3096 3.453000410198845 0.2568344540133638 0
3097 3.396127160737893 0.283587505543498 0
3098 0.5955954727509798 0.8657241675664994 0
3099 0.5951290524633865 0.8822257604813006 0
3100 0.5711722150925014 0.8774954427301519 0
3101 1.199814464873929 0.3072144501476814 0
3102 1.213788390902148 0.2782109911455135 0
3103 2.500063387054335 0.1062249385015187 0
3104 2.497325596289085 0.1524090442108622 0
3105 2.454083206439203 0.1215298394335327 0
3106 -6.323785720121766 1.655804242353494 0
3107 -6.3409217199439 1.506932811148952 0
3108 -1.318409234085937 0.09229208253728993 0
3109 -1.312938043776973 0.07275880735482013 0
3110 -1.30189044301622 0.098938005920226 0
3111 9.514333771491192 1.293851062672561 0
3112 9.386514822491915 1.350650057961574 0
3113 9.367718960741026 1.201277961372267 0
3114 -0.9131573150774446 0.5226301555082299 0
3115 -0.9334632837427568 0.5217675034275808 0
3116 -0.9248266325410153 0.4997151250341025 0
3117 -1.255420936959156 0.05278237740614615 0
3118 -1.245175903025848 0.07772094418924805 0
3119 -1.273041955239263 0.06745424192561006 0
3120 -0.5520361286894213 1.186276970588965 0
3121 -0.5847279058515461 1.189007907189802 0
3122 -0.5710359283366204 1.14458327516837 0
3123 -0.05371386417470458 1.131972189612766 0
3124 -0.01867835393987169 1.129984767573381 0
3125 5.197206635466586 0.6596967062171422 0
3126 5.294603091603658 0.6315700110537488 0
3127 -0.3044535094726665 1.177268409416856 0
3128 -0.2757802495833209 1.145920208937797 0
3129 -0.2721837813646708 1.173706465549974 0
3130 4.123672996239103 0.2101468834171812 0
3131 4.16126512479412 0.2755636375577344 0
3132 4.810823207929333 1.036092969566973 0
3133 4.920136998374929 1.080237316961222 0
3134 4.848319472402113 1.116783601302582 0
3135 3.819210050203057 0.1560374824128247 0
3136 3.813360727449457 0.2249667313020781 0
3137 3.760742013992432 0.1743177845320116 0
3138 0.3119751117121397 1.180688832446257 0
3139 0.3180121012857891 1.138840898765485 0
3140 0.3448813366148872 1.169509127847238 0
3141 4.802887569069162 1.823002310426181 0
3142 4.675808152492999 1.751238912826529 0
3143 2.262119655494037 1.360358405516466 0
3144 2.305187841861517 1.445158802759157 0
3145 5.667860126636532 1.647819851214378 0
3146 5.567131840330788 1.677413928362606 0
3147 5.557987657854769 1.558319328700781 0
3148 9.244237569627025 1.380881528305309 0
3149 9.39085238037719 1.473454629605603 0
3150 2.39181225335328 0.572732447849754 0
3151 2.44973566246119 0.5562727657306921 0
3152 -9.526298619828491 0.1322325399001772 0
3153 -9.657609320728263 0.1322325399001772 0
3154 0.4563919084627216 1.84244467263055 0
3155 0.4245602057126279 1.768384404347067 0
3156 0.5132500593281777 1.76990752100104 0
3157 -0.2612161141131082 1.20881000376307 0
3158 -0.2325428542237625 1.177461803284011 0
3159 4.604606263753709 0.4033006149127265 0
3160 4.597196071643125 0.4786953147037214 0
3161 4.519736501476147 0.4408492086117766 0
3162 0.3527223981808502 1.769392727877035 0
3163 0.4095805490463063 1.696855576247525 0
3164 2.494704304917431 1.904558722657813 0
3165 2.517277396822728 1.781868248240798 0
3166 2.583617613970884 1.877309525582985 0
3167 -3.648681662974898 1.822460755500093 0
3168 -3.750745501874219 1.746200708384601 0
3169 1.832949105164104 0.9712289918911294 0
3170 1.791560666891515 1.018719325846795 0
3171 1.75912015643697 0.976896449626329 0
3172 -1.318234912496818 0.3479809527653555 0
3173 -1.295268954469277 0.3256344498392479 0
3174 -1.283013267592708 0.3621495395220066 0
3175 -0.8506829434757732 1.064741794930628 0
3176 -0.8473136267298873 1.021704371670348 0
3177 -0.8191718603592997 1.061672069799955 0
3178 0.6180315621937525 0.9438666299474334 0
3179 0.6520824504483944 0.9356819492382815 0
3180 1.089157496941663 0.2789874355539306 0
3181 1.062190444010745 0.2766349962478556 0
3182 1.073167628787254 0.2585788445317668 0
3183 -0.6491752478909928 0.858804314092743 0
3184 -0.6508523004365185 0.8888168349703931 0
3185 1.058672586431658 0.4496145717792183 0
3186 1.090951426628984 0.4496930814343916 0
3187 1.073204397299191 0.4719289266933031 0
3188 -0.1450136169905171 1.519874309056258 0
3189 -0.07768695731491326 1.522426660172367 0
3190 2.849774125349612 0.9149454831829176 0
3191 2.803802944665342 0.9777159911819182 0
3192 2.761899684888641 0.9246422744553284 0
3193 2.161363454353051 0.1534445306786457 0
3194 2.203557336614674 0.146931179059157 0
3195 2.174279571613065 0.1789382029792718 0
3196 -1.105625569464293 1.087559224848957 0
3197 -1.06965528630936 1.052312347777736 0
3198 -1.053340654337166 1.107159536015139 0
3199 0.6665745722323673 0.8777404194460978 0
3200 0.6873641584655008 0.8509235482173034 0
3201 6.04850695507541 0.702576856984152 0
3202 6.064885425385368 0.5873647242362701 0
3203 6.14889873451045 0.6494489142772696 0
3204 -2.945876788761647 0.143207245891063 0
3205 -2.984625757804463 0.1850851843134448 0
3206 -2.994495073816843 0.127579641924925 0
3207 2.327372630177161 1.043464330495759 0
3208 2.385372268681713 1.017323554422698 0
3209 2.378504356959624 1.095688519437833 0
3210 -6.551220888634722 1.278638101170939 0
3211 -6.542827116305322 1.425886473102832 0
3212 1.630856287671792 0.08046017951529211 0
3213 5.907368389834151 0.1377901256808775 0
3214 5.999287057527363 0.1968947727024982 0
3215 -0.9736511606230767 0.7132747599478753 0
3216 -0.9604656543936061 0.7441504649456627 0
3217 -0.996336851214876 0.7399606810647046 0
3218 1.760849641579319 1.075445193552819 0
3219 1.834678590306453 1.069777735817619 0
3220 -0.327509899890628 1.272732058623154 0
3221 -0.3397115190954856 1.23396303241517 0
3222 -0.2886554220491588 1.243823692237017 0
3223 -4.996813331711559 1.134041635501256 0
3224 -5.115460889178613 1.114383787294396 0
3225 2.027668552228215 0.1212650370384279 0
3226 2.009021853781458 0.08300290425524991 0
3227 3.680649759794015 1.284049841184296 0
3228 3.632105317380829 1.366719092592686 0
3229 3.575048165000184 1.300107831418175 0
3230 -2.158649643432585 0.1085612606102002 0
3231 -2.196083692628806 0.1346835084588086 0
3232 -2.196451503779097 0.09147498379646017 0
3233 -1.150228225907755 1.759228853614379 0
3234 -1.148593358453059 1.681926173193102 0
3235 -1.084894372026225 1.750538835800458 0
3236 9.122763653543517 1.184858161029581 0
3237 9.101035442060383 1.350087806105061 0
3238 8.983899083862152 1.276869010473362 0
3239 -0.9568999958980464 0.5209238420303943 0
3240 -0.9452306784344757 0.5438388725045216 0
3241 3.38985979406328 0.4643970466297047 0
3242 3.330499499190313 0.4314603508095215 0
3243 3.400231863188782 0.3982481430728921 0
3244 -1.767227513463249 0.1501667468904886 0
3245 -1.792759242782261 0.1293204555183226 0
3246 -1.752748198094058 0.1271380109712064 0
3247 -1.335504181973748 0.1108207953843184 0
3248 -1.346551782734501 0.08464159681891252 0
3249 -1.784524500312153 0.9715475225777674 0
3250 -1.798999249334849 1.024972891102795 0
3251 -1.845948517442302 1.006308406246724 0
3252 1.063779164632019 0.2423589816245608 0
3253 1.090746217562937 0.2447114209306358 0
3254 0.5581215382334843 1.238525179280854 0
3255 0.5822241876021199 1.197167032958315 0
3256 0.6062240915853525 1.2362645937515 0
3257 4.853528646098853 1.205525742328097 0
3258 4.744214855653257 1.161381394933848 0
3259 -2.193132147222691 0.6112649455415122 0
3260 -2.239363531583916 0.5958335634149912 0
3261 -2.211494800321617 0.553284052425926 0
3262 5.547972000699296 1.779399617805461 0
3263 5.438099531917533 1.689899095291864 0
3264 4.058327844437288 1.36299466616917 0
3265 4.125585210488831 1.449343337001441 0
3266 -1.79153004780487 1.08042345672958 0
3267 -1.730106030674721 1.045662573060623 0
3268 1.887373900712472 1.90823680420988 0
3269 1.901107759598371 1.792227656298998 0
3270 1.965897782328392 1.883990852089118 0
3271 -1.737552926288565 0.1726575660122111 0
3272 -1.777563970976768 0.1748400105593272 0
3273 13.87484541377638 1.47500398683006 0
3274 13.97340518175215 1.315398560168652 0
3275 14.09363898526721 1.502824253561935 0
3276 6.23718449926762 0.144849952076996 0
3277 6.274486455957072 0.2349286954716664 0
3278 6.183700618778696 0.2369040651283737 0
3279 -2.29304760790133 0.577462152184652 0
3280 -2.274684954802404 0.6354430453002382 0
3281 3.296757399364146 1.713769566765622 0
3282 3.209777306110321 1.733558151182592 0
3283 3.207771414359839 1.637019872236881 0
3284 0.3653152679288566 0.9698661051939494 0
3285 0.3794186696313938 0.9895348409813003 0
3286 0.3598670891999722 0.9970592601109785 0
3287 -0.9402782966655157 0.6299677812953145 0
3288 -0.9583033190525403 0.610294317897251 0
3289 -0.9275929567814023 0.6092275869036712 0
3290 8.210433675170343 1.212474707129434 0
3291 8.330910732139442 1.312329901025733 0
3292 8.218497493367771 1.365718774008604 0
3293 3.709444236950294 1.438732115698634 0
3294 3.603842642156462 1.454790105932513 0
3295 0.7575857047686605 1.842241360266818 0
3296 0.7193786953375985 1.943693947630479 0
3297 -1.57881382328349 0.6556174655536391 0
3298 -1.60298729050007 0.6124140429376198 0
3299 -1.548000966126875 0.6245609422696135 0
3300 -0.872389085073078 1.098938576692888 0
3301 -0.9005308514436656 1.058970878563281 0
3302 -2.347139638500155 0.1336628762438923 0
3303 -2.338960197401148 0.08544991984157134 0
3304 -3.320412264920329 0.1249985758247736 0
3305 -3.350610002258176 0.1811709232565373 0
3306 -3.37486998213514 0.1450987314738748 0
3307 -13.84201356477877 0.720171648895235 0
3308 -13.99330132096819 0.5589829371455781 0
3309 -13.84910436929033 0.5209539418964225 0
3310 2.770432149480824 1.049546770764567 0
3311 2.858306589941794 1.039849979492157 0
3312 1.602778986144823 0.2395978920192583 0
3313 1.613716025191109 0.200575884508078 0
3314 1.637145345131311 0.2219488958997017 0
3315 -6.298601333830194 0.2438116204898453 0
3316 -6.246205593369105 0.14977046524793 0
3317 12.03310816480149 1.100890682566228 0
3318 12.1880834642427 1.220385523697208 0
3319 12.03583309201166 1.297003813593973 0
3320 -6.917329635288088 0.4204604791416801 0
3321 -7.009616421599354 0.4171561880813766 0
3322 -6.924440421200224 0.325950992191212 0
3323 4.582924208394268 0.567176051685385 0
3324 4.667793970671831 0.5296274579863349 0
3325 1.385913620304255 1.468688838782417 0
3326 1.470045615919129 1.473982678056321 0
3327 1.41874536972559 1.529199466200001 0
3328 1.386661337226881 0.8646759135690606 0
3329 1.443313608643454 0.8566346247095247 0
3330 -10.23983062098853 0.6195426707292149 0
3331 -10.13825690645749 0.4852317802723265 0
3332 -10.11658130565442 0.6257385243270911 0
3333 -6.809317632185952 0.4054107105616895 0
3334 -6.894493632585084 0.4966159064518542 0
3335 -1.260089366710822 0.03520722671832135 0
3336 -1.232223314497407 0.04547392898195934 0
3337 -10.20631598048464 0.1229698501381404 0
3338 -10.29617284180703 0.2686370016287376 0
3339 -10.36314678288336 0.1456671514905973 0
3340 -9.976075092276346 0.604881631418451 0
3341 -10.07764880680738 0.7391925218753392 0
3342 -3.426442826662114 0.1463312686365632 0
3343 -3.396245089324267 0.0901589212047994 0
3344 6.073781203922689 0.4937135739350401 0
3345 5.973389424487648 0.5468415166419226 0
3346 -13.66092383744252 0.4961921606603569 0
3347 -13.81221159363194 0.3350034489107001 0
3348 3.476111502452051 0.3119907883645974 0
3349 3.500605111467581 0.2532918137576963 0
3350 13.80222707069979 1.66635181051691 0
3351 13.68199326718473 1.478926117123627 0
3352 -3.956987347637937 1.670316784330563 0
3353 -3.844428607809018 1.601124272499211 0
3354 -3.858862827716285 1.716945776499246 0
3355 -1.497644199620602 0.07430501852284149 0
3356 -1.524579531640014 0.07515203936443984 0
3357 -1.512573927680676 0.04653736824896884 0
3358 -2.832956863655412 1.73705156088382 0
3359 -2.721355228321194 1.740121805138233 0
3360 -2.764917171254989 1.830274073514703 0
3361 -1.266429645118943 0.3109923635272585 0
3362 -1.301651290023052 0.2968237767706072 0
3363 8.85666765196871 1.330561803112216 0
3364 8.878395863451845 1.165332158036736 0
3365 2.49538715188616 0.06717517704634597 0
3366 2.538629541736041 0.0980543818236755 0
3367 1.536092479875392 1.61033943628842 0
3368 1.575577502692549 1.530623673671321 0
3369 1.608792617227478 1.606469804485836 0
3370 -2.910435957251519 0.108652272435657 0
3371 -2.900566641239138 0.1661578148241768 0
3372 -1.886239594710036 0.0896022877905234 0
3373 -1.918162487801853 0.1115450498503523 0
3374 -1.922548985584679 0.07620101588704108 0
3375 0.8308872945047838 0.6522521510907935 0
3376 0.8047441963513018 0.6527599444492309 0
3377 -10.50505512963707 0.1456671514905973 0
3378 2.089111529120586 0.9211570030514626 0
3379 2.115065629731403 0.9925011701041722 0
3380 2.059359015203125 0.9753005181029821 0
3381 -1.159282852121821 1.847904205857964 0
3382 -1.222981838548655 1.779291543250608 0
3383 4.413203292905925 1.555382126362965 0
3384 4.3448220505419 1.491881239485548 0
3385 4.436998855832761 1.438569710627643 0
3386 2.003511058877509 0.5733467665396128 0
3387 1.973158600906559 0.6158347077672677 0
3388 1.94187895626286 0.5814367665324383 0
3389 0.4001755606059898 0.9727535477324329 0
3390 0.3947273818771054 0.9999467026494619 0
3391 1.950342026646283 0.66586331571167 0
3392 2.011974129260932 0.6577733157188446 0
3393 3.18811000025751 1.821682934738337 0
3394 3.099124015253204 1.744933240209597 0
3395 -11.72427403865447 0.3850020966342863 0
3396 -11.70416781516341 0.5497242227660498 0
3397 -11.88313914425115 0.4545203045202461 0
3398 -2.636446969471407 1.751276529964822 0
3399 -2.704486661871831 1.658054017333939 0
3400 -10.92023798168698 1.596506073690146 0
3401 -10.9438598395934 1.424561876609493 0
3402 -10.77954207292247 1.524037915508618 0
3403 2.271853333210665 1.070126176956526 0
3404 2.278721244932754 0.9917612119413913 0
3405 -13.80245464708378 1.243332392229965 0
3406 -13.98012903087087 1.38088610543808 0
3407 -13.97569438434173 1.212254235154301 0
3408 -5.329942693736258 0.4484418532774573 0
3409 -5.414998173082232 0.3928002602552611 0
3410 -5.332037670449614 0.3543772619225335 0
3411 2.029757194946492 1.021470606587533 0
3412 2.003803094335675 0.9501264395348239 0
3413 0.8660668508224431 0.7885513499829899 0
3414 0.8539285880259602 0.8060508353435171 0
3415 0.8358495805259278 0.7772405396486635 0
3416 0.9261090777689618 0.6494822439305128 0
3417 0.9099012353523799 0.6286026667950639 0
3418 0.9404034452818588 0.6244378535200691 0
3419 -1.155230215132348 0.2441345122784846 0
3420 -1.183801337581125 0.2355241870951683 0
3421 -0.8917988706147056 0.7584368374958865 0
3422 -0.8580882147912255 0.7641047408477537 0
3423 -0.8802130727242761 0.7870784187483204 0
3424 1.758224785092283 0.1573928499050627 0
3425 1.730899882804244 0.1377116979040841 0
3426 1.76812994998263 0.1251682506674527 0
3427 -2.135875246413263 0.623108183677278 0
3428 -2.126633518856835 0.5730291884143304 0
3429 -2.097245349309706 0.6274219375391612 0
3430 0.4523774415842056 1.45497733306193 0
3431 0.5033219053528701 1.498036798844101 0
3432 0.4602231845538829 1.508147771376772 0
3433 0.5555704125654977 1.164232149714217 0
3434 0.6036729659173659 1.161971564184862 0
3435 0.1668930530661191 1.254121225268136 0
3436 0.1651953550440413 1.212403164355071 0
3437 0.1960649175284276 1.247484070737316 0
3438 -1.56543341465616 1.544120034473194 0
3439 -1.478219331610322 1.553537226557066 0
3440 0.9751535089923619 0.6697339662074848 0
3441 0.9889370037524798 0.6360970447841612 0
3442 1.007479225046401 0.6605135803361281 0
3443 -12.76455661679363 0.2841094218998673 0
3444 -12.67970363094405 0.4541774453149597 0
3445 -12.85247717083002 0.4590889390643417 0
3446 4.149261735446387 0.4944119479541962 0
3447 4.072368921066648 0.4709539675027384 0
3448 4.150522735484278 0.4383191196992186 0
3449 -6.608777032913618 0.1508742749004914 0
3450 -6.567973283550714 0.2430501958146046 0
3451 -6.660376379127214 0.2508164368954242 0
3452 -5.079823350969159 1.681755203867736 0
3453 -4.947786232105081 1.690190427857766 0
3454 -5.042517080122614 1.78562581918995 0
3455 -11.7528047551606 0.2493295764446847 0
3456 -11.57383342607285 0.3445334946904885 0
3457 0.1516336360265114 1.292534997545387 0
3458 0.120764073542125 1.257454091163142 0
3459 0.9648914121662737 0.6173881500385949 0
3460 0.9972171282203128 0.6081677641672382 0
3461 1.585071793976296 0.1909913949277127 0
3462 2.203534742478229 0.2038093222427854 0
3463 2.161340860216606 0.2103226738622741 0
3464 -14.35680908977935 0.4841351171647383 0
3465 -14.11153993935017 0.4866062368929629 0
3466 -2.456776070836908 0.454635575862758 0
3467 -2.429124114677512 0.5131213039822654 0
3468 1.686994826755044 1.599593707050772 0
3469 1.647509803937886 1.679309469667871 0
3470 4.516914674597061 0.179251320622909 0
3471 4.474003806592744 0.2490681516383013 0
3472 1.334442559329878 0.7787583380104777 0
3473 1.361935807163076 0.7318510848335879 0
3474 0.686188986085928 0.9336242496875151 0
3475 0.7214601388749486 0.9314757860389562 0
3476 1.058173505375934 0.4960287635798786 0
3477 1.090452345573259 0.4961072732350519 0
3478 -0.994849191123827 0.6909512886623562 0
3479 -0.9589779943025569 0.6951410725433143 0
3480 1.55165754748319 0.5851866006240879 0
3481 1.604947073712453 0.57300265811928 0
3482 1.585046739747633 0.605524324379195 0
3483 -0.4997466128681076 0.9946229111027567 0
3484 -0.4891333876486412 0.9702380959944882 0
3485 -0.4701229553509329 0.9949287169851353 0
3486 4.263783151320474 1.526223308193561 0
3487 4.28757871424731 1.409410892458239 0
3488 2.391599306162275 1.904558722657813 0
3489 -2.881500205012991 0.216639532474682 0
3490 -2.846059373502862 0.182084559019276 0
3491 12.32836225292688 1.111240016446007 0
3492 12.33108718013705 1.307353147473752 0
3493 -1.351912967646537 0.9362278181156679 0
3494 -1.316529667977911 0.8985855354856966 0
3495 -1.300786218085977 0.9559687146787026 0
3496 4.138037033901347 0.5728067534102269 0
3497 4.216190848318978 0.540171905606707 0
3498 -0.3570431721366983 1.31192082022252 0
3499 -0.3059870750903717 1.321781480044367 0
3500 1.621302932683927 0.6411728062961048 0
3501 1.568013406454664 0.6533567488009128 0
3502 -2.768904699332396 0.1618552314592102 0
3503 -2.795422571214728 0.1156982598607076 0
3504 0.2311986938338704 1.806821168585975 0
3505 0.3219950579289749 1.807388553206389 0
3506 0.2769056907520673 1.840354171356163 0
3507 10.14719472302829 1.531235741018593 0
3508 9.964703955684437 1.566106809659246 0
3509 10.04978956914318 1.40921587850485 0
3510 3.446479648347374 0.495355749990549 0
3511 3.376747284348904 0.5285679577271785 0
3512 -5.202727179977826 1.278258231120927 0
3513 -5.133544987332726 1.377220030675754 0
3514 -0.4080089129951187 1.225848335486601 0
3515 -0.4015099767287588 1.18201548988827 0
3516 -0.3720670606705948 1.219038553202977 0
3517 -2.004178744535423 1.911700369878251 0
3518 -1.956471152483632 1.830544199554079 0
3519 -1.904456331389566 1.918843829675828 0
3520 -0.5311071530757123 0.9962172251948973 0
3521 -0.5120967207780041 1.020907846185545 0
3522 2.051530588031888 0.4299200611415273 0
3523 2.00931326432678 0.4104997696139306 0
3524 2.059204627358357 0.3884323500947825 0
3525 -3.551047476078916 0.6371675457609383 0
3526 -3.554769497311087 0.5692198281847543 0
3527 -3.4848994550818 0.5980278291010163 0
3528 9.271941310879065 0.111404009230305 0
3529 9.194981151626216 0.2382395288536299 0
3530 9.131721833702947 0.126835519623325 0
3531 -0.9154613426571239 1.419561751597972 0
3532 -0.9736202496437183 1.458116537373177 0
3533 -0.9840055690165352 1.403364800972942 0
3534 3.016518162926087 0.1283789961570382 0
3535 3.073899442873683 0.1195633314039673 0
3536 3.041851323147498 0.1668827488452263 0
3537 9.981135211598648 1.844063336086494 0
3538 10.14497390741319 1.844063336086494 0
3539 1.757906125714382 1.588571960505679 0
3540 1.719188939003973 1.515732295323644 0
3541 10.10436932197466 1.278487719020374 0
3542 9.921878554630808 1.313358787661027 0
3543 1.522679807660772 1.076335422052614 0
3544 1.561712445002277 1.120796019347036 0
3545 1.498958571396974 1.135846555869263 0
3546 1.009163941184416 0.9867386711110575 0
3547 1.05431718280577 1.012867401872688 0
3548 4.560966081189307 1.215528746445518 0
3549 4.659213495099271 1.187486633059267 0
3550 4.651176615440033 1.278165649345612 0
3551 0.3987857981709648 1.522219381226208 0
3552 0.3479234182512116 1.525332629259735 0
3553 0.3584163408654653 1.468201553628129 0
3554 4.819071779328836 0.1832523395573121 0
3555 4.809378673278744 0.2637816980000639 0
3556 4.74793465100529 0.20631043533023 0
3557 -0.8231319138147869 0.6663005756504107 0
3558 -0.8452583214801972 0.6680463182965035 0
3559 -0.8369252518227417 0.6423004449369626 0
3560 -1.354374709646314 0.05550630959841935 0
3561 -1.371469657534126 0.07403502244544782 0
3562 -1.6828200332256 0.239373753908624 0
3563 -1.645276401136633 0.2568734651521046 0
3564 -1.679400190820534 0.2690590814368056 0
3565 -0.9556065800956761 0.6481466136532994 0
3566 -0.9248962178245382 0.6470798826597196 0
3567 -3.200640747893289 0.2370475063076773 0
3568 -3.251483605644367 0.2762283598809462 0
3569 -3.250836159318238 0.2155026995159696 0
3570 -2.936839900280285 0.5709140365484238 0
3571 -2.872765356142933 0.5934825937112442 0
3572 -2.930309977870936 0.6309868242761606 0
3573 4.654004321402532 1.098744492033753 0
3574 -0.5985005372331846 1.220181652508078 0
3575 -0.617500336880384 1.178487957087483 0
3576 -6.528337646619408 0.3088332350675058 0
3577 -6.476738300405812 0.208891073072573 0
3578 -0.2703748394640654 1.90119563842429 0
3579 -0.2110499528911227 1.822566549383116 0
3580 -0.2134023861523134 1.921370910958826 0
3581 13.5343180830262 0.4902651089738448 0
3582 13.35547939580184 0.483015385163223 0
3583 13.46259475172738 0.3084747381590751 0
3584 -1.710480094535545 0.2887649411604738 0
3585 -1.672936462446578 0.3062646524039545 0
3586 2.08777873589704 0.458435972285205 0
3587 2.037887372865463 0.4805033918043531 0
3588 -2.163743977675562 0.6656576946663431 0
3589 3.002352768841625 0.08001626503986567 0
3590 2.970304649115439 0.1273356824811246 0
3591 -0.327207962485506 1.921833004807536 0
3592 -0.3248555292243153 1.823028643231826 0
3593 -4.772081371286617 0.7354984339790362 0
3594 -4.738729725822355 0.656027855807169 0
3595 -4.708940476160803 0.7526473230307671 0
3596 -1.563941369315693 0.702600520365732 0
3597 -1.618927693688889 0.6904536210337382 0
3598 0.5850536284487508 0.9075548944289517 0
3599 9.007032832094204 0.126835519623325 0
3600 -1.389302203516873 0.0963359813164326 0
3601 -1.397125130428686 0.06720069409593943 0
3602 1.460010261813454 1.597523001606875 0
3603 1.37587826619858 1.592229162332971 0
3604 1.294948619554468 0.1142284193700814 0
3605 1.323236642966501 0.1070899095323531 0
3606 1.315845962004255 0.1338169578447446 0
3607 -0.3332125828291257 1.19013018681684 0
3608 -5.330386773862114 0.2772375144465014 0
3609 -5.24533129451614 0.3328791074686976 0
3610 -3.515595364280547 1.469164316557433 0
3611 -3.478152032854944 1.529911103721468 0
3612 -3.576485983631703 1.55506232872469 0
3613 11.17373872350798 1.356107382379741 0
3614 11.18470243796745 1.544873558014476 0
3615 11.06234002817246 1.480456615578696 0
3616 2.269495443694905 0.163286775004556 0
3617 2.297605832204725 0.1247233944769737 0
3618 2.305268891851917 0.1644443396571951 0
3619 0.4497302619396293 1.565278847008379 0
3620 -1.075839547646456 1.017501927816978 0
3621 -1.023554632519328 1.03710223898316 0
3622 -0.5194940401141461 1.166809364416469 0
3623 -0.5331860176290717 1.211233996437901 0
3624 14.34575628643561 0.7122880527147232 0
3625 14.24669721562795 0.5158645056774522 0
3626 14.48525911016725 0.5338956263517383 0
3627 10.95458153286521 1.559412679226695 0
3628 10.94361781840574 1.37064650359196 0
3629 -0.8505694980769487 0.7137548043026356 0
3630 -0.8215682019565914 0.7201766347585619 0
3631 -0.8406727165612978 0.741884990051246 0
3632 -4.505550417384357 0.7954509387847273 0
3633 -4.498273836888766 0.712596250368919 0
3634 -4.427461649764046 0.7501185805729631 0
3635 -0.2461711627555106 1.028592636202977 0
3636 -0.2662170275881769 1.0214251990543 0
3637 -0.2477600596682384 1.002789682063907 0
3638 -0.5256810828742312 0.9108679732568548 0
3639 -0.4985724517838969 0.9218894490095124 0
3640 -0.5237161400637651 0.9280084226618142 0
3641 6.115808430405179 0.3008297208120705 0
3642 6.078506473715729 0.2107509774174001 0
3643 -14.10444913483861 0.6858239438917753 0
3644 -14.18115914361727 1.16522469037034 0
3645 -14.00348475983018 1.027670977162225 0
3646 -9.863888094092621 0.5160367375973842 0
3647 -9.938500513416418 0.3723264737666462 0
3648 -9.787381016385652 0.3969355774938277 0
3649 -3.256421178056634 1.911001156297635 0
3650 -3.199076262723166 1.825744148877439 0
3651 -3.142462129437697 1.914742992579805 0
3652 4.356695475604205 0.2317722986391325 0
3653 4.3306948163545 0.1582214816433803 0
3654 -9.724997336431262 0.258845196731722 0
3655 -9.650384917107464 0.4025554605624601 0
3656 11.37886536441126 1.552215481548847 0
3657 11.4355895761565 1.365603801227744 0
3658 3.70776899533687 0.2043697926227948 0
3659 3.71361831809047 0.1354405437335414 0
3660 -9.025771482169676 0.3417104795848861 0
3661 -8.961284200459442 0.2136546807355354 0
3662 -8.901929871666038 0.3398994066887796 0
3663 1.783892720290678 0.1831157508883567 0
3664 1.746662653112293 0.1956591981249881 0
3665 4.105463184975546 0.3744560121429144 0
3666 4.182355999355286 0.3979139925943721 0
3667 -0.5590431364119006 0.8907951550753286 0
3668 -0.5732415081118745 0.8997690161313764 0
3669 -0.5814598733696759 0.8735772242975484 0
3670 -1.350228547171609 0.2810732278362679 0
3671 -1.34492975111132 0.254681789307865 0
3672 -1.325191803313097 0.2850744245541939 0
3673 -4.829879228620712 0.7943879175513532 0
3674 -4.859668478282263 0.697768450327755 0
3675 -1.026400926997996 0.9479847988822272 0
3676 -1.037749507564887 0.914814426300814 0
3677 -0.991808044802688 0.9214092090058653 0
3678 1.134301255042331 0.5899752001833966 0
3679 1.147714894157118 0.5585914085542207 0
3680 1.168654900659004 0.5835632510902198 0
3681 6.320724883041722 0.3058411785671556 0
3682 6.374208763530646 0.2137870655157779 0
3683 -2.536523314874938 1.695102111802071 0
3684 -2.5533918813243 1.777169899606365 0
3685 1.534165657764452 0.7506454543642557 0
3686 1.552910790017609 0.7009382767645453 0
3687 1.585524467137801 0.7387124083175329 0
3688 -2.673781849690424 0.1061513816219067 0
3689 -2.692750078149726 0.1547379556490468 0
3690 7.972444554286082 1.554698063462297 0
3691 8.120546406814842 1.617878223282307 0
3692 8.016599580036345 1.676876843328007 0
3693 1.724602637418024 0.07921200632053435 0
3694 1.71013711914344 0.1103606695760667 0
3695 7.011345458614416 1.608272469952324 0
3696 6.905352137221464 1.647913893276024 0
3697 6.898438914770986 1.511113656586356 0
3698 -3.1352927366696 1.748892462396197 0
3699 -3.249251785288536 1.745150626114027 0
3700 11.61772227552403 0.4774038329591176 0
3701 11.75349075216361 0.4199379309942168 0
3702 11.75570887720699 0.598745262195189 0
3703 2.034986113500899 1.816395362271977 0
3704 2.021252254615001 1.932404510182859 0
3705 -1.177374467159285 0.5821506128771622 0
3706 -1.153924105129578 0.5578158323343865 0
3707 -1.143823904206542 0.5909797309868583 0
3708 2.594007952316664 0.5196413469773031 0
3709 2.658355973738006 0.5119615470102765 0
3710 2.628279364140535 0.5635331680119486 0
3711 9.033896263325186 0.6838822582485209 0
3712 9.164081100131492 0.6134682938017231 0
3713 9.161844143730132 0.7596082359477936 0
3714 -9.397814348059928 0.1117971328473107 0
3715 -9.459516965384511 0.2440296727474879 0
3716 -2.020617694404033 0.09895463678777906 0
3717 -2.054638115648075 0.122445942753375 0
3718 -2.056217566103492 0.08353030119561954 0
3719 -0.8678268642712719 0.8177474866861496 0
3720 -0.901537520094752 0.8120795833342823 0
3721 0.8952768536543898 0.7876117274488089 0
3722 0.8771978461543575 0.7588014317539553 0
3723 -1.024689041746533 1.763250263082786 0
3724 -0.9333526752025116 1.770276645814545 0
3725 -0.9951928729368995 1.834867898953494 0
3726 -0.7577538007971224 0.7279188579843774 0
3727 -0.7746819452117952 0.7329857511057269 0
3728 -0.7746309884266858 0.7081723540371664 0
3729 -1.896020269467964 0.9991838258416804 0
3730 -1.881545520445267 0.9457584573166526 0
3731 0.2877659737664513 1.525840050136185 0
3732 0.3281354310719509 1.579857877734264 0
3733 -0.1215388482510608 1.126387654221854 0
3734 -0.1035811642711087 1.101373648218022 0
3735 -0.08859193738810676 1.131299646426866 0
3736 -3.398519411999848 1.538418184532947 0
3737 -3.459410031351003 1.624316196700204 0
3738 -0.8290869186708683 0.77052657130368 0
3739 -4.999513462202236 0.7124579777402616 0
3740 -5.014323525160071 0.6175263603443688 0
3741 -4.932276398574192 0.6617263165041791 0
3742 -3.863304241703138 1.815393220215954 0
3743 8.6991171017672 0.6000319632078253 0
3744 8.811566289166489 0.5320938723555003 0
3745 -10.91548484096997 1.73552352208112 0
3746 -11.0798026076409 1.636047483181995 0
3747 -4.651442858041007 1.057885716231758 0
3748 -4.655479023972858 1.155566765852455 0
3749 -4.736896447823744 1.123236089262796 0
3750 3.374129120374592 0.2066002888904936 0
3751 3.431002369835544 0.1798472373603594 0
3752 8.02633607805542 1.782981481826407 0
3753 7.878234225526661 1.719801322006397 0
3754 -1.528099977169212 0.5834465417921877 0
3755 -1.503926509952631 0.6266499644082071 0
3756 2.375717812911569 1.600728935084056 0
3757 2.331421325312338 1.519493437101342 0
3758 2.428829157123556 1.536876413448464 0
3759 -0.8011588721439034 0.6566423936905116 0
3760 -0.8094919418013587 0.6823882670500525 0
3761 0.0954834849333179 1.843843025595025 0
3762 0.04569181639244401 1.776835219499178 0
3763 0.136317658116089 1.772778980639902 0
3764 1.912610763735051 0.08638689801996126 0
3765 1.903594862974561 0.1232624011215243 0
3766 1.878587155287438 0.09381933914027671 0
3767 1.109189274011349 0.8792510326407407 0
3768 1.068115673555719 0.8545216248772136 0
3769 1.11180291853583 0.8390627547518348 0
3770 -1.128629343799367 0.5379208340470498 0
3771 -1.16217990675211 0.5290917159373538 0
3772 2.014840783254524 1.073149870292849 0
3773 2.063586323740191 1.11929883377316 0
3774 1.993113991180774 1.145804018910317 0
3775 4.682513863349451 0.2379740194553193 0
3776 4.692206969399543 0.1574446610125675 0
3777 -0.8610191622870964 1.920947140842627 0
3778 -0.8089433298315065 1.84119747318846 0
3779 -0.7661059857257246 1.920250332345833 0
3780 -2.124627720965205 0.08618717155453365 0
3781 -2.124259909814914 0.1293956962168821 0
3782 -10.17558248391218 1.467569182703415 0
3783 -10.21187539532343 1.629083099677102 0
3784 -10.33396779200154 1.545379533771431 0
3785 1.335893838612502 0.1527177010767478 0
3786 1.307605815200468 0.159856210914476 0
3787 -2.488946090622767 0.607227081619101 0
3788 -2.551791632625946 0.5896838043330941 0
3789 -7.109170420508605 1.865053859328084 0
3790 -6.969514602481512 1.865053859328084 0
3791 -1.325463238794441 0.851339572233291 0
3792 -1.27433648923388 0.8710804687963258 0
3793 0.5476918652850087 1.102405812698607 0
3794 0.533851514219027 1.130689776451353 0
3795 0.5045241886232921 1.104058908209196 0
3796 -6.004154857775039 0.5217141183697016 0
3797 -5.999196765303118 0.4275668901119576 0
3798 -5.911069091447313 0.4835623334260433 0
3799 11.80509596683989 1.654410043345435 0
3800 11.62116860009207 1.736321880280609 0
3801 -5.632652784370006 1.895494905858449 0
3802 -5.566833321201154 1.796845130811115 0
3803 -5.498384448978507 1.901350224952665 0
3804 -0.9031589728070085 1.139717008519782 0
3805 -0.8533110648391162 1.145487924887129 0
3806 1.479179939757817 1.038263812614679 0
3807 1.541933813363121 1.023213276092451 0
3808 -1.140739353314216 0.06374722428278465 0
3809 -1.158268890655667 0.08210378510602485 0
3810 -1.163090699871506 0.05727463727989963 0
3811 -0.1085893403041366 1.774437328323768 0
3812 -0.1758632336087237 1.767594033788623 0
3813 -0.1303750743334896 1.69928954019474 0
3814 0.993533148720384 1.118544828139813 0
3815 1.046255131210998 1.104122234968846 0
3816 2.129495181196833 0.1498699513056193 0
3817 2.158772946198441 0.1178629273855045 0
3818 -6.072772184210905 0.3743937673636569 0
3819 -6.178197773240779 0.4029469524251488 0
3820 -0.8797040904919673 0.707877814462831 0
3821 -0.8605995758872609 0.6861694591701469 0
3822 0.2254402454824252 1.211843688109308 0
3823 0.227137943504503 1.253561749022373 0
3824 10.31442762579797 1.537125059893349 0
3825 10.22934201233923 1.694015991047745 0
3826 2.230559000818233 0.9436387290178216 0
3827 2.184010045807562 0.9783903567274055 0
3828 2.191367098659536 0.9036060273430687 0
3829 -2.276082434581181 0.1832313034407591 0
3830 -2.232734121831527 0.1599430690996047 0
3831 -2.456184850448383 1.802308070299142 0
3832 -2.556108505044853 1.858482488461893 0
3833 -1.282388863250177 0.778005652445098 0
3834 -1.251743519926407 0.7493637946927107 0
3835 -1.25262471672664 0.795192647791533 0
3836 -1.114805058782116 0.09617185804678703 0
3837 -1.119282594292087 0.07339760888472488 0
3838 -1.098170108975825 0.08099309482260203 0
3839 11.48437077617088 0.5766908317326728 0
3840 11.48215265112749 0.3978835005317006 0
3841 -8.209439709430201 0.304488566654434 0
3842 -8.076496390263998 0.2758721102047357 0
3843 -8.145379330183358 0.388347195816917 0
3844 -0.4580881948432059 1.223762234359612 0
3845 -0.4286452787850419 1.260785297674318 0
3846 -1.948861552019981 0.1338177761411601 0
3847 -1.912552161145338 0.1472190480446425 0
3848 -1.124104403507926 0.04856846105859965 0
3849 1.308075983549656 0.04036543273087105 0
3850 1.317223808554659 0.06434859142685712 0
3851 1.293191475511712 0.06351821236170378 0
3852 1.959284862387075 1.047975791724691 0
3853 9.749045656793299 0.5958831991426189 0
3854 9.844349531568467 0.4664457073210253 0
3855 9.883912074649327 0.601231853164519 0
3856 -1.030048045058125 1.387331507809013 0
3857 -0.9718891380715309 1.348776722033808 0
3858 2.125656198665514 0.2910941423153497 0
3859 2.146809296399067 0.2492200194577253 0
3860 2.169442933348217 0.2770679159834122 0
3861 9.81501792290093 1.859100417605464 0
3862 9.89599182087183 1.703163753691958 0
3863 -5.117599490488441 1.88859529759996 0
3864 -4.985562371624363 1.89703052158999 0
3865 -3.29891565105634 0.2078771603483373 0
3866 -3.248072793305263 0.1686963067750684 0
3867 1.001641687796829 0.4123626119081718 0
3868 1.018394895003665 0.404479138614093 0
3869 1.018551105985477 0.4298313465321202 0
3870 -9.794605420006452 0.1266126568315448 0
3871 2.321841353300322 0.1966251726568481 0
3872 2.349951741810141 0.1580617921292657 0
3873 1.055071259364189 0.3611543502053915 0
3874 1.031999388058782 0.3623290978785956 0
3875 1.039687435335012 0.3402681878107457 0
3876 7.619976807592934 0.2689869776684354 0
3877 7.736522081579404 0.2492587423821397 0
3878 7.664303053572025 0.3418046595047419 0
3879 1.240695135771377 0.2743558176958549 0
3880 1.22444294417772 0.2496954796843819 0
3881 6.770545775365905 1.665874811361488 0
3882 6.883452319209336 1.763033624727455 0
3883 0.005148503999363046 1.421372454611011 0
3884 -0.03528628898849402 1.406411735758783 0
3885 0.007272143912127892 1.363810437866899 0
3886 0.3668934819304842 1.149588084144772 0
3887 0.3608564923568348 1.191436017825544 0
3888 2.663699327209601 1.805423823667875 0
3889 2.641126235304304 1.92811429808489 0
3890 1.662050770379751 0.2508359374658465 0
3891 1.672987809426037 0.2118139299546661 0
3892 -5.243747084718226 0.4960133192652965 0
3893 -5.326707587350844 0.534436317598024 0
3894 8.925321021470854 0.463703462059494 0
3895 8.922378487422179 0.6061327263984566 0
3896 1.091540730397216 1.005987209108052 0
3897 1.146443590256715 0.9999961652942821 0
3898 1.118807376477161 1.047373729257975 0
3899 -1.902331318205196 1.75930191023406 0
3900 -2.002053731351053 1.752158450436483 0
3901 0.7789205814962126 1.175142130588333 0
3902 0.7554763660890231 1.135628930853663 0
3903 0.8060036377859687 1.1345607620167 0
3904 -6.8984608590281 1.746423195445231 0
3905 -6.824715372108945 1.881369336117147 0
3906 -3.548279268957138 0.5034168452753538 0
3907 -4.562070979337689 0.6810913561437042 0
3908 -4.483982211717378 0.6357589979319402 0
3909 -1.384881438382526 0.2735976335067756 0
3910 -1.365143490584304 0.3039902687531045 0
3911 1.026922613586145 0.6905199947662817 0
3912 1.040706108346263 0.656883073342958 0
3913 -7.188237330064583 0.1757951622847105 0
3914 -7.149370753922078 0.2790109983352788 0
3915 -7.246065337623214 0.2794224295609514 0
3916 1.967294779691812 1.209860118727893 0
3917 2.014683584523261 1.264035921539952 0
3918 1.940118832548632 1.281943057877216 0
3919 0.6545802613304594 0.8014767043316997 0
3920 0.6792552235813454 0.7990600437593444 0
3921 0.6654167883742226 0.8152469170572174 0
3922 -12.58615145538766 0.5864190219476552 0
3923 -12.49823090135127 0.4114395047831808 0
3924 -1.028574689554022 0.5848312687726132 0
3925 -1.015130905683424 0.6164346298749243 0
3926 -1.043671065556921 0.6128406388814213 0
3927 0.8884618472337238 0.6299987231281742 0
3928 0.9027562147466208 0.6049543327177305 0
3929 2.605019489517332 0.6210737411907941 0
3930 2.669367510938673 0.6133939412237674 0
3931 -1.421284258759513 0.3204163415170284 0
3932 -1.387111368927601 0.3306953873073245 0
3933 -1.408599245891894 0.3545970544007406 0
3934 -1.142650182269632 1.131121643930885 0
3935 -1.158964814241826 1.076274455693481 0
3936 -1.253203445833801 0.4562499799144333 0
3937 -1.238266582440982 0.491144266313982 0
3938 -1.270834888125774 0.4871789328926494 0
3939 3.414318325513893 1.519585930485411 0
3940 3.392760656435275 1.606295015910941 0
3941 3.316309176692283 1.530522202394381 0
3942 0.0241015838561531 1.471103105297132 0
3943 0.06666001675677502 1.428501807405247 0
3944 1.232535645757708 0.9001197111116823 0
3945 1.284232643894366 0.8908257049848481 0
3946 1.265416217145447 0.9349910687105317 0
3947 0.4567952414346438 1.022558676764209 0
3948 0.4447229055085206 0.9973720269257038 0
3949 0.4734745523672472 0.9972528079079666 0
3950 -1.964155416615813 0.9855143285699763 0
3951 -1.928558413612848 1.046064277500048 0
3952 0.09703937112818477 1.381099861772729 0
3953 0.07660579670125116 1.337319510079759 0
3954 0.125938230929451 1.339648215133362 0
3955 2.987092455987672 0.644323114289479 0
3956 3.049260013986043 0.6280913786192595 0
3957 3.041324272004222 0.6908527064558001 0
3958 -13.43451584326219 1.67693526753813 0
3959 -13.53310677952037 1.496470790706772 0
3960 -13.3452715393538 1.499141558987815 0
3961 -1.863538468293531 0.6550879384675373 0
3962 -1.886524455646533 0.6066058586727152 0
3963 -1.831674275759445 0.6189915065443234 0
3964 10.7993368996786 1.289613011835648 0
3965 10.70252828649652 1.438097553601164 0
3966 10.66600586307662 1.278107998196853 0
3967 -2.934948389876733 0.5119777894981685 0
3968 5.105765392860057 0.5093075345444333 0
3969 5.149228200285182 0.416835092815696 0
3970 -0.9602002630290031 0.6690381581377498 0
3971 -0.9390022325282528 0.691361629423269 0
3972 -0.8743929138952158 0.6621693284566988 0
3973 -5.629905391362806 1.69474577455184 0
3974 -5.495637055971307 1.700601093646056 0
3975 10.40073879319078 1.400468674913284 0
3976 10.48288608250172 1.563248924942436 0
3977 -1.043821064018875 0.1116076305595859 0
3978 -1.061959195796319 0.09947423219933951 0
3979 -1.047494410565528 0.08947312487441027 0
3980 1.469269981733323 0.07051839653123254 0
3981 1.443063988836236 0.06900908078955972 0
3982 1.458863117042989 0.04424777041660211 0
3983 -1.030578987994182 0.08134112392139614 0
3984 -1.048717119771626 0.06920772556114975 0
3985 -11.38044014335712 1.49725954831166 0
3986 -11.22123203599826 1.405450570067979 0
3987 -11.24376385571677 1.588839013034703 0
3988 1.105104685736098 0.8033999243210281 0
3989 1.146178286191728 0.8281293320845553 0
3990 -1.340202790840116 0.3746860713195754 0
3991 -1.352458477716685 0.3381709816368168 0
3992 0.2294182996931269 1.919893393367875 0
3993 0.3202146637882314 1.920460777988289 0
3994 0.7174896720636776 1.132497851914338 0
3995 0.7445727283534339 1.091916483342704 0
3996 3.828017926060655 0.1011145340140355 0
3997 3.88063663951768 0.151763480784102 0
3998 -0.1563616098315965 1.124206645245921 0
3999 -0.1413723829485946 1.154132643454765 0
4000 -2.277395968895798 1.735793184171146 0
4001 -2.207960479780437 1.645495429510036 0
4002 -2.195323467612885 1.730460245226389 0
4003 6.157240069222568 0.359387795125263 0
4004 6.052045924159602 0.3332347074142893 0
4005 -2.232069709329912 0.0844340424412726 0
4006 -2.194635660133692 0.05831179459266421 0
4007 1.292376923564125 0.525288998393991 0
4008 1.270022335240758 0.4966622564860236 0
4009 1.309941793063455 0.491645369880729 0
4010 -1.111483565485583 0.4410438049024937 0
4011 -1.127347640190189 0.4626605495591295 0
4012 -1.14355751844206 0.4384656719995743 0
4013 -1.301340473205852 0.1472441912981781 0
4014 -1.280467998303641 0.1294892376401368 0
4015 -1.274446838184309 0.1582621478356191 0
4016 1.157742455674093 0.1043570836580538 0
4017 1.134399599527384 0.1128779854316433 0
4018 1.141543709813345 0.08802959581389071 0
4019 0.2756046618972152 1.256996182624269 0
4020 0.2462293339432176 1.292636565252277 0
4021 -1.023054174291837 1.685947582661509 0
4022 0.740411888130504 0.9596838169743991 0
4023 0.7569972934354734 0.9286544954329713 0
4024 2.284899299926049 0.2864690231067113 0
4025 2.258114322813703 0.2499658185099996 0
4026 2.303943480454444 0.2395109247814891 0
4027 -1.310748014304453 0.4789472938968407 0
4028 -1.295811150911635 0.5138415802963894 0
4029 12.01014636023403 1.468290809568388 0
4030 11.85517106079282 1.348795968437409 0
4031 -2.459672690092981 0.7342432367582825 0
4032 -2.520760034684205 0.7119536576244063 0
4033 -2.475325618834917 0.671201437385248 0
4034 -0.05061190560433917 1.583063353631558 0
4035 -0.01033487719068478 1.524610445962086 0
4036 -0.1988851657506651 1.18225848798797 0
4037 -0.1604339113584348 1.184675326211329 0
4038 -0.1831239325799696 1.214982179720467 0
4039 -7.335382399089855 0.5591499560142831 0
4040 -7.320313054070176 0.441457473713993 0
4041 -7.222268106500389 0.5003307479118098 0
4042 -4.991243407782388 0.8099400643236149 0
4043 -5.073290534368267 0.7657401081638046 0
4044 -9.607179617172653 1.193201958506886 0
4045 -9.528108425905298 1.344770874466074 0
4046 -9.660998806563555 1.300654019814458 0
4047 -5.456330058069264 0.2178561640157309 0
4048 -5.417218999070251 0.1354091805916516 0
4049 -5.377982090796575 0.216288685476258 0
4050 1.13223177067562 0.3515906853213874 0
4051 1.141912996429696 0.3218203995556642 0
4052 1.159907121497976 0.3413278569040996 0
4053 -0.1667917422050827 1.095682081683454 0
4054 -0.1819093288142219 1.073027714280122 0
4055 -0.1516456617432018 1.073807288609678 0
4056 -1.98114473465604 0.1536810263404924 0
4057 -1.986755061312556 0.1180070281462023 0
4058 3.521538953093766 0.6114929722159539 0
4059 3.599968067995412 0.593595181164114 0
4060 3.567210090812958 0.6661465374039568 0
4061 -0.7174002430874569 0.783051667527078 0
4062 -0.7450602057992139 0.7782390675523843 0
4063 -0.7301447948704748 0.7575448550276316 0
4064 1.289384252849534 0.2133173548997369 0
4065 1.298942264459088 0.1856840171522085 0
4066 1.318095680199161 0.2063902918940075 0
4067 -2.834165495989286 0.1415855465618484 0
4068 -2.815099059763138 0.1920672642123536 0
4069 10.31220681018287 1.849952654961251 0
4070 -1.47241161615226 0.06322904468641391 0
4071 -1.484417220111598 0.09184371580188491 0
4072 -0.9258518461747813 0.7494375296126433 0
4073 -0.9485375367665809 0.7761234507294725 0
4074 -4.287623470441382 1.516235694646651 0
4075 -4.180807695849794 1.516714684999005 0
4076 -4.228023569506284 1.606616478388234 0
4077 1.033991187243482 1.651664273285731 0
4078 0.9725689685239489 1.691127819507749 0
4079 0.9897381420884366 1.607292080023948 0
4080 0.0117124042731563 1.70595200463697 0
4081 -0.0231805032545066 1.645689987075581 0
4082 0.0516330820475522 1.645509156982666 0
4083 8.207682965700723 1.480636705660749 0
4084 8.087205908731624 1.380781511764451 0
4085 -0.06774741346115778 1.364837569380143 0
4086 -0.0536632635603816 1.051564356187106 0
4087 -0.06928626032342795 1.067961147600056 0
4088 -0.08008987195905648 1.050073044195338 0
4089 -0.02912176890961479 1.777016049592093 0
4090 -0.07460992818484888 1.845320543185976 0
4091 -5.318112929637908 0.7220895602228039 0
4092 -5.322276852478593 0.6274644576130275 0
4093 -5.236348055492128 0.6766328861956397 0
4094 -0.7329923055573127 0.853694409500942 0
4095 -0.7462272224540305 0.8828015966863869 0
4096 -1.693716321811747 0.7584749217955178 0
4097 -1.656109716385343 0.7225719419318781 0
4098 -1.641661845147497 0.7733396557094708 0
4099 -3.666233865038455 0.7958406244897147 0
4100 -3.739388501598154 0.7624720546553352 0
4101 -3.678009929821095 0.7171517593526708 0
4102 3.461074057272155 0.6217854947719097 0
4103 3.493832034454609 0.5492341385320669 0
4104 -1.04326461974046 1.913920758110867 0
4105 -0.9519282531964393 1.920947140842627 0
4106 1.83355949175026 1.569500805125725 0
4107 1.801365379501331 1.653362216852853 0
4108 5.116662068883366 1.039469860859175 0
4109 5.070708417172405 1.133514019133921 0
4110 5.003586914558671 1.066883790422085 0
4111 -1.67098217035314 0.6755888871197853 0
4112 -0.7665061285614847 1.776754647436944 0
4113 -0.8614193051228566 1.777451455933738 0
4114 -0.2490144949082506 1.247579029971055 0
4115 -0.2050967474833603 1.249521051284954 0
4116 -0.2325360554194109 1.284534739758901 0
4117 1.31957052273973 1.915187863958592 0
4118 1.364449587543529 1.82999240746176 0
4119 1.416646379635637 1.914804543503168 0
4120 -2.091040772063506 1.73178161516089 0
4121 -2.160476261178867 1.822079369822001 0
4122 3.049865644257803 0.5657848621633215 0
4123 1.028868533685892 0.9108403323001819 0
4124 1.055115939012557 0.933539966719875 0
4125 1.01848244366721 0.9496703962539375 0
4126 -5.408472461496625 0.5798929916251884 0
4127 1.175337172723497 0.1231441142414592 0
4128 1.182481283009458 0.09829572462370664 0
4129 -5.313955046674103 0.8221741966803787 0
4130 -5.399883843660568 0.7730057680977667 0
4131 -6.005997204071283 0.6228219203221801 0
4132 -6.094124877927088 0.5668264770080945 0
4133 0.9486835697496918 0.5965085729031461 0
4134 9.374156140412875 0.5680025894566321 0
4135 9.26367241578691 0.5582956469868133 0
4136 9.345799575663348 0.4371039649424495 0
4137 1.516654597081315 0.6652897948476355 0
4138 -1.28507927731557 0.1054320449057039 0
4139 -1.258185642294027 0.1164500014431448 0
4140 5.042076386749967 1.234740319061927 0
4141 5.155151541074662 1.207326389499017 0
4142 0.05117663556672718 1.531739798756322 0
4143 0.1165676039747361 1.531160288709315 0
4144 0.08213114292789826 1.584667629374269 0
4145 -1.07784347634443 0.6058092949231384 0
4146 -1.064399692473832 0.6374126560254494 0
4147 -6.744257743946243 1.536904087075553 0
4148 -6.850902726927385 1.447503388174777 0
4149 0.512402735903781 1.165885245224805 0
4150 0.1159924509849748 1.43083051245885 0
4151 0.1737296417748765 1.429954555800062 0
4152 0.1433502874034667 1.477356501432581 0
4153 2.63917670429401 1.008939723218953 0
4154 2.570450072732598 0.9674399999925012 0
4155 2.64720187264296 0.9459130592278772 0
4156 -9.706410394997699 1.436852204532225 0
4157 -9.785481586265053 1.285283288573038 0
4158 0.9127635749109259 0.6776916995305897 0
4159 0.9432657848404049 0.673526886255595 0
4160 -7.557599116014134 0.270785545575054 0
4161 -7.445741337860666 0.2477321940463997 0
4162 -7.511212801840377 0.344026403427276 0
4163 -1.388988906608975 0.9806555849435515 0
4164 -1.40473235650091 0.9232724057505456 0
4165 2.377000066623487 0.6250798973537851 0
4166 2.331351104475778 0.5879423771872907 0
4167 -8.767664760424859 0.3084759702761045 0
4168 -8.832152042135093 0.4365317691254552 0
4169 1.2377358878453 0.498059466474628 0
4170 1.255300757344629 0.464415837961366 0
4171 1.627279697712214 1.106727945401455 0
4172 1.603558461448415 1.166239079218105 0
4173 -2.780798576845973 0.2023542439166378 0
4174 -2.72865132093759 0.2257803268117485 0
4175 -2.774845681368331 0.255992359564892 0
4176 3.432185284178949 1.413295099897708 0
4177 3.508636763921941 1.489067913414268 0
4178 -1.35572025989084 1.902384442590118 0
4179 -1.2858548348565 1.836367890337215 0
4180 -1.30190188979706 1.933983447747097 0
4181 -0.2318212890037427 1.458277760522371 0
4182 -0.2627794447826191 1.412495114406599 0
4183 -0.203021404031343 1.413086404154904 0
4184 -4.638852039335267 1.235015842963549 0
4185 -4.553398449552529 1.16966546993251 0
4186 1.21711425649183 0.1354150578201729 0
4187 1.225232822846618 0.1109119959439242 0
4188 1.242271079279585 0.129244298556985 0
4189 1.246233226213748 0.9847752658582343 0
4190 1.297930224350406 0.9754812597314001 0
4191 0.1731522027958787 1.037649442919851 0
4192 0.1997107029727767 1.03649045043636 0
4193 0.1871749064696908 1.055818100715012 0
4194 2.63295416403665 0.8853805028470394 0
4195 2.701680795598062 0.9268802260734914 0
4196 0.8235389469038166 0.8161840026659273 0
4197 0.8537562172003317 0.8274948130002537 0
4198 -3.460976910292315 1.71654831820528 0
4199 0.04788336706064331 1.92394963222715 0
4200 0.1385092087842883 1.919893393367875 0
4201 1.259501950828108 0.2969324135792983 0
4202 1.27015650410368 0.2684169021181668 0
4203 1.709443976294188 0.2053186343312525 0
4204 1.735111911492583 0.2310415353145465 0
4205 -0.4386078492655728 0.9937731494570783 0
4206 -0.4492210744850392 1.018157964565347 0
4207 -6.95807428563462 0.2429429994755918 0
4208 -6.865787499323353 0.2462472905358952 0
4209 2.286078297784729 0.9169768825570546 0
4210 5.385262751026564 0.5995734217569795 0
4211 5.360251269607554 0.6964404204632579 0
4212 0.172067210453445 1.336315349238355 0
4213 0.2232229188950315 1.335399175334222 0
4214 0.197527513797971 1.382512392922198 0
4215 -0.2847499535733308 1.364136999841433 0
4216 -0.2552166813272603 1.324948238242067 0
4217 0.03811544938448544 1.33322758941056 0
4218 0.06701430918575164 1.291775942771193 0
4219 -2.104042565351172 1.911700369878251 0
4220 2.628260932279076 0.1011632698992089 0
4221 2.595610427573898 0.1351165791189883 0
4222 2.575956281609395 0.1031508340590689 0
4223 4.125130514058305 0.6442425804413221 0
4224 4.058201401185714 0.5984826227888111 0
4225 0.6564383095815067 1.233147833357394 0
4226 0.6793600253766274 1.185558373427128 0
4227 0.7054715940041461 1.223799759355561 0
4228 -0.07167154815465665 1.156986195616599 0
4229 0.6323356602128711 1.274505979679933 0
4230 -1.195118524162223 0.7047661878132225 0
4231 -1.197877412790627 0.7496164819532642 0
4232 -1.219220484774466 0.721700495899104 0
4233 1.789092246184882 1.90823680420988 0
4234 8.696366384110048 1.353086233159479 0
4235 8.801869604520355 1.464623085596105 0
4236 -3.346406360919004 1.727412795053477 0
4237 -3.427605860715413 1.811137835747072 0
4238 0.6301470681226007 0.8440590314736105 0
4239 0.6105295937377616 0.8531176848652348 0
4240 0.6211243517384974 0.826722231021197 0
4241 2.394952886800836 1.664674902351222 0
4242 2.297545054989618 1.647291926004101 0
4243 13.89393258896414 1.172509048368452 0
4244 14.11272616045497 1.200329315100327 0
4245 4.336607890652779 1.802355630035826 0
4246 4.268782448769755 1.709385657824495 0
4247 4.388851929498088 1.701663627432201 0
4248 -3.050146166813261 0.6455056129141661 0
4249 -3.116888629394969 0.6113549630647097 0
4250 -1.210933960798859 0.2267274865702414 0
4251 -1.203329963100543 0.2538912022623503 0
4252 9.105372999945658 1.47289237774909 0
4253 1.191508066978964 0.6094913772377353 0
4254 1.204921706093751 0.5781075856085593 0
4255 3.865535297970379 0.270077633106786 0
4256 3.931269840985009 0.2526345529806538 0
4257 3.924976375295307 0.3160257569045487 0
4258 0.6478221834015482 1.107001714582756 0
4259 0.6184898172141498 1.131634583900202 0
4260 0.6063515570681419 1.104403811623318 0
4261 4.107432873245217 0.7224919904731337 0
4262 4.18726850596085 0.6968161210945494 0
4263 7.377173378643835 1.887067488037455 0
4264 7.450025252804705 1.762391834206256 0
4265 7.53174066061055 1.8753243461688 0
4266 -1.310774284805571 0.8054923319796318 0
4267 -1.309893088005338 0.7596634788808095 0
4268 0.77685464633737 0.6855322560611832 0
4269 0.787008477197179 0.7081466411549747 0
4270 4.569264250662252 0.646957848824415 0
4271 4.498666351633546 0.5960257055418016 0
4272 1.636867458338831 0.7285861972162746 0
4273 1.618122326085674 0.778293374815985 0
4274 0.1743222327760303 1.078475799191399 0
4275 0.2008807329529282 1.077316806707908 0
4276 -0.7826553372855199 1.032411867694657 0
4277 -0.786024654031406 1.075449290954937 0
4278 3.585975683491406 1.561080936520216 0
4279 -4.022337915136438 1.409459282271662 0
4280 -4.113099480076807 1.354729000779084 0
4281 -4.051024331301063 1.314796470562813 0
4282 -0.5939945211012398 0.9445088721137285 0
4283 -0.5808151645363664 0.9182246991729495 0
4284 -0.5640041277189727 0.9432711198499355 0
4285 0.03166701914383931 1.103539894571804 0
4286 0.0181271348891654 1.082066471548336 0
4287 0.05035738697149361 1.083295569775876 0
4288 -1.974645882735918 0.1925724353993909 0
4289 -2.012539392028493 0.176761687404433 0
4290 5.54135559612283 0.6292875341750002 0
4291 5.472211502922877 0.5686250046841548 0
4292 5.562656170015248 0.5334687076926663 0
4293 0.01570026437806752 1.130191498853003 0
4294 -0.00241485662331526 1.15786547008212 0
4295 0.5442611169999451 0.9714060595554147 0
4296 0.5278063532954814 0.9492585579253374 0
4297 0.55649573307517 0.9474006812473826 0
4298 1.62115216677586 0.04954705653883219 0
4299 1.602708038146571 0.07792716025477353 0
4300 -1.080568119985833 0.2684532986955357 0
4301 -1.063332316418036 0.2522426756156092 0
4302 -1.057494824927017 0.2742985557306857 0
4303 -2.427858746031543 0.6295166607529773 0
4304 1.847232401426701 0.1067780657693936 0
4305 1.856248302187191 0.06990256266783064 0
4306 -0.5495193306944834 0.8727223634210988 0
4307 -0.5413009654366822 0.8989141552549268 0
4308 1.490338760690123 0.3542703905542742 0
4309 1.470671923198414 0.3276758900969203 0
4310 1.508646680951968 0.321590890606016 0
4311 -0.03486735674199556 1.311344033147739 0
4312 -0.07013624505132313 1.320751460928022 0
4313 -0.0718409527175895 1.28324577506109 0
4314 8.920141531020818 0.7522726685445271 0
4315 0.04793051646039573 1.131420597080543 0
4316 0.08106944093373111 1.131378977655691 0
4317 0.06510268616795933 1.15803058193689 0
4318 0.7236134452035696 0.9931423404172941 0
4319 0.7591505997640946 0.9903210498113093 0
4320 10.5209436904888 1.304629449375414 0
4321 10.61775230367088 1.156144907609897 0
4322 -0.7411538976426424 1.090674116546581 0
4323 -0.7776704207164221 1.119934318651879 0
4324 -0.4374736109056162 0.9742176070021318 0
4325 -0.4165717300397226 0.9974468545823433 0
4326 -2.409981666048287 0.08662927264565762 0
4327 -2.394277419007006 0.1276568063891821 0
4328 -2.43056198652961 0.1111340268744326 0
4329 1.024434344451488 0.385112832131693 0
4330 1.009050520422311 0.3642266697370471 0
4331 5.289785098483739 0.3786680439110144 0
4332 5.239912594359744 0.3215359981685281 0
4333 5.317950417244711 0.2941925228627602 0
4334 0.7624557896079698 1.059413567768117 0
4335 0.7805883228967506 1.021344497709238 0
4336 0.8006919556675602 1.056978492223151 0
4337 0.7368191304475449 0.8479410918359989 0
4338 0.7513006970034319 0.8726094994162343 0
4339 1.345835233338456 0.06072887647851469 0
4340 1.330950725300512 0.08388165610934742 0
4341 -2.817409209084128 0.2905945562998176 0
4342 -2.765261953175745 0.3140206391949283 0
4343 1.208208190480588 0.0946684368490012 0
4344 1.233365013268343 0.08849767758581339 0
4345 -3.992983392163026 0.2428549604667753 0
4346 -3.928563432813311 0.2707743492353206 0
4347 -3.988254973624812 0.3088454786369708 0
4348 0.101378408120323 1.219441441870913 0
4349 0.08611899108071533 1.257855214148163 0
4350 0.9880623635045811 0.4270194838907716 0
4351 0.9879061525227691 0.4016672759727443 0
4352 -4.874478541240098 0.6028368329318622 0
4353 -5.760627064886133 1.683591123223902 0
4354 -5.689430799656288 1.587347086058843 0
4355 6.247310869669157 0.6093660183205137 0
4356 6.230932399359198 0.7245781510683957 0
4357 10.02223409528715 0.5750807001959354 0
4358 9.926930220511981 0.704518192017529 0
4359 1.278894387850841 0.1667832739202054 0
4360 7.341022906934459 1.660970434434168 0
4361 7.495590188901174 1.649227292565513 0
4362 1.023547836846313 0.3210451871303556 0
4363 1.04661970815172 0.3198704394571515 0
4364 -2.498632463060486 1.262907850906099 0
4365 -2.503724650084708 1.191425157996094 0
4366 -2.426585141995407 1.219991567030233 0
4367 7.834201595317449 0.5563828095670861 0
4368 7.853586282327532 0.4361171617006556 0
4369 7.953082019557012 0.4958546167301697 0
4370 2.269807207560271 0.3322078296962409 0
4371 2.315636365201012 0.3217529359677304 0
4372 1.321691820126446 0.3670923913490263 0
4373 1.356162553102561 0.3596455237222448 0
4374 1.346552347015074 0.3903134730013799 0
4375 5.678040551587715 0.2028051153734703 0
4376 5.62206454503152 0.2759742272671292 0
4377 5.593168250666703 0.2108845757124371 0
4378 -5.083894187073179 1.569790009994918 0
4379 -5.116566662539064 1.466162480119866 0
4380 -5.017764978417511 1.4826922826605 0
4381 -1.276800208642435 1.74769253809363 0
4382 -1.787885245623594 0.2619056731428177 0
4383 -1.756748449792517 0.2384762159250035 0
4384 -1.748080618740579 0.2749888274111392 0
4385 -2.571302656261734 0.07022348172274953 0
4386 -2.546731282883131 0.1110742241121958 0
4387 -2.587450552274865 0.1122046231230368 0
4388 2.911692554147744 1.753457926635955 0
4389 3.010554721833698 1.753045363394027 0
4390 2.97859454171444 1.833470587007271 0
4391 -1.903588413970683 0.6959100867500396 0
4392 -1.848738234083594 0.7082957346216479 0
4393 -0.1161204719280828 1.081465745810649 0
4394 -0.08317356106512876 1.086377738015661 0
4395 0.6778688282439831 0.8317838517912057 0
4396 0.6531938659930971 0.8342005123635611 0
4397 -2.924333497234691 0.255873196473882 0
4398 -2.869826229498414 0.2717999406689812 0
4399 -7.104852198583965 0.4471519703216822 0
4400 -7.119921543603643 0.5648444526219722 0
4401 -0.1825666644652443 1.575076543949463 0
4402 -0.2096162957271938 1.514071285163882 0
4403 -2.602125907489908 0.1851407838060683 0
4404 -2.555014652047728 0.2014828104597934 0
4405 -2.594261380641373 0.2335682287533786 0
4406 -2.183026441488897 1.566106462084699 0
4407 -2.26509894277181 1.571439401029456 0
4408 0.7973867658236848 0.9878859742663433 0
4409 -0.8040636541070585 1.155121464685002 0
4410 -0.7591928977182949 1.170346290276645 0
4411 -0.880595056024676 0.577445693372299 0
4412 -0.8912528492078109 0.5602014132321036 0
4413 -0.872402928200029 0.5550226713862401 0
4414 6.42903382804977 0.6426310271200101 0
4415 6.349596406196194 0.5785697157421237 0
4416 6.449285699728058 0.5367054877504939 0
4417 -4.048226537539323 0.3483572717360466 0
4418 -3.983806578189608 0.376276660504592 0
4419 0.2976788092498692 1.214639213961188 0
4420 0.270809573920771 1.183970984879434 0
4421 -0.125611149777899 1.186856335187263 0
4422 -1.433943533614237 0.3791486545660184 0
4423 -1.399770643782325 0.3894277003563146 0
4424 0.771736786275434 0.8968508740015838 0
4425 0.7849919390989479 0.8690139089202897 0
4426 -10.05829718515178 1.675060701926296 0
4427 -10.21668249324114 1.752871052994312 0
4428 1.918549239206145 1.163711155247582 0
4429 -0.6371668689852634 1.258125223651266 0
4430 -0.6043944379564256 1.268645173753585 0
4431 -1.015581319814553 0.3731376238909643 0
4432 -1.002765878993157 0.3626331324112085 0
4433 -1.002025369460684 0.3884138526527333 0
4434 2.358783271333758 0.68214094381128 0
4435 2.419244420211261 0.6669310144737433 0
4436 0.6707681979324455 0.9645628071311503 0
4437 1.3706971449839 0.9155745824966393 0
4438 1.333077407525086 0.8747983936561188 0
4439 1.723352400178604 0.2679864835172551 0
4440 1.76057107699671 0.2583270473109906 0
4441 0.8258839126127437 1.092238065960038 0
4442 0.8440164459015246 1.054168995901159 0
4443 -5.291275714863101 0.1947905310224221 0
4444 -0.1666454930911299 1.251937889508313 0
4445 -0.1866252769026165 1.123427070916364 0
4446 -5.178625035090711 1.665225401327102 0
4447 -0.5076822770696233 0.9544810942632908 0
4448 -0.5347909081599576 0.943459618510633 0
4449 -8.323673343746762 0.3066380046436322 0
4450 -8.254790403827403 0.1941629190314509 0
4451 9.135724535381964 0.4825696692875405 0
4452 -0.7933025929265729 0.9933170777515778 0
4453 2.089207979593411 1.248652426739822 0
4454 2.062032032450231 1.320735365889146 0
4455 -0.21129893390237 1.326890259555966 0
4456 7.757777092823232 0.4093608893780091 0
4457 7.641231818836761 0.4290891246643048 0
4458 2.214833086683539 0.2660588549805047 0
4459 2.193679988949987 0.3079329778381292 0
4460 -14.54682129567123 0.1774114953451583 0
4461 -1.248984631298003 0.704513500552669 0
4462 -3.022742779343402 1.606384161071187 0
4463 -3.081605348668864 1.671756679849187 0
4464 -3.126605689909509 1.602926420854784 0
4465 0.8493281280199332 1.131751265694708 0
4466 -4.057847084249757 1.227477149464058 0
4467 -3.967085519309389 1.282207430956637 0
4468 4.574552516790263 0.3344628765118594 0
4469 4.652012086957241 0.3723089826038042 0
4470 0.5682208190155582 1.78804028024637 0
4471 0.6520687655898072 1.764603798240447 0
4472 0.7906885355309894 0.9250589049370267 0
4473 1.183297869000124 0.9040386186763638 0
4474 1.202114295749043 0.8598732549506802 0
4475 -9.590452575689945 0.6277974587373119 0
4476 -9.563978504433845 0.496920018661081 0
4477 -9.441662483061933 0.5840716360738272 0
4478 -5.148602306299932 0.8172400917762869 0
4479 -5.156872360719779 0.7197580051929336 0
4480 -1.033908470950827 0.390735231786663 0
4481 -1.0346489804833 0.3649545115451382 0
4482 -5.841864802724277 0.06287332505602232 0
4483 -5.840695942428309 0.1656759016034506 0
4484 -5.89778231597238 0.1028025765474282 0
4485 11.91813805641909 0.4033841321237037 0
4486 11.78015145473613 0.2820427028876324 0
4487 3.260539673347292 0.5019665134672084 0
4488 3.280611325519725 0.5620135624783273 0
4489 2.117554125533903 0.2243489001942117 0
4490 -2.194932261485015 0.1770293459133448 0
4491 -0.09053258337873507 1.643506201285863 0
4492 -0.8039604204037549 0.8251623791135302 0
4493 -0.7730984981182778 0.8274520979801423 0
4494 -0.7911515235549067 0.8521524086726191 0
4495 -0.6249115391181692 0.9447320288075611 0
4496 -0.6081005023007755 0.9697784494845474 0
4497 3.341318560151504 0.5609388997510005 0
4498 3.301802455606419 0.6253432078629939 0
4499 1.179025287368006 0.3659670014269024 0
4500 1.188706513122081 0.3361967156611791 0
4501 0.3167701996885838 1.253714030191091 0
4502 0.362904552569177 1.251874184567181 0
4503 0.340830405216523 1.294231153230262 0
4504 1.335376178480395 0.4238331647859918 0
4505 1.36984691145651 0.4163862971592103 0
4506 0.6048060795372727 0.9680843447796883 0
4507 0.5861759794361134 0.945330468045205 0
4508 2.445088191633095 1.001054115244304 0
4509 2.393956464850632 0.9488299263022306 0
4510 1.14732453721905 0.3019656747111963 0
4511 1.136829108734387 0.2752644159348945 0
4512 -4.04631468122995 1.696616878535593 0
4513 -4.031880461322682 1.580795374535558 0
4514 2.906176138344143 1.096105130617199 0
4515 2.939546933528661 1.02427435103455 0
4516 -0.387014404823628 1.354272610265287 0
4517 -0.4085372296238843 1.305223188844074 0
4518 -4.276454961187167 1.702590129787279 0
4519 -4.169639186595579 1.703069120139632 0
4520 -3.031429826103493 1.752350202612599 0
4521 -1.539875646972034 0.09814113594977006 0
4522 -1.554805375032108 0.07037348567589742 0
4523 -5.955594292387076 0.1674704465528225 0
4524 -5.956763152683045 0.0646678700053943 0
4525 3.740776433155235 0.3075007833938526 0
4526 3.807067261759754 0.2883579352259729 0
4527 3.792951003676158 0.3526116851985605 0
4528 -0.2808181247674805 1.030437133662237 0
4529 -0.2824070216802083 1.004634179523168 0
4530 4.552166505698118 0.7305525559452226 0
4531 4.63642436245884 0.7017029020888059 0
4532 -0.4586165114719715 1.303137087717086 0
4533 -2.451327568325411 0.1398778789325618 0
4534 -2.467031815366692 0.09885034518903728 0
4535 -1.424423162110452 1.943325922180272 0
4536 -1.408376107169892 1.845710364770391 0
4537 0.1170240504555612 1.644929646935658 0
4538 1.754536380535928 0.66089704116825 0
4539 1.719735506534333 0.6256573009065599 0
4540 1.769443634225333 0.6162033420564781 0
4541 -0.4895009254787754 1.340282212531243 0
4542 -0.509608974639933 1.295844321361488 0
4543 -5.199674195988395 1.464317758010172 0
4544 -1.213204330132283 0.5733770570838035 0
4545 -1.203104129209247 0.6065409557362753 0
4546 -14.7851987047247 0.8849635531254383 0
4547 -14.57395866031779 1.021147868853736 0
4548 -14.78875995559309 1.136184315732415 0
4549 7.005801101537585 0.5971650000539664 0
4550 6.914697011720899 0.5369695579146405 0
4551 7.019104957150036 0.4898277719667374 0
4552 1.097283943120476 1.628356002855646 0
4553 1.080114769555988 1.712191742339447 0
4554 14.05420457423702 0.5065529152521824 0
4555 14.19370739796866 0.3281604888891975 0
4556 4.275684608362346 1.90503883021406 0
4557 4.39575408909068 1.897316799821767 0
4558 -8.225736088221655 1.409399144247929 0
4559 -8.335942619754622 1.342660169368674 0
4560 -8.22253697222083 1.258980720038386 0
4561 1.832513053398809 0.1377721224551355 0
4562 1.810174200298561 0.1138553459826895 0
4563 -0.6686768664425328 1.262637340032352 0
4564 -0.6627829657192918 1.214173818786845 0
4565 -2.109981594700996 0.2515711368241317 0
4566 -2.116730481187247 0.2100502017787119 0
4567 -2.076290094370513 0.226261043837619 0
4568 -2.56571273980621 0.7548560352747337 0
4569 -2.581365668548146 0.6918142359016991 0
4570 -0.7045007176864808 1.7738459293017 0
4571 -0.6401734037279616 1.717031215812164 0
4572 -0.6497028393116157 1.78368595120213 0
4573 -0.6217388115311522 0.8942962540510226 0
4574 -0.6399190468239999 0.9139830323561127 0
4575 -6.093652076703606 1.760359932202127 0
4576 -6.006733841384961 1.656759559081511 0
4577 -5.481858373555024 0.8246200478456313 0
4578 -5.48601625651883 0.7245354113880564 0
4579 2.500696279110091 0.5905414679976118 0
4580 2.512970726070292 0.5369442657120554 0
4581 -1.988334511767973 0.07909138658844678 0
4582 8.380435061870408 0.2903511853401331 0
4583 8.489405896736915 0.2044757710164926 0
4584 1.577710320795141 0.3058800419027153 0
4585 1.59024357104177 0.2705815915000016 0
4586 1.613675055838396 0.2962693538135958 0
4587 5.526530184961242 0.2032518522899137 0
4588 5.582506191517437 0.1300827403962549 0
4589 3.159190509385478 0.7220106441894969 0
4590 3.227992204871501 0.697909094091867 0
4591 1.096208978886247 0.3145634076214857 0
4592 1.101620519675601 0.2947086827770179 0
4593 1.119649186396694 0.3122285031284842 0
4594 8.420097564044916 1.219315877905199 0
4595 8.428161382242344 1.372559944784369 0
4596 -1.356094940541833 0.131220857275243 0
4597 -1.327952391893269 0.1388713429936204 0
4598 4.299093109341086 1.303184560237622 0
4599 -8.448718319313098 1.255049066236592 0
4600 -8.451917435313923 1.405467490446135 0
4601 0.09449087809355219 1.102425553216118 0
4602 0.1116630478011158 1.129035538072465 0
4603 9.505308544453893 0.5449554479309373 0
4604 9.423181384577456 0.6661471299753011 0
4605 0.1743047947646378 1.530284332050527 0
4606 1.278010704325567 0.5615667436184738 0
4607 1.317930162148264 0.5565498570131792 0
4608 -0.7399395471427463 1.212109685738849 0
4609 -0.7135463137521099 1.176922539705727 0
4610 2.054463112125912 0.5583820053612365 0
4611 2.023183467482212 0.5239840641264071 0
4612 -8.083817370071337 0.6916695693446711 0
4613 -7.969123805217226 0.6394170542131998 0
4614 -7.978533103845205 0.7605817539655507 0
4615 1.054330210914088 0.2988455130233904 0
4616 1.038340342759679 0.2784369220012266 0
4617 4.170252474429327 1.539483100706958 0
4618 4.089297869892275 1.545073476542147 0
4619 1.493225376348382 1.67336913242139 0
4620 1.515416519424878 1.757897327054636 0
4621 1.43933430136294 1.745080892373091 0
4622 -0.8016152766411495 0.730773033832844 0
4623 -0.7847380890115863 0.7505195377800551 0
4624 -0.1669298132650442 1.40726446509512 0
4625 -0.1320642780621041 1.368242649832589 0
4626 0.9715241034372745 0.5620967909974113 0
4627 0.9575478910665518 0.5774525230773768 0
4628 0.9559004578697196 0.5500904446531161 0
4629 -1.233567394183482 0.8851307047569659 0
4630 -1.185261139948976 0.8953988720184044 0
4631 -1.217096664182845 0.92859459931017 0
4632 1.081953396585323 0.9654898379089945 0
4633 -4.237400719465544 0.3260959404824061 0
4634 -4.238366445078153 0.2559428969562716 0
4635 -4.174918842433184 0.2847915007947499 0
4636 0.9009839544322065 0.7052417655983722 0
4637 0.8838272473607633 0.68119712327329 0
4638 -0.2693743364784699 1.513479995415576 0
4639 -7.957226227813448 0.5265121118820408 0
4640 -7.851941961587316 0.5954242965029206 0
4641 0.5078487931710239 1.238147023308867 0
4642 0.5318486971542565 1.277244584102052 0
4643 0.8822989326573045 1.05053285256863 0
4644 0.9269250070521683 1.046923547456446 0
4645 0.9138344772415719 1.085819264525863 0
4646 -0.4780586195524487 0.9547869001456694 0
4647 7.319640870156934 0.2323339801948841 0
4648 7.251791889683973 0.3139387941458471 0
4649 7.210141485748054 0.2461935231786793 0
4650 2.960782537974864 1.155596844433921 0
4651 2.879542194387997 1.171172472891527 0
4652 0.7559537358851862 1.220423010154083 0
4653 0.8064810075821318 1.21935484131712 0
4654 -1.028278406687093 0.5094362197984511 0
4655 -1.012100946914685 0.4885828053877131 0
4656 -1.003495046262574 0.5147310600813135 0
4657 -1.066840283398131 0.5523226499204883 0
4658 -1.048119111701863 0.529496248276959 0
4659 -1.03839367773125 0.5584108761355808 0
4660 1.035024685950108 0.5485386238090042 0
4661 1.046837099932316 0.5225896857980639 0
4662 1.063609039667793 0.5461560481325678 0
4663 -1.568551001937679 1.797452457560134 0
4664 -1.482071007613637 1.82071190923091 0
4665 -1.563559003713546 1.863392392689768 0
4666 0.9618080061343259 0.6979434218075619 0
4667 -4.094746072910833 1.792590529934638 0
4668 -3.686041042344499 0.6460713671814837 0
4669 -3.756243359012705 0.6055944435518166 0
4670 2.529344530793392 0.1840578169626747 0
4671 2.577106603426133 0.1724557918003112 0
4672 2.563145357315309 0.2194094654841376 0
4673 -2.632136791518165 0.2655179007583655 0
4674 -2.585025536075985 0.2818599274120906 0
4675 8.314486449636879 0.09118910642612504 0
4676 8.287784723099387 0.2270762601149898 0
4677 8.222036324311826 0.1358871536888647 0
4678 -1.150370953294916 1.381340438705288 0
4679 -1.079779395707858 1.386391737160318 0
4680 -1.112756033590188 1.436868288293117 0
4681 -1.161579518788594 0.860605251547033 0
4682 -1.145108788787957 0.9040691461002371 0
4683 1.002681642753556 0.5049393989725062 0
4684 1.014018048197173 0.4783784767543209 0
4685 1.029589151658248 0.4984113392563151 0
4686 -2.617018519350714 1.161987497740629 0
4687 -2.657267103353998 1.218542224377816 0
4688 -2.698513651554927 1.146188280246485 0
4689 5.406563324918982 0.5037545952746456 0
4690 -7.021335848448512 0.6278194534628345 0
4691 -7.138751756364934 0.6809982310529621 0
4692 -3.800803017496868 0.8092088233647758 0
4693 -3.812579082279508 0.730519958227732 0
4694 2.301245383494255 1.920209595479107 0
4695 2.338010165101255 1.82476831813692 0
4696 1.069401634606112 0.5984883135703489 0
4697 1.082578937113015 0.5685541718954528 0
4698 1.100183946033542 0.5949374993222937 0
4699 0.842214807998919 0.7117467847630758 0
4700 0.8582040752925921 0.688624606310847 0
4701 -2.089744584131882 0.0769169144698036 0
4702 -2.055724162887839 0.05342560850420763 0
4703 -0.3135498385457304 1.409328356208899 0
4704 -3.6128864057848 0.6794399370158632 0
4705 -3.543016363555512 0.7082479379321253 0
4706 -6.003316328545019 0.8284677600534389 0
4707 -6.094606091238678 0.7732767564884075 0
4708 -6.004677461529674 0.7231252825256045 0
4709 -1.001160894957214 1.118657586414108 0
4710 -0.9698036821116013 1.082540159634729 0
4711 -0.9535942058865831 1.129285087104919 0
4712 -1.959771558716854 0.2716387435803826 0
4713 -1.998341972204458 0.2565933974368365 0
4714 -1.967470126620767 0.2306984426068777 0
4715 -2.606887559390241 0.1451945328235412 0
4716 -2.631458932768844 0.1043437904340949 0
4717 0.5865727563668766 0.848387367114086 0
4718 -1.034881606915279 0.2794061864055771 0
4719 -1.052117410483076 0.2956168094855036 0
4720 -0.6962890111135324 1.303181412871321 0
4721 -0.7219051078475609 1.2592300080069 0
4722 -2.154351906900012 0.1935650400188866 0
4723 -2.191002336102733 0.2188246006596827 0
4724 3.032222027686507 1.664920579838281 0
4725 0.7330320200900653 1.268012470084348 0
4726 0.2248853502164629 1.429038381895928 0
4727 -0.4307919223894794 1.043987996135808 0
4728 -0.4623070284748395 1.045143563663865 0
4729 -1.248508933235928 0.9674411366154615 0
4730 -1.200202679001422 0.9777093038769 0
4731 -0.6032319014941416 0.9010067683951692 0
4732 -3.353373368271151 0.2279773159974385 0
4733 -1.109472822719088 0.5985131312556244 0
4734 -1.088744195802176 0.5739411141115963 0
4735 -1.58955365148545 0.787827516961067 0
4736 -1.553013251755852 0.7517141453686453 0
4737 -1.538511663520209 0.8021049864838813 0
4738 -0.9037269882417309 0.7264638517120765 0
4739 -0.9137570660520431 0.6988785065795878 0
4740 -0.7987894077040334 0.7743844444641128 0
4741 -0.771856076274679 0.7765971617369956 0
4742 5.17377971528904 0.3436215747110889 0
4743 5.201945034050012 0.2591460536628347 0
4744 -0.9337059727238065 0.5671183287036579 0
4745 -0.9571426848790963 0.5662746673064714 0
4746 -0.7775990934994523 0.8811966396012408 0
4747 -0.8084610157849293 0.8789069207346287 0
4748 -1.756709571574157 0.1002511684135097 0
4749 -1.731177842255144 0.1210974597856757 0
4750 1.328491890655364 0.6250692386602088 0
4751 1.343023652490457 0.5861543015727425 0
4752 1.367951600236116 0.6183959379952895 0
4753 1.346930971032794 0.2000327434288295 0
4754 1.33737295942324 0.2276660811763578 0
4755 -0.8342579313705898 0.8213045059530975 0
4756 -0.8555823787410658 0.8463056705390593 0
4757 -0.6540250280235356 0.9392526097269316 0
4758 -5.657968703951264 0.5338142756698818 0
4759 -5.660191729598486 0.4430263864786985 0
4760 -5.57587536556658 0.489916782599316 0
4761 1.378723966917743 0.6936980467287581 0
4762 1.39592370754901 0.6506205832602674 0
4763 1.42122783606573 0.6870077549062698 0
4764 7.876657517062796 0.3488326965410926 0
4765 -1.30258248058381 0.617077855985653 0
4766 -1.276186657760539 0.5887163153040008 0
4767 -1.265329815005517 0.6261289406245689 0
4768 -2.555563047033093 1.169115678082835 0
4769 -2.483515725968014 1.126199394206969 0
4770 -0.7591115244916611 0.802103974236442 0
4771 -0.7463026276428129 0.829094003795531 0
4772 -3.044850878248373 0.1247086207167902 0
4773 -3.006101909205557 0.08283068229440835 0
4774 0.9181640654843366 0.7297990755377231 0
4775 0.8892277379341741 0.7333044992804234 0
4776 1.416693541463879 0.3716109977098885 0
4777 1.38593879372567 0.3521027374146903 0
4778 1.42160925519836 0.3408471297499804 0
4779 0.1428504456268648 1.078529603415697 0
4780 0.1565562721101023 1.100028309408593 0
4781 3.777067616624128 0.4194233811632752 0
4782 3.843358445228647 0.4002805329953956 0
4783 1.12625058753293 0.5397702890663476 0
4784 1.160604233149602 0.5333583399731709 0
4785 0.5587082442299287 0.9959032828264943 0
4786 0.5300188644502402 0.9977611595044491 0
4787 13.70708766032185 0.4486308123458457 0
4788 13.59997230439631 0.6231714593499935 0
4789 -4.48980162109202 0.3433992159177564 0
4790 -4.491631857654902 0.2691945868444748 0
4791 -4.42528283354633 0.3005630280140734 0
4792 -1.359210947137573 0.6777414211610644 0
4793 -1.33023389566709 0.6467909501424203 0
4794 -1.32070268929927 0.6854409523248652 0
4795 6.99356650719823 0.7092211513270218 0
4796 7.097974452627367 0.6620793653791187 0
4797 7.50730521458925 1.505041308024454 0
4798 7.616307560459497 1.606462707796541 0
4799 -14.38967346427756 0.875284269312512 0
4800 -14.39323471514594 1.126505031919489 0
4801 -2.312125039682724 0.2103276639839564 0
4802 -2.267625295789278 0.2293852670973381 0
4803 6.267562741347446 0.5034404789509975 0
4804 -0.6262210154680263 1.847127837462978 0
4805 -0.5618937015095071 1.790313123973442 0
4806 1.499592294147094 0.06706292984347667 0
4807 1.483793165940341 0.09182424021643429 0
4808 -1.205831188028304 0.4797392394893714 0
4809 -1.223462630320278 0.5106681924675875 0
4810 -4.29285588506416 1.339370805157822 0
4811 -4.243545034792431 1.256236949064228 0
4812 -4.191096746513161 1.343200045163828 0
4813 -0.5531107474255419 1.281845524393021 0
4814 -0.522226333418738 1.244700399578863 0
4815 -0.8348335418409889 1.195899896511896 0
4816 -1.129511356356919 0.1121012405487822 0
4817 -1.108398871040657 0.1196967264866593 0
4818 7.232422444729993 0.3966507661392911 0
4819 7.341921829138872 0.382791223155496 0
4820 2.39499358354376 0.222453583778278 0
4821 2.40893480946625 0.1789782851358974 0
4822 2.437404189751463 0.2111892437852568 0
4823 1.268973792113297 0.1228483521816046 0
4824 1.260855225758509 0.1473514140578533 0
4825 -0.355703918116041 1.762800977818527 0
4826 -0.4201728146520173 1.785602994899642 0
4827 -0.3941880805223025 1.704737963103097 0
4828 -1.098469629772789 0.5450264862529746 0
4829 1.167071650748376 0.1470208654607757 0
4830 1.191810478083742 0.1409595064264285 0
4831 -1.056725012353974 0.5033479935833587 0
4832 0.8600177351022273 0.7342441218146044 0
4833 0.8301849162191024 0.737243717236608 0
4834 -5.901362227325903 0.2975101291315779 0
4835 -5.815399144043223 0.2484444389024492 0
4836 -5.820147915692714 0.3403494149391706 0
4837 -2.984132266658373 0.6717910862202092 0
4838 -2.920057722521022 0.6943596433830297 0
4839 1.448252843949585 0.6033480888139477 0
4840 1.494917662360272 0.5902370765370598 0
4841 1.485092395107684 0.6308192791608909 0
4842 -11.53107812780403 1.555727279773277 0
4843 -11.50854630808552 1.372338836806552 0
4844 1.217263002757609 0.5412426722301649 0
4845 1.24011616907757 0.5671707983776803 0
4846 -1.250823534081121 0.3706921802100401 0
4847 -1.230152221058463 0.3478582567108011 0
4848 -1.220928445574416 0.378747400324942 0
4849 1.738907788628343 0.7095028421540782 0
4850 1.788615916319342 0.7000488833039964 0
4851 0.41112375469707 1.920460777988289 0
4852 0.4998136083126198 1.921983894642262 0
4853 -1.066078997286458 0.4742633237834498 0
4854 -1.071711089477472 0.4490569089788702 0
4855 -1.042516399530218 0.4580815503002711 0
4856 -1.420270670818925 0.744039699287208 0
4857 -1.39063472952618 0.7087248732000511 0
4858 -1.379315682062497 0.7517062494306662 0
4859 0.6425991079923613 0.8605959662075988 0
4860 3.584802098214917 1.901956931430428 0
4861 3.638867890806911 1.809634426325382 0
4862 3.697036752183623 1.907677494894954 0
4863 0.6215461677799941 0.9945298129862054 0
4864 0.5896905850223549 0.995993651083977 0
4865 0.9344937479214284 1.006372223523849 0
4866 1.227286121761275 0.3850447410165007 0
4867 1.238164553374957 0.3551697997754816 0
4868 1.257625996144121 0.3793786806080003 0
4869 -0.4964786661049306 1.926877505117145 0
4870 -0.4600502649558368 1.848710509924682 0
4871 -0.4181170533948496 1.921833004807536 0
4872 0.8266864870880546 0.9213068818022301 0
4873 0.8119469942480941 0.9531105032336176 0
4874 2.47992406415169 0.6535894993348987 0
4875 2.543159127760791 0.6342609993162622 0
4876 2.420057680935511 0.4237513288570017 0
4877 2.464974363690984 0.4564944280215826 0
4878 1.809717328517253 0.2119977251208259 0
4879 1.821279460497244 0.1737313769009006 0
4880 -1.44031709026106 0.5743706600984297 0
4881 -1.471045459968956 0.5551014133524703 0
4882 -1.427337029235047 0.5439365095201188 0
4883 0.2716896372877436 1.338833608936119 0
4884 -2.547698076415707 0.4337897630857178 0
4885 -2.582891662259489 0.4747322139192182 0
4886 1.410455469384103 0.611705646172801 0
4887 -1.324581800214573 0.5426375859828328 0
4888 -1.284668674035893 0.5508692249786415 0
4889 -1.295875488569421 0.4183903444706074 0
4890 -1.273789492108662 0.3930386831361475 0
4891 -1.263685755057834 0.4269329851586409 0
4892 1.267167384635264 0.4361361249108905 0
4893 1.2794145892847 0.4035069812385904 0
4894 1.299834409389524 0.4303894843004615 0
4895 -1.02019525620844 0.4651105130427103 0
4896 -0.9954118957839206 0.4704053533255728 0
4897 1.452790038039361 0.7214782705930143 0
4898 1.469989778670628 0.6784008071245234 0
4899 1.643773868479035 1.215753031200241 0
4900 1.578206615769099 1.229821105145821 0
4901 -0.1047210094367517 1.336739311293494 0
4902 1.094391351095223 0.5426052338845124 0
4903 -0.5917770791776206 1.319789095536209 0
4904 1.092339486604004 0.9266597739552389 0
4905 -0.902427343831175 0.5412304625738764 0
4906 -0.910619471655822 0.5636534845599355 0
4907 1.121123952535428 0.6199093418582928 0
4908 0.9801359936729113 0.7235845910827892 0
4909 0.9482482695209543 0.7273775111308992 0
4910 -7.528248963326744 0.4336782183861983 0
4911 -7.416391185173276 0.410624866857544 0
4912 -0.9345161856526212 1.175834435299161 0
4913 1.041343762640136 0.4025815667556414 0
4914 -2.102745738315663 0.2950749736858602 0
4915 -2.143186125132398 0.2788641316269532 0
4916 1.11259770445211 0.2766525310609291 0
4917 -5.914707441377624 0.6780129238872115 0
4918 -0.9524198669965458 1.523325618819143 0
4919 -1.020964093355957 1.507128668194113 0
4920 -4.159294356588687 1.899521385769338 0
4921 -4.035969851223058 1.893069144165299 0
4922 -1.132923184748795 0.6228479117984003 0
4923 -1.400165935894001 0.6700748710176062 0
4924 0.6886588230044431 0.9929531602485732 0
4925 0.6545522873669095 0.9950108597993396 0
4926 1.218932630743958 0.3318535946704843 0
4927 1.249272505126804 0.3261875342619839 0
4928 1.278733873459107 0.3202486186842957 0
4929 3.384689184749565 0.340422437936487 0
4930 3.444049479622532 0.3733591337566701 0
4931 0.2979756623774826 1.0559211178554 0
4932 0.2835945439598656 1.037613849776941 0
4933 0.314327719564106 1.043343309845772 0
4934 -0.8162049059339611 0.7966041952606204 0
4935 -9.501594824479453 0.3588296378989754 0
4936 3.023683962776963 0.2140598776322147 0
4937 3.081065242724559 0.2052442128791438 0
4938 -2.037790873996316 0.2417175376731851 0
4939 -2.030092306092403 0.2826578386466901 0
4940 2.885033935283319 0.1079336050068878 0
4941 2.855630960582229 0.147366325521666 0
4942 2.837194249810933 0.1147902951853588 0
4943 2.590429249357116 1.158628354685558 0
4944 2.540042752089925 1.102778429222643 0
4945 2.61281140165084 1.086316589446492 0
4946 1.265669407661709 0.5984316569968684 0
4947 1.084489881543878 0.2071556120891691 0
4948 1.06499008025845 0.2204655071641384 0
4949 1.068122208394627 0.1991295612298777 0
4950 4.560120383129789 1.724764285203244 0
4951 4.572365140744322 1.821108227266818 0
4952 0.4217639337138093 1.00292165259127 0
4953 0.4384432446464127 0.9776157837350282 0
4954 5.466399652348099 0.06122500848686582 0
4955 5.457818132467995 0.1530580597827091 0
4956 5.408349659004118 0.09183305129584328 0
4957 1.478347018946037 0.3899170463378322 0
4958 1.516321776699591 0.3838320468469278 0
4959 1.079373112757454 0.3596691930541696 0
4960 1.088498476123879 0.3355883340552469 0
4961 1.105112282240915 0.3561640869718747 0
4962 0.8576426693297443 1.21572468918083 0
4963 0.834675823718718 1.261005568746579 0
4964 1.357389871729016 0.5498765563482597 0
4965 -3.027097449279532 0.7783328451413863 0
4966 -3.09311134943442 0.7520473718353432 0
4967 -3.039893911463346 0.7088784320210352 0
4968 -1.46678049103661 0.7335249689740263 0
4969 -1.455461443572927 0.7765063452046415 0
4970 -0.547970264724831 0.9697437914514121 0
4971 -0.5603203726347274 0.9960287265341998 0
4972 1.481949061622736 0.7603442349103682 0
4973 -2.359113591728038 1.770876740665557 0
4974 -2.37175060389559 1.685911924949204 0
4975 4.330641358745783 1.118792895951949 0
4976 4.315976187107115 1.207320096736286 0
4977 4.244233776852104 1.142773095940683 0
4978 -1.341090738422112 0.6093783248218522 0
4979 1.1413942486082 0.6474656703739378 0
4980 1.107276939599411 0.6524279695128349 0
4981 -2.596809595234022 1.096761733951504 0
4982 0.9944542190355614 0.4613106781483556 0
4983 1.021361727940254 0.4547826184321644 0
4984 -2.763560420193761 1.125697846374454 0
4985 -2.723311836190477 1.069143119737267 0
4986 0.898057090309069 1.128248581322165 0
4987 0.878176815482294 1.170571277378827 0
4988 -9.355335568645309 0.7938106008098006 0
4989 -9.340116193553833 0.6582415397502549 0
4990 -9.227315207881105 0.7371030644099976 0
4991 2.57128004644122 0.06410107260389611 0
4992 1.166448081592779 0.9514473599908622 0
4993 1.193714727672724 0.9928338801407859 0
4994 8.132102129599053 0.2164808591552091 0
4995 8.158803856136545 0.0805937054663444 0
4996 1.276364473075544 0.09612130386921314 0
4997 1.671582259410912 0.6318456909463595 0
4998 1.686489513100317 0.5871519918345875 0
4999 -4.306463670028077 1.169029302926076 0
5000 -4.204704531477077 1.172858542932082 0
5001 -1.33041157065222 0.4090951732010171 0
5002 -1.320307833601392 0.4429894752235104 0
5003 -1.512899381350452 0.7168779898885462 0
5004 -1.283892232904554 1.005083419245433 0
5005 7.126250776120909 0.4389107756178528 0
5006 7.216380715575808 0.5077632046275017 0
5007 2.596720591971409 0.2533960117460762 0
5008 2.548958519338669 0.2649980369084398 0
5009 5.245833534308204 1.903128220872411 0
5010 5.300096431270781 1.79907061323977 0
5011 5.364676795323464 1.895942392367359 0
5012 -1.053214863451716 0.669815122722622 0
5013 -1.019874819565335 0.6767644880253247 0
5014 -1.042862401330728 0.7021356107642145 0
5015 7.820215875860577 0.668314369699045 0
5016 7.720720138631096 0.6085769146695309 0
5017 3.008877910009798 0.2688324675303563 0
5018 3.048918828023633 0.3060875921387328 0
5019 2.994898855679406 0.3224987180029569 0
5020 1.986935319617061 0.4954681529827294 0
5021 -6.350607839162611 0.3074246710600779 0
5022 -6.38509615814209 0.2110610617552416 0
5023 -0.7190053319306959 0.8283462857572418 0
5024 0.9888667516863653 0.5514648240889533 0
5025 0.9905141848831975 0.578826902513214 0
5026 -0.3523200134889361 1.060826080032644 0
5027 -0.3336804149830827 1.084612951889836 0
5028 -0.3638946371549814 1.090598284199783 0
5029 1.290293020898382 0.3736320399975713 0
5030 0.4016540421761401 1.252475695703008 0
5031 0.4489596391734801 1.244713255964865 0
5032 0.4342703550944562 1.284628867868209 0
5033 1.351841714901383 0.9664826410085171 0
5034 1.405425644603178 0.9563601609214589 0
5035 1.736546639576304 1.139337304398084 0
5036 1.693428716161366 1.08827889442726 0
5037 -6.995482055060598 0.1693115144396564 0
5038 -7.054134976937467 0.2490152160949732 0
5039 1.213216829485707 0.6384041670162361 0
5040 1.17695002405096 0.6438598324978966 0
5041 -0.6867730815826559 0.9403923038868984 0
5042 -0.7183392355372884 0.9417210301659282 0
5043 -5.741038748504662 0.583631677881991 0
5044 -5.656722384472756 0.6305220740026084 0
5045 -4.395154131688522 1.335648323713602 0
5046 -4.342705843409252 1.422611419813202 0
5047 -1.417722156789295 0.5976465738774477 0
5048 -1.461430587523204 0.6088114777097992 0
5049 -1.487536300099191 0.8149749844268217 0
5050 -1.441026479881506 0.8254897147400035 0
5051 -1.18831715901935 0.3076342694011544 0
5052 -1.180622228753186 0.3354765350601059 0
5053 -1.207952062817922 0.3280712111667514 0
5054 1.32312897383096 0.4564623084582919 0
5055 -1.954918769177292 0.07049351698712078 0
5056 -1.922995876085475 0.04855075492729186 0
5057 1.345483562154327 0.4850890503662593 0
5058 -8.17636536039646 0.4937342609294676 0
5059 -8.043422041230258 0.4651178044797694 0
5060 -1.242500965000011 0.8378847415045603 0
5061 -1.211855621676241 0.809242883752173 0
5062 -1.066213825015592 0.9049059627784032 0
5063 -1.031620942820284 0.8783303729020413 0
5064 8.718815417462093 1.611881171665235 0
5065 8.879116685320755 1.589356741617973 0
5066 -1.801895817413492 0.1888711265471434 0
5067 -1.772221230238808 0.2113619456688658 0
5068 0.2536524106635069 1.151024009840942 0
5069 0.2393561082012364 1.184974391355873 0
5070 -1.116409202532128 0.3028898475395971 0
5071 -1.099245238267479 0.2843898795288103 0
5072 -1.091894592759463 0.309009146821399 0
5073 -0.5918030860926322 0.9976098865989214 0
5074 -0.6227201041095616 0.9978330432927541 0
5075 -6.941903779967777 0.8061910972349202 0
5076 -6.935910954489658 0.6983096072732387 0
5077 -6.837648673247632 0.7605274726143347 0
5078 -5.824198033479281 0.4381694923587818 0
5079 -5.738234950196603 0.3891038021296531 0
5080 -1.2474160084576 0.5599203096175573 0
5081 -1.06835579411169 0.233055502739847 0
5082 -1.045282499052873 0.238900759774997 0
5083 -2.638893512333853 0.456925510021548 0
5084 -2.623172151900115 0.5126490465171463 0
5085 1.139870884448307 0.3973581853559912 0
5086 1.112751396013602 0.4019315870064785 0
5087 1.123106407309195 0.3756715443203101 0
5088 1.197108995876979 0.3888595637460914 0
5089 1.168309604252874 0.3939907049890119 0
5090 5.107818777063981 0.6915041965387194 0
5091 5.180203751782043 0.7602445000816045 0
5092 7.748260156827579 1.53798670338174 0
5093 7.736545131139503 1.682172687922799 0
5094 -2.361830215448591 1.852189329521085 0
5095 -0.9149793347784891 0.6727755921740234 0
5096 -0.8996510513483286 0.6545967598160385 0
5097 -1.120866647955705 0.6563546882848199 0
5098 -1.155217729443159 0.6488212880160538 0
5099 -13.49726015297656 0.4476651985006367 0
5100 -13.53415292863495 0.6336156914863591 0
5101 -1.345284096387252 0.4696521226272504 0
5102 -3.567294420314757 1.42344695336802 0
5103 -3.468960469537998 1.398295728364797 0
5104 3.71769613101476 0.6283152229398805 0
5105 3.667829273299342 0.5769453825542198 0
5106 3.739886198599498 0.5570118591419833 0
5107 1.073578070206323 0.6558805643851509 0
5108 1.054134681666579 0.6258741499549971 0
5109 1.014559776469404 0.5975357972587801 0
5110 2.969663990432736 0.2304710034964388 0
5111 -1.237847151324626 0.3200159910518495 0
5112 2.152821087329801 0.3975681046719808 0
5113 2.124855893339065 0.3633973402317079 0
5114 2.176255029605402 0.3531128032813095 0
5115 8.327853546962471 1.74037583395093 0
5116 8.251837991450987 1.60281548552646 0
5117 8.414990105848354 1.603134316329373 0
5118 1.811034094691498 0.6088070505875445 0
5119 1.86467508972399 0.5950478633085069 0
5120 1.857885503259419 0.6376838950391306 0
5121 7.807758336691995 0.789027515129145 0
5122 7.921239793378347 0.7368334100267002 0
5123 -1.037131178112148 1.153904463485329 0
5124 3.623398907469448 0.7224251072309467 0
5125 3.544969792567803 0.7403228982827865 0
5126 -0.2204978786597603 1.030543268090444 0
5127 -0.2389548465796988 1.049178785080837 0
5128 -0.9843509601351452 0.5657102354367256 0
5129 -0.9728262544244759 0.5889896916358619 0
5130 -0.04302572384844785 1.92394963222715 0
5131 -6.157430603027525 1.872052683375131 0
5132 -6.020327896675184 1.888307248826996 0
5133 -0.8418486526318054 0.8768065851639232 0
5134 -0.8754175855324875 0.8732495658969753 0
5135 -3.183280650760521 0.5852281448288921 0
5136 -3.172299832983786 0.6564661404791745 0
5137 1.332658723969684 1.01626683815622 0
5138 -1.148153369284283 0.4846395671531136 0
5139 -1.116079416327806 0.487217700056033 0
5140 -0.6214693551882878 0.8285820311836548 0
5141 -0.6178281682540896 0.8553557840179218 0
5142 -0.636313252077869 0.842356303831036 0
5143 -1.149978593961477 0.2704792415171428 0
5144 -1.129011469211016 0.2519258510083502 0
5145 -1.980331889979013 0.5788794468127998 0
5146 -1.931002585237099 0.5939718182570864 0
5147 -1.967717952922533 0.6276099191516424 0
5148 1.309959156764688 1.789178643667056 0
5149 1.407035013660596 1.788795323211632 0
5150 1.136026731584115 0.9112009038298601 0
5151 1.288826040790065 0.6292211791872924 0
5152 1.250931505542068 0.6348252339464988 0
5153 -0.4938635068309477 1.047983245009336 0
5154 -0.5252240470385525 1.049577559101477 0
5155 1.300196836137347 0.8399270360572695 0
5156 -1.135022940989363 0.3212743540633474 0
5157 -1.127182681833374 0.347426154352469 0
5158 -1.153147065798626 0.3411913935836306 0
5159 1.511838478492268 1.914804543503168 0
5160 1.557297416206193 1.834114812246605 0
5161 1.607610450259024 1.919310268743437 0
5162 -1.085919702301228 0.4943233522619577 0
5163 -1.087387274239225 0.6627837787643391 0
5164 -1.83806957935578 0.1744247926152722 0
5165 -1.83272683861782 0.2109467277248108 0
5166 5.352484614676554 0.1464504371082051 0
5167 5.361066134556657 0.0546173858123618 0
5168 0.3604118857580062 1.067123417483758 0
5169 0.3513396644421162 1.03918928691128 0
5170 0.3830427122183994 1.044662126470807 0
5171 12.61317274002956 1.537356034760316 0
5172 12.8048340860837 1.553096293189158 0
5173 12.67325267677711 1.696342848058733 0
5174 -1.152535634554098 0.1054103028285116 0
5175 -1.146129446812639 0.1289351712683839 0
5176 -1.084140093414384 0.06777928608735187 0
5177 -1.079662557904413 0.09055353524941404 0
5178 -1.269307546381041 0.1838307926715074 0
5179 -1.24843507147883 0.166075839013466 0
5180 -1.936075469248314 0.2076177815429371 0
5181 1.045767885552423 0.7180008836377467 0
5182 1.01254100225256 0.7216313906309169 0
5183 -2.044539760482567 0.2001966026277654 0
5184 -7.1119629844961 0.3526424833712141 0
5185 -1.213802187550835 1.068196357978801 0
5186 -1.176777574745496 1.024633938896872 0
5187 1.122311582010966 0.4932723284168871 0
5188 1.107280690087708 0.5173721653034626 0
5189 3.526271455882268 0.2030765193511658 0
5190 3.549382548135474 0.2582328537023993 0
5191 -0.8937906926294334 0.5191780841803981 0
5192 -9.502913114046589 1.589708745821447 0
5193 -9.42402532475981 1.45272025627472 0
5194 -9.345010823510199 1.590206066322521 0
5195 -2.662940727568381 0.3491049448784929 0
5196 -2.610756984823002 0.3664091384203487 0
5197 -2.650796765438606 0.4017044838817642 0
5198 1.190613473431183 0.07588140626559581 0
5199 -6.945146232475176 0.9223954368814048 0
5200 -7.043408513717202 0.8601775715403088 0
5201 4.032170419707238 0.3567219080130887 0
5202 4.212102177189903 0.1619467517102359 0
5203 4.151336677198717 0.1600714389846529 0
5204 4.178205053646934 0.1049418006174878 0
5205 -0.6751968948163818 1.920250332345833 0
5206 -0.5873877570142734 1.926877505117145 0
5207 1.08620326731797 0.4038118362455522 0
5208 1.061901413924704 0.4052969933967742 0
5209 1.071685065481224 0.3817301031220195 0
5210 -2.120660406569529 0.168254947032374 0
5211 -2.086638484102149 0.1458808579767074 0
5212 0.3715166298614129 1.100128725604876 0
5213 0.3398135820851298 1.094655886045349 0
5214 -1.524076699828789 0.8510883560192434 0
5215 -1.191867931191156 0.6460823566443481 0
5216 -1.227697794164154 0.6373088008509895 0
5217 1.279943678818278 0.2399319679381296 0
5218 1.260790263078205 0.2192256931963306 0
5219 -3.157402177911188 0.2055503193595519 0
5220 -3.158049624237317 0.2662759797245285 0
5221 0.3775938366482009 1.211958572663837 0
5222 -14.39654258133499 0.6916871749429596 0
5223 -14.21581863616315 0.7970443380087124 0
5224 -0.1978879690439206 1.361481818979348 0
5225 2.205833371636985 1.090736262713562 0
5226 2.254484756881391 1.14243938126793 0
5227 -14.74546521316906 0.4274114953461986 0
5228 -14.53066391789375 0.5623750484685379 0
5229 -14.7851987047247 0.6349635531244198 0
5230 -5.938535392799136 1.556548527619968 0
5231 -5.88835092176544 1.676403466192448 0
5232 1.234108554283769 0.2245288219718182 0
5233 1.243549128315025 0.1979142089334254 0
5234 -0.9941699483123738 0.5392898427996933 0
5235 -1.009853517857753 0.5620048671290838 0
5236 0.4430768650761748 1.20125401692124 0
5237 0.4756931779944908 1.233407189086441 0
5238 -1.249408606731699 1.1090303392954 0
5239 -1.26722136723537 1.057389822498791 0
5240 2.689563201561201 1.064789648681868 0
5241 2.744066846837653 1.126923636992106 0
5242 -2.755402994537764 0.3665115631348811 0
5243 -2.712839466821967 0.3319093663999555 0
5244 1.033855771887292 0.8119160780352039 0
5245 1.04134434905651 0.8396605403343693 0
5246 1.004470802863602 0.8372432713812656 0
5247 -2.672799686206362 0.2966140209385401 0
5248 -2.682035530771751 0.2483223222798281 0
5249 -0.9360002911127006 0.8077791997089436 0
5250 -0.9706140993315253 0.8024921350419629 0
5251 -1.005099179046111 0.9784357003048402 0
5252 -1.051040641808309 0.9718409175997889 0
5253 -2.733944542994433 0.4764572449736431 0
5254 -2.745847796099186 0.4212362188338592 0
5255 -2.691077255079232 0.4396213164796922 0
5256 -1.906075912961786 0.182996084064195 0
5257 -1.875376848743659 0.1607233577733871 0
5258 3.661963015509285 0.3895181780291518 0
5259 3.616639596182512 0.3449828847133436 0
5260 3.681336755744865 0.327219240050632 0
5261 -3.977143579654947 0.445268165665241 0
5262 -3.917172015740436 0.4057563725661651 0
5263 4.834923777111612 0.1165661308060326 0
5264 4.896367799385067 0.1740373934758665 0
5265 1.71114290214423 1.203543824173733 0
5266 1.685791056464914 1.26712585010145 0
5267 1.168887470989572 0.03642706604753329 0
5268 1.177878574789857 0.0582300505657526 0
5269 1.155895462159768 0.05770570952208194 0
5270 6.827816405063908 0.4748676704689518 0
5271 6.814512549451457 0.582204898556181 0
5272 12.30010848764671 0.4880318818569845 0
5273 12.19916225538295 0.3573369786660761 0
5274 12.36531271617416 0.3883696726186823 0
5275 -2.710924778981814 0.5924363196167364 0
5276 -2.723809204781121 0.5341181292070065 0
5277 -2.666289576175171 0.553160533029206 0
5278 -1.085448259474316 0.3319135210178868 0
5279 -1.078680461836575 0.3558199365766153 0
5280 -1.10229075938637 0.3514155303909142 0
5281 3.608431682763931 0.08541451638677647 0
5282 3.65966827226458 0.1193006278180959 0
5283 3.609408709934259 0.1316064403930051 0
5284 5.523888473860008 0.7252725634816981 0
5285 5.614333140952379 0.6901162664902096 0
5286 0.469818249663521 1.0487041666398 0
5287 0.4410666028047943 1.048823385657538 0
5288 -3.344247835369375 0.3491394811130403 0
5289 -3.351005247177596 0.290677130482165 0
5290 -3.294921605261094 0.3131459037201137 0
5291 -7.442010760523432 0.6132955695361836 0
5292 -7.343965812953644 0.6721688437340003 0
5293 2.483364350178261 0.1993627178946887 0
5294 -3.323855156810766 0.4738795039011384 0
5295 -3.335890986017055 0.4110195872682697 0
5296 -3.276128364246584 0.4344681709838576 0
5297 4.767478654244886 0.4192427609025938 0
5298 4.710153689437942 0.3639932573888266 0
5299 4.795566509762141 0.3420892972867491 0
5300 -7.250731984815632 1.898264100442141 0
5301 -7.184821653707695 1.763317959770225 0
5302 2.828906055731656 0.2323048547534161 0
5303 2.865712541075412 0.2674592165571348 0
5304 2.814400135142444 0.2816491033496032 0
5305 1.521629339729388 0.2875943348688916 0
5306 1.541296177221096 0.3141888353262455 0
5307 -1.14237358649738 0.2966550867707587 0
5308 -3.302544566088345 0.6055537810539746 0
5309 -3.315244906433824 0.5390481637406593 0
5310 -3.251392194694817 0.5638337049300416 0
5311 14.79960908363078 1.132438827992768 0
5312 14.59176817411824 0.9975984146885779 0
5313 14.79215909048745 0.8651595866931989 0
5314 -1.64714011564013 1.53237219984041 0
5315 -1.611141038661571 1.599733810831741 0
5316 1.099443340147102 1.096600284992369 0
5317 1.081793954740436 1.147357746889471 0
5318 3.758747199530349 0.4863671238582163 0
5319 3.708339757977859 0.4386982760613813 0
5320 -1.627160256911854 0.8237304968247068 0
5321 1.29875049387501 0.2625085638215731 0
5322 1.070469809402786 0.3180685137037805 0
5323 -3.861702533047831 0.362612705524568 0
5324 -3.869421255297056 0.2990640192309773 0
5325 -3.80728877406979 0.3249118573500291 0
5326 1.49661626512733 0.8467922697342127 0
5327 1.477583731169572 0.895609747434269 0
5328 -13.27289473676274 1.373119214172614 0
5329 -13.17430380050456 1.553583691003971 0
5330 2.348626330412668 0.2331283772535597 0
5331 2.377095710697882 0.2653393359029191 0
5332 2.187999091342623 0.434981372922875 0
5333 2.237569343349626 0.4244094569251811 0
5334 2.22134821109611 0.4721072621264737 0
5335 2.747651976282332 0.8641097180744908 0
5336 0.9940647082275366 0.5298534870238254 0
5337 0.9784936047664616 0.5098206245218313 0
5338 -3.85503953451317 0.4316042106852171 0
5339 -3.78044610173259 0.4579331206144809 0
5340 -3.835915584425196 0.501076787656078 0
5341 2.689800658993334 1.278862514481887 0
5342 2.636201338133859 1.218407349377757 0
5343 2.716797219777506 1.202621680013536 0
5344 -6.692531191525969 1.639887825539279 0
5345 -6.562523077415467 1.644739918740038 0
5346 -6.623653514545031 1.767590765435052 0
5347 2.154509077694167 0.5327657951503798 0
5348 2.205903918451375 0.521473296320321 0
5349 2.188635037056434 0.5715599133465332 0
5350 -1.279608087006606 0.08589876972323408 0
5351 -1.289853120939914 0.06096020294013219 0
5352 -3.96268344212048 0.5916567976730427 0
5353 -3.971324150003436 0.518280494694441 0
5354 -3.901868309322819 0.5481241807054158 0
5355 -2.208325260900551 1.91037899994375 0
5356 -1.494464393287589 0.9547139632217839 0
5357 -1.510110913759801 0.9028430539136612 0
5358 -1.457454815935559 0.9158292632703064 0
5359 1.200206187814605 0.184026797677329 0
5360 1.208848734516709 0.1592918090394893 0
5361 1.225509966222693 0.1784823490710734 0
5362 1.778563827562183 1.190710123299292 0
5363 1.858337661625384 0.1666540966876048 0
5364 1.894991443041356 0.1574907651826843 0
5365 1.883757850139791 0.1934500196284494 0
5366 -0.7675516918137459 1.252653758577818 0
5367 -1.050562311670403 0.4077136274682642 0
5368 -1.031494651001656 0.4158967398140903 0
5369 -1.04567107719793 0.3185211836819914 0
5370 -1.068284295209668 0.3134135530071001 0
5371 -1.030791791189556 0.7339726025142211 0
5372 -1.064131835075937 0.7270232372115184 0
5373 8.566286999010764 1.613921090198605 0
5374 8.643534079811165 1.738654746220473 0
5375 0.5697212157316498 0.9231829664151278 0
5376 -0.3095569550882746 1.034243430926901 0
5377 -0.2933669609962433 1.051034450458033 0
5378 -0.2098528330022277 1.147154949774873 0
5379 1.514562738742928 0.7981183664633559 0
5380 1.252191675017129 0.1731792202955857 0
5381 1.84980131175983 1.725382334946329 0
5382 1.774147945723952 1.744453490326284 0
5383 1.121302844256821 0.07934832914713348 0
5384 1.14464570040353 0.07082742737354403 0
5385 -7.822131775492032 1.866530008275918 0
5386 -7.74722552247776 1.756168717732065 0
5387 -7.672359363865233 1.889638709456147 0
5388 -1.453021410356447 0.3116968993201274 0
5389 -1.431533533392154 0.2877952322267112 0
5390 -4.393213875081401 1.702460215837579 0
5391 -4.334829492170696 1.798912857588978 0
5392 2.136888955560826 1.104847076090329 0
5393 2.1542575318901 1.032533871778925 0
5394 9.570822022867835 1.726547296051545 0
5395 9.472449573401821 1.589058458077016 0
5396 9.631502082708096 1.580711997236397 0
5397 1.650248565244873 0.2873313701934583 0
5398 1.637715314998244 0.3226298205961721 0
5399 -1.899138392703013 0.5578753863338726 0
5400 -1.690887019692659 0.07809141029149937 0
5401 -1.679203526345818 0.04942775659887157 0
5402 -1.66166330399307 0.07656885057407661 0
5403 2.136599955076286 0.4452659098732734 0
5404 6.513149300511519 0.7079836370934804 0
5405 6.413460006979655 0.7498478650851104 0
5406 1.047715404091116 1.925071554170123 0
5407 1.139915098943444 1.925071554170123 0
5408 -1.135464314592681 1.913920758110867 0
5409 -1.105082729758498 0.2623339994137338 0
5410 -6.184912720957956 0.8242118343111781 0
5411 -6.186273853942612 0.7188693567833436 0
5412 -0.6936188418039395 0.7852817527165046 0
5413 -0.7085342527326787 0.8059759652412573 0
5414 -1.476922956067502 0.3344318691056743 0
5415 -1.487172230700143 0.3018107598153572 0
5416 -1.162491038690324 0.1468148485880333 0
5417 -1.139466760493145 0.1535057863083039 0
5418 -1.100244009705185 0.1962569559494882 0
5419 -1.112662690299651 0.2185148630350866 0
5420 -1.168592332418712 0.288863748040893 0
5421 -1.465854723548954 1.371102464182844 0
5422 -1.419159490399835 1.433214111372714 0
5423 1.461357510072931 0.9452968845320485 0
5424 1.442502079990413 0.9962049430439264 0
5425 4.836826512708173 0.4795515319740687 0
5426 4.914106820301712 0.4500777613256313 0
5427 4.8980418584408 0.5322904924991838 0
5428 -1.816616810199055 0.2853584876540148 0
5429 -1.825284641250993 0.2488458761678791 0
5430 1.798439688428627 0.2489925345090663 0
5431 1.786680177114649 0.2859374827117749 0
5432 2.221645182940723 0.342103742278402 0
5433 2.252382248215686 0.3773876551394211 0
5434 -9.029529575753076 1.869441631681948 0
5435 -8.951877123131634 1.731549472761402 0
5436 -8.870298077281594 1.862107841079454 0
5437 1.564727662017722 0.3398765976398397 0
5438 -1.942102888666852 0.7338729638945858 0
5439 -1.956903122876789 0.6806651677404753 0
5440 -1.198081697287447 0.1823112415611159 0
5441 -1.180293205833142 0.1638237376735628 0
5442 -2.177749802996978 0.30603237106534 0
5443 -2.184985659382311 0.2625285342036114 0
5444 3.808614057245768 0.5377369642438771 0
5445 3.879802219796293 0.5172567687604945 0
5446 3.860941218865443 0.5879015040442614 0
5447 1.226228734877683 1.033324071161654 0
5448 2.852272567327849 1.246870515912958 0
5449 2.797666167697128 1.187378802096236 0
5450 1.686091029539599 0.2771964042484228 0
5451 2.108601242388478 0.08755221331443611 0
5452 2.093850700381698 0.1250345560946376 0
5453 -5.497595770504695 0.348932281154235 0
5454 -5.495500793791338 0.4429968725091589 0
5455 2.645054171538952 0.240219610524865 0
5456 2.630867333562312 0.2858081819491671 0
5457 -2.833272011617028 1.103067526939355 0
5458 -2.808473826981478 1.180112687448573 0
5459 0.7910263189030762 0.7252282451707197 0
5460 0.7656528069844613 0.718628506140615 0
5461 5.452507582739607 0.3176891281056712 0
5462 5.38379553024636 0.2674953355984666 0
5463 5.46848019161726 0.2338598950988912 0
5464 -1.355023991432992 0.5714354934655816 0
5465 -1.366166468308733 0.5344078487833295 0
5466 2.823146963670647 0.07375842884808712 0
5467 2.793743988969557 0.1131911493628654 0
5468 0.1516950862123497 1.700936037784136 0
5469 0.2014867547532236 1.767943843879983 0
5470 4.253452371339074 0.3920115004131957 0
5471 4.334845743568151 0.3705717179327431 0
5472 4.308808922093096 0.4403373176702238 0
5473 4.294190427983772 0.5155466450997412 0
5474 4.282965726438732 0.5939414505557721 0
5475 -2.346749673366118 0.2412901588126969 0
5476 -2.355206812158021 0.195136195156118 0
5477 -2.225566013967313 0.2459928400980695 0
5478 -2.261608619068856 0.2730892006412667 0
5479 3.910121518327807 0.3827031486280453 0
5480 3.894238131275777 0.4495148445927599 0
5481 -0.7424848281139318 0.7151996523809174 0
5482 -0.7425357848990413 0.7400130494494779 0
5483 -1.224026919485508 0.1739532477842633 0
5484 -1.217350557477502 0.2000024776262068 0
5485 12.15877633093327 0.5762783208480742 0
5486 12.32492679172448 0.6073110148006803 0
5487 0.8789157386467602 0.8511642212270289 0
5488 0.9154395455001963 0.8429755827386873 0
5489 0.9102094258244812 0.8767781582878729 0
5490 -2.860242501305828 0.3298282202990175 0
5491 2.162510611414046 1.234200669056991 0
5492 2.243430546048538 1.224544794002667 0
5493 2.217476362154873 1.295695996034692 0
5494 2.563432688572944 1.234869189153908 0
5495 -1.37195066785957 0.495021913909386 0
5496 -1.381510487156508 0.4590640952360557 0
5497 3.617847095992535 0.1867550555600967 0
5498 3.566610506491886 0.1528689441287773 0
5499 4.866703638085689 0.3190312015138311 0
5500 4.939917507342577 0.2898955174171879 0
5501 4.926105343825974 0.3682031167038731 0
5502 -14.78875995559309 1.386184315730703 0
5503 3.103520504017819 0.2885276761035729 0
5504 3.089541449687427 0.3421939265761735 0
5505 1.835826428635193 0.2396081605216102 0
5506 8.934635248832631 0.3216678236315939 0
5507 9.045447447088321 0.3957066776745501 0
5508 5.580820163303549 0.4426478596378554 0
5509 5.515352160462901 0.3784299329039584 0
5510 5.602660246951155 0.3482716143399928 0
5511 -2.356404305460843 0.7127497743391434 0
5512 -2.371303652681755 0.6552813252945118 0
5513 -2.313469683898906 0.674540083114531 0
5514 -2.964559776839145 0.2921273799431361 0
5515 -2.97623375235372 0.2369669717488369 0
5516 8.565778247290101 1.870347332376922 0
5517 8.718306665741428 1.868307413843552 0
5518 -1.221686346407638 0.5355299667584442 0
5519 -1.097141295598341 0.9870510263943646 0
5520 -3.065635543106696 0.2539999739972471 0
5521 -3.074027548557438 0.202118186561855 0
5522 -3.024852037408917 0.2213393677826989 0
5523 -2.686348196625088 0.7149100485141348 0
5524 -2.699891584977945 0.6532911034575895 0
5525 -2.639861762023007 0.6730976684954811 0
5526 -9.267503617200045 1.733038909616571 0
5527 -9.188615827913267 1.596050420069845 0
5528 -1.891457959479808 0.2590212397147501 0
5529 -1.898900156846635 0.2211220912716818 0
5530 -1.861458403193281 0.234399542236008 0
5531 -1.186955892152636 0.1392531226336428 0
5532 -1.067662964762853 1.331803658221184 0
5533 -3.281263609872611 0.7441481162046639 0
5534 -3.293300196629386 0.6743336935928498 0
5535 -3.226655267592564 0.700153744855171 0
5536 -1.859398775318487 0.06961941787261411 0
5537 -1.855012277535661 0.1049634518359254 0
5538 -3.147466784043198 0.7957349762113397 0
5539 -3.160263246227012 0.7262805630909885 0
5540 1.84834879635572 1.1771354292944 0
5541 1.822945058923646 1.241341949070049 0
5542 -2.050952337219546 0.6980644888435651 0
5543 -2.06176716726529 0.6450092402547323 0
5544 -2.006232427618702 0.6655727962961886 0
5545 -1.836278634069133 0.764304165982272 0
5546 -1.796228688391981 0.7234820176997696 0
5547 -4.108865629462347 0.385366498962276 0
5548 -4.113314024897551 0.3179353170946548 0
5549 0.814397302224569 0.8654416319141516 0
5550 0.8485260975246165 0.8612973885494393 0
5551 0.8395568236709974 0.8891110401409268 0
5552 -5.656141611811918 0.3452063090590873 0
5553 -1.23687918299692 0.2183694927933889 0
5554 -1.741616890366622 0.3121943983782881 0
5555 -0.977992488539966 0.5184364283889553 0
5556 -10.20042413059996 0.3624878134753655 0
5557 -10.35725493299868 0.3851851148278224 0
5558 1.363930039720054 0.14601607608537 0
5559 1.371390606157969 0.1203732350959902 0
5560 1.391186660461735 0.1397108631743438 0
5561 3.56049102983386 0.3578649854003966 0
5562 3.579864770069439 0.2955660474218768 0
5563 -1.420378876973122 0.8714014964424228 0
5564 -3.94643367222111 0.7461640380031135 0
5565 -3.956050673851931 0.6682859163765359 0
5566 -3.883610599809042 0.699378605310595 0
5567 2.3636071954123 0.3103276290613981 0
5568 2.348515103046521 0.3560664356509277 0
5569 2.693336352284481 0.2288438318377323 0
5570 2.742532720618897 0.2157753122466967 0
5571 2.728397281464272 0.2595632611369202 0
5572 1.382903539838786 0.4779240955370054 0
5573 1.369716359071282 0.5131071569594425 0
5574 -4.389921717065743 1.512513213202431 0
5575 1.687146785065816 0.7192590818665292 0
5576 1.72122632084923 0.7584109240022756 0
5577 2.461707268861962 0.7106505457923937 0
5578 3.157109791716204 0.2721887104864883 0
5579 3.21210458238636 0.2546024681682526 0
5580 3.199137916351769 0.3070477682227779 0
5581 -4.490887777474276 1.334001742706293 0
5582 -4.441037819129184 1.250761128050913 0
5583 4.058590432240174 1.622902038199798 0
5584 4.013923168299677 1.532762274494281 0
5585 1.036529672746052 0.5994908225281561 0
5586 -5.161036283560464 0.6251329025831573 0
5587 -6.364376648272719 0.5084378526072482 0
5588 -6.358083735048226 0.3984473008014423 0
5589 -6.270405928075208 0.4501657816004876 0
5590 1.310132672687172 0.3137089700357507 0
5591 1.299903226985868 0.3429640907184362 0
5592 -7.30327689258381 0.3518056587550706 0
5593 -1.375340011030301 0.1508343416832845 0
5594 -1.38289180111078 0.1227837940739825 0
5595 -2.610287726100808 0.5709672369268761 0
5596 2.58424727455893 0.684121772528081 0
5597 1.704335001180131 1.919310268743437 0
5598 -1.702819806211999 1.920066470509496 0
5599 -1.606095255291014 1.920066470509496 0
5600 3.643642598415506 0.456461920724093 0
5601 3.697929337975574 0.7020897859526009 0
5602 3.675689039730419 0.7762661468314305 0
5603 -6.917080741728366 0.5821558288422489 0
5604 1.852439275232287 0.5546313311573638 0
5605 1.899290683800207 0.5835081756089502 0
5606 14.79215909048745 0.6151595866939167 0
5607 -5.766555804192182 1.510321850060182 0
5608 -5.635834130668854 1.521476501388121 0
5609 1.841494498193026 0.6898887757954059 0
5610 1.825865906285441 0.7384945767812341 0
5611 2.118115938745667 0.6343454825260919 0
5612 2.172099702368567 0.6232108145409696 0
5613 2.152975444815008 0.6747038848904696 0
5614 1.225886560176139 1.915187863958592 0
5615 6.465961709473493 0.4377559455859061 0
5616 6.39514773424489 0.3786718624919373 0
5617 6.491261165843899 0.343783631705236 0
5618 -3.680116701472336 1.571034403114274 0
5619 2.659189610693578 0.1964316616346414 0
5620 -1.102298940913881 0.1422788020597674 0
5621 -1.095459221202628 0.1649984013646879 0
5622 -1.116265448904208 0.1583457082935749 0
5623 -12.93026051659299 0.5729866993502604 0
5624 -13.01511350244257 0.4029186759351681 0
5625 1.873585046963961 0.2302471961287446 0
5626 1.862307406875334 0.2672420055169848 0
5627 -8.979980960539251 0.6111162185722163 0
5628 -8.855745348804724 0.5569838473432794 0
5629 -8.869309155967706 0.7001448603773655 0
5630 -0.05481578597695289 1.187615902612267 0
5631 -0.08969385919035508 1.186943359426367 0
5632 3.296164530147681 0.681129038187588 0
5633 3.283061514044542 0.7526202616891342 0
5634 6.941464291864094 0.3273103102231015 0
5635 7.048610110834966 0.2763933138742169 0
5636 7.035146686304222 0.3787153334785268 0
5637 4.610091402546694 1.471843228072244 0
5638 4.529154649863427 1.404139180118462 0
5639 4.633865954213336 1.373911810685644 0
5640 1.711550195043726 0.3044819162448669 0
5641 -4.445384011922858 1.604802009059245 0
5642 -4.500466384890728 1.511177734225796 0
5643 1.175266157743005 0.1881740719120969 0
5644 1.151100780263125 0.1929648707222027 0
5645 1.15937957862874 0.1696270564558508 0
5646 -9.342098733442313 1.863597277934624 0
5647 -9.185703737845381 1.869441631681948 0
5648 -2.08119388440081 0.9542907053994563 0
5649 -2.019723051309211 0.9703958485661035 0
5650 -2.058164393852297 1.016289637061696 0
5651 5.721183910355204 0.5598912927520047 0
5652 5.649964256503502 0.5033103891287007 0
5653 5.739347903643505 0.4690704446971937 0
5654 -2.172959435946874 1.486909815035659 0
5655 -2.115820972955501 1.560965843516239 0
5656 -6.687272223150894 1.881369336117147 0
5657 -6.557264109040392 1.886221429317905 0
5658 0.5019660190737186 1.194687784265243 0
5659 1.127689721065632 0.1971640042840956 0
5660 1.10389362533123 0.2028649097285715 0
5661 1.111418105414457 0.1801187607104325 0
5662 -0.4015528935780313 1.004720172820863 0
5663 -0.3735238222505519 1.006464134831305 0
5664 -0.3896768970721999 1.018746359047732 0
5665 -1.445062698506341 0.2572123953281064 0
5666 -1.413325546909407 0.2659318375250073 0
5667 5.023006760579074 1.342242474432975 0
5668 4.938563636676817 1.26843010406788 0
5669 4.887602298680441 0.6178575300592706 0
5670 4.96488260627398 0.5883837594108332 0
5671 -5.493277768144116 0.5337847617003421 0
5672 1.419087258042399 0.1331397024514494 0
5673 1.411626691604484 0.1587825434408292 0
5674 1.406163490167849 0.4091295262417284 0
5675 1.394987321633171 0.4426492180263403 0
5676 -4.550348689713975 1.416839937992816 0
5677 -4.596232377154637 1.331952742330127 0
5678 -0.6834802821788162 1.057588447068342 0
5679 -0.7218931108938365 1.066457035401028 0
5680 3.76998626327573 0.6821562625403643 0
5681 3.843986985008326 0.6611665916470142 0
5682 3.82422019196914 0.7349411546597345 0
5683 -1.840976925037831 1.123771268050431 0
5684 -1.772083706377703 1.144460950008259 0
5685 -3.195980991106 0.5187225275155768 0
5686 1.44183395164054 0.3978739185770185 0
5687 -2.05103861240269 0.1613051935688669 0
5688 2.629411254095814 0.1704682276404512 0
5689 3.508454091522438 1.300483591913501 0
5690 3.556998533935625 1.21781434050511 0
5691 1.553571538091781 0.3760522144819703 0
5692 1.541579796347695 0.4116988702655283 0
5693 8.582998968496634 0.6610586403874306 0
5694 8.692505621847246 0.7355498138740683 0
5695 3.11648717005241 0.2360823760490476 0
5696 -4.757240094943988 0.2800052993185606 0
5697 -4.688063055389205 0.3140416424180494 0
5698 -4.754507125579172 0.3571308624618695 0
5699 -1.460050687462923 0.4035328896469259 0
5700 -1.468879289572492 0.368702243691352 0
5701 4.208392820830341 0.3281483928568915 0
5702 5.950638587979229 0.7415217887567842 0
5703 6.034651897104313 0.8036059787977838 0
5704 3.810510193362163 1.907677494894954 0
5705 3.868304802274595 1.805010664257331 0
5706 3.927712450861141 1.897333169362377 0
5707 7.514389186599558 0.2648301944948503 0
5708 7.586608214606937 0.1722842773722481 0
5709 1.467816967650007 0.4274355748696722 0
5710 4.266801847419588 0.67241269941587 0
5711 4.2491042066065 0.7506621094476817 0
5712 -5.653891607719721 0.7282445836753193 0
5713 -5.570821563166323 0.6784271814632101 0
5714 1.654548926117943 0.6796781153680772 0
5715 -1.389979423594429 0.4238368022377562 0
5716 -1.364635135872086 0.3992852020724784 0
5717 6.822207536466722 1.89049727140646 0
5718 6.95701389832228 1.872536353320996 0
5719 -5.827909806472695 0.6290245189492524 0
5720 -5.829156125951202 0.5323167206165258 0
5721 0.9718577291861512 0.8390441644408158 0
5722 0.9443215625551706 0.8357317267719451 0
5723 0.9694460590634045 0.8061863714132296 0
5724 -11.23901071499976 1.727856461425677 0
5725 -1.025827348399453 0.4399040982381306 0
5726 -1.009173507679877 0.4229257025565295 0
5727 3.91771335713818 0.194406778782373 0
5728 3.977154434463108 0.2403549025801356 0
5729 -1.844545827539331 0.1386477565957197 0
5730 -1.817705008147782 0.1186648866778104 0
5731 1.32834727008242 0.2561084663447589 0
5732 1.318560095367822 0.2845934005247961 0
5733 -4.393209606428428 1.899391471819639 0
5734 -4.276450692534194 1.899521385769338 0
5735 -3.402699598379431 0.2639708933903651 0
5736 3.62215813558015 0.5222918173662168 0
5737 2.469423124255771 0.2428380165370693 0
5738 -3.375007528204294 0.5155995800250714 0
5739 9.494722504294149 1.867446878446082 0
5740 9.653775013600427 1.859100417605464 0
5741 -3.391974627933556 0.388550814030321 0
5742 2.917538199665097 0.251679280677764 0
5743 2.903032279075886 0.3010235292739512 0
5744 5.74954188058377 1.883457225438102 0
5745 5.806596043554757 1.779920171472442 0
5746 5.879133615025975 1.89646294603434 0
5747 -2.687988426249393 0.1946842066315739 0
5748 4.720626905239499 0.674127827256676 0
5749 4.703529160275364 0.7577225343774836 0
5750 -3.82727487654224 0.5744530906346796 0
5751 4.751413692383974 0.5014554920761463 0
5752 6.545399131327068 0.5018172569637925 0
5753 6.644853541933484 0.4614853629548485 0
5754 6.62817753218805 0.5604349051194363 0
5755 -3.533756577431934 0.7795422833713764 0
5756 -3.47191764772605 0.7372698921164514 0
5757 -4.037958712452608 0.4888007826328679 0
5758 -2.798270282452965 0.403347491628832 0
5759 -2.778579745801075 0.5157330315611736 0
5760 3.266044889920422 0.2333783261988131 0
5761 3.320852296555695 0.2144683544799075 0
5762 3.308940113657198 0.2705515541856366 0
5763 -1.174886981111388 0.09893771582562658 0
5764 0.645143592250772 1.164569467144301 0
5765 -2.646134287983887 0.1772799511171264 0
5766 1.216570438646144 0.4130684445786101 0
5767 1.3848438705841 1.704267128578387 0
5768 4.737141829135118 0.5899362290578098 0
5769 -6.36763293479533 0.7162026448917137 0
5770 -6.367692113614236 0.6113785942918033 0
5771 -6.276639662480796 0.6649803840062039 0
5772 8.490271443499282 1.476360741774135 0
5773 -1.223054789701181 0.2726617236226117 0
5774 -1.195922166483447 0.2814584241475385 0
5775 -1.172781969597197 0.3616283353492276 0
5776 5.430667499091999 0.4120653734035338 0
5777 0.7208247981616731 0.8283972975835678 0
5778 0.748561517541074 0.8252287400825091 0
5779 0.31233473128017 1.080214597719117 0
5780 0.2816015556759296 1.074485137650286 0
5781 0.8210471084603495 0.7609717209720089 0
5782 0.803244181357041 0.7384743839204804 0
5783 -3.357152908368392 0.6495481524034676 0
5784 -1.257073699420199 0.2367769747588957 0
5785 -1.263490296098842 0.2100519658148611 0
5786 4.091017572792129 0.7989256340162636 0
5787 4.028879580889583 0.7463520933630361 0
5788 -1.120414884195633 0.3713325699111975 0
5789 0.8102877862464372 1.943693947630479 0
5790 3.6483293179265 0.2240882492795742 0
5791 3.695453013828462 0.2629654900780444 0
5792 -4.025506514532547 0.6384422303655611 0
5793 -1.244229486878401 0.2912053179832088 0
5794 -1.251637283495498 0.2636380960980206 0
5795 -0.1578064766833221 1.636662906750717 0
5796 -0.2224091554199988 1.630859882858341 0
5797 -2.757411213583895 0.63424869963539 0
5798 0.9364920530229219 0.7554402448129505 0
5799 -10.86355482821739 0.3553950724546707 0
5800 -10.86902974476256 0.5075961113074807 0
5801 -10.99939611957786 0.4202507181045874 0
5802 -2.384924124469606 0.5913069695283648 0
5803 -2.909384970895796 0.7577498921661727 0
5804 -2.85556268210836 0.716945630222124 0
5805 2.425039776800664 0.1460118134328841 0
5806 2.427777567565915 0.09982770772354065 0
5807 4.460773407499403 1.340638293241044 0
5808 1.157954592957281 0.4202507476751802 0
5809 1.102967744457082 0.4254984772812332 0
5810 10.81175264314718 1.856860529033674 0
5811 10.89885273654138 1.691471924640389 0
5812 10.98620364923774 1.834611395606716 0
5813 -1.043899542224702 0.1867261689227118 0
5814 -1.035799038398117 0.2029937934472885 0
5815 -1.058406480573113 0.203445962374658 0
5816 2.309450507622218 1.203934708245631 0
5817 5.706529634919637 0.6552411206390628 0
5818 5.689062512656816 0.7512261499457609 0
5819 1.093848366279095 0.6834368929007957 0
5820 3.359191462398579 1.905153922855666 0
5821 3.412698263976417 1.807110854286094 0
5822 3.473126435260367 1.901956931430428 0
5823 -3.455946687288902 0.3044300765753721 0
5824 -3.458314808382458 0.2417302620906456 0
5825 -3.221625281355661 0.4560877551506016 0
5826 -3.153513737421366 0.4774821950494521 0
5827 -2.563817589217818 0.382791616175141 0
5828 -2.512902642940297 0.3975727018372388 0
5829 -0.2755154294810852 1.075015181639836 0
5830 -0.3042542598018794 1.0788214789045 0
5831 0.5005593127568135 0.9978516969899204 0
5832 0.4884869768306903 0.9726650471514158 0
5833 5.771197905508791 0.3066555377346564 0
5834 5.766856897954161 0.2121810529930089 0
5835 -0.1224932952429697 1.921370910958826 0
5836 -0.7635367146840532 0.9095561087483965 0
5837 -7.66322072728424 0.2700482887708418 0
5838 -7.597749263304529 0.1737540793899656 0
5839 8.178540064653973 0.3919414692336353 0
5840 8.287984936545353 0.3350492326028728 0
5841 8.271190403424992 0.4552163944587787 0
5842 6.295425426671315 0.3998134924478258 0
5843 8.251361373194538 1.870028501574009 0
5844 8.414513487591904 1.870347332376922 0
5845 1.374967172140346 0.1933311184374517 0
5846 1.403388565152481 0.1862505968388079 0
5847 1.394629643269008 0.214228011112536 0
5848 3.224016765284857 0.1985192684625235 0
5849 -8.410797668453009 1.875137225037913 0
5850 -8.33964554266031 1.751598016439748 0
5851 -8.266869188010606 1.876460791401836 0
5852 4.411902661328181 1.094835802508179 0
5853 4.34016025107317 1.030288801712576 0
5854 0.014583284386332 1.187901392365451 0
5855 -0.01979533393160721 1.187694661085829 0
5856 -7.349588590745995 0.7888063434219661 0
5857 -7.242960229312417 0.7346607299000656 0
5858 -1.231117449373041 0.4308983185799735 0
5859 -6.444578559360123 0.3656967420668385 0
5860 1.700231954253094 0.1425852688136767 0
5861 -1.806174676862093 1.918843829675828 0
5862 -1.753393868687681 1.838910300185324 0
5863 -7.550719117663756 0.6635562122551724 0
5864 -7.542135703799967 0.550537324535455 0
5865 -1.192329435845369 0.1151732883702673 0
5866 -1.198062691946938 0.09186677064778051 0
5867 -11.68287573608386 1.855717284422198 0
5868 -11.58828428621231 1.69604128006139 0
5869 -11.49756341294719 1.840323995639192 0
5870 -1.561086277180819 0.8899730559707208 0
5871 4.804246626951643 0.6459558613464874 0
5872 4.871087374784821 0.7020491282581368 0
5873 2.255474170458378 0.5109013803226271 0
5874 2.285731367969174 0.4145135443430199 0
5875 2.709155555687294 0.5012474886041721 0
5876 2.7647326411903 0.4889779043182663 0
5877 2.748204471064883 0.5435837837590162 0
5878 -6.421998479636426 1.886221429317905 0
5879 -6.362200091745238 1.758274112693036 0
5880 -6.290553170947136 1.872052683375131 0
5881 -2.259785607581491 0.69291149434487 0
5882 3.946565292895453 0.4996793843931442 0
5883 6.614066450385746 0.6659624314896977 0
5884 6.598492629315631 0.7731792694547979 0
5885 -1.321931231773936 0.1676442531891027 0
5886 4.987320689558601 0.4209420772289881 0
5887 1.41429139863984 0.3106741691107702 0
5888 1.445046146378049 0.3301824294059684 0
5889 9.285258239919859 0.3251025204666203 0
5890 9.145038762743742 0.3405340308596403 0
5891 1.929015051488968 0.1500583240623689 0
5892 0.7073975346380337 1.023590393085483 0
5893 -1.189250951994961 0.5241249399338337 0
5894 2.409974448543392 0.2996528355861164 0
5895 7.415979259187877 0.5266519068500196 0
5896 7.435155081885224 0.4135180449699888 0
5897 7.528581956888209 0.4746667566710685 0
5898 1.895135493225517 0.6761295885163683 0
5899 1.93395102157989 0.7180681964679453 0
5900 0.8333847173807503 0.9841339511315468 0
5901 -1.087592643339078 0.1263494195577723 0
5902 -6.455369920587254 0.559660113492758 0
5903 -1.40854727400534 0.1159494657244741 0
5904 4.37558380021285 0.4941068626192888 0
5905 0.7939612129525669 0.8412002573288021 0
5906 1.874168007844682 1.113079329476825 0
5907 4.34766230027854 0.2910576947162647 0
5908 4.403018851032561 0.3393835119732929 0
5909 4.953671364787662 0.2159983321795588 0
5910 5.013073070527948 0.2651702473696007 0
5911 2.199773903753858 1.920209595479107 0
5912 -2.309796740640659 1.91037899994375 0
5913 -7.147616986664683 0.9138400703874123 0
5914 -7.144374534157286 0.7976357307409279 0
5915 -14.89136289636224 0.3629019158922468 0
5916 -14.63682810953129 0.2903134112363648 0
5917 -1.319498652085419 1.045917400562032 0
5918 3.975856061342437 0.3652600685019131 0
5919 7.192034658916704 0.7280302461896462 0
5920 7.20426925325606 0.6159740949165908 0
5921 1.038114935147089 0.4468991451380856 0
5922 1.055861964476882 0.4246632998791742 0
5923 3.915175147558852 0.6406863961636315 0
5924 4.344801427084382 0.6477874389089042 0
5925 2.223494543125775 0.6119183157109109 0
5926 -0.9950289405019306 0.3473743103584648 0
5927 -1.002204247951269 0.3280064613453496 0
5928 -0.9809113591061739 0.3280238680543749 0
5929 -8.200264285237882 0.743595597212418 0
5930 -8.190854986609903 0.6224308974600671 0
5931 -1.714356003054065 1.770713581261028 0
5932 -1.701338985152298 1.701288508375216 0
5933 -1.637021980135821 1.77070786813318 0
5934 2.932344252432263 0.1969066907796224 0
5935 1.090859230077654 0.1227855068333358 0
5936 1.097517122851675 0.1010045164968747 0
5937 1.111542960892617 0.1183314879239413 0
5938 1.163103011114943 0.6763784601524386 0
5939 -9.085685564861041 0.428348523345802 0
5940 -9.145039893654445 0.3021037973925578 0
5941 -1.477708608596451 0.6844113439711128 0
5942 -0.3720910307027777 1.043650866700383 0
5943 -0.400120102030257 1.041906904689941 0
5944 2.825153252518819 1.9169415751246 0
5945 2.931604621062107 1.9169415751246 0
5946 -2.929997837340441 1.913601914630145 0
5947 -2.823546468797473 1.913601914630145 0
5948 -5.976630322290927 1.457077770098316 0
5949 -5.858247402671405 1.476721677209252 0
5950 1.910238828379933 0.2210838646238241 0
5951 -6.184490686465272 0.5129375042309547 0
5952 -1.288918866185668 1.472562848060403 0
5953 -1.347995758319199 1.515746202323145 0
5954 -1.367927433409513 1.452409453386866 0
5955 -9.261848583156116 1.301181158020893 0
5956 -9.370206135368909 1.345268194967148 0
5957 -9.365931684301604 1.193231776212247 0
5958 -0.828296222576351 0.9058508160925449 0
5959 -4.095261180800263 0.6065028897020572 0
5960 -4.161179652769821 0.5751122828990426 0
5961 -4.098057754770656 0.5304225048590533 0
5962 -3.592573684837132 1.900136679449438 0
5963 -3.480898021882932 1.900136679449438 0
5964 8.949568632698316 1.735223473894373 0
5965 9.032622819756579 1.587965387825243 0
5966 -0.9855115943085893 0.6097298860275052 0
5967 -1.000607970311488 0.6377392561363133 0
5968 1.355689892916267 0.1720553291551014 0
5969 -1.254093616987425 0.6656703415326417 0
5970 -1.73151876947571 0.7943665423167521 0
5971 -1.745966640713557 0.7435988285391594 0
5972 -6.435535067700911 1.451119542659063 0
5973 -6.524108705791996 1.542270048400496 0
5974 -8.882764476508481 0.829985941473604 0
5975 -8.758528864773954 0.7758535702446672 0
5976 5.751793607428425 0.3789529248075201 0
5977 5.823013261280128 0.435533828430824 0
5978 0.9063716316188801 1.212222004808286 0
5979 1.096253538899326 0.1629660722076554 0
5980 1.120049634633728 0.1572651667631795 0
5981 1.143576300179897 0.2157110197403417 0
5982 5.491571802222956 1.895942392367359 0
5983 4.04301259734102 1.897333169362377 0
5984 -3.920669704743554 1.893069144165299 0
5985 -1.073999848806 0.1680549164904808 0
5986 -1.087966356796327 0.1841218227242883 0
5987 1.313753988535724 0.6614628156098392 0
5988 -1.212392694992862 0.4060956616447227 0
5989 -1.201910385768829 0.4354126564005151 0
5990 -8.11800099637021 1.876460791401836 0
5991 -8.046357498161232 1.742990799677754 0
5992 -7.968641432313535 1.866530008275918 0
5993 1.514660166556807 0.9354545295567365 0
5994 12.29126359905741 1.710607876619989 0
5995 12.14587212942236 1.578555909167519 0
5996 12.33619986108792 1.548550622177422 0
5997 1.92832519337575 1.701136382825567 0
5998 8.036081578360236 0.6852041752156556 0
5999 8.023624039191654 0.8059173206457556 0
6000 -1.087646174027816 1.499435652413948 0
6001 -1.158237731614874 1.494384353958919 0
6002 11.96521009820352 1.630348064010955 0
6003 0.9989812656391888 0.7510654799542542 0
6004 1.029826729408936 0.5701499608741321 0
6005 -2.538086140470801 0.2982424051668828 0
6006 -2.575961551347593 0.3301920771718698 0
6007 4.514796427730914 1.897316799821767 0
6008 -4.512251945068266 1.899391471819639 0
6009 4.468922728273991 0.7576683451605719 0
6010 4.536082840070579 0.8124133984249629 0
6011 -1.187688773638282 0.05507563603068595 0
6012 -1.17015923629683 0.03671907520744574 0
6013 -7.636957320467068 0.483938861105187 0
6014 -1.019874980294524 0.2631371046221961 0
6015 -1.014497565850583 0.2844553583770139 0
6016 5.795913282059641 0.6210011762075558 0
6017 -4.162410330348536 1.437862856872678 0
6018 8.26422936131539 0.5809070447202793 0
6019 8.373674233206772 0.5240148080895168 0
6020 -1.109681818933589 0.6887571549819925 0
6021 -1.503030109916188 0.3588161041865817 0
6022 2.115162163487076 1.177501224707797 0
6023 -4.088628412531714 0.6831320084055504 0
6024 2.122956739909862 0.4958492405360992 0
6025 2.81530515512496 0.475913563958464 0
6026 2.776256239747371 0.4335772688036199 0
6027 -1.416645995066746 0.4492065935198918 0
6028 -6.543761794597367 0.508268642937218 0
6029 -6.627520881856654 0.4514051359378852 0
6030 -6.535813542505023 0.3998558648088701 0
6031 0.1741525049717472 1.12700842004776 0
6032 0.1426807178225817 1.127062224272058 0
6033 1.191927389448989 0.2073646119436809 0
6034 -1.120566399854267 0.9401263913743922 0
6035 -1.145365305692413 0.985787401591581 0
6036 0.3630178085356199 1.638607178317653 0
6037 0.3028603640508596 1.639114599194103 0
6038 -1.013056793461198 0.09103654597505662 0
6039 -1.014279502667296 0.0707711466617961 0
6040 -4.503758542906386 1.701124736860944 0
6041 -9.671729452626147 1.582793181966177 0
6042 -9.592714951376536 1.720278992013979 0
6043 1.083503870299622 0.0860533536768395 0
6044 1.104187601114584 0.08159933476744499 0
6045 -1.017606284960085 0.7648483075120085 0
6046 -0.6717655738768251 0.9711413003383469 0
6047 -1.428656657575924 0.1344380210255789 0
6048 -1.435067059982016 0.107990208268029 0
6049 -13.52357360032055 1.837132249628544 0
6050 -13.33573836015397 1.839803017909586 0
6051 -1.066524111794452 0.4243219336270936 0
6052 -1.068937931743623 0.3991604255996664 0
6053 5.120948976128237 1.903128220872411 0
6054 -5.242484048667981 1.88859529759996 0
6055 8.872006514092305 1.868307413843552 0
6056 9.025512648528132 1.866916060050822 0
6057 6.713520860992162 0.6256305374807537 0
6058 13.32855624788127 1.849165408669795 0
6059 13.42084565132642 1.684302379075034 0
6060 13.51708552066299 1.835136970405239 0
6061 7.693962740615619 0.8401327243060615 0
6062 7.794986658133388 0.9086517646337167 0
6063 7.310440921865144 0.573714085438029 0
6064 7.403867796868129 0.6348627971391088 0
6065 1.589985681665826 0.3677434210584402 0
6066 -2.367719958981477 0.1581676304726673 0
6067 5.620604110636211 1.883457225438102 0
6068 -1.764312169491042 0.6415339259506624 0
6069 -1.714050121812618 0.6616507367900522 0
6070 -1.758426240728018 0.6875903971785353 0
6071 -8.292812275563005 0.5456602887972146 0
6072 -0.9236140826596965 0.8384482676467727 0
6073 -0.2988707950946005 1.742163611435281 0
6074 1.236373462614064 0.6691936892066601 0
6075 -5.979686417883179 0.3362419824199986 0
6076 10.93669251085677 0.7249195991083499 0
6077 11.06664823423039 0.8083445168572144 0
6078 10.92485816379854 0.8774252747615042 0
6079 -7.986420459600929 0.8816641965732073 0
6080 -7.871726894746818 0.829411681441736 0
6081 7.968604224875799 1.426636006356583 0
6082 7.864657398097304 1.485634626402283 0
6083 -6.547077259938884 0.6112093846217732 0
6084 -9.500787053903171 1.863597277934624 0
6085 -1.402392859077989 0.5238198213921348 0
6086 -5.69280829503302 0.2139911921469491 0
6087 -5.75948163079512 0.2085151874110432 0
6088 -5.718105093418105 0.1312226548479504 0
6089 -10.65835567732206 1.847991056294636 0
6090 -10.56309045921442 1.701437781667195 0
6091 -10.46552592152043 1.853446725372559 0
6092 -6.186333032761517 0.6140453061834332 0
6093 -1.096884778693884 0.9053327709030208 0
6094 1.548832861269046 0.8370934891881002 0
6095 4.989183505015872 1.89921088298113 0
6096 5.049487699143156 1.802339103853541 0
6097 2.233877267211934 0.2191007566552826 0
6098 10.47868302737578 1.849952654961251 0
6099 1.964797458690491 0.1410650288232053 0
6100 1.956194038757286 0.1752933928843654 0
6101 -4.565200467604072 1.799304615693857 0
6102 -4.617370604445528 1.701646408915522 0
6103 14.79960908363078 1.382438827993415 0
6104 -9.669603392482728 1.856681714079355 0
6105 6.010147100505208 1.89646294603434 0
6106 -5.889314411196416 1.888307248826996 0
6107 1.684538551045748 0.1764315927651077 0
6108 -0.5749399744435135 1.024083320342407 0
6109 1.1543462000066 1.0906092411786 0
6110 0.08248746815010402 1.188915763683986 0
6111 0.04934854367676863 1.188957383108838 0
6112 10.56048832277986 1.706813183994925 0
6113 10.64679949017268 1.570156799014859 0
6114 -4.725563758125819 1.699111207246181 0
6115 -4.794646245200875 1.796943665464207 0
6116 -4.841397474183481 1.696228584961954 0
6117 -1.481331576480867 0.6499258781872248 0
6118 0.2487403254046676 1.00622787783995 0
6119 0.2680675425093992 1.025714540352668 0
6120 0.2479152696685107 1.030704995273851 0
6121 1.426059040213111 0.1046738645445771 0
6122 1.446499071355859 0.1237455448110624 0
6123 3.193916253800756 1.101943975047615 0
6124 3.172339041644992 1.176300615154052 0
6125 3.115899367164094 1.121575458005792 0
6126 -1.088733950847133 0.2289230114404702 0
6127 -1.070684133481971 0.2155810955998579 0
6128 14.45367163443525 0.8704592436970466 0
6129 14.21510973989595 0.8524281230227606 0
6130 -4.60581098457109 1.50912873384963 0
6131 -1.179811394398065 0.6795891331307679 0
6132 11.1580829990694 1.834611395606716 0
6133 6.684764387508165 1.89049727140646 0
6134 -0.7148758221872842 0.7448256494241716 0
6135 -11.86033359393369 1.855717284422198 0
6136 -10.61026914063094 0.5246226329409762 0
6137 -10.59309604880392 0.3670373843193793 0
6138 -10.47017673603277 0.4489195516027914 0
6139 -0.3668715775577706 1.402525017302804 0
6140 -0.4183656350449565 1.395827385924358 0
6141 2.299766580181253 0.6946881611336966 0
6142 2.342010933769028 0.7365392782536548 0
6143 -0.4132060560200572 1.068892503788459 0
6144 10.64259643504674 1.856860529033674 0
6145 0.9987081938538845 0.1938229715812958 0
6146 1.01363419434977 0.2074132081327847 0
6147 0.9947166525385034 0.2136159303258174 0
6148 -5.488847033271865 0.6268129017153455 0
6149 8.150105677853578 0.6331983584621261 0
6150 8.252589507635356 0.7019967720928642 0
6151 -5.173554728922708 0.3721803294828307 0
6152 -5.171903832335209 0.2950405820067985 0
6153 0.8608152823881022 0.9171626384375178 0
6154 -1.382675406516273 0.6011485876223488 0
6155 6.888571704294607 0.754340335774097 0
6156 6.980745055384387 0.8192547010992492 0
6157 0.4010070427392132 1.019702945840137 0
6158 -4.11427975051016 0.2477822735685204 0
6159 1.922706743304984 0.05612831864512274 0
6160 1.947714450992107 0.08557138062637029 0
6161 8.047721432040269 0.5641144478430706 0
6162 -2.318499909020571 0.4224863275353503 0
6163 -2.313285612258827 0.4724220412679293 0
6164 -2.354900157517089 0.456009061573553 0
6165 11.20890489351865 0.7323024552471424 0
6166 11.21364186653148 0.5765046702546579 0
6167 11.3440641787615 0.6529682842977402 0
6168 -6.725863132326634 0.3361238205305264 0
6169 -6.766666881689538 0.2439478996164132 0
6170 -4.862656423365308 1.89703052158999 0
6171 -1.28950206280432 0.2022382746370142 0
6172 -1.164246219015643 0.3889765966690082 0
6173 -1.191721381970204 0.3832617381454836 0
6174 1.431289162733145 0.1796794361159135 0
6175 0.57544833247265 1.022348751033011 0
6176 11.26746666907574 1.676564714747802 0
6177 11.35224592551321 1.841953319141087 0
6178 1.234880937239805 0.4375333348994949 0
6179 1.204703811355509 0.4413481576290856 0
6180 6.842986043379758 0.3713872340701314 0
6181 6.856449467910503 0.2690652144658215 0
6182 -6.950187411448372 1.643439456981504 0
6183 -6.805388181075806 1.659754933770567 0
6184 3.36245742883366 0.1237390706782834 0
6185 3.331233896637816 0.16942706090367 0
6186 3.309180605014763 0.1316071362676974 0
6187 11.19707054646041 0.8848081309002966 0
6188 7.096669716349896 1.872536353320996 0
6189 7.675929075835731 1.8753243461688 0
6190 -7.528170948640606 1.889638709456147 0
6191 -4.664121833428133 1.600931328413268 0
6192 1.419220118550125 0.4706673246195236 0
6193 -2.594909056901003 0.6301952908451538 0
6194 1.357182560916052 0.2497509178795808 0
6195 1.789585267861617 0.1205685152484377 0
6196 1.80430461588951 0.0895744585626958 0
6197 -4.102810429413439 1.52824364061426 0
6198 1.651582699715229 1.042835834556191 0
6199 1.595867878612997 1.009973064029726 0
6200 1.66201689706215 0.9915240130555296 0
6201 1.394809849413475 0.5427116015190059 0
6202 8.102493181554513 1.870028501574009 0
6203 -3.461340113793527 0.18930464922809 0
6204 -3.482715220982654 0.1343648389590146 0
6205 3.575781393111576 0.4731117193339873 0
6206 -12.36441041821567 1.552499634423224 0
6207 -12.18631964334016 1.556507342908362 0
6208 -12.29814045548819 1.703387209939051 0
6209 1.339729448894582 0.3073088725589366 0
6210 4.834459019927961 1.313027897699145 0
6211 -1.352967463549602 0.8329973986690027 0
6212 1.351848067750298 0.1034701945840107 0
6213 4.7321133681233 1.345869697299394 0
6214 -13.71578271389518 1.837132249628544 0
6215 -4.620740365612491 0.351598990154758 0
6216 -4.623473334977307 0.2744734270114491 0
6217 13.70929463423696 1.835136970405239 0
6218 -8.562062428151595 1.875137225037913 0
6219 -12.03356012956554 1.853697459212094 0
6220 -11.94682314498083 1.709414743634292 0
6221 -0.2884442635941236 1.625604733039534 0
6222 -0.344167477575945 1.614884042865878 0
6223 -0.3028925571837424 1.55855282988343 0
6224 2.757631533274475 0.1696394493238229 0
6225 2.792692462454266 0.2003588786230108 0
6226 1.203605482260987 0.05460276279104716 0
6227 0.04762864376394961 1.253763293478964 0
6228 -1.555533984035912 1.728027384674322 0
6229 1.142906273268495 0.1518116642708815 0
6230 1.179704692939725 0.8290999492255731 0
6231 1.228942469697309 0.8251810416608916 0
6232 -1.278248396597419 0.2553205691194929 0
6233 3.506944544168984 0.4850632274345932 0
6234 -11.43169549186899 0.3633663054947863 0
6235 -11.27086836197839 0.3514891517690797 0
6236 -11.38447557967613 0.4683288611543835 0
6237 10.27568931301067 0.6320876833565967 0
6238 10.40724627047139 0.5649526743499815 0
6239 10.40655048186987 0.7087892434292111 0
6240 -9.929357669652944 0.1266126568315448 0
6241 2.74389818985952 1.341981499970406 0
6242 2.663302308215873 1.357767169334626 0
6243 4.464771836836205 1.717801182873355 0
6244 4.568214848584882 1.647931868433066 0
6245 -1.22153001571333 0.08557571143110267 0
6246 -1.204087560979349 0.06934013888646198 0
6247 -1.210131602988186 0.1321821774557968 0
6248 5.343718747195688 0.4430137904763584 0
6249 9.181686810620015 1.866916060050822 0
6250 0.5150064399867971 1.022348920261 0
6251 -0.3158288834679246 1.108593683071639 0
6252 -9.118039675337407 0.8134746785379228 0
6253 -9.102820300245932 0.6779056174783771 0
6254 -12.39196553284408 1.849689750726957 0
6255 -12.21387475796856 1.853697459212094 0
6256 -4.36215045954698 0.3360074968656414 0
6257 -4.363980696109863 0.2618028677923599 0
6258 9.33017232053693 1.61928992842075 0
6259 0.4348556160673976 1.637598854787686 0
6260 -0.4754343547353879 1.073813276579797 0
6261 1.127741706753363 0.1346589757681044 0
6262 1.280279571968263 0.0772641829026976 0
6263 1.27113174696326 0.05328102420671153 0
6264 0.6394367928519917 1.022920166103628 0
6265 2.731199051032069 0.6006273991944147 0
6266 2.707939176408866 0.6581679723732601 0
6267 11.47963380315804 0.7324886167251572 0
6268 -4.878703745030025 1.592357969639739 0
6269 -1.106725431395322 0.5163023698559419 0
6270 -9.022214900360908 0.1077328768158209 0
6271 -9.146903901969367 0.1077328768158209 0
6272 -0.002319343603371628 1.318266870558333 0
6273 0.2302325268985488 1.076519185001441 0
6274 0.2173798532048882 1.099176883477827 0
6275 0.3660463949655053 1.334493297331504 0
6276 0.3199120420849121 1.336333142955415 0
6277 -9.83084630178368 1.856681714079355 0
6278 3.397938414435598 0.5918976031118448 0
6279 -1.388304020446857 0.8329328572202426 0
6280 -3.822196083910328 0.6526418366011544 0
6281 -4.698312951574966 1.317854038250072 0
6282 -0.08526545297859306 1.03075403928942 0
6283 -0.1008884497416394 1.04715083070237 0
6284 0.07413785321366662 1.084629086691094 0
6285 0.1047314600810513 1.082285647107868 0
6286 -10.29904970432703 1.853446725372559 0
6287 5.228806060581354 1.276813163991223 0
6288 5.257438091003792 1.175586864063218 0
6289 5.155908420664918 0.2032176496613279 0
6290 5.08131954147617 0.2362523461686836 0
6291 5.101415807161782 0.158238365624616 0
6292 -4.103877184422167 0.4574101758298532 0
6293 -4.168964671780396 0.4269882211884615 0
6294 -8.308881044507576 0.09815617851032454 0
6295 -8.424258322583732 0.09815617851032454 0
6296 -0.4703529001809777 1.38865307344361 0
6297 -0.5213453633489392 1.381360307088012 0
6298 -1.817710873704159 1.76949094042736 0
6299 9.175824947323221 1.618759110025491 0
6300 9.257422140347849 1.734362938496903 0
6301 1.193344080774081 0.4667035436973684 0
6302 1.175033582180419 0.4422386533764837 0
6303 -2.039019602702105 1.080088439415167 0
6304 -2.100490435793704 1.06398329624852 0
6305 -2.494404153544806 0.3136608969185124 0
6306 -2.503468138273198 0.2653287471587332 0
6307 -1.398410603496713 0.2430147966081707 0
6308 -10.827511885423 1.847991056294636 0
6309 -11.32291710928497 1.840323995639192 0
6310 11.52689222917488 1.841953319141087 0
6311 -2.971297315716236 1.059154758621393 0
6312 -2.899283408054742 1.082511460054002 0
6313 -2.95019932606624 1.134125666580864 0
6314 -5.828825513471958 1.783802154685445 0
6315 -3.505137784208895 0.342196838449107 0
6316 -3.449522574205869 0.3644374697488265 0
6317 5.104997542947421 1.408990069668853 0
6318 5.001484792874273 1.442679854674806 0
6319 1.474832832499674 0.116857489946879 0
6320 1.467861050328962 0.1453233278537512 0
6321 1.135654596603245 0.04902444285532472 0
6322 0.2344652960472405 1.125203339044371 0
6323 0.2051135021016199 1.126000960750838 0
6324 -4.233641644225981 0.395779715303566 0
6325 -4.297089246870951 0.3669311114650878 0
6326 -3.139827011824637 0.378665445364071 0
6327 -3.190223110945222 0.3563102946785655 0
6328 -3.150892095098832 0.3201283173581595 0
6329 -5.653031835671414 0.8274214752858102 0
6330 -5.738932656977848 0.7795163678252084 0
6331 -1.756383523550098 1.203806785090959 0
6332 -1.706936646317136 1.160458973770107 0
6333 -4.890497716116552 0.3630755216420065 0
6334 -4.961452415654597 0.3241385793527208 0
6335 -4.894638864672 0.2841575770730949 0
6336 -5.826590063931086 0.7293278811526767 0
6337 4.903098097720173 1.477440444796854 0
6338 4.800752445915512 1.510282244397103 0
6339 4.817148358701264 1.408774059039178 0
6340 -13.90705384822508 1.837822311614629 0
6341 -13.81362221775866 1.674954561243173 0
6342 13.90214678082861 1.831214840111671 0
6343 -8.41135787942908 1.621676521827021 0
6344 -8.267429398986677 1.623000088190944 0
6345 -7.037190194830194 0.08769186552951891 0
6346 -7.135978286868966 0.08769186552951891 0
6347 -0.966225093848247 0.4963650593120146 0
6348 -2.850570371429786 0.3843989879024968 0
6349 -2.902987391844071 0.3656043722716604 0
6350 10.90709539498584 1.210656948187649 0
6351 -6.369445600688361 0.8224999023441945 0
6352 -6.460498051821801 0.768898112629794 0
6353 -0.5734980518384679 1.374105224402646 0
6354 -0.6247817423693516 1.360904873763209 0
6355 -3.559954370884547 0.3181881335656562 0
6356 -3.611715735374155 0.2963048783039149 0
6357 -3.563323261781536 0.2603061900139113 0
6358 4.689183050887534 1.548255414701191 0
6359 4.584471746537626 1.578482784134008 0
6360 -3.937809918062735 0.8254673647182871 0
6361 -4.010249992105623 0.7943746757842279 0
6362 1.503549857904238 0.2645091600466023 0
6363 1.536199354173365 0.2571071047668319 0
6364 3.528429007004341 0.4192333307924693 0
6365 4.232361496777908 0.269661145376558 0
6366 -3.27062390937448 0.8156745137816732 0
6367 -3.337268838411302 0.789854462519352 0
6368 -9.140702127982557 1.222875161346784 0
6369 -9.14497657904986 1.374911580101686 0
6370 -1.136500125190046 0.3920960606078454 0
6371 -1.155439537563053 0.4137294634041013 0
6372 13.24645972825789 0.6055598056428586 0
6373 13.17473639695907 0.4237694348280888 0
6374 2.907941636764114 1.309170531262107 0
6375 2.826065610073245 1.325376860466815 0
6376 -2.511338766483644 0.2227793128620675 0
6377 -2.519203293332178 0.1743518679147573 0
6378 1.7378266329777 1.827547072953317 0
6379 -2.424808798594309 0.2534229644476107 0
6380 -2.467656779557649 0.2381978046136971 0
6381 -2.432679426804755 0.210873530150945 0
6382 -0.8843097969412648 0.6364736189423951 0
6383 -2.339205074968154 0.2846451120457512 0
6384 -2.382286847443452 0.2694536432179128 0
6385 2.231820805334308 1.710920878318642 0
6386 2.212585731445041 1.646974911051476 0
6387 1.049129909943126 0.1951076358284005 0
6388 1.068629711228554 0.1817977407534312 0
6389 4.680099942474496 0.2951555189879594 0
6390 -7.353168180071951 0.9078203082893036 0
6391 -7.454173763713178 0.8453284221232382 0
6392 -2.254850091877956 0.3182348468580561 0
6393 -2.29690937369992 0.3016272738573247 0
6394 -3.87414967383527 0.2330735010607818 0
6395 -2.954588544972211 0.346382801199264 0
6396 -3.006488800091241 0.3274765764742189 0
6397 1.762260365573578 0.1008873632474591 0
6398 -12.57518292818543 1.849689750726957 0
6399 12.39464558302832 1.840301294814946 0
6400 12.57786297836908 1.840301294814946 0
6401 -13.14657450432261 1.839803017909586 0
6402 13.13939239205054 1.849165408669795 0
6403 -1.424438266042043 0.06617857400814675 0
6404 -1.406605720059296 0.04387761513716197 0
6405 -3.058478013968211 0.307852311630878 0
6406 -3.107653525116731 0.2886311304100341 0
6407 -11.72775866174645 0.7127892922290378 0
6408 -11.56889355614977 0.6432710843430779 0
6409 6.25453758996326 1.892102552879077 0
6410 6.264017276475846 1.74934150157814 0
6411 6.359831245366221 1.857238948699063 0
6412 -2.673927799997275 0.7782336173444323 0
6413 -2.733957622952213 0.7584270523065406 0
6414 -5.144191180014939 0.9151985361634494 0
6415 -5.227773006366451 0.8692164331925785 0
6416 -6.185460852813642 0.9316389028983639 0
6417 -6.277128615517576 0.8772315031933 0
6418 -7.555739009230621 0.7821487567027471 0
6419 -7.655863952507155 0.7193905117020185 0
6420 3.425645333074755 0.6541564367957318 0
6421 -3.566348567192605 0.2078805771513557 0
6422 -3.514587202702998 0.229763832413097 0
6423 -1.693707811242525 0.02547515815814716 0
6424 -1.722990751645085 0.02547515815814716 0
6425 -1.011032576443138 0.111071601744417 0
6426 -5.456249072619233 0.06848832956556228 0
6427 -5.534516465884308 0.06848832956556228 0
6428 0.4610044323834729 1.324245155080404 0
6429 0.4136988353861328 1.332007594818547 0
6430 7.045459637897104 0.07407864064680333 0
6431 7.03150467445494 0.1865727859561991 0
6432 6.968882679837002 0.1124941453093958 0
6433 -0.6952239306471784 0.8305763709466684 0
6434 -8.207212905638695 0.8706565539607097 0
6435 -8.314250522177261 0.8014178820761058 0
6436 4.089775872696134 0.1531419323244331 0
6437 -14.10235718184518 1.837822311614629 0
6438 14.09745011444804 1.831214840111671 0
6439 1.015461504889851 0.2843743132477887 0
6440 1.023321737986508 0.262163796472254 0
6441 -4.508912113979235 0.8806000953798439 0
6442 -4.579724301103955 0.8430777651757997 0
6443 0.4231022722839805 1.073782566288208 0
6444 0.4100792640551032 1.047637076412616 0
6445 -5.480122743227255 0.9249359997063685 0
6446 -5.566255156085518 0.8764656429966583 0
6447 3.783932305308769 1.732229757586389 0
6448 3.901134562807747 1.721885432053813 0
6449 0.4962930024503157 1.62352724493825 0
6450 9.78515092959087 0.3465625015992285 0
6451 9.65103554698992 0.343263650659351 0
6452 9.726703362868351 0.2287290989594543 0
6453 -4.217970437189494 0.8572523562752644 0
6454 -4.28919052762582 0.821882302348691 0
6455 -4.221094797291055 0.7739306189858514 0
6456 -6.745386706636619 0.8170063910871516 0
6457 -6.739393881158499 0.70912490112547 0
6458 1.370115771005454 0.02032226380430822 0
6459 1.357319521136769 0.04092016970232042 0
6460 1.344904566461289 0.02059790589801219 0
6461 0.718347178911714 0.7855319153637947 0
6462 0.7113294679401554 0.80925760115747 0
6463 0.6971094615966671 0.7891045706911868 0
6464 3.259483110767756 0.1294054751998548 0
6465 3.2907066429636 0.08371748497446815 0
6466 7.596505657015211 0.7697442402729571 0
6467 7.583733978456603 0.8893684897775287 0
6468 -4.757692606142763 1.409407543912746 0
6469 -4.800312268323392 1.312470644546167 0
6470 -4.818761745896021 0.8887372383936745 0
6471 -4.906348852891666 0.8510072547423932 0
6472 1.002337999151669 0.1740157651221703 0
6473 -0.6777521772125253 1.353052446207322 0
6474 -0.7309804186175535 1.34964511418187 0
6475 9.336034183833725 1.867446878446082 0
6476 -4.82044178380891 0.39900732881506 0
6477 -4.751264744254127 0.4330436719145488 0
6478 -3.790718662486988 0.8894615749718657 0
6479 -3.863909243168341 0.8575094785442625 0
6480 5.308590434008805 1.346444048587393 0
6481 5.206303884079674 1.378183574023192 0
6482 -3.522840435069091 0.8551561640107775 0
6483 -3.593939150898553 0.8261342098264514 0
6484 3.352309544304143 0.30847651485972 0
6485 3.29750213766887 0.3273864865786256 0
6486 13.55606610293685 0.1578622309848484 0
6487 13.37722741571248 0.1506125071742266 0
6488 5.996449744183591 0.3639334997208948 0
6489 5.908872084045008 0.3993033374409215 0
6490 -3.135508013452133 0.8672930978248272 0
6491 -3.202659910244724 0.8415262890804726 0
6492 -4.486401130900272 0.4163410081640299 0
6493 -4.552750155008845 0.3849725669944312 0
6494 3.241680418225017 0.345688676338052 0
6495 3.186685627554861 0.3632749186562877 0
6496 -7.150501342215353 1.033141249357263 0
6497 -7.251467362655437 0.970599408557882 0
6498 -2.342365267385405 0.7725203338143025 0
6499 -2.400199236168254 0.7532615759942833 0
6500 -2.26723858098056 0.0595093203801061 0
6501 -1.819075931547708 0.5757280082575702 0
6502 -1.796089944194705 0.6242100880523922 0
6503 -3.763248635866213 0.2222088373675704 0
6504 -3.709971383842356 0.2448341196154436 0
6505 -3.761730244295158 0.2839884533043115 0
6506 4.937418722877307 0.7609596772006177 0
6507 4.854063051148509 0.7890580084878346 0
6508 5.765332852211061 0.8143639784378117 0
6509 5.673136358243802 0.8492391242889585 0
6510 4.310303711416497 0.8073198660057381 0
6511 4.230770369957758 0.8317232876844176 0
6512 -3.619375402824981 1.110503648754736 0
6513 -3.543538116515109 1.13601680692401 0
6514 -3.602937765059578 1.190439660306623 0
6515 -12.62247358247463 0.7499909149728917 0
6516 -12.44100085288185 0.7072529744411128 0
6517 6.685191019197484 0.8398360789412485 0
6518 6.584273869323258 0.8818572845450312 0
6519 0.559612309949771 1.321586050339711 0
6520 0.5093395648873106 1.321207894367724 0
6521 2.502033185845052 0.2766329081279514 0
6522 2.456073025418255 0.2884594340185195 0
6523 -1.704243006537577 0.09972156074734173 0
6524 -1.721783228890325 0.07258046677213668 0
6525 8.083900652170716 0.3236816381207343 0
6526 8.020668183995435 0.268388189898214 0
6527 2.551862454687993 0.5200391540178003 0
6528 2.581939064285464 0.4684675330161282 0
6529 1.158254335388343 0.01795136250193131 0
6530 1.136224101362747 0.01795136250193131 0
6531 -1.135552503448058 0.01945903822832971 0
6532 -1.157582737473663 0.01945903822832971 0
6533 5.039632353631071 0.6324535998225885 0
6534 5.02262946994653 0.7330013936870509 0
6535 -7.992765933369576 1.008515854152803 0
6536 -8.099572142467963 0.9396859266766173 0
6537 -2.93328079191476 1.212204023081733 0
6538 -3.005294699576256 1.188847321649124 0
6539 9.798586666986719 1.581143891178215 0
6540 2.715021480217325 0.3086447592756756 0
6541 2.76421784855174 0.29557623968464 0
6542 -9.598245409446228 0.7774221344942231 0
6543 -9.72056143081814 0.6902705170814771 0
6544 1.134381365632565 0.2390326034440035 0
6545 1.124366086000449 0.2595431687118072 0
6546 1.110149961350289 0.2404207185700382 0
6547 3.87971879821875 0.7895917747158524 0
6548 3.805718076486154 0.8105814456092025 0
6549 -1.883897993273627 0.2984461633655959 0
6550 -1.921339746926982 0.2851687124012697 0
6551 6.660023180249334 0.3580049265560281 0
6552 6.742801581110317 0.4166225747116719 0
6553 4.769473347262251 0.8162330004521704 0
6554 4.685270804481592 0.8438080752843004 0
6555 1.29644000912182 0.01976752683285886 0
6556 1.272631786348162 0.01976752683285886 0
6557 -1.27225345568115 0.02125783757125408 0
6558 -1.296061678454816 0.02125783757125408 0
6559 3.334002699084638 0.8033587242981738 0
6560 3.265830373808458 0.8201387802024528 0
6561 -2.896761821403415 0.824556136609137 0
6562 -2.961256861816077 0.8019701497700426 0
6563 2.384331338584126 0.3909152469302847 0
6564 2.336360508372839 0.4023405538366169 0
6565 -2.482279313866454 1.345990785548941 0
6566 -2.559418821955755 1.317424376514802 0
6567 -2.034921747331647 0.7578416800794867 0
6568 -2.090456486978235 0.7372781240380304 0
6569 3.420007407616017 0.7099422671203259 0
6570 3.473064313456732 0.7599436194468516 0
6571 3.404290745161436 0.7858415581113809 0
6572 4.489123200244042 1.571519681804119 0
6573 4.396946394953181 1.624831210662024 0
6574 -1.519615260966972 1.943325922180272 0
6575 -1.927827453651805 0.7877388671363996 0
6576 -1.981142162557911 0.7724939481268351 0
6577 1.472187245379139 0.02287854307913746 0
6578 1.445981252482052 0.02136922733746465 0
6579 -1.808819626156002 0.3242272900372589 0
6580 -1.846219021783401 0.3111674930623204 0
6581 2.181199720859545 1.370014280570789 0
6582 13.73987537420484 0.1578622309848484 0
6583 -13.54736491435622 0.1551208338373172 0
6584 -13.73117418562348 0.1551208338373172 0
6585 -1.318276024681728 1.591570644847396 0
6586 -1.397284591905573 1.571417250173859 0
6587 -2.551816858395594 0.8183720172539618 0
6588 -2.612422492259534 0.7982325955312546 0
6589 -1.82236226369168 0.8175802272844055 0
6590 -1.874871809383293 0.8023939442062837 0
6591 1.983211495584332 0.202370672037808 0
6592 1.94742908838281 0.2113639672769717 0
6593 -1.427313932052936 1.701006833399692 0
6594 -1.508248671757686 1.6831268097829 0
6595 -1.448499597972852 1.629361669081317 0
6596 -2.170580675895436 0.350897390374639 0
6597 -2.212380210145349 0.3345617929512972 0
6598 7.497841514523528 0.7033903121477618 0
6599 7.392303177200796 0.7504524907357712 0
6600 2.625747096141689 0.7294996518461893 0
6601 2.563886734385148 0.7426869099716573 0
6602 7.284999895349069 0.7967967986332254 0
6603 7.178705094720376 0.8429020690957534 0
6604 -0.8179015291705787 1.244144572123099 0
6605 -0.8671489399026364 1.234511032325226 0
6606 -2.39558253928737 0.5357435401464812 0
6607 -2.339027445937582 0.5615082046880155 0
6608 2.044074618096382 0.6968202382694194 0
6609 2.066891192356658 0.646791630325017 0
6610 2.749157682954603 0.7043016134245568 0
6611 2.687326142861208 0.7170681554539098 0
6612 1.395188347667484 0.02032226380430822 0
6613 -1.368496700388032 0.02244986761247732 0
6614 -1.393569277050076 0.02244986761247732 0
6615 2.870470337449513 0.6767427573052889 0
6616 2.932973315464547 0.6614215421390046 0
6617 2.916653735990818 0.7224056572923037 0
6618 2.503089810694809 0.7558395196548819 0
6619 2.44241016675438 0.7691810347937265 0
6620 1.336631678646356 0.6954639131875855 0
6621 1.296965828781057 0.6996158537146689 0
6622 2.828280316712751 0.6305800362479486 0
6623 2.811960737239022 0.6915641514012476 0
6624 11.94082173602821 1.764675142944566 0
6625 -1.733876335100205 0.3506303628620048 0
6626 -1.771476859305238 0.3368542491126701 0
6627 3.231068929218819 1.23610168339173 0
6628 3.153052042582156 1.255733166349908 0
6629 -9.912317786512792 1.756106041701108 0
6630 -9.907510688595083 1.632318088383897 0
6631 0.5471370862901974 1.07204354118324 0
6632 0.5764644118859324 1.098674409425397 0
6633 -1.717377570186763 0.8469703954100575 0
6634 -1.769627889088573 0.8320943021536991 0
6635 -8.893860664870887 0.9658586789290498 0
6636 -9.004640956064641 0.890149969061748 0
6637 2.026386586839991 0.1510404309109994 0
6638 2.054470426565754 0.1765559136166026 0
6639 2.020060285684571 0.1918155803508048 0
6640 13.02363733441226 0.134922182232263 0
6641 12.8490971058806 0.134922182232263 0
6642 -12.8503593987934 0.1445104578246247 0
6643 -13.02489962732442 0.1445104578246247 0
6644 1.487599926316916 0.5518479424056142 0
6645 1.524439477475015 0.5793191327525573 0
6646 -6.733562490859255 0.6062319483594432 0
6647 -6.641300524248241 0.66271086683226 0
6648 1.033124071387175 0.200029852846555 0
6649 1.029132530071794 0.2198228115910766 0
6650 -3.665664404345352 1.250067400997257 0
6651 -3.589827118035481 1.275580559166531 0
6652 -1.11033435092937 0.2359892701750756 0
6653 8.125744337120071 0.8794425708685215 0
6654 8.010902552138184 0.9310718056795662 0
6655 8.355421594548748 0.7757642632960644 0
6656 8.241297911086933 0.8280555770379111 0
6657 -3.812552378901488 1.922324076050655 0
6658 3.03046678874806 1.916529011882671 0
6659 -9.367907233915286 0.9314390322671433 0
6660 -9.480708219588013 0.8525775076074006 0
6661 -10.36370908984991 0.8336702108496512 0
6662 -10.49830649368707 0.7568979035698555 0
6663 -10.35275242402263 0.6832771075041839 0
6664 3.605531114484126 0.2453507530153464 0
6665 3.274824387963442 1.379673675778218 0
6666 3.291582541209826 1.293481664443852 0
6667 3.354624999017285 1.357621105634484 0
6668 -3.282622834865438 1.650561108572234 0
6669 -9.313642122297733 0.5273640996740242 0
6670 -1.63647957976051 0.1494360349720482 0
6671 -1.66636021411132 0.1370349749530997 0
6672 -1.6434661629891 0.1176335642856529 0
6673 -2.06191089761194 0.3101862277847239 0
6674 -2.022461995820082 0.3250620875483753 0
6675 1.498591318304713 0.02287854307913746 0
6676 -1.472471988239837 0.02284517370368524 0
6677 -1.498876061165426 0.02284517370368524 0
6678 -10.62325414502873 0.6711506973328729 0
6679 -10.74617345779988 0.5892685300494609 0
6680 6.115839293708429 0.8688599770479956 0
6681 6.01797092661225 0.9078049088206278 0
6682 -1.613045661101421 0.8757676730722185 0
6683 -1.665153854763468 0.8612798118206223 0
6684 -4.225348983263405 0.6948766164006622 0
6685 -4.154128892827078 0.7302466703272357 0
6686 3.131220901489955 0.3805600233800843 0
6687 3.07661922549577 0.3981199394152443 0
6688 4.072335600582073 0.8791094795403875 0
6689 4.150888892937706 0.8552493766504852 0
6690 4.602089279383297 0.8703264401657738 0
6691 4.51884550195917 0.8974422293811229 0
6692 -10.12823151580524 1.024632059323814 0
6693 -10.24180431960101 0.9218106926398129 0
6694 -10.10458221638969 0.8628707814679805 0
6695 5.504653518412944 0.8198705961275135 0
6696 5.579574475370189 0.8830262806969966 0
6697 5.487361975093575 0.9167955810276025 0
6698 0.2773034621820065 1.696982400400855 0
6699 0.2424210847183374 1.638233099817465 0
6700 14.66029343211876 1.476864378853525 0
6701 14.55587510277403 1.677021069503239 0
6702 14.49479983791684 1.465034346637859 0
6703 0.771443204208329 0.8230532728671605 0
6704 0.80084856733395 0.8194809958610225 0
6705 -2.227902734808473 0.8066447240111896 0
6706 -2.284521694050214 0.7897237494911049 0
6707 -2.241951377436252 0.7489295066792474 0
6708 3.730298911022214 0.8310228888375327 0
6709 3.655768480516088 0.8513582101158785 0
6710 -2.619741269133775 1.377666108054167 0
6711 -2.636094418327807 1.294583173411325 0
6712 7.072210484741644 0.8878402543640294 0
6713 6.967215681838021 0.9329594388111045 0
6714 7.896209839215116 0.982141060218242 0
6715 7.78241424313874 1.033246269395159 0
6716 3.145724363811656 0.7872166532947122 0
6717 3.195714023471496 0.8377678974815885 0
6718 3.12654919851479 0.8555842331828876 0
6719 5.250613017714533 0.821997715425736 0
6720 5.161225159311929 0.8538052057473131 0
6721 2.941984015701134 0.3382122840984103 0
6722 2.890158357111449 0.353992219977781 0
6723 12.47628143105261 0.6879676115850029 0
6724 12.6257839334436 0.6119796313761307 0
6725 12.63580641605829 0.7808826671515429 0
6726 1.222735176833002 0.5174180902279529 0
6727 1.208013598936873 0.4851716717032952 0
6728 -2.711944833463254 1.916672158884558 0
6729 5.431675973583395 0.759041863812304 0
6730 12.01827258278168 0.1327444520085596 0
6731 11.85676696811981 0.1327444520085596 0
6732 -11.83599027250137 0.1448990891942412 0
6733 -11.99749588716269 0.1448990891942412 0
6734 -1.48241312356627 0.1146992266037232 0
6735 -1.457180540097927 0.1036232527672956 0
6736 6.39694096449885 0.8560842070004384 0
6737 6.482204478090031 0.922901663937207 0
6738 6.381569963147476 0.9637853958790646 0
6739 0.6592746727904417 1.31625188546101 0
6740 0.6090604547942875 1.319368645855115 0
6741 2.188517380221635 0.7154309242269941 0
6742 2.134533616598735 0.7265655922121163 0
6743 2.079352247568665 0.7369187940447492 0
6744 2.02443518447294 0.7479004794385768 0
6745 -8.716598228930314 1.862107841079454 0
6746 1.652644105710966 0.9433991710289922 0
6747 1.708358926813198 0.9762619415554576 0
6748 -9.089256493082949 0.5347446044442912 0
6749 1.88937618769717 0.2958085288825988 0
6750 1.851617569368402 0.3051694932754644 0
6751 1.969921177223335 0.7593286034938473 0
6752 1.91471464380257 0.7695948762985456 0
6753 -1.537342119394461 0.3482058240226991 0
6754 -1.570265664353686 0.3386539412433093 0
6755 -1.543997321370424 0.3149938468215142 0
6756 -1.058444047354998 0.1733524167831451 0
6757 -1.035836605180002 0.1729002478557756 0
6758 -1.500208798126882 0.4921920953335285 0
6759 -1.534818450931937 0.4826894967098192 0
6760 -1.511756897903689 0.4548499657854962 0
6761 5.687532547872168 0.3401921540010261 0
6762 -2.402344592664872 0.1891301253014079 0
6763 -9.942191630966635 1.486377110949945 0
6764 -9.796212232327644 1.567422450724757 0
6765 11.69211966386433 0.1492982508790728 0
6766 11.53473886835043 0.1492982508790728 0
6767 8.478161819756879 0.5876231240361025 0
6768 8.471550339836925 0.7231409747023455 0
6769 -1.661718831408943 1.11617212424954 0
6770 -1.674724786312606 1.060679766037576 0
6771 -1.613806788576807 1.075738751599707 0
6772 -1.476766619628606 0.145585858711768 0
6773 -1.504003299642276 0.1338063217463573 0
6774 3.491654180891268 0.3698164935010025 0
6775 -11.44238869522767 0.747444141598814 0
6776 -11.41879784864463 0.5843790721358262 0
6777 6.312825492037099 0.790731597026968 0
6778 -1.171303612267658 0.4353462080607371 0
6779 -1.190028366647837 0.460148864995988 0
6780 2.66610378850547 0.3214983488525545 0
6781 2.617770208937927 0.3346747500737657 0
6782 1.038730704532029 0.8798488182232752 0
6783 8.067106119050353 0.4438487999766402 0
6784 1.813182494627353 0.3141538587456218 0
6785 1.775313883195435 0.3234883715475462 0
6786 -5.298001740526626 1.327683381573446 0
6787 -5.290897857727845 1.431162122097377 0
6788 -5.372247077472414 1.383470195104763 0
6789 2.961432437787934 0.7710906249189937 0
6790 2.8989294597729 0.7864118400852779 0
6791 -10.58266299323783 0.2448491938536191 0
6792 -10.63471447866914 0.09918204236302181 0
6793 2.534162374278208 1.305859236650411 0
6794 2.488390285501464 1.246080241958212 0
6795 1.084325038574945 0.1431963893096745 0
6796 -4.746822707307646 1.899913143874217 0
6797 -4.625864006607408 1.899913143874217 0
6798 1.860990134195822 0.7792697175865111 0
6799 1.808111552322139 0.7894298250951016 0
6800 -1.738327843926599 1.267718026416437 0
6801 -1.803474903987165 1.251720002654589 0
6802 8.800332902867995 0.811441790881235 0
6803 8.684214769597428 0.8724684680608403 0
6804 -5.76159055431711 1.895494905858449 0
6805 11.07075511512688 0.1206666892966576 0
6806 10.92131062051079 0.1206666892966576 0
6807 -10.92114157540076 0.1340248396258886 0
6808 -11.07058607001639 0.1340248396258886 0
6809 9.274710016200267 0.8382175858601829 0
6810 9.144525179393961 0.9086315503069806 0
6811 -0.652043796391865 1.118470319587297 0
6812 -0.6803566984104689 1.119084642253146 0
6813 -0.6659651888114428 1.086110659286567 0
6814 -1.42267012376458 0.1614289347351749 0
6815 -1.449189909741256 0.1534696772787299 0
6816 -1.106296587802563 0.4163088295507171 0
6817 -1.090086709550692 0.4405037071102723 0
6818 6.193139890144277 0.4306097950262159 0
6819 1.867734680756671 1.295931914211264 0
6820 1.797949711963134 1.309506608216156 0
6821 -11.18587920937107 0.9276877160643149 0
6822 -11.31146712046543 0.8404677174553596 0
6823 -11.16670507662817 0.7757721280005174 0
6824 2.581740978877046 1.372941862376126 0
6825 2.506698575805567 1.384152915180429 0
6826 -1.372812147920153 1.033850178143086 0
6827 -1.425631536774525 1.020894765777963 0
6828 10.77352305983508 0.1192507294801551 0
6829 10.62789539348443 0.1192507294801551 0
6830 -3.699078937723306 1.922324076050655 0
6831 -1.451131088301651 0.4391659324653989 0
6832 -1.486066844259906 0.4287195215907325 0
6833 1.737618840068761 0.3322383902761133 0
6834 1.700357469429756 0.341448311007281 0
6835 9.652136572256268 0.8023106855806765 0
6836 9.767437918112265 0.8768364724614757 0
6837 9.630966290494374 0.9484778130560396 0
6838 -4.714004138251381 1.506593532180289 0
6839 -4.816003454999806 1.501210138476384 0
6840 10.52937736306942 0.7831095853963214 0
6841 10.3978204056087 0.8502445944029364 0
6842 -5.284076399722395 1.230566304128313 0
6843 -8.638109823881432 1.737245066117367 0
6844 2.381818157519328 0.7816841045060474 0
6845 2.322801466366823 0.794231321828464 0
6846 10.14483756749444 0.8417803674895546 0
6847 10.26367559315631 0.9168998664066816 0
6848 10.13351963624159 0.9827559814604101 0
6849 -1.479680765917056 1.008029778921934 0
6850 -1.532336863741297 0.9950435695652884 0
6851 10.20401774968326 0.1183516647106199 0
6852 10.06573374070063 0.1183516647106199 0
6853 -10.06803197150237 0.1229698501381404 0
6854 6.037881383000979 0.4224915740340872 0
6855 6.129377383898699 0.4630147816284347 0
6856 1.651352906361826 0.8167363779486139 0
6857 1.600009915160796 0.8268625890498723 0
6858 0.9142221101306535 0.4451324028805312 0
6859 0.905224905652119 0.4631477082008775 0
6860 1.58300730392516 0.1168896338426959 0
6861 1.572198185277894 0.1443484468409746 0
6862 -12.31922169781549 0.8078245758101257 0
6863 -12.28289957072852 0.6442526827848891 0
6864 1.663286635510137 0.3501232148958465 0
6865 1.62671312610366 0.3590611985159839 0
6866 -1.660896756620725 0.3755639544846613 0
6867 -1.697001824813849 0.3629145046862917 0
6868 -1.667911297968466 0.3386199619259924 0
6869 -11.7431289441393 0.8711681646176718 0
6870 -11.87840320315293 0.7776213030406436 0
6871 2.149074549160476 1.633724865035288 0
6872 2.214798798815785 1.570095912720747 0
6873 -1.646018648581338 1.175517959332239 0
6874 9.928770324523938 0.1160139749496658 0
6875 9.794018074877091 0.1160139749496658 0
6876 0.7602212911734816 1.310423649015751 0
6877 0.7097391492924415 1.31380039821723 0
6878 -1.577906848515688 0.1675914779284421 0
6879 -1.607088275078946 0.1589667292067437 0
6880 -1.584404102075032 0.1386593730262999 0
6881 1.755132216364568 0.7981093269922266 0
6882 1.70337121280204 0.8078655667046777 0
6883 -8.721480237563545 0.5255604109306043 0
6884 -11.23266960558566 0.1232632980547413 0
6885 -11.38603093020251 0.1232632980547413 0
6886 2.108843043424105 1.378231019806594 0
6887 2.034318648353955 1.393614514606725 0
6888 1.013693384778896 0.07102692279754676 0
6889 1.03196371837429 0.08357011271749083 0
6890 1.015027641729732 0.09300975863508013 0
6891 -12.04795950234155 1.001807731016021 0
6892 -12.18163296739974 0.9062197853783337 0
6893 -12.02744695060397 0.8404122297915899 0
6894 -1.525811393184838 0.0236921945452836 0
6895 -1.552907494818307 0.0236921945452836 0
6896 1.607461094824534 0.0235070186391568 0
6897 1.579654823593449 0.0235070186391568 0
6898 -1.580225518058352 0.02303091487642472 0
6899 -1.608031789289453 0.02303091487642472 0
6900 -10.00066773755888 0.2495825069696852 0
6901 1.524898630140297 0.1316871287218631 0
6902 1.545616593518954 0.1519913108599661 0
6903 1.516912774851434 0.1587394551276708 0
6904 -3.366327472509621 1.911001156297635 0
6905 9.920017347446898 0.3519111556211285 0
6906 1.027921614445362 0.2417162860514991 0
6907 1.005042776575535 0.2476536772980612 0
6908 11.61479375546489 0.8197320160732665 0
6909 11.47448715805552 0.896009468638334 0
6910 0.9941929998862726 0.288008731873959 0
6911 1.009211604659443 0.3042818574029317 0
6912 -1.435212686167024 0.666572857272705 0
6913 -7.745444222561915 0.5416586607131028 0
6914 -7.731557482088691 0.424799554563846 0
6915 9.399898315643503 0.111404009230305 0
6916 -9.269857343295801 0.1117971328473107 0
6917 1.463354066639895 0.2975029294577101 0
6918 -0.91747454007579 1.224752079147306 0
6919 -0.9679097731553645 1.214320157732444 0
6920 1.488069666712273 0.165544436990916 0
6921 1.459735905568458 0.1724324918550995 0
6922 -6.455231028811056 1.669972988296268 0
6923 5.034082743455899 0.137113558916198 0
6924 5.108671622644648 0.1040788624088423 0
6925 1.904879033156878 1.056353461770801 0
6926 -12.63776193293245 0.938132134803302 0
6927 -12.78291253543826 0.8172981823098444 0
6928 -9.057134495868191 1.636246681656426 0
6929 -8.897902997396709 1.628912891053933 0
6930 1.993258411347032 0.1365247037726301 0
6931 7.985366921597666 0.1707377283347042 0
6932 7.937165444169327 0.2779385073002294 0
6933 0.6862729345529039 0.7753343579656691 0
6934 -1.732416603355792 0.2244450999371873 0
6935 -12.95776957281771 1.070734978343706 0
6936 -13.10331909865616 0.968202810888753 0
6937 -12.94375041173453 0.9029072346853018 0
6938 4.158528272416456 1.90503883021406 0
6939 1.013003424711689 0.113044814404358 0
6940 1.008489220059291 0.1345844930383155 0
6941 1.565856333374031 0.04565160337217891 0
6942 1.552507239716841 0.0221445847330221 0
6943 -13.25146324580528 0.8667590371196783 0
6944 -13.39205789910328 0.7591158681678234 0
6945 -13.22989459087098 0.6927318982784938 0
6946 -1.368749596918054 0.1777378721979473 0
6947 -1.395546457487001 0.1693008089966868 0
6948 11.33067942956659 0.9694460422997087 0
6949 11.18842277027834 1.045488103909781 0
6950 -8.408662013403124 0.6085917408019047 0
6951 -8.394172387189682 0.4798951042713053 0
6952 8.657436004457265 0.1132866645903676 0
6953 8.53903477602573 0.1132866645903676 0
6954 -8.539024193640223 0.09866852557453178 0
6955 -8.657425422071514 0.09866852557453178 0
6956 7.608070276682543 0.6541545466762946 0
6957 -1.315522049748522 0.1940737286405483 0
6958 -1.342133968435939 0.1857008803359905 0
6959 1.320472342164767 0.02059790589801219 0
6960 13.19811258123226 0.1506125071742266 0
6961 7.622055996139414 0.5422229865443357 0
6962 -0.652816434825191 0.832030561258476 0
6963 10.90918425361421 0.3677503922312543 0
6964 10.7613966929385 0.3663344324147518 0
6965 10.8464717325925 0.2399174187768127 0
6966 0.8634560666188863 1.304454046006774 0
6967 0.8122944048712738 1.308084198143065 0
6968 5.341016314160489 0.7910384531090733 0
6969 12.33494927433917 0.7762140505760925 0
6970 6.214413356878393 0.8308144929837239 0
6971 1.728619216997098 1.320804250717451 0
6972 1.661250183331903 1.333013457743959 0
6973 -1.004171181343892 0.1733426404260418 0
6974 -1.022433591194425 0.1649069943227937 0
6975 -1.005312672488611 0.1519756347534932 0
6976 7.962870547732404 0.09014402286835982 0
6977 7.85331148026823 0.09014402286835982 0
6978 -7.859393958889973 0.08888799420223435 0
6979 -7.968953026354569 0.08888799420223435 0
6980 10.55612932892079 0.2349098093510285 0
6981 10.48534055048843 0.1156590798708734 0
6982 1.413846848224585 0.2354108761669838 0
6983 1.38542545521245 0.2424913977656275 0
6984 12.04140077168656 0.7664923643158713 0
6985 12.18447658602179 0.8599149232306167 0
6986 12.0422827226973 0.9308498337547181 0
6987 5.050071913391431 0.5468865622625017 0
6988 -1.547722392249292 0.5506945729557229 0
6989 -1.503647936075049 0.5527835950943164 0
6990 6.795996718507379 0.2245106073767361 0
6991 6.894474966991713 0.1804336835297062 0
6992 1.420251546899967 0.02136922733746465 0
6993 -3.034297041097951 1.914742992579805 0
6994 -9.208079252289515 0.2195300096631317 0
6995 -0.9943653521405322 0.2140240780973189 0
6996 -1.015116076144171 0.2071482312073622 0
6997 -1.000541376046067 0.193149846885299 0
6998 -3.937999396531163 0.09687454956267372 0
6999 -3.906660829533718 0.1498849316768074 0
7000 -3.964630418348969 0.1517734489509915 0
7001 -3.414542986379531 0.6921518058097715 0
7002 -3.42378735583849 0.6233718932708964 0
7003 1.567486264505433 0.4427973034576981 0
7004 1.530236503113243 0.4505771358226556 0
7005 7.748477307182608 0.08822053027291661 0
7006 7.641716355405201 0.08822053027291661 0
7007 12.9399409445566 0.9529381351798413 0
7008 13.08785503391028 1.040259620459329 0
7009 12.93090499316316 1.123193495679807 0
7010 -3.441165724853549 0.426317575904056 0
7011 12.78414991112938 0.8703833486714952 0
7012 12.63464740873839 0.9463713288803675 0
7013 12.34379503912656 0.1288373847138869 0
7014 12.17805644524108 0.1288373847138869 0
7015 0.9389492981015174 1.588725522405062 0
7016 1.000371516821051 1.549261976183044 0
7017 -8.898373289857268 0.1059218039197145 0
7018 -13.05164194608868 1.677145788457346 0
7019 -12.95153584731567 1.837342770547759 0
7020 13.26204685620218 0.7674050079686777 0
7021 13.41614595162582 0.8581479065384322 0
7022 13.25099008072734 0.9607471585291172 0
7023 -8.213558379407342 0.9975082115403051 0
7024 -0.1087553876001953 1.217486042182931 0
7025 -13.45044974685656 0.2937782295181051 0
7026 -13.32367883804898 0.4312017603441073 0
7027 -0.8115120581568004 0.7026428480842337 0
7028 -8.776868826920943 0.1059218039197145 0
7029 1.49153255989729 0.4548433470996712 0
7030 1.455019492591793 0.4628002193388575 0
7031 1.423248074288065 1.049327089004089 0
7032 8.715151493412856 0.1994418936866631 0
7033 8.823117432495742 0.2809875331045644 0
7034 7.979418752542845 1.311718074704437 0
7035 -1.296352493962763 0.2704323382422044 0
7036 -6.369993732544047 0.9299269709313803 0
7037 -7.35605253562262 1.027121487259154 0
7038 -7.232672870570102 0.08810329675519157 0
7039 -7.334050105365314 0.08810329675519157 0
7040 7.330579381583192 0.08229435461385817 0
7041 7.229202146788428 0.08229435461385817 0
7042 -11.46022620837511 0.2276937853051847 0
7043 1.281218170638608 0.7333022716488615 0
7044 1.258340480527976 0.6993011740711153 0
7045 -11.14858201192278 0.6305019431744798 0
7046 -11.02299410082842 0.7177219417834351 0
7047 -8.421196794464256 0.7318126719092178 0
7048 -8.522556906090934 0.6660474873833084 0
7049 11.31891724963131 0.3667578748202616 0
7050 11.45226874898447 0.2674708760467064 0
7051 -8.640082615692622 0.7176404538195251 0
7052 -8.627547834631489 0.594419522712212 0
7053 -14.89136289636224 0.1129019158912065 0
7054 13.48964346975618 1.533753790161267 0
7055 13.56226181283277 1.342405966474417 0
7056 1.20720180941454 0.2283839954214768 0
7057 6.800401467649154 0.6877324249264423 0
7058 -6.554721316131159 0.8203995948402808 0
7059 -6.552908650238129 0.7141023373878 0
7060 -7.559318598556577 0.9011627215700846 0
7061 -1.019234595469354 1.204624447418725 0
7062 -1.071414354849306 1.193126397019756 0
7063 1.226274973650732 0.01780128546244219 0
7064 1.214300471469665 0.03627698900804417 0
7065 1.202845085800728 0.01847570354560198 0
7066 12.4640198246252 1.313632836329419 0
7067 12.32374103594102 1.42277834358062 0
7068 1.429774061512608 0.08467163735177041 0
7069 1.419367196822273 0.05840101123713999 0
7070 -5.825730291882778 0.8285047727631676 0
7071 0.6941768766734114 1.155221393142468 0
7072 0.6832732389378222 1.11150894563151 0
7073 -1.232292089865253 1.162169013670212 0
7074 -1.285711269549788 1.151362478190202 0
7075 2.635838509743232 1.436060847864644 0
7076 -8.082216841613182 0.09600674052112636 0
7077 -8.194647410191013 0.09600674052112636 0
7078 0.8756054187725563 0.517376122654805 0
7079 0.8651877596522971 0.5346090357186879 0
7080 -6.651937414041983 0.07932025799065548 0
7081 -6.745743842279387 0.07932025799065548 0
7082 6.738722932299998 0.07488399684296462 0
7083 6.644916504062998 0.07488399684296462 0
7084 -5.651296205343645 0.9277374271465475 0
7085 -0.4985344273620983 1.790647495209251 0
7086 -5.30954392038911 0.9201326410675412 0
7087 -8.428145414865071 0.8588736286575096 0
7088 -8.483789909200455 0.1968247040848563 0
7089 -2.841015172991208 0.4391236436014749 0
7090 5.896426380260088 0.4894208573305951 0
7091 1.36647391621484 1.058252951630271 0
7092 1.312562425663863 1.067251570353154 0
7093 -9.610817074716209 0.9150505659515659 0
7094 1.047411491482768 0.2343329307652694 0
7095 -2.806306726656805 0.6743294324576121 0
7096 -2.817339920660674 0.613474648616759 0
7097 -9.129135863699814 0.9493474159933686 0
7098 -1.015495347685953 0.0506708323580787 0
7099 1.014909229797543 0.05092660849391028 0
7100 10.34343220373431 0.1156590798708734 0
7101 4.98508888008852 1.544188040032732 0
7102 1.525411138083386 0.0221445847330221 0
7103 3.310869540272662 1.214049113247996 0
7104 -12.76536895754445 1.837342770547759 0
7105 -12.66641725972272 1.687032521274716 0
7106 -4.980125925057697 0.9042893851659362 0
7107 -1.635949041522478 0.02395259844072441 0
7108 -1.664484095542935 0.02395259844072441 0
7109 -5.028719266920463 0.368699163971282 0
7110 -5.032860415475912 0.2897812194023704 0
7111 5.184781916374872 1.478620954265023 0
7112 -1.008795429513425 0.3046902296008273 0
7113 -1.022913010909182 0.3240406719049171 0
7114 -1.124305982726446 1.18365673021429 0
7115 -1.177645227503979 1.172371961058814 0
7116 -4.228653199185802 0.4678233921711432 0
7117 9.659902692276138 0.1127151240097884 0
7118 -6.113720473389564 0.07604645965542552 0
7119 -6.200521471707543 0.07604645965542552 0
7120 6.194060035780588 0.07341266086685162 0
7121 6.107259037462966 0.07341266086685162 0
7122 -10.38735838926545 0.9954314887054845 0
7123 -7.437647974499667 0.08724566809708888 0
7124 -7.541682263632481 0.08724566809708888 0
7125 -3.405283200255952 0.7634461512490227 0
7126 -12.01207666821112 0.6820333574029558 0
7127 -11.15600473860197 0.2572881376806299 0
7128 4.422985850002529 0.622561846364819 0
7129 4.406821970983384 0.701033095224917 0
7130 -10.63421081085601 0.8215438006783402 0
7131 0.7244690955826243 1.056282488828792 0
7132 0.6895144733834978 1.056093308660071 0
7133 9.528591991376036 0.1127151240097884 0
7134 1.722977244192928 0.0264684569872973 0
7135 1.693694303790385 0.0264684569872973 0
7136 2.799567259295784 1.404281515319554 0
7137 -8.653537936233398 0.8474815349157636 0
7138 1.259249853824429 1.074798833108543 0
7139 1.206731355283404 1.082857447391094 0
7140 -0.004024051269638014 1.280761184691401 0
7141 -10.67710932695935 1.413302356829656 0
7142 -10.65348746905293 1.58524655391031 0
7143 12.46913250557608 1.554830311033089 0
7144 12.60071391488266 1.411583756163514 0
7145 -11.46156282797057 0.8993597296626115 0
7146 -4.662689059661949 0.8801724114867753 0
7147 -4.659327363067072 0.7950232548916587 0
7148 -5.61244886154084 0.06834932979192812 0
7149 -5.692767606685764 0.06834932979192812 0
7150 5.691623856462931 0.06885773190938914 0
7151 5.611305111318329 0.06885773190938914 0
7152 -4.887255334791506 0.4389883310946858 0
7153 -0.8193648646306361 0.6034359591180036 0
7154 -0.8311354158757813 0.5870972003645244 0
7155 1.78494902657124 0.02572429866200383 0
7156 1.754898604419226 0.02572429866200383 0
7157 -1.755066872243249 0.02616870862991584 0
7158 -1.78511729439528 0.02616870862991584 0
7159 4.471491050664841 0.3126619987887981 0
7160 4.458674493954453 0.3921760220052765 0
7161 -4.360402198891948 0.8690886543134377 0
7162 -4.363526558993509 0.7857669170240247 0
7163 4.016054562701846 0.4794921279915629 0
7164 4.001618651222363 0.5472340521592974 0
7165 -1.008141978218668 0.1320383344522112 0
7166 1.005659914329258 0.1545217933395084 0
7167 -4.358391384307417 0.4056912716868014 0
7168 4.385500691234765 1.279204360248889 0
7169 -5.152969142206311 0.06174657289268096 0
7170 -5.227289734016484 0.06174657289268096 0
7171 5.220199462116272 0.06260183455863016 0
7172 5.145878870306378 0.06260183455863016 0
7173 1.37910468849198 0.09716498167298451 0
7174 -4.617339875420743 0.4245407824010315 0
7175 0.9155169607227842 0.4801822873404736 0
7176 0.8957480807248464 0.481757751181514 0
7177 -4.075750472400989 0.8414893377059132 0
7178 -4.084374226559364 0.7621860109907396 0
7179 -0.9899409348324173 0.2336690633531722 0
7180 0.9902922352304329 0.23326091558157 0
7181 3.899988898244749 1.629847680767402 0
7182 3.984361395210575 1.702628587438344 0
7183 -1.103396902178142 0.04174027963946498 0
7184 -1.08434518832322 0.02999881914133815 0
7185 -1.083595930630874 0.04647738516241304 0
7186 1.566814251101568 0.2492085801083779 0
7187 1.079822071131571 0.7147786854441335 0
7188 1.065440459797987 0.7458900813087685 0
7189 1.199812735122726 1.376251895701309 0
7190 1.220363376848244 1.319486967249118 0
7191 1.256627258655189 1.367929798425441 0
7192 -10.88201474916035 0.6541241756993775 0
7193 6.787580015835311 0.7977659746986697 0
7194 2.513701412563597 1.53467372616866 0
7195 2.469404924964365 1.453438228185947 0
7196 -4.726641452987156 0.05723342805697895 0
7197 -4.795411797282625 0.05723342805697895 0
7198 4.793695201754957 0.06289053844373907 0
7199 4.72492485745974 0.06289053844373907 0
7200 1.361078266837042 0.3288816557623367 0
7201 -3.553530257801514 0.3781955267391107 0
7202 -12.33973424955307 0.9692200770345574 0
7203 9.901644905226942 0.8191529137646978 0
7204 9.880474623465048 0.9653200412400609 0
7205 -1.566827282940133 0.04672310942170832 0
7206 -12.92846206127671 0.7147660148548914 0
7207 -3.927725563052855 0.905720116325377 0
7208 9.99778216164599 0.2343656396602858 0
7209 8.228576424033463 0.9532100620717217 0
7210 14.19273036293178 1.663810358755457 0
7211 14.29510126008838 1.832595518643786 0
7212 -4.46026930646891 0.05454528290752054 0
7213 -4.525571723596224 0.05454528290752054 0
7214 4.529925599643207 0.0601179133630149 0
7215 4.464623182516124 0.0601179133630149 0
7216 -13.26548240688847 1.034586780778083 0
7217 5.067565684031085 0.3101495314063126 0
7218 -12.17081522157338 0.1337885629953687 0
7219 -12.33655381545828 0.1337885629953687 0
7220 7.998330137143534 1.055666310441008 0
7221 -5.371489442079462 1.901350224952665 0
7222 6.773361255842937 0.9064439897889029 0
7223 -1.229166211288776 0.148384602948375 0
7224 9.700214217520703 1.443655053203686 0
7225 3.249285167945251 1.905153922855666 0
7226 1.611188491191635 1.762403052294905 0
7227 -3.655317722675613 0.8714545051291158 0
7228 0.83196435137571 0.5858688103634615 0
7229 0.8201938001306952 0.6022075691168678 0
7230 -4.207332565518041 0.05183593045751667 0
7231 -4.269341945380926 0.05183593045751667 0
7232 4.269645287460074 0.05340855667153546 0
7233 4.2076359075974 0.05340855667153546 0
7234 7.378973613004468 0.8653243136418785 0
7235 -2.79563397503158 0.737719681240755 0
7236 -9.824955595245582 0.6294907351456325 0
7237 -3.258665138783415 0.8872326353951607 0
7238 11.75957365446475 0.7468192195000312 0
7239 11.75442700936222 0.9103400714132079 0
7240 6.568902867971885 0.9895584734236573 0
7241 8.460258743288502 0.8491997796473925 0
7242 -3.394643499757821 0.834972548826032 0
7243 -1.026465680563613 0.1225732559424509 0
7244 -3.966827064339106 0.04938153341842889 0
7245 -4.025709463379584 0.04938153341842889 0
7246 4.02763513536705 0.04888211508137732 0
7247 3.968752736326768 0.04888211508137732 0
7248 8.911850678771 0.8891913227312992 0
7249 11.72796790579024 1.24409612505148 0
7250 10.66650493987775 0.7178272957176178 0
7251 10.65777486361658 0.8592826466913432 0
7252 1.905113382556499 0.02847191801935685 0
7253 1.873467111362544 0.02847191801935685 0
7254 -1.874978629585229 0.02712912691360608 0
7255 -1.9066249007792 0.02712912691360608 0
7256 -5.301632634845145 0.06692085102608934 0
7257 -5.377901105346544 0.06692085102608934 0
7258 9.403846962587409 0.7815731488381181 0
7259 9.386527998251239 0.9305964631973052 0
7260 13.24195412933391 1.131002519029083 0
7261 6.197732386386331 0.9350134230065679 0
7262 1.100761497195053 0.2242008556628322 0
7263 -3.739110558718374 0.04558042056567367 0
7264 -3.795023657925021 0.04558042056567367 0
7265 3.794759705541829 0.05269426782137909 0
7266 3.738846606335364 0.05269426782137909 0
7267 5.655844814924434 0.9461641091890476 0
7268 1.664144398370197 0.02604003789967539 0
7269 1.635609344349756 0.02604003789967539 0
7270 5.859021268316104 0.779450957332515 0
7271 5.84309511390309 0.8774639316757128 0
7272 10.38650247435585 0.9912202083737919 0
7273 4.390738305355844 0.7828939377046571 0
7274 7.165175721174009 0.9566068068076087 0
7275 11.46583938187344 1.056689441647818 0
7276 0.9856923587715787 0.2537084260023248 0
7277 -1.519022173890065 0.2941581030967124 0
7278 -1.49512062817901 0.2714231333111655 0
7279 3.090025684428771 0.7398269798907959 0
7280 0.2404879467099155 1.052425383009045 0
7281 0.2211607296051839 1.032938720496328 0
7282 1.157792424830058 0.2348334698821107 0
7283 0.7276991002412219 0.7663903876693327 0
7284 0.7419191065847099 0.7865434181356159 0
7285 -1.974814206184655 1.095752170180108 0
7286 -2.017140248126062 1.143445829366931 0
7287 -1.065088379559462 0.05603782558922504 0
7288 -3.523336277325201 0.04374888467457848 0
7289 -3.576429818622334 0.04374888467457848 0
7290 3.580151918163865 0.04886016448084286 0
7291 3.527058376866901 0.04886016448084286 0
7292 -1.179440900095976 0.8242214269813938 0
7293 -1.139288548934957 0.8328917010632265 0
7294 -2.944916415096168 0.4009535688027432 0
7295 -5.006950262371467 0.05944438135390268 0
7296 -5.079372698734115 0.05944438135390268 0
7297 12.95569121419382 1.856041553243788 0
7298 13.04861520068798 1.705206961913583 0
7299 0.9615795020810997 0.3320052782755682 0
7300 0.9548194024502776 0.3509737248960901 0
7301 -0.954376147171168 0.3509983020548992 0
7302 -0.9611362468020476 0.3320298554343099 0
7303 -4.864920827738791 0.05830551524108306 0
7304 -4.935493595280529 0.05830551524108306 0
7305 -4.053719169168273 0.230028325940206 0
7306 -3.994027628356772 0.1919571965385559 0
7307 5.872876326287201 0.6784218355188831 0
7308 -2.417264200196345 0.296777917680665 0
7309 3.356871764779459 0.680054375460261 0
7310 1.020947650842741 0.1681262776056012 0
7311 2.442584510132672 0.3334477271769985 0
7312 -3.318154757887701 0.04446319202105548 0
7313 -3.368570913608466 0.04446319202105548 0
7314 3.366436859813013 0.04295957302115538 0
7315 3.316020704092401 0.04295957302115538 0
7316 -2.332446547777254 0.3297907582625406 0
7317 12.33583122534992 0.9405715200149393 0
7318 0.9682397708017964 0.3122921349144151 0
7319 0.9812828309351681 0.3276294193902552 0
7320 -0.9852163783280133 0.2537509704402975 0
7321 -1.004215495734232 0.2481043695065075 0
7322 -4.591754383104513 0.05569281586149455 0
7323 -4.658768334269388 0.05569281586149455 0
7324 -3.048506782101277 0.3621077328870059 0
7325 5.86286406310546 0.07823366952892773 0
7326 5.780440202829375 0.07823366952892773 0
7327 -7.770249047288281 0.8942385900994929 0
7328 -7.762361691532556 0.7731561474918365 0
7329 4.835804695354737 0.8751435493946513 0
7330 -3.122576496820183 0.04054839621939879 0
7331 -3.170450285752955 0.04054839621939879 0
7332 3.169466980089897 0.03931154121965395 0
7333 3.121593191157265 0.03931154121965395 0
7334 5.005605146310216 0.8200102739167486 0
7335 -4.332205339646279 0.05293805733219652 0
7336 -4.395839939645819 0.05293805733219652 0
7337 4.372404468707103 0.863955115941393 0
7338 2.321547603506779 0.4493623556223769 0
7339 -2.934578642134586 0.04285085175127158 0
7340 -2.980038275633945 0.04285085175127158 0
7341 2.980234850760886 0.03948647568197605 0
7342 2.934775217261654 0.03948647568197605 0
7343 -3.014474299787151 0.8451390895843506 0
7344 -3.129528582555578 0.4272057307430891 0
7345 1.114264033592146 1.188966443585868 0
7346 1.061075824656042 1.196488393562345 0
7347 -2.783213578403767 0.8010432500710526 0
7348 -4.0856590437698 0.05015729968329363 0
7349 -4.146084703845147 0.05015729968329363 0
7350 5.322037721690374 0.8845991587747819 0
7351 -10.79525773468783 1.196309896392977 0
7352 -10.93694146590642 1.263844179218666 0
7353 -10.92903526976536 1.108060357183679 0
7354 -2.763059767302483 0.03991413398324465 0
7355 -2.806226978560242 0.03991413398324465 0
7356 2.802255349883646 0.03607964151279684 0
7357 2.759088138626007 0.03607964151279684 0
7358 0.4193345010024681 1.174059734979886 0
7359 0.3996059819637979 1.192037528961371 0
7360 0.402597156711102 1.153537180141592 0
7361 -2.660031918586659 0.8417495993236604 0
7362 -3.851478941029562 0.04749301614424483 0
7363 -3.908857475523855 0.04749301614424483 0
7364 12.9410999518765 0.7874494734510167 0
7365 -2.592195625085626 0.03567694036679528 0
7366 -2.63318601565149 0.03567694036679528 0
7367 2.631478445980992 0.03459876241964474 0
7368 2.590488055415232 0.03459876241964474 0
7369 -2.004886124909589 0.03001949761501178 0
7370 -2.038212988852171 0.03001949761501178 0
7371 2.038866081835958 0.02962824930522065 0
7372 2.00553921789344 0.02962824930522065 0
7373 4.212088397747702 0.9119071332085416 0
7374 2.278284397779813 0.6002786206038981 0
7375 2.261749063091946 0.6519295217983345 0
7376 -2.430450939877182 0.03505324656545407 0
7377 -2.469374285380732 0.03505324656545407 0
7378 2.474651667196669 0.03767286686209461 0
7379 2.435728321693221 0.03767286686209461 0
7380 -2.140823481998293 0.03267636797392589 0
7381 -2.17592018576658 0.03267636797392589 0
7382 2.175622966572044 0.030101137331242 0
7383 2.14052626280384 0.030101137331242 0
7384 -2.247680964776413 0.3630998661673552 0
7385 1.937256285206979 0.2481611437772668 0
7386 4.395711655262102 0.056383927382655 0
7387 4.332077055262783 0.056383927382655 0
7388 -2.284539676062941 0.03387389376136778 0
7389 -2.321500212814657 0.03387389376136778 0
7390 2.320308705315226 0.03119105145871039 0
7391 2.283348168563601 0.03119105145871039 0
7392 4.668033466370184 0.9288369062404604 0
7393 -0.9464293525175156 0.3700767592501661 0
7394 -0.9657892570031825 0.366470174262757 0
7395 4.630484197094123 1.923791427445052 0
7396 -3.629528603732349 0.04371206080981351 0
7397 -3.68401368374781 0.04371206080981351 0
7398 0.9665705134629243 0.3665933563996543 0
7399 0.9467673536987304 0.370224518544336 0
7400 13.10928081768301 0.2855346894064896 0
7401 0.5363891162654644 1.713980011962887 0
7402 3.448943437425334 1.327103088563342 0
7403 4.146870407606214 0.05153324394595238 0
7404 4.086444747531075 0.05153324394595238 0
7405 0.9130278753774497 0.8101177897111012 0
7406 14.49354866381833 1.832595518643786 0
7407 -1.239151033993438 0.1002475759505666 0
7408 3.285049848871962 0.3836136370121354 0
7409 -0.341876808530879 1.037665534390436 0
7410 -1.373615066457987 0.7870856169665832 0
7411 -4.300553185184548 0.2434719750272984 0
7412 -4.238071308152187 0.2021675353396422 0
7413 -3.42014375813544 0.04569572918374391 0
7414 -3.471881283577987 0.04569572918374391 0
7415 -10.8531217726513 0.2332068819889104 0
7416 -10.72275539783599 0.3205522751918038 0
7417 0.9742306056438697 0.2930668699719103 0
7418 7.744419827417296 1.409924646276026 0
7419 1.407593924913418 0.04169149114177288 0
7420 -13.28060036767566 1.227353818351807 0
7421 -13.42874451482479 1.125910044582733 0
7422 14.55420956476097 0.3233964006375629 0
7423 14.65326863556863 0.519819947674834 0
7424 3.955342597069115 0.7683686103362752 0
7425 3.93684048158613 0.8440089012857432 0
7426 -3.218638059590964 0.04213072438568646 0
7427 -3.267766590354005 0.04213072438568646 0
7428 -12.81628433079355 1.168136413629003 0
7429 -12.97585301771518 1.233431989832454 0
7430 12.76952432442322 1.856041553243788 0
7431 3.470471328803031 0.04418721042608284 0
7432 3.418733803360644 0.04418721042608284 0
7433 3.266323209845394 0.04075791195331277 0
7434 3.217194679082501 0.04075791195331277 0
7435 -0.3449010687670589 1.450883131867971 0
7436 -1.987184907164327 0.9235153969077361 0
7437 3.529253130113222 0.8162221892738415 0
7438 0.9777557617878812 1.160974144936116 0
7439 1.00816652848029 1.201729853359594 0
7440 0.9573165444638385 1.207824301429762 0
7441 -10.3744280248257 0.5427703634494192 0
7442 3.785797517271824 0.8856735088936506 0
7443 3.173763403363203 0.4192009314953584 0
7444 10.05698076362359 0.3542488453820827 0
7445 -2.445633652017542 0.7940137962334417 0
7446 1.505155144913444 0.1134020232591231 0
7447 3.073099457117708 0.04052978935788962 0
7448 3.026448364571534 0.04052978935788962 0
7449 0.7270806718899051 0.7121165203813364 0
7450 0.7128416249728584 0.7263555672984576 0
7451 -12.49955174513564 1.03448871159376 0
7452 -12.65999069809927 1.101795978930713 0
7453 -11.60786351231075 0.9654855035341794 0
7454 -11.75850805371724 1.030317514345785 0
7455 12.91178661592649 1.302312230425018 0
7456 12.76387252657281 1.21499074514553 0
7457 0.6057967780733309 1.074041540107951 0
7458 3.387059604925353 0.8533600766246996 0
7459 6.067179245900879 0.1329691170188014 0
7460 -2.095115428043342 0.3374792225875455 0
7461 4.10102273484901 1.802371999576437 0
7462 2.890004202002176 0.03767878733529028 0
7463 2.845705610725021 0.03767878733529028 0
7464 -1.085458745340101 0.7524699863741032 0
7465 -1.097529355481273 0.7206329946240966 0
7466 -8.717999185106375 0.2045903294942462 0
7467 -2.67550893257307 0.03748453155460711 0
7468 -2.71757366696085 0.03748453155460711 0
7469 2.716519092559814 0.03409147204190315 0
7470 2.674454358172148 0.03409147204190315 0
7471 2.982024933714969 0.3754674087067867 0
7472 -10.07717481526585 0.3686836670732417 0
7473 -11.90949203653211 1.093863700991331 0
7474 -12.06367805332787 1.159671256578075 0
7475 -1.07598921135776 0.1126880409345897 0
7476 -7.757341799965692 0.6545636030442616 0
7477 -2.511532862030286 0.03454654135595426 0
7478 -2.551476355693891 0.03454654135595426 0
7479 -0.9389109530041972 0.3887576206590021 0
7480 2.10646366057383 0.03040803930819705 0
7481 2.072263322289495 0.03040803930819705 0
7482 12.62717843631535 1.117039825311436 0
7483 12.47883494124426 1.027539143791483 0
7484 2.801024333895497 0.3307306014883587 0
7485 0.9392489541854818 0.388905379953093 0
7486 3.246655208511593 0.8885063600906281 0
7487 -1.622062558413203 0.04698351331714913 0
7488 2.395262036869544 0.03206127452456924 0
7489 2.357332778454248 0.03206127452456924 0
7490 2.246889343790708 0.03085105576952192 0
7491 2.210872774341301 0.03085105576952192 0
7492 -5.974937646233688 0.2443370063832772 0
7493 -12.67807414299674 1.264492990419461 0
7494 0.9804805058742774 0.2731593258167674 0
7495 -10.03840856409084 1.403642426936055 0
7496 -10.16050096076895 1.319938861030384 0
7497 -4.356249978497918 0.7029122286082164 0
7498 -1.952211592510673 0.3110636672312285 0
7499 12.10458262145101 0.2615818367224466 0
7500 1.01305478967346 0.5465835985396281 0
7501 12.60806005907868 1.296158560056646 0
7502 -1.446612118245531 0.02142774752468465 0
7503 -1.459778725666959 0.0442729212283699 0
7504 0.857106975712121 1.015273278831743 0
7505 -9.734212131202668 0.9944901483468298 0
7506 -9.86553970521242 1.057388626003626 0
7507 -9.859681838584176 0.9027936704951849 0
7508 -7.461918164432842 1.787902809898288 0
7509 -7.392636002222487 1.898264100442141 0
7510 -10.00716822677077 1.110852126707503 0
7511 -10.14439032998208 1.169792037879335 0
7512 4.96609065008589 0.9861931586864756 0
7513 -0.8967081542309149 0.9009190740097263 0
7514 -0.9104418803401753 0.8704181593848623 0
7515 -1.052657142819911 0.0173679623321431 0
7516 -1.073576447368692 0.0173679623321431 0
7517 5.11126063997545 0.3544451483100026 0
7518 5.043014169027227 0.3833630495109198 0
7519 3.138631877088135 1.916529011882671 0
7520 -1.529298452899451 0.3824761986083768 0
7521 -5.573499361999471 0.1368376593574904 0
7522 -1.740503362643571 0.051643866788063 0
7523 -11.05591808325888 1.01929338330942 0
7524 -11.20068012709614 1.083988972764262 0
7525 11.89003235046626 1.007468123651483 0
7526 11.74525245146641 1.080380920224718 0
7527 3.027858126430401 0.7560587155610153 0
7528 3.010133850212483 0.8200648983539895 0
7529 -1.420882412663434 0.02142774752468465 0
7530 -12.36196301471989 1.132883921161968 0
7531 -0.9800045254306682 0.2732018702548078 0
7532 2.535608420501152 0.31061945438989 0
7533 2.701924355592939 0.3575113274002742 0
7534 -2.328316624757625 0.8302355511462448 0
7535 6.908429930433877 0.06793953822031036 0
7536 0.2345327323902794 1.528422921692253 0
7537 0.2077500489615489 1.582226708968987 0
7538 2.544589632277567 0.8012173989729902 0
7539 -1.078784637308556 0.1993134710752812 0
7540 2.666965602687426 0.7756332928974861 0
7541 7.797030008685936 0.1783645531412764 0
7542 -2.406867999361004 1.941810329577335 0
7543 -0.9937888028926702 0.2884211478174463 0
7544 2.786776136535075 0.5883578149085087 0
7545 2.845285736745566 0.5735364208125501 0
7546 2.791347703691365 0.7504643344818972 0
7547 -10.77325500037222 0.8881613343996736 0
7548 -10.91423435204029 0.9517591004837311 0
7549 -10.90013781386574 0.799394360525415 0
7550 -2.129879157642423 0.7814528982366421 0
7551 -2.145909747530322 0.7216757070007205 0
7552 -2.0206463123166 0.8117075833213006 0
7553 -1.876100809230575 0.33731496574884 0
7554 -11.7163904509407 1.571120568556282 0
7555 -8.02729295425223 0.1848947347233607 0
7556 -1.913911083274352 0.8410149284385331 0
7557 1.511888929718749 0.04502312781215956 0
7558 -11.47694193754851 1.058509079390725 0
7559 11.18670398354875 1.210908227626577 0
7560 11.05309510044257 1.126270316227165 0
7561 -1.44266215186373 0.4743932254636984 0
7562 -1.124853661200272 0.03208989503752475 0
7563 8.94324385811321 0.2129907487196205 0
7564 8.895515015757315 0.0861552290962955 0
7565 -0.2972263529890189 1.126142181445491 0
7566 -0.2649566248810232 1.122580237578608 0
7567 -14.49161548438478 1.832767064455896 0
7568 -14.29316808065413 1.832767064455896 0
7569 -5.613294588728845 0.1948200483189866 0
7570 -5.654671126105861 0.2721125808820794 0
7571 10.90881418171543 1.045236824470853 0
7572 10.77885845834181 0.961811906721988 0
7573 -0.7514837429391816 0.939580287398512 0
7574 -12.42083355673563 0.2733875270706114 0
7575 -12.50750333563031 0.1395989640752426 0
7576 -0.03781764496730562 1.217651824895597 0
7577 -1.801079070889585 0.3626632545209756 0
7578 -11.77422660470356 1.188181039907839 0
7579 -1.309704799466323 0.220294901783902 0
7580 2.096441208536308 0.1606161593877788 0
7581 2.090114907380888 0.2013913088275842 0
7582 -8.779875080065949 1.039910327057985 0
7583 -8.901751559622108 1.100074354646129 0
7584 1.420280736636691 0.5711234435489698 0
7585 -4.62597571760281 0.7155526767197915 0
7586 -1.808221064402733 0.8701840803777108 0
7587 -2.20316664833975 0.7098324688649548 0
7588 11.05605438979557 0.3332155745094623 0
7589 10.97097935014157 0.4596325881474015 0
7590 -11.07763737467092 1.336312337400194 0
7591 -0.9683115542513864 0.3126620064211947 0
7592 -0.9917175496090351 0.8285348523407087 0
7593 -1.004254795262915 0.7968791033612377 0
7594 10.78013052677466 1.581661812653653 0
7595 -0.9229510535431502 0.4264311340225101 0
7596 -0.9312155580673953 0.4080681582509648 0
7597 0.9310513880790041 0.4078795077584557 0
7598 0.9227868835548358 0.4262424835299253 0
7599 2.011295335310095 0.2278861547434111 0
7600 -1.913026167723775 0.5146506290781587 0
7601 -1.868548038133209 0.5272846694937876 0
7602 -9.250054357530697 1.010908432367767 0
7603 -9.375427008473402 1.069675339165367 0
7604 -1.693295049828888 0.1584108739914337 0
7605 -1.700281633057479 0.1266084033050384 0
7606 10.11440798468287 1.120253054277043 0
7607 9.99556995902101 1.045133555359916 0
7608 -13.71462018852085 1.543114380885416 0
7609 -13.62537588461245 1.365320672335101 0
7610 2.423200699352176 0.8268730783685357 0
7611 0.1292592806627607 1.156015648711632 0
7612 -1.599079875032433 0.9275223709666363 0
7613 -2.383227436145487 0.4833225391419163 0
7614 3.971757897522203 0.6919349667931454 0
7615 -7.153918654973792 1.65249671734107 0
7616 -7.295480219280821 1.685706958455128 0
7617 0.9329839755932947 0.9048423599664903 0
7618 0.8964601687398586 0.9130309984548319 0
7619 0.8830660720194461 1.93758551389555 0
7620 0.9739751629282847 1.93758551389555 0
7621 -11.25797071875403 0.5725019184101197 0
7622 -0.4826302833180177 0.8951025126294315 0
7623 -0.5002686972962123 0.8853872016950554 0
7624 -7.884842256997791 1.076180896158633 0
7625 -7.997993939864825 1.134202626262043 0
7626 -0.2636840758122014 1.687191095840788 0
7627 2.674884143863423 0.4573556675695266 0
7628 -8.557794511089622 1.183572234150803 0
7629 -8.676229554844785 1.245991195044558 0
7630 -8.669330931062007 1.111707041881308 0
7631 9.620902773045335 1.083741283010047 0
7632 9.50560142718934 1.009215496129247 0
7633 -10.64830734903056 0.9739085406366562 0
7634 14.10839287747457 0.1594244492319638 0
7635 13.91976603301783 0.1594244492319638 0
7636 -8.542993787229456 0.9192782497390873 0
7637 -8.661440036310786 0.9774913661642295 0
7638 4.969523362570438 0.1493121234282793 0
7639 1.451497779116456 0.1999005452530782 0
7640 -4.922392212921407 1.495171981372196 0
7641 -6.710975381715972 0.5206920259690484 0
7642 -6.703027129623628 0.4122792478407005 0
7643 -1.726861793752465 0.3875743554206737 0
7644 1.615557002177719 0.3952368153581146 0
7645 -1.70326297437633 0.8990075716575692 0
7646 10.27416003187373 0.2340107445814933 0
7647 1.376399765871629 0.2709337829340286 0
7648 -5.177082151753703 0.2354912192504383 0
7649 -5.105305586160272 0.2747924412645714 0
7650 2.244976725527215 0.7063278562407094 0
7651 0.8751720400835605 1.881279461526028 0
7652 -4.905599323565337 1.312240500149177 0
7653 -4.846219668997541 1.220686994486504 0
7654 0.4460680398234788 1.162753668101462 0
7655 10.64173088153347 1.027094196400692 0
7656 -1.036978096324721 0.151533242183227 0
7657 -1.054333479779982 0.140567616800362 0
7658 -1.040930465794405 0.1325743632673801 0
7659 -1.629982326201166 0.1783681398741904 0
7660 -1.024599536798928 0.2430551975350707 0
7661 -1.526789735608193 0.1559885378012002 0
7662 -1.532436239545857 0.1251019056931554 0
7663 0.9793463063553685 0.8667886267399811 0
7664 -0.516157277156814 0.8927951816026249 0
7665 -7.388529782900071 0.1753489648522805 0
7666 -1.111608202743042 0.3960854366462906 0
7667 -7.048478764493227 1.09454776330674 0
7668 -7.15232914048398 1.151307101477209 0
7669 2.226534897310943 0.7581895635623561 0
7670 4.866277556756398 1.89921088298113 0
7671 -0.9501470674127281 0.4048591690499866 0
7672 -14.19570425089751 1.670589376070525 0
7673 2.114894182975293 0.7776458333812737 0
7674 0.9503208986048994 0.4048182778532627 0
7675 -7.665649117213732 0.9595723313125264 0
7676 -7.775014320427993 1.015827865262426 0
7677 7.556641463754527 1.130355094251228 0
7678 7.54052326775426 1.252526645259159 0
7679 7.442941264805711 1.177551997092179 0
7680 2.005198806695619 0.7994271592691771 0
7681 9.131509173604691 1.049440132808626 0
7682 9.018643301134555 0.9708307828962368 0
7683 -0.9743023890935105 0.2934367414786212 0
7684 2.153486336763269 1.442893429288368 0
7685 -8.79483736150798 1.581887947116727 0
7686 -8.900094734244536 1.486585156011751 0
7687 -6.845454579985134 0.9822299686817401 0
7688 -6.946959313734558 1.036216442987129 0
7689 -1.470780085817262 0.172576772421364 0
7690 -6.649279821046611 0.8747454323728481 0
7691 -6.747534613135745 0.9261480038617129 0
7692 7.527422827476507 1.381000135677796 0
7693 7.406705455918186 1.423764720446768 0
7694 -1.039079895635774 0.3418374154265137 0
7695 1.072403349938598 0.01825550753771201 0
7696 1.051484045389827 0.01825550753771201 0
7697 1.840251275449188 0.3427203821112357 0
7698 -2.980818010346718 1.828344907209949 0
7699 -4.288954656592094 0.6598059813931607 0
7700 -4.221988752128118 0.616122032734545 0
7701 1.896960289839267 0.820530124612413 0
7702 9.861362971906331 1.102817114056694 0
7703 -9.616674941344451 1.069645521460007 0
7704 -0.9050469625454087 0.4633834567892983 0
7705 -0.9140441670240226 0.4453681514688893 0
7706 12.77169434332935 0.5779259912571491 0
7707 12.91189824881227 0.498635575439676 0
7708 12.92551282393221 0.6256042711251976 0
7709 -1.597708346076533 0.3615676650844281 0
7710 -1.604363548052496 0.3283556878832432 0
7711 1.582063441545198 0.8755364923207292 0
7712 0.4268178000721918 0.9237406675248585 0
7713 0.4084548243007536 0.9320051720491276 0
7714 -10.28156424980342 1.233718793646695 0
7715 -2.826382884954452 0.1057155546676301 0
7716 -2.867197472975394 0.09483437353456861 0
7717 -2.828454548200836 0.06894708683342786 0
7718 -6.809068738626229 0.5671060602622584 0
7719 9.463894304534868 0.2241191332400934 0
7720 1.117499555324616 0.447812832195318 0
7721 -6.092953186828531 0.9846080242809009 0
7722 -6.18516908138815 1.037627693163023 0
7723 -7.674361599178825 1.204711539294389 0
7724 -7.784189535748623 1.265064570190596 0
7725 -7.780242326923243 1.141514637371667 0
7726 0.1481502206329797 1.186541326898559 0
7727 0.1171325506115137 1.188514640698965 0
7728 4.564032625773683 0.1025775345462535 0
7729 4.626597144769743 0.137013743752067 0
7730 4.564221662747642 0.1546720359318433 0
7731 -9.881698519389261 1.202548604559148 0
7732 1.146594862375852 0.445606133743463 0
7733 1.764121157581465 0.3604547663099603 0
7734 13.5699740597636 0.9683184848062465 0
7735 13.74473527681877 1.086362602975199 0
7736 13.57985039320615 1.169534175267824 0
7737 0.2543207195695402 1.473897673217725 0
7738 7.768930445461772 1.156032653698946 0
7739 7.667707264380044 1.082543358114421 0
7740 8.671532847175211 0.999953952220657 0
7741 8.563705566154461 0.9240619752134902 0
7742 7.570125261431496 1.00756870994744 0
7743 7.472668177831087 0.937180225914336 0
7744 6.937169259647536 1.161199122082472 0
7745 6.920665957663831 1.275979597689849 0
7746 6.83033886430885 1.203321536610617 0
7747 -9.136655638257929 1.087583722891593 0
7748 1.002279331842735 0.3246796057565259 0
7749 0.9956190631220383 0.3443927491176791 0
7750 0.8860327697905173 0.4993961651596161 0
7751 -0.8852730338300052 0.5002888885574894 0
7752 -0.8949883447644249 0.4826504745793203 0
7753 1.749747365085786 0.9287716075997916 0
7754 -5.91318012865282 0.8798564358213828 0
7755 -6.003108758361824 0.9300079097841859 0
7756 -1.473606168398818 0.2499610725683461 0
7757 -1.50545611158874 0.2423084158497014 0
7758 10.24231899919524 1.216110145120867 0
7759 -14.48201753044632 1.468951380186253 0
7760 -14.55156606254 1.67717323294074 0
7761 -14.64706844327986 1.480590484215201 0
7762 6.452701850207227 1.767803844413519 0
7763 6.44322216369464 1.910564895714456 0
7764 -1.416079709652334 0.1883324652498378 0
7765 0.5053556020643902 0.9569113997552992 0
7766 0.5175902181396151 0.9329060214472671 0
7767 14.49445610218111 0.1687360396572336 0
7768 14.3008855188655 0.1687360396572336 0
7769 9.376464480802198 1.065859933151312 0
7770 -1.560741648507584 0.5105937751941134 0
7771 -1.572289748284392 0.4732516456460811 0
7772 -5.392865062177446 0.9729335403028818 0
7773 -5.47726184470794 1.024779135453909 0
7774 -0.4502100729151203 1.436905480481127 0
7775 2.105687858514921 0.5459358575623114 0
7776 2.086015449910218 0.5952985599755171 0
7777 4.288522368139795 0.2629605045985828 0
7778 1.915123485588119 1.350107717023324 0
7779 1.183128339181038 1.276011618998769 0
7780 1.239942862713501 1.267689521722901 0
7781 1.790256444274949 0.8388844677975036 0
7782 5.887530601722768 0.583072007631825 0
7783 2.844004868387234 0.1861689918305423 0
7784 1.564212329989031 0.1714007732467824 0
7785 -2.603658041362348 1.458398338242551 0
7786 -2.680333637734399 1.435557135139074 0
7787 -5.558959520123743 1.284064450885628 0
7788 -5.646671353468003 1.332307889127403 0
7789 -5.650060415186461 1.229080849076999 0
7790 -5.053570209566026 0.9554243078300784 0
7791 -5.132740909632545 1.00740064924637 0
7792 1.442935710797408 0.4980750968495227 0
7793 7.235269361236444 1.887067488037455 0
7794 -1.208217927233581 1.933983447747097 0
7795 -1.998577179988785 1.208909999303992 0
7796 -2.062782576506235 1.193246268539051 0
7797 0.296905627036726 1.37909575303736 0
7798 -0.5543500265406702 1.422476085315012 0
7799 3.98871213137932 0.6186698791903926 0
7800 6.330305993068833 1.289485408181474 0
7801 6.245524047569662 1.218993748786229 0
7802 6.348501366399821 1.180399127805015 0
7803 4.436645807734545 0.5427800492257888 0
7804 1.254304744527092 0.08588411571422089 0
7805 -4.183895030446124 1.096945983353228 0
7806 -4.120976395210479 1.184153629491381 0
7807 4.451264301843867 0.4675707217962713 0
7808 -7.050054536476226 1.334838055852007 0
7809 -7.154240501363946 1.395242418347213 0
7810 -7.154492527649573 1.273117977921891 0
7811 -1.356141282250969 1.086156581396444 0
7812 8.898834672981732 1.029999905232945 0
7813 1.689355280535171 0.377879688927093 0
7814 0.1928568465392871 0.999056222341369 0
7815 0.1730496400801923 1.002686027639258 0
7816 -8.436047514942459 0.9888834599059753 0
7817 6.952761638743917 1.045043026539562 0
7818 6.86129620938666 0.9764574732747817 0
7819 -6.941129503527345 0.0816196489101375 0
7820 -0.6395525807145019 1.027058196295698 0
7821 -0.6558499969226452 0.9992267591813241 0
7822 0.3119424042765054 0.9687302998974392 0
7823 0.2927171393340617 0.9747211347396048 0
7824 1.740321587367754 0.05219275564930113 0
7825 0.2735550310826853 0.980877767274583 0
7826 0.2541041312682973 0.9860896201719807 0
7827 -12.67758585890743 0.1395989640752426 0
7828 -1.463504007228233 1.061224372121468 0
7829 1.50878763009093 0.1858486191290191 0
7830 -7.046531299795633 1.593535107466748 0
7831 -7.157189865368759 1.515924106151651 0
7832 6.313215768800459 1.403551769795707 0
7833 6.295658208026445 1.516425256393434 0
7834 6.209771113464659 1.440953515760416 0
7835 -1.751713825279305 0.598270427663909 0
7836 -3.427509377070661 0.5554241756947124 0
7837 -6.649808013300472 1.103213640063944 0
7838 -6.747727980149861 1.159295604883971 0
7839 -6.749347694395126 1.039969009967437 0
7840 -0.7998670898753933 1.291264894391149 0
7841 1.685258801877163 0.856434780938565 0
7842 -1.36234041489264 0.2041673476493928 0
7843 -5.096152315264135 0.4131998320952236 0
7844 -5.169579777445065 0.4510383575571226 0
7845 -4.737576201758479 0.9288364704223668 0
7846 -4.814045826029433 0.985455807613407 0
7847 0.03196806636847668 1.218786574112547 0
7848 -1.30637191200963 0.0543142795571961 0
7849 -1.330844755597769 0.04752940307176048 0
7850 -1.30775983276071 0.03573079865707254 0
7851 -0.6594731498733727 1.407368575073758 0
7852 1.773408838830123 1.375394215858666 0
7853 8.105521643232635 1.135230318007318 0
7854 7.990828930309569 1.186299572545994 0
7855 6.365276448819654 1.070255160612802 0
7856 6.280012935228472 1.003437703676033 0
7857 -8.680861116614103 1.378708299694299 0
7858 -8.792397536586488 1.306843107424804 0
7859 7.964127827044829 1.912952980252399 0
7860 5.451156200190344 1.111899409946017 0
7861 5.428756741115727 1.21208832419337 0
7862 5.353492069585101 1.14488472430807 0
7863 8.447576820866283 0.9766852638072091 0
7864 -13.55572158356925 0.8076428303275436 0
7865 2.745891039776087 1.92811429808489 0
7866 -0.9335447859567985 0.4431067240883284 0
7867 1.180237448018432 0.01847570354560198 0
7868 5.40899337268374 1.314925029828871 0
7869 5.38649119618206 1.41629543986084 0
7870 -4.430945441483482 0.9156712352324294 0
7871 -4.505119325203081 0.963298061623502 0
7872 -1.182180811240439 0.01726003697911603 0
7873 -5.496125284798637 0.2758385529772271 0
7874 -5.535362193072313 0.1949590480926207 0
7875 6.002340163271207 1.008122913550487 0
7876 5.921152766667088 0.9428689153002748 0
7877 1.33433480963099 1.459810496087973 0
7878 1.385635055824529 1.404593707944293 0
7879 -4.140913368435987 0.8892030010913443 0
7880 -4.209009098770752 0.937154684454184 0
7881 -8.001200352090452 1.263793681592758 0
7882 -8.109124028462237 1.196128639586927 0
7883 -1.591843509501208 0.1116986032829145 0
7884 -1.562662082937951 0.120323352004613 0
7885 -2.124134317749553 0.05608247886312173 0
7886 7.746281629158578 1.788277326421199 0
7887 -7.564083871696289 1.022751996733018 0
7888 2.516073814441781 0.9184869115626311 0
7889 2.508048646092831 0.981513575553707 0
7890 -4.748164177731006 0.5083395170113346 0
7891 -4.682229519501268 0.4664630506581442 0
7892 -6.091071417729105 1.198290495699559 0
7893 -6.18334770303859 1.255145340388081 0
7894 -6.184937700712524 1.147451659234082 0
7895 0.9335585590742392 0.4426823250092312 0
7896 1.474368169691647 0.2713485360519042 0
7897 1.488938184135625 0.2408613059498446 0
7898 5.768948920267624 1.384485680693407 0
7899 5.754355439021214 1.490326079747849 0
7900 5.673309425406923 1.42288485249811 0
7901 -5.264528130968901 0.1286674239187703 0
7902 -1.585193689601748 0.5412567218919847 0
7903 -1.614569983712632 0.5697078203473087 0
7904 -1.627589239970924 0.5296070225856992 0
7905 5.607161889187151 1.248073731637492 0
7906 5.587398520755164 1.350910437272992 0
7907 5.506657503288983 1.281939715466818 0
7908 10.6811083266454 0.5679108201458947 0
7909 10.80950582719256 0.6440838814409167 0
7910 -0.9005425274053798 1.272996754758509 0
7911 -0.05236640765077419 1.016432625477057 0
7912 -0.07246672195450091 1.01521678045845 0
7913 -11.1589558612091 1.887532465786484 0
7914 8.77160324108829 1.083692697871799 0
7915 8.651094037645324 1.135286205024449 0
7916 -6.073199866236914 1.421444398681295 0
7917 -6.177254101377693 1.376173340597368 0
7918 -5.116588786668043 0.1211909542465836 0
7919 8.429863727713254 0.09118910642612504 0
7920 -4.419017191973047 0.4473044210709054 0
7921 -4.481965725889872 0.4888777721475803 0
7922 7.36536489597936 0.9835245338117902 0
7923 12.20431785136276 1.870306581805043 0
7924 -0.2051684858800256 1.073015962161101 0
7925 -0.1900224054181448 1.051141169087325 0
7926 -1.607715755349419 0.4621333386924879 0
7927 -1.636264360700431 0.4890940851836995 0
7928 -1.645767170189811 0.4500714997458122 0
7929 -3.803183251123801 1.363088111264943 0
7930 -3.875897758545304 1.411204289418992 0
7931 -3.887548258939191 1.321410573901343 0
7932 1.884514532218064 0.443239650772601 0
7933 1.872063687277361 0.4825593254576539 0
7934 1.843483488778947 0.4510819603709305 0
7935 2.89184455385962 0.1793123016520713 0
7936 -10.66172096571495 1.124586181514375 0
7937 -10.669627161856 1.280370003549363 0
7938 -0.1486085478372643 1.051083435960218 0
7939 -0.1334909612281251 1.07373780336355 0
7940 -12.07656470215291 0.27868765218961 0
7941 -6.287405531148113 0.0737240055925045 0
7942 -6.376481548907005 0.0737240055925045 0
7943 -6.556869222630285 0.9295412076148422 0
7944 5.469087230355269 1.012323537828901 0
7945 5.394166273398024 0.9491678532594179 0
7946 -2.823869843070022 0.5534018608890223 0
7947 0.9880540195147445 0.3671764833707765 0
7948 0.9800019707631975 0.3864272770190224 0
7949 -5.384677561964661 1.176384065315627 0
7950 -5.470849771056699 1.230414432708028 0
7951 -5.476176372750166 1.126807043442823 0
7952 -3.716723853113713 0.9204014560307787 0
7953 -3.779830078785186 0.9687021112102654 0
7954 1.18226177934294 0.2325312696562447 0
7955 0.8741606628331628 0.5525156625202436 0
7956 0.8541629887258702 0.5523724529274436 0
7957 -4.830569978557804 0.115538943298062 0
7958 5.140587495757025 0.9441990266193917 0
7959 5.070178229824537 0.8824458112752602 0
7960 3.804064552759447 1.416071720716545 0
7961 3.77580187753508 1.504142734056372 0
7962 -4.693187829383868 0.1129262439184735 0
7963 -13.37378359942864 0.1386573956807878 0
7964 0.392780472254522 1.374109584543699 0
7965 -7.75406482668048 0.08650841129287667 0
7966 -7.808700006784127 0.175396405495111 0
7967 2.608687241895383 1.516047964761315 0
7968 2.568111474054574 1.599486150023832 0
7969 -5.086868976287303 0.5801579408749834 0
7970 -5.166344671059653 0.5370328218776894 0
7971 7.641123026425324 1.333803232836846 0
7972 1.517439028055029 0.485941780291841 0
7973 10.20556533971743 0.3624772218493035 0
7974 10.12780052551834 0.4800227378101463 0
7975 -7.256515105371699 1.211711463972414 0
7976 -10.40077200594984 1.146109129583204 0
7977 -10.52267677619873 1.057968647793042 0
7978 -1.234539754981509 0.1243047686849995 0
7979 13.82132409776473 0.3172866802168123 0
7980 -4.55913205115781 0.1102380987690151 0
7981 -11.34427478842347 1.153127205432046 0
7982 -11.49057547276365 1.219252979303615 0
7983 -3.452435101480125 0.8819603848611378 0
7984 -3.512617674946745 0.9285523113162127 0
7985 -4.971535676104908 0.1177498965949857 0
7986 -6.948787112003185 1.154382295107075 0
7987 -4.42852002482643 0.1074833402397171 0
7988 -1.355762630397394 0.03692282869829579 0
7989 1.260887004913189 0.03756881229530105 0
7990 1.249475140754642 0.01780128546244219 0
7991 3.61546049744881 1.002297345179359 0
7992 3.595368208774172 1.075530700543998 0
7993 3.540953275363375 1.017874251006899 0
7994 6.758907212748834 1.01852757751736 0
7995 3.087289966181144 0.9930300739601616 0
7996 3.062446530625434 1.063874160029474 0
7997 3.01225991748672 1.009685416090281 0
7998 -11.21431366231128 1.244732872677152 0
7999 1.964835137965018 0.2767060494912934 0
8000 1.927644877962142 0.2864259468381459 0
8001 -5.460356826539458 1.437120213282363 0
8002 -5.467460709338239 1.333641472758432 0
8003 5.737960603589343 0.1470914014383169 0
8004 4.503136747463728 0.9808434896953697 0
8005 4.43713030815101 0.9229304479545588 0
8006 0.6711349787918144 1.084278173354625 0
8007 0.6540634178472238 1.051586077611317 0
8008 3.04086931846967 1.138230800135911 0
8009 3.014235374513524 1.213298142410239 0
8010 -0.9145792816566869 0.4813107593247296 0
8011 6.181438872058509 1.041483187740305 0
8012 -4.301227263737987 0.1047739877897132 0
8013 3.227921727153301 1.549586103575497 0
8014 3.140941633899475 1.569374687992467 0
8015 0.4887680451789873 1.368586621318063 0
8016 -0.9852876819305931 1.04517586178694 0
8017 -0.9377209928599622 1.055803362477751 0
8018 -3.253254126147115 1.407123287187485 0
8019 -3.328928997690901 1.468548361183903 0
8020 -3.341586541960002 1.382588017557791 0
8021 1.403151775982244 1.100311821201024 0
8022 -4.17711600779974 0.1019932301408103 0
8023 -5.825522721699584 0.9300449224939146 0
8024 -3.030394080065474 0.03997983054313678 0
8025 -3.077045172611784 0.03997983054313678 0
8026 2.989786753073942 1.291710918160122 0
8027 2.963579795819338 1.37021726271398 0
8028 1.980832669706809 1.539571137082108 0
8029 1.951943464501124 1.617009983336975 0
8030 1.905907950742895 1.556852215218031 0
8031 -5.737731460810396 1.177990723568264 0
8032 -5.650019627466137 1.129747285326489 0
8033 1.530436647211429 1.351504063021424 0
8034 1.503120388436875 1.409385061845368 0
8035 1.464530125272348 1.355591051814794 0
8036 -0.5399417846206643 1.078781042916937 0
8037 -0.5581749985677207 1.051705644093145 0
8038 -5.306683021869794 1.019975776815082 0
8039 2.252076497649529 1.509011324394749 0
8040 -4.055918565736629 0.09953883310172251 0
8041 7.015964294583227 1.35266470821218 0
8042 6.909133899244541 1.394787122740325 0
8043 -3.067484206356814 0.8919428072660404 0
8044 -3.12267733255834 0.9377341201351732 0
8045 0.8699836957713115 0.6610745402430646 0
8046 3.993892856484139 0.9005550057762597 0
8047 4.053764176629716 0.9568787484104813 0
8048 -7.261627856542106 1.454204028221534 0
8049 -3.436119627447604 0.4902555158551914 0
8050 -3.493667573719916 0.4661421715736969 0
8051 0.5865513225273415 1.363331956120788 0
8052 -2.717589550532018 1.278783955917181 0
8053 4.692017932425583 0.1053501596269777 0
8054 -6.277445366697635 1.094482537851545 0
8055 2.308540877154343 0.4985651369060197 0
8056 2.293096584509607 0.5479311710998669 0
8057 -3.153476544617575 1.13750390321393 0
8058 -3.212323359789129 1.187249288303699 0
8059 -3.2250900811377 1.109665555510844 0
8060 -3.125632320379119 1.296236116701757 0
8061 -3.188233243952725 1.349273770479051 0
8062 -3.20331074684261 1.268125289784079 0
8063 7.536128734411825 0.08406374709933147 0
8064 -2.145434587501639 1.110391784448189 0
8065 -2.164579378651831 1.046592982094719 0
8066 -2.11215049481742 0.4544472869616319 0
8067 -2.146881532849191 0.484709717545528 0
8068 -2.155269735032839 0.4406291321337121 0
8069 1.056126410930613 1.792821560554889 0
8070 -2.11089894643904 1.242689471667678 0
8071 -2.129462014576316 1.177225301730617 0
8072 -10.4168826367367 1.296255952734253 0
8073 -1.54372432015297 1.309744677594549 0
8074 -1.5873100913256 1.359078607730718 0
8075 -1.610639619637289 1.297453772055399 0
8076 3.979321138514717 1.380032960165149 0
8077 3.957526399648005 1.468208025955457 0
8078 3.892216932210943 1.393307273283976 0
8079 -3.69230516039068 1.082284247203263 0
8080 -3.756541440529845 1.133267336528639 0
8081 -3.770071549551075 1.050625081594553 0
8082 1.293065046069585 1.116784946582594 0
8083 -3.823574524611371 0.09307343670991849 0
8084 2.499464449923912 1.050007203674174 0
8085 -10.14547149415538 1.899424327621753 0
8086 1.659728143637616 0.5553124089288382 0
8087 1.707881390761038 0.5491240188890387 0
8088 -2.13762928410732 0.9399691835800847 0
8089 -2.179792301230992 0.9835511893922357 0
8090 -2.197786358394417 0.9233358790772714 0
8091 -3.712022366536265 0.08929248137548718 0
8092 5.827464350562046 0.9777819364055715 0
8093 10.34497979376849 0.359784637009557 0
8094 7.043088732098898 1.117701087618794 0
8095 -7.647303874902587 0.08650841129287667 0
8096 3.635711957922948 0.9253779238821207 0
8097 3.581102086631153 0.8706211818760186 0
8098 -0.8723905529175202 1.374787610727881 0
8099 -0.8620052335447033 1.429539347128117 0
8100 -2.912507620497903 0.07188380460145478 0
8101 -4.968675654675303 0.9964914982488567 0
8102 3.501585072369739 0.0930473749069257 0
8103 13.58103083523844 0.774976334245807 0
8104 -7.994241144904824 1.640938485927022 0
8105 -7.993915590157875 1.499686513158682 0
8106 -7.896672379357609 1.591808043783497 0
8107 -1.002192949892523 1.253542091266871 0
8108 -1.213947890322067 1.214704099953617 0
8109 4.301402321440829 0.1097924840541905 0
8110 -3.733693754419471 1.30425134780223 0
8111 -3.746804401443568 1.219110448942322 0
8112 -3.603826706455686 0.08746094548439198 0
8113 3.851383849619693 1.242218255219665 0
8114 3.825859291626158 1.327896654926237 0
8115 3.763231470168197 1.264982702652234 0
8116 -1.106409400083653 1.234376714147686 0
8117 -2.460584323032365 0.9623361088551972 0
8118 -2.506815706881524 1.007981543262517 0
8119 -2.522215152468815 0.9452104053612944 0
8120 -5.02474431544282 0.447557192045574 0
8121 -2.485018182938751 0.3597333666736633 0
8122 -2.468898670136639 0.41073151358424 0
8123 -2.832613525653943 0.8456318648607687 0
8124 -2.884485416574223 0.8898521224646385 0
8125 -3.499272927598455 0.08944461385832239 0
8126 -3.110448395714584 1.011151999998731 0
8127 -3.038433379595379 1.036576397362321 0
8128 -3.094228249846941 1.085344567784665 0
8129 -3.213032420556492 1.580691285223191 0
8130 -3.31018699618696 1.56295345416264 0
8131 6.121415022043168 1.892102552879077 0
8132 4.058629941491724 0.1004153590273297 0
8133 1.187540713849183 0.528354877458832 0
8134 -4.657973139795362 0.9768909807065078 0
8135 -6.002816986936333 1.035996700048845 0
8136 7.817618170222889 1.912952980252399 0
8137 -3.63324153618928 1.41476192070891 0
8138 -3.70273103289361 1.473598684171623 0
8139 -3.722043254025585 1.394045063319878 0
8140 -2.25950949270898 1.411847052235046 0
8141 -2.315538606548167 1.465880344400571 0
8142 -2.334883194776877 1.385676963031498 0
8143 3.729315729510669 1.119629048831059 0
8144 3.706174317787551 1.198371441477723 0
8145 3.646734019136488 1.138696187363121 0
8146 6.384206897620527 1.596750703913426 0
8147 6.280762242284727 1.634152449878134 0
8148 0.2905332504808292 1.124399610439253 0
8149 0.3234394753835768 1.113219905840235 0
8150 1.220625804471615 0.7028801071408526 0
8151 -3.06454299434689 1.24100665707839 0
8152 -3.08146152849837 1.16292830057752 0
8153 -2.490545437280963 0.8372802139757077 0
8154 -2.537255189734287 0.8806567742322287 0
8155 -5.303559592398173 1.789945522552625 0
8156 1.972692767760631 0.02765640062576589 0
8157 1.940217069813555 0.02765640062576589 0
8158 6.450058394318826 1.140746820008047 0
8159 6.416193087630619 1.364957148814493 0
8160 -6.271120384361112 1.325334504131891 0
8161 -10.98707651137692 1.887532465786484 0
8162 -0.7569766929778308 1.710099912046978 0
8163 -1.509311055977514 1.257804219890362 0
8164 -1.485981527665825 1.319429055565682 0
8165 -0.3766661130578037 1.118901083195317 0
8166 -0.3953057115636571 1.095114211338126 0
8167 0.208283082225161 1.178896713070816 0
8168 -2.480142976666693 1.639468683485641 0
8169 -2.5631980648138 1.613575313844098 0
8170 3.06419826548637 0.452557478298975 0
8171 3.022518813683841 0.4141913814950641 0
8172 -3.294284077263597 0.08659391640674194 0
8173 -1.582123398272152 0.06971220600703854 0
8174 -0.8423645004550863 0.5701658491290693 0
8175 -0.8534676102802425 0.5533663888272793 0
8176 0.8430598789008585 0.569171913229118 0
8177 1.187367318953345 1.132084003125488 0
8178 -7.786423789964802 1.646567042649877 0
8179 -7.636651378338005 1.669675743830105 0
8180 3.106821105608531 0.9224884036953661 0
8181 3.05683144594869 0.8719371595084897 0
8182 -5.563434053799975 1.07880950284631 0
8183 -2.641914406492508 1.592749053743993 0
8184 -2.726822665342294 1.581594328917404 0
8185 3.09706001669183 0.07984133057754357 0
8186 3.249479396231918 1.462877018149966 0
8187 3.18643693842446 1.398737576959335 0
8188 -2.834005181283334 0.4957409766556588 0
8189 -2.886305270260155 0.4767924729293236 0
8190 -1.572182989925616 1.034302889326591 0
8191 -1.58696661729615 0.980987073626441 0
8192 0.1912379478140994 1.153034875614303 0
8193 -3.195708135891893 0.08267912060508525 0
8194 -2.128244482874067 0.366367335019249 0
8195 -2.162874890022437 0.3948967569052062 0
8196 5.303762976952068 0.9801271155760805 0
8197 -1.720156015246079 1.519813374017602 0
8198 -1.769893513211952 1.575251642441903 0
8199 -1.797201788812489 1.507079040260548 0
8200 0.9426831647039328 1.124639276209981 0
8201 -2.969899273445522 1.344721882010822 0
8202 -3.030988599477752 1.39995134163419 0
8203 -3.049465491457005 1.322155137773361 0
8204 -1.029623014492582 0.2238680246593085 0
8205 1.113520940524659 0.7113260905718175 0
8206 2.877969423709364 0.4058469516230288 0
8207 2.839017687084116 0.3686581967985697 0
8208 4.984967482755313 0.9104040947888272 0
8209 -4.614239308897622 0.4998366274978173 0
8210 -13.62094123808331 1.196688802051322 0
8211 -13.60582327729612 1.003921764477597 0
8212 0.686463943873858 1.358663064392413 0
8213 3.392701080758238 0.08714678344723822 0
8214 7.144247729935442 0.07407864064680333 0
8215 6.082832143963678 1.076129658671568 0
8216 5.986013984018516 1.111193665151215 0
8217 7.432094445279464 0.08406374709933147 0
8218 7.379505529917287 0.1663581017131897 0
8219 -9.96407600301162 0.8420138885593402 0
8220 2.420991545931827 1.135758584972558 0
8221 2.362991907427274 1.161899361045619 0
8222 -4.356609410115794 0.9517866205570958 0
8223 4.745110336712498 0.9874788976336603 0
8224 4.661928811614203 1.013997262515134 0
8225 3.19328144972399 0.08006945317296672 0
8226 -7.786098235217853 1.505315069881537 0
8227 -2.52494169968364 1.479224598342656 0
8228 -2.585534068284264 1.537115625427562 0
8229 1.151248273147889 1.491609078072412 0
8230 1.118893101473462 1.557008032252688 0
8231 1.083515532482397 1.502429579621654 0
8232 2.911368239771499 0.07716526301726634 0
8233 -4.066789133982248 0.9213916658848327 0
8234 13.22436554896054 1.303874310235676 0
8235 13.20834651226908 1.44142297815777 0
8236 13.06280004582539 1.348063648881389 0
8237 3.128603421142575 1.334145942099791 0
8238 3.069873533568749 1.274344873862113 0
8239 -5.206081859627526 1.074158015627767 0
8240 13.00026115013907 0.4080791098861252 0
8241 12.84644266953621 0.3604008300180768 0
8242 -4.353955979297018 0.4782280356703519 0
8243 5.544667045612868 0.06122500848686582 0
8244 -1.520676497064962 0.4192169229670232 0
8245 -1.554988506543234 0.4086066428031405 0
8246 -2.014736128211529 0.3657910413609083 0
8247 -1.982917536691992 0.3382626522228744 0
8248 1.036953489398692 0.1632040605874467 0
8249 1.033631574221102 0.1826980323701086 0
8250 0.8956127847775506 0.516772287816299 0
8251 -0.4896842448434629 1.225232793406368 0
8252 1.99202531582012 0.3037494383190182 0
8253 2.022907102286653 0.3307700413265249 0
8254 1.986105517186715 0.3419914555596791 0
8255 14.86110954508118 0.4046603609797415 0
8256 14.86110954508118 0.1546603609803293 0
8257 1.125835481763671 0.03414489860249551 0
8258 1.115155224766935 0.0161935361005642 0
8259 -8.219330559995203 1.129389664707672 0
8260 -8.326971323165935 1.060360291991764 0
8261 0.78900153407365 1.353872126275947 0
8262 -1.207273281831884 1.372734023341996 0
8263 -1.246099066226614 1.420521544481105 0
8264 -1.270024756881252 1.361438577985014 0
8265 2.875789513571464 0.8484842870841478 0
8266 2.831010811774347 0.7997993194574579 0
8267 0.3303115396069244 1.038315107583082 0
8268 0.3529423660673175 1.015853816570131 0
8269 2.737127656763078 0.07017111355469999 0
8270 -1.131008729197753 0.7142039041445774 0
8271 -13.10709929430429 0.2831678535054125 0
8272 -13.1946687649491 0.1386573956807878 0
8273 2.605598958844573 0.3807074286816169 0
8274 2.570362503901415 0.3450172617782296 0
8275 -3.244726193836145 0.3346907105118214 0
8276 5.572805039508754 1.456750836327435 0
8277 4.356695714211661 0.9473563762556398 0
8278 14.29129013090755 1.50420493209405 0
8279 14.39570846025227 1.304048241444337 0
8280 1.756523997644321 0.07846784799524087 0
8281 4.477656485265431 1.244773829739707 0
8282 -2.654344842575048 0.07316147192140239 0
8283 2.477082297630188 1.12231896891324 0
8284 2.65158269850573 0.06869023446154789 0
8285 -1.201057531573928 1.546425657538216 0
8286 -1.2261673911363 1.483858293417385 0
8287 5.544351901885895 1.079527137714202 0
8288 -1.066445791380643 1.564644733859914 0
8289 2.124360413964744 0.06050917663943906 0
8290 -5.461926160403296 1.542725336507738 0
8291 -5.557139792269122 1.492896614161407 0
8292 -2.406202631793624 1.36559225756863 0
8293 -2.466988990688894 1.420108783177333 0
8294 2.416354712380776 0.06973414138666385 0
8295 -5.21693281403444 0.1896162528890137 0
8296 -0.324786689700608 1.030982608649762 0
8297 -0.3122378534718452 1.010385291853966 0
8298 -4.65805536771006 0.1741508554988648 0
8299 -4.725928486427829 0.1756914676943492 0
8300 -2.488424810220445 0.06959978792140833 0
8301 -3.644429138973811 0.9506950413675155 0
8302 -2.375012800392284 0.07540999757055772 0
8303 -2.340275899267749 0.05770786525172195 0
8304 2.265381456506161 0.06204210722823231 0
8305 2.193672823964011 0.06095219310076393 0
8306 -3.553325366363083 0.4394789053242185 0
8307 -3.608141953038736 0.4154702004407677 0
8308 2.338864354418076 0.06325232598327964 0
8309 -2.293862120507142 1.260489036755717 0
8310 -2.350173517954437 1.311558965403106 0
8311 -2.365181557523889 1.240404331292849 0
8312 -2.170477879732628 0.8228021772322263 0
8313 -2.21304819634659 0.8635964200440838 0
8314 -9.019783634151674 1.161314144972385 0
8315 1.641937936393942 0.423153399967786 0
8316 1.605210491956108 0.4318356225102422 0
8317 14.86068434848797 1.594425550858794 0
8318 -8.905798049346735 1.23536579310132 0
8319 -2.193550957434443 1.159834987576816 0
8320 -2.243224272292857 1.208001453752352 0
8321 -2.259196845218179 1.141167936469924 0
8322 0.5483937564160501 1.503012317565488 0
8323 0.5405480134463727 1.449841879250645 0
8324 -4.395601864056276 0.1661172568025925 0
8325 -4.460031230879366 0.1677244823779165 0
8326 -14.85830848768678 1.59440616848519 0
8327 -14.85830848768678 1.844406168484844 0
8328 13.92102666763627 0.7897019222770292 0
8329 14.07022397978164 0.875848367670282 0
8330 13.88405625552159 0.971293357906874 0
8331 -1.340043846728468 1.139694403207596 0
8332 -1.393357342563202 1.127627180788649 0
8333 3.918269057633774 0.921778170155837 0
8334 2.69024857123421 1.500873271719815 0
8335 5.207708998370759 1.010829255331228 0
8336 1.014184249956612 0.779305544292241 0
8337 0.9817792413769625 0.7812587447441134 0
8338 -1.548411711139992 0.1763225347289488 0
8339 -1.571095884143906 0.1966298909093926 0
8340 -3.384420739635475 0.9083686961314672 0
8341 -4.740499786963158 0.5903189312551841 0
8342 -4.809535011716017 0.5568995525115887 0
8343 -8.44181969553032 1.120764913073342 0
8344 11.5923625646862 1.146968072813205 0
8345 -7.359384541662356 1.148236979892113 0
8346 -7.46108535907887 1.085457879623535 0
8347 9.582883207000876 0.4539539803556968 0
8348 9.524435640278355 0.3361205777159226 0
8349 11.37150346685425 0.1181726251676337 0
8350 0.8084284143556895 0.6183722715685074 0
8351 0.7960095135678182 0.6342238272472196 0
8352 -0.794701902992192 0.6365000389434921 0
8353 -0.8071208037801597 0.6206484832647658 0
8354 -9.981632798340382 1.899424327621753 0
8355 3.509196607520082 0.8902419030400837 0
8356 -4.145876357086319 0.1574765283176013 0
8357 -4.207124218759214 0.1591551590918244 0
8358 10.95129589762442 0.5750031235366269 0
8359 -4.199787598364984 1.027378113032097 0
8360 -4.276844667118491 0.9954274682160171 0
8361 0.06059796895899271 1.063155663667627 0
8362 3.27467777974646 0.4497625405689479 0
8363 -1.624512397307071 0.3871900824894813 0
8364 -1.653602924152454 0.4114846252497806 0
8365 12.76556048910575 0.2569219193047708 0
8366 12.67985202412333 0.1219997370725078 0
8367 -1.286616652139366 0.6933336403262484 0
8368 -5.992911876109183 1.341617548270579 0
8369 2.300262371893666 0.8541152738571708 0
8370 2.260455148143365 0.8089704476047781 0
8371 -2.941958381584607 0.4553604564439846 0
8372 -2.993559534712746 0.4361388853715881 0
8373 1.916955040455209 0.3243534345966254 0
8374 -4.481180570564474 0.5620476443805906 0
8375 -4.548564509491699 0.5310842314737151 0
8376 6.175468586881764 1.669016054058148 0
8377 6.078154326000385 1.69094524054228 0
8378 6.094899291809265 1.575756188842275 0
8379 8.333488455971167 1.030454451193837 0
8380 8.217934882004307 1.081841445024448 0
8381 -6.800300746123934 0.160939906900793 0
8382 -6.844864459913202 0.0816196489101375 0
8383 1.040636607332 1.243338550055992 0
8384 12.43034094562944 0.2508371217863948 0
8385 12.5312871778932 0.3815320249773032 0
8386 -1.413368105394025 1.779770429640756 0
8387 0.924158870709364 0.7803678714820665 0
8388 1.90767320942132 0.3636427988233897 0
8389 1.896297201186027 0.4026559333457893 0
8390 1.867310341954944 0.372749151163478 0
8391 0.9367823983112888 1.252977713231765 0
8392 5.621566557068164 1.144915766339924 0
8393 5.702307574534345 1.213886488146099 0
8394 4.529659449514635 0.3018606616702849 0
8395 6.655149090271413 1.059120309138388 0
8396 6.553079699038187 1.100164688530564 0
8397 7.334577749967814 1.222255007874185 0
8398 7.350695945968081 1.100083456866254 0
8399 0.501955713991322 1.049107201101461 0
8400 0.4862270753614726 1.07537190999479 0
8401 2.96960397370557 0.4299049475905174 0
8402 7.257001381141462 1.028227544593797 0
8403 7.15050677116273 1.073165729862072 0
8404 0.4072203046420307 1.104077821601696 0
8405 0.3866220009691543 1.131610290163287 0
8406 1.969149646826357 0.4227685308331882 0
8407 1.957366977858395 0.4633522482599999 0
8408 1.924877399684441 0.4341332984325127 0
8409 3.517833069823992 0.1479279041840742 0
8410 3.461246021760122 0.1432549501293142 0
8411 -1.665640654811316 0.5175451836390235 0
8412 -1.695131648083781 0.544874395040402 0
8413 -1.703806768813288 0.5043614576384023 0
8414 -12.08890009679304 1.32867349697296 0
8415 -12.22736756260248 1.23661752699765 0
8416 -2.325132650393927 0.3764231339575441 0
8417 -2.36742835166216 0.3594409721459705 0
8418 14.86068434848797 1.844425550859452 0
8419 -3.84406635892435 1.01968520053564 0
8420 -4.556968973711003 0.2557012747395662 0
8421 -4.492450186165312 0.2128650868358833 0
8422 -3.001643618893358 0.9155801118946966 0
8423 2.940909057446367 0.5986602143024642 0
8424 -7.342143468726314 0.2485898227045024 0
8425 -3.274924283362735 1.240286942080993 0
8426 -12.32728138117924 0.4056291037033068 0
8427 2.788835400493412 0.3825853331336065 0
8428 6.146917319474831 1.253640219717492 0
8429 6.165112692805819 1.144553939341033 0
8430 -1.988781402268769 0.05144112562869756 0
8431 -2.770937173574575 0.8663392359265543 0
8432 -3.894371011887885 1.234091252802588 0
8433 -3.101989037845485 0.08052822676253557 0
8434 2.990405757306224 0.8869690688664681 0
8435 4.751442897794767 1.923791427445052 0
8436 -0.9225314781004424 0.5860892793618852 0
8437 -6.953458621843339 1.506866845792084 0
8438 2.523437170407798 0.3566521329977412 0
8439 11.68643123374739 1.894368561139522 0
8440 1.313760776879912 1.705875256386374 0
8441 -2.431071983356236 0.8562985532117086 0
8442 4.113827762211663 1.015887440529385 0
8443 4.03538501811373 1.037332966765257 0
8444 -3.824570790603964 1.187451283333612 0
8445 -3.904108050974162 1.148248140388905 0
8446 1.134578544547754 0.4698007378966215 0
8447 6.598517886118654 0.1443228970760835 0
8448 6.556296081633368 0.06943890023311883 0
8449 -1.766441757605141 1.383636007908158 0
8450 -1.816384847862875 1.435659556072264 0
8451 -1.8353623146214 1.367654792144174 0
8452 -3.501094047819145 1.005718663769349 0
8453 -3.571499381408112 0.9789144429189884 0
8454 5.217852969877805 1.720830992083359 0
8455 5.336696230893065 1.713645163578307 0
8456 2.768207757489929 0.8125367814807671 0
8457 -2.087409642170344 0.3814785891181127 0
8458 -0.682803745199219 0.7554341015871893 0
8459 -0.6976045928336878 0.7417799511735221 0
8460 0.6984257630398678 0.7432906661197455 0
8461 0.6836249154055306 0.7569448165334025 0
8462 -1.636831394253454 0.3189141022023241 0
8463 9.395741964545824 0.3348094629364392 0
8464 3.572226797051053 1.154273093190661 0
8465 -12.53395737951221 1.579170585466131 0
8466 -12.42213656736417 1.432290718435442 0
8467 -1.969771142001124 1.60497803800346 0
8468 -2.036900937785071 1.660539325840871 0
8469 -2.058758182713577 1.584601202727867 0
8470 -1.94448572490212 0.3517926210437614 0
8471 -3.294717009021368 1.083205563003068 0
8472 -3.235870193849816 1.033460177913299 0
8473 -7.926240197600347 0.4211250467694901 0
8474 -11.68554965991975 0.1044304872504435 0
8475 3.712641290920142 0.0892486197273127 0
8476 -1.51997877123641 0.1850269507821507 0
8477 2.038485513165196 0.2549295435711359 0
8478 2.001636723064957 0.2654846352581391 0
8479 -0.9449046513581238 0.8661177757595236 0
8480 -6.041347270974167 0.0646678700053943 0
8481 2.007963407638205 1.465261768743669 0
8482 1.961152396664331 1.40776611482622 0
8483 3.208529230487545 1.028452499734776 0
8484 3.264968904968443 1.083177656883036 0
8485 -1.038709735237595 0.7908910248107541 0
8486 -0.7680148241504325 0.6679263716658757 0
8487 -0.7810619309787639 0.652587730343134 0
8488 -8.64822135557543 0.3012226919309218 0
8489 0.7833396446126925 0.6509814927954851 0
8490 0.7702925377844694 0.6663201341182081 0
8491 -0.8505160504375892 0.5891983027618904 0
8492 -1.866122345828747 1.491097824496564 0
8493 -1.919283836853996 1.545778611787652 0
8494 -1.938466895904381 1.474359127599368 0
8495 1.075693509355675 0.1660499832569275 0
8496 -1.624643632530651 0.2075434858664045 0
8497 -1.654034937212214 0.198012791631709 0
8498 -3.76891841930864 1.550317545725242 0
8499 -7.36154792882795 1.270047856336795 0
8500 -0.7842258481618301 1.342269643551947 0
8501 -0.8345756855186629 1.333760457097228 0
8502 0.7818885111443232 0.7489562489061208 0
8503 -12.25593313944496 0.5167737405918602 0
8504 -12.1341539843786 0.6173453419608732 0
8505 -7.567415877736026 1.143867489365976 0
8506 -7.571363086561406 1.267417422184906 0
8507 6.726580741831429 1.243914268231644 0
8508 6.743084043815136 1.129133792624267 0
8509 12.50976950084559 0.1219997370725078 0
8510 0.2659187617667751 1.124199932567932 0
8511 1.369505689517691 0.2997660862513821 0
8512 1.173006460139993 0.7934371187947666 0
8513 -3.175575699683624 1.435234114105163 0
8514 1.168844994361418 1.182024985192773 0
8515 1.148126864277024 1.231155631865647 0
8516 -1.672730927149725 1.283296255522187 0
8517 -1.719822307586792 1.331209473085818 0
8518 -5.289403001415861 1.126958914863108 0
8519 1.990656880694849 0.05728464993098653 0
8520 3.690126891333745 0.9830343734192188 0
8521 -0.9045064557134178 0.6057627427599487 0
8522 -6.370641156893163 1.039816544846407 0
8523 -6.462958142063949 0.9850849439973013 0
8524 -3.178472202809903 0.9865022905575177 0
8525 7.872227246453743 1.232154067138127 0
8526 7.092493849775274 1.528379145788554 0
8527 7.099407072225753 1.665179382478221 0
8528 2.539658175299484 1.686365481298574 0
8529 2.450744866246032 1.713614678373402 0
8530 -7.787327816307433 1.389408771564238 0
8531 -7.89320854405185 1.326211869641515 0
8532 -0.2202829653757139 1.118630386212405 0
8533 2.468732548194621 0.8734652478900258 0
8534 2.408140538959569 0.8859683176023467 0
8535 -1.590414513608261 0.3974883358495473 0
8536 1.593867198721657 0.4707138880673695 0
8537 5.733059470106702 1.01155273781477 0
8538 5.639497587233087 1.045339894222808 0
8539 -1.793473651477104 0.4015307137233445 0
8540 -1.830816418327867 0.3889037546479333 0
8541 -0.5508636638978633 0.8548967243932093 0
8542 -0.5676631241996763 0.843793614568098 0
8543 0.5698516910568459 0.841988857853661 0
8544 0.5530522307552098 0.8530919676787747 0
8545 3.111500883922206 0.4932469870464298 0
8546 3.057400472110277 0.5093184291262497 0
8547 2.634644004631271 1.667739719891228 0
8548 -0.7394526456774951 0.697914907213144 0
8549 -0.7531067960912015 0.6831140595787074 0
8550 0.7550728567256633 0.6823347801818949 0
8551 0.7414187063120836 0.6971356278163034 0
8552 3.157007718747245 0.9766771476345594 0
8553 1.828875267213895 0.3817335166336353 0
8554 -2.115024619180541 0.8384045942695362 0
8555 10.35248523378505 1.278505584326328 0
8556 1.804694494635526 0.4585965085196038 0
8557 1.81714533957623 0.4192768338345509 0
8558 -2.134512854297082 0.5336216534629475 0
8559 -2.177632094512501 0.5198034986350277 0
8560 -8.910429611116054 1.368082897751061 0
8561 2.203995802837786 0.8180735155910628 0
8562 0.9747504155266233 0.469383773409947 0
8563 0.9820940952697035 0.4457879150877905 0
8564 2.046558864268766 0.8459776931320896 0
8565 1.992044857019161 0.8574058171873601 0
8566 3.944632422351488 0.09730238127403373 0
8567 3.913564829350557 0.04842026619265641 0
8568 5.279837550078408 1.075397949815864 0
8569 -2.870359259264744 0.9592342014054004 0
8570 -2.934507555014216 0.9381584731537687 0
8571 3.103258429411052 1.417349284471539 0
8572 0.6657706773902088 0.7669002896015602 0
8573 0.6504320360675554 0.7799473964298624 0
8574 -3.233661110561949 0.3932278385177329 0
8575 -5.65110509942391 1.027719377337575 0
8576 -5.737881779009807 0.9786752096267266 0
8577 -1.353619031609191 1.726005288939173 0
8578 11.44855483619727 1.22040464647458 0
8579 2.209781925543964 0.09156980914878739 0
8580 2.174532117774707 0.09081989071050747 0
8581 -6.370409776217537 1.149640510917466 0
8582 -3.611278090581365 0.1964135472847708 0
8583 -3.562542031502828 0.1658711896839565 0
8584 0.8291794510814333 0.619837576449326 0
8585 7.757520267695048 1.281451155857389 0
8586 -1.645382840869247 0.6007643436313344 0
8587 7.13491439206635 1.189321825404982 0
8588 2.63854561289761 0.4192173214763921 0
8589 2.591137907861098 0.4295598331808559 0
8590 13.3875005957776 1.224361848305464 0
8591 1.715219025226142 0.4063977219871899 0
8592 1.678148191306523 0.4150726258757554 0
8593 1.636552627120021 1.395994965705979 0
8594 1.593724466587837 1.342316565089978 0
8595 2.917692773348165 0.9015580038107376 0
8596 -0.7828556139846035 0.9379753303133659 0
8597 -0.5855245090470795 0.832282688632618 0
8598 -0.6018632678005871 0.8205121373875144 0
8599 -1.583927341068902 1.18967547586545 0
8600 -1.629145155977096 1.233962325386018 0
8601 -1.322927329862021 1.192833077582408 0
8602 -2.583486573583446 0.9263022086395485 0
8603 3.446256917521939 1.650801030645535 0
8604 3.348247768700329 1.661737302554505 0
8605 -2.267305774222575 0.4883759887645658 0
8606 -2.303706022719093 0.5218987228027685 0
8607 -2.197605928054208 0.4251591874891022 0
8608 1.976823686152826 0.3812808197864435 0
8609 1.945941899686292 0.3542602167789368 0
8610 -1.906679059036805 1.109421667451812 0
8611 -6.424731795073396 0.1452780225023404 0
8612 -6.468123691170727 0.07155401690983593 0
8613 -1.793480229109615 0.9187905964843504 0
8614 -1.846214603712722 0.9042765216150568 0
8615 0.8520403643815875 0.5869759768633429 0
8616 -1.559177035021954 1.089795247538555 0
8617 -3.978441585568634 1.113304247584822 0
8618 -3.908641364284713 1.066664278115846 0
8619 3.856186294856451 0.04842026619265641 0
8620 1.821872187471039 0.8798055407855208 0
8621 1.768892851513468 0.8884850426826458 0
8622 8.579458275404756 1.383346718653601 0
8623 8.634256322853112 1.249285436169713 0
8624 -2.411297367914889 0.05888721805580822 0
8625 -6.947498641560273 1.2754745982347 0
8626 -6.947246615274645 1.397599038660021 0
8627 1.929643141771157 0.5410202343812953 0
8628 11.21814214223692 0.1181726251676337 0
8629 11.14164632037825 0.2388393144642912 0
8630 -0.6203483516243665 0.8075126572006284 0
8631 -0.636199907303129 0.7950937564126961 0
8632 0.6365936008604326 0.7961342697277354 0
8633 0.6207420451818091 0.8085531705156719 0
8634 0.01286338447351298 1.252707302735577 0
8635 -1.658426350939798 1.644634385723163 0
8636 -1.735760373858042 1.64464009885101 0
8637 2.553161315541878 0.02950231018425136 0
8638 2.513217821878375 0.02950231018425136 0
8639 -10.4606577132513 1.590702222988233 0
8640 -10.42436480184005 1.429188306014546 0
8641 -1.014049595259845 0.01411333353938101 0
8642 -1.03443462969178 0.01411333353938101 0
8643 -1.638926001216752 0.9667816907279386 0
8644 -2.007101442427592 0.4076638411171515 0
8645 -2.046645901555682 0.3944632764426524 0
8646 1.888768244872369 1.421754971160268 0
8647 -2.224736452938927 1.029959677591906 0
8648 8.436935278837129 1.105316646759935 0
8649 0.8222366387556332 1.500074862978085 0
8650 0.7924891089377171 1.553399841295954 0
8651 0.7630248293451758 1.502432574105116 0
8652 -6.557516646979401 1.039430781529869 0
8653 -6.555896932734136 1.158757376446403 0
8654 -1.502003742114821 1.102717956899947 0
8655 -1.543627540766012 1.144153819173063 0
8656 -0.8270429050078079 0.6233421781441076 0
8657 -1.013644094345658 0.0342463035933919 0
8658 -1.676868099116164 0.6295324158919123 0
8659 1.002097209186682 0.8959792477573376 0
8660 0.8835898321569158 0.9452268401161352 0
8661 -1.114845002118275 0.01263085680919504 0
8662 1.555134203423311 1.288522555059404 0
8663 1.51491879639269 1.239008603077268 0
8664 1.227035370110991 0.05392834470788738 0
8665 0.4635202149868641 0.9054251106008382 0
8666 0.445504909666579 0.9144223150794595 0
8667 -0.4453645939659376 0.9144538748714999 0
8668 -0.4633798992863726 0.9054566703929294 0
8669 11.89534213110432 0.6893533175351304 0
8670 12.0375359944288 0.618418407011029 0
8671 -2.44886501761081 1.498826070362345 0
8672 1.034198284889521 0.01426393539818247 0
8673 1.013813250457594 0.01426393539818247 0
8674 -0.6996174851592748 1.143301723398699 0
8675 -0.6803641345837261 1.185065118860903 0
8676 2.855309551259838 0.5146657443750629 0
8677 2.896813731437515 0.5568879657145026 0
8678 0.4996024016721269 0.8855631627575142 0
8679 0.4819639876940768 0.8952784736919341 0
8680 1.01340774954341 0.03439690545211402 0
8681 6.536304616618354 1.210308655722777 0
8682 -13.91935471747128 0.1798826150733829 0
8683 -1.403788903778416 0.6355894052337182 0
8684 0.7653680286392575 1.612567222089258 0
8685 0.73322393287092 1.666120774223969 0
8686 0.7011332037589221 1.609311104557695 0
8687 -1.249055833219401 0.01394938914706727 0
8688 0.1821931470926957 1.640094510175739 0
8689 1.942663072475144 0.5068329205820539 0
8690 -2.854370001267024 1.028096618979883 0
8691 -4.882142932007946 0.5208574186880127 0
8692 -4.952198864315588 0.4849256115149593 0
8693 -1.682151529503465 0.4384453717409922 0
8694 -8.004338632649262 1.388137882966399 0
8695 -2.255211213470262 0.9071784258562348 0
8696 7.297915055630165 1.463999684621261 0
8697 7.318032668517423 1.339958512274603 0
8698 -6.359640130457226 1.390549235851289 0
8699 -8.603954527961857 0.4739674444943877 0
8700 2.003249912339665 1.683855304689645 0
8701 -1.241457201714971 1.613257894001852 0
8702 -1.290746035301346 1.668928941852566 0
8703 1.085111981728667 0.7785006150517315 0
8704 1.051057796149518 0.7817228132453446 0
8705 -2.228216232723406 1.279156087862609 0
8706 -4.347387909710026 1.042010049135009 0
8707 1.478184934122191 1.189345357899592 0
8708 1.439152296780686 1.14488476060517 0
8709 -4.613454153572224 0.5730064997308277 0
8710 0.350184287271546 0.9562033835039294 0
8711 0.3312158406510685 0.9629634831348475 0
8712 -0.3320942584472776 0.9626537835864217 0
8713 -0.3510627050678905 0.9558936839555867 0
8714 -3.747594191541382 0.4022659464072433 0
8715 -14.09758001778117 0.8694210382613277 0
8716 -13.89211525850564 0.9164505830452883 0
8717 -1.211156097404673 0.04878457681400811 0
8718 2.432212275609193 0.3774772106713125 0
8719 -10.78034214501936 0.09918204236302181 0
8720 -9.832748429001866 0.7791154109025438 0
8721 -1.344966746339487 0.01447296108581847 0
8722 1.382378138707462 1.153810623231352 0
8723 3.746739665392308 1.039267716229458 0
8724 3.806179964043371 1.098942970344061 0
8725 -1.447954512972291 1.115582943755976 0
8726 -0.4082232371250037 0.9315623900638319 0
8727 -0.4265862128965606 0.9232978855396368 0
8728 4.275434411629263 0.9713134696994101 0
8729 4.195552934609211 0.9948395586654777 0
8730 0.2339518584274088 0.9910800750931638 0
8731 0.2143068731716943 0.9955044924013368 0
8732 -0.2138699443041837 0.9948738856277575 0
8733 -0.2335149295600107 0.9904494683197012 0
8734 2.382629170592961 0.1572761534259054 0
8735 -6.845979190801604 1.217143277915089 0
8736 2.964390369084372 0.9534302649652379 0
8737 0.3884167291116742 0.9411605648609098 0
8738 0.3697358677029675 0.9486789643742513 0
8739 1.346060064582256 1.662160825547832 0
8740 1.304795172494392 1.593837290140958 0
8741 -0.3705957510443103 0.9469761002454644 0
8742 -0.3892766124531531 0.9394577007321974 0
8743 -0.09326529973708386 1.012294566965482 0
8744 -0.1133003555064836 1.010270349947467 0
8745 0.1115459676253908 1.010431230436999 0
8746 0.09151091185614466 1.012455447455149 0
8747 4.017315562739737 0.4233992997365852 0
8748 1.432607223978956 0.5343540441601526 0
8749 2.053998921396434 1.525419536862613 0
8750 -3.632905511846211 1.027861393820651 0
8751 -0.8446364354865764 1.650872445981252 0
8752 -0.8909154739324898 1.705833820063029 0
8753 -0.9165698055662315 1.64369763586206 0
8754 -1.800375470692924 0.06865899958892388 0
8755 -1.8287254721646 0.06095813966285607 0
8756 -1.800929484713411 0.04463655733376386 0
8757 2.866833149816909 0.4592651088604164 0
8758 6.760580263068436 0.142823535063275 0
8759 6.722554763987226 0.2314550659993903 0
8760 0.7185430345012163 0.7484437860762236 0
8761 0.7421149621742124 0.7494552888480448 0
8762 -0.9835880972152058 0.452065732618291 0
8763 -0.9754937879214517 0.4755380249632939 0
8764 6.0280396212746 0.05955645615194974 0
8765 9.534999366628426 0.7585260073124234 0
8766 -3.918399893518822 0.9847413077315574 0
8767 -3.992300568413217 0.952699193905582 0
8768 -1.204788449022745 0.01726003697911603 0
8769 -0.8705122956912292 0.9610731507596415 0
8770 -0.8574968746071681 0.9930564685587498 0
8771 -0.8918401309304218 0.9927907790019127 0
8772 -1.057407046772048 0.3594350233222124 0
8773 13.30111419697446 1.547782228425823 0
8774 0.969484135509231 0.8977801408168877 0
8775 0.9557348784246082 0.9340329809838468 0
8776 -2.079774956386407 0.4233513888743559 0
8777 -2.071386754202758 0.4674319742861717 0
8778 4.870991221811188 0.05367559236229352 0
8779 -11.52816886440637 0.1044304872504435 0
8780 -5.576627905507745 0.3260351652311249 0
8781 1.056701210904174 0.1620280578554503 0
8782 1.221230149638222 1.174273191405267 0
8783 -1.581792557773772 0.4342290602081937 0
8784 -5.01963191265926 0.5294262796389009 0
8785 3.842410291330387 0.94190685170389 0
8786 3.766991125866446 0.9623482949322202 0
8787 1.046268869035584 0.09076351060220125 0
8788 1.068036577391377 0.09071630402782377 0
8789 -1.700844840828267 1.399214237013908 0
8790 -1.16395619066475 0.504229941646497 0
8791 -3.173756831810522 0.1287093191907491 0
8792 -3.221944605648531 0.1302916473570368 0
8793 -8.143600708961497 1.65086926905294 0
8794 -1.287604301737604 1.30241080590523 0
8795 -1.306302191836014 1.247835853764785 0
8796 -1.249896862584931 1.259076104705459 0
8797 -0.883269705718855 0.9322789708623218 0
8798 -0.9182940005265428 0.9294475643502088 0
8799 -3.534170214729869 0.1324179944498492 0
8800 -13.74791830682778 0.8784215877961327 0
8801 0.8010209381595786 0.7980370182042857 0
8802 -1.89742659192549 1.621716734900656 0
8803 -0.6141651551066603 0.8758405710094497 0
8804 -0.2328356869204757 1.747418761254088 0
8805 3.469190257201786 1.033597459809925 0
8806 3.489282545876424 0.9603641044452859 0
8807 -3.754011522045933 0.3475371395979023 0
8808 -1.950119736644607 1.404444053058702 0
8809 -1.964570285606867 1.336942797752654 0
8810 -1.899755953841393 1.352177085002233 0
8811 1.533858963580964 0.1066538789914184 0
8812 -9.208524904567721 0.4951379222519628 0
8813 1.676177991954361 1.456722950114349 0
8814 1.608652275210295 1.466026057460367 0
8815 3.215090023028941 0.4541197996698222 0
8816 3.159625296964036 0.4714049043936189 0
8817 -2.020585467784425 0.5660782571470238 0
8818 -1.983870100098991 0.5324401562524677 0
8819 -2.98751746158388 0.9849621908354584 0
8820 -0.6484395917441053 1.560154864661585 0
8821 -0.6843639182385984 1.609795859187327 0
8822 -0.708338857809244 1.554507646378637 0
8823 3.437433589358493 0.9059651118431089 0
8824 3.367145543281695 0.9234822780299017 0
8825 -3.248099130693571 0.9600422980497414 0
8826 -3.316063129823328 0.9341905227509422 0
8827 3.298176720251893 0.9402817121908446 0
8828 3.228060369914931 0.9579108294699803 0
8829 -9.373110552710891 0.3383942308461089 0
8830 -0.8458427120003698 1.482366985755053 0
8831 -0.8027719222607661 1.437592844884962 0
8832 0.9666440709047155 1.296835216328418 0
8833 0.9156991580597571 1.301232919706941 0
8834 6.464885454338999 0.06943890023311883 0
8835 -11.64121345721055 1.277720710765231 0
8836 -11.79219744002543 1.341266897410776 0
8837 1.397748583814089 0.2925065661374288 0
8838 1.455112521776403 1.248046807813175 0
8839 -2.915373281223672 1.288655690637935 0
8840 -2.896896389244418 1.366451894498764 0
8841 5.811117122870701 1.076957721439332 0
8842 6.113499905159075 1.46947654100584 0
8843 6.131057465933089 1.356603054408113 0
8844 1.862448696955946 1.492061958870858 0
8845 2.738262886558752 0.3956496734934088 0
8846 2.689345194846898 0.4085032630702876 0
8847 -0.765689014260823 1.392140676887949 0
8848 -5.82533161577985 1.030026872684942 0
8849 1.667801681084912 0.4516714330278829 0
8850 -1.526754048161769 1.202598185226842 0
8851 5.782013926077134 1.280404409920369 0
8852 5.863059939691426 1.347845637170109 0
8853 0.8933177392123129 1.348311549103427 0
8854 -0.5896577120256253 1.053286804157866 0
8855 1.285344995520194 1.474300176901865 0
8856 1.260619608124836 1.535046578814772 0
8857 1.211351229534313 1.48544112879054 0
8858 3.057116070657743 1.584818364901111 0
8859 3.077266383451205 1.497384596239727 0
8860 -1.551945718849291 0.2846062203173226 0
8861 -1.46357251386923 0.2006534730476039 0
8862 -1.49114922375658 0.192769654480642 0
8863 -0.765436292510085 1.547284562208139 0
8864 -0.8072769757120277 1.596442451342331 0
8865 -0.8284500839183754 1.539578372646091 0
8866 -1.979213005586306 1.271693134086149 0
8867 -2.02957678838952 1.323960102142618 0
8868 4.177173776093224 1.075293777020254 0
8869 4.162508604454557 1.16382097780459 0
8870 -2.241048223403057 0.4091630597451614 0
8871 -2.283518105135665 0.3928361136519204 0
8872 -1.074249546684102 0.3789370326952398 0
8873 0.8373737676040034 1.723110337069886 0
8874 0.7950332163417604 1.786969303828459 0
8875 0.7551182064890125 1.733235858514105 0
8876 -2.646939585158553 0.9059850168899524 0
8877 -2.708444892896293 0.88598603870313 0
8878 -14.3654443396575 1.311088289911564 0
8879 -14.26994195891764 1.507671038637104 0
8880 -2.052525439708862 0.5949302449917848 0
8881 5.943455502983824 0.05955645615194974 0
8882 10.03996692586477 0.7930017607961142 0
8883 2.854963847411637 1.466031967628084 0
8884 2.772796427197912 1.482636607131674 0
8885 -5.759440942447865 0.06287332505602232 0
8886 -4.025366195354216 0.1389468144244222 0
8887 -2.099187941564235 0.8940753950844919 0
8888 -0.01041004084490629 1.016577694432764 0
8889 -0.03054301089965454 1.016172193518627 0
8890 -13.09109839288926 0.6585957517257177 0
8891 -0.08997396901978419 1.255113134631704 0
8892 -0.1258912596073281 1.2550261103926 0
8893 -1.43185707744979 1.169120765567128 0
8894 -1.719326768192987 0.4257739097765975 0
8895 -1.756201278479344 0.4134897679523106 0
8896 1.175973660543248 1.430862676159505 0
8897 1.139709778736303 1.382419844983181 0
8898 -2.416486932137526 0.9162112491533176 0
8899 -2.401087486550236 0.9789823870545402 0
8900 -1.173527542193546 1.623783954543386 0
8901 -2.313731573538916 0.8901482470878539 0
8902 -2.371575146874106 0.8729448314110517 0
8903 -7.363183438734925 1.389103439724498 0
8904 -7.466052875025581 1.325628955644197 0
8905 -4.955064688387292 1.391544451497144 0
8906 2.351937696594421 1.244004773780357 0
8907 2.432299533803103 1.259519858017529 0
8908 1.468406598020624 0.5264869388794866 0
8909 -3.489294005972855 1.080460518659342 0
8910 -3.472856368207453 1.160396530211228 0
8911 -1.195250000223657 1.269279052094062 0
8912 0.7472969308563855 0.7165277946899029 0
8913 -5.004292953702946 0.1820546987458073 0
8914 -4.932836286612008 0.1809158326329876 0
8915 2.500901838039092 0.4857704517508805 0
8916 1.128547378411767 1.282953077391864 0
8917 1.107240099997795 1.332767883499021 0
8918 1.07223862509378 1.2879118963659 0
8919 0.9330599241821369 0.5845022265588509 0
8920 7.125187068895069 0.2379778092116245 0
8921 7.193036049368029 0.1563729952606615 0
8922 -1.674448391240667 1.464199597659055 0
8923 1.183766146266541 0.7045614358322906 0
8924 1.148210370823781 0.7081672737083318 0
8925 -2.004809634700294 0.8673783841362561 0
8926 -2.058589219474031 0.8527261160889077 0
8927 -1.86329345257158 1.691105191309764 0
8928 8.046373287558509 0.0805937054663444 0
8929 -4.224785326098511 0.5400416478915411 0
8930 8.774010552820728 0.0861552290962955 0
8931 1.019329328918028 1.293153356163149 0
8932 -2.211134796459863 1.347188305353113 0
8933 -2.191790208231152 1.427391686722186 0
8934 -1.859952789338974 0.0455969756174541 0
8935 -6.365733732118123 1.269521235642002 0
8936 -6.458929522313651 1.214855242636864 0
8937 0.6011245707969699 0.8176118239072961 0
8938 0.5847858120436278 0.8293823751523963 0
8939 3.134654530422943 0.1889052472620592 0
8940 -3.154169851231031 1.515318766445191 0
8941 3.587235491168954 1.742025379687427 0
8942 3.699470145137659 1.747745943151953 0
8943 1.43219957804553 0.2556874723876109 0
8944 1.448742392871281 0.2738550753609523 0
8945 1.421185474993778 0.2818418657934167 0
8946 0.6210572982603083 1.051105030798182 0
8947 -0.8745430625837357 0.518889195623136 0
8948 11.09816603380578 0.5404683058148347 0
8949 6.284845872958964 0.07143729121014436 0
8950 5.031015645502966 0.465237694132678 0
8951 -1.301788909887464 0.2435712169030795 0
8952 -0.8880317946310834 1.323782861567083 0
8953 -0.9383573948042371 1.314023908389163 0
8954 1.587848151161452 0.09531338641034352 0
8955 1.57814403026552 0.06440026343388361 0
8956 0.9542430747459818 0.7779463070752427 0
8957 1.800318718095427 0.04391470411074422 0
8958 1.826644018461628 0.05962105009721418 0
8959 1.798568247960253 0.06715494331047761 0
8960 4.941563989352661 0.05367559236229352 0
8961 1.093687641564628 0.0161935361005642 0
8962 1.083482313541829 0.03444904363827622 0
8963 -6.003344153391347 1.135909656459329 0
8964 -6.001754155717413 1.243603337613328 0
8965 -1.84981286358366 1.300153536838127 0
8966 2.37257210832408 1.760177669293447 0
8967 -1.320534522042955 0.01447296108581847 0
8968 2.461569848097839 1.188529810521027 0
8969 -12.97926514349762 1.551123443642144 0
8970 6.812164886820151 0.06793953822031036 0
8971 -0.9350272389145514 1.580537005710181 0
8972 -0.8876833952023124 1.531524874889245 0
8973 -0.6924290580156487 1.452191399685383 0
8974 -0.7295119660155918 1.497643567682397 0
8975 -0.7495264927164895 1.444968315514885 0
8976 -1.74098200750281 0.4916899956740076 0
8977 -1.711491014230344 0.4643607842726291 0
8978 1.816419785879734 1.434403561067962 0
8979 1.747089290913699 1.445701203569256 0
8980 -6.559534318465483 0.07155401690983593 0
8981 -1.326430086132334 1.350198327044339 0
8982 -2.247554960766887 0.02563542661873832 0
8983 -1.174296643949554 1.322257472209197 0
8984 0.5553733820878073 0.9096251076311292 0
8985 -2.631899547893081 0.970538648019018 0
8986 -2.613355801934809 1.040244696688956 0
8987 -2.676808813509915 1.01992750493936 0
8988 5.284797664055552 0.0546173858123618 0
8989 0.6360702425366404 1.453119212889589 0
8990 0.6559966571258645 1.501854683528133 0
8991 0.6055462790987769 1.503552868610575 0
8992 -0.3250975504602913 1.50275930524192 0
8993 -4.057463464448215 1.000412857291013 0
8994 0.8900084208585389 1.598898878207444 0
8995 0.8628873405600794 1.658066259000749 0
8996 0.8245798380497149 1.610209510962228 0
8997 0.5314152656847487 1.049016663615989 0
8998 1.230801406508511 1.604978242029633 0
8999 0.2880547064969325 0.995080790383789 0
9000 -12.17853579482932 0.3787217628792908 0
9001 0.9829165358577501 0.9640390366913644 0
9002 1.371046437882621 0.06045323438481072 0
9003 -2.233443068413459 0.4548954349736674 0
9004 3.01943286616932 1.432792961380183 0
9005 2.937587749859492 1.450252574482167 0
9006 0.1031547403227132 1.060771269843207 0
9007 0.1235077652025987 1.07856773636823 0
9008 4.579479193593121 0.2136875298287225 0
9009 -0.4812870105627181 0.9151031573680508 0
9010 10.41359229232772 0.4518775022721084 0
9011 10.54445346118692 0.5285790623447228 0
9012 2.917973819844242 0.4445991320396277 0
9013 0.8713173235166072 1.397417951523872 0
9014 0.8471661792124321 1.446205411715865 0
9015 0.8169235034672671 1.400320135595253 0
9016 -1.868540559706561 0.3765871762509043 0
9017 -1.906219531196787 0.3638658465541798 0
9018 -0.9426575081251399 0.9576935213950414 0
9019 -0.9560959566371998 0.9263336245424458 0
9020 -2.797735859437955 1.55602689200275 0
9021 -2.735163604058632 1.490721928412803 0
9022 -4.352889747362631 0.6241576449420992 0
9023 3.899462666228396 0.9984529561944064 0
9024 1.205733164180453 0.7346689206967458 0
9025 -9.927110107823404 1.338746789276914 0
9026 -0.4259775319228795 1.097195302783993 0
9027 -0.0009513191633514932 1.081802501568651 0
9028 0.0177390486643028 1.061558176772724 0
9029 5.333923026122365 0.2103632898559802 0
9030 1.083401025418317 1.387378663957217 0
9031 -7.572998596468381 1.38647300557261 0
9032 1.689390700719201 1.75552695485984 0
9033 -1.682193987842584 1.005229200410791 0
9034 0.9464163759418138 0.9711012558409668 0
9035 1.441403766102088 0.2274240857345194 0
9036 13.13954869383932 1.591971567071537 0
9037 1.535952137858209 1.469895689262951 0
9038 -3.009582751025158 1.480035993974218 0
9039 -3.089148969036641 1.457469249736757 0
9040 1.857998772322365 0.04666232346809725 0
9041 -1.627828941222318 1.411773062836716 0
9042 -12.38718505818505 1.301886161556853 0
9043 -2.298469735586743 0.9498877061210416 0
9044 -1.360634769014694 1.236167778782179 0
9045 11.30906639334374 1.275325170062357 0
9046 7.225787349679793 1.262489972048679 0
9047 7.11836931061596 1.3070253298054 0
9048 2.719198082711416 0.153493964145358 0
9049 2.769357824546785 0.1380775305216722 0
9050 0.4436301483328241 0.934712547995308 0
9051 -3.373854731545632 0.9811783587860479 0
9052 -3.661768809271222 0.2725183351521773 0
9053 -3.663287200842277 0.2107387192154362 0
9054 0.7098989600454938 1.503589290115066 0
9055 0.73964648986341 1.450264311797197 0
9056 1.552368010710042 0.9719014545917901 0
9057 -2.211538391317394 0.02563542661873832 0
9058 1.526412113925767 0.06632897149736131 0
9059 -1.189564651822604 0.7815293332683666 0
9060 -1.896286355738384 0.8971519412100131 0
9061 -1.949242000006897 0.882496864140129 0
9062 2.943970344627258 0.1581040244707461 0
9063 2.929804950542796 0.1097412933535736 0
9064 -3.038208352832218 0.410648018266024 0
9065 -3.090197566709188 0.3910237534226831 0
9066 1.402362248199148 0.09406579499215736 0
9067 4.26826304855179 0.1552461109322608 0
9068 4.241394672103573 0.2103757492994258 0
9069 3.865569183965819 1.157406825499685 0
9070 3.92819700542378 1.220320777773688 0
9071 -1.576719649955827 1.656382220355947 0
9072 -0.9806167395236121 0.8611933602229431 0
9073 -1.014257435455002 0.8555803285422178 0
9074 -2.093817510175497 1.310721689158182 0
9075 -2.160496948245578 1.294700722349748 0
9076 2.745645159350063 1.562623724028345 0
9077 -0.967444537204091 0.8931632519610327 0
9078 6.487999316064396 1.550071753785637 0
9079 6.473103350322678 1.667798947270337 0
9080 -0.849169312673218 0.6250879207902005 0
9081 -3.81835881748844 0.2142112324305074 0
9082 -3.766599957035637 0.1750568987416395 0
9083 2.712741492340306 0.09505749471350677 0
9084 2.689419726113653 0.1275305301511678 0
9085 2.671236844470232 0.1006559795214673 0
9086 5.966886404462423 1.695305633697544 0
9087 6.047455699534922 1.788565498913417 0
9088 1.93215538792917 0.8620584562469377 0
9089 1.878430878322422 0.8717332975349033 0
9090 1.028308040612246 1.504214891204748 0
9091 1.060663212286673 1.438815937024472 0
9092 0.9576870179320266 0.514988403203458 0
9093 0.9663039524580461 0.4900743151521388 0
9094 -1.512771199288379 0.2131036514083906 0
9095 -2.10594034516497 0.02340611088919585 0
9096 6.575918506324749 0.3300628252629874 0
9097 6.673866545501582 0.2852000370198107 0
9098 -0.7726108720712441 0.6879177730029852 0
9099 -1.635339220560136 0.0659800389606827 0
9100 -1.647022713906977 0.0946436926533105 0
9101 0.6793749966076303 1.554022945836051 0
9102 -0.8641254034633774 0.536122108687084 0
9103 3.684896560509474 0.0365543519059336 0
9104 -0.5226674921329959 1.109252648246401 0
9105 -0.5556184436621641 1.111380733238069 0
9106 6.505104531096146 0.2709787421690185 0
9107 1.790086273070475 0.3892480647823087 0
9108 1.7523912299438 0.3979980835108758 0
9109 0.4049049435493576 0.9531862932524893 0
9110 -0.6394586231724748 1.460043827241271 0
9111 5.078545806600497 0.04147702785021219 0
9112 4.901517566571572 0.9237576213279639 0
9113 -2.757844840146469 0.9305746534928461 0
9114 1.313135591901969 0.8064986859177166 0
9115 1.29853655146378 0.7613572991996541 0
9116 0.4382076433917218 1.105264130846618 0
9117 7.156858325951443 1.759603841358451 0
9118 -1.843224016300957 0.4948433641930998 0
9119 -1.829336241280195 0.5380681214488137 0
9120 4.659315032829941 0.04245962118323864 0
9121 -0.4299443963094576 1.486428097547348 0
9122 -0.4819316614454788 1.479253785066599 0
9123 0.690883381608677 1.729979740982542 0
9124 -1.08545604380955 1.287355134262821 0
9125 -1.13834767168669 1.277885467457354 0
9126 2.91081691776162 1.528607666294287 0
9127 0.326490251122872 0.9831573410862192 0
9128 -0.1344531096522694 1.324156541380468 0
9129 4.816927862685314 0.9509326132922997 0
9130 9.248645531802923 1.122658928440325 0
9131 0.7648503897694749 1.40265958646794 0
9132 6.622864154521444 1.282308527288092 0
9133 6.519842849802084 1.322890658765575 0
9134 -1.694307245578867 0.9517644977509863 0
9135 -1.746530961002163 0.9374550813404214 0
9136 -1.971470382318909 0.02142162801368578 0
9137 1.097470476865195 0.0495176220742691 0
9138 1.076186185239165 0.05157959351141692 0
9139 -0.1478640745107188 1.289564981957087 0
9140 1.382819709791476 0.07716275448017784 0
9141 1.134184075676258 0.7395090662516695 0
9142 0.6108096659407054 1.407965974804112 0
9143 0.5613615210961889 1.410183379288708 0
9144 -0.9813062773604648 1.635498379791958 0
9145 -0.7816226440782861 1.6585786355433 0
9146 -4.289462298544097 0.5088331420066456 0
9147 -4.350088106209727 0.5504462913907497 0
9148 -1.433121228785884 0.5045505746461754 0
9149 0.2071380259313719 1.014770062701166 0
9150 1.843862827636981 0.01819040544874039 0
9151 -0.5851228865171052 0.8530924373060207 0
9152 1.046413741669627 0.04904914597769075 0
9153 1.06071889233092 0.05624254386240117 0
9154 1.044934612084748 0.0687806747646679 0
9155 -1.785938625917626 0.4397302680792682 0
9156 6.578487793099098 1.910564895714456 0
9157 -0.7135388775788526 1.110942063097969 0
9158 -13.10963262882642 1.281795950367964 0
9159 -1.844305326431341 0.01846784870384803 0
9160 0.4971721351250804 0.9228298925046647 0
9161 0.5196228863561716 0.9151770506747031 0
9162 1.409375485260013 1.357742654115479 0
9163 1.436691744034567 1.299861655291536 0
9164 -3.407443285480511 1.353074137073193 0
9165 -3.331768413936724 1.291649063076774 0
9166 4.576927451060217 1.040102500640554 0
9167 4.495212257252057 1.06559071921399 0
9168 0.2781185915926348 1.42645551033986 0
9169 2.95093287196064 0.5397895378649769 0
9170 1.165016683785968 1.617535501306404 0
9171 1.568594231806683 0.9222143174940106 0
9172 -0.01968462866511095 1.245784465324983 0
9173 -3.586606641446731 1.343893332516275 0
9174 3.348550704685033 0.9928867474092539 0
9175 -0.588310220824289 1.114111669838906 0
9176 -2.860277907713656 1.233934035569675 0
9177 -1.936925475378106 0.3910648315458257 0
9178 0.4248558167301839 1.418356093812672 0
9179 0.3772033763095564 1.420841796325629 0
9180 10.36252389649325 1.120270919582997 0
9181 0.9028023504128274 1.711799704315103 0
9182 -0.3554115815266815 1.14479543183081 0
9183 -0.3868226559353571 1.149311358969153 0
9184 -2.89134015785846 0.02903295285018321 0
9185 -1.041511607640157 1.62278695250963 0
9186 -1.108193688312015 1.615093936729465 0
9187 -1.933570677206133 1.221892694914028 0
9188 -1.360082598266304 1.390030757109971 0
9189 -0.6220374873471286 1.055580408513923 0
9190 -0.6551673801602124 1.056974124402493 0
9191 14.46112162757858 1.137738484996615 0
9192 10.49666870894565 1.053615647579252 0
9193 -12.72414340887122 1.566823605286934 0
9194 -1.09337741891596 0.01263085680919504 0
9195 -9.483784560686194 1.113762376111623 0
9196 -2.509190392016245 0.09834363997953746 0
9197 -2.525338288029378 0.1403247813798248 0
9198 -1.860935140294079 0.4154546354532731 0
9199 10.170818671381 0.5833090766631563 0
9200 -2.071740006880561 0.02340611088919585 0
9201 0.3388389643647804 0.9961850807827802 0
9202 0.6301744919717147 1.697488713950311 0
9203 2.121116075430994 1.932404510182859 0
9204 2.168998414110371 1.852614105661966 0
9205 -0.5158885798586632 0.8734333836931274 0
9206 13.08130385735942 0.7081590576335436 0
9207 -1.090756213949282 0.8688487175042481 0
9208 -2.395482074221179 0.02383397149035416 0
9209 0.8766304588049734 1.497172678906703 0
9210 -5.825899569955189 1.229273392845936 0
9211 -5.825858782234864 1.129939829095426 0
9212 -1.124260058328039 0.8030510207019861 0
9213 -1.106398677020656 0.8394348452676254 0
9214 8.534185928940031 1.165546690518571 0
9215 0.122573749058877 1.025326594724912 0
9216 0.1322616442851503 1.039776480888497 0
9217 0.1122431502179873 1.042603472939985 0
9218 -1.938994684371814 0.02142162801368578 0
9219 0.480761030634424 0.9152475586410049 0
9220 3.993018377000227 1.288093913497689 0
9221 -2.318520556616653 1.123097216979866 0
9222 -2.268847241758239 1.07493075080433 0
9223 -1.688450792328726 0.5868261933016012 0
9224 -1.726616906330698 0.5736424673009801 0
9225 -1.867868543207158 1.236242295512648 0
9226 -1.887232717609638 1.173459160730491 0
9227 3.926818961995905 1.546036587613108 0
9228 6.710118975015158 1.356496271274442 0
9229 -0.8259857914906946 0.9899867434280765 0
9230 0.998246088666496 1.341408562638325 0
9231 1.973515445502316 0.9086089901098502 0
9232 3.630411480494186 0.0365543519059336 0
9233 9.846109284737352 1.21731110434552 0
9234 9.73101394918139 1.137497590225665 0
9235 -4.826097810127477 0.2649577634789973 0
9236 -4.759653739937511 0.2218685434351773 0
9237 -7.366132802739736 1.509785127528936 0
9238 -0.422764508259881 1.156121141252777 0
9239 -2.450400180741148 0.3268197086655137 0
9240 0.5346684426105174 0.8643189533092714 0
9241 0.5174355295466634 0.874736612429636 0
9242 -0.4432582454616959 0.9343013257996857 0
9243 2.591930898524727 0.8462390626455953 0
9244 2.531133974834388 0.85939167232882 0
9245 1.741184140715152 0.4351910204595383 0
9246 -1.618037715671525 0.2364823300710544 0
9247 -1.614617873266459 0.266167657599236 0
9248 4.48569336492467 1.154094813453363 0
9249 -2.223863478873726 0.5043721165085066 0
9250 0.472386724295491 1.103655873747535 0
9251 -0.9968566456449256 0.4072229988595579 0
9252 -0.9911893430427229 0.4312303572835983 0
9253 -1.090211346808151 0.3955453388540692 0
9254 -2.333591283548531 1.61035117287626 0
9255 -2.308657245256991 1.530962205450923 0
9256 1.857067285560941 0.9213338724200454 0
9257 10.17012288277948 0.7271456457423857 0
9258 2.348424616008187 0.9022377567807405 0
9259 -1.048172956988116 0.04790582463621092 0
9260 -2.927130622345983 1.751209124662939 0
9261 -0.05470508071045663 1.245705706851421 0
9262 4.592301081665308 0.04245962118323864 0
9263 5.796418593958146 1.177246444622801 0
9264 -0.5331214929226449 0.8630157245728076 0
9265 -0.8034858408038537 0.96466917463998 0
9266 -0.04264347844489047 1.033415820823958 0
9267 6.418933900067511 0.1408761914432632 0
9268 6.373921890717485 0.07143729121014436 0
9269 -0.6052725114713358 1.083202732264661 0
9270 -0.3670535690721979 0.9678535415146758 0
9271 -0.3766548808168482 1.65219081940919 0
9272 -0.391103174406467 1.585138916253086 0
9273 1.813024797072615 0.01819040544874039 0
9274 0.8716672041365302 0.9804978077990173 0
9275 -0.6834183746001293 0.7718903690843881 0
9276 -0.6745523842453511 0.7948146667985675 0
9277 9.605649085876356 1.198235273298873 0
9278 9.624444947627246 1.347607369888179 0
9279 5.472076753203011 1.486344913475664 0
9280 -1.813467295866956 0.01846784870384803 0
9281 -2.400564332206963 0.3894827631308193 0
9282 -2.40787822959029 0.3428503874358158 0
9283 2.142663844618489 0.08724531133748106 0
9284 -0.4055332397204683 0.9510406471361882 0
9285 1.558490202217356 0.1986342589467042 0
9286 7.10683725219667 1.425832854855877 0
9287 2.281836332663383 0.09297396637087771 0
9288 2.24537750789049 0.09263397068168924 0
9289 -8.46756581569543 1.518543828047217 0
9290 -8.580341515253906 1.430932724915135 0
9291 -5.913499724924641 1.081309541962614 0
9292 -14.65666639721832 1.844406168484844 0
9293 0.5683201710052743 1.551747788204031 0
9294 5.890823474413491 1.143475643213602 0
9295 -12.96814738680226 1.37919738565326 0
9296 -12.84548553238638 1.502759483106635 0
9297 2.707988868199349 0.8147747330989301 0
9298 -0.6187215864665703 1.510351862013567 0
9299 -0.5947466468959246 1.565640074822256 0
9300 -5.273919532934182 1.520104571541489 0
9301 0.923560414957478 1.394196825224039 0
9302 -1.852823406034678 0.4559155630441879 0
9303 -1.890547547413372 0.443598984647159 0
9304 -1.775429705327403 0.07931456842943599 0
9305 -1.803225692778591 0.09563615075852819 0
9306 4.577065272718166 0.2708690293613626 0
9307 -3.658399918374234 0.3304002787039223 0
9308 3.35025366045081 1.758275581500216 0
9309 3.464188633312599 1.755078590074978 0
9310 -2.847041566581184 0.02903295285018321 0
9311 4.976779178053304 0.0951526202125057 0
9312 -2.551900329617188 1.047372877031162 0
9313 -2.883568679412187 1.66105685628647 0
9314 1.237280112161062 0.06964055661929786 0
9315 14.17813932778128 1.034019558652605 0
9316 2.226236801701186 0.1225016682914328 0
9317 2.513064935884319 0.4006816164920551 0
9318 2.478310852484056 0.3662838091037156 0
9319 -2.441983656319634 1.563907931412697 0
9320 -2.415308906380771 1.64543472937067 0
9321 3.318420740404994 1.135737181583188 0
9322 3.378934352396001 1.193117162635311 0
9323 -0.6623536452306142 0.8118943007137264 0
9324 -0.6521531780268042 0.79850291708161 0
9325 0.480247120727248 1.161145411002379 0
9326 0.4565047566535413 1.133951129061024 0
9327 -4.624291663487718 0.2181439270028576 0
9328 -1.593985104660477 0.2168376783135358 0
9329 3.981709139971989 0.1399456792723047 0
9330 3.926521232995777 0.1394838303835838 0
9331 0.5532548472354022 0.8722208354458474 0
9332 -2.357552815805793 0.02383397149035416 0
9333 -4.576555715944476 1.009221657296166 0
9334 6.502752625533709 1.436957020379808 0
9335 -1.005201653244815 0.6586308006207637 0
9336 -1.534285659068571 0.2345657121512101 0
9337 -0.3445577069144495 1.013807395317501 0
9338 -1.617142079556166 0.107044752672259 0
9339 0.2569870669618755 1.074285459778965 0
9340 0.2713461358645629 1.098578939642682 0
9341 -2.490269500180737 1.064498580525065 0
9342 13.75380041253409 0.7333420376178079 0
9343 2.646409821479829 0.8272062294912097 0
9344 -3.867042939230291 1.50368855355656 0
9345 2.047825765892405 0.3520268638816644 0
9346 2.090043089597513 0.3714471554092611 0
9347 4.98928932152886 1.73514175816678 0
9348 5.121054792641225 1.739059096058061 0
9349 -0.7099955828622542 0.7242481455953684 0
9350 -4.805735793753451 1.157493141633287 0
9351 -4.801699627821598 1.05981209201259 0
9352 -7.963232575005387 0.2687533638858437 0
9353 -2.607180028991779 1.916672158884558 0
9354 -2.370273744548111 1.168921638382844 0
9355 -7.528729110139659 1.707208516469114 0
9356 -7.393194163721541 1.715833907455109 0
9357 -3.084235178149115 0.1150074087357342 0
9358 -3.129766502357514 0.1155759744119962 0
9359 14.65904225802024 1.844425550859452 0
9360 0.5170379312161733 0.8942743714042225 0
9361 -8.69650949699561 1.491784637295381 0
9362 -8.694317760147783 1.634112372337563 0
9363 -0.724234629779414 0.7100090986782445 0
9364 -0.8489264493956012 0.932544660419159 0
9365 5.270270513503608 1.541610000520629 0
9366 5.168964172371355 1.57241649616629 0
9367 0.9334475229860009 0.5492309325700171 0
9368 0.9221711357122561 0.5673756400310408 0
9369 0.9136944131992599 0.5511603958679763 0
9370 0.1412737258685267 1.057015226151036 0
9371 1.558443296044109 0.103362737021806 0
9372 5.971315455105962 1.211482388334683 0
9373 -2.048691177171554 1.505404555678827 0
9374 -5.038038734894407 0.2302318566460101 0
9375 1.692565978647915 0.4804375474595708 0
9376 1.656355723735334 0.4885183215516015 0
9377 14.6624656275825 0.1546603609803293 0
9378 0.9664226464709489 0.4010841490016221 0
9379 -0.675215641043738 0.8283423109754334 0
9380 1.074707055654286 0.07131112229839406 0
9381 1.776233220689904 0.5735673103258543 0
9382 1.264290828271249 0.8225259972464459 0
9383 5.748169779810923 1.699239357309202 0
9384 5.877761514253129 1.71224507790544 0
9385 0.4618597371841677 0.9487301768096854 0
9386 0.4431726275897805 0.9580485292550845 0
9387 -2.741855582148749 0.999437071067329 0
9388 1.364079818350032 1.203648950809664 0
9389 1.32807929755159 1.159076011405518 0
9390 -0.4419947972618927 0.9568446191723448 0
9391 -0.4607731783312697 0.9480006085042079 0
9392 -4.897052509665523 0.2260208211897116 0
9393 1.021690567019401 1.862657068065673 0
9394 -1.431441459373498 1.319162006478658 0
9395 9.791529531905869 1.348039263829997 0
9396 -1.435029043976753 0.2079047958073642 0
9397 -1.455398181916072 0.2280976778666422 0
9398 -3.351274576987226 1.132125591273586 0
9399 -3.362054689699341 1.055920213676041 0
9400 -0.9843998708458273 1.297990615225235 0
9401 -1.035724693159817 1.288294904911516 0
9402 -2.509972998115862 1.941810329577335 0
9403 3.12239317691324 0.1183450832657316 0
9404 0.9073120904882865 0.9763661678163313 0
9405 3.414754372381291 0.1249667080832109 0
9406 -0.1729225073226161 1.001323500453583 0
9407 -0.1927297137818284 0.9976936951558171 0
9408 2.958467699813115 0.4833231048279051 0
9409 0.6472309008392928 1.607576497970762 0
9410 -4.88288517195914 1.019712859983898 0
9411 -4.956329456467468 1.07084778264804 0
9412 6.016185644277695 1.491405727489972 0
9413 -14.07913106010869 1.512726285795837 0
9414 -0.9814729901480612 0.3626505391202338 0
9415 -8.539781959369064 1.647141756296021 0
9416 3.882993119847458 1.077045492898084 0
9417 -1.215824527156339 0.03120942612618331 0
9418 -1.225855666115479 0.01394938914706727 0
9419 -4.417383428115551 0.5935525386058054 0
9420 -11.11425974295428 0.5144517321930372 0
9421 -11.10878482640911 0.3622506933402271 0
9422 1.285066431040467 1.410205046063741 0
9423 1.900074800012491 0.5089043296585658 0
9424 -5.150334567859503 0.1693681121467865 0
9425 -4.911022848995396 1.157262997236298 0
9426 10.48218698448401 0.3234110250042982 0
9427 3.958851886150844 1.056916811350031 0
9428 -2.284060164337401 1.011888958101848 0
9429 -2.342580524406055 0.9948587793334667 0
9430 -1.929529238616401 0.4313991960137302 0
9431 -1.967795432321735 0.4193259705033118 0
9432 0.07084369112414263 1.013092894269946 0
9433 0.05074337682052954 1.014308739288702 0
9434 0.1641401212125023 1.020410697657312 0
9435 0.1515017619937299 1.004774932655371 0
9436 -2.804347862827031 0.9797902682907532 0
9437 -1.921417504357001 0.471860123604645 0
9438 1.274766725712155 1.166623274160906 0
9439 6.699423990541604 1.472822805120473 0
9440 6.68467068107229 1.585937538526302 0
9441 6.591649078235859 1.508005263736719 0
9442 -1.158468322414226 0.707505119184928 0
9443 -1.70784274535645 0.2260433713941715 0
9444 -1.673718955672549 0.2138577551094706 0
9445 -10.54357255798646 1.341578641951055 0
9446 -1.315593703609848 0.7242841113448926 0
9447 -1.058364215977082 0.8162579927831841 0
9448 -1.071715705674252 0.7842271969339549 0
9449 0.8722263592673503 0.5883147343899201 0
9450 0.8611308317422018 0.6050116315242637 0
9451 1.256244401120228 1.216564256228191 0
9452 1.293479438787434 1.26003960447854 0
9453 12.02400322296032 1.870306581805043 0
9454 1.151406889062203 0.4910656299650322 0
9455 4.030966260532109 0.150490803459858 0
9456 -0.457974922911868 1.100924978554296 0
9457 -0.4895314012679762 1.103764659899767 0
9458 -3.430412299511489 1.030098387056566 0
9459 -0.505208060309476 1.136364350220899 0
9460 -0.5336129898347656 1.472784120087308 0
9461 -0.5857656783242943 1.465529037401942 0
9462 2.080969843314373 0.877786742991286 0
9463 2.13667645784265 0.8949873949924759 0
9464 3.438445006493106 1.166497665985469 0
9465 3.430893806360775 1.244809597650277 0
9466 5.157654592263508 1.653633646396598 0
9467 5.072165995134774 1.590644600140992 0
9468 0.8491952324536032 0.6187003165950584 0
9469 0.8374298466785974 0.634865019046698 0
9470 -0.2065739643132168 1.012776928740644 0
9471 6.803140577851589 1.434428546064025 0
9472 -0.227467306853642 1.069907527974901 0
9473 -0.2531405909493922 1.067956896087433 0
9474 2.677693434841343 0.1590924489533186 0
9475 -4.591551006443757 0.1553787032269819 0
9476 -5.076738124387306 0.1670659206080082 0
9477 -1.407905377699175 0.215776670068876 0
9478 -0.9348852503219991 0.4804481072440805 0
9479 10.68745434850172 0.4548356480680216 0
9480 5.739025597334904 1.580144757647376 0
9481 -2.481662402465294 0.1616212837820989 0
9482 3.508701521047545 1.699636303431414 0
9483 3.569303775378294 1.637747820257985 0
9484 -4.33217435313096 0.147786364037531 0
9485 -4.363685559183897 0.2080275061757304 0
9486 -13.90589132285075 1.543804442871502 0
9487 -0.3784192894723315 1.495955966335825 0
9488 -2.05606364982884 0.5484909544314527 0
9489 0.04901915812226482 1.045625313579201 0
9490 0.07279962436443783 1.046958830494419 0
9491 2.086864832627385 1.655166384283535 0
9492 2.063246561502011 1.739292783772127 0
9493 -0.6206899961457922 1.116405274194962 0
9494 -8.543004783458015 0.2742072268884017 0
9495 -8.592670358776498 0.37809286767026 0
9496 0.08188803425971199 1.028791033591196 0
9497 4.059736096803173 1.714939789486209 0
9498 4.175251771878608 1.722645450337892 0
9499 0.3263409963898033 1.423955044359157 0
9500 -5.634264796805016 1.415871378162746 0
9501 -0.4863579492491265 1.161321376069836 0
9502 5.371673814528075 1.517863932234186 0
9503 0.9352455756368339 0.4784071690968013 0
9504 0.9257687507095613 0.4970172120774379 0
9505 -12.71302565217586 1.394897547298049 0
9506 -8.101907398196477 1.437268325109925 0
9507 -8.215313045730269 1.520947774440212 0
9508 0.5911701530780988 1.045375628600262 0
9509 0.5601878122856725 1.04528526034278 0
9510 -2.82422359758843 1.387770097312013 0
9511 -2.878749589810281 1.443836288684901 0
9512 -3.45914234151472 1.30735677388378 0
9513 4.007203711346353 1.203282483777709 0
9514 -1.812806147424452 1.631905765093956 0
9515 -4.085315775744433 0.1397225806892869 0
9516 -4.115323986703906 0.196884509640301 0
9517 -1.595400060419085 0.08870873165057211 0
9518 -1.60742196832711 0.06505835539638302 0
9519 -3.951407947045682 1.46201101619296 0
9520 -1.352845640690179 0.2314054741886876 0
9521 -1.379461269172293 0.2234424660506443 0
9522 -1.327808896831666 0.2354066709066135 0
9523 1.976175403648648 0.08103105557579515 0
9524 2.718821622159405 1.641931167737515 0
9525 2.690368323404315 1.728810499012257 0
9526 6.46517232715216 0.2117886745387524 0
9527 2.113477031873113 0.3269918540185898 0
9528 -0.199357648137405 1.033363077618504 0
9529 -2.386677915300893 1.040983639035346 0
9530 -0.8918348446637243 0.6183954035358956 0
9531 -0.8665767072106114 0.625967972176556 0
9532 2.183225412853322 0.8602357672828921 0
9533 -0.6597179671381432 1.661317135691004 0
9534 -0.719617233203282 1.655669917408056 0
9535 1.718131621889696 0.8878505346117744 0
9536 -1.042721752905707 0.845671865019807 0
9537 -1.075727723342364 0.8390080371430078 0
9538 -0.9441539443952038 0.4596210728953599 0
9539 -0.9530608309143316 0.4406840554489807 0
9540 0.9470553955678729 1.756171897576886 0
9541 2.188565315364964 1.495761278378561 0
9542 2.116208637929525 1.503978017614366 0
9543 -3.270024097386633 0.1226661081894045 0
9544 2.075583343563349 0.2402886544230354 0
9545 2.065924731318211 0.2778871349377634 0
9546 2.090843394923962 0.2991439574929029 0
9547 2.053745564525809 0.3137848466410034 0
9548 -4.525368346935467 0.1542311702730079 0
9549 -0.9668322284573756 0.9865093231086197 0
9550 -0.9914719432676893 1.010365441826182 0
9551 -3.877500995004694 0.1859215624348509 0
9552 3.179445411141138 0.1810533295565343 0
9553 3.233385718675201 0.1598291875870948 0
9554 -5.351547532862545 1.567362159217159 0
9555 -5.448330498592209 1.623138560096203 0
9556 -0.6637372876406307 0.7649670156692523 0
9557 -4.269310958865608 0.1466842371628511 0
9558 6.549829667633011 0.1980678680965038 0
9559 -4.794786201611318 0.1606439318547859 0
9560 -0.7895390164859168 0.6929846661243346 0
9561 -11.98511023692756 0.5545544152099269 0
9562 -12.00521646041863 0.3898322890781634 0
9563 0.5162896700330089 1.40520786056732 0
9564 0.4679545375291712 1.40824512128 0
9565 -2.003281227669855 1.459124840349789 0
9566 1.399957881764068 1.250198410113859 0
9567 1.345659040608197 1.255463798288026 0
9568 0.7117245204697928 1.40381630247789 0
9569 0.661260043967793 1.40626778972167 0
9570 1.527875305289153 0.2065327836051583 0
9571 1.499032197149992 0.2133377654684034 0
9572 4.018915471732791 1.115925503468935 0
9573 1.544339811439835 0.5467974664926423 0
9574 -1.753859349488489 0.07327401724390535 0
9575 -1.557174879585142 0.2547734995553533 0
9576 -1.56448996728478 0.2255687351140425 0
9577 11.86388909159668 1.894368561139522 0
9578 13.88697831913484 0.450193030592961 0
9579 -4.116059462098386 1.038673199591395 0
9580 -0.6350815057448183 1.149379257161542 0
9581 -3.850869973186888 0.1310226630465331 0
9582 9.671470994246317 0.6868846667178594 0
9583 9.631908451165456 0.5520985208743658 0
9584 0.8509030758769538 0.651114891236526 0
9585 -0.02209952865648358 1.065373333192431 0
9586 -0.6483986463178659 0.7780141224975372 0
9587 0.1315644616925538 1.007604238385512 0
9588 -9.134641702178342 1.493413838362375 0
9589 -1.437071156527344 0.08513469746619076 0
9590 4.973779299980674 1.62540519026304 0
9591 0.9006417955911529 1.54086877436654 0
9592 -4.484093847425466 1.192922055467081 0
9593 -4.388360201639713 1.19456863647439 0
9594 1.548734769276419 0.2261234052860886 0
9595 -1.343979125165242 0.7517707908794262 0
9596 -7.862922972538078 0.2445133323964477 0
9597 -7.912126408549845 0.3354907078778227 0
9598 0.1773220850952882 1.179904172367738 0
9599 -1.0659369117613 0.1542289954235446 0
9600 -1.069889281230984 0.1352701165076977 0
9601 -6.033918482944353 0.2062022998412432 0
9602 -1.999705205665887 0.4479982055850559 0
9603 -7.463846747180456 1.539912076528918 0
9604 -7.567927377626702 1.597606841386926 0
9605 -7.571769015378802 1.502379303889909 0
9606 -13.18488264006726 0.3970656137913312 0
9607 5.95545560156422 1.314445223025304 0
9608 5.94239059575471 1.418526493798342 0
9609 -0.8155388125487253 0.9346449959898646 0
9610 1.394303997589789 0.05735404770398356 0
9611 2.1493051620209 0.80945488324047 0
9612 6.64236936294471 1.801062167120916 0
9613 -2.388441732907231 0.4333868254093373 0
9614 -2.428891610835361 0.4167962406991825 0
9615 1.114585720007432 0.04726661645395761 0
9616 -2.384030947324888 1.504792116247374 0
9617 -0.9544012952795321 0.4780254386047328 0
9618 -0.253560794392677 0.9832820311710244 0
9619 5.006123370238122 0.04147702785021219 0
9620 -3.072628342760401 0.1597563683662509 0
9621 -12.55673201948158 1.328557112599759 0
9622 0.9436920387054111 0.4577166273546095 0
9623 0.9539438286921882 0.4745515520915737 0
9624 -1.469011255674624 1.212282563197975 0
9625 -0.1254704379753785 1.023700472206079 0
9626 -0.1327067627206861 1.006138996357094 0
9627 -8.498737955844444 0.4469519794518675 0
9628 1.619771285698433 0.9119834173557827 0
9629 -2.931412929722129 1.486607423530911 0
9630 -2.989573299281018 1.544125331633477 0
9631 0.982386169767782 1.805335520280316 0
9632 0.9126195516566604 1.82600740508767 0
9633 2.548992410232427 0.4299576402213531 0
9634 2.503866092308685 0.4395893163273275 0
9635 2.197258862111483 1.775511527162116 0
9636 2.28221818565606 1.775828542114741 0
9637 -11.80321731448297 1.468451445728929 0
9638 -11.93623046197598 1.378911774871537 0
9639 4.624372260868748 0.2462897446702969 0
9640 1.793371502006836 0.4965198505067362 0
9641 1.76703335280412 0.4647147239703566 0
9642 2.800470161285754 1.845055873209489 0
9643 2.317609780820395 0.09413153102351678 0
9644 -3.11341184845818 0.192416974580799 0
9645 -7.825930595133038 0.3968850152800942 0
9646 -1.609388712530608 0.2960003783612053 0
9647 -1.5821500270655 0.2756092432801551 0
9648 -0.3266525081702223 1.131933654430827 0
9649 -0.3368090510477758 1.162343930204663 0
9650 -0.3111778639967285 0.9650662627295661 0
9651 -0.326604128645229 0.9791836043679424 0
9652 1.859043756573374 0.5167466392568953 0
9653 -2.445192573628211 0.1739049654674943 0
9654 -4.611684092431421 0.6387154242828126 0
9655 -4.677358891837343 0.6074678203069149 0
9656 -0.4400745784554678 1.127146686103963 0
9657 2.09412379299083 0.8198080850731029 0
9658 3.843592129593077 1.565293432228577 0
9659 -1.813611609181665 0.466699014999214 0
9660 -6.086948331513138 0.1407143296608198 0
9661 1.586830491867607 0.5013553338547579 0
9662 1.594537946956121 0.5368500165294317 0
9663 1.563850426359496 0.5171702516894991 0
9664 -5.385258428430556 1.725237916355477 0
9665 2.387311282742237 0.09421611538601528 0
9666 -7.677079226914627 1.444167770430618 0
9667 3.002563025821967 0.5250953534158667 0
9668 1.119487349384566 0.767567192384452 0
9669 -2.790566316290389 1.256564355004774 0
9670 -0.5133473132291029 1.522306737153529 0
9671 1.777979315523309 0.07386811257622583 0
9672 1.469850508937401 0.2201771414737054 0
9673 -2.379924141088171 1.10268445271725 0
9674 0.968358559995643 0.435092579152363 0
9675 -3.70203566176675 0.3613425423615257 0
9676 -0.3545841744202493 0.9986307231414864 0
9677 -0.3664601709260807 0.9846045369146172 0
9678 1.966079424078715 0.1112896349506337 0
9679 -0.4547618992488695 1.15985081702308 0
9680 -0.4101408780026899 1.538304270921297 0
9681 2.354633853959418 0.09500175408937564 0
9682 4.227495810723918 1.621953447734267 0
9683 -0.9755823418699805 0.6519260567733447 0
9684 0.9050781171162972 0.5338839668592202 0
9685 0.8938017298425525 0.5520286743202438 0
9686 0.5374560142307081 0.9043505003468248 0
9687 0.1516043247094164 1.039738347935964 0
9688 1.536632356351321 0.5113027838179685 0
9689 1.497928413135368 0.5155689950949841 0
9690 7.454524526839204 0.3308060729765448 0
9691 14.25761192056929 1.176909070452806 0
9692 -2.75124683183006 1.40998969822442 0
9693 -2.769393631264197 1.332605304038283 0
9694 10.62474182748002 0.3270026746135799 0
9695 -0.1760984910716012 1.033374829737525 0
9696 -12.09991997125058 1.455858045291112 0
9697 0.009913910795611786 1.014699277289866 0
9698 -0.0004961300532527364 1.03127697172263 0
9699 -0.9712712351802539 0.4363630289213194 0
9700 -0.9606620767418487 0.419848680114288 0
9701 0.009244208099525629 1.045346380686385 0
9702 -0.01107974354099245 1.047224797829283 0
9703 1.154176779683688 0.7644083755209663 0
9704 1.943913625245683 0.9547790785944015 0
9705 -3.651982587869683 0.3851290855132633 0
9706 1.550996446388913 0.0630378295277489 0
9707 1.538699810817257 0.085077631559066 0
9708 0.9155054681342581 0.5159040093640314 0
9709 3.664509653612815 1.603470012776229 0
9710 -0.4690478790535396 1.19029583121865 0
9711 -1.446551746157954 0.06181161850741332 0
9712 1.729861148086461 0.4731143624466706 0
9713 -4.349519698324358 1.111190230342245 0
9714 4.083736843309238 1.183698639192935 0
9715 1.624554719318282 0.490393652907302 0
9716 -0.1752073431360712 1.321068320496182 0
9717 -1.105113226079588 0.7778369543465331 0
9718 0.2465761219301311 1.734978225730209 0
9719 -4.429284441321661 1.067549382683323 0
9720 -0.5220162512056876 1.727205608948402 0
9721 -0.5522926194431617 1.673250343709975 0
9722 -0.4889333452957527 1.673584714945783 0
9723 12.9558475159826 1.598847711645529 0
9724 -0.9290302723467185 0.9896232629163827 0
9725 -1.467606322020789 0.4945099135916825 0
9726 1.745176560199583 0.5418008338761384 0
9727 1.786767020665749 0.5344045424072048 0
9728 1.32935750220147 1.306589063782735 0
9729 1.028193533548165 1.389163975540312 0
9730 0.975508275534853 1.39284583570558 0
9731 -0.9683574716786506 0.4005381425223253 0
9732 6.638450090062641 0.2035129647063496 0
9733 -8.382888218004322 0.3840205274471775 0
9734 -3.684207633489556 0.1352393126491647 0
9735 -3.73930450846012 0.1371076724050249 0
9736 0.4202136557950692 0.9635981549206508 0
9737 3.748971813783924 1.587953827210666 0
9738 1.824428162497156 0.5282863269564521 0
9739 -0.4411237773528245 1.674992836490305 0
9740 1.107289591704768 0.0643971663270983 0
9741 -2.944572958040373 1.612955590627879 0
9742 11.23332531904864 0.4611341348654326 0
9743 -1.952007858926804 0.50245084044473 0
9744 -2.063942985269087 0.5090834194800697 0
9745 -2.095882957193525 0.5379354073248307 0
9746 0.876526247945125 0.643687408198969 0
9747 0.869381227339366 0.6200390741216356 0
9748 -4.037037583218805 1.151564589885204 0
9749 -4.041570896529356 1.069980727612145 0
9750 -0.1526440630219758 1.003309690627085 0
9751 -0.1651552894902212 1.017582928442204 0
9752 -1.414414085265535 1.224326800230648 0
9753 -0.2730116942072131 0.978070178273726 0
9754 2.089077899998129 1.578287385952806 0
9755 -1.490667875049036 0.5223494445160055 0
9756 -4.864295232067485 0.16171601903889 0
9757 6.050646111169247 1.282163244962917 0
9758 0.9535078598391472 1.441952238126025 0
9759 -4.498589043448725 1.044292797148752 0
9760 2.968546777238238 1.59293048808554 0
9761 2.885922874790384 1.608709881231457 0
9762 -0.599321258217079 0.8620662983620685 0
9763 2.246815978608393 0.1877162857722803 0
9764 2.2391529189612 0.1479953405920589 0
9765 -5.804650733683971 1.41085109253853 0
9766 11.20344141690561 0.3307215103804384 0
9767 -12.0336500085231 1.606745620806938 0
9768 -11.86042347289125 1.608765446017042 0
9769 3.505632723573308 1.154648853685987 0
9770 3.453673269608535 1.10295641867102 0
9771 -8.428238912401524 0.2736948798241944 0
9772 -1.793751909715456 0.5432867029568824 0
9773 -2.079174790196058 1.375971352824688 0
9774 -13.23169304618726 0.5509525827738628 0
9775 2.11860103378862 1.787706441865867 0
9776 1.24797510136974 0.05131478283629487 0
9777 1.357796674586747 1.348864311421035 0
9778 -2.438431103232352 1.086808060438323 0
9779 -1.377662143122656 1.331002985030188 0
9780 -1.397788947239528 1.279329576413025 0
9781 1.666113315449481 0.8967213458557106 0
9782 0.6995870808466262 0.8319699529109598 0
9783 -0.3374940555899782 0.9919477974008124 0
9784 0.9352340830483079 0.5141288911203591 0
9785 -1.679057649343064 0.1846824091172565 0
9786 -1.712979068289223 0.1742558374691952 0
9787 12.67719758777895 0.3474783848583216 0
9788 5.355856070524558 1.611659474135452 0
9789 7.841356254665028 0.2511822349775829 0
9790 0.478270841674824 0.9563125106733453 0
9791 7.283571653208769 1.566545975553938 0
9792 7.194898865808007 1.482739767381774 0
9793 0.04052431755748764 1.029413517492862 0
9794 0.03004688085030723 1.014293776375571 0
9795 0.8827769589161256 0.5697920915289996 0
9796 -1.029950443859986 0.04465119584344882 0
9797 -0.9840412048235293 0.3967185073798021 0
9798 -0.9735261954944088 0.3817289963155007 0
9799 1.029127981169321 0.0450575738381612 0
9800 3.167184057631435 0.1104931655602068 0
9801 3.144023483813288 0.1502151663866305 0
9802 2.801369478123108 1.623694503149373 0
9803 0.3195655279902173 1.001951897545372 0
9804 13.93996813679414 0.6378970473812158 0
9805 -7.717443693038191 0.3391652156721785 0
9806 1.259911203210699 0.7610426195561004 0
9807 -9.013495247004784 1.415107841688267 0
9808 6.662770863060161 1.701057269977734 0
9809 -0.8566943603956776 0.607009705383701 0
9810 -0.8679234449749825 0.5900783541482459 0
9811 0.9775191966253267 1.485648333585863 0
9812 -9.267993334980879 0.3061680534240476 0
9813 1.718415190736883 0.5099612509703891 0
9814 0.09346684509643988 1.046321383679622 0
9815 0.8918674262767399 0.5878277461899204 0
9816 12.01271769035103 0.4991392740673332 0
9817 7.421155933853207 0.2341033726803574 0
9818 -0.03183986680926194 1.051303924228676 0
9819 -1.992261436732216 0.4896496507789539 0
9820 -0.3859932169025004 0.9756869532044952 0
9821 -1.758394681034361 0.5563186294027098 0
9822 -1.768654990766849 0.5186587425939534 0
9823 0.9522568121295936 0.4388267080040036 0
9824 -2.031567446838074 0.4779875213927936 0
9825 -1.046321703647821 0.03148129587152411 0
9826 12.61216935832367 0.485010935690609 0
9827 1.224562844636758 0.7636976639705462 0
9828 1.187703186431685 0.7653789926619841 0
9829 1.044912261415494 0.03251944293589449 0
9830 0.9582250803644712 0.4200582768069847 0
9831 -1.175224414527133 0.4796727911495935 0
9832 1.889507796015487 0.9631567486405118 0
9833 -1.776339236183905 0.4786580692281801 0
9834 1.627927139220564 0.5571877402845387 0
9835 1.649319016881285 0.5191597673389898 0
9836 -3.408118707561216 1.183487712269367 0
9837 -3.46236281810347 1.239044000534036 0
9838 -0.2425817863493303 1.115521952026205 0
9839 -0.2193542302497191 1.091794073167697 0
9840 3.214911756624038 0.1119395362938656 0
9841 2.859099337599726 1.688017324940627 0
9842 5.923789982404901 1.524806141634777 0
9843 0.9133068143953961 0.58643168985681 0
9844 3.402002540121584 1.045446272109407 0
9845 3.333033717091782 1.062245706270349 0
9846 -0.2640278897550283 1.0957439245339 0
9847 -0.4199586780360424 0.9605183242976096 0
9848 1.178343369761783 0.4860621674506934 0
9849 1.166076407224995 0.509533757970959 0
9850 -0.4714001455902984 1.621037571251877 0
9851 -0.2919525990541008 0.971057097571654 0
9852 2.755310538406499 0.09704566418440046 0
9853 0.2844195996960226 1.01313673234304 0
9854 -14.69271897886441 0.1129019158912065 0
9855 -3.340781026883243 1.210773061596394 0
9856 12.89576757923504 1.439860898347112 0
9857 -1.165462691210361 0.7645950251824849 0
9858 5.222041299735624 0.1811320731187671 0
9859 -4.013483095821424 1.501943546409231 0
9860 -3.794414690082347 0.1291100674679619 0
9861 -0.2867468293477923 0.9886091642131587 0
9862 5.834665092195605 1.541745585842673 0
9863 -3.523880002160957 1.284265591825641 0
9864 -7.757593840328585 0.24213374948709 0
9865 0.4787283624178676 0.9329765294135688 0
9866 7.238006717112301 1.679710517194681 0
9867 -3.632198523228644 0.1209141407184993 0
9868 -3.6594806651525 0.168729331748037 0
9869 0.7554488719224572 0.8035094786147294 0
9870 -1.14631585896191 0.739380958827032 0
9871 1.305617072765985 1.353440117611549 0
9872 5.240602888289811 0.117219220370992 0
9873 1.241881225461931 0.7917526915213388 0
9874 12.03937839292356 0.3612440459607488 0
9875 2.827139157480468 1.768442548553872 0
9876 0.3159304211893074 1.020007839504623 0
9877 -0.4793220677522518 0.9322436067730104 0
9878 -3.156002972114152 0.1631885011639478 0
9879 0.8089088456638666 0.7784712063325361 0
9880 -5.905184611771425 1.279236709030349 0
9881 -0.6049200887632781 1.671157157591434 0
9882 0.3070154012626534 1.735859725106847 0
9883 0.8398412658836515 1.832115838822599 0
9884 -5.256253035019075 1.712482989002772 0
9885 1.919795444848846 1.004674198065485 0
9886 3.732299905670811 1.664620710948435 0
9887 2.747876944737736 1.779615271514161 0
9888 -5.725365691867735 1.360887776354117 0
9889 -5.817057290346958 1.327287603503186 0
9890 -2.850399199349803 1.59879802684876 0
9891 -2.858740138066141 1.507925626344159 0
9892 -0.5421191775758081 1.567733260940797 0
9893 -0.5718371828533431 1.617536263588815 0
9894 0.303581707947399 1.006980099808062 0
9895 2.366056709144556 0.1250953204262524 0
9896 -1.138003097993888 0.7712938101421343 0
9897 -0.4904378491865213 1.574202925920088 0
9898 6.556494268651095 1.72112489428573 0
9899 -0.4426282812435931 1.57561104746461 0
9900 0.9474237353567234 0.5338752004900515 0
9901 -0.8867733659827645 0.5952570959941096 0
9902 0.9255713360479518 1.486999323104321 0
9903 -0.1130833580221452 1.058741893161189 0
9904 -2.124584739697757 1.422251068153725 0
9905 -9.310071194075821 0.4209680185755351 0
9906 -3.579099738118629 0.1209509645832643 0
9907 0.02832266215204252 1.04561035066607 0
9908 -0.155820046770961 1.035361019911026 0
9909 4.012855071176398 0.1926722525694081 0
9910 0.7513147725622826 0.733609398705648 0
9911 0.5431411862627188 1.594172339729897 0
9912 0.528266540390487 1.666492347509204 0
9913 -2.06034401791178 1.435489481138161 0
9914 -5.260323871123095 1.600517795129954 0
9915 -0.4010120533641918 0.9684136349659751 0
9916 0.5527884269478089 0.8887224283606487 0
9917 -1.723315525802741 0.1989291011380339 0
9918 -0.3165776611394293 0.9943602765439568 0
9919 -0.9160148512626574 1.021606580715491 0
9920 -0.301347926527096 0.9976210988210958 0
9921 -0.1182589390416818 1.039422888255271 0
9922 -0.1376653462558843 1.035291534664898 0
9923 5.90846014071859 1.614624819534303 0
9924 0.7862184660940001 0.7817681995276311 0
9925 -7.362291164987638 1.605012665025954 0
9926 0.6220519160967373 1.650001049496628 0
9927 0.6002937089454456 1.594712890774985 0
9928 0.764800793251965 0.7843679509202673 0
9929 0.772688700756253 0.7648021390485176 0
9930 0.7604708383022881 0.7515560002987569 0
9931 5.286639501674904 0.1731476243724988 0
9932 -4.500720832063058 1.113472978355988 0
9933 -0.4004186552180746 0.9851646303659166 0
9934 -0.6488541371264568 1.180553002479817 0
9935 0.5832373000778674 1.684625106754534 0
$EndNodes
$Elements
5163
1 15 2 0 1 1
2 15 2 0 2 2
3 15 2 0 3 3
4 15 2 0 4 4
5 15 2 0 5 5
6 15 2 0 6 6
7 15 2 0 7 7
8 15 2 0 8 8
9 15 2 0 9 9
10 8 2 0 1 1 10 98
11 8 2 0 1 10 11 99
12 8 2 0 1 11 12 100
13 8 2 0 1 12 13 101
14 8 2 0 1 13 14 102
15 8 2 0 1 14 15 103
16 8 2 0 1 15 16 104
17 8 2 0 1 16 17 105
18 8 2 0 1 17 18 106
19 8 2 0 1 18 19 107
20 8 2 0 1 19 20 108
21 8 2 0 1 20 21 109
22 8 2 0 1 21 22 110
23 8 2 0 1 22 23 111
24 8 2 0 1 23 24 112
25 8 2 0 1 24 25 113
26 8 2 0 1 25 26 114
27 8 2 0 1 26 27 115
28 8 2 0 1 27 28 116
29 8 2 0 1 28 29 117
30 8 2 0 1 29 30 118
31 8 2 0 1 30 31 119
32 8 2 0 1 31 32 120
33 8 2 0 1 32 33 121
34 8 2 0 1 33 34 122
35 8 2 0 1 34 35 123
36 8 2 0 1 35 36 124
37 8 2 0 1 36 37 125
38 8 2 0 1 37 38 126
39 8 2 0 1 38 39 127
40 8 2 0 1 39 40 128
41 8 2 0 1 40 41 129
42 8 2 0 1 41 42 130
43 8 2 0 1 42 43 131
44 8 2 0 1 43 44 132
45 8 2 0 1 44 45 133
46 8 2 0 1 45 46 134
47 8 2 0 1 46 47 135
48 8 2 0 1 47 48 136
49 8 2 0 1 48 49 137
50 8 2 0 1 49 50 138
51 8 2 0 1 50 51 139
52 8 2 0 1 51 52 140
53 8 2 0 1 52 53 141
54 8 2 0 1 53 54 142
55 8 2 0 1 54 55 143
56 8 2 0 1 55 56 144
57 8 2 0 1 56 57 145
58 8 2 0 1 57 58 146
59 8 2 0 1 58 59 147
60 8 2 0 1 59 60 148
61 8 2 0 1 60 61 149
62 8 2 0 1 61 62 150
63 8 2 0 1 62 63 151
64 8 2 0 1 63 64 152
65 8 2 0 1 64 65 153
66 8 2 0 1 65 66 154
67 8 2 0 1 66 67 155
68 8 2 0 1 67 68 156
69 8 2 0 1 68 69 157
70 8 2 0 1 69 70 158
71 8 2 0 1 70 71 159
72 8 2 0 1 71 72 160
73 8 2 0 1 72 73 161
74 8 2 0 1 73 74 162
75 8 2 0 1 74 75 163
76 8 2 0 1 75 76 164
77 8 2 0 1 76 77 165
78 8 2 0 1 77 78 166
79 8 2 0 1 78 79 167
80 8 2 0 1 79 80 168
81 8 2 0 1 80 81 169
82 8 2 0 1 81 82 170
83 8 2 0 1 82 83 171
84 8 2 0 1 83 84 172
85 8 2 0 1 84 85 173
86 8 2 0 1 85 86 174
87 8 2 0 1 86 87 175
88 8 2 0 1 87 88 176
89 8 2 0 1 88 89 177
90 8 2 0 1 89 90 178
91 8 2 0 1 90 91 179
92 8 2 0 1 91 92 180
93 8 2 0 1 92 93 181
94 8 2 0 1 93 94 182
95 8 2 0 1 94 95 183
96 8 2 0 1 95 96 184
97 8 2 0 1 96 97 185
98 8 2 0 1 97 2 186
99 8 2 0 2 4 187 264
100 8 2 0 2 187 188 265
101 8 2 0 2 188 189 266
102 8 2 0 2 189 190 267
103 8 2 0 2 190 191 268
104 8 2 0 2 191 192 269
105 8 2 0 2 192 193 270
106 8 2 0 2 193 194 271
107 8 2 0 2 194 195 272
108 8 2 0 2 195 196 273
109 8 2 0 2 196 197 274
110 8 2 0 2 197 198 275
111 8 2 0 2 198 199 276
112 8 2 0 2 199 200 277
113 8 2 0 2 200 201 278
114 8 2 0 2 201 202 279
115 8 2 0 2 202 203 280
116 8 2 0 2 203 204 281
117 8 2 0 2 204 205 282
118 8 2 0 2 205 206 283
119 8 2 0 2 206 207 284
120 8 2 0 2 207 208 285
121 8 2 0 2 208 209 286
122 8 2 0 2 209 210 287
123 8 2 0 2 210 211 288
124 8 2 0 2 211 212 289
125 8 2 0 2 212 213 290
126 8 2 0 2 213 214 291
127 8 2 0 2 214 215 292
128 8 2 0 2 215 216 293
129 8 2 0 2 216 217 294
130 8 2 0 2 217 218 295
131 8 2 0 2 218 219 296
132 8 2 0 2 219 220 297
133 8 2 0 2 220 221 298
134 8 2 0 2 221 222 299
135 8 2 0 2 222 223 300
136 8 2 0 2 223 224 301
137 8 2 0 2 224 225 302
138 8 2 0 2 225 226 303
139 8 2 0 2 226 227 304
140 8 2 0 2 227 228 305
141 8 2 0 2 228 229 306
142 8 2 0 2 229 230 307
143 8 2 0 2 230 231 308
144 8 2 0 2 231 232 309
145 8 2 0 2 232 233 310
146 8 2 0 2 233 234 311
147 8 2 0 2 234 235 312
148 8 2 0 2 235 236 313
149 8 2 0 2 236 237 314
150 8 2 0 2 237 238 315
151 8 2 0 2 238 239 316
152 8 2 0 2 239 240 317
153 8 2 0 2 240 241 318
154 8 2 0 2 241 242 319
155 8 2 0 2 242 243 320
156 8 2 0 2 243 244 321
157 8 2 0 2 244 245 322
158 8 2 0 2 245 246 323
159 8 2 0 2 246 247 324
160 8 2 0 2 247 248 325
161 8 2 0 2 248 249 326
162 8 2 0 2 249 250 327
163 8 2 0 2 250 251 328
164 8 2 0 2 251 252 329
165 8 2 0 2 252 253 330
166 8 2 0 2 253 254 331
167 8 2 0 2 254 255 332
168 8 2 0 2 255 256 333
169 8 2 0 2 256 257 334
170 8 2 0 2 257 258 335
171 8 2 0 2 258 259 336
172 8 2 0 2 259 260 337
173 8 2 0 2 260 261 338
174 8 2 0 2 261 262 339
175 8 2 0 2 262 263 340
176 8 2 0 2 263 2 341
177 8 2 0 3 4 342 430
178 8 2 0 3 342 343 431
179 8 2 0 3 343 344 432
180 8 2 0 3 344 345 433
181 8 2 0 3 345 346 434
182 8 2 0 3 346 347 435
183 8 2 0 3 347 348 436
184 8 2 0 3 348 349 437
185 8 2 0 3 349 350 438
186 8 2 0 3 350 351 439
187 8 2 0 3 351 352 440
188 8 2 0 3 352 353 441
189 8 2 0 3 353 354 442
190 8 2 0 3 354 355 443
191 8 2 0 3 355 356 444
192 8 2 0 3 356 357 445
193 8 2 0 3 357 358 446
194 8 2 0 3 358 359 447
195 8 2 0 3 359 360 448
196 8 2 0 3 360 361 449
197 8 2 0 3 361 362 450
198 8 2 0 3 362 363 451
199 8 2 0 3 363 364 452
200 8 2 0 3 364 365 453
201 8 2 0 3 365 366 454
202 8 2 0 3 366 367 455
203 8 2 0 3 367 368 456
204 8 2 0 3 368 369 457
205 8 2 0 3 369 370 458
206 8 2 0 3 370 371 459
207 8 2 0 3 371 372 460
208 8 2 0 3 372 373 461
209 8 2 0 3 373 374 462
210 8 2 0 3 374 375 463
211 8 2 0 3 375 376 464
212 8 2 0 3 376 377 465
213 8 2 0 3 377 378 466
214 8 2 0 3 378 379 467
215 8 2 0 3 379 380 468
216 8 2 0 3 380 381 469
217 8 2 0 3 381 382 470
218 8 2 0 3 382 383 471
219 8 2 0 3 383 384 472
220 8 2 0 3 384 385 473
221 8 2 0 3 385 386 474
222 8 2 0 3 386 387 475
223 8 2 0 3 387 388 476
224 8 2 0 3 388 389 477
225 8 2 0 3 389 390 478
226 8 2 0 3 390 391 479
227 8 2 0 3 391 392 480
228 8 2 0 3 392 393 481
229 8 2 0 3 393 394 482
230 8 2 0 3 394 395 483
231 8 2 0 3 395 396 484
232 8 2 0 3 396 397 485
233 8 2 0 3 397 398 486
234 8 2 0 3 398 399 487
235 8 2 0 3 399 400 488
236 8 2 0 3 400 401 489
237 8 2 0 3 401 402 490
238 8 2 0 3 402 403 491
239 8 2 0 3 403 404 492
240 8 2 0 3 404 405 493
241 8 2 0 3 405 406 494
242 8 2 0 3 406 407 495
243 8 2 0 3 407 408 496
244 8 2 0 3 408 409 497
245 8 2 0 3 409 410 498
246 8 2 0 3 410 411 499
247 8 2 0 3 411 412 500
248 8 2 0 3 412 413 501
249 8 2 0 3 413 414 502
250 8 2 0 3 414 415 503
251 8 2 0 3 415 416 504
252 8 2 0 3 416 417 505
253 8 2 0 3 417 418 506
254 8 2 0 3 418 419 507
255 8 2 0 3 419 420 508
256 8 2 0 3 420 421 509
257 8 2 0 3 421 422 510
258 8 2 0 3 422 423 511
259 8 2 0 3 423 424 512
260 8 2 0 3 424 425 513
261 8 2 0 3 425 426 514
262 8 2 0 3 426 427 515
263 8 2 0 3 427 428 516
264 8 2 0 3 428 429 517
265 8 2 0 3 429 5 518
266 8 2 0 4 5 519 522
267 8 2 0 4 519 520 523
268 8 2 0 4 520 521 524
269 8 2 0 4 521 6 525
270 8 2 0 5 6 526 575
271 8 2 0 5 526 527 576
272 8 2 0 5 527 528 577
273 8 2 0 5 528 529 578
274 8 2 0 5 529 530 579
275 8 2 0 5 530 531 580
276 8 2 0 5 531 532 581
277 8 2 0 5 532 533 582
278 8 2 0 5 533 534 583
279 8 2 0 5 534 535 584
280 8 2 0 5 535 536 585
281 8 2 0 5 536 537 586
282 8 2 0 5 537 538 587
283 8 2 0 5 538 539 588
284 8 2 0 5 539 540 589
285 8 2 0 5 540 541 590
286 8 2 0 5 541 542 591
287 8 2 0 5 542 543 592
288 8 2 0 5 543 544 593
289 8 2 0 5 544 545 594
290 8 2 0 5 545 546 595
291 8 2 0 5 546 547 596
292 8 2 0 5 547 548 597
293 8 2 0 5 548 549 598
294 8 2 0 5 549 550 599
295 8 2 0 5 550 551 600
296 8 2 0 5 551 552 601
297 8 2 0 5 552 553 602
298 8 2 0 5 553 554 603
299 8 2 0 5 554 555 604
300 8 2 0 5 555 556 605
301 8 2 0 5 556 557 606
302 8 2 0 5 557 558 607
303 8 2 0 5 558 559 608
304 8 2 0 5 559 560 609
305 8 2 0 5 560 561 610
306 8 2 0 5 561 562 611
307 8 2 0 5 562 563 612
308 8 2 0 5 563 564 613
309 8 2 0 5 564 565 614
310 8 2 0 5 565 566 615
311 8 2 0 5 566 567 616
312 8 2 0 5 567 568 617
313 8 2 0 5 568 569 618
314 8 2 0 5 569 570 619
315 8 2 0 5 570 571 620
316 8 2 0 5 571 572 621
317 8 2 0 5 572 573 622
318 8 2 0 5 573 574 623
319 8 2 0 5 574 7 624
320 8 2 0 6 7 625 635
321 8 2 0 6 625 626 636
322 8 2 0 6 626 627 637
323 8 2 0 6 627 628 638
324 8 2 0 6 628 629 639
325 8 2 0 6 629 630 640
326 8 2 0 6 630 631 641
327 8 2 0 6 631 632 642
328 8 2 0 6 632 633 643
329 8 2 0 6 633 634 644
330 8 2 0 6 634 8 645
331 8 2 0 7 8 646 695
332 8 2 0 7 646 647 696
333 8 2 0 7 647 648 697
334 8 2 0 7 648 649 698
335 8 2 0 7 649 650 699
336 8 2 0 7 650 651 700
337 8 2 0 7 651 652 701
338 8 2 0 7 652 653 702
339 8 2 0 7 653 654 703
340 8 2 0 7 654 655 704
341 8 2 0 7 655 656 705
342 8 2 0 7 656 657 706
343 8 2 0 7 657 658 707
344 8 2 0 7 658 659 708
345 8 2 0 7 659 660 709
346 8 2 0 7 660 661 710
347 8 2 0 7 661 662 711
348 8 2 0 7 662 663 712
349 8 2 0 7 663 664 713
350 8 2 0 7 664 665 714
351 8 2 0 7 665 666 715
352 8 2 0 7 666 667 716
353 8 2 0 7 667 668 717
354 8 2 0 7 668 669 718
355 8 2 0 7 669 670 719
356 8 2 0 7 670 671 720
357 8 2 0 7 671 672 721
358 8 2 0 7 672 673 722
359 8 2 0 7 673 674 723
360 8 2 0 7 674 675 724
361 8 2 0 7 675 676 725
362 8 2 0 7 676 677 726
363 8 2 0 7 677 678 727
364 8 2 0 7 678 679 728
365 8 2 0 7 679 680 729
366 8 2 0 7 680 681 730
367 8 2 0 7 681 682 731
368 8 2 0 7 682 683 732
369 8 2 0 7 683 684 733
370 8 2 0 7 684 685 734
371 8 2 0 7 685 686 735
372 8 2 0 7 686 687 736
373 8 2 0 7 687 688 737
374 8 2 0 7 688 689 738
375 8 2 0 7 689 690 739
376 8 2 0 7 690 691 740
377 8 2 0 7 691 692 741
378 8 2 0 7 692 693 742
379 8 2 0 7 693 694 743
380 8 2 0 7 694 9 744
381 8 2 0 8 9 745 748
382 8 2 0 8 745 746 749
383 8 2 0 8 746 747 750
384 8 2 0 8 747 1 751
385 9 2 0 9 1659 1991 2512 2955 2956 2957
386 9 2 0 9 626 822 1858 2958 2959 2960
387 9 2 0 9 766 2082 2038 2961 2962 2963
388 9 2 0 9 1541 1556 2134 2964 2965 2966
389 9 2 0 9 1554 2024 2782 2967 2968 2969
390 9 2 0 9 2286 2288 2294 2970 2971 2972
391 9 2 0 9 1149 1940 1939 2973 2974 2975
392 9 2 0 9 1623 2202 2434 2976 2977 2978
393 9 2 0 9 1540 1541 2134 2979 2966 2980
394 9 2 0 9 1331 1371 1877 2981 2982 2983
395 9 2 0 9 939 1989 953 2984 2985 2986
396 9 2 0 9 808 2512 1991 2987 2956 2988
397 9 2 0 9 1771 2691 1810 2989 2990 2991
398 9 2 0 9 1019 1757 2450 2992 2993 2994
399 9 2 0 9 824 2178 2176 2995 2996 2997
400 9 2 0 9 1488 2368 1984 2998 2999 3000
401 9 2 0 9 1632 1854 1937 3001 3002 3003
402 9 2 0 9 1469 2722 1809 3004 3005 3006
403 9 2 0 9 806 1874 2813 3007 3008 3009
404 9 2 0 9 1632 1930 1928 3010 3011 3012
405 9 2 0 9 875 1882 2327 3013 3014 3015
406 9 2 0 9 1583 2448 1842 3016 3017 3018
407 9 2 0 9 1542 2067 2068 3019 3020 3021
408 9 2 0 9 1569 2204 2203 3022 3023 3024
409 9 2 0 9 1019 2417 1757 3025 3026 2992
410 9 2 0 9 1816 2381 1964 3027 3028 3029
411 9 2 0 9 1469 1809 2410 3006 3030 3031
412 9 2 0 9 1471 2052 2371 3032 3033 3034
413 9 2 0 9 1371 1789 1877 3035 3036 2982
414 9 2 0 9 800 2387 1880 3037 3038 3039
415 9 2 0 9 1583 1842 2540 3018 3040 3041
416 9 2 0 9 764 2346 1739 3042 3043 3044
417 9 2 0 9 1828 2065 2603 3045 3046 3047
418 9 2 0 9 2377 2383 2846 3048 3049 3050
419 9 2 0 9 1942 2117 1943 3051 3052 3053
420 9 2 0 9 1528 2024 1554 3054 2967 3055
421 9 2 0 9 11 2663 2529 3056 3057 3058
422 9 2 0 9 1477 2007 2358 3059 3060 3061
423 9 2 0 9 1979 2297 2579 3062 3063 3064
424 9 2 0 9 882 2344 2000 3065 3066 3067
425 9 2 0 9 1749 2317 2141 3068 3069 3070
426 9 2 0 9 1368 2382 2490 3071 3072 3073
427 9 2 0 9 858 2477 1923 3074 3075 3076
428 9 2 0 9 2128 2288 2399 3077 3078 3079
429 9 2 0 9 2158 2514 2170 3080 3081 3082
430 9 2 0 9 824 2179 2178 3083 3084 2995
431 9 2 0 9 846 2170 2514 3085 3081 3086
432 9 2 0 9 1788 2128 2399 3087 3079 3088
433 9 2 0 9 2440 2721 2717 3089 3090 3091
434 9 2 0 9 929 2537 1978 3092 3093 3094
435 9 2 0 9 1708 2337 2867 3095 3096 3097
436 9 2 0 9 774 1937 2878 3098 3099 3100
437 9 2 0 9 1983 1984 2368 3101 2999 3102
438 9 2 0 9 887 2123 2124 3103 3104 3105
439 9 2 0 9 1569 2203 2758 3024 3106 3107
440 9 2 0 9 1701 2164 2736 3108 3109 3110
441 9 2 0 9 1600 2232 2686 3111 3112 3113
442 9 2 0 9 752 2139 2634 3114 3115 3116
443 9 2 0 9 784 2020 2029 3117 3118 3119
444 9 2 0 9 1705 1829 1888 3120 3121 3122
445 9 2 0 9 1438 1771 1810 3123 2991 3124
446 9 2 0 9 1056 2117 1942 3125 3051 3126
447 9 2 0 9 1400 2822 2427 3127 3128 3129
448 9 2 0 9 1828 2603 2312 3047 3130 3131
449 9 2 0 9 1035 2556 2085 3132 3133 3134
450 9 2 0 9 786 2066 1887 3135 3136 3137
451 9 2 0 9 1086 1992 1855 3138 3139 3140
452 9 2 0 9 1964 2381 2692 3028 3141 3142
453 9 2 0 9 1139 1477 2358 3143 3061 3144
454 9 2 0 9 1699 2217 2627 3145 3146 3147
455 9 2 0 9 2195 2686 2232 3148 3112 3149
456 9 2 0 9 2051 2371 2052 3150 3033 3151
457 9 2 0 9 25 26 2259 114 3152 3153
458 9 2 0 9 822 1956 1859 3154 3155 3156
459 9 2 0 9 1349 1400 2427 3157 3129 3158
460 9 2 0 9 1883 2129 2364 3159 3160 3161
461 9 2 0 9 1859 1956 2108 3155 3162 3163
462 9 2 0 9 567 2405 1886 3164 3165 3166
463 9 2 0 9 806 2595 1874 3167 3168 3007
464 9 2 0 9 955 2693 2061 3169 3170 3171
465 9 2 0 9 1236 2012 1241 3172 3173 3174
466 9 2 0 9 1247 2856 2135 3175 3176 3177
467 9 2 0 9 1478 1854 1632 3178 3001 3179
468 9 2 0 9 1489 2492 2169 3180 3181 3182
469 9 2 0 9 1554 2782 2190 2969 3183 3184
470 9 2 0 9 1491 2059 2353 3185 3186 3187
471 9 2 0 9 903 1149 1939 3188 2975 3189
472 9 2 0 9 977 2403 2015 3190 3191 3192
473 9 2 0 9 1740 2349 2937 3193 3194 3195
474 9 2 0 9 1168 1878 1215 3196 3197 3198
475 9 2 0 9 1632 2635 1930 3199 3200 3010
476 9 2 0 9 1091 2352 1974 3201 3202 3203
477 9 2 0 9 769 1994 1948 3204 3205 3206
478 9 2 0 9 1890 2584 2613 3207 3208 3209
479 9 2 0 9 1623 2562 2202 3210 3211 2976
480 9 2 0 9 2128 2294 2288 3212 2971 3077
481 9 2 0 9 2141 2317 2615 3069 3213 3214
482 9 2 0 9 1317 1909 1318 3215 3216 3217
483 9 2 0 9 1768 2061 2693 3218 3170 3219
484 9 2 0 9 1302 1916 1400 3220 3221 3222
485 9 2 0 9 1303 2383 2377 3223 3048 3224
486 9 2 0 9 764 1739 2778 3044 3225 3226
487 9 2 0 9 1518 1637 1957 3227 3228 3229
488 9 2 0 9 884 2081 2082 3230 3231 3232
489 9 2 0 9 809 1795 2652 3233 3234 3235
490 9 2 0 9 1577 2686 2194 3236 3237 3238
491 9 2 0 9 1982 2634 2139 3239 3115 3240
492 9 2 0 9 1876 1891 1683 3241 3242 3243
493 9 2 0 9 1872 2003 2872 3244 3245 3246
494 9 2 0 9 1701 2163 2164 3247 3248 3108
495 9 2 0 9 1193 2496 2601 3249 3250 3251
496 9 2 0 9 1489 2169 2724 3182 3252 3253
497 9 2 0 9 916 1040 1927 3254 3255 3256
498 9 2 0 9 1035 2085 2547 3134 3257 3258
499 9 2 0 9 1863 2509 2549 3259 3260 3261
500 9 2 0 9 2217 2218 2627 3262 3263 3146
501 9 2 0 9 1710 2717 2721 3264 3090 3265
502 9 2 0 9 2277 2601 2496 3266 3250 3267
503 9 2 0 9 570 2488 1873 3268 3269 3270
504 9 2 0 9 1872 2777 2003 3271 3272 3244
505 9 2 0 9 892 1934 2694 3273 3274 3275
506 9 2 0 9 803 2646 1973 3276 3277 3278
507 9 2 0 9 1254 2549 2509 3279 3260 3280
508 9 2 0 9 1700 2332 1837 3281 3282 3283
509 9 2 0 9 779 2315 2367 3284 3285 3286
510 9 2 0 9 1912 2624 2138 3287 3288 3289
511 9 2 0 9 1512 2408 2193 3290 3291 3292
512 9 2 0 9 1637 1725 1957 3293 3294 3228
513 9 2 0 9 626 1858 2950 2960 3295 3296
514 9 2 0 9 1334 1959 1958 3297 3298 3299
515 9 2 0 9 1247 1951 2856 3300 3301 3175
516 9 2 0 9 766 2038 2083 2963 3302 3303
517 9 2 0 9 770 2681 2173 3304 3305 3306
518 9 2 0 9 2414 2903 2663 3307 3308 3309
519 9 2 0 9 2014 2015 2403 3310 3191 3311
520 9 2 0 9 2053 2573 2399 3312 3313 3314
521 9 2 0 9 800 1880 2546 3039 3315 3316
522 9 2 0 9 1764 1765 1922 3317 3318 3319
523 9 2 0 9 2063 2199 2723 3320 3321 3322
524 9 2 0 9 1088 2364 2129 3323 3160 3324
525 9 2 0 9 1532 2091 2491 3325 3326 3327
526 9 2 0 9 937 1989 939 3328 2984 3329
527 9 2 0 9 1562 2596 2258 3330 3331 3332
528 9 2 0 9 2063 2767 2199 3333 3334 3320
529 9 2 0 9 784 2796 2020 3335 3336 3117
530 9 2 0 9 23 836 2137 3337 3338 3339
531 9 2 0 9 1562 2258 2682 3332 3340 3341
532 9 2 0 9 770 2173 2335 3306 3342 3343
533 9 2 0 9 1750 1974 2352 3344 3202 3345
534 9 2 0 9 869 2414 2663 3346 3309 3347
535 9 2 0 9 1875 2867 2337 3348 3096 3349
536 9 2 0 9 892 2252 1934 3350 3351 3273
537 9 2 0 9 863 2617 1874 3352 3353 3354
538 9 2 0 9 761 1865 2279 3355 3356 3357
539 9 2 0 9 804 2280 2628 3358 3359 3360
540 9 2 0 9 1266 1241 2012 3361 3173 3362
541 9 2 0 9 1577 2194 2373 3238 3363 3364
542 9 2 0 9 887 2531 2123 3365 3366 3103
543 9 2 0 9 2479 2491 1593 3367 3368 3369
544 9 2 0 9 769 1995 1994 3370 3371 3204
545 9 2 0 9 872 2144 2145 3372 3373 3374
546 9 2 0 9 757 2579 2297 3375 3063 3376
547 9 2 0 9 22 23 2137 111 3339 3377
548 9 2 0 9 1038 2441 1898 3378 3379 3380
549 9 2 0 9 809 2864 1795 3381 3382 3233
550 9 2 0 9 1965 1966 1968 3383 3384 3385
551 9 2 0 9 1844 2574 2121 3386 3387 3388
552 9 2 0 9 2315 2797 2367 3389 3390 3285
553 9 2 0 9 949 2121 2574 3391 3387 3392
554 9 2 0 9 1837 2332 2572 3282 3393 3394
555 9 2 0 9 843 1845 2354 3395 3396 3397
556 9 2 0 9 1711 2628 2280 3398 3359 3399
557 9 2 0 9 860 2035 2034 3400 3401 3402
558 9 2 0 9 1890 1897 2584 3403 3404 3207
559 9 2 0 9 1885 2680 2612 3405 3406 3407
560 9 2 0 9 1786 2074 2075 3408 3409 3410
561 9 2 0 9 1038 1898 2620 3380 3411 3412
562 9 2 0 9 1663 2197 2900 3413 3414 3415
563 9 2 0 9 1452 1905 1904 3416 3417 3418
564 9 2 0 9 1331 1877 2270 2983 3419 3420
565 9 2 0 9 1351 1907 1906 3421 3422 3423
566 9 2 0 9 1950 2028 2287 3424 3425 3426
567 9 2 0 9 1191 1863 2803 3427 3428 3429
568 9 2 0 9 1050 2563 2394 3430 3431 3432
569 9 2 0 9 1040 2058 1927 3433 3434 3255
570 9 2 0 9 909 2216 2593 3435 3436 3437
571 9 2 0 9 2092 2490 2382 3438 3072 3439
572 9 2 0 9 1099 1452 1899 3440 3441 3442
573 9 2 0 9 856 2535 2361 3443 3444 3445
574 9 2 0 9 1523 2036 2942 3446 3447 3448
575 9 2 0 9 812 2726 2062 3449 3450 3451
576 9 2 0 9 816 2102 2425 3452 3453 3454
577 9 2 0 9 843 2658 1845 3455 3456 3395
578 9 2 0 9 909 1975 2216 3457 3458 3435
579 9 2 0 9 1452 1903 1899 3459 3460 3441
580 9 2 0 9 1788 2399 2573 3088 3313 3461
581 9 2 0 9 1740 2937 2536 3195 3462 3463
582 9 2 0 9 2149 2529 2663 3464 3057 3465
583 9 2 0 9 1542 2068 2859 3021 3466 3467
584 9 2 0 9 2479 1593 2480 3369 3468 3469
585 9 2 0 9 875 2774 1882 3470 3471 3013
586 9 2 0 9 953 1989 2411 2985 3472 3473
587 9 2 0 9 1122 1632 1928 3474 3012 3475
588 9 2 0 9 1114 1491 2353 3476 3187 3477
589 9 2 0 9 1317 2931 1909 3478 3479 3215
590 9 2 0 9 1618 2502 2048 3480 3481 3482
591 9 2 0 9 1646 2189 2421 3483 3484 3485
592 9 2 0 9 1966 2721 1968 3486 3487 3384
593 9 2 0 9 567 568 2405 617 3488 3164
594 9 2 0 9 1661 1994 1995 3489 3371 3490
595 9 2 0 9 1765 1826 1922 3491 3492 3318
596 9 2 0 9 1174 2001 1447 3493 3494 3495
597 9 2 0 9 1521 2036 1523 3496 3446 3497
598 9 2 0 9 1152 1916 1302 3498 3220 3499
599 9 2 0 9 1618 2048 2049 3482 3500 3501
600 9 2 0 9 882 2000 2811 3067 3502 3503
601 9 2 0 9 898 2882 1956 3504 3505 3506
602 9 2 0 9 1612 2236 2430 3507 3508 3509
603 9 2 0 9 1876 2008 1891 3510 3511 3241
604 9 2 0 9 1775 2377 2846 3512 3050 3513
605 9 2 0 9 1916 2435 2311 3514 3515 3516
606 9 2 0 9 650 2244 2127 3517 3518 3519
607 9 2 0 9 1559 2189 1646 3520 3483 3521
608 9 2 0 9 1082 1843 2522 3522 3523 3524
609 9 2 0 9 2174 2410 2460 3525 3526 3527
610 9 2 0 9 412 829 2181 3528 3529 3530
611 9 2 0 9 1281 2582 1902 3531 3532 3533
612 9 2 0 9 2140 2341 2602 3534 3535 3536
613 9 2 0 9 538 539 2236 588 3537 3538
614 9 2 0 9 2476 2480 1593 3539 3468 3540
615 9 2 0 9 1604 1612 2430 3541 3509 3542
616 9 2 0 9 935 2355 1007 3543 3544 3545
617 9 2 0 9 929 1978 2697 3094 3546 3547
618 9 2 0 9 1967 2653 2547 3548 3549 3550
619 9 2 0 9 1050 2393 2561 3551 3552 3553
620 9 2 0 9 794 2113 2114 3554 3555 3556
621 9 2 0 9 756 1913 2499 3557 3558 3559
622 9 2 0 9 867 2164 2163 3560 3248 3561
623 9 2 0 9 1341 2033 2725 3562 3563 3564
624 9 2 0 9 1911 2624 1912 3565 3287 3566
625 9 2 0 9 2452 2505 1733 3567 3568 3569
626 9 2 0 9 2448 2469 2183 3570 3571 3572
627 9 2 0 9 1035 2547 2653 3258 3549 3573
628 9 2 0 9 1829 2905 1888 3574 3575 3121
629 9 2 0 9 1881 2062 2726 3576 3450 3577
630 9 2 0 9 631 2730 2125 3578 3579 3580
631 9 2 0 9 868 1932 2276 3581 3582 3583
632 9 2 0 9 1284 1341 2725 3584 3564 3585
633 9 2 0 9 1082 2483 1843 3586 3587 3522
634 9 2 0 9 1191 2509 1863 3588 3259 3427
635 9 2 0 9 772 2341 2140 3589 3534 3590
636 9 2 0 9 631 1946 2730 3591 3592 3578
637 9 2 0 9 1278 2402 2880 3593 3594 3595
638 9 2 0 9 1334 2021 1959 3596 3597 3297
639 9 2 0 9 1854 2878 1937 3598 3099 3002
640 9 2 0 9 411 412 2181 500 3530 3599
641 9 2 0 9 867 2163 2162 3561 3600 3601
642 9 2 0 9 1532 2491 1660 3327 3602 3603
643 9 2 0 9 1465 2043 1901 3604 3605 3606
644 9 2 0 9 1400 1916 2311 3221 3516 3607
645 9 2 0 9 1786 2075 2429 3410 3608 3609
646 9 2 0 9 1772 1953 2813 3610 3611 3612
647 9 2 0 9 1684 2583 2224 3613 3614 3615
648 9 2 0 9 1707 2513 2668 3616 3617 3618
649 9 2 0 9 1050 2394 2393 3432 3619 3551
650 9 2 0 9 1215 1878 2793 3197 3620 3621
651 9 2 0 9 1705 2762 1829 3622 3623 3120
652 9 2 0 9 897 1936 2219 3624 3625 3626
653 9 2 0 9 1684 2224 2696 3615 3627 3628
654 9 2 0 9 1907 1913 1908 3629 3630 3631
655 9 2 0 9 1263 1277 2701 3632 3633 3634
656 9 2 0 9 780 2054 2754 3635 3636 3637
657 9 2 0 9 2188 2309 2910 3638 3639 3640
658 9 2 0 9 803 1973 2141 3278 3641 3642
659 9 2 0 9 2149 2663 2903 3465 3308 3643
660 9 2 0 9 1885 2612 2148 3407 3644 3645
661 9 2 0 9 1592 2258 2257 3646 3647 3648
662 9 2 0 9 656 2500 2416 3649 3650 3651
663 9 2 0 9 1882 2660 2327 3652 3653 3014
664 9 2 0 9 1592 2257 2259 3648 3654 3655
665 9 2 0 9 858 2583 2477 3656 3657 3074
666 9 2 0 9 786 1887 2242 3137 3658 3659
667 9 2 0 9 2238 2264 2300 3660 3661 3662
668 9 2 0 9 1950 2027 2028 3663 3664 3424
669 9 2 0 9 1523 2942 1828 3448 3665 3666
670 9 2 0 9 775 2188 2897 3667 3668 3669
671 9 2 0 9 2012 2631 2632 3670 3671 3672
672 9 2 0 9 1278 1286 2402 3673 3674 3593
673 9 2 0 9 1778 2025 2517 3675 3676 3677
674 9 2 0 9 1016 1045 1962 3678 3679 3680
675 9 2 0 9 1802 1973 2646 3681 3277 3682
676 9 2 0 9 1711 1969 2628 3683 3684 3398
677 9 2 0 9 940 948 2049 3685 3686 3687
678 9 2 0 9 2000 2344 2647 3066 3688 3689
679 9 2 0 9 2041 2569 2196 3690 3691 3692
680 9 2 0 9 2286 2287 2288 3693 3694 2970
681 9 2 0 9 1691 2230 2626 3695 3696 3697
682 9 2 0 9 1955 2416 2500 3698 3650 3699
683 9 2 0 9 1762 2250 2667 3700 3701 3702
684 9 2 0 9 570 1873 2747 3270 3703 3704
685 9 2 0 9 1252 2126 1294 3705 3706 3707
686 9 2 0 9 1001 1952 2437 3708 3709 3710
687 9 2 0 9 1576 2180 1598 3711 3712 3713
688 9 2 0 9 26 828 2259 3714 3715 3152
689 9 2 0 9 765 2143 2142 3716 3717 3718
690 9 2 0 9 1351 1906 1352 3423 3719 3720
691 9 2 0 9 1451 2197 1663 3721 3413 3722
692 9 2 0 9 809 1896 2017 3723 3724 3725
693 9 2 0 9 851 2022 2841 3726 3727 3728
694 9 2 0 9 1193 2601 2538 3251 3729 3730
695 9 2 0 9 1656 2561 2393 3731 3552 3732
696 9 2 0 9 1436 1970 1771 3733 3734 3735
697 9 2 0 9 1953 1954 2813 3736 3737 3611
698 9 2 0 9 1906 1907 1908 3422 3631 3738
699 9 2 0 9 1286 2107 2428 3739 3740 3741
700 9 2 0 9 863 1874 2595 3354 3168 3742
701 9 2 0 9 1575 2178 2179 3743 3084 3744
702 9 2 0 9 860 2708 2035 3745 3746 3400
703 9 2 0 9 1279 2727 2212 3747 3748 3749
704 9 2 0 9 1708 2688 2337 3750 3751 3095
705 9 2 0 9 2041 2196 2825 3692 3752 3753
706 9 2 0 9 1334 1958 1960 3299 3754 3755
707 9 2 0 9 1693 2359 2358 3756 3757 3758
708 9 2 0 9 756 2282 1913 3759 3760 3557
709 9 2 0 9 898 832 899 3761 3762 3763
710 9 2 0 9 873 2213 1949 3764 3765 3766
711 9 2 0 9 1988 2160 2363 3767 3768 3769
712 9 2 0 9 1426 1294 2126 3770 3706 3771
713 9 2 0 9 1769 1898 2155 3772 3773 3774
714 9 2 0 9 794 2114 2115 3556 3775 3776
715 9 2 0 9 634 2017 2031 3777 3778 3779
716 9 2 0 9 884 2142 2081 3780 3781 3230
717 9 2 0 9 1689 2037 2233 3782 3783 3784
718 9 2 0 9 1465 1901 2042 3606 3785 3786
719 9 2 0 9 1542 2069 2067 3787 3788 3019
720 9 2 0 9 671 672 2009 721 3789 3790
721 9 2 0 9 1447 2001 1811 3494 3791 3792
722 9 2 0 9 1848 2058 2445 3793 3794 3795
723 9 2 0 9 1394 1941 2073 3796 3797 3798
724 9 2 0 9 858 1923 2776 3076 3799 3800
725 9 2 0 9 666 2453 2468 3801 3802 3803
726 9 2 0 9 1164 1951 1247 3804 3300 3805
727 9 2 0 9 935 936 2355 3806 3807 3543
728 9 2 0 9 830 2088 2019 3808 3809 3810
729 9 2 0 9 900 2125 1147 3811 3812 3813
730 9 2 0 9 926 2537 929 3814 3092 3815
731 9 2 0 9 1740 2673 2349 3816 3817 3193
732 9 2 0 9 1880 2387 1941 3038 3818 3819
733 9 2 0 9 1907 1910 1913 3820 3821 3629
734 9 2 0 9 909 2593 1993 3437 3822 3823
735 9 2 0 9 1612 2234 2236 3824 3825 3507
736 9 2 0 9 959 1897 2441 3826 3827 3828
737 9 2 0 9 1584 2038 2082 3829 2962 3830
738 9 2 0 9 1969 2817 2628 3831 3832 3684
739 9 2 0 9 1811 2740 1924 3833 3834 3835
740 9 2 0 9 1893 2088 2089 3836 3837 3838
741 9 2 0 9 1762 1830 2250 3839 3840 3700
742 9 2 0 9 1720 2302 2607 3841 3842 3843
743 9 2 0 9 1291 2435 1916 3844 3514 3845
744 9 2 0 9 1619 2145 2144 3846 3373 3847
745 9 2 0 9 830 2089 2088 3848 3837 3808
746 9 2 0 9 785 2271 2043 3849 3850 3851
747 9 2 0 9 1769 2620 1898 3852 3411 3772
748 9 2 0 9 1602 2293 2256 3853 3854 3855
749 9 2 0 9 1281 1902 2532 3533 3856 3857
750 9 2 0 9 1102 2744 2536 3858 3859 3860
751 9 2 0 9 539 842 2236 3861 3862 3537
752 9 2 0 9 664 816 2425 3863 3454 3864
753 9 2 0 9 2452 1733 2681 3569 3865 3866
754 9 2 0 9 1770 2243 2835 3867 3868 3869
755 9 2 0 9 25 2259 2257 3153 3654 3870
756 9 2 0 9 1706 1707 2668 3871 3618 3872
757 9 2 0 9 1839 1840 2186 3873 3874 3875
758 9 2 0 9 2152 2273 2756 3876 3877 3878
759 9 2 0 9 1073 1983 2368 3879 3102 3880
760 9 2 0 9 827 2626 2230 3881 3696 3882
761 9 2 0 9 908 1939 2728 3883 3884 3885
762 9 2 0 9 1086 1855 2854 3140 3886 3887
763 9 2 0 9 567 1886 2821 3166 3888 3889
764 9 2 0 9 1098 2053 2399 3890 3314 3891
765 9 2 0 9 1786 2106 2074 3892 3893 3408
766 9 2 0 9 1575 2179 2180 3744 3894 3895
767 9 2 0 9 929 1990 930 3896 3897 3898
768 9 2 0 9 1666 2127 2244 3899 3518 3900
769 9 2 0 9 923 1926 1013 3901 3902 3903
770 9 2 0 9 671 2009 826 3790 3904 3905
771 9 2 0 9 1809 2460 2410 3906 3526 3030
772 9 2 0 9 1277 2388 2701 3907 3908 3633
773 9 2 0 9 1665 2631 2012 3909 3670 3910
774 9 2 0 9 1044 1099 1899 3911 3442 3912
775 9 2 0 9 814 2275 2200 3913 3914 3915
776 9 2 0 9 1134 2155 1135 3916 3917 3918
777 9 2 0 9 854 2303 2898 3919 3920 3921
778 9 2 0 9 1713 2361 2535 3922 3444 3923
779 9 2 0 9 1339 1464 2018 3924 3925 3926
780 9 2 0 9 1904 1905 2588 3417 3927 3928
781 9 2 0 9 968 1001 2437 3929 3710 3930
782 9 2 0 9 1239 1665 1963 3931 3932 3933
783 9 2 0 9 1168 1170 1878 3934 3935 3196
784 9 2 0 9 1235 1721 2026 3936 3937 3938
785 9 2 0 9 1425 2032 1700 3939 3940 3941
786 9 2 0 9 904 1939 908 3942 3883 3943
787 9 2 0 9 1466 1987 1986 3944 3945 3946
788 9 2 0 9 1847 1850 2307 3947 3948 3949
789 9 2 0 9 1861 2538 2601 3950 3729 3951
790 9 2 0 9 906 908 1975 3952 3953 3954
791 9 2 0 9 979 2670 2417 3955 3956 3957
792 9 2 0 9 891 2251 1884 3958 3959 3960
793 9 2 0 9 1194 2004 2006 3961 3962 3963
794 9 2 0 9 1610 2696 2235 3964 3965 3966
795 9 2 0 9 2448 1583 2469 3016 3967 3570
796 9 2 0 9 1943 2117 2902 3052 3968 3969
797 9 2 0 9 1909 2931 1911 3479 3970 3971
798 9 2 0 9 1910 2499 1913 3972 3558 3821
799 9 2 0 9 2453 1776 2468 3973 3974 3802
800 9 2 0 9 1612 2235 2234 3975 3976 3824
801 9 2 0 9 2166 2805 2606 3977 3978 3979
802 9 2 0 9 760 2249 2274 3980 3981 3982
803 9 2 0 9 894 2166 2606 3983 3979 3984
804 9 2 0 9 859 2384 2035 3985 3986 3987
805 9 2 0 9 1988 2363 2586 3769 3988 3989
806 9 2 0 9 1236 1963 2012 3990 3991 3172
807 9 2 0 9 628 898 1956 3992 3506 3993
808 9 2 0 9 1013 1926 2495 3902 3994 3995
809 9 2 0 9 786 2524 2066 3996 3997 3135
810 9 2 0 9 1435 1970 1436 3998 3733 3999
811 9 2 0 9 792 2438 1879 4000 4001 4002
812 9 2 0 9 1973 2939 2141 4003 4004 3641
813 9 2 0 9 884 2082 2633 3232 4005 4006
814 9 2 0 9 971 1961 987 4007 4008 4009
815 9 2 0 9 1715 2263 2493 4010 4011 4012
816 9 2 0 9 1343 1701 2372 4013 4014 4015
817 9 2 0 9 2086 2156 2157 4016 4017 4018
818 9 2 0 9 909 1993 910 3823 4019 4020
819 9 2 0 9 809 2652 1896 3235 4021 3723
820 9 2 0 9 1083 1122 1928 4022 3475 4023
821 9 2 0 9 1473 1981 1707 4024 4025 4026
822 9 2 0 9 1231 1235 2026 4027 3938 4028
823 9 2 0 9 1764 1922 1923 3319 4029 4030
824 9 2 0 9 1199 1200 2069 4031 4032 4033
825 9 2 0 9 901 903 1939 4034 3189 4035
826 9 2 0 9 1349 1435 1350 4036 4037 4038
827 9 2 0 9 1526 2130 2200 4039 4040 4041
828 9 2 0 9 1286 1287 2107 4042 4043 3739
829 9 2 0 9 1550 2738 2207 4044 4045 4046
830 9 2 0 9 2075 2285 2320 4047 4048 4049
831 9 2 0 9 1399 1838 1984 4050 4051 4052
832 9 2 0 9 1970 1971 1972 4053 4054 4055
833 9 2 0 9 1619 2143 2145 4056 4057 3846
834 9 2 0 9 994 2260 2050 4058 4059 4060
835 9 2 0 9 758 2023 2022 4061 4062 4063
836 9 2 0 9 1072 1109 2042 4064 4065 4066
837 9 2 0 9 1661 1995 2811 3490 4067 4068
838 9 2 0 9 538 2236 2234 3538 3825 4069
839 9 2 0 9 761 2710 1865 4070 4071 3355
840 9 2 0 9 1318 1909 1351 3216 4072 4073
841 9 2 0 9 2094 2100 2103 4074 4075 4076
842 9 2 0 9 1531 2781 2507 4077 4078 4079
843 9 2 0 9 899 900 901 4080 4081 4082
844 9 2 0 9 1512 2193 2569 3292 4083 4084
845 9 2 0 9 1939 1940 2728 2974 4085 3884
846 9 2 0 9 2360 2691 2750 4086 4087 4088
847 9 2 0 9 900 832 2125 4089 4090 3811
848 9 2 0 9 1305 2076 2106 4091 4092 4093
849 9 2 0 9 1527 2024 1528 4094 3054 4095
850 9 2 0 9 1182 2357 2021 4096 4097 4098
851 9 2 0 9 1220 1221 2070 4099 4100 4101
852 9 2 0 9 994 2008 2260 4102 4103 4058
853 9 2 0 9 8 809 2017 4104 3725 4105
854 9 2 0 9 2476 1652 2480 4106 4107 3539
855 9 2 0 9 1054 2390 2085 4108 4109 4110
856 9 2 0 9 1959 2021 2357 3597 4097 4111
857 9 2 0 9 1658 2031 2017 4112 3778 4113
858 9 2 0 9 1302 1349 1337 4114 4115 4116
859 9 2 0 9 573 1991 1945 4117 4118 4119
860 9 2 0 9 792 1879 2244 4002 4120 4121
861 9 2 0 9 1757 2417 2670 3026 3956 4122
862 9 2 0 9 1977 2160 2697 4123 4124 4125
863 9 2 0 9 2074 2106 2076 3893 4092 4126
864 9 2 0 9 1539 2156 2086 4127 4016 4128
865 9 2 0 9 1305 1306 2076 4129 4130 4091
866 9 2 0 9 1394 2087 1941 4131 4132 3796
867 9 2 0 9 1452 1904 1903 3418 4133 3459
868 9 2 0 9 2449 1598 2661 4134 4135 4136
869 9 2 0 9 948 1618 2049 4137 3501 3686
870 9 2 0 9 1701 2029 2372 4138 4139 4014
871 9 2 0 9 1756 2085 2390 4140 4109 4141
872 9 2 0 9 901 904 902 4142 4143 4144
873 9 2 0 9 1289 1339 2018 4145 3926 4146
874 9 2 0 9 2434 2202 2604 2977 4147 4148
875 9 2 0 9 1040 2445 2058 4149 3794 3433
876 9 2 0 9 904 906 905 4150 4151 4152
877 9 2 0 9 2015 2056 2568 4153 4154 4155
878 9 2 0 9 1550 2207 2732 4046 4156 4157
879 9 2 0 9 1450 1905 1452 4158 3416 4159
880 9 2 0 9 2131 2305 2709 4160 4161 4162
881 9 2 0 9 1174 1176 2001 4163 4164 3493
882 9 2 0 9 2051 2223 2371 4165 4166 3150
883 9 2 0 9 2238 2300 2474 3662 4167 4168
884 9 2 0 9 987 1961 2376 4008 4169 4170
885 9 2 0 9 1007 2355 2060 3544 4171 4172
886 9 2 0 9 1661 2000 1998 4173 4174 4175
887 9 2 0 9 1425 1957 2032 4176 4177 3939
888 9 2 0 9 647 1925 2864 4178 4179 4180
889 9 2 0 9 1665 2012 1963 3910 3991 3932
890 9 2 0 9 1149 1150 1151 4181 4182 4183
891 9 2 0 9 2101 2212 2727 4184 3748 4185
892 9 2 0 9 1141 1539 2044 4186 4187 4188
893 9 2 0 9 932 1466 1986 4189 3946 4190
894 9 2 0 9 2030 2319 2379 4191 4192 4193
895 9 2 0 9 2015 2568 2594 4155 4194 4195
896 9 2 0 9 1931 2900 2197 4196 3414 4197
897 9 2 0 9 806 2813 1954 3009 3737 4198
898 9 2 0 9 629 832 898 4199 3761 4200
899 9 2 0 9 1014 1983 1073 4201 3879 4202
900 9 2 0 9 1098 2028 2027 4203 3664 4204
901 9 2 0 9 1646 2421 1751 3485 4205 4206
902 9 2 0 9 2063 2723 2508 3322 4207 4208
903 9 2 0 9 959 2584 1897 4209 3404 3826
904 9 2 0 9 1056 1942 2253 3126 4210 4211
905 9 2 0 9 906 909 907 4212 4213 4214
906 9 2 0 9 1151 1152 1302 4215 3499 4216
907 9 2 0 9 908 2553 1975 4217 4218 3953
908 9 2 0 9 650 651 2244 700 4219 3517
909 9 2 0 9 771 2766 2123 4220 4221 4222
910 9 2 0 9 1521 2362 2036 4223 4224 3496
911 9 2 0 9 918 1927 1926 4225 4226 4227
912 9 2 0 9 1436 1771 1438 3735 3123 4228
913 9 2 0 9 916 1927 918 3256 4225 4229
914 9 2 0 9 1246 2788 1924 4230 4231 4232
915 9 2 0 9 570 571 2488 620 4233 3268
916 9 2 0 9 2192 2373 2194 4234 3363 4235
917 9 2 0 9 806 1954 2500 4198 4236 4237
918 9 2 0 9 854 1937 2567 4238 4239 4240
919 9 2 0 9 1693 2908 2359 4241 4242 3756
920 9 2 0 9 1934 1935 2694 4243 4244 3274
921 9 2 0 9 810 2380 1966 4245 4246 4247
922 9 2 0 9 1842 2448 2057 3017 4248 4249
923 9 2 0 9 1267 1331 2270 4250 3420 4251
924 9 2 0 9 2194 2686 2195 3237 3148 4252
925 9 2 0 9 991 1016 1962 4253 3680 4254
926 9 2 0 9 2064 2066 2065 4255 4256 4257
927 9 2 0 9 1480 2798 2058 4258 4259 4260
928 9 2 0 9 1011 2362 1521 4261 4223 4262
929 9 2 0 9 547 2577 834 4263 4264 4265
930 9 2 0 9 1811 2877 2740 4266 4267 3833
931 9 2 0 9 853 2297 1979 4268 3062 4269
932 9 2 0 9 1088 2209 2364 4270 4271 3323
933 9 2 0 9 940 2049 942 3687 4272 4273
934 9 2 0 9 1744 2030 2379 4274 4193 4275
935 9 2 0 9 1247 2135 2134 3177 4276 4277
936 9 2 0 9 1725 2032 1957 4278 4177 3294
937 9 2 0 9 1587 2883 2105 4279 4280 4281
938 9 2 0 9 1558 2187 2188 4282 4283 4284
939 9 2 0 9 1741 1810 1938 4285 4286 4287
940 9 2 0 9 1619 2146 2143 4288 4289 4056
941 9 2 0 9 1401 2253 1748 4290 4291 4292
942 9 2 0 9 1438 1810 1440 3124 4293 4294
943 9 2 0 9 1514 1846 1853 4295 4296 4297
944 9 2 0 9 870 2294 2128 4298 3212 4299
945 9 2 0 9 1545 1546 2172 4300 4301 4302
946 9 2 0 9 1199 2069 1542 4033 3787 4303
947 9 2 0 9 873 1949 2248 3766 4304 4305
948 9 2 0 9 775 2623 2188 4306 4307 3667
949 9 2 0 9 1064 2013 1895 4308 4309 4310
950 9 2 0 9 1732 2728 2578 4311 4312 4313
951 9 2 0 9 1575 2180 1576 3895 3711 4314
952 9 2 0 9 1440 1741 1581 4315 4316 4317
953 9 2 0 9 1051 1122 1083 4318 4022 4319
954 9 2 0 9 1610 2235 2718 3966 4320 4321
955 9 2 0 9 1247 2134 2133 4277 4322 4323
956 9 2 0 9 1751 2421 2866 4205 4324 4325
957 9 2 0 9 886 2083 2823 4326 4327 4328
958 9 2 0 9 1840 2243 2186 4329 4330 3874
959 9 2 0 9 1915 1943 2751 4331 4332 4333
960 9 2 0 9 1013 1051 1022 4334 4335 4336
961 9 2 0 9 1928 1930 1929 3011 4337 4338
962 9 2 0 9 2043 2271 2591 3850 4339 4340
963 9 2 0 9 1346 1661 1998 4341 4175 4342
964 9 2 0 9 1539 2045 2044 4343 4344 4187
965 9 2 0 9 1812 2301 2010 4345 4346 4347
966 9 2 0 9 1580 2216 1975 4348 3458 4349
967 9 2 0 9 1770 2818 2243 4350 4351 3867
968 9 2 0 9 1286 2428 2402 3741 4352 3674
969 9 2 0 9 8 2017 634 4105 3777 645
970 9 2 0 9 1776 2453 2205 3973 4353 4354
971 9 2 0 9 1091 1974 2262 3203 4355 4356
972 9 2 0 9 1602 2256 2824 3855 4357 4358
973 9 2 0 9 1109 1465 2042 4359 3786 4065
974 9 2 0 9 834 2577 2040 4264 4360 4361
975 9 2 0 9 1839 2186 2261 3875 4362 4363
976 9 2 0 9 1432 1657 2759 4364 4365 4366
977 9 2 0 9 1653 2153 2533 4367 4368 4369
978 9 2 0 9 1081 1981 1473 4370 4024 4371
979 9 2 0 9 988 1008 2118 4372 4373 4374
980 9 2 0 9 802 2719 1914 4375 4376 4377
981 9 2 0 9 2102 2580 2846 4378 4379 4380
982 9 2 0 9 899 832 900 3762 4089 4080
983 9 2 0 9 1795 2864 1925 3382 4179 4381
984 9 2 0 9 1300 2002 1341 4382 4383 4384
985 9 2 0 9 768 2347 2211 4385 4386 4387
986 9 2 0 9 805 2671 2572 4388 4389 4390
987 9 2 0 9 1187 2004 1194 4391 3961 4392
988 9 2 0 9 1771 1970 2750 3734 4393 4394
989 9 2 0 9 854 2898 2635 3921 4395 4396
990 9 2 0 9 1445 1994 1661 4397 3489 4398
991 9 2 0 9 1526 2200 2199 4041 4399 4400
992 9 2 0 9 903 1148 1149 4401 4402 3188
993 9 2 0 9 1999 2211 2210 4403 4404 4405
994 9 2 0 9 1760 1879 2438 4406 4001 4407
995 9 2 0 9 1022 1051 1083 4335 4319 4408
996 9 2 0 9 1162 1247 2133 4409 4323 4410
997 9 2 0 9 848 2689 2608 4411 4412 4413
998 9 2 0 9 1404 2262 1801 4414 4415 4416
999 9 2 0 9 1391 1812 2010 4417 4347 4418
1000 9 2 0 9 1086 1993 1992 4419 4420 3138
1001 9 2 0 9 1350 1435 1436 4037 3999 4421
1002 9 2 0 9 904 908 906 3943 3952 4150
1003 9 2 0 9 1234 1239 1963 4422 3933 4423
1004 9 2 0 9 1105 1928 1929 4424 4338 4425
1005 9 2 0 9 2037 2790 2233 4426 4427 3783
1006 9 2 0 9 1134 1769 2155 4428 3774 3916
1007 9 2 0 9 1158 2905 1829 4429 3574 4430
1008 9 2 0 9 1819 2415 2849 4431 4432 4433
1009 9 2 0 9 961 2223 2051 4434 4165 4435
1010 9 2 0 9 1122 1478 1632 4436 3179 3474
1011 9 2 0 9 937 1986 1989 4437 4438 3328
1012 9 2 0 9 1069 1098 2027 4439 4204 4440
1013 9 2 0 9 993 1013 1022 4441 4336 4442
1014 9 2 0 9 2075 2320 2429 4049 4443 3608
1015 9 2 0 9 1337 1349 1350 4115 4038 4444
1016 9 2 0 9 1435 1971 1970 4445 4053 3998
1017 9 2 0 9 816 2580 2102 4446 4378 3452
1018 9 2 0 9 2188 2910 2189 3640 4447 4448
1019 9 2 0 9 1720 2269 2302 4449 4450 3841
1020 9 2 0 9 1598 2180 2661 3712 4451 4135
1021 9 2 0 9 1540 2134 2135 2980 4276 4452
1022 9 2 0 9 1135 2155 1138 3917 4453 4454
1023 9 2 0 9 1151 1302 1337 4216 4116 4455
1024 9 2 0 9 2152 2756 2153 3878 4456 4457
1025 9 2 0 9 1102 2536 1981 3860 4458 4459
1026 9 2 0 9 10 11 2529 99 3058 4460
1027 9 2 0 9 1246 1924 2740 4232 3834 4461
1028 9 2 0 9 2481 2629 1955 4462 4463 4464
1029 9 2 0 9 923 1013 993 3903 4441 4465
1030 9 2 0 9 1587 2105 2436 4281 4466 4467
1031 9 2 0 9 1440 1810 1741 4293 4285 4315
1032 9 2 0 9 1883 2807 2129 4468 4469 3159
1033 9 2 0 9 822 2941 1858 4470 4471 2959
1034 9 2 0 9 1083 1928 1105 4023 4424 4472
1035 9 2 0 9 1466 1988 1987 4473 4474 3944
1036 9 2 0 9 901 1939 904 4035 3942 4142
1037 9 2 0 9 1548 1592 2565 4475 4476 4477
1038 9 2 0 9 1287 1305 2107 4478 4479 4043
1039 9 2 0 9 1819 2644 2415 4480 4481 4431
1040 9 2 0 9 43 2755 2078 4482 4483 4484
1041 9 2 0 9 844 2667 2250 4485 3701 4486
1042 9 2 0 9 1019 2450 1891 2994 4487 4488
1043 9 2 0 9 1740 2536 2744 3463 3859 4489
1044 9 2 0 9 1584 2082 2081 3830 3231 4490
1045 9 2 0 9 900 903 901 4491 4034 4081
1046 9 2 0 9 1443 1591 1527 4492 4493 4494
1047 9 2 0 9 1555 2187 1558 4495 4282 4496
1048 9 2 0 9 1019 1891 2916 4488 4497 4498
1049 9 2 0 9 1018 1399 1984 4499 4052 4500
1050 9 2 0 9 910 1086 912 4501 4502 4503
1051 9 2 0 9 973 988 2118 4504 4374 4505
1052 9 2 0 9 1478 1514 1854 4506 4507 3178
1053 9 2 0 9 967 2613 2584 4508 3208 4509
1054 9 2 0 9 1488 1984 2712 3000 4510 4511
1055 9 2 0 9 863 2103 2617 4512 4513 3352
1056 9 2 0 9 1024 2014 2403 4514 3311 4515
1057 9 2 0 9 1152 1154 1916 4516 4517 3498
1058 9 2 0 9 2093 2094 2103 4518 4076 4519
1059 9 2 0 9 1955 2629 2416 4463 4520 3698
1060 9 2 0 9 1865 2458 2279 4521 4522 3356
1061 9 2 0 9 43 2078 2737 4484 4523 4524
1062 9 2 0 9 1485 1887 2064 4525 4526 4527
1063 9 2 0 9 2054 2055 2754 4528 4529 3636
1064 9 2 0 9 1030 2209 1088 4530 4270 4531
1065 9 2 0 9 1154 1291 1916 4532 3845 4517
1066 9 2 0 9 886 2823 2753 4328 4533 4534
1067 9 2 0 9 647 2847 1925 4535 4536 4178
1068 9 2 0 9 899 901 902 4082 4144 4537
1069 9 2 0 9 958 2046 2047 4538 4539 4540
1070 9 2 0 9 1154 1156 1291 4541 4542 4532
1071 9 2 0 9 1775 2846 2580 3513 4379 4543
1072 9 2 0 9 1245 2126 1252 4544 3705 4545
1073 9 2 0 9 746 896 2147 4546 4547 4548
1074 9 2 0 9 1538 2226 2227 4549 4550 4551
1075 9 2 0 9 1531 2512 2781 4552 4553 4077
1076 9 2 0 9 1936 2431 2219 4554 4555 3625
1077 9 2 0 9 559 2380 810 4556 4245 4557
1078 9 2 0 9 1579 2299 2400 4558 4559 4560
1079 9 2 0 9 1949 1950 2248 4561 4562 4304
1080 9 2 0 9 1158 1161 2905 4563 4564 4429
1081 9 2 0 9 1408 2079 2080 4565 4566 4567
1082 9 2 0 9 1200 1203 2069 4568 4569 4032
1083 9 2 0 9 2031 2618 2771 4570 4571 4572
1084 9 2 0 9 1554 2190 2187 3184 4573 4574
1085 9 2 0 9 820 2203 2204 4575 3023 4576
1086 9 2 0 9 1306 1309 2076 4577 4578 4130
1087 9 2 0 9 1001 2051 2052 4579 3151 4580
1088 9 2 0 9 1302 1400 1349 3222 3157 4114
1089 9 2 0 9 765 2145 2143 4581 4057 3716
1090 9 2 0 9 824 2176 2576 2997 4582 4583
1091 9 2 0 9 1065 1071 2053 4584 4585 4586
1092 9 2 0 9 802 1914 2679 4377 4587 4588
1093 9 2 0 9 983 2417 1019 4589 3025 4590
1094 9 2 0 9 1838 2492 2712 4591 4592 4593
1095 9 2 0 9 906 1975 909 3954 3457 4212
1096 9 2 0 9 2193 2408 2666 3291 4594 4595
1097 9 2 0 9 1458 2163 1701 4596 3247 4597
1098 9 2 0 9 2440 1968 2721 4598 3487 3089
1099 9 2 0 9 1759 2400 2299 4599 4559 4600
1100 9 2 0 9 1581 1741 1742 4316 4601 4602
1101 9 2 0 9 2449 2741 1598 4603 4604 4134
1102 9 2 0 9 902 904 905 4143 4152 4605
1103 9 2 0 9 970 1961 971 4606 4007 4607
1104 9 2 0 9 1161 1162 2133 4608 4410 4609
1105 9 2 0 9 2483 2574 1844 4610 3386 4611
1106 9 2 0 9 1388 1692 2316 4612 4613 4614
1107 9 2 0 9 2169 2492 2261 3181 4615 4616
1108 9 2 0 9 1710 2721 2932 3265 4617 4618
1109 9 2 0 9 1660 2479 1945 4619 4620 4621
1110 9 2 0 9 1908 2841 2022 4622 3727 4623
1111 9 2 0 9 1149 2909 1940 4624 4625 2973
1112 9 2 0 9 1729 1903 2770 4626 4627 4628
1113 9 2 0 9 1447 1722 1533 4629 4630 4631
1114 9 2 0 9 929 2697 1990 3547 4632 3896
1115 9 2 0 9 1621 1716 2329 4633 4634 4635
1116 9 2 0 9 1450 1662 1905 4636 4637 4158
1117 9 2 0 9 1148 1150 1149 4638 4181 4402
1118 9 2 0 9 1692 2132 2316 4639 4640 4613
1119 9 2 0 9 914 1040 916 4641 3254 4642
1120 9 2 0 9 993 2504 2537 4643 4644 4645
1121 9 2 0 9 2189 2910 2421 4447 4646 3484
1122 9 2 0 9 815 2870 2228 4647 4648 4649
1123 9 2 0 9 1024 1039 2014 4650 4651 4514
1124 9 2 0 9 920 1926 923 4652 3901 4653
1125 9 2 0 9 1462 1463 1702 4654 4655 4656
1126 9 2 0 9 1339 1340 1462 4657 4658 4659
1127 9 2 0 9 1113 1490 1114 4660 4661 4662
1128 9 2 0 9 2479 1660 2491 4619 3602 3367
1129 9 2 0 9 789 1985 2847 4663 4664 4665
1130 9 2 0 9 1099 1450 1452 4666 4159 3440
1131 9 2 0 9 863 2093 2103 4667 4519 4512
1132 9 2 0 9 1469 2410 2070 3031 4668 4669
1133 9 2 0 9 1535 2123 2122 4670 4671 4672
1134 9 2 0 9 1414 1999 2210 4673 4405 4674
1135 9 2 0 9 408 2576 2177 4675 4676 4677
1136 9 2 0 9 1792 2510 1902 4678 4679 4680
1137 9 2 0 9 1533 1722 1944 4630 4681 4682
1138 9 2 0 9 1490 1728 1491 4683 4684 4685
1139 9 2 0 9 2464 1657 2585 4686 4687 4688
1140 9 2 0 9 1748 2253 1942 4291 4210 4689
1141 9 2 0 9 1526 2199 2198 4400 4690 4691
1142 9 2 0 9 1221 1250 2070 4692 4693 4100
1143 9 2 0 9 568 793 2405 4694 4695 3488
1144 9 2 0 9 1043 1113 1045 4696 4697 4698
1145 9 2 0 9 1662 1979 2579 4699 3064 4700
1146 9 2 0 9 765 2142 2706 3718 4701 4702
1147 9 2 0 9 1150 1152 1151 4703 4215 4182
1148 9 2 0 9 1220 2410 2174 4704 3525 4705
1149 9 2 0 9 1321 1323 2087 4706 4707 4708
1150 9 2 0 9 1166 1215 1951 4709 4710 4711
1151 9 2 0 9 1362 1363 2146 4712 4713 4714
1152 9 2 0 9 768 2211 2647 4387 4715 4716
1153 9 2 0 9 774 2567 1937 4717 4239 3098
1154 9 2 0 9 1545 2172 1997 4302 4718 4719
1155 9 2 0 9 1158 1160 1161 4720 4721 4563
1156 9 2 0 9 1584 2081 2079 4490 4722 4723
1157 9 2 0 9 1837 2572 2671 3394 4389 4724
1158 9 2 0 9 918 1926 920 4227 4652 4725
1159 9 2 0 9 905 906 907 4151 4214 4726
1160 9 2 0 9 1646 1751 1647 4206 4727 4728
1161 9 2 0 9 1173 1447 1533 4729 4631 4730
1162 9 2 0 9 1887 2066 2064 3136 4255 4526
1163 9 2 0 9 2187 2897 2188 4731 3668 4283
1164 9 2 0 9 1733 2173 2681 4732 3305 3865
1165 9 2 0 9 1289 1294 1339 4733 4734 4145
1166 9 2 0 9 1180 2021 1186 4735 4736 4737
1167 9 2 0 9 1907 1909 1910 4738 4739 3820
1168 9 2 0 9 1591 1908 2022 4740 4623 4741
1169 9 2 0 9 1943 2506 2751 4742 4743 4332
1170 9 2 0 9 1982 2139 2138 3240 4744 4745
1171 9 2 0 9 1443 1527 1444 4494 4746 4747
1172 9 2 0 9 1872 2872 2641 3246 4748 4749
1173 9 2 0 9 963 970 964 4750 4751 4752
1174 9 2 0 9 1072 2042 1074 4066 4753 4754
1175 9 2 0 9 1352 1906 1443 3719 4755 4756
1176 9 2 0 9 1554 2187 1555 4574 4495 4757
1177 9 2 0 9 1365 2071 2072 4758 4759 4760
1178 9 2 0 9 953 963 954 4761 4762 4763
1179 9 2 0 9 2153 2756 2533 4456 4764 4368
1180 9 2 0 9 1228 1229 1245 4765 4766 4767
1181 9 2 0 9 1657 2590 2759 4768 4769 4365
1182 9 2 0 9 1527 1591 2023 4493 4770 4771
1183 9 2 0 9 769 1948 2482 3206 4772 4773
1184 9 2 0 9 1450 1451 1662 4774 4775 4636
1185 9 2 0 9 2013 2118 2497 4776 4777 4778
1186 9 2 0 9 1742 2030 1744 4779 4274 4780
1187 9 2 0 9 1124 1485 2064 4781 4527 4782
1188 9 2 0 9 1045 2609 1962 4783 4784 3679
1189 9 2 0 9 1514 1515 1846 4785 4786 4295
1190 9 2 0 9 868 2816 1932 4787 4788 3581
1191 9 2 0 9 1717 1734 2326 4789 4790 4791
1192 9 2 0 9 1226 1227 1228 4792 4793 4794
1193 9 2 0 9 1115 2226 1538 4795 4549 4796
1194 9 2 0 9 834 2040 2039 4361 4797 4798
1195 9 2 0 9 896 2148 2147 4799 4800 4547
1196 9 2 0 9 1422 2038 1584 4801 3829 4802
1197 9 2 0 9 1801 2262 1974 4415 4355 4803
1198 9 2 0 9 823 2031 2771 4804 4572 4805
1199 9 2 0 9 760 2545 2249 4806 4807 3980
1200 9 2 0 9 1721 2886 2026 4808 4809 3937
1201 9 2 0 9 2100 2104 2105 4810 4811 4812
1202 9 2 0 9 1156 1829 1291 4813 4814 4542
1203 9 2 0 9 1162 1164 1247 4815 3805 4409
1204 9 2 0 9 1634 2088 1893 4816 3836 4817
1205 9 2 0 9 2151 2228 2870 4818 4648 4819
1206 9 2 0 9 1474 1706 2124 4820 4821 4822
1207 9 2 0 9 1141 2044 1465 4188 4823 4824
1208 9 2 0 9 1582 1946 2544 4825 4826 4827
1209 9 2 0 9 1294 1340 1339 4828 4657 4734
1210 9 2 0 9 1142 2156 1539 4829 4127 4830
1211 9 2 0 9 1340 1463 1462 4831 4654 4658
1212 9 2 0 9 1662 1663 1979 4832 4833 4699
1213 9 2 0 9 2073 2078 2077 4834 4835 4836
1214 9 2 0 9 1209 2448 2183 4837 3572 4838
1215 9 2 0 9 954 2409 1618 4839 4840 4841
1216 9 2 0 9 859 2610 2384 4842 4843 3985
1217 9 2 0 9 991 1962 1961 4254 4844 4845
1218 9 2 0 9 1240 1241 1264 4846 4847 4848
1219 9 2 0 9 944 2046 958 4849 4538 4850
1220 9 2 0 9 627 1956 822 4851 3154 4852
1221 9 2 0 9 1463 2263 1818 4853 4854 4855
1222 9 2 0 9 1224 1225 1226 4856 4857 4858
1223 9 2 0 9 1632 1937 2635 3003 4859 3199
1224 9 2 0 9 562 807 2090 4860 4861 4862
1225 9 2 0 9 1478 1479 1514 4863 4864 4506
1226 9 2 0 9 1978 2537 2504 3093 4644 4865
1227 9 2 0 9 1003 1018 1004 4866 4867 4868
1228 9 2 0 9 632 823 1946 4869 4870 4871
1229 9 2 0 9 1083 1105 1084 4472 4872 4873
1230 9 2 0 9 965 2051 1001 4874 4579 4875
1231 9 2 0 9 1471 2600 2052 4876 4877 3032
1232 9 2 0 9 1483 2027 1950 4878 3663 4879
1233 9 2 0 9 1230 1960 2687 4880 4881 4882
1234 9 2 0 9 907 909 910 4213 4020 4883
1235 9 2 0 9 1336 2068 2067 4884 3020 4885
1236 9 2 0 9 954 963 964 4762 4752 4886
1237 9 2 0 9 1229 1231 2026 4887 4028 4888
1238 9 2 0 9 1235 1236 1240 4889 4890 4891
1239 9 2 0 9 987 1003 988 4892 4893 4894
1240 9 2 0 9 1463 1813 1702 4895 4896 4655
1241 9 2 0 9 948 953 954 4897 4763 4898
1242 9 2 0 9 1007 2060 1042 4172 4899 4900
1243 9 2 0 9 1940 2578 2728 4901 4312 4085
1244 9 2 0 9 1045 1113 1114 4697 4662 4902
1245 9 2 0 9 1156 1158 1829 4903 4430 4813
1246 9 2 0 9 1990 2697 2160 4632 4124 4904
1247 9 2 0 9 2139 2608 2689 4905 4412 4906
1248 9 2 0 9 1016 1043 1045 4907 4698 3678
1249 9 2 0 9 1099 1100 1450 4908 4909 4666
1250 9 2 0 9 2130 2131 2709 4910 4162 4911
1251 9 2 0 9 1164 1166 1951 4912 4711 3804
1252 9 2 0 9 1840 2835 2243 4913 3868 4329
1253 9 2 0 9 1408 1409 2079 4914 4915 4565
1254 9 2 0 9 1489 2712 2492 4916 4592 3180
1255 9 2 0 9 1321 2087 1394 4708 4131 4917
1256 9 2 0 9 1902 2582 2519 3532 4918 4919
1257 9 2 0 9 660 2093 863 4920 4667 4921
1258 9 2 0 9 1252 1294 1289 3707 4733 4922
1259 9 2 0 9 1225 1227 1226 4923 4792 4857
1260 9 2 0 9 1122 1123 1478 4924 4925 4436
1261 9 2 0 9 1018 1984 1983 4500 3101 4926
1262 9 2 0 9 1004 1983 1014 4927 4201 4928
1263 9 2 0 9 1876 1683 2867 3243 4929 4930
1264 9 2 0 9 1856 2550 2735 4931 4932 4933
1265 9 2 0 9 1591 1906 1908 4934 3738 4740
1266 9 2 0 9 1592 2259 2565 3655 4935 4476
1267 9 2 0 9 2120 2140 2602 4936 3536 4937
1268 9 2 0 9 1408 2146 1363 4938 4713 4939
1269 9 2 0 9 2342 2745 2525 4940 4941 4942
1270 9 2 0 9 1534 1703 2056 4943 4944 4945
1271 9 2 0 9 970 991 1961 4946 4845 4606
1272 9 2 0 9 1114 1490 1491 4661 4685 3476
1273 9 2 0 9 1694 2724 2168 4947 4948 4949
1274 9 2 0 9 810 1964 2692 4950 3142 4951
1275 9 2 0 9 1850 2797 2307 4952 4953 3948
1276 9 2 0 9 393 2679 1947 4954 4955 4956
1277 9 2 0 9 1027 2013 1064 4957 4308 4958
1278 9 2 0 9 1590 1839 1838 4959 4960 4961
1279 9 2 0 9 920 923 922 4653 4962 4963
1280 9 2 0 9 964 970 971 4751 4607 4964
1281 9 2 0 9 1209 1210 2057 4965 4966 4967
1282 9 2 0 9 1186 1225 1224 4968 4856 4969
1283 9 2 0 9 1558 2189 1559 4970 3520 4971
1284 9 2 0 9 939 953 948 2986 4897 4972
1285 9 2 0 9 792 1969 2438 4973 4974 4000
1286 9 2 0 9 2439 2511 2440 4975 4976 4977
1287 9 2 0 9 1236 1241 1240 3174 4846 4890
1288 9 2 0 9 1227 1229 1228 4978 4765 4793
1289 9 2 0 9 1016 1017 1043 4979 4980 4907
1290 9 2 0 9 2464 2590 1657 4981 4768 4686
1291 9 2 0 9 1491 1728 1770 4684 4982 4983
1292 9 2 0 9 2464 2585 2599 4688 4984 4985
1293 9 2 0 9 923 993 924 4465 4986 4987
1294 9 2 0 9 1501 1548 2239 4988 4989 4990
1295 9 2 0 9 771 2123 2531 4222 3366 4991
1296 9 2 0 9 930 1990 1466 3897 4992 4993
1297 9 2 0 9 408 2177 2953 4677 4994 4995
1298 9 2 0 9 1465 2044 2043 4823 4996 3604
1299 9 2 0 9 1351 1909 1907 4072 4738 3421
1300 9 2 0 9 2046 2048 2047 4997 4998 4539
1301 9 2 0 9 2104 2386 2105 4999 5000 4811
1302 9 2 0 9 1233 1236 1235 5001 4889 5002
1303 9 2 0 9 1186 2021 1334 4736 3596 5003
1304 9 2 0 9 854 2635 1937 4396 4859 4238
1305 9 2 0 9 1173 1174 1447 5004 3495 4729
1306 9 2 0 9 1538 2228 2151 5005 4818 5006
1307 9 2 0 9 1535 2122 1536 4672 5007 5008
1308 9 2 0 9 555 817 2218 5009 5010 5011
1309 9 2 0 9 1290 2018 1317 5012 5013 5014
1310 9 2 0 9 1653 2268 2153 5015 5016 4367
1311 9 2 0 9 1676 2120 1677 5017 5018 5019
1312 9 2 0 9 1843 2483 1844 3587 4611 5020
1313 9 2 0 9 1880 1881 2546 5021 5022 3315
1314 9 2 0 9 1527 2023 2024 4771 5023 4094
1315 9 2 0 9 1729 2922 1903 5024 5025 4626
1316 9 2 0 9 1004 1018 1983 4867 4926 4927
1317 9 2 0 9 1752 1804 1803 5026 5027 5028
1318 9 2 0 9 988 1003 1004 4893 4868 5029
1319 9 2 0 9 912 2016 914 5030 5031 5032
1320 9 2 0 9 934 1986 937 5033 4437 5034
1321 9 2 0 9 1768 2060 2061 5035 5036 3218
1322 9 2 0 9 2275 2508 2723 5037 4207 5038
1323 9 2 0 9 991 992 1016 5039 5040 4253
1324 9 2 0 9 1528 1554 1541 3055 5041 5042
1325 9 2 0 9 1320 2071 1365 5043 4758 5044
1326 9 2 0 9 2096 2104 2100 5045 4810 5046
1327 9 2 0 9 1230 2861 1960 5047 5048 4880
1328 9 2 0 9 1179 1186 1224 5049 4969 5050
1329 9 2 0 9 1265 1314 1264 5051 5052 5053
1330 9 2 0 9 973 987 988 5054 4894 4504
1331 9 2 0 9 872 2145 2734 3374 5055 5056
1332 9 2 0 9 971 987 973 4009 5054 5057
1333 9 2 0 9 1692 1720 2607 5058 3843 5059
1334 9 2 0 9 1722 1811 1924 5060 3835 5061
1335 9 2 0 9 2025 2944 2517 5062 5063 3676
1336 9 2 0 9 2191 2192 2194 5064 4235 5065
1337 9 2 0 9 2002 2003 2777 5066 3272 5067
1338 9 2 0 9 1745 1992 1993 5068 4420 5069
1339 9 2 0 9 1358 1449 1545 5070 5071 5072
1340 9 2 0 9 1555 1558 1557 4496 5073 5074
1341 9 2 0 9 1375 2198 1390 5075 5076 5077
1342 9 2 0 9 2071 2073 2077 5078 4836 5079
1343 9 2 0 9 1229 2026 1245 4888 5080 4766
1344 9 2 0 9 1546 2700 2172 5081 5082 4301
1345 9 2 0 9 1288 1336 2067 5083 4885 5084
1346 9 2 0 9 1399 1589 1590 5085 5086 5087
1347 9 2 0 9 1018 1398 1399 5088 5089 4499
1348 9 2 0 9 1053 2117 1056 5090 3125 5091
1349 9 2 0 9 834 2039 2041 4798 5092 5093
1350 9 2 0 9 792 2817 1969 5094 3831 4973
1351 9 2 0 9 1910 1911 1912 5095 3566 5096
1352 9 2 0 9 1252 1289 1253 4922 5097 5098
1353 9 2 0 9 869 2182 2414 5099 5100 3346
1354 9 2 0 9 1231 1233 1235 5101 5002 4027
1355 9 2 0 9 1772 2920 1953 5102 5103 3610
1356 9 2 0 9 1046 2050 1459 5104 5105 5106
1357 9 2 0 9 1043 1044 1899 5107 3912 5108
1358 9 2 0 9 1899 1903 2922 3460 5025 5109
1359 9 2 0 9 1676 2140 2120 5110 4936 5017
1360 9 2 0 9 1241 1265 1264 5111 5053 4847
1361 9 2 0 9 1080 1082 1102 5112 5113 5114
1362 9 2 0 9 840 2196 2193 5115 5116 5117
1363 9 2 0 9 958 2760 2121 5118 5119 5120
1364 9 2 0 9 1508 2268 1653 5121 5015 5122
1365 9 2 0 9 1166 1168 1215 5123 3198 4709
1366 9 2 0 9 994 2050 995 4060 5124 5125
1367 9 2 0 9 780 2637 2054 5126 5127 3635
1368 9 2 0 9 1464 1982 2138 5128 4745 5129
1369 9 2 0 9 629 630 832 640 5130 4199
1370 9 2 0 9 668 2203 820 5131 4575 5132
1371 9 2 0 9 1352 1443 1442 4756 5133 5134
1372 9 2 0 9 1255 1842 2057 5135 4249 5136
1373 9 2 0 9 932 1986 934 4190 5033 5137
1374 9 2 0 9 1426 2493 2263 5138 4011 5139
1375 9 2 0 9 852 2466 2190 5140 5141 5142
1376 9 2 0 9 1449 2270 1877 5143 3419 5144
1377 9 2 0 9 1244 2005 2004 5145 5146 5147
1378 9 2 0 9 1945 1991 2868 4118 5148 5149
1379 9 2 0 9 1988 1990 2160 5150 4904 3767
1380 9 2 0 9 970 990 991 5151 5152 4946
1381 9 2 0 9 1559 1646 1561 3521 5153 5154
1382 9 2 0 9 1986 1987 1989 3945 5155 4438
1383 9 2 0 9 1314 1358 1315 5156 5157 5158
1384 9 2 0 9 572 1945 788 5159 5160 5161
1385 9 2 0 9 1340 2263 1463 5162 4853 4831
1386 9 2 0 9 628 629 898 639 4200 3992
1387 9 2 0 9 1289 2018 1290 4146 5012 5163
1388 9 2 0 9 1544 2003 2002 5164 5066 5165
1389 9 2 0 9 393 1947 2851 4956 5166 5167
1390 9 2 0 9 1851 1856 2367 5168 5169 5170
1391 9 2 0 9 889 1918 2518 5171 5172 5173
1392 9 2 0 9 1633 2088 1634 5174 4816 5175
1393 9 2 0 9 1893 2089 2606 3838 5176 5177
1394 9 2 0 9 1330 1343 2372 5178 4015 5179
1395 9 2 0 9 1362 2146 1619 4714 4288 5180
1396 9 2 0 9 1044 1049 1099 5181 5182 3911
1397 9 2 0 9 1408 2080 2146 4567 5183 4938
1398 9 2 0 9 2200 2275 2723 3914 5038 5184
1399 9 2 0 9 1170 1173 1878 5185 5186 3935
1400 9 2 0 9 1114 2353 2609 3477 5187 5188
1401 9 2 0 9 1875 2337 2827 3349 5189 5190
1402 9 2 0 9 752 2608 2139 5191 4905 3114
1403 9 2 0 9 2206 2207 2208 5192 5193 5194
1404 9 2 0 9 1220 2070 2410 4101 4668 4704
1405 9 2 0 9 1399 1590 1838 5087 4961 4050
1406 9 2 0 9 1335 1414 1336 5195 5196 5197
1407 9 2 0 9 1539 2086 2045 4128 5198 4343
1408 9 2 0 9 1375 1377 2198 5199 5200 5075
1409 9 2 0 9 1828 2942 2065 3665 5201 3045
1410 9 2 0 9 790 2312 2330 5202 5203 5204
1411 9 2 0 9 633 2031 823 5205 4804 5206
1412 9 2 0 9 1590 2059 1840 5207 5208 5209
1413 9 2 0 9 2080 2081 2142 5210 3781 5211
1414 9 2 0 9 1851 1855 1856 5212 5213 5168
1415 9 2 0 9 1179 1180 1186 5214 4737 5049
1416 9 2 0 9 1245 1252 1246 4545 5215 5216
1417 9 2 0 9 1072 1073 1109 5217 5218 4064
1418 9 2 0 9 632 633 823 643 5206 4869
1419 9 2 0 9 626 627 822 637 4852 2958
1420 9 2 0 9 2452 1758 2505 5219 5220 3567
1421 9 2 0 9 912 1086 2016 4502 5221 5030
1422 9 2 0 9 896 2149 2148 5222 5223 4799
1423 9 2 0 9 1149 1151 2909 4183 5224 4624
1424 9 2 0 9 1481 1897 1890 5225 3403 5226
1425 9 2 0 9 747 2529 896 5227 5228 5229
1426 9 2 0 9 820 2204 2205 4576 5230 5231
1427 9 2 0 9 1073 1110 1109 5232 5233 5218
1428 9 2 0 9 1462 1982 1464 5234 5128 5235
1429 9 2 0 9 914 2016 2928 5031 5236 5237
1430 9 2 0 9 1170 1172 1173 5238 5239 5185
1431 9 2 0 9 1534 2015 2014 5240 3310 5241
1432 9 2 0 9 1335 1346 1998 5242 4342 5243
1433 9 2 0 9 1101 2363 2772 5244 5245 5246
1434 9 2 0 9 1414 1998 1999 5247 5248 4673
1435 9 2 0 9 1318 1351 1345 4073 5249 5250
1436 9 2 0 9 1778 2793 2025 5251 5252 3675
1437 9 2 0 9 1288 1295 1335 5253 5254 5255
1438 9 2 0 9 1544 1619 2144 5256 3847 5257
1439 9 2 0 9 1485 1486 1690 5258 5259 5260
1440 9 2 0 9 1348 1391 2010 5261 4418 5262
1441 9 2 0 9 794 2566 2113 5263 5264 3554
1442 9 2 0 9 1042 2060 1132 4899 5265 5266
1443 9 2 0 9 831 2534 2086 5267 5268 5269
1444 9 2 0 9 1616 2227 2226 5270 4550 5271
1445 9 2 0 9 1798 2954 2284 5272 5273 5274
1446 9 2 0 9 1222 1223 1288 5275 5276 5277
1447 9 2 0 9 1358 1996 1359 5278 5279 5280
1448 9 2 0 9 879 2746 2242 5281 5282 5283
1449 9 2 0 9 1060 2253 1401 5284 4290 5285
1450 9 2 0 9 1847 1849 1850 5286 5287 3947
1451 9 2 0 9 1393 1455 1733 5288 5289 5290
1452 9 2 0 9 1382 2130 1526 5291 4039 5292
1453 9 2 0 9 1535 2124 2123 5293 3104 4670
1454 9 2 0 9 1311 1329 1393 5294 5295 5296
1455 9 2 0 9 2111 2129 2114 5297 5298 5299
1456 9 2 0 9 672 2685 2009 5300 5301 3789
1457 9 2 0 9 1672 2154 1673 5302 5303 5304
1458 9 2 0 9 1064 1895 1071 4310 5305 5306
1459 9 2 0 9 1314 1449 1358 5307 5070 5156
1460 9 2 0 9 1255 1274 1311 5308 5309 5310
1461 9 2 0 9 520 2150 897 5311 5312 5313
1462 9 2 0 9 1761 2490 2092 5314 3438 5315
1463 9 2 0 9 926 929 928 3815 5316 5317
1464 9 2 0 9 1124 1459 1485 5318 5319 4781
1465 9 2 0 9 1180 1182 2021 5320 4098 4735
1466 9 2 0 9 1014 1073 1072 4202 5217 5321
1467 9 2 0 9 1839 2261 2492 4363 4615 5322
1468 9 2 0 9 1470 2010 2011 5323 5324 5325
1469 9 2 0 9 937 939 938 3329 5326 5327
1470 9 2 0 9 891 1884 2832 3960 5328 5329
1471 9 2 0 9 1473 1706 1474 5330 4820 5331
1472 9 2 0 9 1078 1080 1079 5332 5333 5334
1473 9 2 0 9 977 2015 2594 3192 4195 5335
1474 9 2 0 9 1490 1729 1728 5336 5337 4683
1475 9 2 0 9 1348 1470 1469 5338 5339 5340
1476 9 2 0 9 1129 1131 1534 5341 5342 5343
1477 9 2 0 9 826 2202 2201 5344 5345 5346
1478 9 2 0 9 989 1078 1077 5347 5348 5349
1479 9 2 0 9 784 2029 2736 3119 5350 5351
1480 9 2 0 9 1297 1316 1348 5352 5353 5354
1481 9 2 0 9 651 792 2244 5355 4121 4219
1482 9 2 0 9 1176 1178 1179 5356 5357 5358
1483 9 2 0 9 1838 1839 2492 4960 5322 4591
1484 9 2 0 9 1110 1142 1141 5359 5360 5361
1485 9 2 0 9 1132 2060 1768 5265 5035 5362
1486 9 2 0 9 1483 1949 1484 5363 5364 5365
1487 9 2 0 9 1160 1162 1161 5366 4608 4721
1488 9 2 0 9 1818 2644 1819 5367 4480 5368
1489 9 2 0 9 1545 1997 1996 4719 5369 5370
1490 9 2 0 9 1290 1317 1313 5014 5371 5372
1491 9 2 0 9 2079 2081 2080 4722 5210 4566
1492 9 2 0 9 840 2192 2191 5373 5064 5374
1493 9 2 0 9 1514 1853 1854 4297 5375 4507
1494 9 2 0 9 1804 2055 2054 5376 4528 5377
1495 9 2 0 9 1349 2427 1435 3158 5378 4036
1496 9 2 0 9 939 948 940 4972 3685 5379
1497 9 2 0 9 910 1993 1086 4019 4419 4501
1498 9 2 0 9 1109 1110 1141 5233 5361 5380
1499 9 2 0 9 2480 1652 2488 4107 5381 5382
1500 9 2 0 9 2086 2157 2783 4018 5383 5384
1501 9 2 0 9 674 2215 833 5385 5386 5387
1502 9 2 0 9 1239 1296 1665 5388 5389 3931
1503 9 2 0 9 811 2094 2093 5390 4518 5391
1504 9 2 0 9 1481 1898 1897 5392 5393 5225
1505 9 2 0 9 842 2231 2232 5394 5395 5396
1506 9 2 0 9 1065 2053 1067 4586 5397 5398
1507 9 2 0 9 2004 2005 2006 5146 5399 3962
1508 9 2 0 9 1871 2289 2295 5400 5401 5402
1509 9 2 0 9 1078 1082 1080 5403 5112 5332
1510 9 2 0 9 1404 1095 2262 5404 5405 4414
1511 9 2 0 9 7 808 574 5406 5407 624
1512 9 2 0 9 8 646 809 695 5408 4104
1513 9 2 0 9 1449 1546 1545 5409 4300 5071
1514 9 2 0 9 1323 1326 2087 5410 5411 4707
1515 9 2 0 9 758 2240 2023 5412 5413 4061
1516 9 2 0 9 1239 1242 1296 5414 5415 5388
1517 9 2 0 9 1371 1633 1634 5416 5175 5417
1518 9 2 0 9 1789 2887 1877 5418 5419 3036
1519 9 2 0 9 1314 2270 1449 5420 5143 5307
1520 9 2 0 9 1368 2748 2382 5421 5422 3071
1521 9 2 0 9 934 937 936 5034 5423 5424
1522 9 2 0 9 2109 2111 2110 5425 5426 5427
1523 9 2 0 9 1300 1332 2002 5428 5429 4382
1524 9 2 0 9 1069 2027 1085 4440 5430 5431
1525 9 2 0 9 1080 1981 1081 5432 4370 5433
1526 9 2 0 9 678 864 2291 5434 5435 5436
1527 9 2 0 9 1064 1071 1065 5306 4584 5437
1528 9 2 0 9 1187 1189 2004 5438 5439 4391
1529 9 2 0 9 1331 1370 1371 5440 5441 2981
1530 9 2 0 9 1409 1412 2079 5442 5443 4915
1531 9 2 0 9 1046 1124 1047 5444 5445 5446
1532 9 2 0 9 930 1466 932 4993 4189 5447
1533 9 2 0 9 1039 1129 2014 5448 5449 4651
1534 9 2 0 9 1483 1950 1949 4879 4561 5363
1535 9 2 0 9 1067 2053 1098 5397 3890 5450
1536 9 2 0 9 1739 2346 2673 3043 5451 5452
1537 9 2 0 9 2072 2075 2074 5453 3409 5454
1538 9 2 0 9 1536 2122 1670 5007 5455 5456
1539 9 2 0 9 1570 2599 2585 5457 4984 5458
1540 9 2 0 9 853 1979 2871 4269 5459 5460
1541 9 2 0 9 1914 1915 1947 5461 5462 5463
1542 9 2 0 9 1229 1230 1231 5464 5465 4887
1543 9 2 0 9 1473 1707 1706 4026 3871 5330
1544 9 2 0 9 883 2342 2525 5466 4942 5467
1545 9 2 0 9 898 899 2392 3763 5468 5469
1546 9 2 0 9 1523 1726 1524 5470 5471 5472
1547 9 2 0 9 1521 1523 1522 3497 5473 5474
1548 9 2 0 9 1422 1585 2038 5475 5476 4801
1549 9 2 0 9 1422 1584 1412 4802 5477 5478
1550 9 2 0 9 1124 2064 1140 4782 5479 5480
1551 9 2 0 9 1534 2056 2015 4945 4153 5240
1552 9 2 0 9 851 2655 2022 5481 5482 3726
1553 9 2 0 9 1330 1370 1331 5483 5440 5484
1554 9 2 0 9 1766 2954 1798 5485 5272 5486
1555 9 2 0 9 1504 2197 1976 5487 5488 5489
1556 9 2 0 9 1346 1445 1661 5490 4398 4341
1557 9 2 0 9 1138 1481 1477 5491 5492 5493
1558 9 2 0 9 1131 1703 1534 5494 4943 5342
1559 9 2 0 9 1231 1232 1233 5495 5496 5101
1560 9 2 0 9 879 2242 2827 5283 5497 5498
1561 9 2 0 9 2111 2113 2112 5499 5500 5501
1562 9 2 0 9 745 746 2147 749 4548 5502
1563 9 2 0 9 1677 2120 1680 5018 5503 5504
1564 9 2 0 9 1085 2027 1483 5430 4878 5505
1565 9 2 0 9 2179 2181 2180 5506 5507 3894
1566 9 2 0 9 1747 1748 1914 5508 5509 5510
1567 9 2 0 9 1197 1199 1254 5511 5512 5513
1568 9 2 0 9 1445 1516 1994 5514 5515 4397
1569 9 2 0 9 543 840 2191 5516 5374 5517
1570 9 2 0 9 1245 2026 2126 5080 5518 4544
1571 9 2 0 9 1878 2025 2793 5519 5252 3620
1572 9 2 0 9 1516 1758 1948 5520 5521 5522
1573 9 2 0 9 1203 1205 1222 5523 5524 5525
1574 9 2 0 9 864 2206 2208 5526 5194 5527
1575 9 2 0 9 1332 1362 1544 5528 5529 5530
1576 9 2 0 9 1370 1633 1371 5531 5416 5441
1577 9 2 0 9 1902 2510 2532 4679 5532 3856
1578 9 2 0 9 1213 1216 1255 5533 5534 5535
1579 9 2 0 9 872 2161 2144 5536 5537 3372
1580 9 2 0 9 1210 1213 2057 5538 5539 4966
1581 9 2 0 9 1132 1768 1134 5362 5540 5541
1582 9 2 0 9 1189 1191 1244 5542 5543 5544
1583 9 2 0 9 1184 1187 1194 5545 4392 5546
1584 9 2 0 9 1391 1621 1812 5547 5548 4417
1585 9 2 0 9 1105 1931 1504 5549 5550 5551
1586 9 2 0 9 2071 2077 2072 5079 5552 4759
1587 9 2 0 9 1267 1330 1331 5553 5484 4250
1588 9 2 0 9 1284 1300 1341 5554 4384 3584
1589 9 2 0 9 1462 1702 1982 4656 5555 5234
1590 9 2 0 9 1189 1244 2004 5544 5147 5439
1591 9 2 0 9 836 2596 2137 5556 5557 3338
1592 9 2 0 9 1332 1544 2002 5530 5165 5429
1593 9 2 0 9 1482 1901 1857 5558 5559 5560
1594 9 2 0 9 1486 1875 1690 5561 5562 5259
1595 9 2 0 9 1176 1179 2001 5358 5563 4164
1596 9 2 0 9 1250 1258 1297 5564 5565 5566
1597 9 2 0 9 1081 1473 1472 4371 5567 5568
1598 9 2 0 9 1670 1799 1672 5569 5570 5571
1599 9 2 0 9 971 973 972 5057 5572 5573
1600 9 2 0 9 2094 2096 2100 5574 5046 4074
1601 9 2 0 9 942 2046 944 5575 4849 5576
1602 9 2 0 9 1288 1335 1336 5255 5197 5083
1603 9 2 0 9 961 2051 965 4435 4874 5577
1604 9 2 0 9 1680 1889 1682 5578 5579 5580
1605 9 2 0 9 2096 2101 2104 5581 5582 5045
1606 9 2 0 9 1710 2932 2558 4618 5583 5584
1607 9 2 0 9 1043 1899 1113 5108 5585 4696
1608 9 2 0 9 1305 2106 2107 4093 5586 4479
1609 9 2 0 9 1492 1597 1880 5587 5588 5589
1610 9 2 0 9 1004 1014 1008 4928 5590 5591
1611 9 2 0 9 2130 2709 2200 4911 5592 4040
1612 9 2 0 9 1458 1639 2163 5593 5594 4596
1613 9 2 0 9 1222 1288 2067 5277 5084 5595
1614 9 2 0 9 965 1001 968 4875 3929 5596
1615 9 2 0 9 571 572 788 621 5161 5597
1616 9 2 0 9 648 649 789 698 5598 5599
1617 9 2 0 9 1459 1486 1485 5600 5258 5319
1618 9 2 0 9 995 2050 998 5124 5601 5602
1619 9 2 0 9 1390 2198 2199 5076 4690 5603
1620 9 2 0 9 2121 2760 2664 5119 5604 5605
1621 9 2 0 9 746 747 896 750 5229 4546
1622 9 2 0 9 519 520 897 523 5313 5606
1623 9 2 0 9 1776 2205 2940 4354 5607 5608
1624 9 2 0 9 944 958 946 4850 5609 5610
1625 9 2 0 9 1141 1142 1539 5360 4830 4186
1626 9 2 0 9 951 989 956 5611 5612 5613
1627 9 2 0 9 574 808 1991 5407 2988 5614
1628 9 2 0 9 1800 1801 1802 5615 5616 5617
1629 9 2 0 9 1772 2813 1874 3612 3008 5618
1630 9 2 0 9 1670 2122 1799 5455 5619 5569
1631 9 2 0 9 1634 1892 1789 5620 5621 5622
1632 9 2 0 9 856 2361 2826 3445 5623 5624
1633 9 2 0 9 1085 1483 1126 5505 5625 5626
1634 9 2 0 9 1500 2238 2237 5627 5628 5629
1635 9 2 0 9 1436 1438 1437 4228 5630 5631
1636 9 2 0 9 983 1019 985 4590 5632 5633
1637 9 2 0 9 2227 2229 2228 5634 5635 5636
1638 9 2 0 9 1817 1965 1967 5637 5638 5639
1639 9 2 0 9 1067 1098 1069 5450 4439 5640
1640 9 2 0 9 2094 2095 2096 5641 5642 5574
1641 9 2 0 9 1142 1143 1419 5643 5644 5645
1642 9 2 0 9 679 2206 864 5646 5526 5647
1643 9 2 0 9 1366 2473 1861 5648 5649 5650
1644 9 2 0 9 1402 1401 1747 5651 5652 5653
1645 9 2 0 9 1760 2857 1879 5654 5655 4406
1646 9 2 0 9 670 826 2201 5656 5346 5657
1647 9 2 0 9 914 2928 1040 5237 5658 4641
1648 9 2 0 9 1419 1420 1694 5659 5660 5661
1649 9 2 0 9 1751 2889 2542 5662 5663 5664
1650 9 2 0 9 1296 2621 1665 5665 5666 5389
1651 9 2 0 9 1756 1815 2085 5667 5668 4140
1652 9 2 0 9 1046 1459 1124 5106 5318 5444
1653 9 2 0 9 1052 2109 2110 5669 5427 5670
1654 9 2 0 9 1365 2072 2074 4760 5454 5671
1655 9 2 0 9 1590 1840 1839 5209 3873 4959
1656 9 2 0 9 1482 1857 1525 5560 5672 5673
1657 9 2 0 9 973 2118 974 4505 5674 5675
1658 9 2 0 9 1558 2188 2189 4284 4448 4970
1659 9 2 0 9 2096 2097 2101 5676 5677 5581
1660 9 2 0 9 1556 2789 2134 5678 5679 2965
1661 9 2 0 9 1412 1584 2079 5477 4723 5443
1662 9 2 0 9 998 1046 1005 5680 5681 5682
1663 9 2 0 9 1655 2601 2277 5683 3266 5684
1664 9 2 0 9 1255 1311 1842 5310 5685 5135
1665 9 2 0 9 1339 1462 1464 4659 5235 3924
1666 9 2 0 9 974 2118 2013 5674 4776 5686
1667 9 2 0 9 2080 2142 2143 5211 3717 5687
1668 9 2 0 9 2122 2123 2766 4671 4221 5688
1669 9 2 0 9 1518 1957 2912 3229 5689 5690
1670 9 2 0 9 1027 1064 1063 4958 5691 5692
1671 9 2 0 9 1572 2178 1575 5693 3743 5694
1672 9 2 0 9 1680 2120 1889 5503 5695 5578
1673 9 2 0 9 1781 2324 1735 5696 5697 5698
1674 9 2 0 9 1234 1238 1239 5699 5700 4422
1675 9 2 0 9 572 573 1945 622 4119 5159
1676 9 2 0 9 1523 1828 1726 3666 5701 5470
1677 9 2 0 9 1076 2352 1091 5702 3201 5703
1678 9 2 0 9 561 2090 862 5704 5705 5706
1679 9 2 0 9 2152 2501 2273 5707 5708 3876
1680 9 2 0 9 1516 1948 1994 5522 3205 5515
1681 9 2 0 9 974 2013 1027 5686 4957 5709
1682 9 2 0 9 1011 1521 1020 4262 5710 5711
1683 9 2 0 9 1309 1320 1365 5712 5044 5713
1684 9 2 0 9 1451 1663 1662 3722 4832 4775
1685 9 2 0 9 942 2049 2046 4272 5714 5575
1686 9 2 0 9 1233 1234 1963 5715 4423 5716
1687 9 2 0 9 549 827 2230 5717 3882 5718
1688 9 2 0 9 1320 1394 2071 5719 5720 5043
1689 9 2 0 9 1101 1976 2715 5721 5722 5723
1690 9 2 0 9 859 2035 2708 3987 3746 5724
1691 9 2 0 9 1813 1818 1819 5725 5368 5726
1692 9 2 0 9 2065 2066 2924 4256 5727 5728
1693 9 2 0 9 2003 2144 2161 5729 5537 5730
1694 9 2 0 9 1014 1072 1015 5321 5731 5732
1695 9 2 0 9 1414 1335 1998 5195 5243 5247
1696 9 2 0 9 1538 2227 2228 4551 5636 5005
1697 9 2 0 9 661 811 2093 5733 5391 5734
1698 9 2 0 9 1455 2173 1733 5735 4732 5289
1699 9 2 0 9 1459 2050 2260 5105 4059 5736
1700 9 2 0 9 1474 2124 1535 4822 5293 5737
1701 9 2 0 9 1348 2010 1470 5262 5323 5338
1702 9 2 0 9 1274 1329 1311 5738 5294 5309
1703 9 2 0 9 540 2231 842 5739 5394 5740
1704 9 2 0 9 998 2050 1046 5601 5104 5680
1705 9 2 0 9 1329 1455 1393 5741 5288 5295
1706 9 2 0 9 1673 2154 1676 5303 5742 5743
1707 9 2 0 9 553 2217 821 5744 5745 5746
1708 9 2 0 9 1998 2000 1999 4174 5747 5248
1709 9 2 0 9 1030 1088 1032 4531 5748 5749
1710 9 2 0 9 1297 1348 1469 5354 5340 5750
1711 9 2 0 9 2109 2129 2111 5751 5297 5425
1712 9 2 0 9 1404 1800 1616 5752 5753 5754
1713 9 2 0 9 1217 1220 2174 5755 4705 5756
1714 9 2 0 9 1316 1391 1348 5757 5261 5353
1715 9 2 0 9 1295 1346 1335 5758 5242 5254
1716 9 2 0 9 1223 1295 1288 5759 5253 5276
1717 9 2 0 9 2111 2114 2113 5299 3555 5499
1718 9 2 0 9 1682 2119 1708 5760 5761 5762
1719 9 2 0 9 1633 2019 2088 5763 3809 5174
1720 9 2 0 9 1927 2058 2798 3434 4259 5764
1721 9 2 0 9 1999 2647 2211 5765 4715 4403
1722 9 2 0 9 1003 1398 1018 5766 5088 4866
1723 9 2 0 9 1660 1945 2868 4621 5149 5767
1724 9 2 0 9 1213 1255 2057 5535 5136 5539
1725 9 2 0 9 1088 2129 2109 3324 5751 5768
1726 9 2 0 9 1326 1372 1492 5769 5770 5771
1727 9 2 0 9 840 2193 2192 5117 5772 5373
1728 9 2 0 9 1265 1267 2270 5773 4251 5774
1729 9 2 0 9 1129 1534 2014 5343 5241 5449
1730 9 2 0 9 1264 1314 1315 5052 5158 5775
1731 9 2 0 9 1748 1915 1914 5776 5461 5509
1732 9 2 0 9 1929 1930 2272 4337 5777 5778
1733 9 2 0 9 1045 1114 2609 4902 5188 4783
1734 9 2 0 9 1856 2836 2550 5779 5780 4931
1735 9 2 0 9 1663 1980 1979 5781 5782 4833
1736 9 2 0 9 1216 1274 1255 5783 5308 5534
1737 9 2 0 9 1267 1293 1330 5784 5785 5553
1738 9 2 0 9 1011 1006 2362 5786 5787 4261
1739 9 2 0 9 1315 1358 1359 5157 5280 5788
1740 9 2 0 9 625 626 2950 636 3296 5789
1741 9 2 0 9 1690 2242 1887 5790 3658 5791
1742 9 2 0 9 1297 1258 1316 5565 5792 5352
1743 9 2 0 9 1265 1266 1267 5793 5794 5773
1744 9 2 0 9 903 1147 1148 5795 5796 4401
1745 9 2 0 9 1205 1223 1222 5797 5275 5524
1746 9 2 0 9 1447 1811 1722 3792 5060 4629
1747 9 2 0 9 1358 1545 1996 5072 5370 5278
1748 9 2 0 9 1100 1451 1450 5798 4774 4909
1749 9 2 0 9 837 2136 2370 5799 5800 5801
1750 9 2 0 9 1199 1542 1254 4303 5802 5512
1751 9 2 0 9 1401 1748 1747 4292 5508 5652
1752 9 2 0 9 1206 1209 2183 5803 4838 5804
1753 9 2 0 9 887 2124 2800 3105 5805 5806
1754 9 2 0 9 1965 1968 1967 3385 5807 5638
1755 9 2 0 9 1398 1589 1399 5808 5085 5089
1756 9 2 0 9 1589 2059 1590 5809 5207 5086
1757 9 2 0 9 627 628 1956 638 3993 4851
1758 9 2 0 9 536 861 2224 5810 5811 5812
1759 9 2 0 9 1894 2165 2700 5813 5814 5815
1760 9 2 0 9 1477 1481 1890 5492 5226 5816
1761 9 2 0 9 1060 1401 1075 5285 5817 5818
1762 9 2 0 9 1017 1044 1043 5819 5107 4980
1763 9 2 0 9 563 2332 807 5820 5821 5822
1764 9 2 0 9 1455 1704 2173 5823 5824 5735
1765 9 2 0 9 1311 2541 1842 5825 5826 5685
1766 9 2 0 9 1336 2395 2068 5827 5828 4884
1767 9 2 0 9 1804 2054 1805 5377 5829 5830
1768 9 2 0 9 1846 1847 2307 5831 3949 5832
1769 9 2 0 9 1749 2719 2317 5833 5834 3068
1770 9 2 0 9 630 2125 832 5835 4090 5130
1771 9 2 0 9 631 632 1946 642 4871 3591
1772 9 2 0 9 1444 1527 1528 4746 4095 5836
1773 9 2 0 9 2131 2475 2305 5837 5838 4160
1774 9 2 0 9 2175 2177 2176 5839 5840 5841
1775 9 2 0 9 1362 1619 1544 5180 5256 5529
1776 9 2 0 9 1801 1973 1802 5842 3681 5616
1777 9 2 0 9 1485 1690 1887 5260 5791 4525
1778 9 2 0 9 1080 1102 1981 5114 4459 5432
1779 9 2 0 9 544 2196 840 5843 5115 5844
1780 9 2 0 9 1074 1482 1468 5845 5846 5847
1781 9 2 0 9 1682 1889 2119 5579 5848 5760
1782 9 2 0 9 676 839 2214 5849 5850 5851
1783 9 2 0 9 1394 2073 2071 3798 5078 5720
1784 9 2 0 9 1028 2511 2439 5852 4975 5853
1785 9 2 0 9 1544 2144 2003 5257 5729 5164
1786 9 2 0 9 1438 1440 1439 4294 5854 5855
1787 9 2 0 9 1380 1382 1526 5856 5292 5857
1788 9 2 0 9 1466 1990 1988 4992 5150 4473
1789 9 2 0 9 1235 1240 1721 4891 5858 3936
1790 9 2 0 9 1597 1881 1880 5859 5021 5588
1791 9 2 0 9 2028 2288 2287 5860 3694 3425
1792 9 2 0 9 649 2127 789 5861 5862 5598
1793 9 2 0 9 1382 1537 2130 5863 5864 5291
1794 9 2 0 9 1633 1635 2019 5865 5866 5763
1795 9 2 0 9 686 2247 859 5867 5868 5869
1796 9 2 0 9 1178 1180 1179 5870 5214 5357
1797 9 2 0 9 1032 2109 1052 5871 5669 5872
1798 9 2 0 9 1077 1078 1079 5348 5334 5873
1799 9 2 0 9 1079 1080 1081 5333 5433 5874
1800 9 2 0 9 2437 2462 2401 5875 5876 5877
1801 9 2 0 9 669 2201 2203 5878 5879 5880
1802 9 2 0 9 1504 1931 2197 5550 4197 5487
1803 9 2 0 9 1197 1254 2509 5513 3280 5881
1804 9 2 0 9 1047 1124 1140 5445 5480 5882
1805 9 2 0 9 1095 1404 1103 5404 5883 5884
1806 9 2 0 9 1343 1458 1701 5885 4597 4013
1807 9 2 0 9 1404 1801 1800 4416 5615 5752
1808 9 2 0 9 2110 2111 2112 5426 5501 5886
1809 9 2 0 9 561 562 2090 611 4862 5704
1810 9 2 0 9 2013 2497 2837 4778 5887 5888
1811 9 2 0 9 829 2661 2181 5889 5890 3529
1812 9 2 0 9 1484 1949 2213 5364 3765 5891
1813 9 2 0 9 1051 1123 1122 5892 4924 4318
1814 9 2 0 9 2026 2886 2126 4809 5893 5518
1815 9 2 0 9 1472 1473 1474 5567 5331 5894
1816 9 2 0 9 1424 2151 2152 5895 5896 5897
1817 9 2 0 9 946 2121 949 5898 3391 5899
1818 9 2 0 9 1022 1083 1084 4408 4873 5900
1819 9 2 0 9 1634 1893 1892 4817 5901 5620
1820 9 2 0 9 1372 1597 1492 5902 5587 5770
1821 9 2 0 9 1639 2162 2163 5903 3600 5594
1822 9 2 0 9 1522 1523 1524 5473 5472 5904
1823 9 2 0 9 660 661 2093 710 5734 4920
1824 9 2 0 9 1105 1929 1931 4425 5905 5549
1825 9 2 0 9 1134 1768 1769 5540 5906 4428
1826 9 2 0 9 1524 1726 1882 5471 5907 5908
1827 9 2 0 9 2112 2113 2116 5500 5909 5910
1828 9 2 0 9 568 569 793 618 5911 4694
1829 9 2 0 9 651 652 792 701 5912 5355
1830 9 2 0 9 1377 1380 2198 5913 5914 5200
1831 9 2 0 9 747 2879 2529 5915 5916 5227
1832 9 2 0 9 1172 1174 1173 5917 5004 5239
1833 9 2 0 9 1140 2064 2065 5479 4257 5918
1834 9 2 0 9 1415 1115 1538 5919 4796 5920
1835 9 2 0 9 1491 2835 2059 5921 5922 3185
1836 9 2 0 9 1005 1046 1047 5681 5446 5923
1837 9 2 0 9 1020 1521 1522 5710 5474 5924
1838 9 2 0 9 956 989 1077 5612 5349 5925
1839 9 2 0 9 762 2415 2396 5926 5927 5928
1840 9 2 0 9 1443 1906 1591 4755 4934 4492
1841 9 2 0 9 1388 1494 1692 5929 5930 4612
1842 9 2 0 9 789 2659 2739 5931 5932 5933
1843 9 2 0 9 946 958 2121 5609 5120 5898
1844 9 2 0 9 1676 2154 2140 5742 5934 5110
1845 9 2 0 9 1695 2158 2157 5935 5936 5937
1846 9 2 0 9 992 1017 1016 5938 4979 5040
1847 9 2 0 9 2238 2779 2264 5939 5940 3660
1848 9 2 0 9 1186 1334 1225 5003 5941 4968
1849 9 2 0 9 1751 2542 1752 5664 5942 5943
1850 9 2 0 9 565 566 805 615 5944 5945
1851 9 2 0 9 654 655 804 704 5946 5947
1852 9 2 0 9 2204 2787 2205 5948 5949 5230
1853 9 2 0 9 1126 1483 1484 5625 5365 5950
1854 9 2 0 9 1032 1088 2109 5748 5768 5871
1855 9 2 0 9 1492 1880 1941 5589 3819 5951
1856 9 2 0 9 1791 1793 2382 5952 5953 5954
1857 9 2 0 9 2080 2143 2146 5687 4289 5183
1858 9 2 0 9 1502 2208 2738 5955 5956 5957
1859 9 2 0 9 1442 1443 1444 5133 4747 5958
1860 9 2 0 9 1316 2313 1529 5959 5960 5961
1861 9 2 0 9 562 563 807 612 5822 4860
1862 9 2 0 9 657 658 806 707 5962 5963
1863 9 2 0 9 865 2191 2194 5964 5065 5965
1864 9 2 0 9 1464 2624 2018 5966 5967 3925
1865 9 2 0 9 1074 2042 1482 4753 5968 5845
1866 9 2 0 9 1228 1245 1246 4767 5216 5969
1867 9 2 0 9 1182 1184 2357 5970 5971 4096
1868 9 2 0 9 2202 2562 2758 3211 5972 5973
1869 9 2 0 9 1497 1500 2237 5974 5629 5975
1870 9 2 0 9 1591 2022 2023 4741 4062 4770
1871 9 2 0 9 1402 1747 1749 5653 5976 5977
1872 9 2 0 9 922 923 924 4962 4987 5978
1873 9 2 0 9 668 669 2203 718 5880 5131
1874 9 2 0 9 1419 1694 1695 5661 5979 5980
1875 9 2 0 9 1419 1143 1420 5644 5981 5659
1876 9 2 0 9 554 555 2218 604 5011 5982
1877 9 2 0 9 560 561 862 610 5706 5983
1878 9 2 0 9 659 660 863 709 4921 5984
1879 9 2 0 9 1789 1892 1894 5621 5985 5986
1880 9 2 0 9 963 990 970 5987 5151 4750
1881 9 2 0 9 1240 2375 1721 5988 5989 5858
1882 9 2 0 9 675 2214 2215 5990 5991 5992
1883 9 2 0 9 1371 1634 1789 5417 5622 3035
1884 9 2 0 9 936 937 938 5423 5327 5993
1885 9 2 0 9 889 2662 1922 5994 5995 5996
1886 9 2 0 9 1652 1873 2488 5997 3269 5381
1887 9 2 0 9 1508 1653 1510 5122 5998 5999
1888 9 2 0 9 1792 1902 1794 4680 6000 6001
1889 9 2 0 9 1922 2662 1923 5995 6002 4029
1890 9 2 0 9 1049 1100 1099 6003 4908 5182
1891 9 2 0 9 1113 1899 2922 5585 5109 6004
1892 9 2 0 9 1414 2210 2395 4674 6005 6006
1893 9 2 0 9 558 559 810 608 4557 6007
1894 9 2 0 9 661 662 811 711 6008 5733
1895 9 2 0 9 1021 2209 1030 6009 4530 6010
1896 9 2 0 9 830 2019 2526 3810 6011 6012
1897 9 2 0 9 1537 2131 2130 6013 4910 5864
1898 9 2 0 9 1997 2172 2171 4718 6014 6015
1899 9 2 0 9 1075 1401 1402 5817 5651 6016
1900 9 2 0 9 2100 2105 2883 4812 4280 6017
1901 9 2 0 9 948 954 1618 4898 4841 4137
1902 9 2 0 9 1571 2175 2176 6018 5841 6019
1903 9 2 0 9 1253 1289 1290 5097 5163 6020
1904 9 2 0 9 1238 1242 1239 6021 5414 5700
1905 9 2 0 9 1138 2155 1481 4453 6022 5491
1906 9 2 0 9 1258 2313 1316 6023 5959 5792
1907 9 2 0 9 1078 2483 1082 6024 3586 5403
1908 9 2 0 9 1909 1911 1910 3971 5095 4739
1909 9 2 0 9 1674 2401 2462 6025 5876 6026
1910 9 2 0 9 1232 1234 1233 6027 5715 5496
1911 9 2 0 9 1597 2304 2062 6028 6029 6030
1912 9 2 0 9 1742 1744 1743 4780 6031 6032
1913 9 2 0 9 674 675 2215 724 5992 5385
1914 9 2 0 9 1110 1143 1142 6033 5643 5359
1915 9 2 0 9 1533 2025 1878 6034 5519 6035
1916 9 2 0 9 1656 2393 2108 3732 6036 6037
1917 9 2 0 9 262 2166 894 6038 3983 6039
1918 9 2 0 9 811 2095 2094 6040 5641 5390
1919 9 2 0 9 841 2207 2206 6041 5192 6042
1920 9 2 0 9 2157 2158 2159 5936 6043 6044
1921 9 2 0 9 1313 1317 1318 5371 3217 6045
1922 9 2 0 9 1541 1554 1555 5041 4757 6046
1923 9 2 0 9 1639 1730 2162 6047 6048 5903
1924 9 2 0 9 691 2251 891 6049 3958 6050
1925 9 2 0 9 1818 2792 2644 6051 6052 5367
1926 9 2 0 9 555 556 817 605 6053 5009
1927 9 2 0 9 664 665 816 714 6054 3863
1928 9 2 0 9 542 2191 865 6055 5964 6056
1929 9 2 0 9 1404 1616 1103 5754 6057 5883
1930 9 2 0 9 529 890 2252 6058 6059 6060
1931 9 2 0 9 1418 2268 1508 6061 5121 6062
1932 9 2 0 9 1415 2151 1424 6063 5895 6064
1933 9 2 0 9 1063 1064 1065 5691 5437 6065
1934 9 2 0 9 542 543 2191 592 5517 6055
1935 9 2 0 9 2038 2823 2083 6066 4327 3302
1936 9 2 0 9 554 2218 2217 5982 3262 6067
1937 9 2 0 9 1194 2503 2357 6068 6069 6070
1938 9 2 0 9 1494 1720 1692 6071 5058 5930
1939 9 2 0 9 1345 1351 1352 5249 3720 6072
1940 9 2 0 9 1233 1963 1236 5716 3990 5001
1941 9 2 0 9 1582 2730 1946 6073 3592 4825
1942 9 2 0 9 990 992 991 6074 5039 5152
1943 9 2 0 9 1941 2387 2073 3818 6075 3797
1944 9 2 0 9 1609 2245 1611 6076 6077 6078
1945 9 2 0 9 1380 1526 2198 5857 4691 5914
1946 9 2 0 9 1385 1388 2316 6079 4614 6080
1947 9 2 0 9 2426 2569 2041 6081 3690 6082
1948 9 2 0 9 1372 2304 1597 6083 6028 5902
1949 9 2 0 9 679 680 2206 729 6084 5646
1950 9 2 0 9 1230 1232 1231 6085 5495 5465
1951 9 2 0 9 799 2077 2755 6086 6087 6088
1952 9 2 0 9 683 860 2233 6089 6090 6091
1953 9 2 0 9 1326 1492 2087 5771 6092 5411
1954 9 2 0 9 1533 1944 2025 4682 6093 6034
1955 9 2 0 9 938 939 940 5326 5379 6094
1956 9 2 0 9 556 2381 817 6095 6096 6053
1957 9 2 0 9 1707 1981 2536 4025 4458 6097
1958 9 2 0 9 537 538 2234 587 4069 6098
1959 9 2 0 9 1484 2213 1736 5891 6099 6100
1960 9 2 0 9 811 2331 2095 6101 6102 6040
1961 9 2 0 9 1415 1538 2151 5920 5006 6063
1962 9 2 0 9 520 521 2150 524 6103 5311
1963 9 2 0 9 680 841 2206 6104 6042 6084
1964 9 2 0 9 552 553 821 602 5746 6105
1965 9 2 0 9 667 668 820 717 5132 6106
1966 9 2 0 9 1098 2399 2028 3891 6107 4203
1967 9 2 0 9 1557 1558 1559 5073 4971 6108
1968 9 2 0 9 928 929 930 5316 3898 6109
1969 9 2 0 9 1440 1581 1580 4317 6110 6111
1970 9 2 0 9 861 2234 2235 6112 3976 6113
1971 9 2 0 9 669 670 2201 719 5657 5878
1972 9 2 0 9 1492 1941 2087 5951 4132 6092
1973 9 2 0 9 2098 2331 2425 6114 6115 6116
1974 9 2 0 9 1334 1960 2861 3755 5048 6117
1975 9 2 0 9 781 2351 2550 6118 6119 6120
1976 9 2 0 9 1525 1857 2249 5672 6121 6122
1977 9 2 0 9 1000 2369 1025 6123 6124 6125
1978 9 2 0 9 1546 2887 2700 6126 6127 5081
1979 9 2 0 9 897 2914 1936 6128 6129 3624
1980 9 2 0 9 633 634 2031 644 3779 5205
1981 9 2 0 9 2095 2097 2096 6130 5676 5642
1982 9 2 0 9 1246 1252 1253 5215 5098 6131
1983 9 2 0 9 535 536 2224 585 5812 6132
1984 9 2 0 9 549 550 827 599 6133 5717
1985 9 2 0 9 670 671 826 720 3905 5656
1986 9 2 0 9 758 2022 2655 4063 5482 6134
1987 9 2 0 9 686 687 2247 736 6135 5867
1988 9 2 0 9 1564 2136 2137 6136 6137 6138
1989 9 2 0 9 1152 1153 1154 6139 6140 4516
1990 9 2 0 9 957 2223 961 6141 4434 6142
1991 9 2 0 9 1647 1751 1752 4727 5943 6143
1992 9 2 0 9 537 2234 861 6098 6112 6144
1993 9 2 0 9 191 2167 797 6145 6146 6147
1994 9 2 0 9 1309 1365 2076 5713 6148 4578
1995 9 2 0 9 1510 2175 1571 6149 6018 6150
1996 9 2 0 9 1784 1786 2429 6151 3609 6152
1997 9 2 0 9 1084 1105 1504 4872 5551 6153
1998 9 2 0 9 1227 1230 1229 6154 5464 4978
1999 9 2 0 9 1104 2226 1115 6155 4795 6156
2000 9 2 0 9 1850 2367 2797 6157 3390 4952
2001 9 2 0 9 1621 2329 1812 4635 6158 5548
2002 9 2 0 9 873 2487 2213 6159 6160 3764
2003 9 2 0 9 1510 1653 2175 5998 6161 6149
2004 9 2 0 9 1513 2459 2338 6162 6163 6164
2005 9 2 0 9 1173 1533 1878 4730 6035 5186
2006 9 2 0 9 1686 2245 1830 6165 6166 6167
2007 9 2 0 9 812 2062 2063 3451 6168 6169
2008 9 2 0 9 663 664 2425 713 3864 6170
2009 9 2 0 9 1293 1343 1330 6171 5178 5785
2010 9 2 0 9 1264 1315 2375 5775 6172 6173
2011 9 2 0 9 1468 1482 1525 5846 5673 6174
2012 9 2 0 9 988 1004 1008 5029 5591 4372
2013 9 2 0 9 1479 1515 1514 6175 4785 4864
2014 9 2 0 9 535 2224 858 6132 6176 6177
2015 9 2 0 9 1003 2376 1398 6178 6179 5766
2016 9 2 0 9 2227 2548 2229 6180 6181 5634
2017 9 2 0 9 826 2009 2604 3904 6182 6183
2018 9 2 0 9 773 2688 2119 6184 6185 6186
2019 9 2 0 9 1611 2245 1686 6077 6165 6187
2020 9 2 0 9 548 549 2230 598 5718 6188
2021 9 2 0 9 546 547 834 596 4265 6189
2022 9 2 0 9 673 674 833 723 5387 6190
2023 9 2 0 9 2095 2331 2098 6102 6114 6191
2024 9 2 0 9 972 973 974 5572 5675 6192
2025 9 2 0 9 1203 1222 2069 5525 6193 4569
2026 9 2 0 9 1015 1072 1074 5731 4754 6194
2027 9 2 0 9 1950 2852 2248 6195 6196 4562
2028 9 2 0 9 2100 2883 2103 6017 6197 4075
2029 9 2 0 9 2061 2355 2651 6198 6199 6200
2030 9 2 0 9 2207 2738 2208 4045 5956 5193
2031 9 2 0 9 964 971 972 4964 5573 6201
2032 9 2 0 9 544 545 2196 594 6202 5843
2033 9 2 0 9 2173 2665 2335 6203 6204 3342
2034 9 2 0 9 573 574 1991 623 5614 4117
2035 9 2 0 9 1459 2260 1486 5736 6205 5600
2036 9 2 0 9 675 676 2214 725 5851 5990
2037 9 2 0 9 888 2543 2246 6206 6207 6208
2038 9 2 0 9 1008 1014 1015 5590 5732 6209
2039 9 2 0 9 1815 2547 2085 6210 3257 5668
2040 9 2 0 9 1811 2001 2877 3791 6211 4266
2041 9 2 0 9 1901 2043 2591 3605 4340 6212
2042 9 2 0 9 1817 1967 2547 5639 3550 6213
2043 9 2 0 9 691 692 2251 741 6214 6049
2044 9 2 0 9 1734 1735 2324 6215 5697 6216
2045 9 2 0 9 528 529 2252 578 6060 6217
2046 9 2 0 9 676 677 839 726 6218 5849
2047 9 2 0 9 543 544 840 593 5844 5516
2048 9 2 0 9 687 2246 2247 6219 6220 6135
2049 9 2 0 9 1148 1582 2555 6221 6222 6223
2050 9 2 0 9 1672 1799 2525 5570 6224 6225
2051 9 2 0 9 2045 2086 2534 5198 5268 6226
2052 9 2 0 9 1580 1975 2553 4349 4218 6227
2053 9 2 0 9 789 2739 1985 5933 6228 4663
2054 9 2 0 9 1419 2156 1142 6229 4829 5645
2055 9 2 0 9 1987 1988 2677 4474 6230 6231
2056 9 2 0 9 1266 1293 1267 6232 5784 5794
2057 9 2 0 9 1876 2260 2008 6233 4103 3510
2058 9 2 0 9 1845 2290 2918 6234 6235 6236
2059 9 2 0 9 1606 2374 1608 6237 6238 6239
2060 9 2 0 9 630 631 2125 641 3580 5835
2061 9 2 0 9 24 25 2257 113 3870 6240
2062 9 2 0 9 1129 1130 1131 6241 6242 5341
2063 9 2 0 9 810 2948 1964 6243 6244 4950
2064 9 2 0 9 1635 2020 2019 6245 6246 5866
2065 9 2 0 9 1370 1635 1633 6247 5865 5531
2066 9 2 0 9 1915 1942 1943 6248 3053 4331
2067 9 2 0 9 1109 1141 1465 5380 4824 4359
2068 9 2 0 9 678 679 864 728 5647 5434
2069 9 2 0 9 541 542 865 591 6056 6249
2070 9 2 0 9 1515 1847 1846 6250 5831 4786
2071 9 2 0 9 1803 1804 1805 5027 5830 6251
2072 9 2 0 9 1500 1501 2239 6252 4990 6253
2073 9 2 0 9 1265 1241 1266 5111 3361 5793
2074 9 2 0 9 688 888 2246 6254 6208 6255
2075 9 2 0 9 1716 1717 2326 6256 4791 6257
2076 9 2 0 9 2195 2232 2231 3149 5395 6258
2077 9 2 0 9 1859 2108 2393 3163 6036 6259
2078 9 2 0 9 1561 1646 1647 5153 4728 6260
2079 9 2 0 9 1695 2157 2156 5937 4017 6261
2080 9 2 0 9 785 2043 2814 3851 6262 6263
2081 9 2 0 9 1123 1479 1478 6264 4863 4925
2082 9 2 0 9 968 2437 975 3930 6265 6266
2083 9 2 0 9 1686 1830 1762 6167 3839 6267
2084 9 2 0 9 2098 2425 2102 6116 3453 6268
2085 9 2 0 9 1294 1426 1340 3770 6269 4828
2086 9 2 0 9 27 28 2264 116 6270 6271
2087 9 2 0 9 908 2728 2553 3885 6272 4217
2088 9 2 0 9 1744 2379 1746 4275 6273 6274
2089 9 2 0 9 910 912 911 4503 6275 6276
2090 9 2 0 9 680 681 841 730 6277 6104
2091 9 2 0 9 539 540 842 589 5740 3861
2092 9 2 0 9 1891 2008 2916 3511 6278 4497
2093 9 2 0 9 1179 1224 2001 5050 6279 5563
2094 9 2 0 9 1297 2070 1250 6280 4693 5566
2095 9 2 0 9 2097 2212 2101 6281 4184 5677
2096 9 2 0 9 1265 2270 1314 5774 5420 5051
2097 9 2 0 9 782 2360 2750 6282 4088 6283
2098 9 2 0 9 1741 2713 1742 6284 6285 4601
2099 9 2 0 9 682 683 2233 732 6091 6286
2100 9 2 0 9 1145 1756 2390 6287 4141 6288
2101 9 2 0 9 801 2506 2116 6289 6290 6291
2102 9 2 0 9 1391 1529 1621 6292 6293 5547
2103 9 2 0 9 30 31 2269 119 6294 6295
2104 9 2 0 9 649 650 2127 699 3519 5861
2105 9 2 0 9 1154 1155 1156 6296 6297 4541
2106 9 2 0 9 789 2127 2659 5862 6298 5931
2107 9 2 0 9 865 2195 2231 6299 6258 6300
2108 9 2 0 9 1398 2376 1596 6179 6301 6302
2109 9 2 0 9 1366 1861 1428 5650 6303 6304
2110 9 2 0 9 1696 2395 2210 6305 6005 6306
2111 9 2 0 9 1665 2621 2631 5666 6307 3909
2112 9 2 0 9 683 684 860 733 6308 6089
2113 9 2 0 9 536 537 861 586 6144 5810
2114 9 2 0 9 685 686 859 735 5869 6309
2115 9 2 0 9 534 535 858 584 6177 6310
2116 9 2 0 9 1276 2397 1570 6311 6312 6313
2117 9 2 0 9 820 2205 2453 5231 4353 6314
2118 9 2 0 9 1456 1704 1455 6315 5823 6316
2119 9 2 0 9 1756 1814 1815 6317 6318 5667
2120 9 2 0 9 1525 2249 1644 6122 6319 6320
2121 9 2 0 9 831 2086 2783 5269 5384 6321
2122 9 2 0 9 1744 1746 1745 6274 6322 6323
2123 9 2 0 9 1621 1622 1716 6324 6325 4633
2124 9 2 0 9 1723 2541 2505 6326 6327 6328
2125 9 2 0 9 1309 1310 1320 6329 6330 5712
2126 9 2 0 9 1355 1655 2277 6331 5684 6332
2127 9 2 0 9 1781 1782 1783 6333 6334 6335
2128 9 2 0 9 1320 1321 1394 6336 4917 5719
2129 9 2 0 9 1815 1816 1817 6337 6338 6339
2130 9 2 0 9 692 893 2251 6340 6341 6214
2131 9 2 0 9 528 2252 892 6217 3350 6342
2132 9 2 0 9 553 554 2217 603 6067 5744
2133 9 2 0 9 839 2299 2214 6343 6344 5850
2134 9 2 0 9 36 37 2275 125 6345 6346
2135 9 2 0 9 1702 2634 1982 6347 3239 5555
2136 9 2 0 9 1838 2712 1984 4593 4510 4051
2137 9 2 0 9 1346 1347 1445 6348 6349 5490
2138 9 2 0 9 1610 1684 2696 6350 3628 3964
2139 9 2 0 9 2046 2049 2048 5714 3500 4997
2140 9 2 0 9 1326 1327 1372 6351 6352 5769
2141 9 2 0 9 1156 1157 1158 6353 6354 4903
2142 9 2 0 9 1704 1807 1808 6355 6356 6357
2143 9 2 0 9 1817 1964 1965 6358 6359 5637
2144 9 2 0 9 1250 1251 1258 6360 6361 5564
2145 9 2 0 9 1071 1895 2642 5305 6362 6363
2146 9 2 0 9 1486 2260 1876 6205 6233 6364
2147 9 2 0 9 1726 1828 2312 5701 3131 6365
2148 9 2 0 9 1213 1214 1216 6366 6367 5533
2149 9 2 0 9 1502 2406 2208 6368 6369 5955
2150 9 2 0 9 687 688 2246 737 6255 6219
2151 9 2 0 9 1315 1715 2375 6370 6371 6172
2152 9 2 0 9 1932 2645 2276 6372 6373 3582
2153 9 2 0 9 1039 1128 1129 6374 6375 5448
2154 9 2 0 9 1754 2210 2211 6376 4404 6377
2155 9 2 0 9 571 788 2488 5597 6378 4233
2156 9 2 0 9 1585 1696 1754 6379 6380 6381
2157 9 2 0 9 1910 1912 2499 5096 6382 3972
2158 9 2 0 9 1422 1423 1585 6383 6384 5475
2159 9 2 0 9 2359 2908 2616 4242 6385 6386
2160 9 2 0 9 1694 2168 2784 4949 6387 6388
2161 9 2 0 9 2114 2129 2807 5298 4469 6389
2162 9 2 0 9 1380 1381 1382 6390 6391 5856
2163 9 2 0 9 1463 1818 1813 4855 5725 4895
2164 9 2 0 9 1412 1413 1422 6392 6393 5478
2165 9 2 0 9 2010 2301 2011 4346 6394 5324
2166 9 2 0 9 865 2194 2195 5965 4252 6299
2167 9 2 0 9 1482 2042 1901 5968 3785 5558
2168 9 2 0 9 1445 1446 1516 6395 6396 5514
2169 9 2 0 9 1950 2287 2852 3426 6397 6195
2170 9 2 0 9 688 689 888 738 6398 6254
2171 9 2 0 9 531 532 889 581 6399 6400
2172 9 2 0 9 690 691 891 740 6050 6401
2173 9 2 0 9 529 530 890 579 6402 6058
2174 9 2 0 9 867 2162 2432 3601 6403 6404
2175 9 2 0 9 1516 1723 1758 6405 6406 5520
2176 9 2 0 9 1627 2354 1845 6407 3396 6408
2177 9 2 0 9 551 2698 2084 6409 6410 6411
2178 9 2 0 9 1203 1204 1205 6412 6413 5523
2179 9 2 0 9 1287 1304 1305 6414 6415 4478
2180 9 2 0 9 1323 1325 1326 6416 6417 5410
2181 9 2 0 9 1382 1383 1537 6418 6419 5863
2182 9 2 0 9 994 2916 2008 6420 6278 4102
2183 9 2 0 9 1704 1808 2665 6357 6421 6422
2184 9 2 0 9 83 84 2289 172 6423 6424
2185 9 2 0 9 261 2166 262 6425 6038 339
2186 9 2 0 9 45 46 2285 134 6426 6427
2187 9 2 0 9 912 914 913 5032 6428 6429
2188 9 2 0 9 402 2676 2229 6430 6431 6432
2189 9 2 0 9 2023 2240 2024 5413 6433 5023
2190 9 2 0 9 1388 1389 1494 6434 6435 5929
2191 9 2 0 9 2312 2603 2330 3130 6436 5203
2192 9 2 0 9 692 693 893 742 6437 6340
2193 9 2 0 9 527 528 892 577 6342 6438
2194 9 2 0 9 2169 2261 2283 4616 6439 6440
2195 9 2 0 9 1263 1271 1277 6441 6442 3632
2196 9 2 0 9 1849 1851 1850 6443 6444 5287
2197 9 2 0 9 1306 1308 1309 6445 6446 4577
2198 9 2 0 9 862 2090 2707 5705 6447 6448
2199 9 2 0 9 1859 2393 2394 6259 3619 6449
2200 9 2 0 9 2255 2293 2296 6450 6451 6452
2201 9 2 0 9 1259 1261 1262 6453 6454 6455
2202 9 2 0 9 1373 1375 1390 6456 5077 6457
2203 9 2 0 9 349 866 2271 6458 6459 6460
2204 9 2 0 9 759 2272 2898 6461 6462 6463
2205 9 2 0 9 773 2119 2340 6186 6464 6465
2206 9 2 0 9 1416 2268 1418 6466 6061 6467
2207 9 2 0 9 1661 2811 2000 4068 3502 4173
2208 9 2 0 9 2097 2099 2212 6468 6469 6281
2209 9 2 0 9 1278 1280 1286 6470 6471 3673
2210 9 2 0 9 190 2167 191 6472 6145 268
2211 9 2 0 9 1158 1159 1160 6473 6474 4720
2212 9 2 0 9 541 865 2231 6249 6300 6475
2213 9 2 0 9 1780 1781 1735 6476 5698 6477
2214 9 2 0 9 1221 1249 1250 6478 6479 4692
2215 9 2 0 9 1145 1755 1756 6480 6481 6287
2216 9 2 0 9 1217 1219 1220 6482 6483 5755
2217 9 2 0 9 1682 1708 1683 5762 6484 6485
2218 9 2 0 9 426 868 2276 6486 3583 6487
2219 9 2 0 9 1749 2141 1750 3070 6488 6489
2220 9 2 0 9 1210 1212 1213 6490 6491 5538
2221 9 2 0 9 1717 1719 1734 6492 6493 4789
2222 9 2 0 9 1680 1682 1681 5580 6494 6495
2223 9 2 0 9 1377 1379 1380 6496 6497 5913
2224 9 2 0 9 1197 1198 1199 6498 6499 5511
2225 9 2 0 9 766 2633 2082 6500 4005 2961
2226 9 2 0 9 1194 2006 2875 3963 6501 6502
2227 9 2 0 9 2011 2684 2597 6503 6504 6505
2228 9 2 0 9 1032 1052 1033 5872 6506 6507
2229 9 2 0 9 1060 1075 1061 5818 6508 6509
2230 9 2 0 9 1011 1020 1012 5711 6510 6511
2231 9 2 0 9 1299 2389 1777 6512 6513 6514
2232 9 2 0 9 1698 2361 1713 6515 3922 6516
2233 9 2 0 9 1095 1103 1096 5884 6517 6518
2234 9 2 0 9 914 916 915 4642 6519 6520
2235 9 2 0 9 1474 1535 1475 5737 6521 6522
2236 9 2 0 9 1871 2641 2289 6523 6524 5400
2237 9 2 0 9 2177 2533 2953 6525 6526 4994
2238 9 2 0 9 1001 2952 1952 6527 6528 3708
2239 9 2 0 9 344 345 831 433 6529 6530
2240 9 2 0 9 94 95 830 183 6531 6532
2241 9 2 0 9 1052 2117 1053 6533 5090 6534
2242 9 2 0 9 1385 1387 1388 6535 6536 6079
2243 9 2 0 9 1276 1570 1319 6313 6537 6538
2244 9 2 0 9 842 2430 2236 6539 3508 3862
2245 9 2 0 9 1671 1670 1672 6540 5571 6541
2246 9 2 0 9 1548 1549 1592 6542 6543 4475
2247 9 2 0 9 1420 1488 1489 6544 6545 6546
2248 9 2 0 9 998 1005 999 5682 6547 6548
2249 9 2 0 9 1332 1333 1362 6549 6550 5528
2250 9 2 0 9 1616 1800 2548 5753 6551 6552
2251 9 2 0 9 540 541 2231 590 6475 5739
2252 9 2 0 9 1030 1032 1031 5749 6553 6554
2253 9 2 0 9 347 348 785 436 6555 6556
2254 9 2 0 9 91 92 784 180 6557 6558
2255 9 2 0 9 2060 2355 2061 4171 6198 5036
2256 9 2 0 9 983 985 984 5633 6559 6560
2257 9 2 0 9 1206 1208 1209 6561 6562 5803
2258 9 2 0 9 1081 1472 1471 5568 6563 6564
2259 9 2 0 9 1432 1434 1657 6565 6566 4364
2260 9 2 0 9 1189 1190 1191 6567 6568 5542
2261 9 2 0 9 985 994 986 6569 6570 6571
2262 9 2 0 9 1771 2750 2691 4394 4087 2989
2263 9 2 0 9 1965 2948 1966 6572 6573 3383
2264 9 2 0 9 648 789 2847 5599 4665 6574
2265 9 2 0 9 1187 1188 1189 6575 6576 5438
2266 9 2 0 9 351 760 2274 6577 3982 6578
2267 9 2 0 9 1300 1301 1332 6579 6580 5428
2268 9 2 0 9 1138 1477 1139 5493 3143 6581
2269 9 2 0 9 426 427 868 515 6582 6486
2270 9 2 0 9 12 13 869 101 6583 6584
2271 9 2 0 9 1793 1796 2382 6585 6586 5953
2272 9 2 0 9 1200 1202 1203 6587 6588 4568
2273 9 2 0 9 1184 1185 1187 6589 6590 5545
2274 9 2 0 9 1484 1736 1487 6100 6591 6592
2275 9 2 0 9 1796 1985 2092 6593 6594 6595
2276 9 2 0 9 1209 2057 2448 4967 4248 4837
2277 9 2 0 9 1409 1411 1412 6596 6597 5442
2278 9 2 0 9 1415 1424 1416 6064 6598 6599
2279 9 2 0 9 1426 2263 1340 5139 5162 6269
2280 9 2 0 9 965 968 966 5596 6600 6601
2281 9 2 0 9 1115 1415 1116 5919 6602 6603
2282 9 2 0 9 1162 1163 1164 6604 6605 4815
2283 9 2 0 9 1254 1542 2338 5802 6606 6607
2284 9 2 0 9 951 949 2574 6608 3392 6609
2285 9 2 0 9 968 975 969 6266 6610 6611
2286 9 2 0 9 349 350 866 438 6612 6458
2287 9 2 0 9 89 90 867 178 6613 6614
2288 9 2 0 9 976 2365 979 6615 6616 6617
2289 9 2 0 9 961 965 962 5577 6618 6619
2290 9 2 0 9 963 2411 990 6620 6621 5987
2291 9 2 0 9 975 2365 976 6622 6615 6623
2292 9 2 0 9 1923 2662 2776 6002 6624 3799
2293 9 2 0 9 1284 1285 1300 6625 6626 5554
2294 9 2 0 9 1025 2369 1112 6124 6627 6628
2295 9 2 0 9 841 2790 2037 6629 4426 6630
2296 9 2 0 9 1848 2640 2058 6631 6632 3793
2297 9 2 0 9 1182 1183 1184 6633 6634 5970
2298 9 2 0 9 1723 2505 1758 6328 5220 6406
2299 9 2 0 9 1497 1499 1500 6635 6636 5974
2300 9 2 0 9 1736 1739 1737 6637 6638 6639
2301 9 2 0 9 424 425 857 513 6640 6641
2302 9 2 0 9 14 15 856 103 6642 6643
2303 9 2 0 9 1618 2409 2904 4840 6644 6645
2304 9 2 0 9 1373 1390 2304 6457 6646 6647
2305 9 2 0 9 797 2167 2168 6146 6648 6649
2306 9 2 0 9 1403 1299 1777 6650 6514 6651
2307 9 2 0 9 1449 1877 1546 5144 6652 5409
2308 9 2 0 9 1508 1510 1509 5999 6653 6654
2309 9 2 0 9 1510 1571 1511 6150 6655 6656
2310 9 2 0 9 1481 2155 1898 6022 3773 5392
2311 9 2 0 9 659 863 2595 5984 3742 6657
2312 9 2 0 9 565 805 2572 5945 4390 6658
2313 9 2 0 9 1501 1503 1548 6659 6660 4988
2314 9 2 0 9 1562 1563 1564 6661 6662 6663
2315 9 2 0 9 1690 1875 2827 5562 5190 6664
2316 9 2 0 9 1425 1112 1917 6665 6666 6667
2317 9 2 0 9 1954 1955 2500 6668 3699 4236
2318 9 2 0 9 1548 2565 2239 4477 6669 4989
2319 9 2 0 9 1869 1870 1871 6670 6671 6672
2320 9 2 0 9 1407 1408 1363 6673 4939 6674
2321 9 2 0 9 351 352 760 440 6675 6577
2322 9 2 0 9 87 88 761 176 6676 6677
2323 9 2 0 9 1564 1565 2136 6678 6679 6136
2324 9 2 0 9 1076 1091 1090 5703 6680 6681
2325 9 2 0 9 1180 1181 1182 6682 6683 5320
2326 9 2 0 9 1259 1262 2313 6455 6684 6685
2327 9 2 0 9 1677 1680 1679 5504 6686 6687
2328 9 2 0 9 1010 1006 1011 6688 5786 6689
2329 9 2 0 9 1021 1030 1029 6010 6690 6691
2330 9 2 0 9 1551 1553 1562 6692 6693 6694
2331 9 2 0 9 1057 1060 1059 6695 6696 6697
2332 9 2 0 9 1656 2108 2392 6037 6698 6699
2333 9 2 0 9 2150 2838 2266 6700 6701 6702
2334 9 2 0 9 1929 2794 1931 6703 6704 5905
2335 9 2 0 9 1192 1196 1197 6705 6706 6707
2336 9 2 0 9 995 998 997 5602 6708 6709
2337 9 2 0 9 1434 2356 1657 6710 6711 6566
2338 9 2 0 9 1104 1115 1108 6156 6712 6713
2339 9 2 0 9 1418 1508 1507 6062 6714 6715
2340 9 2 0 9 980 983 982 6716 6717 6718
2341 9 2 0 9 1053 1056 1055 5091 6719 6720
2342 9 2 0 9 1673 1676 1675 5743 6721 6722
2343 9 2 0 9 1767 1798 2366 6723 6724 6725
2344 9 2 0 9 1961 2936 2376 6726 6727 4169
2345 9 2 0 9 654 804 2628 5947 3360 6728
2346 9 2 0 9 1057 2253 1060 6729 5284 6695
2347 9 2 0 9 421 422 844 510 6730 6731
2348 9 2 0 9 17 18 843 106 6732 6733
2349 9 2 0 9 1730 1865 2710 6734 4071 6735
2350 9 2 0 9 1092 1095 1094 6736 6737 6738
2351 9 2 0 9 916 918 917 4229 6739 6740
2352 9 2 0 9 951 956 952 5613 6741 6742
2353 9 2 0 9 949 951 950 6608 6743 6744
2354 9 2 0 9 677 678 2291 727 5436 6745
2355 9 2 0 9 2061 2651 2729 6200 6746 6747
2356 9 2 0 9 1500 2239 2238 6253 6748 5627
2357 9 2 0 9 1085 1126 1125 5626 6749 6750
2358 9 2 0 9 946 949 947 5899 6751 6752
2359 9 2 0 9 1242 1243 1256 6753 6754 6755
2360 9 2 0 9 1894 2884 2165 6756 6757 5813
2361 9 2 0 9 1237 2516 2451 6758 6759 6760
2362 9 2 0 9 1747 1914 2719 5510 4376 6761
2363 9 2 0 9 1585 2823 2038 6762 6066 5476
2364 9 2 0 9 841 2037 2732 6630 6763 6764
2365 9 2 0 9 420 421 2250 509 6765 6766
2366 9 2 0 9 1571 2178 1572 6767 5693 6768
2367 9 2 0 9 1353 2277 2398 6769 6770 6771
2368 9 2 0 9 1730 1731 1865 6772 6773 6734
2369 9 2 0 9 1486 1876 1875 6364 6774 5561
2370 9 2 0 9 1626 1627 1845 6775 6408 6776
2371 9 2 0 9 1092 2262 1095 6777 5405 6736
2372 9 2 0 9 1721 2375 2493 5989 6778 6779
2373 9 2 0 9 1536 1670 1669 5456 6780 6781
2374 9 2 0 9 2160 2772 2363 6782 5245 3768
2375 9 2 0 9 2175 2533 2177 6783 6525 5839
2376 9 2 0 9 1069 1085 1070 5431 6784 6785
2377 9 2 0 9 1427 1775 1774 6786 6787 6788
2378 9 2 0 9 976 979 978 6617 6789 6790
2379 9 2 0 9 22 2137 2716 3377 6791 6792
2380 9 2 0 9 1131 2007 1703 6793 6794 5494
2381 9 2 0 9 1695 2514 2158 6795 3080 5935
2382 9 2 0 9 662 663 2331 712 6796 6797
2383 9 2 0 9 944 946 945 5610 6798 6799
2384 9 2 0 9 1355 1357 1655 6800 6801 6331
2385 9 2 0 9 1572 1575 1574 5694 6802 6803
2386 9 2 0 9 666 667 2453 716 6804 3801
2387 9 2 0 9 418 419 838 507 6805 6806
2388 9 2 0 9 20 21 837 109 6807 6808
2389 9 2 0 9 1748 1942 1915 4689 6248 5776
2390 9 2 0 9 1576 1598 1578 3713 6809 6810
2391 9 2 0 9 2539 2906 2789 6811 6812 6813
2392 9 2 0 9 1639 1640 1730 6814 6815 6047
2393 9 2 0 9 1715 2792 2263 6816 6817 4010
2394 9 2 0 9 1801 1974 1973 4803 6818 5842
2395 9 2 0 9 1132 1134 1133 5541 6819 6820
2396 9 2 0 9 1567 1625 1626 6821 6822 6823
2397 9 2 0 9 1131 1519 2007 6824 6825 6793
2398 9 2 0 9 1174 1175 1176 6826 6827 4163
2399 9 2 0 9 417 418 2254 506 6828 6829
2400 9 2 0 9 658 2595 806 6830 3167 5962
2401 9 2 0 9 1234 1237 1238 6831 6832 5699
2402 9 2 0 9 1067 1069 1068 5640 6833 6834
2403 9 2 0 9 1599 1602 1601 6835 6836 6837
2404 9 2 0 9 1419 1695 2156 5980 6261 6229
2405 9 2 0 9 2097 2098 2099 6838 6839 6468
2406 9 2 0 9 1606 1608 1607 6239 6840 6841
2407 9 2 0 9 1427 2377 1775 6842 3512 6786
2408 9 2 0 9 677 2291 839 6745 6843 6218
2409 9 2 0 9 957 961 960 6142 6844 6845
2410 9 2 0 9 1184 1194 2357 5546 6070 5971
2411 9 2 0 9 1603 1606 1605 6846 6847 6848
2412 9 2 0 9 1176 1177 1178 6849 6850 5356
2413 9 2 0 9 415 416 835 504 6851 6852
2414 9 2 0 9 23 24 836 112 6853 3337
2415 9 2 0 9 1750 2939 1974 6854 6855 3344
2416 9 2 0 9 940 942 941 4273 6856 6857
2417 9 2 0 9 197 2221 198 6858 6859 275
2418 9 2 0 9 1787 2128 1788 6860 3087 6861
2419 9 2 0 9 1697 1698 1713 6862 6516 6863
2420 9 2 0 9 1065 1067 1066 5398 6864 6865
2421 9 2 0 9 1257 1283 1284 6866 6867 6868
2422 9 2 0 9 1627 1629 2354 6869 6870 6407
2423 9 2 0 9 2359 2616 2874 6386 6871 6872
2424 9 2 0 9 1353 1355 2277 6873 6332 6769
2425 9 2 0 9 414 415 2255 503 6874 6875
2426 9 2 0 9 918 920 919 4725 6876 6877
2427 9 2 0 9 1866 1868 1869 6878 6879 6880
2428 9 2 0 9 942 944 943 5576 6881 6882
2429 9 2 0 9 2237 2238 2474 5628 4168 6883
2430 9 2 0 9 19 20 2290 108 6884 6885
2431 9 2 0 9 1135 1138 1137 4454 6886 6887
2432 9 2 0 9 188 895 2170 6888 6889 6890
2433 9 2 0 9 1629 1631 1697 6891 6892 6893
2434 9 2 0 9 86 87 2279 175 6894 6895
2435 9 2 0 9 1222 2067 2069 5595 3788 6193
2436 9 2 0 9 353 354 870 442 6896 6897
2437 9 2 0 9 85 86 871 174 6898 6899
2438 9 2 0 9 1597 2062 1881 6030 3576 5859
2439 9 2 0 9 24 2257 836 6240 6900 6853
2440 9 2 0 9 1644 1787 1645 6901 6902 6903
2441 9 2 0 9 656 657 2500 706 6904 3649
2442 9 2 0 9 2255 2256 2293 6905 3854 6450
2443 9 2 0 9 797 2169 2283 6906 6440 6907
2444 9 2 0 9 1686 1762 1687 6267 6908 6909
2445 9 2 0 9 2185 2283 2261 6910 6439 6911
2446 9 2 0 9 1225 1334 2861 5941 6117 6912
2447 9 2 0 9 1537 2132 2131 6913 6914 6013
2448 9 2 0 9 412 413 829 501 6915 3528
2449 9 2 0 9 26 27 828 115 6916 3714
2450 9 2 0 9 1895 2013 2837 4309 5888 6917
2451 9 2 0 9 1164 1165 1166 6918 6919 4912
2452 9 2 0 9 1525 1644 1643 6320 6920 6921
2453 9 2 0 9 2201 2758 2203 6922 3106 5879
2454 9 2 0 9 801 2116 2895 6291 6923 6924
2455 9 2 0 9 1768 2693 1769 3219 6925 5906
2456 9 2 0 9 1698 1832 2361 6926 6927 6515
2457 9 2 0 9 864 2815 2291 6928 6929 5435
2458 9 2 0 9 1736 2778 1739 6930 3225 6637
2459 9 2 0 9 818 2953 2533 6931 6526 6932
2460 9 2 0 9 759 2898 2303 6463 3920 6933
2461 9 2 0 9 1341 2002 2777 4383 5067 6934
2462 9 2 0 9 1832 1834 1835 6935 6936 6937
2463 9 2 0 9 559 560 2380 609 6938 4556
2464 9 2 0 9 2077 2078 2755 4835 4483 6087
2465 9 2 0 9 189 2170 846 6939 3085 6940
2466 9 2 0 9 353 870 2278 6897 6941 6942
2467 9 2 0 9 1835 1836 2182 6943 6944 6945
2468 9 2 0 9 1458 1638 1639 6946 6947 5593
2469 9 2 0 9 1611 1686 1685 6187 6948 6949
2470 9 2 0 9 1494 2225 1720 6950 6951 6071
2471 9 2 0 9 409 410 824 498 6952 6953
2472 9 2 0 9 29 30 825 118 6954 6955
2473 9 2 0 9 1365 2074 2076 5671 4126 6148
2474 9 2 0 9 1316 1529 1391 5961 6292 5757
2475 9 2 0 9 1416 1424 2268 6598 6956 6466
2476 9 2 0 9 1343 1457 1458 6957 6958 5885
2477 9 2 0 9 348 349 2271 437 6460 6959
2478 9 2 0 9 425 426 2276 514 6487 6960
2479 9 2 0 9 1424 2152 2153 5897 4457 6961
2480 9 2 0 9 852 2190 2782 5142 3183 6962
2481 9 2 0 9 838 2515 2254 6963 6964 6965
2482 9 2 0 9 1897 1898 2441 5393 3379 3827
2483 9 2 0 9 920 922 921 4963 6966 6967
2484 9 2 0 9 1056 2253 1057 4211 6729 6968
2485 9 2 0 9 1766 1798 1767 5486 6723 6969
2486 9 2 0 9 1091 2262 1092 4356 6777 6970
2487 9 2 0 9 421 844 2250 6731 4486 6765
2488 9 2 0 9 1042 1132 1121 5266 6971 6972
2489 9 2 0 9 260 2165 845 6973 6974 6975
2490 9 2 0 9 406 407 818 495 6976 6977
2491 9 2 0 9 32 33 819 121 6978 6979
2492 9 2 0 9 1297 1469 2070 5750 4669 6280
2493 9 2 0 9 417 2254 2292 6829 6980 6981
2494 9 2 0 9 1074 1468 1467 5847 6982 6983
2495 9 2 0 9 1763 1766 1765 6984 6985 6986
2496 9 2 0 9 1052 2110 2117 5670 6987 6533
2497 9 2 0 9 1958 2516 1960 6988 6989 3754
2498 9 2 0 9 2229 2548 2929 6181 6990 6991
2499 9 2 0 9 350 351 2274 439 6578 6992
2500 9 2 0 9 655 656 2416 705 3651 6993
2501 9 2 0 9 27 2264 828 6271 6994 6916
2502 9 2 0 9 259 796 2165 6995 6996 6997
2503 9 2 0 9 876 2333 2301 6998 6999 7000
2504 9 2 0 9 1216 2174 1274 7001 7002 5783
2505 9 2 0 9 1027 1063 1062 5692 7003 7004
2506 9 2 0 9 405 406 2273 494 7005 7006
2507 9 2 0 9 662 2331 811 6797 6101 6008
2508 9 2 0 9 1827 1920 1919 7007 7008 7009
2509 9 2 0 9 1329 1456 1455 7010 6316 5741
2510 9 2 0 9 87 761 2279 6677 3357 6894
2511 9 2 0 9 1767 2366 1827 6725 7011 7012
2512 9 2 0 9 422 423 2284 511 7013 7014
2513 9 2 0 9 1531 2507 2828 4079 7015 7016
2514 9 2 0 9 28 2300 2264 7017 3661 6270
2515 9 2 0 9 690 891 2471 6401 7018 7019
2516 9 2 0 9 1920 1932 1921 7020 7021 7022
2517 9 2 0 9 1387 1389 1388 7023 6434 6536
2518 9 2 0 9 1350 1436 1437 4421 5631 7024
2519 9 2 0 9 1571 2176 2178 6019 2996 6767
2520 9 2 0 9 869 2598 2182 7025 7026 5099
2521 9 2 0 9 1908 1913 2841 3630 7027 4622
2522 9 2 0 9 28 29 2300 117 7028 7017
2523 9 2 0 9 974 1027 1026 5709 7029 7030
2524 9 2 0 9 934 936 935 5424 3806 7031
2525 9 2 0 9 824 2678 2179 7032 7033 3083
2526 9 2 0 9 2426 1512 2569 7034 4084 6081
2527 9 2 0 9 1266 2012 2632 3362 3672 7035
2528 9 2 0 9 1325 1327 1326 7036 6351 6417
2529 9 2 0 9 1379 1381 1380 7037 6390 6497
2530 9 2 0 9 35 36 814 124 7038 7039
2531 9 2 0 9 403 404 815 492 7040 7041
2532 9 2 0 9 1845 2658 2290 3456 7042 6234
2533 9 2 0 9 990 2411 1097 6621 7043 7044
2534 9 2 0 9 1567 1626 2370 6823 7045 7046
2535 9 2 0 9 1494 1495 2225 7047 7048 6950
2536 9 2 0 9 1830 2630 2250 7049 7050 3840
2537 9 2 0 9 1495 2237 2225 7051 7052 7048
2538 9 2 0 9 1 2879 747 7053 5915 751
2539 9 2 0 9 1934 2252 2592 3351 7054 7055
2540 9 2 0 9 1073 2368 1110 3880 7056 5232
2541 9 2 0 9 1103 1616 2226 6057 5271 7057
2542 9 2 0 9 1327 1373 1372 7058 7059 6352
2543 9 2 0 9 1381 1383 1382 7060 6418 6391
2544 9 2 0 9 1166 1167 1168 7061 7062 5123
2545 9 2 0 9 346 2575 2534 7063 7064 7065
2546 9 2 0 9 1826 2943 1922 7066 7067 3492
2547 9 2 0 9 2249 2858 2274 7068 7069 3981
2548 9 2 0 9 1310 1321 1320 7070 6336 6330
2549 9 2 0 9 1926 2798 2495 7071 7072 3994
2550 9 2 0 9 1170 1171 1172 7073 7074 5238
2551 9 2 0 9 1130 1519 1131 7075 6824 6242
2552 9 2 0 9 31 32 2302 120 7076 7077
2553 9 2 0 9 900 1147 903 3813 5795 4491
2554 9 2 0 9 1708 2119 2688 5761 6185 3750
2555 9 2 0 9 199 2241 200 7078 7079 277
2556 9 2 0 9 38 39 812 127 7080 7081
2557 9 2 0 9 400 401 813 489 7082 7083
2558 9 2 0 9 1308 1310 1309 7084 6329 6446
2559 9 2 0 9 823 2544 1946 7085 4826 4870
2560 9 2 0 9 1304 1306 1305 7086 4129 6415
2561 9 2 0 9 1389 1495 1494 7087 7047 6435
2562 9 2 0 9 30 2269 825 6295 7088 6954
2563 9 2 0 9 1295 1347 1346 7089 6348 5758
2564 9 2 0 9 1402 1749 1750 5977 6489 7090
2565 9 2 0 9 932 934 933 5137 7091 7092
2566 9 2 0 9 1503 1549 1548 7093 6542 6660
2567 9 2 0 9 858 2224 2583 6176 3614 3656
2568 9 2 0 9 2168 2724 2169 4948 3252 7094
2569 9 2 0 9 1205 2183 1223 7095 7096 5797
2570 9 2 0 9 1499 1501 1500 7097 6252 6636
2571 9 2 0 9 262 894 263 6039 7098 340
2572 9 2 0 9 187 895 188 7099 6888 265
2573 9 2 0 9 31 2302 2269 7077 4450 6294
2574 9 2 0 9 416 417 2292 505 6981 7100
2575 9 2 0 9 1814 1816 1815 7101 6337 6318
2576 9 2 0 9 352 353 2278 441 6942 7102
2577 9 2 0 9 1112 2369 1917 6627 7103 6666
2578 9 2 0 9 689 2471 888 7104 7105 6398
2579 9 2 0 9 1280 1287 1286 7106 4042 6471
2580 9 2 0 9 84 85 2295 173 7107 7108
2581 9 2 0 9 1782 1784 1783 7109 7110 6334
2582 9 2 0 9 418 838 2254 6806 6965 6828
2583 9 2 0 9 1755 1814 1756 7111 6317 6481
2584 9 2 0 9 1997 2396 2415 7112 5927 7113
2585 9 2 0 9 1168 1169 1170 7114 7115 3934
2586 9 2 0 9 1529 1622 1621 7116 6324 6293
2587 9 2 0 9 414 2255 2296 6875 6452 7117
2588 9 2 0 9 41 42 800 130 7118 7119
2589 9 2 0 9 397 398 803 486 7120 7121
2590 9 2 0 9 1553 1563 1562 7122 6661 6693
2591 9 2 0 9 34 35 2305 123 7123 7124
2592 9 2 0 9 1216 1217 2174 7125 5756 7001
2593 9 2 0 9 1629 1697 2354 6893 7126 6870
2594 9 2 0 9 20 837 2290 6808 7127 6884
2595 9 2 0 9 1020 1522 2209 5924 7128 7129
2596 9 2 0 9 1563 1565 1564 7130 6678 6662
2597 9 2 0 9 1051 2495 1123 7131 7132 5892
2598 9 2 0 9 413 414 2296 502 7117 7133
2599 9 2 0 9 355 356 2286 444 7134 7135
2600 9 2 0 9 1240 1264 2375 4848 6173 5988
2601 9 2 0 9 1128 1130 1129 7136 6241 6375
2602 9 2 0 9 1495 1497 2237 7137 5975 7051
2603 9 2 0 9 987 2376 1003 4170 6178 4892
2604 9 2 0 9 930 932 931 5447 7138 7139
2605 9 2 0 9 1732 2553 2728 7140 6272 4311
2606 9 2 0 9 188 2170 189 6890 6939 266
2607 9 2 0 9 860 2034 2643 3402 7141 7142
2608 9 2 0 9 889 2943 1918 7143 7144 5171
2609 9 2 0 9 1625 1627 1626 7145 6775 6822
2610 9 2 0 9 1271 1278 1277 7146 7147 6442
2611 9 2 0 9 1816 1964 1817 3029 6358 6338
2612 9 2 0 9 44 45 799 133 7148 7149
2613 9 2 0 9 394 395 802 483 7150 7151
2614 9 2 0 9 1780 1782 1781 7152 6333 6476
2615 9 2 0 9 248 2281 249 7153 7154 326
2616 9 2 0 9 356 357 754 445 7155 7156
2617 9 2 0 9 82 83 755 171 7157 7158
2618 9 2 0 9 1524 1882 1883 5908 7159 7160
2619 9 2 0 9 1261 1263 1262 7161 7162 6454
2620 9 2 0 9 1047 1140 2036 5882 7163 7164
2621 9 2 0 9 260 845 261 6975 7165 338
2622 9 2 0 9 189 846 190 6940 7166 267
2623 9 2 0 9 1622 1717 1716 7167 6256 6325
2624 9 2 0 9 2440 2511 1968 4976 7168 4598
2625 9 2 0 9 47 48 798 136 7169 7170
2626 9 2 0 9 391 392 801 480 7171 7172
2627 9 2 0 9 1857 1901 2591 5559 6212 7173
2628 9 2 0 9 1719 1735 1734 7174 6215 6493
2629 9 2 0 9 198 2221 753 6859 7175 7176
2630 9 2 0 9 1251 1259 1258 7177 7178 6361
2631 9 2 0 9 258 796 259 7179 6995 336
2632 9 2 0 9 191 797 192 6147 7180 269
2633 9 2 0 9 862 2707 2558 6448 7181 7182
2634 9 2 0 9 259 2165 260 6997 6973 337
2635 9 2 0 9 2089 2892 2385 7183 7184 7185
2636 9 2 0 9 1372 1373 2304 7059 6647 6083
2637 9 2 0 9 1071 2573 2053 7186 3312 4585
2638 9 2 0 9 1044 1048 1049 7187 7188 5181
2639 9 2 0 9 1405 1118 1864 7189 7190 7191
2640 9 2 0 9 1565 2370 2136 7192 5800 6679
2641 9 2 0 9 1103 2226 1104 7057 6155 7193
2642 9 2 0 9 1796 2092 2382 6595 3439 6586
2643 9 2 0 9 1519 1693 2358 7194 3758 7195
2644 9 2 0 9 50 51 795 139 7196 7197
2645 9 2 0 9 388 389 794 477 7198 7199
2646 9 2 0 9 1008 2497 2118 7200 4777 4373
2647 9 2 0 9 1456 1807 1704 7201 6355 6315
2648 9 2 0 9 1631 1698 1697 7202 6862 6892
2649 9 2 0 9 1601 1602 1603 6836 7203 7204
2650 9 2 0 9 86 2279 871 6895 7205 6898
2651 9 2 0 9 1832 1835 2361 6937 7206 6927
2652 9 2 0 9 1249 1251 1250 7207 6360 6479
2653 9 2 0 9 415 835 2255 6852 7208 6874
2654 9 2 0 9 1509 1510 1511 6653 6656 7209
2655 9 2 0 9 527 892 2266 6438 7210 7211
2656 9 2 0 9 52 53 874 141 7212 7213
2657 9 2 0 9 386 387 875 475 7214 7215
2658 9 2 0 9 1834 1836 1835 7216 6943 6936
2659 9 2 0 9 2112 2116 2506 5910 6290 7217
2660 9 2 0 9 16 17 2420 105 7218 7219
2661 9 2 0 9 1507 1508 1509 6714 6654 7220
2662 9 2 0 9 665 666 2468 715 3803 7221
2663 9 2 0 9 1096 1103 1104 6517 7193 7222
2664 9 2 0 9 1330 2372 1370 5179 7223 5483
2665 9 2 0 9 842 2232 2430 5396 7224 6539
2666 9 2 0 9 563 564 2332 613 7225 5820
2667 9 2 0 9 788 1945 2479 5160 4620 7226
2668 9 2 0 9 1219 1221 1220 7227 4099 6483
2669 9 2 0 9 201 2267 202 7228 7229 279
2670 9 2 0 9 54 55 791 143 7230 7231
2671 9 2 0 9 384 385 790 473 7232 7233
2672 9 2 0 9 1415 1416 1116 6599 7234 6602
2673 9 2 0 9 1205 1206 2183 7235 5804 7095
2674 9 2 0 9 1414 2395 1336 6006 5827 5196
2675 9 2 0 9 1592 2682 2258 7236 3340 3646
2676 9 2 0 9 1212 1214 1213 7237 6366 6491
2677 9 2 0 9 1687 1762 1763 6908 7238 7239
2678 9 2 0 9 1094 1095 1096 6737 6518 7240
2679 9 2 0 9 1511 1571 1572 6655 6768 7241
2680 9 2 0 9 1214 1217 1216 7242 7125 6367
2681 9 2 0 9 261 845 2166 7165 7243 6425
2682 9 2 0 9 56 57 876 145 7244 7245
2683 9 2 0 9 382 383 877 471 7246 7247
2684 9 2 0 9 1574 1575 1576 6802 4314 7248
2685 9 2 0 9 1764 1923 2477 4030 3075 7249
2686 9 2 0 9 1607 1608 1609 6840 7250 7251
2687 9 2 0 9 358 359 873 447 7252 7253
2688 9 2 0 9 80 81 872 169 7254 7255
2689 9 2 0 9 46 47 2320 135 7256 7257
2690 9 2 0 9 1578 1598 1599 6809 7258 7259
2691 9 2 0 9 1919 1920 1921 7008 7022 7260
2692 9 2 0 9 1090 1091 1092 6680 6970 7261
2693 9 2 0 9 1420 2724 1694 7262 4947 5660
2694 9 2 0 9 36 2275 814 6346 3913 7038
2695 9 2 0 9 58 59 787 147 7263 7264
2696 9 2 0 9 380 381 786 469 7265 7266
2697 9 2 0 9 1059 1060 1061 6696 6509 7267
2698 9 2 0 9 354 355 2294 443 7268 7269
2699 9 2 0 9 1061 1075 1076 6508 7270 7271
2700 9 2 0 9 1605 1606 1607 6847 6841 7272
2701 9 2 0 9 1020 2209 1021 7129 6009 7273
2702 9 2 0 9 1108 1115 1116 6712 6603 7274
2703 9 2 0 9 1685 1686 1687 6948 6909 7275
2704 9 2 0 9 192 797 2283 7180 6907 7276
2705 9 2 0 9 1242 2521 1296 7277 7278 5415
2706 9 2 0 9 980 2417 983 7279 4589 6716
2707 9 2 0 9 781 2550 2379 6120 7280 7281
2708 9 2 0 9 1420 1143 1488 5981 7282 6544
2709 9 2 0 9 759 2795 2272 7283 7284 6461
2710 9 2 0 9 1428 1861 2343 6303 7285 7286
2711 9 2 0 9 2089 2385 2606 7185 7287 5176
2712 9 2 0 9 60 61 878 149 7288 7289
2713 9 2 0 9 378 379 879 467 7290 7291
2714 9 2 0 9 1722 2752 1944 7292 7293 4681
2715 9 2 0 9 1347 1446 1445 7294 6395 6349
2716 9 2 0 9 48 49 2322 137 7295 7296
2717 9 2 0 9 530 2518 890 7297 7298 6402
2718 9 2 0 9 194 763 195 7299 7300 272
2719 9 2 0 9 255 762 256 7301 7302 333
2720 9 2 0 9 49 50 2321 138 7303 7304
2721 9 2 0 9 1812 2842 2301 7305 7306 4345
2722 9 2 0 9 1696 2210 1754 6306 6376 6380
2723 9 2 0 9 1075 2352 1076 7307 5702 7270
2724 9 2 0 9 1423 1696 1585 7308 6379 6384
2725 9 2 0 9 985 2916 994 7309 6420 6569
2726 9 2 0 9 190 846 2167 7166 7310 6472
2727 9 2 0 9 1472 1474 1475 5894 6522 7311
2728 9 2 0 9 62 63 770 151 7312 7313
2729 9 2 0 9 376 377 773 465 7314 7315
2730 9 2 0 9 1422 1413 1423 6393 7316 6383
2731 9 2 0 9 1765 1766 1767 6985 6969 7317
2732 9 2 0 9 194 2185 763 7318 7319 7299
2733 9 2 0 9 258 2171 796 7320 7321 7179
2734 9 2 0 9 51 52 2323 140 7322 7323
2735 9 2 0 9 1446 1723 1516 7324 6405 6396
2736 9 2 0 9 395 396 2317 484 7325 7326
2737 9 2 0 9 1383 1385 2316 7327 6080 7328
2738 9 2 0 9 1031 1032 1033 6553 6507 7329
2739 9 2 0 9 64 65 880 153 7330 7331
2740 9 2 0 9 374 375 881 463 7332 7333
2741 9 2 0 9 1033 1052 1053 6506 6534 7334
2742 9 2 0 9 53 54 2325 142 7335 7336
2743 9 2 0 9 1012 1020 1021 6510 7273 7337
2744 9 2 0 9 1079 1081 1471 5874 6564 7338
2745 9 2 0 9 66 67 769 155 7339 7340
2746 9 2 0 9 372 373 772 461 7341 7342
2747 9 2 0 9 1208 1210 1209 7343 4965 6562
2748 9 2 0 9 348 2271 785 6959 3849 6555
2749 9 2 0 9 1842 2541 2540 5826 7344 3040
2750 9 2 0 9 926 928 927 5317 7345 7346
2751 9 2 0 9 1258 1259 2313 7178 6685 6023
2752 9 2 0 9 1204 1206 1205 7347 7235 6413
2753 9 2 0 9 84 2295 2289 7108 5401 6423
2754 9 2 0 9 55 56 2328 144 7348 7349
2755 9 2 0 9 1055 1056 1057 6719 6968 7350
2756 9 2 0 9 1566 2034 1624 7351 7352 7353
2757 9 2 0 9 68 69 882 157 7354 7355
2758 9 2 0 9 370 371 883 459 7356 7357
2759 9 2 0 9 1852 2016 2854 7358 7359 7360
2760 9 2 0 9 1202 1204 1203 7361 6412 6588
2761 9 2 0 9 57 58 2333 146 7362 7363
2762 9 2 0 9 1827 2366 1920 7011 7364 7007
2763 9 2 0 9 70 71 768 159 7365 7366
2764 9 2 0 9 368 369 771 457 7367 7368
2765 9 2 0 9 78 79 765 167 7369 7370
2766 9 2 0 9 360 361 764 449 7371 7372
2767 9 2 0 9 1010 1011 1012 6689 6511 7373
2768 9 2 0 9 956 1077 2223 5925 7374 7375
2769 9 2 0 9 72 73 886 161 7376 7377
2770 9 2 0 9 366 367 887 455 7378 7379
2771 9 2 0 9 76 77 884 165 7380 7381
2772 9 2 0 9 362 363 885 451 7382 7383
2773 9 2 0 9 1411 1413 1412 7384 6392 6597
2774 9 2 0 9 1126 1484 1487 5950 6592 7385
2775 9 2 0 9 385 386 2327 474 7386 7387
2776 9 2 0 9 74 75 766 163 7388 7389
2777 9 2 0 9 364 365 767 453 7390 7391
2778 9 2 0 9 1029 1030 1031 6690 6554 7392
2779 9 2 0 9 255 2184 762 7393 7394 7301
2780 9 2 0 9 558 810 2692 6007 4951 7395
2781 9 2 0 9 59 60 2334 148 7396 7397
2782 9 2 0 9 195 763 2222 7300 7398 7399
2783 9 2 0 9 425 2276 857 6960 7400 6640
2784 9 2 0 9 822 1859 2941 3156 7401 4470
2785 9 2 0 9 1425 1917 1957 6667 7402 4176
2786 9 2 0 9 383 384 2330 472 7403 7404
2787 9 2 0 9 1976 2197 2715 5488 7405 5722
2788 9 2 0 9 526 527 2266 576 7211 7406
2789 9 2 0 9 1635 2029 2020 7407 3118 6245
2790 9 2 0 9 1681 1682 1683 6494 6485 7408
2791 9 2 0 9 1752 2542 1804 5942 7409 5026
2792 9 2 0 9 1224 2877 2001 7410 6211 6279
2793 9 2 0 9 1716 2806 2329 7411 7412 4634
2794 9 2 0 9 61 62 2335 150 7413 7414
2795 9 2 0 9 837 2716 2136 7415 7416 5799
2796 9 2 0 9 193 2185 194 7417 7318 271
2797 9 2 0 9 2039 2426 2041 7418 6082 5092
2798 9 2 0 9 350 2274 866 6992 7419 6612
2799 9 2 0 9 1834 1884 1836 7420 7421 7216
2800 9 2 0 9 897 2219 2844 3626 7422 7423
2801 9 2 0 9 999 1005 1006 6547 7424 7425
2802 9 2 0 9 63 64 2339 152 7426 7427
2803 9 2 0 9 1832 1833 1834 7428 7429 6935
2804 9 2 0 9 531 889 2518 6400 5173 7430
2805 9 2 0 9 377 378 2336 466 7431 7432
2806 9 2 0 9 375 376 2340 464 7433 7434
2807 9 2 0 9 1150 1153 1152 7435 6139 4703
2808 9 2 0 9 2473 2538 1861 7436 3950 5649
2809 9 2 0 9 986 994 995 6570 5125 7437
2810 9 2 0 9 924 926 925 7438 7439 7440
2811 9 2 0 9 1562 1564 2596 6663 7441 3330
2812 9 2 0 9 997 998 999 6708 6548 7442
2813 9 2 0 9 2095 2098 2097 6191 6838 6130
2814 9 2 0 9 1679 1680 1681 6686 6495 7443
2815 9 2 0 9 835 2256 2255 7444 6905 7208
2816 9 2 0 9 1198 1200 1199 7445 4031 6499
2817 9 2 0 9 1644 2249 2545 6319 4807 7446
2818 9 2 0 9 373 374 2341 462 7447 7448
2819 9 2 0 9 205 2298 206 7449 7450 283
2820 9 2 0 9 1698 1831 1832 7451 7452 6926
2821 9 2 0 9 1627 1628 1629 7453 7454 6869
2822 9 2 0 9 1827 1919 1918 7009 7455 7456
2823 9 2 0 9 1480 2058 2640 4260 6632 7457
2824 9 2 0 9 984 985 986 6559 6571 7458
2825 9 2 0 9 803 2141 2615 3642 3214 7459
2826 9 2 0 9 1407 1409 1408 7460 4914 6673
2827 9 2 0 9 560 862 2380 5983 7461 6938
2828 9 2 0 9 371 372 2342 460 7462 7463
2829 9 2 0 9 1290 1313 1312 5372 7464 7465
2830 9 2 0 9 29 825 2300 6955 7466 7028
2831 9 2 0 9 889 1922 2943 5996 7067 7143
2832 9 2 0 9 69 70 2344 158 7467 7468
2833 9 2 0 9 369 370 2345 458 7469 7470
2834 9 2 0 9 1675 1676 1677 6721 5019 7471
2835 9 2 0 9 1850 1851 2367 6444 5170 6157
2836 9 2 0 9 836 2257 2258 6900 3647 7472
2837 9 2 0 9 1629 1630 1631 7473 7474 6891
2838 9 2 0 9 1893 2606 2805 5177 3978 7475
2839 9 2 0 9 1383 2316 1537 7328 7476 6419
2840 9 2 0 9 71 72 2347 160 7477 7478
2841 9 2 0 9 254 2184 255 7479 7393 332
2842 9 2 0 9 361 362 2346 450 7480 7481
2843 9 2 0 9 1767 1827 1826 7012 7482 7483
2844 9 2 0 9 1671 1672 1673 6541 5304 7484
2845 9 2 0 9 195 2222 196 7399 7485 273
2846 9 2 0 9 982 983 984 6717 6560 7486
2847 9 2 0 9 85 871 2295 6899 7487 7107
2848 9 2 0 9 365 366 2350 454 7488 7489
2849 9 2 0 9 363 364 2348 452 7490 7491
2850 9 2 0 9 2073 2387 2078 6075 7492 4834
2851 9 2 0 9 1831 1833 1832 7493 7428 7452
2852 9 2 0 9 192 2283 193 7276 7494 270
2853 9 2 0 9 1552 2037 1689 7495 3782 7496
2854 9 2 0 9 1262 1263 2701 7162 3634 7497
2855 9 2 0 9 1519 2358 2007 7195 3060 6825
2856 9 2 0 9 1333 1363 1362 7498 4712 6550
2857 9 2 0 9 953 2411 963 3473 6620 4761
2858 9 2 0 9 422 2284 844 7014 7499 6730
2859 9 2 0 9 1490 2922 1729 7500 5024 5336
2860 9 2 0 9 1826 1827 1918 7482 7456 7501
2861 9 2 0 9 88 2432 761 7502 7503 6676
2862 9 2 0 9 993 1022 2504 4442 7504 4643
2863 9 2 0 9 193 2283 2185 7494 6910 7417
2864 9 2 0 9 1549 1550 1551 7505 7506 7507
2865 9 2 0 9 673 833 2685 6190 7508 7509
2866 9 2 0 9 1551 1552 1553 7510 7511 6692
2867 9 2 0 9 1054 2085 2556 4110 3133 7512
2868 9 2 0 9 1352 1442 1441 5134 7513 7514
2869 9 2 0 9 46 2320 2285 7257 4048 6426
2870 9 2 0 9 96 97 2385 185 7515 7516
2871 9 2 0 9 2112 2506 2902 7217 7517 7518
2872 9 2 0 9 564 2572 2332 7519 3393 7225
2873 9 2 0 9 1238 1243 1242 7520 6753 6021
2874 9 2 0 9 45 2285 799 6427 7521 7148
2875 9 2 0 9 83 2289 755 6424 7522 7157
2876 9 2 0 9 1567 1624 1625 7523 7524 6821
2877 9 2 0 9 1687 1763 1764 7239 7525 7526
2878 9 2 0 9 978 979 980 6789 7527 7528
2879 9 2 0 9 89 867 2432 6614 6404 7529
2880 9 2 0 9 1631 1831 1698 7530 7451 7202
2881 9 2 0 9 257 2171 258 7531 7320 335
2882 9 2 0 9 1763 1765 1764 6986 3317 7525
2883 9 2 0 9 1475 1535 1536 6521 5008 7532
2884 9 2 0 9 1669 1670 1671 6780 6540 7533
2885 9 2 0 9 1196 1198 1197 7534 6498 6706
2886 9 2 0 9 402 2229 2929 6432 6991 7535
2887 9 2 0 9 1765 1767 1826 7317 7483 3491
2888 9 2 0 9 902 905 1656 4605 7536 7537
2889 9 2 0 9 962 965 966 6618 6601 7538
2890 9 2 0 9 1894 2700 2887 5815 6127 7539
2891 9 2 0 9 355 2286 2294 7135 2972 7268
2892 9 2 0 9 966 968 969 6600 6611 7540
2893 9 2 0 9 406 818 2273 6977 7541 7005
2894 9 2 0 9 652 2817 792 7542 5094 5912
2895 9 2 0 9 1997 2171 2396 6015 7543 7112
2896 9 2 0 9 975 2401 2365 7544 7545 6622
2897 9 2 0 9 969 975 976 6610 6623 7546
2898 9 2 0 9 1565 1566 1567 7547 7548 7549
2899 9 2 0 9 1190 1192 1191 7550 7551 6568
2900 9 2 0 9 1188 1190 1189 7552 6567 6576
2901 9 2 0 9 1301 1333 1332 7553 6549 6580
2902 9 2 0 9 859 2247 2610 5868 7554 4842
2903 9 2 0 9 32 819 2302 6979 7555 7076
2904 9 2 0 9 1185 1188 1187 7556 6575 6590
2905 9 2 0 9 352 2278 760 7102 7557 6675
2906 9 2 0 9 1625 1628 1627 7558 7453 7145
2907 9 2 0 9 1611 1685 1684 6949 7559 7560
2908 9 2 0 9 1232 1237 1234 7561 6831 6027
2909 9 2 0 9 830 2892 2089 7562 7183 3848
2910 9 2 0 9 411 2181 2678 3599 7563 7564
2911 9 2 0 9 2427 2822 1805 3128 7565 7566
2912 9 2 0 9 693 694 2265 743 7567 7568
2913 9 2 0 9 799 2705 2077 7569 7570 6086
2914 9 2 0 9 1609 1611 1610 6078 7571 7572
2915 9 2 0 9 1528 1541 1540 5042 2979 7573
2916 9 2 0 9 16 2420 2535 7219 7574 7575
2917 9 2 0 9 1437 1438 1439 5630 5855 7576
2918 9 2 0 9 1285 1301 1300 7577 6579 6626
2919 9 2 0 9 1628 1630 1629 7578 7473 7454
2920 9 2 0 9 1293 1457 1343 7579 6957 6171
2921 9 2 0 9 1737 1739 1740 6638 7580 7581
2922 9 2 0 9 1497 1498 1499 7582 7583 6635
2923 9 2 0 9 954 964 2409 4886 7584 4839
2924 9 2 0 9 1277 1278 2880 7147 3595 7585
2925 9 2 0 9 1183 1185 1184 7586 6589 6634
2926 9 2 0 9 1191 1192 2509 7551 7587 3588
2927 9 2 0 9 838 2935 2515 7588 7589 6963
2928 9 2 0 9 1624 2034 2035 7352 3401 7590
2929 9 2 0 9 256 762 2396 7302 5928 7591
2930 9 2 0 9 1318 1345 1344 5250 7592 7593
2931 9 2 0 9 861 2696 2224 7594 3627 5811
2932 9 2 0 9 253 849 254 7595 7596 331
2933 9 2 0 9 196 847 197 7597 7598 274
2934 9 2 0 9 1487 1736 1737 6591 6639 7599
2935 9 2 0 9 2005 2520 2006 7600 7601 5399
2936 9 2 0 9 1501 1502 1503 7602 7603 6659
2937 9 2 0 9 1870 1872 1871 7604 7605 6671
2938 9 2 0 9 1603 1605 1604 6848 7606 7607
2939 9 2 0 9 1884 2251 2680 3959 7608 7609
2940 9 2 0 9 960 961 962 6844 6619 7610
2941 9 2 0 9 1581 1742 1743 4602 6032 7611
2942 9 2 0 9 1178 1181 1180 7612 6682 5870
2943 9 2 0 9 1542 2859 2338 3467 7613 6606
2944 9 2 0 9 1005 2362 1006 7614 5787 7424
2945 9 2 0 9 1806 2009 2685 7615 5301 7616
2946 9 2 0 9 1504 1976 1505 5489 7617 7618
2947 9 2 0 9 7 625 2876 635 7619 7620
2948 9 2 0 9 1626 1845 2918 6776 6236 7621
2949 9 2 0 9 237 2309 238 7622 7623 315
2950 9 2 0 9 1385 1386 1387 7624 7625 6535
2951 9 2 0 9 1147 1582 1148 7626 6221 5796
2952 9 2 0 9 2437 1952 2462 3709 7627 5875
2953 9 2 0 9 1496 1759 1498 7628 7629 7630
2954 9 2 0 9 1599 1601 1600 6837 7631 7632
2955 9 2 0 9 1563 1566 1565 7633 7547 7130
2956 9 2 0 9 427 428 2431 516 7634 7635
2957 9 2 0 9 1495 1496 1497 7636 7637 7137
2958 9 2 0 9 2113 2566 2116 5264 7638 5909
2959 9 2 0 9 1468 1525 1643 6174 6921 7639
2960 9 2 0 9 2098 2102 2099 6268 7640 6839
2961 9 2 0 9 2062 2304 2767 6029 7641 7642
2962 9 2 0 9 1283 1285 1284 7643 6625 6867
2963 9 2 0 9 1063 1065 1066 6065 6865 7644
2964 9 2 0 9 1181 1183 1182 7645 6633 6683
2965 9 2 0 9 416 2292 835 7100 7646 6851
2966 9 2 0 9 1015 1074 1467 6194 6983 7647
2967 9 2 0 9 2429 2869 1784 7648 7649 6152
2968 9 2 0 9 956 2223 957 7375 6141 7650
2969 9 2 0 9 625 2950 2876 5789 7651 7619
2970 9 2 0 9 2099 2383 2212 7652 7653 6469
2971 9 2 0 9 1852 2928 2016 7654 5236 7358
2972 9 2 0 9 1607 1609 1610 7251 7572 7655
2973 9 2 0 9 845 2884 2805 7656 7657 7658
2974 9 2 0 9 1868 1870 1869 7659 6670 6879
2975 9 2 0 9 796 2171 2172 7321 6014 7660
2976 9 2 0 9 1610 1611 1684 7571 7560 6350
2977 9 2 0 9 1731 1866 1865 7661 7662 6773
2978 9 2 0 9 1101 2772 1976 5246 7663 5721
2979 9 2 0 9 2188 2623 2309 4307 7664 3638
2980 9 2 0 9 35 814 2305 7039 7665 7123
2981 9 2 0 9 1315 1359 1715 5788 7666 6370
2982 9 2 0 9 1377 1378 1379 7667 7668 6496
2983 9 2 0 9 952 956 957 6741 7650 7669
2984 9 2 0 9 556 557 2381 606 7670 6095
2985 9 2 0 9 254 849 2184 7596 7671 7479
2986 9 2 0 9 693 2265 893 7568 7672 6437
2987 9 2 0 9 951 952 950 6742 7673 6743
2988 9 2 0 9 196 2222 847 7485 7674 7597
2989 9 2 0 9 1566 1624 1567 7353 7523 7548
2990 9 2 0 9 1383 1384 1385 7675 7676 7327
2991 9 2 0 9 1417 1506 1613 7677 7678 7679
2992 9 2 0 9 947 949 950 6751 6744 7680
2993 9 2 0 9 1576 1578 1577 6810 7681 7682
2994 9 2 0 9 256 2396 257 7591 7683 334
2995 9 2 0 9 1137 1138 1139 6886 6581 7684
2996 9 2 0 9 1824 2291 2815 7685 6929 7686
2997 9 2 0 9 1375 1376 1377 7687 7688 5199
2998 9 2 0 9 1640 1731 1730 7689 6772 6815
2999 9 2 0 9 1373 1374 1375 7690 7691 6456
3000 9 2 0 9 1999 2000 2647 5747 3689 5765
3001 9 2 0 9 1613 2039 2040 7692 4797 7693
3002 9 2 0 9 1996 1997 2415 5369 7113 7694
3003 9 2 0 9 342 343 2444 431 7695 7696
3004 9 2 0 9 1070 1085 1125 6784 6750 7697
3005 9 2 0 9 655 2416 804 6993 7698 5946
3006 9 2 0 9 1262 2523 2313 7699 7700 6684
3007 9 2 0 9 945 946 947 6798 6752 7701
3008 9 2 0 9 1601 1603 1604 7204 7607 7702
3009 9 2 0 9 1503 1550 1549 7703 7505 7093
3010 9 2 0 9 252 2220 253 7704 7705 330
3011 9 2 0 9 2366 2925 2645 7706 7707 7708
3012 9 2 0 9 1243 1257 1256 7709 7710 6754
3013 9 2 0 9 797 2168 2169 6649 7094 6906
3014 9 2 0 9 938 940 941 6094 6857 7711
3015 9 2 0 9 214 2306 215 7712 7713 292
3016 9 2 0 9 1552 1689 1553 7496 7714 7511
3017 9 2 0 9 882 1995 2785 7715 7716 7717
3018 9 2 0 9 1390 2199 2767 5603 3334 7718
3019 9 2 0 9 413 2296 829 7133 7719 6915
3020 9 2 0 9 1589 2353 2059 7720 3186 5809
3021 9 2 0 9 1323 1324 1325 7721 7722 6416
3022 9 2 0 9 1384 1724 1386 7723 7724 7725
3023 9 2 0 9 1581 1743 2216 7611 7726 7727
3024 9 2 0 9 875 2804 2115 7728 7729 7730
3025 9 2 0 9 1550 1552 1551 7731 7510 7506
3026 9 2 0 9 1398 1596 1589 6302 7732 5808
3027 9 2 0 9 1068 1069 1070 6833 6785 7733
3028 9 2 0 9 1921 1933 1934 7734 7735 7736
3029 9 2 0 9 905 2561 1656 7737 3731 7536
3030 9 2 0 9 1418 1507 1506 6715 7738 7739
3031 9 2 0 9 1572 1574 1573 6803 7740 7741
3032 9 2 0 9 1416 1418 1417 6467 7742 7743
3033 9 2 0 9 1107 1117 1620 7744 7745 7746
3034 9 2 0 9 1565 1567 2370 7549 7046 7192
3035 9 2 0 9 1499 1502 1501 7747 7602 7097
3036 9 2 0 9 763 2185 2186 7319 7748 7749
3037 9 2 0 9 198 753 199 7176 7750 276
3038 9 2 0 9 251 752 252 7751 7752 329
3039 9 2 0 9 955 2061 2729 3171 6747 7753
3040 9 2 0 9 1321 1322 1323 7754 7755 4706
3041 9 2 0 9 2470 1296 2521 7756 7278 7757
3042 9 2 0 9 1604 1605 1612 7606 7758 3541
3043 9 2 0 9 2147 2265 2829 7759 7760 7761
3044 9 2 0 9 551 2084 2812 6411 7762 7763
3045 9 2 0 9 1638 1640 1639 7764 6814 6947
3046 9 2 0 9 1846 2894 1853 7765 7766 4296
3047 9 2 0 9 428 429 2219 517 7767 7768
3048 9 2 0 9 88 89 2432 177 7529 7502
3049 9 2 0 9 1578 1599 1600 7259 7632 7769
3050 9 2 0 9 2451 2516 1641 6759 7770 7771
3051 9 2 0 9 810 1966 2948 4247 6573 6243
3052 9 2 0 9 1306 1307 1308 7772 7773 6445
3053 9 2 0 9 1153 1155 1154 7774 6296 6140
3054 9 2 0 9 2483 989 2574 7775 7776 4610
3055 9 2 0 9 1726 2660 1882 7777 3652 5907
3056 9 2 0 9 1133 1134 1135 6819 3918 7778
3057 9 2 0 9 1118 2465 1864 7779 7780 7190
3058 9 2 0 9 943 944 945 6881 6799 7781
3059 9 2 0 9 1402 2352 1075 7782 7307 6016
3060 9 2 0 9 1672 2525 2154 6225 7783 5302
3061 9 2 0 9 1645 1787 1788 6902 6861 7784
3062 9 2 0 9 1434 1667 2356 7785 7786 6710
3063 9 2 0 9 257 2396 2171 7683 7543 7531
3064 9 2 0 9 1338 1448 1773 7787 7788 7789
3065 9 2 0 9 1287 1303 1304 7790 7791 6414
3066 9 2 0 9 972 974 1026 6192 7030 7792
3067 9 2 0 9 547 548 2577 597 7793 4263
3068 9 2 0 9 646 647 2864 696 4180 7794
3069 9 2 0 9 1428 2343 1797 7286 7795 7796
3070 9 2 0 9 907 910 911 4883 6276 7797
3071 9 2 0 9 1155 1157 1156 7798 6353 6297
3072 9 2 0 9 1005 1047 2362 5923 7799 7614
3073 9 2 0 9 1421 1520 1093 7800 7801 7802
3074 9 2 0 9 1522 2364 2209 7803 4271 7128
3075 9 2 0 9 2043 2044 2814 4996 7804 6262
3076 9 2 0 9 2105 2386 2799 5000 7805 7806
3077 9 2 0 9 1522 1524 2364 5904 7807 7803
3078 9 2 0 9 1378 1712 1543 7808 7809 7810
3079 9 2 0 9 1172 1175 1174 7811 6826 5917
3080 9 2 0 9 1574 1576 1577 7248 7682 7812
3081 9 2 0 9 1066 1067 1068 6864 6834 7813
3082 9 2 0 9 220 2319 221 7814 7815 298
3083 9 2 0 9 1389 1496 1495 7816 7636 7087
3084 9 2 0 9 1104 1108 1107 6713 7817 7818
3085 9 2 0 9 37 2508 2275 7819 5037 6345
3086 9 2 0 9 1555 1557 1556 5074 7820 7821
3087 9 2 0 9 217 2314 218 7822 7823 295
3088 9 2 0 9 356 754 2286 7156 7824 7134
3089 9 2 0 9 218 2351 219 7825 7826 296
3090 9 2 0 9 354 2294 870 7269 4298 6896
3091 9 2 0 9 15 2535 856 7827 3443 6642
3092 9 2 0 9 1175 1177 1176 7828 6849 6827
3093 9 2 0 9 1643 1644 1645 6920 6903 7829
3094 9 2 0 9 1712 2009 1806 7830 7615 7831
3095 9 2 0 9 1520 1615 1900 7832 7833 7834
3096 9 2 0 9 1194 2875 2503 6502 7835 6068
3097 9 2 0 9 1274 2174 2460 7002 3527 7836
3098 9 2 0 9 1374 1623 1376 7837 7838 7839
3099 9 2 0 9 1424 2153 2268 6961 5016 6956
3100 9 2 0 9 1160 1163 1162 7840 6604 5366
3101 9 2 0 9 941 942 943 6856 6882 7841
3102 9 2 0 9 1457 1638 1458 7842 6946 6958
3103 9 2 0 9 1784 1785 1786 7843 7844 6151
3104 9 2 0 9 2062 2767 2063 7642 3333 6168
3105 9 2 0 9 1278 1279 1280 7845 7846 6470
3106 9 2 0 9 1537 2316 2132 7476 4640 6913
3107 9 2 0 9 1439 1440 1580 5854 6111 7847
3108 9 2 0 9 784 2164 2917 7848 7849 7850
3109 9 2 0 9 1157 1159 1158 7851 6473 6354
3110 9 2 0 9 1121 1132 1133 6971 6820 7852
3111 9 2 0 9 1507 1509 1512 7220 7853 7854
3112 9 2 0 9 1092 1094 1093 6738 7855 7856
3113 9 2 0 9 1498 1759 1824 7629 7857 7858
3114 9 2 0 9 545 2825 2196 7859 3752 6202
3115 9 2 0 9 1914 1947 2679 5463 4955 4587
3116 9 2 0 9 1496 1498 1497 7630 7582 7637
3117 9 2 0 9 1058 1087 1145 7860 7861 7862
3118 9 2 0 9 1616 2548 2227 6552 6180 5270
3119 9 2 0 9 1511 1572 1573 7241 7741 7863
3120 9 2 0 9 1836 2414 2182 7864 5100 6944
3121 9 2 0 9 566 567 2821 616 3889 7865
3122 9 2 0 9 253 2220 849 7705 7866 7595
3123 9 2 0 9 345 346 2534 434 7065 7867
3124 9 2 0 9 1145 1146 1755 7868 7869 6480
3125 9 2 0 9 1263 1270 1271 7870 7871 6441
3126 9 2 0 9 94 830 2526 6532 6012 7872
3127 9 2 0 9 2075 2705 2285 7873 7874 4047
3128 9 2 0 9 1076 1090 1089 6681 7875 7876
3129 9 2 0 9 1532 2853 2091 7877 7878 3325
3130 9 2 0 9 1259 1260 1261 7879 7880 6453
3131 9 2 0 9 1386 1579 1387 7881 7882 7625
3132 9 2 0 9 1866 1869 2458 6880 7883 7884
3133 9 2 0 9 663 2425 2331 6170 6115 6796
3134 9 2 0 9 1701 2736 2029 3110 5350 4138
3135 9 2 0 9 884 2706 2142 7885 4701 3780
3136 9 2 0 9 834 2041 2825 5093 3753 7886
3137 9 2 0 9 1381 1384 1383 7887 7675 7060
3138 9 2 0 9 967 2568 2056 7888 4154 7889
3139 9 2 0 9 989 2483 1078 7775 6024 5347
3140 9 2 0 9 1779 1780 1735 7890 6477 7891
3141 9 2 0 9 1324 1568 1342 7892 7893 7894
3142 9 2 0 9 1047 2036 2362 7164 4224 7799
3143 9 2 0 9 197 847 2221 7598 7895 6858
3144 9 2 0 9 1895 2675 2642 7896 7897 6362
3145 9 2 0 9 1617 1727 1699 7898 7899 7900
3146 9 2 0 9 47 798 2320 7170 7901 7256
3147 9 2 0 9 1641 1958 1642 7902 7903 7904
3148 9 2 0 9 1087 1617 1146 7905 7906 7907
3149 9 2 0 9 1608 2515 1609 7908 7909 7250
3150 9 2 0 9 1163 1165 1164 7910 6918 6605
3151 9 2 0 9 226 2360 227 7911 7912 304
3152 9 2 0 9 1524 1883 2364 7160 3161 7807
3153 9 2 0 9 685 859 2708 6309 5724 7913
3154 9 2 0 9 1573 1574 2373 7740 7914 7915
3155 9 2 0 9 1568 2204 1569 7916 3022 7917
3156 9 2 0 9 48 2322 798 7296 7918 7169
3157 9 2 0 9 408 409 2576 497 7919 4675
3158 9 2 0 9 1384 1386 1385 7725 7624 7676
3159 9 2 0 9 1717 1718 1719 7920 7921 6492
3160 9 2 0 9 1416 1417 1116 7743 7922 7234
3161 9 2 0 9 532 2662 889 7923 5994 6399
3162 9 2 0 9 1971 2637 1972 7924 7925 4054
3163 9 2 0 9 1282 1641 1369 7926 7927 7928
3164 9 2 0 9 667 820 2453 6106 6314 6804
3165 9 2 0 9 1361 1586 1587 7929 7930 7931
3166 9 2 0 9 2185 2261 2186 6911 4362 7748
3167 9 2 0 9 1127 1595 1654 7932 7933 7934
3168 9 2 0 9 2154 2525 2745 7783 4941 7935
3169 9 2 0 9 1566 2391 2034 7936 7937 7351
3170 9 2 0 9 1970 1972 2927 4055 7938 7939
3171 9 2 0 9 17 843 2420 6733 7940 7218
3172 9 2 0 9 40 41 2546 129 7941 7942
3173 9 2 0 9 1327 1374 1373 7943 7690 7058
3174 9 2 0 9 386 875 2327 7215 3015 7386
3175 9 2 0 9 1057 1059 1058 6697 7944 7945
3176 9 2 0 9 1223 2183 2469 7096 3571 7946
3177 9 2 0 9 763 2243 2222 7947 7948 7398
3178 9 2 0 9 1307 1427 1338 7949 7950 7951
3179 9 2 0 9 1221 1248 1249 7952 7953 6478
3180 9 2 0 9 1110 2368 1143 7056 7954 6033
3181 9 2 0 9 200 2241 850 7079 7955 7956
3182 9 2 0 9 50 795 2321 7197 7957 7303
3183 9 2 0 9 1053 1055 1054 6720 7958 7959
3184 9 2 0 9 1637 1709 1725 7960 7961 3293
3185 9 2 0 9 51 2323 795 7323 7962 7196
3186 9 2 0 9 13 2598 869 7963 7025 6583
3187 9 2 0 9 911 912 913 6275 6429 7964
3188 9 2 0 9 33 2475 819 7965 7966 6978
3189 9 2 0 9 1519 1664 1693 7967 7968 7194
3190 9 2 0 9 1785 2107 2106 7969 5586 7970
3191 9 2 0 9 1506 2039 1613 7971 7692 7678
3192 9 2 0 9 1026 1027 1062 7029 7004 7972
3193 9 2 0 9 835 2374 2256 7973 7974 7444
3194 9 2 0 9 1378 1543 1379 7810 7975 7668
3195 9 2 0 9 1553 2391 1563 7976 7977 7122
3196 9 2 0 9 384 790 2330 7233 5204 7403
3197 9 2 0 9 1370 2372 1635 7223 7978 6247
3198 9 2 0 9 427 2431 868 7635 7979 6582
3199 9 2 0 9 52 874 2323 7213 7980 7322
3200 9 2 0 9 1625 2384 1628 7981 7982 7558
3201 9 2 0 9 1217 1218 1219 7983 7984 6482
3202 9 2 0 9 49 2321 2322 7304 7985 7295
3203 9 2 0 9 1376 1378 1377 7986 7667 7688
3204 9 2 0 9 53 2325 874 7336 7987 7212
3205 9 2 0 9 867 2917 2164 7988 7849 3560
3206 9 2 0 9 347 785 2575 6556 7989 7990
3207 9 2 0 9 1417 1418 1506 7742 7739 7677
3208 9 2 0 9 996 1023 1517 7991 7992 7993
3209 9 2 0 9 1096 1104 1107 7222 7818 7994
3210 9 2 0 9 981 1000 1024 7995 7996 7997
3211 9 2 0 9 1624 2384 1625 7998 7981 7524
3212 9 2 0 9 1126 1487 2442 7385 7999 8000
3213 9 2 0 9 1013 2495 1051 3995 7131 4334
3214 9 2 0 9 1427 1774 1448 6788 8001 8002
3215 9 2 0 9 395 2317 802 7326 8003 7150
3216 9 2 0 9 1021 1029 1028 6691 8004 8005
3217 9 2 0 9 1123 2495 1480 7132 8006 8007
3218 9 2 0 9 1024 1025 1039 8008 8009 4650
3219 9 2 0 9 252 752 2220 7752 8010 7704
3220 9 2 0 9 1090 1092 1093 7261 7856 8011
3221 9 2 0 9 54 791 2325 7231 8012 7335
3222 9 2 0 9 1144 1700 1837 8013 3283 8014
3223 9 2 0 9 913 914 915 6428 6520 8015
3224 9 2 0 9 1402 1750 2352 7090 3345 7782
3225 9 2 0 9 1215 2654 1951 8016 8017 4710
3226 9 2 0 9 1392 1476 1953 8018 8019 8020
3227 9 2 0 9 933 934 935 7091 7031 8021
3228 9 2 0 9 55 2328 791 7349 8022 7230
3229 9 2 0 9 1310 1322 1321 8023 7754 7070
3230 9 2 0 9 65 66 2482 154 8024 8025
3231 9 2 0 9 1374 1376 1375 7839 7687 7691
3232 9 2 0 9 1039 1111 1128 8026 8027 6374
3233 9 2 0 9 1136 1614 1652 8028 8029 8030
3234 9 2 0 9 1338 1773 2424 7789 8031 8032
3235 9 2 0 9 1041 1120 2091 8033 8034 8035
3236 9 2 0 9 1559 1561 1560 5154 8036 8037
3237 9 2 0 9 1580 1581 2216 6110 7727 4348
3238 9 2 0 9 1304 1307 1306 8038 7772 7086
3239 9 2 0 9 1139 2358 2359 3144 3757 8039
3240 9 2 0 9 56 876 2328 7245 8040 7348
3241 9 2 0 9 1117 1691 1620 8041 8042 7745
3242 9 2 0 9 1210 1211 1212 8043 8044 6490
3243 9 2 0 9 1662 2579 1905 4700 8045 4637
3244 9 2 0 9 1009 1006 1010 8046 6688 8047
3245 9 2 0 9 1543 1712 1806 7809 7831 8048
3246 9 2 0 9 1456 1329 2460 7010 8049 8050
3247 9 2 0 9 57 2333 876 7363 6998 7244
3248 9 2 0 9 915 916 917 6519 6740 8051
3249 9 2 0 9 1657 2356 2585 6711 8052 4687
3250 9 2 0 9 794 2115 2804 3776 7729 8053
3251 9 2 0 9 1324 1342 1325 7894 8054 7722
3252 9 2 0 9 1077 1079 2371 5873 8055 8056
3253 9 2 0 9 1268 1292 2419 8057 8058 8059
3254 9 2 0 9 1292 1328 1392 8060 8061 8062
3255 9 2 0 9 405 2273 2501 7006 5708 8063
3256 9 2 0 9 1366 1428 1367 6304 8064 8065
3257 9 2 0 9 1410 1862 1588 8066 8067 8068
3258 9 2 0 9 808 2781 2512 8069 4553 2987
3259 9 2 0 9 1428 1797 1429 7796 8070 8071
3260 9 2 0 9 1553 1689 2391 7714 8072 7976
3261 9 2 0 9 1354 1368 1356 8073 8074 8075
3262 9 2 0 9 1688 1710 1709 8076 8077 8078
3263 9 2 0 9 1248 1299 1298 8079 8080 8081
3264 9 2 0 9 931 932 933 7138 7092 8082
3265 9 2 0 9 58 787 2333 7264 8083 7362
3266 9 2 0 9 967 2056 2613 7889 8084 4508
3267 9 2 0 9 682 2233 2790 6286 4427 8085
3268 9 2 0 9 2047 2048 2557 4998 8086 8087
3269 9 2 0 9 1195 1366 1275 8088 8089 8090
3270 9 2 0 9 59 2334 787 7397 8091 7263
3271 9 2 0 9 1061 1076 1089 7271 7876 8092
3272 9 2 0 9 835 2292 2374 7646 8093 7973
3273 9 2 0 9 1107 1108 1117 7817 8094 7744
3274 9 2 0 9 33 34 2475 122 8095 7965
3275 9 2 0 9 995 997 996 6709 8096 8097
3276 9 2 0 9 1281 2489 2582 8098 8099 3531
3277 9 2 0 9 769 2785 1995 8100 7716 3370
3278 9 2 0 9 1280 1303 1287 8101 7790 7106
3279 9 2 0 9 378 879 2336 7291 8102 7431
3280 9 2 0 9 1921 1932 1933 7021 8103 7734
3281 9 2 0 9 2215 2769 2418 8104 8105 8106
3282 9 2 0 9 1624 2035 2384 7590 3986 7998
3283 9 2 0 9 1165 1167 1166 8107 7061 6919
3284 9 2 0 9 1169 1171 1170 8108 7073 7115
3285 9 2 0 9 385 2327 790 7387 8109 7232
3286 9 2 0 9 1299 1403 1361 6650 8110 8111
3287 9 2 0 9 60 878 2334 7289 8112 7396
3288 9 2 0 9 1636 1688 1637 8113 8114 8115
3289 9 2 0 9 1926 1927 2798 4226 5764 7071
3290 9 2 0 9 1167 1169 1168 8116 7114 7062
3291 9 2 0 9 1201 1825 1273 8117 8118 8119
3292 9 2 0 9 1782 1785 1784 8120 7843 7109
3293 9 2 0 9 2068 2395 2554 5828 8121 8122
3294 9 2 0 9 1206 1207 1208 8123 8124 6561
3295 9 2 0 9 61 2335 878 7414 8125 7288
3296 9 2 0 9 1268 1211 1276 8126 8127 8128
3297 9 2 0 9 1476 1955 1954 8129 6668 8130
3298 9 2 0 9 551 552 2698 601 8131 6409
3299 9 2 0 9 376 773 2340 7315 6465 7433
3300 9 2 0 9 383 2330 877 7404 8132 7246
3301 9 2 0 9 1961 1962 2936 4844 8133 6726
3302 9 2 0 9 1077 2371 2223 8056 4166 7374
3303 9 2 0 9 1271 1279 1278 8134 7845 7146
3304 9 2 0 9 1322 1324 1323 8135 7721 7755
3305 9 2 0 9 546 834 2825 6189 7886 8136
3306 9 2 0 9 1403 1772 1586 8137 8138 8139
3307 9 2 0 9 1431 1760 1433 8140 8141 8142
3308 9 2 0 9 1023 1636 1518 8143 8144 8145
3309 9 2 0 9 2193 2196 2569 5116 3691 4083
3310 9 2 0 9 1615 2084 1900 8146 8147 7833
3311 9 2 0 9 1855 1992 2836 3139 8148 8149
3312 9 2 0 9 990 1097 992 7044 8150 6074
3313 9 2 0 9 1276 1319 1292 6538 8151 8152
3314 9 2 0 9 1200 1201 1202 8153 8154 6587
3315 9 2 0 9 665 2468 816 7221 8155 6054
3316 9 2 0 9 841 2732 2207 6764 4156 6041
3317 9 2 0 9 359 360 2487 448 8156 8157
3318 9 2 0 9 1093 1094 1421 7855 8158 7802
3319 9 2 0 9 62 770 2335 7313 3343 7413
3320 9 2 0 9 1421 1615 1520 8159 7832 7800
3321 9 2 0 9 1342 1568 1569 7893 7917 8160
3322 9 2 0 9 684 2708 860 8161 3745 6308
3323 9 2 0 9 1658 2618 2031 8162 4570 4112
3324 9 2 0 9 34 2305 2475 7124 5838 8095
3325 9 2 0 9 1354 2625 1368 8163 8164 8073
3326 9 2 0 9 1752 1803 1753 5028 8165 8166
3327 9 2 0 9 1745 1993 2593 5069 3822 8167
3328 9 2 0 9 1454 1969 1711 8168 3683 8169
3329 9 2 0 9 1677 1679 1678 6687 8170 8171
3330 9 2 0 9 63 2339 770 7427 8172 7312
3331 9 2 0 9 871 2279 2458 7205 4522 8173
3332 9 2 0 9 249 848 250 8174 8175 327
3333 9 2 0 9 200 850 201 7956 8176 278
3334 9 2 0 9 928 930 931 6109 7139 8177
3335 9 2 0 9 833 2215 2743 5386 8178 8179
3336 9 2 0 9 980 982 981 6718 8180 8181
3337 9 2 0 9 1574 1577 2373 7812 3364 7914
3338 9 2 0 9 1307 1338 1308 7951 8182 7773
3339 9 2 0 9 1667 1711 2280 8183 3399 8184
3340 9 2 0 9 374 881 2341 7333 8185 7447
3341 9 2 0 9 1112 1425 1144 6665 8186 8187
3342 9 2 0 9 1295 2469 1347 8188 8189 7089
3343 9 2 0 9 1177 2398 1178 8190 8191 6850
3344 9 2 0 9 1635 2372 2029 7978 4139 7407
3345 9 2 0 9 1739 2673 1740 5452 3816 7580
3346 9 2 0 9 1743 1744 1745 6031 6323 8192
3347 9 2 0 9 1143 2368 1488 7954 2998 7282
3348 9 2 0 9 64 880 2339 7331 8193 7426
3349 9 2 0 9 1409 1410 1411 8194 8195 6596
3350 9 2 0 9 1055 1057 1058 7350 7945 8196
3351 9 2 0 9 1395 1761 1460 8197 8198 8199
3352 9 2 0 9 924 2537 926 8200 3814 7438
3353 9 2 0 9 1319 1493 1328 8201 8202 8203
3354 9 2 0 9 796 2700 2165 8204 5814 6996
3355 9 2 0 9 1017 1048 1044 8205 7187 5819
3356 9 2 0 9 1673 1675 1674 6722 8206 8207
3357 9 2 0 9 1033 1053 1054 7334 7959 8208
3358 9 2 0 9 1719 1779 1735 8209 7891 7174
3359 9 2 0 9 1836 1884 1885 7421 8210 8211
3360 9 2 0 9 917 918 919 6739 6877 8212
3361 9 2 0 9 377 2336 773 7432 8213 7314
3362 9 2 0 9 402 403 2676 491 8214 6430
3363 9 2 0 9 1089 1090 2378 7875 8215 8216
3364 9 2 0 9 404 2501 815 8217 8218 7040
3365 9 2 0 9 1551 1562 2682 6694 3341 8219
3366 9 2 0 9 1890 2613 2891 3209 8220 8221
3367 9 2 0 9 1261 1270 1263 8222 7870 7161
3368 9 2 0 9 1029 1031 1035 7392 8223 8224
3369 9 2 0 9 375 2340 881 7434 8225 7332
3370 9 2 0 9 2215 2418 2743 8106 8226 8178
3371 9 2 0 9 1434 1454 1667 8227 8228 7785
3372 9 2 0 9 1119 1530 1531 8229 8230 8231
3373 9 2 0 9 372 772 2342 7342 8232 7462
3374 9 2 0 9 763 2186 2243 7749 4330 7947
3375 9 2 0 9 1251 1260 1259 8233 7879 7177
3376 9 2 0 9 1919 2592 2840 8234 8235 8236
3377 9 2 0 9 1025 1112 1111 6628 8237 8238
3378 9 2 0 9 1303 2377 1304 3224 8239 7791
3379 9 2 0 9 857 2645 2925 8240 7707 8241
3380 9 2 0 9 1622 1718 1717 8242 7920 7167
3381 9 2 0 9 393 394 2679 482 8243 4954
3382 9 2 0 9 1238 2451 1243 8244 8245 7520
3383 9 2 0 9 1406 1407 1363 8246 6674 8247
3384 9 2 0 9 846 2784 2167 8248 8249 7310
3385 9 2 0 9 199 753 2241 7750 8250 7078
3386 9 2 0 9 1291 1829 2762 4814 3623 8251
3387 9 2 0 9 373 2341 772 7448 3589 7341
3388 9 2 0 9 2442 1738 2522 8252 8253 8254
3389 9 2 0 9 1087 1146 1145 7907 7868 7861
3390 9 2 0 9 5 519 2844 522 8255 8256
3391 9 2 0 9 344 831 2650 6530 8257 8258
3392 9 2 0 9 1387 2400 1389 8259 8260 7023
3393 9 2 0 9 1563 2391 1566 7977 7936 7633
3394 9 2 0 9 428 2219 2431 7768 4555 7634
3395 9 2 0 9 919 920 921 6876 6967 8261
3396 9 2 0 9 657 806 2500 5963 4237 6904
3397 9 2 0 9 1269 1792 1791 8262 8263 8264
3398 9 2 0 9 976 978 977 6790 8265 8266
3399 9 2 0 9 1856 2881 2367 8267 8268 5169
3400 9 2 0 9 370 883 2345 7357 8269 7469
3401 9 2 0 9 1253 1290 1312 6020 7465 8270
3402 9 2 0 9 69 2344 882 7468 3065 7354
3403 9 2 0 9 14 856 2598 6643 8271 8272
3404 9 2 0 9 1536 1669 1668 6781 8273 8274
3405 9 2 0 9 1393 1733 2505 5290 3568 8275
3406 9 2 0 9 371 2342 883 7463 5466 7356
3407 9 2 0 9 1146 1617 1699 7906 7900 8276
3408 9 2 0 9 1012 1021 1028 7337 8005 8277
3409 9 2 0 9 2150 2266 2694 6702 8278 8279
3410 9 2 0 9 754 2287 2286 8280 3693 7824
3411 9 2 0 9 689 690 2471 739 7019 7104
3412 9 2 0 9 404 405 2501 493 8063 8217
3413 9 2 0 9 1967 1968 2511 5807 7168 8281
3414 9 2 0 9 70 768 2344 7366 8282 7467
3415 9 2 0 9 1703 2613 2056 8283 8084 4944
3416 9 2 0 9 369 2345 771 7470 8284 7367
3417 9 2 0 9 71 2347 768 7478 4385 7365
3418 9 2 0 9 1274 2460 1329 7836 8049 5738
3419 9 2 0 9 1079 1471 2371 7338 3034 8055
3420 9 2 0 9 1792 1794 1793 6001 8285 8286
3421 9 2 0 9 1058 1059 1087 7944 8287 7860
3422 9 2 0 9 1794 1902 2519 6000 4919 8288
3423 9 2 0 9 362 885 2346 7383 8289 7480
3424 9 2 0 9 1338 1427 1448 7950 8002 7787
3425 9 2 0 9 1448 1774 1776 8001 8290 8291
3426 9 2 0 9 1785 2106 1786 7970 3892 7844
3427 9 2 0 9 361 2346 764 7481 3042 7371
3428 9 2 0 9 1432 1433 1434 8292 8293 6565
3429 9 2 0 9 366 887 2350 7379 8294 7488
3430 9 2 0 9 798 2429 2320 8295 4443 7901
3431 9 2 0 9 1804 2907 2055 8296 8297 5376
3432 9 2 0 9 795 2323 2324 7962 8298 8299
3433 9 2 0 9 72 886 2347 7377 8300 7477
3434 9 2 0 9 1219 1248 1221 8301 7952 7227
3435 9 2 0 9 766 2083 2819 3303 8302 8303
3436 9 2 0 9 364 767 2348 7391 8304 7490
3437 9 2 0 9 363 2348 885 7491 8305 7382
3438 9 2 0 9 1456 1809 1807 8306 8307 7201
3439 9 2 0 9 365 2350 767 7489 8308 7390
3440 9 2 0 9 1430 1431 1432 8309 8310 8311
3441 9 2 0 9 1192 1195 1196 8312 8313 6705
3442 9 2 0 9 1499 2406 1502 8314 6368 7747
3443 9 2 0 9 1063 1066 2455 7644 8315 8316
3444 9 2 0 9 521 2838 2150 8317 6700 6103
3445 9 2 0 9 1498 2406 1499 8318 8314 7583
3446 9 2 0 9 1367 1429 1430 8319 8320 8321
3447 9 2 0 9 1106 2394 2563 8322 3431 8323
3448 9 2 0 9 874 2325 2326 7987 8324 8325
3449 9 2 0 9 9 745 2829 748 8326 8327
3450 9 2 0 9 1933 1936 1935 8328 8329 8330
3451 9 2 0 9 1172 2461 1175 8331 8332 7811
3452 9 2 0 9 999 1006 1009 7425 8046 8333
3453 9 2 0 9 1130 1664 1519 8334 7967 7075
3454 9 2 0 9 1054 1055 2390 7958 8335 4108
3455 9 2 0 9 1049 1101 1100 8336 8337 6003
3456 9 2 0 9 1866 1867 1868 8338 8339 6878
3457 9 2 0 9 1214 1218 1217 8340 7983 7242
3458 9 2 0 9 1779 2402 1780 8341 8342 7890
3459 9 2 0 9 1496 2400 1759 8343 4599 7628
3460 9 2 0 9 1687 1764 2477 7526 7249 8344
3461 9 2 0 9 1379 2407 1381 8345 8346 7037
3462 9 2 0 9 2293 2449 2296 8347 8348 6451
3463 9 2 0 9 420 2250 2630 6766 7050 8349
3464 9 2 0 9 202 757 203 8350 8351 280
3465 9 2 0 9 247 756 248 8352 8353 325
3466 9 2 0 9 1223 2469 1295 7946 8188 5759
3467 9 2 0 9 681 2790 841 8354 6629 6277
3468 9 2 0 9 986 995 996 7437 8097 8355
3469 9 2 0 9 791 2328 2329 8022 8356 8357
3470 9 2 0 9 1609 2515 2245 7909 8358 6076
3471 9 2 0 9 1260 2386 1261 8359 8360 7880
3472 9 2 0 9 1387 1579 2400 7882 4560 8259
3473 9 2 0 9 1741 1938 2713 4287 8361 6284
3474 9 2 0 9 1681 1683 1891 7408 3242 8362
3475 9 2 0 9 1257 1282 1283 8363 8364 6866
3476 9 2 0 9 424 857 2656 6641 8365 8366
3477 9 2 0 9 1228 1246 2740 5969 4461 8367
3478 9 2 0 9 1568 2787 2204 8368 5948 7916
3479 9 2 0 9 957 960 959 6845 8369 8370
3480 9 2 0 9 519 897 2844 5606 7423 8255
3481 9 2 0 9 1347 1583 1446 8371 8372 7294
3482 9 2 0 9 1125 1126 2442 6749 8000 8373
3483 9 2 0 9 1718 2388 1719 8374 8375 7921
3484 9 2 0 9 1900 2698 2820 8376 8377 8378
3485 9 2 0 9 1509 1511 2408 7209 8379 8380
3486 9 2 0 9 38 812 2508 7081 8381 8382
3487 9 2 0 9 925 926 927 7439 7346 8383
3488 9 2 0 9 1798 2284 2656 5274 8384 8385
3489 9 2 0 9 1925 2847 1985 4536 4664 8386
3490 9 2 0 9 1451 2715 2197 8387 7405 3721
3491 9 2 0 9 1125 1594 1127 8388 8389 8390
3492 9 2 0 9 1933 1935 1934 8330 4243 7735
3493 9 2 0 9 922 924 925 5978 7440 8391
3494 9 2 0 9 1087 2423 1617 8392 8393 7905
3495 9 2 0 9 1882 2774 1883 3471 8394 7159
3496 9 2 0 9 1094 1096 2412 7240 8395 8396
3497 9 2 0 9 1417 1613 2413 7679 8397 8398
3498 9 2 0 9 1847 1848 1849 8399 8400 5286
3499 9 2 0 9 1675 1677 1678 7471 8171 8401
3500 9 2 0 9 1108 1116 2413 7274 8402 8403
3501 9 2 0 9 1851 1852 1855 8404 8405 5212
3502 9 2 0 9 1594 1843 1595 8406 8407 8408
3503 9 2 0 9 879 2337 2336 8409 8410 8102
3504 9 2 0 9 1369 1642 1648 8411 8412 8413
3505 9 2 0 9 1630 2543 1631 8414 8415 7474
3506 9 2 0 9 1423 1413 1513 7316 8416 8417
3507 9 2 0 9 6 2838 521 8418 8317 525
3508 9 2 0 9 1248 1298 1249 8081 8419 7953
3509 9 2 0 9 1734 2810 2326 8420 8421 4790
3510 9 2 0 9 1208 1211 1210 8422 8043 7343
3511 9 2 0 9 979 2365 2670 6616 8423 3955
3512 9 2 0 9 814 2200 2709 3915 5592 8424
3513 9 2 0 9 1292 1392 2419 8062 8425 8058
3514 9 2 0 9 1713 2535 2420 3923 7574 8426
3515 9 2 0 9 1671 1673 1674 7484 8207 8427
3516 9 2 0 9 1093 1520 2378 7801 8428 8429
3517 9 2 0 9 765 2734 2145 8430 5055 4581
3518 9 2 0 9 1204 1207 1206 8431 8123 7347
3519 9 2 0 9 1361 1587 2436 7931 4467 8432
3520 9 2 0 9 65 2482 880 8025 8433 7330
3521 9 2 0 9 978 980 981 7528 8181 8434
3522 9 2 0 9 557 2692 2381 8435 3141 7670
3523 9 2 0 9 2138 2139 2689 4744 4906 8436
3524 9 2 0 9 1491 1770 2835 4983 3869 5921
3525 9 2 0 9 1712 2604 2009 8437 6182 7830
3526 9 2 0 9 1475 1536 1668 7532 8274 8438
3527 9 2 0 9 534 858 2776 6310 3800 8439
3528 9 2 0 9 1659 2868 1991 8440 5148 2955
3529 9 2 0 9 1198 1201 1200 8441 8153 7445
3530 9 2 0 9 1010 1034 1009 8442 8443 8047
3531 9 2 0 9 1298 1361 2436 8444 8432 8445
3532 9 2 0 9 979 2417 980 3957 7279 7527
3533 9 2 0 9 1589 1596 2353 7732 8446 7720
3534 9 2 0 9 400 813 2528 7083 8447 8448
3535 9 2 0 9 1357 1395 1396 8449 8450 8451
3536 9 2 0 9 1218 2389 1219 8452 8453 7984
3537 9 2 0 9 817 2831 2218 8454 8455 5010
3538 9 2 0 9 969 976 977 7546 8266 8456
3539 9 2 0 9 1407 1410 1409 8457 8194 7460
3540 9 2 0 9 243 758 244 8458 8459 321
3541 9 2 0 9 206 759 207 8460 8461 284
3542 9 2 0 9 812 2063 2508 6169 4208 8381
3543 9 2 0 9 1257 1284 2725 6868 3585 8462
3544 9 2 0 9 1637 1688 1709 8114 8078 7960
3545 9 2 0 9 829 2296 2449 7719 8348 8463
3546 9 2 0 9 1023 1518 1517 8145 8464 7992
3547 9 2 0 9 888 2938 2543 8465 8466 6206
3548 9 2 0 9 1461 1666 1879 8467 8468 8469
3549 9 2 0 9 1333 1406 1363 8470 8247 7498
3550 9 2 0 9 1268 2419 2447 8059 8471 8472
3551 9 2 0 9 1692 2607 2132 5059 8473 4639
3552 9 2 0 9 18 2658 843 8474 3455 6732
3553 9 2 0 9 1476 1954 1953 8130 3736 8019
3554 9 2 0 9 1298 1299 1361 8080 8111 8444
3555 9 2 0 9 786 2242 2746 3659 5282 8475
3556 9 2 0 9 1731 1867 1866 8476 8338 7661
3557 9 2 0 9 1487 1737 1738 7599 8477 8478
3558 9 2 0 9 1345 1352 1441 6072 7514 8479
3559 9 2 0 9 42 43 2737 131 4524 8480
3560 9 2 0 9 1403 1586 1361 8139 7929 8110
3561 9 2 0 9 1135 1137 1136 6887 8481 8482
3562 9 2 0 9 1000 2457 2369 8483 8484 6123
3563 9 2 0 9 1313 1318 1344 6045 7593 8485
3564 9 2 0 9 246 2282 247 8486 8487 324
3565 9 2 0 9 825 2474 2300 8488 4167 7466
3566 9 2 0 9 203 2297 204 8489 8490 281
3567 9 2 0 9 249 2281 848 7154 8491 8174
3568 9 2 0 9 1396 1460 1461 8492 8493 8494
3569 9 2 0 9 1694 2514 1695 8495 6795 5979
3570 9 2 0 9 1868 2033 1870 8496 8497 7659
3571 9 2 0 9 1237 2451 1238 6760 8244 6832
3572 9 2 0 9 359 2487 873 8157 6159 7252
3573 9 2 0 9 1518 1636 1637 8144 8115 3227
3574 9 2 0 9 1586 1772 1874 8138 5618 8498
3575 9 2 0 9 1379 1543 2407 7975 8499 8345
3576 9 2 0 9 1160 2489 1163 8500 8501 7840
3577 9 2 0 9 1090 1093 2378 8011 8429 8215
3578 9 2 0 9 1979 1980 2871 5782 8502 5459
3579 9 2 0 9 1697 1713 2773 6863 8503 8504
3580 9 2 0 9 1384 2407 1724 8505 8506 7723
3581 9 2 0 9 1107 1620 2412 7746 8507 8508
3582 9 2 0 9 423 2656 2284 8509 8384 7013
3583 9 2 0 9 66 769 2482 7340 4773 8024
3584 9 2 0 9 1745 1746 1992 6322 8510 5068
3585 9 2 0 9 1008 1015 2497 6209 8511 7200
3586 9 2 0 9 1988 2586 2677 3989 8512 6230
3587 9 2 0 9 1000 1025 1024 6125 8008 7996
3588 9 2 0 9 1328 1476 1392 8513 8018 8061
3589 9 2 0 9 927 928 2465 7345 8514 8515
3590 9 2 0 9 1355 1356 1357 8516 8517 6800
3591 9 2 0 9 37 38 2508 126 8382 7819
3592 9 2 0 9 1192 1197 2509 6707 5881 7587
3593 9 2 0 9 1304 2377 1307 8239 8518 8038
3594 9 2 0 9 360 764 2487 7372 8519 8156
3595 9 2 0 9 996 997 1023 8096 8520 7991
3596 9 2 0 9 1268 1276 1292 8128 8152 8057
3597 9 2 0 9 1912 2138 2689 3289 8436 8521
3598 9 2 0 9 1325 2422 1327 8522 8523 7036
3599 9 2 0 9 1211 1268 1212 8126 8524 8044
3600 9 2 0 9 2028 2399 2288 6107 3078 5860
3601 9 2 0 9 1507 1512 2426 7854 7034 8525
3602 9 2 0 9 1691 2733 2230 8526 8527 3695
3603 9 2 0 9 1425 1700 1144 3941 8013 8186
3604 9 2 0 9 1693 1886 2405 8528 3165 8529
3605 9 2 0 9 1386 1724 2418 7724 8530 8531
3606 9 2 0 9 1435 2427 1971 5378 8532 4445
3607 9 2 0 9 960 962 967 7610 8533 8534
3608 9 2 0 9 1243 1282 1257 8535 8363 7709
3609 9 2 0 9 1025 1111 1039 8238 8026 8009
3610 9 2 0 9 1062 1063 2455 7003 8316 8536
3611 9 2 0 9 1059 1061 2423 7267 8537 8538
3612 9 2 0 9 1285 1364 1301 8539 8540 7577
3613 9 2 0 9 239 775 240 8541 8542 317
3614 9 2 0 9 210 774 211 8543 8544 288
3615 9 2 0 9 1369 1641 1642 7927 7904 8411
3616 9 2 0 9 1678 1679 1757 8170 8545 8546
3617 9 2 0 9 1664 1886 1693 8547 8528 7968
3618 9 2 0 9 245 851 246 8548 8549 323
3619 9 2 0 9 204 853 205 8550 8551 282
3620 9 2 0 9 1389 2400 1496 8260 8343 7816
3621 9 2 0 9 981 982 1000 8180 8552 7995
3622 9 2 0 9 1070 1125 1127 7697 8390 8553
3623 9 2 0 9 1190 1195 1192 8554 8312 7550
3624 9 2 0 9 1612 2718 2235 8555 4320 3975
3625 9 2 0 9 1292 1319 1328 8151 8203 8060
3626 9 2 0 9 1127 1654 2486 7934 8556 8557
3627 9 2 0 9 1588 1862 1863 8067 8558 8559
3628 9 2 0 9 1498 1824 2406 7858 8560 8318
3629 9 2 0 9 952 957 959 7669 8370 8561
3630 9 2 0 9 1728 2764 1770 8562 8563 4982
3631 9 2 0 9 947 950 1038 7680 8564 8565
3632 9 2 0 9 382 877 2524 7247 8566 8567
3633 9 2 0 9 1058 1145 2390 7862 6288 8568
3634 9 2 0 9 845 2805 2166 7658 3977 7243
3635 9 2 0 9 1207 2397 1208 8569 8570 8124
3636 9 2 0 9 1111 1112 1144 8237 8187 8571
3637 9 2 0 9 207 2303 208 8572 8573 285
3638 9 2 0 9 1393 2505 2541 8275 6327 8574
3639 9 2 0 9 1308 2424 1310 8575 8576 7084
3640 9 2 0 9 1796 1925 1985 8577 8386 6593
3641 9 2 0 9 1685 1687 2477 7275 8344 8578
3642 9 2 0 9 885 2348 2349 8305 8579 8580
3643 9 2 0 9 1325 1342 2422 8054 8581 8522
3644 9 2 0 9 1808 2934 2665 8582 8583 6421
3645 9 2 0 9 1871 1872 2641 7605 4749 6523
3646 9 2 0 9 202 2267 757 7229 8584 8350
3647 9 2 0 9 1506 1507 2426 7738 8525 8585
3648 9 2 0 9 1642 1958 1959 7903 3298 8586
3649 9 2 0 9 1108 2413 1117 8403 8587 8094
3650 9 2 0 9 1668 1669 1952 8273 8588 8589
3651 9 2 0 9 1919 1921 2592 7260 8590 8234
3652 9 2 0 9 1066 1068 1397 7813 8591 8592
3653 9 2 0 9 1456 2460 1809 8050 3906 8306
3654 9 2 0 9 1042 1121 1120 6972 8593 8594
3655 9 2 0 9 977 978 2403 8265 8595 3190
3656 9 2 0 9 1444 1528 1540 5836 7573 8596
3657 9 2 0 9 240 2466 241 8597 8598 318
3658 9 2 0 9 1353 1354 1355 8599 8600 6873
3659 9 2 0 9 1171 2461 1172 8601 8331 7074
3660 9 2 0 9 1201 1273 1202 8119 8602 8154
3661 9 2 0 9 1700 2032 2890 3940 8603 8604
3662 9 2 0 9 2459 2549 2338 8605 8606 6163
3663 9 2 0 9 1454 1711 1667 8169 8183 8228
3664 9 2 0 9 1410 1588 1411 8068 8607 8195
3665 9 2 0 9 2442 2522 1594 8254 8608 8609
3666 9 2 0 9 1861 2601 2343 3951 8610 7285
3667 9 2 0 9 40 2546 2726 7942 8611 8612
3668 9 2 0 9 1183 1193 1185 8613 8614 7586
3669 9 2 0 9 201 850 2267 8176 8615 7228
3670 9 2 0 9 1177 1353 2398 8616 6771 8190
3671 9 2 0 9 1298 2436 2443 8445 8617 8618
3672 9 2 0 9 381 382 2524 470 8567 8619
3673 9 2 0 9 943 945 955 7781 8620 8621
3674 9 2 0 9 2192 2666 2373 8622 8623 4234
3675 9 2 0 9 886 2819 2083 8624 8302 4326
3676 9 2 0 9 1378 2434 1712 8625 8626 7808
3677 9 2 0 9 1844 2121 2664 3388 5605 8627
3678 9 2 0 9 419 2630 838 8628 8629 6805
3679 9 2 0 9 241 852 242 8630 8631 319
3680 9 2 0 9 208 854 209 8632 8633 286
3681 9 2 0 9 1439 1580 2553 7847 6227 8634
3682 9 2 0 9 1761 2739 2659 8635 5932 8636
3683 9 2 0 9 745 2147 2829 5502 7761 8326
3684 9 2 0 9 1307 2377 1427 8518 6842 7949
3685 9 2 0 9 367 368 2531 456 8637 8638
3686 9 2 0 9 1689 2233 2643 3784 8639 8640
3687 9 2 0 9 2 2786 97 8641 8642 186
3688 9 2 0 9 1178 2398 1181 8191 8643 7612
3689 9 2 0 9 1406 2404 1407 8644 8645 8246
3690 9 2 0 9 1133 1135 1136 7778 8482 8646
3691 9 2 0 9 1275 1366 1367 8089 8065 8647
3692 9 2 0 9 1487 1738 2442 8478 8252 7999
3693 9 2 0 9 1511 1573 2408 7863 8648 8379
3694 9 2 0 9 1037 1821 1822 8649 8650 8651
3695 9 2 0 9 1374 2422 1623 8652 8653 7837
3696 9 2 0 9 1177 1272 1353 8654 8655 8616
3697 9 2 0 9 1311 1393 2541 5296 8574 5825
3698 9 2 0 9 248 756 2281 8353 8656 7153
3699 9 2 0 9 2 263 2786 341 8657 8641
3700 9 2 0 9 1959 2357 2503 4111 6069 8658
3701 9 2 0 9 1977 2772 2160 8659 6782 4123
3702 9 2 0 9 1084 1504 1505 6153 7618 8660
3703 9 2 0 9 95 2892 830 8661 7562 6531
3704 9 2 0 9 1007 1042 1041 4900 8662 8663
3705 9 2 0 9 2045 2534 2575 6226 7064 8664
3706 9 2 0 9 213 777 214 8665 8666 291
3707 9 2 0 9 236 776 237 8667 8668 314
3708 9 2 0 9 1763 2667 1766 8669 8670 6984
3709 9 2 0 9 1509 2408 1512 8380 3290 7853
3710 9 2 0 9 1367 1428 1429 8064 8071 8319
3711 9 2 0 9 1433 1454 1434 8671 8227 8293
3712 9 2 0 9 4 342 2791 430 8672 8673
3713 9 2 0 9 1161 2133 2906 4609 8674 8675
3714 9 2 0 9 1381 2407 1384 8346 8505 7887
3715 9 2 0 9 2365 2401 2589 7545 8676 8677
3716 9 2 0 9 212 2310 213 8678 8679 290
3717 9 2 0 9 4 2791 187 8673 8680 264
3718 9 2 0 9 1421 1094 2412 8158 8396 8681
3719 9 2 0 9 11 12 2663 100 8682 3056
3720 9 2 0 9 1227 2861 1230 8683 5047 6154
3721 9 2 0 9 381 2524 786 8619 3996 7265
3722 9 2 0 9 1822 1823 1841 8684 8685 8686
3723 9 2 0 9 92 2796 784 8687 3335 6557
3724 9 2 0 9 899 902 2392 4537 8688 5468
3725 9 2 0 9 1595 1843 1844 8407 5020 8689
3726 9 2 0 9 1570 2397 2599 6312 8690 5457
3727 9 2 0 9 1780 2428 1782 8691 8692 7152
3728 9 2 0 9 1055 1058 2390 8196 8568 8335
3729 9 2 0 9 1282 1369 1283 7928 8693 8364
3730 9 2 0 9 1127 1594 1595 8389 8408 7932
3731 9 2 0 9 1386 2418 1579 8531 8694 7881
3732 9 2 0 9 1195 1275 1196 8090 8695 8313
3733 9 2 0 9 1613 2040 2560 7693 8696 8697
3734 9 2 0 9 1431 1433 1432 8142 8292 8310
3735 9 2 0 9 1569 2758 2562 3107 5972 8698
3736 9 2 0 9 2225 2237 2474 7052 6883 8699
3737 9 2 0 9 1614 1873 1652 8700 5997 8029
3738 9 2 0 9 1793 1795 1796 8701 8702 6585
3739 9 2 0 9 368 771 2531 7368 4991 8637
3740 9 2 0 9 1048 2363 1049 8703 8704 7188
3741 9 2 0 9 1429 1431 1430 8705 8309 8320
3742 9 2 0 9 1261 2386 1270 8360 8706 8222
3743 9 2 0 9 935 1007 1002 3545 8707 8708
3744 9 2 0 9 1779 1719 2388 8209 8375 8709
3745 9 2 0 9 216 779 217 8710 8711 294
3746 9 2 0 9 233 778 234 8712 8713 311
3747 9 2 0 9 1469 1470 2722 5339 8714 3004
3748 9 2 0 9 1885 2148 2903 3645 8715 8716
3749 9 2 0 9 896 2529 2149 5228 3464 5222
3750 9 2 0 9 2019 2020 2526 6246 8717 6011
3751 9 2 0 9 1471 1472 2600 6563 8718 4876
3752 9 2 0 9 1347 2469 1583 8189 3967 8371
3753 9 2 0 9 21 2716 837 8719 7415 6807
3754 9 2 0 9 1549 2682 1592 8720 7236 6543
3755 9 2 0 9 1308 1338 2424 8182 8032 8575
3756 9 2 0 9 90 2917 867 8721 7988 6613
3757 9 2 0 9 1417 2413 1116 8398 8402 7922
3758 9 2 0 9 933 935 1002 8021 8708 8722
3759 9 2 0 9 1023 2446 1636 8723 8724 8143
3760 9 2 0 9 1175 1272 1177 8725 8654 7828
3761 9 2 0 9 235 2308 236 8726 8727 313
3762 9 2 0 9 1010 1012 2439 7373 8728 8729
3763 9 2 0 9 1818 2263 2792 4854 6817 6051
3764 9 2 0 9 219 781 220 8730 8731 297
3765 9 2 0 9 230 780 231 8732 8733 308
3766 9 2 0 9 1706 2800 2124 8734 5805 4821
3767 9 2 0 9 1376 1623 2434 7838 2978 8735
3768 9 2 0 9 981 1024 2403 7997 4515 8736
3769 9 2 0 9 1653 2533 2175 4369 6783 6161
3770 9 2 0 9 215 2315 216 8737 8738 293
3771 9 2 0 9 1532 1660 1659 3603 8739 8740
3772 9 2 0 9 1865 1866 2458 7662 7884 4521
3773 9 2 0 9 234 2318 235 8741 8742 312
3774 9 2 0 9 1096 1107 2412 7994 8508 8395
3775 9 2 0 9 227 782 228 8743 8744 305
3776 9 2 0 9 222 783 223 8745 8746 300
3777 9 2 0 9 1140 2065 2942 5918 5201 8747
3778 9 2 0 9 964 972 2409 6201 8748 7584
3779 9 2 0 9 1715 2493 2375 4012 6778 6371
3780 9 2 0 9 1059 2423 1087 8538 8392 8287
3781 9 2 0 9 1136 1137 1614 8481 8749 8028
3782 9 2 0 9 1219 2389 1248 8453 8750 8301
3783 9 2 0 9 1666 2244 1879 3900 4120 8468
3784 9 2 0 9 1651 1658 1896 8751 8752 8753
3785 9 2 0 9 755 2161 2893 8754 8755 8756
3786 9 2 0 9 1674 2589 2401 8757 8676 6025
3787 9 2 0 9 813 2929 2548 8758 6990 8759
3788 9 2 0 9 759 2298 2795 8760 8761 7283
3789 9 2 0 9 1248 2389 1299 8750 6512 8079
3790 9 2 0 9 367 2531 887 8638 3365 7378
3791 9 2 0 9 1702 1813 2648 4896 8762 8763
3792 9 2 0 9 397 803 2615 7121 7459 8764
3793 9 2 0 9 1598 2741 1599 4604 8765 7258
3794 9 2 0 9 1249 2443 1251 8766 8767 7207
3795 9 2 0 9 93 94 2526 182 7872 8768
3796 9 2 0 9 1547 2704 2856 8769 8770 8771
3797 9 2 0 9 1996 2415 2644 7694 4481 8772
3798 9 2 0 9 890 2592 2252 8773 7054 6059
3799 9 2 0 9 1505 1976 1977 7617 8774 8775
3800 9 2 0 9 1410 2404 1862 8776 8777 8066
3801 9 2 0 9 389 2566 794 8778 5263 7198
3802 9 2 0 9 19 2290 2658 6885 7042 8779
3803 9 2 0 9 2072 2077 2705 5552 7570 8780
3804 9 2 0 9 1815 1817 2547 6339 6213 6210
3805 9 2 0 9 1395 1460 1396 8199 8492 8450
3806 9 2 0 9 846 2514 2784 3086 8781 8248
3807 9 2 0 9 928 931 2465 8177 8782 8514
3808 9 2 0 9 1506 2426 2039 8585 7418 7971
3809 9 2 0 9 1327 2422 1374 8523 8652 7943
3810 9 2 0 9 1243 2451 1282 8245 8783 8535
3811 9 2 0 9 1785 2428 2107 8784 3740 7969
3812 9 2 0 9 997 999 2446 7442 8785 8786
3813 9 2 0 9 2158 2170 2885 3082 8787 8788
3814 9 2 0 9 1356 1395 1357 8789 8449 8517
3815 9 2 0 9 1426 2126 2886 3771 5893 8790
3816 9 2 0 9 880 2452 2339 8791 8792 8193
3817 9 2 0 9 2214 2769 2215 8793 8104 5991
3818 9 2 0 9 530 531 2518 580 7430 7297
3819 9 2 0 9 1269 1790 1171 8794 8795 8796
3820 9 2 0 9 1441 1442 1547 7513 8797 8798
3821 9 2 0 9 878 2335 2665 8125 6204 8799
3822 9 2 0 9 1541 1555 1556 6046 7821 2964
3823 9 2 0 9 1836 1885 2414 8211 8800 7864
3824 9 2 0 9 1931 2794 2900 6704 8801 4196
3825 9 2 0 9 1460 1666 1461 8802 8467 8493
3826 9 2 0 9 2187 2190 2897 4573 8803 4731
3827 9 2 0 9 1147 2125 2730 3812 3579 8804
3828 9 2 0 9 996 1517 2456 7993 8805 8806
3829 9 2 0 9 1470 2011 2597 5325 6505 8807
3830 9 2 0 9 1396 2672 2527 8808 8809 8810
3831 9 2 0 9 1041 1042 1120 8662 8594 8033
3832 9 2 0 9 1644 2545 1787 7446 8811 6901
3833 9 2 0 9 2238 2239 2779 6748 8812 5939
3834 9 2 0 9 1120 1121 1593 8593 8813 8814
3835 9 2 0 9 1679 1681 2450 7443 8815 8816
3836 9 2 0 9 1244 2720 2005 8817 8818 5145
3837 9 2 0 9 1211 2397 1276 8819 6311 8127
3838 9 2 0 9 1360 1714 1650 8820 8821 8822
3839 9 2 0 9 984 986 2456 7458 8823 8824
3840 9 2 0 9 1254 2338 2549 6607 8606 3279
3841 9 2 0 9 1354 1356 1355 8075 8516 8600
3842 9 2 0 9 1212 2447 1214 8825 8826 7237
3843 9 2 0 9 1282 2451 1641 8783 7771 7926
3844 9 2 0 9 982 984 2457 7486 8827 8828
3845 9 2 0 9 828 2565 2259 8829 4935 3715
3846 9 2 0 9 1649 2582 2489 8830 8099 8831
3847 9 2 0 9 1780 2402 2428 8342 4352 8691
3848 9 2 0 9 922 925 2494 8391 8832 8833
3849 9 2 0 9 1049 2363 1101 8704 5244 8336
3850 9 2 0 9 399 400 2528 488 8448 8834
3851 9 2 0 9 1628 2610 1630 8835 8836 7578
3852 9 2 0 9 1015 1467 2497 7647 8837 8511
3853 9 2 0 9 1002 1007 1041 8707 8663 8838
3854 9 2 0 9 1319 2564 1493 8839 8840 8201
3855 9 2 0 9 1061 1089 2423 8092 8841 8537
3856 9 2 0 9 1520 1900 2711 7834 8842 8843
3857 9 2 0 9 1136 1652 2476 8030 4106 8844
3858 9 2 0 9 1671 2462 1669 8845 8846 7533
3859 9 2 0 9 1159 2489 1160 8847 8500 6474
3860 9 2 0 9 1310 2424 1322 8576 8848 8023
3861 9 2 0 9 1066 1397 2455 8592 8849 8315
3862 9 2 0 9 1272 1354 1353 8850 8599 8655
3863 9 2 0 9 1376 2434 1378 8735 8625 7986
3864 9 2 0 9 1125 2442 1594 8373 8609 8388
3865 9 2 0 9 1617 2587 1727 8851 8852 7898
3866 9 2 0 9 902 1656 2392 7537 6699 8688
3867 9 2 0 9 921 922 2494 6966 8833 8853
3868 9 2 0 9 1557 1559 1560 6108 8037 8854
3869 9 2 0 9 1405 1532 1530 8855 8856 8857
3870 9 2 0 9 1144 1837 2484 8014 8858 8859
3871 9 2 0 9 1242 1256 2521 6755 8860 7277
3872 9 2 0 9 1640 2470 1731 8861 8862 7689
3873 9 2 0 9 1649 1650 1651 8863 8864 8865
3874 9 2 0 9 1797 2527 2672 8866 8809 8867
3875 9 2 0 9 1034 2439 2440 8868 4977 8869
3876 9 2 0 9 15 16 2535 104 7575 7827
3877 9 2 0 9 1411 2459 1413 8870 8871 7384
3878 9 2 0 9 206 2298 759 7450 8760 8460
3879 9 2 0 9 1359 1996 2644 5279 8772 8872
3880 9 2 0 9 1823 1860 1858 8873 8874 8875
3881 9 2 0 9 1202 2463 1204 8876 8877 7361
3882 9 2 0 9 951 2574 989 6609 7776 5611
3883 9 2 0 9 2147 2612 2265 8878 8879 7759
3884 9 2 0 9 1191 2803 1244 3429 8880 5543
3885 9 2 0 9 1208 2397 1211 8570 8819 8422
3886 9 2 0 9 396 2615 2317 8881 3213 7325
3887 9 2 0 9 1602 2824 1603 4358 8882 7203
3888 9 2 0 9 1128 2454 1130 8883 8884 7136
3889 9 2 0 9 1791 1792 1793 8263 8286 5952
3890 9 2 0 9 43 44 2755 132 8885 4482
3891 9 2 0 9 876 2301 2842 7000 7306 8886
3892 9 2 0 9 1195 2473 1366 8887 5648 8088
3893 9 2 0 9 225 855 226 8888 8889 303
3894 9 2 0 9 1249 1298 2443 8419 8618 8766
3895 9 2 0 9 978 981 2403 8434 8736 8595
3896 9 2 0 9 1835 2826 2361 8890 5623 7206
3897 9 2 0 9 1350 1437 2578 7024 8891 8892
3898 9 2 0 9 1175 2461 1272 8332 8893 8725
3899 9 2 0 9 1283 2472 1285 8894 8895 7643
3900 9 2 0 9 1118 1405 1119 7189 8896 8897
3901 9 2 0 9 1201 2467 1825 8898 8899 8117
3902 9 2 0 9 1793 1794 1795 8285 8900 8701
3903 9 2 0 9 1010 2439 1034 8729 8868 8442
3904 9 2 0 9 1196 2467 1198 8901 8902 7534
3905 9 2 0 9 1543 2552 2407 8903 8904 8499
3906 9 2 0 9 2099 2102 2846 7640 4380 8905
3907 9 2 0 9 1943 2902 2506 3969 7517 4742
3908 9 2 0 9 1477 2891 2007 8906 8907 3059
3909 9 2 0 9 972 1026 2409 7792 8908 8748
3910 9 2 0 9 1777 2389 2614 6513 8909 8910
3911 9 2 0 9 1169 1269 1171 8911 8796 8108
3912 9 2 0 9 205 853 2298 8551 8912 7449
3913 9 2 0 9 975 2437 2401 6265 5877 7544
3914 9 2 0 9 1407 2404 1410 8645 8776 8457
3915 9 2 0 9 1783 2322 2321 8913 7985 8914
3916 9 2 0 9 1001 2052 2952 4580 8915 6527
3917 9 2 0 9 927 1118 1036 8916 8917 8918
3918 9 2 0 9 1903 1904 2770 4133 8919 4627
3919 9 2 0 9 815 2228 2676 4649 8920 8921
3920 9 2 0 9 1395 2490 1761 8922 5314 8197
3921 9 2 0 9 992 2433 1017 8923 8924 5938
3922 9 2 0 9 1782 2428 1785 8692 8784 8120
3923 9 2 0 9 1188 2473 1190 8925 8926 7552
3924 9 2 0 9 1666 2659 2127 8927 6298 3899
3925 9 2 0 9 407 408 2953 496 4995 8928
3926 9 2 0 9 1529 2313 2523 5960 7700 8929
3927 9 2 0 9 410 2678 824 8930 7032 6952
3928 9 2 0 9 925 927 1036 8383 8918 8931
3929 9 2 0 9 1431 2498 1760 8932 8933 8140
3930 9 2 0 9 872 2893 2161 8934 8755 5536
3931 9 2 0 9 1342 2562 2422 8935 8936 8581
3932 9 2 0 9 209 2567 210 8937 8938 287
3933 9 2 0 9 1889 2120 2602 5695 4937 8939
3934 9 2 0 9 1476 2481 1955 8940 4464 8129
3935 9 2 0 9 807 2757 2090 8941 8942 4861
3936 9 2 0 9 2180 2181 2661 5507 5890 4451
3937 9 2 0 9 1467 2675 2837 8943 8944 8945
3938 9 2 0 9 1123 1480 1479 8007 8946 6264
3939 9 2 0 9 251 2608 752 8947 5191 7751
3940 9 2 0 9 2245 2515 2935 8358 7589 8948
3941 9 2 0 9 345 2534 831 7867 5267 6529
3942 9 2 0 9 398 2646 803 8949 3276 7120
3943 9 2 0 9 1795 1925 1796 4381 8577 8702
3944 9 2 0 9 2110 2902 2117 8950 3968 6987
3945 9 2 0 9 1266 2632 1293 7035 8951 6232
3946 9 2 0 9 1268 2447 1212 8472 8825 8524
3947 9 2 0 9 1163 1281 1165 8952 8953 7910
3948 9 2 0 9 870 2128 2830 4299 8954 8955
3949 9 2 0 9 1100 2715 1451 8956 8387 5798
3950 9 2 0 9 754 2923 2248 8957 8958 8959
3951 9 2 0 9 389 390 2566 478 8960 8778
3952 9 2 0 9 997 2446 1023 8786 8723 8520
3953 9 2 0 9 343 2650 2444 8961 8962 7695
3954 9 2 0 9 1324 2581 1568 8963 8964 7892
3955 9 2 0 9 1357 1396 2527 8451 8810 8965
3956 9 2 0 9 1693 2405 2908 8529 8966 4241
3957 9 2 0 9 924 993 2537 4986 4645 8200
3958 9 2 0 9 91 784 2917 6558 7850 8967
3959 9 2 0 9 1703 2891 2613 8968 8220 8283
3960 9 2 0 9 891 2832 2471 5329 8969 7018
3961 9 2 0 9 401 402 2929 490 7535 8970
3962 9 2 0 9 1651 2519 2582 8971 4918 8972
3963 9 2 0 9 1159 1360 1649 8973 8974 8975
3964 9 2 0 9 982 2457 1000 8828 8483 8552
3965 9 2 0 9 1369 1648 2472 8413 8976 8977
3966 9 2 0 9 1679 2450 1757 8816 2993 8545
3967 9 2 0 9 836 2258 2596 7472 3331 5556
3968 9 2 0 9 1121 1133 2476 7852 8978 8979
3969 9 2 0 9 39 2726 812 8980 3449 7080
3970 9 2 0 9 1269 1791 1790 8264 8981 8794
3971 9 2 0 9 75 2633 766 8982 6500 7388
3972 9 2 0 9 2176 2177 2576 5840 4676 4582
3973 9 2 0 9 1269 2510 1792 8983 4678 8262
3974 9 2 0 9 1853 2878 1854 8984 3598 5375
3975 9 2 0 9 2463 1273 2464 8985 8986 8987
3976 9 2 0 9 1012 1028 2439 8277 5853 8728
3977 9 2 0 9 392 393 2851 481 5167 8988
3978 9 2 0 9 1106 2559 2683 8989 8990 8991
3979 9 2 0 9 1148 2555 1150 6223 8992 4638
3980 9 2 0 9 1251 2443 1260 8767 8993 8233
3981 9 2 0 9 1821 2507 1823 8994 8995 8996
3982 9 2 0 9 1515 1848 1847 8997 8399 6250
3983 9 2 0 9 1530 1532 1659 8856 8740 8998
3984 9 2 0 9 1855 2836 1856 8149 5779 5213
3985 9 2 0 9 1641 2516 1958 7770 6988 7902
3986 9 2 0 9 218 2314 2351 7823 8999 7825
3987 9 2 0 9 1669 2462 1952 8846 7627 8588
3988 9 2 0 9 1713 2420 2773 8426 9000 8503
3989 9 2 0 9 1977 2697 1978 4125 3546 9001
3990 9 2 0 9 866 2591 2271 9002 4339 6459
3991 9 2 0 9 1411 1588 2459 8607 9003 8870
3992 9 2 0 9 1111 2484 1128 9004 9005 8027
3993 9 2 0 9 1202 1273 2463 8602 8985 8876
3994 9 2 0 9 1742 2713 2873 6285 9006 9007
3995 9 2 0 9 875 2115 2774 7730 9008 3470
3996 9 2 0 9 882 2811 1995 3503 4067 7715
3997 9 2 0 9 247 2282 756 8487 3759 8352
3998 9 2 0 9 203 757 2297 8351 3376 8489
3999 9 2 0 9 237 776 2309 8668 9009 7622
4000 9 2 0 9 1608 2374 2865 6238 9010 9011
4001 9 2 0 9 1674 1675 2589 8206 9012 8757
4002 9 2 0 9 921 1820 1037 9013 9014 9015
4003 9 2 0 9 1301 2478 1333 9016 9017 7553
4004 9 2 0 9 1441 1547 1778 8798 9018 9019
4005 9 2 0 9 1405 1530 1119 8857 8229 8896
4006 9 2 0 9 1667 2280 2674 8184 9020 9021
4007 9 2 0 9 1262 2701 2523 7497 9022 7699
4008 9 2 0 9 1009 2446 999 9023 8785 8333
4009 9 2 0 9 992 1097 2433 8150 9024 8923
4010 9 2 0 9 1550 2732 1552 4157 9025 7731
4011 9 2 0 9 1647 1752 1753 6143 8166 9026
4012 9 2 0 9 1810 2901 1938 9027 9028 4286
4013 9 2 0 9 1915 2751 1947 4333 9029 5462
4014 9 2 0 9 1036 1118 1119 8917 8897 9030
4015 9 2 0 9 1724 2407 2552 8506 8904 9031
4016 9 2 0 9 788 2479 2480 7226 3469 9032
4017 9 2 0 9 2277 2496 2398 3267 9033 6770
4018 9 2 0 9 1505 1977 1978 8775 9001 9034
4019 9 2 0 9 1467 1468 2675 6982 9035 8943
4020 9 2 0 9 1163 2489 1281 8501 8098 8952
4021 9 2 0 9 890 2840 2592 9036 8235 8773
4022 9 2 0 9 1120 2491 2091 9037 3326 8034
4023 9 2 0 9 1328 1493 2481 8202 9038 9039
4024 9 2 0 9 873 2248 2923 4305 8958 9040
4025 9 2 0 9 1681 1891 2450 8362 4487 8815
4026 9 2 0 9 409 824 2576 6953 4583 7919
4027 9 2 0 9 1356 1368 2490 8074 3073 9041
4028 9 2 0 9 1631 2543 1831 8415 9042 7530
4029 9 2 0 9 1196 1275 2467 8695 9043 8901
4030 9 2 0 9 1171 1790 2461 8795 9044 8601
4031 9 2 0 9 2477 2583 1685 3657 9045 8578
4032 9 2 0 9 1117 2413 2560 8587 9046 9047
4033 9 2 0 9 1799 2949 2525 9048 9049 6224
4034 9 2 0 9 214 777 2306 8666 9050 7712
4035 9 2 0 9 1214 2447 1218 8826 9051 8340
4036 9 2 0 9 1808 2597 2684 9052 6504 9053
4037 9 2 0 9 1037 1822 2559 8651 9054 9055
4038 9 2 0 9 927 2465 1118 8515 7779 8916
4039 9 2 0 9 936 2651 2355 9056 6199 3807
4040 9 2 0 9 986 996 2456 8355 8806 8823
4041 9 2 0 9 76 884 2633 7381 4006 9057
4042 9 2 0 9 760 2278 2545 7557 9058 4806
4043 9 2 0 9 41 800 2546 7119 3316 7941
4044 9 2 0 9 1722 1924 2752 5061 9059 7292
4045 9 2 0 9 1185 2538 1188 9060 9061 7556
4046 9 2 0 9 772 2140 2745 3590 9062 9063
4047 9 2 0 9 1446 2540 1723 9064 9065 7324
4048 9 2 0 9 1857 2858 2249 9066 7068 6121
4049 9 2 0 9 790 2660 2312 9067 9068 5202
4050 9 2 0 9 1636 2619 1688 9069 9070 8113
4051 9 2 0 9 1283 1369 2472 8693 8977 8894
4052 9 2 0 9 1761 2092 2739 5315 9071 8635
4053 9 2 0 9 1344 1345 2517 7592 9072 9073
4054 9 2 0 9 1429 1797 2498 8070 9074 9075
4055 9 2 0 9 346 347 2575 435 7990 7063
4056 9 2 0 9 1671 1674 2462 8427 6026 8845
4057 9 2 0 9 1130 2454 1664 8884 9076 8334
4058 9 2 0 9 1623 2422 2562 8653 8936 3210
4059 9 2 0 9 1345 1441 2517 8479 9077 9072
4060 9 2 0 9 1615 2571 2084 9078 9079 8146
4061 9 2 0 9 2192 2193 2666 5772 4595 8622
4062 9 2 0 9 756 2499 2281 3559 9080 8656
4063 9 2 0 9 2011 2862 2684 9081 9082 6503
4064 9 2 0 9 1821 1823 1822 8996 8684 8650
4065 9 2 0 9 2345 2949 2766 9083 9084 9085
4066 9 2 0 9 821 2820 2698 9086 8377 9087
4067 9 2 0 9 945 947 2485 7701 9088 9089
4068 9 2 0 9 1119 1531 2702 8231 9090 9091
4069 9 2 0 9 1728 1729 2657 5337 9092 9093
4070 9 2 0 9 1413 2459 1513 8871 6162 8416
4071 9 2 0 9 1731 2470 1867 8862 9094 8476
4072 9 2 0 9 77 2706 884 9095 7885 7380
4073 9 2 0 9 1800 2911 2548 9096 9097 6551
4074 9 2 0 9 246 851 2282 8549 9098 8486
4075 9 2 0 9 204 2297 853 8490 4268 8550
4076 9 2 0 9 1871 2295 2833 5402 9099 9100
4077 9 2 0 9 1822 2683 2559 9101 8990 9054
4078 9 2 0 9 1658 2017 1896 4113 3724 8752
4079 9 2 0 9 250 848 2608 8175 4413 9102
4080 9 2 0 9 380 786 2746 7266 8475 9103
4081 9 2 0 9 207 759 2303 8461 6933 8572
4082 9 2 0 9 1560 1561 1705 8036 9104 9105
4083 9 2 0 9 1800 1802 2911 5617 9106 9096
4084 9 2 0 9 1068 1070 2486 7733 9107 9108
4085 9 2 0 9 826 2604 2202 6183 4147 5344
4086 9 2 0 9 215 2306 2315 7713 9109 8737
4087 9 2 0 9 1157 1360 1159 9110 8973 7851
4088 9 2 0 9 391 801 2895 7172 6924 9111
4089 9 2 0 9 1033 1054 2556 8208 7512 9112
4090 9 2 0 9 1204 2463 1207 8877 9113 8431
4091 9 2 0 9 1989 2763 2411 9114 9115 3472
4092 9 2 0 9 1849 1852 1851 9116 8404 6443
4093 9 2 0 9 548 2230 2577 6188 9117 7793
4094 9 2 0 9 2072 2705 2075 8780 7873 5453
4095 9 2 0 9 1564 2137 2596 6138 5557 7441
4096 9 2 0 9 2006 2520 2699 7601 9118 9119
4097 9 2 0 9 388 794 2804 7199 8053 9120
4098 9 2 0 9 1153 1453 1155 9121 9122 7774
4099 9 2 0 9 564 565 2572 614 6658 7519
4100 9 2 0 9 2147 2148 2612 4800 3644 8878
4101 9 2 0 9 1823 1858 1841 8875 9123 8685
4102 9 2 0 9 1167 2510 1169 9124 9125 8116
4103 9 2 0 9 1128 2484 2454 9005 9126 8883
4104 9 2 0 9 217 779 2314 8711 9127 7822
4105 9 2 0 9 1940 2909 2578 4625 9128 4901
4106 9 2 0 9 1031 2556 1035 9129 3132 8223
4107 9 2 0 9 1578 1600 2686 7769 3113 9130
4108 9 2 0 9 919 921 1037 8261 9015 9131
4109 9 2 0 9 1421 2412 2570 8681 9132 9133
4110 9 2 0 9 1181 2496 1183 9134 9135 7645
4111 9 2 0 9 1198 2467 1201 8902 8898 8441
4112 9 2 0 9 79 2734 765 9136 8430 7369
4113 9 2 0 9 2444 2650 2159 8962 9137 9138
4114 9 2 0 9 1337 1350 2578 4444 8892 9139
4115 9 2 0 9 2148 2149 2903 5223 3643 8715
4116 9 2 0 9 1857 2591 2858 7173 9140 9066
4117 9 2 0 9 1017 2433 1048 8924 9141 8205
4118 9 2 0 9 1613 2560 2413 8697 9046 8397
4119 9 2 0 9 915 917 1106 8051 9142 9143
4120 9 2 0 9 13 14 2598 102 8272 7963
4121 9 2 0 9 1651 1896 2519 8753 9144 8971
4122 9 2 0 9 1650 1658 1651 9145 8751 8864
4123 9 2 0 9 1622 2523 1718 9146 9147 8242
4124 9 2 0 9 1230 2687 1232 4882 9148 6085
4125 9 2 0 9 220 781 2319 8731 9149 7814
4126 9 2 0 9 1529 2523 1622 8929 9146 7116
4127 9 2 0 9 358 873 2923 7253 9040 9150
4128 9 2 0 9 240 775 2466 8542 9151 8597
4129 9 2 0 9 895 2444 2885 9152 9153 9154
4130 9 2 0 9 219 2351 781 7826 6118 8730
4131 9 2 0 9 1285 2472 1364 8895 9155 8539
4132 9 2 0 9 550 551 2812 600 7763 9156
4133 9 2 0 9 2133 2134 2789 4322 5679 9157
4134 9 2 0 9 1834 2832 1884 9158 5328 7420
4135 9 2 0 9 1121 2476 1593 8979 3540 8813
4136 9 2 0 9 81 2893 872 9159 8934 7254
4137 9 2 0 9 1031 1033 2556 7329 9112 9129
4138 9 2 0 9 1853 2894 2310 7766 9160 9161
4139 9 2 0 9 1041 2091 2775 8035 9162 9163
4140 9 2 0 9 1392 1953 2860 8020 9164 9165
4141 9 2 0 9 1594 2522 1843 8608 3523 8406
4142 9 2 0 9 1028 1029 2653 8004 9166 9167
4143 9 2 0 9 905 907 2561 4726 9168 7737
4144 9 2 0 9 1446 1583 2540 8372 3041 9064
4145 9 2 0 9 2365 2589 2670 8677 9169 8423
4146 9 2 0 9 1530 2512 1531 9170 4552 8230
4147 9 2 0 9 208 2303 854 8573 3919 8632
4148 9 2 0 9 936 938 2651 5993 9171 9056
4149 9 2 0 9 784 2736 2164 5351 3109 7848
4150 9 2 0 9 1439 2553 1732 8634 7140 9172
4151 9 2 0 9 1403 2920 1772 9173 5102 8137
4152 9 2 0 9 2456 2457 984 9174 8827 8824
4153 9 2 0 9 1190 2473 1195 8926 8887 8554
4154 9 2 0 9 1328 2481 1476 9039 8940 8513
4155 9 2 0 9 1560 1705 1888 9105 3122 9175
4156 9 2 0 9 1319 1570 2564 6537 9176 8839
4157 9 2 0 9 1406 1333 2478 8470 9017 9177
4158 9 2 0 9 241 2466 852 8598 5140 8630
4159 9 2 0 9 911 913 1050 7964 9178 9179
4160 9 2 0 9 1605 2718 1612 9180 8555 7758
4161 9 2 0 9 1823 2507 1860 8995 9181 8873
4162 9 2 0 9 1753 1803 2311 8165 9182 9183
4163 9 2 0 9 67 2785 769 9184 8100 7339
4164 9 2 0 9 1794 2519 2652 8288 9185 9186
4165 9 2 0 9 1797 2343 2527 7795 9187 8866
4166 9 2 0 9 1791 2382 2748 5954 5422 9188
4167 9 2 0 9 1111 1144 2484 8571 8859 9004
4168 9 2 0 9 227 2360 782 7912 6282 8743
4169 9 2 0 9 1556 1557 2539 7820 9189 9190
4170 9 2 0 9 897 2150 2914 5312 9191 6128
4171 9 2 0 9 1607 1610 2718 7655 4321 9192
4172 9 2 0 9 888 2471 2938 7105 9193 8465
4173 9 2 0 9 879 2827 2337 5498 5189 8409
4174 9 2 0 9 1921 1934 2592 7736 7055 8590
4175 9 2 0 9 96 2385 2892 7516 7184 9194
4176 9 2 0 9 1503 2738 1550 9195 4044 7703
4177 9 2 0 9 2211 2347 2753 4386 9196 9197
4178 9 2 0 9 860 2643 2233 7142 8639 6090
4179 9 2 0 9 2179 2678 2181 7033 7563 5506
4180 9 2 0 9 1301 1364 2478 8540 9198 9016
4181 9 2 0 9 2256 2374 2824 7974 9199 4357
4182 9 2 0 9 78 765 2706 7370 4702 9200
4183 9 2 0 9 779 2367 2881 3286 8268 9201
4184 9 2 0 9 1841 1858 2941 9123 4471 9202
4185 9 2 0 9 1876 2867 1875 4930 3348 6774
4186 9 2 0 9 569 2747 793 9203 9204 5911
4187 9 2 0 9 238 2309 2623 7623 7664 9205
4188 9 2 0 9 1920 2366 2645 7364 7708 9206
4189 9 2 0 9 1944 2944 2025 9207 5062 6093
4190 9 2 0 9 73 2819 886 9208 8624 7376
4191 9 2 0 9 1037 1820 1821 9014 9209 8649
4192 9 2 0 9 1133 1136 2476 8646 8844 8978
4193 9 2 0 9 1920 2645 1932 9206 6372 7020
4194 9 2 0 9 1773 2581 2424 9210 9211 8031
4195 9 2 0 9 1944 2752 2703 7293 9212 9213
4196 9 2 0 9 1573 2373 2666 7915 8623 9214
4197 9 2 0 9 783 2742 2873 9215 9216 9217
4198 9 2 0 9 210 2567 774 8938 4717 8543
4199 9 2 0 9 80 872 2734 7255 5056 9218
4200 9 2 0 9 213 2310 777 8679 9219 8665
4201 9 2 0 9 1688 2717 1710 9220 3264 8076
4202 9 2 0 9 1159 1649 2489 8975 8831 8847
4203 9 2 0 9 1367 1430 2638 8321 9221 9222
4204 9 2 0 9 658 659 2595 708 6657 6830
4205 9 2 0 9 1086 2854 2016 3887 7359 5221
4206 9 2 0 9 1070 1127 2486 8553 8557 9107
4207 9 2 0 9 1642 2503 1648 9223 9224 8412
4208 9 2 0 9 1655 2527 2343 9225 9187 9226
4209 9 2 0 9 396 397 2615 485 8764 8881
4210 9 2 0 9 1709 1710 2558 8077 5584 9227
4211 9 2 0 9 1620 2570 2412 9228 9132 8507
4212 9 2 0 9 2135 2856 2704 3176 8770 9229
4213 9 2 0 9 250 2608 251 9102 8947 328
4214 9 2 0 9 925 1036 2494 8931 9230 8832
4215 9 2 0 9 1360 1650 1649 8822 8863 8974
4216 9 2 0 9 947 1038 2485 8565 9231 9088
4217 9 2 0 9 379 2746 879 9232 5281 7290
4218 9 2 0 9 2199 2200 2723 4399 5184 3321
4219 9 2 0 9 1601 1604 2768 7702 9233 9234
4220 9 2 0 9 1781 2850 2324 9235 9236 5696
4221 9 2 0 9 1543 1806 2552 8048 9237 8903
4222 9 2 0 9 1357 2527 1655 8965 9225 6801
4223 9 2 0 9 1753 2311 2435 9183 3515 9238
4224 9 2 0 9 1696 2554 2395 9239 8121 6305
4225 9 2 0 9 211 2611 212 9240 9241 289
4226 9 2 0 9 236 2308 776 8727 9242 8667
4227 9 2 0 9 962 966 2568 7538 9243 9244
4228 9 2 0 9 209 854 2567 8633 4240 8937
4229 9 2 0 9 1068 2486 1397 9108 9245 8591
4230 9 2 0 9 2033 2649 2725 9246 9247 3563
4231 9 2 0 9 1028 2653 2511 9167 9248 5852
4232 9 2 0 9 1588 1863 2549 8559 3261 9249
4233 9 2 0 9 1848 2445 1849 3795 9250 8400
4234 9 2 0 9 1813 1819 2731 5726 9251 9252
4235 9 2 0 9 1359 2644 2792 8872 6052 9253
4236 9 2 0 9 788 2480 2488 9032 5382 6378
4237 9 2 0 9 2438 2946 1760 9254 9255 4407
4238 9 2 0 9 945 2485 955 9089 9256 8620
4239 9 2 0 9 1185 1193 2538 8614 3730 9060
4240 9 2 0 9 1606 2824 2374 9257 9199 6237
4241 9 2 0 9 960 967 2584 8534 4509 9258
4242 9 2 0 9 894 2606 2385 3984 7287 9259
4243 9 2 0 9 804 2416 2629 7698 4520 9260
4244 9 2 0 9 1437 1439 1732 7576 9172 9261
4245 9 2 0 9 1183 2496 1193 9135 3249 8613
4246 9 2 0 9 1684 1685 2583 7559 9045 3613
4247 9 2 0 9 387 2804 875 9262 7728 7214
4248 9 2 0 9 1617 2423 2587 8393 9263 8851
4249 9 2 0 9 238 2623 239 9205 9264 316
4250 9 2 0 9 1540 2135 2704 4452 9229 9265
4251 9 2 0 9 226 855 2360 8889 9266 7911
4252 9 2 0 9 216 2315 779 8738 3284 8710
4253 9 2 0 9 399 2528 2646 8834 9267 9268
4254 9 2 0 9 1557 1560 2539 8854 9269 9189
4255 9 2 0 9 234 778 2318 8713 9270 8741
4256 9 2 0 9 1582 2714 2555 9271 9272 6222
4257 9 2 0 9 357 2923 754 9273 8957 7155
4258 9 2 0 9 1022 1084 2504 5900 9274 7504
4259 9 2 0 9 1429 2498 1431 9075 8932 8705
4260 9 2 0 9 758 2863 2240 9275 9276 5412
4261 9 2 0 9 1600 2768 2232 9277 9278 3111
4262 9 2 0 9 962 2568 967 9244 7888 8533
4263 9 2 0 9 2136 2716 2137 7416 6791 6137
4264 9 2 0 9 1146 1699 2627 8276 3147 9279
4265 9 2 0 9 82 755 2893 7158 8756 9280
4266 9 2 0 9 1423 1513 2554 8417 9281 9282
4267 9 2 0 9 885 2673 2346 9283 5451 8289
4268 9 2 0 9 235 2318 2308 8742 9284 8726
4269 9 2 0 9 1645 1788 2573 7784 3461 9285
4270 9 2 0 9 1964 2948 1965 6244 6572 6359
4271 9 2 0 9 1117 2560 1691 9047 9286 8041
4272 9 2 0 9 767 2513 2348 9287 9288 8304
4273 9 2 0 9 1759 2299 2780 4600 9289 9290
4274 9 2 0 9 1322 2424 2581 8848 9211 9291
4275 9 2 0 9 1840 2059 2835 5208 5922 4913
4276 9 2 0 9 9 2829 694 8327 9292 744
4277 9 2 0 9 1106 2683 2394 8991 9293 8322
4278 9 2 0 9 1089 2587 2423 9294 9263 8841
4279 9 2 0 9 1356 2490 1395 9041 8922 8789
4280 9 2 0 9 2471 2832 1833 8969 9295 9296
4281 9 2 0 9 969 977 2594 8456 5335 9297
4282 9 2 0 9 1120 1593 2491 8814 3368 9037
4283 9 2 0 9 1360 2551 1714 9298 9299 8820
4284 9 2 0 9 1774 1775 2580 6787 4543 9300
4285 9 2 0 9 921 2494 1820 8853 9301 9013
4286 9 2 0 9 419 420 2630 508 8349 8628
4287 9 2 0 9 1181 2398 2496 8643 9033 9134
4288 9 2 0 9 1704 2665 2173 6422 6203 5824
4289 9 2 0 9 75 76 2633 164 9057 8982
4290 9 2 0 9 2478 1364 2520 9198 9302 9303
4291 9 2 0 9 802 2317 2719 8003 5834 4375
4292 9 2 0 9 1342 1569 2562 8160 8698 8935
4293 9 2 0 9 755 2872 2161 9304 9305 8754
4294 9 2 0 9 1883 2774 2807 8394 9306 4468
4295 9 2 0 9 1807 2597 1808 9307 9052 6356
4296 9 2 0 9 807 2332 2890 5821 9308 9309
4297 9 2 0 9 68 882 2785 7355 7717 9310
4298 9 2 0 9 2116 2566 2895 7638 9311 6923
4299 9 2 0 9 2464 1273 2590 8986 9312 4981
4300 9 2 0 9 804 2629 2280 9260 9313 3358
4301 9 2 0 9 2044 2045 2814 4344 9314 7804
4302 9 2 0 9 1935 1936 2914 8329 6129 9315
4303 9 2 0 9 569 570 2747 619 3704 9203
4304 9 2 0 9 1423 2554 1696 9282 9239 7308
4305 9 2 0 9 1642 1959 2503 8586 8658 9223
4306 9 2 0 9 2348 2513 2349 9288 9316 8579
4307 9 2 0 9 895 2885 2170 9154 8787 6889
4308 9 2 0 9 1475 1668 2600 8438 9317 9318
4309 9 2 0 9 1454 2946 1969 9319 9320 8168
4310 9 2 0 9 2473 1188 2538 8925 9061 7436
4311 9 2 0 9 1437 1732 2578 9261 4313 8891
4312 9 2 0 9 1917 2369 2761 7103 9321 9322
4313 9 2 0 9 1884 2680 1885 7609 3405 8210
4314 9 2 0 9 852 2240 2863 9323 9276 9324
4315 9 2 0 9 2445 2928 1852 9325 7654 9326
4316 9 2 0 9 1734 2324 2810 6216 9327 8420
4317 9 2 0 9 1868 2649 2033 9328 9246 8496
4318 9 2 0 9 877 2924 2524 9329 9330 8566
4319 9 2 0 9 211 774 2611 8544 9331 9240
4320 9 2 0 9 74 766 2819 7389 8303 9332
4321 9 2 0 9 1271 2727 1279 9333 3747 8134
4322 9 2 0 9 1421 2570 1615 9133 9334 8159
4323 9 2 0 9 239 2623 775 9264 4306 8541
4324 9 2 0 9 1317 2018 2931 5013 9335 3478
4325 9 2 0 9 2470 2521 1867 7757 9336 9094
4326 9 2 0 9 1804 2542 2907 7409 9337 8296
4327 9 2 0 9 1869 1871 2833 6672 9100 9338
4328 9 2 0 9 1746 2550 2836 9339 5780 9340
4329 9 2 0 9 398 399 2646 487 9268 8949
4330 9 2 0 9 1273 1825 2590 8118 9341 9312
4331 9 2 0 9 1778 2517 1441 3677 9077 9019
4332 9 2 0 9 1932 2816 1933 4788 9342 8103
4333 9 2 0 9 966 969 2594 7540 9297 9343
4334 9 2 0 9 1586 1874 2617 8498 3353 9344
4335 9 2 0 9 1082 2522 2802 3524 9345 9346
4336 9 2 0 9 817 2381 2919 6096 9347 9348
4337 9 2 0 9 244 758 2655 8459 6134 9349
4338 9 2 0 9 1279 2212 2834 3749 9350 9351
4339 9 2 0 9 1322 2581 1324 9291 8963 8135
4340 9 2 0 9 819 2607 2302 9352 3842 7555
4341 9 2 0 9 653 654 2628 703 6728 9353
4342 9 2 0 9 1472 1475 2600 7311 9318 8718
4343 9 2 0 9 1430 1432 2759 8311 4366 9354
4344 9 2 0 9 1900 2084 2698 8147 6410 8376
4345 9 2 0 9 1723 2540 2541 9065 7344 6326
4346 9 2 0 9 833 2947 2685 9355 9356 7508
4347 9 2 0 9 1881 2726 2546 3577 8611 5022
4348 9 2 0 9 880 2482 2809 8433 9357 9358
4349 9 2 0 9 6 526 2838 575 9359 8418
4350 9 2 0 9 212 2611 2310 9241 9360 8678
4351 9 2 0 9 1824 2780 2291 9361 9362 7685
4352 9 2 0 9 245 2655 851 9363 5481 8548
4353 9 2 0 9 1546 1877 2887 6652 5419 6126
4354 9 2 0 9 1442 2704 1547 9364 8769 8797
4355 9 2 0 9 1755 2831 1814 9365 9366 7111
4356 9 2 0 9 2669 2770 2749 9367 9368 9369
4357 9 2 0 9 1742 2873 2030 9007 9370 4779
4358 9 2 0 9 1787 2830 2128 9371 8954 6860
4359 9 2 0 9 1089 2378 2587 8216 9372 9294
4360 9 2 0 9 2228 2229 2676 5635 6431 8920
4361 9 2 0 9 1461 1879 2857 8469 5655 9373
4362 9 2 0 9 1783 1784 2869 7110 7649 9374
4363 9 2 0 9 1397 2557 2455 9375 9376 8849
4364 9 2 0 9 5 2844 429 8256 9377 518
4365 9 2 0 9 2222 2243 2818 7948 4351 9378
4366 9 2 0 9 852 2782 2240 6962 9379 9323
4367 9 2 0 9 1649 1651 2582 8865 8972 8830
4368 9 2 0 9 2444 2159 2885 9138 9380 9153
4369 9 2 0 9 958 2047 2760 4540 9381 5118
4370 9 2 0 9 1987 2763 1989 9382 9114 5155
4371 9 2 0 9 821 2217 2801 5745 9383 9384
4372 9 2 0 9 777 2307 2306 9385 9386 9050
4373 9 2 0 9 343 344 2650 432 8258 8961
4374 9 2 0 9 2463 2464 2599 8987 4985 9387
4375 9 2 0 9 933 1002 2605 8722 9388 9389
4376 9 2 0 9 776 2308 2421 9242 9390 9391
4377 9 2 0 9 1781 1783 2850 6335 9392 9235
4378 9 2 0 9 1985 2739 2092 6228 9071 6594
4379 9 2 0 9 1269 1169 2510 8911 9125 8983
4380 9 2 0 9 7 2876 808 7620 9393 5406
4381 9 2 0 9 1368 2625 2748 8164 9394 5421
4382 9 2 0 9 2430 2768 1604 9395 9233 3542
4383 9 2 0 9 2470 1640 2621 8861 9396 9397
4384 9 2 0 9 2447 2419 2614 8471 9398 9399
4385 9 2 0 9 1165 2532 1167 9400 9401 8107
4386 9 2 0 9 653 2628 2817 9353 3832 9402
4387 9 2 0 9 881 2602 2341 9403 3535 8185
4388 9 2 0 9 1530 1659 2512 8998 2957 9170
4389 9 2 0 9 1084 1505 2504 8660 9404 9274
4390 9 2 0 9 2336 2337 2688 8410 3751 9405
4391 9 2 0 9 845 2165 2884 6974 6757 7656
4392 9 2 0 9 229 2636 230 9406 9407 307
4393 9 2 0 9 1675 1678 2589 8401 9408 9012
4394 9 2 0 9 1822 1841 2683 8686 9409 9101
4395 9 2 0 9 2133 2789 2906 9157 6812 8674
4396 9 2 0 9 1280 2834 1303 9410 9411 8101
4397 9 2 0 9 1900 2820 2711 8378 9412 8842
4398 9 2 0 9 893 2265 2612 7672 8879 9413
4399 9 2 0 9 959 960 2584 8369 9258 4209
4400 9 2 0 9 762 2849 2415 9414 4432 5926
4401 9 2 0 9 839 2291 2780 6843 9362 9415
4402 9 2 0 9 18 19 2658 107 8779 8474
4403 9 2 0 9 2446 2619 1636 9416 9069 8724
4404 9 2 0 9 93 2526 2796 8768 9417 9418
4405 9 2 0 9 423 424 2656 512 8366 8509
4406 9 2 0 9 1655 2343 2601 9226 8610 5683
4407 9 2 0 9 2459 1588 2549 9003 9249 8605
4408 9 2 0 9 1718 2523 2701 9147 9022 9419
4409 9 2 0 9 837 2370 2918 5801 9420 9421
4410 9 2 0 9 244 2655 245 9349 9363 322
4411 9 2 0 9 1405 2853 1532 9422 7877 8855
4412 9 2 0 9 1595 1844 2664 8689 8627 9423
4413 9 2 0 9 798 2869 2429 9424 7648 8295
4414 9 2 0 9 1849 2445 1852 9250 9326 9116
4415 9 2 0 9 1303 2834 2383 9411 9425 3223
4416 9 2 0 9 2292 2865 2374 9426 9010 8093
4417 9 2 0 9 1009 2619 2446 9427 9416 9023
4418 9 2 0 9 2467 1275 2638 9043 9428 9429
4419 9 2 0 9 2478 2622 1406 9430 9431 9177
4420 9 2 0 9 223 2639 224 9432 9433 301
4421 9 2 0 9 221 2319 2742 7815 9434 9435
4422 9 2 0 9 2463 2599 1207 9387 9436 9113
4423 9 2 0 9 2478 2520 2622 9303 9437 9430
4424 9 2 0 9 1464 2138 2624 5129 3288 5966
4425 9 2 0 9 931 933 2605 8082 9389 9438
4426 9 2 0 9 2570 2626 2571 9439 9440 9441
4427 9 2 0 9 1246 1253 2788 6131 9442 4230
4428 9 2 0 9 2438 1969 2946 4974 9320 9254
4429 9 2 0 9 1341 2915 2033 9443 9444 3562
4430 9 2 0 9 2034 2391 2643 7937 9445 7141
4431 9 2 0 9 1226 1228 2740 4794 8367 9446
4432 9 2 0 9 1896 2652 2519 4021 9185 9144
4433 9 2 0 9 1313 1344 2703 8485 9447 9448
4434 9 2 0 9 850 2588 2267 9449 9450 8615
4435 9 2 0 9 2465 2605 1864 9451 9452 7780
4436 9 2 0 9 532 533 2662 582 9453 7923
4437 9 2 0 9 1596 2609 2353 9454 5187 8446
4438 9 2 0 9 2465 931 2605 8782 9438 9451
4439 9 2 0 9 877 2330 2603 8132 6436 9455
4440 9 2 0 9 2020 2796 2526 3336 9417 8717
4441 9 2 0 9 1561 1647 2530 6260 9456 9457
4442 9 2 0 9 1218 2447 2614 9051 9399 9458
4443 9 2 0 9 1561 2530 1705 9457 9459 9104
4444 9 2 0 9 1113 2922 1490 6004 7500 4660
4445 9 2 0 9 1747 2719 1749 6761 5833 5976
4446 9 2 0 9 1628 2384 2610 7982 4843 8835
4447 9 2 0 9 1155 2551 1157 9460 9461 7798
4448 9 2 0 9 1038 2888 2441 9462 9463 3378
4449 9 2 0 9 1917 2761 2912 9322 9464 9465
4450 9 2 0 9 1814 2831 2919 9366 9466 9467
4451 9 2 0 9 757 2267 2899 8584 9468 9469
4452 9 2 0 9 230 2636 780 9407 9470 8732
4453 9 2 0 9 1620 2626 2570 9471 9439 9228
4454 9 2 0 9 2054 2637 2839 5127 9472 9473
4455 9 2 0 9 1799 2122 2766 5619 5688 9474
4456 9 2 0 9 410 411 2678 499 7564 8930
4457 9 2 0 9 1917 2912 1957 9465 5689 7402
4458 9 2 0 9 781 2379 2319 7281 4192 9149
4459 9 2 0 9 2323 2810 2324 9475 9327 8298
4460 9 2 0 9 1783 2869 2322 9374 9476 8913
4461 9 2 0 9 1638 2621 1640 9477 9396 7764
4462 9 2 0 9 752 2634 2220 3116 9478 8010
4463 9 2 0 9 1608 2865 2515 9011 9479 7908
4464 9 2 0 9 1699 2801 2217 9480 9383 3145
4465 9 2 0 9 771 2345 2766 8284 9085 4220
4466 9 2 0 9 1754 2211 2753 6377 9197 9481
4467 9 2 0 9 807 2032 2757 9482 9483 8941
4468 9 2 0 9 2325 2806 2326 9484 9485 8324
4469 9 2 0 9 893 2612 2680 9413 3406 9486
4470 9 2 0 9 1207 2599 2397 9436 8690 8569
4471 9 2 0 9 552 821 2698 6105 9087 8131
4472 9 2 0 9 1150 2555 1153 8992 9487 7435
4473 9 2 0 9 1244 2803 2720 8880 9488 8817
4474 9 2 0 9 1938 2639 2713 9489 9490 8361
4475 9 2 0 9 1614 2616 1873 9491 9492 8700
4476 9 2 0 9 1560 1888 2539 9175 9493 9269
4477 9 2 0 9 1746 2379 2550 6273 7280 9339
4478 9 2 0 9 825 2808 2474 9494 9495 8488
4479 9 2 0 9 223 783 2639 8746 9496 9432
4480 9 2 0 9 1726 2312 2660 6365 9068 7777
4481 9 2 0 9 862 2932 2380 9497 9498 7461
4482 9 2 0 9 907 911 2561 7797 9499 9168
4483 9 2 0 9 1448 1776 2940 8291 5608 9500
4484 9 2 0 9 1705 2530 2762 9459 9501 3622
4485 9 2 0 9 837 2918 2290 9421 6235 7127
4486 9 2 0 9 1146 2627 1755 9279 9502 7869
4487 9 2 0 9 807 2890 2032 9309 8603 9482
4488 9 2 0 9 753 2221 2657 7175 9503 9504
4489 9 2 0 9 2471 1833 2938 9296 9505 9193
4490 9 2 0 9 966 2594 2568 9343 4194 9243
4491 9 2 0 9 1579 2769 2299 9506 9507 4558
4492 9 2 0 9 1479 2640 1515 9508 9509 6175
4493 9 2 0 9 857 2276 2645 7400 6373 8240
4494 9 2 0 9 893 2680 2251 9486 7608 6341
4495 9 2 0 9 1420 1489 2724 6546 3253 7262
4496 9 2 0 9 1493 2564 2674 8840 9510 9511
4497 9 2 0 9 1973 1974 2939 6818 6855 4003
4498 9 2 0 9 2140 2154 2745 5934 7935 9062
4499 9 2 0 9 1953 2920 2860 5103 9512 9164
4500 9 2 0 9 1688 2619 2717 9070 9513 9220
4501 9 2 0 9 1460 2659 1666 9514 8927 8802
4502 9 2 0 9 2328 2842 2329 9515 9516 8356
4503 9 2 0 9 871 2458 2833 8173 9517 9518
4504 9 2 0 9 1586 2617 1587 9344 9519 7930
4505 9 2 0 9 1457 2631 1638 9520 9521 7842
4506 9 2 0 9 1293 2632 1457 8951 9522 7579
4507 9 2 0 9 764 2778 2487 3226 9523 8519
4508 9 2 0 9 1664 2695 1886 9524 9525 8547
4509 9 2 0 9 1716 2326 2806 6257 9485 7411
4510 9 2 0 9 1802 2646 2528 3682 9267 9526
4511 9 2 0 9 1082 2802 1102 9346 9527 5113
4512 9 2 0 9 780 2636 2637 9470 9528 5126
4513 9 2 0 9 2467 2638 1825 9429 9529 8899
4514 9 2 0 9 1912 2933 2499 9530 9531 6382
4515 9 2 0 9 959 2441 2888 3828 9463 9532
4516 9 2 0 9 1650 1714 2618 8821 9533 9534
4517 9 2 0 9 943 955 2729 8621 7753 9535
4518 9 2 0 9 1344 2944 2703 9536 9537 9447
4519 9 2 0 9 2201 2202 2758 5345 5973 6922
4520 9 2 0 9 849 2220 2648 7866 9538 9539
4521 9 2 0 9 1860 2507 2781 9181 4078 9540
4522 9 2 0 9 1137 1139 2874 7684 9541 9542
4523 9 2 0 9 1826 1918 2943 7501 7144 7066
4524 9 2 0 9 2452 2681 2339 3866 9543 8792
4525 9 2 0 9 1505 1978 2504 9034 4865 9404
4526 9 2 0 9 1615 2570 2571 9334 9441 9078
4527 9 2 0 9 672 673 2685 722 7509 5300
4528 9 2 0 9 1737 2744 1738 9544 9545 8477
4529 9 2 0 9 1738 2744 2802 9545 9546 9547
4530 9 2 0 9 874 2326 2810 8325 8421 9548
4531 9 2 0 9 1778 2654 2793 9549 9550 5251
4532 9 2 0 9 2470 2621 1296 9397 5665 7756
4533 9 2 0 9 2011 2301 2862 6394 9551 9081
4534 9 2 0 9 1889 2896 2119 9552 9553 5848
4535 9 2 0 9 2003 2161 2872 5730 9305 3245
4536 9 2 0 9 2458 1869 2833 7883 9338 9517
4537 9 2 0 9 1774 2945 1776 9554 9555 8290
4538 9 2 0 9 243 2863 758 9556 9275 8458
4539 9 2 0 9 861 2235 2696 6113 3965 7594
4540 9 2 0 9 1165 1281 2532 8953 3857 9400
4541 9 2 0 9 1620 1691 2626 8042 3697 9471
4542 9 2 0 9 557 558 2692 607 7395 8435
4543 9 2 0 9 791 2329 2806 8357 7412 9557
4544 9 2 0 9 12 869 2663 6584 3347 8682
4545 9 2 0 9 1802 2528 2911 9526 9558 9106
4546 9 2 0 9 795 2324 2850 8299 9236 9559
4547 9 2 0 9 1218 2614 2389 9458 8909 8452
4548 9 2 0 9 1913 2282 2841 3760 9560 7027
4549 9 2 0 9 843 2354 2773 3397 9561 9562
4550 9 2 0 9 913 915 2563 8015 9563 9564
4551 9 2 0 9 1396 1461 2672 8494 9565 8808
4552 9 2 0 9 1812 2329 2842 6158 9516 7305
4553 9 2 0 9 77 78 2706 166 9200 9095
4554 9 2 0 9 1002 2775 2605 9566 9567 9388
4555 9 2 0 9 917 919 2559 8212 9568 9569
4556 9 2 0 9 1643 1645 2642 7829 9570 9571
4557 9 2 0 9 1009 1034 2619 8443 9572 9427
4558 9 2 0 9 1618 2904 2502 6645 9573 3480
4559 9 2 0 9 755 2289 2641 7522 6524 9574
4560 9 2 0 9 1479 1480 2640 8946 7457 9508
4561 9 2 0 9 1167 2532 2510 9401 5532 9124
4562 9 2 0 9 1867 2521 2649 9336 9575 9576
4563 9 2 0 9 533 2776 2662 9577 6624 9453
4564 9 2 0 9 868 2431 2816 7979 9578 4787
4565 9 2 0 9 646 2864 809 7794 3381 5408
4566 9 2 0 9 839 2780 2299 9415 9289 6343
4567 9 2 0 9 403 815 2676 7041 8921 8214
4568 9 2 0 9 1260 2799 2386 9579 7805 8359
4569 9 2 0 9 1888 2906 2539 9580 6811 9493
4570 9 2 0 9 2301 2333 2862 6999 9581 9551
4571 9 2 0 9 1602 2741 2293 9582 9583 3853
4572 9 2 0 9 757 2899 2579 9469 9584 3375
4573 9 2 0 9 2434 2604 1712 4148 8437 8626
4574 9 2 0 9 1810 2691 2901 2990 9585 9027
4575 9 2 0 9 1762 2667 1763 3702 8669 7238
4576 9 2 0 9 242 852 2863 8631 9324 9586
4577 9 2 0 9 222 2742 783 9587 9215 8745
4578 9 2 0 9 864 2208 2815 5527 9588 6928
4579 9 2 0 9 1730 2710 2162 6735 9589 6048
4580 9 2 0 9 1139 2359 2874 8039 6872 9541
4581 9 2 0 9 1816 2919 2381 9590 9347 3027
4582 9 2 0 9 1215 2793 2654 3621 9550 8016
4583 9 2 0 9 21 22 2716 110 6792 8719
4584 9 2 0 9 1821 2828 2507 9591 7015 8994
4585 9 2 0 9 2101 2926 2104 9592 9593 5582
4586 9 2 0 9 1645 2573 2642 9285 9594 9570
4587 9 2 0 9 1226 2740 2877 9446 4267 9595
4588 9 2 0 9 819 2843 2607 9596 9597 9352
4589 9 2 0 9 1743 2593 2216 9598 3436 7726
4590 9 2 0 9 2805 2884 1892 7657 9599 9600
4591 9 2 0 9 684 685 2708 734 7913 8161
4592 9 2 0 9 2078 2387 2737 7492 9601 4523
4593 9 2 0 9 1406 2622 2404 9431 9602 8644
4594 9 2 0 9 2552 2947 2743 9603 9604 9605
4595 9 2 0 9 1549 1551 2682 7507 8219 8720
4596 9 2 0 9 856 2826 2598 5624 9606 8271
4597 9 2 0 9 1727 2587 2711 8852 9607 9608
4598 9 2 0 9 1444 1540 2704 8596 9265 9609
4599 9 2 0 9 866 2858 2591 9610 9140 9002
4600 9 2 0 9 952 959 2888 8561 9532 9611
4601 9 2 0 9 550 2812 827 9156 9612 6133
4602 9 2 0 9 1513 2859 2554 9613 9614 9281
4603 9 2 0 9 831 2783 2650 6321 9615 8257
4604 9 2 0 9 1433 1760 2946 8141 9255 9616
4605 9 2 0 9 2220 2634 2648 9478 9617 9538
4606 9 2 0 9 231 780 2754 8733 3637 9618
4607 9 2 0 9 1799 2766 2949 9474 9084 9048
4608 9 2 0 9 390 2895 2566 9619 9311 8960
4609 9 2 0 9 2482 1948 2809 4772 9620 9357
4610 9 2 0 9 768 2647 2344 4716 3688 8282
4611 9 2 0 9 1831 2543 2938 9042 8466 9621
4612 9 2 0 9 2066 2524 2924 3997 9330 5727
4613 9 2 0 9 2221 2764 2657 9622 9623 9503
4614 9 2 0 9 1272 2625 1354 9624 8163 8850
4615 9 2 0 9 228 782 2765 8744 9625 9626
4616 9 2 0 9 2474 2808 2225 9495 9627 8699
4617 9 2 0 9 1689 2643 2391 8640 9445 8072
4618 9 2 0 9 938 941 2651 7711 9628 9171
4619 9 2 0 9 2481 1493 2913 9038 9629 9630
4620 9 2 0 9 394 802 2679 7151 4588 8243
4621 9 2 0 9 1860 2781 2876 9540 9631 9632
4622 9 2 0 9 1967 2511 2653 8281 9248 3548
4623 9 2 0 9 1668 2952 2600 9633 9634 9317
4624 9 2 0 9 793 2616 2908 9635 6385 9636
4625 9 2 0 9 1867 2649 1868 9576 9328 8339
4626 9 2 0 9 1630 2610 2930 8836 9637 9638
4627 9 2 0 9 2114 2807 2115 6389 9639 3775
4628 9 2 0 9 1895 2837 2675 6917 8944 7896
4629 9 2 0 9 1071 2642 2573 6363 9594 7186
4630 9 2 0 9 2486 1654 2690 8556 9640 9641
4631 9 2 0 9 566 2821 805 7865 9642 5944
4632 9 2 0 9 767 2668 2513 9643 3617 9287
4633 9 2 0 9 1515 2640 1848 9509 6631 8997
4634 9 2 0 9 1758 2809 1948 9644 9620 5521
4635 9 2 0 9 2132 2607 2843 8473 9597 9645
4636 9 2 0 9 1460 1761 2659 8198 8636 9514
4637 9 2 0 9 1256 2725 2649 9646 9247 9647
4638 9 2 0 9 1803 2822 2311 9648 9649 9182
4639 9 2 0 9 233 2848 778 9650 9651 8712
4640 9 2 0 9 39 40 2726 128 8612 8980
4641 9 2 0 9 1595 2664 1654 9423 9652 7933
4642 9 2 0 9 1029 1035 2653 8224 3573 9166
4643 9 2 0 9 79 80 2734 168 9218 9136
4644 9 2 0 9 1585 1754 2823 6381 9653 6762
4645 9 2 0 9 1779 2388 2880 8709 9654 9655
4646 9 2 0 9 1647 1753 2530 9026 9656 9456
4647 9 2 0 9 790 2327 2660 8109 3653 9067
4648 9 2 0 9 950 2888 1038 9657 9462 8564
4649 9 2 0 9 1275 1367 2638 8647 9222 9428
4650 9 2 0 9 1157 2551 1360 9461 9298 9110
4651 9 2 0 9 1709 2558 2707 9227 7181 9658
4652 9 2 0 9 1364 2699 2520 9659 9118 9302
4653 9 2 0 9 800 2737 2387 9660 9601 3037
4654 9 2 0 9 1062 2921 2502 9661 9662 9663
4655 9 2 0 9 1599 2741 1602 8765 9582 6835
4656 9 2 0 9 2468 1776 2945 3974 9555 9664
4657 9 2 0 9 1638 2631 2621 9521 6307 9477
4658 9 2 0 9 887 2800 2350 5806 9665 8294
4659 9 2 0 9 1892 1893 2805 5901 7475 9600
4660 9 2 0 9 1724 2552 2743 9031 9605 9666
4661 9 2 0 9 1678 2670 2589 9667 9169 9408
4662 9 2 0 9 1048 2586 2363 9668 3988 8703
4663 9 2 0 9 1570 2585 2564 5458 9669 9176
4664 9 2 0 9 1155 1453 2551 9122 9670 9460
4665 9 2 0 9 754 2248 2852 8959 6196 9671
4666 9 2 0 9 1468 1643 2675 7639 9672 9035
4667 9 2 0 9 829 2449 2661 8463 4136 5889
4668 9 2 0 9 1430 2759 2638 9354 9673 9221
4669 9 2 0 9 1770 2764 2818 8563 9674 4350
4670 9 2 0 9 1470 2597 2722 8807 9675 8714
4671 9 2 0 9 1650 2618 1658 9534 8162 9145
4672 9 2 0 9 892 2694 2266 3275 8278 7210
4673 9 2 0 9 778 2542 2889 9676 5663 9677
4674 9 2 0 9 2068 2554 2859 8122 9614 3466
4675 9 2 0 9 1577 1578 2686 7681 9130 3236
4676 9 2 0 9 1892 2884 1894 9599 6756 5985
4677 9 2 0 9 379 380 2746 468 9103 9232
4678 9 2 0 9 919 1037 2559 9131 9055 9568
4679 9 2 0 9 1736 2213 2778 6099 9678 6930
4680 9 2 0 9 2435 2530 1753 9679 9656 9238
4681 9 2 0 9 885 2349 2673 8580 3817 9283
4682 9 2 0 9 1153 2555 1453 9487 9680 9121
4683 9 2 0 9 767 2350 2668 8308 9681 9643
4684 9 2 0 9 915 1106 2563 9143 8323 9563
4685 9 2 0 9 1224 1226 2877 4858 9595 7410
4686 9 2 0 9 1966 2932 2721 9682 4617 3486
4687 9 2 0 9 2018 2624 2931 5967 9683 9335
4688 9 2 0 9 1743 1745 2593 8192 8167 9598
4689 9 2 0 9 1700 2890 2332 8604 9308 3281
4690 9 2 0 9 2241 2669 2749 9684 9369 9685
4691 9 2 0 9 1853 2310 2611 9161 9360 9686
4692 9 2 0 9 2030 2742 2319 9687 9434 4191
4693 9 2 0 9 1026 1062 2904 7972 9688 9689
4694 9 2 0 9 2151 2870 2152 4819 9690 5896
4695 9 2 0 9 2214 2299 2769 6344 9507 8793
4696 9 2 0 9 1513 2338 2859 6164 7613 9613
4697 9 2 0 9 2150 2694 2914 8279 9691 9191
4698 9 2 0 9 770 2339 2681 8172 9543 3304
4699 9 2 0 9 1457 2632 2631 9522 3671 9520
4700 9 2 0 9 2356 2674 2564 9692 9510 9693
4701 9 2 0 9 985 1019 2916 5632 4498 7309
4702 9 2 0 9 2254 2515 2865 6964 9479 9694
4703 9 2 0 9 911 1050 2561 9179 3553 9499
4704 9 2 0 9 1972 2637 2636 7925 9528 9695
4705 9 2 0 9 1630 2930 2543 9638 9696 8414
4706 9 2 0 9 1040 2928 2445 5658 9325 4149
4707 9 2 0 9 1442 1444 2704 5958 9609 9364
4708 9 2 0 9 225 2855 855 9697 9698 8888
4709 9 2 0 9 917 2559 1106 9569 8989 9142
4710 9 2 0 9 849 2648 2731 9539 9699 9700
4711 9 2 0 9 1062 2502 2904 9663 9573 9688
4712 9 2 0 9 855 2855 2901 9698 9701 9702
4713 9 2 0 9 1048 2433 2586 9141 9703 9668
4714 9 2 0 9 1690 2827 2242 6664 5497 5790
4715 9 2 0 9 2485 1038 2620 9231 3412 9704
4716 9 2 0 9 1807 2722 2597 9705 9675 9307
4717 9 2 0 9 2212 2383 2834 7653 9425 9350
4718 9 2 0 9 1488 2712 1489 4511 4916 6545
4719 9 2 0 9 796 2172 2700 7660 5082 8204
4720 9 2 0 9 1678 1757 2670 8546 4122 9667
4721 9 2 0 9 2278 2830 2545 9706 9707 9058
4722 9 2 0 9 753 2669 2241 9708 9684 8250
4723 9 2 0 9 221 2742 222 9435 9587 299
4724 9 2 0 9 1225 2861 1227 6912 8683 4923
4725 9 2 0 9 1702 2648 2634 8763 9617 6347
4726 9 2 0 9 913 2563 1050 9564 3430 9178
4727 9 2 0 9 814 2709 2305 8424 4161 7665
4728 9 2 0 9 1725 2757 2032 9709 9483 4278
4729 9 2 0 9 2435 2762 2530 9710 9501 9679
4730 9 2 0 9 1552 2732 2037 9025 6763 7495
4731 9 2 0 9 761 2432 2710 7503 9711 4070
4732 9 2 0 9 2486 2690 1397 9641 9712 9245
4733 9 2 0 9 1256 2649 2521 9647 9575 8860
4734 9 2 0 9 862 2558 2932 7182 5583 9497
4735 9 2 0 9 2104 2926 2386 9593 9713 4999
4736 9 2 0 9 2487 2778 2213 9523 9678 6160
4737 9 2 0 9 1034 2717 2619 9714 9513 9572
4738 9 2 0 9 1062 2455 2921 8536 9715 9661
4739 9 2 0 9 1814 2919 1816 9467 9590 7101
4740 9 2 0 9 1337 2578 2909 9139 9128 9716
4741 9 2 0 9 1312 1313 2703 7464 9448 9717
4742 9 2 0 9 898 2392 2882 5469 9718 3504
4743 9 2 0 9 1270 2386 2926 8706 9713 9719
4744 9 2 0 9 773 2336 2688 8213 9405 6184
4745 9 2 0 9 1573 2666 2408 9214 4594 8648
4746 9 2 0 9 2544 2771 2845 9720 9721 9722
4747 9 2 0 9 1667 2674 2356 9021 9692 7786
4748 9 2 0 9 890 2518 2840 7298 9723 9036
4749 9 2 0 9 1778 1547 2654 9018 9724 9549
4750 9 2 0 9 1232 2687 1237 9148 9725 7561
4751 9 2 0 9 1605 1607 2718 7272 9192 9180
4752 9 2 0 9 1794 2652 1795 9186 3234 8900
4753 9 2 0 9 799 2285 2705 7521 7874 7569
4754 9 2 0 9 2047 2690 2760 9726 9727 9381
4755 9 2 0 9 1390 2767 2304 7718 7641 6646
4756 9 2 0 9 1864 2605 2775 9452 9567 9728
4757 9 2 0 9 1036 2702 2494 9729 9730 9230
4758 9 2 0 9 849 2731 2184 9700 9731 7671
4759 9 2 0 9 1256 1257 2725 7710 8462 9646
4760 9 2 0 9 1277 2880 2388 7585 9654 3907
4761 9 2 0 9 2030 2873 2742 9370 9216 9687
4762 9 2 0 9 1935 2914 2694 9315 9691 4244
4763 9 2 0 9 813 2548 2911 8759 9097 9732
4764 9 2 0 9 2158 2885 2159 8788 9380 6043
4765 9 2 0 9 1720 2225 2808 6951 9627 9733
4766 9 2 0 9 42 2737 800 8480 9660 7118
4767 9 2 0 9 1400 2311 2822 3607 9649 3127
4768 9 2 0 9 787 2334 2684 8091 9734 9735
4769 9 2 0 9 1643 2642 2675 9571 7897 9672
4770 9 2 0 9 533 534 2776 583 8439 9577
4771 9 2 0 9 1718 2701 2388 9419 3908 8374
4772 9 2 0 9 1787 2545 2830 8811 9707 9371
4773 9 2 0 9 1477 1890 2891 5816 8221 8906
4774 9 2 0 9 2306 2307 2797 9386 4953 9736
4775 9 2 0 9 1709 2707 1725 9658 9737 7961
4776 9 2 0 9 1654 2760 2690 9738 9727 9640
4777 9 2 0 9 1582 2544 2714 4827 9739 9271
4778 9 2 0 9 2356 2564 2585 9693 9669 8052
4779 9 2 0 9 2157 2159 2783 6044 9740 5383
4780 9 2 0 9 2481 2913 2629 9630 9741 4462
4781 9 2 0 9 681 682 2790 731 8085 8354
4782 9 2 0 9 1830 2245 2935 6166 8948 9742
4783 9 2 0 9 2005 2622 2520 9743 9437 7600
4784 9 2 0 9 647 648 2847 697 6574 4535
4785 9 2 0 9 652 653 2817 702 9402 7542
4786 9 2 0 9 92 93 2796 181 9418 8687
4787 9 2 0 9 67 68 2785 156 9310 9184
4788 9 2 0 9 1862 2720 2803 9744 9488 9745
4789 9 2 0 9 1905 2899 2588 9746 9747 3927
4790 9 2 0 9 2436 2799 2443 9748 9749 8617
4791 9 2 0 9 1603 2824 1606 8882 9257 6846
4792 9 2 0 9 1728 2657 2764 9093 9623 8562
4793 9 2 0 9 851 2841 2282 3728 9560 9098
4794 9 2 0 9 229 2765 2636 9750 9751 9406
4795 9 2 0 9 2461 2625 1272 9752 9624 8893
4796 9 2 0 9 231 2754 232 9618 9753 309
4797 9 2 0 9 1614 2874 2616 9754 6871 9491
4798 9 2 0 9 1100 1101 2715 8337 5723 8956
4799 9 2 0 9 1237 2687 2516 9725 9755 6758
4800 9 2 0 9 1783 2321 2850 8914 9756 9392
4801 9 2 0 9 2378 2711 2587 9757 9607 9372
4802 9 2 0 9 1502 2738 1503 5957 9195 7603
4803 9 2 0 9 2449 2293 2741 8347 9583 4603
4804 9 2 0 9 545 546 2825 595 8136 7859
4805 9 2 0 9 387 388 2804 476 9120 9262
4806 9 2 0 9 1820 2494 2702 9301 9730 9758
4807 9 2 0 9 228 2765 229 9626 9750 306
4808 9 2 0 9 1270 2727 1271 9759 9333 7871
4809 9 2 0 9 2484 2671 2454 9760 9761 9126
4810 9 2 0 9 2052 2600 2952 4877 9634 8915
4811 9 2 0 9 1885 2903 2414 8716 3307 8800
4812 9 2 0 9 775 2897 2466 3669 9762 9151
4813 9 2 0 9 1707 2937 2513 9763 9764 3616
4814 9 2 0 9 2205 2787 2940 5949 9765 5607
4815 9 2 0 9 838 2630 2935 8629 9766 7588
4816 9 2 0 9 2246 2930 2247 9767 9768 6220
4817 9 2 0 9 1754 2753 2823 9481 4533 9653
4818 9 2 0 9 1807 1809 2722 8307 3005 9705
4819 9 2 0 9 1517 2912 2761 9769 9464 9770
4820 9 2 0 9 2024 2240 2782 6433 9379 2968
4821 9 2 0 9 1720 2808 2269 9733 9771 4449
4822 9 2 0 9 2006 2699 2875 9119 9772 6501
4823 9 2 0 9 1797 2672 2498 8867 9773 9074
4824 9 2 0 9 1835 2182 2826 6945 9774 8890
4825 9 2 0 9 73 74 2819 162 9332 9208
4826 9 2 0 9 793 2747 2616 9204 9775 9635
4827 9 2 0 9 1703 2007 2891 6794 8907 8968
4828 9 2 0 9 1151 1337 2909 4455 9716 5224
4829 9 2 0 9 785 2814 2575 6263 9776 7989
4830 9 2 0 9 2091 2853 2775 7878 9777 9162
4831 9 2 0 9 2484 1837 2671 8858 4724 9760
4832 9 2 0 9 1825 2638 2759 9529 9673 9778
4833 9 2 0 9 1790 2748 2625 9779 9394 9780
4834 9 2 0 9 941 943 2729 7841 9535 9781
4835 9 2 0 9 1930 2898 2272 9782 6462 5777
4836 9 2 0 9 1034 2440 2717 8869 3091 9714
4837 9 2 0 9 778 2907 2542 9783 9337 9676
4838 9 2 0 9 753 2657 2669 9504 9784 9708
4839 9 2 0 9 1870 2915 1872 9785 9786 7604
4840 9 2 0 9 857 2925 2656 8241 9787 8365
4841 9 2 0 9 2218 2831 2627 8455 9788 3263
4842 9 2 0 9 1520 2711 2378 8843 9757 8428
4843 9 2 0 9 818 2756 2273 9789 3877 7541
4844 9 2 0 9 44 799 2755 7149 6088 8885
4845 9 2 0 9 1036 1119 2702 9030 9091 9729
4846 9 2 0 9 1846 2307 2894 5832 9790 7765
4847 9 2 0 9 2040 2733 2560 9791 9792 8696
4848 9 2 0 9 1737 1740 2744 7581 4489 9544
4849 9 2 0 9 224 2639 2855 9433 9793 9794
4850 9 2 0 9 850 2241 2749 7955 9685 9795
4851 9 2 0 9 263 894 2786 7098 9796 8657
4852 9 2 0 9 2184 2731 2849 9731 9797 9798
4853 9 2 0 9 2461 1790 2625 9044 9780 9752
4854 9 2 0 9 187 2791 895 8680 9799 7099
4855 9 2 0 9 881 2896 2602 9800 9801 9403
4856 9 2 0 9 941 2729 2651 9781 6746 9628
4857 9 2 0 9 2454 2695 1664 9802 9524 9076
4858 9 2 0 9 779 2881 2314 9201 9803 9127
4859 9 2 0 9 95 96 2892 184 9194 8661
4860 9 2 0 9 2431 1936 2816 4554 9804 9578
4861 9 2 0 9 2131 2132 2843 6914 9645 9805
4862 9 2 0 9 870 2830 2278 8955 9706 6941
4863 9 2 0 9 1097 2411 2763 7043 9115 9806
4864 9 2 0 9 2430 2232 2768 7224 9278 9395
4865 9 2 0 9 2208 2406 2815 6369 9807 9588
4866 9 2 0 9 827 2571 2626 9808 9440 3881
4867 9 2 0 9 848 2281 2933 8491 9809 9810
4868 9 2 0 9 1600 1601 2768 7631 9234 9277
4869 9 2 0 9 90 91 2917 179 8967 8721
4870 9 2 0 9 772 2745 2342 9063 4940 8232
4871 9 2 0 9 1531 2828 2702 7016 9811 9090
4872 9 2 0 9 1724 2743 2418 9666 8226 8530
4873 9 2 0 9 828 2264 2779 6994 5940 9812
4874 9 2 0 9 1397 2690 2557 9712 9813 9375
4875 9 2 0 9 783 2713 2639 9814 9490 9496
4876 9 2 0 9 1697 2773 2354 8504 9561 7126
4877 9 2 0 9 850 2749 2588 9795 9815 9449
4878 9 2 0 9 1766 2667 2954 8670 9816 5485
4879 9 2 0 9 1933 2816 1936 9342 9804 8328
4880 9 2 0 9 1359 2792 1715 9253 6816 7666
4881 9 2 0 9 815 2501 2870 8218 9817 4647
4882 9 2 0 9 81 82 2893 170 9280 9159
4883 9 2 0 9 390 391 2895 479 9111 9619
4884 9 2 0 9 855 2691 2360 9818 4086 9266
4885 9 2 0 9 2167 2784 2168 8249 6387 6648
4886 9 2 0 9 2254 2865 2292 9694 9426 6980
4887 9 2 0 9 1976 2772 1977 7663 8659 8774
4888 9 2 0 9 2045 2575 2814 8664 9776 9314
4889 9 2 0 9 2005 2720 2622 8818 9819 9743
4890 9 2 0 9 886 2753 2347 4534 9196 8300
4891 9 2 0 9 1819 2849 2731 4433 9797 9251
4892 9 2 0 9 1626 2918 2370 7621 9420 7045
4893 9 2 0 9 1960 2516 2687 6989 9755 4881
4894 9 2 0 9 778 2889 2318 9677 9820 9270
4895 9 2 0 9 1759 2780 1824 9290 9361 7857
4896 9 2 0 9 1648 2875 2699 9821 9772 9822
4897 9 2 0 9 847 2764 2221 9823 9622 7895
4898 9 2 0 9 2432 2162 2710 6403 9589 9711
4899 9 2 0 9 1862 2404 2720 8777 9824 9744
4900 9 2 0 9 2436 2105 2799 4466 7806 9748
4901 9 2 0 9 357 358 2923 446 9150 9273
4902 9 2 0 9 97 2786 2385 8642 9825 7515
4903 9 2 0 9 1798 2925 2366 9826 7706 6724
4904 9 2 0 9 1789 1894 2887 5986 7539 5418
4905 9 2 0 9 1097 2677 2433 9827 9828 9024
4906 9 2 0 9 894 2385 2786 9259 9825 9796
4907 9 2 0 9 1147 2730 1582 8804 6073 7626
4908 9 2 0 9 895 2791 2444 9799 9829 9152
4909 9 2 0 9 1140 2942 2036 8747 3447 7163
4910 9 2 0 9 2110 2112 2902 5886 7518 8950
4911 9 2 0 9 847 2222 2818 7674 9378 9830
4912 9 2 0 9 1426 2886 2493 8790 9831 5138
4913 9 2 0 9 2485 2693 955 9832 3169 9256
4914 9 2 0 9 825 2269 2808 7088 9771 9494
4915 9 2 0 9 2472 1648 2699 8976 9822 9833
4916 9 2 0 9 2048 2921 2557 9834 9835 8086
4917 9 2 0 9 762 2184 2849 7394 9798 9414
4918 9 2 0 9 1777 2614 2860 8910 9836 9837
4919 9 2 0 9 2427 2839 1971 9838 9839 8532
4920 9 2 0 9 843 2773 2420 9562 9000 7940
4921 9 2 0 9 2119 2896 2340 9553 9840 6464
4922 9 2 0 9 342 2444 2791 7696 9829 8672
4923 9 2 0 9 1966 2380 2932 4246 9498 9682
4924 9 2 0 9 2454 2671 2695 9761 9841 9802
4925 9 2 0 9 1102 2802 2744 9527 9546 3858
4926 9 2 0 9 1833 2832 1834 9295 9158 7429
4927 9 2 0 9 1727 2711 2820 9608 9412 9842
4928 9 2 0 9 1904 2749 2770 9843 9368 8919
4929 9 2 0 9 2247 2930 2610 9768 9637 7554
4930 9 2 0 9 2456 2761 2457 9844 9845 9174
4931 9 2 0 9 1683 1708 2867 6484 3097 4929
4932 9 2 0 9 2404 2622 2720 9602 9819 9824
4933 9 2 0 9 1746 2836 1992 9340 8148 8510
4934 9 2 0 9 2246 2543 2930 6207 9696 9767
4935 9 2 0 9 818 2533 2756 6932 4764 9789
4936 9 2 0 9 1790 1791 2748 8981 9188 9779
4937 9 2 0 9 2472 2699 1364 9833 9659 9155
4938 9 2 0 9 1805 2054 2839 5829 9473 9846
4939 9 2 0 9 2308 2866 2421 9847 4324 9390
4940 9 2 0 9 1596 2936 2609 9848 9849 9454
4941 9 2 0 9 2544 2845 2714 9722 9850 9739
4942 9 2 0 9 232 2848 233 9851 9650 310
4943 9 2 0 9 883 2525 2949 5467 9049 9852
4944 9 2 0 9 242 2863 243 9586 9556 320
4945 9 2 0 9 1930 2635 2898 3200 4395 9782
4946 9 2 0 9 224 2855 225 9794 9697 302
4947 9 2 0 9 2351 2735 2550 9853 4932 6119
4948 9 2 0 9 10 2879 1 9854 7053 98
4949 9 2 0 9 871 2833 2295 9518 9099 7487
4950 9 2 0 9 2419 2860 2614 9855 9836 9398
4951 9 2 0 9 1918 1919 2840 7455 8236 9856
4952 9 2 0 9 1924 2788 2752 4231 9857 9059
4953 9 2 0 9 801 2751 2506 9858 4743 6289
4954 9 2 0 9 1587 2617 2883 9519 9859 4279
4955 9 2 0 9 1813 2731 2648 9252 9699 8762
4956 9 2 0 9 1944 2703 2944 9213 9537 9207
4957 9 2 0 9 833 2743 2947 8179 9604 9355
4958 9 2 0 9 787 2684 2862 9735 9082 9860
4959 9 2 0 9 232 2754 2848 9753 9861 9851
4960 9 2 0 9 2456 1517 2761 8805 9770 9844
4961 9 2 0 9 1721 2493 2886 6779 9831 4808
4962 9 2 0 9 1750 2141 2939 6488 4004 6854
4963 9 2 0 9 866 2274 2858 7419 7069 9610
4964 9 2 0 9 1002 1041 2775 8838 9163 9566
4965 9 2 0 9 2466 2897 2190 9762 8803 5141
4966 9 2 0 9 1699 1727 2801 7899 9862 9480
4967 9 2 0 9 1403 1777 2920 6651 9863 9173
4968 9 2 0 9 791 2806 2325 9557 9484 8012
4969 9 2 0 9 2047 2557 2690 8087 9813 9726
4970 9 2 0 9 1596 2376 2936 6301 6727 9848
4971 9 2 0 9 694 2829 2265 9292 7760 7567
4972 9 2 0 9 874 2810 2323 9548 9475 7980
4973 9 2 0 9 819 2475 2843 7966 9864 9596
4974 9 2 0 9 777 2894 2307 9865 9790 9385
4975 9 2 0 9 2230 2733 2577 8527 9866 9117
4976 9 2 0 9 1579 2418 2769 8694 8105 9506
4977 9 2 0 9 1694 2784 2514 6388 8781 8495
4978 9 2 0 9 2334 2934 2684 9867 9868 9734
4979 9 2 0 9 1870 2033 2915 8497 9444 9785
4980 9 2 0 9 1929 2272 2794 5778 9869 6703
4981 9 2 0 9 1831 2938 1833 9621 9505 7493
4982 9 2 0 9 2457 2761 2369 9845 9321 8484
4983 9 2 0 9 1279 2834 1280 9351 9410 7846
4984 9 2 0 9 847 2818 2764 9830 9674 9823
4985 9 2 0 9 1862 2803 1863 9745 3428 8558
4986 9 2 0 9 1253 1312 2788 8270 9870 9442
4987 9 2 0 9 1405 1864 2853 7191 9871 9422
4988 9 2 0 9 392 2851 801 8988 9872 7171
4989 9 2 0 9 1097 2763 2677 9806 9873 9827
4990 9 2 0 9 844 2284 2954 7499 5273 9874
4991 9 2 0 9 805 2695 2671 9875 9841 4388
4992 9 2 0 9 2281 2499 2933 9080 9531 9809
4993 9 2 0 9 1856 2735 2881 4933 9876 8267
4994 9 2 0 9 776 2421 2910 9391 4646 9877
4995 9 2 0 9 526 2266 2838 7406 6701 9359
4996 9 2 0 9 1889 2602 2896 8939 9801 9552
4997 9 2 0 9 1738 2802 2522 9547 9345 8253
4998 9 2 0 9 880 2809 2452 9358 9878 8791
4999 9 2 0 9 1803 1805 2822 6251 7565 9648
5000 9 2 0 9 755 2641 2872 9574 4748 9304
5001 9 2 0 9 1663 2900 1980 3415 9879 5781
5002 9 2 0 9 2182 2598 2826 7026 9606 9774
5003 9 2 0 9 1568 2581 2787 8964 9880 8368
5004 9 2 0 9 1714 2771 2618 9881 4571 9533
5005 9 2 0 9 1956 2882 2108 3505 9882 3162
5006 9 2 0 9 1860 2876 2950 9632 7651 9883
5007 9 2 0 9 876 2842 2328 8886 9515 8040
5008 9 2 0 9 816 2468 2945 8155 9664 9884
5009 9 2 0 9 795 2850 2321 9559 9756 7957
5010 9 2 0 9 2485 2620 2693 9704 9885 9832
5011 9 2 0 9 1725 2707 2757 9737 9886 9709
5012 9 2 0 9 1886 2695 2821 9525 9887 3888
5013 9 2 0 9 2048 2502 2921 3481 9662 9834
5014 9 2 0 9 1773 2940 2787 9888 9765 9889
5015 9 2 0 9 1691 2560 2733 9286 9792 8526
5016 9 2 0 9 1291 2762 2435 8251 9710 3844
5017 9 2 0 9 813 2911 2528 9732 9558 8447
5018 9 2 0 9 2280 2913 2674 9890 9891 9020
5019 9 2 0 9 2040 2577 2733 4360 9866 9791
5020 9 2 0 9 1714 2551 2845 9299 9892 9893
5021 9 2 0 9 798 2322 2869 7918 9476 9424
5022 9 2 0 9 1824 2815 2406 7686 9807 8560
5023 9 2 0 9 2433 2677 2586 9828 8512 9703
5024 9 2 0 9 2314 2735 2351 9894 9853 8999
5025 9 2 0 9 787 2862 2333 9860 9581 8083
5026 9 2 0 9 429 2844 2219 9377 7422 7767
5027 9 2 0 9 1706 2668 2800 3872 9895 8734
5028 9 2 0 9 1779 2880 2402 9655 3594 8341
5029 9 2 0 9 407 2953 818 8928 6931 6976
5030 9 2 0 9 1777 2860 2920 9837 9512 9863
5031 9 2 0 9 401 2929 813 8970 8758 7082
5032 9 2 0 9 1971 2839 2637 9839 9472 7924
5033 9 2 0 9 1825 2759 2590 9778 4769 9341
5034 9 2 0 9 1480 2495 2798 8006 7072 4258
5035 9 2 0 9 1312 2752 2788 9896 9857 9870
5036 9 2 0 9 1556 2539 2789 9190 6813 5678
5037 9 2 0 9 2099 2846 2383 8905 3049 7652
5038 9 2 0 9 754 2852 2287 9671 6397 8280
5039 9 2 0 9 950 952 2888 7673 9611 9657
5040 9 2 0 9 1453 2845 2551 9897 9892 9670
5041 9 2 0 9 827 2812 2571 9612 9898 9808
5042 9 2 0 9 1873 2616 2747 9492 9775 3703
5043 9 2 0 9 817 2919 2831 9348 9466 8454
5044 9 2 0 9 2084 2571 2812 9079 9898 7762
5045 9 2 0 9 2427 1805 2839 7566 9846 9838
5046 9 2 0 9 1260 2443 2799 8993 9749 9579
5047 9 2 0 9 2090 2757 2707 8942 9886 6447
5048 9 2 0 9 1453 2555 2714 9680 9272 9899
5049 9 2 0 9 1729 2669 2657 9900 9784 9092
5050 9 2 0 9 823 2771 2544 4805 9720 7085
5051 9 2 0 9 2306 2797 2315 9736 3389 9109
5052 9 2 0 9 1987 2677 2763 6231 9873 9382
5053 9 2 0 9 793 2908 2405 9636 8966 4695
5054 9 2 0 9 2159 2650 2783 9137 9615 9740
5055 9 2 0 9 1808 2684 2934 9053 9868 8582
5056 9 2 0 9 1517 1518 2912 8464 5690 9769
5057 9 2 0 9 1137 2874 1614 9542 9754 8749
5058 9 2 0 9 2103 2883 2617 6197 9859 4513
5059 9 2 0 9 1962 2609 2936 4784 9849 8133
5060 9 2 0 9 1448 2940 1773 9500 9888 7788
5061 9 2 0 9 1467 2837 2497 8945 5887 8837
5062 9 2 0 9 881 2340 2896 8225 9840 9800
5063 9 2 0 9 848 2933 2689 9810 9901 4411
5064 9 2 0 9 1714 2845 2771 9893 9721 9881
5065 9 2 0 9 2152 2870 2501 9690 9817 5707
5066 9 2 0 9 1820 2702 2828 9758 9811 9902
5067 9 2 0 9 1970 2927 2750 7939 9903 4393
5068 9 2 0 9 1760 2498 2857 8933 9904 5654
5069 9 2 0 9 1852 2854 1855 7360 3886 8405
5070 9 2 0 9 1918 2840 2518 9856 9723 5172
5071 9 2 0 9 1820 2828 1821 9902 9591 9209
5072 9 2 0 9 828 2779 2565 9812 9905 8829
5073 9 2 0 9 10 2529 2879 4460 5916 9854
5074 9 2 0 9 2115 2807 2774 9639 9306 9008
5075 9 2 0 9 1668 1952 2952 8589 6528 9633
5076 9 2 0 9 878 2934 2334 9906 9867 8112
5077 9 2 0 9 1938 2901 2855 9028 9701 9907
5078 9 2 0 9 1904 2588 2749 3928 9815 9843
5079 9 2 0 9 1659 1660 2868 8739 5767 8440
5080 9 2 0 9 1433 2946 1454 9616 9319 8671
5081 9 2 0 9 2452 2809 1758 9878 9644 5219
5082 9 2 0 9 1392 2860 2419 9165 9855 8425
5083 9 2 0 9 1312 2703 2752 9717 9212 9896
5084 9 2 0 9 2239 2565 2779 6669 9905 8812
5085 9 2 0 9 1769 2693 2620 6925 9885 3852
5086 9 2 0 9 1972 2636 2765 9695 9751 9908
5087 9 2 0 9 883 2949 2345 9852 9083 8269
5088 9 2 0 9 808 2876 2781 9393 9631 8069
5089 9 2 0 9 1707 2536 2937 6097 3462 9763
5090 9 2 0 9 2065 2924 2603 5728 9909 3046
5091 9 2 0 9 853 2871 2298 5460 9910 8912
5092 9 2 0 9 2475 2131 2843 5837 9805 9864
5093 9 2 0 9 1654 2664 2760 9652 5604 9738
5094 9 2 0 9 1938 2855 2639 9907 9793 9489
5095 9 2 0 9 1859 2394 2951 6449 9911 9912
5096 9 2 0 9 1026 2904 2409 9689 6644 8908
5097 9 2 0 9 1773 2787 2581 9889 9880 9210
5098 9 2 0 9 1461 2857 2672 9373 9913 9565
5099 9 2 0 9 878 2665 2934 8799 8583 9906
5100 9 2 0 9 816 2945 2580 9884 9914 4446
5101 9 2 0 9 2308 2318 2866 9284 9915 9847
5102 9 2 0 9 1905 2579 2899 8045 9584 9746
5103 9 2 0 9 1648 2503 2875 9224 7835 9821
5104 9 2 0 9 777 2310 2894 9219 9160 9865
5105 9 2 0 9 774 2878 2611 3100 9916 9331
5106 9 2 0 9 1872 2915 2777 9786 9917 3271
5107 9 2 0 9 778 2848 2907 9651 9918 9783
5108 9 2 0 9 1755 2627 2831 9502 9788 9365
5109 9 2 0 9 2455 2557 2921 9376 9835 9715
5110 9 2 0 9 1858 1860 2950 8874 9883 3295
5111 9 2 0 9 1951 2654 2856 8017 9919 3301
5112 9 2 0 9 1830 2935 2630 9742 9766 7049
5113 9 2 0 9 2498 2672 2857 9773 9913 9904
5114 9 2 0 9 2350 2800 2668 9665 9895 9681
5115 9 2 0 9 2108 2882 2392 9882 9718 6698
5116 9 2 0 9 1729 2770 2669 4628 9367 9900
5117 9 2 0 9 776 2910 2309 9877 3639 9009
5118 9 2 0 9 855 2901 2691 9702 9585 9818
5119 9 2 0 9 2055 2848 2754 9920 9861 4529
5120 9 2 0 9 1864 2775 2853 9728 9777 9871
5121 9 2 0 9 805 2821 2695 9642 9887 9875
5122 9 2 0 9 1344 2517 2944 9073 5063 9536
5123 9 2 0 9 782 2927 2765 9921 9922 9625
5124 9 2 0 9 2267 2588 2899 9450 9747 9468
5125 9 2 0 9 821 2801 2820 9384 9923 9086
5126 9 2 0 9 1980 2900 2794 9879 8801 9924
5127 9 2 0 9 2280 2629 2913 9313 9741 9890
5128 9 2 0 9 2349 2513 2937 9316 9764 3194
5129 9 2 0 9 1806 2685 2947 7616 9356 9925
5130 9 2 0 9 877 2603 2924 9455 9909 9329
5131 9 2 0 9 1547 2856 2654 8771 9919 9724
5132 9 2 0 9 1806 2947 2552 9925 9603 9237
5133 9 2 0 9 1841 2951 2683 9926 9927 9409
5134 9 2 0 9 1727 2820 2801 9842 9923 9862
5135 9 2 0 9 1980 2794 2795 9924 9928 9929
5136 9 2 0 9 1774 2580 2945 9300 9914 9554
5137 9 2 0 9 844 2954 2667 9874 9816 4485
5138 9 2 0 9 782 2750 2927 6283 9903 9921
5139 9 2 0 9 1453 2714 2845 9899 9850 9897
5140 9 2 0 9 2298 2871 2795 9910 9930 8761
5141 9 2 0 9 2272 2795 2794 7284 9928 9869
5142 9 2 0 9 801 2851 2751 9872 9931 9858
5143 9 2 0 9 783 2873 2713 9217 9006 9814
5144 9 2 0 9 1798 2656 2925 8385 9787 9826
5145 9 2 0 9 1911 2931 2624 3970 9683 3565
5146 9 2 0 9 2314 2881 2735 9803 9876 9894
5147 9 2 0 9 1947 2751 2851 9029 9931 5166
5148 9 2 0 9 1493 2674 2913 9511 9891 9629
5149 9 2 0 9 2101 2727 2926 4185 9932 9592
5150 9 2 0 9 1980 2795 2871 9929 9930 8502
5151 9 2 0 9 1270 2926 2727 9719 9932 9759
5152 9 2 0 9 2318 2889 2866 9820 9933 9915
5153 9 2 0 9 1853 2611 2878 9686 9916 8984
5154 9 2 0 9 2394 2683 2951 9293 9927 9911
5155 9 2 0 9 1912 2689 2933 8521 9901 9530
5156 9 2 0 9 1888 2905 2906 3575 9934 9580
5157 9 2 0 9 1341 2777 2915 6934 9917 9443
5158 9 2 0 9 1859 2951 2941 9912 9935 7401
5159 9 2 0 9 1841 2941 2951 9202 9935 9926
5160 9 2 0 9 1751 2866 2889 4325 9933 5662
5161 9 2 0 9 1972 2765 2927 9908 9922 7938
5162 9 2 0 9 1161 2906 2905 8675 9934 4564
5163 9 2 0 9 2055 2907 2848 8297 9918 9920
$EndElements
