1.12447024E+00 1.12447775E+00 1.12448322E+00 1.12448610E+00 1.12448492E+00 1.12447966E+00 1.12447271E+00 1.12446771E+00 1.12446562E+00 1.12446614E+00 1.12446732E+00 1.12446733E+00 1.12446629E+00 1.12446490E+00 1.12446386E+00 1.12446359E+00 1.12446378E+00 1.12446407E+00 1.12446439E+00 1.12446479E+00 1.12446537E+00 1.12446620E+00 1.12446726E+00 1.12446852E+00 1.12446999E+00 1.12447169E+00 1.12447365E+00 1.12447589E+00 1.12447842E+00 1.12448126E+00 1.12448443E+00 1.12448797E+00 1.12449187E+00 1.12449617E+00 1.12450088E+00 1.12450601E+00 1.12451158E+00 1.12451758E+00 1.12452399E+00 1.12453083E+00 1.12453804E+00 1.12454556E+00 1.12455335E+00 1.12456131E+00 1.12456934E+00 1.12457724E+00 1.12458485E+00 1.12459188E+00 1.12459810E+00 1.12460304E+00 1.12460640E+00 1.12460752E+00 1.12460585E+00 1.12460049E+00 1.12459077E+00 1.12457540E+00 1.12455348E+00 1.12452327E+00 1.12448350E+00 1.12443185E+00 1.12436672E+00 1.12428495E+00 1.12418437E+00 1.12406118E+00 1.12391261E+00 1.12373353E+00 1.12352071E+00 1.12326778E+00 1.12297022E+00 1.12261995E+00 1.12221174E+00 1.12173610E+00 1.12118686E+00 1.12055176E+00 1.11982336E+00 1.11898772E+00 1.11803656E+00 1.11695240E+00 1.11572372E+00 1.11433331E+00 1.11277018E+00 1.11101047E+00 1.10903995E+00 1.10683511E+00 1.10438224E+00 1.10167980E+00 1.09869216E+00 1.09570991E+00 1.09246150E+00 1.08934846E+00 1.08599608E+00 1.08281532E+00 1.07943579E+00 1.07628578E+00 1.07296781E+00 1.06986867E+00 1.06662821E+00 1.06365248E+00 1.06056528E+00 1.05773849E+00 1.05482381E+00 1.05217279E+00 1.04945116E+00 1.04698401E+00 1.04446358E+00 1.04218996E+00 1.03987438E+00 1.03779335E+00 1.03568231E+00 1.03364740E+00 1.03158457E+00 1.02948872E+00 1.02737394E+00 1.02525485E+00 1.02311232E+00 1.02094278E+00 1.01877975E+00 1.01663168E+00 1.01441768E+00 1.01215339E+00 1.01001904E+00 1.00812303E+00 1.00620558E+00 1.00356655E+00 1.00000000E+00
1.17131223E+00 1.17130831E+00 1.17130117E+00 1.17129592E+00 1.17129308E+00 1.17129193E+00 1.17129102E+00 1.17128960E+00 1.17128814E+00 1.17128705E+00 1.17128638E+00 1.17128603E+00 1.17128587E+00 1.17128584E+00 1.17128598E+00 1.17128632E+00 1.17128686E+00 1.17128758E+00 1.17128851E+00 1.17128963E+00 1.17129098E+00 1.17129257E+00 1.17129441E+00 1.17129655E+00 1.17129900E+00 1.17130179E+00 1.17130494E+00 1.17130851E+00 1.17131251E+00 1.17131697E+00 1.17132194E+00 1.17132748E+00 1.17133362E+00 1.17134037E+00 1.17134777E+00 1.17135592E+00 1.17136480E+00 1.17137440E+00 1.17138477E+00 1.17139595E+00 1.17140787E+00 1.17142047E+00 1.17143375E+00 1.17144770E+00 1.17146218E+00 1.17147699E+00 1.17149196E+00 1.17150680E+00 1.17152129E+00 1.17153497E+00 1.17154757E+00 1.17155835E+00 1.17156658E+00 1.17157132E+00 1.17157194E+00 1.17156703E+00 1.17155557E+00 1.17153558E+00 1.17150563E+00 1.17146316E+00 1.17140631E+00 1.17133106E+00 1.17123497E+00 1.17111408E+00 1.17096530E+00 1.17078260E+00 1.17056236E+00 1.17029705E+00 1.16998090E+00 1.16960344E+00 1.16915856E+00 1.16863579E+00 1.16802880E+00 1.16732243E+00 1.16650753E+00 1.16556700E+00 1.16448836E+00 1.16324759E+00 1.16183659E+00 1.16023977E+00 1.15843545E+00 1.15638448E+00 1.15407585E+00 1.15148547E+00 1.14858789E+00 1.14536935E+00 1.14180076E+00 1.13823681E+00 1.13431813E+00 1.13050549E+00 1.12637557E+00 1.12244617E+00 1.11826641E+00 1.11436620E+00 1.11018972E+00 1.10621278E+00 1.10205561E+00 1.09824028E+00 1.09423033E+00 1.09050610E+00 1.08666657E+00 1.08318867E+00 1.07957201E+00 1.07622392E+00 1.07275373E+00 1.06959541E+00 1.06637933E+00 1.06349338E+00 1.06053096E+00 1.05761167E+00 1.05459221E+00 1.05149166E+00 1.04835416E+00 1.04516658E+00 1.04185827E+00 1.03843796E+00 1.03498001E+00 1.03143498E+00 1.02764954E+00 1.02368636E+00 1.01980112E+00 1.01599304E+00 1.01182754E+00 1.00651977E+00 1.00000000E+00
1.22349785E+00 1.22350463E+00 1.22349933E+00 1.22348202E+00 1.22346177E+00 1.22344648E+00 1.22343574E+00 1.22342782E+00 1.22342094E+00 1.22341449E+00 1.22340912E+00 1.22340516E+00 1.22340241E+00 1.22340057E+00 1.22339950E+00 1.22339909E+00 1.22339934E+00 1.22340016E+00 1.22340152E+00 1.22340334E+00 1.22340564E+00 1.22340840E+00 1.22341164E+00 1.22341541E+00 1.22341971E+00 1.22342458E+00 1.22343007E+00 1.22343627E+00 1.22344319E+00 1.22345088E+00 1.22345944E+00 1.22346900E+00 1.22347961E+00 1.22349130E+00 1.22350416E+00 1.22351838E+00 1.22353395E+00 1.22355089E+00 1.22356928E+00 1.22358927E+00 1.22361084E+00 1.22363393E+00 1.22365863E+00 1.22368500E+00 1.22371293E+00 1.22374222E+00 1.22377269E+00 1.22380410E+00 1.22383634E+00 1.22386908E+00 1.22390178E+00 1.22393329E+00 1.22396317E+00 1.22399094E+00 1.22401579E+00 1.22403596E+00 1.22404988E+00 1.22405482E+00 1.22404961E+00 1.22403167E+00 1.22399810E+00 1.22394294E+00 1.22386442E+00 1.22375969E+00 1.22362438E+00 1.22345029E+00 1.22323250E+00 1.22296092E+00 1.22262930E+00 1.22222451E+00 1.22173698E+00 1.22115328E+00 1.22047019E+00 1.21967239E+00 1.21874416E+00 1.21765873E+00 1.21639588E+00 1.21492452E+00 1.21325256E+00 1.21137022E+00 1.20922420E+00 1.20674862E+00 1.20395074E+00 1.20081146E+00 1.19727879E+00 1.19331972E+00 1.18892332E+00 1.18454143E+00 1.17967791E+00 1.17488800E+00 1.16969926E+00 1.16477589E+00 1.15952174E+00 1.15459161E+00 1.14927409E+00 1.14418178E+00 1.13885116E+00 1.13395035E+00 1.12877484E+00 1.12394310E+00 1.11895374E+00 1.11443154E+00 1.10970912E+00 1.10530825E+00 1.10072473E+00 1.09653884E+00 1.09226510E+00 1.08841869E+00 1.08445707E+00 1.08053513E+00 1.07646399E+00 1.07226597E+00 1.06799396E+00 1.06363118E+00 1.05909094E+00 1.05437037E+00 1.04955604E+00 1.04460578E+00 1.03934087E+00 1.03377483E+00 1.02819285E+00 1.02262720E+00 1.01653932E+00 1.00899324E+00 1.00000000E+00
1.26624501E+00 1.26623379E+00 1.26622634E+00 1.26622232E+00 1.26622081E+00 1.26622085E+00 1.26622224E+00 1.26622462E+00 1.26622781E+00 1.26623148E+00 1.26623549E+00 1.26623962E+00 1.26624386E+00 1.26624812E+00 1.26625239E+00 1.26625666E+00 1.26626097E+00 1.26626540E+00 1.26626997E+00 1.26627476E+00 1.26627983E+00 1.26628530E+00 1.26629122E+00 1.26629775E+00 1.26630494E+00 1.26631289E+00 1.26632170E+00 1.26633158E+00 1.26634257E+00 1.26635478E+00 1.26636832E+00 1.26638346E+00 1.26640030E+00 1.26641893E+00 1.26643947E+00 1.26646222E+00 1.26648722E+00 1.26651447E+00 1.26654415E+00 1.26657663E+00 1.26661196E+00 1.26665018E+00 1.26669128E+00 1.26673534E+00 1.26678248E+00 1.26683266E+00 1.26688555E+00 1.26694095E+00 1.26699911E+00 1.26705986E+00 1.26712190E+00 1.26718335E+00 1.26724502E+00 1.26730785E+00 1.26737021E+00 1.26742919E+00 1.26748235E+00 1.26752572E+00 1.26755926E+00 1.26758080E+00 1.26758578E+00 1.26756586E+00 1.26752094E+00 1.26745046E+00 1.26734768E+00 1.26720090E+00 1.26700346E+00 1.26674248E+00 1.26641216E+00 1.26599710E+00 1.26548308E+00 1.26485338E+00 1.26410947E+00 1.26323721E+00 1.26221147E+00 1.26099339E+00 1.25955710E+00 1.25786713E+00 1.25594905E+00 1.25379950E+00 1.25132907E+00 1.24844369E+00 1.24517405E+00 1.24150995E+00 1.23737446E+00 1.23271945E+00 1.22754858E+00 1.22240403E+00 1.21667146E+00 1.21099910E+00 1.20486238E+00 1.19905348E+00 1.19284212E+00 1.18699347E+00 1.18067699E+00 1.17462494E+00 1.16827910E+00 1.16243576E+00 1.15625777E+00 1.15048058E+00 1.14450675E+00 1.13908956E+00 1.13343322E+00 1.12815932E+00 1.12265994E+00 1.11762847E+00 1.11248077E+00 1.10783992E+00 1.10305787E+00 1.09832340E+00 1.09340847E+00 1.08833050E+00 1.08314664E+00 1.07784462E+00 1.07232903E+00 1.06658259E+00 1.06069848E+00 1.05464440E+00 1.04822325E+00 1.04140781E+00 1.03451062E+00 1.02759279E+00 1.02003069E+00 1.01080309E+00 1.00000000E+00
1.30072193E+00 1.30072020E+00 1.30072263E+00 1.30072821E+00 1.30073635E+00 1.30074607E+00 1.30075695E+00 1.30076837E+00 1.30078010E+00 1.30079175E+00 1.30080315E+00 1.30081409E+00 1.30082457E+00 1.30083456E+00 1.30084405E+00 1.30085306E+00 1.30086172E+00 1.30087016E+00 1.30087848E+00 1.30088690E+00 1.30089551E+00 1.30090450E+00 1.30091396E+00 1.30092415E+00 1.30093516E+00 1.30094717E+00 1.30096035E+00 1.30097506E+00 1.30099140E+00 1.30100952E+00 1.30102951E+00 1.30105175E+00 1.30107653E+00 1.30110406E+00 1.30113440E+00 1.30116792E+00 1.30120474E+00 1.30124492E+00 1.30128876E+00 1.30133695E+00 1.30138974E+00 1.30144712E+00 1.30150882E+00 1.30157488E+00 1.30164594E+00 1.30172228E+00 1.30180328E+00 1.30188878E+00 1.30197947E+00 1.30207535E+00 1.30217401E+00 1.30227275E+00 1.30237441E+00 1.30248192E+00 1.30259210E+00 1.30270008E+00 1.30280250E+00 1.30289415E+00 1.30297667E+00 1.30304868E+00 1.30310368E+00 1.30313098E+00 1.30313229E+00 1.30310953E+00 1.30305303E+00 1.30294672E+00 1.30278240E+00 1.30254479E+00 1.30222892E+00 1.30181744E+00 1.30129141E+00 1.30063111E+00 1.29984268E+00 1.29891335E+00 1.29780842E+00 1.29647734E+00 1.29489051E+00 1.29300915E+00 1.29087456E+00 1.28849054E+00 1.28573377E+00 1.28248371E+00 1.27879463E+00 1.27466638E+00 1.27000098E+00 1.26473959E+00 1.25889652E+00 1.25309149E+00 1.24661382E+00 1.24019290E+00 1.23325367E+00 1.22669598E+00 1.21967648E+00 1.21305291E+00 1.20590142E+00 1.19905412E+00 1.19186509E+00 1.18523778E+00 1.17822994E+00 1.17167343E+00 1.16488812E+00 1.15873426E+00 1.15231471E+00 1.14633363E+00 1.14009557E+00 1.13438204E+00 1.12852882E+00 1.12324761E+00 1.11780628E+00 1.11242133E+00 1.10683290E+00 1.10105285E+00 1.09514142E+00 1.08909155E+00 1.08280092E+00 1.07623971E+00 1.06950673E+00 1.06257649E+00 1.05523459E+00 1.04742346E+00 1.03948359E+00 1.03149947E+00 1.02277449E+00 1.01222154E+00 1.00000000E+00
1.32889460E+00 1.32889379E+00 1.32889787E+00 1.32890588E+00 1.32891713E+00 1.32893057E+00 1.32894575E+00 1.32896188E+00 1.32897867E+00 1.32899564E+00 1.32901256E+00 1.32902908E+00 1.32904524E+00 1.32906097E+00 1.32907616E+00 1.32909074E+00 1.32910489E+00 1.32911876E+00 1.32913250E+00 1.32914641E+00 1.32916060E+00 1.32917524E+00 1.32919041E+00 1.32920641E+00 1.32922343E+00 1.32924167E+00 1.32926143E+00 1.32928325E+00 1.32930730E+00 1.32933371E+00 1.32936247E+00 1.32939408E+00 1.32942919E+00 1.32946818E+00 1.32951092E+00 1.32955782E+00 1.32960919E+00 1.32966515E+00 1.32972621E+00 1.32979350E+00 1.32986740E+00 1.32994774E+00 1.33003389E+00 1.33012587E+00 1.33022507E+00 1.33033220E+00 1.33044625E+00 1.33056708E+00 1.33069590E+00 1.33083277E+00 1.33097408E+00 1.33111634E+00 1.33126475E+00 1.33142442E+00 1.33159007E+00 1.33175433E+00 1.33191309E+00 1.33206026E+00 1.33219936E+00 1.33232998E+00 1.33244356E+00 1.33252705E+00 1.33258379E+00 1.33261784E+00 1.33261648E+00 1.33255906E+00 1.33243614E+00 1.33223068E+00 1.33193864E+00 1.33154094E+00 1.33101413E+00 1.33033574E+00 1.32951624E+00 1.32854438E+00 1.32737658E+00 1.32595161E+00 1.32423721E+00 1.32219124E+00 1.31986863E+00 1.31728100E+00 1.31427504E+00 1.31070676E+00 1.30665204E+00 1.30211961E+00 1.29699418E+00 1.29121005E+00 1.28478915E+00 1.27841654E+00 1.27130261E+00 1.26424671E+00 1.25662680E+00 1.24943442E+00 1.24173160E+00 1.23445369E+00 1.22660098E+00 1.21908947E+00 1.21119582E+00 1.20391332E+00 1.19621411E+00 1.18901002E+00 1.18155069E+00 1.17478568E+00 1.16773546E+00 1.16117281E+00 1.15432882E+00 1.14805573E+00 1.14162364E+00 1.13581796E+00 1.12983757E+00 1.12392122E+00 1.11778285E+00 1.11142939E+00 1.10492375E+00 1.09826386E+00 1.09134135E+00 1.08411547E+00 1.07668995E+00 1.06904449E+00 1.06094905E+00 1.05232216E+00 1.04352867E+00 1.03467086E+00 1.02499574E+00 1.01336586E+00 1.00000000E+00
1.12551117E+00 1.12550739E+00 1.12550561E+00 1.12550489E+00 1.12550477E+00 1.12550459E+00 1.12550414E+00 1.12550320E+00 1.12550204E+00 1.12550104E+00 1.12550035E+00 1.12550005E+00 1.12549995E+00 1.12549991E+00 1.12549993E+00 1.12550003E+00 1.12550028E+00 1.12550069E+00 1.12550125E+00 1.12550195E+00 1.12550280E+00 1.12550381E+00 1.12550499E+00 1.12550637E+00 1.12550796E+00 1.12550977E+00 1.12551183E+00 1.12551415E+00 1.12551676E+00 1.12551967E+00 1.12552290E+00 1.12552650E+00 1.12553046E+00 1.12553481E+00 1.12553956E+00 1.12554473E+00 1.12555033E+00 1.12555635E+00 1.12556278E+00 1.12556961E+00 1.12557681E+00 1.12558429E+00 1.12559203E+00 1.12559991E+00 1.12560781E+00 1.12561556E+00 1.12562297E+00 1.12562975E+00 1.12563565E+00 1.12564021E+00 1.12564310E+00 1.12564364E+00 1.12564129E+00 1.12563513E+00 1.12562448E+00 1.12560802E+00 1.12558482E+00 1.12555313E+00 1.12551164E+00 1.12545802E+00 1.12539062E+00 1.12530628E+00 1.12520282E+00 1.12507638E+00 1.12492415E+00 1.12474100E+00 1.12452360E+00 1.12426549E+00 1.12396216E+00 1.12360567E+00 1.12319074E+00 1.12270774E+00 1.12215031E+00 1.12150641E+00 1.12076859E+00 1.11992282E+00 1.11896073E+00 1.11786493E+00 1.11662410E+00 1.11522103E+00 1.11364432E+00 1.11187028E+00 1.10988528E+00 1.10766649E+00 1.10519945E+00 1.10248185E+00 1.09947829E+00 1.09648337E+00 1.09322186E+00 1.09009507E+00 1.08672989E+00 1.08354309E+00 1.08015720E+00 1.07699393E+00 1.07366044E+00 1.07055397E+00 1.06730846E+00 1.06432587E+00 1.06123048E+00 1.05839581E+00 1.05547140E+00 1.05281026E+00 1.05007796E+00 1.04760128E+00 1.04507027E+00 1.04278632E+00 1.04045901E+00 1.03836654E+00 1.03624270E+00 1.03419287E+00 1.03211402E+00 1.03000359E+00 1.02787148E+00 1.02572754E+00 1.02355645E+00 1.02135757E+00 1.01915782E+00 1.01697017E+00 1.01473203E+00 1.01244413E+00 1.01023998E+00 1.00823655E+00 1.00621531E+00 1.00353027E+00 1.00000000E+00
1.16606765E+00 1.16607071E+00 1.16607296E+00 1.16607119E+00 1.16606710E+00 1.16606303E+00 1.16605999E+00 1.16605825E+00 1.16605702E+00 1.16605576E+00 1.16605455E+00 1.16605356E+00 1.16605291E+00 1.16605258E+00 1.16605250E+00 1.16605262E+00 1.16605294E+00 1.16605348E+00 1.16605425E+00 1.16605525E+00 1.16605649E+00 1.16605797E+00 1.16605973E+00 1.16606177E+00 1.16606413E+00 1.16606682E+00 1.16606988E+00 1.16607334E+00 1.16607722E+00 1.16608157E+00 1.16608640E+00 1.16609179E+00 1.16609776E+00 1.16610432E+00 1.16611152E+00 1.16611941E+00 1.16612800E+00 1.16613729E+00 1.16614731E+00 1.16615806E+00 1.16616951E+00 1.16618161E+00 1.16619435E+00 1.16620764E+00 1.16622137E+00 1.16623534E+00 1.16624938E+00 1.16626319E+00 1.16627653E+00 1.16628892E+00 1.16630004E+00 1.16630909E+00 1.16631544E+00 1.16631816E+00 1.16631654E+00 1.16630910E+00 1.16629480E+00 1.16627164E+00 1.16623812E+00 1.16619160E+00 1.16613020E+00 1.16605009E+00 1.16594884E+00 1.16582231E+00 1.16566725E+00 1.16547758E+00 1.16524950E+00 1.16497517E+00 1.16464919E+00 1.16426196E+00 1.16380733E+00 1.16327425E+00 1.16265555E+00 1.16193637E+00 1.16110783E+00 1.16015272E+00 1.15906013E+00 1.15780786E+00 1.15638473E+00 1.15477183E+00 1.15295081E+00 1.15088800E+00 1.14857057E+00 1.14597228E+00 1.14307030E+00 1.13985500E+00 1.13628849E+00 1.13272030E+00 1.12880559E+00 1.12501801E+00 1.12092710E+00 1.11704297E+00 1.11290176E+00 1.10901909E+00 1.10487936E+00 1.10097391E+00 1.09689327E+00 1.09313785E+00 1.08919994E+00 1.08555631E+00 1.08179413E+00 1.07837357E+00 1.07482487E+00 1.07156308E+00 1.06819266E+00 1.06512647E+00 1.06199813E+00 1.05918440E+00 1.05630108E+00 1.05347659E+00 1.05056652E+00 1.04758373E+00 1.04456450E+00 1.04149971E+00 1.03832856E+00 1.03506187E+00 1.03176525E+00 1.02841597E+00 1.02488529E+00 1.02120061E+00 1.01756070E+00 1.01401034E+00 1.01022937E+00 1.00558081E+00 1.00000000E+00
1.21442380E+00 1.21441127E+00 1.21439865E+00 1.21438759E+00 1.21437730E+00 1.21436753E+00 1.21435846E+00 1.21435050E+00 1.21434380E+00 1.21433834E+00 1.21433395E+00 1.21433048E+00 1.21432787E+00 1.21432603E+00 1.21432491E+00 1.21432441E+00 1.21432450E+00 1.21432512E+00 1.21432624E+00 1.21432783E+00 1.21432990E+00 1.21433245E+00 1.21433549E+00 1.21433906E+00 1.21434317E+00 1.21434786E+00 1.21435317E+00 1.21435918E+00 1.21436592E+00 1.21437345E+00 1.21438184E+00 1.21439120E+00 1.21440156E+00 1.21441301E+00 1.21442560E+00 1.21443945E+00 1.21445461E+00 1.21447109E+00 1.21448898E+00 1.21450835E+00 1.21452919E+00 1.21455151E+00 1.21457531E+00 1.21460057E+00 1.21462719E+00 1.21465499E+00 1.21468381E+00 1.21471334E+00 1.21474338E+00 1.21477344E+00 1.21480305E+00 1.21483120E+00 1.21485737E+00 1.21488075E+00 1.21490035E+00 1.21491421E+00 1.21492101E+00 1.21491813E+00 1.21490398E+00 1.21487539E+00 1.21482987E+00 1.21476233E+00 1.21467030E+00 1.21454940E+00 1.21439506E+00 1.21419908E+00 1.21395650E+00 1.21365704E+00 1.21329437E+00 1.21285643E+00 1.21233459E+00 1.21171497E+00 1.21099028E+00 1.21014244E+00 1.20915792E+00 1.20801270E+00 1.20669177E+00 1.20516756E+00 1.20343352E+00 1.20146767E+00 1.19923311E+00 1.19668205E+00 1.19380964E+00 1.19058510E+00 1.18696913E+00 1.18294577E+00 1.17847784E+00 1.17400687E+00 1.16907391E+00 1.16427504E+00 1.15909482E+00 1.15417934E+00 1.14892170E+00 1.14397809E+00 1.13869062E+00 1.13368602E+00 1.12845011E+00 1.12362501E+00 1.11855045E+00 1.11384002E+00 1.10897549E+00 1.10455455E+00 1.09995565E+00 1.09570875E+00 1.09130546E+00 1.08729042E+00 1.08318976E+00 1.07949730E+00 1.07570661E+00 1.07198121E+00 1.06813418E+00 1.06418113E+00 1.06016784E+00 1.05608214E+00 1.05184830E+00 1.04747151E+00 1.04303117E+00 1.03850329E+00 1.03374201E+00 1.02875918E+00 1.02377440E+00 1.01884459E+00 1.01360394E+00 1.00733139E+00 1.00000000E+00
1.25608607E+00 1.25607121E+00 1.25605884E+00 1.25604864E+00 1.25604045E+00 1.25603398E+00 1.25602905E+00 1.25602539E+00 1.25602286E+00 1.25602127E+00 1.25602050E+00 1.25602042E+00 1.25602096E+00 1.25602203E+00 1.25602360E+00 1.25602562E+00 1.25602810E+00 1.25603103E+00 1.25603442E+00 1.25603831E+00 1.25604273E+00 1.25604774E+00 1.25605338E+00 1.25605975E+00 1.25606690E+00 1.25607492E+00 1.25608389E+00 1.25609397E+00 1.25610520E+00 1.25611771E+00 1.25613161E+00 1.25614708E+00 1.25616423E+00 1.25618318E+00 1.25620402E+00 1.25622697E+00 1.25625211E+00 1.25627953E+00 1.25630936E+00 1.25634181E+00 1.25637694E+00 1.25641478E+00 1.25645532E+00 1.25649857E+00 1.25654456E+00 1.25659320E+00 1.25664423E+00 1.25669737E+00 1.25675252E+00 1.25680914E+00 1.25686640E+00 1.25692300E+00 1.25697885E+00 1.25703351E+00 1.25708524E+00 1.25713115E+00 1.25716955E+00 1.25719706E+00 1.25721220E+00 1.25721128E+00 1.25719080E+00 1.25714420E+00 1.25706900E+00 1.25696061E+00 1.25681254E+00 1.25661366E+00 1.25635766E+00 1.25603145E+00 1.25562807E+00 1.25513280E+00 1.25453380E+00 1.25381400E+00 1.25296639E+00 1.25197008E+00 1.25080558E+00 1.24944125E+00 1.24785904E+00 1.24602755E+00 1.24394549E+00 1.24158809E+00 1.23889882E+00 1.23581693E+00 1.23234869E+00 1.22846144E+00 1.22410083E+00 1.21924892E+00 1.21386970E+00 1.20849887E+00 1.20256809E+00 1.19679354E+00 1.19057240E+00 1.18468164E+00 1.17837858E+00 1.17244860E+00 1.16611313E+00 1.16012152E+00 1.15384948E+00 1.14806923E+00 1.14199379E+00 1.13635457E+00 1.13053255E+00 1.12524545E+00 1.11974970E+00 1.11467324E+00 1.10940785E+00 1.10460425E+00 1.09969572E+00 1.09527443E+00 1.09073693E+00 1.08627797E+00 1.08167573E+00 1.07694371E+00 1.07213225E+00 1.06723147E+00 1.06215787E+00 1.05690857E+00 1.05157050E+00 1.04612349E+00 1.04041262E+00 1.03443474E+00 1.02842530E+00 1.02245763E+00 1.01612663E+00 1.00863996E+00 1.00000000E+00
1.29067139E+00 1.29065916E+00 1.29064984E+00 1.29064289E+00 1.29063801E+00 1.29063476E+00 1.29063296E+00 1.29063230E+00 1.29063264E+00 1.29063378E+00 1.29063562E+00 1.29063804E+00 1.29064100E+00 1.29064444E+00 1.29064834E+00 1.29065270E+00 1.29065755E+00 1.29066293E+00 1.29066888E+00 1.29067551E+00 1.29068287E+00 1.29069106E+00 1.29070013E+00 1.29071026E+00 1.29072154E+00 1.29073412E+00 1.29074811E+00 1.29076377E+00 1.29078120E+00 1.29080056E+00 1.29082198E+00 1.29084573E+00 1.29087206E+00 1.29090117E+00 1.29093312E+00 1.29096822E+00 1.29100664E+00 1.29104858E+00 1.29109421E+00 1.29114394E+00 1.29119789E+00 1.29125606E+00 1.29131836E+00 1.29138485E+00 1.29145583E+00 1.29153129E+00 1.29161080E+00 1.29169409E+00 1.29178117E+00 1.29187142E+00 1.29196350E+00 1.29205573E+00 1.29214866E+00 1.29224225E+00 1.29233369E+00 1.29241883E+00 1.29249558E+00 1.29255978E+00 1.29261026E+00 1.29264273E+00 1.29265244E+00 1.29263124E+00 1.29257651E+00 1.29248325E+00 1.29234297E+00 1.29214135E+00 1.29187065E+00 1.29151526E+00 1.29106774E+00 1.29051087E+00 1.28982950E+00 1.28900354E+00 1.28802655E+00 1.28687564E+00 1.28552540E+00 1.28393697E+00 1.28209056E+00 1.27995230E+00 1.27752589E+00 1.27478497E+00 1.27165556E+00 1.26806568E+00 1.26403298E+00 1.25952487E+00 1.25447466E+00 1.24886447E+00 1.24265945E+00 1.23648109E+00 1.22966585E+00 1.22303478E+00 1.21590453E+00 1.20916788E+00 1.20196541E+00 1.19519110E+00 1.18796619E+00 1.18114472E+00 1.17400397E+00 1.16742532E+00 1.16051897E+00 1.15411340E+00 1.14750277E+00 1.14150392E+00 1.13527595E+00 1.12952689E+00 1.12356571E+00 1.11812704E+00 1.11256824E+00 1.10756119E+00 1.10242533E+00 1.09738107E+00 1.09217875E+00 1.08682904E+00 1.08138511E+00 1.07584028E+00 1.07010584E+00 1.06417136E+00 1.05812898E+00 1.05196300E+00 1.04551253E+00 1.03876266E+00 1.03196127E+00 1.02519535E+00 1.01802922E+00 1.00962105E+00 1.00000000E+00
1.31963374E+00 1.31962209E+00 1.31961377E+00 1.31960840E+00 1.31960553E+00 1.31960458E+00 1.31960533E+00 1.31960739E+00 1.31961061E+00 1.31961475E+00 1.31961968E+00 1.31962525E+00 1.31963143E+00 1.31963819E+00 1.31964547E+00 1.31965328E+00 1.31966170E+00 1.31967080E+00 1.31968066E+00 1.31969144E+00 1.31970322E+00 1.31971613E+00 1.31973024E+00 1.31974578E+00 1.31976291E+00 1.31978185E+00 1.31980278E+00 1.31982607E+00 1.31985187E+00 1.31988036E+00 1.31991166E+00 1.31994619E+00 1.31998437E+00 1.32002652E+00 1.32007260E+00 1.32012302E+00 1.32017810E+00 1.32023813E+00 1.32030336E+00 1.32037439E+00 1.32045141E+00 1.32053430E+00 1.32062289E+00 1.32071727E+00 1.32081808E+00 1.32092543E+00 1.32103859E+00 1.32115729E+00 1.32128167E+00 1.32141092E+00 1.32154310E+00 1.32167609E+00 1.32181113E+00 1.32194850E+00 1.32208421E+00 1.32221256E+00 1.32233112E+00 1.32243501E+00 1.32252339E+00 1.32259135E+00 1.32263276E+00 1.32263771E+00 1.32260336E+00 1.32252420E+00 1.32238985E+00 1.32218276E+00 1.32189398E+00 1.32150570E+00 1.32101015E+00 1.32038791E+00 1.31962066E+00 1.31868558E+00 1.31757714E+00 1.31627123E+00 1.31473696E+00 1.31292886E+00 1.31082629E+00 1.30839384E+00 1.30563959E+00 1.30253656E+00 1.29899600E+00 1.29493632E+00 1.29038545E+00 1.28531177E+00 1.27963878E+00 1.27334973E+00 1.26641063E+00 1.25951951E+00 1.25193081E+00 1.24455613E+00 1.23663937E+00 1.22917445E+00 1.22120244E+00 1.21370852E+00 1.20572923E+00 1.19820800E+00 1.19033680E+00 1.18308837E+00 1.17548774E+00 1.16844427E+00 1.16117820E+00 1.15458879E+00 1.14775554E+00 1.14145278E+00 1.13492052E+00 1.12896143E+00 1.12287013E+00 1.11738411E+00 1.11175988E+00 1.10623893E+00 1.10054902E+00 1.09469820E+00 1.08874160E+00 1.08267584E+00 1.07640825E+00 1.06992183E+00 1.06331266E+00 1.05656929E+00 1.04952673E+00 1.04216103E+00 1.03472957E+00 1.02732996E+00 1.01950342E+00 1.01037555E+00 1.00000000E+00
1.12667389E+00 1.12667216E+00 1.12667465E+00 1.12667722E+00 1.12667856E+00 1.12667791E+00 1.12667628E+00 1.12667471E+00 1.12667360E+00 1.12667310E+00 1.12667293E+00 1.12667282E+00 1.12667273E+00 1.12667266E+00 1.12667269E+00 1.12667288E+00 1.12667322E+00 1.12667369E+00 1.12667430E+00 1.12667504E+00 1.12667592E+00 1.12667697E+00 1.12667820E+00 1.12667963E+00 1.12668125E+00 1.12668311E+00 1.12668520E+00 1.12668757E+00 1.12669021E+00 1.12669317E+00 1.12669644E+00 1.12670008E+00 1.12670408E+00 1.12670846E+00 1.12671324E+00 1.12671844E+00 1.12672406E+00 1.12673009E+00 1.12673652E+00 1.12674334E+00 1.12675049E+00 1.12675793E+00 1.12676558E+00 1.12677335E+00 1.12678110E+00 1.12678865E+00 1.12679581E+00 1.12680228E+00 1.12680780E+00 1.12681190E+00 1.12681424E+00 1.12681410E+00 1.12681095E+00 1.12680387E+00 1.12679212E+00 1.12677439E+00 1.12674971E+00 1.12671631E+00 1.12667285E+00 1.12661696E+00 1.12654698E+00 1.12645973E+00 1.12635300E+00 1.12622288E+00 1.12606652E+00 1.12587876E+00 1.12565620E+00 1.12539232E+00 1.12508264E+00 1.12471926E+00 1.12429683E+00 1.12380565E+00 1.12323922E+00 1.12258569E+00 1.12183758E+00 1.12098078E+00 1.12000678E+00 1.11889842E+00 1.11764455E+00 1.11622788E+00 1.11463673E+00 1.11284783E+00 1.11084790E+00 1.10861431E+00 1.10613211E+00 1.10339894E+00 1.10037942E+00 1.09737127E+00 1.09409625E+00 1.09095702E+00 1.08758012E+00 1.08438526E+00 1.08099038E+00 1.07781498E+00 1.07446866E+00 1.07135552E+00 1.06810403E+00 1.06511321E+00 1.06200823E+00 1.05916461E+00 1.05622976E+00 1.05355815E+00 1.05081442E+00 1.04832686E+00 1.04578349E+00 1.04348744E+00 1.04114658E+00 1.03904049E+00 1.03690132E+00 1.03483429E+00 1.03273693E+00 1.03060808E+00 1.02845411E+00 1.02628187E+00 1.02408083E+00 1.02185172E+00 1.01961277E+00 1.01737721E+00 1.01510001E+00 1.01277293E+00 1.01049048E+00 1.00837383E+00 1.00625499E+00 1.00352459E+00 1.00000000E+00
1.15842387E+00 1.15842630E+00 1.15842677E+00 1.15842528E+00 1.15842294E+00 1.15842092E+00 1.15841937E+00 1.15841820E+00 1.15841717E+00 1.15841615E+00 1.15841527E+00 1.15841461E+00 1.15841420E+00 1.15841401E+00 1.15841402E+00 1.15841421E+00 1.15841458E+00 1.15841516E+00 1.15841593E+00 1.15841692E+00 1.15841813E+00 1.15841957E+00 1.15842126E+00 1.15842322E+00 1.15842548E+00 1.15842805E+00 1.15843097E+00 1.15843426E+00 1.15843796E+00 1.15844209E+00 1.15844669E+00 1.15845180E+00 1.15845744E+00 1.15846366E+00 1.15847046E+00 1.15847790E+00 1.15848599E+00 1.15849473E+00 1.15850412E+00 1.15851418E+00 1.15852486E+00 1.15853613E+00 1.15854793E+00 1.15856018E+00 1.15857276E+00 1.15858546E+00 1.15859811E+00 1.15861040E+00 1.15862208E+00 1.15863264E+00 1.15864173E+00 1.15864856E+00 1.15865253E+00 1.15865269E+00 1.15864827E+00 1.15863778E+00 1.15862016E+00 1.15859339E+00 1.15855599E+00 1.15850529E+00 1.15843942E+00 1.15835468E+00 1.15824862E+00 1.15811697E+00 1.15795645E+00 1.15776103E+00 1.15752688E+00 1.15724633E+00 1.15691414E+00 1.15652113E+00 1.15606109E+00 1.15552286E+00 1.15489905E+00 1.15417548E+00 1.15334349E+00 1.15238612E+00 1.15129307E+00 1.15004339E+00 1.14862508E+00 1.14701852E+00 1.14520724E+00 1.14316127E+00 1.14086692E+00 1.13829747E+00 1.13543169E+00 1.13226277E+00 1.12875085E+00 1.12524123E+00 1.12140044E+00 1.11769782E+00 1.11370488E+00 1.10991828E+00 1.10588043E+00 1.10209245E+00 1.09806989E+00 1.09429845E+00 1.09035884E+00 1.08672846E+00 1.08293162E+00 1.07943098E+00 1.07581513E+00 1.07252280E+00 1.06911514E+00 1.06599844E+00 1.06278720E+00 1.05987162E+00 1.05689674E+00 1.05421863E+00 1.05147895E+00 1.04880687E+00 1.04606460E+00 1.04326176E+00 1.04042470E+00 1.03754754E+00 1.03458519E+00 1.03154909E+00 1.02848738E+00 1.02539085E+00 1.02216109E+00 1.01880979E+00 1.01548474E+00 1.01225904E+00 1.00890500E+00 1.00485054E+00 1.00000000E+00
1.19777625E+00 1.19776923E+00 1.19776144E+00 1.19775329E+00 1.19774500E+00 1.19773712E+00 1.19772986E+00 1.19772347E+00 1.19771790E+00 1.19771314E+00 1.19770916E+00 1.19770593E+00 1.19770341E+00 1.19770154E+00 1.19770029E+00 1.19769959E+00 1.19769942E+00 1.19769975E+00 1.19770056E+00 1.19770182E+00 1.19770355E+00 1.19770574E+00 1.19770841E+00 1.19771158E+00 1.19771526E+00 1.19771951E+00 1.19772434E+00 1.19772983E+00 1.19773600E+00 1.19774292E+00 1.19775063E+00 1.19775924E+00 1.19776877E+00 1.19777929E+00 1.19779086E+00 1.19780358E+00 1.19781746E+00 1.19783257E+00 1.19784893E+00 1.19786661E+00 1.19788560E+00 1.19790588E+00 1.19792744E+00 1.19795021E+00 1.19797408E+00 1.19799888E+00 1.19802441E+00 1.19805035E+00 1.19807644E+00 1.19810214E+00 1.19812697E+00 1.19814997E+00 1.19817054E+00 1.19818770E+00 1.19820039E+00 1.19820667E+00 1.19820525E+00 1.19819353E+00 1.19816979E+00 1.19813075E+00 1.19807400E+00 1.19799476E+00 1.19789021E+00 1.19775534E+00 1.19758571E+00 1.19737334E+00 1.19711340E+00 1.19679592E+00 1.19641461E+00 1.19595789E+00 1.19541742E+00 1.19477922E+00 1.19403485E+00 1.19316668E+00 1.19216254E+00 1.19100024E+00 1.18966626E+00 1.18813491E+00 1.18639534E+00 1.18442354E+00 1.18219104E+00 1.17965932E+00 1.17681827E+00 1.17363523E+00 1.17007795E+00 1.16613878E+00 1.16177392E+00 1.15741449E+00 1.15263041E+00 1.14800940E+00 1.14303379E+00 1.13832009E+00 1.13328498E+00 1.12855878E+00 1.12353637E+00 1.11882077E+00 1.11389496E+00 1.10935616E+00 1.10460362E+00 1.10021583E+00 1.09568828E+00 1.09157023E+00 1.08730131E+00 1.08338678E+00 1.07934707E+00 1.07567651E+00 1.07193308E+00 1.06856375E+00 1.06511430E+00 1.06174355E+00 1.05828013E+00 1.05473709E+00 1.05114849E+00 1.04750531E+00 1.04375157E+00 1.03989836E+00 1.03600511E+00 1.03205959E+00 1.02795244E+00 1.02369369E+00 1.01944399E+00 1.01527751E+00 1.01095820E+00 1.00589309E+00 1.00000000E+00
1.23296858E+00 1.23295071E+00 1.23293010E+00 1.23290855E+00 1.23288687E+00 1.23286619E+00 1.23284672E+00 1.23282892E+00 1.23281285E+00 1.23279869E+00 1.23278640E+00 1.23277595E+00 1.23276729E+00 1.23276027E+00 1.23275483E+00 1.23275082E+00 1.23274818E+00 1.23274677E+00 1.23274656E+00 1.23274744E+00 1.23274938E+00 1.23275235E+00 1.23275632E+00 1.23276129E+00 1.23276728E+00 1.23277431E+00 1.23278241E+00 1.23279168E+00 1.23280215E+00 1.23281391E+00 1.23282701E+00 1.23284161E+00 1.23285778E+00 1.23287563E+00 1.23289524E+00 1.23291675E+00 1.23294024E+00 1.23296581E+00 1.23299354E+00 1.23302356E+00 1.23305590E+00 1.23309057E+00 1.23312752E+00 1.23316669E+00 1.23320805E+00 1.23325143E+00 1.23329653E+00 1.23334300E+00 1.23339056E+00 1.23343853E+00 1.23348614E+00 1.23353212E+00 1.23357598E+00 1.23361667E+00 1.23365252E+00 1.23368072E+00 1.23369963E+00 1.23370579E+00 1.23369731E+00 1.23367000E+00 1.23362050E+00 1.23354265E+00 1.23343305E+00 1.23328563E+00 1.23309432E+00 1.23284858E+00 1.23254225E+00 1.23216270E+00 1.23170261E+00 1.23114768E+00 1.23048684E+00 1.22970315E+00 1.22878734E+00 1.22771864E+00 1.22648069E+00 1.22504598E+00 1.22339852E+00 1.22150922E+00 1.21936922E+00 1.21695084E+00 1.21421367E+00 1.21111239E+00 1.20764302E+00 1.20376973E+00 1.19945093E+00 1.19468218E+00 1.18941708E+00 1.18417811E+00 1.17843787E+00 1.17290313E+00 1.16696374E+00 1.16135435E+00 1.15537027E+00 1.14976164E+00 1.14381604E+00 1.13824388E+00 1.13242890E+00 1.12707823E+00 1.12148469E+00 1.11632603E+00 1.11101083E+00 1.10618400E+00 1.10118628E+00 1.09660523E+00 1.09188039E+00 1.08759005E+00 1.08321780E+00 1.07928543E+00 1.07526325E+00 1.07133473E+00 1.06730199E+00 1.06317851E+00 1.05900209E+00 1.05476400E+00 1.05040341E+00 1.04592926E+00 1.04140684E+00 1.03682481E+00 1.03206971E+00 1.02714836E+00 1.02222841E+00 1.01738868E+00 1.01238887E+00 1.00661878E+00 1.00000000E+00
1.26264282E+00 1.26262810E+00 1.26261584E+00 1.26260577E+00 1.26259768E+00 1.26259129E+00 1.26258645E+00 1.26258293E+00 1.26258063E+00 1.26257937E+00 1.26257906E+00 1.26257958E+00 1.26258089E+00 1.26258291E+00 1.26258562E+00 1.26258899E+00 1.26259304E+00 1.26259777E+00 1.26260321E+00 1.26260944E+00 1.26261650E+00 1.26262445E+00 1.26263336E+00 1.26264335E+00 1.26265451E+00 1.26266696E+00 1.26268083E+00 1.26269629E+00 1.26271345E+00 1.26273248E+00 1.26275345E+00 1.26277660E+00 1.26280213E+00 1.26283022E+00 1.26286092E+00 1.26289445E+00 1.26293096E+00 1.26297061E+00 1.26301349E+00 1.26305982E+00 1.26310968E+00 1.26316297E+00 1.26321960E+00 1.26327947E+00 1.26334266E+00 1.26340894E+00 1.26347780E+00 1.26354878E+00 1.26362155E+00 1.26369516E+00 1.26376838E+00 1.26383949E+00 1.26390813E+00 1.26397307E+00 1.26403177E+00 1.26408027E+00 1.26411646E+00 1.26413595E+00 1.26413662E+00 1.26411325E+00 1.26406128E+00 1.26397302E+00 1.26384433E+00 1.26366796E+00 1.26343619E+00 1.26313580E+00 1.26275932E+00 1.26229174E+00 1.26172487E+00 1.26104192E+00 1.26022922E+00 1.25926729E+00 1.25814654E+00 1.25684396E+00 1.25533932E+00 1.25360045E+00 1.25160999E+00 1.24933693E+00 1.24677469E+00 1.24389338E+00 1.24064256E+00 1.23697158E+00 1.23288320E+00 1.22834063E+00 1.22329511E+00 1.21774674E+00 1.21164732E+00 1.20560425E+00 1.19900270E+00 1.19265483E+00 1.18586522E+00 1.17947351E+00 1.17266958E+00 1.16630459E+00 1.15957523E+00 1.15328347E+00 1.14672577E+00 1.14070090E+00 1.13441482E+00 1.12862616E+00 1.12266995E+00 1.11726899E+00 1.11168542E+00 1.10657246E+00 1.10130402E+00 1.09652414E+00 1.09165665E+00 1.08728241E+00 1.08281301E+00 1.07845138E+00 1.07397912E+00 1.06940942E+00 1.06478240E+00 1.06009047E+00 1.05526990E+00 1.05032749E+00 1.04533247E+00 1.04027510E+00 1.03503970E+00 1.02963051E+00 1.02422027E+00 1.01889174E+00 1.01340164E+00 1.00712975E+00 1.00000000E+00
1.28811224E+00 1.28809851E+00 1.28808734E+00 1.28807879E+00 1.28807250E+00 1.28806811E+00 1.28806546E+00 1.28806429E+00 1.28806447E+00 1.28806582E+00 1.28806825E+00 1.28807160E+00 1.28807588E+00 1.28808101E+00 1.28808696E+00 1.28809374E+00 1.28810140E+00 1.28810998E+00 1.28811952E+00 1.28813018E+00 1.28814200E+00 1.28815508E+00 1.28816952E+00 1.28818549E+00 1.28820313E+00 1.28822263E+00 1.28824413E+00 1.28826792E+00 1.28829413E+00 1.28832294E+00 1.28835444E+00 1.28838895E+00 1.28842679E+00 1.28846819E+00 1.28851311E+00 1.28856185E+00 1.28861461E+00 1.28867160E+00 1.28873289E+00 1.28879876E+00 1.28886928E+00 1.28894420E+00 1.28902330E+00 1.28910639E+00 1.28919370E+00 1.28928483E+00 1.28937899E+00 1.28947551E+00 1.28957397E+00 1.28967301E+00 1.28977086E+00 1.28986523E+00 1.28995585E+00 1.29004123E+00 1.29011784E+00 1.29018038E+00 1.29022628E+00 1.29025018E+00 1.29024977E+00 1.29021878E+00 1.29015137E+00 1.29003826E+00 1.28987458E+00 1.28965194E+00 1.28936121E+00 1.28898659E+00 1.28851952E+00 1.28794305E+00 1.28724833E+00 1.28641651E+00 1.28543163E+00 1.28427219E+00 1.28292874E+00 1.28137686E+00 1.27959295E+00 1.27754093E+00 1.27520279E+00 1.27254659E+00 1.26956803E+00 1.26623613E+00 1.26249239E+00 1.25828189E+00 1.25361366E+00 1.24845120E+00 1.24274037E+00 1.23648611E+00 1.22963881E+00 1.22288202E+00 1.21552417E+00 1.20846870E+00 1.20094392E+00 1.19388055E+00 1.18637834E+00 1.17937309E+00 1.17198443E+00 1.16509169E+00 1.15791675E+00 1.15133419E+00 1.14447849E+00 1.13817449E+00 1.13169581E+00 1.12582869E+00 1.11977193E+00 1.11423151E+00 1.10852809E+00 1.10335788E+00 1.09809660E+00 1.09337212E+00 1.08854953E+00 1.08384717E+00 1.07903054E+00 1.07411242E+00 1.06913458E+00 1.06409071E+00 1.05891507E+00 1.05361265E+00 1.04825564E+00 1.04283591E+00 1.03723639E+00 1.03145945E+00 1.02568176E+00 1.01998910E+00 1.01413605E+00 1.00749766E+00 1.00000000E+00
1.12796439E+00 1.12796516E+00 1.12797101E+00 1.12797560E+00 1.12797747E+00 1.12797624E+00 1.12797383E+00 1.12797209E+00 1.12797124E+00 1.12797118E+00 1.12797134E+00 1.12797134E+00 1.12797124E+00 1.12797118E+00 1.12797126E+00 1.12797154E+00 1.12797195E+00 1.12797248E+00 1.12797313E+00 1.12797390E+00 1.12797483E+00 1.12797593E+00 1.12797720E+00 1.12797867E+00 1.12798034E+00 1.12798223E+00 1.12798437E+00 1.12798678E+00 1.12798946E+00 1.12799246E+00 1.12799578E+00 1.12799945E+00 1.12800349E+00 1.12800791E+00 1.12801272E+00 1.12801794E+00 1.12802357E+00 1.12802960E+00 1.12803602E+00 1.12804280E+00 1.12804991E+00 1.12805727E+00 1.12806482E+00 1.12807244E+00 1.12808001E+00 1.12808731E+00 1.12809417E+00 1.12810027E+00 1.12810534E+00 1.12810890E+00 1.12811058E+00 1.12810965E+00 1.12810558E+00 1.12809742E+00 1.12808443E+00 1.12806523E+00 1.12803887E+00 1.12800350E+00 1.12795781E+00 1.12789938E+00 1.12782651E+00 1.12773600E+00 1.12762562E+00 1.12749139E+00 1.12733044E+00 1.12713756E+00 1.12690930E+00 1.12663912E+00 1.12632253E+00 1.12595163E+00 1.12552102E+00 1.12502093E+00 1.12444482E+00 1.12378098E+00 1.12302183E+00 1.12215325E+00 1.12116661E+00 1.12004499E+00 1.11877746E+00 1.11734664E+00 1.11574055E+00 1.11393647E+00 1.11192137E+00 1.10967255E+00 1.10717479E+00 1.10442609E+00 1.10139093E+00 1.09836978E+00 1.09508141E+00 1.09193038E+00 1.08854220E+00 1.08533845E+00 1.08193381E+00 1.07874741E+00 1.07538965E+00 1.07226951E+00 1.06901065E+00 1.06601041E+00 1.06289473E+00 1.06004104E+00 1.05709451E+00 1.05441123E+00 1.05165430E+00 1.04915385E+00 1.04659567E+00 1.04428496E+00 1.04192777E+00 1.03980517E+00 1.03764748E+00 1.03556012E+00 1.03344084E+00 1.03128913E+00 1.02910843E+00 1.02690328E+00 1.02466760E+00 1.02240215E+00 1.02011696E+00 1.01782338E+00 1.01549404E+00 1.01311648E+00 1.01074811E+00 1.00850586E+00 1.00629385E+00 1.00353151E+00 1.00000000E+00
1.14866032E+00 1.14866212E+00 1.14866270E+00 1.14866280E+00 1.14866255E+00 1.14866220E+00 1.14866171E+00 1.14866114E+00 1.14866055E+00 1.14866004E+00 1.14865963E+00 1.14865938E+00 1.14865925E+00 1.14865927E+00 1.14865942E+00 1.14865972E+00 1.14866017E+00 1.14866079E+00 1.14866158E+00 1.14866255E+00 1.14866371E+00 1.14866508E+00 1.14866667E+00 1.14866851E+00 1.14867062E+00 1.14867301E+00 1.14867571E+00 1.14867876E+00 1.14868217E+00 1.14868598E+00 1.14869022E+00 1.14869491E+00 1.14870009E+00 1.14870578E+00 1.14871200E+00 1.14871877E+00 1.14872612E+00 1.14873403E+00 1.14874252E+00 1.14875156E+00 1.14876113E+00 1.14877116E+00 1.14878161E+00 1.14879236E+00 1.14880329E+00 1.14881418E+00 1.14882487E+00 1.14883502E+00 1.14884437E+00 1.14885240E+00 1.14885875E+00 1.14886262E+00 1.14886344E+00 1.14886023E+00 1.14885218E+00 1.14883782E+00 1.14881610E+00 1.14878501E+00 1.14874308E+00 1.14868770E+00 1.14861699E+00 1.14852740E+00 1.14841649E+00 1.14827997E+00 1.14811462E+00 1.14791459E+00 1.14767611E+00 1.14739179E+00 1.14705661E+00 1.14666174E+00 1.14620113E+00 1.14566387E+00 1.14504269E+00 1.14432427E+00 1.14350016E+00 1.14255419E+00 1.14147653E+00 1.14024775E+00 1.13885602E+00 1.13728201E+00 1.13551078E+00 1.13351562E+00 1.13128276E+00 1.12878633E+00 1.12600713E+00 1.12294113E+00 1.11954895E+00 1.11616591E+00 1.11247269E+00 1.10892298E+00 1.10510080E+00 1.10148155E+00 1.09762632E+00 1.09401257E+00 1.09018844E+00 1.08661976E+00 1.08289303E+00 1.07945798E+00 1.07587533E+00 1.07258218E+00 1.06918074E+00 1.06608242E+00 1.06288377E+00 1.05996965E+00 1.05697509E+00 1.05426155E+00 1.05149303E+00 1.04899929E+00 1.04645295E+00 1.04397806E+00 1.04144790E+00 1.03886862E+00 1.03625627E+00 1.03360790E+00 1.03089533E+00 1.02812749E+00 1.02533306E+00 1.02251132E+00 1.01959885E+00 1.01659810E+00 1.01360344E+00 1.01070202E+00 1.00776776E+00 1.00425608E+00 1.00000000E+00
1.17521226E+00 1.17520991E+00 1.17520612E+00 1.17520160E+00 1.17519668E+00 1.17519180E+00 1.17518709E+00 1.17518273E+00 1.17517877E+00 1.17517528E+00 1.17517228E+00 1.17516978E+00 1.17516777E+00 1.17516623E+00 1.17516515E+00 1.17516450E+00 1.17516428E+00 1.17516447E+00 1.17516506E+00 1.17516605E+00 1.17516743E+00 1.17516921E+00 1.17517142E+00 1.17517406E+00 1.17517715E+00 1.17518073E+00 1.17518483E+00 1.17518948E+00 1.17519473E+00 1.17520062E+00 1.17520719E+00 1.17521450E+00 1.17522259E+00 1.17523151E+00 1.17524130E+00 1.17525201E+00 1.17526369E+00 1.17527634E+00 1.17528999E+00 1.17530466E+00 1.17532033E+00 1.17533695E+00 1.17535448E+00 1.17537281E+00 1.17539181E+00 1.17541128E+00 1.17543099E+00 1.17545060E+00 1.17546980E+00 1.17548799E+00 1.17550471E+00 1.17551899E+00 1.17553020E+00 1.17553724E+00 1.17553907E+00 1.17553378E+00 1.17552013E+00 1.17549560E+00 1.17545847E+00 1.17540553E+00 1.17533443E+00 1.17524076E+00 1.17512163E+00 1.17497195E+00 1.17478757E+00 1.17456115E+00 1.17428808E+00 1.17395920E+00 1.17356858E+00 1.17310549E+00 1.17256225E+00 1.17192585E+00 1.17118789E+00 1.17033244E+00 1.16934870E+00 1.16821707E+00 1.16692556E+00 1.16545140E+00 1.16378291E+00 1.16189746E+00 1.15977314E+00 1.15737879E+00 1.15470229E+00 1.15171366E+00 1.14838745E+00 1.14472161E+00 1.14067275E+00 1.13664260E+00 1.13224175E+00 1.12801416E+00 1.12347341E+00 1.11918188E+00 1.11461004E+00 1.11032963E+00 1.10580402E+00 1.10158076E+00 1.09717613E+00 1.09312115E+00 1.08889219E+00 1.08500509E+00 1.08099740E+00 1.07735268E+00 1.07358792E+00 1.07015556E+00 1.06662770E+00 1.06343198E+00 1.06017603E+00 1.05724621E+00 1.05425438E+00 1.05134484E+00 1.04836907E+00 1.04533621E+00 1.04226757E+00 1.03915761E+00 1.03597117E+00 1.03271921E+00 1.02943792E+00 1.02612379E+00 1.02270609E+00 1.01919096E+00 1.01568165E+00 1.01226167E+00 1.00880790E+00 1.00477598E+00 1.00000000E+00
1.19960991E+00 1.19959839E+00 1.19958451E+00 1.19956958E+00 1.19955410E+00 1.19953885E+00 1.19952410E+00 1.19951028E+00 1.19949750E+00 1.19948597E+00 1.19947569E+00 1.19946673E+00 1.19945905E+00 1.19945262E+00 1.19944741E+00 1.19944335E+00 1.19944040E+00 1.19943849E+00 1.19943760E+00 1.19943766E+00 1.19943866E+00 1.19944057E+00 1.19944337E+00 1.19944705E+00 1.19945164E+00 1.19945715E+00 1.19946359E+00 1.19947102E+00 1.19947947E+00 1.19948899E+00 1.19949962E+00 1.19951144E+00 1.19952450E+00 1.19953887E+00 1.19955459E+00 1.19957173E+00 1.19959033E+00 1.19961042E+00 1.19963203E+00 1.19965517E+00 1.19967984E+00 1.19970594E+00 1.19973337E+00 1.19976196E+00 1.19979159E+00 1.19982197E+00 1.19985275E+00 1.19988344E+00 1.19991365E+00 1.19994256E+00 1.19996941E+00 1.19999291E+00 1.20001233E+00 1.20002631E+00 1.20003326E+00 1.20003055E+00 1.20001656E+00 1.19998797E+00 1.19994275E+00 1.19987680E+00 1.19978695E+00 1.19966769E+00 1.19951544E+00 1.19932397E+00 1.19908797E+00 1.19879824E+00 1.19844911E+00 1.19802950E+00 1.19753258E+00 1.19694562E+00 1.19625905E+00 1.19545789E+00 1.19453295E+00 1.19346612E+00 1.19224411E+00 1.19084434E+00 1.18925326E+00 1.18744612E+00 1.18541227E+00 1.18312686E+00 1.18056147E+00 1.17768224E+00 1.17448077E+00 1.17092531E+00 1.16698559E+00 1.16266470E+00 1.15791657E+00 1.15321376E+00 1.14809495E+00 1.14319458E+00 1.13795387E+00 1.13301966E+00 1.12777545E+00 1.12287901E+00 1.11771805E+00 1.11291326E+00 1.10791246E+00 1.10331891E+00 1.09853805E+00 1.09415096E+00 1.08963750E+00 1.08554121E+00 1.08131577E+00 1.07746726E+00 1.07351624E+00 1.06994169E+00 1.06630510E+00 1.06303704E+00 1.05970354E+00 1.05646427E+00 1.05315466E+00 1.04978507E+00 1.04637928E+00 1.04293111E+00 1.03940258E+00 1.03580516E+00 1.03217865E+00 1.02851900E+00 1.02475322E+00 1.02088886E+00 1.01703276E+00 1.01326803E+00 1.00947578E+00 1.00510984E+00 1.00000000E+00
1.22057227E+00 1.22055721E+00 1.22054410E+00 1.22053287E+00 1.22052338E+00 1.22051545E+00 1.22050899E+00 1.22050382E+00 1.22049986E+00 1.22049698E+00 1.22049511E+00 1.22049413E+00 1.22049400E+00 1.22049466E+00 1.22049606E+00 1.22049818E+00 1.22050099E+00 1.22050451E+00 1.22050872E+00 1.22051367E+00 1.22051937E+00 1.22052585E+00 1.22053314E+00 1.22054132E+00 1.22055043E+00 1.22056056E+00 1.22057176E+00 1.22058414E+00 1.22059776E+00 1.22061270E+00 1.22062899E+00 1.22064677E+00 1.22066612E+00 1.22068714E+00 1.22070980E+00 1.22073420E+00 1.22076036E+00 1.22078831E+00 1.22081803E+00 1.22084950E+00 1.22088268E+00 1.22091731E+00 1.22095320E+00 1.22099003E+00 1.22102768E+00 1.22106564E+00 1.22110332E+00 1.22114002E+00 1.22117518E+00 1.22120760E+00 1.22123612E+00 1.22125897E+00 1.22127531E+00 1.22128336E+00 1.22128086E+00 1.22126424E+00 1.22123147E+00 1.22117834E+00 1.22110253E+00 1.22099895E+00 1.22086355E+00 1.22068965E+00 1.22047295E+00 1.22020620E+00 1.21988301E+00 1.21949241E+00 1.21902787E+00 1.21847671E+00 1.21783150E+00 1.21707788E+00 1.21620469E+00 1.21519556E+00 1.21404104E+00 1.21272173E+00 1.21122224E+00 1.20951782E+00 1.20759424E+00 1.20542592E+00 1.20300378E+00 1.20030198E+00 1.19728695E+00 1.19392329E+00 1.19020683E+00 1.18610572E+00 1.18158630E+00 1.17665745E+00 1.17127129E+00 1.16596474E+00 1.16021226E+00 1.15472672E+00 1.14888446E+00 1.14340477E+00 1.13759730E+00 1.13219015E+00 1.12650841E+00 1.12123273E+00 1.11575305E+00 1.11073046E+00 1.10551434E+00 1.10073652E+00 1.09583035E+00 1.09138573E+00 1.08680808E+00 1.08264398E+00 1.07837431E+00 1.07451629E+00 1.07059624E+00 1.06707756E+00 1.06349248E+00 1.06001201E+00 1.05645983E+00 1.05284695E+00 1.04919866E+00 1.04550862E+00 1.04173732E+00 1.03789639E+00 1.03402783E+00 1.03012760E+00 1.02612170E+00 1.02201849E+00 1.01792687E+00 1.01392996E+00 1.00991225E+00 1.00532699E+00 1.00000000E+00
1.23880922E+00 1.23879502E+00 1.23878268E+00 1.23877267E+00 1.23876463E+00 1.23875835E+00 1.23875374E+00 1.23875058E+00 1.23874877E+00 1.23874816E+00 1.23874865E+00 1.23875012E+00 1.23875254E+00 1.23875583E+00 1.23875996E+00 1.23876488E+00 1.23877062E+00 1.23877717E+00 1.23878454E+00 1.23879280E+00 1.23880196E+00 1.23881206E+00 1.23882312E+00 1.23883524E+00 1.23884848E+00 1.23886292E+00 1.23887863E+00 1.23889572E+00 1.23891426E+00 1.23893427E+00 1.23895579E+00 1.23897891E+00 1.23900378E+00 1.23903044E+00 1.23905876E+00 1.23908880E+00 1.23912056E+00 1.23915400E+00 1.23918899E+00 1.23922546E+00 1.23926325E+00 1.23930190E+00 1.23934103E+00 1.23938012E+00 1.23941904E+00 1.23945700E+00 1.23949308E+00 1.23952631E+00 1.23955591E+00 1.23958026E+00 1.23959771E+00 1.23960597E+00 1.23960407E+00 1.23958979E+00 1.23956021E+00 1.23951074E+00 1.23943897E+00 1.23933990E+00 1.23921097E+00 1.23904623E+00 1.23884075E+00 1.23858679E+00 1.23827944E+00 1.23791063E+00 1.23747321E+00 1.23695464E+00 1.23634779E+00 1.23563887E+00 1.23482007E+00 1.23387588E+00 1.23279390E+00 1.23155689E+00 1.23015559E+00 1.22856993E+00 1.22678292E+00 1.22476827E+00 1.22251160E+00 1.21998728E+00 1.21718785E+00 1.21408734E+00 1.21064830E+00 1.20683438E+00 1.20264546E+00 1.19805036E+00 1.19301313E+00 1.18754820E+00 1.18160630E+00 1.17578015E+00 1.16948895E+00 1.16351128E+00 1.15716763E+00 1.15123743E+00 1.14496923E+00 1.13914770E+00 1.13304682E+00 1.12739542E+00 1.12153617E+00 1.11617572E+00 1.11061930E+00 1.10553807E+00 1.10032857E+00 1.09561638E+00 1.09076987E+00 1.08636625E+00 1.08185604E+00 1.07778509E+00 1.07365301E+00 1.06994768E+00 1.06617612E+00 1.06251769E+00 1.05878741E+00 1.05499672E+00 1.05117191E+00 1.04730667E+00 1.04336049E+00 1.03934506E+00 1.03530391E+00 1.03123309E+00 1.02705811E+00 1.02278789E+00 1.01853273E+00 1.01437571E+00 1.01020395E+00 1.00547110E+00 1.00000000E+00
1.12932957E+00 1.12933251E+00 1.12934072E+00 1.12934647E+00 1.12934847E+00 1.12934681E+00 1.12934402E+00 1.12934233E+00 1.12934181E+00 1.12934208E+00 1.12934245E+00 1.12934251E+00 1.12934242E+00 1.12934240E+00 1.12934255E+00 1.12934290E+00 1.12934338E+00 1.12934396E+00 1.12934465E+00 1.12934547E+00 1.12934645E+00 1.12934759E+00 1.12934890E+00 1.12935041E+00 1.12935212E+00 1.12935406E+00 1.12935624E+00 1.12935869E+00 1.12936141E+00 1.12936445E+00 1.12936781E+00 1.12937152E+00 1.12937559E+00 1.12938004E+00 1.12938487E+00 1.12939010E+00 1.12939573E+00 1.12940175E+00 1.12940814E+00 1.12941488E+00 1.12942191E+00 1.12942917E+00 1.12943658E+00 1.12944401E+00 1.12945135E+00 1.12945836E+00 1.12946486E+00 1.12947052E+00 1.12947506E+00 1.12947798E+00 1.12947891E+00 1.12947709E+00 1.12947197E+00 1.12946260E+00 1.12944819E+00 1.12942735E+00 1.12939910E+00 1.12936157E+00 1.12931341E+00 1.12925218E+00 1.12917614E+00 1.12908207E+00 1.12896772E+00 1.12882904E+00 1.12866313E+00 1.12846475E+00 1.12823038E+00 1.12795348E+00 1.12762957E+00 1.12725072E+00 1.12681146E+00 1.12630205E+00 1.12571585E+00 1.12504133E+00 1.12427076E+00 1.12339009E+00 1.12239057E+00 1.12125552E+00 1.11997432E+00 1.11852942E+00 1.11690856E+00 1.11508964E+00 1.11305981E+00 1.11079621E+00 1.10828346E+00 1.10552016E+00 1.10247051E+00 1.09943743E+00 1.09613663E+00 1.09297485E+00 1.08957632E+00 1.08636388E+00 1.08294972E+00 1.07975341E+00 1.07638503E+00 1.07325740E+00 1.06998995E+00 1.06697927E+00 1.06385180E+00 1.06098663E+00 1.05802669E+00 1.05532987E+00 1.05255726E+00 1.05004131E+00 1.04746520E+00 1.04513654E+00 1.04275946E+00 1.04061672E+00 1.03843655E+00 1.03632478E+00 1.03417905E+00 1.03199896E+00 1.02978560E+00 1.02754134E+00 1.02526429E+00 1.02295452E+00 1.02061529E+00 1.01825425E+00 1.01586210E+00 1.01342754E+00 1.01097084E+00 1.00859224E+00 1.00630013E+00 1.00353817E+00 1.00000000E+00
1.13674940E+00 1.13676423E+00 1.13677421E+00 1.13677848E+00 1.13677939E+00 1.13677959E+00 1.13677993E+00 1.13678085E+00 1.13678177E+00 1.13678229E+00 1.13678244E+00 1.13678243E+00 1.13678244E+00 1.13678259E+00 1.13678286E+00 1.13678322E+00 1.13678367E+00 1.13678424E+00 1.13678495E+00 1.13678581E+00 1.13678685E+00 1.13678806E+00 1.13678947E+00 1.13679109E+00 1.13679295E+00 1.13679506E+00 1.13679745E+00 1.13680013E+00 1.13680313E+00 1.13680647E+00 1.13681018E+00 1.13681428E+00 1.13681878E+00 1.13682372E+00 1.13682909E+00 1.13683493E+00 1.13684123E+00 1.13684797E+00 1.13685517E+00 1.13686278E+00 1.13687077E+00 1.13687906E+00 1.13688760E+00 1.13689624E+00 1.13690487E+00 1.13691327E+00 1.13692124E+00 1.13692846E+00 1.13693463E+00 1.13693925E+00 1.13694194E+00 1.13694192E+00 1.13693861E+00 1.13693105E+00 1.13691843E+00 1.13689931E+00 1.13687265E+00 1.13683652E+00 1.13678951E+00 1.13672910E+00 1.13665345E+00 1.13655922E+00 1.13644405E+00 1.13630376E+00 1.13613528E+00 1.13593314E+00 1.13569365E+00 1.13540996E+00 1.13507735E+00 1.13468751E+00 1.13423473E+00 1.13370877E+00 1.13310272E+00 1.13240439E+00 1.13160572E+00 1.13069186E+00 1.12965362E+00 1.12847339E+00 1.12714015E+00 1.12563557E+00 1.12394634E+00 1.12204903E+00 1.11993045E+00 1.11756648E+00 1.11494042E+00 1.11205045E+00 1.10885918E+00 1.10568352E+00 1.10222452E+00 1.09890847E+00 1.09534292E+00 1.09197141E+00 1.08838546E+00 1.08502721E+00 1.08148377E+00 1.07818933E+00 1.07474849E+00 1.07157702E+00 1.06827798E+00 1.06525259E+00 1.06212718E+00 1.05927957E+00 1.05634718E+00 1.05368306E+00 1.05095145E+00 1.04847983E+00 1.04595717E+00 1.04368317E+00 1.04136579E+00 1.03911847E+00 1.03682956E+00 1.03450098E+00 1.03213827E+00 1.02974134E+00 1.02730035E+00 1.02481880E+00 1.02230634E+00 1.01976716E+00 1.01717836E+00 1.01453525E+00 1.01187236E+00 1.00927845E+00 1.00675356E+00 1.00375745E+00 1.00000000E+00
1.14664719E+00 1.14665025E+00 1.14665154E+00 1.14665177E+00 1.14665125E+00 1.14665036E+00 1.14664917E+00 1.14664784E+00 1.14664644E+00 1.14664509E+00 1.14664384E+00 1.14664275E+00 1.14664184E+00 1.14664114E+00 1.14664064E+00 1.14664038E+00 1.14664035E+00 1.14664057E+00 1.14664103E+00 1.14664175E+00 1.14664274E+00 1.14664400E+00 1.14664556E+00 1.14664742E+00 1.14664961E+00 1.14665214E+00 1.14665504E+00 1.14665833E+00 1.14666204E+00 1.14666619E+00 1.14667081E+00 1.14667593E+00 1.14668157E+00 1.14668776E+00 1.14669452E+00 1.14670186E+00 1.14670979E+00 1.14671831E+00 1.14672741E+00 1.14673707E+00 1.14674724E+00 1.14675785E+00 1.14676883E+00 1.14678002E+00 1.14679131E+00 1.14680244E+00 1.14681320E+00 1.14682321E+00 1.14683218E+00 1.14683952E+00 1.14684478E+00 1.14684710E+00 1.14684586E+00 1.14683999E+00 1.14682854E+00 1.14680989E+00 1.14678289E+00 1.14674535E+00 1.14669573E+00 1.14663121E+00 1.14654974E+00 1.14644759E+00 1.14632216E+00 1.14616888E+00 1.14598430E+00 1.14576230E+00 1.14549887E+00 1.14518642E+00 1.14481983E+00 1.14439005E+00 1.14389070E+00 1.14331075E+00 1.14264279E+00 1.14187367E+00 1.14099447E+00 1.13998920E+00 1.13884787E+00 1.13755173E+00 1.13608977E+00 1.13444254E+00 1.13259445E+00 1.13052092E+00 1.12820933E+00 1.12563427E+00 1.12277713E+00 1.11963775E+00 1.11617702E+00 1.11273928E+00 1.10899778E+00 1.10541506E+00 1.10156982E+00 1.09793929E+00 1.09407987E+00 1.09047010E+00 1.08666502E+00 1.08312898E+00 1.07944022E+00 1.07604377E+00 1.07251212E+00 1.06927496E+00 1.06593492E+00 1.06289505E+00 1.05976463E+00 1.05692120E+00 1.05400652E+00 1.05137050E+00 1.04868276E+00 1.04626181E+00 1.04379493E+00 1.04140302E+00 1.03896668E+00 1.03648906E+00 1.03397771E+00 1.03143144E+00 1.02883778E+00 1.02620163E+00 1.02353539E+00 1.02084203E+00 1.01809550E+00 1.01529388E+00 1.01247547E+00 1.00972579E+00 1.00704748E+00 1.00390286E+00 1.00000000E+00
1.15598140E+00 1.15598035E+00 1.15597737E+00 1.15597312E+00 1.15596790E+00 1.15596221E+00 1.15595623E+00 1.15595028E+00 1.15594447E+00 1.15593897E+00 1.15593383E+00 1.15592915E+00 1.15592496E+00 1.15592129E+00 1.15591814E+00 1.15591554E+00 1.15591347E+00 1.15591194E+00 1.15591094E+00 1.15591045E+00 1.15591048E+00 1.15591102E+00 1.15591207E+00 1.15591363E+00 1.15591570E+00 1.15591829E+00 1.15592140E+00 1.15592506E+00 1.15592927E+00 1.15593405E+00 1.15593941E+00 1.15594536E+00 1.15595193E+00 1.15595912E+00 1.15596693E+00 1.15597536E+00 1.15598441E+00 1.15599404E+00 1.15600423E+00 1.15601491E+00 1.15602603E+00 1.15603745E+00 1.15604905E+00 1.15606062E+00 1.15607199E+00 1.15608285E+00 1.15609288E+00 1.15610161E+00 1.15610867E+00 1.15611332E+00 1.15611498E+00 1.15611258E+00 1.15610544E+00 1.15609229E+00 1.15607196E+00 1.15604247E+00 1.15600251E+00 1.15594954E+00 1.15588184E+00 1.15579621E+00 1.15569024E+00 1.15555977E+00 1.15540190E+00 1.15521157E+00 1.15498491E+00 1.15471516E+00 1.15439789E+00 1.15402484E+00 1.15359059E+00 1.15308539E+00 1.15250222E+00 1.15182947E+00 1.15105946E+00 1.15017838E+00 1.14917653E+00 1.14803716E+00 1.14674984E+00 1.14529531E+00 1.14366306E+00 1.14183311E+00 1.13978789E+00 1.13750250E+00 1.13496575E+00 1.13215192E+00 1.12904108E+00 1.12563592E+00 1.12189619E+00 1.11819446E+00 1.11417587E+00 1.11033799E+00 1.10623096E+00 1.10236315E+00 1.09825842E+00 1.09442702E+00 1.09039632E+00 1.08665616E+00 1.08276064E+00 1.07917928E+00 1.07545991E+00 1.07205446E+00 1.06854580E+00 1.06535657E+00 1.06207473E+00 1.05909607E+00 1.05604510E+00 1.05328807E+00 1.05047976E+00 1.04795234E+00 1.04537842E+00 1.04288410E+00 1.04034465E+00 1.03776389E+00 1.03515027E+00 1.03250215E+00 1.02980593E+00 1.02706722E+00 1.02429968E+00 1.02150575E+00 1.01865832E+00 1.01575687E+00 1.01284112E+00 1.00999508E+00 1.00722401E+00 1.00399062E+00 1.00000000E+00
1.16431066E+00 1.16430290E+00 1.16429248E+00 1.16428055E+00 1.16426746E+00 1.16425388E+00 1.16424008E+00 1.16422647E+00 1.16421322E+00 1.16420057E+00 1.16418862E+00 1.16417749E+00 1.16416723E+00 1.16415789E+00 1.16414947E+00 1.16414199E+00 1.16413543E+00 1.16412978E+00 1.16412500E+00 1.16412108E+00 1.16411798E+00 1.16411567E+00 1.16411411E+00 1.16411328E+00 1.16411315E+00 1.16411370E+00 1.16411490E+00 1.16411674E+00 1.16411920E+00 1.16412223E+00 1.16412583E+00 1.16412997E+00 1.16413464E+00 1.16413981E+00 1.16414541E+00 1.16415140E+00 1.16415774E+00 1.16416434E+00 1.16417112E+00 1.16417794E+00 1.16418470E+00 1.16419115E+00 1.16419709E+00 1.16420220E+00 1.16420630E+00 1.16420890E+00 1.16420959E+00 1.16420776E+00 1.16420292E+00 1.16419416E+00 1.16418072E+00 1.16416132E+00 1.16413518E+00 1.16410083E+00 1.16405685E+00 1.16400091E+00 1.16393154E+00 1.16384584E+00 1.16374201E+00 1.16361645E+00 1.16346646E+00 1.16328751E+00 1.16307641E+00 1.16282778E+00 1.16253743E+00 1.16219806E+00 1.16180501E+00 1.16134955E+00 1.16082613E+00 1.16022454E+00 1.15953730E+00 1.15875253E+00 1.15786254E+00 1.15685325E+00 1.15571441E+00 1.15442888E+00 1.15298612E+00 1.15136681E+00 1.14956118E+00 1.14754918E+00 1.14531175E+00 1.14282408E+00 1.14007656E+00 1.13704370E+00 1.13370469E+00 1.13006506E+00 1.12608379E+00 1.12215758E+00 1.11790749E+00 1.11385983E+00 1.10954057E+00 1.10548305E+00 1.10118489E+00 1.09718080E+00 1.09297648E+00 1.08908122E+00 1.08503003E+00 1.08131081E+00 1.07745292E+00 1.07392450E+00 1.07029356E+00 1.06699681E+00 1.06360697E+00 1.06053263E+00 1.05738596E+00 1.05454454E+00 1.05165262E+00 1.04905178E+00 1.04640453E+00 1.04384049E+00 1.04123132E+00 1.03858122E+00 1.03589923E+00 1.03318337E+00 1.03041948E+00 1.02761357E+00 1.02478003E+00 1.02192097E+00 1.01900885E+00 1.01604395E+00 1.01306673E+00 1.01016029E+00 1.00733182E+00 1.00404415E+00 1.00000000E+00
1.17142108E+00 1.17140356E+00 1.17138674E+00 1.17137142E+00 1.17135734E+00 1.17134454E+00 1.17133298E+00 1.17132258E+00 1.17131329E+00 1.17130499E+00 1.17129763E+00 1.17129110E+00 1.17128534E+00 1.17128027E+00 1.17127583E+00 1.17127194E+00 1.17126856E+00 1.17126563E+00 1.17126310E+00 1.17126094E+00 1.17125910E+00 1.17125753E+00 1.17125621E+00 1.17125511E+00 1.17125420E+00 1.17125345E+00 1.17125285E+00 1.17125237E+00 1.17125198E+00 1.17125164E+00 1.17125130E+00 1.17125091E+00 1.17125048E+00 1.17124995E+00 1.17124918E+00 1.17124811E+00 1.17124666E+00 1.17124469E+00 1.17124205E+00 1.17123858E+00 1.17123410E+00 1.17122825E+00 1.17122076E+00 1.17121120E+00 1.17119936E+00 1.17118463E+00 1.17116646E+00 1.17114410E+00 1.17111699E+00 1.17108406E+00 1.17104435E+00 1.17099640E+00 1.17093938E+00 1.17087164E+00 1.17079156E+00 1.17069647E+00 1.17058480E+00 1.17045339E+00 1.17030039E+00 1.17012195E+00 1.16991509E+00 1.16967500E+00 1.16939830E+00 1.16907942E+00 1.16871403E+00 1.16829440E+00 1.16781575E+00 1.16726911E+00 1.16664889E+00 1.16594466E+00 1.16514862E+00 1.16424882E+00 1.16323775E+00 1.16210127E+00 1.16082873E+00 1.15940287E+00 1.15781319E+00 1.15604056E+00 1.15407594E+00 1.15189944E+00 1.14949091E+00 1.14682579E+00 1.14389592E+00 1.14067614E+00 1.13714513E+00 1.13331085E+00 1.12913171E+00 1.12502394E+00 1.12058896E+00 1.11637567E+00 1.11189059E+00 1.10768629E+00 1.10323999E+00 1.09910483E+00 1.09476987E+00 1.09075895E+00 1.08659253E+00 1.08277199E+00 1.07881307E+00 1.07519559E+00 1.07147665E+00 1.06810299E+00 1.06463635E+00 1.06149441E+00 1.05828046E+00 1.05538005E+00 1.05242998E+00 1.04977829E+00 1.04708051E+00 1.04446864E+00 1.04181188E+00 1.03911468E+00 1.03638646E+00 1.03362502E+00 1.03081584E+00 1.02796518E+00 1.02508794E+00 1.02218601E+00 1.01923159E+00 1.01622553E+00 1.01320870E+00 1.01026356E+00 1.00739878E+00 1.00407725E+00 1.00000000E+00
1.11424587E+00 1.11424309E+00 1.11424445E+00 1.11424586E+00 1.11424658E+00 1.11424604E+00 1.11424486E+00 1.11424353E+00 1.11424227E+00 1.11424136E+00 1.11424081E+00 1.11424057E+00 1.11424050E+00 1.11424046E+00 1.11424044E+00 1.11424051E+00 1.11424069E+00 1.11424102E+00 1.11424149E+00 1.11424207E+00 1.11424277E+00 1.11424361E+00 1.11424461E+00 1.11424577E+00 1.11424712E+00 1.11424866E+00 1.11425042E+00 1.11425241E+00 1.11425466E+00 1.11425718E+00 1.11426000E+00 1.11426314E+00 1.11426662E+00 1.11427046E+00 1.11427467E+00 1.11427929E+00 1.11428432E+00 1.11428975E+00 1.11429559E+00 1.11430184E+00 1.11430848E+00 1.11431544E+00 1.11432269E+00 1.11433018E+00 1.11433779E+00 1.11434538E+00 1.11435281E+00 1.11435983E+00 1.11436623E+00 1.11437162E+00 1.11437574E+00 1.11437800E+00 1.11437792E+00 1.11437470E+00 1.11436775E+00 1.11435591E+00 1.11433838E+00 1.11431360E+00 1.11428042E+00 1.11423672E+00 1.11418107E+00 1.11411059E+00 1.11402328E+00 1.11391567E+00 1.11378520E+00 1.11362716E+00 1.11343856E+00 1.11321351E+00 1.11294780E+00 1.11263391E+00 1.11226695E+00 1.11183809E+00 1.11134153E+00 1.11076575E+00 1.11010373E+00 1.10934235E+00 1.10847377E+00 1.10748150E+00 1.10635461E+00 1.10507672E+00 1.10363736E+00 1.10201389E+00 1.10019276E+00 1.09815152E+00 1.09587706E+00 1.09336736E+00 1.09058888E+00 1.08781163E+00 1.08478312E+00 1.08187799E+00 1.07874692E+00 1.07577387E+00 1.07261287E+00 1.06966490E+00 1.06655882E+00 1.06365730E+00 1.06062238E+00 1.05783447E+00 1.05494258E+00 1.05229585E+00 1.04956673E+00 1.04708376E+00 1.04453542E+00 1.04222732E+00 1.03987144E+00 1.03774875E+00 1.03558781E+00 1.03364579E+00 1.03167758E+00 1.02978368E+00 1.02786807E+00 1.02592660E+00 1.02396951E+00 1.02201147E+00 1.02004141E+00 1.01805851E+00 1.01608703E+00 1.01413785E+00 1.01215482E+00 1.01016778E+00 1.00831484E+00 1.00668121E+00 1.00509112E+00 1.00294736E+00 1.00000000E+00
1.12836023E+00 1.12835591E+00 1.12835099E+00 1.12834922E+00 1.12834965E+00 1.12835066E+00 1.12835123E+00 1.12835105E+00 1.12835069E+00 1.12835059E+00 1.12835072E+00 1.12835094E+00 1.12835114E+00 1.12835132E+00 1.12835153E+00 1.12835182E+00 1.12835218E+00 1.12835261E+00 1.12835313E+00 1.12835374E+00 1.12835445E+00 1.12835529E+00 1.12835627E+00 1.12835742E+00 1.12835875E+00 1.12836028E+00 1.12836203E+00 1.12836404E+00 1.12836633E+00 1.12836891E+00 1.12837183E+00 1.12837514E+00 1.12837886E+00 1.12838302E+00 1.12838765E+00 1.12839282E+00 1.12839855E+00 1.12840484E+00 1.12841176E+00 1.12841935E+00 1.12842760E+00 1.12843649E+00 1.12844606E+00 1.12845636E+00 1.12846732E+00 1.12847887E+00 1.12849094E+00 1.12850340E+00 1.12851616E+00 1.12852897E+00 1.12854174E+00 1.12855405E+00 1.12856546E+00 1.12857544E+00 1.12858362E+00 1.12858917E+00 1.12859144E+00 1.12858920E+00 1.12858153E+00 1.12856676E+00 1.12854366E+00 1.12850941E+00 1.12846241E+00 1.12840003E+00 1.12832004E+00 1.12821811E+00 1.12809171E+00 1.12793541E+00 1.12774487E+00 1.12751214E+00 1.12723260E+00 1.12689858E+00 1.12650528E+00 1.12604074E+00 1.12549758E+00 1.12486222E+00 1.12412484E+00 1.12326637E+00 1.12227998E+00 1.12115225E+00 1.11986551E+00 1.11838852E+00 1.11671107E+00 1.11481155E+00 1.11267002E+00 1.11027488E+00 1.10759999E+00 1.10490670E+00 1.10192893E+00 1.09902250E+00 1.09586175E+00 1.09284130E+00 1.08961761E+00 1.08660302E+00 1.08337108E+00 1.08029206E+00 1.07706850E+00 1.07410894E+00 1.07100407E+00 1.06812567E+00 1.06514982E+00 1.06244227E+00 1.05963266E+00 1.05705108E+00 1.05438679E+00 1.05196444E+00 1.04949281E+00 1.04727025E+00 1.04499455E+00 1.04276660E+00 1.04047456E+00 1.03812643E+00 1.03574933E+00 1.03333830E+00 1.03084963E+00 1.02829155E+00 1.02570898E+00 1.02305521E+00 1.02023097E+00 1.01732580E+00 1.01450860E+00 1.01171496E+00 1.00866835E+00 1.00480819E+00 1.00000000E+00
1.15060840E+00 1.15059981E+00 1.15059529E+00 1.15059700E+00 1.15060152E+00 1.15060560E+00 1.15060890E+00 1.15061177E+00 1.15061487E+00 1.15061830E+00 1.15062168E+00 1.15062467E+00 1.15062730E+00 1.15062964E+00 1.15063175E+00 1.15063366E+00 1.15063537E+00 1.15063692E+00 1.15063834E+00 1.15063970E+00 1.15064101E+00 1.15064234E+00 1.15064373E+00 1.15064523E+00 1.15064687E+00 1.15064871E+00 1.15065078E+00 1.15065315E+00 1.15065586E+00 1.15065895E+00 1.15066247E+00 1.15066653E+00 1.15067116E+00 1.15067642E+00 1.15068237E+00 1.15068916E+00 1.15069680E+00 1.15070534E+00 1.15071487E+00 1.15072557E+00 1.15073748E+00 1.15075066E+00 1.15076517E+00 1.15078117E+00 1.15079872E+00 1.15081787E+00 1.15083859E+00 1.15086092E+00 1.15088499E+00 1.15091083E+00 1.15093817E+00 1.15096653E+00 1.15099608E+00 1.15102709E+00 1.15105919E+00 1.15109161E+00 1.15112354E+00 1.15115365E+00 1.15118177E+00 1.15120692E+00 1.15122743E+00 1.15123993E+00 1.15124411E+00 1.15123942E+00 1.15122295E+00 1.15118985E+00 1.15113737E+00 1.15105959E+00 1.15095275E+00 1.15080829E+00 1.15061972E+00 1.15037924E+00 1.15008562E+00 1.14972826E+00 1.14929483E+00 1.14876609E+00 1.14812824E+00 1.14736041E+00 1.14646782E+00 1.14543951E+00 1.14423509E+00 1.14280911E+00 1.14116416E+00 1.13928028E+00 1.13711999E+00 1.13465882E+00 1.13188286E+00 1.12906779E+00 1.12589874E+00 1.12274874E+00 1.11930817E+00 1.11601311E+00 1.11246631E+00 1.10911223E+00 1.10547075E+00 1.10197243E+00 1.09830089E+00 1.09491332E+00 1.09132680E+00 1.08797000E+00 1.08448427E+00 1.08130180E+00 1.07797095E+00 1.07487627E+00 1.07165593E+00 1.06870946E+00 1.06568925E+00 1.06295911E+00 1.06014279E+00 1.05735766E+00 1.05446851E+00 1.05148921E+00 1.04845174E+00 1.04534093E+00 1.04210076E+00 1.03873964E+00 1.03531187E+00 1.03176185E+00 1.02797094E+00 1.02401928E+00 1.02009723E+00 1.01613353E+00 1.01179305E+00 1.00644354E+00 1.00000000E+00
1.17141489E+00 1.17140295E+00 1.17139948E+00 1.17140553E+00 1.17141589E+00 1.17142624E+00 1.17143655E+00 1.17144718E+00 1.17145849E+00 1.17146997E+00 1.17148099E+00 1.17149108E+00 1.17150034E+00 1.17150883E+00 1.17151655E+00 1.17152346E+00 1.17152958E+00 1.17153498E+00 1.17153975E+00 1.17154400E+00 1.17154781E+00 1.17155127E+00 1.17155445E+00 1.17155751E+00 1.17156050E+00 1.17156352E+00 1.17156666E+00 1.17157010E+00 1.17157391E+00 1.17157818E+00 1.17158294E+00 1.17158835E+00 1.17159459E+00 1.17160180E+00 1.17161000E+00 1.17161939E+00 1.17163007E+00 1.17164212E+00 1.17165569E+00 1.17167122E+00 1.17168889E+00 1.17170879E+00 1.17173088E+00 1.17175534E+00 1.17178264E+00 1.17181312E+00 1.17184664E+00 1.17188345E+00 1.17192403E+00 1.17196872E+00 1.17201665E+00 1.17206718E+00 1.17212204E+00 1.17218303E+00 1.17224902E+00 1.17231868E+00 1.17239088E+00 1.17246389E+00 1.17253901E+00 1.17261623E+00 1.17269302E+00 1.17276548E+00 1.17283511E+00 1.17290388E+00 1.17296731E+00 1.17301911E+00 1.17305604E+00 1.17307147E+00 1.17306246E+00 1.17301957E+00 1.17293370E+00 1.17279671E+00 1.17261106E+00 1.17236687E+00 1.17204473E+00 1.17161808E+00 1.17107110E+00 1.17038258E+00 1.16956752E+00 1.16861425E+00 1.16745874E+00 1.16604149E+00 1.16437962E+00 1.16245556E+00 1.16021473E+00 1.15762079E+00 1.15466810E+00 1.15165391E+00 1.14821761E+00 1.14476204E+00 1.14097545E+00 1.13733799E+00 1.13339240E+00 1.12962755E+00 1.12551602E+00 1.12155262E+00 1.11737610E+00 1.11350114E+00 1.10937770E+00 1.10550015E+00 1.10146129E+00 1.09776477E+00 1.09388232E+00 1.09025831E+00 1.08647275E+00 1.08299887E+00 1.07942861E+00 1.07619227E+00 1.07284562E+00 1.06952735E+00 1.06607788E+00 1.06251152E+00 1.05886394E+00 1.05511862E+00 1.05121175E+00 1.04714678E+00 1.04298471E+00 1.03867115E+00 1.03407475E+00 1.02926216E+00 1.02444341E+00 1.01955321E+00 1.01420278E+00 1.00769851E+00 1.00000000E+00
1.18984819E+00 1.18982852E+00 1.18981803E+00 1.18982444E+00 1.18984098E+00 1.18986094E+00 1.18988238E+00 1.18990434E+00 1.18992734E+00 1.18995066E+00 1.18997345E+00 1.18999483E+00 1.19001486E+00 1.19003352E+00 1.19005071E+00 1.19006627E+00 1.19008026E+00 1.19009277E+00 1.19010391E+00 1.19011389E+00 1.19012280E+00 1.19013077E+00 1.19013791E+00 1.19014446E+00 1.19015057E+00 1.19015638E+00 1.19016208E+00 1.19016804E+00 1.19017439E+00 1.19018123E+00 1.19018850E+00 1.19019649E+00 1.19020566E+00 1.19021628E+00 1.19022824E+00 1.19024180E+00 1.19025719E+00 1.19027455E+00 1.19029417E+00 1.19031690E+00 1.19034303E+00 1.19037259E+00 1.19040527E+00 1.19044139E+00 1.19048206E+00 1.19052800E+00 1.19057886E+00 1.19063513E+00 1.19069771E+00 1.19076713E+00 1.19084187E+00 1.19092127E+00 1.19100896E+00 1.19110847E+00 1.19121737E+00 1.19133333E+00 1.19145494E+00 1.19158036E+00 1.19171254E+00 1.19185253E+00 1.19199681E+00 1.19214099E+00 1.19228811E+00 1.19244221E+00 1.19259700E+00 1.19274426E+00 1.19288025E+00 1.19299763E+00 1.19309406E+00 1.19315890E+00 1.19318052E+00 1.19315014E+00 1.19307280E+00 1.19293841E+00 1.19272080E+00 1.19238634E+00 1.19191807E+00 1.19129373E+00 1.19053519E+00 1.18963011E+00 1.18849375E+00 1.18705329E+00 1.18533956E+00 1.18333721E+00 1.18097664E+00 1.17821120E+00 1.17504052E+00 1.17178703E+00 1.16804811E+00 1.16426099E+00 1.16009930E+00 1.15608998E+00 1.15171796E+00 1.14752330E+00 1.14293225E+00 1.13850082E+00 1.13381553E+00 1.12945334E+00 1.12480221E+00 1.12042119E+00 1.11585159E+00 1.11166565E+00 1.10726592E+00 1.10315355E+00 1.09885210E+00 1.09490016E+00 1.09083382E+00 1.08714403E+00 1.08332673E+00 1.07954064E+00 1.07560399E+00 1.07152981E+00 1.06735693E+00 1.06307027E+00 1.05859965E+00 1.05394220E+00 1.04916433E+00 1.04421507E+00 1.03895344E+00 1.03343377E+00 1.02788214E+00 1.02224076E+00 1.01608018E+00 1.00866717E+00 1.00000000E+00
1.20665353E+00 1.20666518E+00 1.20667387E+00 1.20668245E+00 1.20669058E+00 1.20669822E+00 1.20670530E+00 1.20671182E+00 1.20671789E+00 1.20672366E+00 1.20672900E+00 1.20673385E+00 1.20673840E+00 1.20674281E+00 1.20674688E+00 1.20675052E+00 1.20675395E+00 1.20675733E+00 1.20676072E+00 1.20676437E+00 1.20676823E+00 1.20677225E+00 1.20677640E+00 1.20678085E+00 1.20678570E+00 1.20679098E+00 1.20679687E+00 1.20680385E+00 1.20681198E+00 1.20682114E+00 1.20683109E+00 1.20684220E+00 1.20685527E+00 1.20687065E+00 1.20688796E+00 1.20690750E+00 1.20692962E+00 1.20695456E+00 1.20698276E+00 1.20701555E+00 1.20705328E+00 1.20709573E+00 1.20714233E+00 1.20719370E+00 1.20725168E+00 1.20731738E+00 1.20739021E+00 1.20747095E+00 1.20756089E+00 1.20766071E+00 1.20776830E+00 1.20788308E+00 1.20801049E+00 1.20815568E+00 1.20831476E+00 1.20848410E+00 1.20866231E+00 1.20884773E+00 1.20904486E+00 1.20925563E+00 1.20947549E+00 1.20969937E+00 1.20993140E+00 1.21017710E+00 1.21042846E+00 1.21067504E+00 1.21091267E+00 1.21113329E+00 1.21133487E+00 1.21150541E+00 1.21163089E+00 1.21170132E+00 1.21172350E+00 1.21168685E+00 1.21155924E+00 1.21130040E+00 1.21089241E+00 1.21031092E+00 1.20958327E+00 1.20869754E+00 1.20755119E+00 1.20605902E+00 1.20426365E+00 1.20215080E+00 1.19963810E+00 1.19667083E+00 1.19325173E+00 1.18973056E+00 1.18566535E+00 1.18153114E+00 1.17697913E+00 1.17258622E+00 1.16778233E+00 1.16316050E+00 1.15810085E+00 1.15321724E+00 1.14804340E+00 1.14321817E+00 1.13807175E+00 1.13322329E+00 1.12816414E+00 1.12352984E+00 1.11866093E+00 1.11411007E+00 1.10934861E+00 1.10497223E+00 1.10046706E+00 1.09637820E+00 1.09214898E+00 1.08795577E+00 1.08359710E+00 1.07908425E+00 1.07445899E+00 1.06970864E+00 1.06475733E+00 1.05959562E+00 1.05429469E+00 1.04880734E+00 1.04298463E+00 1.03687061E+00 1.03070519E+00 1.02443834E+00 1.01760841E+00 1.00945213E+00 1.00000000E+00
1.11780250E+00 1.11780154E+00 1.11780569E+00 1.11780909E+00 1.11781047E+00 1.11780930E+00 1.11780709E+00 1.11780525E+00 1.11780408E+00 1.11780362E+00 1.11780350E+00 1.11780339E+00 1.11780327E+00 1.11780315E+00 1.11780313E+00 1.11780326E+00 1.11780354E+00 1.11780393E+00 1.11780444E+00 1.11780507E+00 1.11780583E+00 1.11780674E+00 1.11780781E+00 1.11780905E+00 1.11781047E+00 1.11781210E+00 1.11781396E+00 1.11781605E+00 1.11781841E+00 1.11782105E+00 1.11782399E+00 1.11782727E+00 1.11783089E+00 1.11783487E+00 1.11783924E+00 1.11784401E+00 1.11784919E+00 1.11785478E+00 1.11786077E+00 1.11786716E+00 1.11787391E+00 1.11788099E+00 1.11788833E+00 1.11789586E+00 1.11790348E+00 1.11791101E+00 1.11791832E+00 1.11792513E+00 1.11793122E+00 1.11793618E+00 1.11793972E+00 1.11794122E+00 1.11794017E+00 1.11793576E+00 1.11792734E+00 1.11791372E+00 1.11789403E+00 1.11786666E+00 1.11783041E+00 1.11778309E+00 1.11772318E+00 1.11764775E+00 1.11755473E+00 1.11744053E+00 1.11730251E+00 1.11713584E+00 1.11693740E+00 1.11670109E+00 1.11642263E+00 1.11609452E+00 1.11571173E+00 1.11526513E+00 1.11474867E+00 1.11415085E+00 1.11346456E+00 1.11267639E+00 1.11177830E+00 1.11075368E+00 1.10959162E+00 1.10827556E+00 1.10679452E+00 1.10512573E+00 1.10325605E+00 1.10116343E+00 1.09883392E+00 1.09626484E+00 1.09342242E+00 1.09058530E+00 1.08749302E+00 1.08452633E+00 1.08133149E+00 1.07830425E+00 1.07508624E+00 1.07207856E+00 1.06890843E+00 1.06595398E+00 1.06286643E+00 1.06002843E+00 1.05708348E+00 1.05438739E+00 1.05160581E+00 1.04907424E+00 1.04647583E+00 1.04412210E+00 1.04171839E+00 1.03955110E+00 1.03734328E+00 1.03535838E+00 1.03334530E+00 1.03140478E+00 1.02944030E+00 1.02744965E+00 1.02543951E+00 1.02342007E+00 1.02138268E+00 1.01932737E+00 1.01727380E+00 1.01523878E+00 1.01318036E+00 1.01109983E+00 1.00909387E+00 1.00727267E+00 1.00548049E+00 1.00312556E+00 1.00000000E+00
1.13288572E+00 1.13287255E+00 1.13285444E+00 1.13284121E+00 1.13283446E+00 1.13283319E+00 1.13283350E+00 1.13283219E+00 1.13282973E+00 1.13282725E+00 1.13282563E+00 1.13282510E+00 1.13282509E+00 1.13282506E+00 1.13282501E+00 1.13282501E+00 1.13282518E+00 1.13282555E+00 1.13282607E+00 1.13282670E+00 1.13282746E+00 1.13282836E+00 1.13282944E+00 1.13283071E+00 1.13283217E+00 1.13283387E+00 1.13283581E+00 1.13283803E+00 1.13284055E+00 1.13284340E+00 1.13284662E+00 1.13285024E+00 1.13285430E+00 1.13285882E+00 1.13286384E+00 1.13286941E+00 1.13287555E+00 1.13288229E+00 1.13288964E+00 1.13289766E+00 1.13290633E+00 1.13291564E+00 1.13292561E+00 1.13293623E+00 1.13294745E+00 1.13295915E+00 1.13297126E+00 1.13298361E+00 1.13299607E+00 1.13300836E+00 1.13302028E+00 1.13303134E+00 1.13304111E+00 1.13304899E+00 1.13305451E+00 1.13305666E+00 1.13305473E+00 1.13304731E+00 1.13303334E+00 1.13301089E+00 1.13297862E+00 1.13293367E+00 1.13287424E+00 1.13279726E+00 1.13270023E+00 1.13257846E+00 1.13242904E+00 1.13224583E+00 1.13202455E+00 1.13175750E+00 1.13143978E+00 1.13106254E+00 1.13061987E+00 1.13009936E+00 1.12949369E+00 1.12878860E+00 1.12797503E+00 1.12703424E+00 1.12595622E+00 1.12472436E+00 1.12332348E+00 1.12172537E+00 1.11991795E+00 1.11787779E+00 1.11558594E+00 1.11303310E+00 1.11018565E+00 1.10732053E+00 1.10416670E+00 1.10110894E+00 1.09779568E+00 1.09463957E+00 1.09126635E+00 1.08809771E+00 1.08471929E+00 1.08153389E+00 1.07819982E+00 1.07512874E+00 1.07191327E+00 1.06894149E+00 1.06586429E+00 1.06305721E+00 1.06015133E+00 1.05749315E+00 1.05475411E+00 1.05226378E+00 1.04971660E+00 1.04741973E+00 1.04507004E+00 1.04277800E+00 1.04042696E+00 1.03802013E+00 1.03557670E+00 1.03309572E+00 1.03054353E+00 1.02792400E+00 1.02527417E+00 1.02258350E+00 1.01977287E+00 1.01686245E+00 1.01397388E+00 1.01113817E+00 1.00814707E+00 1.00447056E+00 1.00000000E+00
1.15571749E+00 1.15570930E+00 1.15570419E+00 1.15570173E+00 1.15570079E+00 1.15570039E+00 1.15570048E+00 1.15570102E+00 1.15570203E+00 1.15570332E+00 1.15570475E+00 1.15570618E+00 1.15570759E+00 1.15570896E+00 1.15571030E+00 1.15571160E+00 1.15571287E+00 1.15571412E+00 1.15571537E+00 1.15571667E+00 1.15571802E+00 1.15571948E+00 1.15572107E+00 1.15572284E+00 1.15572482E+00 1.15572705E+00 1.15572958E+00 1.15573247E+00 1.15573575E+00 1.15573948E+00 1.15574371E+00 1.15574854E+00 1.15575400E+00 1.15576018E+00 1.15576711E+00 1.15577493E+00 1.15578367E+00 1.15579340E+00 1.15580421E+00 1.15581623E+00 1.15582949E+00 1.15584408E+00 1.15586005E+00 1.15587750E+00 1.15589646E+00 1.15591696E+00 1.15593898E+00 1.15596251E+00 1.15598755E+00 1.15601400E+00 1.15604165E+00 1.15607012E+00 1.15609930E+00 1.15612902E+00 1.15615875E+00 1.15618754E+00 1.15621473E+00 1.15623895E+00 1.15625945E+00 1.15627454E+00 1.15628278E+00 1.15628118E+00 1.15626841E+00 1.15624210E+00 1.15619920E+00 1.15613444E+00 1.15604468E+00 1.15592306E+00 1.15576527E+00 1.15556295E+00 1.15530998E+00 1.15499689E+00 1.15461818E+00 1.15415996E+00 1.15361221E+00 1.15295729E+00 1.15218376E+00 1.15127024E+00 1.15020975E+00 1.14898312E+00 1.14756320E+00 1.14591438E+00 1.14402893E+00 1.14187928E+00 1.13943544E+00 1.13668159E+00 1.13358430E+00 1.13044514E+00 1.12695164E+00 1.12353077E+00 1.11980798E+00 1.11624630E+00 1.11241163E+00 1.10878349E+00 1.10488869E+00 1.10119528E+00 1.09731434E+00 1.09372175E+00 1.08993705E+00 1.08641771E+00 1.08276139E+00 1.07941585E+00 1.07593283E+00 1.07272528E+00 1.06940221E+00 1.06636777E+00 1.06325510E+00 1.06043916E+00 1.05754601E+00 1.05470810E+00 1.05178371E+00 1.04877856E+00 1.04571634E+00 1.04259138E+00 1.03936149E+00 1.03603056E+00 1.03264301E+00 1.02918240E+00 1.02555982E+00 1.02179452E+00 1.01801754E+00 1.01425332E+00 1.01027681E+00 1.00555165E+00 1.00000000E+00
1.17727996E+00 1.17727688E+00 1.17727573E+00 1.17727627E+00 1.17727835E+00 1.17728151E+00 1.17728542E+00 1.17728966E+00 1.17729411E+00 1.17729858E+00 1.17730301E+00 1.17730728E+00 1.17731134E+00 1.17731516E+00 1.17731873E+00 1.17732206E+00 1.17732518E+00 1.17732813E+00 1.17733093E+00 1.17733366E+00 1.17733636E+00 1.17733909E+00 1.17734190E+00 1.17734487E+00 1.17734807E+00 1.17735157E+00 1.17735544E+00 1.17735980E+00 1.17736472E+00 1.17737028E+00 1.17737656E+00 1.17738370E+00 1.17739184E+00 1.17740110E+00 1.17741154E+00 1.17742337E+00 1.17743669E+00 1.17745167E+00 1.17746845E+00 1.17748732E+00 1.17750841E+00 1.17753187E+00 1.17755778E+00 1.17758637E+00 1.17761789E+00 1.17765259E+00 1.17769043E+00 1.17773163E+00 1.17777638E+00 1.17782479E+00 1.17787652E+00 1.17793129E+00 1.17798963E+00 1.17805194E+00 1.17811733E+00 1.17818464E+00 1.17825324E+00 1.17832175E+00 1.17838994E+00 1.17845631E+00 1.17851906E+00 1.17857499E+00 1.17862313E+00 1.17866157E+00 1.17868628E+00 1.17869090E+00 1.17867168E+00 1.17862063E+00 1.17853334E+00 1.17840018E+00 1.17821317E+00 1.17796153E+00 1.17763981E+00 1.17723213E+00 1.17672475E+00 1.17609569E+00 1.17533143E+00 1.17440789E+00 1.17331999E+00 1.17204470E+00 1.17054304E+00 1.16877210E+00 1.16672876E+00 1.16438106E+00 1.16168878E+00 1.15863115E+00 1.15517375E+00 1.15165449E+00 1.14771325E+00 1.14383266E+00 1.13960008E+00 1.13554165E+00 1.13115491E+00 1.12698879E+00 1.12250835E+00 1.11825368E+00 1.11377248E+00 1.10961447E+00 1.10522706E+00 1.10114104E+00 1.09689249E+00 1.09300237E+00 1.08894723E+00 1.08520591E+00 1.08132449E+00 1.07777721E+00 1.07413662E+00 1.07084092E+00 1.06745257E+00 1.06412559E+00 1.06069544E+00 1.05716879E+00 1.05357212E+00 1.04989861E+00 1.04610113E+00 1.04218245E+00 1.03819212E+00 1.03411284E+00 1.02985054E+00 1.02542193E+00 1.02096503E+00 1.01650616E+00 1.01180937E+00 1.00632773E+00 1.00000000E+00
1.19657621E+00 1.19657328E+00 1.19657317E+00 1.19657583E+00 1.19658062E+00 1.19658684E+00 1.19659419E+00 1.19660224E+00 1.19661081E+00 1.19661957E+00 1.19662837E+00 1.19663700E+00 1.19664539E+00 1.19665347E+00 1.19666117E+00 1.19666847E+00 1.19667541E+00 1.19668202E+00 1.19668833E+00 1.19669445E+00 1.19670043E+00 1.19670632E+00 1.19671220E+00 1.19671821E+00 1.19672444E+00 1.19673101E+00 1.19673803E+00 1.19674572E+00 1.19675418E+00 1.19676354E+00 1.19677386E+00 1.19678541E+00 1.19679846E+00 1.19681323E+00 1.19682976E+00 1.19684835E+00 1.19686923E+00 1.19689270E+00 1.19691897E+00 1.19694856E+00 1.19698172E+00 1.19701862E+00 1.19705935E+00 1.19710433E+00 1.19715416E+00 1.19720928E+00 1.19726963E+00 1.19733568E+00 1.19740785E+00 1.19748640E+00 1.19757077E+00 1.19766085E+00 1.19775782E+00 1.19786262E+00 1.19797382E+00 1.19808988E+00 1.19821016E+00 1.19833324E+00 1.19845939E+00 1.19858712E+00 1.19871406E+00 1.19883655E+00 1.19895368E+00 1.19906359E+00 1.19916112E+00 1.19923837E+00 1.19929086E+00 1.19930914E+00 1.19928849E+00 1.19921765E+00 1.19908656E+00 1.19888260E+00 1.19860004E+00 1.19822092E+00 1.19772770E+00 1.19709384E+00 1.19630412E+00 1.19533180E+00 1.19417269E+00 1.19280016E+00 1.19116521E+00 1.18921798E+00 1.18695943E+00 1.18435404E+00 1.18135328E+00 1.17793331E+00 1.17405843E+00 1.17010950E+00 1.16567772E+00 1.16130654E+00 1.15653771E+00 1.15196507E+00 1.14701817E+00 1.14231580E+00 1.13726164E+00 1.13246605E+00 1.12741247E+00 1.12272157E+00 1.11777405E+00 1.11316850E+00 1.10838185E+00 1.10400132E+00 1.09943687E+00 1.09522576E+00 1.09085746E+00 1.08686657E+00 1.08277219E+00 1.07906686E+00 1.07525896E+00 1.07152107E+00 1.06766936E+00 1.06371083E+00 1.05967409E+00 1.05555248E+00 1.05129530E+00 1.04690385E+00 1.04243174E+00 1.03786240E+00 1.03309836E+00 1.02815394E+00 1.02317270E+00 1.01818420E+00 1.01294470E+00 1.00689985E+00 1.00000000E+00
1.21377172E+00 1.21376731E+00 1.21376578E+00 1.21376841E+00 1.21377421E+00 1.21378244E+00 1.21379278E+00 1.21380466E+00 1.21381779E+00 1.21383170E+00 1.21384612E+00 1.21386067E+00 1.21387527E+00 1.21388970E+00 1.21390385E+00 1.21391757E+00 1.21393092E+00 1.21394388E+00 1.21395649E+00 1.21396886E+00 1.21398101E+00 1.21399299E+00 1.21400488E+00 1.21401685E+00 1.21402907E+00 1.21404169E+00 1.21405487E+00 1.21406895E+00 1.21408407E+00 1.21410037E+00 1.21411793E+00 1.21413717E+00 1.21415857E+00 1.21418244E+00 1.21420875E+00 1.21423798E+00 1.21427051E+00 1.21430677E+00 1.21434707E+00 1.21439221E+00 1.21444251E+00 1.21449819E+00 1.21455930E+00 1.21462654E+00 1.21470086E+00 1.21478290E+00 1.21487252E+00 1.21497046E+00 1.21507731E+00 1.21519343E+00 1.21531803E+00 1.21545106E+00 1.21559427E+00 1.21574906E+00 1.21591334E+00 1.21608502E+00 1.21626343E+00 1.21644704E+00 1.21663643E+00 1.21682997E+00 1.21702450E+00 1.21721561E+00 1.21740224E+00 1.21758220E+00 1.21774918E+00 1.21789352E+00 1.21800988E+00 1.21808733E+00 1.21812056E+00 1.21809661E+00 1.21800332E+00 1.21782594E+00 1.21755836E+00 1.21718072E+00 1.21667195E+00 1.21600094E+00 1.21515120E+00 1.21409351E+00 1.21282416E+00 1.21131354E+00 1.20950451E+00 1.20734101E+00 1.20482760E+00 1.20192628E+00 1.19858221E+00 1.19477032E+00 1.19045366E+00 1.18605915E+00 1.18113003E+00 1.17627115E+00 1.17097584E+00 1.16590499E+00 1.16042333E+00 1.15521563E+00 1.14962699E+00 1.14433304E+00 1.13875678E+00 1.13358351E+00 1.12813360E+00 1.12306614E+00 1.11780415E+00 1.11299321E+00 1.10798517E+00 1.10336786E+00 1.09858120E+00 1.09421116E+00 1.08973066E+00 1.08567848E+00 1.08151716E+00 1.07743495E+00 1.07323180E+00 1.06891480E+00 1.06451432E+00 1.06002436E+00 1.05539148E+00 1.05061544E+00 1.04575322E+00 1.04078950E+00 1.03562443E+00 1.03027035E+00 1.02487526E+00 1.01947184E+00 1.01381082E+00 1.00733372E+00 1.00000000E+00
1.12144184E+00 1.12144408E+00 1.12144293E+00 1.12144027E+00 1.12143774E+00 1.12143655E+00 1.12143627E+00 1.12143630E+00 1.12143628E+00 1.12143605E+00 1.12143578E+00 1.12143563E+00 1.12143564E+00 1.12143578E+00 1.12143602E+00 1.12143634E+00 1.12143673E+00 1.12143723E+00 1.12143785E+00 1.12143859E+00 1.12143945E+00 1.12144047E+00 1.12144163E+00 1.12144298E+00 1.12144451E+00 1.12144625E+00 1.12144821E+00 1.12145042E+00 1.12145290E+00 1.12145567E+00 1.12145875E+00 1.12146216E+00 1.12146593E+00 1.12147006E+00 1.12147458E+00 1.12147950E+00 1.12148483E+00 1.12149056E+00 1.12149669E+00 1.12150321E+00 1.12151007E+00 1.12151723E+00 1.12152463E+00 1.12153216E+00 1.12153974E+00 1.12154716E+00 1.12155428E+00 1.12156080E+00 1.12156650E+00 1.12157092E+00 1.12157376E+00 1.12157435E+00 1.12157217E+00 1.12156638E+00 1.12155628E+00 1.12154063E+00 1.12151851E+00 1.12148824E+00 1.12144856E+00 1.12139723E+00 1.12133265E+00 1.12125179E+00 1.12115255E+00 1.12103120E+00 1.12088499E+00 1.12070900E+00 1.12049996E+00 1.12025160E+00 1.11995962E+00 1.11961640E+00 1.11921680E+00 1.11875143E+00 1.11821403E+00 1.11759313E+00 1.11688148E+00 1.11606539E+00 1.11513662E+00 1.11407852E+00 1.11288021E+00 1.11152489E+00 1.11000116E+00 1.10828638E+00 1.10636762E+00 1.10422278E+00 1.10183727E+00 1.09920850E+00 1.09630222E+00 1.09340488E+00 1.09024870E+00 1.08722189E+00 1.08396456E+00 1.08088159E+00 1.07760447E+00 1.07453836E+00 1.07130686E+00 1.06830038E+00 1.06515961E+00 1.06227028E+00 1.05927094E+00 1.05652456E+00 1.05368992E+00 1.05110932E+00 1.04845973E+00 1.04605856E+00 1.04360464E+00 1.04139043E+00 1.03913328E+00 1.03710257E+00 1.03504107E+00 1.03305047E+00 1.03103313E+00 1.02898778E+00 1.02691839E+00 1.02483214E+00 1.02272348E+00 1.02059263E+00 1.01845239E+00 1.01631825E+00 1.01416139E+00 1.01197032E+00 1.00981125E+00 1.00780507E+00 1.00582784E+00 1.00329222E+00 1.00000000E+00
1.13519857E+00 1.13519752E+00 1.13519462E+00 1.13519026E+00 1.13518581E+00 1.13518237E+00 1.13517970E+00 1.13517746E+00 1.13517542E+00 1.13517363E+00 1.13517224E+00 1.13517132E+00 1.13517074E+00 1.13517035E+00 1.13517012E+00 1.13517005E+00 1.13517016E+00 1.13517046E+00 1.13517093E+00 1.13517155E+00 1.13517234E+00 1.13517331E+00 1.13517447E+00 1.13517584E+00 1.13517743E+00 1.13517926E+00 1.13518136E+00 1.13518376E+00 1.13518648E+00 1.13518954E+00 1.13519298E+00 1.13519684E+00 1.13520114E+00 1.13520591E+00 1.13521119E+00 1.13521701E+00 1.13522340E+00 1.13523037E+00 1.13523795E+00 1.13524614E+00 1.13525495E+00 1.13526436E+00 1.13527436E+00 1.13528489E+00 1.13529590E+00 1.13530725E+00 1.13531883E+00 1.13533045E+00 1.13534192E+00 1.13535290E+00 1.13536314E+00 1.13537206E+00 1.13537923E+00 1.13538393E+00 1.13538559E+00 1.13538306E+00 1.13537555E+00 1.13536147E+00 1.13533966E+00 1.13530800E+00 1.13526500E+00 1.13520768E+00 1.13513405E+00 1.13504064E+00 1.13492474E+00 1.13478136E+00 1.13460732E+00 1.13439619E+00 1.13414352E+00 1.13384150E+00 1.13348486E+00 1.13306404E+00 1.13257259E+00 1.13199809E+00 1.13133307E+00 1.13056272E+00 1.12967800E+00 1.12866040E+00 1.12749878E+00 1.12617540E+00 1.12467624E+00 1.12297488E+00 1.12105818E+00 1.11890179E+00 1.11648735E+00 1.11380772E+00 1.11082678E+00 1.10783662E+00 1.10455769E+00 1.10139179E+00 1.09796910E+00 1.09471560E+00 1.09124080E+00 1.08797600E+00 1.08450973E+00 1.08126126E+00 1.07786131E+00 1.07472473E+00 1.07144780E+00 1.06842796E+00 1.06530089E+00 1.06244641E+00 1.05949706E+00 1.05680664E+00 1.05403929E+00 1.05152702E+00 1.04895717E+00 1.04663807E+00 1.04426849E+00 1.04196276E+00 1.03960467E+00 1.03719596E+00 1.03474883E+00 1.03226380E+00 1.02971829E+00 1.02711525E+00 1.02447895E+00 1.02181000E+00 1.01905173E+00 1.01620111E+00 1.01334497E+00 1.01056208E+00 1.00770117E+00 1.00422409E+00 1.00000000E+00
1.15538631E+00 1.15537447E+00 1.15536330E+00 1.15535251E+00 1.15534232E+00 1.15533340E+00 1.15532601E+00 1.15532022E+00 1.15531570E+00 1.15531215E+00 1.15530946E+00 1.15530751E+00 1.15530627E+00 1.15530558E+00 1.15530537E+00 1.15530551E+00 1.15530597E+00 1.15530669E+00 1.15530765E+00 1.15530883E+00 1.15531022E+00 1.15531182E+00 1.15531365E+00 1.15531573E+00 1.15531807E+00 1.15532072E+00 1.15532370E+00 1.15532708E+00 1.15533088E+00 1.15533517E+00 1.15533999E+00 1.15534542E+00 1.15535151E+00 1.15535834E+00 1.15536595E+00 1.15537445E+00 1.15538388E+00 1.15539432E+00 1.15540584E+00 1.15541853E+00 1.15543242E+00 1.15544758E+00 1.15546405E+00 1.15548187E+00 1.15550103E+00 1.15552153E+00 1.15554330E+00 1.15556626E+00 1.15559033E+00 1.15561528E+00 1.15564088E+00 1.15566665E+00 1.15569229E+00 1.15571734E+00 1.15574118E+00 1.15576267E+00 1.15578102E+00 1.15579463E+00 1.15580243E+00 1.15580232E+00 1.15579269E+00 1.15577033E+00 1.15573331E+00 1.15567825E+00 1.15560194E+00 1.15549866E+00 1.15536493E+00 1.15519336E+00 1.15497914E+00 1.15471345E+00 1.15438990E+00 1.15399778E+00 1.15353010E+00 1.15297249E+00 1.15231551E+00 1.15154148E+00 1.15063937E+00 1.14958767E+00 1.14837552E+00 1.14698203E+00 1.14538596E+00 1.14355573E+00 1.14147906E+00 1.13912676E+00 1.13647323E+00 1.13350800E+00 1.13019183E+00 1.12685024E+00 1.12316281E+00 1.11958299E+00 1.11570247E+00 1.11200347E+00 1.10803542E+00 1.10429315E+00 1.10030650E+00 1.09655857E+00 1.09262712E+00 1.08899074E+00 1.08517965E+00 1.08165671E+00 1.07800336E+00 1.07466374E+00 1.07120273E+00 1.06803526E+00 1.06476853E+00 1.06179689E+00 1.05875411E+00 1.05600470E+00 1.05318959E+00 1.05044301E+00 1.04762764E+00 1.04474728E+00 1.04181746E+00 1.03883589E+00 1.03577458E+00 1.03263768E+00 1.02945466E+00 1.02622239E+00 1.02287848E+00 1.01942248E+00 1.01594784E+00 1.01253016E+00 1.00901778E+00 1.00488035E+00 1.00000000E+00
1.17430291E+00 1.17428367E+00 1.17426300E+00 1.17424304E+00 1.17422459E+00 1.17420840E+00 1.17419429E+00 1.17418218E+00 1.17417203E+00 1.17416379E+00 1.17415738E+00 1.17415257E+00 1.17414921E+00 1.17414702E+00 1.17414590E+00 1.17414565E+00 1.17414618E+00 1.17414733E+00 1.17414905E+00 1.17415124E+00 1.17415388E+00 1.17415692E+00 1.17416036E+00 1.17416421E+00 1.17416848E+00 1.17417322E+00 1.17417846E+00 1.17418430E+00 1.17419079E+00 1.17419802E+00 1.17420605E+00 1.17421504E+00 1.17422507E+00 1.17423630E+00 1.17424879E+00 1.17426273E+00 1.17427823E+00 1.17429545E+00 1.17431452E+00 1.17433565E+00 1.17435896E+00 1.17438459E+00 1.17441262E+00 1.17444319E+00 1.17447646E+00 1.17451253E+00 1.17455137E+00 1.17459303E+00 1.17463754E+00 1.17468478E+00 1.17473442E+00 1.17478603E+00 1.17483957E+00 1.17489479E+00 1.17495082E+00 1.17500627E+00 1.17506033E+00 1.17511116E+00 1.17515781E+00 1.17519793E+00 1.17522953E+00 1.17524893E+00 1.17525400E+00 1.17524104E+00 1.17520594E+00 1.17514178E+00 1.17504433E+00 1.17490477E+00 1.17471768E+00 1.17447267E+00 1.17416169E+00 1.17377224E+00 1.17329651E+00 1.17271782E+00 1.17202414E+00 1.17119441E+00 1.17021559E+00 1.16906329E+00 1.16772661E+00 1.16618115E+00 1.16439889E+00 1.16234350E+00 1.16000426E+00 1.15734804E+00 1.15434332E+00 1.15097890E+00 1.14721262E+00 1.14341604E+00 1.13922003E+00 1.13514249E+00 1.13072461E+00 1.12651520E+00 1.12199694E+00 1.11773446E+00 1.11319611E+00 1.10893202E+00 1.10445932E+00 1.10032270E+00 1.09598880E+00 1.09198374E+00 1.08783349E+00 1.08404238E+00 1.08011408E+00 1.07651871E+00 1.07281117E+00 1.06944008E+00 1.06599079E+00 1.06287574E+00 1.05968742E+00 1.05657701E+00 1.05338990E+00 1.05013111E+00 1.04681818E+00 1.04344790E+00 1.03998961E+00 1.03644810E+00 1.03285609E+00 1.02920957E+00 1.02544405E+00 1.02156028E+00 1.01765548E+00 1.01380647E+00 1.00986368E+00 1.00529967E+00 1.00000000E+00
1.19091030E+00 1.19089861E+00 1.19088910E+00 1.19088181E+00 1.19087648E+00 1.19087282E+00 1.19087067E+00 1.19086975E+00 1.19086991E+00 1.19087092E+00 1.19087265E+00 1.19087493E+00 1.19087770E+00 1.19088083E+00 1.19088427E+00 1.19088796E+00 1.19089190E+00 1.19089607E+00 1.19090049E+00 1.19090519E+00 1.19091020E+00 1.19091558E+00 1.19092136E+00 1.19092766E+00 1.19093454E+00 1.19094213E+00 1.19095051E+00 1.19095986E+00 1.19097027E+00 1.19098191E+00 1.19099484E+00 1.19100932E+00 1.19102553E+00 1.19104370E+00 1.19106390E+00 1.19108641E+00 1.19111142E+00 1.19113920E+00 1.19116991E+00 1.19120392E+00 1.19124142E+00 1.19128257E+00 1.19132748E+00 1.19137639E+00 1.19142961E+00 1.19148736E+00 1.19154952E+00 1.19161629E+00 1.19168773E+00 1.19176372E+00 1.19184377E+00 1.19192738E+00 1.19201470E+00 1.19210557E+00 1.19219868E+00 1.19229220E+00 1.19238515E+00 1.19247529E+00 1.19256164E+00 1.19264141E+00 1.19271196E+00 1.19276883E+00 1.19280949E+00 1.19282951E+00 1.19282381E+00 1.19278390E+00 1.19270471E+00 1.19257580E+00 1.19239101E+00 1.19213816E+00 1.19180751E+00 1.19138463E+00 1.19086087E+00 1.19021750E+00 1.18944003E+00 1.18850414E+00 1.18739536E+00 1.18608700E+00 1.18456812E+00 1.18281169E+00 1.18078434E+00 1.17844603E+00 1.17578801E+00 1.17277492E+00 1.16937107E+00 1.16556662E+00 1.16131714E+00 1.15704406E+00 1.15232896E+00 1.14775502E+00 1.14281045E+00 1.13810953E+00 1.13307122E+00 1.12832520E+00 1.12328220E+00 1.11855338E+00 1.11359931E+00 1.10902330E+00 1.10423626E+00 1.09981872E+00 1.09524762E+00 1.09107794E+00 1.08676222E+00 1.08281589E+00 1.07875027E+00 1.07505763E+00 1.07128357E+00 1.06787867E+00 1.06439695E+00 1.06100296E+00 1.05752853E+00 1.05397956E+00 1.05037496E+00 1.04671129E+00 1.04295621E+00 1.03911488E+00 1.03522233E+00 1.03127453E+00 1.02720597E+00 1.02301813E+00 1.01881079E+00 1.01466241E+00 1.01042567E+00 1.00557600E+00 1.00000000E+00
1.20570777E+00 1.20569594E+00 1.20568597E+00 1.20567895E+00 1.20567431E+00 1.20567175E+00 1.20567108E+00 1.20567199E+00 1.20567428E+00 1.20567767E+00 1.20568201E+00 1.20568708E+00 1.20569280E+00 1.20569905E+00 1.20570573E+00 1.20571280E+00 1.20572025E+00 1.20572810E+00 1.20573634E+00 1.20574507E+00 1.20575431E+00 1.20576414E+00 1.20577462E+00 1.20578591E+00 1.20579812E+00 1.20581142E+00 1.20582593E+00 1.20584192E+00 1.20585952E+00 1.20587891E+00 1.20590022E+00 1.20592376E+00 1.20594986E+00 1.20597881E+00 1.20601066E+00 1.20604579E+00 1.20608447E+00 1.20612707E+00 1.20617377E+00 1.20622508E+00 1.20628122E+00 1.20634235E+00 1.20640854E+00 1.20648012E+00 1.20655756E+00 1.20664104E+00 1.20673037E+00 1.20682576E+00 1.20692727E+00 1.20703466E+00 1.20714717E+00 1.20726411E+00 1.20738574E+00 1.20751180E+00 1.20764048E+00 1.20776929E+00 1.20789701E+00 1.20802087E+00 1.20813976E+00 1.20825024E+00 1.20834893E+00 1.20843042E+00 1.20849160E+00 1.20852718E+00 1.20853114E+00 1.20849335E+00 1.20840791E+00 1.20826286E+00 1.20805129E+00 1.20775937E+00 1.20737580E+00 1.20688437E+00 1.20627583E+00 1.20552984E+00 1.20462977E+00 1.20354859E+00 1.20227091E+00 1.20076843E+00 1.19903038E+00 1.19702805E+00 1.19472410E+00 1.19207575E+00 1.18907646E+00 1.18568989E+00 1.18187759E+00 1.17763240E+00 1.17290805E+00 1.16817506E+00 1.16296795E+00 1.15793130E+00 1.15250214E+00 1.14735488E+00 1.14185058E+00 1.13667655E+00 1.13119182E+00 1.12606070E+00 1.12069385E+00 1.11574455E+00 1.11057612E+00 1.10581454E+00 1.10089511E+00 1.09641442E+00 1.09178298E+00 1.08755276E+00 1.08319953E+00 1.07925029E+00 1.07521858E+00 1.07158508E+00 1.06787334E+00 1.06425837E+00 1.06056141E+00 1.05678898E+00 1.05296106E+00 1.04907419E+00 1.04509489E+00 1.04102854E+00 1.03691193E+00 1.03274123E+00 1.02845040E+00 1.02404150E+00 1.01961613E+00 1.01525415E+00 1.01081034E+00 1.00576330E+00 1.00000000E+00
1.12501978E+00 1.12502208E+00 1.12502057E+00 1.12501768E+00 1.12501517E+00 1.12501424E+00 1.12501426E+00 1.12501445E+00 1.12501448E+00 1.12501424E+00 1.12501398E+00 1.12501389E+00 1.12501396E+00 1.12501416E+00 1.12501445E+00 1.12501481E+00 1.12501525E+00 1.12501580E+00 1.12501647E+00 1.12501727E+00 1.12501820E+00 1.12501928E+00 1.12502053E+00 1.12502195E+00 1.12502357E+00 1.12502540E+00 1.12502746E+00 1.12502978E+00 1.12503237E+00 1.12503526E+00 1.12503847E+00 1.12504201E+00 1.12504591E+00 1.12505019E+00 1.12505485E+00 1.12505991E+00 1.12506537E+00 1.12507123E+00 1.12507748E+00 1.12508410E+00 1.12509104E+00 1.12509824E+00 1.12510565E+00 1.12511315E+00 1.12512062E+00 1.12512787E+00 1.12513473E+00 1.12514088E+00 1.12514608E+00 1.12514985E+00 1.12515185E+00 1.12515139E+00 1.12514793E+00 1.12514057E+00 1.12512859E+00 1.12511067E+00 1.12508586E+00 1.12505241E+00 1.12500901E+00 1.12495333E+00 1.12488371E+00 1.12479704E+00 1.12469115E+00 1.12456218E+00 1.12440731E+00 1.12422146E+00 1.12400127E+00 1.12374033E+00 1.12343428E+00 1.12307537E+00 1.12265832E+00 1.12217356E+00 1.12161466E+00 1.12097015E+00 1.12023259E+00 1.11938810E+00 1.11842821E+00 1.11733628E+00 1.11610158E+00 1.11470695E+00 1.11314063E+00 1.11138026E+00 1.10941297E+00 1.10721641E+00 1.10477556E+00 1.10208829E+00 1.09911973E+00 1.09616373E+00 1.09294521E+00 1.08986025E+00 1.08654230E+00 1.08340423E+00 1.08006871E+00 1.07694651E+00 1.07365620E+00 1.07059858E+00 1.06740456E+00 1.06446382E+00 1.06141004E+00 1.05861324E+00 1.05572529E+00 1.05309518E+00 1.05039326E+00 1.04794317E+00 1.04543704E+00 1.04317382E+00 1.04086506E+00 1.03878596E+00 1.03667305E+00 1.03462948E+00 1.03255599E+00 1.03045177E+00 1.02831877E+00 1.02616166E+00 1.02397752E+00 1.02176628E+00 1.01953462E+00 1.01729462E+00 1.01502964E+00 1.01272408E+00 1.01041737E+00 1.00822779E+00 1.00608753E+00 1.00342116E+00 1.00000000E+00
1.13509507E+00 1.13510125E+00 1.13510582E+00 1.13510660E+00 1.13510482E+00 1.13510219E+00 1.13509977E+00 1.13509836E+00 1.13509757E+00 1.13509701E+00 1.13509649E+00 1.13509593E+00 1.13509548E+00 1.13509523E+00 1.13509517E+00 1.13509530E+00 1.13509557E+00 1.13509598E+00 1.13509654E+00 1.13509726E+00 1.13509815E+00 1.13509923E+00 1.13510049E+00 1.13510197E+00 1.13510367E+00 1.13510562E+00 1.13510784E+00 1.13511036E+00 1.13511320E+00 1.13511638E+00 1.13511994E+00 1.13512391E+00 1.13512831E+00 1.13513317E+00 1.13513851E+00 1.13514437E+00 1.13515076E+00 1.13515768E+00 1.13516516E+00 1.13517318E+00 1.13518173E+00 1.13519078E+00 1.13520029E+00 1.13521018E+00 1.13522036E+00 1.13523067E+00 1.13524098E+00 1.13525102E+00 1.13526058E+00 1.13526925E+00 1.13527672E+00 1.13528235E+00 1.13528564E+00 1.13528578E+00 1.13528210E+00 1.13527334E+00 1.13525859E+00 1.13523614E+00 1.13520471E+00 1.13516204E+00 1.13510649E+00 1.13503494E+00 1.13494525E+00 1.13483363E+00 1.13469722E+00 1.13453081E+00 1.13433103E+00 1.13409127E+00 1.13380697E+00 1.13347014E+00 1.13307531E+00 1.13261258E+00 1.13207523E+00 1.13145103E+00 1.13073229E+00 1.12990410E+00 1.12895744E+00 1.12787431E+00 1.12664338E+00 1.12524654E+00 1.12367045E+00 1.12189030E+00 1.11989264E+00 1.11765312E+00 1.11515429E+00 1.11239148E+00 1.10932777E+00 1.10626543E+00 1.10291839E+00 1.09969778E+00 1.09622401E+00 1.09292950E+00 1.08941692E+00 1.08612032E+00 1.08263206E+00 1.07937733E+00 1.07597265E+00 1.07283137E+00 1.06955706E+00 1.06654739E+00 1.06343299E+00 1.06059122E+00 1.05766072E+00 1.05499365E+00 1.05225522E+00 1.04977336E+00 1.04723611E+00 1.04494659E+00 1.04261066E+00 1.04034216E+00 1.03802829E+00 1.03566989E+00 1.03327352E+00 1.03084033E+00 1.02835752E+00 1.02582696E+00 1.02326164E+00 1.02066663E+00 1.01800836E+00 1.01527654E+00 1.01252444E+00 1.00984942E+00 1.00717437E+00 1.00395632E+00 1.00000000E+00
1.14941616E+00 1.14941044E+00 1.14940456E+00 1.14939897E+00 1.14939354E+00 1.14938837E+00 1.14938358E+00 1.14937935E+00 1.14937573E+00 1.14937275E+00 1.14937034E+00 1.14936844E+00 1.14936700E+00 1.14936598E+00 1.14936534E+00 1.14936503E+00 1.14936505E+00 1.14936536E+00 1.14936594E+00 1.14936678E+00 1.14936789E+00 1.14936927E+00 1.14937093E+00 1.14937289E+00 1.14937516E+00 1.14937779E+00 1.14938078E+00 1.14938420E+00 1.14938806E+00 1.14939243E+00 1.14939733E+00 1.14940284E+00 1.14940899E+00 1.14941584E+00 1.14942344E+00 1.14943185E+00 1.14944111E+00 1.14945128E+00 1.14946239E+00 1.14947450E+00 1.14948762E+00 1.14950177E+00 1.14951694E+00 1.14953312E+00 1.14955024E+00 1.14956822E+00 1.14958693E+00 1.14960620E+00 1.14962585E+00 1.14964550E+00 1.14966487E+00 1.14968331E+00 1.14970038E+00 1.14971537E+00 1.14972752E+00 1.14973549E+00 1.14973836E+00 1.14973428E+00 1.14972194E+00 1.14969891E+00 1.14966342E+00 1.14961203E+00 1.14954244E+00 1.14945067E+00 1.14933339E+00 1.14918469E+00 1.14900084E+00 1.14877433E+00 1.14850012E+00 1.14816925E+00 1.14777536E+00 1.14730740E+00 1.14675793E+00 1.14611309E+00 1.14536387E+00 1.14449327E+00 1.14349084E+00 1.14233631E+00 1.14101787E+00 1.13951511E+00 1.13781073E+00 1.13587680E+00 1.13369972E+00 1.13125190E+00 1.12851198E+00 1.12547456E+00 1.12209963E+00 1.11872115E+00 1.11501958E+00 1.11145115E+00 1.10759997E+00 1.10394509E+00 1.10004206E+00 1.09637535E+00 1.09249186E+00 1.08886489E+00 1.08506939E+00 1.08156546E+00 1.07790960E+00 1.07454617E+00 1.07106563E+00 1.06788964E+00 1.06461101E+00 1.06162423E+00 1.05855506E+00 1.05577210E+00 1.05292753E+00 1.05036060E+00 1.04773997E+00 1.04519296E+00 1.04259293E+00 1.03994211E+00 1.03724922E+00 1.03451390E+00 1.03172031E+00 1.02887176E+00 1.02598432E+00 1.02306120E+00 1.02006555E+00 1.01699047E+00 1.01389359E+00 1.01086933E+00 1.00784515E+00 1.00428659E+00 1.00000000E+00
1.16270356E+00 1.16269130E+00 1.16267749E+00 1.16266318E+00 1.16264885E+00 1.16263526E+00 1.16262259E+00 1.16261117E+00 1.16260101E+00 1.16259215E+00 1.16258456E+00 1.16257819E+00 1.16257298E+00 1.16256882E+00 1.16256567E+00 1.16256340E+00 1.16256196E+00 1.16256126E+00 1.16256126E+00 1.16256190E+00 1.16256316E+00 1.16256500E+00 1.16256743E+00 1.16257043E+00 1.16257402E+00 1.16257824E+00 1.16258309E+00 1.16258865E+00 1.16259496E+00 1.16260207E+00 1.16261004E+00 1.16261897E+00 1.16262892E+00 1.16263999E+00 1.16265224E+00 1.16266578E+00 1.16268068E+00 1.16269704E+00 1.16271493E+00 1.16273445E+00 1.16275566E+00 1.16277860E+00 1.16280328E+00 1.16282969E+00 1.16285785E+00 1.16288768E+00 1.16291905E+00 1.16295180E+00 1.16298574E+00 1.16302048E+00 1.16305561E+00 1.16309042E+00 1.16312448E+00 1.16315705E+00 1.16318713E+00 1.16321307E+00 1.16323381E+00 1.16324714E+00 1.16325163E+00 1.16324446E+00 1.16322344E+00 1.16318457E+00 1.16312521E+00 1.16304077E+00 1.16292726E+00 1.16277773E+00 1.16258782E+00 1.16234883E+00 1.16205512E+00 1.16169646E+00 1.16126533E+00 1.16074934E+00 1.16014029E+00 1.15942273E+00 1.15858617E+00 1.15761155E+00 1.15648723E+00 1.15519118E+00 1.15371138E+00 1.15202555E+00 1.15011308E+00 1.14794386E+00 1.14550513E+00 1.14276747E+00 1.13970688E+00 1.13631975E+00 1.13256370E+00 1.12881195E+00 1.12470667E+00 1.12075530E+00 1.11649988E+00 1.11246927E+00 1.10817008E+00 1.10413695E+00 1.09987230E+00 1.09589523E+00 1.09173866E+00 1.08790613E+00 1.08391195E+00 1.08024120E+00 1.07644780E+00 1.07299076E+00 1.06942468E+00 1.06617842E+00 1.06284507E+00 1.05982531E+00 1.05674210E+00 1.05396241E+00 1.05112651E+00 1.04837186E+00 1.04556155E+00 1.04269881E+00 1.03979357E+00 1.03684485E+00 1.03383537E+00 1.03076940E+00 1.02766480E+00 1.02452414E+00 1.02130948E+00 1.01801593E+00 1.01470323E+00 1.01146508E+00 1.00823304E+00 1.00447649E+00 1.00000000E+00
1.17420405E+00 1.17419058E+00 1.17417887E+00 1.17416901E+00 1.17416080E+00 1.17415407E+00 1.17414873E+00 1.17414457E+00 1.17414152E+00 1.17413940E+00 1.17413815E+00 1.17413762E+00 1.17413778E+00 1.17413852E+00 1.17413983E+00 1.17414164E+00 1.17414395E+00 1.17414674E+00 1.17415002E+00 1.17415380E+00 1.17415811E+00 1.17416297E+00 1.17416842E+00 1.17417453E+00 1.17418135E+00 1.17418895E+00 1.17419741E+00 1.17420682E+00 1.17421726E+00 1.17422884E+00 1.17424162E+00 1.17425572E+00 1.17427128E+00 1.17428843E+00 1.17430720E+00 1.17432776E+00 1.17435019E+00 1.17437462E+00 1.17440112E+00 1.17442982E+00 1.17446079E+00 1.17449402E+00 1.17452950E+00 1.17456720E+00 1.17460715E+00 1.17464923E+00 1.17469321E+00 1.17473886E+00 1.17478594E+00 1.17483391E+00 1.17488217E+00 1.17492979E+00 1.17497631E+00 1.17502080E+00 1.17506191E+00 1.17509754E+00 1.17512640E+00 1.17514578E+00 1.17515407E+00 1.17514790E+00 1.17512458E+00 1.17507943E+00 1.17500934E+00 1.17490904E+00 1.17477388E+00 1.17459582E+00 1.17436992E+00 1.17408638E+00 1.17373902E+00 1.17331646E+00 1.17281022E+00 1.17220677E+00 1.17149740E+00 1.17066557E+00 1.16969954E+00 1.16857880E+00 1.16729102E+00 1.16581316E+00 1.16413338E+00 1.16222840E+00 1.16007533E+00 1.15764288E+00 1.15491966E+00 1.15187570E+00 1.14848552E+00 1.14474847E+00 1.14062046E+00 1.13651293E+00 1.13203167E+00 1.12773128E+00 1.12311410E+00 1.11875316E+00 1.11411182E+00 1.10976738E+00 1.10518395E+00 1.10091859E+00 1.09646849E+00 1.09237223E+00 1.08811006E+00 1.08419895E+00 1.08016352E+00 1.07649135E+00 1.07270767E+00 1.06926701E+00 1.06573769E+00 1.06254390E+00 1.05928681E+00 1.05635337E+00 1.05336320E+00 1.05046098E+00 1.04750251E+00 1.04449170E+00 1.04143930E+00 1.03834396E+00 1.03518757E+00 1.03197504E+00 1.02872545E+00 1.02544102E+00 1.02208336E+00 1.01864889E+00 1.01519861E+00 1.01182592E+00 1.00846543E+00 1.00458918E+00 1.00000000E+00
1.18433971E+00 1.18432699E+00 1.18431574E+00 1.18430681E+00 1.18429975E+00 1.18429440E+00 1.18429065E+00 1.18428828E+00 1.18428716E+00 1.18428712E+00 1.18428805E+00 1.18428981E+00 1.18429236E+00 1.18429560E+00 1.18429948E+00 1.18430398E+00 1.18430908E+00 1.18431479E+00 1.18432111E+00 1.18432809E+00 1.18433576E+00 1.18434414E+00 1.18435329E+00 1.18436329E+00 1.18437421E+00 1.18438616E+00 1.18439919E+00 1.18441345E+00 1.18442902E+00 1.18444600E+00 1.18446444E+00 1.18448451E+00 1.18450635E+00 1.18453011E+00 1.18455578E+00 1.18458353E+00 1.18461343E+00 1.18464563E+00 1.18468014E+00 1.18471709E+00 1.18475652E+00 1.18479831E+00 1.18484239E+00 1.18488865E+00 1.18493711E+00 1.18498755E+00 1.18503954E+00 1.18509277E+00 1.18514687E+00 1.18520109E+00 1.18525457E+00 1.18530611E+00 1.18535515E+00 1.18540051E+00 1.18544049E+00 1.18547241E+00 1.18549479E+00 1.18550439E+00 1.18549940E+00 1.18547591E+00 1.18543071E+00 1.18535848E+00 1.18525566E+00 1.18511635E+00 1.18493540E+00 1.18470379E+00 1.18441613E+00 1.18406179E+00 1.18363417E+00 1.18312106E+00 1.18251322E+00 1.18179634E+00 1.18096147E+00 1.17999143E+00 1.17887360E+00 1.17758650E+00 1.17611755E+00 1.17444330E+00 1.17255230E+00 1.17042095E+00 1.16802481E+00 1.16533212E+00 1.16233300E+00 1.15899766E+00 1.15529980E+00 1.15124210E+00 1.14677916E+00 1.14235659E+00 1.13754778E+00 1.13294795E+00 1.12802450E+00 1.12338751E+00 1.11846385E+00 1.11386560E+00 1.10902518E+00 1.10452996E+00 1.09984810E+00 1.09554561E+00 1.09107583E+00 1.08698024E+00 1.08276061E+00 1.07892604E+00 1.07497940E+00 1.07139426E+00 1.06772035E+00 1.06439908E+00 1.06101546E+00 1.05797087E+00 1.05486989E+00 1.05186233E+00 1.04879875E+00 1.04568358E+00 1.04252816E+00 1.03933091E+00 1.03607310E+00 1.03276017E+00 1.02941203E+00 1.02603071E+00 1.02257757E+00 1.01904998E+00 1.01550977E+00 1.01205012E+00 1.00860792E+00 1.00465735E+00 1.00000000E+00
1.12842436E+00 1.12842871E+00 1.12842861E+00 1.12842595E+00 1.12842311E+00 1.12842189E+00 1.12842182E+00 1.12842217E+00 1.12842240E+00 1.12842227E+00 1.12842204E+00 1.12842196E+00 1.12842205E+00 1.12842229E+00 1.12842263E+00 1.12842303E+00 1.12842352E+00 1.12842411E+00 1.12842484E+00 1.12842569E+00 1.12842669E+00 1.12842784E+00 1.12842915E+00 1.12843065E+00 1.12843235E+00 1.12843428E+00 1.12843644E+00 1.12843886E+00 1.12844156E+00 1.12844456E+00 1.12844789E+00 1.12845156E+00 1.12845558E+00 1.12845999E+00 1.12846477E+00 1.12846995E+00 1.12847553E+00 1.12848150E+00 1.12848784E+00 1.12849452E+00 1.12850150E+00 1.12850871E+00 1.12851608E+00 1.12852348E+00 1.12853079E+00 1.12853779E+00 1.12854429E+00 1.12854998E+00 1.12855457E+00 1.12855757E+00 1.12855861E+00 1.12855696E+00 1.12855205E+00 1.12854295E+00 1.12852889E+00 1.12850849E+00 1.12848076E+00 1.12844388E+00 1.12839649E+00 1.12833619E+00 1.12826123E+00 1.12816845E+00 1.12805559E+00 1.12791867E+00 1.12775477E+00 1.12755872E+00 1.12732703E+00 1.12705319E+00 1.12673276E+00 1.12635787E+00 1.12592309E+00 1.12541873E+00 1.12483820E+00 1.12417004E+00 1.12340657E+00 1.12253381E+00 1.12154307E+00 1.12041776E+00 1.11914732E+00 1.11771428E+00 1.11610644E+00 1.11430183E+00 1.11228764E+00 1.11004111E+00 1.10754696E+00 1.10480372E+00 1.10177581E+00 1.09876398E+00 1.09548595E+00 1.09234570E+00 1.08897004E+00 1.08577897E+00 1.08238729E+00 1.07921184E+00 1.07586537E+00 1.07275801E+00 1.06951153E+00 1.06652009E+00 1.06341261E+00 1.06056576E+00 1.05762464E+00 1.05494486E+00 1.05218985E+00 1.04968993E+00 1.04713036E+00 1.04481669E+00 1.04245482E+00 1.04032569E+00 1.03815948E+00 1.03606123E+00 1.03392960E+00 1.03176402E+00 1.02956505E+00 1.02733510E+00 1.02507337E+00 1.02277953E+00 1.02045573E+00 1.01810961E+00 1.01573582E+00 1.01332186E+00 1.01088167E+00 1.00851604E+00 1.00624418E+00 1.00350922E+00 1.00000000E+00
1.13237705E+00 1.13238591E+00 1.13239547E+00 1.13240006E+00 1.13240038E+00 1.13239824E+00 1.13239583E+00 1.13239481E+00 1.13239473E+00 1.13239496E+00 1.13239505E+00 1.13239486E+00 1.13239461E+00 1.13239454E+00 1.13239467E+00 1.13239496E+00 1.13239538E+00 1.13239591E+00 1.13239656E+00 1.13239736E+00 1.13239832E+00 1.13239946E+00 1.13240079E+00 1.13240232E+00 1.13240406E+00 1.13240604E+00 1.13240828E+00 1.13241081E+00 1.13241363E+00 1.13241679E+00 1.13242029E+00 1.13242417E+00 1.13242843E+00 1.13243312E+00 1.13243823E+00 1.13244379E+00 1.13244980E+00 1.13245626E+00 1.13246316E+00 1.13247048E+00 1.13247818E+00 1.13248622E+00 1.13249451E+00 1.13250295E+00 1.13251143E+00 1.13251974E+00 1.13252771E+00 1.13253503E+00 1.13254143E+00 1.13254644E+00 1.13254970E+00 1.13255049E+00 1.13254827E+00 1.13254211E+00 1.13253127E+00 1.13251437E+00 1.13249043E+00 1.13245763E+00 1.13241462E+00 1.13235899E+00 1.13228902E+00 1.13220147E+00 1.13209412E+00 1.13196295E+00 1.13180502E+00 1.13161508E+00 1.13138958E+00 1.13112193E+00 1.13080756E+00 1.13043847E+00 1.13000913E+00 1.12950964E+00 1.12893328E+00 1.12826825E+00 1.12750672E+00 1.12663427E+00 1.12564199E+00 1.12451272E+00 1.12323560E+00 1.12179271E+00 1.12017132E+00 1.11834853E+00 1.11631121E+00 1.11403580E+00 1.11150612E+00 1.10871998E+00 1.10564082E+00 1.10257421E+00 1.09923254E+00 1.09602742E+00 1.09257877E+00 1.08931576E+00 1.08584405E+00 1.08259094E+00 1.07915835E+00 1.07596700E+00 1.07263121E+00 1.06955521E+00 1.06635608E+00 1.06342201E+00 1.06038863E+00 1.05762300E+00 1.05477623E+00 1.05219024E+00 1.04953935E+00 1.04714046E+00 1.04468993E+00 1.04247939E+00 1.04022748E+00 1.03804370E+00 1.03582146E+00 1.03356075E+00 1.03126360E+00 1.02893140E+00 1.02656012E+00 1.02415027E+00 1.02170596E+00 1.01923310E+00 1.01672058E+00 1.01415830E+00 1.01156528E+00 1.00903548E+00 1.00658784E+00 1.00367736E+00 1.00000000E+00
1.13786102E+00 1.13785888E+00 1.13785710E+00 1.13785574E+00 1.13785418E+00 1.13785218E+00 1.13784992E+00 1.13784776E+00 1.13784584E+00 1.13784428E+00 1.13784298E+00 1.13784192E+00 1.13784108E+00 1.13784048E+00 1.13784012E+00 1.13784000E+00 1.13784010E+00 1.13784042E+00 1.13784096E+00 1.13784172E+00 1.13784271E+00 1.13784394E+00 1.13784541E+00 1.13784715E+00 1.13784916E+00 1.13785148E+00 1.13785412E+00 1.13785711E+00 1.13786047E+00 1.13786425E+00 1.13786845E+00 1.13787312E+00 1.13787829E+00 1.13788398E+00 1.13789021E+00 1.13789702E+00 1.13790442E+00 1.13791242E+00 1.13792103E+00 1.13793022E+00 1.13793999E+00 1.13795028E+00 1.13796104E+00 1.13797217E+00 1.13798355E+00 1.13799501E+00 1.13800635E+00 1.13801729E+00 1.13802757E+00 1.13803670E+00 1.13804430E+00 1.13804964E+00 1.13805216E+00 1.13805095E+00 1.13804518E+00 1.13803343E+00 1.13801468E+00 1.13798700E+00 1.13794898E+00 1.13789811E+00 1.13783254E+00 1.13774888E+00 1.13764478E+00 1.13751605E+00 1.13735955E+00 1.13716967E+00 1.13694271E+00 1.13667165E+00 1.13635169E+00 1.13597438E+00 1.13553384E+00 1.13501967E+00 1.13442480E+00 1.13373681E+00 1.13294739E+00 1.13204135E+00 1.13100926E+00 1.12983317E+00 1.12850195E+00 1.12699693E+00 1.12530415E+00 1.12339980E+00 1.12127065E+00 1.11889213E+00 1.11624699E+00 1.11333338E+00 1.11011348E+00 1.10690734E+00 1.10341309E+00 1.10006175E+00 1.09645712E+00 1.09304764E+00 1.08941993E+00 1.08602141E+00 1.08243593E+00 1.07910273E+00 1.07561981E+00 1.07240885E+00 1.06906947E+00 1.06600697E+00 1.06284191E+00 1.05995717E+00 1.05698751E+00 1.05428999E+00 1.05152477E+00 1.04902268E+00 1.04646761E+00 1.04416333E+00 1.04181587E+00 1.03953948E+00 1.03722277E+00 1.03486622E+00 1.03247266E+00 1.03004300E+00 1.02757219E+00 1.02506141E+00 1.02251583E+00 1.01994080E+00 1.01732400E+00 1.01465699E+00 1.01196040E+00 1.00932639E+00 1.00677669E+00 1.00376979E+00 1.00000000E+00
1.14288679E+00 1.14288287E+00 1.14287754E+00 1.14287110E+00 1.14286403E+00 1.14285700E+00 1.14285021E+00 1.14284391E+00 1.14283808E+00 1.14283279E+00 1.14282805E+00 1.14282391E+00 1.14282037E+00 1.14281743E+00 1.14281505E+00 1.14281322E+00 1.14281191E+00 1.14281109E+00 1.14281076E+00 1.14281088E+00 1.14281145E+00 1.14281246E+00 1.14281391E+00 1.14281580E+00 1.14281813E+00 1.14282091E+00 1.14282416E+00 1.14282791E+00 1.14283216E+00 1.14283696E+00 1.14284231E+00 1.14284827E+00 1.14285484E+00 1.14286208E+00 1.14286998E+00 1.14287860E+00 1.14288793E+00 1.14289799E+00 1.14290878E+00 1.14292028E+00 1.14293249E+00 1.14294532E+00 1.14295872E+00 1.14297255E+00 1.14298672E+00 1.14300101E+00 1.14301520E+00 1.14302897E+00 1.14304202E+00 1.14305381E+00 1.14306391E+00 1.14307148E+00 1.14307595E+00 1.14307632E+00 1.14307164E+00 1.14306033E+00 1.14304128E+00 1.14301237E+00 1.14297209E+00 1.14291772E+00 1.14284725E+00 1.14275702E+00 1.14264451E+00 1.14250525E+00 1.14233586E+00 1.14213033E+00 1.14188473E+00 1.14159160E+00 1.14124592E+00 1.14083882E+00 1.14036402E+00 1.13981070E+00 1.13917155E+00 1.13843366E+00 1.13758831E+00 1.13661975E+00 1.13551825E+00 1.13426540E+00 1.13285009E+00 1.13125321E+00 1.12945997E+00 1.12744616E+00 1.12519893E+00 1.12269340E+00 1.11991174E+00 1.11685342E+00 1.11347970E+00 1.11012645E+00 1.10647677E+00 1.10298129E+00 1.09922723E+00 1.09568125E+00 1.09191199E+00 1.08838473E+00 1.08466731E+00 1.08121460E+00 1.07761007E+00 1.07428976E+00 1.07083907E+00 1.06767664E+00 1.06441086E+00 1.06143649E+00 1.05837595E+00 1.05559727E+00 1.05275016E+00 1.05017525E+00 1.04754736E+00 1.04517862E+00 1.04276633E+00 1.04042792E+00 1.03804878E+00 1.03562978E+00 1.03317415E+00 1.03068256E+00 1.02814947E+00 1.02557651E+00 1.02296942E+00 1.02033327E+00 1.01765529E+00 1.01492802E+00 1.01217280E+00 1.00948090E+00 1.00687603E+00 1.00381818E+00 1.00000000E+00
1.14730954E+00 1.14729984E+00 1.14728759E+00 1.14727418E+00 1.14726011E+00 1.14724612E+00 1.14723238E+00 1.14721921E+00 1.14720673E+00 1.14719515E+00 1.14718452E+00 1.14717494E+00 1.14716640E+00 1.14715890E+00 1.14715243E+00 1.14714694E+00 1.14714242E+00 1.14713881E+00 1.14713607E+00 1.14713416E+00 1.14713305E+00 1.14713268E+00 1.14713305E+00 1.14713411E+00 1.14713586E+00 1.14713827E+00 1.14714135E+00 1.14714508E+00 1.14714948E+00 1.14715454E+00 1.14716026E+00 1.14716666E+00 1.14717375E+00 1.14718155E+00 1.14719006E+00 1.14719927E+00 1.14720919E+00 1.14721981E+00 1.14723109E+00 1.14724302E+00 1.14725553E+00 1.14726852E+00 1.14728190E+00 1.14729547E+00 1.14730913E+00 1.14732258E+00 1.14733557E+00 1.14734770E+00 1.14735863E+00 1.14736772E+00 1.14737445E+00 1.14737787E+00 1.14737735E+00 1.14737178E+00 1.14736010E+00 1.14734051E+00 1.14731183E+00 1.14727172E+00 1.14721861E+00 1.14714955E+00 1.14706236E+00 1.14695317E+00 1.14681926E+00 1.14665597E+00 1.14645970E+00 1.14622412E+00 1.14594514E+00 1.14561500E+00 1.14522855E+00 1.14477659E+00 1.14425261E+00 1.14364554E+00 1.14294796E+00 1.14214673E+00 1.14123287E+00 1.14019035E+00 1.13900933E+00 1.13767128E+00 1.13616523E+00 1.13447203E+00 1.13257633E+00 1.13045389E+00 1.12809239E+00 1.12546704E+00 1.12255975E+00 1.11937144E+00 1.11586276E+00 1.11238330E+00 1.10860306E+00 1.10498892E+00 1.10111407E+00 1.09745963E+00 1.09357976E+00 1.08995348E+00 1.08613611E+00 1.08259420E+00 1.07890004E+00 1.07550016E+00 1.07196947E+00 1.06873608E+00 1.06539960E+00 1.06236296E+00 1.05923994E+00 1.05640602E+00 1.05350368E+00 1.05088012E+00 1.04820403E+00 1.04579295E+00 1.04333842E+00 1.04095993E+00 1.03854077E+00 1.03608207E+00 1.03358733E+00 1.03105705E+00 1.02848538E+00 1.02587426E+00 1.02322981E+00 1.02055691E+00 1.01784257E+00 1.01507992E+00 1.01229073E+00 1.00956570E+00 1.00692987E+00 1.00384413E+00 1.00000000E+00
1.15096496E+00 1.15094898E+00 1.15093398E+00 1.15092059E+00 1.15090859E+00 1.15089798E+00 1.15088870E+00 1.15088067E+00 1.15087380E+00 1.15086798E+00 1.15086314E+00 1.15085916E+00 1.15085600E+00 1.15085355E+00 1.15085177E+00 1.15085057E+00 1.15084994E+00 1.15084980E+00 1.15085014E+00 1.15085092E+00 1.15085212E+00 1.15085372E+00 1.15085572E+00 1.15085809E+00 1.15086085E+00 1.15086401E+00 1.15086756E+00 1.15087152E+00 1.15087591E+00 1.15088072E+00 1.15088596E+00 1.15089164E+00 1.15089779E+00 1.15090441E+00 1.15091148E+00 1.15091900E+00 1.15092694E+00 1.15093529E+00 1.15094399E+00 1.15095296E+00 1.15096217E+00 1.15097142E+00 1.15098059E+00 1.15098944E+00 1.15099783E+00 1.15100541E+00 1.15101186E+00 1.15101671E+00 1.15101957E+00 1.15101971E+00 1.15101651E+00 1.15100892E+00 1.15099626E+00 1.15097732E+00 1.15095092E+00 1.15091510E+00 1.15086860E+00 1.15080892E+00 1.15073442E+00 1.15064200E+00 1.15052934E+00 1.15039238E+00 1.15022831E+00 1.15003228E+00 1.14980060E+00 1.14952669E+00 1.14920639E+00 1.14883176E+00 1.14839755E+00 1.14789443E+00 1.14731572E+00 1.14665026E+00 1.14589059E+00 1.14502356E+00 1.14403998E+00 1.14292376E+00 1.14166504E+00 1.14024533E+00 1.13865393E+00 1.13687173E+00 1.13488305E+00 1.13266379E+00 1.13020216E+00 1.12747359E+00 1.12445984E+00 1.12116322E+00 1.11754389E+00 1.11396256E+00 1.11007849E+00 1.10637131E+00 1.10240299E+00 1.09866567E+00 1.09470227E+00 1.09100208E+00 1.08711095E+00 1.08350389E+00 1.07974490E+00 1.07628803E+00 1.07270058E+00 1.06941729E+00 1.06603153E+00 1.06295186E+00 1.05978599E+00 1.05691448E+00 1.05397483E+00 1.05131864E+00 1.04861047E+00 1.04617141E+00 1.04368915E+00 1.04128450E+00 1.03883938E+00 1.03635510E+00 1.03383537E+00 1.03128056E+00 1.02868459E+00 1.02604964E+00 1.02338208E+00 1.02068664E+00 1.01795021E+00 1.01516635E+00 1.01235708E+00 1.00961267E+00 1.00695914E+00 1.00385796E+00 1.00000000E+00
1.10722183E+00 1.10722051E+00 1.10721693E+00 1.10721411E+00 1.10721250E+00 1.10721213E+00 1.10721224E+00 1.10721220E+00 1.10721202E+00 1.10721175E+00 1.10721153E+00 1.10721143E+00 1.10721146E+00 1.10721157E+00 1.10721174E+00 1.10721198E+00 1.10721228E+00 1.10721267E+00 1.10721315E+00 1.10721373E+00 1.10721441E+00 1.10721521E+00 1.10721614E+00 1.10721722E+00 1.10721845E+00 1.10721987E+00 1.10722147E+00 1.10722329E+00 1.10722535E+00 1.10722765E+00 1.10723023E+00 1.10723311E+00 1.10723631E+00 1.10723984E+00 1.10724372E+00 1.10724799E+00 1.10725265E+00 1.10725769E+00 1.10726313E+00 1.10726897E+00 1.10727518E+00 1.10728173E+00 1.10728858E+00 1.10729567E+00 1.10730293E+00 1.10731021E+00 1.10731740E+00 1.10732426E+00 1.10733061E+00 1.10733610E+00 1.10734047E+00 1.10734322E+00 1.10734388E+00 1.10734173E+00 1.10733620E+00 1.10732624E+00 1.10731110E+00 1.10728933E+00 1.10725985E+00 1.10722071E+00 1.10717053E+00 1.10710664E+00 1.10702715E+00 1.10692880E+00 1.10680918E+00 1.10666383E+00 1.10648993E+00 1.10628192E+00 1.10603580E+00 1.10574442E+00 1.10540313E+00 1.10500353E+00 1.10454009E+00 1.10400182E+00 1.10338200E+00 1.10266805E+00 1.10185249E+00 1.10091954E+00 1.09985867E+00 1.09865416E+00 1.09729592E+00 1.09576223E+00 1.09404003E+00 1.09210772E+00 1.08995268E+00 1.08757269E+00 1.08493572E+00 1.08229792E+00 1.07941975E+00 1.07665743E+00 1.07367904E+00 1.07084987E+00 1.06784092E+00 1.06503413E+00 1.06207653E+00 1.05931381E+00 1.05642381E+00 1.05376875E+00 1.05101514E+00 1.04849602E+00 1.04589881E+00 1.04353586E+00 1.04111139E+00 1.03891692E+00 1.03667833E+00 1.03466304E+00 1.03261241E+00 1.03077002E+00 1.02890404E+00 1.02711071E+00 1.02529934E+00 1.02346711E+00 1.02162207E+00 1.01977818E+00 1.01792871E+00 1.01607593E+00 1.01423863E+00 1.01242803E+00 1.01060228E+00 1.00880230E+00 1.00714139E+00 1.00569117E+00 1.00432669E+00 1.00252077E+00 1.00000000E+00
1.10513768E+00 1.10513905E+00 1.10513656E+00 1.10513424E+00 1.10513354E+00 1.10513468E+00 1.10513620E+00 1.10513698E+00 1.10513715E+00 1.10513711E+00 1.10513714E+00 1.10513736E+00 1.10513762E+00 1.10513783E+00 1.10513800E+00 1.10513818E+00 1.10513841E+00 1.10513869E+00 1.10513902E+00 1.10513941E+00 1.10513987E+00 1.10514042E+00 1.10514106E+00 1.10514182E+00 1.10514271E+00 1.10514374E+00 1.10514494E+00 1.10514632E+00 1.10514791E+00 1.10514973E+00 1.10515179E+00 1.10515416E+00 1.10515683E+00 1.10515985E+00 1.10516323E+00 1.10516704E+00 1.10517130E+00 1.10517602E+00 1.10518125E+00 1.10518704E+00 1.10519339E+00 1.10520030E+00 1.10520780E+00 1.10521596E+00 1.10522474E+00 1.10523410E+00 1.10524401E+00 1.10525441E+00 1.10526522E+00 1.10527631E+00 1.10528762E+00 1.10529886E+00 1.10530972E+00 1.10531983E+00 1.10532894E+00 1.10533644E+00 1.10534186E+00 1.10534427E+00 1.10534299E+00 1.10533677E+00 1.10532463E+00 1.10530437E+00 1.10527474E+00 1.10523376E+00 1.10517965E+00 1.10510892E+00 1.10501958E+00 1.10490726E+00 1.10476839E+00 1.10459637E+00 1.10438740E+00 1.10413529E+00 1.10383613E+00 1.10347974E+00 1.10305985E+00 1.10256499E+00 1.10198686E+00 1.10130928E+00 1.10052627E+00 1.09962587E+00 1.09859296E+00 1.09740123E+00 1.09604090E+00 1.09449230E+00 1.09273885E+00 1.09077057E+00 1.08856317E+00 1.08632966E+00 1.08385269E+00 1.08143185E+00 1.07879287E+00 1.07626374E+00 1.07355940E+00 1.07102898E+00 1.06831472E+00 1.06572847E+00 1.06301876E+00 1.06053130E+00 1.05792543E+00 1.05551390E+00 1.05301782E+00 1.05074266E+00 1.04838667E+00 1.04623319E+00 1.04401739E+00 1.04200550E+00 1.03995207E+00 1.03810521E+00 1.03621905E+00 1.03438152E+00 1.03249855E+00 1.03057336E+00 1.02862564E+00 1.02665478E+00 1.02462977E+00 1.02255685E+00 1.02046670E+00 1.01831874E+00 1.01604283E+00 1.01373152E+00 1.01150592E+00 1.00928282E+00 1.00687428E+00 1.00383655E+00 1.00000000E+00
1.11499617E+00 1.11499773E+00 1.11499973E+00 1.11500651E+00 1.11501579E+00 1.11502456E+00 1.11503169E+00 1.11503708E+00 1.11504170E+00 1.11504617E+00 1.11505028E+00 1.11505379E+00 1.11505664E+00 1.11505892E+00 1.11506078E+00 1.11506234E+00 1.11506362E+00 1.11506466E+00 1.11506551E+00 1.11506624E+00 1.11506687E+00 1.11506748E+00 1.11506809E+00 1.11506874E+00 1.11506947E+00 1.11507029E+00 1.11507125E+00 1.11507241E+00 1.11507377E+00 1.11507538E+00 1.11507726E+00 1.11507948E+00 1.11508209E+00 1.11508512E+00 1.11508863E+00 1.11509270E+00 1.11509736E+00 1.11510267E+00 1.11510868E+00 1.11511555E+00 1.11512335E+00 1.11513214E+00 1.11514196E+00 1.11515294E+00 1.11516520E+00 1.11517884E+00 1.11519384E+00 1.11521033E+00 1.11522847E+00 1.11524839E+00 1.11526984E+00 1.11529258E+00 1.11531698E+00 1.11534351E+00 1.11537192E+00 1.11540182E+00 1.11543263E+00 1.11546349E+00 1.11549459E+00 1.11552557E+00 1.11555522E+00 1.11558132E+00 1.11560404E+00 1.11562367E+00 1.11563799E+00 1.11564379E+00 1.11563917E+00 1.11562012E+00 1.11558400E+00 1.11552452E+00 1.11543680E+00 1.11531589E+00 1.11516133E+00 1.11496489E+00 1.11471654E+00 1.11440174E+00 1.11400986E+00 1.11352521E+00 1.11295146E+00 1.11227772E+00 1.11147193E+00 1.11050037E+00 1.10936233E+00 1.10803836E+00 1.10649950E+00 1.10472655E+00 1.10270379E+00 1.10062623E+00 1.09826599E+00 1.09590748E+00 1.09331566E+00 1.09081661E+00 1.08811257E+00 1.08554505E+00 1.08274724E+00 1.08005383E+00 1.07722200E+00 1.07460490E+00 1.07183071E+00 1.06922944E+00 1.06651721E+00 1.06402993E+00 1.06142544E+00 1.05901149E+00 1.05650013E+00 1.05419756E+00 1.05182994E+00 1.04968348E+00 1.04746765E+00 1.04527837E+00 1.04300797E+00 1.04066390E+00 1.03826861E+00 1.03581129E+00 1.03325161E+00 1.03059757E+00 1.02788597E+00 1.02506450E+00 1.02205008E+00 1.01893577E+00 1.01585394E+00 1.01270225E+00 1.00926251E+00 1.00507376E+00 1.00000000E+00
1.12737958E+00 1.12739173E+00 1.12740220E+00 1.12741107E+00 1.12741859E+00 1.12742502E+00 1.12743044E+00 1.12743492E+00 1.12743854E+00 1.12744145E+00 1.12744372E+00 1.12744548E+00 1.12744680E+00 1.12744779E+00 1.12744848E+00 1.12744893E+00 1.12744919E+00 1.12744934E+00 1.12744943E+00 1.12744951E+00 1.12744960E+00 1.12744974E+00 1.12744993E+00 1.12745023E+00 1.12745067E+00 1.12745124E+00 1.12745200E+00 1.12745304E+00 1.12745441E+00 1.12745613E+00 1.12745815E+00 1.12746057E+00 1.12746355E+00 1.12746719E+00 1.12747147E+00 1.12747651E+00 1.12748238E+00 1.12748915E+00 1.12749695E+00 1.12750616E+00 1.12751696E+00 1.12752945E+00 1.12754348E+00 1.12755924E+00 1.12757725E+00 1.12759788E+00 1.12762102E+00 1.12764700E+00 1.12767632E+00 1.12770936E+00 1.12774538E+00 1.12778414E+00 1.12782752E+00 1.12787735E+00 1.12793268E+00 1.12799287E+00 1.12805710E+00 1.12812438E+00 1.12819634E+00 1.12827368E+00 1.12835469E+00 1.12843731E+00 1.12852335E+00 1.12861540E+00 1.12871014E+00 1.12880401E+00 1.12889497E+00 1.12897906E+00 1.12905457E+00 1.12911497E+00 1.12915393E+00 1.12916741E+00 1.12915775E+00 1.12911721E+00 1.12903068E+00 1.12887941E+00 1.12865196E+00 1.12833348E+00 1.12793336E+00 1.12743796E+00 1.12679950E+00 1.12597695E+00 1.12497883E+00 1.12378568E+00 1.12235645E+00 1.12066206E+00 1.11869211E+00 1.11663773E+00 1.11425623E+00 1.11183301E+00 1.10914876E+00 1.10654015E+00 1.10368231E+00 1.10093050E+00 1.09790174E+00 1.09496676E+00 1.09185927E+00 1.08895999E+00 1.08585953E+00 1.08292850E+00 1.07985505E+00 1.07702209E+00 1.07403598E+00 1.07124661E+00 1.06832677E+00 1.06563708E+00 1.06286035E+00 1.06033229E+00 1.05771131E+00 1.05510966E+00 1.05240158E+00 1.04959610E+00 1.04671828E+00 1.04375415E+00 1.04065717E+00 1.03743413E+00 1.03412702E+00 1.03068159E+00 1.02700604E+00 1.02318882E+00 1.01937353E+00 1.01545370E+00 1.01118183E+00 1.00606765E+00 1.00000000E+00
1.14001262E+00 1.14002169E+00 1.14002852E+00 1.14003464E+00 1.14003999E+00 1.14004467E+00 1.14004871E+00 1.14005216E+00 1.14005513E+00 1.14005775E+00 1.14005999E+00 1.14006187E+00 1.14006350E+00 1.14006500E+00 1.14006626E+00 1.14006726E+00 1.14006812E+00 1.14006890E+00 1.14006965E+00 1.14007049E+00 1.14007139E+00 1.14007231E+00 1.14007324E+00 1.14007428E+00 1.14007545E+00 1.14007674E+00 1.14007823E+00 1.14008014E+00 1.14008254E+00 1.14008537E+00 1.14008846E+00 1.14009198E+00 1.14009636E+00 1.14010177E+00 1.14010802E+00 1.14011528E+00 1.14012371E+00 1.14013342E+00 1.14014465E+00 1.14015816E+00 1.14017421E+00 1.14019278E+00 1.14021349E+00 1.14023670E+00 1.14026351E+00 1.14029463E+00 1.14032977E+00 1.14036955E+00 1.14041477E+00 1.14046604E+00 1.14052213E+00 1.14058304E+00 1.14065226E+00 1.14073299E+00 1.14082323E+00 1.14092184E+00 1.14102791E+00 1.14114058E+00 1.14126298E+00 1.14139681E+00 1.14153987E+00 1.14169027E+00 1.14185104E+00 1.14202643E+00 1.14221202E+00 1.14240348E+00 1.14259860E+00 1.14279327E+00 1.14298628E+00 1.14317045E+00 1.14333807E+00 1.14348534E+00 1.14361602E+00 1.14372163E+00 1.14378266E+00 1.14377614E+00 1.14369014E+00 1.14350903E+00 1.14324536E+00 1.14288328E+00 1.14236211E+00 1.14163312E+00 1.14071311E+00 1.13958223E+00 1.13818834E+00 1.13649237E+00 1.13448664E+00 1.13236687E+00 1.12987140E+00 1.12729662E+00 1.12442238E+00 1.12160761E+00 1.11849444E+00 1.11546854E+00 1.11212084E+00 1.10886459E+00 1.10539722E+00 1.10214247E+00 1.09864801E+00 1.09533433E+00 1.09185128E+00 1.08863429E+00 1.08523589E+00 1.08205257E+00 1.07871303E+00 1.07563233E+00 1.07244787E+00 1.06954473E+00 1.06653188E+00 1.06353854E+00 1.06042089E+00 1.05718825E+00 1.05386830E+00 1.05044653E+00 1.04687102E+00 1.04314576E+00 1.03931749E+00 1.03533291E+00 1.03109342E+00 1.02668195E+00 1.02225240E+00 1.01769845E+00 1.01274562E+00 1.00687569E+00 1.00000000E+00
1.15214717E+00 1.15215418E+00 1.15215741E+00 1.15216184E+00 1.15216686E+00 1.15217237E+00 1.15217813E+00 1.15218398E+00 1.15218994E+00 1.15219604E+00 1.15220206E+00 1.15220781E+00 1.15221344E+00 1.15221903E+00 1.15222430E+00 1.15222910E+00 1.15223362E+00 1.15223797E+00 1.15224221E+00 1.15224653E+00 1.15225082E+00 1.15225496E+00 1.15225891E+00 1.15226285E+00 1.15226683E+00 1.15227082E+00 1.15227497E+00 1.15227971E+00 1.15228507E+00 1.15229085E+00 1.15229678E+00 1.15230317E+00 1.15231079E+00 1.15231992E+00 1.15233013E+00 1.15234167E+00 1.15235483E+00 1.15236981E+00 1.15238699E+00 1.15240758E+00 1.15243186E+00 1.15245957E+00 1.15249016E+00 1.15252436E+00 1.15256387E+00 1.15260969E+00 1.15266141E+00 1.15271998E+00 1.15278648E+00 1.15286170E+00 1.15294407E+00 1.15303391E+00 1.15313612E+00 1.15325503E+00 1.15338763E+00 1.15353215E+00 1.15368786E+00 1.15385429E+00 1.15403581E+00 1.15423493E+00 1.15444889E+00 1.15467575E+00 1.15491928E+00 1.15518488E+00 1.15546710E+00 1.15576054E+00 1.15606281E+00 1.15636940E+00 1.15667926E+00 1.15698435E+00 1.15727558E+00 1.15754850E+00 1.15780758E+00 1.15804341E+00 1.15823271E+00 1.15834840E+00 1.15837797E+00 1.15830389E+00 1.15814100E+00 1.15787262E+00 1.15742690E+00 1.15674699E+00 1.15585618E+00 1.15473275E+00 1.15331458E+00 1.15155358E+00 1.14944276E+00 1.14718881E+00 1.14450816E+00 1.14171774E+00 1.13858557E+00 1.13550328E+00 1.13207636E+00 1.12872986E+00 1.12502188E+00 1.12141148E+00 1.11755502E+00 1.11392508E+00 1.11002422E+00 1.10632384E+00 1.10243255E+00 1.09883780E+00 1.09504011E+00 1.09148105E+00 1.08774576E+00 1.08429958E+00 1.08073679E+00 1.07748845E+00 1.07411803E+00 1.07077039E+00 1.06728497E+00 1.06367078E+00 1.05995798E+00 1.05613282E+00 1.05213855E+00 1.04797543E+00 1.04369452E+00 1.03924489E+00 1.03452244E+00 1.02960436E+00 1.02465326E+00 1.01956495E+00 1.01404215E+00 1.00754321E+00 1.00000000E+00
1.11259874E+00 1.11259865E+00 1.11259541E+00 1.11259222E+00 1.11259014E+00 1.11258962E+00 1.11258980E+00 1.11258988E+00 1.11258975E+00 1.11258944E+00 1.11258916E+00 1.11258906E+00 1.11258910E+00 1.11258924E+00 1.11258945E+00 1.11258971E+00 1.11259005E+00 1.11259048E+00 1.11259101E+00 1.11259165E+00 1.11259240E+00 1.11259328E+00 1.11259430E+00 1.11259547E+00 1.11259682E+00 1.11259835E+00 1.11260008E+00 1.11260205E+00 1.11260426E+00 1.11260673E+00 1.11260949E+00 1.11261256E+00 1.11261597E+00 1.11261972E+00 1.11262383E+00 1.11262834E+00 1.11263323E+00 1.11263853E+00 1.11264421E+00 1.11265029E+00 1.11265674E+00 1.11266350E+00 1.11267054E+00 1.11267778E+00 1.11268514E+00 1.11269246E+00 1.11269960E+00 1.11270631E+00 1.11271239E+00 1.11271746E+00 1.11272123E+00 1.11272313E+00 1.11272269E+00 1.11271914E+00 1.11271186E+00 1.11269973E+00 1.11268193E+00 1.11265693E+00 1.11262357E+00 1.11257980E+00 1.11252416E+00 1.11245383E+00 1.11236687E+00 1.11225982E+00 1.11213016E+00 1.11197326E+00 1.11178613E+00 1.11156289E+00 1.11129945E+00 1.11098856E+00 1.11062540E+00 1.11020115E+00 1.10970997E+00 1.10914073E+00 1.10848657E+00 1.10773449E+00 1.10687673E+00 1.10589718E+00 1.10478524E+00 1.10352485E+00 1.10210534E+00 1.10050461E+00 1.09870989E+00 1.09669977E+00 1.09446067E+00 1.09198979E+00 1.08925454E+00 1.08652296E+00 1.08354451E+00 1.08068604E+00 1.07760690E+00 1.07468857E+00 1.07158570E+00 1.06868525E+00 1.06562806E+00 1.06277903E+00 1.05980152E+00 1.05706459E+00 1.05422499E+00 1.05162614E+00 1.04894519E+00 1.04650537E+00 1.04400187E+00 1.04173529E+00 1.03942169E+00 1.03733693E+00 1.03521394E+00 1.03330582E+00 1.03137176E+00 1.02950905E+00 1.02762542E+00 1.02571929E+00 1.02379582E+00 1.02186485E+00 1.01992105E+00 1.01796592E+00 1.01601524E+00 1.01408691E+00 1.01214960E+00 1.01020691E+00 1.00833554E+00 1.00664035E+00 1.00499956E+00 1.00285880E+00 1.00000000E+00
1.11533924E+00 1.11533074E+00 1.11532447E+00 1.11532271E+00 1.11532364E+00 1.11532483E+00 1.11532532E+00 1.11532489E+00 1.11532437E+00 1.11532436E+00 1.11532472E+00 1.11532517E+00 1.11532553E+00 1.11532576E+00 1.11532597E+00 1.11532626E+00 1.11532661E+00 1.11532701E+00 1.11532746E+00 1.11532798E+00 1.11532858E+00 1.11532929E+00 1.11533011E+00 1.11533108E+00 1.11533220E+00 1.11533349E+00 1.11533497E+00 1.11533668E+00 1.11533863E+00 1.11534084E+00 1.11534335E+00 1.11534619E+00 1.11534939E+00 1.11535298E+00 1.11535698E+00 1.11536145E+00 1.11536641E+00 1.11537187E+00 1.11537788E+00 1.11538447E+00 1.11539165E+00 1.11539941E+00 1.11540778E+00 1.11541677E+00 1.11542633E+00 1.11543642E+00 1.11544696E+00 1.11545785E+00 1.11546900E+00 1.11548019E+00 1.11549128E+00 1.11550190E+00 1.11551169E+00 1.11552022E+00 1.11552709E+00 1.11553151E+00 1.11553291E+00 1.11553014E+00 1.11552232E+00 1.11550789E+00 1.11548572E+00 1.11545342E+00 1.11540949E+00 1.11535139E+00 1.11527698E+00 1.11518228E+00 1.11506480E+00 1.11491929E+00 1.11474204E+00 1.11452638E+00 1.11426804E+00 1.11395941E+00 1.11359526E+00 1.11316457E+00 1.11266094E+00 1.11207180E+00 1.11138913E+00 1.11059623E+00 1.10968386E+00 1.10863695E+00 1.10744218E+00 1.10607460E+00 1.10452268E+00 1.10276490E+00 1.10078463E+00 1.09857317E+00 1.09609956E+00 1.09360322E+00 1.09085105E+00 1.08818066E+00 1.08528241E+00 1.08251682E+00 1.07955787E+00 1.07677694E+00 1.07381237E+00 1.07101841E+00 1.06809191E+00 1.06539548E+00 1.06257485E+00 1.05997040E+00 1.05727072E+00 1.05480506E+00 1.05225587E+00 1.04992954E+00 1.04753568E+00 1.04536030E+00 1.04313338E+00 1.04112345E+00 1.03906944E+00 1.03706999E+00 1.03502339E+00 1.03292965E+00 1.03080147E+00 1.02864072E+00 1.02642462E+00 1.02415400E+00 1.02185438E+00 1.01952122E+00 1.01709669E+00 1.01459353E+00 1.01209885E+00 1.00964286E+00 1.00706960E+00 1.00389704E+00 1.00000000E+00
1.12826058E+00 1.12826219E+00 1.12826425E+00 1.12826778E+00 1.12827242E+00 1.12827736E+00 1.12828209E+00 1.12828627E+00 1.12829006E+00 1.12829356E+00 1.12829675E+00 1.12829958E+00 1.12830203E+00 1.12830414E+00 1.12830595E+00 1.12830752E+00 1.12830890E+00 1.12831012E+00 1.12831122E+00 1.12831224E+00 1.12831323E+00 1.12831423E+00 1.12831528E+00 1.12831641E+00 1.12831765E+00 1.12831905E+00 1.12832064E+00 1.12832247E+00 1.12832457E+00 1.12832700E+00 1.12832978E+00 1.12833299E+00 1.12833667E+00 1.12834089E+00 1.12834568E+00 1.12835115E+00 1.12835733E+00 1.12836431E+00 1.12837214E+00 1.12838096E+00 1.12839082E+00 1.12840180E+00 1.12841396E+00 1.12842742E+00 1.12844224E+00 1.12845850E+00 1.12847622E+00 1.12849546E+00 1.12851628E+00 1.12853869E+00 1.12856257E+00 1.12858773E+00 1.12861420E+00 1.12864201E+00 1.12867081E+00 1.12870001E+00 1.12872918E+00 1.12875742E+00 1.12878431E+00 1.12880874E+00 1.12882969E+00 1.12884506E+00 1.12885395E+00 1.12885484E+00 1.12884538E+00 1.12882166E+00 1.12878131E+00 1.12871906E+00 1.12863154E+00 1.12851218E+00 1.12835613E+00 1.12815614E+00 1.12790759E+00 1.12759883E+00 1.12722176E+00 1.12676220E+00 1.12621051E+00 1.12554860E+00 1.12476963E+00 1.12385646E+00 1.12278731E+00 1.12153305E+00 1.12008463E+00 1.11841689E+00 1.11650507E+00 1.11433418E+00 1.11187321E+00 1.10935936E+00 1.10654780E+00 1.10378395E+00 1.10076024E+00 1.09785216E+00 1.09470922E+00 1.09172496E+00 1.08851365E+00 1.08546297E+00 1.08224723E+00 1.07926171E+00 1.07611215E+00 1.07317878E+00 1.07012018E+00 1.06731117E+00 1.06438484E+00 1.06169170E+00 1.05890052E+00 1.05634814E+00 1.05372292E+00 1.05134166E+00 1.04889357E+00 1.04649343E+00 1.04402149E+00 1.04147933E+00 1.03888242E+00 1.03622835E+00 1.03348822E+00 1.03066344E+00 1.02778433E+00 1.02484023E+00 1.02176603E+00 1.01857543E+00 1.01536161E+00 1.01214674E+00 1.00876592E+00 1.00474942E+00 1.00000000E+00
1.14246720E+00 1.14247105E+00 1.14247776E+00 1.14248756E+00 1.14249928E+00 1.14251154E+00 1.14252391E+00 1.14253600E+00 1.14254784E+00 1.14255925E+00 1.14257005E+00 1.14258002E+00 1.14258916E+00 1.14259745E+00 1.14260491E+00 1.14261160E+00 1.14261755E+00 1.14262285E+00 1.14262755E+00 1.14263177E+00 1.14263556E+00 1.14263902E+00 1.14264220E+00 1.14264524E+00 1.14264818E+00 1.14265112E+00 1.14265414E+00 1.14265735E+00 1.14266082E+00 1.14266464E+00 1.14266886E+00 1.14267363E+00 1.14267905E+00 1.14268526E+00 1.14269230E+00 1.14270034E+00 1.14270950E+00 1.14271994E+00 1.14273178E+00 1.14274530E+00 1.14276064E+00 1.14277797E+00 1.14279736E+00 1.14281907E+00 1.14284340E+00 1.14287063E+00 1.14290081E+00 1.14293428E+00 1.14297128E+00 1.14301209E+00 1.14305649E+00 1.14310456E+00 1.14315694E+00 1.14321424E+00 1.14327589E+00 1.14334140E+00 1.14341045E+00 1.14348235E+00 1.14355728E+00 1.14363456E+00 1.14371307E+00 1.14379092E+00 1.14386769E+00 1.14394255E+00 1.14401254E+00 1.14407344E+00 1.14412259E+00 1.14415422E+00 1.14416509E+00 1.14414801E+00 1.14409697E+00 1.14400421E+00 1.14386507E+00 1.14366643E+00 1.14339767E+00 1.14304191E+00 1.14258787E+00 1.14201531E+00 1.14131796E+00 1.14047509E+00 1.13945692E+00 1.13822916E+00 1.13678437E+00 1.13509252E+00 1.13312090E+00 1.13084813E+00 1.12824138E+00 1.12555190E+00 1.12251119E+00 1.11949267E+00 1.11617016E+00 1.11295630E+00 1.10945933E+00 1.10611689E+00 1.10250474E+00 1.09906165E+00 1.09541742E+00 1.09201964E+00 1.08842340E+00 1.08506421E+00 1.08155460E+00 1.07832542E+00 1.07495313E+00 1.07184099E+00 1.06860872E+00 1.06564886E+00 1.06260169E+00 1.05983463E+00 1.05698631E+00 1.05418940E+00 1.05130581E+00 1.04833841E+00 1.04530461E+00 1.04220035E+00 1.03899316E+00 1.03568482E+00 1.03230940E+00 1.02885455E+00 1.02525148E+00 1.02151351E+00 1.01773834E+00 1.01394921E+00 1.00997749E+00 1.00535592E+00 1.00000000E+00
1.15617462E+00 1.15618075E+00 1.15619036E+00 1.15620480E+00 1.15622267E+00 1.15624234E+00 1.15626318E+00 1.15628455E+00 1.15630637E+00 1.15632821E+00 1.15634974E+00 1.15637050E+00 1.15639038E+00 1.15640918E+00 1.15642685E+00 1.15644331E+00 1.15645858E+00 1.15647268E+00 1.15648568E+00 1.15649767E+00 1.15650872E+00 1.15651894E+00 1.15652839E+00 1.15653727E+00 1.15654567E+00 1.15655376E+00 1.15656164E+00 1.15656957E+00 1.15657763E+00 1.15658600E+00 1.15659471E+00 1.15660403E+00 1.15661425E+00 1.15662558E+00 1.15663804E+00 1.15665194E+00 1.15666751E+00 1.15668505E+00 1.15670475E+00 1.15672714E+00 1.15675245E+00 1.15678092E+00 1.15681264E+00 1.15684812E+00 1.15688795E+00 1.15693265E+00 1.15698229E+00 1.15703751E+00 1.15709880E+00 1.15716662E+00 1.15724069E+00 1.15732136E+00 1.15740988E+00 1.15750739E+00 1.15761299E+00 1.15772615E+00 1.15784664E+00 1.15797394E+00 1.15810874E+00 1.15825057E+00 1.15839805E+00 1.15854921E+00 1.15870377E+00 1.15886110E+00 1.15901753E+00 1.15916802E+00 1.15930939E+00 1.15943498E+00 1.15954129E+00 1.15962003E+00 1.15966375E+00 1.15966337E+00 1.15961369E+00 1.15949975E+00 1.15930831E+00 1.15901909E+00 1.15861924E+00 1.15808582E+00 1.15741196E+00 1.15657323E+00 1.15553306E+00 1.15425127E+00 1.15272146E+00 1.15090897E+00 1.14877458E+00 1.14629205E+00 1.14342640E+00 1.14045550E+00 1.13707998E+00 1.13371492E+00 1.13000256E+00 1.12640543E+00 1.12248290E+00 1.11872600E+00 1.11466429E+00 1.11079312E+00 1.10669165E+00 1.10286376E+00 1.09881193E+00 1.09502786E+00 1.09107551E+00 1.08744013E+00 1.08364397E+00 1.08014012E+00 1.07650127E+00 1.07317060E+00 1.06974351E+00 1.06663273E+00 1.06343179E+00 1.06028937E+00 1.05705122E+00 1.05372111E+00 1.05031803E+00 1.04683741E+00 1.04324423E+00 1.03954026E+00 1.03576263E+00 1.03189890E+00 1.02787802E+00 1.02371261E+00 1.01950382E+00 1.01527769E+00 1.01086405E+00 1.00579719E+00 1.00000000E+00
1.16950257E+00 1.16951606E+00 1.16952678E+00 1.16953786E+00 1.16954867E+00 1.16955924E+00 1.16956954E+00 1.16957954E+00 1.16958921E+00 1.16959851E+00 1.16960738E+00 1.16961579E+00 1.16962377E+00 1.16963136E+00 1.16963851E+00 1.16964525E+00 1.16965166E+00 1.16965782E+00 1.16966377E+00 1.16966965E+00 1.16967547E+00 1.16968128E+00 1.16968712E+00 1.16969316E+00 1.16969951E+00 1.16970628E+00 1.16971357E+00 1.16972167E+00 1.16973067E+00 1.16974066E+00 1.16975167E+00 1.16976407E+00 1.16977825E+00 1.16979447E+00 1.16981271E+00 1.16983339E+00 1.16985682E+00 1.16988344E+00 1.16991351E+00 1.16994778E+00 1.16998657E+00 1.17003016E+00 1.17007865E+00 1.17013282E+00 1.17019358E+00 1.17026162E+00 1.17033701E+00 1.17042072E+00 1.17051339E+00 1.17061565E+00 1.17072710E+00 1.17084831E+00 1.17098098E+00 1.17112667E+00 1.17128409E+00 1.17145251E+00 1.17163175E+00 1.17182134E+00 1.17202224E+00 1.17223400E+00 1.17245474E+00 1.17268212E+00 1.17291573E+00 1.17315475E+00 1.17339470E+00 1.17362936E+00 1.17385496E+00 1.17406364E+00 1.17425138E+00 1.17440852E+00 1.17452605E+00 1.17459303E+00 1.17460351E+00 1.17454066E+00 1.17438863E+00 1.17412346E+00 1.17373084E+00 1.17318500E+00 1.17247821E+00 1.17158274E+00 1.17045642E+00 1.16905346E+00 1.16736850E+00 1.16536339E+00 1.16299400E+00 1.16023150E+00 1.15703903E+00 1.15372882E+00 1.14996659E+00 1.14621588E+00 1.14208054E+00 1.13807743E+00 1.13371482E+00 1.12953870E+00 1.12503040E+00 1.12074099E+00 1.11619917E+00 1.11196294E+00 1.10748432E+00 1.10330728E+00 1.09894960E+00 1.09494600E+00 1.09076957E+00 1.08691780E+00 1.08292093E+00 1.07926631E+00 1.07550957E+00 1.07210261E+00 1.06859995E+00 1.06516396E+00 1.06162663E+00 1.05799234E+00 1.05428142E+00 1.05048932E+00 1.04657905E+00 1.04255219E+00 1.03844840E+00 1.03425574E+00 1.02990171E+00 1.02539824E+00 1.02084913E+00 1.01628341E+00 1.01153046E+00 1.00612670E+00 1.00000000E+00
1.11792156E+00 1.11792278E+00 1.11792018E+00 1.11791685E+00 1.11791436E+00 1.11791364E+00 1.11791380E+00 1.11791399E+00 1.11791395E+00 1.11791365E+00 1.11791335E+00 1.11791324E+00 1.11791329E+00 1.11791346E+00 1.11791371E+00 1.11791400E+00 1.11791438E+00 1.11791486E+00 1.11791545E+00 1.11791616E+00 1.11791698E+00 1.11791795E+00 1.11791905E+00 1.11792033E+00 1.11792179E+00 1.11792344E+00 1.11792531E+00 1.11792743E+00 1.11792979E+00 1.11793244E+00 1.11793538E+00 1.11793865E+00 1.11794226E+00 1.11794623E+00 1.11795057E+00 1.11795530E+00 1.11796043E+00 1.11796596E+00 1.11797188E+00 1.11797818E+00 1.11798483E+00 1.11799177E+00 1.11799896E+00 1.11800631E+00 1.11801371E+00 1.11802100E+00 1.11802801E+00 1.11803448E+00 1.11804019E+00 1.11804471E+00 1.11804773E+00 1.11804863E+00 1.11804691E+00 1.11804175E+00 1.11803249E+00 1.11801792E+00 1.11799716E+00 1.11796859E+00 1.11793100E+00 1.11788220E+00 1.11782066E+00 1.11774344E+00 1.11764850E+00 1.11753221E+00 1.11739193E+00 1.11722283E+00 1.11702177E+00 1.11678263E+00 1.11650122E+00 1.11617011E+00 1.11578429E+00 1.11533460E+00 1.11481492E+00 1.11421403E+00 1.11352487E+00 1.11273403E+00 1.11183344E+00 1.11080681E+00 1.10964351E+00 1.10832702E+00 1.10684622E+00 1.10517891E+00 1.10331240E+00 1.10122503E+00 1.09890252E+00 1.09634218E+00 1.09351057E+00 1.09068677E+00 1.08760992E+00 1.08465857E+00 1.08148192E+00 1.07847486E+00 1.07527804E+00 1.07228686E+00 1.06913435E+00 1.06620150E+00 1.06313756E+00 1.06031894E+00 1.05739335E+00 1.05471503E+00 1.05195086E+00 1.04943459E+00 1.04685162E+00 1.04451160E+00 1.04212092E+00 1.03996456E+00 1.03776685E+00 1.03578995E+00 1.03378385E+00 1.03184768E+00 1.02988684E+00 1.02790033E+00 1.02589103E+00 1.02386593E+00 1.02182176E+00 1.01975919E+00 1.01768830E+00 1.01562493E+00 1.01354790E+00 1.01144567E+00 1.00937029E+00 1.00744042E+00 1.00555382E+00 1.00314100E+00 1.00000000E+00
1.12313417E+00 1.12313319E+00 1.12313060E+00 1.12312783E+00 1.12312568E+00 1.12312457E+00 1.12312410E+00 1.12312386E+00 1.12312371E+00 1.12312355E+00 1.12312344E+00 1.12312340E+00 1.12312344E+00 1.12312356E+00 1.12312376E+00 1.12312403E+00 1.12312437E+00 1.12312479E+00 1.12312530E+00 1.12312591E+00 1.12312664E+00 1.12312749E+00 1.12312849E+00 1.12312966E+00 1.12313100E+00 1.12313255E+00 1.12313432E+00 1.12313634E+00 1.12313862E+00 1.12314121E+00 1.12314412E+00 1.12314740E+00 1.12315106E+00 1.12315515E+00 1.12315968E+00 1.12316469E+00 1.12317022E+00 1.12317627E+00 1.12318287E+00 1.12319005E+00 1.12319780E+00 1.12320612E+00 1.12321500E+00 1.12322442E+00 1.12323432E+00 1.12324460E+00 1.12325518E+00 1.12326590E+00 1.12327661E+00 1.12328703E+00 1.12329695E+00 1.12330588E+00 1.12331345E+00 1.12331906E+00 1.12332222E+00 1.12332194E+00 1.12331752E+00 1.12330759E+00 1.12329113E+00 1.12326629E+00 1.12323176E+00 1.12318488E+00 1.12312390E+00 1.12304575E+00 1.12294800E+00 1.12282618E+00 1.12267745E+00 1.12249600E+00 1.12227782E+00 1.12201583E+00 1.12170523E+00 1.12133737E+00 1.12090631E+00 1.12040064E+00 1.11981355E+00 1.11913145E+00 1.11834605E+00 1.11744023E+00 1.11640346E+00 1.11521921E+00 1.11387479E+00 1.11234589E+00 1.11061979E+00 1.10867371E+00 1.10649087E+00 1.10406426E+00 1.10136000E+00 1.09864251E+00 1.09565978E+00 1.09277794E+00 1.08965859E+00 1.08668989E+00 1.08351697E+00 1.08053399E+00 1.07736698E+00 1.07439933E+00 1.07129033E+00 1.06842041E+00 1.06542307E+00 1.06266151E+00 1.05979906E+00 1.05718339E+00 1.05448228E+00 1.05202041E+00 1.04948938E+00 1.04719165E+00 1.04483903E+00 1.04271383E+00 1.04054318E+00 1.03843255E+00 1.03627648E+00 1.03407447E+00 1.03183397E+00 1.02955706E+00 1.02722912E+00 1.02485022E+00 1.02243614E+00 1.01999077E+00 1.01747352E+00 1.01487467E+00 1.01225696E+00 1.00970259E+00 1.00709225E+00 1.00390497E+00 1.00000000E+00
1.13596627E+00 1.13596406E+00 1.13595734E+00 1.13594781E+00 1.13593825E+00 1.13593111E+00 1.13592623E+00 1.13592316E+00 1.13592128E+00 1.13592017E+00 1.13591986E+00 1.13592021E+00 1.13592112E+00 1.13592238E+00 1.13592391E+00 1.13592558E+00 1.13592737E+00 1.13592921E+00 1.13593109E+00 1.13593297E+00 1.13593488E+00 1.13593681E+00 1.13593879E+00 1.13594086E+00 1.13594304E+00 1.13594537E+00 1.13594788E+00 1.13595065E+00 1.13595369E+00 1.13595709E+00 1.13596087E+00 1.13596513E+00 1.13596990E+00 1.13597527E+00 1.13598128E+00 1.13598802E+00 1.13599555E+00 1.13600395E+00 1.13601328E+00 1.13602365E+00 1.13603510E+00 1.13604770E+00 1.13606152E+00 1.13607662E+00 1.13609303E+00 1.13611078E+00 1.13612986E+00 1.13615026E+00 1.13617195E+00 1.13619481E+00 1.13621872E+00 1.13624333E+00 1.13626848E+00 1.13629389E+00 1.13631911E+00 1.13634332E+00 1.13636593E+00 1.13638573E+00 1.13640191E+00 1.13641286E+00 1.13641734E+00 1.13641279E+00 1.13639767E+00 1.13636934E+00 1.13632513E+00 1.13626040E+00 1.13617223E+00 1.13605447E+00 1.13590301E+00 1.13571039E+00 1.13547120E+00 1.13517632E+00 1.13481956E+00 1.13438822E+00 1.13387427E+00 1.13326235E+00 1.13254266E+00 1.13169597E+00 1.13071176E+00 1.12957098E+00 1.12825580E+00 1.12673820E+00 1.12500521E+00 1.12302970E+00 1.12078925E+00 1.11827247E+00 1.11544276E+00 1.11257663E+00 1.10940318E+00 1.10631260E+00 1.10294903E+00 1.09973083E+00 1.09626961E+00 1.09299629E+00 1.08950300E+00 1.08621444E+00 1.08275567E+00 1.07954893E+00 1.07618478E+00 1.07307148E+00 1.06983469E+00 1.06686848E+00 1.06379325E+00 1.06097907E+00 1.05807562E+00 1.05543191E+00 1.05271955E+00 1.05026397E+00 1.04774883E+00 1.04529527E+00 1.04278158E+00 1.04020851E+00 1.03758557E+00 1.03491261E+00 1.03217130E+00 1.02936274E+00 1.02650597E+00 1.02360168E+00 1.02060526E+00 1.01750968E+00 1.01438288E+00 1.01130444E+00 1.00815614E+00 1.00443077E+00 1.00000000E+00
1.14905780E+00 1.14905002E+00 1.14904343E+00 1.14903802E+00 1.14903367E+00 1.14903058E+00 1.14902888E+00 1.14902856E+00 1.14902942E+00 1.14903120E+00 1.14903376E+00 1.14903689E+00 1.14904051E+00 1.14904441E+00 1.14904852E+00 1.14905271E+00 1.14905693E+00 1.14906112E+00 1.14906527E+00 1.14906936E+00 1.14907339E+00 1.14907740E+00 1.14908140E+00 1.14908544E+00 1.14908959E+00 1.14909389E+00 1.14909842E+00 1.14910328E+00 1.14910854E+00 1.14911429E+00 1.14912061E+00 1.14912764E+00 1.14913548E+00 1.14914428E+00 1.14915411E+00 1.14916516E+00 1.14917754E+00 1.14919142E+00 1.14920693E+00 1.14922430E+00 1.14924367E+00 1.14926520E+00 1.14928900E+00 1.14931528E+00 1.14934422E+00 1.14937601E+00 1.14941068E+00 1.14944845E+00 1.14948941E+00 1.14953361E+00 1.14958090E+00 1.14963111E+00 1.14968436E+00 1.14974067E+00 1.14979945E+00 1.14985989E+00 1.14992147E+00 1.14998295E+00 1.15004373E+00 1.15010221E+00 1.15015697E+00 1.15020530E+00 1.15024563E+00 1.15027527E+00 1.15029097E+00 1.15028737E+00 1.15026110E+00 1.15020504E+00 1.15011467E+00 1.14998142E+00 1.14979868E+00 1.14955608E+00 1.14924659E+00 1.14885566E+00 1.14837333E+00 1.14778159E+00 1.14706892E+00 1.14621344E+00 1.14520390E+00 1.14401799E+00 1.14263297E+00 1.14101669E+00 1.13915604E+00 1.13701975E+00 1.13458068E+00 1.13182499E+00 1.12871323E+00 1.12555096E+00 1.12203624E+00 1.11860259E+00 1.11485990E+00 1.11127429E+00 1.10741067E+00 1.10375081E+00 1.09984234E+00 1.09616180E+00 1.09228801E+00 1.08869376E+00 1.08492156E+00 1.08142966E+00 1.07779987E+00 1.07447422E+00 1.07102534E+00 1.06786812E+00 1.06461028E+00 1.06164450E+00 1.05860326E+00 1.05585091E+00 1.05303217E+00 1.05028230E+00 1.04746546E+00 1.04458359E+00 1.04164757E+00 1.03865636E+00 1.03558977E+00 1.03244990E+00 1.02925811E+00 1.02601412E+00 1.02267191E+00 1.01922635E+00 1.01574838E+00 1.01231884E+00 1.00882222E+00 1.00475761E+00 1.00000000E+00
1.16124395E+00 1.16123930E+00 1.16123401E+00 1.16122969E+00 1.16122646E+00 1.16122464E+00 1.16122416E+00 1.16122502E+00 1.16122715E+00 1.16123044E+00 1.16123474E+00 1.16123985E+00 1.16124566E+00 1.16125196E+00 1.16125868E+00 1.16126565E+00 1.16127284E+00 1.16128014E+00 1.16128753E+00 1.16129499E+00 1.16130252E+00 1.16131012E+00 1.16131782E+00 1.16132569E+00 1.16133380E+00 1.16134223E+00 1.16135108E+00 1.16136050E+00 1.16137059E+00 1.16138150E+00 1.16139331E+00 1.16140627E+00 1.16142056E+00 1.16143642E+00 1.16145392E+00 1.16147337E+00 1.16149497E+00 1.16151900E+00 1.16154565E+00 1.16157532E+00 1.16160822E+00 1.16164461E+00 1.16168464E+00 1.16172865E+00 1.16177700E+00 1.16183002E+00 1.16188774E+00 1.16195057E+00 1.16201867E+00 1.16209218E+00 1.16217088E+00 1.16225465E+00 1.16234382E+00 1.16243856E+00 1.16253803E+00 1.16264119E+00 1.16274746E+00 1.16285539E+00 1.16296440E+00 1.16307264E+00 1.16317827E+00 1.16327810E+00 1.16337024E+00 1.16345150E+00 1.16351788E+00 1.16356290E+00 1.16358253E+00 1.16356835E+00 1.16351518E+00 1.16341300E+00 1.16325387E+00 1.16302571E+00 1.16272055E+00 1.16232199E+00 1.16181810E+00 1.16118817E+00 1.16041921E+00 1.15948701E+00 1.15837954E+00 1.15707186E+00 1.15553748E+00 1.15374075E+00 1.15166904E+00 1.14928844E+00 1.14656870E+00 1.14349593E+00 1.14002842E+00 1.13650892E+00 1.13259970E+00 1.12878428E+00 1.12463173E+00 1.12065982E+00 1.11638457E+00 1.11233937E+00 1.10802628E+00 1.10397184E+00 1.09970934E+00 1.09575871E+00 1.09161784E+00 1.08778977E+00 1.08381606E+00 1.08018019E+00 1.07641341E+00 1.07296834E+00 1.06941679E+00 1.06618727E+00 1.06287954E+00 1.05988916E+00 1.05682944E+00 1.05384684E+00 1.05079436E+00 1.04767485E+00 1.04450019E+00 1.04126899E+00 1.03795988E+00 1.03457571E+00 1.03113955E+00 1.02765084E+00 1.02406298E+00 1.02037210E+00 1.01665117E+00 1.01298254E+00 1.00925338E+00 1.00496721E+00 1.00000000E+00
1.17236119E+00 1.17235700E+00 1.17235116E+00 1.17234651E+00 1.17234281E+00 1.17234061E+00 1.17234004E+00 1.17234123E+00 1.17234408E+00 1.17234847E+00 1.17235427E+00 1.17236128E+00 1.17236941E+00 1.17237845E+00 1.17238828E+00 1.17239873E+00 1.17240976E+00 1.17242124E+00 1.17243314E+00 1.17244544E+00 1.17245812E+00 1.17247115E+00 1.17248459E+00 1.17249851E+00 1.17251300E+00 1.17252818E+00 1.17254415E+00 1.17256113E+00 1.17257926E+00 1.17259872E+00 1.17261960E+00 1.17264224E+00 1.17266694E+00 1.17269398E+00 1.17272347E+00 1.17275582E+00 1.17279129E+00 1.17283028E+00 1.17287304E+00 1.17292008E+00 1.17297170E+00 1.17302817E+00 1.17308967E+00 1.17315665E+00 1.17322961E+00 1.17330892E+00 1.17339457E+00 1.17348707E+00 1.17358660E+00 1.17369326E+00 1.17380666E+00 1.17392663E+00 1.17405355E+00 1.17418759E+00 1.17432754E+00 1.17447197E+00 1.17462012E+00 1.17477015E+00 1.17492137E+00 1.17507143E+00 1.17521797E+00 1.17535705E+00 1.17548631E+00 1.17560182E+00 1.17569884E+00 1.17576958E+00 1.17580931E+00 1.17580831E+00 1.17576064E+00 1.17565485E+00 1.17548175E+00 1.17522758E+00 1.17488360E+00 1.17443183E+00 1.17385869E+00 1.17314109E+00 1.17226509E+00 1.17120471E+00 1.16994748E+00 1.16846673E+00 1.16673323E+00 1.16470889E+00 1.16238198E+00 1.15971736E+00 1.15668282E+00 1.15326616E+00 1.14942388E+00 1.14553792E+00 1.14123408E+00 1.13704561E+00 1.13250004E+00 1.12816429E+00 1.12350809E+00 1.11911214E+00 1.11443611E+00 1.11005094E+00 1.10544889E+00 1.10119075E+00 1.09673545E+00 1.09262393E+00 1.08836310E+00 1.08447072E+00 1.08044361E+00 1.07676494E+00 1.07297709E+00 1.06953709E+00 1.06601824E+00 1.06284069E+00 1.05959282E+00 1.05642980E+00 1.05319595E+00 1.04989480E+00 1.04653906E+00 1.04312712E+00 1.03963682E+00 1.03607157E+00 1.03245572E+00 1.02878871E+00 1.02502364E+00 1.02115761E+00 1.01726498E+00 1.01342941E+00 1.00954038E+00 1.00510515E+00 1.00000000E+00
1.12303115E+00 1.12303155E+00 1.12302862E+00 1.12302555E+00 1.12302356E+00 1.12302320E+00 1.12302354E+00 1.12302372E+00 1.12302361E+00 1.12302331E+00 1.12302306E+00 1.12302303E+00 1.12302316E+00 1.12302338E+00 1.12302366E+00 1.12302401E+00 1.12302444E+00 1.12302499E+00 1.12302565E+00 1.12302643E+00 1.12302733E+00 1.12302839E+00 1.12302959E+00 1.12303098E+00 1.12303255E+00 1.12303433E+00 1.12303634E+00 1.12303860E+00 1.12304113E+00 1.12304394E+00 1.12304707E+00 1.12305053E+00 1.12305434E+00 1.12305851E+00 1.12306307E+00 1.12306802E+00 1.12307337E+00 1.12307911E+00 1.12308524E+00 1.12309173E+00 1.12309855E+00 1.12310563E+00 1.12311292E+00 1.12312031E+00 1.12312769E+00 1.12313487E+00 1.12314167E+00 1.12314780E+00 1.12315301E+00 1.12315685E+00 1.12315898E+00 1.12315872E+00 1.12315554E+00 1.12314858E+00 1.12313711E+00 1.12311985E+00 1.12309587E+00 1.12306345E+00 1.12302130E+00 1.12296715E+00 1.12289935E+00 1.12281486E+00 1.12271154E+00 1.12258559E+00 1.12243424E+00 1.12225249E+00 1.12203703E+00 1.12178157E+00 1.12148177E+00 1.12113003E+00 1.12072112E+00 1.12024562E+00 1.11969718E+00 1.11906447E+00 1.11834016E+00 1.11751054E+00 1.11656724E+00 1.11549383E+00 1.11427970E+00 1.11290791E+00 1.11136681E+00 1.10963432E+00 1.10769772E+00 1.10553490E+00 1.10313103E+00 1.10048393E+00 1.09755922E+00 1.09464638E+00 1.09147444E+00 1.08843379E+00 1.08516322E+00 1.08206970E+00 1.07878135E+00 1.07570318E+00 1.07245932E+00 1.06944493E+00 1.06629599E+00 1.06339676E+00 1.06038629E+00 1.05762940E+00 1.05478277E+00 1.05219036E+00 1.04952746E+00 1.04711309E+00 1.04464387E+00 1.04241430E+00 1.04014004E+00 1.03809212E+00 1.03601123E+00 1.03399897E+00 1.03195787E+00 1.02988717E+00 1.02778818E+00 1.02566543E+00 1.02351731E+00 1.02134375E+00 1.01914988E+00 1.01694764E+00 1.01472508E+00 1.01246614E+00 1.01020190E+00 1.00804974E+00 1.00595472E+00 1.00334829E+00 1.00000000E+00
1.12812294E+00 1.12812852E+00 1.12813525E+00 1.12813798E+00 1.12813726E+00 1.12813456E+00 1.12813178E+00 1.12813035E+00 1.12812990E+00 1.12812989E+00 1.12812987E+00 1.12812963E+00 1.12812936E+00 1.12812922E+00 1.12812927E+00 1.12812948E+00 1.12812982E+00 1.12813024E+00 1.12813078E+00 1.12813145E+00 1.12813227E+00 1.12813325E+00 1.12813439E+00 1.12813572E+00 1.12813725E+00 1.12813901E+00 1.12814101E+00 1.12814329E+00 1.12814585E+00 1.12814873E+00 1.12815196E+00 1.12815557E+00 1.12815957E+00 1.12816401E+00 1.12816890E+00 1.12817427E+00 1.12818013E+00 1.12818651E+00 1.12819341E+00 1.12820083E+00 1.12820877E+00 1.12821719E+00 1.12822607E+00 1.12823535E+00 1.12824493E+00 1.12825469E+00 1.12826449E+00 1.12827412E+00 1.12828337E+00 1.12829188E+00 1.12829937E+00 1.12830525E+00 1.12830908E+00 1.12831011E+00 1.12830772E+00 1.12830076E+00 1.12828839E+00 1.12826903E+00 1.12824150E+00 1.12820370E+00 1.12815411E+00 1.12808982E+00 1.12800883E+00 1.12790761E+00 1.12778349E+00 1.12763158E+00 1.12744871E+00 1.12722867E+00 1.12696716E+00 1.12665664E+00 1.12629195E+00 1.12586373E+00 1.12536559E+00 1.12478590E+00 1.12411739E+00 1.12334587E+00 1.12246278E+00 1.12145092E+00 1.12029933E+00 1.11899066E+00 1.11751237E+00 1.11584077E+00 1.11396266E+00 1.11185463E+00 1.10950014E+00 1.10689429E+00 1.10400162E+00 1.10110719E+00 1.09794172E+00 1.09489410E+00 1.09160422E+00 1.08848162E+00 1.08515065E+00 1.08202269E+00 1.07871247E+00 1.07562360E+00 1.07238982E+00 1.06940456E+00 1.06629302E+00 1.06343272E+00 1.06047079E+00 1.05776615E+00 1.05497758E+00 1.05244009E+00 1.04983498E+00 1.04747358E+00 1.04505780E+00 1.04287632E+00 1.04065091E+00 1.03848993E+00 1.03628703E+00 1.03404167E+00 1.03175756E+00 1.02943664E+00 1.02707098E+00 1.02466043E+00 1.02221299E+00 1.01973520E+00 1.01720386E+00 1.01460434E+00 1.01197540E+00 1.00941770E+00 1.00687261E+00 1.00380080E+00 1.00000000E+00
1.13778982E+00 1.13779124E+00 1.13778819E+00 1.13778387E+00 1.13777968E+00 1.13777672E+00 1.13777447E+00 1.13777248E+00 1.13777061E+00 1.13776887E+00 1.13776743E+00 1.13776640E+00 1.13776575E+00 1.13776539E+00 1.13776529E+00 1.13776538E+00 1.13776568E+00 1.13776617E+00 1.13776685E+00 1.13776772E+00 1.13776877E+00 1.13777002E+00 1.13777148E+00 1.13777317E+00 1.13777511E+00 1.13777734E+00 1.13777987E+00 1.13778277E+00 1.13778604E+00 1.13778976E+00 1.13779394E+00 1.13779866E+00 1.13780395E+00 1.13780987E+00 1.13781647E+00 1.13782381E+00 1.13783194E+00 1.13784092E+00 1.13785078E+00 1.13786159E+00 1.13787338E+00 1.13788617E+00 1.13789998E+00 1.13791482E+00 1.13793065E+00 1.13794743E+00 1.13796507E+00 1.13798345E+00 1.13800244E+00 1.13802176E+00 1.13804118E+00 1.13806018E+00 1.13807841E+00 1.13809530E+00 1.13811023E+00 1.13812206E+00 1.13813003E+00 1.13813256E+00 1.13812853E+00 1.13811584E+00 1.13809297E+00 1.13805691E+00 1.13800564E+00 1.13793565E+00 1.13784403E+00 1.13772549E+00 1.13757672E+00 1.13739096E+00 1.13716363E+00 1.13688660E+00 1.13655413E+00 1.13615612E+00 1.13568565E+00 1.13512989E+00 1.13448065E+00 1.13372221E+00 1.13284485E+00 1.13182957E+00 1.13066480E+00 1.12933122E+00 1.12781340E+00 1.12608505E+00 1.12413222E+00 1.12192848E+00 1.11945416E+00 1.11670253E+00 1.11363552E+00 1.11055596E+00 1.10717498E+00 1.10390891E+00 1.10037531E+00 1.09701427E+00 1.09341965E+00 1.09003660E+00 1.08644947E+00 1.08309649E+00 1.07958148E+00 1.07633162E+00 1.07293885E+00 1.06981520E+00 1.06657773E+00 1.06361915E+00 1.06056435E+00 1.05778097E+00 1.05492000E+00 1.05232425E+00 1.04966766E+00 1.04726747E+00 1.04481669E+00 1.04243449E+00 1.04000359E+00 1.03752435E+00 1.03500179E+00 1.03243684E+00 1.02981961E+00 1.02715096E+00 1.02444080E+00 1.02169437E+00 1.01888634E+00 1.01600488E+00 1.01309211E+00 1.01024671E+00 1.00741425E+00 1.00406547E+00 1.00000000E+00
1.14717022E+00 1.14716350E+00 1.14715649E+00 1.14714932E+00 1.14714212E+00 1.14713531E+00 1.14712913E+00 1.14712383E+00 1.14711938E+00 1.14711572E+00 1.14711280E+00 1.14711054E+00 1.14710892E+00 1.14710786E+00 1.14710733E+00 1.14710725E+00 1.14710759E+00 1.14710831E+00 1.14710940E+00 1.14711084E+00 1.14711262E+00 1.14711475E+00 1.14711725E+00 1.14712014E+00 1.14712345E+00 1.14712722E+00 1.14713149E+00 1.14713634E+00 1.14714180E+00 1.14714797E+00 1.14715489E+00 1.14716266E+00 1.14717137E+00 1.14718110E+00 1.14719194E+00 1.14720400E+00 1.14721736E+00 1.14723214E+00 1.14724843E+00 1.14726634E+00 1.14728595E+00 1.14730736E+00 1.14733059E+00 1.14735572E+00 1.14738278E+00 1.14741179E+00 1.14744268E+00 1.14747540E+00 1.14750985E+00 1.14754580E+00 1.14758296E+00 1.14762082E+00 1.14765910E+00 1.14769726E+00 1.14773455E+00 1.14776969E+00 1.14780186E+00 1.14782927E+00 1.14785074E+00 1.14786396E+00 1.14786716E+00 1.14785695E+00 1.14783110E+00 1.14778571E+00 1.14771736E+00 1.14762003E+00 1.14748994E+00 1.14731942E+00 1.14710340E+00 1.14683275E+00 1.14650084E+00 1.14609647E+00 1.14561198E+00 1.14503321E+00 1.14435077E+00 1.14354723E+00 1.14261181E+00 1.14152384E+00 1.14027120E+00 1.13883283E+00 1.13719087E+00 1.13531699E+00 1.13319723E+00 1.13080327E+00 1.12811341E+00 1.12512144E+00 1.12178721E+00 1.11844143E+00 1.11476853E+00 1.11122199E+00 1.10738865E+00 1.10374607E+00 1.09985229E+00 1.09619018E+00 1.09231058E+00 1.08868775E+00 1.08489287E+00 1.08138678E+00 1.07772909E+00 1.07436400E+00 1.07087957E+00 1.06769826E+00 1.06441516E+00 1.06142543E+00 1.05835398E+00 1.05556923E+00 1.05272170E+00 1.05015091E+00 1.04752733E+00 1.04497835E+00 1.04237847E+00 1.03972885E+00 1.03703534E+00 1.03429840E+00 1.03150717E+00 1.02866339E+00 1.02577824E+00 1.02285644E+00 1.01987197E+00 1.01681486E+00 1.01372902E+00 1.01071267E+00 1.00771483E+00 1.00421104E+00 1.00000000E+00
1.15564510E+00 1.15563232E+00 1.15561765E+00 1.15560255E+00 1.15558752E+00 1.15557338E+00 1.15556032E+00 1.15554861E+00 1.15553826E+00 1.15552934E+00 1.15552183E+00 1.15551569E+00 1.15551086E+00 1.15550726E+00 1.15550480E+00 1.15550339E+00 1.15550297E+00 1.15550345E+00 1.15550479E+00 1.15550694E+00 1.15550988E+00 1.15551357E+00 1.15551801E+00 1.15552322E+00 1.15552922E+00 1.15553605E+00 1.15554375E+00 1.15555241E+00 1.15556208E+00 1.15557286E+00 1.15558479E+00 1.15559803E+00 1.15561267E+00 1.15562885E+00 1.15564664E+00 1.15566621E+00 1.15568766E+00 1.15571116E+00 1.15573679E+00 1.15576474E+00 1.15579510E+00 1.15582796E+00 1.15586335E+00 1.15590135E+00 1.15594205E+00 1.15598545E+00 1.15603142E+00 1.15607994E+00 1.15613086E+00 1.15618387E+00 1.15623857E+00 1.15629434E+00 1.15635085E+00 1.15640749E+00 1.15646325E+00 1.15651656E+00 1.15656642E+00 1.15661068E+00 1.15664804E+00 1.15667577E+00 1.15669172E+00 1.15669200E+00 1.15667401E+00 1.15663329E+00 1.15656589E+00 1.15646495E+00 1.15632619E+00 1.15614104E+00 1.15590392E+00 1.15560474E+00 1.15523610E+00 1.15478576E+00 1.15424551E+00 1.15360019E+00 1.15283946E+00 1.15194456E+00 1.15090408E+00 1.14969633E+00 1.14830900E+00 1.14672001E+00 1.14490997E+00 1.14284943E+00 1.14052498E+00 1.13790765E+00 1.13497471E+00 1.13172189E+00 1.12810752E+00 1.12449146E+00 1.12053108E+00 1.11671610E+00 1.11260269E+00 1.10870301E+00 1.10454207E+00 1.10063594E+00 1.09650551E+00 1.09265548E+00 1.08862881E+00 1.08491390E+00 1.08104365E+00 1.07748778E+00 1.07381088E+00 1.07045822E+00 1.06700174E+00 1.06385720E+00 1.06062969E+00 1.05770636E+00 1.05472029E+00 1.05202696E+00 1.04928046E+00 1.04661400E+00 1.04389625E+00 1.04112894E+00 1.03831854E+00 1.03546522E+00 1.03255748E+00 1.02959775E+00 1.02659807E+00 1.02356287E+00 1.02046583E+00 1.01729826E+00 1.01410512E+00 1.01098444E+00 1.00788777E+00 1.00429371E+00 1.00000000E+00
1.16299572E+00 1.16298150E+00 1.16296853E+00 1.16295794E+00 1.16294929E+00 1.16294249E+00 1.16293745E+00 1.16293396E+00 1.16293189E+00 1.16293105E+00 1.16293133E+00 1.16293257E+00 1.16293471E+00 1.16293762E+00 1.16294126E+00 1.16294557E+00 1.16295053E+00 1.16295612E+00 1.16296234E+00 1.16296922E+00 1.16297679E+00 1.16298505E+00 1.16299408E+00 1.16300394E+00 1.16301469E+00 1.16302645E+00 1.16303928E+00 1.16305330E+00 1.16306862E+00 1.16308535E+00 1.16310356E+00 1.16312342E+00 1.16314508E+00 1.16316870E+00 1.16319433E+00 1.16322216E+00 1.16325231E+00 1.16328494E+00 1.16332015E+00 1.16335809E+00 1.16339888E+00 1.16344254E+00 1.16348906E+00 1.16353847E+00 1.16359086E+00 1.16364616E+00 1.16370413E+00 1.16376468E+00 1.16382759E+00 1.16389237E+00 1.16395847E+00 1.16402506E+00 1.16409171E+00 1.16415765E+00 1.16422158E+00 1.16428154E+00 1.16433635E+00 1.16438346E+00 1.16442136E+00 1.16444691E+00 1.16445757E+00 1.16444891E+00 1.16441797E+00 1.16435974E+00 1.16426986E+00 1.16414067E+00 1.16396752E+00 1.16374113E+00 1.16345549E+00 1.16309980E+00 1.16266607E+00 1.16214131E+00 1.16151700E+00 1.16077737E+00 1.15991139E+00 1.15889949E+00 1.15772996E+00 1.15638064E+00 1.15483930E+00 1.15308349E+00 1.15109283E+00 1.14883743E+00 1.14630475E+00 1.14346581E+00 1.14029744E+00 1.13679783E+00 1.13292419E+00 1.12906308E+00 1.12484709E+00 1.12079784E+00 1.11644394E+00 1.11232693E+00 1.10794346E+00 1.10383699E+00 1.09950334E+00 1.09547157E+00 1.09126161E+00 1.08738345E+00 1.08334882E+00 1.07964699E+00 1.07582431E+00 1.07234309E+00 1.06875770E+00 1.06549906E+00 1.06215749E+00 1.05913371E+00 1.05604802E+00 1.05326725E+00 1.05043366E+00 1.04768457E+00 1.04488448E+00 1.04203560E+00 1.03914483E+00 1.03621213E+00 1.03322557E+00 1.03018806E+00 1.02711229E+00 1.02400249E+00 1.02083218E+00 1.01759359E+00 1.01433235E+00 1.01114636E+00 1.00798901E+00 1.00434119E+00 1.00000000E+00
1.12780134E+00 1.12780510E+00 1.12780440E+00 1.12780154E+00 1.12779878E+00 1.12779775E+00 1.12779783E+00 1.12779819E+00 1.12779838E+00 1.12779822E+00 1.12779798E+00 1.12779791E+00 1.12779802E+00 1.12779827E+00 1.12779861E+00 1.12779900E+00 1.12779949E+00 1.12780008E+00 1.12780080E+00 1.12780165E+00 1.12780264E+00 1.12780378E+00 1.12780508E+00 1.12780657E+00 1.12780825E+00 1.12781016E+00 1.12781230E+00 1.12781471E+00 1.12781738E+00 1.12782037E+00 1.12782366E+00 1.12782730E+00 1.12783130E+00 1.12783567E+00 1.12784042E+00 1.12784557E+00 1.12785111E+00 1.12785704E+00 1.12786334E+00 1.12786998E+00 1.12787692E+00 1.12788409E+00 1.12789143E+00 1.12789879E+00 1.12790607E+00 1.12791305E+00 1.12791954E+00 1.12792522E+00 1.12792982E+00 1.12793285E+00 1.12793394E+00 1.12793235E+00 1.12792755E+00 1.12791858E+00 1.12790470E+00 1.12788452E+00 1.12785708E+00 1.12782054E+00 1.12777357E+00 1.12771378E+00 1.12763943E+00 1.12754737E+00 1.12743537E+00 1.12729945E+00 1.12713672E+00 1.12694203E+00 1.12671190E+00 1.12643987E+00 1.12612151E+00 1.12574898E+00 1.12531688E+00 1.12481557E+00 1.12423848E+00 1.12357420E+00 1.12281508E+00 1.12194721E+00 1.12096192E+00 1.11984268E+00 1.11857898E+00 1.11715343E+00 1.11555385E+00 1.11375837E+00 1.11175423E+00 1.10951875E+00 1.10703670E+00 1.10430661E+00 1.10129305E+00 1.09829533E+00 1.09503254E+00 1.09190678E+00 1.08854660E+00 1.08537009E+00 1.08199382E+00 1.07883274E+00 1.07550144E+00 1.07240816E+00 1.06917635E+00 1.06619841E+00 1.06310500E+00 1.06027107E+00 1.05734331E+00 1.05467569E+00 1.05193325E+00 1.04944479E+00 1.04689701E+00 1.04459406E+00 1.04224313E+00 1.04012384E+00 1.03796770E+00 1.03587923E+00 1.03375767E+00 1.03160244E+00 1.02941388E+00 1.02719435E+00 1.02494347E+00 1.02266085E+00 1.02034817E+00 1.01801291E+00 1.01565132E+00 1.01325074E+00 1.01082237E+00 1.00846666E+00 1.00620752E+00 1.00348940E+00 1.00000000E+00
1.13013387E+00 1.13014162E+00 1.13015073E+00 1.13015499E+00 1.13015500E+00 1.13015253E+00 1.13014989E+00 1.13014879E+00 1.13014875E+00 1.13014905E+00 1.13014923E+00 1.13014909E+00 1.13014888E+00 1.13014884E+00 1.13014900E+00 1.13014932E+00 1.13014976E+00 1.13015028E+00 1.13015093E+00 1.13015172E+00 1.13015266E+00 1.13015377E+00 1.13015505E+00 1.13015653E+00 1.13015822E+00 1.13016014E+00 1.13016230E+00 1.13016474E+00 1.13016748E+00 1.13017053E+00 1.13017392E+00 1.13017768E+00 1.13018182E+00 1.13018636E+00 1.13019132E+00 1.13019672E+00 1.13020257E+00 1.13020885E+00 1.13021557E+00 1.13022270E+00 1.13023022E+00 1.13023806E+00 1.13024617E+00 1.13025444E+00 1.13026275E+00 1.13027092E+00 1.13027878E+00 1.13028601E+00 1.13029239E+00 1.13029743E+00 1.13030080E+00 1.13030178E+00 1.13029987E+00 1.13029416E+00 1.13028392E+00 1.13026781E+00 1.13024490E+00 1.13021338E+00 1.13017196E+00 1.13011829E+00 1.13005066E+00 1.12996595E+00 1.12986195E+00 1.12973476E+00 1.12958150E+00 1.12939701E+00 1.12917784E+00 1.12891751E+00 1.12861157E+00 1.12825215E+00 1.12783383E+00 1.12734690E+00 1.12678474E+00 1.12613574E+00 1.12539225E+00 1.12454006E+00 1.12357039E+00 1.12246637E+00 1.12121724E+00 1.11980534E+00 1.11821817E+00 1.11643318E+00 1.11443731E+00 1.11220728E+00 1.10972718E+00 1.10699466E+00 1.10397366E+00 1.10096383E+00 1.09768325E+00 1.09453594E+00 1.09114844E+00 1.08794231E+00 1.08453045E+00 1.08133261E+00 1.07795806E+00 1.07482045E+00 1.07153974E+00 1.06851384E+00 1.06536676E+00 1.06248018E+00 1.05949512E+00 1.05677280E+00 1.05397070E+00 1.05142520E+00 1.04881583E+00 1.04645431E+00 1.04404134E+00 1.04186410E+00 1.03964620E+00 1.03749528E+00 1.03530688E+00 1.03308054E+00 1.03081736E+00 1.02851893E+00 1.02618289E+00 1.02380903E+00 1.02139984E+00 1.01896154E+00 1.01648677E+00 1.01396387E+00 1.01140690E+00 1.00891112E+00 1.00650202E+00 1.00363414E+00 1.00000000E+00
1.13393412E+00 1.13394779E+00 1.13395663E+00 1.13395869E+00 1.13395662E+00 1.13395364E+00 1.13395107E+00 1.13394969E+00 1.13394872E+00 1.13394758E+00 1.13394623E+00 1.13394484E+00 1.13394365E+00 1.13394280E+00 1.13394225E+00 1.13394193E+00 1.13394181E+00 1.13394191E+00 1.13394224E+00 1.13394280E+00 1.13394360E+00 1.13394464E+00 1.13394592E+00 1.13394747E+00 1.13394930E+00 1.13395142E+00 1.13395386E+00 1.13395664E+00 1.13395979E+00 1.13396333E+00 1.13396729E+00 1.13397171E+00 1.13397661E+00 1.13398203E+00 1.13398798E+00 1.13399449E+00 1.13400159E+00 1.13400929E+00 1.13401758E+00 1.13402648E+00 1.13403597E+00 1.13404599E+00 1.13405652E+00 1.13406746E+00 1.13407871E+00 1.13409011E+00 1.13410149E+00 1.13411258E+00 1.13412316E+00 1.13413276E+00 1.13414104E+00 1.13414732E+00 1.13415107E+00 1.13415144E+00 1.13414767E+00 1.13413840E+00 1.13412268E+00 1.13409867E+00 1.13406505E+00 1.13401943E+00 1.13396004E+00 1.13388367E+00 1.13378804E+00 1.13366917E+00 1.13352404E+00 1.13334727E+00 1.13313529E+00 1.13288135E+00 1.13258081E+00 1.13222550E+00 1.13180973E+00 1.13132343E+00 1.13075970E+00 1.13010643E+00 1.12935562E+00 1.12849243E+00 1.12750768E+00 1.12638381E+00 1.12510975E+00 1.12366716E+00 1.12204268E+00 1.12021289E+00 1.11816445E+00 1.11587315E+00 1.11332221E+00 1.11050916E+00 1.10739687E+00 1.10429448E+00 1.10091073E+00 1.09766280E+00 1.09416618E+00 1.09085612E+00 1.08733232E+00 1.08402882E+00 1.08054202E+00 1.07729952E+00 1.07390900E+00 1.07078146E+00 1.06752811E+00 1.06454361E+00 1.06145737E+00 1.05864294E+00 1.05574546E+00 1.05311306E+00 1.05041425E+00 1.04797167E+00 1.04547615E+00 1.04322458E+00 1.04093074E+00 1.03870602E+00 1.03644221E+00 1.03413916E+00 1.03179844E+00 1.02942138E+00 1.02700499E+00 1.02454948E+00 1.02205801E+00 1.01953648E+00 1.01697675E+00 1.01436843E+00 1.01172676E+00 1.00914575E+00 1.00665331E+00 1.00370768E+00 1.00000000E+00
1.13750395E+00 1.13749934E+00 1.13749489E+00 1.13749031E+00 1.13748530E+00 1.13747995E+00 1.13747461E+00 1.13746972E+00 1.13746534E+00 1.13746151E+00 1.13745817E+00 1.13745529E+00 1.13745288E+00 1.13745094E+00 1.13744946E+00 1.13744842E+00 1.13744779E+00 1.13744755E+00 1.13744770E+00 1.13744822E+00 1.13744912E+00 1.13745038E+00 1.13745201E+00 1.13745403E+00 1.13745644E+00 1.13745927E+00 1.13746253E+00 1.13746625E+00 1.13747046E+00 1.13747520E+00 1.13748049E+00 1.13748637E+00 1.13749288E+00 1.13750006E+00 1.13750792E+00 1.13751653E+00 1.13752588E+00 1.13753601E+00 1.13754694E+00 1.13755866E+00 1.13757116E+00 1.13758441E+00 1.13759837E+00 1.13761293E+00 1.13762801E+00 1.13764343E+00 1.13765902E+00 1.13767451E+00 1.13768963E+00 1.13770391E+00 1.13771698E+00 1.13772809E+00 1.13773670E+00 1.13774193E+00 1.13774293E+00 1.13773824E+00 1.13772685E+00 1.13770679E+00 1.13767667E+00 1.13763395E+00 1.13757676E+00 1.13750166E+00 1.13740628E+00 1.13728641E+00 1.13713886E+00 1.13695792E+00 1.13673986E+00 1.13647758E+00 1.13616624E+00 1.13579731E+00 1.13536483E+00 1.13485834E+00 1.13427071E+00 1.13358943E+00 1.13280614E+00 1.13190554E+00 1.13087816E+00 1.12970601E+00 1.12837794E+00 1.12687519E+00 1.12518379E+00 1.12327995E+00 1.12115042E+00 1.11877065E+00 1.11612347E+00 1.11320716E+00 1.10998389E+00 1.10677433E+00 1.10327645E+00 1.09992187E+00 1.09631381E+00 1.09290127E+00 1.08927072E+00 1.08586959E+00 1.08228219E+00 1.07894834E+00 1.07546448E+00 1.07225266E+00 1.06891329E+00 1.06585137E+00 1.06268683E+00 1.05980251E+00 1.05683408E+00 1.05413827E+00 1.05137537E+00 1.04887572E+00 1.04632301E+00 1.04402073E+00 1.04167586E+00 1.03940230E+00 1.03708933E+00 1.03473707E+00 1.03234737E+00 1.02992140E+00 1.02745586E+00 1.02495129E+00 1.02241126E+00 1.01984147E+00 1.01723351E+00 1.01457776E+00 1.01189005E+00 1.00926374E+00 1.00672832E+00 1.00374374E+00 1.00000000E+00
1.14063805E+00 1.14063014E+00 1.14062072E+00 1.14061013E+00 1.14059880E+00 1.14058748E+00 1.14057652E+00 1.14056628E+00 1.14055677E+00 1.14054807E+00 1.14054020E+00 1.14053321E+00 1.14052712E+00 1.14052192E+00 1.14051759E+00 1.14051408E+00 1.14051136E+00 1.14050940E+00 1.14050817E+00 1.14050763E+00 1.14050776E+00 1.14050853E+00 1.14050993E+00 1.14051195E+00 1.14051458E+00 1.14051783E+00 1.14052170E+00 1.14052620E+00 1.14053135E+00 1.14053717E+00 1.14054368E+00 1.14055091E+00 1.14055888E+00 1.14056763E+00 1.14057717E+00 1.14058754E+00 1.14059873E+00 1.14061079E+00 1.14062369E+00 1.14063743E+00 1.14065200E+00 1.14066732E+00 1.14068334E+00 1.14069992E+00 1.14071697E+00 1.14073428E+00 1.14075163E+00 1.14076871E+00 1.14078522E+00 1.14080064E+00 1.14081452E+00 1.14082603E+00 1.14083460E+00 1.14083925E+00 1.14083907E+00 1.14083243E+00 1.14081826E+00 1.14079445E+00 1.14075951E+00 1.14071075E+00 1.14064618E+00 1.14056217E+00 1.14045622E+00 1.14032392E+00 1.14016192E+00 1.13996427E+00 1.13972710E+00 1.13944304E+00 1.13910713E+00 1.13871059E+00 1.13824724E+00 1.13770640E+00 1.13708082E+00 1.13635778E+00 1.13552871E+00 1.13457806E+00 1.13349626E+00 1.13226515E+00 1.13087364E+00 1.12930286E+00 1.12753851E+00 1.12555671E+00 1.12334452E+00 1.12087739E+00 1.11813800E+00 1.11512568E+00 1.11180206E+00 1.10849815E+00 1.10490225E+00 1.10145825E+00 1.09775872E+00 1.09426374E+00 1.09054897E+00 1.08707221E+00 1.08340823E+00 1.08000597E+00 1.07645327E+00 1.07318020E+00 1.06977918E+00 1.06666256E+00 1.06344340E+00 1.06051093E+00 1.05749420E+00 1.05475569E+00 1.05195009E+00 1.04941284E+00 1.04682284E+00 1.04448781E+00 1.04211029E+00 1.03980578E+00 1.03746191E+00 1.03507903E+00 1.03265918E+00 1.03020341E+00 1.02770821E+00 1.02517435E+00 1.02260569E+00 1.02000780E+00 1.01737210E+00 1.01468949E+00 1.01197613E+00 1.00932496E+00 1.00676651E+00 1.00376176E+00 1.00000000E+00
1.14340968E+00 1.14339686E+00 1.14338088E+00 1.14336332E+00 1.14334478E+00 1.14332631E+00 1.14330819E+00 1.14329084E+00 1.14327435E+00 1.14325894E+00 1.14324469E+00 1.14323173E+00 1.14322007E+00 1.14320973E+00 1.14320068E+00 1.14319289E+00 1.14318633E+00 1.14318094E+00 1.14317668E+00 1.14317349E+00 1.14317134E+00 1.14317015E+00 1.14316990E+00 1.14317054E+00 1.14317205E+00 1.14317440E+00 1.14317757E+00 1.14318154E+00 1.14318632E+00 1.14319188E+00 1.14319822E+00 1.14320535E+00 1.14321327E+00 1.14322200E+00 1.14323152E+00 1.14324183E+00 1.14325293E+00 1.14326481E+00 1.14327745E+00 1.14329079E+00 1.14330481E+00 1.14331939E+00 1.14333444E+00 1.14334978E+00 1.14336530E+00 1.14338074E+00 1.14339583E+00 1.14341021E+00 1.14342355E+00 1.14343523E+00 1.14344475E+00 1.14345120E+00 1.14345396E+00 1.14345199E+00 1.14344427E+00 1.14342904E+00 1.14340520E+00 1.14337047E+00 1.14332333E+00 1.14326096E+00 1.14318124E+00 1.14308043E+00 1.14295591E+00 1.14280314E+00 1.14261867E+00 1.14239637E+00 1.14213228E+00 1.14181889E+00 1.14145114E+00 1.14102014E+00 1.14051958E+00 1.13993867E+00 1.13927011E+00 1.13850113E+00 1.13762302E+00 1.13662016E+00 1.13548295E+00 1.13419324E+00 1.13274008E+00 1.13110461E+00 1.12927235E+00 1.12721949E+00 1.12493342E+00 1.12238974E+00 1.11957110E+00 1.11647781E+00 1.11307113E+00 1.10969047E+00 1.10601617E+00 1.10250177E+00 1.09873129E+00 1.09517328E+00 1.09139494E+00 1.08786185E+00 1.08414155E+00 1.08068957E+00 1.07708738E+00 1.07377075E+00 1.07032635E+00 1.06717163E+00 1.06391482E+00 1.06094948E+00 1.05790005E+00 1.05513289E+00 1.05229889E+00 1.04973682E+00 1.04712245E+00 1.04476618E+00 1.04236764E+00 1.04004334E+00 1.03767987E+00 1.03527772E+00 1.03283908E+00 1.03036491E+00 1.02785152E+00 1.02529990E+00 1.02271408E+00 1.02009952E+00 1.01744757E+00 1.01474946E+00 1.01202158E+00 1.00935654E+00 1.00678560E+00 1.00377045E+00 1.00000000E+00
1.10199193E+00 1.10198873E+00 1.10198305E+00 1.10197949E+00 1.10197818E+00 1.10197855E+00 1.10197928E+00 1.10197942E+00 1.10197915E+00 1.10197877E+00 1.10197851E+00 1.10197847E+00 1.10197855E+00 1.10197869E+00 1.10197886E+00 1.10197907E+00 1.10197936E+00 1.10197972E+00 1.10198016E+00 1.10198070E+00 1.10198133E+00 1.10198207E+00 1.10198293E+00 1.10198393E+00 1.10198507E+00 1.10198638E+00 1.10198787E+00 1.10198956E+00 1.10199147E+00 1.10199362E+00 1.10199603E+00 1.10199872E+00 1.10200171E+00 1.10200502E+00 1.10200867E+00 1.10201268E+00 1.10201706E+00 1.10202182E+00 1.10202696E+00 1.10203248E+00 1.10203837E+00 1.10204459E+00 1.10205112E+00 1.10205789E+00 1.10206484E+00 1.10207184E+00 1.10207877E+00 1.10208543E+00 1.10209164E+00 1.10209707E+00 1.10210149E+00 1.10210442E+00 1.10210541E+00 1.10210379E+00 1.10209903E+00 1.10209013E+00 1.10207637E+00 1.10205638E+00 1.10202915E+00 1.10199279E+00 1.10194602E+00 1.10188627E+00 1.10181174E+00 1.10171932E+00 1.10160671E+00 1.10146962E+00 1.10130535E+00 1.10110857E+00 1.10087544E+00 1.10059907E+00 1.10027500E+00 1.09989514E+00 1.09945417E+00 1.09894146E+00 1.09835054E+00 1.09766926E+00 1.09689040E+00 1.09599869E+00 1.09498398E+00 1.09383101E+00 1.09253006E+00 1.09106009E+00 1.08940846E+00 1.08755428E+00 1.08548535E+00 1.08319938E+00 1.08066556E+00 1.07812995E+00 1.07536250E+00 1.07270586E+00 1.06984093E+00 1.06711912E+00 1.06422411E+00 1.06152360E+00 1.05867802E+00 1.05602027E+00 1.05324031E+00 1.05068633E+00 1.04803803E+00 1.04561620E+00 1.04311982E+00 1.04084892E+00 1.03851945E+00 1.03641216E+00 1.03426330E+00 1.03233006E+00 1.03036379E+00 1.02859777E+00 1.02681001E+00 1.02509344E+00 1.02336107E+00 1.02161174E+00 1.01985198E+00 1.01809443E+00 1.01633506E+00 1.01457988E+00 1.01284365E+00 1.01113618E+00 1.00942547E+00 1.00776406E+00 1.00624815E+00 1.00493790E+00 1.00374386E+00 1.00219391E+00 1.00000000E+00
1.08990443E+00 1.08989234E+00 1.08988240E+00 1.08988174E+00 1.08988763E+00 1.08989477E+00 1.08989956E+00 1.08990022E+00 1.08989906E+00 1.08989855E+00 1.08989911E+00 1.08990044E+00 1.08990165E+00 1.08990223E+00 1.08990245E+00 1.08990264E+00 1.08990291E+00 1.08990327E+00 1.08990363E+00 1.08990397E+00 1.08990432E+00 1.08990473E+00 1.08990522E+00 1.08990579E+00 1.08990646E+00 1.08990724E+00 1.08990814E+00 1.08990919E+00 1.08991041E+00 1.08991181E+00 1.08991340E+00 1.08991525E+00 1.08991734E+00 1.08991971E+00 1.08992239E+00 1.08992542E+00 1.08992883E+00 1.08993262E+00 1.08993683E+00 1.08994153E+00 1.08994671E+00 1.08995236E+00 1.08995854E+00 1.08996530E+00 1.08997261E+00 1.08998046E+00 1.08998881E+00 1.08999764E+00 1.09000689E+00 1.09001648E+00 1.09002634E+00 1.09003627E+00 1.09004601E+00 1.09005528E+00 1.09006391E+00 1.09007139E+00 1.09007733E+00 1.09008098E+00 1.09008179E+00 1.09007873E+00 1.09007100E+00 1.09005670E+00 1.09003483E+00 1.09000380E+00 1.08996208E+00 1.08990670E+00 1.08983599E+00 1.08974623E+00 1.08963433E+00 1.08949455E+00 1.08932361E+00 1.08911625E+00 1.08886919E+00 1.08857352E+00 1.08822365E+00 1.08780954E+00 1.08732381E+00 1.08675224E+00 1.08608979E+00 1.08532559E+00 1.08444603E+00 1.08342838E+00 1.08226331E+00 1.08093258E+00 1.07942169E+00 1.07772204E+00 1.07581106E+00 1.07387140E+00 1.07171532E+00 1.06960681E+00 1.06730495E+00 1.06509410E+00 1.06272700E+00 1.06051268E+00 1.05813654E+00 1.05587288E+00 1.05350100E+00 1.05132420E+00 1.04904627E+00 1.04694274E+00 1.04476549E+00 1.04278005E+00 1.04072828E+00 1.03886123E+00 1.03694546E+00 1.03520942E+00 1.03343919E+00 1.03184848E+00 1.03022826E+00 1.02865642E+00 1.02705128E+00 1.02541415E+00 1.02376047E+00 1.02209148E+00 1.02038356E+00 1.01864190E+00 1.01688900E+00 1.01508879E+00 1.01318912E+00 1.01128128E+00 1.00945616E+00 1.00762357E+00 1.00565310E+00 1.00317519E+00 1.00000000E+00
1.09290876E+00 1.09291864E+00 1.09292740E+00 1.09293369E+00 1.09293832E+00 1.09294224E+00 1.09294573E+00 1.09294881E+00 1.09295127E+00 1.09295307E+00 1.09295437E+00 1.09295533E+00 1.09295603E+00 1.09295652E+00 1.09295683E+00 1.09295698E+00 1.09295704E+00 1.09295704E+00 1.09295701E+00 1.09295698E+00 1.09295695E+00 1.09295696E+00 1.09295702E+00 1.09295716E+00 1.09295738E+00 1.09295769E+00 1.09295812E+00 1.09295870E+00 1.09295943E+00 1.09296036E+00 1.09296148E+00 1.09296284E+00 1.09296448E+00 1.09296644E+00 1.09296873E+00 1.09297144E+00 1.09297459E+00 1.09297821E+00 1.09298235E+00 1.09298716E+00 1.09299270E+00 1.09299904E+00 1.09300618E+00 1.09301423E+00 1.09302331E+00 1.09303355E+00 1.09304493E+00 1.09305759E+00 1.09307170E+00 1.09308742E+00 1.09310448E+00 1.09312271E+00 1.09314261E+00 1.09316476E+00 1.09318891E+00 1.09321487E+00 1.09324213E+00 1.09326997E+00 1.09329882E+00 1.09332860E+00 1.09335835E+00 1.09338641E+00 1.09341326E+00 1.09343965E+00 1.09346370E+00 1.09348316E+00 1.09349651E+00 1.09350082E+00 1.09349415E+00 1.09347151E+00 1.09342890E+00 1.09336311E+00 1.09327427E+00 1.09315588E+00 1.09299912E+00 1.09279245E+00 1.09252688E+00 1.09219028E+00 1.09178613E+00 1.09130346E+00 1.09071496E+00 1.08999523E+00 1.08914154E+00 1.08813487E+00 1.08695144E+00 1.08557634E+00 1.08399346E+00 1.08235110E+00 1.08047173E+00 1.07858821E+00 1.07651029E+00 1.07449695E+00 1.07231125E+00 1.07023276E+00 1.06796366E+00 1.06577737E+00 1.06347776E+00 1.06135212E+00 1.05909797E+00 1.05698222E+00 1.05477067E+00 1.05273730E+00 1.05060837E+00 1.04863873E+00 1.04658974E+00 1.04470798E+00 1.04276863E+00 1.04100686E+00 1.03918718E+00 1.03739008E+00 1.03552616E+00 1.03359903E+00 1.03162589E+00 1.02959894E+00 1.02748707E+00 1.02529678E+00 1.02305463E+00 1.02071303E+00 1.01821061E+00 1.01564209E+00 1.01310385E+00 1.01048270E+00 1.00763160E+00 1.00419165E+00 1.00000000E+00
1.10055490E+00 1.10056325E+00 1.10056970E+00 1.10057485E+00 1.10057892E+00 1.10058217E+00 1.10058462E+00 1.10058637E+00 1.10058753E+00 1.10058825E+00 1.10058858E+00 1.10058862E+00 1.10058843E+00 1.10058810E+00 1.10058762E+00 1.10058703E+00 1.10058638E+00 1.10058570E+00 1.10058503E+00 1.10058443E+00 1.10058388E+00 1.10058338E+00 1.10058294E+00 1.10058260E+00 1.10058236E+00 1.10058222E+00 1.10058218E+00 1.10058236E+00 1.10058278E+00 1.10058344E+00 1.10058427E+00 1.10058532E+00 1.10058677E+00 1.10058870E+00 1.10059104E+00 1.10059390E+00 1.10059732E+00 1.10060136E+00 1.10060610E+00 1.10061192E+00 1.10061899E+00 1.10062738E+00 1.10063686E+00 1.10064760E+00 1.10066014E+00 1.10067482E+00 1.10069153E+00 1.10071062E+00 1.10073253E+00 1.10075768E+00 1.10078528E+00 1.10081526E+00 1.10084963E+00 1.10089015E+00 1.10093588E+00 1.10098661E+00 1.10104149E+00 1.10109975E+00 1.10116328E+00 1.10123304E+00 1.10130774E+00 1.10138630E+00 1.10147063E+00 1.10156366E+00 1.10166260E+00 1.10176549E+00 1.10187074E+00 1.10197589E+00 1.10207993E+00 1.10217796E+00 1.10226512E+00 1.10233990E+00 1.10240463E+00 1.10245311E+00 1.10247266E+00 1.10244942E+00 1.10237424E+00 1.10223653E+00 1.10204305E+00 1.10177921E+00 1.10140701E+00 1.10089786E+00 1.10025540E+00 1.09945996E+00 1.09847920E+00 1.09729016E+00 1.09588107E+00 1.09438370E+00 1.09262332E+00 1.09081590E+00 1.08879680E+00 1.08681592E+00 1.08462891E+00 1.08250874E+00 1.08016058E+00 1.07787408E+00 1.07544303E+00 1.07316442E+00 1.07071668E+00 1.06839067E+00 1.06593730E+00 1.06366293E+00 1.06125818E+00 1.05900867E+00 1.05664802E+00 1.05446504E+00 1.05220218E+00 1.05013416E+00 1.04798503E+00 1.04584875E+00 1.04362144E+00 1.04130840E+00 1.03892871E+00 1.03647097E+00 1.03389902E+00 1.03121971E+00 1.02846362E+00 1.02558026E+00 1.02250207E+00 1.01932192E+00 1.01614184E+00 1.01284087E+00 1.00925730E+00 1.00502601E+00 1.00000000E+00
1.10969619E+00 1.10970185E+00 1.10970498E+00 1.10970788E+00 1.10971037E+00 1.10971257E+00 1.10971446E+00 1.10971605E+00 1.10971741E+00 1.10971865E+00 1.10971970E+00 1.10972056E+00 1.10972131E+00 1.10972205E+00 1.10972264E+00 1.10972303E+00 1.10972331E+00 1.10972356E+00 1.10972382E+00 1.10972419E+00 1.10972459E+00 1.10972499E+00 1.10972533E+00 1.10972573E+00 1.10972620E+00 1.10972668E+00 1.10972722E+00 1.10972806E+00 1.10972924E+00 1.10973067E+00 1.10973213E+00 1.10973376E+00 1.10973599E+00 1.10973897E+00 1.10974244E+00 1.10974655E+00 1.10975143E+00 1.10975715E+00 1.10976389E+00 1.10977241E+00 1.10978292E+00 1.10979534E+00 1.10980921E+00 1.10982490E+00 1.10984350E+00 1.10986561E+00 1.10989096E+00 1.10992023E+00 1.10995409E+00 1.10999315E+00 1.11003622E+00 1.11008361E+00 1.11013876E+00 1.11020451E+00 1.11027905E+00 1.11036194E+00 1.11045229E+00 1.11054956E+00 1.11065700E+00 1.11077653E+00 1.11090661E+00 1.11104673E+00 1.11119972E+00 1.11136992E+00 1.11155379E+00 1.11174927E+00 1.11195475E+00 1.11216785E+00 1.11238802E+00 1.11260995E+00 1.11282812E+00 1.11304168E+00 1.11325373E+00 1.11345703E+00 1.11363610E+00 1.11377465E+00 1.11386350E+00 1.11389145E+00 1.11386651E+00 1.11377214E+00 1.11356259E+00 1.11320471E+00 1.11270774E+00 1.11205105E+00 1.11119396E+00 1.11010376E+00 1.10877013E+00 1.10731691E+00 1.10556410E+00 1.10372160E+00 1.10163293E+00 1.09955505E+00 1.09722635E+00 1.09493527E+00 1.09237410E+00 1.08986227E+00 1.08716793E+00 1.08461896E+00 1.08186327E+00 1.07923187E+00 1.07644579E+00 1.07385417E+00 1.07110397E+00 1.06852088E+00 1.06580191E+00 1.06328294E+00 1.06066765E+00 1.05827337E+00 1.05578146E+00 1.05330106E+00 1.05071269E+00 1.04802257E+00 1.04525179E+00 1.04238758E+00 1.03938934E+00 1.03626283E+00 1.03304260E+00 1.02967830E+00 1.02609737E+00 1.02238914E+00 1.01866093E+00 1.01478887E+00 1.01059778E+00 1.00571280E+00 1.00000000E+00
1.11916324E+00 1.11916606E+00 1.11916414E+00 1.11916469E+00 1.11916679E+00 1.11917026E+00 1.11917467E+00 1.11917969E+00 1.11918529E+00 1.11919137E+00 1.11919763E+00 1.11920381E+00 1.11921002E+00 1.11921627E+00 1.11922223E+00 1.11922772E+00 1.11923290E+00 1.11923789E+00 1.11924273E+00 1.11924757E+00 1.11925227E+00 1.11925667E+00 1.11926073E+00 1.11926466E+00 1.11926846E+00 1.11927206E+00 1.11927558E+00 1.11927945E+00 1.11928366E+00 1.11928798E+00 1.11929209E+00 1.11929630E+00 1.11930135E+00 1.11930744E+00 1.11931412E+00 1.11932161E+00 1.11933015E+00 1.11933989E+00 1.11935114E+00 1.11936506E+00 1.11938186E+00 1.11940122E+00 1.11942257E+00 1.11944667E+00 1.11947511E+00 1.11950873E+00 1.11954717E+00 1.11959148E+00 1.11964255E+00 1.11970114E+00 1.11976590E+00 1.11983757E+00 1.11992068E+00 1.12001894E+00 1.12012979E+00 1.12025253E+00 1.12038648E+00 1.12053161E+00 1.12069216E+00 1.12087078E+00 1.12106566E+00 1.12127653E+00 1.12150674E+00 1.12176151E+00 1.12203670E+00 1.12232975E+00 1.12263899E+00 1.12296179E+00 1.12329771E+00 1.12364093E+00 1.12398518E+00 1.12432923E+00 1.12467637E+00 1.12501847E+00 1.12533793E+00 1.12561595E+00 1.12584327E+00 1.12600703E+00 1.12611613E+00 1.12615358E+00 1.12606663E+00 1.12581593E+00 1.12541423E+00 1.12483773E+00 1.12403742E+00 1.12297040E+00 1.12162558E+00 1.12012707E+00 1.11828383E+00 1.11631331E+00 1.11405480E+00 1.11178743E+00 1.10922478E+00 1.10668462E+00 1.10383525E+00 1.10103415E+00 1.09801624E+00 1.09514959E+00 1.09204537E+00 1.08907948E+00 1.08593734E+00 1.08301313E+00 1.07990863E+00 1.07699053E+00 1.07391754E+00 1.07107095E+00 1.06811577E+00 1.06541035E+00 1.06259520E+00 1.05979393E+00 1.05687210E+00 1.05383630E+00 1.05070966E+00 1.04747927E+00 1.04410050E+00 1.04057703E+00 1.03694720E+00 1.03316223E+00 1.02914544E+00 1.02498199E+00 1.02078397E+00 1.01642693E+00 1.01172349E+00 1.00628852E+00 1.00000000E+00
1.10871204E+00 1.10870990E+00 1.10870515E+00 1.10870183E+00 1.10870037E+00 1.10870052E+00 1.10870111E+00 1.10870122E+00 1.10870096E+00 1.10870058E+00 1.10870032E+00 1.10870029E+00 1.10870039E+00 1.10870055E+00 1.10870075E+00 1.10870100E+00 1.10870133E+00 1.10870174E+00 1.10870225E+00 1.10870286E+00 1.10870357E+00 1.10870440E+00 1.10870536E+00 1.10870648E+00 1.10870775E+00 1.10870920E+00 1.10871084E+00 1.10871271E+00 1.10871480E+00 1.10871715E+00 1.10871978E+00 1.10872271E+00 1.10872595E+00 1.10872953E+00 1.10873346E+00 1.10873776E+00 1.10874245E+00 1.10874752E+00 1.10875298E+00 1.10875882E+00 1.10876502E+00 1.10877153E+00 1.10877832E+00 1.10878533E+00 1.10879246E+00 1.10879956E+00 1.10880651E+00 1.10881308E+00 1.10881906E+00 1.10882409E+00 1.10882792E+00 1.10882997E+00 1.10882980E+00 1.10882667E+00 1.10882000E+00 1.10880869E+00 1.10879197E+00 1.10876835E+00 1.10873673E+00 1.10869511E+00 1.10864208E+00 1.10857494E+00 1.10849178E+00 1.10838926E+00 1.10826495E+00 1.10811435E+00 1.10793455E+00 1.10771986E+00 1.10746629E+00 1.10716680E+00 1.10681669E+00 1.10640739E+00 1.10593321E+00 1.10538331E+00 1.10475100E+00 1.10402360E+00 1.10319355E+00 1.10224514E+00 1.10116803E+00 1.09994652E+00 1.09857022E+00 1.09701756E+00 1.09527608E+00 1.09332487E+00 1.09115072E+00 1.08875083E+00 1.08609349E+00 1.08343909E+00 1.08054435E+00 1.07776589E+00 1.07477270E+00 1.07193566E+00 1.06891914E+00 1.06609949E+00 1.06312765E+00 1.06035851E+00 1.05746476E+00 1.05480497E+00 1.05204589E+00 1.04952152E+00 1.04691789E+00 1.04454880E+00 1.04211848E+00 1.03991917E+00 1.03767501E+00 1.03565382E+00 1.03359629E+00 1.03174760E+00 1.02987464E+00 1.02807208E+00 1.02625057E+00 1.02440945E+00 1.02255290E+00 1.02069017E+00 1.01881778E+00 1.01693931E+00 1.01506793E+00 1.01322120E+00 1.01137435E+00 1.00953480E+00 1.00776610E+00 1.00616746E+00 1.00463936E+00 1.00265770E+00 1.00000000E+00
1.10384474E+00 1.10384186E+00 1.10383887E+00 1.10383841E+00 1.10383979E+00 1.10384170E+00 1.10384322E+00 1.10384393E+00 1.10384428E+00 1.10384472E+00 1.10384524E+00 1.10384578E+00 1.10384621E+00 1.10384653E+00 1.10384681E+00 1.10384710E+00 1.10384742E+00 1.10384776E+00 1.10384814E+00 1.10384856E+00 1.10384905E+00 1.10384963E+00 1.10385031E+00 1.10385110E+00 1.10385201E+00 1.10385308E+00 1.10385430E+00 1.10385572E+00 1.10385733E+00 1.10385918E+00 1.10386127E+00 1.10386366E+00 1.10386635E+00 1.10386938E+00 1.10387277E+00 1.10387657E+00 1.10388080E+00 1.10388547E+00 1.10389063E+00 1.10389630E+00 1.10390250E+00 1.10390923E+00 1.10391651E+00 1.10392436E+00 1.10393275E+00 1.10394163E+00 1.10395096E+00 1.10396065E+00 1.10397062E+00 1.10398071E+00 1.10399079E+00 1.10400055E+00 1.10400969E+00 1.10401783E+00 1.10402465E+00 1.10402947E+00 1.10403177E+00 1.10403057E+00 1.10402511E+00 1.10401401E+00 1.10399628E+00 1.10396981E+00 1.10393329E+00 1.10388447E+00 1.10382148E+00 1.10374074E+00 1.10364006E+00 1.10351472E+00 1.10336138E+00 1.10317404E+00 1.10294886E+00 1.10267903E+00 1.10235980E+00 1.10198112E+00 1.10153718E+00 1.10101659E+00 1.10041202E+00 1.09970818E+00 1.09889657E+00 1.09796318E+00 1.09689589E+00 1.09567212E+00 1.09428083E+00 1.09270186E+00 1.09092013E+00 1.08892766E+00 1.08669551E+00 1.08443891E+00 1.08194860E+00 1.07953185E+00 1.07690668E+00 1.07439904E+00 1.07171471E+00 1.06919235E+00 1.06650395E+00 1.06397159E+00 1.06131873E+00 1.05887449E+00 1.05631937E+00 1.05396244E+00 1.05151872E+00 1.04928588E+00 1.04697951E+00 1.04487824E+00 1.04271790E+00 1.04075580E+00 1.03874680E+00 1.03693288E+00 1.03508054E+00 1.03327970E+00 1.03143871E+00 1.02955636E+00 1.02764199E+00 1.02569836E+00 1.02370845E+00 1.02167179E+00 1.01960768E+00 1.01751450E+00 1.01534625E+00 1.01311066E+00 1.01087488E+00 1.00866940E+00 1.00636962E+00 1.00352383E+00 1.00000000E+00
1.11126418E+00 1.11125426E+00 1.11125294E+00 1.11125975E+00 1.11127025E+00 1.11128011E+00 1.11128893E+00 1.11129692E+00 1.11130495E+00 1.11131319E+00 1.11132116E+00 1.11132831E+00 1.11133457E+00 1.11133999E+00 1.11134473E+00 1.11134888E+00 1.11135245E+00 1.11135550E+00 1.11135809E+00 1.11136030E+00 1.11136222E+00 1.11136391E+00 1.11136543E+00 1.11136686E+00 1.11136823E+00 1.11136960E+00 1.11137103E+00 1.11137257E+00 1.11137426E+00 1.11137616E+00 1.11137830E+00 1.11138075E+00 1.11138355E+00 1.11138676E+00 1.11139043E+00 1.11139463E+00 1.11139941E+00 1.11140483E+00 1.11141097E+00 1.11141793E+00 1.11142578E+00 1.11143459E+00 1.11144441E+00 1.11145536E+00 1.11146752E+00 1.11148098E+00 1.11149576E+00 1.11151197E+00 1.11152968E+00 1.11154894E+00 1.11156968E+00 1.11159177E+00 1.11161534E+00 1.11164051E+00 1.11166699E+00 1.11169442E+00 1.11172245E+00 1.11175041E+00 1.11177807E+00 1.11180463E+00 1.11182931E+00 1.11185050E+00 1.11186758E+00 1.11187950E+00 1.11188430E+00 1.11187892E+00 1.11186138E+00 1.11182737E+00 1.11177412E+00 1.11169613E+00 1.11158934E+00 1.11144794E+00 1.11126792E+00 1.11103912E+00 1.11075457E+00 1.11040236E+00 1.10997390E+00 1.10945342E+00 1.10883460E+00 1.10810164E+00 1.10723585E+00 1.10621285E+00 1.10502297E+00 1.10364286E+00 1.10205105E+00 1.10023392E+00 1.09816255E+00 1.09603488E+00 1.09364653E+00 1.09129271E+00 1.08870818E+00 1.08621281E+00 1.08350855E+00 1.08093484E+00 1.07816020E+00 1.07552005E+00 1.07273026E+00 1.07013445E+00 1.06739239E+00 1.06483489E+00 1.06216135E+00 1.05969959E+00 1.05713288E+00 1.05477026E+00 1.05231976E+00 1.05007601E+00 1.04776368E+00 1.04566208E+00 1.04349990E+00 1.04137974E+00 1.03919586E+00 1.03694791E+00 1.03464710E+00 1.03229251E+00 1.02986224E+00 1.02735606E+00 1.02479678E+00 1.02217715E+00 1.01944506E+00 1.01660915E+00 1.01374142E+00 1.01086534E+00 1.00785047E+00 1.00426403E+00 1.00000000E+00
1.12175007E+00 1.12176290E+00 1.12177421E+00 1.12178425E+00 1.12179307E+00 1.12180080E+00 1.12180753E+00 1.12181338E+00 1.12181841E+00 1.12182276E+00 1.12182647E+00 1.12182966E+00 1.12183238E+00 1.12183472E+00 1.12183672E+00 1.12183845E+00 1.12183994E+00 1.12184126E+00 1.12184245E+00 1.12184356E+00 1.12184461E+00 1.12184565E+00 1.12184668E+00 1.12184778E+00 1.12184897E+00 1.12185028E+00 1.12185176E+00 1.12185348E+00 1.12185547E+00 1.12185779E+00 1.12186046E+00 1.12186358E+00 1.12186725E+00 1.12187157E+00 1.12187656E+00 1.12188236E+00 1.12188908E+00 1.12189685E+00 1.12190579E+00 1.12191615E+00 1.12192807E+00 1.12194170E+00 1.12195710E+00 1.12197454E+00 1.12199432E+00 1.12201672E+00 1.12204182E+00 1.12207002E+00 1.12210156E+00 1.12213678E+00 1.12217551E+00 1.12221799E+00 1.12226494E+00 1.12231703E+00 1.12237385E+00 1.12243526E+00 1.12250105E+00 1.12257087E+00 1.12264513E+00 1.12272358E+00 1.12280546E+00 1.12288963E+00 1.12297595E+00 1.12306422E+00 1.12315206E+00 1.12323652E+00 1.12331544E+00 1.12338440E+00 1.12344088E+00 1.12347914E+00 1.12349432E+00 1.12348064E+00 1.12343400E+00 1.12334313E+00 1.12319924E+00 1.12298874E+00 1.12270171E+00 1.12232074E+00 1.12183943E+00 1.12123876E+00 1.12049434E+00 1.11957786E+00 1.11847974E+00 1.11717166E+00 1.11562558E+00 1.11382042E+00 1.11172519E+00 1.10953899E+00 1.10704718E+00 1.10455609E+00 1.10179345E+00 1.09910166E+00 1.09615658E+00 1.09332682E+00 1.09025575E+00 1.08731773E+00 1.08419488E+00 1.08127143E+00 1.07816847E+00 1.07526197E+00 1.07221399E+00 1.06939934E+00 1.06645474E+00 1.06373460E+00 1.06090543E+00 1.05830984E+00 1.05563115E+00 1.05319288E+00 1.05068003E+00 1.04821117E+00 1.04566454E+00 1.04304101E+00 1.04035329E+00 1.03759886E+00 1.03475295E+00 1.03181618E+00 1.02881431E+00 1.02573831E+00 1.02253312E+00 1.01920773E+00 1.01583780E+00 1.01244837E+00 1.00890790E+00 1.00479022E+00 1.00000000E+00
1.13281798E+00 1.13282954E+00 1.13283916E+00 1.13284823E+00 1.13285656E+00 1.13286425E+00 1.13287134E+00 1.13287789E+00 1.13288394E+00 1.13288953E+00 1.13289466E+00 1.13289938E+00 1.13290371E+00 1.13290771E+00 1.13291137E+00 1.13291473E+00 1.13291783E+00 1.13292072E+00 1.13292344E+00 1.13292605E+00 1.13292858E+00 1.13293103E+00 1.13293345E+00 1.13293592E+00 1.13293849E+00 1.13294121E+00 1.13294414E+00 1.13294744E+00 1.13295114E+00 1.13295533E+00 1.13296000E+00 1.13296535E+00 1.13297160E+00 1.13297890E+00 1.13298725E+00 1.13299692E+00 1.13300807E+00 1.13302097E+00 1.13303579E+00 1.13305301E+00 1.13307285E+00 1.13309554E+00 1.13312114E+00 1.13315017E+00 1.13318323E+00 1.13322080E+00 1.13326301E+00 1.13331061E+00 1.13336403E+00 1.13342387E+00 1.13348989E+00 1.13356271E+00 1.13364359E+00 1.13373372E+00 1.13383244E+00 1.13393980E+00 1.13405568E+00 1.13417999E+00 1.13431365E+00 1.13445673E+00 1.13460834E+00 1.13476748E+00 1.13493415E+00 1.13510849E+00 1.13528758E+00 1.13546803E+00 1.13564734E+00 1.13582048E+00 1.13598475E+00 1.13613364E+00 1.13626125E+00 1.13636079E+00 1.13642757E+00 1.13644871E+00 1.13641351E+00 1.13630568E+00 1.13611390E+00 1.13581808E+00 1.13541052E+00 1.13486863E+00 1.13416301E+00 1.13325962E+00 1.13214840E+00 1.13079594E+00 1.12916856E+00 1.12723895E+00 1.12497364E+00 1.12258918E+00 1.11984973E+00 1.11709193E+00 1.11402011E+00 1.11101715E+00 1.10772038E+00 1.10454242E+00 1.10108881E+00 1.09778315E+00 1.09426432E+00 1.09096514E+00 1.08746164E+00 1.08417983E+00 1.08073878E+00 1.07756175E+00 1.07423777E+00 1.07116652E+00 1.06797238E+00 1.06504347E+00 1.06202270E+00 1.05927442E+00 1.05644321E+00 1.05366234E+00 1.05079549E+00 1.04784453E+00 1.04482348E+00 1.04172914E+00 1.03853473E+00 1.03524142E+00 1.03187747E+00 1.02843349E+00 1.02485277E+00 1.02114418E+00 1.01738618E+00 1.01360695E+00 1.00967555E+00 1.00516985E+00 1.00000000E+00
1.14366977E+00 1.14368119E+00 1.14368931E+00 1.14369841E+00 1.14370766E+00 1.14371711E+00 1.14372670E+00 1.14373633E+00 1.14374593E+00 1.14375538E+00 1.14376459E+00 1.14377347E+00 1.14378202E+00 1.14379023E+00 1.14379800E+00 1.14380536E+00 1.14381236E+00 1.14381903E+00 1.14382542E+00 1.14383162E+00 1.14383764E+00 1.14384350E+00 1.14384924E+00 1.14385501E+00 1.14386089E+00 1.14386699E+00 1.14387339E+00 1.14388034E+00 1.14388794E+00 1.14389625E+00 1.14390529E+00 1.14391541E+00 1.14392697E+00 1.14394020E+00 1.14395507E+00 1.14397200E+00 1.14399127E+00 1.14401330E+00 1.14403833E+00 1.14406710E+00 1.14409990E+00 1.14413704E+00 1.14417862E+00 1.14422547E+00 1.14427844E+00 1.14433823E+00 1.14440498E+00 1.14447982E+00 1.14456334E+00 1.14465628E+00 1.14475842E+00 1.14487061E+00 1.14499454E+00 1.14513177E+00 1.14528141E+00 1.14544345E+00 1.14561787E+00 1.14580471E+00 1.14600515E+00 1.14621932E+00 1.14644605E+00 1.14668409E+00 1.14693341E+00 1.14719399E+00 1.14746234E+00 1.14773418E+00 1.14800658E+00 1.14827357E+00 1.14853196E+00 1.14877409E+00 1.14899286E+00 1.14917976E+00 1.14932921E+00 1.14942657E+00 1.14945911E+00 1.14940717E+00 1.14925798E+00 1.14898844E+00 1.14858930E+00 1.14803470E+00 1.14729083E+00 1.14631794E+00 1.14510581E+00 1.14361714E+00 1.14181399E+00 1.13966549E+00 1.13713603E+00 1.13447027E+00 1.13140436E+00 1.12831598E+00 1.12487673E+00 1.12151734E+00 1.11783125E+00 1.11427991E+00 1.11042623E+00 1.10674454E+00 1.10282858E+00 1.09915978E+00 1.09526898E+00 1.09163014E+00 1.08782012E+00 1.08430719E+00 1.08063602E+00 1.07724735E+00 1.07372676E+00 1.07050263E+00 1.06718148E+00 1.06416327E+00 1.06105719E+00 1.05800917E+00 1.05487036E+00 1.05164342E+00 1.04834342E+00 1.04496700E+00 1.04148588E+00 1.03790152E+00 1.03424424E+00 1.03050489E+00 1.02662579E+00 1.02261558E+00 1.01855478E+00 1.01447488E+00 1.01024614E+00 1.00545006E+00 1.00000000E+00
1.11527614E+00 1.11527466E+00 1.11527051E+00 1.11526736E+00 1.11526584E+00 1.11526588E+00 1.11526638E+00 1.11526648E+00 1.11526625E+00 1.11526589E+00 1.11526564E+00 1.11526562E+00 1.11526575E+00 1.11526594E+00 1.11526617E+00 1.11526646E+00 1.11526684E+00 1.11526731E+00 1.11526789E+00 1.11526857E+00 1.11526937E+00 1.11527030E+00 1.11527137E+00 1.11527260E+00 1.11527401E+00 1.11527561E+00 1.11527741E+00 1.11527945E+00 1.11528174E+00 1.11528430E+00 1.11528714E+00 1.11529031E+00 1.11529380E+00 1.11529765E+00 1.11530186E+00 1.11530645E+00 1.11531143E+00 1.11531680E+00 1.11532256E+00 1.11532869E+00 1.11533517E+00 1.11534194E+00 1.11534896E+00 1.11535613E+00 1.11536338E+00 1.11537051E+00 1.11537740E+00 1.11538378E+00 1.11538942E+00 1.11539392E+00 1.11539699E+00 1.11539800E+00 1.11539648E+00 1.11539164E+00 1.11538281E+00 1.11536883E+00 1.11534885E+00 1.11532127E+00 1.11528491E+00 1.11523765E+00 1.11517796E+00 1.11510300E+00 1.11501074E+00 1.11489766E+00 1.11476115E+00 1.11459649E+00 1.11440059E+00 1.11416746E+00 1.11389299E+00 1.11356988E+00 1.11319321E+00 1.11275400E+00 1.11224624E+00 1.11165889E+00 1.11098502E+00 1.11021144E+00 1.10933024E+00 1.10832540E+00 1.10718644E+00 1.10589714E+00 1.10444655E+00 1.10281285E+00 1.10098356E+00 1.09893740E+00 1.09666033E+00 1.09414967E+00 1.09137263E+00 1.08860291E+00 1.08558475E+00 1.08268954E+00 1.07957324E+00 1.07662325E+00 1.07348713E+00 1.07055285E+00 1.06746053E+00 1.06458396E+00 1.06157904E+00 1.05881488E+00 1.05594622E+00 1.05332056E+00 1.05061113E+00 1.04814498E+00 1.04561394E+00 1.04332165E+00 1.04098028E+00 1.03886905E+00 1.03671781E+00 1.03478312E+00 1.03282044E+00 1.03092696E+00 1.02901019E+00 1.02706956E+00 1.02510736E+00 1.02313023E+00 1.02113606E+00 1.01912649E+00 1.01710985E+00 1.01510156E+00 1.01308480E+00 1.01104946E+00 1.00903876E+00 1.00716813E+00 1.00534869E+00 1.00302669E+00 1.00000000E+00
1.11522456E+00 1.11522480E+00 1.11522268E+00 1.11522067E+00 1.11521960E+00 1.11521979E+00 1.11522049E+00 1.11522105E+00 1.11522138E+00 1.11522148E+00 1.11522155E+00 1.11522169E+00 1.11522189E+00 1.11522214E+00 1.11522240E+00 1.11522269E+00 1.11522302E+00 1.11522342E+00 1.11522388E+00 1.11522444E+00 1.11522508E+00 1.11522584E+00 1.11522672E+00 1.11522775E+00 1.11522893E+00 1.11523029E+00 1.11523185E+00 1.11523363E+00 1.11523566E+00 1.11523795E+00 1.11524053E+00 1.11524345E+00 1.11524671E+00 1.11525036E+00 1.11525441E+00 1.11525891E+00 1.11526387E+00 1.11526931E+00 1.11527526E+00 1.11528175E+00 1.11528877E+00 1.11529631E+00 1.11530439E+00 1.11531298E+00 1.11532202E+00 1.11533145E+00 1.11534119E+00 1.11535108E+00 1.11536101E+00 1.11537072E+00 1.11538003E+00 1.11538850E+00 1.11539579E+00 1.11540137E+00 1.11540479E+00 1.11540514E+00 1.11540181E+00 1.11539353E+00 1.11537936E+00 1.11535762E+00 1.11532711E+00 1.11528537E+00 1.11523080E+00 1.11516057E+00 1.11507245E+00 1.11496228E+00 1.11482745E+00 1.11466256E+00 1.11446387E+00 1.11422478E+00 1.11394085E+00 1.11360401E+00 1.11320870E+00 1.11274419E+00 1.11220414E+00 1.11157582E+00 1.11085143E+00 1.11001485E+00 1.10905609E+00 1.10795946E+00 1.10671315E+00 1.10529438E+00 1.10369084E+00 1.10188084E+00 1.09984869E+00 1.09758763E+00 1.09506546E+00 1.09252836E+00 1.08974203E+00 1.08704919E+00 1.08413250E+00 1.08135463E+00 1.07838443E+00 1.07559145E+00 1.07262602E+00 1.06984744E+00 1.06693503E+00 1.06424549E+00 1.06143679E+00 1.05884949E+00 1.05616635E+00 1.05371303E+00 1.05118001E+00 1.04887228E+00 1.04649999E+00 1.04434626E+00 1.04214000E+00 1.04014576E+00 1.03810906E+00 1.03612914E+00 1.03410749E+00 1.03204280E+00 1.02994021E+00 1.02780210E+00 1.02561777E+00 1.02338613E+00 1.02111863E+00 1.01882036E+00 1.01645925E+00 1.01402204E+00 1.01155847E+00 1.00915213E+00 1.00670179E+00 1.00369889E+00 1.00000000E+00
1.12401879E+00 1.12401870E+00 1.12401651E+00 1.12401558E+00 1.12401677E+00 1.12402018E+00 1.12402469E+00 1.12402925E+00 1.12403369E+00 1.12403787E+00 1.12404194E+00 1.12404588E+00 1.12404962E+00 1.12405309E+00 1.12405627E+00 1.12405914E+00 1.12406175E+00 1.12406412E+00 1.12406628E+00 1.12406827E+00 1.12407013E+00 1.12407192E+00 1.12407365E+00 1.12407540E+00 1.12407719E+00 1.12407908E+00 1.12408111E+00 1.12408333E+00 1.12408579E+00 1.12408854E+00 1.12409162E+00 1.12409511E+00 1.12409904E+00 1.12410350E+00 1.12410851E+00 1.12411417E+00 1.12412053E+00 1.12412767E+00 1.12413564E+00 1.12414455E+00 1.12415444E+00 1.12416540E+00 1.12417747E+00 1.12419075E+00 1.12420527E+00 1.12422108E+00 1.12423818E+00 1.12425662E+00 1.12427637E+00 1.12429739E+00 1.12431957E+00 1.12434268E+00 1.12436660E+00 1.12439118E+00 1.12441603E+00 1.12444051E+00 1.12446415E+00 1.12448595E+00 1.12450527E+00 1.12452076E+00 1.12453140E+00 1.12453503E+00 1.12453035E+00 1.12451515E+00 1.12448711E+00 1.12444221E+00 1.12437791E+00 1.12428880E+00 1.12417124E+00 1.12401861E+00 1.12382609E+00 1.12358567E+00 1.12329164E+00 1.12293246E+00 1.12250092E+00 1.12198319E+00 1.12137026E+00 1.12064445E+00 1.11979573E+00 1.11880623E+00 1.11766002E+00 1.11633168E+00 1.11480801E+00 1.11306318E+00 1.11107670E+00 1.10883693E+00 1.10630924E+00 1.10373955E+00 1.10088688E+00 1.09810221E+00 1.09506307E+00 1.09214721E+00 1.08900487E+00 1.08602722E+00 1.08284478E+00 1.07984505E+00 1.07668380E+00 1.07374765E+00 1.07066429E+00 1.06780793E+00 1.06483313E+00 1.06210231E+00 1.05926936E+00 1.05667586E+00 1.05399850E+00 1.05155860E+00 1.04905204E+00 1.04677972E+00 1.04445118E+00 1.04217905E+00 1.03985115E+00 1.03746691E+00 1.03503292E+00 1.03254981E+00 1.03000404E+00 1.02739515E+00 1.02473698E+00 1.02203207E+00 1.01924515E+00 1.01636535E+00 1.01344702E+00 1.01057238E+00 1.00764160E+00 1.00416140E+00 1.00000000E+00
1.13412307E+00 1.13413149E+00 1.13414116E+00 1.13415117E+00 1.13416123E+00 1.13417124E+00 1.13418132E+00 1.13419143E+00 1.13420145E+00 1.13421117E+00 1.13422053E+00 1.13422939E+00 1.13423775E+00 1.13424557E+00 1.13425283E+00 1.13425955E+00 1.13426574E+00 1.13427144E+00 1.13427669E+00 1.13428155E+00 1.13428607E+00 1.13429032E+00 1.13429435E+00 1.13429826E+00 1.13430211E+00 1.13430599E+00 1.13430997E+00 1.13431416E+00 1.13431862E+00 1.13432348E+00 1.13432878E+00 1.13433468E+00 1.13434127E+00 1.13434870E+00 1.13435702E+00 1.13436643E+00 1.13437703E+00 1.13438900E+00 1.13440245E+00 1.13441763E+00 1.13443466E+00 1.13445374E+00 1.13447497E+00 1.13449859E+00 1.13452479E+00 1.13455380E+00 1.13458569E+00 1.13462075E+00 1.13465909E+00 1.13470086E+00 1.13474599E+00 1.13479447E+00 1.13484647E+00 1.13490219E+00 1.13496118E+00 1.13502294E+00 1.13508708E+00 1.13515271E+00 1.13521943E+00 1.13528607E+00 1.13535151E+00 1.13541365E+00 1.13547120E+00 1.13552209E+00 1.13556356E+00 1.13559118E+00 1.13560204E+00 1.13559007E+00 1.13555129E+00 1.13547827E+00 1.13536523E+00 1.13520319E+00 1.13498564E+00 1.13469942E+00 1.13433573E+00 1.13387856E+00 1.13331725E+00 1.13263167E+00 1.13181074E+00 1.13083343E+00 1.12967987E+00 1.12832076E+00 1.12674189E+00 1.12491316E+00 1.12280994E+00 1.12041703E+00 1.11769706E+00 1.11491585E+00 1.11181064E+00 1.10876431E+00 1.10542898E+00 1.10222039E+00 1.09875243E+00 1.09545720E+00 1.09192964E+00 1.08860121E+00 1.08508883E+00 1.08182199E+00 1.07838822E+00 1.07520492E+00 1.07188879E+00 1.06884420E+00 1.06568397E+00 1.06278926E+00 1.05979994E+00 1.05707583E+00 1.05427825E+00 1.05174272E+00 1.04914449E+00 1.04660891E+00 1.04401125E+00 1.04135200E+00 1.03863879E+00 1.03587157E+00 1.03303535E+00 1.03013070E+00 1.02717330E+00 1.02416490E+00 1.02106921E+00 1.01787736E+00 1.01464648E+00 1.01146034E+00 1.00822183E+00 1.00444464E+00 1.00000000E+00
1.14402089E+00 1.14403617E+00 1.14405085E+00 1.14406576E+00 1.14408063E+00 1.14409541E+00 1.14411002E+00 1.14412437E+00 1.14413839E+00 1.14415197E+00 1.14416507E+00 1.14417760E+00 1.14418955E+00 1.14420089E+00 1.14421162E+00 1.14422174E+00 1.14423128E+00 1.14424030E+00 1.14424884E+00 1.14425699E+00 1.14426479E+00 1.14427233E+00 1.14427969E+00 1.14428699E+00 1.14429431E+00 1.14430180E+00 1.14430955E+00 1.14431774E+00 1.14432647E+00 1.14433590E+00 1.14434612E+00 1.14435737E+00 1.14436983E+00 1.14438373E+00 1.14439916E+00 1.14441642E+00 1.14443568E+00 1.14445727E+00 1.14448134E+00 1.14450832E+00 1.14453842E+00 1.14457192E+00 1.14460899E+00 1.14465002E+00 1.14469539E+00 1.14474546E+00 1.14480034E+00 1.14486054E+00 1.14492627E+00 1.14499781E+00 1.14507502E+00 1.14515804E+00 1.14524725E+00 1.14534301E+00 1.14544470E+00 1.14555175E+00 1.14566372E+00 1.14577960E+00 1.14589906E+00 1.14602075E+00 1.14614326E+00 1.14626413E+00 1.14638183E+00 1.14649389E+00 1.14659691E+00 1.14668557E+00 1.14675639E+00 1.14680219E+00 1.14681836E+00 1.14679618E+00 1.14672876E+00 1.14660549E+00 1.14641895E+00 1.14615417E+00 1.14580071E+00 1.14534002E+00 1.14476004E+00 1.14403830E+00 1.14316259E+00 1.14210925E+00 1.14085542E+00 1.13936827E+00 1.13763337E+00 1.13561785E+00 1.13329442E+00 1.13064698E+00 1.12763599E+00 1.12455805E+00 1.12112135E+00 1.11775085E+00 1.11406417E+00 1.11052191E+00 1.10669646E+00 1.10306467E+00 1.09918202E+00 1.09552453E+00 1.09166905E+00 1.08808661E+00 1.08432561E+00 1.08084355E+00 1.07722110E+00 1.07389973E+00 1.07045567E+00 1.06730399E+00 1.06405246E+00 1.06109285E+00 1.05805717E+00 1.05530889E+00 1.05249531E+00 1.04975188E+00 1.04694389E+00 1.04407270E+00 1.04114677E+00 1.03816571E+00 1.03511361E+00 1.03199191E+00 1.02881767E+00 1.02559237E+00 1.02227936E+00 1.01887117E+00 1.01542673E+00 1.01203144E+00 1.00859075E+00 1.00462290E+00 1.00000000E+00
1.15331791E+00 1.15333391E+00 1.15334829E+00 1.15336358E+00 1.15337913E+00 1.15339497E+00 1.15341106E+00 1.15342724E+00 1.15344341E+00 1.15345941E+00 1.15347516E+00 1.15349054E+00 1.15350553E+00 1.15352008E+00 1.15353416E+00 1.15354777E+00 1.15356097E+00 1.15357379E+00 1.15358629E+00 1.15359858E+00 1.15361071E+00 1.15362280E+00 1.15363491E+00 1.15364724E+00 1.15365990E+00 1.15367307E+00 1.15368687E+00 1.15370158E+00 1.15371732E+00 1.15373430E+00 1.15375265E+00 1.15377269E+00 1.15379472E+00 1.15381902E+00 1.15384571E+00 1.15387521E+00 1.15390775E+00 1.15394378E+00 1.15398351E+00 1.15402750E+00 1.15407602E+00 1.15412941E+00 1.15418787E+00 1.15425191E+00 1.15432202E+00 1.15439865E+00 1.15448189E+00 1.15457236E+00 1.15467030E+00 1.15477597E+00 1.15488915E+00 1.15500992E+00 1.15513874E+00 1.15527596E+00 1.15542071E+00 1.15557209E+00 1.15572954E+00 1.15589173E+00 1.15605819E+00 1.15622717E+00 1.15639684E+00 1.15656407E+00 1.15672694E+00 1.15688228E+00 1.15702606E+00 1.15715180E+00 1.15725540E+00 1.15732848E+00 1.15736574E+00 1.15735707E+00 1.15729453E+00 1.15716587E+00 1.15696282E+00 1.15666893E+00 1.15627229E+00 1.15575212E+00 1.15509545E+00 1.15427797E+00 1.15328675E+00 1.15209643E+00 1.15068198E+00 1.14900813E+00 1.14706084E+00 1.14480592E+00 1.14221446E+00 1.13927155E+00 1.13593589E+00 1.13253836E+00 1.12875589E+00 1.12505720E+00 1.12102326E+00 1.11715849E+00 1.11299471E+00 1.10905078E+00 1.10484458E+00 1.10089207E+00 1.09673355E+00 1.09287640E+00 1.08883441E+00 1.08509911E+00 1.08122006E+00 1.07766939E+00 1.07399273E+00 1.07063263E+00 1.06717046E+00 1.06402342E+00 1.06079984E+00 1.05788507E+00 1.05490427E+00 1.05200075E+00 1.04903202E+00 1.04600013E+00 1.04291421E+00 1.03977365E+00 1.03656194E+00 1.03328115E+00 1.02994942E+00 1.02656814E+00 1.02310052E+00 1.01954015E+00 1.01594717E+00 1.01240831E+00 1.00883118E+00 1.00473762E+00 1.00000000E+00
1.12151659E+00 1.12151757E+00 1.12151470E+00 1.12151137E+00 1.12150910E+00 1.12150864E+00 1.12150902E+00 1.12150929E+00 1.12150924E+00 1.12150894E+00 1.12150867E+00 1.12150861E+00 1.12150873E+00 1.12150895E+00 1.12150923E+00 1.12150957E+00 1.12150999E+00 1.12151052E+00 1.12151117E+00 1.12151193E+00 1.12151282E+00 1.12151385E+00 1.12151503E+00 1.12151638E+00 1.12151792E+00 1.12151967E+00 1.12152164E+00 1.12152385E+00 1.12152633E+00 1.12152909E+00 1.12153216E+00 1.12153555E+00 1.12153929E+00 1.12154339E+00 1.12154787E+00 1.12155274E+00 1.12155800E+00 1.12156365E+00 1.12156968E+00 1.12157606E+00 1.12158278E+00 1.12158976E+00 1.12159695E+00 1.12160424E+00 1.12161153E+00 1.12161862E+00 1.12162535E+00 1.12163142E+00 1.12163660E+00 1.12164044E+00 1.12164260E+00 1.12164241E+00 1.12163936E+00 1.12163258E+00 1.12162138E+00 1.12160448E+00 1.12158097E+00 1.12154914E+00 1.12150774E+00 1.12145450E+00 1.12138782E+00 1.12130467E+00 1.12120296E+00 1.12107892E+00 1.12092982E+00 1.12075071E+00 1.12053832E+00 1.12028643E+00 1.11999075E+00 1.11964376E+00 1.11924028E+00 1.11877099E+00 1.11822961E+00 1.11760492E+00 1.11688966E+00 1.11607026E+00 1.11513844E+00 1.11407792E+00 1.11287819E+00 1.11152249E+00 1.10999927E+00 1.10828667E+00 1.10637210E+00 1.10423367E+00 1.10185671E+00 1.09923905E+00 1.09634668E+00 1.09346589E+00 1.09032876E+00 1.08732144E+00 1.08408668E+00 1.08102705E+00 1.07777476E+00 1.07473043E+00 1.07152237E+00 1.06854142E+00 1.06542754E+00 1.06256070E+00 1.05958409E+00 1.05685850E+00 1.05404439E+00 1.05148173E+00 1.04884966E+00 1.04646357E+00 1.04402354E+00 1.04182062E+00 1.03957375E+00 1.03755065E+00 1.03549525E+00 1.03350794E+00 1.03149251E+00 1.02944836E+00 1.02737649E+00 1.02528119E+00 1.02316149E+00 1.02101768E+00 1.01885393E+00 1.01668176E+00 1.01449173E+00 1.01226833E+00 1.01003767E+00 1.00791543E+00 1.00585420E+00 1.00329238E+00 1.00000000E+00
1.12354125E+00 1.12354535E+00 1.12355422E+00 1.12356022E+00 1.12356225E+00 1.12356060E+00 1.12355780E+00 1.12355613E+00 1.12355565E+00 1.12355597E+00 1.12355641E+00 1.12355651E+00 1.12355641E+00 1.12355633E+00 1.12355639E+00 1.12355664E+00 1.12355700E+00 1.12355744E+00 1.12355796E+00 1.12355859E+00 1.12355935E+00 1.12356026E+00 1.12356133E+00 1.12356257E+00 1.12356399E+00 1.12356562E+00 1.12356748E+00 1.12356960E+00 1.12357199E+00 1.12357468E+00 1.12357769E+00 1.12358106E+00 1.12358480E+00 1.12358896E+00 1.12359353E+00 1.12359857E+00 1.12360408E+00 1.12361007E+00 1.12361656E+00 1.12362356E+00 1.12363105E+00 1.12363900E+00 1.12364739E+00 1.12365617E+00 1.12366525E+00 1.12367452E+00 1.12368385E+00 1.12369302E+00 1.12370187E+00 1.12371004E+00 1.12371727E+00 1.12372301E+00 1.12372683E+00 1.12372804E+00 1.12372604E+00 1.12371974E+00 1.12370836E+00 1.12369038E+00 1.12366470E+00 1.12362929E+00 1.12358274E+00 1.12352224E+00 1.12344592E+00 1.12335039E+00 1.12323310E+00 1.12308938E+00 1.12291620E+00 1.12270760E+00 1.12245947E+00 1.12216458E+00 1.12181797E+00 1.12141064E+00 1.12093646E+00 1.12038420E+00 1.11974690E+00 1.11901087E+00 1.11816786E+00 1.11720127E+00 1.11610043E+00 1.11484852E+00 1.11343352E+00 1.11183256E+00 1.11003269E+00 1.10801115E+00 1.10575196E+00 1.10325020E+00 1.10047142E+00 1.09768918E+00 1.09464515E+00 1.09171347E+00 1.08854718E+00 1.08554029E+00 1.08233163E+00 1.07931753E+00 1.07612725E+00 1.07314991E+00 1.07003139E+00 1.06715135E+00 1.06414918E+00 1.06138916E+00 1.05852992E+00 1.05591784E+00 1.05322455E+00 1.05077376E+00 1.04825744E+00 1.04597615E+00 1.04364144E+00 1.04153220E+00 1.03938039E+00 1.03729074E+00 1.03516085E+00 1.03298972E+00 1.03077976E+00 1.02853299E+00 1.02624375E+00 1.02391113E+00 1.02154073E+00 1.01913944E+00 1.01668934E+00 1.01417379E+00 1.01162412E+00 1.00914217E+00 1.00667917E+00 1.00369979E+00 1.00000000E+00
1.13070753E+00 1.13072084E+00 1.13072830E+00 1.13073013E+00 1.13072917E+00 1.13072840E+00 1.13072840E+00 1.13072932E+00 1.13073042E+00 1.13073120E+00 1.13073171E+00 1.13073213E+00 1.13073263E+00 1.13073330E+00 1.13073406E+00 1.13073486E+00 1.13073571E+00 1.13073660E+00 1.13073757E+00 1.13073863E+00 1.13073979E+00 1.13074108E+00 1.13074251E+00 1.13074411E+00 1.13074592E+00 1.13074795E+00 1.13075025E+00 1.13075286E+00 1.13075580E+00 1.13075914E+00 1.13076290E+00 1.13076715E+00 1.13077192E+00 1.13077728E+00 1.13078326E+00 1.13078994E+00 1.13079736E+00 1.13080558E+00 1.13081463E+00 1.13082460E+00 1.13083550E+00 1.13084738E+00 1.13086026E+00 1.13087415E+00 1.13088904E+00 1.13090490E+00 1.13092166E+00 1.13093925E+00 1.13095754E+00 1.13097632E+00 1.13099538E+00 1.13101429E+00 1.13103273E+00 1.13105023E+00 1.13106622E+00 1.13107971E+00 1.13109002E+00 1.13109573E+00 1.13109582E+00 1.13108841E+00 1.13107212E+00 1.13104420E+00 1.13100281E+00 1.13094474E+00 1.13086729E+00 1.13076562E+00 1.13063662E+00 1.13047402E+00 1.13027353E+00 1.13002755E+00 1.12973070E+00 1.12937353E+00 1.12894945E+00 1.12844627E+00 1.12785632E+00 1.12716469E+00 1.12636211E+00 1.12543043E+00 1.12435833E+00 1.12312719E+00 1.12172253E+00 1.12011926E+00 1.11830330E+00 1.11624892E+00 1.11393735E+00 1.11136123E+00 1.10848377E+00 1.10558854E+00 1.10240507E+00 1.09932532E+00 1.09598785E+00 1.09280837E+00 1.08940408E+00 1.08619628E+00 1.08279198E+00 1.07960757E+00 1.07626530E+00 1.07317190E+00 1.06994067E+00 1.06696397E+00 1.06387583E+00 1.06105102E+00 1.05813333E+00 1.05547405E+00 1.05273966E+00 1.05025760E+00 1.04771545E+00 1.04541691E+00 1.04306938E+00 1.04078698E+00 1.03845795E+00 1.03608189E+00 1.03366214E+00 1.03120001E+00 1.02868842E+00 1.02612713E+00 1.02352317E+00 1.02088258E+00 1.01818581E+00 1.01541858E+00 1.01261523E+00 1.00987641E+00 1.00715722E+00 1.00393250E+00 1.00000000E+00
1.13814921E+00 1.13814987E+00 1.13815018E+00 1.13814992E+00 1.13814922E+00 1.13814845E+00 1.13814783E+00 1.13814756E+00 1.13814757E+00 1.13814781E+00 1.13814824E+00 1.13814885E+00 1.13814964E+00 1.13815059E+00 1.13815170E+00 1.13815295E+00 1.13815433E+00 1.13815586E+00 1.13815753E+00 1.13815937E+00 1.13816140E+00 1.13816365E+00 1.13816614E+00 1.13816892E+00 1.13817203E+00 1.13817552E+00 1.13817945E+00 1.13818388E+00 1.13818888E+00 1.13819452E+00 1.13820085E+00 1.13820799E+00 1.13821601E+00 1.13822502E+00 1.13823508E+00 1.13824632E+00 1.13825883E+00 1.13827273E+00 1.13828811E+00 1.13830510E+00 1.13832380E+00 1.13834431E+00 1.13836669E+00 1.13839103E+00 1.13841740E+00 1.13844584E+00 1.13847633E+00 1.13850889E+00 1.13854346E+00 1.13857987E+00 1.13861793E+00 1.13865724E+00 1.13869757E+00 1.13873854E+00 1.13877950E+00 1.13881940E+00 1.13885753E+00 1.13889233E+00 1.13892280E+00 1.13894690E+00 1.13896309E+00 1.13896836E+00 1.13896068E+00 1.13893660E+00 1.13889298E+00 1.13882437E+00 1.13872730E+00 1.13859473E+00 1.13842191E+00 1.13820038E+00 1.13792402E+00 1.13758237E+00 1.13716812E+00 1.13666788E+00 1.13607289E+00 1.13536672E+00 1.13453905E+00 1.13357014E+00 1.13244798E+00 1.13115219E+00 1.12966629E+00 1.12796320E+00 1.12602843E+00 1.12383427E+00 1.12136025E+00 1.11859876E+00 1.11551119E+00 1.11240326E+00 1.10898349E+00 1.10567399E+00 1.10208838E+00 1.09867374E+00 1.09501790E+00 1.09157371E+00 1.08792017E+00 1.08450488E+00 1.08092204E+00 1.07760738E+00 1.07414664E+00 1.07096018E+00 1.06765674E+00 1.06463721E+00 1.06151962E+00 1.05867941E+00 1.05576025E+00 1.05311203E+00 1.05040173E+00 1.04795275E+00 1.04545273E+00 1.04302313E+00 1.04054493E+00 1.03801838E+00 1.03544750E+00 1.03283328E+00 1.03016789E+00 1.02745187E+00 1.02469326E+00 1.02189776E+00 1.01904530E+00 1.01612334E+00 1.01316782E+00 1.01027925E+00 1.00741573E+00 1.00405694E+00 1.00000000E+00
1.14501108E+00 1.14500864E+00 1.14500438E+00 1.14499949E+00 1.14499436E+00 1.14498963E+00 1.14498541E+00 1.14498185E+00 1.14497893E+00 1.14497670E+00 1.14497515E+00 1.14497429E+00 1.14497409E+00 1.14497450E+00 1.14497549E+00 1.14497701E+00 1.14497904E+00 1.14498157E+00 1.14498458E+00 1.14498808E+00 1.14499208E+00 1.14499657E+00 1.14500160E+00 1.14500722E+00 1.14501345E+00 1.14502039E+00 1.14502807E+00 1.14503661E+00 1.14504608E+00 1.14505657E+00 1.14506818E+00 1.14508103E+00 1.14509524E+00 1.14511097E+00 1.14512830E+00 1.14514741E+00 1.14516840E+00 1.14519147E+00 1.14521672E+00 1.14524436E+00 1.14527449E+00 1.14530725E+00 1.14534270E+00 1.14538097E+00 1.14542217E+00 1.14546636E+00 1.14551349E+00 1.14556361E+00 1.14561664E+00 1.14567239E+00 1.14573055E+00 1.14579066E+00 1.14585248E+00 1.14591556E+00 1.14597906E+00 1.14604170E+00 1.14610262E+00 1.14615999E+00 1.14621265E+00 1.14625825E+00 1.14629493E+00 1.14631924E+00 1.14632883E+00 1.14631975E+00 1.14628840E+00 1.14622857E+00 1.14613637E+00 1.14600392E+00 1.14582601E+00 1.14559330E+00 1.14529896E+00 1.14493157E+00 1.14448327E+00 1.14393971E+00 1.14329128E+00 1.14252031E+00 1.14161588E+00 1.14055723E+00 1.13933202E+00 1.13791884E+00 1.13630001E+00 1.13444729E+00 1.13234647E+00 1.12996911E+00 1.12729390E+00 1.12431465E+00 1.12099139E+00 1.11765458E+00 1.11399013E+00 1.11045107E+00 1.10662478E+00 1.10298841E+00 1.09910156E+00 1.09544574E+00 1.09157407E+00 1.08796098E+00 1.08417600E+00 1.08067890E+00 1.07703225E+00 1.07367884E+00 1.07020674E+00 1.06703692E+00 1.06376725E+00 1.06079130E+00 1.05773531E+00 1.05496560E+00 1.05213380E+00 1.04957735E+00 1.04696958E+00 1.04443706E+00 1.04185568E+00 1.03922620E+00 1.03655312E+00 1.03383722E+00 1.03107018E+00 1.02825317E+00 1.02539493E+00 1.02250093E+00 1.01955092E+00 1.01653352E+00 1.01348565E+00 1.01050775E+00 1.00756008E+00 1.00412535E+00 1.00000000E+00
1.15122067E+00 1.15121089E+00 1.15119847E+00 1.15118615E+00 1.15117395E+00 1.15116259E+00 1.15115224E+00 1.15114316E+00 1.15113540E+00 1.15112908E+00 1.15112418E+00 1.15112068E+00 1.15111853E+00 1.15111766E+00 1.15111803E+00 1.15111954E+00 1.15112218E+00 1.15112587E+00 1.15113058E+00 1.15113629E+00 1.15114299E+00 1.15115065E+00 1.15115929E+00 1.15116895E+00 1.15117966E+00 1.15119149E+00 1.15120449E+00 1.15121876E+00 1.15123439E+00 1.15125148E+00 1.15127009E+00 1.15129038E+00 1.15131250E+00 1.15133662E+00 1.15136280E+00 1.15139124E+00 1.15142206E+00 1.15145547E+00 1.15149156E+00 1.15153053E+00 1.15157253E+00 1.15161762E+00 1.15166585E+00 1.15171730E+00 1.15177211E+00 1.15183028E+00 1.15189167E+00 1.15195629E+00 1.15202399E+00 1.15209445E+00 1.15216722E+00 1.15224167E+00 1.15231749E+00 1.15239406E+00 1.15247033E+00 1.15254468E+00 1.15261608E+00 1.15268235E+00 1.15274216E+00 1.15279276E+00 1.15283197E+00 1.15285587E+00 1.15286178E+00 1.15284524E+00 1.15280227E+00 1.15272600E+00 1.15261215E+00 1.15245221E+00 1.15224059E+00 1.15196724E+00 1.15162487E+00 1.15120131E+00 1.15068836E+00 1.15007113E+00 1.14933941E+00 1.14847475E+00 1.14746596E+00 1.14629178E+00 1.14493984E+00 1.14338836E+00 1.14161889E+00 1.13960274E+00 1.13732630E+00 1.13476108E+00 1.13188547E+00 1.12869532E+00 1.12514960E+00 1.12160187E+00 1.11771693E+00 1.11397540E+00 1.10994074E+00 1.10611574E+00 1.10203561E+00 1.09820558E+00 1.09415701E+00 1.09038568E+00 1.08644111E+00 1.08280179E+00 1.07901193E+00 1.07553141E+00 1.07193232E+00 1.06865053E+00 1.06526868E+00 1.06219355E+00 1.05903849E+00 1.05618161E+00 1.05326341E+00 1.05063119E+00 1.04794801E+00 1.04534406E+00 1.04269159E+00 1.03999180E+00 1.03724954E+00 1.03446540E+00 1.03163074E+00 1.02874718E+00 1.02582399E+00 1.02286649E+00 1.01985429E+00 1.01677687E+00 1.01367177E+00 1.01063938E+00 1.00764149E+00 1.00416301E+00 1.00000000E+00
1.12732006E+00 1.12732335E+00 1.12732222E+00 1.12731925E+00 1.12731658E+00 1.12731570E+00 1.12731587E+00 1.12731624E+00 1.12731640E+00 1.12731621E+00 1.12731598E+00 1.12731592E+00 1.12731604E+00 1.12731629E+00 1.12731663E+00 1.12731702E+00 1.12731751E+00 1.12731810E+00 1.12731881E+00 1.12731966E+00 1.12732064E+00 1.12732177E+00 1.12732307E+00 1.12732455E+00 1.12732622E+00 1.12732812E+00 1.12733024E+00 1.12733263E+00 1.12733530E+00 1.12733826E+00 1.12734154E+00 1.12734516E+00 1.12734913E+00 1.12735347E+00 1.12735820E+00 1.12736332E+00 1.12736883E+00 1.12737473E+00 1.12738099E+00 1.12738760E+00 1.12739451E+00 1.12740165E+00 1.12740895E+00 1.12741628E+00 1.12742353E+00 1.12743048E+00 1.12743695E+00 1.12744261E+00 1.12744721E+00 1.12745024E+00 1.12745133E+00 1.12744977E+00 1.12744501E+00 1.12743611E+00 1.12742232E+00 1.12740226E+00 1.12737497E+00 1.12733864E+00 1.12729192E+00 1.12723243E+00 1.12715846E+00 1.12706685E+00 1.12695538E+00 1.12682010E+00 1.12665811E+00 1.12646431E+00 1.12623520E+00 1.12596435E+00 1.12564736E+00 1.12527640E+00 1.12484610E+00 1.12434685E+00 1.12377210E+00 1.12311048E+00 1.12235435E+00 1.12148986E+00 1.12050837E+00 1.11939340E+00 1.11813446E+00 1.11671423E+00 1.11512057E+00 1.11333167E+00 1.11133482E+00 1.10910742E+00 1.10663428E+00 1.10391393E+00 1.10091108E+00 1.09792398E+00 1.09467271E+00 1.09155799E+00 1.08820968E+00 1.08504439E+00 1.08168005E+00 1.07853018E+00 1.07521072E+00 1.07212849E+00 1.06890825E+00 1.06594099E+00 1.06285874E+00 1.06003511E+00 1.05711803E+00 1.05446016E+00 1.05172780E+00 1.04924856E+00 1.04671027E+00 1.04441595E+00 1.04207386E+00 1.03996255E+00 1.03781458E+00 1.03573407E+00 1.03362065E+00 1.03147378E+00 1.02929371E+00 1.02708271E+00 1.02484059E+00 1.02256705E+00 1.02026347E+00 1.01793713E+00 1.01558514E+00 1.01319496E+00 1.01077624E+00 1.00842885E+00 1.00617934E+00 1.00347386E+00 1.00000000E+00
1.12865627E+00 1.12866324E+00 1.12867290E+00 1.12867814E+00 1.12867899E+00 1.12867677E+00 1.12867402E+00 1.12867277E+00 1.12867267E+00 1.12867307E+00 1.12867339E+00 1.12867333E+00 1.12867316E+00 1.12867313E+00 1.12867328E+00 1.12867360E+00 1.12867404E+00 1.12867457E+00 1.12867520E+00 1.12867597E+00 1.12867689E+00 1.12867798E+00 1.12867923E+00 1.12868067E+00 1.12868232E+00 1.12868419E+00 1.12868631E+00 1.12868869E+00 1.12869136E+00 1.12869435E+00 1.12869766E+00 1.12870133E+00 1.12870538E+00 1.12870982E+00 1.12871468E+00 1.12871997E+00 1.12872569E+00 1.12873184E+00 1.12873842E+00 1.12874541E+00 1.12875278E+00 1.12876047E+00 1.12876843E+00 1.12877654E+00 1.12878470E+00 1.12879272E+00 1.12880044E+00 1.12880756E+00 1.12881384E+00 1.12881881E+00 1.12882215E+00 1.12882315E+00 1.12882131E+00 1.12881576E+00 1.12880576E+00 1.12879001E+00 1.12876757E+00 1.12873669E+00 1.12869609E+00 1.12864345E+00 1.12857710E+00 1.12849395E+00 1.12839185E+00 1.12826693E+00 1.12811638E+00 1.12793510E+00 1.12771970E+00 1.12746379E+00 1.12716296E+00 1.12680946E+00 1.12639795E+00 1.12591884E+00 1.12536559E+00 1.12472673E+00 1.12399470E+00 1.12315547E+00 1.12220036E+00 1.12111267E+00 1.11988175E+00 1.11849010E+00 1.11692539E+00 1.11516530E+00 1.11319684E+00 1.11099693E+00 1.10854983E+00 1.10585309E+00 1.10287099E+00 1.09989925E+00 1.09665961E+00 1.09355110E+00 1.09020471E+00 1.08703686E+00 1.08366525E+00 1.08050462E+00 1.07716904E+00 1.07406744E+00 1.07082374E+00 1.06783148E+00 1.06471920E+00 1.06186434E+00 1.05891163E+00 1.05621837E+00 1.05344605E+00 1.05092750E+00 1.04834561E+00 1.04600880E+00 1.04362074E+00 1.04146564E+00 1.03927024E+00 1.03714100E+00 1.03497474E+00 1.03277083E+00 1.03052997E+00 1.02825375E+00 1.02594059E+00 1.02358996E+00 1.02120366E+00 1.01878791E+00 1.01633715E+00 1.01383910E+00 1.01130537E+00 1.00883164E+00 1.00644674E+00 1.00360572E+00 1.00000000E+00
1.13159020E+00 1.13160330E+00 1.13161226E+00 1.13161468E+00 1.13161311E+00 1.13161070E+00 1.13160882E+00 1.13160820E+00 1.13160804E+00 1.13160766E+00 1.13160700E+00 1.13160621E+00 1.13160553E+00 1.13160512E+00 1.13160495E+00 1.13160494E+00 1.13160508E+00 1.13160537E+00 1.13160584E+00 1.13160651E+00 1.13160737E+00 1.13160844E+00 1.13160974E+00 1.13161127E+00 1.13161305E+00 1.13161511E+00 1.13161747E+00 1.13162016E+00 1.13162319E+00 1.13162661E+00 1.13163044E+00 1.13163471E+00 1.13163945E+00 1.13164469E+00 1.13165046E+00 1.13165678E+00 1.13166368E+00 1.13167117E+00 1.13167926E+00 1.13168795E+00 1.13169723E+00 1.13170705E+00 1.13171740E+00 1.13172817E+00 1.13173928E+00 1.13175057E+00 1.13176190E+00 1.13177300E+00 1.13178366E+00 1.13179344E+00 1.13180202E+00 1.13180873E+00 1.13181308E+00 1.13181425E+00 1.13181151E+00 1.13180355E+00 1.13178945E+00 1.13176745E+00 1.13173625E+00 1.13169353E+00 1.13163761E+00 1.13156534E+00 1.13147452E+00 1.13136128E+00 1.13122268E+00 1.13105347E+00 1.13085018E+00 1.13060620E+00 1.13031700E+00 1.12997457E+00 1.12957336E+00 1.12910349E+00 1.12855818E+00 1.12792552E+00 1.12719765E+00 1.12636000E+00 1.12540351E+00 1.12431086E+00 1.12307107E+00 1.12166601E+00 1.12008257E+00 1.11829766E+00 1.11629789E+00 1.11405924E+00 1.11156520E+00 1.10881293E+00 1.10576578E+00 1.10272626E+00 1.09940935E+00 1.09622397E+00 1.09279281E+00 1.08954302E+00 1.08608208E+00 1.08283614E+00 1.07940905E+00 1.07622128E+00 1.07288661E+00 1.06980949E+00 1.06660798E+00 1.06367042E+00 1.06063176E+00 1.05785982E+00 1.05500576E+00 1.05241245E+00 1.04975339E+00 1.04734639E+00 1.04488660E+00 1.04266670E+00 1.04040497E+00 1.03821114E+00 1.03597878E+00 1.03370750E+00 1.03139833E+00 1.02905270E+00 1.02666857E+00 1.02424572E+00 1.02178644E+00 1.01929677E+00 1.01677060E+00 1.01419665E+00 1.01158759E+00 1.00903817E+00 1.00657940E+00 1.00366996E+00 1.00000000E+00
1.13443245E+00 1.13442902E+00 1.13442610E+00 1.13442346E+00 1.13442052E+00 1.13441712E+00 1.13441357E+00 1.13441024E+00 1.13440728E+00 1.13440476E+00 1.13440260E+00 1.13440076E+00 1.13439924E+00 1.13439807E+00 1.13439723E+00 1.13439673E+00 1.13439655E+00 1.13439667E+00 1.13439711E+00 1.13439786E+00 1.13439892E+00 1.13440030E+00 1.13440202E+00 1.13440408E+00 1.13440652E+00 1.13440934E+00 1.13441258E+00 1.13441627E+00 1.13442044E+00 1.13442513E+00 1.13443037E+00 1.13443620E+00 1.13444266E+00 1.13444979E+00 1.13445762E+00 1.13446621E+00 1.13447557E+00 1.13448573E+00 1.13449672E+00 1.13450854E+00 1.13452120E+00 1.13453466E+00 1.13454890E+00 1.13456383E+00 1.13457938E+00 1.13459540E+00 1.13461173E+00 1.13462811E+00 1.13464432E+00 1.13465992E+00 1.13467456E+00 1.13468755E+00 1.13469837E+00 1.13470620E+00 1.13471024E+00 1.13470910E+00 1.13470182E+00 1.13468654E+00 1.13466190E+00 1.13462548E+00 1.13457548E+00 1.13450860E+00 1.13442255E+00 1.13431326E+00 1.13417764E+00 1.13401018E+00 1.13380724E+00 1.13356191E+00 1.13326949E+00 1.13292164E+00 1.13251256E+00 1.13203201E+00 1.13147299E+00 1.13082323E+00 1.13007453E+00 1.12921190E+00 1.12822599E+00 1.12709909E+00 1.12582007E+00 1.12437037E+00 1.12273641E+00 1.12089468E+00 1.11883181E+00 1.11652340E+00 1.11395261E+00 1.11111711E+00 1.10797964E+00 1.10485219E+00 1.10144099E+00 1.09816691E+00 1.09464251E+00 1.09130651E+00 1.08775545E+00 1.08442670E+00 1.08091394E+00 1.07764821E+00 1.07423363E+00 1.07108413E+00 1.06780861E+00 1.06480432E+00 1.06169797E+00 1.05886552E+00 1.05594998E+00 1.05330167E+00 1.05058696E+00 1.04813037E+00 1.04562082E+00 1.04335675E+00 1.04105057E+00 1.03881419E+00 1.03653900E+00 1.03422484E+00 1.03187296E+00 1.02948468E+00 1.02705772E+00 1.02459215E+00 1.02209056E+00 1.01955889E+00 1.01699081E+00 1.01437571E+00 1.01172679E+00 1.00913829E+00 1.00664261E+00 1.00370010E+00 1.00000000E+00
1.13694599E+00 1.13694053E+00 1.13693430E+00 1.13692718E+00 1.13691925E+00 1.13691100E+00 1.13690287E+00 1.13689530E+00 1.13688831E+00 1.13688196E+00 1.13687625E+00 1.13687121E+00 1.13686686E+00 1.13686322E+00 1.13686027E+00 1.13685798E+00 1.13685634E+00 1.13685533E+00 1.13685492E+00 1.13685511E+00 1.13685588E+00 1.13685722E+00 1.13685912E+00 1.13686159E+00 1.13686463E+00 1.13686826E+00 1.13687249E+00 1.13687735E+00 1.13688286E+00 1.13688904E+00 1.13689593E+00 1.13690356E+00 1.13691197E+00 1.13692120E+00 1.13693127E+00 1.13694223E+00 1.13695409E+00 1.13696689E+00 1.13698063E+00 1.13699531E+00 1.13701095E+00 1.13702749E+00 1.13704488E+00 1.13706301E+00 1.13708181E+00 1.13710111E+00 1.13712070E+00 1.13714033E+00 1.13715972E+00 1.13717838E+00 1.13719591E+00 1.13721157E+00 1.13722480E+00 1.13723470E+00 1.13724040E+00 1.13724040E+00 1.13723369E+00 1.13721824E+00 1.13719265E+00 1.13715434E+00 1.13710143E+00 1.13703044E+00 1.13693895E+00 1.13682274E+00 1.13667856E+00 1.13650068E+00 1.13628534E+00 1.13602540E+00 1.13571601E+00 1.13534863E+00 1.13491726E+00 1.13441146E+00 1.13382408E+00 1.13314266E+00 1.13235883E+00 1.13145735E+00 1.13042877E+00 1.12925521E+00 1.12792556E+00 1.12642115E+00 1.12472811E+00 1.12282286E+00 1.12069221E+00 1.11831176E+00 1.11566455E+00 1.11274910E+00 1.10952768E+00 1.10632097E+00 1.10282718E+00 1.09947754E+00 1.09587556E+00 1.09246948E+00 1.08884672E+00 1.08545344E+00 1.08187520E+00 1.07855094E+00 1.07507738E+00 1.07187534E+00 1.06854690E+00 1.06549563E+00 1.06234232E+00 1.05946845E+00 1.05651137E+00 1.05382634E+00 1.05107493E+00 1.04858602E+00 1.04604441E+00 1.04375220E+00 1.04141797E+00 1.03915501E+00 1.03685334E+00 1.03451294E+00 1.03213523E+00 1.02972146E+00 1.02726916E+00 1.02477862E+00 1.02225266E+00 1.01969712E+00 1.01710554E+00 1.01446777E+00 1.01179729E+00 1.00918804E+00 1.00667326E+00 1.00371434E+00 1.00000000E+00
1.13917666E+00 1.13916723E+00 1.13915535E+00 1.13914204E+00 1.13912777E+00 1.13911346E+00 1.13909949E+00 1.13908623E+00 1.13907373E+00 1.13906212E+00 1.13905147E+00 1.13904187E+00 1.13903335E+00 1.13902592E+00 1.13901957E+00 1.13901427E+00 1.13900999E+00 1.13900671E+00 1.13900438E+00 1.13900297E+00 1.13900247E+00 1.13900281E+00 1.13900400E+00 1.13900600E+00 1.13900880E+00 1.13901240E+00 1.13901678E+00 1.13902196E+00 1.13902794E+00 1.13903473E+00 1.13904233E+00 1.13905076E+00 1.13906005E+00 1.13907022E+00 1.13908127E+00 1.13909323E+00 1.13910609E+00 1.13911988E+00 1.13913458E+00 1.13915017E+00 1.13916664E+00 1.13918389E+00 1.13920186E+00 1.13922041E+00 1.13923944E+00 1.13925873E+00 1.13927805E+00 1.13929709E+00 1.13931555E+00 1.13933287E+00 1.13934860E+00 1.13936191E+00 1.13937222E+00 1.13937855E+00 1.13937998E+00 1.13937487E+00 1.13936215E+00 1.13933972E+00 1.13930608E+00 1.13925857E+00 1.13919519E+00 1.13911234E+00 1.13900754E+00 1.13887640E+00 1.13871561E+00 1.13851927E+00 1.13828355E+00 1.13800118E+00 1.13766722E+00 1.13727301E+00 1.13681245E+00 1.13627498E+00 1.13565342E+00 1.13493524E+00 1.13411195E+00 1.13316824E+00 1.13209464E+00 1.13087326E+00 1.12949307E+00 1.12793541E+00 1.12618629E+00 1.12422216E+00 1.12203009E+00 1.11958579E+00 1.11687229E+00 1.11388893E+00 1.11059763E+00 1.10732622E+00 1.10376624E+00 1.10035705E+00 1.09669495E+00 1.09323538E+00 1.08955864E+00 1.08611749E+00 1.08249131E+00 1.07912475E+00 1.07560908E+00 1.07236996E+00 1.06900459E+00 1.06592090E+00 1.06273555E+00 1.05983371E+00 1.05684884E+00 1.05413949E+00 1.05136399E+00 1.04885405E+00 1.04629180E+00 1.04398162E+00 1.04162963E+00 1.03934998E+00 1.03703181E+00 1.03467521E+00 1.03228173E+00 1.02985255E+00 1.02738508E+00 1.02487975E+00 1.02233955E+00 1.01977024E+00 1.01716528E+00 1.01451483E+00 1.01183258E+00 1.00921218E+00 1.00668750E+00 1.00372062E+00 1.00000000E+00
