   1.12708131E+00   1.12708131E+00   1.12708133E+00   1.12708137E+00   1.12708142E+00   1.12708150E+00   1.12708159E+00   1.12708171E+00   1.12708185E+00   1.12708203E+00   1.12708224E+00   1.12708249E+00   1.12708279E+00   1.12708314E+00   1.12708355E+00   1.12708403E+00   1.12708459E+00   1.12708525E+00   1.12708600E+00   1.12708687E+00   1.12708786E+00   1.12708901E+00   1.12709031E+00   1.12709179E+00   1.12709347E+00   1.12709537E+00   1.12709751E+00   1.12709991E+00   1.12710260E+00   1.12710560E+00   1.12710892E+00   1.12711260E+00   1.12711666E+00   1.12712110E+00   1.12712596E+00   1.12713125E+00   1.12713697E+00   1.12714312E+00   1.12714969E+00   1.12715668E+00   1.12716403E+00   1.12717168E+00   1.12717958E+00   1.12718763E+00   1.12719571E+00   1.12720361E+00   1.12721118E+00   1.12721812E+00   1.12722418E+00   1.12722885E+00   1.12723178E+00   1.12723231E+00   1.12722991E+00   1.12722360E+00   1.12721270E+00   1.12719588E+00   1.12717214E+00   1.12713969E+00   1.12709718E+00   1.12704220E+00   1.12697310E+00   1.12688688E+00   1.12678122E+00   1.12665165E+00   1.12649541E+00   1.12630795E+00   1.12608541E+00   1.12582081E+00   1.12551014E+00   1.12514523E+00   1.12472042E+00   1.12422587E+00   1.12365510E+00   1.12299561E+00   1.12223957E+00   1.12137275E+00   1.12038642E+00   1.11926314E+00   1.11799148E+00   1.11655213E+00   1.11493514E+00   1.11311769E+00   1.11108391E+00   1.10880998E+00   1.10628311E+00   1.10349922E+00   1.10042118E+00   1.09726680E+00   1.09382320E+00   1.09036664E+00   1.08662909E+00   1.08292668E+00   1.07896718E+00   1.07507603E+00   1.07095299E+00   1.06693146E+00   1.06269685E+00   1.05861596E+00   1.05435114E+00   1.05023858E+00   1.04597001E+00   1.04194303E+00   1.03780912E+00   1.03369326E+00   1.02946461E+00   1.02512026E+00   1.02070778E+00   1.01669693E+00   1.01302221E+00   1.00774671E+00   1.00000000E+00
   1.12020772E+00   1.12020772E+00   1.12020774E+00   1.12020777E+00   1.12020782E+00   1.12020788E+00   1.12020796E+00   1.12020806E+00   1.12020819E+00   1.12020834E+00   1.12020852E+00   1.12020874E+00   1.12020900E+00   1.12020931E+00   1.12020967E+00   1.12021010E+00   1.12021060E+00   1.12021118E+00   1.12021185E+00   1.12021263E+00   1.12021352E+00   1.12021455E+00   1.12021572E+00   1.12021706E+00   1.12021859E+00   1.12022031E+00   1.12022226E+00   1.12022446E+00   1.12022692E+00   1.12022966E+00   1.12023272E+00   1.12023611E+00   1.12023986E+00   1.12024398E+00   1.12024849E+00   1.12025342E+00   1.12025877E+00   1.12026453E+00   1.12027070E+00   1.12027728E+00   1.12028424E+00   1.12029151E+00   1.12029904E+00   1.12030677E+00   1.12031458E+00   1.12032227E+00   1.12032972E+00   1.12033666E+00   1.12034285E+00   1.12034784E+00   1.12035129E+00   1.12035261E+00   1.12035131E+00   1.12034647E+00   1.12033746E+00   1.12032306E+00   1.12030233E+00   1.12027358E+00   1.12023556E+00   1.12018601E+00   1.12012337E+00   1.12004480E+00   1.11994815E+00   1.11982916E+00   1.11968522E+00   1.11951202E+00   1.11930587E+00   1.11906017E+00   1.11877104E+00   1.11843072E+00   1.11803380E+00   1.11757083E+00   1.11703561E+00   1.11641614E+00   1.11570489E+00   1.11488817E+00   1.11395757E+00   1.11289627E+00   1.11169321E+00   1.11032974E+00   1.10879624E+00   1.10707067E+00   1.10513761E+00   1.10297396E+00   1.10056734E+00   1.09791347E+00   1.09497674E+00   1.09196479E+00   1.08867437E+00   1.08536947E+00   1.08179421E+00   1.07825133E+00   1.07446107E+00   1.07073482E+00   1.06678580E+00   1.06293446E+00   1.05887911E+00   1.05497061E+00   1.05088711E+00   1.04695304E+00   1.04287256E+00   1.03902532E+00   1.03508380E+00   1.03117432E+00   1.02716855E+00   1.02306824E+00   1.01892535E+00   1.01520479E+00   1.01187087E+00   1.00709568E+00   1.00000000E+00
   1.11484804E+00   1.11484805E+00   1.11484806E+00   1.11484809E+00   1.11484813E+00   1.11484818E+00   1.11484826E+00   1.11484835E+00   1.11484846E+00   1.11484859E+00   1.11484876E+00   1.11484895E+00   1.11484919E+00   1.11484947E+00   1.11484980E+00   1.11485018E+00   1.11485064E+00   1.11485117E+00   1.11485178E+00   1.11485249E+00   1.11485332E+00   1.11485426E+00   1.11485534E+00   1.11485658E+00   1.11485799E+00   1.11485959E+00   1.11486140E+00   1.11486345E+00   1.11486574E+00   1.11486830E+00   1.11487116E+00   1.11487434E+00   1.11487786E+00   1.11488173E+00   1.11488598E+00   1.11489063E+00   1.11489569E+00   1.11490114E+00   1.11490700E+00   1.11491327E+00   1.11491990E+00   1.11492686E+00   1.11493409E+00   1.11494153E+00   1.11494908E+00   1.11495656E+00   1.11496385E+00   1.11497071E+00   1.11497690E+00   1.11498201E+00   1.11498573E+00   1.11498750E+00   1.11498686E+00   1.11498294E+00   1.11497514E+00   1.11496232E+00   1.11494357E+00   1.11491731E+00   1.11488234E+00   1.11483650E+00   1.11477831E+00   1.11470507E+00   1.11461471E+00   1.11450316E+00   1.11436791E+00   1.11420483E+00   1.11401038E+00   1.11377821E+00   1.11350459E+00   1.11318203E+00   1.11280533E+00   1.11236536E+00   1.11185611E+00   1.11126599E+00   1.11058771E+00   1.10980801E+00   1.10891873E+00   1.10790354E+00   1.10675171E+00   1.10544510E+00   1.10397440E+00   1.10231818E+00   1.10046143E+00   1.09838166E+00   1.09606684E+00   1.09351261E+00   1.09068458E+00   1.08778262E+00   1.08461091E+00   1.08142399E+00   1.07797540E+00   1.07455740E+00   1.07090006E+00   1.06730378E+00   1.06349233E+00   1.05977582E+00   1.05586288E+00   1.05209168E+00   1.04815282E+00   1.04436123E+00   1.04043114E+00   1.03672793E+00   1.03293999E+00   1.02919459E+00   1.02536562E+00   1.02145726E+00   1.01752507E+00   1.01403435E+00   1.01097031E+00   1.00658683E+00   1.00000000E+00
   1.11051271E+00   1.11051271E+00   1.11051273E+00   1.11051275E+00   1.11051279E+00   1.11051284E+00   1.11051290E+00   1.11051299E+00   1.11051309E+00   1.11051321E+00   1.11051336E+00   1.11051354E+00   1.11051376E+00   1.11051402E+00   1.11051432E+00   1.11051468E+00   1.11051510E+00   1.11051559E+00   1.11051616E+00   1.11051683E+00   1.11051759E+00   1.11051848E+00   1.11051949E+00   1.11052065E+00   1.11052198E+00   1.11052348E+00   1.11052519E+00   1.11052711E+00   1.11052928E+00   1.11053170E+00   1.11053440E+00   1.11053742E+00   1.11054076E+00   1.11054444E+00   1.11054848E+00   1.11055291E+00   1.11055773E+00   1.11056295E+00   1.11056855E+00   1.11057456E+00   1.11058093E+00   1.11058762E+00   1.11059459E+00   1.11060178E+00   1.11060909E+00   1.11061637E+00   1.11062348E+00   1.11063021E+00   1.11063634E+00   1.11064147E+00   1.11064531E+00   1.11064733E+00   1.11064708E+00   1.11064374E+00   1.11063673E+00   1.11062496E+00   1.11060757E+00   1.11058303E+00   1.11055020E+00   1.11050698E+00   1.11045197E+00   1.11038256E+00   1.11029674E+00   1.11019060E+00   1.11006171E+00   1.10990607E+00   1.10972027E+00   1.10949813E+00   1.10923606E+00   1.10892680E+00   1.10856529E+00   1.10814264E+00   1.10765305E+00   1.10708522E+00   1.10643206E+00   1.10568067E+00   1.10482310E+00   1.10384343E+00   1.10273119E+00   1.10146870E+00   1.10004689E+00   1.09844486E+00   1.09664795E+00   1.09463422E+00   1.09239193E+00   1.08991674E+00   1.08717528E+00   1.08436124E+00   1.08128479E+00   1.07819287E+00   1.07484663E+00   1.07152982E+00   1.06798054E+00   1.06449031E+00   1.06079140E+00   1.05718545E+00   1.05338954E+00   1.04973142E+00   1.04591179E+00   1.04223774E+00   1.03843197E+00   1.03484795E+00   1.03118652E+00   1.02757585E+00   1.02389170E+00   1.02013919E+00   1.01637704E+00   1.01307443E+00   1.01023238E+00   1.00616998E+00   1.00000000E+00
   1.10863871E+00   1.10863871E+00   1.10863872E+00   1.10863875E+00   1.10863878E+00   1.10863883E+00   1.10863889E+00   1.10863897E+00   1.10863907E+00   1.10863919E+00   1.10863933E+00   1.10863951E+00   1.10863972E+00   1.10863997E+00   1.10864026E+00   1.10864061E+00   1.10864101E+00   1.10864149E+00   1.10864205E+00   1.10864269E+00   1.10864343E+00   1.10864429E+00   1.10864528E+00   1.10864641E+00   1.10864770E+00   1.10864916E+00   1.10865082E+00   1.10865270E+00   1.10865481E+00   1.10865718E+00   1.10865982E+00   1.10866276E+00   1.10866603E+00   1.10866963E+00   1.10867358E+00   1.10867792E+00   1.10868264E+00   1.10868775E+00   1.10869324E+00   1.10869914E+00   1.10870539E+00   1.10871196E+00   1.10871881E+00   1.10872589E+00   1.10873309E+00   1.10874027E+00   1.10874729E+00   1.10875395E+00   1.10876003E+00   1.10876515E+00   1.10876901E+00   1.10877109E+00   1.10877097E+00   1.10876782E+00   1.10876110E+00   1.10874972E+00   1.10873284E+00   1.10870895E+00   1.10867693E+00   1.10863472E+00   1.10858095E+00   1.10851304E+00   1.10842901E+00   1.10832501E+00   1.10819865E+00   1.10804598E+00   1.10786365E+00   1.10764555E+00   1.10738815E+00   1.10708427E+00   1.10672893E+00   1.10631335E+00   1.10583179E+00   1.10527311E+00   1.10463028E+00   1.10389058E+00   1.10304612E+00   1.10208119E+00   1.10098543E+00   1.09974135E+00   1.09834000E+00   1.09676072E+00   1.09498901E+00   1.09300317E+00   1.09079162E+00   1.08835002E+00   1.08564546E+00   1.08286904E+00   1.07983344E+00   1.07678240E+00   1.07348031E+00   1.07020726E+00   1.06670482E+00   1.06326069E+00   1.05961080E+00   1.05605310E+00   1.05230836E+00   1.04869974E+00   1.04493232E+00   1.04130978E+00   1.03755859E+00   1.03402690E+00   1.03042077E+00   1.02686887E+00   1.02324775E+00   1.01956253E+00   1.01587344E+00   1.01265273E+00   1.00990803E+00   1.00598672E+00   1.00000000E+00
   1.12759552E+00   1.12759553E+00   1.12759555E+00   1.12759559E+00   1.12759564E+00   1.12759572E+00   1.12759581E+00   1.12759593E+00   1.12759608E+00   1.12759626E+00   1.12759647E+00   1.12759673E+00   1.12759703E+00   1.12759739E+00   1.12759780E+00   1.12759829E+00   1.12759886E+00   1.12759952E+00   1.12760028E+00   1.12760116E+00   1.12760217E+00   1.12760332E+00   1.12760463E+00   1.12760613E+00   1.12760783E+00   1.12760974E+00   1.12761190E+00   1.12761432E+00   1.12761702E+00   1.12762004E+00   1.12762338E+00   1.12762708E+00   1.12763116E+00   1.12763562E+00   1.12764050E+00   1.12764580E+00   1.12765154E+00   1.12765770E+00   1.12766427E+00   1.12767126E+00   1.12767860E+00   1.12768623E+00   1.12769410E+00   1.12770211E+00   1.12771013E+00   1.12771796E+00   1.12772542E+00   1.12773223E+00   1.12773811E+00   1.12774258E+00   1.12774526E+00   1.12774549E+00   1.12774273E+00   1.12773599E+00   1.12772458E+00   1.12770717E+00   1.12768274E+00   1.12764947E+00   1.12760603E+00   1.12755000E+00   1.12747970E+00   1.12739205E+00   1.12728476E+00   1.12715339E+00   1.12699518E+00   1.12680546E+00   1.12658035E+00   1.12631293E+00   1.12599911E+00   1.12563070E+00   1.12520203E+00   1.12470325E+00   1.12412783E+00   1.12346330E+00   1.12270184E+00   1.12182926E+00   1.12083667E+00   1.11970655E+00   1.11842772E+00   1.11698120E+00   1.11535665E+00   1.11353086E+00   1.11148816E+00   1.10920528E+00   1.10666940E+00   1.10387646E+00   1.10078891E+00   1.09762499E+00   1.09417162E+00   1.09070701E+00   1.08696179E+00   1.08325214E+00   1.07928470E+00   1.07538566E+00   1.07125421E+00   1.06722597E+00   1.06298430E+00   1.05889334E+00   1.05461758E+00   1.05049999E+00   1.04622788E+00   1.04219055E+00   1.03803592E+00   1.03389532E+00   1.02964576E+00   1.02528693E+00   1.02086040E+00   1.01678688E+00   1.01299968E+00   1.00768000E+00   1.00000000E+00
   1.12155156E+00   1.12155156E+00   1.12155158E+00   1.12155161E+00   1.12155166E+00   1.12155172E+00   1.12155181E+00   1.12155191E+00   1.12155204E+00   1.12155220E+00   1.12155239E+00   1.12155262E+00   1.12155288E+00   1.12155320E+00   1.12155358E+00   1.12155401E+00   1.12155452E+00   1.12155512E+00   1.12155581E+00   1.12155661E+00   1.12155752E+00   1.12155857E+00   1.12155977E+00   1.12156114E+00   1.12156270E+00   1.12156446E+00   1.12156645E+00   1.12156868E+00   1.12157118E+00   1.12157398E+00   1.12157708E+00   1.12158053E+00   1.12158433E+00   1.12158851E+00   1.12159308E+00   1.12159806E+00   1.12160347E+00   1.12160928E+00   1.12161551E+00   1.12162214E+00   1.12162913E+00   1.12163643E+00   1.12164399E+00   1.12165172E+00   1.12165951E+00   1.12166716E+00   1.12167453E+00   1.12168135E+00   1.12168738E+00   1.12169214E+00   1.12169532E+00   1.12169628E+00   1.12169452E+00   1.12168913E+00   1.12167945E+00   1.12166423E+00   1.12164252E+00   1.12161260E+00   1.12157322E+00   1.12152208E+00   1.12145760E+00   1.12137685E+00   1.12127765E+00   1.12115579E+00   1.12100862E+00   1.12083169E+00   1.12062129E+00   1.12037079E+00   1.12007628E+00   1.11972988E+00   1.11932617E+00   1.11885563E+00   1.11831200E+00   1.11768324E+00   1.11696179E+00   1.11613395E+00   1.11519110E+00   1.11411629E+00   1.11289866E+00   1.11151978E+00   1.10996965E+00   1.10822573E+00   1.10627277E+00   1.10408811E+00   1.10165929E+00   1.09898208E+00   1.09602029E+00   1.09298308E+00   1.08966597E+00   1.08633627E+00   1.08273538E+00   1.07916752E+00   1.07535049E+00   1.07159803E+00   1.06762130E+00   1.06374428E+00   1.05966188E+00   1.05572430E+00   1.05161013E+00   1.04765149E+00   1.04354650E+00   1.03966856E+00   1.03568495E+00   1.03172824E+00   1.02767713E+00   1.02353554E+00   1.01934885E+00   1.01553135E+00   1.01203589E+00   1.00713321E+00   1.00000000E+00
   1.11687017E+00   1.11687017E+00   1.11687019E+00   1.11687022E+00   1.11687026E+00   1.11687032E+00   1.11687040E+00   1.11687049E+00   1.11687061E+00   1.11687075E+00   1.11687092E+00   1.11687113E+00   1.11687137E+00   1.11687167E+00   1.11687201E+00   1.11687241E+00   1.11687288E+00   1.11687343E+00   1.11687407E+00   1.11687481E+00   1.11687566E+00   1.11687664E+00   1.11687776E+00   1.11687904E+00   1.11688049E+00   1.11688214E+00   1.11688400E+00   1.11688610E+00   1.11688845E+00   1.11689109E+00   1.11689401E+00   1.11689727E+00   1.11690087E+00   1.11690483E+00   1.11690917E+00   1.11691391E+00   1.11691905E+00   1.11692460E+00   1.11693055E+00   1.11693690E+00   1.11694362E+00   1.11695064E+00   1.11695793E+00   1.11696542E+00   1.11697298E+00   1.11698045E+00   1.11698769E+00   1.11699445E+00   1.11700049E+00   1.11700538E+00   1.11700881E+00   1.11701018E+00   1.11700903E+00   1.11700448E+00   1.11699589E+00   1.11698210E+00   1.11696218E+00   1.11693449E+00   1.11689784E+00   1.11685002E+00   1.11678952E+00   1.11671353E+00   1.11661995E+00   1.11650473E+00   1.11636529E+00   1.11619737E+00   1.11599738E+00   1.11575891E+00   1.11547819E+00   1.11514757E+00   1.11476180E+00   1.11431167E+00   1.11379107E+00   1.11318833E+00   1.11249610E+00   1.11170105E+00   1.11079478E+00   1.10976079E+00   1.10858849E+00   1.10725992E+00   1.10576532E+00   1.10408272E+00   1.10219721E+00   1.10008669E+00   1.09773899E+00   1.09514982E+00   1.09228405E+00   1.08934400E+00   1.08613179E+00   1.08290633E+00   1.07941735E+00   1.07595980E+00   1.07226019E+00   1.06862262E+00   1.06476752E+00   1.06100970E+00   1.05705321E+00   1.05323726E+00   1.04925147E+00   1.04541922E+00   1.04144745E+00   1.03769693E+00   1.03384947E+00   1.03003848E+00   1.02614455E+00   1.02217389E+00   1.01817446E+00   1.01455832E+00   1.01129163E+00   1.00671167E+00   1.00000000E+00
   1.11309150E+00   1.11309151E+00   1.11309152E+00   1.11309155E+00   1.11309159E+00   1.11309164E+00   1.11309171E+00   1.11309180E+00   1.11309191E+00   1.11309204E+00   1.11309220E+00   1.11309239E+00   1.11309262E+00   1.11309289E+00   1.11309321E+00   1.11309359E+00   1.11309403E+00   1.11309455E+00   1.11309515E+00   1.11309584E+00   1.11309664E+00   1.11309757E+00   1.11309862E+00   1.11309983E+00   1.11310121E+00   1.11310278E+00   1.11310454E+00   1.11310654E+00   1.11310878E+00   1.11311128E+00   1.11311408E+00   1.11311719E+00   1.11312063E+00   1.11312441E+00   1.11312857E+00   1.11313311E+00   1.11313805E+00   1.11314339E+00   1.11314911E+00   1.11315524E+00   1.11316172E+00   1.11316851E+00   1.11317557E+00   1.11318283E+00   1.11319020E+00   1.11319749E+00   1.11320458E+00   1.11321123E+00   1.11321722E+00   1.11322214E+00   1.11322568E+00   1.11322728E+00   1.11322649E+00   1.11322245E+00   1.11321459E+00   1.11320174E+00   1.11318303E+00   1.11315689E+00   1.11312213E+00   1.11307666E+00   1.11301898E+00   1.11294640E+00   1.11285686E+00   1.11274643E+00   1.11261263E+00   1.11245131E+00   1.11225897E+00   1.11202939E+00   1.11175888E+00   1.11144001E+00   1.11106766E+00   1.11063284E+00   1.11012959E+00   1.10954652E+00   1.10887645E+00   1.10810637E+00   1.10722806E+00   1.10622539E+00   1.10508797E+00   1.10379826E+00   1.10234673E+00   1.10071187E+00   1.09887907E+00   1.09682672E+00   1.09454290E+00   1.09202335E+00   1.08923382E+00   1.08637123E+00   1.08324296E+00   1.08010124E+00   1.07670248E+00   1.07333414E+00   1.06972984E+00   1.06618585E+00   1.06243014E+00   1.05876994E+00   1.05491685E+00   1.05120105E+00   1.04732107E+00   1.04359311E+00   1.03973152E+00   1.03608657E+00   1.03235139E+00   1.02866020E+00   1.02489539E+00   1.02106429E+00   1.01721673E+00   1.01376541E+00   1.01068625E+00   1.00636923E+00   1.00000000E+00
   1.11145766E+00   1.11145766E+00   1.11145768E+00   1.11145770E+00   1.11145774E+00   1.11145779E+00   1.11145786E+00   1.11145794E+00   1.11145805E+00   1.11145818E+00   1.11145833E+00   1.11145852E+00   1.11145874E+00   1.11145900E+00   1.11145931E+00   1.11145968E+00   1.11146011E+00   1.11146061E+00   1.11146120E+00   1.11146187E+00   1.11146265E+00   1.11146356E+00   1.11146459E+00   1.11146577E+00   1.11146711E+00   1.11146864E+00   1.11147037E+00   1.11147232E+00   1.11147452E+00   1.11147697E+00   1.11147971E+00   1.11148275E+00   1.11148613E+00   1.11148984E+00   1.11149392E+00   1.11149838E+00   1.11150323E+00   1.11150847E+00   1.11151410E+00   1.11152012E+00   1.11152650E+00   1.11153319E+00   1.11154015E+00   1.11154731E+00   1.11155458E+00   1.11156178E+00   1.11156879E+00   1.11157538E+00   1.11158134E+00   1.11158624E+00   1.11158980E+00   1.11159146E+00   1.11159078E+00   1.11158693E+00   1.11157931E+00   1.11156681E+00   1.11154856E+00   1.11152299E+00   1.11148896E+00   1.11144439E+00   1.11138781E+00   1.11131655E+00   1.11122859E+00   1.11112006E+00   1.11098850E+00   1.11082980E+00   1.11064052E+00   1.11041450E+00   1.11014811E+00   1.10983399E+00   1.10946708E+00   1.10903848E+00   1.10854232E+00   1.10796730E+00   1.10730633E+00   1.10654652E+00   1.10567976E+00   1.10469005E+00   1.10356713E+00   1.10229362E+00   1.10086008E+00   1.09924523E+00   1.09743461E+00   1.09540679E+00   1.09315002E+00   1.09066003E+00   1.08790299E+00   1.08507351E+00   1.08198124E+00   1.07887553E+00   1.07551569E+00   1.07218595E+00   1.06862298E+00   1.06511969E+00   1.06140730E+00   1.05778974E+00   1.05398190E+00   1.05030999E+00   1.04647641E+00   1.04279423E+00   1.03898110E+00   1.03538261E+00   1.03169663E+00   1.02805784E+00   1.02434949E+00   1.02057908E+00   1.01679725E+00   1.01341792E+00   1.01042104E+00   1.00621931E+00   1.00000000E+00
   1.12810840E+00   1.12810841E+00   1.12810843E+00   1.12810847E+00   1.12810852E+00   1.12810860E+00   1.12810870E+00   1.12810882E+00   1.12810897E+00   1.12810915E+00   1.12810937E+00   1.12810963E+00   1.12810993E+00   1.12811029E+00   1.12811072E+00   1.12811121E+00   1.12811179E+00   1.12811245E+00   1.12811322E+00   1.12811411E+00   1.12811513E+00   1.12811630E+00   1.12811762E+00   1.12811913E+00   1.12812084E+00   1.12812277E+00   1.12812495E+00   1.12812738E+00   1.12813011E+00   1.12813314E+00   1.12813650E+00   1.12814022E+00   1.12814431E+00   1.12814880E+00   1.12815369E+00   1.12815901E+00   1.12816476E+00   1.12817092E+00   1.12817750E+00   1.12818448E+00   1.12819181E+00   1.12819942E+00   1.12820725E+00   1.12821521E+00   1.12822316E+00   1.12823090E+00   1.12823825E+00   1.12824491E+00   1.12825061E+00   1.12825485E+00   1.12825727E+00   1.12825717E+00   1.12825403E+00   1.12824684E+00   1.12823491E+00   1.12821687E+00   1.12819170E+00   1.12815759E+00   1.12811318E+00   1.12805605E+00   1.12798449E+00   1.12789537E+00   1.12778640E+00   1.12765319E+00   1.12749295E+00   1.12730089E+00   1.12707315E+00   1.12680284E+00   1.12648583E+00   1.12611384E+00   1.12568126E+00   1.12517819E+00   1.12459809E+00   1.12392850E+00   1.12316160E+00   1.12228323E+00   1.12128436E+00   1.12014752E+00   1.11886168E+00   1.11740804E+00   1.11577594E+00   1.11394195E+00   1.11189066E+00   1.10959923E+00   1.10705463E+00   1.10425289E+00   1.10115628E+00   1.09798355E+00   1.09452125E+00   1.09104923E+00   1.08729685E+00   1.08358037E+00   1.07960554E+00   1.07569950E+00   1.07156054E+00   1.06752595E+00   1.06327751E+00   1.05917775E+00   1.05489251E+00   1.05076940E+00   1.04649124E+00   1.04244063E+00   1.03826538E+00   1.03410409E+00   1.02983626E+00   1.02546100E+00   1.02101235E+00   1.01686458E+00   1.01296429E+00   1.00761003E+00   1.00000000E+00
   1.12289842E+00   1.12289843E+00   1.12289845E+00   1.12289848E+00   1.12289853E+00   1.12289860E+00   1.12289868E+00   1.12289879E+00   1.12289893E+00   1.12289909E+00   1.12289928E+00   1.12289952E+00   1.12289980E+00   1.12290012E+00   1.12290051E+00   1.12290096E+00   1.12290148E+00   1.12290209E+00   1.12290280E+00   1.12290362E+00   1.12290455E+00   1.12290563E+00   1.12290686E+00   1.12290826E+00   1.12290985E+00   1.12291164E+00   1.12291366E+00   1.12291594E+00   1.12291849E+00   1.12292133E+00   1.12292448E+00   1.12292798E+00   1.12293183E+00   1.12293607E+00   1.12294069E+00   1.12294573E+00   1.12295119E+00   1.12295706E+00   1.12296334E+00   1.12297001E+00   1.12297704E+00   1.12298437E+00   1.12299194E+00   1.12299966E+00   1.12300741E+00   1.12301501E+00   1.12302229E+00   1.12302898E+00   1.12303482E+00   1.12303935E+00   1.12304221E+00   1.12304278E+00   1.12304055E+00   1.12303456E+00   1.12302417E+00   1.12300808E+00   1.12298534E+00   1.12295420E+00   1.12291338E+00   1.12286058E+00   1.12279417E+00   1.12271115E+00   1.12260933E+00   1.12248450E+00   1.12233398E+00   1.12215319E+00   1.12193840E+00   1.12168297E+00   1.12138293E+00   1.12103030E+00   1.12061963E+00   1.12014137E+00   1.11958917E+00   1.11895096E+00   1.11821915E+00   1.11738000E+00   1.11642473E+00   1.11533634E+00   1.11410410E+00   1.11270969E+00   1.11114272E+00   1.10938037E+00   1.10740759E+00   1.10520207E+00   1.10275108E+00   1.10005050E+00   1.09706378E+00   1.09400177E+00   1.09065854E+00   1.08730438E+00   1.08367806E+00   1.08008537E+00   1.07624184E+00   1.07246378E+00   1.06845994E+00   1.06455736E+00   1.06044795E+00   1.05648222E+00   1.05233832E+00   1.04835402E+00   1.04422155E+00   1.04030981E+00   1.03628408E+00   1.03228375E+00   1.02818894E+00   1.02400213E+00   1.01976105E+00   1.01583316E+00   1.01217717E+00   1.00716244E+00   1.00000000E+00
   1.11888435E+00   1.11888435E+00   1.11888437E+00   1.11888440E+00   1.11888445E+00   1.11888451E+00   1.11888459E+00   1.11888469E+00   1.11888481E+00   1.11888496E+00   1.11888514E+00   1.11888536E+00   1.11888561E+00   1.11888592E+00   1.11888627E+00   1.11888669E+00   1.11888718E+00   1.11888775E+00   1.11888842E+00   1.11888918E+00   1.11889006E+00   1.11889107E+00   1.11889223E+00   1.11889355E+00   1.11889505E+00   1.11889675E+00   1.11889866E+00   1.11890082E+00   1.11890323E+00   1.11890593E+00   1.11890893E+00   1.11891227E+00   1.11891594E+00   1.11891999E+00   1.11892441E+00   1.11892924E+00   1.11893448E+00   1.11894011E+00   1.11894615E+00   1.11895258E+00   1.11895937E+00   1.11896646E+00   1.11897381E+00   1.11898132E+00   1.11898889E+00   1.11899633E+00   1.11900351E+00   1.11901015E+00   1.11901602E+00   1.11902066E+00   1.11902376E+00   1.11902471E+00   1.11902301E+00   1.11901777E+00   1.11900835E+00   1.11899353E+00   1.11897237E+00   1.11894320E+00   1.11890479E+00   1.11885492E+00   1.11879200E+00   1.11871316E+00   1.11861626E+00   1.11849724E+00   1.11835350E+00   1.11818060E+00   1.11797491E+00   1.11773000E+00   1.11744199E+00   1.11710314E+00   1.11670814E+00   1.11624767E+00   1.11571555E+00   1.11510002E+00   1.11439367E+00   1.11358307E+00   1.11265965E+00   1.11160679E+00   1.11041399E+00   1.10906333E+00   1.10754465E+00   1.10583562E+00   1.10392149E+00   1.10178040E+00   1.09939991E+00   1.09677584E+00   1.09387256E+00   1.09089498E+00   1.08764290E+00   1.08437933E+00   1.08085026E+00   1.07735342E+00   1.07361194E+00   1.06993376E+00   1.06603572E+00   1.06223680E+00   1.05823691E+00   1.05437716E+00   1.05034522E+00   1.04647101E+00   1.04245444E+00   1.03865359E+00   1.03474665E+00   1.03087353E+00   1.02691547E+00   1.02287677E+00   1.01879732E+00   1.01504123E+00   1.01157518E+00   1.00682095E+00   1.00000000E+00
   1.11564725E+00   1.11564725E+00   1.11564727E+00   1.11564729E+00   1.11564734E+00   1.11564739E+00   1.11564747E+00   1.11564756E+00   1.11564768E+00   1.11564782E+00   1.11564799E+00   1.11564819E+00   1.11564843E+00   1.11564872E+00   1.11564905E+00   1.11564945E+00   1.11564992E+00   1.11565046E+00   1.11565108E+00   1.11565181E+00   1.11565265E+00   1.11565361E+00   1.11565471E+00   1.11565597E+00   1.11565740E+00   1.11565903E+00   1.11566086E+00   1.11566293E+00   1.11566524E+00   1.11566783E+00   1.11567071E+00   1.11567392E+00   1.11567746E+00   1.11568135E+00   1.11568561E+00   1.11569027E+00   1.11569533E+00   1.11570078E+00   1.11570663E+00   1.11571286E+00   1.11571945E+00   1.11572634E+00   1.11573348E+00   1.11574080E+00   1.11574820E+00   1.11575549E+00   1.11576254E+00   1.11576909E+00   1.11577492E+00   1.11577960E+00   1.11578281E+00   1.11578396E+00   1.11578258E+00   1.11577781E+00   1.11576902E+00   1.11575504E+00   1.11573494E+00   1.11570712E+00   1.11567039E+00   1.11562256E+00   1.11556212E+00   1.11548625E+00   1.11539289E+00   1.11527806E+00   1.11513923E+00   1.11497208E+00   1.11477306E+00   1.11453589E+00   1.11425678E+00   1.11392815E+00   1.11354482E+00   1.11309766E+00   1.11258062E+00   1.11198219E+00   1.11129508E+00   1.11050616E+00   1.10960701E+00   1.10858133E+00   1.10741880E+00   1.10610187E+00   1.10462054E+00   1.10295292E+00   1.10108452E+00   1.09899388E+00   1.09666881E+00   1.09410513E+00   1.09126800E+00   1.08835763E+00   1.08517841E+00   1.08198754E+00   1.07853681E+00   1.07511745E+00   1.07145877E+00   1.06786194E+00   1.06405034E+00   1.06033634E+00   1.05642644E+00   1.05265402E+00   1.04871445E+00   1.04493119E+00   1.04101063E+00   1.03730186E+00   1.03349310E+00   1.02972473E+00   1.02587932E+00   1.02196199E+00   1.01801403E+00   1.01439855E+00   1.01108785E+00   1.00654510E+00   1.00000000E+00
   1.11424603E+00   1.11424603E+00   1.11424605E+00   1.11424608E+00   1.11424612E+00   1.11424617E+00   1.11424625E+00   1.11424634E+00   1.11424645E+00   1.11424659E+00   1.11424675E+00   1.11424695E+00   1.11424718E+00   1.11424746E+00   1.11424779E+00   1.11424818E+00   1.11424863E+00   1.11424916E+00   1.11424978E+00   1.11425049E+00   1.11425131E+00   1.11425225E+00   1.11425333E+00   1.11425456E+00   1.11425597E+00   1.11425756E+00   1.11425935E+00   1.11426138E+00   1.11426366E+00   1.11426620E+00   1.11426903E+00   1.11427218E+00   1.11427566E+00   1.11427949E+00   1.11428369E+00   1.11428828E+00   1.11429326E+00   1.11429863E+00   1.11430439E+00   1.11431053E+00   1.11431703E+00   1.11432383E+00   1.11433088E+00   1.11433812E+00   1.11434543E+00   1.11435264E+00   1.11435963E+00   1.11436613E+00   1.11437193E+00   1.11437659E+00   1.11437982E+00   1.11438102E+00   1.11437975E+00   1.11437514E+00   1.11436657E+00   1.11435289E+00   1.11433319E+00   1.11430588E+00   1.11426978E+00   1.11422274E+00   1.11416325E+00   1.11408854E+00   1.11399656E+00   1.11388339E+00   1.11374650E+00   1.11358164E+00   1.11338528E+00   1.11315120E+00   1.11287567E+00   1.11255117E+00   1.11217256E+00   1.11173080E+00   1.11121991E+00   1.11062846E+00   1.10994925E+00   1.10916925E+00   1.10828010E+00   1.10726567E+00   1.10611572E+00   1.10481282E+00   1.10334710E+00   1.10169684E+00   1.09984767E+00   1.09777832E+00   1.09547671E+00   1.09293869E+00   1.09012975E+00   1.08724813E+00   1.08410019E+00   1.08094061E+00   1.07752370E+00   1.07413789E+00   1.07051518E+00   1.06695378E+00   1.06317992E+00   1.05950306E+00   1.05563263E+00   1.05189856E+00   1.04799959E+00   1.04425636E+00   1.04037813E+00   1.03671000E+00   1.03294441E+00   1.02922201E+00   1.02542605E+00   1.02156181E+00   1.01767105E+00   1.01411719E+00   1.01087472E+00   1.00642463E+00   1.00000000E+00
   1.12862987E+00   1.12862987E+00   1.12862990E+00   1.12862994E+00   1.12862999E+00   1.12863007E+00   1.12863017E+00   1.12863029E+00   1.12863045E+00   1.12863063E+00   1.12863085E+00   1.12863111E+00   1.12863142E+00   1.12863179E+00   1.12863222E+00   1.12863272E+00   1.12863330E+00   1.12863398E+00   1.12863476E+00   1.12863566E+00   1.12863668E+00   1.12863786E+00   1.12863920E+00   1.12864073E+00   1.12864245E+00   1.12864440E+00   1.12864659E+00   1.12864904E+00   1.12865178E+00   1.12865483E+00   1.12865821E+00   1.12866195E+00   1.12866606E+00   1.12867057E+00   1.12867547E+00   1.12868080E+00   1.12868656E+00   1.12869273E+00   1.12869931E+00   1.12870627E+00   1.12871358E+00   1.12872117E+00   1.12872896E+00   1.12873686E+00   1.12874473E+00   1.12875237E+00   1.12875959E+00   1.12876609E+00   1.12877160E+00   1.12877560E+00   1.12877773E+00   1.12877729E+00   1.12877374E+00   1.12876607E+00   1.12875356E+00   1.12873486E+00   1.12870892E+00   1.12867392E+00   1.12862849E+00   1.12857021E+00   1.12849733E+00   1.12840668E+00   1.12829597E+00   1.12816085E+00   1.12799848E+00   1.12780401E+00   1.12757355E+00   1.12730025E+00   1.12697993E+00   1.12660429E+00   1.12616768E+00   1.12566023E+00   1.12507535E+00   1.12440063E+00   1.12362821E+00   1.12274395E+00   1.12173874E+00   1.12059519E+00   1.11930237E+00   1.11784159E+00   1.11620187E+00   1.11435974E+00   1.11230008E+00   1.11000031E+00   1.10744713E+00   1.10463676E+00   1.10153141E+00   1.09835042E+00   1.09487977E+00   1.09140071E+00   1.08764149E+00   1.08391851E+00   1.07993671E+00   1.07602427E+00   1.07187835E+00   1.06783759E+00   1.06358253E+00   1.05947464E+00   1.05518045E+00   1.05105081E+00   1.04676449E+00   1.04269914E+00   1.03850390E+00   1.03432379E+00   1.03003735E+00   1.02564205E+00   1.02116429E+00   1.01693396E+00   1.01292312E+00   1.00754305E+00   1.00000000E+00
   1.12424742E+00   1.12424743E+00   1.12424745E+00   1.12424748E+00   1.12424753E+00   1.12424760E+00   1.12424769E+00   1.12424781E+00   1.12424794E+00   1.12424811E+00   1.12424831E+00   1.12424856E+00   1.12424884E+00   1.12424918E+00   1.12424957E+00   1.12425004E+00   1.12425058E+00   1.12425120E+00   1.12425193E+00   1.12425277E+00   1.12425373E+00   1.12425483E+00   1.12425608E+00   1.12425751E+00   1.12425913E+00   1.12426096E+00   1.12426302E+00   1.12426534E+00   1.12426793E+00   1.12427082E+00   1.12427402E+00   1.12427757E+00   1.12428148E+00   1.12428577E+00   1.12429045E+00   1.12429554E+00   1.12430106E+00   1.12430697E+00   1.12431330E+00   1.12432001E+00   1.12432707E+00   1.12433441E+00   1.12434199E+00   1.12434969E+00   1.12435741E+00   1.12436493E+00   1.12437211E+00   1.12437864E+00   1.12438428E+00   1.12438854E+00   1.12439108E+00   1.12439122E+00   1.12438847E+00   1.12438186E+00   1.12437070E+00   1.12435370E+00   1.12432986E+00   1.12429744E+00   1.12425513E+00   1.12420059E+00   1.12413215E+00   1.12404676E+00   1.12394222E+00   1.12381432E+00   1.12366032E+00   1.12347555E+00   1.12325623E+00   1.12299573E+00   1.12268999E+00   1.12233097E+00   1.12191318E+00   1.12142702E+00   1.12086607E+00   1.12021825E+00   1.11947591E+00   1.11862526E+00   1.11765739E+00   1.11655533E+00   1.11530840E+00   1.11389830E+00   1.11231429E+00   1.11053344E+00   1.10854092E+00   1.10631459E+00   1.10384142E+00   1.10111750E+00   1.09810603E+00   1.09501962E+00   1.09165067E+00   1.08827227E+00   1.08462069E+00   1.08100336E+00   1.07713364E+00   1.07333044E+00   1.06929986E+00   1.06537177E+00   1.06123535E+00   1.05724192E+00   1.05306847E+00   1.04905720E+00   1.04489494E+00   1.04094784E+00   1.03688029E+00   1.03283755E+00   1.02869780E+00   1.02446108E+00   1.02015744E+00   1.01611023E+00   1.01229846E+00   1.00718724E+00   1.00000000E+00
   1.12088385E+00   1.12088385E+00   1.12088387E+00   1.12088390E+00   1.12088395E+00   1.12088402E+00   1.12088410E+00   1.12088420E+00   1.12088433E+00   1.12088449E+00   1.12088468E+00   1.12088490E+00   1.12088517E+00   1.12088549E+00   1.12088586E+00   1.12088630E+00   1.12088681E+00   1.12088740E+00   1.12088809E+00   1.12088888E+00   1.12088979E+00   1.12089084E+00   1.12089203E+00   1.12089339E+00   1.12089493E+00   1.12089668E+00   1.12089865E+00   1.12090087E+00   1.12090334E+00   1.12090611E+00   1.12090918E+00   1.12091259E+00   1.12091635E+00   1.12092048E+00   1.12092499E+00   1.12092990E+00   1.12093522E+00   1.12094095E+00   1.12094707E+00   1.12095358E+00   1.12096044E+00   1.12096758E+00   1.12097497E+00   1.12098250E+00   1.12099006E+00   1.12099746E+00   1.12100455E+00   1.12101106E+00   1.12101673E+00   1.12102110E+00   1.12102384E+00   1.12102432E+00   1.12102204E+00   1.12101608E+00   1.12100577E+00   1.12098986E+00   1.12096740E+00   1.12093668E+00   1.12089644E+00   1.12084441E+00   1.12077898E+00   1.12069718E+00   1.12059687E+00   1.12047395E+00   1.12032576E+00   1.12014773E+00   1.11993621E+00   1.11968470E+00   1.11938924E+00   1.11904199E+00   1.11863758E+00   1.11816660E+00   1.11762279E+00   1.11699432E+00   1.11627369E+00   1.11544737E+00   1.11450664E+00   1.11343484E+00   1.11222149E+00   1.11084864E+00   1.10930574E+00   1.10757027E+00   1.10562767E+00   1.10345616E+00   1.10104297E+00   1.09838413E+00   1.09544365E+00   1.09242905E+00   1.08913766E+00   1.08583633E+00   1.08226749E+00   1.07873170E+00   1.07494880E+00   1.07123061E+00   1.06729011E+00   1.06345027E+00   1.05940712E+00   1.05550401E+00   1.05142603E+00   1.04750851E+00   1.04344483E+00   1.03959209E+00   1.03562585E+00   1.03169138E+00   1.02766733E+00   1.02355505E+00   1.01938660E+00   1.01548169E+00   1.01182368E+00   1.00691761E+00   1.00000000E+00
   1.11817069E+00   1.11817069E+00   1.11817071E+00   1.11817074E+00   1.11817078E+00   1.11817085E+00   1.11817093E+00   1.11817102E+00   1.11817115E+00   1.11817130E+00   1.11817147E+00   1.11817169E+00   1.11817194E+00   1.11817225E+00   1.11817260E+00   1.11817302E+00   1.11817350E+00   1.11817407E+00   1.11817473E+00   1.11817549E+00   1.11817636E+00   1.11817737E+00   1.11817851E+00   1.11817982E+00   1.11818131E+00   1.11818299E+00   1.11818489E+00   1.11818702E+00   1.11818942E+00   1.11819209E+00   1.11819506E+00   1.11819836E+00   1.11820200E+00   1.11820600E+00   1.11821037E+00   1.11821514E+00   1.11822031E+00   1.11822588E+00   1.11823183E+00   1.11823817E+00   1.11824486E+00   1.11825184E+00   1.11825906E+00   1.11826642E+00   1.11827384E+00   1.11828112E+00   1.11828811E+00   1.11829454E+00   1.11830018E+00   1.11830458E+00   1.11830742E+00   1.11830809E+00   1.11830609E+00   1.11830053E+00   1.11829077E+00   1.11827558E+00   1.11825404E+00   1.11822448E+00   1.11818567E+00   1.11813541E+00   1.11807210E+00   1.11799285E+00   1.11789556E+00   1.11777622E+00   1.11763223E+00   1.11745912E+00   1.11725328E+00   1.11700837E+00   1.11672051E+00   1.11638197E+00   1.11598750E+00   1.11552786E+00   1.11499689E+00   1.11438297E+00   1.11367872E+00   1.11287084E+00   1.11195076E+00   1.11090207E+00   1.10971448E+00   1.10837029E+00   1.10685915E+00   1.10515889E+00   1.10325516E+00   1.10112655E+00   1.09876048E+00   1.09615299E+00   1.09326875E+00   1.09031133E+00   1.08708192E+00   1.08384246E+00   1.08034028E+00   1.07687045E+00   1.07315806E+00   1.06950917E+00   1.06564235E+00   1.06187490E+00   1.05790848E+00   1.05407994E+00   1.05008088E+00   1.04624096E+00   1.04225915E+00   1.03848500E+00   1.03460268E+00   1.03075755E+00   1.02682905E+00   1.02281906E+00   1.01876087E+00   1.01497250E+00   1.01144017E+00   1.00670046E+00   1.00000000E+00
   1.11699416E+00   1.11699417E+00   1.11699418E+00   1.11699421E+00   1.11699426E+00   1.11699432E+00   1.11699439E+00   1.11699449E+00   1.11699461E+00   1.11699476E+00   1.11699493E+00   1.11699514E+00   1.11699539E+00   1.11699569E+00   1.11699603E+00   1.11699644E+00   1.11699692E+00   1.11699748E+00   1.11699812E+00   1.11699887E+00   1.11699973E+00   1.11700071E+00   1.11700184E+00   1.11700313E+00   1.11700459E+00   1.11700624E+00   1.11700811E+00   1.11701022E+00   1.11701257E+00   1.11701521E+00   1.11701813E+00   1.11702139E+00   1.11702497E+00   1.11702892E+00   1.11703324E+00   1.11703794E+00   1.11704305E+00   1.11704854E+00   1.11705443E+00   1.11706069E+00   1.11706730E+00   1.11707420E+00   1.11708134E+00   1.11708864E+00   1.11709598E+00   1.11710319E+00   1.11711013E+00   1.11711652E+00   1.11712213E+00   1.11712653E+00   1.11712939E+00   1.11713010E+00   1.11712819E+00   1.11712277E+00   1.11711320E+00   1.11709828E+00   1.11707707E+00   1.11704795E+00   1.11700968E+00   1.11696009E+00   1.11689760E+00   1.11681934E+00   1.11672322E+00   1.11660530E+00   1.11646297E+00   1.11629180E+00   1.11608824E+00   1.11584597E+00   1.11556115E+00   1.11522613E+00   1.11483568E+00   1.11438064E+00   1.11385490E+00   1.11324692E+00   1.11254939E+00   1.11174910E+00   1.11083753E+00   1.10979842E+00   1.10862151E+00   1.10728927E+00   1.10579140E+00   1.10410591E+00   1.10221854E+00   1.10010804E+00   1.09776194E+00   1.09517629E+00   1.09231606E+00   1.08938313E+00   1.08618036E+00   1.08296758E+00   1.07949424E+00   1.07605302E+00   1.07237132E+00   1.06875268E+00   1.06491811E+00   1.06118240E+00   1.05724971E+00   1.05345401E+00   1.04948973E+00   1.04568406E+00   1.04173847E+00   1.03799913E+00   1.03415384E+00   1.03034806E+00   1.02646169E+00   1.02249664E+00   1.01848664E+00   1.01474951E+00   1.01127248E+00   1.00660572E+00   1.00000000E+00
   1.12916456E+00   1.12916457E+00   1.12916459E+00   1.12916463E+00   1.12916469E+00   1.12916477E+00   1.12916487E+00   1.12916500E+00   1.12916515E+00   1.12916534E+00   1.12916556E+00   1.12916583E+00   1.12916614E+00   1.12916652E+00   1.12916695E+00   1.12916746E+00   1.12916805E+00   1.12916873E+00   1.12916952E+00   1.12917043E+00   1.12917147E+00   1.12917266E+00   1.12917401E+00   1.12917555E+00   1.12917729E+00   1.12917926E+00   1.12918146E+00   1.12918393E+00   1.12918669E+00   1.12918976E+00   1.12919316E+00   1.12919691E+00   1.12920104E+00   1.12920556E+00   1.12921048E+00   1.12921582E+00   1.12922159E+00   1.12922776E+00   1.12923433E+00   1.12924128E+00   1.12924857E+00   1.12925612E+00   1.12926387E+00   1.12927170E+00   1.12927948E+00   1.12928701E+00   1.12929409E+00   1.12930041E+00   1.12930570E+00   1.12930945E+00   1.12931127E+00   1.12931046E+00   1.12930647E+00   1.12929829E+00   1.12928518E+00   1.12926577E+00   1.12923902E+00   1.12920308E+00   1.12915658E+00   1.12909708E+00   1.12902280E+00   1.12893055E+00   1.12881803E+00   1.12868091E+00   1.12851632E+00   1.12831933E+00   1.12808606E+00   1.12780966E+00   1.12748591E+00   1.12710649E+00   1.12666575E+00   1.12615381E+00   1.12556403E+00   1.12488405E+00   1.12410601E+00   1.12321576E+00   1.12220412E+00   1.12105381E+00   1.11975399E+00   1.11828600E+00   1.11663857E+00   1.11478834E+00   1.11272044E+00   1.11041247E+00   1.10785079E+00   1.10503193E+00   1.10191813E+00   1.09872931E+00   1.09525071E+00   1.09176487E+00   1.08799906E+00   1.08426984E+00   1.08028141E+00   1.07636298E+00   1.07221038E+00   1.06816351E+00   1.06390182E+00   1.05978601E+00   1.05548286E+00   1.05134558E+00   1.04704936E+00   1.04296832E+00   1.03875340E+00   1.03455453E+00   1.03024718E+00   1.02582761E+00   1.02131507E+00   1.01699622E+00   1.01287940E+00   1.00748229E+00   1.00000000E+00
   1.12559328E+00   1.12559328E+00   1.12559331E+00   1.12559334E+00   1.12559340E+00   1.12559347E+00   1.12559356E+00   1.12559368E+00   1.12559382E+00   1.12559400E+00   1.12559421E+00   1.12559445E+00   1.12559475E+00   1.12559510E+00   1.12559550E+00   1.12559598E+00   1.12559653E+00   1.12559718E+00   1.12559792E+00   1.12559878E+00   1.12559976E+00   1.12560089E+00   1.12560217E+00   1.12560363E+00   1.12560528E+00   1.12560715E+00   1.12560925E+00   1.12561161E+00   1.12561424E+00   1.12561717E+00   1.12562043E+00   1.12562403E+00   1.12562799E+00   1.12563233E+00   1.12563707E+00   1.12564221E+00   1.12564777E+00   1.12565374E+00   1.12566011E+00   1.12566685E+00   1.12567393E+00   1.12568129E+00   1.12568886E+00   1.12569654E+00   1.12570420E+00   1.12571164E+00   1.12571870E+00   1.12572506E+00   1.12573047E+00   1.12573444E+00   1.12573661E+00   1.12573631E+00   1.12573300E+00   1.12572571E+00   1.12571375E+00   1.12569578E+00   1.12567080E+00   1.12563703E+00   1.12559314E+00   1.12553678E+00   1.12546623E+00   1.12537839E+00   1.12527102E+00   1.12513994E+00   1.12498235E+00   1.12479346E+00   1.12456948E+00   1.12430376E+00   1.12399217E+00   1.12362659E+00   1.12320153E+00   1.12270731E+00   1.12213745E+00   1.12147986E+00   1.12072684E+00   1.11986453E+00   1.11888393E+00   1.11776810E+00   1.11650639E+00   1.11508048E+00   1.11347932E+00   1.11167995E+00   1.10966777E+00   1.10742072E+00   1.10492541E+00   1.10217824E+00   1.09914230E+00   1.09603187E+00   1.09263759E+00   1.08923518E+00   1.08555856E+00   1.08191687E+00   1.07802127E+00   1.07419333E+00   1.07013628E+00   1.06618271E+00   1.06201925E+00   1.05799822E+00   1.05379504E+00   1.04975559E+00   1.04556176E+00   1.04157829E+00   1.03746890E+00   1.03338327E+00   1.02919587E+00   1.02490482E+00   1.02053295E+00   1.01636095E+00   1.01240084E+00   1.00720931E+00   1.00000000E+00
   1.12285869E+00   1.12285870E+00   1.12285872E+00   1.12285875E+00   1.12285880E+00   1.12285887E+00   1.12285896E+00   1.12285907E+00   1.12285921E+00   1.12285937E+00   1.12285957E+00   1.12285980E+00   1.12286008E+00   1.12286042E+00   1.12286080E+00   1.12286126E+00   1.12286179E+00   1.12286240E+00   1.12286311E+00   1.12286393E+00   1.12286487E+00   1.12286595E+00   1.12286718E+00   1.12286859E+00   1.12287018E+00   1.12287197E+00   1.12287400E+00   1.12287627E+00   1.12287881E+00   1.12288165E+00   1.12288479E+00   1.12288827E+00   1.12289211E+00   1.12289632E+00   1.12290091E+00   1.12290591E+00   1.12291132E+00   1.12291713E+00   1.12292333E+00   1.12292990E+00   1.12293682E+00   1.12294402E+00   1.12295143E+00   1.12295897E+00   1.12296651E+00   1.12297385E+00   1.12298084E+00   1.12298719E+00   1.12299263E+00   1.12299671E+00   1.12299906E+00   1.12299904E+00   1.12299614E+00   1.12298940E+00   1.12297815E+00   1.12296110E+00   1.12293727E+00   1.12290493E+00   1.12286278E+00   1.12280852E+00   1.12274048E+00   1.12265563E+00   1.12255179E+00   1.12242485E+00   1.12227209E+00   1.12208882E+00   1.12187131E+00   1.12161306E+00   1.12131001E+00   1.12095421E+00   1.12054024E+00   1.12005861E+00   1.11950296E+00   1.11886140E+00   1.11812636E+00   1.11728420E+00   1.11632607E+00   1.11523529E+00   1.11400137E+00   1.11260627E+00   1.11103912E+00   1.10927728E+00   1.10730638E+00   1.10510466E+00   1.10265894E+00   1.09996558E+00   1.09698831E+00   1.09393726E+00   1.09060709E+00   1.08726841E+00   1.08366019E+00   1.08008590E+00   1.07626210E+00   1.07250445E+00   1.06852191E+00   1.06464133E+00   1.06055500E+00   1.05660871E+00   1.05248451E+00   1.04852250E+00   1.04441002E+00   1.04050440E+00   1.03647863E+00   1.03248206E+00   1.02838912E+00   1.02419881E+00   1.01993591E+00   1.01587762E+00   1.01203804E+00   1.00700309E+00   1.00000000E+00
   1.12065004E+00   1.12065004E+00   1.12065006E+00   1.12065009E+00   1.12065014E+00   1.12065021E+00   1.12065029E+00   1.12065040E+00   1.12065053E+00   1.12065068E+00   1.12065087E+00   1.12065110E+00   1.12065137E+00   1.12065169E+00   1.12065206E+00   1.12065250E+00   1.12065301E+00   1.12065360E+00   1.12065429E+00   1.12065508E+00   1.12065599E+00   1.12065704E+00   1.12065823E+00   1.12065959E+00   1.12066113E+00   1.12066287E+00   1.12066483E+00   1.12066704E+00   1.12066951E+00   1.12067227E+00   1.12067533E+00   1.12067872E+00   1.12068246E+00   1.12068656E+00   1.12069104E+00   1.12069592E+00   1.12070120E+00   1.12070688E+00   1.12071294E+00   1.12071938E+00   1.12072616E+00   1.12073321E+00   1.12074049E+00   1.12074790E+00   1.12075532E+00   1.12076256E+00   1.12076947E+00   1.12077576E+00   1.12078119E+00   1.12078529E+00   1.12078773E+00   1.12078786E+00   1.12078520E+00   1.12077880E+00   1.12076802E+00   1.12075157E+00   1.12072851E+00   1.12069714E+00   1.12065619E+00   1.12060340E+00   1.12053712E+00   1.12045440E+00   1.12035307E+00   1.12022911E+00   1.12007984E+00   1.11990064E+00   1.11968786E+00   1.11943509E+00   1.11913833E+00   1.11878975E+00   1.11838402E+00   1.11791178E+00   1.11736677E+00   1.11673725E+00   1.11601577E+00   1.11518887E+00   1.11424782E+00   1.11317616E+00   1.11196354E+00   1.11059215E+00   1.10905126E+00   1.10731855E+00   1.10537979E+00   1.10321355E+00   1.10080680E+00   1.09815592E+00   1.09522518E+00   1.09222143E+00   1.08894257E+00   1.08565510E+00   1.08210208E+00   1.07858239E+00   1.07481699E+00   1.07111675E+00   1.06719528E+00   1.06337470E+00   1.05935197E+00   1.05546753E+00   1.05140880E+00   1.04751107E+00   1.04346635E+00   1.03962577E+00   1.03566948E+00   1.03174656E+00   1.02773185E+00   1.02362464E+00   1.01945085E+00   1.01548588E+00   1.01174491E+00   1.00683710E+00   1.00000000E+00
   1.11968999E+00   1.11969000E+00   1.11969001E+00   1.11969005E+00   1.11969009E+00   1.11969016E+00   1.11969024E+00   1.11969035E+00   1.11969047E+00   1.11969063E+00   1.11969081E+00   1.11969104E+00   1.11969130E+00   1.11969161E+00   1.11969198E+00   1.11969241E+00   1.11969291E+00   1.11969350E+00   1.11969417E+00   1.11969495E+00   1.11969585E+00   1.11969688E+00   1.11969806E+00   1.11969940E+00   1.11970092E+00   1.11970264E+00   1.11970458E+00   1.11970676E+00   1.11970920E+00   1.11971192E+00   1.11971495E+00   1.11971830E+00   1.11972200E+00   1.11972605E+00   1.11973049E+00   1.11973531E+00   1.11974054E+00   1.11974616E+00   1.11975216E+00   1.11975854E+00   1.11976525E+00   1.11977224E+00   1.11977946E+00   1.11978680E+00   1.11979416E+00   1.11980135E+00   1.11980821E+00   1.11981447E+00   1.11981987E+00   1.11982397E+00   1.11982643E+00   1.11982660E+00   1.11982401E+00   1.11981773E+00   1.11980711E+00   1.11979088E+00   1.11976811E+00   1.11973710E+00   1.11969660E+00   1.11964437E+00   1.11957877E+00   1.11949687E+00   1.11939653E+00   1.11927374E+00   1.11912584E+00   1.11894826E+00   1.11873736E+00   1.11848678E+00   1.11819254E+00   1.11784688E+00   1.11744448E+00   1.11697606E+00   1.11643537E+00   1.11581078E+00   1.11509486E+00   1.11427424E+00   1.11334024E+00   1.11227650E+00   1.11107274E+00   1.10971123E+00   1.10818134E+00   1.10646085E+00   1.10453565E+00   1.10238441E+00   1.09999421E+00   1.09736143E+00   1.09445059E+00   1.09146714E+00   1.08821038E+00   1.08494505E+00   1.08141596E+00   1.07792003E+00   1.07418010E+00   1.07050500E+00   1.06661033E+00   1.06281613E+00   1.05882145E+00   1.05496433E+00   1.05093456E+00   1.04706529E+00   1.04305065E+00   1.03923899E+00   1.03531348E+00   1.03142313E+00   1.02744304E+00   1.02337250E+00   1.01923785E+00   1.01531406E+00   1.01161660E+00   1.00676464E+00   1.00000000E+00
   1.12971308E+00   1.12971309E+00   1.12971311E+00   1.12971315E+00   1.12971321E+00   1.12971329E+00   1.12971340E+00   1.12971353E+00   1.12971368E+00   1.12971387E+00   1.12971410E+00   1.12971437E+00   1.12971469E+00   1.12971507E+00   1.12971551E+00   1.12971603E+00   1.12971663E+00   1.12971732E+00   1.12971812E+00   1.12971904E+00   1.12972009E+00   1.12972129E+00   1.12972266E+00   1.12972421E+00   1.12972596E+00   1.12972794E+00   1.12973016E+00   1.12973266E+00   1.12973543E+00   1.12973852E+00   1.12974193E+00   1.12974571E+00   1.12974985E+00   1.12975438E+00   1.12975932E+00   1.12976467E+00   1.12977043E+00   1.12977660E+00   1.12978317E+00   1.12979010E+00   1.12979736E+00   1.12980487E+00   1.12981256E+00   1.12982032E+00   1.12982801E+00   1.12983541E+00   1.12984234E+00   1.12984847E+00   1.12985352E+00   1.12985699E+00   1.12985848E+00   1.12985727E+00   1.12985281E+00   1.12984408E+00   1.12983034E+00   1.12981018E+00   1.12978257E+00   1.12974564E+00   1.12969801E+00   1.12963721E+00   1.12956147E+00   1.12946755E+00   1.12935314E+00   1.12921392E+00   1.12904701E+00   1.12884741E+00   1.12861121E+00   1.12833161E+00   1.12800431E+00   1.12762098E+00   1.12717598E+00   1.12665942E+00   1.12606464E+00   1.12537929E+00   1.12459551E+00   1.12369916E+00   1.12268102E+00   1.12152389E+00   1.12021702E+00   1.11874174E+00   1.11708657E+00   1.11522827E+00   1.11315224E+00   1.11083617E+00   1.10826608E+00   1.10543890E+00   1.10231694E+00   1.09912064E+00   1.09563443E+00   1.09214203E+00   1.08836985E+00   1.08463463E+00   1.08063982E+00   1.07671568E+00   1.07255652E+00   1.06850349E+00   1.06423502E+00   1.06011119E+00   1.05579873E+00   1.05165265E+00   1.04734496E+00   1.04324730E+00   1.03901233E+00   1.03479341E+00   1.03046181E+00   1.02601381E+00   1.02146231E+00   1.01705078E+00   1.01283412E+00   1.00742930E+00   1.00000000E+00
   1.12692820E+00   1.12692821E+00   1.12692823E+00   1.12692827E+00   1.12692833E+00   1.12692840E+00   1.12692850E+00   1.12692862E+00   1.12692877E+00   1.12692895E+00   1.12692916E+00   1.12692942E+00   1.12692973E+00   1.12693008E+00   1.12693050E+00   1.12693099E+00   1.12693156E+00   1.12693222E+00   1.12693299E+00   1.12693386E+00   1.12693487E+00   1.12693602E+00   1.12693733E+00   1.12693882E+00   1.12694051E+00   1.12694241E+00   1.12694455E+00   1.12694695E+00   1.12694962E+00   1.12695260E+00   1.12695590E+00   1.12695955E+00   1.12696357E+00   1.12696796E+00   1.12697275E+00   1.12697795E+00   1.12698355E+00   1.12698956E+00   1.12699597E+00   1.12700274E+00   1.12700984E+00   1.12701720E+00   1.12702475E+00   1.12703239E+00   1.12703999E+00   1.12704733E+00   1.12705424E+00   1.12706042E+00   1.12706558E+00   1.12706924E+00   1.12707102E+00   1.12707022E+00   1.12706632E+00   1.12705832E+00   1.12704550E+00   1.12702651E+00   1.12700033E+00   1.12696515E+00   1.12691962E+00   1.12686135E+00   1.12678860E+00   1.12669822E+00   1.12658795E+00   1.12645357E+00   1.12629227E+00   1.12609914E+00   1.12587038E+00   1.12559931E+00   1.12528172E+00   1.12490946E+00   1.12447698E+00   1.12397456E+00   1.12339567E+00   1.12272818E+00   1.12196434E+00   1.12109026E+00   1.12009684E+00   1.11896718E+00   1.11769065E+00   1.11624887E+00   1.11463052E+00   1.11281269E+00   1.11078099E+00   1.10851336E+00   1.10599605E+00   1.10322586E+00   1.10016578E+00   1.09703179E+00   1.09361257E+00   1.09018646E+00   1.08648512E+00   1.08281939E+00   1.07889828E+00   1.07504596E+00   1.07096265E+00   1.06698365E+00   1.06279307E+00   1.05874439E+00   1.05451112E+00   1.05044241E+00   1.04621556E+00   1.04219481E+00   1.03804309E+00   1.03391315E+00   1.02967490E+00   1.02532602E+00   1.02088269E+00   1.01658323E+00   1.01248428E+00   1.00722950E+00   1.00000000E+00
   1.12479763E+00   1.12479764E+00   1.12479766E+00   1.12479770E+00   1.12479775E+00   1.12479782E+00   1.12479791E+00   1.12479803E+00   1.12479817E+00   1.12479834E+00   1.12479855E+00   1.12479880E+00   1.12479909E+00   1.12479943E+00   1.12479984E+00   1.12480031E+00   1.12480086E+00   1.12480150E+00   1.12480223E+00   1.12480308E+00   1.12480405E+00   1.12480517E+00   1.12480644E+00   1.12480788E+00   1.12480952E+00   1.12481137E+00   1.12481344E+00   1.12481577E+00   1.12481838E+00   1.12482128E+00   1.12482449E+00   1.12482805E+00   1.12483197E+00   1.12483625E+00   1.12484093E+00   1.12484601E+00   1.12485150E+00   1.12485738E+00   1.12486365E+00   1.12487029E+00   1.12487726E+00   1.12488450E+00   1.12489194E+00   1.12489946E+00   1.12490697E+00   1.12491423E+00   1.12492110E+00   1.12492727E+00   1.12493246E+00   1.12493621E+00   1.12493814E+00   1.12493758E+00   1.12493401E+00   1.12492646E+00   1.12491422E+00   1.12489597E+00   1.12487071E+00   1.12483668E+00   1.12479255E+00   1.12473596E+00   1.12466523E+00   1.12457724E+00   1.12446978E+00   1.12433872E+00   1.12418127E+00   1.12399262E+00   1.12376903E+00   1.12350391E+00   1.12319313E+00   1.12282865E+00   1.12240499E+00   1.12191260E+00   1.12134501E+00   1.12069026E+00   1.11994072E+00   1.11908265E+00   1.11810708E+00   1.11699732E+00   1.11574286E+00   1.11432554E+00   1.11273419E+00   1.11094615E+00   1.10894721E+00   1.10671555E+00   1.10423760E+00   1.10151010E+00   1.09849658E+00   1.09540968E+00   1.09204134E+00   1.08866580E+00   1.08501873E+00   1.08140647E+00   1.07754231E+00   1.07374576E+00   1.06972157E+00   1.06580047E+00   1.06167104E+00   1.05768162E+00   1.05351095E+00   1.04950348E+00   1.04534089E+00   1.04138155E+00   1.03729575E+00   1.03323568E+00   1.02907092E+00   1.02479973E+00   1.02044013E+00   1.01622735E+00   1.01221881E+00   1.00707851E+00   1.00000000E+00
   1.12307292E+00   1.12307292E+00   1.12307294E+00   1.12307298E+00   1.12307303E+00   1.12307310E+00   1.12307319E+00   1.12307330E+00   1.12307344E+00   1.12307361E+00   1.12307381E+00   1.12307404E+00   1.12307433E+00   1.12307466E+00   1.12307505E+00   1.12307551E+00   1.12307605E+00   1.12307667E+00   1.12307738E+00   1.12307821E+00   1.12307916E+00   1.12308024E+00   1.12308148E+00   1.12308289E+00   1.12308449E+00   1.12308629E+00   1.12308832E+00   1.12309060E+00   1.12309315E+00   1.12309599E+00   1.12309913E+00   1.12310262E+00   1.12310645E+00   1.12311066E+00   1.12311524E+00   1.12312023E+00   1.12312561E+00   1.12313139E+00   1.12313756E+00   1.12314409E+00   1.12315095E+00   1.12315807E+00   1.12316540E+00   1.12317283E+00   1.12318024E+00   1.12318743E+00   1.12319423E+00   1.12320035E+00   1.12320554E+00   1.12320931E+00   1.12321131E+00   1.12321088E+00   1.12320751E+00   1.12320023E+00   1.12318836E+00   1.12317060E+00   1.12314597E+00   1.12311271E+00   1.12306954E+00   1.12301413E+00   1.12294481E+00   1.12285851E+00   1.12275307E+00   1.12262438E+00   1.12246972E+00   1.12228432E+00   1.12206449E+00   1.12180373E+00   1.12149796E+00   1.12113923E+00   1.12072213E+00   1.12023721E+00   1.11967807E+00   1.11903291E+00   1.11829414E+00   1.11744820E+00   1.11648621E+00   1.11539164E+00   1.11415410E+00   1.11275562E+00   1.11118513E+00   1.10942023E+00   1.10744683E+00   1.10524336E+00   1.10279637E+00   1.10010263E+00   1.09712608E+00   1.09407678E+00   1.09074923E+00   1.08741440E+00   1.08381121E+00   1.08024237E+00   1.07642467E+00   1.07267378E+00   1.06869818E+00   1.06482480E+00   1.06074596E+00   1.05680573E+00   1.05268711E+00   1.04873066E+00   1.04462176E+00   1.04071393E+00   1.03668307E+00   1.03268095E+00   1.02857728E+00   1.02437044E+00   1.02007955E+00   1.01593815E+00   1.01200379E+00   1.00695676E+00   1.00000000E+00
   1.12232105E+00   1.12232105E+00   1.12232107E+00   1.12232111E+00   1.12232116E+00   1.12232123E+00   1.12232132E+00   1.12232143E+00   1.12232156E+00   1.12232173E+00   1.12232192E+00   1.12232216E+00   1.12232244E+00   1.12232277E+00   1.12232316E+00   1.12232361E+00   1.12232414E+00   1.12232475E+00   1.12232546E+00   1.12232628E+00   1.12232721E+00   1.12232829E+00   1.12232951E+00   1.12233091E+00   1.12233249E+00   1.12233427E+00   1.12233628E+00   1.12233854E+00   1.12234106E+00   1.12234387E+00   1.12234699E+00   1.12235045E+00   1.12235425E+00   1.12235842E+00   1.12236296E+00   1.12236791E+00   1.12237325E+00   1.12237898E+00   1.12238510E+00   1.12239158E+00   1.12239839E+00   1.12240546E+00   1.12241274E+00   1.12242012E+00   1.12242748E+00   1.12243463E+00   1.12244140E+00   1.12244749E+00   1.12245266E+00   1.12245643E+00   1.12245844E+00   1.12245805E+00   1.12245473E+00   1.12244755E+00   1.12243581E+00   1.12241822E+00   1.12239382E+00   1.12236085E+00   1.12231804E+00   1.12226309E+00   1.12219430E+00   1.12210867E+00   1.12200400E+00   1.12187625E+00   1.12172268E+00   1.12153857E+00   1.12132024E+00   1.12106123E+00   1.12075747E+00   1.12040106E+00   1.11998662E+00   1.11950473E+00   1.11894904E+00   1.11830779E+00   1.11757345E+00   1.11673251E+00   1.11577613E+00   1.11468787E+00   1.11345737E+00   1.11206676E+00   1.11050501E+00   1.10874985E+00   1.10678723E+00   1.10459571E+00   1.10216190E+00   1.09948257E+00   1.09652188E+00   1.09348876E+00   1.09017883E+00   1.08686164E+00   1.08327754E+00   1.07972765E+00   1.07593027E+00   1.07219944E+00   1.06824523E+00   1.06439291E+00   1.06033645E+00   1.05641802E+00   1.05232251E+00   1.04838873E+00   1.04430377E+00   1.04041893E+00   1.03641252E+00   1.03243612E+00   1.02835960E+00   1.02418130E+00   1.01992073E+00   1.01581096E+00   1.01190946E+00   1.00690353E+00   1.00000000E+00
   1.13027311E+00   1.13027312E+00   1.13027314E+00   1.13027318E+00   1.13027325E+00   1.13027333E+00   1.13027343E+00   1.13027356E+00   1.13027372E+00   1.13027392E+00   1.13027415E+00   1.13027443E+00   1.13027475E+00   1.13027514E+00   1.13027558E+00   1.13027611E+00   1.13027671E+00   1.13027741E+00   1.13027822E+00   1.13027915E+00   1.13028022E+00   1.13028143E+00   1.13028281E+00   1.13028438E+00   1.13028615E+00   1.13028814E+00   1.13029038E+00   1.13029289E+00   1.13029568E+00   1.13029879E+00   1.13030222E+00   1.13030601E+00   1.13031017E+00   1.13031471E+00   1.13031966E+00   1.13032501E+00   1.13033078E+00   1.13033695E+00   1.13034350E+00   1.13035041E+00   1.13035764E+00   1.13036510E+00   1.13037273E+00   1.13038040E+00   1.13038798E+00   1.13039524E+00   1.13040200E+00   1.13040793E+00   1.13041273E+00   1.13041589E+00   1.13041702E+00   1.13041539E+00   1.13041043E+00   1.13040112E+00   1.13038669E+00   1.13036574E+00   1.13033722E+00   1.13029925E+00   1.13025043E+00   1.13018828E+00   1.13011100E+00   1.13001533E+00   1.12989895E+00   1.12975755E+00   1.12958823E+00   1.12938590E+00   1.12914667E+00   1.12886375E+00   1.12853278E+00   1.12814544E+00   1.12769607E+00   1.12717478E+00   1.12657487E+00   1.12588405E+00   1.12509444E+00   1.12419191E+00   1.12316719E+00   1.12200321E+00   1.12068924E+00   1.11920665E+00   1.11754373E+00   1.11567742E+00   1.11359339E+00   1.11126935E+00   1.10869100E+00   1.10585570E+00   1.10272589E+00   1.09952246E+00   1.09602893E+00   1.09253019E+00   1.08875188E+00   1.08501087E+00   1.08100988E+00   1.07708020E+00   1.07291450E+00   1.06885517E+00   1.06457964E+00   1.06044745E+00   1.05612506E+00   1.05196897E+00   1.04764823E+00   1.04353276E+00   1.03927675E+00   1.03503570E+00   1.03067604E+00   1.02619600E+00   1.02160300E+00   1.01709616E+00   1.01278709E+00   1.00738490E+00   1.00000000E+00
   1.12824312E+00   1.12824313E+00   1.12824315E+00   1.12824319E+00   1.12824325E+00   1.12824333E+00   1.12824343E+00   1.12824355E+00   1.12824371E+00   1.12824389E+00   1.12824411E+00   1.12824438E+00   1.12824469E+00   1.12824506E+00   1.12824549E+00   1.12824600E+00   1.12824658E+00   1.12824726E+00   1.12824804E+00   1.12824894E+00   1.12824997E+00   1.12825115E+00   1.12825248E+00   1.12825401E+00   1.12825572E+00   1.12825766E+00   1.12825984E+00   1.12826228E+00   1.12826500E+00   1.12826802E+00   1.12827137E+00   1.12827507E+00   1.12827913E+00   1.12828358E+00   1.12828841E+00   1.12829366E+00   1.12829931E+00   1.12830536E+00   1.12831179E+00   1.12831858E+00   1.12832569E+00   1.12833305E+00   1.12834058E+00   1.12834816E+00   1.12835568E+00   1.12836291E+00   1.12836966E+00   1.12837563E+00   1.12838052E+00   1.12838383E+00   1.12838519E+00   1.12838387E+00   1.12837934E+00   1.12837059E+00   1.12835686E+00   1.12833680E+00   1.12830935E+00   1.12827270E+00   1.12822547E+00   1.12816522E+00   1.12809019E+00   1.12799718E+00   1.12788391E+00   1.12774614E+00   1.12758102E+00   1.12738354E+00   1.12714989E+00   1.12687335E+00   1.12654966E+00   1.12617058E+00   1.12573057E+00   1.12521986E+00   1.12463182E+00   1.12395433E+00   1.12317960E+00   1.12229369E+00   1.12128741E+00   1.12014392E+00   1.11885257E+00   1.11739495E+00   1.11575946E+00   1.11392331E+00   1.11187229E+00   1.10958434E+00   1.10704528E+00   1.10425241E+00   1.10116864E+00   1.09801157E+00   1.09456789E+00   1.09111846E+00   1.08739282E+00   1.08370346E+00   1.07975723E+00   1.07588090E+00   1.07177154E+00   1.06776716E+00   1.06354938E+00   1.05947288E+00   1.05520911E+00   1.05111014E+00   1.04684898E+00   1.04279004E+00   1.03859518E+00   1.03441918E+00   1.03012708E+00   1.02571811E+00   1.02120253E+00   1.01677522E+00   1.01254861E+00   1.00724859E+00   1.00000000E+00
   1.12668919E+00   1.12668920E+00   1.12668922E+00   1.12668926E+00   1.12668932E+00   1.12668939E+00   1.12668949E+00   1.12668961E+00   1.12668976E+00   1.12668994E+00   1.12669016E+00   1.12669041E+00   1.12669072E+00   1.12669108E+00   1.12669149E+00   1.12669199E+00   1.12669255E+00   1.12669322E+00   1.12669398E+00   1.12669485E+00   1.12669586E+00   1.12669701E+00   1.12669832E+00   1.12669980E+00   1.12670148E+00   1.12670338E+00   1.12670551E+00   1.12670790E+00   1.12671057E+00   1.12671353E+00   1.12671682E+00   1.12672045E+00   1.12672444E+00   1.12672880E+00   1.12673356E+00   1.12673871E+00   1.12674427E+00   1.12675023E+00   1.12675657E+00   1.12676326E+00   1.12677028E+00   1.12677754E+00   1.12678499E+00   1.12679249E+00   1.12679994E+00   1.12680712E+00   1.12681384E+00   1.12681980E+00   1.12682472E+00   1.12682811E+00   1.12682958E+00   1.12682845E+00   1.12682417E+00   1.12681575E+00   1.12680247E+00   1.12678297E+00   1.12675623E+00   1.12672044E+00   1.12667425E+00   1.12661527E+00   1.12654175E+00   1.12645054E+00   1.12633938E+00   1.12620409E+00   1.12604185E+00   1.12584773E+00   1.12561793E+00   1.12534584E+00   1.12502723E+00   1.12465397E+00   1.12422054E+00   1.12371730E+00   1.12313769E+00   1.12246970E+00   1.12170562E+00   1.12083164E+00   1.11983865E+00   1.11870997E+00   1.11743506E+00   1.11599564E+00   1.11438024E+00   1.11256626E+00   1.11053961E+00   1.10827842E+00   1.10576863E+00   1.10300751E+00   1.09995837E+00   1.09683633E+00   1.09343049E+00   1.09001866E+00   1.08633337E+00   1.08268376E+00   1.07877987E+00   1.07494499E+00   1.07087956E+00   1.06691818E+00   1.06274579E+00   1.05871324E+00   1.05449585E+00   1.05044216E+00   1.04622841E+00   1.04221468E+00   1.03806826E+00   1.03394332E+00   1.02970447E+00   1.02535131E+00   1.02089570E+00   1.01653000E+00   1.01236683E+00   1.00714517E+00   1.00000000E+00
   1.12542730E+00   1.12542731E+00   1.12542733E+00   1.12542737E+00   1.12542742E+00   1.12542750E+00   1.12542759E+00   1.12542771E+00   1.12542786E+00   1.12542803E+00   1.12542824E+00   1.12542849E+00   1.12542879E+00   1.12542914E+00   1.12542955E+00   1.12543003E+00   1.12543059E+00   1.12543124E+00   1.12543198E+00   1.12543285E+00   1.12543383E+00   1.12543496E+00   1.12543624E+00   1.12543770E+00   1.12543936E+00   1.12544122E+00   1.12544332E+00   1.12544567E+00   1.12544829E+00   1.12545121E+00   1.12545444E+00   1.12545802E+00   1.12546195E+00   1.12546625E+00   1.12547094E+00   1.12547602E+00   1.12548151E+00   1.12548739E+00   1.12549365E+00   1.12550026E+00   1.12550719E+00   1.12551437E+00   1.12552174E+00   1.12552917E+00   1.12553655E+00   1.12554367E+00   1.12555035E+00   1.12555628E+00   1.12556119E+00   1.12556460E+00   1.12556613E+00   1.12556510E+00   1.12556097E+00   1.12555276E+00   1.12553976E+00   1.12552062E+00   1.12549435E+00   1.12545915E+00   1.12541369E+00   1.12535559E+00   1.12528313E+00   1.12519318E+00   1.12508353E+00   1.12495002E+00   1.12478986E+00   1.12459817E+00   1.12437119E+00   1.12410236E+00   1.12378748E+00   1.12341851E+00   1.12298998E+00   1.12249232E+00   1.12191901E+00   1.12125817E+00   1.12050213E+00   1.11963719E+00   1.11865432E+00   1.11753697E+00   1.11627466E+00   1.11484929E+00   1.11324944E+00   1.11145270E+00   1.10944509E+00   1.10720489E+00   1.10471819E+00   1.10198224E+00   1.09896066E+00   1.09586664E+00   1.09249122E+00   1.08910975E+00   1.08545719E+00   1.08183995E+00   1.07797070E+00   1.07416986E+00   1.07014066E+00   1.06621484E+00   1.06208013E+00   1.05808421E+00   1.05390554E+00   1.04988971E+00   1.04571573E+00   1.04174008E+00   1.03763419E+00   1.03355177E+00   1.02935738E+00   1.02505069E+00   1.02064452E+00   1.01632981E+00   1.01221893E+00   1.00706146E+00   1.00000000E+00
   1.12487535E+00   1.12487536E+00   1.12487538E+00   1.12487542E+00   1.12487547E+00   1.12487554E+00   1.12487564E+00   1.12487576E+00   1.12487590E+00   1.12487607E+00   1.12487628E+00   1.12487653E+00   1.12487683E+00   1.12487717E+00   1.12487758E+00   1.12487806E+00   1.12487861E+00   1.12487925E+00   1.12487999E+00   1.12488085E+00   1.12488182E+00   1.12488294E+00   1.12488422E+00   1.12488567E+00   1.12488731E+00   1.12488916E+00   1.12489124E+00   1.12489357E+00   1.12489617E+00   1.12489907E+00   1.12490229E+00   1.12490584E+00   1.12490974E+00   1.12491402E+00   1.12491868E+00   1.12492373E+00   1.12492918E+00   1.12493503E+00   1.12494125E+00   1.12494783E+00   1.12495472E+00   1.12496187E+00   1.12496919E+00   1.12497659E+00   1.12498393E+00   1.12499102E+00   1.12499767E+00   1.12500358E+00   1.12500848E+00   1.12501189E+00   1.12501343E+00   1.12501243E+00   1.12500834E+00   1.12500021E+00   1.12498730E+00   1.12496830E+00   1.12494220E+00   1.12490721E+00   1.12486202E+00   1.12480426E+00   1.12473220E+00   1.12464275E+00   1.12453368E+00   1.12440088E+00   1.12424154E+00   1.12405081E+00   1.12382495E+00   1.12355742E+00   1.12324405E+00   1.12287681E+00   1.12245027E+00   1.12195487E+00   1.12138414E+00   1.12072622E+00   1.11997349E+00   1.11911228E+00   1.11813361E+00   1.11702096E+00   1.11576391E+00   1.11434441E+00   1.11275110E+00   1.11096163E+00   1.10896208E+00   1.10673082E+00   1.10425396E+00   1.10152878E+00   1.09851906E+00   1.09543714E+00   1.09207490E+00   1.08870663E+00   1.08506835E+00   1.08146528E+00   1.07761124E+00   1.07382541E+00   1.06981222E+00   1.06590215E+00   1.06178417E+00   1.05780454E+00   1.05364312E+00   1.04964419E+00   1.04548802E+00   1.04152944E+00   1.03744167E+00   1.03337819E+00   1.02920366E+00   1.02491770E+00   1.02053345E+00   1.01624146E+00   1.01215383E+00   1.00702477E+00   1.00000000E+00
   1.13084028E+00   1.13084028E+00   1.13084031E+00   1.13084035E+00   1.13084042E+00   1.13084050E+00   1.13084061E+00   1.13084074E+00   1.13084090E+00   1.13084110E+00   1.13084134E+00   1.13084162E+00   1.13084195E+00   1.13084234E+00   1.13084279E+00   1.13084332E+00   1.13084394E+00   1.13084465E+00   1.13084547E+00   1.13084641E+00   1.13084748E+00   1.13084871E+00   1.13085011E+00   1.13085169E+00   1.13085347E+00   1.13085548E+00   1.13085774E+00   1.13086026E+00   1.13086307E+00   1.13086619E+00   1.13086964E+00   1.13087345E+00   1.13087762E+00   1.13088218E+00   1.13088713E+00   1.13089249E+00   1.13089826E+00   1.13090441E+00   1.13091095E+00   1.13091783E+00   1.13092502E+00   1.13093242E+00   1.13093998E+00   1.13094756E+00   1.13095501E+00   1.13096213E+00   1.13096871E+00   1.13097441E+00   1.13097894E+00   1.13098178E+00   1.13098252E+00   1.13098043E+00   1.13097495E+00   1.13096501E+00   1.13094987E+00   1.13092808E+00   1.13089860E+00   1.13085953E+00   1.13080946E+00   1.13074589E+00   1.13066700E+00   1.13056951E+00   1.13045108E+00   1.13030742E+00   1.13013559E+00   1.12993044E+00   1.12968808E+00   1.12940174E+00   1.12906700E+00   1.12867554E+00   1.12822170E+00   1.12769560E+00   1.12709047E+00   1.12639410E+00   1.12559857E+00   1.12468982E+00   1.12365847E+00   1.12248763E+00   1.12116657E+00   1.11967669E+00   1.11800605E+00   1.11613184E+00   1.11403998E+00   1.11170817E+00   1.10912175E+00   1.10627859E+00   1.10314127E+00   1.09993107E+00   1.09643055E+00   1.09292570E+00   1.08914151E+00   1.08539491E+00   1.08138788E+00   1.07745279E+00   1.07328045E+00   1.06921458E+00   1.06493157E+00   1.06079048E+00   1.05645734E+00   1.05228989E+00   1.04795444E+00   1.04381972E+00   1.03954124E+00   1.03527562E+00   1.03088418E+00   1.02636938E+00   1.02173408E+00   1.01713055E+00   1.01273764E+00   1.00734973E+00   1.00000000E+00
   1.12952843E+00   1.12952844E+00   1.12952846E+00   1.12952850E+00   1.12952856E+00   1.12952865E+00   1.12952875E+00   1.12952888E+00   1.12952904E+00   1.12952923E+00   1.12952946E+00   1.12952973E+00   1.12953006E+00   1.12953044E+00   1.12953088E+00   1.12953140E+00   1.12953200E+00   1.12953269E+00   1.12953349E+00   1.12953441E+00   1.12953547E+00   1.12953667E+00   1.12953804E+00   1.12953959E+00   1.12954134E+00   1.12954331E+00   1.12954553E+00   1.12954801E+00   1.12955077E+00   1.12955384E+00   1.12955723E+00   1.12956098E+00   1.12956509E+00   1.12956958E+00   1.12957446E+00   1.12957975E+00   1.12958543E+00   1.12959151E+00   1.12959797E+00   1.12960478E+00   1.12961189E+00   1.12961923E+00   1.12962673E+00   1.12963425E+00   1.12964167E+00   1.12964876E+00   1.12965534E+00   1.12966107E+00   1.12966566E+00   1.12966861E+00   1.12966951E+00   1.12966764E+00   1.12966244E+00   1.12965289E+00   1.12963821E+00   1.12961702E+00   1.12958827E+00   1.12955008E+00   1.12950107E+00   1.12943877E+00   1.12936139E+00   1.12926567E+00   1.12914932E+00   1.12900808E+00   1.12883904E+00   1.12863712E+00   1.12839847E+00   1.12811637E+00   1.12778647E+00   1.12740050E+00   1.12695287E+00   1.12643378E+00   1.12583653E+00   1.12514900E+00   1.12436335E+00   1.12346560E+00   1.12244648E+00   1.12128919E+00   1.11998311E+00   1.11850976E+00   1.11685728E+00   1.11500302E+00   1.11293300E+00   1.11062505E+00   1.10806460E+00   1.10524949E+00   1.10214260E+00   1.09896302E+00   1.09549543E+00   1.09202314E+00   1.08827372E+00   1.08456119E+00   1.08059028E+00   1.07669034E+00   1.07255512E+00   1.06852542E+00   1.06428037E+00   1.06017583E+00   1.05588110E+00   1.05175099E+00   1.04745437E+00   1.04335636E+00   1.03911752E+00   1.03489386E+00   1.03054554E+00   1.02607570E+00   1.02148936E+00   1.01693562E+00   1.01259384E+00   1.00726753E+00   1.00000000E+00
   1.12852226E+00   1.12852227E+00   1.12852229E+00   1.12852234E+00   1.12852240E+00   1.12852248E+00   1.12852258E+00   1.12852270E+00   1.12852286E+00   1.12852305E+00   1.12852327E+00   1.12852354E+00   1.12852386E+00   1.12852423E+00   1.12852467E+00   1.12852518E+00   1.12852577E+00   1.12852645E+00   1.12852724E+00   1.12852814E+00   1.12852918E+00   1.12853037E+00   1.12853171E+00   1.12853324E+00   1.12853497E+00   1.12853691E+00   1.12853910E+00   1.12854154E+00   1.12854427E+00   1.12854730E+00   1.12855065E+00   1.12855435E+00   1.12855841E+00   1.12856285E+00   1.12856768E+00   1.12857291E+00   1.12857854E+00   1.12858456E+00   1.12859096E+00   1.12859770E+00   1.12860475E+00   1.12861203E+00   1.12861947E+00   1.12862694E+00   1.12863432E+00   1.12864138E+00   1.12864794E+00   1.12865367E+00   1.12865828E+00   1.12866128E+00   1.12866226E+00   1.12866052E+00   1.12865549E+00   1.12864616E+00   1.12863179E+00   1.12861097E+00   1.12858269E+00   1.12854508E+00   1.12849677E+00   1.12843532E+00   1.12835894E+00   1.12826443E+00   1.12814948E+00   1.12800989E+00   1.12784277E+00   1.12764308E+00   1.12740699E+00   1.12712785E+00   1.12680132E+00   1.12641920E+00   1.12597594E+00   1.12546181E+00   1.12487014E+00   1.12418890E+00   1.12341030E+00   1.12252045E+00   1.12151013E+00   1.12036265E+00   1.11906744E+00   1.11760613E+00   1.11596694E+00   1.11412735E+00   1.11207344E+00   1.10978318E+00   1.10724209E+00   1.10444798E+00   1.10136397E+00   1.09820754E+00   1.09476497E+00   1.09131753E+00   1.08759476E+00   1.08390849E+00   1.07996553E+00   1.07609294E+00   1.07198671E+00   1.06798535E+00   1.06377018E+00   1.05969455E+00   1.05543028E+00   1.05132982E+00   1.04706417E+00   1.04299559E+00   1.03878822E+00   1.03459754E+00   1.03028332E+00   1.02584892E+00   1.02130059E+00   1.01678562E+00   1.01248336E+00   1.00720470E+00   1.00000000E+00
   1.12770195E+00   1.12770195E+00   1.12770198E+00   1.12770202E+00   1.12770208E+00   1.12770216E+00   1.12770226E+00   1.12770238E+00   1.12770253E+00   1.12770272E+00   1.12770294E+00   1.12770321E+00   1.12770352E+00   1.12770389E+00   1.12770432E+00   1.12770482E+00   1.12770540E+00   1.12770608E+00   1.12770685E+00   1.12770775E+00   1.12770877E+00   1.12770994E+00   1.12771127E+00   1.12771278E+00   1.12771449E+00   1.12771641E+00   1.12771857E+00   1.12772100E+00   1.12772369E+00   1.12772669E+00   1.12773001E+00   1.12773367E+00   1.12773769E+00   1.12774209E+00   1.12774688E+00   1.12775206E+00   1.12775764E+00   1.12776361E+00   1.12776995E+00   1.12777664E+00   1.12778364E+00   1.12779086E+00   1.12779825E+00   1.12780567E+00   1.12781300E+00   1.12782003E+00   1.12782656E+00   1.12783227E+00   1.12783689E+00   1.12783990E+00   1.12784092E+00   1.12783924E+00   1.12783432E+00   1.12782513E+00   1.12781095E+00   1.12779038E+00   1.12776241E+00   1.12772519E+00   1.12767737E+00   1.12761651E+00   1.12754083E+00   1.12744716E+00   1.12733322E+00   1.12719481E+00   1.12702908E+00   1.12683100E+00   1.12659679E+00   1.12631980E+00   1.12599576E+00   1.12561649E+00   1.12517648E+00   1.12466605E+00   1.12407856E+00   1.12340207E+00   1.12262880E+00   1.12174494E+00   1.12074133E+00   1.11960137E+00   1.11831452E+00   1.11686251E+00   1.11523363E+00   1.11340547E+00   1.11136418E+00   1.10908785E+00   1.10656206E+00   1.10378463E+00   1.10071890E+00   1.09758106E+00   1.09415865E+00   1.09073134E+00   1.08703026E+00   1.08336545E+00   1.07944544E+00   1.07559542E+00   1.07151318E+00   1.06753535E+00   1.06334509E+00   1.05929366E+00   1.05505492E+00   1.05097936E+00   1.04673982E+00   1.04269616E+00   1.03851524E+00   1.03435215E+00   1.03006655E+00   1.02566186E+00   1.02114506E+00   1.01666237E+00   1.01239287E+00   1.00715355E+00   1.00000000E+00
   1.12734180E+00   1.12734181E+00   1.12734183E+00   1.12734187E+00   1.12734193E+00   1.12734201E+00   1.12734211E+00   1.12734223E+00   1.12734238E+00   1.12734257E+00   1.12734279E+00   1.12734305E+00   1.12734336E+00   1.12734373E+00   1.12734415E+00   1.12734465E+00   1.12734523E+00   1.12734590E+00   1.12734668E+00   1.12734757E+00   1.12734858E+00   1.12734975E+00   1.12735107E+00   1.12735258E+00   1.12735427E+00   1.12735619E+00   1.12735834E+00   1.12736075E+00   1.12736343E+00   1.12736642E+00   1.12736972E+00   1.12737337E+00   1.12737738E+00   1.12738176E+00   1.12738652E+00   1.12739168E+00   1.12739724E+00   1.12740319E+00   1.12740951E+00   1.12741617E+00   1.12742314E+00   1.12743034E+00   1.12743770E+00   1.12744510E+00   1.12745241E+00   1.12745942E+00   1.12746593E+00   1.12747163E+00   1.12747623E+00   1.12747924E+00   1.12748028E+00   1.12747862E+00   1.12747372E+00   1.12746458E+00   1.12745046E+00   1.12742998E+00   1.12740213E+00   1.12736506E+00   1.12731741E+00   1.12725678E+00   1.12718137E+00   1.12708803E+00   1.12697448E+00   1.12683653E+00   1.12667135E+00   1.12647391E+00   1.12624045E+00   1.12596433E+00   1.12564128E+00   1.12526317E+00   1.12482448E+00   1.12431555E+00   1.12372978E+00   1.12305523E+00   1.12228416E+00   1.12140278E+00   1.12040196E+00   1.11926512E+00   1.11798177E+00   1.11653367E+00   1.11490913E+00   1.11308580E+00   1.11104987E+00   1.10877947E+00   1.10626024E+00   1.10348998E+00   1.10043213E+00   1.09730233E+00   1.09388869E+00   1.09047017E+00   1.08677860E+00   1.08312321E+00   1.07921333E+00   1.07537327E+00   1.07130168E+00   1.06733431E+00   1.06315516E+00   1.05911453E+00   1.05488723E+00   1.05082283E+00   1.04659502E+00   1.04256259E+00   1.03839355E+00   1.03424282E+00   1.02997008E+00   1.02557871E+00   1.02107596E+00   1.01660774E+00   1.01235288E+00   1.00713105E+00   1.00000000E+00
   1.13140878E+00   1.13140879E+00   1.13140882E+00   1.13140886E+00   1.13140893E+00   1.13140901E+00   1.13140912E+00   1.13140926E+00   1.13140942E+00   1.13140963E+00   1.13140987E+00   1.13141015E+00   1.13141049E+00   1.13141088E+00   1.13141134E+00   1.13141188E+00   1.13141251E+00   1.13141323E+00   1.13141405E+00   1.13141501E+00   1.13141609E+00   1.13141733E+00   1.13141874E+00   1.13142034E+00   1.13142214E+00   1.13142417E+00   1.13142644E+00   1.13142898E+00   1.13143180E+00   1.13143494E+00   1.13143841E+00   1.13144222E+00   1.13144641E+00   1.13145098E+00   1.13145593E+00   1.13146129E+00   1.13146705E+00   1.13147320E+00   1.13147971E+00   1.13148656E+00   1.13149370E+00   1.13150104E+00   1.13150852E+00   1.13151599E+00   1.13152331E+00   1.13153026E+00   1.13153664E+00   1.13154210E+00   1.13154633E+00   1.13154882E+00   1.13154916E+00   1.13154659E+00   1.13154054E+00   1.13152995E+00   1.13151404E+00   1.13149137E+00   1.13146088E+00   1.13142066E+00   1.13136928E+00   1.13130423E+00   1.13122366E+00   1.13112429E+00   1.13100374E+00   1.13085773E+00   1.13068330E+00   1.13047525E+00   1.13022968E+00   1.12993983E+00   1.12960123E+00   1.12920556E+00   1.12874718E+00   1.12821618E+00   1.12760577E+00   1.12690380E+00   1.12610233E+00   1.12518732E+00   1.12414937E+00   1.12297168E+00   1.12164358E+00   1.12014649E+00   1.11846824E+00   1.11658630E+00   1.11448683E+00   1.11214750E+00   1.10955327E+00   1.10670258E+00   1.10355813E+00   1.10034155E+00   1.09683439E+00   1.09332369E+00   1.08953388E+00   1.08578189E+00   1.08176892E+00   1.07782844E+00   1.07364928E+00   1.06957653E+00   1.06528549E+00   1.06113479E+00   1.05678988E+00   1.05260966E+00   1.04825776E+00   1.04410220E+00   1.03979961E+00   1.03550707E+00   1.03108058E+00   1.02652936E+00   1.02185279E+00   1.01715221E+00   1.01268509E+00   1.00732461E+00   1.00000000E+00
   1.13077448E+00   1.13077449E+00   1.13077452E+00   1.13077456E+00   1.13077462E+00   1.13077471E+00   1.13077482E+00   1.13077495E+00   1.13077512E+00   1.13077531E+00   1.13077555E+00   1.13077583E+00   1.13077617E+00   1.13077656E+00   1.13077701E+00   1.13077754E+00   1.13077816E+00   1.13077887E+00   1.13077969E+00   1.13078063E+00   1.13078171E+00   1.13078294E+00   1.13078433E+00   1.13078591E+00   1.13078770E+00   1.13078971E+00   1.13079196E+00   1.13079448E+00   1.13079728E+00   1.13080039E+00   1.13080383E+00   1.13080762E+00   1.13081177E+00   1.13081630E+00   1.13082123E+00   1.13082655E+00   1.13083227E+00   1.13083838E+00   1.13084486E+00   1.13085167E+00   1.13085877E+00   1.13086608E+00   1.13087353E+00   1.13088097E+00   1.13088828E+00   1.13089522E+00   1.13090160E+00   1.13090708E+00   1.13091135E+00   1.13091390E+00   1.13091431E+00   1.13091185E+00   1.13090595E+00   1.13089555E+00   1.13087988E+00   1.13085751E+00   1.13082739E+00   1.13078762E+00   1.13073677E+00   1.13067236E+00   1.13059254E+00   1.13049405E+00   1.13037454E+00   1.13022974E+00   1.13005671E+00   1.12985027E+00   1.12960655E+00   1.12931880E+00   1.12898262E+00   1.12858968E+00   1.12813439E+00   1.12760688E+00   1.12700039E+00   1.12630281E+00   1.12550625E+00   1.12459670E+00   1.12356482E+00   1.12239386E+00   1.12107319E+00   1.11958429E+00   1.11791505E+00   1.11604300E+00   1.11395436E+00   1.11162686E+00   1.10904549E+00   1.10620870E+00   1.10307932E+00   1.09987789E+00   1.09638702E+00   1.09289243E+00   1.08911981E+00   1.08538465E+00   1.08138951E+00   1.07746638E+00   1.07330551E+00   1.06925057E+00   1.06497818E+00   1.06084541E+00   1.05651929E+00   1.05235728E+00   1.04802426E+00   1.04388646E+00   1.03960301E+00   1.03533063E+00   1.03092464E+00   1.02639461E+00   1.02174113E+00   1.01706377E+00   1.01262035E+00   1.00728766E+00   1.00000000E+00
   1.13028638E+00   1.13028639E+00   1.13028641E+00   1.13028646E+00   1.13028652E+00   1.13028660E+00   1.13028671E+00   1.13028684E+00   1.13028701E+00   1.13028720E+00   1.13028744E+00   1.13028772E+00   1.13028805E+00   1.13028843E+00   1.13028889E+00   1.13028941E+00   1.13029003E+00   1.13029073E+00   1.13029155E+00   1.13029248E+00   1.13029355E+00   1.13029477E+00   1.13029615E+00   1.13029772E+00   1.13029949E+00   1.13030149E+00   1.13030372E+00   1.13030623E+00   1.13030901E+00   1.13031210E+00   1.13031552E+00   1.13031929E+00   1.13032342E+00   1.13032792E+00   1.13033282E+00   1.13033812E+00   1.13034381E+00   1.13034989E+00   1.13035634E+00   1.13036312E+00   1.13037019E+00   1.13037747E+00   1.13038489E+00   1.13039231E+00   1.13039960E+00   1.13040652E+00   1.13041290E+00   1.13041837E+00   1.13042266E+00   1.13042523E+00   1.13042569E+00   1.13042329E+00   1.13041748E+00   1.13040719E+00   1.13039168E+00   1.13036950E+00   1.13033961E+00   1.13030013E+00   1.13024963E+00   1.13018564E+00   1.13010633E+00   1.13000844E+00   1.12988964E+00   1.12974566E+00   1.12957358E+00   1.12936825E+00   1.12912581E+00   1.12883954E+00   1.12850503E+00   1.12811401E+00   1.12766089E+00   1.12713585E+00   1.12653213E+00   1.12583768E+00   1.12504462E+00   1.12413900E+00   1.12311148E+00   1.12194539E+00   1.12063012E+00   1.11914720E+00   1.11748455E+00   1.11561978E+00   1.11353913E+00   1.11122040E+00   1.10864863E+00   1.10582225E+00   1.10270422E+00   1.09951427E+00   1.09603579E+00   1.09255351E+00   1.08879409E+00   1.08507193E+00   1.08109062E+00   1.07718101E+00   1.07303446E+00   1.06899351E+00   1.06473584E+00   1.06061729E+00   1.05630613E+00   1.05215862E+00   1.04784071E+00   1.04371721E+00   1.03944902E+00   1.03519253E+00   1.03080282E+00   1.02628960E+00   1.02165415E+00   1.01699501E+00   1.01257004E+00   1.00725910E+00   1.00000000E+00
   1.12988656E+00   1.12988657E+00   1.12988659E+00   1.12988664E+00   1.12988670E+00   1.12988678E+00   1.12988689E+00   1.12988702E+00   1.12988718E+00   1.12988738E+00   1.12988761E+00   1.12988789E+00   1.12988821E+00   1.12988860E+00   1.12988905E+00   1.12988957E+00   1.12989018E+00   1.12989088E+00   1.12989169E+00   1.12989262E+00   1.12989368E+00   1.12989489E+00   1.12989627E+00   1.12989783E+00   1.12989959E+00   1.12990158E+00   1.12990380E+00   1.12990629E+00   1.12990906E+00   1.12991214E+00   1.12991554E+00   1.12991929E+00   1.12992339E+00   1.12992788E+00   1.12993276E+00   1.12993803E+00   1.12994370E+00   1.12994975E+00   1.12995617E+00   1.12996293E+00   1.12996997E+00   1.12997723E+00   1.12998462E+00   1.12999202E+00   1.12999928E+00   1.13000619E+00   1.13001255E+00   1.13001802E+00   1.13002230E+00   1.13002488E+00   1.13002537E+00   1.13002300E+00   1.13001724E+00   1.13000703E+00   1.12999160E+00   1.12996955E+00   1.12993982E+00   1.12990054E+00   1.12985028E+00   1.12978659E+00   1.12970763E+00   1.12961016E+00   1.12949186E+00   1.12934847E+00   1.12917709E+00   1.12897256E+00   1.12873105E+00   1.12844586E+00   1.12811259E+00   1.12772299E+00   1.12727149E+00   1.12674829E+00   1.12614666E+00   1.12545457E+00   1.12466416E+00   1.12376153E+00   1.12273735E+00   1.12157500E+00   1.12026388E+00   1.11878559E+00   1.11712807E+00   1.11526899E+00   1.11319462E+00   1.11088281E+00   1.10831867E+00   1.10550058E+00   1.10239164E+00   1.09921093E+00   1.09574249E+00   1.09227023E+00   1.08852159E+00   1.08481009E+00   1.08084019E+00   1.07694178E+00   1.07280714E+00   1.06877784E+00   1.06453251E+00   1.06042592E+00   1.05612735E+00   1.05199210E+00   1.04768699E+00   1.04357568E+00   1.03932037E+00   1.03507725E+00   1.03070132E+00   1.02620229E+00   1.02158189E+00   1.01693805E+00   1.01252849E+00   1.00723567E+00   1.00000000E+00
   1.12971031E+00   1.12971032E+00   1.12971034E+00   1.12971039E+00   1.12971045E+00   1.12971053E+00   1.12971064E+00   1.12971077E+00   1.12971093E+00   1.12971113E+00   1.12971136E+00   1.12971163E+00   1.12971196E+00   1.12971234E+00   1.12971279E+00   1.12971331E+00   1.12971392E+00   1.12971462E+00   1.12971543E+00   1.12971635E+00   1.12971741E+00   1.12971862E+00   1.12971999E+00   1.12972155E+00   1.12972331E+00   1.12972529E+00   1.12972751E+00   1.12972999E+00   1.12973275E+00   1.12973583E+00   1.12973922E+00   1.12974296E+00   1.12974706E+00   1.12975154E+00   1.12975640E+00   1.12976167E+00   1.12976732E+00   1.12977336E+00   1.12977977E+00   1.12978652E+00   1.12979355E+00   1.12980079E+00   1.12980817E+00   1.12981556E+00   1.12982281E+00   1.12982971E+00   1.12983606E+00   1.12984152E+00   1.12984580E+00   1.12984838E+00   1.12984887E+00   1.12984651E+00   1.12984077E+00   1.12983058E+00   1.12981519E+00   1.12979318E+00   1.12976351E+00   1.12972429E+00   1.12967413E+00   1.12961055E+00   1.12953173E+00   1.12943442E+00   1.12931631E+00   1.12917316E+00   1.12900205E+00   1.12879784E+00   1.12855671E+00   1.12827195E+00   1.12793918E+00   1.12755016E+00   1.12709931E+00   1.12657686E+00   1.12597609E+00   1.12528496E+00   1.12449565E+00   1.12359426E+00   1.12257147E+00   1.12141068E+00   1.12010131E+00   1.11862497E+00   1.11696962E+00   1.11511295E+00   1.11304125E+00   1.11073241E+00   1.10817153E+00   1.10535703E+00   1.10225202E+00   1.09907533E+00   1.09561127E+00   1.09214339E+00   1.08839950E+00   1.08469270E+00   1.08072784E+00   1.07683441E+00   1.07270507E+00   1.06868098E+00   1.06444117E+00   1.06033994E+00   1.05604704E+00   1.05191730E+00   1.04761799E+00   1.04351218E+00   1.03926270E+00   1.03502560E+00   1.03065589E+00   1.02616327E+00   1.02154961E+00   1.01691268E+00   1.01251004E+00   1.00722532E+00   1.00000000E+00
   1.14820418E+00   1.14820419E+00   1.14820421E+00   1.14820426E+00   1.14820432E+00   1.14820441E+00   1.14820453E+00   1.14820467E+00   1.14820485E+00   1.14820506E+00   1.14820531E+00   1.14820561E+00   1.14820597E+00   1.14820639E+00   1.14820689E+00   1.14820746E+00   1.14820813E+00   1.14820891E+00   1.14820981E+00   1.14821085E+00   1.14821204E+00   1.14821341E+00   1.14821496E+00   1.14821674E+00   1.14821875E+00   1.14822103E+00   1.14822359E+00   1.14822648E+00   1.14822971E+00   1.14823331E+00   1.14823731E+00   1.14824176E+00   1.14824667E+00   1.14825206E+00   1.14825797E+00   1.14826444E+00   1.14827147E+00   1.14827904E+00   1.14828719E+00   1.14829592E+00   1.14830518E+00   1.14831489E+00   1.14832503E+00   1.14833556E+00   1.14834634E+00   1.14835713E+00   1.14836782E+00   1.14837816E+00   1.14838785E+00   1.14839638E+00   1.14840340E+00   1.14840827E+00   1.14841046E+00   1.14840894E+00   1.14840306E+00   1.14839149E+00   1.14837313E+00   1.14834610E+00   1.14830902E+00   1.14825939E+00   1.14819563E+00   1.14811468E+00   1.14801396E+00   1.14788829E+00   1.14773500E+00   1.14754988E+00   1.14732870E+00   1.14706370E+00   1.14675081E+00   1.14638126E+00   1.14594900E+00   1.14544352E+00   1.14485768E+00   1.14417714E+00   1.14339405E+00   1.14249335E+00   1.14146488E+00   1.14028829E+00   1.13895201E+00   1.13743618E+00   1.13572874E+00   1.13380195E+00   1.13164102E+00   1.12922235E+00   1.12652478E+00   1.12353437E+00   1.12022152E+00   1.11682816E+00   1.11310729E+00   1.10934172E+00   1.10525118E+00   1.10118511E+00   1.09682647E+00   1.09253946E+00   1.08796736E+00   1.08345826E+00   1.07869511E+00   1.07410088E+00   1.06925426E+00   1.06452220E+00   1.05959524E+00   1.05494495E+00   1.05006321E+00   1.04504755E+00   1.03984670E+00   1.03446987E+00   1.02887923E+00   1.02342577E+00   1.01801680E+00   1.01055006E+00   1.00000000E+00
   1.12826710E+00   1.12826710E+00   1.12826711E+00   1.12826714E+00   1.12826718E+00   1.12826723E+00   1.12826731E+00   1.12826740E+00   1.12826751E+00   1.12826765E+00   1.12826782E+00   1.12826802E+00   1.12826827E+00   1.12826856E+00   1.12826890E+00   1.12826930E+00   1.12826977E+00   1.12827033E+00   1.12827098E+00   1.12827173E+00   1.12827260E+00   1.12827360E+00   1.12827476E+00   1.12827609E+00   1.12827761E+00   1.12827933E+00   1.12828129E+00   1.12828351E+00   1.12828602E+00   1.12828882E+00   1.12829196E+00   1.12829548E+00   1.12829939E+00   1.12830372E+00   1.12830848E+00   1.12831375E+00   1.12831951E+00   1.12832576E+00   1.12833254E+00   1.12833988E+00   1.12834773E+00   1.12835605E+00   1.12836483E+00   1.12837406E+00   1.12838365E+00   1.12839341E+00   1.12840328E+00   1.12841308E+00   1.12842259E+00   1.12843140E+00   1.12843925E+00   1.12844567E+00   1.12845021E+00   1.12845206E+00   1.12845069E+00   1.12844506E+00   1.12843425E+00   1.12841672E+00   1.12839132E+00   1.12835598E+00   1.12830939E+00   1.12824899E+00   1.12817258E+00   1.12807572E+00   1.12795613E+00   1.12781026E+00   1.12763442E+00   1.12742185E+00   1.12716903E+00   1.12686830E+00   1.12651432E+00   1.12609777E+00   1.12561229E+00   1.12504518E+00   1.12438937E+00   1.12363135E+00   1.12276194E+00   1.12176281E+00   1.12062331E+00   1.11932524E+00   1.11785780E+00   1.11619604E+00   1.11432589E+00   1.11222499E+00   1.10987471E+00   1.10726222E+00   1.10436006E+00   1.10137894E+00   1.09810312E+00   1.09478237E+00   1.09116990E+00   1.08757593E+00   1.08371906E+00   1.07991947E+00   1.07586661E+00   1.07187538E+00   1.06765982E+00   1.06359490E+00   1.05931424E+00   1.05514670E+00   1.05081698E+00   1.04674256E+00   1.04248431E+00   1.03813898E+00   1.03365730E+00   1.02905558E+00   1.02430832E+00   1.01973898E+00   1.01529235E+00   1.00905248E+00   1.00000000E+00
   1.11470878E+00   1.11470878E+00   1.11470879E+00   1.11470881E+00   1.11470884E+00   1.11470888E+00   1.11470893E+00   1.11470899E+00   1.11470908E+00   1.11470918E+00   1.11470931E+00   1.11470946E+00   1.11470964E+00   1.11470986E+00   1.11471012E+00   1.11471043E+00   1.11471080E+00   1.11471123E+00   1.11471174E+00   1.11471234E+00   1.11471303E+00   1.11471384E+00   1.11471476E+00   1.11471584E+00   1.11471707E+00   1.11471848E+00   1.11472009E+00   1.11472192E+00   1.11472400E+00   1.11472633E+00   1.11472895E+00   1.11473191E+00   1.11473521E+00   1.11473887E+00   1.11474293E+00   1.11474742E+00   1.11475237E+00   1.11475777E+00   1.11476365E+00   1.11477004E+00   1.11477692E+00   1.11478426E+00   1.11479205E+00   1.11480030E+00   1.11480893E+00   1.11481781E+00   1.11482688E+00   1.11483599E+00   1.11484499E+00   1.11485351E+00   1.11486136E+00   1.11486814E+00   1.11487347E+00   1.11487665E+00   1.11487725E+00   1.11487437E+00   1.11486722E+00   1.11485446E+00   1.11483510E+00   1.11480731E+00   1.11476996E+00   1.11472081E+00   1.11465790E+00   1.11457725E+00   1.11447687E+00   1.11435360E+00   1.11420412E+00   1.11402235E+00   1.11380511E+00   1.11354552E+00   1.11323870E+00   1.11287616E+00   1.11245210E+00   1.11195492E+00   1.11137814E+00   1.11070935E+00   1.10994010E+00   1.10905346E+00   1.10803954E+00   1.10688134E+00   1.10556906E+00   1.10407972E+00   1.10239988E+00   1.10050827E+00   1.09838805E+00   1.09602738E+00   1.09340036E+00   1.09069686E+00   1.08772210E+00   1.08470365E+00   1.08141728E+00   1.07814615E+00   1.07463340E+00   1.07116951E+00   1.06747470E+00   1.06384109E+00   1.06000427E+00   1.05630564E+00   1.05241633E+00   1.04863957E+00   1.04472367E+00   1.04104826E+00   1.03722170E+00   1.03334088E+00   1.02935785E+00   1.02529298E+00   1.02112973E+00   1.01717740E+00   1.01340462E+00   1.00801538E+00   1.00000000E+00
   1.10463055E+00   1.10463055E+00   1.10463055E+00   1.10463057E+00   1.10463059E+00   1.10463062E+00   1.10463066E+00   1.10463071E+00   1.10463077E+00   1.10463085E+00   1.10463095E+00   1.10463108E+00   1.10463122E+00   1.10463140E+00   1.10463161E+00   1.10463187E+00   1.10463217E+00   1.10463253E+00   1.10463295E+00   1.10463345E+00   1.10463403E+00   1.10463471E+00   1.10463549E+00   1.10463640E+00   1.10463745E+00   1.10463866E+00   1.10464003E+00   1.10464161E+00   1.10464340E+00   1.10464542E+00   1.10464770E+00   1.10465027E+00   1.10465315E+00   1.10465636E+00   1.10465992E+00   1.10466389E+00   1.10466826E+00   1.10467305E+00   1.10467828E+00   1.10468399E+00   1.10469016E+00   1.10469676E+00   1.10470380E+00   1.10471128E+00   1.10471915E+00   1.10472728E+00   1.10473564E+00   1.10474411E+00   1.10475253E+00   1.10476062E+00   1.10476818E+00   1.10477489E+00   1.10478039E+00   1.10478409E+00   1.10478559E+00   1.10478409E+00   1.10477890E+00   1.10476880E+00   1.10475290E+00   1.10472957E+00   1.10469778E+00   1.10465551E+00   1.10460096E+00   1.10453052E+00   1.10444233E+00   1.10433357E+00   1.10420118E+00   1.10403953E+00   1.10384573E+00   1.10361344E+00   1.10333813E+00   1.10301196E+00   1.10262950E+00   1.10218000E+00   1.10165744E+00   1.10105024E+00   1.10035051E+00   1.09954241E+00   1.09861665E+00   1.09755727E+00   1.09635515E+00   1.09498887E+00   1.09344561E+00   1.09170503E+00   1.08975161E+00   1.08757433E+00   1.08514875E+00   1.08264943E+00   1.07989677E+00   1.07710211E+00   1.07405788E+00   1.07102684E+00   1.06777067E+00   1.06455803E+00   1.06113118E+00   1.05776554E+00   1.05421295E+00   1.05078915E+00   1.04719300E+00   1.04370959E+00   1.04010486E+00   1.03672922E+00   1.03322643E+00   1.02969516E+00   1.02608884E+00   1.02243004E+00   1.01870893E+00   1.01522651E+00   1.01196844E+00   1.00722589E+00   1.00000000E+00
   1.10045784E+00   1.10045784E+00   1.10045785E+00   1.10045786E+00   1.10045788E+00   1.10045790E+00   1.10045794E+00   1.10045799E+00   1.10045804E+00   1.10045812E+00   1.10045821E+00   1.10045832E+00   1.10045845E+00   1.10045862E+00   1.10045881E+00   1.10045905E+00   1.10045932E+00   1.10045966E+00   1.10046005E+00   1.10046051E+00   1.10046105E+00   1.10046168E+00   1.10046241E+00   1.10046326E+00   1.10046424E+00   1.10046536E+00   1.10046665E+00   1.10046813E+00   1.10046981E+00   1.10047171E+00   1.10047385E+00   1.10047628E+00   1.10047899E+00   1.10048203E+00   1.10048540E+00   1.10048915E+00   1.10049330E+00   1.10049784E+00   1.10050281E+00   1.10050824E+00   1.10051412E+00   1.10052041E+00   1.10052713E+00   1.10053429E+00   1.10054183E+00   1.10054964E+00   1.10055767E+00   1.10056584E+00   1.10057399E+00   1.10058183E+00   1.10058921E+00   1.10059579E+00   1.10060127E+00   1.10060506E+00   1.10060678E+00   1.10060569E+00   1.10060111E+00   1.10059187E+00   1.10057714E+00   1.10055535E+00   1.10052551E+00   1.10048568E+00   1.10043416E+00   1.10036743E+00   1.10028372E+00   1.10018035E+00   1.10005433E+00   1.09990026E+00   1.09971533E+00   1.09949342E+00   1.09923017E+00   1.09891798E+00   1.09855160E+00   1.09812061E+00   1.09761920E+00   1.09703614E+00   1.09636376E+00   1.09558670E+00   1.09469591E+00   1.09367592E+00   1.09251789E+00   1.09120103E+00   1.08971284E+00   1.08803342E+00   1.08614775E+00   1.08404518E+00   1.08170202E+00   1.07928651E+00   1.07662516E+00   1.07392272E+00   1.07097848E+00   1.06804667E+00   1.06489670E+00   1.06178837E+00   1.05847261E+00   1.05521825E+00   1.05178380E+00   1.04847411E+00   1.04499945E+00   1.04163792E+00   1.03816268E+00   1.03491161E+00   1.03154318E+00   1.02815770E+00   1.02470927E+00   1.02122103E+00   1.01768586E+00   1.01440178E+00   1.01136144E+00   1.00689195E+00   1.00000000E+00
   1.14751061E+00   1.14751062E+00   1.14751064E+00   1.14751069E+00   1.14751076E+00   1.14751085E+00   1.14751096E+00   1.14751111E+00   1.14751128E+00   1.14751150E+00   1.14751175E+00   1.14751206E+00   1.14751242E+00   1.14751284E+00   1.14751334E+00   1.14751392E+00   1.14751460E+00   1.14751538E+00   1.14751629E+00   1.14751733E+00   1.14751853E+00   1.14751990E+00   1.14752147E+00   1.14752325E+00   1.14752527E+00   1.14752755E+00   1.14753012E+00   1.14753302E+00   1.14753625E+00   1.14753985E+00   1.14754385E+00   1.14754830E+00   1.14755320E+00   1.14755859E+00   1.14756448E+00   1.14757093E+00   1.14757793E+00   1.14758547E+00   1.14759356E+00   1.14760222E+00   1.14761139E+00   1.14762100E+00   1.14763104E+00   1.14764141E+00   1.14765200E+00   1.14766258E+00   1.14767301E+00   1.14768303E+00   1.14769234E+00   1.14770043E+00   1.14770695E+00   1.14771122E+00   1.14771272E+00   1.14771040E+00   1.14770361E+00   1.14769095E+00   1.14767134E+00   1.14764288E+00   1.14760422E+00   1.14755285E+00   1.14748707E+00   1.14740368E+00   1.14730017E+00   1.14717157E+00   1.14701513E+00   1.14682638E+00   1.14660104E+00   1.14633147E+00   1.14601356E+00   1.14563843E+00   1.14519997E+00   1.14468763E+00   1.14409428E+00   1.14340587E+00   1.14261436E+00   1.14170454E+00   1.14066620E+00   1.13947933E+00   1.13813250E+00   1.13660604E+00   1.13488780E+00   1.13295002E+00   1.13077708E+00   1.12834505E+00   1.12563501E+00   1.12263566E+00   1.11931345E+00   1.11590689E+00   1.11217324E+00   1.10840278E+00   1.10431195E+00   1.10024866E+00   1.09589178E+00   1.09160237E+00   1.08703117E+00   1.08253439E+00   1.07778603E+00   1.07319855E+00   1.06836111E+00   1.06365321E+00   1.05875238E+00   1.05411046E+00   1.04923572E+00   1.04425143E+00   1.03909804E+00   1.03377293E+00   1.02823528E+00   1.02281479E+00   1.01742082E+00   1.01012417E+00   1.00000000E+00
   1.12972672E+00   1.12972672E+00   1.12972674E+00   1.12972676E+00   1.12972681E+00   1.12972687E+00   1.12972694E+00   1.12972704E+00   1.12972716E+00   1.12972731E+00   1.12972749E+00   1.12972770E+00   1.12972796E+00   1.12972826E+00   1.12972862E+00   1.12972904E+00   1.12972954E+00   1.12973012E+00   1.12973079E+00   1.12973158E+00   1.12973248E+00   1.12973353E+00   1.12973473E+00   1.12973610E+00   1.12973767E+00   1.12973946E+00   1.12974148E+00   1.12974377E+00   1.12974635E+00   1.12974924E+00   1.12975246E+00   1.12975607E+00   1.12976007E+00   1.12976450E+00   1.12976938E+00   1.12977474E+00   1.12978060E+00   1.12978697E+00   1.12979385E+00   1.12980128E+00   1.12980920E+00   1.12981760E+00   1.12982644E+00   1.12983570E+00   1.12984527E+00   1.12985500E+00   1.12986477E+00   1.12987440E+00   1.12988366E+00   1.12989213E+00   1.12989955E+00   1.12990539E+00   1.12990919E+00   1.12991014E+00   1.12990766E+00   1.12990065E+00   1.12988817E+00   1.12986863E+00   1.12984090E+00   1.12980286E+00   1.12975306E+00   1.12968875E+00   1.12960778E+00   1.12950583E+00   1.12938050E+00   1.12922793E+00   1.12904435E+00   1.12882300E+00   1.12856028E+00   1.12824830E+00   1.12788161E+00   1.12745072E+00   1.12694923E+00   1.12636451E+00   1.12568925E+00   1.12490961E+00   1.12401631E+00   1.12299110E+00   1.12182339E+00   1.12049497E+00   1.11899483E+00   1.11729762E+00   1.11538849E+00   1.11324475E+00   1.11084968E+00   1.10819257E+00   1.10524190E+00   1.10220846E+00   1.09887803E+00   1.09551057E+00   1.09185228E+00   1.08821523E+00   1.08431140E+00   1.08046305E+00   1.07636244E+00   1.07233419E+00   1.06808054E+00   1.06397157E+00   1.05964669E+00   1.05544907E+00   1.05108594E+00   1.04696134E+00   1.04265028E+00   1.03827195E+00   1.03376186E+00   1.02912316E+00   1.02432816E+00   1.01967817E+00   1.01510999E+00   1.00885170E+00   1.00000000E+00
   1.11780142E+00   1.11780143E+00   1.11780144E+00   1.11780146E+00   1.11780149E+00   1.11780153E+00   1.11780159E+00   1.11780166E+00   1.11780176E+00   1.11780187E+00   1.11780201E+00   1.11780217E+00   1.11780237E+00   1.11780261E+00   1.11780290E+00   1.11780323E+00   1.11780363E+00   1.11780410E+00   1.11780465E+00   1.11780529E+00   1.11780603E+00   1.11780689E+00   1.11780788E+00   1.11780903E+00   1.11781034E+00   1.11781184E+00   1.11781354E+00   1.11781548E+00   1.11781766E+00   1.11782012E+00   1.11782288E+00   1.11782598E+00   1.11782943E+00   1.11783327E+00   1.11783750E+00   1.11784218E+00   1.11784732E+00   1.11785292E+00   1.11785900E+00   1.11786559E+00   1.11787266E+00   1.11788019E+00   1.11788817E+00   1.11789657E+00   1.11790532E+00   1.11791429E+00   1.11792339E+00   1.11793246E+00   1.11794132E+00   1.11794961E+00   1.11795711E+00   1.11796337E+00   1.11796800E+00   1.11797027E+00   1.11796971E+00   1.11796533E+00   1.11795632E+00   1.11794128E+00   1.11791919E+00   1.11788817E+00   1.11784694E+00   1.11779304E+00   1.11772452E+00   1.11763747E+00   1.11752975E+00   1.11739787E+00   1.11723839E+00   1.11704514E+00   1.11681484E+00   1.11654029E+00   1.11621645E+00   1.11583457E+00   1.11538876E+00   1.11486735E+00   1.11426355E+00   1.11356450E+00   1.11276158E+00   1.11183776E+00   1.11078313E+00   1.10958055E+00   1.10821985E+00   1.10667743E+00   1.10493905E+00   1.10298308E+00   1.10079433E+00   1.09836268E+00   1.09565817E+00   1.09287328E+00   1.08981267E+00   1.08671603E+00   1.08334954E+00   1.08000091E+00   1.07640473E+00   1.07285730E+00   1.06907817E+00   1.06537032E+00   1.06145581E+00   1.05767549E+00   1.05370233E+00   1.04985510E+00   1.04586190E+00   1.04209362E+00   1.03816969E+00   1.03420650E+00   1.03013730E+00   1.02596784E+00   1.02167818E+00   1.01755414E+00   1.01355003E+00   1.00799317E+00   1.00000000E+00
   1.10898669E+00   1.10898669E+00   1.10898670E+00   1.10898672E+00   1.10898674E+00   1.10898678E+00   1.10898682E+00   1.10898688E+00   1.10898696E+00   1.10898705E+00   1.10898716E+00   1.10898730E+00   1.10898747E+00   1.10898767E+00   1.10898791E+00   1.10898819E+00   1.10898853E+00   1.10898893E+00   1.10898939E+00   1.10898994E+00   1.10899058E+00   1.10899132E+00   1.10899218E+00   1.10899318E+00   1.10899432E+00   1.10899563E+00   1.10899712E+00   1.10899882E+00   1.10900074E+00   1.10900292E+00   1.10900536E+00   1.10900811E+00   1.10901119E+00   1.10901461E+00   1.10901840E+00   1.10902260E+00   1.10902722E+00   1.10903227E+00   1.10903777E+00   1.10904375E+00   1.10905019E+00   1.10905706E+00   1.10906437E+00   1.10907209E+00   1.10908018E+00   1.10908849E+00   1.10909699E+00   1.10910551E+00   1.10911390E+00   1.10912184E+00   1.10912914E+00   1.10913539E+00   1.10914025E+00   1.10914307E+00   1.10914340E+00   1.10914037E+00   1.10913323E+00   1.10912071E+00   1.10910187E+00   1.10907501E+00   1.10903894E+00   1.10899140E+00   1.10893060E+00   1.10885293E+00   1.10875638E+00   1.10863777E+00   1.10849388E+00   1.10831897E+00   1.10810998E+00   1.10786021E+00   1.10756494E+00   1.10721598E+00   1.10680779E+00   1.10632942E+00   1.10577450E+00   1.10513092E+00   1.10439054E+00   1.10353731E+00   1.10256182E+00   1.10144785E+00   1.10018585E+00   1.09875356E+00   1.09713732E+00   1.09531643E+00   1.09327676E+00   1.09100879E+00   1.08848392E+00   1.08588129E+00   1.08301912E+00   1.08012234E+00   1.07697188E+00   1.07383727E+00   1.07047002E+00   1.06714743E+00   1.06360852E+00   1.06014039E+00   1.05648021E+00   1.05294663E+00   1.04923722E+00   1.04565323E+00   1.04193865E+00   1.03843892E+00   1.03480590E+00   1.03115476E+00   1.02741774E+00   1.02360148E+00   1.01969107E+00   1.01596258E+00   1.01238298E+00   1.00735074E+00   1.00000000E+00
   1.10534120E+00   1.10534120E+00   1.10534121E+00   1.10534122E+00   1.10534124E+00   1.10534128E+00   1.10534132E+00   1.10534137E+00   1.10534144E+00   1.10534153E+00   1.10534163E+00   1.10534176E+00   1.10534191E+00   1.10534210E+00   1.10534232E+00   1.10534259E+00   1.10534290E+00   1.10534327E+00   1.10534371E+00   1.10534423E+00   1.10534482E+00   1.10534552E+00   1.10534633E+00   1.10534727E+00   1.10534834E+00   1.10534958E+00   1.10535099E+00   1.10535260E+00   1.10535443E+00   1.10535649E+00   1.10535881E+00   1.10536142E+00   1.10536435E+00   1.10536761E+00   1.10537122E+00   1.10537523E+00   1.10537964E+00   1.10538447E+00   1.10538974E+00   1.10539546E+00   1.10540164E+00   1.10540824E+00   1.10541526E+00   1.10542270E+00   1.10543049E+00   1.10543852E+00   1.10544673E+00   1.10545499E+00   1.10546314E+00   1.10547088E+00   1.10547803E+00   1.10548420E+00   1.10548905E+00   1.10549197E+00   1.10549254E+00   1.10548991E+00   1.10548336E+00   1.10547166E+00   1.10545392E+00   1.10542849E+00   1.10539424E+00   1.10534897E+00   1.10529096E+00   1.10521670E+00   1.10512426E+00   1.10501057E+00   1.10487250E+00   1.10470449E+00   1.10450357E+00   1.10426323E+00   1.10397889E+00   1.10364259E+00   1.10324893E+00   1.10278727E+00   1.10225142E+00   1.10162957E+00   1.10091379E+00   1.10008846E+00   1.09914436E+00   1.09806571E+00   1.09684320E+00   1.09545515E+00   1.09388817E+00   1.09212197E+00   1.09014286E+00   1.08794159E+00   1.08549023E+00   1.08296244E+00   1.08018187E+00   1.07736746E+00   1.07430626E+00   1.07126018E+00   1.06798780E+00   1.06475867E+00   1.06131951E+00   1.05795110E+00   1.05439688E+00   1.05096613E+00   1.04736651E+00   1.04389236E+00   1.04029435E+00   1.03690698E+00   1.03339546E+00   1.02987493E+00   1.02627736E+00   1.02260937E+00   1.01885789E+00   1.01529539E+00   1.01189405E+00   1.00708147E+00   1.00000000E+00
   1.14644923E+00   1.14644924E+00   1.14644926E+00   1.14644931E+00   1.14644937E+00   1.14644947E+00   1.14644958E+00   1.14644973E+00   1.14644990E+00   1.14645012E+00   1.14645038E+00   1.14645068E+00   1.14645105E+00   1.14645147E+00   1.14645197E+00   1.14645255E+00   1.14645323E+00   1.14645402E+00   1.14645493E+00   1.14645597E+00   1.14645717E+00   1.14645854E+00   1.14646011E+00   1.14646189E+00   1.14646391E+00   1.14646619E+00   1.14646875E+00   1.14647164E+00   1.14647486E+00   1.14647845E+00   1.14648244E+00   1.14648686E+00   1.14649174E+00   1.14649710E+00   1.14650295E+00   1.14650935E+00   1.14651628E+00   1.14652375E+00   1.14653176E+00   1.14654032E+00   1.14654936E+00   1.14655884E+00   1.14656871E+00   1.14657889E+00   1.14658924E+00   1.14659956E+00   1.14660968E+00   1.14661933E+00   1.14662821E+00   1.14663582E+00   1.14664178E+00   1.14664542E+00   1.14664618E+00   1.14664303E+00   1.14663529E+00   1.14662154E+00   1.14660069E+00   1.14657085E+00   1.14653064E+00   1.14647756E+00   1.14640983E+00   1.14632416E+00   1.14621809E+00   1.14608681E+00   1.14592749E+00   1.14573544E+00   1.14550638E+00   1.14523278E+00   1.14491046E+00   1.14453048E+00   1.14408673E+00   1.14356864E+00   1.14296911E+00   1.14227430E+00   1.14147604E+00   1.14055905E+00   1.13951322E+00   1.13831890E+00   1.13696471E+00   1.13543099E+00   1.13370541E+00   1.13176048E+00   1.12958041E+00   1.12714121E+00   1.12442513E+00   1.12142260E+00   1.11809777E+00   1.11468724E+00   1.11095165E+00   1.10718580E+00   1.10310353E+00   1.09905055E+00   1.09470451E+00   1.09042478E+00   1.08586729E+00   1.08139199E+00   1.07666729E+00   1.07209813E+00   1.06728351E+00   1.06260997E+00   1.05774499E+00   1.05312549E+00   1.04827737E+00   1.04334213E+00   1.03824899E+00   1.03298693E+00   1.02751421E+00   1.02213725E+00   1.01678464E+00   1.00969169E+00   1.00000000E+00
   1.13094971E+00   1.13094971E+00   1.13094973E+00   1.13094976E+00   1.13094980E+00   1.13094987E+00   1.13094995E+00   1.13095005E+00   1.13095018E+00   1.13095033E+00   1.13095052E+00   1.13095075E+00   1.13095101E+00   1.13095133E+00   1.13095171E+00   1.13095215E+00   1.13095266E+00   1.13095327E+00   1.13095397E+00   1.13095479E+00   1.13095572E+00   1.13095681E+00   1.13095805E+00   1.13095947E+00   1.13096109E+00   1.13096293E+00   1.13096501E+00   1.13096736E+00   1.13097000E+00   1.13097297E+00   1.13097627E+00   1.13097996E+00   1.13098405E+00   1.13098856E+00   1.13099352E+00   1.13099898E+00   1.13100492E+00   1.13101137E+00   1.13101833E+00   1.13102582E+00   1.13103380E+00   1.13104223E+00   1.13105109E+00   1.13106033E+00   1.13106984E+00   1.13107946E+00   1.13108908E+00   1.13109847E+00   1.13110741E+00   1.13111547E+00   1.13112236E+00   1.13112752E+00   1.13113049E+00   1.13113042E+00   1.13112671E+00   1.13111818E+00   1.13110391E+00   1.13108225E+00   1.13105205E+00   1.13101111E+00   1.13095791E+00   1.13088957E+00   1.13080394E+00   1.13069676E+00   1.13056553E+00   1.13040611E+00   1.13021467E+00   1.12998447E+00   1.12971176E+00   1.12938851E+00   1.12900916E+00   1.12856409E+00   1.12804686E+00   1.12744485E+00   1.12675055E+00   1.12594989E+00   1.12503357E+00   1.12398348E+00   1.12278897E+00   1.12143167E+00   1.11990027E+00   1.11816937E+00   1.11622387E+00   1.11404097E+00   1.11160481E+00   1.10890616E+00   1.10591102E+00   1.10283175E+00   1.09945442E+00   1.09604645E+00   1.09234785E+00   1.08867246E+00   1.08472792E+00   1.08083960E+00   1.07670007E+00   1.07264018E+00   1.06835357E+00   1.06420843E+00   1.05984839E+00   1.05562596E+00   1.05123434E+00   1.04706917E+00   1.04271809E+00   1.03831572E+00   1.03378204E+00   1.02911070E+00   1.02427457E+00   1.01955327E+00   1.01489335E+00   1.00865239E+00   1.00000000E+00
   1.12068059E+00   1.12068059E+00   1.12068060E+00   1.12068063E+00   1.12068066E+00   1.12068071E+00   1.12068078E+00   1.12068086E+00   1.12068096E+00   1.12068108E+00   1.12068123E+00   1.12068142E+00   1.12068163E+00   1.12068189E+00   1.12068220E+00   1.12068257E+00   1.12068299E+00   1.12068350E+00   1.12068409E+00   1.12068477E+00   1.12068556E+00   1.12068648E+00   1.12068754E+00   1.12068875E+00   1.12069014E+00   1.12069172E+00   1.12069352E+00   1.12069556E+00   1.12069785E+00   1.12070044E+00   1.12070333E+00   1.12070657E+00   1.12071017E+00   1.12071416E+00   1.12071856E+00   1.12072341E+00   1.12072872E+00   1.12073450E+00   1.12074077E+00   1.12074753E+00   1.12075477E+00   1.12076245E+00   1.12077057E+00   1.12077908E+00   1.12078790E+00   1.12079689E+00   1.12080596E+00   1.12081491E+00   1.12082355E+00   1.12083152E+00   1.12083856E+00   1.12084418E+00   1.12084798E+00   1.12084918E+00   1.12084729E+00   1.12084123E+00   1.12083017E+00   1.12081265E+00   1.12078761E+00   1.12075307E+00   1.12070766E+00   1.12064875E+00   1.12057437E+00   1.12048062E+00   1.12036523E+00   1.12022438E+00   1.12005456E+00   1.11984951E+00   1.11960579E+00   1.11931594E+00   1.11897480E+00   1.11857340E+00   1.11810571E+00   1.11755996E+00   1.11692909E+00   1.11619991E+00   1.11536367E+00   1.11440334E+00   1.11330884E+00   1.11206274E+00   1.11065448E+00   1.10906015E+00   1.10726521E+00   1.10524786E+00   1.10299353E+00   1.10049336E+00   1.09771482E+00   1.09485443E+00   1.09171483E+00   1.08854532E+00   1.08510342E+00   1.08168156E+00   1.07800762E+00   1.07438440E+00   1.07052828E+00   1.06675026E+00   1.06276186E+00   1.05890599E+00   1.05485556E+00   1.05094034E+00   1.04687191E+00   1.04301732E+00   1.03900388E+00   1.03496148E+00   1.03080597E+00   1.02653274E+00   1.02212237E+00   1.01783967E+00   1.01364260E+00   1.00796516E+00   1.00000000E+00
   1.11312045E+00   1.11312045E+00   1.11312046E+00   1.11312048E+00   1.11312051E+00   1.11312055E+00   1.11312060E+00   1.11312067E+00   1.11312075E+00   1.11312086E+00   1.11312099E+00   1.11312114E+00   1.11312133E+00   1.11312155E+00   1.11312182E+00   1.11312213E+00   1.11312251E+00   1.11312295E+00   1.11312346E+00   1.11312406E+00   1.11312476E+00   1.11312557E+00   1.11312650E+00   1.11312758E+00   1.11312882E+00   1.11313023E+00   1.11313184E+00   1.11313366E+00   1.11313573E+00   1.11313805E+00   1.11314066E+00   1.11314359E+00   1.11314685E+00   1.11315048E+00   1.11315448E+00   1.11315891E+00   1.11316376E+00   1.11316906E+00   1.11317481E+00   1.11318104E+00   1.11318772E+00   1.11319484E+00   1.11320237E+00   1.11321030E+00   1.11321854E+00   1.11322698E+00   1.11323553E+00   1.11324403E+00   1.11325229E+00   1.11325999E+00   1.11326689E+00   1.11327256E+00   1.11327663E+00   1.11327838E+00   1.11327736E+00   1.11327258E+00   1.11326327E+00   1.11324808E+00   1.11322604E+00   1.11319530E+00   1.11315459E+00   1.11310146E+00   1.11303408E+00   1.11294879E+00   1.11284346E+00   1.11271454E+00   1.11255870E+00   1.11237008E+00   1.11214542E+00   1.11187770E+00   1.11156204E+00   1.11118995E+00   1.11075573E+00   1.11024823E+00   1.10966074E+00   1.10898073E+00   1.10819988E+00   1.10730201E+00   1.10627747E+00   1.10510961E+00   1.10378845E+00   1.10229124E+00   1.10060395E+00   1.09870560E+00   1.09658257E+00   1.09422640E+00   1.09160585E+00   1.08890586E+00   1.08594101E+00   1.08294737E+00   1.07969543E+00   1.07646169E+00   1.07298918E+00   1.06956409E+00   1.06591981E+00   1.06235276E+00   1.05858814E+00   1.05494971E+00   1.05113167E+00   1.04744729E+00   1.04362234E+00   1.04000190E+00   1.03624169E+00   1.03246860E+00   1.02859656E+00   1.02462117E+00   1.02052763E+00   1.01657128E+00   1.01271828E+00   1.00745717E+00   1.00000000E+00
   1.10999464E+00   1.10999464E+00   1.10999465E+00   1.10999467E+00   1.10999469E+00   1.10999473E+00   1.10999478E+00   1.10999484E+00   1.10999492E+00   1.10999502E+00   1.10999514E+00   1.10999529E+00   1.10999546E+00   1.10999567E+00   1.10999592E+00   1.10999622E+00   1.10999657E+00   1.10999699E+00   1.10999747E+00   1.10999804E+00   1.10999871E+00   1.10999948E+00   1.11000036E+00   1.11000139E+00   1.11000257E+00   1.11000391E+00   1.11000544E+00   1.11000719E+00   1.11000916E+00   1.11001139E+00   1.11001388E+00   1.11001669E+00   1.11001982E+00   1.11002330E+00   1.11002714E+00   1.11003140E+00   1.11003607E+00   1.11004117E+00   1.11004671E+00   1.11005271E+00   1.11005916E+00   1.11006603E+00   1.11007332E+00   1.11008099E+00   1.11008898E+00   1.11009717E+00   1.11010548E+00   1.11011375E+00   1.11012181E+00   1.11012934E+00   1.11013613E+00   1.11014174E+00   1.11014582E+00   1.11014770E+00   1.11014690E+00   1.11014251E+00   1.11013375E+00   1.11011934E+00   1.11009831E+00   1.11006889E+00   1.11002984E+00   1.10997878E+00   1.10991393E+00   1.10983173E+00   1.10973010E+00   1.10960561E+00   1.10945501E+00   1.10927257E+00   1.10905514E+00   1.10879586E+00   1.10848996E+00   1.10812916E+00   1.10770790E+00   1.10721527E+00   1.10664473E+00   1.10598401E+00   1.10522500E+00   1.10435186E+00   1.10335513E+00   1.10221852E+00   1.10093227E+00   1.09947415E+00   1.09783035E+00   1.09598028E+00   1.09391070E+00   1.09161333E+00   1.08905757E+00   1.08642357E+00   1.08353074E+00   1.08060974E+00   1.07743646E+00   1.07428076E+00   1.07089194E+00   1.06754944E+00   1.06399343E+00   1.06051441E+00   1.05684335E+00   1.05329590E+00   1.04957500E+00   1.04598730E+00   1.04226456E+00   1.03874245E+00   1.03508825E+00   1.03142789E+00   1.02767474E+00   1.02382416E+00   1.01986297E+00   1.01604292E+00   1.01233354E+00   1.00724566E+00   1.00000000E+00
   1.14510111E+00   1.14510111E+00   1.14510114E+00   1.14510118E+00   1.14510125E+00   1.14510134E+00   1.14510146E+00   1.14510161E+00   1.14510178E+00   1.14510200E+00   1.14510226E+00   1.14510256E+00   1.14510292E+00   1.14510335E+00   1.14510385E+00   1.14510443E+00   1.14510511E+00   1.14510589E+00   1.14510680E+00   1.14510784E+00   1.14510904E+00   1.14511041E+00   1.14511197E+00   1.14511374E+00   1.14511575E+00   1.14511802E+00   1.14512057E+00   1.14512344E+00   1.14512664E+00   1.14513021E+00   1.14513416E+00   1.14513855E+00   1.14514339E+00   1.14514869E+00   1.14515449E+00   1.14516081E+00   1.14516766E+00   1.14517503E+00   1.14518293E+00   1.14519134E+00   1.14520023E+00   1.14520953E+00   1.14521920E+00   1.14522913E+00   1.14523920E+00   1.14524920E+00   1.14525897E+00   1.14526819E+00   1.14527659E+00   1.14528364E+00   1.14528899E+00   1.14529193E+00   1.14529190E+00   1.14528787E+00   1.14527912E+00   1.14526423E+00   1.14524210E+00   1.14521085E+00   1.14516907E+00   1.14511425E+00   1.14504456E+00   1.14495667E+00   1.14484815E+00   1.14471430E+00   1.14455222E+00   1.14435704E+00   1.14412452E+00   1.14384721E+00   1.14352087E+00   1.14313655E+00   1.14268814E+00   1.14216511E+00   1.14156036E+00   1.14086025E+00   1.14005653E+00   1.13913397E+00   1.13808252E+00   1.13688294E+00   1.13552384E+00   1.13398553E+00   1.13225558E+00   1.13030695E+00   1.12812394E+00   1.12568258E+00   1.12296581E+00   1.11996549E+00   1.11664445E+00   1.11323790E+00   1.10950927E+00   1.10575577E+00   1.10168978E+00   1.09765453E+00   1.09332807E+00   1.08906817E+00   1.08453490E+00   1.08008971E+00   1.07539785E+00   1.07085823E+00   1.06607892E+00   1.06144927E+00   1.05662952E+00   1.05204490E+00   1.04723943E+00   1.04236705E+00   1.03734461E+00   1.03215559E+00   1.02675906E+00   1.02143658E+00   1.01614812E+00   1.00927705E+00   1.00000000E+00
   1.13194732E+00   1.13194733E+00   1.13194735E+00   1.13194738E+00   1.13194743E+00   1.13194750E+00   1.13194758E+00   1.13194769E+00   1.13194782E+00   1.13194799E+00   1.13194818E+00   1.13194842E+00   1.13194870E+00   1.13194903E+00   1.13194942E+00   1.13194988E+00   1.13195042E+00   1.13195105E+00   1.13195178E+00   1.13195262E+00   1.13195359E+00   1.13195471E+00   1.13195599E+00   1.13195745E+00   1.13195912E+00   1.13196101E+00   1.13196314E+00   1.13196555E+00   1.13196825E+00   1.13197128E+00   1.13197465E+00   1.13197841E+00   1.13198257E+00   1.13198716E+00   1.13199220E+00   1.13199772E+00   1.13200373E+00   1.13201023E+00   1.13201724E+00   1.13202476E+00   1.13203276E+00   1.13204119E+00   1.13205002E+00   1.13205919E+00   1.13206859E+00   1.13207805E+00   1.13208744E+00   1.13209652E+00   1.13210506E+00   1.13211261E+00   1.13211888E+00   1.13212326E+00   1.13212528E+00   1.13212406E+00   1.13211898E+00   1.13210881E+00   1.13209258E+00   1.13206865E+00   1.13203579E+00   1.13199176E+00   1.13193497E+00   1.13186242E+00   1.13177196E+00   1.13165937E+00   1.13152203E+00   1.13135555E+00   1.13115610E+00   1.13091690E+00   1.13063407E+00   1.13029945E+00   1.12990743E+00   1.12944828E+00   1.12891548E+00   1.12829641E+00   1.12758341E+00   1.12676229E+00   1.12582371E+00   1.12474972E+00   1.12352957E+00   1.12214467E+00   1.12058349E+00   1.11882079E+00   1.11684144E+00   1.11462257E+00   1.11214874E+00   1.10941196E+00   1.10637672E+00   1.10325745E+00   1.09983965E+00   1.09639647E+00   1.09266280E+00   1.08895431E+00   1.08497541E+00   1.08105451E+00   1.07688337E+00   1.07279745E+00   1.06848395E+00   1.06431038E+00   1.05992344E+00   1.05568159E+00   1.05126712E+00   1.04707035E+00   1.04269019E+00   1.03827183E+00   1.03372054E+00   1.02902357E+00   1.02415581E+00   1.01937487E+00   1.01465132E+00   1.00845769E+00   1.00000000E+00
   1.12331590E+00   1.12331590E+00   1.12331592E+00   1.12331594E+00   1.12331598E+00   1.12331604E+00   1.12331611E+00   1.12331620E+00   1.12331631E+00   1.12331645E+00   1.12331661E+00   1.12331681E+00   1.12331704E+00   1.12331732E+00   1.12331766E+00   1.12331805E+00   1.12331851E+00   1.12331905E+00   1.12331967E+00   1.12332040E+00   1.12332125E+00   1.12332222E+00   1.12332334E+00   1.12332462E+00   1.12332609E+00   1.12332775E+00   1.12332964E+00   1.12333178E+00   1.12333418E+00   1.12333688E+00   1.12333990E+00   1.12334327E+00   1.12334701E+00   1.12335115E+00   1.12335570E+00   1.12336071E+00   1.12336618E+00   1.12337212E+00   1.12337853E+00   1.12338544E+00   1.12339281E+00   1.12340061E+00   1.12340883E+00   1.12341739E+00   1.12342622E+00   1.12343517E+00   1.12344413E+00   1.12345287E+00   1.12346121E+00   1.12346874E+00   1.12347520E+00   1.12348006E+00   1.12348288E+00   1.12348287E+00   1.12347946E+00   1.12347153E+00   1.12345822E+00   1.12343800E+00   1.12340976E+00   1.12337143E+00   1.12332155E+00   1.12325735E+00   1.12317684E+00   1.12307608E+00   1.12295266E+00   1.12280250E+00   1.12262199E+00   1.12240481E+00   1.12214733E+00   1.12184188E+00   1.12148318E+00   1.12106207E+00   1.12057238E+00   1.12000223E+00   1.11934433E+00   1.11858524E+00   1.11771609E+00   1.11671985E+00   1.11558625E+00   1.11429752E+00   1.11284277E+00   1.11119804E+00   1.10934868E+00   1.10727268E+00   1.10495571E+00   1.10239004E+00   1.09954147E+00   1.09661091E+00   1.09339814E+00   1.09016044E+00   1.08664777E+00   1.08315740E+00   1.07941142E+00   1.07571882E+00   1.07179169E+00   1.06794791E+00   1.06389028E+00   1.05996480E+00   1.05584305E+00   1.05186306E+00   1.04772303E+00   1.04378913E+00   1.03969438E+00   1.03557825E+00   1.03134113E+00   1.02697143E+00   1.02245198E+00   1.01802732E+00   1.01367469E+00   1.00792261E+00   1.00000000E+00
   1.11697717E+00   1.11697718E+00   1.11697719E+00   1.11697721E+00   1.11697724E+00   1.11697729E+00   1.11697735E+00   1.11697743E+00   1.11697752E+00   1.11697764E+00   1.11697779E+00   1.11697796E+00   1.11697817E+00   1.11697842E+00   1.11697871E+00   1.11697906E+00   1.11697947E+00   1.11697995E+00   1.11698051E+00   1.11698117E+00   1.11698193E+00   1.11698281E+00   1.11698382E+00   1.11698498E+00   1.11698631E+00   1.11698783E+00   1.11698955E+00   1.11699150E+00   1.11699370E+00   1.11699617E+00   1.11699894E+00   1.11700204E+00   1.11700549E+00   1.11700931E+00   1.11701352E+00   1.11701816E+00   1.11702323E+00   1.11702875E+00   1.11703473E+00   1.11704118E+00   1.11704807E+00   1.11705539E+00   1.11706311E+00   1.11707118E+00   1.11707953E+00   1.11708802E+00   1.11709655E+00   1.11710493E+00   1.11711296E+00   1.11712030E+00   1.11712669E+00   1.11713163E+00   1.11713474E+00   1.11713525E+00   1.11713267E+00   1.11712592E+00   1.11711421E+00   1.11709611E+00   1.11707056E+00   1.11703564E+00   1.11698995E+00   1.11693089E+00   1.11685659E+00   1.11676330E+00   1.11664875E+00   1.11650908E+00   1.11634087E+00   1.11613809E+00   1.11589731E+00   1.11561123E+00   1.11527479E+00   1.11487926E+00   1.11441876E+00   1.11388191E+00   1.11326174E+00   1.11254537E+00   1.11172432E+00   1.11078226E+00   1.10970929E+00   1.10848831E+00   1.10710895E+00   1.10554820E+00   1.10379188E+00   1.10181870E+00   1.09961515E+00   1.09717376E+00   1.09446149E+00   1.09166939E+00   1.08860749E+00   1.08552147E+00   1.08217253E+00   1.07884425E+00   1.07527186E+00   1.07175007E+00   1.06800554E+00   1.06434312E+00   1.06047764E+00   1.05673877E+00   1.05281604E+00   1.04903267E+00   1.04509920E+00   1.04136321E+00   1.03748176E+00   1.03359051E+00   1.02958762E+00   1.02546142E+00   1.02119938E+00   1.01703769E+00   1.01295832E+00   1.00752989E+00   1.00000000E+00
   1.11435519E+00   1.11435519E+00   1.11435520E+00   1.11435522E+00   1.11435525E+00   1.11435530E+00   1.11435535E+00   1.11435543E+00   1.11435552E+00   1.11435563E+00   1.11435577E+00   1.11435593E+00   1.11435613E+00   1.11435636E+00   1.11435664E+00   1.11435698E+00   1.11435737E+00   1.11435783E+00   1.11435837E+00   1.11435899E+00   1.11435972E+00   1.11436056E+00   1.11436153E+00   1.11436265E+00   1.11436392E+00   1.11436538E+00   1.11436704E+00   1.11436892E+00   1.11437103E+00   1.11437342E+00   1.11437609E+00   1.11437908E+00   1.11438241E+00   1.11438610E+00   1.11439017E+00   1.11439466E+00   1.11439958E+00   1.11440492E+00   1.11441072E+00   1.11441697E+00   1.11442367E+00   1.11443078E+00   1.11443828E+00   1.11444614E+00   1.11445427E+00   1.11446254E+00   1.11447087E+00   1.11447906E+00   1.11448693E+00   1.11449414E+00   1.11450043E+00   1.11450534E+00   1.11450848E+00   1.11450912E+00   1.11450676E+00   1.11450037E+00   1.11448917E+00   1.11447177E+00   1.11444714E+00   1.11441340E+00   1.11436920E+00   1.11431199E+00   1.11423993E+00   1.11414938E+00   1.11403811E+00   1.11390235E+00   1.11373876E+00   1.11354142E+00   1.11330699E+00   1.11302830E+00   1.11270042E+00   1.11231477E+00   1.11186560E+00   1.11134174E+00   1.11073636E+00   1.11003682E+00   1.10923479E+00   1.10831423E+00   1.10726544E+00   1.10607160E+00   1.10472255E+00   1.10319572E+00   1.10147711E+00   1.09954578E+00   1.09738854E+00   1.09499807E+00   1.09234187E+00   1.08960690E+00   1.08660736E+00   1.08358420E+00   1.08030328E+00   1.07704246E+00   1.07354245E+00   1.07009210E+00   1.06642392E+00   1.06283742E+00   1.05905254E+00   1.05539201E+00   1.05155273E+00   1.04785190E+00   1.04400532E+00   1.04035259E+00   1.03656047E+00   1.03276328E+00   1.02885851E+00   1.02483419E+00   1.02067940E+00   1.01662716E+00   1.01266136E+00   1.00736704E+00   1.00000000E+00
   1.14350473E+00   1.14350474E+00   1.14350477E+00   1.14350481E+00   1.14350488E+00   1.14350497E+00   1.14350509E+00   1.14350523E+00   1.14350541E+00   1.14350562E+00   1.14350588E+00   1.14350619E+00   1.14350655E+00   1.14350697E+00   1.14350747E+00   1.14350805E+00   1.14350872E+00   1.14350951E+00   1.14351041E+00   1.14351145E+00   1.14351264E+00   1.14351400E+00   1.14351555E+00   1.14351731E+00   1.14351930E+00   1.14352155E+00   1.14352408E+00   1.14352692E+00   1.14353009E+00   1.14353362E+00   1.14353754E+00   1.14354187E+00   1.14354665E+00   1.14355188E+00   1.14355760E+00   1.14356383E+00   1.14357056E+00   1.14357781E+00   1.14358556E+00   1.14359380E+00   1.14360250E+00   1.14361158E+00   1.14362100E+00   1.14363064E+00   1.14364039E+00   1.14365002E+00   1.14365936E+00   1.14366809E+00   1.14367595E+00   1.14368239E+00   1.14368706E+00   1.14368922E+00   1.14368833E+00   1.14368333E+00   1.14367351E+00   1.14365740E+00   1.14363393E+00   1.14360120E+00   1.14355780E+00   1.14350117E+00   1.14342950E+00   1.14333939E+00   1.14322846E+00   1.14309207E+00   1.14292728E+00   1.14272909E+00   1.14249328E+00   1.14221251E+00   1.14188247E+00   1.14149421E+00   1.14104169E+00   1.14051440E+00   1.13990527E+00   1.13920084E+00   1.13839286E+00   1.13746616E+00   1.13641081E+00   1.13520791E+00   1.13384614E+00   1.13230576E+00   1.13057431E+00   1.12862537E+00   1.12644341E+00   1.12400457E+00   1.12129222E+00   1.11829956E+00   1.11498869E+00   1.11159351E+00   1.10787989E+00   1.10414606E+00   1.10010397E+00   1.09609407E+00   1.09179594E+00   1.08756535E+00   1.08306616E+00   1.07865987E+00   1.07401035E+00   1.06951085E+00   1.06477823E+00   1.06020142E+00   1.05543607E+00   1.05089752E+00   1.04614800E+00   1.04134904E+00   1.03640504E+00   1.03129694E+00   1.02598649E+00   1.02072856E+00   1.01552427E+00   1.00888715E+00   1.00000000E+00
   1.13270208E+00   1.13270209E+00   1.13270211E+00   1.13270214E+00   1.13270220E+00   1.13270227E+00   1.13270236E+00   1.13270247E+00   1.13270261E+00   1.13270278E+00   1.13270299E+00   1.13270324E+00   1.13270353E+00   1.13270388E+00   1.13270428E+00   1.13270476E+00   1.13270532E+00   1.13270597E+00   1.13270672E+00   1.13270759E+00   1.13270859E+00   1.13270974E+00   1.13271106E+00   1.13271256E+00   1.13271427E+00   1.13271620E+00   1.13271838E+00   1.13272084E+00   1.13272360E+00   1.13272668E+00   1.13273011E+00   1.13273393E+00   1.13273815E+00   1.13274279E+00   1.13274788E+00   1.13275345E+00   1.13275950E+00   1.13276604E+00   1.13277307E+00   1.13278059E+00   1.13278856E+00   1.13279695E+00   1.13280570E+00   1.13281475E+00   1.13282398E+00   1.13283321E+00   1.13284230E+00   1.13285099E+00   1.13285903E+00   1.13286598E+00   1.13287152E+00   1.13287500E+00   1.13287596E+00   1.13287346E+00   1.13286686E+00   1.13285488E+00   1.13283655E+00   1.13281017E+00   1.13277446E+00   1.13272715E+00   1.13266655E+00   1.13258962E+00   1.13249417E+00   1.13237596E+00   1.13223230E+00   1.13205860E+00   1.13185098E+00   1.13160265E+00   1.13130961E+00   1.13096359E+00   1.13055893E+00   1.13008583E+00   1.12953768E+00   1.12890190E+00   1.12817070E+00   1.12732980E+00   1.12636983E+00   1.12527300E+00   1.12402849E+00   1.12261752E+00   1.12102838E+00   1.11923613E+00   1.11722573E+00   1.11497424E+00   1.11246644E+00   1.10969555E+00   1.10662506E+00   1.10347155E+00   1.10001948E+00   1.09654656E+00   1.09278358E+00   1.08904784E+00   1.08504137E+00   1.08109516E+00   1.07689968E+00   1.07279406E+00   1.06846061E+00   1.06426645E+00   1.05986076E+00   1.05560563E+00   1.05117514E+00   1.04695580E+00   1.04255669E+00   1.03812989E+00   1.03356754E+00   1.02885384E+00   1.02396665E+00   1.01914021E+00   1.01438126E+00   1.00826446E+00   1.00000000E+00
   1.12566491E+00   1.12566492E+00   1.12566494E+00   1.12566496E+00   1.12566501E+00   1.12566507E+00   1.12566515E+00   1.12566524E+00   1.12566536E+00   1.12566551E+00   1.12566569E+00   1.12566590E+00   1.12566616E+00   1.12566646E+00   1.12566682E+00   1.12566724E+00   1.12566773E+00   1.12566830E+00   1.12566897E+00   1.12566974E+00   1.12567064E+00   1.12567167E+00   1.12567284E+00   1.12567419E+00   1.12567573E+00   1.12567748E+00   1.12567945E+00   1.12568169E+00   1.12568419E+00   1.12568700E+00   1.12569013E+00   1.12569362E+00   1.12569749E+00   1.12570176E+00   1.12570645E+00   1.12571159E+00   1.12571720E+00   1.12572327E+00   1.12572981E+00   1.12573683E+00   1.12574429E+00   1.12575217E+00   1.12576042E+00   1.12576898E+00   1.12577776E+00   1.12578659E+00   1.12579535E+00   1.12580381E+00   1.12581173E+00   1.12581872E+00   1.12582447E+00   1.12582842E+00   1.12583012E+00   1.12582871E+00   1.12582361E+00   1.12581362E+00   1.12579785E+00   1.12577471E+00   1.12574301E+00   1.12570063E+00   1.12564600E+00   1.12557624E+00   1.12548933E+00   1.12538125E+00   1.12524948E+00   1.12508969E+00   1.12489821E+00   1.12466861E+00   1.12439710E+00   1.12407583E+00   1.12369942E+00   1.12325852E+00   1.12274685E+00   1.12215240E+00   1.12146770E+00   1.12067911E+00   1.11977766E+00   1.11874630E+00   1.11757460E+00   1.11624448E+00   1.11474477E+00   1.11305159E+00   1.11115028E+00   1.10901866E+00   1.10664244E+00   1.10401496E+00   1.10110086E+00   1.09810547E+00   1.09482518E+00   1.09152422E+00   1.08794601E+00   1.08439249E+00   1.08058055E+00   1.07682490E+00   1.07283293E+00   1.06892871E+00   1.06480767E+00   1.06081911E+00   1.05663266E+00   1.05259294E+00   1.04838733E+00   1.04438249E+00   1.04021574E+00   1.03603336E+00   1.03172254E+00   1.02726840E+00   1.02265672E+00   1.01811069E+00   1.01364054E+00   1.00786002E+00   1.00000000E+00
   1.12050302E+00   1.12050302E+00   1.12050303E+00   1.12050306E+00   1.12050310E+00   1.12050315E+00   1.12050322E+00   1.12050331E+00   1.12050342E+00   1.12050355E+00   1.12050371E+00   1.12050390E+00   1.12050413E+00   1.12050441E+00   1.12050473E+00   1.12050511E+00   1.12050556E+00   1.12050608E+00   1.12050670E+00   1.12050741E+00   1.12050823E+00   1.12050917E+00   1.12051026E+00   1.12051151E+00   1.12051293E+00   1.12051455E+00   1.12051638E+00   1.12051846E+00   1.12052079E+00   1.12052340E+00   1.12052633E+00   1.12052959E+00   1.12053321E+00   1.12053721E+00   1.12054161E+00   1.12054645E+00   1.12055172E+00   1.12055744E+00   1.12056362E+00   1.12057025E+00   1.12057732E+00   1.12058480E+00   1.12059264E+00   1.12060080E+00   1.12060919E+00   1.12061765E+00   1.12062607E+00   1.12063424E+00   1.12064194E+00   1.12064879E+00   1.12065451E+00   1.12065858E+00   1.12066056E+00   1.12065965E+00   1.12065530E+00   1.12064637E+00   1.12063202E+00   1.12061074E+00   1.12058140E+00   1.12054198E+00   1.12049098E+00   1.12042568E+00   1.12034411E+00   1.12024245E+00   1.12011829E+00   1.11996749E+00   1.11978651E+00   1.11956921E+00   1.11931193E+00   1.11900715E+00   1.11864966E+00   1.11823049E+00   1.11774357E+00   1.11717734E+00   1.11652459E+00   1.11577214E+00   1.11491133E+00   1.11392570E+00   1.11280514E+00   1.11153213E+00   1.11009594E+00   1.10847347E+00   1.10665044E+00   1.10460530E+00   1.10232443E+00   1.09980136E+00   1.09700171E+00   1.09412257E+00   1.09096894E+00   1.08779516E+00   1.08435409E+00   1.08093622E+00   1.07726949E+00   1.07365662E+00   1.06981710E+00   1.06606381E+00   1.06210233E+00   1.05826843E+00   1.05424643E+00   1.05036826E+00   1.04633164E+00   1.04248801E+00   1.03849428E+00   1.03449288E+00   1.03036879E+00   1.02610702E+00   1.02169796E+00   1.01735778E+00   1.01309914E+00   1.00756409E+00   1.00000000E+00
   1.11836571E+00   1.11836571E+00   1.11836572E+00   1.11836575E+00   1.11836578E+00   1.11836584E+00   1.11836590E+00   1.11836598E+00   1.11836609E+00   1.11836621E+00   1.11836637E+00   1.11836655E+00   1.11836677E+00   1.11836704E+00   1.11836735E+00   1.11836772E+00   1.11836815E+00   1.11836865E+00   1.11836924E+00   1.11836993E+00   1.11837072E+00   1.11837164E+00   1.11837269E+00   1.11837389E+00   1.11837527E+00   1.11837684E+00   1.11837861E+00   1.11838063E+00   1.11838289E+00   1.11838543E+00   1.11838827E+00   1.11839144E+00   1.11839496E+00   1.11839885E+00   1.11840313E+00   1.11840784E+00   1.11841298E+00   1.11841855E+00   1.11842457E+00   1.11843104E+00   1.11843795E+00   1.11844525E+00   1.11845291E+00   1.11846089E+00   1.11846910E+00   1.11847738E+00   1.11848564E+00   1.11849365E+00   1.11850122E+00   1.11850797E+00   1.11851363E+00   1.11851768E+00   1.11851971E+00   1.11851892E+00   1.11851478E+00   1.11850617E+00   1.11849228E+00   1.11847162E+00   1.11844309E+00   1.11840470E+00   1.11835500E+00   1.11829129E+00   1.11821167E+00   1.11811238E+00   1.11799104E+00   1.11784359E+00   1.11766658E+00   1.11745393E+00   1.11720209E+00   1.11690363E+00   1.11655345E+00   1.11614270E+00   1.11566543E+00   1.11511025E+00   1.11447006E+00   1.11373190E+00   1.11288722E+00   1.11191983E+00   1.11081974E+00   1.10956970E+00   1.10815915E+00   1.10656533E+00   1.10477416E+00   1.10276435E+00   1.10052256E+00   1.09804243E+00   1.09529002E+00   1.09245903E+00   1.08935795E+00   1.08623706E+00   1.08285316E+00   1.07949195E+00   1.07588599E+00   1.07233303E+00   1.06855744E+00   1.06486752E+00   1.06097315E+00   1.05720433E+00   1.05325144E+00   1.04944120E+00   1.04547576E+00   1.04170001E+00   1.03777875E+00   1.03385298E+00   1.02980704E+00   1.02562569E+00   1.02130089E+00   1.01704622E+00   1.01287524E+00   1.00744164E+00   1.00000000E+00
   1.14167446E+00   1.14167447E+00   1.14167449E+00   1.14167454E+00   1.14167461E+00   1.14167470E+00   1.14167482E+00   1.14167496E+00   1.14167514E+00   1.14167535E+00   1.14167561E+00   1.14167591E+00   1.14167627E+00   1.14167669E+00   1.14167719E+00   1.14167776E+00   1.14167843E+00   1.14167921E+00   1.14168010E+00   1.14168113E+00   1.14168231E+00   1.14168366E+00   1.14168520E+00   1.14168694E+00   1.14168891E+00   1.14169114E+00   1.14169364E+00   1.14169644E+00   1.14169957E+00   1.14170305E+00   1.14170691E+00   1.14171118E+00   1.14171588E+00   1.14172103E+00   1.14172664E+00   1.14173275E+00   1.14173935E+00   1.14174644E+00   1.14175401E+00   1.14176205E+00   1.14177052E+00   1.14177934E+00   1.14178846E+00   1.14179777E+00   1.14180713E+00   1.14181633E+00   1.14182518E+00   1.14183337E+00   1.14184061E+00   1.14184637E+00   1.14185027E+00   1.14185158E+00   1.14184974E+00   1.14184369E+00   1.14183269E+00   1.14181529E+00   1.14179040E+00   1.14175611E+00   1.14171100E+00   1.14165251E+00   1.14157879E+00   1.14148645E+00   1.14137312E+00   1.14123421E+00   1.14106675E+00   1.14086564E+00   1.14062672E+00   1.14034272E+00   1.14000927E+00   1.13961750E+00   1.13916140E+00   1.13863053E+00   1.13801786E+00   1.13731014E+00   1.13649911E+00   1.13556977E+00   1.13451223E+00   1.13330803E+00   1.13194585E+00   1.13040606E+00   1.12867617E+00   1.12673047E+00   1.12455369E+00   1.12212213E+00   1.11941951E+00   1.11644027E+00   1.11314621E+00   1.10976971E+00   1.10607905E+00   1.10237235E+00   1.09836215E+00   1.09438559E+00   1.09012476E+00   1.08593277E+00   1.08147733E+00   1.07711885E+00   1.07252120E+00   1.06807174E+00   1.06339614E+00   1.05888056E+00   1.05417829E+00   1.04969560E+00   1.04501290E+00   1.04029553E+00   1.03543588E+00   1.03041567E+00   1.02520112E+00   1.02001746E+00   1.01491575E+00   1.00852273E+00   1.00000000E+00
   1.13318793E+00   1.13318793E+00   1.13318796E+00   1.13318799E+00   1.13318805E+00   1.13318812E+00   1.13318822E+00   1.13318834E+00   1.13318849E+00   1.13318866E+00   1.13318888E+00   1.13318914E+00   1.13318944E+00   1.13318980E+00   1.13319022E+00   1.13319071E+00   1.13319129E+00   1.13319196E+00   1.13319274E+00   1.13319363E+00   1.13319466E+00   1.13319584E+00   1.13319719E+00   1.13319873E+00   1.13320047E+00   1.13320245E+00   1.13320467E+00   1.13320717E+00   1.13320997E+00   1.13321310E+00   1.13321657E+00   1.13322043E+00   1.13322469E+00   1.13322937E+00   1.13323450E+00   1.13324009E+00   1.13324615E+00   1.13325269E+00   1.13325971E+00   1.13326719E+00   1.13327510E+00   1.13328339E+00   1.13329201E+00   1.13330087E+00   1.13330986E+00   1.13331879E+00   1.13332750E+00   1.13333571E+00   1.13334317E+00   1.13334941E+00   1.13335409E+00   1.13335656E+00   1.13335631E+00   1.13335238E+00   1.13334411E+00   1.13333017E+00   1.13330957E+00   1.13328055E+00   1.13324182E+00   1.13319102E+00   1.13312644E+00   1.13304494E+00   1.13294432E+00   1.13282032E+00   1.13267016E+00   1.13248908E+00   1.13227318E+00   1.13201565E+00   1.13171238E+00   1.13135501E+00   1.13093786E+00   1.13045107E+00   1.12988795E+00   1.12923596E+00   1.12848721E+00   1.12762742E+00   1.12664717E+00   1.12552883E+00   1.12426152E+00   1.12282637E+00   1.12121151E+00   1.11939241E+00   1.11735416E+00   1.11507385E+00   1.11253631E+00   1.10973595E+00   1.10663567E+00   1.10345396E+00   1.09997412E+00   1.09647748E+00   1.09269169E+00   1.08893533E+00   1.08490865E+00   1.08094473E+00   1.07673266E+00   1.07261450E+00   1.06826885E+00   1.06406228E+00   1.05964627E+00   1.05538495E+00   1.05094628E+00   1.04671366E+00   1.04230559E+00   1.03787843E+00   1.03331294E+00   1.02859384E+00   1.02370259E+00   1.01884707E+00   1.01408121E+00   1.00807066E+00   1.00000000E+00
   1.12768790E+00   1.12768790E+00   1.12768792E+00   1.12768795E+00   1.12768800E+00   1.12768807E+00   1.12768815E+00   1.12768826E+00   1.12768839E+00   1.12768855E+00   1.12768874E+00   1.12768897E+00   1.12768924E+00   1.12768956E+00   1.12768995E+00   1.12769039E+00   1.12769091E+00   1.12769152E+00   1.12769223E+00   1.12769305E+00   1.12769399E+00   1.12769507E+00   1.12769631E+00   1.12769772E+00   1.12769933E+00   1.12770115E+00   1.12770321E+00   1.12770553E+00   1.12770813E+00   1.12771103E+00   1.12771427E+00   1.12771787E+00   1.12772185E+00   1.12772624E+00   1.12773104E+00   1.12773630E+00   1.12774201E+00   1.12774817E+00   1.12775480E+00   1.12776189E+00   1.12776941E+00   1.12777730E+00   1.12778554E+00   1.12779403E+00   1.12780268E+00   1.12781131E+00   1.12781979E+00   1.12782784E+00   1.12783524E+00   1.12784156E+00   1.12784647E+00   1.12784937E+00   1.12784978E+00   1.12784680E+00   1.12783981E+00   1.12782756E+00   1.12780911E+00   1.12778281E+00   1.12774742E+00   1.12770071E+00   1.12764106E+00   1.12756550E+00   1.12747191E+00   1.12735623E+00   1.12721583E+00   1.12704614E+00   1.12684344E+00   1.12660121E+00   1.12631550E+00   1.12597829E+00   1.12558413E+00   1.12512352E+00   1.12459002E+00   1.12397156E+00   1.12326052E+00   1.12244309E+00   1.12151019E+00   1.12044477E+00   1.11923629E+00   1.11786642E+00   1.11632373E+00   1.11458451E+00   1.11263419E+00   1.11045044E+00   1.10801885E+00   1.10533388E+00   1.10235934E+00   1.09930473E+00   1.09596291E+00   1.09260423E+00   1.08896647E+00   1.08535592E+00   1.08148479E+00   1.07767302E+00   1.07362319E+00   1.06966508E+00   1.06548780E+00   1.06144378E+00   1.05720062E+00   1.05310826E+00   1.04884531E+00   1.04477951E+00   1.04055168E+00   1.03631295E+00   1.03193964E+00   1.02741729E+00   1.02273471E+00   1.01809077E+00   1.01354104E+00   1.00777691E+00   1.00000000E+00
   1.12365388E+00   1.12365388E+00   1.12365390E+00   1.12365393E+00   1.12365397E+00   1.12365403E+00   1.12365411E+00   1.12365421E+00   1.12365433E+00   1.12365447E+00   1.12365465E+00   1.12365486E+00   1.12365511E+00   1.12365541E+00   1.12365577E+00   1.12365618E+00   1.12365667E+00   1.12365724E+00   1.12365790E+00   1.12365866E+00   1.12365954E+00   1.12366056E+00   1.12366172E+00   1.12366305E+00   1.12366456E+00   1.12366628E+00   1.12366822E+00   1.12367041E+00   1.12367287E+00   1.12367562E+00   1.12367869E+00   1.12368210E+00   1.12368588E+00   1.12369005E+00   1.12369462E+00   1.12369963E+00   1.12370507E+00   1.12371096E+00   1.12371730E+00   1.12372408E+00   1.12373128E+00   1.12373886E+00   1.12374678E+00   1.12375496E+00   1.12376330E+00   1.12377165E+00   1.12377987E+00   1.12378771E+00   1.12379495E+00   1.12380118E+00   1.12380610E+00   1.12380913E+00   1.12380981E+00   1.12380728E+00   1.12380094E+00   1.12378960E+00   1.12377236E+00   1.12374763E+00   1.12371422E+00   1.12366999E+00   1.12361337E+00   1.12354150E+00   1.12345233E+00   1.12334196E+00   1.12320783E+00   1.12304553E+00   1.12285147E+00   1.12261932E+00   1.12234527E+00   1.12202155E+00   1.12164285E+00   1.12119997E+00   1.12068666E+00   1.12009118E+00   1.11940614E+00   1.11861808E+00   1.11771820E+00   1.11668990E+00   1.11552288E+00   1.11419928E+00   1.11270803E+00   1.11102603E+00   1.10913900E+00   1.10702514E+00   1.10467057E+00   1.10206985E+00   1.09918759E+00   1.09622668E+00   1.09298686E+00   1.08973044E+00   1.08620280E+00   1.08270100E+00   1.07894617E+00   1.07524855E+00   1.07132035E+00   1.06748222E+00   1.06343146E+00   1.05950971E+00   1.05539612E+00   1.05143033E+00   1.04729925E+00   1.04335863E+00   1.03926462E+00   1.03516492E+00   1.03093389E+00   1.02655706E+00   1.02202748E+00   1.01753842E+00   1.01314645E+00   1.00756193E+00   1.00000000E+00
   1.12198127E+00   1.12198127E+00   1.12198129E+00   1.12198132E+00   1.12198136E+00   1.12198142E+00   1.12198149E+00   1.12198159E+00   1.12198170E+00   1.12198184E+00   1.12198201E+00   1.12198222E+00   1.12198246E+00   1.12198276E+00   1.12198310E+00   1.12198350E+00   1.12198397E+00   1.12198453E+00   1.12198517E+00   1.12198591E+00   1.12198677E+00   1.12198776E+00   1.12198889E+00   1.12199019E+00   1.12199166E+00   1.12199334E+00   1.12199523E+00   1.12199737E+00   1.12199977E+00   1.12200246E+00   1.12200546E+00   1.12200880E+00   1.12201250E+00   1.12201657E+00   1.12202105E+00   1.12202595E+00   1.12203129E+00   1.12203706E+00   1.12204327E+00   1.12204992E+00   1.12205699E+00   1.12206442E+00   1.12207220E+00   1.12208023E+00   1.12208843E+00   1.12209664E+00   1.12210473E+00   1.12211245E+00   1.12211960E+00   1.12212576E+00   1.12213063E+00   1.12213366E+00   1.12213438E+00   1.12213197E+00   1.12212582E+00   1.12211476E+00   1.12209791E+00   1.12207371E+00   1.12204098E+00   1.12199762E+00   1.12194208E+00   1.12187154E+00   1.12178400E+00   1.12167559E+00   1.12154379E+00   1.12138428E+00   1.12119348E+00   1.12096517E+00   1.12069558E+00   1.12037706E+00   1.12000436E+00   1.11956838E+00   1.11906298E+00   1.11847654E+00   1.11780176E+00   1.11702538E+00   1.11613865E+00   1.11512521E+00   1.11397487E+00   1.11266997E+00   1.11119957E+00   1.10954086E+00   1.10767970E+00   1.10559450E+00   1.10327163E+00   1.10070570E+00   1.09786169E+00   1.09493972E+00   1.09174238E+00   1.08852864E+00   1.08504706E+00   1.08159084E+00   1.07788482E+00   1.07423523E+00   1.07035820E+00   1.06657057E+00   1.06257313E+00   1.05870295E+00   1.05464390E+00   1.05073140E+00   1.04665591E+00   1.04276806E+00   1.03873011E+00   1.03468847E+00   1.03051697E+00   1.02620094E+00   1.02173494E+00   1.01731013E+00   1.01298342E+00   1.00747305E+00   1.00000000E+00
   1.13961191E+00   1.13961192E+00   1.13961195E+00   1.13961199E+00   1.13961206E+00   1.13961215E+00   1.13961227E+00   1.13961241E+00   1.13961259E+00   1.13961280E+00   1.13961305E+00   1.13961335E+00   1.13961371E+00   1.13961413E+00   1.13961462E+00   1.13961519E+00   1.13961585E+00   1.13961662E+00   1.13961751E+00   1.13961853E+00   1.13961969E+00   1.13962103E+00   1.13962254E+00   1.13962426E+00   1.13962620E+00   1.13962840E+00   1.13963086E+00   1.13963362E+00   1.13963669E+00   1.13964011E+00   1.13964390E+00   1.13964809E+00   1.13965269E+00   1.13965773E+00   1.13966323E+00   1.13966919E+00   1.13967563E+00   1.13968253E+00   1.13968989E+00   1.13969769E+00   1.13970589E+00   1.13971440E+00   1.13972318E+00   1.13973209E+00   1.13974101E+00   1.13974971E+00   1.13975801E+00   1.13976558E+00   1.13977213E+00   1.13977712E+00   1.13978017E+00   1.13978054E+00   1.13977766E+00   1.13977046E+00   1.13975819E+00   1.13973939E+00   1.13971299E+00   1.13967705E+00   1.13963014E+00   1.13956971E+00   1.13949390E+00   1.13939931E+00   1.13928357E+00   1.13914216E+00   1.13897210E+00   1.13876819E+00   1.13852633E+00   1.13823937E+00   1.13790287E+00   1.13750805E+00   1.13704898E+00   1.13651532E+00   1.13590004E+00   1.13519015E+00   1.13437743E+00   1.13344706E+00   1.13238924E+00   1.13118589E+00   1.12982583E+00   1.12828956E+00   1.12656459E+00   1.12462600E+00   1.12245886E+00   1.12003970E+00   1.11735249E+00   1.11439292E+00   1.11112274E+00   1.10777248E+00   1.10411298E+00   1.10044124E+00   1.09647133E+00   1.09253647E+00   1.08832210E+00   1.08417798E+00   1.07977584E+00   1.07547401E+00   1.07093750E+00   1.06654733E+00   1.06193820E+00   1.05749169E+00   1.05286065E+00   1.04844240E+00   1.04383576E+00   1.03920692E+00   1.03443700E+00   1.02951195E+00   1.02440394E+00   1.01930412E+00   1.01432231E+00   1.00818310E+00   1.00000000E+00
   1.13337869E+00   1.13337870E+00   1.13337872E+00   1.13337876E+00   1.13337882E+00   1.13337890E+00   1.13337900E+00   1.13337913E+00   1.13337928E+00   1.13337947E+00   1.13337969E+00   1.13337995E+00   1.13338027E+00   1.13338064E+00   1.13338108E+00   1.13338159E+00   1.13338218E+00   1.13338287E+00   1.13338367E+00   1.13338458E+00   1.13338564E+00   1.13338684E+00   1.13338822E+00   1.13338979E+00   1.13339156E+00   1.13339357E+00   1.13339582E+00   1.13339836E+00   1.13340119E+00   1.13340435E+00   1.13340786E+00   1.13341174E+00   1.13341602E+00   1.13342072E+00   1.13342585E+00   1.13343144E+00   1.13343748E+00   1.13344399E+00   1.13345095E+00   1.13345834E+00   1.13346614E+00   1.13347428E+00   1.13348271E+00   1.13349132E+00   1.13349999E+00   1.13350853E+00   1.13351677E+00   1.13352440E+00   1.13353117E+00   1.13353658E+00   1.13354029E+00   1.13354161E+00   1.13354000E+00   1.13353450E+00   1.13352439E+00   1.13350831E+00   1.13348526E+00   1.13345343E+00   1.13341148E+00   1.13335701E+00   1.13328825E+00   1.13320203E+00   1.13309607E+00   1.13296612E+00   1.13280932E+00   1.13262077E+00   1.13239654E+00   1.13212981E+00   1.13181636E+00   1.13144780E+00   1.13101843E+00   1.13051833E+00   1.12994078E+00   1.12927327E+00   1.12850789E+00   1.12763033E+00   1.12663116E+00   1.12549293E+00   1.12420477E+00   1.12274775E+00   1.12110988E+00   1.11926709E+00   1.11720472E+00   1.11489989E+00   1.11233743E+00   1.10951293E+00   1.10638896E+00   1.10318559E+00   1.09968502E+00   1.09617138E+00   1.09237012E+00   1.08860050E+00   1.08456169E+00   1.08058823E+00   1.07636797E+00   1.07224523E+00   1.06789595E+00   1.06368570E+00   1.05926844E+00   1.05500900E+00   1.05057113E+00   1.04633514E+00   1.04192872E+00   1.03751052E+00   1.03295174E+00   1.02824105E+00   1.02336375E+00   1.01849695E+00   1.01375218E+00   1.00787638E+00   1.00000000E+00
   1.12935204E+00   1.12935204E+00   1.12935206E+00   1.12935210E+00   1.12935215E+00   1.12935222E+00   1.12935232E+00   1.12935243E+00   1.12935257E+00   1.12935274E+00   1.12935295E+00   1.12935319E+00   1.12935348E+00   1.12935383E+00   1.12935423E+00   1.12935471E+00   1.12935526E+00   1.12935590E+00   1.12935665E+00   1.12935750E+00   1.12935849E+00   1.12935962E+00   1.12936092E+00   1.12936239E+00   1.12936406E+00   1.12936595E+00   1.12936808E+00   1.12937048E+00   1.12937316E+00   1.12937616E+00   1.12937948E+00   1.12938318E+00   1.12938725E+00   1.12939172E+00   1.12939662E+00   1.12940196E+00   1.12940774E+00   1.12941397E+00   1.12942065E+00   1.12942776E+00   1.12943527E+00   1.12944312E+00   1.12945127E+00   1.12945962E+00   1.12946806E+00   1.12947640E+00   1.12948448E+00   1.12949202E+00   1.12949878E+00   1.12950429E+00   1.12950821E+00   1.12950989E+00   1.12950884E+00   1.12950411E+00   1.12949503E+00   1.12948029E+00   1.12945894E+00   1.12942924E+00   1.12938991E+00   1.12933862E+00   1.12927370E+00   1.12919207E+00   1.12909154E+00   1.12896801E+00   1.12881872E+00   1.12863892E+00   1.12842481E+00   1.12816981E+00   1.12786980E+00   1.12751665E+00   1.12710483E+00   1.12662470E+00   1.12606971E+00   1.12542772E+00   1.12469101E+00   1.12384563E+00   1.12288240E+00   1.12178431E+00   1.12054073E+00   1.11913314E+00   1.11754990E+00   1.11576752E+00   1.11377159E+00   1.11153968E+00   1.10905719E+00   1.10631969E+00   1.10329043E+00   1.10018273E+00   1.09678595E+00   1.09337587E+00   1.08968554E+00   1.08602499E+00   1.08210239E+00   1.07824237E+00   1.07414282E+00   1.07013874E+00   1.06591393E+00   1.06182348E+00   1.05753323E+00   1.05339732E+00   1.04908746E+00   1.04497239E+00   1.04069633E+00   1.03641372E+00   1.03199211E+00   1.02742096E+00   1.02269180E+00   1.01797467E+00   1.01338188E+00   1.00767598E+00   1.00000000E+00
   1.12639632E+00   1.12639632E+00   1.12639634E+00   1.12639638E+00   1.12639643E+00   1.12639649E+00   1.12639658E+00   1.12639669E+00   1.12639682E+00   1.12639698E+00   1.12639717E+00   1.12639741E+00   1.12639768E+00   1.12639801E+00   1.12639839E+00   1.12639884E+00   1.12639936E+00   1.12639998E+00   1.12640068E+00   1.12640150E+00   1.12640244E+00   1.12640352E+00   1.12640476E+00   1.12640617E+00   1.12640777E+00   1.12640958E+00   1.12641162E+00   1.12641392E+00   1.12641649E+00   1.12641937E+00   1.12642257E+00   1.12642612E+00   1.12643004E+00   1.12643435E+00   1.12643907E+00   1.12644422E+00   1.12644981E+00   1.12645583E+00   1.12646229E+00   1.12646917E+00   1.12647645E+00   1.12648407E+00   1.12649198E+00   1.12650010E+00   1.12650832E+00   1.12651645E+00   1.12652435E+00   1.12653175E+00   1.12653841E+00   1.12654387E+00   1.12654783E+00   1.12654963E+00   1.12654881E+00   1.12654446E+00   1.12653591E+00   1.12652191E+00   1.12650153E+00   1.12647307E+00   1.12643530E+00   1.12638596E+00   1.12632340E+00   1.12624464E+00   1.12614756E+00   1.12602814E+00   1.12588370E+00   1.12570961E+00   1.12550217E+00   1.12525492E+00   1.12496388E+00   1.12462109E+00   1.12422113E+00   1.12375459E+00   1.12321505E+00   1.12259064E+00   1.12187378E+00   1.12105082E+00   1.12011277E+00   1.11904295E+00   1.11783092E+00   1.11645853E+00   1.11491436E+00   1.11317543E+00   1.11122752E+00   1.10904858E+00   1.10662443E+00   1.10395065E+00   1.10099112E+00   1.09795414E+00   1.09463426E+00   1.09130112E+00   1.08769348E+00   1.08411444E+00   1.08027887E+00   1.07650404E+00   1.07249507E+00   1.06857999E+00   1.06444874E+00   1.06044842E+00   1.05625334E+00   1.05220992E+00   1.04799606E+00   1.04397169E+00   1.03979224E+00   1.03560944E+00   1.03128928E+00   1.02682129E+00   1.02220060E+00   1.01759292E+00   1.01311091E+00   1.00752895E+00   1.00000000E+00
   1.12516879E+00   1.12516879E+00   1.12516881E+00   1.12516884E+00   1.12516889E+00   1.12516896E+00   1.12516904E+00   1.12516915E+00   1.12516927E+00   1.12516943E+00   1.12516962E+00   1.12516985E+00   1.12517012E+00   1.12517044E+00   1.12517081E+00   1.12517125E+00   1.12517176E+00   1.12517236E+00   1.12517306E+00   1.12517386E+00   1.12517478E+00   1.12517584E+00   1.12517705E+00   1.12517844E+00   1.12518001E+00   1.12518178E+00   1.12518379E+00   1.12518605E+00   1.12518858E+00   1.12519141E+00   1.12519455E+00   1.12519805E+00   1.12520191E+00   1.12520615E+00   1.12521080E+00   1.12521587E+00   1.12522137E+00   1.12522730E+00   1.12523366E+00   1.12524045E+00   1.12524762E+00   1.12525514E+00   1.12526295E+00   1.12527096E+00   1.12527907E+00   1.12528710E+00   1.12529491E+00   1.12530222E+00   1.12530881E+00   1.12531423E+00   1.12531815E+00   1.12531997E+00   1.12531920E+00   1.12531494E+00   1.12530655E+00   1.12529278E+00   1.12527271E+00   1.12524468E+00   1.12520744E+00   1.12515879E+00   1.12509708E+00   1.12501937E+00   1.12492355E+00   1.12480566E+00   1.12466304E+00   1.12449110E+00   1.12428619E+00   1.12404192E+00   1.12375433E+00   1.12341555E+00   1.12302022E+00   1.12255899E+00   1.12202553E+00   1.12140807E+00   1.12069909E+00   1.11988508E+00   1.11895710E+00   1.11789866E+00   1.11669938E+00   1.11534127E+00   1.11381303E+00   1.11209186E+00   1.11016365E+00   1.10800654E+00   1.10560649E+00   1.10295914E+00   1.10002861E+00   1.09702114E+00   1.09373340E+00   1.09043247E+00   1.08685953E+00   1.08331476E+00   1.07951582E+00   1.07577694E+00   1.07180616E+00   1.06792861E+00   1.06383688E+00   1.05987464E+00   1.05571968E+00   1.05171525E+00   1.04754190E+00   1.04355580E+00   1.03941684E+00   1.03527571E+00   1.03099800E+00   1.02657314E+00   1.02199749E+00   1.01743519E+00   1.01299896E+00   1.00746814E+00   1.00000000E+00
   1.13731245E+00   1.13731246E+00   1.13731249E+00   1.13731253E+00   1.13731260E+00   1.13731269E+00   1.13731280E+00   1.13731295E+00   1.13731312E+00   1.13731333E+00   1.13731358E+00   1.13731388E+00   1.13731423E+00   1.13731465E+00   1.13731513E+00   1.13731570E+00   1.13731635E+00   1.13731711E+00   1.13731798E+00   1.13731899E+00   1.13732014E+00   1.13732145E+00   1.13732294E+00   1.13732463E+00   1.13732654E+00   1.13732869E+00   1.13733110E+00   1.13733380E+00   1.13733682E+00   1.13734016E+00   1.13734387E+00   1.13734796E+00   1.13735245E+00   1.13735736E+00   1.13736270E+00   1.13736849E+00   1.13737474E+00   1.13738142E+00   1.13738853E+00   1.13739605E+00   1.13740393E+00   1.13741209E+00   1.13742046E+00   1.13742892E+00   1.13743733E+00   1.13744547E+00   1.13745315E+00   1.13746001E+00   1.13746578E+00   1.13746991E+00   1.13747202E+00   1.13747134E+00   1.13746732E+00   1.13745887E+00   1.13744523E+00   1.13742494E+00   1.13739692E+00   1.13735923E+00   1.13731045E+00   1.13724802E+00   1.13717006E+00   1.13707320E+00   1.13695507E+00   1.13681121E+00   1.13663863E+00   1.13643208E+00   1.13618754E+00   1.13589794E+00   1.13555883E+00   1.13516154E+00   1.13470023E+00   1.13416466E+00   1.13354786E+00   1.13283711E+00   1.13202425E+00   1.13109468E+00   1.13003871E+00   1.12883871E+00   1.12748360E+00   1.12595414E+00   1.12423787E+00   1.12231070E+00   1.12015809E+00   1.11775690E+00   1.11509130E+00   1.11215817E+00   1.10891945E+00   1.10560335E+00   1.10198353E+00   1.09835496E+00   1.09443414E+00   1.09054961E+00   1.08639100E+00   1.08230389E+00   1.07796444E+00   1.07372797E+00   1.06926159E+00   1.06493941E+00   1.06040556E+00   1.05603561E+00   1.05148364E+00   1.04713776E+00   1.04261561E+00   1.03808203E+00   1.03340753E+00   1.02858571E+00   1.02359597E+00   1.01858918E+00   1.01374341E+00   1.00786776E+00   1.00000000E+00
   1.13325144E+00   1.13325144E+00   1.13325147E+00   1.13325151E+00   1.13325157E+00   1.13325165E+00   1.13325176E+00   1.13325189E+00   1.13325205E+00   1.13325224E+00   1.13325247E+00   1.13325274E+00   1.13325307E+00   1.13325345E+00   1.13325390E+00   1.13325443E+00   1.13325503E+00   1.13325574E+00   1.13325655E+00   1.13325749E+00   1.13325856E+00   1.13325979E+00   1.13326119E+00   1.13326278E+00   1.13326458E+00   1.13326661E+00   1.13326889E+00   1.13327144E+00   1.13327429E+00   1.13327747E+00   1.13328099E+00   1.13328488E+00   1.13328916E+00   1.13329385E+00   1.13329896E+00   1.13330451E+00   1.13331050E+00   1.13331693E+00   1.13332378E+00   1.13333104E+00   1.13333867E+00   1.13334660E+00   1.13335476E+00   1.13336304E+00   1.13337132E+00   1.13337937E+00   1.13338704E+00   1.13339398E+00   1.13339994E+00   1.13340440E+00   1.13340700E+00   1.13340701E+00   1.13340390E+00   1.13339665E+00   1.13338453E+00   1.13336614E+00   1.13334045E+00   1.13330562E+00   1.13326026E+00   1.13320193E+00   1.13312882E+00   1.13303770E+00   1.13292627E+00   1.13279023E+00   1.13262670E+00   1.13243062E+00   1.13219806E+00   1.13192222E+00   1.13159876E+00   1.13121929E+00   1.13077810E+00   1.13026526E+00   1.12967398E+00   1.12899187E+00   1.12821098E+00   1.12731705E+00   1.12630063E+00   1.12514450E+00   1.12383780E+00   1.12236168E+00   1.12070399E+00   1.11884121E+00   1.11675897E+00   1.11443451E+00   1.11185259E+00   1.10900997E+00   1.10586912E+00   1.10265125E+00   1.09913764E+00   1.09561453E+00   1.09180596E+00   1.08803123E+00   1.08398913E+00   1.08001497E+00   1.07579573E+00   1.07167721E+00   1.06733376E+00   1.06312929E+00   1.05872070E+00   1.05447232E+00   1.05004542E+00   1.04581685E+00   1.04142368E+00   1.03702529E+00   1.03248488E+00   1.02779828E+00   1.02295468E+00   1.01809457E+00   1.01339744E+00   1.00768325E+00   1.00000000E+00
   1.13063206E+00   1.13063207E+00   1.13063209E+00   1.13063213E+00   1.13063219E+00   1.13063227E+00   1.13063237E+00   1.13063249E+00   1.13063264E+00   1.13063282E+00   1.13063304E+00   1.13063330E+00   1.13063361E+00   1.13063398E+00   1.13063440E+00   1.13063490E+00   1.13063548E+00   1.13063616E+00   1.13063694E+00   1.13063783E+00   1.13063886E+00   1.13064004E+00   1.13064138E+00   1.13064291E+00   1.13064464E+00   1.13064659E+00   1.13064879E+00   1.13065125E+00   1.13065400E+00   1.13065707E+00   1.13066047E+00   1.13066423E+00   1.13066838E+00   1.13067292E+00   1.13067787E+00   1.13068326E+00   1.13068908E+00   1.13069533E+00   1.13070200E+00   1.13070908E+00   1.13071652E+00   1.13072426E+00   1.13073225E+00   1.13074037E+00   1.13074850E+00   1.13075644E+00   1.13076402E+00   1.13077092E+00   1.13077689E+00   1.13078145E+00   1.13078421E+00   1.13078451E+00   1.13078180E+00   1.13077511E+00   1.13076372E+00   1.13074629E+00   1.13072179E+00   1.13068845E+00   1.13064491E+00   1.13058879E+00   1.13051833E+00   1.13043037E+00   1.13032267E+00   1.13019105E+00   1.13003265E+00   1.12984255E+00   1.12961692E+00   1.12934906E+00   1.12903476E+00   1.12866576E+00   1.12823649E+00   1.12773719E+00   1.12716121E+00   1.12649638E+00   1.12573488E+00   1.12486270E+00   1.12387055E+00   1.12274149E+00   1.12146483E+00   1.12002199E+00   1.11840106E+00   1.11657889E+00   1.11454128E+00   1.11226575E+00   1.10973745E+00   1.10695309E+00   1.10387556E+00   1.10072160E+00   1.09727722E+00   1.09382304E+00   1.09008816E+00   1.08638573E+00   1.08242052E+00   1.07852123E+00   1.07438146E+00   1.07034080E+00   1.06607876E+00   1.06195239E+00   1.05762635E+00   1.05345790E+00   1.04911355E+00   1.04496258E+00   1.04065292E+00   1.03634104E+00   1.03188752E+00   1.02728888E+00   1.02253889E+00   1.01777294E+00   1.01317109E+00   1.00756150E+00   1.00000000E+00
   1.12870643E+00   1.12870643E+00   1.12870646E+00   1.12870649E+00   1.12870655E+00   1.12870662E+00   1.12870672E+00   1.12870684E+00   1.12870698E+00   1.12870716E+00   1.12870737E+00   1.12870762E+00   1.12870792E+00   1.12870827E+00   1.12870868E+00   1.12870917E+00   1.12870973E+00   1.12871038E+00   1.12871113E+00   1.12871200E+00   1.12871300E+00   1.12871414E+00   1.12871545E+00   1.12871693E+00   1.12871861E+00   1.12872051E+00   1.12872264E+00   1.12872504E+00   1.12872772E+00   1.12873071E+00   1.12873402E+00   1.12873769E+00   1.12874173E+00   1.12874616E+00   1.12875100E+00   1.12875626E+00   1.12876195E+00   1.12876806E+00   1.12877459E+00   1.12878151E+00   1.12878880E+00   1.12879639E+00   1.12880423E+00   1.12881220E+00   1.12882019E+00   1.12882800E+00   1.12883546E+00   1.12884229E+00   1.12884820E+00   1.12885274E+00   1.12885555E+00   1.12885594E+00   1.12885342E+00   1.12884701E+00   1.12883601E+00   1.12881910E+00   1.12879529E+00   1.12876283E+00   1.12872038E+00   1.12866562E+00   1.12859680E+00   1.12851084E+00   1.12840553E+00   1.12827674E+00   1.12812169E+00   1.12793552E+00   1.12771445E+00   1.12745192E+00   1.12714375E+00   1.12678184E+00   1.12636067E+00   1.12587064E+00   1.12530519E+00   1.12465232E+00   1.12390432E+00   1.12304736E+00   1.12207229E+00   1.12096239E+00   1.11970710E+00   1.11828807E+00   1.11669355E+00   1.11490071E+00   1.11289548E+00   1.11065564E+00   1.10816659E+00   1.10542504E+00   1.10239428E+00   1.09928769E+00   1.09589475E+00   1.09249189E+00   1.08881205E+00   1.08516375E+00   1.08125622E+00   1.07741324E+00   1.07333317E+00   1.06935095E+00   1.06515016E+00   1.06108259E+00   1.05681843E+00   1.05270982E+00   1.04842739E+00   1.04433466E+00   1.04008685E+00   1.03583857E+00   1.03144935E+00   1.02691580E+00   1.02223431E+00   1.01753728E+00   1.01300488E+00   1.00747176E+00   1.00000000E+00
   1.12790524E+00   1.12790525E+00   1.12790527E+00   1.12790531E+00   1.12790536E+00   1.12790544E+00   1.12790553E+00   1.12790564E+00   1.12790579E+00   1.12790596E+00   1.12790617E+00   1.12790642E+00   1.12790671E+00   1.12790706E+00   1.12790746E+00   1.12790794E+00   1.12790849E+00   1.12790914E+00   1.12790988E+00   1.12791074E+00   1.12791173E+00   1.12791286E+00   1.12791414E+00   1.12791561E+00   1.12791727E+00   1.12791914E+00   1.12792125E+00   1.12792362E+00   1.12792627E+00   1.12792923E+00   1.12793251E+00   1.12793614E+00   1.12794013E+00   1.12794452E+00   1.12794931E+00   1.12795451E+00   1.12796014E+00   1.12796620E+00   1.12797266E+00   1.12797952E+00   1.12798674E+00   1.12799426E+00   1.12800203E+00   1.12800993E+00   1.12801785E+00   1.12802559E+00   1.12803300E+00   1.12803976E+00   1.12804564E+00   1.12805015E+00   1.12805294E+00   1.12805335E+00   1.12805087E+00   1.12804453E+00   1.12803365E+00   1.12801691E+00   1.12799333E+00   1.12796116E+00   1.12791910E+00   1.12786482E+00   1.12779660E+00   1.12771137E+00   1.12760693E+00   1.12747920E+00   1.12732541E+00   1.12714073E+00   1.12692142E+00   1.12666093E+00   1.12635514E+00   1.12599599E+00   1.12557799E+00   1.12509161E+00   1.12453032E+00   1.12388220E+00   1.12313959E+00   1.12228874E+00   1.12132054E+00   1.12021838E+00   1.11897177E+00   1.11756244E+00   1.11597873E+00   1.11419794E+00   1.11220606E+00   1.10998098E+00   1.10750822E+00   1.10478448E+00   1.10177326E+00   1.09868650E+00   1.09531512E+00   1.09193382E+00   1.08827714E+00   1.08465167E+00   1.08076848E+00   1.07694931E+00   1.07289448E+00   1.06893695E+00   1.06476207E+00   1.06071938E+00   1.05648135E+00   1.05239801E+00   1.04814173E+00   1.04407360E+00   1.03985173E+00   1.03563002E+00   1.03126771E+00   1.02676138E+00   1.02210834E+00   1.01743988E+00   1.01293617E+00   1.00743461E+00   1.00000000E+00
   1.13476862E+00   1.13476863E+00   1.13476866E+00   1.13476870E+00   1.13476877E+00   1.13476886E+00   1.13476897E+00   1.13476911E+00   1.13476928E+00   1.13476949E+00   1.13476974E+00   1.13477004E+00   1.13477038E+00   1.13477079E+00   1.13477127E+00   1.13477183E+00   1.13477247E+00   1.13477322E+00   1.13477407E+00   1.13477506E+00   1.13477619E+00   1.13477747E+00   1.13477893E+00   1.13478059E+00   1.13478245E+00   1.13478455E+00   1.13478691E+00   1.13478954E+00   1.13479248E+00   1.13479574E+00   1.13479934E+00   1.13480331E+00   1.13480766E+00   1.13481242E+00   1.13481759E+00   1.13482318E+00   1.13482919E+00   1.13483562E+00   1.13484244E+00   1.13484963E+00   1.13485714E+00   1.13486489E+00   1.13487280E+00   1.13488074E+00   1.13488858E+00   1.13489607E+00   1.13490303E+00   1.13490911E+00   1.13491401E+00   1.13491719E+00   1.13491825E+00   1.13491642E+00   1.13491114E+00   1.13490133E+00   1.13488621E+00   1.13486432E+00   1.13483458E+00   1.13479507E+00   1.13474434E+00   1.13467984E+00   1.13459970E+00   1.13450059E+00   1.13438011E+00   1.13423389E+00   1.13405893E+00   1.13384998E+00   1.13360307E+00   1.13331127E+00   1.13297010E+00   1.13257105E+00   1.13210836E+00   1.13157197E+00   1.13095494E+00   1.13024486E+00   1.12943367E+00   1.12850704E+00   1.12745538E+00   1.12626153E+00   1.12491461E+00   1.12339570E+00   1.12169236E+00   1.11978140E+00   1.11764874E+00   1.11527159E+00   1.11263431E+00   1.10973493E+00   1.10653573E+00   1.10326208E+00   1.09969083E+00   1.09611399E+00   1.09225134E+00   1.08842597E+00   1.08433249E+00   1.08031146E+00   1.07604399E+00   1.07188144E+00   1.06749400E+00   1.06324818E+00   1.05879812E+00   1.05451213E+00   1.05004709E+00   1.04578127E+00   1.04135188E+00   1.03692060E+00   1.03234786E+00   1.02763819E+00   1.02277929E+00   1.01787382E+00   1.01317888E+00   1.00757676E+00   1.00000000E+00
   1.13278738E+00   1.13278739E+00   1.13278741E+00   1.13278746E+00   1.13278752E+00   1.13278760E+00   1.13278771E+00   1.13278785E+00   1.13278801E+00   1.13278821E+00   1.13278845E+00   1.13278873E+00   1.13278907E+00   1.13278946E+00   1.13278992E+00   1.13279046E+00   1.13279108E+00   1.13279180E+00   1.13279262E+00   1.13279358E+00   1.13279467E+00   1.13279591E+00   1.13279732E+00   1.13279893E+00   1.13280074E+00   1.13280278E+00   1.13280507E+00   1.13280764E+00   1.13281049E+00   1.13281367E+00   1.13281718E+00   1.13282105E+00   1.13282530E+00   1.13282995E+00   1.13283501E+00   1.13284048E+00   1.13284638E+00   1.13285268E+00   1.13285938E+00   1.13286645E+00   1.13287384E+00   1.13288148E+00   1.13288930E+00   1.13289717E+00   1.13290495E+00   1.13291242E+00   1.13291939E+00   1.13292553E+00   1.13293054E+00   1.13293391E+00   1.13293524E+00   1.13293379E+00   1.13292901E+00   1.13291983E+00   1.13290552E+00   1.13288463E+00   1.13285611E+00   1.13281808E+00   1.13276912E+00   1.13270675E+00   1.13262912E+00   1.13253295E+00   1.13241592E+00   1.13227371E+00   1.13210339E+00   1.13189979E+00   1.13165900E+00   1.13137422E+00   1.13104102E+00   1.13065104E+00   1.13019858E+00   1.12967373E+00   1.12906965E+00   1.12837409E+00   1.12757909E+00   1.12667049E+00   1.12563883E+00   1.12446715E+00   1.12314467E+00   1.12165266E+00   1.11997885E+00   1.11810032E+00   1.11600307E+00   1.11366448E+00   1.11106924E+00   1.10821526E+00   1.10506508E+00   1.10184057E+00   1.09832239E+00   1.09479813E+00   1.09099131E+00   1.08722043E+00   1.08318469E+00   1.07921946E+00   1.07501125E+00   1.07090667E+00   1.06657943E+00   1.06239106E+00   1.05800199E+00   1.05377495E+00   1.04937034E+00   1.04516088E+00   1.04079354E+00   1.03642712E+00   1.03191804E+00   1.02727224E+00   1.02248278E+00   1.01764641E+00   1.01302143E+00   1.00749375E+00   1.00000000E+00
   1.13150955E+00   1.13150956E+00   1.13150958E+00   1.13150962E+00   1.13150969E+00   1.13150977E+00   1.13150987E+00   1.13151000E+00   1.13151016E+00   1.13151036E+00   1.13151059E+00   1.13151087E+00   1.13151119E+00   1.13151158E+00   1.13151203E+00   1.13151255E+00   1.13151316E+00   1.13151386E+00   1.13151467E+00   1.13151560E+00   1.13151667E+00   1.13151789E+00   1.13151928E+00   1.13152085E+00   1.13152263E+00   1.13152463E+00   1.13152688E+00   1.13152940E+00   1.13153220E+00   1.13153532E+00   1.13153877E+00   1.13154259E+00   1.13154677E+00   1.13155135E+00   1.13155632E+00   1.13156172E+00   1.13156753E+00   1.13157375E+00   1.13158036E+00   1.13158734E+00   1.13159464E+00   1.13160220E+00   1.13160993E+00   1.13161772E+00   1.13162544E+00   1.13163286E+00   1.13163980E+00   1.13164593E+00   1.13165096E+00   1.13165439E+00   1.13165583E+00   1.13165453E+00   1.13164997E+00   1.13164110E+00   1.13162718E+00   1.13160679E+00   1.13157891E+00   1.13154166E+00   1.13149365E+00   1.13143243E+00   1.13135617E+00   1.13126165E+00   1.13114654E+00   1.13100660E+00   1.13083893E+00   1.13063840E+00   1.13040115E+00   1.13012046E+00   1.12979195E+00   1.12940731E+00   1.12896093E+00   1.12844298E+00   1.12784669E+00   1.12715991E+00   1.12637475E+00   1.12547718E+00   1.12445782E+00   1.12329983E+00   1.12199255E+00   1.12051735E+00   1.11886208E+00   1.11700403E+00   1.11492924E+00   1.11261527E+00   1.11004696E+00   1.10722218E+00   1.10410372E+00   1.10091114E+00   1.09742752E+00   1.09393757E+00   1.09016735E+00   1.08643230E+00   1.08243459E+00   1.07850628E+00   1.07433717E+00   1.07027075E+00   1.06598330E+00   1.06183296E+00   1.05748398E+00   1.05329561E+00   1.04893082E+00   1.04475860E+00   1.04043131E+00   1.03610624E+00   1.03163844E+00   1.02703427E+00   1.02228927E+00   1.01749738E+00   1.01291732E+00   1.00743820E+00   1.00000000E+00
   1.13056817E+00   1.13056818E+00   1.13056820E+00   1.13056825E+00   1.13056831E+00   1.13056839E+00   1.13056849E+00   1.13056862E+00   1.13056878E+00   1.13056897E+00   1.13056919E+00   1.13056947E+00   1.13056979E+00   1.13057016E+00   1.13057060E+00   1.13057112E+00   1.13057172E+00   1.13057241E+00   1.13057321E+00   1.13057413E+00   1.13057518E+00   1.13057638E+00   1.13057774E+00   1.13057930E+00   1.13058105E+00   1.13058302E+00   1.13058524E+00   1.13058773E+00   1.13059050E+00   1.13059358E+00   1.13059698E+00   1.13060075E+00   1.13060488E+00   1.13060940E+00   1.13061432E+00   1.13061965E+00   1.13062540E+00   1.13063155E+00   1.13063809E+00   1.13064500E+00   1.13065222E+00   1.13065970E+00   1.13066737E+00   1.13067508E+00   1.13068273E+00   1.13069009E+00   1.13069698E+00   1.13070308E+00   1.13070809E+00   1.13071152E+00   1.13071298E+00   1.13071176E+00   1.13070730E+00   1.13069858E+00   1.13068487E+00   1.13066477E+00   1.13063725E+00   1.13060047E+00   1.13055304E+00   1.13049253E+00   1.13041713E+00   1.13032365E+00   1.13020978E+00   1.13007132E+00   1.12990537E+00   1.12970687E+00   1.12947199E+00   1.12919404E+00   1.12886868E+00   1.12848768E+00   1.12804546E+00   1.12753225E+00   1.12694134E+00   1.12626068E+00   1.12548241E+00   1.12459260E+00   1.12358194E+00   1.12243370E+00   1.12113727E+00   1.11967415E+00   1.11803228E+00   1.11618907E+00   1.11413065E+00   1.11183469E+00   1.10928617E+00   1.10648294E+00   1.10338796E+00   1.10021914E+00   1.09676125E+00   1.09329691E+00   1.08955409E+00   1.08584592E+00   1.08187678E+00   1.07797629E+00   1.07383659E+00   1.06979885E+00   1.06554137E+00   1.06141971E+00   1.05710082E+00   1.05294142E+00   1.04860652E+00   1.04446230E+00   1.04016468E+00   1.03587001E+00   1.03143280E+00   1.02685949E+00   1.02214704E+00   1.01738777E+00   1.01284052E+00   1.00739699E+00   1.00000000E+00
   1.13017575E+00   1.13017576E+00   1.13017578E+00   1.13017582E+00   1.13017588E+00   1.13017596E+00   1.13017606E+00   1.13017619E+00   1.13017635E+00   1.13017654E+00   1.13017676E+00   1.13017703E+00   1.13017735E+00   1.13017773E+00   1.13017816E+00   1.13017868E+00   1.13017927E+00   1.13017996E+00   1.13018075E+00   1.13018166E+00   1.13018271E+00   1.13018390E+00   1.13018526E+00   1.13018680E+00   1.13018854E+00   1.13019051E+00   1.13019271E+00   1.13019518E+00   1.13019794E+00   1.13020100E+00   1.13020439E+00   1.13020813E+00   1.13021225E+00   1.13021674E+00   1.13022164E+00   1.13022694E+00   1.13023266E+00   1.13023878E+00   1.13024529E+00   1.13025216E+00   1.13025936E+00   1.13026680E+00   1.13027443E+00   1.13028211E+00   1.13028973E+00   1.13029706E+00   1.13030392E+00   1.13030999E+00   1.13031498E+00   1.13031840E+00   1.13031986E+00   1.13031864E+00   1.13031421E+00   1.13030553E+00   1.13029189E+00   1.13027188E+00   1.13024448E+00   1.13020786E+00   1.13016064E+00   1.13010038E+00   1.13002530E+00   1.12993220E+00   1.12981879E+00   1.12968088E+00   1.12951559E+00   1.12931787E+00   1.12908389E+00   1.12880700E+00   1.12848287E+00   1.12810330E+00   1.12766271E+00   1.12715138E+00   1.12656262E+00   1.12588439E+00   1.12510889E+00   1.12422221E+00   1.12321506E+00   1.12207078E+00   1.12077878E+00   1.11932061E+00   1.11768424E+00   1.11584715E+00   1.11379551E+00   1.11150703E+00   1.10896676E+00   1.10617252E+00   1.10308739E+00   1.09992854E+00   1.09648148E+00   1.09302793E+00   1.08929667E+00   1.08559986E+00   1.08164281E+00   1.07775411E+00   1.07362686E+00   1.06960126E+00   1.06535648E+00   1.06124698E+00   1.05694081E+00   1.05279366E+00   1.04847141E+00   1.04433904E+00   1.04005386E+00   1.03577190E+00   1.03134750E+00   1.02678711E+00   1.02208818E+00   1.01734244E+00   1.01280873E+00   1.00737990E+00   1.00000000E+00
   1.17636965E+00   1.17636966E+00   1.17636969E+00   1.17636976E+00   1.17636985E+00   1.17636997E+00   1.17637012E+00   1.17637031E+00   1.17637054E+00   1.17637082E+00   1.17637115E+00   1.17637154E+00   1.17637200E+00   1.17637255E+00   1.17637319E+00   1.17637393E+00   1.17637480E+00   1.17637581E+00   1.17637698E+00   1.17637833E+00   1.17637987E+00   1.17638164E+00   1.17638366E+00   1.17638598E+00   1.17638860E+00   1.17639157E+00   1.17639491E+00   1.17639869E+00   1.17640292E+00   1.17640763E+00   1.17641287E+00   1.17641872E+00   1.17642521E+00   1.17643234E+00   1.17644018E+00   1.17644881E+00   1.17645823E+00   1.17646843E+00   1.17647946E+00   1.17649138E+00   1.17650411E+00   1.17651760E+00   1.17653186E+00   1.17654691E+00   1.17656258E+00   1.17657863E+00   1.17659499E+00   1.17661145E+00   1.17662770E+00   1.17664315E+00   1.17665749E+00   1.17667009E+00   1.17668041E+00   1.17668739E+00   1.17669038E+00   1.17668793E+00   1.17667885E+00   1.17666112E+00   1.17663324E+00   1.17659260E+00   1.17653767E+00   1.17646525E+00   1.17637209E+00   1.17625184E+00   1.17610227E+00   1.17591988E+00   1.17569953E+00   1.17543200E+00   1.17511283E+00   1.17473216E+00   1.17428381E+00   1.17375631E+00   1.17314040E+00   1.17241895E+00   1.17158501E+00   1.17062259E+00   1.16951697E+00   1.16824283E+00   1.16679256E+00   1.16514815E+00   1.16328680E+00   1.16116930E+00   1.15879209E+00   1.15613595E+00   1.15315330E+00   1.14981218E+00   1.14610921E+00   1.14232521E+00   1.13814322E+00   1.13386563E+00   1.12920400E+00   1.12456393E+00   1.11957740E+00   1.11466112E+00   1.10937449E+00   1.10410944E+00   1.09853509E+00   1.09314609E+00   1.08741791E+00   1.08178133E+00   1.07587860E+00   1.07025489E+00   1.06427764E+00   1.05807317E+00   1.05159835E+00   1.04485000E+00   1.03774856E+00   1.03056970E+00   1.02315894E+00   1.01331029E+00   1.00000000E+00
   1.14190137E+00   1.14190137E+00   1.14190138E+00   1.14190140E+00   1.14190144E+00   1.14190149E+00   1.14190156E+00   1.14190164E+00   1.14190175E+00   1.14190188E+00   1.14190204E+00   1.14190223E+00   1.14190247E+00   1.14190275E+00   1.14190308E+00   1.14190348E+00   1.14190395E+00   1.14190451E+00   1.14190517E+00   1.14190594E+00   1.14190683E+00   1.14190787E+00   1.14190907E+00   1.14191048E+00   1.14191209E+00   1.14191393E+00   1.14191603E+00   1.14191845E+00   1.14192117E+00   1.14192425E+00   1.14192771E+00   1.14193163E+00   1.14193602E+00   1.14194091E+00   1.14194634E+00   1.14195240E+00   1.14195910E+00   1.14196644E+00   1.14197448E+00   1.14198330E+00   1.14199286E+00   1.14200314E+00   1.14201418E+00   1.14202605E+00   1.14203864E+00   1.14205185E+00   1.14206564E+00   1.14207993E+00   1.14209453E+00   1.14210908E+00   1.14212340E+00   1.14213713E+00   1.14214990E+00   1.14216102E+00   1.14217006E+00   1.14217606E+00   1.14217818E+00   1.14217497E+00   1.14216539E+00   1.14214756E+00   1.14212042E+00   1.14208165E+00   1.14202872E+00   1.14195667E+00   1.14186396E+00   1.14174818E+00   1.14160515E+00   1.14142750E+00   1.14121179E+00   1.14095021E+00   1.14063779E+00   1.14026515E+00   1.13982459E+00   1.13930215E+00   1.13869203E+00   1.13798078E+00   1.13715591E+00   1.13619620E+00   1.13509487E+00   1.13383570E+00   1.13239953E+00   1.13075409E+00   1.12889481E+00   1.12680233E+00   1.12443761E+00   1.12177466E+00   1.11880778E+00   1.11575867E+00   1.11237400E+00   1.10890075E+00   1.10510386E+00   1.10131540E+00   1.09723353E+00   1.09319681E+00   1.08885222E+00   1.08453134E+00   1.07995436E+00   1.07552920E+00   1.07083060E+00   1.06621374E+00   1.06138568E+00   1.05679506E+00   1.05192291E+00   1.04688692E+00   1.04165587E+00   1.03622564E+00   1.03052371E+00   1.02478605E+00   1.01892322E+00   1.01099835E+00   1.00000000E+00
   1.12055864E+00   1.12055864E+00   1.12055864E+00   1.12055865E+00   1.12055867E+00   1.12055870E+00   1.12055873E+00   1.12055878E+00   1.12055884E+00   1.12055891E+00   1.12055901E+00   1.12055912E+00   1.12055926E+00   1.12055944E+00   1.12055965E+00   1.12055990E+00   1.12056020E+00   1.12056057E+00   1.12056100E+00   1.12056152E+00   1.12056213E+00   1.12056284E+00   1.12056367E+00   1.12056465E+00   1.12056579E+00   1.12056710E+00   1.12056861E+00   1.12057036E+00   1.12057235E+00   1.12057462E+00   1.12057719E+00   1.12058012E+00   1.12058342E+00   1.12058713E+00   1.12059129E+00   1.12059596E+00   1.12060116E+00   1.12060691E+00   1.12061325E+00   1.12062026E+00   1.12062792E+00   1.12063623E+00   1.12064524E+00   1.12065501E+00   1.12066549E+00   1.12067661E+00   1.12068836E+00   1.12070071E+00   1.12071353E+00   1.12072656E+00   1.12073968E+00   1.12075265E+00   1.12076522E+00   1.12077685E+00   1.12078723E+00   1.12079565E+00   1.12080145E+00   1.12080351E+00   1.12080099E+00   1.12079244E+00   1.12077705E+00   1.12075299E+00   1.12071811E+00   1.12066829E+00   1.12060238E+00   1.12051857E+00   1.12041329E+00   1.12028027E+00   1.12011670E+00   1.11991601E+00   1.11967401E+00   1.11938259E+00   1.11903514E+00   1.11861967E+00   1.11813118E+00   1.11755789E+00   1.11688882E+00   1.11610554E+00   1.11520183E+00   1.11416282E+00   1.11297193E+00   1.11160155E+00   1.11004645E+00   1.10828752E+00   1.10629157E+00   1.10403672E+00   1.10151554E+00   1.09891391E+00   1.09601782E+00   1.09304066E+00   1.08977938E+00   1.08652004E+00   1.08300222E+00   1.07951640E+00   1.07576350E+00   1.07203748E+00   1.06809037E+00   1.06427489E+00   1.06022890E+00   1.05626054E+00   1.05211731E+00   1.04818697E+00   1.04402529E+00   1.03974131E+00   1.03530765E+00   1.03071934E+00   1.02591223E+00   1.02110107E+00   1.01623455E+00   1.00953417E+00   1.00000000E+00
   1.10552135E+00   1.10552135E+00   1.10552135E+00   1.10552135E+00   1.10552136E+00   1.10552138E+00   1.10552140E+00   1.10552143E+00   1.10552146E+00   1.10552151E+00   1.10552157E+00   1.10552165E+00   1.10552174E+00   1.10552186E+00   1.10552201E+00   1.10552219E+00   1.10552240E+00   1.10552267E+00   1.10552298E+00   1.10552336E+00   1.10552381E+00   1.10552434E+00   1.10552497E+00   1.10552571E+00   1.10552658E+00   1.10552759E+00   1.10552876E+00   1.10553012E+00   1.10553169E+00   1.10553347E+00   1.10553550E+00   1.10553784E+00   1.10554048E+00   1.10554347E+00   1.10554683E+00   1.10555063E+00   1.10555488E+00   1.10555960E+00   1.10556483E+00   1.10557065E+00   1.10557704E+00   1.10558402E+00   1.10559162E+00   1.10559991E+00   1.10560887E+00   1.10561843E+00   1.10562861E+00   1.10563940E+00   1.10565070E+00   1.10566231E+00   1.10567414E+00   1.10568602E+00   1.10569776E+00   1.10570892E+00   1.10571927E+00   1.10572821E+00   1.10573522E+00   1.10573937E+00   1.10573995E+00   1.10573579E+00   1.10572623E+00   1.10570973E+00   1.10568441E+00   1.10564670E+00   1.10559570E+00   1.10553001E+00   1.10544644E+00   1.10533952E+00   1.10520681E+00   1.10504262E+00   1.10484330E+00   1.10460167E+00   1.10431181E+00   1.10396324E+00   1.10355147E+00   1.10306601E+00   1.10249693E+00   1.10182783E+00   1.10105302E+00   1.10015884E+00   1.09913041E+00   1.09794350E+00   1.09659269E+00   1.09505930E+00   1.09331394E+00   1.09133805E+00   1.08912338E+00   1.08683102E+00   1.08427351E+00   1.08164170E+00   1.07875467E+00   1.07586600E+00   1.07274443E+00   1.06964730E+00   1.06631225E+00   1.06300762E+00   1.05950823E+00   1.05612707E+00   1.05254679E+00   1.04904333E+00   1.04539308E+00   1.04193919E+00   1.03829190E+00   1.03455356E+00   1.03069847E+00   1.02672041E+00   1.02256231E+00   1.01842495E+00   1.01428354E+00   1.00847098E+00   1.00000000E+00
   1.09946217E+00   1.09946217E+00   1.09946217E+00   1.09946217E+00   1.09946218E+00   1.09946219E+00   1.09946220E+00   1.09946223E+00   1.09946226E+00   1.09946230E+00   1.09946235E+00   1.09946241E+00   1.09946249E+00   1.09946259E+00   1.09946272E+00   1.09946287E+00   1.09946306E+00   1.09946329E+00   1.09946357E+00   1.09946390E+00   1.09946429E+00   1.09946476E+00   1.09946532E+00   1.09946598E+00   1.09946676E+00   1.09946766E+00   1.09946871E+00   1.09946993E+00   1.09947134E+00   1.09947295E+00   1.09947479E+00   1.09947691E+00   1.09947931E+00   1.09948203E+00   1.09948510E+00   1.09948857E+00   1.09949246E+00   1.09949679E+00   1.09950160E+00   1.09950696E+00   1.09951287E+00   1.09951932E+00   1.09952636E+00   1.09953406E+00   1.09954240E+00   1.09955132E+00   1.09956085E+00   1.09957097E+00   1.09958160E+00   1.09959256E+00   1.09960377E+00   1.09961509E+00   1.09962633E+00   1.09963712E+00   1.09964722E+00   1.09965609E+00   1.09966327E+00   1.09966787E+00   1.09966926E+00   1.09966634E+00   1.09965853E+00   1.09964440E+00   1.09962216E+00   1.09958843E+00   1.09954245E+00   1.09948294E+00   1.09940690E+00   1.09930913E+00   1.09918736E+00   1.09903623E+00   1.09885232E+00   1.09862880E+00   1.09836006E+00   1.09803619E+00   1.09765296E+00   1.09720040E+00   1.09666895E+00   1.09604309E+00   1.09531739E+00   1.09447876E+00   1.09351291E+00   1.09239697E+00   1.09112562E+00   1.08968038E+00   1.08803318E+00   1.08616698E+00   1.08407344E+00   1.08190368E+00   1.07948042E+00   1.07698598E+00   1.07424823E+00   1.07150764E+00   1.06854461E+00   1.06560349E+00   1.06243613E+00   1.05930118E+00   1.05598268E+00   1.05277731E+00   1.04938585E+00   1.04607178E+00   1.04262319E+00   1.03936452E+00   1.03592842E+00   1.03241465E+00   1.02879803E+00   1.02507140E+00   1.02118070E+00   1.01732110E+00   1.01347860E+00   1.00803179E+00   1.00000000E+00
   1.17457783E+00   1.17457784E+00   1.17457787E+00   1.17457794E+00   1.17457803E+00   1.17457815E+00   1.17457830E+00   1.17457849E+00   1.17457872E+00   1.17457900E+00   1.17457934E+00   1.17457973E+00   1.17458020E+00   1.17458075E+00   1.17458139E+00   1.17458214E+00   1.17458302E+00   1.17458403E+00   1.17458521E+00   1.17458656E+00   1.17458811E+00   1.17458989E+00   1.17459192E+00   1.17459424E+00   1.17459687E+00   1.17459984E+00   1.17460319E+00   1.17460696E+00   1.17461118E+00   1.17461589E+00   1.17462113E+00   1.17462697E+00   1.17463343E+00   1.17464054E+00   1.17464835E+00   1.17465692E+00   1.17466627E+00   1.17467640E+00   1.17468733E+00   1.17469911E+00   1.17471168E+00   1.17472500E+00   1.17473906E+00   1.17475383E+00   1.17476917E+00   1.17478486E+00   1.17480079E+00   1.17481669E+00   1.17483228E+00   1.17484699E+00   1.17486049E+00   1.17487210E+00   1.17488127E+00   1.17488692E+00   1.17488838E+00   1.17488410E+00   1.17487291E+00   1.17485281E+00   1.17482232E+00   1.17477879E+00   1.17472044E+00   1.17464377E+00   1.17454578E+00   1.17442070E+00   1.17426597E+00   1.17407740E+00   1.17384982E+00   1.17357427E+00   1.17324631E+00   1.17285590E+00   1.17239656E+00   1.17185654E+00   1.17122703E+00   1.17049157E+00   1.16964227E+00   1.16866240E+00   1.16753843E+00   1.16624654E+00   1.16477733E+00   1.16311104E+00   1.16122758E+00   1.15909050E+00   1.15669070E+00   1.15400416E+00   1.15099276E+00   1.14763446E+00   1.14391240E+00   1.14009737E+00   1.13588651E+00   1.13159914E+00   1.12693593E+00   1.12229729E+00   1.11730861E+00   1.11238351E+00   1.10709727E+00   1.10185531E+00   1.09630928E+00   1.09093683E+00   1.08522843E+00   1.07963346E+00   1.07378327E+00   1.06820085E+00   1.06227338E+00   1.05615426E+00   1.04978751E+00   1.04315947E+00   1.03619179E+00   1.02915708E+00   1.02192641E+00   1.01250904E+00   1.00000000E+00
   1.14349063E+00   1.14349063E+00   1.14349064E+00   1.14349067E+00   1.14349071E+00   1.14349077E+00   1.14349084E+00   1.14349093E+00   1.14349105E+00   1.14349119E+00   1.14349137E+00   1.14349158E+00   1.14349183E+00   1.14349213E+00   1.14349249E+00   1.14349292E+00   1.14349342E+00   1.14349402E+00   1.14349472E+00   1.14349554E+00   1.14349649E+00   1.14349759E+00   1.14349887E+00   1.14350035E+00   1.14350204E+00   1.14350398E+00   1.14350619E+00   1.14350871E+00   1.14351156E+00   1.14351477E+00   1.14351839E+00   1.14352246E+00   1.14352701E+00   1.14353208E+00   1.14353771E+00   1.14354396E+00   1.14355085E+00   1.14355841E+00   1.14356666E+00   1.14357567E+00   1.14358542E+00   1.14359590E+00   1.14360713E+00   1.14361913E+00   1.14363182E+00   1.14364509E+00   1.14365888E+00   1.14367306E+00   1.14368745E+00   1.14370169E+00   1.14371556E+00   1.14372865E+00   1.14374057E+00   1.14375059E+00   1.14375824E+00   1.14376244E+00   1.14376234E+00   1.14375647E+00   1.14374375E+00   1.14372223E+00   1.14369059E+00   1.14364616E+00   1.14358659E+00   1.14350734E+00   1.14340648E+00   1.14328086E+00   1.14312624E+00   1.14293534E+00   1.14270464E+00   1.14242597E+00   1.14209397E+00   1.14169883E+00   1.14123316E+00   1.14068324E+00   1.14004231E+00   1.13929603E+00   1.13843280E+00   1.13743234E+00   1.13628609E+00   1.13497621E+00   1.13348570E+00   1.13178382E+00   1.12986111E+00   1.12769459E+00   1.12525325E+00   1.12251843E+00   1.11947191E+00   1.11633258E+00   1.11285609E+00   1.10930855E+00   1.10543886E+00   1.10157969E+00   1.09741916E+00   1.09330120E+00   1.08888043E+00   1.08450283E+00   1.07986638E+00   1.07537121E+00   1.07060103E+00   1.06593316E+00   1.06105375E+00   1.05640086E+00   1.05147265E+00   1.04640702E+00   1.04114822E+00   1.03568441E+00   1.02994968E+00   1.02417724E+00   1.01828777E+00   1.01052195E+00   1.00000000E+00
   1.12456122E+00   1.12456122E+00   1.12456123E+00   1.12456124E+00   1.12456126E+00   1.12456129E+00   1.12456134E+00   1.12456139E+00   1.12456146E+00   1.12456155E+00   1.12456166E+00   1.12456180E+00   1.12456196E+00   1.12456216E+00   1.12456240E+00   1.12456269E+00   1.12456303E+00   1.12456345E+00   1.12456394E+00   1.12456452E+00   1.12456519E+00   1.12456599E+00   1.12456691E+00   1.12456800E+00   1.12456925E+00   1.12457069E+00   1.12457235E+00   1.12457425E+00   1.12457642E+00   1.12457888E+00   1.12458166E+00   1.12458483E+00   1.12458839E+00   1.12459237E+00   1.12459683E+00   1.12460181E+00   1.12460734E+00   1.12461344E+00   1.12462016E+00   1.12462754E+00   1.12463558E+00   1.12464430E+00   1.12465371E+00   1.12466387E+00   1.12467470E+00   1.12468616E+00   1.12469819E+00   1.12471074E+00   1.12472366E+00   1.12473669E+00   1.12474968E+00   1.12476233E+00   1.12477435E+00   1.12478516E+00   1.12479441E+00   1.12480124E+00   1.12480499E+00   1.12480446E+00   1.12479879E+00   1.12478641E+00   1.12476623E+00   1.12473605E+00   1.12469391E+00   1.12463593E+00   1.12456059E+00   1.12446529E+00   1.12434637E+00   1.12419756E+00   1.12401588E+00   1.12379430E+00   1.12352814E+00   1.12320883E+00   1.12282989E+00   1.12237931E+00   1.12185111E+00   1.12123249E+00   1.12051317E+00   1.11967518E+00   1.11871061E+00   1.11760301E+00   1.11633749E+00   1.11488710E+00   1.11324220E+00   1.11138081E+00   1.10927657E+00   1.10691323E+00   1.10427182E+00   1.10154031E+00   1.09850961E+00   1.09541362E+00   1.09203033E+00   1.08865078E+00   1.08500209E+00   1.08138565E+00   1.07750378E+00   1.07366525E+00   1.06959776E+00   1.06565281E+00   1.06147157E+00   1.05738636E+00   1.05311809E+00   1.04905160E+00   1.04475496E+00   1.04035337E+00   1.03579017E+00   1.03105398E+00   1.02608783E+00   1.02110409E+00   1.01605182E+00   1.00930321E+00   1.00000000E+00
   1.11131977E+00   1.11131976E+00   1.11131976E+00   1.11131977E+00   1.11131979E+00   1.11131981E+00   1.11131983E+00   1.11131987E+00   1.11131992E+00   1.11131998E+00   1.11132006E+00   1.11132015E+00   1.11132027E+00   1.11132042E+00   1.11132059E+00   1.11132081E+00   1.11132107E+00   1.11132138E+00   1.11132176E+00   1.11132220E+00   1.11132272E+00   1.11132335E+00   1.11132407E+00   1.11132493E+00   1.11132593E+00   1.11132708E+00   1.11132841E+00   1.11132995E+00   1.11133170E+00   1.11133371E+00   1.11133599E+00   1.11133859E+00   1.11134153E+00   1.11134484E+00   1.11134855E+00   1.11135273E+00   1.11135738E+00   1.11136253E+00   1.11136822E+00   1.11137452E+00   1.11138141E+00   1.11138890E+00   1.11139704E+00   1.11140587E+00   1.11141535E+00   1.11142542E+00   1.11143607E+00   1.11144727E+00   1.11145888E+00   1.11147072E+00   1.11148266E+00   1.11149446E+00   1.11150589E+00   1.11151648E+00   1.11152593E+00   1.11153353E+00   1.11153870E+00   1.11154045E+00   1.11153803E+00   1.11153011E+00   1.11151577E+00   1.11149310E+00   1.11146037E+00   1.11141418E+00   1.11135322E+00   1.11127531E+00   1.11117716E+00   1.11105320E+00   1.11090081E+00   1.11071373E+00   1.11048778E+00   1.11021526E+00   1.10989030E+00   1.10950219E+00   1.10904544E+00   1.10850846E+00   1.10788184E+00   1.10714937E+00   1.10630367E+00   1.10532944E+00   1.10421325E+00   1.10293089E+00   1.10147282E+00   1.09981794E+00   1.09794291E+00   1.09583354E+00   1.09347079E+00   1.09102125E+00   1.08829962E+00   1.08551794E+00   1.08247455E+00   1.07943131E+00   1.07614278E+00   1.07288097E+00   1.06938054E+00   1.06592447E+00   1.06226216E+00   1.05871011E+00   1.05494968E+00   1.05128172E+00   1.04745241E+00   1.04380768E+00   1.03996509E+00   1.03604024E+00   1.03197602E+00   1.02776055E+00   1.02334314E+00   1.01892259E+00   1.01446744E+00   1.00843951E+00   1.00000000E+00
   1.10599378E+00   1.10599377E+00   1.10599377E+00   1.10599378E+00   1.10599379E+00   1.10599381E+00   1.10599383E+00   1.10599386E+00   1.10599390E+00   1.10599396E+00   1.10599402E+00   1.10599411E+00   1.10599421E+00   1.10599434E+00   1.10599449E+00   1.10599468E+00   1.10599491E+00   1.10599519E+00   1.10599552E+00   1.10599592E+00   1.10599640E+00   1.10599696E+00   1.10599761E+00   1.10599839E+00   1.10599929E+00   1.10600034E+00   1.10600155E+00   1.10600296E+00   1.10600457E+00   1.10600641E+00   1.10600850E+00   1.10601090E+00   1.10601361E+00   1.10601666E+00   1.10602010E+00   1.10602396E+00   1.10602828E+00   1.10603307E+00   1.10603837E+00   1.10604423E+00   1.10605067E+00   1.10605768E+00   1.10606531E+00   1.10607360E+00   1.10608251E+00   1.10609200E+00   1.10610207E+00   1.10611267E+00   1.10612370E+00   1.10613497E+00   1.10614639E+00   1.10615772E+00   1.10616877E+00   1.10617908E+00   1.10618839E+00   1.10619603E+00   1.10620147E+00   1.10620378E+00   1.10620226E+00   1.10619566E+00   1.10618312E+00   1.10616286E+00   1.10613322E+00   1.10609097E+00   1.10603492E+00   1.10596304E+00   1.10587217E+00   1.10575702E+00   1.10561511E+00   1.10544049E+00   1.10522919E+00   1.10497383E+00   1.10466883E+00   1.10430395E+00   1.10387397E+00   1.10336775E+00   1.10277626E+00   1.10208400E+00   1.10128384E+00   1.10036102E+00   1.09930262E+00   1.09808557E+00   1.09670050E+00   1.09512663E+00   1.09334172E+00   1.09133259E+00   1.08908034E+00   1.08674297E+00   1.08414438E+00   1.08148820E+00   1.07858093E+00   1.07567267E+00   1.07252904E+00   1.06941046E+00   1.06606418E+00   1.06276311E+00   1.05926556E+00   1.05587363E+00   1.05228482E+00   1.04878745E+00   1.04513812E+00   1.04166642E+00   1.03800999E+00   1.03428052E+00   1.03042084E+00   1.02641853E+00   1.02222531E+00   1.01803462E+00   1.01382287E+00   1.00808789E+00   1.00000000E+00
   1.17181181E+00   1.17181182E+00   1.17181185E+00   1.17181191E+00   1.17181200E+00   1.17181212E+00   1.17181228E+00   1.17181246E+00   1.17181269E+00   1.17181297E+00   1.17181330E+00   1.17181370E+00   1.17181416E+00   1.17181471E+00   1.17181535E+00   1.17181610E+00   1.17181697E+00   1.17181798E+00   1.17181914E+00   1.17182049E+00   1.17182203E+00   1.17182379E+00   1.17182581E+00   1.17182811E+00   1.17183071E+00   1.17183366E+00   1.17183697E+00   1.17184071E+00   1.17184488E+00   1.17184954E+00   1.17185472E+00   1.17186049E+00   1.17186687E+00   1.17187389E+00   1.17188158E+00   1.17189003E+00   1.17189922E+00   1.17190918E+00   1.17191991E+00   1.17193146E+00   1.17194377E+00   1.17195680E+00   1.17197053E+00   1.17198491E+00   1.17199979E+00   1.17201498E+00   1.17203032E+00   1.17204555E+00   1.17206036E+00   1.17207421E+00   1.17208675E+00   1.17209726E+00   1.17210518E+00   1.17210943E+00   1.17210928E+00   1.17210318E+00   1.17208996E+00   1.17206760E+00   1.17203461E+00   1.17198830E+00   1.17192675E+00   1.17184634E+00   1.17174425E+00   1.17161498E+00   1.17145576E+00   1.17126189E+00   1.17102827E+00   1.17074616E+00   1.17041105E+00   1.17001283E+00   1.16954485E+00   1.16899533E+00   1.16835568E+00   1.16760989E+00   1.16674957E+00   1.16575778E+00   1.16462171E+00   1.16331856E+00   1.16183775E+00   1.16015852E+00   1.15826229E+00   1.15611448E+00   1.15370322E+00   1.15100252E+00   1.14797986E+00   1.14461878E+00   1.14089413E+00   1.13707138E+00   1.13285842E+00   1.12858352E+00   1.12393991E+00   1.11932277E+00   1.11435678E+00   1.10945348E+00   1.10419998E+00   1.09900709E+00   1.09351538E+00   1.08819046E+00   1.08253992E+00   1.07702142E+00   1.07125697E+00   1.06575091E+00   1.05991542E+00   1.05392328E+00   1.04770663E+00   1.04124525E+00   1.03446194E+00   1.02761986E+00   1.02062952E+00   1.01170012E+00   1.00000000E+00
   1.14443259E+00   1.14443259E+00   1.14443260E+00   1.14443263E+00   1.14443268E+00   1.14443274E+00   1.14443282E+00   1.14443292E+00   1.14443305E+00   1.14443320E+00   1.14443339E+00   1.14443361E+00   1.14443388E+00   1.14443421E+00   1.14443459E+00   1.14443504E+00   1.14443558E+00   1.14443621E+00   1.14443695E+00   1.14443782E+00   1.14443882E+00   1.14443998E+00   1.14444132E+00   1.14444286E+00   1.14444463E+00   1.14444665E+00   1.14444895E+00   1.14445157E+00   1.14445452E+00   1.14445785E+00   1.14446159E+00   1.14446579E+00   1.14447048E+00   1.14447569E+00   1.14448146E+00   1.14448786E+00   1.14449490E+00   1.14450260E+00   1.14451100E+00   1.14452014E+00   1.14453000E+00   1.14454058E+00   1.14455189E+00   1.14456392E+00   1.14457659E+00   1.14458978E+00   1.14460342E+00   1.14461734E+00   1.14463135E+00   1.14464509E+00   1.14465831E+00   1.14467054E+00   1.14468137E+00   1.14469004E+00   1.14469601E+00   1.14469814E+00   1.14469557E+00   1.14468675E+00   1.14467057E+00   1.14464495E+00   1.14460842E+00   1.14455811E+00   1.14449179E+00   1.14440502E+00   1.14429561E+00   1.14415982E+00   1.14399343E+00   1.14378919E+00   1.14354340E+00   1.14324763E+00   1.14289624E+00   1.14247919E+00   1.14198918E+00   1.14141257E+00   1.14074201E+00   1.13996270E+00   1.13906356E+00   1.13802476E+00   1.13683661E+00   1.13548017E+00   1.13393961E+00   1.13218516E+00   1.13020483E+00   1.12797414E+00   1.12546664E+00   1.12266775E+00   1.11955157E+00   1.11633837E+00   1.11278852E+00   1.10918045E+00   1.10525054E+00   1.10133323E+00   1.09711098E+00   1.09293308E+00   1.08845710E+00   1.08403767E+00   1.07935714E+00   1.07481352E+00   1.06999878E+00   1.06530282E+00   1.06039433E+00   1.05570474E+00   1.05075051E+00   1.04568508E+00   1.04043206E+00   1.03497324E+00   1.02924945E+00   1.02348840E+00   1.01763288E+00   1.01007102E+00   1.00000000E+00
   1.12800579E+00   1.12800579E+00   1.12800580E+00   1.12800581E+00   1.12800584E+00   1.12800588E+00   1.12800593E+00   1.12800600E+00   1.12800608E+00   1.12800618E+00   1.12800631E+00   1.12800646E+00   1.12800665E+00   1.12800688E+00   1.12800715E+00   1.12800748E+00   1.12800786E+00   1.12800833E+00   1.12800887E+00   1.12800951E+00   1.12801026E+00   1.12801114E+00   1.12801216E+00   1.12801334E+00   1.12801471E+00   1.12801628E+00   1.12801807E+00   1.12802013E+00   1.12802247E+00   1.12802512E+00   1.12802810E+00   1.12803149E+00   1.12803528E+00   1.12803952E+00   1.12804425E+00   1.12804951E+00   1.12805534E+00   1.12806176E+00   1.12806879E+00   1.12807650E+00   1.12808487E+00   1.12809391E+00   1.12810364E+00   1.12811408E+00   1.12812516E+00   1.12813681E+00   1.12814899E+00   1.12816157E+00   1.12817441E+00   1.12818724E+00   1.12819986E+00   1.12821193E+00   1.12822311E+00   1.12823277E+00   1.12824051E+00   1.12824539E+00   1.12824668E+00   1.12824313E+00   1.12823379E+00   1.12821694E+00   1.12819132E+00   1.12815452E+00   1.12810460E+00   1.12803776E+00   1.12795211E+00   1.12784448E+00   1.12771116E+00   1.12754578E+00   1.12734516E+00   1.12710184E+00   1.12681082E+00   1.12646315E+00   1.12605234E+00   1.12556624E+00   1.12499818E+00   1.12433477E+00   1.12356605E+00   1.12267415E+00   1.12165001E+00   1.12047605E+00   1.11913823E+00   1.11760990E+00   1.11587915E+00   1.11392272E+00   1.11171796E+00   1.10925173E+00   1.10649806E+00   1.10365041E+00   1.10050021E+00   1.09729581E+00   1.09379988E+00   1.09030993E+00   1.08654390E+00   1.08281316E+00   1.07881687E+00   1.07487476E+00   1.07069642E+00   1.06663769E+00   1.06234101E+00   1.05815463E+00   1.05377741E+00   1.04959533E+00   1.04518746E+00   1.04069323E+00   1.03603226E+00   1.03118666E+00   1.02610767E+00   1.02100463E+00   1.01583847E+00   1.00909663E+00   1.00000000E+00
   1.11658276E+00   1.11658276E+00   1.11658276E+00   1.11658278E+00   1.11658280E+00   1.11658282E+00   1.11658286E+00   1.11658291E+00   1.11658297E+00   1.11658304E+00   1.11658314E+00   1.11658325E+00   1.11658340E+00   1.11658357E+00   1.11658378E+00   1.11658404E+00   1.11658434E+00   1.11658471E+00   1.11658515E+00   1.11658566E+00   1.11658627E+00   1.11658698E+00   1.11658781E+00   1.11658878E+00   1.11658991E+00   1.11659121E+00   1.11659270E+00   1.11659442E+00   1.11659637E+00   1.11659860E+00   1.11660113E+00   1.11660399E+00   1.11660722E+00   1.11661084E+00   1.11661489E+00   1.11661943E+00   1.11662446E+00   1.11663002E+00   1.11663614E+00   1.11664286E+00   1.11665020E+00   1.11665816E+00   1.11666676E+00   1.11667603E+00   1.11668593E+00   1.11669638E+00   1.11670737E+00   1.11671880E+00   1.11673056E+00   1.11674241E+00   1.11675421E+00   1.11676565E+00   1.11677647E+00   1.11678612E+00   1.11679426E+00   1.11680008E+00   1.11680294E+00   1.11680177E+00   1.11679571E+00   1.11678329E+00   1.11676338E+00   1.11673385E+00   1.11669298E+00   1.11663734E+00   1.11656530E+00   1.11647405E+00   1.11636022E+00   1.11621806E+00   1.11604470E+00   1.11583340E+00   1.11557959E+00   1.11527510E+00   1.11491401E+00   1.11448523E+00   1.11398260E+00   1.11339378E+00   1.11270958E+00   1.11191362E+00   1.11099734E+00   1.10994426E+00   1.10874157E+00   1.10736491E+00   1.10580260E+00   1.10403236E+00   1.10203405E+00   1.09979585E+00   1.09729217E+00   1.09469790E+00   1.09182538E+00   1.08890247E+00   1.08571034E+00   1.08252066E+00   1.07907625E+00   1.07566214E+00   1.07200560E+00   1.06840193E+00   1.06458087E+00   1.06086783E+00   1.05694007E+00   1.05311673E+00   1.04911892E+00   1.04529941E+00   1.04128047E+00   1.03719132E+00   1.03294987E+00   1.02853761E+00   1.02391237E+00   1.01927169E+00   1.01458879E+00   1.00841784E+00   1.00000000E+00
   1.11199502E+00   1.11199502E+00   1.11199502E+00   1.11199503E+00   1.11199505E+00   1.11199507E+00   1.11199510E+00   1.11199514E+00   1.11199520E+00   1.11199526E+00   1.11199535E+00   1.11199545E+00   1.11199558E+00   1.11199574E+00   1.11199593E+00   1.11199616E+00   1.11199643E+00   1.11199677E+00   1.11199717E+00   1.11199764E+00   1.11199819E+00   1.11199884E+00   1.11199961E+00   1.11200050E+00   1.11200154E+00   1.11200274E+00   1.11200412E+00   1.11200572E+00   1.11200753E+00   1.11200960E+00   1.11201195E+00   1.11201463E+00   1.11201764E+00   1.11202103E+00   1.11202482E+00   1.11202907E+00   1.11203379E+00   1.11203902E+00   1.11204478E+00   1.11205112E+00   1.11205804E+00   1.11206557E+00   1.11207371E+00   1.11208250E+00   1.11209189E+00   1.11210183E+00   1.11211230E+00   1.11212322E+00   1.11213448E+00   1.11214585E+00   1.11215721E+00   1.11216828E+00   1.11217881E+00   1.11218829E+00   1.11219638E+00   1.11220233E+00   1.11220555E+00   1.11220500E+00   1.11219990E+00   1.11218883E+00   1.11217074E+00   1.11214359E+00   1.11210574E+00   1.11205393E+00   1.11198660E+00   1.11190111E+00   1.11179419E+00   1.11166036E+00   1.11149687E+00   1.11129725E+00   1.11105713E+00   1.11076864E+00   1.11042608E+00   1.11001882E+00   1.10954090E+00   1.10898041E+00   1.10832847E+00   1.10756933E+00   1.10669467E+00   1.10568848E+00   1.10453840E+00   1.10322106E+00   1.10172492E+00   1.10002812E+00   1.09811141E+00   1.09596369E+00   1.09355964E+00   1.09106667E+00   1.08830528E+00   1.08549533E+00   1.08242550E+00   1.07935698E+00   1.07604266E+00   1.07275706E+00   1.06923843E+00   1.06577241E+00   1.06209705E+00   1.05852520E+00   1.05474803E+00   1.05107302E+00   1.04723054E+00   1.04355944E+00   1.03969927E+00   1.03577516E+00   1.03170461E+00   1.02746856E+00   1.02302725E+00   1.01857356E+00   1.01408567E+00   1.00814438E+00   1.00000000E+00
   1.16824842E+00   1.16824843E+00   1.16824847E+00   1.16824853E+00   1.16824862E+00   1.16824873E+00   1.16824888E+00   1.16824907E+00   1.16824930E+00   1.16824957E+00   1.16824989E+00   1.16825028E+00   1.16825074E+00   1.16825128E+00   1.16825191E+00   1.16825265E+00   1.16825350E+00   1.16825450E+00   1.16825564E+00   1.16825697E+00   1.16825848E+00   1.16826022E+00   1.16826220E+00   1.16826446E+00   1.16826702E+00   1.16826991E+00   1.16827317E+00   1.16827683E+00   1.16828093E+00   1.16828550E+00   1.16829058E+00   1.16829623E+00   1.16830247E+00   1.16830933E+00   1.16831686E+00   1.16832510E+00   1.16833407E+00   1.16834378E+00   1.16835423E+00   1.16836544E+00   1.16837739E+00   1.16839002E+00   1.16840330E+00   1.16841716E+00   1.16843146E+00   1.16844600E+00   1.16846062E+00   1.16847503E+00   1.16848892E+00   1.16850176E+00   1.16851318E+00   1.16852244E+00   1.16852898E+00   1.16853169E+00   1.16852982E+00   1.16852180E+00   1.16850647E+00   1.16848181E+00   1.16844630E+00   1.16839719E+00   1.16833254E+00   1.16824864E+00   1.16814278E+00   1.16800966E+00   1.16784631E+00   1.16764770E+00   1.16740883E+00   1.16712115E+00   1.16678009E+00   1.16637551E+00   1.16590074E+00   1.16534401E+00   1.16469695E+00   1.16394391E+00   1.16307625E+00   1.16207703E+00   1.16093397E+00   1.15962499E+00   1.15813886E+00   1.15645419E+00   1.15455351E+00   1.15240391E+00   1.14999196E+00   1.14729090E+00   1.14427198E+00   1.14092250E+00   1.13721205E+00   1.13340250E+00   1.12921075E+00   1.12496903E+00   1.12036652E+00   1.11579266E+00   1.11087504E+00   1.10602187E+00   1.10083069E+00   1.09571304E+00   1.09030376E+00   1.08505791E+00   1.07950109E+00   1.07409107E+00   1.06844431E+00   1.06304842E+00   1.05734417E+00   1.05151672E+00   1.04548593E+00   1.03922710E+00   1.03266643E+00   1.02605434E+00   1.01934774E+00   1.01092862E+00   1.00000000E+00
   1.14475621E+00   1.14475622E+00   1.14475624E+00   1.14475627E+00   1.14475632E+00   1.14475639E+00   1.14475647E+00   1.14475658E+00   1.14475671E+00   1.14475688E+00   1.14475708E+00   1.14475732E+00   1.14475760E+00   1.14475795E+00   1.14475835E+00   1.14475883E+00   1.14475940E+00   1.14476006E+00   1.14476084E+00   1.14476174E+00   1.14476279E+00   1.14476400E+00   1.14476539E+00   1.14476700E+00   1.14476883E+00   1.14477092E+00   1.14477329E+00   1.14477599E+00   1.14477903E+00   1.14478245E+00   1.14478628E+00   1.14479058E+00   1.14479537E+00   1.14480069E+00   1.14480657E+00   1.14481306E+00   1.14482020E+00   1.14482798E+00   1.14483645E+00   1.14484564E+00   1.14485554E+00   1.14486612E+00   1.14487740E+00   1.14488933E+00   1.14490185E+00   1.14491481E+00   1.14492814E+00   1.14494162E+00   1.14495507E+00   1.14496809E+00   1.14498043E+00   1.14499155E+00   1.14500103E+00   1.14500805E+00   1.14501204E+00   1.14501180E+00   1.14500641E+00   1.14499430E+00   1.14497425E+00   1.14494411E+00   1.14490228E+00   1.14484577E+00   1.14477235E+00   1.14467764E+00   1.14455921E+00   1.14441288E+00   1.14423442E+00   1.14401661E+00   1.14375556E+00   1.14344262E+00   1.14307200E+00   1.14263347E+00   1.14211976E+00   1.14151728E+00   1.14081830E+00   1.14000775E+00   1.13907485E+00   1.13800006E+00   1.13677295E+00   1.13537386E+00   1.13378772E+00   1.13198564E+00   1.12995417E+00   1.12766816E+00   1.12510410E+00   1.12225018E+00   1.11907564E+00   1.11580338E+00   1.11219630E+00   1.10854130E+00   1.10456540E+00   1.10060495E+00   1.09633913E+00   1.09212121E+00   1.08761021E+00   1.08316661E+00   1.07846197E+00   1.07389358E+00   1.06906097E+00   1.06436039E+00   1.05944781E+00   1.05474961E+00   1.04980041E+00   1.04476411E+00   1.03954632E+00   1.03412447E+00   1.02844725E+00   1.02273499E+00   1.01696244E+00   1.00964023E+00   1.00000000E+00
   1.13083298E+00   1.13083298E+00   1.13083299E+00   1.13083301E+00   1.13083305E+00   1.13083309E+00   1.13083315E+00   1.13083323E+00   1.13083333E+00   1.13083344E+00   1.13083359E+00   1.13083376E+00   1.13083397E+00   1.13083423E+00   1.13083453E+00   1.13083490E+00   1.13083533E+00   1.13083584E+00   1.13083644E+00   1.13083715E+00   1.13083797E+00   1.13083893E+00   1.13084003E+00   1.13084132E+00   1.13084279E+00   1.13084448E+00   1.13084641E+00   1.13084861E+00   1.13085111E+00   1.13085393E+00   1.13085711E+00   1.13086069E+00   1.13086470E+00   1.13086917E+00   1.13087413E+00   1.13087965E+00   1.13088573E+00   1.13089241E+00   1.13089971E+00   1.13090767E+00   1.13091629E+00   1.13092557E+00   1.13093551E+00   1.13094611E+00   1.13095731E+00   1.13096902E+00   1.13098116E+00   1.13099359E+00   1.13100615E+00   1.13101854E+00   1.13103054E+00   1.13104172E+00   1.13105174E+00   1.13105991E+00   1.13106576E+00   1.13106826E+00   1.13106665E+00   1.13105957E+00   1.13104600E+00   1.13102407E+00   1.13099239E+00   1.13094836E+00   1.13089004E+00   1.13081354E+00   1.13071674E+00   1.13059599E+00   1.13044749E+00   1.13026477E+00   1.13004441E+00   1.12977862E+00   1.12946214E+00   1.12908572E+00   1.12864278E+00   1.12812099E+00   1.12751323E+00   1.12680566E+00   1.12598845E+00   1.12504372E+00   1.12396161E+00   1.12272374E+00   1.12131654E+00   1.11971370E+00   1.11790191E+00   1.11585729E+00   1.11355944E+00   1.11099739E+00   1.10814060E+00   1.10518895E+00   1.10193210E+00   1.09862974E+00   1.09503210E+00   1.09144353E+00   1.08757438E+00   1.08374469E+00   1.07964908E+00   1.07561670E+00   1.07134336E+00   1.06719041E+00   1.06280041E+00   1.05853267E+00   1.05406909E+00   1.04979790E+00   1.04530770E+00   1.04074846E+00   1.03602022E+00   1.03110073E+00   1.02595044E+00   1.02077446E+00   1.01555751E+00   1.00888118E+00   1.00000000E+00
   1.12119571E+00   1.12119571E+00   1.12119572E+00   1.12119573E+00   1.12119576E+00   1.12119579E+00   1.12119584E+00   1.12119590E+00   1.12119597E+00   1.12119607E+00   1.12119618E+00   1.12119632E+00   1.12119649E+00   1.12119670E+00   1.12119694E+00   1.12119724E+00   1.12119760E+00   1.12119802E+00   1.12119852E+00   1.12119911E+00   1.12119980E+00   1.12120060E+00   1.12120154E+00   1.12120263E+00   1.12120388E+00   1.12120533E+00   1.12120698E+00   1.12120888E+00   1.12121103E+00   1.12121348E+00   1.12121624E+00   1.12121936E+00   1.12122286E+00   1.12122678E+00   1.12123115E+00   1.12123601E+00   1.12124139E+00   1.12124732E+00   1.12125381E+00   1.12126092E+00   1.12126865E+00   1.12127699E+00   1.12128596E+00   1.12129557E+00   1.12130575E+00   1.12131645E+00   1.12132760E+00   1.12133909E+00   1.12135077E+00   1.12136240E+00   1.12137378E+00   1.12138455E+00   1.12139441E+00   1.12140274E+00   1.12140914E+00   1.12141270E+00   1.12141274E+00   1.12140805E+00   1.12139771E+00   1.12138005E+00   1.12135381E+00   1.12131666E+00   1.12126682E+00   1.12120076E+00   1.12111655E+00   1.12101089E+00   1.12088028E+00   1.12071879E+00   1.12052329E+00   1.12028660E+00   1.12000384E+00   1.11966645E+00   1.11926834E+00   1.11879810E+00   1.11824904E+00   1.11760824E+00   1.11686655E+00   1.11600733E+00   1.11502118E+00   1.11389073E+00   1.11260344E+00   1.11113488E+00   1.10947203E+00   1.10759198E+00   1.10547635E+00   1.10311501E+00   1.10047802E+00   1.09774919E+00   1.09473619E+00   1.09168008E+00   1.08834756E+00   1.08502047E+00   1.08143099E+00   1.07787599E+00   1.07407405E+00   1.07033244E+00   1.06636490E+00   1.06250687E+00   1.05843025E+00   1.05446878E+00   1.05032353E+00   1.04635497E+00   1.04218808E+00   1.03796314E+00   1.03357792E+00   1.02900965E+00   1.02422584E+00   1.01942197E+00   1.01458949E+00   1.00835769E+00   1.00000000E+00
   1.11732975E+00   1.11732976E+00   1.11732976E+00   1.11732978E+00   1.11732980E+00   1.11732983E+00   1.11732987E+00   1.11732992E+00   1.11732999E+00   1.11733007E+00   1.11733018E+00   1.11733031E+00   1.11733046E+00   1.11733065E+00   1.11733088E+00   1.11733115E+00   1.11733148E+00   1.11733187E+00   1.11733233E+00   1.11733288E+00   1.11733352E+00   1.11733427E+00   1.11733515E+00   1.11733617E+00   1.11733734E+00   1.11733870E+00   1.11734025E+00   1.11734203E+00   1.11734405E+00   1.11734635E+00   1.11734896E+00   1.11735190E+00   1.11735521E+00   1.11735892E+00   1.11736305E+00   1.11736766E+00   1.11737276E+00   1.11737839E+00   1.11738457E+00   1.11739133E+00   1.11739869E+00   1.11740665E+00   1.11741522E+00   1.11742440E+00   1.11743416E+00   1.11744442E+00   1.11745513E+00   1.11746618E+00   1.11747745E+00   1.11748869E+00   1.11749972E+00   1.11751021E+00   1.11751987E+00   1.11752811E+00   1.11753454E+00   1.11753832E+00   1.11753877E+00   1.11753475E+00   1.11752538E+00   1.11750907E+00   1.11748461E+00   1.11744976E+00   1.11740281E+00   1.11734037E+00   1.11726058E+00   1.11716029E+00   1.11703612E+00   1.11688234E+00   1.11669594E+00   1.11646998E+00   1.11619976E+00   1.11587696E+00   1.11549573E+00   1.11504501E+00   1.11451830E+00   1.11390308E+00   1.11319045E+00   1.11236429E+00   1.11141544E+00   1.11032693E+00   1.10908664E+00   1.10767092E+00   1.10606694E+00   1.10425215E+00   1.10220896E+00   1.09992769E+00   1.09737874E+00   1.09473942E+00   1.09182446E+00   1.08886760E+00   1.08564223E+00   1.08242103E+00   1.07894504E+00   1.07550179E+00   1.07181928E+00   1.06819602E+00   1.06435321E+00   1.06061555E+00   1.05666666E+00   1.05283002E+00   1.04881468E+00   1.04496954E+00   1.04093397E+00   1.03684440E+00   1.03259808E+00   1.02817176E+00   1.02353551E+00   1.01888103E+00   1.01420249E+00   1.00814820E+00   1.00000000E+00
   1.16396022E+00   1.16396023E+00   1.16396026E+00   1.16396033E+00   1.16396041E+00   1.16396053E+00   1.16396067E+00   1.16396085E+00   1.16396107E+00   1.16396134E+00   1.16396166E+00   1.16396204E+00   1.16396248E+00   1.16396301E+00   1.16396363E+00   1.16396435E+00   1.16396518E+00   1.16396615E+00   1.16396727E+00   1.16396856E+00   1.16397004E+00   1.16397174E+00   1.16397367E+00   1.16397587E+00   1.16397837E+00   1.16398118E+00   1.16398435E+00   1.16398792E+00   1.16399190E+00   1.16399634E+00   1.16400128E+00   1.16400677E+00   1.16401282E+00   1.16401948E+00   1.16402677E+00   1.16403475E+00   1.16404341E+00   1.16405278E+00   1.16406286E+00   1.16407366E+00   1.16408514E+00   1.16409725E+00   1.16410996E+00   1.16412317E+00   1.16413675E+00   1.16415049E+00   1.16416423E+00   1.16417766E+00   1.16419047E+00   1.16420212E+00   1.16421224E+00   1.16422007E+00   1.16422504E+00   1.16422602E+00   1.16422226E+00   1.16421217E+00   1.16419459E+00   1.16416749E+00   1.16412934E+00   1.16407738E+00   1.16400961E+00   1.16392234E+00   1.16381289E+00   1.16367610E+00   1.16350890E+00   1.16330601E+00   1.16306255E+00   1.16277017E+00   1.16242422E+00   1.16201466E+00   1.16153484E+00   1.16097309E+00   1.16032121E+00   1.15956396E+00   1.15869258E+00   1.15769027E+00   1.15654517E+00   1.15523591E+00   1.15375084E+00   1.15206839E+00   1.15017196E+00   1.14803029E+00   1.14562908E+00   1.14294147E+00   1.13994160E+00   1.13661968E+00   1.13294194E+00   1.12916682E+00   1.12501966E+00   1.12083306E+00   1.11629516E+00   1.11178848E+00   1.10694637E+00   1.10217167E+00   1.09707261E+00   1.09205781E+00   1.08676069E+00   1.08162521E+00   1.07619593E+00   1.07092446E+00   1.06542591E+00   1.06017152E+00   1.05463292E+00   1.04900136E+00   1.04318427E+00   1.03715531E+00   1.03084724E+00   1.02449458E+00   1.01810493E+00   1.01020509E+00   1.00000000E+00
   1.14443169E+00   1.14443170E+00   1.14443172E+00   1.14443175E+00   1.14443181E+00   1.14443188E+00   1.14443197E+00   1.14443209E+00   1.14443223E+00   1.14443240E+00   1.14443262E+00   1.14443287E+00   1.14443317E+00   1.14443353E+00   1.14443396E+00   1.14443446E+00   1.14443505E+00   1.14443574E+00   1.14443655E+00   1.14443749E+00   1.14443857E+00   1.14443983E+00   1.14444126E+00   1.14444292E+00   1.14444480E+00   1.14444695E+00   1.14444938E+00   1.14445214E+00   1.14445524E+00   1.14445872E+00   1.14446262E+00   1.14446699E+00   1.14447184E+00   1.14447722E+00   1.14448315E+00   1.14448968E+00   1.14449684E+00   1.14450464E+00   1.14451311E+00   1.14452226E+00   1.14453208E+00   1.14454256E+00   1.14455367E+00   1.14456537E+00   1.14457758E+00   1.14459015E+00   1.14460297E+00   1.14461582E+00   1.14462848E+00   1.14464055E+00   1.14465174E+00   1.14466147E+00   1.14466931E+00   1.14467435E+00   1.14467602E+00   1.14467303E+00   1.14466445E+00   1.14464863E+00   1.14462429E+00   1.14458918E+00   1.14454162E+00   1.14447851E+00   1.14439761E+00   1.14429452E+00   1.14416661E+00   1.14400939E+00   1.14381862E+00   1.14358706E+00   1.14331068E+00   1.14298068E+00   1.14259115E+00   1.14213175E+00   1.14159523E+00   1.14096805E+00   1.14024222E+00   1.13940255E+00   1.13843845E+00   1.13733065E+00   1.13606823E+00   1.13463117E+00   1.13300492E+00   1.13116148E+00   1.12908656E+00   1.12675483E+00   1.12414484E+00   1.12124708E+00   1.11802754E+00   1.11471185E+00   1.11106450E+00   1.10737821E+00   1.10337338E+00   1.09938761E+00   1.09509863E+00   1.09086210E+00   1.08633839E+00   1.08189159E+00   1.07718631E+00   1.07261841E+00   1.06779504E+00   1.06311432E+00   1.05822403E+00   1.05354522E+00   1.04863059E+00   1.04365009E+00   1.03849429E+00   1.03313947E+00   1.02754316E+00   1.02191479E+00   1.01626963E+00   1.00922108E+00   1.00000000E+00
   1.13297159E+00   1.13297159E+00   1.13297160E+00   1.13297163E+00   1.13297167E+00   1.13297172E+00   1.13297179E+00   1.13297188E+00   1.13297199E+00   1.13297212E+00   1.13297228E+00   1.13297248E+00   1.13297272E+00   1.13297300E+00   1.13297334E+00   1.13297374E+00   1.13297421E+00   1.13297477E+00   1.13297543E+00   1.13297619E+00   1.13297708E+00   1.13297812E+00   1.13297931E+00   1.13298069E+00   1.13298226E+00   1.13298407E+00   1.13298612E+00   1.13298845E+00   1.13299109E+00   1.13299407E+00   1.13299741E+00   1.13300117E+00   1.13300536E+00   1.13301002E+00   1.13301518E+00   1.13302090E+00   1.13302718E+00   1.13303406E+00   1.13304155E+00   1.13304968E+00   1.13305846E+00   1.13306786E+00   1.13307790E+00   1.13308853E+00   1.13309969E+00   1.13311127E+00   1.13312318E+00   1.13313524E+00   1.13314728E+00   1.13315896E+00   1.13317003E+00   1.13318001E+00   1.13318851E+00   1.13319478E+00   1.13319830E+00   1.13319797E+00   1.13319295E+00   1.13318180E+00   1.13316341E+00   1.13313576E+00   1.13309737E+00   1.13304546E+00   1.13297804E+00   1.13289114E+00   1.13278239E+00   1.13264775E+00   1.13248336E+00   1.13228263E+00   1.13204190E+00   1.13175310E+00   1.13141080E+00   1.13100546E+00   1.13053043E+00   1.12997321E+00   1.12932634E+00   1.12857566E+00   1.12771139E+00   1.12671561E+00   1.12557793E+00   1.12427941E+00   1.12280679E+00   1.12113411E+00   1.11924726E+00   1.11712205E+00   1.11473955E+00   1.11209059E+00   1.10914158E+00   1.10609872E+00   1.10274891E+00   1.09936118E+00   1.09567577E+00   1.09200335E+00   1.08804810E+00   1.08413736E+00   1.07996119E+00   1.07585681E+00   1.07150949E+00   1.06728534E+00   1.06282705E+00   1.05850142E+00   1.05397785E+00   1.04964624E+00   1.04510408E+00   1.04050862E+00   1.03574444E+00   1.03078843E+00   1.02561022E+00   1.02040685E+00   1.01519798E+00   1.00864533E+00   1.00000000E+00
   1.12506787E+00   1.12506787E+00   1.12506788E+00   1.12506790E+00   1.12506793E+00   1.12506798E+00   1.12506803E+00   1.12506810E+00   1.12506819E+00   1.12506830E+00   1.12506844E+00   1.12506860E+00   1.12506880E+00   1.12506904E+00   1.12506933E+00   1.12506967E+00   1.12507007E+00   1.12507056E+00   1.12507112E+00   1.12507178E+00   1.12507255E+00   1.12507346E+00   1.12507450E+00   1.12507570E+00   1.12507709E+00   1.12507867E+00   1.12508049E+00   1.12508255E+00   1.12508489E+00   1.12508754E+00   1.12509052E+00   1.12509388E+00   1.12509764E+00   1.12510183E+00   1.12510648E+00   1.12511163E+00   1.12511732E+00   1.12512355E+00   1.12513036E+00   1.12513778E+00   1.12514580E+00   1.12515443E+00   1.12516365E+00   1.12517346E+00   1.12518379E+00   1.12519455E+00   1.12520567E+00   1.12521699E+00   1.12522836E+00   1.12523948E+00   1.12525012E+00   1.12525987E+00   1.12526838E+00   1.12527495E+00   1.12527913E+00   1.12527992E+00   1.12527656E+00   1.12526772E+00   1.12525239E+00   1.12522874E+00   1.12519539E+00   1.12514980E+00   1.12509010E+00   1.12501264E+00   1.12491522E+00   1.12479410E+00   1.12464569E+00   1.12446385E+00   1.12424516E+00   1.12398209E+00   1.12366953E+00   1.12329851E+00   1.12286281E+00   1.12235069E+00   1.12175507E+00   1.12106257E+00   1.12026395E+00   1.11934233E+00   1.11828774E+00   1.11708209E+00   1.11571299E+00   1.11415598E+00   1.11239720E+00   1.11041335E+00   1.10818709E+00   1.10570972E+00   1.10294827E+00   1.10009533E+00   1.09695290E+00   1.09377367E+00   1.09031208E+00   1.08685978E+00   1.08313943E+00   1.07945862E+00   1.07552732E+00   1.07166401E+00   1.06756928E+00   1.06358785E+00   1.05938637E+00   1.05531020E+00   1.05104471E+00   1.04695726E+00   1.04267496E+00   1.03834657E+00   1.03385430E+00   1.02917483E+00   1.02428485E+00   1.01937368E+00   1.01446400E+00   1.00825025E+00   1.00000000E+00
   1.12190054E+00   1.12190054E+00   1.12190055E+00   1.12190057E+00   1.12190059E+00   1.12190063E+00   1.12190069E+00   1.12190075E+00   1.12190083E+00   1.12190094E+00   1.12190106E+00   1.12190121E+00   1.12190140E+00   1.12190162E+00   1.12190189E+00   1.12190221E+00   1.12190259E+00   1.12190305E+00   1.12190358E+00   1.12190420E+00   1.12190493E+00   1.12190578E+00   1.12190676E+00   1.12190791E+00   1.12190922E+00   1.12191073E+00   1.12191245E+00   1.12191441E+00   1.12191664E+00   1.12191916E+00   1.12192200E+00   1.12192521E+00   1.12192879E+00   1.12193280E+00   1.12193724E+00   1.12194218E+00   1.12194762E+00   1.12195360E+00   1.12196014E+00   1.12196726E+00   1.12197497E+00   1.12198327E+00   1.12199215E+00   1.12200161E+00   1.12201158E+00   1.12202198E+00   1.12203274E+00   1.12204371E+00   1.12205474E+00   1.12206556E+00   1.12207595E+00   1.12208550E+00   1.12209388E+00   1.12210044E+00   1.12210472E+00   1.12210577E+00   1.12210286E+00   1.12209471E+00   1.12208034E+00   1.12205799E+00   1.12202632E+00   1.12198288E+00   1.12192587E+00   1.12185173E+00   1.12175835E+00   1.12164212E+00   1.12149953E+00   1.12132462E+00   1.12111410E+00   1.12086062E+00   1.12055922E+00   1.12020117E+00   1.11978042E+00   1.11928553E+00   1.11870959E+00   1.11803954E+00   1.11726638E+00   1.11637366E+00   1.11535158E+00   1.11418244E+00   1.11285416E+00   1.11134293E+00   1.10963506E+00   1.10770755E+00   1.10554371E+00   1.10313509E+00   1.10044908E+00   1.09767272E+00   1.09461392E+00   1.09151896E+00   1.08814802E+00   1.08478504E+00   1.08116011E+00   1.07757289E+00   1.07374116E+00   1.06997589E+00   1.06598404E+00   1.06210149E+00   1.05800439E+00   1.05402956E+00   1.04986902E+00   1.04588074E+00   1.04170346E+00   1.03748262E+00   1.03309988E+00   1.02853163E+00   1.02375708E+00   1.01896253E+00   1.01417191E+00   1.00809280E+00   1.00000000E+00
   1.15897075E+00   1.15897076E+00   1.15897079E+00   1.15897085E+00   1.15897093E+00   1.15897104E+00   1.15897118E+00   1.15897136E+00   1.15897157E+00   1.15897183E+00   1.15897214E+00   1.15897251E+00   1.15897294E+00   1.15897345E+00   1.15897404E+00   1.15897474E+00   1.15897555E+00   1.15897649E+00   1.15897758E+00   1.15897883E+00   1.15898026E+00   1.15898190E+00   1.15898376E+00   1.15898589E+00   1.15898830E+00   1.15899101E+00   1.15899407E+00   1.15899751E+00   1.15900134E+00   1.15900562E+00   1.15901038E+00   1.15901565E+00   1.15902147E+00   1.15902786E+00   1.15903485E+00   1.15904249E+00   1.15905078E+00   1.15905973E+00   1.15906934E+00   1.15907961E+00   1.15909051E+00   1.15910198E+00   1.15911398E+00   1.15912639E+00   1.15913910E+00   1.15915188E+00   1.15916456E+00   1.15917682E+00   1.15918835E+00   1.15919861E+00   1.15920722E+00   1.15921340E+00   1.15921657E+00   1.15921560E+00   1.15920972E+00   1.15919735E+00   1.15917733E+00   1.15914762E+00   1.15910668E+00   1.15905175E+00   1.15898083E+00   1.15889021E+00   1.15877730E+00   1.15863702E+00   1.15846626E+00   1.15825957E+00   1.15801222E+00   1.15771608E+00   1.15736644E+00   1.15695342E+00   1.15647047E+00   1.15590610E+00   1.15525226E+00   1.15449420E+00   1.15362312E+00   1.15262251E+00   1.15148090E+00   1.15017766E+00   1.14870096E+00   1.14702938E+00   1.14514714E+00   1.14302462E+00   1.14064716E+00   1.13798824E+00   1.13502444E+00   1.13174842E+00   1.12812431E+00   1.12440645E+00   1.12032886E+00   1.11622138E+00   1.11177389E+00   1.10736034E+00   1.10262243E+00   1.09795517E+00   1.09297858E+00   1.08809505E+00   1.08294022E+00   1.07794528E+00   1.07267516E+00   1.06757028E+00   1.06224839E+00   1.05716363E+00   1.05182038E+00   1.04641068E+00   1.04082994E+00   1.03505357E+00   1.02902388E+00   1.02295473E+00   1.01690822E+00   1.00953065E+00   1.00000000E+00
   1.14341962E+00   1.14341963E+00   1.14341965E+00   1.14341969E+00   1.14341974E+00   1.14341982E+00   1.14341992E+00   1.14342004E+00   1.14342019E+00   1.14342037E+00   1.14342060E+00   1.14342086E+00   1.14342118E+00   1.14342155E+00   1.14342200E+00   1.14342252E+00   1.14342313E+00   1.14342385E+00   1.14342468E+00   1.14342565E+00   1.14342676E+00   1.14342805E+00   1.14342952E+00   1.14343121E+00   1.14343313E+00   1.14343531E+00   1.14343778E+00   1.14344057E+00   1.14344371E+00   1.14344723E+00   1.14345116E+00   1.14345555E+00   1.14346041E+00   1.14346580E+00   1.14347172E+00   1.14347823E+00   1.14348534E+00   1.14349307E+00   1.14350142E+00   1.14351043E+00   1.14352006E+00   1.14353029E+00   1.14354109E+00   1.14355240E+00   1.14356412E+00   1.14357610E+00   1.14358820E+00   1.14360018E+00   1.14361180E+00   1.14362263E+00   1.14363237E+00   1.14364039E+00   1.14364622E+00   1.14364892E+00   1.14364786E+00   1.14364172E+00   1.14362952E+00   1.14360953E+00   1.14358044E+00   1.14353989E+00   1.14348614E+00   1.14341600E+00   1.14332719E+00   1.14321530E+00   1.14307754E+00   1.14290916E+00   1.14270593E+00   1.14246062E+00   1.14216905E+00   1.14182234E+00   1.14141453E+00   1.14093522E+00   1.14037718E+00   1.13972697E+00   1.13897645E+00   1.13811043E+00   1.13711845E+00   1.13598159E+00   1.13468864E+00   1.13321945E+00   1.13155994E+00   1.12968304E+00   1.12757406E+00   1.12520783E+00   1.12256450E+00   1.11963654E+00   1.11638792E+00   1.11304631E+00   1.10937772E+00   1.10567848E+00   1.10166487E+00   1.09767444E+00   1.09338531E+00   1.08915360E+00   1.08464182E+00   1.08021540E+00   1.07553524E+00   1.07099414E+00   1.06620767E+00   1.06157218E+00   1.05673135E+00   1.05209968E+00   1.04724829E+00   1.04234972E+00   1.03728242E+00   1.03202511E+00   1.02654434E+00   1.02103310E+00   1.01555523E+00   1.00881115E+00   1.00000000E+00
   1.13436534E+00   1.13436534E+00   1.13436536E+00   1.13436539E+00   1.13436543E+00   1.13436549E+00   1.13436557E+00   1.13436567E+00   1.13436579E+00   1.13436594E+00   1.13436612E+00   1.13436634E+00   1.13436660E+00   1.13436691E+00   1.13436728E+00   1.13436772E+00   1.13436824E+00   1.13436884E+00   1.13436955E+00   1.13437037E+00   1.13437133E+00   1.13437243E+00   1.13437370E+00   1.13437516E+00   1.13437683E+00   1.13437873E+00   1.13438089E+00   1.13438334E+00   1.13438610E+00   1.13438921E+00   1.13439269E+00   1.13439658E+00   1.13440091E+00   1.13440572E+00   1.13441103E+00   1.13441688E+00   1.13442329E+00   1.13443029E+00   1.13443788E+00   1.13444608E+00   1.13445489E+00   1.13446429E+00   1.13447426E+00   1.13448475E+00   1.13449568E+00   1.13450693E+00   1.13451837E+00   1.13452981E+00   1.13454104E+00   1.13455169E+00   1.13456149E+00   1.13456988E+00   1.13457645E+00   1.13458037E+00   1.13458108E+00   1.13457738E+00   1.13456840E+00   1.13455257E+00   1.13452871E+00   1.13449468E+00   1.13444889E+00   1.13438842E+00   1.13431118E+00   1.13421312E+00   1.13409167E+00   1.13394246E+00   1.13376155E+00   1.13354226E+00   1.13328070E+00   1.13296861E+00   1.13260039E+00   1.13216631E+00   1.13165961E+00   1.13106770E+00   1.13038286E+00   1.12959073E+00   1.12868152E+00   1.12763736E+00   1.12644750E+00   1.12509267E+00   1.12355982E+00   1.12182344E+00   1.11986900E+00   1.11767226E+00   1.11521532E+00   1.11249069E+00   1.10946276E+00   1.10634342E+00   1.10291670E+00   1.09945925E+00   1.09570361E+00   1.09196559E+00   1.08794477E+00   1.08397417E+00   1.07974009E+00   1.07558603E+00   1.07118968E+00   1.06692023E+00   1.06242137E+00   1.05806426E+00   1.05350982E+00   1.04914811E+00   1.04458582E+00   1.03998477E+00   1.03521774E+00   1.03026441E+00   1.02510261E+00   1.01991523E+00   1.01476736E+00   1.00839042E+00   1.00000000E+00
   1.12813850E+00   1.12813851E+00   1.12813852E+00   1.12813854E+00   1.12813858E+00   1.12813863E+00   1.12813870E+00   1.12813879E+00   1.12813889E+00   1.12813902E+00   1.12813918E+00   1.12813937E+00   1.12813960E+00   1.12813987E+00   1.12814020E+00   1.12814058E+00   1.12814104E+00   1.12814158E+00   1.12814221E+00   1.12814294E+00   1.12814380E+00   1.12814479E+00   1.12814593E+00   1.12814725E+00   1.12814876E+00   1.12815048E+00   1.12815244E+00   1.12815466E+00   1.12815718E+00   1.12816001E+00   1.12816319E+00   1.12816676E+00   1.12817073E+00   1.12817515E+00   1.12818004E+00   1.12818543E+00   1.12819136E+00   1.12819783E+00   1.12820487E+00   1.12821250E+00   1.12822071E+00   1.12822949E+00   1.12823882E+00   1.12824866E+00   1.12825895E+00   1.12826956E+00   1.12828041E+00   1.12829130E+00   1.12830206E+00   1.12831233E+00   1.12832187E+00   1.12833019E+00   1.12833689E+00   1.12834121E+00   1.12834263E+00   1.12834004E+00   1.12833263E+00   1.12831895E+00   1.12829788E+00   1.12826744E+00   1.12822613E+00   1.12817121E+00   1.12810074E+00   1.12801088E+00   1.12789923E+00   1.12776167E+00   1.12759449E+00   1.12739135E+00   1.12714858E+00   1.12685835E+00   1.12651533E+00   1.12611025E+00   1.12563671E+00   1.12508272E+00   1.12444087E+00   1.12369742E+00   1.12284305E+00   1.12186068E+00   1.12073991E+00   1.11946217E+00   1.11801509E+00   1.11637429E+00   1.11452547E+00   1.11244510E+00   1.11011649E+00   1.10753232E+00   1.10465756E+00   1.10169301E+00   1.09843480E+00   1.09514603E+00   1.09157085E+00   1.08800978E+00   1.08417726E+00   1.08039030E+00   1.07635103E+00   1.07238780E+00   1.06819068E+00   1.06411199E+00   1.05981417E+00   1.05565133E+00   1.05129711E+00   1.04712398E+00   1.04276179E+00   1.03836538E+00   1.03380541E+00   1.02906162E+00   1.02411830E+00   1.01915216E+00   1.01422917E+00   1.00810217E+00   1.00000000E+00
   1.12564553E+00   1.12564553E+00   1.12564554E+00   1.12564557E+00   1.12564560E+00   1.12564565E+00   1.12564571E+00   1.12564579E+00   1.12564589E+00   1.12564601E+00   1.12564616E+00   1.12564634E+00   1.12564656E+00   1.12564682E+00   1.12564713E+00   1.12564750E+00   1.12564793E+00   1.12564845E+00   1.12564905E+00   1.12564975E+00   1.12565057E+00   1.12565152E+00   1.12565261E+00   1.12565387E+00   1.12565532E+00   1.12565697E+00   1.12565885E+00   1.12566099E+00   1.12566341E+00   1.12566614E+00   1.12566920E+00   1.12567264E+00   1.12567647E+00   1.12568073E+00   1.12568545E+00   1.12569066E+00   1.12569639E+00   1.12570265E+00   1.12570947E+00   1.12571686E+00   1.12572481E+00   1.12573332E+00   1.12574238E+00   1.12575194E+00   1.12576194E+00   1.12577228E+00   1.12578284E+00   1.12579347E+00   1.12580397E+00   1.12581403E+00   1.12582339E+00   1.12583159E+00   1.12583824E+00   1.12584260E+00   1.12584417E+00   1.12584187E+00   1.12583492E+00   1.12582191E+00   1.12580174E+00   1.12577250E+00   1.12573272E+00   1.12567974E+00   1.12561165E+00   1.12552474E+00   1.12541663E+00   1.12528333E+00   1.12512120E+00   1.12492407E+00   1.12468834E+00   1.12440634E+00   1.12407288E+00   1.12367886E+00   1.12321804E+00   1.12267866E+00   1.12205344E+00   1.12132894E+00   1.12049598E+00   1.11953784E+00   1.11844427E+00   1.11719701E+00   1.11578393E+00   1.11418116E+00   1.11237451E+00   1.11034071E+00   1.10806356E+00   1.10553585E+00   1.10272286E+00   1.09982086E+00   1.09663073E+00   1.09341021E+00   1.08990819E+00   1.08641894E+00   1.08266289E+00   1.07895062E+00   1.07499047E+00   1.07110470E+00   1.06698854E+00   1.06298737E+00   1.05877101E+00   1.05468681E+00   1.05041371E+00   1.04631688E+00   1.04203519E+00   1.03772079E+00   1.03324387E+00   1.02858402E+00   1.02372779E+00   1.01884955E+00   1.01401565E+00   1.00798758E+00   1.00000000E+00
   1.15328302E+00   1.15328303E+00   1.15328307E+00   1.15328312E+00   1.15328320E+00   1.15328331E+00   1.15328344E+00   1.15328361E+00   1.15328382E+00   1.15328407E+00   1.15328436E+00   1.15328471E+00   1.15328513E+00   1.15328562E+00   1.15328619E+00   1.15328686E+00   1.15328764E+00   1.15328854E+00   1.15328958E+00   1.15329078E+00   1.15329215E+00   1.15329372E+00   1.15329550E+00   1.15329754E+00   1.15329984E+00   1.15330243E+00   1.15330535E+00   1.15330862E+00   1.15331228E+00   1.15331636E+00   1.15332088E+00   1.15332589E+00   1.15333141E+00   1.15333747E+00   1.15334410E+00   1.15335132E+00   1.15335914E+00   1.15336757E+00   1.15337660E+00   1.15338623E+00   1.15339642E+00   1.15340711E+00   1.15341824E+00   1.15342970E+00   1.15344135E+00   1.15345298E+00   1.15346440E+00   1.15347527E+00   1.15348529E+00   1.15349392E+00   1.15350077E+00   1.15350503E+00   1.15350614E+00   1.15350297E+00   1.15349472E+00   1.15347982E+00   1.15345713E+00   1.15342461E+00   1.15338071E+00   1.15332271E+00   1.15324858E+00   1.15315469E+00   1.15303846E+00   1.15289497E+00   1.15272106E+00   1.15251122E+00   1.15226088E+00   1.15196215E+00   1.15161031E+00   1.15119574E+00   1.15071202E+00   1.15014792E+00   1.14949560E+00   1.14874084E+00   1.14787491E+00   1.14688172E+00   1.14575021E+00   1.14446058E+00   1.14300107E+00   1.14135062E+00   1.13949428E+00   1.13740418E+00   1.13506559E+00   1.13245274E+00   1.12954436E+00   1.12633523E+00   1.12278829E+00   1.11915250E+00   1.11517141E+00   1.11116907E+00   1.10683983E+00   1.10254698E+00   1.09794309E+00   1.09341262E+00   1.08858901E+00   1.08386521E+00   1.07888231E+00   1.07405665E+00   1.06897517E+00   1.06406304E+00   1.05894425E+00   1.05405437E+00   1.04893258E+00   1.04376728E+00   1.03844246E+00   1.03293891E+00   1.02721066E+00   1.02144418E+00   1.01576077E+00   1.00890471E+00   1.00000000E+00
   1.14168664E+00   1.14168665E+00   1.14168667E+00   1.14168671E+00   1.14168677E+00   1.14168685E+00   1.14168695E+00   1.14168708E+00   1.14168724E+00   1.14168743E+00   1.14168766E+00   1.14168794E+00   1.14168827E+00   1.14168866E+00   1.14168911E+00   1.14168965E+00   1.14169028E+00   1.14169102E+00   1.14169187E+00   1.14169285E+00   1.14169399E+00   1.14169529E+00   1.14169678E+00   1.14169849E+00   1.14170043E+00   1.14170262E+00   1.14170511E+00   1.14170791E+00   1.14171104E+00   1.14171456E+00   1.14171848E+00   1.14172284E+00   1.14172766E+00   1.14173298E+00   1.14173882E+00   1.14174522E+00   1.14175219E+00   1.14175974E+00   1.14176788E+00   1.14177661E+00   1.14178590E+00   1.14179573E+00   1.14180604E+00   1.14181676E+00   1.14182777E+00   1.14183892E+00   1.14185004E+00   1.14186086E+00   1.14187114E+00   1.14188041E+00   1.14188834E+00   1.14189426E+00   1.14189768E+00   1.14189762E+00   1.14189339E+00   1.14188363E+00   1.14186732E+00   1.14184268E+00   1.14180833E+00   1.14176185E+00   1.14170145E+00   1.14162385E+00   1.14152675E+00   1.14140571E+00   1.14125784E+00   1.14107817E+00   1.14086251E+00   1.14060367E+00   1.14029733E+00   1.13993463E+00   1.13950960E+00   1.13901185E+00   1.13843417E+00   1.13776332E+00   1.13699109E+00   1.13610237E+00   1.13508692E+00   1.13392618E+00   1.13260888E+00   1.13111495E+00   1.12943076E+00   1.12753025E+00   1.12539868E+00   1.12301128E+00   1.12034952E+00   1.11740773E+00   1.11414870E+00   1.11080106E+00   1.10713280E+00   1.10344174E+00   1.09944241E+00   1.09547058E+00   1.09120670E+00   1.08700519E+00   1.08253197E+00   1.07815146E+00   1.07352379E+00   1.06903664E+00   1.06431530E+00   1.05975119E+00   1.05498756E+00   1.05043057E+00   1.04567067E+00   1.04088013E+00   1.03592783E+00   1.03079827E+00   1.02546665E+00   1.02010226E+00   1.01482580E+00   1.00841204E+00   1.00000000E+00
   1.13497676E+00   1.13497677E+00   1.13497679E+00   1.13497682E+00   1.13497687E+00   1.13497694E+00   1.13497703E+00   1.13497714E+00   1.13497727E+00   1.13497744E+00   1.13497764E+00   1.13497788E+00   1.13497816E+00   1.13497850E+00   1.13497890E+00   1.13497937E+00   1.13497993E+00   1.13498058E+00   1.13498133E+00   1.13498221E+00   1.13498322E+00   1.13498438E+00   1.13498572E+00   1.13498725E+00   1.13498900E+00   1.13499098E+00   1.13499322E+00   1.13499576E+00   1.13499862E+00   1.13500182E+00   1.13500539E+00   1.13500938E+00   1.13501381E+00   1.13501870E+00   1.13502408E+00   1.13502999E+00   1.13503644E+00   1.13504345E+00   1.13505102E+00   1.13505917E+00   1.13506787E+00   1.13507709E+00   1.13508681E+00   1.13509695E+00   1.13510743E+00   1.13511808E+00   1.13512878E+00   1.13513928E+00   1.13514936E+00   1.13515860E+00   1.13516671E+00   1.13517307E+00   1.13517722E+00   1.13517828E+00   1.13517561E+00   1.13516795E+00   1.13515438E+00   1.13513321E+00   1.13510319E+00   1.13506207E+00   1.13500815E+00   1.13493839E+00   1.13485063E+00   1.13474069E+00   1.13460586E+00   1.13444147E+00   1.13424357E+00   1.13400535E+00   1.13372275E+00   1.13338736E+00   1.13299349E+00   1.13253126E+00   1.13199382E+00   1.13136857E+00   1.13064761E+00   1.12981647E+00   1.12886540E+00   1.12777663E+00   1.12653923E+00   1.12513381E+00   1.12354749E+00   1.12175533E+00   1.11974268E+00   1.11748551E+00   1.11496668E+00   1.11218035E+00   1.10908969E+00   1.10591130E+00   1.10242677E+00   1.09891865E+00   1.09511395E+00   1.09133204E+00   1.08726961E+00   1.08326349E+00   1.07899745E+00   1.07481930E+00   1.07040184E+00   1.06611526E+00   1.06160564E+00   1.05724559E+00   1.05269122E+00   1.04833066E+00   1.04378087E+00   1.03920574E+00   1.03446939E+00   1.02955749E+00   1.02445463E+00   1.01932207E+00   1.01428040E+00   1.00812273E+00   1.00000000E+00
   1.13037250E+00   1.13037251E+00   1.13037252E+00   1.13037255E+00   1.13037260E+00   1.13037266E+00   1.13037274E+00   1.13037284E+00   1.13037296E+00   1.13037311E+00   1.13037329E+00   1.13037350E+00   1.13037376E+00   1.13037407E+00   1.13037444E+00   1.13037487E+00   1.13037538E+00   1.13037597E+00   1.13037666E+00   1.13037747E+00   1.13037840E+00   1.13037948E+00   1.13038071E+00   1.13038213E+00   1.13038375E+00   1.13038560E+00   1.13038768E+00   1.13039005E+00   1.13039271E+00   1.13039570E+00   1.13039905E+00   1.13040278E+00   1.13040693E+00   1.13041153E+00   1.13041659E+00   1.13042215E+00   1.13042823E+00   1.13043485E+00   1.13044201E+00   1.13044972E+00   1.13045798E+00   1.13046674E+00   1.13047599E+00   1.13048566E+00   1.13049568E+00   1.13050588E+00   1.13051617E+00   1.13052631E+00   1.13053608E+00   1.13054511E+00   1.13055311E+00   1.13055951E+00   1.13056388E+00   1.13056537E+00   1.13056339E+00   1.13055676E+00   1.13054458E+00   1.13052527E+00   1.13049763E+00   1.13045953E+00   1.13040935E+00   1.13034419E+00   1.13026198E+00   1.13015874E+00   1.13003188E+00   1.12987692E+00   1.12969007E+00   1.12946483E+00   1.12919726E+00   1.12887931E+00   1.12850548E+00   1.12806625E+00   1.12755505E+00   1.12695970E+00   1.12627256E+00   1.12547963E+00   1.12457149E+00   1.12353097E+00   1.12234739E+00   1.12100190E+00   1.11948211E+00   1.11776388E+00   1.11583274E+00   1.11366514E+00   1.11124484E+00   1.10856597E+00   1.10559215E+00   1.10253155E+00   1.09917482E+00   1.09579408E+00   1.09212520E+00   1.08847605E+00   1.08455450E+00   1.08068527E+00   1.07656394E+00   1.07252688E+00   1.06825627E+00   1.06410982E+00   1.05974737E+00   1.05552891E+00   1.05112003E+00   1.04689595E+00   1.04249064E+00   1.03806271E+00   1.03347455E+00   1.02871206E+00   1.02376516E+00   1.01879028E+00   1.01390796E+00   1.00792434E+00   1.00000000E+00
   1.12853089E+00   1.12853090E+00   1.12853091E+00   1.12853094E+00   1.12853099E+00   1.12853104E+00   1.12853112E+00   1.12853121E+00   1.12853133E+00   1.12853147E+00   1.12853165E+00   1.12853185E+00   1.12853210E+00   1.12853240E+00   1.12853275E+00   1.12853317E+00   1.12853366E+00   1.12853423E+00   1.12853490E+00   1.12853568E+00   1.12853658E+00   1.12853763E+00   1.12853882E+00   1.12854020E+00   1.12854177E+00   1.12854356E+00   1.12854559E+00   1.12854788E+00   1.12855047E+00   1.12855338E+00   1.12855663E+00   1.12856026E+00   1.12856430E+00   1.12856878E+00   1.12857371E+00   1.12857913E+00   1.12858506E+00   1.12859151E+00   1.12859850E+00   1.12860603E+00   1.12861409E+00   1.12862266E+00   1.12863171E+00   1.12864117E+00   1.12865097E+00   1.12866098E+00   1.12867106E+00   1.12868101E+00   1.12869062E+00   1.12869951E+00   1.12870740E+00   1.12871374E+00   1.12871812E+00   1.12871969E+00   1.12871789E+00   1.12871155E+00   1.12869980E+00   1.12868109E+00   1.12865425E+00   1.12861718E+00   1.12856831E+00   1.12850478E+00   1.12842456E+00   1.12832376E+00   1.12819982E+00   1.12804835E+00   1.12786563E+00   1.12764526E+00   1.12738338E+00   1.12707207E+00   1.12670591E+00   1.12627553E+00   1.12577446E+00   1.12519072E+00   1.12451677E+00   1.12373880E+00   1.12284753E+00   1.12182604E+00   1.12066376E+00   1.11934208E+00   1.11784877E+00   1.11616007E+00   1.11426156E+00   1.11212993E+00   1.10974923E+00   1.10711364E+00   1.10418700E+00   1.10117404E+00   1.09786898E+00   1.09453978E+00   1.09092595E+00   1.08733064E+00   1.08346624E+00   1.07965259E+00   1.07558990E+00   1.07161000E+00   1.06739891E+00   1.06330923E+00   1.05900624E+00   1.05484490E+00   1.05049474E+00   1.04632570E+00   1.04197828E+00   1.03760910E+00   1.03308015E+00   1.02837731E+00   1.02349236E+00   1.01857990E+00   1.01376047E+00   1.00784557E+00   1.00000000E+00
   1.14689237E+00   1.14689238E+00   1.14689241E+00   1.14689246E+00   1.14689254E+00   1.14689264E+00   1.14689277E+00   1.14689293E+00   1.14689312E+00   1.14689336E+00   1.14689364E+00   1.14689398E+00   1.14689437E+00   1.14689484E+00   1.14689538E+00   1.14689602E+00   1.14689676E+00   1.14689761E+00   1.14689860E+00   1.14689973E+00   1.14690103E+00   1.14690251E+00   1.14690420E+00   1.14690612E+00   1.14690829E+00   1.14691073E+00   1.14691348E+00   1.14691656E+00   1.14692000E+00   1.14692382E+00   1.14692806E+00   1.14693275E+00   1.14693791E+00   1.14694357E+00   1.14694974E+00   1.14695645E+00   1.14696371E+00   1.14697150E+00   1.14697984E+00   1.14698869E+00   1.14699802E+00   1.14700776E+00   1.14701785E+00   1.14702815E+00   1.14703855E+00   1.14704880E+00   1.14705872E+00   1.14706796E+00   1.14707621E+00   1.14708295E+00   1.14708774E+00   1.14708981E+00   1.14708858E+00   1.14708292E+00   1.14707202E+00   1.14705435E+00   1.14702877E+00   1.14699326E+00   1.14694629E+00   1.14688516E+00   1.14680789E+00   1.14671091E+00   1.14659168E+00   1.14644545E+00   1.14626907E+00   1.14605705E+00   1.14580499E+00   1.14550532E+00   1.14515333E+00   1.14473975E+00   1.14425834E+00   1.14369823E+00   1.14305185E+00   1.14230558E+00   1.14145086E+00   1.14047218E+00   1.13935891E+00   1.13809223E+00   1.13666057E+00   1.13504354E+00   1.13322701E+00   1.13118492E+00   1.12890277E+00   1.12635575E+00   1.12352463E+00   1.12040597E+00   1.11696220E+00   1.11343526E+00   1.10957944E+00   1.10570994E+00   1.10152827E+00   1.09738477E+00   1.09294538E+00   1.08858103E+00   1.08394064E+00   1.07940460E+00   1.07462238E+00   1.06999321E+00   1.06512796E+00   1.06043302E+00   1.05554188E+00   1.05086971E+00   1.04599265E+00   1.04109180E+00   1.03604010E+00   1.03082733E+00   1.02542080E+00   1.01997086E+00   1.01466461E+00   1.00832655E+00   1.00000000E+00
   1.13920919E+00   1.13920919E+00   1.13920922E+00   1.13920926E+00   1.13920933E+00   1.13920941E+00   1.13920952E+00   1.13920965E+00   1.13920981E+00   1.13921001E+00   1.13921025E+00   1.13921054E+00   1.13921087E+00   1.13921127E+00   1.13921174E+00   1.13921229E+00   1.13921293E+00   1.13921367E+00   1.13921453E+00   1.13921553E+00   1.13921667E+00   1.13921798E+00   1.13921947E+00   1.13922118E+00   1.13922311E+00   1.13922529E+00   1.13922775E+00   1.13923052E+00   1.13923362E+00   1.13923708E+00   1.13924093E+00   1.13924520E+00   1.13924991E+00   1.13925509E+00   1.13926076E+00   1.13926695E+00   1.13927366E+00   1.13928090E+00   1.13928868E+00   1.13929697E+00   1.13930575E+00   1.13931498E+00   1.13932458E+00   1.13933447E+00   1.13934453E+00   1.13935455E+00   1.13936439E+00   1.13937373E+00   1.13938230E+00   1.13938963E+00   1.13939534E+00   1.13939874E+00   1.13939929E+00   1.13939598E+00   1.13938808E+00   1.13937419E+00   1.13935327E+00   1.13932346E+00   1.13928336E+00   1.13923049E+00   1.13916300E+00   1.13907758E+00   1.13897189E+00   1.13884150E+00   1.13868344E+00   1.13849260E+00   1.13826484E+00   1.13799306E+00   1.13767283E+00   1.13729539E+00   1.13685481E+00   1.13634079E+00   1.13574617E+00   1.13505802E+00   1.13426811E+00   1.13336160E+00   1.13232841E+00   1.13115054E+00   1.12981676E+00   1.12830734E+00   1.12660905E+00   1.12469699E+00   1.12255660E+00   1.12016377E+00   1.11750109E+00   1.11456462E+00   1.11131665E+00   1.10798536E+00   1.10434160E+00   1.10068242E+00   1.09672301E+00   1.09279525E+00   1.08858402E+00   1.08443967E+00   1.08003314E+00   1.07572540E+00   1.07117860E+00   1.06677302E+00   1.06214526E+00   1.05767893E+00   1.05302022E+00   1.04856480E+00   1.04392383E+00   1.03926672E+00   1.03445487E+00   1.02948159E+00   1.02432995E+00   1.01913722E+00   1.01408985E+00   1.00802687E+00   1.00000000E+00
   1.13478504E+00   1.13478505E+00   1.13478507E+00   1.13478511E+00   1.13478517E+00   1.13478524E+00   1.13478534E+00   1.13478546E+00   1.13478561E+00   1.13478579E+00   1.13478601E+00   1.13478626E+00   1.13478657E+00   1.13478694E+00   1.13478737E+00   1.13478787E+00   1.13478846E+00   1.13478914E+00   1.13478994E+00   1.13479086E+00   1.13479191E+00   1.13479313E+00   1.13479452E+00   1.13479610E+00   1.13479790E+00   1.13479995E+00   1.13480225E+00   1.13480484E+00   1.13480775E+00   1.13481100E+00   1.13481462E+00   1.13481864E+00   1.13482309E+00   1.13482798E+00   1.13483335E+00   1.13483922E+00   1.13484559E+00   1.13485248E+00   1.13485989E+00   1.13486781E+00   1.13487622E+00   1.13488507E+00   1.13489431E+00   1.13490384E+00   1.13491358E+00   1.13492332E+00   1.13493294E+00   1.13494213E+00   1.13495065E+00   1.13495805E+00   1.13496398E+00   1.13496779E+00   1.13496897E+00   1.13496657E+00   1.13495990E+00   1.13494763E+00   1.13492877E+00   1.13490155E+00   1.13486465E+00   1.13481569E+00   1.13475292E+00   1.13467316E+00   1.13457419E+00   1.13445174E+00   1.13430299E+00   1.13412301E+00   1.13390783E+00   1.13365061E+00   1.13334711E+00   1.13298885E+00   1.13257011E+00   1.13208091E+00   1.13151438E+00   1.13085796E+00   1.13010365E+00   1.12923704E+00   1.12824839E+00   1.12712018E+00   1.12584144E+00   1.12439288E+00   1.12276176E+00   1.12092388E+00   1.11886474E+00   1.11656069E+00   1.11399523E+00   1.11116420E+00   1.10803013E+00   1.10481307E+00   1.10129299E+00   1.09775649E+00   1.09392723E+00   1.09012613E+00   1.08604895E+00   1.08203418E+00   1.07776467E+00   1.07359025E+00   1.06918156E+00   1.06490734E+00   1.06041790E+00   1.05608439E+00   1.05156153E+00   1.04723311E+00   1.04272790E+00   1.03820953E+00   1.03353597E+00   1.02870158E+00   1.02369624E+00   1.01865126E+00   1.01375282E+00   1.00784943E+00   1.00000000E+00
   1.13175461E+00   1.13175462E+00   1.13175464E+00   1.13175467E+00   1.13175473E+00   1.13175480E+00   1.13175489E+00   1.13175500E+00   1.13175514E+00   1.13175530E+00   1.13175551E+00   1.13175575E+00   1.13175604E+00   1.13175638E+00   1.13175679E+00   1.13175726E+00   1.13175782E+00   1.13175846E+00   1.13175922E+00   1.13176009E+00   1.13176109E+00   1.13176224E+00   1.13176356E+00   1.13176507E+00   1.13176678E+00   1.13176873E+00   1.13177092E+00   1.13177340E+00   1.13177617E+00   1.13177928E+00   1.13178274E+00   1.13178659E+00   1.13179085E+00   1.13179555E+00   1.13180070E+00   1.13180633E+00   1.13181246E+00   1.13181909E+00   1.13182623E+00   1.13183387E+00   1.13184198E+00   1.13185053E+00   1.13185947E+00   1.13186871E+00   1.13187815E+00   1.13188763E+00   1.13189700E+00   1.13190599E+00   1.13191435E+00   1.13192166E+00   1.13192759E+00   1.13193150E+00   1.13193292E+00   1.13193092E+00   1.13192484E+00   1.13191339E+00   1.13189563E+00   1.13186985E+00   1.13183475E+00   1.13178806E+00   1.13172806E+00   1.13165170E+00   1.13155679E+00   1.13143922E+00   1.13129623E+00   1.13112304E+00   1.13091580E+00   1.13066785E+00   1.13037506E+00   1.13002918E+00   1.12962461E+00   1.12915164E+00   1.12860355E+00   1.12796809E+00   1.12723743E+00   1.12639745E+00   1.12543866E+00   1.12434390E+00   1.12310239E+00   1.12169518E+00   1.12010983E+00   1.11832267E+00   1.11631929E+00   1.11407636E+00   1.11157794E+00   1.10881974E+00   1.10576464E+00   1.10262697E+00   1.09919274E+00   1.09574145E+00   1.09200276E+00   1.08828992E+00   1.08430614E+00   1.08038182E+00   1.07620760E+00   1.07212574E+00   1.06781309E+00   1.06363026E+00   1.05923651E+00   1.05499471E+00   1.05056586E+00   1.04632533E+00   1.04191300E+00   1.03748897E+00   1.03290996E+00   1.02817065E+00   1.02326471E+00   1.01831996E+00   1.01352237E+00   1.00772742E+00   1.00000000E+00
   1.13054371E+00   1.13054372E+00   1.13054374E+00   1.13054377E+00   1.13054382E+00   1.13054389E+00   1.13054398E+00   1.13054409E+00   1.13054422E+00   1.13054439E+00   1.13054459E+00   1.13054482E+00   1.13054510E+00   1.13054544E+00   1.13054583E+00   1.13054630E+00   1.13054684E+00   1.13054747E+00   1.13054821E+00   1.13054906E+00   1.13055004E+00   1.13055117E+00   1.13055246E+00   1.13055394E+00   1.13055562E+00   1.13055752E+00   1.13055967E+00   1.13056210E+00   1.13056483E+00   1.13056788E+00   1.13057127E+00   1.13057506E+00   1.13057924E+00   1.13058385E+00   1.13058891E+00   1.13059445E+00   1.13060048E+00   1.13060700E+00   1.13061402E+00   1.13062154E+00   1.13062952E+00   1.13063794E+00   1.13064675E+00   1.13065585E+00   1.13066516E+00   1.13067451E+00   1.13068376E+00   1.13069263E+00   1.13070090E+00   1.13070814E+00   1.13071402E+00   1.13071793E+00   1.13071938E+00   1.13071748E+00   1.13071156E+00   1.13070037E+00   1.13068296E+00   1.13065766E+00   1.13062319E+00   1.13057729E+00   1.13051828E+00   1.13044314E+00   1.13034972E+00   1.13023394E+00   1.13009310E+00   1.12992245E+00   1.12971821E+00   1.12947378E+00   1.12918507E+00   1.12884394E+00   1.12844485E+00   1.12797816E+00   1.12743725E+00   1.12680998E+00   1.12608860E+00   1.12525910E+00   1.12431210E+00   1.12323060E+00   1.12200388E+00   1.12061314E+00   1.11904609E+00   1.11727923E+00   1.11529823E+00   1.11307988E+00   1.11060843E+00   1.10787959E+00   1.10485639E+00   1.10175082E+00   1.09835128E+00   1.09493444E+00   1.09123242E+00   1.08755532E+00   1.08360936E+00   1.07972168E+00   1.07558600E+00   1.07154153E+00   1.06726771E+00   1.06312180E+00   1.05876658E+00   1.05456167E+00   1.05017064E+00   1.04596545E+00   1.04159019E+00   1.03720367E+00   1.03266233E+00   1.02796087E+00   1.02309428E+00   1.01818910E+00   1.01343119E+00   1.00767899E+00   1.00000000E+00
   1.13979145E+00   1.13979146E+00   1.13979149E+00   1.13979154E+00   1.13979161E+00   1.13979170E+00   1.13979183E+00   1.13979198E+00   1.13979216E+00   1.13979238E+00   1.13979265E+00   1.13979296E+00   1.13979333E+00   1.13979377E+00   1.13979428E+00   1.13979488E+00   1.13979557E+00   1.13979637E+00   1.13979728E+00   1.13979834E+00   1.13979955E+00   1.13980093E+00   1.13980250E+00   1.13980428E+00   1.13980629E+00   1.13980855E+00   1.13981109E+00   1.13981393E+00   1.13981710E+00   1.13982062E+00   1.13982452E+00   1.13982882E+00   1.13983354E+00   1.13983871E+00   1.13984433E+00   1.13985043E+00   1.13985700E+00   1.13986403E+00   1.13987152E+00   1.13987944E+00   1.13988774E+00   1.13989634E+00   1.13990519E+00   1.13991412E+00   1.13992303E+00   1.13993166E+00   1.13993982E+00   1.13994717E+00   1.13995338E+00   1.13995793E+00   1.13996040E+00   1.13995999E+00   1.13995614E+00   1.13994774E+00   1.13993398E+00   1.13991335E+00   1.13988475E+00   1.13984619E+00   1.13979616E+00   1.13973205E+00   1.13965192E+00   1.13955230E+00   1.13943071E+00   1.13928262E+00   1.13910494E+00   1.13889225E+00   1.13864037E+00   1.13834212E+00   1.13799286E+00   1.13758373E+00   1.13710877E+00   1.13655755E+00   1.13592282E+00   1.13519168E+00   1.13435584E+00   1.13340047E+00   1.13231549E+00   1.13108311E+00   1.12969216E+00   1.12812310E+00   1.12636264E+00   1.12438663E+00   1.12218095E+00   1.11972196E+00   1.11699233E+00   1.11399010E+00   1.11067768E+00   1.10728806E+00   1.10358777E+00   1.09988005E+00   1.09587628E+00   1.09191130E+00   1.08766702E+00   1.08349781E+00   1.07907021E+00   1.07474914E+00   1.07019516E+00   1.06578809E+00   1.06116475E+00   1.05670969E+00   1.05206886E+00   1.04763482E+00   1.04302317E+00   1.03840445E+00   1.03364059E+00   1.02873397E+00   1.02366627E+00   1.01854121E+00   1.01362071E+00   1.00779545E+00   1.00000000E+00
   1.13597307E+00   1.13597308E+00   1.13597311E+00   1.13597315E+00   1.13597322E+00   1.13597330E+00   1.13597341E+00   1.13597355E+00   1.13597372E+00   1.13597392E+00   1.13597417E+00   1.13597446E+00   1.13597480E+00   1.13597520E+00   1.13597568E+00   1.13597623E+00   1.13597687E+00   1.13597762E+00   1.13597847E+00   1.13597946E+00   1.13598059E+00   1.13598189E+00   1.13598336E+00   1.13598504E+00   1.13598693E+00   1.13598907E+00   1.13599147E+00   1.13599416E+00   1.13599716E+00   1.13600051E+00   1.13600422E+00   1.13600832E+00   1.13601282E+00   1.13601776E+00   1.13602315E+00   1.13602900E+00   1.13603531E+00   1.13604209E+00   1.13604933E+00   1.13605699E+00   1.13606505E+00   1.13607344E+00   1.13608208E+00   1.13609086E+00   1.13609965E+00   1.13610823E+00   1.13611642E+00   1.13612390E+00   1.13613036E+00   1.13613531E+00   1.13613835E+00   1.13613874E+00   1.13613594E+00   1.13612887E+00   1.13611680E+00   1.13609828E+00   1.13607225E+00   1.13603680E+00   1.13599051E+00   1.13593086E+00   1.13585598E+00   1.13576255E+00   1.13564819E+00   1.13550852E+00   1.13534054E+00   1.13513904E+00   1.13489999E+00   1.13461641E+00   1.13428382E+00   1.13389363E+00   1.13344003E+00   1.13291286E+00   1.13230512E+00   1.13160421E+00   1.13080204E+00   1.12988409E+00   1.12884059E+00   1.12765413E+00   1.12631373E+00   1.12480015E+00   1.12310058E+00   1.12119140E+00   1.11905846E+00   1.11667844E+00   1.11403496E+00   1.11112568E+00   1.10791291E+00   1.10462266E+00   1.10102990E+00   1.09742845E+00   1.09353666E+00   1.08968012E+00   1.08555033E+00   1.08149111E+00   1.07718022E+00   1.07297270E+00   1.06853542E+00   1.06423882E+00   1.05973265E+00   1.05538998E+00   1.05086304E+00   1.04653467E+00   1.04203839E+00   1.03753846E+00   1.03289035E+00   1.02809880E+00   1.02315412E+00   1.01815229E+00   1.01335536E+00   1.00765883E+00   1.00000000E+00
   1.13378259E+00   1.13378260E+00   1.13378262E+00   1.13378267E+00   1.13378273E+00   1.13378281E+00   1.13378292E+00   1.13378305E+00   1.13378321E+00   1.13378340E+00   1.13378363E+00   1.13378391E+00   1.13378424E+00   1.13378462E+00   1.13378507E+00   1.13378560E+00   1.13378622E+00   1.13378693E+00   1.13378776E+00   1.13378871E+00   1.13378980E+00   1.13379104E+00   1.13379246E+00   1.13379408E+00   1.13379591E+00   1.13379797E+00   1.13380029E+00   1.13380290E+00   1.13380581E+00   1.13380905E+00   1.13381264E+00   1.13381662E+00   1.13382100E+00   1.13382580E+00   1.13383103E+00   1.13383673E+00   1.13384288E+00   1.13384949E+00   1.13385656E+00   1.13386404E+00   1.13387193E+00   1.13388014E+00   1.13388862E+00   1.13389724E+00   1.13390590E+00   1.13391437E+00   1.13392249E+00   1.13392993E+00   1.13393642E+00   1.13394146E+00   1.13394467E+00   1.13394535E+00   1.13394294E+00   1.13393643E+00   1.13392508E+00   1.13390749E+00   1.13388263E+00   1.13384864E+00   1.13380413E+00   1.13374663E+00   1.13367434E+00   1.13358399E+00   1.13347327E+00   1.13333787E+00   1.13317489E+00   1.13297920E+00   1.13274684E+00   1.13247100E+00   1.13214726E+00   1.13176720E+00   1.13132509E+00   1.13081096E+00   1.13021791E+00   1.12953359E+00   1.12874996E+00   1.12785276E+00   1.12683236E+00   1.12567160E+00   1.12435962E+00   1.12287740E+00   1.12121237E+00   1.11934123E+00   1.11724985E+00   1.11491515E+00   1.11232117E+00   1.10946540E+00   1.10631030E+00   1.10307775E+00   1.09954728E+00   1.09600741E+00   1.09218074E+00   1.08838742E+00   1.08432440E+00   1.08032951E+00   1.07608647E+00   1.07194474E+00   1.06757544E+00   1.06334331E+00   1.05890488E+00   1.05462704E+00   1.05016627E+00   1.04589952E+00   1.04146910E+00   1.03703629E+00   1.03245472E+00   1.02772982E+00   1.02285553E+00   1.01792442E+00   1.01319854E+00   1.00757698E+00   1.00000000E+00
   1.13228432E+00   1.13228432E+00   1.13228435E+00   1.13228439E+00   1.13228445E+00   1.13228453E+00   1.13228463E+00   1.13228476E+00   1.13228491E+00   1.13228510E+00   1.13228532E+00   1.13228559E+00   1.13228591E+00   1.13228628E+00   1.13228672E+00   1.13228724E+00   1.13228783E+00   1.13228853E+00   1.13228933E+00   1.13229025E+00   1.13229131E+00   1.13229253E+00   1.13229391E+00   1.13229549E+00   1.13229727E+00   1.13229929E+00   1.13230155E+00   1.13230410E+00   1.13230694E+00   1.13231011E+00   1.13231362E+00   1.13231751E+00   1.13232180E+00   1.13232650E+00   1.13233162E+00   1.13233720E+00   1.13234324E+00   1.13234972E+00   1.13235665E+00   1.13236400E+00   1.13237174E+00   1.13237981E+00   1.13238815E+00   1.13239664E+00   1.13240516E+00   1.13241352E+00   1.13242154E+00   1.13242890E+00   1.13243534E+00   1.13244037E+00   1.13244363E+00   1.13244440E+00   1.13244216E+00   1.13243592E+00   1.13242494E+00   1.13240785E+00   1.13238364E+00   1.13235047E+00   1.13230699E+00   1.13225078E+00   1.13218004E+00   1.13209156E+00   1.13198308E+00   1.13185035E+00   1.13169050E+00   1.13149849E+00   1.13127041E+00   1.13099954E+00   1.13068153E+00   1.13030805E+00   1.12987347E+00   1.12936791E+00   1.12878460E+00   1.12811128E+00   1.12734005E+00   1.12645676E+00   1.12545191E+00   1.12430852E+00   1.12301581E+00   1.12155494E+00   1.11991348E+00   1.11806838E+00   1.11600554E+00   1.11370204E+00   1.11114217E+00   1.10832333E+00   1.10520814E+00   1.10201560E+00   1.09852827E+00   1.09503104E+00   1.09124957E+00   1.08750016E+00   1.08348351E+00   1.07953335E+00   1.07533732E+00   1.07124110E+00   1.06691889E+00   1.06273145E+00   1.05833969E+00   1.05410646E+00   1.04969130E+00   1.04546707E+00   1.04108152E+00   1.03669418E+00   1.03215799E+00   1.02747865E+00   1.02265206E+00   1.01776885E+00   1.01309103E+00   1.00752046E+00   1.00000000E+00
   1.13168628E+00   1.13168629E+00   1.13168631E+00   1.13168636E+00   1.13168641E+00   1.13168649E+00   1.13168659E+00   1.13168672E+00   1.13168687E+00   1.13168705E+00   1.13168728E+00   1.13168754E+00   1.13168785E+00   1.13168822E+00   1.13168866E+00   1.13168917E+00   1.13168976E+00   1.13169045E+00   1.13169124E+00   1.13169215E+00   1.13169320E+00   1.13169440E+00   1.13169577E+00   1.13169733E+00   1.13169910E+00   1.13170109E+00   1.13170333E+00   1.13170586E+00   1.13170867E+00   1.13171181E+00   1.13171529E+00   1.13171915E+00   1.13172339E+00   1.13172805E+00   1.13173313E+00   1.13173866E+00   1.13174464E+00   1.13175107E+00   1.13175794E+00   1.13176523E+00   1.13177291E+00   1.13178092E+00   1.13178919E+00   1.13179762E+00   1.13180608E+00   1.13181438E+00   1.13182234E+00   1.13182966E+00   1.13183606E+00   1.13184107E+00   1.13184432E+00   1.13184511E+00   1.13184291E+00   1.13183674E+00   1.13182588E+00   1.13180895E+00   1.13178495E+00   1.13175208E+00   1.13170896E+00   1.13165320E+00   1.13158302E+00   1.13149524E+00   1.13138758E+00   1.13125585E+00   1.13109718E+00   1.13090655E+00   1.13068011E+00   1.13041114E+00   1.13009533E+00   1.12972441E+00   1.12929274E+00   1.12879054E+00   1.12821103E+00   1.12754204E+00   1.12677569E+00   1.12589790E+00   1.12489921E+00   1.12376272E+00   1.12247770E+00   1.12102535E+00   1.11939333E+00   1.11755867E+00   1.11550730E+00   1.11321634E+00   1.11067020E+00   1.10786625E+00   1.10476717E+00   1.10159080E+00   1.09812088E+00   1.09464087E+00   1.09087766E+00   1.08714600E+00   1.08314808E+00   1.07921601E+00   1.07503894E+00   1.07096105E+00   1.06665782E+00   1.06248839E+00   1.05811538E+00   1.05390002E+00   1.04950316E+00   1.04529598E+00   1.04092828E+00   1.03655896E+00   1.03204081E+00   1.02737955E+00   1.02257179E+00   1.01770746E+00   1.01304851E+00   1.00749802E+00   1.00000000E+00
   1.20468252E+00   1.20468254E+00   1.20468259E+00   1.20468268E+00   1.20468281E+00   1.20468298E+00   1.20468319E+00   1.20468344E+00   1.20468375E+00   1.20468411E+00   1.20468454E+00   1.20468506E+00   1.20468566E+00   1.20468637E+00   1.20468720E+00   1.20468818E+00   1.20468931E+00   1.20469064E+00   1.20469217E+00   1.20469395E+00   1.20469598E+00   1.20469831E+00   1.20470098E+00   1.20470404E+00   1.20470752E+00   1.20471146E+00   1.20471590E+00   1.20472094E+00   1.20472657E+00   1.20473286E+00   1.20473986E+00   1.20474772E+00   1.20475644E+00   1.20476605E+00   1.20477665E+00   1.20478836E+00   1.20480120E+00   1.20481517E+00   1.20483033E+00   1.20484680E+00   1.20486454E+00   1.20488347E+00   1.20490368E+00   1.20492523E+00   1.20494797E+00   1.20497168E+00   1.20499629E+00   1.20502164E+00   1.20504740E+00   1.20507294E+00   1.20509796E+00   1.20512186E+00   1.20514417E+00   1.20516383E+00   1.20518006E+00   1.20519117E+00   1.20519600E+00   1.20519237E+00   1.20517858E+00   1.20515183E+00   1.20511079E+00   1.20505207E+00   1.20497116E+00   1.20486023E+00   1.20471826E+00   1.20454303E+00   1.20432777E+00   1.20406093E+00   1.20373740E+00   1.20334586E+00   1.20288069E+00   1.20232943E+00   1.20167924E+00   1.20090963E+00   1.20001565E+00   1.19898047E+00   1.19778287E+00   1.19639171E+00   1.19480602E+00   1.19301108E+00   1.19096822E+00   1.18862314E+00   1.18598857E+00   1.18305108E+00   1.17972995E+00   1.17597523E+00   1.17181524E+00   1.16757295E+00   1.16285354E+00   1.15799285E+00   1.15269346E+00   1.14742219E+00   1.14174741E+00   1.13613800E+00   1.13007226E+00   1.12399707E+00   1.11755618E+00   1.11131614E+00   1.10465539E+00   1.09807976E+00   1.09117135E+00   1.08454939E+00   1.07748068E+00   1.07012151E+00   1.06240050E+00   1.05431012E+00   1.04576439E+00   1.03698101E+00   1.02773145E+00   1.01573103E+00   1.00000000E+00
   1.15630185E+00   1.15630185E+00   1.15630186E+00   1.15630188E+00   1.15630192E+00   1.15630197E+00   1.15630202E+00   1.15630210E+00   1.15630219E+00   1.15630231E+00   1.15630245E+00   1.15630263E+00   1.15630284E+00   1.15630311E+00   1.15630343E+00   1.15630381E+00   1.15630428E+00   1.15630484E+00   1.15630551E+00   1.15630630E+00   1.15630723E+00   1.15630833E+00   1.15630961E+00   1.15631112E+00   1.15631287E+00   1.15631489E+00   1.15631721E+00   1.15631991E+00   1.15632297E+00   1.15632645E+00   1.15633040E+00   1.15633490E+00   1.15634000E+00   1.15634572E+00   1.15635213E+00   1.15635934E+00   1.15636739E+00   1.15637629E+00   1.15638614E+00   1.15639705E+00   1.15640902E+00   1.15642208E+00   1.15643629E+00   1.15645180E+00   1.15646856E+00   1.15648651E+00   1.15650567E+00   1.15652605E+00   1.15654751E+00   1.15656974E+00   1.15659263E+00   1.15661597E+00   1.15663960E+00   1.15666295E+00   1.15668556E+00   1.15670645E+00   1.15672505E+00   1.15674004E+00   1.15675032E+00   1.15675428E+00   1.15675124E+00   1.15673905E+00   1.15671435E+00   1.15667156E+00   1.15661065E+00   1.15653079E+00   1.15642663E+00   1.15628951E+00   1.15611590E+00   1.15589761E+00   1.15563067E+00   1.15530551E+00   1.15491195E+00   1.15443451E+00   1.15386939E+00   1.15320305E+00   1.15241816E+00   1.15149037E+00   1.15041839E+00   1.14918805E+00   1.14776805E+00   1.14611734E+00   1.14424404E+00   1.14213100E+00   1.13971430E+00   1.13695658E+00   1.13387619E+00   1.13070585E+00   1.12715059E+00   1.12346740E+00   1.11943014E+00   1.11539410E+00   1.11102759E+00   1.10668971E+00   1.10198524E+00   1.09727074E+00   1.09226301E+00   1.08740248E+00   1.08220710E+00   1.07707218E+00   1.07167491E+00   1.06649670E+00   1.06095330E+00   1.05518691E+00   1.04915607E+00   1.04284660E+00   1.03616778E+00   1.02929648E+00   1.02211008E+00   1.01266948E+00   1.00000000E+00
   1.12826986E+00   1.12826985E+00   1.12826985E+00   1.12826986E+00   1.12826987E+00   1.12826988E+00   1.12826990E+00   1.12826992E+00   1.12826995E+00   1.12826999E+00   1.12827005E+00   1.12827012E+00   1.12827021E+00   1.12827033E+00   1.12827048E+00   1.12827067E+00   1.12827091E+00   1.12827120E+00   1.12827156E+00   1.12827200E+00   1.12827253E+00   1.12827316E+00   1.12827391E+00   1.12827482E+00   1.12827589E+00   1.12827714E+00   1.12827859E+00   1.12828031E+00   1.12828229E+00   1.12828456E+00   1.12828718E+00   1.12829020E+00   1.12829365E+00   1.12829758E+00   1.12830203E+00   1.12830709E+00   1.12831281E+00   1.12831919E+00   1.12832633E+00   1.12833434E+00   1.12834323E+00   1.12835305E+00   1.12836386E+00   1.12837579E+00   1.12838886E+00   1.12840307E+00   1.12841845E+00   1.12843505E+00   1.12845283E+00   1.12847159E+00   1.12849132E+00   1.12851196E+00   1.12853346E+00   1.12855550E+00   1.12857772E+00   1.12859949E+00   1.12862049E+00   1.12863982E+00   1.12865668E+00   1.12867003E+00   1.12867949E+00   1.12868355E+00   1.12867946E+00   1.12866288E+00   1.12863424E+00   1.12859336E+00   1.12853576E+00   1.12845449E+00   1.12834688E+00   1.12820651E+00   1.12803035E+00   1.12781055E+00   1.12753867E+00   1.12720229E+00   1.12679822E+00   1.12631506E+00   1.12573812E+00   1.12504738E+00   1.12424121E+00   1.12330619E+00   1.12221617E+00   1.12093849E+00   1.11947796E+00   1.11781580E+00   1.11589944E+00   1.11369947E+00   1.11122695E+00   1.10866422E+00   1.10577518E+00   1.10277178E+00   1.09946672E+00   1.09615050E+00   1.09255040E+00   1.08896198E+00   1.08506467E+00   1.08116117E+00   1.07701006E+00   1.07297644E+00   1.06866319E+00   1.06439820E+00   1.05991411E+00   1.05561116E+00   1.05100028E+00   1.04620803E+00   1.04120349E+00   1.03596869E+00   1.03041802E+00   1.02470820E+00   1.01877259E+00   1.01086025E+00   1.00000000E+00
   1.10920382E+00   1.10920382E+00   1.10920381E+00   1.10920381E+00   1.10920381E+00   1.10920381E+00   1.10920381E+00   1.10920382E+00   1.10920382E+00   1.10920384E+00   1.10920386E+00   1.10920389E+00   1.10920393E+00   1.10920399E+00   1.10920406E+00   1.10920417E+00   1.10920430E+00   1.10920447E+00   1.10920469E+00   1.10920496E+00   1.10920529E+00   1.10920569E+00   1.10920618E+00   1.10920679E+00   1.10920751E+00   1.10920836E+00   1.10920937E+00   1.10921057E+00   1.10921197E+00   1.10921360E+00   1.10921548E+00   1.10921768E+00   1.10922021E+00   1.10922312E+00   1.10922645E+00   1.10923027E+00   1.10923460E+00   1.10923949E+00   1.10924499E+00   1.10925122E+00   1.10925819E+00   1.10926596E+00   1.10927458E+00   1.10928416E+00   1.10929475E+00   1.10930638E+00   1.10931907E+00   1.10933291E+00   1.10934787E+00   1.10936385E+00   1.10938084E+00   1.10939887E+00   1.10941797E+00   1.10943792E+00   1.10945844E+00   1.10947907E+00   1.10949964E+00   1.10951949E+00   1.10953797E+00   1.10955440E+00   1.10956858E+00   1.10957936E+00   1.10958434E+00   1.10958001E+00   1.10956706E+00   1.10954573E+00   1.10951205E+00   1.10946028E+00   1.10938820E+00   1.10929060E+00   1.10916507E+00   1.10900497E+00   1.10880296E+00   1.10854884E+00   1.10823983E+00   1.10786610E+00   1.10741468E+00   1.10686871E+00   1.10622644E+00   1.10547534E+00   1.10459261E+00   1.10355149E+00   1.10235483E+00   1.10098296E+00   1.09939077E+00   1.09755496E+00   1.09548207E+00   1.09332116E+00   1.09087481E+00   1.08832598E+00   1.08551317E+00   1.08268325E+00   1.07960347E+00   1.07652697E+00   1.07318326E+00   1.06983867E+00   1.06628073E+00   1.06282192E+00   1.05912397E+00   1.05546820E+00   1.05162563E+00   1.04793929E+00   1.04398819E+00   1.03988534E+00   1.03560502E+00   1.03112657E+00   1.02637048E+00   1.02148049E+00   1.01642685E+00   1.00958796E+00   1.00000000E+00
   1.10165560E+00   1.10165560E+00   1.10165559E+00   1.10165559E+00   1.10165558E+00   1.10165558E+00   1.10165558E+00   1.10165558E+00   1.10165558E+00   1.10165559E+00   1.10165560E+00   1.10165561E+00   1.10165564E+00   1.10165568E+00   1.10165574E+00   1.10165582E+00   1.10165592E+00   1.10165605E+00   1.10165623E+00   1.10165644E+00   1.10165671E+00   1.10165705E+00   1.10165745E+00   1.10165796E+00   1.10165857E+00   1.10165929E+00   1.10166015E+00   1.10166117E+00   1.10166238E+00   1.10166378E+00   1.10166541E+00   1.10166733E+00   1.10166954E+00   1.10167210E+00   1.10167502E+00   1.10167839E+00   1.10168224E+00   1.10168658E+00   1.10169148E+00   1.10169705E+00   1.10170330E+00   1.10171030E+00   1.10171808E+00   1.10172675E+00   1.10173638E+00   1.10174698E+00   1.10175860E+00   1.10177130E+00   1.10178509E+00   1.10179987E+00   1.10181565E+00   1.10183249E+00   1.10185043E+00   1.10186930E+00   1.10188883E+00   1.10190862E+00   1.10192856E+00   1.10194805E+00   1.10196652E+00   1.10198342E+00   1.10199858E+00   1.10201100E+00   1.10201841E+00   1.10201760E+00   1.10200936E+00   1.10199410E+00   1.10196803E+00   1.10192588E+00   1.10186558E+00   1.10178238E+00   1.10167415E+00   1.10153468E+00   1.10135708E+00   1.10113203E+00   1.10085697E+00   1.10052264E+00   1.10011673E+00   1.09962371E+00   1.09904184E+00   1.09835901E+00   1.09755360E+00   1.09660129E+00   1.09550430E+00   1.09424258E+00   1.09277369E+00   1.09107716E+00   1.08915799E+00   1.08715218E+00   1.08487700E+00   1.08250480E+00   1.07988417E+00   1.07724481E+00   1.07436968E+00   1.07149553E+00   1.06837135E+00   1.06524942E+00   1.06192892E+00   1.05870098E+00   1.05525084E+00   1.05184133E+00   1.04825886E+00   1.04482288E+00   1.04114016E+00   1.03731779E+00   1.03333182E+00   1.02916034E+00   1.02472668E+00   1.02016948E+00   1.01547359E+00   1.00907009E+00   1.00000000E+00
   1.20205136E+00   1.20205138E+00   1.20205143E+00   1.20205153E+00   1.20205166E+00   1.20205183E+00   1.20205204E+00   1.20205229E+00   1.20205260E+00   1.20205297E+00   1.20205340E+00   1.20205392E+00   1.20205453E+00   1.20205525E+00   1.20205609E+00   1.20205708E+00   1.20205823E+00   1.20205957E+00   1.20206112E+00   1.20206290E+00   1.20206495E+00   1.20206730E+00   1.20206999E+00   1.20207307E+00   1.20207657E+00   1.20208052E+00   1.20208498E+00   1.20209002E+00   1.20209566E+00   1.20210196E+00   1.20210898E+00   1.20211683E+00   1.20212554E+00   1.20213514E+00   1.20214572E+00   1.20215738E+00   1.20217014E+00   1.20218402E+00   1.20219907E+00   1.20221539E+00   1.20223292E+00   1.20225165E+00   1.20227161E+00   1.20229282E+00   1.20231512E+00   1.20233833E+00   1.20236234E+00   1.20238691E+00   1.20241174E+00   1.20243624E+00   1.20246007E+00   1.20248258E+00   1.20250324E+00   1.20252093E+00   1.20253483E+00   1.20254319E+00   1.20254484E+00   1.20253763E+00   1.20251987E+00   1.20248869E+00   1.20244227E+00   1.20237670E+00   1.20228820E+00   1.20216997E+00   1.20202013E+00   1.20183494E+00   1.20160773E+00   1.20132754E+00   1.20098941E+00   1.20058182E+00   1.20009830E+00   1.19952573E+00   1.19885248E+00   1.19805924E+00   1.19713898E+00   1.19607333E+00   1.19484415E+00   1.19342339E+00   1.19180483E+00   1.18996876E+00   1.18788386E+00   1.18550310E+00   1.18282698E+00   1.17983129E+00   1.17645427E+00   1.17266489E+00   1.16846693E+00   1.16416783E+00   1.15939645E+00   1.15451258E+00   1.14919845E+00   1.14391336E+00   1.13821894E+00   1.13258468E+00   1.12651012E+00   1.12046015E+00   1.11405361E+00   1.10783712E+00   1.10120662E+00   1.09468843E+00   1.08785670E+00   1.08130813E+00   1.07432925E+00   1.06710232E+00   1.05954753E+00   1.05165124E+00   1.04332762E+00   1.03480169E+00   1.02589921E+00   1.01458577E+00   1.00000000E+00
   1.15813386E+00   1.15813386E+00   1.15813387E+00   1.15813390E+00   1.15813394E+00   1.15813400E+00   1.15813406E+00   1.15813415E+00   1.15813426E+00   1.15813439E+00   1.15813455E+00   1.15813475E+00   1.15813500E+00   1.15813529E+00   1.15813565E+00   1.15813608E+00   1.15813659E+00   1.15813721E+00   1.15813795E+00   1.15813882E+00   1.15813983E+00   1.15814103E+00   1.15814242E+00   1.15814405E+00   1.15814594E+00   1.15814811E+00   1.15815060E+00   1.15815347E+00   1.15815673E+00   1.15816044E+00   1.15816463E+00   1.15816941E+00   1.15817478E+00   1.15818081E+00   1.15818756E+00   1.15819512E+00   1.15820352E+00   1.15821282E+00   1.15822307E+00   1.15823438E+00   1.15824676E+00   1.15826025E+00   1.15827490E+00   1.15829080E+00   1.15830792E+00   1.15832620E+00   1.15834562E+00   1.15836613E+00   1.15838761E+00   1.15840975E+00   1.15843243E+00   1.15845535E+00   1.15847826E+00   1.15850052E+00   1.15852165E+00   1.15854058E+00   1.15855666E+00   1.15856856E+00   1.15857514E+00   1.15857463E+00   1.15856589E+00   1.15854627E+00   1.15851299E+00   1.15846123E+00   1.15838995E+00   1.15829683E+00   1.15817664E+00   1.15802111E+00   1.15782666E+00   1.15758461E+00   1.15729001E+00   1.15693260E+00   1.15650303E+00   1.15598629E+00   1.15537660E+00   1.15465887E+00   1.15381819E+00   1.15283199E+00   1.15169437E+00   1.15038726E+00   1.14888527E+00   1.14715160E+00   1.14518396E+00   1.14295786E+00   1.14042513E+00   1.13756124E+00   1.13436265E+00   1.13105834E+00   1.12736892E+00   1.12357625E+00   1.11942804E+00   1.11528113E+00   1.11079199E+00   1.10633058E+00   1.10151163E+00   1.09671085E+00   1.09161243E+00   1.08665050E+00   1.08135335E+00   1.07614231E+00   1.07067144E+00   1.06541813E+00   1.05981531E+00   1.05402315E+00   1.04797558E+00   1.04165660E+00   1.03498430E+00   1.02814398E+00   1.02104200E+00   1.01194178E+00   1.00000000E+00
   1.13312199E+00   1.13312199E+00   1.13312199E+00   1.13312200E+00   1.13312201E+00   1.13312203E+00   1.13312206E+00   1.13312209E+00   1.13312214E+00   1.13312220E+00   1.13312227E+00   1.13312237E+00   1.13312249E+00   1.13312264E+00   1.13312283E+00   1.13312306E+00   1.13312335E+00   1.13312371E+00   1.13312414E+00   1.13312466E+00   1.13312528E+00   1.13312603E+00   1.13312691E+00   1.13312796E+00   1.13312919E+00   1.13313062E+00   1.13313228E+00   1.13313423E+00   1.13313646E+00   1.13313902E+00   1.13314196E+00   1.13314533E+00   1.13314917E+00   1.13315352E+00   1.13315843E+00   1.13316399E+00   1.13317024E+00   1.13317721E+00   1.13318497E+00   1.13319363E+00   1.13320321E+00   1.13321376E+00   1.13322533E+00   1.13323804E+00   1.13325188E+00   1.13326686E+00   1.13328298E+00   1.13330026E+00   1.13331863E+00   1.13333793E+00   1.13335811E+00   1.13337902E+00   1.13340053E+00   1.13342222E+00   1.13344374E+00   1.13346436E+00   1.13348366E+00   1.13350068E+00   1.13351460E+00   1.13352416E+00   1.13352854E+00   1.13352575E+00   1.13351355E+00   1.13348815E+00   1.13344896E+00   1.13339436E+00   1.13331996E+00   1.13321907E+00   1.13308885E+00   1.13292222E+00   1.13271515E+00   1.13245900E+00   1.13214595E+00   1.13176355E+00   1.13130676E+00   1.13076256E+00   1.13011817E+00   1.12935448E+00   1.12846580E+00   1.12743545E+00   1.12624200E+00   1.12485494E+00   1.12327018E+00   1.12146370E+00   1.11939600E+00   1.11704673E+00   1.11440779E+00   1.11166492E+00   1.10859124E+00   1.10542387E+00   1.10194705E+00   1.09845892E+00   1.09467147E+00   1.09089704E+00   1.08681623E+00   1.08275112E+00   1.07842490E+00   1.07420573E+00   1.06969967E+00   1.06526458E+00   1.06060179E+00   1.05611947E+00   1.05133952E+00   1.04640296E+00   1.04124764E+00   1.03585587E+00   1.03015277E+00   1.02430438E+00   1.01825771E+00   1.01043173E+00   1.00000000E+00
   1.11624068E+00   1.11624068E+00   1.11624067E+00   1.11624067E+00   1.11624068E+00   1.11624068E+00   1.11624069E+00   1.11624070E+00   1.11624072E+00   1.11624075E+00   1.11624079E+00   1.11624084E+00   1.11624090E+00   1.11624099E+00   1.11624110E+00   1.11624124E+00   1.11624143E+00   1.11624166E+00   1.11624194E+00   1.11624229E+00   1.11624271E+00   1.11624323E+00   1.11624384E+00   1.11624459E+00   1.11624547E+00   1.11624651E+00   1.11624773E+00   1.11624916E+00   1.11625083E+00   1.11625276E+00   1.11625498E+00   1.11625755E+00   1.11626050E+00   1.11626388E+00   1.11626771E+00   1.11627208E+00   1.11627702E+00   1.11628258E+00   1.11628880E+00   1.11629579E+00   1.11630359E+00   1.11631223E+00   1.11632178E+00   1.11633234E+00   1.11634393E+00   1.11635658E+00   1.11637030E+00   1.11638514E+00   1.11640106E+00   1.11641798E+00   1.11643585E+00   1.11645464E+00   1.11647427E+00   1.11649445E+00   1.11651488E+00   1.11653503E+00   1.11655460E+00   1.11657288E+00   1.11658918E+00   1.11660261E+00   1.11661250E+00   1.11661728E+00   1.11661501E+00   1.11660260E+00   1.11657971E+00   1.11654518E+00   1.11649517E+00   1.11642403E+00   1.11632938E+00   1.11620521E+00   1.11604811E+00   1.11585058E+00   1.11560578E+00   1.11530312E+00   1.11493805E+00   1.11449907E+00   1.11397478E+00   1.11334867E+00   1.11261525E+00   1.11175904E+00   1.11076122E+00   1.10959577E+00   1.10825761E+00   1.10672324E+00   1.10495881E+00   1.10294749E+00   1.10067868E+00   1.09830958E+00   1.09564765E+00   1.09290064E+00   1.08987758E+00   1.08683700E+00   1.08352869E+00   1.08022592E+00   1.07665303E+00   1.07309517E+00   1.06930338E+00   1.06559980E+00   1.06164344E+00   1.05774819E+00   1.05364867E+00   1.04970454E+00   1.04549937E+00   1.04115894E+00   1.03662326E+00   1.03187302E+00   1.02683927E+00   1.02167594E+00   1.01635599E+00   1.00940060E+00   1.00000000E+00
   1.10957138E+00   1.10957138E+00   1.10957138E+00   1.10957138E+00   1.10957138E+00   1.10957138E+00   1.10957138E+00   1.10957139E+00   1.10957140E+00   1.10957142E+00   1.10957144E+00   1.10957148E+00   1.10957153E+00   1.10957160E+00   1.10957169E+00   1.10957180E+00   1.10957195E+00   1.10957214E+00   1.10957238E+00   1.10957267E+00   1.10957303E+00   1.10957347E+00   1.10957400E+00   1.10957464E+00   1.10957541E+00   1.10957631E+00   1.10957738E+00   1.10957864E+00   1.10958010E+00   1.10958181E+00   1.10958378E+00   1.10958607E+00   1.10958871E+00   1.10959173E+00   1.10959517E+00   1.10959910E+00   1.10960356E+00   1.10960859E+00   1.10961424E+00   1.10962060E+00   1.10962771E+00   1.10963563E+00   1.10964439E+00   1.10965410E+00   1.10966480E+00   1.10967651E+00   1.10968924E+00   1.10970306E+00   1.10971794E+00   1.10973381E+00   1.10975065E+00   1.10976843E+00   1.10978710E+00   1.10980642E+00   1.10982611E+00   1.10984570E+00   1.10986495E+00   1.10988320E+00   1.10989986E+00   1.10991411E+00   1.10992540E+00   1.10993226E+00   1.10993290E+00   1.10992445E+00   1.10990672E+00   1.10987870E+00   1.10983674E+00   1.10977562E+00   1.10969311E+00   1.10958363E+00   1.10944401E+00   1.10926721E+00   1.10904676E+00   1.10877282E+00   1.10844106E+00   1.10804058E+00   1.10756053E+00   1.10698544E+00   1.10630997E+00   1.10551918E+00   1.10459516E+00   1.10351377E+00   1.10226967E+00   1.10083953E+00   1.09919157E+00   1.09731070E+00   1.09518558E+00   1.09296220E+00   1.09046115E+00   1.08787914E+00   1.08503499E+00   1.08217159E+00   1.07905368E+00   1.07593915E+00   1.07256933E+00   1.06921473E+00   1.06563780E+00   1.06214197E+00   1.05840727E+00   1.05472992E+00   1.05085816E+00   1.04713173E+00   1.04315890E+00   1.03905900E+00   1.03477297E+00   1.03028062E+00   1.02551543E+00   1.02062663E+00   1.01559727E+00   1.00898892E+00   1.00000000E+00
   1.19780456E+00   1.19780458E+00   1.19780464E+00   1.19780473E+00   1.19780486E+00   1.19780502E+00   1.19780523E+00   1.19780548E+00   1.19780578E+00   1.19780615E+00   1.19780658E+00   1.19780709E+00   1.19780770E+00   1.19780841E+00   1.19780925E+00   1.19781023E+00   1.19781137E+00   1.19781269E+00   1.19781423E+00   1.19781600E+00   1.19781803E+00   1.19782036E+00   1.19782303E+00   1.19782607E+00   1.19782953E+00   1.19783344E+00   1.19783784E+00   1.19784282E+00   1.19784838E+00   1.19785461E+00   1.19786154E+00   1.19786928E+00   1.19787785E+00   1.19788732E+00   1.19789773E+00   1.19790918E+00   1.19792171E+00   1.19793533E+00   1.19795009E+00   1.19796605E+00   1.19798320E+00   1.19800150E+00   1.19802097E+00   1.19804158E+00   1.19806321E+00   1.19808566E+00   1.19810880E+00   1.19813235E+00   1.19815601E+00   1.19817923E+00   1.19820164E+00   1.19822251E+00   1.19824130E+00   1.19825683E+00   1.19826827E+00   1.19827384E+00   1.19827237E+00   1.19826167E+00   1.19824002E+00   1.19820446E+00   1.19815297E+00   1.19808145E+00   1.19798648E+00   1.19786174E+00   1.19770474E+00   1.19751076E+00   1.19727337E+00   1.19698207E+00   1.19663184E+00   1.19621103E+00   1.19571274E+00   1.19512363E+00   1.19443273E+00   1.19362149E+00   1.19268177E+00   1.19159468E+00   1.19034369E+00   1.18890237E+00   1.18726157E+00   1.18539906E+00   1.18328762E+00   1.18088453E+00   1.17818393E+00   1.17515735E+00   1.17175428E+00   1.16795355E+00   1.16374357E+00   1.15942418E+00   1.15464203E+00   1.14976965E+00   1.14447608E+00   1.13921375E+00   1.13354505E+00   1.12793860E+00   1.12191044E+00   1.11593225E+00   1.10960706E+00   1.10346659E+00   1.09692959E+00   1.09052939E+00   1.08383330E+00   1.07741641E+00   1.07059522E+00   1.06357203E+00   1.05626025E+00   1.04864103E+00   1.04062652E+00   1.03244216E+00   1.02397769E+00   1.01342814E+00   1.00000000E+00
   1.15885053E+00   1.15885054E+00   1.15885056E+00   1.15885059E+00   1.15885064E+00   1.15885070E+00   1.15885077E+00   1.15885087E+00   1.15885099E+00   1.15885114E+00   1.15885132E+00   1.15885154E+00   1.15885181E+00   1.15885214E+00   1.15885253E+00   1.15885300E+00   1.15885357E+00   1.15885424E+00   1.15885503E+00   1.15885597E+00   1.15885706E+00   1.15885834E+00   1.15885983E+00   1.15886157E+00   1.15886357E+00   1.15886588E+00   1.15886851E+00   1.15887153E+00   1.15887497E+00   1.15887886E+00   1.15888326E+00   1.15888825E+00   1.15889386E+00   1.15890014E+00   1.15890714E+00   1.15891497E+00   1.15892365E+00   1.15893323E+00   1.15894378E+00   1.15895538E+00   1.15896804E+00   1.15898180E+00   1.15899671E+00   1.15901281E+00   1.15903007E+00   1.15904844E+00   1.15906786E+00   1.15908824E+00   1.15910945E+00   1.15913119E+00   1.15915328E+00   1.15917535E+00   1.15919710E+00   1.15921782E+00   1.15923699E+00   1.15925347E+00   1.15926655E+00   1.15927479E+00   1.15927701E+00   1.15927124E+00   1.15925609E+00   1.15922868E+00   1.15918646E+00   1.15912482E+00   1.15904204E+00   1.15893481E+00   1.15879804E+00   1.15862365E+00   1.15840786E+00   1.15814154E+00   1.15781919E+00   1.15743008E+00   1.15696532E+00   1.15641003E+00   1.15575726E+00   1.15499115E+00   1.15409799E+00   1.15305592E+00   1.15185641E+00   1.15047927E+00   1.14890239E+00   1.14709124E+00   1.14503797E+00   1.14271535E+00   1.14008421E+00   1.13712642E+00   1.13382501E+00   1.13041143E+00   1.12661489E+00   1.12273340E+00   1.11849532E+00   1.11426104E+00   1.10968051E+00   1.10513240E+00   1.10023550E+00   1.09537714E+00   1.09021933E+00   1.08519614E+00   1.07984697E+00   1.07460714E+00   1.06911166E+00   1.06383389E+00   1.05822847E+00   1.05247102E+00   1.04647473E+00   1.04021872E+00   1.03362956E+00   1.02689887E+00   1.01996780E+00   1.01125858E+00   1.00000000E+00
   1.13700092E+00   1.13700092E+00   1.13700092E+00   1.13700094E+00   1.13700096E+00   1.13700098E+00   1.13700102E+00   1.13700107E+00   1.13700113E+00   1.13700120E+00   1.13700130E+00   1.13700142E+00   1.13700157E+00   1.13700176E+00   1.13700199E+00   1.13700227E+00   1.13700262E+00   1.13700304E+00   1.13700355E+00   1.13700415E+00   1.13700488E+00   1.13700573E+00   1.13700674E+00   1.13700793E+00   1.13700932E+00   1.13701094E+00   1.13701280E+00   1.13701497E+00   1.13701745E+00   1.13702029E+00   1.13702353E+00   1.13702724E+00   1.13703144E+00   1.13703619E+00   1.13704153E+00   1.13704755E+00   1.13705428E+00   1.13706178E+00   1.13707009E+00   1.13707933E+00   1.13708950E+00   1.13710067E+00   1.13711288E+00   1.13712620E+00   1.13714064E+00   1.13715618E+00   1.13717281E+00   1.13719052E+00   1.13720921E+00   1.13722873E+00   1.13724895E+00   1.13726967E+00   1.13729069E+00   1.13731150E+00   1.13733174E+00   1.13735057E+00   1.13736748E+00   1.13738140E+00   1.13739143E+00   1.13739608E+00   1.13739428E+00   1.13738376E+00   1.13736245E+00   1.13732662E+00   1.13727500E+00   1.13720498E+00   1.13711224E+00   1.13699011E+00   1.13683547E+00   1.13664063E+00   1.13640091E+00   1.13610709E+00   1.13575162E+00   1.13532178E+00   1.13481135E+00   1.13420641E+00   1.13349500E+00   1.13265817E+00   1.13168780E+00   1.13056533E+00   1.12927184E+00   1.12777775E+00   1.12607417E+00   1.12413510E+00   1.12192824E+00   1.11943758E+00   1.11664338E+00   1.11373941E+00   1.11050092E+00   1.10718323E+00   1.10354848E+00   1.09990480E+00   1.09595264E+00   1.09201857E+00   1.08777882E+00   1.08357075E+00   1.07909253E+00   1.07472139E+00   1.07006517E+00   1.06550143E+00   1.06070596E+00   1.05609347E+00   1.05119815E+00   1.04617564E+00   1.04093817E+00   1.03546335E+00   1.02968832E+00   1.02378866E+00   1.01773044E+00   1.01005118E+00   1.00000000E+00
   1.12235701E+00   1.12235701E+00   1.12235701E+00   1.12235702E+00   1.12235703E+00   1.12235704E+00   1.12235706E+00   1.12235708E+00   1.12235711E+00   1.12235716E+00   1.12235721E+00   1.12235729E+00   1.12235738E+00   1.12235750E+00   1.12235765E+00   1.12235785E+00   1.12235808E+00   1.12235838E+00   1.12235874E+00   1.12235918E+00   1.12235970E+00   1.12236033E+00   1.12236109E+00   1.12236198E+00   1.12236303E+00   1.12236427E+00   1.12236571E+00   1.12236739E+00   1.12236932E+00   1.12237156E+00   1.12237413E+00   1.12237708E+00   1.12238045E+00   1.12238428E+00   1.12238862E+00   1.12239353E+00   1.12239906E+00   1.12240525E+00   1.12241216E+00   1.12241988E+00   1.12242843E+00   1.12243788E+00   1.12244827E+00   1.12245968E+00   1.12247213E+00   1.12248563E+00   1.12250018E+00   1.12251580E+00   1.12253244E+00   1.12254998E+00   1.12256836E+00   1.12258744E+00   1.12260709E+00   1.12262692E+00   1.12264664E+00   1.12266561E+00   1.12268341E+00   1.12269921E+00   1.12271225E+00   1.12272137E+00   1.12272567E+00   1.12272326E+00   1.12271238E+00   1.12268987E+00   1.12265472E+00   1.12260479E+00   1.12253629E+00   1.12244344E+00   1.12232357E+00   1.12216996E+00   1.12197847E+00   1.12174097E+00   1.12145076E+00   1.12109668E+00   1.12067303E+00   1.12016726E+00   1.11956863E+00   1.11886029E+00   1.11803453E+00   1.11707406E+00   1.11596209E+00   1.11467255E+00   1.11319612E+00   1.11150779E+00   1.10957969E+00   1.10739783E+00   1.10494122E+00   1.10237852E+00   1.09951496E+00   1.09657753E+00   1.09335160E+00   1.09010988E+00   1.08658707E+00   1.08307422E+00   1.07928540E+00   1.07552371E+00   1.07151336E+00   1.06759200E+00   1.06341324E+00   1.05931512E+00   1.05500244E+00   1.05084890E+00   1.04644221E+00   1.04192312E+00   1.03720389E+00   1.03226069E+00   1.02703790E+00   1.02170120E+00   1.01623220E+00   1.00924267E+00   1.00000000E+00
   1.11658628E+00   1.11658628E+00   1.11658628E+00   1.11658629E+00   1.11658629E+00   1.11658630E+00   1.11658631E+00   1.11658633E+00   1.11658635E+00   1.11658639E+00   1.11658643E+00   1.11658649E+00   1.11658656E+00   1.11658666E+00   1.11658679E+00   1.11658695E+00   1.11658716E+00   1.11658741E+00   1.11658772E+00   1.11658810E+00   1.11658856E+00   1.11658912E+00   1.11658978E+00   1.11659057E+00   1.11659151E+00   1.11659261E+00   1.11659390E+00   1.11659541E+00   1.11659715E+00   1.11659917E+00   1.11660149E+00   1.11660417E+00   1.11660724E+00   1.11661073E+00   1.11661470E+00   1.11661920E+00   1.11662427E+00   1.11662997E+00   1.11663634E+00   1.11664347E+00   1.11665140E+00   1.11666017E+00   1.11666984E+00   1.11668049E+00   1.11669213E+00   1.11670479E+00   1.11671848E+00   1.11673321E+00   1.11674894E+00   1.11676560E+00   1.11678311E+00   1.11680137E+00   1.11682028E+00   1.11683949E+00   1.11685872E+00   1.11687739E+00   1.11689516E+00   1.11691123E+00   1.11692493E+00   1.11693520E+00   1.11694123E+00   1.11694126E+00   1.11693361E+00   1.11691538E+00   1.11688565E+00   1.11684248E+00   1.11678224E+00   1.11669953E+00   1.11659184E+00   1.11645283E+00   1.11627860E+00   1.11606141E+00   1.11579491E+00   1.11546860E+00   1.11507697E+00   1.11460804E+00   1.11405153E+00   1.11339147E+00   1.11262036E+00   1.11172146E+00   1.11067872E+00   1.10946760E+00   1.10807869E+00   1.10648735E+00   1.10466735E+00   1.10260579E+00   1.10028140E+00   1.09785289E+00   1.09513702E+00   1.09234987E+00   1.08928613E+00   1.08620437E+00   1.08285290E+00   1.07950863E+00   1.07590034E+00   1.07231750E+00   1.06849503E+00   1.06475452E+00   1.06076755E+00   1.05685643E+00   1.05273785E+00   1.04876873E+00   1.04455788E+00   1.04023994E+00   1.03572746E+00   1.03099584E+00   1.02599221E+00   1.02087842E+00   1.01564208E+00   1.00892399E+00   1.00000000E+00
   1.19220974E+00   1.19220976E+00   1.19220981E+00   1.19220990E+00   1.19221003E+00   1.19221019E+00   1.19221039E+00   1.19221063E+00   1.19221092E+00   1.19221128E+00   1.19221170E+00   1.19221220E+00   1.19221279E+00   1.19221349E+00   1.19221431E+00   1.19221527E+00   1.19221638E+00   1.19221768E+00   1.19221918E+00   1.19222091E+00   1.19222289E+00   1.19222517E+00   1.19222778E+00   1.19223075E+00   1.19223412E+00   1.19223794E+00   1.19224224E+00   1.19224708E+00   1.19225251E+00   1.19225858E+00   1.19226534E+00   1.19227287E+00   1.19228122E+00   1.19229043E+00   1.19230055E+00   1.19231167E+00   1.19232382E+00   1.19233703E+00   1.19235132E+00   1.19236676E+00   1.19238332E+00   1.19240098E+00   1.19241973E+00   1.19243951E+00   1.19246021E+00   1.19248163E+00   1.19250361E+00   1.19252586E+00   1.19254808E+00   1.19256972E+00   1.19259037E+00   1.19260928E+00   1.19262587E+00   1.19263894E+00   1.19264764E+00   1.19265017E+00   1.19264534E+00   1.19263095E+00   1.19260522E+00   1.19256514E+00   1.19250857E+00   1.19243137E+00   1.19233027E+00   1.19219922E+00   1.19203530E+00   1.19183319E+00   1.19158669E+00   1.19128568E+00   1.19092505E+00   1.19049312E+00   1.18998279E+00   1.18938072E+00   1.18867640E+00   1.18785193E+00   1.18689850E+00   1.18579709E+00   1.18453226E+00   1.18307869E+00   1.18142552E+00   1.17954928E+00   1.17742558E+00   1.17501500E+00   1.17230795E+00   1.16927436E+00   1.16587140E+00   1.16208406E+00   1.15789094E+00   1.15358695E+00   1.14883391E+00   1.14400988E+00   1.13877647E+00   1.13357778E+00   1.12798219E+00   1.12245408E+00   1.11652509E+00   1.11066642E+00   1.10447373E+00   1.09846413E+00   1.09208203E+00   1.08585695E+00   1.07935414E+00   1.07312669E+00   1.06652763E+00   1.05977178E+00   1.05276453E+00   1.04548247E+00   1.03783951E+00   1.03005827E+00   1.02209232E+00   1.01232867E+00   1.00000000E+00
   1.15849647E+00   1.15849647E+00   1.15849649E+00   1.15849653E+00   1.15849658E+00   1.15849665E+00   1.15849674E+00   1.15849684E+00   1.15849698E+00   1.15849714E+00   1.15849734E+00   1.15849758E+00   1.15849788E+00   1.15849823E+00   1.15849866E+00   1.15849917E+00   1.15849977E+00   1.15850049E+00   1.15850134E+00   1.15850234E+00   1.15850350E+00   1.15850486E+00   1.15850643E+00   1.15850826E+00   1.15851036E+00   1.15851277E+00   1.15851552E+00   1.15851867E+00   1.15852225E+00   1.15852629E+00   1.15853085E+00   1.15853601E+00   1.15854179E+00   1.15854825E+00   1.15855544E+00   1.15856345E+00   1.15857231E+00   1.15858207E+00   1.15859279E+00   1.15860454E+00   1.15861733E+00   1.15863119E+00   1.15864615E+00   1.15866224E+00   1.15867941E+00   1.15869760E+00   1.15871672E+00   1.15873667E+00   1.15875727E+00   1.15877821E+00   1.15879928E+00   1.15882003E+00   1.15884012E+00   1.15885875E+00   1.15887538E+00   1.15888880E+00   1.15889820E+00   1.15890206E+00   1.15889911E+00   1.15888722E+00   1.15886484E+00   1.15882888E+00   1.15877689E+00   1.15870426E+00   1.15860881E+00   1.15848651E+00   1.15833238E+00   1.15813842E+00   1.15790061E+00   1.15760952E+00   1.15725924E+00   1.15683877E+00   1.15633948E+00   1.15574656E+00   1.15505226E+00   1.15424032E+00   1.15329773E+00   1.15220303E+00   1.15094605E+00   1.14950550E+00   1.14786136E+00   1.14598079E+00   1.14385265E+00   1.14144867E+00   1.13873563E+00   1.13569943E+00   1.13231456E+00   1.12881675E+00   1.12494053E+00   1.12099495E+00   1.11669435E+00   1.11240218E+00   1.10776534E+00   1.10316822E+00   1.09823254E+00   1.09335278E+00   1.08817678E+00   1.08313829E+00   1.07778817E+00   1.07256711E+00   1.06709752E+00   1.06184719E+00   1.05629406E+00   1.05062371E+00   1.04473169E+00   1.03859331E+00   1.03214569E+00   1.02558423E+00   1.01888956E+00   1.01060940E+00   1.00000000E+00
   1.13982827E+00   1.13982828E+00   1.13982829E+00   1.13982830E+00   1.13982833E+00   1.13982837E+00   1.13982842E+00   1.13982848E+00   1.13982855E+00   1.13982865E+00   1.13982876E+00   1.13982891E+00   1.13982910E+00   1.13982932E+00   1.13982960E+00   1.13982993E+00   1.13983034E+00   1.13983083E+00   1.13983141E+00   1.13983211E+00   1.13983293E+00   1.13983390E+00   1.13983503E+00   1.13983636E+00   1.13983791E+00   1.13983970E+00   1.13984176E+00   1.13984414E+00   1.13984685E+00   1.13984996E+00   1.13985348E+00   1.13985750E+00   1.13986203E+00   1.13986713E+00   1.13987286E+00   1.13987928E+00   1.13988644E+00   1.13989438E+00   1.13990316E+00   1.13991287E+00   1.13992352E+00   1.13993516E+00   1.13994784E+00   1.13996159E+00   1.13997641E+00   1.13999227E+00   1.14000914E+00   1.14002696E+00   1.14004563E+00   1.14006494E+00   1.14008475E+00   1.14010476E+00   1.14012471E+00   1.14014403E+00   1.14016229E+00   1.14017856E+00   1.14019224E+00   1.14020211E+00   1.14020717E+00   1.14020575E+00   1.14019656E+00   1.14017709E+00   1.14014530E+00   1.14009736E+00   1.14003147E+00   1.13994431E+00   1.13983158E+00   1.13968648E+00   1.13950560E+00   1.13928077E+00   1.13900681E+00   1.13867408E+00   1.13827509E+00   1.13779684E+00   1.13723230E+00   1.13656690E+00   1.13578913E+00   1.13487994E+00   1.13382969E+00   1.13261864E+00   1.13122942E+00   1.12963307E+00   1.12781781E+00   1.12575680E+00   1.12342225E+00   1.12080093E+00   1.11786565E+00   1.11481940E+00   1.11143635E+00   1.10798635E+00   1.10421423E+00   1.10043798E+00   1.09634900E+00   1.09228569E+00   1.08791905E+00   1.08359910E+00   1.07900604E+00   1.07452540E+00   1.06976644E+00   1.06511921E+00   1.06024091E+00   1.05555032E+00   1.05059395E+00   1.04553806E+00   1.04027449E+00   1.03477774E+00   1.02899814E+00   1.02311835E+00   1.01713168E+00   1.00966666E+00   1.00000000E+00
   1.12739363E+00   1.12739364E+00   1.12739364E+00   1.12739365E+00   1.12739367E+00   1.12739369E+00   1.12739372E+00   1.12739375E+00   1.12739380E+00   1.12739386E+00   1.12739394E+00   1.12739404E+00   1.12739417E+00   1.12739433E+00   1.12739453E+00   1.12739477E+00   1.12739507E+00   1.12739544E+00   1.12739588E+00   1.12739641E+00   1.12739705E+00   1.12739780E+00   1.12739870E+00   1.12739975E+00   1.12740098E+00   1.12740241E+00   1.12740408E+00   1.12740600E+00   1.12740822E+00   1.12741077E+00   1.12741367E+00   1.12741700E+00   1.12742077E+00   1.12742505E+00   1.12742986E+00   1.12743529E+00   1.12744136E+00   1.12744814E+00   1.12745567E+00   1.12746404E+00   1.12747326E+00   1.12748340E+00   1.12749450E+00   1.12750661E+00   1.12751973E+00   1.12753386E+00   1.12754900E+00   1.12756511E+00   1.12758212E+00   1.12759989E+00   1.12761831E+00   1.12763715E+00   1.12765624E+00   1.12767508E+00   1.12769335E+00   1.12771029E+00   1.12772538E+00   1.12773763E+00   1.12774619E+00   1.12774965E+00   1.12774691E+00   1.12773583E+00   1.12771461E+00   1.12767992E+00   1.12763024E+00   1.12756269E+00   1.12747343E+00   1.12735645E+00   1.12720875E+00   1.12702301E+00   1.12679455E+00   1.12651467E+00   1.12617665E+00   1.12576880E+00   1.12528457E+00   1.12471062E+00   1.12403647E+00   1.12324480E+00   1.12232645E+00   1.12126288E+00   1.12003844E+00   1.11862693E+00   1.11701638E+00   1.11518104E+00   1.11309654E+00   1.11075067E+00   1.10811569E+00   1.10537259E+00   1.10232123E+00   1.09920534E+00   1.09579086E+00   1.09236497E+00   1.08864903E+00   1.08495013E+00   1.08097150E+00   1.07703298E+00   1.07283804E+00   1.06873876E+00   1.06438286E+00   1.06012628E+00   1.05565104E+00   1.05134178E+00   1.04679003E+00   1.04214846E+00   1.03730788E+00   1.03224186E+00   1.02690903E+00   1.02148418E+00   1.01596851E+00   1.00904240E+00   1.00000000E+00
   1.12250670E+00   1.12250670E+00   1.12250670E+00   1.12250671E+00   1.12250672E+00   1.12250674E+00   1.12250676E+00   1.12250679E+00   1.12250683E+00   1.12250688E+00   1.12250695E+00   1.12250703E+00   1.12250714E+00   1.12250728E+00   1.12250745E+00   1.12250767E+00   1.12250793E+00   1.12250826E+00   1.12250865E+00   1.12250913E+00   1.12250970E+00   1.12251038E+00   1.12251118E+00   1.12251214E+00   1.12251326E+00   1.12251456E+00   1.12251608E+00   1.12251785E+00   1.12251988E+00   1.12252222E+00   1.12252490E+00   1.12252797E+00   1.12253146E+00   1.12253542E+00   1.12253989E+00   1.12254494E+00   1.12255060E+00   1.12255693E+00   1.12256398E+00   1.12257182E+00   1.12258048E+00   1.12259002E+00   1.12260048E+00   1.12261192E+00   1.12262434E+00   1.12263776E+00   1.12265215E+00   1.12266752E+00   1.12268379E+00   1.12270084E+00   1.12271857E+00   1.12273680E+00   1.12275535E+00   1.12277379E+00   1.12279181E+00   1.12280871E+00   1.12282402E+00   1.12283681E+00   1.12284629E+00   1.12285117E+00   1.12285041E+00   1.12284199E+00   1.12282422E+00   1.12279398E+00   1.12274982E+00   1.12268906E+00   1.12260803E+00   1.12250103E+00   1.12236521E+00   1.12219361E+00   1.12198174E+00   1.12172127E+00   1.12140577E+00   1.12102411E+00   1.12056994E+00   1.12003041E+00   1.11939544E+00   1.11864846E+00   1.11778049E+00   1.11677354E+00   1.11561256E+00   1.11427255E+00   1.11274154E+00   1.11099416E+00   1.10900735E+00   1.10676948E+00   1.10425277E+00   1.10162945E+00   1.09870923E+00   1.09572576E+00   1.09245341E+00   1.08916707E+00   1.08559996E+00   1.08204671E+00   1.07822307E+00   1.07443688E+00   1.07040116E+00   1.06645447E+00   1.06225953E+00   1.05815881E+00   1.05384447E+00   1.04968728E+00   1.04529626E+00   1.04081870E+00   1.03614535E+00   1.03124927E+00   1.02609214E+00   1.02084571E+00   1.01551421E+00   1.00879829E+00   1.00000000E+00
   1.18535094E+00   1.18535096E+00   1.18535101E+00   1.18535109E+00   1.18535121E+00   1.18535136E+00   1.18535156E+00   1.18535179E+00   1.18535207E+00   1.18535241E+00   1.18535282E+00   1.18535330E+00   1.18535387E+00   1.18535455E+00   1.18535534E+00   1.18535626E+00   1.18535734E+00   1.18535859E+00   1.18536003E+00   1.18536170E+00   1.18536362E+00   1.18536582E+00   1.18536833E+00   1.18537120E+00   1.18537445E+00   1.18537812E+00   1.18538226E+00   1.18538693E+00   1.18539215E+00   1.18539800E+00   1.18540450E+00   1.18541174E+00   1.18541976E+00   1.18542860E+00   1.18543831E+00   1.18544897E+00   1.18546060E+00   1.18547322E+00   1.18548688E+00   1.18550160E+00   1.18551736E+00   1.18553414E+00   1.18555191E+00   1.18557060E+00   1.18559008E+00   1.18561016E+00   1.18563067E+00   1.18565128E+00   1.18567169E+00   1.18569135E+00   1.18570984E+00   1.18572637E+00   1.18574033E+00   1.18575051E+00   1.18575602E+00   1.18575509E+00   1.18574649E+00   1.18572799E+00   1.18569780E+00   1.18565288E+00   1.18559101E+00   1.18550804E+00   1.18540082E+00   1.18526345E+00   1.18509278E+00   1.18488306E+00   1.18462834E+00   1.18431887E+00   1.18394944E+00   1.18350853E+00   1.18298895E+00   1.18237751E+00   1.18166413E+00   1.18083152E+00   1.17987052E+00   1.17876229E+00   1.17749221E+00   1.17603609E+00   1.17438204E+00   1.17250622E+00   1.17038650E+00   1.16798644E+00   1.16529418E+00   1.16227952E+00   1.15890555E+00   1.15516176E+00   1.15102035E+00   1.14677120E+00   1.14209080E+00   1.13735677E+00   1.13222850E+00   1.12713911E+00   1.12166757E+00   1.11626985E+00   1.11049455E+00   1.10480624E+00   1.09880028E+00   1.09297678E+00   1.08680856E+00   1.08081241E+00   1.07455728E+00   1.06857258E+00   1.06225243E+00   1.05581646E+00   1.04916138E+00   1.04226153E+00   1.03503775E+00   1.02770589E+00   1.02028053E+00   1.01130345E+00   1.00000000E+00
   1.15703164E+00   1.15703165E+00   1.15703167E+00   1.15703171E+00   1.15703177E+00   1.15703184E+00   1.15703194E+00   1.15703206E+00   1.15703220E+00   1.15703238E+00   1.15703260E+00   1.15703286E+00   1.15703318E+00   1.15703356E+00   1.15703401E+00   1.15703456E+00   1.15703520E+00   1.15703596E+00   1.15703686E+00   1.15703790E+00   1.15703912E+00   1.15704055E+00   1.15704219E+00   1.15704409E+00   1.15704626E+00   1.15704876E+00   1.15705160E+00   1.15705484E+00   1.15705851E+00   1.15706266E+00   1.15706733E+00   1.15707259E+00   1.15707847E+00   1.15708503E+00   1.15709232E+00   1.15710041E+00   1.15710933E+00   1.15711914E+00   1.15712988E+00   1.15714161E+00   1.15715434E+00   1.15716809E+00   1.15718287E+00   1.15719868E+00   1.15721547E+00   1.15723314E+00   1.15725161E+00   1.15727072E+00   1.15729028E+00   1.15730995E+00   1.15732946E+00   1.15734831E+00   1.15736611E+00   1.15738199E+00   1.15739536E+00   1.15740493E+00   1.15740983E+00   1.15740841E+00   1.15739934E+00   1.15738034E+00   1.15734971E+00   1.15730422E+00   1.15724142E+00   1.15715666E+00   1.15704740E+00   1.15690908E+00   1.15673682E+00   1.15652265E+00   1.15626234E+00   1.15594625E+00   1.15556824E+00   1.15511714E+00   1.15458451E+00   1.15395561E+00   1.15322222E+00   1.15236786E+00   1.15138005E+00   1.15023773E+00   1.14892975E+00   1.14743427E+00   1.14573292E+00   1.14379435E+00   1.14160547E+00   1.13913795E+00   1.13636291E+00   1.13326941E+00   1.12982641E+00   1.12627356E+00   1.12234966E+00   1.11837075E+00   1.11404181E+00   1.10972748E+00   1.10507474E+00   1.10047028E+00   1.09553972E+00   1.09068047E+00   1.08553250E+00   1.08052657E+00   1.07522619E+00   1.07007076E+00   1.06467647E+00   1.05950284E+00   1.05405248E+00   1.04851565E+00   1.04277392E+00   1.03680203E+00   1.03054882E+00   1.02420796E+00   1.01780405E+00   1.00998543E+00   1.00000000E+00
   1.14152033E+00   1.14152033E+00   1.14152035E+00   1.14152037E+00   1.14152041E+00   1.14152045E+00   1.14152051E+00   1.14152058E+00   1.14152068E+00   1.14152079E+00   1.14152094E+00   1.14152111E+00   1.14152133E+00   1.14152160E+00   1.14152192E+00   1.14152231E+00   1.14152277E+00   1.14152333E+00   1.14152399E+00   1.14152477E+00   1.14152569E+00   1.14152677E+00   1.14152802E+00   1.14152949E+00   1.14153118E+00   1.14153313E+00   1.14153537E+00   1.14153795E+00   1.14154088E+00   1.14154421E+00   1.14154799E+00   1.14155227E+00   1.14155709E+00   1.14156249E+00   1.14156853E+00   1.14157528E+00   1.14158277E+00   1.14159105E+00   1.14160018E+00   1.14161021E+00   1.14162117E+00   1.14163310E+00   1.14164602E+00   1.14165995E+00   1.14167487E+00   1.14169074E+00   1.14170749E+00   1.14172502E+00   1.14174321E+00   1.14176181E+00   1.14178063E+00   1.14179929E+00   1.14181748E+00   1.14183452E+00   1.14184995E+00   1.14186272E+00   1.14187212E+00   1.14187681E+00   1.14187568E+00   1.14186684E+00   1.14184885E+00   1.14181898E+00   1.14177513E+00   1.14171331E+00   1.14163134E+00   1.14152529E+00   1.14139088E+00   1.14122115E+00   1.14101239E+00   1.14075606E+00   1.14044664E+00   1.14007411E+00   1.13963100E+00   1.13910410E+00   1.13848578E+00   1.13776103E+00   1.13691862E+00   1.13593943E+00   1.13481284E+00   1.13351843E+00   1.13203990E+00   1.13034892E+00   1.12843196E+00   1.12626201E+00   1.12381448E+00   1.12107842E+00   1.11802179E+00   1.11485645E+00   1.11135438E+00   1.10779715E+00   1.10391633E+00   1.10003823E+00   1.09584771E+00   1.09169212E+00   1.08723830E+00   1.08284568E+00   1.07818204E+00   1.07363826E+00   1.06882618E+00   1.06414247E+00   1.05923227E+00   1.05451512E+00   1.04955072E+00   1.04451191E+00   1.03927535E+00   1.03381585E+00   1.02809637E+00   1.02230014E+00   1.01645644E+00   1.00926753E+00   1.00000000E+00
   1.13124517E+00   1.13124517E+00   1.13124518E+00   1.13124520E+00   1.13124522E+00   1.13124525E+00   1.13124529E+00   1.13124534E+00   1.13124541E+00   1.13124549E+00   1.13124560E+00   1.13124573E+00   1.13124589E+00   1.13124610E+00   1.13124635E+00   1.13124665E+00   1.13124702E+00   1.13124746E+00   1.13124799E+00   1.13124862E+00   1.13124937E+00   1.13125025E+00   1.13125128E+00   1.13125250E+00   1.13125391E+00   1.13125554E+00   1.13125742E+00   1.13125960E+00   1.13126208E+00   1.13126492E+00   1.13126815E+00   1.13127183E+00   1.13127598E+00   1.13128066E+00   1.13128590E+00   1.13129179E+00   1.13129835E+00   1.13130563E+00   1.13131369E+00   1.13132258E+00   1.13133234E+00   1.13134301E+00   1.13135462E+00   1.13136720E+00   1.13138074E+00   1.13139521E+00   1.13141059E+00   1.13142680E+00   1.13144374E+00   1.13146122E+00   1.13147909E+00   1.13149704E+00   1.13151482E+00   1.13153185E+00   1.13154775E+00   1.13156162E+00   1.13157285E+00   1.13158028E+00   1.13158293E+00   1.13157919E+00   1.13156775E+00   1.13154621E+00   1.13151270E+00   1.13146366E+00   1.13139713E+00   1.13130964E+00   1.13119727E+00   1.13105375E+00   1.13087571E+00   1.13065536E+00   1.13038760E+00   1.13006323E+00   1.12967542E+00   1.12921204E+00   1.12866590E+00   1.12802303E+00   1.12727304E+00   1.12639823E+00   1.12538840E+00   1.12422418E+00   1.12289066E+00   1.12136159E+00   1.11962335E+00   1.11764991E+00   1.11541926E+00   1.11292079E+00   1.11012230E+00   1.10721685E+00   1.10399785E+00   1.10072395E+00   1.09714513E+00   1.09356180E+00   1.08968410E+00   1.08583277E+00   1.08170142E+00   1.07762397E+00   1.07328809E+00   1.06905719E+00   1.06457447E+00   1.06020832E+00   1.05562447E+00   1.05121477E+00   1.04657563E+00   1.04186824E+00   1.03696776E+00   1.03184870E+00   1.02648239E+00   1.02104570E+00   1.01557082E+00   1.00879489E+00   1.00000000E+00
   1.12721835E+00   1.12721835E+00   1.12721836E+00   1.12721837E+00   1.12721839E+00   1.12721842E+00   1.12721846E+00   1.12721850E+00   1.12721856E+00   1.12721863E+00   1.12721872E+00   1.12721884E+00   1.12721899E+00   1.12721917E+00   1.12721939E+00   1.12721967E+00   1.12722000E+00   1.12722040E+00   1.12722089E+00   1.12722146E+00   1.12722215E+00   1.12722296E+00   1.12722392E+00   1.12722504E+00   1.12722634E+00   1.12722786E+00   1.12722961E+00   1.12723163E+00   1.12723395E+00   1.12723661E+00   1.12723963E+00   1.12724308E+00   1.12724698E+00   1.12725138E+00   1.12725632E+00   1.12726187E+00   1.12726807E+00   1.12727496E+00   1.12728260E+00   1.12729104E+00   1.12730032E+00   1.12731048E+00   1.12732155E+00   1.12733356E+00   1.12734652E+00   1.12736041E+00   1.12737519E+00   1.12739081E+00   1.12740717E+00   1.12742411E+00   1.12744148E+00   1.12745901E+00   1.12747647E+00   1.12749331E+00   1.12750918E+00   1.12752323E+00   1.12753490E+00   1.12754308E+00   1.12754686E+00   1.12754471E+00   1.12753540E+00   1.12751664E+00   1.12748665E+00   1.12744203E+00   1.12738093E+00   1.12730004E+00   1.12719559E+00   1.12706156E+00   1.12689475E+00   1.12668764E+00   1.12643531E+00   1.12612889E+00   1.12576181E+00   1.12532237E+00   1.12480357E+00   1.12419184E+00   1.12347717E+00   1.12264241E+00   1.12167757E+00   1.12056372E+00   1.11928644E+00   1.11782039E+00   1.11615196E+00   1.11425548E+00   1.11210990E+00   1.10970487E+00   1.10700828E+00   1.10420565E+00   1.10109863E+00   1.09793696E+00   1.09447802E+00   1.09101187E+00   1.08725860E+00   1.08352846E+00   1.07952535E+00   1.07557316E+00   1.07136767E+00   1.06726121E+00   1.06290916E+00   1.05866884E+00   1.05421434E+00   1.04992635E+00   1.04541537E+00   1.04083808E+00   1.03606947E+00   1.03108378E+00   1.02585535E+00   1.02055858E+00   1.01522685E+00   1.00861101E+00   1.00000000E+00
   1.17723981E+00   1.17723983E+00   1.17723988E+00   1.17723996E+00   1.17724007E+00   1.17724021E+00   1.17724039E+00   1.17724061E+00   1.17724088E+00   1.17724121E+00   1.17724159E+00   1.17724205E+00   1.17724260E+00   1.17724324E+00   1.17724399E+00   1.17724487E+00   1.17724590E+00   1.17724709E+00   1.17724847E+00   1.17725006E+00   1.17725188E+00   1.17725397E+00   1.17725636E+00   1.17725908E+00   1.17726217E+00   1.17726566E+00   1.17726959E+00   1.17727402E+00   1.17727897E+00   1.17728451E+00   1.17729067E+00   1.17729752E+00   1.17730510E+00   1.17731345E+00   1.17732261E+00   1.17733265E+00   1.17734359E+00   1.17735546E+00   1.17736826E+00   1.17738204E+00   1.17739676E+00   1.17741238E+00   1.17742888E+00   1.17744614E+00   1.17746406E+00   1.17748243E+00   1.17750105E+00   1.17751959E+00   1.17753774E+00   1.17755493E+00   1.17757074E+00   1.17758433E+00   1.17759511E+00   1.17760181E+00   1.17760357E+00   1.17759860E+00   1.17758567E+00   1.17756252E+00   1.17752737E+00   1.17747717E+00   1.17740968E+00   1.17732077E+00   1.17720737E+00   1.17706377E+00   1.17688665E+00   1.17667004E+00   1.17640827E+00   1.17609196E+00   1.17571587E+00   1.17526876E+00   1.17474353E+00   1.17412726E+00   1.17341032E+00   1.17257615E+00   1.17161543E+00   1.17050980E+00   1.16924545E+00   1.16779937E+00   1.16615926E+00   1.16430151E+00   1.16220605E+00   1.15983928E+00   1.15718811E+00   1.15422308E+00   1.15091230E+00   1.14724881E+00   1.14320062E+00   1.13905084E+00   1.13449159E+00   1.12989436E+00   1.12492139E+00   1.11999129E+00   1.11469815E+00   1.10948465E+00   1.10391915E+00   1.09845357E+00   1.09268914E+00   1.08710542E+00   1.08120670E+00   1.07548957E+00   1.06953225E+00   1.06383800E+00   1.05784591E+00   1.05177357E+00   1.04550898E+00   1.03902763E+00   1.03226147E+00   1.02541322E+00   1.01855643E+00   1.01035537E+00   1.00000000E+00
   1.15441048E+00   1.15441049E+00   1.15441052E+00   1.15441056E+00   1.15441062E+00   1.15441071E+00   1.15441081E+00   1.15441094E+00   1.15441109E+00   1.15441128E+00   1.15441152E+00   1.15441180E+00   1.15441214E+00   1.15441254E+00   1.15441302E+00   1.15441360E+00   1.15441427E+00   1.15441507E+00   1.15441600E+00   1.15441709E+00   1.15441835E+00   1.15441982E+00   1.15442151E+00   1.15442345E+00   1.15442568E+00   1.15442823E+00   1.15443112E+00   1.15443441E+00   1.15443813E+00   1.15444232E+00   1.15444703E+00   1.15445231E+00   1.15445820E+00   1.15446476E+00   1.15447202E+00   1.15448006E+00   1.15448890E+00   1.15449858E+00   1.15450915E+00   1.15452064E+00   1.15453306E+00   1.15454642E+00   1.15456071E+00   1.15457590E+00   1.15459192E+00   1.15460867E+00   1.15462603E+00   1.15464380E+00   1.15466176E+00   1.15467953E+00   1.15469683E+00   1.15471305E+00   1.15472778E+00   1.15474007E+00   1.15474928E+00   1.15475405E+00   1.15475344E+00   1.15474569E+00   1.15472940E+00   1.15470216E+00   1.15466217E+00   1.15460606E+00   1.15453136E+00   1.15443337E+00   1.15430929E+00   1.15415418E+00   1.15396326E+00   1.15372861E+00   1.15344580E+00   1.15310516E+00   1.15270041E+00   1.15222033E+00   1.15165665E+00   1.15099486E+00   1.15022641E+00   1.14933490E+00   1.14830830E+00   1.14712607E+00   1.14577655E+00   1.14423789E+00   1.14249305E+00   1.14051228E+00   1.13828141E+00   1.13577270E+00   1.13296076E+00   1.12983737E+00   1.12636797E+00   1.12279459E+00   1.11886060E+00   1.11488511E+00   1.11056822E+00   1.10627279E+00   1.10164926E+00   1.09708263E+00   1.09220459E+00   1.08741105E+00   1.08233964E+00   1.07741443E+00   1.07221371E+00   1.06716990E+00   1.06189881E+00   1.05684848E+00   1.05154789E+00   1.04618754E+00   1.04063844E+00   1.03487831E+00   1.02886761E+00   1.02279022E+00   1.01671997E+00   1.00938681E+00   1.00000000E+00
   1.14202248E+00   1.14202249E+00   1.14202251E+00   1.14202254E+00   1.14202258E+00   1.14202264E+00   1.14202271E+00   1.14202280E+00   1.14202291E+00   1.14202305E+00   1.14202322E+00   1.14202342E+00   1.14202368E+00   1.14202398E+00   1.14202435E+00   1.14202479E+00   1.14202531E+00   1.14202594E+00   1.14202667E+00   1.14202753E+00   1.14202854E+00   1.14202972E+00   1.14203109E+00   1.14203267E+00   1.14203450E+00   1.14203660E+00   1.14203899E+00   1.14204173E+00   1.14204484E+00   1.14204837E+00   1.14205234E+00   1.14205683E+00   1.14206185E+00   1.14206748E+00   1.14207374E+00   1.14208069E+00   1.14208839E+00   1.14209686E+00   1.14210615E+00   1.14211631E+00   1.14212736E+00   1.14213931E+00   1.14215218E+00   1.14216596E+00   1.14218060E+00   1.14219604E+00   1.14221219E+00   1.14222891E+00   1.14224603E+00   1.14226326E+00   1.14228035E+00   1.14229684E+00   1.14231238E+00   1.14232618E+00   1.14233771E+00   1.14234583E+00   1.14234972E+00   1.14234789E+00   1.14233912E+00   1.14232135E+00   1.14229299E+00   1.14225108E+00   1.14219347E+00   1.14211599E+00   1.14201615E+00   1.14188955E+00   1.14173191E+00   1.14153612E+00   1.14129820E+00   1.14100938E+00   1.14066386E+00   1.14025140E+00   1.13976452E+00   1.13918989E+00   1.13851949E+00   1.13773807E+00   1.13683464E+00   1.13579016E+00   1.13459341E+00   1.13322371E+00   1.13166565E+00   1.12989167E+00   1.12788731E+00   1.12562590E+00   1.12308530E+00   1.12025680E+00   1.11710528E+00   1.11385000E+00   1.11026113E+00   1.10662893E+00   1.10267562E+00   1.09873318E+00   1.09448277E+00   1.09027725E+00   1.08578145E+00   1.08136038E+00   1.07667439E+00   1.07211588E+00   1.06730150E+00   1.06262933E+00   1.05773833E+00   1.05304502E+00   1.04812405E+00   1.04315114E+00   1.03799225E+00   1.03262591E+00   1.02702582E+00   1.02136705E+00   1.01572371E+00   1.00885974E+00   1.00000000E+00
   1.13385709E+00   1.13385710E+00   1.13385711E+00   1.13385713E+00   1.13385717E+00   1.13385721E+00   1.13385727E+00   1.13385733E+00   1.13385742E+00   1.13385753E+00   1.13385767E+00   1.13385783E+00   1.13385804E+00   1.13385829E+00   1.13385859E+00   1.13385895E+00   1.13385939E+00   1.13385991E+00   1.13386053E+00   1.13386127E+00   1.13386212E+00   1.13386314E+00   1.13386431E+00   1.13386568E+00   1.13386726E+00   1.13386908E+00   1.13387117E+00   1.13387357E+00   1.13387631E+00   1.13387941E+00   1.13388293E+00   1.13388691E+00   1.13389138E+00   1.13389641E+00   1.13390201E+00   1.13390826E+00   1.13391519E+00   1.13392285E+00   1.13393128E+00   1.13394053E+00   1.13395062E+00   1.13396157E+00   1.13397342E+00   1.13398615E+00   1.13399974E+00   1.13401414E+00   1.13402929E+00   1.13404507E+00   1.13406133E+00   1.13407785E+00   1.13409441E+00   1.13411060E+00   1.13412614E+00   1.13414032E+00   1.13415268E+00   1.13416221E+00   1.13416819E+00   1.13416926E+00   1.13416436E+00   1.13415161E+00   1.13412958E+00   1.13409557E+00   1.13404763E+00   1.13398195E+00   1.13389623E+00   1.13378646E+00   1.13364865E+00   1.13347627E+00   1.13326562E+00   1.13300855E+00   1.13269960E+00   1.13232919E+00   1.13189038E+00   1.13137067E+00   1.13076241E+00   1.13005120E+00   1.12922670E+00   1.12827096E+00   1.12717314E+00   1.12591338E+00   1.12447732E+00   1.12283892E+00   1.12098366E+00   1.11888566E+00   1.11652466E+00   1.11389186E+00   1.11095219E+00   1.10790953E+00   1.10455120E+00   1.10114844E+00   1.09743875E+00   1.09373327E+00   1.08973354E+00   1.08577089E+00   1.08153143E+00   1.07735970E+00   1.07293218E+00   1.06861963E+00   1.06406327E+00   1.05963880E+00   1.05500152E+00   1.05054639E+00   1.04587680E+00   1.04115900E+00   1.03625741E+00   1.03115071E+00   1.02582018E+00   1.02043556E+00   1.01507122E+00   1.00851353E+00   1.00000000E+00
   1.13066656E+00   1.13066656E+00   1.13066657E+00   1.13066659E+00   1.13066662E+00   1.13066666E+00   1.13066671E+00   1.13066677E+00   1.13066685E+00   1.13066695E+00   1.13066707E+00   1.13066723E+00   1.13066741E+00   1.13066764E+00   1.13066792E+00   1.13066826E+00   1.13066867E+00   1.13066915E+00   1.13066973E+00   1.13067042E+00   1.13067122E+00   1.13067217E+00   1.13067327E+00   1.13067456E+00   1.13067605E+00   1.13067777E+00   1.13067975E+00   1.13068202E+00   1.13068461E+00   1.13068756E+00   1.13069090E+00   1.13069468E+00   1.13069894E+00   1.13070373E+00   1.13070908E+00   1.13071505E+00   1.13072168E+00   1.13072902E+00   1.13073710E+00   1.13074598E+00   1.13075568E+00   1.13076623E+00   1.13077764E+00   1.13078994E+00   1.13080308E+00   1.13081703E+00   1.13083173E+00   1.13084708E+00   1.13086294E+00   1.13087908E+00   1.13089533E+00   1.13091130E+00   1.13092669E+00   1.13094087E+00   1.13095339E+00   1.13096328E+00   1.13096986E+00   1.13097183E+00   1.13096816E+00   1.13095709E+00   1.13093721E+00   1.13090594E+00   1.13086140E+00   1.13079992E+00   1.13071928E+00   1.13061562E+00   1.13048508E+00   1.13032134E+00   1.13012082E+00   1.12987559E+00   1.12958038E+00   1.12922583E+00   1.12880523E+00   1.12830643E+00   1.12772193E+00   1.12703765E+00   1.12624353E+00   1.12532206E+00   1.12426257E+00   1.12304555E+00   1.12165701E+00   1.12007155E+00   1.11827468E+00   1.11624079E+00   1.11395033E+00   1.11139452E+00   1.10853843E+00   1.10557978E+00   1.10231248E+00   1.09900037E+00   1.09538709E+00   1.09177546E+00   1.08787503E+00   1.08400864E+00   1.07987060E+00   1.07579741E+00   1.07147212E+00   1.06725680E+00   1.06280215E+00   1.05847517E+00   1.05393780E+00   1.04957633E+00   1.04500508E+00   1.04038673E+00   1.03558546E+00   1.03057987E+00   1.02535394E+00   1.02007540E+00   1.01481873E+00   1.00837924E+00   1.00000000E+00
   1.16786467E+00   1.16786468E+00   1.16786473E+00   1.16786480E+00   1.16786490E+00   1.16786504E+00   1.16786521E+00   1.16786541E+00   1.16786567E+00   1.16786597E+00   1.16786633E+00   1.16786677E+00   1.16786728E+00   1.16786788E+00   1.16786859E+00   1.16786941E+00   1.16787037E+00   1.16787149E+00   1.16787278E+00   1.16787427E+00   1.16787597E+00   1.16787793E+00   1.16788016E+00   1.16788270E+00   1.16788558E+00   1.16788883E+00   1.16789249E+00   1.16789661E+00   1.16790121E+00   1.16790635E+00   1.16791207E+00   1.16791841E+00   1.16792542E+00   1.16793313E+00   1.16794158E+00   1.16795083E+00   1.16796087E+00   1.16797175E+00   1.16798346E+00   1.16799601E+00   1.16800937E+00   1.16802350E+00   1.16803835E+00   1.16805380E+00   1.16806972E+00   1.16808590E+00   1.16810213E+00   1.16811807E+00   1.16813339E+00   1.16814751E+00   1.16816001E+00   1.16817003E+00   1.16817695E+00   1.16817952E+00   1.16817687E+00   1.16816721E+00   1.16814935E+00   1.16812101E+00   1.16808044E+00   1.16802462E+00   1.16795133E+00   1.16785651E+00   1.16773719E+00   1.16758790E+00   1.16740523E+00   1.16718315E+00   1.16691631E+00   1.16659581E+00   1.16621645E+00   1.16576742E+00   1.16524181E+00   1.16462720E+00   1.16391444E+00   1.16308786E+00   1.16213821E+00   1.16104785E+00   1.15980389E+00   1.15838468E+00   1.15677789E+00   1.15496071E+00   1.15291501E+00   1.15061006E+00   1.14803218E+00   1.14515327E+00   1.14194595E+00   1.13840604E+00   1.13449890E+00   1.13049805E+00   1.12611323E+00   1.12170400E+00   1.11694054E+00   1.11222279E+00   1.10716455E+00   1.10218989E+00   1.09689045E+00   1.09169977E+00   1.08623038E+00   1.08093727E+00   1.07535966E+00   1.06996749E+00   1.06435341E+00   1.05899152E+00   1.05336967E+00   1.04769754E+00   1.04185451E+00   1.03582090E+00   1.02954260E+00   1.02320053E+00   1.01692758E+00   1.00948424E+00   1.00000000E+00
   1.15060187E+00   1.15060188E+00   1.15060191E+00   1.15060196E+00   1.15060203E+00   1.15060211E+00   1.15060222E+00   1.15060236E+00   1.15060253E+00   1.15060273E+00   1.15060298E+00   1.15060327E+00   1.15060363E+00   1.15060405E+00   1.15060456E+00   1.15060515E+00   1.15060585E+00   1.15060667E+00   1.15060763E+00   1.15060874E+00   1.15061003E+00   1.15061152E+00   1.15061322E+00   1.15061519E+00   1.15061743E+00   1.15061998E+00   1.15062287E+00   1.15062615E+00   1.15062984E+00   1.15063400E+00   1.15063865E+00   1.15064385E+00   1.15064963E+00   1.15065604E+00   1.15066312E+00   1.15067092E+00   1.15067947E+00   1.15068880E+00   1.15069893E+00   1.15070990E+00   1.15072169E+00   1.15073429E+00   1.15074768E+00   1.15076181E+00   1.15077658E+00   1.15079187E+00   1.15080752E+00   1.15082330E+00   1.15083896E+00   1.15085408E+00   1.15086833E+00   1.15088105E+00   1.15089177E+00   1.15089948E+00   1.15090349E+00   1.15090238E+00   1.15089514E+00   1.15087991E+00   1.15085525E+00   1.15081864E+00   1.15076819E+00   1.15070046E+00   1.15061295E+00   1.15050094E+00   1.15036147E+00   1.15018932E+00   1.14997984E+00   1.14972523E+00   1.14942094E+00   1.14905738E+00   1.14862827E+00   1.14812246E+00   1.14753192E+00   1.14684249E+00   1.14604553E+00   1.14512489E+00   1.14406908E+00   1.14285826E+00   1.14148062E+00   1.13991471E+00   1.13814473E+00   1.13614264E+00   1.13389387E+00   1.13137168E+00   1.12855366E+00   1.12543402E+00   1.12197613E+00   1.11842194E+00   1.11452072E+00   1.11059053E+00   1.10633094E+00   1.10209948E+00   1.09755352E+00   1.09307212E+00   1.08829582E+00   1.08361457E+00   1.07866867E+00   1.07387147E+00   1.06881865E+00   1.06393069E+00   1.05882828E+00   1.05394438E+00   1.04883659E+00   1.04369173E+00   1.03837311E+00   1.03286461E+00   1.02713744E+00   1.02135621E+00   1.01565039E+00   1.00881711E+00   1.00000000E+00
   1.14131044E+00   1.14131045E+00   1.14131047E+00   1.14131051E+00   1.14131056E+00   1.14131062E+00   1.14131071E+00   1.14131081E+00   1.14131095E+00   1.14131111E+00   1.14131130E+00   1.14131154E+00   1.14131183E+00   1.14131217E+00   1.14131258E+00   1.14131307E+00   1.14131365E+00   1.14131434E+00   1.14131514E+00   1.14131607E+00   1.14131716E+00   1.14131843E+00   1.14131989E+00   1.14132157E+00   1.14132350E+00   1.14132570E+00   1.14132822E+00   1.14133107E+00   1.14133430E+00   1.14133795E+00   1.14134204E+00   1.14134664E+00   1.14135177E+00   1.14135749E+00   1.14136382E+00   1.14137082E+00   1.14137853E+00   1.14138697E+00   1.14139618E+00   1.14140619E+00   1.14141700E+00   1.14142861E+00   1.14144103E+00   1.14145420E+00   1.14146806E+00   1.14148251E+00   1.14149744E+00   1.14151265E+00   1.14152793E+00   1.14154294E+00   1.14155738E+00   1.14157071E+00   1.14158250E+00   1.14159189E+00   1.14159827E+00   1.14160038E+00   1.14159733E+00   1.14158747E+00   1.14156950E+00   1.14154118E+00   1.14150079E+00   1.14144521E+00   1.14137219E+00   1.14127744E+00   1.14115820E+00   1.14100974E+00   1.14082775E+00   1.14060508E+00   1.14033751E+00   1.14001614E+00   1.13963506E+00   1.13918388E+00   1.13865516E+00   1.13803561E+00   1.13731700E+00   1.13648405E+00   1.13552605E+00   1.13442422E+00   1.13316714E+00   1.13173421E+00   1.13011081E+00   1.12827041E+00   1.12619821E+00   1.12386829E+00   1.12126055E+00   1.11836850E+00   1.11515522E+00   1.11184519E+00   1.10820799E+00   1.10453920E+00   1.10055560E+00   1.09659136E+00   1.09232721E+00   1.08811762E+00   1.08362815E+00   1.07922528E+00   1.07456663E+00   1.07004194E+00   1.06527549E+00   1.06066194E+00   1.05583934E+00   1.05121734E+00   1.04638773E+00   1.04152574E+00   1.03649021E+00   1.03126625E+00   1.02583610E+00   1.02035696E+00   1.01495687E+00   1.00845282E+00   1.00000000E+00
   1.13521414E+00   1.13521415E+00   1.13521417E+00   1.13521420E+00   1.13521424E+00   1.13521429E+00   1.13521436E+00   1.13521445E+00   1.13521456E+00   1.13521470E+00   1.13521487E+00   1.13521507E+00   1.13521532E+00   1.13521562E+00   1.13521598E+00   1.13521640E+00   1.13521691E+00   1.13521751E+00   1.13521822E+00   1.13521905E+00   1.13522002E+00   1.13522115E+00   1.13522245E+00   1.13522396E+00   1.13522570E+00   1.13522769E+00   1.13522996E+00   1.13523255E+00   1.13523548E+00   1.13523880E+00   1.13524254E+00   1.13524675E+00   1.13525145E+00   1.13525671E+00   1.13526254E+00   1.13526901E+00   1.13527614E+00   1.13528397E+00   1.13529254E+00   1.13530188E+00   1.13531199E+00   1.13532289E+00   1.13533457E+00   1.13534701E+00   1.13536016E+00   1.13537391E+00   1.13538819E+00   1.13540282E+00   1.13541763E+00   1.13543229E+00   1.13544656E+00   1.13545993E+00   1.13547203E+00   1.13548207E+00   1.13548950E+00   1.13549316E+00   1.13549224E+00   1.13548521E+00   1.13547087E+00   1.13544716E+00   1.13541247E+00   1.13536389E+00   1.13529933E+00   1.13521476E+00   1.13510760E+00   1.13497341E+00   1.13480814E+00   1.13460504E+00   1.13436013E+00   1.13406497E+00   1.13371392E+00   1.13329708E+00   1.13280743E+00   1.13223229E+00   1.13156370E+00   1.13078701E+00   1.12989201E+00   1.12886069E+00   1.12768190E+00   1.12633565E+00   1.12480807E+00   1.12307367E+00   1.12111760E+00   1.11891449E+00   1.11644557E+00   1.11370401E+00   1.11065306E+00   1.10750542E+00   1.10404356E+00   1.10054839E+00   1.09674849E+00   1.09296237E+00   1.08888612E+00   1.08485791E+00   1.08055920E+00   1.07634114E+00   1.07187351E+00   1.06753009E+00   1.06295322E+00   1.05852099E+00   1.05388366E+00   1.04943500E+00   1.04478799E+00   1.04011070E+00   1.03526059E+00   1.03022317E+00   1.02498684E+00   1.01970441E+00   1.01450314E+00   1.00821350E+00   1.00000000E+00
   1.13283941E+00   1.13283941E+00   1.13283943E+00   1.13283946E+00   1.13283950E+00   1.13283955E+00   1.13283961E+00   1.13283970E+00   1.13283980E+00   1.13283993E+00   1.13284008E+00   1.13284028E+00   1.13284051E+00   1.13284079E+00   1.13284113E+00   1.13284153E+00   1.13284201E+00   1.13284259E+00   1.13284326E+00   1.13284405E+00   1.13284497E+00   1.13284605E+00   1.13284730E+00   1.13284874E+00   1.13285040E+00   1.13285231E+00   1.13285449E+00   1.13285697E+00   1.13285979E+00   1.13286299E+00   1.13286659E+00   1.13287064E+00   1.13287518E+00   1.13288025E+00   1.13288589E+00   1.13289214E+00   1.13289905E+00   1.13290664E+00   1.13291494E+00   1.13292400E+00   1.13293383E+00   1.13294443E+00   1.13295581E+00   1.13296793E+00   1.13298076E+00   1.13299421E+00   1.13300819E+00   1.13302255E+00   1.13303710E+00   1.13305156E+00   1.13306568E+00   1.13307899E+00   1.13309111E+00   1.13310129E+00   1.13310901E+00   1.13311314E+00   1.13311290E+00   1.13310680E+00   1.13309370E+00   1.13307159E+00   1.13303891E+00   1.13299283E+00   1.13293131E+00   1.13285045E+00   1.13274774E+00   1.13261882E+00   1.13245977E+00   1.13226398E+00   1.13202759E+00   1.13174233E+00   1.13140266E+00   1.13099890E+00   1.13052417E+00   1.12996604E+00   1.12931669E+00   1.12856170E+00   1.12769105E+00   1.12668706E+00   1.12553869E+00   1.12422621E+00   1.12273602E+00   1.12104303E+00   1.11913244E+00   1.11697907E+00   1.11456459E+00   1.11188214E+00   1.10889508E+00   1.10581142E+00   1.10241856E+00   1.09899173E+00   1.09526422E+00   1.09154833E+00   1.08754613E+00   1.08358943E+00   1.07936578E+00   1.07522035E+00   1.07082783E+00   1.06655564E+00   1.06205305E+00   1.05769176E+00   1.05312694E+00   1.04874604E+00   1.04417004E+00   1.03956432E+00   1.03478611E+00   1.02982099E+00   1.02465951E+00   1.01945284E+00   1.01432797E+00   1.00812082E+00   1.00000000E+00
   1.15720794E+00   1.15720796E+00   1.15720800E+00   1.15720806E+00   1.15720816E+00   1.15720828E+00   1.15720843E+00   1.15720863E+00   1.15720886E+00   1.15720914E+00   1.15720947E+00   1.15720987E+00   1.15721034E+00   1.15721090E+00   1.15721154E+00   1.15721230E+00   1.15721318E+00   1.15721421E+00   1.15721539E+00   1.15721675E+00   1.15721830E+00   1.15722008E+00   1.15722211E+00   1.15722442E+00   1.15722703E+00   1.15722997E+00   1.15723328E+00   1.15723700E+00   1.15724116E+00   1.15724579E+00   1.15725092E+00   1.15725662E+00   1.15726289E+00   1.15726978E+00   1.15727731E+00   1.15728552E+00   1.15729443E+00   1.15730402E+00   1.15731432E+00   1.15732531E+00   1.15733695E+00   1.15734918E+00   1.15736194E+00   1.15737510E+00   1.15738852E+00   1.15740198E+00   1.15741526E+00   1.15742799E+00   1.15743986E+00   1.15745029E+00   1.15745882E+00   1.15746461E+00   1.15746705E+00   1.15746489E+00   1.15745726E+00   1.15744245E+00   1.15741926E+00   1.15738549E+00   1.15733941E+00   1.15727812E+00   1.15719944E+00   1.15709947E+00   1.15697537E+00   1.15682196E+00   1.15663588E+00   1.15641119E+00   1.15614293E+00   1.15582277E+00   1.15544565E+00   1.15500140E+00   1.15448342E+00   1.15387993E+00   1.15318243E+00   1.15237629E+00   1.15145253E+00   1.15039451E+00   1.14919034E+00   1.14781994E+00   1.14627128E+00   1.14452275E+00   1.14255814E+00   1.14034962E+00   1.13788331E+00   1.13513290E+00   1.13207517E+00   1.12870797E+00   1.12499505E+00   1.12119687E+00   1.11704343E+00   1.11287649E+00   1.10837916E+00   1.10392829E+00   1.09916194E+00   1.09448002E+00   1.08950149E+00   1.08463595E+00   1.07951218E+00   1.07455659E+00   1.06934684E+00   1.06432070E+00   1.05908984E+00   1.05409598E+00   1.04887963E+00   1.04363739E+00   1.03823985E+00   1.03267592E+00   1.02690734E+00   1.02108249E+00   1.01539744E+00   1.00868839E+00   1.00000000E+00
   1.14559130E+00   1.14559131E+00   1.14559134E+00   1.14559139E+00   1.14559146E+00   1.14559155E+00   1.14559166E+00   1.14559181E+00   1.14559198E+00   1.14559220E+00   1.14559245E+00   1.14559276E+00   1.14559313E+00   1.14559356E+00   1.14559408E+00   1.14559468E+00   1.14559539E+00   1.14559622E+00   1.14559718E+00   1.14559829E+00   1.14559957E+00   1.14560105E+00   1.14560273E+00   1.14560467E+00   1.14560686E+00   1.14560935E+00   1.14561217E+00   1.14561535E+00   1.14561892E+00   1.14562291E+00   1.14562737E+00   1.14563234E+00   1.14563784E+00   1.14564392E+00   1.14565059E+00   1.14565791E+00   1.14566590E+00   1.14567456E+00   1.14568392E+00   1.14569397E+00   1.14570471E+00   1.14571609E+00   1.14572808E+00   1.14574058E+00   1.14575350E+00   1.14576665E+00   1.14577988E+00   1.14579289E+00   1.14580543E+00   1.14581702E+00   1.14582728E+00   1.14583552E+00   1.14584121E+00   1.14584330E+00   1.14584105E+00   1.14583298E+00   1.14581804E+00   1.14579431E+00   1.14576031E+00   1.14571346E+00   1.14565182E+00   1.14557193E+00   1.14547128E+00   1.14534521E+00   1.14519065E+00   1.14500225E+00   1.14477554E+00   1.14450294E+00   1.14417984E+00   1.14379690E+00   1.14334793E+00   1.14282205E+00   1.14221154E+00   1.14150274E+00   1.14068711E+00   1.13974900E+00   1.13867751E+00   1.13745372E+00   1.13606596E+00   1.13449354E+00   1.13272183E+00   1.13072466E+00   1.12848748E+00   1.12598490E+00   1.12319710E+00   1.12012040E+00   1.11671718E+00   1.11322625E+00   1.10940480E+00   1.10556542E+00   1.10141152E+00   1.09729128E+00   1.09287268E+00   1.08852439E+00   1.08389898E+00   1.07937601E+00   1.07460304E+00   1.06997870E+00   1.06511894E+00   1.06042777E+00   1.05553547E+00   1.05085642E+00   1.04597919E+00   1.04108350E+00   1.03602714E+00   1.03080300E+00   1.02539184E+00   1.01992890E+00   1.01460700E+00   1.00827981E+00   1.00000000E+00
   1.13938414E+00   1.13938415E+00   1.13938418E+00   1.13938422E+00   1.13938428E+00   1.13938435E+00   1.13938445E+00   1.13938457E+00   1.13938472E+00   1.13938491E+00   1.13938513E+00   1.13938540E+00   1.13938572E+00   1.13938610E+00   1.13938655E+00   1.13938708E+00   1.13938770E+00   1.13938843E+00   1.13938928E+00   1.13939028E+00   1.13939142E+00   1.13939274E+00   1.13939426E+00   1.13939600E+00   1.13939799E+00   1.13940025E+00   1.13940280E+00   1.13940570E+00   1.13940896E+00   1.13941262E+00   1.13941671E+00   1.13942128E+00   1.13942636E+00   1.13943198E+00   1.13943817E+00   1.13944498E+00   1.13945243E+00   1.13946054E+00   1.13946932E+00   1.13947878E+00   1.13948893E+00   1.13949973E+00   1.13951115E+00   1.13952311E+00   1.13953554E+00   1.13954829E+00   1.13956120E+00   1.13957403E+00   1.13958655E+00   1.13959832E+00   1.13960903E+00   1.13961802E+00   1.13962483E+00   1.13962849E+00   1.13962834E+00   1.13962301E+00   1.13961154E+00   1.13959214E+00   1.13956345E+00   1.13952308E+00   1.13946921E+00   1.13939860E+00   1.13930892E+00   1.13919579E+00   1.13905632E+00   1.13888546E+00   1.13867900E+00   1.13842979E+00   1.13813344E+00   1.13778109E+00   1.13736680E+00   1.13688019E+00   1.13631394E+00   1.13565498E+00   1.13489501E+00   1.13401899E+00   1.13301653E+00   1.13186936E+00   1.13056612E+00   1.12908663E+00   1.12741705E+00   1.12553210E+00   1.12341711E+00   1.12104719E+00   1.11840399E+00   1.11548318E+00   1.11224700E+00   1.10892236E+00   1.10528012E+00   1.10161743E+00   1.09764952E+00   1.09370889E+00   1.08947929E+00   1.08531267E+00   1.08087841E+00   1.07654030E+00   1.07195757E+00   1.06751321E+00   1.06284211E+00   1.05833111E+00   1.05362206E+00   1.04911390E+00   1.04441804E+00   1.03970617E+00   1.03483269E+00   1.02979175E+00   1.02457203E+00   1.01930299E+00   1.01417610E+00   1.00805518E+00   1.00000000E+00
   1.13532900E+00   1.13532901E+00   1.13532903E+00   1.13532907E+00   1.13532912E+00   1.13532919E+00   1.13532927E+00   1.13532938E+00   1.13532952E+00   1.13532968E+00   1.13532988E+00   1.13533013E+00   1.13533041E+00   1.13533076E+00   1.13533117E+00   1.13533166E+00   1.13533223E+00   1.13533290E+00   1.13533369E+00   1.13533460E+00   1.13533566E+00   1.13533689E+00   1.13533830E+00   1.13533992E+00   1.13534177E+00   1.13534388E+00   1.13534627E+00   1.13534898E+00   1.13535204E+00   1.13535548E+00   1.13535933E+00   1.13536364E+00   1.13536843E+00   1.13537374E+00   1.13537960E+00   1.13538606E+00   1.13539313E+00   1.13540085E+00   1.13540922E+00   1.13541826E+00   1.13542797E+00   1.13543833E+00   1.13544931E+00   1.13546085E+00   1.13547287E+00   1.13548524E+00   1.13549782E+00   1.13551039E+00   1.13552273E+00   1.13553445E+00   1.13554523E+00   1.13555449E+00   1.13556177E+00   1.13556617E+00   1.13556708E+00   1.13556319E+00   1.13555359E+00   1.13553660E+00   1.13551092E+00   1.13547428E+00   1.13542495E+00   1.13535983E+00   1.13527671E+00   1.13517138E+00   1.13504108E+00   1.13488097E+00   1.13468700E+00   1.13445230E+00   1.13417265E+00   1.13383949E+00   1.13344707E+00   1.13298533E+00   1.13244723E+00   1.13182010E+00   1.13109582E+00   1.13025975E+00   1.12930184E+00   1.12820431E+00   1.12695596E+00   1.12553702E+00   1.12393410E+00   1.12212257E+00   1.12008770E+00   1.11780497E+00   1.11525684E+00   1.11243859E+00   1.10931268E+00   1.10609800E+00   1.10257404E+00   1.09902792E+00   1.09518297E+00   1.09136122E+00   1.08725669E+00   1.08321040E+00   1.07890231E+00   1.07468599E+00   1.07022883E+00   1.06590331E+00   1.06135619E+00   1.05696337E+00   1.05237481E+00   1.04797904E+00   1.04340141E+00   1.03880876E+00   1.03405446E+00   1.02913312E+00   1.02403776E+00   1.01889450E+00   1.01389402E+00   1.00790731E+00   1.00000000E+00
   1.13375440E+00   1.13375441E+00   1.13375443E+00   1.13375446E+00   1.13375451E+00   1.13375458E+00   1.13375466E+00   1.13375477E+00   1.13375490E+00   1.13375506E+00   1.13375525E+00   1.13375548E+00   1.13375576E+00   1.13375609E+00   1.13375649E+00   1.13375696E+00   1.13375751E+00   1.13375816E+00   1.13375892E+00   1.13375981E+00   1.13376083E+00   1.13376202E+00   1.13376339E+00   1.13376496E+00   1.13376676E+00   1.13376881E+00   1.13377114E+00   1.13377378E+00   1.13377676E+00   1.13378011E+00   1.13378386E+00   1.13378807E+00   1.13379274E+00   1.13379793E+00   1.13380366E+00   1.13380998E+00   1.13381690E+00   1.13382445E+00   1.13383266E+00   1.13384152E+00   1.13385105E+00   1.13386122E+00   1.13387201E+00   1.13388336E+00   1.13389520E+00   1.13390740E+00   1.13391982E+00   1.13393226E+00   1.13394449E+00   1.13395613E+00   1.13396690E+00   1.13397620E+00   1.13398361E+00   1.13398823E+00   1.13398946E+00   1.13398605E+00   1.13397709E+00   1.13396094E+00   1.13393632E+00   1.13390102E+00   1.13385333E+00   1.13379021E+00   1.13370950E+00   1.13360706E+00   1.13348018E+00   1.13332409E+00   1.13313482E+00   1.13290560E+00   1.13263228E+00   1.13230642E+00   1.13192234E+00   1.13147012E+00   1.13094283E+00   1.13032793E+00   1.12961742E+00   1.12879680E+00   1.12785615E+00   1.12677787E+00   1.12555086E+00   1.12415550E+00   1.12257857E+00   1.12079569E+00   1.11879215E+00   1.11654352E+00   1.11403258E+00   1.11125450E+00   1.10817183E+00   1.10500030E+00   1.10152268E+00   1.09802224E+00   1.09422551E+00   1.09045040E+00   1.08639491E+00   1.08239581E+00   1.07813708E+00   1.07396836E+00   1.06956031E+00   1.06528124E+00   1.06078242E+00   1.05643559E+00   1.05189393E+00   1.04754187E+00   1.04300997E+00   1.03846328E+00   1.03375500E+00   1.02887984E+00   1.02383230E+00   1.01873732E+00   1.01378526E+00   1.00785009E+00   1.00000000E+00
   1.14525063E+00   1.14525064E+00   1.14525067E+00   1.14525073E+00   1.14525081E+00   1.14525092E+00   1.14525106E+00   1.14525123E+00   1.14525143E+00   1.14525168E+00   1.14525198E+00   1.14525233E+00   1.14525275E+00   1.14525324E+00   1.14525382E+00   1.14525448E+00   1.14525526E+00   1.14525616E+00   1.14525719E+00   1.14525838E+00   1.14525974E+00   1.14526129E+00   1.14526306E+00   1.14526506E+00   1.14526732E+00   1.14526987E+00   1.14527273E+00   1.14527594E+00   1.14527951E+00   1.14528348E+00   1.14528788E+00   1.14529274E+00   1.14529808E+00   1.14530392E+00   1.14531029E+00   1.14531720E+00   1.14532466E+00   1.14533266E+00   1.14534120E+00   1.14535025E+00   1.14535976E+00   1.14536967E+00   1.14537989E+00   1.14539028E+00   1.14540072E+00   1.14541094E+00   1.14542075E+00   1.14542978E+00   1.14543770E+00   1.14544394E+00   1.14544807E+00   1.14544926E+00   1.14544690E+00   1.14543980E+00   1.14542713E+00   1.14540727E+00   1.14537907E+00   1.14534042E+00   1.14528971E+00   1.14522419E+00   1.14514180E+00   1.14503888E+00   1.14491279E+00   1.14475873E+00   1.14457348E+00   1.14435137E+00   1.14408791E+00   1.14377550E+00   1.14340929E+00   1.14297996E+00   1.14248132E+00   1.14190246E+00   1.14123563E+00   1.14046741E+00   1.13958927E+00   1.13858579E+00   1.13744623E+00   1.13615221E+00   1.13469227E+00   1.13304628E+00   1.13119992E+00   1.12912824E+00   1.12681743E+00   1.12424314E+00   1.12138612E+00   1.11824532E+00   1.11478373E+00   1.11124468E+00   1.10738166E+00   1.10351260E+00   1.09933855E+00   1.09520862E+00   1.09078980E+00   1.08645215E+00   1.08184624E+00   1.07735255E+00   1.07262057E+00   1.06804430E+00   1.06324334E+00   1.05861856E+00   1.05380463E+00   1.04920773E+00   1.04442497E+00   1.03963525E+00   1.03469973E+00   1.02961998E+00   1.02437483E+00   1.01906782E+00   1.01396569E+00   1.00796502E+00   1.00000000E+00
   1.13937808E+00   1.13937810E+00   1.13937813E+00   1.13937817E+00   1.13937824E+00   1.13937834E+00   1.13937845E+00   1.13937860E+00   1.13937878E+00   1.13937900E+00   1.13937926E+00   1.13937957E+00   1.13937993E+00   1.13938036E+00   1.13938087E+00   1.13938147E+00   1.13938216E+00   1.13938296E+00   1.13938389E+00   1.13938496E+00   1.13938618E+00   1.13938759E+00   1.13938919E+00   1.13939102E+00   1.13939308E+00   1.13939542E+00   1.13939805E+00   1.13940100E+00   1.13940430E+00   1.13940798E+00   1.13941206E+00   1.13941659E+00   1.13942158E+00   1.13942706E+00   1.13943305E+00   1.13943957E+00   1.13944664E+00   1.13945425E+00   1.13946240E+00   1.13947108E+00   1.13948026E+00   1.13948987E+00   1.13949985E+00   1.13951009E+00   1.13952045E+00   1.13953075E+00   1.13954077E+00   1.13955021E+00   1.13955877E+00   1.13956595E+00   1.13957134E+00   1.13957418E+00   1.13957394E+00   1.13956952E+00   1.13956015E+00   1.13954435E+00   1.13952104E+00   1.13948826E+00   1.13944452E+00   1.13938726E+00   1.13931453E+00   1.13922292E+00   1.13910994E+00   1.13897106E+00   1.13880324E+00   1.13860109E+00   1.13836039E+00   1.13807391E+00   1.13773706E+00   1.13734090E+00   1.13687949E+00   1.13634235E+00   1.13572215E+00   1.13500595E+00   1.13418543E+00   1.13324567E+00   1.13217647E+00   1.13095996E+00   1.12958490E+00   1.12803159E+00   1.12628654E+00   1.12432552E+00   1.12213438E+00   1.11968920E+00   1.11697247E+00   1.11398218E+00   1.11068057E+00   1.10729985E+00   1.10360752E+00   1.09990620E+00   1.09590746E+00   1.09194589E+00   1.08770384E+00   1.08353511E+00   1.07910763E+00   1.07478643E+00   1.07023046E+00   1.06581985E+00   1.06119365E+00   1.05673551E+00   1.05208939E+00   1.04764775E+00   1.04303258E+00   1.03841350E+00   1.03364427E+00   1.02872942E+00   1.02365819E+00   1.01852597E+00   1.01359816E+00   1.00777726E+00   1.00000000E+00
   1.13626127E+00   1.13626127E+00   1.13626130E+00   1.13626135E+00   1.13626141E+00   1.13626150E+00   1.13626161E+00   1.13626174E+00   1.13626191E+00   1.13626211E+00   1.13626235E+00   1.13626263E+00   1.13626298E+00   1.13626338E+00   1.13626385E+00   1.13626441E+00   1.13626506E+00   1.13626581E+00   1.13626668E+00   1.13626769E+00   1.13626885E+00   1.13627018E+00   1.13627170E+00   1.13627343E+00   1.13627539E+00   1.13627761E+00   1.13628011E+00   1.13628292E+00   1.13628607E+00   1.13628959E+00   1.13629350E+00   1.13629784E+00   1.13630262E+00   1.13630789E+00   1.13631365E+00   1.13631994E+00   1.13632676E+00   1.13633412E+00   1.13634203E+00   1.13635045E+00   1.13635938E+00   1.13636876E+00   1.13637852E+00   1.13638857E+00   1.13639878E+00   1.13640897E+00   1.13641896E+00   1.13642845E+00   1.13643716E+00   1.13644460E+00   1.13645041E+00   1.13645387E+00   1.13645445E+00   1.13645111E+00   1.13644313E+00   1.13642907E+00   1.13640791E+00   1.13637776E+00   1.13633720E+00   1.13628375E+00   1.13621555E+00   1.13612927E+00   1.13602255E+00   1.13589099E+00   1.13573164E+00   1.13553926E+00   1.13530978E+00   1.13503618E+00   1.13471398E+00   1.13433449E+00   1.13389188E+00   1.13337594E+00   1.13277953E+00   1.13208999E+00   1.13129915E+00   1.13039236E+00   1.12935969E+00   1.12818357E+00   1.12685292E+00   1.12534827E+00   1.12365654E+00   1.12175389E+00   1.11962609E+00   1.11724947E+00   1.11460724E+00   1.11169693E+00   1.10848077E+00   1.10518489E+00   1.10158370E+00   1.09797188E+00   1.09406707E+00   1.09019597E+00   1.08604892E+00   1.08197120E+00   1.07763923E+00   1.07341008E+00   1.06894859E+00   1.06462714E+00   1.06009418E+00   1.05572481E+00   1.05116875E+00   1.04681080E+00   1.04228440E+00   1.03775502E+00   1.03307452E+00   1.02824830E+00   1.02326979E+00   1.01823094E+00   1.01339657E+00   1.00767304E+00   1.00000000E+00
   1.13423344E+00   1.13423345E+00   1.13423348E+00   1.13423352E+00   1.13423358E+00   1.13423366E+00   1.13423376E+00   1.13423389E+00   1.13423405E+00   1.13423424E+00   1.13423447E+00   1.13423474E+00   1.13423506E+00   1.13423545E+00   1.13423590E+00   1.13423644E+00   1.13423706E+00   1.13423778E+00   1.13423862E+00   1.13423959E+00   1.13424070E+00   1.13424198E+00   1.13424344E+00   1.13424511E+00   1.13424700E+00   1.13424914E+00   1.13425156E+00   1.13425428E+00   1.13425732E+00   1.13426073E+00   1.13426452E+00   1.13426873E+00   1.13427338E+00   1.13427849E+00   1.13428410E+00   1.13429022E+00   1.13429687E+00   1.13430405E+00   1.13431176E+00   1.13432000E+00   1.13432874E+00   1.13433792E+00   1.13434751E+00   1.13435738E+00   1.13436745E+00   1.13437752E+00   1.13438742E+00   1.13439686E+00   1.13440558E+00   1.13441311E+00   1.13441909E+00   1.13442283E+00   1.13442382E+00   1.13442105E+00   1.13441382E+00   1.13440073E+00   1.13438078E+00   1.13435215E+00   1.13431345E+00   1.13426225E+00   1.13419675E+00   1.13411369E+00   1.13401077E+00   1.13388369E+00   1.13372955E+00   1.13354323E+00   1.13332074E+00   1.13305519E+00   1.13274220E+00   1.13237323E+00   1.13194254E+00   1.13144007E+00   1.13085883E+00   1.13018636E+00   1.12941456E+00   1.12852900E+00   1.12751989E+00   1.12636991E+00   1.12506804E+00   1.12359503E+00   1.12193799E+00   1.12007338E+00   1.11798694E+00   1.11565518E+00   1.11306166E+00   1.11020369E+00   1.10704362E+00   1.10380350E+00   1.10026206E+00   1.09670889E+00   1.09286578E+00   1.08905416E+00   1.08496954E+00   1.08095169E+00   1.07668233E+00   1.07251341E+00   1.06811390E+00   1.06385094E+00   1.05937886E+00   1.05506736E+00   1.05057018E+00   1.04626699E+00   1.04179813E+00   1.03732661E+00   1.03270372E+00   1.02793519E+00   1.02301671E+00   1.01803828E+00   1.01326438E+00   1.00760421E+00   1.00000000E+00
   1.13344863E+00   1.13344864E+00   1.13344867E+00   1.13344871E+00   1.13344877E+00   1.13344885E+00   1.13344895E+00   1.13344907E+00   1.13344922E+00   1.13344941E+00   1.13344964E+00   1.13344990E+00   1.13345022E+00   1.13345060E+00   1.13345105E+00   1.13345157E+00   1.13345218E+00   1.13345289E+00   1.13345371E+00   1.13345467E+00   1.13345576E+00   1.13345702E+00   1.13345846E+00   1.13346010E+00   1.13346197E+00   1.13346408E+00   1.13346646E+00   1.13346915E+00   1.13347216E+00   1.13347552E+00   1.13347926E+00   1.13348342E+00   1.13348801E+00   1.13349306E+00   1.13349860E+00   1.13350466E+00   1.13351123E+00   1.13351834E+00   1.13352597E+00   1.13353413E+00   1.13354279E+00   1.13355189E+00   1.13356139E+00   1.13357119E+00   1.13358119E+00   1.13359119E+00   1.13360104E+00   1.13361045E+00   1.13361915E+00   1.13362670E+00   1.13363272E+00   1.13363654E+00   1.13363766E+00   1.13363508E+00   1.13362810E+00   1.13361534E+00   1.13359583E+00   1.13356774E+00   1.13352971E+00   1.13347934E+00   1.13341483E+00   1.13333297E+00   1.13323146E+00   1.13310606E+00   1.13295387E+00   1.13276984E+00   1.13255000E+00   1.13228751E+00   1.13197802E+00   1.13161307E+00   1.13118694E+00   1.13068964E+00   1.13011424E+00   1.12944834E+00   1.12868389E+00   1.12780654E+00   1.12680655E+00   1.12566669E+00   1.12437600E+00   1.12291528E+00   1.12127174E+00   1.11942193E+00   1.11735162E+00   1.11503734E+00   1.11246281E+00   1.10962525E+00   1.10648708E+00   1.10326873E+00   1.09975060E+00   1.09622030E+00   1.09240126E+00   1.08861286E+00   1.08455259E+00   1.08055810E+00   1.07631311E+00   1.07216761E+00   1.06779220E+00   1.06355199E+00   1.05910352E+00   1.05481442E+00   1.05034006E+00   1.04605808E+00   1.04161136E+00   1.03716206E+00   1.03256134E+00   1.02781500E+00   1.02291953E+00   1.01796424E+00   1.01321344E+00   1.00757757E+00   1.00000000E+00
   1.23099602E+00   1.23099606E+00   1.23099616E+00   1.23099631E+00   1.23099651E+00   1.23099675E+00   1.23099703E+00   1.23099737E+00   1.23099777E+00   1.23099823E+00   1.23099878E+00   1.23099944E+00   1.23100021E+00   1.23100112E+00   1.23100218E+00   1.23100343E+00   1.23100488E+00   1.23100660E+00   1.23100859E+00   1.23101089E+00   1.23101353E+00   1.23101657E+00   1.23102006E+00   1.23102407E+00   1.23102864E+00   1.23103381E+00   1.23103965E+00   1.23104629E+00   1.23105372E+00   1.23106202E+00   1.23107129E+00   1.23108170E+00   1.23109328E+00   1.23110609E+00   1.23112022E+00   1.23113589E+00   1.23115312E+00   1.23117189E+00   1.23119233E+00   1.23121463E+00   1.23123877E+00   1.23126473E+00   1.23129259E+00   1.23132248E+00   1.23135430E+00   1.23138788E+00   1.23142311E+00   1.23145987E+00   1.23149785E+00   1.23153635E+00   1.23157508E+00   1.23161354E+00   1.23165144E+00   1.23168771E+00   1.23172121E+00   1.23174990E+00   1.23177287E+00   1.23178783E+00   1.23179263E+00   1.23178435E+00   1.23176196E+00   1.23172179E+00   1.23165767E+00   1.23156015E+00   1.23143012E+00   1.23126702E+00   1.23106174E+00   1.23079975E+00   1.23047507E+00   1.23007478E+00   1.22959440E+00   1.22902051E+00   1.22833583E+00   1.22751636E+00   1.22655984E+00   1.22544868E+00   1.22415459E+00   1.22264062E+00   1.22091310E+00   1.21896112E+00   1.21672873E+00   1.21414498E+00   1.21124000E+00   1.20800707E+00   1.20433316E+00   1.20015269E+00   1.19552400E+00   1.19081175E+00   1.18554816E+00   1.18010796E+00   1.17418107E+00   1.16829216E+00   1.16194503E+00   1.15565822E+00   1.14883857E+00   1.14198821E+00   1.13471909E+00   1.12766592E+00   1.12012155E+00   1.11266563E+00   1.10482009E+00   1.09727435E+00   1.08920919E+00   1.08080496E+00   1.07195299E+00   1.06264746E+00   1.05281312E+00   1.04261801E+00   1.03174941E+00   1.01785078E+00   1.00000000E+00
   1.17018572E+00   1.17018573E+00   1.17018575E+00   1.17018578E+00   1.17018582E+00   1.17018587E+00   1.17018592E+00   1.17018598E+00   1.17018605E+00   1.17018614E+00   1.17018626E+00   1.17018640E+00   1.17018659E+00   1.17018682E+00   1.17018711E+00   1.17018747E+00   1.17018791E+00   1.17018847E+00   1.17018914E+00   1.17018995E+00   1.17019092E+00   1.17019209E+00   1.17019347E+00   1.17019512E+00   1.17019705E+00   1.17019929E+00   1.17020189E+00   1.17020494E+00   1.17020845E+00   1.17021247E+00   1.17021705E+00   1.17022232E+00   1.17022833E+00   1.17023515E+00   1.17024284E+00   1.17025155E+00   1.17026135E+00   1.17027226E+00   1.17028440E+00   1.17029799E+00   1.17031308E+00   1.17032975E+00   1.17034805E+00   1.17036816E+00   1.17039022E+00   1.17041424E+00   1.17044021E+00   1.17046823E+00   1.17049826E+00   1.17053004E+00   1.17056354E+00   1.17059881E+00   1.17063595E+00   1.17067453E+00   1.17071381E+00   1.17075279E+00   1.17079135E+00   1.17082837E+00   1.17086251E+00   1.17089246E+00   1.17091804E+00   1.17093719E+00   1.17094540E+00   1.17093657E+00   1.17091266E+00   1.17087462E+00   1.17081527E+00   1.17072426E+00   1.17059779E+00   1.17042718E+00   1.17020982E+00   1.16993589E+00   1.16959204E+00   1.16916126E+00   1.16864194E+00   1.16802016E+00   1.16727353E+00   1.16637458E+00   1.16532732E+00   1.16411910E+00   1.16270587E+00   1.16103737E+00   1.15913437E+00   1.15698129E+00   1.15449043E+00   1.15161524E+00   1.14839567E+00   1.14507547E+00   1.14132126E+00   1.13740598E+00   1.13310721E+00   1.12880192E+00   1.12412598E+00   1.11946071E+00   1.11437221E+00   1.10924496E+00   1.10378505E+00   1.09846599E+00   1.09275361E+00   1.08708866E+00   1.08111430E+00   1.07534769E+00   1.06914633E+00   1.06267386E+00   1.05587137E+00   1.04872459E+00   1.04113786E+00   1.03323927E+00   1.02487243E+00   1.01410325E+00   1.00000000E+00
   1.13656093E+00   1.13656092E+00   1.13656092E+00   1.13656092E+00   1.13656093E+00   1.13656093E+00   1.13656093E+00   1.13656093E+00   1.13656093E+00   1.13656094E+00   1.13656095E+00   1.13656097E+00   1.13656101E+00   1.13656107E+00   1.13656116E+00   1.13656128E+00   1.13656143E+00   1.13656165E+00   1.13656193E+00   1.13656228E+00   1.13656272E+00   1.13656328E+00   1.13656396E+00   1.13656481E+00   1.13656582E+00   1.13656703E+00   1.13656846E+00   1.13657018E+00   1.13657221E+00   1.13657458E+00   1.13657733E+00   1.13658054E+00   1.13658427E+00   1.13658858E+00   1.13659351E+00   1.13659919E+00   1.13660567E+00   1.13661298E+00   1.13662123E+00   1.13663062E+00   1.13664123E+00   1.13665314E+00   1.13666637E+00   1.13668112E+00   1.13669757E+00   1.13671581E+00   1.13673583E+00   1.13675779E+00   1.13678174E+00   1.13680760E+00   1.13683539E+00   1.13686540E+00   1.13689783E+00   1.13693252E+00   1.13696888E+00   1.13700635E+00   1.13704515E+00   1.13708463E+00   1.13712385E+00   1.13716225E+00   1.13719996E+00   1.13723568E+00   1.13726582E+00   1.13728602E+00   1.13729860E+00   1.13730504E+00   1.13729941E+00   1.13727383E+00   1.13722559E+00   1.13714829E+00   1.13704027E+00   1.13689384E+00   1.13669818E+00   1.13644040E+00   1.13611912E+00   1.13572283E+00   1.13523304E+00   1.13462815E+00   1.13391046E+00   1.13306696E+00   1.13206190E+00   1.13085763E+00   1.12946823E+00   1.12787404E+00   1.12600450E+00   1.12382429E+00   1.12136024E+00   1.11879264E+00   1.11586517E+00   1.11279407E+00   1.10940165E+00   1.10598314E+00   1.10224968E+00   1.09850591E+00   1.09440932E+00   1.09027518E+00   1.08586033E+00   1.08154593E+00   1.07690028E+00   1.07228021E+00   1.06739642E+00   1.06266968E+00   1.05756834E+00   1.05223681E+00   1.04663399E+00   1.04074022E+00   1.03445979E+00   1.02790445E+00   1.02099362E+00   1.01200578E+00   1.00000000E+00
   1.11422805E+00   1.11422804E+00   1.11422803E+00   1.11422802E+00   1.11422801E+00   1.11422800E+00   1.11422799E+00   1.11422797E+00   1.11422796E+00   1.11422794E+00   1.11422793E+00   1.11422792E+00   1.11422791E+00   1.11422792E+00   1.11422794E+00   1.11422796E+00   1.11422801E+00   1.11422809E+00   1.11422821E+00   1.11422838E+00   1.11422860E+00   1.11422889E+00   1.11422926E+00   1.11422974E+00   1.11423033E+00   1.11423104E+00   1.11423191E+00   1.11423298E+00   1.11423427E+00   1.11423582E+00   1.11423762E+00   1.11423976E+00   1.11424229E+00   1.11424526E+00   1.11424870E+00   1.11425271E+00   1.11425734E+00   1.11426261E+00   1.11426862E+00   1.11427555E+00   1.11428349E+00   1.11429252E+00   1.11430264E+00   1.11431402E+00   1.11432686E+00   1.11434130E+00   1.11435730E+00   1.11437505E+00   1.11439463E+00   1.11441602E+00   1.11443929E+00   1.11446481E+00   1.11449286E+00   1.11452340E+00   1.11455588E+00   1.11459000E+00   1.11462614E+00   1.11466390E+00   1.11470256E+00   1.11474199E+00   1.11478248E+00   1.11482314E+00   1.11486091E+00   1.11489257E+00   1.11492058E+00   1.11494673E+00   1.11496585E+00   1.11497173E+00   1.11496224E+00   1.11493243E+00   1.11488129E+00   1.11480254E+00   1.11468702E+00   1.11452474E+00   1.11431441E+00   1.11404629E+00   1.11370445E+00   1.11327142E+00   1.11274850E+00   1.11212288E+00   1.11136431E+00   1.11044380E+00   1.10937116E+00   1.10812439E+00   1.10664437E+00   1.10490416E+00   1.10292230E+00   1.10083894E+00   1.09844757E+00   1.09592844E+00   1.09313280E+00   1.09030239E+00   1.08719836E+00   1.08407452E+00   1.08064910E+00   1.07719012E+00   1.07348876E+00   1.06986287E+00   1.06595087E+00   1.06205131E+00   1.05792087E+00   1.05391445E+00   1.04957884E+00   1.04504121E+00   1.04026960E+00   1.03524064E+00   1.02986241E+00   1.02423693E+00   1.01833124E+00   1.01056612E+00   1.00000000E+00
   1.10548948E+00   1.10548947E+00   1.10548945E+00   1.10548944E+00   1.10548943E+00   1.10548941E+00   1.10548940E+00   1.10548939E+00   1.10548937E+00   1.10548935E+00   1.10548934E+00   1.10548932E+00   1.10548931E+00   1.10548930E+00   1.10548931E+00   1.10548931E+00   1.10548934E+00   1.10548938E+00   1.10548945E+00   1.10548957E+00   1.10548972E+00   1.10548994E+00   1.10549021E+00   1.10549058E+00   1.10549104E+00   1.10549160E+00   1.10549229E+00   1.10549315E+00   1.10549421E+00   1.10549548E+00   1.10549697E+00   1.10549875E+00   1.10550088E+00   1.10550339E+00   1.10550631E+00   1.10550974E+00   1.10551371E+00   1.10551826E+00   1.10552346E+00   1.10552950E+00   1.10553647E+00   1.10554444E+00   1.10555339E+00   1.10556349E+00   1.10557496E+00   1.10558792E+00   1.10560234E+00   1.10561841E+00   1.10563620E+00   1.10565574E+00   1.10567708E+00   1.10570064E+00   1.10572671E+00   1.10575529E+00   1.10578584E+00   1.10581813E+00   1.10585261E+00   1.10588895E+00   1.10592649E+00   1.10596530E+00   1.10600566E+00   1.10604688E+00   1.10608603E+00   1.10612033E+00   1.10615234E+00   1.10618391E+00   1.10621016E+00   1.10622552E+00   1.10622804E+00   1.10621331E+00   1.10618063E+00   1.10612420E+00   1.10603550E+00   1.10590573E+00   1.10573365E+00   1.10551021E+00   1.10522038E+00   1.10484843E+00   1.10439534E+00   1.10384842E+00   1.10317944E+00   1.10236295E+00   1.10140725E+00   1.10028934E+00   1.09895440E+00   1.09737928E+00   1.09557961E+00   1.09368023E+00   1.09149354E+00   1.08918659E+00   1.08662190E+00   1.08402045E+00   1.08116283E+00   1.07828312E+00   1.07512317E+00   1.07193225E+00   1.06851533E+00   1.06516478E+00   1.06154682E+00   1.05793667E+00   1.05410939E+00   1.05039321E+00   1.04636673E+00   1.04214939E+00   1.03771243E+00   1.03303089E+00   1.02801508E+00   1.02276333E+00   1.01726101E+00   1.00998644E+00   1.00000000E+00
   1.22780242E+00   1.22780246E+00   1.22780256E+00   1.22780272E+00   1.22780292E+00   1.22780316E+00   1.22780345E+00   1.22780379E+00   1.22780419E+00   1.22780467E+00   1.22780523E+00   1.22780590E+00   1.22780669E+00   1.22780762E+00   1.22780871E+00   1.22780998E+00   1.22781147E+00   1.22781322E+00   1.22781524E+00   1.22781758E+00   1.22782027E+00   1.22782337E+00   1.22782691E+00   1.22783097E+00   1.22783559E+00   1.22784082E+00   1.22784672E+00   1.22785340E+00   1.22786089E+00   1.22786926E+00   1.22787860E+00   1.22788906E+00   1.22790069E+00   1.22791355E+00   1.22792773E+00   1.22794340E+00   1.22796059E+00   1.22797934E+00   1.22799974E+00   1.22802193E+00   1.22804592E+00   1.22807171E+00   1.22809935E+00   1.22812888E+00   1.22816023E+00   1.22819323E+00   1.22822773E+00   1.22826352E+00   1.22830031E+00   1.22833750E+00   1.22837476E+00   1.22841145E+00   1.22844716E+00   1.22848064E+00   1.22851081E+00   1.22853562E+00   1.22855409E+00   1.22856389E+00   1.22856295E+00   1.22854814E+00   1.22851772E+00   1.22846727E+00   1.22839195E+00   1.22828393E+00   1.22814229E+00   1.22796377E+00   1.22773971E+00   1.22745672E+00   1.22710916E+00   1.22668389E+00   1.22617481E+00   1.22556739E+00   1.22484646E+00   1.22398986E+00   1.22299184E+00   1.22183244E+00   1.22048846E+00   1.21892756E+00   1.21714692E+00   1.21512690E+00   1.21282423E+00   1.21018088E+00   1.20720782E+00   1.20388135E+00   1.20011671E+00   1.19587598E+00   1.19118280E+00   1.18638272E+00   1.18103844E+00   1.17555303E+00   1.16958754E+00   1.16365978E+00   1.15726773E+00   1.15093514E+00   1.14409279E+00   1.13726468E+00   1.13003129E+00   1.12300671E+00   1.11550289E+00   1.10811862E+00   1.10037044E+00   1.09292610E+00   1.08498669E+00   1.07675739E+00   1.06812709E+00   1.05908788E+00   1.04955966E+00   1.03972431E+00   1.02935661E+00   1.01638574E+00   1.00000000E+00
   1.17232024E+00   1.17232025E+00   1.17232027E+00   1.17232031E+00   1.17232036E+00   1.17232041E+00   1.17232047E+00   1.17232055E+00   1.17232064E+00   1.17232076E+00   1.17232090E+00   1.17232108E+00   1.17232130E+00   1.17232158E+00   1.17232193E+00   1.17232235E+00   1.17232287E+00   1.17232351E+00   1.17232428E+00   1.17232521E+00   1.17232631E+00   1.17232762E+00   1.17232917E+00   1.17233100E+00   1.17233313E+00   1.17233561E+00   1.17233848E+00   1.17234181E+00   1.17234563E+00   1.17235000E+00   1.17235498E+00   1.17236068E+00   1.17236715E+00   1.17237448E+00   1.17238271E+00   1.17239200E+00   1.17240241E+00   1.17241400E+00   1.17242687E+00   1.17244121E+00   1.17245707E+00   1.17247454E+00   1.17249367E+00   1.17251463E+00   1.17253748E+00   1.17256227E+00   1.17258896E+00   1.17261758E+00   1.17264809E+00   1.17268031E+00   1.17271415E+00   1.17274954E+00   1.17278637E+00   1.17282408E+00   1.17286202E+00   1.17289916E+00   1.17293520E+00   1.17296894E+00   1.17299905E+00   1.17302395E+00   1.17304276E+00   1.17305280E+00   1.17305066E+00   1.17303131E+00   1.17299481E+00   1.17293956E+00   1.17285894E+00   1.17274345E+00   1.17258930E+00   1.17238713E+00   1.17213266E+00   1.17181495E+00   1.17142223E+00   1.17093812E+00   1.17035792E+00   1.16966554E+00   1.16884246E+00   1.16786368E+00   1.16672565E+00   1.16540956E+00   1.16388132E+00   1.16209795E+00   1.16006427E+00   1.15775405E+00   1.15510266E+00   1.15208114E+00   1.14869912E+00   1.14519723E+00   1.14126175E+00   1.13719405E+00   1.13273654E+00   1.12827181E+00   1.12342265E+00   1.11858696E+00   1.11334113E+00   1.10809389E+00   1.10250928E+00   1.09705853E+00   1.09121835E+00   1.08545635E+00   1.07939102E+00   1.07354227E+00   1.06728534E+00   1.06080072E+00   1.05400640E+00   1.04688902E+00   1.03936004E+00   1.03156536E+00   1.02339735E+00   1.01314451E+00   1.00000000E+00
   1.14218118E+00   1.14218118E+00   1.14218118E+00   1.14218119E+00   1.14218120E+00   1.14218120E+00   1.14218121E+00   1.14218122E+00   1.14218124E+00   1.14218126E+00   1.14218129E+00   1.14218134E+00   1.14218141E+00   1.14218151E+00   1.14218164E+00   1.14218181E+00   1.14218204E+00   1.14218233E+00   1.14218270E+00   1.14218317E+00   1.14218374E+00   1.14218444E+00   1.14218529E+00   1.14218633E+00   1.14218756E+00   1.14218902E+00   1.14219074E+00   1.14219279E+00   1.14219517E+00   1.14219795E+00   1.14220116E+00   1.14220488E+00   1.14220918E+00   1.14221412E+00   1.14221974E+00   1.14222617E+00   1.14223346E+00   1.14224169E+00   1.14225095E+00   1.14226142E+00   1.14227315E+00   1.14228626E+00   1.14230079E+00   1.14231691E+00   1.14233476E+00   1.14235443E+00   1.14237590E+00   1.14239931E+00   1.14242468E+00   1.14245200E+00   1.14248127E+00   1.14251259E+00   1.14254602E+00   1.14258124E+00   1.14261781E+00   1.14265512E+00   1.14269317E+00   1.14273121E+00   1.14276833E+00   1.14280365E+00   1.14283664E+00   1.14286547E+00   1.14288747E+00   1.14289906E+00   1.14290068E+00   1.14289150E+00   1.14286611E+00   1.14281723E+00   1.14274201E+00   1.14263315E+00   1.14248733E+00   1.14229570E+00   1.14204865E+00   1.14173318E+00   1.14134509E+00   1.14087083E+00   1.14029482E+00   1.13959661E+00   1.13877218E+00   1.13780391E+00   1.13666376E+00   1.13531757E+00   1.13376622E+00   1.13198316E+00   1.12991656E+00   1.12754275E+00   1.12486262E+00   1.12206218E+00   1.11889608E+00   1.11560875E+00   1.11198555E+00   1.10833494E+00   1.10435010E+00   1.10035830E+00   1.09601657E+00   1.09166580E+00   1.08701750E+00   1.08246300E+00   1.07757288E+00   1.07273731E+00   1.06763217E+00   1.06269605E+00   1.05740745E+00   1.05192452E+00   1.04617436E+00   1.04013967E+00   1.03373565E+00   1.02709337E+00   1.02015863E+00   1.01139335E+00   1.00000000E+00
   1.12232423E+00   1.12232422E+00   1.12232421E+00   1.12232420E+00   1.12232419E+00   1.12232419E+00   1.12232418E+00   1.12232417E+00   1.12232416E+00   1.12232415E+00   1.12232414E+00   1.12232415E+00   1.12232416E+00   1.12232419E+00   1.12232424E+00   1.12232431E+00   1.12232441E+00   1.12232456E+00   1.12232475E+00   1.12232501E+00   1.12232534E+00   1.12232576E+00   1.12232628E+00   1.12232693E+00   1.12232772E+00   1.12232867E+00   1.12232982E+00   1.12233120E+00   1.12233284E+00   1.12233478E+00   1.12233704E+00   1.12233970E+00   1.12234281E+00   1.12234642E+00   1.12235058E+00   1.12235538E+00   1.12236088E+00   1.12236715E+00   1.12237426E+00   1.12238239E+00   1.12239161E+00   1.12240201E+00   1.12241363E+00   1.12242663E+00   1.12244119E+00   1.12245740E+00   1.12247526E+00   1.12249493E+00   1.12251648E+00   1.12253997E+00   1.12256543E+00   1.12259307E+00   1.12262301E+00   1.12265507E+00   1.12268890E+00   1.12272414E+00   1.12276093E+00   1.12279877E+00   1.12283699E+00   1.12287512E+00   1.12291284E+00   1.12294880E+00   1.12298077E+00   1.12300608E+00   1.12302541E+00   1.12303838E+00   1.12304034E+00   1.12302548E+00   1.12299151E+00   1.12293244E+00   1.12284562E+00   1.12272359E+00   1.12255817E+00   1.12233871E+00   1.12206138E+00   1.12171439E+00   1.12128414E+00   1.12075342E+00   1.12011806E+00   1.11936158E+00   1.11845992E+00   1.11738502E+00   1.11613551E+00   1.11468499E+00   1.11299005E+00   1.11103138E+00   1.10880488E+00   1.10646156E+00   1.10380003E+00   1.10102750E+00   1.09795798E+00   1.09485092E+00   1.09144645E+00   1.08802422E+00   1.08429414E+00   1.08055055E+00   1.07653827E+00   1.07259430E+00   1.06835205E+00   1.06414846E+00   1.05969906E+00   1.05538716E+00   1.05076174E+00   1.04596269E+00   1.04092196E+00   1.03561930E+00   1.02997470E+00   1.02411061E+00   1.01800495E+00   1.01022981E+00   1.00000000E+00
   1.11457352E+00   1.11457351E+00   1.11457349E+00   1.11457348E+00   1.11457347E+00   1.11457346E+00   1.11457345E+00   1.11457343E+00   1.11457342E+00   1.11457341E+00   1.11457339E+00   1.11457339E+00   1.11457339E+00   1.11457340E+00   1.11457342E+00   1.11457347E+00   1.11457354E+00   1.11457364E+00   1.11457378E+00   1.11457397E+00   1.11457423E+00   1.11457456E+00   1.11457498E+00   1.11457550E+00   1.11457615E+00   1.11457694E+00   1.11457789E+00   1.11457905E+00   1.11458044E+00   1.11458210E+00   1.11458403E+00   1.11458632E+00   1.11458902E+00   1.11459217E+00   1.11459580E+00   1.11460002E+00   1.11460487E+00   1.11461042E+00   1.11461675E+00   1.11462401E+00   1.11463229E+00   1.11464166E+00   1.11465217E+00   1.11466397E+00   1.11467724E+00   1.11469208E+00   1.11470849E+00   1.11472664E+00   1.11474660E+00   1.11476846E+00   1.11479225E+00   1.11481824E+00   1.11484654E+00   1.11487703E+00   1.11490938E+00   1.11494331E+00   1.11497903E+00   1.11501611E+00   1.11505395E+00   1.11509226E+00   1.11513077E+00   1.11516831E+00   1.11520279E+00   1.11523191E+00   1.11525643E+00   1.11527614E+00   1.11528668E+00   1.11528279E+00   1.11526236E+00   1.11521993E+00   1.11515312E+00   1.11505501E+00   1.11491793E+00   1.11473223E+00   1.11449420E+00   1.11419275E+00   1.11381503E+00   1.11334518E+00   1.11277903E+00   1.11210059E+00   1.11128727E+00   1.11031357E+00   1.10917736E+00   1.10785231E+00   1.10629820E+00   1.10449789E+00   1.10244562E+00   1.10027894E+00   1.09781314E+00   1.09524131E+00   1.09238874E+00   1.08949566E+00   1.08632057E+00   1.08312429E+00   1.07963723E+00   1.07613515E+00   1.07237649E+00   1.06867642E+00   1.06469307E+00   1.06074208E+00   1.05655504E+00   1.05249296E+00   1.04813278E+00   1.04360660E+00   1.03884820E+00   1.03383602E+00   1.02849225E+00   1.02293615E+00   1.01715765E+00   1.00977178E+00   1.00000000E+00
   1.22232335E+00   1.22232338E+00   1.22232348E+00   1.22232363E+00   1.22232383E+00   1.22232406E+00   1.22232434E+00   1.22232468E+00   1.22232508E+00   1.22232556E+00   1.22232612E+00   1.22232678E+00   1.22232757E+00   1.22232849E+00   1.22232958E+00   1.22233085E+00   1.22233234E+00   1.22233408E+00   1.22233609E+00   1.22233842E+00   1.22234109E+00   1.22234418E+00   1.22234769E+00   1.22235173E+00   1.22235631E+00   1.22236149E+00   1.22236734E+00   1.22237395E+00   1.22238136E+00   1.22238966E+00   1.22239891E+00   1.22240926E+00   1.22242074E+00   1.22243344E+00   1.22244744E+00   1.22246287E+00   1.22247979E+00   1.22249824E+00   1.22251830E+00   1.22254009E+00   1.22256361E+00   1.22258888E+00   1.22261591E+00   1.22264471E+00   1.22267520E+00   1.22270721E+00   1.22274056E+00   1.22277501E+00   1.22281027E+00   1.22284576E+00   1.22288111E+00   1.22291558E+00   1.22294866E+00   1.22297904E+00   1.22300566E+00   1.22302647E+00   1.22304040E+00   1.22304506E+00   1.22303833E+00   1.22301694E+00   1.22297881E+00   1.22291933E+00   1.22283418E+00   1.22271618E+00   1.22256326E+00   1.22237058E+00   1.22213000E+00   1.22182893E+00   1.22146169E+00   1.22101495E+00   1.22048174E+00   1.21984711E+00   1.21909712E+00   1.21821067E+00   1.21718014E+00   1.21598464E+00   1.21460353E+00   1.21300673E+00   1.21118659E+00   1.20911938E+00   1.20676888E+00   1.20408431E+00   1.20106653E+00   1.19768527E+00   1.19387261E+00   1.18960447E+00   1.18488263E+00   1.18004368E+00   1.17467380E+00   1.16919225E+00   1.16324147E+00   1.15733208E+00   1.15096442E+00   1.14466283E+00   1.13787757E+00   1.13114061E+00   1.12401315E+00   1.11709214E+00   1.10971695E+00   1.10249099E+00   1.09492665E+00   1.08766697E+00   1.07994757E+00   1.07199500E+00   1.06369738E+00   1.05504224E+00   1.04594170E+00   1.03658656E+00   1.02684309E+00   1.01489894E+00   1.00000000E+00
   1.17285466E+00   1.17285467E+00   1.17285470E+00   1.17285474E+00   1.17285480E+00   1.17285486E+00   1.17285494E+00   1.17285503E+00   1.17285514E+00   1.17285528E+00   1.17285544E+00   1.17285566E+00   1.17285592E+00   1.17285624E+00   1.17285664E+00   1.17285713E+00   1.17285772E+00   1.17285844E+00   1.17285931E+00   1.17286034E+00   1.17286156E+00   1.17286301E+00   1.17286470E+00   1.17286670E+00   1.17286902E+00   1.17287171E+00   1.17287481E+00   1.17287839E+00   1.17288249E+00   1.17288717E+00   1.17289249E+00   1.17289855E+00   1.17290542E+00   1.17291317E+00   1.17292186E+00   1.17293163E+00   1.17294254E+00   1.17295467E+00   1.17296812E+00   1.17298303E+00   1.17299948E+00   1.17301753E+00   1.17303726E+00   1.17305878E+00   1.17308214E+00   1.17310736E+00   1.17313440E+00   1.17316326E+00   1.17319386E+00   1.17322602E+00   1.17325961E+00   1.17329440E+00   1.17333022E+00   1.17336637E+00   1.17340227E+00   1.17343679E+00   1.17346947E+00   1.17349896E+00   1.17352388E+00   1.17354239E+00   1.17355323E+00   1.17355341E+00   1.17353994E+00   1.17350798E+00   1.17345642E+00   1.17338215E+00   1.17327896E+00   1.17313775E+00   1.17295446E+00   1.17271912E+00   1.17242644E+00   1.17206483E+00   1.17162337E+00   1.17108586E+00   1.17044573E+00   1.16968582E+00   1.16878946E+00   1.16773257E+00   1.16650750E+00   1.16509244E+00   1.16345877E+00   1.16156718E+00   1.15941393E+00   1.15696893E+00   1.15418086E+00   1.15102898E+00   1.14750431E+00   1.14385212E+00   1.13976988E+00   1.13557900E+00   1.13099605E+00   1.12641033E+00   1.12143735E+00   1.11648734E+00   1.11114087E+00   1.10582142E+00   1.10016562E+00   1.09464670E+00   1.08875464E+00   1.08297102E+00   1.07689469E+00   1.07104265E+00   1.06481498E+00   1.05840817E+00   1.05172062E+00   1.04473366E+00   1.03736722E+00   1.02978451E+00   1.02192519E+00   1.01224449E+00   1.00000000E+00
   1.14638120E+00   1.14638120E+00   1.14638121E+00   1.14638122E+00   1.14638123E+00   1.14638125E+00   1.14638127E+00   1.14638129E+00   1.14638132E+00   1.14638137E+00   1.14638142E+00   1.14638150E+00   1.14638161E+00   1.14638175E+00   1.14638194E+00   1.14638217E+00   1.14638247E+00   1.14638286E+00   1.14638333E+00   1.14638391E+00   1.14638461E+00   1.14638547E+00   1.14638650E+00   1.14638774E+00   1.14638920E+00   1.14639092E+00   1.14639294E+00   1.14639530E+00   1.14639805E+00   1.14640124E+00   1.14640490E+00   1.14640913E+00   1.14641399E+00   1.14641953E+00   1.14642582E+00   1.14643297E+00   1.14644105E+00   1.14645014E+00   1.14646033E+00   1.14647177E+00   1.14648453E+00   1.14649872E+00   1.14651439E+00   1.14653169E+00   1.14655073E+00   1.14657158E+00   1.14659423E+00   1.14661877E+00   1.14664522E+00   1.14667353E+00   1.14670367E+00   1.14673560E+00   1.14676928E+00   1.14680431E+00   1.14684027E+00   1.14687647E+00   1.14691270E+00   1.14694805E+00   1.14698155E+00   1.14701201E+00   1.14703853E+00   1.14705894E+00   1.14707090E+00   1.14707081E+00   1.14705796E+00   1.14703013E+00   1.14698221E+00   1.14690702E+00   1.14680137E+00   1.14665714E+00   1.14646993E+00   1.14623011E+00   1.14592864E+00   1.14555212E+00   1.14509461E+00   1.14454130E+00   1.14387800E+00   1.14308430E+00   1.14215263E+00   1.14106292E+00   1.13979123E+00   1.13830481E+00   1.13659741E+00   1.13463990E+00   1.13239079E+00   1.12983148E+00   1.12694719E+00   1.12393534E+00   1.12055314E+00   1.11706738E+00   1.11323503E+00   1.10937946E+00   1.10518003E+00   1.10098305E+00   1.09643944E+00   1.09191030E+00   1.08707637E+00   1.08234237E+00   1.07728080E+00   1.07230348E+00   1.06705870E+00   1.06199460E+00   1.05660339E+00   1.05105825E+00   1.04526018E+00   1.03918707E+00   1.03276842E+00   1.02615606E+00   1.01932116E+00   1.01084483E+00   1.00000000E+00
   1.12907503E+00   1.12907503E+00   1.12907502E+00   1.12907502E+00   1.12907502E+00   1.12907501E+00   1.12907501E+00   1.12907501E+00   1.12907501E+00   1.12907502E+00   1.12907503E+00   1.12907506E+00   1.12907510E+00   1.12907516E+00   1.12907525E+00   1.12907538E+00   1.12907555E+00   1.12907577E+00   1.12907606E+00   1.12907642E+00   1.12907688E+00   1.12907745E+00   1.12907814E+00   1.12907899E+00   1.12908001E+00   1.12908122E+00   1.12908267E+00   1.12908439E+00   1.12908641E+00   1.12908877E+00   1.12909152E+00   1.12909473E+00   1.12909844E+00   1.12910272E+00   1.12910762E+00   1.12911324E+00   1.12911963E+00   1.12912689E+00   1.12913509E+00   1.12914439E+00   1.12915484E+00   1.12916657E+00   1.12917961E+00   1.12919414E+00   1.12921026E+00   1.12922808E+00   1.12924761E+00   1.12926897E+00   1.12929222E+00   1.12931739E+00   1.12934449E+00   1.12937359E+00   1.12940471E+00   1.12943760E+00   1.12947195E+00   1.12950730E+00   1.12954358E+00   1.12958015E+00   1.12961625E+00   1.12965110E+00   1.12968402E+00   1.12971331E+00   1.12973703E+00   1.12975235E+00   1.12975886E+00   1.12975485E+00   1.12973593E+00   1.12969618E+00   1.12963293E+00   1.12953929E+00   1.12941148E+00   1.12924117E+00   1.12902055E+00   1.12873822E+00   1.12838867E+00   1.12795875E+00   1.12743594E+00   1.12680246E+00   1.12605099E+00   1.12516283E+00   1.12411714E+00   1.12288573E+00   1.12146104E+00   1.11981486E+00   1.11791201E+00   1.11573595E+00   1.11326890E+00   1.11067714E+00   1.10775601E+00   1.10473629E+00   1.10140231E+00   1.09803380E+00   1.09435241E+00   1.09066132E+00   1.08665718E+00   1.08265885E+00   1.07837818E+00   1.07417348E+00   1.06967135E+00   1.06523657E+00   1.06055173E+00   1.05601831E+00   1.05118944E+00   1.04622073E+00   1.04101508E+00   1.03554801E+00   1.02975640E+00   1.02378541E+00   1.01762460E+00   1.00993336E+00   1.00000000E+00
   1.12234384E+00   1.12234383E+00   1.12234382E+00   1.12234381E+00   1.12234381E+00   1.12234380E+00   1.12234379E+00   1.12234378E+00   1.12234377E+00   1.12234377E+00   1.12234377E+00   1.12234379E+00   1.12234381E+00   1.12234385E+00   1.12234392E+00   1.12234401E+00   1.12234414E+00   1.12234431E+00   1.12234454E+00   1.12234484E+00   1.12234521E+00   1.12234569E+00   1.12234627E+00   1.12234698E+00   1.12234785E+00   1.12234890E+00   1.12235014E+00   1.12235164E+00   1.12235340E+00   1.12235549E+00   1.12235791E+00   1.12236075E+00   1.12236405E+00   1.12236788E+00   1.12237227E+00   1.12237732E+00   1.12238310E+00   1.12238968E+00   1.12239714E+00   1.12240562E+00   1.12241519E+00   1.12242597E+00   1.12243799E+00   1.12245142E+00   1.12246639E+00   1.12248298E+00   1.12250123E+00   1.12252128E+00   1.12254317E+00   1.12256698E+00   1.12259271E+00   1.12262049E+00   1.12265035E+00   1.12268209E+00   1.12271543E+00   1.12275001E+00   1.12278580E+00   1.12282224E+00   1.12285866E+00   1.12289444E+00   1.12292897E+00   1.12296072E+00   1.12298789E+00   1.12300796E+00   1.12302062E+00   1.12302438E+00   1.12301509E+00   1.12298734E+00   1.12293863E+00   1.12286255E+00   1.12275560E+00   1.12260993E+00   1.12241820E+00   1.12216983E+00   1.12185951E+00   1.12147474E+00   1.12100361E+00   1.12042950E+00   1.11974519E+00   1.11893260E+00   1.11797202E+00   1.11683720E+00   1.11552017E+00   1.11399311E+00   1.11222319E+00   1.11019501E+00   1.10788989E+00   1.10546192E+00   1.10272094E+00   1.09988385E+00   1.09674586E+00   1.09356950E+00   1.09009297E+00   1.08660237E+00   1.08281202E+00   1.07902400E+00   1.07496290E+00   1.07096844E+00   1.06668826E+00   1.06246853E+00   1.05800573E+00   1.05368261E+00   1.04907604E+00   1.04433441E+00   1.03936159E+00   1.03413205E+00   1.02858562E+00   1.02286496E+00   1.01696642E+00   1.00957952E+00   1.00000000E+00
   1.21496484E+00   1.21496487E+00   1.21496497E+00   1.21496511E+00   1.21496530E+00   1.21496552E+00   1.21496580E+00   1.21496612E+00   1.21496651E+00   1.21496697E+00   1.21496752E+00   1.21496817E+00   1.21496894E+00   1.21496985E+00   1.21497091E+00   1.21497216E+00   1.21497362E+00   1.21497532E+00   1.21497729E+00   1.21497957E+00   1.21498219E+00   1.21498521E+00   1.21498866E+00   1.21499260E+00   1.21499707E+00   1.21500214E+00   1.21500785E+00   1.21501431E+00   1.21502154E+00   1.21502964E+00   1.21503867E+00   1.21504876E+00   1.21505994E+00   1.21507232E+00   1.21508594E+00   1.21510094E+00   1.21511737E+00   1.21513528E+00   1.21515474E+00   1.21517584E+00   1.21519858E+00   1.21522298E+00   1.21524903E+00   1.21527670E+00   1.21530592E+00   1.21533650E+00   1.21536825E+00   1.21540089E+00   1.21543411E+00   1.21546734E+00   1.21550016E+00   1.21553177E+00   1.21556159E+00   1.21558825E+00   1.21561071E+00   1.21562689E+00   1.21563566E+00   1.21563454E+00   1.21562136E+00   1.21559278E+00   1.21554649E+00   1.21547778E+00   1.21538262E+00   1.21525410E+00   1.21508943E+00   1.21488279E+00   1.21462649E+00   1.21430855E+00   1.21392315E+00   1.21345695E+00   1.21290252E+00   1.21224480E+00   1.21147070E+00   1.21056002E+00   1.20950397E+00   1.20828139E+00   1.20687327E+00   1.20525117E+00   1.20340466E+00   1.20130815E+00   1.19893021E+00   1.19622530E+00   1.19318835E+00   1.18978667E+00   1.18596390E+00   1.18170443E+00   1.17699600E+00   1.17216959E+00   1.16683181E+00   1.16140909E+00   1.15553313E+00   1.14970418E+00   1.14343155E+00   1.13723463E+00   1.13058327E+00   1.12400765E+00   1.11706111E+00   1.11032183E+00   1.10316135E+00   1.09617511E+00   1.08887744E+00   1.08188374E+00   1.07447316E+00   1.06688555E+00   1.05900618E+00   1.05081709E+00   1.04222901E+00   1.03343919E+00   1.02439608E+00   1.01349613E+00   1.00000000E+00
   1.17185954E+00   1.17185955E+00   1.17185958E+00   1.17185963E+00   1.17185969E+00   1.17185977E+00   1.17185986E+00   1.17185996E+00   1.17186009E+00   1.17186025E+00   1.17186045E+00   1.17186070E+00   1.17186100E+00   1.17186137E+00   1.17186182E+00   1.17186237E+00   1.17186303E+00   1.17186383E+00   1.17186478E+00   1.17186591E+00   1.17186724E+00   1.17186881E+00   1.17187065E+00   1.17187279E+00   1.17187528E+00   1.17187815E+00   1.17188145E+00   1.17188525E+00   1.17188959E+00   1.17189454E+00   1.17190014E+00   1.17190651E+00   1.17191369E+00   1.17192178E+00   1.17193083E+00   1.17194096E+00   1.17195225E+00   1.17196478E+00   1.17197862E+00   1.17199392E+00   1.17201073E+00   1.17202912E+00   1.17204915E+00   1.17207090E+00   1.17209441E+00   1.17211967E+00   1.17214661E+00   1.17217520E+00   1.17220534E+00   1.17223680E+00   1.17226939E+00   1.17230278E+00   1.17233670E+00   1.17237038E+00   1.17240321E+00   1.17243398E+00   1.17246205E+00   1.17248590E+00   1.17250409E+00   1.17251454E+00   1.17251570E+00   1.17250434E+00   1.17247759E+00   1.17243060E+00   1.17236142E+00   1.17226596E+00   1.17213828E+00   1.17196941E+00   1.17175501E+00   1.17148467E+00   1.17115243E+00   1.17074629E+00   1.17025587E+00   1.16966502E+00   1.16896596E+00   1.16814093E+00   1.16717441E+00   1.16604287E+00   1.16473619E+00   1.16323108E+00   1.16150254E+00   1.15951379E+00   1.15725607E+00   1.15469804E+00   1.15179723E+00   1.14853813E+00   1.14490001E+00   1.14113477E+00   1.13694731E+00   1.13267285E+00   1.12800957E+00   1.12335139E+00   1.11831112E+00   1.11330645E+00   1.10792192E+00   1.10258903E+00   1.09692805E+00   1.09141150E+00   1.08554427E+00   1.07981136E+00   1.07380029E+00   1.06802046E+00   1.06190006E+00   1.05564519E+00   1.04913818E+00   1.04235602E+00   1.03523054E+00   1.02793851E+00   1.02046582E+00   1.01139402E+00   1.00000000E+00
   1.14908207E+00   1.14908207E+00   1.14908208E+00   1.14908210E+00   1.14908212E+00   1.14908215E+00   1.14908218E+00   1.14908222E+00   1.14908228E+00   1.14908234E+00   1.14908243E+00   1.14908255E+00   1.14908270E+00   1.14908289E+00   1.14908314E+00   1.14908344E+00   1.14908383E+00   1.14908430E+00   1.14908488E+00   1.14908559E+00   1.14908644E+00   1.14908746E+00   1.14908868E+00   1.14909012E+00   1.14909181E+00   1.14909380E+00   1.14909610E+00   1.14909880E+00   1.14910191E+00   1.14910550E+00   1.14910961E+00   1.14911432E+00   1.14911970E+00   1.14912582E+00   1.14913274E+00   1.14914056E+00   1.14914935E+00   1.14915922E+00   1.14917022E+00   1.14918251E+00   1.14919615E+00   1.14921124E+00   1.14922784E+00   1.14924607E+00   1.14926599E+00   1.14928768E+00   1.14931112E+00   1.14933634E+00   1.14936333E+00   1.14939200E+00   1.14942226E+00   1.14945397E+00   1.14948699E+00   1.14952082E+00   1.14955503E+00   1.14958879E+00   1.14962171E+00   1.14965269E+00   1.14968067E+00   1.14970415E+00   1.14972195E+00   1.14973158E+00   1.14973076E+00   1.14971568E+00   1.14968485E+00   1.14963503E+00   1.14956127E+00   1.14945627E+00   1.14931643E+00   1.14913301E+00   1.14890085E+00   1.14860969E+00   1.14825078E+00   1.14781030E+00   1.14728112E+00   1.14664757E+00   1.14589622E+00   1.14500649E+00   1.14396862E+00   1.14276108E+00   1.14136256E+00   1.13974122E+00   1.13788650E+00   1.13576844E+00   1.13335219E+00   1.13062252E+00   1.12755484E+00   1.12435936E+00   1.12079232E+00   1.11713876E+00   1.11313373E+00   1.10911403E+00   1.10474864E+00   1.10039880E+00   1.09570958E+00   1.09105726E+00   1.08610168E+00   1.08125729E+00   1.07609948E+00   1.07105225E+00   1.06574531E+00   1.06063047E+00   1.05521536E+00   1.04968342E+00   1.04391583E+00   1.03788746E+00   1.03154376E+00   1.02505269E+00   1.01841534E+00   1.01029972E+00   1.00000000E+00
   1.13430084E+00   1.13430084E+00   1.13430084E+00   1.13430084E+00   1.13430085E+00   1.13430085E+00   1.13430086E+00   1.13430087E+00   1.13430089E+00   1.13430092E+00   1.13430096E+00   1.13430102E+00   1.13430110E+00   1.13430121E+00   1.13430136E+00   1.13430155E+00   1.13430180E+00   1.13430211E+00   1.13430251E+00   1.13430300E+00   1.13430360E+00   1.13430434E+00   1.13430522E+00   1.13430629E+00   1.13430756E+00   1.13430906E+00   1.13431082E+00   1.13431290E+00   1.13431532E+00   1.13431814E+00   1.13432139E+00   1.13432516E+00   1.13432948E+00   1.13433444E+00   1.13434008E+00   1.13434651E+00   1.13435379E+00   1.13436201E+00   1.13437124E+00   1.13438163E+00   1.13439324E+00   1.13440618E+00   1.13442051E+00   1.13443636E+00   1.13445382E+00   1.13447298E+00   1.13449385E+00   1.13451651E+00   1.13454098E+00   1.13456725E+00   1.13459528E+00   1.13462503E+00   1.13465644E+00   1.13468914E+00   1.13472284E+00   1.13475690E+00   1.13479109E+00   1.13482455E+00   1.13485644E+00   1.13488564E+00   1.13491116E+00   1.13493099E+00   1.13494321E+00   1.13494466E+00   1.13493415E+00   1.13490902E+00   1.13486492E+00   1.13479563E+00   1.13469805E+00   1.13456453E+00   1.13439048E+00   1.13416681E+00   1.13388583E+00   1.13353537E+00   1.13310876E+00   1.13259180E+00   1.13197246E+00   1.13123229E+00   1.13036191E+00   1.12934111E+00   1.12815097E+00   1.12676307E+00   1.12516600E+00   1.12333084E+00   1.12122746E+00   1.11884129E+00   1.11614598E+00   1.11332436E+00   1.11016517E+00   1.10692048E+00   1.10335048E+00   1.09975418E+00   1.09583743E+00   1.09192373E+00   1.08769700E+00   1.08349675E+00   1.07901058E+00   1.07461386E+00   1.06992735E+00   1.06533480E+00   1.06049506E+00   1.05582122E+00   1.05087206E+00   1.04581511E+00   1.04053190E+00   1.03499591E+00   1.02916154E+00   1.02319146E+00   1.01709542E+00   1.00959500E+00   1.00000000E+00
   1.12857485E+00   1.12857484E+00   1.12857484E+00   1.12857484E+00   1.12857484E+00   1.12857484E+00   1.12857484E+00   1.12857484E+00   1.12857485E+00   1.12857487E+00   1.12857490E+00   1.12857494E+00   1.12857500E+00   1.12857508E+00   1.12857520E+00   1.12857536E+00   1.12857556E+00   1.12857582E+00   1.12857616E+00   1.12857658E+00   1.12857709E+00   1.12857773E+00   1.12857851E+00   1.12857944E+00   1.12858056E+00   1.12858189E+00   1.12858346E+00   1.12858532E+00   1.12858750E+00   1.12859004E+00   1.12859298E+00   1.12859640E+00   1.12860034E+00   1.12860487E+00   1.12861004E+00   1.12861595E+00   1.12862265E+00   1.12863025E+00   1.12863881E+00   1.12864846E+00   1.12865929E+00   1.12867138E+00   1.12868482E+00   1.12869972E+00   1.12871618E+00   1.12873431E+00   1.12875411E+00   1.12877569E+00   1.12879907E+00   1.12882427E+00   1.12885127E+00   1.12888006E+00   1.12891060E+00   1.12894260E+00   1.12897576E+00   1.12900958E+00   1.12904383E+00   1.12907776E+00   1.12911060E+00   1.12914139E+00   1.12916922E+00   1.12919222E+00   1.12920863E+00   1.12921555E+00   1.12921188E+00   1.12919520E+00   1.12916139E+00   1.12910464E+00   1.12902205E+00   1.12890638E+00   1.12875329E+00   1.12855414E+00   1.12830163E+00   1.12798431E+00   1.12759567E+00   1.12712212E+00   1.12655214E+00   1.12586822E+00   1.12506111E+00   1.12411120E+00   1.12300044E+00   1.12170184E+00   1.12020376E+00   1.11847768E+00   1.11649521E+00   1.11424225E+00   1.11169197E+00   1.10901644E+00   1.10601673E+00   1.10293216E+00   1.09953294E+00   1.09610320E+00   1.09236319E+00   1.08862145E+00   1.08457689E+00   1.08055457E+00   1.07625334E+00   1.07203300E+00   1.06753180E+00   1.06311776E+00   1.05846149E+00   1.05396062E+00   1.04919359E+00   1.04432162E+00   1.03922672E+00   1.03388175E+00   1.02824448E+00   1.02247554E+00   1.01658789E+00   1.00932370E+00   1.00000000E+00
   1.20581278E+00   1.20581281E+00   1.20581290E+00   1.20581304E+00   1.20581321E+00   1.20581342E+00   1.20581368E+00   1.20581399E+00   1.20581437E+00   1.20581481E+00   1.20581534E+00   1.20581597E+00   1.20581671E+00   1.20581759E+00   1.20581862E+00   1.20581983E+00   1.20582124E+00   1.20582288E+00   1.20582479E+00   1.20582699E+00   1.20582952E+00   1.20583243E+00   1.20583575E+00   1.20583955E+00   1.20584386E+00   1.20584874E+00   1.20585424E+00   1.20586045E+00   1.20586741E+00   1.20587520E+00   1.20588388E+00   1.20589357E+00   1.20590430E+00   1.20591616E+00   1.20592921E+00   1.20594356E+00   1.20595926E+00   1.20597636E+00   1.20599491E+00   1.20601498E+00   1.20603659E+00   1.20605971E+00   1.20608433E+00   1.20611040E+00   1.20613781E+00   1.20616639E+00   1.20619592E+00   1.20622607E+00   1.20625654E+00   1.20628673E+00   1.20631618E+00   1.20634402E+00   1.20636964E+00   1.20639161E+00   1.20640888E+00   1.20641938E+00   1.20642190E+00   1.20641386E+00   1.20639311E+00   1.20635622E+00   1.20630076E+00   1.20622196E+00   1.20611597E+00   1.20597608E+00   1.20579900E+00   1.20557835E+00   1.20530683E+00   1.20497302E+00   1.20457101E+00   1.20408761E+00   1.20351524E+00   1.20283898E+00   1.20204647E+00   1.20111841E+00   1.20004536E+00   1.19880634E+00   1.19738371E+00   1.19575061E+00   1.19389506E+00   1.19179099E+00   1.18941077E+00   1.18671333E+00   1.18368999E+00   1.18030789E+00   1.17651961E+00   1.17231559E+00   1.16767432E+00   1.16292044E+00   1.15768081E+00   1.15238065E+00   1.14664840E+00   1.14096934E+00   1.13486813E+00   1.12885276E+00   1.12241557E+00   1.11607617E+00   1.10938974E+00   1.10291137E+00   1.09604923E+00   1.08937975E+00   1.08242648E+00   1.07577354E+00   1.06875009E+00   1.06160002E+00   1.05420454E+00   1.04654215E+00   1.03852947E+00   1.03036536E+00   1.02206947E+00   1.01220017E+00   1.00000000E+00
   1.16928875E+00   1.16928876E+00   1.16928880E+00   1.16928885E+00   1.16928892E+00   1.16928901E+00   1.16928911E+00   1.16928923E+00   1.16928938E+00   1.16928957E+00   1.16928979E+00   1.16929007E+00   1.16929041E+00   1.16929083E+00   1.16929133E+00   1.16929194E+00   1.16929267E+00   1.16929354E+00   1.16929458E+00   1.16929580E+00   1.16929723E+00   1.16929891E+00   1.16930087E+00   1.16930315E+00   1.16930577E+00   1.16930880E+00   1.16931227E+00   1.16931625E+00   1.16932077E+00   1.16932592E+00   1.16933174E+00   1.16933832E+00   1.16934573E+00   1.16935403E+00   1.16936331E+00   1.16937366E+00   1.16938515E+00   1.16939786E+00   1.16941187E+00   1.16942728E+00   1.16944414E+00   1.16946253E+00   1.16948246E+00   1.16950400E+00   1.16952715E+00   1.16955187E+00   1.16957809E+00   1.16960571E+00   1.16963458E+00   1.16966444E+00   1.16969503E+00   1.16972591E+00   1.16975675E+00   1.16978666E+00   1.16981500E+00   1.16984042E+00   1.16986217E+00   1.16987855E+00   1.16988802E+00   1.16988828E+00   1.16987757E+00   1.16985243E+00   1.16981003E+00   1.16974538E+00   1.16965600E+00   1.16953706E+00   1.16938283E+00   1.16918444E+00   1.16893725E+00   1.16863063E+00   1.16825818E+00   1.16780769E+00   1.16726920E+00   1.16662668E+00   1.16587160E+00   1.16498597E+00   1.16395516E+00   1.16275625E+00   1.16137770E+00   1.15979572E+00   1.15798804E+00   1.15592019E+00   1.15358042E+00   1.15093761E+00   1.14795594E+00   1.14462402E+00   1.14091355E+00   1.13708191E+00   1.13284058E+00   1.12853284E+00   1.12384516E+00   1.11917237E+00   1.11412919E+00   1.10913515E+00   1.10378115E+00   1.09850008E+00   1.09290469E+00   1.08746186E+00   1.08169401E+00   1.07608085E+00   1.07020671E+00   1.06456857E+00   1.05862543E+00   1.05258664E+00   1.04632259E+00   1.03980939E+00   1.03299219E+00   1.02605335E+00   1.01902554E+00   1.01058743E+00   1.00000000E+00
   1.15020319E+00   1.15020320E+00   1.15020322E+00   1.15020324E+00   1.15020328E+00   1.15020332E+00   1.15020336E+00   1.15020343E+00   1.15020350E+00   1.15020360E+00   1.15020372E+00   1.15020388E+00   1.15020408E+00   1.15020434E+00   1.15020465E+00   1.15020504E+00   1.15020551E+00   1.15020609E+00   1.15020679E+00   1.15020762E+00   1.15020862E+00   1.15020981E+00   1.15021121E+00   1.15021287E+00   1.15021479E+00   1.15021704E+00   1.15021963E+00   1.15022264E+00   1.15022609E+00   1.15023006E+00   1.15023458E+00   1.15023974E+00   1.15024560E+00   1.15025222E+00   1.15025968E+00   1.15026807E+00   1.15027747E+00   1.15028795E+00   1.15029959E+00   1.15031252E+00   1.15032679E+00   1.15034250E+00   1.15035968E+00   1.15037844E+00   1.15039881E+00   1.15042081E+00   1.15044443E+00   1.15046964E+00   1.15049638E+00   1.15052450E+00   1.15055386E+00   1.15058419E+00   1.15061526E+00   1.15064646E+00   1.15067731E+00   1.15070683E+00   1.15073445E+00   1.15075887E+00   1.15077891E+00   1.15079278E+00   1.15079904E+00   1.15079491E+00   1.15077807E+00   1.15074443E+00   1.15069191E+00   1.15061652E+00   1.15051337E+00   1.15037495E+00   1.15019733E+00   1.14997128E+00   1.14969110E+00   1.14934608E+00   1.14892762E+00   1.14842161E+00   1.14782007E+00   1.14710683E+00   1.14626898E+00   1.14528592E+00   1.14414654E+00   1.14282861E+00   1.14131277E+00   1.13956816E+00   1.13758174E+00   1.13532370E+00   1.13276412E+00   1.12989081E+00   1.12667293E+00   1.12333232E+00   1.11962354E+00   1.11584564E+00   1.11171767E+00   1.10758631E+00   1.10311412E+00   1.09867228E+00   1.09390247E+00   1.08919049E+00   1.08418319E+00   1.07929933E+00   1.07411987E+00   1.06907297E+00   1.06377815E+00   1.05868523E+00   1.05331962E+00   1.04787002E+00   1.04220377E+00   1.03629630E+00   1.03010777E+00   1.02381299E+00   1.01744944E+00   1.00975247E+00   1.00000000E+00
   1.13790321E+00   1.13790321E+00   1.13790322E+00   1.13790323E+00   1.13790324E+00   1.13790326E+00   1.13790329E+00   1.13790332E+00   1.13790336E+00   1.13790342E+00   1.13790349E+00   1.13790359E+00   1.13790372E+00   1.13790389E+00   1.13790411E+00   1.13790438E+00   1.13790473E+00   1.13790515E+00   1.13790567E+00   1.13790631E+00   1.13790707E+00   1.13790799E+00   1.13790909E+00   1.13791039E+00   1.13791192E+00   1.13791373E+00   1.13791582E+00   1.13791828E+00   1.13792111E+00   1.13792438E+00   1.13792814E+00   1.13793246E+00   1.13793738E+00   1.13794299E+00   1.13794934E+00   1.13795652E+00   1.13796461E+00   1.13797369E+00   1.13798383E+00   1.13799516E+00   1.13800773E+00   1.13802166E+00   1.13803699E+00   1.13805383E+00   1.13807223E+00   1.13809227E+00   1.13811392E+00   1.13813723E+00   1.13816216E+00   1.13818865E+00   1.13821660E+00   1.13824584E+00   1.13827622E+00   1.13830727E+00   1.13833861E+00   1.13836947E+00   1.13839941E+00   1.13842735E+00   1.13845233E+00   1.13847290E+00   1.13848781E+00   1.13849468E+00   1.13849154E+00   1.13847486E+00   1.13844283E+00   1.13839201E+00   1.13831803E+00   1.13821429E+00   1.13807730E+00   1.13789876E+00   1.13767348E+00   1.13739173E+00   1.13704582E+00   1.13662296E+00   1.13611560E+00   1.13550881E+00   1.13479081E+00   1.13394266E+00   1.13295363E+00   1.13180264E+00   1.13047214E+00   1.12893375E+00   1.12717385E+00   1.12516357E+00   1.12287648E+00   1.12030019E+00   1.11740293E+00   1.11438313E+00   1.11102238E+00   1.10759097E+00   1.10383004E+00   1.10005466E+00   1.09595839E+00   1.09188049E+00   1.08749485E+00   1.08315643E+00   1.07853578E+00   1.07401957E+00   1.06922580E+00   1.06454930E+00   1.05963377E+00   1.05489757E+00   1.04990793E+00   1.04483983E+00   1.03956019E+00   1.03404395E+00   1.02826035E+00   1.02237960E+00   1.01644185E+00   1.00921787E+00   1.00000000E+00
   1.13315899E+00   1.13315899E+00   1.13315899E+00   1.13315900E+00   1.13315901E+00   1.13315902E+00   1.13315904E+00   1.13315906E+00   1.13315909E+00   1.13315913E+00   1.13315919E+00   1.13315927E+00   1.13315938E+00   1.13315953E+00   1.13315971E+00   1.13315995E+00   1.13316024E+00   1.13316062E+00   1.13316108E+00   1.13316164E+00   1.13316232E+00   1.13316315E+00   1.13316414E+00   1.13316532E+00   1.13316671E+00   1.13316835E+00   1.13317027E+00   1.13317252E+00   1.13317512E+00   1.13317814E+00   1.13318162E+00   1.13318562E+00   1.13319020E+00   1.13319542E+00   1.13320135E+00   1.13320808E+00   1.13321567E+00   1.13322421E+00   1.13323376E+00   1.13324447E+00   1.13325638E+00   1.13326960E+00   1.13328419E+00   1.13330025E+00   1.13331786E+00   1.13333708E+00   1.13335790E+00   1.13338040E+00   1.13340453E+00   1.13343027E+00   1.13345753E+00   1.13348617E+00   1.13351610E+00   1.13354686E+00   1.13357814E+00   1.13360922E+00   1.13363972E+00   1.13366866E+00   1.13369513E+00   1.13371782E+00   1.13373556E+00   1.13374612E+00   1.13374765E+00   1.13373685E+00   1.13371202E+00   1.13366992E+00   1.13360637E+00   1.13351516E+00   1.13339294E+00   1.13323178E+00   1.13302669E+00   1.13276835E+00   1.13244940E+00   1.13205759E+00   1.13158557E+00   1.13101888E+00   1.13034617E+00   1.12954923E+00   1.12861747E+00   1.12753029E+00   1.12627080E+00   1.12481166E+00   1.12313909E+00   1.12122458E+00   1.11904291E+00   1.11658182E+00   1.11380932E+00   1.11091460E+00   1.10768952E+00   1.10439325E+00   1.10077575E+00   1.09713963E+00   1.09319052E+00   1.08925512E+00   1.08501969E+00   1.08082714E+00   1.07635759E+00   1.07198499E+00   1.06734152E+00   1.06280912E+00   1.05804117E+00   1.05344358E+00   1.04859947E+00   1.04367851E+00   1.03854785E+00   1.03318216E+00   1.02755399E+00   1.02183176E+00   1.01605664E+00   1.00901313E+00   1.00000000E+00
   1.19484760E+00   1.19484763E+00   1.19484771E+00   1.19484783E+00   1.19484799E+00   1.19484819E+00   1.19484844E+00   1.19484873E+00   1.19484908E+00   1.19484951E+00   1.19485001E+00   1.19485061E+00   1.19485132E+00   1.19485216E+00   1.19485315E+00   1.19485430E+00   1.19485565E+00   1.19485721E+00   1.19485902E+00   1.19486112E+00   1.19486352E+00   1.19486629E+00   1.19486944E+00   1.19487303E+00   1.19487711E+00   1.19488173E+00   1.19488693E+00   1.19489280E+00   1.19489936E+00   1.19490671E+00   1.19491489E+00   1.19492399E+00   1.19493407E+00   1.19494520E+00   1.19495743E+00   1.19497085E+00   1.19498550E+00   1.19500143E+00   1.19501868E+00   1.19503729E+00   1.19505726E+00   1.19507856E+00   1.19510115E+00   1.19512495E+00   1.19514985E+00   1.19517564E+00   1.19520209E+00   1.19522883E+00   1.19525554E+00   1.19528161E+00   1.19530653E+00   1.19532938E+00   1.19534951E+00   1.19536546E+00   1.19537618E+00   1.19537959E+00   1.19537441E+00   1.19535805E+00   1.19532834E+00   1.19528184E+00   1.19521606E+00   1.19512624E+00   1.19500870E+00   1.19485692E+00   1.19466737E+00   1.19443332E+00   1.19414795E+00   1.19380043E+00   1.19338486E+00   1.19288846E+00   1.19230366E+00   1.19161602E+00   1.19081392E+00   1.18987912E+00   1.18880189E+00   1.18756194E+00   1.18614297E+00   1.18451989E+00   1.18268000E+00   1.18059777E+00   1.17824888E+00   1.17559646E+00   1.17262969E+00   1.16931686E+00   1.16561812E+00   1.16152845E+00   1.15702019E+00   1.15240845E+00   1.14734228E+00   1.14223723E+00   1.13672595E+00   1.13127309E+00   1.12542519E+00   1.11967151E+00   1.11353146E+00   1.10750548E+00   1.10115910E+00   1.09501874E+00   1.08853414E+00   1.08225290E+00   1.07571495E+00   1.06946896E+00   1.06289962E+00   1.05624646E+00   1.04938622E+00   1.04229712E+00   1.03490703E+00   1.02740831E+00   1.01988375E+00   1.01101482E+00   1.00000000E+00
   1.16509610E+00   1.16509612E+00   1.16509616E+00   1.16509622E+00   1.16509629E+00   1.16509639E+00   1.16509650E+00   1.16509664E+00   1.16509682E+00   1.16509703E+00   1.16509729E+00   1.16509760E+00   1.16509798E+00   1.16509845E+00   1.16509900E+00   1.16509967E+00   1.16510046E+00   1.16510140E+00   1.16510250E+00   1.16510380E+00   1.16510532E+00   1.16510710E+00   1.16510915E+00   1.16511153E+00   1.16511426E+00   1.16511740E+00   1.16512097E+00   1.16512506E+00   1.16512970E+00   1.16513495E+00   1.16514087E+00   1.16514754E+00   1.16515502E+00   1.16516337E+00   1.16517267E+00   1.16518300E+00   1.16519442E+00   1.16520701E+00   1.16522082E+00   1.16523595E+00   1.16525242E+00   1.16527027E+00   1.16528953E+00   1.16531019E+00   1.16533225E+00   1.16535563E+00   1.16538022E+00   1.16540585E+00   1.16543234E+00   1.16545935E+00   1.16548659E+00   1.16551349E+00   1.16553964E+00   1.16556405E+00   1.16558604E+00   1.16560414E+00   1.16561745E+00   1.16562412E+00   1.16562255E+00   1.16561023E+00   1.16558523E+00   1.16554391E+00   1.16548346E+00   1.16539878E+00   1.16528700E+00   1.16514280E+00   1.16496065E+00   1.16473181E+00   1.16445144E+00   1.16410888E+00   1.16369754E+00   1.16320517E+00   1.16262225E+00   1.16193308E+00   1.16112870E+00   1.16019130E+00   1.15910713E+00   1.15785407E+00   1.15641993E+00   1.15478114E+00   1.15291779E+00   1.15079773E+00   1.14840759E+00   1.14571739E+00   1.14269671E+00   1.13933767E+00   1.13560718E+00   1.13176508E+00   1.12753053E+00   1.12324879E+00   1.11860125E+00   1.11397866E+00   1.10900258E+00   1.10408817E+00   1.09883643E+00   1.09367494E+00   1.08821664E+00   1.08291701E+00   1.07731956E+00   1.07189115E+00   1.06622034E+00   1.06078667E+00   1.05508298E+00   1.04931628E+00   1.04334880E+00   1.03715931E+00   1.03070588E+00   1.02416599E+00   1.01762178E+00   1.00982774E+00   1.00000000E+00
   1.14970643E+00   1.14970644E+00   1.14970647E+00   1.14970650E+00   1.14970655E+00   1.14970660E+00   1.14970667E+00   1.14970676E+00   1.14970686E+00   1.14970700E+00   1.14970716E+00   1.14970737E+00   1.14970763E+00   1.14970795E+00   1.14970834E+00   1.14970881E+00   1.14970938E+00   1.14971007E+00   1.14971088E+00   1.14971186E+00   1.14971301E+00   1.14971436E+00   1.14971595E+00   1.14971780E+00   1.14971994E+00   1.14972242E+00   1.14972528E+00   1.14972857E+00   1.14973232E+00   1.14973660E+00   1.14974146E+00   1.14974698E+00   1.14975320E+00   1.14976020E+00   1.14976804E+00   1.14977682E+00   1.14978659E+00   1.14979743E+00   1.14980941E+00   1.14982262E+00   1.14983712E+00   1.14985297E+00   1.14987020E+00   1.14988886E+00   1.14990895E+00   1.14993048E+00   1.14995337E+00   1.14997755E+00   1.15000288E+00   1.15002916E+00   1.15005618E+00   1.15008353E+00   1.15011091E+00   1.15013756E+00   1.15016294E+00   1.15018591E+00   1.15020573E+00   1.15022090E+00   1.15023012E+00   1.15023132E+00   1.15022286E+00   1.15020167E+00   1.15016538E+00   1.15010962E+00   1.15003188E+00   1.14992758E+00   1.14979187E+00   1.14961712E+00   1.14939908E+00   1.14912824E+00   1.14879855E+00   1.14839902E+00   1.14792124E+00   1.14735098E+00   1.14667977E+00   1.14589124E+00   1.14497303E+00   1.14390476E+00   1.14267465E+00   1.14126040E+00   1.13964429E+00   1.13779677E+00   1.13570348E+00   1.13333558E+00   1.13066704E+00   1.12768869E+00   1.12436582E+00   1.12092905E+00   1.11713244E+00   1.11328412E+00   1.10909291E+00   1.10491063E+00   1.10039785E+00   1.09592999E+00   1.09114911E+00   1.08644435E+00   1.08145669E+00   1.07660323E+00   1.07147417E+00   1.06649471E+00   1.06128169E+00   1.05627734E+00   1.05102784E+00   1.04572248E+00   1.04021976E+00   1.03449887E+00   1.02853208E+00   1.02248989E+00   1.01645379E+00   1.00921349E+00   1.00000000E+00
   1.13985330E+00   1.13985331E+00   1.13985332E+00   1.13985335E+00   1.13985337E+00   1.13985341E+00   1.13985346E+00   1.13985351E+00   1.13985359E+00   1.13985368E+00   1.13985380E+00   1.13985396E+00   1.13985415E+00   1.13985439E+00   1.13985469E+00   1.13985506E+00   1.13985551E+00   1.13985605E+00   1.13985671E+00   1.13985750E+00   1.13985844E+00   1.13985956E+00   1.13986088E+00   1.13986243E+00   1.13986423E+00   1.13986633E+00   1.13986876E+00   1.13987157E+00   1.13987480E+00   1.13987850E+00   1.13988272E+00   1.13988753E+00   1.13989298E+00   1.13989914E+00   1.13990608E+00   1.13991388E+00   1.13992259E+00   1.13993231E+00   1.13994310E+00   1.13995507E+00   1.13996825E+00   1.13998274E+00   1.13999858E+00   1.14001582E+00   1.14003450E+00   1.14005464E+00   1.14007620E+00   1.14009915E+00   1.14012339E+00   1.14014879E+00   1.14017518E+00   1.14020225E+00   1.14022978E+00   1.14025712E+00   1.14028385E+00   1.14030898E+00   1.14033191E+00   1.14035133E+00   1.14036614E+00   1.14037455E+00   1.14037509E+00   1.14036505E+00   1.14034233E+00   1.14030305E+00   1.14024494E+00   1.14016387E+00   1.14005545E+00   1.13991276E+00   1.13973193E+00   1.13950422E+00   1.13922397E+00   1.13888101E+00   1.13846764E+00   1.13797063E+00   1.13738191E+00   1.13668607E+00   1.13587163E+00   1.13491946E+00   1.13381809E+00   1.13254613E+00   1.13108720E+00   1.12941347E+00   1.12751020E+00   1.12534926E+00   1.12290718E+00   1.12017414E+00   1.11711500E+00   1.11394123E+00   1.11042851E+00   1.10686117E+00   1.10296651E+00   1.09907092E+00   1.09486001E+00   1.09068330E+00   1.08620857E+00   1.08180022E+00   1.07711849E+00   1.07255510E+00   1.06772942E+00   1.06304017E+00   1.05812346E+00   1.05339688E+00   1.04843951E+00   1.04342944E+00   1.03822435E+00   1.03280358E+00   1.02714756E+00   1.02142258E+00   1.01570971E+00   1.00882113E+00   1.00000000E+00
   1.13606997E+00   1.13606997E+00   1.13606998E+00   1.13607000E+00   1.13607002E+00   1.13607005E+00   1.13607009E+00   1.13607014E+00   1.13607020E+00   1.13607028E+00   1.13607038E+00   1.13607052E+00   1.13607069E+00   1.13607090E+00   1.13607117E+00   1.13607150E+00   1.13607191E+00   1.13607241E+00   1.13607301E+00   1.13607374E+00   1.13607460E+00   1.13607564E+00   1.13607686E+00   1.13607829E+00   1.13607997E+00   1.13608193E+00   1.13608420E+00   1.13608684E+00   1.13608987E+00   1.13609335E+00   1.13609733E+00   1.13610187E+00   1.13610703E+00   1.13611288E+00   1.13611947E+00   1.13612689E+00   1.13613520E+00   1.13614449E+00   1.13615481E+00   1.13616628E+00   1.13617895E+00   1.13619289E+00   1.13620817E+00   1.13622483E+00   1.13624293E+00   1.13626249E+00   1.13628348E+00   1.13630588E+00   1.13632962E+00   1.13635459E+00   1.13638063E+00   1.13640747E+00   1.13643490E+00   1.13646235E+00   1.13648940E+00   1.13651516E+00   1.13653905E+00   1.13655986E+00   1.13657652E+00   1.13658739E+00   1.13659105E+00   1.13658493E+00   1.13656704E+00   1.13653366E+00   1.13648264E+00   1.13641003E+00   1.13631159E+00   1.13618071E+00   1.13601363E+00   1.13580193E+00   1.13554011E+00   1.13521833E+00   1.13482913E+00   1.13435973E+00   1.13380219E+00   1.13314149E+00   1.13236649E+00   1.13145856E+00   1.13040638E+00   1.12918893E+00   1.12779030E+00   1.12618337E+00   1.12435331E+00   1.12227226E+00   1.11991760E+00   1.11727940E+00   1.11432248E+00   1.11125078E+00   1.10784814E+00   1.10438976E+00   1.10061025E+00   1.09682608E+00   1.09273248E+00   1.08866892E+00   1.08431296E+00   1.08001945E+00   1.07545630E+00   1.07100532E+00   1.06629688E+00   1.06171959E+00   1.05691724E+00   1.05229774E+00   1.04745252E+00   1.04255543E+00   1.03746423E+00   1.03215820E+00   1.02662070E+00   1.02101642E+00   1.01542628E+00   1.00867132E+00   1.00000000E+00
   1.18202587E+00   1.18202589E+00   1.18202597E+00   1.18202608E+00   1.18202622E+00   1.18202641E+00   1.18202664E+00   1.18202691E+00   1.18202725E+00   1.18202764E+00   1.18202812E+00   1.18202869E+00   1.18202935E+00   1.18203014E+00   1.18203107E+00   1.18203215E+00   1.18203340E+00   1.18203486E+00   1.18203655E+00   1.18203850E+00   1.18204073E+00   1.18204329E+00   1.18204620E+00   1.18204952E+00   1.18205328E+00   1.18205753E+00   1.18206230E+00   1.18206768E+00   1.18207369E+00   1.18208041E+00   1.18208787E+00   1.18209616E+00   1.18210531E+00   1.18211540E+00   1.18212646E+00   1.18213856E+00   1.18215172E+00   1.18216600E+00   1.18218139E+00   1.18219793E+00   1.18221560E+00   1.18223435E+00   1.18225411E+00   1.18227478E+00   1.18229622E+00   1.18231820E+00   1.18234047E+00   1.18236264E+00   1.18238435E+00   1.18240497E+00   1.18242398E+00   1.18244043E+00   1.18245362E+00   1.18246210E+00   1.18246481E+00   1.18245971E+00   1.18244551E+00   1.18241961E+00   1.18237991E+00   1.18232301E+00   1.18224643E+00   1.18214556E+00   1.18201687E+00   1.18185419E+00   1.18165387E+00   1.18140914E+00   1.18111372E+00   1.18075754E+00   1.18033479E+00   1.17983340E+00   1.17924606E+00   1.17855901E+00   1.17776159E+00   1.17683680E+00   1.17577498E+00   1.17455696E+00   1.17316792E+00   1.17158471E+00   1.16979462E+00   1.16777331E+00   1.16549964E+00   1.16294073E+00   1.16008456E+00   1.15690140E+00   1.15335815E+00   1.14945307E+00   1.14515434E+00   1.14076287E+00   1.13595332E+00   1.13112279E+00   1.12591571E+00   1.12076967E+00   1.11525976E+00   1.10984862E+00   1.10408825E+00   1.09845162E+00   1.09252217E+00   1.08679180E+00   1.08075695E+00   1.07492786E+00   1.06886732E+00   1.06308425E+00   1.05702415E+00   1.05091480E+00   1.04462815E+00   1.03814586E+00   1.03141042E+00   1.02459711E+00   1.01784831E+00   1.00993857E+00   1.00000000E+00
   1.15925911E+00   1.15925913E+00   1.15925917E+00   1.15925923E+00   1.15925931E+00   1.15925942E+00   1.15925955E+00   1.15925971E+00   1.15925991E+00   1.15926015E+00   1.15926043E+00   1.15926078E+00   1.15926120E+00   1.15926171E+00   1.15926231E+00   1.15926302E+00   1.15926386E+00   1.15926485E+00   1.15926601E+00   1.15926737E+00   1.15926894E+00   1.15927077E+00   1.15927287E+00   1.15927529E+00   1.15927805E+00   1.15928122E+00   1.15928481E+00   1.15928889E+00   1.15929350E+00   1.15929871E+00   1.15930454E+00   1.15931109E+00   1.15931839E+00   1.15932651E+00   1.15933551E+00   1.15934545E+00   1.15935640E+00   1.15936839E+00   1.15938148E+00   1.15939572E+00   1.15941112E+00   1.15942770E+00   1.15944545E+00   1.15946433E+00   1.15948429E+00   1.15950521E+00   1.15952694E+00   1.15954926E+00   1.15957193E+00   1.15959454E+00   1.15961674E+00   1.15963787E+00   1.15965744E+00   1.15967438E+00   1.15968793E+00   1.15969655E+00   1.15969923E+00   1.15969398E+00   1.15967916E+00   1.15965211E+00   1.15961079E+00   1.15955148E+00   1.15947136E+00   1.15936535E+00   1.15923033E+00   1.15906067E+00   1.15885112E+00   1.15859319E+00   1.15828193E+00   1.15790691E+00   1.15746151E+00   1.15693374E+00   1.15631456E+00   1.15558886E+00   1.15474756E+00   1.15377342E+00   1.15265363E+00   1.15136715E+00   1.14990170E+00   1.14823451E+00   1.14634777E+00   1.14421183E+00   1.14181258E+00   1.13912174E+00   1.13611348E+00   1.13278288E+00   1.12909400E+00   1.12530489E+00   1.12114484E+00   1.11695462E+00   1.11241705E+00   1.10791311E+00   1.10307640E+00   1.09831117E+00   1.09323297E+00   1.08825755E+00   1.08300488E+00   1.07791329E+00   1.07255131E+00   1.06736633E+00   1.06195771E+00   1.05678272E+00   1.05137120E+00   1.04592300E+00   1.04029518E+00   1.03447227E+00   1.02842398E+00   1.02231159E+00   1.01627162E+00   1.00911906E+00   1.00000000E+00
   1.14759384E+00   1.14759385E+00   1.14759388E+00   1.14759392E+00   1.14759398E+00   1.14759406E+00   1.14759415E+00   1.14759426E+00   1.14759441E+00   1.14759458E+00   1.14759479E+00   1.14759506E+00   1.14759538E+00   1.14759576E+00   1.14759623E+00   1.14759679E+00   1.14759745E+00   1.14759824E+00   1.14759917E+00   1.14760027E+00   1.14760155E+00   1.14760305E+00   1.14760479E+00   1.14760680E+00   1.14760912E+00   1.14761178E+00   1.14761482E+00   1.14761829E+00   1.14762224E+00   1.14762671E+00   1.14763176E+00   1.14763745E+00   1.14764382E+00   1.14765096E+00   1.14765890E+00   1.14766773E+00   1.14767750E+00   1.14768826E+00   1.14770008E+00   1.14771301E+00   1.14772709E+00   1.14774236E+00   1.14775881E+00   1.14777645E+00   1.14779526E+00   1.14781516E+00   1.14783606E+00   1.14785780E+00   1.14788019E+00   1.14790294E+00   1.14792577E+00   1.14794814E+00   1.14796968E+00   1.14798948E+00   1.14800693E+00   1.14802072E+00   1.14803000E+00   1.14803306E+00   1.14802849E+00   1.14801400E+00   1.14798778E+00   1.14794656E+00   1.14788787E+00   1.14780719E+00   1.14770169E+00   1.14756636E+00   1.14739644E+00   1.14718429E+00   1.14692543E+00   1.14661029E+00   1.14623268E+00   1.14578156E+00   1.14524873E+00   1.14462013E+00   1.14388710E+00   1.14303345E+00   1.14204740E+00   1.14090915E+00   1.13960675E+00   1.13811836E+00   1.13642778E+00   1.13450703E+00   1.13234134E+00   1.12990326E+00   1.12717010E+00   1.12413550E+00   1.12076256E+00   1.11728680E+00   1.11346402E+00   1.10960601E+00   1.10541711E+00   1.10124875E+00   1.09676434E+00   1.09233751E+00   1.08761502E+00   1.08298328E+00   1.07808376E+00   1.07332605E+00   1.06831364E+00   1.06346245E+00   1.05839315E+00   1.05353524E+00   1.04845875E+00   1.04334949E+00   1.03806083E+00   1.03257848E+00   1.02688394E+00   1.02113211E+00   1.01545690E+00   1.00869369E+00   1.00000000E+00
   1.14017221E+00   1.14017222E+00   1.14017224E+00   1.14017227E+00   1.14017232E+00   1.14017238E+00   1.14017245E+00   1.14017254E+00   1.14017265E+00   1.14017279E+00   1.14017296E+00   1.14017318E+00   1.14017344E+00   1.14017376E+00   1.14017415E+00   1.14017462E+00   1.14017519E+00   1.14017586E+00   1.14017666E+00   1.14017761E+00   1.14017872E+00   1.14018003E+00   1.14018155E+00   1.14018332E+00   1.14018537E+00   1.14018773E+00   1.14019043E+00   1.14019354E+00   1.14019708E+00   1.14020110E+00   1.14020566E+00   1.14021082E+00   1.14021661E+00   1.14022313E+00   1.14023040E+00   1.14023851E+00   1.14024751E+00   1.14025748E+00   1.14026845E+00   1.14028051E+00   1.14029369E+00   1.14030804E+00   1.14032358E+00   1.14034033E+00   1.14035827E+00   1.14037736E+00   1.14039754E+00   1.14041868E+00   1.14044064E+00   1.14046318E+00   1.14048606E+00   1.14050883E+00   1.14053117E+00   1.14055228E+00   1.14057164E+00   1.14058810E+00   1.14060087E+00   1.14060844E+00   1.14060954E+00   1.14060211E+00   1.14058449E+00   1.14055367E+00   1.14050744E+00   1.14044161E+00   1.14035356E+00   1.14023865E+00   1.14009248E+00   1.13990793E+00   1.13968080E+00   1.13940213E+00   1.13906600E+00   1.13866199E+00   1.13818245E+00   1.13761403E+00   1.13694836E+00   1.13616995E+00   1.13526770E+00   1.13422263E+00   1.13302305E+00   1.13164779E+00   1.13008156E+00   1.12829754E+00   1.12628067E+00   1.12400404E+00   1.12144668E+00   1.11860149E+00   1.11543142E+00   1.11215728E+00   1.10855120E+00   1.10490657E+00   1.10094212E+00   1.09699014E+00   1.09273294E+00   1.08852448E+00   1.08403085E+00   1.07961983E+00   1.07494752E+00   1.07040470E+00   1.06561638E+00   1.06097879E+00   1.05612704E+00   1.05147243E+00   1.04660936E+00   1.04171504E+00   1.03664200E+00   1.03137638E+00   1.02590630E+00   1.02038286E+00   1.01493850E+00   1.00842198E+00   1.00000000E+00
   1.13733565E+00   1.13733566E+00   1.13733568E+00   1.13733571E+00   1.13733575E+00   1.13733580E+00   1.13733587E+00   1.13733595E+00   1.13733605E+00   1.13733618E+00   1.13733633E+00   1.13733653E+00   1.13733677E+00   1.13733707E+00   1.13733744E+00   1.13733788E+00   1.13733840E+00   1.13733904E+00   1.13733979E+00   1.13734068E+00   1.13734173E+00   1.13734297E+00   1.13734441E+00   1.13734609E+00   1.13734804E+00   1.13735029E+00   1.13735287E+00   1.13735583E+00   1.13735922E+00   1.13736307E+00   1.13736744E+00   1.13737240E+00   1.13737797E+00   1.13738425E+00   1.13739126E+00   1.13739909E+00   1.13740780E+00   1.13741745E+00   1.13742809E+00   1.13743981E+00   1.13745263E+00   1.13746661E+00   1.13748178E+00   1.13749815E+00   1.13751573E+00   1.13753448E+00   1.13755433E+00   1.13757520E+00   1.13759694E+00   1.13761933E+00   1.13764215E+00   1.13766499E+00   1.13768753E+00   1.13770905E+00   1.13772902E+00   1.13774636E+00   1.13776033E+00   1.13776946E+00   1.13777255E+00   1.13776763E+00   1.13775310E+00   1.13772605E+00   1.13768434E+00   1.13762395E+00   1.13754232E+00   1.13743496E+00   1.13729760E+00   1.13712331E+00   1.13690804E+00   1.13664302E+00   1.13632247E+00   1.13593620E+00   1.13547675E+00   1.13493109E+00   1.13429095E+00   1.13354113E+00   1.13267075E+00   1.13166120E+00   1.13050089E+00   1.12916890E+00   1.12765028E+00   1.12591867E+00   1.12395895E+00   1.12174439E+00   1.11925459E+00   1.11648225E+00   1.11339038E+00   1.11019403E+00   1.10667144E+00   1.10310901E+00   1.09923112E+00   1.09536263E+00   1.09119308E+00   1.08706887E+00   1.08266335E+00   1.07833721E+00   1.07375233E+00   1.06929215E+00   1.06458980E+00   1.06003403E+00   1.05526566E+00   1.05068889E+00   1.04590719E+00   1.04109458E+00   1.03610357E+00   1.03092039E+00   1.02553548E+00   1.02009852E+00   1.01474146E+00   1.00831839E+00   1.00000000E+00
   1.16730286E+00   1.16730288E+00   1.16730294E+00   1.16730304E+00   1.16730316E+00   1.16730333E+00   1.16730354E+00   1.16730379E+00   1.16730409E+00   1.16730445E+00   1.16730489E+00   1.16730540E+00   1.16730601E+00   1.16730672E+00   1.16730756E+00   1.16730853E+00   1.16730966E+00   1.16731096E+00   1.16731247E+00   1.16731420E+00   1.16731618E+00   1.16731844E+00   1.16732101E+00   1.16732393E+00   1.16732722E+00   1.16733094E+00   1.16733511E+00   1.16733980E+00   1.16734502E+00   1.16735083E+00   1.16735728E+00   1.16736441E+00   1.16737226E+00   1.16738089E+00   1.16739031E+00   1.16740057E+00   1.16741169E+00   1.16742368E+00   1.16743655E+00   1.16745028E+00   1.16746485E+00   1.16748018E+00   1.16749619E+00   1.16751274E+00   1.16752969E+00   1.16754677E+00   1.16756374E+00   1.16758016E+00   1.16759569E+00   1.16760968E+00   1.16762161E+00   1.16763051E+00   1.16763571E+00   1.16763577E+00   1.16762968E+00   1.16761551E+00   1.16759196E+00   1.16755655E+00   1.16750729E+00   1.16744095E+00   1.16735514E+00   1.16724551E+00   1.16710882E+00   1.16693935E+00   1.16673350E+00   1.16648476E+00   1.16618750E+00   1.16583258E+00   1.16541447E+00   1.16492208E+00   1.16434851E+00   1.16368106E+00   1.16291015E+00   1.16202026E+00   1.16100211E+00   1.15983800E+00   1.15851477E+00   1.15701142E+00   1.15531561E+00   1.15340479E+00   1.15126080E+00   1.14885464E+00   1.14617360E+00   1.14319035E+00   1.13987805E+00   1.13623681E+00   1.13223215E+00   1.12814497E+00   1.12368003E+00   1.11920695E+00   1.11438947E+00   1.10963135E+00   1.10454303E+00   1.09955232E+00   1.09424992E+00   1.08907343E+00   1.08363098E+00   1.07837440E+00   1.07285186E+00   1.06752898E+00   1.06199702E+00   1.05672112E+00   1.05121267E+00   1.04568131E+00   1.03999340E+00   1.03413815E+00   1.02807476E+00   1.02194914E+00   1.01596468E+00   1.00896692E+00   1.00000000E+00
   1.15177856E+00   1.15177857E+00   1.15177861E+00   1.15177868E+00   1.15177877E+00   1.15177888E+00   1.15177902E+00   1.15177920E+00   1.15177941E+00   1.15177967E+00   1.15177998E+00   1.15178035E+00   1.15178080E+00   1.15178132E+00   1.15178195E+00   1.15178268E+00   1.15178354E+00   1.15178454E+00   1.15178570E+00   1.15178705E+00   1.15178861E+00   1.15179040E+00   1.15179246E+00   1.15179481E+00   1.15179748E+00   1.15180052E+00   1.15180396E+00   1.15180784E+00   1.15181220E+00   1.15181709E+00   1.15182254E+00   1.15182863E+00   1.15183538E+00   1.15184285E+00   1.15185107E+00   1.15186011E+00   1.15186998E+00   1.15188073E+00   1.15189237E+00   1.15190492E+00   1.15191839E+00   1.15193274E+00   1.15194795E+00   1.15196391E+00   1.15198055E+00   1.15199770E+00   1.15201518E+00   1.15203270E+00   1.15204998E+00   1.15206655E+00   1.15208201E+00   1.15209561E+00   1.15210682E+00   1.15211450E+00   1.15211785E+00   1.15211527E+00   1.15210570E+00   1.15208706E+00   1.15205773E+00   1.15201497E+00   1.15195672E+00   1.15187926E+00   1.15177984E+00   1.15165349E+00   1.15149701E+00   1.15130468E+00   1.15107161E+00   1.15078971E+00   1.15045406E+00   1.15005469E+00   1.14958518E+00   1.14903401E+00   1.14839277E+00   1.14764715E+00   1.14678828E+00   1.14579976E+00   1.14466984E+00   1.14337881E+00   1.14191470E+00   1.14025595E+00   1.13838672E+00   1.13627990E+00   1.13392125E+00   1.13128448E+00   1.12834773E+00   1.12510831E+00   1.12152888E+00   1.11786074E+00   1.11384652E+00   1.10981586E+00   1.10545938E+00   1.10114231E+00   1.09651556E+00   1.09196601E+00   1.08712844E+00   1.08240068E+00   1.07741579E+00   1.07258967E+00   1.06751967E+00   1.06262817E+00   1.05753089E+00   1.05265853E+00   1.04758095E+00   1.04248682E+00   1.03723004E+00   1.03180381E+00   1.02618797E+00   1.02051625E+00   1.01498648E+00   1.00846353E+00   1.00000000E+00
   1.14389723E+00   1.14389724E+00   1.14389728E+00   1.14389733E+00   1.14389740E+00   1.14389749E+00   1.14389761E+00   1.14389775E+00   1.14389792E+00   1.14389814E+00   1.14389839E+00   1.14389870E+00   1.14389908E+00   1.14389952E+00   1.14390005E+00   1.14390068E+00   1.14390141E+00   1.14390228E+00   1.14390328E+00   1.14390446E+00   1.14390582E+00   1.14390740E+00   1.14390921E+00   1.14391129E+00   1.14391366E+00   1.14391637E+00   1.14391945E+00   1.14392294E+00   1.14392687E+00   1.14393129E+00   1.14393625E+00   1.14394180E+00   1.14394798E+00   1.14395485E+00   1.14396243E+00   1.14397080E+00   1.14397998E+00   1.14399002E+00   1.14400095E+00   1.14401279E+00   1.14402556E+00   1.14403924E+00   1.14405383E+00   1.14406926E+00   1.14408547E+00   1.14410232E+00   1.14411968E+00   1.14413732E+00   1.14415499E+00   1.14417230E+00   1.14418892E+00   1.14420418E+00   1.14421764E+00   1.14422828E+00   1.14423541E+00   1.14423760E+00   1.14423390E+00   1.14422244E+00   1.14420175E+00   1.14416937E+00   1.14412339E+00   1.14406041E+00   1.14397793E+00   1.14387137E+00   1.14373771E+00   1.14357169E+00   1.14336875E+00   1.14312136E+00   1.14282493E+00   1.14247009E+00   1.14205066E+00   1.14155578E+00   1.14097761E+00   1.14030253E+00   1.13952192E+00   1.13862009E+00   1.13758598E+00   1.13640063E+00   1.13505231E+00   1.13352006E+00   1.13178906E+00   1.12983320E+00   1.12763780E+00   1.12517709E+00   1.12243123E+00   1.11939629E+00   1.11603441E+00   1.11258142E+00   1.10879794E+00   1.10499353E+00   1.10087378E+00   1.09678395E+00   1.09239522E+00   1.08807349E+00   1.08347468E+00   1.07897673E+00   1.07422733E+00   1.06962322E+00   1.06478505E+00   1.06011412E+00   1.05524041E+00   1.05057620E+00   1.04571831E+00   1.04084557E+00   1.03580894E+00   1.03060295E+00   1.02521590E+00   1.01977621E+00   1.01447938E+00   1.00820070E+00   1.00000000E+00
   1.13891375E+00   1.13891376E+00   1.13891379E+00   1.13891383E+00   1.13891389E+00   1.13891397E+00   1.13891407E+00   1.13891420E+00   1.13891435E+00   1.13891453E+00   1.13891476E+00   1.13891504E+00   1.13891537E+00   1.13891576E+00   1.13891624E+00   1.13891680E+00   1.13891746E+00   1.13891825E+00   1.13891916E+00   1.13892023E+00   1.13892147E+00   1.13892292E+00   1.13892458E+00   1.13892649E+00   1.13892869E+00   1.13893119E+00   1.13893405E+00   1.13893729E+00   1.13894095E+00   1.13894509E+00   1.13894973E+00   1.13895494E+00   1.13896075E+00   1.13896722E+00   1.13897439E+00   1.13898233E+00   1.13899105E+00   1.13900062E+00   1.13901105E+00   1.13902241E+00   1.13903468E+00   1.13904789E+00   1.13906201E+00   1.13907702E+00   1.13909285E+00   1.13910941E+00   1.13912657E+00   1.13914412E+00   1.13916187E+00   1.13917946E+00   1.13919658E+00   1.13921265E+00   1.13922725E+00   1.13923945E+00   1.13924863E+00   1.13925347E+00   1.13925306E+00   1.13924568E+00   1.13922996E+00   1.13920360E+00   1.13916480E+00   1.13911035E+00   1.13903792E+00   1.13894316E+00   1.13882320E+00   1.13867303E+00   1.13848834E+00   1.13826193E+00   1.13798943E+00   1.13766185E+00   1.13727321E+00   1.13681305E+00   1.13627390E+00   1.13564256E+00   1.13491064E+00   1.13406290E+00   1.13308869E+00   1.13196959E+00   1.13069402E+00   1.12924145E+00   1.12759764E+00   1.12573712E+00   1.12364508E+00   1.12129606E+00   1.11867126E+00   1.11576611E+00   1.11254277E+00   1.10922702E+00   1.10559044E+00   1.10193002E+00   1.09796126E+00   1.09401660E+00   1.08977991E+00   1.08560382E+00   1.08115717E+00   1.07680545E+00   1.07220622E+00   1.06774375E+00   1.06305291E+00   1.05852194E+00   1.05379045E+00   1.04925873E+00   1.04453969E+00   1.03980634E+00   1.03490889E+00   1.02984240E+00   1.02459982E+00   1.01930649E+00   1.01415659E+00   1.00803253E+00   1.00000000E+00
   1.13701799E+00   1.13701800E+00   1.13701803E+00   1.13701807E+00   1.13701812E+00   1.13701820E+00   1.13701829E+00   1.13701841E+00   1.13701855E+00   1.13701873E+00   1.13701895E+00   1.13701921E+00   1.13701952E+00   1.13701990E+00   1.13702036E+00   1.13702089E+00   1.13702153E+00   1.13702228E+00   1.13702316E+00   1.13702420E+00   1.13702539E+00   1.13702679E+00   1.13702839E+00   1.13703025E+00   1.13703237E+00   1.13703480E+00   1.13703757E+00   1.13704072E+00   1.13704428E+00   1.13704830E+00   1.13705282E+00   1.13705790E+00   1.13706357E+00   1.13706989E+00   1.13707690E+00   1.13708466E+00   1.13709321E+00   1.13710259E+00   1.13711283E+00   1.13712398E+00   1.13713606E+00   1.13714907E+00   1.13716301E+00   1.13717783E+00   1.13719350E+00   1.13720992E+00   1.13722697E+00   1.13724447E+00   1.13726221E+00   1.13727986E+00   1.13729713E+00   1.13731346E+00   1.13732844E+00   1.13734117E+00   1.13735106E+00   1.13735683E+00   1.13735759E+00   1.13735168E+00   1.13733776E+00   1.13731359E+00   1.13727742E+00   1.13722610E+00   1.13715738E+00   1.13706698E+00   1.13695210E+00   1.13680784E+00   1.13662996E+00   1.13641140E+00   1.13614787E+00   1.13583053E+00   1.13545347E+00   1.13500640E+00   1.13448196E+00   1.13386717E+00   1.13315368E+00   1.13232645E+00   1.13137498E+00   1.13028105E+00   1.12903318E+00   1.12761097E+00   1.12600039E+00   1.12417626E+00   1.12212370E+00   1.11981737E+00   1.11723884E+00   1.11438332E+00   1.11121304E+00   1.10794989E+00   1.10436953E+00   1.10076420E+00   1.09685328E+00   1.09296425E+00   1.08878580E+00   1.08466550E+00   1.08027703E+00   1.07598117E+00   1.07143933E+00   1.06703099E+00   1.06239629E+00   1.05791861E+00   1.05324131E+00   1.04876003E+00   1.04409364E+00   1.03941300E+00   1.03456826E+00   1.02955462E+00   1.02436665E+00   1.01912854E+00   1.01403404E+00   1.00796845E+00   1.00000000E+00
   1.15063430E+00   1.15063432E+00   1.15063436E+00   1.15063444E+00   1.15063454E+00   1.15063467E+00   1.15063484E+00   1.15063505E+00   1.15063530E+00   1.15063561E+00   1.15063597E+00   1.15063640E+00   1.15063690E+00   1.15063749E+00   1.15063818E+00   1.15063898E+00   1.15063990E+00   1.15064097E+00   1.15064219E+00   1.15064360E+00   1.15064520E+00   1.15064703E+00   1.15064910E+00   1.15065144E+00   1.15065408E+00   1.15065705E+00   1.15066037E+00   1.15066409E+00   1.15066823E+00   1.15067282E+00   1.15067789E+00   1.15068347E+00   1.15068960E+00   1.15069631E+00   1.15070359E+00   1.15071149E+00   1.15072000E+00   1.15072912E+00   1.15073883E+00   1.15074910E+00   1.15075990E+00   1.15077112E+00   1.15078268E+00   1.15079443E+00   1.15080621E+00   1.15081775E+00   1.15082881E+00   1.15083900E+00   1.15084794E+00   1.15085502E+00   1.15085976E+00   1.15086125E+00   1.15085884E+00   1.15085122E+00   1.15083746E+00   1.15081581E+00   1.15078506E+00   1.15074293E+00   1.15068766E+00   1.15061629E+00   1.15052663E+00   1.15041480E+00   1.15027790E+00   1.15011085E+00   1.14991028E+00   1.14967019E+00   1.14938576E+00   1.14904894E+00   1.14865466E+00   1.14819308E+00   1.14765789E+00   1.14703768E+00   1.14632416E+00   1.14550349E+00   1.14456696E+00   1.14349866E+00   1.14228721E+00   1.14091382E+00   1.13936690E+00   1.13762589E+00   1.13567556E+00   1.13349049E+00   1.13105752E+00   1.12835187E+00   1.12535255E+00   1.12205999E+00   1.11843800E+00   1.11474120E+00   1.11070953E+00   1.10667616E+00   1.10233145E+00   1.09803873E+00   1.09345034E+00   1.08895127E+00   1.08417713E+00   1.07952307E+00   1.07462778E+00   1.06989821E+00   1.06493885E+00   1.06016479E+00   1.05520039E+00   1.05046349E+00   1.04553628E+00   1.04060459E+00   1.03552789E+00   1.03030749E+00   1.02492083E+00   1.01947079E+00   1.01422797E+00   1.00809339E+00   1.00000000E+00
   1.14267279E+00   1.14267280E+00   1.14267284E+00   1.14267290E+00   1.14267298E+00   1.14267309E+00   1.14267323E+00   1.14267341E+00   1.14267362E+00   1.14267387E+00   1.14267418E+00   1.14267454E+00   1.14267497E+00   1.14267547E+00   1.14267606E+00   1.14267675E+00   1.14267755E+00   1.14267848E+00   1.14267956E+00   1.14268079E+00   1.14268221E+00   1.14268383E+00   1.14268567E+00   1.14268777E+00   1.14269014E+00   1.14269282E+00   1.14269584E+00   1.14269922E+00   1.14270300E+00   1.14270722E+00   1.14271190E+00   1.14271708E+00   1.14272279E+00   1.14272906E+00   1.14273592E+00   1.14274340E+00   1.14275150E+00   1.14276025E+00   1.14276962E+00   1.14277962E+00   1.14279022E+00   1.14280135E+00   1.14281295E+00   1.14282490E+00   1.14283709E+00   1.14284928E+00   1.14286130E+00   1.14287280E+00   1.14288347E+00   1.14289280E+00   1.14290037E+00   1.14290537E+00   1.14290726E+00   1.14290487E+00   1.14289740E+00   1.14288328E+00   1.14286140E+00   1.14282973E+00   1.14278668E+00   1.14272957E+00   1.14265639E+00   1.14256355E+00   1.14244847E+00   1.14230641E+00   1.14213423E+00   1.14192635E+00   1.14167832E+00   1.14138264E+00   1.14103454E+00   1.14062478E+00   1.14014725E+00   1.13959117E+00   1.13894885E+00   1.13820703E+00   1.13735723E+00   1.13638416E+00   1.13527721E+00   1.13401815E+00   1.13259559E+00   1.13098945E+00   1.12918570E+00   1.12715972E+00   1.12489752E+00   1.12237484E+00   1.11957325E+00   1.11649144E+00   1.11309174E+00   1.10961337E+00   1.10581600E+00   1.10201159E+00   1.09790459E+00   1.09383869E+00   1.08948721E+00   1.08521359E+00   1.08067644E+00   1.07625023E+00   1.07158638E+00   1.06707379E+00   1.06234207E+00   1.05778412E+00   1.05303656E+00   1.04849996E+00   1.04378690E+00   1.03907159E+00   1.03420599E+00   1.02919467E+00   1.02402645E+00   1.01879619E+00   1.01377188E+00   1.00786120E+00   1.00000000E+00
   1.13866845E+00   1.13866846E+00   1.13866850E+00   1.13866855E+00   1.13866863E+00   1.13866873E+00   1.13866885E+00   1.13866901E+00   1.13866920E+00   1.13866943E+00   1.13866971E+00   1.13867004E+00   1.13867043E+00   1.13867090E+00   1.13867144E+00   1.13867208E+00   1.13867282E+00   1.13867368E+00   1.13867468E+00   1.13867583E+00   1.13867715E+00   1.13867867E+00   1.13868040E+00   1.13868238E+00   1.13868461E+00   1.13868714E+00   1.13868999E+00   1.13869320E+00   1.13869680E+00   1.13870081E+00   1.13870528E+00   1.13871024E+00   1.13871571E+00   1.13872174E+00   1.13872835E+00   1.13873557E+00   1.13874342E+00   1.13875191E+00   1.13876105E+00   1.13877083E+00   1.13878124E+00   1.13879221E+00   1.13880371E+00   1.13881562E+00   1.13882785E+00   1.13884019E+00   1.13885248E+00   1.13886441E+00   1.13887569E+00   1.13888586E+00   1.13889452E+00   1.13890093E+00   1.13890458E+00   1.13890438E+00   1.13889959E+00   1.13888872E+00   1.13887073E+00   1.13884369E+00   1.13880611E+00   1.13875544E+00   1.13868976E+00   1.13860565E+00   1.13850063E+00   1.13837020E+00   1.13821131E+00   1.13801858E+00   1.13778778E+00   1.13751165E+00   1.13718561E+00   1.13680071E+00   1.13635097E+00   1.13582593E+00   1.13521820E+00   1.13451482E+00   1.13370747E+00   1.13278118E+00   1.13172569E+00   1.13052313E+00   1.12916223E+00   1.12762317E+00   1.12589243E+00   1.12394582E+00   1.12176914E+00   1.11933836E+00   1.11663602E+00   1.11366007E+00   1.11037262E+00   1.10700493E+00   1.10332583E+00   1.09963688E+00   1.09565033E+00   1.09169974E+00   1.08746874E+00   1.08331003E+00   1.07889295E+00   1.07458190E+00   1.07003572E+00   1.06563375E+00   1.06101725E+00   1.05656854E+00   1.05193140E+00   1.04749722E+00   1.04289217E+00   1.03828531E+00   1.03352688E+00   1.02862243E+00   1.02356526E+00   1.01844690E+00   1.01353426E+00   1.00773897E+00   1.00000000E+00
   1.13615187E+00   1.13615188E+00   1.13615191E+00   1.13615196E+00   1.13615203E+00   1.13615212E+00   1.13615224E+00   1.13615239E+00   1.13615257E+00   1.13615279E+00   1.13615305E+00   1.13615336E+00   1.13615373E+00   1.13615417E+00   1.13615468E+00   1.13615529E+00   1.13615599E+00   1.13615682E+00   1.13615777E+00   1.13615887E+00   1.13616013E+00   1.13616158E+00   1.13616324E+00   1.13616514E+00   1.13616729E+00   1.13616972E+00   1.13617247E+00   1.13617557E+00   1.13617904E+00   1.13618292E+00   1.13618725E+00   1.13619206E+00   1.13619737E+00   1.13620324E+00   1.13620968E+00   1.13621673E+00   1.13622440E+00   1.13623271E+00   1.13624168E+00   1.13625129E+00   1.13626154E+00   1.13627238E+00   1.13628377E+00   1.13629560E+00   1.13630780E+00   1.13632017E+00   1.13633256E+00   1.13634468E+00   1.13635625E+00   1.13636684E+00   1.13637608E+00   1.13638325E+00   1.13638787E+00   1.13638890E+00   1.13638562E+00   1.13637661E+00   1.13636087E+00   1.13633653E+00   1.13630215E+00   1.13625528E+00   1.13619404E+00   1.13611512E+00   1.13601614E+00   1.13589270E+00   1.13574181E+00   1.13555827E+00   1.13533793E+00   1.13507372E+00   1.13476116E+00   1.13439149E+00   1.13395882E+00   1.13345290E+00   1.13286651E+00   1.13218692E+00   1.13140588E+00   1.13050866E+00   1.12948521E+00   1.12831787E+00   1.12699548E+00   1.12549841E+00   1.12381341E+00   1.12191658E+00   1.11979364E+00   1.11742070E+00   1.11478080E+00   1.11187148E+00   1.10865491E+00   1.10535722E+00   1.10175275E+00   1.09813665E+00   1.09422626E+00   1.09034870E+00   1.08619400E+00   1.08210814E+00   1.07776693E+00   1.07352857E+00   1.06905686E+00   1.06472494E+00   1.06018112E+00   1.05580125E+00   1.05123392E+00   1.04686455E+00   1.04232734E+00   1.03778836E+00   1.03309740E+00   1.02826042E+00   1.02327311E+00   1.01822515E+00   1.01338279E+00   1.00766054E+00   1.00000000E+00
   1.13519908E+00   1.13519909E+00   1.13519912E+00   1.13519917E+00   1.13519924E+00   1.13519933E+00   1.13519944E+00   1.13519959E+00   1.13519976E+00   1.13519997E+00   1.13520023E+00   1.13520053E+00   1.13520090E+00   1.13520133E+00   1.13520183E+00   1.13520242E+00   1.13520312E+00   1.13520392E+00   1.13520486E+00   1.13520594E+00   1.13520718E+00   1.13520861E+00   1.13521024E+00   1.13521210E+00   1.13521422E+00   1.13521662E+00   1.13521932E+00   1.13522238E+00   1.13522580E+00   1.13522964E+00   1.13523391E+00   1.13523866E+00   1.13524391E+00   1.13524972E+00   1.13525609E+00   1.13526306E+00   1.13527066E+00   1.13527891E+00   1.13528780E+00   1.13529734E+00   1.13530753E+00   1.13531831E+00   1.13532965E+00   1.13534145E+00   1.13535362E+00   1.13536599E+00   1.13537840E+00   1.13539057E+00   1.13540224E+00   1.13541297E+00   1.13542240E+00   1.13542984E+00   1.13543480E+00   1.13543626E+00   1.13543353E+00   1.13542520E+00   1.13541027E+00   1.13538691E+00   1.13535370E+00   1.13530823E+00   1.13524863E+00   1.13517163E+00   1.13507488E+00   1.13495403E+00   1.13480613E+00   1.13462601E+00   1.13440957E+00   1.13414983E+00   1.13384231E+00   1.13347835E+00   1.13305209E+00   1.13255336E+00   1.13197500E+00   1.13130437E+00   1.13053325E+00   1.12964702E+00   1.12863566E+00   1.12748166E+00   1.12617385E+00   1.12469270E+00   1.12302503E+00   1.12114708E+00   1.11904454E+00   1.11669358E+00   1.11407739E+00   1.11119339E+00   1.10800379E+00   1.10473274E+00   1.10115666E+00   1.09756824E+00   1.09368684E+00   1.08983708E+00   1.08571141E+00   1.08165328E+00   1.07734092E+00   1.07313015E+00   1.06868673E+00   1.06438144E+00   1.05986517E+00   1.05551137E+00   1.05097050E+00   1.04662569E+00   1.04211408E+00   1.03760066E+00   1.03293517E+00   1.02812368E+00   1.02316268E+00   1.01814122E+00   1.01332531E+00   1.00763066E+00   1.00000000E+00
   1.25478624E+00   1.25478631E+00   1.25478650E+00   1.25478675E+00   1.25478706E+00   1.25478741E+00   1.25478780E+00   1.25478824E+00   1.25478875E+00   1.25478934E+00   1.25479003E+00   1.25479084E+00   1.25479180E+00   1.25479293E+00   1.25479425E+00   1.25479581E+00   1.25479764E+00   1.25479980E+00   1.25480231E+00   1.25480523E+00   1.25480860E+00   1.25481249E+00   1.25481695E+00   1.25482210E+00   1.25482797E+00   1.25483462E+00   1.25484213E+00   1.25485068E+00   1.25486028E+00   1.25487102E+00   1.25488301E+00   1.25489649E+00   1.25491152E+00   1.25492818E+00   1.25494659E+00   1.25496701E+00   1.25498948E+00   1.25501401E+00   1.25504077E+00   1.25507005E+00   1.25510191E+00   1.25513635E+00   1.25517342E+00   1.25521327E+00   1.25525599E+00   1.25530146E+00   1.25534945E+00   1.25539986E+00   1.25545242E+00   1.25550642E+00   1.25556155E+00   1.25561752E+00   1.25567426E+00   1.25573064E+00   1.25578496E+00   1.25583474E+00   1.25587956E+00   1.25591704E+00   1.25594440E+00   1.25595858E+00   1.25595903E+00   1.25594168E+00   1.25589850E+00   1.25581846E+00   1.25570465E+00   1.25555834E+00   1.25536759E+00   1.25511449E+00   1.25479212E+00   1.25438594E+00   1.25389296E+00   1.25329893E+00   1.25258170E+00   1.25171393E+00   1.25069638E+00   1.24951082E+00   1.24812193E+00   1.24648713E+00   1.24461991E+00   1.24251361E+00   1.24009512E+00   1.23727618E+00   1.23410414E+00   1.23058001E+00   1.22656143E+00   1.22196954E+00   1.21688914E+00   1.21172452E+00   1.20594254E+00   1.19995656E+00   1.19344101E+00   1.18697356E+00   1.17999762E+00   1.17307844E+00   1.16556095E+00   1.15799894E+00   1.14996989E+00   1.14217168E+00   1.13382233E+00   1.12556893E+00   1.11687725E+00   1.10850205E+00   1.09954963E+00   1.09021907E+00   1.08036330E+00   1.06998013E+00   1.05901376E+00   1.04759118E+00   1.03530869E+00   1.01973252E+00   1.00000000E+00
   1.18325121E+00   1.18325122E+00   1.18325125E+00   1.18325130E+00   1.18325136E+00   1.18325142E+00   1.18325147E+00   1.18325153E+00   1.18325159E+00   1.18325167E+00   1.18325177E+00   1.18325189E+00   1.18325205E+00   1.18325227E+00   1.18325254E+00   1.18325288E+00   1.18325331E+00   1.18325385E+00   1.18325453E+00   1.18325538E+00   1.18325642E+00   1.18325768E+00   1.18325920E+00   1.18326103E+00   1.18326319E+00   1.18326572E+00   1.18326868E+00   1.18327219E+00   1.18327627E+00   1.18328099E+00   1.18328639E+00   1.18329261E+00   1.18329978E+00   1.18330800E+00   1.18331730E+00   1.18332789E+00   1.18333985E+00   1.18335324E+00   1.18336821E+00   1.18338511E+00   1.18340409E+00   1.18342524E+00   1.18344855E+00   1.18347427E+00   1.18350276E+00   1.18353422E+00   1.18356845E+00   1.18360568E+00   1.18364597E+00   1.18368918E+00   1.18373533E+00   1.18378488E+00   1.18383821E+00   1.18389492E+00   1.18395382E+00   1.18401389E+00   1.18407573E+00   1.18413837E+00   1.18420009E+00   1.18425992E+00   1.18431826E+00   1.18437302E+00   1.18441848E+00   1.18444811E+00   1.18446601E+00   1.18447472E+00   1.18446496E+00   1.18442444E+00   1.18434903E+00   1.18422948E+00   1.18406463E+00   1.18384433E+00   1.18355178E+00   1.18316848E+00   1.18269492E+00   1.18211656E+00   1.18140607E+00   1.18053284E+00   1.17950564E+00   1.17831301E+00   1.17689852E+00   1.17520229E+00   1.17325702E+00   1.17104899E+00   1.16846905E+00   1.16546270E+00   1.16208854E+00   1.15860190E+00   1.15463453E+00   1.15047699E+00   1.14590621E+00   1.14132043E+00   1.13632328E+00   1.13131984E+00   1.12584061E+00   1.12029928E+00   1.11438607E+00   1.10860880E+00   1.10238537E+00   1.09620216E+00   1.08966774E+00   1.08333742E+00   1.07651544E+00   1.06938305E+00   1.06186237E+00   1.05394421E+00   1.04553380E+00   1.03671638E+00   1.02730094E+00   1.01535848E+00   1.00000000E+00
   1.14495560E+00   1.14495557E+00   1.14495553E+00   1.14495552E+00   1.14495553E+00   1.14495554E+00   1.14495555E+00   1.14495556E+00   1.14495557E+00   1.14495558E+00   1.14495560E+00   1.14495561E+00   1.14495564E+00   1.14495569E+00   1.14495575E+00   1.14495583E+00   1.14495593E+00   1.14495609E+00   1.14495630E+00   1.14495661E+00   1.14495701E+00   1.14495753E+00   1.14495818E+00   1.14495900E+00   1.14496001E+00   1.14496121E+00   1.14496267E+00   1.14496447E+00   1.14496664E+00   1.14496923E+00   1.14497222E+00   1.14497574E+00   1.14497991E+00   1.14498482E+00   1.14499047E+00   1.14499702E+00   1.14500455E+00   1.14501311E+00   1.14502284E+00   1.14503408E+00   1.14504698E+00   1.14506164E+00   1.14507799E+00   1.14509628E+00   1.14511698E+00   1.14514030E+00   1.14516610E+00   1.14519464E+00   1.14522610E+00   1.14526053E+00   1.14529803E+00   1.14533932E+00   1.14538489E+00   1.14543460E+00   1.14548749E+00   1.14554315E+00   1.14560251E+00   1.14566515E+00   1.14572986E+00   1.14579661E+00   1.14586608E+00   1.14593707E+00   1.14600510E+00   1.14606601E+00   1.14612394E+00   1.14618176E+00   1.14623191E+00   1.14626549E+00   1.14627967E+00   1.14626789E+00   1.14622984E+00   1.14615783E+00   1.14603855E+00   1.14585850E+00   1.14561781E+00   1.14530454E+00   1.14489660E+00   1.14437054E+00   1.14373190E+00   1.14296760E+00   1.14203281E+00   1.14088440E+00   1.13954479E+00   1.13799369E+00   1.13614449E+00   1.13395638E+00   1.13146952E+00   1.12886428E+00   1.12586523E+00   1.12269515E+00   1.11918087E+00   1.11562422E+00   1.11171829E+00   1.10778009E+00   1.10344480E+00   1.09904396E+00   1.09432638E+00   1.08969413E+00   1.08468166E+00   1.07967886E+00   1.07437148E+00   1.06920702E+00   1.06361279E+00   1.05774915E+00   1.05156285E+00   1.04503834E+00   1.03807459E+00   1.03074451E+00   1.02295420E+00   1.01301014E+00   1.00000000E+00
   1.11993132E+00   1.11993127E+00   1.11993117E+00   1.11993113E+00   1.11993112E+00   1.11993113E+00   1.11993115E+00   1.11993117E+00   1.11993120E+00   1.11993124E+00   1.11993127E+00   1.11993129E+00   1.11993132E+00   1.11993136E+00   1.11993139E+00   1.11993141E+00   1.11993143E+00   1.11993147E+00   1.11993154E+00   1.11993166E+00   1.11993183E+00   1.11993206E+00   1.11993236E+00   1.11993276E+00   1.11993327E+00   1.11993390E+00   1.11993467E+00   1.11993568E+00   1.11993696E+00   1.11993852E+00   1.11994035E+00   1.11994252E+00   1.11994517E+00   1.11994838E+00   1.11995212E+00   1.11995653E+00   1.11996166E+00   1.11996758E+00   1.11997438E+00   1.11998239E+00   1.11999178E+00   1.12000262E+00   1.12001480E+00   1.12002855E+00   1.12004436E+00   1.12006249E+00   1.12008273E+00   1.12010541E+00   1.12013073E+00   1.12015879E+00   1.12018974E+00   1.12022440E+00   1.12026331E+00   1.12030645E+00   1.12035294E+00   1.12040269E+00   1.12045681E+00   1.12051509E+00   1.12057664E+00   1.12064196E+00   1.12071181E+00   1.12078549E+00   1.12085926E+00   1.12093040E+00   1.12100301E+00   1.12108004E+00   1.12115505E+00   1.12122138E+00   1.12127685E+00   1.12131658E+00   1.12134083E+00   1.12134351E+00   1.12131358E+00   1.12124100E+00   1.12112562E+00   1.12095741E+00   1.12071768E+00   1.12038791E+00   1.11997173E+00   1.11945559E+00   1.11880245E+00   1.11798036E+00   1.11700520E+00   1.11585313E+00   1.11445282E+00   1.11277337E+00   1.11084337E+00   1.10879714E+00   1.10641873E+00   1.10388748E+00   1.10106217E+00   1.09818222E+00   1.09499952E+00   1.09177257E+00   1.08820571E+00   1.08457388E+00   1.08066511E+00   1.07681007E+00   1.07262232E+00   1.06842483E+00   1.06395524E+00   1.05958903E+00   1.05483990E+00   1.04984927E+00   1.04457650E+00   1.03900131E+00   1.03302350E+00   1.02671004E+00   1.02002560E+00   1.01142954E+00   1.00000000E+00
   1.11021663E+00   1.11021657E+00   1.11021645E+00   1.11021640E+00   1.11021638E+00   1.11021640E+00   1.11021643E+00   1.11021647E+00   1.11021652E+00   1.11021658E+00   1.11021663E+00   1.11021668E+00   1.11021672E+00   1.11021678E+00   1.11021682E+00   1.11021685E+00   1.11021686E+00   1.11021688E+00   1.11021691E+00   1.11021699E+00   1.11021711E+00   1.11021727E+00   1.11021747E+00   1.11021775E+00   1.11021812E+00   1.11021857E+00   1.11021914E+00   1.11021990E+00   1.11022089E+00   1.11022213E+00   1.11022358E+00   1.11022530E+00   1.11022745E+00   1.11023009E+00   1.11023318E+00   1.11023684E+00   1.11024114E+00   1.11024613E+00   1.11025188E+00   1.11025874E+00   1.11026685E+00   1.11027630E+00   1.11028693E+00   1.11029896E+00   1.11031293E+00   1.11032905E+00   1.11034713E+00   1.11036749E+00   1.11039034E+00   1.11041578E+00   1.11044398E+00   1.11047581E+00   1.11051178E+00   1.11055195E+00   1.11059540E+00   1.11064220E+00   1.11069348E+00   1.11074912E+00   1.11080829E+00   1.11087172E+00   1.11094017E+00   1.11101312E+00   1.11108705E+00   1.11115980E+00   1.11123548E+00   1.11131703E+00   1.11139840E+00   1.11147382E+00   1.11154126E+00   1.11159648E+00   1.11164000E+00   1.11166630E+00   1.11166520E+00   1.11162806E+00   1.11155462E+00   1.11143558E+00   1.11125351E+00   1.11099190E+00   1.11065371E+00   1.11022529E+00   1.10967253E+00   1.10896798E+00   1.10812518E+00   1.10711893E+00   1.10588378E+00   1.10439329E+00   1.10267197E+00   1.10083695E+00   1.09869473E+00   1.09640853E+00   1.09384943E+00   1.09123278E+00   1.08833317E+00   1.08538616E+00   1.08212294E+00   1.07879579E+00   1.07520842E+00   1.07166303E+00   1.06780445E+00   1.06392883E+00   1.05979446E+00   1.05574810E+00   1.05133827E+00   1.04669787E+00   1.04179061E+00   1.03659422E+00   1.03100975E+00   1.02510227E+00   1.01885843E+00   1.01079868E+00   1.00000000E+00
   1.25132236E+00   1.25132243E+00   1.25132262E+00   1.25132287E+00   1.25132318E+00   1.25132353E+00   1.25132393E+00   1.25132438E+00   1.25132491E+00   1.25132552E+00   1.25132624E+00   1.25132709E+00   1.25132809E+00   1.25132927E+00   1.25133065E+00   1.25133227E+00   1.25133418E+00   1.25133641E+00   1.25133901E+00   1.25134202E+00   1.25134549E+00   1.25134950E+00   1.25135409E+00   1.25135936E+00   1.25136535E+00   1.25137214E+00   1.25137981E+00   1.25138851E+00   1.25139826E+00   1.25140919E+00   1.25142139E+00   1.25143505E+00   1.25145026E+00   1.25146711E+00   1.25148571E+00   1.25150626E+00   1.25152885E+00   1.25155352E+00   1.25158042E+00   1.25160977E+00   1.25164163E+00   1.25167603E+00   1.25171299E+00   1.25175260E+00   1.25179490E+00   1.25183977E+00   1.25188696E+00   1.25193627E+00   1.25198746E+00   1.25203994E+00   1.25209336E+00   1.25214719E+00   1.25220109E+00   1.25225363E+00   1.25230334E+00   1.25234785E+00   1.25238650E+00   1.25241679E+00   1.25243606E+00   1.25244097E+00   1.25242987E+00   1.25239786E+00   1.25233881E+00   1.25224387E+00   1.25211319E+00   1.25194390E+00   1.25172509E+00   1.25144069E+00   1.25108432E+00   1.25064123E+00   1.25010592E+00   1.24946246E+00   1.24869188E+00   1.24776927E+00   1.24669044E+00   1.24543389E+00   1.24397136E+00   1.24226636E+00   1.24031938E+00   1.23811111E+00   1.23558671E+00   1.23267723E+00   1.22940420E+00   1.22574553E+00   1.22159545E+00   1.21691036E+00   1.21173175E+00   1.20644293E+00   1.20054567E+00   1.19448494E+00   1.18789902E+00   1.18136158E+00   1.17431116E+00   1.16732257E+00   1.15976524E+00   1.15221826E+00   1.14422202E+00   1.13645419E+00   1.12815306E+00   1.11998258E+00   1.11140507E+00   1.10315447E+00   1.09435794E+00   1.08523881E+00   1.07565390E+00   1.06560273E+00   1.05501669E+00   1.04403987E+00   1.03239245E+00   1.01796645E+00   1.00000000E+00
   1.18570164E+00   1.18570165E+00   1.18570168E+00   1.18570173E+00   1.18570180E+00   1.18570186E+00   1.18570193E+00   1.18570200E+00   1.18570209E+00   1.18570220E+00   1.18570233E+00   1.18570249E+00   1.18570270E+00   1.18570298E+00   1.18570332E+00   1.18570375E+00   1.18570428E+00   1.18570496E+00   1.18570578E+00   1.18570680E+00   1.18570802E+00   1.18570950E+00   1.18571126E+00   1.18571335E+00   1.18571582E+00   1.18571870E+00   1.18572206E+00   1.18572600E+00   1.18573056E+00   1.18573581E+00   1.18574181E+00   1.18574869E+00   1.18575658E+00   1.18576558E+00   1.18577573E+00   1.18578722E+00   1.18580015E+00   1.18581465E+00   1.18583083E+00   1.18584900E+00   1.18586926E+00   1.18589174E+00   1.18591647E+00   1.18594369E+00   1.18597367E+00   1.18600654E+00   1.18604218E+00   1.18608073E+00   1.18612228E+00   1.18616678E+00   1.18621420E+00   1.18626471E+00   1.18631840E+00   1.18637466E+00   1.18643262E+00   1.18649129E+00   1.18655090E+00   1.18661029E+00   1.18666786E+00   1.18672224E+00   1.18677284E+00   1.18681690E+00   1.18685027E+00   1.18686773E+00   1.18687042E+00   1.18685723E+00   1.18682001E+00   1.18674790E+00   1.18663679E+00   1.18647654E+00   1.18626353E+00   1.18598606E+00   1.18562971E+00   1.18517670E+00   1.18462329E+00   1.18395225E+00   1.18314143E+00   1.18216325E+00   1.18101613E+00   1.17968037E+00   1.17811354E+00   1.17626634E+00   1.17415029E+00   1.17173784E+00   1.16894944E+00   1.16575216E+00   1.16216685E+00   1.15844732E+00   1.15424734E+00   1.14988927E+00   1.14510687E+00   1.14030994E+00   1.13508789E+00   1.12986765E+00   1.12418925E+00   1.11849555E+00   1.11242683E+00   1.10649287E+00   1.10012287E+00   1.09382946E+00   1.08719530E+00   1.08078327E+00   1.07391653E+00   1.06679328E+00   1.05931434E+00   1.05147210E+00   1.04317546E+00   1.03453629E+00   1.02543317E+00   1.01417864E+00   1.00000000E+00
   1.15124998E+00   1.15124996E+00   1.15124993E+00   1.15124993E+00   1.15124993E+00   1.15124993E+00   1.15124994E+00   1.15124994E+00   1.15124995E+00   1.15124996E+00   1.15124998E+00   1.15125001E+00   1.15125006E+00   1.15125013E+00   1.15125023E+00   1.15125037E+00   1.15125055E+00   1.15125081E+00   1.15125114E+00   1.15125158E+00   1.15125214E+00   1.15125285E+00   1.15125371E+00   1.15125478E+00   1.15125608E+00   1.15125764E+00   1.15125950E+00   1.15126175E+00   1.15126442E+00   1.15126757E+00   1.15127121E+00   1.15127547E+00   1.15128046E+00   1.15128627E+00   1.15129292E+00   1.15130057E+00   1.15130931E+00   1.15131928E+00   1.15133057E+00   1.15134347E+00   1.15135811E+00   1.15137461E+00   1.15139300E+00   1.15141353E+00   1.15143655E+00   1.15146223E+00   1.15149050E+00   1.15152161E+00   1.15155573E+00   1.15159300E+00   1.15163349E+00   1.15167761E+00   1.15172559E+00   1.15177716E+00   1.15183169E+00   1.15188879E+00   1.15194897E+00   1.15201163E+00   1.15207569E+00   1.15214068E+00   1.15220638E+00   1.15227105E+00   1.15233155E+00   1.15238449E+00   1.15243128E+00   1.15247159E+00   1.15249892E+00   1.15250531E+00   1.15248779E+00   1.15243863E+00   1.15235516E+00   1.15222815E+00   1.15204605E+00   1.15179514E+00   1.15147184E+00   1.15106175E+00   1.15054661E+00   1.14990419E+00   1.14913173E+00   1.14821043E+00   1.14710599E+00   1.14578016E+00   1.14423825E+00   1.14245137E+00   1.14035654E+00   1.13792658E+00   1.13516960E+00   1.13227441E+00   1.12897698E+00   1.12553176E+00   1.12172105E+00   1.11786740E+00   1.11364324E+00   1.10939427E+00   1.10475294E+00   1.10008316E+00   1.09508003E+00   1.09016256E+00   1.08486637E+00   1.07961636E+00   1.07406065E+00   1.06867130E+00   1.06288575E+00   1.05687852E+00   1.05056430E+00   1.04392939E+00   1.03688266E+00   1.02952651E+00   1.02180584E+00   1.01222101E+00   1.00000000E+00
   1.12893221E+00   1.12893217E+00   1.12893209E+00   1.12893205E+00   1.12893202E+00   1.12893201E+00   1.12893200E+00   1.12893200E+00   1.12893200E+00   1.12893201E+00   1.12893202E+00   1.12893203E+00   1.12893204E+00   1.12893207E+00   1.12893210E+00   1.12893215E+00   1.12893221E+00   1.12893231E+00   1.12893246E+00   1.12893267E+00   1.12893296E+00   1.12893333E+00   1.12893380E+00   1.12893441E+00   1.12893517E+00   1.12893610E+00   1.12893724E+00   1.12893866E+00   1.12894039E+00   1.12894248E+00   1.12894491E+00   1.12894781E+00   1.12895126E+00   1.12895536E+00   1.12896010E+00   1.12896563E+00   1.12897203E+00   1.12897941E+00   1.12898788E+00   1.12899769E+00   1.12900898E+00   1.12902187E+00   1.12903634E+00   1.12905267E+00   1.12907122E+00   1.12909218E+00   1.12911547E+00   1.12914141E+00   1.12917019E+00   1.12920203E+00   1.12923704E+00   1.12927575E+00   1.12931845E+00   1.12936504E+00   1.12941500E+00   1.12946828E+00   1.12952551E+00   1.12958638E+00   1.12965012E+00   1.12971678E+00   1.12978633E+00   1.12985758E+00   1.12992802E+00   1.12999538E+00   1.13006122E+00   1.13012563E+00   1.13018316E+00   1.13022775E+00   1.13025705E+00   1.13026488E+00   1.13024921E+00   1.13020243E+00   1.13011489E+00   1.12997563E+00   1.12978125E+00   1.12951933E+00   1.12917421E+00   1.12872743E+00   1.12817572E+00   1.12750136E+00   1.12667547E+00   1.12566729E+00   1.12447846E+00   1.12307993E+00   1.12141967E+00   1.11947500E+00   1.11724662E+00   1.11488248E+00   1.11217071E+00   1.10932116E+00   1.10614821E+00   1.10291750E+00   1.09935608E+00   1.09575515E+00   1.09180729E+00   1.08782245E+00   1.08353375E+00   1.07929954E+00   1.07472588E+00   1.07017787E+00   1.06534814E+00   1.06064829E+00   1.05559290E+00   1.05033680E+00   1.04480181E+00   1.03896986E+00   1.03275330E+00   1.02625001E+00   1.01944283E+00   1.01094770E+00   1.00000000E+00
   1.12029478E+00   1.12029473E+00   1.12029462E+00   1.12029457E+00   1.12029454E+00   1.12029452E+00   1.12029452E+00   1.12029453E+00   1.12029454E+00   1.12029455E+00   1.12029457E+00   1.12029458E+00   1.12029460E+00   1.12029463E+00   1.12029465E+00   1.12029468E+00   1.12029472E+00   1.12029479E+00   1.12029488E+00   1.12029503E+00   1.12029524E+00   1.12029552E+00   1.12029587E+00   1.12029633E+00   1.12029692E+00   1.12029766E+00   1.12029856E+00   1.12029971E+00   1.12030114E+00   1.12030286E+00   1.12030489E+00   1.12030731E+00   1.12031024E+00   1.12031374E+00   1.12031781E+00   1.12032258E+00   1.12032814E+00   1.12033459E+00   1.12034202E+00   1.12035070E+00   1.12036074E+00   1.12037227E+00   1.12038526E+00   1.12039998E+00   1.12041679E+00   1.12043589E+00   1.12045721E+00   1.12048106E+00   1.12050765E+00   1.12053722E+00   1.12056988E+00   1.12060622E+00   1.12064652E+00   1.12069075E+00   1.12073842E+00   1.12078960E+00   1.12084496E+00   1.12090427E+00   1.12096687E+00   1.12103301E+00   1.12110271E+00   1.12117501E+00   1.12124756E+00   1.12131857E+00   1.12138962E+00   1.12146099E+00   1.12152756E+00   1.12158405E+00   1.12162827E+00   1.12165465E+00   1.12166143E+00   1.12164160E+00   1.12158622E+00   1.12148549E+00   1.12133604E+00   1.12112627E+00   1.12084147E+00   1.12046478E+00   1.11999281E+00   1.11940834E+00   1.11868454E+00   1.11779374E+00   1.11673638E+00   1.11548340E+00   1.11398695E+00   1.11222658E+00   1.11020046E+00   1.10804092E+00   1.10555580E+00   1.10293777E+00   1.10001387E+00   1.09702750E+00   1.09372702E+00   1.09038199E+00   1.08670826E+00   1.08299425E+00   1.07898855E+00   1.07502542E+00   1.07073844E+00   1.06646891E+00   1.06192730E+00   1.05750118E+00   1.05273549E+00   1.04777661E+00   1.04254895E+00   1.03703261E+00   1.03114189E+00   1.02497313E+00   1.01852304E+00   1.01045189E+00   1.00000000E+00
   1.24482512E+00   1.24482519E+00   1.24482537E+00   1.24482561E+00   1.24482590E+00   1.24482624E+00   1.24482663E+00   1.24482709E+00   1.24482761E+00   1.24482823E+00   1.24482895E+00   1.24482981E+00   1.24483081E+00   1.24483201E+00   1.24483340E+00   1.24483504E+00   1.24483697E+00   1.24483922E+00   1.24484182E+00   1.24484485E+00   1.24484834E+00   1.24485236E+00   1.24485696E+00   1.24486223E+00   1.24486821E+00   1.24487500E+00   1.24488266E+00   1.24489133E+00   1.24490105E+00   1.24491195E+00   1.24492410E+00   1.24493769E+00   1.24495281E+00   1.24496955E+00   1.24498800E+00   1.24500837E+00   1.24503072E+00   1.24505515E+00   1.24508175E+00   1.24511073E+00   1.24514214E+00   1.24517599E+00   1.24521230E+00   1.24525110E+00   1.24529243E+00   1.24533614E+00   1.24538196E+00   1.24542966E+00   1.24547898E+00   1.24552935E+00   1.24558035E+00   1.24563127E+00   1.24568163E+00   1.24572989E+00   1.24577468E+00   1.24581367E+00   1.24584596E+00   1.24586892E+00   1.24587988E+00   1.24587526E+00   1.24585293E+00   1.24580770E+00   1.24573423E+00   1.24562438E+00   1.24547653E+00   1.24528561E+00   1.24504156E+00   1.24472956E+00   1.24434317E+00   1.24386738E+00   1.24329536E+00   1.24261048E+00   1.24179559E+00   1.24082723E+00   1.23969850E+00   1.23838653E+00   1.23686656E+00   1.23510510E+00   1.23309602E+00   1.23081433E+00   1.22821527E+00   1.22524043E+00   1.22189765E+00   1.21815579E+00   1.21393112E+00   1.20919757E+00   1.20396907E+00   1.19861942E+00   1.19267828E+00   1.18661021E+00   1.18002998E+00   1.17350431E+00   1.16647551E+00   1.15952018E+00   1.15202921E+00   1.14459052E+00   1.13672299E+00   1.12908494E+00   1.12094600E+00   1.11297214E+00   1.10462406E+00   1.09660760E+00   1.08808871E+00   1.07931398E+00   1.07014554E+00   1.06057888E+00   1.05053054E+00   1.04016043E+00   1.02930987E+00   1.01616166E+00   1.00000000E+00
   1.18606759E+00   1.18606761E+00   1.18606765E+00   1.18606770E+00   1.18606777E+00   1.18606785E+00   1.18606793E+00   1.18606802E+00   1.18606813E+00   1.18606827E+00   1.18606844E+00   1.18606865E+00   1.18606891E+00   1.18606925E+00   1.18606968E+00   1.18607020E+00   1.18607084E+00   1.18607164E+00   1.18607261E+00   1.18607379E+00   1.18607519E+00   1.18607688E+00   1.18607887E+00   1.18608122E+00   1.18608398E+00   1.18608720E+00   1.18609093E+00   1.18609527E+00   1.18610027E+00   1.18610601E+00   1.18611256E+00   1.18612005E+00   1.18612859E+00   1.18613828E+00   1.18614919E+00   1.18616149E+00   1.18617530E+00   1.18619075E+00   1.18620795E+00   1.18622716E+00   1.18624849E+00   1.18627206E+00   1.18629793E+00   1.18632630E+00   1.18635738E+00   1.18639127E+00   1.18642788E+00   1.18646730E+00   1.18650959E+00   1.18655467E+00   1.18660243E+00   1.18665285E+00   1.18670586E+00   1.18676075E+00   1.18681677E+00   1.18687284E+00   1.18692885E+00   1.18698344E+00   1.18703498E+00   1.18708172E+00   1.18712254E+00   1.18715431E+00   1.18717342E+00   1.18717481E+00   1.18715787E+00   1.18711951E+00   1.18705228E+00   1.18694592E+00   1.18679598E+00   1.18659153E+00   1.18632747E+00   1.18599121E+00   1.18556962E+00   1.18504512E+00   1.18441143E+00   1.18364989E+00   1.18274088E+00   1.18165799E+00   1.18039417E+00   1.17892588E+00   1.17721837E+00   1.17522755E+00   1.17295359E+00   1.17036391E+00   1.16739615E+00   1.16402746E+00   1.16025562E+00   1.15634196E+00   1.15195316E+00   1.14743581E+00   1.14249192E+00   1.13754149E+00   1.13216585E+00   1.12680757E+00   1.12101055E+00   1.11523502E+00   1.10909000E+00   1.10308835E+00   1.09667442E+00   1.09037401E+00   1.08375026E+00   1.07736264E+00   1.07056256E+00   1.06356528E+00   1.05625360E+00   1.04861323E+00   1.04056095E+00   1.03223649E+00   1.02357793E+00   1.01307139E+00   1.00000000E+00
   1.15566828E+00   1.15566826E+00   1.15566825E+00   1.15566825E+00   1.15566825E+00   1.15566826E+00   1.15566827E+00   1.15566828E+00   1.15566830E+00   1.15566833E+00   1.15566837E+00   1.15566843E+00   1.15566851E+00   1.15566864E+00   1.15566880E+00   1.15566901E+00   1.15566929E+00   1.15566966E+00   1.15567013E+00   1.15567073E+00   1.15567147E+00   1.15567239E+00   1.15567350E+00   1.15567486E+00   1.15567648E+00   1.15567841E+00   1.15568070E+00   1.15568343E+00   1.15568663E+00   1.15569037E+00   1.15569470E+00   1.15569973E+00   1.15570555E+00   1.15571228E+00   1.15571995E+00   1.15572872E+00   1.15573871E+00   1.15575003E+00   1.15576281E+00   1.15577730E+00   1.15579360E+00   1.15581188E+00   1.15583219E+00   1.15585477E+00   1.15587987E+00   1.15590768E+00   1.15593814E+00   1.15597149E+00   1.15600785E+00   1.15604733E+00   1.15608995E+00   1.15613592E+00   1.15618533E+00   1.15623782E+00   1.15629290E+00   1.15635004E+00   1.15640941E+00   1.15647019E+00   1.15653128E+00   1.15659176E+00   1.15665093E+00   1.15670662E+00   1.15675612E+00   1.15679591E+00   1.15682578E+00   1.15684362E+00   1.15684345E+00   1.15681748E+00   1.15676231E+00   1.15666919E+00   1.15653392E+00   1.15634626E+00   1.15609553E+00   1.15576746E+00   1.15535620E+00   1.15484577E+00   1.15421972E+00   1.15345588E+00   1.15254688E+00   1.15147086E+00   1.15019917E+00   1.14869555E+00   1.14695596E+00   1.14494830E+00   1.14262271E+00   1.13995794E+00   1.13694311E+00   1.13378263E+00   1.13021484E+00   1.12652145E+00   1.12245054E+00   1.11834485E+00   1.11386073E+00   1.10936748E+00   1.10448969E+00   1.09961560E+00   1.09440511E+00   1.08929334E+00   1.08381810E+00   1.07842656E+00   1.07273829E+00   1.06723571E+00   1.06137204E+00   1.05533744E+00   1.04902066E+00   1.04240209E+00   1.03540678E+00   1.02816833E+00   1.02066266E+00   1.01150893E+00   1.00000000E+00
   1.13614201E+00   1.13614198E+00   1.13614192E+00   1.13614188E+00   1.13614186E+00   1.13614184E+00   1.13614183E+00   1.13614182E+00   1.13614182E+00   1.13614182E+00   1.13614183E+00   1.13614184E+00   1.13614187E+00   1.13614192E+00   1.13614199E+00   1.13614208E+00   1.13614222E+00   1.13614241E+00   1.13614267E+00   1.13614301E+00   1.13614345E+00   1.13614401E+00   1.13614470E+00   1.13614557E+00   1.13614663E+00   1.13614793E+00   1.13614949E+00   1.13615138E+00   1.13615364E+00   1.13615632E+00   1.13615946E+00   1.13616315E+00   1.13616749E+00   1.13617257E+00   1.13617841E+00   1.13618517E+00   1.13619294E+00   1.13620185E+00   1.13621201E+00   1.13622365E+00   1.13623689E+00   1.13625188E+00   1.13626868E+00   1.13628753E+00   1.13630872E+00   1.13633242E+00   1.13635864E+00   1.13638766E+00   1.13641962E+00   1.13645474E+00   1.13649309E+00   1.13653500E+00   1.13658063E+00   1.13662981E+00   1.13668221E+00   1.13673760E+00   1.13679626E+00   1.13685771E+00   1.13692113E+00   1.13698613E+00   1.13705221E+00   1.13711777E+00   1.13718066E+00   1.13723830E+00   1.13729074E+00   1.13733646E+00   1.13737041E+00   1.13738642E+00   1.13738166E+00   1.13734884E+00   1.13728441E+00   1.13717963E+00   1.13702545E+00   1.13680993E+00   1.13652752E+00   1.13616417E+00   1.13570554E+00   1.13513250E+00   1.13443768E+00   1.13360070E+00   1.13259688E+00   1.13139529E+00   1.12998957E+00   1.12834838E+00   1.12642979E+00   1.12421415E+00   1.12168589E+00   1.11901304E+00   1.11597897E+00   1.11282272E+00   1.10932331E+00   1.10577319E+00   1.10187761E+00   1.09795693E+00   1.09368762E+00   1.08940965E+00   1.08481824E+00   1.08029688E+00   1.07544382E+00   1.07065381E+00   1.06558476E+00   1.06066816E+00   1.05542365E+00   1.05002230E+00   1.04435648E+00   1.03840323E+00   1.03209494E+00   1.02556204E+00   1.01880134E+00   1.01051231E+00   1.00000000E+00
   1.12861910E+00   1.12861905E+00   1.12861897E+00   1.12861893E+00   1.12861889E+00   1.12861887E+00   1.12861886E+00   1.12861884E+00   1.12861884E+00   1.12861884E+00   1.12861885E+00   1.12861885E+00   1.12861887E+00   1.12861891E+00   1.12861895E+00   1.12861902E+00   1.12861912E+00   1.12861926E+00   1.12861945E+00   1.12861971E+00   1.12862006E+00   1.12862051E+00   1.12862107E+00   1.12862178E+00   1.12862266E+00   1.12862374E+00   1.12862505E+00   1.12862665E+00   1.12862859E+00   1.12863091E+00   1.12863363E+00   1.12863685E+00   1.12864066E+00   1.12864514E+00   1.12865032E+00   1.12865635E+00   1.12866331E+00   1.12867133E+00   1.12868051E+00   1.12869108E+00   1.12870316E+00   1.12871690E+00   1.12873234E+00   1.12874975E+00   1.12876939E+00   1.12879146E+00   1.12881597E+00   1.12884321E+00   1.12887334E+00   1.12890660E+00   1.12894308E+00   1.12898315E+00   1.12902700E+00   1.12907453E+00   1.12912543E+00   1.12917959E+00   1.12923736E+00   1.12929833E+00   1.12936181E+00   1.12942761E+00   1.12949527E+00   1.12956344E+00   1.12963012E+00   1.12969313E+00   1.12975260E+00   1.12980726E+00   1.12985237E+00   1.12988239E+00   1.12989470E+00   1.12988256E+00   1.12984270E+00   1.12976697E+00   1.12964692E+00   1.12947156E+00   1.12923550E+00   1.12892545E+00   1.12852788E+00   1.12802493E+00   1.12740932E+00   1.12666130E+00   1.12575769E+00   1.12466977E+00   1.12339044E+00   1.12188868E+00   1.12012554E+00   1.11808227E+00   1.11574181E+00   1.11325805E+00   1.11043137E+00   1.10748427E+00   1.10420810E+00   1.10087561E+00   1.09721108E+00   1.09351548E+00   1.08948529E+00   1.08544141E+00   1.08109338E+00   1.07680426E+00   1.07219563E+00   1.06764164E+00   1.06281557E+00   1.05812872E+00   1.05312644E+00   1.04797196E+00   1.04255916E+00   1.03686381E+00   1.03082131E+00   1.02456099E+00   1.01808714E+00   1.01012969E+00   1.00000000E+00
   1.23594830E+00   1.23594837E+00   1.23594854E+00   1.23594876E+00   1.23594904E+00   1.23594937E+00   1.23594974E+00   1.23595018E+00   1.23595070E+00   1.23595131E+00   1.23595203E+00   1.23595288E+00   1.23595388E+00   1.23595506E+00   1.23595645E+00   1.23595808E+00   1.23595999E+00   1.23596222E+00   1.23596480E+00   1.23596780E+00   1.23597125E+00   1.23597522E+00   1.23597976E+00   1.23598495E+00   1.23599085E+00   1.23599753E+00   1.23600507E+00   1.23601360E+00   1.23602316E+00   1.23603387E+00   1.23604581E+00   1.23605914E+00   1.23607395E+00   1.23609035E+00   1.23610842E+00   1.23612833E+00   1.23615015E+00   1.23617398E+00   1.23619992E+00   1.23622811E+00   1.23625860E+00   1.23629141E+00   1.23632653E+00   1.23636395E+00   1.23640368E+00   1.23644554E+00   1.23648927E+00   1.23653457E+00   1.23658117E+00   1.23662846E+00   1.23667597E+00   1.23672284E+00   1.23676850E+00   1.23681132E+00   1.23684997E+00   1.23688209E+00   1.23690663E+00   1.23692076E+00   1.23692181E+00   1.23690603E+00   1.23687096E+00   1.23681125E+00   1.23672192E+00   1.23659512E+00   1.23642816E+00   1.23621462E+00   1.23594515E+00   1.23560577E+00   1.23518990E+00   1.23468249E+00   1.23407595E+00   1.23335349E+00   1.23249922E+00   1.23149082E+00   1.23031974E+00   1.22896267E+00   1.22739711E+00   1.22559182E+00   1.22353692E+00   1.22120497E+00   1.21855801E+00   1.21554498E+00   1.21216571E+00   1.20838579E+00   1.20413664E+00   1.19940293E+00   1.19418083E+00   1.18883818E+00   1.18292941E+00   1.17692792E+00   1.17043481E+00   1.16400458E+00   1.15709118E+00   1.15026543E+00   1.14294110E+00   1.13570296E+00   1.12806240E+00   1.12065478E+00   1.11278753E+00   1.10511470E+00   1.09710292E+00   1.08942462E+00   1.08129586E+00   1.07297763E+00   1.06433437E+00   1.05535498E+00   1.04595093E+00   1.03629696E+00   1.02633518E+00   1.01447403E+00   1.00000000E+00
   1.18446368E+00   1.18446369E+00   1.18446374E+00   1.18446380E+00   1.18446388E+00   1.18446397E+00   1.18446407E+00   1.18446418E+00   1.18446432E+00   1.18446450E+00   1.18446471E+00   1.18446497E+00   1.18446530E+00   1.18446572E+00   1.18446622E+00   1.18446685E+00   1.18446761E+00   1.18446854E+00   1.18446965E+00   1.18447099E+00   1.18447258E+00   1.18447448E+00   1.18447670E+00   1.18447931E+00   1.18448236E+00   1.18448589E+00   1.18448997E+00   1.18449469E+00   1.18450011E+00   1.18450631E+00   1.18451336E+00   1.18452140E+00   1.18453051E+00   1.18454081E+00   1.18455238E+00   1.18456539E+00   1.18457993E+00   1.18459615E+00   1.18461415E+00   1.18463415E+00   1.18465626E+00   1.18468060E+00   1.18470722E+00   1.18473629E+00   1.18476796E+00   1.18480230E+00   1.18483921E+00   1.18487875E+00   1.18492088E+00   1.18496549E+00   1.18501240E+00   1.18506139E+00   1.18511229E+00   1.18516426E+00   1.18521658E+00   1.18526801E+00   1.18531816E+00   1.18536544E+00   1.18540813E+00   1.18544413E+00   1.18547193E+00   1.18548803E+00   1.18548903E+00   1.18546973E+00   1.18542837E+00   1.18536058E+00   1.18525934E+00   1.18511461E+00   1.18492158E+00   1.18466875E+00   1.18435008E+00   1.18395242E+00   1.18346348E+00   1.18286574E+00   1.18215131E+00   1.18130076E+00   1.18029607E+00   1.17911161E+00   1.17773718E+00   1.17614747E+00   1.17431283E+00   1.17219278E+00   1.16978086E+00   1.16704313E+00   1.16392887E+00   1.16042176E+00   1.15650518E+00   1.15244972E+00   1.14793103E+00   1.14331231E+00   1.13827327E+00   1.13323985E+00   1.12779112E+00   1.12237833E+00   1.11655031E+00   1.11077547E+00   1.10464542E+00   1.09867096E+00   1.09231467E+00   1.08610323E+00   1.07959042E+00   1.07332504E+00   1.06669144E+00   1.05991422E+00   1.05286215E+00   1.04551550E+00   1.03780379E+00   1.02988906E+00   1.02176172E+00   1.01203396E+00   1.00000000E+00
   1.15814877E+00   1.15814877E+00   1.15814876E+00   1.15814877E+00   1.15814879E+00   1.15814881E+00   1.15814883E+00   1.15814886E+00   1.15814890E+00   1.15814896E+00   1.15814904E+00   1.15814915E+00   1.15814929E+00   1.15814948E+00   1.15814972E+00   1.15815004E+00   1.15815044E+00   1.15815095E+00   1.15815158E+00   1.15815236E+00   1.15815332E+00   1.15815448E+00   1.15815587E+00   1.15815754E+00   1.15815952E+00   1.15816186E+00   1.15816461E+00   1.15816784E+00   1.15817161E+00   1.15817598E+00   1.15818102E+00   1.15818683E+00   1.15819350E+00   1.15820115E+00   1.15820984E+00   1.15821973E+00   1.15823090E+00   1.15824352E+00   1.15825769E+00   1.15827363E+00   1.15829146E+00   1.15831132E+00   1.15833330E+00   1.15835760E+00   1.15838441E+00   1.15841389E+00   1.15844601E+00   1.15848093E+00   1.15851873E+00   1.15855946E+00   1.15860306E+00   1.15864957E+00   1.15869896E+00   1.15875075E+00   1.15880449E+00   1.15885943E+00   1.15891544E+00   1.15897147E+00   1.15902628E+00   1.15907857E+00   1.15912719E+00   1.15916959E+00   1.15920315E+00   1.15922398E+00   1.15923079E+00   1.15922023E+00   1.15918657E+00   1.15912187E+00   1.15902223E+00   1.15887813E+00   1.15868432E+00   1.15842976E+00   1.15810427E+00   1.15769302E+00   1.15718859E+00   1.15657398E+00   1.15583380E+00   1.15494572E+00   1.15389960E+00   1.15267194E+00   1.15123777E+00   1.14956223E+00   1.14763580E+00   1.14542565E+00   1.14289065E+00   1.14001388E+00   1.13677282E+00   1.13338852E+00   1.12959818E+00   1.12570549E+00   1.12143262E+00   1.11713864E+00   1.11246859E+00   1.10780905E+00   1.10277838E+00   1.09778136E+00   1.09245532E+00   1.08724503E+00   1.08169310E+00   1.07625735E+00   1.07053983E+00   1.06502473E+00   1.05918428E+00   1.05321830E+00   1.04699692E+00   1.04049700E+00   1.03366163E+00   1.02664820E+00   1.01946463E+00   1.01081253E+00   1.00000000E+00
   1.14138439E+00   1.14138437E+00   1.14138433E+00   1.14138431E+00   1.14138429E+00   1.14138428E+00   1.14138428E+00   1.14138428E+00   1.14138429E+00   1.14138430E+00   1.14138433E+00   1.14138438E+00   1.14138445E+00   1.14138455E+00   1.14138468E+00   1.14138486E+00   1.14138510E+00   1.14138542E+00   1.14138582E+00   1.14138634E+00   1.14138698E+00   1.14138778E+00   1.14138875E+00   1.14138994E+00   1.14139137E+00   1.14139309E+00   1.14139512E+00   1.14139756E+00   1.14140043E+00   1.14140380E+00   1.14140771E+00   1.14141227E+00   1.14141757E+00   1.14142370E+00   1.14143072E+00   1.14143877E+00   1.14144796E+00   1.14145843E+00   1.14147027E+00   1.14148371E+00   1.14149887E+00   1.14151591E+00   1.14153490E+00   1.14155607E+00   1.14157964E+00   1.14160579E+00   1.14163452E+00   1.14166607E+00   1.14170054E+00   1.14173808E+00   1.14177872E+00   1.14182259E+00   1.14186977E+00   1.14191998E+00   1.14197290E+00   1.14202808E+00   1.14208552E+00   1.14214448E+00   1.14220404E+00   1.14226334E+00   1.14232147E+00   1.14237644E+00   1.14242611E+00   1.14246742E+00   1.14249936E+00   1.14251926E+00   1.14252217E+00   1.14250151E+00   1.14245397E+00   1.14237128E+00   1.14224881E+00   1.14207688E+00   1.14184667E+00   1.14154524E+00   1.14116558E+00   1.14069235E+00   1.14011187E+00   1.13940420E+00   1.13855942E+00   1.13755542E+00   1.13637018E+00   1.13497265E+00   1.13335173E+00   1.13147552E+00   1.12930870E+00   1.12683438E+00   1.12402716E+00   1.12107618E+00   1.11775692E+00   1.11433434E+00   1.11055917E+00   1.10674718E+00   1.10258588E+00   1.09841916E+00   1.09390949E+00   1.08941987E+00   1.08461903E+00   1.07990830E+00   1.07488100E+00   1.06995010E+00   1.06475031E+00   1.05972341E+00   1.05439748E+00   1.04895492E+00   1.04326751E+00   1.03731025E+00   1.03103552E+00   1.02459798E+00   1.01801482E+00   1.01004157E+00   1.00000000E+00
   1.13495891E+00   1.13495888E+00   1.13495882E+00   1.13495879E+00   1.13495876E+00   1.13495874E+00   1.13495873E+00   1.13495872E+00   1.13495872E+00   1.13495873E+00   1.13495875E+00   1.13495878E+00   1.13495883E+00   1.13495891E+00   1.13495901E+00   1.13495915E+00   1.13495934E+00   1.13495960E+00   1.13495993E+00   1.13496036E+00   1.13496090E+00   1.13496158E+00   1.13496241E+00   1.13496343E+00   1.13496467E+00   1.13496617E+00   1.13496796E+00   1.13497012E+00   1.13497267E+00   1.13497568E+00   1.13497919E+00   1.13498330E+00   1.13498810E+00   1.13499367E+00   1.13500007E+00   1.13500746E+00   1.13501590E+00   1.13502556E+00   1.13503652E+00   1.13504902E+00   1.13506316E+00   1.13507910E+00   1.13509693E+00   1.13511688E+00   1.13513916E+00   1.13516396E+00   1.13519131E+00   1.13522147E+00   1.13525453E+00   1.13529069E+00   1.13532999E+00   1.13537262E+00   1.13541869E+00   1.13546797E+00   1.13552019E+00   1.13557503E+00   1.13563253E+00   1.13569205E+00   1.13575278E+00   1.13581406E+00   1.13587505E+00   1.13593394E+00   1.13598880E+00   1.13603687E+00   1.13607728E+00   1.13610758E+00   1.13612313E+00   1.13611789E+00   1.13608872E+00   1.13602789E+00   1.13593100E+00   1.13578891E+00   1.13559329E+00   1.13533201E+00   1.13499822E+00   1.13457725E+00   1.13405607E+00   1.13341575E+00   1.13264649E+00   1.13172676E+00   1.13063566E+00   1.12934367E+00   1.12783923E+00   1.12609078E+00   1.12406513E+00   1.12174559E+00   1.11910589E+00   1.11632276E+00   1.11318605E+00   1.10994580E+00   1.10636407E+00   1.10273977E+00   1.09877678E+00   1.09480228E+00   1.09049555E+00   1.08620335E+00   1.08160699E+00   1.07709075E+00   1.07226729E+00   1.06753223E+00   1.06253323E+00   1.05769547E+00   1.05256830E+00   1.04732720E+00   1.04184490E+00   1.03609568E+00   1.03003547E+00   1.02381790E+00   1.01746342E+00   1.00974803E+00   1.00000000E+00
   1.22478541E+00   1.22478547E+00   1.22478563E+00   1.22478584E+00   1.22478609E+00   1.22478640E+00   1.22478677E+00   1.22478719E+00   1.22478770E+00   1.22478830E+00   1.22478900E+00   1.22478984E+00   1.22479082E+00   1.22479199E+00   1.22479336E+00   1.22479496E+00   1.22479684E+00   1.22479902E+00   1.22480155E+00   1.22480448E+00   1.22480785E+00   1.22481173E+00   1.22481615E+00   1.22482120E+00   1.22482694E+00   1.22483343E+00   1.22484075E+00   1.22484901E+00   1.22485827E+00   1.22486864E+00   1.22488019E+00   1.22489306E+00   1.22490734E+00   1.22492313E+00   1.22494051E+00   1.22495962E+00   1.22498053E+00   1.22500334E+00   1.22502812E+00   1.22505497E+00   1.22508395E+00   1.22511503E+00   1.22514820E+00   1.22518339E+00   1.22522059E+00   1.22525959E+00   1.22530010E+00   1.22534176E+00   1.22538427E+00   1.22542698E+00   1.22546934E+00   1.22551038E+00   1.22554946E+00   1.22558484E+00   1.22561523E+00   1.22563821E+00   1.22565259E+00   1.22565539E+00   1.22564393E+00   1.22561434E+00   1.22556395E+00   1.22548729E+00   1.22537963E+00   1.22523334E+00   1.22504502E+00   1.22480746E+00   1.22451193E+00   1.22414524E+00   1.22370070E+00   1.22316350E+00   1.22252572E+00   1.22177078E+00   1.22088390E+00   1.21984393E+00   1.21864137E+00   1.21725319E+00   1.21565884E+00   1.21382920E+00   1.21175239E+00   1.20940044E+00   1.20674070E+00   1.20372822E+00   1.20035794E+00   1.19659521E+00   1.19238315E+00   1.18771405E+00   1.18257231E+00   1.17731815E+00   1.17153114E+00   1.16568272E+00   1.15937001E+00   1.15312866E+00   1.14643234E+00   1.13983754E+00   1.13278538E+00   1.12584629E+00   1.11853624E+00   1.11146134E+00   1.10397303E+00   1.09670040E+00   1.08912489E+00   1.08188008E+00   1.07424015E+00   1.06646963E+00   1.05843355E+00   1.05011566E+00   1.04143186E+00   1.03256605E+00   1.02354133E+00   1.01293352E+00   1.00000000E+00
   1.18084007E+00   1.18084009E+00   1.18084014E+00   1.18084021E+00   1.18084030E+00   1.18084040E+00   1.18084053E+00   1.18084067E+00   1.18084085E+00   1.18084107E+00   1.18084133E+00   1.18084166E+00   1.18084207E+00   1.18084256E+00   1.18084317E+00   1.18084390E+00   1.18084479E+00   1.18084585E+00   1.18084712E+00   1.18084863E+00   1.18085042E+00   1.18085252E+00   1.18085497E+00   1.18085783E+00   1.18086115E+00   1.18086498E+00   1.18086938E+00   1.18087445E+00   1.18088024E+00   1.18088684E+00   1.18089431E+00   1.18090279E+00   1.18091235E+00   1.18092313E+00   1.18093518E+00   1.18094867E+00   1.18096369E+00   1.18098037E+00   1.18099881E+00   1.18101919E+00   1.18104161E+00   1.18106615E+00   1.18109288E+00   1.18112189E+00   1.18115329E+00   1.18118711E+00   1.18122322E+00   1.18126161E+00   1.18130216E+00   1.18134468E+00   1.18138892E+00   1.18143447E+00   1.18148104E+00   1.18152768E+00   1.18157361E+00   1.18161743E+00   1.18165849E+00   1.18169494E+00   1.18172499E+00   1.18174621E+00   1.18175674E+00   1.18175282E+00   1.18173108E+00   1.18168612E+00   1.18161542E+00   1.18151370E+00   1.18137427E+00   1.18118726E+00   1.18094752E+00   1.18064329E+00   1.18026792E+00   1.17980803E+00   1.17925202E+00   1.17858258E+00   1.17779081E+00   1.17685713E+00   1.17576484E+00   1.17448920E+00   1.17301830E+00   1.17132646E+00   1.16938793E+00   1.16716543E+00   1.16464867E+00   1.16180431E+00   1.15859047E+00   1.15499604E+00   1.15099516E+00   1.14686525E+00   1.14229062E+00   1.13764320E+00   1.13258931E+00   1.12755491E+00   1.12212299E+00   1.11674561E+00   1.11098046E+00   1.10529515E+00   1.09927507E+00   1.09342181E+00   1.08722037E+00   1.08118765E+00   1.07487790E+00   1.06882254E+00   1.06244276E+00   1.05596489E+00   1.04924819E+00   1.04227123E+00   1.03497782E+00   1.02754164E+00   1.02000214E+00   1.01106452E+00   1.00000000E+00
   1.15862598E+00   1.15862598E+00   1.15862599E+00   1.15862601E+00   1.15862605E+00   1.15862608E+00   1.15862613E+00   1.15862620E+00   1.15862628E+00   1.15862638E+00   1.15862651E+00   1.15862669E+00   1.15862691E+00   1.15862719E+00   1.15862754E+00   1.15862799E+00   1.15862854E+00   1.15862921E+00   1.15863003E+00   1.15863103E+00   1.15863223E+00   1.15863367E+00   1.15863537E+00   1.15863739E+00   1.15863976E+00   1.15864254E+00   1.15864577E+00   1.15864953E+00   1.15865387E+00   1.15865888E+00   1.15866461E+00   1.15867117E+00   1.15867866E+00   1.15868718E+00   1.15869680E+00   1.15870768E+00   1.15871990E+00   1.15873361E+00   1.15874892E+00   1.15876601E+00   1.15878500E+00   1.15880601E+00   1.15882912E+00   1.15885449E+00   1.15888226E+00   1.15891254E+00   1.15894529E+00   1.15898060E+00   1.15901845E+00   1.15905882E+00   1.15910159E+00   1.15914657E+00   1.15919365E+00   1.15924218E+00   1.15929165E+00   1.15934111E+00   1.15939014E+00   1.15943740E+00   1.15948155E+00   1.15952085E+00   1.15955381E+00   1.15957747E+00   1.15958921E+00   1.15958471E+00   1.15956190E+00   1.15951651E+00   1.15944292E+00   1.15933300E+00   1.15918241E+00   1.15898107E+00   1.15872304E+00   1.15839671E+00   1.15799226E+00   1.15749451E+00   1.15689504E+00   1.15617632E+00   1.15532378E+00   1.15431523E+00   1.15313897E+00   1.15177093E+00   1.15018898E+00   1.14835983E+00   1.14627093E+00   1.14389015E+00   1.14118295E+00   1.13813648E+00   1.13472093E+00   1.13117144E+00   1.12722404E+00   1.12319819E+00   1.11879797E+00   1.11439299E+00   1.10962248E+00   1.10488294E+00   1.09979067E+00   1.09475878E+00   1.08941223E+00   1.08419774E+00   1.07866698E+00   1.07327835E+00   1.06762659E+00   1.06218997E+00   1.05646340E+00   1.05065024E+00   1.04460865E+00   1.03831572E+00   1.03173060E+00   1.02502238E+00   1.01823540E+00   1.01013246E+00   1.00000000E+00
   1.14458649E+00   1.14458648E+00   1.14458645E+00   1.14458645E+00   1.14458645E+00   1.14458646E+00   1.14458648E+00   1.14458650E+00   1.14458654E+00   1.14458660E+00   1.14458667E+00   1.14458678E+00   1.14458692E+00   1.14458710E+00   1.14458734E+00   1.14458764E+00   1.14458803E+00   1.14458851E+00   1.14458911E+00   1.14458985E+00   1.14459075E+00   1.14459184E+00   1.14459314E+00   1.14459471E+00   1.14459657E+00   1.14459877E+00   1.14460135E+00   1.14460438E+00   1.14460792E+00   1.14461203E+00   1.14461676E+00   1.14462223E+00   1.14462851E+00   1.14463571E+00   1.14464389E+00   1.14465321E+00   1.14466374E+00   1.14467565E+00   1.14468903E+00   1.14470407E+00   1.14472089E+00   1.14473964E+00   1.14476040E+00   1.14478336E+00   1.14480867E+00   1.14483648E+00   1.14486680E+00   1.14489978E+00   1.14493545E+00   1.14497388E+00   1.14501501E+00   1.14505881E+00   1.14510522E+00   1.14515382E+00   1.14520423E+00   1.14525574E+00   1.14530810E+00   1.14536025E+00   1.14541114E+00   1.14545943E+00   1.14550388E+00   1.14554202E+00   1.14557165E+00   1.14558918E+00   1.14559281E+00   1.14557892E+00   1.14554257E+00   1.14547672E+00   1.14537757E+00   1.14523612E+00   1.14504693E+00   1.14479958E+00   1.14448535E+00   1.14409055E+00   1.14360716E+00   1.14301900E+00   1.14231290E+00   1.14146845E+00   1.14047422E+00   1.13930732E+00   1.13794782E+00   1.13636509E+00   1.13454548E+00   1.13245773E+00   1.13007154E+00   1.12737328E+00   1.12433145E+00   1.12115397E+00   1.11760865E+00   1.11398135E+00   1.11000137E+00   1.10600210E+00   1.10165851E+00   1.09733096E+00   1.09267239E+00   1.08806087E+00   1.08314822E+00   1.07834536E+00   1.07324552E+00   1.06826984E+00   1.06304019E+00   1.05800029E+00   1.05269085E+00   1.04730006E+00   1.04168665E+00   1.03582700E+00   1.02968975E+00   1.02344103E+00   1.01712760E+00   1.00954731E+00   1.00000000E+00
   1.13923495E+00   1.13923493E+00   1.13923490E+00   1.13923488E+00   1.13923487E+00   1.13923487E+00   1.13923488E+00   1.13923489E+00   1.13923492E+00   1.13923496E+00   1.13923502E+00   1.13923511E+00   1.13923522E+00   1.13923538E+00   1.13923558E+00   1.13923584E+00   1.13923617E+00   1.13923659E+00   1.13923711E+00   1.13923776E+00   1.13923855E+00   1.13923953E+00   1.13924069E+00   1.13924210E+00   1.13924378E+00   1.13924578E+00   1.13924812E+00   1.13925090E+00   1.13925414E+00   1.13925792E+00   1.13926230E+00   1.13926736E+00   1.13927320E+00   1.13927991E+00   1.13928756E+00   1.13929629E+00   1.13930619E+00   1.13931742E+00   1.13933006E+00   1.13934432E+00   1.13936031E+00   1.13937818E+00   1.13939802E+00   1.13942002E+00   1.13944436E+00   1.13947117E+00   1.13950050E+00   1.13953250E+00   1.13956723E+00   1.13960480E+00   1.13964515E+00   1.13968832E+00   1.13973429E+00   1.13978267E+00   1.13983316E+00   1.13988516E+00   1.13993843E+00   1.13999206E+00   1.14004507E+00   1.14009631E+00   1.14014459E+00   1.14018766E+00   1.14022346E+00   1.14024868E+00   1.14026164E+00   1.14025895E+00   1.14023593E+00   1.14018598E+00   1.14010546E+00   1.13998583E+00   1.13982185E+00   1.13960354E+00   1.13932261E+00   1.13896599E+00   1.13852580E+00   1.13798642E+00   1.13733519E+00   1.13655245E+00   1.13562691E+00   1.13453614E+00   1.13326102E+00   1.13177200E+00   1.13005511E+00   1.12807938E+00   1.12581603E+00   1.12325127E+00   1.12035316E+00   1.11731901E+00   1.11392856E+00   1.11045478E+00   1.10663694E+00   1.10279437E+00   1.09861576E+00   1.09444742E+00   1.08995620E+00   1.08550666E+00   1.08076128E+00   1.07611707E+00   1.07118291E+00   1.06636575E+00   1.06129813E+00   1.05641036E+00   1.05126036E+00   1.04603047E+00   1.04058002E+00   1.03488508E+00   1.02891777E+00   1.02284308E+00   1.01670859E+00   1.00932561E+00   1.00000000E+00
   1.21127050E+00   1.21127056E+00   1.21127069E+00   1.21127088E+00   1.21127112E+00   1.21127141E+00   1.21127176E+00   1.21127218E+00   1.21127267E+00   1.21127326E+00   1.21127395E+00   1.21127477E+00   1.21127574E+00   1.21127688E+00   1.21127821E+00   1.21127978E+00   1.21128160E+00   1.21128371E+00   1.21128616E+00   1.21128898E+00   1.21129222E+00   1.21129594E+00   1.21130018E+00   1.21130500E+00   1.21131047E+00   1.21131665E+00   1.21132360E+00   1.21133143E+00   1.21134020E+00   1.21134999E+00   1.21136088E+00   1.21137298E+00   1.21138638E+00   1.21140117E+00   1.21141740E+00   1.21143519E+00   1.21145461E+00   1.21147574E+00   1.21149860E+00   1.21152328E+00   1.21154980E+00   1.21157812E+00   1.21160817E+00   1.21163986E+00   1.21167313E+00   1.21170772E+00   1.21174332E+00   1.21177951E+00   1.21181594E+00   1.21185190E+00   1.21188679E+00   1.21191955E+00   1.21194945E+00   1.21197471E+00   1.21199403E+00   1.21200497E+00   1.21200622E+00   1.21199474E+00   1.21196785E+00   1.21192165E+00   1.21185334E+00   1.21175751E+00   1.21162963E+00   1.21146235E+00   1.21125188E+00   1.21099063E+00   1.21067056E+00   1.21027934E+00   1.20981032E+00   1.20924926E+00   1.20858828E+00   1.20781137E+00   1.20690494E+00   1.20584925E+00   1.20463438E+00   1.20323828E+00   1.20164229E+00   1.19981967E+00   1.19775763E+00   1.19542904E+00   1.19280585E+00   1.18984859E+00   1.18654923E+00   1.18287462E+00   1.17877777E+00   1.17425646E+00   1.16928717E+00   1.16421771E+00   1.15865584E+00   1.15305982E+00   1.14703266E+00   1.14108327E+00   1.13471355E+00   1.12845599E+00   1.12178546E+00   1.11524694E+00   1.10837161E+00   1.10172889E+00   1.09472087E+00   1.08793978E+00   1.08089044E+00   1.07416194E+00   1.06709343E+00   1.05994297E+00   1.05257542E+00   1.04497258E+00   1.03706111E+00   1.02902420E+00   1.02095189E+00   1.01154215E+00   1.00000000E+00
   1.17515323E+00   1.17515325E+00   1.17515330E+00   1.17515339E+00   1.17515349E+00   1.17515361E+00   1.17515377E+00   1.17515395E+00   1.17515417E+00   1.17515445E+00   1.17515478E+00   1.17515518E+00   1.17515567E+00   1.17515626E+00   1.17515698E+00   1.17515783E+00   1.17515884E+00   1.17516005E+00   1.17516148E+00   1.17516316E+00   1.17516512E+00   1.17516742E+00   1.17517007E+00   1.17517315E+00   1.17517669E+00   1.17518076E+00   1.17518541E+00   1.17519073E+00   1.17519676E+00   1.17520361E+00   1.17521132E+00   1.17522002E+00   1.17522979E+00   1.17524073E+00   1.17525291E+00   1.17526647E+00   1.17528148E+00   1.17529806E+00   1.17531630E+00   1.17533631E+00   1.17535819E+00   1.17538198E+00   1.17540772E+00   1.17543544E+00   1.17546520E+00   1.17549695E+00   1.17553054E+00   1.17556586E+00   1.17560271E+00   1.17564081E+00   1.17567980E+00   1.17571913E+00   1.17575838E+00   1.17579646E+00   1.17583253E+00   1.17586502E+00   1.17589307E+00   1.17591461E+00   1.17592776E+00   1.17592984E+00   1.17591875E+00   1.17589047E+00   1.17584172E+00   1.17576695E+00   1.17566313E+00   1.17552438E+00   1.17534439E+00   1.17511349E+00   1.17482636E+00   1.17447129E+00   1.17404135E+00   1.17352326E+00   1.17290613E+00   1.17217314E+00   1.17131493E+00   1.17031231E+00   1.16914992E+00   1.16780421E+00   1.16626256E+00   1.16449989E+00   1.16249378E+00   1.16021014E+00   1.15763659E+00   1.15474152E+00   1.15149024E+00   1.14787596E+00   1.14386697E+00   1.13974273E+00   1.13519831E+00   1.13060592E+00   1.12562730E+00   1.12068126E+00   1.11536136E+00   1.11011192E+00   1.10450496E+00   1.09899834E+00   1.09318091E+00   1.08753751E+00   1.08158047E+00   1.07580761E+00   1.06978250E+00   1.06401275E+00   1.05796041E+00   1.05184688E+00   1.04552588E+00   1.03897793E+00   1.03216033E+00   1.02524573E+00   1.01832306E+00   1.01016747E+00   1.00000000E+00
   1.15708916E+00   1.15708916E+00   1.15708919E+00   1.15708922E+00   1.15708928E+00   1.15708935E+00   1.15708943E+00   1.15708954E+00   1.15708967E+00   1.15708984E+00   1.15709005E+00   1.15709031E+00   1.15709064E+00   1.15709104E+00   1.15709153E+00   1.15709212E+00   1.15709284E+00   1.15709371E+00   1.15709475E+00   1.15709599E+00   1.15709746E+00   1.15709919E+00   1.15710121E+00   1.15710359E+00   1.15710634E+00   1.15710953E+00   1.15711321E+00   1.15711746E+00   1.15712232E+00   1.15712788E+00   1.15713419E+00   1.15714137E+00   1.15714949E+00   1.15715866E+00   1.15716894E+00   1.15718048E+00   1.15719335E+00   1.15720769E+00   1.15722359E+00   1.15724118E+00   1.15726057E+00   1.15728186E+00   1.15730510E+00   1.15733038E+00   1.15735780E+00   1.15738739E+00   1.15741907E+00   1.15745285E+00   1.15748862E+00   1.15752623E+00   1.15756548E+00   1.15760601E+00   1.15764755E+00   1.15768931E+00   1.15773068E+00   1.15777047E+00   1.15780803E+00   1.15784175E+00   1.15787014E+00   1.15789109E+00   1.15790285E+00   1.15790210E+00   1.15788616E+00   1.15785038E+00   1.15779212E+00   1.15770642E+00   1.15758783E+00   1.15742806E+00   1.15722248E+00   1.15696074E+00   1.15663647E+00   1.15623786E+00   1.15575542E+00   1.15517399E+00   1.15448463E+00   1.15366977E+00   1.15271574E+00   1.15160086E+00   1.15031277E+00   1.14882773E+00   1.14712601E+00   1.14517628E+00   1.14296449E+00   1.14046013E+00   1.13763397E+00   1.13447706E+00   1.13095509E+00   1.12731266E+00   1.12328682E+00   1.11920564E+00   1.11476292E+00   1.11033172E+00   1.10555164E+00   1.10082108E+00   1.09575970E+00   1.09078066E+00   1.08550550E+00   1.08037507E+00   1.07495514E+00   1.06969599E+00   1.06419385E+00   1.05891414E+00   1.05337833E+00   1.04778787E+00   1.04199417E+00   1.03597774E+00   1.02971049E+00   1.02335994E+00   1.01701354E+00   1.00948179E+00   1.00000000E+00
   1.14576062E+00   1.14576061E+00   1.14576061E+00   1.14576063E+00   1.14576065E+00   1.14576069E+00   1.14576074E+00   1.14576081E+00   1.14576091E+00   1.14576103E+00   1.14576118E+00   1.14576137E+00   1.14576162E+00   1.14576192E+00   1.14576230E+00   1.14576276E+00   1.14576333E+00   1.14576402E+00   1.14576486E+00   1.14576586E+00   1.14576706E+00   1.14576849E+00   1.14577017E+00   1.14577215E+00   1.14577446E+00   1.14577716E+00   1.14578030E+00   1.14578393E+00   1.14578812E+00   1.14579293E+00   1.14579843E+00   1.14580472E+00   1.14581187E+00   1.14581998E+00   1.14582913E+00   1.14583945E+00   1.14585102E+00   1.14586398E+00   1.14587842E+00   1.14589450E+00   1.14591231E+00   1.14593198E+00   1.14595358E+00   1.14597723E+00   1.14600304E+00   1.14603108E+00   1.14606133E+00   1.14609384E+00   1.14612857E+00   1.14616546E+00   1.14620436E+00   1.14624505E+00   1.14628734E+00   1.14633061E+00   1.14637439E+00   1.14641772E+00   1.14646008E+00   1.14650012E+00   1.14653660E+00   1.14656777E+00   1.14659208E+00   1.14660665E+00   1.14660915E+00   1.14659552E+00   1.14656339E+00   1.14650834E+00   1.14642548E+00   1.14630739E+00   1.14614988E+00   1.14594347E+00   1.14568222E+00   1.14535523E+00   1.14495392E+00   1.14446424E+00   1.14387756E+00   1.14317742E+00   1.14235117E+00   1.14137846E+00   1.14024719E+00   1.13893450E+00   1.13742229E+00   1.13568103E+00   1.13369593E+00   1.13143715E+00   1.12887854E+00   1.12600999E+00   1.12279630E+00   1.11945974E+00   1.11576284E+00   1.11200586E+00   1.10790380E+00   1.10380056E+00   1.09936464E+00   1.09496503E+00   1.09025076E+00   1.08560675E+00   1.08067648E+00   1.07587241E+00   1.07079308E+00   1.06585907E+00   1.06068832E+00   1.05571906E+00   1.05050896E+00   1.04524689E+00   1.03978425E+00   1.03410157E+00   1.02817926E+00   1.02218163E+00   1.01619512E+00   1.00905223E+00   1.00000000E+00
   1.14146680E+00   1.14146679E+00   1.14146677E+00   1.14146678E+00   1.14146680E+00   1.14146683E+00   1.14146687E+00   1.14146693E+00   1.14146701E+00   1.14146711E+00   1.14146724E+00   1.14146742E+00   1.14146763E+00   1.14146791E+00   1.14146825E+00   1.14146867E+00   1.14146918E+00   1.14146981E+00   1.14147058E+00   1.14147150E+00   1.14147260E+00   1.14147392E+00   1.14147548E+00   1.14147732E+00   1.14147948E+00   1.14148200E+00   1.14148494E+00   1.14148835E+00   1.14149229E+00   1.14149684E+00   1.14150204E+00   1.14150799E+00   1.14151478E+00   1.14152251E+00   1.14153123E+00   1.14154109E+00   1.14155218E+00   1.14156462E+00   1.14157850E+00   1.14159400E+00   1.14161121E+00   1.14163025E+00   1.14165120E+00   1.14167421E+00   1.14169937E+00   1.14172679E+00   1.14175645E+00   1.14178843E+00   1.14182269E+00   1.14185922E+00   1.14189789E+00   1.14193852E+00   1.14198096E+00   1.14202465E+00   1.14206918E+00   1.14211366E+00   1.14215761E+00   1.14219980E+00   1.14223908E+00   1.14227383E+00   1.14230257E+00   1.14232259E+00   1.14233169E+00   1.14232604E+00   1.14230336E+00   1.14225947E+00   1.14218965E+00   1.14208685E+00   1.14194701E+00   1.14176101E+00   1.14152308E+00   1.14122267E+00   1.14085153E+00   1.14039606E+00   1.13984779E+00   1.13919065E+00   1.13841239E+00   1.13749320E+00   1.13642110E+00   1.13517359E+00   1.13373311E+00   1.13207091E+00   1.13017195E+00   1.12800665E+00   1.12554988E+00   1.12279123E+00   1.11969531E+00   1.11647575E+00   1.11290458E+00   1.10927148E+00   1.10529977E+00   1.10132213E+00   1.09701800E+00   1.09274513E+00   1.08816355E+00   1.08364747E+00   1.07884895E+00   1.07416951E+00   1.06921994E+00   1.06440962E+00   1.05936498E+00   1.05451377E+00   1.04942709E+00   1.04428911E+00   1.03895156E+00   1.03339493E+00   1.02760267E+00   1.02173787E+00   1.01588661E+00   1.00888992E+00   1.00000000E+00
   1.19531437E+00   1.19531441E+00   1.19531453E+00   1.19531469E+00   1.19531491E+00   1.19531519E+00   1.19531552E+00   1.19531592E+00   1.19531639E+00   1.19531696E+00   1.19531763E+00   1.19531842E+00   1.19531936E+00   1.19532045E+00   1.19532172E+00   1.19532321E+00   1.19532493E+00   1.19532692E+00   1.19532922E+00   1.19533185E+00   1.19533487E+00   1.19533831E+00   1.19534222E+00   1.19534666E+00   1.19535167E+00   1.19535731E+00   1.19536365E+00   1.19537076E+00   1.19537869E+00   1.19538752E+00   1.19539731E+00   1.19540815E+00   1.19542010E+00   1.19543324E+00   1.19544761E+00   1.19546329E+00   1.19548032E+00   1.19549876E+00   1.19551861E+00   1.19553990E+00   1.19556263E+00   1.19558671E+00   1.19561206E+00   1.19563852E+00   1.19566600E+00   1.19569419E+00   1.19572274E+00   1.19575120E+00   1.19577916E+00   1.19580588E+00   1.19583071E+00   1.19585254E+00   1.19587058E+00   1.19588306E+00   1.19588869E+00   1.19588508E+00   1.19587087E+00   1.19584303E+00   1.19579899E+00   1.19573494E+00   1.19564809E+00   1.19553321E+00   1.19538609E+00   1.19519983E+00   1.19497049E+00   1.19469052E+00   1.19435270E+00   1.19394574E+00   1.19346323E+00   1.19289192E+00   1.19222418E+00   1.19144508E+00   1.19054236E+00   1.18949797E+00   1.18830205E+00   1.18693408E+00   1.18537749E+00   1.18360807E+00   1.18161299E+00   1.17936679E+00   1.17684570E+00   1.17401534E+00   1.17086582E+00   1.16736645E+00   1.16347906E+00   1.15920504E+00   1.15451542E+00   1.14973879E+00   1.14451618E+00   1.13928082E+00   1.13365168E+00   1.12810215E+00   1.12217125E+00   1.11635697E+00   1.11017552E+00   1.10413561E+00   1.09779317E+00   1.09167340E+00   1.08523571E+00   1.07902512E+00   1.07257747E+00   1.06643202E+00   1.05999927E+00   1.05352213E+00   1.04686455E+00   1.04001018E+00   1.03290023E+00   1.02570484E+00   1.01857388E+00   1.01029446E+00   1.00000000E+00
   1.16739352E+00   1.16739354E+00   1.16739360E+00   1.16739369E+00   1.16739381E+00   1.16739396E+00   1.16739414E+00   1.16739437E+00   1.16739464E+00   1.16739497E+00   1.16739537E+00   1.16739585E+00   1.16739642E+00   1.16739711E+00   1.16739792E+00   1.16739888E+00   1.16740000E+00   1.16740132E+00   1.16740287E+00   1.16740466E+00   1.16740674E+00   1.16740915E+00   1.16741192E+00   1.16741510E+00   1.16741872E+00   1.16742286E+00   1.16742756E+00   1.16743289E+00   1.16743890E+00   1.16744567E+00   1.16745326E+00   1.16746176E+00   1.16747123E+00   1.16748178E+00   1.16749345E+00   1.16750634E+00   1.16752052E+00   1.16753608E+00   1.16755306E+00   1.16757155E+00   1.16759160E+00   1.16761320E+00   1.16763636E+00   1.16766105E+00   1.16768725E+00   1.16771485E+00   1.16774366E+00   1.16777345E+00   1.16780398E+00   1.16783482E+00   1.16786557E+00   1.16789552E+00   1.16792415E+00   1.16795025E+00   1.16797294E+00   1.16799050E+00   1.16800193E+00   1.16800500E+00   1.16799780E+00   1.16797748E+00   1.16794180E+00   1.16788667E+00   1.16780888E+00   1.16770291E+00   1.16756543E+00   1.16739031E+00   1.16717168E+00   1.16690027E+00   1.16657073E+00   1.16617177E+00   1.16569646E+00   1.16513196E+00   1.16446822E+00   1.16368927E+00   1.16278570E+00   1.16173920E+00   1.16053583E+00   1.15915358E+00   1.15757979E+00   1.15579068E+00   1.15376677E+00   1.15147721E+00   1.14890861E+00   1.14603172E+00   1.14281788E+00   1.13926366E+00   1.13533386E+00   1.13130373E+00   1.12688278E+00   1.12243468E+00   1.11762519E+00   1.11285823E+00   1.10774475E+00   1.10271274E+00   1.09735456E+00   1.09210995E+00   1.08657966E+00   1.08122467E+00   1.07558958E+00   1.07014539E+00   1.06447243E+00   1.05904889E+00   1.05338147E+00   1.04768113E+00   1.04179896E+00   1.03572057E+00   1.02941521E+00   1.02304160E+00   1.01674186E+00   1.00934550E+00   1.00000000E+00
   1.15357582E+00   1.15357583E+00   1.15357586E+00   1.15357592E+00   1.15357600E+00   1.15357610E+00   1.15357623E+00   1.15357639E+00   1.15357659E+00   1.15357684E+00   1.15357714E+00   1.15357750E+00   1.15357794E+00   1.15357847E+00   1.15357910E+00   1.15357985E+00   1.15358075E+00   1.15358180E+00   1.15358304E+00   1.15358450E+00   1.15358620E+00   1.15358818E+00   1.15359047E+00   1.15359311E+00   1.15359615E+00   1.15359964E+00   1.15360363E+00   1.15360817E+00   1.15361333E+00   1.15361918E+00   1.15362577E+00   1.15363319E+00   1.15364152E+00   1.15365084E+00   1.15366121E+00   1.15367275E+00   1.15368552E+00   1.15369963E+00   1.15371512E+00   1.15373212E+00   1.15375067E+00   1.15377084E+00   1.15379264E+00   1.15381610E+00   1.15384123E+00   1.15386800E+00   1.15389629E+00   1.15392597E+00   1.15395687E+00   1.15398871E+00   1.15402118E+00   1.15405376E+00   1.15408605E+00   1.15411710E+00   1.15414622E+00   1.15417201E+00   1.15419361E+00   1.15420920E+00   1.15421719E+00   1.15421516E+00   1.15420117E+00   1.15417169E+00   1.15412398E+00   1.15405321E+00   1.15395639E+00   1.15382810E+00   1.15366314E+00   1.15345327E+00   1.15319368E+00   1.15287410E+00   1.15248804E+00   1.15202376E+00   1.15147228E+00   1.15081880E+00   1.15005424E+00   1.14916152E+00   1.14812794E+00   1.14693276E+00   1.14556360E+00   1.14399762E+00   1.14221730E+00   1.14019355E+00   1.13791182E+00   1.13534367E+00   1.13246432E+00   1.12926819E+00   1.12571848E+00   1.12206337E+00   1.11804446E+00   1.11399074E+00   1.10959336E+00   1.10522134E+00   1.10052099E+00   1.09588469E+00   1.09094119E+00   1.08609593E+00   1.08097490E+00   1.07600595E+00   1.07077390E+00   1.06571360E+00   1.06043015E+00   1.05537022E+00   1.05008545E+00   1.04477082E+00   1.03927471E+00   1.03358371E+00   1.02767925E+00   1.02171469E+00   1.01582856E+00   1.00887068E+00   1.00000000E+00
   1.14497582E+00   1.14497582E+00   1.14497584E+00   1.14497588E+00   1.14497593E+00   1.14497601E+00   1.14497611E+00   1.14497624E+00   1.14497641E+00   1.14497661E+00   1.14497686E+00   1.14497716E+00   1.14497753E+00   1.14497798E+00   1.14497851E+00   1.14497916E+00   1.14497993E+00   1.14498084E+00   1.14498191E+00   1.14498319E+00   1.14498467E+00   1.14498641E+00   1.14498843E+00   1.14499078E+00   1.14499348E+00   1.14499660E+00   1.14500017E+00   1.14500427E+00   1.14500893E+00   1.14501424E+00   1.14502024E+00   1.14502702E+00   1.14503466E+00   1.14504325E+00   1.14505285E+00   1.14506356E+00   1.14507547E+00   1.14508867E+00   1.14510324E+00   1.14511929E+00   1.14513690E+00   1.14515612E+00   1.14517701E+00   1.14519962E+00   1.14522399E+00   1.14525010E+00   1.14527790E+00   1.14530731E+00   1.14533820E+00   1.14537037E+00   1.14540358E+00   1.14543740E+00   1.14547153E+00   1.14550515E+00   1.14553768E+00   1.14556793E+00   1.14559513E+00   1.14561768E+00   1.14563420E+00   1.14564255E+00   1.14564096E+00   1.14562624E+00   1.14559595E+00   1.14554568E+00   1.14547266E+00   1.14537193E+00   1.14523870E+00   1.14506536E+00   1.14484745E+00   1.14457537E+00   1.14424292E+00   1.14383905E+00   1.14335546E+00   1.14277811E+00   1.14209820E+00   1.14129942E+00   1.14036983E+00   1.13928957E+00   1.13804649E+00   1.13661840E+00   1.13498887E+00   1.13312998E+00   1.13102670E+00   1.12865106E+00   1.12598038E+00   1.12300790E+00   1.11969641E+00   1.11627690E+00   1.11251023E+00   1.10870384E+00   1.10456551E+00   1.10044223E+00   1.09600219E+00   1.09161532E+00   1.08693255E+00   1.08233799E+00   1.07747433E+00   1.07274828E+00   1.06776897E+00   1.06294905E+00   1.05790994E+00   1.05307816E+00   1.04803225E+00   1.04295747E+00   1.03770191E+00   1.03225258E+00   1.02659773E+00   1.02088751E+00   1.01525838E+00   1.00857319E+00   1.00000000E+00
   1.14173476E+00   1.14173476E+00   1.14173477E+00   1.14173481E+00   1.14173485E+00   1.14173492E+00   1.14173502E+00   1.14173513E+00   1.14173528E+00   1.14173547E+00   1.14173570E+00   1.14173599E+00   1.14173633E+00   1.14173675E+00   1.14173726E+00   1.14173786E+00   1.14173859E+00   1.14173945E+00   1.14174047E+00   1.14174167E+00   1.14174308E+00   1.14174474E+00   1.14174666E+00   1.14174890E+00   1.14175148E+00   1.14175447E+00   1.14175789E+00   1.14176182E+00   1.14176630E+00   1.14177141E+00   1.14177719E+00   1.14178375E+00   1.14179113E+00   1.14179945E+00   1.14180875E+00   1.14181916E+00   1.14183074E+00   1.14184361E+00   1.14185783E+00   1.14187352E+00   1.14189076E+00   1.14190962E+00   1.14193016E+00   1.14195243E+00   1.14197649E+00   1.14200234E+00   1.14202992E+00   1.14205919E+00   1.14209003E+00   1.14212228E+00   1.14215571E+00   1.14218993E+00   1.14222468E+00   1.14225918E+00   1.14229290E+00   1.14232471E+00   1.14235390E+00   1.14237894E+00   1.14239852E+00   1.14241062E+00   1.14241352E+00   1.14240416E+00   1.14238021E+00   1.14233743E+00   1.14227314E+00   1.14218254E+00   1.14206099E+00   1.14190114E+00   1.14169864E+00   1.14144415E+00   1.14113159E+00   1.14075019E+00   1.14029186E+00   1.13974290E+00   1.13909462E+00   1.13833100E+00   1.13744036E+00   1.13640323E+00   1.13520754E+00   1.13383136E+00   1.13225862E+00   1.13046190E+00   1.12842602E+00   1.12612317E+00   1.12353138E+00   1.12064352E+00   1.11742235E+00   1.11409225E+00   1.11042120E+00   1.10670856E+00   1.10266854E+00   1.09863970E+00   1.09429850E+00   1.09000635E+00   1.08542243E+00   1.08092279E+00   1.07615667E+00   1.07152264E+00   1.06663888E+00   1.06190973E+00   1.05696293E+00   1.05221730E+00   1.04726129E+00   1.04227656E+00   1.03711139E+00   1.03175287E+00   1.02619169E+00   1.02057676E+00   1.01504384E+00   1.00846092E+00   1.00000000E+00
   1.17683394E+00   1.17683397E+00   1.17683406E+00   1.17683420E+00   1.17683438E+00   1.17683462E+00   1.17683492E+00   1.17683528E+00   1.17683571E+00   1.17683622E+00   1.17683683E+00   1.17683755E+00   1.17683838E+00   1.17683936E+00   1.17684049E+00   1.17684181E+00   1.17684332E+00   1.17684506E+00   1.17684705E+00   1.17684933E+00   1.17685192E+00   1.17685487E+00   1.17685819E+00   1.17686196E+00   1.17686618E+00   1.17687093E+00   1.17687623E+00   1.17688215E+00   1.17688872E+00   1.17689601E+00   1.17690406E+00   1.17691292E+00   1.17692264E+00   1.17693327E+00   1.17694483E+00   1.17695737E+00   1.17697090E+00   1.17698544E+00   1.17700098E+00   1.17701749E+00   1.17703494E+00   1.17705322E+00   1.17707221E+00   1.17709172E+00   1.17711162E+00   1.17713157E+00   1.17715122E+00   1.17717010E+00   1.17718776E+00   1.17720347E+00   1.17721658E+00   1.17722598E+00   1.17723089E+00   1.17722963E+00   1.17722100E+00   1.17720275E+00   1.17717354E+00   1.17713050E+00   1.17707132E+00   1.17699241E+00   1.17689115E+00   1.17676272E+00   1.17660336E+00   1.17640683E+00   1.17616929E+00   1.17588364E+00   1.17554361E+00   1.17513922E+00   1.17466451E+00   1.17410759E+00   1.17346135E+00   1.17271228E+00   1.17184973E+00   1.17085755E+00   1.16972631E+00   1.16843748E+00   1.16697674E+00   1.16532253E+00   1.16346249E+00   1.16137340E+00   1.15903549E+00   1.15641905E+00   1.15351291E+00   1.15028926E+00   1.14671801E+00   1.14280209E+00   1.13850879E+00   1.13413943E+00   1.12937465E+00   1.12461059E+00   1.11949212E+00   1.11444823E+00   1.10906380E+00   1.10379189E+00   1.09819791E+00   1.09274448E+00   1.08702054E+00   1.08150040E+00   1.07570699E+00   1.07012957E+00   1.06434133E+00   1.05882731E+00   1.05307518E+00   1.04730531E+00   1.04137943E+00   1.03528746E+00   1.02898750E+00   1.02262298E+00   1.01640304E+00   1.00918105E+00   1.00000000E+00
   1.15758108E+00   1.15758110E+00   1.15758115E+00   1.15758124E+00   1.15758137E+00   1.15758153E+00   1.15758173E+00   1.15758198E+00   1.15758229E+00   1.15758265E+00   1.15758309E+00   1.15758361E+00   1.15758422E+00   1.15758495E+00   1.15758579E+00   1.15758678E+00   1.15758792E+00   1.15758926E+00   1.15759079E+00   1.15759256E+00   1.15759460E+00   1.15759693E+00   1.15759958E+00   1.15760260E+00   1.15760602E+00   1.15760990E+00   1.15761426E+00   1.15761918E+00   1.15762468E+00   1.15763084E+00   1.15763769E+00   1.15764530E+00   1.15765373E+00   1.15766304E+00   1.15767326E+00   1.15768447E+00   1.15769670E+00   1.15770999E+00   1.15772438E+00   1.15773988E+00   1.15775651E+00   1.15777422E+00   1.15779298E+00   1.15781268E+00   1.15783326E+00   1.15785453E+00   1.15787626E+00   1.15789816E+00   1.15791990E+00   1.15794099E+00   1.15796097E+00   1.15797901E+00   1.15799456E+00   1.15800632E+00   1.15801341E+00   1.15801406E+00   1.15800717E+00   1.15799048E+00   1.15796214E+00   1.15791924E+00   1.15785954E+00   1.15777905E+00   1.15767471E+00   1.15754123E+00   1.15737521E+00   1.15717055E+00   1.15692194E+00   1.15662075E+00   1.15626177E+00   1.15583445E+00   1.15533212E+00   1.15474271E+00   1.15405715E+00   1.15326060E+00   1.15234393E+00   1.15129011E+00   1.15008668E+00   1.14871337E+00   1.14715800E+00   1.14539844E+00   1.14341789E+00   1.14118861E+00   1.13869692E+00   1.13591605E+00   1.13282248E+00   1.12941498E+00   1.12565654E+00   1.12181135E+00   1.11760784E+00   1.11339237E+00   1.10884291E+00   1.10434087E+00   1.09952125E+00   1.09478761E+00   1.08975856E+00   1.08484839E+00   1.07967692E+00   1.07467520E+00   1.06942451E+00   1.06436292E+00   1.05909352E+00   1.05406062E+00   1.04881877E+00   1.04356411E+00   1.03814694E+00   1.03256093E+00   1.02678565E+00   1.02095354E+00   1.01526636E+00   1.00859778E+00   1.00000000E+00
   1.14815648E+00   1.14815649E+00   1.14815653E+00   1.14815660E+00   1.14815670E+00   1.14815683E+00   1.14815700E+00   1.14815721E+00   1.14815746E+00   1.14815777E+00   1.14815814E+00   1.14815858E+00   1.14815910E+00   1.14815972E+00   1.14816045E+00   1.14816130E+00   1.14816230E+00   1.14816346E+00   1.14816481E+00   1.14816636E+00   1.14816816E+00   1.14817022E+00   1.14817258E+00   1.14817528E+00   1.14817834E+00   1.14818183E+00   1.14818577E+00   1.14819023E+00   1.14819524E+00   1.14820087E+00   1.14820717E+00   1.14821419E+00   1.14822200E+00   1.14823066E+00   1.14824022E+00   1.14825075E+00   1.14826230E+00   1.14827493E+00   1.14828867E+00   1.14830357E+00   1.14831965E+00   1.14833692E+00   1.14835535E+00   1.14837489E+00   1.14839550E+00   1.14841706E+00   1.14843939E+00   1.14846226E+00   1.14848544E+00   1.14850851E+00   1.14853110E+00   1.14855254E+00   1.14857234E+00   1.14858941E+00   1.14860300E+00   1.14861158E+00   1.14861416E+00   1.14860875E+00   1.14859374E+00   1.14856655E+00   1.14852512E+00   1.14846586E+00   1.14838606E+00   1.14828088E+00   1.14814715E+00   1.14797930E+00   1.14777246E+00   1.14751867E+00   1.14721311E+00   1.14684591E+00   1.14641067E+00   1.14589607E+00   1.14529376E+00   1.14458962E+00   1.14377478E+00   1.14283298E+00   1.14175259E+00   1.14051412E+00   1.13910557E+00   1.13750543E+00   1.13569813E+00   1.13365695E+00   1.13136745E+00   1.12880336E+00   1.12594366E+00   1.12278532E+00   1.11929045E+00   1.11570453E+00   1.11177787E+00   1.10783266E+00   1.10356469E+00   1.09933169E+00   1.09479279E+00   1.09032699E+00   1.08557771E+00   1.08093589E+00   1.07603856E+00   1.07129464E+00   1.06631232E+00   1.06150534E+00   1.05649342E+00   1.05169993E+00   1.04670967E+00   1.04170751E+00   1.03654135E+00   1.03120618E+00   1.02569033E+00   1.02012142E+00   1.01469808E+00   1.00830437E+00   1.00000000E+00
   1.14233476E+00   1.14233477E+00   1.14233480E+00   1.14233486E+00   1.14233494E+00   1.14233506E+00   1.14233520E+00   1.14233539E+00   1.14233562E+00   1.14233590E+00   1.14233623E+00   1.14233663E+00   1.14233710E+00   1.14233767E+00   1.14233833E+00   1.14233911E+00   1.14234003E+00   1.14234109E+00   1.14234233E+00   1.14234377E+00   1.14234542E+00   1.14234734E+00   1.14234953E+00   1.14235204E+00   1.14235490E+00   1.14235816E+00   1.14236186E+00   1.14236605E+00   1.14237077E+00   1.14237609E+00   1.14238205E+00   1.14238872E+00   1.14239615E+00   1.14240443E+00   1.14241358E+00   1.14242370E+00   1.14243482E+00   1.14244703E+00   1.14246035E+00   1.14247486E+00   1.14249058E+00   1.14250753E+00   1.14252571E+00   1.14254509E+00   1.14256564E+00   1.14258727E+00   1.14260986E+00   1.14263321E+00   1.14265710E+00   1.14268121E+00   1.14270521E+00   1.14272849E+00   1.14275064E+00   1.14277068E+00   1.14278793E+00   1.14280100E+00   1.14280898E+00   1.14281005E+00   1.14280273E+00   1.14278464E+00   1.14275385E+00   1.14270700E+00   1.14264159E+00   1.14255306E+00   1.14243841E+00   1.14229237E+00   1.14211035E+00   1.14188482E+00   1.14161116E+00   1.14127997E+00   1.14088504E+00   1.14041551E+00   1.13986344E+00   1.13921522E+00   1.13846215E+00   1.13758848E+00   1.13658305E+00   1.13542692E+00   1.13410824E+00   1.13260590E+00   1.13090499E+00   1.12897951E+00   1.12681467E+00   1.12438452E+00   1.12166930E+00   1.11866503E+00   1.11533369E+00   1.11190895E+00   1.10815414E+00   1.10437664E+00   1.10028376E+00   1.09621842E+00   1.09185450E+00   1.08755579E+00   1.08298060E+00   1.07850554E+00   1.07377896E+00   1.06919573E+00   1.06438015E+00   1.05973118E+00   1.05487946E+00   1.05023505E+00   1.04540058E+00   1.04055427E+00   1.03554361E+00   1.03036418E+00   1.02500908E+00   1.01960311E+00   1.01434317E+00   1.00812025E+00   1.00000000E+00
   1.14015328E+00   1.14015329E+00   1.14015332E+00   1.14015337E+00   1.14015345E+00   1.14015356E+00   1.14015370E+00   1.14015388E+00   1.14015409E+00   1.14015436E+00   1.14015468E+00   1.14015507E+00   1.14015553E+00   1.14015607E+00   1.14015671E+00   1.14015747E+00   1.14015835E+00   1.14015939E+00   1.14016059E+00   1.14016198E+00   1.14016359E+00   1.14016545E+00   1.14016758E+00   1.14017002E+00   1.14017281E+00   1.14017599E+00   1.14017960E+00   1.14018369E+00   1.14018831E+00   1.14019351E+00   1.14019935E+00   1.14020589E+00   1.14021319E+00   1.14022131E+00   1.14023031E+00   1.14024028E+00   1.14025124E+00   1.14026329E+00   1.14027646E+00   1.14029082E+00   1.14030640E+00   1.14032323E+00   1.14034131E+00   1.14036062E+00   1.14038114E+00   1.14040278E+00   1.14042544E+00   1.14044895E+00   1.14047309E+00   1.14049757E+00   1.14052206E+00   1.14054600E+00   1.14056898E+00   1.14059008E+00   1.14060864E+00   1.14062334E+00   1.14063327E+00   1.14063670E+00   1.14063217E+00   1.14061739E+00   1.14059049E+00   1.14054818E+00   1.14048803E+00   1.14040560E+00   1.14029796E+00   1.14015995E+00   1.13998708E+00   1.13977196E+00   1.13951009E+00   1.13919221E+00   1.13881221E+00   1.13835937E+00   1.13782594E+00   1.13719849E+00   1.13646840E+00   1.13562010E+00   1.13464260E+00   1.13351719E+00   1.13223208E+00   1.13076631E+00   1.12910522E+00   1.12722305E+00   1.12510496E+00   1.12272508E+00   1.12006407E+00   1.11711765E+00   1.11384783E+00   1.11048378E+00   1.10679360E+00   1.10307917E+00   1.09905222E+00   1.09505007E+00   1.09075207E+00   1.08651634E+00   1.08200665E+00   1.07759430E+00   1.07293198E+00   1.06840924E+00   1.06365627E+00   1.05906660E+00   1.05427506E+00   1.04968664E+00   1.04491048E+00   1.04012238E+00   1.03516991E+00   1.03004879E+00   1.02475378E+00   1.01940868E+00   1.01420974E+00   1.00805079E+00   1.00000000E+00
   1.15574916E+00   1.15574918E+00   1.15574923E+00   1.15574932E+00   1.15574945E+00   1.15574962E+00   1.15574983E+00   1.15575010E+00   1.15575042E+00   1.15575081E+00   1.15575126E+00   1.15575180E+00   1.15575243E+00   1.15575316E+00   1.15575400E+00   1.15575498E+00   1.15575610E+00   1.15575738E+00   1.15575884E+00   1.15576051E+00   1.15576241E+00   1.15576455E+00   1.15576696E+00   1.15576968E+00   1.15577273E+00   1.15577614E+00   1.15577994E+00   1.15578416E+00   1.15578884E+00   1.15579401E+00   1.15579969E+00   1.15580592E+00   1.15581272E+00   1.15582012E+00   1.15582812E+00   1.15583674E+00   1.15584598E+00   1.15585582E+00   1.15586624E+00   1.15587718E+00   1.15588861E+00   1.15590038E+00   1.15591240E+00   1.15592444E+00   1.15593638E+00   1.15594788E+00   1.15595864E+00   1.15596820E+00   1.15597615E+00   1.15598183E+00   1.15598464E+00   1.15598360E+00   1.15597798E+00   1.15596633E+00   1.15594761E+00   1.15591988E+00   1.15588191E+00   1.15583118E+00   1.15576575E+00   1.15568249E+00   1.15557905E+00   1.15545129E+00   1.15529605E+00   1.15510797E+00   1.15488357E+00   1.15461650E+00   1.15430163E+00   1.15393051E+00   1.15349785E+00   1.15299341E+00   1.15241078E+00   1.15173818E+00   1.15096678E+00   1.15008247E+00   1.14907648E+00   1.14793254E+00   1.14663872E+00   1.14517604E+00   1.14353291E+00   1.14168855E+00   1.13962697E+00   1.13732255E+00   1.13476299E+00   1.13192335E+00   1.12878108E+00   1.12533836E+00   1.12155988E+00   1.11771127E+00   1.11351965E+00   1.10933247E+00   1.10482987E+00   1.10038823E+00   1.09564654E+00   1.09100305E+00   1.08608013E+00   1.08128585E+00   1.07624902E+00   1.07138779E+00   1.06629390E+00   1.06139429E+00   1.05630440E+00   1.05145170E+00   1.04640640E+00   1.04135996E+00   1.03616993E+00   1.03083759E+00   1.02533969E+00   1.01977828E+00   1.01442703E+00   1.00819042E+00   1.00000000E+00
   1.14575640E+00   1.14575641E+00   1.14575645E+00   1.14575652E+00   1.14575663E+00   1.14575677E+00   1.14575696E+00   1.14575718E+00   1.14575746E+00   1.14575779E+00   1.14575819E+00   1.14575865E+00   1.14575920E+00   1.14575984E+00   1.14576058E+00   1.14576143E+00   1.14576242E+00   1.14576356E+00   1.14576487E+00   1.14576637E+00   1.14576807E+00   1.14577001E+00   1.14577220E+00   1.14577468E+00   1.14577748E+00   1.14578062E+00   1.14578414E+00   1.14578808E+00   1.14579246E+00   1.14579733E+00   1.14580272E+00   1.14580867E+00   1.14581520E+00   1.14582236E+00   1.14583016E+00   1.14583865E+00   1.14584782E+00   1.14585769E+00   1.14586826E+00   1.14587950E+00   1.14589140E+00   1.14590387E+00   1.14591685E+00   1.14593020E+00   1.14594379E+00   1.14595740E+00   1.14597079E+00   1.14598360E+00   1.14599551E+00   1.14600596E+00   1.14601450E+00   1.14602027E+00   1.14602268E+00   1.14602050E+00   1.14601285E+00   1.14599806E+00   1.14597501E+00   1.14594152E+00   1.14589591E+00   1.14583537E+00   1.14575780E+00   1.14565946E+00   1.14553759E+00   1.14538730E+00   1.14520532E+00   1.14498586E+00   1.14472429E+00   1.14441282E+00   1.14404655E+00   1.14361593E+00   1.14311476E+00   1.14253197E+00   1.14185958E+00   1.14108408E+00   1.14019688E+00   1.13918242E+00   1.13802975E+00   1.13672045E+00   1.13524305E+00   1.13357723E+00   1.13170856E+00   1.12961223E+00   1.12727454E+00   1.12467109E+00   1.12178274E+00   1.11860910E+00   1.11511261E+00   1.11153948E+00   1.10764189E+00   1.10374067E+00   1.09953347E+00   1.09537232E+00   1.09092232E+00   1.08655550E+00   1.08192214E+00   1.07740503E+00   1.07264889E+00   1.06805005E+00   1.06323018E+00   1.05858984E+00   1.05375948E+00   1.04914619E+00   1.04435507E+00   1.03956399E+00   1.03462335E+00   1.02953780E+00   1.02429602E+00   1.01899237E+00   1.01389683E+00   1.00792101E+00   1.00000000E+00
   1.14092155E+00   1.14092156E+00   1.14092160E+00   1.14092166E+00   1.14092176E+00   1.14092189E+00   1.14092206E+00   1.14092227E+00   1.14092253E+00   1.14092284E+00   1.14092321E+00   1.14092364E+00   1.14092415E+00   1.14092475E+00   1.14092544E+00   1.14092625E+00   1.14092718E+00   1.14092826E+00   1.14092949E+00   1.14093091E+00   1.14093252E+00   1.14093437E+00   1.14093645E+00   1.14093882E+00   1.14094150E+00   1.14094451E+00   1.14094789E+00   1.14095169E+00   1.14095592E+00   1.14096063E+00   1.14096586E+00   1.14097165E+00   1.14097803E+00   1.14098504E+00   1.14099271E+00   1.14100108E+00   1.14101016E+00   1.14101998E+00   1.14103054E+00   1.14104183E+00   1.14105385E+00   1.14106653E+00   1.14107983E+00   1.14109362E+00   1.14110782E+00   1.14112223E+00   1.14113664E+00   1.14115074E+00   1.14116424E+00   1.14117665E+00   1.14118755E+00   1.14119617E+00   1.14120197E+00   1.14120382E+00   1.14120093E+00   1.14119174E+00   1.14117519E+00   1.14114926E+00   1.14111238E+00   1.14106192E+00   1.14099588E+00   1.14091072E+00   1.14080387E+00   1.14067066E+00   1.14050795E+00   1.14031022E+00   1.14007305E+00   1.13978899E+00   1.13945334E+00   1.13905689E+00   1.13859357E+00   1.13805267E+00   1.13742659E+00   1.13670214E+00   1.13587087E+00   1.13491759E+00   1.13383175E+00   1.13259529E+00   1.13119683E+00   1.12961634E+00   1.12783997E+00   1.12584334E+00   1.12361237E+00   1.12112291E+00   1.11835697E+00   1.11531314E+00   1.11195347E+00   1.10851449E+00   1.10475956E+00   1.10099695E+00   1.09693364E+00   1.09290963E+00   1.08860232E+00   1.08437112E+00   1.07987896E+00   1.07549675E+00   1.07087799E+00   1.06640795E+00   1.06172177E+00   1.05720779E+00   1.05250481E+00   1.04800949E+00   1.04334221E+00   1.03867491E+00   1.03385650E+00   1.02889268E+00   1.02377675E+00   1.01859992E+00   1.01363064E+00   1.00778453E+00   1.00000000E+00
   1.13795768E+00   1.13795769E+00   1.13795772E+00   1.13795779E+00   1.13795788E+00   1.13795801E+00   1.13795817E+00   1.13795837E+00   1.13795861E+00   1.13795891E+00   1.13795926E+00   1.13795968E+00   1.13796017E+00   1.13796075E+00   1.13796142E+00   1.13796220E+00   1.13796310E+00   1.13796413E+00   1.13796533E+00   1.13796670E+00   1.13796826E+00   1.13797005E+00   1.13797207E+00   1.13797437E+00   1.13797697E+00   1.13797991E+00   1.13798321E+00   1.13798691E+00   1.13799105E+00   1.13799567E+00   1.13800080E+00   1.13800649E+00   1.13801276E+00   1.13801968E+00   1.13802726E+00   1.13803554E+00   1.13804455E+00   1.13805432E+00   1.13806485E+00   1.13807614E+00   1.13808820E+00   1.13810097E+00   1.13811442E+00   1.13812845E+00   1.13814296E+00   1.13815778E+00   1.13817274E+00   1.13818755E+00   1.13820193E+00   1.13821542E+00   1.13822764E+00   1.13823787E+00   1.13824559E+00   1.13824974E+00   1.13824956E+00   1.13824358E+00   1.13823078E+00   1.13820922E+00   1.13817740E+00   1.13813281E+00   1.13807350E+00   1.13799607E+00   1.13789803E+00   1.13777486E+00   1.13762352E+00   1.13743864E+00   1.13721594E+00   1.13694817E+00   1.13663074E+00   1.13625467E+00   1.13581397E+00   1.13529818E+00   1.13469988E+00   1.13400613E+00   1.13320856E+00   1.13229221E+00   1.13124679E+00   1.13005445E+00   1.12870390E+00   1.12717530E+00   1.12545510E+00   1.12351923E+00   1.12135346E+00   1.11893373E+00   1.11624270E+00   1.11327834E+00   1.11000273E+00   1.10664633E+00   1.10297907E+00   1.09930164E+00   1.09532699E+00   1.09138762E+00   1.08716843E+00   1.08302105E+00   1.07861597E+00   1.07431688E+00   1.06978300E+00   1.06539261E+00   1.06078885E+00   1.05635272E+00   1.05172848E+00   1.04730618E+00   1.04271508E+00   1.03812373E+00   1.03338073E+00   1.02849222E+00   1.02345398E+00   1.01835543E+00   1.01346419E+00   1.00769868E+00   1.00000000E+00
   1.13685343E+00   1.13685344E+00   1.13685347E+00   1.13685353E+00   1.13685362E+00   1.13685374E+00   1.13685390E+00   1.13685410E+00   1.13685434E+00   1.13685463E+00   1.13685498E+00   1.13685540E+00   1.13685588E+00   1.13685645E+00   1.13685711E+00   1.13685788E+00   1.13685876E+00   1.13685979E+00   1.13686097E+00   1.13686232E+00   1.13686386E+00   1.13686563E+00   1.13686763E+00   1.13686991E+00   1.13687249E+00   1.13687539E+00   1.13687866E+00   1.13688233E+00   1.13688644E+00   1.13689102E+00   1.13689611E+00   1.13690176E+00   1.13690800E+00   1.13691488E+00   1.13692242E+00   1.13693068E+00   1.13693966E+00   1.13694941E+00   1.13695992E+00   1.13697121E+00   1.13698328E+00   1.13699608E+00   1.13700958E+00   1.13702369E+00   1.13703831E+00   1.13705328E+00   1.13706843E+00   1.13708349E+00   1.13709817E+00   1.13711205E+00   1.13712475E+00   1.13713555E+00   1.13714397E+00   1.13714894E+00   1.13714974E+00   1.13714492E+00   1.13713348E+00   1.13711350E+00   1.13708352E+00   1.13704107E+00   1.13698421E+00   1.13690959E+00   1.13681476E+00   1.13669527E+00   1.13654808E+00   1.13636791E+00   1.13615051E+00   1.13588872E+00   1.13557799E+00   1.13520941E+00   1.13477704E+00   1.13427049E+00   1.13368243E+00   1.13300001E+00   1.13221489E+00   1.13131220E+00   1.13028173E+00   1.12910573E+00   1.12777295E+00   1.12626361E+00   1.12456428E+00   1.12265099E+00   1.12050948E+00   1.11811574E+00   1.11545259E+00   1.11251786E+00   1.10927364E+00   1.10594809E+00   1.10231357E+00   1.09866795E+00   1.09472645E+00   1.09081877E+00   1.08663254E+00   1.08251657E+00   1.07814404E+00   1.07387602E+00   1.06937389E+00   1.06501332E+00   1.06044036E+00   1.05603330E+00   1.05143849E+00   1.04704349E+00   1.04248079E+00   1.03791769E+00   1.03320282E+00   1.02834244E+00   1.02333315E+00   1.01826378E+00   1.01340163E+00   1.00766627E+00   1.00000000E+00
   1.27609171E+00   1.27609183E+00   1.27609214E+00   1.27609255E+00   1.27609301E+00   1.27609351E+00   1.27609405E+00   1.27609464E+00   1.27609529E+00   1.27609604E+00   1.27609690E+00   1.27609791E+00   1.27609909E+00   1.27610049E+00   1.27610212E+00   1.27610404E+00   1.27610629E+00   1.27610895E+00   1.27611206E+00   1.27611569E+00   1.27611991E+00   1.27612478E+00   1.27613038E+00   1.27613685E+00   1.27614422E+00   1.27615257E+00   1.27616201E+00   1.27617278E+00   1.27618491E+00   1.27619849E+00   1.27621364E+00   1.27623066E+00   1.27624968E+00   1.27627083E+00   1.27629419E+00   1.27632008E+00   1.27634860E+00   1.27637976E+00   1.27641378E+00   1.27645111E+00   1.27649190E+00   1.27653617E+00   1.27658385E+00   1.27663512E+00   1.27669035E+00   1.27674952E+00   1.27681219E+00   1.27687822E+00   1.27694747E+00   1.27701919E+00   1.27709314E+00   1.27716928E+00   1.27724780E+00   1.27732735E+00   1.27740553E+00   1.27747945E+00   1.27754933E+00   1.27761271E+00   1.27766606E+00   1.27770619E+00   1.27773311E+00   1.27774232E+00   1.27772384E+00   1.27766506E+00   1.27757145E+00   1.27744599E+00   1.27727370E+00   1.27703310E+00   1.27671631E+00   1.27630730E+00   1.27580478E+00   1.27519372E+00   1.27444706E+00   1.27353437E+00   1.27245958E+00   1.27120387E+00   1.26972519E+00   1.26797546E+00   1.26597504E+00   1.26372197E+00   1.26112663E+00   1.25808339E+00   1.25465618E+00   1.25085448E+00   1.24650986E+00   1.24153212E+00   1.23602885E+00   1.23044115E+00   1.22417794E+00   1.21768854E+00   1.21063065E+00   1.20363041E+00   1.19607647E+00   1.18857761E+00   1.18042484E+00   1.17221891E+00   1.16350247E+00   1.15503136E+00   1.14595793E+00   1.13698926E+00   1.12754010E+00   1.11842547E+00   1.10868682E+00   1.09853776E+00   1.08779390E+00   1.07645661E+00   1.06449427E+00   1.05200211E+00   1.03848264E+00   1.02141738E+00   1.00000000E+00
   1.19547416E+00   1.19547414E+00   1.19547411E+00   1.19547417E+00   1.19547427E+00   1.19547438E+00   1.19547449E+00   1.19547460E+00   1.19547473E+00   1.19547488E+00   1.19547504E+00   1.19547522E+00   1.19547544E+00   1.19547573E+00   1.19547607E+00   1.19547645E+00   1.19547692E+00   1.19547752E+00   1.19547828E+00   1.19547924E+00   1.19548044E+00   1.19548190E+00   1.19548364E+00   1.19548574E+00   1.19548824E+00   1.19549117E+00   1.19549461E+00   1.19549873E+00   1.19550359E+00   1.19550924E+00   1.19551568E+00   1.19552309E+00   1.19553172E+00   1.19554170E+00   1.19555301E+00   1.19556589E+00   1.19558048E+00   1.19559687E+00   1.19561526E+00   1.19563619E+00   1.19565990E+00   1.19568649E+00   1.19571578E+00   1.19574811E+00   1.19578426E+00   1.19582453E+00   1.19586852E+00   1.19591651E+00   1.19596879E+00   1.19602530E+00   1.19608618E+00   1.19615237E+00   1.19622450E+00   1.19630204E+00   1.19638329E+00   1.19646730E+00   1.19655550E+00   1.19664705E+00   1.19673971E+00   1.19683291E+00   1.19692767E+00   1.19702179E+00   1.19710830E+00   1.19718033E+00   1.19724398E+00   1.19730313E+00   1.19734631E+00   1.19735924E+00   1.19733740E+00   1.19727089E+00   1.19715998E+00   1.19699405E+00   1.19675288E+00   1.19641643E+00   1.19598713E+00   1.19544961E+00   1.19477189E+00   1.19392004E+00   1.19290710E+00   1.19172299E+00   1.19029938E+00   1.18856629E+00   1.18656766E+00   1.18429236E+00   1.18161201E+00   1.17846502E+00   1.17492583E+00   1.17126189E+00   1.16707297E+00   1.16266757E+00   1.15781861E+00   1.15294629E+00   1.14762325E+00   1.14227930E+00   1.13641178E+00   1.13046383E+00   1.12410665E+00   1.11788319E+00   1.11116697E+00   1.10448791E+00   1.09742099E+00   1.09056054E+00   1.08316170E+00   1.07541990E+00   1.06723859E+00   1.05861588E+00   1.04946071E+00   1.03982034E+00   1.02946877E+00   1.01647819E+00   1.00000000E+00
   1.15324623E+00   1.15324611E+00   1.15324590E+00   1.15324583E+00   1.15324585E+00   1.15324592E+00   1.15324603E+00   1.15324616E+00   1.15324631E+00   1.15324649E+00   1.15324668E+00   1.15324684E+00   1.15324702E+00   1.15324723E+00   1.15324744E+00   1.15324761E+00   1.15324779E+00   1.15324801E+00   1.15324829E+00   1.15324867E+00   1.15324917E+00   1.15324978E+00   1.15325051E+00   1.15325141E+00   1.15325253E+00   1.15325385E+00   1.15325545E+00   1.15325747E+00   1.15325997E+00   1.15326296E+00   1.15326638E+00   1.15327038E+00   1.15327522E+00   1.15328102E+00   1.15328769E+00   1.15329543E+00   1.15330437E+00   1.15331459E+00   1.15332626E+00   1.15333992E+00   1.15335580E+00   1.15337396E+00   1.15339420E+00   1.15341686E+00   1.15344279E+00   1.15347235E+00   1.15350516E+00   1.15354160E+00   1.15358206E+00   1.15362668E+00   1.15367570E+00   1.15373036E+00   1.15379135E+00   1.15385845E+00   1.15393027E+00   1.15400667E+00   1.15408940E+00   1.15417818E+00   1.15427147E+00   1.15436982E+00   1.15447442E+00   1.15458412E+00   1.15469363E+00   1.15479895E+00   1.15490589E+00   1.15501832E+00   1.15512713E+00   1.15522237E+00   1.15530101E+00   1.15535619E+00   1.15538877E+00   1.15539094E+00   1.15534691E+00   1.15524237E+00   1.15507868E+00   1.15484324E+00   1.15451061E+00   1.15405508E+00   1.15348500E+00   1.15278737E+00   1.15190871E+00   1.15079951E+00   1.14949002E+00   1.14796016E+00   1.14610894E+00   1.14389005E+00   1.14135482E+00   1.13868545E+00   1.13558796E+00   1.13229289E+00   1.12862782E+00   1.12490397E+00   1.12079548E+00   1.11663450E+00   1.11203366E+00   1.10734377E+00   1.10230142E+00   1.09733339E+00   1.09194106E+00   1.08654845E+00   1.08081524E+00   1.07521915E+00   1.06914789E+00   1.06277555E+00   1.05603632E+00   1.04892153E+00   1.04132701E+00   1.03329088E+00   1.02470623E+00   1.01390461E+00   1.00000000E+00
   1.12596200E+00   1.12596179E+00   1.12596140E+00   1.12596124E+00   1.12596124E+00   1.12596135E+00   1.12596154E+00   1.12596177E+00   1.12596205E+00   1.12596237E+00   1.12596270E+00   1.12596301E+00   1.12596332E+00   1.12596364E+00   1.12596393E+00   1.12596416E+00   1.12596435E+00   1.12596453E+00   1.12596472E+00   1.12596498E+00   1.12596528E+00   1.12596563E+00   1.12596600E+00   1.12596646E+00   1.12596702E+00   1.12596769E+00   1.12596850E+00   1.12596960E+00   1.12597104E+00   1.12597280E+00   1.12597480E+00   1.12597715E+00   1.12598013E+00   1.12598383E+00   1.12598812E+00   1.12599319E+00   1.12599913E+00   1.12600603E+00   1.12601401E+00   1.12602360E+00   1.12603502E+00   1.12604831E+00   1.12606319E+00   1.12608002E+00   1.12609966E+00   1.12612247E+00   1.12614804E+00   1.12617683E+00   1.12620920E+00   1.12624539E+00   1.12628565E+00   1.12633135E+00   1.12638319E+00   1.12644106E+00   1.12650374E+00   1.12657151E+00   1.12664621E+00   1.12672781E+00   1.12681517E+00   1.12690946E+00   1.12701188E+00   1.12712184E+00   1.12723503E+00   1.12734924E+00   1.12746991E+00   1.12760081E+00   1.12773433E+00   1.12786337E+00   1.12798563E+00   1.12809605E+00   1.12819596E+00   1.12827932E+00   1.12833326E+00   1.12834732E+00   1.12832220E+00   1.12824736E+00   1.12810162E+00   1.12786479E+00   1.12754250E+00   1.12712077E+00   1.12655612E+00   1.12581248E+00   1.12491146E+00   1.12382850E+00   1.12248128E+00   1.12083429E+00   1.11892437E+00   1.11688208E+00   1.11448107E+00   1.11190131E+00   1.10900499E+00   1.10603327E+00   1.10272654E+00   1.09935196E+00   1.09559808E+00   1.09175187E+00   1.08759338E+00   1.08347186E+00   1.07897501E+00   1.07445362E+00   1.06962383E+00   1.06488650E+00   1.05972204E+00   1.05428504E+00   1.04852529E+00   1.04242839E+00   1.03588765E+00   1.02893905E+00   1.02154526E+00   1.01220037E+00   1.00000000E+00
   1.11542705E+00   1.11542679E+00   1.11542632E+00   1.11542613E+00   1.11542612E+00   1.11542626E+00   1.11542650E+00   1.11542680E+00   1.11542716E+00   1.11542757E+00   1.11542800E+00   1.11542839E+00   1.11542879E+00   1.11542921E+00   1.11542957E+00   1.11542985E+00   1.11543009E+00   1.11543030E+00   1.11543051E+00   1.11543076E+00   1.11543104E+00   1.11543133E+00   1.11543162E+00   1.11543197E+00   1.11543239E+00   1.11543287E+00   1.11543345E+00   1.11543427E+00   1.11543537E+00   1.11543676E+00   1.11543829E+00   1.11544010E+00   1.11544246E+00   1.11544546E+00   1.11544894E+00   1.11545309E+00   1.11545799E+00   1.11546371E+00   1.11547037E+00   1.11547850E+00   1.11548830E+00   1.11549981E+00   1.11551270E+00   1.11552733E+00   1.11554459E+00   1.11556480E+00   1.11558755E+00   1.11561332E+00   1.11564245E+00   1.11567519E+00   1.11571180E+00   1.11575371E+00   1.11580158E+00   1.11585535E+00   1.11591381E+00   1.11597742E+00   1.11604805E+00   1.11612568E+00   1.11620933E+00   1.11630041E+00   1.11640009E+00   1.11650795E+00   1.11662003E+00   1.11673479E+00   1.11685754E+00   1.11699196E+00   1.11713100E+00   1.11726864E+00   1.11740276E+00   1.11752900E+00   1.11764885E+00   1.11775697E+00   1.11784154E+00   1.11789366E+00   1.11791377E+00   1.11789214E+00   1.11780916E+00   1.11764687E+00   1.11740997E+00   1.11708427E+00   1.11663010E+00   1.11601672E+00   1.11526269E+00   1.11434193E+00   1.11317938E+00   1.11174433E+00   1.11006846E+00   1.10826319E+00   1.10612764E+00   1.10382256E+00   1.10122354E+00   1.09854465E+00   1.09555188E+00   1.09248671E+00   1.08906719E+00   1.08555462E+00   1.08174641E+00   1.07796113E+00   1.07382055E+00   1.06964609E+00   1.06517633E+00   1.06078174E+00   1.05597997E+00   1.05091679E+00   1.04554732E+00   1.03985464E+00   1.03373234E+00   1.02721618E+00   1.02029447E+00   1.01152528E+00   1.00000000E+00
   1.27264532E+00   1.27264544E+00   1.27264575E+00   1.27264614E+00   1.27264660E+00   1.27264710E+00   1.27264766E+00   1.27264827E+00   1.27264896E+00   1.27264976E+00   1.27265068E+00   1.27265175E+00   1.27265301E+00   1.27265450E+00   1.27265624E+00   1.27265829E+00   1.27266069E+00   1.27266351E+00   1.27266679E+00   1.27267061E+00   1.27267503E+00   1.27268013E+00   1.27268597E+00   1.27269267E+00   1.27270031E+00   1.27270896E+00   1.27271873E+00   1.27272982E+00   1.27274229E+00   1.27275626E+00   1.27277183E+00   1.27278927E+00   1.27280870E+00   1.27283028E+00   1.27285408E+00   1.27288037E+00   1.27290927E+00   1.27294088E+00   1.27297538E+00   1.27301312E+00   1.27305421E+00   1.27309867E+00   1.27314648E+00   1.27319776E+00   1.27325277E+00   1.27331142E+00   1.27337330E+00   1.27343819E+00   1.27350597E+00   1.27357607E+00   1.27364810E+00   1.27372168E+00   1.27379652E+00   1.27387092E+00   1.27394291E+00   1.27400985E+00   1.27407147E+00   1.27412509E+00   1.27416735E+00   1.27419465E+00   1.27420556E+00   1.27419460E+00   1.27415429E+00   1.27407470E+00   1.27395704E+00   1.27379876E+00   1.27358655E+00   1.27330162E+00   1.27293681E+00   1.27247587E+00   1.27191403E+00   1.27123403E+00   1.27041301E+00   1.26942354E+00   1.26826311E+00   1.26690879E+00   1.26532745E+00   1.26347863E+00   1.26136604E+00   1.25897114E+00   1.25622813E+00   1.25305750E+00   1.24949112E+00   1.24550934E+00   1.24098753E+00   1.23587717E+00   1.23023537E+00   1.22448193E+00   1.21806341E+00   1.21146399E+00   1.20429864E+00   1.19719345E+00   1.18953278E+00   1.18193890E+00   1.17372638E+00   1.16552434E+00   1.15683375E+00   1.14839107E+00   1.13936967E+00   1.13049152E+00   1.12116924E+00   1.11219740E+00   1.10263825E+00   1.09272995E+00   1.08229870E+00   1.07135135E+00   1.05983329E+00   1.04785696E+00   1.03508633E+00   1.01937210E+00   1.00000000E+00
   1.19822794E+00   1.19822792E+00   1.19822791E+00   1.19822796E+00   1.19822804E+00   1.19822814E+00   1.19822825E+00   1.19822836E+00   1.19822849E+00   1.19822866E+00   1.19822884E+00   1.19822906E+00   1.19822933E+00   1.19822967E+00   1.19823008E+00   1.19823058E+00   1.19823120E+00   1.19823198E+00   1.19823294E+00   1.19823413E+00   1.19823558E+00   1.19823733E+00   1.19823941E+00   1.19824189E+00   1.19824483E+00   1.19824828E+00   1.19825230E+00   1.19825706E+00   1.19826261E+00   1.19826901E+00   1.19827632E+00   1.19828473E+00   1.19829442E+00   1.19830554E+00   1.19831810E+00   1.19833234E+00   1.19834842E+00   1.19836652E+00   1.19838679E+00   1.19840968E+00   1.19843536E+00   1.19846397E+00   1.19849548E+00   1.19853025E+00   1.19856881E+00   1.19861140E+00   1.19865775E+00   1.19870811E+00   1.19876275E+00   1.19882177E+00   1.19888517E+00   1.19895344E+00   1.19902681E+00   1.19910456E+00   1.19918553E+00   1.19926888E+00   1.19935537E+00   1.19944389E+00   1.19953243E+00   1.19961984E+00   1.19970587E+00   1.19978760E+00   1.19986005E+00   1.19991780E+00   1.19996291E+00   1.19999457E+00   1.20000305E+00   1.19997608E+00   1.19990915E+00   1.19979126E+00   1.19961941E+00   1.19938101E+00   1.19905895E+00   1.19863402E+00   1.19810331E+00   1.19744831E+00   1.19664341E+00   1.19565835E+00   1.19449321E+00   1.19312749E+00   1.19151094E+00   1.18958784E+00   1.18737602E+00   1.18484701E+00   1.18190786E+00   1.17852202E+00   1.17471972E+00   1.17076928E+00   1.16629402E+00   1.16163805E+00   1.15652397E+00   1.15138994E+00   1.14579313E+00   1.14018995E+00   1.13408583E+00   1.12795756E+00   1.12142000E+00   1.11502139E+00   1.10814702E+00   1.10135203E+00   1.09418442E+00   1.08724877E+00   1.07982081E+00   1.07211413E+00   1.06401279E+00   1.05551614E+00   1.04653240E+00   1.03714376E+00   1.02721523E+00   1.01508105E+00   1.00000000E+00
   1.16012335E+00   1.16012324E+00   1.16012305E+00   1.16012298E+00   1.16012296E+00   1.16012299E+00   1.16012304E+00   1.16012311E+00   1.16012321E+00   1.16012332E+00   1.16012345E+00   1.16012358E+00   1.16012373E+00   1.16012391E+00   1.16012410E+00   1.16012431E+00   1.16012456E+00   1.16012489E+00   1.16012529E+00   1.16012583E+00   1.16012650E+00   1.16012733E+00   1.16012833E+00   1.16012956E+00   1.16013105E+00   1.16013285E+00   1.16013501E+00   1.16013765E+00   1.16014082E+00   1.16014457E+00   1.16014889E+00   1.16015395E+00   1.16015996E+00   1.16016701E+00   1.16017509E+00   1.16018441E+00   1.16019513E+00   1.16020741E+00   1.16022140E+00   1.16023751E+00   1.16025594E+00   1.16027681E+00   1.16030010E+00   1.16032619E+00   1.16035569E+00   1.16038887E+00   1.16042554E+00   1.16046609E+00   1.16051088E+00   1.16056022E+00   1.16061423E+00   1.16067367E+00   1.16073892E+00   1.16080967E+00   1.16088512E+00   1.16096515E+00   1.16105079E+00   1.16114158E+00   1.16123618E+00   1.16133452E+00   1.16143672E+00   1.16154101E+00   1.16164376E+00   1.16174173E+00   1.16183708E+00   1.16192977E+00   1.16201220E+00   1.16207570E+00   1.16211703E+00   1.16212792E+00   1.16210618E+00   1.16204204E+00   1.16192203E+00   1.16173147E+00   1.16146723E+00   1.16111387E+00   1.16065058E+00   1.16005309E+00   1.15931954E+00   1.15842993E+00   1.15734415E+00   1.15601939E+00   1.15446490E+00   1.15264972E+00   1.15050081E+00   1.14798726E+00   1.14512295E+00   1.14210205E+00   1.13864185E+00   1.13500927E+00   1.13098033E+00   1.12689509E+00   1.12240425E+00   1.11787455E+00   1.11291332E+00   1.10790992E+00   1.10254026E+00   1.09725317E+00   1.09155024E+00   1.08589127E+00   1.07989610E+00   1.07407079E+00   1.06781410E+00   1.06131568E+00   1.05447760E+00   1.04729120E+00   1.03966089E+00   1.03166464E+00   1.02324658E+00   1.01294154E+00   1.00000000E+00
   1.13574017E+00   1.13573999E+00   1.13573965E+00   1.13573949E+00   1.13573943E+00   1.13573944E+00   1.13573951E+00   1.13573963E+00   1.13573978E+00   1.13573996E+00   1.13574015E+00   1.13574034E+00   1.13574054E+00   1.13574074E+00   1.13574094E+00   1.13574112E+00   1.13574130E+00   1.13574151E+00   1.13574176E+00   1.13574208E+00   1.13574247E+00   1.13574294E+00   1.13574350E+00   1.13574420E+00   1.13574507E+00   1.13574613E+00   1.13574742E+00   1.13574906E+00   1.13575108E+00   1.13575352E+00   1.13575635E+00   1.13575971E+00   1.13576380E+00   1.13576871E+00   1.13577440E+00   1.13578106E+00   1.13578882E+00   1.13579785E+00   1.13580826E+00   1.13582047E+00   1.13583463E+00   1.13585089E+00   1.13586918E+00   1.13588991E+00   1.13591367E+00   1.13594077E+00   1.13597101E+00   1.13600488E+00   1.13604274E+00   1.13608498E+00   1.13613177E+00   1.13618401E+00   1.13624213E+00   1.13630602E+00   1.13637507E+00   1.13644954E+00   1.13653059E+00   1.13661804E+00   1.13671097E+00   1.13680994E+00   1.13691520E+00   1.13702565E+00   1.13713844E+00   1.13725168E+00   1.13736754E+00   1.13748638E+00   1.13760197E+00   1.13770793E+00   1.13780173E+00   1.13787679E+00   1.13793152E+00   1.13795801E+00   1.13794514E+00   1.13788134E+00   1.13776343E+00   1.13757821E+00   1.13730807E+00   1.13693292E+00   1.13645007E+00   1.13584051E+00   1.13507086E+00   1.13410692E+00   1.13295284E+00   1.13157708E+00   1.12991964E+00   1.12795376E+00   1.12568371E+00   1.12325757E+00   1.12045176E+00   1.11748221E+00   1.11416006E+00   1.11076207E+00   1.10699992E+00   1.10318050E+00   1.09897700E+00   1.09471932E+00   1.09012525E+00   1.08557806E+00   1.08065569E+00   1.07575337E+00   1.07053922E+00   1.06545470E+00   1.05998090E+00   1.05428725E+00   1.04828484E+00   1.04195924E+00   1.03521710E+00   1.02813593E+00   1.02070339E+00   1.01157381E+00   1.00000000E+00
   1.12636225E+00   1.12636203E+00   1.12636162E+00   1.12636142E+00   1.12636134E+00   1.12636136E+00   1.12636145E+00   1.12636160E+00   1.12636179E+00   1.12636203E+00   1.12636227E+00   1.12636251E+00   1.12636276E+00   1.12636301E+00   1.12636323E+00   1.12636343E+00   1.12636363E+00   1.12636383E+00   1.12636405E+00   1.12636432E+00   1.12636465E+00   1.12636503E+00   1.12636546E+00   1.12636601E+00   1.12636669E+00   1.12636752E+00   1.12636854E+00   1.12636985E+00   1.12637149E+00   1.12637350E+00   1.12637582E+00   1.12637860E+00   1.12638203E+00   1.12638620E+00   1.12639104E+00   1.12639675E+00   1.12640345E+00   1.12641130E+00   1.12642041E+00   1.12643117E+00   1.12644375E+00   1.12645828E+00   1.12647468E+00   1.12649335E+00   1.12651490E+00   1.12653961E+00   1.12656731E+00   1.12659849E+00   1.12663352E+00   1.12667281E+00   1.12671654E+00   1.12676567E+00   1.12682062E+00   1.12688135E+00   1.12694730E+00   1.12701888E+00   1.12709728E+00   1.12718239E+00   1.12727346E+00   1.12737128E+00   1.12747612E+00   1.12758713E+00   1.12770171E+00   1.12781850E+00   1.12793966E+00   1.12806571E+00   1.12819088E+00   1.12830969E+00   1.12841981E+00   1.12851534E+00   1.12859492E+00   1.12865134E+00   1.12867437E+00   1.12865370E+00   1.12858617E+00   1.12845947E+00   1.12825720E+00   1.12796107E+00   1.12756812E+00   1.12705993E+00   1.12640567E+00   1.12557464E+00   1.12456926E+00   1.12335790E+00   1.12188556E+00   1.12012744E+00   1.11808447E+00   1.11588720E+00   1.11333430E+00   1.11062186E+00   1.10757495E+00   1.10444569E+00   1.10096944E+00   1.09742937E+00   1.09352410E+00   1.08955985E+00   1.08527138E+00   1.08101613E+00   1.07640170E+00   1.07179775E+00   1.06689164E+00   1.06209937E+00   1.05693429E+00   1.05155705E+00   1.04588199E+00   1.03989232E+00   1.03349636E+00   1.02677178E+00   1.01972178E+00   1.01104585E+00   1.00000000E+00
   1.26530769E+00   1.26530781E+00   1.26530810E+00   1.26530847E+00   1.26530890E+00   1.26530939E+00   1.26530993E+00   1.26531055E+00   1.26531125E+00   1.26531206E+00   1.26531300E+00   1.26531410E+00   1.26531540E+00   1.26531693E+00   1.26531873E+00   1.26532083E+00   1.26532330E+00   1.26532618E+00   1.26532953E+00   1.26533343E+00   1.26533792E+00   1.26534311E+00   1.26534903E+00   1.26535581E+00   1.26536352E+00   1.26537225E+00   1.26538212E+00   1.26539328E+00   1.26540582E+00   1.26541987E+00   1.26543553E+00   1.26545302E+00   1.26547249E+00   1.26549409E+00   1.26551789E+00   1.26554413E+00   1.26557295E+00   1.26560447E+00   1.26563885E+00   1.26567635E+00   1.26571708E+00   1.26576107E+00   1.26580828E+00   1.26585880E+00   1.26591280E+00   1.26597018E+00   1.26603052E+00   1.26609357E+00   1.26615916E+00   1.26622671E+00   1.26629575E+00   1.26636560E+00   1.26643577E+00   1.26650441E+00   1.26656978E+00   1.26662924E+00   1.26668220E+00   1.26672566E+00   1.26675631E+00   1.26677025E+00   1.26676534E+00   1.26673574E+00   1.26667496E+00   1.26657384E+00   1.26643122E+00   1.26624166E+00   1.26599318E+00   1.26566862E+00   1.26526079E+00   1.26475310E+00   1.26413894E+00   1.26340010E+00   1.26251617E+00   1.26146154E+00   1.26023016E+00   1.25879730E+00   1.25713427E+00   1.25520451E+00   1.25300340E+00   1.25050508E+00   1.24765689E+00   1.24439332E+00   1.24072914E+00   1.23663318E+00   1.23200751E+00   1.22682464E+00   1.22110916E+00   1.21527133E+00   1.20878913E+00   1.20216965E+00   1.19499986E+00   1.18789935E+00   1.18025732E+00   1.17269869E+00   1.16456083E+00   1.15648250E+00   1.14794171E+00   1.13965336E+00   1.13082560E+00   1.12217995E+00   1.11312974E+00   1.10443785E+00   1.09520933E+00   1.08570775E+00   1.07577065E+00   1.06540155E+00   1.05452321E+00   1.04326874E+00   1.03145407E+00   1.01725761E+00   1.00000000E+00
   1.19842271E+00   1.19842270E+00   1.19842270E+00   1.19842275E+00   1.19842284E+00   1.19842294E+00   1.19842305E+00   1.19842318E+00   1.19842334E+00   1.19842353E+00   1.19842376E+00   1.19842403E+00   1.19842437E+00   1.19842480E+00   1.19842532E+00   1.19842595E+00   1.19842673E+00   1.19842769E+00   1.19842886E+00   1.19843029E+00   1.19843201E+00   1.19843407E+00   1.19843650E+00   1.19843939E+00   1.19844277E+00   1.19844673E+00   1.19845133E+00   1.19845671E+00   1.19846294E+00   1.19847011E+00   1.19847828E+00   1.19848763E+00   1.19849834E+00   1.19851056E+00   1.19852433E+00   1.19853988E+00   1.19855738E+00   1.19857703E+00   1.19859897E+00   1.19862358E+00   1.19865101E+00   1.19868144E+00   1.19871489E+00   1.19875168E+00   1.19879221E+00   1.19883667E+00   1.19888488E+00   1.19893704E+00   1.19899334E+00   1.19905384E+00   1.19911845E+00   1.19918732E+00   1.19926051E+00   1.19933720E+00   1.19941646E+00   1.19949728E+00   1.19957990E+00   1.19966293E+00   1.19974436E+00   1.19982253E+00   1.19989647E+00   1.19996277E+00   1.20001715E+00   1.20005423E+00   1.20007381E+00   1.20007260E+00   1.20004192E+00   1.19997024E+00   1.19985265E+00   1.19967718E+00   1.19943886E+00   1.19912402E+00   1.19871727E+00   1.19819959E+00   1.19756493E+00   1.19679303E+00   1.19586143E+00   1.19474139E+00   1.19342629E+00   1.19189090E+00   1.19009483E+00   1.18798936E+00   1.18557831E+00   1.18282706E+00   1.17966352E+00   1.17606303E+00   1.17202909E+00   1.16784083E+00   1.16313563E+00   1.15828602E+00   1.15297755E+00   1.14766167E+00   1.14188670E+00   1.13612735E+00   1.12989258E+00   1.12367852E+00   1.11706604E+00   1.11060654E+00   1.10370239E+00   1.09692065E+00   1.08979042E+00   1.08291127E+00   1.07559085E+00   1.06806116E+00   1.06019000E+00   1.05196828E+00   1.04331134E+00   1.03433913E+00   1.02498816E+00   1.01377315E+00   1.00000000E+00
   1.16467199E+00   1.16467190E+00   1.16467175E+00   1.16467169E+00   1.16467167E+00   1.16467168E+00   1.16467171E+00   1.16467176E+00   1.16467184E+00   1.16467194E+00   1.16467205E+00   1.16467219E+00   1.16467236E+00   1.16467256E+00   1.16467281E+00   1.16467310E+00   1.16467347E+00   1.16467394E+00   1.16467452E+00   1.16467526E+00   1.16467617E+00   1.16467729E+00   1.16467863E+00   1.16468026E+00   1.16468222E+00   1.16468456E+00   1.16468734E+00   1.16469067E+00   1.16469461E+00   1.16469923E+00   1.16470456E+00   1.16471077E+00   1.16471802E+00   1.16472645E+00   1.16473606E+00   1.16474710E+00   1.16475971E+00   1.16477408E+00   1.16479036E+00   1.16480891E+00   1.16482991E+00   1.16485355E+00   1.16487986E+00   1.16490922E+00   1.16494207E+00   1.16497869E+00   1.16501898E+00   1.16506329E+00   1.16511191E+00   1.16516512E+00   1.16522295E+00   1.16528588E+00   1.16535412E+00   1.16542729E+00   1.16550483E+00   1.16558639E+00   1.16567249E+00   1.16576239E+00   1.16585475E+00   1.16594892E+00   1.16604433E+00   1.16613873E+00   1.16622899E+00   1.16631157E+00   1.16638659E+00   1.16645186E+00   1.16650051E+00   1.16652406E+00   1.16651873E+00   1.16647502E+00   1.16638884E+00   1.16624914E+00   1.16604359E+00   1.16575685E+00   1.16538300E+00   1.16490471E+00   1.16430336E+00   1.16355480E+00   1.16265158E+00   1.16157000E+00   1.16027707E+00   1.15873283E+00   1.15693513E+00   1.15484922E+00   1.15241782E+00   1.14961720E+00   1.14643959E+00   1.14309948E+00   1.13931599E+00   1.13538836E+00   1.13105307E+00   1.12667508E+00   1.12188690E+00   1.11708264E+00   1.11186027E+00   1.10663653E+00   1.10104886E+00   1.09556348E+00   1.08968486E+00   1.08389470E+00   1.07778421E+00   1.07186916E+00   1.06556675E+00   1.05908294E+00   1.05229444E+00   1.04518507E+00   1.03767717E+00   1.02988969E+00   1.02180293E+00   1.01206980E+00   1.00000000E+00
   1.14326979E+00   1.14326965E+00   1.14326938E+00   1.14326924E+00   1.14326916E+00   1.14326914E+00   1.14326916E+00   1.14326921E+00   1.14326930E+00   1.14326941E+00   1.14326954E+00   1.14326967E+00   1.14326983E+00   1.14327000E+00   1.14327018E+00   1.14327039E+00   1.14327063E+00   1.14327092E+00   1.14327128E+00   1.14327174E+00   1.14327231E+00   1.14327302E+00   1.14327387E+00   1.14327492E+00   1.14327621E+00   1.14327777E+00   1.14327965E+00   1.14328196E+00   1.14328473E+00   1.14328803E+00   1.14329187E+00   1.14329641E+00   1.14330180E+00   1.14330815E+00   1.14331548E+00   1.14332398E+00   1.14333381E+00   1.14334515E+00   1.14335813E+00   1.14337310E+00   1.14339024E+00   1.14340973E+00   1.14343162E+00   1.14345629E+00   1.14348420E+00   1.14351564E+00   1.14355056E+00   1.14358941E+00   1.14363248E+00   1.14368014E+00   1.14373253E+00   1.14379026E+00   1.14385360E+00   1.14392245E+00   1.14399640E+00   1.14407549E+00   1.14416037E+00   1.14425063E+00   1.14434536E+00   1.14444449E+00   1.14454766E+00   1.14465329E+00   1.14475895E+00   1.14486221E+00   1.14496340E+00   1.14506098E+00   1.14514925E+00   1.14522164E+00   1.14527505E+00   1.14530161E+00   1.14529782E+00   1.14525437E+00   1.14516095E+00   1.14500477E+00   1.14478008E+00   1.14447168E+00   1.14406350E+00   1.14353464E+00   1.14287745E+00   1.14206965E+00   1.14108303E+00   1.13988343E+00   1.13846536E+00   1.13679457E+00   1.13482310E+00   1.13252809E+00   1.12989566E+00   1.12709951E+00   1.12390954E+00   1.12057692E+00   1.11687210E+00   1.11310446E+00   1.10896076E+00   1.10478176E+00   1.10022215E+00   1.09564587E+00   1.09072911E+00   1.08588233E+00   1.08067540E+00   1.07553360E+00   1.07008971E+00   1.06480503E+00   1.05916755E+00   1.05336330E+00   1.04727399E+00   1.04087928E+00   1.03410866E+00   1.02708129E+00   1.01980059E+00   1.01100058E+00   1.00000000E+00
   1.13508318E+00   1.13508300E+00   1.13508268E+00   1.13508250E+00   1.13508240E+00   1.13508237E+00   1.13508240E+00   1.13508246E+00   1.13508257E+00   1.13508270E+00   1.13508285E+00   1.13508301E+00   1.13508318E+00   1.13508336E+00   1.13508355E+00   1.13508374E+00   1.13508396E+00   1.13508421E+00   1.13508452E+00   1.13508491E+00   1.13508538E+00   1.13508596E+00   1.13508666E+00   1.13508752E+00   1.13508859E+00   1.13508990E+00   1.13509148E+00   1.13509343E+00   1.13509581E+00   1.13509865E+00   1.13510198E+00   1.13510593E+00   1.13511066E+00   1.13511627E+00   1.13512276E+00   1.13513035E+00   1.13513916E+00   1.13514939E+00   1.13516113E+00   1.13517477E+00   1.13519045E+00   1.13520837E+00   1.13522856E+00   1.13525142E+00   1.13527740E+00   1.13530680E+00   1.13533957E+00   1.13537620E+00   1.13541697E+00   1.13546231E+00   1.13551236E+00   1.13556777E+00   1.13562887E+00   1.13569561E+00   1.13576765E+00   1.13584517E+00   1.13592885E+00   1.13601841E+00   1.13611306E+00   1.13621299E+00   1.13631789E+00   1.13642642E+00   1.13653638E+00   1.13664580E+00   1.13675508E+00   1.13686292E+00   1.13696404E+00   1.13705260E+00   1.13712575E+00   1.13717623E+00   1.13720082E+00   1.13719088E+00   1.13713685E+00   1.13702699E+00   1.13685566E+00   1.13660852E+00   1.13627046E+00   1.13582198E+00   1.13525542E+00   1.13454914E+00   1.13367675E+00   1.13260642E+00   1.13133156E+00   1.12981819E+00   1.12802178E+00   1.12592005E+00   1.12349713E+00   1.12091095E+00   1.11795051E+00   1.11484831E+00   1.11138831E+00   1.10785830E+00   1.10396600E+00   1.10003114E+00   1.09573019E+00   1.09140632E+00   1.08675132E+00   1.08215380E+00   1.07720871E+00   1.07231929E+00   1.06713482E+00   1.06209530E+00   1.05671592E+00   1.05117447E+00   1.04535473E+00   1.03923474E+00   1.03274716E+00   1.02601127E+00   1.01903861E+00   1.01059354E+00   1.00000000E+00
   1.25511839E+00   1.25511850E+00   1.25511876E+00   1.25511909E+00   1.25511950E+00   1.25511997E+00   1.25512050E+00   1.25512111E+00   1.25512181E+00   1.25512263E+00   1.25512358E+00   1.25512471E+00   1.25512603E+00   1.25512759E+00   1.25512941E+00   1.25513155E+00   1.25513405E+00   1.25513697E+00   1.25514035E+00   1.25514427E+00   1.25514879E+00   1.25515398E+00   1.25515991E+00   1.25516669E+00   1.25517438E+00   1.25518310E+00   1.25519293E+00   1.25520403E+00   1.25521649E+00   1.25523045E+00   1.25524598E+00   1.25526331E+00   1.25528256E+00   1.25530390E+00   1.25532738E+00   1.25535323E+00   1.25538157E+00   1.25541255E+00   1.25544628E+00   1.25548297E+00   1.25552272E+00   1.25556554E+00   1.25561138E+00   1.25566027E+00   1.25571234E+00   1.25576742E+00   1.25582508E+00   1.25588503E+00   1.25594702E+00   1.25601043E+00   1.25607466E+00   1.25613883E+00   1.25620231E+00   1.25626314E+00   1.25631964E+00   1.25636913E+00   1.25641069E+00   1.25644108E+00   1.25645698E+00   1.25645422E+00   1.25643022E+00   1.25637888E+00   1.25629416E+00   1.25616721E+00   1.25599543E+00   1.25577169E+00   1.25548499E+00   1.25511930E+00   1.25466727E+00   1.25411224E+00   1.25344660E+00   1.25265187E+00   1.25170936E+00   1.25059491E+00   1.24930032E+00   1.24780030E+00   1.24606909E+00   1.24407303E+00   1.24180293E+00   1.23922986E+00   1.23630994E+00   1.23298726E+00   1.22926658E+00   1.22511259E+00   1.22044585E+00   1.21525176E+00   1.20953394E+00   1.20369647E+00   1.19724571E+00   1.19069917E+00   1.18362763E+00   1.17663667E+00   1.16912944E+00   1.16172415E+00   1.15378385E+00   1.14594291E+00   1.13767271E+00   1.12966110E+00   1.12115903E+00   1.11287242E+00   1.10422433E+00   1.09593861E+00   1.08717663E+00   1.07821756E+00   1.06890613E+00   1.05923830E+00   1.04912796E+00   1.03873027E+00   1.02798050E+00   1.01530027E+00   1.00000000E+00
   1.19623543E+00   1.19623543E+00   1.19623544E+00   1.19623550E+00   1.19623560E+00   1.19623571E+00   1.19623585E+00   1.19623601E+00   1.19623621E+00   1.19623645E+00   1.19623674E+00   1.19623710E+00   1.19623754E+00   1.19623808E+00   1.19623873E+00   1.19623953E+00   1.19624050E+00   1.19624167E+00   1.19624309E+00   1.19624479E+00   1.19624682E+00   1.19624922E+00   1.19625204E+00   1.19625535E+00   1.19625921E+00   1.19626371E+00   1.19626890E+00   1.19627492E+00   1.19628185E+00   1.19628979E+00   1.19629881E+00   1.19630909E+00   1.19632079E+00   1.19633406E+00   1.19634895E+00   1.19636572E+00   1.19638450E+00   1.19640549E+00   1.19642884E+00   1.19645487E+00   1.19648371E+00   1.19651555E+00   1.19655042E+00   1.19658858E+00   1.19663034E+00   1.19667584E+00   1.19672490E+00   1.19677768E+00   1.19683424E+00   1.19689454E+00   1.19695841E+00   1.19702574E+00   1.19709641E+00   1.19716947E+00   1.19724403E+00   1.19731884E+00   1.19739374E+00   1.19746696E+00   1.19753646E+00   1.19760007E+00   1.19765626E+00   1.19770119E+00   1.19773081E+00   1.19773947E+00   1.19772553E+00   1.19768415E+00   1.19760722E+00   1.19748355E+00   1.19730776E+00   1.19706722E+00   1.19675576E+00   1.19635902E+00   1.19586277E+00   1.19524811E+00   1.19450698E+00   1.19361826E+00   1.19256158E+00   1.19130929E+00   1.18985104E+00   1.18815967E+00   1.18620137E+00   1.18393221E+00   1.18134802E+00   1.17841280E+00   1.17506869E+00   1.17129905E+00   1.16709074E+00   1.16273470E+00   1.15787840E+00   1.15291351E+00   1.14749998E+00   1.14209597E+00   1.13624805E+00   1.13044023E+00   1.12418748E+00   1.11799369E+00   1.11142214E+00   1.10502007E+00   1.09821142E+00   1.09156123E+00   1.08459167E+00   1.07788790E+00   1.07079538E+00   1.06355528E+00   1.05602347E+00   1.04818409E+00   1.03996583E+00   1.03151876E+00   1.02283723E+00   1.01256133E+00   1.00000000E+00
   1.16686192E+00   1.16686186E+00   1.16686175E+00   1.16686170E+00   1.16686170E+00   1.16686171E+00   1.16686175E+00   1.16686182E+00   1.16686191E+00   1.16686204E+00   1.16686219E+00   1.16686238E+00   1.16686261E+00   1.16686290E+00   1.16686326E+00   1.16686370E+00   1.16686424E+00   1.16686491E+00   1.16686573E+00   1.16686674E+00   1.16686797E+00   1.16686946E+00   1.16687123E+00   1.16687335E+00   1.16687587E+00   1.16687885E+00   1.16688235E+00   1.16688648E+00   1.16689130E+00   1.16689691E+00   1.16690335E+00   1.16691080E+00   1.16691940E+00   1.16692929E+00   1.16694053E+00   1.16695333E+00   1.16696785E+00   1.16698430E+00   1.16700280E+00   1.16702369E+00   1.16704714E+00   1.16707334E+00   1.16710238E+00   1.16713457E+00   1.16717027E+00   1.16720970E+00   1.16725280E+00   1.16729987E+00   1.16735108E+00   1.16740663E+00   1.16746647E+00   1.16753081E+00   1.16759971E+00   1.16767267E+00   1.16774916E+00   1.16782852E+00   1.16791085E+00   1.16799506E+00   1.16807973E+00   1.16816361E+00   1.16824558E+00   1.16832290E+00   1.16839254E+00   1.16845042E+00   1.16849531E+00   1.16852355E+00   1.16852862E+00   1.16850182E+00   1.16843884E+00   1.16832922E+00   1.16816756E+00   1.16794187E+00   1.16764049E+00   1.16724746E+00   1.16675497E+00   1.16614454E+00   1.16539889E+00   1.16449387E+00   1.16341885E+00   1.16214838E+00   1.16065422E+00   1.15889854E+00   1.15687281E+00   1.15454182E+00   1.15185900E+00   1.14880627E+00   1.14536278E+00   1.14176331E+00   1.13772550E+00   1.13357394E+00   1.12901575E+00   1.12443429E+00   1.11945013E+00   1.11447613E+00   1.10910410E+00   1.10376764E+00   1.09808097E+00   1.09251873E+00   1.08659257E+00   1.08079245E+00   1.07469393E+00   1.06881158E+00   1.06258565E+00   1.05623096E+00   1.04960709E+00   1.04269354E+00   1.03543235E+00   1.02797290E+00   1.02032903E+00   1.01123162E+00   1.00000000E+00
   1.14840017E+00   1.14840006E+00   1.14839986E+00   1.14839975E+00   1.14839968E+00   1.14839966E+00   1.14839967E+00   1.14839971E+00   1.14839978E+00   1.14839988E+00   1.14840001E+00   1.14840015E+00   1.14840033E+00   1.14840055E+00   1.14840080E+00   1.14840111E+00   1.14840148E+00   1.14840194E+00   1.14840251E+00   1.14840322E+00   1.14840408E+00   1.14840513E+00   1.14840640E+00   1.14840793E+00   1.14840978E+00   1.14841199E+00   1.14841461E+00   1.14841775E+00   1.14842145E+00   1.14842581E+00   1.14843087E+00   1.14843676E+00   1.14844365E+00   1.14845165E+00   1.14846081E+00   1.14847135E+00   1.14848340E+00   1.14849718E+00   1.14851282E+00   1.14853063E+00   1.14855079E+00   1.14857352E+00   1.14859891E+00   1.14862729E+00   1.14865903E+00   1.14869441E+00   1.14873341E+00   1.14877643E+00   1.14882366E+00   1.14887542E+00   1.14893176E+00   1.14899302E+00   1.14905938E+00   1.14913059E+00   1.14920629E+00   1.14928619E+00   1.14937053E+00   1.14945858E+00   1.14954929E+00   1.14964200E+00   1.14973580E+00   1.14982860E+00   1.14991798E+00   1.15000085E+00   1.15007624E+00   1.15014125E+00   1.15019032E+00   1.15021635E+00   1.15021567E+00   1.15017927E+00   1.15010230E+00   1.14997433E+00   1.14978534E+00   1.14952141E+00   1.14917502E+00   1.14872950E+00   1.14816961E+00   1.14747364E+00   1.14663103E+00   1.14561769E+00   1.14440886E+00   1.14297069E+00   1.14129236E+00   1.13933943E+00   1.13707214E+00   1.13447170E+00   1.13151347E+00   1.12839658E+00   1.12488176E+00   1.12125024E+00   1.11724062E+00   1.11318847E+00   1.10876144E+00   1.10432587E+00   1.09952185E+00   1.09473732E+00   1.08962090E+00   1.08460029E+00   1.07924206E+00   1.07398779E+00   1.06844853E+00   1.06309339E+00   1.05742223E+00   1.05163138E+00   1.04558326E+00   1.03925501E+00   1.03259814E+00   1.02576164E+00   1.01876913E+00   1.01040486E+00   1.00000000E+00
   1.14138144E+00   1.14138131E+00   1.14138106E+00   1.14138092E+00   1.14138083E+00   1.14138079E+00   1.14138080E+00   1.14138084E+00   1.14138091E+00   1.14138102E+00   1.14138115E+00   1.14138129E+00   1.14138147E+00   1.14138167E+00   1.14138190E+00   1.14138218E+00   1.14138250E+00   1.14138291E+00   1.14138340E+00   1.14138401E+00   1.14138476E+00   1.14138567E+00   1.14138677E+00   1.14138811E+00   1.14138972E+00   1.14139167E+00   1.14139399E+00   1.14139678E+00   1.14140010E+00   1.14140401E+00   1.14140857E+00   1.14141392E+00   1.14142018E+00   1.14142749E+00   1.14143590E+00   1.14144561E+00   1.14145675E+00   1.14146954E+00   1.14148411E+00   1.14150076E+00   1.14151968E+00   1.14154108E+00   1.14156506E+00   1.14159197E+00   1.14162217E+00   1.14165594E+00   1.14169330E+00   1.14173467E+00   1.14178025E+00   1.14183040E+00   1.14188519E+00   1.14194504E+00   1.14201014E+00   1.14208034E+00   1.14215534E+00   1.14223498E+00   1.14231955E+00   1.14240844E+00   1.14250075E+00   1.14259603E+00   1.14269345E+00   1.14279116E+00   1.14288696E+00   1.14297813E+00   1.14306383E+00   1.14314142E+00   1.14320569E+00   1.14325018E+00   1.14327143E+00   1.14326100E+00   1.14321430E+00   1.14312147E+00   1.14297311E+00   1.14275616E+00   1.14246323E+00   1.14207836E+00   1.14158709E+00   1.14096875E+00   1.14021285E+00   1.13929586E+00   1.13819431E+00   1.13687595E+00   1.13532922E+00   1.13352002E+00   1.13141099E+00   1.12898326E+00   1.12621103E+00   1.12327966E+00   1.11996597E+00   1.11653452E+00   1.11273633E+00   1.10888856E+00   1.10467684E+00   1.10044941E+00   1.09586471E+00   1.09129298E+00   1.08639656E+00   1.08158486E+00   1.07644528E+00   1.07140082E+00   1.06607646E+00   1.06092371E+00   1.05546499E+00   1.04988931E+00   1.04406043E+00   1.03795467E+00   1.03152720E+00   1.02492684E+00   1.01818055E+00   1.01009260E+00   1.00000000E+00
   1.24219455E+00   1.24219464E+00   1.24219487E+00   1.24219518E+00   1.24219556E+00   1.24219601E+00   1.24219653E+00   1.24219713E+00   1.24219784E+00   1.24219867E+00   1.24219965E+00   1.24220079E+00   1.24220214E+00   1.24220373E+00   1.24220558E+00   1.24220774E+00   1.24221026E+00   1.24221320E+00   1.24221659E+00   1.24222051E+00   1.24222501E+00   1.24223017E+00   1.24223605E+00   1.24224275E+00   1.24225034E+00   1.24225893E+00   1.24226860E+00   1.24227950E+00   1.24229170E+00   1.24230534E+00   1.24232051E+00   1.24233737E+00   1.24235608E+00   1.24237676E+00   1.24239947E+00   1.24242441E+00   1.24245169E+00   1.24248143E+00   1.24251371E+00   1.24254870E+00   1.24258647E+00   1.24262698E+00   1.24267018E+00   1.24271600E+00   1.24276453E+00   1.24281552E+00   1.24286854E+00   1.24292319E+00   1.24297914E+00   1.24303569E+00   1.24309215E+00   1.24314744E+00   1.24320081E+00   1.24325018E+00   1.24329390E+00   1.24332918E+00   1.24335488E+00   1.24336751E+00   1.24336378E+00   1.24333931E+00   1.24329120E+00   1.24321323E+00   1.24309967E+00   1.24294189E+00   1.24273637E+00   1.24247505E+00   1.24214778E+00   1.24173956E+00   1.24124295E+00   1.24064162E+00   1.23992751E+00   1.23908240E+00   1.23808912E+00   1.23692501E+00   1.23558067E+00   1.23403122E+00   1.23225340E+00   1.23021631E+00   1.22790836E+00   1.22530010E+00   1.22235444E+00   1.21902312E+00   1.21530490E+00   1.21116409E+00   1.20653553E+00   1.20141367E+00   1.19578822E+00   1.19005437E+00   1.18374779E+00   1.17738334E+00   1.17052743E+00   1.16376300E+00   1.15651690E+00   1.14939009E+00   1.14177744E+00   1.13429537E+00   1.12642286E+00   1.11881253E+00   1.11076602E+00   1.10295874E+00   1.09483389E+00   1.08706917E+00   1.07889164E+00   1.07058354E+00   1.06199454E+00   1.05311389E+00   1.04385830E+00   1.03439874E+00   1.02476063E+00   1.01353758E+00   1.00000000E+00
   1.19161302E+00   1.19161302E+00   1.19161305E+00   1.19161313E+00   1.19161324E+00   1.19161338E+00   1.19161356E+00   1.19161378E+00   1.19161404E+00   1.19161436E+00   1.19161475E+00   1.19161522E+00   1.19161579E+00   1.19161649E+00   1.19161732E+00   1.19161832E+00   1.19161951E+00   1.19162094E+00   1.19162264E+00   1.19162466E+00   1.19162703E+00   1.19162981E+00   1.19163304E+00   1.19163681E+00   1.19164117E+00   1.19164621E+00   1.19165199E+00   1.19165864E+00   1.19166624E+00   1.19167489E+00   1.19168468E+00   1.19169576E+00   1.19170829E+00   1.19172241E+00   1.19173819E+00   1.19175584E+00   1.19177551E+00   1.19179737E+00   1.19182156E+00   1.19184831E+00   1.19187778E+00   1.19191009E+00   1.19194529E+00   1.19198354E+00   1.19202506E+00   1.19206991E+00   1.19211792E+00   1.19216911E+00   1.19222343E+00   1.19228072E+00   1.19234068E+00   1.19240296E+00   1.19246726E+00   1.19253247E+00   1.19259767E+00   1.19266131E+00   1.19272289E+00   1.19278030E+00   1.19283140E+00   1.19287358E+00   1.19290487E+00   1.19292104E+00   1.19291816E+00   1.19289029E+00   1.19283480E+00   1.19274581E+00   1.19261572E+00   1.19243353E+00   1.19219355E+00   1.19188287E+00   1.19149458E+00   1.19101411E+00   1.19042821E+00   1.18971834E+00   1.18887527E+00   1.18787787E+00   1.18670755E+00   1.18533794E+00   1.18375680E+00   1.18193682E+00   1.17984925E+00   1.17745437E+00   1.17474344E+00   1.17168153E+00   1.16822161E+00   1.16435339E+00   1.16005313E+00   1.15561953E+00   1.15071060E+00   1.14572696E+00   1.14031411E+00   1.13492873E+00   1.12912349E+00   1.12338159E+00   1.11722961E+00   1.11116784E+00   1.10475533E+00   1.09852603E+00   1.09193115E+00   1.08552117E+00   1.07882276E+00   1.07239830E+00   1.06563606E+00   1.05877729E+00   1.05167090E+00   1.04429829E+00   1.03660300E+00   1.02875189E+00   1.02079011E+00   1.01144633E+00   1.00000000E+00
   1.16665198E+00   1.16665193E+00   1.16665186E+00   1.16665185E+00   1.16665187E+00   1.16665191E+00   1.16665199E+00   1.16665211E+00   1.16665226E+00   1.16665245E+00   1.16665269E+00   1.16665298E+00   1.16665334E+00   1.16665378E+00   1.16665431E+00   1.16665496E+00   1.16665575E+00   1.16665670E+00   1.16665784E+00   1.16665922E+00   1.16666086E+00   1.16666281E+00   1.16666510E+00   1.16666780E+00   1.16667097E+00   1.16667467E+00   1.16667896E+00   1.16668396E+00   1.16668974E+00   1.16669639E+00   1.16670398E+00   1.16671267E+00   1.16672259E+00   1.16673389E+00   1.16674664E+00   1.16676105E+00   1.16677726E+00   1.16679547E+00   1.16681580E+00   1.16683854E+00   1.16686383E+00   1.16689186E+00   1.16692271E+00   1.16695663E+00   1.16699387E+00   1.16703459E+00   1.16707874E+00   1.16712649E+00   1.16717789E+00   1.16723300E+00   1.16729170E+00   1.16735390E+00   1.16741951E+00   1.16748783E+00   1.16755827E+00   1.16762986E+00   1.16770230E+00   1.16777413E+00   1.16784379E+00   1.16790947E+00   1.16796962E+00   1.16802098E+00   1.16806051E+00   1.16808360E+00   1.16808806E+00   1.16806914E+00   1.16802056E+00   1.16793337E+00   1.16780279E+00   1.16761777E+00   1.16737208E+00   1.16705314E+00   1.16664984E+00   1.16614592E+00   1.16553247E+00   1.16479056E+00   1.16390411E+00   1.16284936E+00   1.16161406E+00   1.16017248E+00   1.15850012E+00   1.15656148E+00   1.15434462E+00   1.15181565E+00   1.14893617E+00   1.14569335E+00   1.14205821E+00   1.13828143E+00   1.13408012E+00   1.12979562E+00   1.12511570E+00   1.12043376E+00   1.11536582E+00   1.11033361E+00   1.10492876E+00   1.09959108E+00   1.09392391E+00   1.08840054E+00   1.08254557E+00   1.07684534E+00   1.07087152E+00   1.06512819E+00   1.05908331E+00   1.05295340E+00   1.04658806E+00   1.03996643E+00   1.03304752E+00   1.02599622E+00   1.01886267E+00   1.01043293E+00   1.00000000E+00
   1.15110031E+00   1.15110023E+00   1.15110008E+00   1.15110001E+00   1.15109998E+00   1.15109998E+00   1.15110002E+00   1.15110010E+00   1.15110021E+00   1.15110036E+00   1.15110055E+00   1.15110078E+00   1.15110106E+00   1.15110140E+00   1.15110181E+00   1.15110231E+00   1.15110291E+00   1.15110364E+00   1.15110452E+00   1.15110559E+00   1.15110688E+00   1.15110841E+00   1.15111022E+00   1.15111238E+00   1.15111492E+00   1.15111792E+00   1.15112143E+00   1.15112554E+00   1.15113033E+00   1.15113588E+00   1.15114226E+00   1.15114962E+00   1.15115808E+00   1.15116778E+00   1.15117880E+00   1.15119134E+00   1.15120553E+00   1.15122159E+00   1.15123963E+00   1.15125995E+00   1.15128270E+00   1.15130808E+00   1.15133621E+00   1.15136736E+00   1.15140180E+00   1.15143975E+00   1.15148121E+00   1.15152644E+00   1.15157555E+00   1.15162871E+00   1.15168588E+00   1.15174715E+00   1.15181253E+00   1.15188156E+00   1.15195384E+00   1.15202871E+00   1.15210602E+00   1.15218468E+00   1.15226345E+00   1.15234106E+00   1.15241615E+00   1.15248609E+00   1.15254836E+00   1.15259916E+00   1.15263662E+00   1.15265670E+00   1.15265391E+00   1.15262061E+00   1.15255258E+00   1.15244000E+00   1.15227710E+00   1.15205261E+00   1.15175677E+00   1.15137486E+00   1.15089830E+00   1.15030962E+00   1.14959433E+00   1.14873050E+00   1.14770604E+00   1.14649637E+00   1.14507952E+00   1.14342274E+00   1.14151251E+00   1.13931571E+00   1.13679890E+00   1.13394783E+00   1.13073128E+00   1.12736948E+00   1.12361537E+00   1.11977269E+00   1.11555710E+00   1.11132204E+00   1.10672312E+00   1.10214263E+00   1.09721244E+00   1.09233388E+00   1.08713982E+00   1.08206474E+00   1.07667841E+00   1.07142673E+00   1.06591101E+00   1.06059813E+00   1.05500512E+00   1.04933212E+00   1.04343033E+00   1.03727787E+00   1.03084341E+00   1.02429042E+00   1.01767114E+00   1.00980584E+00   1.00000000E+00
   1.14522570E+00   1.14522561E+00   1.14522543E+00   1.14522534E+00   1.14522528E+00   1.14522527E+00   1.14522530E+00   1.14522536E+00   1.14522547E+00   1.14522561E+00   1.14522579E+00   1.14522600E+00   1.14522626E+00   1.14522658E+00   1.14522696E+00   1.14522742E+00   1.14522796E+00   1.14522863E+00   1.14522942E+00   1.14523040E+00   1.14523156E+00   1.14523295E+00   1.14523460E+00   1.14523657E+00   1.14523890E+00   1.14524166E+00   1.14524488E+00   1.14524869E+00   1.14525312E+00   1.14525828E+00   1.14526423E+00   1.14527111E+00   1.14527904E+00   1.14528816E+00   1.14529855E+00   1.14531040E+00   1.14532385E+00   1.14533911E+00   1.14535630E+00   1.14537571E+00   1.14539750E+00   1.14542189E+00   1.14544898E+00   1.14547906E+00   1.14551242E+00   1.14554928E+00   1.14558966E+00   1.14563388E+00   1.14568202E+00   1.14573434E+00   1.14579080E+00   1.14585155E+00   1.14591665E+00   1.14598573E+00   1.14605844E+00   1.14613425E+00   1.14621306E+00   1.14629390E+00   1.14637567E+00   1.14645728E+00   1.14653747E+00   1.14661381E+00   1.14668400E+00   1.14674453E+00   1.14679366E+00   1.14682762E+00   1.14684121E+00   1.14682729E+00   1.14678185E+00   1.14669554E+00   1.14656279E+00   1.14637284E+00   1.14611640E+00   1.14577943E+00   1.14535345E+00   1.14482158E+00   1.14416993E+00   1.14337731E+00   1.14243174E+00   1.14130909E+00   1.13998831E+00   1.13843776E+00   1.13664341E+00   1.13457243E+00   1.13219310E+00   1.12949078E+00   1.12643360E+00   1.12323012E+00   1.11964657E+00   1.11597238E+00   1.11193413E+00   1.10786993E+00   1.10345043E+00   1.09904273E+00   1.09429383E+00   1.08959040E+00   1.08457689E+00   1.07967284E+00   1.07446492E+00   1.06938376E+00   1.06404218E+00   1.05889279E+00   1.05347093E+00   1.04797051E+00   1.04224360E+00   1.03626797E+00   1.03001590E+00   1.02365022E+00   1.01722386E+00   1.00957006E+00   1.00000000E+00
   1.22641254E+00   1.22641261E+00   1.22641281E+00   1.22641309E+00   1.22641345E+00   1.22641388E+00   1.22641439E+00   1.22641501E+00   1.22641573E+00   1.22641658E+00   1.22641758E+00   1.22641875E+00   1.22642012E+00   1.22642173E+00   1.22642360E+00   1.22642578E+00   1.22642829E+00   1.22643121E+00   1.22643456E+00   1.22643842E+00   1.22644283E+00   1.22644787E+00   1.22645357E+00   1.22646006E+00   1.22646737E+00   1.22647562E+00   1.22648488E+00   1.22649527E+00   1.22650686E+00   1.22651978E+00   1.22653410E+00   1.22654996E+00   1.22656747E+00   1.22658677E+00   1.22660789E+00   1.22663097E+00   1.22665611E+00   1.22668339E+00   1.22671286E+00   1.22674461E+00   1.22677868E+00   1.22681498E+00   1.22685341E+00   1.22689385E+00   1.22693628E+00   1.22698038E+00   1.22702569E+00   1.22707173E+00   1.22711807E+00   1.22716390E+00   1.22720846E+00   1.22725051E+00   1.22728921E+00   1.22732238E+00   1.22734839E+00   1.22736440E+00   1.22736909E+00   1.22735886E+00   1.22733045E+00   1.22727946E+00   1.22720281E+00   1.22709431E+00   1.22694858E+00   1.22675734E+00   1.22651658E+00   1.22621783E+00   1.22585190E+00   1.22540492E+00   1.22486959E+00   1.22423035E+00   1.22347910E+00   1.22259847E+00   1.22157290E+00   1.22038149E+00   1.21901432E+00   1.21744780E+00   1.21566119E+00   1.21362650E+00   1.21133114E+00   1.20874677E+00   1.20584210E+00   1.20257563E+00   1.19894237E+00   1.19490835E+00   1.19042042E+00   1.18547944E+00   1.18006563E+00   1.17455876E+00   1.16852817E+00   1.16247206E+00   1.15596472E+00   1.14955633E+00   1.14270795E+00   1.13599130E+00   1.12884131E+00   1.12184291E+00   1.11449532E+00   1.10740665E+00   1.09993746E+00   1.09271881E+00   1.08522403E+00   1.07807763E+00   1.07058028E+00   1.06300576E+00   1.05520766E+00   1.04717149E+00   1.03882403E+00   1.03034054E+00   1.02181678E+00   1.01196651E+00   1.00000000E+00
   1.18451661E+00   1.18451662E+00   1.18451666E+00   1.18451676E+00   1.18451690E+00   1.18451709E+00   1.18451732E+00   1.18451761E+00   1.18451797E+00   1.18451840E+00   1.18451891E+00   1.18451953E+00   1.18452027E+00   1.18452115E+00   1.18452219E+00   1.18452342E+00   1.18452486E+00   1.18452657E+00   1.18452856E+00   1.18453090E+00   1.18453361E+00   1.18453675E+00   1.18454037E+00   1.18454454E+00   1.18454933E+00   1.18455480E+00   1.18456103E+00   1.18456814E+00   1.18457619E+00   1.18458529E+00   1.18459551E+00   1.18460700E+00   1.18461988E+00   1.18463430E+00   1.18465030E+00   1.18466808E+00   1.18468773E+00   1.18470943E+00   1.18473325E+00   1.18475938E+00   1.18478793E+00   1.18481897E+00   1.18485251E+00   1.18488862E+00   1.18492743E+00   1.18496889E+00   1.18501278E+00   1.18505901E+00   1.18510739E+00   1.18515760E+00   1.18520925E+00   1.18526173E+00   1.18531459E+00   1.18536654E+00   1.18541659E+00   1.18546297E+00   1.18550486E+00   1.18553988E+00   1.18556582E+00   1.18557974E+00   1.18557935E+00   1.18556018E+00   1.18551841E+00   1.18544795E+00   1.18534555E+00   1.18520473E+00   1.18501841E+00   1.18477594E+00   1.18447150E+00   1.18409236E+00   1.18363129E+00   1.18307399E+00   1.18240826E+00   1.18161629E+00   1.18068838E+00   1.17960409E+00   1.17834664E+00   1.17689130E+00   1.17522516E+00   1.17332195E+00   1.17115715E+00   1.16869511E+00   1.16592464E+00   1.16281311E+00   1.15932226E+00   1.15544688E+00   1.15115653E+00   1.14675089E+00   1.14190180E+00   1.13700793E+00   1.13171132E+00   1.12645784E+00   1.12081464E+00   1.11525332E+00   1.10931919E+00   1.10349796E+00   1.09735590E+00   1.09140452E+00   1.08512845E+00   1.07905286E+00   1.07271891E+00   1.06665874E+00   1.06030815E+00   1.05390088E+00   1.04728294E+00   1.04043673E+00   1.03331956E+00   1.02610030E+00   1.01887339E+00   1.01043173E+00   1.00000000E+00
   1.16406703E+00   1.16406700E+00   1.16406697E+00   1.16406699E+00   1.16406706E+00   1.16406716E+00   1.16406731E+00   1.16406750E+00   1.16406775E+00   1.16406806E+00   1.16406843E+00   1.16406888E+00   1.16406942E+00   1.16407007E+00   1.16407085E+00   1.16407176E+00   1.16407285E+00   1.16407414E+00   1.16407566E+00   1.16407746E+00   1.16407955E+00   1.16408200E+00   1.16408484E+00   1.16408814E+00   1.16409195E+00   1.16409635E+00   1.16410139E+00   1.16410718E+00   1.16411379E+00   1.16412132E+00   1.16412984E+00   1.16413949E+00   1.16415039E+00   1.16416268E+00   1.16417642E+00   1.16419181E+00   1.16420896E+00   1.16422804E+00   1.16424916E+00   1.16427253E+00   1.16429828E+00   1.16432653E+00   1.16435736E+00   1.16439089E+00   1.16442730E+00   1.16446665E+00   1.16450884E+00   1.16455390E+00   1.16460176E+00   1.16465232E+00   1.16470532E+00   1.16476041E+00   1.16481735E+00   1.16487522E+00   1.16493332E+00   1.16499036E+00   1.16504573E+00   1.16509764E+00   1.16514436E+00   1.16518363E+00   1.16521355E+00   1.16523048E+00   1.16523135E+00   1.16521113E+00   1.16516700E+00   1.16509348E+00   1.16498454E+00   1.16483116E+00   1.16462827E+00   1.16436466E+00   1.16403363E+00   1.16362250E+00   1.16312080E+00   1.16251240E+00   1.16178794E+00   1.16092872E+00   1.15991995E+00   1.15873878E+00   1.15737240E+00   1.15579584E+00   1.15398778E+00   1.15191542E+00   1.14956521E+00   1.14690551E+00   1.14390454E+00   1.14055413E+00   1.13682039E+00   1.13296321E+00   1.12870259E+00   1.12438708E+00   1.11969488E+00   1.11502024E+00   1.10998241E+00   1.10500188E+00   1.09967710E+00   1.09444384E+00   1.08890520E+00   1.08352380E+00   1.07784337E+00   1.07233663E+00   1.06658125E+00   1.06106291E+00   1.05528185E+00   1.04945008E+00   1.04341263E+00   1.03715145E+00   1.03063865E+00   1.02403957E+00   1.01744652E+00   1.00968718E+00   1.00000000E+00
   1.15143570E+00   1.15143565E+00   1.15143556E+00   1.15143554E+00   1.15143556E+00   1.15143562E+00   1.15143573E+00   1.15143588E+00   1.15143608E+00   1.15143634E+00   1.15143666E+00   1.15143704E+00   1.15143750E+00   1.15143805E+00   1.15143870E+00   1.15143947E+00   1.15144039E+00   1.15144149E+00   1.15144277E+00   1.15144429E+00   1.15144608E+00   1.15144817E+00   1.15145061E+00   1.15145345E+00   1.15145675E+00   1.15146057E+00   1.15146497E+00   1.15147005E+00   1.15147587E+00   1.15148254E+00   1.15149011E+00   1.15149874E+00   1.15150852E+00   1.15151961E+00   1.15153206E+00   1.15154608E+00   1.15156178E+00   1.15157933E+00   1.15159886E+00   1.15162059E+00   1.15164465E+00   1.15167120E+00   1.15170034E+00   1.15173224E+00   1.15176708E+00   1.15180500E+00   1.15184595E+00   1.15189005E+00   1.15193727E+00   1.15198764E+00   1.15204099E+00   1.15209713E+00   1.15215590E+00   1.15221661E+00   1.15227875E+00   1.15234129E+00   1.15240375E+00   1.15246467E+00   1.15252263E+00   1.15257580E+00   1.15262248E+00   1.15265954E+00   1.15268437E+00   1.15269260E+00   1.15268168E+00   1.15264676E+00   1.15258245E+00   1.15248074E+00   1.15233703E+00   1.15214108E+00   1.15188660E+00   1.15156192E+00   1.15115760E+00   1.15065871E+00   1.15005615E+00   1.14933237E+00   1.14847377E+00   1.14745881E+00   1.14627487E+00   1.14489791E+00   1.14330839E+00   1.14147539E+00   1.13938426E+00   1.13700402E+00   1.13430640E+00   1.13128162E+00   1.12789452E+00   1.12437994E+00   1.12048671E+00   1.11653214E+00   1.11221803E+00   1.10790632E+00   1.10324839E+00   1.09863246E+00   1.09368938E+00   1.08882379E+00   1.08366297E+00   1.07863864E+00   1.07333029E+00   1.06817825E+00   1.06278399E+00   1.05760384E+00   1.05217690E+00   1.04670152E+00   1.04102346E+00   1.03512454E+00   1.02898552E+00   1.02276942E+00   1.01656703E+00   1.00922727E+00   1.00000000E+00
   1.14669515E+00   1.14669508E+00   1.14669497E+00   1.14669493E+00   1.14669493E+00   1.14669498E+00   1.14669507E+00   1.14669521E+00   1.14669541E+00   1.14669565E+00   1.14669595E+00   1.14669631E+00   1.14669675E+00   1.14669727E+00   1.14669789E+00   1.14669862E+00   1.14669948E+00   1.14670051E+00   1.14670172E+00   1.14670315E+00   1.14670483E+00   1.14670681E+00   1.14670910E+00   1.14671179E+00   1.14671491E+00   1.14671853E+00   1.14672270E+00   1.14672753E+00   1.14673307E+00   1.14673944E+00   1.14674668E+00   1.14675493E+00   1.14676432E+00   1.14677497E+00   1.14678696E+00   1.14680049E+00   1.14681565E+00   1.14683265E+00   1.14685160E+00   1.14687272E+00   1.14689616E+00   1.14692208E+00   1.14695059E+00   1.14698187E+00   1.14701612E+00   1.14705348E+00   1.14709394E+00   1.14713764E+00   1.14718459E+00   1.14723483E+00   1.14728824E+00   1.14734468E+00   1.14740403E+00   1.14746569E+00   1.14752919E+00   1.14759362E+00   1.14765855E+00   1.14772263E+00   1.14778455E+00   1.14784264E+00   1.14789529E+00   1.14793956E+00   1.14797298E+00   1.14799145E+00   1.14799253E+00   1.14797160E+00   1.14792350E+00   1.14784061E+00   1.14771850E+00   1.14754731E+00   1.14732090E+00   1.14702800E+00   1.14665955E+00   1.14620109E+00   1.14564364E+00   1.14497008E+00   1.14416726E+00   1.14321417E+00   1.14209831E+00   1.14079595E+00   1.13928822E+00   1.13754494E+00   1.13555113E+00   1.13327601E+00   1.13069255E+00   1.12779044E+00   1.12453424E+00   1.12114921E+00   1.11739481E+00   1.11357661E+00   1.10940553E+00   1.10523127E+00   1.10071722E+00   1.09623938E+00   1.09144065E+00   1.08671393E+00   1.08169593E+00   1.07680653E+00   1.07163851E+00   1.06662007E+00   1.06136189E+00   1.05630909E+00   1.05101514E+00   1.04567328E+00   1.04012985E+00   1.03436662E+00   1.02836745E+00   1.02229445E+00   1.01623785E+00   1.00905474E+00   1.00000000E+00
   1.20762709E+00   1.20762714E+00   1.20762729E+00   1.20762754E+00   1.20762786E+00   1.20762827E+00   1.20762877E+00   1.20762938E+00   1.20763009E+00   1.20763094E+00   1.20763193E+00   1.20763310E+00   1.20763445E+00   1.20763602E+00   1.20763784E+00   1.20763994E+00   1.20764234E+00   1.20764511E+00   1.20764827E+00   1.20765188E+00   1.20765598E+00   1.20766063E+00   1.20766587E+00   1.20767179E+00   1.20767843E+00   1.20768588E+00   1.20769419E+00   1.20770347E+00   1.20771377E+00   1.20772519E+00   1.20773777E+00   1.20775163E+00   1.20776685E+00   1.20778352E+00   1.20780166E+00   1.20782135E+00   1.20784265E+00   1.20786561E+00   1.20789021E+00   1.20791649E+00   1.20794442E+00   1.20797386E+00   1.20800469E+00   1.20803667E+00   1.20806974E+00   1.20810350E+00   1.20813745E+00   1.20817103E+00   1.20820376E+00   1.20823476E+00   1.20826320E+00   1.20828777E+00   1.20830755E+00   1.20832041E+00   1.20832474E+00   1.20831779E+00   1.20829813E+00   1.20826221E+00   1.20820697E+00   1.20812813E+00   1.20802261E+00   1.20788455E+00   1.20770903E+00   1.20748836E+00   1.20721838E+00   1.20689078E+00   1.20649746E+00   1.20602596E+00   1.20546935E+00   1.20481334E+00   1.20405017E+00   1.20316382E+00   1.20214059E+00   1.20096163E+00   1.19961708E+00   1.19808534E+00   1.19634831E+00   1.19438108E+00   1.19217100E+00   1.18969186E+00   1.18691762E+00   1.18381288E+00   1.18037014E+00   1.17655827E+00   1.17233473E+00   1.16770426E+00   1.16264049E+00   1.15749878E+00   1.15188892E+00   1.14627764E+00   1.14025958E+00   1.13434113E+00   1.12802850E+00   1.12185140E+00   1.11529417E+00   1.10889724E+00   1.10219131E+00   1.09573103E+00   1.08894391E+00   1.08240472E+00   1.07562555E+00   1.06917168E+00   1.06242448E+00   1.05563949E+00   1.04867308E+00   1.04151099E+00   1.03409415E+00   1.02658819E+00   1.01914894E+00   1.01057484E+00   1.00000000E+00
   1.17495241E+00   1.17495242E+00   1.17495247E+00   1.17495258E+00   1.17495275E+00   1.17495299E+00   1.17495328E+00   1.17495365E+00   1.17495410E+00   1.17495464E+00   1.17495527E+00   1.17495603E+00   1.17495692E+00   1.17495796E+00   1.17495917E+00   1.17496059E+00   1.17496223E+00   1.17496413E+00   1.17496632E+00   1.17496885E+00   1.17497176E+00   1.17497508E+00   1.17497887E+00   1.17498319E+00   1.17498809E+00   1.17499365E+00   1.17499991E+00   1.17500698E+00   1.17501492E+00   1.17502381E+00   1.17503373E+00   1.17504478E+00   1.17505706E+00   1.17507068E+00   1.17508568E+00   1.17510221E+00   1.17512031E+00   1.17514013E+00   1.17516168E+00   1.17518510E+00   1.17521042E+00   1.17523765E+00   1.17526677E+00   1.17529774E+00   1.17533058E+00   1.17536514E+00   1.17540117E+00   1.17543841E+00   1.17547659E+00   1.17551525E+00   1.17555388E+00   1.17559169E+00   1.17562811E+00   1.17566172E+00   1.17569147E+00   1.17571546E+00   1.17573263E+00   1.17574048E+00   1.17573679E+00   1.17571844E+00   1.17568299E+00   1.17562595E+00   1.17554367E+00   1.17543015E+00   1.17528183E+00   1.17509206E+00   1.17485437E+00   1.17455876E+00   1.17419946E+00   1.17376439E+00   1.17324637E+00   1.17263180E+00   1.17190969E+00   1.17106336E+00   1.17008316E+00   1.16894992E+00   1.16764872E+00   1.16615681E+00   1.16446139E+00   1.16253791E+00   1.16036559E+00   1.15791270E+00   1.15516682E+00   1.15209815E+00   1.14867574E+00   1.14489805E+00   1.14073056E+00   1.13646573E+00   1.13179421E+00   1.12710160E+00   1.12203704E+00   1.11702600E+00   1.11165847E+00   1.10638407E+00   1.10077416E+00   1.09529003E+00   1.08951491E+00   1.08392974E+00   1.07805829E+00   1.07239189E+00   1.06649427E+00   1.06086135E+00   1.05498049E+00   1.04907196E+00   1.04298160E+00   1.03669610E+00   1.03018475E+00   1.02360420E+00   1.01710104E+00   1.00951685E+00   1.00000000E+00
   1.15918619E+00   1.15918618E+00   1.15918618E+00   1.15918624E+00   1.15918635E+00   1.15918652E+00   1.15918675E+00   1.15918704E+00   1.15918740E+00   1.15918784E+00   1.15918837E+00   1.15918899E+00   1.15918972E+00   1.15919059E+00   1.15919160E+00   1.15919278E+00   1.15919415E+00   1.15919574E+00   1.15919759E+00   1.15919972E+00   1.15920218E+00   1.15920501E+00   1.15920824E+00   1.15921195E+00   1.15921617E+00   1.15922098E+00   1.15922642E+00   1.15923260E+00   1.15923958E+00   1.15924743E+00   1.15925624E+00   1.15926611E+00   1.15927713E+00   1.15928943E+00   1.15930305E+00   1.15931816E+00   1.15933482E+00   1.15935316E+00   1.15937327E+00   1.15939527E+00   1.15941925E+00   1.15944526E+00   1.15947333E+00   1.15950349E+00   1.15953580E+00   1.15957022E+00   1.15960659E+00   1.15964479E+00   1.15968464E+00   1.15972585E+00   1.15976807E+00   1.15981071E+00   1.15985338E+00   1.15989497E+00   1.15993468E+00   1.15997100E+00   1.16000305E+00   1.16002879E+00   1.16004642E+00   1.16005335E+00   1.16004746E+00   1.16002491E+00   1.15998266E+00   1.15991550E+00   1.15982024E+00   1.15969103E+00   1.15952220E+00   1.15930494E+00   1.15903408E+00   1.15869868E+00   1.15829196E+00   1.15780154E+00   1.15721773E+00   1.15652504E+00   1.15571409E+00   1.15476701E+00   1.15367034E+00   1.15240260E+00   1.15095113E+00   1.14929235E+00   1.14740773E+00   1.14526735E+00   1.14285712E+00   1.14014800E+00   1.13711365E+00   1.13374966E+00   1.13001937E+00   1.12618415E+00   1.12197165E+00   1.11772784E+00   1.11313074E+00   1.10856625E+00   1.10366454E+00   1.09883535E+00   1.09369088E+00   1.08865387E+00   1.08333609E+00   1.07818159E+00   1.07275875E+00   1.06751888E+00   1.06205341E+00   1.05682358E+00   1.05136559E+00   1.04588213E+00   1.04021728E+00   1.03435851E+00   1.02828746E+00   1.02215632E+00   1.01610732E+00   1.00900190E+00   1.00000000E+00
   1.14953088E+00   1.14953085E+00   1.14953082E+00   1.14953085E+00   1.14953093E+00   1.14953106E+00   1.14953126E+00   1.14953151E+00   1.14953184E+00   1.14953223E+00   1.14953271E+00   1.14953328E+00   1.14953394E+00   1.14953473E+00   1.14953564E+00   1.14953671E+00   1.14953795E+00   1.14953940E+00   1.14954107E+00   1.14954301E+00   1.14954524E+00   1.14954781E+00   1.14955076E+00   1.14955414E+00   1.14955801E+00   1.14956242E+00   1.14956743E+00   1.14957313E+00   1.14957959E+00   1.14958688E+00   1.14959508E+00   1.14960429E+00   1.14961462E+00   1.14962619E+00   1.14963904E+00   1.14965335E+00   1.14966919E+00   1.14968670E+00   1.14970597E+00   1.14972716E+00   1.14975034E+00   1.14977562E+00   1.14980305E+00   1.14983269E+00   1.14986463E+00   1.14989888E+00   1.14993535E+00   1.14997400E+00   1.15001467E+00   1.15005720E+00   1.15010131E+00   1.15014655E+00   1.15019261E+00   1.15023858E+00   1.15028381E+00   1.15032699E+00   1.15036736E+00   1.15040317E+00   1.15043285E+00   1.15045414E+00   1.15046512E+00   1.15046234E+00   1.15044310E+00   1.15040270E+00   1.15033817E+00   1.15024418E+00   1.15011552E+00   1.14994411E+00   1.14972516E+00   1.14944846E+00   1.14910751E+00   1.14869069E+00   1.14818907E+00   1.14758798E+00   1.14687828E+00   1.14604290E+00   1.14506924E+00   1.14393672E+00   1.14263284E+00   1.14113468E+00   1.13942491E+00   1.13747486E+00   1.13526965E+00   1.13278074E+00   1.12998417E+00   1.12687399E+00   1.12341290E+00   1.11984289E+00   1.11591346E+00   1.11194632E+00   1.10763807E+00   1.10335011E+00   1.09873704E+00   1.09418384E+00   1.08932728E+00   1.08456645E+00   1.07953168E+00   1.07464385E+00   1.06949801E+00   1.06452114E+00   1.05932264E+00   1.05434191E+00   1.04914415E+00   1.04392140E+00   1.03851798E+00   1.03292170E+00   1.02712116E+00   1.02126583E+00   1.01549535E+00   1.00868373E+00   1.00000000E+00
   1.14593067E+00   1.14593063E+00   1.14593058E+00   1.14593060E+00   1.14593067E+00   1.14593079E+00   1.14593097E+00   1.14593122E+00   1.14593153E+00   1.14593192E+00   1.14593238E+00   1.14593293E+00   1.14593358E+00   1.14593434E+00   1.14593523E+00   1.14593626E+00   1.14593746E+00   1.14593886E+00   1.14594047E+00   1.14594235E+00   1.14594450E+00   1.14594699E+00   1.14594984E+00   1.14595312E+00   1.14595686E+00   1.14596114E+00   1.14596600E+00   1.14597154E+00   1.14597781E+00   1.14598490E+00   1.14599289E+00   1.14600188E+00   1.14601197E+00   1.14602327E+00   1.14603586E+00   1.14604989E+00   1.14606543E+00   1.14608265E+00   1.14610163E+00   1.14612252E+00   1.14614543E+00   1.14617045E+00   1.14619764E+00   1.14622710E+00   1.14625890E+00   1.14629309E+00   1.14632959E+00   1.14636839E+00   1.14640935E+00   1.14645235E+00   1.14649713E+00   1.14654330E+00   1.14659057E+00   1.14663811E+00   1.14668530E+00   1.14673094E+00   1.14677431E+00   1.14681374E+00   1.14684776E+00   1.14687424E+00   1.14689131E+00   1.14689568E+00   1.14688478E+00   1.14685409E+00   1.14680073E+00   1.14671956E+00   1.14660554E+00   1.14645087E+00   1.14625088E+00   1.14599565E+00   1.14567881E+00   1.14528900E+00   1.14481757E+00   1.14425019E+00   1.14357780E+00   1.14278365E+00   1.14185546E+00   1.14077299E+00   1.13952383E+00   1.13808530E+00   1.13644052E+00   1.13456126E+00   1.13243247E+00   1.13002573E+00   1.12731790E+00   1.12430252E+00   1.12094220E+00   1.11747157E+00   1.11364815E+00   1.10978461E+00   1.10558468E+00   1.10140051E+00   1.09689578E+00   1.09244619E+00   1.08769757E+00   1.08304020E+00   1.07811152E+00   1.07332368E+00   1.06828149E+00   1.06340296E+00   1.05830435E+00   1.05341681E+00   1.04831612E+00   1.04319045E+00   1.03788444E+00   1.03238603E+00   1.02668625E+00   1.02093354E+00   1.01526664E+00   1.00856448E+00   1.00000000E+00
   1.18570937E+00   1.18570940E+00   1.18570949E+00   1.18570966E+00   1.18570992E+00   1.18571026E+00   1.18571068E+00   1.18571120E+00   1.18571183E+00   1.18571257E+00   1.18571343E+00   1.18571445E+00   1.18571562E+00   1.18571697E+00   1.18571852E+00   1.18572029E+00   1.18572232E+00   1.18572462E+00   1.18572724E+00   1.18573020E+00   1.18573354E+00   1.18573731E+00   1.18574153E+00   1.18574625E+00   1.18575153E+00   1.18575741E+00   1.18576393E+00   1.18577116E+00   1.18577914E+00   1.18578793E+00   1.18579755E+00   1.18580808E+00   1.18581956E+00   1.18583204E+00   1.18584550E+00   1.18586000E+00   1.18587554E+00   1.18589211E+00   1.18590968E+00   1.18592821E+00   1.18594762E+00   1.18596775E+00   1.18598843E+00   1.18600939E+00   1.18603050E+00   1.18605132E+00   1.18607138E+00   1.18609009E+00   1.18610693E+00   1.18612104E+00   1.18613161E+00   1.18613736E+00   1.18613738E+00   1.18612971E+00   1.18611289E+00   1.18608440E+00   1.18604282E+00   1.18598489E+00   1.18590791E+00   1.18580795E+00   1.18568218E+00   1.18552531E+00   1.18533306E+00   1.18509868E+00   1.18481813E+00   1.18448377E+00   1.18408876E+00   1.18362237E+00   1.18307828E+00   1.18244392E+00   1.18171212E+00   1.18086869E+00   1.17990201E+00   1.17879553E+00   1.17753983E+00   1.17611577E+00   1.17450806E+00   1.17269485E+00   1.17066398E+00   1.16839187E+00   1.16585737E+00   1.16303041E+00   1.15990157E+00   1.15644287E+00   1.15262148E+00   1.14844323E+00   1.14387707E+00   1.13924373E+00   1.13420155E+00   1.12917100E+00   1.12377917E+00   1.11847792E+00   1.11282919E+00   1.10730827E+00   1.10145835E+00   1.09576388E+00   1.08979653E+00   1.08405006E+00   1.07802600E+00   1.07223342E+00   1.06622992E+00   1.06051717E+00   1.05456343E+00   1.04859788E+00   1.04247789E+00   1.03619413E+00   1.02970431E+00   1.02314956E+00   1.01674361E+00   1.00934651E+00   1.00000000E+00
   1.16296239E+00   1.16296239E+00   1.16296243E+00   1.16296254E+00   1.16296271E+00   1.16296295E+00   1.16296326E+00   1.16296365E+00   1.16296413E+00   1.16296470E+00   1.16296537E+00   1.16296616E+00   1.16296707E+00   1.16296813E+00   1.16296935E+00   1.16297076E+00   1.16297237E+00   1.16297422E+00   1.16297632E+00   1.16297872E+00   1.16298144E+00   1.16298452E+00   1.16298800E+00   1.16299193E+00   1.16299634E+00   1.16300130E+00   1.16300685E+00   1.16301304E+00   1.16301994E+00   1.16302761E+00   1.16303609E+00   1.16304546E+00   1.16305578E+00   1.16306712E+00   1.16307950E+00   1.16309302E+00   1.16310769E+00   1.16312357E+00   1.16314068E+00   1.16315904E+00   1.16317865E+00   1.16319946E+00   1.16322139E+00   1.16324433E+00   1.16326821E+00   1.16329279E+00   1.16331779E+00   1.16334287E+00   1.16336767E+00   1.16339161E+00   1.16341417E+00   1.16343444E+00   1.16345177E+00   1.16346472E+00   1.16347225E+00   1.16347245E+00   1.16346416E+00   1.16344487E+00   1.16341251E+00   1.16336396E+00   1.16329683E+00   1.16320681E+00   1.16309056E+00   1.16294242E+00   1.16275884E+00   1.16253332E+00   1.16226019E+00   1.16193032E+00   1.16153825E+00   1.16107290E+00   1.16052745E+00   1.15988936E+00   1.15914898E+00   1.15829105E+00   1.15730632E+00   1.15617727E+00   1.15489087E+00   1.15342651E+00   1.15177193E+00   1.14990466E+00   1.14780715E+00   1.14545135E+00   1.14282423E+00   1.13989886E+00   1.13665041E+00   1.13307931E+00   1.12914891E+00   1.12513581E+00   1.12075519E+00   1.11636896E+00   1.11164314E+00   1.10697389E+00   1.10198181E+00   1.09708523E+00   1.09188844E+00   1.08682015E+00   1.08148838E+00   1.07633717E+00   1.07093416E+00   1.06573051E+00   1.06031863E+00   1.05515398E+00   1.04977863E+00   1.04439482E+00   1.03884976E+00   1.03313757E+00   1.02723782E+00   1.02128188E+00   1.01547458E+00   1.00869669E+00   1.00000000E+00
   1.15212222E+00   1.15212222E+00   1.15212223E+00   1.15212231E+00   1.15212245E+00   1.15212266E+00   1.15212294E+00   1.15212329E+00   1.15212371E+00   1.15212423E+00   1.15212484E+00   1.15212555E+00   1.15212638E+00   1.15212735E+00   1.15212846E+00   1.15212974E+00   1.15213121E+00   1.15213289E+00   1.15213481E+00   1.15213701E+00   1.15213950E+00   1.15214233E+00   1.15214554E+00   1.15214916E+00   1.15215325E+00   1.15215785E+00   1.15216301E+00   1.15216881E+00   1.15217527E+00   1.15218249E+00   1.15219051E+00   1.15219940E+00   1.15220923E+00   1.15222009E+00   1.15223201E+00   1.15224509E+00   1.15225937E+00   1.15227492E+00   1.15229179E+00   1.15231002E+00   1.15232964E+00   1.15235064E+00   1.15237300E+00   1.15239666E+00   1.15242157E+00   1.15244760E+00   1.15247455E+00   1.15250215E+00   1.15253014E+00   1.15255809E+00   1.15258556E+00   1.15261181E+00   1.15263633E+00   1.15265791E+00   1.15267570E+00   1.15268805E+00   1.15269394E+00   1.15269120E+00   1.15267806E+00   1.15265176E+00   1.15261015E+00   1.15254937E+00   1.15246649E+00   1.15235641E+00   1.15221581E+00   1.15203879E+00   1.15182020E+00   1.15155167E+00   1.15122817E+00   1.15083938E+00   1.15037873E+00   1.14983450E+00   1.14919788E+00   1.14845438E+00   1.14759494E+00   1.14660286E+00   1.14546608E+00   1.14416472E+00   1.14268667E+00   1.14101004E+00   1.13911871E+00   1.13698564E+00   1.13459670E+00   1.13192546E+00   1.12894998E+00   1.12566840E+00   1.12204284E+00   1.11832834E+00   1.11426537E+00   1.11018811E+00   1.10578295E+00   1.10141916E+00   1.09674478E+00   1.09215060E+00   1.08726882E+00   1.08250179E+00   1.07747713E+00   1.07261415E+00   1.06751038E+00   1.06259003E+00   1.05746413E+00   1.05256510E+00   1.04746793E+00   1.04236242E+00   1.03709392E+00   1.03165787E+00   1.02604273E+00   1.02037547E+00   1.01485717E+00   1.00837882E+00   1.00000000E+00
   1.14554081E+00   1.14554079E+00   1.14554079E+00   1.14554086E+00   1.14554098E+00   1.14554117E+00   1.14554143E+00   1.14554176E+00   1.14554217E+00   1.14554266E+00   1.14554325E+00   1.14554393E+00   1.14554473E+00   1.14554566E+00   1.14554672E+00   1.14554795E+00   1.14554935E+00   1.14555096E+00   1.14555279E+00   1.14555489E+00   1.14555727E+00   1.14555998E+00   1.14556305E+00   1.14556652E+00   1.14557044E+00   1.14557486E+00   1.14557983E+00   1.14558541E+00   1.14559166E+00   1.14559864E+00   1.14560641E+00   1.14561505E+00   1.14562463E+00   1.14563524E+00   1.14564691E+00   1.14565976E+00   1.14567383E+00   1.14568921E+00   1.14570594E+00   1.14572410E+00   1.14574374E+00   1.14576485E+00   1.14578745E+00   1.14581151E+00   1.14583701E+00   1.14586385E+00   1.14589188E+00   1.14592090E+00   1.14595068E+00   1.14598088E+00   1.14601111E+00   1.14604075E+00   1.14606934E+00   1.14609581E+00   1.14611943E+00   1.14613871E+00   1.14615268E+00   1.14615941E+00   1.14615728E+00   1.14614377E+00   1.14611685E+00   1.14607295E+00   1.14600938E+00   1.14592135E+00   1.14580573E+00   1.14565696E+00   1.14547020E+00   1.14523757E+00   1.14495425E+00   1.14461044E+00   1.14419974E+00   1.14371093E+00   1.14313569E+00   1.14246004E+00   1.14167507E+00   1.14076461E+00   1.13971714E+00   1.13851332E+00   1.13714115E+00   1.13557913E+00   1.13381192E+00   1.13181313E+00   1.12956820E+00   1.12705094E+00   1.12424091E+00   1.12113498E+00   1.11769503E+00   1.11416275E+00   1.11029339E+00   1.10640444E+00   1.10219522E+00   1.09801845E+00   1.09353872E+00   1.08912995E+00   1.08444090E+00   1.07985803E+00   1.07502151E+00   1.07033528E+00   1.06541453E+00   1.06066729E+00   1.05571658E+00   1.05098043E+00   1.04605307E+00   1.04111697E+00   1.03601741E+00   1.03075041E+00   1.02530926E+00   1.01981841E+00   1.01447680E+00   1.00818212E+00   1.00000000E+00
   1.14310255E+00   1.14310253E+00   1.14310252E+00   1.14310258E+00   1.14310270E+00   1.14310288E+00   1.14310313E+00   1.14310346E+00   1.14310387E+00   1.14310436E+00   1.14310493E+00   1.14310561E+00   1.14310640E+00   1.14310732E+00   1.14310837E+00   1.14310958E+00   1.14311096E+00   1.14311255E+00   1.14311435E+00   1.14311642E+00   1.14311877E+00   1.14312144E+00   1.14312446E+00   1.14312788E+00   1.14313175E+00   1.14313611E+00   1.14314102E+00   1.14314653E+00   1.14315270E+00   1.14315961E+00   1.14316730E+00   1.14317586E+00   1.14318535E+00   1.14319588E+00   1.14320747E+00   1.14322024E+00   1.14323424E+00   1.14324957E+00   1.14326627E+00   1.14328441E+00   1.14330406E+00   1.14332522E+00   1.14334792E+00   1.14337213E+00   1.14339784E+00   1.14342498E+00   1.14345340E+00   1.14348294E+00   1.14351337E+00   1.14354438E+00   1.14357561E+00   1.14360647E+00   1.14363653E+00   1.14366477E+00   1.14369049E+00   1.14371225E+00   1.14372915E+00   1.14373929E+00   1.14374113E+00   1.14373223E+00   1.14371062E+00   1.14367281E+00   1.14361622E+00   1.14353618E+00   1.14342961E+00   1.14329108E+00   1.14311587E+00   1.14289627E+00   1.14262756E+00   1.14230012E+00   1.14190762E+00   1.14143902E+00   1.14088619E+00   1.14023534E+00   1.13947763E+00   1.13859709E+00   1.13758238E+00   1.13641439E+00   1.13508117E+00   1.13356138E+00   1.13183991E+00   1.12989067E+00   1.12769896E+00   1.12523869E+00   1.12248989E+00   1.11944902E+00   1.11607798E+00   1.11261341E+00   1.10881597E+00   1.10499696E+00   1.10086063E+00   1.09675351E+00   1.09234628E+00   1.08800659E+00   1.08338928E+00   1.07887491E+00   1.07410845E+00   1.06948805E+00   1.06463537E+00   1.05995247E+00   1.05506696E+00   1.05039143E+00   1.04552708E+00   1.04065376E+00   1.03561691E+00   1.03041273E+00   1.02503617E+00   1.01961077E+00   1.01433472E+00   1.00810841E+00   1.00000000E+00
   1.16053648E+00   1.16053648E+00   1.16053648E+00   1.16053656E+00   1.16053668E+00   1.16053686E+00   1.16053710E+00   1.16053741E+00   1.16053778E+00   1.16053824E+00   1.16053878E+00   1.16053941E+00   1.16054014E+00   1.16054099E+00   1.16054196E+00   1.16054307E+00   1.16054434E+00   1.16054578E+00   1.16054741E+00   1.16054926E+00   1.16055134E+00   1.16055368E+00   1.16055630E+00   1.16055922E+00   1.16056248E+00   1.16056610E+00   1.16057011E+00   1.16057454E+00   1.16057941E+00   1.16058476E+00   1.16059060E+00   1.16059694E+00   1.16060383E+00   1.16061128E+00   1.16061925E+00   1.16062777E+00   1.16063681E+00   1.16064635E+00   1.16065632E+00   1.16066667E+00   1.16067731E+00   1.16068806E+00   1.16069879E+00   1.16070923E+00   1.16071924E+00   1.16072840E+00   1.16073635E+00   1.16074255E+00   1.16074655E+00   1.16074758E+00   1.16074497E+00   1.16073763E+00   1.16072476E+00   1.16070473E+00   1.16067638E+00   1.16063760E+00   1.16058712E+00   1.16052222E+00   1.16044073E+00   1.16033935E+00   1.16021563E+00   1.16006519E+00   1.15988460E+00   1.15966825E+00   1.15941254E+00   1.15911088E+00   1.15875787E+00   1.15834470E+00   1.15786591E+00   1.15731095E+00   1.15667341E+00   1.15594120E+00   1.15510503E+00   1.15415065E+00   1.15306935E+00   1.15184459E+00   1.15046399E+00   1.14890855E+00   1.14716682E+00   1.14521793E+00   1.14304524E+00   1.14062314E+00   1.13794026E+00   1.13497168E+00   1.13169352E+00   1.12810971E+00   1.12418576E+00   1.12019756E+00   1.11586050E+00   1.11153492E+00   1.10689150E+00   1.10231821E+00   1.09744224E+00   1.09267329E+00   1.08762227E+00   1.08270829E+00   1.07755149E+00   1.07257945E+00   1.06737329E+00   1.06236970E+00   1.05717656E+00   1.05222917E+00   1.04708815E+00   1.04194948E+00   1.03666890E+00   1.03124771E+00   1.02566236E+00   1.02001404E+00   1.01457886E+00   1.00826408E+00   1.00000000E+00
   1.14861052E+00   1.14861052E+00   1.14861053E+00   1.14861060E+00   1.14861071E+00   1.14861089E+00   1.14861112E+00   1.14861142E+00   1.14861178E+00   1.14861222E+00   1.14861274E+00   1.14861335E+00   1.14861406E+00   1.14861487E+00   1.14861581E+00   1.14861689E+00   1.14861811E+00   1.14861951E+00   1.14862109E+00   1.14862288E+00   1.14862491E+00   1.14862719E+00   1.14862975E+00   1.14863263E+00   1.14863585E+00   1.14863945E+00   1.14864345E+00   1.14864789E+00   1.14865282E+00   1.14865826E+00   1.14866424E+00   1.14867080E+00   1.14867799E+00   1.14868582E+00   1.14869431E+00   1.14870350E+00   1.14871338E+00   1.14872397E+00   1.14873524E+00   1.14874718E+00   1.14875974E+00   1.14877282E+00   1.14878635E+00   1.14880015E+00   1.14881411E+00   1.14882794E+00   1.14884139E+00   1.14885406E+00   1.14886559E+00   1.14887537E+00   1.14888291E+00   1.14888729E+00   1.14888787E+00   1.14888332E+00   1.14887270E+00   1.14885423E+00   1.14882675E+00   1.14878797E+00   1.14873606E+00   1.14866812E+00   1.14858196E+00   1.14847368E+00   1.14834037E+00   1.14817697E+00   1.14798011E+00   1.14774384E+00   1.14746333E+00   1.14713057E+00   1.14674055E+00   1.14628347E+00   1.14575307E+00   1.14513809E+00   1.14443028E+00   1.14361596E+00   1.14268651E+00   1.14162619E+00   1.14042379E+00   1.13906080E+00   1.13752573E+00   1.13579820E+00   1.13386345E+00   1.13169661E+00   1.12928436E+00   1.12660229E+00   1.12363068E+00   1.12037017E+00   1.11678330E+00   1.11312282E+00   1.10913403E+00   1.10514577E+00   1.10084950E+00   1.09660458E+00   1.09206886E+00   1.08762177E+00   1.08290637E+00   1.07831256E+00   1.07347923E+00   1.06880892E+00   1.06391668E+00   1.05920932E+00   1.05431222E+00   1.04963764E+00   1.04478469E+00   1.03993422E+00   1.03493527E+00   1.02979260E+00   1.02449486E+00   1.01913595E+00   1.01398741E+00   1.00796395E+00   1.00000000E+00
   1.14300524E+00   1.14300524E+00   1.14300525E+00   1.14300532E+00   1.14300543E+00   1.14300561E+00   1.14300584E+00   1.14300614E+00   1.14300651E+00   1.14300695E+00   1.14300747E+00   1.14300808E+00   1.14300879E+00   1.14300960E+00   1.14301054E+00   1.14301161E+00   1.14301282E+00   1.14301421E+00   1.14301578E+00   1.14301756E+00   1.14301958E+00   1.14302185E+00   1.14302440E+00   1.14302727E+00   1.14303048E+00   1.14303407E+00   1.14303808E+00   1.14304254E+00   1.14304748E+00   1.14305297E+00   1.14305901E+00   1.14306567E+00   1.14307297E+00   1.14308096E+00   1.14308966E+00   1.14309912E+00   1.14310934E+00   1.14312035E+00   1.14313215E+00   1.14314473E+00   1.14315807E+00   1.14317211E+00   1.14318678E+00   1.14320196E+00   1.14321755E+00   1.14323332E+00   1.14324906E+00   1.14326442E+00   1.14327910E+00   1.14329257E+00   1.14330439E+00   1.14331373E+00   1.14332003E+00   1.14332209E+00   1.14331906E+00   1.14330932E+00   1.14329176E+00   1.14326428E+00   1.14322521E+00   1.14317185E+00   1.14310211E+00   1.14301234E+00   1.14289984E+00   1.14275981E+00   1.14258905E+00   1.14238185E+00   1.14213369E+00   1.14183691E+00   1.14148671E+00   1.14107369E+00   1.14059170E+00   1.14002986E+00   1.13938035E+00   1.13862986E+00   1.13776984E+00   1.13678495E+00   1.13566446E+00   1.13439017E+00   1.13295067E+00   1.13132583E+00   1.12950157E+00   1.12745343E+00   1.12516755E+00   1.12261972E+00   1.11979163E+00   1.11668253E+00   1.11325449E+00   1.10974901E+00   1.10592439E+00   1.10209502E+00   1.09796303E+00   1.09387413E+00   1.08950020E+00   1.08520644E+00   1.08065023E+00   1.07620799E+00   1.07152866E+00   1.06700238E+00   1.06225924E+00   1.05769245E+00   1.05293676E+00   1.04839297E+00   1.04367684E+00   1.03896264E+00   1.03409818E+00   1.02908930E+00   1.02392935E+00   1.01870924E+00   1.01369863E+00   1.00781621E+00   1.00000000E+00
   1.13963212E+00   1.13963211E+00   1.13963212E+00   1.13963219E+00   1.13963231E+00   1.13963249E+00   1.13963273E+00   1.13963303E+00   1.13963340E+00   1.13963385E+00   1.13963437E+00   1.13963499E+00   1.13963570E+00   1.13963652E+00   1.13963746E+00   1.13963853E+00   1.13963975E+00   1.13964114E+00   1.13964271E+00   1.13964449E+00   1.13964650E+00   1.13964877E+00   1.13965133E+00   1.13965420E+00   1.13965741E+00   1.13966101E+00   1.13966502E+00   1.13966950E+00   1.13967446E+00   1.13967997E+00   1.13968606E+00   1.13969277E+00   1.13970014E+00   1.13970823E+00   1.13971705E+00   1.13972666E+00   1.13973707E+00   1.13974832E+00   1.13976041E+00   1.13977335E+00   1.13978714E+00   1.13980171E+00   1.13981702E+00   1.13983297E+00   1.13984947E+00   1.13986632E+00   1.13988334E+00   1.13990022E+00   1.13991667E+00   1.13993221E+00   1.13994643E+00   1.13995858E+00   1.13996812E+00   1.13997392E+00   1.13997519E+00   1.13997039E+00   1.13995848E+00   1.13993745E+00   1.13990571E+00   1.13986069E+00   1.13980036E+00   1.13972122E+00   1.13962069E+00   1.13949414E+00   1.13933844E+00   1.13914808E+00   1.13891867E+00   1.13864281E+00   1.13831579E+00   1.13792845E+00   1.13747475E+00   1.13694403E+00   1.13632873E+00   1.13561576E+00   1.13479665E+00   1.13385630E+00   1.13278424E+00   1.13156252E+00   1.13017977E+00   1.12861605E+00   1.12685762E+00   1.12488031E+00   1.12267003E+00   1.12020270E+00   1.11746066E+00   1.11444247E+00   1.11111011E+00   1.10769823E+00   1.10397263E+00   1.10023910E+00   1.09620651E+00   1.09221219E+00   1.08793641E+00   1.08373578E+00   1.07927606E+00   1.07492567E+00   1.07033989E+00   1.06590125E+00   1.06124858E+00   1.05676706E+00   1.05209742E+00   1.04763336E+00   1.04300019E+00   1.03836846E+00   1.03358580E+00   1.02865854E+00   1.02358251E+00   1.01844696E+00   1.01352051E+00   1.00772459E+00   1.00000000E+00
   1.13839045E+00   1.13839044E+00   1.13839045E+00   1.13839052E+00   1.13839064E+00   1.13839081E+00   1.13839105E+00   1.13839136E+00   1.13839173E+00   1.13839218E+00   1.13839271E+00   1.13839333E+00   1.13839405E+00   1.13839487E+00   1.13839581E+00   1.13839688E+00   1.13839811E+00   1.13839950E+00   1.13840107E+00   1.13840286E+00   1.13840487E+00   1.13840715E+00   1.13840970E+00   1.13841257E+00   1.13841579E+00   1.13841939E+00   1.13842341E+00   1.13842790E+00   1.13843287E+00   1.13843840E+00   1.13844450E+00   1.13845123E+00   1.13845863E+00   1.13846676E+00   1.13847562E+00   1.13848529E+00   1.13849577E+00   1.13850711E+00   1.13851931E+00   1.13853238E+00   1.13854632E+00   1.13856108E+00   1.13857663E+00   1.13859285E+00   1.13860968E+00   1.13862692E+00   1.13864439E+00   1.13866182E+00   1.13867889E+00   1.13869517E+00   1.13871025E+00   1.13872340E+00   1.13873409E+00   1.13874122E+00   1.13874403E+00   1.13874100E+00   1.13873110E+00   1.13871237E+00   1.13868325E+00   1.13864121E+00   1.13858425E+00   1.13850892E+00   1.13841268E+00   1.13829097E+00   1.13814068E+00   1.13795637E+00   1.13773372E+00   1.13746538E+00   1.13714672E+00   1.13676865E+00   1.13632517E+00   1.13580572E+00   1.13520280E+00   1.13450343E+00   1.13369918E+00   1.13277501E+00   1.13172058E+00   1.13051801E+00   1.12915597E+00   1.12761458E+00   1.12588023E+00   1.12392884E+00   1.12174629E+00   1.11930851E+00   1.11659808E+00   1.11361329E+00   1.11031619E+00   1.10693884E+00   1.10324975E+00   1.09955158E+00   1.09555571E+00   1.09159638E+00   1.08735691E+00   1.08319077E+00   1.07876674E+00   1.07445032E+00   1.06989920E+00   1.06549303E+00   1.06087384E+00   1.05642387E+00   1.05178611E+00   1.04735160E+00   1.04274910E+00   1.03814782E+00   1.03339544E+00   1.02849843E+00   1.02345348E+00   1.01834925E+00   1.01345398E+00   1.00769024E+00   1.00000000E+00
   1.29513201E+00   1.29513218E+00   1.29513262E+00   1.29513321E+00   1.29513389E+00   1.29513460E+00   1.29513535E+00   1.29513615E+00   1.29513702E+00   1.29513801E+00   1.29513912E+00   1.29514039E+00   1.29514187E+00   1.29514363E+00   1.29514566E+00   1.29514801E+00   1.29515077E+00   1.29515403E+00   1.29515783E+00   1.29516231E+00   1.29516752E+00   1.29517355E+00   1.29518047E+00   1.29518844E+00   1.29519753E+00   1.29520781E+00   1.29521946E+00   1.29523275E+00   1.29524777E+00   1.29526461E+00   1.29528336E+00   1.29530436E+00   1.29532790E+00   1.29535413E+00   1.29538308E+00   1.29541513E+00   1.29545043E+00   1.29548902E+00   1.29553118E+00   1.29557757E+00   1.29562843E+00   1.29568376E+00   1.29574333E+00   1.29580733E+00   1.29587653E+00   1.29595105E+00   1.29603011E+00   1.29611352E+00   1.29620132E+00   1.29629279E+00   1.29638772E+00   1.29648644E+00   1.29658932E+00   1.29669468E+00   1.29679933E+00   1.29690001E+00   1.29699773E+00   1.29708991E+00   1.29717216E+00   1.29724123E+00   1.29729772E+00   1.29733676E+00   1.29734627E+00   1.29731215E+00   1.29724220E+00   1.29714099E+00   1.29699041E+00   1.29676533E+00   1.29645704E+00   1.29604820E+00   1.29553926E+00   1.29491451E+00   1.29414205E+00   1.29318865E+00   1.29206140E+00   1.29074103E+00   1.28917900E+00   1.28732187E+00   1.28519658E+00   1.28280626E+00   1.28004573E+00   1.27679223E+00   1.27312547E+00   1.26906371E+00   1.26441541E+00   1.25908062E+00   1.25318653E+00   1.24720794E+00   1.24050235E+00   1.23355188E+00   1.22599730E+00   1.21850930E+00   1.21042730E+00   1.20240043E+00   1.19367211E+00   1.18488548E+00   1.17554935E+00   1.16647238E+00   1.15674884E+00   1.14713903E+00   1.13701167E+00   1.12723708E+00   1.11679971E+00   1.10592465E+00   1.09439198E+00   1.08220582E+00   1.06936114E+00   1.05592988E+00   1.04132178E+00   1.02292979E+00   1.00000000E+00
   1.20690581E+00   1.20690566E+00   1.20690542E+00   1.20690543E+00   1.20690558E+00   1.20690582E+00   1.20690610E+00   1.20690641E+00   1.20690677E+00   1.20690719E+00   1.20690763E+00   1.20690807E+00   1.20690856E+00   1.20690914E+00   1.20690976E+00   1.20691037E+00   1.20691107E+00   1.20691189E+00   1.20691289E+00   1.20691417E+00   1.20691572E+00   1.20691757E+00   1.20691973E+00   1.20692229E+00   1.20692533E+00   1.20692885E+00   1.20693297E+00   1.20693796E+00   1.20694389E+00   1.20695078E+00   1.20695855E+00   1.20696745E+00   1.20697790E+00   1.20699009E+00   1.20700387E+00   1.20701953E+00   1.20703730E+00   1.20705729E+00   1.20707977E+00   1.20710554E+00   1.20713491E+00   1.20716790E+00   1.20720419E+00   1.20724424E+00   1.20728928E+00   1.20733977E+00   1.20739501E+00   1.20745536E+00   1.20752135E+00   1.20759306E+00   1.20767073E+00   1.20775586E+00   1.20784926E+00   1.20795012E+00   1.20805622E+00   1.20816681E+00   1.20828417E+00   1.20840752E+00   1.20853408E+00   1.20866371E+00   1.20879799E+00   1.20893460E+00   1.20906530E+00   1.20918286E+00   1.20929518E+00   1.20940722E+00   1.20950536E+00   1.20957328E+00   1.20960610E+00   1.20959324E+00   1.20953623E+00   1.20942392E+00   1.20923275E+00   1.20894109E+00   1.20855310E+00   1.20805257E+00   1.20740307E+00   1.20656715E+00   1.20556181E+00   1.20437872E+00   1.20293819E+00   1.20115978E+00   1.19909811E+00   1.19674513E+00   1.19395531E+00   1.19066056E+00   1.18694878E+00   1.18309988E+00   1.17868409E+00   1.17402779E+00   1.16889758E+00   1.16373661E+00   1.15808799E+00   1.15240675E+00   1.14615894E+00   1.13981677E+00   1.13303075E+00   1.12637894E+00   1.11919359E+00   1.11204529E+00   1.10447702E+00   1.09712178E+00   1.08918920E+00   1.08088629E+00   1.07209866E+00   1.06283248E+00   1.05300172E+00   1.04262044E+00   1.03142753E+00   1.01749114E+00   1.00000000E+00
   1.16133386E+00   1.16133348E+00   1.16133278E+00   1.16133253E+00   1.16133257E+00   1.16133282E+00   1.16133322E+00   1.16133371E+00   1.16133429E+00   1.16133497E+00   1.16133568E+00   1.16133635E+00   1.16133703E+00   1.16133777E+00   1.16133846E+00   1.16133904E+00   1.16133960E+00   1.16134016E+00   1.16134078E+00   1.16134153E+00   1.16134240E+00   1.16134336E+00   1.16134441E+00   1.16134564E+00   1.16134709E+00   1.16134875E+00   1.16135071E+00   1.16135321E+00   1.16135632E+00   1.16136000E+00   1.16136411E+00   1.16136886E+00   1.16137469E+00   1.16138176E+00   1.16138984E+00   1.16139918E+00   1.16141000E+00   1.16142239E+00   1.16143657E+00   1.16145334E+00   1.16147299E+00   1.16149550E+00   1.16152048E+00   1.16154845E+00   1.16158071E+00   1.16161775E+00   1.16165890E+00   1.16170469E+00   1.16175571E+00   1.16181227E+00   1.16187473E+00   1.16194488E+00   1.16202358E+00   1.16211036E+00   1.16220348E+00   1.16230318E+00   1.16241199E+00   1.16252974E+00   1.16265453E+00   1.16278749E+00   1.16293031E+00   1.16308180E+00   1.16323589E+00   1.16338874E+00   1.16354751E+00   1.16371681E+00   1.16388608E+00   1.16404432E+00   1.16418827E+00   1.16431058E+00   1.16441313E+00   1.16448782E+00   1.16451651E+00   1.16448381E+00   1.16439213E+00   1.16422813E+00   1.16396320E+00   1.16356898E+00   1.16305642E+00   1.16241302E+00   1.16157694E+00   1.16049159E+00   1.15919468E+00   1.15766695E+00   1.15579437E+00   1.15352517E+00   1.15091993E+00   1.14816406E+00   1.14494544E+00   1.14150373E+00   1.13766429E+00   1.13375082E+00   1.12941806E+00   1.12501553E+00   1.12013312E+00   1.11514295E+00   1.10976667E+00   1.10445801E+00   1.09868617E+00   1.09290876E+00   1.08675937E+00   1.08074729E+00   1.07422227E+00   1.06737019E+00   1.06011293E+00   1.05244996E+00   1.04427487E+00   1.03559446E+00   1.02628903E+00   1.01471150E+00   1.00000000E+00
   1.13211897E+00   1.13211837E+00   1.13211725E+00   1.13211680E+00   1.13211681E+00   1.13211717E+00   1.13211779E+00   1.13211857E+00   1.13211951E+00   1.13212059E+00   1.13212170E+00   1.13212278E+00   1.13212386E+00   1.13212497E+00   1.13212599E+00   1.13212685E+00   1.13212761E+00   1.13212833E+00   1.13212902E+00   1.13212979E+00   1.13213058E+00   1.13213136E+00   1.13213210E+00   1.13213290E+00   1.13213380E+00   1.13213476E+00   1.13213585E+00   1.13213732E+00   1.13213920E+00   1.13214144E+00   1.13214386E+00   1.13214664E+00   1.13215024E+00   1.13215476E+00   1.13215997E+00   1.13216606E+00   1.13217323E+00   1.13218155E+00   1.13219122E+00   1.13220300E+00   1.13221715E+00   1.13223362E+00   1.13225196E+00   1.13227272E+00   1.13229719E+00   1.13232580E+00   1.13235791E+00   1.13239414E+00   1.13243504E+00   1.13248100E+00   1.13253239E+00   1.13259115E+00   1.13265806E+00   1.13273284E+00   1.13281398E+00   1.13290226E+00   1.13300023E+00   1.13310793E+00   1.13322400E+00   1.13335029E+00   1.13348837E+00   1.13363768E+00   1.13379344E+00   1.13395387E+00   1.13412542E+00   1.13431241E+00   1.13450625E+00   1.13469934E+00   1.13488919E+00   1.13507040E+00   1.13524509E+00   1.13540719E+00   1.13554208E+00   1.13563849E+00   1.13569781E+00   1.13570899E+00   1.13564847E+00   1.13549392E+00   1.13525290E+00   1.13491152E+00   1.13442001E+00   1.13373719E+00   1.13289019E+00   1.13185445E+00   1.13053744E+00   1.12889847E+00   1.12698089E+00   1.12491321E+00   1.12245789E+00   1.11979755E+00   1.11679472E+00   1.11369653E+00   1.11023038E+00   1.10667551E+00   1.10270330E+00   1.09861648E+00   1.09418382E+00   1.08977672E+00   1.08495651E+00   1.08010287E+00   1.07490944E+00   1.06980463E+00   1.06423598E+00   1.05836996E+00   1.05214670E+00   1.04555892E+00   1.03849438E+00   1.03096101E+00   1.02291971E+00   1.01289559E+00   1.00000000E+00
   1.12088090E+00   1.12088018E+00   1.12087885E+00   1.12087831E+00   1.12087832E+00   1.12087875E+00   1.12087951E+00   1.12088047E+00   1.12088161E+00   1.12088291E+00   1.12088426E+00   1.12088557E+00   1.12088689E+00   1.12088822E+00   1.12088944E+00   1.12089048E+00   1.12089140E+00   1.12089224E+00   1.12089304E+00   1.12089388E+00   1.12089471E+00   1.12089550E+00   1.12089620E+00   1.12089692E+00   1.12089768E+00   1.12089846E+00   1.12089930E+00   1.12090046E+00   1.12090197E+00   1.12090376E+00   1.12090563E+00   1.12090777E+00   1.12091062E+00   1.12091429E+00   1.12091850E+00   1.12092347E+00   1.12092936E+00   1.12093624E+00   1.12094428E+00   1.12095426E+00   1.12096641E+00   1.12098065E+00   1.12099651E+00   1.12101455E+00   1.12103605E+00   1.12106141E+00   1.12108999E+00   1.12112244E+00   1.12115929E+00   1.12120092E+00   1.12124772E+00   1.12130167E+00   1.12136352E+00   1.12143302E+00   1.12150873E+00   1.12159163E+00   1.12168424E+00   1.12178665E+00   1.12189768E+00   1.12201945E+00   1.12215345E+00   1.12229932E+00   1.12245273E+00   1.12261266E+00   1.12278532E+00   1.12297485E+00   1.12317337E+00   1.12337458E+00   1.12357620E+00   1.12377352E+00   1.12396878E+00   1.12415668E+00   1.12432389E+00   1.12446079E+00   1.12456840E+00   1.12463657E+00   1.12464366E+00   1.12456974E+00   1.12442122E+00   1.12418403E+00   1.12381301E+00   1.12327305E+00   1.12258753E+00   1.12173026E+00   1.12061708E+00   1.11921210E+00   1.11755247E+00   1.11574557E+00   1.11358193E+00   1.11122216E+00   1.10854316E+00   1.10576254E+00   1.10263575E+00   1.09941422E+00   1.09580099E+00   1.09207085E+00   1.08801141E+00   1.08396160E+00   1.07951906E+00   1.07503231E+00   1.07021878E+00   1.06547504E+00   1.06028787E+00   1.05481492E+00   1.04900250E+00   1.04284026E+00   1.03621517E+00   1.02913661E+00   1.02159468E+00   1.01218110E+00   1.00000000E+00
   1.29196774E+00   1.29196790E+00   1.29196833E+00   1.29196889E+00   1.29196955E+00   1.29197025E+00   1.29197102E+00   1.29197186E+00   1.29197279E+00   1.29197385E+00   1.29197506E+00   1.29197644E+00   1.29197806E+00   1.29197997E+00   1.29198218E+00   1.29198476E+00   1.29198778E+00   1.29199132E+00   1.29199543E+00   1.29200024E+00   1.29200581E+00   1.29201223E+00   1.29201956E+00   1.29202796E+00   1.29203752E+00   1.29204836E+00   1.29206059E+00   1.29207449E+00   1.29209013E+00   1.29210764E+00   1.29212714E+00   1.29214892E+00   1.29217324E+00   1.29220027E+00   1.29223004E+00   1.29226289E+00   1.29229901E+00   1.29233856E+00   1.29238173E+00   1.29242904E+00   1.29248064E+00   1.29253654E+00   1.29259663E+00   1.29266107E+00   1.29273040E+00   1.29280460E+00   1.29288298E+00   1.29296532E+00   1.29305167E+00   1.29314146E+00   1.29323430E+00   1.29332991E+00   1.29342807E+00   1.29352668E+00   1.29362325E+00   1.29371487E+00   1.29380178E+00   1.29388101E+00   1.29394846E+00   1.29400026E+00   1.29403525E+00   1.29404737E+00   1.29402766E+00   1.29396506E+00   1.29386184E+00   1.29371563E+00   1.29351079E+00   1.29322576E+00   1.29285265E+00   1.29237386E+00   1.29178541E+00   1.29106878E+00   1.29019729E+00   1.28914119E+00   1.28789972E+00   1.28644867E+00   1.28475023E+00   1.28276027E+00   1.28048564E+00   1.27790890E+00   1.27495411E+00   1.27153160E+00   1.26768319E+00   1.26339213E+00   1.25851691E+00   1.25300472E+00   1.24692619E+00   1.24073592E+00   1.23383065E+00   1.22673087E+00   1.21902833E+00   1.21139807E+00   1.20317530E+00   1.19502619E+00   1.18621583E+00   1.17741855E+00   1.16809773E+00   1.15904369E+00   1.14937209E+00   1.13985667E+00   1.12986487E+00   1.12024655E+00   1.11000624E+00   1.09939459E+00   1.08820939E+00   1.07646395E+00   1.06411869E+00   1.05126053E+00   1.03749712E+00   1.02063349E+00   1.00000000E+00
   1.20994091E+00   1.20994078E+00   1.20994056E+00   1.20994054E+00   1.20994064E+00   1.20994080E+00   1.20994102E+00   1.20994128E+00   1.20994159E+00   1.20994196E+00   1.20994236E+00   1.20994280E+00   1.20994330E+00   1.20994390E+00   1.20994456E+00   1.20994530E+00   1.20994617E+00   1.20994723E+00   1.20994849E+00   1.20995005E+00   1.20995193E+00   1.20995416E+00   1.20995676E+00   1.20995985E+00   1.20996349E+00   1.20996774E+00   1.20997270E+00   1.20997859E+00   1.20998546E+00   1.20999340E+00   1.21000240E+00   1.21001274E+00   1.21002471E+00   1.21003851E+00   1.21005407E+00   1.21007170E+00   1.21009164E+00   1.21011413E+00   1.21013938E+00   1.21016798E+00   1.21020020E+00   1.21023612E+00   1.21027568E+00   1.21031937E+00   1.21036804E+00   1.21042203E+00   1.21048087E+00   1.21054495E+00   1.21061474E+00   1.21069049E+00   1.21077225E+00   1.21086080E+00   1.21095650E+00   1.21105843E+00   1.21116517E+00   1.21127603E+00   1.21139234E+00   1.21151296E+00   1.21163543E+00   1.21175882E+00   1.21188317E+00   1.21200535E+00   1.21211951E+00   1.21221990E+00   1.21230937E+00   1.21238723E+00   1.21244225E+00   1.21246066E+00   1.21243751E+00   1.21236091E+00   1.21222835E+00   1.21202632E+00   1.21173508E+00   1.21133389E+00   1.21082060E+00   1.21017537E+00   1.20936933E+00   1.20836951E+00   1.20717742E+00   1.20577188E+00   1.20409542E+00   1.20208594E+00   1.19976712E+00   1.19710983E+00   1.19400926E+00   1.19042553E+00   1.18639673E+00   1.18220690E+00   1.17745082E+00   1.17249478E+00   1.16704843E+00   1.16157889E+00   1.15561250E+00   1.14963496E+00   1.14311877E+00   1.13657362E+00   1.12958850E+00   1.12274906E+00   1.11539986E+00   1.10813571E+00   1.10047171E+00   1.09305211E+00   1.08510913E+00   1.07686997E+00   1.06820287E+00   1.05911445E+00   1.04951318E+00   1.03945523E+00   1.02879241E+00   1.01587806E+00   1.00000000E+00
   1.16871259E+00   1.16871225E+00   1.16871163E+00   1.16871136E+00   1.16871129E+00   1.16871137E+00   1.16871158E+00   1.16871188E+00   1.16871226E+00   1.16871271E+00   1.16871320E+00   1.16871369E+00   1.16871421E+00   1.16871477E+00   1.16871533E+00   1.16871587E+00   1.16871644E+00   1.16871708E+00   1.16871781E+00   1.16871869E+00   1.16871972E+00   1.16872092E+00   1.16872229E+00   1.16872391E+00   1.16872586E+00   1.16872815E+00   1.16873088E+00   1.16873420E+00   1.16873819E+00   1.16874288E+00   1.16874823E+00   1.16875447E+00   1.16876192E+00   1.16877071E+00   1.16878076E+00   1.16879233E+00   1.16880567E+00   1.16882099E+00   1.16883848E+00   1.16885872E+00   1.16888196E+00   1.16890830E+00   1.16893767E+00   1.16897063E+00   1.16900805E+00   1.16905035E+00   1.16909714E+00   1.16914902E+00   1.16920652E+00   1.16927012E+00   1.16934002E+00   1.16941732E+00   1.16950251E+00   1.16959520E+00   1.16969442E+00   1.16980037E+00   1.16991461E+00   1.17003669E+00   1.17016502E+00   1.17029992E+00   1.17044175E+00   1.17058868E+00   1.17073654E+00   1.17088212E+00   1.17102818E+00   1.17117473E+00   1.17131318E+00   1.17143404E+00   1.17153374E+00   1.17160332E+00   1.17164093E+00   1.17163619E+00   1.17157372E+00   1.17143770E+00   1.17122532E+00   1.17092002E+00   1.17049857E+00   1.16993447E+00   1.16922652E+00   1.16835352E+00   1.16726990E+00   1.16592813E+00   1.16434086E+00   1.16247531E+00   1.16024940E+00   1.15762858E+00   1.15463137E+00   1.15145981E+00   1.14781265E+00   1.14397139E+00   1.13970327E+00   1.13536848E+00   1.13059551E+00   1.12577375E+00   1.12048522E+00   1.11514578E+00   1.10941069E+00   1.10375915E+00   1.09765996E+00   1.09160680E+00   1.08519173E+00   1.07895409E+00   1.07225630E+00   1.06530191E+00   1.05798077E+00   1.05028981E+00   1.04213008E+00   1.03355832E+00   1.02451801E+00   1.01357504E+00   1.00000000E+00
   1.14257123E+00   1.14257071E+00   1.14256974E+00   1.14256927E+00   1.14256911E+00   1.14256920E+00   1.14256950E+00   1.14256994E+00   1.14257051E+00   1.14257118E+00   1.14257190E+00   1.14257261E+00   1.14257335E+00   1.14257410E+00   1.14257481E+00   1.14257546E+00   1.14257609E+00   1.14257672E+00   1.14257738E+00   1.14257812E+00   1.14257891E+00   1.14257977E+00   1.14258069E+00   1.14258175E+00   1.14258300E+00   1.14258446E+00   1.14258618E+00   1.14258834E+00   1.14259097E+00   1.14259409E+00   1.14259764E+00   1.14260183E+00   1.14260697E+00   1.14261315E+00   1.14262028E+00   1.14262862E+00   1.14263835E+00   1.14264971E+00   1.14266282E+00   1.14267828E+00   1.14269629E+00   1.14271697E+00   1.14274021E+00   1.14276659E+00   1.14279700E+00   1.14283180E+00   1.14287069E+00   1.14291436E+00   1.14296332E+00   1.14301816E+00   1.14307912E+00   1.14314745E+00   1.14322369E+00   1.14330771E+00   1.14339878E+00   1.14349757E+00   1.14360569E+00   1.14372302E+00   1.14384852E+00   1.14398319E+00   1.14412750E+00   1.14428033E+00   1.14443853E+00   1.14460042E+00   1.14476861E+00   1.14494354E+00   1.14511824E+00   1.14528592E+00   1.14544378E+00   1.14558472E+00   1.14570738E+00   1.14580345E+00   1.14586043E+00   1.14586584E+00   1.14581660E+00   1.14569863E+00   1.14549248E+00   1.14517614E+00   1.14474719E+00   1.14418532E+00   1.14345286E+00   1.14251161E+00   1.14136778E+00   1.13998747E+00   1.13830337E+00   1.13628448E+00   1.13393779E+00   1.13141481E+00   1.12847927E+00   1.12535645E+00   1.12185139E+00   1.11825583E+00   1.11426440E+00   1.11020256E+00   1.10572278E+00   1.10117730E+00   1.09626645E+00   1.09139991E+00   1.08612753E+00   1.08087488E+00   1.07528530E+00   1.06983005E+00   1.06395815E+00   1.05785279E+00   1.05141448E+00   1.04463306E+00   1.03741068E+00   1.02980745E+00   1.02181567E+00   1.01212389E+00   1.00000000E+00
   1.13256502E+00   1.13256440E+00   1.13256325E+00   1.13256269E+00   1.13256250E+00   1.13256260E+00   1.13256296E+00   1.13256349E+00   1.13256418E+00   1.13256498E+00   1.13256584E+00   1.13256669E+00   1.13256757E+00   1.13256845E+00   1.13256927E+00   1.13257002E+00   1.13257073E+00   1.13257142E+00   1.13257211E+00   1.13257285E+00   1.13257361E+00   1.13257440E+00   1.13257521E+00   1.13257611E+00   1.13257716E+00   1.13257837E+00   1.13257978E+00   1.13258156E+00   1.13258374E+00   1.13258634E+00   1.13258928E+00   1.13259277E+00   1.13259710E+00   1.13260238E+00   1.13260847E+00   1.13261565E+00   1.13262409E+00   1.13263400E+00   1.13264551E+00   1.13265920E+00   1.13267526E+00   1.13269381E+00   1.13271473E+00   1.13273860E+00   1.13276628E+00   1.13279815E+00   1.13283393E+00   1.13287430E+00   1.13291980E+00   1.13297102E+00   1.13302821E+00   1.13309270E+00   1.13316501E+00   1.13324510E+00   1.13333231E+00   1.13342748E+00   1.13353222E+00   1.13364652E+00   1.13376951E+00   1.13390247E+00   1.13404587E+00   1.13419885E+00   1.13435860E+00   1.13452402E+00   1.13469767E+00   1.13488013E+00   1.13506502E+00   1.13524655E+00   1.13542218E+00   1.13558552E+00   1.13573545E+00   1.13586442E+00   1.13596103E+00   1.13601417E+00   1.13602070E+00   1.13596758E+00   1.13583679E+00   1.13560824E+00   1.13527916E+00   1.13482979E+00   1.13422547E+00   1.13343175E+00   1.13245258E+00   1.13125387E+00   1.12977392E+00   1.12798328E+00   1.12588496E+00   1.12361129E+00   1.12095040E+00   1.11810559E+00   1.11489688E+00   1.11158952E+00   1.10790375E+00   1.10413974E+00   1.09997709E+00   1.09574276E+00   1.09115528E+00   1.08659709E+00   1.08164940E+00   1.07671092E+00   1.07144532E+00   1.06629722E+00   1.06074940E+00   1.05497621E+00   1.04888188E+00   1.04245344E+00   1.03559444E+00   1.02836677E+00   1.02077979E+00   1.01156776E+00   1.00000000E+00
   1.28394109E+00   1.28394124E+00   1.28394162E+00   1.28394213E+00   1.28394275E+00   1.28394343E+00   1.28394419E+00   1.28394503E+00   1.28394599E+00   1.28394708E+00   1.28394834E+00   1.28394980E+00   1.28395150E+00   1.28395350E+00   1.28395583E+00   1.28395854E+00   1.28396170E+00   1.28396540E+00   1.28396969E+00   1.28397467E+00   1.28398042E+00   1.28398703E+00   1.28399457E+00   1.28400319E+00   1.28401298E+00   1.28402406E+00   1.28403656E+00   1.28405071E+00   1.28406661E+00   1.28408441E+00   1.28410420E+00   1.28412628E+00   1.28415087E+00   1.28417815E+00   1.28420818E+00   1.28424125E+00   1.28427757E+00   1.28431732E+00   1.28436066E+00   1.28440799E+00   1.28445945E+00   1.28451505E+00   1.28457470E+00   1.28463853E+00   1.28470692E+00   1.28477978E+00   1.28485649E+00   1.28493678E+00   1.28502060E+00   1.28510735E+00   1.28519648E+00   1.28528731E+00   1.28537937E+00   1.28547039E+00   1.28555820E+00   1.28563991E+00   1.28571520E+00   1.28578070E+00   1.28583237E+00   1.28586594E+00   1.28587933E+00   1.28586600E+00   1.28581820E+00   1.28572569E+00   1.28558777E+00   1.28539858E+00   1.28514422E+00   1.28480522E+00   1.28437365E+00   1.28383151E+00   1.28317249E+00   1.28237686E+00   1.28142104E+00   1.28027747E+00   1.27894108E+00   1.27738544E+00   1.27557816E+00   1.27347995E+00   1.27108776E+00   1.26837512E+00   1.26528220E+00   1.26173696E+00   1.25776080E+00   1.25332304E+00   1.24831325E+00   1.24270278E+00   1.23652546E+00   1.23022669E+00   1.22323750E+00   1.21610440E+00   1.20838711E+00   1.20075447E+00   1.19254739E+00   1.18443528E+00   1.17570698E+00   1.16704726E+00   1.15789555E+00   1.14901858E+00   1.13956974E+00   1.13032020E+00   1.12064014E+00   1.11134418E+00   1.10148336E+00   1.09133596E+00   1.08071699E+00   1.06963750E+00   1.05802711E+00   1.04599602E+00   1.03333509E+00   1.01821807E+00   1.00000000E+00
   1.20995569E+00   1.20995557E+00   1.20995539E+00   1.20995538E+00   1.20995546E+00   1.20995560E+00   1.20995580E+00   1.20995606E+00   1.20995637E+00   1.20995674E+00   1.20995717E+00   1.20995766E+00   1.20995823E+00   1.20995892E+00   1.20995971E+00   1.20996063E+00   1.20996172E+00   1.20996304E+00   1.20996461E+00   1.20996651E+00   1.20996877E+00   1.20997144E+00   1.20997456E+00   1.20997824E+00   1.20998254E+00   1.20998756E+00   1.20999338E+00   1.21000020E+00   1.21000809E+00   1.21001715E+00   1.21002745E+00   1.21003923E+00   1.21005275E+00   1.21006820E+00   1.21008558E+00   1.21010521E+00   1.21012733E+00   1.21015219E+00   1.21017998E+00   1.21021121E+00   1.21024610E+00   1.21028483E+00   1.21032740E+00   1.21037425E+00   1.21042604E+00   1.21048302E+00   1.21054487E+00   1.21061194E+00   1.21068456E+00   1.21076289E+00   1.21084686E+00   1.21093683E+00   1.21103290E+00   1.21113411E+00   1.21123931E+00   1.21134758E+00   1.21145952E+00   1.21157359E+00   1.21168738E+00   1.21179927E+00   1.21190838E+00   1.21201098E+00   1.21210204E+00   1.21217572E+00   1.21223214E+00   1.21226772E+00   1.21227251E+00   1.21223369E+00   1.21214581E+00   1.21199583E+00   1.21177889E+00   1.21148013E+00   1.21108196E+00   1.21056393E+00   1.20992013E+00   1.20912867E+00   1.20816446E+00   1.20699648E+00   1.20561843E+00   1.20400350E+00   1.20210623E+00   1.19987348E+00   1.19731249E+00   1.19438703E+00   1.19101648E+00   1.18717486E+00   1.18287039E+00   1.17840134E+00   1.17337723E+00   1.16819675E+00   1.16252775E+00   1.15685313E+00   1.15068963E+00   1.14454330E+00   1.13788994E+00   1.13126000E+00   1.12420663E+00   1.11731801E+00   1.10995775E+00   1.10273114E+00   1.09513534E+00   1.08780725E+00   1.08001493E+00   1.07200544E+00   1.06363255E+00   1.05489258E+00   1.04570034E+00   1.03615894E+00   1.02620338E+00   1.01437497E+00   1.00000000E+00
   1.17331923E+00   1.17331895E+00   1.17331844E+00   1.17331820E+00   1.17331810E+00   1.17331813E+00   1.17331825E+00   1.17331846E+00   1.17331874E+00   1.17331909E+00   1.17331949E+00   1.17331991E+00   1.17332038E+00   1.17332090E+00   1.17332146E+00   1.17332207E+00   1.17332276E+00   1.17332356E+00   1.17332450E+00   1.17332563E+00   1.17332696E+00   1.17332854E+00   1.17333038E+00   1.17333256E+00   1.17333516E+00   1.17333823E+00   1.17334185E+00   1.17334617E+00   1.17335126E+00   1.17335720E+00   1.17336403E+00   1.17337195E+00   1.17338123E+00   1.17339203E+00   1.17340433E+00   1.17341843E+00   1.17343455E+00   1.17345296E+00   1.17347382E+00   1.17349765E+00   1.17352467E+00   1.17355510E+00   1.17358897E+00   1.17362678E+00   1.17366923E+00   1.17371666E+00   1.17376888E+00   1.17382644E+00   1.17388974E+00   1.17395923E+00   1.17403498E+00   1.17411770E+00   1.17420770E+00   1.17430455E+00   1.17440757E+00   1.17451661E+00   1.17463254E+00   1.17475456E+00   1.17488110E+00   1.17501170E+00   1.17514588E+00   1.17528121E+00   1.17541409E+00   1.17554080E+00   1.17566170E+00   1.17577433E+00   1.17587096E+00   1.17594230E+00   1.17598416E+00   1.17598616E+00   1.17594416E+00   1.17584624E+00   1.17567844E+00   1.17542419E+00   1.17507738E+00   1.17461922E+00   1.17402906E+00   1.17328066E+00   1.17236635E+00   1.17126058E+00   1.16992646E+00   1.16832030E+00   1.16644166E+00   1.16425356E+00   1.16169223E+00   1.15873188E+00   1.15536730E+00   1.15182558E+00   1.14780645E+00   1.14362860E+00   1.13901491E+00   1.13435427E+00   1.12925507E+00   1.12413705E+00   1.11857171E+00   1.11300442E+00   1.10704966E+00   1.10120425E+00   1.09494095E+00   1.08877440E+00   1.08226853E+00   1.07597076E+00   1.06926511E+00   1.06237206E+00   1.05515687E+00   1.04760723E+00   1.03964374E+00   1.03137325E+00   1.02278013E+00   1.01254764E+00   1.00000000E+00
   1.15031024E+00   1.15030982E+00   1.15030903E+00   1.15030863E+00   1.15030843E+00   1.15030840E+00   1.15030854E+00   1.15030880E+00   1.15030917E+00   1.15030962E+00   1.15031012E+00   1.15031065E+00   1.15031120E+00   1.15031179E+00   1.15031238E+00   1.15031297E+00   1.15031360E+00   1.15031428E+00   1.15031503E+00   1.15031590E+00   1.15031689E+00   1.15031803E+00   1.15031933E+00   1.15032086E+00   1.15032268E+00   1.15032484E+00   1.15032740E+00   1.15033050E+00   1.15033420E+00   1.15033856E+00   1.15034359E+00   1.15034951E+00   1.15035654E+00   1.15036482E+00   1.15037435E+00   1.15038540E+00   1.15039816E+00   1.15041291E+00   1.15042979E+00   1.15044930E+00   1.15047167E+00   1.15049710E+00   1.15052565E+00   1.15055785E+00   1.15059437E+00   1.15063560E+00   1.15068141E+00   1.15073244E+00   1.15078913E+00   1.15085203E+00   1.15092130E+00   1.15099782E+00   1.15108198E+00   1.15117368E+00   1.15127244E+00   1.15137858E+00   1.15149302E+00   1.15161541E+00   1.15174466E+00   1.15188100E+00   1.15202412E+00   1.15217235E+00   1.15232296E+00   1.15247350E+00   1.15262447E+00   1.15277414E+00   1.15291615E+00   1.15304339E+00   1.15315245E+00   1.15323469E+00   1.15328656E+00   1.15329804E+00   1.15325754E+00   1.15315118E+00   1.15297291E+00   1.15270620E+00   1.15233331E+00   1.15183136E+00   1.15119222E+00   1.15039168E+00   1.14939829E+00   1.14817446E+00   1.14671542E+00   1.14498443E+00   1.14292819E+00   1.14052109E+00   1.13775058E+00   1.13479934E+00   1.13142270E+00   1.12788695E+00   1.12395150E+00   1.11994539E+00   1.11553565E+00   1.11108521E+00   1.10622624E+00   1.10134780E+00   1.09610592E+00   1.09093829E+00   1.08538710E+00   1.07990741E+00   1.07410741E+00   1.06847702E+00   1.06247467E+00   1.05630033E+00   1.04982556E+00   1.04303302E+00   1.03585035E+00   1.02838767E+00   1.02065446E+00   1.01141520E+00   1.00000000E+00
   1.14155824E+00   1.14155775E+00   1.14155682E+00   1.14155634E+00   1.14155610E+00   1.14155607E+00   1.14155622E+00   1.14155653E+00   1.14155696E+00   1.14155748E+00   1.14155805E+00   1.14155865E+00   1.14155929E+00   1.14155994E+00   1.14156058E+00   1.14156121E+00   1.14156185E+00   1.14156253E+00   1.14156325E+00   1.14156407E+00   1.14156497E+00   1.14156599E+00   1.14156712E+00   1.14156846E+00   1.14157003E+00   1.14157190E+00   1.14157411E+00   1.14157679E+00   1.14158001E+00   1.14158383E+00   1.14158824E+00   1.14159344E+00   1.14159967E+00   1.14160706E+00   1.14161559E+00   1.14162553E+00   1.14163707E+00   1.14165047E+00   1.14166587E+00   1.14168378E+00   1.14170439E+00   1.14172794E+00   1.14175446E+00   1.14178450E+00   1.14181872E+00   1.14185751E+00   1.14190078E+00   1.14194919E+00   1.14200318E+00   1.14206333E+00   1.14212985E+00   1.14220366E+00   1.14228519E+00   1.14237441E+00   1.14247096E+00   1.14257528E+00   1.14268835E+00   1.14280992E+00   1.14293911E+00   1.14307639E+00   1.14322151E+00   1.14337308E+00   1.14352864E+00   1.14368627E+00   1.14384651E+00   1.14400789E+00   1.14416456E+00   1.14431024E+00   1.14444179E+00   1.14455127E+00   1.14463536E+00   1.14468480E+00   1.14468889E+00   1.14463488E+00   1.14451675E+00   1.14431891E+00   1.14402474E+00   1.14361279E+00   1.14307482E+00   1.14238724E+00   1.14152066E+00   1.14043989E+00   1.13913871E+00   1.13758057E+00   1.13571602E+00   1.13351965E+00   1.13097651E+00   1.12825226E+00   1.12512301E+00   1.12183471E+00   1.11816126E+00   1.11440865E+00   1.11026638E+00   1.10607516E+00   1.10149028E+00   1.09687881E+00   1.09191337E+00   1.08700867E+00   1.08173336E+00   1.07651939E+00   1.07099234E+00   1.06561986E+00   1.05988884E+00   1.05399080E+00   1.04779971E+00   1.04129642E+00   1.03441177E+00   1.02725718E+00   1.01985074E+00   1.01098694E+00   1.00000000E+00
   1.27260969E+00   1.27260981E+00   1.27261014E+00   1.27261060E+00   1.27261118E+00   1.27261183E+00   1.27261258E+00   1.27261343E+00   1.27261441E+00   1.27261555E+00   1.27261686E+00   1.27261839E+00   1.27262017E+00   1.27262227E+00   1.27262470E+00   1.27262753E+00   1.27263082E+00   1.27263465E+00   1.27263908E+00   1.27264420E+00   1.27265009E+00   1.27265685E+00   1.27266453E+00   1.27267329E+00   1.27268322E+00   1.27269445E+00   1.27270709E+00   1.27272136E+00   1.27273736E+00   1.27275524E+00   1.27277511E+00   1.27279722E+00   1.27282178E+00   1.27284899E+00   1.27287888E+00   1.27291174E+00   1.27294775E+00   1.27298708E+00   1.27302987E+00   1.27307643E+00   1.27312688E+00   1.27318120E+00   1.27323931E+00   1.27330124E+00   1.27336728E+00   1.27343725E+00   1.27351053E+00   1.27358678E+00   1.27366582E+00   1.27374695E+00   1.27382947E+00   1.27391240E+00   1.27399507E+00   1.27407507E+00   1.27415035E+00   1.27421788E+00   1.27427691E+00   1.27432369E+00   1.27435420E+00   1.27436381E+00   1.27434983E+00   1.27430538E+00   1.27422329E+00   1.27409362E+00   1.27391387E+00   1.27367622E+00   1.27336802E+00   1.27297124E+00   1.27247777E+00   1.27186956E+00   1.27113902E+00   1.27026611E+00   1.26922944E+00   1.26800321E+00   1.26657978E+00   1.26493203E+00   1.26303120E+00   1.26084160E+00   1.25835484E+00   1.25554086E+00   1.25235047E+00   1.24872342E+00   1.24466932E+00   1.24015253E+00   1.23508408E+00   1.22945032E+00   1.22326129E+00   1.21695605E+00   1.20999696E+00   1.20294248E+00   1.19533396E+00   1.18782449E+00   1.17977091E+00   1.17183490E+00   1.16333355E+00   1.15494604E+00   1.14610636E+00   1.13755019E+00   1.12847838E+00   1.11964299E+00   1.11042752E+00   1.10160212E+00   1.09228009E+00   1.08275649E+00   1.07285808E+00   1.06258759E+00   1.05186195E+00   1.04081946E+00   1.02938849E+00   1.01600451E+00   1.00000000E+00
   1.20720613E+00   1.20720603E+00   1.20720589E+00   1.20720590E+00   1.20720599E+00   1.20720615E+00   1.20720637E+00   1.20720667E+00   1.20720703E+00   1.20720747E+00   1.20720798E+00   1.20720859E+00   1.20720930E+00   1.20721016E+00   1.20721116E+00   1.20721233E+00   1.20721372E+00   1.20721537E+00   1.20721733E+00   1.20721966E+00   1.20722240E+00   1.20722562E+00   1.20722936E+00   1.20723373E+00   1.20723880E+00   1.20724468E+00   1.20725145E+00   1.20725930E+00   1.20726830E+00   1.20727860E+00   1.20729025E+00   1.20730351E+00   1.20731860E+00   1.20733572E+00   1.20735490E+00   1.20737646E+00   1.20740060E+00   1.20742760E+00   1.20745762E+00   1.20749109E+00   1.20752821E+00   1.20756917E+00   1.20761401E+00   1.20766307E+00   1.20771685E+00   1.20777554E+00   1.20783885E+00   1.20790703E+00   1.20798024E+00   1.20805852E+00   1.20814164E+00   1.20822960E+00   1.20832230E+00   1.20841862E+00   1.20851746E+00   1.20861754E+00   1.20871889E+00   1.20881952E+00   1.20891696E+00   1.20900894E+00   1.20909386E+00   1.20916744E+00   1.20922495E+00   1.20926018E+00   1.20927150E+00   1.20925350E+00   1.20919705E+00   1.20908968E+00   1.20892546E+00   1.20869062E+00   1.20837880E+00   1.20797442E+00   1.20746137E+00   1.20681939E+00   1.20604028E+00   1.20510125E+00   1.20397978E+00   1.20264637E+00   1.20109053E+00   1.19928346E+00   1.19718770E+00   1.19475622E+00   1.19198705E+00   1.18884270E+00   1.18525917E+00   1.18121997E+00   1.17671487E+00   1.17205612E+00   1.16686424E+00   1.16155913E+00   1.15578040E+00   1.15001781E+00   1.14378700E+00   1.13760340E+00   1.13095008E+00   1.12436441E+00   1.11738239E+00   1.11058539E+00   1.10336207E+00   1.09631250E+00   1.08892966E+00   1.08183187E+00   1.07432997E+00   1.06667987E+00   1.05872559E+00   1.05045528E+00   1.04179754E+00   1.03289259E+00   1.02373823E+00   1.01300017E+00   1.00000000E+00
   1.17516655E+00   1.17516633E+00   1.17516592E+00   1.17516573E+00   1.17516565E+00   1.17516568E+00   1.17516579E+00   1.17516599E+00   1.17516627E+00   1.17516661E+00   1.17516702E+00   1.17516749E+00   1.17516802E+00   1.17516864E+00   1.17516934E+00   1.17517014E+00   1.17517108E+00   1.17517217E+00   1.17517346E+00   1.17517500E+00   1.17517681E+00   1.17517895E+00   1.17518145E+00   1.17518439E+00   1.17518784E+00   1.17519189E+00   1.17519661E+00   1.17520215E+00   1.17520860E+00   1.17521606E+00   1.17522459E+00   1.17523442E+00   1.17524575E+00   1.17525878E+00   1.17527353E+00   1.17529032E+00   1.17530933E+00   1.17533086E+00   1.17535507E+00   1.17538240E+00   1.17541307E+00   1.17544733E+00   1.17548526E+00   1.17552729E+00   1.17557394E+00   1.17562552E+00   1.17568191E+00   1.17574353E+00   1.17581065E+00   1.17588359E+00   1.17596230E+00   1.17604713E+00   1.17613820E+00   1.17623494E+00   1.17633670E+00   1.17644289E+00   1.17655381E+00   1.17666823E+00   1.17678448E+00   1.17690132E+00   1.17701758E+00   1.17713024E+00   1.17723579E+00   1.17732983E+00   1.17741110E+00   1.17747548E+00   1.17751566E+00   1.17752210E+00   1.17748998E+00   1.17740786E+00   1.17727009E+00   1.17706365E+00   1.17677544E+00   1.17638825E+00   1.17589388E+00   1.17527231E+00   1.17450457E+00   1.17356465E+00   1.17244146E+00   1.17110775E+00   1.16953245E+00   1.16767495E+00   1.16552771E+00   1.16305367E+00   1.16020169E+00   1.15695307E+00   1.15328836E+00   1.14945803E+00   1.14516009E+00   1.14074119E+00   1.13589218E+00   1.13102140E+00   1.12572518E+00   1.12044253E+00   1.11473943E+00   1.10907758E+00   1.10304836E+00   1.09715500E+00   1.09088020E+00   1.08474386E+00   1.07829672E+00   1.07208132E+00   1.06550907E+00   1.05880835E+00   1.05182897E+00   1.04455331E+00   1.03692305E+00   1.02908125E+00   1.02104704E+00   1.01157708E+00   1.00000000E+00
   1.15523216E+00   1.15523183E+00   1.15523122E+00   1.15523090E+00   1.15523071E+00   1.15523067E+00   1.15523076E+00   1.15523096E+00   1.15523125E+00   1.15523163E+00   1.15523206E+00   1.15523254E+00   1.15523308E+00   1.15523368E+00   1.15523432E+00   1.15523503E+00   1.15523582E+00   1.15523673E+00   1.15523776E+00   1.15523898E+00   1.15524040E+00   1.15524206E+00   1.15524398E+00   1.15524625E+00   1.15524893E+00   1.15525208E+00   1.15525577E+00   1.15526014E+00   1.15526527E+00   1.15527125E+00   1.15527813E+00   1.15528612E+00   1.15529542E+00   1.15530620E+00   1.15531851E+00   1.15533262E+00   1.15534874E+00   1.15536713E+00   1.15538798E+00   1.15541171E+00   1.15543855E+00   1.15546876E+00   1.15550246E+00   1.15554011E+00   1.15558223E+00   1.15562918E+00   1.15568092E+00   1.15573799E+00   1.15580068E+00   1.15586944E+00   1.15594436E+00   1.15602594E+00   1.15611442E+00   1.15620955E+00   1.15631090E+00   1.15641831E+00   1.15653217E+00   1.15665172E+00   1.15677573E+00   1.15690361E+00   1.15703441E+00   1.15716584E+00   1.15729515E+00   1.15741903E+00   1.15753648E+00   1.15764419E+00   1.15773599E+00   1.15780413E+00   1.15784450E+00   1.15784721E+00   1.15780713E+00   1.15771293E+00   1.15755340E+00   1.15731347E+00   1.15698508E+00   1.15655013E+00   1.15599192E+00   1.15528695E+00   1.15442396E+00   1.15337704E+00   1.15211902E+00   1.15061337E+00   1.14884961E+00   1.14679134E+00   1.14439501E+00   1.14164062E+00   1.13850418E+00   1.13519741E+00   1.13146543E+00   1.12760785E+00   1.12334938E+00   1.11904697E+00   1.11434776E+00   1.10964124E+00   1.10454510E+00   1.09947219E+00   1.09405090E+00   1.08873448E+00   1.08306412E+00   1.07750841E+00   1.07165595E+00   1.06600118E+00   1.06001829E+00   1.05391632E+00   1.04754899E+00   1.04089581E+00   1.03390805E+00   1.02673044E+00   1.01939226E+00   1.01070254E+00   1.00000000E+00
   1.14770171E+00   1.14770133E+00   1.14770061E+00   1.14770023E+00   1.14770000E+00   1.14769994E+00   1.14770003E+00   1.14770024E+00   1.14770056E+00   1.14770097E+00   1.14770144E+00   1.14770195E+00   1.14770252E+00   1.14770313E+00   1.14770379E+00   1.14770449E+00   1.14770526E+00   1.14770612E+00   1.14770709E+00   1.14770822E+00   1.14770953E+00   1.14771103E+00   1.14771278E+00   1.14771483E+00   1.14771724E+00   1.14772009E+00   1.14772343E+00   1.14772740E+00   1.14773207E+00   1.14773753E+00   1.14774383E+00   1.14775117E+00   1.14775975E+00   1.14776972E+00   1.14778114E+00   1.14779429E+00   1.14780934E+00   1.14782659E+00   1.14784619E+00   1.14786858E+00   1.14789399E+00   1.14792269E+00   1.14795478E+00   1.14799076E+00   1.14803114E+00   1.14807628E+00   1.14812619E+00   1.14818144E+00   1.14824233E+00   1.14830935E+00   1.14838262E+00   1.14846273E+00   1.14854994E+00   1.14864411E+00   1.14874489E+00   1.14885227E+00   1.14896669E+00   1.14908752E+00   1.14921372E+00   1.14934492E+00   1.14948028E+00   1.14961775E+00   1.14975486E+00   1.14988872E+00   1.15001843E+00   1.15014098E+00   1.15025063E+00   1.15034030E+00   1.15040615E+00   1.15043889E+00   1.15043362E+00   1.15037964E+00   1.15026650E+00   1.15007994E+00   1.14981204E+00   1.14944545E+00   1.14896432E+00   1.14834618E+00   1.14757980E+00   1.14663981E+00   1.14550048E+00   1.14412689E+00   1.14250758E+00   1.14060645E+00   1.13838265E+00   1.13581582E+00   1.13288055E+00   1.12977374E+00   1.12625800E+00   1.12261492E+00   1.11858247E+00   1.11449800E+00   1.11002792E+00   1.10554254E+00   1.10067911E+00   1.09583169E+00   1.09064325E+00   1.08554780E+00   1.08010853E+00   1.07477444E+00   1.06914890E+00   1.06370789E+00   1.05794922E+00   1.05207432E+00   1.04593858E+00   1.03952057E+00   1.03277531E+00   1.02584810E+00   1.01877157E+00   1.01037423E+00   1.00000000E+00
   1.25813728E+00   1.25813738E+00   1.25813765E+00   1.25813807E+00   1.25813860E+00   1.25813924E+00   1.25814000E+00   1.25814088E+00   1.25814190E+00   1.25814310E+00   1.25814449E+00   1.25814612E+00   1.25814801E+00   1.25815022E+00   1.25815277E+00   1.25815574E+00   1.25815917E+00   1.25816313E+00   1.25816769E+00   1.25817295E+00   1.25817896E+00   1.25818582E+00   1.25819359E+00   1.25820242E+00   1.25821239E+00   1.25822363E+00   1.25823625E+00   1.25825043E+00   1.25826628E+00   1.25828395E+00   1.25830353E+00   1.25832523E+00   1.25834927E+00   1.25837579E+00   1.25840485E+00   1.25843667E+00   1.25847140E+00   1.25850922E+00   1.25855018E+00   1.25859452E+00   1.25864231E+00   1.25869349E+00   1.25874794E+00   1.25880559E+00   1.25886662E+00   1.25893073E+00   1.25899729E+00   1.25906584E+00   1.25913605E+00   1.25920708E+00   1.25927808E+00   1.25934783E+00   1.25941545E+00   1.25947842E+00   1.25953469E+00   1.25958111E+00   1.25961654E+00   1.25963697E+00   1.25963836E+00   1.25961587E+00   1.25956635E+00   1.25948278E+00   1.25935840E+00   1.25918354E+00   1.25895457E+00   1.25866261E+00   1.25829614E+00   1.25783843E+00   1.25728131E+00   1.25660715E+00   1.25580782E+00   1.25486362E+00   1.25375515E+00   1.25245844E+00   1.25096438E+00   1.24924645E+00   1.24727900E+00   1.24502969E+00   1.24248742E+00   1.23962161E+00   1.23639124E+00   1.23274530E+00   1.22868631E+00   1.22417812E+00   1.21914835E+00   1.21359379E+00   1.20750871E+00   1.20132196E+00   1.19452887E+00   1.18768452E+00   1.18032582E+00   1.17307953E+00   1.16532982E+00   1.15771820E+00   1.14959778E+00   1.14162637E+00   1.13324871E+00   1.12515943E+00   1.11661627E+00   1.10833547E+00   1.09972584E+00   1.09150427E+00   1.08285696E+00   1.07408152E+00   1.06501365E+00   1.05564783E+00   1.04590230E+00   1.03593693E+00   1.02577878E+00   1.01403914E+00   1.00000000E+00
   1.20163556E+00   1.20163548E+00   1.20163537E+00   1.20163542E+00   1.20163555E+00   1.20163576E+00   1.20163605E+00   1.20163643E+00   1.20163690E+00   1.20163748E+00   1.20163815E+00   1.20163895E+00   1.20163989E+00   1.20164101E+00   1.20164230E+00   1.20164382E+00   1.20164560E+00   1.20164769E+00   1.20165013E+00   1.20165299E+00   1.20165632E+00   1.20166018E+00   1.20166462E+00   1.20166976E+00   1.20167567E+00   1.20168245E+00   1.20169019E+00   1.20169907E+00   1.20170916E+00   1.20172062E+00   1.20173351E+00   1.20174807E+00   1.20176448E+00   1.20178295E+00   1.20180352E+00   1.20182647E+00   1.20185198E+00   1.20188031E+00   1.20191158E+00   1.20194613E+00   1.20198414E+00   1.20202574E+00   1.20207098E+00   1.20212007E+00   1.20217336E+00   1.20223093E+00   1.20229249E+00   1.20235810E+00   1.20242777E+00   1.20250133E+00   1.20257843E+00   1.20265869E+00   1.20274181E+00   1.20282643E+00   1.20291144E+00   1.20299516E+00   1.20307714E+00   1.20315498E+00   1.20322610E+00   1.20328767E+00   1.20333754E+00   1.20337099E+00   1.20338346E+00   1.20336836E+00   1.20332295E+00   1.20324065E+00   1.20311297E+00   1.20292780E+00   1.20267885E+00   1.20235215E+00   1.20194049E+00   1.20142816E+00   1.20080038E+00   1.20003742E+00   1.19912981E+00   1.19805499E+00   1.19679269E+00   1.19531513E+00   1.19360987E+00   1.19164825E+00   1.18939896E+00   1.18682022E+00   1.18390494E+00   1.18061708E+00   1.17690531E+00   1.17276060E+00   1.16816101E+00   1.16342691E+00   1.15819120E+00   1.15288248E+00   1.14712542E+00   1.14140626E+00   1.13524913E+00   1.12916647E+00   1.12265597E+00   1.11624818E+00   1.10947739E+00   1.10290718E+00   1.09595838E+00   1.08921153E+00   1.08216835E+00   1.07541875E+00   1.06832227E+00   1.06113318E+00   1.05369105E+00   1.04598014E+00   1.03794428E+00   1.02974483E+00   1.02143177E+00   1.01175476E+00   1.00000000E+00
   1.17424532E+00   1.17424514E+00   1.17424483E+00   1.17424471E+00   1.17424469E+00   1.17424477E+00   1.17424495E+00   1.17424521E+00   1.17424557E+00   1.17424602E+00   1.17424655E+00   1.17424718E+00   1.17424791E+00   1.17424877E+00   1.17424975E+00   1.17425089E+00   1.17425221E+00   1.17425377E+00   1.17425557E+00   1.17425770E+00   1.17426017E+00   1.17426305E+00   1.17426639E+00   1.17427026E+00   1.17427475E+00   1.17427995E+00   1.17428592E+00   1.17429283E+00   1.17430076E+00   1.17430983E+00   1.17432012E+00   1.17433184E+00   1.17434518E+00   1.17436033E+00   1.17437734E+00   1.17439651E+00   1.17441799E+00   1.17444208E+00   1.17446891E+00   1.17449885E+00   1.17453209E+00   1.17456886E+00   1.17460924E+00   1.17465354E+00   1.17470215E+00   1.17475528E+00   1.17481280E+00   1.17487497E+00   1.17494189E+00   1.17501368E+00   1.17509018E+00   1.17517135E+00   1.17525710E+00   1.17534663E+00   1.17543921E+00   1.17553380E+00   1.17563020E+00   1.17572675E+00   1.17582158E+00   1.17591277E+00   1.17599861E+00   1.17607550E+00   1.17613993E+00   1.17618684E+00   1.17621389E+00   1.17621576E+00   1.17618547E+00   1.17611323E+00   1.17599377E+00   1.17581506E+00   1.17557052E+00   1.17524659E+00   1.17483098E+00   1.17430628E+00   1.17366317E+00   1.17288138E+00   1.17194352E+00   1.17082438E+00   1.16951125E+00   1.16797704E+00   1.16619523E+00   1.16412843E+00   1.16176545E+00   1.15907117E+00   1.15600405E+00   1.15255179E+00   1.14868615E+00   1.14467456E+00   1.14021533E+00   1.13567209E+00   1.13071572E+00   1.12576330E+00   1.12040829E+00   1.11509676E+00   1.10939690E+00   1.10377372E+00   1.09780993E+00   1.09200346E+00   1.08585419E+00   1.07987374E+00   1.07361276E+00   1.06759834E+00   1.06127477E+00   1.05487011E+00   1.04822629E+00   1.04132454E+00   1.03412414E+00   1.02678679E+00   1.01936757E+00   1.01067256E+00   1.00000000E+00
   1.15736211E+00   1.15736186E+00   1.15736140E+00   1.15736117E+00   1.15736106E+00   1.15736107E+00   1.15736120E+00   1.15736144E+00   1.15736178E+00   1.15736221E+00   1.15736272E+00   1.15736332E+00   1.15736401E+00   1.15736479E+00   1.15736568E+00   1.15736669E+00   1.15736784E+00   1.15736918E+00   1.15737072E+00   1.15737252E+00   1.15737461E+00   1.15737704E+00   1.15737984E+00   1.15738310E+00   1.15738689E+00   1.15739129E+00   1.15739636E+00   1.15740226E+00   1.15740906E+00   1.15741688E+00   1.15742579E+00   1.15743599E+00   1.15744767E+00   1.15746100E+00   1.15747606E+00   1.15749311E+00   1.15751234E+00   1.15753403E+00   1.15755831E+00   1.15758558E+00   1.15761604E+00   1.15764993E+00   1.15768737E+00   1.15772874E+00   1.15777441E+00   1.15782467E+00   1.15787948E+00   1.15793921E+00   1.15800400E+00   1.15807412E+00   1.15814952E+00   1.15823035E+00   1.15831665E+00   1.15840791E+00   1.15850363E+00   1.15860314E+00   1.15870636E+00   1.15881208E+00   1.15891883E+00   1.15902526E+00   1.15912991E+00   1.15922983E+00   1.15932216E+00   1.15940277E+00   1.15946959E+00   1.15951809E+00   1.15954221E+00   1.15953361E+00   1.15948761E+00   1.15939352E+00   1.15924517E+00   1.15903041E+00   1.15873846E+00   1.15835355E+00   1.15786655E+00   1.15725875E+00   1.15651450E+00   1.15561043E+00   1.15453387E+00   1.15325884E+00   1.15176167E+00   1.15000778E+00   1.14798390E+00   1.14565565E+00   1.14298704E+00   1.13996386E+00   1.13655512E+00   1.13299511E+00   1.12902140E+00   1.12495673E+00   1.12050215E+00   1.11603158E+00   1.11118139E+00   1.10635541E+00   1.10116511E+00   1.09603417E+00   1.09057714E+00   1.08525049E+00   1.07960231E+00   1.07410115E+00   1.06832944E+00   1.06277474E+00   1.05693314E+00   1.05101540E+00   1.04486589E+00   1.03846453E+00   1.03178038E+00   1.02497496E+00   1.01810520E+00   1.01001025E+00   1.00000000E+00
   1.15102939E+00   1.15102910E+00   1.15102857E+00   1.15102829E+00   1.15102814E+00   1.15102812E+00   1.15102824E+00   1.15102848E+00   1.15102883E+00   1.15102927E+00   1.15102979E+00   1.15103039E+00   1.15103108E+00   1.15103186E+00   1.15103273E+00   1.15103372E+00   1.15103483E+00   1.15103611E+00   1.15103758E+00   1.15103928E+00   1.15104125E+00   1.15104353E+00   1.15104616E+00   1.15104922E+00   1.15105277E+00   1.15105690E+00   1.15106167E+00   1.15106722E+00   1.15107363E+00   1.15108101E+00   1.15108944E+00   1.15109911E+00   1.15111020E+00   1.15112289E+00   1.15113724E+00   1.15115355E+00   1.15117197E+00   1.15119278E+00   1.15121615E+00   1.15124245E+00   1.15127188E+00   1.15130471E+00   1.15134108E+00   1.15138135E+00   1.15142592E+00   1.15147509E+00   1.15152885E+00   1.15158762E+00   1.15165155E+00   1.15172096E+00   1.15179584E+00   1.15187641E+00   1.15196275E+00   1.15205446E+00   1.15215111E+00   1.15225217E+00   1.15235763E+00   1.15246638E+00   1.15257716E+00   1.15268880E+00   1.15279993E+00   1.15290785E+00   1.15300993E+00   1.15310239E+00   1.15318327E+00   1.15324834E+00   1.15329187E+00   1.15330606E+00   1.15328647E+00   1.15322289E+00   1.15310938E+00   1.15293429E+00   1.15268741E+00   1.15235361E+00   1.15192390E+00   1.15138014E+00   1.15070734E+00   1.14988289E+00   1.14889417E+00   1.14771565E+00   1.14632468E+00   1.14468776E+00   1.14279101E+00   1.14060029E+00   1.13808156E+00   1.13521998E+00   1.13198380E+00   1.12859469E+00   1.12480470E+00   1.12092107E+00   1.11665659E+00   1.11236880E+00   1.10771021E+00   1.10306850E+00   1.09807134E+00   1.09312673E+00   1.08786161E+00   1.08271664E+00   1.07725786E+00   1.07193760E+00   1.06635056E+00   1.06096927E+00   1.05530905E+00   1.04957407E+00   1.04360990E+00   1.03739602E+00   1.03090514E+00   1.02429862E+00   1.01763391E+00   1.00976261E+00   1.00000000E+00
   1.24033500E+00   1.24033506E+00   1.24033527E+00   1.24033565E+00   1.24033615E+00   1.24033679E+00   1.24033756E+00   1.24033848E+00   1.24033956E+00   1.24034084E+00   1.24034232E+00   1.24034405E+00   1.24034605E+00   1.24034837E+00   1.24035103E+00   1.24035410E+00   1.24035762E+00   1.24036166E+00   1.24036627E+00   1.24037154E+00   1.24037752E+00   1.24038431E+00   1.24039195E+00   1.24040058E+00   1.24041026E+00   1.24042113E+00   1.24043325E+00   1.24044681E+00   1.24046188E+00   1.24047859E+00   1.24049701E+00   1.24051732E+00   1.24053968E+00   1.24056423E+00   1.24059097E+00   1.24062008E+00   1.24065165E+00   1.24068581E+00   1.24072256E+00   1.24076203E+00   1.24080423E+00   1.24084902E+00   1.24089623E+00   1.24094568E+00   1.24099742E+00   1.24105103E+00   1.24110583E+00   1.24116124E+00   1.24121679E+00   1.24127149E+00   1.24132440E+00   1.24137406E+00   1.24141946E+00   1.24145800E+00   1.24148764E+00   1.24150517E+00   1.24150920E+00   1.24149556E+00   1.24146034E+00   1.24139864E+00   1.24130710E+00   1.24117878E+00   1.24100738E+00   1.24078373E+00   1.24050358E+00   1.24015770E+00   1.23973579E+00   1.23922257E+00   1.23861009E+00   1.23788172E+00   1.23702926E+00   1.23603412E+00   1.23487895E+00   1.23354189E+00   1.23201326E+00   1.23026817E+00   1.22828403E+00   1.22603198E+00   1.22349983E+00   1.22065840E+00   1.21747357E+00   1.21390226E+00   1.20994257E+00   1.20556020E+00   1.20069670E+00   1.19535607E+00   1.18952180E+00   1.18360418E+00   1.17713722E+00   1.17065594E+00   1.16370734E+00   1.15687950E+00   1.14959647E+00   1.14246534E+00   1.13488527E+00   1.12747678E+00   1.11970990E+00   1.11222718E+00   1.10435299E+00   1.09675210E+00   1.08886989E+00   1.08136181E+00   1.07349565E+00   1.06555863E+00   1.05739410E+00   1.04899114E+00   1.04027724E+00   1.03142086E+00   1.02252238E+00   1.01231054E+00   1.00000000E+00
   1.19321144E+00   1.19321137E+00   1.19321130E+00   1.19321139E+00   1.19321157E+00   1.19321186E+00   1.19321226E+00   1.19321277E+00   1.19321340E+00   1.19321416E+00   1.19321506E+00   1.19321611E+00   1.19321734E+00   1.19321877E+00   1.19322042E+00   1.19322232E+00   1.19322453E+00   1.19322708E+00   1.19323001E+00   1.19323340E+00   1.19323728E+00   1.19324173E+00   1.19324680E+00   1.19325258E+00   1.19325914E+00   1.19326661E+00   1.19327504E+00   1.19328459E+00   1.19329534E+00   1.19330743E+00   1.19332092E+00   1.19333601E+00   1.19335286E+00   1.19337163E+00   1.19339237E+00   1.19341530E+00   1.19344057E+00   1.19346836E+00   1.19349877E+00   1.19353202E+00   1.19356825E+00   1.19360750E+00   1.19364978E+00   1.19369516E+00   1.19374383E+00   1.19379574E+00   1.19385055E+00   1.19390815E+00   1.19396835E+00   1.19403080E+00   1.19409497E+00   1.19416019E+00   1.19422596E+00   1.19429072E+00   1.19435327E+00   1.19441163E+00   1.19446497E+00   1.19451058E+00   1.19454583E+00   1.19456750E+00   1.19457308E+00   1.19455762E+00   1.19451672E+00   1.19444370E+00   1.19433510E+00   1.19418379E+00   1.19398198E+00   1.19371807E+00   1.19338575E+00   1.19297135E+00   1.19246739E+00   1.19185863E+00   1.19113170E+00   1.19026788E+00   1.18925727E+00   1.18807836E+00   1.18671315E+00   1.18513599E+00   1.18333383E+00   1.18127949E+00   1.17894678E+00   1.17629881E+00   1.17332571E+00   1.16999427E+00   1.16626331E+00   1.16212955E+00   1.15756362E+00   1.15288526E+00   1.14774432E+00   1.14256472E+00   1.13696933E+00   1.13142944E+00   1.12548776E+00   1.11964093E+00   1.11340984E+00   1.10730547E+00   1.10087334E+00   1.09464879E+00   1.08809197E+00   1.08175202E+00   1.07515026E+00   1.06884008E+00   1.06223479E+00   1.05557873E+00   1.04871106E+00   1.04161601E+00   1.03425128E+00   1.02678265E+00   1.01930917E+00   1.01063911E+00   1.00000000E+00
   1.17062236E+00   1.17062223E+00   1.17062201E+00   1.17062198E+00   1.17062204E+00   1.17062222E+00   1.17062251E+00   1.17062291E+00   1.17062343E+00   1.17062407E+00   1.17062482E+00   1.17062571E+00   1.17062674E+00   1.17062793E+00   1.17062930E+00   1.17063088E+00   1.17063270E+00   1.17063480E+00   1.17063720E+00   1.17063999E+00   1.17064318E+00   1.17064684E+00   1.17065102E+00   1.17065581E+00   1.17066127E+00   1.17066751E+00   1.17067458E+00   1.17068264E+00   1.17069176E+00   1.17070207E+00   1.17071365E+00   1.17072668E+00   1.17074132E+00   1.17075773E+00   1.17077598E+00   1.17079632E+00   1.17081887E+00   1.17084387E+00   1.17087143E+00   1.17090181E+00   1.17093517E+00   1.17097164E+00   1.17101129E+00   1.17105430E+00   1.17110089E+00   1.17115113E+00   1.17120487E+00   1.17126217E+00   1.17132294E+00   1.17138708E+00   1.17145428E+00   1.17152417E+00   1.17159645E+00   1.17167005E+00   1.17174414E+00   1.17181728E+00   1.17188886E+00   1.17195684E+00   1.17201921E+00   1.17207351E+00   1.17211763E+00   1.17214758E+00   1.17215985E+00   1.17214898E+00   1.17211190E+00   1.17204260E+00   1.17193448E+00   1.17177778E+00   1.17156698E+00   1.17129007E+00   1.17094002E+00   1.17050333E+00   1.16996862E+00   1.16931890E+00   1.16854448E+00   1.16762566E+00   1.16654669E+00   1.16528376E+00   1.16382376E+00   1.16214082E+00   1.16021230E+00   1.15800429E+00   1.15550388E+00   1.15267878E+00   1.14949516E+00   1.14594610E+00   1.14199808E+00   1.13792669E+00   1.13343533E+00   1.12889267E+00   1.12396139E+00   1.11905610E+00   1.11377674E+00   1.10856446E+00   1.10299803E+00   1.09753395E+00   1.09175823E+00   1.08615310E+00   1.08024258E+00   1.07451918E+00   1.06854408E+00   1.06282052E+00   1.05683047E+00   1.05079501E+00   1.04455360E+00   1.03808958E+00   1.03137544E+00   1.02457490E+00   1.01778428E+00   1.00984569E+00   1.00000000E+00
   1.15682783E+00   1.15682765E+00   1.15682733E+00   1.15682721E+00   1.15682720E+00   1.15682732E+00   1.15682756E+00   1.15682793E+00   1.15682842E+00   1.15682903E+00   1.15682975E+00   1.15683059E+00   1.15683156E+00   1.15683268E+00   1.15683395E+00   1.15683541E+00   1.15683707E+00   1.15683898E+00   1.15684116E+00   1.15684368E+00   1.15684656E+00   1.15684985E+00   1.15685361E+00   1.15685792E+00   1.15686284E+00   1.15686847E+00   1.15687487E+00   1.15688217E+00   1.15689046E+00   1.15689986E+00   1.15691045E+00   1.15692240E+00   1.15693587E+00   1.15695103E+00   1.15696796E+00   1.15698689E+00   1.15700797E+00   1.15703144E+00   1.15705743E+00   1.15708621E+00   1.15711796E+00   1.15715285E+00   1.15719099E+00   1.15723260E+00   1.15727792E+00   1.15732712E+00   1.15738010E+00   1.15743704E+00   1.15749791E+00   1.15756276E+00   1.15763137E+00   1.15770356E+00   1.15777915E+00   1.15785734E+00   1.15793750E+00   1.15801852E+00   1.15809991E+00   1.15818002E+00   1.15825720E+00   1.15832947E+00   1.15839494E+00   1.15845019E+00   1.15849225E+00   1.15851637E+00   1.15851979E+00   1.15849715E+00   1.15844260E+00   1.15834747E+00   1.15820677E+00   1.15800951E+00   1.15774903E+00   1.15741293E+00   1.15699101E+00   1.15646748E+00   1.15583284E+00   1.15506860E+00   1.15416035E+00   1.15308556E+00   1.15183125E+00   1.15037242E+00   1.14868847E+00   1.14674736E+00   1.14453476E+00   1.14201902E+00   1.13917025E+00   1.13597950E+00   1.13241164E+00   1.12871489E+00   1.12462433E+00   1.12047451E+00   1.11595379E+00   1.11144175E+00   1.10657327E+00   1.10175473E+00   1.09659994E+00   1.09153176E+00   1.08616241E+00   1.08094094E+00   1.07542974E+00   1.07008661E+00   1.06449838E+00   1.05913698E+00   1.05352555E+00   1.04787058E+00   1.04201294E+00   1.03593567E+00   1.02961998E+00   1.02322801E+00   1.01685411E+00   1.00936077E+00   1.00000000E+00
   1.15169031E+00   1.15169011E+00   1.15168973E+00   1.15168958E+00   1.15168954E+00   1.15168964E+00   1.15168987E+00   1.15169023E+00   1.15169072E+00   1.15169132E+00   1.15169204E+00   1.15169288E+00   1.15169385E+00   1.15169495E+00   1.15169621E+00   1.15169764E+00   1.15169926E+00   1.15170112E+00   1.15170324E+00   1.15170567E+00   1.15170845E+00   1.15171164E+00   1.15171526E+00   1.15171942E+00   1.15172416E+00   1.15172959E+00   1.15173576E+00   1.15174281E+00   1.15175082E+00   1.15175992E+00   1.15177017E+00   1.15178175E+00   1.15179482E+00   1.15180956E+00   1.15182603E+00   1.15184448E+00   1.15186506E+00   1.15188800E+00   1.15191343E+00   1.15194166E+00   1.15197285E+00   1.15200719E+00   1.15204480E+00   1.15208591E+00   1.15213079E+00   1.15217961E+00   1.15223232E+00   1.15228913E+00   1.15235003E+00   1.15241511E+00   1.15248421E+00   1.15255719E+00   1.15263394E+00   1.15271374E+00   1.15279603E+00   1.15287983E+00   1.15296469E+00   1.15304909E+00   1.15313152E+00   1.15321017E+00   1.15328326E+00   1.15334753E+00   1.15340023E+00   1.15343690E+00   1.15345486E+00   1.15344902E+00   1.15341377E+00   1.15334089E+00   1.15322555E+00   1.15305716E+00   1.15282924E+00   1.15252977E+00   1.15214898E+00   1.15167157E+00   1.15108815E+00   1.15038068E+00   1.14953521E+00   1.14852977E+00   1.14735144E+00   1.14597556E+00   1.14438225E+00   1.14254021E+00   1.14043468E+00   1.13803422E+00   1.13531030E+00   1.13225328E+00   1.12882767E+00   1.12527133E+00   1.12133090E+00   1.11732823E+00   1.11296150E+00   1.10859712E+00   1.10388297E+00   1.09921234E+00   1.09421199E+00   1.08929219E+00   1.08407525E+00   1.07899768E+00   1.07363598E+00   1.06843508E+00   1.06299161E+00   1.05776568E+00   1.05229555E+00   1.04678228E+00   1.04106756E+00   1.03513432E+00   1.02896693E+00   1.02272686E+00   1.01650772E+00   1.00917980E+00   1.00000000E+00
   1.21899469E+00   1.21899472E+00   1.21899485E+00   1.21899515E+00   1.21899560E+00   1.21899620E+00   1.21899695E+00   1.21899785E+00   1.21899894E+00   1.21900022E+00   1.21900170E+00   1.21900342E+00   1.21900540E+00   1.21900767E+00   1.21901026E+00   1.21901321E+00   1.21901656E+00   1.21902037E+00   1.21902468E+00   1.21902955E+00   1.21903504E+00   1.21904121E+00   1.21904810E+00   1.21905581E+00   1.21906440E+00   1.21907397E+00   1.21908457E+00   1.21909633E+00   1.21910931E+00   1.21912359E+00   1.21913922E+00   1.21915632E+00   1.21917501E+00   1.21919536E+00   1.21921734E+00   1.21924106E+00   1.21926656E+00   1.21929387E+00   1.21932296E+00   1.21935382E+00   1.21938643E+00   1.21942053E+00   1.21945593E+00   1.21949232E+00   1.21952965E+00   1.21956739E+00   1.21960485E+00   1.21964134E+00   1.21967629E+00   1.21970864E+00   1.21973736E+00   1.21976093E+00   1.21977826E+00   1.21978679E+00   1.21978460E+00   1.21976855E+00   1.21973715E+00   1.21968631E+00   1.21961245E+00   1.21951083E+00   1.21937814E+00   1.21920787E+00   1.21899437E+00   1.21872925E+00   1.21840813E+00   1.21802206E+00   1.21756213E+00   1.21701484E+00   1.21637278E+00   1.21562086E+00   1.21475126E+00   1.21374710E+00   1.21259334E+00   1.21127057E+00   1.20976912E+00   1.20806654E+00   1.20614343E+00   1.20397448E+00   1.20154741E+00   1.19883555E+00   1.19581096E+00   1.19243753E+00   1.18871025E+00   1.18459789E+00   1.18005420E+00   1.17508727E+00   1.16967302E+00   1.16419202E+00   1.15822547E+00   1.15227066E+00   1.14589945E+00   1.13964811E+00   1.13299341E+00   1.12649323E+00   1.11960369E+00   1.11289308E+00   1.10586941E+00   1.09911307E+00   1.09202413E+00   1.08520278E+00   1.07814034E+00   1.07142435E+00   1.06441172E+00   1.05736856E+00   1.05014444E+00   1.04272705E+00   1.03505755E+00   1.02729764E+00   1.01960795E+00   1.01079725E+00   1.00000000E+00
   1.18195798E+00   1.18195792E+00   1.18195786E+00   1.18195798E+00   1.18195821E+00   1.18195856E+00   1.18195905E+00   1.18195967E+00   1.18196044E+00   1.18196135E+00   1.18196242E+00   1.18196367E+00   1.18196511E+00   1.18196677E+00   1.18196866E+00   1.18197082E+00   1.18197328E+00   1.18197608E+00   1.18197926E+00   1.18198288E+00   1.18198697E+00   1.18199160E+00   1.18199680E+00   1.18200267E+00   1.18200927E+00   1.18201667E+00   1.18202495E+00   1.18203422E+00   1.18204454E+00   1.18205603E+00   1.18206874E+00   1.18208281E+00   1.18209835E+00   1.18211549E+00   1.18213425E+00   1.18215479E+00   1.18217719E+00   1.18220156E+00   1.18222796E+00   1.18225649E+00   1.18228721E+00   1.18232007E+00   1.18235504E+00   1.18239203E+00   1.18243112E+00   1.18247209E+00   1.18251458E+00   1.18255829E+00   1.18260290E+00   1.18264786E+00   1.18269257E+00   1.18273610E+00   1.18277782E+00   1.18281605E+00   1.18284956E+00   1.18287620E+00   1.18289490E+00   1.18290281E+00   1.18289738E+00   1.18287522E+00   1.18283369E+00   1.18276787E+00   1.18267367E+00   1.18254460E+00   1.18237691E+00   1.18216341E+00   1.18189714E+00   1.18156738E+00   1.18116800E+00   1.18068624E+00   1.18011474E+00   1.17943924E+00   1.17864793E+00   1.17772357E+00   1.17665636E+00   1.17542648E+00   1.17401820E+00   1.17240829E+00   1.17058391E+00   1.16852004E+00   1.16619485E+00   1.16357607E+00   1.16065230E+00   1.15739357E+00   1.15376707E+00   1.14977334E+00   1.14537849E+00   1.14089151E+00   1.13598545E+00   1.13106635E+00   1.12576763E+00   1.12053447E+00   1.11493782E+00   1.10944666E+00   1.10361356E+00   1.09791888E+00   1.09193011E+00   1.08614560E+00   1.08007110E+00   1.07421529E+00   1.06812756E+00   1.06231874E+00   1.05626003E+00   1.05017947E+00   1.04391836E+00   1.03746441E+00   1.03078714E+00   1.02404149E+00   1.01737772E+00   1.00964756E+00   1.00000000E+00
   1.16442217E+00   1.16442207E+00   1.16442193E+00   1.16442197E+00   1.16442212E+00   1.16442239E+00   1.16442281E+00   1.16442335E+00   1.16442404E+00   1.16442486E+00   1.16442584E+00   1.16442697E+00   1.16442827E+00   1.16442977E+00   1.16443147E+00   1.16443340E+00   1.16443561E+00   1.16443811E+00   1.16444094E+00   1.16444417E+00   1.16444782E+00   1.16445195E+00   1.16445660E+00   1.16446185E+00   1.16446776E+00   1.16447441E+00   1.16448188E+00   1.16449026E+00   1.16449963E+00   1.16451010E+00   1.16452174E+00   1.16453467E+00   1.16454903E+00   1.16456495E+00   1.16458246E+00   1.16460176E+00   1.16462292E+00   1.16464612E+00   1.16467140E+00   1.16469893E+00   1.16472880E+00   1.16476106E+00   1.16479571E+00   1.16483278E+00   1.16487236E+00   1.16491440E+00   1.16495866E+00   1.16500500E+00   1.16505321E+00   1.16510297E+00   1.16515384E+00   1.16520517E+00   1.16525650E+00   1.16530655E+00   1.16535441E+00   1.16539838E+00   1.16543754E+00   1.16546962E+00   1.16549257E+00   1.16550359E+00   1.16550038E+00   1.16547877E+00   1.16543538E+00   1.16536463E+00   1.16526312E+00   1.16512454E+00   1.16494285E+00   1.16470863E+00   1.16441643E+00   1.16405469E+00   1.16361641E+00   1.16308863E+00   1.16246103E+00   1.16171757E+00   1.16084866E+00   1.15983579E+00   1.15866492E+00   1.15731401E+00   1.15577026E+00   1.15400960E+00   1.15201273E+00   1.14974920E+00   1.14720546E+00   1.14435227E+00   1.14116204E+00   1.13763180E+00   1.13372507E+00   1.12971618E+00   1.12531950E+00   1.12089711E+00   1.11611443E+00   1.11137304E+00   1.10628820E+00   1.10128536E+00   1.09596177E+00   1.09075554E+00   1.08526570E+00   1.07995038E+00   1.07436368E+00   1.06897096E+00   1.06335193E+00   1.05797997E+00   1.05237835E+00   1.04675626E+00   1.04095410E+00   1.03496011E+00   1.02875627E+00   1.02249385E+00   1.01631804E+00   1.00909986E+00   1.00000000E+00
   1.15381358E+00   1.15381346E+00   1.15381325E+00   1.15381323E+00   1.15381334E+00   1.15381358E+00   1.15381396E+00   1.15381449E+00   1.15381515E+00   1.15381596E+00   1.15381691E+00   1.15381801E+00   1.15381928E+00   1.15382073E+00   1.15382237E+00   1.15382423E+00   1.15382634E+00   1.15382873E+00   1.15383143E+00   1.15383450E+00   1.15383796E+00   1.15384187E+00   1.15384628E+00   1.15385125E+00   1.15385685E+00   1.15386317E+00   1.15387025E+00   1.15387822E+00   1.15388714E+00   1.15389712E+00   1.15390824E+00   1.15392064E+00   1.15393442E+00   1.15394974E+00   1.15396665E+00   1.15398534E+00   1.15400590E+00   1.15402851E+00   1.15405325E+00   1.15408031E+00   1.15410978E+00   1.15414177E+00   1.15417631E+00   1.15421348E+00   1.15425340E+00   1.15429607E+00   1.15434135E+00   1.15438920E+00   1.15443945E+00   1.15449190E+00   1.15454622E+00   1.15460191E+00   1.15465862E+00   1.15471531E+00   1.15477121E+00   1.15482490E+00   1.15487557E+00   1.15492126E+00   1.15496022E+00   1.15499001E+00   1.15500853E+00   1.15501206E+00   1.15499762E+00   1.15496019E+00   1.15489658E+00   1.15480106E+00   1.15466809E+00   1.15448908E+00   1.15425894E+00   1.15396692E+00   1.15360626E+00   1.15316483E+00   1.15263315E+00   1.15199602E+00   1.15124404E+00   1.15035954E+00   1.14932943E+00   1.14813255E+00   1.14675620E+00   1.14517696E+00   1.14337689E+00   1.14132674E+00   1.13901200E+00   1.13640386E+00   1.13347742E+00   1.13022781E+00   1.12661773E+00   1.12290019E+00   1.11881368E+00   1.11469368E+00   1.11022592E+00   1.10578531E+00   1.10101375E+00   1.09630996E+00   1.09129780E+00   1.08638979E+00   1.08120506E+00   1.07617691E+00   1.07088802E+00   1.06577770E+00   1.06044498E+00   1.05534002E+00   1.05001679E+00   1.04467308E+00   1.03914998E+00   1.03343605E+00   1.02752024E+00   1.02155151E+00   1.01567208E+00   1.00876497E+00   1.00000000E+00
   1.14989038E+00   1.14989023E+00   1.14988999E+00   1.14988996E+00   1.14989004E+00   1.14989027E+00   1.14989065E+00   1.14989117E+00   1.14989183E+00   1.14989264E+00   1.14989359E+00   1.14989470E+00   1.14989596E+00   1.14989741E+00   1.14989904E+00   1.14990089E+00   1.14990298E+00   1.14990535E+00   1.14990802E+00   1.14991104E+00   1.14991445E+00   1.14991830E+00   1.14992264E+00   1.14992753E+00   1.14993304E+00   1.14993925E+00   1.14994622E+00   1.14995406E+00   1.14996284E+00   1.14997268E+00   1.14998363E+00   1.14999586E+00   1.15000946E+00   1.15002459E+00   1.15004131E+00   1.15005982E+00   1.15008019E+00   1.15010262E+00   1.15012721E+00   1.15015412E+00   1.15018349E+00   1.15021541E+00   1.15024994E+00   1.15028718E+00   1.15032725E+00   1.15037018E+00   1.15041585E+00   1.15046427E+00   1.15051526E+00   1.15056870E+00   1.15062428E+00   1.15068155E+00   1.15074021E+00   1.15079928E+00   1.15085807E+00   1.15091524E+00   1.15097004E+00   1.15102061E+00   1.15106530E+00   1.15110182E+00   1.15112813E+00   1.15114067E+00   1.15113661E+00   1.15111114E+00   1.15106116E+00   1.15098113E+00   1.15086571E+00   1.15070660E+00   1.15049886E+00   1.15023203E+00   1.14989947E+00   1.14948934E+00   1.14899247E+00   1.14839400E+00   1.14768460E+00   1.14684693E+00   1.14586823E+00   1.14472770E+00   1.14341272E+00   1.14190010E+00   1.14017236E+00   1.13820074E+00   1.13597045E+00   1.13345282E+00   1.13062385E+00   1.12747804E+00   1.12397793E+00   1.12036856E+00   1.11639716E+00   1.11238938E+00   1.10803868E+00   1.10370999E+00   1.09905506E+00   1.09446262E+00   1.08956631E+00   1.08476914E+00   1.07969793E+00   1.07477665E+00   1.06959843E+00   1.06459297E+00   1.05936666E+00   1.05436093E+00   1.04914095E+00   1.04390030E+00   1.03848061E+00   1.03287053E+00   1.02706147E+00   1.02120151E+00   1.01543180E+00   1.00864007E+00   1.00000000E+00
   1.19393733E+00   1.19393730E+00   1.19393730E+00   1.19393747E+00   1.19393776E+00   1.19393818E+00   1.19393874E+00   1.19393945E+00   1.19394031E+00   1.19394133E+00   1.19394252E+00   1.19394389E+00   1.19394547E+00   1.19394726E+00   1.19394930E+00   1.19395159E+00   1.19395418E+00   1.19395710E+00   1.19396037E+00   1.19396404E+00   1.19396813E+00   1.19397270E+00   1.19397776E+00   1.19398338E+00   1.19398959E+00   1.19399646E+00   1.19400401E+00   1.19401232E+00   1.19402142E+00   1.19403135E+00   1.19404213E+00   1.19405381E+00   1.19406646E+00   1.19408010E+00   1.19409468E+00   1.19411022E+00   1.19412671E+00   1.19414413E+00   1.19416238E+00   1.19418139E+00   1.19420107E+00   1.19422114E+00   1.19424135E+00   1.19426137E+00   1.19428105E+00   1.19429984E+00   1.19431708E+00   1.19433208E+00   1.19434426E+00   1.19435255E+00   1.19435602E+00   1.19435318E+00   1.19434300E+00   1.19432319E+00   1.19429204E+00   1.19424675E+00   1.19418586E+00   1.19410569E+00   1.19400317E+00   1.19387406E+00   1.19371532E+00   1.19352127E+00   1.19328711E+00   1.19300561E+00   1.19267260E+00   1.19228000E+00   1.19182048E+00   1.19128264E+00   1.19065988E+00   1.18993912E+00   1.18911323E+00   1.18816748E+00   1.18708942E+00   1.18586224E+00   1.18447670E+00   1.18291321E+00   1.18115569E+00   1.17918223E+00   1.17698098E+00   1.17452824E+00   1.17180170E+00   1.16877117E+00   1.16542899E+00   1.16174727E+00   1.15769085E+00   1.15326838E+00   1.14845031E+00   1.14357527E+00   1.13828143E+00   1.13301109E+00   1.12737502E+00   1.12184538E+00   1.11596381E+00   1.11022498E+00   1.10415268E+00   1.09825021E+00   1.09207399E+00   1.08613443E+00   1.07991489E+00   1.07394111E+00   1.06775728E+00   1.06187896E+00   1.05575843E+00   1.04963208E+00   1.04335340E+00   1.03691380E+00   1.03027091E+00   1.02356383E+00   1.01700995E+00   1.00947515E+00   1.00000000E+00
   1.16794020E+00   1.16794014E+00   1.16794007E+00   1.16794015E+00   1.16794035E+00   1.16794068E+00   1.16794113E+00   1.16794172E+00   1.16794245E+00   1.16794332E+00   1.16794435E+00   1.16794553E+00   1.16794689E+00   1.16794844E+00   1.16795019E+00   1.16795217E+00   1.16795441E+00   1.16795693E+00   1.16795975E+00   1.16796294E+00   1.16796650E+00   1.16797049E+00   1.16797494E+00   1.16797990E+00   1.16798542E+00   1.16799156E+00   1.16799836E+00   1.16800591E+00   1.16801424E+00   1.16802342E+00   1.16803349E+00   1.16804453E+00   1.16805662E+00   1.16806982E+00   1.16808413E+00   1.16809964E+00   1.16811637E+00   1.16813437E+00   1.16815363E+00   1.16817417E+00   1.16819598E+00   1.16821895E+00   1.16824298E+00   1.16826790E+00   1.16829366E+00   1.16831996E+00   1.16834643E+00   1.16837265E+00   1.16839823E+00   1.16842251E+00   1.16844487E+00   1.16846427E+00   1.16848001E+00   1.16849045E+00   1.16849442E+00   1.16848980E+00   1.16847540E+00   1.16844847E+00   1.16840669E+00   1.16834676E+00   1.16826612E+00   1.16816018E+00   1.16802529E+00   1.16785550E+00   1.16764708E+00   1.16739321E+00   1.16708791E+00   1.16672161E+00   1.16628863E+00   1.16577748E+00   1.16518124E+00   1.16448701E+00   1.16368464E+00   1.16275860E+00   1.16169959E+00   1.16048975E+00   1.15911561E+00   1.15755637E+00   1.15579982E+00   1.15382332E+00   1.15160877E+00   1.14912797E+00   1.14636863E+00   1.14330385E+00   1.13990777E+00   1.13618252E+00   1.13209178E+00   1.12792380E+00   1.12338153E+00   1.11884101E+00   1.11395729E+00   1.10913965E+00   1.10399587E+00   1.09895720E+00   1.09361534E+00   1.08841144E+00   1.08294326E+00   1.07766581E+00   1.07213515E+00   1.06681340E+00   1.06128395E+00   1.05601137E+00   1.05052752E+00   1.04503963E+00   1.03939230E+00   1.03358007E+00   1.02758262E+00   1.02153038E+00   1.01563064E+00   1.00877004E+00   1.00000000E+00
   1.15580084E+00   1.15580077E+00   1.15580067E+00   1.15580073E+00   1.15580090E+00   1.15580120E+00   1.15580164E+00   1.15580222E+00   1.15580294E+00   1.15580380E+00   1.15580480E+00   1.15580596E+00   1.15580730E+00   1.15580881E+00   1.15581052E+00   1.15581245E+00   1.15581462E+00   1.15581707E+00   1.15581980E+00   1.15582288E+00   1.15582633E+00   1.15583019E+00   1.15583449E+00   1.15583929E+00   1.15584464E+00   1.15585061E+00   1.15585723E+00   1.15586458E+00   1.15587273E+00   1.15588174E+00   1.15589165E+00   1.15590257E+00   1.15591456E+00   1.15592772E+00   1.15594206E+00   1.15595769E+00   1.15597465E+00   1.15599303E+00   1.15601284E+00   1.15603413E+00   1.15605695E+00   1.15608124E+00   1.15610696E+00   1.15613402E+00   1.15616240E+00   1.15619192E+00   1.15622231E+00   1.15625328E+00   1.15628453E+00   1.15631556E+00   1.15634589E+00   1.15637468E+00   1.15640138E+00   1.15642463E+00   1.15644349E+00   1.15645616E+00   1.15646156E+00   1.15645737E+00   1.15644162E+00   1.15641140E+00   1.15636442E+00   1.15629660E+00   1.15620479E+00   1.15608361E+00   1.15592962E+00   1.15573661E+00   1.15549920E+00   1.15520868E+00   1.15485979E+00   1.15444187E+00   1.15394824E+00   1.15336682E+00   1.15268847E+00   1.15189839E+00   1.15098742E+00   1.14993856E+00   1.14873940E+00   1.14736987E+00   1.14581777E+00   1.14406107E+00   1.14208323E+00   1.13985705E+00   1.13736883E+00   1.13459213E+00   1.13150435E+00   1.12810485E+00   1.12435583E+00   1.12052136E+00   1.11633276E+00   1.11213522E+00   1.10760643E+00   1.10312598E+00   1.09833202E+00   1.09362560E+00   1.08862907E+00   1.08375466E+00   1.07862175E+00   1.07365844E+00   1.06845324E+00   1.06343903E+00   1.05821960E+00   1.05323468E+00   1.04805127E+00   1.04286316E+00   1.03751365E+00   1.03199853E+00   1.02630642E+00   1.02056379E+00   1.01497363E+00   1.00843253E+00   1.00000000E+00
   1.14852693E+00   1.14852684E+00   1.14852671E+00   1.14852675E+00   1.14852692E+00   1.14852722E+00   1.14852766E+00   1.14852824E+00   1.14852897E+00   1.14852984E+00   1.14853087E+00   1.14853205E+00   1.14853339E+00   1.14853492E+00   1.14853665E+00   1.14853858E+00   1.14854076E+00   1.14854321E+00   1.14854594E+00   1.14854900E+00   1.14855243E+00   1.14855626E+00   1.14856054E+00   1.14856531E+00   1.14857062E+00   1.14857655E+00   1.14858313E+00   1.14859044E+00   1.14859855E+00   1.14860753E+00   1.14861743E+00   1.14862835E+00   1.14864036E+00   1.14865357E+00   1.14866800E+00   1.14868378E+00   1.14870095E+00   1.14871962E+00   1.14873981E+00   1.14876161E+00   1.14878507E+00   1.14881018E+00   1.14883692E+00   1.14886525E+00   1.14889518E+00   1.14892657E+00   1.14895922E+00   1.14899293E+00   1.14902741E+00   1.14906229E+00   1.14909715E+00   1.14913127E+00   1.14916418E+00   1.14919469E+00   1.14922197E+00   1.14924442E+00   1.14926104E+00   1.14926973E+00   1.14926874E+00   1.14925539E+00   1.14922755E+00   1.14918144E+00   1.14911418E+00   1.14902078E+00   1.14889794E+00   1.14873984E+00   1.14854143E+00   1.14829453E+00   1.14799414E+00   1.14763012E+00   1.14719595E+00   1.14668007E+00   1.14607390E+00   1.14536314E+00   1.14453878E+00   1.14358433E+00   1.14248801E+00   1.14123022E+00   1.13979889E+00   1.13817234E+00   1.13633488E+00   1.13425995E+00   1.13193327E+00   1.12932865E+00   1.12642510E+00   1.12322051E+00   1.11967670E+00   1.11604302E+00   1.11206717E+00   1.10807594E+00   1.10376125E+00   1.09948462E+00   1.09490229E+00   1.09039704E+00   1.08560924E+00   1.08093384E+00   1.07600388E+00   1.07123096E+00   1.06622254E+00   1.06139416E+00   1.05636252E+00   1.05155205E+00   1.04655012E+00   1.04154268E+00   1.03637323E+00   1.03103814E+00   1.02553090E+00   1.01997564E+00   1.01457295E+00   1.00822585E+00   1.00000000E+00
   1.14585564E+00   1.14585554E+00   1.14585540E+00   1.14585544E+00   1.14585560E+00   1.14585589E+00   1.14585634E+00   1.14585693E+00   1.14585767E+00   1.14585855E+00   1.14585959E+00   1.14586078E+00   1.14586215E+00   1.14586369E+00   1.14586543E+00   1.14586738E+00   1.14586957E+00   1.14587202E+00   1.14587477E+00   1.14587784E+00   1.14588128E+00   1.14588511E+00   1.14588939E+00   1.14589417E+00   1.14589948E+00   1.14590541E+00   1.14591199E+00   1.14591931E+00   1.14592742E+00   1.14593641E+00   1.14594632E+00   1.14595726E+00   1.14596930E+00   1.14598254E+00   1.14599703E+00   1.14601289E+00   1.14603015E+00   1.14604894E+00   1.14606930E+00   1.14609131E+00   1.14611502E+00   1.14614043E+00   1.14616757E+00   1.14619638E+00   1.14622687E+00   1.14625895E+00   1.14629242E+00   1.14632712E+00   1.14636277E+00   1.14639904E+00   1.14643552E+00   1.14647155E+00   1.14650669E+00   1.14653978E+00   1.14657006E+00   1.14659600E+00   1.14661661E+00   1.14662989E+00   1.14663414E+00   1.14662681E+00   1.14660578E+00   1.14656740E+00   1.14650889E+00   1.14642539E+00   1.14631367E+00   1.14616804E+00   1.14598358E+00   1.14575229E+00   1.14546928E+00   1.14512459E+00   1.14471177E+00   1.14421947E+00   1.14363928E+00   1.14295713E+00   1.14216406E+00   1.14124377E+00   1.14018469E+00   1.13896745E+00   1.13758001E+00   1.13600084E+00   1.13421454E+00   1.13219480E+00   1.12992719E+00   1.12738557E+00   1.12454953E+00   1.12141642E+00   1.11794805E+00   1.11438829E+00   1.11049074E+00   1.10657549E+00   1.10233975E+00   1.09813839E+00   1.09363424E+00   1.08920336E+00   1.08449265E+00   1.07989072E+00   1.07503579E+00   1.07033329E+00   1.06539756E+00   1.06063780E+00   1.05567560E+00   1.05092965E+00   1.04599469E+00   1.04105385E+00   1.03595089E+00   1.03068235E+00   1.02524342E+00   1.01975738E+00   1.01442395E+00   1.00814875E+00   1.00000000E+00
   1.16499278E+00   1.16499269E+00   1.16499255E+00   1.16499251E+00   1.16499253E+00   1.16499262E+00   1.16499279E+00   1.16499304E+00   1.16499338E+00   1.16499381E+00   1.16499432E+00   1.16499493E+00   1.16499564E+00   1.16499646E+00   1.16499740E+00   1.16499847E+00   1.16499968E+00   1.16500106E+00   1.16500260E+00   1.16500435E+00   1.16500630E+00   1.16500848E+00   1.16501090E+00   1.16501359E+00   1.16501657E+00   1.16501987E+00   1.16502349E+00   1.16502748E+00   1.16503184E+00   1.16503658E+00   1.16504171E+00   1.16504723E+00   1.16505319E+00   1.16505955E+00   1.16506629E+00   1.16507337E+00   1.16508078E+00   1.16508845E+00   1.16509629E+00   1.16510421E+00   1.16511210E+00   1.16511972E+00   1.16512689E+00   1.16513328E+00   1.16513873E+00   1.16514278E+00   1.16514492E+00   1.16514459E+00   1.16514126E+00   1.16513407E+00   1.16512226E+00   1.16510464E+00   1.16508032E+00   1.16504752E+00   1.16500494E+00   1.16495033E+00   1.16488238E+00   1.16479817E+00   1.16469535E+00   1.16457045E+00   1.16442093E+00   1.16424222E+00   1.16403063E+00   1.16378035E+00   1.16348770E+00   1.16314590E+00   1.16274934E+00   1.16228890E+00   1.16175900E+00   1.16114888E+00   1.16045220E+00   1.15965662E+00   1.15875247E+00   1.15772547E+00   1.15656699E+00   1.15526038E+00   1.15379288E+00   1.15214557E+00   1.15030720E+00   1.14825693E+00   1.14597758E+00   1.14344364E+00   1.14064472E+00   1.13755595E+00   1.13415235E+00   1.13043954E+00   1.12638373E+00   1.12227009E+00   1.11780352E+00   1.11335571E+00   1.10858886E+00   1.10390099E+00   1.09890901E+00   1.09403241E+00   1.08887227E+00   1.08385704E+00   1.07859936E+00   1.07353469E+00   1.06823530E+00   1.06314590E+00   1.05786804E+00   1.05284340E+00   1.04762477E+00   1.04241186E+00   1.03705877E+00   1.03156687E+00   1.02591246E+00   1.02019592E+00   1.01469534E+00   1.00832029E+00   1.00000000E+00
   1.15124558E+00   1.15124551E+00   1.15124541E+00   1.15124541E+00   1.15124549E+00   1.15124564E+00   1.15124590E+00   1.15124624E+00   1.15124668E+00   1.15124722E+00   1.15124785E+00   1.15124860E+00   1.15124946E+00   1.15125044E+00   1.15125156E+00   1.15125282E+00   1.15125424E+00   1.15125585E+00   1.15125765E+00   1.15125967E+00   1.15126193E+00   1.15126445E+00   1.15126725E+00   1.15127038E+00   1.15127385E+00   1.15127769E+00   1.15128194E+00   1.15128664E+00   1.15129181E+00   1.15129748E+00   1.15130367E+00   1.15131043E+00   1.15131779E+00   1.15132576E+00   1.15133435E+00   1.15134359E+00   1.15135346E+00   1.15136396E+00   1.15137506E+00   1.15138672E+00   1.15139889E+00   1.15141144E+00   1.15142426E+00   1.15143714E+00   1.15144997E+00   1.15146243E+00   1.15147421E+00   1.15148486E+00   1.15149399E+00   1.15150096E+00   1.15150519E+00   1.15150571E+00   1.15150185E+00   1.15149217E+00   1.15147565E+00   1.15145041E+00   1.15141527E+00   1.15136780E+00   1.15130608E+00   1.15122709E+00   1.15112857E+00   1.15100647E+00   1.15085776E+00   1.15067723E+00   1.15046144E+00   1.15020426E+00   1.14990077E+00   1.14954275E+00   1.14912509E+00   1.14863784E+00   1.14807469E+00   1.14742425E+00   1.14667804E+00   1.14582234E+00   1.14484848E+00   1.14374062E+00   1.14248740E+00   1.14107027E+00   1.13947779E+00   1.13768957E+00   1.13569064E+00   1.13345614E+00   1.13097314E+00   1.12821733E+00   1.12516853E+00   1.12182833E+00   1.11815945E+00   1.11442053E+00   1.11035064E+00   1.10628578E+00   1.10191179E+00   1.09759445E+00   1.09298525E+00   1.08846993E+00   1.08368538E+00   1.07902742E+00   1.07413005E+00   1.06940090E+00   1.06444953E+00   1.05968783E+00   1.05473703E+00   1.05001349E+00   1.04511153E+00   1.04021436E+00   1.03516995E+00   1.02998314E+00   1.02464258E+00   1.01924177E+00   1.01405347E+00   1.00799489E+00   1.00000000E+00
   1.14492718E+00   1.14492713E+00   1.14492704E+00   1.14492707E+00   1.14492718E+00   1.14492738E+00   1.14492768E+00   1.14492808E+00   1.14492859E+00   1.14492920E+00   1.14492991E+00   1.14493074E+00   1.14493170E+00   1.14493278E+00   1.14493401E+00   1.14493539E+00   1.14493694E+00   1.14493868E+00   1.14494063E+00   1.14494281E+00   1.14494524E+00   1.14494795E+00   1.14495097E+00   1.14495433E+00   1.14495805E+00   1.14496218E+00   1.14496674E+00   1.14497179E+00   1.14497735E+00   1.14498346E+00   1.14499016E+00   1.14499749E+00   1.14500548E+00   1.14501419E+00   1.14502361E+00   1.14503380E+00   1.14504475E+00   1.14505649E+00   1.14506900E+00   1.14508227E+00   1.14509627E+00   1.14511093E+00   1.14512615E+00   1.14514179E+00   1.14515775E+00   1.14517378E+00   1.14518962E+00   1.14520491E+00   1.14521931E+00   1.14523226E+00   1.14524326E+00   1.14525147E+00   1.14525628E+00   1.14525640E+00   1.14525094E+00   1.14523820E+00   1.14521704E+00   1.14518527E+00   1.14514114E+00   1.14508184E+00   1.14500524E+00   1.14490757E+00   1.14478604E+00   1.14463571E+00   1.14445331E+00   1.14423302E+00   1.14397020E+00   1.14365705E+00   1.14328867E+00   1.14285552E+00   1.14235139E+00   1.14176530E+00   1.14108927E+00   1.14030988E+00   1.13941856E+00   1.13839985E+00   1.13724292E+00   1.13592950E+00   1.13444820E+00   1.13277885E+00   1.13090722E+00   1.12880886E+00   1.12647013E+00   1.12386688E+00   1.12098053E+00   1.11781103E+00   1.11432047E+00   1.11075490E+00   1.10686801E+00   1.10297964E+00   1.09878759E+00   1.09464250E+00   1.09021145E+00   1.08586454E+00   1.08125441E+00   1.07676212E+00   1.07203270E+00   1.06746035E+00   1.06267091E+00   1.05806159E+00   1.05326380E+00   1.04868163E+00   1.04392714E+00   1.03917645E+00   1.03427652E+00   1.02923328E+00   1.02404015E+00   1.01878778E+00   1.01374676E+00   1.00783826E+00   1.00000000E+00
   1.14117855E+00   1.14117849E+00   1.14117842E+00   1.14117846E+00   1.14117859E+00   1.14117882E+00   1.14117915E+00   1.14117959E+00   1.14118014E+00   1.14118080E+00   1.14118158E+00   1.14118247E+00   1.14118349E+00   1.14118465E+00   1.14118595E+00   1.14118741E+00   1.14118905E+00   1.14119089E+00   1.14119294E+00   1.14119523E+00   1.14119778E+00   1.14120062E+00   1.14120377E+00   1.14120728E+00   1.14121116E+00   1.14121548E+00   1.14122024E+00   1.14122550E+00   1.14123131E+00   1.14123769E+00   1.14124470E+00   1.14125237E+00   1.14126074E+00   1.14126988E+00   1.14127979E+00   1.14129053E+00   1.14130210E+00   1.14131455E+00   1.14132787E+00   1.14134205E+00   1.14135710E+00   1.14137294E+00   1.14138952E+00   1.14140671E+00   1.14142442E+00   1.14144245E+00   1.14146056E+00   1.14147845E+00   1.14149578E+00   1.14151207E+00   1.14152686E+00   1.14153936E+00   1.14154901E+00   1.14155461E+00   1.14155533E+00   1.14154958E+00   1.14153626E+00   1.14151329E+00   1.14147904E+00   1.14143082E+00   1.14136657E+00   1.14128269E+00   1.14117650E+00   1.14104328E+00   1.14087982E+00   1.14068050E+00   1.14044083E+00   1.14015328E+00   1.13981306E+00   1.13941090E+00   1.13894066E+00   1.13839159E+00   1.13775601E+00   1.13702070E+00   1.13617719E+00   1.13521024E+00   1.13410931E+00   1.13285635E+00   1.13144001E+00   1.12984028E+00   1.12804333E+00   1.12602496E+00   1.12377124E+00   1.12125813E+00   1.11846778E+00   1.11539930E+00   1.11201466E+00   1.10855233E+00   1.10477432E+00   1.10099101E+00   1.09690758E+00   1.09286558E+00   1.08854122E+00   1.08429532E+00   1.07978963E+00   1.07539651E+00   1.07076791E+00   1.06628983E+00   1.06159754E+00   1.05707960E+00   1.05237390E+00   1.04787694E+00   1.04321094E+00   1.03854802E+00   1.03373507E+00   1.02877853E+00   1.02367432E+00   1.01851151E+00   1.01355952E+00   1.00774214E+00   1.00000000E+00
   1.13981139E+00   1.13981134E+00   1.13981126E+00   1.13981131E+00   1.13981144E+00   1.13981168E+00   1.13981203E+00   1.13981249E+00   1.13981305E+00   1.13981374E+00   1.13981453E+00   1.13981545E+00   1.13981650E+00   1.13981769E+00   1.13981902E+00   1.13982052E+00   1.13982220E+00   1.13982407E+00   1.13982616E+00   1.13982850E+00   1.13983110E+00   1.13983399E+00   1.13983719E+00   1.13984076E+00   1.13984471E+00   1.13984909E+00   1.13985393E+00   1.13985928E+00   1.13986518E+00   1.13987166E+00   1.13987878E+00   1.13988658E+00   1.13989509E+00   1.13990439E+00   1.13991448E+00   1.13992541E+00   1.13993721E+00   1.13994992E+00   1.13996353E+00   1.13997804E+00   1.13999346E+00   1.14000973E+00   1.14002679E+00   1.14004452E+00   1.14006285E+00   1.14008158E+00   1.14010050E+00   1.14011930E+00   1.14013766E+00   1.14015512E+00   1.14017124E+00   1.14018524E+00   1.14019659E+00   1.14020411E+00   1.14020701E+00   1.14020370E+00   1.14019313E+00   1.14017326E+00   1.14014247E+00   1.14009815E+00   1.14003825E+00   1.13995921E+00   1.13985844E+00   1.13973125E+00   1.13957448E+00   1.13938257E+00   1.13915111E+00   1.13887263E+00   1.13854241E+00   1.13815125E+00   1.13769308E+00   1.13715722E+00   1.13653607E+00   1.13581652E+00   1.13499013E+00   1.13404175E+00   1.13296093E+00   1.13172972E+00   1.13033680E+00   1.12876222E+00   1.12699227E+00   1.12500285E+00   1.12277997E+00   1.12029961E+00   1.11754417E+00   1.11451246E+00   1.11116648E+00   1.10774189E+00   1.10400367E+00   1.10025880E+00   1.09621517E+00   1.09221100E+00   1.08792581E+00   1.08371703E+00   1.07924968E+00   1.07489298E+00   1.07030146E+00   1.06585809E+00   1.06120151E+00   1.05671718E+00   1.05204539E+00   1.04757984E+00   1.04294638E+00   1.03831569E+00   1.03353478E+00   1.02861022E+00   1.02353880E+00   1.01840902E+00   1.01348988E+00   1.00770627E+00   1.00000000E+00
   1.31217469E+00   1.31217487E+00   1.31217538E+00   1.31217616E+00   1.31217711E+00   1.31217811E+00   1.31217917E+00   1.31218028E+00   1.31218149E+00   1.31218286E+00   1.31218437E+00   1.31218605E+00   1.31218798E+00   1.31219027E+00   1.31219286E+00   1.31219580E+00   1.31219922E+00   1.31220322E+00   1.31220789E+00   1.31221340E+00   1.31221981E+00   1.31222723E+00   1.31223569E+00   1.31224540E+00   1.31225646E+00   1.31226895E+00   1.31228309E+00   1.31229926E+00   1.31231757E+00   1.31233809E+00   1.31236087E+00   1.31238631E+00   1.31241488E+00   1.31244679E+00   1.31248197E+00   1.31252082E+00   1.31256360E+00   1.31261039E+00   1.31266154E+00   1.31271795E+00   1.31277996E+00   1.31284749E+00   1.31292012E+00   1.31299807E+00   1.31308258E+00   1.31317393E+00   1.31327091E+00   1.31337328E+00   1.31348132E+00   1.31359435E+00   1.31371222E+00   1.31383565E+00   1.31396516E+00   1.31409858E+00   1.31423191E+00   1.31436158E+00   1.31448949E+00   1.31461290E+00   1.31472650E+00   1.31482702E+00   1.31491573E+00   1.31498733E+00   1.31502766E+00   1.31502105E+00   1.31497761E+00   1.31490332E+00   1.31477699E+00   1.31456986E+00   1.31427251E+00   1.31386653E+00   1.31335411E+00   1.31271886E+00   1.31192424E+00   1.31093444E+00   1.30975967E+00   1.30838032E+00   1.30674162E+00   1.30478489E+00   1.30254333E+00   1.30002557E+00   1.29711184E+00   1.29366280E+00   1.28977306E+00   1.28546949E+00   1.28054003E+00   1.27487634E+00   1.26862248E+00   1.26228398E+00   1.25517256E+00   1.24780010E+00   1.23979078E+00   1.23185645E+00   1.22329232E+00   1.21478470E+00   1.20553459E+00   1.19622336E+00   1.18632765E+00   1.17670416E+00   1.16639529E+00   1.15620879E+00   1.14547195E+00   1.13510561E+00   1.12404360E+00   1.11252029E+00   1.10028241E+00   1.08733585E+00   1.07370285E+00   1.05943905E+00   1.04386517E+00   1.02428699E+00   1.00000000E+00
   1.21761320E+00   1.21761277E+00   1.21761200E+00   1.21761183E+00   1.21761205E+00   1.21761251E+00   1.21761315E+00   1.21761390E+00   1.21761479E+00   1.21761583E+00   1.21761692E+00   1.21761798E+00   1.21761912E+00   1.21762039E+00   1.21762165E+00   1.21762284E+00   1.21762409E+00   1.21762547E+00   1.21762704E+00   1.21762896E+00   1.21763121E+00   1.21763378E+00   1.21763667E+00   1.21763999E+00   1.21764386E+00   1.21764828E+00   1.21765342E+00   1.21765964E+00   1.21766703E+00   1.21767554E+00   1.21768503E+00   1.21769583E+00   1.21770856E+00   1.21772348E+00   1.21774027E+00   1.21775928E+00   1.21778085E+00   1.21780513E+00   1.21783248E+00   1.21786397E+00   1.21789997E+00   1.21794039E+00   1.21798473E+00   1.21803364E+00   1.21808885E+00   1.21815098E+00   1.21821896E+00   1.21829325E+00   1.21837467E+00   1.21846343E+00   1.21855992E+00   1.21866616E+00   1.21878310E+00   1.21890952E+00   1.21904274E+00   1.21918227E+00   1.21933127E+00   1.21948891E+00   1.21965189E+00   1.21982048E+00   1.21999681E+00   1.22017837E+00   1.22035566E+00   1.22052098E+00   1.22068386E+00   1.22085007E+00   1.22100396E+00   1.22112720E+00   1.22121454E+00   1.22125473E+00   1.22125035E+00   1.22118969E+00   1.22104597E+00   1.22079588E+00   1.22044518E+00   1.21997686E+00   1.21935024E+00   1.21852419E+00   1.21751947E+00   1.21632984E+00   1.21486487E+00   1.21303358E+00   1.21090065E+00   1.20846129E+00   1.20555458E+00   1.20210663E+00   1.19821664E+00   1.19417738E+00   1.18953158E+00   1.18462351E+00   1.17921172E+00   1.17376320E+00   1.16779303E+00   1.16178151E+00   1.15516488E+00   1.14844361E+00   1.14124684E+00   1.13418711E+00   1.12655802E+00   1.11896796E+00   1.11092966E+00   1.10311371E+00   1.09468739E+00   1.08586732E+00   1.07652237E+00   1.06666671E+00   1.05621999E+00   1.04516755E+00   1.03321349E+00   1.01841666E+00   1.00000000E+00
   1.16917085E+00   1.16916993E+00   1.16916825E+00   1.16916759E+00   1.16916763E+00   1.16916821E+00   1.16916919E+00   1.16917042E+00   1.16917190E+00   1.16917361E+00   1.16917540E+00   1.16917714E+00   1.16917891E+00   1.16918076E+00   1.16918249E+00   1.16918400E+00   1.16918542E+00   1.16918682E+00   1.16918824E+00   1.16918982E+00   1.16919152E+00   1.16919326E+00   1.16919503E+00   1.16919695E+00   1.16919910E+00   1.16920146E+00   1.16920415E+00   1.16920753E+00   1.16921164E+00   1.16921640E+00   1.16922157E+00   1.16922745E+00   1.16923471E+00   1.16924351E+00   1.16925350E+00   1.16926497E+00   1.16927821E+00   1.16929339E+00   1.16931079E+00   1.16933148E+00   1.16935577E+00   1.16938352E+00   1.16941421E+00   1.16944856E+00   1.16948834E+00   1.16953416E+00   1.16958505E+00   1.16964168E+00   1.16970491E+00   1.16977521E+00   1.16985308E+00   1.16994084E+00   1.17003942E+00   1.17014807E+00   1.17026475E+00   1.17039018E+00   1.17052761E+00   1.17067689E+00   1.17083580E+00   1.17100603E+00   1.17118969E+00   1.17138550E+00   1.17158665E+00   1.17178934E+00   1.17200181E+00   1.17222923E+00   1.17245969E+00   1.17268114E+00   1.17289003E+00   1.17307846E+00   1.17324905E+00   1.17339339E+00   1.17349107E+00   1.17352540E+00   1.17349971E+00   1.17339997E+00   1.17319454E+00   1.17285214E+00   1.17238619E+00   1.17178504E+00   1.17097885E+00   1.16990353E+00   1.16860378E+00   1.16706139E+00   1.16515047E+00   1.16281396E+00   1.16011998E+00   1.15725857E+00   1.15389994E+00   1.15029425E+00   1.14626240E+00   1.14214326E+00   1.13757201E+00   1.13291707E+00   1.12774557E+00   1.12245195E+00   1.11674133E+00   1.11109535E+00   1.10495203E+00   1.09880131E+00   1.09225126E+00   1.08584280E+00   1.07888948E+00   1.07158738E+00   1.06384670E+00   1.05567534E+00   1.04696522E+00   1.03769478E+00   1.02773177E+00   1.01544675E+00   1.00000000E+00
   1.13828296E+00   1.13828160E+00   1.13827907E+00   1.13827802E+00   1.13827800E+00   1.13827882E+00   1.13828027E+00   1.13828211E+00   1.13828433E+00   1.13828686E+00   1.13828950E+00   1.13829209E+00   1.13829471E+00   1.13829735E+00   1.13829982E+00   1.13830198E+00   1.13830396E+00   1.13830583E+00   1.13830763E+00   1.13830948E+00   1.13831130E+00   1.13831303E+00   1.13831461E+00   1.13831620E+00   1.13831784E+00   1.13831950E+00   1.13832128E+00   1.13832352E+00   1.13832626E+00   1.13832936E+00   1.13833257E+00   1.13833616E+00   1.13834078E+00   1.13834657E+00   1.13835314E+00   1.13836075E+00   1.13836966E+00   1.13837999E+00   1.13839199E+00   1.13840671E+00   1.13842438E+00   1.13844485E+00   1.13846755E+00   1.13849324E+00   1.13852364E+00   1.13855928E+00   1.13859927E+00   1.13864438E+00   1.13869540E+00   1.13875288E+00   1.13881733E+00   1.13889119E+00   1.13897531E+00   1.13906915E+00   1.13917104E+00   1.13928231E+00   1.13940612E+00   1.13954254E+00   1.13969005E+00   1.13985108E+00   1.14002755E+00   1.14021883E+00   1.14041976E+00   1.14062880E+00   1.14085321E+00   1.14109764E+00   1.14135263E+00   1.14161005E+00   1.14186720E+00   1.14211812E+00   1.14236555E+00   1.14260332E+00   1.14281513E+00   1.14298863E+00   1.14312582E+00   1.14321519E+00   1.14323095E+00   1.14314833E+00   1.14297669E+00   1.14270269E+00   1.14227040E+00   1.14163286E+00   1.14082231E+00   1.13981432E+00   1.13850682E+00   1.13685368E+00   1.13490330E+00   1.13278396E+00   1.13024650E+00   1.12747854E+00   1.12434045E+00   1.12108915E+00   1.11743792E+00   1.11368072E+00   1.10947069E+00   1.10512873E+00   1.10041014E+00   1.09571030E+00   1.09056411E+00   1.08538004E+00   1.07982907E+00   1.07436775E+00   1.06841166E+00   1.06213799E+00   1.05547744E+00   1.04843034E+00   1.04087937E+00   1.03280693E+00   1.02417224E+00   1.01352806E+00   1.00000000E+00
   1.12643291E+00   1.12643132E+00   1.12642835E+00   1.12642712E+00   1.12642709E+00   1.12642806E+00   1.12642978E+00   1.12643197E+00   1.12643460E+00   1.12643757E+00   1.12644068E+00   1.12644374E+00   1.12644681E+00   1.12644990E+00   1.12645278E+00   1.12645532E+00   1.12645764E+00   1.12645980E+00   1.12646186E+00   1.12646392E+00   1.12646590E+00   1.12646772E+00   1.12646933E+00   1.12647090E+00   1.12647245E+00   1.12647395E+00   1.12647548E+00   1.12647739E+00   1.12647971E+00   1.12648229E+00   1.12648486E+00   1.12648770E+00   1.12649144E+00   1.12649620E+00   1.12650158E+00   1.12650784E+00   1.12651522E+00   1.12652381E+00   1.12653385E+00   1.12654639E+00   1.12656163E+00   1.12657940E+00   1.12659909E+00   1.12662151E+00   1.12664832E+00   1.12668002E+00   1.12671573E+00   1.12675629E+00   1.12680241E+00   1.12685466E+00   1.12691355E+00   1.12698157E+00   1.12705950E+00   1.12714688E+00   1.12724212E+00   1.12734679E+00   1.12746400E+00   1.12759383E+00   1.12773501E+00   1.12789026E+00   1.12806136E+00   1.12824790E+00   1.12844530E+00   1.12865286E+00   1.12887745E+00   1.12912347E+00   1.12938236E+00   1.12964747E+00   1.12991632E+00   1.13018365E+00   1.13045227E+00   1.13071687E+00   1.13096267E+00   1.13117902E+00   1.13136748E+00   1.13151762E+00   1.13160586E+00   1.13160999E+00   1.13153811E+00   1.13137665E+00   1.13107505E+00   1.13059302E+00   1.12995837E+00   1.12914484E+00   1.12805959E+00   1.12666101E+00   1.12499038E+00   1.12315301E+00   1.12093007E+00   1.11848476E+00   1.11569282E+00   1.11277962E+00   1.10948857E+00   1.10608419E+00   1.10225304E+00   1.09828638E+00   1.09395957E+00   1.08963405E+00   1.08488288E+00   1.08008200E+00   1.07492724E+00   1.06984210E+00   1.06428301E+00   1.05841854E+00   1.05218630E+00   1.04558300E+00   1.03848952E+00   1.03089122E+00   1.02277995E+00   1.01277767E+00   1.00000000E+00
   1.30951828E+00   1.30951844E+00   1.30951892E+00   1.30951965E+00   1.30952054E+00   1.30952151E+00   1.30952257E+00   1.30952373E+00   1.30952502E+00   1.30952648E+00   1.30952812E+00   1.30952998E+00   1.30953212E+00   1.30953462E+00   1.30953748E+00   1.30954077E+00   1.30954460E+00   1.30954906E+00   1.30955422E+00   1.30956026E+00   1.30956724E+00   1.30957525E+00   1.30958437E+00   1.30959479E+00   1.30960662E+00   1.30962000E+00   1.30963511E+00   1.30965227E+00   1.30967158E+00   1.30969318E+00   1.30971716E+00   1.30974389E+00   1.30977376E+00   1.30980698E+00   1.30984352E+00   1.30988377E+00   1.30992800E+00   1.30997644E+00   1.31002935E+00   1.31008736E+00   1.31015072E+00   1.31021936E+00   1.31029306E+00   1.31037207E+00   1.31045724E+00   1.31054858E+00   1.31064513E+00   1.31074663E+00   1.31085331E+00   1.31096466E+00   1.31108023E+00   1.31119987E+00   1.31132337E+00   1.31144815E+00   1.31157117E+00   1.31168931E+00   1.31180335E+00   1.31190999E+00   1.31200431E+00   1.31208221E+00   1.31214280E+00   1.31217943E+00   1.31218163E+00   1.31213709E+00   1.31204914E+00   1.31191553E+00   1.31171834E+00   1.31143327E+00   1.31105180E+00   1.31055512E+00   1.30994009E+00   1.30918697E+00   1.30826541E+00   1.30714350E+00   1.30582228E+00   1.30427642E+00   1.30246370E+00   1.30033656E+00   1.29790492E+00   1.29515268E+00   1.29199453E+00   1.28833127E+00   1.28421401E+00   1.27962908E+00   1.27441996E+00   1.26853003E+00   1.26204167E+00   1.25544239E+00   1.24808397E+00   1.24052038E+00   1.23232074E+00   1.22420560E+00   1.21546560E+00   1.20680742E+00   1.19745116E+00   1.18811214E+00   1.17821830E+00   1.16860930E+00   1.15834891E+00   1.14825742E+00   1.13766127E+00   1.12746070E+00   1.11660839E+00   1.10536574E+00   1.09350453E+00   1.08104348E+00   1.06795826E+00   1.05431577E+00   1.03966842E+00   1.02177250E+00   1.00000000E+00
   1.22090797E+00   1.22090757E+00   1.22090686E+00   1.22090664E+00   1.22090671E+00   1.22090699E+00   1.22090743E+00   1.22090801E+00   1.22090872E+00   1.22090955E+00   1.22091046E+00   1.22091141E+00   1.22091245E+00   1.22091361E+00   1.22091484E+00   1.22091613E+00   1.22091756E+00   1.22091920E+00   1.22092108E+00   1.22092334E+00   1.22092597E+00   1.22092900E+00   1.22093246E+00   1.22093648E+00   1.22094116E+00   1.22094658E+00   1.22095286E+00   1.22096029E+00   1.22096895E+00   1.22097887E+00   1.22099006E+00   1.22100284E+00   1.22101769E+00   1.22103481E+00   1.22105406E+00   1.22107582E+00   1.22110044E+00   1.22112822E+00   1.22115942E+00   1.22119483E+00   1.22123476E+00   1.22127926E+00   1.22132819E+00   1.22138223E+00   1.22144258E+00   1.22150966E+00   1.22158277E+00   1.22166245E+00   1.22174941E+00   1.22184402E+00   1.22194637E+00   1.22205755E+00   1.22217798E+00   1.22230650E+00   1.22244140E+00   1.22258222E+00   1.22273084E+00   1.22288597E+00   1.22304470E+00   1.22320629E+00   1.22337104E+00   1.22353552E+00   1.22369298E+00   1.22383721E+00   1.22397177E+00   1.22409592E+00   1.22419699E+00   1.22425970E+00   1.22427864E+00   1.22424101E+00   1.22414468E+00   1.22397518E+00   1.22371024E+00   1.22332756E+00   1.22282568E+00   1.22218342E+00   1.22136887E+00   1.22034640E+00   1.21911879E+00   1.21766422E+00   1.21591855E+00   1.21381364E+00   1.21137841E+00   1.20858334E+00   1.20531310E+00   1.20152494E+00   1.19726353E+00   1.19282960E+00   1.18779119E+00   1.18253683E+00   1.17676198E+00   1.17096286E+00   1.16463638E+00   1.15829693E+00   1.15138560E+00   1.14444359E+00   1.13703432E+00   1.12977926E+00   1.12198508E+00   1.11428347E+00   1.10615855E+00   1.09829200E+00   1.08987591E+00   1.08114963E+00   1.07196677E+00   1.06234108E+00   1.05218171E+00   1.04152198E+00   1.03020096E+00   1.01658875E+00   1.00000000E+00
   1.17698251E+00   1.17698170E+00   1.17698020E+00   1.17697951E+00   1.17697932E+00   1.17697951E+00   1.17698004E+00   1.17698080E+00   1.17698179E+00   1.17698295E+00   1.17698421E+00   1.17698548E+00   1.17698681E+00   1.17698819E+00   1.17698954E+00   1.17699084E+00   1.17699215E+00   1.17699352E+00   1.17699498E+00   1.17699661E+00   1.17699841E+00   1.17700036E+00   1.17700248E+00   1.17700488E+00   1.17700765E+00   1.17701084E+00   1.17701453E+00   1.17701897E+00   1.17702423E+00   1.17703031E+00   1.17703716E+00   1.17704509E+00   1.17705454E+00   1.17706569E+00   1.17707836E+00   1.17709290E+00   1.17710963E+00   1.17712886E+00   1.17715079E+00   1.17717621E+00   1.17720539E+00   1.17723842E+00   1.17727517E+00   1.17731641E+00   1.17736334E+00   1.17741642E+00   1.17747515E+00   1.17754027E+00   1.17761254E+00   1.17769261E+00   1.17778073E+00   1.17787833E+00   1.17798598E+00   1.17810316E+00   1.17822877E+00   1.17836333E+00   1.17850886E+00   1.17866489E+00   1.17882958E+00   1.17900353E+00   1.17918732E+00   1.17937896E+00   1.17957373E+00   1.17976832E+00   1.17996592E+00   1.18016650E+00   1.18036049E+00   1.18053750E+00   1.18069361E+00   1.18081909E+00   1.18091230E+00   1.18096215E+00   1.18095145E+00   1.18086312E+00   1.18069453E+00   1.18042793E+00   1.18003785E+00   1.17949545E+00   1.17879997E+00   1.17792900E+00   1.17683193E+00   1.17545642E+00   1.17381815E+00   1.17188271E+00   1.16955999E+00   1.16681217E+00   1.16366158E+00   1.16032030E+00   1.15646877E+00   1.15240468E+00   1.14788461E+00   1.14329060E+00   1.13822879E+00   1.13311197E+00   1.12749702E+00   1.12182643E+00   1.11573419E+00   1.10972952E+00   1.10324985E+00   1.09682120E+00   1.09000887E+00   1.08338415E+00   1.07627542E+00   1.06889893E+00   1.06113302E+00   1.05298031E+00   1.04433916E+00   1.03524766E+00   1.02564874E+00   1.01413662E+00   1.00000000E+00
   1.14932557E+00   1.14932440E+00   1.14932220E+00   1.14932113E+00   1.14932077E+00   1.14932099E+00   1.14932171E+00   1.14932279E+00   1.14932418E+00   1.14932581E+00   1.14932757E+00   1.14932935E+00   1.14933117E+00   1.14933302E+00   1.14933479E+00   1.14933644E+00   1.14933803E+00   1.14933960E+00   1.14934115E+00   1.14934279E+00   1.14934445E+00   1.14934614E+00   1.14934785E+00   1.14934969E+00   1.14935174E+00   1.14935402E+00   1.14935659E+00   1.14935970E+00   1.14936339E+00   1.14936765E+00   1.14937240E+00   1.14937792E+00   1.14938465E+00   1.14939271E+00   1.14940192E+00   1.14941262E+00   1.14942508E+00   1.14943960E+00   1.14945635E+00   1.14947608E+00   1.14949904E+00   1.14952534E+00   1.14955482E+00   1.14958829E+00   1.14962689E+00   1.14967109E+00   1.14972047E+00   1.14977588E+00   1.14983806E+00   1.14990776E+00   1.14998528E+00   1.15007222E+00   1.15016918E+00   1.15027599E+00   1.15039185E+00   1.15051781E+00   1.15065587E+00   1.15080594E+00   1.15096681E+00   1.15113987E+00   1.15132573E+00   1.15152320E+00   1.15172880E+00   1.15194089E+00   1.15216241E+00   1.15239372E+00   1.15262719E+00   1.15285546E+00   1.15307548E+00   1.15327948E+00   1.15346623E+00   1.15362694E+00   1.15374775E+00   1.15381511E+00   1.15382592E+00   1.15376511E+00   1.15361147E+00   1.15334088E+00   1.15295093E+00   1.15241990E+00   1.15170605E+00   1.15076696E+00   1.14961050E+00   1.14820063E+00   1.14646347E+00   1.14436405E+00   1.14191158E+00   1.13926393E+00   1.13617137E+00   1.13287127E+00   1.12916026E+00   1.12534772E+00   1.12111020E+00   1.11679338E+00   1.11202828E+00   1.10719063E+00   1.10196211E+00   1.09677919E+00   1.09116410E+00   1.08557210E+00   1.07962218E+00   1.07381457E+00   1.06756780E+00   1.06107797E+00   1.05423537E+00   1.04703436E+00   1.03937336E+00   1.03129742E+00   1.02280326E+00   1.01261041E+00   1.00000000E+00
   1.13877895E+00   1.13877759E+00   1.13877504E+00   1.13877380E+00   1.13877336E+00   1.13877362E+00   1.13877446E+00   1.13877571E+00   1.13877735E+00   1.13877924E+00   1.13878127E+00   1.13878334E+00   1.13878545E+00   1.13878757E+00   1.13878959E+00   1.13879147E+00   1.13879326E+00   1.13879499E+00   1.13879667E+00   1.13879839E+00   1.13880008E+00   1.13880175E+00   1.13880339E+00   1.13880510E+00   1.13880695E+00   1.13880896E+00   1.13881120E+00   1.13881388E+00   1.13881705E+00   1.13882070E+00   1.13882473E+00   1.13882943E+00   1.13883520E+00   1.13884217E+00   1.13885014E+00   1.13885947E+00   1.13887039E+00   1.13888318E+00   1.13889802E+00   1.13891564E+00   1.13893628E+00   1.13896004E+00   1.13898677E+00   1.13901726E+00   1.13905265E+00   1.13909338E+00   1.13913906E+00   1.13919060E+00   1.13924870E+00   1.13931413E+00   1.13938722E+00   1.13946962E+00   1.13956193E+00   1.13966409E+00   1.13977539E+00   1.13989707E+00   1.14003110E+00   1.14017750E+00   1.14033530E+00   1.14050617E+00   1.14069070E+00   1.14088799E+00   1.14109497E+00   1.14131065E+00   1.14153784E+00   1.14177707E+00   1.14202140E+00   1.14226460E+00   1.14250390E+00   1.14273232E+00   1.14294882E+00   1.14314549E+00   1.14330974E+00   1.14342947E+00   1.14350149E+00   1.14351184E+00   1.14344098E+00   1.14326673E+00   1.14298623E+00   1.14257826E+00   1.14200447E+00   1.14122628E+00   1.14024884E+00   1.13903578E+00   1.13751931E+00   1.13566563E+00   1.13347943E+00   1.13109806E+00   1.12829798E+00   1.12529288E+00   1.12189529E+00   1.11838662E+00   1.11447054E+00   1.11046630E+00   1.10603340E+00   1.10152108E+00   1.09663023E+00   1.09176889E+00   1.08649207E+00   1.08122717E+00   1.07561438E+00   1.07012627E+00   1.06421645E+00   1.05807213E+00   1.05158778E+00   1.04475447E+00   1.03747186E+00   1.02978822E+00   1.02171875E+00   1.01202907E+00   1.00000000E+00
   1.30093516E+00   1.30093529E+00   1.30093569E+00   1.30093633E+00   1.30093715E+00   1.30093807E+00   1.30093912E+00   1.30094030E+00   1.30094163E+00   1.30094315E+00   1.30094489E+00   1.30094686E+00   1.30094915E+00   1.30095182E+00   1.30095488E+00   1.30095842E+00   1.30096252E+00   1.30096727E+00   1.30097276E+00   1.30097912E+00   1.30098645E+00   1.30099483E+00   1.30100435E+00   1.30101519E+00   1.30102748E+00   1.30104137E+00   1.30105701E+00   1.30107470E+00   1.30109456E+00   1.30111674E+00   1.30114134E+00   1.30116873E+00   1.30119923E+00   1.30123307E+00   1.30127025E+00   1.30131112E+00   1.30135598E+00   1.30140506E+00   1.30145856E+00   1.30151698E+00   1.30158052E+00   1.30164914E+00   1.30172268E+00   1.30180131E+00   1.30188567E+00   1.30197566E+00   1.30207039E+00   1.30216961E+00   1.30227335E+00   1.30238102E+00   1.30249194E+00   1.30260547E+00   1.30272104E+00   1.30283596E+00   1.30294759E+00   1.30305277E+00   1.30315151E+00   1.30323998E+00   1.30331337E+00   1.30336705E+00   1.30339899E+00   1.30340193E+00   1.30336683E+00   1.30328227E+00   1.30314799E+00   1.30295776E+00   1.30269579E+00   1.30234035E+00   1.30188284E+00   1.30130400E+00   1.30059788E+00   1.29974333E+00   1.29871370E+00   1.29747972E+00   1.29603738E+00   1.29435868E+00   1.29240779E+00   1.29014307E+00   1.28756300E+00   1.28464076E+00   1.28131001E+00   1.27749271E+00   1.27321652E+00   1.26845161E+00   1.26307647E+00   1.25706157E+00   1.25044872E+00   1.24371684E+00   1.23625424E+00   1.22864396E+00   1.22041929E+00   1.21229482E+00   1.20356749E+00   1.19494765E+00   1.18567991E+00   1.17649076E+00   1.16678359E+00   1.15737249E+00   1.14736173E+00   1.13756709E+00   1.12731957E+00   1.11748072E+00   1.10705315E+00   1.09632817E+00   1.08510039E+00   1.07338773E+00   1.06112666E+00   1.04840803E+00   1.03499837E+00   1.01906659E+00   1.00000000E+00
   1.22073329E+00   1.22073294E+00   1.22073231E+00   1.22073211E+00   1.22073214E+00   1.22073235E+00   1.22073273E+00   1.22073324E+00   1.22073389E+00   1.22073466E+00   1.22073554E+00   1.22073650E+00   1.22073759E+00   1.22073883E+00   1.22074018E+00   1.22074169E+00   1.22074340E+00   1.22074539E+00   1.22074769E+00   1.22075040E+00   1.22075355E+00   1.22075721E+00   1.22076140E+00   1.22076626E+00   1.22077190E+00   1.22077842E+00   1.22078594E+00   1.22079471E+00   1.22080482E+00   1.22081638E+00   1.22082944E+00   1.22084432E+00   1.22086140E+00   1.22088092E+00   1.22090281E+00   1.22092747E+00   1.22095523E+00   1.22098644E+00   1.22102130E+00   1.22106047E+00   1.22110425E+00   1.22115278E+00   1.22120606E+00   1.22126468E+00   1.22132953E+00   1.22140095E+00   1.22147845E+00   1.22156249E+00   1.22165358E+00   1.22175198E+00   1.22185759E+00   1.22197096E+00   1.22209221E+00   1.22222019E+00   1.22235350E+00   1.22249131E+00   1.22263455E+00   1.22278146E+00   1.22292918E+00   1.22307609E+00   1.22322135E+00   1.22336084E+00   1.22348872E+00   1.22359861E+00   1.22369086E+00   1.22376148E+00   1.22379932E+00   1.22379020E+00   1.22372815E+00   1.22359906E+00   1.22339808E+00   1.22310917E+00   1.22271264E+00   1.22218658E+00   1.22152522E+00   1.22070504E+00   1.21969852E+00   1.21847252E+00   1.21702098E+00   1.21531566E+00   1.21330655E+00   1.21093644E+00   1.20821569E+00   1.20510690E+00   1.20152207E+00   1.19743427E+00   1.19285572E+00   1.18810457E+00   1.18276397E+00   1.17725848E+00   1.17123759E+00   1.16521513E+00   1.15867771E+00   1.15216163E+00   1.14511121E+00   1.13808949E+00   1.13062274E+00   1.12333387E+00   1.11555073E+00   1.10791384E+00   1.09989061E+00   1.09215257E+00   1.08393174E+00   1.07548876E+00   1.06666452E+00   1.05746066E+00   1.04779195E+00   1.03774703E+00   1.02725951E+00   1.01489561E+00   1.00000000E+00
   1.18158872E+00   1.18158805E+00   1.18158680E+00   1.18158619E+00   1.18158593E+00   1.18158598E+00   1.18158630E+00   1.18158684E+00   1.18158757E+00   1.18158846E+00   1.18158945E+00   1.18159051E+00   1.18159164E+00   1.18159286E+00   1.18159412E+00   1.18159542E+00   1.18159682E+00   1.18159834E+00   1.18160002E+00   1.18160194E+00   1.18160411E+00   1.18160655E+00   1.18160930E+00   1.18161248E+00   1.18161615E+00   1.18162042E+00   1.18162537E+00   1.18163120E+00   1.18163802E+00   1.18164589E+00   1.18165484E+00   1.18166517E+00   1.18167724E+00   1.18169123E+00   1.18170710E+00   1.18172523E+00   1.18174592E+00   1.18176951E+00   1.18179621E+00   1.18182666E+00   1.18186117E+00   1.18189994E+00   1.18194302E+00   1.18199108E+00   1.18204502E+00   1.18210529E+00   1.18217159E+00   1.18224462E+00   1.18232494E+00   1.18241314E+00   1.18250932E+00   1.18261438E+00   1.18272870E+00   1.18285177E+00   1.18298278E+00   1.18312176E+00   1.18326985E+00   1.18342616E+00   1.18358885E+00   1.18375755E+00   1.18393183E+00   1.18410898E+00   1.18428490E+00   1.18445558E+00   1.18462148E+00   1.18477979E+00   1.18492193E+00   1.18503770E+00   1.18512245E+00   1.18516487E+00   1.18516070E+00   1.18509704E+00   1.18495833E+00   1.18472672E+00   1.18439583E+00   1.18394536E+00   1.18335276E+00   1.18258970E+00   1.18164823E+00   1.18050107E+00   1.17910778E+00   1.17742118E+00   1.17544237E+00   1.17313257E+00   1.17042244E+00   1.16728464E+00   1.16371607E+00   1.15995828E+00   1.15569172E+00   1.15125560E+00   1.14635793E+00   1.14141227E+00   1.13600310E+00   1.13057577E+00   1.12467589E+00   1.11877686E+00   1.11247037E+00   1.10628270E+00   1.09965671E+00   1.09313801E+00   1.08626469E+00   1.07961384E+00   1.07253893E+00   1.06527373E+00   1.05767284E+00   1.04972789E+00   1.04135837E+00   1.03266094E+00   1.02362380E+00   1.01295787E+00   1.00000000E+00
   1.15718567E+00   1.15718473E+00   1.15718295E+00   1.15718203E+00   1.15718158E+00   1.15718157E+00   1.15718195E+00   1.15718263E+00   1.15718357E+00   1.15718471E+00   1.15718597E+00   1.15718730E+00   1.15718870E+00   1.15719015E+00   1.15719159E+00   1.15719303E+00   1.15719449E+00   1.15719601E+00   1.15719759E+00   1.15719932E+00   1.15720118E+00   1.15720320E+00   1.15720540E+00   1.15720788E+00   1.15721071E+00   1.15721396E+00   1.15721771E+00   1.15722215E+00   1.15722735E+00   1.15723338E+00   1.15724025E+00   1.15724824E+00   1.15725768E+00   1.15726874E+00   1.15728137E+00   1.15729594E+00   1.15731271E+00   1.15733204E+00   1.15735409E+00   1.15737953E+00   1.15740861E+00   1.15744159E+00   1.15747852E+00   1.15752011E+00   1.15756722E+00   1.15762034E+00   1.15767928E+00   1.15774486E+00   1.15781764E+00   1.15789834E+00   1.15798716E+00   1.15808521E+00   1.15819295E+00   1.15831024E+00   1.15843657E+00   1.15857243E+00   1.15871904E+00   1.15887597E+00   1.15904198E+00   1.15921745E+00   1.15940209E+00   1.15959406E+00   1.15979028E+00   1.15998816E+00   1.16018822E+00   1.16038844E+00   1.16058180E+00   1.16076056E+00   1.16092091E+00   1.16105339E+00   1.16115423E+00   1.16121262E+00   1.16121570E+00   1.16114836E+00   1.16100411E+00   1.16076503E+00   1.16041178E+00   1.15991944E+00   1.15927928E+00   1.15846524E+00   1.15744295E+00   1.15617145E+00   1.15464665E+00   1.15282977E+00   1.15066291E+00   1.14811831E+00   1.14518456E+00   1.14205577E+00   1.13847200E+00   1.13471667E+00   1.13053643E+00   1.12628155E+00   1.12159868E+00   1.11687370E+00   1.11171608E+00   1.10654016E+00   1.10098151E+00   1.09550448E+00   1.08962464E+00   1.08382551E+00   1.07769166E+00   1.07174004E+00   1.06540165E+00   1.05888932E+00   1.05206506E+00   1.04491468E+00   1.03736463E+00   1.02951761E+00   1.02138866E+00   1.01176955E+00   1.00000000E+00
   1.14794489E+00   1.14794381E+00   1.14794177E+00   1.14794070E+00   1.14794017E+00   1.14794015E+00   1.14794057E+00   1.14794134E+00   1.14794241E+00   1.14794369E+00   1.14794512E+00   1.14794662E+00   1.14794818E+00   1.14794978E+00   1.14795137E+00   1.14795292E+00   1.14795448E+00   1.14795605E+00   1.14795766E+00   1.14795938E+00   1.14796119E+00   1.14796311E+00   1.14796515E+00   1.14796743E+00   1.14797000E+00   1.14797293E+00   1.14797628E+00   1.14798025E+00   1.14798491E+00   1.14799031E+00   1.14799645E+00   1.14800362E+00   1.14801212E+00   1.14802213E+00   1.14803359E+00   1.14804688E+00   1.14806222E+00   1.14807998E+00   1.14810032E+00   1.14812389E+00   1.14815095E+00   1.14818175E+00   1.14821635E+00   1.14825547E+00   1.14829995E+00   1.14835028E+00   1.14840632E+00   1.14846893E+00   1.14853866E+00   1.14861627E+00   1.14870201E+00   1.14879702E+00   1.14890181E+00   1.14901636E+00   1.14914026E+00   1.14927418E+00   1.14941933E+00   1.14957545E+00   1.14974150E+00   1.14991816E+00   1.15010518E+00   1.15030102E+00   1.15050295E+00   1.15070894E+00   1.15091954E+00   1.15113300E+00   1.15134291E+00   1.15154244E+00   1.15172807E+00   1.15189109E+00   1.15202794E+00   1.15212865E+00   1.15218135E+00   1.15217209E+00   1.15209439E+00   1.15193128E+00   1.15166468E+00   1.15127105E+00   1.15074151E+00   1.15005056E+00   1.14916609E+00   1.14804956E+00   1.14669511E+00   1.14506411E+00   1.14310284E+00   1.14078341E+00   1.13809170E+00   1.13520379E+00   1.13188189E+00   1.12838781E+00   1.12448349E+00   1.12049494E+00   1.11609254E+00   1.11163900E+00   1.10676805E+00   1.10187105E+00   1.09660098E+00   1.09139828E+00   1.08580611E+00   1.08028399E+00   1.07443468E+00   1.06875198E+00   1.06269640E+00   1.05647216E+00   1.04994405E+00   1.04309584E+00   1.03585719E+00   1.02833317E+00   1.02054784E+00   1.01132252E+00   1.00000000E+00
   1.28860359E+00   1.28860369E+00   1.28860400E+00   1.28860457E+00   1.28860532E+00   1.28860621E+00   1.28860726E+00   1.28860847E+00   1.28860986E+00   1.28861148E+00   1.28861333E+00   1.28861546E+00   1.28861793E+00   1.28862080E+00   1.28862408E+00   1.28862788E+00   1.28863225E+00   1.28863730E+00   1.28864311E+00   1.28864980E+00   1.28865746E+00   1.28866620E+00   1.28867609E+00   1.28868731E+00   1.28869999E+00   1.28871429E+00   1.28873035E+00   1.28874844E+00   1.28876868E+00   1.28879124E+00   1.28881623E+00   1.28884396E+00   1.28887474E+00   1.28890880E+00   1.28894612E+00   1.28898705E+00   1.28903184E+00   1.28908071E+00   1.28913381E+00   1.28919153E+00   1.28925402E+00   1.28932122E+00   1.28939296E+00   1.28946933E+00   1.28955076E+00   1.28963703E+00   1.28972730E+00   1.28982117E+00   1.28991852E+00   1.29001856E+00   1.29012044E+00   1.29022308E+00   1.29032570E+00   1.29042543E+00   1.29051976E+00   1.29060534E+00   1.29068159E+00   1.29074420E+00   1.29078838E+00   1.29080906E+00   1.29080341E+00   1.29076380E+00   1.29068185E+00   1.29054651E+00   1.29035539E+00   1.29010000E+00   1.28976614E+00   1.28933381E+00   1.28879424E+00   1.28812814E+00   1.28732804E+00   1.28637243E+00   1.28523738E+00   1.28389569E+00   1.28234034E+00   1.28054263E+00   1.27847102E+00   1.27608815E+00   1.27338652E+00   1.27033520E+00   1.26688026E+00   1.26295759E+00   1.25858143E+00   1.25371619E+00   1.24826459E+00   1.24221403E+00   1.23558003E+00   1.22883509E+00   1.22140130E+00   1.21387501E+00   1.20576931E+00   1.19778134E+00   1.18922568E+00   1.18080389E+00   1.17179122E+00   1.16290745E+00   1.15355187E+00   1.14450372E+00   1.13491907E+00   1.12559124E+00   1.11586793E+00   1.10656097E+00   1.09674098E+00   1.08671715E+00   1.07630000E+00   1.06549857E+00   1.05423305E+00   1.04262721E+00   1.03060279E+00   1.01660945E+00   1.00000000E+00
   1.21744006E+00   1.21743976E+00   1.21743922E+00   1.21743907E+00   1.21743912E+00   1.21743934E+00   1.21743973E+00   1.21744028E+00   1.21744099E+00   1.21744184E+00   1.21744282E+00   1.21744394E+00   1.21744522E+00   1.21744669E+00   1.21744835E+00   1.21745022E+00   1.21745238E+00   1.21745488E+00   1.21745776E+00   1.21746112E+00   1.21746501E+00   1.21746950E+00   1.21747463E+00   1.21748055E+00   1.21748737E+00   1.21749520E+00   1.21750416E+00   1.21751448E+00   1.21752628E+00   1.21753968E+00   1.21755478E+00   1.21757188E+00   1.21759130E+00   1.21761329E+00   1.21763784E+00   1.21766534E+00   1.21769607E+00   1.21773039E+00   1.21776846E+00   1.21781085E+00   1.21785781E+00   1.21790951E+00   1.21796599E+00   1.21802770E+00   1.21809531E+00   1.21816904E+00   1.21824848E+00   1.21833395E+00   1.21842570E+00   1.21852380E+00   1.21862799E+00   1.21873831E+00   1.21885464E+00   1.21897564E+00   1.21909997E+00   1.21922629E+00   1.21935481E+00   1.21948321E+00   1.21960857E+00   1.21972845E+00   1.21984114E+00   1.21994188E+00   1.22002519E+00   1.22008421E+00   1.22011727E+00   1.22011836E+00   1.22007732E+00   1.21998043E+00   1.21982116E+00   1.21958465E+00   1.21926435E+00   1.21884347E+00   1.21830412E+00   1.21762473E+00   1.21679699E+00   1.21579654E+00   1.21459895E+00   1.21317301E+00   1.21150820E+00   1.20957429E+00   1.20733065E+00   1.20472749E+00   1.20176501E+00   1.19840463E+00   1.19457716E+00   1.19026662E+00   1.18546525E+00   1.18050695E+00   1.17498659E+00   1.16935164E+00   1.16322122E+00   1.15711568E+00   1.15052135E+00   1.14398348E+00   1.13695524E+00   1.13000525E+00   1.12264365E+00   1.11548349E+00   1.10788126E+00   1.10046885E+00   1.09271246E+00   1.08526055E+00   1.07739300E+00   1.06937884E+00   1.06105138E+00   1.05240263E+00   1.04336156E+00   1.03406016E+00   1.02449931E+00   1.01336840E+00   1.00000000E+00
   1.18305526E+00   1.18305471E+00   1.18305370E+00   1.18305321E+00   1.18305299E+00   1.18305302E+00   1.18305329E+00   1.18305378E+00   1.18305445E+00   1.18305528E+00   1.18305624E+00   1.18305730E+00   1.18305848E+00   1.18305980E+00   1.18306122E+00   1.18306277E+00   1.18306450E+00   1.18306644E+00   1.18306863E+00   1.18307115E+00   1.18307402E+00   1.18307729E+00   1.18308102E+00   1.18308532E+00   1.18309028E+00   1.18309600E+00   1.18310258E+00   1.18311023E+00   1.18311904E+00   1.18312915E+00   1.18314061E+00   1.18315372E+00   1.18316877E+00   1.18318599E+00   1.18320540E+00   1.18322737E+00   1.18325218E+00   1.18328019E+00   1.18331159E+00   1.18334693E+00   1.18338650E+00   1.18343057E+00   1.18347921E+00   1.18353300E+00   1.18359260E+00   1.18365840E+00   1.18373019E+00   1.18380850E+00   1.18389371E+00   1.18398619E+00   1.18408591E+00   1.18419330E+00   1.18430850E+00   1.18443083E+00   1.18455948E+00   1.18469391E+00   1.18483454E+00   1.18497996E+00   1.18512818E+00   1.18527789E+00   1.18542784E+00   1.18557461E+00   1.18571422E+00   1.18584179E+00   1.18595598E+00   1.18605211E+00   1.18612211E+00   1.18615551E+00   1.18614695E+00   1.18608401E+00   1.18596071E+00   1.18576299E+00   1.18547637E+00   1.18508238E+00   1.18457242E+00   1.18392498E+00   1.18311957E+00   1.18212848E+00   1.18094016E+00   1.17952583E+00   1.17785196E+00   1.17587543E+00   1.17358976E+00   1.17095654E+00   1.16792077E+00   1.16446367E+00   1.16056697E+00   1.15649806E+00   1.15193545E+00   1.14724839E+00   1.14211070E+00   1.13695570E+00   1.13135608E+00   1.12577628E+00   1.11975749E+00   1.11378822E+00   1.10743785E+00   1.10123644E+00   1.09463989E+00   1.08819566E+00   1.08143144E+00   1.07491537E+00   1.06803282E+00   1.06102438E+00   1.05373095E+00   1.04613778E+00   1.03818658E+00   1.03001535E+00   1.02164791E+00   1.01186398E+00   1.00000000E+00
   1.16182649E+00   1.16182575E+00   1.16182434E+00   1.16182360E+00   1.16182320E+00   1.16182315E+00   1.16182341E+00   1.16182393E+00   1.16182470E+00   1.16182564E+00   1.16182672E+00   1.16182791E+00   1.16182921E+00   1.16183060E+00   1.16183207E+00   1.16183362E+00   1.16183529E+00   1.16183710E+00   1.16183908E+00   1.16184131E+00   1.16184379E+00   1.16184658E+00   1.16184971E+00   1.16185329E+00   1.16185739E+00   1.16186212E+00   1.16186756E+00   1.16187389E+00   1.16188121E+00   1.16188964E+00   1.16189923E+00   1.16191026E+00   1.16192300E+00   1.16193767E+00   1.16195430E+00   1.16197327E+00   1.16199480E+00   1.16201928E+00   1.16204690E+00   1.16207821E+00   1.16211350E+00   1.16215306E+00   1.16219702E+00   1.16224599E+00   1.16230062E+00   1.16236136E+00   1.16242812E+00   1.16250157E+00   1.16258208E+00   1.16267023E+00   1.16276608E+00   1.16287027E+00   1.16298309E+00   1.16310420E+00   1.16323310E+00   1.16336968E+00   1.16351447E+00   1.16366657E+00   1.16382453E+00   1.16398773E+00   1.16415515E+00   1.16432418E+00   1.16449171E+00   1.16465409E+00   1.16481018E+00   1.16495617E+00   1.16508529E+00   1.16518901E+00   1.16526277E+00   1.16529574E+00   1.16528241E+00   1.16521050E+00   1.16506769E+00   1.16483763E+00   1.16451175E+00   1.16407055E+00   1.16349601E+00   1.16276286E+00   1.16185925E+00   1.16075767E+00   1.15942887E+00   1.15783390E+00   1.15596271E+00   1.15377747E+00   1.15123147E+00   1.14830418E+00   1.14497211E+00   1.14146134E+00   1.13750089E+00   1.13340995E+00   1.12889825E+00   1.12434469E+00   1.11937591E+00   1.11440431E+00   1.10902571E+00   1.10367715E+00   1.09796720E+00   1.09237337E+00   1.08641300E+00   1.08057976E+00   1.07444136E+00   1.06851537E+00   1.06225272E+00   1.05587395E+00   1.04922480E+00   1.04228719E+00   1.03501248E+00   1.02754212E+00   1.01991038E+00   1.01094805E+00   1.00000000E+00
   1.15384770E+00   1.15384685E+00   1.15384525E+00   1.15384440E+00   1.15384392E+00   1.15384383E+00   1.15384410E+00   1.15384467E+00   1.15384550E+00   1.15384652E+00   1.15384769E+00   1.15384897E+00   1.15385036E+00   1.15385183E+00   1.15385336E+00   1.15385495E+00   1.15385665E+00   1.15385846E+00   1.15386041E+00   1.15386258E+00   1.15386496E+00   1.15386761E+00   1.15387056E+00   1.15387392E+00   1.15387775E+00   1.15388216E+00   1.15388721E+00   1.15389310E+00   1.15389991E+00   1.15390776E+00   1.15391670E+00   1.15392699E+00   1.15393893E+00   1.15395269E+00   1.15396833E+00   1.15398622E+00   1.15400657E+00   1.15402978E+00   1.15405602E+00   1.15408585E+00   1.15411956E+00   1.15415746E+00   1.15419968E+00   1.15424684E+00   1.15429960E+00   1.15435840E+00   1.15442322E+00   1.15449476E+00   1.15457340E+00   1.15465976E+00   1.15475396E+00   1.15485672E+00   1.15496835E+00   1.15508865E+00   1.15521723E+00   1.15535412E+00   1.15549989E+00   1.15565382E+00   1.15581465E+00   1.15598203E+00   1.15615501E+00   1.15633127E+00   1.15650803E+00   1.15668210E+00   1.15685242E+00   1.15701550E+00   1.15716504E+00   1.15729328E+00   1.15739591E+00   1.15746274E+00   1.15748848E+00   1.15746154E+00   1.15737038E+00   1.15719952E+00   1.15694048E+00   1.15657451E+00   1.15608454E+00   1.15544631E+00   1.15464793E+00   1.15366241E+00   1.15246208E+00   1.15100958E+00   1.14929371E+00   1.14727691E+00   1.14491542E+00   1.14218809E+00   1.13906986E+00   1.13577108E+00   1.13203946E+00   1.12817503E+00   1.12390159E+00   1.11957735E+00   1.11484932E+00   1.11010989E+00   1.10497540E+00   1.09986320E+00   1.09439719E+00   1.08903479E+00   1.08331637E+00   1.07771513E+00   1.07181428E+00   1.06611213E+00   1.06008420E+00   1.05394310E+00   1.04753662E+00   1.04084556E+00   1.03382511E+00   1.02661791E+00   1.01926161E+00   1.01060580E+00   1.00000000E+00
   1.27276123E+00   1.27276128E+00   1.27276150E+00   1.27276201E+00   1.27276272E+00   1.27276361E+00   1.27276469E+00   1.27276597E+00   1.27276748E+00   1.27276924E+00   1.27277127E+00   1.27277361E+00   1.27277631E+00   1.27277944E+00   1.27278301E+00   1.27278710E+00   1.27279180E+00   1.27279718E+00   1.27280332E+00   1.27281034E+00   1.27281833E+00   1.27282739E+00   1.27283758E+00   1.27284909E+00   1.27286203E+00   1.27287656E+00   1.27289279E+00   1.27291098E+00   1.27293124E+00   1.27295372E+00   1.27297852E+00   1.27300592E+00   1.27303618E+00   1.27306949E+00   1.27310584E+00   1.27314551E+00   1.27318870E+00   1.27323560E+00   1.27328626E+00   1.27334096E+00   1.27339979E+00   1.27346261E+00   1.27352922E+00   1.27359953E+00   1.27367385E+00   1.27375176E+00   1.27383240E+00   1.27391523E+00   1.27399989E+00   1.27408540E+00   1.27417073E+00   1.27425445E+00   1.27433554E+00   1.27441097E+00   1.27447827E+00   1.27453389E+00   1.27457676E+00   1.27460221E+00   1.27460551E+00   1.27458129E+00   1.27452620E+00   1.27443241E+00   1.27429211E+00   1.27409455E+00   1.27383608E+00   1.27350703E+00   1.27309463E+00   1.27258044E+00   1.27195571E+00   1.27120168E+00   1.27031021E+00   1.26926033E+00   1.26803050E+00   1.26659569E+00   1.26494722E+00   1.26305719E+00   1.26089775E+00   1.25843547E+00   1.25565989E+00   1.25253958E+00   1.24903009E+00   1.24507799E+00   1.24068951E+00   1.23582839E+00   1.23041605E+00   1.22445161E+00   1.21793322E+00   1.21132179E+00   1.20407564E+00   1.19678698E+00   1.18896462E+00   1.18127577E+00   1.17306574E+00   1.16501296E+00   1.15643274E+00   1.14802016E+00   1.13918850E+00   1.13067029E+00   1.12168435E+00   1.11298306E+00   1.10394433E+00   1.09531993E+00   1.08626028E+00   1.07707645E+00   1.06759160E+00   1.05780513E+00   1.04763704E+00   1.03723767E+00   1.02663531E+00   1.01445865E+00   1.00000000E+00
   1.21096788E+00   1.21096761E+00   1.21096717E+00   1.21096709E+00   1.21096721E+00   1.21096752E+00   1.21096802E+00   1.21096871E+00   1.21096958E+00   1.21097064E+00   1.21097187E+00   1.21097329E+00   1.21097493E+00   1.21097681E+00   1.21097894E+00   1.21098137E+00   1.21098414E+00   1.21098732E+00   1.21099096E+00   1.21099516E+00   1.21099995E+00   1.21100543E+00   1.21101166E+00   1.21101876E+00   1.21102685E+00   1.21103606E+00   1.21104648E+00   1.21105834E+00   1.21107175E+00   1.21108686E+00   1.21110376E+00   1.21112273E+00   1.21114404E+00   1.21116791E+00   1.21119437E+00   1.21122376E+00   1.21125632E+00   1.21129234E+00   1.21133197E+00   1.21137562E+00   1.21142351E+00   1.21147575E+00   1.21153235E+00   1.21159360E+00   1.21165996E+00   1.21173148E+00   1.21180775E+00   1.21188886E+00   1.21197483E+00   1.21206547E+00   1.21216031E+00   1.21225895E+00   1.21236103E+00   1.21246490E+00   1.21256922E+00   1.21267211E+00   1.21277319E+00   1.21286968E+00   1.21295854E+00   1.21303665E+00   1.21310168E+00   1.21314838E+00   1.21317148E+00   1.21316376E+00   1.21312226E+00   1.21303975E+00   1.21290691E+00   1.21271048E+00   1.21244363E+00   1.21209137E+00   1.21164626E+00   1.21109150E+00   1.21041088E+00   1.20958363E+00   1.20860010E+00   1.20743645E+00   1.20607098E+00   1.20447470E+00   1.20263510E+00   1.20052246E+00   1.19810331E+00   1.19533413E+00   1.19220951E+00   1.18869278E+00   1.18472896E+00   1.18031062E+00   1.17541732E+00   1.17039099E+00   1.16484071E+00   1.15922189E+00   1.15313882E+00   1.14710578E+00   1.14062019E+00   1.13422173E+00   1.12738134E+00   1.12065741E+00   1.11356115E+00   1.10668314E+00   1.09941688E+00   1.09236974E+00   1.08502097E+00   1.07798494E+00   1.07059593E+00   1.06311964E+00   1.05538732E+00   1.04738593E+00   1.03905987E+00   1.03056600E+00   1.02195849E+00   1.01200588E+00   1.00000000E+00
   1.18141152E+00   1.18141108E+00   1.18141028E+00   1.18140993E+00   1.18140982E+00   1.18140995E+00   1.18141032E+00   1.18141090E+00   1.18141169E+00   1.18141266E+00   1.18141380E+00   1.18141509E+00   1.18141657E+00   1.18141823E+00   1.18142009E+00   1.18142216E+00   1.18142449E+00   1.18142713E+00   1.18143010E+00   1.18143351E+00   1.18143739E+00   1.18144179E+00   1.18144678E+00   1.18145249E+00   1.18145898E+00   1.18146640E+00   1.18147484E+00   1.18148447E+00   1.18149543E+00   1.18150785E+00   1.18152181E+00   1.18153759E+00   1.18155544E+00   1.18157558E+00   1.18159806E+00   1.18162324E+00   1.18165133E+00   1.18168267E+00   1.18171743E+00   1.18175604E+00   1.18179876E+00   1.18184580E+00   1.18189725E+00   1.18195350E+00   1.18201504E+00   1.18208209E+00   1.18215446E+00   1.18223245E+00   1.18231619E+00   1.18240583E+00   1.18250113E+00   1.18260207E+00   1.18270853E+00   1.18281954E+00   1.18293419E+00   1.18305135E+00   1.18317085E+00   1.18329076E+00   1.18340889E+00   1.18352313E+00   1.18363157E+00   1.18373019E+00   1.18381501E+00   1.18388044E+00   1.18392391E+00   1.18393951E+00   1.18391961E+00   1.18385354E+00   1.18373551E+00   1.18355258E+00   1.18329780E+00   1.18295669E+00   1.18251582E+00   1.18195676E+00   1.18126981E+00   1.18043351E+00   1.17942931E+00   1.17823078E+00   1.17682487E+00   1.17518338E+00   1.17327815E+00   1.17107023E+00   1.16854925E+00   1.16567932E+00   1.16241635E+00   1.15874901E+00   1.15464972E+00   1.15040309E+00   1.14568911E+00   1.14089344E+00   1.13567001E+00   1.13045884E+00   1.12483184E+00   1.11925809E+00   1.11328376E+00   1.10739732E+00   1.10116208E+00   1.09509857E+00   1.08868416E+00   1.08245321E+00   1.07593736E+00   1.06968413E+00   1.06311692E+00   1.05647394E+00   1.04959031E+00   1.04244924E+00   1.03501051E+00   1.02743331E+00   1.01977696E+00   1.01086503E+00   1.00000000E+00
   1.16334149E+00   1.16334091E+00   1.16333983E+00   1.16333929E+00   1.16333903E+00   1.16333906E+00   1.16333939E+00   1.16333997E+00   1.16334078E+00   1.16334179E+00   1.16334298E+00   1.16334432E+00   1.16334582E+00   1.16334749E+00   1.16334932E+00   1.16335132E+00   1.16335354E+00   1.16335602E+00   1.16335877E+00   1.16336189E+00   1.16336539E+00   1.16336934E+00   1.16337380E+00   1.16337887E+00   1.16338464E+00   1.16339122E+00   1.16339869E+00   1.16340725E+00   1.16341699E+00   1.16342806E+00   1.16344054E+00   1.16345469E+00   1.16347075E+00   1.16348894E+00   1.16350933E+00   1.16353226E+00   1.16355795E+00   1.16358675E+00   1.16361883E+00   1.16365466E+00   1.16369447E+00   1.16373855E+00   1.16378703E+00   1.16384035E+00   1.16389899E+00   1.16396327E+00   1.16403311E+00   1.16410895E+00   1.16419095E+00   1.16427943E+00   1.16437431E+00   1.16447575E+00   1.16458379E+00   1.16469780E+00   1.16481715E+00   1.16494111E+00   1.16506963E+00   1.16520128E+00   1.16533434E+00   1.16546732E+00   1.16559857E+00   1.16572477E+00   1.16584271E+00   1.16594780E+00   1.16603774E+00   1.16610744E+00   1.16615030E+00   1.16615721E+00   1.16612305E+00   1.16603621E+00   1.16589018E+00   1.16567191E+00   1.16536969E+00   1.16496670E+00   1.16445338E+00   1.16380984E+00   1.16301948E+00   1.16205764E+00   1.16091123E+00   1.15955311E+00   1.15795826E+00   1.15609053E+00   1.15393713E+00   1.15146285E+00   1.14862964E+00   1.14542389E+00   1.14181483E+00   1.13805164E+00   1.13385648E+00   1.12957132E+00   1.12488229E+00   1.12018349E+00   1.11509255E+00   1.11003395E+00   1.10459975E+00   1.09923461E+00   1.09353575E+00   1.08797983E+00   1.08209515E+00   1.07637064E+00   1.07037165E+00   1.06460404E+00   1.05854542E+00   1.05241587E+00   1.04605373E+00   1.03944059E+00   1.03254608E+00   1.02553027E+00   1.01845406E+00   1.01017284E+00   1.00000000E+00
   1.15660141E+00   1.15660076E+00   1.15659954E+00   1.15659892E+00   1.15659859E+00   1.15659859E+00   1.15659891E+00   1.15659950E+00   1.15660035E+00   1.15660140E+00   1.15660263E+00   1.15660402E+00   1.15660557E+00   1.15660728E+00   1.15660913E+00   1.15661115E+00   1.15661337E+00   1.15661582E+00   1.15661852E+00   1.15662157E+00   1.15662497E+00   1.15662880E+00   1.15663310E+00   1.15663797E+00   1.15664351E+00   1.15664982E+00   1.15665698E+00   1.15666518E+00   1.15667452E+00   1.15668514E+00   1.15669712E+00   1.15671072E+00   1.15672617E+00   1.15674369E+00   1.15676335E+00   1.15678551E+00   1.15681037E+00   1.15683828E+00   1.15686943E+00   1.15690427E+00   1.15694306E+00   1.15698609E+00   1.15703351E+00   1.15708577E+00   1.15714337E+00   1.15720664E+00   1.15727554E+00   1.15735056E+00   1.15743189E+00   1.15751989E+00   1.15761453E+00   1.15771605E+00   1.15782455E+00   1.15793949E+00   1.15806036E+00   1.15818657E+00   1.15831812E+00   1.15845374E+00   1.15859191E+00   1.15873133E+00   1.15887047E+00   1.15900627E+00   1.15913577E+00   1.15925478E+00   1.15936109E+00   1.15944993E+00   1.15951507E+00   1.15954798E+00   1.15954378E+00   1.15949141E+00   1.15938450E+00   1.15921058E+00   1.15895855E+00   1.15861225E+00   1.15816220E+00   1.15758914E+00   1.15687715E+00   1.15600233E+00   1.15495159E+00   1.15369827E+00   1.15221842E+00   1.15047702E+00   1.14846047E+00   1.14613386E+00   1.14346123E+00   1.14042818E+00   1.13700306E+00   1.13342163E+00   1.12942155E+00   1.12532832E+00   1.12084048E+00   1.11633485E+00   1.11144614E+00   1.10658188E+00   1.10135122E+00   1.09618230E+00   1.09068540E+00   1.08532062E+00   1.07963509E+00   1.07410073E+00   1.06829580E+00   1.06271045E+00   1.05684234E+00   1.05090464E+00   1.04473715E+00   1.03832098E+00   1.03162940E+00   1.02482271E+00   1.01796219E+00   1.00991511E+00   1.00000000E+00
   1.25314980E+00   1.25314979E+00   1.25314991E+00   1.25315036E+00   1.25315103E+00   1.25315192E+00   1.25315305E+00   1.25315443E+00   1.25315606E+00   1.25315798E+00   1.25316019E+00   1.25316273E+00   1.25316565E+00   1.25316900E+00   1.25317280E+00   1.25317712E+00   1.25318202E+00   1.25318759E+00   1.25319387E+00   1.25320100E+00   1.25320902E+00   1.25321804E+00   1.25322812E+00   1.25323940E+00   1.25325198E+00   1.25326601E+00   1.25328158E+00   1.25329888E+00   1.25331801E+00   1.25333910E+00   1.25336221E+00   1.25338756E+00   1.25341534E+00   1.25344571E+00   1.25347860E+00   1.25351422E+00   1.25355270E+00   1.25359412E+00   1.25363849E+00   1.25368591E+00   1.25373640E+00   1.25378970E+00   1.25384556E+00   1.25390372E+00   1.25396431E+00   1.25402676E+00   1.25409015E+00   1.25415376E+00   1.25421706E+00   1.25427888E+00   1.25433803E+00   1.25439283E+00   1.25444209E+00   1.25448270E+00   1.25451224E+00   1.25452706E+00   1.25452578E+00   1.25450359E+00   1.25445595E+00   1.25437742E+00   1.25426442E+00   1.25410929E+00   1.25390482E+00   1.25364091E+00   1.25331320E+00   1.25291175E+00   1.25242527E+00   1.25183713E+00   1.25113890E+00   1.25031302E+00   1.24935129E+00   1.24823410E+00   1.24694243E+00   1.24545372E+00   1.24375864E+00   1.24183124E+00   1.23964732E+00   1.23717744E+00   1.23440995E+00   1.23131512E+00   1.22785639E+00   1.22398941E+00   1.21971529E+00   1.21499980E+00   1.20977989E+00   1.20406271E+00   1.19783453E+00   1.19153443E+00   1.18466407E+00   1.17779219E+00   1.17044016E+00   1.16323068E+00   1.15555428E+00   1.14804994E+00   1.14008471E+00   1.13231082E+00   1.12417180E+00   1.11634085E+00   1.10811057E+00   1.10017517E+00   1.09195525E+00   1.08413328E+00   1.07594875E+00   1.06770043E+00   1.05922257E+00   1.05050751E+00   1.04148372E+00   1.03231385E+00   1.02310211E+00   1.01259136E+00   1.00000000E+00
   1.20129214E+00   1.20129191E+00   1.20129155E+00   1.20129156E+00   1.20129177E+00   1.20129221E+00   1.20129288E+00   1.20129377E+00   1.20129488E+00   1.20129622E+00   1.20129779E+00   1.20129959E+00   1.20130165E+00   1.20130401E+00   1.20130666E+00   1.20130967E+00   1.20131307E+00   1.20131693E+00   1.20132128E+00   1.20132623E+00   1.20133181E+00   1.20133811E+00   1.20134519E+00   1.20135317E+00   1.20136214E+00   1.20137223E+00   1.20138352E+00   1.20139620E+00   1.20141037E+00   1.20142617E+00   1.20144367E+00   1.20146310E+00   1.20148468E+00   1.20150858E+00   1.20153483E+00   1.20156369E+00   1.20159532E+00   1.20162994E+00   1.20166764E+00   1.20170867E+00   1.20175318E+00   1.20180118E+00   1.20185262E+00   1.20190759E+00   1.20196634E+00   1.20202875E+00   1.20209436E+00   1.20216302E+00   1.20223450E+00   1.20230837E+00   1.20238399E+00   1.20246056E+00   1.20253748E+00   1.20261291E+00   1.20268542E+00   1.20275277E+00   1.20281411E+00   1.20286635E+00   1.20290644E+00   1.20293083E+00   1.20293681E+00   1.20291891E+00   1.20287217E+00   1.20278929E+00   1.20266660E+00   1.20249636E+00   1.20227013E+00   1.20197542E+00   1.20160544E+00   1.20114574E+00   1.20058861E+00   1.19991799E+00   1.19911944E+00   1.19817353E+00   1.19707023E+00   1.19578713E+00   1.19430525E+00   1.19259822E+00   1.19065299E+00   1.18844177E+00   1.18593694E+00   1.18310076E+00   1.17992468E+00   1.17637527E+00   1.17240895E+00   1.16802459E+00   1.16319372E+00   1.15825549E+00   1.15283912E+00   1.14739226E+00   1.14151949E+00   1.13571566E+00   1.12950096E+00   1.12339487E+00   1.11689610E+00   1.11053829E+00   1.10384814E+00   1.09738215E+00   1.09057888E+00   1.08400837E+00   1.07717447E+00   1.07064894E+00   1.06382577E+00   1.05695835E+00   1.04987988E+00   1.04257629E+00   1.03500579E+00   1.02733167E+00   1.01965681E+00   1.01080298E+00   1.00000000E+00
   1.17677109E+00   1.17677074E+00   1.17677014E+00   1.17676995E+00   1.17676999E+00   1.17677028E+00   1.17677083E+00   1.17677162E+00   1.17677265E+00   1.17677389E+00   1.17677536E+00   1.17677703E+00   1.17677894E+00   1.17678110E+00   1.17678352E+00   1.17678623E+00   1.17678927E+00   1.17679269E+00   1.17679653E+00   1.17680087E+00   1.17680574E+00   1.17681123E+00   1.17681739E+00   1.17682433E+00   1.17683213E+00   1.17684093E+00   1.17685078E+00   1.17686188E+00   1.17687433E+00   1.17688825E+00   1.17690375E+00   1.17692103E+00   1.17694030E+00   1.17696176E+00   1.17698546E+00   1.17701168E+00   1.17704058E+00   1.17707243E+00   1.17710734E+00   1.17714563E+00   1.17718746E+00   1.17723296E+00   1.17728217E+00   1.17733529E+00   1.17739261E+00   1.17745417E+00   1.17751974E+00   1.17758935E+00   1.17766292E+00   1.17774031E+00   1.17782111E+00   1.17790488E+00   1.17799127E+00   1.17807899E+00   1.17816704E+00   1.17825382E+00   1.17833869E+00   1.17841929E+00   1.17849333E+00   1.17855809E+00   1.17861126E+00   1.17864843E+00   1.17866569E+00   1.17865706E+00   1.17861927E+00   1.17854573E+00   1.17842936E+00   1.17825964E+00   1.17803069E+00   1.17772970E+00   1.17734940E+00   1.17687554E+00   1.17629593E+00   1.17559286E+00   1.17475635E+00   1.17376591E+00   1.17260501E+00   1.17124907E+00   1.16968482E+00   1.16788575E+00   1.16582818E+00   1.16347738E+00   1.16082118E+00   1.15782700E+00   1.15445940E+00   1.15071299E+00   1.14655456E+00   1.14227525E+00   1.13756257E+00   1.13280444E+00   1.12764850E+00   1.12252849E+00   1.11702636E+00   1.11160218E+00   1.10581670E+00   1.10014518E+00   1.09415802E+00   1.08835489E+00   1.08224232E+00   1.07633013E+00   1.07016500E+00   1.06426525E+00   1.05809715E+00   1.05188955E+00   1.04547710E+00   1.03884438E+00   1.03196439E+00   1.02499955E+00   1.01804951E+00   1.00996872E+00   1.00000000E+00
   1.16192710E+00   1.16192665E+00   1.16192586E+00   1.16192554E+00   1.16192547E+00   1.16192569E+00   1.16192620E+00   1.16192697E+00   1.16192800E+00   1.16192927E+00   1.16193075E+00   1.16193245E+00   1.16193437E+00   1.16193652E+00   1.16193890E+00   1.16194156E+00   1.16194451E+00   1.16194781E+00   1.16195148E+00   1.16195560E+00   1.16196021E+00   1.16196538E+00   1.16197116E+00   1.16197767E+00   1.16198497E+00   1.16199319E+00   1.16200240E+00   1.16201278E+00   1.16202443E+00   1.16203748E+00   1.16205202E+00   1.16206827E+00   1.16208643E+00   1.16210670E+00   1.16212915E+00   1.16215407E+00   1.16218162E+00   1.16221208E+00   1.16224560E+00   1.16228249E+00   1.16232296E+00   1.16236718E+00   1.16241525E+00   1.16246742E+00   1.16252399E+00   1.16258510E+00   1.16265063E+00   1.16272074E+00   1.16279540E+00   1.16287463E+00   1.16295817E+00   1.16304576E+00   1.16313720E+00   1.16323152E+00   1.16332795E+00   1.16342524E+00   1.16352288E+00   1.16361896E+00   1.16371159E+00   1.16379857E+00   1.16387782E+00   1.16394556E+00   1.16399848E+00   1.16403141E+00   1.16404133E+00   1.16402239E+00   1.16396829E+00   1.16386974E+00   1.16372136E+00   1.16351146E+00   1.16323309E+00   1.16287314E+00   1.16242075E+00   1.16185938E+00   1.16117924E+00   1.16036104E+00   1.15938971E+00   1.15824196E+00   1.15690453E+00   1.15535180E+00   1.15356230E+00   1.15150320E+00   1.14916060E+00   1.14650256E+00   1.14349793E+00   1.14013893E+00   1.13639049E+00   1.13251429E+00   1.12823202E+00   1.12389497E+00   1.11917834E+00   1.11447840E+00   1.10941449E+00   1.10440980E+00   1.09906238E+00   1.09381164E+00   1.08825602E+00   1.08286000E+00   1.07717069E+00   1.07166124E+00   1.06590558E+00   1.06038901E+00   1.05462093E+00   1.04881483E+00   1.04280735E+00   1.03658261E+00   1.03012236E+00   1.02358804E+00   1.01707697E+00   1.00946304E+00   1.00000000E+00
   1.15643209E+00   1.15643161E+00   1.15643072E+00   1.15643033E+00   1.15643022E+00   1.15643041E+00   1.15643091E+00   1.15643170E+00   1.15643275E+00   1.15643404E+00   1.15643555E+00   1.15643728E+00   1.15643923E+00   1.15644140E+00   1.15644381E+00   1.15644647E+00   1.15644943E+00   1.15645271E+00   1.15645635E+00   1.15646043E+00   1.15646498E+00   1.15647007E+00   1.15647575E+00   1.15648213E+00   1.15648929E+00   1.15649734E+00   1.15650637E+00   1.15651653E+00   1.15652792E+00   1.15654070E+00   1.15655495E+00   1.15657088E+00   1.15658869E+00   1.15660858E+00   1.15663063E+00   1.15665514E+00   1.15668225E+00   1.15671227E+00   1.15674534E+00   1.15678179E+00   1.15682183E+00   1.15686565E+00   1.15691336E+00   1.15696524E+00   1.15702158E+00   1.15708258E+00   1.15714813E+00   1.15721846E+00   1.15729353E+00   1.15737345E+00   1.15745798E+00   1.15754695E+00   1.15764019E+00   1.15773686E+00   1.15783626E+00   1.15793727E+00   1.15803943E+00   1.15814098E+00   1.15824018E+00   1.15833502E+00   1.15842352E+00   1.15850209E+00   1.15856766E+00   1.15861537E+00   1.15864228E+00   1.15864281E+00   1.15861097E+00   1.15853789E+00   1.15841839E+00   1.15824122E+00   1.15799954E+00   1.15768070E+00   1.15727427E+00   1.15676424E+00   1.15614088E+00   1.15538537E+00   1.15448316E+00   1.15341148E+00   1.15215714E+00   1.15069484E+00   1.14900391E+00   1.14705222E+00   1.14482539E+00   1.14229167E+00   1.13942139E+00   1.13620596E+00   1.13260984E+00   1.12888367E+00   1.12476156E+00   1.12058121E+00   1.11602828E+00   1.11148509E+00   1.10658478E+00   1.10173672E+00   1.09655270E+00   1.09145878E+00   1.08606409E+00   1.08081992E+00   1.07528826E+00   1.06992868E+00   1.06432546E+00   1.05895153E+00   1.05333209E+00   1.04767488E+00   1.04181758E+00   1.03574417E+00   1.02943956E+00   1.02306475E+00   1.01671614E+00   1.00927503E+00   1.00000000E+00
   1.22949425E+00   1.22949417E+00   1.22949414E+00   1.22949446E+00   1.22949502E+00   1.22949583E+00   1.22949689E+00   1.22949821E+00   1.22949980E+00   1.22950167E+00   1.22950384E+00   1.22950632E+00   1.22950915E+00   1.22951236E+00   1.22951596E+00   1.22952002E+00   1.22952458E+00   1.22952969E+00   1.22953540E+00   1.22954180E+00   1.22954893E+00   1.22955685E+00   1.22956563E+00   1.22957535E+00   1.22958609E+00   1.22959796E+00   1.22961100E+00   1.22962536E+00   1.22964110E+00   1.22965829E+00   1.22967695E+00   1.22969720E+00   1.22971921E+00   1.22974301E+00   1.22976852E+00   1.22979584E+00   1.22982500E+00   1.22985601E+00   1.22988877E+00   1.22992326E+00   1.22995939E+00   1.22999682E+00   1.23003523E+00   1.23007423E+00   1.23011379E+00   1.23015320E+00   1.23019157E+00   1.23022804E+00   1.23026197E+00   1.23029208E+00   1.23031713E+00   1.23033536E+00   1.23034550E+00   1.23034455E+00   1.23033026E+00   1.23029911E+00   1.23024958E+00   1.23017705E+00   1.23007738E+00   1.22994544E+00   1.22977768E+00   1.22956705E+00   1.22930716E+00   1.22898895E+00   1.22860791E+00   1.22815453E+00   1.22761925E+00   1.22698755E+00   1.22625171E+00   1.22539597E+00   1.22441259E+00   1.22328395E+00   1.22199385E+00   1.22052250E+00   1.21886055E+00   1.21698491E+00   1.21487505E+00   1.21250553E+00   1.20986455E+00   1.20692523E+00   1.20365798E+00   1.20002628E+00   1.19602749E+00   1.19163059E+00   1.18678617E+00   1.18150557E+00   1.17576666E+00   1.16997345E+00   1.16368113E+00   1.15741467E+00   1.15072485E+00   1.14417480E+00   1.13721495E+00   1.13042814E+00   1.12324551E+00   1.11625976E+00   1.10895868E+00   1.10194509E+00   1.09459534E+00   1.08753141E+00   1.08022654E+00   1.07328728E+00   1.06604984E+00   1.05878927E+00   1.05134914E+00   1.04371890E+00   1.03584016E+00   1.02787125E+00   1.01997674E+00   1.01097474E+00   1.00000000E+00
   1.18845655E+00   1.18845634E+00   1.18845603E+00   1.18845607E+00   1.18845633E+00   1.18845684E+00   1.18845760E+00   1.18845861E+00   1.18845986E+00   1.18846136E+00   1.18846311E+00   1.18846511E+00   1.18846739E+00   1.18846996E+00   1.18847285E+00   1.18847608E+00   1.18847970E+00   1.18848376E+00   1.18848828E+00   1.18849335E+00   1.18849900E+00   1.18850529E+00   1.18851228E+00   1.18852007E+00   1.18852871E+00   1.18853832E+00   1.18854895E+00   1.18856074E+00   1.18857377E+00   1.18858814E+00   1.18860390E+00   1.18862120E+00   1.18864020E+00   1.18866100E+00   1.18868362E+00   1.18870820E+00   1.18873484E+00   1.18876365E+00   1.18879466E+00   1.18882797E+00   1.18886363E+00   1.18890154E+00   1.18894160E+00   1.18898371E+00   1.18902794E+00   1.18907401E+00   1.18912143E+00   1.18916983E+00   1.18921883E+00   1.18926777E+00   1.18931593E+00   1.18936224E+00   1.18940596E+00   1.18944514E+00   1.18947836E+00   1.18950325E+00   1.18951865E+00   1.18952139E+00   1.18950859E+00   1.18947656E+00   1.18942250E+00   1.18934106E+00   1.18922774E+00   1.18907558E+00   1.18888064E+00   1.18863526E+00   1.18833206E+00   1.18795967E+00   1.18751165E+00   1.18697469E+00   1.18634129E+00   1.18559666E+00   1.18472829E+00   1.18371851E+00   1.18255750E+00   1.18122491E+00   1.17970441E+00   1.17797244E+00   1.17601625E+00   1.17381056E+00   1.17133273E+00   1.16855014E+00   1.16545248E+00   1.16200985E+00   1.15818793E+00   1.15398938E+00   1.14938090E+00   1.14468702E+00   1.13956455E+00   1.13443827E+00   1.12892698E+00   1.12349369E+00   1.11769216E+00   1.11200859E+00   1.10597881E+00   1.10009989E+00   1.09392542E+00   1.08796878E+00   1.08172012E+00   1.07570293E+00   1.06945428E+00   1.06349753E+00   1.05729027E+00   1.05106707E+00   1.04466534E+00   1.03807369E+00   1.03126199E+00   1.02438375E+00   1.01759220E+00   1.00974778E+00   1.00000000E+00
   1.16930576E+00   1.16930548E+00   1.16930503E+00   1.16930496E+00   1.16930512E+00   1.16930555E+00   1.16930625E+00   1.16930721E+00   1.16930842E+00   1.16930988E+00   1.16931158E+00   1.16931353E+00   1.16931574E+00   1.16931822E+00   1.16932099E+00   1.16932409E+00   1.16932753E+00   1.16933137E+00   1.16933563E+00   1.16934039E+00   1.16934568E+00   1.16935156E+00   1.16935809E+00   1.16936536E+00   1.16937343E+00   1.16938242E+00   1.16939237E+00   1.16940342E+00   1.16941566E+00   1.16942920E+00   1.16944410E+00   1.16946053E+00   1.16947862E+00   1.16949851E+00   1.16952025E+00   1.16954403E+00   1.16956992E+00   1.16959812E+00   1.16962867E+00   1.16966173E+00   1.16969741E+00   1.16973570E+00   1.16977660E+00   1.16982010E+00   1.16986632E+00   1.16991514E+00   1.16996626E+00   1.17001951E+00   1.17007460E+00   1.17013116E+00   1.17018866E+00   1.17024633E+00   1.17030366E+00   1.17035917E+00   1.17041180E+00   1.17045965E+00   1.17050177E+00   1.17053561E+00   1.17055887E+00   1.17056854E+00   1.17056213E+00   1.17053514E+00   1.17048389E+00   1.17040240E+00   1.17028708E+00   1.17013121E+00   1.16992840E+00   1.16966873E+00   1.16934645E+00   1.16894951E+00   1.16847072E+00   1.16789665E+00   1.16721646E+00   1.16641366E+00   1.16547855E+00   1.16439214E+00   1.16313992E+00   1.16169949E+00   1.16005800E+00   1.15819112E+00   1.15607896E+00   1.15369076E+00   1.15101359E+00   1.14801822E+00   1.14467608E+00   1.14098584E+00   1.13691113E+00   1.13273867E+00   1.12817037E+00   1.12358330E+00   1.11863105E+00   1.11372944E+00   1.10848020E+00   1.10332280E+00   1.09784109E+00   1.09248673E+00   1.08684741E+00   1.08139347E+00   1.07566658E+00   1.07014410E+00   1.06439570E+00   1.05890488E+00   1.05318406E+00   1.04744785E+00   1.04153358E+00   1.03543016E+00   1.02911991E+00   1.02275336E+00   1.01647812E+00   1.00917323E+00   1.00000000E+00
   1.15782892E+00   1.15782860E+00   1.15782803E+00   1.15782789E+00   1.15782800E+00   1.15782839E+00   1.15782908E+00   1.15783004E+00   1.15783128E+00   1.15783277E+00   1.15783452E+00   1.15783651E+00   1.15783876E+00   1.15784128E+00   1.15784408E+00   1.15784718E+00   1.15785063E+00   1.15785445E+00   1.15785867E+00   1.15786338E+00   1.15786859E+00   1.15787437E+00   1.15788078E+00   1.15788789E+00   1.15789579E+00   1.15790457E+00   1.15791429E+00   1.15792509E+00   1.15793706E+00   1.15795031E+00   1.15796491E+00   1.15798102E+00   1.15799879E+00   1.15801838E+00   1.15803983E+00   1.15806335E+00   1.15808903E+00   1.15811709E+00   1.15814759E+00   1.15818072E+00   1.15821661E+00   1.15825531E+00   1.15829687E+00   1.15834133E+00   1.15838884E+00   1.15843937E+00   1.15849272E+00   1.15854881E+00   1.15860744E+00   1.15866837E+00   1.15873118E+00   1.15879529E+00   1.15886030E+00   1.15892500E+00   1.15898851E+00   1.15904924E+00   1.15910633E+00   1.15915761E+00   1.15920110E+00   1.15923418E+00   1.15925458E+00   1.15925828E+00   1.15924205E+00   1.15920052E+00   1.15913033E+00   1.15902535E+00   1.15887974E+00   1.15868446E+00   1.15843417E+00   1.15811763E+00   1.15772790E+00   1.15725240E+00   1.15668121E+00   1.15599870E+00   1.15519530E+00   1.15425289E+00   1.15315799E+00   1.15188905E+00   1.15043329E+00   1.14876700E+00   1.14687175E+00   1.14471798E+00   1.14229160E+00   1.13956380E+00   1.13650893E+00   1.13312344E+00   1.12936998E+00   1.12551223E+00   1.12127824E+00   1.11701637E+00   1.11240212E+00   1.10782272E+00   1.10290848E+00   1.09807039E+00   1.09292074E+00   1.08788383E+00   1.08256892E+00   1.07741996E+00   1.07200895E+00   1.06678565E+00   1.06134026E+00   1.05613184E+00   1.05070498E+00   1.04526226E+00   1.03964207E+00   1.03383360E+00   1.02782616E+00   1.02176832E+00   1.01580434E+00   1.00882475E+00   1.00000000E+00
   1.15361205E+00   1.15361169E+00   1.15361108E+00   1.15361090E+00   1.15361098E+00   1.15361136E+00   1.15361205E+00   1.15361303E+00   1.15361429E+00   1.15361581E+00   1.15361759E+00   1.15361962E+00   1.15362191E+00   1.15362447E+00   1.15362730E+00   1.15363044E+00   1.15363391E+00   1.15363775E+00   1.15364199E+00   1.15364671E+00   1.15365192E+00   1.15365770E+00   1.15366409E+00   1.15367119E+00   1.15367906E+00   1.15368780E+00   1.15369749E+00   1.15370824E+00   1.15372015E+00   1.15373334E+00   1.15374788E+00   1.15376393E+00   1.15378163E+00   1.15380116E+00   1.15382255E+00   1.15384604E+00   1.15387170E+00   1.15389977E+00   1.15393031E+00   1.15396352E+00   1.15399954E+00   1.15403846E+00   1.15408030E+00   1.15412516E+00   1.15417319E+00   1.15422439E+00   1.15427857E+00   1.15433573E+00   1.15439566E+00   1.15445818E+00   1.15452291E+00   1.15458934E+00   1.15465711E+00   1.15472508E+00   1.15479247E+00   1.15485777E+00   1.15492018E+00   1.15497764E+00   1.15502830E+00   1.15506967E+00   1.15509957E+00   1.15511414E+00   1.15511033E+00   1.15508298E+00   1.15502882E+00   1.15494192E+00   1.15481668E+00   1.15464434E+00   1.15441974E+00   1.15413193E+00   1.15377408E+00   1.15333392E+00   1.15280187E+00   1.15216264E+00   1.15140672E+00   1.15051632E+00   1.14947834E+00   1.14827156E+00   1.14688326E+00   1.14528997E+00   1.14347377E+00   1.14140556E+00   1.13907092E+00   1.13644118E+00   1.13349166E+00   1.13021806E+00   1.12658284E+00   1.12284114E+00   1.11873039E+00   1.11458844E+00   1.11009901E+00   1.10563876E+00   1.10084848E+00   1.09612859E+00   1.09110175E+00   1.08618221E+00   1.08098734E+00   1.07595129E+00   1.07065708E+00   1.06554433E+00   1.06021103E+00   1.05510709E+00   1.04978879E+00   1.04445429E+00   1.03894266E+00   1.03324316E+00   1.02734756E+00   1.02140367E+00   1.01555457E+00   1.00869523E+00   1.00000000E+00
   1.20156281E+00   1.20156263E+00   1.20156236E+00   1.20156240E+00   1.20156263E+00   1.20156306E+00   1.20156370E+00   1.20156457E+00   1.20156564E+00   1.20156694E+00   1.20156844E+00   1.20157018E+00   1.20157215E+00   1.20157437E+00   1.20157686E+00   1.20157963E+00   1.20158272E+00   1.20158616E+00   1.20158996E+00   1.20159419E+00   1.20159885E+00   1.20160399E+00   1.20160962E+00   1.20161581E+00   1.20162259E+00   1.20163001E+00   1.20163810E+00   1.20164691E+00   1.20165648E+00   1.20166683E+00   1.20167793E+00   1.20168984E+00   1.20170262E+00   1.20171628E+00   1.20173068E+00   1.20174583E+00   1.20176172E+00   1.20177825E+00   1.20179529E+00   1.20181270E+00   1.20183037E+00   1.20184789E+00   1.20186494E+00   1.20188108E+00   1.20189618E+00   1.20190951E+00   1.20192027E+00   1.20192762E+00   1.20193090E+00   1.20192889E+00   1.20192046E+00   1.20190396E+00   1.20187821E+00   1.20184060E+00   1.20178919E+00   1.20172091E+00   1.20163426E+00   1.20152520E+00   1.20139026E+00   1.20122495E+00   1.20102608E+00   1.20078760E+00   1.20050424E+00   1.20016834E+00   1.19977565E+00   1.19931775E+00   1.19878693E+00   1.19817116E+00   1.19746369E+00   1.19665106E+00   1.19572621E+00   1.19467406E+00   1.19348139E+00   1.19213132E+00   1.19061485E+00   1.18891211E+00   1.18700634E+00   1.18487575E+00   1.18250889E+00   1.17988207E+00   1.17697201E+00   1.17374856E+00   1.17020577E+00   1.16631600E+00   1.16204208E+00   1.15739539E+00   1.15234760E+00   1.14725373E+00   1.14173377E+00   1.13624946E+00   1.13039676E+00   1.12466574E+00   1.11858011E+00   1.11265141E+00   1.10638652E+00   1.10030496E+00   1.09394982E+00   1.08784568E+00   1.08146048E+00   1.07533394E+00   1.06899885E+00   1.06298233E+00   1.05672335E+00   1.05046434E+00   1.04405538E+00   1.03748855E+00   1.03072156E+00   1.02389173E+00   1.01721945E+00   1.00957568E+00   1.00000000E+00
   1.17254929E+00   1.17254908E+00   1.17254873E+00   1.17254870E+00   1.17254885E+00   1.17254922E+00   1.17254982E+00   1.17255064E+00   1.17255168E+00   1.17255293E+00   1.17255439E+00   1.17255607E+00   1.17255798E+00   1.17256012E+00   1.17256251E+00   1.17256517E+00   1.17256812E+00   1.17257140E+00   1.17257502E+00   1.17257905E+00   1.17258349E+00   1.17258840E+00   1.17259380E+00   1.17259975E+00   1.17260631E+00   1.17261353E+00   1.17262145E+00   1.17263015E+00   1.17263968E+00   1.17265009E+00   1.17266141E+00   1.17267372E+00   1.17268710E+00   1.17270161E+00   1.17271721E+00   1.17273399E+00   1.17275195E+00   1.17277114E+00   1.17279151E+00   1.17281306E+00   1.17283576E+00   1.17285944E+00   1.17288396E+00   1.17290909E+00   1.17293479E+00   1.17296068E+00   1.17298628E+00   1.17301111E+00   1.17303472E+00   1.17305637E+00   1.17307531E+00   1.17309040E+00   1.17310087E+00   1.17310486E+00   1.17310108E+00   1.17308723E+00   1.17306206E+00   1.17302259E+00   1.17296629E+00   1.17288964E+00   1.17278997E+00   1.17266243E+00   1.17250311E+00   1.17230575E+00   1.17206650E+00   1.17177828E+00   1.17143485E+00   1.17102627E+00   1.17054668E+00   1.16998429E+00   1.16933213E+00   1.16857702E+00   1.16770840E+00   1.16671058E+00   1.16557428E+00   1.16428142E+00   1.16281819E+00   1.16116374E+00   1.15930596E+00   1.15722221E+00   1.15489394E+00   1.15229293E+00   1.14940766E+00   1.14621142E+00   1.14267746E+00   1.13880962E+00   1.13457190E+00   1.13026315E+00   1.12557526E+00   1.12089694E+00   1.11587327E+00   1.11092512E+00   1.10564890E+00   1.10048707E+00   1.09502038E+00   1.08970061E+00   1.08411668E+00   1.07873280E+00   1.07309526E+00   1.06767528E+00   1.06204871E+00   1.05668755E+00   1.05111526E+00   1.04554316E+00   1.03981368E+00   1.03392172E+00   1.02784711E+00   1.02171949E+00   1.01574813E+00   1.00882458E+00   1.00000000E+00
   1.15921421E+00   1.15921398E+00   1.15921361E+00   1.15921357E+00   1.15921372E+00   1.15921411E+00   1.15921475E+00   1.15921563E+00   1.15921673E+00   1.15921806E+00   1.15921962E+00   1.15922139E+00   1.15922340E+00   1.15922565E+00   1.15922815E+00   1.15923092E+00   1.15923399E+00   1.15923739E+00   1.15924113E+00   1.15924527E+00   1.15924983E+00   1.15925487E+00   1.15926040E+00   1.15926651E+00   1.15927322E+00   1.15928063E+00   1.15928876E+00   1.15929770E+00   1.15930751E+00   1.15931826E+00   1.15932999E+00   1.15934279E+00   1.15935675E+00   1.15937195E+00   1.15938839E+00   1.15940619E+00   1.15942538E+00   1.15944603E+00   1.15946814E+00   1.15949176E+00   1.15951691E+00   1.15954350E+00   1.15957147E+00   1.15960069E+00   1.15963113E+00   1.15966256E+00   1.15969465E+00   1.15972707E+00   1.15975945E+00   1.15979124E+00   1.15982188E+00   1.15985045E+00   1.15987633E+00   1.15989801E+00   1.15991445E+00   1.15992371E+00   1.15992467E+00   1.15991480E+00   1.15989199E+00   1.15985317E+00   1.15979591E+00   1.15971594E+00   1.15960989E+00   1.15947217E+00   1.15929919E+00   1.15908451E+00   1.15882254E+00   1.15850426E+00   1.15812428E+00   1.15767167E+00   1.15713962E+00   1.15651583E+00   1.15579088E+00   1.15494975E+00   1.15398326E+00   1.15287419E+00   1.15160991E+00   1.15017021E+00   1.14854295E+00   1.14670602E+00   1.14464262E+00   1.14232547E+00   1.13974136E+00   1.13686397E+00   1.13367017E+00   1.13016061E+00   1.12629751E+00   1.12235331E+00   1.11805095E+00   1.11374554E+00   1.10910687E+00   1.10452362E+00   1.09962516E+00   1.09482147E+00   1.08972629E+00   1.08476030E+00   1.07953580E+00   1.07448824E+00   1.06919849E+00   1.06410664E+00   1.05881045E+00   1.05375557E+00   1.04850241E+00   1.04324809E+00   1.03783418E+00   1.03225679E+00   1.02650471E+00   1.02070395E+00   1.01505906E+00   1.00847123E+00   1.00000000E+00
   1.15130527E+00   1.15130503E+00   1.15130463E+00   1.15130458E+00   1.15130474E+00   1.15130516E+00   1.15130584E+00   1.15130678E+00   1.15130796E+00   1.15130938E+00   1.15131103E+00   1.15131292E+00   1.15131505E+00   1.15131742E+00   1.15132006E+00   1.15132297E+00   1.15132618E+00   1.15132972E+00   1.15133361E+00   1.15133790E+00   1.15134263E+00   1.15134782E+00   1.15135354E+00   1.15135983E+00   1.15136674E+00   1.15137436E+00   1.15138273E+00   1.15139192E+00   1.15140201E+00   1.15141308E+00   1.15142517E+00   1.15143838E+00   1.15145280E+00   1.15146853E+00   1.15148560E+00   1.15150411E+00   1.15152413E+00   1.15154574E+00   1.15156898E+00   1.15159390E+00   1.15162057E+00   1.15164893E+00   1.15167897E+00   1.15171060E+00   1.15174382E+00   1.15177847E+00   1.15181430E+00   1.15185106E+00   1.15188843E+00   1.15192598E+00   1.15196324E+00   1.15199940E+00   1.15203395E+00   1.15206556E+00   1.15209334E+00   1.15211555E+00   1.15213115E+00   1.15213788E+00   1.15213384E+00   1.15211623E+00   1.15208280E+00   1.15202957E+00   1.15195351E+00   1.15184941E+00   1.15171386E+00   1.15154080E+00   1.15132501E+00   1.15105805E+00   1.15073477E+00   1.15034478E+00   1.14988144E+00   1.14933299E+00   1.14869058E+00   1.14793974E+00   1.14707138E+00   1.14606881E+00   1.14492005E+00   1.14360537E+00   1.14211269E+00   1.14042026E+00   1.13851218E+00   1.13636181E+00   1.13395519E+00   1.13126625E+00   1.12827362E+00   1.12497621E+00   1.12133581E+00   1.11760889E+00   1.11353618E+00   1.10945293E+00   1.10504424E+00   1.10067949E+00   1.09600742E+00   1.09141857E+00   1.08654592E+00   1.08179171E+00   1.07678285E+00   1.07193732E+00   1.06685606E+00   1.06196083E+00   1.05686307E+00   1.05199237E+00   1.04693049E+00   1.04186625E+00   1.03664166E+00   1.03125339E+00   1.02569513E+00   1.02009074E+00   1.01464210E+00   1.00825660E+00   1.00000000E+00
   1.14842074E+00   1.14842049E+00   1.14842007E+00   1.14842001E+00   1.14842017E+00   1.14842060E+00   1.14842130E+00   1.14842227E+00   1.14842349E+00   1.14842495E+00   1.14842666E+00   1.14842860E+00   1.14843079E+00   1.14843322E+00   1.14843592E+00   1.14843890E+00   1.14844218E+00   1.14844579E+00   1.14844976E+00   1.14845413E+00   1.14845894E+00   1.14846422E+00   1.14847002E+00   1.14847640E+00   1.14848341E+00   1.14849113E+00   1.14849961E+00   1.14850892E+00   1.14851914E+00   1.14853035E+00   1.14854260E+00   1.14855599E+00   1.14857060E+00   1.14858655E+00   1.14860387E+00   1.14862268E+00   1.14864301E+00   1.14866500E+00   1.14868867E+00   1.14871409E+00   1.14874132E+00   1.14877035E+00   1.14880114E+00   1.14883365E+00   1.14886788E+00   1.14890369E+00   1.14894086E+00   1.14897917E+00   1.14901832E+00   1.14905791E+00   1.14909750E+00   1.14913634E+00   1.14917394E+00   1.14920905E+00   1.14924081E+00   1.14926756E+00   1.14928830E+00   1.14930084E+00   1.14930338E+00   1.14929322E+00   1.14926814E+00   1.14922431E+00   1.14915878E+00   1.14906651E+00   1.14894413E+00   1.14878574E+00   1.14858625E+00   1.14833742E+00   1.14803420E+00   1.14766639E+00   1.14722745E+00   1.14670578E+00   1.14609277E+00   1.14537414E+00   1.14454085E+00   1.14357642E+00   1.14246909E+00   1.14119934E+00   1.13975513E+00   1.13811485E+00   1.13626288E+00   1.13417285E+00   1.13183062E+00   1.12921015E+00   1.12629068E+00   1.12307052E+00   1.11951141E+00   1.11586397E+00   1.11187523E+00   1.10787327E+00   1.10354889E+00   1.09926434E+00   1.09467543E+00   1.09016555E+00   1.08537465E+00   1.08069822E+00   1.07576867E+00   1.07099750E+00   1.06599290E+00   1.06116994E+00   1.05614523E+00   1.05134237E+00   1.04635080E+00   1.04135636E+00   1.03620143E+00   1.03088283E+00   1.02539596E+00   1.01986389E+00   1.01448755E+00   1.00817680E+00   1.00000000E+00
   1.16913581E+00   1.16913556E+00   1.16913507E+00   1.16913475E+00   1.16913448E+00   1.16913429E+00   1.16913420E+00   1.16913421E+00   1.16913430E+00   1.16913448E+00   1.16913475E+00   1.16913509E+00   1.16913551E+00   1.16913602E+00   1.16913661E+00   1.16913729E+00   1.16913807E+00   1.16913896E+00   1.16913996E+00   1.16914110E+00   1.16914239E+00   1.16914382E+00   1.16914541E+00   1.16914717E+00   1.16914913E+00   1.16915129E+00   1.16915366E+00   1.16915625E+00   1.16915908E+00   1.16916213E+00   1.16916538E+00   1.16916882E+00   1.16917249E+00   1.16917634E+00   1.16918029E+00   1.16918430E+00   1.16918832E+00   1.16919226E+00   1.16919600E+00   1.16919939E+00   1.16920231E+00   1.16920445E+00   1.16920557E+00   1.16920528E+00   1.16920344E+00   1.16919946E+00   1.16919278E+00   1.16918273E+00   1.16916877E+00   1.16914992E+00   1.16912534E+00   1.16909374E+00   1.16905416E+00   1.16900467E+00   1.16894384E+00   1.16886928E+00   1.16877969E+00   1.16867197E+00   1.16854356E+00   1.16839088E+00   1.16821135E+00   1.16800022E+00   1.16775357E+00   1.16746541E+00   1.16713204E+00   1.16674653E+00   1.16630312E+00   1.16579243E+00   1.16520881E+00   1.16454139E+00   1.16378385E+00   1.16292377E+00   1.16195111E+00   1.16085163E+00   1.15961686E+00   1.15823006E+00   1.15667821E+00   1.15494250E+00   1.15301194E+00   1.15086577E+00   1.14848638E+00   1.14584841E+00   1.14294237E+00   1.13974357E+00   1.13622604E+00   1.13239698E+00   1.12822322E+00   1.12399816E+00   1.11941742E+00   1.11486263E+00   1.10998842E+00   1.10520150E+00   1.10010985E+00   1.09514132E+00   1.08988853E+00   1.08478785E+00   1.07944549E+00   1.07430346E+00   1.06892666E+00   1.06376639E+00   1.05841892E+00   1.05333109E+00   1.04804938E+00   1.04277644E+00   1.03736505E+00   1.03181660E+00   1.02610736E+00   1.02033698E+00   1.01478513E+00   1.00836336E+00   1.00000000E+00
   1.15368062E+00   1.15368043E+00   1.15368008E+00   1.15367990E+00   1.15367982E+00   1.15367987E+00   1.15368004E+00   1.15368035E+00   1.15368078E+00   1.15368134E+00   1.15368202E+00   1.15368282E+00   1.15368374E+00   1.15368479E+00   1.15368597E+00   1.15368730E+00   1.15368878E+00   1.15369043E+00   1.15369226E+00   1.15369431E+00   1.15369657E+00   1.15369907E+00   1.15370184E+00   1.15370489E+00   1.15370825E+00   1.15371196E+00   1.15371604E+00   1.15372051E+00   1.15372541E+00   1.15373075E+00   1.15373655E+00   1.15374284E+00   1.15374965E+00   1.15375699E+00   1.15376484E+00   1.15377321E+00   1.15378209E+00   1.15379146E+00   1.15380126E+00   1.15381143E+00   1.15382191E+00   1.15383254E+00   1.15384317E+00   1.15385357E+00   1.15386362E+00   1.15387294E+00   1.15388116E+00   1.15388782E+00   1.15389248E+00   1.15389444E+00   1.15389307E+00   1.15388735E+00   1.15387656E+00   1.15385914E+00   1.15383403E+00   1.15379926E+00   1.15375361E+00   1.15369455E+00   1.15362004E+00   1.15352699E+00   1.15341307E+00   1.15327413E+00   1.15310700E+00   1.15290634E+00   1.15266869E+00   1.15238780E+00   1.15205863E+00   1.15167281E+00   1.15122517E+00   1.15070566E+00   1.15010795E+00   1.14942055E+00   1.14863484E+00   1.14773703E+00   1.14671852E+00   1.14556339E+00   1.14426017E+00   1.14279033E+00   1.14114252E+00   1.13929640E+00   1.13723682E+00   1.13493901E+00   1.13239043E+00   1.12956689E+00   1.12644783E+00   1.12303580E+00   1.11929361E+00   1.11548516E+00   1.11134403E+00   1.10721239E+00   1.10277121E+00   1.09839169E+00   1.09371990E+00   1.08914686E+00   1.08430422E+00   1.07959277E+00   1.07464236E+00   1.06986479E+00   1.06486509E+00   1.06005928E+00   1.05506519E+00   1.05030244E+00   1.04536147E+00   1.04042744E+00   1.03534742E+00   1.03012630E+00   1.02475279E+00   1.01932002E+00   1.01410173E+00   1.00801717E+00   1.00000000E+00
   1.14670181E+00   1.14670164E+00   1.14670135E+00   1.14670126E+00   1.14670128E+00   1.14670145E+00   1.14670177E+00   1.14670225E+00   1.14670287E+00   1.14670364E+00   1.14670454E+00   1.14670560E+00   1.14670679E+00   1.14670814E+00   1.14670964E+00   1.14671132E+00   1.14671317E+00   1.14671523E+00   1.14671749E+00   1.14672000E+00   1.14672277E+00   1.14672582E+00   1.14672917E+00   1.14673286E+00   1.14673692E+00   1.14674139E+00   1.14674629E+00   1.14675166E+00   1.14675754E+00   1.14676397E+00   1.14677095E+00   1.14677855E+00   1.14678679E+00   1.14679571E+00   1.14680531E+00   1.14681563E+00   1.14682665E+00   1.14683841E+00   1.14685085E+00   1.14686397E+00   1.14687773E+00   1.14689200E+00   1.14690671E+00   1.14692166E+00   1.14693675E+00   1.14695171E+00   1.14696624E+00   1.14697994E+00   1.14699245E+00   1.14700317E+00   1.14701157E+00   1.14701673E+00   1.14701804E+00   1.14701412E+00   1.14700403E+00   1.14698599E+00   1.14695886E+00   1.14692034E+00   1.14686860E+00   1.14680078E+00   1.14671468E+00   1.14660643E+00   1.14647315E+00   1.14630981E+00   1.14611309E+00   1.14587706E+00   1.14559699E+00   1.14526497E+00   1.14487604E+00   1.14442055E+00   1.14389228E+00   1.14328015E+00   1.14257606E+00   1.14176655E+00   1.14084306E+00   1.13979005E+00   1.13859662E+00   1.13724450E+00   1.13572233E+00   1.13400996E+00   1.13209308E+00   1.12994725E+00   1.12755910E+00   1.12490458E+00   1.12196486E+00   1.11874063E+00   1.11519394E+00   1.11157495E+00   1.10763321E+00   1.10369336E+00   1.09944934E+00   1.09525605E+00   1.09077638E+00   1.08638462E+00   1.08172932E+00   1.07719543E+00   1.07242471E+00   1.06781466E+00   1.06298761E+00   1.05834398E+00   1.05351254E+00   1.04889991E+00   1.04411518E+00   1.03933599E+00   1.03440861E+00   1.02933906E+00   1.02412080E+00   1.01884424E+00   1.01378076E+00   1.00785348E+00   1.00000000E+00
   1.14260737E+00   1.14260722E+00   1.14260695E+00   1.14260690E+00   1.14260698E+00   1.14260723E+00   1.14260764E+00   1.14260823E+00   1.14260897E+00   1.14260987E+00   1.14261094E+00   1.14261215E+00   1.14261353E+00   1.14261507E+00   1.14261678E+00   1.14261868E+00   1.14262078E+00   1.14262309E+00   1.14262563E+00   1.14262844E+00   1.14263152E+00   1.14263491E+00   1.14263862E+00   1.14264271E+00   1.14264720E+00   1.14265212E+00   1.14265752E+00   1.14266343E+00   1.14266990E+00   1.14267696E+00   1.14268465E+00   1.14269300E+00   1.14270208E+00   1.14271192E+00   1.14272253E+00   1.14273395E+00   1.14274620E+00   1.14275931E+00   1.14277325E+00   1.14278802E+00   1.14280362E+00   1.14281993E+00   1.14283691E+00   1.14285439E+00   1.14287229E+00   1.14289037E+00   1.14290839E+00   1.14292598E+00   1.14294282E+00   1.14295837E+00   1.14297215E+00   1.14298331E+00   1.14299128E+00   1.14299480E+00   1.14299300E+00   1.14298419E+00   1.14296729E+00   1.14294012E+00   1.14290099E+00   1.14284715E+00   1.14277648E+00   1.14268530E+00   1.14257086E+00   1.14242834E+00   1.14225449E+00   1.14204358E+00   1.14179108E+00   1.14148931E+00   1.14113345E+00   1.14071413E+00   1.14022518E+00   1.13965577E+00   1.13899810E+00   1.13823894E+00   1.13736976E+00   1.13637530E+00   1.13524493E+00   1.13396059E+00   1.13251094E+00   1.13087601E+00   1.12904187E+00   1.12698433E+00   1.12468966E+00   1.12213391E+00   1.11929905E+00   1.11618478E+00   1.11275302E+00   1.10924571E+00   1.10542144E+00   1.10159463E+00   1.09746719E+00   1.09338427E+00   1.08901859E+00   1.08473453E+00   1.08019038E+00   1.07576183E+00   1.07109802E+00   1.06658778E+00   1.06186343E+00   1.05731627E+00   1.05258188E+00   1.04805898E+00   1.04336728E+00   1.03868018E+00   1.03384399E+00   1.02886523E+00   1.02373991E+00   1.01855694E+00   1.01358635E+00   1.00775386E+00   1.00000000E+00
   1.14112496E+00   1.14112481E+00   1.14112455E+00   1.14112451E+00   1.14112461E+00   1.14112488E+00   1.14112533E+00   1.14112596E+00   1.14112675E+00   1.14112771E+00   1.14112882E+00   1.14113011E+00   1.14113155E+00   1.14113317E+00   1.14113497E+00   1.14113695E+00   1.14113914E+00   1.14114155E+00   1.14114420E+00   1.14114711E+00   1.14115032E+00   1.14115383E+00   1.14115769E+00   1.14116192E+00   1.14116657E+00   1.14117166E+00   1.14117724E+00   1.14118335E+00   1.14119003E+00   1.14119732E+00   1.14120526E+00   1.14121390E+00   1.14122327E+00   1.14123344E+00   1.14124440E+00   1.14125623E+00   1.14126891E+00   1.14128249E+00   1.14129696E+00   1.14131231E+00   1.14132855E+00   1.14134557E+00   1.14136334E+00   1.14138170E+00   1.14140058E+00   1.14141974E+00   1.14143896E+00   1.14145790E+00   1.14147623E+00   1.14149345E+00   1.14150908E+00   1.14152231E+00   1.14153259E+00   1.14153867E+00   1.14153972E+00   1.14153410E+00   1.14152073E+00   1.14149749E+00   1.14146271E+00   1.14141370E+00   1.14134839E+00   1.14126313E+00   1.14115523E+00   1.14101995E+00   1.14085407E+00   1.14065193E+00   1.14040905E+00   1.14011786E+00   1.13977360E+00   1.13936697E+00   1.13889185E+00   1.13833750E+00   1.13769623E+00   1.13695487E+00   1.13610495E+00   1.13513128E+00   1.13402335E+00   1.13276317E+00   1.13133944E+00   1.12973223E+00   1.12792775E+00   1.12590192E+00   1.12364090E+00   1.12112078E+00   1.11832378E+00   1.11524927E+00   1.11185918E+00   1.10839244E+00   1.10461084E+00   1.10082514E+00   1.09674016E+00   1.09269752E+00   1.08837346E+00   1.08412877E+00   1.07962524E+00   1.07523518E+00   1.07061050E+00   1.06613685E+00   1.06145009E+00   1.05693825E+00   1.05223945E+00   1.04774949E+00   1.04309187E+00   1.03843848E+00   1.03363576E+00   1.02869039E+00   1.02359924E+00   1.01845068E+00   1.01351428E+00   1.00771679E+00   1.00000000E+00
   1.32748608E+00   1.32748619E+00   1.32748663E+00   1.32748755E+00   1.32748879E+00   1.32749017E+00   1.32749166E+00   1.32749325E+00   1.32749499E+00   1.32749697E+00   1.32749913E+00   1.32750146E+00   1.32750409E+00   1.32750717E+00   1.32751059E+00   1.32751436E+00   1.32751868E+00   1.32752368E+00   1.32752945E+00   1.32753627E+00   1.32754420E+00   1.32755330E+00   1.32756361E+00   1.32757536E+00   1.32758870E+00   1.32760373E+00   1.32762071E+00   1.32764017E+00   1.32766221E+00   1.32768688E+00   1.32771416E+00   1.32774452E+00   1.32777865E+00   1.32781685E+00   1.32785888E+00   1.32790518E+00   1.32795613E+00   1.32801188E+00   1.32807286E+00   1.32814023E+00   1.32821442E+00   1.32829523E+00   1.32838199E+00   1.32847500E+00   1.32857606E+00   1.32868558E+00   1.32880188E+00   1.32892464E+00   1.32905441E+00   1.32919063E+00   1.32933320E+00   1.32948324E+00   1.32964132E+00   1.32980470E+00   1.32996854E+00   1.33012907E+00   1.33028912E+00   1.33044574E+00   1.33059270E+00   1.33072671E+00   1.33084975E+00   1.33095613E+00   1.33102955E+00   1.33105272E+00   1.33103797E+00   1.33099259E+00   1.33089234E+00   1.33070494E+00   1.33042043E+00   1.33001958E+00   1.32950619E+00   1.32886323E+00   1.32804970E+00   1.32702744E+00   1.32580967E+00   1.32437654E+00   1.32266736E+00   1.32061829E+00   1.31826854E+00   1.31563245E+00   1.31257670E+00   1.30894620E+00   1.30484940E+00   1.30032129E+00   1.29513158E+00   1.28916475E+00   1.28257935E+00   1.27590905E+00   1.26842453E+00   1.26066479E+00   1.25223803E+00   1.24389429E+00   1.23488889E+00   1.22594239E+00   1.21621754E+00   1.20643042E+00   1.19602735E+00   1.18590876E+00   1.17507030E+00   1.16436234E+00   1.15307486E+00   1.14217475E+00   1.13055034E+00   1.11844383E+00   1.10557087E+00   1.09193819E+00   1.07759489E+00   1.06258543E+00   1.04614706E+00   1.02550423E+00   1.00000000E+00
   1.22766215E+00   1.22766118E+00   1.22765942E+00   1.22765886E+00   1.22765911E+00   1.22765993E+00   1.22766119E+00   1.22766274E+00   1.22766458E+00   1.22766673E+00   1.22766900E+00   1.22767123E+00   1.22767356E+00   1.22767607E+00   1.22767854E+00   1.22768082E+00   1.22768311E+00   1.22768555E+00   1.22768818E+00   1.22769122E+00   1.22769466E+00   1.22769843E+00   1.22770249E+00   1.22770702E+00   1.22771215E+00   1.22771791E+00   1.22772450E+00   1.22773243E+00   1.22774178E+00   1.22775241E+00   1.22776410E+00   1.22777729E+00   1.22779286E+00   1.22781110E+00   1.22783154E+00   1.22785455E+00   1.22788062E+00   1.22790997E+00   1.22794302E+00   1.22798118E+00   1.22802483E+00   1.22807374E+00   1.22812723E+00   1.22818617E+00   1.22825285E+00   1.22832802E+00   1.22841021E+00   1.22849999E+00   1.22859849E+00   1.22870610E+00   1.22882332E+00   1.22895270E+00   1.22909520E+00   1.22924918E+00   1.22941151E+00   1.22958206E+00   1.22976479E+00   1.22995881E+00   1.23016025E+00   1.23036979E+00   1.23059008E+00   1.23081835E+00   1.23104385E+00   1.23125829E+00   1.23147262E+00   1.23169331E+00   1.23190272E+00   1.23208059E+00   1.23222131E+00   1.23231294E+00   1.23235897E+00   1.23234706E+00   1.23224739E+00   1.23203486E+00   1.23171676E+00   1.23127534E+00   1.23066590E+00   1.22984356E+00   1.22883263E+00   1.22762921E+00   1.22613276E+00   1.22424202E+00   1.22203101E+00   1.21949801E+00   1.21646839E+00   1.21286306E+00   1.20879080E+00   1.20455760E+00   1.19968053E+00   1.19452171E+00   1.18883040E+00   1.18309803E+00   1.17681301E+00   1.17048062E+00   1.16350860E+00   1.15642464E+00   1.14883639E+00   1.14138983E+00   1.13334229E+00   1.12533718E+00   1.11685878E+00   1.10861378E+00   1.09972990E+00   1.09043196E+00   1.08057315E+00   1.07017528E+00   1.05916393E+00   1.04749982E+00   1.03485295E+00   1.01926823E+00   1.00000000E+00
   1.17673655E+00   1.17673473E+00   1.17673135E+00   1.17672995E+00   1.17672994E+00   1.17673103E+00   1.17673295E+00   1.17673543E+00   1.17673844E+00   1.17674188E+00   1.17674551E+00   1.17674908E+00   1.17675272E+00   1.17675645E+00   1.17675998E+00   1.17676314E+00   1.17676613E+00   1.17676904E+00   1.17677193E+00   1.17677498E+00   1.17677812E+00   1.17678123E+00   1.17678428E+00   1.17678743E+00   1.17679078E+00   1.17679434E+00   1.17679826E+00   1.17680303E+00   1.17680867E+00   1.17681499E+00   1.17682170E+00   1.17682923E+00   1.17683844E+00   1.17684955E+00   1.17686204E+00   1.17687626E+00   1.17689261E+00   1.17691131E+00   1.17693273E+00   1.17695822E+00   1.17698810E+00   1.17702208E+00   1.17705951E+00   1.17710138E+00   1.17714993E+00   1.17720588E+00   1.17726795E+00   1.17733697E+00   1.17741408E+00   1.17749992E+00   1.17759511E+00   1.17770249E+00   1.17782301E+00   1.17795557E+00   1.17809792E+00   1.17825128E+00   1.17841958E+00   1.17860261E+00   1.17879788E+00   1.17900757E+00   1.17923414E+00   1.17947615E+00   1.17972610E+00   1.17998005E+00   1.18024718E+00   1.18053301E+00   1.18082443E+00   1.18110827E+00   1.18138071E+00   1.18163316E+00   1.18186888E+00   1.18207907E+00   1.18224115E+00   1.18233698E+00   1.18237071E+00   1.18232772E+00   1.18217347E+00   1.18187365E+00   1.18144396E+00   1.18087383E+00   1.18008577E+00   1.17900814E+00   1.17769199E+00   1.17612007E+00   1.17415575E+00   1.17173702E+00   1.16893820E+00   1.16595538E+00   1.16244161E+00   1.15865882E+00   1.15442174E+00   1.15008643E+00   1.14526856E+00   1.14035639E+00   1.13489434E+00   1.12929953E+00   1.12325966E+00   1.11728444E+00   1.11078173E+00   1.10427230E+00   1.09733955E+00   1.09055545E+00   1.08319904E+00   1.07547541E+00   1.06728376E+00   1.05864037E+00   1.04943569E+00   1.03962260E+00   1.02905649E+00   1.01612206E+00   1.00000000E+00
   1.14438236E+00   1.14437977E+00   1.14437490E+00   1.14437280E+00   1.14437267E+00   1.14437418E+00   1.14437691E+00   1.14438046E+00   1.14438476E+00   1.14438962E+00   1.14439474E+00   1.14439981E+00   1.14440493E+00   1.14441008E+00   1.14441494E+00   1.14441931E+00   1.14442337E+00   1.14442723E+00   1.14443092E+00   1.14443463E+00   1.14443821E+00   1.14444156E+00   1.14444463E+00   1.14444760E+00   1.14445056E+00   1.14445348E+00   1.14445648E+00   1.14446004E+00   1.14446416E+00   1.14446862E+00   1.14447310E+00   1.14447801E+00   1.14448419E+00   1.14449179E+00   1.14450029E+00   1.14451001E+00   1.14452130E+00   1.14453434E+00   1.14454944E+00   1.14456792E+00   1.14459002E+00   1.14461542E+00   1.14464347E+00   1.14467521E+00   1.14471276E+00   1.14475673E+00   1.14480600E+00   1.14486152E+00   1.14492431E+00   1.14499510E+00   1.14507454E+00   1.14516551E+00   1.14526888E+00   1.14538386E+00   1.14550868E+00   1.14564525E+00   1.14579725E+00   1.14596474E+00   1.14614605E+00   1.14634416E+00   1.14656122E+00   1.14679650E+00   1.14704447E+00   1.14730370E+00   1.14758203E+00   1.14788433E+00   1.14820037E+00   1.14852142E+00   1.14884452E+00   1.14916307E+00   1.14948025E+00   1.14978978E+00   1.15007377E+00   1.15031855E+00   1.15052672E+00   1.15068643E+00   1.15076976E+00   1.15074932E+00   1.15063615E+00   1.15041755E+00   1.15003161E+00   1.14942526E+00   1.14863529E+00   1.14763719E+00   1.14632004E+00   1.14463235E+00   1.14262654E+00   1.14043265E+00   1.13778965E+00   1.13489239E+00   1.13159708E+00   1.12817344E+00   1.12431978E+00   1.12034659E+00   1.11588806E+00   1.11128458E+00   1.10627660E+00   1.10128423E+00   1.09581622E+00   1.09030912E+00   1.08441153E+00   1.07860802E+00   1.07228324E+00   1.06562411E+00   1.05855237E+00   1.05107598E+00   1.04307286E+00   1.03450207E+00   1.02532117E+00   1.01410757E+00   1.00000000E+00
   1.13199340E+00   1.13199040E+00   1.13198477E+00   1.13198234E+00   1.13198219E+00   1.13198395E+00   1.13198714E+00   1.13199128E+00   1.13199628E+00   1.13200190E+00   1.13200781E+00   1.13201368E+00   1.13201959E+00   1.13202550E+00   1.13203107E+00   1.13203610E+00   1.13204076E+00   1.13204515E+00   1.13204932E+00   1.13205343E+00   1.13205734E+00   1.13206092E+00   1.13206412E+00   1.13206717E+00   1.13207011E+00   1.13207290E+00   1.13207568E+00   1.13207890E+00   1.13208256E+00   1.13208644E+00   1.13209018E+00   1.13209422E+00   1.13209937E+00   1.13210576E+00   1.13211286E+00   1.13212099E+00   1.13213047E+00   1.13214146E+00   1.13215425E+00   1.13217015E+00   1.13218936E+00   1.13221154E+00   1.13223605E+00   1.13226393E+00   1.13229725E+00   1.13233658E+00   1.13238082E+00   1.13243098E+00   1.13248802E+00   1.13255269E+00   1.13262561E+00   1.13270970E+00   1.13280577E+00   1.13291311E+00   1.13303010E+00   1.13315892E+00   1.13330312E+00   1.13346278E+00   1.13363653E+00   1.13382764E+00   1.13403810E+00   1.13426742E+00   1.13451073E+00   1.13476754E+00   1.13504516E+00   1.13534818E+00   1.13566742E+00   1.13599578E+00   1.13633055E+00   1.13666584E+00   1.13700487E+00   1.13734231E+00   1.13766200E+00   1.13795207E+00   1.13821464E+00   1.13843906E+00   1.13859995E+00   1.13867267E+00   1.13866680E+00   1.13856937E+00   1.13832448E+00   1.13788619E+00   1.13728617E+00   1.13649777E+00   1.13542001E+00   1.13400556E+00   1.13229885E+00   1.13040541E+00   1.12809649E+00   1.12554057E+00   1.12261010E+00   1.11954159E+00   1.11606529E+00   1.11246093E+00   1.10839758E+00   1.10418467E+00   1.09958375E+00   1.09497975E+00   1.08992108E+00   1.08481074E+00   1.07932308E+00   1.07390843E+00   1.06799375E+00   1.06175763E+00   1.05512933E+00   1.04811265E+00   1.04058279E+00   1.03250307E+00   1.02386707E+00   1.01332402E+00   1.00000000E+00
   1.32551536E+00   1.32551545E+00   1.32551583E+00   1.32551667E+00   1.32551779E+00   1.32551909E+00   1.32552055E+00   1.32552217E+00   1.32552399E+00   1.32552605E+00   1.32552835E+00   1.32553090E+00   1.32553380E+00   1.32553716E+00   1.32554094E+00   1.32554521E+00   1.32555012E+00   1.32555579E+00   1.32556231E+00   1.32556990E+00   1.32557863E+00   1.32558860E+00   1.32559988E+00   1.32561270E+00   1.32562720E+00   1.32564358E+00   1.32566203E+00   1.32568296E+00   1.32570651E+00   1.32573278E+00   1.32576184E+00   1.32579416E+00   1.32583028E+00   1.32587046E+00   1.32591456E+00   1.32596303E+00   1.32601628E+00   1.32607459E+00   1.32613826E+00   1.32620811E+00   1.32628442E+00   1.32636704E+00   1.32645562E+00   1.32655051E+00   1.32665291E+00   1.32676288E+00   1.32687909E+00   1.32700128E+00   1.32712988E+00   1.32726442E+00   1.32740438E+00   1.32754975E+00   1.32770027E+00   1.32785281E+00   1.32800379E+00   1.32814990E+00   1.32829249E+00   1.32842786E+00   1.32855026E+00   1.32865537E+00   1.32874258E+00   1.32880465E+00   1.32882954E+00   1.32880361E+00   1.32873123E+00   1.32861029E+00   1.32842065E+00   1.32813532E+00   1.32774523E+00   1.32723057E+00   1.32658899E+00   1.32579962E+00   1.32482855E+00   1.32364195E+00   1.32224266E+00   1.32060431E+00   1.31868058E+00   1.31642078E+00   1.31383775E+00   1.31091689E+00   1.30756427E+00   1.30367179E+00   1.29929919E+00   1.29443585E+00   1.28891185E+00   1.28266729E+00   1.27579471E+00   1.26881274E+00   1.26103238E+00   1.25303858E+00   1.24437853E+00   1.23581513E+00   1.22659844E+00   1.21747255E+00   1.20761642E+00   1.19778257E+00   1.18736590E+00   1.17725118E+00   1.16645522E+00   1.15584040E+00   1.14469590E+00   1.13396799E+00   1.12256232E+00   1.11074978E+00   1.09827837E+00   1.08517129E+00   1.07141919E+00   1.05707365E+00   1.04163369E+00   1.02280549E+00   1.00000000E+00
   1.23119979E+00   1.23119889E+00   1.23119725E+00   1.23119661E+00   1.23119658E+00   1.23119702E+00   1.23119784E+00   1.23119897E+00   1.23120039E+00   1.23120206E+00   1.23120388E+00   1.23120576E+00   1.23120779E+00   1.23120998E+00   1.23121223E+00   1.23121451E+00   1.23121695E+00   1.23121963E+00   1.23122259E+00   1.23122600E+00   1.23122984E+00   1.23123414E+00   1.23123891E+00   1.23124432E+00   1.23125051E+00   1.23125759E+00   1.23126569E+00   1.23127520E+00   1.23128620E+00   1.23129870E+00   1.23131266E+00   1.23132853E+00   1.23134693E+00   1.23136813E+00   1.23139185E+00   1.23141858E+00   1.23144878E+00   1.23148284E+00   1.23152105E+00   1.23156442E+00   1.23161329E+00   1.23166767E+00   1.23172734E+00   1.23179319E+00   1.23186678E+00   1.23194860E+00   1.23203773E+00   1.23213483E+00   1.23224085E+00   1.23235631E+00   1.23248130E+00   1.23261719E+00   1.23276445E+00   1.23292160E+00   1.23308669E+00   1.23325948E+00   1.23344232E+00   1.23363378E+00   1.23383045E+00   1.23403171E+00   1.23423809E+00   1.23444581E+00   1.23464719E+00   1.23483545E+00   1.23501473E+00   1.23518420E+00   1.23532980E+00   1.23543469E+00   1.23549304E+00   1.23549112E+00   1.23542711E+00   1.23528556E+00   1.23504177E+00   1.23467192E+00   1.23417513E+00   1.23352893E+00   1.23269855E+00   1.23164584E+00   1.23037467E+00   1.22886261E+00   1.22703948E+00   1.22483139E+00   1.22227203E+00   1.21933162E+00   1.21588562E+00   1.21188887E+00   1.20739158E+00   1.20271189E+00   1.19739263E+00   1.19184446E+00   1.18574782E+00   1.17962773E+00   1.17295305E+00   1.16626599E+00   1.15897767E+00   1.15165930E+00   1.14384937E+00   1.13620343E+00   1.12799275E+00   1.11988330E+00   1.11133023E+00   1.10305029E+00   1.09419843E+00   1.08502500E+00   1.07537012E+00   1.06525434E+00   1.05458771E+00   1.04338340E+00   1.03146831E+00   1.01722732E+00   1.00000000E+00
   1.18492433E+00   1.18492274E+00   1.18491974E+00   1.18491831E+00   1.18491786E+00   1.18491821E+00   1.18491925E+00   1.18492080E+00   1.18492282E+00   1.18492518E+00   1.18492774E+00   1.18493036E+00   1.18493309E+00   1.18493590E+00   1.18493865E+00   1.18494129E+00   1.18494392E+00   1.18494660E+00   1.18494935E+00   1.18495229E+00   1.18495540E+00   1.18495865E+00   1.18496205E+00   1.18496575E+00   1.18496987E+00   1.18497447E+00   1.18497966E+00   1.18498577E+00   1.18499288E+00   1.18500094E+00   1.18500989E+00   1.18502014E+00   1.18503229E+00   1.18504653E+00   1.18506260E+00   1.18508093E+00   1.18510197E+00   1.18512607E+00   1.18515351E+00   1.18518524E+00   1.18522159E+00   1.18526261E+00   1.18530814E+00   1.18535916E+00   1.18541719E+00   1.18548278E+00   1.18555524E+00   1.18563551E+00   1.18572457E+00   1.18582320E+00   1.18593172E+00   1.18605184E+00   1.18618421E+00   1.18632812E+00   1.18648236E+00   1.18664778E+00   1.18682678E+00   1.18701882E+00   1.18722178E+00   1.18743649E+00   1.18766369E+00   1.18790114E+00   1.18814360E+00   1.18838746E+00   1.18863629E+00   1.18888990E+00   1.18913778E+00   1.18936859E+00   1.18957804E+00   1.18975557E+00   1.18989965E+00   1.18999844E+00   1.19003300E+00   1.18998490E+00   1.18985161E+00   1.18961417E+00   1.18924495E+00   1.18871279E+00   1.18801719E+00   1.18713449E+00   1.18600947E+00   1.18458512E+00   1.18287980E+00   1.18085770E+00   1.17842167E+00   1.17553110E+00   1.17221149E+00   1.16868673E+00   1.16461919E+00   1.16032387E+00   1.15554533E+00   1.15068840E+00   1.14533697E+00   1.13992747E+00   1.13399197E+00   1.12799920E+00   1.12156184E+00   1.11521832E+00   1.10837607E+00   1.10159186E+00   1.09440538E+00   1.08741835E+00   1.07992722E+00   1.07215999E+00   1.06398414E+00   1.05540794E+00   1.04632747E+00   1.03676434E+00   1.02666105E+00   1.01463787E+00   1.00000000E+00
   1.15594645E+00   1.15594423E+00   1.15594004E+00   1.15593796E+00   1.15593722E+00   1.15593763E+00   1.15593901E+00   1.15594110E+00   1.15594384E+00   1.15594702E+00   1.15595047E+00   1.15595399E+00   1.15595762E+00   1.15596129E+00   1.15596483E+00   1.15596819E+00   1.15597143E+00   1.15597460E+00   1.15597772E+00   1.15598089E+00   1.15598404E+00   1.15598717E+00   1.15599025E+00   1.15599345E+00   1.15599685E+00   1.15600050E+00   1.15600450E+00   1.15600914E+00   1.15601447E+00   1.15602046E+00   1.15602701E+00   1.15603451E+00   1.15604351E+00   1.15605417E+00   1.15606624E+00   1.15608014E+00   1.15609623E+00   1.15611489E+00   1.15613632E+00   1.15616147E+00   1.15619062E+00   1.15622384E+00   1.15626098E+00   1.15630307E+00   1.15635151E+00   1.15640685E+00   1.15646856E+00   1.15653770E+00   1.15661517E+00   1.15670190E+00   1.15679827E+00   1.15690614E+00   1.15702620E+00   1.15715817E+00   1.15730123E+00   1.15745677E+00   1.15762710E+00   1.15781212E+00   1.15801046E+00   1.15822378E+00   1.15845280E+00   1.15869616E+00   1.15895006E+00   1.15921277E+00   1.15948742E+00   1.15977425E+00   1.16006495E+00   1.16035156E+00   1.16063070E+00   1.16089391E+00   1.16113996E+00   1.16135950E+00   1.16153737E+00   1.16165878E+00   1.16172055E+00   1.16170647E+00   1.16159366E+00   1.16135575E+00   1.16099014E+00   1.16047364E+00   1.15976073E+00   1.15880471E+00   1.15761490E+00   1.15615340E+00   1.15434049E+00   1.15213780E+00   1.14955641E+00   1.14676288E+00   1.14349357E+00   1.13999985E+00   1.13606824E+00   1.13202747E+00   1.12753532E+00   1.12295860E+00   1.11790660E+00   1.11277885E+00   1.10723791E+00   1.10174667E+00   1.09580059E+00   1.08988350E+00   1.08359081E+00   1.07745056E+00   1.07085249E+00   1.06400463E+00   1.05678763E+00   1.04920037E+00   1.04113813E+00   1.03263271E+00   1.02368508E+00   1.01304322E+00   1.00000000E+00
   1.14492958E+00   1.14492704E+00   1.14492224E+00   1.14491985E+00   1.14491898E+00   1.14491945E+00   1.14492102E+00   1.14492342E+00   1.14492655E+00   1.14493018E+00   1.14493410E+00   1.14493813E+00   1.14494225E+00   1.14494639E+00   1.14495038E+00   1.14495414E+00   1.14495776E+00   1.14496124E+00   1.14496462E+00   1.14496799E+00   1.14497128E+00   1.14497446E+00   1.14497753E+00   1.14498064E+00   1.14498387E+00   1.14498726E+00   1.14499089E+00   1.14499506E+00   1.14499982E+00   1.14500512E+00   1.14501084E+00   1.14501738E+00   1.14502528E+00   1.14503467E+00   1.14504530E+00   1.14505760E+00   1.14507190E+00   1.14508855E+00   1.14510777E+00   1.14513047E+00   1.14515692E+00   1.14518720E+00   1.14522116E+00   1.14525983E+00   1.14530457E+00   1.14535591E+00   1.14541338E+00   1.14547809E+00   1.14555090E+00   1.14563276E+00   1.14572407E+00   1.14582675E+00   1.14594149E+00   1.14606814E+00   1.14620600E+00   1.14635665E+00   1.14652237E+00   1.14670316E+00   1.14689793E+00   1.14710865E+00   1.14733598E+00   1.14757888E+00   1.14783405E+00   1.14810046E+00   1.14838109E+00   1.14867630E+00   1.14897863E+00   1.14928133E+00   1.14958138E+00   1.14987113E+00   1.15014951E+00   1.15040818E+00   1.15063340E+00   1.15081187E+00   1.15094026E+00   1.15100355E+00   1.15098069E+00   1.15084727E+00   1.15060010E+00   1.15021640E+00   1.14965435E+00   1.14887114E+00   1.14787295E+00   1.14662142E+00   1.14504334E+00   1.14310114E+00   1.14080094E+00   1.13828774E+00   1.13532552E+00   1.13214069E+00   1.12853642E+00   1.12481224E+00   1.12065433E+00   1.11640215E+00   1.11169456E+00   1.10690373E+00   1.10171220E+00   1.09655350E+00   1.09095698E+00   1.08537783E+00   1.07943343E+00   1.07362325E+00   1.06737319E+00   1.06088248E+00   1.05403627E+00   1.04682974E+00   1.03915927E+00   1.03106121E+00   1.02255637E+00   1.01243898E+00   1.00000000E+00
   1.31649305E+00   1.31649308E+00   1.31649335E+00   1.31649406E+00   1.31649507E+00   1.31649629E+00   1.31649771E+00   1.31649935E+00   1.31650123E+00   1.31650339E+00   1.31650582E+00   1.31650856E+00   1.31651170E+00   1.31651532E+00   1.31651941E+00   1.31652407E+00   1.31652942E+00   1.31653557E+00   1.31654262E+00   1.31655075E+00   1.31656005E+00   1.31657064E+00   1.31658259E+00   1.31659612E+00   1.31661141E+00   1.31662864E+00   1.31664800E+00   1.31666984E+00   1.31669432E+00   1.31672158E+00   1.31675173E+00   1.31678520E+00   1.31682245E+00   1.31686375E+00   1.31690901E+00   1.31695867E+00   1.31701311E+00   1.31707264E+00   1.31713746E+00   1.31720822E+00   1.31728514E+00   1.31736811E+00   1.31745687E+00   1.31755170E+00   1.31765345E+00   1.31776202E+00   1.31787625E+00   1.31799583E+00   1.31812094E+00   1.31825095E+00   1.31838505E+00   1.31852259E+00   1.31866292E+00   1.31880281E+00   1.31893916E+00   1.31906857E+00   1.31919137E+00   1.31930322E+00   1.31939851E+00   1.31947224E+00   1.31952244E+00   1.31954117E+00   1.31951799E+00   1.31944027E+00   1.31930824E+00   1.31911528E+00   1.31884382E+00   1.31846991E+00   1.31798437E+00   1.31736686E+00   1.31661179E+00   1.31569668E+00   1.31459199E+00   1.31326693E+00   1.31171855E+00   1.30991749E+00   1.30782473E+00   1.30539654E+00   1.30263294E+00   1.29950695E+00   1.29594630E+00   1.29186750E+00   1.28730402E+00   1.28222705E+00   1.27650534E+00   1.27010870E+00   1.26308577E+00   1.25594735E+00   1.24804277E+00   1.23998886E+00   1.23129354E+00   1.22271390E+00   1.21350664E+00   1.20441994E+00   1.19465779E+00   1.18498468E+00   1.17477053E+00   1.16487277E+00   1.15435121E+00   1.14406201E+00   1.13330051E+00   1.12297099E+00   1.11203229E+00   1.10078734E+00   1.08901238E+00   1.07673154E+00   1.06388792E+00   1.05055597E+00   1.03647904E+00   1.01982114E+00   1.00000000E+00
   1.23082779E+00   1.23082700E+00   1.23082556E+00   1.23082497E+00   1.23082487E+00   1.23082515E+00   1.23082581E+00   1.23082677E+00   1.23082801E+00   1.23082950E+00   1.23083117E+00   1.23083298E+00   1.23083498E+00   1.23083719E+00   1.23083954E+00   1.23084206E+00   1.23084485E+00   1.23084796E+00   1.23085145E+00   1.23085545E+00   1.23085999E+00   1.23086512E+00   1.23087089E+00   1.23087747E+00   1.23088500E+00   1.23089361E+00   1.23090343E+00   1.23091479E+00   1.23092782E+00   1.23094259E+00   1.23095917E+00   1.23097796E+00   1.23099948E+00   1.23102399E+00   1.23105138E+00   1.23108213E+00   1.23111668E+00   1.23115543E+00   1.23119866E+00   1.23124716E+00   1.23130127E+00   1.23136114E+00   1.23142672E+00   1.23149876E+00   1.23157842E+00   1.23166608E+00   1.23176108E+00   1.23186400E+00   1.23197548E+00   1.23209589E+00   1.23222509E+00   1.23236374E+00   1.23251201E+00   1.23266845E+00   1.23283146E+00   1.23300024E+00   1.23317601E+00   1.23335674E+00   1.23353909E+00   1.23372137E+00   1.23390276E+00   1.23407867E+00   1.23424246E+00   1.23438707E+00   1.23451303E+00   1.23461589E+00   1.23468336E+00   1.23469988E+00   1.23465895E+00   1.23454542E+00   1.23435440E+00   1.23406869E+00   1.23366657E+00   1.23312475E+00   1.23243755E+00   1.23157991E+00   1.23052208E+00   1.22922894E+00   1.22769467E+00   1.22588974E+00   1.22376008E+00   1.22124481E+00   1.21835715E+00   1.21505886E+00   1.21125557E+00   1.20691982E+00   1.20206716E+00   1.19703603E+00   1.19138452E+00   1.18556256E+00   1.17920098E+00   1.17284368E+00   1.16594863E+00   1.15908106E+00   1.15165551E+00   1.14426572E+00   1.13641226E+00   1.12875065E+00   1.12057561E+00   1.11256021E+00   1.10414421E+00   1.09603115E+00   1.08742013E+00   1.07858412E+00   1.06935223E+00   1.05973120E+00   1.04963602E+00   1.03914282E+00   1.02818403E+00   1.01534931E+00   1.00000000E+00
   1.18948321E+00   1.18948188E+00   1.18947938E+00   1.18947814E+00   1.18947759E+00   1.18947766E+00   1.18947830E+00   1.18947940E+00   1.18948091E+00   1.18948272E+00   1.18948474E+00   1.18948690E+00   1.18948920E+00   1.18949162E+00   1.18949410E+00   1.18949662E+00   1.18949926E+00   1.18950205E+00   1.18950501E+00   1.18950827E+00   1.18951183E+00   1.18951570E+00   1.18951993E+00   1.18952467E+00   1.18953002E+00   1.18953611E+00   1.18954302E+00   1.18955105E+00   1.18956030E+00   1.18957085E+00   1.18958272E+00   1.18959629E+00   1.18961203E+00   1.18963019E+00   1.18965066E+00   1.18967392E+00   1.18970035E+00   1.18973039E+00   1.18976426E+00   1.18980278E+00   1.18984630E+00   1.18989503E+00   1.18994901E+00   1.19000909E+00   1.19007641E+00   1.19015145E+00   1.19023385E+00   1.19032442E+00   1.19042390E+00   1.19053296E+00   1.19065172E+00   1.19078125E+00   1.19092198E+00   1.19107325E+00   1.19123412E+00   1.19140476E+00   1.19158653E+00   1.19177840E+00   1.19197820E+00   1.19218560E+00   1.19240014E+00   1.19261880E+00   1.19283694E+00   1.19305012E+00   1.19325884E+00   1.19345985E+00   1.19364376E+00   1.19379938E+00   1.19392160E+00   1.19399813E+00   1.19402451E+00   1.19398683E+00   1.19386801E+00   1.19364883E+00   1.19332264E+00   1.19286762E+00   1.19225949E+00   1.19146791E+00   1.19048463E+00   1.18928077E+00   1.18781277E+00   1.18603020E+00   1.18393563E+00   1.18148890E+00   1.17861587E+00   1.17528819E+00   1.17150452E+00   1.16752212E+00   1.16300235E+00   1.15830557E+00   1.15312402E+00   1.14789615E+00   1.14218293E+00   1.13645488E+00   1.13023253E+00   1.12401633E+00   1.11737570E+00   1.11086504E+00   1.10389904E+00   1.09705225E+00   1.08983854E+00   1.08286257E+00   1.07544973E+00   1.06784589E+00   1.05989586E+00   1.05159508E+00   1.04286235E+00   1.03378570E+00   1.02435690E+00   1.01331234E+00   1.00000000E+00
   1.16385641E+00   1.16385462E+00   1.16385123E+00   1.16384946E+00   1.16384860E+00   1.16384859E+00   1.16384934E+00   1.16385071E+00   1.16385260E+00   1.16385487E+00   1.16385740E+00   1.16386008E+00   1.16386289E+00   1.16386580E+00   1.16386870E+00   1.16387159E+00   1.16387450E+00   1.16387746E+00   1.16388049E+00   1.16388368E+00   1.16388702E+00   1.16389054E+00   1.16389424E+00   1.16389828E+00   1.16390275E+00   1.16390775E+00   1.16391335E+00   1.16391984E+00   1.16392728E+00   1.16393576E+00   1.16394528E+00   1.16395621E+00   1.16396898E+00   1.16398380E+00   1.16400059E+00   1.16401982E+00   1.16404182E+00   1.16406702E+00   1.16409565E+00   1.16412849E+00   1.16416588E+00   1.16420809E+00   1.16425516E+00   1.16430801E+00   1.16436769E+00   1.16443474E+00   1.16450894E+00   1.16459127E+00   1.16468240E+00   1.16478320E+00   1.16489390E+00   1.16501576E+00   1.16514932E+00   1.16529436E+00   1.16545031E+00   1.16561783E+00   1.16579831E+00   1.16599123E+00   1.16619516E+00   1.16641053E+00   1.16663703E+00   1.16687256E+00   1.16711368E+00   1.16735752E+00   1.16760456E+00   1.16785236E+00   1.16809330E+00   1.16831888E+00   1.16852485E+00   1.16870088E+00   1.16884288E+00   1.16893918E+00   1.16897568E+00   1.16893594E+00   1.16881300E+00   1.16858749E+00   1.16823861E+00   1.16773937E+00   1.16708049E+00   1.16623418E+00   1.16516347E+00   1.16382425E+00   1.16221313E+00   1.16028974E+00   1.15799225E+00   1.15529138E+00   1.15217665E+00   1.14885543E+00   1.14505199E+00   1.14106823E+00   1.13663684E+00   1.13213006E+00   1.12717398E+00   1.12217751E+00   1.11672770E+00   1.11126373E+00   1.10540088E+00   1.09962917E+00   1.09343883E+00   1.08734017E+00   1.08089547E+00   1.07464690E+00   1.06800006E+00   1.06117961E+00   1.05403868E+00   1.04656624E+00   1.03868793E+00   1.03050029E+00   1.02202351E+00   1.01207408E+00   1.00000000E+00
   1.15418741E+00   1.15418539E+00   1.15418156E+00   1.15417953E+00   1.15417853E+00   1.15417850E+00   1.15417933E+00   1.15418085E+00   1.15418296E+00   1.15418549E+00   1.15418831E+00   1.15419128E+00   1.15419440E+00   1.15419758E+00   1.15420075E+00   1.15420387E+00   1.15420698E+00   1.15421010E+00   1.15421324E+00   1.15421650E+00   1.15421984E+00   1.15422330E+00   1.15422688E+00   1.15423073E+00   1.15423495E+00   1.15423961E+00   1.15424479E+00   1.15425076E+00   1.15425760E+00   1.15426537E+00   1.15427407E+00   1.15428407E+00   1.15429579E+00   1.15430943E+00   1.15432489E+00   1.15434267E+00   1.15436306E+00   1.15438650E+00   1.15441320E+00   1.15444395E+00   1.15447906E+00   1.15451883E+00   1.15456331E+00   1.15461341E+00   1.15467016E+00   1.15473413E+00   1.15480513E+00   1.15488419E+00   1.15497198E+00   1.15506941E+00   1.15517673E+00   1.15529531E+00   1.15542567E+00   1.15556778E+00   1.15572117E+00   1.15588668E+00   1.15606570E+00   1.15625788E+00   1.15646204E+00   1.15667893E+00   1.15690826E+00   1.15714825E+00   1.15739591E+00   1.15764894E+00   1.15790783E+00   1.15817045E+00   1.15842984E+00   1.15867849E+00   1.15891249E+00   1.15912226E+00   1.15930394E+00   1.15944670E+00   1.15953756E+00   1.15956122E+00   1.15951070E+00   1.15936761E+00   1.15911248E+00   1.15871969E+00   1.15817971E+00   1.15746529E+00   1.15654187E+00   1.15536777E+00   1.15393756E+00   1.15221098E+00   1.15013066E+00   1.14766695E+00   1.14480641E+00   1.14173750E+00   1.13820786E+00   1.13449673E+00   1.13035275E+00   1.12612293E+00   1.12145813E+00   1.11674330E+00   1.11159075E+00   1.10641583E+00   1.10085196E+00   1.09536439E+00   1.08947196E+00   1.08366022E+00   1.07751030E+00   1.07154042E+00   1.06518666E+00   1.05866492E+00   1.05183141E+00   1.04467285E+00   1.03711816E+00   1.02926713E+00   1.02114934E+00   1.01161027E+00   1.00000000E+00
   1.30328068E+00   1.30328066E+00   1.30328079E+00   1.30328140E+00   1.30328233E+00   1.30328351E+00   1.30328495E+00   1.30328666E+00   1.30328865E+00   1.30329097E+00   1.30329362E+00   1.30329663E+00   1.30330008E+00   1.30330404E+00   1.30330854E+00   1.30331365E+00   1.30331950E+00   1.30332618E+00   1.30333379E+00   1.30334252E+00   1.30335244E+00   1.30336367E+00   1.30337631E+00   1.30339057E+00   1.30340660E+00   1.30342462E+00   1.30344478E+00   1.30346741E+00   1.30349267E+00   1.30352072E+00   1.30355167E+00   1.30358591E+00   1.30362384E+00   1.30366573E+00   1.30371150E+00   1.30376156E+00   1.30381622E+00   1.30387578E+00   1.30394036E+00   1.30401044E+00   1.30408620E+00   1.30416749E+00   1.30425407E+00   1.30434605E+00   1.30444404E+00   1.30454775E+00   1.30465607E+00   1.30476854E+00   1.30488507E+00   1.30500478E+00   1.30512664E+00   1.30524945E+00   1.30537228E+00   1.30549173E+00   1.30560485E+00   1.30570796E+00   1.30580063E+00   1.30587795E+00   1.30593436E+00   1.30596431E+00   1.30596489E+00   1.30592769E+00   1.30584313E+00   1.30569898E+00   1.30549302E+00   1.30521616E+00   1.30485273E+00   1.30438082E+00   1.30379110E+00   1.30306320E+00   1.30218981E+00   1.30114811E+00   1.29991175E+00   1.29845235E+00   1.29676359E+00   1.29481535E+00   1.29257359E+00   1.28999954E+00   1.28708666E+00   1.28380335E+00   1.28009149E+00   1.27588348E+00   1.27119791E+00   1.26599952E+00   1.26018380E+00   1.25373923E+00   1.24668601E+00   1.23952839E+00   1.23165156E+00   1.22368694E+00   1.21512067E+00   1.20669069E+00   1.19767290E+00   1.18880554E+00   1.17932557E+00   1.16998972E+00   1.16016518E+00   1.15067091E+00   1.14062264E+00   1.13085087E+00   1.12067081E+00   1.11093192E+00   1.10066669E+00   1.09019686E+00   1.07931845E+00   1.06804634E+00   1.05630386E+00   1.04420229E+00   1.03165717E+00   1.01713253E+00   1.00000000E+00
   1.22700802E+00   1.22700733E+00   1.22700608E+00   1.22700561E+00   1.22700553E+00   1.22700583E+00   1.22700650E+00   1.22700748E+00   1.22700877E+00   1.22701033E+00   1.22701212E+00   1.22701412E+00   1.22701637E+00   1.22701889E+00   1.22702166E+00   1.22702471E+00   1.22702812E+00   1.22703197E+00   1.22703630E+00   1.22704124E+00   1.22704684E+00   1.22705318E+00   1.22706033E+00   1.22706844E+00   1.22707767E+00   1.22708817E+00   1.22710006E+00   1.22711365E+00   1.22712907E+00   1.22714647E+00   1.22716594E+00   1.22718785E+00   1.22721265E+00   1.22724060E+00   1.22727166E+00   1.22730632E+00   1.22734491E+00   1.22738787E+00   1.22743540E+00   1.22748815E+00   1.22754643E+00   1.22761041E+00   1.22768008E+00   1.22775600E+00   1.22783903E+00   1.22792939E+00   1.22802651E+00   1.22813077E+00   1.22824251E+00   1.22836180E+00   1.22848829E+00   1.22862205E+00   1.22876292E+00   1.22890924E+00   1.22905947E+00   1.22921214E+00   1.22936758E+00   1.22952314E+00   1.22967539E+00   1.22982164E+00   1.22996010E+00   1.23008544E+00   1.23019142E+00   1.23027046E+00   1.23032083E+00   1.23033588E+00   1.23030448E+00   1.23021167E+00   1.23005034E+00   1.22980458E+00   1.22946766E+00   1.22902161E+00   1.22844688E+00   1.22772072E+00   1.22683470E+00   1.22576305E+00   1.22447962E+00   1.22295172E+00   1.22116885E+00   1.21909959E+00   1.21670055E+00   1.21391953E+00   1.21075881E+00   1.20717912E+00   1.20310682E+00   1.19852681E+00   1.19343335E+00   1.18818198E+00   1.18234318E+00   1.17639106E+00   1.16992449E+00   1.16349310E+00   1.15655554E+00   1.14968522E+00   1.14230726E+00   1.13501944E+00   1.12730750E+00   1.11981383E+00   1.11186543E+00   1.10412322E+00   1.09602883E+00   1.08825809E+00   1.08006305E+00   1.07172452E+00   1.06306608E+00   1.05408347E+00   1.04470624E+00   1.03505940E+00   1.02514671E+00   1.01367952E+00   1.00000000E+00
   1.19054143E+00   1.19054033E+00   1.19053829E+00   1.19053728E+00   1.19053680E+00   1.19053685E+00   1.19053740E+00   1.19053837E+00   1.19053973E+00   1.19054139E+00   1.19054330E+00   1.19054540E+00   1.19054771E+00   1.19055022E+00   1.19055289E+00   1.19055573E+00   1.19055881E+00   1.19056218E+00   1.19056585E+00   1.19056995E+00   1.19057451E+00   1.19057957E+00   1.19058520E+00   1.19059155E+00   1.19059874E+00   1.19060690E+00   1.19061614E+00   1.19062674E+00   1.19063881E+00   1.19065249E+00   1.19066786E+00   1.19068529E+00   1.19070517E+00   1.19072775E+00   1.19075304E+00   1.19078151E+00   1.19081348E+00   1.19084940E+00   1.19088948E+00   1.19093440E+00   1.19098450E+00   1.19104003E+00   1.19110111E+00   1.19116839E+00   1.19124272E+00   1.19132451E+00   1.19141346E+00   1.19151021E+00   1.19161518E+00   1.19172882E+00   1.19185105E+00   1.19198234E+00   1.19212285E+00   1.19227170E+00   1.19242794E+00   1.19259098E+00   1.19276134E+00   1.19293738E+00   1.19311673E+00   1.19329796E+00   1.19347967E+00   1.19365802E+00   1.19382850E+00   1.19398568E+00   1.19412806E+00   1.19425037E+00   1.19434383E+00   1.19439695E+00   1.19440389E+00   1.19435121E+00   1.19423259E+00   1.19403295E+00   1.19373651E+00   1.19332358E+00   1.19278518E+00   1.19209845E+00   1.19124154E+00   1.19018516E+00   1.18891745E+00   1.18740831E+00   1.18562210E+00   1.18351355E+00   1.18107722E+00   1.17827379E+00   1.17504501E+00   1.17137252E+00   1.16723902E+00   1.16292941E+00   1.15810314E+00   1.15315195E+00   1.14773244E+00   1.14230236E+00   1.13641158E+00   1.13054893E+00   1.12423202E+00   1.11797465E+00   1.11132527E+00   1.10483895E+00   1.09794679E+00   1.09122147E+00   1.08416954E+00   1.07738232E+00   1.07022175E+00   1.06293934E+00   1.05536794E+00   1.04749552E+00   1.03926413E+00   1.03080758E+00   1.02215392E+00   1.01210373E+00   1.00000000E+00
   1.16816139E+00   1.16815997E+00   1.16815728E+00   1.16815586E+00   1.16815510E+00   1.16815502E+00   1.16815557E+00   1.16815666E+00   1.16815821E+00   1.16816012E+00   1.16816230E+00   1.16816469E+00   1.16816728E+00   1.16817003E+00   1.16817291E+00   1.16817590E+00   1.16817906E+00   1.16818241E+00   1.16818599E+00   1.16818989E+00   1.16819412E+00   1.16819874E+00   1.16820379E+00   1.16820941E+00   1.16821572E+00   1.16822284E+00   1.16823087E+00   1.16824005E+00   1.16825050E+00   1.16826236E+00   1.16827569E+00   1.16829085E+00   1.16830820E+00   1.16832800E+00   1.16835025E+00   1.16837542E+00   1.16840382E+00   1.16843590E+00   1.16847188E+00   1.16851242E+00   1.16855787E+00   1.16860856E+00   1.16866461E+00   1.16872676E+00   1.16879582E+00   1.16887226E+00   1.16895595E+00   1.16904766E+00   1.16914784E+00   1.16925713E+00   1.16937558E+00   1.16950391E+00   1.16964239E+00   1.16979058E+00   1.16994789E+00   1.17011418E+00   1.17029007E+00   1.17047446E+00   1.17066564E+00   1.17086290E+00   1.17106505E+00   1.17126914E+00   1.17147166E+00   1.17166852E+00   1.17185836E+00   1.17203681E+00   1.17219653E+00   1.17232814E+00   1.17242661E+00   1.17248014E+00   1.17248284E+00   1.17242146E+00   1.17228260E+00   1.17204868E+00   1.17171065E+00   1.17124767E+00   1.17064054E+00   1.16986242E+00   1.16890094E+00   1.16772723E+00   1.16631028E+00   1.16460903E+00   1.16261397E+00   1.16028629E+00   1.15757665E+00   1.15446456E+00   1.15092696E+00   1.14720525E+00   1.14301228E+00   1.13868722E+00   1.13392438E+00   1.12912446E+00   1.12389396E+00   1.11866756E+00   1.11301999E+00   1.10741133E+00   1.10143116E+00   1.09557964E+00   1.08935196E+00   1.08326484E+00   1.07686667E+00   1.07069602E+00   1.06418285E+00   1.05755797E+00   1.05065993E+00   1.04347294E+00   1.03594868E+00   1.02822600E+00   1.02034360E+00   1.01115160E+00   1.00000000E+00
   1.15978425E+00   1.15978266E+00   1.15977965E+00   1.15977804E+00   1.15977716E+00   1.15977703E+00   1.15977760E+00   1.15977877E+00   1.15978044E+00   1.15978249E+00   1.15978485E+00   1.15978742E+00   1.15979018E+00   1.15979310E+00   1.15979612E+00   1.15979924E+00   1.15980250E+00   1.15980592E+00   1.15980953E+00   1.15981342E+00   1.15981759E+00   1.15982211E+00   1.15982700E+00   1.15983243E+00   1.15983847E+00   1.15984527E+00   1.15985290E+00   1.15986162E+00   1.15987153E+00   1.15988277E+00   1.15989541E+00   1.15990979E+00   1.15992627E+00   1.15994509E+00   1.15996628E+00   1.15999030E+00   1.16001743E+00   1.16004814E+00   1.16008265E+00   1.16012163E+00   1.16016540E+00   1.16021433E+00   1.16026855E+00   1.16032881E+00   1.16039590E+00   1.16047033E+00   1.16055203E+00   1.16064180E+00   1.16074011E+00   1.16084764E+00   1.16096450E+00   1.16109149E+00   1.16122893E+00   1.16137653E+00   1.16153380E+00   1.16170080E+00   1.16187815E+00   1.16206494E+00   1.16225972E+00   1.16246202E+00   1.16267075E+00   1.16288326E+00   1.16309641E+00   1.16330660E+00   1.16351254E+00   1.16371023E+00   1.16389280E+00   1.16405170E+00   1.16418218E+00   1.16427311E+00   1.16431876E+00   1.16430662E+00   1.16422415E+00   1.16405464E+00   1.16378905E+00   1.16340735E+00   1.16289135E+00   1.16221517E+00   1.16136637E+00   1.16031658E+00   1.15903650E+00   1.15748665E+00   1.15565619E+00   1.15350657E+00   1.15099163E+00   1.14809007E+00   1.14477710E+00   1.14127768E+00   1.13732429E+00   1.13323609E+00   1.12872207E+00   1.12416135E+00   1.11918174E+00   1.11419716E+00   1.10880374E+00   1.10344107E+00   1.09771474E+00   1.09210402E+00   1.08612805E+00   1.08028231E+00   1.07413132E+00   1.06819368E+00   1.06192477E+00   1.05554723E+00   1.04890194E+00   1.04197187E+00   1.03471256E+00   1.02726460E+00   1.01967005E+00   1.01079714E+00   1.00000000E+00
   1.28621857E+00   1.28621848E+00   1.28621849E+00   1.28621902E+00   1.28621990E+00   1.28622109E+00   1.28622262E+00   1.28622447E+00   1.28622667E+00   1.28622925E+00   1.28623222E+00   1.28623560E+00   1.28623947E+00   1.28624389E+00   1.28624888E+00   1.28625453E+00   1.28626094E+00   1.28626822E+00   1.28627644E+00   1.28628577E+00   1.28629629E+00   1.28630812E+00   1.28632135E+00   1.28633617E+00   1.28635274E+00   1.28637124E+00   1.28639182E+00   1.28641475E+00   1.28644019E+00   1.28646828E+00   1.28649913E+00   1.28653304E+00   1.28657038E+00   1.28661135E+00   1.28665587E+00   1.28670426E+00   1.28675677E+00   1.28681359E+00   1.28687479E+00   1.28694065E+00   1.28701127E+00   1.28708640E+00   1.28716575E+00   1.28724921E+00   1.28733719E+00   1.28742915E+00   1.28752396E+00   1.28762095E+00   1.28771976E+00   1.28781923E+00   1.28791809E+00   1.28801472E+00   1.28810792E+00   1.28819410E+00   1.28827037E+00   1.28833276E+00   1.28838028E+00   1.28840760E+00   1.28840925E+00   1.28837934E+00   1.28831436E+00   1.28820572E+00   1.28804450E+00   1.28781894E+00   1.28752534E+00   1.28715339E+00   1.28668916E+00   1.28611259E+00   1.28541442E+00   1.28457495E+00   1.28358611E+00   1.28242578E+00   1.28107047E+00   1.27949429E+00   1.27768907E+00   1.27562572E+00   1.27327446E+00   1.27060102E+00   1.26759564E+00   1.26422632E+00   1.26044555E+00   1.25619787E+00   1.25149296E+00   1.24629480E+00   1.24051940E+00   1.23416822E+00   1.22724270E+00   1.22023409E+00   1.21256667E+00   1.20486694E+00   1.19661717E+00   1.18852181E+00   1.17989069E+00   1.17143597E+00   1.16243858E+00   1.15362730E+00   1.14438652E+00   1.13548306E+00   1.12610095E+00   1.11702476E+00   1.10760465E+00   1.09862347E+00   1.08920006E+00   1.07965739E+00   1.06980744E+00   1.05965411E+00   1.04911923E+00   1.03834496E+00   1.02736060E+00   1.01481176E+00   1.00000000E+00
   1.21967688E+00   1.21967627E+00   1.21967522E+00   1.21967488E+00   1.21967494E+00   1.21967538E+00   1.21967621E+00   1.21967740E+00   1.21967893E+00   1.21968079E+00   1.21968294E+00   1.21968539E+00   1.21968816E+00   1.21969127E+00   1.21969473E+00   1.21969858E+00   1.21970290E+00   1.21970774E+00   1.21971317E+00   1.21971931E+00   1.21972623E+00   1.21973399E+00   1.21974269E+00   1.21975248E+00   1.21976350E+00   1.21977591E+00   1.21978982E+00   1.21980552E+00   1.21982312E+00   1.21984280E+00   1.21986464E+00   1.21988899E+00   1.21991620E+00   1.21994651E+00   1.21997992E+00   1.22001683E+00   1.22005753E+00   1.22010235E+00   1.22015144E+00   1.22020530E+00   1.22026414E+00   1.22032806E+00   1.22039702E+00   1.22047135E+00   1.22055161E+00   1.22063784E+00   1.22072945E+00   1.22082652E+00   1.22092907E+00   1.22103687E+00   1.22114932E+00   1.22126593E+00   1.22138624E+00   1.22150830E+00   1.22163049E+00   1.22175074E+00   1.22186867E+00   1.22198108E+00   1.22208448E+00   1.22217539E+00   1.22225132E+00   1.22230642E+00   1.22233478E+00   1.22232844E+00   1.22228428E+00   1.22219441E+00   1.22204872E+00   1.22183288E+00   1.22153955E+00   1.22115280E+00   1.22066499E+00   1.22005832E+00   1.21931532E+00   1.21841425E+00   1.21734541E+00   1.21608382E+00   1.21460656E+00   1.21288365E+00   1.21090262E+00   1.20863296E+00   1.20603933E+00   1.20307684E+00   1.19974171E+00   1.19599696E+00   1.19178460E+00   1.18709900E+00   1.18192098E+00   1.17661352E+00   1.17076318E+00   1.16485091E+00   1.15846126E+00   1.15213488E+00   1.14534427E+00   1.13865437E+00   1.13151144E+00   1.12449932E+00   1.11710791E+00   1.10995226E+00   1.10240126E+00   1.09508628E+00   1.08746630E+00   1.08017743E+00   1.07253168E+00   1.06480481E+00   1.05682063E+00   1.04856864E+00   1.03999397E+00   1.03124969E+00   1.02239368E+00   1.01221159E+00   1.00000000E+00
   1.18817295E+00   1.18817206E+00   1.18817043E+00   1.18816969E+00   1.18816941E+00   1.18816961E+00   1.18817030E+00   1.18817141E+00   1.18817292E+00   1.18817478E+00   1.18817693E+00   1.18817936E+00   1.18818208E+00   1.18818508E+00   1.18818836E+00   1.18819195E+00   1.18819589E+00   1.18820025E+00   1.18820506E+00   1.18821043E+00   1.18821641E+00   1.18822307E+00   1.18823048E+00   1.18823879E+00   1.18824811E+00   1.18825861E+00   1.18827038E+00   1.18828367E+00   1.18829860E+00   1.18831536E+00   1.18833402E+00   1.18835492E+00   1.18837838E+00   1.18840465E+00   1.18843378E+00   1.18846617E+00   1.18850208E+00   1.18854192E+00   1.18858585E+00   1.18863440E+00   1.18868783E+00   1.18874636E+00   1.18881007E+00   1.18887940E+00   1.18895493E+00   1.18903688E+00   1.18912495E+00   1.18921947E+00   1.18932059E+00   1.18942842E+00   1.18954266E+00   1.18966322E+00   1.18978995E+00   1.18992163E+00   1.19005719E+00   1.19019535E+00   1.19033592E+00   1.19047668E+00   1.19061506E+00   1.19074869E+00   1.19087551E+00   1.19099099E+00   1.19109068E+00   1.19116841E+00   1.19122138E+00   1.19124307E+00   1.19122524E+00   1.19115633E+00   1.19103010E+00   1.19083272E+00   1.19055693E+00   1.19018734E+00   1.18970956E+00   1.18910418E+00   1.18836123E+00   1.18745820E+00   1.18637559E+00   1.18508590E+00   1.18357591E+00   1.18181655E+00   1.17977831E+00   1.17742096E+00   1.17473508E+00   1.17168435E+00   1.16822255E+00   1.16433973E+00   1.16000880E+00   1.15553161E+00   1.15057043E+00   1.14553226E+00   1.14005440E+00   1.13459875E+00   1.12871681E+00   1.12289919E+00   1.11667153E+00   1.11054391E+00   1.10406164E+00   1.09776574E+00   1.09111323E+00   1.08465883E+00   1.07791705E+00   1.07145348E+00   1.06467309E+00   1.05782302E+00   1.05073233E+00   1.04338609E+00   1.03574466E+00   1.02796525E+00   1.02011082E+00   1.01102043E+00   1.00000000E+00
   1.16903347E+00   1.16903235E+00   1.16903027E+00   1.16902922E+00   1.16902872E+00   1.16902880E+00   1.16902945E+00   1.16903061E+00   1.16903222E+00   1.16903420E+00   1.16903651E+00   1.16903911E+00   1.16904198E+00   1.16904511E+00   1.16904849E+00   1.16905213E+00   1.16905608E+00   1.16906038E+00   1.16906506E+00   1.16907023E+00   1.16907591E+00   1.16908218E+00   1.16908910E+00   1.16909682E+00   1.16910544E+00   1.16911511E+00   1.16912593E+00   1.16913813E+00   1.16915184E+00   1.16916722E+00   1.16918437E+00   1.16920360E+00   1.16922522E+00   1.16924949E+00   1.16927646E+00   1.16930656E+00   1.16934004E+00   1.16937730E+00   1.16941853E+00   1.16946427E+00   1.16951481E+00   1.16957042E+00   1.16963124E+00   1.16969777E+00   1.16977057E+00   1.16984999E+00   1.16993586E+00   1.17002866E+00   1.17012857E+00   1.17023591E+00   1.17035053E+00   1.17047258E+00   1.17060205E+00   1.17073813E+00   1.17088007E+00   1.17102701E+00   1.17117889E+00   1.17133399E+00   1.17149036E+00   1.17164623E+00   1.17179980E+00   1.17194733E+00   1.17208521E+00   1.17220836E+00   1.17231421E+00   1.17239710E+00   1.17244993E+00   1.17246280E+00   1.17243015E+00   1.17233956E+00   1.17218411E+00   1.17194996E+00   1.17162455E+00   1.17119011E+00   1.17063669E+00   1.16994344E+00   1.16909290E+00   1.16805935E+00   1.16682939E+00   1.16537503E+00   1.16367012E+00   1.16167731E+00   1.15938432E+00   1.15675554E+00   1.15375125E+00   1.15035888E+00   1.14654779E+00   1.14258232E+00   1.13816952E+00   1.13367026E+00   1.12875585E+00   1.12383979E+00   1.11852182E+00   1.11324581E+00   1.10758564E+00   1.10200535E+00   1.09608602E+00   1.09032268E+00   1.08422561E+00   1.07830202E+00   1.07210187E+00   1.06614717E+00   1.05989921E+00   1.05358626E+00   1.04704133E+00   1.04024757E+00   1.03317518E+00   1.02598318E+00   1.01873585E+00   1.01030271E+00   1.00000000E+00
   1.16192642E+00   1.16192518E+00   1.16192287E+00   1.16192168E+00   1.16192108E+00   1.16192111E+00   1.16192177E+00   1.16192296E+00   1.16192464E+00   1.16192672E+00   1.16192914E+00   1.16193184E+00   1.16193483E+00   1.16193807E+00   1.16194154E+00   1.16194526E+00   1.16194927E+00   1.16195361E+00   1.16195830E+00   1.16196345E+00   1.16196908E+00   1.16197526E+00   1.16198207E+00   1.16198963E+00   1.16199805E+00   1.16200748E+00   1.16201801E+00   1.16202988E+00   1.16204319E+00   1.16205814E+00   1.16207480E+00   1.16209350E+00   1.16211452E+00   1.16213813E+00   1.16216439E+00   1.16219374E+00   1.16222640E+00   1.16226279E+00   1.16230312E+00   1.16234791E+00   1.16239747E+00   1.16245209E+00   1.16251192E+00   1.16257749E+00   1.16264936E+00   1.16272789E+00   1.16281298E+00   1.16290517E+00   1.16300464E+00   1.16311177E+00   1.16322648E+00   1.16334899E+00   1.16347935E+00   1.16361688E+00   1.16376095E+00   1.16391085E+00   1.16406656E+00   1.16422656E+00   1.16438907E+00   1.16455260E+00   1.16471540E+00   1.16487404E+00   1.16502520E+00   1.16516421E+00   1.16528858E+00   1.16539300E+00   1.16547075E+00   1.16551257E+00   1.16551314E+00   1.16546059E+00   1.16534816E+00   1.16516258E+00   1.16489197E+00   1.16451921E+00   1.16403442E+00   1.16341736E+00   1.16265135E+00   1.16171139E+00   1.16058406E+00   1.15924182E+00   1.15765972E+00   1.15580148E+00   1.15365395E+00   1.15118179E+00   1.14834755E+00   1.14513771E+00   1.14152065E+00   1.13774662E+00   1.13353900E+00   1.12924137E+00   1.12453808E+00   1.11982450E+00   1.11471832E+00   1.10964572E+00   1.10419847E+00   1.09882332E+00   1.09311506E+00   1.08755143E+00   1.08166235E+00   1.07593731E+00   1.06993975E+00   1.06417533E+00   1.05812614E+00   1.05201324E+00   1.04567136E+00   1.03908308E+00   1.03222227E+00   1.02524846E+00   1.01822620E+00   1.01003633E+00   1.00000000E+00
   1.26497761E+00   1.26497744E+00   1.26497730E+00   1.26497774E+00   1.26497857E+00   1.26497978E+00   1.26498138E+00   1.26498338E+00   1.26498577E+00   1.26498859E+00   1.26499183E+00   1.26499553E+00   1.26499973E+00   1.26500449E+00   1.26500983E+00   1.26501582E+00   1.26502254E+00   1.26503009E+00   1.26503852E+00   1.26504798E+00   1.26505854E+00   1.26507029E+00   1.26508331E+00   1.26509776E+00   1.26511376E+00   1.26513147E+00   1.26515099E+00   1.26517255E+00   1.26519624E+00   1.26522220E+00   1.26525045E+00   1.26528125E+00   1.26531486E+00   1.26535139E+00   1.26539074E+00   1.26543311E+00   1.26547864E+00   1.26552740E+00   1.26557935E+00   1.26563459E+00   1.26569311E+00   1.26575450E+00   1.26581841E+00   1.26588451E+00   1.26595298E+00   1.26602307E+00   1.26609359E+00   1.26616369E+00   1.26623275E+00   1.26629938E+00   1.26636215E+00   1.26641914E+00   1.26646895E+00   1.26650794E+00   1.26653329E+00   1.26654095E+00   1.26652954E+00   1.26649362E+00   1.26642798E+00   1.26632672E+00   1.26618606E+00   1.26599767E+00   1.26575340E+00   1.26544233E+00   1.26505999E+00   1.26459587E+00   1.26403780E+00   1.26336790E+00   1.26257731E+00   1.26164776E+00   1.26057113E+00   1.25932692E+00   1.25789463E+00   1.25625116E+00   1.25438762E+00   1.25227725E+00   1.24989443E+00   1.24720934E+00   1.24421097E+00   1.24086928E+00   1.23714557E+00   1.23299452E+00   1.22842009E+00   1.22338835E+00   1.21783235E+00   1.21176226E+00   1.20516673E+00   1.19851180E+00   1.19126952E+00   1.18403951E+00   1.17631916E+00   1.16876274E+00   1.16073042E+00   1.15288993E+00   1.14457942E+00   1.13647943E+00   1.12800951E+00   1.11987014E+00   1.11132589E+00   1.10309677E+00   1.09458143E+00   1.08648601E+00   1.07802540E+00   1.06950839E+00   1.06076121E+00   1.05177914E+00   1.04249174E+00   1.03305664E+00   1.02358130E+00   1.01282189E+00   1.00000000E+00
   1.20881934E+00   1.20881881E+00   1.20881792E+00   1.20881773E+00   1.20881794E+00   1.20881856E+00   1.20881962E+00   1.20882109E+00   1.20882295E+00   1.20882518E+00   1.20882777E+00   1.20883072E+00   1.20883405E+00   1.20883779E+00   1.20884193E+00   1.20884654E+00   1.20885166E+00   1.20885737E+00   1.20886370E+00   1.20887078E+00   1.20887866E+00   1.20888741E+00   1.20889711E+00   1.20890790E+00   1.20891990E+00   1.20893325E+00   1.20894804E+00   1.20896449E+00   1.20898272E+00   1.20900287E+00   1.20902502E+00   1.20904941E+00   1.20907632E+00   1.20910594E+00   1.20913825E+00   1.20917355E+00   1.20921200E+00   1.20925386E+00   1.20929919E+00   1.20934826E+00   1.20940121E+00   1.20945800E+00   1.20951852E+00   1.20958284E+00   1.20965127E+00   1.20972360E+00   1.20979922E+00   1.20987790E+00   1.20995940E+00   1.21004314E+00   1.21012836E+00   1.21021411E+00   1.21029967E+00   1.21038287E+00   1.21046205E+00   1.21053470E+00   1.21059995E+00   1.21065427E+00   1.21069421E+00   1.21071588E+00   1.21071637E+00   1.21068971E+00   1.21063037E+00   1.21053048E+00   1.21038614E+00   1.21018906E+00   1.20993024E+00   1.20959632E+00   1.20918016E+00   1.20866658E+00   1.20804773E+00   1.20730682E+00   1.20642850E+00   1.20539273E+00   1.20418948E+00   1.20279560E+00   1.20119130E+00   1.19934968E+00   1.19725782E+00   1.19488752E+00   1.19221004E+00   1.18918696E+00   1.18581112E+00   1.18204911E+00   1.17785536E+00   1.17323099E+00   1.16814831E+00   1.16296499E+00   1.15729096E+00   1.15159602E+00   1.14546741E+00   1.13942172E+00   1.13295848E+00   1.12661786E+00   1.11987844E+00   1.11329423E+00   1.10637487E+00   1.09969561E+00   1.09267592E+00   1.08590411E+00   1.07886866E+00   1.07215722E+00   1.06514707E+00   1.05809942E+00   1.05084226E+00   1.04336306E+00   1.03562059E+00   1.02777608E+00   1.01993568E+00   1.01093308E+00   1.00000000E+00
   1.18254162E+00   1.18254090E+00   1.18253963E+00   1.18253916E+00   1.18253912E+00   1.18253958E+00   1.18254052E+00   1.18254192E+00   1.18254374E+00   1.18254595E+00   1.18254852E+00   1.18255144E+00   1.18255471E+00   1.18255835E+00   1.18256236E+00   1.18256676E+00   1.18257162E+00   1.18257697E+00   1.18258286E+00   1.18258940E+00   1.18259663E+00   1.18260461E+00   1.18261343E+00   1.18262322E+00   1.18263408E+00   1.18264615E+00   1.18265953E+00   1.18267441E+00   1.18269092E+00   1.18270921E+00   1.18272937E+00   1.18275165E+00   1.18277629E+00   1.18280353E+00   1.18283337E+00   1.18286615E+00   1.18290204E+00   1.18294133E+00   1.18298414E+00   1.18303079E+00   1.18308148E+00   1.18313628E+00   1.18319522E+00   1.18325849E+00   1.18332641E+00   1.18339900E+00   1.18347590E+00   1.18355713E+00   1.18364256E+00   1.18373198E+00   1.18382487E+00   1.18392069E+00   1.18401902E+00   1.18411831E+00   1.18421739E+00   1.18431445E+00   1.18440880E+00   1.18449777E+00   1.18457874E+00   1.18464872E+00   1.18470521E+00   1.18474337E+00   1.18475887E+00   1.18474527E+00   1.18469903E+00   1.18461307E+00   1.18447985E+00   1.18428818E+00   1.18403179E+00   1.18369726E+00   1.18327703E+00   1.18275626E+00   1.18212205E+00   1.18135607E+00   1.18044817E+00   1.17937721E+00   1.17812603E+00   1.17666950E+00   1.17499428E+00   1.17307343E+00   1.17088249E+00   1.16838613E+00   1.16557299E+00   1.16241047E+00   1.15886180E+00   1.15492335E+00   1.15056219E+00   1.14608447E+00   1.14116262E+00   1.13620272E+00   1.13083812E+00   1.12552025E+00   1.11981440E+00   1.11419792E+00   1.10821510E+00   1.10235807E+00   1.09618310E+00   1.09020526E+00   1.08391560E+00   1.07783906E+00   1.07150959E+00   1.06545845E+00   1.05913840E+00   1.05278496E+00   1.04622859E+00   1.03945501E+00   1.03243774E+00   1.02533814E+00   1.01825869E+00   1.01006451E+00   1.00000000E+00
   1.16674198E+00   1.16674111E+00   1.16673954E+00   1.16673886E+00   1.16673868E+00   1.16673904E+00   1.16673996E+00   1.16674138E+00   1.16674328E+00   1.16674558E+00   1.16674827E+00   1.16675131E+00   1.16675471E+00   1.16675846E+00   1.16676255E+00   1.16676702E+00   1.16677191E+00   1.16677726E+00   1.16678310E+00   1.16678954E+00   1.16679661E+00   1.16680439E+00   1.16681294E+00   1.16682240E+00   1.16683286E+00   1.16684447E+00   1.16685731E+00   1.16687159E+00   1.16688741E+00   1.16690494E+00   1.16692428E+00   1.16694567E+00   1.16696936E+00   1.16699556E+00   1.16702434E+00   1.16705603E+00   1.16709079E+00   1.16712896E+00   1.16717067E+00   1.16721627E+00   1.16726597E+00   1.16731994E+00   1.16737825E+00   1.16744115E+00   1.16750899E+00   1.16758189E+00   1.16765963E+00   1.16774237E+00   1.16783003E+00   1.16792259E+00   1.16801971E+00   1.16812103E+00   1.16822630E+00   1.16833433E+00   1.16844423E+00   1.16855456E+00   1.16866475E+00   1.16877261E+00   1.16887601E+00   1.16897249E+00   1.16905978E+00   1.16913373E+00   1.16919069E+00   1.16922505E+00   1.16923356E+00   1.16920988E+00   1.16914733E+00   1.16903600E+00   1.16887019E+00   1.16863759E+00   1.16833096E+00   1.16793664E+00   1.16744315E+00   1.16683337E+00   1.16609725E+00   1.16521491E+00   1.16417073E+00   1.16294084E+00   1.16151186E+00   1.15985773E+00   1.15795636E+00   1.15577430E+00   1.15329825E+00   1.15049618E+00   1.14733598E+00   1.14381128E+00   1.13988707E+00   1.13583815E+00   1.13137338E+00   1.12685999E+00   1.12196052E+00   1.11708682E+00   1.11184375E+00   1.10666984E+00   1.10114872E+00   1.09573471E+00   1.09001373E+00   1.08446390E+00   1.07861881E+00   1.07296496E+00   1.06706497E+00   1.06141561E+00   1.05551445E+00   1.04958094E+00   1.04344812E+00   1.03710106E+00   1.03052201E+00   1.02387191E+00   1.01725051E+00   1.00954148E+00   1.00000000E+00
   1.16092141E+00   1.16092047E+00   1.16091875E+00   1.16091798E+00   1.16091772E+00   1.16091805E+00   1.16091897E+00   1.16092043E+00   1.16092237E+00   1.16092475E+00   1.16092752E+00   1.16093064E+00   1.16093413E+00   1.16093797E+00   1.16094214E+00   1.16094669E+00   1.16095164E+00   1.16095704E+00   1.16096292E+00   1.16096938E+00   1.16097645E+00   1.16098421E+00   1.16099273E+00   1.16100213E+00   1.16101251E+00   1.16102401E+00   1.16103672E+00   1.16105085E+00   1.16106649E+00   1.16108383E+00   1.16110294E+00   1.16112409E+00   1.16114751E+00   1.16117342E+00   1.16120190E+00   1.16123328E+00   1.16126774E+00   1.16130559E+00   1.16134699E+00   1.16139231E+00   1.16144176E+00   1.16149552E+00   1.16155369E+00   1.16161655E+00   1.16168444E+00   1.16175752E+00   1.16183563E+00   1.16191897E+00   1.16200748E+00   1.16210121E+00   1.16219986E+00   1.16230316E+00   1.16241090E+00   1.16252203E+00   1.16263574E+00   1.16275074E+00   1.16286649E+00   1.16298099E+00   1.16309225E+00   1.16319802E+00   1.16329614E+00   1.16338266E+00   1.16345419E+00   1.16350545E+00   1.16353327E+00   1.16353159E+00   1.16349406E+00   1.16341122E+00   1.16327759E+00   1.16308128E+00   1.16281520E+00   1.16246612E+00   1.16202307E+00   1.16146943E+00   1.16079520E+00   1.15998099E+00   1.15901174E+00   1.15786408E+00   1.15652469E+00   1.15496783E+00   1.15317223E+00   1.15110520E+00   1.14875283E+00   1.14608331E+00   1.14306609E+00   1.13969388E+00   1.13593113E+00   1.13204099E+00   1.12774546E+00   1.12339741E+00   1.11867044E+00   1.11396171E+00   1.10889063E+00   1.10388123E+00   1.09853159E+00   1.09328200E+00   1.08772964E+00   1.08233882E+00   1.07665869E+00   1.07116155E+00   1.06542089E+00   1.05992057E+00   1.05417455E+00   1.04839631E+00   1.04242008E+00   1.03623078E+00   1.02981379E+00   1.02332979E+00   1.01687750E+00   1.00934759E+00   1.00000000E+00
   1.23921379E+00   1.23921350E+00   1.23921311E+00   1.23921333E+00   1.23921393E+00   1.23921493E+00   1.23921635E+00   1.23921817E+00   1.23922040E+00   1.23922303E+00   1.23922606E+00   1.23922951E+00   1.23923340E+00   1.23923777E+00   1.23924262E+00   1.23924801E+00   1.23925399E+00   1.23926062E+00   1.23926793E+00   1.23927604E+00   1.23928498E+00   1.23929481E+00   1.23930558E+00   1.23931739E+00   1.23933034E+00   1.23934451E+00   1.23935995E+00   1.23937682E+00   1.23939516E+00   1.23941503E+00   1.23943642E+00   1.23945945E+00   1.23948430E+00   1.23951098E+00   1.23953934E+00   1.23956944E+00   1.23960132E+00   1.23963493E+00   1.23967012E+00   1.23970680E+00   1.23974487E+00   1.23978381E+00   1.23982320E+00   1.23986254E+00   1.23990183E+00   1.23994017E+00   1.23997641E+00   1.24000956E+00   1.24003887E+00   1.24006283E+00   1.24008001E+00   1.24008837E+00   1.24008649E+00   1.24007091E+00   1.24003906E+00   1.23998705E+00   1.23991336E+00   1.23981285E+00   1.23968085E+00   1.23951184E+00   1.23930215E+00   1.23904418E+00   1.23873086E+00   1.23835252E+00   1.23790454E+00   1.23737704E+00   1.23675983E+00   1.23603755E+00   1.23520218E+00   1.23423750E+00   1.23313588E+00   1.23187916E+00   1.23045007E+00   1.22882862E+00   1.22700585E+00   1.22495820E+00   1.22266424E+00   1.22009848E+00   1.21724972E+00   1.21409104E+00   1.21059145E+00   1.20671418E+00   1.20245889E+00   1.19779489E+00   1.19267011E+00   1.18709898E+00   1.18106105E+00   1.17498193E+00   1.16839322E+00   1.16184487E+00   1.15486826E+00   1.14805065E+00   1.14081887E+00   1.13377788E+00   1.12633666E+00   1.11910937E+00   1.11156576E+00   1.10432827E+00   1.09675262E+00   1.08947954E+00   1.08196653E+00   1.07483644E+00   1.06740780E+00   1.05996328E+00   1.05234120E+00   1.04453260E+00   1.03647962E+00   1.02833767E+00   1.02027459E+00   1.01111707E+00   1.00000000E+00
   1.19449933E+00   1.19449884E+00   1.19449802E+00   1.19449787E+00   1.19449810E+00   1.19449876E+00   1.19449986E+00   1.19450138E+00   1.19450330E+00   1.19450560E+00   1.19450827E+00   1.19451130E+00   1.19451472E+00   1.19451852E+00   1.19452273E+00   1.19452736E+00   1.19453247E+00   1.19453811E+00   1.19454429E+00   1.19455113E+00   1.19455864E+00   1.19456690E+00   1.19457595E+00   1.19458590E+00   1.19459683E+00   1.19460885E+00   1.19462201E+00   1.19463647E+00   1.19465232E+00   1.19466962E+00   1.19468844E+00   1.19470893E+00   1.19473127E+00   1.19475556E+00   1.19478176E+00   1.19481003E+00   1.19484046E+00   1.19487316E+00   1.19490810E+00   1.19494538E+00   1.19498504E+00   1.19502690E+00   1.19507078E+00   1.19511654E+00   1.19516427E+00   1.19521358E+00   1.19526384E+00   1.19531459E+00   1.19536541E+00   1.19541549E+00   1.19546399E+00   1.19550966E+00   1.19555168E+00   1.19558781E+00   1.19561644E+00   1.19563493E+00   1.19564211E+00   1.19563445E+00   1.19560875E+00   1.19556106E+00   1.19548839E+00   1.19538504E+00   1.19524609E+00   1.19506417E+00   1.19483515E+00   1.19455101E+00   1.19420399E+00   1.19378213E+00   1.19327877E+00   1.19268015E+00   1.19197868E+00   1.19115916E+00   1.19020848E+00   1.18910867E+00   1.18784996E+00   1.18641162E+00   1.18477685E+00   1.18292191E+00   1.18083421E+00   1.17848842E+00   1.17586120E+00   1.17291980E+00   1.16965498E+00   1.16603706E+00   1.16203048E+00   1.15764007E+00   1.15283296E+00   1.14794820E+00   1.14262763E+00   1.13731312E+00   1.13160999E+00   1.12599728E+00   1.12001327E+00   1.11415943E+00   1.10795668E+00   1.10191677E+00   1.09558098E+00   1.08947568E+00   1.08307752E+00   1.07692263E+00   1.07053747E+00   1.06445598E+00   1.05812420E+00   1.05178224E+00   1.04526420E+00   1.03855946E+00   1.03163825E+00   1.02465289E+00   1.01775907E+00   1.00982480E+00   1.00000000E+00
   1.17386683E+00   1.17386625E+00   1.17386524E+00   1.17386495E+00   1.17386506E+00   1.17386565E+00   1.17386672E+00   1.17386825E+00   1.17387020E+00   1.17387256E+00   1.17387529E+00   1.17387839E+00   1.17388187E+00   1.17388572E+00   1.17388996E+00   1.17389460E+00   1.17389970E+00   1.17390528E+00   1.17391138E+00   1.17391809E+00   1.17392543E+00   1.17393347E+00   1.17394227E+00   1.17395193E+00   1.17396253E+00   1.17397418E+00   1.17398694E+00   1.17400096E+00   1.17401634E+00   1.17403317E+00   1.17405153E+00   1.17407159E+00   1.17409350E+00   1.17411742E+00   1.17414335E+00   1.17417149E+00   1.17420194E+00   1.17423487E+00   1.17427030E+00   1.17430841E+00   1.17434926E+00   1.17439283E+00   1.17443906E+00   1.17448791E+00   1.17453951E+00   1.17459368E+00   1.17465001E+00   1.17470826E+00   1.17476812E+00   1.17482911E+00   1.17489059E+00   1.17495170E+00   1.17501182E+00   1.17506926E+00   1.17512282E+00   1.17517041E+00   1.17521101E+00   1.17524182E+00   1.17526030E+00   1.17526317E+00   1.17524783E+00   1.17520946E+00   1.17514405E+00   1.17504530E+00   1.17490942E+00   1.17472935E+00   1.17449840E+00   1.17420620E+00   1.17384676E+00   1.17340762E+00   1.17288145E+00   1.17225446E+00   1.17151537E+00   1.17064738E+00   1.16964070E+00   1.16847603E+00   1.16713850E+00   1.16560549E+00   1.16386420E+00   1.16189017E+00   1.15966307E+00   1.15715200E+00   1.15434468E+00   1.15121207E+00   1.14772480E+00   1.14388323E+00   1.13965111E+00   1.13532673E+00   1.13060047E+00   1.12586312E+00   1.12075734E+00   1.11571180E+00   1.11031598E+00   1.10502177E+00   1.09940109E+00   1.09391748E+00   1.08814863E+00   1.08257536E+00   1.07672860E+00   1.07109593E+00   1.06523841E+00   1.05964801E+00   1.05382802E+00   1.04799757E+00   1.04199141E+00   1.03579904E+00   1.02940311E+00   1.02295355E+00   1.01659993E+00   1.00922811E+00   1.00000000E+00
   1.16159336E+00   1.16159269E+00   1.16159152E+00   1.16159113E+00   1.16159118E+00   1.16159175E+00   1.16159285E+00   1.16159445E+00   1.16159650E+00   1.16159898E+00   1.16160186E+00   1.16160511E+00   1.16160876E+00   1.16161278E+00   1.16161718E+00   1.16162199E+00   1.16162724E+00   1.16163297E+00   1.16163920E+00   1.16164602E+00   1.16165347E+00   1.16166159E+00   1.16167047E+00   1.16168019E+00   1.16169082E+00   1.16170250E+00   1.16171528E+00   1.16172932E+00   1.16174470E+00   1.16176155E+00   1.16177994E+00   1.16180004E+00   1.16182202E+00   1.16184604E+00   1.16187213E+00   1.16190052E+00   1.16193130E+00   1.16196468E+00   1.16200072E+00   1.16203961E+00   1.16208146E+00   1.16212631E+00   1.16217415E+00   1.16222502E+00   1.16227907E+00   1.16233621E+00   1.16239618E+00   1.16245884E+00   1.16252395E+00   1.16259119E+00   1.16266007E+00   1.16272989E+00   1.16280020E+00   1.16286959E+00   1.16293708E+00   1.16300089E+00   1.16306011E+00   1.16311234E+00   1.16315541E+00   1.16318646E+00   1.16320310E+00   1.16320102E+00   1.16317675E+00   1.16312460E+00   1.16304104E+00   1.16291957E+00   1.16275415E+00   1.16253531E+00   1.16225750E+00   1.16190909E+00   1.16148300E+00   1.16096627E+00   1.16034867E+00   1.15961421E+00   1.15875321E+00   1.15774727E+00   1.15658259E+00   1.15523739E+00   1.15369887E+00   1.15194319E+00   1.14995159E+00   1.14769433E+00   1.14515780E+00   1.14231334E+00   1.13913473E+00   1.13561980E+00   1.13173120E+00   1.12774262E+00   1.12337236E+00   1.11898067E+00   1.11423351E+00   1.10952928E+00   1.10448776E+00   1.09953082E+00   1.09426043E+00   1.08911124E+00   1.08368375E+00   1.07843110E+00   1.07291600E+00   1.06759712E+00   1.06205713E+00   1.05676247E+00   1.05124987E+00   1.04572586E+00   1.04002666E+00   1.03414195E+00   1.02806136E+00   1.02193316E+00   1.01590328E+00   1.00886853E+00   1.00000000E+00
   1.15710705E+00   1.15710634E+00   1.15710509E+00   1.15710464E+00   1.15710466E+00   1.15710523E+00   1.15710635E+00   1.15710798E+00   1.15711009E+00   1.15711264E+00   1.15711561E+00   1.15711896E+00   1.15712270E+00   1.15712682E+00   1.15713133E+00   1.15713624E+00   1.15714159E+00   1.15714742E+00   1.15715374E+00   1.15716066E+00   1.15716819E+00   1.15717640E+00   1.15718535E+00   1.15719514E+00   1.15720585E+00   1.15721760E+00   1.15723045E+00   1.15724455E+00   1.15726000E+00   1.15727691E+00   1.15729538E+00   1.15731557E+00   1.15733764E+00   1.15736177E+00   1.15738800E+00   1.15741655E+00   1.15744752E+00   1.15748114E+00   1.15751747E+00   1.15755671E+00   1.15759900E+00   1.15764438E+00   1.15769286E+00   1.15774452E+00   1.15779950E+00   1.15785777E+00   1.15791907E+00   1.15798335E+00   1.15805035E+00   1.15811983E+00   1.15819135E+00   1.15826427E+00   1.15833818E+00   1.15841178E+00   1.15848416E+00   1.15855367E+00   1.15861941E+00   1.15867914E+00   1.15873080E+00   1.15877171E+00   1.15879954E+00   1.15881018E+00   1.15880031E+00   1.15876450E+00   1.15869930E+00   1.15859845E+00   1.15845610E+00   1.15826313E+00   1.15801414E+00   1.15769784E+00   1.15730723E+00   1.15682968E+00   1.15625532E+00   1.15556849E+00   1.15475958E+00   1.15381052E+00   1.15270790E+00   1.15143028E+00   1.14996490E+00   1.14828815E+00   1.14638181E+00   1.14421661E+00   1.14177853E+00   1.13903906E+00   1.13597301E+00   1.13257737E+00   1.12881453E+00   1.12494914E+00   1.12070949E+00   1.11644465E+00   1.11182933E+00   1.10725074E+00   1.10233975E+00   1.09750713E+00   1.09236577E+00   1.08733972E+00   1.08203806E+00   1.07690365E+00   1.07151076E+00   1.06630744E+00   1.06088451E+00   1.05569891E+00   1.05029948E+00   1.04488818E+00   1.03930197E+00   1.03353061E+00   1.02756621E+00   1.02155635E+00   1.01564568E+00   1.00873525E+00   1.00000000E+00
   1.20864120E+00   1.20864074E+00   1.20863995E+00   1.20863967E+00   1.20863964E+00   1.20863991E+00   1.20864051E+00   1.20864141E+00   1.20864260E+00   1.20864408E+00   1.20864581E+00   1.20864779E+00   1.20865005E+00   1.20865257E+00   1.20865536E+00   1.20865842E+00   1.20866180E+00   1.20866551E+00   1.20866956E+00   1.20867400E+00   1.20867886E+00   1.20868413E+00   1.20868984E+00   1.20869604E+00   1.20870276E+00   1.20871004E+00   1.20871788E+00   1.20872634E+00   1.20873543E+00   1.20874514E+00   1.20875542E+00   1.20876628E+00   1.20877783E+00   1.20878999E+00   1.20880259E+00   1.20881558E+00   1.20882894E+00   1.20884251E+00   1.20885610E+00   1.20886952E+00   1.20888260E+00   1.20889482E+00   1.20890575E+00   1.20891486E+00   1.20892203E+00   1.20892636E+00   1.20892686E+00   1.20892259E+00   1.20891280E+00   1.20889609E+00   1.20887118E+00   1.20883623E+00   1.20878993E+00   1.20872937E+00   1.20865239E+00   1.20855566E+00   1.20843768E+00   1.20829408E+00   1.20812101E+00   1.20791377E+00   1.20766907E+00   1.20738053E+00   1.20704245E+00   1.20664680E+00   1.20618930E+00   1.20566130E+00   1.20505475E+00   1.20435712E+00   1.20356152E+00   1.20265426E+00   1.20162843E+00   1.20046864E+00   1.19916107E+00   1.19768882E+00   1.19604322E+00   1.19420421E+00   1.19215452E+00   1.18987252E+00   1.18734724E+00   1.18455510E+00   1.18147199E+00   1.17806790E+00   1.17433854E+00   1.17025653E+00   1.16578305E+00   1.16093199E+00   1.15567612E+00   1.15038521E+00   1.14466296E+00   1.13898841E+00   1.13294412E+00   1.12703592E+00   1.12077172E+00   1.11467774E+00   1.10824606E+00   1.10201022E+00   1.09550162E+00   1.08925701E+00   1.08273111E+00   1.07647546E+00   1.07001310E+00   1.06388082E+00   1.05750650E+00   1.05113753E+00   1.04462113E+00   1.03794991E+00   1.03108179E+00   1.02415252E+00   1.01738493E+00   1.00965451E+00   1.00000000E+00
   1.17682736E+00   1.17682688E+00   1.17682603E+00   1.17682572E+00   1.17682569E+00   1.17682600E+00   1.17682668E+00   1.17682770E+00   1.17682904E+00   1.17683069E+00   1.17683262E+00   1.17683482E+00   1.17683731E+00   1.17684008E+00   1.17684313E+00   1.17684647E+00   1.17685013E+00   1.17685414E+00   1.17685850E+00   1.17686328E+00   1.17686850E+00   1.17687417E+00   1.17688034E+00   1.17688706E+00   1.17689438E+00   1.17690236E+00   1.17691103E+00   1.17692046E+00   1.17693071E+00   1.17694179E+00   1.17695374E+00   1.17696661E+00   1.17698051E+00   1.17699546E+00   1.17701140E+00   1.17702839E+00   1.17704644E+00   1.17706554E+00   1.17708564E+00   1.17710668E+00   1.17712864E+00   1.17715125E+00   1.17717434E+00   1.17719761E+00   1.17722102E+00   1.17724410E+00   1.17726628E+00   1.17728700E+00   1.17730574E+00   1.17732167E+00   1.17733394E+00   1.17734130E+00   1.17734288E+00   1.17733665E+00   1.17732116E+00   1.17729397E+00   1.17725378E+00   1.17719740E+00   1.17712208E+00   1.17702413E+00   1.17690079E+00   1.17674698E+00   1.17655853E+00   1.17632894E+00   1.17605427E+00   1.17572722E+00   1.17534136E+00   1.17488642E+00   1.17435643E+00   1.17373937E+00   1.17302826E+00   1.17220971E+00   1.17127287E+00   1.17020192E+00   1.16898768E+00   1.16761192E+00   1.16606061E+00   1.16431290E+00   1.16235687E+00   1.16016992E+00   1.15773318E+00   1.15501851E+00   1.15201515E+00   1.14869661E+00   1.14503544E+00   1.14103712E+00   1.13666591E+00   1.13223028E+00   1.12741212E+00   1.12261143E+00   1.11746432E+00   1.11240180E+00   1.10701031E+00   1.10174197E+00   1.09616798E+00   1.09074927E+00   1.08506708E+00   1.07959341E+00   1.07386623E+00   1.06836437E+00   1.06265736E+00   1.05722328E+00   1.05157861E+00   1.04593808E+00   1.04014233E+00   1.03418653E+00   1.02805070E+00   1.02186378E+00   1.01583665E+00   1.00886505E+00   1.00000000E+00
   1.16238786E+00   1.16238738E+00   1.16238653E+00   1.16238624E+00   1.16238627E+00   1.16238669E+00   1.16238751E+00   1.16238871E+00   1.16239027E+00   1.16239216E+00   1.16239436E+00   1.16239687E+00   1.16239968E+00   1.16240279E+00   1.16240621E+00   1.16240994E+00   1.16241401E+00   1.16241845E+00   1.16242327E+00   1.16242854E+00   1.16243426E+00   1.16244047E+00   1.16244723E+00   1.16245458E+00   1.16246259E+00   1.16247131E+00   1.16248079E+00   1.16249111E+00   1.16250234E+00   1.16251452E+00   1.16252770E+00   1.16254196E+00   1.16255740E+00   1.16257409E+00   1.16259201E+00   1.16261126E+00   1.16263186E+00   1.16265388E+00   1.16267730E+00   1.16270213E+00   1.16272839E+00   1.16275595E+00   1.16278469E+00   1.16281445E+00   1.16284520E+00   1.16287665E+00   1.16290839E+00   1.16294003E+00   1.16297117E+00   1.16300118E+00   1.16302942E+00   1.16305486E+00   1.16307685E+00   1.16309371E+00   1.16310432E+00   1.16310658E+00   1.16309934E+00   1.16307991E+00   1.16304600E+00   1.16299440E+00   1.16292260E+00   1.16282612E+00   1.16270142E+00   1.16254271E+00   1.16234629E+00   1.16210551E+00   1.16181464E+00   1.16146442E+00   1.16104932E+00   1.16055820E+00   1.15998422E+00   1.15931490E+00   1.15854057E+00   1.15764612E+00   1.15662236E+00   1.15545194E+00   1.15412208E+00   1.15261252E+00   1.15091122E+00   1.14899610E+00   1.14685013E+00   1.14444610E+00   1.14177125E+00   1.13879948E+00   1.13550722E+00   1.13189638E+00   1.12792925E+00   1.12388581E+00   1.11948143E+00   1.11508007E+00   1.11034439E+00   1.10567109E+00   1.10068175E+00   1.09579408E+00   1.09061431E+00   1.08557036E+00   1.08026841E+00   1.07515012E+00   1.06978983E+00   1.06463367E+00   1.05927434E+00   1.05416232E+00   1.04885258E+00   1.04354497E+00   1.03807968E+00   1.03245304E+00   1.02665403E+00   1.02080826E+00   1.01512152E+00   1.00849889E+00   1.00000000E+00
   1.15389343E+00   1.15389292E+00   1.15389205E+00   1.15389177E+00   1.15389184E+00   1.15389235E+00   1.15389329E+00   1.15389464E+00   1.15389638E+00   1.15389848E+00   1.15390092E+00   1.15390369E+00   1.15390678E+00   1.15391019E+00   1.15391392E+00   1.15391799E+00   1.15392242E+00   1.15392723E+00   1.15393244E+00   1.15393811E+00   1.15394426E+00   1.15395093E+00   1.15395817E+00   1.15396604E+00   1.15397459E+00   1.15398390E+00   1.15399401E+00   1.15400501E+00   1.15401696E+00   1.15402995E+00   1.15404401E+00   1.15405924E+00   1.15407574E+00   1.15409360E+00   1.15411283E+00   1.15413355E+00   1.15415578E+00   1.15417963E+00   1.15420511E+00   1.15423225E+00   1.15426111E+00   1.15429160E+00   1.15432367E+00   1.15435721E+00   1.15439221E+00   1.15442846E+00   1.15446565E+00   1.15450349E+00   1.15454162E+00   1.15457954E+00   1.15461671E+00   1.15465225E+00   1.15468560E+00   1.15471531E+00   1.15474039E+00   1.15475899E+00   1.15477002E+00   1.15477107E+00   1.15476012E+00   1.15473424E+00   1.15469107E+00   1.15462648E+00   1.15453729E+00   1.15441809E+00   1.15426538E+00   1.15407291E+00   1.15383534E+00   1.15354398E+00   1.15319360E+00   1.15277360E+00   1.15227728E+00   1.15169272E+00   1.15101088E+00   1.15021715E+00   1.14930243E+00   1.14824991E+00   1.14704747E+00   1.14567534E+00   1.14412147E+00   1.14236413E+00   1.14038724E+00   1.13816421E+00   1.13568142E+00   1.13291296E+00   1.12983718E+00   1.12645402E+00   1.12272523E+00   1.11891380E+00   1.11475407E+00   1.11058888E+00   1.10609719E+00   1.10165524E+00   1.09690520E+00   1.09224426E+00   1.08729899E+00   1.08247785E+00   1.07740247E+00   1.07249619E+00   1.06735442E+00   1.06240406E+00   1.05725220E+00   1.05233261E+00   1.04722240E+00   1.04211274E+00   1.03684451E+00   1.03141456E+00   1.02581678E+00   1.02017478E+00   1.01469148E+00   1.00827791E+00   1.00000000E+00
   1.15081239E+00   1.15081187E+00   1.15081096E+00   1.15081068E+00   1.15081077E+00   1.15081130E+00   1.15081229E+00   1.15081370E+00   1.15081553E+00   1.15081772E+00   1.15082027E+00   1.15082315E+00   1.15082637E+00   1.15082991E+00   1.15083379E+00   1.15083801E+00   1.15084260E+00   1.15084757E+00   1.15085295E+00   1.15085880E+00   1.15086514E+00   1.15087201E+00   1.15087945E+00   1.15088754E+00   1.15089631E+00   1.15090586E+00   1.15091623E+00   1.15092751E+00   1.15093976E+00   1.15095307E+00   1.15096748E+00   1.15098309E+00   1.15100001E+00   1.15101832E+00   1.15103805E+00   1.15105932E+00   1.15108216E+00   1.15110669E+00   1.15113292E+00   1.15116091E+00   1.15119071E+00   1.15122227E+00   1.15125553E+00   1.15129041E+00   1.15132692E+00   1.15136486E+00   1.15140397E+00   1.15144398E+00   1.15148454E+00   1.15152522E+00   1.15156549E+00   1.15160454E+00   1.15164183E+00   1.15167598E+00   1.15170607E+00   1.15173031E+00   1.15174765E+00   1.15175579E+00   1.15175278E+00   1.15173579E+00   1.15170254E+00   1.15164900E+00   1.15157213E+00   1.15146666E+00   1.15132916E+00   1.15115352E+00   1.15093455E+00   1.15066377E+00   1.15033605E+00   1.14994100E+00   1.14947200E+00   1.14891729E+00   1.14826810E+00   1.14751001E+00   1.14663395E+00   1.14562332E+00   1.14446625E+00   1.14314315E+00   1.14164201E+00   1.13994123E+00   1.13802506E+00   1.13586712E+00   1.13345359E+00   1.13075860E+00   1.12776113E+00   1.12446044E+00   1.12081823E+00   1.11709124E+00   1.11302056E+00   1.10894139E+00   1.10453875E+00   1.10018138E+00   1.09551887E+00   1.09094094E+00   1.08608149E+00   1.08134188E+00   1.07634954E+00   1.07152101E+00   1.06645931E+00   1.06158436E+00   1.05650864E+00   1.05165970E+00   1.04662265E+00   1.04158551E+00   1.03638958E+00   1.03103192E+00   1.02550808E+00   1.01994097E+00   1.01453247E+00   1.00819596E+00   1.00000000E+00
   1.17299006E+00   1.17298952E+00   1.17298843E+00   1.17298757E+00   1.17298673E+00   1.17298598E+00   1.17298534E+00   1.17298480E+00   1.17298434E+00   1.17298395E+00   1.17298361E+00   1.17298331E+00   1.17298305E+00   1.17298281E+00   1.17298259E+00   1.17298238E+00   1.17298219E+00   1.17298202E+00   1.17298186E+00   1.17298173E+00   1.17298163E+00   1.17298154E+00   1.17298148E+00   1.17298144E+00   1.17298143E+00   1.17298145E+00   1.17298149E+00   1.17298157E+00   1.17298166E+00   1.17298173E+00   1.17298175E+00   1.17298167E+00   1.17298155E+00   1.17298130E+00   1.17298078E+00   1.17297995E+00   1.17297872E+00   1.17297698E+00   1.17297456E+00   1.17297129E+00   1.17296701E+00   1.17296134E+00   1.17295397E+00   1.17294449E+00   1.17293273E+00   1.17291804E+00   1.17289973E+00   1.17287709E+00   1.17284953E+00   1.17281599E+00   1.17277554E+00   1.17272681E+00   1.17266877E+00   1.17259936E+00   1.17251701E+00   1.17241926E+00   1.17230480E+00   1.17217036E+00   1.17201322E+00   1.17182972E+00   1.17161722E+00   1.17137087E+00   1.17108652E+00   1.17075805E+00   1.17038175E+00   1.16995063E+00   1.16945878E+00   1.16889661E+00   1.16825846E+00   1.16753335E+00   1.16671509E+00   1.16579117E+00   1.16475126E+00   1.16358119E+00   1.16227269E+00   1.16080899E+00   1.15917683E+00   1.15735759E+00   1.15534054E+00   1.15310504E+00   1.15063309E+00   1.14789955E+00   1.14489578E+00   1.14159723E+00   1.13797713E+00   1.13404412E+00   1.12976554E+00   1.12544210E+00   1.12076118E+00   1.11611309E+00   1.11114578E+00   1.10627341E+00   1.10109626E+00   1.09604928E+00   1.09071785E+00   1.08554501E+00   1.08013147E+00   1.07492476E+00   1.06948352E+00   1.06426455E+00   1.05885971E+00   1.05372006E+00   1.04838684E+00   1.04306518E+00   1.03760671E+00   1.03201284E+00   1.02625986E+00   1.02044678E+00   1.01485454E+00   1.00839641E+00   1.00000000E+00
   1.15593580E+00   1.15593539E+00   1.15593460E+00   1.15593408E+00   1.15593367E+00   1.15593344E+00   1.15593338E+00   1.15593350E+00   1.15593378E+00   1.15593420E+00   1.15593476E+00   1.15593545E+00   1.15593626E+00   1.15593719E+00   1.15593823E+00   1.15593939E+00   1.15594068E+00   1.15594211E+00   1.15594367E+00   1.15594541E+00   1.15594732E+00   1.15594942E+00   1.15595172E+00   1.15595424E+00   1.15595700E+00   1.15596004E+00   1.15596337E+00   1.15596700E+00   1.15597097E+00   1.15597527E+00   1.15597992E+00   1.15598492E+00   1.15599032E+00   1.15599611E+00   1.15600224E+00   1.15600871E+00   1.15601549E+00   1.15602256E+00   1.15602983E+00   1.15603722E+00   1.15604465E+00   1.15605192E+00   1.15605886E+00   1.15606519E+00   1.15607079E+00   1.15607525E+00   1.15607813E+00   1.15607892E+00   1.15607717E+00   1.15607212E+00   1.15606310E+00   1.15604902E+00   1.15602911E+00   1.15600174E+00   1.15596578E+00   1.15591918E+00   1.15586072E+00   1.15578776E+00   1.15569816E+00   1.15558877E+00   1.15545720E+00   1.15529923E+00   1.15511158E+00   1.15488880E+00   1.15462741E+00   1.15432105E+00   1.15396464E+00   1.15354968E+00   1.15307096E+00   1.15251834E+00   1.15188553E+00   1.15116097E+00   1.15033591E+00   1.14939657E+00   1.14833440E+00   1.14713348E+00   1.14578222E+00   1.14426218E+00   1.14256212E+00   1.14066177E+00   1.13854583E+00   1.13618966E+00   1.13358110E+00   1.13069611E+00   1.12751379E+00   1.12403756E+00   1.12023038E+00   1.11636073E+00   1.11215733E+00   1.10796777E+00   1.10346868E+00   1.09903594E+00   1.09431091E+00   1.08968911E+00   1.08479768E+00   1.08004158E+00   1.07504719E+00   1.07022972E+00   1.06519043E+00   1.06034869E+00   1.05531960E+00   1.05052534E+00   1.04555322E+00   1.04058995E+00   1.03548192E+00   1.03023403E+00   1.02483508E+00   1.01937783E+00   1.01413684E+00   1.00803308E+00   1.00000000E+00
   1.14834435E+00   1.14834400E+00   1.14834335E+00   1.14834301E+00   1.14834282E+00   1.14834285E+00   1.14834310E+00   1.14834357E+00   1.14834424E+00   1.14834509E+00   1.14834613E+00   1.14834733E+00   1.14834869E+00   1.14835022E+00   1.14835192E+00   1.14835378E+00   1.14835582E+00   1.14835805E+00   1.14836048E+00   1.14836315E+00   1.14836605E+00   1.14836921E+00   1.14837266E+00   1.14837642E+00   1.14838051E+00   1.14838499E+00   1.14838985E+00   1.14839515E+00   1.14840092E+00   1.14840718E+00   1.14841394E+00   1.14842125E+00   1.14842914E+00   1.14843763E+00   1.14844672E+00   1.14845642E+00   1.14846673E+00   1.14847764E+00   1.14848912E+00   1.14850111E+00   1.14851359E+00   1.14852640E+00   1.14853943E+00   1.14855247E+00   1.14856542E+00   1.14857795E+00   1.14858974E+00   1.14860037E+00   1.14860943E+00   1.14861629E+00   1.14862039E+00   1.14862076E+00   1.14861675E+00   1.14860692E+00   1.14859029E+00   1.14856500E+00   1.14852990E+00   1.14848261E+00   1.14842124E+00   1.14834284E+00   1.14824520E+00   1.14812436E+00   1.14797736E+00   1.14779910E+00   1.14758620E+00   1.14733267E+00   1.14703372E+00   1.14668134E+00   1.14627054E+00   1.14579159E+00   1.14523827E+00   1.14459943E+00   1.14386691E+00   1.14302722E+00   1.14207181E+00   1.14098514E+00   1.13975624E+00   1.13836687E+00   1.13680573E+00   1.13505275E+00   1.13309351E+00   1.13090365E+00   1.12847005E+00   1.12576879E+00   1.12278085E+00   1.11950756E+00   1.11591102E+00   1.11224494E+00   1.10825524E+00   1.10427072E+00   1.09998194E+00   1.09574745E+00   1.09122653E+00   1.08679697E+00   1.08210387E+00   1.07753540E+00   1.07273061E+00   1.06808965E+00   1.06323200E+00   1.05856065E+00   1.05370221E+00   1.04906532E+00   1.04425669E+00   1.03945516E+00   1.03450646E+00   1.02941667E+00   1.02417931E+00   1.01888460E+00   1.01380450E+00   1.00786378E+00   1.00000000E+00
   1.14393032E+00   1.14393000E+00   1.14392941E+00   1.14392916E+00   1.14392909E+00   1.14392928E+00   1.14392972E+00   1.14393040E+00   1.14393131E+00   1.14393244E+00   1.14393377E+00   1.14393530E+00   1.14393702E+00   1.14393892E+00   1.14394102E+00   1.14394332E+00   1.14394582E+00   1.14394855E+00   1.14395151E+00   1.14395474E+00   1.14395825E+00   1.14396205E+00   1.14396618E+00   1.14397068E+00   1.14397556E+00   1.14398088E+00   1.14398665E+00   1.14399292E+00   1.14399973E+00   1.14400712E+00   1.14401510E+00   1.14402372E+00   1.14403303E+00   1.14404307E+00   1.14405382E+00   1.14406534E+00   1.14407762E+00   1.14409068E+00   1.14410450E+00   1.14411905E+00   1.14413432E+00   1.14415019E+00   1.14416657E+00   1.14418330E+00   1.14420027E+00   1.14421723E+00   1.14423389E+00   1.14424987E+00   1.14426482E+00   1.14427818E+00   1.14428942E+00   1.14429766E+00   1.14430230E+00   1.14430202E+00   1.14429591E+00   1.14428224E+00   1.14425988E+00   1.14422661E+00   1.14418066E+00   1.14411924E+00   1.14404019E+00   1.14393975E+00   1.14381512E+00   1.14366140E+00   1.14347529E+00   1.14325100E+00   1.14298394E+00   1.14266636E+00   1.14229341E+00   1.14185563E+00   1.14134684E+00   1.14075617E+00   1.14007575E+00   1.13929231E+00   1.13839734E+00   1.13737555E+00   1.13621627E+00   1.13490145E+00   1.13341980E+00   1.13175138E+00   1.12988221E+00   1.12778815E+00   1.12545566E+00   1.12286089E+00   1.11998569E+00   1.11683029E+00   1.11335661E+00   1.10980960E+00   1.10594485E+00   1.10208030E+00   1.09791496E+00   1.09379711E+00   1.08939641E+00   1.08508026E+00   1.08050401E+00   1.07604609E+00   1.07135334E+00   1.06681686E+00   1.06206652E+00   1.05749587E+00   1.05273860E+00   1.04819518E+00   1.04348330E+00   1.03877738E+00   1.03392331E+00   1.02892766E+00   1.02378649E+00   1.01858858E+00   1.01360446E+00   1.00776142E+00   1.00000000E+00
   1.14234153E+00   1.14234120E+00   1.14234063E+00   1.14234040E+00   1.14234038E+00   1.14234062E+00   1.14234112E+00   1.14234188E+00   1.14234289E+00   1.14234412E+00   1.14234556E+00   1.14234721E+00   1.14234906E+00   1.14235111E+00   1.14235336E+00   1.14235582E+00   1.14235850E+00   1.14236141E+00   1.14236457E+00   1.14236800E+00   1.14237173E+00   1.14237577E+00   1.14238015E+00   1.14238491E+00   1.14239008E+00   1.14239570E+00   1.14240179E+00   1.14240841E+00   1.14241560E+00   1.14242338E+00   1.14243179E+00   1.14244088E+00   1.14245069E+00   1.14246126E+00   1.14247259E+00   1.14248474E+00   1.14249770E+00   1.14251150E+00   1.14252613E+00   1.14254156E+00   1.14255779E+00   1.14257470E+00   1.14259223E+00   1.14261021E+00   1.14262856E+00   1.14264702E+00   1.14266533E+00   1.14268314E+00   1.14270009E+00   1.14271565E+00   1.14272931E+00   1.14274023E+00   1.14274781E+00   1.14275078E+00   1.14274824E+00   1.14273852E+00   1.14272050E+00   1.14269201E+00   1.14265132E+00   1.14259570E+00   1.14252302E+00   1.14242957E+00   1.14231261E+00   1.14216732E+00   1.14199044E+00   1.14177625E+00   1.14152021E+00   1.14121470E+00   1.14085488E+00   1.14043141E+00   1.13993816E+00   1.13936432E+00   1.13870214E+00   1.13793844E+00   1.13706474E+00   1.13606583E+00   1.13493114E+00   1.13364273E+00   1.13218930E+00   1.13055098E+00   1.12871390E+00   1.12665406E+00   1.12435777E+00   1.12180122E+00   1.11896653E+00   1.11585355E+00   1.11242420E+00   1.10892026E+00   1.10510071E+00   1.10127959E+00   1.09715904E+00   1.09308358E+00   1.08872662E+00   1.08445177E+00   1.07991807E+00   1.07550042E+00   1.07084853E+00   1.06635020E+00   1.06163904E+00   1.05710514E+00   1.05238487E+00   1.04787566E+00   1.04319914E+00   1.03852815E+00   1.03370872E+00   1.02874760E+00   1.02364172E+00   1.01847933E+00   1.01353047E+00   1.00772343E+00   1.00000000E+00
