$MeshFormat
2.2 0 8
$EndMeshFormat
$Nodes
1599
1 0 0 0
2 1 0 0
3 1 1 0
4 0 1 0
5 0 1 0.1
6 0 0 0.1
7 1 0 0.1
8 1 1 0.1
9 0.09999999999981467 0 0
10 0.1999999999995579 0 0
11 0.2999999999992664 0 0
12 0.3999999999989749 0 0
13 0.4999999999986943 0 0
14 0.5999999999989468 0 0
15 0.69999999999921 0 0
16 0.7999999999994734 0 0
17 0.8999999999997368 0 0
18 0.04999999999989927 0 0
19 0.1499999999997036 0 0
20 0.2499999999994121 0 0
21 0.3499999999991207 0 0
22 0.4499999999988346 0 0
23 0.5499999999988205 0 0
24 0.6499999999990784 0 0
25 0.7499999999993416 0 0
26 0.8499999999996051 0 0
27 0.9499999999998684 0 0
28 1 0.8999999999995836 0
29 1 0.7999999999999998 0
30 1 0.7000000000006934 0
31 1 0.6000000000013869 0
32 1 0.5000000000020587 0
33 1 0.4000000000016644 0
34 1 0.3000000000012483 0
35 1 0.2000000000008322 0
36 1 0.100000000000416 0
37 1 0.9499999999998356 0
38 1 0.8499999999998515 0
39 1 0.7500000000003858 0
40 1 0.6500000000010593 0
41 1 0.5500000000016854 0
42 1 0.4500000000018616 0
43 1 0.3500000000014563 0
44 1 0.2500000000010403 0
45 1 0.1500000000006241 0
46 1 0.05000000000020799 0
47 0.8999999999995836 1 0
48 0.7999999999999998 1 0
49 0.7000000000006934 1 0
50 0.6000000000013869 1 0
51 0.5000000000020587 1 0
52 0.4000000000016644 1 0
53 0.3000000000012483 1 0
54 0.2000000000008322 1 0
55 0.100000000000416 1 0
56 0.9499999999998356 1 0
57 0.8499999999998515 1 0
58 0.7500000000003858 1 0
59 0.6500000000010593 1 0
60 0.5500000000016854 1 0
61 0.4500000000018616 1 0
62 0.3500000000014563 1 0
63 0.2500000000010403 1 0
64 0.1500000000006241 1 0
65 0.05000000000020799 1 0
66 0 0.8999999999995836 0
67 0 0.7999999999999998 0
68 0 0.7000000000006934 0
69 0 0.6000000000013869 0
70 0 0.5000000000020587 0
71 0 0.4000000000016644 0
72 0 0.3000000000012483 0
73 0 0.2000000000008322 0
74 0 0.100000000000416 0
75 0 0.9499999999998356 0
76 0 0.8499999999998515 0
77 0 0.7500000000003858 0
78 0 0.6500000000010593 0
79 0 0.5500000000016854 0
80 0 0.4500000000018616 0
81 0 0.3500000000014563 0
82 0 0.2500000000010403 0
83 0 0.1500000000006241 0
84 0 0.05000000000020799 0
85 0 0.8999999999995836 0.1
86 0 0.7999999999999998 0.1
87 0 0.7000000000006934 0.1
88 0 0.6000000000013869 0.1
89 0 0.5000000000020587 0.1
90 0 0.4000000000016644 0.1
91 0 0.3000000000012483 0.1
92 0 0.2000000000008322 0.1
93 0 0.100000000000416 0.1
94 0 0.9499999999998356 0.1
95 0 0.8499999999998515 0.1
96 0 0.7500000000003858 0.1
97 0 0.6500000000010593 0.1
98 0 0.5500000000016854 0.1
99 0 0.4500000000018616 0.1
100 0 0.3500000000014563 0.1
101 0 0.2500000000010403 0.1
102 0 0.1500000000006241 0.1
103 0 0.05000000000020799 0.1
104 0.09999999999981467 0 0.1
105 0.1999999999995579 0 0.1
106 0.2999999999992664 0 0.1
107 0.3999999999989749 0 0.1
108 0.4999999999986943 0 0.1
109 0.5999999999989468 0 0.1
110 0.69999999999921 0 0.1
111 0.7999999999994734 0 0.1
112 0.8999999999997368 0 0.1
113 0.04999999999989927 0 0.1
114 0.1499999999997036 0 0.1
115 0.2499999999994121 0 0.1
116 0.3499999999991207 0 0.1
117 0.4499999999988346 0 0.1
118 0.5499999999988205 0 0.1
119 0.6499999999990784 0 0.1
120 0.7499999999993416 0 0.1
121 0.8499999999996051 0 0.1
122 0.9499999999998684 0 0.1
123 1 0.100000000000416 0.1
124 1 0.2000000000008322 0.1
125 1 0.3000000000012483 0.1
126 1 0.4000000000016644 0.1
127 1 0.5000000000020587 0.1
128 1 0.6000000000013869 0.1
129 1 0.7000000000006934 0.1
130 1 0.7999999999999998 0.1
131 1 0.8999999999995836 0.1
132 1 0.05000000000019991 0.1
133 1 0.1500000000006414 0.1
134 1 0.2500000000010402 0.1
135 1 0.3500000000014563 0.1
136 1 0.4500000000018615 0.1
137 1 0.5500000000017228 0.1
138 1 0.6500000000010402 0.1
139 1 0.7500000000003466 0.1
140 1 0.8499999999997917 0.1
141 1 0.9499999999997918 0.1
142 0.8999999999995836 1 0.1
143 0.7999999999999998 1 0.1
144 0.7000000000006934 1 0.1
145 0.6000000000013869 1 0.1
146 0.5000000000020587 1 0.1
147 0.4000000000016644 1 0.1
148 0.3000000000012483 1 0.1
149 0.2000000000008322 1 0.1
150 0.100000000000416 1 0.1
151 0.9499999999998356 1 0.1
152 0.8499999999998515 1 0.1
153 0.7500000000003858 1 0.1
154 0.6500000000010593 1 0.1
155 0.5500000000016854 1 0.1
156 0.4500000000018616 1 0.1
157 0.3500000000014563 1 0.1
158 0.2500000000010403 1 0.1
159 0.1500000000006241 1 0.1
160 0.05000000000020799 1 0.1
161 0 1 0.04999999999985524
162 0 0 0.04999999999985524
163 1 0 0.04999999999985524
164 1 1 0.04999999999985524
165 0.5019001394555083 0.4925441936574553 0
166 0.7036642332374219 0.7186272650426593 0
167 0.292857142857163 0.7071428571428829 0
168 0.2928571428571166 0.2928571428571638 0
169 0.7186394394797746 0.2980304990030364 0
170 0.4931499629732299 0.7759084652632229 0
171 0.7758579074799085 0.506933603162226 0
172 0.2240915347367898 0.4931499629732515 0
173 0.5068500370267679 0.2240915347368271 0
174 0.8294973544973502 0.8294973544973502 0
175 0.1705026455026733 0.8294973544974497 0
176 0.1705026455025349 0.1705026455027228 0
177 0.8294973544974356 0.1705026455026096 0
178 0.640710112639307 0.8488660690838725 0
179 0.8488660690838672 0.6407101126392918 0
180 0.1511339309161314 0.6407101126393338 0
181 0.3592052746310335 0.8481751902264484 0
182 0.1518248097735569 0.3592052746310573 0
183 0.8488660690843599 0.3592898873605431 0
184 0.3592898873606682 0.1511339309160825 0
185 0.639256421891587 0.1515500214094944 0
186 0.5669860627177596 0.6401567944250902 0
187 0.3639360530549293 0.5720108710844397 0
188 0.6401567944250877 0.4330139372822219 0
189 0.4330139372822082 0.3598432055749237 0
190 0.6733856581720908 0.5757672426756814 0
191 0.4376151275478976 0.6699666628188875 0
192 0.3383879245597797 0.4383753387593661 0
193 0.5586987495249632 0.3338266352733263 0
194 0.4664603708642531 0.8901567944254055 0
195 0.8901567944254026 0.4664603708642405 0
196 0.1098432055746039 0.4664603708642769 0
197 0.5335396291358042 0.1098432055747235 0
198 0.9023348642130218 0.7390736031439662 0
199 0.7402985969819242 0.9006094296442395 0
200 0.09766513578698921 0.7390736031440752 0
201 0.2609263968558755 0.09766513578698983 0
202 0.2596952359097945 0.900559074042832 0
203 0.09944092595716839 0.2596952359098248 0
204 0.7389252673531325 0.09770759400033686 0
205 0.9006094296447171 0.2597014030183271 0
206 0.6041206249238408 0.7452829717179825 0
207 0.2547170282820282 0.6041206249238678 0
208 0.395879375076127 0.2547170282819911 0
209 0.734823112614077 0.4015419134008578 0
210 0.3847048916132104 0.7505210099669057 0
211 0.2494789900331102 0.3847048916132272 0
212 0.6152951083868109 0.2494789900331951 0
213 0.5883921959166912 0.5219445179202735 0
214 0.9031109392010674 0.9031109392010674 0
215 0.09987810650541903 0.9001218934945807 0
216 0.09987810650542896 0.09987810650542966 0
217 0.9001218934945954 0.09987810650540485 0
218 0.5700787557216547 0.9167513246759387 0
219 0.9167513246759365 0.5700787557216469 0
220 0.08324867532406605 0.5700787557216673 0
221 0.429921244278553 0.08324867532407611 0
222 0.7370236452035589 0.7996165664366417 0
223 0.2776166489820179 0.7939482183691445 0
224 0.2060517816308504 0.2776166489820396 0
225 0.7996165664370712 0.2629763547967996 0
226 0.7965522624764618 0.7264367216533741 0
227 0.1987347033782327 0.7277938243383499 0
228 0.7277938243382258 0.1987347033779291 0
229 0.2722061756616153 0.198734703378242 0
230 0.7533940871971364 0.6265665039666305 0
231 0.4882506901911712 0.5880545364276292 0
232 0.4093433359148022 0.4966471814519717 0
233 0.5465264846993921 0.417394579101972 0
234 0.6888043209094913 0.4926486832135747 0
235 0.3535886428483456 0.6551594163499921 0
236 0.3464534195227978 0.3545328654627604 0
237 0.64249931920595 0.3480475726622769 0
238 0.933590451594565 0.649972494301397 0
239 0.6502174930689932 0.93324536468081 0
240 0.06640954840543732 0.6499724943014313 0
241 0.3500275056986676 0.0664095484054297 0
242 0.6423442636757362 0.07182016419691095 0
243 0.3570721762815988 0.9277782117389372 0
244 0.07222178826106584 0.3570721762816144 0
245 0.9279264586308958 0.3570903322492047 0
246 0.9218403490944278 0.8238071187088927 0
247 0.8201017201096942 0.9200285942774789 0
248 0.07997140572249439 0.8201017201097339 0
249 0.1798982798902524 0.07997140572256381 0
250 0.179898279890097 0.9200285942778423 0
251 0.07997140572217544 0.1798982798901216 0
252 0.8201017201098906 0.07997140572223971 0
253 0.9200285942778599 0.1798982798900715 0
254 0.6563260165356131 0.6592539773386683 0
255 0.5150710845777424 0.6964930582504596 0
256 0.3087747987576263 0.5175159508627524 0
257 0.4736105247275166 0.293119600966767 0
258 0.5549039654244571 0.8353931250332846 0
259 0.8370052365724503 0.5621498692708071 0
260 0.1646068749667239 0.5549039654244794 0
261 0.4450960345755841 0.1646068749667401 0
262 0.427656250999793 0.817170833122938 0
263 0.8161308910964841 0.4272448866020216 0
264 0.1828291668770721 0.4276562509998144 0
265 0.5720690519506927 0.18278009752642 0
266 0.450174333726052 0.438555497318906 0
267 0.6680912416389161 0.7805026814642629 0
268 0.7813488467921383 0.3330659980720227 0
269 0.9515554696005337 0.9515554696005337 0
270 0.9515554696005337 0.9015554696003255 0
271 0.9015554696003255 0.9515554696005337 0
272 0.09993905325262181 0.04993905325271483 0
273 0.04993905325271448 0.04993905325271483 0
274 0.04993905325270952 0.9000609467470821 0
275 0.04993905325270952 0.9500609467472904 0
276 0.04993905325271448 0.09993905325292282 0
277 0.09993905325291751 0.9500609467472904 0
278 0.9500609467472977 0.04993905325270243 0
279 0.9000609467471661 0.04993905325270243 0
280 0.9500609467472977 0.09993905325291041 0
281 0.4007755903014134 0.6209887669516636 0
282 0.4260933716230503 0.5800327037560344 0
283 0.4629329088695344 0.6290105996232583 0
284 0.3866396944848657 0.5343290262682057 0
285 0.4487970130529867 0.5423508589398005 0
286 0.4958563434035858 0.346834920424125 0
287 0.5526126171121777 0.3756106071876492 0
288 0.4897702109908002 0.3886188923384478 0
289 0.7246217828259996 0.5413504229189536 0
290 0.7646259973385224 0.5667500535644283 0
291 0.7133898726846136 0.6011668733211559 0
292 0.4983504092127221 0.427975038210439 0
293 0.4415941355041301 0.3991993514469149 0
294 0.2029254795990798 0.6224153687816008 0
295 0.2267258658301304 0.6659572246311088 0
296 0.174934317147182 0.6842519684888418 0
297 0.3775846312183976 0.2029254795990368 0
298 0.3340427753688712 0.2267258658301166 0
299 0.3157480315111418 0.1749343171471623 0
300 0.2737870855695956 0.6556317410333754 0
301 0.2457959231176978 0.7174683407406164 0
302 0.3443682589666218 0.2737870855695774 0
303 0.282531659259366 0.2457959231177029 0
304 0.6201858604449253 0.6079620185503858 0
305 0.5776891293172255 0.5810506561726818 0
306 0.630888927044391 0.5488558802979775 0
307 0.4653825452605637 0.7229375640410551 0
308 0.4389274272932202 0.7632147376150643 0
309 0.411160009580554 0.7102438363928967 0
310 0.2812397296482848 0.4657626508663089 0
311 0.23678526238495 0.4389274272932394 0
312 0.2939334572964449 0.4115401151862966 0
313 0.5327743932758655 0.2789590850050767 0
314 0.5610725727067893 0.2367852623850111 0
315 0.5869969289558871 0.2916528126532607 0
316 0.3719550831221219 0.7993481000966771 0
317 0.3184109618065257 0.8210617042977965 0
318 0.3311607702976141 0.7722346141680252 0
319 0.2006518999033335 0.3719550831221423 0
320 0.1789382957022036 0.3184109618065485 0
321 0.2277653858319803 0.3311607702976334 0
322 0.385700930920994 0.3991092721671449 0
323 0.3942811291429159 0.4384654180391361 0
324 0.4332301854329587 0.9450783972127028 0
325 0.4832301854331559 0.9450783972127028 0
326 0.05492160278730195 0.4332301854329706 0
327 0.05492160278730195 0.4832301854331678 0
328 0.9450783972127013 0.4832301854331496 0
329 0.9450783972127013 0.4332301854329524 0
330 0.5667698145673755 0.05492160278736177 0
331 0.5167698145672492 0.05492160278736177 0
332 0.6211721318373415 0.03591008209845548 0
333 0.5879419464057702 0.09083168488581725 0
334 0.3785360881416316 0.9638891058694685 0
335 0.4117662735729259 0.9089675030821713 0
336 0.03611089413053292 0.3785360881416394 0
337 0.09103249691783488 0.4117662735729457 0
338 0.9090416265281492 0.4117753515567226 0
339 0.9639632293154479 0.3785451661254345 0
340 0.8064315720261794 0.5345417362165166 0
341 0.7951996618847934 0.5943581866187189 0
342 0.664855837353852 0.6175106100071748 0
343 0.6116560396266864 0.6497053858818793 0
344 0.47634310606282 0.6832298605346736 0
345 0.5041105237754862 0.7362007617568412 0
346 0.323581361658703 0.4779456448110593 0
347 0.2664331667472081 0.505332956918002 0
348 0.4533122310048624 0.3264814032708453 0
349 0.51615463712624 0.3134731181200466 0
350 0.4902302808771423 0.2586055678517971 0
351 0.3387810172351867 0.7288319335548943 0
352 0.2852368959195904 0.7505455377560137 0
353 0.2711680664451134 0.3387810172351955 0
354 0.2494544622439835 0.2852368959196017 0
355 0.5276183764544654 0.6141056654263597 0
356 0.5383214430539313 0.5549995271739514 0
357 0.6810949895407911 0.534207962944628 0
358 0.7323311141946999 0.4997911431879004 0
359 0.3956018851981216 0.6625630395844397 0
360 0.3587623479516374 0.613585143717216 0
361 0.3424206720412888 0.3964541021110632 0
362 0.3897336784025031 0.357188035518842 0
363 0.3738656302372909 0.4675112601056689 0
364 0.4297588348204271 0.4676013393854389 0
365 0.4950754148233397 0.5402993650425423 0
366 0.4556217376851552 0.4945956875547135 0
367 0.5863980255136956 0.130696613492109 0
368 0.6408003427836616 0.1116850928032027 0
369 0.4128328227476433 0.869165992325927 0
370 0.3581387254563161 0.8879767009826928 0
371 0.1308340076740804 0.4128328227476671 0
372 0.1120232990173114 0.3581387254563358 0
373 0.8695114317548813 0.4128751291123918 0
374 0.8883962638576279 0.3581901098048739 0
375 0.9511674321065109 0.769536801571983 0
376 0.9511674321065109 0.7195368015723298 0
377 0.7201492984913088 0.9503047148221198 0
378 0.770149298490962 0.9503047148221198 0
379 0.04883256789349461 0.7195368015723843 0
380 0.04883256789349461 0.7695368015720375 0
381 0.2804631984275709 0.04883256789349492 0
382 0.2304631984277167 0.04883256789349492 0
383 0.7694626336763029 0.04885379700016843 0
384 0.7194626336761712 0.04885379700016843 0
385 0.2298476179553133 0.950279537021416 0
386 0.2798476179555214 0.950279537021416 0
387 0.04972046297858419 0.2298476179553285 0
388 0.04972046297858419 0.2798476179555365 0
389 0.9503047148223586 0.2798507015097877 0
390 0.9503047148223586 0.2298507015095796 0
391 0.6272757651391989 0.2005145057213447 0
392 0.6835251231149064 0.1751423623937118 0
393 0.6715444663625183 0.2241068467055621 0
394 0.5451461676860998 0.5072443557888644 0
395 0.6669672739332928 0.2737547445181158 0
396 0.7232166319090002 0.2483826011904827 0
397 0.5182695632929539 0.9034540595506722 0
398 0.5350393778618567 0.9583756623379693 0
399 0.9583756623379682 0.5350393778618527 0
400 0.9034540595506695 0.5182695632929437 0
401 0.09654594044933498 0.5182695632929721 0
402 0.04162433766203302 0.535039377861863 0
403 0.4817304367071786 0.09654594044939982 0
404 0.4649606221386237 0.04162433766203805 0
405 0.6905043548106156 0.874737749364056 0
406 0.6888668789214329 0.8242413177602571 0
407 0.7386611210927416 0.8501129980404406 0
408 0.309450255270414 0.8743671321346402 0
409 0.2686559424459062 0.8472536462059883 0
410 0.1256328678653627 0.3094502552704411 0
411 0.1527463537940094 0.2686559424459322 0
412 0.8747377493645385 0.3094956451894351 0
413 0.8242413177607155 0.3111331210786714 0
414 0.8501129980408941 0.2613388789075634 0
415 0.4798051669187415 0.8330326298443143 0
416 0.5240269641988435 0.8056507951482537 0
417 0.5106821681443551 0.862774959729345 0
418 0.8330073509526555 0.4866969870132333 0
419 0.8635810154989265 0.5143051200675238 0
420 0.1669673701556969 0.4798051669187642 0
421 0.1943492048517569 0.5240269641988655 0
422 0.1372250402706639 0.5106821681443782 0
423 0.520194833081286 0.1669673701557753 0
424 0.475973035801176 0.1943492048517836 0
425 0.4893178318556942 0.1372250402707318 0
426 0.6874899535195823 0.4172779253415398 0
427 0.7118137167617842 0.4470952983072162 0
428 0.6644805576672894 0.4628313102478983 0
429 0.6413280568155189 0.3905307549722494 0
430 0.6886612159100135 0.3747947430315673 0
431 0.3093265406684788 0.5880657480041538 0
432 0.3041528355651869 0.6296400206369299 0
433 0.4144466561791676 0.3072801169284574 0
434 0.3711663972994624 0.3046249468723757 0
435 0.8659161093551859 0.7842854788206581 0
436 0.8130248084869061 0.7779670380753622 0
437 0.8494435633447418 0.7327551623986701 0
438 0.1340838906448313 0.7842854788207625 0
439 0.1481999195826109 0.7334337137412126 0
440 0.184618674440453 0.7786455894178999 0
441 0.2157145211792052 0.1340838906448563 0
442 0.2665662862587455 0.1481999195826159 0
443 0.2213544105820751 0.1846186744404824 0
444 0.784211310925284 0.1341051197514732 0
445 0.7786455894178307 0.1846186744402694 0
446 0.7333595458456792 0.148221148689133 0
447 0.7553405100469928 0.4542377582815419 0
448 0.3232228928527543 0.6811511367464376 0
449 0.7267312760469258 0.3497862062019471 0
450 0.6805693793428623 0.3230390358326566 0
451 0.3196552811899572 0.3236950041599621 0
452 0.59334163956224 0.425204258192097 0
453 0.5945129019526711 0.3827210758821245 0
454 0.6005990343654566 0.3409371039678016 0
455 0.5850393778615208 0.9583756623379693 0
456 0.9583756623379682 0.5850393778615168 0
457 0.04162433766203302 0.585039377861527 0
458 0.4149606221387639 0.04162433766203805 0
459 0.4604031069865114 0.7965396491930805 0
460 0.4061805713065017 0.7838459215449218 0
461 0.203460350806931 0.460403106986533 0
462 0.2161540784550912 0.4061805713065208 0
463 0.5394595444887302 0.2034358161316235 0
464 0.5936820801687518 0.2161295437798076 0
465 0.9609201745472139 0.8119035593544462 0
466 0.9120876066537248 0.7814403609264294 0
467 0.7802001585458092 0.9103190119608592 0
468 0.8100508600548471 0.9600142971387394 0
469 0.0888182707547418 0.7795876616269046 0
470 0.0399857028612472 0.8100508600548668 0
471 0.220412338373064 0.08881827075477683 0
472 0.1899491399449051 0.0399857028612819 0
473 0.810050860054682 0.03998570286111985 0
474 0.7795134937315116 0.08883949986128828 0
475 0.1899491399454646 0.9600142971389212 0
476 0.2197967578999458 0.9102938341603372 0
477 0.03998570286108772 0.1899491399454769 0
478 0.08970616583967192 0.2197967578999732 0
479 0.9103190119612885 0.2197998414541993 0
480 0.9600142971389299 0.1899491399454519 0
481 0.8756004666484445 0.689891857891629 0
482 0.8227091657801645 0.683573417146333 0
483 0.1243995333515603 0.6898918578917045 0
484 0.3101081421082719 0.1243995333515362 0
485 0.6890908446223598 0.1246288077049156 0
486 0.7848979757396373 0.8650533920707948 0
487 0.7832604998504545 0.814556960466996 0
488 0.2150989407062339 0.8650282142701409 0
489 0.2240596472423456 0.8117227864332971 0
490 0.1349717857298516 0.2150989407062738 0
491 0.1882772135666926 0.2240596472423813 0
492 0.8650533920710763 0.2151020242604683 0
493 0.8145569604672533 0.2167395001497046 0
494 0.5242133120774501 0.4549693863797136 0
495 0.5674593403080417 0.4696695485111227 0
496 0.6142744951708894 0.4774792276012477 0
497 0.9609201745472139 0.8619035593542381 0
498 0.8600508600546388 0.9600142971387394 0
499 0.1399491399450336 0.0399857028612819 0
500 0.0399857028612472 0.8600508600546588 0
501 0.8600508600548137 0.03998570286111985 0
502 0.1399491399452565 0.9600142971389212 0
503 0.03998570286108772 0.1399491399452688 0
504 0.9600142971389299 0.1399491399452438 0
505 0.5624913605730559 0.8760722248546116 0
506 0.8768782806241934 0.566114312496227 0
507 0.123927775145395 0.5624913605730734 0
508 0.4375086394270686 0.1239277751454081 0
509 0.9124756441477476 0.8634590289549801 0
510 0.8616063296553809 0.9115697667392731 0
511 0.1398881931978407 0.08992475611399674 0
512 0.08992475611395671 0.8601118068021574 0
513 0.139888193197758 0.9100752438862115 0
514 0.860111806802243 0.08992475611382228 0
515 0.0899247561138022 0.1398881931977756 0
516 0.9100752438862276 0.1398881931977382 0
517 0.7667879538400104 0.763026644045008 0
518 0.2381756761801253 0.7608710213537473 0
519 0.2391289786462328 0.2381756761801408 0
520 0.7637051953876486 0.2308555290873644 0
521 0.5855533438208003 0.6927198830715364 0
522 0.630223320729727 0.7022684745283254 0
523 0.5595958547507915 0.7208880149842211 0
524 0.541028573647751 0.6683249263377748 0
525 0.2817459135198273 0.5608182878933101 0
526 0.3363554259062778 0.544763410973596 0
527 0.4347449499018218 0.2739183146243791 0
528 0.447058310932023 0.8536638137741718 0
529 0.7959943992881963 0.4670892448821238 0
530 0.8531438427609433 0.446852628733131 0
531 0.146336186225838 0.4470583109320457 0
532 0.3934307628154132 0.8326730116746932 0
533 0.1673269883253145 0.3934307628154359 0
534 0.832498480090422 0.3932673869812824 0
535 0.5528043405432485 0.1463116515505718 0
536 0.6056627369211398 0.1671650594679572 0
537 0.6751087465348433 0.9666226823404049 0
538 0.6952580450254587 0.9169273971625247 0
539 0.9179626579037934 0.6945230487226817 0
540 0.9667952257972825 0.6749862471510453 0
541 0.6454638028541502 0.8910557168823412 0
542 0.8912282603392161 0.6453413034703444 0
543 0.03320477420271866 0.6749862471510624 0
544 0.08203734209621327 0.6945230487227533 0
545 0.3083837060956967 0.9141686428908846 0
546 0.1087717396607844 0.6453413034703825 0
547 0.08583135710911712 0.3083837060957196 0
548 0.9142679441378065 0.3083958676337659 0
549 0.3285360881414235 0.9638891058694685 0
550 0.6906347655144343 0.0847638790986239 0
551 0.03611089413053292 0.3285360881414313 0
552 0.9639632293154479 0.3285451661252265 0
553 0.671172131837473 0.03591008209845548 0
554 0.3250137528489671 0.03320477420271485 0
555 0.3054769512772716 0.08203734209620978 0
556 0.354658696529668 0.1087717396607561 0
557 0.7285291602172792 0.6725968845046448 0
558 0.6799951248865175 0.6889406211906638 0
559 0.7048600518663748 0.6429102406526495 0
560 0.7749731748367992 0.6765016128100023 0
561 0.8011300781405017 0.6336383083029611 0
562 0.6538924290806314 0.7319551183803209 0
563 0.5486352939485353 0.7605957184906027 0
564 0.239404281509409 0.5486352939485597 0
565 0.4513647060514474 0.2394042815094091 0
566 0.5016608873844568 0.6422737973390444 0
567 0.3590590673362142 0.507081566157362 0
568 0.7501082478569419 0.7225319933480168 0
569 0.875668851795889 0.8266522366031215 0
570 0.8247995373035222 0.8747629743874146 0
571 0.1252370256125838 0.8247995373035918 0
572 0.1752004626963852 0.8747629743876459 0
573 0.1752004626963937 0.1252370256126433 0
574 0.1252370256123552 0.1752004626964222 0
575 0.8247995373036631 0.1252370256124246 0
576 0.8747629743876477 0.1752004626963405 0
577 0.6224153687815739 0.7970745204009275 0
578 0.597807039031882 0.8421295970585785 0
579 0.5795122951741489 0.7903380483756335 0
580 0.1578704029414276 0.5978070390319066 0
581 0.2096619516243761 0.5795122951741736 0
582 0.4021929609681262 0.1578704029414113 0
583 0.4204877048258555 0.2096619516243656 0
584 0.369146767230778 0.7028402131584489 0
585 0.297966204777954 0.3696188785379938 0
586 0.6288972137963804 0.298763281347736 0
587 0.7203439392204904 0.7591219157396505 0
588 0.7591280029584229 0.280503426899918 0
589 0.6385982584130913 0.5072966005669242 0
590 0.6361059332813784 0.7628928265911228 0
591 0.6544006771391115 0.8146843752740678 0
592 0.7754770018552806 0.4143934000014396 0
593 0.685877737438169 0.7495649732534611 0
594 0.7499941431359565 0.3155482485375295 0
595 0.7580859797031076 0.3673039557364403 0
596 0.7025574434212375 0.7900596239504523 0
597 0.8151074579382491 0.3461779427162829 0
598 0.7904827066146047 0.2980211764344112 0
599 0.7987398689443113 0.3801554423370221 0
600 0.8663041468492088 0.8663041468492088 0
601 0.1351903760040462 0.8648096239960152 0
602 0.1351903760039819 0.1351903760040762 0
603 0.8648096239960155 0.1351903760040072 0
604 0.610148124395324 0.9249983446783743 0
605 0.6251087465351901 0.9666226823404049 0
606 0.9667952257972825 0.6249862471513919 0
607 0.9251708881352507 0.6100256250115219 0
608 0.6053944341804809 0.8828086968799056 0
609 0.8828086968799018 0.6053944341804693 0
610 0.07482911186475169 0.6100256250115493 0
611 0.03320477420271866 0.6249862471514092 0
612 0.1171913031200987 0.6053944341805005 0
613 0.3899743749886103 0.07482911186475291 0
614 0.3750137528488213 0.03320477420271485 0
615 0.3946055658196106 0.1171913031200793 0
616 0.8429356528281587 0.6014299909550495 0
617 0.4760372365907801 0.4655498454881807 0
618 0 0.8999999999995836 0.05
619 0 0.9499999999998356 0.04999999999992763
620 0 0.7999999999999998 0.05
621 0 0.8499999999998515 0.05
622 0 0.7000000000006934 0.05
623 0 0.7500000000003858 0.05
624 0 0.6000000000013869 0.05
625 0 0.6500000000010593 0.05
626 0 0.5000000000020587 0.05
627 0 0.5500000000016854 0.05
628 0 0.4000000000016644 0.05
629 0 0.4500000000018616 0.05
630 0 0.3000000000012483 0.05
631 0 0.3500000000014563 0.05
632 0 0.2000000000008322 0.05
633 0 0.2500000000010403 0.05
634 0 0.100000000000416 0.05
635 0 0.1500000000006241 0.05
636 0 0.05000000000020788 0.04999999999992763
637 0.09999999999981468 0 0.05
638 0.04999999999989925 0 0.04999999999992763
639 0.1999999999995579 0 0.05
640 0.1499999999997036 0 0.05
641 0.2999999999992664 0 0.05
642 0.2499999999994121 0 0.05
643 0.399999999998975 0 0.05
644 0.3499999999991207 0 0.05
645 0.4999999999986943 0 0.05
646 0.4499999999988347 0 0.05
647 0.5999999999989468 0 0.05
648 0.5499999999988205 0 0.05
649 0.69999999999921 0 0.05
650 0.6499999999990784 0 0.05
651 0.7999999999994734 0 0.05
652 0.7499999999993416 0 0.05
653 0.8999999999997368 0 0.05
654 0.8499999999996051 0 0.05
655 0.9499999999998685 0 0.04999999999992763
656 1 0.8999999999995836 0.05
657 1 0.9499999999998137 0.04999999999992763
658 1 0.7999999999999998 0.05
659 1 0.8499999999998216 0.05
660 1 0.7000000000006934 0.05
661 1 0.7500000000003662 0.05
662 1 0.6000000000013869 0.05
663 1 0.6500000000010497 0.05
664 1 0.5000000000020587 0.05
665 1 0.550000000001704 0.05
666 1 0.4000000000016644 0.05
667 1 0.4500000000018616 0.05
668 1 0.3000000000012483 0.05
669 1 0.3500000000014563 0.05
670 1 0.2000000000008322 0.05
671 1 0.2500000000010403 0.05
672 1 0.100000000000416 0.05
673 1 0.1500000000006327 0.05
674 1 0.05000000000020388 0.04999999999992763
675 0.8999999999995836 1 0.05
676 0.9499999999998356 1 0.04999999999992763
677 0.7999999999999998 1 0.05
678 0.8499999999998515 1 0.05
679 0.7000000000006934 1 0.05
680 0.7500000000003858 1 0.05
681 0.6000000000013869 1 0.05
682 0.6500000000010593 1 0.05
683 0.5000000000020587 1 0.05
684 0.5500000000016854 1 0.05
685 0.4000000000016644 1 0.05
686 0.4500000000018616 1 0.05
687 0.3000000000012483 1 0.05
688 0.3500000000014563 1 0.05
689 0.2000000000008322 1 0.05
690 0.2500000000010403 1 0.05
691 0.100000000000416 1 0.05
692 0.1500000000006241 1 0.05
693 0.05000000000020788 1 0.04999999999992763
694 0.5019001394555083 0.4925441936574553 0.1
695 0.7036642332374219 0.7186272650426593 0.1
696 0.292857142857163 0.7071428571428829 0.1
697 0.2928571428571166 0.2928571428571638 0.1
698 0.7186394394797746 0.2980304990030364 0.1
699 0.4931499629732299 0.7759084652632229 0.1
700 0.7758579074799085 0.506933603162226 0.1
701 0.2240915347367898 0.4931499629732515 0.1
702 0.5068500370267679 0.2240915347368271 0.1
703 0.8294973544973502 0.8294973544973502 0.1
704 0.1705026455026733 0.8294973544974497 0.1
705 0.1705026455025349 0.1705026455027228 0.1
706 0.8294973544974356 0.1705026455026096 0.1
707 0.640710112639307 0.8488660690838725 0.1
708 0.8488660690838672 0.6407101126392918 0.1
709 0.1511339309161314 0.6407101126393338 0.1
710 0.3592052746310335 0.8481751902264484 0.1
711 0.1518248097735569 0.3592052746310573 0.1
712 0.8488660690843599 0.3592898873605431 0.1
713 0.3592898873606682 0.1511339309160825 0.1
714 0.639256421891587 0.1515500214094944 0.1
715 0.5669860627177596 0.6401567944250902 0.1
716 0.3639360530549293 0.5720108710844397 0.1
717 0.6401567944250877 0.4330139372822219 0.1
718 0.4330139372822082 0.3598432055749237 0.1
719 0.6733856581720908 0.5757672426756814 0.1
720 0.4376151275478976 0.6699666628188875 0.1
721 0.3383879245597797 0.4383753387593661 0.1
722 0.5586987495249632 0.3338266352733263 0.1
723 0.4664603708642531 0.8901567944254055 0.1
724 0.8901567944254026 0.4664603708642405 0.1
725 0.1098432055746039 0.4664603708642769 0.1
726 0.5335396291358042 0.1098432055747235 0.1
727 0.9023348642130218 0.7390736031439662 0.1
728 0.7402985969819242 0.9006094296442395 0.1
729 0.09766513578698921 0.7390736031440752 0.1
730 0.2609263968558755 0.09766513578698983 0.1
731 0.2596952359097945 0.900559074042832 0.1
732 0.09944092595716839 0.2596952359098248 0.1
733 0.7389252673531325 0.09770759400033686 0.1
734 0.9006094296447171 0.2597014030183271 0.1
735 0.6041206249238408 0.7452829717179825 0.1
736 0.2547170282820282 0.6041206249238678 0.1
737 0.395879375076127 0.2547170282819911 0.1
738 0.734823112614077 0.4015419134008578 0.1
739 0.3847048916132104 0.7505210099669057 0.1
740 0.2494789900331102 0.3847048916132272 0.1
741 0.6152951083868109 0.2494789900331951 0.1
742 0.5883921959166912 0.5219445179202735 0.1
743 0.9031109392010674 0.9031109392010674 0.1
744 0.09987810650541903 0.9001218934945807 0.1
745 0.09987810650542896 0.09987810650542966 0.1
746 0.9001218934945954 0.09987810650540485 0.1
747 0.5700787557216547 0.9167513246759387 0.1
748 0.9167513246759365 0.5700787557216469 0.1
749 0.08324867532406605 0.5700787557216673 0.1
750 0.429921244278553 0.08324867532407611 0.1
751 0.7370236452035589 0.7996165664366417 0.1
752 0.2776166489820179 0.7939482183691445 0.1
753 0.2060517816308504 0.2776166489820396 0.1
754 0.7996165664370712 0.2629763547967996 0.1
755 0.7965522624764618 0.7264367216533741 0.1
756 0.1987347033782327 0.7277938243383499 0.1
757 0.7277938243382258 0.1987347033779291 0.1
758 0.2722061756616153 0.198734703378242 0.1
759 0.7533940871971364 0.6265665039666305 0.1
760 0.4882506901911712 0.5880545364276292 0.1
761 0.4093433359148022 0.4966471814519717 0.1
762 0.5465264846993921 0.417394579101972 0.1
763 0.6888043209094913 0.4926486832135747 0.1
764 0.3535886428483456 0.6551594163499921 0.1
765 0.3464534195227978 0.3545328654627604 0.1
766 0.64249931920595 0.3480475726622769 0.1
767 0.933590451594565 0.649972494301397 0.1
768 0.6502174930689932 0.93324536468081 0.1
769 0.06640954840543732 0.6499724943014313 0.1
770 0.3500275056986676 0.0664095484054297 0.1
771 0.6423442636757362 0.07182016419691095 0.1
772 0.3570721762815988 0.9277782117389372 0.1
773 0.07222178826106584 0.3570721762816144 0.1
774 0.9279264586308958 0.3570903322492047 0.1
775 0.9218403490944278 0.8238071187088927 0.1
776 0.8201017201096942 0.9200285942774789 0.1
777 0.07997140572249439 0.8201017201097339 0.1
778 0.1798982798902524 0.07997140572256381 0.1
779 0.179898279890097 0.9200285942778423 0.1
780 0.07997140572217544 0.1798982798901216 0.1
781 0.8201017201098906 0.07997140572223971 0.1
782 0.9200285942778599 0.1798982798900715 0.1
783 0.6563260165356131 0.6592539773386683 0.1
784 0.5150710845777424 0.6964930582504596 0.1
785 0.3087747987576263 0.5175159508627524 0.1
786 0.4736105247275166 0.293119600966767 0.1
787 0.5549039654244571 0.8353931250332846 0.1
788 0.8370052365724503 0.5621498692708071 0.1
789 0.1646068749667239 0.5549039654244794 0.1
790 0.4450960345755841 0.1646068749667401 0.1
791 0.427656250999793 0.817170833122938 0.1
792 0.8161308910964841 0.4272448866020216 0.1
793 0.1828291668770721 0.4276562509998144 0.1
794 0.5720690519506927 0.18278009752642 0.1
795 0.450174333726052 0.438555497318906 0.1
796 0.6680912416389161 0.7805026814642629 0.1
797 0.7813488467921383 0.3330659980720227 0.1
798 0.9515554696005337 0.9515554696005337 0.1
799 0.9515554696005337 0.9015554696003255 0.1
800 0.9015554696003255 0.9515554696005337 0.1
801 0.09993905325262181 0.04993905325271483 0.1
802 0.04993905325271448 0.04993905325271483 0.1
803 0.04993905325270952 0.9000609467470821 0.1
804 0.04993905325270952 0.9500609467472904 0.1
805 0.04993905325271448 0.09993905325292282 0.1
806 0.09993905325291751 0.9500609467472904 0.1
807 0.9500609467472977 0.04993905325270243 0.1
808 0.9000609467471661 0.04993905325270243 0.1
809 0.9500609467472977 0.09993905325291041 0.1
810 0.4007755903014134 0.6209887669516636 0.1
811 0.4260933716230503 0.5800327037560344 0.1
812 0.4629329088695344 0.6290105996232583 0.1
813 0.3866396944848657 0.5343290262682057 0.1
814 0.4487970130529867 0.5423508589398005 0.1
815 0.4958563434035858 0.346834920424125 0.1
816 0.5526126171121777 0.3756106071876492 0.1
817 0.4897702109908002 0.3886188923384478 0.1
818 0.7246217828259996 0.5413504229189536 0.1
819 0.7646259973385224 0.5667500535644283 0.1
820 0.7133898726846136 0.6011668733211559 0.1
821 0.4983504092127221 0.427975038210439 0.1
822 0.4415941355041301 0.3991993514469149 0.1
823 0.2029254795990798 0.6224153687816008 0.1
824 0.2267258658301304 0.6659572246311088 0.1
825 0.174934317147182 0.6842519684888418 0.1
826 0.3775846312183976 0.2029254795990368 0.1
827 0.3340427753688712 0.2267258658301166 0.1
828 0.3157480315111418 0.1749343171471623 0.1
829 0.2737870855695956 0.6556317410333754 0.1
830 0.2457959231176978 0.7174683407406164 0.1
831 0.3443682589666218 0.2737870855695774 0.1
832 0.282531659259366 0.2457959231177029 0.1
833 0.6201858604449253 0.6079620185503858 0.1
834 0.5776891293172255 0.5810506561726818 0.1
835 0.630888927044391 0.5488558802979775 0.1
836 0.4653825452605637 0.7229375640410551 0.1
837 0.4389274272932202 0.7632147376150643 0.1
838 0.411160009580554 0.7102438363928967 0.1
839 0.2812397296482848 0.4657626508663089 0.1
840 0.23678526238495 0.4389274272932394 0.1
841 0.2939334572964449 0.4115401151862966 0.1
842 0.5327743932758655 0.2789590850050767 0.1
843 0.5610725727067893 0.2367852623850111 0.1
844 0.5869969289558871 0.2916528126532607 0.1
845 0.3719550831221219 0.7993481000966771 0.1
846 0.3184109618065257 0.8210617042977965 0.1
847 0.3311607702976141 0.7722346141680252 0.1
848 0.2006518999033335 0.3719550831221423 0.1
849 0.1789382957022036 0.3184109618065485 0.1
850 0.2277653858319803 0.3311607702976334 0.1
851 0.385700930920994 0.3991092721671449 0.1
852 0.3942811291429159 0.4384654180391361 0.1
853 0.4332301854329587 0.9450783972127028 0.1
854 0.4832301854331559 0.9450783972127028 0.1
855 0.05492160278730195 0.4332301854329706 0.1
856 0.05492160278730195 0.4832301854331678 0.1
857 0.9450783972127013 0.4832301854331496 0.1
858 0.9450783972127013 0.4332301854329524 0.1
859 0.5667698145673755 0.05492160278736177 0.1
860 0.5167698145672492 0.05492160278736177 0.1
861 0.6211721318373415 0.03591008209845548 0.1
862 0.5879419464057702 0.09083168488581725 0.1
863 0.3785360881416316 0.9638891058694685 0.1
864 0.4117662735729259 0.9089675030821713 0.1
865 0.03611089413053292 0.3785360881416394 0.1
866 0.09103249691783488 0.4117662735729457 0.1
867 0.9090416265281492 0.4117753515567226 0.1
868 0.9639632293154479 0.3785451661254345 0.1
869 0.8064315720261794 0.5345417362165166 0.1
870 0.7951996618847934 0.5943581866187189 0.1
871 0.664855837353852 0.6175106100071748 0.1
872 0.6116560396266864 0.6497053858818793 0.1
873 0.47634310606282 0.6832298605346736 0.1
874 0.5041105237754862 0.7362007617568412 0.1
875 0.323581361658703 0.4779456448110593 0.1
876 0.2664331667472081 0.505332956918002 0.1
877 0.4533122310048624 0.3264814032708453 0.1
878 0.51615463712624 0.3134731181200466 0.1
879 0.4902302808771423 0.2586055678517971 0.1
880 0.3387810172351867 0.7288319335548943 0.1
881 0.2852368959195904 0.7505455377560137 0.1
882 0.2711680664451134 0.3387810172351955 0.1
883 0.2494544622439835 0.2852368959196017 0.1
884 0.5276183764544654 0.6141056654263597 0.1
885 0.5383214430539313 0.5549995271739514 0.1
886 0.6810949895407911 0.534207962944628 0.1
887 0.7323311141946999 0.4997911431879004 0.1
888 0.3956018851981216 0.6625630395844397 0.1
889 0.3587623479516374 0.613585143717216 0.1
890 0.3424206720412888 0.3964541021110632 0.1
891 0.3897336784025031 0.357188035518842 0.1
892 0.3738656302372909 0.4675112601056689 0.1
893 0.4297588348204271 0.4676013393854389 0.1
894 0.4950754148233397 0.5402993650425423 0.1
895 0.4556217376851552 0.4945956875547135 0.1
896 0.5863980255136956 0.130696613492109 0.1
897 0.6408003427836616 0.1116850928032027 0.1
898 0.4128328227476433 0.869165992325927 0.1
899 0.3581387254563161 0.8879767009826928 0.1
900 0.1308340076740804 0.4128328227476671 0.1
901 0.1120232990173114 0.3581387254563358 0.1
902 0.8695114317548813 0.4128751291123918 0.1
903 0.8883962638576279 0.3581901098048739 0.1
904 0.9511674321065109 0.769536801571983 0.1
905 0.9511674321065109 0.7195368015723298 0.1
906 0.7201492984913088 0.9503047148221198 0.1
907 0.770149298490962 0.9503047148221198 0.1
908 0.04883256789349461 0.7195368015723843 0.1
909 0.04883256789349461 0.7695368015720375 0.1
910 0.2804631984275709 0.04883256789349492 0.1
911 0.2304631984277167 0.04883256789349492 0.1
912 0.7694626336763029 0.04885379700016843 0.1
913 0.7194626336761712 0.04885379700016843 0.1
914 0.2298476179553133 0.950279537021416 0.1
915 0.2798476179555214 0.950279537021416 0.1
916 0.04972046297858419 0.2298476179553285 0.1
917 0.04972046297858419 0.2798476179555365 0.1
918 0.9503047148223586 0.2798507015097877 0.1
919 0.9503047148223586 0.2298507015095796 0.1
920 0.6272757651391989 0.2005145057213447 0.1
921 0.6835251231149064 0.1751423623937118 0.1
922 0.6715444663625183 0.2241068467055621 0.1
923 0.5451461676860998 0.5072443557888644 0.1
924 0.6669672739332928 0.2737547445181158 0.1
925 0.7232166319090002 0.2483826011904827 0.1
926 0.5182695632929539 0.9034540595506722 0.1
927 0.5350393778618567 0.9583756623379693 0.1
928 0.9583756623379682 0.5350393778618527 0.1
929 0.9034540595506695 0.5182695632929437 0.1
930 0.09654594044933498 0.5182695632929721 0.1
931 0.04162433766203302 0.535039377861863 0.1
932 0.4817304367071786 0.09654594044939982 0.1
933 0.4649606221386237 0.04162433766203805 0.1
934 0.6905043548106156 0.874737749364056 0.1
935 0.6888668789214329 0.8242413177602571 0.1
936 0.7386611210927416 0.8501129980404406 0.1
937 0.309450255270414 0.8743671321346402 0.1
938 0.2686559424459062 0.8472536462059883 0.1
939 0.1256328678653627 0.3094502552704411 0.1
940 0.1527463537940094 0.2686559424459322 0.1
941 0.8747377493645385 0.3094956451894351 0.1
942 0.8242413177607155 0.3111331210786714 0.1
943 0.8501129980408941 0.2613388789075634 0.1
944 0.4798051669187415 0.8330326298443143 0.1
945 0.5240269641988435 0.8056507951482537 0.1
946 0.5106821681443551 0.862774959729345 0.1
947 0.8330073509526555 0.4866969870132333 0.1
948 0.8635810154989265 0.5143051200675238 0.1
949 0.1669673701556969 0.4798051669187642 0.1
950 0.1943492048517569 0.5240269641988655 0.1
951 0.1372250402706639 0.5106821681443782 0.1
952 0.520194833081286 0.1669673701557753 0.1
953 0.475973035801176 0.1943492048517836 0.1
954 0.4893178318556942 0.1372250402707318 0.1
955 0.6874899535195823 0.4172779253415398 0.1
956 0.7118137167617842 0.4470952983072162 0.1
957 0.6644805576672894 0.4628313102478983 0.1
958 0.6413280568155189 0.3905307549722494 0.1
959 0.6886612159100135 0.3747947430315673 0.1
960 0.3093265406684788 0.5880657480041538 0.1
961 0.3041528355651869 0.6296400206369299 0.1
962 0.4144466561791676 0.3072801169284574 0.1
963 0.3711663972994624 0.3046249468723757 0.1
964 0.8659161093551859 0.7842854788206581 0.1
965 0.8130248084869061 0.7779670380753622 0.1
966 0.8494435633447418 0.7327551623986701 0.1
967 0.1340838906448313 0.7842854788207625 0.1
968 0.1481999195826109 0.7334337137412126 0.1
969 0.184618674440453 0.7786455894178999 0.1
970 0.2157145211792052 0.1340838906448563 0.1
971 0.2665662862587455 0.1481999195826159 0.1
972 0.2213544105820751 0.1846186744404824 0.1
973 0.784211310925284 0.1341051197514732 0.1
974 0.7786455894178307 0.1846186744402694 0.1
975 0.7333595458456792 0.148221148689133 0.1
976 0.7553405100469928 0.4542377582815419 0.1
977 0.3232228928527543 0.6811511367464376 0.1
978 0.7267312760469258 0.3497862062019471 0.1
979 0.6805693793428623 0.3230390358326566 0.1
980 0.3196552811899572 0.3236950041599621 0.1
981 0.59334163956224 0.425204258192097 0.1
982 0.5945129019526711 0.3827210758821245 0.1
983 0.6005990343654566 0.3409371039678016 0.1
984 0.5850393778615208 0.9583756623379693 0.1
985 0.9583756623379682 0.5850393778615168 0.1
986 0.04162433766203302 0.585039377861527 0.1
987 0.4149606221387639 0.04162433766203805 0.1
988 0.4604031069865114 0.7965396491930805 0.1
989 0.4061805713065017 0.7838459215449218 0.1
990 0.203460350806931 0.460403106986533 0.1
991 0.2161540784550912 0.4061805713065208 0.1
992 0.5394595444887302 0.2034358161316235 0.1
993 0.5936820801687518 0.2161295437798076 0.1
994 0.9609201745472139 0.8119035593544462 0.1
995 0.9120876066537248 0.7814403609264294 0.1
996 0.7802001585458092 0.9103190119608592 0.1
997 0.8100508600548471 0.9600142971387394 0.1
998 0.0888182707547418 0.7795876616269046 0.1
999 0.0399857028612472 0.8100508600548668 0.1
1000 0.220412338373064 0.08881827075477683 0.1
1001 0.1899491399449051 0.0399857028612819 0.1
1002 0.810050860054682 0.03998570286111985 0.1
1003 0.7795134937315116 0.08883949986128828 0.1
1004 0.1899491399454646 0.9600142971389212 0.1
1005 0.2197967578999458 0.9102938341603372 0.1
1006 0.03998570286108772 0.1899491399454769 0.1
1007 0.08970616583967192 0.2197967578999732 0.1
1008 0.9103190119612885 0.2197998414541993 0.1
1009 0.9600142971389299 0.1899491399454519 0.1
1010 0.8756004666484445 0.689891857891629 0.1
1011 0.8227091657801645 0.683573417146333 0.1
1012 0.1243995333515603 0.6898918578917045 0.1
1013 0.3101081421082719 0.1243995333515362 0.1
1014 0.6890908446223598 0.1246288077049156 0.1
1015 0.7848979757396373 0.8650533920707948 0.1
1016 0.7832604998504545 0.814556960466996 0.1
1017 0.2150989407062339 0.8650282142701409 0.1
1018 0.2240596472423456 0.8117227864332971 0.1
1019 0.1349717857298516 0.2150989407062738 0.1
1020 0.1882772135666926 0.2240596472423813 0.1
1021 0.8650533920710763 0.2151020242604683 0.1
1022 0.8145569604672533 0.2167395001497046 0.1
1023 0.5242133120774501 0.4549693863797136 0.1
1024 0.5674593403080417 0.4696695485111227 0.1
1025 0.6142744951708894 0.4774792276012477 0.1
1026 0.9609201745472139 0.8619035593542381 0.1
1027 0.8600508600546388 0.9600142971387394 0.1
1028 0.1399491399450336 0.0399857028612819 0.1
1029 0.0399857028612472 0.8600508600546588 0.1
1030 0.8600508600548137 0.03998570286111985 0.1
1031 0.1399491399452565 0.9600142971389212 0.1
1032 0.03998570286108772 0.1399491399452688 0.1
1033 0.9600142971389299 0.1399491399452438 0.1
1034 0.5624913605730559 0.8760722248546116 0.1
1035 0.8768782806241934 0.566114312496227 0.1
1036 0.123927775145395 0.5624913605730734 0.1
1037 0.4375086394270686 0.1239277751454081 0.1
1038 0.9124756441477476 0.8634590289549801 0.1
1039 0.8616063296553809 0.9115697667392731 0.1
1040 0.1398881931978407 0.08992475611399674 0.1
1041 0.08992475611395671 0.8601118068021574 0.1
1042 0.139888193197758 0.9100752438862115 0.1
1043 0.860111806802243 0.08992475611382228 0.1
1044 0.0899247561138022 0.1398881931977756 0.1
1045 0.9100752438862276 0.1398881931977382 0.1
1046 0.7667879538400104 0.763026644045008 0.1
1047 0.2381756761801253 0.7608710213537473 0.1
1048 0.2391289786462328 0.2381756761801408 0.1
1049 0.7637051953876486 0.2308555290873644 0.1
1050 0.5855533438208003 0.6927198830715364 0.1
1051 0.630223320729727 0.7022684745283254 0.1
1052 0.5595958547507915 0.7208880149842211 0.1
1053 0.541028573647751 0.6683249263377748 0.1
1054 0.2817459135198273 0.5608182878933101 0.1
1055 0.3363554259062778 0.544763410973596 0.1
1056 0.4347449499018218 0.2739183146243791 0.1
1057 0.447058310932023 0.8536638137741718 0.1
1058 0.7959943992881963 0.4670892448821238 0.1
1059 0.8531438427609433 0.446852628733131 0.1
1060 0.146336186225838 0.4470583109320457 0.1
1061 0.3934307628154132 0.8326730116746932 0.1
1062 0.1673269883253145 0.3934307628154359 0.1
1063 0.832498480090422 0.3932673869812824 0.1
1064 0.5528043405432485 0.1463116515505718 0.1
1065 0.6056627369211398 0.1671650594679572 0.1
1066 0.6751087465348433 0.9666226823404049 0.1
1067 0.6952580450254587 0.9169273971625247 0.1
1068 0.9179626579037934 0.6945230487226817 0.1
1069 0.9667952257972825 0.6749862471510453 0.1
1070 0.6454638028541502 0.8910557168823412 0.1
1071 0.8912282603392161 0.6453413034703444 0.1
1072 0.03320477420271866 0.6749862471510624 0.1
1073 0.08203734209621327 0.6945230487227533 0.1
1074 0.3083837060956967 0.9141686428908846 0.1
1075 0.1087717396607844 0.6453413034703825 0.1
1076 0.08583135710911712 0.3083837060957196 0.1
1077 0.9142679441378065 0.3083958676337659 0.1
1078 0.3285360881414235 0.9638891058694685 0.1
1079 0.6906347655144343 0.0847638790986239 0.1
1080 0.03611089413053292 0.3285360881414313 0.1
1081 0.9639632293154479 0.3285451661252265 0.1
1082 0.671172131837473 0.03591008209845548 0.1
1083 0.3250137528489671 0.03320477420271485 0.1
1084 0.3054769512772716 0.08203734209620978 0.1
1085 0.354658696529668 0.1087717396607561 0.1
1086 0.7285291602172792 0.6725968845046448 0.1
1087 0.6799951248865175 0.6889406211906638 0.1
1088 0.7048600518663748 0.6429102406526495 0.1
1089 0.7749731748367992 0.6765016128100023 0.1
1090 0.8011300781405017 0.6336383083029611 0.1
1091 0.6538924290806314 0.7319551183803209 0.1
1092 0.5486352939485353 0.7605957184906027 0.1
1093 0.239404281509409 0.5486352939485597 0.1
1094 0.4513647060514474 0.2394042815094091 0.1
1095 0.5016608873844568 0.6422737973390444 0.1
1096 0.3590590673362142 0.507081566157362 0.1
1097 0.7501082478569419 0.7225319933480168 0.1
1098 0.875668851795889 0.8266522366031215 0.1
1099 0.8247995373035222 0.8747629743874146 0.1
1100 0.1252370256125838 0.8247995373035918 0.1
1101 0.1752004626963852 0.8747629743876459 0.1
1102 0.1752004626963937 0.1252370256126433 0.1
1103 0.1252370256123552 0.1752004626964222 0.1
1104 0.8247995373036631 0.1252370256124246 0.1
1105 0.8747629743876477 0.1752004626963405 0.1
1106 0.6224153687815739 0.7970745204009275 0.1
1107 0.597807039031882 0.8421295970585785 0.1
1108 0.5795122951741489 0.7903380483756335 0.1
1109 0.1578704029414276 0.5978070390319066 0.1
1110 0.2096619516243761 0.5795122951741736 0.1
1111 0.4021929609681262 0.1578704029414113 0.1
1112 0.4204877048258555 0.2096619516243656 0.1
1113 0.369146767230778 0.7028402131584489 0.1
1114 0.297966204777954 0.3696188785379938 0.1
1115 0.6288972137963804 0.298763281347736 0.1
1116 0.7203439392204904 0.7591219157396505 0.1
1117 0.7591280029584229 0.280503426899918 0.1
1118 0.6385982584130913 0.5072966005669242 0.1
1119 0.6361059332813784 0.7628928265911228 0.1
1120 0.6544006771391115 0.8146843752740678 0.1
1121 0.7754770018552806 0.4143934000014396 0.1
1122 0.685877737438169 0.7495649732534611 0.1
1123 0.7499941431359565 0.3155482485375295 0.1
1124 0.7580859797031076 0.3673039557364403 0.1
1125 0.7025574434212375 0.7900596239504523 0.1
1126 0.8151074579382491 0.3461779427162829 0.1
1127 0.7904827066146047 0.2980211764344112 0.1
1128 0.7987398689443113 0.3801554423370221 0.1
1129 0.8663041468492088 0.8663041468492088 0.1
1130 0.1351903760040462 0.8648096239960152 0.1
1131 0.1351903760039819 0.1351903760040762 0.1
1132 0.8648096239960155 0.1351903760040072 0.1
1133 0.610148124395324 0.9249983446783743 0.1
1134 0.6251087465351901 0.9666226823404049 0.1
1135 0.9667952257972825 0.6249862471513919 0.1
1136 0.9251708881352507 0.6100256250115219 0.1
1137 0.6053944341804809 0.8828086968799056 0.1
1138 0.8828086968799018 0.6053944341804693 0.1
1139 0.07482911186475169 0.6100256250115493 0.1
1140 0.03320477420271866 0.6249862471514092 0.1
1141 0.1171913031200987 0.6053944341805005 0.1
1142 0.3899743749886103 0.07482911186475291 0.1
1143 0.3750137528488213 0.03320477420271485 0.1
1144 0.3946055658196106 0.1171913031200793 0.1
1145 0.8429356528281587 0.6014299909550495 0.1
1146 0.4760372365907801 0.4655498454881807 0.1
1147 0.9031109392010674 0.9031109392010674 0.05
1148 0.9515554696005337 0.9015554696003255 0.05
1149 0.9515554696005337 0.9515554696005337 0.04999999999992762
1150 0.9015554696003254 0.9515554696005337 0.05
1151 0.09987810650542896 0.09987810650542966 0.05
1152 0.04993905325271448 0.04993905325271483 0.04999999999992762
1153 0.09993905325262181 0.04993905325271483 0.05
1154 0.09987810650541903 0.9001218934945807 0.05
1155 0.04993905325270952 0.9500609467472902 0.04999999999992762
1156 0.04993905325270952 0.9000609467470821 0.05
1157 0.04993905325271448 0.09993905325292282 0.05
1158 0.09993905325291749 0.9500609467472902 0.05
1159 0.9001218934945954 0.09987810650540485 0.05
1160 0.9000609467471661 0.04993905325270243 0.05
1161 0.9500609467472977 0.04993905325270243 0.04999999999992762
1162 0.9500609467472977 0.09993905325291041 0.05
1163 0.4376151275478976 0.6699666628188875 0.05
1164 0.3639360530549293 0.5720108710844397 0.05
1165 0.4882506901911712 0.5880545364276292 0.05
1166 0.4007755903014134 0.6209887669516636 0.05
1167 0.4629329088695344 0.6290105996232583 0.05
1168 0.4260933716230503 0.5800327037560344 0.05
1169 0.4093433359148022 0.4966471814519717 0.05
1170 0.4487970130529867 0.5423508589398005 0.05
1171 0.3866396944848657 0.5343290262682057 0.05
1172 0.4330139372822082 0.3598432055749237 0.05
1173 0.5586987495249632 0.3338266352733263 0.05
1174 0.5465264846993921 0.417394579101972 0.05
1175 0.4958563434035858 0.346834920424125 0.05
1176 0.4897702109908001 0.3886188923384478 0.05
1177 0.5526126171121777 0.3756106071876492 0.05
1178 0.6733856581720908 0.5757672426756814 0.05
1179 0.7758579074799085 0.506933603162226 0.05
1180 0.7533940871971364 0.6265665039666305 0.05
1181 0.7246217828259996 0.5413504229189536 0.05
1182 0.7133898726846136 0.6011668733211559 0.05
1183 0.7646259973385224 0.5667500535644283 0.05
1184 0.450174333726052 0.438555497318906 0.05
1185 0.4415941355041301 0.3991993514469149 0.05
1186 0.498350409212722 0.427975038210439 0.05
1187 0.1511339309161314 0.6407101126393338 0.05
1188 0.2547170282820282 0.6041206249238678 0.05
1189 0.1987347033782327 0.7277938243383499 0.05
1190 0.2029254795990798 0.6224153687816008 0.05
1191 0.174934317147182 0.684251968488842 0.05
1192 0.2267258658301304 0.6659572246311088 0.05
1193 0.3592898873606682 0.1511339309160825 0.05
1194 0.395879375076127 0.2547170282819911 0.05
1195 0.2722061756616153 0.198734703378242 0.05
1196 0.3775846312183976 0.2029254795990368 0.05
1197 0.3157480315111418 0.1749343171471623 0.05
1198 0.3340427753688712 0.2267258658301166 0.05
1199 0.292857142857163 0.7071428571428829 0.05
1200 0.2737870855695956 0.6556317410333754 0.05
1201 0.2457959231176978 0.7174683407406164 0.05
1202 0.2928571428571166 0.2928571428571638 0.05
1203 0.3443682589666218 0.2737870855695774 0.05
1204 0.282531659259366 0.2457959231177029 0.05
1205 0.5669860627177596 0.6401567944250902 0.05
1206 0.5883921959166912 0.5219445179202735 0.05
1207 0.6201858604449253 0.6079620185503858 0.05
1208 0.630888927044391 0.5488558802979775 0.05
1209 0.5776891293172255 0.5810506561726818 0.05
1210 0.4931499629732299 0.7759084652632229 0.05
1211 0.3847048916132104 0.7505210099669057 0.05
1212 0.4653825452605637 0.7229375640410551 0.05
1213 0.411160009580554 0.7102438363928967 0.05
1214 0.4389274272932202 0.7632147376150643 0.05
1215 0.3383879245597797 0.4383753387593661 0.05
1216 0.2240915347367898 0.4931499629732515 0.05
1217 0.2494789900331102 0.3847048916132272 0.05
1218 0.2812397296482848 0.4657626508663089 0.05
1219 0.2939334572964449 0.4115401151862966 0.05
1220 0.23678526238495 0.4389274272932393 0.05
1221 0.5068500370267679 0.2240915347368271 0.05
1222 0.6152951083868109 0.2494789900331951 0.05
1223 0.5327743932758655 0.2789590850050767 0.05
1224 0.5869969289558871 0.2916528126532607 0.05
1225 0.5610725727067893 0.2367852623850111 0.05
1226 0.3592052746310335 0.8481751902264484 0.05
1227 0.2776166489820179 0.7939482183691445 0.05
1228 0.3719550831221219 0.7993481000966771 0.05
1229 0.3311607702976141 0.7722346141680252 0.05
1230 0.3184109618065257 0.8210617042977965 0.05
1231 0.1518248097735569 0.3592052746310573 0.05
1232 0.2060517816308504 0.2776166489820396 0.05
1233 0.2006518999033335 0.3719550831221423 0.05
1234 0.2277653858319803 0.3311607702976334 0.05
1235 0.1789382957022037 0.3184109618065485 0.05
1236 0.385700930920994 0.3991092721671449 0.05
1237 0.3942811291429159 0.4384654180391361 0.05
1238 0.4664603708642531 0.8901567944254055 0.05
1239 0.4832301854331559 0.9450783972127028 0.05
1240 0.4332301854329587 0.9450783972127028 0.05
1241 0.1098432055746039 0.4664603708642769 0.05
1242 0.05492160278730195 0.4832301854331678 0.05
1243 0.05492160278730195 0.4332301854329706 0.05
1244 0.8901567944254026 0.4664603708642405 0.05
1245 0.9450783972127013 0.4332301854329524 0.05
1246 0.9450783972127013 0.4832301854331496 0.05
1247 0.5335396291358042 0.1098432055747235 0.05
1248 0.5167698145672492 0.05492160278736177 0.05
1249 0.5667698145673755 0.05492160278736177 0.05
1250 0.6423442636757362 0.07182016419691095 0.05
1251 0.5879419464057702 0.09083168488581725 0.05
1252 0.6211721318373415 0.03591008209845548 0.05
1253 0.3570721762815988 0.9277782117389372 0.05
1254 0.4117662735729259 0.9089675030821713 0.05
1255 0.3785360881416316 0.9638891058694685 0.05
1256 0.07222178826106584 0.3570721762816144 0.05
1257 0.09103249691783488 0.4117662735729457 0.05
1258 0.03611089413053292 0.3785360881416394 0.05
1259 0.9279264586308958 0.3570903322492047 0.05
1260 0.9639632293154479 0.3785451661254345 0.05
1261 0.9090416265281492 0.4117753515567226 0.05
1262 0.8370052365724503 0.5621498692708071 0.05
1263 0.7951996618847934 0.5943581866187189 0.05
1264 0.8064315720261794 0.5345417362165166 0.05
1265 0.6563260165356131 0.6592539773386683 0.05
1266 0.6116560396266864 0.6497053858818793 0.05
1267 0.664855837353852 0.6175106100071748 0.05
1268 0.5150710845777424 0.6964930582504596 0.05
1269 0.5041105237754862 0.7362007617568411 0.05
1270 0.4763431060628199 0.6832298605346736 0.05
1271 0.3087747987576263 0.5175159508627524 0.05
1272 0.2664331667472081 0.505332956918002 0.05
1273 0.323581361658703 0.4779456448110593 0.05
1274 0.4736105247275166 0.293119600966767 0.05
1275 0.51615463712624 0.3134731181200466 0.05
1276 0.4533122310048624 0.3264814032708453 0.05
1277 0.4902302808771423 0.2586055678517971 0.05
1278 0.3387810172351867 0.7288319335548943 0.05
1279 0.2852368959195904 0.7505455377560137 0.05
1280 0.2711680664451134 0.3387810172351955 0.05
1281 0.2494544622439835 0.2852368959196017 0.05
1282 0.5383214430539311 0.5549995271739514 0.05
1283 0.5276183764544654 0.6141056654263597 0.05
1284 0.6888043209094913 0.4926486832135747 0.05
1285 0.7323311141946999 0.4997911431879004 0.05
1286 0.6810949895407911 0.534207962944628 0.05
1287 0.3535886428483456 0.6551594163499921 0.05
1288 0.3587623479516374 0.613585143717216 0.05
1289 0.3956018851981216 0.6625630395844397 0.05
1290 0.3464534195227978 0.3545328654627604 0.05
1291 0.3897336784025031 0.357188035518842 0.05
1292 0.3424206720412888 0.3964541021110632 0.05
1293 0.3738656302372909 0.4675112601056689 0.05
1294 0.4297588348204271 0.4676013393854389 0.05
1295 0.5019001394555083 0.4925441936574553 0.05
1296 0.4950754148233397 0.5402993650425423 0.05
1297 0.4556217376851552 0.4945956875547135 0.05
1298 0.639256421891587 0.1515500214094944 0.05
1299 0.5863980255136956 0.130696613492109 0.05
1300 0.6408003427836616 0.1116850928032027 0.05
1301 0.4128328227476433 0.869165992325927 0.05
1302 0.3581387254563162 0.8879767009826928 0.05
1303 0.1308340076740804 0.4128328227476672 0.05
1304 0.1120232990173114 0.3581387254563358 0.05
1305 0.8488660690843599 0.3592898873605431 0.05
1306 0.8695114317548813 0.4128751291123918 0.05
1307 0.8883962638576279 0.3581901098048739 0.05
1308 0.9023348642130218 0.7390736031439662 0.05
1309 0.9511674321065109 0.7195368015723298 0.05
1310 0.9511674321065109 0.769536801571983 0.05
1311 0.7402985969819242 0.9006094296442395 0.05
1312 0.7701492984909619 0.9503047148221198 0.05
1313 0.7201492984913088 0.9503047148221198 0.05
1314 0.09766513578698921 0.7390736031440752 0.05
1315 0.04883256789349461 0.7695368015720374 0.05
1316 0.04883256789349461 0.7195368015723843 0.05
1317 0.2609263968558755 0.09766513578698983 0.05
1318 0.2304631984277167 0.04883256789349492 0.05
1319 0.2804631984275709 0.04883256789349492 0.05
1320 0.7389252673531325 0.09770759400033686 0.05
1321 0.7194626336761712 0.04885379700016843 0.05
1322 0.7694626336763029 0.04885379700016843 0.05
1323 0.2596952359097945 0.900559074042832 0.05
1324 0.2798476179555214 0.9502795370214161 0.05
1325 0.2298476179553133 0.950279537021416 0.05
1326 0.09944092595716839 0.2596952359098248 0.05
1327 0.04972046297858419 0.2798476179555365 0.05
1328 0.04972046297858419 0.2298476179553285 0.05
1329 0.9006094296447171 0.2597014030183271 0.05
1330 0.9503047148223585 0.2298507015095796 0.05
1331 0.9503047148223586 0.2798507015097877 0.05
1332 0.7277938243382258 0.1987347033779291 0.05
1333 0.6272757651391989 0.2005145057213448 0.05
1334 0.6715444663625183 0.2241068467055621 0.05
1335 0.6835251231149064 0.1751423623937118 0.05
1336 0.5451461676860998 0.5072443557888644 0.05
1337 0.7186394394797746 0.2980304990030364 0.05
1338 0.6669672739332928 0.2737547445181158 0.05
1339 0.7232166319090002 0.2483826011904827 0.05
1340 0.5700787557216547 0.9167513246759387 0.05
1341 0.5350393778618567 0.9583756623379693 0.05
1342 0.5182695632929539 0.9034540595506722 0.05
1343 0.9167513246759365 0.5700787557216469 0.05
1344 0.9034540595506695 0.5182695632929437 0.05
1345 0.9583756623379682 0.5350393778618527 0.05
1346 0.08324867532406605 0.5700787557216673 0.05
1347 0.04162433766203302 0.535039377861863 0.05
1348 0.09654594044933498 0.5182695632929721 0.05
1349 0.429921244278553 0.08324867532407611 0.05
1350 0.4649606221386237 0.04162433766203805 0.05
1351 0.4817304367071786 0.09654594044939982 0.05
1352 0.640710112639307 0.8488660690838725 0.05
1353 0.7370236452035589 0.7996165664366417 0.05
1354 0.6905043548106156 0.874737749364056 0.05
1355 0.7386611210927416 0.8501129980404405 0.05
1356 0.6888668789214329 0.8242413177602571 0.05
1357 0.309450255270414 0.8743671321346402 0.05
1358 0.2686559424459062 0.8472536462059883 0.05
1359 0.1256328678653627 0.3094502552704411 0.05
1360 0.1527463537940094 0.2686559424459322 0.05
1361 0.7996165664370712 0.2629763547967996 0.05
1362 0.8747377493645385 0.3094956451894351 0.05
1363 0.8501129980408941 0.2613388789075634 0.05
1364 0.8242413177607155 0.3111331210786714 0.05
1365 0.5549039654244571 0.8353931250332846 0.05
1366 0.4798051669187414 0.8330326298443143 0.05
1367 0.5106821681443551 0.862774959729345 0.05
1368 0.5240269641988435 0.8056507951482537 0.05
1369 0.8330073509526555 0.4866969870132333 0.05
1370 0.8635810154989265 0.5143051200675238 0.05
1371 0.1646068749667239 0.5549039654244794 0.05
1372 0.1669673701556969 0.4798051669187642 0.05
1373 0.1372250402706639 0.5106821681443782 0.05
1374 0.1943492048517569 0.5240269641988655 0.05
1375 0.4450960345755841 0.1646068749667401 0.05
1376 0.520194833081286 0.1669673701557753 0.05
1377 0.4893178318556942 0.1372250402707318 0.05
1378 0.475973035801176 0.1943492048517836 0.05
1379 0.6401567944250877 0.4330139372822219 0.05
1380 0.734823112614077 0.4015419134008578 0.05
1381 0.6874899535195823 0.4172779253415398 0.05
1382 0.6644805576672894 0.4628313102478984 0.05
1383 0.7118137167617842 0.4470952983072162 0.05
1384 0.64249931920595 0.3480475726622769 0.05
1385 0.6886612159100135 0.3747947430315673 0.05
1386 0.6413280568155189 0.3905307549722494 0.05
1387 0.3093265406684788 0.5880657480041538 0.05
1388 0.3041528355651869 0.6296400206369299 0.05
1389 0.4144466561791676 0.3072801169284574 0.05
1390 0.3711663972994624 0.3046249468723757 0.05
1391 0.8294973544973502 0.8294973544973502 0.05
1392 0.7965522624764618 0.7264367216533741 0.05
1393 0.8659161093551859 0.7842854788206581 0.05
1394 0.8494435633447417 0.7327551623986701 0.05
1395 0.8130248084869061 0.7779670380753622 0.05
1396 0.1705026455026733 0.8294973544974497 0.05
1397 0.1340838906448313 0.7842854788207625 0.05
1398 0.184618674440453 0.7786455894178999 0.05
1399 0.1481999195826109 0.7334337137412126 0.05
1400 0.1705026455025349 0.1705026455027228 0.05
1401 0.2157145211792052 0.1340838906448563 0.05
1402 0.2213544105820751 0.1846186744404824 0.05
1403 0.2665662862587455 0.1481999195826159 0.05
1404 0.8294973544974356 0.1705026455026096 0.05
1405 0.784211310925284 0.1341051197514732 0.05
1406 0.7333595458456792 0.148221148689133 0.05
1407 0.7786455894178306 0.1846186744402694 0.05
1408 0.7553405100469928 0.4542377582815419 0.05
1409 0.3232228928527543 0.6811511367464376 0.05
1410 0.7267312760469258 0.349786206201947 0.05
1411 0.6805693793428623 0.3230390358326566 0.05
1412 0.3196552811899572 0.3236950041599621 0.05
1413 0.59334163956224 0.425204258192097 0.05
1414 0.5945129019526711 0.3827210758821245 0.05
1415 0.6005990343654566 0.3409371039678016 0.05
1416 0.5850393778615208 0.9583756623379693 0.05
1417 0.9583756623379682 0.5850393778615168 0.05
1418 0.04162433766203302 0.585039377861527 0.05
1419 0.414960622138764 0.04162433766203805 0.05
1420 0.427656250999793 0.817170833122938 0.05
1421 0.4061805713065017 0.7838459215449218 0.05
1422 0.4604031069865114 0.7965396491930805 0.05
1423 0.1828291668770721 0.4276562509998144 0.05
1424 0.2161540784550912 0.4061805713065207 0.05
1425 0.203460350806931 0.460403106986533 0.05
1426 0.5720690519506927 0.18278009752642 0.05
1427 0.5936820801687518 0.2161295437798076 0.05
1428 0.5394595444887302 0.2034358161316235 0.05
1429 0.9218403490944278 0.8238071187088927 0.05
1430 0.9120876066537249 0.7814403609264293 0.05
1431 0.9609201745472139 0.8119035593544462 0.05
1432 0.8201017201096942 0.9200285942774789 0.05
1433 0.8100508600548471 0.9600142971387393 0.05
1434 0.7802001585458092 0.9103190119608592 0.05
1435 0.07997140572249439 0.8201017201097339 0.05
1436 0.0399857028612472 0.8100508600548668 0.05
1437 0.0888182707547418 0.7795876616269046 0.05
1438 0.1798982798902524 0.07997140572256381 0.05
1439 0.1899491399449051 0.0399857028612819 0.05
1440 0.220412338373064 0.08881827075477683 0.05
1441 0.8201017201098906 0.07997140572223971 0.05
1442 0.7795134937315116 0.08883949986128828 0.05
1443 0.8100508600546821 0.03998570286111985 0.05
1444 0.179898279890097 0.9200285942778423 0.05
1445 0.2197967578999458 0.9102938341603372 0.05
1446 0.1899491399454646 0.9600142971389212 0.05
1447 0.07997140572217544 0.1798982798901216 0.05
1448 0.08970616583967192 0.2197967578999732 0.05
1449 0.03998570286108772 0.1899491399454769 0.05
1450 0.9200285942778599 0.1798982798900715 0.05
1451 0.9600142971389298 0.1899491399454519 0.05
1452 0.9103190119612885 0.2197998414541993 0.05
1453 0.8488660690838672 0.6407101126392918 0.05
1454 0.8756004666484445 0.6898918578916289 0.05
1455 0.8227091657801644 0.683573417146333 0.05
1456 0.1243995333515603 0.6898918578917044 0.05
1457 0.3101081421082719 0.1243995333515362 0.05
1458 0.6890908446223598 0.1246288077049156 0.05
1459 0.7848979757396373 0.8650533920707948 0.05
1460 0.7832604998504545 0.814556960466996 0.05
1461 0.2150989407062339 0.8650282142701409 0.05
1462 0.2240596472423456 0.8117227864332971 0.05
1463 0.1349717857298516 0.2150989407062738 0.05
1464 0.1882772135666926 0.2240596472423813 0.05
1465 0.8650533920710763 0.2151020242604684 0.05
1466 0.8145569604672533 0.2167395001497046 0.05
1467 0.5674593403080417 0.4696695485111227 0.05
1468 0.5242133120774501 0.4549693863797136 0.05
1469 0.6142744951708894 0.4774792276012477 0.05
1470 0.9609201745472139 0.8619035593542381 0.05
1471 0.8600508600546388 0.9600142971387393 0.05
1472 0.1399491399450336 0.0399857028612819 0.05
1473 0.0399857028612472 0.8600508600546588 0.05
1474 0.8600508600548138 0.03998570286111985 0.05
1475 0.1399491399452565 0.9600142971389212 0.05
1476 0.03998570286108772 0.1399491399452688 0.05
1477 0.9600142971389298 0.1399491399452438 0.05
1478 0.5624913605730559 0.8760722248546116 0.05
1479 0.8768782806241934 0.566114312496227 0.05
1480 0.123927775145395 0.5624913605730734 0.05
1481 0.4375086394270686 0.1239277751454081 0.05
1482 0.9124756441477476 0.8634590289549801 0.05
1483 0.8616063296553809 0.911569766739273 0.05
1484 0.1398881931978407 0.08992475611399675 0.05
1485 0.08992475611395671 0.8601118068021574 0.05
1486 0.139888193197758 0.9100752438862114 0.05
1487 0.8601118068022431 0.08992475611382228 0.05
1488 0.0899247561138022 0.1398881931977756 0.05
1489 0.9100752438862276 0.1398881931977382 0.05
1490 0.7667879538400104 0.763026644045008 0.05
1491 0.2381756761801253 0.7608710213537473 0.05
1492 0.2391289786462328 0.2381756761801408 0.05
1493 0.7637051953876486 0.2308555290873644 0.05
1494 0.6041206249238408 0.7452829717179825 0.05
1495 0.5855533438208003 0.6927198830715364 0.05
1496 0.630223320729727 0.7022684745283254 0.05
1497 0.541028573647751 0.6683249263377748 0.05
1498 0.5595958547507915 0.7208880149842211 0.05
1499 0.3363554259062778 0.544763410973596 0.05
1500 0.2817459135198273 0.5608182878933101 0.05
1501 0.4347449499018218 0.2739183146243791 0.05
1502 0.447058310932023 0.8536638137741718 0.05
1503 0.8161308910964841 0.4272448866020216 0.05
1504 0.8531438427609433 0.446852628733131 0.05
1505 0.7959943992881963 0.4670892448821238 0.05
1506 0.146336186225838 0.4470583109320457 0.05
1507 0.3934307628154132 0.8326730116746932 0.05
1508 0.1673269883253145 0.3934307628154359 0.05
1509 0.832498480090422 0.3932673869812824 0.05
1510 0.5528043405432485 0.1463116515505718 0.05
1511 0.6056627369211398 0.1671650594679572 0.05
1512 0.6502174930689932 0.93324536468081 0.05
1513 0.6952580450254587 0.9169273971625247 0.05
1514 0.6751087465348433 0.9666226823404049 0.05
1515 0.933590451594565 0.649972494301397 0.05
1516 0.9667952257972825 0.6749862471510453 0.05
1517 0.9179626579037934 0.6945230487226817 0.05
1518 0.6454638028541502 0.8910557168823412 0.05
1519 0.8912282603392161 0.6453413034703444 0.05
1520 0.06640954840543732 0.6499724943014313 0.05
1521 0.08203734209621327 0.6945230487227533 0.05
1522 0.03320477420271866 0.6749862471510624 0.05
1523 0.3083837060956967 0.9141686428908846 0.05
1524 0.1087717396607844 0.6453413034703825 0.05
1525 0.08583135710911712 0.3083837060957196 0.05
1526 0.9142679441378065 0.3083958676337659 0.05
1527 0.3285360881414235 0.9638891058694685 0.05
1528 0.6906347655144343 0.0847638790986239 0.05
1529 0.03611089413053292 0.3285360881414313 0.05
1530 0.9639632293154479 0.3285451661252266 0.05
1531 0.671172131837473 0.03591008209845548 0.05
1532 0.3500275056986676 0.0664095484054297 0.05
1533 0.3054769512772716 0.08203734209620978 0.05
1534 0.3250137528489671 0.03320477420271485 0.05
1535 0.354658696529668 0.1087717396607561 0.05
1536 0.7036642332374219 0.7186272650426593 0.05
1537 0.7285291602172792 0.6725968845046448 0.05
1538 0.7048600518663748 0.6429102406526495 0.05
1539 0.6799951248865175 0.6889406211906637 0.05
1540 0.8011300781405017 0.6336383083029611 0.05
1541 0.7749731748367992 0.6765016128100023 0.05
1542 0.6538924290806314 0.7319551183803208 0.05
1543 0.5486352939485353 0.7605957184906027 0.05
1544 0.239404281509409 0.5486352939485597 0.05
1545 0.4513647060514474 0.2394042815094091 0.05
1546 0.5016608873844568 0.6422737973390444 0.05
1547 0.3590590673362142 0.507081566157362 0.05
1548 0.7501082478569419 0.7225319933480168 0.05
1549 0.875668851795889 0.8266522366031215 0.05
1550 0.8247995373035222 0.8747629743874146 0.05
1551 0.1252370256125838 0.8247995373035918 0.05
1552 0.1752004626963852 0.8747629743876459 0.05
1553 0.1752004626963937 0.1252370256126433 0.05
1554 0.1252370256123552 0.1752004626964222 0.05
1555 0.8247995373036631 0.1252370256124246 0.05
1556 0.8747629743876477 0.1752004626963405 0.05
1557 0.6224153687815739 0.7970745204009275 0.05
1558 0.5795122951741489 0.7903380483756335 0.05
1559 0.597807039031882 0.8421295970585785 0.05
1560 0.2096619516243761 0.5795122951741736 0.05
1561 0.1578704029414276 0.5978070390319066 0.05
1562 0.4204877048258555 0.2096619516243656 0.05
1563 0.4021929609681262 0.1578704029414113 0.05
1564 0.369146767230778 0.702840213158449 0.05
1565 0.297966204777954 0.3696188785379938 0.05
1566 0.6288972137963804 0.298763281347736 0.05
1567 0.7203439392204904 0.7591219157396505 0.05
1568 0.7591280029584229 0.280503426899918 0.05
1569 0.6385982584130913 0.5072966005669242 0.05
1570 0.6680912416389161 0.7805026814642629 0.05
1571 0.6544006771391115 0.8146843752740678 0.05
1572 0.6361059332813784 0.7628928265911228 0.05
1573 0.7754770018552806 0.4143934000014396 0.05
1574 0.685877737438169 0.7495649732534611 0.05
1575 0.7813488467921383 0.3330659980720227 0.05
1576 0.7580859797031076 0.3673039557364403 0.05
1577 0.7499941431359565 0.3155482485375295 0.05
1578 0.7025574434212375 0.7900596239504523 0.05
1579 0.7904827066146047 0.2980211764344112 0.05
1580 0.8151074579382491 0.3461779427162829 0.05
1581 0.7987398689443113 0.3801554423370221 0.05
1582 0.8663041468492088 0.8663041468492088 0.05
1583 0.1351903760040462 0.8648096239960152 0.05
1584 0.1351903760039819 0.1351903760040762 0.05
1585 0.8648096239960155 0.1351903760040072 0.05
1586 0.6251087465351901 0.9666226823404049 0.05
1587 0.610148124395324 0.9249983446783743 0.05
1588 0.9251708881352507 0.6100256250115219 0.05
1589 0.9667952257972825 0.6249862471513919 0.05
1590 0.6053944341804809 0.8828086968799056 0.05
1591 0.8828086968799018 0.6053944341804693 0.05
1592 0.03320477420271866 0.6249862471514092 0.05
1593 0.07482911186475169 0.6100256250115493 0.05
1594 0.1171913031200987 0.6053944341805005 0.05
1595 0.3750137528488213 0.03320477420271485 0.05
1596 0.3899743749886103 0.07482911186475291 0.05
1597 0.3946055658196106 0.1171913031200793 0.05
1598 0.8429356528281589 0.6014299909550495 0.05
1599 0.4760372365907801 0.4655498454881807 0.05
$EndNodes
$Elements
870
1 15 2 0 1 1
2 15 2 0 2 2
3 15 2 0 3 3
4 15 2 0 4 4
5 15 2 0 5 5
6 15 2 0 6 6
7 15 2 0 10 7
8 15 2 0 14 8
9 8 2 0 1 1 9 18
10 8 2 0 1 9 10 19
11 8 2 0 1 10 11 20
12 8 2 0 1 11 12 21
13 8 2 0 1 12 13 22
14 8 2 0 1 13 14 23
15 8 2 0 1 14 15 24
16 8 2 0 1 15 16 25
17 8 2 0 1 16 17 26
18 8 2 0 1 17 2 27
19 8 2 0 2 3 28 37
20 8 2 0 2 28 29 38
21 8 2 0 2 29 30 39
22 8 2 0 2 30 31 40
23 8 2 0 2 31 32 41
24 8 2 0 2 32 33 42
25 8 2 0 2 33 34 43
26 8 2 0 2 34 35 44
27 8 2 0 2 35 36 45
28 8 2 0 2 36 2 46
29 8 2 0 3 3 47 56
30 8 2 0 3 47 48 57
31 8 2 0 3 48 49 58
32 8 2 0 3 49 50 59
33 8 2 0 3 50 51 60
34 8 2 0 3 51 52 61
35 8 2 0 3 52 53 62
36 8 2 0 3 53 54 63
37 8 2 0 3 54 55 64
38 8 2 0 3 55 4 65
39 8 2 0 4 4 66 75
40 8 2 0 4 66 67 76
41 8 2 0 4 67 68 77
42 8 2 0 4 68 69 78
43 8 2 0 4 69 70 79
44 8 2 0 4 70 71 80
45 8 2 0 4 71 72 81
46 8 2 0 4 72 73 82
47 8 2 0 4 73 74 83
48 8 2 0 4 74 1 84
49 8 2 0 6 5 85 94
50 8 2 0 6 85 86 95
51 8 2 0 6 86 87 96
52 8 2 0 6 87 88 97
53 8 2 0 6 88 89 98
54 8 2 0 6 89 90 99
55 8 2 0 6 90 91 100
56 8 2 0 6 91 92 101
57 8 2 0 6 92 93 102
58 8 2 0 6 93 6 103
59 8 2 0 7 6 104 113
60 8 2 0 7 104 105 114
61 8 2 0 7 105 106 115
62 8 2 0 7 106 107 116
63 8 2 0 7 107 108 117
64 8 2 0 7 108 109 118
65 8 2 0 7 109 110 119
66 8 2 0 7 110 111 120
67 8 2 0 7 111 112 121
68 8 2 0 7 112 7 122
69 8 2 0 8 7 123 132
70 8 2 0 8 123 124 133
71 8 2 0 8 124 125 134
72 8 2 0 8 125 126 135
73 8 2 0 8 126 127 136
74 8 2 0 8 127 128 137
75 8 2 0 8 128 129 138
76 8 2 0 8 129 130 139
77 8 2 0 8 130 131 140
78 8 2 0 8 131 8 141
79 8 2 0 9 8 142 151
80 8 2 0 9 142 143 152
81 8 2 0 9 143 144 153
82 8 2 0 9 144 145 154
83 8 2 0 9 145 146 155
84 8 2 0 9 146 147 156
85 8 2 0 9 147 148 157
86 8 2 0 9 148 149 158
87 8 2 0 9 149 150 159
88 8 2 0 9 150 5 160
89 8 2 0 11 4 5 161
90 8 2 0 12 1 6 162
91 8 2 0 16 2 7 163
92 8 2 0 20 3 8 164
93 9 2 0 1 28 3 214 37 269 270
94 9 2 0 1 3 47 214 56 271 269
95 9 2 0 1 1 9 216 18 272 273
96 9 2 0 1 4 66 215 75 274 275
97 9 2 0 1 74 1 216 84 273 276
98 9 2 0 1 55 4 215 65 275 277
99 9 2 0 1 17 2 217 27 278 279
100 9 2 0 1 2 36 217 46 280 278
101 9 2 0 1 191 187 231 281 282 283
102 9 2 0 1 231 187 232 282 284 285
103 9 2 0 1 189 193 233 286 287 288
104 9 2 0 1 190 171 230 289 290 291
105 9 2 0 1 189 233 266 288 292 293
106 9 2 0 1 180 207 227 294 295 296
107 9 2 0 1 184 208 229 297 298 299
108 9 2 0 1 207 167 227 300 301 295
109 9 2 0 1 208 168 229 302 303 298
110 9 2 0 1 190 186 213 304 305 306
111 9 2 0 1 191 170 210 307 308 309
112 9 2 0 1 192 172 211 310 311 312
113 9 2 0 1 193 173 212 313 314 315
114 9 2 0 1 210 181 223 316 317 318
115 9 2 0 1 211 182 224 319 320 321
116 9 2 0 1 192 189 266 322 293 323
117 9 2 0 1 51 52 194 61 324 325
118 9 2 0 1 70 71 196 80 326 327
119 9 2 0 1 33 32 195 42 328 329
120 9 2 0 1 13 14 197 23 330 331
121 9 2 0 1 197 14 242 330 332 333
122 9 2 0 1 194 52 243 324 334 335
123 9 2 0 1 196 71 244 326 336 337
124 9 2 0 1 33 195 245 329 338 339
125 9 2 0 1 230 171 259 290 340 341
126 9 2 0 1 186 190 254 304 342 343
127 9 2 0 1 170 191 255 307 344 345
128 9 2 0 1 172 192 256 310 346 347
129 9 2 0 1 193 189 257 286 348 349
130 9 2 0 1 173 193 257 313 349 350
131 9 2 0 1 167 210 223 351 318 352
132 9 2 0 1 168 211 224 353 321 354
133 9 2 0 1 213 186 231 305 355 356
134 9 2 0 1 171 190 234 289 357 358
135 9 2 0 1 187 191 235 281 359 360
136 9 2 0 1 189 192 236 322 361 362
137 9 2 0 1 232 192 266 363 323 364
138 9 2 0 1 165 231 232 365 285 366
139 9 2 0 1 185 197 242 367 333 368
140 9 2 0 1 181 194 243 369 335 370
141 9 2 0 1 182 196 244 371 337 372
142 9 2 0 1 195 183 245 373 374 338
143 9 2 0 1 30 29 198 39 375 376
144 9 2 0 1 48 49 199 58 377 378
145 9 2 0 1 67 68 200 77 379 380
146 9 2 0 1 10 11 201 20 381 382
147 9 2 0 1 15 16 204 25 383 384
148 9 2 0 1 53 54 202 63 385 386
149 9 2 0 1 72 73 203 82 387 388
150 9 2 0 1 35 34 205 44 389 390
151 9 2 0 1 212 185 228 391 392 393
152 9 2 0 1 165 213 231 394 356 365
153 9 2 0 1 169 212 228 395 393 396
154 9 2 0 1 51 194 218 325 397 398
155 9 2 0 1 195 32 219 328 399 400
156 9 2 0 1 70 196 220 327 401 402
157 9 2 0 1 13 197 221 331 403 404
158 9 2 0 1 199 178 222 405 406 407
159 9 2 0 1 181 202 223 408 409 317
160 9 2 0 1 182 203 224 410 411 320
161 9 2 0 1 205 183 225 412 413 414
162 9 2 0 1 194 170 258 415 416 417
163 9 2 0 1 171 195 259 418 419 340
164 9 2 0 1 196 172 260 420 421 422
165 9 2 0 1 197 173 261 423 424 425
166 9 2 0 1 188 209 234 426 427 428
167 9 2 0 1 209 188 237 426 429 430
168 9 2 0 1 207 187 235 431 360 432
169 9 2 0 1 208 189 236 433 362 434
170 9 2 0 1 198 174 226 435 436 437
171 9 2 0 1 175 200 227 438 439 440
172 9 2 0 1 176 201 229 441 442 443
173 9 2 0 1 204 177 228 444 445 446
174 9 2 0 1 209 171 234 447 358 427
175 9 2 0 1 167 207 235 300 432 448
176 9 2 0 1 169 209 237 449 430 450
177 9 2 0 1 168 208 236 302 434 451
178 9 2 0 1 188 233 237 452 453 429
179 9 2 0 1 233 193 237 287 454 453
180 9 2 0 1 50 51 218 60 398 455
181 9 2 0 1 32 31 219 41 456 399
182 9 2 0 1 69 70 220 79 402 457
183 9 2 0 1 12 13 221 22 404 458
184 9 2 0 1 210 170 262 308 459 460
185 9 2 0 1 211 172 264 311 461 462
186 9 2 0 1 212 173 265 314 463 464
187 9 2 0 1 198 29 246 375 465 466
188 9 2 0 1 48 199 247 378 467 468
189 9 2 0 1 67 200 248 380 469 470
190 9 2 0 1 10 201 249 382 471 472
191 9 2 0 1 204 16 252 383 473 474
192 9 2 0 1 202 54 250 385 475 476
193 9 2 0 1 203 73 251 387 477 478
194 9 2 0 1 35 205 253 390 479 480
195 9 2 0 1 179 198 226 481 437 482
196 9 2 0 1 200 180 227 483 296 439
197 9 2 0 1 201 184 229 484 299 442
198 9 2 0 1 185 204 228 485 446 392
199 9 2 0 1 174 199 222 486 407 487
200 9 2 0 1 202 175 223 488 489 409
201 9 2 0 1 203 176 224 490 491 411
202 9 2 0 1 177 205 225 492 414 493
203 9 2 0 1 213 165 233 394 494 495
204 9 2 0 1 188 213 233 496 495 452
205 9 2 0 1 29 28 246 38 497 465
206 9 2 0 1 47 48 247 57 468 498
207 9 2 0 1 9 10 249 19 472 499
208 9 2 0 1 66 67 248 76 470 500
209 9 2 0 1 16 17 252 26 501 473
210 9 2 0 1 54 55 250 64 502 475
211 9 2 0 1 73 74 251 83 503 477
212 9 2 0 1 36 35 253 45 480 504
213 9 2 0 1 218 194 258 397 417 505
214 9 2 0 1 195 219 259 400 506 419
215 9 2 0 1 220 196 260 401 422 507
216 9 2 0 1 221 197 261 403 425 508
217 9 2 0 1 28 214 246 270 509 497
218 9 2 0 1 214 47 247 271 498 510
219 9 2 0 1 216 9 249 272 499 511
220 9 2 0 1 215 66 248 274 500 512
221 9 2 0 1 55 215 250 277 513 502
222 9 2 0 1 17 217 252 279 514 501
223 9 2 0 1 74 216 251 276 515 503
224 9 2 0 1 217 36 253 280 504 516
225 9 2 0 1 174 222 226 487 517 436
226 9 2 0 1 223 175 227 489 440 518
227 9 2 0 1 224 176 229 491 443 519
228 9 2 0 1 177 225 228 493 520 445
229 9 2 0 1 206 186 254 521 343 522
230 9 2 0 1 186 206 255 521 523 524
231 9 2 0 1 187 207 256 431 525 526
232 9 2 0 1 189 208 257 433 527 348
233 9 2 0 1 170 194 262 415 528 459
234 9 2 0 1 195 171 263 418 529 530
235 9 2 0 1 172 196 264 420 531 461
236 9 2 0 1 194 181 262 369 532 528
237 9 2 0 1 196 182 264 371 533 531
238 9 2 0 1 183 195 263 373 530 534
239 9 2 0 1 173 197 265 423 535 463
240 9 2 0 1 197 185 265 367 536 535
241 9 2 0 1 199 49 239 377 537 538
242 9 2 0 1 30 198 238 376 539 540
243 9 2 0 1 178 199 239 405 538 541
244 9 2 0 1 198 179 238 481 542 539
245 9 2 0 1 200 68 240 379 543 544
246 9 2 0 1 202 181 243 408 370 545
247 9 2 0 1 180 200 240 483 544 546
248 9 2 0 1 203 182 244 410 372 547
249 9 2 0 1 183 205 245 412 548 374
250 9 2 0 1 53 202 243 386 545 549
251 9 2 0 1 204 185 242 485 368 550
252 9 2 0 1 72 203 244 388 547 551
253 9 2 0 1 205 34 245 389 552 548
254 9 2 0 1 15 204 242 384 550 553
255 9 2 0 1 201 11 241 381 554 555
256 9 2 0 1 184 201 241 484 555 556
257 9 2 0 1 230 166 254 557 558 559
258 9 2 0 1 190 230 254 291 559 342
259 9 2 0 1 179 226 230 482 560 561
260 9 2 0 1 166 206 254 562 522 558
261 9 2 0 1 206 170 255 563 345 523
262 9 2 0 1 207 172 256 564 347 525
263 9 2 0 1 208 173 257 565 350 527
264 9 2 0 1 231 186 255 355 524 566
265 9 2 0 1 191 231 255 283 566 344
266 9 2 0 1 232 187 256 284 526 567
267 9 2 0 1 192 232 256 363 567 346
268 9 2 0 1 226 166 230 568 557 560
269 9 2 0 1 174 198 246 435 466 569
270 9 2 0 1 199 174 247 486 570 467
271 9 2 0 1 200 175 248 438 571 469
272 9 2 0 1 175 202 250 488 476 572
273 9 2 0 1 201 176 249 441 573 471
274 9 2 0 1 176 203 251 490 478 574
275 9 2 0 1 177 204 252 444 474 575
276 9 2 0 1 205 177 253 492 576 479
277 9 2 0 1 206 178 258 577 578 579
278 9 2 0 1 170 206 258 563 579 416
279 9 2 0 1 207 180 260 294 580 581
280 9 2 0 1 172 207 260 564 581 421
281 9 2 0 1 208 184 261 297 582 583
282 9 2 0 1 173 208 261 565 583 424
283 9 2 0 1 191 210 235 309 584 359
284 9 2 0 1 210 167 235 351 448 584
285 9 2 0 1 192 211 236 312 585 361
286 9 2 0 1 211 168 236 353 451 585
287 9 2 0 1 193 212 237 315 586 454
288 9 2 0 1 212 169 237 395 450 586
289 9 2 0 1 222 166 226 587 568 517
290 9 2 0 1 167 223 227 352 518 301
291 9 2 0 1 168 224 229 354 519 303
292 9 2 0 1 225 169 228 588 396 520
293 9 2 0 1 190 213 234 306 589 357
294 9 2 0 1 213 188 234 496 428 589
295 9 2 0 1 178 206 267 577 590 591
296 9 2 0 1 171 209 263 447 592 529
297 9 2 0 1 206 166 267 562 593 590
298 9 2 0 1 209 169 268 449 594 595
299 9 2 0 1 222 178 267 406 591 596
300 9 2 0 1 225 183 268 413 597 598
301 9 2 0 1 263 209 268 592 595 599
302 9 2 0 1 174 214 247 600 510 570
303 9 2 0 1 214 174 246 600 569 509
304 9 2 0 1 175 215 248 601 512 571
305 9 2 0 1 215 175 250 601 572 513
306 9 2 0 1 176 216 249 602 511 573
307 9 2 0 1 216 176 251 602 574 515
308 9 2 0 1 217 177 252 603 575 514
309 9 2 0 1 177 217 253 603 516 576
310 9 2 0 1 183 263 268 534 599 597
311 9 2 0 1 50 218 239 455 604 605
312 9 2 0 1 219 31 238 456 606 607
313 9 2 0 1 218 178 239 608 541 604
314 9 2 0 1 179 219 238 609 607 542
315 9 2 0 1 69 220 240 457 610 611
316 9 2 0 1 220 180 240 612 546 610
317 9 2 0 1 12 221 241 458 613 614
318 9 2 0 1 221 184 241 615 556 613
319 9 2 0 1 179 230 259 561 341 616
320 9 2 0 1 31 30 238 40 540 606
321 9 2 0 1 49 50 239 59 605 537
322 9 2 0 1 68 69 240 78 611 543
323 9 2 0 1 11 12 241 21 614 554
324 9 2 0 1 14 15 242 24 553 332
325 9 2 0 1 52 53 243 62 549 334
326 9 2 0 1 71 72 244 81 551 336
327 9 2 0 1 34 33 245 43 339 552
328 9 2 0 1 181 210 262 316 460 532
329 9 2 0 1 182 211 264 319 462 533
330 9 2 0 1 185 212 265 391 464 536
331 9 2 0 1 178 218 258 608 505 578
332 9 2 0 1 219 179 259 609 616 506
333 9 2 0 1 180 220 260 612 507 580
334 9 2 0 1 184 221 261 615 508 582
335 9 2 0 1 166 222 267 587 596 593
336 9 2 0 1 169 225 268 588 598 594
337 9 2 0 1 233 165 266 494 617 292
338 9 2 0 1 165 232 266 366 364 617
339 9 2 0 26 131 8 743 141 798 799
340 9 2 0 26 8 142 743 151 800 798
341 9 2 0 26 6 104 745 113 801 802
342 9 2 0 26 5 85 744 94 803 804
343 9 2 0 26 93 6 745 103 802 805
344 9 2 0 26 150 5 744 160 804 806
345 9 2 0 26 112 7 746 122 807 808
346 9 2 0 26 7 123 746 132 809 807
347 9 2 0 26 720 716 760 810 811 812
348 9 2 0 26 760 716 761 811 813 814
349 9 2 0 26 718 722 762 815 816 817
350 9 2 0 26 719 700 759 818 819 820
351 9 2 0 26 718 762 795 817 821 822
352 9 2 0 26 709 736 756 823 824 825
353 9 2 0 26 713 737 758 826 827 828
354 9 2 0 26 736 696 756 829 830 824
355 9 2 0 26 737 697 758 831 832 827
356 9 2 0 26 719 715 742 833 834 835
357 9 2 0 26 720 699 739 836 837 838
358 9 2 0 26 721 701 740 839 840 841
359 9 2 0 26 722 702 741 842 843 844
360 9 2 0 26 739 710 752 845 846 847
361 9 2 0 26 740 711 753 848 849 850
362 9 2 0 26 721 718 795 851 822 852
363 9 2 0 26 146 147 723 156 853 854
364 9 2 0 26 89 90 725 99 855 856
365 9 2 0 26 126 127 724 136 857 858
366 9 2 0 26 108 109 726 118 859 860
367 9 2 0 26 726 109 771 859 861 862
368 9 2 0 26 723 147 772 853 863 864
369 9 2 0 26 725 90 773 855 865 866
370 9 2 0 26 126 724 774 858 867 868
371 9 2 0 26 759 700 788 819 869 870
372 9 2 0 26 715 719 783 833 871 872
373 9 2 0 26 699 720 784 836 873 874
374 9 2 0 26 701 721 785 839 875 876
375 9 2 0 26 722 718 786 815 877 878
376 9 2 0 26 702 722 786 842 878 879
377 9 2 0 26 696 739 752 880 847 881
378 9 2 0 26 697 740 753 882 850 883
379 9 2 0 26 742 715 760 834 884 885
380 9 2 0 26 700 719 763 818 886 887
381 9 2 0 26 716 720 764 810 888 889
382 9 2 0 26 718 721 765 851 890 891
383 9 2 0 26 761 721 795 892 852 893
384 9 2 0 26 694 760 761 894 814 895
385 9 2 0 26 714 726 771 896 862 897
386 9 2 0 26 710 723 772 898 864 899
387 9 2 0 26 711 725 773 900 866 901
388 9 2 0 26 724 712 774 902 903 867
389 9 2 0 26 129 130 727 139 904 905
390 9 2 0 26 143 144 728 153 906 907
391 9 2 0 26 86 87 729 96 908 909
392 9 2 0 26 105 106 730 115 910 911
393 9 2 0 26 110 111 733 120 912 913
394 9 2 0 26 148 149 731 158 914 915
395 9 2 0 26 91 92 732 101 916 917
396 9 2 0 26 124 125 734 134 918 919
397 9 2 0 26 741 714 757 920 921 922
398 9 2 0 26 694 742 760 923 885 894
399 9 2 0 26 698 741 757 924 922 925
400 9 2 0 26 146 723 747 854 926 927
401 9 2 0 26 724 127 748 857 928 929
402 9 2 0 26 89 725 749 856 930 931
403 9 2 0 26 108 726 750 860 932 933
404 9 2 0 26 728 707 751 934 935 936
405 9 2 0 26 710 731 752 937 938 846
406 9 2 0 26 711 732 753 939 940 849
407 9 2 0 26 734 712 754 941 942 943
408 9 2 0 26 723 699 787 944 945 946
409 9 2 0 26 700 724 788 947 948 869
410 9 2 0 26 725 701 789 949 950 951
411 9 2 0 26 726 702 790 952 953 954
412 9 2 0 26 717 738 763 955 956 957
413 9 2 0 26 738 717 766 955 958 959
414 9 2 0 26 736 716 764 960 889 961
415 9 2 0 26 737 718 765 962 891 963
416 9 2 0 26 727 703 755 964 965 966
417 9 2 0 26 704 729 756 967 968 969
418 9 2 0 26 705 730 758 970 971 972
419 9 2 0 26 733 706 757 973 974 975
420 9 2 0 26 738 700 763 976 887 956
421 9 2 0 26 696 736 764 829 961 977
422 9 2 0 26 698 738 766 978 959 979
423 9 2 0 26 697 737 765 831 963 980
424 9 2 0 26 717 762 766 981 982 958
425 9 2 0 26 762 722 766 816 983 982
426 9 2 0 26 145 146 747 155 927 984
427 9 2 0 26 127 128 748 137 985 928
428 9 2 0 26 88 89 749 98 931 986
429 9 2 0 26 107 108 750 117 933 987
430 9 2 0 26 739 699 791 837 988 989
431 9 2 0 26 740 701 793 840 990 991
432 9 2 0 26 741 702 794 843 992 993
433 9 2 0 26 727 130 775 904 994 995
434 9 2 0 26 143 728 776 907 996 997
435 9 2 0 26 86 729 777 909 998 999
436 9 2 0 26 105 730 778 911 1000 1001
437 9 2 0 26 733 111 781 912 1002 1003
438 9 2 0 26 731 149 779 914 1004 1005
439 9 2 0 26 732 92 780 916 1006 1007
440 9 2 0 26 124 734 782 919 1008 1009
441 9 2 0 26 708 727 755 1010 966 1011
442 9 2 0 26 729 709 756 1012 825 968
443 9 2 0 26 730 713 758 1013 828 971
444 9 2 0 26 714 733 757 1014 975 921
445 9 2 0 26 703 728 751 1015 936 1016
446 9 2 0 26 731 704 752 1017 1018 938
447 9 2 0 26 732 705 753 1019 1020 940
448 9 2 0 26 706 734 754 1021 943 1022
449 9 2 0 26 742 694 762 923 1023 1024
450 9 2 0 26 717 742 762 1025 1024 981
451 9 2 0 26 130 131 775 140 1026 994
452 9 2 0 26 142 143 776 152 997 1027
453 9 2 0 26 104 105 778 114 1001 1028
454 9 2 0 26 85 86 777 95 999 1029
455 9 2 0 26 111 112 781 121 1030 1002
456 9 2 0 26 149 150 779 159 1031 1004
457 9 2 0 26 92 93 780 102 1032 1006
458 9 2 0 26 123 124 782 133 1009 1033
459 9 2 0 26 747 723 787 926 946 1034
460 9 2 0 26 724 748 788 929 1035 948
461 9 2 0 26 749 725 789 930 951 1036
462 9 2 0 26 750 726 790 932 954 1037
463 9 2 0 26 131 743 775 799 1038 1026
464 9 2 0 26 743 142 776 800 1027 1039
465 9 2 0 26 745 104 778 801 1028 1040
466 9 2 0 26 744 85 777 803 1029 1041
467 9 2 0 26 150 744 779 806 1042 1031
468 9 2 0 26 112 746 781 808 1043 1030
469 9 2 0 26 93 745 780 805 1044 1032
470 9 2 0 26 746 123 782 809 1033 1045
471 9 2 0 26 703 751 755 1016 1046 965
472 9 2 0 26 752 704 756 1018 969 1047
473 9 2 0 26 753 705 758 1020 972 1048
474 9 2 0 26 706 754 757 1022 1049 974
475 9 2 0 26 735 715 783 1050 872 1051
476 9 2 0 26 715 735 784 1050 1052 1053
477 9 2 0 26 716 736 785 960 1054 1055
478 9 2 0 26 718 737 786 962 1056 877
479 9 2 0 26 699 723 791 944 1057 988
480 9 2 0 26 724 700 792 947 1058 1059
481 9 2 0 26 701 725 793 949 1060 990
482 9 2 0 26 723 710 791 898 1061 1057
483 9 2 0 26 725 711 793 900 1062 1060
484 9 2 0 26 712 724 792 902 1059 1063
485 9 2 0 26 702 726 794 952 1064 992
486 9 2 0 26 726 714 794 896 1065 1064
487 9 2 0 26 728 144 768 906 1066 1067
488 9 2 0 26 129 727 767 905 1068 1069
489 9 2 0 26 707 728 768 934 1067 1070
490 9 2 0 26 727 708 767 1010 1071 1068
491 9 2 0 26 729 87 769 908 1072 1073
492 9 2 0 26 731 710 772 937 899 1074
493 9 2 0 26 709 729 769 1012 1073 1075
494 9 2 0 26 732 711 773 939 901 1076
495 9 2 0 26 712 734 774 941 1077 903
496 9 2 0 26 148 731 772 915 1074 1078
497 9 2 0 26 733 714 771 1014 897 1079
498 9 2 0 26 91 732 773 917 1076 1080
499 9 2 0 26 734 125 774 918 1081 1077
500 9 2 0 26 110 733 771 913 1079 1082
501 9 2 0 26 730 106 770 910 1083 1084
502 9 2 0 26 713 730 770 1013 1084 1085
503 9 2 0 26 759 695 783 1086 1087 1088
504 9 2 0 26 719 759 783 820 1088 871
505 9 2 0 26 708 755 759 1011 1089 1090
506 9 2 0 26 695 735 783 1091 1051 1087
507 9 2 0 26 735 699 784 1092 874 1052
508 9 2 0 26 736 701 785 1093 876 1054
509 9 2 0 26 737 702 786 1094 879 1056
510 9 2 0 26 760 715 784 884 1053 1095
511 9 2 0 26 720 760 784 812 1095 873
512 9 2 0 26 761 716 785 813 1055 1096
513 9 2 0 26 721 761 785 892 1096 875
514 9 2 0 26 755 695 759 1097 1086 1089
515 9 2 0 26 703 727 775 964 995 1098
516 9 2 0 26 728 703 776 1015 1099 996
517 9 2 0 26 729 704 777 967 1100 998
518 9 2 0 26 704 731 779 1017 1005 1101
519 9 2 0 26 730 705 778 970 1102 1000
520 9 2 0 26 705 732 780 1019 1007 1103
521 9 2 0 26 706 733 781 973 1003 1104
522 9 2 0 26 734 706 782 1021 1105 1008
523 9 2 0 26 735 707 787 1106 1107 1108
524 9 2 0 26 699 735 787 1092 1108 945
525 9 2 0 26 736 709 789 823 1109 1110
526 9 2 0 26 701 736 789 1093 1110 950
527 9 2 0 26 737 713 790 826 1111 1112
528 9 2 0 26 702 737 790 1094 1112 953
529 9 2 0 26 720 739 764 838 1113 888
530 9 2 0 26 739 696 764 880 977 1113
531 9 2 0 26 721 740 765 841 1114 890
532 9 2 0 26 740 697 765 882 980 1114
533 9 2 0 26 722 741 766 844 1115 983
534 9 2 0 26 741 698 766 924 979 1115
535 9 2 0 26 751 695 755 1116 1097 1046
536 9 2 0 26 696 752 756 881 1047 830
537 9 2 0 26 697 753 758 883 1048 832
538 9 2 0 26 754 698 757 1117 925 1049
539 9 2 0 26 719 742 763 835 1118 886
540 9 2 0 26 742 717 763 1025 957 1118
541 9 2 0 26 707 735 796 1106 1119 1120
542 9 2 0 26 700 738 792 976 1121 1058
543 9 2 0 26 735 695 796 1091 1122 1119
544 9 2 0 26 738 698 797 978 1123 1124
545 9 2 0 26 751 707 796 935 1120 1125
546 9 2 0 26 754 712 797 942 1126 1127
547 9 2 0 26 792 738 797 1121 1124 1128
548 9 2 0 26 703 743 776 1129 1039 1099
549 9 2 0 26 743 703 775 1129 1098 1038
550 9 2 0 26 704 744 777 1130 1041 1100
551 9 2 0 26 744 704 779 1130 1101 1042
552 9 2 0 26 705 745 778 1131 1040 1102
553 9 2 0 26 745 705 780 1131 1103 1044
554 9 2 0 26 746 706 781 1132 1104 1043
555 9 2 0 26 706 746 782 1132 1045 1105
556 9 2 0 26 712 792 797 1063 1128 1126
557 9 2 0 26 145 747 768 984 1133 1134
558 9 2 0 26 748 128 767 985 1135 1136
559 9 2 0 26 747 707 768 1137 1070 1133
560 9 2 0 26 708 748 767 1138 1136 1071
561 9 2 0 26 88 749 769 986 1139 1140
562 9 2 0 26 749 709 769 1141 1075 1139
563 9 2 0 26 107 750 770 987 1142 1143
564 9 2 0 26 750 713 770 1144 1085 1142
565 9 2 0 26 708 759 788 1090 870 1145
566 9 2 0 26 128 129 767 138 1069 1135
567 9 2 0 26 144 145 768 154 1134 1066
568 9 2 0 26 87 88 769 97 1140 1072
569 9 2 0 26 106 107 770 116 1143 1083
570 9 2 0 26 109 110 771 119 1082 861
571 9 2 0 26 147 148 772 157 1078 863
572 9 2 0 26 90 91 773 100 1080 865
573 9 2 0 26 125 126 774 135 868 1081
574 9 2 0 26 710 739 791 845 989 1061
575 9 2 0 26 711 740 793 848 991 1062
576 9 2 0 26 714 741 794 920 993 1065
577 9 2 0 26 707 747 787 1137 1034 1107
578 9 2 0 26 748 708 788 1138 1145 1035
579 9 2 0 26 709 749 789 1141 1036 1109
580 9 2 0 26 713 750 790 1144 1037 1111
581 9 2 0 26 695 751 796 1116 1125 1122
582 9 2 0 26 698 754 797 1117 1127 1123
583 9 2 0 26 762 694 795 1023 1146 821
584 9 2 0 26 694 761 795 895 893 1146
585 10 2 0 13 4 66 85 5 75 618 94 161 619
586 10 2 0 13 66 67 86 85 76 620 95 618 621
587 10 2 0 13 67 68 87 86 77 622 96 620 623
588 10 2 0 13 68 69 88 87 78 624 97 622 625
589 10 2 0 13 69 70 89 88 79 626 98 624 627
590 10 2 0 13 70 71 90 89 80 628 99 626 629
591 10 2 0 13 71 72 91 90 81 630 100 628 631
592 10 2 0 13 72 73 92 91 82 632 101 630 633
593 10 2 0 13 73 74 93 92 83 634 102 632 635
594 10 2 0 13 74 1 6 93 84 162 103 634 636
595 10 2 0 17 1 9 104 6 18 637 113 162 638
596 10 2 0 17 9 10 105 104 19 639 114 637 640
597 10 2 0 17 10 11 106 105 20 641 115 639 642
598 10 2 0 17 11 12 107 106 21 643 116 641 644
599 10 2 0 17 12 13 108 107 22 645 117 643 646
600 10 2 0 17 13 14 109 108 23 647 118 645 648
601 10 2 0 17 14 15 110 109 24 649 119 647 650
602 10 2 0 17 15 16 111 110 25 651 120 649 652
603 10 2 0 17 16 17 112 111 26 653 121 651 654
604 10 2 0 17 17 2 7 112 27 163 122 653 655
605 10 2 0 21 3 8 131 28 164 141 656 37 657
606 10 2 0 21 28 131 130 29 656 140 658 38 659
607 10 2 0 21 29 130 129 30 658 139 660 39 661
608 10 2 0 21 30 129 128 31 660 138 662 40 663
609 10 2 0 21 31 128 127 32 662 137 664 41 665
610 10 2 0 21 32 127 126 33 664 136 666 42 667
611 10 2 0 21 33 126 125 34 666 135 668 43 669
612 10 2 0 21 34 125 124 35 668 134 670 44 671
613 10 2 0 21 35 124 123 36 670 133 672 45 673
614 10 2 0 21 36 123 7 2 672 132 163 46 674
615 10 2 0 25 3 47 142 8 56 675 151 164 676
616 10 2 0 25 47 48 143 142 57 677 152 675 678
617 10 2 0 25 48 49 144 143 58 679 153 677 680
618 10 2 0 25 49 50 145 144 59 681 154 679 682
619 10 2 0 25 50 51 146 145 60 683 155 681 684
620 10 2 0 25 51 52 147 146 61 685 156 683 686
621 10 2 0 25 52 53 148 147 62 687 157 685 688
622 10 2 0 25 53 54 149 148 63 689 158 687 690
623 10 2 0 25 54 55 150 149 64 691 159 689 692
624 10 2 0 25 55 4 5 150 65 161 160 691 693
625 13 2 0 1 28 3 214 131 8 743 37 270 656 269 164 1147 141 799 798 657 1148 1149
626 13 2 0 1 3 47 214 8 142 743 56 269 164 271 675 1147 151 798 800 676 1149 1150
627 13 2 0 1 1 9 216 6 104 745 18 273 162 272 637 1151 113 802 801 638 1152 1153
628 13 2 0 1 4 66 215 5 85 744 75 275 161 274 618 1154 94 804 803 619 1155 1156
629 13 2 0 1 74 1 216 93 6 745 84 276 634 273 162 1151 103 805 802 636 1157 1152
630 13 2 0 1 55 4 215 150 5 744 65 277 691 275 161 1154 160 806 804 693 1158 1155
631 13 2 0 1 17 2 217 112 7 746 27 279 653 278 163 1159 122 808 807 655 1160 1161
632 13 2 0 1 2 36 217 7 123 746 46 278 163 280 672 1159 132 807 809 674 1161 1162
633 13 2 0 1 191 187 231 720 716 760 281 283 1163 282 1164 1165 810 812 811 1166 1167 1168
634 13 2 0 1 231 187 232 760 716 761 282 285 1165 284 1164 1169 811 814 813 1168 1170 1171
635 13 2 0 1 189 193 233 718 722 762 286 288 1172 287 1173 1174 815 817 816 1175 1176 1177
636 13 2 0 1 190 171 230 719 700 759 289 291 1178 290 1179 1180 818 820 819 1181 1182 1183
637 13 2 0 1 189 233 266 718 762 795 288 293 1172 292 1174 1184 817 822 821 1176 1185 1186
638 13 2 0 1 180 207 227 709 736 756 294 296 1187 295 1188 1189 823 825 824 1190 1191 1192
639 13 2 0 1 184 208 229 713 737 758 297 299 1193 298 1194 1195 826 828 827 1196 1197 1198
640 13 2 0 1 207 167 227 736 696 756 300 295 1188 301 1199 1189 829 824 830 1200 1192 1201
641 13 2 0 1 208 168 229 737 697 758 302 298 1194 303 1202 1195 831 827 832 1203 1198 1204
642 13 2 0 1 190 186 213 719 715 742 304 306 1178 305 1205 1206 833 835 834 1207 1208 1209
643 13 2 0 1 191 170 210 720 699 739 307 309 1163 308 1210 1211 836 838 837 1212 1213 1214
644 13 2 0 1 192 172 211 721 701 740 310 312 1215 311 1216 1217 839 841 840 1218 1219 1220
645 13 2 0 1 193 173 212 722 702 741 313 315 1173 314 1221 1222 842 844 843 1223 1224 1225
646 13 2 0 1 210 181 223 739 710 752 316 318 1211 317 1226 1227 845 847 846 1228 1229 1230
647 13 2 0 1 211 182 224 740 711 753 319 321 1217 320 1231 1232 848 850 849 1233 1234 1235
648 13 2 0 1 192 189 266 721 718 795 322 323 1215 293 1172 1184 851 852 822 1236 1237 1185
649 13 2 0 1 51 52 194 146 147 723 61 325 683 324 685 1238 156 854 853 686 1239 1240
650 13 2 0 1 70 71 196 89 90 725 80 327 626 326 628 1241 99 856 855 629 1242 1243
651 13 2 0 1 33 32 195 126 127 724 42 329 666 328 664 1244 136 858 857 667 1245 1246
652 13 2 0 1 13 14 197 108 109 726 23 331 645 330 647 1247 118 860 859 648 1248 1249
653 13 2 0 1 197 14 242 726 109 771 330 333 1247 332 647 1250 859 862 861 1249 1251 1252
654 13 2 0 1 194 52 243 723 147 772 324 335 1238 334 685 1253 853 864 863 1240 1254 1255
655 13 2 0 1 196 71 244 725 90 773 326 337 1241 336 628 1256 855 866 865 1243 1257 1258
656 13 2 0 1 33 195 245 126 724 774 329 339 666 338 1244 1259 858 868 867 1245 1260 1261
657 13 2 0 1 230 171 259 759 700 788 290 341 1180 340 1179 1262 819 870 869 1183 1263 1264
658 13 2 0 1 186 190 254 715 719 783 304 343 1205 342 1178 1265 833 872 871 1207 1266 1267
659 13 2 0 1 170 191 255 699 720 784 307 345 1210 344 1163 1268 836 874 873 1212 1269 1270
660 13 2 0 1 172 192 256 701 721 785 310 347 1216 346 1215 1271 839 876 875 1218 1272 1273
661 13 2 0 1 193 189 257 722 718 786 286 349 1173 348 1172 1274 815 878 877 1175 1275 1276
662 13 2 0 1 173 193 257 702 722 786 313 350 1221 349 1173 1274 842 879 878 1223 1277 1275
663 13 2 0 1 167 210 223 696 739 752 351 352 1199 318 1211 1227 880 881 847 1278 1279 1229
664 13 2 0 1 168 211 224 697 740 753 353 354 1202 321 1217 1232 882 883 850 1280 1281 1234
665 13 2 0 1 213 186 231 742 715 760 305 356 1206 355 1205 1165 834 885 884 1209 1282 1283
666 13 2 0 1 171 190 234 700 719 763 289 358 1179 357 1178 1284 818 887 886 1181 1285 1286
667 13 2 0 1 187 191 235 716 720 764 281 360 1164 359 1163 1287 810 889 888 1166 1288 1289
668 13 2 0 1 189 192 236 718 721 765 322 362 1172 361 1215 1290 851 891 890 1236 1291 1292
669 13 2 0 1 232 192 266 761 721 795 363 364 1169 323 1215 1184 892 893 852 1293 1294 1237
670 13 2 0 1 165 231 232 694 760 761 365 366 1295 285 1165 1169 894 895 814 1296 1297 1170
671 13 2 0 1 185 197 242 714 726 771 367 368 1298 333 1247 1250 896 897 862 1299 1300 1251
672 13 2 0 1 181 194 243 710 723 772 369 370 1226 335 1238 1253 898 899 864 1301 1302 1254
673 13 2 0 1 182 196 244 711 725 773 371 372 1231 337 1241 1256 900 901 866 1303 1304 1257
674 13 2 0 1 195 183 245 724 712 774 373 338 1244 374 1305 1259 902 867 903 1306 1261 1307
675 13 2 0 1 30 29 198 129 130 727 39 376 660 375 658 1308 139 905 904 661 1309 1310
676 13 2 0 1 48 49 199 143 144 728 58 378 677 377 679 1311 153 907 906 680 1312 1313
677 13 2 0 1 67 68 200 86 87 729 77 380 620 379 622 1314 96 909 908 623 1315 1316
678 13 2 0 1 10 11 201 105 106 730 20 382 639 381 641 1317 115 911 910 642 1318 1319
679 13 2 0 1 15 16 204 110 111 733 25 384 649 383 651 1320 120 913 912 652 1321 1322
680 13 2 0 1 53 54 202 148 149 731 63 386 687 385 689 1323 158 915 914 690 1324 1325
681 13 2 0 1 72 73 203 91 92 732 82 388 630 387 632 1326 101 917 916 633 1327 1328
682 13 2 0 1 35 34 205 124 125 734 44 390 670 389 668 1329 134 919 918 671 1330 1331
683 13 2 0 1 212 185 228 741 714 757 391 393 1222 392 1298 1332 920 922 921 1333 1334 1335
684 13 2 0 1 165 213 231 694 742 760 394 365 1295 356 1206 1165 923 894 885 1336 1296 1282
685 13 2 0 1 169 212 228 698 741 757 395 396 1337 393 1222 1332 924 925 922 1338 1339 1334
686 13 2 0 1 51 194 218 146 723 747 325 398 683 397 1238 1340 854 927 926 1239 1341 1342
687 13 2 0 1 195 32 219 724 127 748 328 400 1244 399 664 1343 857 929 928 1246 1344 1345
688 13 2 0 1 70 196 220 89 725 749 327 402 626 401 1241 1346 856 931 930 1242 1347 1348
689 13 2 0 1 13 197 221 108 726 750 331 404 645 403 1247 1349 860 933 932 1248 1350 1351
690 13 2 0 1 199 178 222 728 707 751 405 407 1311 406 1352 1353 934 936 935 1354 1355 1356
691 13 2 0 1 181 202 223 710 731 752 408 317 1226 409 1323 1227 937 846 938 1357 1230 1358
692 13 2 0 1 182 203 224 711 732 753 410 320 1231 411 1326 1232 939 849 940 1359 1235 1360
693 13 2 0 1 205 183 225 734 712 754 412 414 1329 413 1305 1361 941 943 942 1362 1363 1364
694 13 2 0 1 194 170 258 723 699 787 415 417 1238 416 1210 1365 944 946 945 1366 1367 1368
695 13 2 0 1 171 195 259 700 724 788 418 340 1179 419 1244 1262 947 869 948 1369 1264 1370
696 13 2 0 1 196 172 260 725 701 789 420 422 1241 421 1216 1371 949 951 950 1372 1373 1374
697 13 2 0 1 197 173 261 726 702 790 423 425 1247 424 1221 1375 952 954 953 1376 1377 1378
698 13 2 0 1 188 209 234 717 738 763 426 428 1379 427 1380 1284 955 957 956 1381 1382 1383
699 13 2 0 1 209 188 237 738 717 766 426 430 1380 429 1379 1384 955 959 958 1381 1385 1386
700 13 2 0 1 207 187 235 736 716 764 431 432 1188 360 1164 1287 960 961 889 1387 1388 1288
701 13 2 0 1 208 189 236 737 718 765 433 434 1194 362 1172 1290 962 963 891 1389 1390 1291
702 13 2 0 1 198 174 226 727 703 755 435 437 1308 436 1391 1392 964 966 965 1393 1394 1395
703 13 2 0 1 175 200 227 704 729 756 438 440 1396 439 1314 1189 967 969 968 1397 1398 1399
704 13 2 0 1 176 201 229 705 730 758 441 443 1400 442 1317 1195 970 972 971 1401 1402 1403
705 13 2 0 1 204 177 228 733 706 757 444 446 1320 445 1404 1332 973 975 974 1405 1406 1407
706 13 2 0 1 209 171 234 738 700 763 447 427 1380 358 1179 1284 976 956 887 1408 1383 1285
707 13 2 0 1 167 207 235 696 736 764 300 448 1199 432 1188 1287 829 977 961 1200 1409 1388
708 13 2 0 1 169 209 237 698 738 766 449 450 1337 430 1380 1384 978 979 959 1410 1411 1385
709 13 2 0 1 168 208 236 697 737 765 302 451 1202 434 1194 1290 831 980 963 1203 1412 1390
710 13 2 0 1 188 233 237 717 762 766 452 429 1379 453 1174 1384 981 958 982 1413 1386 1414
711 13 2 0 1 233 193 237 762 722 766 287 453 1174 454 1173 1384 816 982 983 1177 1414 1415
712 13 2 0 1 50 51 218 145 146 747 60 455 681 398 683 1340 155 984 927 684 1416 1341
713 13 2 0 1 32 31 219 127 128 748 41 399 664 456 662 1343 137 928 985 665 1345 1417
714 13 2 0 1 69 70 220 88 89 749 79 457 624 402 626 1346 98 986 931 627 1418 1347
715 13 2 0 1 12 13 221 107 108 750 22 458 643 404 645 1349 117 987 933 646 1419 1350
716 13 2 0 1 210 170 262 739 699 791 308 460 1211 459 1210 1420 837 989 988 1214 1421 1422
717 13 2 0 1 211 172 264 740 701 793 311 462 1217 461 1216 1423 840 991 990 1220 1424 1425
718 13 2 0 1 212 173 265 741 702 794 314 464 1222 463 1221 1426 843 993 992 1225 1427 1428
719 13 2 0 1 198 29 246 727 130 775 375 466 1308 465 658 1429 904 995 994 1310 1430 1431
720 13 2 0 1 48 199 247 143 728 776 378 468 677 467 1311 1432 907 997 996 1312 1433 1434
721 13 2 0 1 67 200 248 86 729 777 380 470 620 469 1314 1435 909 999 998 1315 1436 1437
722 13 2 0 1 10 201 249 105 730 778 382 472 639 471 1317 1438 911 1001 1000 1318 1439 1440
723 13 2 0 1 204 16 252 733 111 781 383 474 1320 473 651 1441 912 1003 1002 1322 1442 1443
724 13 2 0 1 202 54 250 731 149 779 385 476 1323 475 689 1444 914 1005 1004 1325 1445 1446
725 13 2 0 1 203 73 251 732 92 780 387 478 1326 477 632 1447 916 1007 1006 1328 1448 1449
726 13 2 0 1 35 205 253 124 734 782 390 480 670 479 1329 1450 919 1009 1008 1330 1451 1452
727 13 2 0 1 179 198 226 708 727 755 481 482 1453 437 1308 1392 1010 1011 966 1454 1455 1394
728 13 2 0 1 200 180 227 729 709 756 483 439 1314 296 1187 1189 1012 968 825 1456 1399 1191
729 13 2 0 1 201 184 229 730 713 758 484 442 1317 299 1193 1195 1013 971 828 1457 1403 1197
730 13 2 0 1 185 204 228 714 733 757 485 392 1298 446 1320 1332 1014 921 975 1458 1335 1406
731 13 2 0 1 174 199 222 703 728 751 486 487 1391 407 1311 1353 1015 1016 936 1459 1460 1355
732 13 2 0 1 202 175 223 731 704 752 488 409 1323 489 1396 1227 1017 938 1018 1461 1358 1462
733 13 2 0 1 203 176 224 732 705 753 490 411 1326 491 1400 1232 1019 940 1020 1463 1360 1464
734 13 2 0 1 177 205 225 706 734 754 492 493 1404 414 1329 1361 1021 1022 943 1465 1466 1363
735 13 2 0 1 213 165 233 742 694 762 394 495 1206 494 1295 1174 923 1024 1023 1336 1467 1468
736 13 2 0 1 188 213 233 717 742 762 496 452 1379 495 1206 1174 1025 981 1024 1469 1413 1467
737 13 2 0 1 29 28 246 130 131 775 38 465 658 497 656 1429 140 994 1026 659 1431 1470
738 13 2 0 1 47 48 247 142 143 776 57 498 675 468 677 1432 152 1027 997 678 1471 1433
739 13 2 0 1 9 10 249 104 105 778 19 499 637 472 639 1438 114 1028 1001 640 1472 1439
740 13 2 0 1 66 67 248 85 86 777 76 500 618 470 620 1435 95 1029 999 621 1473 1436
741 13 2 0 1 16 17 252 111 112 781 26 473 651 501 653 1441 121 1002 1030 654 1443 1474
742 13 2 0 1 54 55 250 149 150 779 64 475 689 502 691 1444 159 1004 1031 692 1446 1475
743 13 2 0 1 73 74 251 92 93 780 83 477 632 503 634 1447 102 1006 1032 635 1449 1476
744 13 2 0 1 36 35 253 123 124 782 45 504 672 480 670 1450 133 1033 1009 673 1477 1451
745 13 2 0 1 218 194 258 747 723 787 397 505 1340 417 1238 1365 926 1034 946 1342 1478 1367
746 13 2 0 1 195 219 259 724 748 788 400 419 1244 506 1343 1262 929 948 1035 1344 1370 1479
747 13 2 0 1 220 196 260 749 725 789 401 507 1346 422 1241 1371 930 1036 951 1348 1480 1373
748 13 2 0 1 221 197 261 750 726 790 403 508 1349 425 1247 1375 932 1037 954 1351 1481 1377
749 13 2 0 1 28 214 246 131 743 775 270 497 656 509 1147 1429 799 1026 1038 1148 1470 1482
750 13 2 0 1 214 47 247 743 142 776 271 510 1147 498 675 1432 800 1039 1027 1150 1483 1471
751 13 2 0 1 216 9 249 745 104 778 272 511 1151 499 637 1438 801 1040 1028 1153 1484 1472
752 13 2 0 1 215 66 248 744 85 777 274 512 1154 500 618 1435 803 1041 1029 1156 1485 1473
753 13 2 0 1 55 215 250 150 744 779 277 502 691 513 1154 1444 806 1031 1042 1158 1475 1486
754 13 2 0 1 17 217 252 112 746 781 279 501 653 514 1159 1441 808 1030 1043 1160 1474 1487
755 13 2 0 1 74 216 251 93 745 780 276 503 634 515 1151 1447 805 1032 1044 1157 1476 1488
756 13 2 0 1 217 36 253 746 123 782 280 516 1159 504 672 1450 809 1045 1033 1162 1489 1477
757 13 2 0 1 174 222 226 703 751 755 487 436 1391 517 1353 1392 1016 965 1046 1460 1395 1490
758 13 2 0 1 223 175 227 752 704 756 489 518 1227 440 1396 1189 1018 1047 969 1462 1491 1398
759 13 2 0 1 224 176 229 753 705 758 491 519 1232 443 1400 1195 1020 1048 972 1464 1492 1402
760 13 2 0 1 177 225 228 706 754 757 493 445 1404 520 1361 1332 1022 974 1049 1466 1407 1493
761 13 2 0 1 206 186 254 735 715 783 521 522 1494 343 1205 1265 1050 1051 872 1495 1496 1266
762 13 2 0 1 186 206 255 715 735 784 521 524 1205 523 1494 1268 1050 1053 1052 1495 1497 1498
763 13 2 0 1 187 207 256 716 736 785 431 526 1164 525 1188 1271 960 1055 1054 1387 1499 1500
764 13 2 0 1 189 208 257 718 737 786 433 348 1172 527 1194 1274 962 877 1056 1389 1276 1501
765 13 2 0 1 170 194 262 699 723 791 415 459 1210 528 1238 1420 944 988 1057 1366 1422 1502
766 13 2 0 1 195 171 263 724 700 792 418 530 1244 529 1179 1503 947 1059 1058 1369 1504 1505
767 13 2 0 1 172 196 264 701 725 793 420 461 1216 531 1241 1423 949 990 1060 1372 1425 1506
768 13 2 0 1 194 181 262 723 710 791 369 528 1238 532 1226 1420 898 1057 1061 1301 1502 1507
769 13 2 0 1 196 182 264 725 711 793 371 531 1241 533 1231 1423 900 1060 1062 1303 1506 1508
770 13 2 0 1 183 195 263 712 724 792 373 534 1305 530 1244 1503 902 1063 1059 1306 1509 1504
771 13 2 0 1 173 197 265 702 726 794 423 463 1221 535 1247 1426 952 992 1064 1376 1428 1510
772 13 2 0 1 197 185 265 726 714 794 367 535 1247 536 1298 1426 896 1064 1065 1299 1510 1511
773 13 2 0 1 199 49 239 728 144 768 377 538 1311 537 679 1512 906 1067 1066 1313 1513 1514
774 13 2 0 1 30 198 238 129 727 767 376 540 660 539 1308 1515 905 1069 1068 1309 1516 1517
775 13 2 0 1 178 199 239 707 728 768 405 541 1352 538 1311 1512 934 1070 1067 1354 1518 1513
776 13 2 0 1 198 179 238 727 708 767 481 539 1308 542 1453 1515 1010 1068 1071 1454 1517 1519
777 13 2 0 1 200 68 240 729 87 769 379 544 1314 543 622 1520 908 1073 1072 1316 1521 1522
778 13 2 0 1 202 181 243 731 710 772 408 545 1323 370 1226 1253 937 1074 899 1357 1523 1302
779 13 2 0 1 180 200 240 709 729 769 483 546 1187 544 1314 1520 1012 1075 1073 1456 1524 1521
780 13 2 0 1 203 182 244 732 711 773 410 547 1326 372 1231 1256 939 1076 901 1359 1525 1304
781 13 2 0 1 183 205 245 712 734 774 412 374 1305 548 1329 1259 941 903 1077 1362 1307 1526
782 13 2 0 1 53 202 243 148 731 772 386 549 687 545 1323 1253 915 1078 1074 1324 1527 1523
783 13 2 0 1 204 185 242 733 714 771 485 550 1320 368 1298 1250 1014 1079 897 1458 1528 1300
784 13 2 0 1 72 203 244 91 732 773 388 551 630 547 1326 1256 917 1080 1076 1327 1529 1525
785 13 2 0 1 205 34 245 734 125 774 389 548 1329 552 668 1259 918 1077 1081 1331 1526 1530
786 13 2 0 1 15 204 242 110 733 771 384 553 649 550 1320 1250 913 1082 1079 1321 1531 1528
787 13 2 0 1 201 11 241 730 106 770 381 555 1317 554 641 1532 910 1084 1083 1319 1533 1534
788 13 2 0 1 184 201 241 713 730 770 484 556 1193 555 1317 1532 1013 1085 1084 1457 1535 1533
789 13 2 0 1 230 166 254 759 695 783 557 559 1180 558 1536 1265 1086 1088 1087 1537 1538 1539
790 13 2 0 1 190 230 254 719 759 783 291 342 1178 559 1180 1265 820 871 1088 1182 1267 1538
791 13 2 0 1 179 226 230 708 755 759 482 561 1453 560 1392 1180 1011 1090 1089 1455 1540 1541
792 13 2 0 1 166 206 254 695 735 783 562 558 1536 522 1494 1265 1091 1087 1051 1542 1539 1496
793 13 2 0 1 206 170 255 735 699 784 563 523 1494 345 1210 1268 1092 1052 874 1543 1498 1269
794 13 2 0 1 207 172 256 736 701 785 564 525 1188 347 1216 1271 1093 1054 876 1544 1500 1272
795 13 2 0 1 208 173 257 737 702 786 565 527 1194 350 1221 1274 1094 1056 879 1545 1501 1277
796 13 2 0 1 231 186 255 760 715 784 355 566 1165 524 1205 1268 884 1095 1053 1283 1546 1497
797 13 2 0 1 191 231 255 720 760 784 283 344 1163 566 1165 1268 812 873 1095 1167 1270 1546
798 13 2 0 1 232 187 256 761 716 785 284 567 1169 526 1164 1271 813 1096 1055 1171 1547 1499
799 13 2 0 1 192 232 256 721 761 785 363 346 1215 567 1169 1271 892 875 1096 1293 1273 1547
800 13 2 0 1 226 166 230 755 695 759 568 560 1392 557 1536 1180 1097 1089 1086 1548 1541 1537
801 13 2 0 1 174 198 246 703 727 775 435 569 1391 466 1308 1429 964 1098 995 1393 1549 1430
802 13 2 0 1 199 174 247 728 703 776 486 467 1311 570 1391 1432 1015 996 1099 1459 1434 1550
803 13 2 0 1 200 175 248 729 704 777 438 469 1314 571 1396 1435 967 998 1100 1397 1437 1551
804 13 2 0 1 175 202 250 704 731 779 488 572 1396 476 1323 1444 1017 1101 1005 1461 1552 1445
805 13 2 0 1 201 176 249 730 705 778 441 471 1317 573 1400 1438 970 1000 1102 1401 1440 1553
806 13 2 0 1 176 203 251 705 732 780 490 574 1400 478 1326 1447 1019 1103 1007 1463 1554 1448
807 13 2 0 1 177 204 252 706 733 781 444 575 1404 474 1320 1441 973 1104 1003 1405 1555 1442
808 13 2 0 1 205 177 253 734 706 782 492 479 1329 576 1404 1450 1021 1008 1105 1465 1452 1556
809 13 2 0 1 206 178 258 735 707 787 577 579 1494 578 1352 1365 1106 1108 1107 1557 1558 1559
810 13 2 0 1 170 206 258 699 735 787 563 416 1210 579 1494 1365 1092 945 1108 1543 1368 1558
811 13 2 0 1 207 180 260 736 709 789 294 581 1188 580 1187 1371 823 1110 1109 1190 1560 1561
812 13 2 0 1 172 207 260 701 736 789 564 421 1216 581 1188 1371 1093 950 1110 1544 1374 1560
813 13 2 0 1 208 184 261 737 713 790 297 583 1194 582 1193 1375 826 1112 1111 1196 1562 1563
814 13 2 0 1 173 208 261 702 737 790 565 424 1221 583 1194 1375 1094 953 1112 1545 1378 1562
815 13 2 0 1 191 210 235 720 739 764 309 359 1163 584 1211 1287 838 888 1113 1213 1289 1564
816 13 2 0 1 210 167 235 739 696 764 351 584 1211 448 1199 1287 880 1113 977 1278 1564 1409
817 13 2 0 1 192 211 236 721 740 765 312 361 1215 585 1217 1290 841 890 1114 1219 1292 1565
818 13 2 0 1 211 168 236 740 697 765 353 585 1217 451 1202 1290 882 1114 980 1280 1565 1412
819 13 2 0 1 193 212 237 722 741 766 315 454 1173 586 1222 1384 844 983 1115 1224 1415 1566
820 13 2 0 1 212 169 237 741 698 766 395 586 1222 450 1337 1384 924 1115 979 1338 1566 1411
821 13 2 0 1 222 166 226 751 695 755 587 517 1353 568 1536 1392 1116 1046 1097 1567 1490 1548
822 13 2 0 1 167 223 227 696 752 756 352 301 1199 518 1227 1189 881 830 1047 1279 1201 1491
823 13 2 0 1 168 224 229 697 753 758 354 303 1202 519 1232 1195 883 832 1048 1281 1204 1492
824 13 2 0 1 225 169 228 754 698 757 588 520 1361 396 1337 1332 1117 1049 925 1568 1493 1339
825 13 2 0 1 190 213 234 719 742 763 306 357 1178 589 1206 1284 835 886 1118 1208 1286 1569
826 13 2 0 1 213 188 234 742 717 763 496 589 1206 428 1379 1284 1025 1118 957 1469 1569 1382
827 13 2 0 1 178 206 267 707 735 796 577 591 1352 590 1494 1570 1106 1120 1119 1557 1571 1572
828 13 2 0 1 171 209 263 700 738 792 447 529 1179 592 1380 1503 976 1058 1121 1408 1505 1573
829 13 2 0 1 206 166 267 735 695 796 562 590 1494 593 1536 1570 1091 1119 1122 1542 1572 1574
830 13 2 0 1 209 169 268 738 698 797 449 595 1380 594 1337 1575 978 1124 1123 1410 1576 1577
831 13 2 0 1 222 178 267 751 707 796 406 596 1353 591 1352 1570 935 1125 1120 1356 1578 1571
832 13 2 0 1 225 183 268 754 712 797 413 598 1361 597 1305 1575 942 1127 1126 1364 1579 1580
833 13 2 0 1 263 209 268 792 738 797 592 599 1503 595 1380 1575 1121 1128 1124 1573 1581 1576
834 13 2 0 1 174 214 247 703 743 776 600 570 1391 510 1147 1432 1129 1099 1039 1582 1550 1483
835 13 2 0 1 214 174 246 743 703 775 600 509 1147 569 1391 1429 1129 1038 1098 1582 1482 1549
836 13 2 0 1 175 215 248 704 744 777 601 571 1396 512 1154 1435 1130 1100 1041 1583 1551 1485
837 13 2 0 1 215 175 250 744 704 779 601 513 1154 572 1396 1444 1130 1042 1101 1583 1486 1552
838 13 2 0 1 176 216 249 705 745 778 602 573 1400 511 1151 1438 1131 1102 1040 1584 1553 1484
839 13 2 0 1 216 176 251 745 705 780 602 515 1151 574 1400 1447 1131 1044 1103 1584 1488 1554
840 13 2 0 1 217 177 252 746 706 781 603 514 1159 575 1404 1441 1132 1043 1104 1585 1487 1555
841 13 2 0 1 177 217 253 706 746 782 603 576 1404 516 1159 1450 1132 1105 1045 1585 1556 1489
842 13 2 0 1 183 263 268 712 792 797 534 597 1305 599 1503 1575 1063 1126 1128 1509 1580 1581
843 13 2 0 1 50 218 239 145 747 768 455 605 681 604 1340 1512 984 1134 1133 1416 1586 1587
844 13 2 0 1 219 31 238 748 128 767 456 607 1343 606 662 1515 985 1136 1135 1417 1588 1589
845 13 2 0 1 218 178 239 747 707 768 608 604 1340 541 1352 1512 1137 1133 1070 1590 1587 1518
846 13 2 0 1 179 219 238 708 748 767 609 542 1453 607 1343 1515 1138 1071 1136 1591 1519 1588
847 13 2 0 1 69 220 240 88 749 769 457 611 624 610 1346 1520 986 1140 1139 1418 1592 1593
848 13 2 0 1 220 180 240 749 709 769 612 610 1346 546 1187 1520 1141 1139 1075 1594 1593 1524
849 13 2 0 1 12 221 241 107 750 770 458 614 643 613 1349 1532 987 1143 1142 1419 1595 1596
850 13 2 0 1 221 184 241 750 713 770 615 613 1349 556 1193 1532 1144 1142 1085 1597 1596 1535
851 13 2 0 1 179 230 259 708 759 788 561 616 1453 341 1180 1262 1090 1145 870 1540 1598 1263
852 13 2 0 1 31 30 238 128 129 767 40 606 662 540 660 1515 138 1135 1069 663 1589 1516
853 13 2 0 1 49 50 239 144 145 768 59 537 679 605 681 1512 154 1066 1134 682 1514 1586
854 13 2 0 1 68 69 240 87 88 769 78 543 622 611 624 1520 97 1072 1140 625 1522 1592
855 13 2 0 1 11 12 241 106 107 770 21 554 641 614 643 1532 116 1083 1143 644 1534 1595
856 13 2 0 1 14 15 242 109 110 771 24 332 647 553 649 1250 119 861 1082 650 1252 1531
857 13 2 0 1 52 53 243 147 148 772 62 334 685 549 687 1253 157 863 1078 688 1255 1527
858 13 2 0 1 71 72 244 90 91 773 81 336 628 551 630 1256 100 865 1080 631 1258 1529
859 13 2 0 1 34 33 245 125 126 774 43 552 668 339 666 1259 135 1081 868 669 1530 1260
860 13 2 0 1 181 210 262 710 739 791 316 532 1226 460 1211 1420 845 1061 989 1228 1507 1421
861 13 2 0 1 182 211 264 711 740 793 319 533 1231 462 1217 1423 848 1062 991 1233 1508 1424
862 13 2 0 1 185 212 265 714 741 794 391 536 1298 464 1222 1426 920 1065 993 1333 1511 1427
863 13 2 0 1 178 218 258 707 747 787 608 578 1352 505 1340 1365 1137 1107 1034 1590 1559 1478
864 13 2 0 1 219 179 259 748 708 788 609 506 1343 616 1453 1262 1138 1035 1145 1591 1479 1598
865 13 2 0 1 180 220 260 709 749 789 612 580 1187 507 1346 1371 1141 1109 1036 1594 1561 1480
866 13 2 0 1 184 221 261 713 750 790 615 582 1193 508 1349 1375 1144 1111 1037 1597 1563 1481
867 13 2 0 1 166 222 267 695 751 796 587 593 1536 596 1353 1570 1116 1122 1125 1567 1574 1578
868 13 2 0 1 169 225 268 698 754 797 588 594 1337 598 1361 1575 1117 1123 1127 1568 1577 1579
869 13 2 0 1 233 165 266 762 694 795 494 292 1174 617 1295 1184 1023 821 1146 1468 1186 1599
870 13 2 0 1 165 232 266 694 761 795 366 617 1295 364 1169 1184 895 1146 893 1297 1599 1294
$EndElements
$Periodic
9
0 5 4
1
5 4
0 6 1
1
6 1
0 10 2
1
7 2
0 14 3
1
8 3
1 6 4
9
85 66
86 67
87 68
88 69
89 70
90 71
91 72
92 73
93 74
1 7 1
9
104 9
105 10
106 11
107 12
108 13
109 14
110 15
111 16
112 17
1 8 2
9
123 36
124 35
125 34
126 33
127 32
128 31
129 30
130 29
131 28
1 9 3
9
142 47
143 48
144 49
145 50
146 51
147 52
148 53
149 54
150 55
2 26 1
104
746 217
748 219
747 218
694 165
695 166
696 167
697 168
698 169
699 170
700 171
701 172
702 173
703 174
704 175
705 176
706 177
707 178
708 179
709 180
710 181
727 198
711 182
712 183
713 184
714 185
715 186
716 187
717 188
718 189
719 190
720 191
721 192
722 193
723 194
724 195
725 196
726 197
759 230
760 231
761 232
728 199
729 200
730 201
731 202
732 203
733 204
734 205
735 206
736 207
737 208
738 209
739 210
740 211
741 212
742 213
743 214
744 215
745 216
749 220
750 221
751 222
752 223
753 224
754 225
755 226
756 227
757 228
758 229
762 233
763 234
764 235
765 236
766 237
767 238
768 239
769 240
770 241
771 242
772 243
773 244
774 245
775 246
776 247
777 248
778 249
779 250
780 251
781 252
782 253
783 254
784 255
785 256
786 257
787 258
788 259
789 260
790 261
791 262
792 263
793 264
794 265
795 266
796 267
797 268
$EndPeriodic
