$MeshFormat
2.2 0 8
$EndMeshFormat
$Nodes
1072
1 1 0 0
2 0 1 0
3 0 0 1
4 -1 0 0
5 0 -1 0
6 0 0 -1
7 0.9927088740981048 0 -0.1205366802549047
8 0.9709418174262058 0 -0.2393156642869338
9 0.9350162426857599 0 -0.3546048870416258
10 0.8854560256538107 0 -0.464723172042624
11 0.8229838658945475 0 -0.5680647467298647
12 0.7485107481722957 0 -0.6631226582394468
13 0.6631226582420986 0 -0.7485107481699464
14 0.5680647467323204 0 -0.8229838658928524
15 0.4647231720447277 0 -0.8854560256527065
16 0.3546048870432525 0 -0.9350162426851429
17 0.2393156642879545 0 -0.9709418174259542
18 0.1205366802554861 0 -0.9927088740980342
19 -0.1205366802549047 0 -0.9927088740981048
20 -0.2393156642869338 0 -0.9709418174262058
21 -0.3546048870416258 0 -0.9350162426857599
22 -0.464723172042624 0 -0.8854560256538107
23 -0.5680647467298647 0 -0.8229838658945475
24 -0.6631226582394468 0 -0.7485107481722957
25 -0.7485107481699464 0 -0.6631226582420986
26 -0.8229838658928524 0 -0.5680647467323204
27 -0.8854560256527065 0 -0.4647231720447277
28 -0.9350162426851429 0 -0.3546048870432525
29 -0.9709418174259542 0 -0.2393156642879545
30 -0.9927088740980342 0 -0.1205366802554861
31 -0.9927088740981048 0 0.1205366802549047
32 -0.9709418174262058 0 0.2393156642869338
33 -0.9350162426857599 0 0.3546048870416258
34 -0.8854560256538107 0 0.464723172042624
35 -0.8229838658945475 0 0.5680647467298647
36 -0.7485107481722957 0 0.6631226582394468
37 -0.6631226582420986 0 0.7485107481699464
38 -0.5680647467323204 0 0.8229838658928524
39 -0.4647231720447277 0 0.8854560256527065
40 -0.3546048870432525 0 0.9350162426851429
41 -0.2393156642879545 0 0.9709418174259542
42 -0.1205366802554861 0 0.9927088740980342
43 0.1205366802549047 0 0.9927088740981048
44 0.2393156642869338 0 0.9709418174262058
45 0.3546048870416258 0 0.9350162426857599
46 0.464723172042624 0 0.8854560256538107
47 0.5680647467298647 0 0.8229838658945475
48 0.6631226582394468 0 0.7485107481722957
49 0.7485107481699464 0 0.6631226582420986
50 0.8229838658928524 0 0.5680647467323204
51 0.8854560256527065 0 0.4647231720447277
52 0.9350162426851429 0 0.3546048870432525
53 0.9709418174259542 0 0.2393156642879545
54 0.9927088740980342 0 0.1205366802554861
55 0.9927088740981048 0.1205366802549047 0
56 0.9709418174262058 0.2393156642869338 0
57 0.9350162426857599 0.3546048870416258 0
58 0.8854560256538107 0.464723172042624 0
59 0.8229838658945475 0.5680647467298647 0
60 0.7485107481722957 0.6631226582394468 0
61 0.6631226582420986 0.7485107481699464 0
62 0.5680647467323204 0.8229838658928524 0
63 0.4647231720447277 0.8854560256527065 0
64 0.3546048870432525 0.9350162426851429 0
65 0.2393156642879545 0.9709418174259542 0
66 0.1205366802554861 0.9927088740980342 0
67 -0.1205366802549047 0.9927088740981048 0
68 -0.2393156642869338 0.9709418174262058 0
69 -0.3546048870416258 0.9350162426857599 0
70 -0.464723172042624 0.8854560256538107 0
71 -0.5680647467298647 0.8229838658945475 0
72 -0.6631226582394468 0.7485107481722957 0
73 -0.7485107481699464 0.6631226582420986 0
74 -0.8229838658928524 0.5680647467323204 0
75 -0.8854560256527065 0.4647231720447277 0
76 -0.9350162426851429 0.3546048870432525 0
77 -0.9709418174259542 0.2393156642879545 0
78 -0.9927088740980342 0.1205366802554861 0
79 -0.9927088740981048 -0.1205366802549047 0
80 -0.9709418174262058 -0.2393156642869338 0
81 -0.9350162426857599 -0.3546048870416258 0
82 -0.8854560256538107 -0.464723172042624 0
83 -0.8229838658945475 -0.5680647467298647 0
84 -0.7485107481722957 -0.6631226582394468 0
85 -0.6631226582420986 -0.7485107481699464 0
86 -0.5680647467323204 -0.8229838658928524 0
87 -0.4647231720447277 -0.8854560256527065 0
88 -0.3546048870432525 -0.9350162426851429 0
89 -0.2393156642879545 -0.9709418174259542 0
90 -0.1205366802554861 -0.9927088740980342 0
91 0.1205366802549047 -0.9927088740981048 0
92 0.2393156642869338 -0.9709418174262058 0
93 0.3546048870416258 -0.9350162426857599 0
94 0.464723172042624 -0.8854560256538107 0
95 0.5680647467298647 -0.8229838658945475 0
96 0.6631226582394468 -0.7485107481722957 0
97 0.7485107481699464 -0.6631226582420986 0
98 0.8229838658928524 -0.5680647467323204 0
99 0.8854560256527065 -0.4647231720447277 0
100 0.9350162426851429 -0.3546048870432525 0
101 0.9709418174259542 -0.2393156642879545 0
102 0.9927088740980342 -0.1205366802554861 0
103 0 0.1205366802549047 -0.9927088740981048
104 0 0.2393156642869338 -0.9709418174262058
105 0 0.3546048870416258 -0.9350162426857599
106 0 0.464723172042624 -0.8854560256538107
107 0 0.5680647467298647 -0.8229838658945475
108 0 0.6631226582394468 -0.7485107481722957
109 0 0.7485107481699464 -0.6631226582420986
110 0 0.8229838658928524 -0.5680647467323204
111 0 0.8854560256527065 -0.4647231720447277
112 0 0.9350162426851429 -0.3546048870432525
113 0 0.9709418174259542 -0.2393156642879545
114 0 0.9927088740980342 -0.1205366802554861
115 0 0.9927088740981048 0.1205366802549047
116 0 0.9709418174262058 0.2393156642869338
117 0 0.9350162426857599 0.3546048870416258
118 0 0.8854560256538107 0.464723172042624
119 0 0.8229838658945475 0.5680647467298647
120 0 0.7485107481722957 0.6631226582394468
121 0 0.6631226582420986 0.7485107481699464
122 0 0.5680647467323204 0.8229838658928524
123 0 0.4647231720447277 0.8854560256527065
124 0 0.3546048870432525 0.9350162426851429
125 0 0.2393156642879545 0.9709418174259542
126 0 0.1205366802554861 0.9927088740980342
127 0 -0.1205366802549047 0.9927088740981048
128 0 -0.2393156642869338 0.9709418174262058
129 0 -0.3546048870416258 0.9350162426857599
130 0 -0.464723172042624 0.8854560256538107
131 0 -0.5680647467298647 0.8229838658945475
132 0 -0.6631226582394468 0.7485107481722957
133 0 -0.7485107481699464 0.6631226582420986
134 0 -0.8229838658928524 0.5680647467323204
135 0 -0.8854560256527065 0.4647231720447277
136 0 -0.9350162426851429 0.3546048870432525
137 0 -0.9709418174259542 0.2393156642879545
138 0 -0.9927088740980342 0.1205366802554861
139 0 -0.9927088740981048 -0.1205366802549047
140 0 -0.9709418174262058 -0.2393156642869338
141 0 -0.9350162426857599 -0.3546048870416258
142 0 -0.8854560256538107 -0.464723172042624
143 0 -0.8229838658945475 -0.5680647467298647
144 0 -0.7485107481722957 -0.6631226582394468
145 0 -0.6631226582420986 -0.7485107481699464
146 0 -0.5680647467323204 -0.8229838658928524
147 0 -0.4647231720447277 -0.8854560256527065
148 0 -0.3546048870432525 -0.9350162426851429
149 0 -0.2393156642879545 -0.9709418174259542
150 0 -0.1205366802554861 -0.9927088740980342
151 0.1047989964088583 0.7033856318669877 0.7030404136568356
152 0.7032341892668824 0.7032341892640124 0.1045148319442637
153 0.7009171902013321 0.1061279328830782 0.7053027394971854
154 0.8477183569197453 0.5182769973947355 0.1129714181232795
155 0.1004571923876811 0.851793334907565 0.5141560727100608
156 0.1021774149800184 0.5162816685607857 0.8503017197301743
157 0.8510944389545919 0.1045148319448979 0.5145045246488101
158 0.5186981627369865 0.849234242139053 0.09875939424572514
159 0.510122621007029 0.1061904326529369 0.8535212379020812
160 0.9494921734552724 0.1045148319448664 0.2958737272059132
161 0.2958737272059129 0.9494921734552726 0.1045148319448659
162 0.1045148319448662 0.2958737272059144 0.9494921734552719
163 0.1045148319443388 0.9494921734557384 0.2958737272046042
164 0.9494649288352254 0.2941249253435143 0.1095758970010857
165 0.2979127634561736 0.09924070018687191 0.9494204910345707
166 0.9819282097973026 0.1338226266449051 0.1338226266448348
167 0.1338226266448348 0.9819282097973026 0.1338226266449051
168 0.1338226266528773 0.1338226266536658 0.9819282097950125
169 0.1031548240820946 0.6142757757878646 0.7823198537355481
170 0.2073017415935315 0.6488134815387706 0.732166001741291
171 0.2070769540083208 0.7335077142785671 0.6473681859749272
172 0.3087111010911358 0.6731666434833867 0.6719703313126328
173 0.3072061885086523 0.7507884630604295 0.5847572500425663
174 0.4067333975143635 0.6863668377089617 0.6028834940847383
175 0.4057727161035272 0.6023523146354585 0.6874010415465429
176 0.4999502221069161 0.612282539051961 0.6125029532886589
177 0.4959992565282079 0.5228792225113471 0.6932402586328885
178 0.5866386489522866 0.528647152424194 0.6135041025039906
179 0.4961817892283819 0.6917245244311887 0.5247102193959702
180 0.3974941775927486 0.5092819366755637 0.7633022256982168
181 0.5786592528843538 0.4338953537519755 0.6905709891414273
182 0.6655174006341275 0.4357044507591141 0.6060100832840101
183 0.6684623459839864 0.5269941251451814 0.5248192870541729
184 0.7432278209265475 0.4302909004518548 0.5123105964052548
185 0.7400007894051145 0.5188271579581508 0.4280387971257689
186 0.8093240462082198 0.4166327879490087 0.4140189708636449
187 0.73771724262865 0.3307044796733856 0.5885641996013153
188 0.6615102583289557 0.6096362078410914 0.4367469200975455
189 0.7275488908364077 0.5974844602034788 0.3371719609606804
190 0.6435923905107748 0.6841252423093573 0.343163937079335
191 0.706674988459518 0.6698212200392879 0.2279254129552473
192 0.6133740832161196 0.7490036589034637 0.2505309421768273
193 0.550233785443017 0.7604242779713115 0.3449604308161407
194 0.790094574652595 0.5692808409818755 0.2273101123916483
195 0.518396783854873 0.8194140818973569 0.2445921848245274
196 0.4486271341033752 0.825535963689854 0.3423800040902746
197 0.4131485689260211 0.8784458970485154 0.2400855388252484
198 0.3399466475223327 0.87832555382855 0.336125718043261
199 0.3739447701701358 0.8208905177510765 0.4316295480255888
200 0.2765549730089468 0.8655841657352317 0.417470237181603
201 0.7824969912289376 0.6138850847780356 0.1041324224472079
202 0.8599014351130888 0.4585183015544206 0.2243445765560199
203 0.301992725052359 0.924815183625092 0.2313379998010224
204 0.219540275057307 0.9164083201465255 0.3346608109623606
205 0.9060679151214992 0.4062120423884611 0.1184597391773874
206 0.9161343898914049 0.3345467381582465 0.2208534800404572
207 0.8661811620759021 0.3854452580587873 0.3180599746979089
208 0.9040949080957817 0.2728027365389146 0.3289241008077082
209 0.9530136082342049 0.2055523550703121 0.2225158238091613
210 0.7823198528611776 0.1031548232161036 0.6142757770468571
211 0.8025354350491797 0.2132635812689739 0.5571853555099555
212 0.870025154022885 0.2140132015699208 0.4441335169982641
213 0.8135351286304857 0.3090433506508347 0.4925980124834896
214 0.7238183428607572 0.2205181293568265 0.6538033046438915
215 0.6370522897121639 0.2149697270326048 0.7402380675377461
216 0.6541247542096045 0.328111590204552 0.6815156566827093
217 0.5612557647893498 0.3298984646656349 0.7590513615704665
218 0.538570510081779 0.2181282433287939 0.8138561759503622
219 0.4609040868360607 0.3186728379065644 0.8282602520454507
220 0.4355296784085718 0.2103022603552626 0.8752638793614148
221 0.3551289114502174 0.303578445913218 0.8841513351395782
222 0.37913012420607 0.4090631639150153 0.8300166726321389
223 0.2740153963749565 0.3883261868048618 0.8798399486219474
224 0.2385180878138067 0.2812946868360681 0.929506547014836
225 0.2933006941930832 0.4901074108157495 0.8208345927465154
226 0.9076976369954085 0.1022056887443003 0.4069877110936584
227 0.1000333112842629 0.4108723176230277 0.9061883221740322
228 0.6164051717739473 0.781511654198348 0.09635454614335648
229 0.4071005893286954 0.9058461601302453 0.1170975847125744
230 0.1016535142365756 0.9079051770420757 0.406662947099378
231 0.8033342223053114 0.4976729894798996 0.3270714338111175
232 0.1038870840176149 0.7832377203620344 0.6129813595668311
233 0.3055492285657379 0.5841530997924872 0.7519340562347943
234 0.5859386635352319 0.6138784862610371 0.5289887396536941
235 0.4833687474461151 0.4247684449256748 0.7654583085889116
236 0.2015191704083028 0.8065272034166886 0.5557912324846486
237 0.4043181176446679 0.1029210268418372 0.9088091779785757
238 0.5744903705547949 0.6912015940173214 0.4384075393600439
239 0.6098723996182607 0.1054063889126897 0.7854585599255073
240 0.4781309449721172 0.7633349576137052 0.4344082664325728
241 0.2017481594942179 0.5580040786156611 0.8049404502129227
242 0.1953729045649414 0.9586105908102333 0.2071114756557774
243 0.1932514815493415 0.4600247539708426 0.8666204997650646
244 0.3995650357199311 0.7572726059919233 0.5166100874395811
245 0.3316023207330219 0.201247911063817 0.9217044966674102
246 0.8574861685404972 0.322274339231218 0.4010694715816948
247 0.297873248145559 0.8118192436683719 0.5022161324060855
248 0.2317147517445374 0.1763910030132865 0.9566579785272969
249 0.1839050840718259 0.3652410168617298 0.9125666658684964
250 0.9202430005203189 0.1772472316416985 0.348907206673514
251 0.1919655277887221 0.8682177184286042 0.4575447841986907
252 0.1541224731884231 0.2164539073973025 0.9640508125771815
253 0.9737841148264345 0.08585802588665521 0.2106487529100133
254 0.2106487521783148 0.9737841149476136 0.0858580263074554
255 0.973784114820104 0.2106487529487603 0.08585802586338966
256 0.08585802611480774 0.9737841148925037 0.2106487525115969
257 0.2106487526482936 0.08585802603532028 0.973784114869942
258 0.5714068949078894 0.8014175439958044 0.1767033690325605
259 0.0720668014349249 0.07297969341835973 0.9947262640945504
260 0.9955465323378344 0.06681196525844361 0.06650761797281331
261 0.06650761801407454 0.9955465323353754 0.0668119652540113
262 0.4749999452344874 0.8610563306258643 0.1815407599310858
263 0.6479740312579746 0.7423466742681333 0.1704437444388363
264 0.07193892061853048 0.1803509287974108 0.9809680597155812
265 0.7033228518942094 0.703130554168406 -0.1046154376668488
266 0.1045148319442636 0.7032341892640124 -0.7032341892668826
267 0.7050715320999029 0.1056021642019846 -0.7012291476672604
268 0.1165335407596445 0.5073345767434757 -0.8538334504565503
269 0.507429441424021 0.8552936408276768 -0.1048243766298803
270 0.8513142951385386 0.5148116792180777 -0.1011578263578087
271 0.5145986710174857 0.1051068641370453 -0.8509646026118326
272 0.8550739945968207 0.09853416301167912 -0.5090574451708019
273 0.1009705687704126 0.8474972926456142 -0.5211077462488286
274 0.299048950408613 0.1014668137399131 -0.948827808914229
275 0.9474254556227166 0.3036028228109824 -0.1010461875544599
276 0.3056079833097784 0.9462266094004511 -0.1061082664067997
277 0.9510365040582512 0.09655665083155657 -0.2936092320225182
278 0.104514831944866 0.9494921734552726 -0.2958737272059129
279 0.09680584288764947 0.3082808207145058 -0.946356996255854
280 0.9819282097951002 0.1338226266533795 -0.1338226266525206
281 0.1338226266451914 0.9819282097972148 -0.1338226266451914
282 0.1338226266448348 0.1338226266449051 -0.9819282097973026
283 0.7831185292284955 0.6135341865977031 -0.1014946848603072
284 0.733840536125916 0.6474522249258861 -0.2056299685769266
285 0.6486357721060473 0.7320534842842916 -0.2082530462961355
286 0.6747823074345781 0.6704661433546172 -0.3084541913938802
287 0.587045764523938 0.7481649574390222 -0.3092352936111455
288 0.6067910954527231 0.6823162647545327 -0.4077365342113791
289 0.6921188978124697 0.5981363080746586 -0.4039856287712089
290 0.617292172954283 0.60750549779508 -0.4998874306862812
291 0.6999711767632781 0.5153737849070827 -0.4943988405439276
292 0.620076391931881 0.5217360858295339 -0.585915288170583
293 0.5294611591270277 0.6869491730513625 -0.4977667271121217
294 0.7697385617463579 0.5027464491195202 -0.3933809279291029
295 0.6979691003690185 0.4230402659005569 -0.5778201003399323
296 0.6126233561485159 0.42705785956002 -0.6650670703691042
297 0.5317153976642629 0.5202554639688163 -0.6682910953299666
298 0.5187212072563947 0.4231498318364169 -0.7428812347604969
299 0.4356307612490415 0.5112575720887645 -0.7408383999466295
300 0.418161489378428 0.4124707816133125 -0.8093261537329174
301 0.5934376956763814 0.3251992454278508 -0.7362588893340868
302 0.44375304515433 0.6027579365505085 -0.6631486295255632
303 0.3444739573490113 0.5909633707534526 -0.7294518401759151
304 0.3511697805196279 0.6774282498052022 -0.6463518790996565
305 0.2529164364301753 0.6633295606774058 -0.7042919636876321
306 0.2579276596373881 0.7430265475214026 -0.6175636583158082
307 0.3507772941634179 0.7546461130131478 -0.5544948457952864
308 0.228875208105018 0.5736500833337614 -0.7864742341654006
309 0.2494432448073864 0.8135187441371821 -0.5253240148302991
310 0.3467725675382665 0.8206403501651544 -0.4542006187619422
311 0.2436039033974328 0.8738062592868487 -0.4208559842519274
312 0.3382426025403197 0.8748976347362452 -0.3466209320852898
313 0.4347651368007466 0.8170315572274794 -0.3787330330418357
314 0.4285865645625211 0.8632627955778526 -0.2666287727301882
315 0.3242191574631437 0.9170103670853241 -0.232322888652686
316 0.2334735723099168 0.9214962456677479 -0.3103784146056094
317 0.4119180996941202 0.8972735086612597 -0.1588198029185824
318 0.2064690099622865 0.9582687877941817 -0.1977156500246331
319 0.6145023134831819 0.1060083870139564 -0.7817602756641683
320 0.5571219390152115 0.207397875809154 -0.8041152070305484
321 0.4537438210860033 0.207748268439541 -0.8665778682765015
322 0.4928046460555915 0.3149916712599051 -0.81112503836518
323 0.6543851699506925 0.2190281647070332 -0.7237449222023407
324 0.7411572495817349 0.2048297648669778 -0.6393204977294067
325 0.3858928613372954 0.3091180484454213 -0.8692138584342803
326 0.3107209082624688 0.403343433487788 -0.8606779838190521
327 0.2774779163365415 0.3003705381179858 -0.9125697484446014
328 0.1920324820337883 0.3885197599465813 -0.9012080347927405
329 0.6863271828526305 0.3172802802063944 -0.6544373322708017
330 0.7672569594146271 0.3036444336300512 -0.5649042539716854
331 0.7769386843643715 0.4044843368848658 -0.4824507248963046
332 0.8381504352532992 0.3976191865858548 -0.373366884369126
333 0.837596081184723 0.2951225260456231 -0.4597124094523067
334 0.8927738949159993 0.2909393334195253 -0.3439608652534736
335 0.8879021516468076 0.378519111229093 -0.2614441652347721
336 0.8279544386696706 0.4828519040282418 -0.2852113010795544
337 0.8833709526131371 0.1937026320305043 -0.4267728323403611
338 0.9361222829276999 0.2722628524700918 -0.2225938241979782
339 0.7566185169951417 0.5817431534505567 -0.298501797571597
340 0.9071262753065619 0.4082643956832959 -0.1021866129480609
341 0.09774956019962215 0.7810300238459011 -0.6167958538544593
342 0.4065896580056967 0.1027414692885077 -0.9078155321932143
343 0.1185125369832064 0.9048474748860943 -0.4089080896363674
344 0.1028976482129663 0.6122379315259391 -0.783949481276109
345 0.6128145853774767 0.7832758474553174 -0.1045812160083532
346 0.5351425735780319 0.6080869058305951 -0.5863895811673785
347 0.5584480521657322 0.8036407392817557 -0.2056631595570115
348 0.4449591932693077 0.6857244965644851 -0.576014957389572
349 0.3445124742617675 0.2047986611494337 -0.9161706519363272
350 0.3365348228806415 0.4962914543976096 -0.8002743937429215
351 0.7856555038678783 0.1006490523233201 -0.6104221469675944
352 0.4402180918691574 0.7580763680947464 -0.4811738269350867
353 0.8079188217239058 0.5549429441099761 -0.1982561633009357
354 0.2267891673806602 0.1927663104232815 -0.9546768160611118
355 0.5200451443106086 0.7532607861526767 -0.4026800664592299
356 0.08413180489786105 0.4072712664589984 -0.9094239687414841
357 0.8153792412092467 0.1951664360716133 -0.545038306209883
358 0.2363117942135622 0.4785225557441891 -0.8456789577372825
359 0.8716179904577807 0.4522906092748844 -0.1889848763052052
360 0.9112453825703501 0.0950905822626224 -0.4007363645954427
361 0.9284445621016553 0.1937807475607363 -0.316922256994784
362 0.5047104484070881 0.8105749428116745 -0.2970448204472961
363 0.9619368105714863 0.1694544308340634 -0.2143892915662075
364 0.9161005319995231 0.3595114917157085 -0.1775142320900965
365 0.4827883265469413 0.8543443560974909 -0.192382829156782
366 0.2106487522489388 0.08585802626686344 -0.9737841149359153
367 0.08585802617021597 0.9737841149080957 -0.2106487524169354
368 0.2106487522085655 0.9737841149426038 -0.08585802629005704
369 0.0858580258283653 0.2106487530096577 -0.9737841148100188
370 0.9737841149815839 0.2106487519736426 -0.08585802642432609
371 0.9739945084696164 0.08582221259016916 -0.209688448172898
372 0.1818546467281724 0.2799975223071899 -0.9426188386432801
373 0.1807487204261878 0.7970039741992999 -0.5762938184423091
374 0.4081030343584721 0.9106857797724019 -0.06405719216247309
375 0.1746790868097265 0.7308845353112481 -0.6597689085385736
376 0.1712078292335328 0.6575695034722965 -0.7336826475475202
377 0.9955465323287128 0.06681196524623446 -0.06650761812161718
378 0.06650761827147715 0.995546532320018 -0.0668119652266168
379 0.06650761795362524 0.0668119652605046 -0.9955465323389779
380 0.1816573596552865 0.852808834746186 -0.4896097375072541
381 0.703234189265958 -0.7032341892649085 -0.1045148319444533
382 0.1120833735251243 -0.6178070806907926 -0.7783005386273015
383 0.7032341892654105 -0.1045148319460319 -0.7032341892652214
384 0.1045148319443401 -0.8510944389560628 -0.5145045246464905
385 0.8508991742102017 -0.515034353989226 -0.1034901422324724
386 0.5174570659465675 -0.1055178157589696 -0.8491785297918369
387 0.516886551266672 -0.8500104813586767 -0.1015405076806126
388 0.8510761191701102 -0.108913681517569 -0.51362169868166
389 0.1070789726464264 -0.4054262965907245 -0.9078345728433765
390 0.9491924401828599 -0.2990779507815432 -0.09790858417942998
391 0.1045148319443388 -0.9494921734557384 -0.2958737272046039
392 0.2965452605969055 -0.1061875842274682 -0.949096994713105
393 0.2978178266168906 -0.9478784631529191 -0.1132738329891414
394 0.9483987312154304 -0.09965492637756469 -0.3010128606515737
395 0.1025207051977323 -0.1776545883481104 -0.9787381428373081
396 0.1338226266445484 -0.9819282097973902 -0.1338226266445484
397 0.9819282097948274 -0.1338226266534876 -0.1338226266544129
398 0.6135341867685786 -0.7831185294468427 -0.1014946821426302
399 0.6480760084147336 -0.7330358245834667 -0.2065332108753042
400 0.7320534824670575 -0.6486357737217805 -0.2082530476516511
401 0.6709233896925461 -0.6737996886921023 -0.3096058537590817
402 0.7503409679230549 -0.5845636076845485 -0.3086645759187767
403 0.6839191618966665 -0.6053968434327802 -0.407123128736488
404 0.5988269091887246 -0.6911600606957651 -0.4046036373174433
405 0.6074122175996747 -0.6173599447697683 -0.4999170896303845
406 0.6878672787062661 -0.5271913036572617 -0.4989067410181919
407 0.6067258102330807 -0.5349075132010518 -0.5880116865488971
408 0.5219361922489273 -0.6208386681552147 -0.584929020774273
409 0.5171910673266032 -0.5342413452279089 -0.6686550567569524
410 0.6823178913188693 -0.4409590205456661 -0.5830929920566517
411 0.7584474500968216 -0.4296454938229866 -0.4900634806626907
412 0.4284373839896082 -0.6158543132027652 -0.6611844469659669
413 0.4299457056867849 -0.6979538569654276 -0.5727190443040778
414 0.420654637453463 -0.525201289509626 -0.7397386575584119
415 0.5049131991353305 -0.4400661240446685 -0.7425661369920046
416 0.4076208863951432 -0.4266116892563196 -0.8073708438904065
417 0.3334221597186671 -0.6882241694020821 -0.6443424214339405
418 0.7480892524055216 -0.3385212064090125 -0.5707590237979023
419 0.8185581478573859 -0.3246434289713369 -0.4738873311263115
420 0.8232816797448501 -0.412833650385192 -0.3895839484708464
421 0.3309666758857739 -0.7656054238348367 -0.5516424516367472
422 0.4257285209416153 -0.7697505008631624 -0.4756462896709859
423 0.3240595730718273 -0.83163086771818 -0.4509717207972272
424 0.4160657701287858 -0.8300102184039888 -0.3714462441216804
425 0.6663100545303272 -0.3484893956792934 -0.6592314103035998
426 0.3213427786585996 -0.5098086598040232 -0.7980187648124548
427 0.4859094457895513 -0.341700601278243 -0.8044455914346091
428 0.3851724666219792 -0.3218289127841995 -0.8649094298552193
429 0.3137138513685472 -0.8852213686498237 -0.3434628770991794
430 0.8769387376527095 -0.3059224235741745 -0.3706614643560558
431 0.8758881884776661 -0.3906860606912936 -0.2831682949534269
432 0.2327987445606324 -0.7502063172378758 -0.618866080915231
433 0.4010256291488049 -0.8779135795916093 -0.2616222305815238
434 0.4967423823343443 -0.8183380865595334 -0.289084385048521
435 0.9215059650797169 -0.2801555110305344 -0.2689603055503163
436 0.2260894096153335 -0.6633186445393512 -0.7133666341133905
437 0.7214548220778496 -0.2308593276428439 -0.6528452424127118
438 0.6320401865576771 -0.2611653312687573 -0.729601173463569
439 0.2191432925207824 -0.880753878489959 -0.4198199886475695
440 0.1041324224477682 -0.703728760970889 -0.702796036967723
441 0.1091936268821883 -0.7873788927166318 -0.6067217081600462
442 0.4678535454288357 -0.2269608260912589 -0.8541673392548101
443 0.8678933212029857 -0.2142305246087573 -0.448181286241525
444 0.3486725182251569 -0.2146270201101751 -0.9123391459721293
445 0.2787433758566849 -0.3163296405268692 -0.9067732290601442
446 0.294932672926612 -0.927064419393743 -0.2314439040772217
447 0.4087829126486501 -0.1041324224478554 -0.9066713676529261
448 0.219179186563384 -0.5782427529405285 -0.7858726378040987
449 0.1356605280418139 -0.5155169918682038 -0.8460723681970559
450 0.2140793436312311 -0.4213902092141845 -0.8812492985579319
451 0.7825056065757319 -0.1084047227041675 -0.6131340732441628
452 0.8046087804470053 -0.2196483092967103 -0.5516877111651837
453 0.9071357830732126 -0.1076307563256349 -0.4068418505524244
454 0.1026457533921365 -0.294040739929547 -0.9502651696091177
455 0.4132443942587195 -0.9050286479355615 -0.1007582107308059
456 0.9065274111985423 -0.4098607133682596 -0.1011051352945562
457 0.6148707086877787 -0.09830519544886973 -0.7824769007105248
458 0.7832621257241923 -0.6128538393139984 -0.1044538847727137
459 0.1070625678697654 -0.9099141361346064 -0.4007416517203383
460 0.2190837792936719 -0.8235631321813855 -0.5232074779301109
461 0.5191154437924311 -0.6982781888784372 -0.4928759752238252
462 0.7588830678149028 -0.5118173432598656 -0.4026654896092466
463 0.5974077137330215 -0.4449113680086133 -0.6672015424060321
464 0.3282288801296812 -0.6016792247257188 -0.7281812362195784
465 0.9178918151192684 -0.1955713302141031 -0.3452918628281604
466 0.805626296854964 -0.5553159708882351 -0.2063745194839091
467 0.8181955960806547 -0.4897346036235323 -0.3011909437017055
468 0.5102826821715196 -0.764760241876234 -0.3933870317146258
469 0.5776205629523051 -0.3535179491412739 -0.7357849855016138
470 0.1819600625412235 -0.09859613025652225 -0.9783503149375652
471 0.2227677579456802 -0.215825121394345 -0.9506808312966929
472 0.56908949542601 -0.1935028701069114 -0.7991831989326084
473 0.2101506153581699 -0.9251196571573175 -0.3162124899584294
474 0.5851311527104174 -0.751589241182021 -0.3045244598832947
475 0.5592524184879707 -0.8047467503266253 -0.1990462264251491
476 0.8663344318710896 -0.4578105254317058 -0.1996851896324353
477 0.1943871962345629 -0.9595528427754723 -0.2036466544325612
478 0.3123327043788024 -0.4139549518277395 -0.8550377650330526
479 0.9170516106820427 -0.3500163715584411 -0.1910625106778796
480 0.9553417875197909 -0.2377602451952369 -0.1754768783150401
481 0.1843267963343943 -0.3464370480640714 -0.919785303145115
482 0.4661522342117825 -0.8635579769232784 -0.1922751024743919
483 0.08453522245061795 -0.08029635207595 -0.9931798890475579
484 0.9529004662985839 -0.1785637168209233 -0.2451442439932834
485 0.2106487522355798 -0.9737841149382128 -0.08585802627358151
486 0.08585802602071078 -0.9737841148654047 -0.210648752675223
487 0.9745878482407293 -0.2080393497109553 -0.08305513249250693
488 0.9742769642106325 -0.08366318633917973 -0.2092483411166976
489 0.3697169675739866 -0.9108106521370882 -0.1836663274569066
490 0.5496542119811021 -0.278675101151363 -0.7875407514850971
491 0.6519062353792304 -0.1745593864728487 -0.7379344692233195
492 0.9955465323394709 -0.06681196526645934 -0.06650761794026396
493 0.06650761808911909 -0.9955465323309101 -0.06681196524584503
494 0.234512494951801 -0.5045466286301336 -0.8309251405809356
495 0.104921158435991 -0.7013434346457879 0.7050595274100616
496 0.7030982474767853 -0.1045081089473062 0.7033711037278482
497 0.7034809268286071 -0.7043757152861551 0.0947071132675959
498 0.8554327366825615 -0.1040146717408657 0.5073615880951411
499 0.1035823306961741 -0.5124181547077432 0.8524660318707482
500 0.1050090879354482 -0.8508885577576115 0.5147443576457512
501 0.5150481385843544 -0.1012630056715706 0.8511587505413731
502 0.5081883657143741 -0.8530524614204654 0.1185161719641632
503 0.8480447361505767 -0.5204478269173688 0.09977066174125082
504 0.1022419859051383 -0.9490315085797527 0.2981371698413537
505 0.09343781658960465 -0.2966650384372829 0.9503995104165261
506 0.9460137277691133 -0.105537128650911 0.3064636052592657
507 0.3020627482516793 -0.1017728046940747 0.9478398558529516
508 0.9494921734552725 -0.2958737272059128 0.1045148319448657
509 0.3092793457392827 -0.9459691536972891 0.09740968407872072
510 0.1338226266540564 -0.1338226266532012 0.981928209794915
511 0.9819282097972148 -0.1338226266451914 0.1338226266451914
512 0.1338226266449051 -0.9819282097973026 0.1338226266448348
513 0.6129551172775469 -0.102463783099794 0.783445720746592
514 0.6467998945642101 -0.2054698146521475 0.7344603812722229
515 0.7318709831465722 -0.2084047255128728 0.6487929827086402
516 0.6691347139585175 -0.3083060901684337 0.6761701630068474
517 0.7481810381496996 -0.309200648351325 0.5870435190106081
518 0.6823384131375935 -0.4076710548703366 0.6068101852950211
519 0.5971670182302463 -0.4035017812780242 0.693237235615239
520 0.6067309725871308 -0.4995118405981777 0.6183570554345562
521 0.5161721179726763 -0.4924369272311956 0.7007654510081813
522 0.5219375752146982 -0.5856056670880728 0.6201992988171904
523 0.6869609960959584 -0.4976172660591969 0.5295862973705223
524 0.4994519002249612 -0.391343455133459 0.7729153249133321
525 0.4250080419063388 -0.5747620375980437 0.6992973362247885
526 0.4279734607012395 -0.6638442275682216 0.613310328023062
527 0.5201827498779102 -0.6683515654079135 0.5317105337928212
528 0.4244945436159961 -0.7411025986072658 0.5201647054326208
529 0.5114689632669477 -0.7404406020107612 0.4360587282793172
530 0.4130267632282119 -0.8090180455198037 0.4182089129616239
531 0.3235375516512087 -0.7365094035637144 0.5940348063318875
532 0.6027139154652892 -0.6630621998384426 0.4439419503154723
533 0.5897201944872755 -0.7301205436387229 0.3451870275236104
534 0.6768970588037074 -0.6475331069359156 0.3500160670666568
535 0.6635000420725978 -0.7038270738352616 0.2537619835715239
536 0.7425860144495378 -0.6182982559130279 0.2574359685025752
537 0.7546178921060666 -0.5546933018265411 0.3505241472740027
538 0.5735712629772637 -0.786054064373816 0.2305103341893193
539 0.8135187441375896 -0.5253240148297302 0.2494432448072559
540 0.8206503718703541 -0.4544619200168972 0.3464063082618515
541 0.873806259287263 -0.420855984251461 0.2436039033967529
542 0.8747280517228887 -0.3465308420839555 0.3387730966497547
543 0.8170501338751528 -0.3786925497295076 0.4347654902518818
544 0.8632627955786734 -0.2666287727292664 0.4285865645614419
545 0.9162727533618248 -0.2339704451674174 0.3251185510470004
546 0.9214962456681631 -0.3103784146051917 0.2334735723088331
547 0.8970514997579253 -0.1590539162538649 0.4123111185820307
548 0.958130052667335 -0.1983061285607187 0.20654656024962
549 0.1031548229479691 -0.7823198525872079 0.6142757774408025
550 0.2120913431923078 -0.8024034854844428 0.5578224705274076
551 0.2077482680325496 -0.86657786864221 0.4537438205739011
552 0.3147374413452319 -0.8116178123393422 0.4921553308752807
553 0.219028164298361 -0.7237449225080862 0.6543851697493263
554 0.2114428139318807 -0.63781428698498 0.7405976449830297
555 0.311729773189257 -0.8688102380890339 0.3846989975280031
556 0.4081036284535487 -0.85848840423261 0.3105625351538632
557 0.305312130077451 -0.9115449117460022 0.2754457788704389
558 0.3915520313542598 -0.8996983194009668 0.1929506175409368
559 0.3194890288951881 -0.6538699278026701 0.6858431875661817
560 0.3268522987824633 -0.5534225240052569 0.7660881703200161
561 0.2147955730079654 -0.5417932828054297 0.8126025476966556
562 0.3005883338876172 -0.4594765299065202 0.8357798585726559
563 0.4111785456695722 -0.4738904226793703 0.7786912551671703
564 0.3867032974391417 -0.3723703478732198 0.8436829284597812
565 0.4771843405230022 -0.2870316228821374 0.8306069784352125
566 0.2789687961303617 -0.357612828112004 0.891229193841467
567 0.3702663547350697 -0.2649636130392138 0.8903353920385335
568 0.2625275923916702 -0.2285068630876182 0.9374774006635519
569 0.207779525720804 -0.9158864638504992 0.343481664760531
570 0.7806371493578299 -0.6173786904545664 0.09720696279117996
571 0.104642291160435 -0.906949085467853 0.4080359632063328
572 0.4092820799485613 -0.09740327878441596 0.9071939044741344
573 0.9046171303589041 -0.4095388176662209 0.1180923548997795
574 0.6135341867320254 -0.7831185293998701 0.1014946827260256
575 0.09810502995290575 -0.4070544278992474 0.9081200888789741
576 0.7838329417278602 -0.1045389523739852 0.6121090808824831
577 0.5772212201830347 -0.3003354282795869 0.7593512319674772
578 0.6079332662812318 -0.5862204085311612 0.535502358883872
579 0.6857099217708221 -0.5760168632209446 0.4449791865583788
580 0.1948212972732308 -0.9550408199769069 0.2234763842257446
581 0.8037110632460791 -0.2055824754388873 0.5583765509119059
582 0.1041901721632264 -0.6105095637978869 0.785125773705023
583 0.7582320778033566 -0.4821393888376329 0.4388914739674018
584 0.499088578784207 -0.7994740134767494 0.3342931233252321
585 0.5538636951211988 -0.1982015281255786 0.8086724686023241
586 0.1964306526822135 -0.4440554658811319 0.8742023460892395
587 0.7533144165950558 -0.4024250300948259 0.5201648631955345
588 0.4083584792646246 -0.908864718284308 0.08490156812844318
589 0.4515548065760107 -0.1888669602463643 0.8720249583500461
590 0.4795905444681737 -0.8444192709989085 0.2386399053435801
591 0.8105901339213631 -0.2969973281692199 0.50471400005319
592 0.1816065194056064 -0.3354168435253301 0.9243995960562105
593 0.1624993084453152 -0.2171811262894484 0.9625104327426487
594 0.8543443558855134 -0.1923828290292559 0.4827883269728746
595 0.3572533805985209 -0.1752879195245358 0.9174116673117299
596 0.08585802632937614 -0.9737841149539157 0.210648752140247
597 0.9737841149080957 -0.2106487524169356 0.08585802617021575
598 0.9737841149426039 -0.08585802629005705 0.2106487522085658
599 0.2106487530096577 -0.9737841148100188 0.08585802582836528
600 0.2106487521430636 -0.08585802632688365 0.9737841149535262
601 0.7969975378928674 -0.5763759191758053 0.1805151638698334
602 0.9106857799010099 -0.06405719205770601 0.408103034087927
603 0.2818181085602036 -0.9401292546731606 0.1916651720976896
604 0.7308769069936675 -0.6600683991568567 0.1735760791637897
605 0.07797252694736316 -0.1877293195399883 0.9791210280790091
606 0.6578845133108939 -0.7336924613515763 0.169950990881353
607 0.07206680098812482 -0.07297969346625759 0.9947262641234066
608 0.9955465323201321 -0.06681196522682237 0.06650761826956245
609 0.06650761832284821 -0.9955465323169634 0.06681196522099431
610 0.8528541686588265 -0.4896088695666261 0.1814467465758275
611 -0.7030404135679903 0.7033856319593041 0.1047989963852679
612 -0.1045148319442637 0.7032341892665036 0.7032341892643913
613 -0.7050851645975222 0.1079965922591258 0.7008506593596819
614 -0.09844202730983224 0.8492135262637888 0.5187923997802507
615 -0.1129714180931805 0.5182769970853029 0.847718357112937
616 -0.8503017199578029 0.5162816684288764 0.1021774137522461
617 -0.5140736558098692 0.8518400841434982 0.1004825728605419
618 -0.51450452464881 0.1045148319448983 0.8510944389545921
619 -0.853521237909353 0.106190432322439 0.5101226210636609
620 -0.1136615805561051 0.947902516391902 0.2975934551084545
621 -0.9494921734552719 0.2958737272059144 0.1045148319448662
622 -0.10957589650659 0.2941249254701481 0.9494649288530655
623 -0.2958737272046042 0.9494921734557383 0.104514831944339
624 -0.2958737272059131 0.104514831944866 0.9494921734552725
625 -0.949420490852234 0.0992406997420251 0.2979127641854512
626 -0.1338226266445484 0.98192820979739 0.1338226266445485
627 -0.1338226266451913 0.1338226266451913 0.9819282097972148
628 -0.9819282097950125 0.1338226266536658 0.1338226266528773
629 -0.7823198529190321 0.614275776962879 0.1031548232774176
630 -0.732166001687285 0.648813481789509 0.2073017409995125
631 -0.6473681860667186 0.7335077142064047 0.2070769539769736
632 -0.6721831568932894 0.6727905524724905 0.3090674296860355
633 -0.5847572501351905 0.7507884628964883 0.3072061887330053
634 -0.6031140075794589 0.6861851327759272 0.4066982387701323
635 -0.6874650724731447 0.6023913058235014 0.4056063224331576
636 -0.6123834570078561 0.6124949467734945 0.4998364149999888
637 -0.6933444494827793 0.5226292821464387 0.4961170303613048
638 -0.6136386119874984 0.5284429305272413 0.5866819607366819
639 -0.5245681833319291 0.6919081623610736 0.496075917470262
640 -0.763157945240841 0.5093468826631327 0.3976879476890475
641 -0.6906523951175386 0.4331295261919008 0.579135634078224
642 -0.6060837193952002 0.4346831323801307 0.66611793213235
643 -0.524713187111911 0.5271694862695866 0.6684073638262229
644 -0.5123105979734898 0.4302908994681817 0.743227820415052
645 -0.4281546331233788 0.5184459662883375 0.7402009120329001
646 -0.413882750061446 0.4166891813149981 0.8093646862673286
647 -0.5884766941674631 0.3309076853028415 0.7376959293836789
648 -0.4364124441246779 0.6096099311767298 0.6617551740816443
649 -0.3350295137138503 0.5972110761999302 0.7287620705036604
650 -0.341813331162545 0.6842667410721412 0.644160440963333
651 -0.2278156448988963 0.6699452002502365 0.7065928534884645
652 -0.2501956862723167 0.749157193439095 0.6133234204636107
653 -0.3451225214988005 0.7604779142651653 0.55005798518812
654 -0.2270159913610805 0.568581360657442 0.7906826012878225
655 -0.2445921855548978 0.8194140810347254 0.5183967848738017
656 -0.3423971599354493 0.8255405175887849 0.4486056605610095
657 -0.2400855392893654 0.8784458963845184 0.4131485700681227
658 -0.3345698708249267 0.8781527211181613 0.341922213272201
659 -0.4305745196320716 0.8207289688762939 0.3755123735522795
660 -0.4180797873411826 0.8653679621798029 0.276310661121729
661 -0.1041324224477117 0.613885084780572 0.7824969912268809
662 -0.2247826683340115 0.4593067839904588 0.8593660629772296
663 -0.2313379999923006 0.924815183168876 0.3019927263029369
664 -0.3358021805058501 0.9160655005027638 0.219227950672667
665 -0.1185079932376428 0.4062999121692142 0.9060222055281403
666 -0.2183808996960133 0.3248130936243781 0.9202207544160916
667 -0.3180989921147898 0.3848568782211683 0.866428424338336
668 -0.3280652056656277 0.2713204470995296 0.9048527149858592
669 -0.2222270680746449 0.2045904035700644 0.9532879402268682
670 -0.6145365349994929 0.1071124208406028 0.781582866017726
671 -0.5571742549899147 0.2137076335924617 0.8024250101540602
672 -0.444097314788936 0.2136632815376782 0.8701296323650906
673 -0.4925980154044369 0.3090433509616254 0.8135351267437811
674 -0.6533519787249829 0.2225718576192415 0.7235972361003528
675 -0.7400663816597005 0.2149128966134348 0.6372708981322946
676 -0.6793910336472028 0.3298121584102247 0.6554782708561547
677 -0.7593408519001014 0.3286646629695094 0.5615879360801543
678 -0.8135136849954966 0.218046114439748 0.5391209292012104
679 -0.8283422698890713 0.3189629382747189 0.4605558901177779
680 -0.8752673898582998 0.2110164407833172 0.4351770420987067
681 -0.8842455363188492 0.3037586090955021 0.3547401004969088
682 -0.8301317418799438 0.408844633634525 0.3791139098893911
683 -0.8808075804369607 0.3892892306920281 0.2695030632701528
684 -0.9295706401420875 0.2814818007127278 0.2380470979729645
685 -0.8208886994840769 0.4903607801527669 0.2927252096204058
686 -0.4080159154109105 0.1014694869643216 0.9073185526520409
687 -0.9061606626423395 0.4109380493000099 0.1000138646243564
688 -0.09558962491983528 0.7818796634030033 0.6160574774844401
689 -0.09794486094283872 0.9054436586218729 0.4130116042877309
690 -0.4057853800757009 0.9081510974499442 0.1029553763398544
691 -0.3264817564252344 0.4976050772874421 0.8036161084617782
692 -0.6129730365682047 0.7832438430617111 0.1038900319870762
693 -0.7518502781610075 0.5843286048413571 0.3054197779996714
694 -0.5289304594048116 0.61392153803775 0.5859461700934468
695 -0.7654888272216974 0.424279932525569 0.4837493093068442
696 -0.5557809133898426 0.8065335788252181 0.2015221142677347
697 -0.9088157734207748 0.1030033967189652 0.4042823150299235
698 -0.4382256679076226 0.6912538438204753 0.5745662602262128
699 -0.7853844114729412 0.1055952750753448 0.6099352130325516
700 -0.4344082656341 0.7633349575087461 0.4781309458651403
701 -0.8049768213610058 0.5579618062097148 0.2017199541015315
702 -0.209461624109548 0.958387397958234 0.1939572722540611
703 -0.8666689949810641 0.460192990982992 0.1926324588137738
704 -0.5165117672637378 0.7572548674325665 0.3997257310053683
705 -0.9222173723824594 0.2000183023494476 0.3309196228712304
706 -0.4009378737581281 0.3219591188181135 0.8576661047261781
707 -0.5022161320337598 0.8118192436741486 0.2978732487575592
708 -0.9567081231815157 0.1762809415677152 0.2315914434483743
709 -0.91257913699147 0.365621492084903 0.1830853441800109
710 -0.348907206715779 0.1772472309456244 0.9202430006383646
711 -0.4576118033329346 0.86816613424477 0.1920390606123441
712 -0.9640612271539334 0.2164643707688939 0.1540426125657407
713 -0.08585802599124785 0.973784114856925 0.2106487527264322
714 -0.210648752626686 0.9737841148734439 0.08585802604861596
715 -0.2106487524357651 0.08585802615941272 0.9737841149049749
716 -0.08585802593684404 0.2106487528227218 0.9737841148408923
717 -0.9737841148570319 0.08585802599048578 0.2106487527262481
718 -0.1762415396890366 0.8016062724115983 0.5712847833772751
719 -0.1699143513323004 0.7428159365899857 0.6475751674973846
720 -0.9947262640945504 0.07297969341835997 0.0720668014349249
721 -0.06650761816187281 0.9955465323265742 0.06681196523802979
722 -0.06650761818384032 0.0668119652360305 0.9955465323252409
723 -0.1759407106369318 0.8643616029849972 0.4710879807698108
724 -0.9809685073221935 0.1803520543746908 0.07192999461209545
725 -0.1753115825544032 0.9142594085176884 0.3652336005341749
726 -0.7033856320308123 -0.7030404135223498 0.1047989962115007
727 -0.1059567785870202 -0.705153135982117 0.7010935856831436
728 -0.7032341892654105 -0.1045148319460321 0.7032341892652214
729 -0.5147268455806571 -0.8509928973259692 0.1042466456982611
730 -0.104504519448493 -0.5148586747963743 0.8508815137266532
731 -0.8517933349966236 -0.5141560725502512 0.1004571924504694
732 -0.5172793596708952 -0.1123348420331059 0.8484120150751437
733 -0.8491092645472288 -0.09787310023515806 0.5190706243955856
734 -0.1045148319448971 -0.8510944389546166 0.5145045246487696
735 -0.2977762817088925 -0.1096539866571119 0.9483170826584472
736 -0.9494921734557388 -0.2958737272046032 0.1045148319443373
737 -0.1045148319448659 -0.9494921734552727 0.2958737272059124
738 -0.9479025163829747 -0.1136615804811525 0.2975934551655173
739 -0.2992820971063052 -0.9486166425386952 0.102745763174281
740 -0.1025716965232283 -0.2984189017065199 0.9489073749195024
741 -0.981928209794915 -0.1338226266532012 0.1338226266540564
742 -0.1338226266451913 -0.9819282097972148 0.1338226266451913
743 -0.1338226266448349 -0.133822626644905 0.9819282097973026
744 -0.6135913396371215 -0.7827148472766029 0.1042263679453853
745 -0.6484208753676458 -0.7324394473696374 0.2075640246389441
746 -0.7329677513300957 -0.6477571189394097 0.2077714859489105
747 -0.6729545518099712 -0.6719970485787681 0.3091150884374063
748 -0.7506590967661925 -0.5848506821554997 0.3073444322326512
749 -0.6866954182606707 -0.6025585712066146 0.4066602646008653
750 -0.6026065886509464 -0.6873420013493321 0.4054950955259062
751 -0.6123523187040034 -0.6124623059218265 0.4999145543017823
752 -0.5228792215992788 -0.6932402599408338 0.4959992556616363
753 -0.5286557212469263 -0.6134999724446811 0.5866352463015392
754 -0.6917670829901398 -0.5246664041499014 0.4961687890705391
755 -0.5109220300681047 -0.761096080225079 0.3996141086812461
756 -0.4351499535855478 -0.6895796207222895 0.5788993561742825
757 -0.4336894755562274 -0.6081810901505816 0.6648527659377034
758 -0.5273935220667256 -0.5246631742899602 0.6682698754440731
759 -0.4288182949575255 -0.5135907918039923 0.7431953770603453
760 -0.5190429232504266 -0.4283235201857836 0.7396846665162868
761 -0.4206078386418379 -0.4148463097587838 0.8068404956077507
762 -0.3296287935263046 -0.5907904357425127 0.7364180331262704
763 -0.6096965844491151 -0.4367289996170396 0.6614664434456091
764 -0.5975545440973883 -0.3371669735391822 0.7274936417474661
765 -0.6841252406709136 -0.3431639387719188 0.643592391349919
766 -0.6699750468689554 -0.2285180688584518 0.706337687496671
767 -0.7488616084144719 -0.2517678200540882 0.6130409906589467
768 -0.76040095262831 -0.3450474804473998 0.5502114388840529
769 -0.5689239012808947 -0.2264647399248988 0.7905942803499624
770 -0.819414080551626 -0.2445921859688834 0.5183967854420939
771 -0.825540517178288 -0.3423971603660043 0.4486056609878005
772 -0.8784458960126806 -0.2400855395535913 0.4131485707051877
773 -0.8783255530892136 -0.3361257185155677 0.33994664896557
774 -0.8208908322169252 -0.4316312285836392 0.3739421400345012
775 -0.8652428537126965 -0.4189627688116453 0.2753634007067554
776 -0.6138850847805505 -0.1041324224478283 0.7824969912268823
777 -0.4644580454862706 -0.2262284190596747 0.8562122554558732
778 -0.9248151829131195 -0.2313380001034366 0.3019927270010249
779 -0.9160549628203132 -0.336898219632668 0.2175842243836013
780 -0.4100181751572681 -0.1197360989198565 0.9041838102156874
781 -0.3520089298737726 -0.2291663386652958 0.9075089545078134
782 -0.2157961820813309 -0.2202710945784506 0.9512689696885588
783 -0.2706651457889197 -0.3297232317960425 0.9044462224306297
784 -0.7821163343068127 -0.09628040763569652 0.6156493504552557
785 -0.1014946815351724 -0.6135341868069203 0.7831185294955323
786 -0.2133685315458445 -0.5570836396795273 0.8025781508036338
787 -0.2136341738400697 -0.4451443762217048 0.8696015892843459
788 -0.3088651333132426 -0.4944721665105337 0.8124651413874763
789 -0.2187189115962954 -0.6556423338842701 0.7226999154067469
790 -0.2028111478263676 -0.7417927921160852 0.6392269486512392
791 -0.3229060152594044 -0.6941081867163431 0.6433859886900268
792 -0.2767006103879179 -0.7764584909679508 0.5661704549115275
793 -0.4089328728773842 -0.9065800055600399 0.1043388661957142
794 -0.3476941946337501 -0.9143280547906059 0.207636594175532
795 -0.217392184218184 -0.9532626709476624 0.2098354555802616
796 -0.2849169641366404 -0.9067900815095203 0.3107315105088599
797 -0.3923820295176584 -0.8673562355672897 0.3061527454297017
798 -0.3181141465254007 -0.8572531986813706 0.4048707733721643
799 -0.2120189451841854 -0.8892522022369123 0.4053128269618257
800 -0.9054338860721278 -0.09788352089520591 0.413047569039551
801 -0.1021866140141976 -0.4082643956380654 0.9071262752068197
802 -0.9078364170816587 -0.4068765549784155 0.1014125674126876
803 -0.5031634129026274 -0.3260119926056227 0.800339153480255
804 -0.7829759092515645 -0.6134224509815445 0.1032551314147652
805 -0.4556211224729704 -0.8661331302154724 0.205481856862395
806 -0.5843470647746575 -0.7514522037821322 0.3063626826495339
807 -0.6139392506140564 -0.5289575664738488 0.5859031399689837
808 -0.4330563317128095 -0.7587250916216673 0.4866194086831488
809 -0.8064409686114414 -0.5559063764500639 0.2015466813599275
810 -0.5555213836185382 -0.8058206941350673 0.2050585312690583
811 -0.6912147107436033 -0.4384053401711556 0.5744762670128769
812 -0.1019889941480879 -0.910658398190262 0.4003742335343364
813 -0.097344180028275 -0.7834449713081748 0.6137899376387298
814 -0.7633349567631976 -0.4344082669252327 0.4781309458823417
815 -0.9583923864134212 -0.2095767513763737 0.1938082014449163
816 -0.4911919886776033 -0.8169236438653905 0.3022684077978276
817 -0.2308177694614816 -0.8360827581522857 0.4976834122424543
818 -0.7572938310215558 -0.5165763595960197 0.3995684149219241
819 -0.3990012325133173 -0.3215624649036219 0.8587174142976026
820 -0.325825394366931 -0.4026595334683214 0.8553964650924785
821 -0.4187256522824058 -0.816238790161904 0.3980239509824817
822 -0.8118192435311019 -0.502216132115385 0.2978732490097952
823 -0.1809595024025603 -0.3453364081038122 0.9208672128641431
824 -0.3428208412875841 -0.8032638117433238 0.487074039056137
825 -0.1918873985773896 -0.9271435156619975 0.3218448813219086
826 -0.8680906282167176 -0.4579530636930491 0.1915663139919296
827 -0.2106487522987865 -0.08585802623816757 0.9737841149276624
828 -0.2106487526055432 -0.973784114876858 0.08585802606176704
829 -0.08585802604000971 -0.9737841148705988 0.2106487526433455
830 -0.08585802610822207 -0.2106487525230472 0.9737841148906075
831 -0.9737841149152119 -0.2106487523749425 0.08585802619253338
832 -0.9737841149635431 -0.08585802636167074 0.2106487520825786
833 -0.3664195868347853 -0.7472203240844546 0.5544352745442408
834 -0.1807789262476088 -0.8011137843205373 0.5705573454056915
835 -0.8015990481913108 -0.1764327285802962 0.571235904180135
836 -0.7428231264365764 -0.170343531841143 0.6474541558989915
837 -0.9955465323397727 -0.06681196526671972 0.06650761793548537
838 -0.06650761848434672 -0.9955465323073317 0.06681196520375332
839 -0.06650761807484502 -0.0668119652474841 0.9955465323317537
840 -0.864352564290963 -0.1758944728846192 0.4711218303287152
841 -0.9142594083982384 -0.1753115823197439 0.3652336009458203
842 -0.7050960429183194 -0.104677304573218 -0.7013431629154256
843 -0.7033228520000999 -0.7031305540485477 -0.1046154377605334
844 -0.1045148319460324 -0.7032341892654106 -0.7032341892652213
845 -0.8525277070781552 -0.10360937250801 -0.5123100687987299
846 -0.5148586747654799 -0.1045045195210137 -0.8508815137364401
847 -0.5073765650844905 -0.8553444042230884 -0.1046659990986267
848 -0.117477686279929 -0.508178386338668 -0.8532020398970821
849 -0.8510898206440425 -0.515157885965182 -0.1012841040044091
850 -0.09895175223539981 -0.8478352847562355 -0.5209451800831417
851 -0.09779304094829987 -0.3094749631864951 -0.9458656185224208
852 -0.3066149161169842 -0.945925401536954 -0.1058887526686704
853 -0.950397998682495 -0.09341826085318844 -0.2966760398810019
854 -0.2993156779475959 -0.1021598880515951 -0.9486693218440537
855 -0.1045148319443378 -0.9494921734557387 -0.2958737272046034
856 -0.9478520634461323 -0.302109801866675 -0.1015191284290199
857 -0.1338226266449051 -0.1338226266448348 -0.9819282097973026
858 -0.9819282097973026 -0.133822626644905 -0.1338226266448346
859 -0.1338226266527963 -0.9819282097950154 -0.1338226266537246
860 -0.7831185292246753 -0.6135341865945214 -0.1014946849090149
861 -0.734510403599279 -0.6467414038562587 -0.2054751166016459
862 -0.6486357720764028 -0.7320534843195067 -0.2082530462646791
863 -0.6755162193407387 -0.6697028755772378 -0.3085059089404506
864 -0.587279876356017 -0.7479797769953306 -0.3092387427753464
865 -0.6064830903045078 -0.6826448401404756 -0.4076448005362989
866 -0.6933366885573585 -0.5971167172680305 -0.4034053324627323
867 -0.617292172863892 -0.6075054979057565 -0.4998874306633981
868 -0.7015484448612082 -0.5157326738521303 -0.491782053997655
869 -0.6195558124025586 -0.5226593520616323 -0.5856430628127685
870 -0.5294894333412206 -0.6869440824135729 -0.4977436766217802
871 -0.7727985121510096 -0.499749400965932 -0.3911943198097054
872 -0.6994515402267346 -0.425378943040534 -0.5742998325719472
873 -0.6137957457649068 -0.4274994183359523 -0.6637010093433072
874 -0.5317051732821912 -0.5202629328104358 -0.6682934156853849
875 -0.5191810238232714 -0.4239607646412731 -0.742097254102592
876 -0.4358549248463183 -0.5114672324425554 -0.7405617831246514
877 -0.4185269171823695 -0.4126301054807267 -0.809056002786449
878 -0.593755203779419 -0.3251374403106955 -0.7360301643907464
879 -0.4436652909373757 -0.6027839553105453 -0.6631836946409555
880 -0.3438382763512661 -0.5904539364455469 -0.730163946420082
881 -0.3508685846094592 -0.6776193439648932 -0.6463151406386383
882 -0.2513470423582553 -0.6639842515285926 -0.7042368763560825
883 -0.2575602016551163 -0.7430113772220486 -0.617735247368944
884 -0.3505263482148951 -0.7545719485223771 -0.5547544084640277
885 -0.2285417886892702 -0.5733728699375997 -0.786773285541794
886 -0.2494432446835906 -0.8135187442926626 -0.5253240146483044
887 -0.3464063081122019 -0.8206503720118727 -0.4544619198754163
888 -0.2436039033086314 -0.8738062594092229 -0.4208559840492476
889 -0.3387730965846058 -0.8747280518165327 -0.346530841911266
890 -0.4347654900893051 -0.8170501340325211 -0.3786925495766261
891 -0.4285865645198046 -0.8632627956429803 -0.2666287725879891
892 -0.3242191574321093 -0.9170103671389046 -0.2323228884845061
893 -0.2334735722575493 -0.9214962457553697 -0.3103784143848572
894 -0.411918099744716 -0.8972735086631896 -0.1588198027764527
895 -0.2075581417516915 -0.9579975483714103 -0.1978896538653604
896 -0.09698782594401346 -0.7812024394023688 -0.6166977462991432
897 -0.613534186795811 -0.1014946817117385 -0.7831185294813522
898 -0.5583191744494254 -0.2119358136279305 -0.8020990651683739
899 -0.4545957318508291 -0.2082530478668967 -0.8660100395706491
900 -0.4934316951303077 -0.3154297168503928 -0.8105734118317182
901 -0.6549098072887982 -0.2193707428420879 -0.7231663857660006
902 -0.741196972707638 -0.2120827209683037 -0.6369049906506569
903 -0.6866975996850332 -0.3203731821225448 -0.6525392177972821
904 -0.7665677922293804 -0.3275805890465818 -0.5523266946259867
905 -0.3858425275915616 -0.3111519162867823 -0.8685102353414254
906 -0.3109735863420193 -0.4059379002594763 -0.8593659579774557
907 -0.2766116168141966 -0.3023346134488358 -0.9121840795333905
908 -0.1925479931736026 -0.3906563985481674 -0.9001737879977365
909 -0.8129072522361842 -0.2152419896439851 -0.5411586506339112
910 -0.8362614045095512 -0.3007246759665112 -0.458510122671844
911 -0.7791799668714222 -0.4113931818086935 -0.4728998088258957
912 -0.8441225741270125 -0.3867748785320116 -0.371298092084694
913 -0.8296289476742709 -0.4787255021340928 -0.2872937569585228
914 -0.8914539409475238 -0.2781936126810037 -0.3576565182302994
915 -0.8904565505628159 -0.3707468238239429 -0.2638824059770366
916 -0.9373270158970108 -0.2637077812838422 -0.2277636304592068
917 -0.1178355462838567 -0.9043706715369125 -0.4101566438519054
918 -0.9081501583405185 -0.09808283977513917 -0.4069926859880106
919 -0.4085803248666582 -0.1041789633573447 -0.9067573334281035
920 -0.907143949895768 -0.4094194285309949 -0.09729124168627953
921 -0.1028976479122619 -0.6122379311261685 -0.7839494816277853
922 -0.6122379327062224 -0.7839494802384307 -0.1028976490961059
923 -0.3456230824593202 -0.2076688085298564 -0.9151056500946259
924 -0.7588164905328639 -0.5780377962043486 -0.3001163771849314
925 -0.5350577311599384 -0.60815303128454 -0.5863984267248716
926 -0.558412819681028 -0.8037156623766365 -0.2054659506253249
927 -0.4448494904027208 -0.6856651811841534 -0.5761702788240139
928 -0.7852411603442355 -0.10290880849715 -0.6105784939178052
929 -0.4388914734429351 -0.7582320780967972 -0.4821393888535784
930 -0.2262263473270779 -0.1948195330201836 -0.9543935191150692
931 -0.3336504375954789 -0.4985341176621906 -0.8000881945255327
932 -0.8081809080584443 -0.5544531749179877 -0.1985580435872386
933 -0.8743856424546255 -0.1964139162217417 -0.443701838832848
934 -0.5201431228318392 -0.7533211373793816 -0.4024405493339074
935 -0.08495191604030486 -0.4082662239977515 -0.9089014590722685
936 -0.2361717029920584 -0.4791083697482404 -0.8453863594493434
937 -0.8717077865594925 -0.452230031838214 -0.1887154820229592
938 -0.5047448496183674 -0.8105729433093372 -0.2969918186727873
939 -0.9244488546343271 -0.1815516923616561 -0.3353107486584637
940 -0.962499436397476 -0.1626705551001641 -0.2171016477089603
941 -0.4827883272364435 -0.85434435578283 -0.1923828288238263
942 -0.08585802623816778 -0.2106487522987863 -0.9737841149276624
943 -0.2106487526849652 -0.08585802601509709 -0.9737841148637921
944 -0.9737841149697465 -0.2106487520451709 -0.08585802638309276
945 -0.210648752077945 -0.9737841149643126 -0.08585802636431292
946 -0.08585802635751673 -0.9737841149623473 -0.2106487520898007
947 -0.9173857241435038 -0.3575962999937856 -0.174723551270153
948 -0.1800595743377991 -0.7970242717698999 -0.5764814480093449
949 -0.173925396581852 -0.7306584056430737 -0.6602183356185791
950 -0.1814952361564809 -0.2817152739414348 -0.9421761956665036
951 -0.4081030342018022 -0.9106857798535198 -0.06405719200737103
952 -0.9791236568610034 -0.0781185985480141 -0.1876548670725866
953 -0.1708446110609086 -0.6575792189725183 -0.7337586044789798
954 -0.06650761810884381 -0.9955465323294674 -0.06681196524770734
955 -0.06650761805749847 -0.06681196524949388 -0.9955465323327776
956 -0.9947262640318024 -0.07297969330903196 -0.07206680241173602
957 -0.1812489417222909 -0.8527970608299068 -0.4897815780165909
958 -0.7030157159145575 0.1048134932731937 -0.7034081566238853
959 -0.7054514795197904 0.700721663257065 -0.106430074159474
960 -0.1045148319460321 0.7032341892652213 -0.7032341892654107
961 -0.8509513603600816 0.1040152700263383 -0.5148423116864762
962 -0.5149448905766273 0.8507618347831384 -0.1050526541571094
963 -0.5141560724743649 0.1004571924922941 -0.8517933350374972
964 -0.1124398315190354 0.8482979167825098 -0.5174436478211181
965 -0.09787310037735278 0.5190706244398566 -0.8491092645037751
966 -0.855144457378291 0.5073669238075453 -0.1063332574562474
967 -0.1095758962269275 0.9494649288571431 -0.2941249255611734
968 -0.2958737272046032 0.1045148319443373 -0.9494921734557388
969 -0.9494921734552727 0.2958737272059126 -0.104514831944866
970 -0.1136615805813537 0.2975934553343167 -0.9479025163179652
971 -0.9486166422931805 0.1027457630981878 -0.2992820979106215
972 -0.2991656050014748 0.9490216879010372 -0.09928633681211026
973 -0.1338226266525101 0.1338226266533679 -0.9819282097951031
974 -0.9819282097972151 0.1338226266451912 -0.1338226266451914
975 -0.133822626644905 0.9819282097973027 -0.1338226266448346
976 -0.7826922536446087 0.1041481630325906 -0.6136334379918198
977 -0.7324593288911946 0.2075164929791128 -0.648413630842158
978 -0.6477707887392253 0.2077492085264203 -0.7329619851075553
979 -0.6722176163227875 0.3090905214020463 -0.6727455134630931
980 -0.584757250516739 0.3072061887636909 -0.7507884625867602
981 -0.6031180516159982 0.4067007366911526 -0.6861800977803101
982 -0.6870930195995345 0.4059365399620339 -0.6025933188654234
983 -0.6123834577836093 0.4998364146602675 -0.6124949462751177
984 -0.6929276656563945 0.4962789898904 -0.5230281200483817
985 -0.6134920194057299 0.5866277569203769 -0.5286732610375209
986 -0.524568184481753 0.4960759172902149 -0.6919081616184257
987 -0.7610424466084439 0.3996975518030807 -0.5109366512033144
988 -0.6934263978164069 0.5760480533589576 -0.4328145919821992
989 -0.6078737769725708 0.6644666270279904 -0.4347109071959741
990 -0.5246631746861341 0.6682698753904061 -0.5273935217406051
991 -0.5134706089994493 0.7434630462230203 -0.4284981127082381
992 -0.4278337913117596 0.7399438845941694 -0.5190773494032427
993 -0.4142049165162532 0.8090746663509435 -0.4169322143980638
994 -0.5910809972514762 0.7363280095748312 -0.3293088474422877
995 -0.436703184239348 0.6614789082429607 -0.6097015522572623
996 -0.3351345756477888 0.7287763902387883 -0.5971346491670854
997 -0.343163939123449 0.6435923915256949 -0.6841252403292211
998 -0.2273844796901542 0.7073317295930536 -0.6693116782986364
999 -0.2503079317813792 0.6133603088423748 -0.7490894945359431
1000 -0.3449369305404323 0.5502336031637627 -0.7604350701399613
1001 -0.227645793087514 0.7905322513612854 -0.5685386112193387
1002 -0.2445921862063197 0.5183967857736711 -0.8194140802709821
1003 -0.3427649577956258 0.4483469915491715 -0.8255284119133455
1004 -0.2400855397044287 0.4131485710767453 -0.8784458957967057
1005 -0.3377737097305539 0.3391102758279213 -0.878016595425605
1006 -0.4318421177306878 0.3738124596687922 -0.8208389795509485
1007 -0.4191911043084015 0.2752191919806772 -0.865178140289158
1008 -0.1041324224478281 0.782496991226882 -0.6138850847805506
1009 -0.2229233563675385 0.8603085570369203 -0.4584477766058893
1010 -0.2313380001655368 0.3019927274077738 -0.9248151827647642
1011 -0.3368982196601708 0.2175842246390131 -0.9160549627495321
1012 -0.118576275280244 0.9057020067847827 -0.4069932945967061
1013 -0.2183808993042324 0.9202207542272517 -0.3248130944227811
1014 -0.3130526612256644 0.8693862266248905 -0.3823161260716896
1015 -0.3265151505856486 0.905430692627091 -0.271262082287329
1016 -0.2223746034400103 0.9534051714686657 -0.2038826004388373
1017 -0.09628040802765568 0.6156493505127882 -0.7821163342132744
1018 -0.6144386228100202 0.7817445553332311 -0.1064923894284202
1019 -0.5571324532341839 0.8024192004106186 -0.2138383884283722
1020 -0.4446283620488273 0.8700491479329558 -0.2128851799513404
1021 -0.4944721665112192 0.8124651413872249 -0.3088651333128062
1022 -0.6559967058557711 0.7222205991813822 -0.219238974693056
1023 -0.7420878174481862 0.6386809743288722 -0.2034509381283601
1024 -0.6969000289207054 0.6446620792750865 -0.314231050717529
1025 -0.7577174961113774 0.5530111244823031 -0.346472065664064
1026 -0.813965310441531 0.5421317195680884 -0.2086951653392329
1027 -0.9065495507699239 0.104209837193392 -0.4090332771682222
1028 -0.9140746506389468 0.207886596642571 -0.3482107063196889
1029 -0.953247878660605 0.2098555158597342 -0.2174376790997861
1030 -0.9067889421945304 0.3107204795764846 -0.2849326199042221
1031 -0.8673350148828801 0.3060459457090611 -0.3925122304758928
1032 -0.8512058866034239 0.4023951508198919 -0.3369372066250857
1033 -0.8803436135079752 0.4206125691249215 -0.219271951808374
1034 -0.09788352105171526 0.4130475691912646 -0.9054338859859983
1035 -0.4082643956185616 0.9071262751634839 -0.1021866144768172
1036 -0.4068765549736003 0.101412567451178 -0.9078364170795171
1037 -0.325797844997128 0.80407185204323 -0.4973170225791567
1038 -0.6130267144458985 0.1039661040480863 -0.7831917367954858
1039 -0.8660564726158154 0.2051888246693079 -0.4558988182383007
1040 -0.7514149889765968 0.3063218977715688 -0.5844162979306151
1041 -0.5289344695291246 0.5858863532139684 -0.6139751689291518
1042 -0.7729364069280198 0.4781366828628643 -0.417078677644997
1043 -0.5558432968223289 0.2016029416414763 -0.8064703858786063
1044 -0.8057454643037397 0.2049041590575789 -0.5556874412426982
1045 -0.4383767475115378 0.574468664717053 -0.6912391630249343
1046 -0.9101922905081682 0.4011843724285631 -0.1029616123542863
1047 -0.785718363851124 0.6099678839285613 -0.1028874787465697
1048 -0.4344082682372227 0.4781309457385277 -0.7633349561066348
1049 -0.2095767514356235 0.1938082016452567 -0.9583923863599515
1050 -0.8167612851234155 0.3021439713562266 -0.4915384254528172
1051 -0.5166443084359889 0.399534406750785 -0.7572654200364605
1052 -0.4008447808207142 0.8578713674984205 -0.3215278813962854
1053 -0.8177639884357478 0.3841947407491297 -0.4285515842910478
1054 -0.5022161328212656 0.2978732489613955 -0.8118192431121816
1055 -0.3503710523165263 0.919766447112915 -0.1768327132175926
1056 -0.9271435149191488 0.3218448827534642 -0.1918873997655261
1057 -0.4579687481442358 0.1915549700737829 -0.8680848571212573
1058 -0.08585802629124123 0.9737841149429449 -0.2106487522065067
1059 -0.9737841148657479 0.08585802602318424 -0.2106487526726281
1060 -0.9737841147775511 0.2106487532051932 -0.08585802571687041
1061 -0.2106487526706399 0.9737841148661647 -0.08585802602333593
1062 -0.2106487526314335 0.08585802604501609 -0.9737841148727342
1063 -0.08585802650933134 0.2106487518258388 -0.973784115006062
1064 -0.8147094711663501 0.4955520095118334 -0.301125693790201
1065 -0.1762659710656249 0.5712676937714196 -0.8016130796695972
1066 -0.1699656622927009 0.6476258008501562 -0.7427600525840072
1067 -0.06650761814295818 0.06681196524393683 -0.9955465323274414
1068 -0.9955465323234195 0.06681196523274792 -0.0665076182144007
1069 -0.06650761806817319 0.9955465323321414 -0.06681196524834737
1070 -0.17587632129065 0.4711262996867282 -0.8643538218535042
1071 -0.7641006224655629 0.5868172104588325 -0.26794738337415
1072 -0.1753115832042653 0.3652336021373596 -0.9142594077526262
$EndNodes
$Elements
2140
1 2 2 1 14 197 229 203
2 2 2 1 14 152 191 201
3 2 2 1 14 191 194 201
4 2 2 1 14 161 203 229
5 2 2 1 14 216 217 215
6 2 2 1 14 154 194 202
7 2 2 1 14 154 201 194
8 2 2 1 14 215 217 218
9 2 2 1 14 187 214 211
10 2 2 1 14 202 206 205
11 2 2 1 14 202 207 206
12 2 2 1 14 57 58 205
13 2 2 1 14 161 242 203
14 2 2 1 14 187 211 213
15 2 2 1 14 184 213 186
16 2 2 1 14 164 209 255
17 2 2 1 14 159 239 218
18 2 2 1 14 204 230 251
19 2 2 1 14 242 161 254
20 2 2 1 14 164 206 209
21 2 2 1 14 215 218 239
22 2 2 1 14 153 210 214
23 2 2 1 14 163 230 204
24 2 2 1 14 210 211 214
25 2 2 1 14 184 187 213
26 2 2 1 14 208 246 212
27 2 2 1 14 58 154 205
28 2 2 1 14 57 205 164
29 2 2 1 14 214 216 215
30 2 2 1 14 236 247 251
31 2 2 1 14 181 216 182
32 2 2 1 14 208 212 250
33 2 2 1 14 159 218 220
34 2 2 1 14 200 204 251
35 2 2 1 14 202 231 207
36 2 2 1 14 186 207 231
37 2 2 1 14 200 251 247
38 2 2 1 14 153 214 215
39 2 2 1 14 166 255 209
40 2 2 1 14 182 216 187
41 2 2 1 14 181 217 216
42 2 2 1 14 154 202 205
43 2 2 1 14 159 220 237
44 2 2 1 14 219 235 222
45 2 2 1 14 187 216 214
46 2 2 1 14 217 219 218
47 2 2 1 14 194 231 202
48 2 2 1 14 180 222 235
49 2 2 1 14 217 235 219
50 2 2 1 14 180 225 222
51 2 2 1 14 152 263 191
52 2 2 1 14 162 252 224
53 2 2 1 14 197 262 229
54 2 2 1 14 162 224 249
55 2 2 1 14 218 219 220
56 2 2 1 14 186 213 246
57 2 2 1 14 163 204 242
58 2 2 1 14 164 205 206
59 2 2 1 14 206 207 208
60 2 2 1 14 157 211 210
61 2 2 1 14 219 221 220
62 2 2 1 14 118 155 230
63 2 2 1 14 63 229 158
64 2 2 1 14 55 255 166
65 2 2 1 14 54 166 253
66 2 2 1 14 43 257 168
67 2 2 1 14 115 256 167
68 2 2 1 14 66 167 254
69 2 2 1 14 206 208 209
70 2 2 1 14 157 212 211
71 2 2 1 14 219 222 221
72 2 2 1 14 211 212 213
73 2 2 1 14 221 222 223
74 2 2 1 14 221 223 224
75 2 2 1 14 222 225 223
76 2 2 1 14 120 121 151
77 2 2 1 14 122 123 156
78 2 2 1 14 198 203 204
79 2 2 1 14 52 53 160
80 2 2 1 14 64 65 161
81 2 2 1 14 118 119 155
82 2 2 1 14 124 125 162
83 2 2 1 14 51 226 157
84 2 2 1 14 198 200 199
85 2 2 1 14 196 197 198
86 2 2 1 14 50 51 157
87 2 2 1 14 196 198 199
88 2 2 1 14 62 63 158
89 2 2 1 14 195 197 196
90 2 2 1 14 58 59 154
91 2 2 1 14 46 47 159
92 2 2 1 14 48 49 153
93 2 2 1 14 197 203 198
94 2 2 1 14 193 195 196
95 2 2 1 14 116 117 163
96 2 2 1 14 56 57 164
97 2 2 1 14 44 45 165
98 2 2 1 14 190 192 193
99 2 2 1 14 190 191 192
100 2 2 1 14 60 61 152
101 2 2 1 14 189 191 190
102 2 2 1 14 192 195 193
103 2 2 1 14 188 189 190
104 2 2 1 14 59 201 154
105 2 2 1 14 189 194 191
106 2 2 1 14 185 189 188
107 2 2 1 14 183 185 188
108 2 2 1 14 184 186 185
109 2 2 1 14 184 185 183
110 2 2 1 14 184 182 187
111 2 2 1 14 182 184 183
112 2 2 1 14 178 182 183
113 2 2 1 14 178 181 182
114 2 2 1 14 177 181 178
115 2 2 1 14 176 177 178
116 2 2 1 14 175 180 177
117 2 2 1 14 175 177 176
118 2 2 1 14 174 176 179
119 2 2 1 14 174 175 176
120 2 2 1 14 172 175 174
121 2 2 1 14 172 174 173
122 2 2 1 14 171 172 173
123 2 2 1 14 170 172 171
124 2 2 1 14 50 157 210
125 2 2 1 14 62 158 228
126 2 2 1 14 122 156 169
127 2 2 1 14 157 226 212
128 2 2 1 14 151 170 171
129 2 2 1 14 51 52 226
130 2 2 1 14 59 60 201
131 2 2 1 14 124 162 227
132 2 2 1 14 177 235 181
133 2 2 1 14 198 204 200
134 2 2 1 14 181 235 217
135 2 2 1 14 176 234 179
136 2 2 1 14 170 233 172
137 2 2 1 14 123 124 227
138 2 2 1 14 151 171 232
139 2 2 1 14 119 232 155
140 2 2 1 14 120 151 232
141 2 2 1 14 123 227 156
142 2 2 1 14 177 180 235
143 2 2 1 14 172 233 175
144 2 2 1 14 176 178 234
145 2 2 1 14 52 160 226
146 2 2 1 14 60 152 201
147 2 2 1 14 189 231 194
148 2 2 1 14 153 215 239
149 2 2 1 14 119 120 232
150 2 2 1 14 121 122 169
151 2 2 1 14 61 62 228
152 2 2 1 14 49 50 210
153 2 2 1 14 185 231 189
154 2 2 1 14 151 169 170
155 2 2 1 14 185 186 231
156 2 2 1 14 63 64 229
157 2 2 1 14 117 118 230
158 2 2 1 14 175 233 180
159 2 2 1 14 178 183 234
160 2 2 1 14 121 169 151
161 2 2 1 14 61 228 152
162 2 2 1 14 49 210 153
163 2 2 1 14 183 188 234
164 2 2 1 14 46 159 237
165 2 2 1 14 45 237 165
166 2 2 1 14 193 240 238
167 2 2 1 14 55 166 260
168 2 2 1 14 115 167 261
169 2 2 1 14 171 236 232
170 2 2 1 14 171 173 236
171 2 2 1 14 180 233 225
172 2 2 1 14 64 161 229
173 2 2 1 14 117 230 163
174 2 2 1 14 165 237 245
175 2 2 1 14 212 246 213
176 2 2 1 14 220 245 237
177 2 2 1 14 43 168 259
178 2 2 1 14 66 261 167
179 2 2 1 14 54 260 166
180 2 2 1 14 190 193 238
181 2 2 1 14 179 234 238
182 2 2 1 14 47 239 159
183 2 2 1 14 48 153 239
184 2 2 1 14 155 232 236
185 2 2 1 14 242 254 167
186 2 2 1 14 196 199 240
187 2 2 1 14 170 241 233
188 2 2 1 14 45 46 237
189 2 2 1 14 179 238 240
190 2 2 1 14 188 238 234
191 2 2 1 14 160 209 250
192 2 2 1 14 188 190 238
193 2 2 1 14 156 241 169
194 2 2 1 14 203 242 204
195 2 2 1 14 221 224 245
196 2 2 1 14 225 233 241
197 2 2 1 14 47 48 239
198 2 2 1 14 193 196 240
199 2 2 1 14 208 250 209
200 2 2 1 14 166 209 253
201 2 2 1 14 173 174 244
202 2 2 1 14 169 241 170
203 2 2 1 14 160 253 209
204 2 2 1 14 173 244 247
205 2 2 1 14 223 225 243
206 2 2 1 14 125 264 162
207 2 2 1 14 65 66 254
208 2 2 1 14 115 116 256
209 2 2 1 14 43 44 257
210 2 2 1 14 53 54 253
211 2 2 1 14 55 56 255
212 2 2 1 14 220 221 245
213 2 2 1 14 212 226 250
214 2 2 1 14 186 246 207
215 2 2 1 14 174 179 244
216 2 2 1 14 199 244 240
217 2 2 1 14 155 236 251
218 2 2 1 14 227 249 243
219 2 2 1 14 241 243 225
220 2 2 1 14 199 247 244
221 2 2 1 14 156 227 243
222 2 2 1 14 162 264 252
223 2 2 1 14 223 243 249
224 2 2 1 14 207 246 208
225 2 2 1 14 179 240 244
226 2 2 1 14 158 229 262
227 2 2 1 14 191 263 192
228 2 2 1 14 158 258 228
229 2 2 1 14 162 249 227
230 2 2 1 14 173 247 236
231 2 2 1 14 158 262 258
232 2 2 1 14 156 243 241
233 2 2 1 14 199 200 247
234 2 2 1 14 224 248 245
235 2 2 1 14 168 257 248
236 2 2 1 14 223 249 224
237 2 2 1 14 242 256 163
238 2 2 1 14 3 43 259
239 2 2 1 14 2 261 66
240 2 2 1 14 1 260 54
241 2 2 1 14 155 251 230
242 2 2 1 14 3 259 126
243 2 2 1 14 2 115 261
244 2 2 1 14 1 55 260
245 2 2 1 14 160 250 226
246 2 2 1 14 65 254 161
247 2 2 1 14 116 163 256
248 2 2 1 14 44 165 257
249 2 2 1 14 53 253 160
250 2 2 1 14 56 164 255
251 2 2 1 14 192 258 195
252 2 2 1 14 195 262 197
253 2 2 1 14 125 126 264
254 2 2 1 14 168 248 252
255 2 2 1 14 195 258 262
256 2 2 1 14 242 167 256
257 2 2 1 14 152 228 263
258 2 2 1 14 165 245 248
259 2 2 1 14 224 252 248
260 2 2 1 14 165 248 257
261 2 2 1 14 168 264 259
262 2 2 1 14 126 259 264
263 2 2 1 14 168 252 264
264 2 2 1 14 192 263 258
265 2 2 1 14 228 258 263
266 2 2 1 16 316 311 343
267 2 2 1 16 333 337 357
268 2 2 1 16 308 268 344
269 2 2 1 16 272 357 337
270 2 2 1 16 316 343 278
271 2 2 1 16 338 370 363
272 2 2 1 16 338 275 370
273 2 2 1 16 329 295 330
274 2 2 1 16 330 295 331
275 2 2 1 16 328 268 358
276 2 2 1 16 308 358 268
277 2 2 1 16 294 331 291
278 2 2 1 16 328 356 268
279 2 2 1 16 316 278 318
280 2 2 1 16 320 322 301
281 2 2 1 16 295 329 296
282 2 2 1 16 332 334 333
283 2 2 1 16 320 301 323
284 2 2 1 16 295 291 331
285 2 2 1 16 337 361 360
286 2 2 1 16 277 360 361
287 2 2 1 16 331 332 333
288 2 2 1 16 331 294 332
289 2 2 1 16 318 278 367
290 2 2 1 16 301 322 298
291 2 2 1 16 354 369 372
292 2 2 1 16 282 369 354
293 2 2 1 16 315 276 317
294 2 2 1 16 301 296 329
295 2 2 1 16 300 298 322
296 2 2 1 16 319 320 323
297 2 2 1 16 319 323 267
298 2 2 1 16 332 294 336
299 2 2 1 16 294 339 336
300 2 2 1 16 328 279 356
301 2 2 1 16 315 318 276
302 2 2 1 16 343 311 380
303 2 2 1 16 344 376 308
304 2 2 1 16 331 333 330
305 2 2 1 16 328 372 279
306 2 2 1 16 333 334 337
307 2 2 1 16 332 335 334
308 2 2 1 16 330 333 357
309 2 2 1 16 322 325 300
310 2 2 1 16 323 301 329
311 2 2 1 16 294 289 339
312 2 2 1 16 323 324 267
313 2 2 1 16 300 325 326
314 2 2 1 16 272 337 360
315 2 2 1 16 286 339 289
316 2 2 1 16 265 285 345
317 2 2 1 16 334 335 338
318 2 2 1 16 332 336 335
319 2 2 1 16 321 271 342
320 2 2 1 16 323 329 324
321 2 2 1 16 326 325 327
322 2 2 1 16 345 285 347
323 2 2 1 16 319 271 320
324 2 2 1 16 15 342 271
325 2 2 1 16 111 343 273
326 2 2 1 16 103 369 282
327 2 2 1 16 114 281 367
328 2 2 1 16 18 282 366
329 2 2 1 16 66 368 281
330 2 2 1 16 55 280 370
331 2 2 1 16 317 276 374
332 2 2 1 16 329 330 324
333 2 2 1 16 326 327 328
334 2 2 1 16 108 266 344
335 2 2 1 16 61 265 345
336 2 2 1 16 320 271 321
337 2 2 1 16 321 322 320
338 2 2 1 16 321 325 322
339 2 2 1 16 60 265 61
340 2 2 1 16 306 309 307
341 2 2 1 16 309 310 307
342 2 2 1 16 58 270 59
343 2 2 1 16 314 312 315
344 2 2 1 16 62 269 63
345 2 2 1 16 314 315 317
346 2 2 1 16 16 17 274
347 2 2 1 16 305 303 308
348 2 2 1 16 310 309 311
349 2 2 1 16 14 15 271
350 2 2 1 16 64 276 65
351 2 2 1 16 112 113 278
352 2 2 1 16 312 313 310
353 2 2 1 16 110 111 273
354 2 2 1 16 56 275 57
355 2 2 1 16 8 9 277
356 2 2 1 16 310 311 312
357 2 2 1 16 313 312 314
358 2 2 1 16 10 11 272
359 2 2 1 16 106 107 268
360 2 2 1 16 12 13 267
361 2 2 1 16 104 105 279
362 2 2 1 16 306 307 304
363 2 2 1 16 312 311 316
364 2 2 1 16 302 303 304
365 2 2 1 16 108 109 266
366 2 2 1 16 305 306 304
367 2 2 1 16 304 303 305
368 2 2 1 16 302 299 303
369 2 2 1 16 297 299 302
370 2 2 1 16 298 300 299
371 2 2 1 16 297 298 299
372 2 2 1 16 298 296 301
373 2 2 1 16 297 296 298
374 2 2 1 16 292 296 297
375 2 2 1 16 295 296 292
376 2 2 1 16 291 295 292
377 2 2 1 16 291 289 294
378 2 2 1 16 290 291 292
379 2 2 1 16 290 289 291
380 2 2 1 16 290 293 288
381 2 2 1 16 288 289 290
382 2 2 1 16 286 289 288
383 2 2 1 16 286 288 287
384 2 2 1 16 285 286 287
385 2 2 1 16 285 284 286
386 2 2 1 16 14 271 319
387 2 2 1 16 110 273 341
388 2 2 1 16 321 342 349
389 2 2 1 16 265 284 285
390 2 2 1 16 7 371 280
391 2 2 1 16 285 287 347
392 2 2 1 16 265 283 284
393 2 2 1 16 280 363 370
394 2 2 1 16 327 325 349
395 2 2 1 16 315 312 316
396 2 2 1 16 321 349 325
397 2 2 1 16 290 292 346
398 2 2 1 16 316 318 315
399 2 2 1 16 290 346 293
400 2 2 1 16 297 346 292
401 2 2 1 16 109 110 341
402 2 2 1 16 13 14 319
403 2 2 1 16 304 307 348
404 2 2 1 16 58 340 270
405 2 2 1 16 57 275 340
406 2 2 1 16 304 348 302
407 2 2 1 16 61 345 62
408 2 2 1 16 107 108 344
409 2 2 1 16 302 346 297
410 2 2 1 16 111 112 343
411 2 2 1 16 15 16 342
412 2 2 1 16 60 283 265
413 2 2 1 16 59 270 283
414 2 2 1 16 109 341 266
415 2 2 1 16 13 319 267
416 2 2 1 16 57 340 58
417 2 2 1 16 62 345 269
418 2 2 1 16 107 344 268
419 2 2 1 16 103 282 379
420 2 2 1 16 55 377 280
421 2 2 1 16 114 378 281
422 2 2 1 16 324 351 267
423 2 2 1 16 302 348 346
424 2 2 1 16 345 347 269
425 2 2 1 16 112 278 343
426 2 2 1 16 16 274 342
427 2 2 1 16 286 284 339
428 2 2 1 16 59 283 60
429 2 2 1 16 300 350 299
430 2 2 1 16 308 303 350
431 2 2 1 16 66 281 378
432 2 2 1 16 7 280 377
433 2 2 1 16 18 379 282
434 2 2 1 16 11 351 272
435 2 2 1 16 12 267 351
436 2 2 1 16 326 350 300
437 2 2 1 16 313 352 310
438 2 2 1 16 342 274 349
439 2 2 1 16 307 352 348
440 2 2 1 16 303 299 350
441 2 2 1 16 339 353 336
442 2 2 1 16 293 346 348
443 2 2 1 16 105 356 279
444 2 2 1 16 106 268 356
445 2 2 1 16 11 12 351
446 2 2 1 16 310 352 307
447 2 2 1 16 287 288 355
448 2 2 1 16 318 367 281
449 2 2 1 16 317 374 269
450 2 2 1 16 10 272 360
451 2 2 1 16 9 360 277
452 2 2 1 16 327 349 354
453 2 2 1 16 63 269 374
454 2 2 1 16 283 353 284
455 2 2 1 16 287 355 362
456 2 2 1 16 293 348 352
457 2 2 1 16 283 270 353
458 2 2 1 16 338 364 275
459 2 2 1 16 55 370 56
460 2 2 1 16 65 368 66
461 2 2 1 16 17 18 366
462 2 2 1 16 113 114 367
463 2 2 1 16 103 104 369
464 2 2 1 16 7 8 371
465 2 2 1 16 336 353 359
466 2 2 1 16 305 375 306
467 2 2 1 16 274 354 349
468 2 2 1 16 305 376 375
469 2 2 1 16 282 354 366
470 2 2 1 16 270 359 353
471 2 2 1 16 339 284 353
472 2 2 1 16 343 380 273
473 2 2 1 16 64 374 276
474 2 2 1 16 327 372 328
475 2 2 1 16 341 273 373
476 2 2 1 16 305 308 376
477 2 2 1 16 272 351 357
478 2 2 1 16 308 350 358
479 2 2 1 16 293 355 288
480 2 2 1 16 273 380 373
481 2 2 1 16 105 106 356
482 2 2 1 16 334 361 337
483 2 2 1 16 313 355 352
484 2 2 1 16 324 330 357
485 2 2 1 16 313 362 355
486 2 2 1 16 326 328 358
487 2 2 1 16 324 357 351
488 2 2 1 16 335 336 359
489 2 2 1 16 279 372 369
490 2 2 1 16 326 358 350
491 2 2 1 16 9 10 360
492 2 2 1 16 293 352 355
493 2 2 1 16 340 359 270
494 2 2 1 16 287 362 347
495 2 2 1 16 318 368 276
496 2 2 1 16 338 361 334
497 2 2 1 16 274 366 354
498 2 2 1 16 313 314 362
499 2 2 1 16 340 364 359
500 2 2 1 16 347 362 365
501 2 2 1 16 340 275 364
502 2 2 1 16 335 359 364
503 2 2 1 16 317 269 365
504 2 2 1 16 2 66 378
505 2 2 1 16 7 377 1
506 2 2 1 16 6 379 18
507 2 2 1 16 338 335 364
508 2 2 1 16 314 365 362
509 2 2 1 16 2 378 114
510 2 2 1 16 1 377 55
511 2 2 1 16 6 103 379
512 2 2 1 16 314 317 365
513 2 2 1 16 266 376 344
514 2 2 1 16 8 277 371
515 2 2 1 16 56 370 275
516 2 2 1 16 65 276 368
517 2 2 1 16 17 366 274
518 2 2 1 16 113 367 278
519 2 2 1 16 104 279 369
520 2 2 1 16 306 373 309
521 2 2 1 16 266 375 376
522 2 2 1 16 63 374 64
523 2 2 1 16 309 380 311
524 2 2 1 16 318 281 368
525 2 2 1 16 309 373 380
526 2 2 1 16 266 341 375
527 2 2 1 16 269 347 365
528 2 2 1 16 277 361 363
529 2 2 1 16 327 354 372
530 2 2 1 16 338 363 361
531 2 2 1 16 277 363 371
532 2 2 1 16 280 371 363
533 2 2 1 16 306 375 373
534 2 2 1 16 341 373 375
535 2 2 1 18 383 451 437
536 2 2 1 18 471 481 454
537 2 2 1 18 440 432 441
538 2 2 1 18 436 432 440
539 2 2 1 18 454 395 471
540 2 2 1 18 146 147 449
541 2 2 1 18 436 440 382
542 2 2 1 18 419 418 452
543 2 2 1 18 436 382 448
544 2 2 1 18 451 452 437
545 2 2 1 18 441 432 460
546 2 2 1 18 383 437 491
547 2 2 1 18 442 447 386
548 2 2 1 18 471 445 481
549 2 2 1 18 147 389 449
550 2 2 1 18 439 459 384
551 2 2 1 18 439 384 460
552 2 2 1 18 441 460 384
553 2 2 1 18 439 473 459
554 2 2 1 18 419 452 443
555 2 2 1 18 146 449 382
556 2 2 1 18 442 444 447
557 2 2 1 18 391 459 473
558 2 2 1 18 418 437 452
559 2 2 1 18 446 393 477
560 2 2 1 18 450 445 478
561 2 2 1 18 393 485 477
562 2 2 1 18 421 423 460
563 2 2 1 18 438 491 437
564 2 2 1 18 388 443 452
565 2 2 1 18 390 479 480
566 2 2 1 18 450 481 445
567 2 2 1 18 392 444 471
568 2 2 1 18 388 453 443
569 2 2 1 18 9 453 10
570 2 2 1 18 392 447 444
571 2 2 1 18 421 460 432
572 2 2 1 18 435 480 479
573 2 2 1 18 389 450 449
574 2 2 1 18 10 453 388
575 2 2 1 18 448 426 464
576 2 2 1 18 439 460 423
577 2 2 1 18 442 386 472
578 2 2 1 18 399 475 474
579 2 2 1 18 448 464 436
580 2 2 1 18 395 470 471
581 2 2 1 18 444 445 471
582 2 2 1 18 9 394 453
583 2 2 1 18 400 458 381
584 2 2 1 18 400 466 458
585 2 2 1 18 148 454 389
586 2 2 1 18 99 385 456
587 2 2 1 18 139 486 396
588 2 2 1 18 102 487 397
589 2 2 1 18 91 396 485
590 2 2 1 18 7 397 488
591 2 2 1 18 13 383 457
592 2 2 1 18 97 381 458
593 2 2 1 18 12 383 13
594 2 2 1 18 429 439 423
595 2 2 1 18 145 382 440
596 2 2 1 18 435 430 465
597 2 2 1 18 100 390 101
598 2 2 1 18 145 146 382
599 2 2 1 18 428 444 442
600 2 2 1 18 428 445 444
601 2 2 1 18 14 386 15
602 2 2 1 18 96 381 97
603 2 2 1 18 10 388 11
604 2 2 1 18 16 392 17
605 2 2 1 18 424 429 423
606 2 2 1 18 429 424 433
607 2 2 1 18 429 433 446
608 2 2 1 18 422 424 423
609 2 2 1 18 94 387 95
610 2 2 1 18 149 150 395
611 2 2 1 18 98 385 99
612 2 2 1 18 147 148 389
613 2 2 1 18 92 393 93
614 2 2 1 18 140 141 391
615 2 2 1 18 433 424 434
616 2 2 1 18 142 143 384
617 2 2 1 18 421 422 423
618 2 2 1 18 8 394 9
619 2 2 1 18 16 447 392
620 2 2 1 18 431 430 435
621 2 2 1 18 427 416 428
622 2 2 1 18 428 442 427
623 2 2 1 18 413 422 421
624 2 2 1 18 417 432 436
625 2 2 1 18 417 421 432
626 2 2 1 18 414 426 416
627 2 2 1 18 415 416 427
628 2 2 1 18 430 431 420
629 2 2 1 18 419 443 430
630 2 2 1 18 417 413 421
631 2 2 1 18 419 430 420
632 2 2 1 18 414 416 415
633 2 2 1 18 425 438 437
634 2 2 1 18 412 413 417
635 2 2 1 18 425 437 418
636 2 2 1 18 419 420 411
637 2 2 1 18 414 415 409
638 2 2 1 18 412 408 413
639 2 2 1 18 418 419 411
640 2 2 1 18 410 425 418
641 2 2 1 18 412 414 409
642 2 2 1 18 410 418 411
643 2 2 1 18 409 408 412
644 2 2 1 18 410 411 406
645 2 2 1 18 407 408 409
646 2 2 1 18 407 405 408
647 2 2 1 18 407 410 406
648 2 2 1 18 406 405 407
649 2 2 1 18 403 405 406
650 2 2 1 18 404 405 403
651 2 2 1 18 403 401 404
652 2 2 1 18 401 403 402
653 2 2 1 18 400 401 402
654 2 2 1 18 400 399 401
655 2 2 1 18 399 400 381
656 2 2 1 18 403 406 462
657 2 2 1 18 144 145 440
658 2 2 1 18 15 447 16
659 2 2 1 18 400 402 466
660 2 2 1 18 426 414 464
661 2 2 1 18 451 388 452
662 2 2 1 18 398 399 381
663 2 2 1 18 144 440 441
664 2 2 1 18 415 463 409
665 2 2 1 18 404 461 405
666 2 2 1 18 448 382 449
667 2 2 1 18 443 465 430
668 2 2 1 18 143 144 441
669 2 2 1 18 403 462 402
670 2 2 1 18 406 411 462
671 2 2 1 18 141 459 391
672 2 2 1 18 142 384 459
673 2 2 1 18 412 464 414
674 2 2 1 18 407 409 463
675 2 2 1 18 408 405 461
676 2 2 1 18 15 386 447
677 2 2 1 18 141 142 459
678 2 2 1 18 94 455 387
679 2 2 1 18 93 393 455
680 2 2 1 18 397 484 488
681 2 2 1 18 97 458 98
682 2 2 1 18 13 457 14
683 2 2 1 18 99 456 100
684 2 2 1 18 143 441 384
685 2 2 1 18 148 149 454
686 2 2 1 18 96 398 381
687 2 2 1 18 95 387 398
688 2 2 1 18 12 451 383
689 2 2 1 18 11 388 451
690 2 2 1 18 410 407 463
691 2 2 1 18 413 408 461
692 2 2 1 18 412 417 464
693 2 2 1 18 411 420 462
694 2 2 1 18 426 494 478
695 2 2 1 18 93 455 94
696 2 2 1 18 413 461 422
697 2 2 1 18 410 463 425
698 2 2 1 18 417 436 464
699 2 2 1 18 98 458 385
700 2 2 1 18 14 457 386
701 2 2 1 18 102 397 492
702 2 2 1 18 139 396 493
703 2 2 1 18 397 480 484
704 2 2 1 18 385 458 466
705 2 2 1 18 100 456 390
706 2 2 1 18 434 424 468
707 2 2 1 18 149 395 454
708 2 2 1 18 95 398 96
709 2 2 1 18 11 451 12
710 2 2 1 18 415 469 463
711 2 2 1 18 91 493 396
712 2 2 1 18 7 492 397
713 2 2 1 18 434 474 475
714 2 2 1 18 404 468 461
715 2 2 1 18 17 470 18
716 2 2 1 18 422 461 468
717 2 2 1 18 427 469 415
718 2 2 1 18 431 467 420
719 2 2 1 18 424 422 468
720 2 2 1 18 420 467 462
721 2 2 1 18 425 463 469
722 2 2 1 18 401 399 474
723 2 2 1 18 402 462 467
724 2 2 1 18 439 429 473
725 2 2 1 18 456 385 476
726 2 2 1 18 438 425 469
727 2 2 1 18 402 467 466
728 2 2 1 18 450 478 494
729 2 2 1 18 472 491 438
730 2 2 1 18 17 392 470
731 2 2 1 18 453 465 443
732 2 2 1 18 387 455 482
733 2 2 1 18 426 478 416
734 2 2 1 18 428 478 445
735 2 2 1 18 391 473 477
736 2 2 1 18 6 483 150
737 2 2 1 18 404 401 474
738 2 2 1 18 434 468 474
739 2 2 1 18 446 473 429
740 2 2 1 18 398 475 399
741 2 2 1 18 7 488 8
742 2 2 1 18 91 485 92
743 2 2 1 18 101 487 102
744 2 2 1 18 139 140 486
745 2 2 1 18 392 471 470
746 2 2 1 18 404 474 468
747 2 2 1 18 446 489 393
748 2 2 1 18 431 476 467
749 2 2 1 18 386 457 472
750 2 2 1 18 466 467 476
751 2 2 1 18 442 490 427
752 2 2 1 18 398 387 475
753 2 2 1 18 472 438 490
754 2 2 1 18 455 489 482
755 2 2 1 18 6 18 483
756 2 2 1 18 385 466 476
757 2 2 1 18 456 476 479
758 2 2 1 18 391 477 486
759 2 2 1 18 390 456 479
760 2 2 1 18 472 490 442
761 2 2 1 18 453 394 465
762 2 2 1 18 389 481 450
763 2 2 1 18 472 457 491
764 2 2 1 18 393 489 455
765 2 2 1 18 396 477 485
766 2 2 1 18 389 454 481
767 2 2 1 18 428 416 478
768 2 2 1 18 431 435 479
769 2 2 1 18 433 434 482
770 2 2 1 18 431 479 476
771 2 2 1 18 150 483 395
772 2 2 1 18 446 477 473
773 2 2 1 18 450 494 449
774 2 2 1 18 435 465 484
775 2 2 1 18 438 469 490
776 2 2 1 18 5 493 91
777 2 2 1 18 7 1 492
778 2 2 1 18 5 139 493
779 2 2 1 18 1 102 492
780 2 2 1 18 448 449 494
781 2 2 1 18 18 470 483
782 2 2 1 18 457 383 491
783 2 2 1 18 8 488 394
784 2 2 1 18 92 485 393
785 2 2 1 18 101 390 487
786 2 2 1 18 140 391 486
787 2 2 1 18 446 433 489
788 2 2 1 18 434 475 482
789 2 2 1 18 433 482 489
790 2 2 1 18 448 494 426
791 2 2 1 18 395 483 470
792 2 2 1 18 387 482 475
793 2 2 1 18 394 488 484
794 2 2 1 18 396 486 477
795 2 2 1 18 427 490 469
796 2 2 1 18 394 484 465
797 2 2 1 18 390 480 487
798 2 2 1 18 397 487 480
799 2 2 1 18 435 484 480
800 2 2 1 20 546 541 573
801 2 2 1 20 502 574 538
802 2 2 1 20 546 573 508
803 2 2 1 20 568 600 593
804 2 2 1 20 507 600 568
805 2 2 1 20 502 538 590
806 2 2 1 20 524 565 564
807 2 2 1 20 567 568 566
808 2 2 1 20 559 560 554
809 2 2 1 20 531 550 552
810 2 2 1 20 526 525 559
811 2 2 1 20 560 561 554
812 2 2 1 20 525 521 563
813 2 2 1 20 531 553 550
814 2 2 1 20 502 590 558
815 2 2 1 20 546 508 548
816 2 2 1 20 524 564 563
817 2 2 1 20 564 567 566
818 2 2 1 20 502 558 588
819 2 2 1 20 531 552 528
820 2 2 1 20 525 560 559
821 2 2 1 20 506 547 545
822 2 2 1 20 525 563 560
823 2 2 1 20 526 559 531
824 2 2 1 20 558 509 588
825 2 2 1 20 508 597 548
826 2 2 1 20 521 524 563
827 2 2 1 20 530 528 552
828 2 2 1 20 558 603 509
829 2 2 1 20 549 550 553
830 2 2 1 20 506 545 548
831 2 2 1 20 499 582 561
832 2 2 1 20 495 549 553
833 2 2 1 20 574 606 538
834 2 2 1 20 561 582 554
835 2 2 1 20 519 516 577
836 2 2 1 20 568 593 592
837 2 2 1 20 580 599 603
838 2 2 1 20 541 610 573
839 2 2 1 20 510 593 600
840 2 2 1 20 565 567 564
841 2 2 1 20 512 599 580
842 2 2 1 20 568 592 566
843 2 2 1 20 524 519 577
844 2 2 1 20 553 531 559
845 2 2 1 20 524 577 565
846 2 2 1 20 495 553 554
847 2 2 1 20 514 577 516
848 2 2 1 20 555 551 569
849 2 2 1 20 530 552 555
850 2 2 1 20 551 555 552
851 2 2 1 20 551 571 569
852 2 2 1 20 515 576 496
853 2 2 1 20 555 569 557
854 2 2 1 20 553 559 554
855 2 2 1 20 515 581 576
856 2 2 1 20 555 556 530
857 2 2 1 20 560 562 561
858 2 2 1 20 557 569 580
859 2 2 1 20 546 548 545
860 2 2 1 20 500 550 549
861 2 2 1 20 130 499 575
862 2 2 1 20 99 573 503
863 2 2 1 20 91 599 512
864 2 2 1 20 102 511 597
865 2 2 1 20 54 598 511
866 2 2 1 20 43 510 600
867 2 2 1 20 138 512 596
868 2 2 1 20 506 602 547
869 2 2 1 20 555 557 556
870 2 2 1 20 562 560 563
871 2 2 1 20 504 569 571
872 2 2 1 20 49 496 576
873 2 2 1 20 500 551 550
874 2 2 1 20 556 557 558
875 2 2 1 20 562 563 564
876 2 2 1 20 551 552 550
877 2 2 1 20 562 564 566
878 2 2 1 20 48 496 49
879 2 2 1 20 533 538 535
880 2 2 1 20 533 535 534
881 2 2 1 20 50 498 51
882 2 2 1 20 136 137 504
883 2 2 1 20 534 535 536
884 2 2 1 20 46 501 47
885 2 2 1 20 132 133 495
886 2 2 1 20 52 506 53
887 2 2 1 20 100 101 508
888 2 2 1 20 540 542 543
889 2 2 1 20 134 135 500
890 2 2 1 20 98 99 503
891 2 2 1 20 44 507 45
892 2 2 1 20 128 129 505
893 2 2 1 20 542 544 543
894 2 2 1 20 534 536 537
895 2 2 1 20 130 131 499
896 2 2 1 20 541 542 540
897 2 2 1 20 94 95 502
898 2 2 1 20 96 97 497
899 2 2 1 20 92 93 509
900 2 2 1 20 539 541 540
901 2 2 1 20 533 534 532
902 2 2 1 20 541 546 542
903 2 2 1 20 539 540 537
904 2 2 1 20 544 542 545
905 2 2 1 20 544 545 547
906 2 2 1 20 536 539 537
907 2 2 1 20 532 529 533
908 2 2 1 20 529 532 527
909 2 2 1 20 528 530 529
910 2 2 1 20 528 529 527
911 2 2 1 20 526 531 528
912 2 2 1 20 526 528 527
913 2 2 1 20 526 527 522
914 2 2 1 20 525 526 522
915 2 2 1 20 522 521 525
916 2 2 1 20 521 519 524
917 2 2 1 20 521 522 520
918 2 2 1 20 519 521 520
919 2 2 1 20 518 520 523
920 2 2 1 20 518 519 520
921 2 2 1 20 518 516 519
922 2 2 1 20 517 516 518
923 2 2 1 20 515 516 517
924 2 2 1 20 515 514 516
925 2 2 1 20 507 568 595
926 2 2 1 20 134 500 549
927 2 2 1 20 98 503 570
928 2 2 1 20 514 515 496
929 2 2 1 20 517 581 515
930 2 2 1 20 496 513 514
931 2 2 1 20 136 504 571
932 2 2 1 20 551 500 571
933 2 2 1 20 542 546 545
934 2 2 1 20 135 136 571
935 2 2 1 20 534 579 532
936 2 2 1 20 135 571 500
937 2 2 1 20 534 537 579
938 2 2 1 20 97 98 570
939 2 2 1 20 133 134 549
940 2 2 1 20 523 520 578
941 2 2 1 20 45 507 572
942 2 2 1 20 46 572 501
943 2 2 1 20 49 576 50
944 2 2 1 20 522 578 520
945 2 2 1 20 532 578 527
946 2 2 1 20 522 527 578
947 2 2 1 20 99 100 573
948 2 2 1 20 129 130 575
949 2 2 1 20 532 579 578
950 2 2 1 20 48 513 496
951 2 2 1 20 47 501 513
952 2 2 1 20 95 574 502
953 2 2 1 20 96 497 574
954 2 2 1 20 97 570 497
955 2 2 1 20 133 549 495
956 2 2 1 20 504 580 569
957 2 2 1 20 45 572 46
958 2 2 1 20 50 576 498
959 2 2 1 20 102 608 511
960 2 2 1 20 138 609 512
961 2 2 1 20 495 554 582
962 2 2 1 20 498 576 581
963 2 2 1 20 100 508 573
964 2 2 1 20 129 575 505
965 2 2 1 20 47 513 48
966 2 2 1 20 95 96 574
967 2 2 1 20 565 577 585
968 2 2 1 20 91 512 609
969 2 2 1 20 54 511 608
970 2 2 1 20 43 607 510
971 2 2 1 20 131 582 499
972 2 2 1 20 132 495 582
973 2 2 1 20 540 543 583
974 2 2 1 20 530 584 529
975 2 2 1 20 533 584 538
976 2 2 1 20 579 537 583
977 2 2 1 20 530 556 584
978 2 2 1 20 505 592 593
979 2 2 1 20 523 578 579
980 2 2 1 20 562 566 586
981 2 2 1 20 565 585 589
982 2 2 1 20 93 588 509
983 2 2 1 20 94 502 588
984 2 2 1 20 131 132 582
985 2 2 1 20 540 583 537
986 2 2 1 20 517 518 587
987 2 2 1 20 498 547 602
988 2 2 1 20 533 529 584
989 2 2 1 20 51 498 602
990 2 2 1 20 514 513 585
991 2 2 1 20 523 579 583
992 2 2 1 20 517 587 591
993 2 2 1 20 514 585 577
994 2 2 1 20 43 600 44
995 2 2 1 20 137 138 596
996 2 2 1 20 53 598 54
997 2 2 1 20 101 102 597
998 2 2 1 20 91 92 599
999 2 2 1 20 567 595 568
1000 2 2 1 20 501 585 513
1001 2 2 1 20 557 603 558
1002 2 2 1 20 499 561 586
1003 2 2 1 20 499 586 575
1004 2 2 1 20 562 586 561
1005 2 2 1 20 509 603 599
1006 2 2 1 20 127 605 607
1007 2 2 1 20 536 535 604
1008 2 2 1 20 535 606 604
1009 2 2 1 20 503 573 610
1010 2 2 1 20 52 602 506
1011 2 2 1 20 548 597 511
1012 2 2 1 20 503 601 570
1013 2 2 1 20 535 538 606
1014 2 2 1 20 523 587 518
1015 2 2 1 20 510 607 605
1016 2 2 1 20 503 610 601
1017 2 2 1 20 543 587 583
1018 2 2 1 20 501 589 585
1019 2 2 1 20 93 94 588
1020 2 2 1 20 567 565 589
1021 2 2 1 20 538 584 590
1022 2 2 1 20 543 591 587
1023 2 2 1 20 512 580 596
1024 2 2 1 20 504 596 580
1025 2 2 1 20 501 572 589
1026 2 2 1 20 506 548 598
1027 2 2 1 20 523 583 587
1028 2 2 1 20 566 592 586
1029 2 2 1 20 556 558 590
1030 2 2 1 20 517 591 581
1031 2 2 1 20 127 128 605
1032 2 2 1 20 556 590 584
1033 2 2 1 20 572 595 589
1034 2 2 1 20 544 591 543
1035 2 2 1 20 567 589 595
1036 2 2 1 20 581 591 594
1037 2 2 1 20 498 594 547
1038 2 2 1 20 5 91 609
1039 2 2 1 20 1 54 608
1040 2 2 1 20 3 607 43
1041 2 2 1 20 544 594 591
1042 2 2 1 20 128 505 605
1043 2 2 1 20 5 609 138
1044 2 2 1 20 1 608 102
1045 2 2 1 20 3 127 607
1046 2 2 1 20 575 586 592
1047 2 2 1 20 544 547 594
1048 2 2 1 20 137 596 504
1049 2 2 1 20 44 600 507
1050 2 2 1 20 53 506 598
1051 2 2 1 20 101 597 508
1052 2 2 1 20 92 509 599
1053 2 2 1 20 539 536 601
1054 2 2 1 20 505 575 592
1055 2 2 1 20 557 580 603
1056 2 2 1 20 497 604 606
1057 2 2 1 20 507 595 572
1058 2 2 1 20 51 602 52
1059 2 2 1 20 539 610 541
1060 2 2 1 20 539 601 610
1061 2 2 1 20 497 606 574
1062 2 2 1 20 548 511 598
1063 2 2 1 20 570 604 497
1064 2 2 1 20 498 581 594
1065 2 2 1 20 505 593 605
1066 2 2 1 20 510 605 593
1067 2 2 1 20 536 604 601
1068 2 2 1 20 570 601 604
1069 2 2 1 22 612 651 661
1070 2 2 1 22 651 654 661
1071 2 2 1 22 675 676 677
1072 2 2 1 22 615 654 662
1073 2 2 1 22 615 661 654
1074 2 2 1 22 677 678 675
1075 2 2 1 22 647 674 671
1076 2 2 1 22 663 620 702
1077 2 2 1 22 662 666 665
1078 2 2 1 22 666 662 667
1079 2 2 1 22 620 713 702
1080 2 2 1 22 123 665 124
1081 2 2 1 22 647 671 673
1082 2 2 1 22 644 673 646
1083 2 2 1 22 622 669 716
1084 2 2 1 22 619 699 678
1085 2 2 1 22 690 711 664
1086 2 2 1 22 622 666 669
1087 2 2 1 22 675 678 699
1088 2 2 1 22 670 674 613
1089 2 2 1 22 623 690 664
1090 2 2 1 22 670 671 674
1091 2 2 1 22 644 647 673
1092 2 2 1 22 668 706 672
1093 2 2 1 22 123 615 665
1094 2 2 1 22 124 665 622
1095 2 2 1 22 675 674 676
1096 2 2 1 22 696 707 711
1097 2 2 1 22 641 676 642
1098 2 2 1 22 668 672 710
1099 2 2 1 22 619 678 680
1100 2 2 1 22 646 667 691
1101 2 2 1 22 660 664 711
1102 2 2 1 22 660 711 707
1103 2 2 1 22 613 674 675
1104 2 2 1 22 662 691 667
1105 2 2 1 22 627 716 669
1106 2 2 1 22 647 642 676
1107 2 2 1 22 641 677 676
1108 2 2 1 22 615 662 665
1109 2 2 1 22 619 680 697
1110 2 2 1 22 679 695 682
1111 2 2 1 22 647 676 674
1112 2 2 1 22 682 695 640
1113 2 2 1 22 677 679 678
1114 2 2 1 22 662 654 691
1115 2 2 1 22 677 695 679
1116 2 2 1 22 612 719 651
1117 2 2 1 22 682 640 685
1118 2 2 1 22 621 712 684
1119 2 2 1 22 621 684 709
1120 2 2 1 22 679 680 678
1121 2 2 1 22 646 673 706
1122 2 2 1 22 622 665 666
1123 2 2 1 22 666 667 668
1124 2 2 1 22 618 671 670
1125 2 2 1 22 679 681 680
1126 2 2 1 22 70 617 690
1127 2 2 1 22 126 716 627
1128 2 2 1 22 31 717 628
1129 2 2 1 22 115 626 713
1130 2 2 1 22 67 714 626
1131 2 2 1 22 42 627 715
1132 2 2 1 22 666 668 669
1133 2 2 1 22 618 672 671
1134 2 2 1 22 679 682 681
1135 2 2 1 22 671 672 673
1136 2 2 1 22 682 683 681
1137 2 2 1 22 681 683 684
1138 2 2 1 22 682 685 683
1139 2 2 1 22 72 73 611
1140 2 2 1 22 74 75 616
1141 2 2 1 22 663 664 658
1142 2 2 1 22 76 77 621
1143 2 2 1 22 70 71 617
1144 2 2 1 22 40 41 624
1145 2 2 1 22 124 622 125
1146 2 2 1 22 650 652 653
1147 2 2 1 22 39 686 618
1148 2 2 1 22 656 655 657
1149 2 2 1 22 656 657 658
1150 2 2 1 22 122 615 123
1151 2 2 1 22 659 658 660
1152 2 2 1 22 38 39 618
1153 2 2 1 22 118 614 119
1154 2 2 1 22 68 69 623
1155 2 2 1 22 116 620 117
1156 2 2 1 22 656 658 659
1157 2 2 1 22 655 656 653
1158 2 2 1 22 36 37 613
1159 2 2 1 22 34 35 619
1160 2 2 1 22 651 652 650
1161 2 2 1 22 658 657 663
1162 2 2 1 22 32 33 625
1163 2 2 1 22 120 612 121
1164 2 2 1 22 652 655 653
1165 2 2 1 22 650 649 651
1166 2 2 1 22 122 661 615
1167 2 2 1 22 649 650 648
1168 2 2 1 22 651 649 654
1169 2 2 1 22 645 649 648
1170 2 2 1 22 643 645 648
1171 2 2 1 22 644 646 645
1172 2 2 1 22 644 642 647
1173 2 2 1 22 644 645 643
1174 2 2 1 22 643 642 644
1175 2 2 1 22 638 642 643
1176 2 2 1 22 641 642 638
1177 2 2 1 22 638 637 641
1178 2 2 1 22 636 637 638
1179 2 2 1 22 637 635 640
1180 2 2 1 22 636 635 637
1181 2 2 1 22 636 639 634
1182 2 2 1 22 634 635 636
1183 2 2 1 22 632 635 634
1184 2 2 1 22 633 632 634
1185 2 2 1 22 631 632 633
1186 2 2 1 22 630 632 631
1187 2 2 1 22 38 618 670
1188 2 2 1 22 74 616 629
1189 2 2 1 22 618 686 672
1190 2 2 1 22 640 695 637
1191 2 2 1 22 611 630 631
1192 2 2 1 22 39 40 686
1193 2 2 1 22 121 661 122
1194 2 2 1 22 623 664 702
1195 2 2 1 22 646 691 645
1196 2 2 1 22 645 691 649
1197 2 2 1 22 76 621 687
1198 2 2 1 22 660 658 664
1199 2 2 1 22 636 694 639
1200 2 2 1 22 630 693 632
1201 2 2 1 22 641 637 695
1202 2 2 1 22 75 76 687
1203 2 2 1 22 611 631 692
1204 2 2 1 22 71 692 617
1205 2 2 1 22 72 611 692
1206 2 2 1 22 75 687 616
1207 2 2 1 22 632 693 635
1208 2 2 1 22 636 638 694
1209 2 2 1 22 40 624 686
1210 2 2 1 22 121 612 661
1211 2 2 1 22 675 699 613
1212 2 2 1 22 71 72 692
1213 2 2 1 22 73 74 629
1214 2 2 1 22 37 38 670
1215 2 2 1 22 611 629 630
1216 2 2 1 22 118 689 614
1217 2 2 1 22 117 620 689
1218 2 2 1 22 654 649 691
1219 2 2 1 22 626 702 713
1220 2 2 1 22 69 70 690
1221 2 2 1 22 640 635 693
1222 2 2 1 22 677 641 695
1223 2 2 1 22 643 694 638
1224 2 2 1 22 120 688 612
1225 2 2 1 22 119 614 688
1226 2 2 1 22 73 629 611
1227 2 2 1 22 37 670 613
1228 2 2 1 22 643 648 694
1229 2 2 1 22 117 689 118
1230 2 2 1 22 34 619 697
1231 2 2 1 22 33 697 625
1232 2 2 1 22 698 653 700
1233 2 2 1 22 115 721 626
1234 2 2 1 22 126 627 722
1235 2 2 1 22 631 696 692
1236 2 2 1 22 631 633 696
1237 2 2 1 22 640 693 685
1238 2 2 1 22 69 690 623
1239 2 2 1 22 625 697 705
1240 2 2 1 22 119 688 120
1241 2 2 1 22 673 672 706
1242 2 2 1 22 680 705 697
1243 2 2 1 22 42 722 627
1244 2 2 1 22 67 626 721
1245 2 2 1 22 31 628 720
1246 2 2 1 22 650 653 698
1247 2 2 1 22 639 694 698
1248 2 2 1 22 35 699 619
1249 2 2 1 22 36 613 699
1250 2 2 1 22 617 692 696
1251 2 2 1 22 656 659 700
1252 2 2 1 22 630 701 693
1253 2 2 1 22 33 34 697
1254 2 2 1 22 639 698 700
1255 2 2 1 22 648 698 694
1256 2 2 1 22 663 702 664
1257 2 2 1 22 624 669 710
1258 2 2 1 22 650 698 648
1259 2 2 1 22 629 616 701
1260 2 2 1 22 681 684 705
1261 2 2 1 22 685 693 701
1262 2 2 1 22 35 36 699
1263 2 2 1 22 656 700 653
1264 2 2 1 22 668 710 669
1265 2 2 1 22 627 669 715
1266 2 2 1 22 633 634 704
1267 2 2 1 22 630 629 701
1268 2 2 1 22 624 715 669
1269 2 2 1 22 633 704 707
1270 2 2 1 22 683 685 703
1271 2 2 1 22 77 724 621
1272 2 2 1 22 41 42 715
1273 2 2 1 22 67 68 714
1274 2 2 1 22 115 713 116
1275 2 2 1 22 31 32 717
1276 2 2 1 22 125 716 126
1277 2 2 1 22 681 705 680
1278 2 2 1 22 686 710 672
1279 2 2 1 22 646 706 667
1280 2 2 1 22 639 704 634
1281 2 2 1 22 659 704 700
1282 2 2 1 22 663 725 620
1283 2 2 1 22 617 696 711
1284 2 2 1 22 685 701 703
1285 2 2 1 22 659 707 704
1286 2 2 1 22 616 687 703
1287 2 2 1 22 621 724 712
1288 2 2 1 22 687 709 703
1289 2 2 1 22 683 703 709
1290 2 2 1 22 668 667 706
1291 2 2 1 22 639 700 704
1292 2 2 1 22 651 719 652
1293 2 2 1 22 689 725 723
1294 2 2 1 22 621 709 687
1295 2 2 1 22 614 718 688
1296 2 2 1 22 614 689 723
1297 2 2 1 22 633 707 696
1298 2 2 1 22 616 703 701
1299 2 2 1 22 614 723 718
1300 2 2 1 22 660 707 659
1301 2 2 1 22 684 708 705
1302 2 2 1 22 628 717 708
1303 2 2 1 22 684 683 709
1304 2 2 1 22 3 722 42
1305 2 2 1 22 2 67 721
1306 2 2 1 22 4 31 720
1307 2 2 1 22 690 617 711
1308 2 2 1 22 3 126 722
1309 2 2 1 22 2 721 115
1310 2 2 1 22 4 720 78
1311 2 2 1 22 620 725 689
1312 2 2 1 22 657 723 725
1313 2 2 1 22 624 710 686
1314 2 2 1 22 41 715 624
1315 2 2 1 22 68 623 714
1316 2 2 1 22 116 713 620
1317 2 2 1 22 32 625 717
1318 2 2 1 22 125 622 716
1319 2 2 1 22 655 652 718
1320 2 2 1 22 623 702 714
1321 2 2 1 22 655 723 657
1322 2 2 1 22 663 657 725
1323 2 2 1 22 77 78 724
1324 2 2 1 22 655 718 723
1325 2 2 1 22 628 708 712
1326 2 2 1 22 612 688 719
1327 2 2 1 22 625 705 708
1328 2 2 1 22 684 712 708
1329 2 2 1 22 626 714 702
1330 2 2 1 22 625 708 717
1331 2 2 1 22 628 724 720
1332 2 2 1 22 78 720 724
1333 2 2 1 22 628 712 724
1334 2 2 1 22 652 719 718
1335 2 2 1 22 688 718 719
1336 2 2 1 24 728 766 776
1337 2 2 1 24 766 769 776
1338 2 2 1 24 769 777 732
1339 2 2 1 24 762 757 791
1340 2 2 1 24 781 782 735
1341 2 2 1 24 756 791 757
1342 2 2 1 24 769 732 776
1343 2 2 1 24 762 789 786
1344 2 2 1 24 738 815 778
1345 2 2 1 24 737 795 829
1346 2 2 1 24 734 799 812
1347 2 2 1 24 740 830 782
1348 2 2 1 24 735 780 781
1349 2 2 1 24 738 832 815
1350 2 2 1 24 39 780 40
1351 2 2 1 24 734 817 799
1352 2 2 1 24 762 786 788
1353 2 2 1 24 740 782 823
1354 2 2 1 24 727 785 789
1355 2 2 1 24 761 759 788
1356 2 2 1 24 779 802 826
1357 2 2 1 24 737 825 795
1358 2 2 1 24 785 786 789
1359 2 2 1 24 736 802 779
1360 2 2 1 24 743 782 830
1361 2 2 1 24 762 791 789
1362 2 2 1 24 798 817 824
1363 2 2 1 24 799 817 798
1364 2 2 1 24 762 788 759
1365 2 2 1 24 783 781 819
1366 2 2 1 24 39 732 780
1367 2 2 1 24 40 780 735
1368 2 2 1 24 783 819 820
1369 2 2 1 24 783 820 787
1370 2 2 1 24 742 829 795
1371 2 2 1 24 809 822 826
1372 2 2 1 24 779 826 775
1373 2 2 1 24 775 826 822
1374 2 2 1 24 727 789 790
1375 2 2 1 24 783 823 782
1376 2 2 1 24 743 827 782
1377 2 2 1 24 783 787 823
1378 2 2 1 24 777 780 732
1379 2 2 1 24 781 783 782
1380 2 2 1 24 782 827 735
1381 2 2 1 24 769 803 777
1382 2 2 1 24 790 789 791
1383 2 2 1 24 728 836 766
1384 2 2 1 24 777 781 780
1385 2 2 1 24 761 788 820
1386 2 2 1 24 730 801 787
1387 2 2 1 24 790 791 792
1388 2 2 1 24 82 731 802
1389 2 2 1 24 138 829 742
1390 2 2 1 24 90 742 828
1391 2 2 1 24 127 743 830
1392 2 2 1 24 79 831 741
1393 2 2 1 24 42 827 743
1394 2 2 1 24 31 741 832
1395 2 2 1 24 36 728 37
1396 2 2 1 24 764 769 766
1397 2 2 1 24 40 735 41
1398 2 2 1 24 34 733 35
1399 2 2 1 24 38 732 39
1400 2 2 1 24 84 85 726
1401 2 2 1 24 767 770 768
1402 2 2 1 24 771 770 772
1403 2 2 1 24 770 771 768
1404 2 2 1 24 88 89 739
1405 2 2 1 24 136 737 137
1406 2 2 1 24 771 772 773
1407 2 2 1 24 86 87 729
1408 2 2 1 24 134 734 135
1409 2 2 1 24 32 738 33
1410 2 2 1 24 80 81 736
1411 2 2 1 24 130 730 131
1412 2 2 1 24 767 768 765
1413 2 2 1 24 82 83 731
1414 2 2 1 24 38 776 732
1415 2 2 1 24 128 740 129
1416 2 2 1 24 132 727 133
1417 2 2 1 24 764 765 763
1418 2 2 1 24 766 767 765
1419 2 2 1 24 778 779 773
1420 2 2 1 24 764 766 765
1421 2 2 1 24 773 772 778
1422 2 2 1 24 771 773 774
1423 2 2 1 24 773 775 774
1424 2 2 1 24 763 760 764
1425 2 2 1 24 760 759 761
1426 2 2 1 24 758 760 763
1427 2 2 1 24 757 762 759
1428 2 2 1 24 758 759 760
1429 2 2 1 24 758 757 759
1430 2 2 1 24 753 757 758
1431 2 2 1 24 753 756 757
1432 2 2 1 24 752 756 753
1433 2 2 1 24 752 753 751
1434 2 2 1 24 752 750 755
1435 2 2 1 24 751 750 752
1436 2 2 1 24 749 751 754
1437 2 2 1 24 749 750 751
1438 2 2 1 24 796 799 798
1439 2 2 1 24 749 747 750
1440 2 2 1 24 797 796 798
1441 2 2 1 24 747 749 748
1442 2 2 1 24 794 796 797
1443 2 2 1 24 747 748 746
1444 2 2 1 24 794 795 796
1445 2 2 1 24 787 788 786
1446 2 2 1 24 745 747 746
1447 2 2 1 24 739 795 794
1448 2 2 1 24 86 729 744
1449 2 2 1 24 730 787 786
1450 2 2 1 24 756 833 791
1451 2 2 1 24 787 820 788
1452 2 2 1 24 726 745 746
1453 2 2 1 24 739 794 793
1454 2 2 1 24 37 776 38
1455 2 2 1 24 736 779 815
1456 2 2 1 24 730 786 785
1457 2 2 1 24 88 739 793
1458 2 2 1 24 752 808 756
1459 2 2 1 24 773 779 775
1460 2 2 1 24 751 807 754
1461 2 2 1 24 745 806 747
1462 2 2 1 24 87 88 793
1463 2 2 1 24 726 746 804
1464 2 2 1 24 83 804 731
1465 2 2 1 24 84 726 804
1466 2 2 1 24 87 793 729
1467 2 2 1 24 752 755 808
1468 2 2 1 24 750 747 806
1469 2 2 1 24 751 753 807
1470 2 2 1 24 37 728 776
1471 2 2 1 24 764 803 769
1472 2 2 1 24 83 84 804
1473 2 2 1 24 85 86 744
1474 2 2 1 24 764 760 803
1475 2 2 1 24 790 813 727
1476 2 2 1 24 726 744 745
1477 2 2 1 24 130 801 730
1478 2 2 1 24 129 740 801
1479 2 2 1 24 33 738 800
1480 2 2 1 24 34 800 733
1481 2 2 1 24 761 803 760
1482 2 2 1 24 741 815 832
1483 2 2 1 24 81 82 802
1484 2 2 1 24 794 805 793
1485 2 2 1 24 750 806 755
1486 2 2 1 24 758 807 753
1487 2 2 1 24 132 785 727
1488 2 2 1 24 131 730 785
1489 2 2 1 24 36 784 728
1490 2 2 1 24 35 733 784
1491 2 2 1 24 745 810 806
1492 2 2 1 24 85 744 726
1493 2 2 1 24 758 763 807
1494 2 2 1 24 797 805 794
1495 2 2 1 24 129 801 130
1496 2 2 1 24 33 800 34
1497 2 2 1 24 768 814 811
1498 2 2 1 24 79 741 837
1499 2 2 1 24 127 839 743
1500 2 2 1 24 138 742 838
1501 2 2 1 24 746 809 804
1502 2 2 1 24 748 809 746
1503 2 2 1 24 81 802 736
1504 2 2 1 24 745 744 810
1505 2 2 1 24 131 785 132
1506 2 2 1 24 35 784 36
1507 2 2 1 24 729 793 805
1508 2 2 1 24 136 812 737
1509 2 2 1 24 135 734 812
1510 2 2 1 24 90 838 742
1511 2 2 1 24 42 743 839
1512 2 2 1 24 31 837 741
1513 2 2 1 24 765 768 811
1514 2 2 1 24 754 807 811
1515 2 2 1 24 134 813 734
1516 2 2 1 24 133 727 813
1517 2 2 1 24 731 804 809
1518 2 2 1 24 744 729 810
1519 2 2 1 24 771 774 814
1520 2 2 1 24 754 811 814
1521 2 2 1 24 763 811 807
1522 2 2 1 24 778 815 779
1523 2 2 1 24 792 824 817
1524 2 2 1 24 763 765 811
1525 2 2 1 24 135 812 136
1526 2 2 1 24 742 795 828
1527 2 2 1 24 737 812 825
1528 2 2 1 24 771 814 768
1529 2 2 1 24 133 813 134
1530 2 2 1 24 749 818 748
1531 2 2 1 24 729 805 810
1532 2 2 1 24 755 806 816
1533 2 2 1 24 799 825 812
1534 2 2 1 24 748 818 822
1535 2 2 1 24 806 810 816
1536 2 2 1 24 31 832 32
1537 2 2 1 24 41 827 42
1538 2 2 1 24 79 80 831
1539 2 2 1 24 127 830 128
1540 2 2 1 24 89 90 828
1541 2 2 1 24 137 829 138
1542 2 2 1 24 787 801 823
1543 2 2 1 24 739 828 795
1544 2 2 1 24 796 795 825
1545 2 2 1 24 755 816 821
1546 2 2 1 24 749 754 818
1547 2 2 1 24 797 816 805
1548 2 2 1 24 805 816 810
1549 2 2 1 24 774 818 814
1550 2 2 1 24 738 778 841
1551 2 2 1 24 731 809 826
1552 2 2 1 24 777 819 781
1553 2 2 1 24 774 822 818
1554 2 2 1 24 792 791 833
1555 2 2 1 24 777 803 819
1556 2 2 1 24 797 821 816
1557 2 2 1 24 761 819 803
1558 2 2 1 24 754 814 818
1559 2 2 1 24 790 792 834
1560 2 2 1 24 808 821 824
1561 2 2 1 24 767 766 836
1562 2 2 1 24 755 821 808
1563 2 2 1 24 761 820 819
1564 2 2 1 24 800 841 840
1565 2 2 1 24 798 824 821
1566 2 2 1 24 797 798 821
1567 2 2 1 24 784 733 835
1568 2 2 1 24 733 800 840
1569 2 2 1 24 748 822 809
1570 2 2 1 24 733 840 835
1571 2 2 1 24 774 775 822
1572 2 2 1 24 792 817 834
1573 2 2 1 24 734 813 834
1574 2 2 1 24 5 838 90
1575 2 2 1 24 3 42 839
1576 2 2 1 24 4 837 31
1577 2 2 1 24 740 823 801
1578 2 2 1 24 731 826 802
1579 2 2 1 24 5 138 838
1580 2 2 1 24 3 839 127
1581 2 2 1 24 4 79 837
1582 2 2 1 24 738 841 800
1583 2 2 1 24 799 796 825
1584 2 2 1 24 772 840 841
1585 2 2 1 24 32 832 738
1586 2 2 1 24 41 735 827
1587 2 2 1 24 80 736 831
1588 2 2 1 24 128 830 740
1589 2 2 1 24 89 828 739
1590 2 2 1 24 137 737 829
1591 2 2 1 24 767 835 770
1592 2 2 1 24 736 815 831
1593 2 2 1 24 772 770 840
1594 2 2 1 24 778 772 841
1595 2 2 1 24 756 808 833
1596 2 2 1 24 770 835 840
1597 2 2 1 24 728 784 836
1598 2 2 1 24 741 831 815
1599 2 2 1 24 734 834 817
1600 2 2 1 24 790 834 813
1601 2 2 1 24 808 824 833
1602 2 2 1 24 792 833 824
1603 2 2 1 24 767 836 835
1604 2 2 1 24 784 835 836
1605 2 2 1 26 888 917 893
1606 2 2 1 26 893 917 855
1607 2 2 1 26 885 848 921
1608 2 2 1 26 916 944 940
1609 2 2 1 26 871 913 912
1610 2 2 1 26 856 944 916
1611 2 2 1 26 885 936 848
1612 2 2 1 26 915 916 914
1613 2 2 1 26 848 936 908
1614 2 2 1 26 903 904 902
1615 2 2 1 26 904 909 902
1616 2 2 1 26 872 868 911
1617 2 2 1 26 893 855 895
1618 2 2 1 26 872 903 873
1619 2 2 1 26 848 908 935
1620 2 2 1 26 878 898 900
1621 2 2 1 26 878 901 898
1622 2 2 1 26 871 912 911
1623 2 2 1 26 912 915 914
1624 2 2 1 26 895 855 946
1625 2 2 1 26 872 904 903
1626 2 2 1 26 872 911 904
1627 2 2 1 26 892 852 894
1628 2 2 1 26 930 942 950
1629 2 2 1 26 857 942 930
1630 2 2 1 26 873 903 878
1631 2 2 1 26 875 878 900
1632 2 2 1 26 871 911 868
1633 2 2 1 26 897 898 901
1634 2 2 1 26 877 875 900
1635 2 2 1 26 842 897 901
1636 2 2 1 26 845 928 909
1637 2 2 1 26 851 935 908
1638 2 2 1 26 909 928 902
1639 2 2 1 26 916 940 939
1640 2 2 1 26 851 908 950
1641 2 2 1 26 863 924 866
1642 2 2 1 26 892 895 852
1643 2 2 1 26 888 957 917
1644 2 2 1 26 858 940 944
1645 2 2 1 26 885 921 953
1646 2 2 1 26 912 913 915
1647 2 2 1 26 914 916 939
1648 2 2 1 26 901 878 903
1649 2 2 1 26 871 866 924
1650 2 2 1 26 877 900 905
1651 2 2 1 26 871 924 913
1652 2 2 1 26 842 901 902
1653 2 2 1 26 863 861 924
1654 2 2 1 26 899 905 900
1655 2 2 1 26 899 919 923
1656 2 2 1 26 862 922 843
1657 2 2 1 26 877 905 906
1658 2 2 1 26 901 903 902
1659 2 2 1 26 904 910 909
1660 2 2 1 26 862 926 922
1661 2 2 1 26 846 919 899
1662 2 2 1 26 899 923 905
1663 2 2 1 26 854 923 919
1664 2 2 1 26 27 845 918
1665 2 2 1 26 19 857 943
1666 2 2 1 26 150 942 857
1667 2 2 1 26 139 859 946
1668 2 2 1 26 90 945 859
1669 2 2 1 26 79 858 944
1670 2 2 1 26 905 907 906
1671 2 2 1 26 894 852 951
1672 2 2 1 26 910 904 911
1673 2 2 1 26 145 844 921
1674 2 2 1 26 85 843 922
1675 2 2 1 26 906 907 908
1676 2 2 1 26 910 911 912
1677 2 2 1 26 910 912 914
1678 2 2 1 26 144 844 145
1679 2 2 1 26 148 851 149
1680 2 2 1 26 28 853 29
1681 2 2 1 26 88 852 89
1682 2 2 1 26 146 848 147
1683 2 2 1 26 84 843 85
1684 2 2 1 26 142 850 143
1685 2 2 1 26 882 883 881
1686 2 2 1 26 883 886 884
1687 2 2 1 26 880 882 881
1688 2 2 1 26 26 845 27
1689 2 2 1 26 883 884 881
1690 2 2 1 26 86 847 87
1691 2 2 1 26 22 846 23
1692 2 2 1 26 887 886 888
1693 2 2 1 26 886 887 884
1694 2 2 1 26 82 849 83
1695 2 2 1 26 880 885 882
1696 2 2 1 26 880 881 879
1697 2 2 1 26 887 888 889
1698 2 2 1 26 24 842 25
1699 2 2 1 26 20 854 21
1700 2 2 1 26 80 856 81
1701 2 2 1 26 140 855 141
1702 2 2 1 26 889 888 893
1703 2 2 1 26 891 892 894
1704 2 2 1 26 879 876 880
1705 2 2 1 26 889 892 891
1706 2 2 1 26 889 890 887
1707 2 2 1 26 889 891 890
1708 2 2 1 26 876 875 877
1709 2 2 1 26 874 876 879
1710 2 2 1 26 875 873 878
1711 2 2 1 26 874 875 876
1712 2 2 1 26 874 873 875
1713 2 2 1 26 869 873 874
1714 2 2 1 26 869 872 873
1715 2 2 1 26 869 868 872
1716 2 2 1 26 868 866 871
1717 2 2 1 26 867 868 869
1718 2 2 1 26 867 866 868
1719 2 2 1 26 867 870 865
1720 2 2 1 26 865 866 867
1721 2 2 1 26 865 863 866
1722 2 2 1 26 863 865 864
1723 2 2 1 26 862 863 864
1724 2 2 1 26 899 900 898
1725 2 2 1 26 862 861 863
1726 2 2 1 26 846 899 898
1727 2 2 1 26 843 861 862
1728 2 2 1 26 862 864 926
1729 2 2 1 26 846 898 897
1730 2 2 1 26 843 860 861
1731 2 2 1 26 905 923 907
1732 2 2 1 26 889 893 892
1733 2 2 1 26 867 869 925
1734 2 2 1 26 892 893 895
1735 2 2 1 26 867 925 870
1736 2 2 1 26 869 874 925
1737 2 2 1 26 22 919 846
1738 2 2 1 26 21 854 919
1739 2 2 1 26 141 855 917
1740 2 2 1 26 142 917 850
1741 2 2 1 26 82 920 849
1742 2 2 1 26 81 856 920
1743 2 2 1 26 85 922 86
1744 2 2 1 26 145 921 146
1745 2 2 1 26 884 927 881
1746 2 2 1 26 874 879 925
1747 2 2 1 26 27 918 28
1748 2 2 1 26 84 860 843
1749 2 2 1 26 83 849 860
1750 2 2 1 26 24 897 842
1751 2 2 1 26 23 846 897
1752 2 2 1 26 144 896 844
1753 2 2 1 26 143 850 896
1754 2 2 1 26 879 881 927
1755 2 2 1 26 856 916 947
1756 2 2 1 26 21 919 22
1757 2 2 1 26 141 917 142
1758 2 2 1 26 81 920 82
1759 2 2 1 26 86 922 847
1760 2 2 1 26 146 921 848
1761 2 2 1 26 150 857 955
1762 2 2 1 26 139 954 859
1763 2 2 1 26 79 956 858
1764 2 2 1 26 847 922 926
1765 2 2 1 26 842 902 928
1766 2 2 1 26 28 918 853
1767 2 2 1 26 83 860 84
1768 2 2 1 26 23 897 24
1769 2 2 1 26 143 896 144
1770 2 2 1 26 879 927 925
1771 2 2 1 26 90 859 954
1772 2 2 1 26 19 955 857
1773 2 2 1 26 26 928 845
1774 2 2 1 26 25 842 928
1775 2 2 1 26 924 932 913
1776 2 2 1 26 877 931 876
1777 2 2 1 26 885 880 931
1778 2 2 1 26 887 890 929
1779 2 2 1 26 884 929 927
1780 2 2 1 26 877 906 931
1781 2 2 1 26 853 939 940
1782 2 2 1 26 870 925 927
1783 2 2 1 26 854 930 923
1784 2 2 1 26 910 914 933
1785 2 2 1 26 148 935 851
1786 2 2 1 26 147 848 935
1787 2 2 1 26 880 876 931
1788 2 2 1 26 923 930 907
1789 2 2 1 26 887 929 884
1790 2 2 1 26 25 928 26
1791 2 2 1 26 859 895 946
1792 2 2 1 26 865 934 864
1793 2 2 1 26 894 951 847
1794 2 2 1 26 913 932 937
1795 2 2 1 26 857 930 943
1796 2 2 1 26 870 927 929
1797 2 2 1 26 87 847 951
1798 2 2 1 26 860 932 861
1799 2 2 1 26 864 934 938
1800 2 2 1 26 30 952 956
1801 2 2 1 26 861 932 924
1802 2 2 1 26 79 944 80
1803 2 2 1 26 139 946 140
1804 2 2 1 26 89 945 90
1805 2 2 1 26 149 942 150
1806 2 2 1 26 19 943 20
1807 2 2 1 26 860 849 932
1808 2 2 1 26 915 947 916
1809 2 2 1 26 845 909 933
1810 2 2 1 26 845 933 918
1811 2 2 1 26 907 950 908
1812 2 2 1 26 882 949 883
1813 2 2 1 26 910 933 909
1814 2 2 1 26 858 956 952
1815 2 2 1 26 88 951 852
1816 2 2 1 26 882 953 949
1817 2 2 1 26 885 953 882
1818 2 2 1 26 896 850 948
1819 2 2 1 26 870 934 865
1820 2 2 1 26 850 917 957
1821 2 2 1 26 147 935 148
1822 2 2 1 26 890 934 929
1823 2 2 1 26 885 931 936
1824 2 2 1 26 850 957 948
1825 2 2 1 26 851 950 942
1826 2 2 1 26 849 937 932
1827 2 2 1 26 890 938 934
1828 2 2 1 26 915 913 937
1829 2 2 1 26 854 943 930
1830 2 2 1 26 849 920 937
1831 2 2 1 26 906 908 936
1832 2 2 1 26 870 929 934
1833 2 2 1 26 906 936 931
1834 2 2 1 26 914 939 933
1835 2 2 1 26 864 938 926
1836 2 2 1 26 29 952 30
1837 2 2 1 26 920 947 937
1838 2 2 1 26 852 895 945
1839 2 2 1 26 915 937 947
1840 2 2 1 26 891 938 890
1841 2 2 1 26 926 938 941
1842 2 2 1 26 894 847 941
1843 2 2 1 26 4 30 956
1844 2 2 1 26 5 90 954
1845 2 2 1 26 6 955 19
1846 2 2 1 26 891 941 938
1847 2 2 1 26 4 956 79
1848 2 2 1 26 5 954 139
1849 2 2 1 26 6 150 955
1850 2 2 1 26 29 853 952
1851 2 2 1 26 918 933 939
1852 2 2 1 26 891 894 941
1853 2 2 1 26 844 953 921
1854 2 2 1 26 80 944 856
1855 2 2 1 26 89 852 945
1856 2 2 1 26 140 946 855
1857 2 2 1 26 149 851 942
1858 2 2 1 26 20 943 854
1859 2 2 1 26 883 948 886
1860 2 2 1 26 853 918 939
1861 2 2 1 26 87 951 88
1862 2 2 1 26 856 947 920
1863 2 2 1 26 886 957 888
1864 2 2 1 26 859 945 895
1865 2 2 1 26 886 948 957
1866 2 2 1 26 896 949 844
1867 2 2 1 26 844 949 953
1868 2 2 1 26 847 926 941
1869 2 2 1 26 930 950 907
1870 2 2 1 26 853 940 952
1871 2 2 1 26 896 948 949
1872 2 2 1 26 883 949 948
1873 2 2 1 26 858 952 940
1874 2 2 1 28 960 998 1008
1875 2 2 1 28 966 1026 1033
1876 2 2 1 28 1001 1008 998
1877 2 2 1 28 1001 1009 964
1878 2 2 1 28 989 1024 994
1879 2 2 1 28 989 988 1024
1880 2 2 1 28 1001 964 1008
1881 2 2 1 28 994 1022 1019
1882 2 2 1 28 1010 970 1049
1883 2 2 1 28 969 1029 1060
1884 2 2 1 28 1012 1009 1013
1885 2 2 1 28 966 1033 1046
1886 2 2 1 28 1013 1009 1014
1887 2 2 1 28 970 1063 1049
1888 2 2 1 28 111 1012 112
1889 2 2 1 28 966 1047 1026
1890 2 2 1 28 994 1019 1021
1891 2 2 1 28 1026 1047 1023
1892 2 2 1 28 1018 1022 959
1893 2 2 1 28 993 991 1021
1894 2 2 1 28 967 1016 1058
1895 2 2 1 28 1011 1036 1057
1896 2 2 1 28 1032 1064 1042
1897 2 2 1 28 969 1056 1029
1898 2 2 1 28 1032 1042 1053
1899 2 2 1 28 967 1013 1016
1900 2 2 1 28 1018 1019 1022
1901 2 2 1 28 968 1036 1011
1902 2 2 1 28 994 1024 1022
1903 2 2 1 28 1020 1015 1052
1904 2 2 1 28 994 1021 991
1905 2 2 1 28 1033 1026 1064
1906 2 2 1 28 111 964 1012
1907 2 2 1 28 112 1012 967
1908 2 2 1 28 988 1025 1024
1909 2 2 1 28 1020 1055 1015
1910 2 2 1 28 974 1060 1029
1911 2 2 1 28 1043 1054 1057
1912 2 2 1 28 1014 1037 993
1913 2 2 1 28 1011 1057 1007
1914 2 2 1 28 1007 1057 1054
1915 2 2 1 28 959 1022 1023
1916 2 2 1 28 1014 1009 1037
1917 2 2 1 28 975 1058 1016
1918 2 2 1 28 964 1009 1012
1919 2 2 1 28 1001 1037 1009
1920 2 2 1 28 1022 1024 1023
1921 2 2 1 28 993 1021 1052
1922 2 2 1 28 960 1066 998
1923 2 2 1 28 967 1012 1013
1924 2 2 1 28 1013 1014 1015
1925 2 2 1 28 962 1035 1020
1926 2 2 1 28 1032 1033 1064
1927 2 2 1 28 22 963 1036
1928 2 2 1 28 78 1060 974
1929 2 2 1 28 30 974 1059
1930 2 2 1 28 67 975 1061
1931 2 2 1 28 19 1062 973
1932 2 2 1 28 114 1058 975
1933 2 2 1 28 103 973 1063
1934 2 2 1 28 1013 1015 1016
1935 2 2 1 28 108 960 109
1936 2 2 1 28 112 967 113
1937 2 2 1 28 106 965 107
1938 2 2 1 28 110 964 111
1939 2 2 1 28 24 25 958
1940 2 2 1 28 999 1002 1000
1941 2 2 1 28 1002 1004 1003
1942 2 2 1 28 1000 1002 1003
1943 2 2 1 28 28 29 971
1944 2 2 1 28 76 969 77
1945 2 2 1 28 1004 1005 1003
1946 2 2 1 28 26 27 961
1947 2 2 1 28 74 966 75
1948 2 2 1 28 104 970 105
1949 2 2 1 28 20 21 968
1950 2 2 1 28 70 962 71
1951 2 2 1 28 999 1000 997
1952 2 2 1 28 22 23 963
1953 2 2 1 28 110 1008 964
1954 2 2 1 28 68 972 69
1955 2 2 1 28 72 959 73
1956 2 2 1 28 995 996 997
1957 2 2 1 28 998 999 997
1958 2 2 1 28 1010 1011 1005
1959 2 2 1 28 997 996 998
1960 2 2 1 28 1005 1006 1003
1961 2 2 1 28 998 996 1001
1962 2 2 1 28 1005 1007 1006
1963 2 2 1 28 1005 1004 1010
1964 2 2 1 28 992 996 995
1965 2 2 1 28 992 991 993
1966 2 2 1 28 992 995 990
1967 2 2 1 28 989 994 991
1968 2 2 1 28 990 991 992
1969 2 2 1 28 990 989 991
1970 2 2 1 28 985 989 990
1971 2 2 1 28 985 988 989
1972 2 2 1 28 985 984 988
1973 2 2 1 28 983 984 985
1974 2 2 1 28 984 982 987
1975 2 2 1 28 983 982 984
1976 2 2 1 28 983 986 981
1977 2 2 1 28 981 982 983
1978 2 2 1 28 1030 1033 1032
1979 2 2 1 28 979 982 981
1980 2 2 1 28 1031 1030 1032
1981 2 2 1 28 980 979 981
1982 2 2 1 28 1030 1031 1028
1983 2 2 1 28 979 980 978
1984 2 2 1 28 1028 1029 1030
1985 2 2 1 28 1020 1021 1019
1986 2 2 1 28 977 979 978
1987 2 2 1 28 971 1029 1028
1988 2 2 1 28 26 961 976
1989 2 2 1 28 962 1020 1019
1990 2 2 1 28 987 1042 984
1991 2 2 1 28 977 978 958
1992 2 2 1 28 971 1028 1027
1993 2 2 1 28 109 1008 110
1994 2 2 1 28 968 1011 1049
1995 2 2 1 28 992 993 1037
1996 2 2 1 28 1018 962 1019
1997 2 2 1 28 992 1037 996
1998 2 2 1 28 28 971 1027
1999 2 2 1 28 1005 1011 1007
2000 2 2 1 28 983 1041 986
2001 2 2 1 28 977 1040 979
2002 2 2 1 28 984 1042 988
2003 2 2 1 28 27 28 1027
2004 2 2 1 28 958 978 1038
2005 2 2 1 28 23 1038 963
2006 2 2 1 28 24 958 1038
2007 2 2 1 28 27 1027 961
2008 2 2 1 28 979 1040 982
2009 2 2 1 28 983 985 1041
2010 2 2 1 28 109 960 1008
2011 2 2 1 28 23 24 1038
2012 2 2 1 28 25 26 976
2013 2 2 1 28 959 1023 1047
2014 2 2 1 28 958 976 977
2015 2 2 1 28 70 1035 962
2016 2 2 1 28 69 972 1035
2017 2 2 1 28 105 970 1034
2018 2 2 1 28 106 1034 965
2019 2 2 1 28 1031 1039 1028
2020 2 2 1 28 1001 996 1037
2021 2 2 1 28 973 1049 1063
2022 2 2 1 28 21 22 1036
2023 2 2 1 28 987 982 1040
2024 2 2 1 28 990 1041 985
2025 2 2 1 28 72 1018 959
2026 2 2 1 28 71 962 1018
2027 2 2 1 28 108 1017 960
2028 2 2 1 28 107 965 1017
2029 2 2 1 28 977 1044 1040
2030 2 2 1 28 25 976 958
2031 2 2 1 28 1027 1028 1039
2032 2 2 1 28 990 995 1041
2033 2 2 1 28 69 1035 70
2034 2 2 1 28 105 1034 106
2035 2 2 1 28 1000 1048 1045
2036 2 2 1 28 114 975 1069
2037 2 2 1 28 103 1067 973
2038 2 2 1 28 78 974 1068
2039 2 2 1 28 978 1043 1038
2040 2 2 1 28 980 1043 978
2041 2 2 1 28 1042 1064 1025
2042 2 2 1 28 21 1036 968
2043 2 2 1 28 71 1018 72
2044 2 2 1 28 107 1017 108
2045 2 2 1 28 977 976 1044
2046 2 2 1 28 76 1046 969
2047 2 2 1 28 75 966 1046
2048 2 2 1 28 1020 1052 1021
2049 2 2 1 28 30 1068 974
2050 2 2 1 28 19 973 1067
2051 2 2 1 28 67 1069 975
2052 2 2 1 28 997 1000 1045
2053 2 2 1 28 986 1041 1045
2054 2 2 1 28 74 1047 966
2055 2 2 1 28 73 959 1047
2056 2 2 1 28 963 1038 1043
2057 2 2 1 28 961 1027 1039
2058 2 2 1 28 972 1016 1055
2059 2 2 1 28 1006 1048 1003
2060 2 2 1 28 961 1044 976
2061 2 2 1 28 986 1045 1048
2062 2 2 1 28 995 1045 1041
2063 2 2 1 28 1010 1049 1011
2064 2 2 1 28 1016 1015 1055
2065 2 2 1 28 997 1045 995
2066 2 2 1 28 75 1046 76
2067 2 2 1 28 974 1029 1059
2068 2 2 1 28 969 1046 1056
2069 2 2 1 28 1000 1003 1048
2070 2 2 1 28 73 1047 74
2071 2 2 1 28 988 1042 1025
2072 2 2 1 28 975 1016 1061
2073 2 2 1 28 980 981 1051
2074 2 2 1 28 972 1061 1016
2075 2 2 1 28 961 1039 1044
2076 2 2 1 28 987 1040 1050
2077 2 2 1 28 1033 1056 1046
2078 2 2 1 28 980 1051 1054
2079 2 2 1 28 103 1063 104
2080 2 2 1 28 113 1058 114
2081 2 2 1 28 19 20 1062
2082 2 2 1 28 29 30 1059
2083 2 2 1 28 67 1061 68
2084 2 2 1 28 77 1060 78
2085 2 2 1 28 1040 1044 1050
2086 2 2 1 28 1020 1035 1055
2087 2 2 1 28 971 1059 1029
2088 2 2 1 28 1030 1029 1056
2089 2 2 1 28 987 1050 1053
2090 2 2 1 28 1031 1050 1039
2091 2 2 1 28 1014 993 1052
2092 2 2 1 28 986 1051 981
2093 2 2 1 28 1039 1050 1044
2094 2 2 1 28 1006 1051 1048
2095 2 2 1 28 1010 1072 970
2096 2 2 1 28 963 1043 1057
2097 2 2 1 28 1006 1054 1051
2098 2 2 1 28 1031 1053 1050
2099 2 2 1 28 1026 1023 1071
2100 2 2 1 28 1014 1052 1015
2101 2 2 1 28 987 1053 1042
2102 2 2 1 28 986 1048 1051
2103 2 2 1 28 998 1066 999
2104 2 2 1 28 1034 1072 1070
2105 2 2 1 28 1031 1032 1053
2106 2 2 1 28 1017 965 1065
2107 2 2 1 28 965 1034 1070
2108 2 2 1 28 980 1054 1043
2109 2 2 1 28 965 1070 1065
2110 2 2 1 28 1024 1025 1071
2111 2 2 1 28 1006 1007 1054
2112 2 2 1 28 4 1068 30
2113 2 2 1 28 6 19 1067
2114 2 2 1 28 2 1069 67
2115 2 2 1 28 963 1057 1036
2116 2 2 1 28 4 78 1068
2117 2 2 1 28 6 1067 103
2118 2 2 1 28 2 114 1069
2119 2 2 1 28 970 1072 1034
2120 2 2 1 28 1024 1071 1023
2121 2 2 1 28 972 1055 1035
2122 2 2 1 28 1030 1056 1033
2123 2 2 1 28 1004 1070 1072
2124 2 2 1 28 104 1063 970
2125 2 2 1 28 113 967 1058
2126 2 2 1 28 20 968 1062
2127 2 2 1 28 68 1061 972
2128 2 2 1 28 29 1059 971
2129 2 2 1 28 77 969 1060
2130 2 2 1 28 999 1065 1002
2131 2 2 1 28 968 1049 1062
2132 2 2 1 28 1002 1070 1004
2133 2 2 1 28 1010 1004 1072
2134 2 2 1 28 1002 1065 1070
2135 2 2 1 28 960 1017 1066
2136 2 2 1 28 1025 1064 1071
2137 2 2 1 28 1026 1071 1064
2138 2 2 1 28 973 1062 1049
2139 2 2 1 28 999 1066 1065
2140 2 2 1 28 1017 1065 1066
$EndElements
