   1.13646321E+00   1.13646322E+00   1.13646324E+00   1.13646329E+00   1.13646336E+00   1.13646345E+00   1.13646356E+00   1.13646371E+00   1.13646388E+00   1.13646410E+00   1.13646435E+00   1.13646465E+00   1.13646501E+00   1.13646542E+00   1.13646591E+00   1.13646648E+00   1.13646714E+00   1.13646790E+00   1.13646878E+00   1.13646978E+00   1.13647093E+00   1.13647225E+00   1.13647374E+00   1.13647544E+00   1.13647735E+00   1.13647951E+00   1.13648193E+00   1.13648464E+00   1.13648766E+00   1.13649101E+00   1.13649471E+00   1.13649881E+00   1.13650330E+00   1.13650822E+00   1.13651356E+00   1.13651935E+00   1.13652560E+00   1.13653228E+00   1.13653938E+00   1.13654689E+00   1.13655475E+00   1.13656288E+00   1.13657121E+00   1.13657962E+00   1.13658798E+00   1.13659604E+00   1.13660361E+00   1.13661037E+00   1.13661601E+00   1.13661998E+00   1.13662187E+00   1.13662094E+00   1.13661661E+00   1.13660778E+00   1.13659370E+00   1.13657292E+00   1.13654432E+00   1.13650594E+00   1.13645632E+00   1.13639283E+00   1.13631368E+00   1.13621560E+00   1.13609613E+00   1.13595042E+00   1.13577553E+00   1.13556656E+00   1.13531939E+00   1.13502659E+00   1.13468387E+00   1.13428255E+00   1.13381665E+00   1.13327575E+00   1.13265303E+00   1.13193528E+00   1.13111430E+00   1.13017513E+00   1.12910864E+00   1.12789657E+00   1.12652703E+00   1.12497985E+00   1.12324467E+00   1.12129769E+00   1.11912246E+00   1.11669429E+00   1.11399994E+00   1.11103570E+00   1.10776245E+00   1.10441214E+00   1.10075867E+00   1.09709512E+00   1.09313687E+00   1.08921828E+00   1.08503024E+00   1.08091728E+00   1.07656095E+00   1.07231187E+00   1.06783825E+00   1.06352840E+00   1.05902330E+00   1.05467442E+00   1.05015725E+00   1.04589332E+00   1.04150502E+00   1.03711489E+00   1.03258926E+00   1.02791637E+00   1.02313819E+00   1.01873952E+00   1.01460714E+00   1.00864412E+00   1.00000000E+00
   1.13597658E+00   1.13597659E+00   1.13597661E+00   1.13597666E+00   1.13597673E+00   1.13597682E+00   1.13597693E+00   1.13597707E+00   1.13597725E+00   1.13597746E+00   1.13597771E+00   1.13597802E+00   1.13597837E+00   1.13597879E+00   1.13597927E+00   1.13597984E+00   1.13598049E+00   1.13598125E+00   1.13598213E+00   1.13598313E+00   1.13598428E+00   1.13598559E+00   1.13598707E+00   1.13598876E+00   1.13599067E+00   1.13599281E+00   1.13599522E+00   1.13599792E+00   1.13600092E+00   1.13600426E+00   1.13600794E+00   1.13601201E+00   1.13601648E+00   1.13602137E+00   1.13602667E+00   1.13603243E+00   1.13603863E+00   1.13604527E+00   1.13605231E+00   1.13605976E+00   1.13606756E+00   1.13607561E+00   1.13608386E+00   1.13609218E+00   1.13610043E+00   1.13610837E+00   1.13611582E+00   1.13612243E+00   1.13612792E+00   1.13613171E+00   1.13613342E+00   1.13613229E+00   1.13612774E+00   1.13611867E+00   1.13610434E+00   1.13608327E+00   1.13605437E+00   1.13601567E+00   1.13596571E+00   1.13590189E+00   1.13582240E+00   1.13572393E+00   1.13560402E+00   1.13545793E+00   1.13528271E+00   1.13507338E+00   1.13482584E+00   1.13453273E+00   1.13418975E+00   1.13378821E+00   1.13332216E+00   1.13278124E+00   1.13215860E+00   1.13144115E+00   1.13062070E+00   1.12968245E+00   1.12861711E+00   1.12740644E+00   1.12603883E+00   1.12449455E+00   1.12276290E+00   1.12081976E+00   1.11864894E+00   1.11622643E+00   1.11353897E+00   1.11058289E+00   1.10731883E+00   1.10397780E+00   1.10033476E+00   1.09668315E+00   1.09273863E+00   1.08883392E+00   1.08466035E+00   1.08056129E+00   1.07621950E+00   1.07198625E+00   1.06752943E+00   1.06323218E+00   1.05873964E+00   1.05440903E+00   1.04991355E+00   1.04566405E+00   1.04128086E+00   1.03689297E+00   1.03237628E+00   1.02772259E+00   1.02296720E+00   1.01854533E+00   1.01435780E+00   1.00845211E+00   1.00000000E+00
   1.13544017E+00   1.13544018E+00   1.13544021E+00   1.13544025E+00   1.13544032E+00   1.13544041E+00   1.13544052E+00   1.13544067E+00   1.13544084E+00   1.13544105E+00   1.13544130E+00   1.13544160E+00   1.13544195E+00   1.13544237E+00   1.13544285E+00   1.13544342E+00   1.13544407E+00   1.13544482E+00   1.13544569E+00   1.13544669E+00   1.13544783E+00   1.13544914E+00   1.13545062E+00   1.13545230E+00   1.13545419E+00   1.13545633E+00   1.13545872E+00   1.13546140E+00   1.13546439E+00   1.13546770E+00   1.13547137E+00   1.13547541E+00   1.13547985E+00   1.13548470E+00   1.13548998E+00   1.13549569E+00   1.13550185E+00   1.13550842E+00   1.13551541E+00   1.13552279E+00   1.13553051E+00   1.13553848E+00   1.13554664E+00   1.13555486E+00   1.13556300E+00   1.13557083E+00   1.13557814E+00   1.13558461E+00   1.13558993E+00   1.13559355E+00   1.13559507E+00   1.13559373E+00   1.13558896E+00   1.13557966E+00   1.13556508E+00   1.13554375E+00   1.13551456E+00   1.13547555E+00   1.13542530E+00   1.13536118E+00   1.13528139E+00   1.13518257E+00   1.13506230E+00   1.13491592E+00   1.13474047E+00   1.13453090E+00   1.13428312E+00   1.13398987E+00   1.13364682E+00   1.13324529E+00   1.13277936E+00   1.13223873E+00   1.13161654E+00   1.13089980E+00   1.13008037E+00   1.12914353E+00   1.12807991E+00   1.12687139E+00   1.12550658E+00   1.12396603E+00   1.12223873E+00   1.12030046E+00   1.11813535E+00   1.11571992E+00   1.11304077E+00   1.11009426E+00   1.10684106E+00   1.10351129E+00   1.09988083E+00   1.09624306E+00   1.09231412E+00   1.08842497E+00   1.08426773E+00   1.08018472E+00   1.07585969E+00   1.07164385E+00   1.06720532E+00   1.06292318E+00   1.05844614E+00   1.05413488E+00   1.04966002E+00   1.04542292E+00   1.04104575E+00   1.03666534E+00   1.03216207E+00   1.02752839E+00   1.02279142E+00   1.01833881E+00   1.01409613E+00   1.00825525E+00   1.00000000E+00
   1.13487882E+00   1.13487883E+00   1.13487886E+00   1.13487891E+00   1.13487897E+00   1.13487906E+00   1.13487918E+00   1.13487932E+00   1.13487949E+00   1.13487970E+00   1.13487995E+00   1.13488025E+00   1.13488060E+00   1.13488101E+00   1.13488149E+00   1.13488205E+00   1.13488270E+00   1.13488346E+00   1.13488432E+00   1.13488531E+00   1.13488645E+00   1.13488775E+00   1.13488922E+00   1.13489089E+00   1.13489277E+00   1.13489489E+00   1.13489727E+00   1.13489994E+00   1.13490290E+00   1.13490620E+00   1.13490984E+00   1.13491386E+00   1.13491826E+00   1.13492308E+00   1.13492831E+00   1.13493398E+00   1.13494008E+00   1.13494660E+00   1.13495353E+00   1.13496084E+00   1.13496848E+00   1.13497636E+00   1.13498443E+00   1.13499254E+00   1.13500056E+00   1.13500826E+00   1.13501543E+00   1.13502174E+00   1.13502689E+00   1.13503033E+00   1.13503166E+00   1.13503011E+00   1.13502512E+00   1.13501558E+00   1.13500075E+00   1.13497915E+00   1.13494968E+00   1.13491039E+00   1.13485983E+00   1.13479543E+00   1.13471535E+00   1.13461623E+00   1.13449565E+00   1.13434902E+00   1.13417339E+00   1.13396365E+00   1.13371572E+00   1.13342244E+00   1.13307944E+00   1.13267807E+00   1.13221245E+00   1.13167231E+00   1.13105083E+00   1.13033510E+00   1.12951702E+00   1.12858196E+00   1.12752051E+00   1.12631471E+00   1.12495333E+00   1.12341713E+00   1.12169481E+00   1.11976223E+00   1.11760388E+00   1.11519663E+00   1.11252685E+00   1.10959107E+00   1.10635013E+00   1.10303320E+00   1.09941700E+00   1.09579453E+00   1.09188263E+00   1.08801042E+00   1.08387103E+00   1.07980574E+00   1.07549912E+00   1.07130191E+00   1.06688286E+00   1.06261759E+00   1.05815787E+00   1.05386617E+00   1.04941081E+00   1.04518533E+00   1.04081585E+00   1.03644639E+00   1.03195801E+00   1.02734281E+00   1.02261982E+00   1.01813105E+00   1.01383573E+00   1.00806427E+00   1.00000000E+00
   1.13431455E+00   1.13431455E+00   1.13431458E+00   1.13431463E+00   1.13431469E+00   1.13431478E+00   1.13431489E+00   1.13431504E+00   1.13431521E+00   1.13431542E+00   1.13431567E+00   1.13431596E+00   1.13431631E+00   1.13431672E+00   1.13431720E+00   1.13431776E+00   1.13431841E+00   1.13431915E+00   1.13432001E+00   1.13432100E+00   1.13432213E+00   1.13432342E+00   1.13432488E+00   1.13432654E+00   1.13432841E+00   1.13433052E+00   1.13433289E+00   1.13433553E+00   1.13433848E+00   1.13434175E+00   1.13434536E+00   1.13434935E+00   1.13435373E+00   1.13435850E+00   1.13436369E+00   1.13436931E+00   1.13437536E+00   1.13438182E+00   1.13438868E+00   1.13439592E+00   1.13440347E+00   1.13441126E+00   1.13441923E+00   1.13442723E+00   1.13443513E+00   1.13444268E+00   1.13444971E+00   1.13445586E+00   1.13446084E+00   1.13446409E+00   1.13446521E+00   1.13446344E+00   1.13445821E+00   1.13444844E+00   1.13443334E+00   1.13441146E+00   1.13438170E+00   1.13434212E+00   1.13429127E+00   1.13422658E+00   1.13414620E+00   1.13404677E+00   1.13392590E+00   1.13377905E+00   1.13360326E+00   1.13339337E+00   1.13314534E+00   1.13285208E+00   1.13250920E+00   1.13210807E+00   1.13164287E+00   1.13110337E+00   1.13048275E+00   1.12976824E+00   1.12895174E+00   1.12801873E+00   1.12695976E+00   1.12575708E+00   1.12439959E+00   1.12286818E+00   1.12115134E+00   1.11922509E+00   1.11707427E+00   1.11467603E+00   1.11201645E+00   1.10909233E+00   1.10586476E+00   1.10256191E+00   1.09896125E+00   1.09535518E+00   1.09146143E+00   1.08760724E+00   1.08348688E+00   1.07944055E+00   1.07515347E+00   1.07097574E+00   1.06657700E+00   1.06232967E+00   1.05788821E+00   1.05361580E+00   1.04917891E+00   1.04496471E+00   1.04060428E+00   1.03624735E+00   1.03177305E+00   1.02717329E+00   1.02245998E+00   1.01793060E+00   1.01358614E+00   1.00788649E+00   1.00000000E+00
   1.13376580E+00   1.13376581E+00   1.13376584E+00   1.13376589E+00   1.13376595E+00   1.13376604E+00   1.13376615E+00   1.13376629E+00   1.13376647E+00   1.13376667E+00   1.13376692E+00   1.13376722E+00   1.13376756E+00   1.13376797E+00   1.13376845E+00   1.13376900E+00   1.13376965E+00   1.13377039E+00   1.13377125E+00   1.13377223E+00   1.13377335E+00   1.13377463E+00   1.13377609E+00   1.13377774E+00   1.13377960E+00   1.13378169E+00   1.13378404E+00   1.13378667E+00   1.13378959E+00   1.13379284E+00   1.13379643E+00   1.13380038E+00   1.13380472E+00   1.13380946E+00   1.13381461E+00   1.13382018E+00   1.13382617E+00   1.13383257E+00   1.13383936E+00   1.13384651E+00   1.13385398E+00   1.13386167E+00   1.13386953E+00   1.13387741E+00   1.13388518E+00   1.13389260E+00   1.13389947E+00   1.13390545E+00   1.13391024E+00   1.13391328E+00   1.13391419E+00   1.13391220E+00   1.13390672E+00   1.13389668E+00   1.13388131E+00   1.13385914E+00   1.13382908E+00   1.13378918E+00   1.13373802E+00   1.13367302E+00   1.13359233E+00   1.13349259E+00   1.13337142E+00   1.13322433E+00   1.13304836E+00   1.13283833E+00   1.13259021E+00   1.13229698E+00   1.13195423E+00   1.13155339E+00   1.13108865E+00   1.13054988E+00   1.12993021E+00   1.12921703E+00   1.12840226E+00   1.12747147E+00   1.12641520E+00   1.12521592E+00   1.12386263E+00   1.12233633E+00   1.12062531E+00   1.11870588E+00   1.11656319E+00   1.11417456E+00   1.11152582E+00   1.10861408E+00   1.10540077E+00   1.10211294E+00   1.09852877E+00   1.09493991E+00   1.09106515E+00   1.08722978E+00   1.08312929E+00   1.07910273E+00   1.07483592E+00   1.07067819E+00   1.06630016E+00   1.06207125E+00   1.05764834E+00   1.05339459E+00   1.04897503E+00   1.04477162E+00   1.04042075E+00   1.03607618E+00   1.03161332E+00   1.02702504E+00   1.02231732E+00   1.01774317E+00   1.01335335E+00   1.00772658E+00   1.00000000E+00
   1.13324744E+00   1.13324745E+00   1.13324747E+00   1.13324752E+00   1.13324758E+00   1.13324767E+00   1.13324778E+00   1.13324793E+00   1.13324810E+00   1.13324830E+00   1.13324855E+00   1.13324884E+00   1.13324919E+00   1.13324960E+00   1.13325007E+00   1.13325062E+00   1.13325126E+00   1.13325200E+00   1.13325285E+00   1.13325383E+00   1.13325495E+00   1.13325622E+00   1.13325766E+00   1.13325930E+00   1.13326115E+00   1.13326323E+00   1.13326557E+00   1.13326818E+00   1.13327108E+00   1.13327430E+00   1.13327786E+00   1.13328179E+00   1.13328609E+00   1.13329079E+00   1.13329589E+00   1.13330141E+00   1.13330734E+00   1.13331367E+00   1.13332039E+00   1.13332746E+00   1.13333484E+00   1.13334244E+00   1.13335018E+00   1.13335794E+00   1.13336557E+00   1.13337284E+00   1.13337955E+00   1.13338534E+00   1.13338993E+00   1.13339277E+00   1.13339345E+00   1.13339121E+00   1.13338547E+00   1.13337516E+00   1.13335949E+00   1.13333700E+00   1.13330661E+00   1.13326639E+00   1.13321488E+00   1.13314954E+00   1.13306851E+00   1.13296843E+00   1.13284693E+00   1.13269959E+00   1.13252341E+00   1.13231320E+00   1.13206496E+00   1.13177175E+00   1.13142913E+00   1.13102857E+00   1.13056431E+00   1.13002627E+00   1.12940761E+00   1.12869582E+00   1.12788286E+00   1.12695440E+00   1.12590097E+00   1.12470527E+00   1.12335638E+00   1.12183542E+00   1.12013049E+00   1.11821822E+00   1.11608409E+00   1.11370556E+00   1.11106812E+00   1.10816933E+00   1.10497095E+00   1.10169884E+00   1.09813184E+00   1.09456077E+00   1.09070558E+00   1.08688957E+00   1.08280946E+00   1.07880317E+00   1.07455695E+00   1.07041936E+00   1.06606205E+00   1.06185150E+00   1.05744684E+00   1.05321072E+00   1.04880703E+00   1.04461336E+00   1.04027147E+00   1.03593763E+00   1.03148224E+00   1.02690090E+00   1.02219507E+00   1.01757191E+00   1.01314058E+00   1.00758743E+00   1.00000000E+00
   1.13277079E+00   1.13277080E+00   1.13277083E+00   1.13277087E+00   1.13277094E+00   1.13277103E+00   1.13277114E+00   1.13277128E+00   1.13277145E+00   1.13277165E+00   1.13277190E+00   1.13277219E+00   1.13277254E+00   1.13277294E+00   1.13277341E+00   1.13277396E+00   1.13277460E+00   1.13277534E+00   1.13277618E+00   1.13277715E+00   1.13277826E+00   1.13277953E+00   1.13278097E+00   1.13278260E+00   1.13278443E+00   1.13278650E+00   1.13278882E+00   1.13279141E+00   1.13279429E+00   1.13279749E+00   1.13280103E+00   1.13280492E+00   1.13280919E+00   1.13281384E+00   1.13281890E+00   1.13282436E+00   1.13283024E+00   1.13283650E+00   1.13284315E+00   1.13285013E+00   1.13285741E+00   1.13286491E+00   1.13287254E+00   1.13288016E+00   1.13288765E+00   1.13289476E+00   1.13290130E+00   1.13290690E+00   1.13291128E+00   1.13291390E+00   1.13291433E+00   1.13291183E+00   1.13290581E+00   1.13289519E+00   1.13287920E+00   1.13285638E+00   1.13282564E+00   1.13278505E+00   1.13273317E+00   1.13266745E+00   1.13258603E+00   1.13248559E+00   1.13236373E+00   1.13221607E+00   1.13203964E+00   1.13182921E+00   1.13158083E+00   1.13128759E+00   1.13094505E+00   1.13054475E+00   1.13008095E+00   1.12954365E+00   1.12892599E+00   1.12821561E+00   1.12740450E+00   1.12647842E+00   1.12542792E+00   1.12423590E+00   1.12289155E+00   1.12137608E+00   1.11967744E+00   1.11777260E+00   1.11564736E+00   1.11327926E+00   1.11065349E+00   1.10776807E+00   1.10458512E+00   1.10132925E+00   1.09777988E+00   1.09422696E+00   1.09039171E+00   1.08659533E+00   1.08253582E+00   1.07854995E+00   1.07432428E+00   1.07020663E+00   1.06586959E+00   1.06167682E+00   1.05728949E+00   1.05306949E+00   1.04867973E+00   1.04449402E+00   1.04015947E+00   1.03583353E+00   1.03138070E+00   1.02680157E+00   1.02209452E+00   1.01741798E+00   1.01294906E+00   1.00747085E+00   1.00000000E+00
   1.13234393E+00   1.13234394E+00   1.13234397E+00   1.13234401E+00   1.13234408E+00   1.13234417E+00   1.13234428E+00   1.13234442E+00   1.13234459E+00   1.13234479E+00   1.13234504E+00   1.13234533E+00   1.13234567E+00   1.13234608E+00   1.13234654E+00   1.13234709E+00   1.13234773E+00   1.13234846E+00   1.13234930E+00   1.13235027E+00   1.13235137E+00   1.13235263E+00   1.13235406E+00   1.13235568E+00   1.13235751E+00   1.13235956E+00   1.13236186E+00   1.13236444E+00   1.13236730E+00   1.13237048E+00   1.13237398E+00   1.13237785E+00   1.13238208E+00   1.13238669E+00   1.13239170E+00   1.13239711E+00   1.13240292E+00   1.13240912E+00   1.13241569E+00   1.13242258E+00   1.13242977E+00   1.13243715E+00   1.13244466E+00   1.13245215E+00   1.13245949E+00   1.13246643E+00   1.13247279E+00   1.13247819E+00   1.13248235E+00   1.13248472E+00   1.13248490E+00   1.13248211E+00   1.13247579E+00   1.13246485E+00   1.13244852E+00   1.13242532E+00   1.13239420E+00   1.13235321E+00   1.13230092E+00   1.13223479E+00   1.13215295E+00   1.13205208E+00   1.13192981E+00   1.13178180E+00   1.13160506E+00   1.13139436E+00   1.13114577E+00   1.13085246E+00   1.13050996E+00   1.13010986E+00   1.12964650E+00   1.12910990E+00   1.12849322E+00   1.12778424E+00   1.12697498E+00   1.12605132E+00   1.12500380E+00   1.12381554E+00   1.12247581E+00   1.12096595E+00   1.11927374E+00   1.11737652E+00   1.11526041E+00   1.11290300E+00   1.11028916E+00   1.10741743E+00   1.10425027E+00   1.10101097E+00   1.09747950E+00   1.09394491E+00   1.09012975E+00   1.08635306E+00   1.08231406E+00   1.07834845E+00   1.07414289E+00   1.07004455E+00   1.06572688E+00   1.06155075E+00   1.05717924E+00   1.05297331E+00   1.04859494E+00   1.04441466E+00   1.04008489E+00   1.03576323E+00   1.03130754E+00   1.02672602E+00   1.02201552E+00   1.01728101E+00   1.01277876E+00   1.00737817E+00   1.00000000E+00
   1.18313105E+00   1.18313106E+00   1.18313112E+00   1.18313121E+00   1.18313135E+00   1.18313153E+00   1.18313176E+00   1.18313204E+00   1.18313238E+00   1.18313278E+00   1.18313326E+00   1.18313381E+00   1.18313446E+00   1.18313522E+00   1.18313609E+00   1.18313709E+00   1.18313825E+00   1.18313957E+00   1.18314107E+00   1.18314279E+00   1.18314472E+00   1.18314692E+00   1.18314939E+00   1.18315217E+00   1.18315529E+00   1.18315877E+00   1.18316264E+00   1.18316696E+00   1.18317173E+00   1.18317698E+00   1.18318273E+00   1.18318906E+00   1.18319597E+00   1.18320345E+00   1.18321154E+00   1.18322027E+00   1.18322962E+00   1.18323955E+00   1.18325005E+00   1.18326110E+00   1.18327260E+00   1.18328439E+00   1.18329642E+00   1.18330853E+00   1.18332050E+00   1.18333197E+00   1.18334270E+00   1.18335227E+00   1.18336024E+00   1.18336582E+00   1.18336850E+00   1.18336730E+00   1.18336146E+00   1.18334952E+00   1.18333056E+00   1.18330268E+00   1.18326441E+00   1.18321320E+00   1.18314719E+00   1.18306306E+00   1.18295870E+00   1.18283011E+00   1.18267399E+00   1.18248377E+00   1.18225608E+00   1.18198553E+00   1.18166690E+00   1.18129065E+00   1.18085179E+00   1.18033957E+00   1.17974676E+00   1.17906087E+00   1.17827344E+00   1.17736749E+00   1.17633383E+00   1.17515496E+00   1.17381920E+00   1.17230313E+00   1.17059364E+00   1.16866842E+00   1.16651365E+00   1.16409742E+00   1.16140371E+00   1.15840734E+00   1.15508379E+00   1.15141812E+00   1.14737631E+00   1.14325567E+00   1.13875543E+00   1.13421676E+00   1.12929979E+00   1.12442072E+00   1.11920137E+00   1.11408198E+00   1.10862649E+00   1.10323900E+00   1.09754838E+00   1.09205824E+00   1.08625452E+00   1.08056823E+00   1.07463031E+00   1.06900542E+00   1.06307150E+00   1.05692396E+00   1.05050176E+00   1.04379841E+00   1.03676042E+00   1.02980862E+00   1.02277412E+00   1.01317841E+00   1.00000000E+00
   1.17980773E+00   1.17980774E+00   1.17980780E+00   1.17980789E+00   1.17980802E+00   1.17980820E+00   1.17980842E+00   1.17980869E+00   1.17980902E+00   1.17980941E+00   1.17980987E+00   1.17981041E+00   1.17981104E+00   1.17981178E+00   1.17981262E+00   1.17981360E+00   1.17981472E+00   1.17981600E+00   1.17981747E+00   1.17981914E+00   1.17982103E+00   1.17982316E+00   1.17982557E+00   1.17982828E+00   1.17983132E+00   1.17983472E+00   1.17983849E+00   1.17984270E+00   1.17984735E+00   1.17985247E+00   1.17985808E+00   1.17986426E+00   1.17987099E+00   1.17987828E+00   1.17988617E+00   1.17989468E+00   1.17990379E+00   1.17991346E+00   1.17992368E+00   1.17993442E+00   1.17994559E+00   1.17995705E+00   1.17996872E+00   1.17998044E+00   1.17999200E+00   1.18000304E+00   1.18001333E+00   1.18002242E+00   1.18002989E+00   1.18003497E+00   1.18003714E+00   1.18003542E+00   1.18002904E+00   1.18001660E+00   1.17999714E+00   1.17996875E+00   1.17992998E+00   1.17987831E+00   1.17981195E+00   1.17972761E+00   1.17962310E+00   1.17949429E+00   1.17933800E+00   1.17914802E+00   1.17892092E+00   1.17865109E+00   1.17833332E+00   1.17795832E+00   1.17752109E+00   1.17701094E+00   1.17642064E+00   1.17573775E+00   1.17495396E+00   1.17405274E+00   1.17302486E+00   1.17185280E+00   1.17052495E+00   1.16901839E+00   1.16732036E+00   1.16540899E+00   1.16327045E+00   1.16087313E+00   1.15820029E+00   1.15522637E+00   1.15192929E+00   1.14829732E+00   1.14429312E+00   1.14020643E+00   1.13574327E+00   1.13124881E+00   1.12638505E+00   1.12156340E+00   1.11640436E+00   1.11133851E+00   1.10594184E+00   1.10062493E+00   1.09501287E+00   1.08959197E+00   1.08386214E+00   1.07826534E+00   1.07242801E+00   1.06688695E+00   1.06103177E+00   1.05498755E+00   1.04870350E+00   1.04216248E+00   1.03529834E+00   1.02850988E+00   1.02165085E+00   1.01246284E+00   1.00000000E+00
   1.17563587E+00   1.17563588E+00   1.17563593E+00   1.17563602E+00   1.17563615E+00   1.17563632E+00   1.17563653E+00   1.17563679E+00   1.17563710E+00   1.17563747E+00   1.17563791E+00   1.17563843E+00   1.17563904E+00   1.17563974E+00   1.17564056E+00   1.17564150E+00   1.17564257E+00   1.17564381E+00   1.17564522E+00   1.17564683E+00   1.17564865E+00   1.17565071E+00   1.17565303E+00   1.17565565E+00   1.17565858E+00   1.17566186E+00   1.17566551E+00   1.17566957E+00   1.17567406E+00   1.17567901E+00   1.17568445E+00   1.17569041E+00   1.17569692E+00   1.17570399E+00   1.17571162E+00   1.17571985E+00   1.17572866E+00   1.17573802E+00   1.17574790E+00   1.17575828E+00   1.17576907E+00   1.17578014E+00   1.17579140E+00   1.17580269E+00   1.17581381E+00   1.17582440E+00   1.17583424E+00   1.17584286E+00   1.17584986E+00   1.17585450E+00   1.17585625E+00   1.17585414E+00   1.17584741E+00   1.17583468E+00   1.17581499E+00   1.17578645E+00   1.17574764E+00   1.17569608E+00   1.17563001E+00   1.17554620E+00   1.17544240E+00   1.17531445E+00   1.17515931E+00   1.17497104E+00   1.17474618E+00   1.17447896E+00   1.17416424E+00   1.17379299E+00   1.17336023E+00   1.17285535E+00   1.17227121E+00   1.17159551E+00   1.17082004E+00   1.16992876E+00   1.16891238E+00   1.16775355E+00   1.16644082E+00   1.16495194E+00   1.16327437E+00   1.16138646E+00   1.15927431E+00   1.15690691E+00   1.15426752E+00   1.15133058E+00   1.14807537E+00   1.14449229E+00   1.14054225E+00   1.13650826E+00   1.13210330E+00   1.12767310E+00   1.12288260E+00   1.11813612E+00   1.11305679E+00   1.10806686E+00   1.10275333E+00   1.09752759E+00   1.09201446E+00   1.08668481E+00   1.08105382E+00   1.07556883E+00   1.06985405E+00   1.06442152E+00   1.05867784E+00   1.05277200E+00   1.04665698E+00   1.04030801E+00   1.03364839E+00   1.02705016E+00   1.02040543E+00   1.01168616E+00   1.00000000E+00
   1.17073823E+00   1.17073825E+00   1.17073830E+00   1.17073838E+00   1.17073850E+00   1.17073865E+00   1.17073885E+00   1.17073910E+00   1.17073939E+00   1.17073975E+00   1.17074016E+00   1.17074066E+00   1.17074123E+00   1.17074190E+00   1.17074267E+00   1.17074357E+00   1.17074459E+00   1.17074577E+00   1.17074711E+00   1.17074864E+00   1.17075038E+00   1.17075235E+00   1.17075457E+00   1.17075707E+00   1.17075988E+00   1.17076302E+00   1.17076651E+00   1.17077040E+00   1.17077471E+00   1.17077945E+00   1.17078467E+00   1.17079040E+00   1.17079665E+00   1.17080343E+00   1.17081076E+00   1.17081867E+00   1.17082713E+00   1.17083613E+00   1.17084563E+00   1.17085560E+00   1.17086596E+00   1.17087659E+00   1.17088740E+00   1.17089823E+00   1.17090887E+00   1.17091899E+00   1.17092836E+00   1.17093652E+00   1.17094308E+00   1.17094732E+00   1.17094872E+00   1.17094632E+00   1.17093939E+00   1.17092655E+00   1.17090688E+00   1.17087849E+00   1.17084001E+00   1.17078903E+00   1.17072379E+00   1.17064113E+00   1.17053879E+00   1.17041267E+00   1.17025981E+00   1.17007452E+00   1.16985332E+00   1.16959037E+00   1.16928065E+00   1.16891539E+00   1.16848961E+00   1.16799287E+00   1.16741817E+00   1.16675340E+00   1.16599049E+00   1.16511384E+00   1.16411422E+00   1.16297453E+00   1.16168356E+00   1.16021974E+00   1.15857071E+00   1.15671501E+00   1.15463874E+00   1.15231177E+00   1.14971759E+00   1.14683082E+00   1.14363158E+00   1.14011199E+00   1.13623217E+00   1.13226841E+00   1.12794096E+00   1.12359325E+00   1.11889468E+00   1.11424094E+00   1.10926056E+00   1.10436728E+00   1.09915887E+00   1.09404405E+00   1.08865031E+00   1.08343408E+00   1.07792691E+00   1.07257596E+00   1.06700537E+00   1.06170473E+00   1.05610262E+00   1.05036626E+00   1.04444778E+00   1.03831750E+00   1.03189175E+00   1.02551300E+00   1.01912005E+00   1.01090324E+00   1.00000000E+00
   1.16523536E+00   1.16523537E+00   1.16523541E+00   1.16523549E+00   1.16523560E+00   1.16523575E+00   1.16523593E+00   1.16523616E+00   1.16523644E+00   1.16523677E+00   1.16523716E+00   1.16523762E+00   1.16523816E+00   1.16523879E+00   1.16523951E+00   1.16524036E+00   1.16524132E+00   1.16524243E+00   1.16524370E+00   1.16524515E+00   1.16524679E+00   1.16524866E+00   1.16525076E+00   1.16525313E+00   1.16525580E+00   1.16525878E+00   1.16526210E+00   1.16526579E+00   1.16526989E+00   1.16527441E+00   1.16527937E+00   1.16528483E+00   1.16529079E+00   1.16529726E+00   1.16530425E+00   1.16531180E+00   1.16531988E+00   1.16532846E+00   1.16533753E+00   1.16534705E+00   1.16535695E+00   1.16536710E+00   1.16537742E+00   1.16538774E+00   1.16539788E+00   1.16540751E+00   1.16541639E+00   1.16542409E+00   1.16543022E+00   1.16543409E+00   1.16543519E+00   1.16543258E+00   1.16542555E+00   1.16541275E+00   1.16539327E+00   1.16536528E+00   1.16532745E+00   1.16527742E+00   1.16521346E+00   1.16513248E+00   1.16503227E+00   1.16490877E+00   1.16475914E+00   1.16457789E+00   1.16436160E+00   1.16410437E+00   1.16380133E+00   1.16344401E+00   1.16302744E+00   1.16254141E+00   1.16197908E+00   1.16132859E+00   1.16058202E+00   1.15972425E+00   1.15874615E+00   1.15763101E+00   1.15636781E+00   1.15493573E+00   1.15332258E+00   1.15150713E+00   1.14947559E+00   1.14719886E+00   1.14466083E+00   1.14183635E+00   1.13870622E+00   1.13526403E+00   1.13146978E+00   1.12759258E+00   1.12336047E+00   1.11911227E+00   1.11452340E+00   1.10997953E+00   1.10511683E+00   1.10033966E+00   1.09525707E+00   1.09027262E+00   1.08501873E+00   1.07993737E+00   1.07457776E+00   1.06938184E+00   1.06397587E+00   1.05882874E+00   1.05339558E+00   1.04785594E+00   1.04215682E+00   1.03626619E+00   1.03009820E+00   1.02396345E+00   1.01785227E+00   1.01014972E+00   1.00000000E+00
   1.15923650E+00   1.15923652E+00   1.15923656E+00   1.15923663E+00   1.15923673E+00   1.15923686E+00   1.15923703E+00   1.15923724E+00   1.15923750E+00   1.15923781E+00   1.15923817E+00   1.15923860E+00   1.15923910E+00   1.15923968E+00   1.15924036E+00   1.15924115E+00   1.15924205E+00   1.15924309E+00   1.15924428E+00   1.15924563E+00   1.15924717E+00   1.15924893E+00   1.15925090E+00   1.15925313E+00   1.15925564E+00   1.15925845E+00   1.15926158E+00   1.15926507E+00   1.15926893E+00   1.15927320E+00   1.15927790E+00   1.15928306E+00   1.15928870E+00   1.15929483E+00   1.15930146E+00   1.15930861E+00   1.15931626E+00   1.15932441E+00   1.15933302E+00   1.15934205E+00   1.15935144E+00   1.15936107E+00   1.15937087E+00   1.15938066E+00   1.15939025E+00   1.15939936E+00   1.15940774E+00   1.15941497E+00   1.15942067E+00   1.15942418E+00   1.15942501E+00   1.15942225E+00   1.15941519E+00   1.15940255E+00   1.15938341E+00   1.15935602E+00   1.15931907E+00   1.15927028E+00   1.15920797E+00   1.15912913E+00   1.15903159E+00   1.15891140E+00   1.15876580E+00   1.15858953E+00   1.15837919E+00   1.15812896E+00   1.15783410E+00   1.15748645E+00   1.15708107E+00   1.15660805E+00   1.15606072E+00   1.15542756E+00   1.15470077E+00   1.15386577E+00   1.15291359E+00   1.15182794E+00   1.15059805E+00   1.14920386E+00   1.14763338E+00   1.14586572E+00   1.14388724E+00   1.14167004E+00   1.13919845E+00   1.13644766E+00   1.13339912E+00   1.13004774E+00   1.12635382E+00   1.12257861E+00   1.11845870E+00   1.11432633E+00   1.10986436E+00   1.10544710E+00   1.10072033E+00   1.09607777E+00   1.09114083E+00   1.08630571E+00   1.08121143E+00   1.07628489E+00   1.07109454E+00   1.06607271E+00   1.06084982E+00   1.05587504E+00   1.05063437E+00   1.04531381E+00   1.03985080E+00   1.03421400E+00   1.02832107E+00   1.02244749E+00   1.01663906E+00   1.00944704E+00   1.00000000E+00
   1.15283686E+00   1.15283688E+00   1.15283691E+00   1.15283698E+00   1.15283707E+00   1.15283719E+00   1.15283735E+00   1.15283754E+00   1.15283777E+00   1.15283805E+00   1.15283839E+00   1.15283878E+00   1.15283924E+00   1.15283978E+00   1.15284041E+00   1.15284114E+00   1.15284197E+00   1.15284294E+00   1.15284404E+00   1.15284530E+00   1.15284674E+00   1.15284837E+00   1.15285021E+00   1.15285229E+00   1.15285463E+00   1.15285726E+00   1.15286019E+00   1.15286346E+00   1.15286708E+00   1.15287108E+00   1.15287549E+00   1.15288034E+00   1.15288564E+00   1.15289140E+00   1.15289764E+00   1.15290437E+00   1.15291158E+00   1.15291926E+00   1.15292737E+00   1.15293588E+00   1.15294474E+00   1.15295382E+00   1.15296306E+00   1.15297227E+00   1.15298130E+00   1.15298986E+00   1.15299772E+00   1.15300446E+00   1.15300973E+00   1.15301289E+00   1.15301347E+00   1.15301058E+00   1.15300356E+00   1.15299115E+00   1.15297247E+00   1.15294582E+00   1.15290996E+00   1.15286267E+00   1.15280232E+00   1.15272600E+00   1.15263160E+00   1.15251531E+00   1.15237444E+00   1.15220396E+00   1.15200055E+00   1.15175845E+00   1.15147313E+00   1.15113671E+00   1.15074436E+00   1.15028648E+00   1.14975661E+00   1.14914358E+00   1.14843980E+00   1.14763122E+00   1.14670910E+00   1.14565761E+00   1.14446627E+00   1.14311581E+00   1.14159447E+00   1.13988183E+00   1.13796445E+00   1.13581575E+00   1.13342052E+00   1.13075445E+00   1.12779962E+00   1.12455219E+00   1.12097298E+00   1.11731467E+00   1.11332325E+00   1.10932260E+00   1.10500426E+00   1.10072992E+00   1.09615672E+00   1.09166627E+00   1.08689369E+00   1.08222577E+00   1.07730930E+00   1.07255527E+00   1.06755314E+00   1.06272177E+00   1.05769751E+00   1.05291006E+00   1.04788071E+00   1.04279611E+00   1.03757968E+00   1.03220452E+00   1.02659804E+00   1.02099521E+00   1.01550217E+00   1.00880716E+00   1.00000000E+00
   1.14611729E+00   1.14611730E+00   1.14611733E+00   1.14611739E+00   1.14611747E+00   1.14611759E+00   1.14611773E+00   1.14611790E+00   1.14611811E+00   1.14611837E+00   1.14611867E+00   1.14611903E+00   1.14611945E+00   1.14611995E+00   1.14612052E+00   1.14612119E+00   1.14612196E+00   1.14612284E+00   1.14612386E+00   1.14612502E+00   1.14612635E+00   1.14612785E+00   1.14612956E+00   1.14613149E+00   1.14613366E+00   1.14613609E+00   1.14613881E+00   1.14614185E+00   1.14614522E+00   1.14614895E+00   1.14615306E+00   1.14615758E+00   1.14616252E+00   1.14616790E+00   1.14617373E+00   1.14618002E+00   1.14618676E+00   1.14619394E+00   1.14620153E+00   1.14620950E+00   1.14621778E+00   1.14622629E+00   1.14623493E+00   1.14624355E+00   1.14625198E+00   1.14625997E+00   1.14626728E+00   1.14627351E+00   1.14627834E+00   1.14628115E+00   1.14628148E+00   1.14627850E+00   1.14627155E+00   1.14625944E+00   1.14624132E+00   1.14621555E+00   1.14618094E+00   1.14613538E+00   1.14607727E+00   1.14600383E+00   1.14591301E+00   1.14580115E+00   1.14566566E+00   1.14550173E+00   1.14530615E+00   1.14507327E+00   1.14479877E+00   1.14447511E+00   1.14409754E+00   1.14365684E+00   1.14314682E+00   1.14255666E+00   1.14187900E+00   1.14110041E+00   1.14021237E+00   1.13919961E+00   1.13805194E+00   1.13675092E+00   1.13528512E+00   1.13363464E+00   1.13178634E+00   1.12971501E+00   1.12740599E+00   1.12483553E+00   1.12198642E+00   1.11885598E+00   1.11540568E+00   1.11187878E+00   1.10803170E+00   1.10417819E+00   1.10001960E+00   1.09590376E+00   1.09150080E+00   1.08717852E+00   1.08258736E+00   1.07810268E+00   1.07337987E+00   1.06881309E+00   1.06401480E+00   1.05938701E+00   1.05457339E+00   1.04998390E+00   1.04517978E+00   1.04034291E+00   1.03537795E+00   1.03026707E+00   1.02495399E+00   1.01962464E+00   1.01445280E+00   1.00823615E+00   1.00000000E+00
   1.13914462E+00   1.13914463E+00   1.13914466E+00   1.13914471E+00   1.13914478E+00   1.13914488E+00   1.13914501E+00   1.13914517E+00   1.13914536E+00   1.13914559E+00   1.13914586E+00   1.13914619E+00   1.13914657E+00   1.13914702E+00   1.13914754E+00   1.13914814E+00   1.13914884E+00   1.13914965E+00   1.13915058E+00   1.13915164E+00   1.13915286E+00   1.13915424E+00   1.13915580E+00   1.13915757E+00   1.13915956E+00   1.13916181E+00   1.13916431E+00   1.13916711E+00   1.13917022E+00   1.13917366E+00   1.13917746E+00   1.13918164E+00   1.13918621E+00   1.13919120E+00   1.13919660E+00   1.13920243E+00   1.13920868E+00   1.13921534E+00   1.13922239E+00   1.13922979E+00   1.13923748E+00   1.13924538E+00   1.13925341E+00   1.13926140E+00   1.13926922E+00   1.13927660E+00   1.13928334E+00   1.13928906E+00   1.13929343E+00   1.13929589E+00   1.13929600E+00   1.13929294E+00   1.13928612E+00   1.13927437E+00   1.13925690E+00   1.13923214E+00   1.13919897E+00   1.13915535E+00   1.13909977E+00   1.13902955E+00   1.13894274E+00   1.13883585E+00   1.13870639E+00   1.13854979E+00   1.13836295E+00   1.13814040E+00   1.13787801E+00   1.13756864E+00   1.13720764E+00   1.13678621E+00   1.13629843E+00   1.13573391E+00   1.13508555E+00   1.13434056E+00   1.13349069E+00   1.13252127E+00   1.13142247E+00   1.13017671E+00   1.12877293E+00   1.12719187E+00   1.12542073E+00   1.12343576E+00   1.12122285E+00   1.11875890E+00   1.11602753E+00   1.11302702E+00   1.10971955E+00   1.10633814E+00   1.10265068E+00   1.09895899E+00   1.09497528E+00   1.09103235E+00   1.08681479E+00   1.08267481E+00   1.07827994E+00   1.07399210E+00   1.06947589E+00   1.06510780E+00   1.06052541E+00   1.05611094E+00   1.05151641E+00   1.04713127E+00   1.04256197E+00   1.03798048E+00   1.03326740E+00   1.02841969E+00   1.02340418E+00   1.01834506E+00   1.01349514E+00   1.00773685E+00   1.00000000E+00
   1.25092033E+00   1.25092038E+00   1.25092053E+00   1.25092078E+00   1.25092112E+00   1.25092157E+00   1.25092212E+00   1.25092278E+00   1.25092357E+00   1.25092449E+00   1.25092556E+00   1.25092680E+00   1.25092823E+00   1.25092987E+00   1.25093173E+00   1.25093385E+00   1.25093625E+00   1.25093897E+00   1.25094204E+00   1.25094549E+00   1.25094935E+00   1.25095366E+00   1.25095847E+00   1.25096383E+00   1.25096978E+00   1.25097634E+00   1.25098357E+00   1.25099155E+00   1.25100027E+00   1.25100976E+00   1.25102007E+00   1.25103131E+00   1.25104346E+00   1.25105649E+00   1.25107043E+00   1.25108537E+00   1.25110123E+00   1.25111789E+00   1.25113535E+00   1.25115355E+00   1.25117230E+00   1.25119133E+00   1.25121054E+00   1.25122972E+00   1.25124847E+00   1.25126618E+00   1.25128252E+00   1.25129684E+00   1.25130844E+00   1.25131609E+00   1.25131905E+00   1.25131586E+00   1.25130543E+00   1.25128573E+00   1.25125544E+00   1.25121176E+00   1.25115258E+00   1.25107434E+00   1.25097449E+00   1.25084846E+00   1.25069357E+00   1.25050449E+00   1.25027634E+00   1.24999964E+00   1.24967051E+00   1.24928289E+00   1.24882960E+00   1.24829764E+00   1.24768045E+00   1.24696384E+00   1.24613915E+00   1.24519088E+00   1.24410709E+00   1.24286465E+00   1.24145407E+00   1.23985458E+00   1.23804839E+00   1.23600346E+00   1.23370928E+00   1.23114412E+00   1.22828160E+00   1.22507193E+00   1.22150988E+00   1.21757627E+00   1.21321442E+00   1.20838454E+00   1.20307684E+00   1.19769889E+00   1.19181149E+00   1.18583792E+00   1.17936312E+00   1.17294283E+00   1.16607212E+00   1.15933044E+00   1.15210428E+00   1.14491031E+00   1.13729637E+00   1.12993359E+00   1.12210624E+00   1.11439524E+00   1.10629741E+00   1.09856311E+00   1.09035758E+00   1.08180265E+00   1.07278341E+00   1.06328887E+00   1.05326734E+00   1.04311842E+00   1.03251506E+00   1.01850395E+00   1.00000000E+00
   1.24496747E+00   1.24496752E+00   1.24496766E+00   1.24496790E+00   1.24496823E+00   1.24496865E+00   1.24496918E+00   1.24496981E+00   1.24497056E+00   1.24497145E+00   1.24497247E+00   1.24497367E+00   1.24497504E+00   1.24497661E+00   1.24497840E+00   1.24498044E+00   1.24498275E+00   1.24498537E+00   1.24498832E+00   1.24499164E+00   1.24499536E+00   1.24499952E+00   1.24500415E+00   1.24500932E+00   1.24501504E+00   1.24502137E+00   1.24502834E+00   1.24503602E+00   1.24504441E+00   1.24505356E+00   1.24506351E+00   1.24507434E+00   1.24508603E+00   1.24509858E+00   1.24511201E+00   1.24512636E+00   1.24514159E+00   1.24515759E+00   1.24517434E+00   1.24519175E+00   1.24520966E+00   1.24522782E+00   1.24524612E+00   1.24526429E+00   1.24528195E+00   1.24529854E+00   1.24531370E+00   1.24532671E+00   1.24533693E+00   1.24534317E+00   1.24534467E+00   1.24533994E+00   1.24532793E+00   1.24530660E+00   1.24527460E+00   1.24522910E+00   1.24516804E+00   1.24508793E+00   1.24498629E+00   1.24485862E+00   1.24470198E+00   1.24451073E+00   1.24428035E+00   1.24400213E+00   1.24367200E+00   1.24328326E+00   1.24282871E+00   1.24229574E+00   1.24167792E+00   1.24096117E+00   1.24013661E+00   1.23918860E+00   1.23810571E+00   1.23686601E+00   1.23545925E+00   1.23386412E+00   1.23206402E+00   1.23002881E+00   1.22774674E+00   1.22519476E+00   1.22234889E+00   1.21916273E+00   1.21562597E+00   1.21171359E+00   1.20737803E+00   1.20259210E+00   1.19733500E+00   1.19199629E+00   1.18615168E+00   1.18023793E+00   1.17383946E+00   1.16750280E+00   1.16071977E+00   1.15405604E+00   1.14691825E+00   1.13983492E+00   1.13235048E+00   1.12510991E+00   1.11741107E+00   1.10984827E+00   1.10192802E+00   1.09436467E+00   1.08632803E+00   1.07797690E+00   1.06922447E+00   1.06004722E+00   1.05036417E+00   1.04056893E+00   1.03039819E+00   1.01719653E+00   1.00000000E+00
   1.23683930E+00   1.23683934E+00   1.23683947E+00   1.23683969E+00   1.23684000E+00   1.23684039E+00   1.23684088E+00   1.23684147E+00   1.23684217E+00   1.23684299E+00   1.23684395E+00   1.23684506E+00   1.23684634E+00   1.23684782E+00   1.23684949E+00   1.23685141E+00   1.23685358E+00   1.23685605E+00   1.23685882E+00   1.23686195E+00   1.23686545E+00   1.23686938E+00   1.23687375E+00   1.23687863E+00   1.23688404E+00   1.23689002E+00   1.23689661E+00   1.23690387E+00   1.23691182E+00   1.23692048E+00   1.23692991E+00   1.23694017E+00   1.23695125E+00   1.23696316E+00   1.23697590E+00   1.23698950E+00   1.23700393E+00   1.23701909E+00   1.23703496E+00   1.23705142E+00   1.23706835E+00   1.23708551E+00   1.23710278E+00   1.23711985E+00   1.23713640E+00   1.23715186E+00   1.23716586E+00   1.23717771E+00   1.23718675E+00   1.23719187E+00   1.23719230E+00   1.23718657E+00   1.23717365E+00   1.23715151E+00   1.23711880E+00   1.23707275E+00   1.23701136E+00   1.23693122E+00   1.23682989E+00   1.23670292E+00   1.23654730E+00   1.23635734E+00   1.23612879E+00   1.23585352E+00   1.23552730E+00   1.23514302E+00   1.23469363E+00   1.23416696E+00   1.23355667E+00   1.23284886E+00   1.23203469E+00   1.23109864E+00   1.23002966E+00   1.22880676E+00   1.22741939E+00   1.22584630E+00   1.22407177E+00   1.22206716E+00   1.21982006E+00   1.21730657E+00   1.21450400E+00   1.21136852E+00   1.20788762E+00   1.20403374E+00   1.19976464E+00   1.19506087E+00   1.18989524E+00   1.18464237E+00   1.17889258E+00   1.17308716E+00   1.16681436E+00   1.16060751E+00   1.15396300E+00   1.14743348E+00   1.14044482E+00   1.13352764E+00   1.12622944E+00   1.11916831E+00   1.11166195E+00   1.10431101E+00   1.09663406E+00   1.08930758E+00   1.08151411E+00   1.07344224E+00   1.06503216E+00   1.05625326E+00   1.04699587E+00   1.03763659E+00   1.02799425E+00   1.01574184E+00   1.00000000E+00
   1.22670346E+00   1.22670350E+00   1.22670362E+00   1.22670382E+00   1.22670409E+00   1.22670444E+00   1.22670488E+00   1.22670541E+00   1.22670605E+00   1.22670680E+00   1.22670767E+00   1.22670868E+00   1.22670985E+00   1.22671120E+00   1.22671273E+00   1.22671449E+00   1.22671648E+00   1.22671874E+00   1.22672130E+00   1.22672418E+00   1.22672741E+00   1.22673103E+00   1.22673508E+00   1.22673959E+00   1.22674460E+00   1.22675014E+00   1.22675626E+00   1.22676300E+00   1.22677039E+00   1.22677846E+00   1.22678724E+00   1.22679681E+00   1.22680714E+00   1.22681825E+00   1.22683015E+00   1.22684286E+00   1.22685634E+00   1.22687052E+00   1.22688535E+00   1.22690074E+00   1.22691656E+00   1.22693261E+00   1.22694873E+00   1.22696464E+00   1.22698002E+00   1.22699434E+00   1.22700724E+00   1.22701802E+00   1.22702608E+00   1.22703034E+00   1.22703005E+00   1.22702380E+00   1.22701056E+00   1.22698837E+00   1.22695591E+00   1.22691047E+00   1.22685015E+00   1.22677165E+00   1.22667257E+00   1.22654856E+00   1.22639662E+00   1.22621118E+00   1.22598821E+00   1.22572003E+00   1.22540238E+00   1.22502791E+00   1.22458983E+00   1.22407648E+00   1.22348158E+00   1.22279157E+00   1.22199777E+00   1.22108499E+00   1.22004253E+00   1.21885031E+00   1.21749773E+00   1.21596398E+00   1.21423401E+00   1.21228055E+00   1.21009075E+00   1.20764039E+00   1.20490771E+00   1.20185141E+00   1.19845806E+00   1.19469894E+00   1.19053541E+00   1.18595344E+00   1.18092239E+00   1.17580213E+00   1.17019863E+00   1.16455082E+00   1.15845527E+00   1.15242824E+00   1.14597711E+00   1.13963923E+00   1.13286068E+00   1.12616697E+00   1.11911461E+00   1.11229345E+00   1.10504681E+00   1.09797259E+00   1.09060399E+00   1.08357777E+00   1.07609967E+00   1.06838252E+00   1.06039000E+00   1.05208698E+00   1.04333973E+00   1.03450203E+00   1.02547870E+00   1.01425609E+00   1.00000000E+00
   1.21474621E+00   1.21474624E+00   1.21474634E+00   1.21474651E+00   1.21474675E+00   1.21474706E+00   1.21474744E+00   1.21474791E+00   1.21474847E+00   1.21474913E+00   1.21474990E+00   1.21475080E+00   1.21475184E+00   1.21475304E+00   1.21475441E+00   1.21475598E+00   1.21475777E+00   1.21475980E+00   1.21476209E+00   1.21476469E+00   1.21476760E+00   1.21477087E+00   1.21477453E+00   1.21477862E+00   1.21478317E+00   1.21478821E+00   1.21479377E+00   1.21479992E+00   1.21480665E+00   1.21481403E+00   1.21482207E+00   1.21483083E+00   1.21484030E+00   1.21485051E+00   1.21486144E+00   1.21487313E+00   1.21488554E+00   1.21489860E+00   1.21491227E+00   1.21492646E+00   1.21494107E+00   1.21495588E+00   1.21497077E+00   1.21498544E+00   1.21499959E+00   1.21501276E+00   1.21502458E+00   1.21503437E+00   1.21504157E+00   1.21504517E+00   1.21504446E+00   1.21503807E+00   1.21502501E+00   1.21500342E+00   1.21497200E+00   1.21492817E+00   1.21487015E+00   1.21479473E+00   1.21469960E+00   1.21458058E+00   1.21443474E+00   1.21425670E+00   1.21404266E+00   1.21378535E+00   1.21348054E+00   1.21312087E+00   1.21269985E+00   1.21220637E+00   1.21163428E+00   1.21097047E+00   1.21020657E+00   1.20932785E+00   1.20832398E+00   1.20717587E+00   1.20587305E+00   1.20439534E+00   1.20272828E+00   1.20084599E+00   1.19873546E+00   1.19637249E+00   1.19373628E+00   1.19078818E+00   1.18751441E+00   1.18388601E+00   1.17986724E+00   1.17544827E+00   1.17059683E+00   1.16565681E+00   1.16025200E+00   1.15481298E+00   1.14894886E+00   1.14315447E+00   1.13695405E+00   1.13086605E+00   1.12435951E+00   1.11794865E+00   1.11120402E+00   1.10468465E+00   1.09776557E+00   1.09103200E+00   1.08403482E+00   1.07736951E+00   1.07027670E+00   1.06298702E+00   1.05548067E+00   1.04771894E+00   1.03955271E+00   1.03130966E+00   1.02297640E+00   1.01281425E+00   1.00000000E+00
   1.20113348E+00   1.20113350E+00   1.20113359E+00   1.20113373E+00   1.20113393E+00   1.20113420E+00   1.20113452E+00   1.20113492E+00   1.20113540E+00   1.20113597E+00   1.20113663E+00   1.20113741E+00   1.20113831E+00   1.20113935E+00   1.20114054E+00   1.20114191E+00   1.20114347E+00   1.20114525E+00   1.20114726E+00   1.20114954E+00   1.20115211E+00   1.20115500E+00   1.20115824E+00   1.20116186E+00   1.20116590E+00   1.20117038E+00   1.20117534E+00   1.20118083E+00   1.20118685E+00   1.20119346E+00   1.20120068E+00   1.20120855E+00   1.20121707E+00   1.20122627E+00   1.20123614E+00   1.20124670E+00   1.20125792E+00   1.20126976E+00   1.20128216E+00   1.20129505E+00   1.20130832E+00   1.20132179E+00   1.20133534E+00   1.20134868E+00   1.20136156E+00   1.20137353E+00   1.20138425E+00   1.20139308E+00   1.20139951E+00   1.20140259E+00   1.20140165E+00   1.20139540E+00   1.20138292E+00   1.20136243E+00   1.20133271E+00   1.20129133E+00   1.20123661E+00   1.20116551E+00   1.20107583E+00   1.20096359E+00   1.20082600E+00   1.20065794E+00   1.20045581E+00   1.20021282E+00   1.19992483E+00   1.19958461E+00   1.19918604E+00   1.19871864E+00   1.19817642E+00   1.19754692E+00   1.19682212E+00   1.19598791E+00   1.19503439E+00   1.19394358E+00   1.19270526E+00   1.19130004E+00   1.18971413E+00   1.18792310E+00   1.18591402E+00   1.18366312E+00   1.18115065E+00   1.17834082E+00   1.17521988E+00   1.17175927E+00   1.16792605E+00   1.16371387E+00   1.15908989E+00   1.15437981E+00   1.14922845E+00   1.14405225E+00   1.13847666E+00   1.13297036E+00   1.12708032E+00   1.12130154E+00   1.11513040E+00   1.10906360E+00   1.10268958E+00   1.09653326E+00   1.09000823E+00   1.08367680E+00   1.07711037E+00   1.07086173E+00   1.06421916E+00   1.05742303E+00   1.05046022E+00   1.04328953E+00   1.03575837E+00   1.02816467E+00   1.02056955E+00   1.01146145E+00   1.00000000E+00
   1.18599309E+00   1.18599311E+00   1.18599318E+00   1.18599330E+00   1.18599346E+00   1.18599368E+00   1.18599395E+00   1.18599428E+00   1.18599467E+00   1.18599515E+00   1.18599570E+00   1.18599635E+00   1.18599711E+00   1.18599798E+00   1.18599899E+00   1.18600015E+00   1.18600148E+00   1.18600299E+00   1.18600471E+00   1.18600667E+00   1.18600887E+00   1.18601136E+00   1.18601415E+00   1.18601728E+00   1.18602078E+00   1.18602467E+00   1.18602899E+00   1.18603377E+00   1.18603904E+00   1.18604483E+00   1.18605116E+00   1.18605807E+00   1.18606558E+00   1.18607369E+00   1.18608241E+00   1.18609176E+00   1.18610171E+00   1.18611221E+00   1.18612324E+00   1.18613471E+00   1.18614655E+00   1.18615858E+00   1.18617068E+00   1.18618261E+00   1.18619413E+00   1.18620483E+00   1.18621441E+00   1.18622228E+00   1.18622796E+00   1.18623060E+00   1.18622957E+00   1.18622368E+00   1.18621208E+00   1.18619310E+00   1.18616562E+00   1.18612739E+00   1.18607685E+00   1.18601117E+00   1.18592827E+00   1.18582446E+00   1.18569710E+00   1.18554140E+00   1.18535401E+00   1.18512863E+00   1.18486130E+00   1.18454507E+00   1.18417423E+00   1.18373906E+00   1.18323378E+00   1.18264670E+00   1.18197029E+00   1.18119120E+00   1.18030003E+00   1.17928005E+00   1.17812143E+00   1.17680576E+00   1.17532000E+00   1.17364139E+00   1.17175725E+00   1.16964466E+00   1.16728513E+00   1.16464599E+00   1.16171370E+00   1.15846063E+00   1.15485697E+00   1.15089922E+00   1.14655434E+00   1.14212712E+00   1.13728753E+00   1.13243164E+00   1.12720478E+00   1.12204459E+00   1.11652675E+00   1.11111736E+00   1.10534614E+00   1.09968537E+00   1.09374407E+00   1.08800950E+00   1.08194194E+00   1.07607017E+00   1.06998824E+00   1.06420490E+00   1.05807057E+00   1.05182558E+00   1.04545085E+00   1.03890553E+00   1.03204786E+00   1.02513942E+00   1.01830923E+00   1.01022367E+00   1.00000000E+00
   1.16940690E+00   1.16940692E+00   1.16940697E+00   1.16940707E+00   1.16940719E+00   1.16940736E+00   1.16940758E+00   1.16940784E+00   1.16940816E+00   1.16940853E+00   1.16940898E+00   1.16940951E+00   1.16941012E+00   1.16941083E+00   1.16941166E+00   1.16941261E+00   1.16941370E+00   1.16941495E+00   1.16941637E+00   1.16941799E+00   1.16941982E+00   1.16942190E+00   1.16942423E+00   1.16942686E+00   1.16942980E+00   1.16943308E+00   1.16943673E+00   1.16944078E+00   1.16944525E+00   1.16945018E+00   1.16945558E+00   1.16946150E+00   1.16946793E+00   1.16947489E+00   1.16948240E+00   1.16949046E+00   1.16949905E+00   1.16950814E+00   1.16951771E+00   1.16952767E+00   1.16953797E+00   1.16954846E+00   1.16955902E+00   1.16956945E+00   1.16957952E+00   1.16958890E+00   1.16959728E+00   1.16960416E+00   1.16960912E+00   1.16961138E+00   1.16961037E+00   1.16960503E+00   1.16959457E+00   1.16957750E+00   1.16955278E+00   1.16951838E+00   1.16947289E+00   1.16941373E+00   1.16933897E+00   1.16924525E+00   1.16913014E+00   1.16898926E+00   1.16881953E+00   1.16861521E+00   1.16837261E+00   1.16808517E+00   1.16774770E+00   1.16735132E+00   1.16689058E+00   1.16635471E+00   1.16573673E+00   1.16502424E+00   1.16420851E+00   1.16327417E+00   1.16221190E+00   1.16100453E+00   1.15963994E+00   1.15809723E+00   1.15636419E+00   1.15441910E+00   1.15224506E+00   1.14981275E+00   1.14710885E+00   1.14410716E+00   1.14078161E+00   1.13713073E+00   1.13312116E+00   1.12903356E+00   1.12456818E+00   1.12009364E+00   1.11527851E+00   1.11052446E+00   1.10544215E+00   1.10046221E+00   1.09515560E+00   1.08996230E+00   1.08451332E+00   1.07925512E+00   1.07370418E+00   1.06834482E+00   1.06279462E+00   1.05751698E+00   1.05194168E+00   1.04629718E+00   1.04054261E+00   1.03464346E+00   1.02848507E+00   1.02228073E+00   1.01622469E+00   1.00911504E+00   1.00000000E+00
   1.15140659E+00   1.15140660E+00   1.15140664E+00   1.15140671E+00   1.15140681E+00   1.15140693E+00   1.15140709E+00   1.15140729E+00   1.15140753E+00   1.15140782E+00   1.15140817E+00   1.15140857E+00   1.15140905E+00   1.15140960E+00   1.15141024E+00   1.15141099E+00   1.15141184E+00   1.15141283E+00   1.15141396E+00   1.15141525E+00   1.15141671E+00   1.15141837E+00   1.15142025E+00   1.15142236E+00   1.15142474E+00   1.15142740E+00   1.15143037E+00   1.15143367E+00   1.15143733E+00   1.15144137E+00   1.15144582E+00   1.15145069E+00   1.15145601E+00   1.15146179E+00   1.15146803E+00   1.15147474E+00   1.15148192E+00   1.15148954E+00   1.15149757E+00   1.15150596E+00   1.15151465E+00   1.15152352E+00   1.15153248E+00   1.15154134E+00   1.15154993E+00   1.15155794E+00   1.15156513E+00   1.15157106E+00   1.15157536E+00   1.15157736E+00   1.15157657E+00   1.15157206E+00   1.15156313E+00   1.15154849E+00   1.15152720E+00   1.15149751E+00   1.15145815E+00   1.15140684E+00   1.15134187E+00   1.15126027E+00   1.15115984E+00   1.15103672E+00   1.15088812E+00   1.15070899E+00   1.15049594E+00   1.15024299E+00   1.14994553E+00   1.14959568E+00   1.14918839E+00   1.14871402E+00   1.14816623E+00   1.14753375E+00   1.14680868E+00   1.14597722E+00   1.14503068E+00   1.14395335E+00   1.14273426E+00   1.14135461E+00   1.13980284E+00   1.13805874E+00   1.13610739E+00   1.13392300E+00   1.13149231E+00   1.12879090E+00   1.12579738E+00   1.12251126E+00   1.11889800E+00   1.11521070E+00   1.11118609E+00   1.10715717E+00   1.10281880E+00   1.09853220E+00   1.09394944E+00   1.08945794E+00   1.08467999E+00   1.08001416E+00   1.07511364E+00   1.07038155E+00   1.06540191E+00   1.06060303E+00   1.05562539E+00   1.05088553E+00   1.04591386E+00   1.04091238E+00   1.03579842E+00   1.03055483E+00   1.02511244E+00   1.01961618E+00   1.01432998E+00   1.00814275E+00   1.00000000E+00
   1.32993664E+00   1.32993679E+00   1.32993721E+00   1.32993787E+00   1.32993875E+00   1.32993985E+00   1.32994118E+00   1.32994275E+00   1.32994460E+00   1.32994673E+00   1.32994916E+00   1.32995196E+00   1.32995512E+00   1.32995871E+00   1.32996274E+00   1.32996727E+00   1.32997234E+00   1.32997803E+00   1.32998436E+00   1.32999140E+00   1.32999919E+00   1.33000778E+00   1.33001725E+00   1.33002770E+00   1.33003915E+00   1.33005165E+00   1.33006526E+00   1.33008011E+00   1.33009615E+00   1.33011339E+00   1.33013194E+00   1.33015194E+00   1.33017331E+00   1.33019595E+00   1.33021992E+00   1.33024528E+00   1.33027191E+00   1.33029953E+00   1.33032810E+00   1.33035745E+00   1.33038725E+00   1.33041701E+00   1.33044658E+00   1.33047553E+00   1.33050320E+00   1.33052854E+00   1.33055105E+00   1.33056965E+00   1.33058324E+00   1.33058984E+00   1.33058833E+00   1.33057645E+00   1.33055270E+00   1.33051418E+00   1.33045885E+00   1.33038248E+00   1.33028209E+00   1.33015267E+00   1.32999064E+00   1.32978962E+00   1.32954616E+00   1.32925307E+00   1.32890316E+00   1.32848298E+00   1.32798830E+00   1.32741235E+00   1.32674541E+00   1.32596979E+00   1.32507668E+00   1.32404755E+00   1.32287244E+00   1.32153258E+00   1.32001135E+00   1.31827814E+00   1.31632374E+00   1.31412410E+00   1.31165417E+00   1.30887241E+00   1.30577212E+00   1.30233374E+00   1.29851623E+00   1.29424778E+00   1.28953507E+00   1.28436736E+00   1.27865476E+00   1.27233133E+00   1.26540737E+00   1.25842808E+00   1.25079958E+00   1.24305986E+00   1.23468758E+00   1.22640923E+00   1.21756136E+00   1.20887915E+00   1.19956715E+00   1.19029007E+00   1.18046356E+00   1.17094907E+00   1.16083446E+00   1.15087199E+00   1.14037842E+00   1.13030931E+00   1.11965951E+00   1.10858324E+00   1.09680970E+00   1.08430684E+00   1.07112725E+00   1.05769254E+00   1.04338314E+00   1.02454550E+00   1.00000000E+00
   1.32194577E+00   1.32194591E+00   1.32194631E+00   1.32194693E+00   1.32194777E+00   1.32194881E+00   1.32195008E+00   1.32195158E+00   1.32195334E+00   1.32195538E+00   1.32195772E+00   1.32196039E+00   1.32196343E+00   1.32196686E+00   1.32197073E+00   1.32197508E+00   1.32197996E+00   1.32198542E+00   1.32199149E+00   1.32199825E+00   1.32200572E+00   1.32201398E+00   1.32202307E+00   1.32203310E+00   1.32204408E+00   1.32205607E+00   1.32206913E+00   1.32208334E+00   1.32209869E+00   1.32211523E+00   1.32213300E+00   1.32215212E+00   1.32217254E+00   1.32219417E+00   1.32221705E+00   1.32224120E+00   1.32226650E+00   1.32229272E+00   1.32231976E+00   1.32234743E+00   1.32237544E+00   1.32240335E+00   1.32243094E+00   1.32245768E+00   1.32248296E+00   1.32250580E+00   1.32252562E+00   1.32254124E+00   1.32255162E+00   1.32255487E+00   1.32254983E+00   1.32253422E+00   1.32250650E+00   1.32246371E+00   1.32240378E+00   1.32232243E+00   1.32221675E+00   1.32208184E+00   1.32191417E+00   1.32170742E+00   1.32145764E+00   1.32115706E+00   1.32079921E+00   1.32037201E+00   1.31987074E+00   1.31928730E+00   1.31861185E+00   1.31782725E+00   1.31692512E+00   1.31588709E+00   1.31470263E+00   1.31335238E+00   1.31182085E+00   1.31007950E+00   1.30811753E+00   1.30590955E+00   1.30343316E+00   1.30065019E+00   1.29755055E+00   1.29411067E+00   1.29029477E+00   1.28603825E+00   1.28133811E+00   1.27617118E+00   1.27046333E+00   1.26417236E+00   1.25729137E+00   1.25033951E+00   1.24274146E+00   1.23505673E+00   1.22676121E+00   1.21856963E+00   1.20981458E+00   1.20121915E+00   1.19200952E+00   1.18286247E+00   1.17319623E+00   1.16384438E+00   1.15390358E+00   1.14413630E+00   1.13388406E+00   1.12406400E+00   1.11366452E+00   1.10287294E+00   1.09147429E+00   1.07943579E+00   1.06675226E+00   1.05383435E+00   1.04019405E+00   1.02258274E+00   1.00000000E+00
   1.31017371E+00   1.31017384E+00   1.31017421E+00   1.31017477E+00   1.31017553E+00   1.31017648E+00   1.31017764E+00   1.31017903E+00   1.31018064E+00   1.31018252E+00   1.31018468E+00   1.31018715E+00   1.31018996E+00   1.31019314E+00   1.31019673E+00   1.31020077E+00   1.31020531E+00   1.31021038E+00   1.31021604E+00   1.31022232E+00   1.31022929E+00   1.31023700E+00   1.31024549E+00   1.31025484E+00   1.31026510E+00   1.31027631E+00   1.31028851E+00   1.31030179E+00   1.31031615E+00   1.31033164E+00   1.31034829E+00   1.31036619E+00   1.31038529E+00   1.31040555E+00   1.31042697E+00   1.31044955E+00   1.31047317E+00   1.31049764E+00   1.31052286E+00   1.31054860E+00   1.31057462E+00   1.31060048E+00   1.31062594E+00   1.31065045E+00   1.31067341E+00   1.31069393E+00   1.31071136E+00   1.31072452E+00   1.31073241E+00   1.31073324E+00   1.31072584E+00   1.31070795E+00   1.31067803E+00   1.31063311E+00   1.31057114E+00   1.31048792E+00   1.31038064E+00   1.31024450E+00   1.31007599E+00   1.30986885E+00   1.30961896E+00   1.30931849E+00   1.30896145E+00   1.30853664E+00   1.30803898E+00   1.30745955E+00   1.30678868E+00   1.30600992E+00   1.30511506E+00   1.30408605E+00   1.30291221E+00   1.30157420E+00   1.30005720E+00   1.29833420E+00   1.29639370E+00   1.29421025E+00   1.29176295E+00   1.28901586E+00   1.28595711E+00   1.28256088E+00   1.27879391E+00   1.27459654E+00   1.26996170E+00   1.26486075E+00   1.25922830E+00   1.25303636E+00   1.24626894E+00   1.23942346E+00   1.23194224E+00   1.22439279E+00   1.21625770E+00   1.20823504E+00   1.19966342E+00   1.19125084E+00   1.18224579E+00   1.17332570E+00   1.16392146E+00   1.15483193E+00   1.14517178E+00   1.13570672E+00   1.12580849E+00   1.11634728E+00   1.10631477E+00   1.09592651E+00   1.08502824E+00   1.07359062E+00   1.06154764E+00   1.04928441E+00   1.03646850E+00   1.02032927E+00   1.00000000E+00
   1.29473789E+00   1.29473801E+00   1.29473832E+00   1.29473881E+00   1.29473947E+00   1.29474031E+00   1.29474133E+00   1.29474255E+00   1.29474398E+00   1.29474565E+00   1.29474756E+00   1.29474976E+00   1.29475227E+00   1.29475511E+00   1.29475833E+00   1.29476195E+00   1.29476602E+00   1.29477059E+00   1.29477568E+00   1.29478135E+00   1.29478764E+00   1.29479462E+00   1.29480231E+00   1.29481080E+00   1.29482011E+00   1.29483029E+00   1.29484140E+00   1.29485350E+00   1.29486660E+00   1.29488074E+00   1.29489597E+00   1.29491234E+00   1.29492983E+00   1.29494839E+00   1.29496804E+00   1.29498873E+00   1.29501039E+00   1.29503284E+00   1.29505597E+00   1.29507957E+00   1.29510340E+00   1.29512707E+00   1.29515033E+00   1.29517260E+00   1.29519337E+00   1.29521175E+00   1.29522715E+00   1.29523838E+00   1.29524451E+00   1.29524385E+00   1.29523525E+00   1.29521652E+00   1.29518616E+00   1.29514126E+00   1.29507982E+00   1.29499780E+00   1.29489253E+00   1.29475934E+00   1.29459478E+00   1.29439275E+00   1.29414916E+00   1.29385633E+00   1.29350864E+00   1.29309560E+00   1.29261194E+00   1.29204834E+00   1.29139546E+00   1.29063761E+00   1.28976675E+00   1.28876528E+00   1.28762273E+00   1.28632011E+00   1.28484312E+00   1.28316620E+00   1.28127768E+00   1.27915251E+00   1.27677082E+00   1.27409862E+00   1.27112300E+00   1.26781697E+00   1.26414901E+00   1.26006395E+00   1.25555309E+00   1.25058530E+00   1.24510059E+00   1.23908086E+00   1.23250609E+00   1.22585126E+00   1.21857864E+00   1.21125342E+00   1.20337354E+00   1.19561311E+00   1.18732639E+00   1.17920013E+00   1.17050804E+00   1.16191848E+00   1.15288472E+00   1.14416383E+00   1.13489861E+00   1.12584797E+00   1.11641933E+00   1.10742735E+00   1.09788099E+00   1.08802138E+00   1.07775451E+00   1.06705439E+00   1.05580015E+00   1.04434832E+00   1.03252033E+00   1.01800345E+00   1.00000000E+00
   1.27588877E+00   1.27588886E+00   1.27588912E+00   1.27588952E+00   1.27589008E+00   1.27589078E+00   1.27589164E+00   1.27589267E+00   1.27589389E+00   1.27589530E+00   1.27589694E+00   1.27589882E+00   1.27590097E+00   1.27590342E+00   1.27590619E+00   1.27590933E+00   1.27591286E+00   1.27591682E+00   1.27592125E+00   1.27592620E+00   1.27593170E+00   1.27593781E+00   1.27594456E+00   1.27595202E+00   1.27596022E+00   1.27596921E+00   1.27597903E+00   1.27598974E+00   1.27600137E+00   1.27601395E+00   1.27602752E+00   1.27604212E+00   1.27605774E+00   1.27607435E+00   1.27609195E+00   1.27611051E+00   1.27612996E+00   1.27615014E+00   1.27617095E+00   1.27619220E+00   1.27621367E+00   1.27623500E+00   1.27625594E+00   1.27627595E+00   1.27629456E+00   1.27631096E+00   1.27632457E+00   1.27633427E+00   1.27633920E+00   1.27633778E+00   1.27632893E+00   1.27631055E+00   1.27628122E+00   1.27623816E+00   1.27617946E+00   1.27610129E+00   1.27600116E+00   1.27587459E+00   1.27571824E+00   1.27552630E+00   1.27529481E+00   1.27501640E+00   1.27468578E+00   1.27429314E+00   1.27383321E+00   1.27329658E+00   1.27267436E+00   1.27195174E+00   1.27112087E+00   1.27016488E+00   1.26907369E+00   1.26782894E+00   1.26641684E+00   1.26481340E+00   1.26300707E+00   1.26097356E+00   1.25869383E+00   1.25613595E+00   1.25328648E+00   1.25011815E+00   1.24660098E+00   1.24268450E+00   1.23835958E+00   1.23359421E+00   1.22833247E+00   1.22256406E+00   1.21626806E+00   1.20989347E+00   1.20292721E+00   1.19592283E+00   1.18840118E+00   1.18100339E+00   1.17310929E+00   1.16537664E+00   1.15710993E+00   1.14895942E+00   1.14040922E+00   1.13216695E+00   1.12341482E+00   1.11489263E+00   1.10604876E+00   1.09763451E+00   1.08869326E+00   1.07948808E+00   1.06997771E+00   1.06013572E+00   1.04979961E+00   1.03929869E+00   1.02858981E+00   1.01575149E+00   1.00000000E+00
   1.25384585E+00   1.25384592E+00   1.25384613E+00   1.25384645E+00   1.25384689E+00   1.25384745E+00   1.25384814E+00   1.25384898E+00   1.25384996E+00   1.25385112E+00   1.25385245E+00   1.25385400E+00   1.25385577E+00   1.25385779E+00   1.25386008E+00   1.25386269E+00   1.25386562E+00   1.25386893E+00   1.25387265E+00   1.25387680E+00   1.25388143E+00   1.25388659E+00   1.25389231E+00   1.25389864E+00   1.25390562E+00   1.25391329E+00   1.25392170E+00   1.25393089E+00   1.25394088E+00   1.25395173E+00   1.25396345E+00   1.25397609E+00   1.25398964E+00   1.25400409E+00   1.25401942E+00   1.25403562E+00   1.25405262E+00   1.25407030E+00   1.25408857E+00   1.25410724E+00   1.25412614E+00   1.25414494E+00   1.25416340E+00   1.25418104E+00   1.25419742E+00   1.25421185E+00   1.25422374E+00   1.25423211E+00   1.25423615E+00   1.25423443E+00   1.25422595E+00   1.25420875E+00   1.25418152E+00   1.25414166E+00   1.25408738E+00   1.25401517E+00   1.25392270E+00   1.25380577E+00   1.25366124E+00   1.25348367E+00   1.25326930E+00   1.25301124E+00   1.25270454E+00   1.25234012E+00   1.25191288E+00   1.25141359E+00   1.25083393E+00   1.25016013E+00   1.24938463E+00   1.24849153E+00   1.24747134E+00   1.24630661E+00   1.24498414E+00   1.24348172E+00   1.24178816E+00   1.23988027E+00   1.23773989E+00   1.23533746E+00   1.23265948E+00   1.22967912E+00   1.22636815E+00   1.22268122E+00   1.21860940E+00   1.21412091E+00   1.20916374E+00   1.20373409E+00   1.19781178E+00   1.19181463E+00   1.18526107E+00   1.17868299E+00   1.17163111E+00   1.16470340E+00   1.15731586E+00   1.15008855E+00   1.14236503E+00   1.13476781E+00   1.12681839E+00   1.11916676E+00   1.11104776E+00   1.10316767E+00   1.09502001E+00   1.08728609E+00   1.07906370E+00   1.07063143E+00   1.06198684E+00   1.05309841E+00   1.04378042E+00   1.03433548E+00   1.02483052E+00   1.01365469E+00   1.00000000E+00
   1.22868502E+00   1.22868508E+00   1.22868523E+00   1.22868547E+00   1.22868580E+00   1.22868623E+00   1.22868675E+00   1.22868739E+00   1.22868815E+00   1.22868904E+00   1.22869008E+00   1.22869128E+00   1.22869266E+00   1.22869425E+00   1.22869606E+00   1.22869812E+00   1.22870045E+00   1.22870309E+00   1.22870605E+00   1.22870939E+00   1.22871311E+00   1.22871728E+00   1.22872191E+00   1.22872706E+00   1.22873275E+00   1.22873903E+00   1.22874593E+00   1.22875349E+00   1.22876175E+00   1.22877073E+00   1.22878047E+00   1.22879099E+00   1.22880230E+00   1.22881440E+00   1.22882727E+00   1.22884090E+00   1.22885523E+00   1.22887017E+00   1.22888565E+00   1.22890150E+00   1.22891757E+00   1.22893359E+00   1.22894933E+00   1.22896437E+00   1.22897835E+00   1.22899065E+00   1.22900075E+00   1.22900777E+00   1.22901100E+00   1.22900919E+00   1.22900140E+00   1.22898590E+00   1.22896150E+00   1.22892585E+00   1.22887731E+00   1.22881272E+00   1.22873002E+00   1.22862534E+00   1.22849580E+00   1.22833646E+00   1.22814386E+00   1.22791172E+00   1.22763546E+00   1.22730691E+00   1.22692124E+00   1.22646971E+00   1.22594469E+00   1.22533369E+00   1.22462956E+00   1.22381769E+00   1.22288936E+00   1.22182831E+00   1.22062216E+00   1.21925081E+00   1.21770358E+00   1.21595879E+00   1.21399945E+00   1.21179882E+00   1.20934366E+00   1.20660833E+00   1.20356683E+00   1.20017939E+00   1.19643751E+00   1.19231051E+00   1.18775104E+00   1.18276045E+00   1.17731950E+00   1.17180846E+00   1.16578664E+00   1.15975247E+00   1.15329288E+00   1.14695170E+00   1.14019295E+00   1.13358876E+00   1.12653377E+00   1.11961093E+00   1.11238311E+00   1.10543472E+00   1.09806968E+00   1.09094351E+00   1.08359730E+00   1.07663712E+00   1.06923959E+00   1.06168827E+00   1.05399934E+00   1.04613406E+00   1.03790562E+00   1.02958573E+00   1.02132706E+00   1.01175141E+00   1.00000000E+00
   1.20028108E+00   1.20028112E+00   1.20028122E+00   1.20028139E+00   1.20028162E+00   1.20028192E+00   1.20028229E+00   1.20028274E+00   1.20028328E+00   1.20028393E+00   1.20028467E+00   1.20028555E+00   1.20028656E+00   1.20028772E+00   1.20028905E+00   1.20029058E+00   1.20029231E+00   1.20029428E+00   1.20029650E+00   1.20029901E+00   1.20030183E+00   1.20030500E+00   1.20030853E+00   1.20031246E+00   1.20031683E+00   1.20032167E+00   1.20032701E+00   1.20033288E+00   1.20033932E+00   1.20034634E+00   1.20035398E+00   1.20036227E+00   1.20037120E+00   1.20038078E+00   1.20039101E+00   1.20040187E+00   1.20041332E+00   1.20042530E+00   1.20043773E+00   1.20045050E+00   1.20046347E+00   1.20047643E+00   1.20048918E+00   1.20050137E+00   1.20051271E+00   1.20052268E+00   1.20053083E+00   1.20053643E+00   1.20053887E+00   1.20053708E+00   1.20053027E+00   1.20051694E+00   1.20049607E+00   1.20046562E+00   1.20042416E+00   1.20036897E+00   1.20029827E+00   1.20020867E+00   1.20009763E+00   1.19996083E+00   1.19979521E+00   1.19959527E+00   1.19935693E+00   1.19907308E+00   1.19873936E+00   1.19834775E+00   1.19789159E+00   1.19735993E+00   1.19674620E+00   1.19603745E+00   1.19522591E+00   1.19429689E+00   1.19323920E+00   1.19203515E+00   1.19067483E+00   1.18913854E+00   1.18741091E+00   1.18546844E+00   1.18329851E+00   1.18087737E+00   1.17818196E+00   1.17517851E+00   1.17185861E+00   1.16819344E+00   1.16414212E+00   1.15970910E+00   1.15487458E+00   1.14997394E+00   1.14462022E+00   1.13926345E+00   1.13353238E+00   1.12790538E+00   1.12190806E+00   1.11605216E+00   1.10980055E+00   1.10368130E+00   1.09729929E+00   1.09116664E+00   1.08467736E+00   1.07841566E+00   1.07196953E+00   1.06586634E+00   1.05939341E+00   1.05282282E+00   1.04616108E+00   1.03936608E+00   1.03227641E+00   1.02512049E+00   1.01811894E+00   1.01005678E+00   1.00000000E+00
   1.16826469E+00   1.16826471E+00   1.16826477E+00   1.16826487E+00   1.16826501E+00   1.16826520E+00   1.16826543E+00   1.16826572E+00   1.16826606E+00   1.16826647E+00   1.16826695E+00   1.16826752E+00   1.16826818E+00   1.16826894E+00   1.16826982E+00   1.16827083E+00   1.16827199E+00   1.16827331E+00   1.16827481E+00   1.16827652E+00   1.16827845E+00   1.16828062E+00   1.16828306E+00   1.16828579E+00   1.16828884E+00   1.16829223E+00   1.16829599E+00   1.16830015E+00   1.16830473E+00   1.16830975E+00   1.16831524E+00   1.16832122E+00   1.16832769E+00   1.16833467E+00   1.16834215E+00   1.16835012E+00   1.16835857E+00   1.16836745E+00   1.16837670E+00   1.16838625E+00   1.16839599E+00   1.16840577E+00   1.16841544E+00   1.16842474E+00   1.16843344E+00   1.16844115E+00   1.16844752E+00   1.16845198E+00   1.16845406E+00   1.16845293E+00   1.16844794E+00   1.16843794E+00   1.16842207E+00   1.16839872E+00   1.16836674E+00   1.16832396E+00   1.16826892E+00   1.16819886E+00   1.16811171E+00   1.16800394E+00   1.16787301E+00   1.16771440E+00   1.16752472E+00   1.16729814E+00   1.16703093E+00   1.16671620E+00   1.16634848E+00   1.16591874E+00   1.16542126E+00   1.16484516E+00   1.16418374E+00   1.16342439E+00   1.16255766E+00   1.16156860E+00   1.16044821E+00   1.15917936E+00   1.15774905E+00   1.15613725E+00   1.15433225E+00   1.15231277E+00   1.15005996E+00   1.14754609E+00   1.14476158E+00   1.14168033E+00   1.13827120E+00   1.13453855E+00   1.13045787E+00   1.12631178E+00   1.12178477E+00   1.11725894E+00   1.11240929E+00   1.10763789E+00   1.10254802E+00   1.09757460E+00   1.09227382E+00   1.08709781E+00   1.08169012E+00   1.07648622E+00   1.07099763E+00   1.06571208E+00   1.06025947E+00   1.05508696E+00   1.04963638E+00   1.04414260E+00   1.03856241E+00   1.03286567E+00   1.02694943E+00   1.02097368E+00   1.01521938E+00   1.00857554E+00   1.00000000E+00
   1.41281255E+00   1.41281292E+00   1.41281396E+00   1.41281548E+00   1.41281748E+00   1.41281992E+00   1.41282283E+00   1.41282623E+00   1.41283014E+00   1.41283461E+00   1.41283967E+00   1.41284540E+00   1.41285183E+00   1.41285902E+00   1.41286702E+00   1.41287591E+00   1.41288578E+00   1.41289671E+00   1.41290876E+00   1.41292201E+00   1.41293652E+00   1.41295236E+00   1.41296962E+00   1.41298846E+00   1.41300889E+00   1.41303095E+00   1.41305471E+00   1.41308032E+00   1.41310769E+00   1.41313676E+00   1.41316769E+00   1.41320065E+00   1.41323547E+00   1.41327189E+00   1.41330995E+00   1.41334972E+00   1.41339089E+00   1.41343297E+00   1.41347578E+00   1.41351898E+00   1.41356201E+00   1.41360406E+00   1.41364484E+00   1.41368356E+00   1.41371914E+00   1.41374995E+00   1.41377515E+00   1.41379304E+00   1.41380193E+00   1.41379883E+00   1.41378208E+00   1.41374837E+00   1.41369562E+00   1.41361985E+00   1.41351807E+00   1.41338407E+00   1.41321387E+00   1.41300073E+00   1.41273979E+00   1.41242246E+00   1.41204442E+00   1.41159634E+00   1.41106834E+00   1.41044253E+00   1.40971440E+00   1.40887655E+00   1.40791660E+00   1.40681175E+00   1.40555073E+00   1.40411049E+00   1.40248004E+00   1.40063766E+00   1.39856224E+00   1.39621571E+00   1.39358930E+00   1.39065609E+00   1.38738510E+00   1.38372667E+00   1.37967648E+00   1.37521680E+00   1.37029581E+00   1.36482211E+00   1.35880937E+00   1.35225347E+00   1.34504231E+00   1.33709165E+00   1.32841631E+00   1.31970451E+00   1.31022043E+00   1.30063400E+00   1.29029131E+00   1.28009117E+00   1.26921025E+00   1.25853979E+00   1.24711689E+00   1.23576587E+00   1.22373800E+00   1.21207800E+00   1.19970276E+00   1.18753715E+00   1.17469919E+00   1.16233309E+00   1.14930407E+00   1.13582027E+00   1.12138461E+00   1.10589556E+00   1.08961229E+00   1.07305682E+00   1.05515262E+00   1.03125475E+00   1.00000000E+00
   1.40408002E+00   1.40408038E+00   1.40408137E+00   1.40408281E+00   1.40408472E+00   1.40408706E+00   1.40408985E+00   1.40409312E+00   1.40409688E+00   1.40410119E+00   1.40410608E+00   1.40411160E+00   1.40411781E+00   1.40412475E+00   1.40413248E+00   1.40414108E+00   1.40415061E+00   1.40416117E+00   1.40417279E+00   1.40418556E+00   1.40419954E+00   1.40421482E+00   1.40423144E+00   1.40424957E+00   1.40426920E+00   1.40429039E+00   1.40431319E+00   1.40433770E+00   1.40436387E+00   1.40439171E+00   1.40442128E+00   1.40445270E+00   1.40448581E+00   1.40452042E+00   1.40455651E+00   1.40459405E+00   1.40463277E+00   1.40467222E+00   1.40471217E+00   1.40475220E+00   1.40479182E+00   1.40483026E+00   1.40486712E+00   1.40490144E+00   1.40493220E+00   1.40495787E+00   1.40497746E+00   1.40498910E+00   1.40499116E+00   1.40498079E+00   1.40495627E+00   1.40491421E+00   1.40485242E+00   1.40476673E+00   1.40465409E+00   1.40450825E+00   1.40432530E+00   1.40409858E+00   1.40382327E+00   1.40349079E+00   1.40309602E+00   1.40262868E+00   1.40208006E+00   1.40143432E+00   1.40068599E+00   1.39982552E+00   1.39884025E+00   1.39770809E+00   1.39641855E+00   1.39494892E+00   1.39328713E+00   1.39141032E+00   1.38929914E+00   1.38691853E+00   1.38425732E+00   1.38128654E+00   1.37797887E+00   1.37428896E+00   1.37020748E+00   1.36571055E+00   1.36075357E+00   1.35525539E+00   1.34921697E+00   1.34261694E+00   1.33536324E+00   1.32740384E+00   1.31873335E+00   1.31001203E+00   1.30052079E+00   1.29095624E+00   1.28065963E+00   1.27051999E+00   1.25970763E+00   1.24910701E+00   1.23777474E+00   1.22654378E+00   1.21467354E+00   1.20318719E+00   1.19100438E+00   1.17905241E+00   1.16648517E+00   1.15441571E+00   1.14169062E+00   1.12853556E+00   1.11454272E+00   1.09963683E+00   1.08397146E+00   1.06803606E+00   1.05098362E+00   1.02867757E+00   1.00000000E+00
   1.38987704E+00   1.38987736E+00   1.38987826E+00   1.38987957E+00   1.38988130E+00   1.38988345E+00   1.38988601E+00   1.38988902E+00   1.38989249E+00   1.38989648E+00   1.38990100E+00   1.38990612E+00   1.38991187E+00   1.38991832E+00   1.38992551E+00   1.38993351E+00   1.38994239E+00   1.38995222E+00   1.38996304E+00   1.38997494E+00   1.38998797E+00   1.39000222E+00   1.39001773E+00   1.39003463E+00   1.39005293E+00   1.39007268E+00   1.39009394E+00   1.39011678E+00   1.39014117E+00   1.39016712E+00   1.39019469E+00   1.39022392E+00   1.39025469E+00   1.39028685E+00   1.39032035E+00   1.39035508E+00   1.39039083E+00   1.39042715E+00   1.39046383E+00   1.39050041E+00   1.39053642E+00   1.39057113E+00   1.39060407E+00   1.39063421E+00   1.39066062E+00   1.39068179E+00   1.39069670E+00   1.39070341E+00   1.39070037E+00   1.39068485E+00   1.39065511E+00   1.39060773E+00   1.39054051E+00   1.39044918E+00   1.39033071E+00   1.39017896E+00   1.38999016E+00   1.38975769E+00   1.38947673E+00   1.38913869E+00   1.38873821E+00   1.38826485E+00   1.38771059E+00   1.38706076E+00   1.38630925E+00   1.38544516E+00   1.38445601E+00   1.38332061E+00   1.38202877E+00   1.38055812E+00   1.37889629E+00   1.37702023E+00   1.37491148E+00   1.37253701E+00   1.36988470E+00   1.36692523E+00   1.36363316E+00   1.35996580E+00   1.35591141E+00   1.35144282E+00   1.34651848E+00   1.34106382E+00   1.33507510E+00   1.32852385E+00   1.32132816E+00   1.31345488E+00   1.30488968E+00   1.29626940E+00   1.28688994E+00   1.27745773E+00   1.26732429E+00   1.25736306E+00   1.24674926E+00   1.23635302E+00   1.22525265E+00   1.21427758E+00   1.20271048E+00   1.19153921E+00   1.17969607E+00   1.16810482E+00   1.15596530E+00   1.14434322E+00   1.13207719E+00   1.11940972E+00   1.10603159E+00   1.09189529E+00   1.07704465E+00   1.06190977E+00   1.04590222E+00   1.02556601E+00   1.00000000E+00
   1.36990034E+00   1.36990062E+00   1.36990139E+00   1.36990252E+00   1.36990402E+00   1.36990588E+00   1.36990812E+00   1.36991076E+00   1.36991381E+00   1.36991732E+00   1.36992132E+00   1.36992585E+00   1.36993095E+00   1.36993668E+00   1.36994308E+00   1.36995022E+00   1.36995814E+00   1.36996693E+00   1.36997661E+00   1.36998727E+00   1.36999897E+00   1.37001177E+00   1.37002573E+00   1.37004094E+00   1.37005742E+00   1.37007524E+00   1.37009443E+00   1.37011507E+00   1.37013713E+00   1.37016064E+00   1.37018563E+00   1.37021211E+00   1.37024000E+00   1.37026917E+00   1.37029954E+00   1.37033101E+00   1.37036337E+00   1.37039623E+00   1.37042937E+00   1.37046233E+00   1.37049470E+00   1.37052575E+00   1.37055501E+00   1.37058146E+00   1.37060422E+00   1.37062188E+00   1.37063341E+00   1.37063692E+00   1.37063093E+00   1.37061286E+00   1.37058098E+00   1.37053196E+00   1.37046365E+00   1.37037180E+00   1.37025346E+00   1.37010275E+00   1.36991603E+00   1.36968684E+00   1.36941039E+00   1.36907831E+00   1.36868522E+00   1.36822088E+00   1.36767775E+00   1.36704204E+00   1.36630734E+00   1.36546207E+00   1.36449408E+00   1.36338320E+00   1.36211943E+00   1.36068097E+00   1.35905566E+00   1.35722072E+00   1.35515828E+00   1.35283722E+00   1.35024518E+00   1.34735321E+00   1.34413696E+00   1.34055611E+00   1.33659766E+00   1.33223269E+00   1.32742149E+00   1.32209542E+00   1.31624959E+00   1.30985250E+00   1.30282766E+00   1.29515509E+00   1.28681881E+00   1.27842877E+00   1.26929945E+00   1.26013403E+00   1.25030819E+00   1.24066858E+00   1.23040805E+00   1.22037117E+00   1.20966302E+00   1.19909776E+00   1.18799684E+00   1.17729816E+00   1.16595925E+00   1.15489071E+00   1.14334945E+00   1.13233705E+00   1.12069979E+00   1.10869863E+00   1.09612677E+00   1.08296049E+00   1.06914396E+00   1.05504944E+00   1.04034183E+00   1.02225061E+00   1.00000000E+00
   1.34435166E+00   1.34435189E+00   1.34435251E+00   1.34435343E+00   1.34435466E+00   1.34435620E+00   1.34435805E+00   1.34436024E+00   1.34436279E+00   1.34436573E+00   1.34436908E+00   1.34437290E+00   1.34437721E+00   1.34438206E+00   1.34438749E+00   1.34439356E+00   1.34440032E+00   1.34440783E+00   1.34441612E+00   1.34442528E+00   1.34443534E+00   1.34444639E+00   1.34445845E+00   1.34447162E+00   1.34448592E+00   1.34450141E+00   1.34451813E+00   1.34453615E+00   1.34455545E+00   1.34457606E+00   1.34459800E+00   1.34462128E+00   1.34464584E+00   1.34467156E+00   1.34469839E+00   1.34472620E+00   1.34475481E+00   1.34478390E+00   1.34481326E+00   1.34484245E+00   1.34487110E+00   1.34489855E+00   1.34492434E+00   1.34494748E+00   1.34496720E+00   1.34498220E+00   1.34499147E+00   1.34499325E+00   1.34498615E+00   1.34496780E+00   1.34493652E+00   1.34488916E+00   1.34482365E+00   1.34473592E+00   1.34462315E+00   1.34447980E+00   1.34430246E+00   1.34408493E+00   1.34382254E+00   1.34350733E+00   1.34313408E+00   1.34269299E+00   1.34217689E+00   1.34157292E+00   1.34087463E+00   1.34007023E+00   1.33914810E+00   1.33808919E+00   1.33688378E+00   1.33551099E+00   1.33395915E+00   1.33220623E+00   1.33023479E+00   1.32801586E+00   1.32553728E+00   1.32277093E+00   1.31969325E+00   1.31626662E+00   1.31247752E+00   1.30829643E+00   1.30368516E+00   1.29858149E+00   1.29298121E+00   1.28685173E+00   1.28011972E+00   1.27277611E+00   1.26480794E+00   1.25679036E+00   1.24806384E+00   1.23931603E+00   1.22995944E+00   1.22079918E+00   1.21105974E+00   1.20154717E+00   1.19140175E+00   1.18141129E+00   1.17094980E+00   1.16088989E+00   1.15023001E+00   1.13985510E+00   1.12908899E+00   1.11885261E+00   1.10802104E+00   1.09687542E+00   1.08530542E+00   1.07330084E+00   1.06072684E+00   1.04791104E+00   1.03473624E+00   1.01901388E+00   1.00000000E+00
   1.31365161E+00   1.31365178E+00   1.31365225E+00   1.31365296E+00   1.31365391E+00   1.31365510E+00   1.31365655E+00   1.31365826E+00   1.31366027E+00   1.31366259E+00   1.31366525E+00   1.31366829E+00   1.31367174E+00   1.31367563E+00   1.31368001E+00   1.31368491E+00   1.31369039E+00   1.31369649E+00   1.31370326E+00   1.31371075E+00   1.31371901E+00   1.31372810E+00   1.31373806E+00   1.31374896E+00   1.31376084E+00   1.31377374E+00   1.31378771E+00   1.31380280E+00   1.31381901E+00   1.31383638E+00   1.31385492E+00   1.31387463E+00   1.31389546E+00   1.31391735E+00   1.31394023E+00   1.31396398E+00   1.31398848E+00   1.31401343E+00   1.31403865E+00   1.31406376E+00   1.31408844E+00   1.31411208E+00   1.31413426E+00   1.31415410E+00   1.31417093E+00   1.31418356E+00   1.31419108E+00   1.31419187E+00   1.31418469E+00   1.31416738E+00   1.31413839E+00   1.31409480E+00   1.31403472E+00   1.31395434E+00   1.31385102E+00   1.31371969E+00   1.31355724E+00   1.31335784E+00   1.31311708E+00   1.31282755E+00   1.31248435E+00   1.31207833E+00   1.31160274E+00   1.31104575E+00   1.31040114E+00   1.30965734E+00   1.30880341E+00   1.30782171E+00   1.30670290E+00   1.30542742E+00   1.30398447E+00   1.30235307E+00   1.30051636E+00   1.29844792E+00   1.29613610E+00   1.29355407E+00   1.29067913E+00   1.28747703E+00   1.28393427E+00   1.28002175E+00   1.27570293E+00   1.27092294E+00   1.26567929E+00   1.25993931E+00   1.25363224E+00   1.24675864E+00   1.23931121E+00   1.23182011E+00   1.22366255E+00   1.21549731E+00   1.20678508E+00   1.19827245E+00   1.18923107E+00   1.18041466E+00   1.17101088E+00   1.16176948E+00   1.15212749E+00   1.14287675E+00   1.13307619E+00   1.12356871E+00   1.11375236E+00   1.10445220E+00   1.09459844E+00   1.08449116E+00   1.07410017E+00   1.06341440E+00   1.05224704E+00   1.04089424E+00   1.02940509E+00   1.01603166E+00   1.00000000E+00
   1.27796459E+00   1.27796471E+00   1.27796504E+00   1.27796555E+00   1.27796623E+00   1.27796709E+00   1.27796814E+00   1.27796939E+00   1.27797086E+00   1.27797258E+00   1.27797455E+00   1.27797682E+00   1.27797939E+00   1.27798232E+00   1.27798562E+00   1.27798933E+00   1.27799350E+00   1.27799815E+00   1.27800334E+00   1.27800910E+00   1.27801548E+00   1.27802253E+00   1.27803027E+00   1.27803879E+00   1.27804809E+00   1.27805824E+00   1.27806926E+00   1.27808121E+00   1.27809409E+00   1.27810793E+00   1.27812276E+00   1.27813856E+00   1.27815531E+00   1.27817296E+00   1.27819145E+00   1.27821070E+00   1.27823058E+00   1.27825088E+00   1.27827144E+00   1.27829193E+00   1.27831208E+00   1.27833137E+00   1.27834944E+00   1.27836550E+00   1.27837902E+00   1.27838897E+00   1.27839451E+00   1.27839424E+00   1.27838708E+00   1.27837116E+00   1.27834506E+00   1.27830622E+00   1.27825293E+00   1.27818178E+00   1.27809038E+00   1.27797425E+00   1.27783065E+00   1.27765429E+00   1.27744113E+00   1.27718453E+00   1.27688004E+00   1.27651941E+00   1.27609640E+00   1.27560048E+00   1.27502590E+00   1.27436170E+00   1.27359792E+00   1.27271869E+00   1.27171527E+00   1.27056991E+00   1.26927296E+00   1.26780498E+00   1.26614998E+00   1.26428463E+00   1.26219807E+00   1.25986537E+00   1.25726500E+00   1.25436686E+00   1.25115800E+00   1.24761070E+00   1.24369056E+00   1.23935104E+00   1.23459173E+00   1.22938060E+00   1.22365030E+00   1.21740945E+00   1.21065676E+00   1.20386560E+00   1.19646515E+00   1.18906882E+00   1.18119535E+00   1.17351395E+00   1.16536144E+00   1.15742412E+00   1.14895451E+00   1.14064965E+00   1.13201541E+00   1.12374801E+00   1.11499188E+00   1.10652618E+00   1.09782682E+00   1.08961061E+00   1.08089544E+00   1.07199306E+00   1.06292718E+00   1.05367370E+00   1.04402438E+00   1.03424841E+00   1.02451109E+00   1.01337381E+00   1.00000000E+00
   1.23683781E+00   1.23683788E+00   1.23683809E+00   1.23683841E+00   1.23683885E+00   1.23683941E+00   1.23684009E+00   1.23684092E+00   1.23684189E+00   1.23684304E+00   1.23684436E+00   1.23684588E+00   1.23684762E+00   1.23684961E+00   1.23685187E+00   1.23685442E+00   1.23685729E+00   1.23686052E+00   1.23686412E+00   1.23686815E+00   1.23687263E+00   1.23687760E+00   1.23688308E+00   1.23688913E+00   1.23689577E+00   1.23690305E+00   1.23691097E+00   1.23691960E+00   1.23692893E+00   1.23693900E+00   1.23694981E+00   1.23696136E+00   1.23697364E+00   1.23698663E+00   1.23700026E+00   1.23701446E+00   1.23702916E+00   1.23704419E+00   1.23705941E+00   1.23707456E+00   1.23708944E+00   1.23710364E+00   1.23711681E+00   1.23712837E+00   1.23713788E+00   1.23714448E+00   1.23714750E+00   1.23714577E+00   1.23713842E+00   1.23712389E+00   1.23710099E+00   1.23706759E+00   1.23702226E+00   1.23696212E+00   1.23688511E+00   1.23678750E+00   1.23666703E+00   1.23651916E+00   1.23634038E+00   1.23612509E+00   1.23586945E+00   1.23556643E+00   1.23521053E+00   1.23479286E+00   1.23430838E+00   1.23374727E+00   1.23310091E+00   1.23235577E+00   1.23150397E+00   1.23053019E+00   1.22942619E+00   1.22817472E+00   1.22676125E+00   1.22516609E+00   1.22337941E+00   1.22137894E+00   1.21914506E+00   1.21665247E+00   1.21388920E+00   1.21082986E+00   1.20744330E+00   1.20369198E+00   1.19957678E+00   1.19506706E+00   1.19010189E+00   1.18469494E+00   1.17884759E+00   1.17296317E+00   1.16654548E+00   1.16013976E+00   1.15333075E+00   1.14668961E+00   1.13964093E+00   1.13278524E+00   1.12546662E+00   1.11830789E+00   1.11088343E+00   1.10378125E+00   1.09626489E+00   1.08902031E+00   1.08159961E+00   1.07460297E+00   1.06718082E+00   1.05963920E+00   1.05201676E+00   1.04427340E+00   1.03621504E+00   1.02807501E+00   1.02009674E+00   1.01104514E+00   1.00000000E+00
   1.18898677E+00   1.18898681E+00   1.18898691E+00   1.18898707E+00   1.18898729E+00   1.18898759E+00   1.18898795E+00   1.18898839E+00   1.18898891E+00   1.18898953E+00   1.18899025E+00   1.18899109E+00   1.18899205E+00   1.18899316E+00   1.18899443E+00   1.18899587E+00   1.18899750E+00   1.18899934E+00   1.18900142E+00   1.18900375E+00   1.18900636E+00   1.18900927E+00   1.18901250E+00   1.18901609E+00   1.18902004E+00   1.18902440E+00   1.18902917E+00   1.18903439E+00   1.18904007E+00   1.18904623E+00   1.18905287E+00   1.18905999E+00   1.18906760E+00   1.18907567E+00   1.18908418E+00   1.18909307E+00   1.18910229E+00   1.18911174E+00   1.18912132E+00   1.18913087E+00   1.18914023E+00   1.18914912E+00   1.18915731E+00   1.18916437E+00   1.18917002E+00   1.18917365E+00   1.18917475E+00   1.18917250E+00   1.18916628E+00   1.18915495E+00   1.18913762E+00   1.18911276E+00   1.18907927E+00   1.18903504E+00   1.18897848E+00   1.18890686E+00   1.18881849E+00   1.18870989E+00   1.18857835E+00   1.18841962E+00   1.18823071E+00   1.18800624E+00   1.18774182E+00   1.18743066E+00   1.18706868E+00   1.18664787E+00   1.18616153E+00   1.18559914E+00   1.18495416E+00   1.18421436E+00   1.18337306E+00   1.18241601E+00   1.18133138E+00   1.18010344E+00   1.17872351E+00   1.17717288E+00   1.17543538E+00   1.17349060E+00   1.17132774E+00   1.16892454E+00   1.16625582E+00   1.16329283E+00   1.16003423E+00   1.15645197E+00   1.15249918E+00   1.14818846E+00   1.14351360E+00   1.13879371E+00   1.13364261E+00   1.12850358E+00   1.12303172E+00   1.11767936E+00   1.11198860E+00   1.10644849E+00   1.10053780E+00   1.09477044E+00   1.08878063E+00   1.08304045E+00   1.07697987E+00   1.07115078E+00   1.06517145E+00   1.05952269E+00   1.05355531E+00   1.04753484E+00   1.04145418E+00   1.03527349E+00   1.02886045E+00   1.02238487E+00   1.01614541E+00   1.00902809E+00   1.00000000E+00
   1.49669991E+00   1.49670070E+00   1.49670286E+00   1.49670594E+00   1.49670992E+00   1.49671472E+00   1.49672035E+00   1.49672685E+00   1.49673427E+00   1.49674264E+00   1.49675203E+00   1.49676256E+00   1.49677427E+00   1.49678724E+00   1.49680152E+00   1.49681727E+00   1.49683458E+00   1.49685357E+00   1.49687428E+00   1.49689687E+00   1.49692137E+00   1.49694786E+00   1.49697643E+00   1.49700729E+00   1.49704044E+00   1.49707584E+00   1.49711360E+00   1.49715381E+00   1.49719632E+00   1.49724097E+00   1.49728792E+00   1.49733737E+00   1.49738896E+00   1.49744219E+00   1.49749707E+00   1.49755354E+00   1.49761109E+00   1.49766884E+00   1.49772644E+00   1.49778320E+00   1.49783829E+00   1.49789044E+00   1.49793916E+00   1.49798305E+00   1.49802052E+00   1.49804914E+00   1.49806766E+00   1.49807349E+00   1.49806422E+00   1.49803557E+00   1.49798524E+00   1.49790865E+00   1.49780304E+00   1.49766317E+00   1.49748490E+00   1.49725971E+00   1.49698249E+00   1.49664469E+00   1.49624003E+00   1.49575755E+00   1.49519202E+00   1.49453194E+00   1.49376469E+00   1.49286797E+00   1.49183700E+00   1.49066390E+00   1.48933385E+00   1.48781914E+00   1.48610619E+00   1.48416794E+00   1.48199263E+00   1.47955611E+00   1.47683381E+00   1.47378110E+00   1.47038948E+00   1.46662975E+00   1.46246694E+00   1.45784545E+00   1.45276122E+00   1.44719703E+00   1.44109555E+00   1.43435167E+00   1.42698043E+00   1.41897991E+00   1.41022724E+00   1.40063045E+00   1.39019490E+00   1.37974402E+00   1.36841698E+00   1.35702346E+00   1.34476351E+00   1.33269626E+00   1.31984853E+00   1.30726205E+00   1.29381918E+00   1.28050452E+00   1.26639537E+00   1.25269965E+00   1.23818418E+00   1.22394464E+00   1.20889845E+00   1.19434854E+00   1.17905877E+00   1.16332410E+00   1.14637452E+00   1.12797382E+00   1.10867268E+00   1.08918352E+00   1.06783864E+00   1.03868678E+00   1.00000000E+00
   1.48691218E+00   1.48691294E+00   1.48691500E+00   1.48691793E+00   1.48692171E+00   1.48692630E+00   1.48693171E+00   1.48693796E+00   1.48694510E+00   1.48695319E+00   1.48696226E+00   1.48697242E+00   1.48698372E+00   1.48699625E+00   1.48701006E+00   1.48702530E+00   1.48704203E+00   1.48706036E+00   1.48708034E+00   1.48710211E+00   1.48712570E+00   1.48715121E+00   1.48717870E+00   1.48720833E+00   1.48724011E+00   1.48727403E+00   1.48731014E+00   1.48734849E+00   1.48738899E+00   1.48743153E+00   1.48747620E+00   1.48752304E+00   1.48757175E+00   1.48762193E+00   1.48767348E+00   1.48772620E+00   1.48777964E+00   1.48783295E+00   1.48788576E+00   1.48793725E+00   1.48798666E+00   1.48803277E+00   1.48807490E+00   1.48811142E+00   1.48814086E+00   1.48816087E+00   1.48817000E+00   1.48816541E+00   1.48814477E+00   1.48810402E+00   1.48804077E+00   1.48795030E+00   1.48782966E+00   1.48767328E+00   1.48747694E+00   1.48723214E+00   1.48693388E+00   1.48657363E+00   1.48614520E+00   1.48563753E+00   1.48504434E+00   1.48435284E+00   1.48355208E+00   1.48262249E+00   1.48155789E+00   1.48034736E+00   1.47897571E+00   1.47741622E+00   1.47565643E+00   1.47366989E+00   1.47144325E+00   1.46895073E+00   1.46617001E+00   1.46306041E+00   1.45961041E+00   1.45578817E+00   1.45156288E+00   1.44688359E+00   1.44174061E+00   1.43610948E+00   1.42994088E+00   1.42314160E+00   1.41571256E+00   1.40763205E+00   1.39879920E+00   1.38915903E+00   1.37869602E+00   1.36820709E+00   1.35684520E+00   1.34544745E+00   1.33320837E+00   1.32118062E+00   1.30838247E+00   1.29585288E+00   1.28249352E+00   1.26929219E+00   1.25533713E+00   1.24182368E+00   1.22751933E+00   1.21351139E+00   1.19876137E+00   1.18455327E+00   1.16962259E+00   1.15425752E+00   1.13781429E+00   1.12012412E+00   1.10157051E+00   1.08280438E+00   1.06250149E+00   1.03535034E+00   1.00000000E+00
   1.47141750E+00   1.47141819E+00   1.47142007E+00   1.47142274E+00   1.47142621E+00   1.47143044E+00   1.47143544E+00   1.47144124E+00   1.47144788E+00   1.47145540E+00   1.47146386E+00   1.47147335E+00   1.47148391E+00   1.47149563E+00   1.47150856E+00   1.47152283E+00   1.47153849E+00   1.47155565E+00   1.47157435E+00   1.47159471E+00   1.47161678E+00   1.47164065E+00   1.47166636E+00   1.47169404E+00   1.47172370E+00   1.47175533E+00   1.47178898E+00   1.47182468E+00   1.47186234E+00   1.47190189E+00   1.47194336E+00   1.47198670E+00   1.47203166E+00   1.47207788E+00   1.47212522E+00   1.47217339E+00   1.47222195E+00   1.47227014E+00   1.47231752E+00   1.47236325E+00   1.47240659E+00   1.47244632E+00   1.47248166E+00   1.47251088E+00   1.47253258E+00   1.47254447E+00   1.47254500E+00   1.47253121E+00   1.47250089E+00   1.47245010E+00   1.47237638E+00   1.47227494E+00   1.47214276E+00   1.47197405E+00   1.47176461E+00   1.47150610E+00   1.47119362E+00   1.47081863E+00   1.47037485E+00   1.46985121E+00   1.46924103E+00   1.46853124E+00   1.46771180E+00   1.46676454E+00   1.46568236E+00   1.46445247E+00   1.46305983E+00   1.46147882E+00   1.45969743E+00   1.45768954E+00   1.45544134E+00   1.45292663E+00   1.45012415E+00   1.44699561E+00   1.44352839E+00   1.43969010E+00   1.43545196E+00   1.43076586E+00   1.42561961E+00   1.41998501E+00   1.41381576E+00   1.40702569E+00   1.39961123E+00   1.39154351E+00   1.38273207E+00   1.37314274E+00   1.36275233E+00   1.35233755E+00   1.34106146E+00   1.32977126E+00   1.31767344E+00   1.30580949E+00   1.29319960E+00   1.28087092E+00   1.26774605E+00   1.25480389E+00   1.24116241E+00   1.22798749E+00   1.21405517E+00   1.20043968E+00   1.18615886E+00   1.17245693E+00   1.15805181E+00   1.14322826E+00   1.12747938E+00   1.11070193E+00   1.09310749E+00   1.07523696E+00   1.05614460E+00   1.03140630E+00   1.00000000E+00
   1.44832839E+00   1.44832899E+00   1.44833061E+00   1.44833292E+00   1.44833594E+00   1.44833965E+00   1.44834404E+00   1.44834915E+00   1.44835502E+00   1.44836169E+00   1.44836921E+00   1.44837766E+00   1.44838708E+00   1.44839755E+00   1.44840912E+00   1.44842190E+00   1.44843594E+00   1.44845133E+00   1.44846813E+00   1.44848643E+00   1.44850629E+00   1.44852777E+00   1.44855093E+00   1.44857587E+00   1.44860260E+00   1.44863112E+00   1.44866147E+00   1.44869366E+00   1.44872764E+00   1.44876335E+00   1.44880076E+00   1.44883981E+00   1.44888027E+00   1.44892184E+00   1.44896434E+00   1.44900745E+00   1.44905078E+00   1.44909360E+00   1.44913550E+00   1.44917562E+00   1.44921327E+00   1.44924725E+00   1.44927674E+00   1.44930003E+00   1.44931578E+00   1.44932182E+00   1.44931654E+00   1.44929706E+00   1.44926124E+00   1.44920533E+00   1.44912685E+00   1.44902108E+00   1.44888501E+00   1.44871282E+00   1.44850041E+00   1.44823973E+00   1.44792603E+00   1.44755087E+00   1.44710798E+00   1.44658646E+00   1.44597962E+00   1.44527455E+00   1.44446173E+00   1.44352402E+00   1.44245388E+00   1.44123750E+00   1.43986020E+00   1.43829747E+00   1.43653758E+00   1.43455498E+00   1.43233602E+00   1.42985477E+00   1.42709043E+00   1.42400699E+00   1.42059164E+00   1.41681234E+00   1.41264134E+00   1.40803310E+00   1.40297434E+00   1.39743503E+00   1.39137025E+00   1.38469999E+00   1.37742077E+00   1.36950155E+00   1.36085613E+00   1.35146472E+00   1.34130599E+00   1.33113041E+00   1.32011474E+00   1.30910107E+00   1.29732707E+00   1.28580923E+00   1.27358445E+00   1.26165300E+00   1.24896415E+00   1.23647395E+00   1.22335290E+00   1.21071651E+00   1.19736094E+00   1.18433830E+00   1.17074051E+00   1.15774842E+00   1.14407704E+00   1.13001304E+00   1.11519482E+00   1.09957657E+00   1.08321273E+00   1.06653214E+00   1.04896253E+00   1.02705127E+00   1.00000000E+00
   1.41709059E+00   1.41709107E+00   1.41709238E+00   1.41709426E+00   1.41709673E+00   1.41709978E+00   1.41710341E+00   1.41710766E+00   1.41711255E+00   1.41711813E+00   1.41712443E+00   1.41713154E+00   1.41713949E+00   1.41714834E+00   1.41715815E+00   1.41716901E+00   1.41718097E+00   1.41719411E+00   1.41720847E+00   1.41722415E+00   1.41724119E+00   1.41725967E+00   1.41727963E+00   1.41730115E+00   1.41732425E+00   1.41734896E+00   1.41737529E+00   1.41740326E+00   1.41743284E+00   1.41746397E+00   1.41749663E+00   1.41753073E+00   1.41756610E+00   1.41760247E+00   1.41763967E+00   1.41767737E+00   1.41771524E+00   1.41775265E+00   1.41778918E+00   1.41782403E+00   1.41785658E+00   1.41788568E+00   1.41791054E+00   1.41792953E+00   1.41794145E+00   1.41794426E+00   1.41793641E+00   1.41791516E+00   1.41787851E+00   1.41782296E+00   1.41774611E+00   1.41764343E+00   1.41751203E+00   1.41734626E+00   1.41714216E+00   1.41689215E+00   1.41659176E+00   1.41623279E+00   1.41580910E+00   1.41531028E+00   1.41472979E+00   1.41405521E+00   1.41327747E+00   1.41238042E+00   1.41135651E+00   1.41019156E+00   1.40887139E+00   1.40737277E+00   1.40568428E+00   1.40378137E+00   1.40165109E+00   1.39926821E+00   1.39661220E+00   1.39364965E+00   1.39036818E+00   1.38673662E+00   1.38272780E+00   1.37829935E+00   1.37343777E+00   1.36811243E+00   1.36227926E+00   1.35586536E+00   1.34886990E+00   1.34126154E+00   1.33295493E+00   1.32394267E+00   1.31421220E+00   1.30447450E+00   1.29392899E+00   1.28339760E+00   1.27216869E+00   1.26121376E+00   1.24960417E+00   1.23829473E+00   1.22627173E+00   1.21445494E+00   1.20208933E+00   1.19021618E+00   1.17766914E+00   1.16546646E+00   1.15279173E+00   1.14073644E+00   1.12803498E+00   1.11498324E+00   1.10136389E+00   1.08717218E+00   1.07233469E+00   1.05719377E+00   1.04150429E+00   1.02267802E+00   1.00000000E+00
   1.37803457E+00   1.37803493E+00   1.37803591E+00   1.37803733E+00   1.37803922E+00   1.37804155E+00   1.37804435E+00   1.37804764E+00   1.37805145E+00   1.37805581E+00   1.37806076E+00   1.37806636E+00   1.37807265E+00   1.37807968E+00   1.37808749E+00   1.37809617E+00   1.37810576E+00   1.37811632E+00   1.37812791E+00   1.37814059E+00   1.37815443E+00   1.37816948E+00   1.37818578E+00   1.37820341E+00   1.37822238E+00   1.37824273E+00   1.37826449E+00   1.37828767E+00   1.37831225E+00   1.37833820E+00   1.37836548E+00   1.37839402E+00   1.37842369E+00   1.37845427E+00   1.37848561E+00   1.37851742E+00   1.37854940E+00   1.37858103E+00   1.37861194E+00   1.37864140E+00   1.37866889E+00   1.37869335E+00   1.37871405E+00   1.37872952E+00   1.37873873E+00   1.37873983E+00   1.37873136E+00   1.37871083E+00   1.37867645E+00   1.37862502E+00   1.37855431E+00   1.37846012E+00   1.37833979E+00   1.37818799E+00   1.37800101E+00   1.37777190E+00   1.37749661E+00   1.37716739E+00   1.37677837E+00   1.37631989E+00   1.37578579E+00   1.37516447E+00   1.37444727E+00   1.37361933E+00   1.37267340E+00   1.37159554E+00   1.37037224E+00   1.36898193E+00   1.36741365E+00   1.36564444E+00   1.36366251E+00   1.36144381E+00   1.35896808E+00   1.35620518E+00   1.35314361E+00   1.34975358E+00   1.34600843E+00   1.34187001E+00   1.33732533E+00   1.33234418E+00   1.32688316E+00   1.32087824E+00   1.31433303E+00   1.30721629E+00   1.29944182E+00   1.29101408E+00   1.28193397E+00   1.27285584E+00   1.26301576E+00   1.25319926E+00   1.24276354E+00   1.23261066E+00   1.22186682E+00   1.21142125E+00   1.20031300E+00   1.18941235E+00   1.17805571E+00   1.16718483E+00   1.15569597E+00   1.14455710E+00   1.13305643E+00   1.12216950E+00   1.11068190E+00   1.09890569E+00   1.08675144E+00   1.07422950E+00   1.06117694E+00   1.04788304E+00   1.03434950E+00   1.01863457E+00   1.00000000E+00
   1.33170978E+00   1.33171002E+00   1.33171069E+00   1.33171168E+00   1.33171299E+00   1.33171464E+00   1.33171662E+00   1.33171896E+00   1.33172169E+00   1.33172483E+00   1.33172842E+00   1.33173249E+00   1.33173707E+00   1.33174223E+00   1.33174799E+00   1.33175440E+00   1.33176152E+00   1.33176939E+00   1.33177805E+00   1.33178758E+00   1.33179801E+00   1.33180939E+00   1.33182177E+00   1.33183519E+00   1.33184970E+00   1.33186531E+00   1.33188206E+00   1.33189995E+00   1.33191900E+00   1.33193916E+00   1.33196041E+00   1.33198269E+00   1.33200591E+00   1.33202990E+00   1.33205452E+00   1.33207952E+00   1.33210468E+00   1.33212956E+00   1.33215385E+00   1.33217693E+00   1.33219836E+00   1.33221723E+00   1.33223289E+00   1.33224407E+00   1.33224994E+00   1.33224886E+00   1.33223954E+00   1.33221983E+00   1.33218814E+00   1.33214173E+00   1.33207854E+00   1.33199490E+00   1.33188843E+00   1.33175433E+00   1.33158925E+00   1.33138705E+00   1.33114424E+00   1.33085379E+00   1.33051027E+00   1.33010507E+00   1.32963267E+00   1.32908263E+00   1.32844685E+00   1.32771217E+00   1.32687198E+00   1.32591314E+00   1.32482323E+00   1.32358284E+00   1.32218174E+00   1.32059930E+00   1.31882537E+00   1.31683760E+00   1.31461631E+00   1.31213548E+00   1.30938486E+00   1.30633674E+00   1.30296515E+00   1.29923745E+00   1.29514186E+00   1.29064952E+00   1.28571792E+00   1.28029376E+00   1.27438611E+00   1.26796381E+00   1.26093990E+00   1.25332973E+00   1.24514926E+00   1.23697707E+00   1.22810643E+00   1.21926653E+00   1.20989872E+00   1.20080731E+00   1.19119763E+00   1.18187216E+00   1.17194551E+00   1.16222266E+00   1.15214069E+00   1.14251723E+00   1.13234479E+00   1.12251710E+00   1.11243344E+00   1.10293009E+00   1.09288423E+00   1.08262422E+00   1.07215690E+00   1.06148009E+00   1.05038265E+00   1.03912423E+00   1.02786811E+00   1.01509762E+00   1.00000000E+00
   1.27754701E+00   1.27754715E+00   1.27754754E+00   1.27754813E+00   1.27754893E+00   1.27754994E+00   1.27755117E+00   1.27755263E+00   1.27755434E+00   1.27755633E+00   1.27755861E+00   1.27756120E+00   1.27756415E+00   1.27756747E+00   1.27757119E+00   1.27757536E+00   1.27758000E+00   1.27758515E+00   1.27759084E+00   1.27759713E+00   1.27760403E+00   1.27761160E+00   1.27761984E+00   1.27762882E+00   1.27763854E+00   1.27764905E+00   1.27766034E+00   1.27767244E+00   1.27768534E+00   1.27769902E+00   1.27771345E+00   1.27772858E+00   1.27774435E+00   1.27776065E+00   1.27777733E+00   1.27779421E+00   1.27781111E+00   1.27782771E+00   1.27784373E+00   1.27785871E+00   1.27787229E+00   1.27788372E+00   1.27789247E+00   1.27789752E+00   1.27789825E+00   1.27789333E+00   1.27788164E+00   1.27786146E+00   1.27783153E+00   1.27778960E+00   1.27773393E+00   1.27766155E+00   1.27757044E+00   1.27745663E+00   1.27731721E+00   1.27714718E+00   1.27694379E+00   1.27670102E+00   1.27641415E+00   1.27607607E+00   1.27568214E+00   1.27522362E+00   1.27469322E+00   1.27408007E+00   1.27337859E+00   1.27257717E+00   1.27166499E+00   1.27062567E+00   1.26945008E+00   1.26812077E+00   1.26662963E+00   1.26495684E+00   1.26308400E+00   1.26099006E+00   1.25866632E+00   1.25608809E+00   1.25323084E+00   1.25006843E+00   1.24659095E+00   1.24277193E+00   1.23857075E+00   1.23394628E+00   1.22891230E+00   1.22343768E+00   1.21743843E+00   1.21093766E+00   1.20396195E+00   1.19699271E+00   1.18941324E+00   1.18186749E+00   1.17389186E+00   1.16616072E+00   1.15799025E+00   1.15007207E+00   1.14163142E+00   1.13338321E+00   1.12486461E+00   1.11674772E+00   1.10816728E+00   1.09990664E+00   1.09147458E+00   1.08355136E+00   1.07516120E+00   1.06663473E+00   1.05802682E+00   1.04930731E+00   1.04026163E+00   1.03112092E+00   1.02214485E+00   1.01207373E+00   1.00000000E+00
   1.21291441E+00   1.21291446E+00   1.21291460E+00   1.21291484E+00   1.21291518E+00   1.21291561E+00   1.21291615E+00   1.21291680E+00   1.21291757E+00   1.21291847E+00   1.21291951E+00   1.21292070E+00   1.21292206E+00   1.21292360E+00   1.21292534E+00   1.21292729E+00   1.21292948E+00   1.21293192E+00   1.21293464E+00   1.21293764E+00   1.21294096E+00   1.21294461E+00   1.21294860E+00   1.21295296E+00   1.21295770E+00   1.21296283E+00   1.21296836E+00   1.21297429E+00   1.21298063E+00   1.21298734E+00   1.21299441E+00   1.21300178E+00   1.21300946E+00   1.21301734E+00   1.21302532E+00   1.21303328E+00   1.21304111E+00   1.21304860E+00   1.21305556E+00   1.21306169E+00   1.21306673E+00   1.21307020E+00   1.21307169E+00   1.21307055E+00   1.21306640E+00   1.21305831E+00   1.21304547E+00   1.21302672E+00   1.21300124E+00   1.21296743E+00   1.21292406E+00   1.21286910E+00   1.21280110E+00   1.21271725E+00   1.21261537E+00   1.21249201E+00   1.21234531E+00   1.21217080E+00   1.21196494E+00   1.21172262E+00   1.21144046E+00   1.21111207E+00   1.21073166E+00   1.21029136E+00   1.20978697E+00   1.20920938E+00   1.20855030E+00   1.20779746E+00   1.20694352E+00   1.20597513E+00   1.20488630E+00   1.20366093E+00   1.20228382E+00   1.20073919E+00   1.19901979E+00   1.19710525E+00   1.19497482E+00   1.19260881E+00   1.18999902E+00   1.18712243E+00   1.18394463E+00   1.18043660E+00   1.17661022E+00   1.17243545E+00   1.16784430E+00   1.16285924E+00   1.15749925E+00   1.15212560E+00   1.14626844E+00   1.14043846E+00   1.13427072E+00   1.12827485E+00   1.12192383E+00   1.11576381E+00   1.10919184E+00   1.10278585E+00   1.09616902E+00   1.08985400E+00   1.08318620E+00   1.07678212E+00   1.07024598E+00   1.06409534E+00   1.05759176E+00   1.05102782E+00   1.04442716E+00   1.03774408E+00   1.03082140E+00   1.02383474E+00   1.01709905E+00   1.00949594E+00   1.00000000E+00
   1.58389664E+00   1.58389795E+00   1.58390179E+00   1.58390725E+00   1.58391429E+00   1.58392270E+00   1.58393252E+00   1.58394377E+00   1.58395651E+00   1.58397078E+00   1.58398667E+00   1.58400433E+00   1.58402383E+00   1.58404523E+00   1.58406862E+00   1.58409420E+00   1.58412208E+00   1.58415235E+00   1.58418509E+00   1.58422048E+00   1.58425853E+00   1.58429926E+00   1.58434274E+00   1.58438923E+00   1.58443865E+00   1.58449086E+00   1.58454594E+00   1.58460389E+00   1.58466442E+00   1.58472719E+00   1.58479235E+00   1.58486003E+00   1.58492960E+00   1.58500019E+00   1.58507169E+00   1.58514382E+00   1.58521577E+00   1.58528607E+00   1.58535414E+00   1.58541872E+00   1.58547865E+00   1.58553207E+00   1.58557808E+00   1.58561449E+00   1.58563902E+00   1.58564828E+00   1.58564042E+00   1.58561171E+00   1.58555887E+00   1.58547610E+00   1.58536034E+00   1.58520551E+00   1.58500804E+00   1.58476137E+00   1.58445999E+00   1.58409279E+00   1.58365353E+00   1.58313179E+00   1.58251986E+00   1.58180427E+00   1.58097899E+00   1.58003040E+00   1.57894328E+00   1.57769121E+00   1.57626911E+00   1.57466876E+00   1.57287330E+00   1.57085057E+00   1.56858502E+00   1.56604653E+00   1.56322270E+00   1.56008744E+00   1.55661399E+00   1.55275243E+00   1.54849410E+00   1.54380796E+00   1.53865689E+00   1.53298149E+00   1.52677578E+00   1.52002117E+00   1.51266005E+00   1.50458090E+00   1.49579486E+00   1.48629646E+00   1.47596139E+00   1.46470015E+00   1.45249778E+00   1.44030396E+00   1.42714421E+00   1.41397496E+00   1.39984153E+00   1.38595191E+00   1.37119098E+00   1.35674867E+00   1.34135662E+00   1.32615858E+00   1.31005927E+00   1.29441398E+00   1.27784587E+00   1.26161911E+00   1.24445585E+00   1.22779703E+00   1.21031422E+00   1.19241849E+00   1.17304103E+00   1.15172816E+00   1.12936564E+00   1.10699254E+00   1.08230062E+00   1.04749530E+00   1.00000000E+00
   1.57049312E+00   1.57049440E+00   1.57049804E+00   1.57050319E+00   1.57050981E+00   1.57051777E+00   1.57052709E+00   1.57053779E+00   1.57054991E+00   1.57056352E+00   1.57057869E+00   1.57059555E+00   1.57061416E+00   1.57063462E+00   1.57065700E+00   1.57068148E+00   1.57070814E+00   1.57073708E+00   1.57076836E+00   1.57080213E+00   1.57083842E+00   1.57087728E+00   1.57091874E+00   1.57096300E+00   1.57100998E+00   1.57105958E+00   1.57111182E+00   1.57116666E+00   1.57122388E+00   1.57128325E+00   1.57134479E+00   1.57140840E+00   1.57147358E+00   1.57153960E+00   1.57160623E+00   1.57167299E+00   1.57173914E+00   1.57180335E+00   1.57186495E+00   1.57192261E+00   1.57197524E+00   1.57202100E+00   1.57205881E+00   1.57208622E+00   1.57210110E+00   1.57210022E+00   1.57208148E+00   1.57204086E+00   1.57197526E+00   1.57187919E+00   1.57174953E+00   1.57158006E+00   1.57136698E+00   1.57110320E+00   1.57078328E+00   1.57039628E+00   1.56993612E+00   1.56939240E+00   1.56875755E+00   1.56801810E+00   1.56716663E+00   1.56618802E+00   1.56506926E+00   1.56378737E+00   1.56233548E+00   1.56070157E+00   1.55886835E+00   1.55680502E+00   1.55449756E+00   1.55191660E+00   1.54904780E+00   1.54586302E+00   1.54233806E+00   1.53842766E+00   1.53411989E+00   1.52938066E+00   1.52417693E+00   1.51845374E+00   1.51220007E+00   1.50539034E+00   1.49797407E+00   1.48985107E+00   1.48101893E+00   1.47145248E+00   1.46104857E+00   1.44975543E+00   1.43753979E+00   1.42532633E+00   1.41215242E+00   1.39899605E+00   1.38490130E+00   1.37107131E+00   1.35638288E+00   1.34202242E+00   1.32674480E+00   1.31168938E+00   1.29577482E+00   1.28034969E+00   1.26404155E+00   1.24809445E+00   1.23128375E+00   1.21504095E+00   1.19800186E+00   1.18054179E+00   1.16176140E+00   1.14133892E+00   1.11992726E+00   1.09842922E+00   1.07497969E+00   1.04277197E+00   1.00000000E+00
   1.55250968E+00   1.55251099E+00   1.55251442E+00   1.55251920E+00   1.55252535E+00   1.55253275E+00   1.55254142E+00   1.55255139E+00   1.55256269E+00   1.55257539E+00   1.55258955E+00   1.55260530E+00   1.55262270E+00   1.55264183E+00   1.55266276E+00   1.55268566E+00   1.55271059E+00   1.55273763E+00   1.55276686E+00   1.55279838E+00   1.55283224E+00   1.55286849E+00   1.55290715E+00   1.55294834E+00   1.55299201E+00   1.55303807E+00   1.55308652E+00   1.55313729E+00   1.55319020E+00   1.55324503E+00   1.55330174E+00   1.55336011E+00   1.55341970E+00   1.55347985E+00   1.55354026E+00   1.55360034E+00   1.55365939E+00   1.55371615E+00   1.55376992E+00   1.55381932E+00   1.55386327E+00   1.55389993E+00   1.55392808E+00   1.55394515E+00   1.55394913E+00   1.55393682E+00   1.55390601E+00   1.55385256E+00   1.55377349E+00   1.55366350E+00   1.55351935E+00   1.55333473E+00   1.55310572E+00   1.55282495E+00   1.55248698E+00   1.55208117E+00   1.55160150E+00   1.55103753E+00   1.55038160E+00   1.54962016E+00   1.54874536E+00   1.54774172E+00   1.54659734E+00   1.54529089E+00   1.54381437E+00   1.54215341E+00   1.54029091E+00   1.53819744E+00   1.53585952E+00   1.53324812E+00   1.53034828E+00   1.52713133E+00   1.52357413E+00   1.51963417E+00   1.51529836E+00   1.51053190E+00   1.50530384E+00   1.49956204E+00   1.49329334E+00   1.48646855E+00   1.47903954E+00   1.47091244E+00   1.46208119E+00   1.45251461E+00   1.44211943E+00   1.43086458E+00   1.41871083E+00   1.40656611E+00   1.39347504E+00   1.38042269E+00   1.36646744E+00   1.35280458E+00   1.33831146E+00   1.32416275E+00   1.30913758E+00   1.29435995E+00   1.27878113E+00   1.26372612E+00   1.24783370E+00   1.23232390E+00   1.21603501E+00   1.20036681E+00   1.18393516E+00   1.16708756E+00   1.14909682E+00   1.12976037E+00   1.10949758E+00   1.08903191E+00   1.06699026E+00   1.03773070E+00   1.00000000E+00
   1.52713748E+00   1.52713861E+00   1.52714160E+00   1.52714576E+00   1.52715115E+00   1.52715768E+00   1.52716535E+00   1.52717420E+00   1.52718427E+00   1.52719561E+00   1.52720829E+00   1.52722241E+00   1.52723803E+00   1.52725523E+00   1.52727407E+00   1.52729470E+00   1.52731717E+00   1.52734155E+00   1.52736792E+00   1.52739636E+00   1.52742691E+00   1.52745962E+00   1.52749451E+00   1.52753166E+00   1.52757103E+00   1.52761254E+00   1.52765617E+00   1.52770185E+00   1.52774941E+00   1.52779867E+00   1.52784951E+00   1.52790167E+00   1.52795475E+00   1.52800816E+00   1.52806156E+00   1.52811430E+00   1.52816573E+00   1.52821466E+00   1.52826040E+00   1.52830152E+00   1.52833701E+00   1.52836501E+00   1.52838427E+00   1.52839217E+00   1.52838684E+00   1.52836514E+00   1.52832482E+00   1.52826177E+00   1.52817311E+00   1.52805372E+00   1.52790035E+00   1.52770666E+00   1.52746874E+00   1.52717911E+00   1.52683242E+00   1.52641835E+00   1.52593105E+00   1.52536009E+00   1.52469777E+00   1.52393072E+00   1.52305100E+00   1.52204324E+00   1.52089614E+00   1.51958947E+00   1.51811468E+00   1.51645609E+00   1.51459693E+00   1.51250902E+00   1.51017917E+00   1.50757888E+00   1.50469335E+00   1.50149413E+00   1.49795847E+00   1.49404632E+00   1.48974455E+00   1.48501876E+00   1.47983897E+00   1.47415564E+00   1.46795489E+00   1.46120597E+00   1.45386150E+00   1.44583294E+00   1.43711561E+00   1.42767812E+00   1.41743029E+00   1.40635481E+00   1.39441710E+00   1.38250300E+00   1.36966607E+00   1.35688358E+00   1.34324903E+00   1.32993669E+00   1.31583871E+00   1.30210298E+00   1.28753683E+00   1.27323363E+00   1.25820487E+00   1.24372992E+00   1.22846598E+00   1.21359999E+00   1.19805458E+00   1.18317256E+00   1.16756163E+00   1.15154866E+00   1.13458932E+00   1.11658301E+00   1.09773075E+00   1.07857320E+00   1.05823323E+00   1.03233924E+00   1.00000000E+00
   1.49159567E+00   1.49159658E+00   1.49159900E+00   1.49160240E+00   1.49160684E+00   1.49161224E+00   1.49161864E+00   1.49162604E+00   1.49163449E+00   1.49164405E+00   1.49165477E+00   1.49166674E+00   1.49168001E+00   1.49169467E+00   1.49171076E+00   1.49172841E+00   1.49174765E+00   1.49176858E+00   1.49179124E+00   1.49181572E+00   1.49184206E+00   1.49187030E+00   1.49190046E+00   1.49193259E+00   1.49196668E+00   1.49200267E+00   1.49204053E+00   1.49208018E+00   1.49212151E+00   1.49216434E+00   1.49220853E+00   1.49225382E+00   1.49229987E+00   1.49234616E+00   1.49239234E+00   1.49243777E+00   1.49248187E+00   1.49252355E+00   1.49256215E+00   1.49259632E+00   1.49262508E+00   1.49264667E+00   1.49265984E+00   1.49266210E+00   1.49265172E+00   1.49262572E+00   1.49258190E+00   1.49251633E+00   1.49242626E+00   1.49230688E+00   1.49215497E+00   1.49196442E+00   1.49173144E+00   1.49144863E+00   1.49111083E+00   1.49070823E+00   1.49023529E+00   1.48968179E+00   1.48904012E+00   1.48829739E+00   1.48744585E+00   1.48647060E+00   1.48536076E+00   1.48409718E+00   1.48267124E+00   1.48106678E+00   1.47926741E+00   1.47724631E+00   1.47499064E+00   1.47247288E+00   1.46967907E+00   1.46658151E+00   1.46315745E+00   1.45936975E+00   1.45520600E+00   1.45063281E+00   1.44562053E+00   1.44012295E+00   1.43412651E+00   1.42760020E+00   1.42049655E+00   1.41273357E+00   1.40431139E+00   1.39520025E+00   1.38530836E+00   1.37463044E+00   1.36314618E+00   1.35170226E+00   1.33936944E+00   1.32709991E+00   1.31404848E+00   1.30134556E+00   1.28791803E+00   1.27486471E+00   1.26103096E+00   1.24746298E+00   1.23326434E+00   1.21963883E+00   1.20527636E+00   1.19131943E+00   1.17680202E+00   1.16297766E+00   1.14846407E+00   1.13357792E+00   1.11796511E+00   1.10160531E+00   1.08451562E+00   1.06708614E+00   1.04888921E+00   1.02676514E+00   1.00000000E+00
   1.44515141E+00   1.44515209E+00   1.44515390E+00   1.44515647E+00   1.44515986E+00   1.44516401E+00   1.44516894E+00   1.44517469E+00   1.44518128E+00   1.44518877E+00   1.44519721E+00   1.44520666E+00   1.44521718E+00   1.44522883E+00   1.44524167E+00   1.44525579E+00   1.44527124E+00   1.44528809E+00   1.44530638E+00   1.44532620E+00   1.44534759E+00   1.44537058E+00   1.44539519E+00   1.44542149E+00   1.44544945E+00   1.44547905E+00   1.44551027E+00   1.44554304E+00   1.44557729E+00   1.44561284E+00   1.44564960E+00   1.44568730E+00   1.44572569E+00   1.44576434E+00   1.44580290E+00   1.44584081E+00   1.44587755E+00   1.44591222E+00   1.44594418E+00   1.44597223E+00   1.44599550E+00   1.44601236E+00   1.44602164E+00   1.44602110E+00   1.44600921E+00   1.44598325E+00   1.44594113E+00   1.44587924E+00   1.44579511E+00   1.44568431E+00   1.44554379E+00   1.44536786E+00   1.44515299E+00   1.44489214E+00   1.44458043E+00   1.44420882E+00   1.44377227E+00   1.44326105E+00   1.44266779E+00   1.44198049E+00   1.44119184E+00   1.44028783E+00   1.43925797E+00   1.43808449E+00   1.43675920E+00   1.43526612E+00   1.43358950E+00   1.43170420E+00   1.42959790E+00   1.42724489E+00   1.42463265E+00   1.42173474E+00   1.41852818E+00   1.41497970E+00   1.41107827E+00   1.40679200E+00   1.40209113E+00   1.39693434E+00   1.39130927E+00   1.38518548E+00   1.37851479E+00   1.37122441E+00   1.36332214E+00   1.35477956E+00   1.34549976E+00   1.33548999E+00   1.32475221E+00   1.31406945E+00   1.30254508E+00   1.29108688E+00   1.27893819E+00   1.26715460E+00   1.25472237E+00   1.24266441E+00   1.22988184E+00   1.21735823E+00   1.20431645E+00   1.19184908E+00   1.17870589E+00   1.16596970E+00   1.15280827E+00   1.14034753E+00   1.12724842E+00   1.11383244E+00   1.09992520E+00   1.08555097E+00   1.07059132E+00   1.05533983E+00   1.03971827E+00   1.02150687E+00   1.00000000E+00
   1.38841359E+00   1.38841404E+00   1.38841526E+00   1.38841702E+00   1.38841935E+00   1.38842224E+00   1.38842570E+00   1.38842975E+00   1.38843442E+00   1.38843976E+00   1.38844580E+00   1.38845261E+00   1.38846021E+00   1.38846867E+00   1.38847803E+00   1.38848836E+00   1.38849970E+00   1.38851211E+00   1.38852564E+00   1.38854034E+00   1.38855626E+00   1.38857344E+00   1.38859189E+00   1.38861165E+00   1.38863273E+00   1.38865512E+00   1.38867879E+00   1.38870372E+00   1.38872982E+00   1.38875699E+00   1.38878511E+00   1.38881398E+00   1.38884341E+00   1.38887304E+00   1.38890259E+00   1.38893156E+00   1.38895954E+00   1.38898579E+00   1.38900975E+00   1.38903039E+00   1.38904700E+00   1.38905812E+00   1.38906274E+00   1.38905890E+00   1.38904537E+00   1.38901977E+00   1.38898017E+00   1.38892345E+00   1.38884747E+00   1.38874835E+00   1.38862331E+00   1.38846736E+00   1.38827730E+00   1.38804678E+00   1.38777131E+00   1.38744294E+00   1.38705740E+00   1.38660578E+00   1.38608117E+00   1.38547291E+00   1.38477447E+00   1.38397326E+00   1.38305925E+00   1.38201668E+00   1.38083825E+00   1.37950894E+00   1.37801400E+00   1.37633067E+00   1.37444749E+00   1.37234148E+00   1.37000233E+00   1.36740537E+00   1.36452749E+00   1.36134054E+00   1.35783547E+00   1.35398248E+00   1.34975154E+00   1.34510809E+00   1.34004201E+00   1.33452419E+00   1.32850513E+00   1.32192438E+00   1.31479988E+00   1.30710328E+00   1.29873087E+00   1.28970268E+00   1.28004755E+00   1.27045638E+00   1.26008995E+00   1.24978877E+00   1.23890821E+00   1.22839067E+00   1.21731204E+00   1.20659054E+00   1.19521090E+00   1.18407793E+00   1.17254919E+00   1.16156883E+00   1.14998849E+00   1.13880704E+00   1.12733766E+00   1.11654078E+00   1.10516904E+00   1.09356018E+00   1.08168418E+00   1.06956320E+00   1.05699764E+00   1.04423586E+00   1.03142350E+00   1.01694034E+00   1.00000000E+00
   1.32120497E+00   1.32120521E+00   1.32120588E+00   1.32120689E+00   1.32120824E+00   1.32120994E+00   1.32121199E+00   1.32121442E+00   1.32121724E+00   1.32122049E+00   1.32122418E+00   1.32122835E+00   1.32123303E+00   1.32123825E+00   1.32124405E+00   1.32125047E+00   1.32125754E+00   1.32126530E+00   1.32127377E+00   1.32128301E+00   1.32129303E+00   1.32130386E+00   1.32131551E+00   1.32132800E+00   1.32134134E+00   1.32135552E+00   1.32137051E+00   1.32138628E+00   1.32140278E+00   1.32141991E+00   1.32143757E+00   1.32145558E+00   1.32147383E+00   1.32149205E+00   1.32150996E+00   1.32152717E+00   1.32154338E+00   1.32155801E+00   1.32157059E+00   1.32158032E+00   1.32158663E+00   1.32158833E+00   1.32158454E+00   1.32157374E+00   1.32155503E+00   1.32152645E+00   1.32148630E+00   1.32143214E+00   1.32136225E+00   1.32127349E+00   1.32116348E+00   1.32102822E+00   1.32086503E+00   1.32066862E+00   1.32043506E+00   1.32015797E+00   1.31983412E+00   1.31945586E+00   1.31901708E+00   1.31850913E+00   1.31792662E+00   1.31725911E+00   1.31649731E+00   1.31562830E+00   1.31464624E+00   1.31353799E+00   1.31229050E+00   1.31088440E+00   1.30930959E+00   1.30754697E+00   1.30558911E+00   1.30341388E+00   1.30099870E+00   1.29832173E+00   1.29537645E+00   1.29213605E+00   1.28857069E+00   1.28465409E+00   1.28037952E+00   1.27572009E+00   1.27062523E+00   1.26504966E+00   1.25902165E+00   1.25251130E+00   1.24541139E+00   1.23775262E+00   1.22958667E+00   1.22148068E+00   1.21269475E+00   1.20396918E+00   1.19478708E+00   1.18593201E+00   1.17661012E+00   1.16760411E+00   1.15802505E+00   1.14867365E+00   1.13904274E+00   1.12989454E+00   1.12024082E+00   1.11095604E+00   1.10149871E+00   1.09263463E+00   1.08327320E+00   1.07376200E+00   1.06415809E+00   1.05444692E+00   1.04440332E+00   1.03425162E+00   1.02426051E+00   1.01314138E+00   1.00000000E+00
   1.23944357E+00   1.23944361E+00   1.23944376E+00   1.23944406E+00   1.23944449E+00   1.23944504E+00   1.23944574E+00   1.23944658E+00   1.23944758E+00   1.23944873E+00   1.23945005E+00   1.23945156E+00   1.23945325E+00   1.23945515E+00   1.23945726E+00   1.23945960E+00   1.23946217E+00   1.23946500E+00   1.23946809E+00   1.23947146E+00   1.23947512E+00   1.23947905E+00   1.23948326E+00   1.23948774E+00   1.23949250E+00   1.23949750E+00   1.23950273E+00   1.23950814E+00   1.23951371E+00   1.23951934E+00   1.23952493E+00   1.23953038E+00   1.23953564E+00   1.23954050E+00   1.23954472E+00   1.23954808E+00   1.23955039E+00   1.23955125E+00   1.23955034E+00   1.23954716E+00   1.23954130E+00   1.23953199E+00   1.23951857E+00   1.23950006E+00   1.23947602E+00   1.23944506E+00   1.23940590E+00   1.23935701E+00   1.23929731E+00   1.23922465E+00   1.23913730E+00   1.23903272E+00   1.23890898E+00   1.23876246E+00   1.23859018E+00   1.23838792E+00   1.23815379E+00   1.23788219E+00   1.23756843E+00   1.23720663E+00   1.23679313E+00   1.23632053E+00   1.23578116E+00   1.23516603E+00   1.23447118E+00   1.23368673E+00   1.23280249E+00   1.23180403E+00   1.23068351E+00   1.22942683E+00   1.22802948E+00   1.22647337E+00   1.22473890E+00   1.22281097E+00   1.22068509E+00   1.21833919E+00   1.21574657E+00   1.21288916E+00   1.20976317E+00   1.20634499E+00   1.20258868E+00   1.19846501E+00   1.19400298E+00   1.18917095E+00   1.18387639E+00   1.17815158E+00   1.17204490E+00   1.16596465E+00   1.15934983E+00   1.15278040E+00   1.14587041E+00   1.13919205E+00   1.13214485E+00   1.12533295E+00   1.11807135E+00   1.11100091E+00   1.10373112E+00   1.09681881E+00   1.08952497E+00   1.08252932E+00   1.07541897E+00   1.06875127E+00   1.06170210E+00   1.05458722E+00   1.04745520E+00   1.04025820E+00   1.03281835E+00   1.02531410E+00   1.01807439E+00   1.00997598E+00   1.00000000E+00
   1.67404712E+00   1.67404604E+00   1.67404945E+00   1.67405575E+00   1.67406481E+00   1.67407627E+00   1.67409013E+00   1.67410640E+00   1.67412509E+00   1.67414626E+00   1.67416997E+00   1.67419641E+00   1.67422560E+00   1.67425757E+00   1.67429239E+00   1.67433031E+00   1.67437139E+00   1.67441566E+00   1.67446318E+00   1.67451415E+00   1.67456850E+00   1.67462609E+00   1.67468698E+00   1.67475136E+00   1.67481906E+00   1.67488976E+00   1.67496343E+00   1.67503990E+00   1.67511869E+00   1.67519917E+00   1.67528145E+00   1.67536542E+00   1.67545012E+00   1.67553417E+00   1.67561725E+00   1.67569873E+00   1.67577735E+00   1.67585093E+00   1.67591852E+00   1.67597813E+00   1.67602817E+00   1.67606608E+00   1.67609042E+00   1.67609790E+00   1.67608549E+00   1.67604869E+00   1.67598492E+00   1.67588911E+00   1.67575701E+00   1.67558112E+00   1.67535758E+00   1.67507870E+00   1.67474007E+00   1.67433373E+00   1.67385281E+00   1.67328351E+00   1.67261856E+00   1.67184578E+00   1.67095613E+00   1.66993371E+00   1.66877184E+00   1.66745509E+00   1.66596592E+00   1.66427433E+00   1.66237502E+00   1.66025960E+00   1.65790964E+00   1.65528916E+00   1.65238125E+00   1.64915391E+00   1.64559418E+00   1.64167437E+00   1.63736677E+00   1.63261773E+00   1.62741782E+00   1.62173440E+00   1.61552973E+00   1.60874230E+00   1.60136239E+00   1.59336798E+00   1.58470559E+00   1.57526493E+00   1.56504890E+00   1.55404216E+00   1.54212591E+00   1.52922226E+00   1.51528838E+00   1.50138842E+00   1.48644399E+00   1.47156142E+00   1.45562966E+00   1.43999243E+00   1.42340102E+00   1.40718967E+00   1.38994283E+00   1.37295777E+00   1.35497722E+00   1.33749149E+00   1.31898009E+00   1.30086495E+00   1.28168899E+00   1.26301879E+00   1.24342738E+00   1.22346042E+00   1.20175324E+00   1.17754794E+00   1.15205169E+00   1.12680855E+00   1.09892277E+00   1.05806180E+00   1.00000000E+00
   1.65668888E+00   1.65668949E+00   1.65669417E+00   1.65670136E+00   1.65671100E+00   1.65672280E+00   1.65673675E+00   1.65675284E+00   1.65677110E+00   1.65679161E+00   1.65681441E+00   1.65683968E+00   1.65686747E+00   1.65689786E+00   1.65693091E+00   1.65696685E+00   1.65700574E+00   1.65704763E+00   1.65709258E+00   1.65714073E+00   1.65719206E+00   1.65724650E+00   1.65730406E+00   1.65736487E+00   1.65742876E+00   1.65749547E+00   1.65756492E+00   1.65763688E+00   1.65771099E+00   1.65778677E+00   1.65786413E+00   1.65794273E+00   1.65802175E+00   1.65810002E+00   1.65817709E+00   1.65825208E+00   1.65832386E+00   1.65839043E+00   1.65845077E+00   1.65850283E+00   1.65854512E+00   1.65857505E+00   1.65859101E+00   1.65858947E+00   1.65856762E+00   1.65852112E+00   1.65844713E+00   1.65834029E+00   1.65819660E+00   1.65800902E+00   1.65777363E+00   1.65748262E+00   1.65713126E+00   1.65671096E+00   1.65621496E+00   1.65562992E+00   1.65494867E+00   1.65415908E+00   1.65325228E+00   1.65221246E+00   1.65103128E+00   1.64969156E+00   1.64817845E+00   1.64646600E+00   1.64454677E+00   1.64240785E+00   1.64003044E+00   1.63738030E+00   1.63444228E+00   1.63118507E+00   1.62759351E+00   1.62363759E+00   1.61929220E+00   1.61450865E+00   1.60927438E+00   1.60355340E+00   1.59731150E+00   1.59049107E+00   1.58307894E+00   1.57504760E+00   1.56634839E+00   1.55687913E+00   1.54663149E+00   1.53557331E+00   1.52360374E+00   1.51067944E+00   1.49674412E+00   1.48284193E+00   1.46790261E+00   1.45304587E+00   1.43716406E+00   1.42159980E+00   1.40509602E+00   1.38898193E+00   1.37186885E+00   1.35504435E+00   1.33726440E+00   1.32001719E+00   1.30179279E+00   1.28398669E+00   1.26519809E+00   1.24699228E+00   1.22790439E+00   1.20841497E+00   1.18736397E+00   1.16420628E+00   1.13987073E+00   1.11564310E+00   1.08912497E+00   1.05149805E+00   1.00000000E+00
   1.63375517E+00   1.63375624E+00   1.63376087E+00   1.63376768E+00   1.63377671E+00   1.63378770E+00   1.63380068E+00   1.63381563E+00   1.63383260E+00   1.63385165E+00   1.63387285E+00   1.63389634E+00   1.63392217E+00   1.63395043E+00   1.63398118E+00   1.63401461E+00   1.63405077E+00   1.63408971E+00   1.63413147E+00   1.63417617E+00   1.63422380E+00   1.63427431E+00   1.63432768E+00   1.63438398E+00   1.63444307E+00   1.63450471E+00   1.63456880E+00   1.63463510E+00   1.63470330E+00   1.63477296E+00   1.63484391E+00   1.63491566E+00   1.63498750E+00   1.63505839E+00   1.63512779E+00   1.63519468E+00   1.63525804E+00   1.63531598E+00   1.63536747E+00   1.63541042E+00   1.63544337E+00   1.63546372E+00   1.63546973E+00   1.63545779E+00   1.63542525E+00   1.63536785E+00   1.63528264E+00   1.63516417E+00   1.63500863E+00   1.63480926E+00   1.63456203E+00   1.63425906E+00   1.63389547E+00   1.63346233E+00   1.63295302E+00   1.63235458E+00   1.63165997E+00   1.63085699E+00   1.62993671E+00   1.62888328E+00   1.62768787E+00   1.62633288E+00   1.62480483E+00   1.62307968E+00   1.62114869E+00   1.61899624E+00   1.61660370E+00   1.61393853E+00   1.61098616E+00   1.60771550E+00   1.60411070E+00   1.60014114E+00   1.59578266E+00   1.59098948E+00   1.58574795E+00   1.58002142E+00   1.57377759E+00   1.56696147E+00   1.55955851E+00   1.55153831E+00   1.54285305E+00   1.53340475E+00   1.52318300E+00   1.51215205E+00   1.50021926E+00   1.48735998E+00   1.47351489E+00   1.45971355E+00   1.44489222E+00   1.43017059E+00   1.41446060E+00   1.39909823E+00   1.38282822E+00   1.36696460E+00   1.35014951E+00   1.33364780E+00   1.31625029E+00   1.29942435E+00   1.28167938E+00   1.26437736E+00   1.24618662E+00   1.22864454E+00   1.21026774E+00   1.19148290E+00   1.17133835E+00   1.14948536E+00   1.12656491E+00   1.10355884E+00   1.07864225E+00   1.04468206E+00   1.00000000E+00
   1.60503497E+00   1.60503715E+00   1.60504230E+00   1.60504927E+00   1.60505812E+00   1.60506867E+00   1.60508094E+00   1.60509493E+00   1.60511069E+00   1.60512829E+00   1.60514780E+00   1.60516934E+00   1.60519296E+00   1.60521876E+00   1.60524680E+00   1.60527723E+00   1.60531009E+00   1.60534544E+00   1.60538332E+00   1.60542380E+00   1.60546690E+00   1.60551257E+00   1.60556078E+00   1.60561155E+00   1.60566476E+00   1.60572020E+00   1.60577776E+00   1.60583718E+00   1.60589819E+00   1.60596036E+00   1.60602347E+00   1.60608695E+00   1.60615018E+00   1.60621219E+00   1.60627239E+00   1.60632971E+00   1.60638317E+00   1.60643099E+00   1.60647214E+00   1.60650452E+00   1.60652668E+00   1.60653602E+00   1.60653075E+00   1.60650724E+00   1.60646298E+00   1.60639379E+00   1.60629667E+00   1.60616621E+00   1.60599871E+00   1.60578764E+00   1.60552892E+00   1.60521462E+00   1.60483989E+00   1.60439560E+00   1.60387523E+00   1.60326625E+00   1.60256175E+00   1.60174951E+00   1.60082055E+00   1.59975920E+00   1.59855650E+00   1.59719495E+00   1.59566175E+00   1.59393406E+00   1.59200246E+00   1.58984983E+00   1.58745782E+00   1.58479531E+00   1.58184802E+00   1.57858527E+00   1.57499138E+00   1.57103599E+00   1.56669521E+00   1.56192579E+00   1.55671423E+00   1.55102441E+00   1.54482493E+00   1.53806328E+00   1.53072469E+00   1.52277772E+00   1.51417441E+00   1.50482057E+00   1.49470841E+00   1.48380447E+00   1.47201827E+00   1.45933719E+00   1.44570861E+00   1.43214388E+00   1.41758625E+00   1.40314312E+00   1.38776466E+00   1.37276866E+00   1.35691427E+00   1.34148729E+00   1.32516360E+00   1.30916963E+00   1.29235929E+00   1.27615889E+00   1.25910183E+00   1.24250584E+00   1.22512859E+00   1.20845597E+00   1.19100081E+00   1.17314586E+00   1.15415161E+00   1.13382911E+00   1.11254784E+00   1.09101596E+00   1.06801013E+00   1.03802922E+00   1.00000000E+00
   1.56598863E+00   1.56599035E+00   1.56599451E+00   1.56600020E+00   1.56600748E+00   1.56601626E+00   1.56602651E+00   1.56603827E+00   1.56605158E+00   1.56606650E+00   1.56608310E+00   1.56610147E+00   1.56612168E+00   1.56614380E+00   1.56616789E+00   1.56619408E+00   1.56622239E+00   1.56625289E+00   1.56628560E+00   1.56632060E+00   1.56635789E+00   1.56639743E+00   1.56643920E+00   1.56648318E+00   1.56652929E+00   1.56657733E+00   1.56662719E+00   1.56667864E+00   1.56673142E+00   1.56678514E+00   1.56683956E+00   1.56689409E+00   1.56694819E+00   1.56700098E+00   1.56705187E+00   1.56709979E+00   1.56714384E+00   1.56718237E+00   1.56721437E+00   1.56723782E+00   1.56725132E+00   1.56725235E+00   1.56723912E+00   1.56720813E+00   1.56715703E+00   1.56708183E+00   1.56697955E+00   1.56684494E+00   1.56667450E+00   1.56646199E+00   1.56620335E+00   1.56589083E+00   1.56551971E+00   1.56508088E+00   1.56456800E+00   1.56396907E+00   1.56327752E+00   1.56248130E+00   1.56157143E+00   1.56053275E+00   1.55935648E+00   1.55802555E+00   1.55652758E+00   1.55484079E+00   1.55295571E+00   1.55085457E+00   1.54851935E+00   1.54592030E+00   1.54304349E+00   1.53985919E+00   1.53635264E+00   1.53249436E+00   1.52826018E+00   1.52360990E+00   1.51853111E+00   1.51298886E+00   1.50695191E+00   1.50037106E+00   1.49323239E+00   1.48550478E+00   1.47713933E+00   1.46804692E+00   1.45822633E+00   1.44764851E+00   1.43621953E+00   1.42393722E+00   1.41076711E+00   1.39768491E+00   1.38364661E+00   1.36972931E+00   1.35495126E+00   1.34058965E+00   1.32543768E+00   1.31073033E+00   1.29518456E+00   1.27996879E+00   1.26403985E+00   1.24875188E+00   1.23266987E+00   1.21705471E+00   1.20078789E+00   1.18527084E+00   1.16902326E+00   1.15239389E+00   1.13487128E+00   1.11639412E+00   1.09709299E+00   1.07744582E+00   1.05679705E+00   1.03123426E+00   1.00000000E+00
   1.51347616E+00   1.51347736E+00   1.51348042E+00   1.51348467E+00   1.51349021E+00   1.51349695E+00   1.51350489E+00   1.51351406E+00   1.51352450E+00   1.51353627E+00   1.51354943E+00   1.51356405E+00   1.51358019E+00   1.51359792E+00   1.51361730E+00   1.51363842E+00   1.51366131E+00   1.51368604E+00   1.51371262E+00   1.51374113E+00   1.51377157E+00   1.51380393E+00   1.51383818E+00   1.51387430E+00   1.51391223E+00   1.51395183E+00   1.51399300E+00   1.51403553E+00   1.51407922E+00   1.51412373E+00   1.51416880E+00   1.51421393E+00   1.51425866E+00   1.51430223E+00   1.51434408E+00   1.51438322E+00   1.51441887E+00   1.51444958E+00   1.51447441E+00   1.51449150E+00   1.51449960E+00   1.51449632E+00   1.51448001E+00   1.51444742E+00   1.51439650E+00   1.51432352E+00   1.51422563E+00   1.51409798E+00   1.51393733E+00   1.51373791E+00   1.51349583E+00   1.51320380E+00   1.51285735E+00   1.51244773E+00   1.51196887E+00   1.51140964E+00   1.51076404E+00   1.51002046E+00   1.50917015E+00   1.50819888E+00   1.50709834E+00   1.50585238E+00   1.50444891E+00   1.50286758E+00   1.50109941E+00   1.49912682E+00   1.49693224E+00   1.49448757E+00   1.49177948E+00   1.48878005E+00   1.48547631E+00   1.48184009E+00   1.47784649E+00   1.47345956E+00   1.46866886E+00   1.46344105E+00   1.45774423E+00   1.45153439E+00   1.44479961E+00   1.43750977E+00   1.42961388E+00   1.42103110E+00   1.41177092E+00   1.40180798E+00   1.39103938E+00   1.37947452E+00   1.36710922E+00   1.35485368E+00   1.34169062E+00   1.32864466E+00   1.31483863E+00   1.30147441E+00   1.28740660E+00   1.27378761E+00   1.25939190E+00   1.24531099E+00   1.23064496E+00   1.21663252E+00   1.20189345E+00   1.18761763E+00   1.17284532E+00   1.15884732E+00   1.14417746E+00   1.12916962E+00   1.11354312E+00   1.09732217E+00   1.08045091E+00   1.06324789E+00   1.04552202E+00   1.02466736E+00   1.00000000E+00
   1.44698910E+00   1.44698986E+00   1.44699189E+00   1.44699477E+00   1.44699856E+00   1.44700322E+00   1.44700876E+00   1.44701521E+00   1.44702261E+00   1.44703099E+00   1.44704041E+00   1.44705093E+00   1.44706259E+00   1.44707546E+00   1.44708957E+00   1.44710500E+00   1.44712178E+00   1.44713997E+00   1.44715958E+00   1.44718068E+00   1.44720327E+00   1.44722736E+00   1.44725292E+00   1.44727994E+00   1.44730837E+00   1.44733812E+00   1.44736911E+00   1.44740118E+00   1.44743416E+00   1.44746777E+00   1.44750180E+00   1.44753580E+00   1.44756945E+00   1.44760212E+00   1.44763328E+00   1.44766212E+00   1.44768797E+00   1.44770965E+00   1.44772630E+00   1.44773635E+00   1.44773872E+00   1.44773130E+00   1.44771258E+00   1.44767979E+00   1.44763122E+00   1.44756357E+00   1.44747420E+00   1.44735889E+00   1.44721480E+00   1.44703688E+00   1.44682151E+00   1.44656225E+00   1.44625506E+00   1.44589194E+00   1.44546723E+00   1.44497114E+00   1.44439862E+00   1.44373893E+00   1.44298372E+00   1.44212037E+00   1.44114145E+00   1.44003240E+00   1.43878143E+00   1.43737033E+00   1.43579130E+00   1.43402785E+00   1.43206324E+00   1.42987169E+00   1.42744083E+00   1.42474585E+00   1.42177654E+00   1.41850649E+00   1.41490974E+00   1.41095630E+00   1.40663867E+00   1.40192554E+00   1.39678354E+00   1.39117638E+00   1.38509570E+00   1.37851278E+00   1.37137277E+00   1.36360769E+00   1.35524228E+00   1.34625228E+00   1.33652135E+00   1.32607213E+00   1.31494013E+00   1.30393158E+00   1.29208287E+00   1.28034009E+00   1.26796534E+00   1.25603737E+00   1.24350795E+00   1.23140930E+00   1.21860512E+00   1.20609293E+00   1.19314187E+00   1.18082397E+00   1.16786163E+00   1.15535073E+00   1.14251111E+00   1.13042858E+00   1.11774504E+00   1.10480377E+00   1.09152154E+00   1.07794299E+00   1.06389201E+00   1.04960902E+00   1.03520616E+00   1.01892271E+00   1.00000000E+00
   1.36689431E+00   1.36689469E+00   1.36689574E+00   1.36689732E+00   1.36689943E+00   1.36690208E+00   1.36690526E+00   1.36690901E+00   1.36691333E+00   1.36691827E+00   1.36692384E+00   1.36693008E+00   1.36693702E+00   1.36694471E+00   1.36695315E+00   1.36696239E+00   1.36697246E+00   1.36698338E+00   1.36699517E+00   1.36700787E+00   1.36702147E+00   1.36703595E+00   1.36705130E+00   1.36706749E+00   1.36708449E+00   1.36710222E+00   1.36712060E+00   1.36713951E+00   1.36715882E+00   1.36717829E+00   1.36719771E+00   1.36721674E+00   1.36723516E+00   1.36725248E+00   1.36726821E+00   1.36728170E+00   1.36729247E+00   1.36729958E+00   1.36730232E+00   1.36729945E+00   1.36729011E+00   1.36727255E+00   1.36724547E+00   1.36720669E+00   1.36715504E+00   1.36708774E+00   1.36700244E+00   1.36689582E+00   1.36676569E+00   1.36660789E+00   1.36641931E+00   1.36619482E+00   1.36593103E+00   1.36562121E+00   1.36526037E+00   1.36484066E+00   1.36435846E+00   1.36380446E+00   1.36317111E+00   1.36244825E+00   1.36162994E+00   1.36070410E+00   1.35965939E+00   1.35848088E+00   1.35716272E+00   1.35569074E+00   1.35404968E+00   1.35221721E+00   1.35018258E+00   1.34792552E+00   1.34543968E+00   1.34270101E+00   1.33968270E+00   1.33636253E+00   1.33273679E+00   1.32877704E+00   1.32444810E+00   1.31972374E+00   1.31460107E+00   1.30905340E+00   1.30302072E+00   1.29645259E+00   1.28939140E+00   1.28181026E+00   1.27358068E+00   1.26473833E+00   1.25535702E+00   1.24609485E+00   1.23609151E+00   1.22617880E+00   1.21578140E+00   1.20579465E+00   1.19531653E+00   1.18521979E+00   1.17450764E+00   1.16405966E+00   1.15331774E+00   1.14313824E+00   1.13241718E+00   1.12211373E+00   1.11163017E+00   1.10182167E+00   1.09149332E+00   1.08100386E+00   1.07040068E+00   1.05968858E+00   1.04863980E+00   1.03746900E+00   1.02644692E+00   1.01425034E+00   1.00000000E+00
   1.26803043E+00   1.26803041E+00   1.26803046E+00   1.26803072E+00   1.26803112E+00   1.26803169E+00   1.26803241E+00   1.26803331E+00   1.26803437E+00   1.26803560E+00   1.26803700E+00   1.26803857E+00   1.26804031E+00   1.26804224E+00   1.26804435E+00   1.26804662E+00   1.26804908E+00   1.26805171E+00   1.26805451E+00   1.26805747E+00   1.26806057E+00   1.26806378E+00   1.26806705E+00   1.26807034E+00   1.26807362E+00   1.26807680E+00   1.26807982E+00   1.26808257E+00   1.26808496E+00   1.26808678E+00   1.26808784E+00   1.26808792E+00   1.26808694E+00   1.26808453E+00   1.26808026E+00   1.26807373E+00   1.26806468E+00   1.26805246E+00   1.26803655E+00   1.26801621E+00   1.26799086E+00   1.26795930E+00   1.26792055E+00   1.26787328E+00   1.26781697E+00   1.26774967E+00   1.26766951E+00   1.26757451E+00   1.26746336E+00   1.26733326E+00   1.26718192E+00   1.26700619E+00   1.26680368E+00   1.26656983E+00   1.26630070E+00   1.26599129E+00   1.26563997E+00   1.26523977E+00   1.26478471E+00   1.26426820E+00   1.26368656E+00   1.26303147E+00   1.26229283E+00   1.26146051E+00   1.26053129E+00   1.25949496E+00   1.25833919E+00   1.25704694E+00   1.25561029E+00   1.25401477E+00   1.25225806E+00   1.25032005E+00   1.24817588E+00   1.24581167E+00   1.24322691E+00   1.24039784E+00   1.23729085E+00   1.23388996E+00   1.23019719E+00   1.22618863E+00   1.22180550E+00   1.21701779E+00   1.21187383E+00   1.20634133E+00   1.20030180E+00   1.19379608E+00   1.18690361E+00   1.18008399E+00   1.17268179E+00   1.16534538E+00   1.15766613E+00   1.15028270E+00   1.14251927E+00   1.13503788E+00   1.12707314E+00   1.11932618E+00   1.11138980E+00   1.10386814E+00   1.09593962E+00   1.08834492E+00   1.08065099E+00   1.07345765E+00   1.06585938E+00   1.05819148E+00   1.05052179E+00   1.04280367E+00   1.03484234E+00   1.02681673E+00   1.01906734E+00   1.01046597E+00   1.00000000E+00
   1.76909979E+00   1.76912393E+00   1.76915024E+00   1.76917684E+00   1.76920386E+00   1.76923127E+00   1.76925933E+00   1.76928844E+00   1.76931882E+00   1.76935085E+00   1.76938479E+00   1.76942112E+00   1.76945998E+00   1.76950158E+00   1.76954610E+00   1.76959400E+00   1.76964539E+00   1.76970033E+00   1.76975893E+00   1.76982149E+00   1.76988789E+00   1.76995783E+00   1.77003132E+00   1.77010849E+00   1.77018902E+00   1.77027236E+00   1.77035833E+00   1.77044644E+00   1.77053599E+00   1.77062596E+00   1.77071629E+00   1.77080649E+00   1.77089514E+00   1.77098019E+00   1.77106102E+00   1.77113638E+00   1.77120452E+00   1.77126232E+00   1.77130832E+00   1.77133961E+00   1.77135409E+00   1.77134833E+00   1.77132020E+00   1.77126506E+00   1.77117907E+00   1.77105644E+00   1.77089381E+00   1.77068454E+00   1.77042339E+00   1.77010103E+00   1.76971282E+00   1.76924944E+00   1.76870556E+00   1.76807192E+00   1.76734030E+00   1.76649431E+00   1.76552578E+00   1.76442104E+00   1.76316980E+00   1.76175398E+00   1.76016643E+00   1.75839035E+00   1.75640616E+00   1.75418093E+00   1.75170927E+00   1.74898275E+00   1.74598184E+00   1.74266737E+00   1.73902172E+00   1.73501236E+00   1.73062575E+00   1.72583258E+00   1.72060546E+00   1.71488846E+00   1.70867083E+00   1.70191830E+00   1.69459360E+00   1.68663433E+00   1.67802541E+00   1.66873917E+00   1.65873016E+00   1.64789714E+00   1.63623108E+00   1.62369994E+00   1.61019611E+00   1.59566173E+00   1.58002033E+00   1.56443979E+00   1.54774482E+00   1.53119508E+00   1.51352226E+00   1.49619507E+00   1.47783638E+00   1.45992314E+00   1.44089558E+00   1.42219789E+00   1.40242144E+00   1.38318651E+00   1.36282500E+00   1.34289954E+00   1.32179300E+00   1.30119812E+00   1.27956819E+00   1.25758634E+00   1.23362508E+00   1.20655576E+00   1.17782938E+00   1.14968107E+00   1.11879786E+00   1.07131622E+00   1.00000000E+00
   1.74553375E+00   1.74552994E+00   1.74553277E+00   1.74553987E+00   1.74555113E+00   1.74556603E+00   1.74558451E+00   1.74560644E+00   1.74563179E+00   1.74566051E+00   1.74569261E+00   1.74572818E+00   1.74576720E+00   1.74580965E+00   1.74585554E+00   1.74590507E+00   1.74595822E+00   1.74601492E+00   1.74607519E+00   1.74613913E+00   1.74620660E+00   1.74627735E+00   1.74635130E+00   1.74642846E+00   1.74650853E+00   1.74659100E+00   1.74667566E+00   1.74676198E+00   1.74684942E+00   1.74693713E+00   1.74702488E+00   1.74711194E+00   1.74719710E+00   1.74727864E+00   1.74735580E+00   1.74742714E+00   1.74749106E+00   1.74754476E+00   1.74758678E+00   1.74761423E+00   1.74762509E+00   1.74761594E+00   1.74758452E+00   1.74752605E+00   1.74743698E+00   1.74731176E+00   1.74714677E+00   1.74693513E+00   1.74667195E+00   1.74634858E+00   1.74596031E+00   1.74549775E+00   1.74495521E+00   1.74432269E+00   1.74359222E+00   1.74274813E+00   1.74178234E+00   1.74068117E+00   1.73943464E+00   1.73802484E+00   1.73644271E+00   1.73466941E+00   1.73268855E+00   1.73047178E+00   1.72801120E+00   1.72529335E+00   1.72229837E+00   1.71898931E+00   1.71535033E+00   1.71134917E+00   1.70697003E+00   1.70218129E+00   1.69695779E+00   1.69124850E+00   1.68503993E+00   1.67829443E+00   1.67097738E+00   1.66302952E+00   1.65443485E+00   1.64516311E+00   1.63516956E+00   1.62435493E+00   1.61270313E+00   1.60017139E+00   1.58666426E+00   1.57215116E+00   1.55654961E+00   1.54101370E+00   1.52437251E+00   1.50788659E+00   1.49029903E+00   1.47308078E+00   1.45484801E+00   1.43706745E+00   1.41821038E+00   1.39970714E+00   1.38016212E+00   1.36119268E+00   1.34115096E+00   1.32157245E+00   1.30089499E+00   1.28081042E+00   1.25974452E+00   1.23829181E+00   1.21504485E+00   1.18916831E+00   1.16183157E+00   1.13485947E+00   1.10541698E+00   1.06198708E+00   1.00000000E+00
   1.71688129E+00   1.71687280E+00   1.71687036E+00   1.71687184E+00   1.71687722E+00   1.71688608E+00   1.71689838E+00   1.71691402E+00   1.71693299E+00   1.71695528E+00   1.71698093E+00   1.71701002E+00   1.71704256E+00   1.71707854E+00   1.71711801E+00   1.71716110E+00   1.71720779E+00   1.71725803E+00   1.71731181E+00   1.71736917E+00   1.71743001E+00   1.71749411E+00   1.71756135E+00   1.71763165E+00   1.71770476E+00   1.71778018E+00   1.71785769E+00   1.71793675E+00   1.71801687E+00   1.71809728E+00   1.71817763E+00   1.71825703E+00   1.71833445E+00   1.71840830E+00   1.71847775E+00   1.71854124E+00   1.71859730E+00   1.71864332E+00   1.71867782E+00   1.71869793E+00   1.71870166E+00   1.71868558E+00   1.71864735E+00   1.71858215E+00   1.71848663E+00   1.71835537E+00   1.71818465E+00   1.71796760E+00   1.71769955E+00   1.71737224E+00   1.71698086E+00   1.71651594E+00   1.71597169E+00   1.71533768E+00   1.71460616E+00   1.71376202E+00   1.71279729E+00   1.71169820E+00   1.71045469E+00   1.70904894E+00   1.70747125E+00   1.70570232E+00   1.70372735E+00   1.70152010E+00   1.69907121E+00   1.69636415E+00   1.69337930E+00   1.69008163E+00   1.68645584E+00   1.68246959E+00   1.67810635E+00   1.67333390E+00   1.66812780E+00   1.66243977E+00   1.65625553E+00   1.64953685E+00   1.64225075E+00   1.63434026E+00   1.62578908E+00   1.61656527E+00   1.60662281E+00   1.59586297E+00   1.58426973E+00   1.57180040E+00   1.55836514E+00   1.54394827E+00   1.52846798E+00   1.51306731E+00   1.49658069E+00   1.48026039E+00   1.46287427E+00   1.44588878E+00   1.42792318E+00   1.41042524E+00   1.39190308E+00   1.37375856E+00   1.35463048E+00   1.33611696E+00   1.31659927E+00   1.29757571E+00   1.27755522E+00   1.25820291E+00   1.23793137E+00   1.21725715E+00   1.19500865E+00   1.17063714E+00   1.14499674E+00   1.11943495E+00   1.09170058E+00   1.05273021E+00   1.00000000E+00
   1.68223433E+00   1.68223659E+00   1.68224326E+00   1.68225256E+00   1.68226458E+00   1.68227904E+00   1.68229593E+00   1.68231523E+00   1.68233699E+00   1.68236127E+00   1.68238814E+00   1.68241771E+00   1.68245005E+00   1.68248520E+00   1.68252323E+00   1.68256427E+00   1.68260832E+00   1.68265538E+00   1.68270545E+00   1.68275856E+00   1.68281464E+00   1.68287352E+00   1.68293508E+00   1.68299922E+00   1.68306571E+00   1.68313413E+00   1.68320424E+00   1.68327553E+00   1.68334757E+00   1.68341963E+00   1.68349129E+00   1.68356163E+00   1.68362971E+00   1.68369410E+00   1.68375391E+00   1.68380755E+00   1.68385363E+00   1.68388971E+00   1.68391433E+00   1.68392462E+00   1.68391866E+00   1.68389301E+00   1.68384531E+00   1.68377077E+00   1.68366623E+00   1.68352640E+00   1.68334753E+00   1.68312283E+00   1.68284782E+00   1.68251452E+00   1.68211808E+00   1.68164902E+00   1.68110156E+00   1.68046508E+00   1.67973197E+00   1.67888765E+00   1.67792428E+00   1.67682809E+00   1.67558897E+00   1.67418929E+00   1.67261925E+00   1.67085962E+00   1.66889637E+00   1.66670455E+00   1.66427406E+00   1.66158668E+00   1.65862302E+00   1.65534963E+00   1.65175145E+00   1.64779633E+00   1.64346795E+00   1.63873442E+00   1.63357134E+00   1.62793296E+00   1.62180536E+00   1.61515101E+00   1.60793774E+00   1.60011081E+00   1.59165430E+00   1.58253593E+00   1.57270836E+00   1.56207424E+00   1.55062155E+00   1.53831292E+00   1.52505945E+00   1.51085503E+00   1.49562672E+00   1.48050130E+00   1.46432108E+00   1.44831858E+00   1.43130496E+00   1.41472900E+00   1.39722661E+00   1.38021290E+00   1.36223854E+00   1.34465879E+00   1.32617722E+00   1.30835227E+00   1.28960054E+00   1.27136685E+00   1.25225340E+00   1.23387425E+00   1.21464864E+00   1.19502664E+00   1.17407483E+00   1.15148328E+00   1.12779454E+00   1.10393827E+00   1.07833459E+00   1.04415026E+00   1.00000000E+00
   1.63934903E+00   1.63935381E+00   1.63936200E+00   1.63937219E+00   1.63938451E+00   1.63939876E+00   1.63941494E+00   1.63943307E+00   1.63945320E+00   1.63947541E+00   1.63949976E+00   1.63952637E+00   1.63955529E+00   1.63958659E+00   1.63962033E+00   1.63965662E+00   1.63969546E+00   1.63973687E+00   1.63978084E+00   1.63982739E+00   1.63987646E+00   1.63992791E+00   1.63998164E+00   1.64003752E+00   1.64009533E+00   1.64015472E+00   1.64021546E+00   1.64027705E+00   1.64033910E+00   1.64040092E+00   1.64046209E+00   1.64052165E+00   1.64057879E+00   1.64063218E+00   1.64068092E+00   1.64072342E+00   1.64075842E+00   1.64078360E+00   1.64079754E+00   1.64079746E+00   1.64078150E+00   1.64074627E+00   1.64068941E+00   1.64060630E+00   1.64049397E+00   1.64034730E+00   1.64016256E+00   1.63993315E+00   1.63965478E+00   1.63931980E+00   1.63892333E+00   1.63845609E+00   1.63791240E+00   1.63728160E+00   1.63655626E+00   1.63572239E+00   1.63477247E+00   1.63369284E+00   1.63247341E+00   1.63109702E+00   1.62955404E+00   1.62782564E+00   1.62589823E+00   1.62374792E+00   1.62136451E+00   1.61872904E+00   1.61582238E+00   1.61261245E+00   1.60908458E+00   1.60520740E+00   1.60096561E+00   1.59632834E+00   1.59127070E+00   1.58575001E+00   1.57975374E+00   1.57324579E+00   1.56619401E+00   1.55854682E+00   1.55028966E+00   1.54139124E+00   1.53180257E+00   1.52142938E+00   1.51026743E+00   1.49828691E+00   1.48539454E+00   1.47159238E+00   1.45682789E+00   1.44219638E+00   1.42655114E+00   1.41108878E+00   1.39469265E+00   1.37877379E+00   1.36200228E+00   1.34574052E+00   1.32858677E+00   1.31182842E+00   1.29427636E+00   1.27742113E+00   1.25971645E+00   1.24253806E+00   1.22461774E+00   1.20748969E+00   1.18958676E+00   1.17130166E+00   1.15195543E+00   1.13142061E+00   1.10995524E+00   1.08816484E+00   1.06513691E+00   1.03603536E+00   1.00000000E+00
   1.58175420E+00   1.58175685E+00   1.58176222E+00   1.58176925E+00   1.58177808E+00   1.58178857E+00   1.58180071E+00   1.58181453E+00   1.58183007E+00   1.58184739E+00   1.58186654E+00   1.58188762E+00   1.58191068E+00   1.58193577E+00   1.58196294E+00   1.58199226E+00   1.58202376E+00   1.58205745E+00   1.58209331E+00   1.58213136E+00   1.58217156E+00   1.58221379E+00   1.58225795E+00   1.58230392E+00   1.58235153E+00   1.58240047E+00   1.58245055E+00   1.58250131E+00   1.58255242E+00   1.58260326E+00   1.58265342E+00   1.58270200E+00   1.58274832E+00   1.58279121E+00   1.58282981E+00   1.58286262E+00   1.58288850E+00   1.58290541E+00   1.58291199E+00   1.58290564E+00   1.58288467E+00   1.58284584E+00   1.58278691E+00   1.58270359E+00   1.58259320E+00   1.58245094E+00   1.58227319E+00   1.58205376E+00   1.58178867E+00   1.58147076E+00   1.58109532E+00   1.58065348E+00   1.58013987E+00   1.57954411E+00   1.57885901E+00   1.57807152E+00   1.57717473E+00   1.57615539E+00   1.57500353E+00   1.57370295E+00   1.57224453E+00   1.57061034E+00   1.56878700E+00   1.56675196E+00   1.56449563E+00   1.56199922E+00   1.55924385E+00   1.55619905E+00   1.55285072E+00   1.54916935E+00   1.54514160E+00   1.54073813E+00   1.53593281E+00   1.53068741E+00   1.52499194E+00   1.51881213E+00   1.51211471E+00   1.50485334E+00   1.49701622E+00   1.48857368E+00   1.47947357E+00   1.46962808E+00   1.45904602E+00   1.44770446E+00   1.43549835E+00   1.42243932E+00   1.40851112E+00   1.39474551E+00   1.38001720E+00   1.36546241E+00   1.35008071E+00   1.33521013E+00   1.31958287E+00   1.30447480E+00   1.28854459E+00   1.27298813E+00   1.25677732E+00   1.24128838E+00   1.22502656E+00   1.20928331E+00   1.19296775E+00   1.17748609E+00   1.16130017E+00   1.14476312E+00   1.12747101E+00   1.10943037E+00   1.09066326E+00   1.07153863E+00   1.05172275E+00   1.02810361E+00   1.00000000E+00
   1.50659545E+00   1.50659681E+00   1.50660005E+00   1.50660453E+00   1.50661034E+00   1.50661741E+00   1.50662573E+00   1.50663532E+00   1.50664623E+00   1.50665852E+00   1.50667220E+00   1.50668736E+00   1.50670404E+00   1.50672228E+00   1.50674211E+00   1.50676360E+00   1.50678677E+00   1.50681162E+00   1.50683815E+00   1.50686638E+00   1.50689627E+00   1.50692775E+00   1.50696073E+00   1.50699510E+00   1.50703074E+00   1.50706742E+00   1.50710495E+00   1.50714299E+00   1.50718127E+00   1.50721925E+00   1.50725656E+00   1.50729245E+00   1.50732638E+00   1.50735738E+00   1.50738466E+00   1.50740692E+00   1.50742322E+00   1.50743182E+00   1.50743152E+00   1.50742007E+00   1.50739598E+00   1.50735635E+00   1.50729914E+00   1.50722061E+00   1.50711856E+00   1.50698866E+00   1.50682751E+00   1.50662967E+00   1.50639164E+00   1.50610708E+00   1.50577156E+00   1.50537716E+00   1.50491901E+00   1.50438745E+00   1.50377575E+00   1.50307231E+00   1.50227136E+00   1.50136051E+00   1.50033010E+00   1.49916570E+00   1.49785916E+00   1.49639422E+00   1.49475757E+00   1.49292882E+00   1.49089981E+00   1.48865301E+00   1.48617007E+00   1.48342263E+00   1.48039766E+00   1.47706898E+00   1.47342658E+00   1.46944288E+00   1.46508966E+00   1.46033533E+00   1.45517387E+00   1.44957302E+00   1.44349683E+00   1.43690734E+00   1.42979763E+00   1.42213982E+00   1.41387548E+00   1.40492890E+00   1.39532905E+00   1.38505625E+00   1.37398583E+00   1.36214163E+00   1.34955937E+00   1.33716014E+00   1.32386609E+00   1.31072343E+00   1.29689548E+00   1.28359257E+00   1.26964894E+00   1.25620829E+00   1.24202185E+00   1.22817455E+00   1.21384006E+00   1.20021667E+00   1.18590887E+00   1.17210297E+00   1.15792007E+00   1.14456994E+00   1.13059550E+00   1.11634472E+00   1.10166706E+00   1.08662423E+00   1.07107402E+00   1.05525721E+00   1.03923658E+00   1.02106158E+00   1.00000000E+00
   1.41393433E+00   1.41393491E+00   1.41393647E+00   1.41393878E+00   1.41394187E+00   1.41394573E+00   1.41395034E+00   1.41395574E+00   1.41396193E+00   1.41396896E+00   1.41397683E+00   1.41398558E+00   1.41399524E+00   1.41400582E+00   1.41401735E+00   1.41402983E+00   1.41404329E+00   1.41405771E+00   1.41407309E+00   1.41408944E+00   1.41410671E+00   1.41412481E+00   1.41414369E+00   1.41416322E+00   1.41418333E+00   1.41420383E+00   1.41422455E+00   1.41424523E+00   1.41426564E+00   1.41428534E+00   1.41430398E+00   1.41432098E+00   1.41433600E+00   1.41434823E+00   1.41435694E+00   1.41436113E+00   1.41436009E+00   1.41435245E+00   1.41433718E+00   1.41431253E+00   1.41427730E+00   1.41422908E+00   1.41416606E+00   1.41408535E+00   1.41398541E+00   1.41386260E+00   1.41371383E+00   1.41353482E+00   1.41332288E+00   1.41307279E+00   1.41278067E+00   1.41244024E+00   1.41204734E+00   1.41159383E+00   1.41107359E+00   1.41047738E+00   1.40980126E+00   1.40903434E+00   1.40816765E+00   1.40718965E+00   1.40609399E+00   1.40486718E+00   1.40349585E+00   1.40196315E+00   1.40026346E+00   1.39838201E+00   1.39630154E+00   1.39399683E+00   1.39145678E+00   1.38866036E+00   1.38560250E+00   1.38225768E+00   1.37859505E+00   1.37459212E+00   1.37024838E+00   1.36553416E+00   1.36040932E+00   1.35484755E+00   1.34884988E+00   1.34239038E+00   1.33540085E+00   1.32782455E+00   1.31971633E+00   1.31105378E+00   1.30169035E+00   1.29166410E+00   1.28106641E+00   1.27064948E+00   1.25943839E+00   1.24835098E+00   1.23674864E+00   1.22563863E+00   1.21401436E+00   1.20283732E+00   1.19100939E+00   1.17948265E+00   1.16764234E+00   1.15644127E+00   1.14466702E+00   1.13335767E+00   1.12185446E+00   1.11110425E+00   1.09981707E+00   1.08835856E+00   1.07675658E+00   1.06503735E+00   1.05297709E+00   1.04077951E+00   1.02871085E+00   1.01540519E+00   1.00000000E+00
   1.29820160E+00   1.29820144E+00   1.29820121E+00   1.29820125E+00   1.29820144E+00   1.29820177E+00   1.29820228E+00   1.29820294E+00   1.29820375E+00   1.29820471E+00   1.29820579E+00   1.29820697E+00   1.29820825E+00   1.29820963E+00   1.29821107E+00   1.29821253E+00   1.29821402E+00   1.29821550E+00   1.29821693E+00   1.29821828E+00   1.29821949E+00   1.29822046E+00   1.29822109E+00   1.29822128E+00   1.29822097E+00   1.29821997E+00   1.29821816E+00   1.29821533E+00   1.29821131E+00   1.29820575E+00   1.29819831E+00   1.29818863E+00   1.29817662E+00   1.29816166E+00   1.29814307E+00   1.29812026E+00   1.29809286E+00   1.29805994E+00   1.29802072E+00   1.29797420E+00   1.29791953E+00   1.29785508E+00   1.29777942E+00   1.29769085E+00   1.29758883E+00   1.29747072E+00   1.29733395E+00   1.29717605E+00   1.29699557E+00   1.29678898E+00   1.29655334E+00   1.29628492E+00   1.29598080E+00   1.29563549E+00   1.29524390E+00   1.29480031E+00   1.29430360E+00   1.29374542E+00   1.29311821E+00   1.29241484E+00   1.29163196E+00   1.29076035E+00   1.28978707E+00   1.28870081E+00   1.28749955E+00   1.28617327E+00   1.28470732E+00   1.28308163E+00   1.28128865E+00   1.27931388E+00   1.27715769E+00   1.27479802E+00   1.27220423E+00   1.26936390E+00   1.26628143E+00   1.26293151E+00   1.25927310E+00   1.25529238E+00   1.25099807E+00   1.24636630E+00   1.24132508E+00   1.23584265E+00   1.22998751E+00   1.22372784E+00   1.21691934E+00   1.20960960E+00   1.20190882E+00   1.19433159E+00   1.18612765E+00   1.17801138E+00   1.16954944E+00   1.16144968E+00   1.15296079E+00   1.14480196E+00   1.13613025E+00   1.12770362E+00   1.11909520E+00   1.11095909E+00   1.10239375E+00   1.09419833E+00   1.08591667E+00   1.07819345E+00   1.07004619E+00   1.06182647E+00   1.05361610E+00   1.04537255E+00   1.03688747E+00   1.02833849E+00   1.02007518E+00   1.01096443E+00   1.00000000E+00
   1.86294531E+00   1.86328801E+00   1.86359779E+00   1.86387666E+00   1.86412725E+00   1.86435356E+00   1.86455799E+00   1.86474447E+00   1.86491495E+00   1.86507270E+00   1.86521933E+00   1.86535762E+00   1.86548869E+00   1.86561441E+00   1.86573566E+00   1.86585418E+00   1.86597052E+00   1.86608545E+00   1.86619941E+00   1.86631330E+00   1.86642708E+00   1.86654055E+00   1.86665379E+00   1.86676704E+00   1.86687995E+00   1.86699186E+00   1.86710251E+00   1.86721123E+00   1.86731713E+00   1.86741896E+00   1.86751651E+00   1.86760899E+00   1.86769459E+00   1.86777069E+00   1.86783639E+00   1.86788988E+00   1.86792896E+00   1.86794961E+00   1.86794993E+00   1.86792610E+00   1.86787559E+00   1.86779414E+00   1.86767895E+00   1.86752399E+00   1.86732467E+00   1.86707404E+00   1.86676792E+00   1.86639822E+00   1.86595874E+00   1.86543847E+00   1.86483208E+00   1.86412882E+00   1.86332252E+00   1.86240282E+00   1.86136032E+00   1.86017643E+00   1.85884231E+00   1.85734321E+00   1.85566776E+00   1.85379604E+00   1.85172074E+00   1.84942411E+00   1.84688495E+00   1.84406815E+00   1.84096836E+00   1.83757726E+00   1.83387460E+00   1.82981865E+00   1.82539171E+00   1.82056193E+00   1.81531515E+00   1.80962035E+00   1.80345128E+00   1.79675124E+00   1.78950776E+00   1.78168488E+00   1.77324633E+00   1.76412923E+00   1.75431215E+00   1.74376023E+00   1.73243853E+00   1.72026166E+00   1.70720640E+00   1.69321816E+00   1.67820421E+00   1.66213376E+00   1.64489407E+00   1.62774117E+00   1.60941358E+00   1.59132054E+00   1.57204378E+00   1.55316129E+00   1.53317744E+00   1.51370210E+00   1.49304516E+00   1.47278829E+00   1.45138229E+00   1.43056610E+00   1.40853661E+00   1.38697239E+00   1.36411225E+00   1.34177584E+00   1.31829648E+00   1.29447240E+00   1.26846167E+00   1.23877628E+00   1.20700773E+00   1.17622972E+00   1.14305457E+00   1.08863110E+00   1.00000000E+00
   1.83704370E+00   1.83721417E+00   1.83736757E+00   1.83750451E+00   1.83762694E+00   1.83773759E+00   1.83783801E+00   1.83793079E+00   1.83801712E+00   1.83809903E+00   1.83817741E+00   1.83825387E+00   1.83832900E+00   1.83840375E+00   1.83847857E+00   1.83855434E+00   1.83863131E+00   1.83870975E+00   1.83878982E+00   1.83887193E+00   1.83895595E+00   1.83904162E+00   1.83912884E+00   1.83921763E+00   1.83930760E+00   1.83939807E+00   1.83948869E+00   1.83957869E+00   1.83966732E+00   1.83975343E+00   1.83983656E+00   1.83991554E+00   1.83998879E+00   1.84005395E+00   1.84010991E+00   1.84015456E+00   1.84018582E+00   1.84019996E+00   1.84019505E+00   1.84016723E+00   1.84011394E+00   1.84003083E+00   1.83991491E+00   1.83976003E+00   1.83956188E+00   1.83931367E+00   1.83901090E+00   1.83864517E+00   1.83821071E+00   1.83769725E+00   1.83709934E+00   1.83640609E+00   1.83561090E+00   1.83470247E+00   1.83367177E+00   1.83250104E+00   1.83118144E+00   1.82969805E+00   1.82803988E+00   1.82618731E+00   1.82413077E+00   1.82185015E+00   1.81932784E+00   1.81653363E+00   1.81345933E+00   1.81009114E+00   1.80640865E+00   1.80237280E+00   1.79796744E+00   1.79316034E+00   1.78793515E+00   1.78225872E+00   1.77610659E+00   1.76942635E+00   1.76220331E+00   1.75439820E+00   1.74597648E+00   1.73687798E+00   1.72708328E+00   1.71655843E+00   1.70526430E+00   1.69310924E+00   1.68006817E+00   1.66608408E+00   1.65106924E+00   1.63500972E+00   1.61779465E+00   1.60067899E+00   1.58239698E+00   1.56434921E+00   1.54513288E+00   1.52633726E+00   1.50645726E+00   1.48709222E+00   1.46657824E+00   1.44648251E+00   1.42526857E+00   1.40467593E+00   1.38291794E+00   1.36165442E+00   1.33917855E+00   1.31730864E+00   1.29434544E+00   1.27099324E+00   1.24562922E+00   1.21708413E+00   1.18669016E+00   1.15695466E+00   1.12480986E+00   1.07509540E+00   1.00000000E+00
   1.80211044E+00   1.80212151E+00   1.80213068E+00   1.80213749E+00   1.80214315E+00   1.80214913E+00   1.80215625E+00   1.80216582E+00   1.80217841E+00   1.80219498E+00   1.80221584E+00   1.80224164E+00   1.80227250E+00   1.80230860E+00   1.80234998E+00   1.80239677E+00   1.80244887E+00   1.80250599E+00   1.80256800E+00   1.80263471E+00   1.80270580E+00   1.80278066E+00   1.80285898E+00   1.80294034E+00   1.80302424E+00   1.80310976E+00   1.80319642E+00   1.80328326E+00   1.80336949E+00   1.80345388E+00   1.80353579E+00   1.80361379E+00   1.80368644E+00   1.80375153E+00   1.80380782E+00   1.80385308E+00   1.80388537E+00   1.80390120E+00   1.80389865E+00   1.80387390E+00   1.80382446E+00   1.80374596E+00   1.80363538E+00   1.80348664E+00   1.80329569E+00   1.80305592E+00   1.80276279E+00   1.80240799E+00   1.80198605E+00   1.80148723E+00   1.80090599E+00   1.80023139E+00   1.79945676E+00   1.79857036E+00   1.79756342E+00   1.79641892E+00   1.79512809E+00   1.79367587E+00   1.79205128E+00   1.79023479E+00   1.78821612E+00   1.78597461E+00   1.78349440E+00   1.78074762E+00   1.77772439E+00   1.77440762E+00   1.77077712E+00   1.76679599E+00   1.76244846E+00   1.75770172E+00   1.75253870E+00   1.74692578E+00   1.74083880E+00   1.73422776E+00   1.72707753E+00   1.71934849E+00   1.71100741E+00   1.70199601E+00   1.69229594E+00   1.68187324E+00   1.67068475E+00   1.65863416E+00   1.64569912E+00   1.63182770E+00   1.61693414E+00   1.60101386E+00   1.58396128E+00   1.56702458E+00   1.54894209E+00   1.53109607E+00   1.51211450E+00   1.49358460E+00   1.47400647E+00   1.45495598E+00   1.43481067E+00   1.41510436E+00   1.39433394E+00   1.37421926E+00   1.35301364E+00   1.33234201E+00   1.31056570E+00   1.28947209E+00   1.26736248E+00   1.24484768E+00   1.22055059E+00   1.19367105E+00   1.16524054E+00   1.13709722E+00   1.10665653E+00   1.06232612E+00   1.00000000E+00
   1.76022632E+00   1.76023198E+00   1.76024092E+00   1.76025131E+00   1.76026359E+00   1.76027786E+00   1.76029433E+00   1.76031329E+00   1.76033494E+00   1.76035958E+00   1.76038734E+00   1.76041852E+00   1.76045318E+00   1.76049142E+00   1.76053330E+00   1.76057897E+00   1.76062839E+00   1.76068146E+00   1.76073812E+00   1.76079832E+00   1.76086187E+00   1.76092840E+00   1.76099767E+00   1.76106937E+00   1.76114311E+00   1.76121819E+00   1.76129418E+00   1.76137022E+00   1.76144565E+00   1.76151935E+00   1.76159066E+00   1.76165816E+00   1.76172055E+00   1.76177583E+00   1.76182275E+00   1.76185905E+00   1.76188294E+00   1.76189115E+00   1.76188178E+00   1.76185110E+00   1.76179664E+00   1.76171408E+00   1.76160038E+00   1.76144959E+00   1.76125786E+00   1.76101875E+00   1.76072774E+00   1.76037667E+00   1.75996028E+00   1.75946920E+00   1.75889785E+00   1.75823530E+00   1.75747492E+00   1.75660473E+00   1.75561614E+00   1.75449277E+00   1.75322597E+00   1.75180064E+00   1.75020577E+00   1.74842205E+00   1.74643905E+00   1.74423615E+00   1.74179838E+00   1.73909916E+00   1.73612781E+00   1.73286536E+00   1.72929180E+00   1.72537189E+00   1.72109003E+00   1.71641323E+00   1.71132464E+00   1.70579111E+00   1.69978825E+00   1.69326832E+00   1.68621689E+00   1.67859524E+00   1.67037083E+00   1.66148725E+00   1.65192721E+00   1.64165734E+00   1.63063169E+00   1.61875195E+00   1.60600128E+00   1.59233665E+00   1.57767168E+00   1.56200806E+00   1.54525153E+00   1.52863607E+00   1.51090917E+00   1.49342485E+00   1.47485967E+00   1.45678376E+00   1.43771680E+00   1.41919705E+00   1.39965298E+00   1.38056478E+00   1.36049441E+00   1.34112194E+00   1.32074856E+00   1.30094158E+00   1.28015776E+00   1.26013057E+00   1.23918034E+00   1.21783100E+00   1.19496346E+00   1.17011003E+00   1.14397589E+00   1.11778383E+00   1.08961862E+00   1.05101150E+00   1.00000000E+00
   1.71149926E+00   1.71151620E+00   1.71153664E+00   1.71155872E+00   1.71158271E+00   1.71160845E+00   1.71163599E+00   1.71166543E+00   1.71169686E+00   1.71173043E+00   1.71176623E+00   1.71180445E+00   1.71184513E+00   1.71188836E+00   1.71193419E+00   1.71198272E+00   1.71203394E+00   1.71208779E+00   1.71214422E+00   1.71220319E+00   1.71226455E+00   1.71232802E+00   1.71239338E+00   1.71246035E+00   1.71252860E+00   1.71259751E+00   1.71266672E+00   1.71273542E+00   1.71280303E+00   1.71286853E+00   1.71293124E+00   1.71298977E+00   1.71304299E+00   1.71308906E+00   1.71312675E+00   1.71315384E+00   1.71316868E+00   1.71316822E+00   1.71315061E+00   1.71311222E+00   1.71305070E+00   1.71296177E+00   1.71284247E+00   1.71268703E+00   1.71249182E+00   1.71225063E+00   1.71195899E+00   1.71160895E+00   1.71119548E+00   1.71070959E+00   1.71014568E+00   1.70949299E+00   1.70874502E+00   1.70788973E+00   1.70691871E+00   1.70581621E+00   1.70457393E+00   1.70317686E+00   1.70161397E+00   1.69986644E+00   1.69792400E+00   1.69576643E+00   1.69337920E+00   1.69073676E+00   1.68782833E+00   1.68463410E+00   1.68113421E+00   1.67729487E+00   1.67310080E+00   1.66851956E+00   1.66353539E+00   1.65811638E+00   1.65223739E+00   1.64585367E+00   1.63895246E+00   1.63149673E+00   1.62345388E+00   1.61477041E+00   1.60543087E+00   1.59540360E+00   1.58464030E+00   1.57304332E+00   1.56060451E+00   1.54729173E+00   1.53301368E+00   1.51777780E+00   1.50151154E+00   1.48542030E+00   1.46826380E+00   1.45135311E+00   1.43344097E+00   1.41606085E+00   1.39776868E+00   1.38004624E+00   1.36137944E+00   1.34317144E+00   1.32409262E+00   1.30575709E+00   1.28651509E+00   1.26785446E+00   1.24836408E+00   1.22969805E+00   1.21020590E+00   1.19033371E+00   1.16923456E+00   1.14669193E+00   1.12309539E+00   1.09921514E+00   1.07387141E+00   1.04114685E+00   1.00000000E+00
   1.64914867E+00   1.64915836E+00   1.64917124E+00   1.64918584E+00   1.64920236E+00   1.64922066E+00   1.64924074E+00   1.64926265E+00   1.64928644E+00   1.64931222E+00   1.64934005E+00   1.64937004E+00   1.64940223E+00   1.64943668E+00   1.64947341E+00   1.64951250E+00   1.64955393E+00   1.64959763E+00   1.64964356E+00   1.64969166E+00   1.64974181E+00   1.64979376E+00   1.64984732E+00   1.64990220E+00   1.64995812E+00   1.65001455E+00   1.65007115E+00   1.65012718E+00   1.65018213E+00   1.65023505E+00   1.65028528E+00   1.65033154E+00   1.65037282E+00   1.65040748E+00   1.65043431E+00   1.65045124E+00   1.65045674E+00   1.65044805E+00   1.65042341E+00   1.65037940E+00   1.65031382E+00   1.65022256E+00   1.65010278E+00   1.64994906E+00   1.64975811E+00   1.64952405E+00   1.64924248E+00   1.64890591E+00   1.64850962E+00   1.64804514E+00   1.64750698E+00   1.64688482E+00   1.64617243E+00   1.64535800E+00   1.64443335E+00   1.64338367E+00   1.64220129E+00   1.64087158E+00   1.63938357E+00   1.63771938E+00   1.63586927E+00   1.63381387E+00   1.63153882E+00   1.62901980E+00   1.62624670E+00   1.62319990E+00   1.61985961E+00   1.61619355E+00   1.61218706E+00   1.60780942E+00   1.60304705E+00   1.59786977E+00   1.59225083E+00   1.58614997E+00   1.57955747E+00   1.57243840E+00   1.56475875E+00   1.55647012E+00   1.54756044E+00   1.53800048E+00   1.52773803E+00   1.51667959E+00   1.50483156E+00   1.49217225E+00   1.47859716E+00   1.46412069E+00   1.44871042E+00   1.43351188E+00   1.41730326E+00   1.40132750E+00   1.38446141E+00   1.36816827E+00   1.35106691E+00   1.33454967E+00   1.31716881E+00   1.30022224E+00   1.28255198E+00   1.26566126E+00   1.24795378E+00   1.23081892E+00   1.21303442E+00   1.19613060E+00   1.17848892E+00   1.16049027E+00   1.14159591E+00   1.12177638E+00   1.10114270E+00   1.08014014E+00   1.05826907E+00   1.03179085E+00   1.00000000E+00
   1.56651563E+00   1.56651906E+00   1.56652499E+00   1.56653250E+00   1.56654170E+00   1.56655250E+00   1.56656489E+00   1.56657889E+00   1.56659453E+00   1.56661187E+00   1.56663094E+00   1.56665182E+00   1.56667452E+00   1.56669907E+00   1.56672550E+00   1.56675382E+00   1.56678402E+00   1.56681605E+00   1.56684987E+00   1.56688541E+00   1.56692259E+00   1.56696119E+00   1.56700106E+00   1.56704193E+00   1.56708358E+00   1.56712559E+00   1.56716766E+00   1.56720917E+00   1.56724970E+00   1.56728841E+00   1.56732472E+00   1.56735749E+00   1.56738597E+00   1.56740870E+00   1.56742460E+00   1.56743184E+00   1.56742912E+00   1.56741407E+00   1.56738510E+00   1.56733920E+00   1.56727443E+00   1.56718704E+00   1.56707441E+00   1.56693176E+00   1.56675635E+00   1.56654283E+00   1.56628701E+00   1.56598222E+00   1.56562428E+00   1.56520559E+00   1.56472096E+00   1.56416105E+00   1.56352014E+00   1.56278712E+00   1.56195423E+00   1.56100822E+00   1.55994267E+00   1.55874376E+00   1.55740071E+00   1.55589749E+00   1.55422542E+00   1.55236682E+00   1.55030714E+00   1.54802411E+00   1.54550933E+00   1.54274457E+00   1.53971024E+00   1.53637588E+00   1.53272800E+00   1.52873935E+00   1.52440017E+00   1.51968212E+00   1.51455536E+00   1.50898678E+00   1.50297160E+00   1.49647704E+00   1.48946532E+00   1.48189675E+00   1.47376543E+00   1.46504446E+00   1.45567347E+00   1.44556926E+00   1.43476240E+00   1.42323766E+00   1.41086587E+00   1.39767142E+00   1.38368443E+00   1.36993780E+00   1.35525003E+00   1.34076268E+00   1.32553675E+00   1.31090745E+00   1.29559856E+00   1.28086182E+00   1.26534425E+00   1.25021458E+00   1.23454565E+00   1.21965801E+00   1.20404909E+00   1.18899052E+00   1.17350079E+00   1.15890978E+00   1.14367211E+00   1.12814197E+00   1.11208907E+00   1.09558376E+00   1.07852731E+00   1.06117286E+00   1.04351842E+00   1.02336413E+00   1.00000000E+00
   1.46182430E+00   1.46182532E+00   1.46182765E+00   1.46183100E+00   1.46183539E+00   1.46184079E+00   1.46184720E+00   1.46185461E+00   1.46186306E+00   1.46187255E+00   1.46188311E+00   1.46189473E+00   1.46190745E+00   1.46192125E+00   1.46193612E+00   1.46195206E+00   1.46196905E+00   1.46198703E+00   1.46200595E+00   1.46202576E+00   1.46204637E+00   1.46206759E+00   1.46208929E+00   1.46211123E+00   1.46213325E+00   1.46215501E+00   1.46217625E+00   1.46219650E+00   1.46221541E+00   1.46223227E+00   1.46224657E+00   1.46225741E+00   1.46226430E+00   1.46226606E+00   1.46226167E+00   1.46224970E+00   1.46222918E+00   1.46219823E+00   1.46215548E+00   1.46209858E+00   1.46202595E+00   1.46193443E+00   1.46182169E+00   1.46168403E+00   1.46151955E+00   1.46132368E+00   1.46109256E+00   1.46082092E+00   1.46050555E+00   1.46014018E+00   1.45972019E+00   1.45923810E+00   1.45868906E+00   1.45806351E+00   1.45735429E+00   1.45655083E+00   1.45564895E+00   1.45463633E+00   1.45350265E+00   1.45223516E+00   1.45082725E+00   1.44926423E+00   1.44753084E+00   1.44560843E+00   1.44349175E+00   1.44116584E+00   1.43861165E+00   1.43580129E+00   1.43272350E+00   1.42935678E+00   1.42569740E+00   1.42171875E+00   1.41738638E+00   1.41267747E+00   1.40759475E+00   1.40210770E+00   1.39617184E+00   1.38976045E+00   1.38287822E+00   1.37550041E+00   1.36755221E+00   1.35896963E+00   1.34981761E+00   1.34007928E+00   1.32959368E+00   1.31839919E+00   1.30659958E+00   1.29504250E+00   1.28264559E+00   1.27040757E+00   1.25762232E+00   1.24540738E+00   1.23265601E+00   1.22041704E+00   1.20749709E+00   1.19491549E+00   1.18199602E+00   1.16978885E+00   1.15698003E+00   1.14468156E+00   1.13216980E+00   1.12048443E+00   1.10824835E+00   1.09583114E+00   1.08323287E+00   1.07050179E+00   1.05742362E+00   1.04419142E+00   1.03106079E+00   1.01661176E+00   1.00000000E+00
   1.32955822E+00   1.32955783E+00   1.32955710E+00   1.32955669E+00   1.32955638E+00   1.32955618E+00   1.32955611E+00   1.32955615E+00   1.32955627E+00   1.32955646E+00   1.32955665E+00   1.32955682E+00   1.32955694E+00   1.32955698E+00   1.32955685E+00   1.32955650E+00   1.32955592E+00   1.32955500E+00   1.32955368E+00   1.32955188E+00   1.32954950E+00   1.32954634E+00   1.32954223E+00   1.32953700E+00   1.32953052E+00   1.32952251E+00   1.32951274E+00   1.32950091E+00   1.32948673E+00   1.32946964E+00   1.32944916E+00   1.32942475E+00   1.32939631E+00   1.32936290E+00   1.32932356E+00   1.32927747E+00   1.32922416E+00   1.32916235E+00   1.32909097E+00   1.32900871E+00   1.32891446E+00   1.32880607E+00   1.32868161E+00   1.32853896E+00   1.32837765E+00   1.32819427E+00   1.32798541E+00   1.32774814E+00   1.32748092E+00   1.32717949E+00   1.32684020E+00   1.32645870E+00   1.32603163E+00   1.32555252E+00   1.32501498E+00   1.32441264E+00   1.32374524E+00   1.32300292E+00   1.32217643E+00   1.32125827E+00   1.32024564E+00   1.31912860E+00   1.31789101E+00   1.31652033E+00   1.31501613E+00   1.31336904E+00   1.31156201E+00   1.30957169E+00   1.30739121E+00   1.30500631E+00   1.30242036E+00   1.29960951E+00   1.29653707E+00   1.29319221E+00   1.28958475E+00   1.28568807E+00   1.28145355E+00   1.27686937E+00   1.27195133E+00   1.26667603E+00   1.26095854E+00   1.25476421E+00   1.24818146E+00   1.24118019E+00   1.23359152E+00   1.22546767E+00   1.21694807E+00   1.20860533E+00   1.19959588E+00   1.19069700E+00   1.18144837E+00   1.17262888E+00   1.16341259E+00   1.15457499E+00   1.14519879E+00   1.13609512E+00   1.12681472E+00   1.11806373E+00   1.10886371E+00   1.10006964E+00   1.09119966E+00   1.08294525E+00   1.07425139E+00   1.06548301E+00   1.05673116E+00   1.04795983E+00   1.03895007E+00   1.02987676E+00   1.02109620E+00   1.01147042E+00   1.00000000E+00
