1.12452759E+00 1.12452179E+00 1.12452019E+00 1.12452081E+00 1.12452122E+00 1.12452008E+00 1.12451807E+00 1.12451602E+00 1.12451424E+00 1.12451285E+00 1.12451168E+00 1.12451064E+00 1.12450974E+00 1.12450903E+00 1.12450851E+00 1.12450820E+00 1.12450807E+00 1.12450812E+00 1.12450836E+00 1.12450879E+00 1.12450941E+00 1.12451023E+00 1.12451125E+00 1.12451249E+00 1.12451395E+00 1.12451566E+00 1.12451763E+00 1.12451987E+00 1.12452240E+00 1.12452524E+00 1.12452840E+00 1.12453192E+00 1.12453580E+00 1.12454006E+00 1.12454470E+00 1.12454975E+00 1.12455520E+00 1.12456104E+00 1.12456726E+00 1.12457384E+00 1.12458073E+00 1.12458787E+00 1.12459519E+00 1.12460257E+00 1.12460989E+00 1.12461694E+00 1.12462356E+00 1.12462941E+00 1.12463425E+00 1.12463758E+00 1.12463904E+00 1.12463793E+00 1.12463370E+00 1.12462543E+00 1.12461237E+00 1.12459317E+00 1.12456687E+00 1.12453167E+00 1.12448625E+00 1.12442824E+00 1.12435594E+00 1.12426619E+00 1.12415680E+00 1.12402382E+00 1.12386440E+00 1.12367339E+00 1.12344735E+00 1.12317985E+00 1.12286645E+00 1.12249935E+00 1.12207314E+00 1.12157817E+00 1.12100801E+00 1.12035112E+00 1.11959994E+00 1.11874045E+00 1.11776403E+00 1.11665407E+00 1.11539989E+00 1.11398425E+00 1.11239514E+00 1.11061015E+00 1.10861641E+00 1.10639127E+00 1.10391940E+00 1.10119943E+00 1.09819639E+00 1.09520728E+00 1.09195341E+00 1.08883577E+00 1.08548349E+00 1.08231298E+00 1.07894323E+00 1.07578999E+00 1.07246818E+00 1.06938178E+00 1.06615748E+00 1.06318879E+00 1.06010624E+00 1.05728357E+00 1.05436962E+00 1.05171599E+00 1.04899008E+00 1.04651851E+00 1.04399080E+00 1.04170927E+00 1.03938290E+00 1.03728751E+00 1.03515862E+00 1.03310080E+00 1.03101533E+00 1.02890134E+00 1.02675936E+00 1.02459499E+00 1.02240944E+00 1.02019964E+00 1.01797331E+00 1.01575405E+00 1.01353912E+00 1.01129758E+00 1.00907747E+00 1.00708728E+00 1.00526049E+00 1.00297284E+00 1.00000000E+00
1.12299316E+00 1.12301027E+00 1.12302441E+00 1.12303188E+00 1.12303361E+00 1.12303189E+00 1.12302935E+00 1.12302825E+00 1.12302807E+00 1.12302803E+00 1.12302760E+00 1.12302671E+00 1.12302575E+00 1.12302501E+00 1.12302449E+00 1.12302415E+00 1.12302396E+00 1.12302392E+00 1.12302405E+00 1.12302438E+00 1.12302491E+00 1.12302565E+00 1.12302659E+00 1.12302775E+00 1.12302915E+00 1.12303079E+00 1.12303269E+00 1.12303487E+00 1.12303735E+00 1.12304014E+00 1.12304326E+00 1.12304674E+00 1.12305059E+00 1.12305483E+00 1.12305946E+00 1.12306452E+00 1.12307000E+00 1.12307589E+00 1.12308218E+00 1.12308888E+00 1.12309593E+00 1.12310327E+00 1.12311085E+00 1.12311857E+00 1.12312632E+00 1.12313390E+00 1.12314115E+00 1.12314777E+00 1.12315352E+00 1.12315793E+00 1.12316068E+00 1.12316110E+00 1.12315866E+00 1.12315245E+00 1.12314177E+00 1.12312532E+00 1.12310218E+00 1.12307061E+00 1.12302934E+00 1.12297601E+00 1.12290902E+00 1.12282525E+00 1.12272250E+00 1.12259693E+00 1.12244575E+00 1.12226386E+00 1.12204795E+00 1.12179167E+00 1.12149056E+00 1.12113669E+00 1.12072474E+00 1.12024511E+00 1.11969163E+00 1.11905238E+00 1.11831979E+00 1.11747991E+00 1.11652437E+00 1.11543626E+00 1.11420439E+00 1.11281093E+00 1.11124483E+00 1.10948329E+00 1.10751244E+00 1.10530857E+00 1.10285766E+00 1.10015801E+00 1.09717489E+00 1.09419963E+00 1.09095882E+00 1.08785350E+00 1.08451218E+00 1.08134578E+00 1.07797982E+00 1.07483567E+00 1.07152625E+00 1.06844530E+00 1.06522405E+00 1.06226085E+00 1.05918670E+00 1.05637395E+00 1.05347324E+00 1.05083334E+00 1.04812381E+00 1.04566938E+00 1.04316328E+00 1.04090488E+00 1.03860499E+00 1.03653548E+00 1.03443645E+00 1.03241378E+00 1.03036783E+00 1.02829399E+00 1.02619882E+00 1.02409486E+00 1.02197470E+00 1.01982951E+00 1.01768707E+00 1.01558734E+00 1.01347450E+00 1.01129250E+00 1.00918841E+00 1.00741109E+00 1.00574413E+00 1.00334119E+00 1.00000000E+00
1.12938885E+00 1.12940799E+00 1.12941657E+00 1.12941410E+00 1.12940799E+00 1.12940456E+00 1.12940368E+00 1.12940403E+00 1.12940405E+00 1.12940311E+00 1.12940189E+00 1.12940090E+00 1.12940020E+00 1.12939972E+00 1.12939937E+00 1.12939914E+00 1.12939906E+00 1.12939917E+00 1.12939947E+00 1.12939995E+00 1.12940062E+00 1.12940149E+00 1.12940256E+00 1.12940387E+00 1.12940541E+00 1.12940720E+00 1.12940925E+00 1.12941160E+00 1.12941426E+00 1.12941724E+00 1.12942057E+00 1.12942428E+00 1.12942839E+00 1.12943290E+00 1.12943784E+00 1.12944324E+00 1.12944911E+00 1.12945542E+00 1.12946218E+00 1.12946939E+00 1.12947701E+00 1.12948497E+00 1.12949323E+00 1.12950169E+00 1.12951026E+00 1.12951874E+00 1.12952696E+00 1.12953464E+00 1.12954152E+00 1.12954715E+00 1.12955122E+00 1.12955309E+00 1.12955217E+00 1.12954757E+00 1.12953858E+00 1.12952391E+00 1.12950264E+00 1.12947304E+00 1.12943380E+00 1.12938255E+00 1.12931767E+00 1.12923598E+00 1.12913523E+00 1.12901154E+00 1.12886210E+00 1.12868171E+00 1.12846708E+00 1.12821180E+00 1.12791119E+00 1.12755691E+00 1.12714364E+00 1.12666174E+00 1.12610495E+00 1.12546070E+00 1.12472125E+00 1.12387240E+00 1.12290568E+00 1.12180337E+00 1.12055354E+00 1.11913784E+00 1.11754551E+00 1.11575233E+00 1.11374315E+00 1.11149293E+00 1.10898830E+00 1.10622757E+00 1.10317399E+00 1.10012325E+00 1.09679790E+00 1.09360975E+00 1.09017408E+00 1.08691033E+00 1.08344087E+00 1.08020628E+00 1.07679722E+00 1.07360936E+00 1.07027316E+00 1.06720715E+00 1.06402285E+00 1.06110270E+00 1.05809011E+00 1.05534960E+00 1.05253364E+00 1.04997711E+00 1.04736155E+00 1.04499824E+00 1.04258981E+00 1.04042371E+00 1.03822384E+00 1.03609894E+00 1.03394058E+00 1.03174215E+00 1.02952119E+00 1.02729371E+00 1.02503658E+00 1.02273560E+00 1.02043252E+00 1.01815612E+00 1.01581396E+00 1.01336625E+00 1.01101556E+00 1.00895032E+00 1.00687442E+00 1.00394626E+00 1.00000000E+00
1.13999466E+00 1.13998980E+00 1.13998846E+00 1.13998951E+00 1.13999021E+00 1.13998934E+00 1.13998774E+00 1.13998627E+00 1.13998511E+00 1.13998424E+00 1.13998349E+00 1.13998282E+00 1.13998228E+00 1.13998192E+00 1.13998173E+00 1.13998171E+00 1.13998186E+00 1.13998217E+00 1.13998266E+00 1.13998334E+00 1.13998420E+00 1.13998527E+00 1.13998655E+00 1.13998806E+00 1.13998982E+00 1.13999184E+00 1.13999415E+00 1.13999678E+00 1.13999973E+00 1.14000304E+00 1.14000673E+00 1.14001084E+00 1.14001539E+00 1.14002038E+00 1.14002586E+00 1.14003185E+00 1.14003837E+00 1.14004539E+00 1.14005293E+00 1.14006101E+00 1.14006957E+00 1.14007854E+00 1.14008790E+00 1.14009757E+00 1.14010744E+00 1.14011731E+00 1.14012703E+00 1.14013631E+00 1.14014490E+00 1.14015233E+00 1.14015832E+00 1.14016222E+00 1.14016341E+00 1.14016096E+00 1.14015420E+00 1.14014180E+00 1.14012283E+00 1.14009554E+00 1.14005857E+00 1.14000950E+00 1.13994668E+00 1.13986679E+00 1.13976749E+00 1.13964484E+00 1.13949595E+00 1.13931548E+00 1.13910007E+00 1.13884316E+00 1.13853975E+00 1.13818093E+00 1.13776131E+00 1.13727112E+00 1.13670386E+00 1.13604612E+00 1.13528989E+00 1.13442054E+00 1.13342907E+00 1.13229648E+00 1.13101033E+00 1.12955185E+00 1.12790966E+00 1.12605703E+00 1.12397781E+00 1.12164597E+00 1.11904732E+00 1.11617861E+00 1.11300188E+00 1.10982465E+00 1.10635619E+00 1.10302226E+00 1.09942161E+00 1.09599426E+00 1.09235031E+00 1.08895500E+00 1.08536391E+00 1.08198674E+00 1.07844967E+00 1.07520053E+00 1.07181598E+00 1.06869883E+00 1.06548047E+00 1.06255487E+00 1.05954050E+00 1.05679042E+00 1.05396606E+00 1.05140527E+00 1.04879339E+00 1.04644484E+00 1.04405275E+00 1.04173016E+00 1.03935837E+00 1.03693208E+00 1.03447768E+00 1.03201028E+00 1.02949324E+00 1.02690850E+00 1.02430735E+00 1.02170923E+00 1.01900486E+00 1.01616427E+00 1.01340711E+00 1.01088574E+00 1.00826522E+00 1.00468720E+00 1.00000000E+00
1.15267573E+00 1.15268126E+00 1.15268676E+00 1.15268955E+00 1.15268996E+00 1.15268917E+00 1.15268807E+00 1.15268718E+00 1.15268630E+00 1.15268540E+00 1.15268452E+00 1.15268378E+00 1.15268319E+00 1.15268278E+00 1.15268254E+00 1.15268248E+00 1.15268261E+00 1.15268293E+00 1.15268345E+00 1.15268418E+00 1.15268512E+00 1.15268630E+00 1.15268771E+00 1.15268940E+00 1.15269136E+00 1.15269362E+00 1.15269620E+00 1.15269914E+00 1.15270246E+00 1.15270618E+00 1.15271033E+00 1.15271496E+00 1.15272009E+00 1.15272574E+00 1.15273194E+00 1.15273874E+00 1.15274615E+00 1.15275416E+00 1.15276279E+00 1.15277206E+00 1.15278193E+00 1.15279232E+00 1.15280321E+00 1.15281457E+00 1.15282628E+00 1.15283813E+00 1.15284996E+00 1.15286152E+00 1.15287253E+00 1.15288254E+00 1.15289127E+00 1.15289808E+00 1.15290231E+00 1.15290300E+00 1.15289948E+00 1.15289042E+00 1.15287487E+00 1.15285103E+00 1.15281748E+00 1.15277175E+00 1.15271214E+00 1.15263514E+00 1.15253833E+00 1.15241765E+00 1.15227017E+00 1.15209031E+00 1.15187464E+00 1.15161633E+00 1.15131000E+00 1.15094610E+00 1.15051907E+00 1.15001886E+00 1.14943876E+00 1.14876444E+00 1.14798756E+00 1.14709278E+00 1.14607003E+00 1.14489861E+00 1.14356627E+00 1.14205414E+00 1.14034888E+00 1.13842000E+00 1.13625131E+00 1.13381627E+00 1.13109799E+00 1.12808962E+00 1.12475404E+00 1.12141634E+00 1.11776385E+00 1.11423799E+00 1.11042169E+00 1.10678470E+00 1.10291559E+00 1.09930778E+00 1.09547599E+00 1.09185368E+00 1.08805680E+00 1.08456825E+00 1.08092292E+00 1.07755253E+00 1.07406992E+00 1.07090491E+00 1.06763410E+00 1.06463551E+00 1.06154532E+00 1.05873609E+00 1.05586814E+00 1.05328824E+00 1.05065332E+00 1.04808341E+00 1.04544871E+00 1.04274499E+00 1.04000387E+00 1.03723920E+00 1.03440565E+00 1.03148182E+00 1.02852441E+00 1.02554922E+00 1.02243877E+00 1.01916011E+00 1.01593570E+00 1.01290713E+00 1.00971831E+00 1.00546648E+00 1.00000000E+00
1.16614819E+00 1.16616255E+00 1.16617139E+00 1.16617598E+00 1.16617812E+00 1.16617941E+00 1.16617992E+00 1.16617994E+00 1.16617951E+00 1.16617891E+00 1.16617825E+00 1.16617767E+00 1.16617717E+00 1.16617681E+00 1.16617660E+00 1.16617657E+00 1.16617673E+00 1.16617710E+00 1.16617769E+00 1.16617851E+00 1.16617957E+00 1.16618088E+00 1.16618247E+00 1.16618437E+00 1.16618658E+00 1.16618913E+00 1.16619206E+00 1.16619540E+00 1.16619917E+00 1.16620339E+00 1.16620812E+00 1.16621340E+00 1.16621927E+00 1.16622573E+00 1.16623284E+00 1.16624067E+00 1.16624922E+00 1.16625848E+00 1.16626849E+00 1.16627929E+00 1.16629083E+00 1.16630305E+00 1.16631594E+00 1.16632949E+00 1.16634358E+00 1.16635801E+00 1.16637264E+00 1.16638719E+00 1.16640142E+00 1.16641487E+00 1.16642729E+00 1.16643802E+00 1.16644637E+00 1.16645137E+00 1.16645236E+00 1.16644799E+00 1.16643728E+00 1.16641839E+00 1.16638986E+00 1.16634914E+00 1.16629446E+00 1.16622208E+00 1.16612950E+00 1.16601261E+00 1.16586836E+00 1.16569095E+00 1.16547680E+00 1.16521871E+00 1.16491095E+00 1.16454325E+00 1.16410975E+00 1.16360001E+00 1.16300719E+00 1.16231617E+00 1.16151811E+00 1.16059656E+00 1.15953993E+00 1.15832548E+00 1.15694209E+00 1.15537123E+00 1.15359605E+00 1.15158124E+00 1.14931162E+00 1.14676052E+00 1.14390674E+00 1.14073865E+00 1.13722144E+00 1.13370125E+00 1.12983779E+00 1.12609049E+00 1.12202717E+00 1.11815266E+00 1.11402721E+00 1.11017501E+00 1.10606854E+00 1.10217064E+00 1.09808140E+00 1.09432244E+00 1.09038491E+00 1.08673398E+00 1.08295830E+00 1.07952613E+00 1.07597063E+00 1.07269917E+00 1.06931926E+00 1.06624069E+00 1.06309429E+00 1.06026143E+00 1.05736226E+00 1.05452612E+00 1.05161144E+00 1.04861384E+00 1.04556756E+00 1.04248604E+00 1.03931901E+00 1.03604157E+00 1.03271286E+00 1.02934875E+00 1.02582769E+00 1.02210730E+00 1.01840874E+00 1.01487623E+00 1.01113739E+00 1.00623089E+00 1.00000000E+00
1.12572762E+00 1.12572312E+00 1.12572288E+00 1.12572454E+00 1.12572568E+00 1.12572500E+00 1.12572337E+00 1.12572169E+00 1.12572026E+00 1.12571919E+00 1.12571827E+00 1.12571743E+00 1.12571671E+00 1.12571615E+00 1.12571577E+00 1.12571556E+00 1.12571554E+00 1.12571568E+00 1.12571600E+00 1.12571650E+00 1.12571718E+00 1.12571806E+00 1.12571913E+00 1.12572042E+00 1.12572194E+00 1.12572369E+00 1.12572570E+00 1.12572798E+00 1.12573056E+00 1.12573344E+00 1.12573665E+00 1.12574021E+00 1.12574413E+00 1.12574843E+00 1.12575312E+00 1.12575821E+00 1.12576370E+00 1.12576958E+00 1.12577583E+00 1.12578244E+00 1.12578935E+00 1.12579651E+00 1.12580383E+00 1.12581120E+00 1.12581850E+00 1.12582552E+00 1.12583207E+00 1.12583783E+00 1.12584255E+00 1.12584572E+00 1.12584698E+00 1.12584562E+00 1.12584108E+00 1.12583243E+00 1.12581892E+00 1.12579919E+00 1.12577225E+00 1.12573630E+00 1.12569001E+00 1.12563098E+00 1.12555751E+00 1.12546642E+00 1.12535550E+00 1.12522078E+00 1.12505937E+00 1.12486613E+00 1.12463759E+00 1.12436727E+00 1.12405073E+00 1.12368015E+00 1.12325010E+00 1.12275091E+00 1.12217608E+00 1.12151409E+00 1.12075734E+00 1.11989180E+00 1.11890883E+00 1.11779181E+00 1.11653008E+00 1.11510634E+00 1.11350853E+00 1.11171431E+00 1.10971083E+00 1.10747545E+00 1.10499280E+00 1.10226147E+00 1.09924633E+00 1.09624595E+00 1.09298020E+00 1.08985138E+00 1.08648741E+00 1.08330650E+00 1.07992579E+00 1.07676168E+00 1.07342810E+00 1.07033143E+00 1.06709641E+00 1.06411722E+00 1.06102333E+00 1.05818982E+00 1.05526404E+00 1.05259918E+00 1.04986112E+00 1.04737800E+00 1.04483766E+00 1.04254372E+00 1.04020388E+00 1.03809582E+00 1.03595328E+00 1.03388100E+00 1.03177957E+00 1.02964819E+00 1.02748715E+00 1.02530115E+00 1.02309156E+00 1.02085621E+00 1.01860050E+00 1.01634345E+00 1.01408461E+00 1.01179715E+00 1.00952142E+00 1.00744706E+00 1.00551094E+00 1.00309980E+00 1.00000000E+00
1.12433319E+00 1.12435887E+00 1.12437492E+00 1.12438103E+00 1.12438136E+00 1.12438032E+00 1.12437941E+00 1.12437971E+00 1.12438033E+00 1.12438051E+00 1.12438015E+00 1.12437944E+00 1.12437868E+00 1.12437811E+00 1.12437770E+00 1.12437743E+00 1.12437729E+00 1.12437730E+00 1.12437748E+00 1.12437785E+00 1.12437841E+00 1.12437917E+00 1.12438014E+00 1.12438134E+00 1.12438277E+00 1.12438444E+00 1.12438638E+00 1.12438860E+00 1.12439111E+00 1.12439394E+00 1.12439711E+00 1.12440063E+00 1.12440452E+00 1.12440880E+00 1.12441347E+00 1.12441856E+00 1.12442407E+00 1.12442999E+00 1.12443631E+00 1.12444301E+00 1.12445006E+00 1.12445739E+00 1.12446493E+00 1.12447259E+00 1.12448025E+00 1.12448771E+00 1.12449479E+00 1.12450120E+00 1.12450668E+00 1.12451077E+00 1.12451312E+00 1.12451304E+00 1.12451000E+00 1.12450309E+00 1.12449157E+00 1.12447415E+00 1.12444987E+00 1.12441697E+00 1.12437414E+00 1.12431904E+00 1.12425001E+00 1.12416390E+00 1.12405853E+00 1.12392999E+00 1.12377547E+00 1.12358984E+00 1.12336974E+00 1.12310875E+00 1.12280240E+00 1.12244279E+00 1.12202460E+00 1.12153816E+00 1.12097716E+00 1.12032975E+00 1.11958839E+00 1.11873910E+00 1.11777340E+00 1.11667439E+00 1.11543101E+00 1.11402562E+00 1.11244681E+00 1.11067173E+00 1.10868690E+00 1.10646921E+00 1.10400414E+00 1.10128950E+00 1.09829056E+00 1.09530209E+00 1.09204772E+00 1.08892868E+00 1.08557350E+00 1.08239761E+00 1.07902225E+00 1.07586586E+00 1.07254192E+00 1.06945045E+00 1.06621966E+00 1.06324689E+00 1.06016203E+00 1.05733853E+00 1.05442537E+00 1.05177349E+00 1.04905107E+00 1.04658440E+00 1.04406440E+00 1.04179175E+00 1.03947612E+00 1.03739228E+00 1.03527757E+00 1.03323686E+00 1.03117084E+00 1.02907699E+00 1.02695943E+00 1.02482715E+00 1.02267600E+00 1.02050168E+00 1.01832214E+00 1.01616479E+00 1.01399438E+00 1.01177428E+00 1.00961288E+00 1.00771825E+00 1.00590248E+00 1.00339157E+00 1.00000000E+00
1.12962380E+00 1.12963280E+00 1.12964774E+00 1.12966204E+00 1.12967128E+00 1.12967352E+00 1.12967206E+00 1.12967060E+00 1.12966998E+00 1.12967021E+00 1.12967033E+00 1.12966990E+00 1.12966918E+00 1.12966851E+00 1.12966801E+00 1.12966771E+00 1.12966756E+00 1.12966754E+00 1.12966770E+00 1.12966805E+00 1.12966860E+00 1.12966937E+00 1.12967036E+00 1.12967159E+00 1.12967307E+00 1.12967481E+00 1.12967683E+00 1.12967914E+00 1.12968177E+00 1.12968474E+00 1.12968806E+00 1.12969176E+00 1.12969585E+00 1.12970036E+00 1.12970529E+00 1.12971068E+00 1.12971651E+00 1.12972279E+00 1.12972950E+00 1.12973665E+00 1.12974418E+00 1.12975203E+00 1.12976016E+00 1.12976846E+00 1.12977682E+00 1.12978504E+00 1.12979296E+00 1.12980026E+00 1.12980671E+00 1.12981183E+00 1.12981529E+00 1.12981642E+00 1.12981464E+00 1.12980906E+00 1.12979894E+00 1.12978298E+00 1.12976023E+00 1.12972891E+00 1.12968771E+00 1.12963424E+00 1.12956683E+00 1.12948228E+00 1.12937837E+00 1.12925115E+00 1.12909778E+00 1.12891307E+00 1.12869363E+00 1.12843290E+00 1.12812627E+00 1.12776560E+00 1.12734552E+00 1.12685625E+00 1.12629134E+00 1.12563843E+00 1.12488989E+00 1.12403148E+00 1.12305458E+00 1.12194153E+00 1.12068074E+00 1.11925416E+00 1.11765039E+00 1.11584529E+00 1.11382467E+00 1.11156475E+00 1.10905103E+00 1.10628078E+00 1.10321793E+00 1.10016219E+00 1.09683245E+00 1.09363863E+00 1.09019978E+00 1.08694126E+00 1.08347781E+00 1.08024041E+00 1.07682710E+00 1.07364417E+00 1.07031640E+00 1.06725606E+00 1.06407768E+00 1.06116423E+00 1.05815726E+00 1.05542018E+00 1.05260775E+00 1.05005567E+00 1.04744485E+00 1.04508614E+00 1.04268144E+00 1.04051801E+00 1.03832009E+00 1.03619548E+00 1.03403791E+00 1.03184398E+00 1.02962522E+00 1.02739159E+00 1.02512615E+00 1.02282252E+00 1.02051124E+00 1.01821444E+00 1.01586570E+00 1.01343313E+00 1.01106243E+00 1.00892441E+00 1.00677453E+00 1.00384962E+00 1.00000000E+00
1.13877715E+00 1.13877680E+00 1.13877667E+00 1.13877776E+00 1.13877863E+00 1.13877853E+00 1.13877773E+00 1.13877676E+00 1.13877585E+00 1.13877514E+00 1.13877452E+00 1.13877399E+00 1.13877356E+00 1.13877327E+00 1.13877314E+00 1.13877316E+00 1.13877334E+00 1.13877368E+00 1.13877420E+00 1.13877489E+00 1.13877577E+00 1.13877685E+00 1.13877814E+00 1.13877966E+00 1.13878142E+00 1.13878345E+00 1.13878575E+00 1.13878837E+00 1.13879132E+00 1.13879462E+00 1.13879829E+00 1.13880237E+00 1.13880688E+00 1.13881184E+00 1.13881727E+00 1.13882319E+00 1.13882961E+00 1.13883653E+00 1.13884395E+00 1.13885186E+00 1.13886023E+00 1.13886898E+00 1.13887808E+00 1.13888744E+00 1.13889694E+00 1.13890638E+00 1.13891559E+00 1.13892428E+00 1.13893220E+00 1.13893886E+00 1.13894396E+00 1.13894678E+00 1.13894676E+00 1.13894295E+00 1.13893465E+00 1.13892052E+00 1.13889959E+00 1.13887005E+00 1.13883054E+00 1.13877861E+00 1.13871256E+00 1.13862906E+00 1.13852582E+00 1.13839882E+00 1.13824514E+00 1.13805945E+00 1.13783825E+00 1.13757473E+00 1.13726407E+00 1.13689776E+00 1.13647031E+00 1.13597167E+00 1.13539510E+00 1.13472760E+00 1.13396132E+00 1.13308148E+00 1.13207904E+00 1.13093527E+00 1.12963802E+00 1.12816868E+00 1.12651527E+00 1.12465168E+00 1.12256307E+00 1.12022482E+00 1.11762151E+00 1.11474902E+00 1.11156977E+00 1.10839424E+00 1.10492937E+00 1.10159959E+00 1.09800956E+00 1.09460412E+00 1.09098230E+00 1.08759469E+00 1.08401341E+00 1.08066215E+00 1.07715643E+00 1.07393186E+00 1.07057521E+00 1.06748939E+00 1.06430185E+00 1.06139985E+00 1.05841111E+00 1.05569014E+00 1.05289884E+00 1.05037026E+00 1.04778967E+00 1.04546719E+00 1.04310190E+00 1.04080718E+00 1.03846717E+00 1.03607910E+00 1.03366101E+00 1.03122163E+00 1.02873273E+00 1.02618664E+00 1.02362315E+00 1.02105968E+00 1.01841242E+00 1.01565041E+00 1.01293342E+00 1.01041324E+00 1.00782340E+00 1.00439725E+00 1.00000000E+00
1.14994865E+00 1.14995597E+00 1.14996141E+00 1.14996445E+00 1.14996555E+00 1.14996569E+00 1.14996536E+00 1.14996495E+00 1.14996442E+00 1.14996384E+00 1.14996325E+00 1.14996274E+00 1.14996235E+00 1.14996210E+00 1.14996200E+00 1.14996205E+00 1.14996227E+00 1.14996267E+00 1.14996326E+00 1.14996404E+00 1.14996502E+00 1.14996623E+00 1.14996767E+00 1.14996936E+00 1.14997133E+00 1.14997359E+00 1.14997616E+00 1.14997908E+00 1.14998237E+00 1.14998605E+00 1.14999015E+00 1.14999472E+00 1.14999977E+00 1.15000533E+00 1.15001142E+00 1.15001808E+00 1.15002532E+00 1.15003314E+00 1.15004155E+00 1.15005054E+00 1.15006008E+00 1.15007012E+00 1.15008061E+00 1.15009148E+00 1.15010261E+00 1.15011381E+00 1.15012490E+00 1.15013559E+00 1.15014563E+00 1.15015454E+00 1.15016201E+00 1.15016732E+00 1.15016985E+00 1.15016868E+00 1.15016307E+00 1.15015167E+00 1.15013348E+00 1.15010663E+00 1.15006969E+00 1.15002016E+00 1.14995627E+00 1.14987452E+00 1.14977255E+00 1.14964622E+00 1.14949253E+00 1.14930590E+00 1.14908269E+00 1.14881577E+00 1.14850002E+00 1.14812649E+00 1.14768948E+00 1.14717851E+00 1.14658655E+00 1.14589980E+00 1.14511006E+00 1.14420176E+00 1.14316511E+00 1.14198007E+00 1.14063418E+00 1.13910812E+00 1.13738855E+00 1.13544676E+00 1.13326753E+00 1.13082516E+00 1.12810227E+00 1.12509246E+00 1.12175693E+00 1.11842146E+00 1.11477476E+00 1.11126085E+00 1.10746709E+00 1.10386480E+00 1.10002927E+00 1.09643701E+00 1.09262809E+00 1.08905181E+00 1.08530804E+00 1.08186239E+00 1.07826682E+00 1.07495204E+00 1.07152491E+00 1.06840348E+00 1.06518102E+00 1.06223766E+00 1.05921048E+00 1.05646192E+00 1.05365372E+00 1.05112461E+00 1.04854313E+00 1.04603060E+00 1.04346050E+00 1.04083048E+00 1.03816267E+00 1.03546485E+00 1.03270160E+00 1.02986345E+00 1.02699521E+00 1.02411226E+00 1.02112323E+00 1.01799377E+00 1.01488635E+00 1.01194708E+00 1.00890211E+00 1.00496415E+00 1.00000000E+00
1.16206484E+00 1.16207496E+00 1.16208098E+00 1.16208472E+00 1.16208684E+00 1.16208812E+00 1.16208864E+00 1.16208870E+00 1.16208845E+00 1.16208809E+00 1.16208770E+00 1.16208736E+00 1.16208709E+00 1.16208694E+00 1.16208693E+00 1.16208708E+00 1.16208739E+00 1.16208790E+00 1.16208860E+00 1.16208951E+00 1.16209065E+00 1.16209203E+00 1.16209367E+00 1.16209559E+00 1.16209782E+00 1.16210038E+00 1.16210330E+00 1.16210661E+00 1.16211033E+00 1.16211450E+00 1.16211916E+00 1.16212435E+00 1.16213009E+00 1.16213643E+00 1.16214338E+00 1.16215100E+00 1.16215930E+00 1.16216829E+00 1.16217797E+00 1.16218838E+00 1.16219947E+00 1.16221119E+00 1.16222352E+00 1.16223639E+00 1.16224969E+00 1.16226322E+00 1.16227683E+00 1.16229021E+00 1.16230312E+00 1.16231509E+00 1.16232580E+00 1.16233451E+00 1.16234059E+00 1.16234310E+00 1.16234131E+00 1.16233381E+00 1.16231958E+00 1.16229667E+00 1.16226362E+00 1.16221779E+00 1.16215737E+00 1.16207866E+00 1.16197921E+00 1.16185477E+00 1.16170222E+00 1.16151565E+00 1.16129127E+00 1.16102150E+00 1.16070094E+00 1.16032012E+00 1.15987300E+00 1.15934858E+00 1.15873955E+00 1.15803124E+00 1.15721496E+00 1.15627397E+00 1.15519760E+00 1.15396429E+00 1.15256156E+00 1.15096937E+00 1.14917211E+00 1.14713789E+00 1.14485156E+00 1.14228609E+00 1.13942124E+00 1.13624798E+00 1.13272654E+00 1.12920121E+00 1.12533832E+00 1.12160594E+00 1.11757173E+00 1.11373810E+00 1.10965086E+00 1.10581733E+00 1.10174262E+00 1.09790664E+00 1.09388802E+00 1.09018700E+00 1.08631755E+00 1.08274254E+00 1.07904331E+00 1.07567245E+00 1.07218608E+00 1.06899379E+00 1.06570443E+00 1.06271281E+00 1.05965311E+00 1.05689526E+00 1.05407590E+00 1.05132589E+00 1.04850766E+00 1.04561857E+00 1.04268272E+00 1.03970777E+00 1.03665453E+00 1.03351122E+00 1.03032469E+00 1.02710992E+00 1.02377357E+00 1.02027630E+00 1.01677829E+00 1.01342600E+00 1.00994319E+00 1.00551380E+00 1.00000000E+00
1.12694533E+00 1.12694225E+00 1.12694339E+00 1.12694607E+00 1.12694790E+00 1.12694770E+00 1.12694646E+00 1.12694518E+00 1.12694413E+00 1.12694337E+00 1.12694271E+00 1.12694208E+00 1.12694153E+00 1.12694113E+00 1.12694088E+00 1.12694080E+00 1.12694087E+00 1.12694111E+00 1.12694150E+00 1.12694207E+00 1.12694282E+00 1.12694376E+00 1.12694489E+00 1.12694623E+00 1.12694780E+00 1.12694960E+00 1.12695165E+00 1.12695398E+00 1.12695660E+00 1.12695953E+00 1.12696278E+00 1.12696639E+00 1.12697035E+00 1.12697470E+00 1.12697943E+00 1.12698456E+00 1.12699009E+00 1.12699600E+00 1.12700229E+00 1.12700892E+00 1.12701586E+00 1.12702302E+00 1.12703035E+00 1.12703772E+00 1.12704499E+00 1.12705196E+00 1.12705844E+00 1.12706411E+00 1.12706870E+00 1.12707171E+00 1.12707276E+00 1.12707114E+00 1.12706628E+00 1.12705725E+00 1.12704328E+00 1.12702299E+00 1.12699540E+00 1.12695868E+00 1.12691150E+00 1.12685143E+00 1.12677677E+00 1.12668431E+00 1.12657183E+00 1.12643533E+00 1.12627191E+00 1.12607640E+00 1.12584531E+00 1.12557213E+00 1.12525242E+00 1.12487832E+00 1.12444438E+00 1.12394092E+00 1.12336138E+00 1.12269424E+00 1.12193189E+00 1.12106027E+00 1.12007070E+00 1.11894658E+00 1.11767728E+00 1.11624543E+00 1.11463890E+00 1.11283545E+00 1.11082225E+00 1.10857663E+00 1.10608319E+00 1.10334055E+00 1.10031337E+00 1.09730180E+00 1.09402419E+00 1.09088426E+00 1.08750873E+00 1.08431742E+00 1.08092569E+00 1.07775076E+00 1.07440550E+00 1.07129862E+00 1.06805287E+00 1.06506305E+00 1.06195770E+00 1.05911325E+00 1.05617553E+00 1.05349934E+00 1.05074897E+00 1.04825407E+00 1.04570080E+00 1.04339420E+00 1.04104063E+00 1.03891962E+00 1.03676305E+00 1.03467592E+00 1.03255804E+00 1.03040871E+00 1.02822803E+00 1.02601983E+00 1.02378543E+00 1.02152318E+00 1.01923667E+00 1.01694099E+00 1.01463709E+00 1.01230156E+00 1.00996584E+00 1.00779849E+00 1.00575085E+00 1.00322438E+00 1.00000000E+00
1.12585402E+00 1.12585224E+00 1.12585205E+00 1.12585368E+00 1.12585542E+00 1.12585607E+00 1.12585582E+00 1.12585511E+00 1.12585435E+00 1.12585379E+00 1.12585334E+00 1.12585295E+00 1.12585263E+00 1.12585240E+00 1.12585230E+00 1.12585233E+00 1.12585251E+00 1.12585283E+00 1.12585330E+00 1.12585393E+00 1.12585473E+00 1.12585570E+00 1.12585686E+00 1.12585822E+00 1.12585980E+00 1.12586161E+00 1.12586366E+00 1.12586599E+00 1.12586860E+00 1.12587152E+00 1.12587476E+00 1.12587836E+00 1.12588232E+00 1.12588666E+00 1.12589140E+00 1.12589654E+00 1.12590209E+00 1.12590804E+00 1.12591439E+00 1.12592110E+00 1.12592814E+00 1.12593545E+00 1.12594295E+00 1.12595054E+00 1.12595809E+00 1.12596541E+00 1.12597230E+00 1.12597847E+00 1.12598366E+00 1.12598737E+00 1.12598927E+00 1.12598863E+00 1.12598493E+00 1.12597723E+00 1.12596479E+00 1.12594628E+00 1.12592073E+00 1.12588636E+00 1.12584183E+00 1.12578477E+00 1.12571350E+00 1.12562485E+00 1.12551660E+00 1.12538483E+00 1.12522666E+00 1.12503697E+00 1.12481231E+00 1.12454621E+00 1.12423422E+00 1.12386844E+00 1.12344352E+00 1.12294973E+00 1.12238064E+00 1.12172453E+00 1.12097380E+00 1.12011446E+00 1.11913792E+00 1.11802735E+00 1.11677183E+00 1.11535378E+00 1.11376150E+00 1.11197232E+00 1.10997304E+00 1.10774079E+00 1.10526067E+00 1.10253053E+00 1.09951543E+00 1.09651299E+00 1.09324419E+00 1.09011160E+00 1.08674283E+00 1.08355626E+00 1.08016968E+00 1.07700074E+00 1.07366271E+00 1.07056063E+00 1.06731951E+00 1.06433593E+00 1.06123886E+00 1.05840335E+00 1.05547662E+00 1.05281176E+00 1.05007508E+00 1.04759449E+00 1.04505864E+00 1.04277010E+00 1.04043702E+00 1.03833668E+00 1.03620374E+00 1.03414283E+00 1.03205432E+00 1.02993683E+00 1.02779281E+00 1.02562867E+00 1.02344241E+00 1.02123198E+00 1.01900850E+00 1.01679204E+00 1.01456130E+00 1.01228867E+00 1.01004820E+00 1.00801426E+00 1.00604629E+00 1.00343952E+00 1.00000000E+00
1.12983345E+00 1.12983907E+00 1.12984106E+00 1.12984217E+00 1.12984301E+00 1.12984403E+00 1.12984473E+00 1.12984484E+00 1.12984449E+00 1.12984396E+00 1.12984341E+00 1.12984297E+00 1.12984261E+00 1.12984233E+00 1.12984216E+00 1.12984211E+00 1.12984221E+00 1.12984246E+00 1.12984287E+00 1.12984346E+00 1.12984422E+00 1.12984518E+00 1.12984634E+00 1.12984771E+00 1.12984932E+00 1.12985117E+00 1.12985328E+00 1.12985568E+00 1.12985837E+00 1.12986140E+00 1.12986476E+00 1.12986850E+00 1.12987262E+00 1.12987714E+00 1.12988207E+00 1.12988745E+00 1.12989325E+00 1.12989949E+00 1.12990614E+00 1.12991321E+00 1.12992063E+00 1.12992835E+00 1.12993631E+00 1.12994440E+00 1.12995251E+00 1.12996042E+00 1.12996796E+00 1.12997483E+00 1.12998076E+00 1.12998528E+00 1.12998804E+00 1.12998833E+00 1.12998559E+00 1.12997891E+00 1.12996754E+00 1.12995014E+00 1.12992575E+00 1.12989255E+00 1.12984922E+00 1.12979335E+00 1.12972323E+00 1.12963567E+00 1.12952841E+00 1.12939750E+00 1.12924003E+00 1.12905081E+00 1.12882637E+00 1.12856011E+00 1.12824748E+00 1.12788042E+00 1.12745352E+00 1.12695693E+00 1.12638407E+00 1.12572288E+00 1.12496571E+00 1.12409828E+00 1.12311187E+00 1.12198909E+00 1.12071862E+00 1.11928254E+00 1.11766910E+00 1.11585469E+00 1.11382567E+00 1.11155873E+00 1.10903881E+00 1.10626318E+00 1.10319598E+00 1.10013922E+00 1.09680980E+00 1.09361729E+00 1.09018216E+00 1.08693103E+00 1.08347533E+00 1.08024166E+00 1.07683276E+00 1.07366024E+00 1.07034497E+00 1.06729394E+00 1.06412507E+00 1.06122123E+00 1.05822331E+00 1.05549359E+00 1.05268856E+00 1.05014367E+00 1.04753981E+00 1.04518738E+00 1.04278824E+00 1.04062874E+00 1.03843385E+00 1.03631077E+00 1.03415469E+00 1.03196401E+00 1.02974581E+00 1.02750667E+00 1.02523557E+00 1.02293017E+00 1.02060982E+00 1.01829160E+00 1.01593084E+00 1.01350109E+00 1.01110114E+00 1.00888307E+00 1.00666784E+00 1.00376143E+00 1.00000000E+00
1.13689262E+00 1.13689759E+00 1.13690073E+00 1.13690329E+00 1.13690492E+00 1.13690566E+00 1.13690567E+00 1.13690536E+00 1.13690491E+00 1.13690448E+00 1.13690407E+00 1.13690371E+00 1.13690342E+00 1.13690323E+00 1.13690317E+00 1.13690324E+00 1.13690346E+00 1.13690383E+00 1.13690437E+00 1.13690507E+00 1.13690596E+00 1.13690704E+00 1.13690833E+00 1.13690985E+00 1.13691160E+00 1.13691361E+00 1.13691590E+00 1.13691849E+00 1.13692140E+00 1.13692466E+00 1.13692828E+00 1.13693230E+00 1.13693673E+00 1.13694160E+00 1.13694692E+00 1.13695272E+00 1.13695899E+00 1.13696574E+00 1.13697296E+00 1.13698063E+00 1.13698872E+00 1.13699716E+00 1.13700590E+00 1.13701483E+00 1.13702384E+00 1.13703272E+00 1.13704130E+00 1.13704926E+00 1.13705635E+00 1.13706209E+00 1.13706612E+00 1.13706773E+00 1.13706635E+00 1.13706103E+00 1.13705105E+00 1.13703502E+00 1.13701198E+00 1.13698007E+00 1.13693792E+00 1.13688308E+00 1.13681380E+00 1.13672679E+00 1.13661974E+00 1.13648861E+00 1.13633044E+00 1.13613988E+00 1.13591337E+00 1.13564411E+00 1.13532736E+00 1.13495482E+00 1.13452094E+00 1.13401556E+00 1.13343189E+00 1.13275737E+00 1.13198416E+00 1.13109748E+00 1.13008828E+00 1.12893833E+00 1.12763584E+00 1.12616236E+00 1.12450567E+00 1.12264079E+00 1.12055357E+00 1.11821992E+00 1.11562395E+00 1.11276191E+00 1.10959657E+00 1.10643907E+00 1.10299670E+00 1.09969179E+00 1.09613253E+00 1.09276129E+00 1.08917555E+00 1.08581780E+00 1.08227172E+00 1.07896440E+00 1.07550693E+00 1.07232385E+00 1.06901237E+00 1.06597207E+00 1.06283110E+00 1.05997002E+00 1.05702498E+00 1.05434732E+00 1.05160234E+00 1.04911773E+00 1.04658162E+00 1.04429779E+00 1.04197216E+00 1.03971722E+00 1.03742035E+00 1.03508054E+00 1.03270918E+00 1.03031174E+00 1.02786921E+00 1.02537914E+00 1.02286733E+00 1.02034795E+00 1.01776290E+00 1.01508571E+00 1.01242579E+00 1.00992411E+00 1.00739005E+00 1.00413269E+00 1.00000000E+00
1.14570914E+00 1.14571802E+00 1.14572397E+00 1.14572765E+00 1.14572959E+00 1.14573066E+00 1.14573110E+00 1.14573125E+00 1.14573115E+00 1.14573093E+00 1.14573066E+00 1.14573043E+00 1.14573026E+00 1.14573020E+00 1.14573024E+00 1.14573042E+00 1.14573074E+00 1.14573122E+00 1.14573186E+00 1.14573268E+00 1.14573369E+00 1.14573491E+00 1.14573635E+00 1.14573803E+00 1.14573997E+00 1.14574218E+00 1.14574470E+00 1.14574755E+00 1.14575075E+00 1.14575433E+00 1.14575831E+00 1.14576273E+00 1.14576762E+00 1.14577298E+00 1.14577885E+00 1.14578526E+00 1.14579220E+00 1.14579968E+00 1.14580771E+00 1.14581626E+00 1.14582531E+00 1.14583480E+00 1.14584468E+00 1.14585485E+00 1.14586518E+00 1.14587548E+00 1.14588558E+00 1.14589516E+00 1.14590396E+00 1.14591149E+00 1.14591742E+00 1.14592099E+00 1.14592162E+00 1.14591837E+00 1.14591047E+00 1.14589654E+00 1.14587555E+00 1.14584562E+00 1.14580530E+00 1.14575208E+00 1.14568417E+00 1.14559812E+00 1.14549157E+00 1.14536036E+00 1.14520143E+00 1.14500920E+00 1.14477998E+00 1.14450668E+00 1.14418435E+00 1.14380431E+00 1.14336080E+00 1.14284326E+00 1.14224460E+00 1.14155161E+00 1.14075617E+00 1.13984271E+00 1.13880168E+00 1.13761381E+00 1.13626689E+00 1.13474171E+00 1.13302509E+00 1.13109019E+00 1.12892241E+00 1.12649647E+00 1.12379495E+00 1.12081265E+00 1.11751080E+00 1.11421369E+00 1.11061401E+00 1.10715215E+00 1.10342021E+00 1.09988237E+00 1.09611538E+00 1.09258409E+00 1.08884738E+00 1.08535475E+00 1.08170160E+00 1.07833620E+00 1.07482890E+00 1.07160272E+00 1.06826727E+00 1.06522754E+00 1.06209306E+00 1.05923705E+00 1.05630402E+00 1.05364485E+00 1.05092827E+00 1.04848042E+00 1.04598362E+00 1.04355751E+00 1.04108084E+00 1.03855294E+00 1.03598796E+00 1.03339064E+00 1.03073702E+00 1.02802393E+00 1.02528081E+00 1.02252040E+00 1.01967912E+00 1.01672887E+00 1.01378121E+00 1.01097310E+00 1.00811399E+00 1.00450692E+00 1.00000000E+00
1.15541359E+00 1.15542291E+00 1.15542899E+00 1.15543316E+00 1.15543577E+00 1.15543744E+00 1.15543832E+00 1.15543877E+00 1.15543889E+00 1.15543888E+00 1.15543879E+00 1.15543872E+00 1.15543868E+00 1.15543873E+00 1.15543888E+00 1.15543917E+00 1.15543960E+00 1.15544019E+00 1.15544095E+00 1.15544190E+00 1.15544306E+00 1.15544444E+00 1.15544606E+00 1.15544794E+00 1.15545011E+00 1.15545258E+00 1.15545539E+00 1.15545857E+00 1.15546214E+00 1.15546613E+00 1.15547058E+00 1.15547552E+00 1.15548099E+00 1.15548700E+00 1.15549359E+00 1.15550080E+00 1.15550863E+00 1.15551708E+00 1.15552618E+00 1.15553591E+00 1.15554625E+00 1.15555714E+00 1.15556855E+00 1.15558037E+00 1.15559250E+00 1.15560473E+00 1.15561690E+00 1.15562869E+00 1.15563984E+00 1.15564986E+00 1.15565841E+00 1.15566472E+00 1.15566819E+00 1.15566787E+00 1.15566297E+00 1.15565207E+00 1.15563410E+00 1.15560711E+00 1.15556960E+00 1.15551896E+00 1.15545334E+00 1.15536911E+00 1.15526383E+00 1.15513321E+00 1.15497405E+00 1.15478047E+00 1.15454863E+00 1.15427105E+00 1.15394253E+00 1.15355394E+00 1.15309922E+00 1.15256728E+00 1.15195072E+00 1.15123555E+00 1.15041323E+00 1.14946718E+00 1.14838717E+00 1.14715273E+00 1.14575133E+00 1.14416283E+00 1.14237247E+00 1.14035121E+00 1.13808413E+00 1.13554443E+00 1.13271264E+00 1.12958200E+00 1.12611215E+00 1.12264388E+00 1.11885154E+00 1.11519830E+00 1.11125695E+00 1.10751800E+00 1.10353244E+00 1.09979245E+00 1.09582886E+00 1.09211799E+00 1.08823463E+00 1.08465518E+00 1.08091991E+00 1.07747913E+00 1.07391978E+00 1.07067469E+00 1.06732414E+00 1.06426644E+00 1.06112241E+00 1.05826875E+00 1.05535149E+00 1.05272133E+00 1.05003567E+00 1.04742235E+00 1.04475127E+00 1.04202169E+00 1.03924903E+00 1.03643787E+00 1.03356193E+00 1.03061690E+00 1.02763359E+00 1.02462431E+00 1.02152460E+00 1.01830424E+00 1.01507259E+00 1.01196576E+00 1.00879782E+00 1.00486171E+00 1.00000000E+00
1.12817640E+00 1.12817485E+00 1.12817737E+00 1.12818105E+00 1.12818354E+00 1.12818384E+00 1.12818303E+00 1.12818217E+00 1.12818150E+00 1.12818106E+00 1.12818066E+00 1.12818024E+00 1.12817988E+00 1.12817964E+00 1.12817953E+00 1.12817957E+00 1.12817975E+00 1.12818007E+00 1.12818055E+00 1.12818119E+00 1.12818201E+00 1.12818301E+00 1.12818419E+00 1.12818559E+00 1.12818720E+00 1.12818905E+00 1.12819116E+00 1.12819353E+00 1.12819619E+00 1.12819917E+00 1.12820247E+00 1.12820611E+00 1.12821012E+00 1.12821451E+00 1.12821928E+00 1.12822446E+00 1.12823002E+00 1.12823597E+00 1.12824229E+00 1.12824895E+00 1.12825591E+00 1.12826309E+00 1.12827042E+00 1.12827777E+00 1.12828502E+00 1.12829194E+00 1.12829835E+00 1.12830392E+00 1.12830838E+00 1.12831121E+00 1.12831205E+00 1.12831016E+00 1.12830497E+00 1.12829555E+00 1.12828110E+00 1.12826024E+00 1.12823199E+00 1.12819449E+00 1.12814639E+00 1.12808528E+00 1.12800939E+00 1.12791554E+00 1.12780148E+00 1.12766318E+00 1.12749773E+00 1.12729992E+00 1.12706625E+00 1.12679019E+00 1.12646728E+00 1.12608964E+00 1.12565179E+00 1.12514402E+00 1.12455975E+00 1.12388746E+00 1.12311948E+00 1.12224177E+00 1.12124560E+00 1.12011438E+00 1.11883753E+00 1.11739760E+00 1.11578237E+00 1.11396975E+00 1.11194691E+00 1.10969113E+00 1.10718697E+00 1.10443312E+00 1.10139405E+00 1.09837144E+00 1.09508205E+00 1.09193117E+00 1.08854425E+00 1.08534264E+00 1.08193992E+00 1.07875431E+00 1.07539750E+00 1.07228052E+00 1.06902405E+00 1.06602354E+00 1.06290666E+00 1.06005125E+00 1.05710153E+00 1.05441395E+00 1.05165111E+00 1.04914424E+00 1.04657778E+00 1.04425827E+00 1.04189076E+00 1.03975653E+00 1.03758556E+00 1.03548320E+00 1.03334840E+00 1.03118055E+00 1.02897968E+00 1.02674869E+00 1.02448859E+00 1.02219821E+00 1.01987967E+00 1.01754429E+00 1.01519350E+00 1.01280782E+00 1.01040829E+00 1.00813786E+00 1.00597808E+00 1.00334845E+00 1.00000000E+00
1.12745027E+00 1.12744922E+00 1.12745109E+00 1.12745432E+00 1.12745684E+00 1.12745757E+00 1.12745724E+00 1.12745667E+00 1.12745617E+00 1.12745586E+00 1.12745560E+00 1.12745533E+00 1.12745510E+00 1.12745496E+00 1.12745495E+00 1.12745506E+00 1.12745531E+00 1.12745569E+00 1.12745622E+00 1.12745690E+00 1.12745775E+00 1.12745877E+00 1.12745997E+00 1.12746138E+00 1.12746300E+00 1.12746486E+00 1.12746696E+00 1.12746934E+00 1.12747199E+00 1.12747496E+00 1.12747826E+00 1.12748190E+00 1.12748591E+00 1.12749029E+00 1.12749507E+00 1.12750025E+00 1.12750583E+00 1.12751181E+00 1.12751817E+00 1.12752488E+00 1.12753191E+00 1.12753918E+00 1.12754662E+00 1.12755412E+00 1.12756155E+00 1.12756869E+00 1.12757538E+00 1.12758127E+00 1.12758611E+00 1.12758941E+00 1.12759079E+00 1.12758953E+00 1.12758509E+00 1.12757652E+00 1.12756306E+00 1.12754335E+00 1.12751640E+00 1.12748040E+00 1.12743401E+00 1.12737481E+00 1.12730109E+00 1.12720967E+00 1.12709831E+00 1.12696302E+00 1.12680091E+00 1.12660680E+00 1.12637721E+00 1.12610563E+00 1.12578760E+00 1.12541521E+00 1.12498306E+00 1.12448140E+00 1.12390370E+00 1.12323834E+00 1.12247767E+00 1.12160766E+00 1.12061965E+00 1.11949688E+00 1.11822863E+00 1.11679730E+00 1.11519092E+00 1.11338712E+00 1.11137290E+00 1.10912544E+00 1.10662958E+00 1.10388346E+00 1.10085182E+00 1.09783494E+00 1.09455110E+00 1.09140482E+00 1.08802225E+00 1.08482402E+00 1.08142500E+00 1.07824328E+00 1.07489118E+00 1.07177784E+00 1.06852516E+00 1.06552941E+00 1.06241866E+00 1.05956980E+00 1.05662805E+00 1.05394872E+00 1.05119583E+00 1.04869930E+00 1.04614528E+00 1.04383860E+00 1.04148563E+00 1.03936610E+00 1.03721187E+00 1.03512782E+00 1.03301352E+00 1.03086818E+00 1.02869310E+00 1.02649257E+00 1.02426586E+00 1.02201205E+00 1.01973709E+00 1.01745508E+00 1.01515473E+00 1.01281468E+00 1.01047796E+00 1.00828673E+00 1.00616833E+00 1.00348406E+00 1.00000000E+00
1.12996339E+00 1.12996438E+00 1.12996670E+00 1.12996993E+00 1.12997252E+00 1.12997364E+00 1.12997373E+00 1.12997341E+00 1.12997302E+00 1.12997275E+00 1.12997250E+00 1.12997225E+00 1.12997203E+00 1.12997190E+00 1.12997188E+00 1.12997198E+00 1.12997222E+00 1.12997260E+00 1.12997312E+00 1.12997380E+00 1.12997466E+00 1.12997569E+00 1.12997692E+00 1.12997835E+00 1.12998000E+00 1.12998190E+00 1.12998405E+00 1.12998648E+00 1.12998920E+00 1.12999225E+00 1.12999562E+00 1.12999936E+00 1.13000348E+00 1.13000799E+00 1.13001290E+00 1.13001823E+00 1.13002399E+00 1.13003015E+00 1.13003672E+00 1.13004366E+00 1.13005094E+00 1.13005848E+00 1.13006623E+00 1.13007406E+00 1.13008185E+00 1.13008939E+00 1.13009649E+00 1.13010284E+00 1.13010817E+00 1.13011199E+00 1.13011393E+00 1.13011327E+00 1.13010946E+00 1.13010154E+00 1.13008876E+00 1.13006976E+00 1.13004354E+00 1.13000828E+00 1.12996262E+00 1.12990414E+00 1.12983112E+00 1.12974033E+00 1.12962952E+00 1.12949468E+00 1.12933290E+00 1.12913894E+00 1.12890930E+00 1.12863740E+00 1.12831869E+00 1.12794518E+00 1.12751141E+00 1.12700754E+00 1.12642693E+00 1.12575777E+00 1.12499235E+00 1.12411644E+00 1.12312127E+00 1.12198976E+00 1.12071090E+00 1.11926688E+00 1.11764568E+00 1.11582436E+00 1.11378967E+00 1.11151851E+00 1.10899554E+00 1.10621855E+00 1.10315171E+00 1.10009842E+00 1.09677417E+00 1.09358817E+00 1.09016190E+00 1.08692148E+00 1.08347728E+00 1.08025305E+00 1.07685478E+00 1.07369640E+00 1.07039659E+00 1.06735780E+00 1.06420141E+00 1.06130953E+00 1.05832306E+00 1.05560299E+00 1.05280730E+00 1.05027079E+00 1.04767467E+00 1.04532873E+00 1.04293520E+00 1.04077931E+00 1.03858694E+00 1.03646483E+00 1.03430923E+00 1.03211944E+00 1.02989921E+00 1.02765275E+00 1.02537392E+00 1.02306203E+00 1.02072728E+00 1.01838219E+00 1.01600101E+00 1.01356265E+00 1.01112419E+00 1.00881573E+00 1.00654297E+00 1.00367571E+00 1.00000000E+00
1.13449748E+00 1.13450513E+00 1.13451131E+00 1.13451553E+00 1.13451789E+00 1.13451899E+00 1.13451936E+00 1.13451954E+00 1.13451954E+00 1.13451945E+00 1.13451929E+00 1.13451911E+00 1.13451898E+00 1.13451893E+00 1.13451898E+00 1.13451915E+00 1.13451944E+00 1.13451987E+00 1.13452045E+00 1.13452119E+00 1.13452210E+00 1.13452320E+00 1.13452450E+00 1.13452601E+00 1.13452775E+00 1.13452974E+00 1.13453200E+00 1.13453455E+00 1.13453741E+00 1.13454060E+00 1.13454415E+00 1.13454808E+00 1.13455240E+00 1.13455714E+00 1.13456231E+00 1.13456793E+00 1.13457399E+00 1.13458050E+00 1.13458744E+00 1.13459479E+00 1.13460251E+00 1.13461054E+00 1.13461881E+00 1.13462720E+00 1.13463560E+00 1.13464378E+00 1.13465157E+00 1.13465865E+00 1.13466475E+00 1.13466938E+00 1.13467216E+00 1.13467236E+00 1.13466943E+00 1.13466240E+00 1.13465052E+00 1.13463239E+00 1.13460702E+00 1.13457255E+00 1.13452759E+00 1.13446970E+00 1.13439711E+00 1.13430653E+00 1.13419568E+00 1.13406048E+00 1.13389798E+00 1.13370282E+00 1.13347143E+00 1.13319708E+00 1.13287513E+00 1.13249740E+00 1.13205832E+00 1.13154783E+00 1.13095915E+00 1.13028012E+00 1.12950292E+00 1.12861292E+00 1.12760114E+00 1.12644997E+00 1.12514809E+00 1.12367729E+00 1.12202524E+00 1.12016818E+00 1.11809249E+00 1.11577450E+00 1.11319828E+00 1.11036108E+00 1.10722611E+00 1.10410318E+00 1.10070127E+00 1.09743855E+00 1.09392795E+00 1.09060619E+00 1.08707391E+00 1.08376570E+00 1.08027536E+00 1.07702766E+00 1.07363381E+00 1.07050745E+00 1.06725693E+00 1.06427569E+00 1.06119558E+00 1.05838937E+00 1.05550213E+00 1.05287946E+00 1.05019211E+00 1.04776107E+00 1.04527940E+00 1.04304333E+00 1.04076670E+00 1.03856014E+00 1.03631470E+00 1.03403009E+00 1.03171249E+00 1.02936536E+00 1.02697779E+00 1.02454935E+00 1.02209387E+00 1.01962226E+00 1.01710036E+00 1.01450743E+00 1.01190743E+00 1.00942422E+00 1.00695895E+00 1.00388662E+00 1.00000000E+00
1.14025708E+00 1.14026722E+00 1.14027382E+00 1.14027820E+00 1.14028096E+00 1.14028285E+00 1.14028400E+00 1.14028469E+00 1.14028501E+00 1.14028517E+00 1.14028521E+00 1.14028524E+00 1.14028528E+00 1.14028539E+00 1.14028558E+00 1.14028586E+00 1.14028627E+00 1.14028681E+00 1.14028749E+00 1.14028834E+00 1.14028936E+00 1.14029057E+00 1.14029198E+00 1.14029361E+00 1.14029549E+00 1.14029763E+00 1.14030004E+00 1.14030278E+00 1.14030583E+00 1.14030925E+00 1.14031304E+00 1.14031725E+00 1.14032188E+00 1.14032696E+00 1.14033250E+00 1.14033853E+00 1.14034505E+00 1.14035206E+00 1.14035956E+00 1.14036751E+00 1.14037589E+00 1.14038464E+00 1.14039369E+00 1.14040292E+00 1.14041221E+00 1.14042136E+00 1.14043019E+00 1.14043836E+00 1.14044562E+00 1.14045146E+00 1.14045551E+00 1.14045703E+00 1.14045543E+00 1.14044977E+00 1.14043925E+00 1.14042248E+00 1.14039842E+00 1.14036516E+00 1.14032131E+00 1.14026434E+00 1.14019245E+00 1.14010227E+00 1.13999144E+00 1.13985580E+00 1.13969231E+00 1.13949546E+00 1.13926158E+00 1.13898371E+00 1.13865707E+00 1.13827323E+00 1.13782644E+00 1.13730632E+00 1.13670589E+00 1.13601254E+00 1.13521823E+00 1.13430777E+00 1.13327185E+00 1.13209216E+00 1.13075704E+00 1.12924772E+00 1.12755122E+00 1.12564265E+00 1.12350800E+00 1.12112270E+00 1.11846984E+00 1.11554590E+00 1.11231290E+00 1.10909015E+00 1.10557657E+00 1.10220353E+00 1.09857210E+00 1.09513416E+00 1.09147574E+00 1.08804724E+00 1.08442599E+00 1.08105244E+00 1.07752606E+00 1.07427623E+00 1.07089383E+00 1.06778835E+00 1.06457848E+00 1.06165306E+00 1.05863995E+00 1.05589975E+00 1.05308909E+00 1.05054410E+00 1.04794485E+00 1.04560195E+00 1.04321412E+00 1.04089708E+00 1.03853612E+00 1.03613124E+00 1.03369021E+00 1.03121599E+00 1.02869479E+00 1.02612610E+00 1.02352586E+00 1.02090414E+00 1.01822338E+00 1.01546272E+00 1.01268780E+00 1.01001986E+00 1.00736284E+00 1.00409249E+00 1.00000000E+00
1.14667972E+00 1.14669004E+00 1.14669729E+00 1.14670253E+00 1.14670608E+00 1.14670853E+00 1.14671009E+00 1.14671113E+00 1.14671177E+00 1.14671219E+00 1.14671246E+00 1.14671268E+00 1.14671288E+00 1.14671313E+00 1.14671343E+00 1.14671383E+00 1.14671434E+00 1.14671499E+00 1.14671577E+00 1.14671673E+00 1.14671786E+00 1.14671919E+00 1.14672073E+00 1.14672251E+00 1.14672455E+00 1.14672687E+00 1.14672950E+00 1.14673246E+00 1.14673577E+00 1.14673948E+00 1.14674360E+00 1.14674816E+00 1.14675320E+00 1.14675873E+00 1.14676478E+00 1.14677137E+00 1.14677851E+00 1.14678620E+00 1.14679444E+00 1.14680321E+00 1.14681249E+00 1.14682222E+00 1.14683233E+00 1.14684271E+00 1.14685325E+00 1.14686374E+00 1.14687400E+00 1.14688369E+00 1.14689257E+00 1.14690011E+00 1.14690595E+00 1.14690931E+00 1.14690962E+00 1.14690591E+00 1.14689737E+00 1.14688255E+00 1.14686040E+00 1.14682896E+00 1.14678678E+00 1.14673125E+00 1.14666053E+00 1.14657111E+00 1.14646058E+00 1.14632464E+00 1.14616015E+00 1.14596135E+00 1.14572447E+00 1.14544227E+00 1.14510976E+00 1.14471817E+00 1.14426155E+00 1.14372909E+00 1.14311354E+00 1.14240175E+00 1.14158536E+00 1.14064845E+00 1.13958126E+00 1.13836466E+00 1.13698664E+00 1.13542772E+00 1.13367392E+00 1.13169897E+00 1.12948857E+00 1.12701697E+00 1.12426602E+00 1.12123148E+00 1.11787404E+00 1.11452535E+00 1.11087139E+00 1.10736056E+00 1.10357927E+00 1.09999814E+00 1.09618480E+00 1.09260931E+00 1.08882991E+00 1.08530591E+00 1.08162151E+00 1.07822508E+00 1.07468758E+00 1.07143726E+00 1.06807677E+00 1.06501349E+00 1.06185608E+00 1.05898234E+00 1.05603281E+00 1.05336051E+00 1.05063035E+00 1.04816879E+00 1.04565851E+00 1.04322086E+00 1.04073534E+00 1.03820198E+00 1.03562927E+00 1.03302004E+00 1.03035928E+00 1.02764608E+00 1.02489720E+00 1.02212240E+00 1.01928375E+00 1.01635991E+00 1.01341544E+00 1.01057064E+00 1.00773505E+00 1.00428294E+00 1.00000000E+00
1.12941319E+00 1.12941324E+00 1.12941714E+00 1.12942178E+00 1.12942494E+00 1.12942575E+00 1.12942540E+00 1.12942499E+00 1.12942472E+00 1.12942460E+00 1.12942445E+00 1.12942425E+00 1.12942408E+00 1.12942400E+00 1.12942404E+00 1.12942420E+00 1.12942448E+00 1.12942490E+00 1.12942547E+00 1.12942619E+00 1.12942707E+00 1.12942813E+00 1.12942937E+00 1.12943082E+00 1.12943249E+00 1.12943439E+00 1.12943653E+00 1.12943896E+00 1.12944166E+00 1.12944468E+00 1.12944803E+00 1.12945172E+00 1.12945577E+00 1.12946020E+00 1.12946502E+00 1.12947023E+00 1.12947584E+00 1.12948182E+00 1.12948818E+00 1.12949486E+00 1.12950184E+00 1.12950903E+00 1.12951636E+00 1.12952369E+00 1.12953090E+00 1.12953777E+00 1.12954411E+00 1.12954958E+00 1.12955390E+00 1.12955656E+00 1.12955717E+00 1.12955500E+00 1.12954948E+00 1.12953965E+00 1.12952472E+00 1.12950329E+00 1.12947436E+00 1.12943606E+00 1.12938705E+00 1.12932486E+00 1.12924775E+00 1.12915250E+00 1.12903685E+00 1.12889673E+00 1.12872923E+00 1.12852912E+00 1.12829286E+00 1.12801392E+00 1.12768781E+00 1.12730661E+00 1.12686485E+00 1.12635279E+00 1.12576380E+00 1.12508639E+00 1.12431280E+00 1.12342904E+00 1.12242632E+00 1.12128806E+00 1.12000375E+00 1.11855586E+00 1.11693202E+00 1.11511035E+00 1.11307806E+00 1.11081226E+00 1.10829755E+00 1.10553275E+00 1.10248203E+00 1.09944866E+00 1.09614769E+00 1.09298611E+00 1.08958810E+00 1.08637637E+00 1.08296282E+00 1.07976679E+00 1.07639866E+00 1.07327177E+00 1.07000465E+00 1.06699346E+00 1.06386510E+00 1.06099878E+00 1.05803708E+00 1.05533810E+00 1.05256267E+00 1.05004372E+00 1.04746388E+00 1.04513127E+00 1.04274965E+00 1.04060196E+00 1.03841625E+00 1.03629832E+00 1.03414617E+00 1.03195928E+00 1.02973770E+00 1.02748331E+00 1.02519661E+00 1.02287694E+00 1.02052524E+00 1.01814888E+00 1.01574865E+00 1.01331128E+00 1.01084539E+00 1.00845959E+00 1.00618936E+00 1.00347554E+00 1.00000000E+00
1.12915094E+00 1.12915151E+00 1.12915549E+00 1.12915992E+00 1.12916287E+00 1.12916366E+00 1.12916339E+00 1.12916307E+00 1.12916286E+00 1.12916279E+00 1.12916268E+00 1.12916253E+00 1.12916239E+00 1.12916236E+00 1.12916243E+00 1.12916262E+00 1.12916293E+00 1.12916338E+00 1.12916396E+00 1.12916469E+00 1.12916559E+00 1.12916666E+00 1.12916791E+00 1.12916937E+00 1.12917104E+00 1.12917294E+00 1.12917509E+00 1.12917751E+00 1.12918022E+00 1.12918324E+00 1.12918658E+00 1.12919027E+00 1.12919432E+00 1.12919876E+00 1.12920357E+00 1.12920879E+00 1.12921440E+00 1.12922040E+00 1.12922676E+00 1.12923347E+00 1.12924047E+00 1.12924769E+00 1.12925507E+00 1.12926245E+00 1.12926973E+00 1.12927668E+00 1.12928312E+00 1.12928870E+00 1.12929316E+00 1.12929598E+00 1.12929679E+00 1.12929485E+00 1.12928960E+00 1.12928007E+00 1.12926549E+00 1.12924446E+00 1.12921599E+00 1.12917823E+00 1.12912981E+00 1.12906831E+00 1.12899196E+00 1.12889756E+00 1.12878285E+00 1.12864380E+00 1.12847746E+00 1.12827865E+00 1.12804381E+00 1.12776643E+00 1.12744202E+00 1.12706265E+00 1.12662287E+00 1.12611292E+00 1.12552620E+00 1.12485119E+00 1.12408012E+00 1.12319902E+00 1.12219909E+00 1.12106372E+00 1.11978235E+00 1.11833739E+00 1.11671655E+00 1.11489787E+00 1.11286849E+00 1.11060551E+00 1.10809361E+00 1.10533140E+00 1.10228317E+00 1.09925174E+00 1.09595266E+00 1.09279265E+00 1.08939617E+00 1.08618569E+00 1.08277354E+00 1.07957892E+00 1.07621251E+00 1.07308711E+00 1.06982161E+00 1.06681236E+00 1.06368647E+00 1.06082278E+00 1.05786427E+00 1.05516860E+00 1.05239715E+00 1.04988231E+00 1.04730736E+00 1.04497980E+00 1.04260389E+00 1.04046198E+00 1.03828282E+00 1.03617198E+00 1.03402777E+00 1.03184966E+00 1.02963809E+00 1.02739537E+00 1.02512147E+00 1.02281590E+00 1.02048071E+00 1.01812409E+00 1.01574258E+00 1.01332247E+00 1.01087847E+00 1.00851715E+00 1.00625769E+00 1.00352368E+00 1.00000000E+00
1.13002940E+00 1.13003130E+00 1.13003590E+00 1.13004027E+00 1.13004296E+00 1.13004367E+00 1.13004345E+00 1.13004323E+00 1.13004310E+00 1.13004305E+00 1.13004295E+00 1.13004280E+00 1.13004268E+00 1.13004266E+00 1.13004275E+00 1.13004295E+00 1.13004327E+00 1.13004372E+00 1.13004431E+00 1.13004505E+00 1.13004596E+00 1.13004704E+00 1.13004830E+00 1.13004977E+00 1.13005146E+00 1.13005338E+00 1.13005555E+00 1.13005799E+00 1.13006073E+00 1.13006377E+00 1.13006715E+00 1.13007087E+00 1.13007497E+00 1.13007944E+00 1.13008431E+00 1.13008958E+00 1.13009526E+00 1.13010132E+00 1.13010777E+00 1.13011456E+00 1.13012165E+00 1.13012897E+00 1.13013646E+00 1.13014397E+00 1.13015138E+00 1.13015847E+00 1.13016506E+00 1.13017081E+00 1.13017544E+00 1.13017846E+00 1.13017947E+00 1.13017774E+00 1.13017271E+00 1.13016341E+00 1.13014907E+00 1.13012830E+00 1.13010008E+00 1.13006257E+00 1.13001441E+00 1.12995314E+00 1.12987702E+00 1.12978282E+00 1.12966828E+00 1.12952934E+00 1.12936308E+00 1.12916427E+00 1.12892934E+00 1.12865176E+00 1.12832701E+00 1.12794713E+00 1.12750664E+00 1.12699575E+00 1.12640782E+00 1.12573126E+00 1.12495828E+00 1.12407481E+00 1.12307204E+00 1.12193323E+00 1.12064773E+00 1.11919787E+00 1.11757134E+00 1.11574597E+00 1.11370885E+00 1.11143695E+00 1.10891487E+00 1.10614115E+00 1.10307986E+00 1.10003503E+00 1.09672115E+00 1.09354668E+00 1.09013438E+00 1.08690874E+00 1.08348037E+00 1.08027052E+00 1.07688768E+00 1.07374648E+00 1.07046453E+00 1.06744025E+00 1.06429849E+00 1.06141996E+00 1.05844607E+00 1.05573643E+00 1.05295032E+00 1.05042188E+00 1.04783267E+00 1.04549186E+00 1.04310228E+00 1.04094810E+00 1.03875601E+00 1.03663235E+00 1.03447420E+00 1.03228113E+00 1.03005428E+00 1.02779591E+00 1.02550412E+00 1.02317860E+00 1.02082258E+00 1.01844379E+00 1.01603380E+00 1.01357907E+00 1.01109883E+00 1.00869582E+00 1.00638272E+00 1.00358687E+00 1.00000000E+00
1.13163279E+00 1.13163874E+00 1.13164568E+00 1.13165094E+00 1.13165393E+00 1.13165502E+00 1.13165525E+00 1.13165546E+00 1.13165562E+00 1.13165573E+00 1.13165571E+00 1.13165565E+00 1.13165559E+00 1.13165562E+00 1.13165575E+00 1.13165598E+00 1.13165632E+00 1.13165679E+00 1.13165740E+00 1.13165816E+00 1.13165909E+00 1.13166019E+00 1.13166148E+00 1.13166298E+00 1.13166469E+00 1.13166664E+00 1.13166885E+00 1.13167134E+00 1.13167412E+00 1.13167722E+00 1.13168066E+00 1.13168445E+00 1.13168862E+00 1.13169319E+00 1.13169815E+00 1.13170353E+00 1.13170932E+00 1.13171551E+00 1.13172209E+00 1.13172903E+00 1.13173629E+00 1.13174379E+00 1.13175147E+00 1.13175919E+00 1.13176682E+00 1.13177416E+00 1.13178100E+00 1.13178702E+00 1.13179194E+00 1.13179525E+00 1.13179657E+00 1.13179515E+00 1.13179044E+00 1.13178147E+00 1.13176745E+00 1.13174699E+00 1.13171907E+00 1.13168183E+00 1.13163389E+00 1.13157281E+00 1.13149681E+00 1.13140263E+00 1.13128802E+00 1.13114888E+00 1.13098226E+00 1.13078289E+00 1.13054719E+00 1.13026856E+00 1.12994244E+00 1.12956081E+00 1.12911813E+00 1.12860454E+00 1.12801333E+00 1.12733279E+00 1.12655508E+00 1.12566599E+00 1.12465662E+00 1.12351005E+00 1.12221551E+00 1.12075517E+00 1.11911661E+00 1.11727739E+00 1.11522445E+00 1.11293455E+00 1.11039208E+00 1.10759541E+00 1.10450826E+00 1.10143713E+00 1.09809406E+00 1.09489094E+00 1.09144728E+00 1.08819150E+00 1.08473055E+00 1.08148973E+00 1.07807317E+00 1.07489953E+00 1.07158352E+00 1.06852749E+00 1.06535174E+00 1.06244114E+00 1.05943367E+00 1.05669312E+00 1.05387424E+00 1.05131514E+00 1.04869354E+00 1.04632261E+00 1.04390184E+00 1.04171925E+00 1.03949732E+00 1.03734389E+00 1.03515415E+00 1.03292780E+00 1.03066678E+00 1.02837308E+00 1.02604317E+00 1.02367695E+00 1.02127879E+00 1.01885595E+00 1.01639708E+00 1.01388909E+00 1.01135371E+00 1.00889155E+00 1.00651453E+00 1.00365287E+00 1.00000000E+00
1.13368271E+00 1.13369644E+00 1.13370743E+00 1.13371453E+00 1.13371866E+00 1.13372122E+00 1.13372289E+00 1.13372423E+00 1.13372515E+00 1.13372574E+00 1.13372607E+00 1.13372629E+00 1.13372647E+00 1.13372669E+00 1.13372695E+00 1.13372728E+00 1.13372771E+00 1.13372825E+00 1.13372891E+00 1.13372973E+00 1.13373070E+00 1.13373185E+00 1.13373318E+00 1.13373472E+00 1.13373649E+00 1.13373849E+00 1.13374076E+00 1.13374332E+00 1.13374617E+00 1.13374936E+00 1.13375288E+00 1.13375678E+00 1.13376107E+00 1.13376576E+00 1.13377086E+00 1.13377640E+00 1.13378236E+00 1.13378874E+00 1.13379553E+00 1.13380270E+00 1.13381021E+00 1.13381799E+00 1.13382596E+00 1.13383399E+00 1.13384197E+00 1.13384967E+00 1.13385690E+00 1.13386333E+00 1.13386868E+00 1.13387245E+00 1.13387424E+00 1.13387331E+00 1.13386909E+00 1.13386062E+00 1.13384709E+00 1.13382711E+00 1.13379965E+00 1.13376282E+00 1.13371524E+00 1.13365443E+00 1.13357860E+00 1.13348446E+00 1.13336972E+00 1.13323026E+00 1.13306308E+00 1.13286285E+00 1.13262594E+00 1.13234568E+00 1.13201743E+00 1.13163308E+00 1.13118704E+00 1.13066929E+00 1.13007304E+00 1.12938642E+00 1.12860151E+00 1.12770386E+00 1.12668445E+00 1.12552612E+00 1.12421796E+00 1.12274190E+00 1.12108530E+00 1.11922532E+00 1.11714875E+00 1.11483199E+00 1.11225911E+00 1.10942825E+00 1.10630268E+00 1.10319266E+00 1.09980636E+00 1.09656089E+00 1.09307108E+00 1.08977112E+00 1.08626239E+00 1.08297622E+00 1.07951068E+00 1.07629035E+00 1.07292533E+00 1.06982371E+00 1.06659950E+00 1.06364355E+00 1.06058881E+00 1.05780489E+00 1.05494040E+00 1.05233897E+00 1.04967316E+00 1.04726155E+00 1.04479888E+00 1.04257825E+00 1.04031684E+00 1.03812440E+00 1.03589402E+00 1.03362554E+00 1.03132141E+00 1.02898344E+00 1.02660718E+00 1.02419260E+00 1.02174476E+00 1.01927069E+00 1.01675787E+00 1.01419347E+00 1.01160007E+00 1.00907716E+00 1.00663837E+00 1.00371528E+00 1.00000000E+00
1.13602599E+00 1.13603679E+00 1.13604416E+00 1.13604976E+00 1.13605390E+00 1.13605702E+00 1.13605919E+00 1.13606071E+00 1.13606174E+00 1.13606250E+00 1.13606306E+00 1.13606352E+00 1.13606392E+00 1.13606431E+00 1.13606473E+00 1.13606521E+00 1.13606576E+00 1.13606642E+00 1.13606720E+00 1.13606811E+00 1.13606917E+00 1.13607040E+00 1.13607182E+00 1.13607344E+00 1.13607529E+00 1.13607738E+00 1.13607975E+00 1.13608240E+00 1.13608536E+00 1.13608867E+00 1.13609233E+00 1.13609637E+00 1.13610082E+00 1.13610569E+00 1.13611099E+00 1.13611674E+00 1.13612294E+00 1.13612959E+00 1.13613667E+00 1.13614416E+00 1.13615202E+00 1.13616017E+00 1.13616855E+00 1.13617703E+00 1.13618549E+00 1.13619370E+00 1.13620147E+00 1.13620848E+00 1.13621444E+00 1.13621885E+00 1.13622130E+00 1.13622105E+00 1.13621753E+00 1.13620975E+00 1.13619692E+00 1.13617760E+00 1.13615077E+00 1.13611451E+00 1.13606741E+00 1.13600697E+00 1.13593137E+00 1.13583726E+00 1.13572233E+00 1.13558238E+00 1.13541439E+00 1.13521291E+00 1.13497427E+00 1.13469168E+00 1.13436042E+00 1.13397225E+00 1.13352146E+00 1.13299789E+00 1.13239463E+00 1.13169958E+00 1.13090470E+00 1.12999526E+00 1.12896207E+00 1.12778766E+00 1.12646097E+00 1.12496366E+00 1.12328272E+00 1.12139485E+00 1.11928671E+00 1.11693427E+00 1.11432117E+00 1.11144544E+00 1.10826978E+00 1.10510947E+00 1.10166765E+00 1.09836825E+00 1.09482016E+00 1.09146488E+00 1.08789664E+00 1.08455440E+00 1.08102906E+00 1.07775234E+00 1.07432837E+00 1.07117226E+00 1.06789076E+00 1.06488168E+00 1.06177190E+00 1.05893777E+00 1.05602099E+00 1.05337152E+00 1.05065601E+00 1.04819906E+00 1.04568995E+00 1.04342736E+00 1.04112280E+00 1.03888810E+00 1.03661430E+00 1.03430126E+00 1.03195168E+00 1.02956733E+00 1.02714338E+00 1.02467975E+00 1.02218181E+00 1.01965649E+00 1.01709113E+00 1.01447307E+00 1.01182466E+00 1.00924487E+00 1.00674989E+00 1.00377182E+00 1.00000000E+00
1.12389555E+00 1.12388879E+00 1.12388668E+00 1.12388735E+00 1.12388800E+00 1.12388696E+00 1.12388496E+00 1.12388283E+00 1.12388098E+00 1.12387956E+00 1.12387837E+00 1.12387731E+00 1.12387639E+00 1.12387565E+00 1.12387511E+00 1.12387477E+00 1.12387463E+00 1.12387466E+00 1.12387488E+00 1.12387529E+00 1.12387590E+00 1.12387670E+00 1.12387770E+00 1.12387892E+00 1.12388037E+00 1.12388205E+00 1.12388400E+00 1.12388621E+00 1.12388872E+00 1.12389153E+00 1.12389467E+00 1.12389816E+00 1.12390201E+00 1.12390623E+00 1.12391084E+00 1.12391586E+00 1.12392128E+00 1.12392708E+00 1.12393327E+00 1.12393982E+00 1.12394668E+00 1.12395380E+00 1.12396110E+00 1.12396847E+00 1.12397579E+00 1.12398286E+00 1.12398950E+00 1.12399539E+00 1.12400029E+00 1.12400371E+00 1.12400530E+00 1.12400435E+00 1.12400032E+00 1.12399230E+00 1.12397955E+00 1.12396074E+00 1.12393489E+00 1.12390024E+00 1.12385548E+00 1.12379823E+00 1.12372683E+00 1.12363814E+00 1.12352997E+00 1.12339841E+00 1.12324061E+00 1.12305146E+00 1.12282754E+00 1.12256245E+00 1.12225178E+00 1.12188776E+00 1.12146501E+00 1.12097394E+00 1.12040812E+00 1.11975606E+00 1.11901024E+00 1.11815669E+00 1.11718682E+00 1.11608407E+00 1.11483780E+00 1.11343081E+00 1.11185112E+00 1.11007638E+00 1.10809375E+00 1.10588064E+00 1.10342172E+00 1.10071557E+00 1.09772735E+00 1.09475255E+00 1.09151383E+00 1.08841034E+00 1.08507291E+00 1.08191612E+00 1.07856064E+00 1.07542047E+00 1.07211218E+00 1.06903813E+00 1.06582650E+00 1.06286928E+00 1.05979848E+00 1.05698640E+00 1.05408324E+00 1.05143932E+00 1.04872326E+00 1.04626052E+00 1.04374174E+00 1.04146818E+00 1.03914988E+00 1.03706170E+00 1.03494007E+00 1.03288920E+00 1.03081070E+00 1.02870375E+00 1.02656887E+00 1.02441158E+00 1.02223309E+00 1.02003053E+00 1.01781153E+00 1.01559938E+00 1.01339185E+00 1.01115934E+00 1.00894810E+00 1.00696378E+00 1.00514831E+00 1.00290047E+00 1.00000000E+00
1.11852367E+00 1.11851934E+00 1.11851483E+00 1.11851292E+00 1.11851258E+00 1.11851265E+00 1.11851235E+00 1.11851135E+00 1.11851007E+00 1.11850894E+00 1.11850804E+00 1.11850738E+00 1.11850686E+00 1.11850644E+00 1.11850616E+00 1.11850602E+00 1.11850604E+00 1.11850621E+00 1.11850654E+00 1.11850702E+00 1.11850766E+00 1.11850848E+00 1.11850947E+00 1.11851066E+00 1.11851205E+00 1.11851365E+00 1.11851550E+00 1.11851760E+00 1.11851997E+00 1.11852263E+00 1.11852560E+00 1.11852892E+00 1.11853259E+00 1.11853663E+00 1.11854105E+00 1.11854589E+00 1.11855114E+00 1.11855680E+00 1.11856287E+00 1.11856934E+00 1.11857618E+00 1.11858333E+00 1.11859075E+00 1.11859835E+00 1.11860603E+00 1.11861362E+00 1.11862097E+00 1.11862779E+00 1.11863388E+00 1.11863879E+00 1.11864223E+00 1.11864358E+00 1.11864234E+00 1.11863765E+00 1.11862887E+00 1.11861475E+00 1.11859444E+00 1.11856631E+00 1.11852911E+00 1.11848064E+00 1.11841935E+00 1.11834228E+00 1.11824732E+00 1.11813081E+00 1.11799006E+00 1.11782017E+00 1.11761796E+00 1.11737733E+00 1.11709396E+00 1.11676019E+00 1.11637088E+00 1.11591672E+00 1.11539172E+00 1.11478430E+00 1.11408709E+00 1.11328647E+00 1.11237427E+00 1.11133401E+00 1.11015471E+00 1.10881888E+00 1.10731566E+00 1.10562269E+00 1.10372630E+00 1.10160316E+00 1.09923942E+00 1.09663287E+00 1.09374965E+00 1.09087115E+00 1.08773294E+00 1.08472342E+00 1.08148284E+00 1.07840983E+00 1.07514109E+00 1.07208585E+00 1.06886837E+00 1.06587184E+00 1.06273754E+00 1.05985308E+00 1.05685960E+00 1.05411998E+00 1.05129386E+00 1.04872115E+00 1.04608000E+00 1.04368711E+00 1.04124364E+00 1.03904184E+00 1.03679957E+00 1.03478175E+00 1.03273512E+00 1.03076287E+00 1.02876866E+00 1.02674874E+00 1.02470840E+00 1.02265928E+00 1.02059701E+00 1.01851478E+00 1.01643706E+00 1.01440424E+00 1.01237486E+00 1.01030130E+00 1.00830770E+00 1.00663587E+00 1.00512660E+00 1.00299060E+00 1.00000000E+00
1.11851063E+00 1.11853054E+00 1.11854492E+00 1.11854847E+00 1.11854421E+00 1.11853765E+00 1.11853247E+00 1.11853094E+00 1.11853117E+00 1.11853115E+00 1.11853041E+00 1.11852910E+00 1.11852783E+00 1.11852700E+00 1.11852646E+00 1.11852610E+00 1.11852585E+00 1.11852575E+00 1.11852583E+00 1.11852609E+00 1.11852655E+00 1.11852718E+00 1.11852801E+00 1.11852905E+00 1.11853030E+00 1.11853178E+00 1.11853350E+00 1.11853549E+00 1.11853776E+00 1.11854033E+00 1.11854321E+00 1.11854645E+00 1.11855005E+00 1.11855403E+00 1.11855842E+00 1.11856324E+00 1.11856851E+00 1.11857421E+00 1.11858037E+00 1.11858699E+00 1.11859404E+00 1.11860147E+00 1.11860925E+00 1.11861734E+00 1.11862563E+00 1.11863399E+00 1.11864227E+00 1.11865026E+00 1.11865773E+00 1.11866431E+00 1.11866975E+00 1.11867350E+00 1.11867506E+00 1.11867366E+00 1.11866870E+00 1.11865905E+00 1.11864390E+00 1.11862175E+00 1.11859142E+00 1.11855083E+00 1.11849853E+00 1.11843166E+00 1.11834821E+00 1.11824468E+00 1.11811852E+00 1.11796499E+00 1.11778108E+00 1.11756096E+00 1.11730029E+00 1.11699137E+00 1.11662927E+00 1.11620506E+00 1.11571287E+00 1.11514095E+00 1.11448200E+00 1.11372264E+00 1.11285484E+00 1.11186190E+00 1.11073244E+00 1.10944890E+00 1.10800090E+00 1.10636538E+00 1.10452772E+00 1.10246377E+00 1.10016050E+00 1.09761520E+00 1.09479306E+00 1.09196684E+00 1.08887990E+00 1.08591488E+00 1.08271458E+00 1.07966989E+00 1.07642845E+00 1.07340213E+00 1.07020997E+00 1.06722350E+00 1.06409476E+00 1.06121657E+00 1.05822688E+00 1.05548596E+00 1.05265648E+00 1.05007962E+00 1.04743165E+00 1.04502930E+00 1.04257394E+00 1.04035815E+00 1.03809998E+00 1.03606767E+00 1.03400530E+00 1.03201673E+00 1.03000255E+00 1.02795607E+00 1.02588919E+00 1.02381914E+00 1.02173386E+00 1.01962040E+00 1.01751002E+00 1.01543972E+00 1.01335069E+00 1.01120715E+00 1.00915691E+00 1.00738146E+00 1.00568971E+00 1.00330615E+00 1.00000000E+00
1.12120347E+00 1.12119299E+00 1.12118452E+00 1.12118238E+00 1.12118332E+00 1.12118390E+00 1.12118318E+00 1.12118135E+00 1.12117949E+00 1.12117825E+00 1.12117743E+00 1.12117679E+00 1.12117623E+00 1.12117577E+00 1.12117545E+00 1.12117529E+00 1.12117529E+00 1.12117543E+00 1.12117571E+00 1.12117614E+00 1.12117672E+00 1.12117747E+00 1.12117839E+00 1.12117949E+00 1.12118080E+00 1.12118232E+00 1.12118407E+00 1.12118609E+00 1.12118837E+00 1.12119096E+00 1.12119386E+00 1.12119713E+00 1.12120078E+00 1.12120482E+00 1.12120929E+00 1.12121423E+00 1.12121965E+00 1.12122555E+00 1.12123196E+00 1.12123891E+00 1.12124636E+00 1.12125428E+00 1.12126266E+00 1.12127148E+00 1.12128067E+00 1.12129009E+00 1.12129965E+00 1.12130914E+00 1.12131838E+00 1.12132704E+00 1.12133492E+00 1.12134154E+00 1.12134642E+00 1.12134884E+00 1.12134827E+00 1.12134367E+00 1.12133431E+00 1.12131880E+00 1.12129602E+00 1.12126401E+00 1.12122141E+00 1.12116545E+00 1.12109420E+00 1.12100433E+00 1.12089341E+00 1.12075684E+00 1.12059178E+00 1.12039260E+00 1.12015492E+00 1.11987093E+00 1.11953589E+00 1.11914122E+00 1.11868112E+00 1.11814355E+00 1.11752128E+00 1.11680103E+00 1.11597465E+00 1.11502494E+00 1.11394035E+00 1.11270336E+00 1.11130337E+00 1.10971585E+00 1.10792552E+00 1.10590770E+00 1.10364907E+00 1.10114517E+00 1.09836080E+00 1.09556395E+00 1.09250055E+00 1.08954817E+00 1.08635149E+00 1.08330095E+00 1.08004953E+00 1.07701336E+00 1.07380001E+00 1.07077691E+00 1.06760462E+00 1.06468677E+00 1.06164975E+00 1.05885650E+00 1.05596862E+00 1.05333628E+00 1.05062597E+00 1.04816059E+00 1.04563578E+00 1.04335190E+00 1.04102091E+00 1.03892147E+00 1.03678757E+00 1.03472539E+00 1.03263132E+00 1.03049654E+00 1.02833686E+00 1.02617299E+00 1.02398724E+00 1.02175987E+00 1.01952425E+00 1.01731466E+00 1.01506867E+00 1.01275604E+00 1.01051947E+00 1.00849782E+00 1.00649416E+00 1.00374201E+00 1.00000000E+00
1.12498205E+00 1.12497690E+00 1.12497798E+00 1.12498120E+00 1.12498304E+00 1.12498201E+00 1.12497980E+00 1.12497797E+00 1.12497672E+00 1.12497593E+00 1.12497525E+00 1.12497457E+00 1.12497398E+00 1.12497354E+00 1.12497325E+00 1.12497310E+00 1.12497309E+00 1.12497321E+00 1.12497348E+00 1.12497389E+00 1.12497445E+00 1.12497517E+00 1.12497606E+00 1.12497714E+00 1.12497843E+00 1.12497993E+00 1.12498166E+00 1.12498367E+00 1.12498596E+00 1.12498856E+00 1.12499150E+00 1.12499482E+00 1.12499853E+00 1.12500268E+00 1.12500729E+00 1.12501241E+00 1.12501806E+00 1.12502426E+00 1.12503103E+00 1.12503843E+00 1.12504643E+00 1.12505501E+00 1.12506418E+00 1.12507396E+00 1.12508428E+00 1.12509505E+00 1.12510618E+00 1.12511754E+00 1.12512894E+00 1.12514012E+00 1.12515092E+00 1.12516095E+00 1.12516974E+00 1.12517663E+00 1.12518117E+00 1.12518241E+00 1.12517970E+00 1.12517177E+00 1.12515756E+00 1.12513523E+00 1.12510349E+00 1.12505969E+00 1.12500196E+00 1.12492716E+00 1.12483295E+00 1.12471491E+00 1.12457032E+00 1.12439372E+00 1.12418069E+00 1.12392326E+00 1.12361684E+00 1.12325317E+00 1.12282650E+00 1.12232453E+00 1.12174005E+00 1.12105972E+00 1.12027489E+00 1.11936766E+00 1.11832680E+00 1.11713507E+00 1.11578069E+00 1.11423684E+00 1.11248830E+00 1.11051013E+00 1.10828746E+00 1.10581280E+00 1.10305175E+00 1.10027029E+00 1.09721230E+00 1.09425076E+00 1.09103368E+00 1.08795625E+00 1.08467100E+00 1.08159876E+00 1.07833430E+00 1.07524708E+00 1.07200224E+00 1.06901685E+00 1.06590282E+00 1.06302963E+00 1.06005359E+00 1.05733712E+00 1.05453427E+00 1.05197825E+00 1.04935538E+00 1.04697724E+00 1.04454560E+00 1.04235271E+00 1.04011983E+00 1.03795701E+00 1.03575566E+00 1.03350460E+00 1.03122109E+00 1.02892818E+00 1.02660513E+00 1.02422644E+00 1.02182522E+00 1.01943470E+00 1.01699269E+00 1.01446828E+00 1.01199320E+00 1.00968192E+00 1.00733958E+00 1.00419731E+00 1.00000000E+00
1.12909928E+00 1.12910450E+00 1.12911353E+00 1.12911990E+00 1.12912235E+00 1.12912179E+00 1.12912044E+00 1.12911983E+00 1.12911961E+00 1.12911942E+00 1.12911910E+00 1.12911868E+00 1.12911829E+00 1.12911801E+00 1.12911782E+00 1.12911773E+00 1.12911774E+00 1.12911787E+00 1.12911812E+00 1.12911851E+00 1.12911904E+00 1.12911972E+00 1.12912058E+00 1.12912163E+00 1.12912289E+00 1.12912436E+00 1.12912608E+00 1.12912809E+00 1.12913039E+00 1.12913301E+00 1.12913599E+00 1.12913938E+00 1.12914320E+00 1.12914748E+00 1.12915226E+00 1.12915762E+00 1.12916357E+00 1.12917013E+00 1.12917735E+00 1.12918530E+00 1.12919397E+00 1.12920334E+00 1.12921346E+00 1.12922438E+00 1.12923605E+00 1.12924840E+00 1.12926139E+00 1.12927491E+00 1.12928883E+00 1.12930292E+00 1.12931709E+00 1.12933102E+00 1.12934427E+00 1.12935625E+00 1.12936658E+00 1.12937445E+00 1.12937923E+00 1.12937981E+00 1.12937518E+00 1.12936364E+00 1.12934399E+00 1.12931362E+00 1.12927077E+00 1.12921253E+00 1.12913668E+00 1.12903890E+00 1.12891660E+00 1.12876447E+00 1.12857801E+00 1.12834916E+00 1.12807337E+00 1.12774260E+00 1.12735128E+00 1.12688694E+00 1.12634227E+00 1.12570362E+00 1.12496157E+00 1.12409734E+00 1.12310067E+00 1.12195479E+00 1.12064573E+00 1.11914380E+00 1.11743449E+00 1.11549275E+00 1.11330120E+00 1.11084876E+00 1.10810259E+00 1.10532793E+00 1.10226411E+00 1.09928076E+00 1.09603013E+00 1.09291472E+00 1.08958264E+00 1.08645959E+00 1.08312843E+00 1.07996438E+00 1.07663345E+00 1.07356719E+00 1.07036263E+00 1.06739773E+00 1.06432062E+00 1.06150725E+00 1.05859890E+00 1.05594124E+00 1.05320911E+00 1.05072644E+00 1.04818294E+00 1.04588572E+00 1.04354269E+00 1.04126864E+00 1.03894955E+00 1.03657174E+00 1.03415258E+00 1.03171686E+00 1.02924239E+00 1.02669920E+00 1.02411896E+00 1.02153461E+00 1.01888562E+00 1.01613849E+00 1.01341433E+00 1.01081285E+00 1.00814277E+00 1.00462805E+00 1.00000000E+00
1.12525053E+00 1.12524496E+00 1.12524402E+00 1.12524572E+00 1.12524716E+00 1.12524668E+00 1.12524510E+00 1.12524336E+00 1.12524185E+00 1.12524074E+00 1.12523980E+00 1.12523895E+00 1.12523820E+00 1.12523762E+00 1.12523721E+00 1.12523698E+00 1.12523694E+00 1.12523706E+00 1.12523736E+00 1.12523784E+00 1.12523850E+00 1.12523936E+00 1.12524042E+00 1.12524170E+00 1.12524319E+00 1.12524493E+00 1.12524692E+00 1.12524919E+00 1.12525174E+00 1.12525460E+00 1.12525779E+00 1.12526133E+00 1.12526523E+00 1.12526950E+00 1.12527416E+00 1.12527923E+00 1.12528469E+00 1.12529054E+00 1.12529678E+00 1.12530336E+00 1.12531025E+00 1.12531739E+00 1.12532470E+00 1.12533206E+00 1.12533937E+00 1.12534639E+00 1.12535296E+00 1.12535876E+00 1.12536352E+00 1.12536677E+00 1.12536813E+00 1.12536689E+00 1.12536251E+00 1.12535407E+00 1.12534080E+00 1.12532136E+00 1.12529478E+00 1.12525926E+00 1.12521348E+00 1.12515505E+00 1.12508228E+00 1.12499201E+00 1.12488204E+00 1.12474841E+00 1.12458827E+00 1.12439647E+00 1.12416957E+00 1.12390112E+00 1.12358669E+00 1.12321850E+00 1.12279113E+00 1.12229494E+00 1.12172347E+00 1.12106521E+00 1.12031260E+00 1.11945165E+00 1.11847373E+00 1.11736227E+00 1.11610664E+00 1.11468956E+00 1.11309901E+00 1.11131269E+00 1.10931776E+00 1.10709163E+00 1.10461894E+00 1.10189824E+00 1.09889448E+00 1.09590510E+00 1.09265099E+00 1.08953303E+00 1.08618046E+00 1.08301006E+00 1.07964029E+00 1.07648620E+00 1.07316298E+00 1.07007577E+00 1.06685046E+00 1.06388005E+00 1.06079515E+00 1.05796975E+00 1.05505223E+00 1.05239480E+00 1.04966428E+00 1.04718791E+00 1.04465440E+00 1.04236657E+00 1.04003290E+00 1.03793036E+00 1.03579337E+00 1.03372641E+00 1.03163032E+00 1.02950433E+00 1.02734873E+00 1.02516814E+00 1.02296398E+00 1.02073416E+00 1.01848403E+00 1.01623241E+00 1.01397926E+00 1.01169870E+00 1.00942949E+00 1.00735921E+00 1.00543042E+00 1.00304699E+00 1.00000000E+00
1.12108038E+00 1.12107579E+00 1.12107334E+00 1.12107367E+00 1.12107475E+00 1.12107502E+00 1.12107445E+00 1.12107335E+00 1.12107222E+00 1.12107138E+00 1.12107073E+00 1.12107021E+00 1.12106977E+00 1.12106944E+00 1.12106923E+00 1.12106918E+00 1.12106928E+00 1.12106952E+00 1.12106991E+00 1.12107045E+00 1.12107116E+00 1.12107204E+00 1.12107310E+00 1.12107435E+00 1.12107580E+00 1.12107748E+00 1.12107940E+00 1.12108158E+00 1.12108403E+00 1.12108678E+00 1.12108984E+00 1.12109325E+00 1.12109701E+00 1.12110115E+00 1.12110568E+00 1.12111061E+00 1.12111595E+00 1.12112171E+00 1.12112786E+00 1.12113441E+00 1.12114131E+00 1.12114850E+00 1.12115594E+00 1.12116353E+00 1.12117116E+00 1.12117864E+00 1.12118582E+00 1.12119242E+00 1.12119819E+00 1.12120269E+00 1.12120560E+00 1.12120628E+00 1.12120420E+00 1.12119850E+00 1.12118848E+00 1.12117290E+00 1.12115084E+00 1.12112062E+00 1.12108099E+00 1.12102967E+00 1.12096506E+00 1.12088416E+00 1.12078482E+00 1.12066328E+00 1.12051680E+00 1.12034043E+00 1.12013089E+00 1.11988192E+00 1.11958920E+00 1.11924501E+00 1.11884416E+00 1.11837722E+00 1.11783799E+00 1.11721489E+00 1.11650052E+00 1.11568116E+00 1.11474847E+00 1.11368586E+00 1.11248243E+00 1.11112079E+00 1.10958967E+00 1.10786655E+00 1.10593810E+00 1.10378145E+00 1.10138221E+00 1.09873784E+00 1.09581423E+00 1.09289861E+00 1.08972143E+00 1.08667444E+00 1.08339495E+00 1.08028908E+00 1.07698655E+00 1.07389683E+00 1.07064184E+00 1.06761357E+00 1.06444778E+00 1.06153385E+00 1.05850928E+00 1.05574039E+00 1.05288294E+00 1.05028123E+00 1.04760989E+00 1.04518922E+00 1.04271607E+00 1.04048577E+00 1.03821323E+00 1.03616797E+00 1.03409243E+00 1.03208954E+00 1.03006245E+00 1.02800909E+00 1.02593266E+00 1.02384176E+00 1.02173455E+00 1.01960763E+00 1.01747644E+00 1.01536951E+00 1.01326371E+00 1.01112551E+00 1.00904270E+00 1.00721972E+00 1.00550910E+00 1.00316840E+00 1.00000000E+00
1.12171676E+00 1.12174049E+00 1.12175621E+00 1.12176175E+00 1.12176069E+00 1.12175745E+00 1.12175440E+00 1.12175336E+00 1.12175335E+00 1.12175332E+00 1.12175282E+00 1.12175186E+00 1.12175084E+00 1.12175006E+00 1.12174951E+00 1.12174914E+00 1.12174890E+00 1.12174881E+00 1.12174889E+00 1.12174917E+00 1.12174963E+00 1.12175029E+00 1.12175116E+00 1.12175224E+00 1.12175355E+00 1.12175510E+00 1.12175690E+00 1.12175898E+00 1.12176134E+00 1.12176402E+00 1.12176702E+00 1.12177038E+00 1.12177411E+00 1.12177824E+00 1.12178277E+00 1.12178774E+00 1.12179314E+00 1.12179899E+00 1.12180528E+00 1.12181200E+00 1.12181914E+00 1.12182664E+00 1.12183446E+00 1.12184253E+00 1.12185075E+00 1.12185895E+00 1.12186700E+00 1.12187463E+00 1.12188164E+00 1.12188760E+00 1.12189223E+00 1.12189495E+00 1.12189523E+00 1.12189226E+00 1.12188541E+00 1.12187349E+00 1.12185563E+00 1.12183025E+00 1.12179612E+00 1.12175107E+00 1.12169357E+00 1.12162066E+00 1.12153029E+00 1.12141881E+00 1.12128358E+00 1.12111975E+00 1.12092416E+00 1.12069065E+00 1.12041491E+00 1.12008923E+00 1.11970856E+00 1.11926365E+00 1.11874833E+00 1.11815086E+00 1.11746392E+00 1.11667389E+00 1.11577248E+00 1.11474276E+00 1.11357353E+00 1.11224732E+00 1.11075303E+00 1.10906734E+00 1.10717644E+00 1.10505710E+00 1.10269513E+00 1.10008702E+00 1.09719816E+00 1.09431086E+00 1.09115981E+00 1.08813325E+00 1.08487055E+00 1.08177536E+00 1.07848180E+00 1.07540005E+00 1.07214898E+00 1.06911616E+00 1.06594284E+00 1.06302268E+00 1.05998955E+00 1.05720947E+00 1.05433878E+00 1.05172398E+00 1.04903756E+00 1.04660121E+00 1.04411065E+00 1.04186250E+00 1.03957055E+00 1.03750791E+00 1.03541393E+00 1.03339224E+00 1.03134379E+00 1.02926493E+00 1.02716262E+00 1.02504797E+00 1.02291306E+00 1.02075107E+00 1.01858334E+00 1.01643776E+00 1.01427645E+00 1.01206455E+00 1.00990021E+00 1.00795260E+00 1.00605135E+00 1.00346277E+00 1.00000000E+00
1.12504636E+00 1.12504799E+00 1.12504505E+00 1.12504213E+00 1.12504032E+00 1.12503998E+00 1.12503983E+00 1.12503904E+00 1.12503779E+00 1.12503648E+00 1.12503537E+00 1.12503455E+00 1.12503391E+00 1.12503339E+00 1.12503299E+00 1.12503274E+00 1.12503266E+00 1.12503275E+00 1.12503300E+00 1.12503341E+00 1.12503400E+00 1.12503477E+00 1.12503573E+00 1.12503690E+00 1.12503828E+00 1.12503990E+00 1.12504176E+00 1.12504390E+00 1.12504632E+00 1.12504907E+00 1.12505214E+00 1.12505559E+00 1.12505943E+00 1.12506367E+00 1.12506836E+00 1.12507351E+00 1.12507914E+00 1.12508525E+00 1.12509186E+00 1.12509898E+00 1.12510658E+00 1.12511462E+00 1.12512309E+00 1.12513193E+00 1.12514105E+00 1.12515031E+00 1.12515959E+00 1.12516865E+00 1.12517730E+00 1.12518518E+00 1.12519202E+00 1.12519727E+00 1.12520044E+00 1.12520077E+00 1.12519767E+00 1.12519001E+00 1.12517698E+00 1.12515706E+00 1.12512907E+00 1.12509091E+00 1.12504110E+00 1.12497675E+00 1.12489585E+00 1.12479486E+00 1.12467122E+00 1.12452016E+00 1.12433856E+00 1.12412035E+00 1.12386116E+00 1.12355327E+00 1.12319168E+00 1.12276725E+00 1.12227377E+00 1.12169922E+00 1.12103634E+00 1.12027139E+00 1.11939590E+00 1.11839246E+00 1.11724955E+00 1.11594946E+00 1.11448084E+00 1.11281911E+00 1.11095000E+00 1.10884981E+00 1.10650377E+00 1.10390675E+00 1.10102340E+00 1.09813449E+00 1.09497468E+00 1.09193212E+00 1.08864553E+00 1.08552204E+00 1.08219416E+00 1.07907672E+00 1.07577987E+00 1.07269425E+00 1.06946230E+00 1.06648745E+00 1.06339259E+00 1.06054954E+00 1.05761013E+00 1.05493031E+00 1.05217311E+00 1.04966807E+00 1.04710349E+00 1.04478425E+00 1.04241670E+00 1.04028437E+00 1.03811646E+00 1.03601921E+00 1.03388962E+00 1.03172262E+00 1.02952714E+00 1.02731514E+00 1.02507454E+00 1.02279491E+00 1.02049942E+00 1.01821435E+00 1.01589640E+00 1.01350772E+00 1.01114222E+00 1.00894787E+00 1.00675323E+00 1.00383250E+00 1.00000000E+00
1.12959251E+00 1.12959241E+00 1.12959233E+00 1.12959323E+00 1.12959384E+00 1.12959343E+00 1.12959226E+00 1.12959090E+00 1.12958967E+00 1.12958872E+00 1.12958791E+00 1.12958719E+00 1.12958658E+00 1.12958611E+00 1.12958578E+00 1.12958562E+00 1.12958560E+00 1.12958574E+00 1.12958603E+00 1.12958648E+00 1.12958711E+00 1.12958791E+00 1.12958890E+00 1.12959010E+00 1.12959152E+00 1.12959317E+00 1.12959508E+00 1.12959728E+00 1.12959977E+00 1.12960260E+00 1.12960578E+00 1.12960936E+00 1.12961335E+00 1.12961780E+00 1.12962271E+00 1.12962814E+00 1.12963411E+00 1.12964063E+00 1.12964771E+00 1.12965539E+00 1.12966365E+00 1.12967246E+00 1.12968182E+00 1.12969171E+00 1.12970204E+00 1.12971271E+00 1.12972360E+00 1.12973452E+00 1.12974530E+00 1.12975561E+00 1.12976523E+00 1.12977365E+00 1.12978039E+00 1.12978476E+00 1.12978621E+00 1.12978369E+00 1.12977643E+00 1.12976297E+00 1.12974217E+00 1.12971202E+00 1.12967107E+00 1.12961649E+00 1.12954631E+00 1.12945710E+00 1.12934636E+00 1.12920936E+00 1.12904304E+00 1.12884130E+00 1.12859974E+00 1.12831056E+00 1.12796880E+00 1.12756530E+00 1.12709380E+00 1.12654196E+00 1.12590244E+00 1.12516122E+00 1.12430948E+00 1.12332910E+00 1.12220842E+00 1.12092940E+00 1.11947986E+00 1.11783355E+00 1.11597595E+00 1.11388267E+00 1.11153763E+00 1.10893350E+00 1.10603434E+00 1.10312182E+00 1.09992730E+00 1.09684181E+00 1.09350179E+00 1.09032194E+00 1.08692821E+00 1.08374341E+00 1.08036635E+00 1.07719606E+00 1.07387162E+00 1.07080972E+00 1.06761873E+00 1.06468052E+00 1.06163810E+00 1.05886107E+00 1.05599920E+00 1.05339408E+00 1.05072258E+00 1.04830188E+00 1.04582667E+00 1.04359453E+00 1.04132119E+00 1.03911698E+00 1.03687395E+00 1.03458564E+00 1.03226136E+00 1.02991342E+00 1.02752774E+00 1.02509090E+00 1.02262566E+00 1.02015717E+00 1.01764158E+00 1.01503791E+00 1.01243267E+00 1.00996225E+00 1.00745990E+00 1.00420209E+00 1.00000000E+00
1.13462646E+00 1.13463174E+00 1.13463601E+00 1.13463866E+00 1.13463957E+00 1.13463939E+00 1.13463875E+00 1.13463819E+00 1.13463764E+00 1.13463709E+00 1.13463652E+00 1.13463599E+00 1.13463554E+00 1.13463520E+00 1.13463498E+00 1.13463489E+00 1.13463492E+00 1.13463509E+00 1.13463541E+00 1.13463588E+00 1.13463652E+00 1.13463734E+00 1.13463835E+00 1.13463957E+00 1.13464101E+00 1.13464271E+00 1.13464467E+00 1.13464694E+00 1.13464952E+00 1.13465246E+00 1.13465578E+00 1.13465953E+00 1.13466374E+00 1.13466844E+00 1.13467366E+00 1.13467946E+00 1.13468587E+00 1.13469290E+00 1.13470060E+00 1.13470899E+00 1.13471809E+00 1.13472788E+00 1.13473837E+00 1.13474957E+00 1.13476142E+00 1.13477383E+00 1.13478671E+00 1.13479992E+00 1.13481329E+00 1.13482656E+00 1.13483954E+00 1.13485177E+00 1.13486279E+00 1.13487198E+00 1.13487883E+00 1.13488239E+00 1.13488190E+00 1.13487600E+00 1.13486357E+00 1.13484266E+00 1.13481190E+00 1.13476847E+00 1.13471046E+00 1.13463458E+00 1.13453834E+00 1.13441703E+00 1.13426760E+00 1.13408394E+00 1.13386157E+00 1.13359260E+00 1.13327199E+00 1.13289056E+00 1.13244198E+00 1.13191353E+00 1.13129772E+00 1.13058001E+00 1.12975108E+00 1.12879202E+00 1.12769120E+00 1.12643017E+00 1.12499534E+00 1.12335850E+00 1.12150511E+00 1.11940987E+00 1.11705490E+00 1.11443050E+00 1.11150020E+00 1.10854832E+00 1.10530094E+00 1.10215453E+00 1.09874179E+00 1.09548742E+00 1.09200766E+00 1.08873561E+00 1.08525777E+00 1.08198479E+00 1.07854867E+00 1.07538123E+00 1.07207496E+00 1.06902426E+00 1.06586046E+00 1.06296896E+00 1.05998464E+00 1.05726336E+00 1.05446835E+00 1.05193113E+00 1.04933252E+00 1.04698578E+00 1.04459185E+00 1.04226619E+00 1.03989533E+00 1.03747154E+00 1.03500371E+00 1.03250435E+00 1.02995882E+00 1.02735144E+00 1.02470369E+00 1.02204000E+00 1.01931797E+00 1.01649416E+00 1.01364761E+00 1.01090774E+00 1.00811361E+00 1.00454209E+00 1.00000000E+00
1.12661446E+00 1.12661168E+00 1.12661318E+00 1.12661588E+00 1.12661754E+00 1.12661716E+00 1.12661582E+00 1.12661453E+00 1.12661350E+00 1.12661274E+00 1.12661208E+00 1.12661144E+00 1.12661090E+00 1.12661050E+00 1.12661026E+00 1.12661018E+00 1.12661026E+00 1.12661049E+00 1.12661089E+00 1.12661146E+00 1.12661221E+00 1.12661314E+00 1.12661427E+00 1.12661561E+00 1.12661716E+00 1.12661896E+00 1.12662100E+00 1.12662332E+00 1.12662593E+00 1.12662885E+00 1.12663209E+00 1.12663568E+00 1.12663963E+00 1.12664395E+00 1.12664867E+00 1.12665378E+00 1.12665929E+00 1.12666519E+00 1.12667146E+00 1.12667808E+00 1.12668500E+00 1.12669216E+00 1.12669948E+00 1.12670684E+00 1.12671411E+00 1.12672109E+00 1.12672759E+00 1.12673329E+00 1.12673791E+00 1.12674097E+00 1.12674210E+00 1.12674056E+00 1.12673582E+00 1.12672693E+00 1.12671313E+00 1.12669306E+00 1.12666573E+00 1.12662932E+00 1.12658250E+00 1.12652286E+00 1.12644869E+00 1.12635682E+00 1.12624501E+00 1.12610929E+00 1.12594677E+00 1.12575229E+00 1.12552236E+00 1.12525051E+00 1.12493230E+00 1.12455989E+00 1.12412785E+00 1.12362651E+00 1.12304935E+00 1.12238486E+00 1.12162543E+00 1.12075705E+00 1.11977106E+00 1.11865087E+00 1.11738587E+00 1.11595872E+00 1.11435731E+00 1.11255944E+00 1.11055227E+00 1.10831317E+00 1.10582676E+00 1.10309159E+00 1.10007243E+00 1.09706859E+00 1.09379917E+00 1.09066688E+00 1.08729936E+00 1.08411544E+00 1.08073140E+00 1.07756351E+00 1.07422552E+00 1.07112528E+00 1.06788634E+00 1.06490268E+00 1.06180363E+00 1.05896487E+00 1.05603295E+00 1.05336196E+00 1.05061687E+00 1.04812670E+00 1.04557822E+00 1.04327589E+00 1.04092665E+00 1.03880951E+00 1.03665683E+00 1.03457343E+00 1.03245929E+00 1.03031373E+00 1.02813686E+00 1.02593247E+00 1.02370186E+00 1.02144349E+00 1.01916088E+00 1.01686898E+00 1.01456906E+00 1.01223826E+00 1.00990681E+00 1.00774189E+00 1.00569838E+00 1.00318924E+00 1.00000000E+00
1.12366841E+00 1.12366526E+00 1.12366539E+00 1.12366745E+00 1.12366924E+00 1.12366947E+00 1.12366874E+00 1.12366778E+00 1.12366694E+00 1.12366638E+00 1.12366592E+00 1.12366551E+00 1.12366516E+00 1.12366492E+00 1.12366481E+00 1.12366485E+00 1.12366502E+00 1.12366533E+00 1.12366578E+00 1.12366639E+00 1.12366716E+00 1.12366810E+00 1.12366922E+00 1.12367054E+00 1.12367207E+00 1.12367382E+00 1.12367581E+00 1.12367807E+00 1.12368060E+00 1.12368344E+00 1.12368659E+00 1.12369009E+00 1.12369395E+00 1.12369818E+00 1.12370280E+00 1.12370783E+00 1.12371327E+00 1.12371911E+00 1.12372534E+00 1.12373194E+00 1.12373889E+00 1.12374611E+00 1.12375355E+00 1.12376110E+00 1.12376865E+00 1.12377600E+00 1.12378298E+00 1.12378930E+00 1.12379470E+00 1.12379873E+00 1.12380105E+00 1.12380097E+00 1.12379797E+00 1.12379115E+00 1.12377979E+00 1.12376261E+00 1.12373865E+00 1.12370619E+00 1.12366394E+00 1.12360957E+00 1.12354144E+00 1.12345647E+00 1.12335249E+00 1.12322566E+00 1.12307316E+00 1.12288997E+00 1.12267273E+00 1.12241508E+00 1.12211263E+00 1.12175765E+00 1.12134485E+00 1.12086467E+00 1.12031078E+00 1.11967161E+00 1.11893967E+00 1.11810114E+00 1.11714754E+00 1.11606223E+00 1.11483441E+00 1.11344666E+00 1.11188739E+00 1.11013413E+00 1.10817379E+00 1.10598363E+00 1.10354888E+00 1.10086711E+00 1.09790381E+00 1.09495142E+00 1.09173557E+00 1.08865239E+00 1.08533547E+00 1.08219678E+00 1.07885996E+00 1.07573658E+00 1.07244569E+00 1.06938671E+00 1.06618986E+00 1.06324635E+00 1.06019032E+00 1.05739198E+00 1.05450315E+00 1.05187239E+00 1.04917043E+00 1.04672114E+00 1.04421716E+00 1.04195739E+00 1.03965355E+00 1.03757937E+00 1.03547301E+00 1.03343778E+00 1.03137576E+00 1.02928572E+00 1.02716949E+00 1.02503334E+00 1.02287685E+00 1.02069827E+00 1.01850695E+00 1.01632369E+00 1.01413592E+00 1.01191628E+00 1.00972310E+00 1.00772946E+00 1.00582260E+00 1.00331247E+00 1.00000000E+00
1.12464324E+00 1.12464025E+00 1.12463890E+00 1.12463979E+00 1.12464115E+00 1.12464162E+00 1.12464122E+00 1.12464033E+00 1.12463939E+00 1.12463868E+00 1.12463813E+00 1.12463766E+00 1.12463726E+00 1.12463696E+00 1.12463679E+00 1.12463677E+00 1.12463688E+00 1.12463714E+00 1.12463755E+00 1.12463812E+00 1.12463885E+00 1.12463976E+00 1.12464085E+00 1.12464213E+00 1.12464363E+00 1.12464536E+00 1.12464733E+00 1.12464957E+00 1.12465209E+00 1.12465492E+00 1.12465808E+00 1.12466159E+00 1.12466546E+00 1.12466973E+00 1.12467440E+00 1.12467950E+00 1.12468503E+00 1.12469098E+00 1.12469737E+00 1.12470416E+00 1.12471134E+00 1.12471885E+00 1.12472664E+00 1.12473461E+00 1.12474267E+00 1.12475063E+00 1.12475833E+00 1.12476550E+00 1.12477190E+00 1.12477709E+00 1.12478076E+00 1.12478227E+00 1.12478108E+00 1.12477635E+00 1.12476740E+00 1.12475297E+00 1.12473216E+00 1.12470327E+00 1.12466506E+00 1.12461527E+00 1.12455227E+00 1.12447305E+00 1.12437548E+00 1.12425578E+00 1.12411122E+00 1.12393681E+00 1.12372926E+00 1.12348225E+00 1.12319141E+00 1.12284900E+00 1.12244981E+00 1.12198434E+00 1.12144625E+00 1.12082384E+00 1.12010969E+00 1.11928995E+00 1.11835612E+00 1.11729129E+00 1.11608439E+00 1.11471788E+00 1.11318023E+00 1.11144836E+00 1.10950885E+00 1.10733875E+00 1.10492319E+00 1.10225894E+00 1.09931109E+00 1.09636968E+00 1.09316249E+00 1.09008431E+00 1.08676939E+00 1.08362946E+00 1.08028941E+00 1.07716185E+00 1.07386359E+00 1.07079310E+00 1.06758269E+00 1.06462698E+00 1.06155687E+00 1.05874353E+00 1.05583809E+00 1.05319152E+00 1.05047236E+00 1.04800625E+00 1.04548423E+00 1.04320685E+00 1.04088413E+00 1.03879296E+00 1.03666863E+00 1.03461512E+00 1.03253282E+00 1.03041960E+00 1.02827928E+00 1.02611918E+00 1.02393478E+00 1.02172240E+00 1.01949459E+00 1.01727140E+00 1.01502938E+00 1.01273725E+00 1.01045828E+00 1.00834566E+00 1.00627188E+00 1.00355216E+00 1.00000000E+00
1.12782396E+00 1.12782404E+00 1.12782480E+00 1.12782631E+00 1.12782744E+00 1.12782754E+00 1.12782687E+00 1.12782591E+00 1.12782496E+00 1.12782422E+00 1.12782358E+00 1.12782303E+00 1.12782256E+00 1.12782220E+00 1.12782198E+00 1.12782190E+00 1.12782198E+00 1.12782220E+00 1.12782258E+00 1.12782312E+00 1.12782383E+00 1.12782472E+00 1.12782580E+00 1.12782709E+00 1.12782859E+00 1.12783034E+00 1.12783233E+00 1.12783460E+00 1.12783717E+00 1.12784005E+00 1.12784328E+00 1.12784688E+00 1.12785087E+00 1.12785527E+00 1.12786010E+00 1.12786539E+00 1.12787115E+00 1.12787738E+00 1.12788408E+00 1.12789126E+00 1.12789888E+00 1.12790691E+00 1.12791530E+00 1.12792396E+00 1.12793282E+00 1.12794171E+00 1.12795047E+00 1.12795886E+00 1.12796665E+00 1.12797343E+00 1.12797891E+00 1.12798246E+00 1.12798359E+00 1.12798146E+00 1.12797544E+00 1.12796431E+00 1.12794719E+00 1.12792243E+00 1.12788880E+00 1.12784409E+00 1.12778671E+00 1.12771366E+00 1.12762284E+00 1.12751054E+00 1.12737406E+00 1.12720842E+00 1.12701035E+00 1.12677353E+00 1.12649355E+00 1.12616263E+00 1.12577555E+00 1.12532280E+00 1.12479794E+00 1.12418906E+00 1.12348873E+00 1.12268286E+00 1.12176280E+00 1.12071118E+00 1.11951661E+00 1.11816124E+00 1.11663332E+00 1.11490881E+00 1.11297392E+00 1.11080515E+00 1.10838708E+00 1.10571524E+00 1.10275400E+00 1.09979399E+00 1.09656168E+00 1.09345432E+00 1.09010345E+00 1.08692551E+00 1.08354150E+00 1.08036964E+00 1.07701934E+00 1.07389433E+00 1.07062457E+00 1.06761306E+00 1.06448137E+00 1.06160726E+00 1.05863621E+00 1.05592783E+00 1.05314219E+00 1.05061247E+00 1.04802243E+00 1.04568036E+00 1.04328896E+00 1.04113422E+00 1.03894246E+00 1.03682031E+00 1.03466464E+00 1.03247239E+00 1.03024831E+00 1.02799976E+00 1.02571952E+00 1.02340182E+00 1.02106004E+00 1.01871281E+00 1.01633268E+00 1.01388523E+00 1.01143123E+00 1.00911288E+00 1.00680444E+00 1.00382823E+00 1.00000000E+00
1.13212922E+00 1.13213495E+00 1.13213936E+00 1.13214212E+00 1.13214320E+00 1.13214312E+00 1.13214242E+00 1.13214170E+00 1.13214097E+00 1.13214030E+00 1.13213966E+00 1.13213906E+00 1.13213857E+00 1.13213821E+00 1.13213798E+00 1.13213790E+00 1.13213796E+00 1.13213818E+00 1.13213856E+00 1.13213910E+00 1.13213982E+00 1.13214072E+00 1.13214182E+00 1.13214313E+00 1.13214467E+00 1.13214646E+00 1.13214851E+00 1.13215085E+00 1.13215351E+00 1.13215650E+00 1.13215986E+00 1.13216361E+00 1.13216779E+00 1.13217241E+00 1.13217750E+00 1.13218310E+00 1.13218922E+00 1.13219587E+00 1.13220306E+00 1.13221080E+00 1.13221907E+00 1.13222784E+00 1.13223709E+00 1.13224674E+00 1.13225672E+00 1.13226689E+00 1.13227711E+00 1.13228714E+00 1.13229680E+00 1.13230568E+00 1.13231353E+00 1.13231975E+00 1.13232384E+00 1.13232504E+00 1.13232272E+00 1.13231571E+00 1.13230315E+00 1.13228344E+00 1.13225535E+00 1.13221671E+00 1.13216596E+00 1.13210012E+00 1.13201709E+00 1.13191322E+00 1.13178581E+00 1.13162987E+00 1.13144212E+00 1.13121619E+00 1.13094759E+00 1.13062844E+00 1.13025349E+00 1.12981309E+00 1.12930068E+00 1.12870403E+00 1.12801561E+00 1.12722092E+00 1.12631103E+00 1.12526792E+00 1.12407993E+00 1.12272874E+00 1.12120198E+00 1.11947439E+00 1.11753179E+00 1.11534985E+00 1.11291210E+00 1.11021258E+00 1.10721478E+00 1.10421244E+00 1.10092784E+00 1.09776403E+00 1.09434730E+00 1.09110264E+00 1.08764295E+00 1.08439583E+00 1.08096023E+00 1.07774971E+00 1.07438757E+00 1.07128876E+00 1.06806207E+00 1.06509596E+00 1.06202622E+00 1.05922513E+00 1.05634050E+00 1.05371704E+00 1.05102751E+00 1.04859181E+00 1.04610153E+00 1.04385514E+00 1.04156687E+00 1.03934746E+00 1.03708925E+00 1.03478840E+00 1.03244964E+00 1.03008030E+00 1.02767200E+00 1.02521735E+00 1.02272929E+00 1.02022548E+00 1.01767811E+00 1.01505070E+00 1.01239962E+00 1.00986145E+00 1.00731645E+00 1.00409148E+00 1.00000000E+00
1.13692182E+00 1.13693053E+00 1.13693573E+00 1.13693840E+00 1.13693940E+00 1.13693975E+00 1.13693968E+00 1.13693944E+00 1.13693901E+00 1.13693850E+00 1.13693796E+00 1.13693749E+00 1.13693710E+00 1.13693683E+00 1.13693667E+00 1.13693665E+00 1.13693676E+00 1.13693702E+00 1.13693743E+00 1.13693801E+00 1.13693877E+00 1.13693971E+00 1.13694086E+00 1.13694222E+00 1.13694383E+00 1.13694569E+00 1.13694783E+00 1.13695028E+00 1.13695307E+00 1.13695622E+00 1.13695976E+00 1.13696373E+00 1.13696817E+00 1.13697309E+00 1.13697854E+00 1.13698456E+00 1.13699116E+00 1.13699837E+00 1.13700621E+00 1.13701469E+00 1.13702382E+00 1.13703357E+00 1.13704394E+00 1.13705488E+00 1.13706632E+00 1.13707813E+00 1.13709021E+00 1.13710236E+00 1.13711438E+00 1.13712593E+00 1.13713675E+00 1.13714630E+00 1.13715409E+00 1.13715939E+00 1.13716163E+00 1.13715965E+00 1.13715263E+00 1.13713900E+00 1.13711755E+00 1.13708612E+00 1.13704320E+00 1.13698577E+00 1.13691178E+00 1.13681760E+00 1.13670051E+00 1.13655547E+00 1.13637918E+00 1.13616515E+00 1.13590881E+00 1.13560212E+00 1.13523971E+00 1.13481173E+00 1.13431150E+00 1.13372635E+00 1.13304855E+00 1.13226305E+00 1.13136050E+00 1.13032216E+00 1.12913609E+00 1.12778336E+00 1.12625067E+00 1.12451128E+00 1.12255071E+00 1.12034356E+00 1.11787203E+00 1.11512866E+00 1.11207596E+00 1.10901280E+00 1.10565529E+00 1.10241497E+00 1.09891085E+00 1.09557916E+00 1.09202180E+00 1.08867841E+00 1.08513580E+00 1.08182028E+00 1.07834511E+00 1.07513948E+00 1.07179767E+00 1.06872139E+00 1.06553409E+00 1.06262291E+00 1.05962155E+00 1.05688852E+00 1.05408343E+00 1.05153987E+00 1.04893625E+00 1.04658512E+00 1.04418736E+00 1.04185857E+00 1.03948620E+00 1.03706566E+00 1.03460136E+00 1.03210056E+00 1.02955473E+00 1.02695529E+00 1.02431428E+00 1.02164876E+00 1.01893204E+00 1.01612635E+00 1.01328366E+00 1.01053744E+00 1.00777462E+00 1.00432557E+00 1.00000000E+00
1.12798562E+00 1.12798423E+00 1.12798694E+00 1.12799061E+00 1.12799299E+00 1.12799318E+00 1.12799230E+00 1.12799144E+00 1.12799078E+00 1.12799033E+00 1.12798992E+00 1.12798950E+00 1.12798914E+00 1.12798889E+00 1.12798879E+00 1.12798883E+00 1.12798901E+00 1.12798933E+00 1.12798981E+00 1.12799045E+00 1.12799127E+00 1.12799226E+00 1.12799345E+00 1.12799484E+00 1.12799645E+00 1.12799830E+00 1.12800039E+00 1.12800276E+00 1.12800542E+00 1.12800838E+00 1.12801167E+00 1.12801531E+00 1.12801931E+00 1.12802369E+00 1.12802845E+00 1.12803362E+00 1.12803917E+00 1.12804511E+00 1.12805143E+00 1.12805808E+00 1.12806503E+00 1.12807220E+00 1.12807953E+00 1.12808687E+00 1.12809412E+00 1.12810105E+00 1.12810747E+00 1.12811306E+00 1.12811754E+00 1.12812040E+00 1.12812129E+00 1.12811945E+00 1.12811433E+00 1.12810499E+00 1.12809065E+00 1.12806992E+00 1.12804182E+00 1.12800451E+00 1.12795663E+00 1.12789576E+00 1.12782018E+00 1.12772668E+00 1.12761302E+00 1.12747518E+00 1.12731026E+00 1.12711307E+00 1.12688009E+00 1.12660482E+00 1.12628280E+00 1.12590616E+00 1.12546944E+00 1.12496293E+00 1.12438007E+00 1.12370935E+00 1.12294310E+00 1.12206731E+00 1.12107326E+00 1.11994437E+00 1.11867006E+00 1.11723292E+00 1.11562072E+00 1.11381138E+00 1.11179211E+00 1.10954018E+00 1.10704016E+00 1.10429073E+00 1.10125638E+00 1.09823833E+00 1.09495377E+00 1.09180740E+00 1.08842519E+00 1.08522793E+00 1.08182974E+00 1.07864827E+00 1.07529574E+00 1.07218266E+00 1.06893018E+00 1.06593329E+00 1.06282012E+00 1.05996805E+00 1.05702174E+00 1.05433721E+00 1.05157747E+00 1.04907337E+00 1.04650973E+00 1.04419273E+00 1.04182775E+00 1.03969579E+00 1.03752711E+00 1.03542693E+00 1.03329433E+00 1.03112869E+00 1.02893005E+00 1.02670130E+00 1.02444342E+00 1.02215531E+00 1.01983904E+00 1.01750585E+00 1.01515737E+00 1.01277434E+00 1.01037704E+00 1.00810773E+00 1.00594974E+00 1.00332897E+00 1.00000000E+00
1.12625344E+00 1.12625148E+00 1.12625320E+00 1.12625656E+00 1.12625916E+00 1.12625978E+00 1.12625927E+00 1.12625857E+00 1.12625800E+00 1.12625766E+00 1.12625738E+00 1.12625709E+00 1.12625683E+00 1.12625668E+00 1.12625665E+00 1.12625675E+00 1.12625698E+00 1.12625734E+00 1.12625785E+00 1.12625852E+00 1.12625934E+00 1.12626034E+00 1.12626152E+00 1.12626290E+00 1.12626449E+00 1.12626631E+00 1.12626837E+00 1.12627070E+00 1.12627331E+00 1.12627623E+00 1.12627947E+00 1.12628306E+00 1.12628701E+00 1.12629134E+00 1.12629605E+00 1.12630117E+00 1.12630669E+00 1.12631260E+00 1.12631890E+00 1.12632555E+00 1.12633253E+00 1.12633976E+00 1.12634717E+00 1.12635466E+00 1.12636209E+00 1.12636927E+00 1.12637601E+00 1.12638200E+00 1.12638699E+00 1.12639048E+00 1.12639213E+00 1.12639121E+00 1.12638720E+00 1.12637917E+00 1.12636636E+00 1.12634745E+00 1.12632146E+00 1.12628661E+00 1.12624157E+00 1.12618397E+00 1.12611212E+00 1.12602288E+00 1.12591404E+00 1.12578167E+00 1.12562290E+00 1.12543262E+00 1.12520739E+00 1.12494078E+00 1.12462835E+00 1.12426228E+00 1.12383722E+00 1.12334351E+00 1.12277469E+00 1.12211920E+00 1.12136948E+00 1.12051158E+00 1.11953690E+00 1.11842880E+00 1.11717662E+00 1.11576285E+00 1.11417557E+00 1.11239255E+00 1.11040081E+00 1.10817764E+00 1.10570792E+00 1.10298965E+00 1.09998779E+00 1.09699964E+00 1.09374619E+00 1.09062822E+00 1.08727534E+00 1.08410447E+00 1.08073387E+00 1.07757818E+00 1.07425298E+00 1.07116418E+00 1.06793668E+00 1.06496371E+00 1.06187629E+00 1.05904852E+00 1.05612827E+00 1.05346825E+00 1.05073502E+00 1.04825619E+00 1.04572018E+00 1.04342973E+00 1.04109320E+00 1.03898835E+00 1.03684902E+00 1.03477933E+00 1.03267981E+00 1.03054972E+00 1.02838994E+00 1.02620470E+00 1.02399421E+00 1.02175751E+00 1.01949948E+00 1.01723440E+00 1.01495621E+00 1.01264293E+00 1.01032789E+00 1.00815312E+00 1.00606314E+00 1.00342422E+00 1.00000000E+00
1.12713626E+00 1.12713473E+00 1.12713626E+00 1.12713939E+00 1.12714190E+00 1.12714260E+00 1.12714219E+00 1.12714152E+00 1.12714093E+00 1.12714056E+00 1.12714025E+00 1.12713994E+00 1.12713966E+00 1.12713948E+00 1.12713943E+00 1.12713950E+00 1.12713971E+00 1.12714005E+00 1.12714054E+00 1.12714119E+00 1.12714200E+00 1.12714298E+00 1.12714415E+00 1.12714552E+00 1.12714710E+00 1.12714891E+00 1.12715097E+00 1.12715331E+00 1.12715592E+00 1.12715885E+00 1.12716211E+00 1.12716572E+00 1.12716970E+00 1.12717406E+00 1.12717883E+00 1.12718401E+00 1.12718961E+00 1.12719563E+00 1.12720205E+00 1.12720885E+00 1.12721601E+00 1.12722345E+00 1.12723113E+00 1.12723892E+00 1.12724671E+00 1.12725431E+00 1.12726155E+00 1.12726812E+00 1.12727378E+00 1.12727805E+00 1.12728058E+00 1.12728070E+00 1.12727786E+00 1.12727117E+00 1.12725989E+00 1.12724271E+00 1.12721869E+00 1.12718605E+00 1.12714351E+00 1.12708870E+00 1.12701997E+00 1.12693419E+00 1.12682918E+00 1.12670105E+00 1.12654695E+00 1.12636181E+00 1.12614220E+00 1.12588170E+00 1.12557587E+00 1.12521691E+00 1.12479946E+00 1.12431389E+00 1.12375369E+00 1.12310726E+00 1.12236701E+00 1.12151897E+00 1.12055447E+00 1.11945670E+00 1.11821480E+00 1.11681117E+00 1.11523389E+00 1.11346034E+00 1.11147736E+00 1.10926204E+00 1.10679916E+00 1.10408620E+00 1.10108789E+00 1.09810070E+00 1.09484642E+00 1.09172577E+00 1.08836811E+00 1.08519104E+00 1.08181268E+00 1.07864887E+00 1.07531356E+00 1.07221308E+00 1.06897264E+00 1.06598783E+00 1.06288732E+00 1.06004650E+00 1.05711213E+00 1.05443885E+00 1.05169148E+00 1.04919913E+00 1.04664876E+00 1.04434456E+00 1.04199333E+00 1.03987512E+00 1.03772157E+00 1.03563739E+00 1.03352193E+00 1.03137394E+00 1.02919520E+00 1.02699025E+00 1.02475689E+00 1.02249311E+00 1.02020505E+00 1.01790624E+00 1.01558412E+00 1.01321371E+00 1.01083056E+00 1.00856672E+00 1.00636006E+00 1.00358064E+00 1.00000000E+00
1.12952700E+00 1.12952963E+00 1.12953385E+00 1.12953749E+00 1.12953952E+00 1.12953982E+00 1.12953931E+00 1.12953880E+00 1.12953837E+00 1.12953804E+00 1.12953770E+00 1.12953735E+00 1.12953706E+00 1.12953687E+00 1.12953681E+00 1.12953688E+00 1.12953708E+00 1.12953742E+00 1.12953791E+00 1.12953855E+00 1.12953936E+00 1.12954035E+00 1.12954152E+00 1.12954291E+00 1.12954451E+00 1.12954634E+00 1.12954844E+00 1.12955081E+00 1.12955347E+00 1.12955646E+00 1.12955979E+00 1.12956348E+00 1.12956756E+00 1.12957204E+00 1.12957695E+00 1.12958229E+00 1.12958808E+00 1.12959432E+00 1.12960100E+00 1.12960810E+00 1.12961560E+00 1.12962343E+00 1.12963155E+00 1.12963986E+00 1.12964824E+00 1.12965651E+00 1.12966451E+00 1.12967194E+00 1.12967856E+00 1.12968393E+00 1.12968770E+00 1.12968920E+00 1.12968791E+00 1.12968294E+00 1.12967359E+00 1.12965855E+00 1.12963690E+00 1.12960689E+00 1.12956722E+00 1.12951557E+00 1.12945028E+00 1.12936824E+00 1.12926727E+00 1.12914350E+00 1.12899411E+00 1.12881399E+00 1.12859971E+00 1.12834484E+00 1.12804489E+00 1.12769201E+00 1.12728082E+00 1.12680160E+00 1.12624780E+00 1.12560761E+00 1.12487344E+00 1.12403107E+00 1.12307174E+00 1.12197829E+00 1.12073963E+00 1.11933790E+00 1.11776101E+00 1.11598573E+00 1.11399862E+00 1.11177633E+00 1.10930324E+00 1.10657611E+00 1.10355912E+00 1.10055019E+00 1.09726942E+00 1.09412047E+00 1.09072969E+00 1.08751890E+00 1.08410245E+00 1.08090096E+00 1.07752295E+00 1.07437948E+00 1.07109265E+00 1.06806407E+00 1.06491582E+00 1.06202868E+00 1.05904457E+00 1.05632452E+00 1.05352710E+00 1.05098719E+00 1.04838615E+00 1.04603404E+00 1.04363202E+00 1.04146668E+00 1.03926319E+00 1.03712838E+00 1.03495904E+00 1.03275338E+00 1.03051354E+00 1.02824392E+00 1.02594083E+00 1.02360119E+00 1.02123139E+00 1.01884410E+00 1.01642441E+00 1.01394575E+00 1.01144260E+00 1.00904191E+00 1.00668478E+00 1.00374695E+00 1.00000000E+00
1.13270660E+00 1.13271600E+00 1.13272388E+00 1.13272880E+00 1.13273111E+00 1.13273187E+00 1.13273191E+00 1.13273192E+00 1.13273181E+00 1.13273159E+00 1.13273128E+00 1.13273095E+00 1.13273068E+00 1.13273051E+00 1.13273045E+00 1.13273052E+00 1.13273071E+00 1.13273104E+00 1.13273153E+00 1.13273217E+00 1.13273299E+00 1.13273399E+00 1.13273519E+00 1.13273659E+00 1.13273823E+00 1.13274011E+00 1.13274226E+00 1.13274470E+00 1.13274745E+00 1.13275053E+00 1.13275398E+00 1.13275781E+00 1.13276205E+00 1.13276673E+00 1.13277185E+00 1.13277745E+00 1.13278354E+00 1.13279012E+00 1.13279718E+00 1.13280474E+00 1.13281274E+00 1.13282116E+00 1.13282995E+00 1.13283900E+00 1.13284823E+00 1.13285746E+00 1.13286653E+00 1.13287517E+00 1.13288314E+00 1.13289002E+00 1.13289547E+00 1.13289884E+00 1.13289960E+00 1.13289692E+00 1.13289008E+00 1.13287780E+00 1.13285917E+00 1.13283246E+00 1.13279635E+00 1.13274856E+00 1.13268742E+00 1.13260981E+00 1.13251356E+00 1.13239480E+00 1.13225069E+00 1.13207607E+00 1.13186751E+00 1.13161847E+00 1.13132443E+00 1.13097741E+00 1.13057197E+00 1.13009825E+00 1.12954957E+00 1.12891387E+00 1.12818346E+00 1.12734376E+00 1.12638580E+00 1.12529198E+00 1.12405092E+00 1.12264438E+00 1.12105988E+00 1.11927337E+00 1.11727107E+00 1.11502899E+00 1.11253081E+00 1.10977247E+00 1.10671740E+00 1.10366701E+00 1.10033756E+00 1.09713835E+00 1.09369045E+00 1.09042297E+00 1.08694329E+00 1.08367991E+00 1.08023333E+00 1.07702275E+00 1.07366385E+00 1.07056718E+00 1.06734553E+00 1.06438824E+00 1.06132934E+00 1.05853930E+00 1.05566761E+00 1.05305790E+00 1.05038318E+00 1.04796222E+00 1.04548785E+00 1.04325563E+00 1.04098207E+00 1.03877712E+00 1.03653430E+00 1.03425140E+00 1.03193054E+00 1.02957600E+00 1.02718354E+00 1.02474930E+00 1.02227945E+00 1.01978609E+00 1.01725423E+00 1.01465651E+00 1.01202544E+00 1.00948548E+00 1.00698313E+00 1.00389852E+00 1.00000000E+00
1.13625379E+00 1.13626481E+00 1.13627134E+00 1.13627497E+00 1.13627687E+00 1.13627815E+00 1.13627887E+00 1.13627921E+00 1.13627920E+00 1.13627902E+00 1.13627877E+00 1.13627855E+00 1.13627838E+00 1.13627830E+00 1.13627830E+00 1.13627842E+00 1.13627867E+00 1.13627906E+00 1.13627960E+00 1.13628029E+00 1.13628116E+00 1.13628221E+00 1.13628347E+00 1.13628494E+00 1.13628665E+00 1.13628861E+00 1.13629086E+00 1.13629341E+00 1.13629628E+00 1.13629952E+00 1.13630313E+00 1.13630717E+00 1.13631164E+00 1.13631659E+00 1.13632202E+00 1.13632798E+00 1.13633448E+00 1.13634153E+00 1.13634914E+00 1.13635730E+00 1.13636601E+00 1.13637522E+00 1.13638490E+00 1.13639496E+00 1.13640533E+00 1.13641583E+00 1.13642632E+00 1.13643655E+00 1.13644630E+00 1.13645514E+00 1.13646277E+00 1.13646854E+00 1.13647195E+00 1.13647216E+00 1.13646849E+00 1.13645967E+00 1.13644479E+00 1.13642212E+00 1.13639037E+00 1.13634722E+00 1.13629103E+00 1.13621863E+00 1.13612786E+00 1.13601482E+00 1.13587664E+00 1.13570808E+00 1.13550566E+00 1.13526273E+00 1.13497466E+00 1.13463332E+00 1.13423314E+00 1.13376407E+00 1.13321925E+00 1.13258630E+00 1.13185733E+00 1.13101731E+00 1.13005700E+00 1.12895823E+00 1.12770934E+00 1.12629157E+00 1.12469187E+00 1.12288524E+00 1.12085758E+00 1.11858406E+00 1.11604756E+00 1.11324323E+00 1.11013364E+00 1.10702548E+00 1.10362950E+00 1.10036294E+00 1.09683974E+00 1.09349855E+00 1.08993757E+00 1.08659539E+00 1.08306288E+00 1.07976959E+00 1.07632236E+00 1.07314258E+00 1.06983230E+00 1.06679130E+00 1.06364384E+00 1.06077143E+00 1.05781311E+00 1.05512279E+00 1.05236373E+00 1.04986473E+00 1.04730898E+00 1.04500201E+00 1.04265083E+00 1.04036897E+00 1.03804645E+00 1.03568073E+00 1.03327375E+00 1.03082975E+00 1.02834447E+00 1.02581355E+00 1.02324270E+00 1.02064376E+00 1.01800245E+00 1.01529115E+00 1.01254030E+00 1.00987309E+00 1.00724144E+00 1.00402898E+00 1.00000000E+00
1.12935244E+00 1.12935254E+00 1.12935649E+00 1.12936112E+00 1.12936423E+00 1.12936501E+00 1.12936464E+00 1.12936423E+00 1.12936395E+00 1.12936383E+00 1.12936368E+00 1.12936348E+00 1.12936331E+00 1.12936323E+00 1.12936326E+00 1.12936343E+00 1.12936371E+00 1.12936413E+00 1.12936469E+00 1.12936541E+00 1.12936629E+00 1.12936735E+00 1.12936859E+00 1.12937004E+00 1.12937170E+00 1.12937360E+00 1.12937575E+00 1.12937817E+00 1.12938088E+00 1.12938389E+00 1.12938723E+00 1.12939092E+00 1.12939497E+00 1.12939940E+00 1.12940421E+00 1.12940942E+00 1.12941502E+00 1.12942101E+00 1.12942736E+00 1.12943404E+00 1.12944101E+00 1.12944820E+00 1.12945553E+00 1.12946286E+00 1.12947008E+00 1.12947695E+00 1.12948329E+00 1.12948876E+00 1.12949309E+00 1.12949576E+00 1.12949639E+00 1.12949424E+00 1.12948874E+00 1.12947894E+00 1.12946404E+00 1.12944266E+00 1.12941378E+00 1.12937554E+00 1.12932660E+00 1.12926450E+00 1.12918749E+00 1.12909235E+00 1.12897683E+00 1.12883687E+00 1.12866954E+00 1.12846963E+00 1.12823360E+00 1.12795492E+00 1.12762910E+00 1.12724824E+00 1.12680685E+00 1.12629520E+00 1.12570667E+00 1.12502978E+00 1.12425676E+00 1.12337363E+00 1.12237160E+00 1.12123410E+00 1.11995063E+00 1.11850365E+00 1.11688080E+00 1.11506021E+00 1.11302908E+00 1.11076455E+00 1.10825119E+00 1.10548783E+00 1.10243865E+00 1.09940677E+00 1.09610738E+00 1.09294727E+00 1.08955080E+00 1.08634048E+00 1.08292841E+00 1.07973373E+00 1.07636699E+00 1.07324137E+00 1.06997555E+00 1.06696554E+00 1.06383839E+00 1.06097315E+00 1.05801256E+00 1.05531458E+00 1.05254016E+00 1.05002210E+00 1.04744318E+00 1.04511139E+00 1.04273059E+00 1.04058364E+00 1.03839867E+00 1.03628144E+00 1.03413001E+00 1.03194384E+00 1.02972298E+00 1.02746932E+00 1.02518334E+00 1.02286439E+00 1.02051342E+00 1.01813776E+00 1.01573825E+00 1.01330169E+00 1.01083642E+00 1.00845085E+00 1.00618098E+00 1.00346960E+00 1.00000000E+00
1.12879117E+00 1.12879192E+00 1.12879610E+00 1.12880045E+00 1.12880318E+00 1.12880378E+00 1.12880339E+00 1.12880305E+00 1.12880284E+00 1.12880275E+00 1.12880262E+00 1.12880245E+00 1.12880231E+00 1.12880228E+00 1.12880235E+00 1.12880254E+00 1.12880285E+00 1.12880329E+00 1.12880387E+00 1.12880460E+00 1.12880549E+00 1.12880655E+00 1.12880780E+00 1.12880925E+00 1.12881091E+00 1.12881280E+00 1.12881494E+00 1.12881735E+00 1.12882004E+00 1.12882304E+00 1.12882637E+00 1.12883005E+00 1.12883408E+00 1.12883849E+00 1.12884329E+00 1.12884849E+00 1.12885408E+00 1.12886006E+00 1.12886641E+00 1.12887309E+00 1.12888008E+00 1.12888729E+00 1.12889466E+00 1.12890204E+00 1.12890933E+00 1.12891630E+00 1.12892275E+00 1.12892837E+00 1.12893288E+00 1.12893578E+00 1.12893668E+00 1.12893485E+00 1.12892974E+00 1.12892040E+00 1.12890603E+00 1.12888528E+00 1.12885713E+00 1.12881974E+00 1.12877178E+00 1.12871080E+00 1.12863507E+00 1.12854139E+00 1.12842751E+00 1.12828941E+00 1.12812417E+00 1.12792661E+00 1.12769319E+00 1.12741742E+00 1.12709483E+00 1.12671752E+00 1.12628004E+00 1.12577267E+00 1.12518883E+00 1.12451700E+00 1.12374948E+00 1.12287227E+00 1.12187664E+00 1.12074600E+00 1.11946980E+00 1.11803048E+00 1.11641577E+00 1.11460375E+00 1.11258157E+00 1.11032636E+00 1.10782280E+00 1.10506948E+00 1.10203074E+00 1.09900845E+00 1.09571903E+00 1.09256801E+00 1.08918094E+00 1.08597913E+00 1.08257596E+00 1.07938957E+00 1.07603165E+00 1.07291398E+00 1.06965640E+00 1.06665430E+00 1.06353573E+00 1.06067865E+00 1.05772685E+00 1.05503721E+00 1.05227187E+00 1.04976252E+00 1.04719316E+00 1.04487060E+00 1.04249972E+00 1.04036229E+00 1.03818764E+00 1.03608113E+00 1.03394134E+00 1.03176775E+00 1.02956064E+00 1.02732231E+00 1.02505300E+00 1.02275217E+00 1.02042152E+00 1.01806916E+00 1.01569342E+00 1.01328026E+00 1.01084112E+00 1.00848266E+00 1.00623031E+00 1.00350821E+00 1.00000000E+00
1.12918549E+00 1.12918639E+00 1.12919061E+00 1.12919504E+00 1.12919788E+00 1.12919857E+00 1.12919824E+00 1.12919792E+00 1.12919771E+00 1.12919763E+00 1.12919751E+00 1.12919734E+00 1.12919720E+00 1.12919715E+00 1.12919721E+00 1.12919740E+00 1.12919770E+00 1.12919813E+00 1.12919871E+00 1.12919943E+00 1.12920032E+00 1.12920138E+00 1.12920262E+00 1.12920407E+00 1.12920573E+00 1.12920762E+00 1.12920976E+00 1.12921218E+00 1.12921487E+00 1.12921788E+00 1.12922122E+00 1.12922491E+00 1.12922896E+00 1.12923339E+00 1.12923822E+00 1.12924344E+00 1.12924907E+00 1.12925509E+00 1.12926150E+00 1.12926825E+00 1.12927531E+00 1.12928261E+00 1.12929008E+00 1.12929758E+00 1.12930501E+00 1.12931214E+00 1.12931878E+00 1.12932462E+00 1.12932938E+00 1.12933256E+00 1.12933378E+00 1.12933233E+00 1.12932764E+00 1.12931877E+00 1.12930495E+00 1.12928480E+00 1.12925733E+00 1.12922071E+00 1.12917359E+00 1.12911357E+00 1.12903888E+00 1.12894636E+00 1.12883375E+00 1.12869704E+00 1.12853332E+00 1.12833742E+00 1.12810580E+00 1.12783197E+00 1.12751145E+00 1.12713634E+00 1.12670120E+00 1.12619629E+00 1.12561501E+00 1.12494584E+00 1.12418104E+00 1.12330661E+00 1.12231377E+00 1.12118587E+00 1.11991230E+00 1.11847545E+00 1.11686304E+00 1.11505301E+00 1.11303246E+00 1.11077842E+00 1.10827554E+00 1.10552222E+00 1.10248275E+00 1.09945891E+00 1.09616721E+00 1.09301342E+00 1.08962279E+00 1.08641711E+00 1.08300945E+00 1.07981858E+00 1.07645548E+00 1.07333235E+00 1.07006888E+00 1.06706136E+00 1.06393690E+00 1.06107410E+00 1.05811619E+00 1.05542082E+00 1.05264942E+00 1.05013431E+00 1.04755883E+00 1.04523046E+00 1.04285336E+00 1.04071020E+00 1.03852942E+00 1.03641663E+00 1.03426996E+00 1.03208870E+00 1.02987336E+00 1.02762624E+00 1.02534680E+00 1.02303416E+00 1.02069025E+00 1.01832288E+00 1.01592822E+00 1.01349131E+00 1.01102421E+00 1.00863060E+00 1.00633484E+00 1.00356282E+00 1.00000000E+00
1.13013617E+00 1.13013915E+00 1.13014464E+00 1.13014950E+00 1.13015238E+00 1.13015314E+00 1.13015294E+00 1.13015277E+00 1.13015269E+00 1.13015266E+00 1.13015255E+00 1.13015240E+00 1.13015226E+00 1.13015223E+00 1.13015230E+00 1.13015248E+00 1.13015279E+00 1.13015322E+00 1.13015379E+00 1.13015452E+00 1.13015541E+00 1.13015647E+00 1.13015772E+00 1.13015918E+00 1.13016084E+00 1.13016275E+00 1.13016491E+00 1.13016734E+00 1.13017006E+00 1.13017310E+00 1.13017647E+00 1.13018019E+00 1.13018429E+00 1.13018877E+00 1.13019366E+00 1.13019896E+00 1.13020467E+00 1.13021078E+00 1.13021729E+00 1.13022417E+00 1.13023137E+00 1.13023883E+00 1.13024648E+00 1.13025420E+00 1.13026186E+00 1.13026925E+00 1.13027619E+00 1.13028236E+00 1.13028749E+00 1.13029109E+00 1.13029279E+00 1.13029185E+00 1.13028774E+00 1.13027950E+00 1.13026638E+00 1.13024700E+00 1.13022038E+00 1.13018469E+00 1.13013858E+00 1.13007963E+00 1.13000612E+00 1.12991485E+00 1.12980358E+00 1.12966830E+00 1.12950609E+00 1.12931176E+00 1.12908178E+00 1.12880964E+00 1.12849084E+00 1.12811745E+00 1.12768400E+00 1.12718073E+00 1.12660100E+00 1.12593322E+00 1.12516963E+00 1.12429612E+00 1.12330387E+00 1.12217610E+00 1.12090212E+00 1.11946418E+00 1.11784997E+00 1.11603718E+00 1.11401281E+00 1.11175372E+00 1.10924440E+00 1.10648302E+00 1.10343365E+00 1.10039893E+00 1.09709449E+00 1.09392756E+00 1.09052192E+00 1.08730126E+00 1.08387690E+00 1.08066969E+00 1.07728842E+00 1.07414737E+00 1.07086465E+00 1.06783893E+00 1.06469477E+00 1.06181304E+00 1.05883488E+00 1.05612049E+00 1.05332880E+00 1.05079450E+00 1.04819864E+00 1.04585108E+00 1.04345369E+00 1.04129169E+00 1.03909099E+00 1.03695811E+00 1.03479014E+00 1.03258621E+00 1.03034691E+00 1.02807449E+00 1.02576792E+00 1.02342604E+00 1.02105082E+00 1.01864982E+00 1.01621850E+00 1.01374157E+00 1.01123093E+00 1.00878876E+00 1.00644135E+00 1.00361696E+00 1.00000000E+00
1.13138081E+00 1.13138852E+00 1.13139671E+00 1.13140249E+00 1.13140559E+00 1.13140672E+00 1.13140699E+00 1.13140728E+00 1.13140751E+00 1.13140763E+00 1.13140760E+00 1.13140751E+00 1.13140744E+00 1.13140745E+00 1.13140755E+00 1.13140776E+00 1.13140808E+00 1.13140853E+00 1.13140911E+00 1.13140985E+00 1.13141075E+00 1.13141183E+00 1.13141310E+00 1.13141457E+00 1.13141626E+00 1.13141819E+00 1.13142037E+00 1.13142284E+00 1.13142560E+00 1.13142868E+00 1.13143211E+00 1.13143590E+00 1.13144007E+00 1.13144464E+00 1.13144963E+00 1.13145504E+00 1.13146088E+00 1.13146714E+00 1.13147382E+00 1.13148089E+00 1.13148831E+00 1.13149602E+00 1.13150395E+00 1.13151197E+00 1.13151998E+00 1.13152776E+00 1.13153514E+00 1.13154180E+00 1.13154746E+00 1.13155166E+00 1.13155401E+00 1.13155379E+00 1.13155047E+00 1.13154310E+00 1.13153091E+00 1.13151256E+00 1.13148704E+00 1.13145253E+00 1.13140768E+00 1.13135009E+00 1.13127800E+00 1.13118822E+00 1.13107850E+00 1.13094482E+00 1.13078426E+00 1.13059160E+00 1.13036328E+00 1.13009276E+00 1.12977551E+00 1.12940353E+00 1.12897133E+00 1.12846908E+00 1.12789008E+00 1.12722262E+00 1.12645890E+00 1.12558466E+00 1.12459100E+00 1.12346096E+00 1.12218372E+00 1.12074138E+00 1.11912147E+00 1.11730140E+00 1.11526801E+00 1.11299792E+00 1.11047535E+00 1.10769825E+00 1.10463035E+00 1.10157605E+00 1.09824920E+00 1.09505967E+00 1.09162873E+00 1.08838329E+00 1.08493162E+00 1.08169797E+00 1.07828782E+00 1.07511890E+00 1.07180640E+00 1.06875263E+00 1.06557846E+00 1.06266834E+00 1.05966007E+00 1.05691763E+00 1.05409635E+00 1.05153442E+00 1.04890957E+00 1.04653510E+00 1.04410957E+00 1.04192168E+00 1.03969399E+00 1.03753427E+00 1.03533835E+00 1.03310525E+00 1.03083555E+00 1.02853146E+00 1.02619181E+00 1.02381524E+00 1.02140368E+00 1.01896455E+00 1.01649329E+00 1.01397461E+00 1.01141990E+00 1.00893061E+00 1.00653543E+00 1.00366446E+00 1.00000000E+00
1.13275984E+00 1.13277318E+00 1.13278390E+00 1.13279050E+00 1.13279403E+00 1.13279602E+00 1.13279723E+00 1.13279825E+00 1.13279892E+00 1.13279929E+00 1.13279943E+00 1.13279949E+00 1.13279955E+00 1.13279965E+00 1.13279982E+00 1.13280008E+00 1.13280044E+00 1.13280092E+00 1.13280153E+00 1.13280230E+00 1.13280322E+00 1.13280433E+00 1.13280562E+00 1.13280712E+00 1.13280884E+00 1.13281081E+00 1.13281304E+00 1.13281556E+00 1.13281838E+00 1.13282154E+00 1.13282505E+00 1.13282893E+00 1.13283321E+00 1.13283791E+00 1.13284304E+00 1.13284861E+00 1.13285464E+00 1.13286112E+00 1.13286804E+00 1.13287538E+00 1.13288311E+00 1.13289115E+00 1.13289947E+00 1.13290792E+00 1.13291641E+00 1.13292473E+00 1.13293270E+00 1.13294001E+00 1.13294639E+00 1.13295138E+00 1.13295459E+00 1.13295532E+00 1.13295302E+00 1.13294675E+00 1.13293577E+00 1.13291869E+00 1.13289454E+00 1.13286148E+00 1.13281816E+00 1.13276216E+00 1.13269172E+00 1.13260364E+00 1.13249565E+00 1.13236371E+00 1.13220488E+00 1.13201388E+00 1.13178714E+00 1.13151805E+00 1.13120202E+00 1.13083100E+00 1.13039943E+00 1.12989737E+00 1.12931805E+00 1.12864961E+00 1.12788418E+00 1.12700730E+00 1.12600996E+00 1.12487499E+00 1.12359143E+00 1.12214118E+00 1.12051156E+00 1.11867965E+00 1.11663214E+00 1.11434533E+00 1.11180317E+00 1.10900342E+00 1.10590942E+00 1.10282817E+00 1.09947097E+00 1.09625138E+00 1.09278732E+00 1.08950990E+00 1.08602341E+00 1.08275645E+00 1.07931043E+00 1.07610746E+00 1.07275887E+00 1.06967137E+00 1.06646155E+00 1.06351811E+00 1.06047487E+00 1.05770014E+00 1.05484514E+00 1.05225211E+00 1.04959494E+00 1.04719080E+00 1.04473454E+00 1.04251859E+00 1.04026197E+00 1.03807379E+00 1.03584857E+00 1.03358526E+00 1.03128438E+00 1.02894816E+00 1.02657542E+00 1.02416471E+00 1.02171785E+00 1.01924221E+00 1.01673347E+00 1.01417641E+00 1.01158194E+00 1.00905103E+00 1.00661463E+00 1.00370427E+00 1.00000000E+00
1.12329329E+00 1.12328702E+00 1.12328573E+00 1.12328664E+00 1.12328713E+00 1.12328582E+00 1.12328363E+00 1.12328150E+00 1.12327971E+00 1.12327833E+00 1.12327717E+00 1.12327611E+00 1.12327521E+00 1.12327449E+00 1.12327397E+00 1.12327365E+00 1.12327351E+00 1.12327356E+00 1.12327379E+00 1.12327421E+00 1.12327481E+00 1.12327561E+00 1.12327661E+00 1.12327782E+00 1.12327926E+00 1.12328094E+00 1.12328287E+00 1.12328507E+00 1.12328755E+00 1.12329035E+00 1.12329346E+00 1.12329693E+00 1.12330075E+00 1.12330495E+00 1.12330953E+00 1.12331451E+00 1.12331990E+00 1.12332568E+00 1.12333184E+00 1.12333835E+00 1.12334519E+00 1.12335228E+00 1.12335957E+00 1.12336693E+00 1.12337425E+00 1.12338132E+00 1.12338799E+00 1.12339392E+00 1.12339888E+00 1.12340239E+00 1.12340409E+00 1.12340329E+00 1.12339945E+00 1.12339167E+00 1.12337921E+00 1.12336076E+00 1.12333535E+00 1.12330121E+00 1.12325706E+00 1.12320055E+00 1.12312999E+00 1.12304230E+00 1.12293528E+00 1.12280506E+00 1.12264879E+00 1.12246140E+00 1.12223949E+00 1.12197669E+00 1.12166860E+00 1.12130750E+00 1.12088804E+00 1.12040065E+00 1.11983894E+00 1.11919147E+00 1.11845074E+00 1.11760282E+00 1.11663916E+00 1.11554325E+00 1.11430449E+00 1.11290571E+00 1.11133496E+00 1.10956997E+00 1.10759790E+00 1.10539621E+00 1.10294962E+00 1.10025661E+00 1.09728248E+00 1.09432128E+00 1.09109698E+00 1.08800695E+00 1.08468364E+00 1.08153990E+00 1.07819800E+00 1.07507028E+00 1.07177486E+00 1.06871256E+00 1.06551299E+00 1.06256669E+00 1.05950706E+00 1.05670508E+00 1.05381220E+00 1.05117752E+00 1.04847084E+00 1.04601652E+00 1.04350624E+00 1.04124028E+00 1.03892967E+00 1.03684836E+00 1.03473366E+00 1.03268942E+00 1.03061757E+00 1.02851735E+00 1.02638926E+00 1.02423874E+00 1.02206702E+00 1.01987141E+00 1.01765945E+00 1.01545417E+00 1.01325378E+00 1.01102995E+00 1.00882727E+00 1.00684884E+00 1.00504423E+00 1.00283340E+00 1.00000000E+00
1.11489942E+00 1.11489202E+00 1.11488920E+00 1.11488965E+00 1.11489069E+00 1.11489045E+00 1.11488929E+00 1.11488778E+00 1.11488642E+00 1.11488546E+00 1.11488476E+00 1.11488417E+00 1.11488368E+00 1.11488329E+00 1.11488305E+00 1.11488296E+00 1.11488302E+00 1.11488321E+00 1.11488354E+00 1.11488401E+00 1.11488464E+00 1.11488542E+00 1.11488638E+00 1.11488751E+00 1.11488883E+00 1.11489036E+00 1.11489211E+00 1.11489411E+00 1.11489636E+00 1.11489890E+00 1.11490174E+00 1.11490490E+00 1.11490841E+00 1.11491228E+00 1.11491653E+00 1.11492118E+00 1.11492624E+00 1.11493170E+00 1.11493758E+00 1.11494386E+00 1.11495052E+00 1.11495751E+00 1.11496479E+00 1.11497227E+00 1.11497988E+00 1.11498745E+00 1.11499484E+00 1.11500180E+00 1.11500812E+00 1.11501339E+00 1.11501733E+00 1.11501937E+00 1.11501901E+00 1.11501548E+00 1.11500812E+00 1.11499579E+00 1.11497765E+00 1.11495214E+00 1.11491809E+00 1.11487338E+00 1.11481652E+00 1.11474466E+00 1.11465579E+00 1.11454636E+00 1.11441378E+00 1.11425332E+00 1.11406190E+00 1.11383361E+00 1.11356427E+00 1.11324642E+00 1.11287505E+00 1.11244114E+00 1.11193881E+00 1.11135676E+00 1.11068779E+00 1.10991857E+00 1.10904110E+00 1.10803922E+00 1.10690216E+00 1.10561269E+00 1.10416013E+00 1.10252247E+00 1.10068625E+00 1.09862842E+00 1.09633526E+00 1.09380421E+00 1.09100208E+00 1.08820221E+00 1.08514747E+00 1.08221595E+00 1.07905743E+00 1.07606056E+00 1.07287114E+00 1.06988850E+00 1.06674610E+00 1.06381854E+00 1.06075533E+00 1.05793527E+00 1.05500782E+00 1.05232803E+00 1.04956300E+00 1.04704537E+00 1.04446032E+00 1.04211795E+00 1.03972586E+00 1.03757047E+00 1.03537550E+00 1.03340018E+00 1.03139670E+00 1.02946598E+00 1.02751428E+00 1.02553861E+00 1.02354339E+00 1.02153949E+00 1.01952459E+00 1.01749352E+00 1.01546849E+00 1.01349010E+00 1.01152684E+00 1.00953698E+00 1.00762871E+00 1.00603964E+00 1.00465019E+00 1.00271736E+00 1.00000000E+00
1.11090177E+00 1.11089157E+00 1.11088667E+00 1.11088640E+00 1.11088765E+00 1.11088782E+00 1.11088687E+00 1.11088525E+00 1.11088369E+00 1.11088264E+00 1.11088195E+00 1.11088142E+00 1.11088097E+00 1.11088060E+00 1.11088035E+00 1.11088025E+00 1.11088028E+00 1.11088044E+00 1.11088072E+00 1.11088114E+00 1.11088169E+00 1.11088239E+00 1.11088323E+00 1.11088425E+00 1.11088544E+00 1.11088682E+00 1.11088841E+00 1.11089023E+00 1.11089230E+00 1.11089463E+00 1.11089726E+00 1.11090020E+00 1.11090348E+00 1.11090712E+00 1.11091114E+00 1.11091558E+00 1.11092043E+00 1.11092572E+00 1.11093144E+00 1.11093763E+00 1.11094426E+00 1.11095128E+00 1.11095869E+00 1.11096644E+00 1.11097447E+00 1.11098264E+00 1.11099086E+00 1.11099892E+00 1.11100664E+00 1.11101369E+00 1.11101985E+00 1.11102466E+00 1.11102766E+00 1.11102817E+00 1.11102564E+00 1.11101906E+00 1.11100771E+00 1.11099023E+00 1.11096555E+00 1.11093176E+00 1.11088754E+00 1.11083026E+00 1.11075806E+00 1.11066773E+00 1.11055687E+00 1.11042109E+00 1.11025759E+00 1.11006091E+00 1.10982699E+00 1.10954859E+00 1.10922104E+00 1.10883592E+00 1.10838769E+00 1.10786516E+00 1.10726137E+00 1.10656355E+00 1.10576401E+00 1.10484679E+00 1.10380093E+00 1.10260947E+00 1.10126235E+00 1.09973733E+00 1.09802025E+00 1.09608764E+00 1.09392673E+00 1.09153411E+00 1.08887643E+00 1.08621016E+00 1.08329344E+00 1.08048799E+00 1.07745629E+00 1.07456878E+00 1.07149127E+00 1.06861487E+00 1.06557890E+00 1.06273748E+00 1.05975850E+00 1.05701610E+00 1.05416691E+00 1.05155506E+00 1.04885777E+00 1.04639977E+00 1.04387384E+00 1.04158308E+00 1.03924305E+00 1.03713309E+00 1.03498318E+00 1.03304797E+00 1.03108526E+00 1.02919470E+00 1.02728314E+00 1.02534465E+00 1.02338809E+00 1.02143044E+00 1.01946568E+00 1.01748283E+00 1.01550777E+00 1.01358194E+00 1.01166553E+00 1.00972513E+00 1.00787735E+00 1.00630272E+00 1.00487165E+00 1.00285821E+00 1.00000000E+00
1.10924069E+00 1.10922890E+00 1.10922398E+00 1.10922455E+00 1.10922676E+00 1.10922723E+00 1.10922610E+00 1.10922413E+00 1.10922231E+00 1.10922121E+00 1.10922055E+00 1.10922003E+00 1.10921955E+00 1.10921913E+00 1.10921883E+00 1.10921868E+00 1.10921866E+00 1.10921875E+00 1.10921897E+00 1.10921931E+00 1.10921977E+00 1.10922038E+00 1.10922112E+00 1.10922202E+00 1.10922309E+00 1.10922434E+00 1.10922579E+00 1.10922747E+00 1.10922938E+00 1.10923156E+00 1.10923401E+00 1.10923679E+00 1.10923991E+00 1.10924338E+00 1.10924724E+00 1.10925154E+00 1.10925628E+00 1.10926148E+00 1.10926715E+00 1.10927335E+00 1.10928005E+00 1.10928723E+00 1.10929490E+00 1.10930304E+00 1.10931162E+00 1.10932054E+00 1.10932972E+00 1.10933902E+00 1.10934830E+00 1.10935727E+00 1.10936580E+00 1.10937350E+00 1.10937999E+00 1.10938464E+00 1.10938703E+00 1.10938627E+00 1.10938175E+00 1.10937230E+00 1.10935696E+00 1.10933401E+00 1.10930227E+00 1.10925936E+00 1.10920354E+00 1.10913190E+00 1.10904225E+00 1.10893052E+00 1.10879416E+00 1.10862814E+00 1.10842849E+00 1.10818810E+00 1.10790267E+00 1.10756439E+00 1.10716792E+00 1.10670216E+00 1.10616040E+00 1.10553030E+00 1.10480426E+00 1.10396633E+00 1.10300558E+00 1.10190539E+00 1.10065575E+00 1.09923359E+00 1.09762432E+00 1.09580426E+00 1.09376073E+00 1.09148855E+00 1.08895442E+00 1.08640127E+00 1.08359829E+00 1.08089183E+00 1.07795616E+00 1.07514977E+00 1.07215344E+00 1.06935113E+00 1.06638367E+00 1.06359114E+00 1.06065722E+00 1.05795612E+00 1.05514561E+00 1.05256261E+00 1.04989041E+00 1.04745160E+00 1.04494170E+00 1.04266201E+00 1.04033089E+00 1.03822560E+00 1.03607735E+00 1.03414184E+00 1.03217730E+00 1.03028368E+00 1.02836703E+00 1.02641870E+00 1.02444968E+00 1.02248158E+00 1.02050565E+00 1.01850370E+00 1.01650137E+00 1.01454042E+00 1.01258138E+00 1.01059301E+00 1.00867923E+00 1.00697693E+00 1.00536221E+00 1.00313017E+00 1.00000000E+00
1.10874926E+00 1.10874070E+00 1.10873980E+00 1.10874349E+00 1.10874750E+00 1.10874848E+00 1.10874729E+00 1.10874539E+00 1.10874383E+00 1.10874308E+00 1.10874270E+00 1.10874231E+00 1.10874189E+00 1.10874149E+00 1.10874118E+00 1.10874101E+00 1.10874096E+00 1.10874101E+00 1.10874116E+00 1.10874142E+00 1.10874181E+00 1.10874232E+00 1.10874296E+00 1.10874376E+00 1.10874472E+00 1.10874586E+00 1.10874718E+00 1.10874873E+00 1.10875051E+00 1.10875255E+00 1.10875486E+00 1.10875750E+00 1.10876049E+00 1.10876384E+00 1.10876759E+00 1.10877179E+00 1.10877647E+00 1.10878164E+00 1.10878734E+00 1.10879362E+00 1.10880047E+00 1.10880789E+00 1.10881591E+00 1.10882455E+00 1.10883379E+00 1.10884357E+00 1.10885384E+00 1.10886451E+00 1.10887547E+00 1.10888652E+00 1.10889756E+00 1.10890832E+00 1.10891844E+00 1.10892740E+00 1.10893486E+00 1.10894008E+00 1.10894255E+00 1.10894128E+00 1.10893540E+00 1.10892341E+00 1.10890426E+00 1.10887576E+00 1.10883633E+00 1.10878334E+00 1.10871482E+00 1.10862699E+00 1.10851753E+00 1.10838180E+00 1.10821590E+00 1.10801287E+00 1.10776867E+00 1.10747610E+00 1.10713003E+00 1.10671941E+00 1.10623776E+00 1.10567302E+00 1.10501746E+00 1.10425494E+00 1.10337491E+00 1.10236126E+00 1.10120330E+00 1.09987655E+00 1.09836648E+00 1.09664943E+00 1.09471183E+00 1.09254595E+00 1.09011922E+00 1.08766344E+00 1.08495535E+00 1.08232710E+00 1.07946504E+00 1.07672027E+00 1.07378350E+00 1.07103183E+00 1.06810685E+00 1.06534002E+00 1.06242699E+00 1.05974429E+00 1.05694835E+00 1.05437175E+00 1.05170030E+00 1.04925746E+00 1.04673944E+00 1.04444905E+00 1.04210400E+00 1.03998210E+00 1.03781278E+00 1.03585567E+00 1.03386696E+00 1.03194788E+00 1.03000276E+00 1.02802006E+00 1.02601139E+00 1.02400142E+00 1.02197967E+00 1.01992182E+00 1.01785203E+00 1.01581213E+00 1.01376430E+00 1.01167574E+00 1.00963601E+00 1.00775376E+00 1.00591396E+00 1.00342804E+00 1.00000000E+00
1.10882459E+00 1.10882627E+00 1.10883413E+00 1.10884291E+00 1.10884929E+00 1.10885145E+00 1.10885134E+00 1.10885104E+00 1.10885115E+00 1.10885175E+00 1.10885231E+00 1.10885253E+00 1.10885254E+00 1.10885250E+00 1.10885246E+00 1.10885249E+00 1.10885255E+00 1.10885266E+00 1.10885283E+00 1.10885309E+00 1.10885344E+00 1.10885390E+00 1.10885448E+00 1.10885520E+00 1.10885606E+00 1.10885710E+00 1.10885832E+00 1.10885975E+00 1.10886142E+00 1.10886333E+00 1.10886553E+00 1.10886806E+00 1.10887093E+00 1.10887418E+00 1.10887785E+00 1.10888200E+00 1.10888666E+00 1.10889184E+00 1.10889760E+00 1.10890401E+00 1.10891107E+00 1.10891880E+00 1.10892723E+00 1.10893645E+00 1.10894643E+00 1.10895715E+00 1.10896861E+00 1.10898076E+00 1.10899351E+00 1.10900674E+00 1.10902042E+00 1.10903437E+00 1.10904825E+00 1.10906166E+00 1.10907433E+00 1.10908569E+00 1.10909530E+00 1.10910235E+00 1.10910609E+00 1.10910519E+00 1.10909874E+00 1.10908471E+00 1.10906170E+00 1.10902740E+00 1.10898002E+00 1.10891604E+00 1.10883337E+00 1.10872770E+00 1.10859522E+00 1.10842909E+00 1.10822551E+00 1.10797779E+00 1.10768104E+00 1.10732437E+00 1.10690139E+00 1.10640017E+00 1.10581264E+00 1.10512234E+00 1.10431952E+00 1.10338866E+00 1.10231769E+00 1.10108031E+00 1.09966254E+00 1.09804072E+00 1.09619986E+00 1.09412930E+00 1.09179754E+00 1.08942676E+00 1.08679920E+00 1.08423460E+00 1.08143110E+00 1.07873497E+00 1.07584321E+00 1.07312654E+00 1.07022772E+00 1.06747322E+00 1.06456727E+00 1.06188955E+00 1.05909431E+00 1.05651159E+00 1.05382746E+00 1.05136790E+00 1.04882878E+00 1.04651612E+00 1.04414488E+00 1.04199477E+00 1.03979206E+00 1.03780175E+00 1.03577666E+00 1.03381969E+00 1.03183287E+00 1.02980201E+00 1.02773855E+00 1.02566908E+00 1.02358207E+00 1.02144852E+00 1.01929078E+00 1.01715048E+00 1.01499168E+00 1.01277942E+00 1.01059105E+00 1.00851590E+00 1.00644767E+00 1.00371179E+00 1.00000000E+00
1.12480004E+00 1.12479483E+00 1.12479449E+00 1.12479633E+00 1.12479762E+00 1.12479691E+00 1.12479517E+00 1.12479341E+00 1.12479195E+00 1.12479086E+00 1.12478993E+00 1.12478908E+00 1.12478833E+00 1.12478776E+00 1.12478736E+00 1.12478715E+00 1.12478711E+00 1.12478723E+00 1.12478754E+00 1.12478802E+00 1.12478869E+00 1.12478954E+00 1.12479060E+00 1.12479187E+00 1.12479336E+00 1.12479508E+00 1.12479706E+00 1.12479932E+00 1.12480185E+00 1.12480470E+00 1.12480787E+00 1.12481139E+00 1.12481527E+00 1.12481952E+00 1.12482416E+00 1.12482920E+00 1.12483464E+00 1.12484047E+00 1.12484668E+00 1.12485324E+00 1.12486012E+00 1.12486724E+00 1.12487454E+00 1.12488190E+00 1.12488920E+00 1.12489623E+00 1.12490282E+00 1.12490865E+00 1.12491347E+00 1.12491678E+00 1.12491823E+00 1.12491711E+00 1.12491288E+00 1.12490462E+00 1.12489158E+00 1.12487242E+00 1.12484618E+00 1.12481106E+00 1.12476575E+00 1.12470788E+00 1.12463577E+00 1.12454627E+00 1.12443718E+00 1.12430459E+00 1.12414562E+00 1.12395518E+00 1.12372982E+00 1.12346312E+00 1.12315068E+00 1.12278473E+00 1.12235987E+00 1.12186651E+00 1.12129819E+00 1.12064344E+00 1.11989473E+00 1.11903809E+00 1.11806492E+00 1.11695869E+00 1.11570878E+00 1.11429798E+00 1.11271426E+00 1.11093536E+00 1.10894849E+00 1.10673107E+00 1.10426776E+00 1.10155706E+00 1.09856403E+00 1.09558499E+00 1.09234185E+00 1.08923411E+00 1.08589227E+00 1.08273179E+00 1.07937232E+00 1.07622768E+00 1.07291423E+00 1.06983593E+00 1.06661977E+00 1.06365763E+00 1.06058120E+00 1.05776345E+00 1.05485371E+00 1.05220328E+00 1.04947986E+00 1.04700987E+00 1.04448280E+00 1.04220072E+00 1.03987288E+00 1.03777554E+00 1.03564380E+00 1.03358186E+00 1.03149082E+00 1.02936993E+00 1.02721948E+00 1.02504404E+00 1.02284503E+00 1.02062049E+00 1.01837569E+00 1.01612928E+00 1.01388160E+00 1.01160763E+00 1.00934476E+00 1.00727858E+00 1.00535677E+00 1.00299871E+00 1.00000000E+00
1.11851756E+00 1.11851199E+00 1.11851086E+00 1.11851227E+00 1.11851367E+00 1.11851347E+00 1.11851232E+00 1.11851098E+00 1.11850986E+00 1.11850909E+00 1.11850851E+00 1.11850799E+00 1.11850754E+00 1.11850722E+00 1.11850704E+00 1.11850700E+00 1.11850711E+00 1.11850735E+00 1.11850773E+00 1.11850826E+00 1.11850895E+00 1.11850980E+00 1.11851082E+00 1.11851202E+00 1.11851343E+00 1.11851504E+00 1.11851689E+00 1.11851899E+00 1.11852136E+00 1.11852401E+00 1.11852697E+00 1.11853027E+00 1.11853392E+00 1.11853793E+00 1.11854233E+00 1.11854713E+00 1.11855234E+00 1.11855795E+00 1.11856397E+00 1.11857039E+00 1.11857716E+00 1.11858425E+00 1.11859160E+00 1.11859912E+00 1.11860671E+00 1.11861420E+00 1.11862144E+00 1.11862816E+00 1.11863413E+00 1.11863894E+00 1.11864226E+00 1.11864349E+00 1.11864212E+00 1.11863732E+00 1.11862842E+00 1.11861422E+00 1.11859384E+00 1.11856565E+00 1.11852842E+00 1.11847997E+00 1.11841875E+00 1.11834180E+00 1.11824707E+00 1.11813089E+00 1.11799058E+00 1.11782132E+00 1.11761988E+00 1.11738018E+00 1.11709796E+00 1.11676568E+00 1.11637824E+00 1.11592638E+00 1.11540404E+00 1.11479980E+00 1.11410640E+00 1.11331031E+00 1.11240333E+00 1.11136910E+00 1.11019686E+00 1.10886939E+00 1.10737557E+00 1.10569313E+00 1.10380885E+00 1.10170008E+00 1.09935252E+00 1.09676334E+00 1.09389896E+00 1.09104066E+00 1.08792424E+00 1.08493401E+00 1.08171417E+00 1.07866351E+00 1.07541841E+00 1.07238130E+00 1.06918074E+00 1.06620236E+00 1.06308791E+00 1.06022049E+00 1.05724358E+00 1.05451789E+00 1.05170455E+00 1.04914260E+00 1.04651177E+00 1.04412764E+00 1.04169169E+00 1.03949501E+00 1.03725673E+00 1.03524227E+00 1.03319802E+00 1.03122540E+00 1.02922941E+00 1.02720837E+00 1.02516492E+00 1.02310732E+00 1.02103519E+00 1.01894594E+00 1.01685340E+00 1.01478655E+00 1.01273004E+00 1.01065285E+00 1.00862927E+00 1.00686002E+00 1.00522311E+00 1.00300315E+00 1.00000000E+00
1.11644192E+00 1.11643459E+00 1.11643099E+00 1.11643093E+00 1.11643187E+00 1.11643185E+00 1.11643093E+00 1.11642955E+00 1.11642823E+00 1.11642729E+00 1.11642660E+00 1.11642603E+00 1.11642556E+00 1.11642518E+00 1.11642494E+00 1.11642485E+00 1.11642490E+00 1.11642508E+00 1.11642540E+00 1.11642586E+00 1.11642648E+00 1.11642725E+00 1.11642818E+00 1.11642929E+00 1.11643060E+00 1.11643211E+00 1.11643384E+00 1.11643582E+00 1.11643807E+00 1.11644059E+00 1.11644342E+00 1.11644658E+00 1.11645010E+00 1.11645398E+00 1.11645826E+00 1.11646295E+00 1.11646808E+00 1.11647363E+00 1.11647963E+00 1.11648607E+00 1.11649292E+00 1.11650016E+00 1.11650775E+00 1.11651562E+00 1.11652370E+00 1.11653184E+00 1.11653991E+00 1.11654769E+00 1.11655497E+00 1.11656139E+00 1.11656669E+00 1.11657033E+00 1.11657183E+00 1.11657044E+00 1.11656558E+00 1.11655614E+00 1.11654133E+00 1.11651965E+00 1.11648996E+00 1.11645023E+00 1.11639901E+00 1.11633354E+00 1.11625184E+00 1.11615048E+00 1.11602695E+00 1.11587664E+00 1.11569654E+00 1.11548078E+00 1.11522523E+00 1.11492251E+00 1.11456776E+00 1.11415210E+00 1.11366958E+00 1.11310887E+00 1.11246289E+00 1.11171843E+00 1.11086745E+00 1.10989355E+00 1.10878580E+00 1.10752711E+00 1.10610665E+00 1.10450167E+00 1.10269861E+00 1.10067468E+00 1.09841589E+00 1.09591823E+00 1.09314810E+00 1.09037596E+00 1.08734727E+00 1.08443538E+00 1.08129358E+00 1.07831064E+00 1.07513405E+00 1.07215961E+00 1.06902039E+00 1.06609111E+00 1.06302458E+00 1.06020144E+00 1.05726874E+00 1.05458081E+00 1.05180464E+00 1.04927514E+00 1.04667661E+00 1.04432075E+00 1.04191349E+00 1.03974176E+00 1.03752815E+00 1.03553604E+00 1.03351471E+00 1.03156460E+00 1.02959126E+00 1.02759134E+00 1.02556972E+00 1.02353742E+00 1.02149100E+00 1.01942427E+00 1.01735411E+00 1.01531048E+00 1.01326986E+00 1.01119689E+00 1.00916515E+00 1.00734111E+00 1.00559201E+00 1.00321060E+00 1.00000000E+00
1.11672143E+00 1.11671443E+00 1.11671037E+00 1.11670957E+00 1.11670990E+00 1.11670963E+00 1.11670863E+00 1.11670714E+00 1.11670567E+00 1.11670455E+00 1.11670370E+00 1.11670302E+00 1.11670244E+00 1.11670196E+00 1.11670162E+00 1.11670143E+00 1.11670138E+00 1.11670148E+00 1.11670171E+00 1.11670209E+00 1.11670262E+00 1.11670330E+00 1.11670416E+00 1.11670519E+00 1.11670641E+00 1.11670783E+00 1.11670948E+00 1.11671138E+00 1.11671354E+00 1.11671598E+00 1.11671873E+00 1.11672182E+00 1.11672528E+00 1.11672912E+00 1.11673337E+00 1.11673806E+00 1.11674321E+00 1.11674883E+00 1.11675494E+00 1.11676155E+00 1.11676865E+00 1.11677622E+00 1.11678424E+00 1.11679267E+00 1.11680145E+00 1.11681047E+00 1.11681962E+00 1.11682872E+00 1.11683759E+00 1.11684593E+00 1.11685352E+00 1.11685987E+00 1.11686456E+00 1.11686692E+00 1.11686642E+00 1.11686207E+00 1.11685314E+00 1.11683828E+00 1.11681641E+00 1.11678563E+00 1.11674462E+00 1.11669073E+00 1.11662211E+00 1.11653554E+00 1.11642862E+00 1.11629698E+00 1.11613772E+00 1.11594520E+00 1.11571533E+00 1.11544090E+00 1.11511722E+00 1.11473570E+00 1.11429047E+00 1.11377015E+00 1.11316785E+00 1.11247048E+00 1.11167000E+00 1.11074977E+00 1.10969874E+00 1.10849981E+00 1.10714202E+00 1.10560180E+00 1.10386529E+00 1.10190940E+00 1.09971983E+00 1.09729086E+00 1.09458860E+00 1.09187570E+00 1.08890374E+00 1.08603835E+00 1.08293931E+00 1.07999052E+00 1.07684530E+00 1.07389616E+00 1.07077644E+00 1.06785636E+00 1.06479563E+00 1.06197709E+00 1.05904564E+00 1.05635394E+00 1.05357028E+00 1.05103134E+00 1.04842057E+00 1.04605104E+00 1.04362771E+00 1.04143863E+00 1.03920468E+00 1.03719277E+00 1.03514946E+00 1.03317574E+00 1.03117592E+00 1.02914490E+00 1.02708811E+00 1.02501775E+00 1.02292824E+00 1.02080943E+00 1.01867791E+00 1.01656255E+00 1.01443718E+00 1.01226161E+00 1.01010075E+00 1.00809936E+00 1.00612831E+00 1.00349424E+00 1.00000000E+00
1.11821204E+00 1.11820878E+00 1.11820798E+00 1.11820871E+00 1.11820945E+00 1.11820917E+00 1.11820814E+00 1.11820682E+00 1.11820557E+00 1.11820463E+00 1.11820386E+00 1.11820320E+00 1.11820260E+00 1.11820210E+00 1.11820172E+00 1.11820148E+00 1.11820138E+00 1.11820141E+00 1.11820158E+00 1.11820189E+00 1.11820235E+00 1.11820296E+00 1.11820374E+00 1.11820470E+00 1.11820586E+00 1.11820722E+00 1.11820880E+00 1.11821064E+00 1.11821274E+00 1.11821514E+00 1.11821785E+00 1.11822092E+00 1.11822436E+00 1.11822822E+00 1.11823251E+00 1.11823727E+00 1.11824254E+00 1.11824833E+00 1.11825466E+00 1.11826157E+00 1.11826905E+00 1.11827710E+00 1.11828571E+00 1.11829490E+00 1.11830460E+00 1.11831473E+00 1.11832522E+00 1.11833591E+00 1.11834668E+00 1.11835726E+00 1.11836749E+00 1.11837695E+00 1.11838524E+00 1.11839178E+00 1.11839612E+00 1.11839736E+00 1.11839485E+00 1.11838735E+00 1.11837386E+00 1.11835261E+00 1.11832238E+00 1.11828065E+00 1.11822566E+00 1.11815441E+00 1.11806462E+00 1.11795207E+00 1.11781399E+00 1.11764490E+00 1.11744077E+00 1.11719448E+00 1.11690147E+00 1.11655338E+00 1.11614437E+00 1.11566299E+00 1.11510240E+00 1.11444952E+00 1.11369610E+00 1.11282518E+00 1.11182560E+00 1.11068018E+00 1.10937743E+00 1.10789260E+00 1.10621166E+00 1.10431109E+00 1.10217565E+00 1.09979758E+00 1.09714269E+00 1.09446814E+00 1.09152901E+00 1.08868608E+00 1.08560370E+00 1.08266450E+00 1.07952347E+00 1.07657261E+00 1.07344342E+00 1.07050625E+00 1.06742362E+00 1.06458324E+00 1.06162496E+00 1.05890314E+00 1.05608387E+00 1.05350905E+00 1.05085812E+00 1.04844875E+00 1.04598145E+00 1.04374875E+00 1.04146648E+00 1.03940828E+00 1.03731477E+00 1.03528871E+00 1.03323196E+00 1.03113784E+00 1.02901141E+00 1.02686515E+00 1.02469246E+00 1.02248017E+00 1.02024345E+00 1.01800993E+00 1.01575334E+00 1.01343000E+00 1.01109650E+00 1.00888470E+00 1.00667190E+00 1.00377653E+00 1.00000000E+00
1.12028858E+00 1.12029211E+00 1.12029682E+00 1.12030061E+00 1.12030294E+00 1.12030377E+00 1.12030379E+00 1.12030368E+00 1.12030356E+00 1.12030350E+00 1.12030339E+00 1.12030319E+00 1.12030295E+00 1.12030272E+00 1.12030253E+00 1.12030243E+00 1.12030240E+00 1.12030247E+00 1.12030265E+00 1.12030295E+00 1.12030338E+00 1.12030396E+00 1.12030469E+00 1.12030561E+00 1.12030671E+00 1.12030802E+00 1.12030956E+00 1.12031136E+00 1.12031343E+00 1.12031580E+00 1.12031851E+00 1.12032159E+00 1.12032507E+00 1.12032898E+00 1.12033336E+00 1.12033827E+00 1.12034372E+00 1.12034975E+00 1.12035640E+00 1.12036371E+00 1.12037170E+00 1.12038037E+00 1.12038974E+00 1.12039985E+00 1.12041066E+00 1.12042212E+00 1.12043418E+00 1.12044674E+00 1.12045970E+00 1.12047285E+00 1.12048608E+00 1.12049903E+00 1.12051135E+00 1.12052253E+00 1.12053220E+00 1.12053957E+00 1.12054405E+00 1.12054451E+00 1.12054004E+00 1.12052899E+00 1.12051022E+00 1.12048133E+00 1.12044069E+00 1.12038546E+00 1.12031350E+00 1.12022071E+00 1.12010442E+00 1.11995926E+00 1.11978125E+00 1.11956335E+00 1.11930107E+00 1.11898618E+00 1.11861290E+00 1.11816962E+00 1.11764951E+00 1.11703927E+00 1.11633039E+00 1.11550543E+00 1.11455327E+00 1.11345650E+00 1.11220273E+00 1.11076582E+00 1.10913171E+00 1.10727625E+00 1.10518294E+00 1.10284189E+00 1.10021861E+00 1.09756658E+00 1.09464262E+00 1.09180512E+00 1.08872124E+00 1.08577463E+00 1.08261923E+00 1.07964853E+00 1.07649115E+00 1.07352052E+00 1.07039862E+00 1.06751946E+00 1.06451643E+00 1.06174795E+00 1.05887543E+00 1.05624817E+00 1.05353950E+00 1.05107385E+00 1.04854505E+00 1.04625240E+00 1.04390463E+00 1.04178397E+00 1.03962329E+00 1.03752804E+00 1.03539688E+00 1.03322191E+00 1.03100752E+00 1.02876612E+00 1.02649077E+00 1.02416628E+00 1.02180632E+00 1.01943741E+00 1.01703412E+00 1.01455054E+00 1.01203642E+00 1.00961535E+00 1.00717115E+00 1.00403273E+00 1.00000000E+00
1.12630822E+00 1.12630421E+00 1.12630489E+00 1.12630770E+00 1.12630980E+00 1.12630973E+00 1.12630849E+00 1.12630714E+00 1.12630602E+00 1.12630523E+00 1.12630456E+00 1.12630392E+00 1.12630336E+00 1.12630293E+00 1.12630266E+00 1.12630256E+00 1.12630262E+00 1.12630284E+00 1.12630322E+00 1.12630377E+00 1.12630450E+00 1.12630542E+00 1.12630653E+00 1.12630786E+00 1.12630940E+00 1.12631118E+00 1.12631321E+00 1.12631552E+00 1.12631811E+00 1.12632101E+00 1.12632424E+00 1.12632781E+00 1.12633175E+00 1.12633606E+00 1.12634076E+00 1.12634585E+00 1.12635135E+00 1.12635723E+00 1.12636348E+00 1.12637009E+00 1.12637700E+00 1.12638414E+00 1.12639145E+00 1.12639881E+00 1.12640608E+00 1.12641307E+00 1.12641958E+00 1.12642530E+00 1.12642996E+00 1.12643307E+00 1.12643426E+00 1.12643281E+00 1.12642818E+00 1.12641942E+00 1.12640578E+00 1.12638591E+00 1.12635882E+00 1.12632269E+00 1.12627620E+00 1.12621697E+00 1.12614326E+00 1.12605193E+00 1.12594075E+00 1.12580576E+00 1.12564407E+00 1.12545054E+00 1.12522170E+00 1.12495108E+00 1.12463427E+00 1.12426343E+00 1.12383317E+00 1.12333381E+00 1.12275886E+00 1.12209683E+00 1.12134013E+00 1.12047478E+00 1.11949211E+00 1.11837558E+00 1.11711460E+00 1.11569184E+00 1.11409521E+00 1.11230252E+00 1.11030098E+00 1.10806797E+00 1.10558810E+00 1.10285992E+00 1.09984824E+00 1.09685162E+00 1.09358983E+00 1.09046467E+00 1.08710462E+00 1.08392761E+00 1.08055073E+00 1.07738941E+00 1.07405821E+00 1.07096417E+00 1.06773158E+00 1.06475367E+00 1.06166050E+00 1.05882705E+00 1.05590053E+00 1.05323441E+00 1.05049425E+00 1.04800850E+00 1.04546449E+00 1.04316616E+00 1.04082096E+00 1.03870742E+00 1.03655839E+00 1.03447847E+00 1.03236784E+00 1.03022582E+00 1.02805253E+00 1.02585172E+00 1.02362469E+00 1.02136999E+00 1.01909107E+00 1.01680279E+00 1.01450667E+00 1.01218038E+00 1.00985307E+00 1.00769064E+00 1.00565100E+00 1.00315751E+00 1.00000000E+00
1.12201961E+00 1.12201600E+00 1.12201666E+00 1.12201907E+00 1.12202087E+00 1.12202082E+00 1.12201980E+00 1.12201872E+00 1.12201787E+00 1.12201731E+00 1.12201686E+00 1.12201643E+00 1.12201607E+00 1.12201582E+00 1.12201571E+00 1.12201574E+00 1.12201590E+00 1.12201620E+00 1.12201664E+00 1.12201723E+00 1.12201798E+00 1.12201890E+00 1.12201999E+00 1.12202127E+00 1.12202276E+00 1.12202446E+00 1.12202641E+00 1.12202861E+00 1.12203108E+00 1.12203386E+00 1.12203694E+00 1.12204037E+00 1.12204414E+00 1.12204830E+00 1.12205283E+00 1.12205778E+00 1.12206312E+00 1.12206887E+00 1.12207502E+00 1.12208154E+00 1.12208841E+00 1.12209557E+00 1.12210296E+00 1.12211047E+00 1.12211801E+00 1.12212538E+00 1.12213242E+00 1.12213884E+00 1.12214441E+00 1.12214866E+00 1.12215129E+00 1.12215161E+00 1.12214913E+00 1.12214296E+00 1.12213241E+00 1.12211621E+00 1.12209344E+00 1.12206241E+00 1.12202185E+00 1.12196950E+00 1.12190373E+00 1.12182153E+00 1.12172075E+00 1.12159763E+00 1.12144941E+00 1.12127114E+00 1.12105949E+00 1.12080822E+00 1.12051300E+00 1.12016620E+00 1.11976258E+00 1.11929274E+00 1.11875038E+00 1.11812408E+00 1.11740643E+00 1.11658375E+00 1.11564762E+00 1.11458157E+00 1.11337489E+00 1.11201028E+00 1.11047621E+00 1.10875042E+00 1.10681985E+00 1.10466192E+00 1.10226189E+00 1.09961718E+00 1.09669358E+00 1.09377954E+00 1.09060430E+00 1.08755902E+00 1.08428188E+00 1.08117994E+00 1.07788130E+00 1.07479291E+00 1.07153820E+00 1.06851233E+00 1.06534949E+00 1.06243678E+00 1.05941232E+00 1.05664257E+00 1.05378293E+00 1.05117848E+00 1.04850333E+00 1.04607821E+00 1.04359886E+00 1.04136135E+00 1.03908019E+00 1.03702636E+00 1.03494071E+00 1.03292554E+00 1.03088414E+00 1.02881548E+00 1.02672102E+00 1.02460684E+00 1.02247350E+00 1.02031956E+00 1.01815327E+00 1.01599560E+00 1.01383916E+00 1.01165720E+00 1.00949839E+00 1.00753352E+00 1.00566613E+00 1.00322082E+00 1.00000000E+00
1.12126066E+00 1.12125585E+00 1.12125495E+00 1.12125660E+00 1.12125825E+00 1.12125833E+00 1.12125740E+00 1.12125623E+00 1.12125521E+00 1.12125453E+00 1.12125400E+00 1.12125351E+00 1.12125310E+00 1.12125279E+00 1.12125262E+00 1.12125259E+00 1.12125270E+00 1.12125295E+00 1.12125334E+00 1.12125387E+00 1.12125457E+00 1.12125543E+00 1.12125646E+00 1.12125768E+00 1.12125910E+00 1.12126075E+00 1.12126262E+00 1.12126475E+00 1.12126716E+00 1.12126986E+00 1.12127287E+00 1.12127623E+00 1.12127995E+00 1.12128405E+00 1.12128854E+00 1.12129346E+00 1.12129880E+00 1.12130457E+00 1.12131077E+00 1.12131738E+00 1.12132439E+00 1.12133175E+00 1.12133941E+00 1.12134729E+00 1.12135529E+00 1.12136325E+00 1.12137102E+00 1.12137835E+00 1.12138501E+00 1.12139060E+00 1.12139481E+00 1.12139704E+00 1.12139679E+00 1.12139326E+00 1.12138579E+00 1.12137320E+00 1.12135461E+00 1.12132842E+00 1.12129343E+00 1.12124745E+00 1.12118895E+00 1.12111501E+00 1.12102358E+00 1.12091102E+00 1.12077469E+00 1.12060976E+00 1.12041303E+00 1.12017839E+00 1.11990157E+00 1.11957506E+00 1.11919376E+00 1.11874845E+00 1.11823289E+00 1.11763567E+00 1.11694953E+00 1.11616088E+00 1.11526138E+00 1.11423445E+00 1.11306919E+00 1.11174832E+00 1.11026046E+00 1.10858289E+00 1.10670235E+00 1.10459613E+00 1.10224951E+00 1.09965890E+00 1.09679007E+00 1.09392512E+00 1.09079905E+00 1.08779677E+00 1.08456176E+00 1.08149582E+00 1.07823283E+00 1.07517606E+00 1.07195159E+00 1.06894922E+00 1.06580898E+00 1.06291711E+00 1.05991309E+00 1.05716032E+00 1.05431705E+00 1.05172667E+00 1.04906548E+00 1.04665242E+00 1.04418526E+00 1.04195808E+00 1.03968678E+00 1.03764190E+00 1.03556522E+00 1.03355850E+00 1.03152516E+00 1.02946310E+00 1.02737475E+00 1.02526735E+00 1.02313923E+00 1.02098663E+00 1.01881903E+00 1.01665702E+00 1.01448684E+00 1.01227588E+00 1.01007090E+00 1.00802338E+00 1.00602954E+00 1.00341820E+00 1.00000000E+00
1.12250169E+00 1.12249769E+00 1.12249723E+00 1.12249884E+00 1.12250025E+00 1.12250010E+00 1.12249899E+00 1.12249769E+00 1.12249656E+00 1.12249577E+00 1.12249512E+00 1.12249453E+00 1.12249402E+00 1.12249362E+00 1.12249336E+00 1.12249325E+00 1.12249329E+00 1.12249346E+00 1.12249378E+00 1.12249426E+00 1.12249489E+00 1.12249570E+00 1.12249668E+00 1.12249785E+00 1.12249923E+00 1.12250083E+00 1.12250266E+00 1.12250476E+00 1.12250714E+00 1.12250982E+00 1.12251282E+00 1.12251618E+00 1.12251991E+00 1.12252404E+00 1.12252859E+00 1.12253359E+00 1.12253904E+00 1.12254496E+00 1.12255135E+00 1.12255822E+00 1.12256555E+00 1.12257329E+00 1.12258144E+00 1.12258990E+00 1.12259862E+00 1.12260743E+00 1.12261622E+00 1.12262476E+00 1.12263284E+00 1.12264010E+00 1.12264627E+00 1.12265079E+00 1.12265318E+00 1.12265270E+00 1.12264874E+00 1.12264019E+00 1.12262622E+00 1.12260530E+00 1.12257628E+00 1.12253706E+00 1.12248619E+00 1.12242081E+00 1.12233896E+00 1.12223711E+00 1.12211269E+00 1.12196099E+00 1.12177889E+00 1.12156035E+00 1.12130116E+00 1.12099385E+00 1.12063342E+00 1.12021072E+00 1.11971954E+00 1.11914838E+00 1.11849003E+00 1.11773087E+00 1.11686246E+00 1.11586796E+00 1.11473626E+00 1.11344989E+00 1.11199736E+00 1.11035526E+00 1.10851001E+00 1.10643852E+00 1.10412565E+00 1.10156653E+00 1.09872654E+00 1.09588417E+00 1.09277723E+00 1.08978793E+00 1.08656183E+00 1.08349990E+00 1.08023729E+00 1.07717756E+00 1.07394527E+00 1.07093021E+00 1.06777411E+00 1.06486654E+00 1.06184344E+00 1.05906967E+00 1.05620195E+00 1.05358720E+00 1.05089884E+00 1.04845876E+00 1.04596186E+00 1.04370523E+00 1.04140135E+00 1.03932533E+00 1.03721477E+00 1.03517254E+00 1.03310036E+00 1.03099497E+00 1.02885880E+00 1.02669919E+00 1.02451307E+00 1.02229429E+00 1.02005175E+00 1.01780465E+00 1.01553709E+00 1.01321259E+00 1.01087306E+00 1.00865909E+00 1.00647076E+00 1.00364695E+00 1.00000000E+00
1.12476735E+00 1.12476784E+00 1.12477074E+00 1.12477356E+00 1.12477494E+00 1.12477453E+00 1.12477328E+00 1.12477211E+00 1.12477115E+00 1.12477042E+00 1.12476976E+00 1.12476911E+00 1.12476854E+00 1.12476810E+00 1.12476779E+00 1.12476763E+00 1.12476761E+00 1.12476774E+00 1.12476801E+00 1.12476843E+00 1.12476902E+00 1.12476978E+00 1.12477073E+00 1.12477187E+00 1.12477322E+00 1.12477480E+00 1.12477662E+00 1.12477871E+00 1.12478110E+00 1.12478379E+00 1.12478683E+00 1.12479024E+00 1.12479405E+00 1.12479828E+00 1.12480296E+00 1.12480813E+00 1.12481379E+00 1.12481998E+00 1.12482670E+00 1.12483397E+00 1.12484177E+00 1.12485010E+00 1.12485893E+00 1.12486821E+00 1.12487789E+00 1.12488785E+00 1.12489796E+00 1.12490805E+00 1.12491793E+00 1.12492728E+00 1.12493585E+00 1.12494313E+00 1.12494868E+00 1.12495181E+00 1.12495196E+00 1.12494807E+00 1.12493939E+00 1.12492444E+00 1.12490211E+00 1.12487040E+00 1.12482790E+00 1.12477184E+00 1.12470029E+00 1.12460986E+00 1.12449803E+00 1.12436016E+00 1.12419316E+00 1.12399107E+00 1.12374965E+00 1.12346148E+00 1.12312157E+00 1.12272077E+00 1.12225286E+00 1.12170614E+00 1.12107341E+00 1.12034081E+00 1.11949973E+00 1.11853291E+00 1.11742901E+00 1.11617025E+00 1.11474474E+00 1.11312813E+00 1.11130653E+00 1.10925620E+00 1.10696125E+00 1.10441536E+00 1.10158336E+00 1.09874243E+00 1.09563084E+00 1.09263099E+00 1.08938818E+00 1.08630579E+00 1.08301678E+00 1.07992803E+00 1.07666007E+00 1.07360658E+00 1.07040716E+00 1.06745750E+00 1.06438717E+00 1.06156589E+00 1.05864546E+00 1.05597975E+00 1.05323596E+00 1.05074235E+00 1.04818758E+00 1.04587528E+00 1.04351124E+00 1.04137828E+00 1.03920681E+00 1.03710214E+00 1.03496316E+00 1.03278566E+00 1.03057171E+00 1.02832843E+00 1.02605220E+00 1.02373524E+00 1.02138543E+00 1.01902084E+00 1.01662546E+00 1.01416077E+00 1.01166436E+00 1.00927094E+00 1.00688644E+00 1.00385897E+00 1.00000000E+00
1.12751022E+00 1.12751767E+00 1.12752490E+00 1.12752938E+00 1.12753120E+00 1.12753131E+00 1.12753075E+00 1.12753037E+00 1.12753004E+00 1.12752970E+00 1.12752926E+00 1.12752879E+00 1.12752834E+00 1.12752800E+00 1.12752776E+00 1.12752763E+00 1.12752762E+00 1.12752774E+00 1.12752800E+00 1.12752841E+00 1.12752898E+00 1.12752973E+00 1.12753065E+00 1.12753178E+00 1.12753312E+00 1.12753470E+00 1.12753653E+00 1.12753865E+00 1.12754106E+00 1.12754381E+00 1.12754692E+00 1.12755044E+00 1.12755437E+00 1.12755877E+00 1.12756365E+00 1.12756907E+00 1.12757505E+00 1.12758161E+00 1.12758878E+00 1.12759659E+00 1.12760504E+00 1.12761413E+00 1.12762385E+00 1.12763419E+00 1.12764509E+00 1.12765647E+00 1.12766823E+00 1.12768022E+00 1.12769229E+00 1.12770415E+00 1.12771559E+00 1.12772615E+00 1.12773541E+00 1.12774275E+00 1.12774766E+00 1.12774915E+00 1.12774648E+00 1.12773828E+00 1.12772346E+00 1.12770010E+00 1.12766684E+00 1.12762096E+00 1.12756060E+00 1.12748246E+00 1.12738407E+00 1.12726079E+00 1.12710959E+00 1.12692450E+00 1.12670127E+00 1.12643243E+00 1.12611297E+00 1.12573369E+00 1.12528827E+00 1.12476478E+00 1.12415592E+00 1.12344746E+00 1.12263054E+00 1.12168737E+00 1.12060636E+00 1.11936933E+00 1.11796372E+00 1.11636411E+00 1.11455631E+00 1.11251580E+00 1.11022567E+00 1.10767822E+00 1.10483763E+00 1.10198160E+00 1.09884717E+00 1.09581921E+00 1.09254081E+00 1.08942017E+00 1.08608557E+00 1.08294939E+00 1.07962653E+00 1.07651722E+00 1.07325594E+00 1.07024639E+00 1.06711012E+00 1.06422416E+00 1.06123304E+00 1.05849971E+00 1.05568314E+00 1.05312013E+00 1.05049108E+00 1.04810831E+00 1.04566903E+00 1.04346549E+00 1.04121931E+00 1.03903909E+00 1.03682030E+00 1.03455805E+00 1.03225398E+00 1.02991496E+00 1.02753730E+00 1.02511222E+00 1.02264664E+00 1.02015779E+00 1.01763031E+00 1.01502471E+00 1.01237519E+00 1.00981306E+00 1.00725001E+00 1.00404235E+00 1.00000000E+00
1.12780949E+00 1.12780827E+00 1.12781116E+00 1.12781481E+00 1.12781708E+00 1.12781716E+00 1.12781624E+00 1.12781537E+00 1.12781472E+00 1.12781427E+00 1.12781386E+00 1.12781343E+00 1.12781306E+00 1.12781282E+00 1.12781272E+00 1.12781276E+00 1.12781294E+00 1.12781326E+00 1.12781374E+00 1.12781438E+00 1.12781520E+00 1.12781619E+00 1.12781737E+00 1.12781876E+00 1.12782037E+00 1.12782221E+00 1.12782430E+00 1.12782666E+00 1.12782931E+00 1.12783227E+00 1.12783555E+00 1.12783919E+00 1.12784318E+00 1.12784755E+00 1.12785230E+00 1.12785746E+00 1.12786300E+00 1.12786893E+00 1.12787524E+00 1.12788188E+00 1.12788882E+00 1.12789599E+00 1.12790331E+00 1.12791066E+00 1.12791791E+00 1.12792484E+00 1.12793127E+00 1.12793687E+00 1.12794137E+00 1.12794427E+00 1.12794519E+00 1.12794340E+00 1.12793835E+00 1.12792909E+00 1.12791484E+00 1.12789424E+00 1.12786628E+00 1.12782913E+00 1.12778145E+00 1.12772083E+00 1.12764552E+00 1.12755234E+00 1.12743905E+00 1.12730164E+00 1.12713721E+00 1.12694058E+00 1.12670825E+00 1.12643371E+00 1.12611251E+00 1.12573679E+00 1.12530112E+00 1.12479578E+00 1.12421421E+00 1.12354495E+00 1.12278030E+00 1.12190629E+00 1.12091419E+00 1.11978745E+00 1.11851550E+00 1.11708093E+00 1.11547152E+00 1.11366523E+00 1.11164926E+00 1.10940089E+00 1.10690471E+00 1.10415936E+00 1.10112939E+00 1.09811555E+00 1.09483546E+00 1.09169324E+00 1.08831540E+00 1.08512216E+00 1.08172815E+00 1.07855051E+00 1.07520194E+00 1.07209247E+00 1.06884369E+00 1.06585015E+00 1.06274040E+00 1.05989142E+00 1.05694825E+00 1.05426655E+00 1.05150968E+00 1.04900816E+00 1.04644711E+00 1.04413243E+00 1.04176981E+00 1.03963994E+00 1.03747338E+00 1.03537523E+00 1.03324467E+00 1.03108109E+00 1.02888453E+00 1.02665786E+00 1.02440207E+00 1.02211608E+00 1.01980194E+00 1.01747085E+00 1.01512455E+00 1.01274404E+00 1.01034893E+00 1.00808077E+00 1.00592443E+00 1.00331157E+00 1.00000000E+00
1.12536872E+00 1.12536730E+00 1.12536980E+00 1.12537318E+00 1.12537538E+00 1.12537557E+00 1.12537479E+00 1.12537405E+00 1.12537350E+00 1.12537317E+00 1.12537287E+00 1.12537256E+00 1.12537229E+00 1.12537214E+00 1.12537211E+00 1.12537222E+00 1.12537245E+00 1.12537282E+00 1.12537332E+00 1.12537398E+00 1.12537480E+00 1.12537578E+00 1.12537695E+00 1.12537831E+00 1.12537988E+00 1.12538168E+00 1.12538371E+00 1.12538602E+00 1.12538860E+00 1.12539148E+00 1.12539469E+00 1.12539823E+00 1.12540214E+00 1.12540642E+00 1.12541109E+00 1.12541616E+00 1.12542163E+00 1.12542749E+00 1.12543375E+00 1.12544036E+00 1.12544730E+00 1.12545449E+00 1.12546189E+00 1.12546936E+00 1.12547679E+00 1.12548399E+00 1.12549078E+00 1.12549684E+00 1.12550193E+00 1.12550557E+00 1.12550741E+00 1.12550675E+00 1.12550305E+00 1.12549541E+00 1.12548309E+00 1.12546476E+00 1.12543948E+00 1.12540548E+00 1.12536144E+00 1.12530503E+00 1.12523457E+00 1.12514695E+00 1.12503999E+00 1.12490978E+00 1.12475350E+00 1.12456608E+00 1.12434410E+00 1.12408118E+00 1.12377292E+00 1.12341158E+00 1.12299181E+00 1.12250405E+00 1.12194185E+00 1.12129375E+00 1.12055221E+00 1.11970338E+00 1.11873867E+00 1.11764157E+00 1.11640143E+00 1.11500082E+00 1.11342786E+00 1.11166042E+00 1.10968556E+00 1.10748060E+00 1.10503050E+00 1.10233313E+00 1.09935365E+00 1.09638707E+00 1.09315642E+00 1.09005971E+00 1.08672911E+00 1.08357880E+00 1.08022953E+00 1.07709337E+00 1.07378836E+00 1.07071800E+00 1.06750941E+00 1.06455356E+00 1.06148366E+00 1.05867176E+00 1.05576769E+00 1.05312224E+00 1.05040384E+00 1.04793838E+00 1.04541598E+00 1.04313780E+00 1.04081374E+00 1.03872006E+00 1.03659208E+00 1.03453335E+00 1.03244508E+00 1.03032657E+00 1.02817850E+00 1.02600498E+00 1.02380676E+00 1.02158292E+00 1.01933771E+00 1.01708528E+00 1.01482254E+00 1.01252740E+00 1.01022762E+00 1.00806416E+00 1.00599108E+00 1.00338127E+00 1.00000000E+00
1.12533888E+00 1.12533688E+00 1.12533874E+00 1.12534195E+00 1.12534425E+00 1.12534455E+00 1.12534382E+00 1.12534301E+00 1.12534238E+00 1.12534199E+00 1.12534166E+00 1.12534131E+00 1.12534101E+00 1.12534082E+00 1.12534075E+00 1.12534082E+00 1.12534102E+00 1.12534135E+00 1.12534182E+00 1.12534245E+00 1.12534323E+00 1.12534419E+00 1.12534532E+00 1.12534665E+00 1.12534819E+00 1.12534995E+00 1.12535196E+00 1.12535423E+00 1.12535678E+00 1.12535964E+00 1.12536282E+00 1.12536635E+00 1.12537024E+00 1.12537451E+00 1.12537918E+00 1.12538427E+00 1.12538977E+00 1.12539569E+00 1.12540201E+00 1.12540873E+00 1.12541580E+00 1.12542318E+00 1.12543080E+00 1.12543856E+00 1.12544635E+00 1.12545398E+00 1.12546129E+00 1.12546799E+00 1.12547384E+00 1.12547838E+00 1.12548128E+00 1.12548187E+00 1.12547963E+00 1.12547370E+00 1.12546335E+00 1.12544731E+00 1.12542466E+00 1.12539367E+00 1.12535307E+00 1.12530058E+00 1.12523454E+00 1.12515192E+00 1.12505058E+00 1.12492668E+00 1.12477746E+00 1.12459790E+00 1.12438465E+00 1.12413140E+00 1.12383378E+00 1.12348408E+00 1.12307705E+00 1.12260316E+00 1.12205601E+00 1.12142411E+00 1.12070000E+00 1.11986981E+00 1.11892499E+00 1.11784890E+00 1.11663076E+00 1.11525311E+00 1.11370412E+00 1.11196134E+00 1.11001171E+00 1.10783242E+00 1.10540835E+00 1.10273675E+00 1.09978274E+00 1.09683831E+00 1.09362931E+00 1.09055097E+00 1.08723777E+00 1.08410178E+00 1.08076616E+00 1.07764162E+00 1.07434720E+00 1.07128434E+00 1.06808259E+00 1.06513298E+00 1.06206886E+00 1.05926129E+00 1.05636100E+00 1.05371848E+00 1.05100279E+00 1.04853931E+00 1.04601869E+00 1.04374157E+00 1.04141797E+00 1.03932450E+00 1.03719632E+00 1.03513685E+00 1.03304710E+00 1.03092573E+00 1.02877375E+00 1.02659555E+00 1.02439055E+00 1.02215643E+00 1.01989765E+00 1.01762764E+00 1.01533938E+00 1.01300691E+00 1.01065666E+00 1.00842005E+00 1.00624877E+00 1.00351871E+00 1.00000000E+00
1.12666895E+00 1.12666895E+00 1.12667213E+00 1.12667559E+00 1.12667762E+00 1.12667768E+00 1.12667683E+00 1.12667605E+00 1.12667546E+00 1.12667505E+00 1.12667466E+00 1.12667426E+00 1.12667391E+00 1.12667368E+00 1.12667358E+00 1.12667361E+00 1.12667377E+00 1.12667407E+00 1.12667451E+00 1.12667511E+00 1.12667587E+00 1.12667680E+00 1.12667792E+00 1.12667923E+00 1.12668076E+00 1.12668251E+00 1.12668451E+00 1.12668678E+00 1.12668934E+00 1.12669221E+00 1.12669541E+00 1.12669898E+00 1.12670291E+00 1.12670725E+00 1.12671200E+00 1.12671719E+00 1.12672282E+00 1.12672889E+00 1.12673541E+00 1.12674236E+00 1.12674972E+00 1.12675743E+00 1.12676545E+00 1.12677369E+00 1.12678204E+00 1.12679033E+00 1.12679841E+00 1.12680600E+00 1.12681289E+00 1.12681863E+00 1.12682291E+00 1.12682509E+00 1.12682466E+00 1.12682079E+00 1.12681280E+00 1.12679944E+00 1.12677980E+00 1.12675222E+00 1.12671545E+00 1.12666723E+00 1.12660597E+00 1.12652865E+00 1.12643317E+00 1.12631576E+00 1.12617368E+00 1.12600196E+00 1.12579728E+00 1.12555334E+00 1.12526578E+00 1.12492691E+00 1.12453148E+00 1.12406997E+00 1.12353595E+00 1.12291784E+00 1.12220817E+00 1.12139297E+00 1.12046360E+00 1.11940318E+00 1.11820076E+00 1.11683868E+00 1.11530502E+00 1.11357685E+00 1.11164084E+00 1.10947386E+00 1.10706045E+00 1.10439712E+00 1.10144864E+00 1.09850604E+00 1.09529586E+00 1.09221324E+00 1.08889245E+00 1.08574662E+00 1.08239811E+00 1.07925936E+00 1.07594726E+00 1.07286498E+00 1.06964123E+00 1.06667027E+00 1.06358207E+00 1.06075016E+00 1.05782279E+00 1.05515403E+00 1.05240972E+00 1.04991843E+00 1.04736765E+00 1.04506136E+00 1.04270604E+00 1.04058248E+00 1.03842190E+00 1.03632895E+00 1.03420308E+00 1.03204228E+00 1.02984744E+00 1.02762283E+00 1.02536706E+00 1.02307661E+00 1.02075546E+00 1.01841615E+00 1.01605048E+00 1.01363059E+00 1.01118078E+00 1.00882763E+00 1.00652681E+00 1.00366107E+00 1.00000000E+00
1.12868534E+00 1.12868994E+00 1.12869591E+00 1.12870028E+00 1.12870233E+00 1.12870244E+00 1.12870176E+00 1.12870123E+00 1.12870082E+00 1.12870046E+00 1.12870005E+00 1.12869962E+00 1.12869924E+00 1.12869899E+00 1.12869886E+00 1.12869887E+00 1.12869900E+00 1.12869927E+00 1.12869968E+00 1.12870026E+00 1.12870100E+00 1.12870192E+00 1.12870302E+00 1.12870433E+00 1.12870586E+00 1.12870762E+00 1.12870964E+00 1.12871193E+00 1.12871453E+00 1.12871745E+00 1.12872071E+00 1.12872435E+00 1.12872839E+00 1.12873285E+00 1.12873775E+00 1.12874313E+00 1.12874898E+00 1.12875531E+00 1.12876214E+00 1.12876946E+00 1.12877725E+00 1.12878547E+00 1.12879407E+00 1.12880299E+00 1.12881213E+00 1.12882133E+00 1.12883046E+00 1.12883926E+00 1.12884751E+00 1.12885482E+00 1.12886088E+00 1.12886507E+00 1.12886691E+00 1.12886561E+00 1.12886049E+00 1.12885035E+00 1.12883432E+00 1.12881075E+00 1.12877841E+00 1.12873510E+00 1.12867924E+00 1.12860785E+00 1.12851883E+00 1.12840848E+00 1.12827406E+00 1.12811061E+00 1.12791481E+00 1.12768036E+00 1.12740287E+00 1.12707461E+00 1.12669031E+00 1.12624037E+00 1.12571830E+00 1.12511234E+00 1.12441498E+00 1.12361198E+00 1.12269457E+00 1.12164554E+00 1.12045369E+00 1.11910107E+00 1.11757548E+00 1.11585336E+00 1.11392107E+00 1.11175497E+00 1.10933905E+00 1.10666903E+00 1.10370913E+00 1.10075124E+00 1.09752078E+00 1.09441515E+00 1.09106632E+00 1.08789110E+00 1.08450841E+00 1.08133491E+00 1.07798319E+00 1.07486104E+00 1.07159346E+00 1.06858032E+00 1.06544593E+00 1.06256901E+00 1.05959276E+00 1.05687744E+00 1.05408314E+00 1.05154428E+00 1.04894272E+00 1.04658835E+00 1.04418182E+00 1.04201029E+00 1.03979896E+00 1.03765468E+00 1.03547456E+00 1.03325612E+00 1.03100003E+00 1.02871040E+00 1.02638557E+00 1.02402126E+00 1.02162095E+00 1.01919659E+00 1.01674001E+00 1.01422268E+00 1.01166708E+00 1.00919734E+00 1.00677390E+00 1.00378568E+00 1.00000000E+00
1.13100375E+00 1.13101462E+00 1.13102377E+00 1.13102915E+00 1.13103147E+00 1.13103216E+00 1.13103219E+00 1.13103229E+00 1.13103226E+00 1.13103208E+00 1.13103175E+00 1.13103140E+00 1.13103108E+00 1.13103087E+00 1.13103076E+00 1.13103077E+00 1.13103090E+00 1.13103116E+00 1.13103158E+00 1.13103215E+00 1.13103288E+00 1.13103380E+00 1.13103491E+00 1.13103623E+00 1.13103778E+00 1.13103957E+00 1.13104163E+00 1.13104398E+00 1.13104664E+00 1.13104965E+00 1.13105302E+00 1.13105679E+00 1.13106098E+00 1.13106563E+00 1.13107076E+00 1.13107640E+00 1.13108257E+00 1.13108928E+00 1.13109655E+00 1.13110437E+00 1.13111275E+00 1.13112165E+00 1.13113104E+00 1.13114087E+00 1.13115104E+00 1.13116143E+00 1.13117191E+00 1.13118224E+00 1.13119223E+00 1.13120150E+00 1.13120976E+00 1.13121644E+00 1.13122105E+00 1.13122285E+00 1.13122118E+00 1.13121487E+00 1.13120307E+00 1.13118416E+00 1.13115694E+00 1.13111921E+00 1.13106944E+00 1.13100464E+00 1.13092273E+00 1.13082004E+00 1.13069383E+00 1.13053910E+00 1.13035252E+00 1.13012775E+00 1.12986033E+00 1.12954244E+00 1.12916875E+00 1.12872955E+00 1.12821821E+00 1.12762275E+00 1.12693552E+00 1.12614197E+00 1.12523311E+00 1.12419130E+00 1.12300510E+00 1.12165615E+00 1.12013187E+00 1.11840794E+00 1.11647042E+00 1.11429501E+00 1.11186512E+00 1.10917565E+00 1.10619022E+00 1.10320312E+00 1.09993720E+00 1.09679401E+00 1.09340163E+00 1.09018247E+00 1.08675014E+00 1.08352736E+00 1.08012094E+00 1.07694531E+00 1.07361966E+00 1.07055104E+00 1.06735682E+00 1.06442266E+00 1.06138504E+00 1.05861194E+00 1.05575632E+00 1.05315988E+00 1.05049754E+00 1.04808642E+00 1.04562016E+00 1.04339328E+00 1.04112406E+00 1.03892203E+00 1.03668163E+00 1.03440009E+00 1.03207789E+00 1.02971899E+00 1.02732176E+00 1.02488150E+00 1.02240127E+00 1.01989265E+00 1.01734791E+00 1.01473842E+00 1.01208528E+00 1.00951125E+00 1.00698112E+00 1.00388912E+00 1.00000000E+00
1.12929678E+00 1.12929692E+00 1.12930092E+00 1.12930555E+00 1.12930862E+00 1.12930937E+00 1.12930898E+00 1.12930856E+00 1.12930829E+00 1.12930816E+00 1.12930801E+00 1.12930781E+00 1.12930763E+00 1.12930755E+00 1.12930759E+00 1.12930775E+00 1.12930804E+00 1.12930845E+00 1.12930902E+00 1.12930973E+00 1.12931061E+00 1.12931167E+00 1.12931291E+00 1.12931436E+00 1.12931602E+00 1.12931792E+00 1.12932007E+00 1.12932248E+00 1.12932519E+00 1.12932820E+00 1.12933154E+00 1.12933523E+00 1.12933927E+00 1.12934370E+00 1.12934851E+00 1.12935372E+00 1.12935931E+00 1.12936529E+00 1.12937164E+00 1.12937832E+00 1.12938529E+00 1.12939248E+00 1.12939981E+00 1.12940714E+00 1.12941435E+00 1.12942123E+00 1.12942757E+00 1.12943305E+00 1.12943738E+00 1.12944006E+00 1.12944071E+00 1.12943857E+00 1.12943310E+00 1.12942332E+00 1.12940846E+00 1.12938711E+00 1.12935827E+00 1.12932010E+00 1.12927122E+00 1.12920920E+00 1.12913228E+00 1.12903725E+00 1.12892184E+00 1.12878203E+00 1.12861486E+00 1.12841514E+00 1.12817931E+00 1.12790087E+00 1.12757532E+00 1.12719476E+00 1.12675371E+00 1.12624244E+00 1.12565434E+00 1.12497792E+00 1.12420542E+00 1.12332287E+00 1.12232148E+00 1.12118467E+00 1.11990197E+00 1.11845583E+00 1.11683389E+00 1.11501429E+00 1.11298423E+00 1.11072085E+00 1.10820874E+00 1.10544670E+00 1.10239894E+00 1.09936843E+00 1.09607048E+00 1.09291172E+00 1.08951666E+00 1.08630765E+00 1.08289692E+00 1.07970349E+00 1.07633803E+00 1.07321357E+00 1.06994894E+00 1.06694002E+00 1.06381397E+00 1.06094973E+00 1.05799015E+00 1.05529308E+00 1.05251958E+00 1.05000236E+00 1.04742426E+00 1.04509323E+00 1.04271318E+00 1.04056691E+00 1.03838262E+00 1.03626605E+00 1.03411527E+00 1.03192977E+00 1.02970957E+00 1.02745658E+00 1.02517127E+00 1.02285301E+00 1.02050272E+00 1.01812771E+00 1.01572889E+00 1.01329309E+00 1.01082842E+00 1.00844311E+00 1.00617358E+00 1.00346434E+00 1.00000000E+00
1.12853032E+00 1.12852993E+00 1.12853346E+00 1.12853807E+00 1.12854136E+00 1.12854230E+00 1.12854203E+00 1.12854164E+00 1.12854138E+00 1.12854129E+00 1.12854118E+00 1.12854102E+00 1.12854087E+00 1.12854082E+00 1.12854087E+00 1.12854105E+00 1.12854134E+00 1.12854177E+00 1.12854234E+00 1.12854306E+00 1.12854393E+00 1.12854499E+00 1.12854622E+00 1.12854766E+00 1.12854931E+00 1.12855119E+00 1.12855332E+00 1.12855571E+00 1.12855839E+00 1.12856138E+00 1.12856470E+00 1.12856836E+00 1.12857238E+00 1.12857678E+00 1.12858156E+00 1.12858674E+00 1.12859232E+00 1.12859828E+00 1.12860462E+00 1.12861130E+00 1.12861827E+00 1.12862548E+00 1.12863284E+00 1.12864022E+00 1.12864751E+00 1.12865449E+00 1.12866096E+00 1.12866661E+00 1.12867115E+00 1.12867410E+00 1.12867507E+00 1.12867333E+00 1.12866832E+00 1.12865911E+00 1.12864491E+00 1.12862435E+00 1.12859644E+00 1.12855933E+00 1.12851169E+00 1.12845111E+00 1.12837583E+00 1.12828268E+00 1.12816941E+00 1.12803201E+00 1.12786758E+00 1.12767094E+00 1.12743857E+00 1.12716399E+00 1.12684275E+00 1.12646695E+00 1.12603117E+00 1.12552570E+00 1.12494397E+00 1.12427451E+00 1.12350959E+00 1.12263527E+00 1.12164281E+00 1.12051566E+00 1.11924327E+00 1.11780812E+00 1.11619794E+00 1.11439083E+00 1.11237397E+00 1.11012449E+00 1.10762710E+00 1.10488033E+00 1.10184860E+00 1.09883306E+00 1.09555076E+00 1.09240637E+00 1.08902624E+00 1.08583081E+00 1.08243426E+00 1.07925393E+00 1.07590227E+00 1.07279029E+00 1.06953854E+00 1.06654173E+00 1.06342855E+00 1.06057633E+00 1.05762950E+00 1.05494431E+00 1.05218349E+00 1.04967821E+00 1.04711297E+00 1.04479412E+00 1.04242699E+00 1.04029289E+00 1.03812163E+00 1.03601835E+00 1.03388185E+00 1.03171162E+00 1.02950786E+00 1.02727282E+00 1.02500690E+00 1.02270956E+00 1.02038227E+00 1.01803305E+00 1.01566116E+00 1.01325249E+00 1.01081671E+00 1.00846019E+00 1.00621169E+00 1.00349696E+00 1.00000000E+00
1.12865806E+00 1.12865797E+00 1.12866166E+00 1.12866624E+00 1.12866944E+00 1.12867034E+00 1.12867004E+00 1.12866966E+00 1.12866940E+00 1.12866930E+00 1.12866918E+00 1.12866901E+00 1.12866885E+00 1.12866879E+00 1.12866883E+00 1.12866900E+00 1.12866929E+00 1.12866971E+00 1.12867027E+00 1.12867098E+00 1.12867185E+00 1.12867290E+00 1.12867412E+00 1.12867555E+00 1.12867720E+00 1.12867907E+00 1.12868119E+00 1.12868358E+00 1.12868626E+00 1.12868925E+00 1.12869256E+00 1.12869622E+00 1.12870024E+00 1.12870465E+00 1.12870944E+00 1.12871464E+00 1.12872024E+00 1.12872624E+00 1.12873261E+00 1.12873934E+00 1.12874638E+00 1.12875366E+00 1.12876112E+00 1.12876863E+00 1.12877606E+00 1.12878321E+00 1.12878989E+00 1.12879578E+00 1.12880061E+00 1.12880389E+00 1.12880526E+00 1.12880397E+00 1.12879950E+00 1.12879089E+00 1.12877739E+00 1.12875763E+00 1.12873064E+00 1.12869458E+00 1.12864812E+00 1.12858886E+00 1.12851508E+00 1.12842361E+00 1.12831221E+00 1.12817691E+00 1.12801480E+00 1.12782073E+00 1.12759119E+00 1.12731973E+00 1.12700188E+00 1.12662978E+00 1.12619800E+00 1.12569687E+00 1.12511980E+00 1.12445530E+00 1.12369567E+00 1.12282696E+00 1.12184040E+00 1.12071940E+00 1.11945339E+00 1.11802477E+00 1.11642131E+00 1.11462099E+00 1.11261093E+00 1.11036821E+00 1.10787749E+00 1.10513710E+00 1.10211144E+00 1.09910090E+00 1.09582326E+00 1.09268258E+00 1.08930569E+00 1.08611267E+00 1.08271816E+00 1.07953935E+00 1.07618878E+00 1.07307713E+00 1.06982542E+00 1.06682857E+00 1.06371511E+00 1.06086231E+00 1.05791460E+00 1.05522840E+00 1.05246640E+00 1.04995979E+00 1.04739302E+00 1.04507250E+00 1.04270336E+00 1.04056727E+00 1.03839369E+00 1.03628784E+00 1.03414832E+00 1.03197440E+00 1.02976631E+00 1.02752632E+00 1.02525438E+00 1.02294947E+00 1.02061301E+00 1.01825268E+00 1.01586647E+00 1.01343911E+00 1.01097985E+00 1.00859222E+00 1.00630539E+00 1.00354649E+00 1.00000000E+00
1.12928407E+00 1.12928581E+00 1.12929067E+00 1.12929535E+00 1.12929821E+00 1.12929887E+00 1.12929852E+00 1.12929822E+00 1.12929804E+00 1.12929796E+00 1.12929783E+00 1.12929764E+00 1.12929748E+00 1.12929742E+00 1.12929747E+00 1.12929764E+00 1.12929793E+00 1.12929834E+00 1.12929890E+00 1.12929961E+00 1.12930048E+00 1.12930152E+00 1.12930275E+00 1.12930418E+00 1.12930583E+00 1.12930771E+00 1.12930983E+00 1.12931223E+00 1.12931492E+00 1.12931792E+00 1.12932125E+00 1.12932494E+00 1.12932899E+00 1.12933344E+00 1.12933828E+00 1.12934353E+00 1.12934920E+00 1.12935527E+00 1.12936173E+00 1.12936857E+00 1.12937574E+00 1.12938317E+00 1.12939081E+00 1.12939851E+00 1.12940618E+00 1.12941360E+00 1.12942060E+00 1.12942685E+00 1.12943209E+00 1.12943584E+00 1.12943774E+00 1.12943706E+00 1.12943327E+00 1.12942544E+00 1.12941281E+00 1.12939403E+00 1.12936813E+00 1.12933329E+00 1.12928818E+00 1.12923043E+00 1.12915830E+00 1.12906864E+00 1.12895923E+00 1.12882610E+00 1.12866636E+00 1.12847484E+00 1.12824807E+00 1.12797956E+00 1.12766486E+00 1.12729610E+00 1.12686783E+00 1.12637037E+00 1.12579710E+00 1.12513651E+00 1.12438087E+00 1.12351615E+00 1.12253358E+00 1.12141644E+00 1.12015408E+00 1.11872883E+00 1.11712841E+00 1.11533062E+00 1.11332246E+00 1.11108088E+00 1.10859040E+00 1.10584913E+00 1.10282128E+00 1.09980735E+00 1.09652498E+00 1.09337874E+00 1.08999486E+00 1.08679433E+00 1.08339099E+00 1.08020312E+00 1.07684213E+00 1.07371980E+00 1.07045629E+00 1.06744806E+00 1.06432204E+00 1.06145691E+00 1.05849571E+00 1.05579659E+00 1.05302063E+00 1.05050062E+00 1.04791946E+00 1.04558520E+00 1.04320128E+00 1.04105126E+00 1.03886282E+00 1.03674177E+00 1.03458603E+00 1.03239464E+00 1.03016780E+00 1.02790770E+00 1.02561406E+00 1.02328549E+00 1.02092330E+00 1.01853490E+00 1.01611792E+00 1.01365671E+00 1.01116005E+00 1.00873008E+00 1.00639804E+00 1.00359363E+00 1.00000000E+00
1.13015537E+00 1.13015986E+00 1.13016645E+00 1.13017182E+00 1.13017487E+00 1.13017571E+00 1.13017559E+00 1.13017551E+00 1.13017550E+00 1.13017549E+00 1.13017539E+00 1.13017523E+00 1.13017508E+00 1.13017503E+00 1.13017509E+00 1.13017526E+00 1.13017554E+00 1.13017596E+00 1.13017651E+00 1.13017722E+00 1.13017809E+00 1.13017914E+00 1.13018037E+00 1.13018180E+00 1.13018346E+00 1.13018535E+00 1.13018749E+00 1.13018991E+00 1.13019262E+00 1.13019566E+00 1.13019903E+00 1.13020276E+00 1.13020687E+00 1.13021138E+00 1.13021630E+00 1.13022164E+00 1.13022742E+00 1.13023362E+00 1.13024023E+00 1.13024724E+00 1.13025461E+00 1.13026227E+00 1.13027017E+00 1.13027817E+00 1.13028619E+00 1.13029400E+00 1.13030143E+00 1.13030819E+00 1.13031400E+00 1.13031838E+00 1.13032100E+00 1.13032112E+00 1.13031822E+00 1.13031138E+00 1.13029986E+00 1.13028230E+00 1.13025774E+00 1.13022437E+00 1.13018088E+00 1.13012488E+00 1.13005466E+00 1.12996706E+00 1.12985986E+00 1.12972910E+00 1.12957188E+00 1.12938304E+00 1.12915909E+00 1.12889351E+00 1.12858185E+00 1.12821618E+00 1.12779106E+00 1.12729675E+00 1.12672659E+00 1.12606898E+00 1.12531617E+00 1.12445400E+00 1.12347364E+00 1.12235824E+00 1.12109704E+00 1.11967222E+00 1.11807141E+00 1.11627216E+00 1.11426135E+00 1.11201570E+00 1.10951954E+00 1.10677072E+00 1.10373322E+00 1.10070841E+00 1.09741302E+00 1.09425313E+00 1.09085348E+00 1.08763709E+00 1.08421590E+00 1.08101039E+00 1.07762982E+00 1.07448835E+00 1.07120406E+00 1.06817602E+00 1.06502861E+00 1.06214300E+00 1.05915984E+00 1.05644003E+00 1.05364208E+00 1.05110139E+00 1.04849836E+00 1.04614364E+00 1.04373816E+00 1.04156813E+00 1.03935871E+00 1.03721667E+00 1.03503896E+00 1.03282449E+00 1.03057342E+00 1.02828787E+00 1.02596749E+00 1.02361075E+00 1.02121880E+00 1.01879892E+00 1.01634878E+00 1.01385271E+00 1.01131906E+00 1.00884928E+00 1.00647665E+00 1.00363309E+00 1.00000000E+00
1.13112702E+00 1.13113585E+00 1.13114464E+00 1.13115047E+00 1.13115344E+00 1.13115453E+00 1.13115485E+00 1.13115521E+00 1.13115548E+00 1.13115560E+00 1.13115555E+00 1.13115545E+00 1.13115536E+00 1.13115536E+00 1.13115545E+00 1.13115564E+00 1.13115594E+00 1.13115637E+00 1.13115694E+00 1.13115766E+00 1.13115854E+00 1.13115960E+00 1.13116085E+00 1.13116230E+00 1.13116398E+00 1.13116589E+00 1.13116807E+00 1.13117052E+00 1.13117328E+00 1.13117637E+00 1.13117980E+00 1.13118361E+00 1.13118781E+00 1.13119242E+00 1.13119746E+00 1.13120294E+00 1.13120888E+00 1.13121526E+00 1.13122209E+00 1.13122934E+00 1.13123699E+00 1.13124497E+00 1.13125323E+00 1.13126165E+00 1.13127012E+00 1.13127846E+00 1.13128648E+00 1.13129389E+00 1.13130044E+00 1.13130565E+00 1.13130917E+00 1.13131030E+00 1.13130851E+00 1.13130290E+00 1.13129271E+00 1.13127662E+00 1.13125366E+00 1.13122202E+00 1.13118039E+00 1.13112639E+00 1.13105830E+00 1.13097296E+00 1.13086815E+00 1.13073990E+00 1.13058531E+00 1.13039917E+00 1.13017797E+00 1.12991520E+00 1.12960631E+00 1.12924337E+00 1.12882087E+00 1.12832900E+00 1.12776106E+00 1.12710531E+00 1.12635397E+00 1.12549271E+00 1.12451262E+00 1.12339668E+00 1.12213401E+00 1.12070663E+00 1.11910202E+00 1.11729745E+00 1.11527967E+00 1.11302514E+00 1.11051798E+00 1.10775583E+00 1.10470237E+00 1.10166055E+00 1.09834558E+00 1.09516588E+00 1.09174400E+00 1.08850579E+00 1.08506056E+00 1.08183173E+00 1.07842583E+00 1.07526009E+00 1.07194983E+00 1.06889727E+00 1.06572379E+00 1.06281363E+00 1.05980451E+00 1.05706053E+00 1.05423723E+00 1.05167301E+00 1.04904541E+00 1.04666801E+00 1.04423892E+00 1.04204721E+00 1.03981534E+00 1.03765113E+00 1.03545050E+00 1.03321229E+00 1.03093661E+00 1.02862556E+00 1.02627882E+00 1.02389475E+00 1.02147443E+00 1.01902505E+00 1.01654444E+00 1.01401704E+00 1.01145088E+00 1.00894697E+00 1.00654036E+00 1.00366479E+00 1.00000000E+00
1.12272336E+00 1.12271591E+00 1.12271396E+00 1.12271494E+00 1.12271575E+00 1.12271461E+00 1.12271243E+00 1.12271021E+00 1.12270834E+00 1.12270693E+00 1.12270574E+00 1.12270467E+00 1.12270374E+00 1.12270300E+00 1.12270246E+00 1.12270211E+00 1.12270196E+00 1.12270199E+00 1.12270220E+00 1.12270259E+00 1.12270318E+00 1.12270396E+00 1.12270495E+00 1.12270614E+00 1.12270756E+00 1.12270922E+00 1.12271113E+00 1.12271330E+00 1.12271577E+00 1.12271854E+00 1.12272163E+00 1.12272507E+00 1.12272886E+00 1.12273303E+00 1.12273758E+00 1.12274254E+00 1.12274789E+00 1.12275364E+00 1.12275977E+00 1.12276626E+00 1.12277307E+00 1.12278014E+00 1.12278741E+00 1.12279476E+00 1.12280208E+00 1.12280916E+00 1.12281584E+00 1.12282182E+00 1.12282683E+00 1.12283042E+00 1.12283223E+00 1.12283156E+00 1.12282791E+00 1.12282035E+00 1.12280817E+00 1.12279005E+00 1.12276505E+00 1.12273141E+00 1.12268784E+00 1.12263201E+00 1.12256227E+00 1.12247551E+00 1.12236959E+00 1.12224063E+00 1.12208582E+00 1.12190010E+00 1.12168010E+00 1.12141946E+00 1.12111383E+00 1.12075551E+00 1.12033916E+00 1.11985527E+00 1.11929747E+00 1.11865436E+00 1.11791846E+00 1.11707591E+00 1.11611816E+00 1.11502876E+00 1.11379714E+00 1.11240618E+00 1.11084396E+00 1.10908824E+00 1.10712623E+00 1.10493543E+00 1.10250057E+00 1.09982009E+00 1.09685939E+00 1.09391116E+00 1.09070061E+00 1.08762341E+00 1.08431358E+00 1.08118230E+00 1.07785335E+00 1.07473750E+00 1.07145435E+00 1.06840327E+00 1.06521521E+00 1.06227934E+00 1.05923037E+00 1.05643802E+00 1.05355496E+00 1.05092910E+00 1.04823138E+00 1.04578509E+00 1.04328294E+00 1.04102424E+00 1.03872098E+00 1.03664624E+00 1.03453816E+00 1.03250025E+00 1.03043478E+00 1.02834099E+00 1.02621941E+00 1.02407538E+00 1.02191016E+00 1.01972124E+00 1.01751605E+00 1.01531742E+00 1.01312394E+00 1.01090846E+00 1.00871406E+00 1.00674151E+00 1.00494735E+00 1.00277105E+00 1.00000000E+00
1.11189399E+00 1.11188552E+00 1.11188430E+00 1.11188624E+00 1.11188794E+00 1.11188739E+00 1.11188570E+00 1.11188397E+00 1.11188263E+00 1.11188179E+00 1.11188116E+00 1.11188059E+00 1.11188009E+00 1.11187972E+00 1.11187949E+00 1.11187941E+00 1.11187946E+00 1.11187965E+00 1.11187996E+00 1.11188042E+00 1.11188101E+00 1.11188176E+00 1.11188266E+00 1.11188374E+00 1.11188500E+00 1.11188646E+00 1.11188813E+00 1.11189004E+00 1.11189220E+00 1.11189463E+00 1.11189735E+00 1.11190039E+00 1.11190377E+00 1.11190750E+00 1.11191160E+00 1.11191609E+00 1.11192099E+00 1.11192630E+00 1.11193201E+00 1.11193813E+00 1.11194463E+00 1.11195148E+00 1.11195863E+00 1.11196601E+00 1.11197355E+00 1.11198108E+00 1.11198849E+00 1.11199553E+00 1.11200201E+00 1.11200755E+00 1.11201187E+00 1.11201444E+00 1.11201479E+00 1.11201215E+00 1.11200593E+00 1.11199501E+00 1.11197859E+00 1.11195519E+00 1.11192367E+00 1.11188198E+00 1.11182869E+00 1.11176105E+00 1.11167710E+00 1.11157342E+00 1.11144749E+00 1.11129472E+00 1.11111211E+00 1.11089392E+00 1.11063606E+00 1.11033126E+00 1.10997465E+00 1.10955739E+00 1.10907373E+00 1.10851263E+00 1.10786699E+00 1.10712376E+00 1.10627505E+00 1.10530500E+00 1.10420302E+00 1.10295211E+00 1.10154171E+00 1.09995015E+00 1.09816412E+00 1.09616084E+00 1.09392670E+00 1.09145883E+00 1.08872463E+00 1.08599069E+00 1.08300599E+00 1.08013995E+00 1.07705039E+00 1.07411753E+00 1.07099483E+00 1.06807329E+00 1.06499410E+00 1.06212463E+00 1.05912130E+00 1.05635554E+00 1.05348376E+00 1.05085443E+00 1.04814093E+00 1.04566980E+00 1.04313215E+00 1.04083248E+00 1.03848382E+00 1.03636764E+00 1.03421263E+00 1.03227331E+00 1.03030638E+00 1.02841086E+00 1.02649515E+00 1.02455688E+00 1.02259989E+00 1.02063439E+00 1.01865953E+00 1.01667148E+00 1.01469089E+00 1.01275830E+00 1.01084940E+00 1.00892712E+00 1.00708812E+00 1.00556682E+00 1.00427211E+00 1.00249903E+00 1.00000000E+00
1.10512510E+00 1.10511398E+00 1.10511321E+00 1.10511633E+00 1.10511900E+00 1.10511857E+00 1.10511662E+00 1.10511464E+00 1.10511319E+00 1.10511241E+00 1.10511190E+00 1.10511142E+00 1.10511098E+00 1.10511063E+00 1.10511041E+00 1.10511033E+00 1.10511037E+00 1.10511052E+00 1.10511078E+00 1.10511116E+00 1.10511166E+00 1.10511229E+00 1.10511306E+00 1.10511398E+00 1.10511506E+00 1.10511632E+00 1.10511777E+00 1.10511943E+00 1.10512132E+00 1.10512347E+00 1.10512588E+00 1.10512859E+00 1.10513163E+00 1.10513500E+00 1.10513874E+00 1.10514288E+00 1.10514742E+00 1.10515238E+00 1.10515778E+00 1.10516363E+00 1.10516991E+00 1.10517661E+00 1.10518371E+00 1.10519118E+00 1.10519897E+00 1.10520695E+00 1.10521505E+00 1.10522309E+00 1.10523092E+00 1.10523822E+00 1.10524482E+00 1.10525028E+00 1.10525421E+00 1.10525597E+00 1.10525507E+00 1.10525058E+00 1.10524183E+00 1.10522758E+00 1.10520683E+00 1.10517780E+00 1.10513927E+00 1.10508878E+00 1.10502460E+00 1.10494369E+00 1.10484382E+00 1.10472084E+00 1.10457208E+00 1.10439242E+00 1.10417798E+00 1.10392185E+00 1.10361961E+00 1.10326323E+00 1.10284738E+00 1.10236135E+00 1.10179844E+00 1.10114634E+00 1.10039764E+00 1.09953695E+00 1.09855368E+00 1.09743131E+00 1.09616005E+00 1.09471834E+00 1.09309237E+00 1.09125919E+00 1.08920630E+00 1.08692976E+00 1.08439735E+00 1.08185315E+00 1.07906655E+00 1.07638325E+00 1.07348074E+00 1.07071383E+00 1.06776228E+00 1.06500122E+00 1.06208540E+00 1.05935560E+00 1.05649205E+00 1.05385441E+00 1.05111351E+00 1.04860098E+00 1.04600561E+00 1.04363962E+00 1.04120820E+00 1.03900363E+00 1.03675240E+00 1.03472374E+00 1.03265721E+00 1.03079719E+00 1.02891158E+00 1.02709655E+00 1.02526353E+00 1.02340765E+00 1.02153595E+00 1.01966462E+00 1.01779131E+00 1.01590727E+00 1.01403525E+00 1.01221877E+00 1.01042980E+00 1.00863758E+00 1.00693934E+00 1.00551522E+00 1.00427409E+00 1.00252809E+00 1.00000000E+00
1.10079038E+00 1.10078045E+00 1.10078257E+00 1.10078751E+00 1.10079088E+00 1.10079027E+00 1.10078790E+00 1.10078575E+00 1.10078431E+00 1.10078363E+00 1.10078322E+00 1.10078277E+00 1.10078233E+00 1.10078196E+00 1.10078172E+00 1.10078161E+00 1.10078160E+00 1.10078170E+00 1.10078189E+00 1.10078218E+00 1.10078259E+00 1.10078311E+00 1.10078375E+00 1.10078453E+00 1.10078545E+00 1.10078654E+00 1.10078779E+00 1.10078926E+00 1.10079093E+00 1.10079283E+00 1.10079500E+00 1.10079745E+00 1.10080021E+00 1.10080330E+00 1.10080676E+00 1.10081061E+00 1.10081488E+00 1.10081959E+00 1.10082475E+00 1.10083042E+00 1.10083657E+00 1.10084321E+00 1.10085034E+00 1.10085796E+00 1.10086605E+00 1.10087453E+00 1.10088334E+00 1.10089237E+00 1.10090150E+00 1.10091051E+00 1.10091927E+00 1.10092747E+00 1.10093477E+00 1.10094063E+00 1.10094468E+00 1.10094615E+00 1.10094449E+00 1.10093869E+00 1.10092787E+00 1.10091052E+00 1.10088557E+00 1.10085087E+00 1.10080485E+00 1.10074487E+00 1.10066894E+00 1.10057332E+00 1.10045567E+00 1.10031140E+00 1.10013682E+00 1.09992533E+00 1.09967293E+00 1.09937238E+00 1.09901868E+00 1.09860139E+00 1.09811420E+00 1.09754546E+00 1.09688800E+00 1.09612676E+00 1.09525129E+00 1.09424566E+00 1.09310031E+00 1.09179328E+00 1.09031048E+00 1.08862905E+00 1.08673677E+00 1.08462800E+00 1.08227089E+00 1.07989068E+00 1.07727298E+00 1.07474174E+00 1.07199237E+00 1.06936059E+00 1.06654710E+00 1.06391265E+00 1.06112163E+00 1.05849464E+00 1.05573232E+00 1.05318735E+00 1.05053953E+00 1.04810717E+00 1.04559012E+00 1.04329163E+00 1.04092691E+00 1.03878090E+00 1.03658849E+00 1.03461093E+00 1.03259410E+00 1.03077735E+00 1.02893530E+00 1.02716268E+00 1.02537246E+00 1.02355717E+00 1.02172527E+00 1.01989760E+00 1.01807031E+00 1.01622802E+00 1.01439247E+00 1.01260851E+00 1.01084949E+00 1.00908491E+00 1.00739661E+00 1.00592111E+00 1.00457691E+00 1.00270235E+00 1.00000000E+00
1.09786996E+00 1.09787820E+00 1.09788300E+00 1.09788286E+00 1.09788074E+00 1.09787904E+00 1.09787812E+00 1.09787788E+00 1.09787778E+00 1.09787749E+00 1.09787712E+00 1.09787676E+00 1.09787650E+00 1.09787633E+00 1.09787623E+00 1.09787620E+00 1.09787624E+00 1.09787634E+00 1.09787653E+00 1.09787680E+00 1.09787716E+00 1.09787761E+00 1.09787817E+00 1.09787885E+00 1.09787965E+00 1.09788060E+00 1.09788171E+00 1.09788301E+00 1.09788450E+00 1.09788621E+00 1.09788816E+00 1.09789040E+00 1.09789294E+00 1.09789580E+00 1.09789903E+00 1.09790266E+00 1.09790672E+00 1.09791123E+00 1.09791623E+00 1.09792178E+00 1.09792786E+00 1.09793450E+00 1.09794171E+00 1.09794954E+00 1.09795798E+00 1.09796699E+00 1.09797654E+00 1.09798658E+00 1.09799702E+00 1.09800770E+00 1.09801857E+00 1.09802942E+00 1.09803995E+00 1.09804973E+00 1.09805849E+00 1.09806562E+00 1.09807067E+00 1.09807286E+00 1.09807141E+00 1.09806505E+00 1.09805286E+00 1.09803296E+00 1.09800395E+00 1.09796355E+00 1.09791000E+00 1.09783994E+00 1.09775133E+00 1.09764006E+00 1.09750259E+00 1.09733261E+00 1.09712648E+00 1.09687772E+00 1.09658159E+00 1.09622794E+00 1.09581078E+00 1.09531898E+00 1.09474542E+00 1.09407520E+00 1.09329829E+00 1.09239940E+00 1.09136863E+00 1.09018315E+00 1.08882899E+00 1.08728347E+00 1.08553396E+00 1.08357258E+00 1.08136816E+00 1.07912999E+00 1.07665644E+00 1.07425199E+00 1.07162890E+00 1.06910861E+00 1.06640762E+00 1.06387331E+00 1.06117845E+00 1.05862898E+00 1.05594184E+00 1.05346522E+00 1.05088509E+00 1.04850931E+00 1.04604539E+00 1.04379084E+00 1.04146853E+00 1.03935917E+00 1.03720247E+00 1.03525434E+00 1.03326428E+00 1.03146957E+00 1.02964876E+00 1.02789596E+00 1.02612444E+00 1.02432419E+00 1.02250399E+00 1.02068754E+00 1.01886965E+00 1.01702920E+00 1.01518625E+00 1.01338583E+00 1.01160259E+00 1.00980361E+00 1.00805586E+00 1.00646624E+00 1.00496405E+00 1.00291240E+00 1.00000000E+00
1.09580320E+00 1.09580762E+00 1.09582285E+00 1.09583617E+00 1.09584456E+00 1.09584728E+00 1.09584761E+00 1.09584817E+00 1.09584917E+00 1.09585045E+00 1.09585147E+00 1.09585203E+00 1.09585228E+00 1.09585242E+00 1.09585252E+00 1.09585263E+00 1.09585274E+00 1.09585286E+00 1.09585302E+00 1.09585323E+00 1.09585351E+00 1.09585386E+00 1.09585431E+00 1.09585487E+00 1.09585554E+00 1.09585635E+00 1.09585730E+00 1.09585844E+00 1.09585976E+00 1.09586129E+00 1.09586306E+00 1.09586510E+00 1.09586744E+00 1.09587011E+00 1.09587313E+00 1.09587658E+00 1.09588047E+00 1.09588483E+00 1.09588971E+00 1.09589518E+00 1.09590124E+00 1.09590792E+00 1.09591527E+00 1.09592335E+00 1.09593218E+00 1.09594176E+00 1.09595208E+00 1.09596314E+00 1.09597489E+00 1.09598723E+00 1.09600018E+00 1.09601362E+00 1.09602729E+00 1.09604088E+00 1.09605418E+00 1.09606676E+00 1.09607827E+00 1.09608810E+00 1.09609562E+00 1.09609973E+00 1.09609971E+00 1.09609385E+00 1.09608097E+00 1.09605912E+00 1.09602677E+00 1.09598090E+00 1.09591974E+00 1.09583958E+00 1.09573704E+00 1.09560609E+00 1.09544340E+00 1.09524312E+00 1.09500086E+00 1.09470671E+00 1.09435493E+00 1.09393477E+00 1.09343902E+00 1.09285278E+00 1.09216670E+00 1.09136617E+00 1.09044043E+00 1.08936545E+00 1.08812771E+00 1.08670471E+00 1.08508297E+00 1.08325219E+00 1.08118197E+00 1.07906766E+00 1.07671823E+00 1.07442122E+00 1.07190430E+00 1.06947770E+00 1.06686993E+00 1.06441618E+00 1.06179714E+00 1.05930804E+00 1.05667854E+00 1.05425362E+00 1.05172381E+00 1.04938874E+00 1.04696127E+00 1.04473537E+00 1.04243971E+00 1.04035260E+00 1.03821623E+00 1.03628299E+00 1.03430441E+00 1.03251761E+00 1.03070300E+00 1.02895445E+00 1.02718480E+00 1.02538173E+00 1.02355385E+00 1.02172643E+00 1.01989312E+00 1.01802841E+00 1.01615069E+00 1.01430455E+00 1.01246566E+00 1.01059863E+00 1.00875840E+00 1.00703108E+00 1.00535600E+00 1.00311932E+00 1.00000000E+00
1.12437496E+00 1.12437018E+00 1.12437040E+00 1.12437234E+00 1.12437345E+00 1.12437253E+00 1.12437067E+00 1.12436890E+00 1.12436748E+00 1.12436641E+00 1.12436549E+00 1.12436464E+00 1.12436390E+00 1.12436334E+00 1.12436295E+00 1.12436275E+00 1.12436271E+00 1.12436285E+00 1.12436315E+00 1.12436364E+00 1.12436430E+00 1.12436516E+00 1.12436621E+00 1.12436747E+00 1.12436896E+00 1.12437067E+00 1.12437264E+00 1.12437488E+00 1.12437741E+00 1.12438024E+00 1.12438339E+00 1.12438689E+00 1.12439075E+00 1.12439499E+00 1.12439961E+00 1.12440463E+00 1.12441005E+00 1.12441585E+00 1.12442204E+00 1.12442858E+00 1.12443544E+00 1.12444254E+00 1.12444983E+00 1.12445718E+00 1.12446448E+00 1.12447152E+00 1.12447813E+00 1.12448400E+00 1.12448885E+00 1.12449223E+00 1.12449376E+00 1.12449275E+00 1.12448866E+00 1.12448057E+00 1.12446775E+00 1.12444885E+00 1.12442292E+00 1.12438818E+00 1.12434332E+00 1.12428598E+00 1.12421449E+00 1.12412571E+00 1.12401746E+00 1.12388583E+00 1.12372798E+00 1.12353881E+00 1.12331490E+00 1.12304986E+00 1.12273929E+00 1.12237545E+00 1.12195297E+00 1.12146227E+00 1.12089692E+00 1.12024549E+00 1.11950044E+00 1.11864787E+00 1.11767919E+00 1.11657789E+00 1.11533341E+00 1.11392853E+00 1.11235125E+00 1.11057938E+00 1.10860012E+00 1.10639092E+00 1.10393649E+00 1.10123525E+00 1.09825235E+00 1.09528310E+00 1.09205032E+00 1.08895226E+00 1.08562057E+00 1.08246947E+00 1.07911974E+00 1.07598404E+00 1.07267982E+00 1.06960995E+00 1.06640244E+00 1.06344813E+00 1.06037972E+00 1.05756919E+00 1.05466683E+00 1.05202302E+00 1.04930633E+00 1.04684236E+00 1.04432140E+00 1.04204477E+00 1.03972245E+00 1.03763004E+00 1.03550327E+00 1.03344610E+00 1.03135985E+00 1.02924380E+00 1.02709825E+00 1.02492771E+00 1.02273360E+00 1.02051410E+00 1.01827442E+00 1.01603303E+00 1.01379062E+00 1.01152298E+00 1.00926626E+00 1.00720421E+00 1.00528904E+00 1.00295437E+00 1.00000000E+00
1.11643492E+00 1.11642769E+00 1.11642649E+00 1.11642849E+00 1.11643039E+00 1.11643021E+00 1.11642885E+00 1.11642736E+00 1.11642616E+00 1.11642541E+00 1.11642484E+00 1.11642431E+00 1.11642385E+00 1.11642351E+00 1.11642331E+00 1.11642326E+00 1.11642335E+00 1.11642357E+00 1.11642393E+00 1.11642443E+00 1.11642508E+00 1.11642590E+00 1.11642688E+00 1.11642804E+00 1.11642939E+00 1.11643096E+00 1.11643274E+00 1.11643478E+00 1.11643707E+00 1.11643965E+00 1.11644252E+00 1.11644573E+00 1.11644928E+00 1.11645319E+00 1.11645748E+00 1.11646217E+00 1.11646727E+00 1.11647277E+00 1.11647868E+00 1.11648498E+00 1.11649166E+00 1.11649865E+00 1.11650591E+00 1.11651337E+00 1.11652093E+00 1.11652842E+00 1.11653570E+00 1.11654251E+00 1.11654863E+00 1.11655366E+00 1.11655730E+00 1.11655896E+00 1.11655814E+00 1.11655405E+00 1.11654604E+00 1.11653294E+00 1.11651389E+00 1.11648731E+00 1.11645201E+00 1.11640586E+00 1.11634733E+00 1.11627357E+00 1.11618255E+00 1.11607067E+00 1.11593533E+00 1.11577180E+00 1.11557691E+00 1.11534471E+00 1.11507100E+00 1.11474837E+00 1.11437180E+00 1.11393221E+00 1.11342358E+00 1.11283470E+00 1.11215838E+00 1.11138128E+00 1.11049528E+00 1.10948423E+00 1.10833748E+00 1.10703799E+00 1.10557472E+00 1.10392561E+00 1.10207758E+00 1.10000810E+00 1.09770299E+00 1.09515919E+00 1.09234352E+00 1.08953239E+00 1.08646600E+00 1.08352252E+00 1.08035184E+00 1.07734668E+00 1.07414896E+00 1.07115525E+00 1.06799959E+00 1.06506239E+00 1.06199034E+00 1.05916135E+00 1.05622383E+00 1.05353384E+00 1.05075698E+00 1.04822797E+00 1.04563073E+00 1.04327688E+00 1.04087180E+00 1.03870302E+00 1.03649322E+00 1.03450439E+00 1.03248626E+00 1.03053890E+00 1.02856886E+00 1.02657477E+00 1.02455893E+00 1.02252927E+00 1.02048645E+00 1.01842857E+00 1.01636835E+00 1.01433487E+00 1.01231810E+00 1.01028918E+00 1.00831293E+00 1.00658627E+00 1.00500438E+00 1.00287511E+00 1.00000000E+00
1.11250215E+00 1.11249475E+00 1.11249372E+00 1.11249541E+00 1.11249681E+00 1.11249620E+00 1.11249459E+00 1.11249302E+00 1.11249181E+00 1.11249104E+00 1.11249046E+00 1.11248992E+00 1.11248945E+00 1.11248911E+00 1.11248890E+00 1.11248883E+00 1.11248889E+00 1.11248908E+00 1.11248939E+00 1.11248983E+00 1.11249041E+00 1.11249114E+00 1.11249202E+00 1.11249307E+00 1.11249429E+00 1.11249572E+00 1.11249735E+00 1.11249921E+00 1.11250133E+00 1.11250372E+00 1.11250639E+00 1.11250939E+00 1.11251273E+00 1.11251642E+00 1.11252050E+00 1.11252499E+00 1.11252990E+00 1.11253523E+00 1.11254100E+00 1.11254721E+00 1.11255385E+00 1.11256088E+00 1.11256828E+00 1.11257599E+00 1.11258394E+00 1.11259200E+00 1.11260005E+00 1.11260790E+00 1.11261534E+00 1.11262205E+00 1.11262777E+00 1.11263202E+00 1.11263434E+00 1.11263403E+00 1.11263053E+00 1.11262281E+00 1.11261011E+00 1.11259103E+00 1.11256447E+00 1.11252849E+00 1.11248173E+00 1.11242153E+00 1.11234603E+00 1.11225191E+00 1.11213678E+00 1.11199620E+00 1.11182727E+00 1.11162435E+00 1.11138343E+00 1.11109739E+00 1.11076150E+00 1.11036717E+00 1.10990863E+00 1.10937483E+00 1.10875889E+00 1.10804794E+00 1.10723409E+00 1.10630135E+00 1.10523901E+00 1.10403031E+00 1.10266457E+00 1.10111951E+00 1.09938177E+00 1.09742888E+00 1.09524703E+00 1.09283185E+00 1.09015049E+00 1.08746458E+00 1.08452761E+00 1.08170173E+00 1.07865072E+00 1.07575216E+00 1.07266359E+00 1.06976999E+00 1.06671504E+00 1.06386381E+00 1.06087792E+00 1.05812810E+00 1.05527127E+00 1.05265293E+00 1.04994831E+00 1.04748366E+00 1.04495196E+00 1.04265721E+00 1.04031305E+00 1.03819913E+00 1.03604499E+00 1.03410667E+00 1.03214073E+00 1.03024506E+00 1.02832846E+00 1.02638809E+00 1.02442766E+00 1.02245783E+00 1.02047763E+00 1.01848182E+00 1.01648475E+00 1.01451683E+00 1.01256284E+00 1.01058801E+00 1.00865129E+00 1.00691569E+00 1.00527026E+00 1.00303074E+00 1.00000000E+00
1.11095714E+00 1.11094781E+00 1.11094534E+00 1.11094667E+00 1.11094824E+00 1.11094781E+00 1.11094624E+00 1.11094451E+00 1.11094310E+00 1.11094218E+00 1.11094149E+00 1.11094086E+00 1.11094030E+00 1.11093985E+00 1.11093954E+00 1.11093937E+00 1.11093934E+00 1.11093943E+00 1.11093964E+00 1.11093999E+00 1.11094047E+00 1.11094109E+00 1.11094187E+00 1.11094280E+00 1.11094391E+00 1.11094521E+00 1.11094672E+00 1.11094845E+00 1.11095043E+00 1.11095267E+00 1.11095521E+00 1.11095806E+00 1.11096126E+00 1.11096482E+00 1.11096877E+00 1.11097315E+00 1.11097797E+00 1.11098325E+00 1.11098901E+00 1.11099526E+00 1.11100200E+00 1.11100922E+00 1.11101690E+00 1.11102502E+00 1.11103353E+00 1.11104233E+00 1.11105133E+00 1.11106037E+00 1.11106930E+00 1.11107784E+00 1.11108581E+00 1.11109277E+00 1.11109834E+00 1.11110189E+00 1.11110296E+00 1.11110064E+00 1.11109425E+00 1.11108254E+00 1.11106453E+00 1.11103845E+00 1.11100306E+00 1.11095589E+00 1.11089522E+00 1.11081800E+00 1.11072201E+00 1.11060309E+00 1.11045852E+00 1.11028296E+00 1.11007253E+00 1.10982036E+00 1.10952196E+00 1.10916917E+00 1.10875633E+00 1.10827254E+00 1.10771115E+00 1.10705957E+00 1.10631002E+00 1.10544648E+00 1.10445818E+00 1.10332850E+00 1.10204679E+00 1.10059017E+00 1.09894510E+00 1.09708898E+00 1.09500781E+00 1.09269552E+00 1.09011925E+00 1.08752913E+00 1.08468841E+00 1.08194694E+00 1.07897928E+00 1.07615309E+00 1.07313630E+00 1.07030572E+00 1.06731074E+00 1.06450731E+00 1.06156758E+00 1.05885958E+00 1.05604349E+00 1.05345858E+00 1.05078533E+00 1.04834686E+00 1.04584041E+00 1.04356702E+00 1.04124353E+00 1.03914633E+00 1.03700715E+00 1.03508113E+00 1.03312653E+00 1.03124037E+00 1.02933179E+00 1.02739625E+00 1.02543750E+00 1.02346716E+00 1.02148288E+00 1.01947559E+00 1.01745853E+00 1.01546089E+00 1.01346528E+00 1.01143126E+00 1.00940811E+00 1.00753700E+00 1.00571166E+00 1.00326483E+00 1.00000000E+00
1.11073597E+00 1.11072909E+00 1.11072949E+00 1.11073246E+00 1.11073473E+00 1.11073454E+00 1.11073316E+00 1.11073180E+00 1.11073077E+00 1.11073013E+00 1.11072960E+00 1.11072903E+00 1.11072849E+00 1.11072804E+00 1.11072770E+00 1.11072748E+00 1.11072739E+00 1.11072741E+00 1.11072755E+00 1.11072781E+00 1.11072821E+00 1.11072874E+00 1.11072942E+00 1.11073026E+00 1.11073128E+00 1.11073248E+00 1.11073388E+00 1.11073551E+00 1.11073738E+00 1.11073952E+00 1.11074195E+00 1.11074470E+00 1.11074781E+00 1.11075130E+00 1.11075519E+00 1.11075954E+00 1.11076435E+00 1.11076967E+00 1.11077551E+00 1.11078191E+00 1.11078886E+00 1.11079639E+00 1.11080449E+00 1.11081316E+00 1.11082239E+00 1.11083209E+00 1.11084221E+00 1.11085264E+00 1.11086325E+00 1.11087384E+00 1.11088425E+00 1.11089415E+00 1.11090317E+00 1.11091080E+00 1.11091664E+00 1.11091990E+00 1.11092000E+00 1.11091584E+00 1.11090649E+00 1.11089038E+00 1.11086636E+00 1.11083216E+00 1.11078617E+00 1.11072560E+00 1.11064837E+00 1.11055057E+00 1.11042962E+00 1.11028045E+00 1.11009926E+00 1.10987940E+00 1.10961659E+00 1.10930295E+00 1.10893298E+00 1.10849579E+00 1.10798491E+00 1.10738788E+00 1.10669686E+00 1.10589567E+00 1.10497353E+00 1.10391383E+00 1.10270559E+00 1.10132510E+00 1.09975866E+00 1.09798343E+00 1.09598472E+00 1.09375454E+00 1.09125994E+00 1.08874212E+00 1.08597154E+00 1.08328892E+00 1.08037718E+00 1.07759775E+00 1.07462493E+00 1.07183018E+00 1.06886639E+00 1.06608489E+00 1.06316426E+00 1.06047239E+00 1.05766981E+00 1.05509278E+00 1.05242368E+00 1.04998588E+00 1.04747759E+00 1.04519995E+00 1.04286951E+00 1.04076276E+00 1.03861043E+00 1.03666999E+00 1.03469802E+00 1.03279176E+00 1.03085937E+00 1.02889479E+00 1.02690121E+00 1.02489028E+00 1.02285877E+00 1.02079478E+00 1.01870997E+00 1.01663192E+00 1.01454268E+00 1.01239812E+00 1.01023978E+00 1.00819565E+00 1.00616586E+00 1.00349939E+00 1.00000000E+00
1.11125783E+00 1.11125652E+00 1.11126290E+00 1.11126961E+00 1.11127406E+00 1.11127534E+00 1.11127535E+00 1.11127557E+00 1.11127602E+00 1.11127655E+00 1.11127687E+00 1.11127691E+00 1.11127681E+00 1.11127668E+00 1.11127658E+00 1.11127651E+00 1.11127650E+00 1.11127656E+00 1.11127670E+00 1.11127694E+00 1.11127729E+00 1.11127777E+00 1.11127838E+00 1.11127915E+00 1.11128009E+00 1.11128121E+00 1.11128252E+00 1.11128407E+00 1.11128586E+00 1.11128792E+00 1.11129028E+00 1.11129298E+00 1.11129603E+00 1.11129949E+00 1.11130338E+00 1.11130775E+00 1.11131262E+00 1.11131805E+00 1.11132405E+00 1.11133068E+00 1.11133796E+00 1.11134590E+00 1.11135454E+00 1.11136391E+00 1.11137399E+00 1.11138476E+00 1.11139617E+00 1.11140817E+00 1.11142067E+00 1.11143351E+00 1.11144660E+00 1.11145966E+00 1.11147238E+00 1.11148435E+00 1.11149523E+00 1.11150436E+00 1.11151123E+00 1.11151486E+00 1.11151444E+00 1.11150853E+00 1.11149609E+00 1.11147501E+00 1.11144379E+00 1.11139990E+00 1.11134140E+00 1.11126455E+00 1.11116693E+00 1.11104365E+00 1.11089101E+00 1.11070253E+00 1.11047405E+00 1.11019796E+00 1.10986882E+00 1.10947576E+00 1.10901236E+00 1.10846617E+00 1.10782917E+00 1.10708488E+00 1.10622258E+00 1.10522558E+00 1.10408226E+00 1.10276787E+00 1.10126869E+00 1.09956141E+00 1.09763045E+00 1.09546584E+00 1.09303451E+00 1.09057080E+00 1.08785054E+00 1.08520794E+00 1.08233214E+00 1.07958084E+00 1.07663196E+00 1.07385380E+00 1.07090121E+00 1.06812394E+00 1.06520374E+00 1.06250981E+00 1.05970132E+00 1.05711396E+00 1.05442962E+00 1.05197425E+00 1.04944455E+00 1.04714404E+00 1.04478660E+00 1.04265138E+00 1.04046596E+00 1.03849236E+00 1.03648316E+00 1.03453688E+00 1.03255976E+00 1.03054462E+00 1.02849400E+00 1.02641921E+00 1.02431659E+00 1.02217242E+00 1.01999696E+00 1.01781631E+00 1.01561268E+00 1.01333974E+00 1.01103319E+00 1.00881261E+00 1.00658435E+00 1.00371214E+00 1.00000000E+00
1.12601968E+00 1.12601592E+00 1.12601697E+00 1.12601983E+00 1.12602180E+00 1.12602157E+00 1.12602023E+00 1.12601886E+00 1.12601777E+00 1.12601699E+00 1.12601632E+00 1.12601567E+00 1.12601511E+00 1.12601469E+00 1.12601443E+00 1.12601433E+00 1.12601439E+00 1.12601461E+00 1.12601499E+00 1.12601554E+00 1.12601627E+00 1.12601719E+00 1.12601830E+00 1.12601962E+00 1.12602116E+00 1.12602293E+00 1.12602496E+00 1.12602725E+00 1.12602984E+00 1.12603273E+00 1.12603594E+00 1.12603950E+00 1.12604342E+00 1.12604772E+00 1.12605240E+00 1.12605748E+00 1.12606296E+00 1.12606883E+00 1.12607507E+00 1.12608166E+00 1.12608856E+00 1.12609569E+00 1.12610300E+00 1.12611035E+00 1.12611763E+00 1.12612462E+00 1.12613115E+00 1.12613689E+00 1.12614158E+00 1.12614474E+00 1.12614599E+00 1.12614462E+00 1.12614008E+00 1.12613145E+00 1.12611796E+00 1.12609827E+00 1.12607140E+00 1.12603554E+00 1.12598937E+00 1.12593050E+00 1.12585723E+00 1.12576641E+00 1.12565582E+00 1.12552151E+00 1.12536060E+00 1.12516796E+00 1.12494013E+00 1.12467068E+00 1.12435517E+00 1.12398581E+00 1.12355720E+00 1.12305970E+00 1.12248682E+00 1.12182710E+00 1.12107296E+00 1.12021044E+00 1.11923089E+00 1.11811779E+00 1.11686057E+00 1.11544193E+00 1.11384977E+00 1.11206196E+00 1.11006570E+00 1.10783840E+00 1.10536467E+00 1.10264305E+00 1.09963838E+00 1.09664853E+00 1.09339392E+00 1.09027544E+00 1.08692240E+00 1.08375186E+00 1.08038171E+00 1.07722656E+00 1.07390174E+00 1.07081350E+00 1.06758687E+00 1.06461436E+00 1.06152671E+00 1.05869824E+00 1.05577680E+00 1.05311524E+00 1.05037971E+00 1.04789811E+00 1.04535830E+00 1.04306372E+00 1.04072232E+00 1.03861218E+00 1.03646657E+00 1.03438994E+00 1.03228261E+00 1.03014392E+00 1.02797402E+00 1.02577659E+00 1.02355296E+00 1.02130173E+00 1.01902634E+00 1.01674152E+00 1.01444905E+00 1.01212707E+00 1.00980381E+00 1.00764389E+00 1.00560790E+00 1.00312867E+00 1.00000000E+00
1.12069609E+00 1.12069215E+00 1.12069314E+00 1.12069582E+00 1.12069766E+00 1.12069745E+00 1.12069626E+00 1.12069511E+00 1.12069425E+00 1.12069370E+00 1.12069324E+00 1.12069280E+00 1.12069243E+00 1.12069217E+00 1.12069206E+00 1.12069208E+00 1.12069223E+00 1.12069252E+00 1.12069295E+00 1.12069352E+00 1.12069425E+00 1.12069515E+00 1.12069621E+00 1.12069747E+00 1.12069892E+00 1.12070059E+00 1.12070249E+00 1.12070465E+00 1.12070708E+00 1.12070980E+00 1.12071283E+00 1.12071619E+00 1.12071991E+00 1.12072400E+00 1.12072846E+00 1.12073334E+00 1.12073861E+00 1.12074429E+00 1.12075036E+00 1.12075682E+00 1.12076363E+00 1.12077073E+00 1.12077807E+00 1.12078556E+00 1.12079308E+00 1.12080046E+00 1.12080755E+00 1.12081405E+00 1.12081974E+00 1.12082417E+00 1.12082703E+00 1.12082768E+00 1.12082560E+00 1.12081995E+00 1.12081003E+00 1.12079461E+00 1.12077279E+00 1.12074290E+00 1.12070369E+00 1.12065294E+00 1.12058906E+00 1.12050906E+00 1.12041085E+00 1.12029071E+00 1.12014591E+00 1.11997157E+00 1.11976442E+00 1.11951828E+00 1.11922887E+00 1.11888864E+00 1.11849242E+00 1.11803090E+00 1.11749784E+00 1.11688193E+00 1.11617581E+00 1.11536592E+00 1.11444391E+00 1.11339344E+00 1.11220385E+00 1.11085796E+00 1.10934432E+00 1.10764077E+00 1.10573434E+00 1.10360254E+00 1.10123069E+00 1.09861605E+00 1.09572469E+00 1.09284179E+00 1.08969955E+00 1.08668505E+00 1.08344024E+00 1.08036815E+00 1.07710057E+00 1.07404064E+00 1.07081535E+00 1.06781640E+00 1.06468125E+00 1.06179363E+00 1.05879488E+00 1.05604843E+00 1.05321259E+00 1.05062963E+00 1.04797640E+00 1.04557107E+00 1.04311190E+00 1.04089261E+00 1.03863006E+00 1.03659298E+00 1.03452440E+00 1.03252579E+00 1.03050139E+00 1.02845035E+00 1.02637389E+00 1.02427795E+00 1.02216369E+00 1.02002997E+00 1.01788432E+00 1.01574760E+00 1.01361578E+00 1.01146279E+00 1.00933083E+00 1.00738808E+00 1.00554860E+00 1.00315052E+00 1.00000000E+00
1.11878938E+00 1.11878342E+00 1.11878263E+00 1.11878471E+00 1.11878664E+00 1.11878660E+00 1.11878544E+00 1.11878412E+00 1.11878305E+00 1.11878238E+00 1.11878186E+00 1.11878137E+00 1.11878093E+00 1.11878061E+00 1.11878043E+00 1.11878040E+00 1.11878049E+00 1.11878072E+00 1.11878108E+00 1.11878159E+00 1.11878225E+00 1.11878307E+00 1.11878406E+00 1.11878523E+00 1.11878660E+00 1.11878817E+00 1.11878998E+00 1.11879203E+00 1.11879435E+00 1.11879695E+00 1.11879987E+00 1.11880312E+00 1.11880672E+00 1.11881069E+00 1.11881506E+00 1.11881984E+00 1.11882504E+00 1.11883067E+00 1.11883673E+00 1.11884321E+00 1.11885010E+00 1.11885733E+00 1.11886489E+00 1.11887269E+00 1.11888064E+00 1.11888859E+00 1.11889640E+00 1.11890382E+00 1.11891065E+00 1.11891650E+00 1.11892108E+00 1.11892381E+00 1.11892421E+00 1.11892151E+00 1.11891509E+00 1.11890378E+00 1.11888677E+00 1.11886249E+00 1.11882977E+00 1.11878652E+00 1.11873123E+00 1.11866107E+00 1.11857404E+00 1.11846661E+00 1.11833619E+00 1.11817809E+00 1.11798918E+00 1.11776347E+00 1.11749681E+00 1.11718182E+00 1.11681352E+00 1.11638286E+00 1.11588371E+00 1.11530485E+00 1.11463914E+00 1.11387321E+00 1.11299882E+00 1.11199964E+00 1.11086491E+00 1.10957753E+00 1.10812625E+00 1.10648861E+00 1.10465148E+00 1.10259232E+00 1.10029654E+00 1.09776028E+00 1.09494982E+00 1.09214140E+00 1.08907534E+00 1.08612927E+00 1.08295345E+00 1.07994239E+00 1.07673660E+00 1.07373246E+00 1.07056282E+00 1.06761111E+00 1.06452317E+00 1.06167891E+00 1.05872417E+00 1.05601657E+00 1.05321979E+00 1.05067160E+00 1.04805391E+00 1.04568060E+00 1.04325445E+00 1.04106476E+00 1.03883199E+00 1.03682190E+00 1.03478100E+00 1.03280934E+00 1.03081239E+00 1.02878823E+00 1.02673860E+00 1.02467042E+00 1.02258354E+00 1.02047443E+00 1.01835089E+00 1.01623327E+00 1.01411304E+00 1.01195751E+00 1.00980419E+00 1.00780207E+00 1.00586056E+00 1.00332205E+00 1.00000000E+00
1.11885730E+00 1.11885139E+00 1.11885072E+00 1.11885272E+00 1.11885444E+00 1.11885418E+00 1.11885282E+00 1.11885136E+00 1.11885018E+00 1.11884941E+00 1.11884879E+00 1.11884819E+00 1.11884766E+00 1.11884726E+00 1.11884699E+00 1.11884687E+00 1.11884689E+00 1.11884704E+00 1.11884734E+00 1.11884777E+00 1.11884836E+00 1.11884912E+00 1.11885004E+00 1.11885114E+00 1.11885243E+00 1.11885394E+00 1.11885567E+00 1.11885766E+00 1.11885991E+00 1.11886245E+00 1.11886531E+00 1.11886851E+00 1.11887207E+00 1.11887601E+00 1.11888037E+00 1.11888516E+00 1.11889040E+00 1.11889611E+00 1.11890228E+00 1.11890893E+00 1.11891605E+00 1.11892359E+00 1.11893155E+00 1.11893986E+00 1.11894845E+00 1.11895719E+00 1.11896596E+00 1.11897455E+00 1.11898279E+00 1.11899032E+00 1.11899690E+00 1.11900199E+00 1.11900517E+00 1.11900571E+00 1.11900305E+00 1.11899613E+00 1.11898417E+00 1.11896572E+00 1.11893967E+00 1.11890403E+00 1.11885739E+00 1.11879703E+00 1.11872104E+00 1.11862607E+00 1.11850961E+00 1.11836713E+00 1.11819561E+00 1.11798923E+00 1.11774388E+00 1.11745235E+00 1.11710975E+00 1.11670721E+00 1.11623866E+00 1.11569290E+00 1.11506288E+00 1.11433529E+00 1.11350186E+00 1.11254612E+00 1.11145714E+00 1.11021776E+00 1.10881666E+00 1.10723085E+00 1.10544694E+00 1.10344213E+00 1.10120148E+00 1.09871986E+00 1.09596336E+00 1.09320217E+00 1.09018184E+00 1.08727417E+00 1.08413448E+00 1.08115302E+00 1.07797478E+00 1.07499311E+00 1.07184294E+00 1.06890444E+00 1.06582771E+00 1.06299276E+00 1.06004541E+00 1.05734163E+00 1.05454628E+00 1.05199740E+00 1.04937731E+00 1.04699993E+00 1.04456791E+00 1.04237070E+00 1.04012792E+00 1.03810707E+00 1.03605327E+00 1.03406668E+00 1.03205211E+00 1.03000645E+00 1.02793116E+00 1.02583308E+00 1.02371107E+00 1.02155928E+00 1.01938443E+00 1.01720529E+00 1.01501158E+00 1.01276657E+00 1.01050273E+00 1.00835828E+00 1.00624660E+00 1.00352194E+00 1.00000000E+00
1.11997701E+00 1.11997294E+00 1.11997417E+00 1.11997726E+00 1.11997942E+00 1.11997923E+00 1.11997788E+00 1.11997651E+00 1.11997545E+00 1.11997474E+00 1.11997414E+00 1.11997352E+00 1.11997293E+00 1.11997246E+00 1.11997213E+00 1.11997194E+00 1.11997189E+00 1.11997197E+00 1.11997219E+00 1.11997255E+00 1.11997308E+00 1.11997376E+00 1.11997462E+00 1.11997566E+00 1.11997690E+00 1.11997836E+00 1.11998004E+00 1.11998198E+00 1.11998420E+00 1.11998671E+00 1.11998955E+00 1.11999275E+00 1.11999632E+00 1.12000031E+00 1.12000472E+00 1.12000961E+00 1.12001498E+00 1.12002086E+00 1.12002727E+00 1.12003422E+00 1.12004171E+00 1.12004973E+00 1.12005826E+00 1.12006728E+00 1.12007672E+00 1.12008649E+00 1.12009648E+00 1.12010653E+00 1.12011647E+00 1.12012601E+00 1.12013493E+00 1.12014276E+00 1.12014910E+00 1.12015330E+00 1.12015484E+00 1.12015276E+00 1.12014631E+00 1.12013416E+00 1.12011523E+00 1.12008765E+00 1.12005009E+00 1.11999992E+00 1.11993532E+00 1.11985307E+00 1.11975077E+00 1.11962398E+00 1.11946977E+00 1.11928242E+00 1.11905787E+00 1.11878898E+00 1.11847094E+00 1.11809497E+00 1.11765500E+00 1.11713974E+00 1.11654221E+00 1.11584894E+00 1.11505159E+00 1.11413336E+00 1.11308315E+00 1.11188358E+00 1.11052305E+00 1.10897784E+00 1.10723427E+00 1.10526905E+00 1.10306663E+00 1.10062052E+00 1.09789647E+00 1.09516094E+00 1.09216249E+00 1.08927000E+00 1.08614131E+00 1.08316565E+00 1.07998914E+00 1.07700500E+00 1.07384771E+00 1.07089793E+00 1.06780630E+00 1.06495548E+00 1.06198858E+00 1.05926308E+00 1.05644186E+00 1.05386652E+00 1.05121647E+00 1.04880892E+00 1.04634311E+00 1.04411216E+00 1.04183171E+00 1.03977417E+00 1.03768013E+00 1.03565126E+00 1.03359040E+00 1.03149357E+00 1.02936176E+00 1.02720146E+00 1.02501106E+00 1.02278317E+00 1.02052347E+00 1.01824938E+00 1.01595029E+00 1.01358755E+00 1.01118999E+00 1.00889002E+00 1.00660622E+00 1.00370423E+00 1.00000000E+00
1.12163195E+00 1.12163456E+00 1.12164082E+00 1.12164579E+00 1.12164826E+00 1.12164833E+00 1.12164754E+00 1.12164705E+00 1.12164680E+00 1.12164662E+00 1.12164632E+00 1.12164591E+00 1.12164549E+00 1.12164515E+00 1.12164490E+00 1.12164476E+00 1.12164472E+00 1.12164480E+00 1.12164501E+00 1.12164535E+00 1.12164585E+00 1.12164650E+00 1.12164732E+00 1.12164833E+00 1.12164954E+00 1.12165097E+00 1.12165263E+00 1.12165456E+00 1.12165677E+00 1.12165929E+00 1.12166215E+00 1.12166539E+00 1.12166903E+00 1.12167311E+00 1.12167765E+00 1.12168271E+00 1.12168830E+00 1.12169446E+00 1.12170121E+00 1.12170858E+00 1.12171659E+00 1.12172524E+00 1.12173452E+00 1.12174444E+00 1.12175495E+00 1.12176599E+00 1.12177746E+00 1.12178925E+00 1.12180122E+00 1.12181311E+00 1.12182476E+00 1.12183573E+00 1.12184566E+00 1.12185399E+00 1.12186023E+00 1.12186351E+00 1.12186313E+00 1.12185783E+00 1.12184660E+00 1.12182767E+00 1.12179976E+00 1.12176034E+00 1.12170764E+00 1.12163860E+00 1.12155087E+00 1.12144008E+00 1.12130336E+00 1.12113506E+00 1.12093113E+00 1.12068444E+00 1.12039023E+00 1.12003970E+00 1.11962678E+00 1.11913999E+00 1.11857232E+00 1.11791006E+00 1.11714468E+00 1.11625897E+00 1.11524164E+00 1.11407498E+00 1.11274693E+00 1.11123289E+00 1.10951892E+00 1.10758108E+00 1.10540308E+00 1.10297709E+00 1.10026842E+00 1.09754171E+00 1.09454679E+00 1.09165187E+00 1.08851526E+00 1.08552756E+00 1.08233359E+00 1.07932860E+00 1.07614480E+00 1.07316602E+00 1.07004055E+00 1.06715561E+00 1.06414973E+00 1.06138452E+00 1.05851849E+00 1.05589911E+00 1.05320058E+00 1.05074579E+00 1.04822840E+00 1.04594754E+00 1.04361288E+00 1.04150367E+00 1.03935417E+00 1.03726842E+00 1.03514664E+00 1.03298427E+00 1.03078189E+00 1.02854564E+00 1.02627372E+00 1.02395792E+00 1.02160304E+00 1.01922554E+00 1.01681503E+00 1.01433210E+00 1.01180304E+00 1.00935690E+00 1.00691721E+00 1.00385971E+00 1.00000000E+00
1.12764564E+00 1.12764459E+00 1.12764764E+00 1.12765127E+00 1.12765343E+00 1.12765342E+00 1.12765245E+00 1.12765158E+00 1.12765093E+00 1.12765049E+00 1.12765007E+00 1.12764964E+00 1.12764927E+00 1.12764903E+00 1.12764893E+00 1.12764897E+00 1.12764915E+00 1.12764948E+00 1.12764995E+00 1.12765060E+00 1.12765141E+00 1.12765240E+00 1.12765358E+00 1.12765496E+00 1.12765657E+00 1.12765840E+00 1.12766049E+00 1.12766285E+00 1.12766549E+00 1.12766844E+00 1.12767172E+00 1.12767535E+00 1.12767933E+00 1.12768369E+00 1.12768844E+00 1.12769358E+00 1.12769912E+00 1.12770504E+00 1.12771134E+00 1.12771797E+00 1.12772491E+00 1.12773207E+00 1.12773939E+00 1.12774673E+00 1.12775398E+00 1.12776092E+00 1.12776736E+00 1.12777297E+00 1.12777750E+00 1.12778042E+00 1.12778138E+00 1.12777964E+00 1.12777465E+00 1.12776546E+00 1.12775130E+00 1.12773080E+00 1.12770298E+00 1.12766599E+00 1.12761849E+00 1.12755809E+00 1.12748304E+00 1.12739015E+00 1.12727721E+00 1.12714021E+00 1.12697624E+00 1.12678013E+00 1.12654839E+00 1.12627453E+00 1.12595410E+00 1.12557924E+00 1.12514454E+00 1.12464028E+00 1.12405993E+00 1.12339201E+00 1.12262886E+00 1.12175650E+00 1.12076622E+00 1.11964148E+00 1.11837173E+00 1.11693956E+00 1.11533276E+00 1.11352931E+00 1.11151641E+00 1.10927135E+00 1.10677875E+00 1.10403721E+00 1.10101131E+00 1.09800140E+00 1.09472547E+00 1.09158713E+00 1.08821335E+00 1.08502386E+00 1.08163375E+00 1.07845968E+00 1.07511480E+00 1.07200869E+00 1.06876335E+00 1.06577293E+00 1.06266637E+00 1.05982027E+00 1.05688003E+00 1.05420096E+00 1.05144676E+00 1.04894764E+00 1.04638901E+00 1.04407651E+00 1.04171608E+00 1.03958817E+00 1.03742358E+00 1.03532733E+00 1.03319867E+00 1.03103702E+00 1.02884242E+00 1.02661770E+00 1.02436387E+00 1.02207989E+00 1.01976778E+00 1.01743868E+00 1.01509447E+00 1.01271636E+00 1.01032339E+00 1.00805643E+00 1.00590162E+00 1.00329588E+00 1.00000000E+00
1.12466571E+00 1.12466345E+00 1.12466560E+00 1.12466914E+00 1.12467162E+00 1.12467192E+00 1.12467114E+00 1.12467033E+00 1.12466973E+00 1.12466939E+00 1.12466908E+00 1.12466876E+00 1.12466848E+00 1.12466832E+00 1.12466827E+00 1.12466837E+00 1.12466858E+00 1.12466893E+00 1.12466943E+00 1.12467007E+00 1.12467087E+00 1.12467184E+00 1.12467298E+00 1.12467433E+00 1.12467588E+00 1.12467765E+00 1.12467966E+00 1.12468194E+00 1.12468449E+00 1.12468735E+00 1.12469052E+00 1.12469403E+00 1.12469790E+00 1.12470215E+00 1.12470678E+00 1.12471181E+00 1.12471724E+00 1.12472307E+00 1.12472928E+00 1.12473586E+00 1.12474277E+00 1.12474994E+00 1.12475731E+00 1.12476477E+00 1.12477221E+00 1.12477942E+00 1.12478624E+00 1.12479236E+00 1.12479753E+00 1.12480129E+00 1.12480328E+00 1.12480281E+00 1.12479936E+00 1.12479204E+00 1.12478010E+00 1.12476224E+00 1.12473753E+00 1.12470420E+00 1.12466096E+00 1.12460550E+00 1.12453614E+00 1.12444981E+00 1.12434434E+00 1.12421587E+00 1.12406158E+00 1.12387643E+00 1.12365705E+00 1.12339708E+00 1.12309217E+00 1.12273460E+00 1.12231908E+00 1.12183607E+00 1.12127918E+00 1.12063701E+00 1.11990203E+00 1.11906047E+00 1.11810378E+00 1.11701550E+00 1.11578502E+00 1.11439498E+00 1.11283354E+00 1.11107861E+00 1.10911731E+00 1.10692701E+00 1.10449268E+00 1.10181212E+00 1.09885062E+00 1.09590138E+00 1.09268907E+00 1.08960946E+00 1.08629678E+00 1.08316299E+00 1.07983089E+00 1.07671045E+00 1.07342168E+00 1.07036615E+00 1.06717279E+00 1.06423072E+00 1.06117495E+00 1.05837585E+00 1.05548484E+00 1.05285116E+00 1.05014477E+00 1.04769014E+00 1.04517876E+00 1.04291053E+00 1.04059661E+00 1.03851204E+00 1.03639331E+00 1.03434354E+00 1.03226443E+00 1.03015536E+00 1.02801687E+00 1.02585298E+00 1.02366473E+00 1.02145129E+00 1.01921649E+00 1.01697429E+00 1.01472338E+00 1.01244182E+00 1.01015378E+00 1.00799886E+00 1.00593711E+00 1.00334815E+00 1.00000000E+00
1.12403376E+00 1.12403139E+00 1.12403331E+00 1.12403657E+00 1.12403883E+00 1.12403899E+00 1.12403811E+00 1.12403723E+00 1.12403658E+00 1.12403618E+00 1.12403583E+00 1.12403547E+00 1.12403515E+00 1.12403495E+00 1.12403487E+00 1.12403493E+00 1.12403512E+00 1.12403544E+00 1.12403589E+00 1.12403650E+00 1.12403727E+00 1.12403820E+00 1.12403931E+00 1.12404061E+00 1.12404211E+00 1.12404384E+00 1.12404580E+00 1.12404803E+00 1.12405053E+00 1.12405334E+00 1.12405646E+00 1.12405992E+00 1.12406375E+00 1.12406796E+00 1.12407256E+00 1.12407757E+00 1.12408300E+00 1.12408885E+00 1.12409510E+00 1.12410175E+00 1.12410877E+00 1.12411609E+00 1.12412367E+00 1.12413140E+00 1.12413918E+00 1.12414683E+00 1.12415419E+00 1.12416098E+00 1.12416696E+00 1.12417169E+00 1.12417484E+00 1.12417577E+00 1.12417396E+00 1.12416856E+00 1.12415887E+00 1.12414364E+00 1.12412197E+00 1.12409216E+00 1.12405296E+00 1.12400212E+00 1.12393803E+00 1.12385768E+00 1.12375897E+00 1.12363813E+00 1.12349242E+00 1.12331690E+00 1.12310826E+00 1.12286025E+00 1.12256856E+00 1.12222558E+00 1.12182610E+00 1.12136070E+00 1.12082302E+00 1.12020170E+00 1.11948931E+00 1.11867213E+00 1.11774165E+00 1.11668136E+00 1.11548054E+00 1.11412185E+00 1.11259351E+00 1.11087322E+00 1.10894795E+00 1.10679501E+00 1.10439933E+00 1.10175801E+00 1.09883644E+00 1.09592335E+00 1.09274755E+00 1.08970024E+00 1.08641967E+00 1.08331385E+00 1.08000966E+00 1.07691401E+00 1.07364968E+00 1.07061454E+00 1.06744134E+00 1.06451771E+00 1.06148045E+00 1.05869744E+00 1.05582238E+00 1.05320271E+00 1.05051052E+00 1.04806843E+00 1.04556979E+00 1.04331265E+00 1.04100950E+00 1.03893440E+00 1.03682501E+00 1.03478381E+00 1.03271290E+00 1.03061096E+00 1.02847862E+00 1.02632008E+00 1.02413553E+00 1.02192263E+00 1.01968497E+00 1.01743561E+00 1.01517043E+00 1.01286333E+00 1.01053592E+00 1.00831841E+00 1.00616991E+00 1.00347310E+00 1.00000000E+00
1.12471873E+00 1.12471723E+00 1.12471973E+00 1.12472313E+00 1.12472530E+00 1.12472534E+00 1.12472437E+00 1.12472346E+00 1.12472277E+00 1.12472233E+00 1.12472192E+00 1.12472150E+00 1.12472112E+00 1.12472087E+00 1.12472074E+00 1.12472075E+00 1.12472089E+00 1.12472116E+00 1.12472158E+00 1.12472215E+00 1.12472287E+00 1.12472377E+00 1.12472484E+00 1.12472611E+00 1.12472759E+00 1.12472929E+00 1.12473123E+00 1.12473343E+00 1.12473592E+00 1.12473871E+00 1.12474183E+00 1.12474530E+00 1.12474914E+00 1.12475338E+00 1.12475802E+00 1.12476310E+00 1.12476862E+00 1.12477458E+00 1.12478099E+00 1.12478784E+00 1.12479509E+00 1.12480271E+00 1.12481066E+00 1.12481883E+00 1.12482715E+00 1.12483544E+00 1.12484357E+00 1.12485126E+00 1.12485829E+00 1.12486427E+00 1.12486887E+00 1.12487148E+00 1.12487161E+00 1.12486845E+00 1.12486133E+00 1.12484905E+00 1.12483074E+00 1.12480475E+00 1.12476987E+00 1.12472392E+00 1.12466531E+00 1.12459112E+00 1.12449927E+00 1.12438608E+00 1.12424887E+00 1.12408276E+00 1.12388447E+00 1.12364784E+00 1.12336856E+00 1.12303909E+00 1.12265423E+00 1.12220463E+00 1.12168391E+00 1.12108068E+00 1.12038754E+00 1.11959068E+00 1.11868156E+00 1.11764351E+00 1.11646564E+00 1.11513047E+00 1.11362616E+00 1.11193002E+00 1.11002879E+00 1.10789951E+00 1.10552681E+00 1.10290707E+00 1.10000544E+00 1.09710828E+00 1.09394648E+00 1.09090939E+00 1.08763669E+00 1.08453557E+00 1.08123389E+00 1.07813844E+00 1.07487182E+00 1.07183177E+00 1.06865168E+00 1.06572060E+00 1.06267389E+00 1.05988014E+00 1.05699213E+00 1.05435906E+00 1.05165160E+00 1.04919394E+00 1.04667779E+00 1.04440301E+00 1.04207995E+00 1.03998535E+00 1.03785440E+00 1.03579030E+00 1.03369410E+00 1.03156381E+00 1.02939982E+00 1.02720612E+00 1.02498230E+00 1.02272487E+00 1.02043674E+00 1.01812998E+00 1.01579954E+00 1.01341748E+00 1.01100329E+00 1.00868245E+00 1.00641788E+00 1.00359983E+00 1.00000000E+00
1.12606854E+00 1.12607011E+00 1.12607470E+00 1.12607887E+00 1.12608110E+00 1.12608114E+00 1.12608024E+00 1.12607948E+00 1.12607892E+00 1.12607850E+00 1.12607808E+00 1.12607762E+00 1.12607720E+00 1.12607691E+00 1.12607675E+00 1.12607672E+00 1.12607682E+00 1.12607705E+00 1.12607743E+00 1.12607797E+00 1.12607866E+00 1.12607953E+00 1.12608058E+00 1.12608182E+00 1.12608328E+00 1.12608497E+00 1.12608691E+00 1.12608912E+00 1.12609161E+00 1.12609443E+00 1.12609758E+00 1.12610110E+00 1.12610500E+00 1.12610933E+00 1.12611408E+00 1.12611931E+00 1.12612500E+00 1.12613118E+00 1.12613785E+00 1.12614501E+00 1.12615264E+00 1.12616072E+00 1.12616919E+00 1.12617800E+00 1.12618706E+00 1.12619623E+00 1.12620536E+00 1.12621422E+00 1.12622261E+00 1.12623015E+00 1.12623654E+00 1.12624120E+00 1.12624367E+00 1.12624317E+00 1.12623906E+00 1.12623020E+00 1.12621572E+00 1.12619405E+00 1.12616400E+00 1.12612342E+00 1.12607078E+00 1.12600320E+00 1.12591863E+00 1.12581348E+00 1.12568506E+00 1.12552855E+00 1.12534070E+00 1.12511535E+00 1.12484822E+00 1.12453172E+00 1.12416069E+00 1.12372573E+00 1.12322045E+00 1.12263329E+00 1.12195687E+00 1.12117717E+00 1.12028554E+00 1.11926504E+00 1.11810460E+00 1.11678647E+00 1.11529863E+00 1.11361783E+00 1.11173056E+00 1.10961341E+00 1.10725060E+00 1.10463770E+00 1.10173947E+00 1.09884169E+00 1.09567562E+00 1.09263092E+00 1.08934672E+00 1.08623181E+00 1.08291263E+00 1.07979810E+00 1.07650856E+00 1.07344437E+00 1.07023685E+00 1.06727864E+00 1.06420152E+00 1.06137737E+00 1.05845560E+00 1.05578972E+00 1.05304648E+00 1.05055422E+00 1.04800060E+00 1.04568982E+00 1.04332790E+00 1.04119644E+00 1.03902608E+00 1.03692167E+00 1.03478244E+00 1.03260595E+00 1.03039236E+00 1.02814541E+00 1.02586449E+00 1.02354541E+00 1.02119058E+00 1.01881143E+00 1.01640281E+00 1.01393622E+00 1.01142976E+00 1.00900652E+00 1.00663350E+00 1.00370795E+00 1.00000000E+00
1.12772279E+00 1.12772971E+00 1.12773748E+00 1.12774271E+00 1.12774512E+00 1.12774548E+00 1.12774507E+00 1.12774484E+00 1.12774466E+00 1.12774444E+00 1.12774409E+00 1.12774369E+00 1.12774333E+00 1.12774307E+00 1.12774292E+00 1.12774289E+00 1.12774297E+00 1.12774320E+00 1.12774356E+00 1.12774408E+00 1.12774476E+00 1.12774561E+00 1.12774665E+00 1.12774790E+00 1.12774936E+00 1.12775106E+00 1.12775301E+00 1.12775525E+00 1.12775778E+00 1.12776065E+00 1.12776388E+00 1.12776749E+00 1.12777152E+00 1.12777599E+00 1.12778092E+00 1.12778636E+00 1.12779232E+00 1.12779882E+00 1.12780586E+00 1.12781346E+00 1.12782162E+00 1.12783031E+00 1.12783950E+00 1.12784914E+00 1.12785916E+00 1.12786944E+00 1.12787985E+00 1.12789018E+00 1.12790025E+00 1.12790969E+00 1.12791826E+00 1.12792538E+00 1.12793061E+00 1.12793323E+00 1.12793263E+00 1.12792769E+00 1.12791759E+00 1.12790078E+00 1.12787609E+00 1.12784144E+00 1.12779532E+00 1.12773486E+00 1.12765805E+00 1.12756135E+00 1.12744209E+00 1.12729542E+00 1.12711813E+00 1.12690402E+00 1.12664878E+00 1.12634478E+00 1.12598681E+00 1.12556540E+00 1.12507406E+00 1.12450106E+00 1.12383892E+00 1.12307337E+00 1.12219560E+00 1.12118830E+00 1.12004019E+00 1.11873318E+00 1.11725498E+00 1.11558170E+00 1.11369954E+00 1.11158457E+00 1.10922049E+00 1.10660211E+00 1.10369374E+00 1.10078201E+00 1.09759718E+00 1.09453102E+00 1.09122052E+00 1.08807794E+00 1.08472647E+00 1.08157892E+00 1.07825191E+00 1.07515037E+00 1.07190154E+00 1.06890324E+00 1.06578229E+00 1.06291563E+00 1.05994771E+00 1.05723788E+00 1.05444753E+00 1.05191062E+00 1.04930943E+00 1.04695384E+00 1.04454441E+00 1.04236859E+00 1.04015154E+00 1.03800024E+00 1.03581173E+00 1.03358335E+00 1.03131507E+00 1.02901045E+00 1.02666884E+00 1.02428576E+00 1.02186321E+00 1.01941224E+00 1.01692790E+00 1.01438172E+00 1.01179087E+00 1.00927710E+00 1.00681098E+00 1.00379583E+00 1.00000000E+00
1.12924529E+00 1.12924548E+00 1.12924953E+00 1.12925414E+00 1.12925718E+00 1.12925789E+00 1.12925749E+00 1.12925707E+00 1.12925680E+00 1.12925667E+00 1.12925652E+00 1.12925631E+00 1.12925613E+00 1.12925606E+00 1.12925609E+00 1.12925625E+00 1.12925654E+00 1.12925696E+00 1.12925752E+00 1.12925824E+00 1.12925912E+00 1.12926017E+00 1.12926142E+00 1.12926286E+00 1.12926452E+00 1.12926642E+00 1.12926856E+00 1.12927098E+00 1.12927368E+00 1.12927669E+00 1.12928003E+00 1.12928371E+00 1.12928776E+00 1.12929218E+00 1.12929699E+00 1.12930219E+00 1.12930779E+00 1.12931376E+00 1.12932011E+00 1.12932678E+00 1.12933375E+00 1.12934094E+00 1.12934826E+00 1.12935560E+00 1.12936281E+00 1.12936969E+00 1.12937604E+00 1.12938152E+00 1.12938586E+00 1.12938855E+00 1.12938921E+00 1.12938709E+00 1.12938163E+00 1.12937188E+00 1.12935704E+00 1.12933573E+00 1.12930694E+00 1.12926881E+00 1.12922000E+00 1.12915805E+00 1.12908121E+00 1.12898628E+00 1.12887099E+00 1.12873130E+00 1.12856428E+00 1.12836473E+00 1.12812910E+00 1.12785088E+00 1.12752558E+00 1.12714530E+00 1.12670456E+00 1.12619365E+00 1.12560594E+00 1.12492995E+00 1.12415794E+00 1.12327593E+00 1.12227512E+00 1.12113897E+00 1.11985698E+00 1.11841161E+00 1.11679051E+00 1.11497183E+00 1.11294276E+00 1.11068045E+00 1.10816949E+00 1.10540868E+00 1.10236224E+00 1.09933299E+00 1.09603638E+00 1.09287886E+00 1.08948511E+00 1.08627730E+00 1.08286783E+00 1.07967554E+00 1.07631126E+00 1.07318788E+00 1.06992436E+00 1.06691643E+00 1.06379141E+00 1.06092809E+00 1.05796945E+00 1.05527322E+00 1.05250058E+00 1.04998412E+00 1.04740681E+00 1.04507646E+00 1.04269712E+00 1.04055147E+00 1.03836782E+00 1.03625186E+00 1.03410169E+00 1.03191680E+00 1.02969723E+00 1.02744487E+00 1.02516018E+00 1.02284255E+00 1.02049291E+00 1.01811853E+00 1.01572035E+00 1.01328528E+00 1.01082120E+00 1.00843617E+00 1.00616695E+00 1.00345962E+00 1.00000000E+00
1.12832316E+00 1.12832292E+00 1.12832663E+00 1.12833120E+00 1.12833436E+00 1.12833519E+00 1.12833486E+00 1.12833446E+00 1.12833420E+00 1.12833410E+00 1.12833399E+00 1.12833382E+00 1.12833366E+00 1.12833361E+00 1.12833366E+00 1.12833384E+00 1.12833413E+00 1.12833456E+00 1.12833512E+00 1.12833584E+00 1.12833672E+00 1.12833777E+00 1.12833900E+00 1.12834043E+00 1.12834207E+00 1.12834395E+00 1.12834607E+00 1.12834846E+00 1.12835113E+00 1.12835411E+00 1.12835742E+00 1.12836107E+00 1.12836508E+00 1.12836947E+00 1.12837424E+00 1.12837941E+00 1.12838498E+00 1.12839093E+00 1.12839725E+00 1.12840392E+00 1.12841089E+00 1.12841809E+00 1.12842544E+00 1.12843282E+00 1.12844012E+00 1.12844710E+00 1.12845359E+00 1.12845926E+00 1.12846383E+00 1.12846682E+00 1.12846784E+00 1.12846617E+00 1.12846125E+00 1.12845214E+00 1.12843807E+00 1.12841767E+00 1.12838994E+00 1.12835306E+00 1.12830568E+00 1.12824541E+00 1.12817049E+00 1.12807776E+00 1.12796497E+00 1.12782814E+00 1.12766435E+00 1.12746844E+00 1.12723691E+00 1.12696329E+00 1.12664311E+00 1.12626852E+00 1.12583409E+00 1.12533015E+00 1.12475011E+00 1.12408253E+00 1.12331969E+00 1.12244768E+00 1.12145775E+00 1.12033338E+00 1.11906405E+00 1.11763222E+00 1.11602565E+00 1.11422247E+00 1.11220986E+00 1.10996496E+00 1.10747249E+00 1.10473095E+00 1.10170482E+00 1.09869466E+00 1.09541804E+00 1.09227893E+00 1.08890434E+00 1.08571401E+00 1.08232274E+00 1.07914724E+00 1.07580057E+00 1.07269314E+00 1.06944604E+00 1.06645344E+00 1.06334457E+00 1.06049625E+00 1.05755338E+00 1.05487176E+00 1.05211458E+00 1.04961257E+00 1.04705064E+00 1.04473476E+00 1.04237065E+00 1.04023926E+00 1.03807072E+00 1.03597006E+00 1.03383623E+00 1.03166871E+00 1.02946766E+00 1.02723530E+00 1.02497213E+00 1.02267758E+00 1.02035300E+00 1.01800630E+00 1.01563732E+00 1.01323194E+00 1.01079874E+00 1.00844370E+00 1.00619765E+00 1.00348813E+00 1.00000000E+00
1.12827500E+00 1.12827517E+00 1.12827908E+00 1.12828355E+00 1.12828649E+00 1.12828718E+00 1.12828678E+00 1.12828638E+00 1.12828612E+00 1.12828601E+00 1.12828587E+00 1.12828569E+00 1.12828552E+00 1.12828546E+00 1.12828551E+00 1.12828567E+00 1.12828596E+00 1.12828638E+00 1.12828694E+00 1.12828764E+00 1.12828851E+00 1.12828955E+00 1.12829077E+00 1.12829219E+00 1.12829382E+00 1.12829569E+00 1.12829780E+00 1.12830018E+00 1.12830284E+00 1.12830581E+00 1.12830910E+00 1.12831275E+00 1.12831675E+00 1.12832114E+00 1.12832591E+00 1.12833109E+00 1.12833667E+00 1.12834264E+00 1.12834900E+00 1.12835571E+00 1.12836274E+00 1.12837001E+00 1.12837746E+00 1.12838496E+00 1.12839240E+00 1.12839956E+00 1.12840626E+00 1.12841219E+00 1.12841708E+00 1.12842044E+00 1.12842189E+00 1.12842073E+00 1.12841641E+00 1.12840800E+00 1.12839473E+00 1.12837525E+00 1.12834859E+00 1.12831294E+00 1.12826695E+00 1.12820826E+00 1.12813513E+00 1.12804442E+00 1.12793390E+00 1.12779960E+00 1.12763865E+00 1.12744591E+00 1.12721789E+00 1.12694814E+00 1.12663223E+00 1.12626231E+00 1.12583297E+00 1.12533458E+00 1.12476056E+00 1.12409945E+00 1.12334358E+00 1.12247901E+00 1.12149702E+00 1.12038104E+00 1.11912050E+00 1.11769787E+00 1.11610091E+00 1.11430765E+00 1.11230522E+00 1.11007073E+00 1.10758885E+00 1.10485787E+00 1.10184226E+00 1.09884141E+00 1.09557400E+00 1.09244287E+00 1.08907599E+00 1.08589220E+00 1.08250729E+00 1.07933728E+00 1.07599586E+00 1.07289261E+00 1.06964951E+00 1.06666048E+00 1.06355508E+00 1.06070960E+00 1.05776939E+00 1.05508995E+00 1.05233486E+00 1.04983450E+00 1.04727411E+00 1.04495936E+00 1.04259607E+00 1.04046519E+00 1.03829692E+00 1.03619616E+00 1.03406186E+00 1.03189325E+00 1.02969048E+00 1.02745573E+00 1.02518918E+00 1.02288978E+00 1.02055872E+00 1.01820350E+00 1.01582303E+00 1.01340202E+00 1.01094830E+00 1.00856506E+00 1.00628397E+00 1.00353402E+00 1.00000000E+00
1.12870059E+00 1.12870121E+00 1.12870544E+00 1.12871017E+00 1.12871330E+00 1.12871411E+00 1.12871378E+00 1.12871340E+00 1.12871315E+00 1.12871305E+00 1.12871292E+00 1.12871272E+00 1.12871255E+00 1.12871247E+00 1.12871250E+00 1.12871265E+00 1.12871292E+00 1.12871333E+00 1.12871387E+00 1.12871456E+00 1.12871542E+00 1.12871645E+00 1.12871766E+00 1.12871907E+00 1.12872070E+00 1.12872256E+00 1.12872467E+00 1.12872704E+00 1.12872971E+00 1.12873269E+00 1.12873599E+00 1.12873965E+00 1.12874367E+00 1.12874809E+00 1.12875289E+00 1.12875811E+00 1.12876375E+00 1.12876979E+00 1.12877623E+00 1.12878304E+00 1.12879018E+00 1.12879759E+00 1.12880521E+00 1.12881291E+00 1.12882058E+00 1.12882802E+00 1.12883505E+00 1.12884135E+00 1.12884666E+00 1.12885051E+00 1.12885254E+00 1.12885203E+00 1.12884846E+00 1.12884089E+00 1.12882859E+00 1.12881020E+00 1.12878477E+00 1.12875050E+00 1.12870606E+00 1.12864910E+00 1.12857789E+00 1.12848931E+00 1.12838115E+00 1.12824945E+00 1.12809135E+00 1.12790173E+00 1.12767710E+00 1.12741103E+00 1.12709909E+00 1.12673343E+00 1.12630865E+00 1.12581509E+00 1.12524618E+00 1.12459043E+00 1.12384016E+00 1.12298137E+00 1.12200533E+00 1.12089538E+00 1.11964088E+00 1.11822422E+00 1.11663314E+00 1.11484551E+00 1.11284835E+00 1.11061866E+00 1.10814099E+00 1.10541338E+00 1.10240019E+00 1.09940044E+00 1.09613314E+00 1.09300102E+00 1.08963202E+00 1.08644529E+00 1.08305637E+00 1.07988180E+00 1.07653472E+00 1.07342526E+00 1.07017498E+00 1.06717881E+00 1.06406528E+00 1.06121157E+00 1.05826211E+00 1.05557358E+00 1.05280851E+00 1.05029837E+00 1.04772732E+00 1.04540220E+00 1.04302760E+00 1.04088590E+00 1.03870593E+00 1.03659308E+00 1.03444572E+00 1.03226290E+00 1.03004467E+00 1.02779313E+00 1.02550829E+00 1.02318876E+00 1.02083555E+00 1.01845589E+00 1.01604842E+00 1.01359747E+00 1.01111043E+00 1.00868915E+00 1.00636721E+00 1.00357632E+00 1.00000000E+00
1.12935152E+00 1.12935444E+00 1.12936012E+00 1.12936518E+00 1.12936815E+00 1.12936887E+00 1.12936859E+00 1.12936836E+00 1.12936824E+00 1.12936818E+00 1.12936804E+00 1.12936785E+00 1.12936767E+00 1.12936760E+00 1.12936763E+00 1.12936779E+00 1.12936805E+00 1.12936845E+00 1.12936899E+00 1.12936969E+00 1.12937054E+00 1.12937157E+00 1.12937278E+00 1.12937420E+00 1.12937583E+00 1.12937769E+00 1.12937981E+00 1.12938220E+00 1.12938488E+00 1.12938788E+00 1.12939122E+00 1.12939491E+00 1.12939898E+00 1.12940345E+00 1.12940833E+00 1.12941363E+00 1.12941936E+00 1.12942552E+00 1.12943209E+00 1.12943906E+00 1.12944639E+00 1.12945401E+00 1.12946188E+00 1.12946988E+00 1.12947788E+00 1.12948570E+00 1.12949317E+00 1.12949997E+00 1.12950586E+00 1.12951036E+00 1.12951312E+00 1.12951345E+00 1.12951081E+00 1.12950429E+00 1.12949316E+00 1.12947608E+00 1.12945211E+00 1.12941945E+00 1.12937679E+00 1.12932178E+00 1.12925271E+00 1.12916646E+00 1.12906083E+00 1.12893189E+00 1.12877676E+00 1.12859032E+00 1.12836909E+00 1.12810663E+00 1.12779848E+00 1.12743679E+00 1.12701614E+00 1.12652684E+00 1.12596228E+00 1.12531091E+00 1.12456503E+00 1.12371054E+00 1.12273865E+00 1.12163258E+00 1.12038162E+00 1.11896802E+00 1.11737945E+00 1.11559356E+00 1.11359727E+00 1.11136736E+00 1.10888824E+00 1.10615769E+00 1.10313988E+00 1.10013420E+00 1.09685925E+00 1.09371865E+00 1.09033940E+00 1.08714199E+00 1.08374074E+00 1.08055369E+00 1.07719252E+00 1.07406904E+00 1.07080332E+00 1.06779222E+00 1.06466241E+00 1.06179293E+00 1.05882638E+00 1.05612159E+00 1.05333909E+00 1.05081244E+00 1.04822379E+00 1.04588210E+00 1.04348991E+00 1.04133177E+00 1.03913448E+00 1.03700421E+00 1.03483851E+00 1.03263632E+00 1.03039765E+00 1.02812451E+00 1.02581687E+00 1.02347320E+00 1.02109435E+00 1.01868743E+00 1.01625106E+00 1.01376959E+00 1.01125011E+00 1.00879376E+00 1.00643592E+00 1.00361064E+00 1.00000000E+00
1.13009176E+00 1.13009760E+00 1.13010508E+00 1.13011085E+00 1.13011406E+00 1.13011504E+00 1.13011505E+00 1.13011512E+00 1.13011520E+00 1.13011524E+00 1.13011516E+00 1.13011500E+00 1.13011486E+00 1.13011481E+00 1.13011486E+00 1.13011502E+00 1.13011529E+00 1.13011569E+00 1.13011623E+00 1.13011692E+00 1.13011778E+00 1.13011881E+00 1.13012003E+00 1.13012145E+00 1.13012309E+00 1.13012497E+00 1.13012711E+00 1.13012953E+00 1.13013225E+00 1.13013529E+00 1.13013868E+00 1.13014244E+00 1.13014658E+00 1.13015114E+00 1.13015612E+00 1.13016154E+00 1.13016742E+00 1.13017374E+00 1.13018051E+00 1.13018770E+00 1.13019529E+00 1.13020322E+00 1.13021143E+00 1.13021982E+00 1.13022827E+00 1.13023660E+00 1.13024464E+00 1.13025209E+00 1.13025870E+00 1.13026403E+00 1.13026770E+00 1.13026905E+00 1.13026754E+00 1.13026228E+00 1.13025254E+00 1.13023699E+00 1.13021470E+00 1.13018387E+00 1.13014321E+00 1.13009036E+00 1.13002363E+00 1.12993989E+00 1.12983693E+00 1.12971084E+00 1.12955873E+00 1.12937546E+00 1.12915755E+00 1.12889851E+00 1.12859388E+00 1.12823575E+00 1.12781869E+00 1.12733293E+00 1.12677183E+00 1.12612373E+00 1.12538090E+00 1.12452911E+00 1.12355950E+00 1.12245515E+00 1.12120522E+00 1.11979184E+00 1.11820257E+00 1.11641481E+00 1.11441535E+00 1.11218077E+00 1.10969529E+00 1.10695648E+00 1.10392827E+00 1.10091107E+00 1.09762252E+00 1.09446781E+00 1.09107243E+00 1.08785893E+00 1.08443972E+00 1.08123503E+00 1.07785450E+00 1.07471233E+00 1.07142643E+00 1.06839610E+00 1.06524572E+00 1.06235675E+00 1.05936945E+00 1.05664523E+00 1.05384223E+00 1.05129647E+00 1.04868777E+00 1.04632748E+00 1.04391585E+00 1.04173980E+00 1.03952389E+00 1.03737515E+00 1.03519030E+00 1.03296820E+00 1.03070884E+00 1.02841417E+00 1.02608418E+00 1.02371728E+00 1.02131424E+00 1.01888208E+00 1.01641952E+00 1.01391102E+00 1.01136348E+00 1.00887763E+00 1.00649028E+00 1.00363749E+00 1.00000000E+00
