1.12403055E+00 1.12402388E+00 1.12402149E+00 1.12402202E+00 1.12402269E+00 1.12402180E+00 1.12401993E+00 1.12401785E+00 1.12401601E+00 1.12401458E+00 1.12401340E+00 1.12401234E+00 1.12401143E+00 1.12401070E+00 1.12401016E+00 1.12400982E+00 1.12400967E+00 1.12400971E+00 1.12400993E+00 1.12401034E+00 1.12401095E+00 1.12401175E+00 1.12401276E+00 1.12401399E+00 1.12401544E+00 1.12401713E+00 1.12401908E+00 1.12402130E+00 1.12402382E+00 1.12402664E+00 1.12402979E+00 1.12403328E+00 1.12403714E+00 1.12404137E+00 1.12404599E+00 1.12405102E+00 1.12405644E+00 1.12406225E+00 1.12406844E+00 1.12407498E+00 1.12408184E+00 1.12408894E+00 1.12409623E+00 1.12410357E+00 1.12411086E+00 1.12411788E+00 1.12412446E+00 1.12413029E+00 1.12413509E+00 1.12413840E+00 1.12413985E+00 1.12413873E+00 1.12413451E+00 1.12412625E+00 1.12411323E+00 1.12409408E+00 1.12406786E+00 1.12403277E+00 1.12398748E+00 1.12392965E+00 1.12385756E+00 1.12376809E+00 1.12365903E+00 1.12352646E+00 1.12336751E+00 1.12317707E+00 1.12295171E+00 1.12268500E+00 1.12237252E+00 1.12200649E+00 1.12158152E+00 1.12108799E+00 1.12051947E+00 1.11986446E+00 1.11911542E+00 1.11825837E+00 1.11728471E+00 1.11617788E+00 1.11492724E+00 1.11351559E+00 1.11193096E+00 1.11015101E+00 1.10816292E+00 1.10594411E+00 1.10347931E+00 1.10076718E+00 1.09777288E+00 1.09479254E+00 1.09154834E+00 1.08844009E+00 1.08509801E+00 1.08193730E+00 1.07857811E+00 1.07543490E+00 1.07212381E+00 1.06904754E+00 1.06583397E+00 1.06287532E+00 1.05980336E+00 1.05699055E+00 1.05408693E+00 1.05144287E+00 1.04872693E+00 1.04626456E+00 1.04374640E+00 1.04147363E+00 1.03915634E+00 1.03706926E+00 1.03494894E+00 1.03289953E+00 1.03082274E+00 1.02871771E+00 1.02658499E+00 1.02443017E+00 1.02225448E+00 1.02005494E+00 1.01783925E+00 1.01563093E+00 1.01342745E+00 1.01119859E+00 1.00899217E+00 1.00701348E+00 1.00519938E+00 1.00293800E+00 1.00000000E+00
1.12107088E+00 1.12108795E+00 1.12110026E+00 1.12110592E+00 1.12110645E+00 1.12110454E+00 1.12110229E+00 1.12110145E+00 1.12110137E+00 1.12110126E+00 1.12110075E+00 1.12109985E+00 1.12109892E+00 1.12109823E+00 1.12109776E+00 1.12109744E+00 1.12109727E+00 1.12109725E+00 1.12109739E+00 1.12109773E+00 1.12109826E+00 1.12109899E+00 1.12109992E+00 1.12110107E+00 1.12110244E+00 1.12110405E+00 1.12110591E+00 1.12110805E+00 1.12111048E+00 1.12111321E+00 1.12111627E+00 1.12111968E+00 1.12112345E+00 1.12112760E+00 1.12113215E+00 1.12113710E+00 1.12114247E+00 1.12114825E+00 1.12115443E+00 1.12116100E+00 1.12116792E+00 1.12117513E+00 1.12118257E+00 1.12119016E+00 1.12119777E+00 1.12120522E+00 1.12121235E+00 1.12121887E+00 1.12122453E+00 1.12122888E+00 1.12123159E+00 1.12123202E+00 1.12122963E+00 1.12122354E+00 1.12121304E+00 1.12119687E+00 1.12117410E+00 1.12114303E+00 1.12110240E+00 1.12104989E+00 1.12098390E+00 1.12090136E+00 1.12080010E+00 1.12067634E+00 1.12052729E+00 1.12034793E+00 1.12013498E+00 1.11988218E+00 1.11958510E+00 1.11923591E+00 1.11882935E+00 1.11835592E+00 1.11780952E+00 1.11717836E+00 1.11645495E+00 1.11562550E+00 1.11468172E+00 1.11360690E+00 1.11238996E+00 1.11101329E+00 1.10946596E+00 1.10772544E+00 1.10577801E+00 1.10360029E+00 1.10117843E+00 1.09851081E+00 1.09556314E+00 1.09262335E+00 1.08942137E+00 1.08635351E+00 1.08305277E+00 1.07992511E+00 1.07660071E+00 1.07349581E+00 1.07022816E+00 1.06718652E+00 1.06400684E+00 1.06108235E+00 1.05804888E+00 1.05527393E+00 1.05241274E+00 1.04980931E+00 1.04713774E+00 1.04471827E+00 1.04224843E+00 1.04002329E+00 1.03775783E+00 1.03571980E+00 1.03365324E+00 1.03166253E+00 1.02964953E+00 1.02761008E+00 1.02555046E+00 1.02348284E+00 1.02140058E+00 1.01929670E+00 1.01719754E+00 1.01513951E+00 1.01306732E+00 1.01093520E+00 1.00888797E+00 1.00715329E+00 1.00552528E+00 1.00321118E+00 1.00000000E+00
1.12607267E+00 1.12608723E+00 1.12609137E+00 1.12608731E+00 1.12608164E+00 1.12607920E+00 1.12607898E+00 1.12607925E+00 1.12607897E+00 1.12607794E+00 1.12607679E+00 1.12607596E+00 1.12607539E+00 1.12607499E+00 1.12607469E+00 1.12607452E+00 1.12607450E+00 1.12607466E+00 1.12607498E+00 1.12607548E+00 1.12607616E+00 1.12607702E+00 1.12607808E+00 1.12607936E+00 1.12608085E+00 1.12608259E+00 1.12608458E+00 1.12608685E+00 1.12608941E+00 1.12609229E+00 1.12609550E+00 1.12609909E+00 1.12610305E+00 1.12610740E+00 1.12611217E+00 1.12611739E+00 1.12612304E+00 1.12612914E+00 1.12613567E+00 1.12614264E+00 1.12615000E+00 1.12615769E+00 1.12616567E+00 1.12617385E+00 1.12618213E+00 1.12619032E+00 1.12619827E+00 1.12620568E+00 1.12621231E+00 1.12621773E+00 1.12622162E+00 1.12622335E+00 1.12622238E+00 1.12621780E+00 1.12620894E+00 1.12619453E+00 1.12617367E+00 1.12614468E+00 1.12610625E+00 1.12605609E+00 1.12599260E+00 1.12591266E+00 1.12581407E+00 1.12569304E+00 1.12554681E+00 1.12537027E+00 1.12516021E+00 1.12491035E+00 1.12461608E+00 1.12426923E+00 1.12386459E+00 1.12339270E+00 1.12284742E+00 1.12221643E+00 1.12149212E+00 1.12066058E+00 1.11971351E+00 1.11863352E+00 1.11740893E+00 1.11602178E+00 1.11446152E+00 1.11270446E+00 1.11073576E+00 1.10853096E+00 1.10607702E+00 1.10337247E+00 1.10038136E+00 1.09739339E+00 1.09413704E+00 1.09101570E+00 1.08765269E+00 1.08445851E+00 1.08106389E+00 1.07790027E+00 1.07456687E+00 1.07145052E+00 1.06819025E+00 1.06519496E+00 1.06208506E+00 1.05923434E+00 1.05629463E+00 1.05362158E+00 1.05087591E+00 1.04838448E+00 1.04583631E+00 1.04353492E+00 1.04119079E+00 1.03908365E+00 1.03694455E+00 1.03487965E+00 1.03278276E+00 1.03064883E+00 1.02849507E+00 1.02633576E+00 1.02414821E+00 1.02192272E+00 1.01969838E+00 1.01749263E+00 1.01521234E+00 1.01284461E+00 1.01059212E+00 1.00859911E+00 1.00657229E+00 1.00375745E+00 1.00000000E+00
1.13553753E+00 1.13553020E+00 1.13552595E+00 1.13552565E+00 1.13552611E+00 1.13552536E+00 1.13552382E+00 1.13552221E+00 1.13552091E+00 1.13552000E+00 1.13551927E+00 1.13551863E+00 1.13551812E+00 1.13551777E+00 1.13551758E+00 1.13551756E+00 1.13551770E+00 1.13551800E+00 1.13551847E+00 1.13551911E+00 1.13551994E+00 1.13552095E+00 1.13552217E+00 1.13552361E+00 1.13552528E+00 1.13552720E+00 1.13552939E+00 1.13553189E+00 1.13553470E+00 1.13553784E+00 1.13554135E+00 1.13554526E+00 1.13554958E+00 1.13555434E+00 1.13555954E+00 1.13556525E+00 1.13557144E+00 1.13557813E+00 1.13558530E+00 1.13559298E+00 1.13560112E+00 1.13560965E+00 1.13561853E+00 1.13562770E+00 1.13563706E+00 1.13564640E+00 1.13565558E+00 1.13566431E+00 1.13567234E+00 1.13567924E+00 1.13568471E+00 1.13568812E+00 1.13568888E+00 1.13568608E+00 1.13567905E+00 1.13566652E+00 1.13564756E+00 1.13562048E+00 1.13558394E+00 1.13553560E+00 1.13547384E+00 1.13539541E+00 1.13529805E+00 1.13517791E+00 1.13503219E+00 1.13485566E+00 1.13464507E+00 1.13439401E+00 1.13409761E+00 1.13374717E+00 1.13333746E+00 1.13285895E+00 1.13230533E+00 1.13166353E+00 1.13092574E+00 1.13007774E+00 1.12911079E+00 1.12800636E+00 1.12675238E+00 1.12533069E+00 1.12373024E+00 1.12192505E+00 1.11989950E+00 1.11762842E+00 1.11509821E+00 1.11230589E+00 1.10921483E+00 1.10612440E+00 1.10275193E+00 1.09951145E+00 1.09601294E+00 1.09268386E+00 1.08914629E+00 1.08585247E+00 1.08236942E+00 1.07909481E+00 1.07566754E+00 1.07252077E+00 1.06924343E+00 1.06622636E+00 1.06311387E+00 1.06028713E+00 1.05737539E+00 1.05471993E+00 1.05199275E+00 1.04952115E+00 1.04700279E+00 1.04474057E+00 1.04243685E+00 1.04020020E+00 1.03791491E+00 1.03557938E+00 1.03322061E+00 1.03084863E+00 1.02842498E+00 1.02594040E+00 1.02344538E+00 1.02093927E+00 1.01830716E+00 1.01556037E+00 1.01292607E+00 1.01049563E+00 1.00792357E+00 1.00446338E+00 1.00000000E+00
1.14746284E+00 1.14746060E+00 1.14746111E+00 1.14746146E+00 1.14746043E+00 1.14745819E+00 1.14745581E+00 1.14745394E+00 1.14745243E+00 1.14745114E+00 1.14745001E+00 1.14744907E+00 1.14744834E+00 1.14744783E+00 1.14744753E+00 1.14744742E+00 1.14744751E+00 1.14744779E+00 1.14744827E+00 1.14744896E+00 1.14744985E+00 1.14745095E+00 1.14745229E+00 1.14745388E+00 1.14745573E+00 1.14745786E+00 1.14746030E+00 1.14746307E+00 1.14746620E+00 1.14746971E+00 1.14747362E+00 1.14747798E+00 1.14748281E+00 1.14748813E+00 1.14749396E+00 1.14750036E+00 1.14750733E+00 1.14751485E+00 1.14752294E+00 1.14753164E+00 1.14754087E+00 1.14755059E+00 1.14756076E+00 1.14757133E+00 1.14758220E+00 1.14759316E+00 1.14760406E+00 1.14761462E+00 1.14762460E+00 1.14763355E+00 1.14764120E+00 1.14764689E+00 1.14764998E+00 1.14764957E+00 1.14764498E+00 1.14763491E+00 1.14761842E+00 1.14759377E+00 1.14755957E+00 1.14751342E+00 1.14745365E+00 1.14737682E+00 1.14728060E+00 1.14716105E+00 1.14701531E+00 1.14683796E+00 1.14662567E+00 1.14637178E+00 1.14607108E+00 1.14571428E+00 1.14529598E+00 1.14480646E+00 1.14423925E+00 1.14358045E+00 1.14282201E+00 1.14194907E+00 1.14095189E+00 1.13981035E+00 1.13851280E+00 1.13704122E+00 1.13538265E+00 1.13350758E+00 1.13140059E+00 1.12903646E+00 1.12639891E+00 1.12348149E+00 1.12024906E+00 1.11701726E+00 1.11348248E+00 1.11007158E+00 1.10638170E+00 1.10286719E+00 1.09913151E+00 1.09565163E+00 1.09195541E+00 1.08846207E+00 1.08480465E+00 1.08144620E+00 1.07793601E+00 1.07469140E+00 1.07134322E+00 1.06830519E+00 1.06516508E+00 1.06228524E+00 1.05931577E+00 1.05661732E+00 1.05386700E+00 1.05139666E+00 1.04887267E+00 1.04640804E+00 1.04387686E+00 1.04128174E+00 1.03865671E+00 1.03600620E+00 1.03327971E+00 1.03046953E+00 1.02763500E+00 1.02476429E+00 1.02172699E+00 1.01854107E+00 1.01544664E+00 1.01251454E+00 1.00936478E+00 1.00522361E+00 1.00000000E+00
1.16062984E+00 1.16063406E+00 1.16063699E+00 1.16063681E+00 1.16063451E+00 1.16063163E+00 1.16062880E+00 1.16062639E+00 1.16062418E+00 1.16062216E+00 1.16062040E+00 1.16061895E+00 1.16061782E+00 1.16061698E+00 1.16061643E+00 1.16061613E+00 1.16061609E+00 1.16061630E+00 1.16061676E+00 1.16061746E+00 1.16061841E+00 1.16061962E+00 1.16062110E+00 1.16062287E+00 1.16062495E+00 1.16062735E+00 1.16063009E+00 1.16063323E+00 1.16063677E+00 1.16064073E+00 1.16064516E+00 1.16065011E+00 1.16065559E+00 1.16066164E+00 1.16066827E+00 1.16067557E+00 1.16068353E+00 1.16069214E+00 1.16070142E+00 1.16071142E+00 1.16072209E+00 1.16073334E+00 1.16074518E+00 1.16075757E+00 1.16077041E+00 1.16078348E+00 1.16079662E+00 1.16080958E+00 1.16082210E+00 1.16083374E+00 1.16084423E+00 1.16085290E+00 1.16085907E+00 1.16086180E+00 1.16086043E+00 1.16085364E+00 1.16084046E+00 1.16081905E+00 1.16078799E+00 1.16074480E+00 1.16068775E+00 1.16061313E+00 1.16051855E+00 1.16040000E+00 1.16025454E+00 1.16007649E+00 1.15986240E+00 1.15960522E+00 1.15929943E+00 1.15893506E+00 1.15850640E+00 1.15800336E+00 1.15741945E+00 1.15674009E+00 1.15595675E+00 1.15505355E+00 1.15401923E+00 1.15283171E+00 1.15148082E+00 1.14994920E+00 1.14822026E+00 1.14625983E+00 1.14405392E+00 1.14157763E+00 1.13881031E+00 1.13574061E+00 1.13233668E+00 1.12893482E+00 1.12520348E+00 1.12158527E+00 1.11766511E+00 1.11393048E+00 1.10995831E+00 1.10625363E+00 1.10230242E+00 1.09855232E+00 1.09462464E+00 1.09101651E+00 1.08723422E+00 1.08372707E+00 1.08010678E+00 1.07682315E+00 1.07341895E+00 1.07028223E+00 1.06703774E+00 1.06408347E+00 1.06107083E+00 1.05836371E+00 1.05559043E+00 1.05287062E+00 1.05006744E+00 1.04718675E+00 1.04426744E+00 1.04130943E+00 1.03825345E+00 1.03509216E+00 1.03189148E+00 1.02863431E+00 1.02517855E+00 1.02153752E+00 1.01796064E+00 1.01451721E+00 1.01079876E+00 1.00598438E+00 1.00000000E+00
1.12533712E+00 1.12533301E+00 1.12533312E+00 1.12533483E+00 1.12533584E+00 1.12533504E+00 1.12533335E+00 1.12533169E+00 1.12533031E+00 1.12532926E+00 1.12532835E+00 1.12532753E+00 1.12532682E+00 1.12532627E+00 1.12532590E+00 1.12532571E+00 1.12532569E+00 1.12532584E+00 1.12532617E+00 1.12532667E+00 1.12532735E+00 1.12532823E+00 1.12532931E+00 1.12533060E+00 1.12533211E+00 1.12533386E+00 1.12533586E+00 1.12533813E+00 1.12534070E+00 1.12534357E+00 1.12534677E+00 1.12535032E+00 1.12535422E+00 1.12535851E+00 1.12536318E+00 1.12536824E+00 1.12537371E+00 1.12537957E+00 1.12538580E+00 1.12539238E+00 1.12539927E+00 1.12540639E+00 1.12541369E+00 1.12542104E+00 1.12542831E+00 1.12543530E+00 1.12544182E+00 1.12544756E+00 1.12545225E+00 1.12545541E+00 1.12545666E+00 1.12545529E+00 1.12545076E+00 1.12544213E+00 1.12542864E+00 1.12540895E+00 1.12538208E+00 1.12534621E+00 1.12530003E+00 1.12524114E+00 1.12516784E+00 1.12507697E+00 1.12496631E+00 1.12483191E+00 1.12467089E+00 1.12447810E+00 1.12425008E+00 1.12398039E+00 1.12366458E+00 1.12329485E+00 1.12286578E+00 1.12236772E+00 1.12179419E+00 1.12113368E+00 1.12037862E+00 1.11951501E+00 1.11853422E+00 1.11741967E+00 1.11616073E+00 1.11474014E+00 1.11314587E+00 1.11135562E+00 1.10935660E+00 1.10712621E+00 1.10464912E+00 1.10192397E+00 1.09891571E+00 1.09592226E+00 1.09266412E+00 1.08954269E+00 1.08618677E+00 1.08301357E+00 1.07964116E+00 1.07648495E+00 1.07315981E+00 1.07007111E+00 1.06684454E+00 1.06387324E+00 1.06078769E+00 1.05796194E+00 1.05504428E+00 1.05238695E+00 1.04965674E+00 1.04718085E+00 1.04464803E+00 1.04236098E+00 1.04002828E+00 1.03792676E+00 1.03579096E+00 1.03372530E+00 1.03163070E+00 1.02950637E+00 1.02735261E+00 1.02517411E+00 1.02297229E+00 1.02074499E+00 1.01849764E+00 1.01624918E+00 1.01399933E+00 1.01172181E+00 1.00945679E+00 1.00739144E+00 1.00546500E+00 1.00307365E+00 1.00000000E+00
1.12284691E+00 1.12284705E+00 1.12284491E+00 1.12284401E+00 1.12284407E+00 1.12284465E+00 1.12284494E+00 1.12284452E+00 1.12284370E+00 1.12284284E+00 1.12284209E+00 1.12284154E+00 1.12284111E+00 1.12284077E+00 1.12284055E+00 1.12284046E+00 1.12284052E+00 1.12284074E+00 1.12284112E+00 1.12284166E+00 1.12284237E+00 1.12284325E+00 1.12284433E+00 1.12284561E+00 1.12284710E+00 1.12284882E+00 1.12285078E+00 1.12285302E+00 1.12285553E+00 1.12285835E+00 1.12286149E+00 1.12286498E+00 1.12286882E+00 1.12287305E+00 1.12287766E+00 1.12288268E+00 1.12288812E+00 1.12289395E+00 1.12290018E+00 1.12290679E+00 1.12291373E+00 1.12292096E+00 1.12292840E+00 1.12293595E+00 1.12294351E+00 1.12295086E+00 1.12295786E+00 1.12296419E+00 1.12296961E+00 1.12297365E+00 1.12297598E+00 1.12297592E+00 1.12297293E+00 1.12296612E+00 1.12295477E+00 1.12293758E+00 1.12291361E+00 1.12288114E+00 1.12283885E+00 1.12278443E+00 1.12271623E+00 1.12263115E+00 1.12252701E+00 1.12239996E+00 1.12224719E+00 1.12206365E+00 1.12184599E+00 1.12158785E+00 1.12128480E+00 1.12092902E+00 1.12051524E+00 1.12003387E+00 1.11947864E+00 1.11883783E+00 1.11810395E+00 1.11726315E+00 1.11630702E+00 1.11521881E+00 1.11398757E+00 1.11259580E+00 1.11103221E+00 1.10927416E+00 1.10730831E+00 1.10511178E+00 1.10267020E+00 1.09998144E+00 1.09701114E+00 1.09405130E+00 1.09082824E+00 1.08773939E+00 1.08441690E+00 1.08127219E+00 1.07793025E+00 1.07480543E+00 1.07151508E+00 1.06845518E+00 1.06525775E+00 1.06231604E+00 1.05926381E+00 1.05647060E+00 1.05358910E+00 1.05096642E+00 1.04827440E+00 1.04583570E+00 1.04334470E+00 1.04109865E+00 1.03881054E+00 1.03675183E+00 1.03466304E+00 1.03264784E+00 1.03060811E+00 1.02854164E+00 1.02645239E+00 1.02434909E+00 1.02222799E+00 1.02008582E+00 1.01793977E+00 1.01581543E+00 1.01367819E+00 1.01149745E+00 1.00937912E+00 1.00751809E+00 1.00573389E+00 1.00329132E+00 1.00000000E+00
1.12690979E+00 1.12691204E+00 1.12692160E+00 1.12693452E+00 1.12694513E+00 1.12694918E+00 1.12694873E+00 1.12694703E+00 1.12694581E+00 1.12694579E+00 1.12694598E+00 1.12694573E+00 1.12694514E+00 1.12694447E+00 1.12694394E+00 1.12694363E+00 1.12694347E+00 1.12694345E+00 1.12694359E+00 1.12694392E+00 1.12694444E+00 1.12694517E+00 1.12694612E+00 1.12694731E+00 1.12694873E+00 1.12695040E+00 1.12695235E+00 1.12695459E+00 1.12695714E+00 1.12696001E+00 1.12696323E+00 1.12696681E+00 1.12697079E+00 1.12697516E+00 1.12697995E+00 1.12698517E+00 1.12699084E+00 1.12699694E+00 1.12700346E+00 1.12701041E+00 1.12701773E+00 1.12702537E+00 1.12703327E+00 1.12704135E+00 1.12704948E+00 1.12705747E+00 1.12706517E+00 1.12707227E+00 1.12707853E+00 1.12708349E+00 1.12708683E+00 1.12708788E+00 1.12708609E+00 1.12708056E+00 1.12707059E+00 1.12705490E+00 1.12703254E+00 1.12700179E+00 1.12696134E+00 1.12690885E+00 1.12684268E+00 1.12675969E+00 1.12665768E+00 1.12653278E+00 1.12638221E+00 1.12620085E+00 1.12598536E+00 1.12572930E+00 1.12542813E+00 1.12507383E+00 1.12466114E+00 1.12418042E+00 1.12362531E+00 1.12298368E+00 1.12224799E+00 1.12140425E+00 1.12044397E+00 1.11934979E+00 1.11811028E+00 1.11670773E+00 1.11513092E+00 1.11335614E+00 1.11136944E+00 1.10914750E+00 1.10667613E+00 1.10395271E+00 1.10094188E+00 1.09793830E+00 1.09466580E+00 1.09152738E+00 1.08814866E+00 1.08494762E+00 1.08154591E+00 1.07836700E+00 1.07501602E+00 1.07189193E+00 1.06862647E+00 1.06562410E+00 1.06250668E+00 1.05965007E+00 1.05670268E+00 1.05402059E+00 1.05126542E+00 1.04876633E+00 1.04621033E+00 1.04390191E+00 1.04154931E+00 1.03943350E+00 1.03728462E+00 1.03520842E+00 1.03310033E+00 1.03095796E+00 1.02879266E+00 1.02661317E+00 1.02440252E+00 1.02215732E+00 1.01990700E+00 1.01766831E+00 1.01537348E+00 1.01300460E+00 1.01070690E+00 1.00862645E+00 1.00652180E+00 1.00369285E+00 1.00000000E+00
1.13495633E+00 1.13498209E+00 1.13500352E+00 1.13501303E+00 1.13501416E+00 1.13501246E+00 1.13501090E+00 1.13501096E+00 1.13501126E+00 1.13501093E+00 1.13501009E+00 1.13500912E+00 1.13500829E+00 1.13500771E+00 1.13500728E+00 1.13500698E+00 1.13500684E+00 1.13500687E+00 1.13500710E+00 1.13500754E+00 1.13500817E+00 1.13500903E+00 1.13501010E+00 1.13501142E+00 1.13501300E+00 1.13501484E+00 1.13501697E+00 1.13501941E+00 1.13502217E+00 1.13502529E+00 1.13502877E+00 1.13503265E+00 1.13503694E+00 1.13504168E+00 1.13504686E+00 1.13505252E+00 1.13505867E+00 1.13506530E+00 1.13507240E+00 1.13507998E+00 1.13508800E+00 1.13509638E+00 1.13510509E+00 1.13511405E+00 1.13512313E+00 1.13513214E+00 1.13514092E+00 1.13514918E+00 1.13515666E+00 1.13516292E+00 1.13516763E+00 1.13517011E+00 1.13516980E+00 1.13516578E+00 1.13515736E+00 1.13514322E+00 1.13512244E+00 1.13509322E+00 1.13505425E+00 1.13500312E+00 1.13493819E+00 1.13485619E+00 1.13475487E+00 1.13463031E+00 1.13447967E+00 1.13429770E+00 1.13408101E+00 1.13382293E+00 1.13351873E+00 1.13316011E+00 1.13274169E+00 1.13225364E+00 1.13168939E+00 1.13103621E+00 1.13028643E+00 1.12942563E+00 1.12844497E+00 1.12732615E+00 1.12605732E+00 1.12462033E+00 1.12300353E+00 1.12118144E+00 1.11913963E+00 1.11685416E+00 1.11431013E+00 1.11150366E+00 1.10839821E+00 1.10529716E+00 1.10191442E+00 1.09866452E+00 1.09516157E+00 1.09183963E+00 1.08830791E+00 1.08500606E+00 1.08151612E+00 1.07825132E+00 1.07483769E+00 1.07169868E+00 1.06843166E+00 1.06542950E+00 1.06233008E+00 1.05950979E+00 1.05660571E+00 1.05396285E+00 1.05125168E+00 1.04879629E+00 1.04629187E+00 1.04403914E+00 1.04174516E+00 1.03952014E+00 1.03725003E+00 1.03493447E+00 1.03259231E+00 1.03022899E+00 1.02781430E+00 1.02534646E+00 1.02286596E+00 1.02038043E+00 1.01779964E+00 1.01511389E+00 1.01249006E+00 1.01004646E+00 1.00751011E+00 1.00419646E+00 1.00000000E+00
1.14540089E+00 1.14540262E+00 1.14540432E+00 1.14540526E+00 1.14540493E+00 1.14540371E+00 1.14540220E+00 1.14540088E+00 1.14539972E+00 1.14539871E+00 1.14539781E+00 1.14539707E+00 1.14539650E+00 1.14539612E+00 1.14539592E+00 1.14539590E+00 1.14539606E+00 1.14539640E+00 1.14539693E+00 1.14539765E+00 1.14539858E+00 1.14539971E+00 1.14540107E+00 1.14540268E+00 1.14540454E+00 1.14540668E+00 1.14540912E+00 1.14541189E+00 1.14541501E+00 1.14541850E+00 1.14542239E+00 1.14542673E+00 1.14543152E+00 1.14543679E+00 1.14544256E+00 1.14544887E+00 1.14545573E+00 1.14546313E+00 1.14547109E+00 1.14547959E+00 1.14548860E+00 1.14549807E+00 1.14550795E+00 1.14551818E+00 1.14552862E+00 1.14553909E+00 1.14554942E+00 1.14555932E+00 1.14556854E+00 1.14557662E+00 1.14558324E+00 1.14558771E+00 1.14558941E+00 1.14558745E+00 1.14558111E+00 1.14556905E+00 1.14555031E+00 1.14552305E+00 1.14548589E+00 1.14543638E+00 1.14537278E+00 1.14529170E+00 1.14519081E+00 1.14506610E+00 1.14491464E+00 1.14473098E+00 1.14451159E+00 1.14424949E+00 1.14393974E+00 1.14357359E+00 1.14314550E+00 1.14264529E+00 1.14206614E+00 1.14139461E+00 1.14062276E+00 1.13973545E+00 1.13872321E+00 1.13756654E+00 1.13625342E+00 1.13476520E+00 1.13308895E+00 1.13119685E+00 1.12907424E+00 1.12669643E+00 1.12404666E+00 1.12111895E+00 1.11787598E+00 1.11463465E+00 1.11109223E+00 1.10768007E+00 1.10399771E+00 1.10050262E+00 1.09678320E+00 1.09330191E+00 1.08961072E+00 1.08614595E+00 1.08252158E+00 1.07918663E+00 1.07570608E+00 1.07249837E+00 1.06918476E+00 1.06616926E+00 1.06305558E+00 1.06021143E+00 1.05728490E+00 1.05462782E+00 1.05191555E+00 1.04947467E+00 1.04698252E+00 1.04455591E+00 1.04207012E+00 1.03952704E+00 1.03695163E+00 1.03434591E+00 1.03166923E+00 1.02892091E+00 1.02615002E+00 1.02335821E+00 1.02044081E+00 1.01739011E+00 1.01438574E+00 1.01153485E+00 1.00854622E+00 1.00472968E+00 1.00000000E+00
1.15704734E+00 1.15705426E+00 1.15705806E+00 1.15705905E+00 1.15705812E+00 1.15705656E+00 1.15705470E+00 1.15705292E+00 1.15705118E+00 1.15704957E+00 1.15704815E+00 1.15704698E+00 1.15704606E+00 1.15704540E+00 1.15704498E+00 1.15704480E+00 1.15704485E+00 1.15704514E+00 1.15704565E+00 1.15704640E+00 1.15704739E+00 1.15704863E+00 1.15705013E+00 1.15705191E+00 1.15705399E+00 1.15705638E+00 1.15705911E+00 1.15706222E+00 1.15706572E+00 1.15706965E+00 1.15707402E+00 1.15707890E+00 1.15708430E+00 1.15709025E+00 1.15709678E+00 1.15710392E+00 1.15711170E+00 1.15712011E+00 1.15712917E+00 1.15713888E+00 1.15714921E+00 1.15716010E+00 1.15717153E+00 1.15718342E+00 1.15719566E+00 1.15720806E+00 1.15722044E+00 1.15723252E+00 1.15724404E+00 1.15725455E+00 1.15726372E+00 1.15727081E+00 1.15727522E+00 1.15727601E+00 1.15727247E+00 1.15726322E+00 1.15724724E+00 1.15722263E+00 1.15718794E+00 1.15714063E+00 1.15707889E+00 1.15699912E+00 1.15689893E+00 1.15677420E+00 1.15662188E+00 1.15643622E+00 1.15621352E+00 1.15594642E+00 1.15562967E+00 1.15525407E+00 1.15481377E+00 1.15429813E+00 1.15370010E+00 1.15300548E+00 1.15220586E+00 1.15128507E+00 1.15023279E+00 1.14902814E+00 1.14765932E+00 1.14610714E+00 1.14435643E+00 1.14237642E+00 1.14015278E+00 1.13765972E+00 1.13487774E+00 1.13179833E+00 1.12838370E+00 1.12496803E+00 1.12122692E+00 1.11761355E+00 1.11371021E+00 1.11000294E+00 1.10605291E+00 1.10235091E+00 1.09841497E+00 1.09471017E+00 1.09083272E+00 1.08726215E+00 1.08352695E+00 1.08007630E+00 1.07650997E+00 1.07326406E+00 1.06990459E+00 1.06682620E+00 1.06365093E+00 1.06076257E+00 1.05781214E+00 1.05515545E+00 1.05243754E+00 1.04978340E+00 1.04705702E+00 1.04426202E+00 1.04142789E+00 1.03855423E+00 1.03559273E+00 1.03254275E+00 1.02945970E+00 1.02634197E+00 1.02307547E+00 1.01965073E+00 1.01625571E+00 1.01299520E+00 1.00956513E+00 1.00525763E+00 1.00000000E+00
1.12666534E+00 1.12666253E+00 1.12666391E+00 1.12666659E+00 1.12666831E+00 1.12666801E+00 1.12666673E+00 1.12666546E+00 1.12666444E+00 1.12666369E+00 1.12666303E+00 1.12666241E+00 1.12666187E+00 1.12666147E+00 1.12666123E+00 1.12666116E+00 1.12666124E+00 1.12666148E+00 1.12666188E+00 1.12666245E+00 1.12666320E+00 1.12666413E+00 1.12666526E+00 1.12666660E+00 1.12666816E+00 1.12666996E+00 1.12667201E+00 1.12667434E+00 1.12667695E+00 1.12667987E+00 1.12668311E+00 1.12668671E+00 1.12669066E+00 1.12669499E+00 1.12669971E+00 1.12670482E+00 1.12671034E+00 1.12671624E+00 1.12672251E+00 1.12672912E+00 1.12673604E+00 1.12674319E+00 1.12675050E+00 1.12675784E+00 1.12676509E+00 1.12677204E+00 1.12677851E+00 1.12678416E+00 1.12678873E+00 1.12679173E+00 1.12679278E+00 1.12679115E+00 1.12678630E+00 1.12677727E+00 1.12676332E+00 1.12674306E+00 1.12671552E+00 1.12667887E+00 1.12663176E+00 1.12657180E+00 1.12649726E+00 1.12640496E+00 1.12629267E+00 1.12615640E+00 1.12599326E+00 1.12579808E+00 1.12556737E+00 1.12529465E+00 1.12497546E+00 1.12460198E+00 1.12416876E+00 1.12366611E+00 1.12308751E+00 1.12242145E+00 1.12166032E+00 1.12079009E+00 1.11980211E+00 1.11867978E+00 1.11741249E+00 1.11598292E+00 1.11437895E+00 1.11257838E+00 1.11056840E+00 1.10832639E+00 1.10583699E+00 1.10309881E+00 1.10007660E+00 1.09707004E+00 1.09379793E+00 1.09066335E+00 1.08729362E+00 1.08410789E+00 1.08072217E+00 1.07755295E+00 1.07421378E+00 1.07111266E+00 1.06787301E+00 1.06488890E+00 1.06178956E+00 1.05895072E+00 1.05601887E+00 1.05334812E+00 1.05060341E+00 1.04811373E+00 1.04556589E+00 1.04326426E+00 1.04091585E+00 1.03879956E+00 1.03664786E+00 1.03456551E+00 1.03245256E+00 1.03030831E+00 1.02813289E+00 1.02593012E+00 1.02370131E+00 1.02144488E+00 1.01916440E+00 1.01687490E+00 1.01457748E+00 1.01224908E+00 1.00992105E+00 1.00776013E+00 1.00571924E+00 1.00320641E+00 1.00000000E+00
1.12474340E+00 1.12474114E+00 1.12474067E+00 1.12474230E+00 1.12474414E+00 1.12474487E+00 1.12474464E+00 1.12474392E+00 1.12474314E+00 1.12474258E+00 1.12474214E+00 1.12474176E+00 1.12474144E+00 1.12474122E+00 1.12474111E+00 1.12474115E+00 1.12474132E+00 1.12474164E+00 1.12474210E+00 1.12474272E+00 1.12474350E+00 1.12474446E+00 1.12474561E+00 1.12474695E+00 1.12474850E+00 1.12475029E+00 1.12475232E+00 1.12475461E+00 1.12475719E+00 1.12476008E+00 1.12476328E+00 1.12476683E+00 1.12477074E+00 1.12477503E+00 1.12477971E+00 1.12478479E+00 1.12479028E+00 1.12479617E+00 1.12480244E+00 1.12480908E+00 1.12481605E+00 1.12482328E+00 1.12483070E+00 1.12483821E+00 1.12484569E+00 1.12485293E+00 1.12485977E+00 1.12486588E+00 1.12487102E+00 1.12487471E+00 1.12487659E+00 1.12487597E+00 1.12487231E+00 1.12486470E+00 1.12485238E+00 1.12483405E+00 1.12480875E+00 1.12477469E+00 1.12473057E+00 1.12467403E+00 1.12460339E+00 1.12451550E+00 1.12440819E+00 1.12427752E+00 1.12412067E+00 1.12393253E+00 1.12370968E+00 1.12344571E+00 1.12313618E+00 1.12277325E+00 1.12235159E+00 1.12186156E+00 1.12129676E+00 1.12064553E+00 1.11990035E+00 1.11904729E+00 1.11807783E+00 1.11697524E+00 1.11572869E+00 1.11432070E+00 1.11273966E+00 1.11096305E+00 1.10897776E+00 1.10676110E+00 1.10429829E+00 1.10158721E+00 1.09859318E+00 1.09561180E+00 1.09236602E+00 1.08925562E+00 1.08591086E+00 1.08274718E+00 1.07938512E+00 1.07623933E+00 1.07292595E+00 1.06984701E+00 1.06663033E+00 1.06366948E+00 1.06059630E+00 1.05778295E+00 1.05487938E+00 1.05223587E+00 1.04952139E+00 1.04706123E+00 1.04454656E+00 1.04227742E+00 1.03996440E+00 1.03788236E+00 1.03576830E+00 1.03372595E+00 1.03165655E+00 1.02955892E+00 1.02743539E+00 1.02529222E+00 1.02312764E+00 1.02094019E+00 1.01874054E+00 1.01654786E+00 1.01434133E+00 1.01209670E+00 1.00988609E+00 1.00787641E+00 1.00593149E+00 1.00337140E+00 1.00000000E+00
1.12772778E+00 1.12775891E+00 1.12778829E+00 1.12781000E+00 1.12782439E+00 1.12783215E+00 1.12783542E+00 1.12783693E+00 1.12783776E+00 1.12783886E+00 1.12783981E+00 1.12784030E+00 1.12784032E+00 1.12784005E+00 1.12783971E+00 1.12783950E+00 1.12783939E+00 1.12783941E+00 1.12783956E+00 1.12783987E+00 1.12784037E+00 1.12784108E+00 1.12784201E+00 1.12784317E+00 1.12784457E+00 1.12784624E+00 1.12784819E+00 1.12785043E+00 1.12785298E+00 1.12785587E+00 1.12785910E+00 1.12786270E+00 1.12786669E+00 1.12787108E+00 1.12787589E+00 1.12788112E+00 1.12788679E+00 1.12789288E+00 1.12789938E+00 1.12790629E+00 1.12791355E+00 1.12792111E+00 1.12792890E+00 1.12793682E+00 1.12794476E+00 1.12795251E+00 1.12795989E+00 1.12796662E+00 1.12797242E+00 1.12797683E+00 1.12797951E+00 1.12797976E+00 1.12797703E+00 1.12797041E+00 1.12795918E+00 1.12794200E+00 1.12791794E+00 1.12788520E+00 1.12784247E+00 1.12778738E+00 1.12771824E+00 1.12763190E+00 1.12752613E+00 1.12739702E+00 1.12724172E+00 1.12705509E+00 1.12683370E+00 1.12657104E+00 1.12626260E+00 1.12590043E+00 1.12547919E+00 1.12498914E+00 1.12442378E+00 1.12377119E+00 1.12302382E+00 1.12216756E+00 1.12119381E+00 1.12008536E+00 1.11883105E+00 1.11741320E+00 1.11582019E+00 1.11402873E+00 1.11202535E+00 1.10978710E+00 1.10729912E+00 1.10455879E+00 1.10153076E+00 1.09851321E+00 1.09522679E+00 1.09207585E+00 1.08868580E+00 1.08547768E+00 1.08206815E+00 1.07887817E+00 1.07551583E+00 1.07238715E+00 1.06911825E+00 1.06611030E+00 1.06298671E+00 1.06012504E+00 1.05717125E+00 1.05448217E+00 1.05171941E+00 1.04921355E+00 1.04665004E+00 1.04433455E+00 1.04197361E+00 1.03984892E+00 1.03768982E+00 1.03560202E+00 1.03348193E+00 1.03132858E+00 1.02914895E+00 1.02694887E+00 1.02471729E+00 1.02245369E+00 1.02017679E+00 1.01790104E+00 1.01558076E+00 1.01319684E+00 1.01084778E+00 1.00867253E+00 1.00649285E+00 1.00365373E+00 1.00000000E+00
1.13406874E+00 1.13407478E+00 1.13407747E+00 1.13407923E+00 1.13408038E+00 1.13408115E+00 1.13408132E+00 1.13408101E+00 1.13408046E+00 1.13407991E+00 1.13407941E+00 1.13407899E+00 1.13407864E+00 1.13407840E+00 1.13407827E+00 1.13407829E+00 1.13407845E+00 1.13407877E+00 1.13407925E+00 1.13407990E+00 1.13408073E+00 1.13408175E+00 1.13408297E+00 1.13408442E+00 1.13408610E+00 1.13408803E+00 1.13409024E+00 1.13409273E+00 1.13409554E+00 1.13409869E+00 1.13410219E+00 1.13410608E+00 1.13411037E+00 1.13411508E+00 1.13412023E+00 1.13412584E+00 1.13413192E+00 1.13413845E+00 1.13414544E+00 1.13415286E+00 1.13416069E+00 1.13416886E+00 1.13417732E+00 1.13418595E+00 1.13419466E+00 1.13420323E+00 1.13421149E+00 1.13421915E+00 1.13422594E+00 1.13423139E+00 1.13423516E+00 1.13423654E+00 1.13423498E+00 1.13422955E+00 1.13421952E+00 1.13420356E+00 1.13418069E+00 1.13414911E+00 1.13410745E+00 1.13405332E+00 1.13398501E+00 1.13389926E+00 1.13379381E+00 1.13366470E+00 1.13350902E+00 1.13332150E+00 1.13309864E+00 1.13283377E+00 1.13252222E+00 1.13215583E+00 1.13172915E+00 1.13123221E+00 1.13065833E+00 1.12999514E+00 1.12923499E+00 1.12836332E+00 1.12737127E+00 1.12624093E+00 1.12496073E+00 1.12351257E+00 1.12188449E+00 1.12005198E+00 1.11800119E+00 1.11570854E+00 1.11315851E+00 1.11034755E+00 1.10723920E+00 1.10413906E+00 1.10075983E+00 1.09751621E+00 1.09402364E+00 1.09071617E+00 1.08719908E+00 1.08390653E+00 1.08042983E+00 1.07718798E+00 1.07379995E+00 1.07068122E+00 1.06743710E+00 1.06445956E+00 1.06138445E+00 1.05858413E+00 1.05570187E+00 1.05308202E+00 1.05039622E+00 1.04796552E+00 1.04548533E+00 1.04325248E+00 1.04097886E+00 1.03877484E+00 1.03652897E+00 1.03424173E+00 1.03192522E+00 1.02958303E+00 1.02719459E+00 1.02476114E+00 1.02230925E+00 1.01984821E+00 1.01731479E+00 1.01469385E+00 1.01210073E+00 1.00965867E+00 1.00716970E+00 1.00399324E+00 1.00000000E+00
1.14222683E+00 1.14223275E+00 1.14223664E+00 1.14223898E+00 1.14223988E+00 1.14223994E+00 1.14223949E+00 1.14223894E+00 1.14223832E+00 1.14223772E+00 1.14223715E+00 1.14223668E+00 1.14223632E+00 1.14223610E+00 1.14223603E+00 1.14223611E+00 1.14223635E+00 1.14223675E+00 1.14223733E+00 1.14223809E+00 1.14223903E+00 1.14224018E+00 1.14224155E+00 1.14224315E+00 1.14224500E+00 1.14224712E+00 1.14224953E+00 1.14225226E+00 1.14225532E+00 1.14225876E+00 1.14226257E+00 1.14226681E+00 1.14227149E+00 1.14227664E+00 1.14228227E+00 1.14228841E+00 1.14229506E+00 1.14230223E+00 1.14230991E+00 1.14231809E+00 1.14232675E+00 1.14233581E+00 1.14234523E+00 1.14235491E+00 1.14236474E+00 1.14237450E+00 1.14238404E+00 1.14239304E+00 1.14240125E+00 1.14240819E+00 1.14241352E+00 1.14241650E+00 1.14241656E+00 1.14241278E+00 1.14240442E+00 1.14239009E+00 1.14236881E+00 1.14233871E+00 1.14229839E+00 1.14224538E+00 1.14217793E+00 1.14209265E+00 1.14198722E+00 1.14185759E+00 1.14170075E+00 1.14151123E+00 1.14128543E+00 1.14101640E+00 1.14069929E+00 1.14032562E+00 1.13988975E+00 1.13938134E+00 1.13879350E+00 1.13811327E+00 1.13733275E+00 1.13643674E+00 1.13541590E+00 1.13425141E+00 1.13293138E+00 1.13143711E+00 1.12975575E+00 1.12786115E+00 1.12573911E+00 1.12336508E+00 1.12072215E+00 1.11780542E+00 1.11457718E+00 1.11135455E+00 1.10783709E+00 1.10445524E+00 1.10081054E+00 1.09735626E+00 1.09367939E+00 1.09023386E+00 1.08658799E+00 1.08318095E+00 1.07961882E+00 1.07633742E+00 1.07291734E+00 1.06977218E+00 1.06652216E+00 1.06356148E+00 1.06050784E+00 1.05772554E+00 1.05486710E+00 1.05227550E+00 1.04962951E+00 1.04724623E+00 1.04481471E+00 1.04245181E+00 1.04003709E+00 1.03757262E+00 1.03507492E+00 1.03254539E+00 1.02995591E+00 1.02730893E+00 1.02463751E+00 1.02194732E+00 1.01916389E+00 1.01627381E+00 1.01340298E+00 1.01066744E+00 1.00785987E+00 1.00434242E+00 1.00000000E+00
1.15147102E+00 1.15147918E+00 1.15148375E+00 1.15148600E+00 1.15148663E+00 1.15148655E+00 1.15148594E+00 1.15148512E+00 1.15148417E+00 1.15148324E+00 1.15148240E+00 1.15148170E+00 1.15148116E+00 1.15148081E+00 1.15148063E+00 1.15148065E+00 1.15148085E+00 1.15148126E+00 1.15148186E+00 1.15148267E+00 1.15148370E+00 1.15148496E+00 1.15148646E+00 1.15148822E+00 1.15149026E+00 1.15149260E+00 1.15149527E+00 1.15149828E+00 1.15150167E+00 1.15150547E+00 1.15150970E+00 1.15151440E+00 1.15151959E+00 1.15152531E+00 1.15153157E+00 1.15153841E+00 1.15154583E+00 1.15155384E+00 1.15156245E+00 1.15157165E+00 1.15158140E+00 1.15159166E+00 1.15160238E+00 1.15161347E+00 1.15162480E+00 1.15163617E+00 1.15164743E+00 1.15165825E+00 1.15166838E+00 1.15167733E+00 1.15168476E+00 1.15168992E+00 1.15169220E+00 1.15169068E+00 1.15168459E+00 1.15167250E+00 1.15165340E+00 1.15162534E+00 1.15158687E+00 1.15153542E+00 1.15146918E+00 1.15138460E+00 1.15127930E+00 1.15114908E+00 1.15099081E+00 1.15079874E+00 1.15056914E+00 1.15029469E+00 1.14997032E+00 1.14958714E+00 1.14913925E+00 1.14861584E+00 1.14800973E+00 1.14730731E+00 1.14650028E+00 1.14557252E+00 1.14451411E+00 1.14330512E+00 1.14193350E+00 1.14037976E+00 1.13862953E+00 1.13665464E+00 1.13444075E+00 1.13196195E+00 1.12919935E+00 1.12614660E+00 1.12276469E+00 1.11938584E+00 1.11569223E+00 1.11213507E+00 1.10829867E+00 1.10466030E+00 1.10078317E+00 1.09714647E+00 1.09329159E+00 1.08968271E+00 1.08590798E+00 1.08242837E+00 1.07879576E+00 1.07544991E+00 1.07199127E+00 1.06883980E+00 1.06558383E+00 1.06261120E+00 1.05955221E+00 1.05677520E+00 1.05393876E+00 1.05138301E+00 1.04877191E+00 1.04622984E+00 1.04362702E+00 1.04096681E+00 1.03826917E+00 1.03553391E+00 1.03272736E+00 1.02985251E+00 1.02694739E+00 1.02401544E+00 1.02097504E+00 1.01781313E+00 1.01466239E+00 1.01163609E+00 1.00852236E+00 1.00467961E+00 1.00000000E+00
1.12800796E+00 1.12800656E+00 1.12800921E+00 1.12801287E+00 1.12801529E+00 1.12801553E+00 1.12801469E+00 1.12801384E+00 1.12801318E+00 1.12801274E+00 1.12801234E+00 1.12801192E+00 1.12801156E+00 1.12801132E+00 1.12801122E+00 1.12801126E+00 1.12801144E+00 1.12801177E+00 1.12801225E+00 1.12801289E+00 1.12801371E+00 1.12801471E+00 1.12801589E+00 1.12801729E+00 1.12801890E+00 1.12802075E+00 1.12802284E+00 1.12802522E+00 1.12802787E+00 1.12803084E+00 1.12803413E+00 1.12803778E+00 1.12804178E+00 1.12804616E+00 1.12805092E+00 1.12805609E+00 1.12806164E+00 1.12806759E+00 1.12807390E+00 1.12808055E+00 1.12808749E+00 1.12809466E+00 1.12810198E+00 1.12810931E+00 1.12811655E+00 1.12812346E+00 1.12812986E+00 1.12813542E+00 1.12813987E+00 1.12814270E+00 1.12814353E+00 1.12814163E+00 1.12813645E+00 1.12812703E+00 1.12811259E+00 1.12809176E+00 1.12806353E+00 1.12802607E+00 1.12797802E+00 1.12791697E+00 1.12784116E+00 1.12774741E+00 1.12763346E+00 1.12749531E+00 1.12733002E+00 1.12713242E+00 1.12689898E+00 1.12662320E+00 1.12630061E+00 1.12592334E+00 1.12548592E+00 1.12497865E+00 1.12439495E+00 1.12372332E+00 1.12295608E+00 1.12207922E+00 1.12108401E+00 1.11995388E+00 1.11867825E+00 1.11723971E+00 1.11562603E+00 1.11381516E+00 1.11179428E+00 1.10954068E+00 1.10703897E+00 1.10428784E+00 1.10125178E+00 1.09823221E+00 1.09494617E+00 1.09179853E+00 1.08841513E+00 1.08521690E+00 1.08181783E+00 1.07863568E+00 1.07528257E+00 1.07216909E+00 1.06891631E+00 1.06591926E+00 1.06280603E+00 1.05995401E+00 1.05700786E+00 1.05432357E+00 1.05156417E+00 1.04906046E+00 1.04649729E+00 1.04418080E+00 1.04181641E+00 1.03968504E+00 1.03751703E+00 1.03541756E+00 1.03328575E+00 1.03112098E+00 1.02892329E+00 1.02669559E+00 1.02443888E+00 1.02215203E+00 1.01983714E+00 1.01750550E+00 1.01515862E+00 1.01277722E+00 1.01038231E+00 1.00811572E+00 1.00595986E+00 1.00333812E+00 1.00000000E+00
1.12678105E+00 1.12678024E+00 1.12678246E+00 1.12678568E+00 1.12678797E+00 1.12678849E+00 1.12678803E+00 1.12678744E+00 1.12678696E+00 1.12678666E+00 1.12678639E+00 1.12678613E+00 1.12678590E+00 1.12678578E+00 1.12678577E+00 1.12678589E+00 1.12678615E+00 1.12678653E+00 1.12678706E+00 1.12678775E+00 1.12678859E+00 1.12678961E+00 1.12679081E+00 1.12679221E+00 1.12679382E+00 1.12679566E+00 1.12679775E+00 1.12680011E+00 1.12680275E+00 1.12680569E+00 1.12680896E+00 1.12681258E+00 1.12681656E+00 1.12682091E+00 1.12682566E+00 1.12683080E+00 1.12683635E+00 1.12684228E+00 1.12684860E+00 1.12685527E+00 1.12686225E+00 1.12686947E+00 1.12687687E+00 1.12688432E+00 1.12689170E+00 1.12689881E+00 1.12690545E+00 1.12691131E+00 1.12691613E+00 1.12691941E+00 1.12692078E+00 1.12691954E+00 1.12691513E+00 1.12690661E+00 1.12689323E+00 1.12687364E+00 1.12684685E+00 1.12681105E+00 1.12676491E+00 1.12670603E+00 1.12663271E+00 1.12654177E+00 1.12643098E+00 1.12629638E+00 1.12613508E+00 1.12594194E+00 1.12571347E+00 1.12544321E+00 1.12512670E+00 1.12475608E+00 1.12432594E+00 1.12382660E+00 1.12325155E+00 1.12258921E+00 1.12183196E+00 1.12096582E+00 1.11998217E+00 1.11886433E+00 1.11760159E+00 1.11617646E+00 1.11457700E+00 1.11278094E+00 1.11077532E+00 1.10853745E+00 1.10605222E+00 1.10331782E+00 1.10029912E+00 1.09729517E+00 1.09402547E+00 1.09089280E+00 1.08752496E+00 1.08434076E+00 1.08095677E+00 1.07778925E+00 1.07445225E+00 1.07135308E+00 1.06811535E+00 1.06513350E+00 1.06203736E+00 1.05920205E+00 1.05627444E+00 1.05360814E+00 1.05086880E+00 1.04838473E+00 1.04584360E+00 1.04354874E+00 1.04120797E+00 1.03909956E+00 1.03695678E+00 1.03488398E+00 1.03278125E+00 1.03064791E+00 1.02848517E+00 1.02629725E+00 1.02408356E+00 1.02184345E+00 1.01958265E+00 1.01731481E+00 1.01502900E+00 1.01270543E+00 1.01038595E+00 1.00820908E+00 1.00610434E+00 1.00344618E+00 1.00000000E+00
1.12874549E+00 1.12874595E+00 1.12874790E+00 1.12875097E+00 1.12875351E+00 1.12875460E+00 1.12875466E+00 1.12875431E+00 1.12875389E+00 1.12875361E+00 1.12875336E+00 1.12875312E+00 1.12875290E+00 1.12875277E+00 1.12875274E+00 1.12875285E+00 1.12875308E+00 1.12875345E+00 1.12875397E+00 1.12875465E+00 1.12875549E+00 1.12875651E+00 1.12875772E+00 1.12875913E+00 1.12876076E+00 1.12876263E+00 1.12876475E+00 1.12876714E+00 1.12876983E+00 1.12877283E+00 1.12877616E+00 1.12877985E+00 1.12878391E+00 1.12878835E+00 1.12879320E+00 1.12879846E+00 1.12880414E+00 1.12881022E+00 1.12881670E+00 1.12882356E+00 1.12883074E+00 1.12883819E+00 1.12884584E+00 1.12885357E+00 1.12886126E+00 1.12886870E+00 1.12887571E+00 1.12888198E+00 1.12888723E+00 1.12889099E+00 1.12889289E+00 1.12889222E+00 1.12888841E+00 1.12888055E+00 1.12886787E+00 1.12884902E+00 1.12882302E+00 1.12878806E+00 1.12874279E+00 1.12868482E+00 1.12861243E+00 1.12852242E+00 1.12841257E+00 1.12827889E+00 1.12811849E+00 1.12792618E+00 1.12769849E+00 1.12742887E+00 1.12711282E+00 1.12674241E+00 1.12631223E+00 1.12581249E+00 1.12523663E+00 1.12457290E+00 1.12381367E+00 1.12294481E+00 1.12195761E+00 1.12083513E+00 1.11956644E+00 1.11813389E+00 1.11652553E+00 1.11471863E+00 1.11270004E+00 1.11044686E+00 1.10794390E+00 1.10518901E+00 1.10214668E+00 1.09911789E+00 1.09582050E+00 1.09266042E+00 1.08926224E+00 1.08604859E+00 1.08263309E+00 1.07943600E+00 1.07606662E+00 1.07293541E+00 1.06966426E+00 1.06665207E+00 1.06352362E+00 1.06065770E+00 1.05769835E+00 1.05500321E+00 1.05223340E+00 1.04972075E+00 1.04714924E+00 1.04482579E+00 1.04245549E+00 1.04032070E+00 1.03814997E+00 1.03604917E+00 1.03391527E+00 1.03174793E+00 1.02955082E+00 1.02732775E+00 1.02507262E+00 1.02278564E+00 1.02047665E+00 1.01815703E+00 1.01580047E+00 1.01338926E+00 1.01098025E+00 1.00869750E+00 1.00644633E+00 1.00361647E+00 1.00000000E+00
1.13275987E+00 1.13276636E+00 1.13277193E+00 1.13277614E+00 1.13277866E+00 1.13277979E+00 1.13278006E+00 1.13278009E+00 1.13277998E+00 1.13277984E+00 1.13277964E+00 1.13277943E+00 1.13277925E+00 1.13277916E+00 1.13277917E+00 1.13277931E+00 1.13277957E+00 1.13277997E+00 1.13278052E+00 1.13278123E+00 1.13278211E+00 1.13278317E+00 1.13278443E+00 1.13278590E+00 1.13278760E+00 1.13278954E+00 1.13279175E+00 1.13279424E+00 1.13279704E+00 1.13280016E+00 1.13280363E+00 1.13280748E+00 1.13281171E+00 1.13281636E+00 1.13282142E+00 1.13282692E+00 1.13283286E+00 1.13283924E+00 1.13284604E+00 1.13285324E+00 1.13286080E+00 1.13286867E+00 1.13287676E+00 1.13288497E+00 1.13289318E+00 1.13290118E+00 1.13290878E+00 1.13291568E+00 1.13292160E+00 1.13292606E+00 1.13292869E+00 1.13292877E+00 1.13292574E+00 1.13291867E+00 1.13290678E+00 1.13288872E+00 1.13286350E+00 1.13282927E+00 1.13278467E+00 1.13272727E+00 1.13265534E+00 1.13256562E+00 1.13245585E+00 1.13232201E+00 1.13216116E+00 1.13196801E+00 1.13173904E+00 1.13146758E+00 1.13114905E+00 1.13077536E+00 1.13034100E+00 1.12983602E+00 1.12925373E+00 1.12858208E+00 1.12781337E+00 1.12693313E+00 1.12593248E+00 1.12479403E+00 1.12350658E+00 1.12205214E+00 1.12041856E+00 1.11858236E+00 1.11653011E+00 1.11423846E+00 1.11169172E+00 1.10888722E+00 1.10578868E+00 1.10270232E+00 1.09934059E+00 1.09611680E+00 1.09264845E+00 1.08936700E+00 1.08587801E+00 1.08261079E+00 1.07916401E+00 1.07595728E+00 1.07260671E+00 1.06952037E+00 1.06631168E+00 1.06336931E+00 1.06032986E+00 1.05756100E+00 1.05471226E+00 1.05212498E+00 1.04947380E+00 1.04707564E+00 1.04462801E+00 1.04242286E+00 1.04017771E+00 1.03800203E+00 1.03578747E+00 1.03353460E+00 1.03125004E+00 1.02893628E+00 1.02658147E+00 1.02418712E+00 1.02176756E+00 1.01933152E+00 1.01684160E+00 1.01428247E+00 1.01172182E+00 1.00927523E+00 1.00683785E+00 1.00381021E+00 1.00000000E+00
1.13807572E+00 1.13808508E+00 1.13809102E+00 1.13809465E+00 1.13809665E+00 1.13809786E+00 1.13809845E+00 1.13809871E+00 1.13809870E+00 1.13809856E+00 1.13809836E+00 1.13809820E+00 1.13809809E+00 1.13809807E+00 1.13809815E+00 1.13809836E+00 1.13809869E+00 1.13809916E+00 1.13809979E+00 1.13810058E+00 1.13810155E+00 1.13810271E+00 1.13810406E+00 1.13810564E+00 1.13810746E+00 1.13810953E+00 1.13811188E+00 1.13811454E+00 1.13811751E+00 1.13812083E+00 1.13812452E+00 1.13812861E+00 1.13813311E+00 1.13813805E+00 1.13814345E+00 1.13814931E+00 1.13815565E+00 1.13816247E+00 1.13816974E+00 1.13817747E+00 1.13818560E+00 1.13819408E+00 1.13820285E+00 1.13821178E+00 1.13822076E+00 1.13822959E+00 1.13823807E+00 1.13824590E+00 1.13825280E+00 1.13825828E+00 1.13826198E+00 1.13826315E+00 1.13826124E+00 1.13825528E+00 1.13824452E+00 1.13822754E+00 1.13820336E+00 1.13817008E+00 1.13812632E+00 1.13806958E+00 1.13799810E+00 1.13790854E+00 1.13779859E+00 1.13766414E+00 1.13750218E+00 1.13730729E+00 1.13707585E+00 1.13680101E+00 1.13647804E+00 1.13609863E+00 1.13565714E+00 1.13514334E+00 1.13455034E+00 1.13386573E+00 1.13308160E+00 1.13218300E+00 1.13116076E+00 1.12999688E+00 1.12867988E+00 1.12719130E+00 1.12551840E+00 1.12363669E+00 1.12153245E+00 1.11918152E+00 1.11656733E+00 1.11368650E+00 1.11050171E+00 1.10732750E+00 1.10386732E+00 1.10054605E+00 1.09697083E+00 1.09358651E+00 1.08998565E+00 1.08661169E+00 1.08304807E+00 1.07972856E+00 1.07625930E+00 1.07306204E+00 1.06973415E+00 1.06667915E+00 1.06352227E+00 1.06064562E+00 1.05768223E+00 1.05498737E+00 1.05222254E+00 1.04971898E+00 1.04716294E+00 1.04485942E+00 1.04251134E+00 1.04023299E+00 1.03790993E+00 1.03554371E+00 1.03314365E+00 1.03071098E+00 1.02822921E+00 1.02570092E+00 1.02314437E+00 1.02056636E+00 1.01792221E+00 1.01519838E+00 1.01246985E+00 1.00984767E+00 1.00722328E+00 1.00400233E+00 1.00000000E+00
1.14416321E+00 1.14417172E+00 1.14417712E+00 1.14418068E+00 1.14418272E+00 1.14418388E+00 1.14418434E+00 1.14418443E+00 1.14418426E+00 1.14418402E+00 1.14418375E+00 1.14418353E+00 1.14418338E+00 1.14418333E+00 1.14418340E+00 1.14418361E+00 1.14418397E+00 1.14418448E+00 1.14418516E+00 1.14418601E+00 1.14418706E+00 1.14418831E+00 1.14418977E+00 1.14419148E+00 1.14419344E+00 1.14419567E+00 1.14419820E+00 1.14420106E+00 1.14420427E+00 1.14420785E+00 1.14421183E+00 1.14421624E+00 1.14422110E+00 1.14422645E+00 1.14423228E+00 1.14423864E+00 1.14424552E+00 1.14425293E+00 1.14426086E+00 1.14426930E+00 1.14427821E+00 1.14428754E+00 1.14429722E+00 1.14430714E+00 1.14431719E+00 1.14432714E+00 1.14433684E+00 1.14434594E+00 1.14435419E+00 1.14436108E+00 1.14436625E+00 1.14436893E+00 1.14436854E+00 1.14436414E+00 1.14435491E+00 1.14433944E+00 1.14431669E+00 1.14428472E+00 1.14424209E+00 1.14418625E+00 1.14411538E+00 1.14402601E+00 1.14391578E+00 1.14378047E+00 1.14361697E+00 1.14341964E+00 1.14318476E+00 1.14290521E+00 1.14257609E+00 1.14218881E+00 1.14173751E+00 1.14121158E+00 1.14060393E+00 1.13990164E+00 1.13909651E+00 1.13817296E+00 1.13712140E+00 1.13592309E+00 1.13456629E+00 1.13303193E+00 1.13130628E+00 1.12936364E+00 1.12719002E+00 1.12476022E+00 1.12205645E+00 1.11907466E+00 1.11577636E+00 1.11248731E+00 1.10889880E+00 1.10545132E+00 1.10173880E+00 1.09822312E+00 1.09447990E+00 1.09097083E+00 1.08726110E+00 1.08380203E+00 1.08018631E+00 1.07685283E+00 1.07337997E+00 1.07018924E+00 1.06689165E+00 1.06388645E+00 1.06078750E+00 1.05796650E+00 1.05506966E+00 1.05244477E+00 1.04976455E+00 1.04734880E+00 1.04488434E+00 1.04249087E+00 1.04004768E+00 1.03755717E+00 1.03503085E+00 1.03246899E+00 1.02985167E+00 1.02718221E+00 1.02448201E+00 1.02175656E+00 1.01895648E+00 1.01606951E+00 1.01317551E+00 1.01038310E+00 1.00758300E+00 1.00418264E+00 1.00000000E+00
1.12935696E+00 1.12935705E+00 1.12936099E+00 1.12936562E+00 1.12936875E+00 1.12936954E+00 1.12936918E+00 1.12936877E+00 1.12936850E+00 1.12936838E+00 1.12936823E+00 1.12936804E+00 1.12936786E+00 1.12936778E+00 1.12936782E+00 1.12936798E+00 1.12936827E+00 1.12936869E+00 1.12936925E+00 1.12936997E+00 1.12937085E+00 1.12937191E+00 1.12937316E+00 1.12937460E+00 1.12937627E+00 1.12937817E+00 1.12938031E+00 1.12938274E+00 1.12938544E+00 1.12938846E+00 1.12939180E+00 1.12939549E+00 1.12939954E+00 1.12940397E+00 1.12940878E+00 1.12941399E+00 1.12941959E+00 1.12942558E+00 1.12943193E+00 1.12943861E+00 1.12944558E+00 1.12945276E+00 1.12946009E+00 1.12946742E+00 1.12947463E+00 1.12948150E+00 1.12948783E+00 1.12949329E+00 1.12949761E+00 1.12950027E+00 1.12950088E+00 1.12949871E+00 1.12949319E+00 1.12948336E+00 1.12946844E+00 1.12944701E+00 1.12941809E+00 1.12937981E+00 1.12933081E+00 1.12926865E+00 1.12919156E+00 1.12909634E+00 1.12898073E+00 1.12884066E+00 1.12867322E+00 1.12847318E+00 1.12823699E+00 1.12795814E+00 1.12763214E+00 1.12725107E+00 1.12680946E+00 1.12629756E+00 1.12570877E+00 1.12503158E+00 1.12425824E+00 1.12337477E+00 1.12237237E+00 1.12123447E+00 1.11995058E+00 1.11850316E+00 1.11687984E+00 1.11505876E+00 1.11302713E+00 1.11076207E+00 1.10824818E+00 1.10548429E+00 1.10243459E+00 1.09940225E+00 1.09610240E+00 1.09294191E+00 1.08954509E+00 1.08633450E+00 1.08292218E+00 1.07972732E+00 1.07636043E+00 1.07323471E+00 1.06996884E+00 1.06695882E+00 1.06383169E+00 1.06096651E+00 1.05800601E+00 1.05530814E+00 1.05253387E+00 1.05001598E+00 1.04743724E+00 1.04510565E+00 1.04272508E+00 1.04057836E+00 1.03839364E+00 1.03627668E+00 1.03412554E+00 1.03193969E+00 1.02971917E+00 1.02746590E+00 1.02518034E+00 1.02286184E+00 1.02051137E+00 1.01813627E+00 1.01573735E+00 1.01330141E+00 1.01083706E+00 1.00845252E+00 1.00618354E+00 1.00347226E+00 1.00000000E+00
1.12892893E+00 1.12892963E+00 1.12893371E+00 1.12893810E+00 1.12894094E+00 1.12894165E+00 1.12894133E+00 1.12894101E+00 1.12894081E+00 1.12894073E+00 1.12894062E+00 1.12894047E+00 1.12894034E+00 1.12894030E+00 1.12894038E+00 1.12894057E+00 1.12894088E+00 1.12894133E+00 1.12894191E+00 1.12894264E+00 1.12894354E+00 1.12894461E+00 1.12894586E+00 1.12894731E+00 1.12894898E+00 1.12895087E+00 1.12895302E+00 1.12895544E+00 1.12895814E+00 1.12896115E+00 1.12896448E+00 1.12896816E+00 1.12897221E+00 1.12897663E+00 1.12898143E+00 1.12898664E+00 1.12899224E+00 1.12899822E+00 1.12900457E+00 1.12901126E+00 1.12901825E+00 1.12902545E+00 1.12903281E+00 1.12904018E+00 1.12904745E+00 1.12905439E+00 1.12906081E+00 1.12906638E+00 1.12907083E+00 1.12907365E+00 1.12907446E+00 1.12907252E+00 1.12906728E+00 1.12905777E+00 1.12904321E+00 1.12902223E+00 1.12899382E+00 1.12895612E+00 1.12890779E+00 1.12884640E+00 1.12877019E+00 1.12867595E+00 1.12856144E+00 1.12842262E+00 1.12825657E+00 1.12805808E+00 1.12782363E+00 1.12754670E+00 1.12722281E+00 1.12684404E+00 1.12640495E+00 1.12589579E+00 1.12530997E+00 1.12463599E+00 1.12386609E+00 1.12298630E+00 1.12198785E+00 1.12085416E+00 1.11957467E+00 1.11813182E+00 1.11651333E+00 1.11469728E+00 1.11267083E+00 1.11041111E+00 1.10790282E+00 1.10514459E+00 1.10210076E+00 1.09907372E+00 1.09577944E+00 1.09262405E+00 1.08923257E+00 1.08602685E+00 1.08261979E+00 1.07942999E+00 1.07606869E+00 1.07294808E+00 1.06968765E+00 1.06668310E+00 1.06356214E+00 1.06070303E+00 1.05774929E+00 1.05505802E+00 1.05229113E+00 1.04978048E+00 1.04720988E+00 1.04488629E+00 1.04251447E+00 1.04037628E+00 1.03820095E+00 1.03609386E+00 1.03395350E+00 1.03177938E+00 1.02957190E+00 1.02733335E+00 1.02506374E+00 1.02276266E+00 1.02043209E+00 1.01808008E+00 1.01570332E+00 1.01328852E+00 1.01084997E+00 1.00849323E+00 1.00623815E+00 1.00351216E+00 1.00000000E+00
1.12962361E+00 1.12962456E+00 1.12962861E+00 1.12963319E+00 1.12963635E+00 1.12963735E+00 1.12963723E+00 1.12963699E+00 1.12963682E+00 1.12963677E+00 1.12963669E+00 1.12963656E+00 1.12963644E+00 1.12963640E+00 1.12963648E+00 1.12963667E+00 1.12963698E+00 1.12963742E+00 1.12963800E+00 1.12963873E+00 1.12963963E+00 1.12964070E+00 1.12964195E+00 1.12964341E+00 1.12964509E+00 1.12964699E+00 1.12964915E+00 1.12965158E+00 1.12965430E+00 1.12965733E+00 1.12966069E+00 1.12966440E+00 1.12966847E+00 1.12967293E+00 1.12967777E+00 1.12968302E+00 1.12968867E+00 1.12969471E+00 1.12970112E+00 1.12970788E+00 1.12971494E+00 1.12972224E+00 1.12972969E+00 1.12973716E+00 1.12974454E+00 1.12975160E+00 1.12975816E+00 1.12976388E+00 1.12976849E+00 1.12977149E+00 1.12977249E+00 1.12977075E+00 1.12976573E+00 1.12975645E+00 1.12974215E+00 1.12972143E+00 1.12969330E+00 1.12965590E+00 1.12960787E+00 1.12954679E+00 1.12947089E+00 1.12937696E+00 1.12926276E+00 1.12912423E+00 1.12895846E+00 1.12876021E+00 1.12852597E+00 1.12824918E+00 1.12792536E+00 1.12754656E+00 1.12710732E+00 1.12659788E+00 1.12601160E+00 1.12533692E+00 1.12456609E+00 1.12368507E+00 1.12268506E+00 1.12154939E+00 1.12026742E+00 1.11882153E+00 1.11719944E+00 1.11537907E+00 1.11334751E+00 1.11108183E+00 1.10856667E+00 1.10580057E+00 1.10274773E+00 1.09971134E+00 1.09640670E+00 1.09324114E+00 1.08983849E+00 1.08662202E+00 1.08320348E+00 1.08000291E+00 1.07662994E+00 1.07349799E+00 1.07022579E+00 1.06721054E+00 1.06407825E+00 1.06120851E+00 1.05824378E+00 1.05554252E+00 1.05276512E+00 1.05024468E+00 1.04766370E+00 1.04533041E+00 1.04294856E+00 1.04080139E+00 1.03861649E+00 1.03649987E+00 1.03434890E+00 1.03216322E+00 1.02994396E+00 1.02769326E+00 1.02540923E+00 1.02309183E+00 1.02074416E+00 1.01837364E+00 1.01597170E+00 1.01352570E+00 1.01105472E+00 1.00865994E+00 1.00635374E+00 1.00356914E+00 1.00000000E+00
1.13104939E+00 1.13105415E+00 1.13106046E+00 1.13106567E+00 1.13106878E+00 1.13106987E+00 1.13107000E+00 1.13107009E+00 1.13107017E+00 1.13107023E+00 1.13107020E+00 1.13107011E+00 1.13107004E+00 1.13107005E+00 1.13107015E+00 1.13107037E+00 1.13107070E+00 1.13107116E+00 1.13107176E+00 1.13107251E+00 1.13107342E+00 1.13107451E+00 1.13107579E+00 1.13107727E+00 1.13107897E+00 1.13108091E+00 1.13108310E+00 1.13108557E+00 1.13108833E+00 1.13109140E+00 1.13109482E+00 1.13109859E+00 1.13110272E+00 1.13110725E+00 1.13111218E+00 1.13111752E+00 1.13112327E+00 1.13112941E+00 1.13113595E+00 1.13114284E+00 1.13115005E+00 1.13115749E+00 1.13116511E+00 1.13117277E+00 1.13118034E+00 1.13118761E+00 1.13119439E+00 1.13120035E+00 1.13120521E+00 1.13120847E+00 1.13120974E+00 1.13120829E+00 1.13120355E+00 1.13119457E+00 1.13118056E+00 1.13116013E+00 1.13113227E+00 1.13109513E+00 1.13104733E+00 1.13098643E+00 1.13091068E+00 1.13081682E+00 1.13070260E+00 1.13056396E+00 1.13039794E+00 1.13019930E+00 1.12996448E+00 1.12968689E+00 1.12936201E+00 1.12898183E+00 1.12854085E+00 1.12802924E+00 1.12744031E+00 1.12676241E+00 1.12598774E+00 1.12510214E+00 1.12409674E+00 1.12295469E+00 1.12166529E+00 1.12021077E+00 1.11857876E+00 1.11674694E+00 1.11470229E+00 1.11242169E+00 1.10988961E+00 1.10710445E+00 1.10403009E+00 1.10097177E+00 1.09764273E+00 1.09445318E+00 1.09102421E+00 1.08778240E+00 1.08433642E+00 1.08110973E+00 1.07770815E+00 1.07454855E+00 1.07124732E+00 1.06820492E+00 1.06504340E+00 1.06214598E+00 1.05915226E+00 1.05642429E+00 1.05361835E+00 1.05107112E+00 1.04846164E+00 1.04610170E+00 1.04369229E+00 1.04151998E+00 1.03930850E+00 1.03716533E+00 1.03498583E+00 1.03276996E+00 1.03051984E+00 1.02823714E+00 1.02591804E+00 1.02356300E+00 1.02117655E+00 1.01876538E+00 1.01631705E+00 1.01381995E+00 1.01129708E+00 1.00884677E+00 1.00647862E+00 1.00363011E+00 1.00000000E+00
1.13294407E+00 1.13295577E+00 1.13296542E+00 1.13297157E+00 1.13297493E+00 1.13297676E+00 1.13297781E+00 1.13297868E+00 1.13297924E+00 1.13297956E+00 1.13297968E+00 1.13297973E+00 1.13297978E+00 1.13297990E+00 1.13298008E+00 1.13298035E+00 1.13298073E+00 1.13298123E+00 1.13298186E+00 1.13298265E+00 1.13298360E+00 1.13298473E+00 1.13298604E+00 1.13298756E+00 1.13298930E+00 1.13299129E+00 1.13299353E+00 1.13299606E+00 1.13299889E+00 1.13300204E+00 1.13300553E+00 1.13300939E+00 1.13301364E+00 1.13301828E+00 1.13302333E+00 1.13302881E+00 1.13303471E+00 1.13304102E+00 1.13304774E+00 1.13305483E+00 1.13306226E+00 1.13306994E+00 1.13307782E+00 1.13308575E+00 1.13309363E+00 1.13310122E+00 1.13310833E+00 1.13311465E+00 1.13311988E+00 1.13312353E+00 1.13312521E+00 1.13312417E+00 1.13311986E+00 1.13311130E+00 1.13309770E+00 1.13307767E+00 1.13305019E+00 1.13301338E+00 1.13296586E+00 1.13290517E+00 1.13282953E+00 1.13273566E+00 1.13262128E+00 1.13248230E+00 1.13231573E+00 1.13211627E+00 1.13188032E+00 1.13160122E+00 1.13127439E+00 1.13089174E+00 1.13044771E+00 1.12993235E+00 1.12933891E+00 1.12865557E+00 1.12787447E+00 1.12698124E+00 1.12596693E+00 1.12481445E+00 1.12351298E+00 1.12204456E+00 1.12039661E+00 1.11854646E+00 1.11648096E+00 1.11417667E+00 1.11161776E+00 1.10880241E+00 1.10569412E+00 1.10260140E+00 1.09923407E+00 1.09600691E+00 1.09253689E+00 1.08925573E+00 1.08576709E+00 1.08249989E+00 1.07905433E+00 1.07585265E+00 1.07250725E+00 1.06942365E+00 1.06621809E+00 1.06327935E+00 1.06024262E+00 1.05747521E+00 1.05462750E+00 1.05204139E+00 1.04939103E+00 1.04699336E+00 1.04454521E+00 1.04233778E+00 1.04008965E+00 1.03791019E+00 1.03569250E+00 1.03343690E+00 1.03114642E+00 1.02882233E+00 1.02645921E+00 1.02405800E+00 1.02162456E+00 1.01916504E+00 1.01666437E+00 1.01411192E+00 1.01153348E+00 1.00902559E+00 1.00659716E+00 1.00368839E+00 1.00000000E+00
1.13514272E+00 1.13515671E+00 1.13516588E+00 1.13517190E+00 1.13517586E+00 1.13517886E+00 1.13518093E+00 1.13518233E+00 1.13518315E+00 1.13518366E+00 1.13518395E+00 1.13518417E+00 1.13518436E+00 1.13518456E+00 1.13518481E+00 1.13518514E+00 1.13518557E+00 1.13518612E+00 1.13518680E+00 1.13518763E+00 1.13518862E+00 1.13518979E+00 1.13519115E+00 1.13519273E+00 1.13519453E+00 1.13519658E+00 1.13519890E+00 1.13520150E+00 1.13520442E+00 1.13520768E+00 1.13521128E+00 1.13521527E+00 1.13521965E+00 1.13522445E+00 1.13522968E+00 1.13523535E+00 1.13524147E+00 1.13524801E+00 1.13525499E+00 1.13526236E+00 1.13527009E+00 1.13527811E+00 1.13528634E+00 1.13529467E+00 1.13530295E+00 1.13531098E+00 1.13531857E+00 1.13532538E+00 1.13533114E+00 1.13533533E+00 1.13533757E+00 1.13533710E+00 1.13533335E+00 1.13532536E+00 1.13531233E+00 1.13529283E+00 1.13526584E+00 1.13522945E+00 1.13518227E+00 1.13512181E+00 1.13504625E+00 1.13495228E+00 1.13483758E+00 1.13469800E+00 1.13453053E+00 1.13432977E+00 1.13409207E+00 1.13381067E+00 1.13348090E+00 1.13309457E+00 1.13264603E+00 1.13212517E+00 1.13152515E+00 1.13083395E+00 1.13004359E+00 1.12913946E+00 1.12811244E+00 1.12694518E+00 1.12562672E+00 1.12413886E+00 1.12246867E+00 1.12059305E+00 1.11849876E+00 1.11616194E+00 1.11356635E+00 1.11071005E+00 1.10755603E+00 1.10441738E+00 1.10099919E+00 1.09772253E+00 1.09419898E+00 1.09086692E+00 1.08732342E+00 1.08400450E+00 1.08050353E+00 1.07724940E+00 1.07384922E+00 1.07071488E+00 1.06745568E+00 1.06446710E+00 1.06137889E+00 1.05856457E+00 1.05566767E+00 1.05303618E+00 1.05033864E+00 1.04789781E+00 1.04540567E+00 1.04315858E+00 1.04086948E+00 1.03864980E+00 1.03639035E+00 1.03409177E+00 1.03175785E+00 1.02938955E+00 1.02698026E+00 1.02453130E+00 1.02204964E+00 1.01954102E+00 1.01698864E+00 1.01438266E+00 1.01175085E+00 1.00918856E+00 1.00670490E+00 1.00374169E+00 1.00000000E+00
1.12289170E+00 1.12288600E+00 1.12288495E+00 1.12288584E+00 1.12288625E+00 1.12288495E+00 1.12288283E+00 1.12288078E+00 1.12287906E+00 1.12287772E+00 1.12287659E+00 1.12287557E+00 1.12287469E+00 1.12287400E+00 1.12287351E+00 1.12287321E+00 1.12287309E+00 1.12287315E+00 1.12287339E+00 1.12287382E+00 1.12287443E+00 1.12287523E+00 1.12287624E+00 1.12287746E+00 1.12287890E+00 1.12288057E+00 1.12288250E+00 1.12288470E+00 1.12288718E+00 1.12288997E+00 1.12289308E+00 1.12289653E+00 1.12290034E+00 1.12290453E+00 1.12290910E+00 1.12291406E+00 1.12291942E+00 1.12292517E+00 1.12293130E+00 1.12293778E+00 1.12294458E+00 1.12295162E+00 1.12295884E+00 1.12296613E+00 1.12297337E+00 1.12298035E+00 1.12298691E+00 1.12299273E+00 1.12299755E+00 1.12300090E+00 1.12300242E+00 1.12300141E+00 1.12299735E+00 1.12298931E+00 1.12297656E+00 1.12295777E+00 1.12293200E+00 1.12289745E+00 1.12285284E+00 1.12279582E+00 1.12272471E+00 1.12263639E+00 1.12252869E+00 1.12239771E+00 1.12224063E+00 1.12205235E+00 1.12182947E+00 1.12156563E+00 1.12125643E+00 1.12089415E+00 1.12047343E+00 1.11998472E+00 1.11942165E+00 1.11877277E+00 1.11803062E+00 1.11718128E+00 1.11621622E+00 1.11511898E+00 1.11387899E+00 1.11247915E+00 1.11090757E+00 1.10914203E+00 1.10716980E+00 1.10496846E+00 1.10252280E+00 1.09983149E+00 1.09685992E+00 1.09390202E+00 1.09068205E+00 1.08759688E+00 1.08427954E+00 1.08114215E+00 1.07780769E+00 1.07468762E+00 1.07140092E+00 1.06834735E+00 1.06515754E+00 1.06222082E+00 1.05917172E+00 1.05637993E+00 1.05349811E+00 1.05087402E+00 1.04817870E+00 1.04573513E+00 1.04323632E+00 1.04098113E+00 1.03868191E+00 1.03661122E+00 1.03450769E+00 1.03247463E+00 1.03041455E+00 1.02832664E+00 1.02621148E+00 1.02407457E+00 1.02191720E+00 1.01973661E+00 1.01754046E+00 1.01535190E+00 1.01316902E+00 1.01096359E+00 1.00878172E+00 1.00682259E+00 1.00503370E+00 1.00283686E+00 1.00000000E+00
1.11528897E+00 1.11528406E+00 1.11528003E+00 1.11527875E+00 1.11527883E+00 1.11527898E+00 1.11527863E+00 1.11527764E+00 1.11527643E+00 1.11527540E+00 1.11527461E+00 1.11527403E+00 1.11527357E+00 1.11527320E+00 1.11527295E+00 1.11527285E+00 1.11527290E+00 1.11527308E+00 1.11527342E+00 1.11527390E+00 1.11527453E+00 1.11527533E+00 1.11527629E+00 1.11527744E+00 1.11527879E+00 1.11528034E+00 1.11528212E+00 1.11528415E+00 1.11528644E+00 1.11528902E+00 1.11529189E+00 1.11529509E+00 1.11529863E+00 1.11530253E+00 1.11530681E+00 1.11531148E+00 1.11531655E+00 1.11532201E+00 1.11532787E+00 1.11533412E+00 1.11534073E+00 1.11534763E+00 1.11535478E+00 1.11536211E+00 1.11536951E+00 1.11537680E+00 1.11538385E+00 1.11539038E+00 1.11539617E+00 1.11540080E+00 1.11540397E+00 1.11540509E+00 1.11540365E+00 1.11539881E+00 1.11538994E+00 1.11537582E+00 1.11535561E+00 1.11532770E+00 1.11529088E+00 1.11524298E+00 1.11518247E+00 1.11510644E+00 1.11501282E+00 1.11489802E+00 1.11475939E+00 1.11459212E+00 1.11439308E+00 1.11415627E+00 1.11387746E+00 1.11354911E+00 1.11316617E+00 1.11271952E+00 1.11220326E+00 1.11160602E+00 1.11092057E+00 1.11013356E+00 1.10923698E+00 1.10821467E+00 1.10705587E+00 1.10574347E+00 1.10426686E+00 1.10260418E+00 1.10074210E+00 1.09865785E+00 1.09633799E+00 1.09378059E+00 1.09095261E+00 1.08813019E+00 1.08505422E+00 1.08210553E+00 1.07893162E+00 1.07592297E+00 1.07272398E+00 1.06973534E+00 1.06658938E+00 1.06366068E+00 1.06059865E+00 1.05778201E+00 1.05486034E+00 1.05218781E+00 1.04943230E+00 1.04692512E+00 1.04435256E+00 1.04202312E+00 1.03964572E+00 1.03750471E+00 1.03532556E+00 1.03336568E+00 1.03137900E+00 1.02946597E+00 1.02753285E+00 1.02557663E+00 1.02360232E+00 1.02162105E+00 1.01962935E+00 1.01762367E+00 1.01562630E+00 1.01367081E+00 1.01171404E+00 1.00972676E+00 1.00783300E+00 1.00623704E+00 1.00478933E+00 1.00279073E+00 1.00000000E+00
1.11373471E+00 1.11374522E+00 1.11375670E+00 1.11376253E+00 1.11376218E+00 1.11375775E+00 1.11375303E+00 1.11375097E+00 1.11375068E+00 1.11375072E+00 1.11375031E+00 1.11374930E+00 1.11374824E+00 1.11374751E+00 1.11374706E+00 1.11374678E+00 1.11374663E+00 1.11374659E+00 1.11374671E+00 1.11374700E+00 1.11374746E+00 1.11374810E+00 1.11374891E+00 1.11374991E+00 1.11375112E+00 1.11375254E+00 1.11375418E+00 1.11375608E+00 1.11375824E+00 1.11376068E+00 1.11376341E+00 1.11376648E+00 1.11376990E+00 1.11377367E+00 1.11377782E+00 1.11378239E+00 1.11378737E+00 1.11379276E+00 1.11379857E+00 1.11380481E+00 1.11381145E+00 1.11381844E+00 1.11382574E+00 1.11383331E+00 1.11384105E+00 1.11384882E+00 1.11385648E+00 1.11386381E+00 1.11387059E+00 1.11387646E+00 1.11388116E+00 1.11388416E+00 1.11388497E+00 1.11388283E+00 1.11387714E+00 1.11386680E+00 1.11385103E+00 1.11382834E+00 1.11379759E+00 1.11375673E+00 1.11370435E+00 1.11363765E+00 1.11355467E+00 1.11345199E+00 1.11332711E+00 1.11317543E+00 1.11299401E+00 1.11277714E+00 1.11252062E+00 1.11221693E+00 1.11186129E+00 1.11144500E+00 1.11096240E+00 1.11040204E+00 1.10975684E+00 1.10901387E+00 1.10816536E+00 1.10719512E+00 1.10609217E+00 1.10483960E+00 1.10342749E+00 1.10183358E+00 1.10004387E+00 1.09803524E+00 1.09579537E+00 1.09332217E+00 1.09058222E+00 1.08784051E+00 1.08484845E+00 1.08197715E+00 1.07888048E+00 1.07593652E+00 1.07280518E+00 1.06988497E+00 1.06680716E+00 1.06392968E+00 1.06091795E+00 1.05814988E+00 1.05527680E+00 1.05264529E+00 1.04993159E+00 1.04746295E+00 1.04492830E+00 1.04263125E+00 1.04028493E+00 1.03816931E+00 1.03601558E+00 1.03407971E+00 1.03211698E+00 1.03022691E+00 1.02831319E+00 1.02637171E+00 1.02441475E+00 1.02245693E+00 1.02048509E+00 1.01849356E+00 1.01651046E+00 1.01455265E+00 1.01255551E+00 1.01052826E+00 1.00862552E+00 1.00695530E+00 1.00531540E+00 1.00306443E+00 1.00000000E+00
1.11562501E+00 1.11563503E+00 1.11563405E+00 1.11562527E+00 1.11561622E+00 1.11561225E+00 1.11561163E+00 1.11561174E+00 1.11561126E+00 1.11560987E+00 1.11560844E+00 1.11560749E+00 1.11560689E+00 1.11560648E+00 1.11560616E+00 1.11560593E+00 1.11560584E+00 1.11560592E+00 1.11560614E+00 1.11560651E+00 1.11560702E+00 1.11560770E+00 1.11560854E+00 1.11560956E+00 1.11561077E+00 1.11561219E+00 1.11561382E+00 1.11561571E+00 1.11561785E+00 1.11562027E+00 1.11562299E+00 1.11562605E+00 1.11562945E+00 1.11563323E+00 1.11563740E+00 1.11564200E+00 1.11564704E+00 1.11565252E+00 1.11565845E+00 1.11566487E+00 1.11567173E+00 1.11567900E+00 1.11568667E+00 1.11569470E+00 1.11570301E+00 1.11571148E+00 1.11571999E+00 1.11572835E+00 1.11573636E+00 1.11574369E+00 1.11575014E+00 1.11575521E+00 1.11575845E+00 1.11575912E+00 1.11575670E+00 1.11575018E+00 1.11573881E+00 1.11572122E+00 1.11569631E+00 1.11566216E+00 1.11561742E+00 1.11555938E+00 1.11548615E+00 1.11539448E+00 1.11528199E+00 1.11514422E+00 1.11497839E+00 1.11477902E+00 1.11454187E+00 1.11425935E+00 1.11392687E+00 1.11353617E+00 1.11308167E+00 1.11255175E+00 1.11193947E+00 1.11123211E+00 1.11042188E+00 1.10949224E+00 1.10843221E+00 1.10722526E+00 1.10586138E+00 1.10431716E+00 1.10257823E+00 1.10062144E+00 1.09843450E+00 1.09601389E+00 1.09332648E+00 1.09063138E+00 1.08768382E+00 1.08484716E+00 1.08177972E+00 1.07885592E+00 1.07574461E+00 1.07284508E+00 1.06977868E+00 1.06689617E+00 1.06387667E+00 1.06110293E+00 1.05821743E+00 1.05556623E+00 1.05283020E+00 1.05034164E+00 1.04778119E+00 1.04545413E+00 1.04307109E+00 1.04091700E+00 1.03872277E+00 1.03675086E+00 1.03474771E+00 1.03281272E+00 1.03084578E+00 1.02884367E+00 1.02682452E+00 1.02480138E+00 1.02275129E+00 1.02066798E+00 1.01858485E+00 1.01650213E+00 1.01434355E+00 1.01214347E+00 1.01006348E+00 1.00814761E+00 1.00616431E+00 1.00350507E+00 1.00000000E+00
1.11938525E+00 1.11938768E+00 1.11937535E+00 1.11935957E+00 1.11934790E+00 1.11934365E+00 1.11934271E+00 1.11934142E+00 1.11933942E+00 1.11933714E+00 1.11933536E+00 1.11933429E+00 1.11933362E+00 1.11933307E+00 1.11933266E+00 1.11933240E+00 1.11933230E+00 1.11933237E+00 1.11933258E+00 1.11933293E+00 1.11933343E+00 1.11933409E+00 1.11933492E+00 1.11933592E+00 1.11933712E+00 1.11933852E+00 1.11934015E+00 1.11934203E+00 1.11934418E+00 1.11934661E+00 1.11934934E+00 1.11935243E+00 1.11935589E+00 1.11935974E+00 1.11936400E+00 1.11936873E+00 1.11937393E+00 1.11937961E+00 1.11938580E+00 1.11939253E+00 1.11939977E+00 1.11940750E+00 1.11941571E+00 1.11942441E+00 1.11943352E+00 1.11944292E+00 1.11945254E+00 1.11946219E+00 1.11947172E+00 1.11948082E+00 1.11948933E+00 1.11949682E+00 1.11950282E+00 1.11950666E+00 1.11950788E+00 1.11950553E+00 1.11949893E+00 1.11948678E+00 1.11946805E+00 1.11944090E+00 1.11940406E+00 1.11935485E+00 1.11929145E+00 1.11921079E+00 1.11911059E+00 1.11898649E+00 1.11883586E+00 1.11865336E+00 1.11843466E+00 1.11817208E+00 1.11786116E+00 1.11749393E+00 1.11706497E+00 1.11656246E+00 1.11597952E+00 1.11530348E+00 1.11452606E+00 1.11363007E+00 1.11260522E+00 1.11143558E+00 1.11010996E+00 1.10860294E+00 1.10690055E+00 1.10498001E+00 1.10282751E+00 1.10043668E+00 1.09777626E+00 1.09510369E+00 1.09217127E+00 1.08933610E+00 1.08626191E+00 1.08332632E+00 1.08019974E+00 1.07728390E+00 1.07418657E+00 1.07125969E+00 1.06819160E+00 1.06537318E+00 1.06243279E+00 1.05972184E+00 1.05692158E+00 1.05437406E+00 1.05174569E+00 1.04934825E+00 1.04688599E+00 1.04465454E+00 1.04237952E+00 1.04033413E+00 1.03825071E+00 1.03622937E+00 1.03416583E+00 1.03205841E+00 1.02992909E+00 1.02778694E+00 1.02560140E+00 1.02336722E+00 1.02112183E+00 1.01885266E+00 1.01647413E+00 1.01403203E+00 1.01169134E+00 1.00946322E+00 1.00709775E+00 1.00399291E+00 1.00000000E+00
1.12416929E+00 1.12416747E+00 1.12414670E+00 1.12412306E+00 1.12410535E+00 1.12409712E+00 1.12409313E+00 1.12408910E+00 1.12408484E+00 1.12408091E+00 1.12407806E+00 1.12407629E+00 1.12407518E+00 1.12407434E+00 1.12407377E+00 1.12407344E+00 1.12407335E+00 1.12407344E+00 1.12407370E+00 1.12407410E+00 1.12407465E+00 1.12407535E+00 1.12407621E+00 1.12407725E+00 1.12407847E+00 1.12407990E+00 1.12408155E+00 1.12408347E+00 1.12408565E+00 1.12408813E+00 1.12409093E+00 1.12409410E+00 1.12409766E+00 1.12410164E+00 1.12410606E+00 1.12411099E+00 1.12411645E+00 1.12412243E+00 1.12412897E+00 1.12413614E+00 1.12414390E+00 1.12415223E+00 1.12416117E+00 1.12417072E+00 1.12418083E+00 1.12419141E+00 1.12420238E+00 1.12421361E+00 1.12422495E+00 1.12423616E+00 1.12424710E+00 1.12425738E+00 1.12426654E+00 1.12427399E+00 1.12427931E+00 1.12428165E+00 1.12428035E+00 1.12427418E+00 1.12426217E+00 1.12424260E+00 1.12421422E+00 1.12417435E+00 1.12412127E+00 1.12405212E+00 1.12396468E+00 1.12385471E+00 1.12371962E+00 1.12355416E+00 1.12335395E+00 1.12311118E+00 1.12282138E+00 1.12247677E+00 1.12207221E+00 1.12159585E+00 1.12104068E+00 1.12039371E+00 1.11964580E+00 1.11877891E+00 1.11778429E+00 1.11664689E+00 1.11535300E+00 1.11387449E+00 1.11219866E+00 1.11030322E+00 1.10817158E+00 1.10579373E+00 1.10314138E+00 1.10047291E+00 1.09753301E+00 1.09467496E+00 1.09156856E+00 1.08859871E+00 1.08543137E+00 1.08247237E+00 1.07931499E+00 1.07631799E+00 1.07317437E+00 1.07028539E+00 1.06726292E+00 1.06446721E+00 1.06157626E+00 1.05894477E+00 1.05622197E+00 1.05372920E+00 1.05116174E+00 1.04882916E+00 1.04644819E+00 1.04430547E+00 1.04211663E+00 1.03998364E+00 1.03779749E+00 1.03555808E+00 1.03328980E+00 1.03099749E+00 1.02864481E+00 1.02622761E+00 1.02378646E+00 1.02130017E+00 1.01867569E+00 1.01596273E+00 1.01332977E+00 1.01077225E+00 1.00802598E+00 1.00447999E+00 1.00000000E+00
1.12446372E+00 1.12445896E+00 1.12445882E+00 1.12446065E+00 1.12446186E+00 1.12446115E+00 1.12445945E+00 1.12445775E+00 1.12445633E+00 1.12445528E+00 1.12445438E+00 1.12445355E+00 1.12445283E+00 1.12445227E+00 1.12445189E+00 1.12445170E+00 1.12445167E+00 1.12445181E+00 1.12445212E+00 1.12445261E+00 1.12445328E+00 1.12445414E+00 1.12445520E+00 1.12445647E+00 1.12445796E+00 1.12445969E+00 1.12446167E+00 1.12446392E+00 1.12446645E+00 1.12446929E+00 1.12447246E+00 1.12447597E+00 1.12447984E+00 1.12448408E+00 1.12448871E+00 1.12449373E+00 1.12449915E+00 1.12450496E+00 1.12451114E+00 1.12451767E+00 1.12452451E+00 1.12453159E+00 1.12453884E+00 1.12454614E+00 1.12455338E+00 1.12456033E+00 1.12456684E+00 1.12457258E+00 1.12457728E+00 1.12458047E+00 1.12458178E+00 1.12458050E+00 1.12457609E+00 1.12456763E+00 1.12455436E+00 1.12453495E+00 1.12450842E+00 1.12447299E+00 1.12442733E+00 1.12436908E+00 1.12429653E+00 1.12420656E+00 1.12409696E+00 1.12396380E+00 1.12380423E+00 1.12361312E+00 1.12338704E+00 1.12311958E+00 1.12280632E+00 1.12243950E+00 1.12201373E+00 1.12151942E+00 1.12095012E+00 1.12029438E+00 1.11954467E+00 1.11868705E+00 1.11771294E+00 1.11660584E+00 1.11535516E+00 1.11394374E+00 1.11235959E+00 1.11058054E+00 1.10859382E+00 1.10637699E+00 1.10391476E+00 1.10120577E+00 1.09821516E+00 1.09523912E+00 1.09199980E+00 1.08889630E+00 1.08555958E+00 1.08240448E+00 1.07905129E+00 1.07591305E+00 1.07260686E+00 1.06953580E+00 1.06632769E+00 1.06337344E+00 1.06030565E+00 1.05749624E+00 1.05459554E+00 1.05195373E+00 1.04923956E+00 1.04677830E+00 1.04426053E+00 1.04198718E+00 1.03966854E+00 1.03757979E+00 1.03545706E+00 1.03340414E+00 1.03132255E+00 1.02921157E+00 1.02707150E+00 1.02490699E+00 1.02271947E+00 1.02050696E+00 1.01827483E+00 1.01604178E+00 1.01380804E+00 1.01154874E+00 1.00930267E+00 1.00725231E+00 1.00534415E+00 1.00299937E+00 1.00000000E+00
1.11845942E+00 1.11845496E+00 1.11845347E+00 1.11845435E+00 1.11845554E+00 1.11845561E+00 1.11845484E+00 1.11845374E+00 1.11845271E+00 1.11845198E+00 1.11845142E+00 1.11845095E+00 1.11845056E+00 1.11845027E+00 1.11845012E+00 1.11845010E+00 1.11845023E+00 1.11845049E+00 1.11845089E+00 1.11845144E+00 1.11845214E+00 1.11845301E+00 1.11845404E+00 1.11845527E+00 1.11845669E+00 1.11845833E+00 1.11846019E+00 1.11846231E+00 1.11846470E+00 1.11846737E+00 1.11847035E+00 1.11847367E+00 1.11847733E+00 1.11848135E+00 1.11848575E+00 1.11849055E+00 1.11849575E+00 1.11850134E+00 1.11850732E+00 1.11851369E+00 1.11852039E+00 1.11852738E+00 1.11853461E+00 1.11854197E+00 1.11854937E+00 1.11855662E+00 1.11856357E+00 1.11856993E+00 1.11857547E+00 1.11857975E+00 1.11858246E+00 1.11858296E+00 1.11858073E+00 1.11857493E+00 1.11856487E+00 1.11854931E+00 1.11852737E+00 1.11849737E+00 1.11845809E+00 1.11840728E+00 1.11834337E+00 1.11826338E+00 1.11816521E+00 1.11804515E+00 1.11790050E+00 1.11772636E+00 1.11751951E+00 1.11727380E+00 1.11698492E+00 1.11664531E+00 1.11624982E+00 1.11578918E+00 1.11525727E+00 1.11464269E+00 1.11393813E+00 1.11313011E+00 1.11221041E+00 1.11116270E+00 1.10997628E+00 1.10863403E+00 1.10712492E+00 1.10542681E+00 1.10352664E+00 1.10140201E+00 1.09903886E+00 1.09643485E+00 1.09355656E+00 1.09068689E+00 1.08756063E+00 1.08456338E+00 1.08133835E+00 1.07828500E+00 1.07503932E+00 1.07200385E+00 1.06880710E+00 1.06583400E+00 1.06272694E+00 1.05986811E+00 1.05690181E+00 1.05418736E+00 1.05138715E+00 1.04883853E+00 1.04622273E+00 1.04385341E+00 1.04143370E+00 1.03925255E+00 1.03703102E+00 1.03503257E+00 1.03300543E+00 1.03105032E+00 1.02907250E+00 1.02707042E+00 1.02504716E+00 1.02301095E+00 1.02096025E+00 1.01889348E+00 1.01682514E+00 1.01478035E+00 1.01273480E+00 1.01066563E+00 1.00865983E+00 1.00689914E+00 1.00524229E+00 1.00301105E+00 1.00000000E+00
1.11761516E+00 1.11763033E+00 1.11763905E+00 1.11764143E+00 1.11763989E+00 1.11763744E+00 1.11763542E+00 1.11763477E+00 1.11763473E+00 1.11763449E+00 1.11763389E+00 1.11763303E+00 1.11763220E+00 1.11763161E+00 1.11763120E+00 1.11763093E+00 1.11763079E+00 1.11763079E+00 1.11763095E+00 1.11763129E+00 1.11763179E+00 1.11763248E+00 1.11763335E+00 1.11763443E+00 1.11763571E+00 1.11763722E+00 1.11763896E+00 1.11764097E+00 1.11764324E+00 1.11764581E+00 1.11764869E+00 1.11765191E+00 1.11765548E+00 1.11765942E+00 1.11766375E+00 1.11766849E+00 1.11767365E+00 1.11767922E+00 1.11768521E+00 1.11769161E+00 1.11769840E+00 1.11770552E+00 1.11771293E+00 1.11772056E+00 1.11772832E+00 1.11773603E+00 1.11774356E+00 1.11775066E+00 1.11775711E+00 1.11776250E+00 1.11776656E+00 1.11776870E+00 1.11776841E+00 1.11776490E+00 1.11775754E+00 1.11774517E+00 1.11772694E+00 1.11770127E+00 1.11766699E+00 1.11762195E+00 1.11756466E+00 1.11749222E+00 1.11740262E+00 1.11729228E+00 1.11715862E+00 1.11699690E+00 1.11680401E+00 1.11657396E+00 1.11630250E+00 1.11598211E+00 1.11560787E+00 1.11517073E+00 1.11466470E+00 1.11407830E+00 1.11340442E+00 1.11262979E+00 1.11174637E+00 1.11073768E+00 1.10959284E+00 1.10829492E+00 1.10683321E+00 1.10518510E+00 1.10333725E+00 1.10126730E+00 1.09896166E+00 1.09641731E+00 1.09360077E+00 1.09078750E+00 1.08771922E+00 1.08477413E+00 1.08160122E+00 1.07859306E+00 1.07539430E+00 1.07240358E+00 1.06925045E+00 1.06631077E+00 1.06323710E+00 1.06041046E+00 1.05747628E+00 1.05478895E+00 1.05201614E+00 1.04949240E+00 1.04690112E+00 1.04455302E+00 1.04215385E+00 1.03998955E+00 1.03778475E+00 1.03580225E+00 1.03379090E+00 1.03185076E+00 1.02988533E+00 1.02789257E+00 1.02587992E+00 1.02385660E+00 1.02181331E+00 1.01974792E+00 1.01768126E+00 1.01563228E+00 1.01355663E+00 1.01144148E+00 1.00939068E+00 1.00753526E+00 1.00569956E+00 1.00324369E+00 1.00000000E+00
1.11985982E+00 1.11986145E+00 1.11986752E+00 1.11987425E+00 1.11987765E+00 1.11987596E+00 1.11987184E+00 1.11986850E+00 1.11986658E+00 1.11986582E+00 1.11986525E+00 1.11986429E+00 1.11986323E+00 1.11986234E+00 1.11986170E+00 1.11986129E+00 1.11986105E+00 1.11986095E+00 1.11986101E+00 1.11986124E+00 1.11986167E+00 1.11986228E+00 1.11986309E+00 1.11986411E+00 1.11986534E+00 1.11986680E+00 1.11986850E+00 1.11987048E+00 1.11987273E+00 1.11987528E+00 1.11987816E+00 1.11988138E+00 1.11988497E+00 1.11988895E+00 1.11989333E+00 1.11989815E+00 1.11990342E+00 1.11990913E+00 1.11991529E+00 1.11992192E+00 1.11992898E+00 1.11993644E+00 1.11994426E+00 1.11995239E+00 1.11996074E+00 1.11996917E+00 1.11997755E+00 1.11998564E+00 1.11999326E+00 1.12000003E+00 1.12000570E+00 1.12000972E+00 1.12001159E+00 1.12001058E+00 1.12000609E+00 1.11999701E+00 1.11998256E+00 1.11996122E+00 1.11993184E+00 1.11989236E+00 1.11984135E+00 1.11977595E+00 1.11969421E+00 1.11959269E+00 1.11946887E+00 1.11931811E+00 1.11913739E+00 1.11892078E+00 1.11866403E+00 1.11835967E+00 1.11800285E+00 1.11758471E+00 1.11709926E+00 1.11653489E+00 1.11588458E+00 1.11513511E+00 1.11427837E+00 1.11329756E+00 1.11218166E+00 1.11091377E+00 1.10948310E+00 1.10786610E+00 1.10604924E+00 1.10401011E+00 1.10173483E+00 1.09921909E+00 1.09642923E+00 1.09363714E+00 1.09058659E+00 1.08765241E+00 1.08448604E+00 1.08147970E+00 1.07828023E+00 1.07528691E+00 1.07212333E+00 1.06916469E+00 1.06606941E+00 1.06322270E+00 1.06026265E+00 1.05754590E+00 1.05474035E+00 1.05218567E+00 1.04955841E+00 1.04717327E+00 1.04473164E+00 1.04252451E+00 1.04027385E+00 1.03824920E+00 1.03619142E+00 1.03420171E+00 1.03217954E+00 1.03012313E+00 1.02804355E+00 1.02594837E+00 1.02382094E+00 1.02165890E+00 1.01948775E+00 1.01731920E+00 1.01509631E+00 1.01281168E+00 1.01057598E+00 1.00849011E+00 1.00636285E+00 1.00357943E+00 1.00000000E+00
1.12385124E+00 1.12386051E+00 1.12386765E+00 1.12386666E+00 1.12386041E+00 1.12385356E+00 1.12384834E+00 1.12384553E+00 1.12384367E+00 1.12384173E+00 1.12383978E+00 1.12383808E+00 1.12383680E+00 1.12383591E+00 1.12383529E+00 1.12383485E+00 1.12383459E+00 1.12383453E+00 1.12383465E+00 1.12383495E+00 1.12383543E+00 1.12383609E+00 1.12383695E+00 1.12383801E+00 1.12383929E+00 1.12384079E+00 1.12384254E+00 1.12384457E+00 1.12384688E+00 1.12384950E+00 1.12385244E+00 1.12385576E+00 1.12385946E+00 1.12386357E+00 1.12386811E+00 1.12387313E+00 1.12387862E+00 1.12388461E+00 1.12389109E+00 1.12389811E+00 1.12390562E+00 1.12391360E+00 1.12392205E+00 1.12393091E+00 1.12394011E+00 1.12394952E+00 1.12395904E+00 1.12396845E+00 1.12397757E+00 1.12398608E+00 1.12399374E+00 1.12400003E+00 1.12400448E+00 1.12400638E+00 1.12400520E+00 1.12399988E+00 1.12398966E+00 1.12397309E+00 1.12394904E+00 1.12391552E+00 1.12387113E+00 1.12381307E+00 1.12373941E+00 1.12364683E+00 1.12353287E+00 1.12339295E+00 1.12322407E+00 1.12302033E+00 1.12277745E+00 1.12248792E+00 1.12214695E+00 1.12174574E+00 1.12127831E+00 1.12073281E+00 1.12010225E+00 1.11937324E+00 1.11853741E+00 1.11757744E+00 1.11648237E+00 1.11523529E+00 1.11382468E+00 1.11222567E+00 1.11042477E+00 1.10839927E+00 1.10613426E+00 1.10362350E+00 1.10083334E+00 1.09803522E+00 1.09497058E+00 1.09201457E+00 1.08881901E+00 1.08578056E+00 1.08254250E+00 1.07950885E+00 1.07629318E+00 1.07327652E+00 1.07011834E+00 1.06721189E+00 1.06418295E+00 1.06139599E+00 1.05851459E+00 1.05588874E+00 1.05318237E+00 1.05071912E+00 1.04819147E+00 1.04590105E+00 1.04356218E+00 1.04145581E+00 1.03930980E+00 1.03722807E+00 1.03510495E+00 1.03293913E+00 1.03074425E+00 1.02852563E+00 1.02626106E+00 1.02394811E+00 1.02161567E+00 1.01926998E+00 1.01684631E+00 1.01433962E+00 1.01186458E+00 1.00950636E+00 1.00706509E+00 1.00393686E+00 1.00000000E+00
1.12882647E+00 1.12883673E+00 1.12883677E+00 1.12882805E+00 1.12881662E+00 1.12880785E+00 1.12880152E+00 1.12879677E+00 1.12879255E+00 1.12878859E+00 1.12878525E+00 1.12878275E+00 1.12878095E+00 1.12877965E+00 1.12877873E+00 1.12877810E+00 1.12877776E+00 1.12877766E+00 1.12877780E+00 1.12877812E+00 1.12877864E+00 1.12877936E+00 1.12878026E+00 1.12878138E+00 1.12878272E+00 1.12878428E+00 1.12878610E+00 1.12878820E+00 1.12879060E+00 1.12879332E+00 1.12879638E+00 1.12879984E+00 1.12880371E+00 1.12880802E+00 1.12881280E+00 1.12881810E+00 1.12882392E+00 1.12883030E+00 1.12883724E+00 1.12884478E+00 1.12885291E+00 1.12886161E+00 1.12887088E+00 1.12888070E+00 1.12889100E+00 1.12890168E+00 1.12891263E+00 1.12892369E+00 1.12893469E+00 1.12894533E+00 1.12895540E+00 1.12896442E+00 1.12897193E+00 1.12897729E+00 1.12897999E+00 1.12897903E+00 1.12897368E+00 1.12896252E+00 1.12894447E+00 1.12891758E+00 1.12888050E+00 1.12883041E+00 1.12876546E+00 1.12868245E+00 1.12857894E+00 1.12845034E+00 1.12829369E+00 1.12810304E+00 1.12787407E+00 1.12759919E+00 1.12727358E+00 1.12688844E+00 1.12643782E+00 1.12590960E+00 1.12529667E+00 1.12458525E+00 1.12376654E+00 1.12282259E+00 1.12174279E+00 1.12051010E+00 1.11911159E+00 1.11752076E+00 1.11572441E+00 1.11369930E+00 1.11142876E+00 1.10890445E+00 1.10609281E+00 1.10326716E+00 1.10016352E+00 1.09716070E+00 1.09390906E+00 1.09081298E+00 1.08750778E+00 1.08440563E+00 1.08110797E+00 1.07800602E+00 1.07475571E+00 1.07176126E+00 1.06863346E+00 1.06574836E+00 1.06276161E+00 1.06003693E+00 1.05722227E+00 1.05465351E+00 1.05201123E+00 1.04961141E+00 1.04715713E+00 1.04494372E+00 1.04268337E+00 1.04048407E+00 1.03823429E+00 1.03593317E+00 1.03359620E+00 1.03122676E+00 1.02879862E+00 1.02630927E+00 1.02379017E+00 1.02124387E+00 1.01860055E+00 1.01585601E+00 1.01312776E+00 1.01049275E+00 1.00774527E+00 1.00428422E+00 1.00000000E+00
1.12605030E+00 1.12604660E+00 1.12604745E+00 1.12605023E+00 1.12605227E+00 1.12605218E+00 1.12605096E+00 1.12604965E+00 1.12604857E+00 1.12604780E+00 1.12604715E+00 1.12604652E+00 1.12604597E+00 1.12604556E+00 1.12604531E+00 1.12604522E+00 1.12604528E+00 1.12604551E+00 1.12604589E+00 1.12604645E+00 1.12604718E+00 1.12604811E+00 1.12604922E+00 1.12605055E+00 1.12605209E+00 1.12605387E+00 1.12605590E+00 1.12605820E+00 1.12606079E+00 1.12606369E+00 1.12606691E+00 1.12607048E+00 1.12607441E+00 1.12607871E+00 1.12608339E+00 1.12608848E+00 1.12609396E+00 1.12609982E+00 1.12610605E+00 1.12611263E+00 1.12611952E+00 1.12612663E+00 1.12613391E+00 1.12614122E+00 1.12614845E+00 1.12615538E+00 1.12616183E+00 1.12616748E+00 1.12617206E+00 1.12617508E+00 1.12617617E+00 1.12617461E+00 1.12616984E+00 1.12616094E+00 1.12614714E+00 1.12612709E+00 1.12609980E+00 1.12606345E+00 1.12601672E+00 1.12595721E+00 1.12588321E+00 1.12579155E+00 1.12568002E+00 1.12554464E+00 1.12538253E+00 1.12518855E+00 1.12495922E+00 1.12468809E+00 1.12437072E+00 1.12399931E+00 1.12356844E+00 1.12306847E+00 1.12249288E+00 1.12183022E+00 1.12107289E+00 1.12020693E+00 1.11922370E+00 1.11810667E+00 1.11684527E+00 1.11542223E+00 1.11382546E+00 1.11203285E+00 1.11003164E+00 1.10779928E+00 1.10532045E+00 1.10259377E+00 1.09958414E+00 1.09658997E+00 1.09333126E+00 1.09020945E+00 1.08685341E+00 1.08368057E+00 1.08030853E+00 1.07715212E+00 1.07382646E+00 1.07073791E+00 1.06751142E+00 1.06453946E+00 1.06145279E+00 1.05862560E+00 1.05570586E+00 1.05304617E+00 1.05031291E+00 1.04783368E+00 1.04529658E+00 1.04300473E+00 1.04066637E+00 1.03855920E+00 1.03641683E+00 1.03434359E+00 1.03223994E+00 1.03010524E+00 1.02793961E+00 1.02574685E+00 1.02352828E+00 1.02128242E+00 1.01901283E+00 1.01673435E+00 1.01444845E+00 1.01213297E+00 1.00981822E+00 1.00766772E+00 1.00563883E+00 1.00315657E+00 1.00000000E+00
1.12174073E+00 1.12173765E+00 1.12173814E+00 1.12174035E+00 1.12174212E+00 1.12174226E+00 1.12174145E+00 1.12174050E+00 1.12173971E+00 1.12173920E+00 1.12173878E+00 1.12173840E+00 1.12173808E+00 1.12173786E+00 1.12173778E+00 1.12173783E+00 1.12173801E+00 1.12173833E+00 1.12173878E+00 1.12173939E+00 1.12174015E+00 1.12174108E+00 1.12174218E+00 1.12174348E+00 1.12174497E+00 1.12174669E+00 1.12174864E+00 1.12175085E+00 1.12175334E+00 1.12175612E+00 1.12175920E+00 1.12176263E+00 1.12176641E+00 1.12177056E+00 1.12177509E+00 1.12178001E+00 1.12178534E+00 1.12179106E+00 1.12179716E+00 1.12180363E+00 1.12181043E+00 1.12181750E+00 1.12182478E+00 1.12183217E+00 1.12183954E+00 1.12184672E+00 1.12185353E+00 1.12185968E+00 1.12186492E+00 1.12186879E+00 1.12187096E+00 1.12187076E+00 1.12186766E+00 1.12186077E+00 1.12184940E+00 1.12183225E+00 1.12180840E+00 1.12177613E+00 1.12173416E+00 1.12168020E+00 1.12161262E+00 1.12152837E+00 1.12142531E+00 1.12129961E+00 1.12114853E+00 1.12096706E+00 1.12075188E+00 1.12049672E+00 1.12019722E+00 1.11984572E+00 1.11943700E+00 1.11896161E+00 1.11841328E+00 1.11778055E+00 1.11705604E+00 1.11622608E+00 1.11528228E+00 1.11420821E+00 1.11299320E+00 1.11162005E+00 1.11007732E+00 1.10834285E+00 1.10640372E+00 1.10423757E+00 1.10182983E+00 1.09917826E+00 1.09624885E+00 1.09333076E+00 1.09015291E+00 1.08710681E+00 1.08383046E+00 1.08073087E+00 1.07743634E+00 1.07435330E+00 1.07110569E+00 1.06808768E+00 1.06493440E+00 1.06203174E+00 1.05901891E+00 1.05626089E+00 1.05341443E+00 1.05082295E+00 1.04816205E+00 1.04575069E+00 1.04328617E+00 1.04106269E+00 1.03879648E+00 1.03675679E+00 1.03468608E+00 1.03268600E+00 1.03066019E+00 1.02860776E+00 1.02653048E+00 1.02443437E+00 1.02231912E+00 1.02018406E+00 1.01803807E+00 1.01590024E+00 1.01375717E+00 1.01158754E+00 1.00944926E+00 1.00750255E+00 1.00563711E+00 1.00320383E+00 1.00000000E+00
1.12149351E+00 1.12149056E+00 1.12148846E+00 1.12148880E+00 1.12148999E+00 1.12149068E+00 1.12149060E+00 1.12148988E+00 1.12148900E+00 1.12148831E+00 1.12148777E+00 1.12148735E+00 1.12148700E+00 1.12148673E+00 1.12148657E+00 1.12148655E+00 1.12148667E+00 1.12148693E+00 1.12148733E+00 1.12148788E+00 1.12148858E+00 1.12148946E+00 1.12149051E+00 1.12149176E+00 1.12149321E+00 1.12149487E+00 1.12149678E+00 1.12149894E+00 1.12150138E+00 1.12150411E+00 1.12150715E+00 1.12151054E+00 1.12151428E+00 1.12151840E+00 1.12152290E+00 1.12152782E+00 1.12153315E+00 1.12153889E+00 1.12154503E+00 1.12155158E+00 1.12155848E+00 1.12156570E+00 1.12157317E+00 1.12158081E+00 1.12158852E+00 1.12159610E+00 1.12160342E+00 1.12161019E+00 1.12161618E+00 1.12162096E+00 1.12162422E+00 1.12162531E+00 1.12162373E+00 1.12161864E+00 1.12160935E+00 1.12159464E+00 1.12157362E+00 1.12154463E+00 1.12150641E+00 1.12145676E+00 1.12139409E+00 1.12131540E+00 1.12121862E+00 1.12110003E+00 1.12095693E+00 1.12078444E+00 1.12057931E+00 1.12033533E+00 1.12004819E+00 1.11971032E+00 1.11931658E+00 1.11885766E+00 1.11832733E+00 1.11771411E+00 1.11701076E+00 1.11620368E+00 1.11528457E+00 1.11423687E+00 1.11304974E+00 1.11170608E+00 1.11019464E+00 1.10849287E+00 1.10658774E+00 1.10445693E+00 1.10208605E+00 1.09947217E+00 1.09658131E+00 1.09369802E+00 1.09055564E+00 1.08754106E+00 1.08429608E+00 1.08122378E+00 1.07795718E+00 1.07489997E+00 1.07167729E+00 1.06867852E+00 1.06554460E+00 1.06266055E+00 1.05966615E+00 1.05692364E+00 1.05409275E+00 1.05151531E+00 1.04886824E+00 1.04646880E+00 1.04401575E+00 1.04180156E+00 1.03954437E+00 1.03751324E+00 1.03545065E+00 1.03345796E+00 1.03143749E+00 1.02938815E+00 1.02731409E+00 1.02522152E+00 1.02310493E+00 1.02096353E+00 1.01880981E+00 1.01665965E+00 1.01448490E+00 1.01226581E+00 1.01007016E+00 1.00803127E+00 1.00601559E+00 1.00339590E+00 1.00000000E+00
1.12369718E+00 1.12369752E+00 1.12369645E+00 1.12369606E+00 1.12369604E+00 1.12369611E+00 1.12369587E+00 1.12369517E+00 1.12369426E+00 1.12369341E+00 1.12369268E+00 1.12369212E+00 1.12369166E+00 1.12369130E+00 1.12369106E+00 1.12369096E+00 1.12369100E+00 1.12369118E+00 1.12369152E+00 1.12369202E+00 1.12369268E+00 1.12369352E+00 1.12369453E+00 1.12369575E+00 1.12369718E+00 1.12369883E+00 1.12370072E+00 1.12370288E+00 1.12370533E+00 1.12370807E+00 1.12371114E+00 1.12371457E+00 1.12371836E+00 1.12372254E+00 1.12372713E+00 1.12373216E+00 1.12373762E+00 1.12374352E+00 1.12374986E+00 1.12375664E+00 1.12376383E+00 1.12377138E+00 1.12377925E+00 1.12378736E+00 1.12379562E+00 1.12380386E+00 1.12381192E+00 1.12381957E+00 1.12382657E+00 1.12383253E+00 1.12383714E+00 1.12383978E+00 1.12383997E+00 1.12383690E+00 1.12382992E+00 1.12381783E+00 1.12379978E+00 1.12377413E+00 1.12373969E+00 1.12369426E+00 1.12363630E+00 1.12356287E+00 1.12347190E+00 1.12335976E+00 1.12322380E+00 1.12305917E+00 1.12286266E+00 1.12262810E+00 1.12235117E+00 1.12202429E+00 1.12164238E+00 1.12119617E+00 1.12067941E+00 1.12008049E+00 1.11939222E+00 1.11860093E+00 1.11769824E+00 1.11666729E+00 1.11549708E+00 1.11417041E+00 1.11267596E+00 1.11099051E+00 1.10910084E+00 1.10698443E+00 1.10462655E+00 1.10202331E+00 1.09914039E+00 1.09626087E+00 1.09311881E+00 1.09010048E+00 1.08684785E+00 1.08376512E+00 1.08048487E+00 1.07741265E+00 1.07416906E+00 1.07114527E+00 1.06798374E+00 1.06507325E+00 1.06204766E+00 1.05927264E+00 1.05640596E+00 1.05379439E+00 1.05110893E+00 1.04867137E+00 1.04617574E+00 1.04391958E+00 1.04161734E+00 1.03954417E+00 1.03743565E+00 1.03539487E+00 1.03332059E+00 1.03121176E+00 1.02907463E+00 1.02691423E+00 1.02472025E+00 1.02249173E+00 1.02024396E+00 1.01798897E+00 1.01568934E+00 1.01332631E+00 1.01097304E+00 1.00874748E+00 1.00650743E+00 1.00364246E+00 1.00000000E+00
1.12733065E+00 1.12733225E+00 1.12733208E+00 1.12733146E+00 1.12733048E+00 1.12732932E+00 1.12732793E+00 1.12732649E+00 1.12732513E+00 1.12732400E+00 1.12732308E+00 1.12732234E+00 1.12732175E+00 1.12732132E+00 1.12732104E+00 1.12732092E+00 1.12732096E+00 1.12732115E+00 1.12732150E+00 1.12732201E+00 1.12732269E+00 1.12732354E+00 1.12732458E+00 1.12732582E+00 1.12732728E+00 1.12732897E+00 1.12733091E+00 1.12733312E+00 1.12733562E+00 1.12733845E+00 1.12734161E+00 1.12734514E+00 1.12734906E+00 1.12735340E+00 1.12735816E+00 1.12736340E+00 1.12736911E+00 1.12737530E+00 1.12738199E+00 1.12738916E+00 1.12739680E+00 1.12740488E+00 1.12741336E+00 1.12742217E+00 1.12743123E+00 1.12744038E+00 1.12744950E+00 1.12745834E+00 1.12746669E+00 1.12747418E+00 1.12748053E+00 1.12748513E+00 1.12748752E+00 1.12748691E+00 1.12748269E+00 1.12747370E+00 1.12745910E+00 1.12743728E+00 1.12740707E+00 1.12736630E+00 1.12731348E+00 1.12724565E+00 1.12716078E+00 1.12705531E+00 1.12692660E+00 1.12676978E+00 1.12658167E+00 1.12635608E+00 1.12608864E+00 1.12577173E+00 1.12540026E+00 1.12496490E+00 1.12445935E+00 1.12387179E+00 1.12319501E+00 1.12241505E+00 1.12152337E+00 1.12050266E+00 1.11934177E+00 1.11802327E+00 1.11653538E+00 1.11485396E+00 1.11296559E+00 1.11084725E+00 1.10848336E+00 1.10586876E+00 1.10296862E+00 1.10006721E+00 1.09689603E+00 1.09384424E+00 1.09055129E+00 1.08742662E+00 1.08409767E+00 1.08097611E+00 1.07767411E+00 1.07458986E+00 1.07136280E+00 1.06838943E+00 1.06529332E+00 1.06244859E+00 1.05950676E+00 1.05682427E+00 1.05406118E+00 1.05154854E+00 1.04897135E+00 1.04663720E+00 1.04425245E+00 1.04210259E+00 1.03991200E+00 1.03778719E+00 1.03562215E+00 1.03341607E+00 1.03117681E+00 1.02890807E+00 1.02659599E+00 1.02423955E+00 1.02185626E+00 1.01945522E+00 1.01699340E+00 1.01445281E+00 1.01191011E+00 1.00947516E+00 1.00700242E+00 1.00389108E+00 1.00000000E+00
1.13176732E+00 1.13176829E+00 1.13176708E+00 1.13176523E+00 1.13176281E+00 1.13176023E+00 1.13175763E+00 1.13175531E+00 1.13175332E+00 1.13175170E+00 1.13175039E+00 1.13174934E+00 1.13174855E+00 1.13174798E+00 1.13174763E+00 1.13174748E+00 1.13174750E+00 1.13174770E+00 1.13174807E+00 1.13174861E+00 1.13174932E+00 1.13175021E+00 1.13175130E+00 1.13175259E+00 1.13175410E+00 1.13175586E+00 1.13175787E+00 1.13176018E+00 1.13176278E+00 1.13176573E+00 1.13176903E+00 1.13177273E+00 1.13177684E+00 1.13178141E+00 1.13178644E+00 1.13179199E+00 1.13179806E+00 1.13180466E+00 1.13181182E+00 1.13181954E+00 1.13182782E+00 1.13183662E+00 1.13184592E+00 1.13185567E+00 1.13186580E+00 1.13187616E+00 1.13188664E+00 1.13189702E+00 1.13190711E+00 1.13191655E+00 1.13192508E+00 1.13193213E+00 1.13193723E+00 1.13193964E+00 1.13193878E+00 1.13193351E+00 1.13192299E+00 1.13190568E+00 1.13188037E+00 1.13184496E+00 1.13179796E+00 1.13173639E+00 1.13165827E+00 1.13156006E+00 1.13143914E+00 1.13129058E+00 1.13111119E+00 1.13089470E+00 1.13063670E+00 1.13032945E+00 1.12996778E+00 1.12954227E+00 1.12904654E+00 1.12846845E+00 1.12780067E+00 1.12702883E+00 1.12614407E+00 1.12512852E+00 1.12397097E+00 1.12265362E+00 1.12116379E+00 1.11947618E+00 1.11757725E+00 1.11544315E+00 1.11305708E+00 1.11041247E+00 1.10747388E+00 1.10452906E+00 1.10130425E+00 1.09819475E+00 1.09483511E+00 1.09164326E+00 1.08823778E+00 1.08503998E+00 1.08165109E+00 1.07848000E+00 1.07515917E+00 1.07209606E+00 1.06890121E+00 1.06596070E+00 1.06291652E+00 1.06013800E+00 1.05727119E+00 1.05465954E+00 1.05197629E+00 1.04954217E+00 1.04705254E+00 1.04480571E+00 1.04251267E+00 1.04028432E+00 1.03800939E+00 1.03568729E+00 1.03332714E+00 1.03093158E+00 1.02848417E+00 1.02598394E+00 1.02345013E+00 1.02088984E+00 1.01825653E+00 1.01553279E+00 1.01279776E+00 1.01015707E+00 1.00746408E+00 1.00412323E+00 1.00000000E+00
1.12764387E+00 1.12764282E+00 1.12764577E+00 1.12764939E+00 1.12765161E+00 1.12765168E+00 1.12765077E+00 1.12764992E+00 1.12764929E+00 1.12764885E+00 1.12764845E+00 1.12764803E+00 1.12764767E+00 1.12764744E+00 1.12764734E+00 1.12764739E+00 1.12764757E+00 1.12764790E+00 1.12764838E+00 1.12764902E+00 1.12764984E+00 1.12765083E+00 1.12765202E+00 1.12765341E+00 1.12765501E+00 1.12765685E+00 1.12765894E+00 1.12766130E+00 1.12766395E+00 1.12766691E+00 1.12767019E+00 1.12767381E+00 1.12767780E+00 1.12768216E+00 1.12768691E+00 1.12769205E+00 1.12769759E+00 1.12770351E+00 1.12770980E+00 1.12771643E+00 1.12772336E+00 1.12773050E+00 1.12773780E+00 1.12774512E+00 1.12775234E+00 1.12775924E+00 1.12776563E+00 1.12777119E+00 1.12777564E+00 1.12777849E+00 1.12777935E+00 1.12777749E+00 1.12777236E+00 1.12776301E+00 1.12774867E+00 1.12772796E+00 1.12769988E+00 1.12766261E+00 1.12761478E+00 1.12755400E+00 1.12747852E+00 1.12738515E+00 1.12727165E+00 1.12713403E+00 1.12696936E+00 1.12677247E+00 1.12653986E+00 1.12626503E+00 1.12594353E+00 1.12556749E+00 1.12513148E+00 1.12462581E+00 1.12404391E+00 1.12337430E+00 1.12260933E+00 1.12173502E+00 1.12074265E+00 1.11961568E+00 1.11834357E+00 1.11690893E+00 1.11529955E+00 1.11349342E+00 1.11147778E+00 1.10922995E+00 1.10673455E+00 1.10399029E+00 1.10096174E+00 1.09794957E+00 1.09467153E+00 1.09153152E+00 1.08815630E+00 1.08496578E+00 1.08157489E+00 1.07840040E+00 1.07505537E+00 1.07194940E+00 1.06870448E+00 1.06571470E+00 1.06260906E+00 1.05976402E+00 1.05682510E+00 1.05414744E+00 1.05139489E+00 1.04889744E+00 1.04634071E+00 1.04403008E+00 1.04167171E+00 1.03954580E+00 1.03738339E+00 1.03528938E+00 1.03316315E+00 1.03100411E+00 1.02881230E+00 1.02659061E+00 1.02434004E+00 1.02205953E+00 1.01975115E+00 1.01742612E+00 1.01508613E+00 1.01271235E+00 1.01032518E+00 1.00806457E+00 1.00591524E+00 1.00331018E+00 1.00000000E+00
1.12507320E+00 1.12507076E+00 1.12507223E+00 1.12507564E+00 1.12507841E+00 1.12507913E+00 1.12507866E+00 1.12507796E+00 1.12507738E+00 1.12507705E+00 1.12507679E+00 1.12507652E+00 1.12507627E+00 1.12507612E+00 1.12507609E+00 1.12507620E+00 1.12507643E+00 1.12507679E+00 1.12507730E+00 1.12507795E+00 1.12507877E+00 1.12507975E+00 1.12508092E+00 1.12508228E+00 1.12508385E+00 1.12508564E+00 1.12508768E+00 1.12508998E+00 1.12509256E+00 1.12509544E+00 1.12509864E+00 1.12510218E+00 1.12510608E+00 1.12511035E+00 1.12511501E+00 1.12512006E+00 1.12512551E+00 1.12513135E+00 1.12513757E+00 1.12514414E+00 1.12515102E+00 1.12515816E+00 1.12516547E+00 1.12517285E+00 1.12518018E+00 1.12518725E+00 1.12519389E+00 1.12519978E+00 1.12520466E+00 1.12520806E+00 1.12520962E+00 1.12520863E+00 1.12520456E+00 1.12519650E+00 1.12518369E+00 1.12516480E+00 1.12513889E+00 1.12510417E+00 1.12505932E+00 1.12500199E+00 1.12493050E+00 1.12484172E+00 1.12473347E+00 1.12460183E+00 1.12444396E+00 1.12425478E+00 1.12403086E+00 1.12376582E+00 1.12345526E+00 1.12309140E+00 1.12266892E+00 1.12217824E+00 1.12161291E+00 1.12096149E+00 1.12021645E+00 1.11936394E+00 1.11839542E+00 1.11729439E+00 1.11605024E+00 1.11464562E+00 1.11306872E+00 1.11129746E+00 1.10931901E+00 1.10711084E+00 1.10465801E+00 1.10195860E+00 1.09897790E+00 1.09601115E+00 1.09278138E+00 1.08968651E+00 1.08635889E+00 1.08321234E+00 1.07986804E+00 1.07673741E+00 1.07343910E+00 1.07037573E+00 1.06717524E+00 1.06422759E+00 1.06116692E+00 1.05836411E+00 1.05547007E+00 1.05283433E+00 1.05012646E+00 1.04767104E+00 1.04515937E+00 1.04289127E+00 1.04057791E+00 1.03849428E+00 1.03637684E+00 1.03432871E+00 1.03225139E+00 1.03014430E+00 1.02800831E+00 1.02584749E+00 1.02366211E+00 1.02145176E+00 1.01922112E+00 1.01698365E+00 1.01473288E+00 1.01244976E+00 1.01016751E+00 1.00802180E+00 1.00595751E+00 1.00336272E+00 1.00000000E+00
1.12515627E+00 1.12515468E+00 1.12515620E+00 1.12515916E+00 1.12516147E+00 1.12516203E+00 1.12516158E+00 1.12516092E+00 1.12516037E+00 1.12516002E+00 1.12515974E+00 1.12515945E+00 1.12515920E+00 1.12515905E+00 1.12515901E+00 1.12515911E+00 1.12515933E+00 1.12515968E+00 1.12516017E+00 1.12516082E+00 1.12516162E+00 1.12516259E+00 1.12516374E+00 1.12516508E+00 1.12516664E+00 1.12516841E+00 1.12517043E+00 1.12517272E+00 1.12517528E+00 1.12517814E+00 1.12518133E+00 1.12518486E+00 1.12518875E+00 1.12519302E+00 1.12519768E+00 1.12520274E+00 1.12520821E+00 1.12521409E+00 1.12522036E+00 1.12522700E+00 1.12523399E+00 1.12524124E+00 1.12524872E+00 1.12525629E+00 1.12526386E+00 1.12527123E+00 1.12527823E+00 1.12528455E+00 1.12528996E+00 1.12529397E+00 1.12529626E+00 1.12529613E+00 1.12529306E+00 1.12528616E+00 1.12527470E+00 1.12525738E+00 1.12523327E+00 1.12520061E+00 1.12515811E+00 1.12510347E+00 1.12503501E+00 1.12494966E+00 1.12484526E+00 1.12471794E+00 1.12456491E+00 1.12438114E+00 1.12416323E+00 1.12390484E+00 1.12360159E+00 1.12324575E+00 1.12283204E+00 1.12235092E+00 1.12179599E+00 1.12115577E+00 1.12042279E+00 1.11958323E+00 1.11862858E+00 1.11754223E+00 1.11631347E+00 1.11492497E+00 1.11336502E+00 1.11161131E+00 1.10965094E+00 1.10746138E+00 1.10502771E+00 1.10234761E+00 1.09938638E+00 1.09643691E+00 1.09322458E+00 1.09014501E+00 1.08683242E+00 1.08369883E+00 1.08036758E+00 1.07724879E+00 1.07396176E+00 1.07090697E+00 1.06771514E+00 1.06477577E+00 1.06172320E+00 1.05892711E+00 1.05603971E+00 1.05340985E+00 1.05070767E+00 1.04825699E+00 1.04574968E+00 1.04348487E+00 1.04117441E+00 1.03909342E+00 1.03697808E+00 1.03493147E+00 1.03285419E+00 1.03074555E+00 1.02860752E+00 1.02644407E+00 1.02425247E+00 1.02203220E+00 1.01978942E+00 1.01753591E+00 1.01525636E+00 1.01293123E+00 1.01059876E+00 1.00838178E+00 1.00621296E+00 1.00349199E+00 1.00000000E+00
1.12686223E+00 1.12686264E+00 1.12686505E+00 1.12686816E+00 1.12687036E+00 1.12687092E+00 1.12687053E+00 1.12686994E+00 1.12686941E+00 1.12686905E+00 1.12686873E+00 1.12686841E+00 1.12686814E+00 1.12686796E+00 1.12686789E+00 1.12686796E+00 1.12686815E+00 1.12686848E+00 1.12686896E+00 1.12686958E+00 1.12687037E+00 1.12687132E+00 1.12687247E+00 1.12687381E+00 1.12687536E+00 1.12687714E+00 1.12687917E+00 1.12688147E+00 1.12688405E+00 1.12688694E+00 1.12689016E+00 1.12689374E+00 1.12689769E+00 1.12690202E+00 1.12690676E+00 1.12691193E+00 1.12691752E+00 1.12692354E+00 1.12692997E+00 1.12693681E+00 1.12694403E+00 1.12695155E+00 1.12695934E+00 1.12696728E+00 1.12697527E+00 1.12698312E+00 1.12699067E+00 1.12699763E+00 1.12700376E+00 1.12700861E+00 1.12701185E+00 1.12701279E+00 1.12701094E+00 1.12700541E+00 1.12699550E+00 1.12697992E+00 1.12695777E+00 1.12692729E+00 1.12688723E+00 1.12683528E+00 1.12676981E+00 1.12668774E+00 1.12658693E+00 1.12646357E+00 1.12631487E+00 1.12613580E+00 1.12592299E+00 1.12567009E+00 1.12537271E+00 1.12502311E+00 1.12461602E+00 1.12414189E+00 1.12359427E+00 1.12296158E+00 1.12223640E+00 1.12140476E+00 1.12045810E+00 1.11937961E+00 1.11815843E+00 1.11677712E+00 1.11522389E+00 1.11347603E+00 1.11152046E+00 1.10933446E+00 1.10690283E+00 1.10422267E+00 1.10125899E+00 1.09830450E+00 1.09508448E+00 1.09199513E+00 1.08866980E+00 1.08552214E+00 1.08217412E+00 1.07903800E+00 1.07572977E+00 1.07265221E+00 1.06943545E+00 1.06647203E+00 1.06339206E+00 1.06056845E+00 1.05765094E+00 1.05499233E+00 1.05225832E+00 1.04977660E+00 1.04723512E+00 1.04493712E+00 1.04259108E+00 1.04047675E+00 1.03832521E+00 1.03624125E+00 1.03412283E+00 1.03196926E+00 1.02978354E+00 1.02756895E+00 1.02532006E+00 1.02303626E+00 1.02072504E+00 1.01839634E+00 1.01602937E+00 1.01360483E+00 1.01116444E+00 1.00882391E+00 1.00651268E+00 1.00364095E+00 1.00000000E+00
1.12951599E+00 1.12952143E+00 1.12952642E+00 1.12952970E+00 1.12953109E+00 1.12953114E+00 1.12953058E+00 1.12953005E+00 1.12952956E+00 1.12952911E+00 1.12952866E+00 1.12952825E+00 1.12952792E+00 1.12952771E+00 1.12952763E+00 1.12952768E+00 1.12952786E+00 1.12952818E+00 1.12952866E+00 1.12952928E+00 1.12953008E+00 1.12953105E+00 1.12953220E+00 1.12953357E+00 1.12953514E+00 1.12953696E+00 1.12953903E+00 1.12954137E+00 1.12954402E+00 1.12954698E+00 1.12955028E+00 1.12955396E+00 1.12955802E+00 1.12956249E+00 1.12956739E+00 1.12957274E+00 1.12957854E+00 1.12958480E+00 1.12959152E+00 1.12959868E+00 1.12960626E+00 1.12961421E+00 1.12962248E+00 1.12963097E+00 1.12963958E+00 1.12964814E+00 1.12965649E+00 1.12966435E+00 1.12967149E+00 1.12967747E+00 1.12968198E+00 1.12968434E+00 1.12968406E+00 1.12968027E+00 1.12967230E+00 1.12965887E+00 1.12963907E+00 1.12961119E+00 1.12957395E+00 1.12952507E+00 1.12946294E+00 1.12938447E+00 1.12928752E+00 1.12916831E+00 1.12902404E+00 1.12884965E+00 1.12864178E+00 1.12839404E+00 1.12810199E+00 1.12775783E+00 1.12735625E+00 1.12688763E+00 1.12634545E+00 1.12571796E+00 1.12499767E+00 1.12417040E+00 1.12322743E+00 1.12215166E+00 1.12093203E+00 1.11955087E+00 1.11799611E+00 1.11624442E+00 1.11428250E+00 1.11208715E+00 1.10964263E+00 1.10694528E+00 1.10395959E+00 1.10098012E+00 1.09772967E+00 1.09460784E+00 1.09124473E+00 1.08805879E+00 1.08466723E+00 1.08148780E+00 1.07813017E+00 1.07500311E+00 1.07173283E+00 1.06871808E+00 1.06558154E+00 1.06270300E+00 1.05972656E+00 1.05701242E+00 1.05421832E+00 1.05167932E+00 1.04907629E+00 1.04672007E+00 1.04431272E+00 1.04214151E+00 1.03992964E+00 1.03778469E+00 1.03560118E+00 1.03337853E+00 1.03112063E+00 1.02883009E+00 1.02649948E+00 1.02412825E+00 1.02172510E+00 1.01929861E+00 1.01682474E+00 1.01428479E+00 1.01172297E+00 1.00925120E+00 1.00679881E+00 1.00378304E+00 1.00000000E+00
1.13270781E+00 1.13271619E+00 1.13272118E+00 1.13272336E+00 1.13272368E+00 1.13272337E+00 1.13272272E+00 1.13272205E+00 1.13272130E+00 1.13272056E+00 1.13271985E+00 1.13271927E+00 1.13271883E+00 1.13271854E+00 1.13271840E+00 1.13271840E+00 1.13271856E+00 1.13271888E+00 1.13271936E+00 1.13272000E+00 1.13272081E+00 1.13272181E+00 1.13272300E+00 1.13272440E+00 1.13272603E+00 1.13272791E+00 1.13273005E+00 1.13273247E+00 1.13273521E+00 1.13273829E+00 1.13274172E+00 1.13274554E+00 1.13274978E+00 1.13275446E+00 1.13275959E+00 1.13276521E+00 1.13277132E+00 1.13277793E+00 1.13278505E+00 1.13279268E+00 1.13280078E+00 1.13280932E+00 1.13281826E+00 1.13282751E+00 1.13283698E+00 1.13284650E+00 1.13285592E+00 1.13286498E+00 1.13287346E+00 1.13288093E+00 1.13288708E+00 1.13289127E+00 1.13289299E+00 1.13289142E+00 1.13288587E+00 1.13287509E+00 1.13285817E+00 1.13283341E+00 1.13279953E+00 1.13275427E+00 1.13269599E+00 1.13262161E+00 1.13252898E+00 1.13241432E+00 1.13227481E+00 1.13210533E+00 1.13190250E+00 1.13165984E+00 1.13137283E+00 1.13103359E+00 1.13063672E+00 1.13017245E+00 1.12963418E+00 1.12900988E+00 1.12829197E+00 1.12746589E+00 1.12652274E+00 1.12544496E+00 1.12422133E+00 1.12283381E+00 1.12126981E+00 1.11950521E+00 1.11752649E+00 1.11530974E+00 1.11283845E+00 1.11010817E+00 1.10708271E+00 1.10406038E+00 1.10075948E+00 1.09758558E+00 1.09416355E+00 1.09091920E+00 1.08746229E+00 1.08421886E+00 1.08079011E+00 1.07759355E+00 1.07424866E+00 1.07116296E+00 1.06794954E+00 1.06499763E+00 1.06194335E+00 1.05915657E+00 1.05628498E+00 1.05367308E+00 1.05099286E+00 1.04856465E+00 1.04608229E+00 1.04384212E+00 1.04155804E+00 1.03934101E+00 1.03708182E+00 1.03478005E+00 1.03244030E+00 1.03006468E+00 1.02764432E+00 1.02517886E+00 1.02267797E+00 1.02014936E+00 1.01756693E+00 1.01491273E+00 1.01223281E+00 1.00963696E+00 1.00705554E+00 1.00391054E+00 1.00000000E+00
1.12923783E+00 1.12923803E+00 1.12924206E+00 1.12924667E+00 1.12924972E+00 1.12925046E+00 1.12925007E+00 1.12924966E+00 1.12924939E+00 1.12924927E+00 1.12924912E+00 1.12924892E+00 1.12924875E+00 1.12924867E+00 1.12924871E+00 1.12924887E+00 1.12924916E+00 1.12924958E+00 1.12925014E+00 1.12925086E+00 1.12925174E+00 1.12925280E+00 1.12925404E+00 1.12925549E+00 1.12925715E+00 1.12925905E+00 1.12926119E+00 1.12926361E+00 1.12926631E+00 1.12926932E+00 1.12927266E+00 1.12927635E+00 1.12928039E+00 1.12928482E+00 1.12928962E+00 1.12929482E+00 1.12930042E+00 1.12930640E+00 1.12931274E+00 1.12931941E+00 1.12932638E+00 1.12933356E+00 1.12934088E+00 1.12934820E+00 1.12935541E+00 1.12936227E+00 1.12936860E+00 1.12937406E+00 1.12937838E+00 1.12938104E+00 1.12938167E+00 1.12937951E+00 1.12937401E+00 1.12936420E+00 1.12934931E+00 1.12932792E+00 1.12929905E+00 1.12926083E+00 1.12921190E+00 1.12914983E+00 1.12907286E+00 1.12897776E+00 1.12886230E+00 1.12872241E+00 1.12855517E+00 1.12835537E+00 1.12811946E+00 1.12784092E+00 1.12751528E+00 1.12713462E+00 1.12669347E+00 1.12618211E+00 1.12559390E+00 1.12491739E+00 1.12414480E+00 1.12326217E+00 1.12226071E+00 1.12112386E+00 1.11984114E+00 1.11839500E+00 1.11677311E+00 1.11495360E+00 1.11292370E+00 1.11066055E+00 1.10814876E+00 1.10538714E+00 1.10233993E+00 1.09931004E+00 1.09601285E+00 1.09285489E+00 1.08946078E+00 1.08625274E+00 1.08284313E+00 1.07965081E+00 1.07628660E+00 1.07316338E+00 1.06990012E+00 1.06689251E+00 1.06376790E+00 1.06090503E+00 1.05794694E+00 1.05525127E+00 1.05247928E+00 1.04996346E+00 1.04738687E+00 1.04505723E+00 1.04267866E+00 1.04053375E+00 1.03835090E+00 1.03623575E+00 1.03408647E+00 1.03190253E+00 1.02968397E+00 1.02743269E+00 1.02514918E+00 1.02283279E+00 1.02048448E+00 1.01811156E+00 1.01571491E+00 1.01328145E+00 1.01081958E+00 1.00843691E+00 1.00616988E+00 1.00346361E+00 1.00000000E+00
1.12839260E+00 1.12839232E+00 1.12839589E+00 1.12840048E+00 1.12840375E+00 1.12840470E+00 1.12840444E+00 1.12840407E+00 1.12840382E+00 1.12840374E+00 1.12840365E+00 1.12840350E+00 1.12840336E+00 1.12840331E+00 1.12840337E+00 1.12840355E+00 1.12840385E+00 1.12840429E+00 1.12840486E+00 1.12840558E+00 1.12840646E+00 1.12840751E+00 1.12840875E+00 1.12841019E+00 1.12841184E+00 1.12841372E+00 1.12841585E+00 1.12841824E+00 1.12842092E+00 1.12842391E+00 1.12842722E+00 1.12843088E+00 1.12843490E+00 1.12843929E+00 1.12844407E+00 1.12844924E+00 1.12845481E+00 1.12846076E+00 1.12846708E+00 1.12847374E+00 1.12848070E+00 1.12848788E+00 1.12849521E+00 1.12850256E+00 1.12850981E+00 1.12851674E+00 1.12852316E+00 1.12852874E+00 1.12853322E+00 1.12853608E+00 1.12853695E+00 1.12853510E+00 1.12852998E+00 1.12852062E+00 1.12850626E+00 1.12848551E+00 1.12845739E+00 1.12842006E+00 1.12837216E+00 1.12831128E+00 1.12823567E+00 1.12814215E+00 1.12802848E+00 1.12789064E+00 1.12772572E+00 1.12752854E+00 1.12729558E+00 1.12702037E+00 1.12669843E+00 1.12632189E+00 1.12588530E+00 1.12537899E+00 1.12479636E+00 1.12412595E+00 1.12336005E+00 1.12248472E+00 1.12149123E+00 1.12036303E+00 1.11908962E+00 1.11765347E+00 1.11604236E+00 1.11423441E+00 1.11221682E+00 1.10996680E+00 1.10746908E+00 1.10472227E+00 1.10169084E+00 1.09867594E+00 1.09539468E+00 1.09225162E+00 1.08887325E+00 1.08567981E+00 1.08228569E+00 1.07910791E+00 1.07575924E+00 1.07265029E+00 1.06940198E+00 1.06640856E+00 1.06329916E+00 1.06045061E+00 1.05750778E+00 1.05482643E+00 1.05206975E+00 1.04956839E+00 1.04700731E+00 1.04469236E+00 1.04232936E+00 1.04019913E+00 1.03803191E+00 1.03593269E+00 1.03380041E+00 1.03163458E+00 1.02943548E+00 1.02720536E+00 1.02494448E+00 1.02265247E+00 1.02033095E+00 1.01798784E+00 1.01562131E+00 1.01321816E+00 1.01078980E+00 1.00844110E+00 1.00619732E+00 1.00348911E+00 1.00000000E+00
1.12850519E+00 1.12850520E+00 1.12850885E+00 1.12851340E+00 1.12851661E+00 1.12851757E+00 1.12851734E+00 1.12851700E+00 1.12851676E+00 1.12851669E+00 1.12851659E+00 1.12851644E+00 1.12851630E+00 1.12851625E+00 1.12851631E+00 1.12851649E+00 1.12851679E+00 1.12851722E+00 1.12851778E+00 1.12851850E+00 1.12851938E+00 1.12852043E+00 1.12852166E+00 1.12852309E+00 1.12852474E+00 1.12852661E+00 1.12852874E+00 1.12853113E+00 1.12853381E+00 1.12853679E+00 1.12854010E+00 1.12854376E+00 1.12854778E+00 1.12855218E+00 1.12855696E+00 1.12856215E+00 1.12856773E+00 1.12857371E+00 1.12858005E+00 1.12858675E+00 1.12859375E+00 1.12860098E+00 1.12860838E+00 1.12861581E+00 1.12862316E+00 1.12863021E+00 1.12863677E+00 1.12864252E+00 1.12864719E+00 1.12865029E+00 1.12865143E+00 1.12864989E+00 1.12864513E+00 1.12863619E+00 1.12862231E+00 1.12860213E+00 1.12857464E+00 1.12853802E+00 1.12849094E+00 1.12843099E+00 1.12835642E+00 1.12826407E+00 1.12815170E+00 1.12801531E+00 1.12785201E+00 1.12765663E+00 1.12742566E+00 1.12715262E+00 1.12683307E+00 1.12645912E+00 1.12602536E+00 1.12552210E+00 1.12494277E+00 1.12427588E+00 1.12351375E+00 1.12264242E+00 1.12165318E+00 1.12052944E+00 1.11926065E+00 1.11782928E+00 1.11622314E+00 1.11442028E+00 1.11240787E+00 1.11016310E+00 1.10767069E+00 1.10492914E+00 1.10190290E+00 1.09889250E+00 1.09561571E+00 1.09247649E+00 1.08910181E+00 1.08591147E+00 1.08252040E+00 1.07934533E+00 1.07599917E+00 1.07289202E+00 1.06964549E+00 1.06665378E+00 1.06354596E+00 1.06069865E+00 1.05775696E+00 1.05507656E+00 1.05232069E+00 1.04981987E+00 1.04725914E+00 1.04494423E+00 1.04258104E+00 1.04045054E+00 1.03828274E+00 1.03618270E+00 1.03404897E+00 1.03188102E+00 1.02967942E+00 1.02744630E+00 1.02518096E+00 1.02288296E+00 1.02055421E+00 1.01820212E+00 1.01582197E+00 1.01340027E+00 1.01094992E+00 1.00857214E+00 1.00628915E+00 1.00353544E+00 1.00000000E+00
1.12920297E+00 1.12920486E+00 1.12920965E+00 1.12921438E+00 1.12921738E+00 1.12921821E+00 1.12921800E+00 1.12921777E+00 1.12921763E+00 1.12921758E+00 1.12921749E+00 1.12921733E+00 1.12921720E+00 1.12921716E+00 1.12921723E+00 1.12921741E+00 1.12921771E+00 1.12921814E+00 1.12921871E+00 1.12921943E+00 1.12922031E+00 1.12922136E+00 1.12922260E+00 1.12922404E+00 1.12922569E+00 1.12922757E+00 1.12922970E+00 1.12923211E+00 1.12923480E+00 1.12923780E+00 1.12924113E+00 1.12924482E+00 1.12924886E+00 1.12925330E+00 1.12925812E+00 1.12926335E+00 1.12926899E+00 1.12927503E+00 1.12928145E+00 1.12928823E+00 1.12929533E+00 1.12930268E+00 1.12931021E+00 1.12931779E+00 1.12932532E+00 1.12933256E+00 1.12933935E+00 1.12934536E+00 1.12935032E+00 1.12935374E+00 1.12935525E+00 1.12935413E+00 1.12934982E+00 1.12934141E+00 1.12932811E+00 1.12930856E+00 1.12928179E+00 1.12924597E+00 1.12919976E+00 1.12914076E+00 1.12906725E+00 1.12897604E+00 1.12886490E+00 1.12872986E+00 1.12856800E+00 1.12837417E+00 1.12814486E+00 1.12787359E+00 1.12755588E+00 1.12718387E+00 1.12675212E+00 1.12625092E+00 1.12567370E+00 1.12500892E+00 1.12424889E+00 1.12337960E+00 1.12239231E+00 1.12127036E+00 1.12000312E+00 1.11857303E+00 1.11696784E+00 1.11516547E+00 1.11315300E+00 1.11090753E+00 1.10841369E+00 1.10566976E+00 1.10264007E+00 1.09962536E+00 1.09634312E+00 1.09319786E+00 1.08981590E+00 1.08661797E+00 1.08321814E+00 1.08003425E+00 1.07667779E+00 1.07356007E+00 1.07030203E+00 1.06729920E+00 1.06417895E+00 1.06131940E+00 1.05836439E+00 1.05567128E+00 1.05290149E+00 1.05038725E+00 1.04781190E+00 1.04548295E+00 1.04310475E+00 1.04096019E+00 1.03877723E+00 1.03666171E+00 1.03451113E+00 1.03232496E+00 1.03010405E+00 1.02785035E+00 1.02556226E+00 1.02323935E+00 1.02088391E+00 1.01850286E+00 1.01608973E+00 1.01363121E+00 1.01114146E+00 1.00871969E+00 1.00638782E+00 1.00358413E+00 1.00000000E+00
1.13024215E+00 1.13024801E+00 1.13025493E+00 1.13026000E+00 1.13026269E+00 1.13026346E+00 1.13026342E+00 1.13026345E+00 1.13026348E+00 1.13026347E+00 1.13026336E+00 1.13026321E+00 1.13026310E+00 1.13026307E+00 1.13026315E+00 1.13026335E+00 1.13026365E+00 1.13026409E+00 1.13026466E+00 1.13026539E+00 1.13026628E+00 1.13026734E+00 1.13026859E+00 1.13027004E+00 1.13027171E+00 1.13027361E+00 1.13027577E+00 1.13027820E+00 1.13028092E+00 1.13028395E+00 1.13028732E+00 1.13029105E+00 1.13029516E+00 1.13029965E+00 1.13030455E+00 1.13030987E+00 1.13031560E+00 1.13032175E+00 1.13032830E+00 1.13033522E+00 1.13034249E+00 1.13035002E+00 1.13035776E+00 1.13036558E+00 1.13037337E+00 1.13038091E+00 1.13038803E+00 1.13039441E+00 1.13039979E+00 1.13040367E+00 1.13040570E+00 1.13040514E+00 1.13040146E+00 1.13039373E+00 1.13038119E+00 1.13036246E+00 1.13033659E+00 1.13030174E+00 1.13025657E+00 1.13019869E+00 1.13012638E+00 1.13003644E+00 1.12992665E+00 1.12979302E+00 1.12963264E+00 1.12944034E+00 1.12921260E+00 1.12894291E+00 1.12862678E+00 1.12825631E+00 1.12782603E+00 1.12732622E+00 1.12675023E+00 1.12608646E+00 1.12532721E+00 1.12445834E+00 1.12347106E+00 1.12234859E+00 1.12108021E+00 1.11964823E+00 1.11804032E+00 1.11623415E+00 1.11421671E+00 1.11196488E+00 1.10946308E+00 1.10670936E+00 1.10366779E+00 1.10064018E+00 1.09734282E+00 1.09418194E+00 1.09078218E+00 1.08756651E+00 1.08414681E+00 1.08094341E+00 1.07756517E+00 1.07442606E+00 1.07114500E+00 1.06812018E+00 1.06497602E+00 1.06209355E+00 1.05911410E+00 1.05639807E+00 1.05360372E+00 1.05106633E+00 1.04846634E+00 1.04611428E+00 1.04371189E+00 1.04154498E+00 1.03933850E+00 1.03719943E+00 1.03502396E+00 1.03281159E+00 1.03056348E+00 1.02828135E+00 1.02596301E+00 1.02360808E+00 1.02121924E+00 1.01880310E+00 1.01635210E+00 1.01385333E+00 1.01132190E+00 1.00885586E+00 1.00647768E+00 1.00362838E+00 1.00000000E+00
1.13146967E+00 1.13148041E+00 1.13148989E+00 1.13149598E+00 1.13149908E+00 1.13150037E+00 1.13150084E+00 1.13150124E+00 1.13150146E+00 1.13150150E+00 1.13150138E+00 1.13150122E+00 1.13150109E+00 1.13150105E+00 1.13150110E+00 1.13150127E+00 1.13150156E+00 1.13150198E+00 1.13150255E+00 1.13150327E+00 1.13150416E+00 1.13150523E+00 1.13150649E+00 1.13150795E+00 1.13150964E+00 1.13151157E+00 1.13151375E+00 1.13151622E+00 1.13151898E+00 1.13152207E+00 1.13152551E+00 1.13152931E+00 1.13153349E+00 1.13153809E+00 1.13154309E+00 1.13154854E+00 1.13155442E+00 1.13156073E+00 1.13156746E+00 1.13157460E+00 1.13158210E+00 1.13158990E+00 1.13159794E+00 1.13160609E+00 1.13161425E+00 1.13162221E+00 1.13162980E+00 1.13163669E+00 1.13164263E+00 1.13164714E+00 1.13164984E+00 1.13165004E+00 1.13164717E+00 1.13164032E+00 1.13162874E+00 1.13161105E+00 1.13158628E+00 1.13155261E+00 1.13150869E+00 1.13145213E+00 1.13138119E+00 1.13129268E+00 1.13118436E+00 1.13105223E+00 1.13089338E+00 1.13070258E+00 1.13047631E+00 1.13020801E+00 1.12989316E+00 1.12952379E+00 1.12909441E+00 1.12859521E+00 1.12801949E+00 1.12735555E+00 1.12659562E+00 1.12572541E+00 1.12473605E+00 1.12361057E+00 1.12233817E+00 1.12090099E+00 1.11928651E+00 1.11747210E+00 1.11544465E+00 1.11318074E+00 1.11066453E+00 1.10789383E+00 1.10483241E+00 1.10178398E+00 1.09846278E+00 1.09527793E+00 1.09185147E+00 1.08860972E+00 1.08516128E+00 1.08193012E+00 1.07852158E+00 1.07535333E+00 1.07204124E+00 1.06898717E+00 1.06581171E+00 1.06289974E+00 1.05988925E+00 1.05714445E+00 1.05431973E+00 1.05175410E+00 1.04912449E+00 1.04674506E+00 1.04431434E+00 1.04212155E+00 1.03988817E+00 1.03772252E+00 1.03551937E+00 1.03327831E+00 1.03100072E+00 1.02868820E+00 1.02633810E+00 1.02395017E+00 1.02152741E+00 1.01907622E+00 1.01658838E+00 1.01405138E+00 1.01148106E+00 1.00897471E+00 1.00655564E+00 1.00366678E+00 1.00000000E+00
1.12193927E+00 1.12193295E+00 1.12193170E+00 1.12193272E+00 1.12193334E+00 1.12193212E+00 1.12192999E+00 1.12192790E+00 1.12192615E+00 1.12192482E+00 1.12192370E+00 1.12192268E+00 1.12192180E+00 1.12192110E+00 1.12192060E+00 1.12192030E+00 1.12192017E+00 1.12192022E+00 1.12192045E+00 1.12192087E+00 1.12192147E+00 1.12192226E+00 1.12192325E+00 1.12192445E+00 1.12192587E+00 1.12192752E+00 1.12192943E+00 1.12193160E+00 1.12193405E+00 1.12193681E+00 1.12193988E+00 1.12194330E+00 1.12194707E+00 1.12195121E+00 1.12195573E+00 1.12196065E+00 1.12196596E+00 1.12197166E+00 1.12197773E+00 1.12198415E+00 1.12199089E+00 1.12199788E+00 1.12200505E+00 1.12201229E+00 1.12201948E+00 1.12202642E+00 1.12203295E+00 1.12203874E+00 1.12204356E+00 1.12204692E+00 1.12204848E+00 1.12204754E+00 1.12204358E+00 1.12203568E+00 1.12202312E+00 1.12200458E+00 1.12197912E+00 1.12194498E+00 1.12190085E+00 1.12184442E+00 1.12177402E+00 1.12168655E+00 1.12157986E+00 1.12145008E+00 1.12129439E+00 1.12110774E+00 1.12088675E+00 1.12062508E+00 1.12031839E+00 1.11995897E+00 1.11954152E+00 1.11905654E+00 1.11849767E+00 1.11785355E+00 1.11711675E+00 1.11627343E+00 1.11531511E+00 1.11422542E+00 1.11299383E+00 1.11160334E+00 1.11004211E+00 1.10828807E+00 1.10632855E+00 1.10414124E+00 1.10171104E+00 1.09903660E+00 1.09608356E+00 1.09314400E+00 1.08994394E+00 1.08687783E+00 1.08358097E+00 1.08046297E+00 1.07714916E+00 1.07404848E+00 1.07078229E+00 1.06774788E+00 1.06457817E+00 1.06166008E+00 1.05863046E+00 1.05585663E+00 1.05299349E+00 1.05038654E+00 1.04770898E+00 1.04528165E+00 1.04279959E+00 1.04055966E+00 1.03827614E+00 1.03621974E+00 1.03413086E+00 1.03211211E+00 1.03006667E+00 1.02799380E+00 1.02589409E+00 1.02377300E+00 1.02163184E+00 1.01946803E+00 1.01728921E+00 1.01511825E+00 1.01295371E+00 1.01076890E+00 1.00860877E+00 1.00666728E+00 1.00490000E+00 1.00275599E+00 1.00000000E+00
1.11099659E+00 1.11099036E+00 1.11098892E+00 1.11098994E+00 1.11099105E+00 1.11099072E+00 1.11098952E+00 1.11098815E+00 1.11098699E+00 1.11098621E+00 1.11098564E+00 1.11098515E+00 1.11098473E+00 1.11098443E+00 1.11098425E+00 1.11098422E+00 1.11098431E+00 1.11098453E+00 1.11098487E+00 1.11098536E+00 1.11098598E+00 1.11098675E+00 1.11098767E+00 1.11098877E+00 1.11099005E+00 1.11099153E+00 1.11099322E+00 1.11099514E+00 1.11099731E+00 1.11099975E+00 1.11100248E+00 1.11100552E+00 1.11100888E+00 1.11101260E+00 1.11101667E+00 1.11102113E+00 1.11102597E+00 1.11103121E+00 1.11103682E+00 1.11104283E+00 1.11104918E+00 1.11105584E+00 1.11106276E+00 1.11106986E+00 1.11107706E+00 1.11108419E+00 1.11109111E+00 1.11109758E+00 1.11110337E+00 1.11110811E+00 1.11111149E+00 1.11111296E+00 1.11111204E+00 1.11110792E+00 1.11110000E+00 1.11108713E+00 1.11106849E+00 1.11104253E+00 1.11100810E+00 1.11096312E+00 1.11090611E+00 1.11083428E+00 1.11074562E+00 1.11063667E+00 1.11050488E+00 1.11034559E+00 1.11015577E+00 1.10992962E+00 1.10966304E+00 1.10934871E+00 1.10898173E+00 1.10855323E+00 1.10805750E+00 1.10748345E+00 1.10682405E+00 1.10606630E+00 1.10520238E+00 1.10421654E+00 1.10309829E+00 1.10183091E+00 1.10040405E+00 1.09879635E+00 1.09699480E+00 1.09497717E+00 1.09273030E+00 1.09025217E+00 1.08751065E+00 1.08477342E+00 1.08178932E+00 1.07892790E+00 1.07584724E+00 1.07292645E+00 1.06982040E+00 1.06691828E+00 1.06386318E+00 1.06101905E+00 1.05804542E+00 1.05531009E+00 1.05247293E+00 1.04987802E+00 1.04720279E+00 1.04476895E+00 1.04227199E+00 1.04001148E+00 1.03770490E+00 1.03562838E+00 1.03351549E+00 1.03161574E+00 1.02969059E+00 1.02783747E+00 1.02596585E+00 1.02407360E+00 1.02216497E+00 1.02025027E+00 1.01832796E+00 1.01639711E+00 1.01447735E+00 1.01259975E+00 1.01072832E+00 1.00884601E+00 1.00706419E+00 1.00557169E+00 1.00425540E+00 1.00248482E+00 1.00000000E+00
1.10549727E+00 1.10549134E+00 1.10548530E+00 1.10548193E+00 1.10548066E+00 1.10548064E+00 1.10548076E+00 1.10548017E+00 1.10547913E+00 1.10547805E+00 1.10547719E+00 1.10547664E+00 1.10547627E+00 1.10547597E+00 1.10547576E+00 1.10547566E+00 1.10547569E+00 1.10547584E+00 1.10547611E+00 1.10547651E+00 1.10547703E+00 1.10547769E+00 1.10547850E+00 1.10547946E+00 1.10548059E+00 1.10548190E+00 1.10548340E+00 1.10548512E+00 1.10548708E+00 1.10548928E+00 1.10549176E+00 1.10549453E+00 1.10549762E+00 1.10550105E+00 1.10550482E+00 1.10550897E+00 1.10551352E+00 1.10551845E+00 1.10552379E+00 1.10552953E+00 1.10553567E+00 1.10554215E+00 1.10554896E+00 1.10555604E+00 1.10556334E+00 1.10557070E+00 1.10557803E+00 1.10558512E+00 1.10559179E+00 1.10559769E+00 1.10560262E+00 1.10560609E+00 1.10560765E+00 1.10560662E+00 1.10560246E+00 1.10559417E+00 1.10558101E+00 1.10556164E+00 1.10553500E+00 1.10549921E+00 1.10545297E+00 1.10539367E+00 1.10531950E+00 1.10522730E+00 1.10511472E+00 1.10497747E+00 1.10481280E+00 1.10461538E+00 1.10438125E+00 1.10410336E+00 1.10377717E+00 1.10339453E+00 1.10295008E+00 1.10243298E+00 1.10183653E+00 1.10114843E+00 1.10036134E+00 1.09945989E+00 1.09843359E+00 1.09726635E+00 1.09594867E+00 1.09445937E+00 1.09278506E+00 1.09090366E+00 1.08880342E+00 1.08648199E+00 1.08390775E+00 1.08132946E+00 1.07851372E+00 1.07581005E+00 1.07289271E+00 1.07011794E+00 1.06716541E+00 1.06441128E+00 1.06150828E+00 1.05879446E+00 1.05595372E+00 1.05334246E+00 1.05063287E+00 1.04815263E+00 1.04559536E+00 1.04326897E+00 1.04088127E+00 1.03871934E+00 1.03651286E+00 1.03452558E+00 1.03250375E+00 1.03068712E+00 1.02884700E+00 1.02707790E+00 1.02528997E+00 1.02348043E+00 1.02165903E+00 1.01983989E+00 1.01801475E+00 1.01618152E+00 1.01436239E+00 1.01257342E+00 1.01076618E+00 1.00896421E+00 1.00729422E+00 1.00584419E+00 1.00446688E+00 1.00259515E+00 1.00000000E+00
1.10321085E+00 1.10321076E+00 1.10321344E+00 1.10321448E+00 1.10321143E+00 1.10320467E+00 1.10319785E+00 1.10319437E+00 1.10319361E+00 1.10319384E+00 1.10319378E+00 1.10319288E+00 1.10319179E+00 1.10319103E+00 1.10319060E+00 1.10319037E+00 1.10319025E+00 1.10319020E+00 1.10319027E+00 1.10319048E+00 1.10319084E+00 1.10319134E+00 1.10319198E+00 1.10319278E+00 1.10319375E+00 1.10319489E+00 1.10319623E+00 1.10319779E+00 1.10319957E+00 1.10320159E+00 1.10320388E+00 1.10320646E+00 1.10320935E+00 1.10321257E+00 1.10321614E+00 1.10322010E+00 1.10322446E+00 1.10322922E+00 1.10323439E+00 1.10324002E+00 1.10324607E+00 1.10325251E+00 1.10325934E+00 1.10326655E+00 1.10327407E+00 1.10328179E+00 1.10328963E+00 1.10329743E+00 1.10330503E+00 1.10331215E+00 1.10331863E+00 1.10332405E+00 1.10332800E+00 1.10332988E+00 1.10332923E+00 1.10332516E+00 1.10331704E+00 1.10330367E+00 1.10328409E+00 1.10325660E+00 1.10322001E+00 1.10317193E+00 1.10311065E+00 1.10303330E+00 1.10293775E+00 1.10281996E+00 1.10267747E+00 1.10250534E+00 1.10229971E+00 1.10205368E+00 1.10176308E+00 1.10142040E+00 1.10102054E+00 1.10055284E+00 1.10001089E+00 1.09938298E+00 1.09866196E+00 1.09783258E+00 1.09688463E+00 1.09580273E+00 1.09457760E+00 1.09318759E+00 1.09161922E+00 1.08985086E+00 1.08787116E+00 1.08567648E+00 1.08323611E+00 1.08078473E+00 1.07810067E+00 1.07551561E+00 1.07271795E+00 1.07004894E+00 1.06720690E+00 1.06455754E+00 1.06175575E+00 1.05912261E+00 1.05636353E+00 1.05382847E+00 1.05119316E+00 1.04877517E+00 1.04628007E+00 1.04400964E+00 1.04167556E+00 1.03955885E+00 1.03739500E+00 1.03544276E+00 1.03345564E+00 1.03167056E+00 1.02986056E+00 1.02811802E+00 1.02635264E+00 1.02456166E+00 1.02275914E+00 1.02095881E+00 1.01914523E+00 1.01731512E+00 1.01549347E+00 1.01368150E+00 1.01182393E+00 1.00996606E+00 1.00823237E+00 1.00664524E+00 1.00504034E+00 1.00289215E+00 1.00000000E+00
1.10286575E+00 1.10285809E+00 1.10284476E+00 1.10283308E+00 1.10282637E+00 1.10282483E+00 1.10282519E+00 1.10282471E+00 1.10282358E+00 1.10282235E+00 1.10282155E+00 1.10282121E+00 1.10282107E+00 1.10282094E+00 1.10282084E+00 1.10282082E+00 1.10282089E+00 1.10282105E+00 1.10282130E+00 1.10282164E+00 1.10282208E+00 1.10282263E+00 1.10282329E+00 1.10282409E+00 1.10282504E+00 1.10282615E+00 1.10282743E+00 1.10282891E+00 1.10283060E+00 1.10283252E+00 1.10283470E+00 1.10283717E+00 1.10283994E+00 1.10284304E+00 1.10284650E+00 1.10285035E+00 1.10285460E+00 1.10285928E+00 1.10286440E+00 1.10287001E+00 1.10287608E+00 1.10288261E+00 1.10288959E+00 1.10289704E+00 1.10290491E+00 1.10291312E+00 1.10292161E+00 1.10293025E+00 1.10293892E+00 1.10294738E+00 1.10295551E+00 1.10296298E+00 1.10296940E+00 1.10297424E+00 1.10297712E+00 1.10297727E+00 1.10297413E+00 1.10296663E+00 1.10295391E+00 1.10293443E+00 1.10290712E+00 1.10286971E+00 1.10282065E+00 1.10275733E+00 1.10267779E+00 1.10257828E+00 1.10245652E+00 1.10230792E+00 1.10212867E+00 1.10191203E+00 1.10165406E+00 1.10134786E+00 1.10098860E+00 1.10056577E+00 1.10007323E+00 1.09949965E+00 1.09883768E+00 1.09807196E+00 1.09719313E+00 1.09618671E+00 1.09504267E+00 1.09373824E+00 1.09226047E+00 1.09058842E+00 1.08870989E+00 1.08661881E+00 1.08428655E+00 1.08193752E+00 1.07935585E+00 1.07685753E+00 1.07414523E+00 1.07155143E+00 1.06878613E+00 1.06620643E+00 1.06346621E+00 1.06087741E+00 1.05816239E+00 1.05566799E+00 1.05306862E+00 1.05067660E+00 1.04820544E+00 1.04595528E+00 1.04363688E+00 1.04152952E+00 1.03937068E+00 1.03741854E+00 1.03542971E+00 1.03364242E+00 1.03182650E+00 1.03007264E+00 1.02828964E+00 1.02647503E+00 1.02464549E+00 1.02281174E+00 1.02095258E+00 1.01906455E+00 1.01717456E+00 1.01527148E+00 1.01329381E+00 1.01129692E+00 1.00940377E+00 1.00760199E+00 1.00571745E+00 1.00324418E+00 1.00000000E+00
1.10371949E+00 1.10369777E+00 1.10367515E+00 1.10366146E+00 1.10365555E+00 1.10365374E+00 1.10365278E+00 1.10365091E+00 1.10364919E+00 1.10364827E+00 1.10364808E+00 1.10364821E+00 1.10364844E+00 1.10364865E+00 1.10364889E+00 1.10364919E+00 1.10364953E+00 1.10364990E+00 1.10365031E+00 1.10365076E+00 1.10365127E+00 1.10365186E+00 1.10365253E+00 1.10365333E+00 1.10365424E+00 1.10365530E+00 1.10365652E+00 1.10365793E+00 1.10365954E+00 1.10366138E+00 1.10366347E+00 1.10366585E+00 1.10366853E+00 1.10367155E+00 1.10367493E+00 1.10367872E+00 1.10368294E+00 1.10368760E+00 1.10369274E+00 1.10369841E+00 1.10370460E+00 1.10371129E+00 1.10371853E+00 1.10372634E+00 1.10373469E+00 1.10374353E+00 1.10375280E+00 1.10376242E+00 1.10377230E+00 1.10378226E+00 1.10379222E+00 1.10380190E+00 1.10381093E+00 1.10381889E+00 1.10382547E+00 1.10382999E+00 1.10383198E+00 1.10383046E+00 1.10382467E+00 1.10381326E+00 1.10379521E+00 1.10376836E+00 1.10373131E+00 1.10368177E+00 1.10361793E+00 1.10353625E+00 1.10343463E+00 1.10330873E+00 1.10315483E+00 1.10296630E+00 1.10273936E+00 1.10246753E+00 1.10214644E+00 1.10176584E+00 1.10131965E+00 1.10079666E+00 1.10018896E+00 1.09948094E+00 1.09866479E+00 1.09772709E+00 1.09665592E+00 1.09542691E+00 1.09402828E+00 1.09243974E+00 1.09064718E+00 1.08864164E+00 1.08639721E+00 1.08413051E+00 1.08162729E+00 1.07919092E+00 1.07653806E+00 1.07399630E+00 1.07128161E+00 1.06874427E+00 1.06603636E+00 1.06346609E+00 1.06076830E+00 1.05828915E+00 1.05569900E+00 1.05330790E+00 1.05083413E+00 1.04857942E+00 1.04625055E+00 1.04412765E+00 1.04194756E+00 1.03997100E+00 1.03795433E+00 1.03614001E+00 1.03429156E+00 1.03249872E+00 1.03066870E+00 1.02879946E+00 1.02690912E+00 1.02500466E+00 1.02306046E+00 1.02107334E+00 1.01907159E+00 1.01703539E+00 1.01489829E+00 1.01272045E+00 1.01062502E+00 1.00858099E+00 1.00640706E+00 1.00360348E+00 1.00000000E+00
1.12373217E+00 1.12372655E+00 1.12372591E+00 1.12372780E+00 1.12372929E+00 1.12372875E+00 1.12372711E+00 1.12372537E+00 1.12372390E+00 1.12372283E+00 1.12372193E+00 1.12372110E+00 1.12372037E+00 1.12371981E+00 1.12371941E+00 1.12371920E+00 1.12371916E+00 1.12371929E+00 1.12371959E+00 1.12372006E+00 1.12372072E+00 1.12372157E+00 1.12372261E+00 1.12372387E+00 1.12372534E+00 1.12372705E+00 1.12372901E+00 1.12373123E+00 1.12373374E+00 1.12373656E+00 1.12373970E+00 1.12374318E+00 1.12374701E+00 1.12375122E+00 1.12375581E+00 1.12376080E+00 1.12376618E+00 1.12377194E+00 1.12377808E+00 1.12378457E+00 1.12379137E+00 1.12379840E+00 1.12380561E+00 1.12381287E+00 1.12382007E+00 1.12382700E+00 1.12383348E+00 1.12383920E+00 1.12384390E+00 1.12384710E+00 1.12384844E+00 1.12384721E+00 1.12384288E+00 1.12383453E+00 1.12382141E+00 1.12380219E+00 1.12377591E+00 1.12374078E+00 1.12369550E+00 1.12363771E+00 1.12356571E+00 1.12347640E+00 1.12336759E+00 1.12323535E+00 1.12307685E+00 1.12288700E+00 1.12266238E+00 1.12239660E+00 1.12208528E+00 1.12172068E+00 1.12129744E+00 1.12080600E+00 1.12023996E+00 1.11958790E+00 1.11884232E+00 1.11798936E+00 1.11702046E+00 1.11591918E+00 1.11467500E+00 1.11327081E+00 1.11169468E+00 1.10992451E+00 1.10794763E+00 1.10574165E+00 1.10329138E+00 1.10059545E+00 1.09761919E+00 1.09465735E+00 1.09143345E+00 1.08834471E+00 1.08502386E+00 1.08188380E+00 1.07854661E+00 1.07542341E+00 1.07213314E+00 1.06907694E+00 1.06588444E+00 1.06294465E+00 1.05989198E+00 1.05709652E+00 1.05421034E+00 1.05158186E+00 1.04888149E+00 1.04643286E+00 1.04392812E+00 1.04166664E+00 1.03936023E+00 1.03728261E+00 1.03517129E+00 1.03312952E+00 1.03105935E+00 1.02896010E+00 1.02683210E+00 1.02467994E+00 1.02250508E+00 1.02030569E+00 1.01808711E+00 1.01586781E+00 1.01364844E+00 1.01140525E+00 1.00917611E+00 1.00713950E+00 1.00524721E+00 1.00294047E+00 1.00000000E+00
1.11526044E+00 1.11525494E+00 1.11525418E+00 1.11525587E+00 1.11525743E+00 1.11525730E+00 1.11525619E+00 1.11525494E+00 1.11525391E+00 1.11525325E+00 1.11525275E+00 1.11525230E+00 1.11525192E+00 1.11525165E+00 1.11525150E+00 1.11525150E+00 1.11525163E+00 1.11525189E+00 1.11525227E+00 1.11525280E+00 1.11525348E+00 1.11525431E+00 1.11525531E+00 1.11525648E+00 1.11525784E+00 1.11525941E+00 1.11526120E+00 1.11526323E+00 1.11526552E+00 1.11526809E+00 1.11527096E+00 1.11527414E+00 1.11527767E+00 1.11528155E+00 1.11528579E+00 1.11529043E+00 1.11529545E+00 1.11530087E+00 1.11530667E+00 1.11531285E+00 1.11531936E+00 1.11532617E+00 1.11533322E+00 1.11534042E+00 1.11534767E+00 1.11535480E+00 1.11536166E+00 1.11536798E+00 1.11537353E+00 1.11537790E+00 1.11538079E+00 1.11538157E+00 1.11537976E+00 1.11537452E+00 1.11536521E+00 1.11535062E+00 1.11532989E+00 1.11530141E+00 1.11526397E+00 1.11521541E+00 1.11515420E+00 1.11507743E+00 1.11498306E+00 1.11486748E+00 1.11472806E+00 1.11456002E+00 1.11436022E+00 1.11412264E+00 1.11384308E+00 1.11351415E+00 1.11313081E+00 1.11268398E+00 1.11216767E+00 1.11157070E+00 1.11088593E+00 1.11010011E+00 1.10920519E+00 1.10818515E+00 1.10702946E+00 1.10572133E+00 1.10424991E+00 1.10259346E+00 1.10073916E+00 1.09866498E+00 1.09635711E+00 1.09381316E+00 1.09100039E+00 1.08819527E+00 1.08513865E+00 1.08220760E+00 1.07905334E+00 1.07606661E+00 1.07289145E+00 1.06992174E+00 1.06679414E+00 1.06388538E+00 1.06084556E+00 1.05804863E+00 1.05514672E+00 1.05249146E+00 1.04975255E+00 1.04725997E+00 1.04470198E+00 1.04238543E+00 1.04002004E+00 1.03788839E+00 1.03571776E+00 1.03376551E+00 1.03178573E+00 1.02987686E+00 1.02794663E+00 1.02599397E+00 1.02402152E+00 1.02203712E+00 1.02004043E+00 1.01803124E+00 1.01602248E+00 1.01403855E+00 1.01206087E+00 1.01007248E+00 1.00814929E+00 1.00646358E+00 1.00489719E+00 1.00281348E+00 1.00000000E+00
1.11150120E+00 1.11149519E+00 1.11149093E+00 1.11148990E+00 1.11149029E+00 1.11149052E+00 1.11149017E+00 1.11148920E+00 1.11148810E+00 1.11148723E+00 1.11148659E+00 1.11148612E+00 1.11148574E+00 1.11148545E+00 1.11148526E+00 1.11148521E+00 1.11148528E+00 1.11148548E+00 1.11148581E+00 1.11148627E+00 1.11148687E+00 1.11148761E+00 1.11148851E+00 1.11148958E+00 1.11149083E+00 1.11149227E+00 1.11149392E+00 1.11149581E+00 1.11149794E+00 1.11150033E+00 1.11150302E+00 1.11150601E+00 1.11150934E+00 1.11151301E+00 1.11151705E+00 1.11152148E+00 1.11152631E+00 1.11153153E+00 1.11153716E+00 1.11154319E+00 1.11154960E+00 1.11155634E+00 1.11156339E+00 1.11157067E+00 1.11157810E+00 1.11158553E+00 1.11159283E+00 1.11159978E+00 1.11160617E+00 1.11161164E+00 1.11161593E+00 1.11161848E+00 1.11161883E+00 1.11161625E+00 1.11161014E+00 1.11159941E+00 1.11158328E+00 1.11156027E+00 1.11152925E+00 1.11148822E+00 1.11143576E+00 1.11136914E+00 1.11128644E+00 1.11118428E+00 1.11106019E+00 1.11090969E+00 1.11072980E+00 1.11051481E+00 1.11026067E+00 1.10996019E+00 1.10960865E+00 1.10919741E+00 1.10872069E+00 1.10816750E+00 1.10753098E+00 1.10679838E+00 1.10596196E+00 1.10500585E+00 1.10391955E+00 1.10268672E+00 1.10129701E+00 1.09972862E+00 1.09796864E+00 1.09599549E+00 1.09379602E+00 1.09136707E+00 1.08867653E+00 1.08598744E+00 1.08305317E+00 1.08023561E+00 1.07719913E+00 1.07431946E+00 1.07125659E+00 1.06839250E+00 1.06537287E+00 1.06255797E+00 1.05961464E+00 1.05690784E+00 1.05409877E+00 1.05152714E+00 1.04887415E+00 1.04645968E+00 1.04398161E+00 1.04173766E+00 1.03944644E+00 1.03738120E+00 1.03527835E+00 1.03338827E+00 1.03147220E+00 1.02962606E+00 1.02775847E+00 1.02586805E+00 1.02396047E+00 1.02204480E+00 1.02011527E+00 1.01817134E+00 1.01622971E+00 1.01430973E+00 1.01237863E+00 1.01042745E+00 1.00853855E+00 1.00683370E+00 1.00517212E+00 1.00295367E+00 1.00000000E+00
1.11062160E+00 1.11062520E+00 1.11062460E+00 1.11062178E+00 1.11061783E+00 1.11061413E+00 1.11061126E+00 1.11060969E+00 1.11060891E+00 1.11060823E+00 1.11060743E+00 1.11060649E+00 1.11060563E+00 1.11060502E+00 1.11060460E+00 1.11060433E+00 1.11060417E+00 1.11060414E+00 1.11060425E+00 1.11060452E+00 1.11060493E+00 1.11060551E+00 1.11060625E+00 1.11060717E+00 1.11060827E+00 1.11060958E+00 1.11061110E+00 1.11061285E+00 1.11061485E+00 1.11061711E+00 1.11061967E+00 1.11062254E+00 1.11062574E+00 1.11062929E+00 1.11063322E+00 1.11063755E+00 1.11064229E+00 1.11064745E+00 1.11065304E+00 1.11065906E+00 1.11066551E+00 1.11067234E+00 1.11067954E+00 1.11068706E+00 1.11069484E+00 1.11070274E+00 1.11071065E+00 1.11071839E+00 1.11072576E+00 1.11073246E+00 1.11073826E+00 1.11074267E+00 1.11074525E+00 1.11074532E+00 1.11074238E+00 1.11073541E+00 1.11072370E+00 1.11070588E+00 1.11068090E+00 1.11064688E+00 1.11060252E+00 1.11054519E+00 1.11047310E+00 1.11038308E+00 1.11027282E+00 1.11013801E+00 1.10997585E+00 1.10978086E+00 1.10954907E+00 1.10927351E+00 1.10894965E+00 1.10856923E+00 1.10812663E+00 1.10761093E+00 1.10701554E+00 1.10632803E+00 1.10554075E+00 1.10463786E+00 1.10360892E+00 1.10243792E+00 1.10111465E+00 1.09961687E+00 1.09793168E+00 1.09603781E+00 1.09392214E+00 1.09158028E+00 1.08898050E+00 1.08637588E+00 1.08352808E+00 1.08078758E+00 1.07782873E+00 1.07501795E+00 1.07202546E+00 1.06922534E+00 1.06626638E+00 1.06349998E+00 1.06060558E+00 1.05794376E+00 1.05517766E+00 1.05264128E+00 1.05002243E+00 1.04763777E+00 1.04518747E+00 1.04296633E+00 1.04069546E+00 1.03864539E+00 1.03655615E+00 1.03467760E+00 1.03277086E+00 1.03093078E+00 1.02906483E+00 1.02717135E+00 1.02525820E+00 1.02333331E+00 1.02138576E+00 1.01941387E+00 1.01743662E+00 1.01546717E+00 1.01346384E+00 1.01142018E+00 1.00941968E+00 1.00755470E+00 1.00567517E+00 1.00320780E+00 1.00000000E+00
1.11154324E+00 1.11152626E+00 1.11150928E+00 1.11149906E+00 1.11149284E+00 1.11148710E+00 1.11148064E+00 1.11147410E+00 1.11146896E+00 1.11146590E+00 1.11146414E+00 1.11146275E+00 1.11146152E+00 1.11146046E+00 1.11145969E+00 1.11145924E+00 1.11145902E+00 1.11145893E+00 1.11145898E+00 1.11145917E+00 1.11145951E+00 1.11146002E+00 1.11146069E+00 1.11146153E+00 1.11146255E+00 1.11146377E+00 1.11146521E+00 1.11146688E+00 1.11146879E+00 1.11147098E+00 1.11147346E+00 1.11147626E+00 1.11147940E+00 1.11148291E+00 1.11148680E+00 1.11149111E+00 1.11149585E+00 1.11150105E+00 1.11150670E+00 1.11151284E+00 1.11151945E+00 1.11152652E+00 1.11153402E+00 1.11154195E+00 1.11155024E+00 1.11155879E+00 1.11156751E+00 1.11157623E+00 1.11158481E+00 1.11159296E+00 1.11160051E+00 1.11160699E+00 1.11161202E+00 1.11161498E+00 1.11161542E+00 1.11161242E+00 1.11160532E+00 1.11159285E+00 1.11157403E+00 1.11154709E+00 1.11151082E+00 1.11146270E+00 1.11140104E+00 1.11132288E+00 1.11122602E+00 1.11110632E+00 1.11096112E+00 1.11078509E+00 1.11057433E+00 1.11032204E+00 1.11002385E+00 1.10967178E+00 1.10926035E+00 1.10877866E+00 1.10822030E+00 1.10757298E+00 1.10682898E+00 1.10597234E+00 1.10499282E+00 1.10387468E+00 1.10260731E+00 1.10116775E+00 1.09954328E+00 1.09771267E+00 1.09566219E+00 1.09338575E+00 1.09085204E+00 1.08830696E+00 1.08551676E+00 1.08282404E+00 1.07991088E+00 1.07713865E+00 1.07418268E+00 1.07141280E+00 1.06847753E+00 1.06572529E+00 1.06284347E+00 1.06019166E+00 1.05743063E+00 1.05489323E+00 1.05226988E+00 1.04987869E+00 1.04741715E+00 1.04518133E+00 1.04289068E+00 1.04081793E+00 1.03870217E+00 1.03679716E+00 1.03485913E+00 1.03298325E+00 1.03107469E+00 1.02913147E+00 1.02716287E+00 1.02517501E+00 1.02315312E+00 1.02109454E+00 1.01901991E+00 1.01693758E+00 1.01480031E+00 1.01260258E+00 1.01042880E+00 1.00835552E+00 1.00622760E+00 1.00348752E+00 1.00000000E+00
1.11343453E+00 1.11342317E+00 1.11341079E+00 1.11339987E+00 1.11339190E+00 1.11338699E+00 1.11338384E+00 1.11338134E+00 1.11337939E+00 1.11337798E+00 1.11337713E+00 1.11337667E+00 1.11337646E+00 1.11337638E+00 1.11337642E+00 1.11337655E+00 1.11337677E+00 1.11337708E+00 1.11337746E+00 1.11337794E+00 1.11337851E+00 1.11337919E+00 1.11338000E+00 1.11338094E+00 1.11338205E+00 1.11338333E+00 1.11338480E+00 1.11338650E+00 1.11338843E+00 1.11339063E+00 1.11339312E+00 1.11339593E+00 1.11339909E+00 1.11340262E+00 1.11340655E+00 1.11341093E+00 1.11341577E+00 1.11342109E+00 1.11342692E+00 1.11343328E+00 1.11344018E+00 1.11344760E+00 1.11345557E+00 1.11346406E+00 1.11347305E+00 1.11348244E+00 1.11349217E+00 1.11350211E+00 1.11351213E+00 1.11352200E+00 1.11353157E+00 1.11354043E+00 1.11354822E+00 1.11355442E+00 1.11355860E+00 1.11355995E+00 1.11355784E+00 1.11355111E+00 1.11353883E+00 1.11351936E+00 1.11349153E+00 1.11345294E+00 1.11340200E+00 1.11333596E+00 1.11325272E+00 1.11314825E+00 1.11302000E+00 1.11286275E+00 1.11267270E+00 1.11244314E+00 1.11216979E+00 1.11184491E+00 1.11146315E+00 1.11101361E+00 1.11048995E+00 1.10987981E+00 1.10917529E+00 1.10836015E+00 1.10742461E+00 1.10635306E+00 1.10513392E+00 1.10374330E+00 1.10216880E+00 1.10038895E+00 1.09838884E+00 1.09616053E+00 1.09367312E+00 1.09116749E+00 1.08841177E+00 1.08574382E+00 1.08285145E+00 1.08009402E+00 1.07714802E+00 1.07438203E+00 1.07144241E+00 1.06867869E+00 1.06578179E+00 1.06311293E+00 1.06032785E+00 1.05776177E+00 1.05510428E+00 1.05267846E+00 1.05017553E+00 1.04789619E+00 1.04555510E+00 1.04343111E+00 1.04125875E+00 1.03929905E+00 1.03730014E+00 1.03535899E+00 1.03337751E+00 1.03135357E+00 1.02929742E+00 1.02721357E+00 1.02508447E+00 1.02290686E+00 1.02070272E+00 1.01847701E+00 1.01617884E+00 1.01380314E+00 1.01143532E+00 1.00914307E+00 1.00676795E+00 1.00376144E+00 1.00000000E+00
1.12553312E+00 1.12552994E+00 1.12553131E+00 1.12553413E+00 1.12553595E+00 1.12553564E+00 1.12553431E+00 1.12553301E+00 1.12553197E+00 1.12553123E+00 1.12553058E+00 1.12552996E+00 1.12552942E+00 1.12552902E+00 1.12552878E+00 1.12552870E+00 1.12552877E+00 1.12552900E+00 1.12552939E+00 1.12552995E+00 1.12553069E+00 1.12553161E+00 1.12553272E+00 1.12553404E+00 1.12553558E+00 1.12553735E+00 1.12553937E+00 1.12554166E+00 1.12554423E+00 1.12554712E+00 1.12555032E+00 1.12555387E+00 1.12555777E+00 1.12556205E+00 1.12556671E+00 1.12557177E+00 1.12557722E+00 1.12558305E+00 1.12558926E+00 1.12559581E+00 1.12560266E+00 1.12560974E+00 1.12561699E+00 1.12562427E+00 1.12563148E+00 1.12563838E+00 1.12564482E+00 1.12565046E+00 1.12565504E+00 1.12565807E+00 1.12565918E+00 1.12565765E+00 1.12565294E+00 1.12564412E+00 1.12563043E+00 1.12561051E+00 1.12558339E+00 1.12554726E+00 1.12550080E+00 1.12544162E+00 1.12536801E+00 1.12527682E+00 1.12516584E+00 1.12503111E+00 1.12486977E+00 1.12467668E+00 1.12444839E+00 1.12417845E+00 1.12386246E+00 1.12349262E+00 1.12306354E+00 1.12256561E+00 1.12199232E+00 1.12133227E+00 1.12057788E+00 1.11971522E+00 1.11873569E+00 1.11762279E+00 1.11636600E+00 1.11494809E+00 1.11335701E+00 1.11157071E+00 1.10957647E+00 1.10735182E+00 1.10488148E+00 1.10216409E+00 1.09916464E+00 1.09618056E+00 1.09293282E+00 1.08982151E+00 1.08647675E+00 1.08331461E+00 1.07995397E+00 1.07680826E+00 1.07349394E+00 1.07041597E+00 1.06720059E+00 1.06423894E+00 1.06116305E+00 1.05834581E+00 1.05543642E+00 1.05278625E+00 1.05006284E+00 1.04759262E+00 1.04506483E+00 1.04278146E+00 1.04045184E+00 1.03835262E+00 1.03621842E+00 1.03415314E+00 1.03205767E+00 1.02993136E+00 1.02777437E+00 1.02559047E+00 1.02338098E+00 1.02114452E+00 1.01888463E+00 1.01661602E+00 1.01434044E+00 1.01203643E+00 1.00973367E+00 1.00759288E+00 1.00557458E+00 1.00311731E+00 1.00000000E+00
1.11956362E+00 1.11955919E+00 1.11955939E+00 1.11956192E+00 1.11956407E+00 1.11956429E+00 1.11956339E+00 1.11956234E+00 1.11956149E+00 1.11956098E+00 1.11956058E+00 1.11956020E+00 1.11955987E+00 1.11955965E+00 1.11955955E+00 1.11955959E+00 1.11955977E+00 1.11956007E+00 1.11956050E+00 1.11956109E+00 1.11956182E+00 1.11956272E+00 1.11956378E+00 1.11956504E+00 1.11956649E+00 1.11956815E+00 1.11957005E+00 1.11957220E+00 1.11957461E+00 1.11957731E+00 1.11958032E+00 1.11958366E+00 1.11958734E+00 1.11959138E+00 1.11959580E+00 1.11960062E+00 1.11960582E+00 1.11961142E+00 1.11961739E+00 1.11962373E+00 1.11963041E+00 1.11963735E+00 1.11964451E+00 1.11965178E+00 1.11965906E+00 1.11966615E+00 1.11967291E+00 1.11967903E+00 1.11968429E+00 1.11968823E+00 1.11969053E+00 1.11969054E+00 1.11968773E+00 1.11968126E+00 1.11967042E+00 1.11965396E+00 1.11963098E+00 1.11959978E+00 1.11955912E+00 1.11950675E+00 1.11944107E+00 1.11935908E+00 1.11925869E+00 1.11913615E+00 1.11898873E+00 1.11881154E+00 1.11860129E+00 1.11835182E+00 1.11805884E+00 1.11771481E+00 1.11731457E+00 1.11684882E+00 1.11631137E+00 1.11569093E+00 1.11498021E+00 1.11416572E+00 1.11323918E+00 1.11218438E+00 1.11099077E+00 1.10964137E+00 1.10812487E+00 1.10641940E+00 1.10451219E+00 1.10238115E+00 1.10001189E+00 1.09740214E+00 1.09451835E+00 1.09164522E+00 1.08851589E+00 1.08551594E+00 1.08228896E+00 1.07923583E+00 1.07599050E+00 1.07295339E+00 1.06975414E+00 1.06678110E+00 1.06367483E+00 1.06081548E+00 1.05784773E+00 1.05513118E+00 1.05232770E+00 1.04977553E+00 1.04715522E+00 1.04478092E+00 1.04235460E+00 1.04016593E+00 1.03793553E+00 1.03592834E+00 1.03389097E+00 1.03192348E+00 1.02993122E+00 1.02791358E+00 1.02587202E+00 1.02381238E+00 1.02173510E+00 1.01964017E+00 1.01753552E+00 1.01543985E+00 1.01334359E+00 1.01122800E+00 1.00914313E+00 1.00724381E+00 1.00543382E+00 1.00308728E+00 1.00000000E+00
1.11733790E+00 1.11733257E+00 1.11733061E+00 1.11733177E+00 1.11733349E+00 1.11733396E+00 1.11733341E+00 1.11733240E+00 1.11733144E+00 1.11733081E+00 1.11733035E+00 1.11732996E+00 1.11732962E+00 1.11732937E+00 1.11732924E+00 1.11732924E+00 1.11732937E+00 1.11732963E+00 1.11733003E+00 1.11733056E+00 1.11733124E+00 1.11733208E+00 1.11733308E+00 1.11733426E+00 1.11733563E+00 1.11733721E+00 1.11733901E+00 1.11734106E+00 1.11734337E+00 1.11734596E+00 1.11734885E+00 1.11735207E+00 1.11735563E+00 1.11735955E+00 1.11736384E+00 1.11736854E+00 1.11737363E+00 1.11737912E+00 1.11738502E+00 1.11739130E+00 1.11739795E+00 1.11740491E+00 1.11741213E+00 1.11741953E+00 1.11742702E+00 1.11743443E+00 1.11744160E+00 1.11744829E+00 1.11745427E+00 1.11745913E+00 1.11746258E+00 1.11746401E+00 1.11746293E+00 1.11745853E+00 1.11745018E+00 1.11743669E+00 1.11741722E+00 1.11739016E+00 1.11735433E+00 1.11730758E+00 1.11724840E+00 1.11717391E+00 1.11708208E+00 1.11696935E+00 1.11683311E+00 1.11666863E+00 1.11647276E+00 1.11623950E+00 1.11596467E+00 1.11564092E+00 1.11526327E+00 1.11482267E+00 1.11431306E+00 1.11372329E+00 1.11304629E+00 1.11226882E+00 1.11138281E+00 1.11037209E+00 1.10922612E+00 1.10792818E+00 1.10646729E+00 1.10482147E+00 1.10297796E+00 1.10091499E+00 1.09861848E+00 1.09608546E+00 1.09328288E+00 1.09048655E+00 1.08743805E+00 1.08451284E+00 1.08136346E+00 1.07838112E+00 1.07520976E+00 1.07224145E+00 1.06911258E+00 1.06620135E+00 1.06315887E+00 1.06035902E+00 1.05745257E+00 1.05479134E+00 1.05204467E+00 1.04954413E+00 1.04697679E+00 1.04465063E+00 1.04227348E+00 1.04012882E+00 1.03794312E+00 1.03597676E+00 1.03398091E+00 1.03205384E+00 1.03010149E+00 1.02812300E+00 1.02612137E+00 1.02410267E+00 1.02206374E+00 1.02000420E+00 1.01793377E+00 1.01586836E+00 1.01378761E+00 1.01167258E+00 1.00957656E+00 1.00762825E+00 1.00571551E+00 1.00323150E+00 1.00000000E+00
1.11742513E+00 1.11741983E+00 1.11741613E+00 1.11741547E+00 1.11741604E+00 1.11741629E+00 1.11741591E+00 1.11741495E+00 1.11741390E+00 1.11741308E+00 1.11741246E+00 1.11741198E+00 1.11741158E+00 1.11741127E+00 1.11741106E+00 1.11741098E+00 1.11741104E+00 1.11741123E+00 1.11741156E+00 1.11741202E+00 1.11741264E+00 1.11741341E+00 1.11741435E+00 1.11741547E+00 1.11741678E+00 1.11741830E+00 1.11742004E+00 1.11742203E+00 1.11742427E+00 1.11742680E+00 1.11742963E+00 1.11743279E+00 1.11743630E+00 1.11744018E+00 1.11744444E+00 1.11744911E+00 1.11745420E+00 1.11745972E+00 1.11746565E+00 1.11747202E+00 1.11747878E+00 1.11748590E+00 1.11749335E+00 1.11750106E+00 1.11750893E+00 1.11751683E+00 1.11752461E+00 1.11753205E+00 1.11753894E+00 1.11754491E+00 1.11754969E+00 1.11755271E+00 1.11755350E+00 1.11755132E+00 1.11754557E+00 1.11753512E+00 1.11751918E+00 1.11749623E+00 1.11746512E+00 1.11742379E+00 1.11737081E+00 1.11730338E+00 1.11721956E+00 1.11711591E+00 1.11698993E+00 1.11683699E+00 1.11665406E+00 1.11643527E+00 1.11617651E+00 1.11587054E+00 1.11551252E+00 1.11509359E+00 1.11460775E+00 1.11404391E+00 1.11339516E+00 1.11264837E+00 1.11179552E+00 1.11082040E+00 1.10971241E+00 1.10845497E+00 1.10703720E+00 1.10543676E+00 1.10364088E+00 1.10162783E+00 1.09938345E+00 1.09690379E+00 1.09415594E+00 1.09140958E+00 1.08841156E+00 1.08553075E+00 1.08242537E+00 1.07948132E+00 1.07634800E+00 1.07341315E+00 1.07031508E+00 1.06742762E+00 1.06440844E+00 1.06162913E+00 1.05874104E+00 1.05609351E+00 1.05335877E+00 1.05086744E+00 1.04830699E+00 1.04598471E+00 1.04360872E+00 1.04146216E+00 1.03927225E+00 1.03730050E+00 1.03529645E+00 1.03335842E+00 1.03139086E+00 1.02939254E+00 1.02736755E+00 1.02532102E+00 1.02324649E+00 1.02114272E+00 1.01902055E+00 1.01689249E+00 1.01473164E+00 1.01251828E+00 1.01030741E+00 1.00821326E+00 1.00611871E+00 1.00343374E+00 1.00000000E+00
1.11889600E+00 1.11889092E+00 1.11888730E+00 1.11888556E+00 1.11888452E+00 1.11888333E+00 1.11888193E+00 1.11888044E+00 1.11887909E+00 1.11887805E+00 1.11887727E+00 1.11887667E+00 1.11887619E+00 1.11887583E+00 1.11887559E+00 1.11887549E+00 1.11887552E+00 1.11887569E+00 1.11887598E+00 1.11887642E+00 1.11887700E+00 1.11887775E+00 1.11887865E+00 1.11887974E+00 1.11888101E+00 1.11888250E+00 1.11888421E+00 1.11888617E+00 1.11888839E+00 1.11889090E+00 1.11889372E+00 1.11889688E+00 1.11890040E+00 1.11890430E+00 1.11890860E+00 1.11891333E+00 1.11891851E+00 1.11892414E+00 1.11893023E+00 1.11893679E+00 1.11894380E+00 1.11895124E+00 1.11895908E+00 1.11896727E+00 1.11897572E+00 1.11898431E+00 1.11899293E+00 1.11900136E+00 1.11900942E+00 1.11901678E+00 1.11902318E+00 1.11902809E+00 1.11903107E+00 1.11903144E+00 1.11902863E+00 1.11902157E+00 1.11900952E+00 1.11899101E+00 1.11896494E+00 1.11892934E+00 1.11888283E+00 1.11882269E+00 1.11874702E+00 1.11865255E+00 1.11853682E+00 1.11839530E+00 1.11822503E+00 1.11802024E+00 1.11777684E+00 1.11748769E+00 1.11714803E+00 1.11674911E+00 1.11628498E+00 1.11574450E+00 1.11512088E+00 1.11440093E+00 1.11357660E+00 1.11263149E+00 1.11155498E+00 1.11033048E+00 1.10894690E+00 1.10738136E+00 1.10562101E+00 1.10364389E+00 1.10143532E+00 1.09899015E+00 1.09627538E+00 1.09355684E+00 1.09058389E+00 1.08772190E+00 1.08463226E+00 1.08169906E+00 1.07857316E+00 1.07564159E+00 1.07254123E+00 1.06964624E+00 1.06661657E+00 1.06382499E+00 1.06091960E+00 1.05825160E+00 1.05549221E+00 1.05297551E+00 1.05038479E+00 1.04803101E+00 1.04561851E+00 1.04343478E+00 1.04120362E+00 1.03919186E+00 1.03714324E+00 1.03515773E+00 1.03313705E+00 1.03107972E+00 1.02899060E+00 1.02687376E+00 1.02472036E+00 1.02252853E+00 1.02031006E+00 1.01807491E+00 1.01579227E+00 1.01344217E+00 1.01108118E+00 1.00881598E+00 1.00652790E+00 1.00363848E+00 1.00000000E+00
1.12119485E+00 1.12119088E+00 1.12118742E+00 1.12118428E+00 1.12118116E+00 1.12117807E+00 1.12117522E+00 1.12117283E+00 1.12117094E+00 1.12116954E+00 1.12116851E+00 1.12116775E+00 1.12116720E+00 1.12116683E+00 1.12116663E+00 1.12116658E+00 1.12116667E+00 1.12116688E+00 1.12116723E+00 1.12116770E+00 1.12116832E+00 1.12116908E+00 1.12117000E+00 1.12117109E+00 1.12117238E+00 1.12117387E+00 1.12117558E+00 1.12117755E+00 1.12117978E+00 1.12118231E+00 1.12118516E+00 1.12118836E+00 1.12119194E+00 1.12119592E+00 1.12120033E+00 1.12120520E+00 1.12121054E+00 1.12121639E+00 1.12122274E+00 1.12122962E+00 1.12123702E+00 1.12124493E+00 1.12125333E+00 1.12126217E+00 1.12127141E+00 1.12128093E+00 1.12129063E+00 1.12130033E+00 1.12130987E+00 1.12131894E+00 1.12132732E+00 1.12133451E+00 1.12134011E+00 1.12134347E+00 1.12134407E+00 1.12134092E+00 1.12133328E+00 1.12131976E+00 1.12129930E+00 1.12127001E+00 1.12123055E+00 1.12117825E+00 1.12111131E+00 1.12102654E+00 1.12092155E+00 1.12079188E+00 1.12063460E+00 1.12044399E+00 1.12021600E+00 1.11994353E+00 1.11962182E+00 1.11924220E+00 1.11879875E+00 1.11828021E+00 1.11767978E+00 1.11698415E+00 1.11618507E+00 1.11526589E+00 1.11421599E+00 1.11301863E+00 1.11166216E+00 1.11012298E+00 1.10838816E+00 1.10643521E+00 1.10424857E+00 1.10182179E+00 1.09912158E+00 1.09641191E+00 1.09344235E+00 1.09057754E+00 1.08747980E+00 1.08453434E+00 1.08139017E+00 1.07843665E+00 1.07530695E+00 1.07237907E+00 1.06931140E+00 1.06648097E+00 1.06352992E+00 1.06081484E+00 1.05800265E+00 1.05543432E+00 1.05278570E+00 1.05037476E+00 1.04789910E+00 1.04565403E+00 1.04335677E+00 1.04128239E+00 1.03916619E+00 1.03711099E+00 1.03501501E+00 1.03287663E+00 1.03070136E+00 1.02849238E+00 1.02623917E+00 1.02393954E+00 1.02160610E+00 1.01924708E+00 1.01682917E+00 1.01433261E+00 1.01181531E+00 1.00938001E+00 1.00690790E+00 1.00382834E+00 1.00000000E+00
1.12733948E+00 1.12733725E+00 1.12733944E+00 1.12734323E+00 1.12734598E+00 1.12734642E+00 1.12734564E+00 1.12734475E+00 1.12734405E+00 1.12734361E+00 1.12734321E+00 1.12734280E+00 1.12734243E+00 1.12734218E+00 1.12734207E+00 1.12734210E+00 1.12734227E+00 1.12734258E+00 1.12734305E+00 1.12734368E+00 1.12734448E+00 1.12734546E+00 1.12734664E+00 1.12734801E+00 1.12734961E+00 1.12735144E+00 1.12735352E+00 1.12735587E+00 1.12735850E+00 1.12736145E+00 1.12736471E+00 1.12736833E+00 1.12737230E+00 1.12737665E+00 1.12738138E+00 1.12738650E+00 1.12739203E+00 1.12739793E+00 1.12740420E+00 1.12741081E+00 1.12741771E+00 1.12742484E+00 1.12743212E+00 1.12743943E+00 1.12744663E+00 1.12745352E+00 1.12745990E+00 1.12746545E+00 1.12746990E+00 1.12747275E+00 1.12747362E+00 1.12747179E+00 1.12746669E+00 1.12745739E+00 1.12744311E+00 1.12742248E+00 1.12739451E+00 1.12735736E+00 1.12730970E+00 1.12724911E+00 1.12717386E+00 1.12708077E+00 1.12696761E+00 1.12683037E+00 1.12666616E+00 1.12646980E+00 1.12623780E+00 1.12596368E+00 1.12564300E+00 1.12526790E+00 1.12483296E+00 1.12432850E+00 1.12374796E+00 1.12307991E+00 1.12231669E+00 1.12144434E+00 1.12045417E+00 1.11932967E+00 1.11806030E+00 1.11662871E+00 1.11502272E+00 1.11322035E+00 1.11120886E+00 1.10896562E+00 1.10647529E+00 1.10373656E+00 1.10071408E+00 1.09770794E+00 1.09443644E+00 1.09130270E+00 1.08793422E+00 1.08475008E+00 1.08136600E+00 1.07819791E+00 1.07485966E+00 1.07176002E+00 1.06852175E+00 1.06553814E+00 1.06243895E+00 1.05959986E+00 1.05666715E+00 1.05399519E+00 1.05124854E+00 1.04875649E+00 1.04620534E+00 1.04389979E+00 1.04154667E+00 1.03942554E+00 1.03726802E+00 1.03517880E+00 1.03305748E+00 1.03090348E+00 1.02871686E+00 1.02650049E+00 1.02425539E+00 1.02198053E+00 1.01967798E+00 1.01735889E+00 1.01502509E+00 1.01265812E+00 1.01027801E+00 1.00802309E+00 1.00587963E+00 1.00328827E+00 1.00000000E+00
1.12383042E+00 1.12382883E+00 1.12383134E+00 1.12383481E+00 1.12383708E+00 1.12383729E+00 1.12383653E+00 1.12383580E+00 1.12383528E+00 1.12383498E+00 1.12383471E+00 1.12383442E+00 1.12383418E+00 1.12383405E+00 1.12383404E+00 1.12383415E+00 1.12383439E+00 1.12383476E+00 1.12383526E+00 1.12383592E+00 1.12383673E+00 1.12383770E+00 1.12383885E+00 1.12384020E+00 1.12384174E+00 1.12384351E+00 1.12384552E+00 1.12384779E+00 1.12385033E+00 1.12385317E+00 1.12385632E+00 1.12385981E+00 1.12386365E+00 1.12386786E+00 1.12387246E+00 1.12387744E+00 1.12388282E+00 1.12388859E+00 1.12389473E+00 1.12390123E+00 1.12390804E+00 1.12391510E+00 1.12392235E+00 1.12392966E+00 1.12393694E+00 1.12394396E+00 1.12395057E+00 1.12395645E+00 1.12396135E+00 1.12396479E+00 1.12396643E+00 1.12396557E+00 1.12396168E+00 1.12395386E+00 1.12394137E+00 1.12392290E+00 1.12389750E+00 1.12386342E+00 1.12381935E+00 1.12376296E+00 1.12369259E+00 1.12360516E+00 1.12349849E+00 1.12336870E+00 1.12321300E+00 1.12302634E+00 1.12280533E+00 1.12254364E+00 1.12223691E+00 1.12187743E+00 1.12145993E+00 1.12097491E+00 1.12041597E+00 1.11977175E+00 1.11903479E+00 1.11819135E+00 1.11723294E+00 1.11614320E+00 1.11491159E+00 1.11352088E+00 1.11195934E+00 1.11020506E+00 1.10824530E+00 1.10605770E+00 1.10362741E+00 1.10095250E+00 1.09799855E+00 1.09505815E+00 1.09185683E+00 1.08878905E+00 1.08549039E+00 1.08237111E+00 1.07905570E+00 1.07595207E+00 1.07268219E+00 1.06964526E+00 1.06647241E+00 1.06355023E+00 1.06051610E+00 1.05773771E+00 1.05486897E+00 1.05225637E+00 1.04957241E+00 1.04713882E+00 1.04464964E+00 1.04240204E+00 1.04010973E+00 1.03804520E+00 1.03594734E+00 1.03391833E+00 1.03186067E+00 1.02977388E+00 1.02765867E+00 1.02551901E+00 1.02335556E+00 1.02116816E+00 1.01896095E+00 1.01674710E+00 1.01452226E+00 1.01226834E+00 1.01001405E+00 1.00789247E+00 1.00585626E+00 1.00330454E+00 1.00000000E+00
1.12280530E+00 1.12280230E+00 1.12280332E+00 1.12280640E+00 1.12280897E+00 1.12280958E+00 1.12280903E+00 1.12280825E+00 1.12280762E+00 1.12280727E+00 1.12280699E+00 1.12280670E+00 1.12280644E+00 1.12280628E+00 1.12280623E+00 1.12280632E+00 1.12280652E+00 1.12280686E+00 1.12280733E+00 1.12280795E+00 1.12280872E+00 1.12280966E+00 1.12281077E+00 1.12281207E+00 1.12281357E+00 1.12281529E+00 1.12281724E+00 1.12281946E+00 1.12282194E+00 1.12282472E+00 1.12282781E+00 1.12283124E+00 1.12283502E+00 1.12283917E+00 1.12284371E+00 1.12284864E+00 1.12285397E+00 1.12285971E+00 1.12286583E+00 1.12287232E+00 1.12287916E+00 1.12288627E+00 1.12289360E+00 1.12290104E+00 1.12290850E+00 1.12291577E+00 1.12292269E+00 1.12292898E+00 1.12293440E+00 1.12293848E+00 1.12294090E+00 1.12294100E+00 1.12293825E+00 1.12293179E+00 1.12292091E+00 1.12290436E+00 1.12288120E+00 1.12284973E+00 1.12280869E+00 1.12275582E+00 1.12268949E+00 1.12260668E+00 1.12250527E+00 1.12238149E+00 1.12223259E+00 1.12205363E+00 1.12184128E+00 1.12158931E+00 1.12129342E+00 1.12094602E+00 1.12054190E+00 1.12007171E+00 1.11952912E+00 1.11890283E+00 1.11818551E+00 1.11736353E+00 1.11642851E+00 1.11536409E+00 1.11415971E+00 1.11279828E+00 1.11126824E+00 1.10954762E+00 1.10762366E+00 1.10547418E+00 1.10308445E+00 1.10045210E+00 1.09754299E+00 1.09464485E+00 1.09148793E+00 1.08846111E+00 1.08520493E+00 1.08212439E+00 1.07884932E+00 1.07578300E+00 1.07255133E+00 1.06954812E+00 1.06641009E+00 1.06352030E+00 1.06051947E+00 1.05777110E+00 1.05493309E+00 1.05234830E+00 1.04969277E+00 1.04728483E+00 1.04482167E+00 1.04259716E+00 1.04032800E+00 1.03828432E+00 1.03620729E+00 1.03419812E+00 1.03215954E+00 1.03009086E+00 1.02799338E+00 1.02587098E+00 1.02372221E+00 1.02154653E+00 1.01934857E+00 1.01713986E+00 1.01490965E+00 1.01263828E+00 1.01035597E+00 1.00818364E+00 1.00606600E+00 1.00341173E+00 1.00000000E+00
1.12330284E+00 1.12330058E+00 1.12330176E+00 1.12330469E+00 1.12330705E+00 1.12330758E+00 1.12330702E+00 1.12330625E+00 1.12330561E+00 1.12330523E+00 1.12330491E+00 1.12330460E+00 1.12330431E+00 1.12330412E+00 1.12330405E+00 1.12330410E+00 1.12330428E+00 1.12330459E+00 1.12330503E+00 1.12330562E+00 1.12330637E+00 1.12330727E+00 1.12330836E+00 1.12330963E+00 1.12331110E+00 1.12331280E+00 1.12331473E+00 1.12331691E+00 1.12331937E+00 1.12332213E+00 1.12332521E+00 1.12332863E+00 1.12333240E+00 1.12333656E+00 1.12334110E+00 1.12334606E+00 1.12335143E+00 1.12335722E+00 1.12336342E+00 1.12337002E+00 1.12337698E+00 1.12338426E+00 1.12339181E+00 1.12339953E+00 1.12340731E+00 1.12341498E+00 1.12342239E+00 1.12342926E+00 1.12343537E+00 1.12344027E+00 1.12344366E+00 1.12344488E+00 1.12344346E+00 1.12343853E+00 1.12342944E+00 1.12341494E+00 1.12339415E+00 1.12336540E+00 1.12332746E+00 1.12327810E+00 1.12321576E+00 1.12313745E+00 1.12304109E+00 1.12292300E+00 1.12278047E+00 1.12260862E+00 1.12240417E+00 1.12216096E+00 1.12187472E+00 1.12153790E+00 1.12114539E+00 1.12068788E+00 1.12015907E+00 1.11954769E+00 1.11884646E+00 1.11804177E+00 1.11712525E+00 1.11608048E+00 1.11489683E+00 1.11355722E+00 1.11205015E+00 1.11035340E+00 1.10845415E+00 1.10633017E+00 1.10396659E+00 1.10136046E+00 1.09847764E+00 1.09560281E+00 1.09246887E+00 1.08946162E+00 1.08622409E+00 1.08315901E+00 1.07989845E+00 1.07684402E+00 1.07362218E+00 1.07062525E+00 1.06749247E+00 1.06460633E+00 1.06160715E+00 1.05885809E+00 1.05601754E+00 1.05342889E+00 1.05076736E+00 1.04835205E+00 1.04587917E+00 1.04364367E+00 1.04136140E+00 1.03930437E+00 1.03721162E+00 1.03518500E+00 1.03312583E+00 1.03103317E+00 1.02890879E+00 1.02675597E+00 1.02457145E+00 1.02235419E+00 1.02010923E+00 1.01784645E+00 1.01555133E+00 1.01320357E+00 1.01083478E+00 1.00855954E+00 1.00632132E+00 1.00353884E+00 1.00000000E+00
1.12469715E+00 1.12469819E+00 1.12470133E+00 1.12470436E+00 1.12470601E+00 1.12470598E+00 1.12470516E+00 1.12470441E+00 1.12470382E+00 1.12470340E+00 1.12470302E+00 1.12470265E+00 1.12470233E+00 1.12470213E+00 1.12470205E+00 1.12470209E+00 1.12470225E+00 1.12470255E+00 1.12470298E+00 1.12470356E+00 1.12470429E+00 1.12470519E+00 1.12470626E+00 1.12470752E+00 1.12470899E+00 1.12471068E+00 1.12471261E+00 1.12471480E+00 1.12471726E+00 1.12472004E+00 1.12472313E+00 1.12472658E+00 1.12473040E+00 1.12473461E+00 1.12473923E+00 1.12474428E+00 1.12474976E+00 1.12475569E+00 1.12476206E+00 1.12476887E+00 1.12477609E+00 1.12478367E+00 1.12479158E+00 1.12479972E+00 1.12480801E+00 1.12481627E+00 1.12482437E+00 1.12483205E+00 1.12483908E+00 1.12484506E+00 1.12484969E+00 1.12485235E+00 1.12485255E+00 1.12484950E+00 1.12484253E+00 1.12483046E+00 1.12481240E+00 1.12478674E+00 1.12475225E+00 1.12470678E+00 1.12464878E+00 1.12457529E+00 1.12448428E+00 1.12437213E+00 1.12423615E+00 1.12407150E+00 1.12387495E+00 1.12364035E+00 1.12336344E+00 1.12303672E+00 1.12265507E+00 1.12220920E+00 1.12169284E+00 1.12109463E+00 1.12040733E+00 1.11961722E+00 1.11871589E+00 1.11768675E+00 1.11651907E+00 1.11519569E+00 1.11370495E+00 1.11202424E+00 1.11014060E+00 1.10803149E+00 1.10568166E+00 1.10308742E+00 1.10021438E+00 1.09734583E+00 1.09421539E+00 1.09120809E+00 1.08796737E+00 1.08489639E+00 1.08162653E+00 1.07856066E+00 1.07532311E+00 1.07230814E+00 1.06915428E+00 1.06624640E+00 1.06322150E+00 1.06044579E+00 1.05757511E+00 1.05495676E+00 1.05226178E+00 1.04981344E+00 1.04730390E+00 1.04503258E+00 1.04271151E+00 1.04061754E+00 1.03848472E+00 1.03641672E+00 1.03431258E+00 1.03217119E+00 1.02999476E+00 1.02778601E+00 1.02554041E+00 1.02325664E+00 1.02094023E+00 1.01859995E+00 1.01621909E+00 1.01377740E+00 1.01130784E+00 1.00892174E+00 1.00656326E+00 1.00365864E+00 1.00000000E+00
1.12661244E+00 1.12661782E+00 1.12662281E+00 1.12662569E+00 1.12662651E+00 1.12662603E+00 1.12662508E+00 1.12662434E+00 1.12662374E+00 1.12662320E+00 1.12662268E+00 1.12662222E+00 1.12662186E+00 1.12662164E+00 1.12662154E+00 1.12662158E+00 1.12662174E+00 1.12662203E+00 1.12662246E+00 1.12662304E+00 1.12662378E+00 1.12662468E+00 1.12662576E+00 1.12662703E+00 1.12662851E+00 1.12663021E+00 1.12663216E+00 1.12663438E+00 1.12663688E+00 1.12663970E+00 1.12664285E+00 1.12664637E+00 1.12665028E+00 1.12665460E+00 1.12665935E+00 1.12666456E+00 1.12667024E+00 1.12667640E+00 1.12668305E+00 1.12669018E+00 1.12669778E+00 1.12670581E+00 1.12671423E+00 1.12672298E+00 1.12673197E+00 1.12674104E+00 1.12675007E+00 1.12675882E+00 1.12676708E+00 1.12677446E+00 1.12678068E+00 1.12678514E+00 1.12678737E+00 1.12678662E+00 1.12678224E+00 1.12677306E+00 1.12675825E+00 1.12673620E+00 1.12670573E+00 1.12666469E+00 1.12661158E+00 1.12654347E+00 1.12645835E+00 1.12635264E+00 1.12622369E+00 1.12606665E+00 1.12587831E+00 1.12565253E+00 1.12538502E+00 1.12506826E+00 1.12469714E+00 1.12426233E+00 1.12375751E+00 1.12317120E+00 1.12249613E+00 1.12171838E+00 1.12082942E+00 1.11981241E+00 1.11865648E+00 1.11734426E+00 1.11586374E+00 1.11419178E+00 1.11231520E+00 1.11021093E+00 1.10786315E+00 1.10526732E+00 1.10238859E+00 1.09951056E+00 1.09636573E+00 1.09334069E+00 1.09007734E+00 1.08698171E+00 1.08368205E+00 1.08058497E+00 1.07731071E+00 1.07425814E+00 1.07106236E+00 1.06811315E+00 1.06504202E+00 1.06222082E+00 1.05930053E+00 1.05663473E+00 1.05388810E+00 1.05139026E+00 1.04882740E+00 1.04650549E+00 1.04413083E+00 1.04198682E+00 1.03980097E+00 1.03767943E+00 1.03551848E+00 1.03331703E+00 1.03107763E+00 1.02880260E+00 1.02648652E+00 1.02412801E+00 1.02173307E+00 1.01930978E+00 1.01684006E+00 1.01430408E+00 1.01173596E+00 1.00924531E+00 1.00677756E+00 1.00376449E+00 1.00000000E+00
1.12913761E+00 1.12913790E+00 1.12914199E+00 1.12914658E+00 1.12914958E+00 1.12915027E+00 1.12914986E+00 1.12914945E+00 1.12914919E+00 1.12914906E+00 1.12914891E+00 1.12914871E+00 1.12914854E+00 1.12914846E+00 1.12914850E+00 1.12914867E+00 1.12914895E+00 1.12914937E+00 1.12914994E+00 1.12915065E+00 1.12915153E+00 1.12915259E+00 1.12915383E+00 1.12915528E+00 1.12915694E+00 1.12915883E+00 1.12916098E+00 1.12916339E+00 1.12916609E+00 1.12916910E+00 1.12917243E+00 1.12917611E+00 1.12918016E+00 1.12918457E+00 1.12918938E+00 1.12919457E+00 1.12920016E+00 1.12920613E+00 1.12921247E+00 1.12921914E+00 1.12922610E+00 1.12923327E+00 1.12924058E+00 1.12924790E+00 1.12925510E+00 1.12926196E+00 1.12926829E+00 1.12927375E+00 1.12927807E+00 1.12928073E+00 1.12928136E+00 1.12927921E+00 1.12927372E+00 1.12926393E+00 1.12924905E+00 1.12922770E+00 1.12919886E+00 1.12916068E+00 1.12911181E+00 1.12904980E+00 1.12897290E+00 1.12887790E+00 1.12876254E+00 1.12862278E+00 1.12845569E+00 1.12825606E+00 1.12802036E+00 1.12774206E+00 1.12741669E+00 1.12703634E+00 1.12659554E+00 1.12608457E+00 1.12549682E+00 1.12482082E+00 1.12404881E+00 1.12316683E+00 1.12216610E+00 1.12103006E+00 1.11974824E+00 1.11830312E+00 1.11668234E+00 1.11486408E+00 1.11283555E+00 1.11057392E+00 1.10806380E+00 1.10530402E+00 1.10225882E+00 1.09923092E+00 1.09593590E+00 1.09278002E+00 1.08938814E+00 1.08618222E+00 1.08277487E+00 1.07958468E+00 1.07622272E+00 1.07310160E+00 1.06984054E+00 1.06683498E+00 1.06371252E+00 1.06085163E+00 1.05789560E+00 1.05520183E+00 1.05243180E+00 1.04991778E+00 1.04734305E+00 1.04501510E+00 1.04263828E+00 1.04049496E+00 1.03831374E+00 1.03620019E+00 1.03405254E+00 1.03187028E+00 1.02965345E+00 1.02740395E+00 1.02512226E+00 1.02280776E+00 1.02046139E+00 1.01809045E+00 1.01569585E+00 1.01326463E+00 1.01080504E+00 1.00842420E+00 1.00615896E+00 1.00345684E+00 1.00000000E+00
1.12799984E+00 1.12799983E+00 1.12800368E+00 1.12800822E+00 1.12801128E+00 1.12801205E+00 1.12801170E+00 1.12801132E+00 1.12801109E+00 1.12801101E+00 1.12801090E+00 1.12801074E+00 1.12801060E+00 1.12801055E+00 1.12801062E+00 1.12801080E+00 1.12801110E+00 1.12801154E+00 1.12801211E+00 1.12801283E+00 1.12801371E+00 1.12801476E+00 1.12801599E+00 1.12801742E+00 1.12801906E+00 1.12802093E+00 1.12802305E+00 1.12802544E+00 1.12802811E+00 1.12803108E+00 1.12803437E+00 1.12803802E+00 1.12804201E+00 1.12804639E+00 1.12805115E+00 1.12805630E+00 1.12806184E+00 1.12806777E+00 1.12807407E+00 1.12808070E+00 1.12808764E+00 1.12809479E+00 1.12810210E+00 1.12810943E+00 1.12811666E+00 1.12812358E+00 1.12812999E+00 1.12813557E+00 1.12814005E+00 1.12814293E+00 1.12814383E+00 1.12814203E+00 1.12813696E+00 1.12812769E+00 1.12811343E+00 1.12809282E+00 1.12806487E+00 1.12802775E+00 1.12798011E+00 1.12791954E+00 1.12784430E+00 1.12775123E+00 1.12763807E+00 1.12750084E+00 1.12733663E+00 1.12714027E+00 1.12690827E+00 1.12663415E+00 1.12631347E+00 1.12593836E+00 1.12550341E+00 1.12499894E+00 1.12441840E+00 1.12375034E+00 1.12298708E+00 1.12211470E+00 1.12112451E+00 1.12000000E+00 1.11873068E+00 1.11729907E+00 1.11569296E+00 1.11389055E+00 1.11187906E+00 1.10963575E+00 1.10714539E+00 1.10440657E+00 1.10138387E+00 1.09837757E+00 1.09510561E+00 1.09197139E+00 1.08860249E+00 1.08541796E+00 1.08203328E+00 1.07886434E+00 1.07552496E+00 1.07242466E+00 1.06918538E+00 1.06620030E+00 1.06309957E+00 1.06025900E+00 1.05732444E+00 1.05465065E+00 1.05190177E+00 1.04940752E+00 1.04685376E+00 1.04454547E+00 1.04218930E+00 1.04006525E+00 1.03790435E+00 1.03581129E+00 1.03368532E+00 1.03152597E+00 1.02933347E+00 1.02711002E+00 1.02485601E+00 1.02257111E+00 1.02025675E+00 1.01792073E+00 1.01556192E+00 1.01316730E+00 1.01074688E+00 1.00840479E+00 1.00616892E+00 1.00347280E+00 1.00000000E+00
1.12776726E+00 1.12776768E+00 1.12777170E+00 1.12777609E+00 1.12777891E+00 1.12777954E+00 1.12777915E+00 1.12777878E+00 1.12777856E+00 1.12777847E+00 1.12777835E+00 1.12777819E+00 1.12777804E+00 1.12777800E+00 1.12777806E+00 1.12777824E+00 1.12777855E+00 1.12777897E+00 1.12777954E+00 1.12778025E+00 1.12778113E+00 1.12778217E+00 1.12778339E+00 1.12778481E+00 1.12778644E+00 1.12778830E+00 1.12779041E+00 1.12779278E+00 1.12779543E+00 1.12779839E+00 1.12780167E+00 1.12780529E+00 1.12780928E+00 1.12781364E+00 1.12781838E+00 1.12782353E+00 1.12782906E+00 1.12783499E+00 1.12784129E+00 1.12784794E+00 1.12785489E+00 1.12786208E+00 1.12786943E+00 1.12787682E+00 1.12788414E+00 1.12789116E+00 1.12789770E+00 1.12790344E+00 1.12790812E+00 1.12791125E+00 1.12791244E+00 1.12791099E+00 1.12790634E+00 1.12789756E+00 1.12788389E+00 1.12786396E+00 1.12783680E+00 1.12780060E+00 1.12775401E+00 1.12769466E+00 1.12762081E+00 1.12752932E+00 1.12741796E+00 1.12728276E+00 1.12712084E+00 1.12692707E+00 1.12669795E+00 1.12642706E+00 1.12610996E+00 1.12573882E+00 1.12530825E+00 1.12480862E+00 1.12423338E+00 1.12357112E+00 1.12281417E+00 1.12194866E+00 1.12096591E+00 1.11984942E+00 1.11858868E+00 1.11716625E+00 1.11556998E+00 1.11377802E+00 1.11177761E+00 1.10954603E+00 1.10706810E+00 1.10434225E+00 1.10133316E+00 1.09833963E+00 1.09508104E+00 1.09195914E+00 1.08860296E+00 1.08543001E+00 1.08205734E+00 1.07889944E+00 1.07557137E+00 1.07248103E+00 1.06925200E+00 1.06627639E+00 1.06318535E+00 1.06035345E+00 1.05742768E+00 1.05476175E+00 1.05202082E+00 1.04953362E+00 1.04698690E+00 1.04468471E+00 1.04233450E+00 1.04021567E+00 1.03805979E+00 1.03597131E+00 1.03384948E+00 1.03169371E+00 1.02950438E+00 1.02728356E+00 1.02503097E+00 1.02274609E+00 1.02043039E+00 1.01809111E+00 1.01572504E+00 1.01331859E+00 1.01088218E+00 1.00851656E+00 1.00624801E+00 1.00351316E+00 1.00000000E+00
1.12808343E+00 1.12808430E+00 1.12808859E+00 1.12809320E+00 1.12809622E+00 1.12809699E+00 1.12809669E+00 1.12809637E+00 1.12809617E+00 1.12809610E+00 1.12809600E+00 1.12809583E+00 1.12809569E+00 1.12809564E+00 1.12809570E+00 1.12809587E+00 1.12809616E+00 1.12809658E+00 1.12809714E+00 1.12809784E+00 1.12809870E+00 1.12809974E+00 1.12810095E+00 1.12810237E+00 1.12810399E+00 1.12810584E+00 1.12810794E+00 1.12811031E+00 1.12811296E+00 1.12811592E+00 1.12811920E+00 1.12812283E+00 1.12812682E+00 1.12813119E+00 1.12813595E+00 1.12814112E+00 1.12814669E+00 1.12815265E+00 1.12815900E+00 1.12816570E+00 1.12817272E+00 1.12818000E+00 1.12818745E+00 1.12819497E+00 1.12820243E+00 1.12820963E+00 1.12821638E+00 1.12822237E+00 1.12822733E+00 1.12823079E+00 1.12823237E+00 1.12823136E+00 1.12822722E+00 1.12821904E+00 1.12820604E+00 1.12818689E+00 1.12816061E+00 1.12812540E+00 1.12807994E+00 1.12802186E+00 1.12794943E+00 1.12785953E+00 1.12774994E+00 1.12761672E+00 1.12745700E+00 1.12726565E+00 1.12703921E+00 1.12677125E+00 1.12645735E+00 1.12608970E+00 1.12566290E+00 1.12516735E+00 1.12459651E+00 1.12393894E+00 1.12318701E+00 1.12232682E+00 1.12134969E+00 1.12023909E+00 1.11898447E+00 1.11756837E+00 1.11597866E+00 1.11419340E+00 1.11219977E+00 1.10997502E+00 1.10750387E+00 1.10478459E+00 1.10178180E+00 1.09879351E+00 1.09553980E+00 1.09242167E+00 1.08906866E+00 1.08589788E+00 1.08252675E+00 1.07936957E+00 1.07604129E+00 1.07294975E+00 1.06971885E+00 1.06674092E+00 1.06364661E+00 1.06081085E+00 1.05788030E+00 1.05520934E+00 1.05246240E+00 1.04996896E+00 1.04741498E+00 1.04510538E+00 1.04274684E+00 1.04061985E+00 1.03845484E+00 1.03635669E+00 1.03422399E+00 1.03205608E+00 1.02985343E+00 1.02761796E+00 1.02534881E+00 1.02304532E+00 1.02070906E+00 1.01834684E+00 1.01595430E+00 1.01351774E+00 1.01104817E+00 1.00864464E+00 1.00633375E+00 1.00355562E+00 1.00000000E+00
1.12871544E+00 1.12871873E+00 1.12872445E+00 1.12872944E+00 1.12873235E+00 1.12873311E+00 1.12873289E+00 1.12873271E+00 1.12873262E+00 1.12873258E+00 1.12873247E+00 1.12873231E+00 1.12873217E+00 1.12873213E+00 1.12873219E+00 1.12873236E+00 1.12873265E+00 1.12873307E+00 1.12873362E+00 1.12873433E+00 1.12873519E+00 1.12873622E+00 1.12873744E+00 1.12873885E+00 1.12874048E+00 1.12874233E+00 1.12874444E+00 1.12874682E+00 1.12874948E+00 1.12875245E+00 1.12875575E+00 1.12875941E+00 1.12876343E+00 1.12876784E+00 1.12877264E+00 1.12877786E+00 1.12878349E+00 1.12878953E+00 1.12879597E+00 1.12880278E+00 1.12880993E+00 1.12881735E+00 1.12882498E+00 1.12883270E+00 1.12884039E+00 1.12884786E+00 1.12885491E+00 1.12886126E+00 1.12886662E+00 1.12887054E+00 1.12887264E+00 1.12887223E+00 1.12886876E+00 1.12886133E+00 1.12884919E+00 1.12883099E+00 1.12880577E+00 1.12877176E+00 1.12872761E+00 1.12867098E+00 1.12860017E+00 1.12851204E+00 1.12840438E+00 1.12827328E+00 1.12811586E+00 1.12792702E+00 1.12770328E+00 1.12743822E+00 1.12712742E+00 1.12676305E+00 1.12633974E+00 1.12584785E+00 1.12528083E+00 1.12462722E+00 1.12387937E+00 1.12302333E+00 1.12205039E+00 1.12094393E+00 1.11969336E+00 1.11828114E+00 1.11669509E+00 1.11491309E+00 1.11292223E+00 1.11069962E+00 1.10822982E+00 1.10551083E+00 1.10250711E+00 1.09951664E+00 1.09625931E+00 1.09313649E+00 1.08977723E+00 1.08659946E+00 1.08321973E+00 1.08005346E+00 1.07671432E+00 1.07361149E+00 1.07036791E+00 1.06737738E+00 1.06426886E+00 1.06141902E+00 1.05847300E+00 1.05578711E+00 1.05302383E+00 1.05051466E+00 1.04794363E+00 1.04561774E+00 1.04324183E+00 1.04109853E+00 1.03891613E+00 1.03680034E+00 1.03464880E+00 1.03246081E+00 1.03023700E+00 1.02797912E+00 1.02568593E+00 1.02335673E+00 1.02099325E+00 1.01860206E+00 1.01617811E+00 1.01370787E+00 1.01120291E+00 1.00876137E+00 1.00641060E+00 1.00359342E+00 1.00000000E+00
1.12952394E+00 1.12953114E+00 1.12953871E+00 1.12954379E+00 1.12954626E+00 1.12954693E+00 1.12954688E+00 1.12954693E+00 1.12954696E+00 1.12954692E+00 1.12954677E+00 1.12954658E+00 1.12954643E+00 1.12954639E+00 1.12954645E+00 1.12954662E+00 1.12954691E+00 1.12954732E+00 1.12954788E+00 1.12954859E+00 1.12954945E+00 1.12955049E+00 1.12955171E+00 1.12955314E+00 1.12955477E+00 1.12955665E+00 1.12955877E+00 1.12956117E+00 1.12956386E+00 1.12956686E+00 1.12957020E+00 1.12957390E+00 1.12957798E+00 1.12958246E+00 1.12958734E+00 1.12959265E+00 1.12959839E+00 1.12960455E+00 1.12961114E+00 1.12961812E+00 1.12962546E+00 1.12963310E+00 1.12964099E+00 1.12964900E+00 1.12965703E+00 1.12966487E+00 1.12967236E+00 1.12967919E+00 1.12968510E+00 1.12968964E+00 1.12969244E+00 1.12969280E+00 1.12969019E+00 1.12968373E+00 1.12967265E+00 1.12965563E+00 1.12963172E+00 1.12959913E+00 1.12955655E+00 1.12950162E+00 1.12943266E+00 1.12934652E+00 1.12924102E+00 1.12911222E+00 1.12895728E+00 1.12877106E+00 1.12855009E+00 1.12828794E+00 1.12798016E+00 1.12761891E+00 1.12719879E+00 1.12671013E+00 1.12614635E+00 1.12549591E+00 1.12475116E+00 1.12389801E+00 1.12292772E+00 1.12182354E+00 1.12057480E+00 1.11916384E+00 1.11757834E+00 1.11579597E+00 1.11380370E+00 1.11157839E+00 1.10910441E+00 1.10637946E+00 1.10336776E+00 1.10036800E+00 1.09709919E+00 1.09396402E+00 1.09059027E+00 1.08739768E+00 1.08400100E+00 1.08081779E+00 1.07745958E+00 1.07433795E+00 1.07107390E+00 1.06806362E+00 1.06493360E+00 1.06206314E+00 1.05909503E+00 1.05638837E+00 1.05360288E+00 1.05107283E+00 1.04847967E+00 1.04613312E+00 1.04373558E+00 1.04157232E+00 1.03936902E+00 1.03723244E+00 1.03505912E+00 1.03284839E+00 1.03060100E+00 1.02831860E+00 1.02599967E+00 1.02364356E+00 1.02125216E+00 1.01883190E+00 1.01637730E+00 1.01387510E+00 1.01133734E+00 1.00886159E+00 1.00647604E+00 1.00362551E+00 1.00000000E+00
1.12114536E+00 1.12113818E+00 1.12113643E+00 1.12113753E+00 1.12113841E+00 1.12113736E+00 1.12113527E+00 1.12113315E+00 1.12113136E+00 1.12113001E+00 1.12112889E+00 1.12112787E+00 1.12112699E+00 1.12112628E+00 1.12112577E+00 1.12112545E+00 1.12112532E+00 1.12112536E+00 1.12112558E+00 1.12112598E+00 1.12112657E+00 1.12112735E+00 1.12112832E+00 1.12112951E+00 1.12113091E+00 1.12113255E+00 1.12113443E+00 1.12113658E+00 1.12113901E+00 1.12114174E+00 1.12114478E+00 1.12114817E+00 1.12115191E+00 1.12115601E+00 1.12116049E+00 1.12116537E+00 1.12117064E+00 1.12117629E+00 1.12118231E+00 1.12118869E+00 1.12119538E+00 1.12120231E+00 1.12120943E+00 1.12121662E+00 1.12122377E+00 1.12123067E+00 1.12123716E+00 1.12124293E+00 1.12124772E+00 1.12125108E+00 1.12125265E+00 1.12125173E+00 1.12124782E+00 1.12124000E+00 1.12122756E+00 1.12120918E+00 1.12118392E+00 1.12115003E+00 1.12110623E+00 1.12105020E+00 1.12098029E+00 1.12089343E+00 1.12078745E+00 1.12065851E+00 1.12050381E+00 1.12031833E+00 1.12009871E+00 1.11983863E+00 1.11953376E+00 1.11917645E+00 1.11876141E+00 1.11827919E+00 1.11772346E+00 1.11708292E+00 1.11635014E+00 1.11551138E+00 1.11455819E+00 1.11347425E+00 1.11224911E+00 1.11086584E+00 1.10931265E+00 1.10756758E+00 1.10561801E+00 1.10344176E+00 1.10102381E+00 1.09836284E+00 1.09542465E+00 1.09249989E+00 1.08931598E+00 1.08626542E+00 1.08298536E+00 1.07988334E+00 1.07658664E+00 1.07350209E+00 1.07025304E+00 1.06723471E+00 1.06408195E+00 1.06117962E+00 1.05816653E+00 1.05540801E+00 1.05256085E+00 1.04996861E+00 1.04730632E+00 1.04489301E+00 1.04242544E+00 1.04019876E+00 1.03792890E+00 1.03588497E+00 1.03380890E+00 1.03180268E+00 1.02977010E+00 1.02771047E+00 1.02562438E+00 1.02351727E+00 1.02139047E+00 1.01924156E+00 1.01707813E+00 1.01492287E+00 1.01277465E+00 1.01060800E+00 1.00846714E+00 1.00654137E+00 1.00479229E+00 1.00269150E+00 1.00000000E+00
1.10767930E+00 1.10767268E+00 1.10767278E+00 1.10767502E+00 1.10767660E+00 1.10767602E+00 1.10767444E+00 1.10767295E+00 1.10767186E+00 1.10767121E+00 1.10767072E+00 1.10767027E+00 1.10766987E+00 1.10766959E+00 1.10766944E+00 1.10766942E+00 1.10766953E+00 1.10766975E+00 1.10767009E+00 1.10767056E+00 1.10767115E+00 1.10767190E+00 1.10767278E+00 1.10767384E+00 1.10767506E+00 1.10767648E+00 1.10767809E+00 1.10767993E+00 1.10768201E+00 1.10768435E+00 1.10768697E+00 1.10768989E+00 1.10769312E+00 1.10769669E+00 1.10770061E+00 1.10770491E+00 1.10770958E+00 1.10771463E+00 1.10772006E+00 1.10772587E+00 1.10773203E+00 1.10773848E+00 1.10774520E+00 1.10775212E+00 1.10775913E+00 1.10776610E+00 1.10777289E+00 1.10777925E+00 1.10778499E+00 1.10778973E+00 1.10779318E+00 1.10779482E+00 1.10779416E+00 1.10779045E+00 1.10778309E+00 1.10777098E+00 1.10775330E+00 1.10772858E+00 1.10769569E+00 1.10765261E+00 1.10759790E+00 1.10752884E+00 1.10744350E+00 1.10733849E+00 1.10721133E+00 1.10705748E+00 1.10687398E+00 1.10665518E+00 1.10639706E+00 1.10609249E+00 1.10573666E+00 1.10532092E+00 1.10483966E+00 1.10428205E+00 1.10364118E+00 1.10290434E+00 1.10206386E+00 1.10110432E+00 1.10001543E+00 1.09878080E+00 1.09739028E+00 1.09582295E+00 1.09406604E+00 1.09209778E+00 1.08990528E+00 1.08748650E+00 1.08481005E+00 1.08213727E+00 1.07922300E+00 1.07642825E+00 1.07341916E+00 1.07056607E+00 1.06753195E+00 1.06469709E+00 1.06171290E+00 1.05893497E+00 1.05603076E+00 1.05335952E+00 1.05058915E+00 1.04805574E+00 1.04544429E+00 1.04306887E+00 1.04063227E+00 1.03842688E+00 1.03617702E+00 1.03415214E+00 1.03209234E+00 1.03024087E+00 1.02836515E+00 1.02656020E+00 1.02473789E+00 1.02289689E+00 1.02104091E+00 1.01917950E+00 1.01731237E+00 1.01544101E+00 1.01358290E+00 1.01176640E+00 1.00995996E+00 1.00815752E+00 1.00646216E+00 1.00505022E+00 1.00383505E+00 1.00224289E+00 1.00000000E+00
1.09941224E+00 1.09940240E+00 1.09939898E+00 1.09939966E+00 1.09940131E+00 1.09940160E+00 1.09940085E+00 1.09939958E+00 1.09939839E+00 1.09939763E+00 1.09939714E+00 1.09939679E+00 1.09939651E+00 1.09939628E+00 1.09939614E+00 1.09939612E+00 1.09939620E+00 1.09939639E+00 1.09939668E+00 1.09939708E+00 1.09939758E+00 1.09939821E+00 1.09939896E+00 1.09939986E+00 1.09940090E+00 1.09940211E+00 1.09940349E+00 1.09940508E+00 1.09940688E+00 1.09940892E+00 1.09941120E+00 1.09941376E+00 1.09941662E+00 1.09941979E+00 1.09942329E+00 1.09942715E+00 1.09943138E+00 1.09943598E+00 1.09944096E+00 1.09944634E+00 1.09945210E+00 1.09945819E+00 1.09946461E+00 1.09947131E+00 1.09947822E+00 1.09948523E+00 1.09949223E+00 1.09949905E+00 1.09950551E+00 1.09951129E+00 1.09951621E+00 1.09951981E+00 1.09952167E+00 1.09952116E+00 1.09951777E+00 1.09951057E+00 1.09949886E+00 1.09948139E+00 1.09945716E+00 1.09942439E+00 1.09938185E+00 1.09932709E+00 1.09925838E+00 1.09917273E+00 1.09906792E+00 1.09893985E+00 1.09878593E+00 1.09860108E+00 1.09838153E+00 1.09812053E+00 1.09781376E+00 1.09745343E+00 1.09703441E+00 1.09654633E+00 1.09598274E+00 1.09533186E+00 1.09458664E+00 1.09373235E+00 1.09275888E+00 1.09165077E+00 1.09039888E+00 1.08898286E+00 1.08738983E+00 1.08559856E+00 1.08359776E+00 1.08138504E+00 1.07893014E+00 1.07647023E+00 1.07378286E+00 1.07120178E+00 1.06841615E+00 1.06576611E+00 1.06294600E+00 1.06031537E+00 1.05754260E+00 1.05495096E+00 1.05223835E+00 1.04974482E+00 1.04715794E+00 1.04479126E+00 1.04235170E+00 1.04013273E+00 1.03785596E+00 1.03579594E+00 1.03369455E+00 1.03180353E+00 1.02988073E+00 1.02815383E+00 1.02640578E+00 1.02472724E+00 1.02303285E+00 1.02132148E+00 1.01960128E+00 1.01788528E+00 1.01616821E+00 1.01445186E+00 1.01275441E+00 1.01109020E+00 1.00942185E+00 1.00778576E+00 1.00628953E+00 1.00500568E+00 1.00382551E+00 1.00223896E+00 1.00000000E+00
1.09443905E+00 1.09442795E+00 1.09441885E+00 1.09441368E+00 1.09441133E+00 1.09441089E+00 1.09441130E+00 1.09441131E+00 1.09441081E+00 1.09440994E+00 1.09440910E+00 1.09440859E+00 1.09440831E+00 1.09440812E+00 1.09440799E+00 1.09440791E+00 1.09440792E+00 1.09440803E+00 1.09440824E+00 1.09440855E+00 1.09440895E+00 1.09440946E+00 1.09441009E+00 1.09441085E+00 1.09441174E+00 1.09441278E+00 1.09441399E+00 1.09441538E+00 1.09441696E+00 1.09441876E+00 1.09442079E+00 1.09442309E+00 1.09442566E+00 1.09442853E+00 1.09443171E+00 1.09443525E+00 1.09443915E+00 1.09444342E+00 1.09444808E+00 1.09445316E+00 1.09445863E+00 1.09446448E+00 1.09447070E+00 1.09447728E+00 1.09448417E+00 1.09449129E+00 1.09449855E+00 1.09450581E+00 1.09451294E+00 1.09451969E+00 1.09452592E+00 1.09453125E+00 1.09453533E+00 1.09453760E+00 1.09453766E+00 1.09453469E+00 1.09452814E+00 1.09451690E+00 1.09450011E+00 1.09447621E+00 1.09444413E+00 1.09440165E+00 1.09434721E+00 1.09427818E+00 1.09419258E+00 1.09408669E+00 1.09395823E+00 1.09380264E+00 1.09361631E+00 1.09339283E+00 1.09312831E+00 1.09281577E+00 1.09245047E+00 1.09202241E+00 1.09152558E+00 1.09094902E+00 1.09028602E+00 1.08952228E+00 1.08864819E+00 1.08764926E+00 1.08651679E+00 1.08523041E+00 1.08377739E+00 1.08213733E+00 1.08029961E+00 1.07826057E+00 1.07599146E+00 1.07371019E+00 1.07121092E+00 1.06880292E+00 1.06619585E+00 1.06370747E+00 1.06105707E+00 1.05858647E+00 1.05597369E+00 1.05351895E+00 1.05094688E+00 1.04858318E+00 1.04612693E+00 1.04387579E+00 1.04155360E+00 1.03944038E+00 1.03726906E+00 1.03530316E+00 1.03329575E+00 1.03148744E+00 1.02964850E+00 1.02799762E+00 1.02632608E+00 1.02472102E+00 1.02309898E+00 1.02145864E+00 1.01981175E+00 1.01817148E+00 1.01652699E+00 1.01487853E+00 1.01324604E+00 1.01163036E+00 1.00998992E+00 1.00837817E+00 1.00689470E+00 1.00554768E+00 1.00421905E+00 1.00244312E+00 1.00000000E+00
1.09158015E+00 1.09155843E+00 1.09154357E+00 1.09153314E+00 1.09152362E+00 1.09151433E+00 1.09150752E+00 1.09150464E+00 1.09150445E+00 1.09150479E+00 1.09150481E+00 1.09150426E+00 1.09150374E+00 1.09150359E+00 1.09150367E+00 1.09150381E+00 1.09150395E+00 1.09150411E+00 1.09150432E+00 1.09150461E+00 1.09150498E+00 1.09150543E+00 1.09150598E+00 1.09150663E+00 1.09150741E+00 1.09150832E+00 1.09150938E+00 1.09151061E+00 1.09151202E+00 1.09151363E+00 1.09151546E+00 1.09151755E+00 1.09151990E+00 1.09152253E+00 1.09152547E+00 1.09152877E+00 1.09153243E+00 1.09153646E+00 1.09154088E+00 1.09154575E+00 1.09155103E+00 1.09155673E+00 1.09156285E+00 1.09156942E+00 1.09157638E+00 1.09158368E+00 1.09159127E+00 1.09159904E+00 1.09160689E+00 1.09161462E+00 1.09162214E+00 1.09162916E+00 1.09163535E+00 1.09164025E+00 1.09164353E+00 1.09164452E+00 1.09164273E+00 1.09163725E+00 1.09162728E+00 1.09161150E+00 1.09158895E+00 1.09155760E+00 1.09151608E+00 1.09146208E+00 1.09139384E+00 1.09130798E+00 1.09120250E+00 1.09107324E+00 1.09091677E+00 1.09072695E+00 1.09050023E+00 1.09023037E+00 1.08991303E+00 1.08953857E+00 1.08910138E+00 1.08859109E+00 1.08800098E+00 1.08731697E+00 1.08653047E+00 1.08562814E+00 1.08460074E+00 1.08342740E+00 1.08209606E+00 1.08058726E+00 1.07888988E+00 1.07699810E+00 1.07488551E+00 1.07275481E+00 1.07041071E+00 1.06814114E+00 1.06567550E+00 1.06331541E+00 1.06079792E+00 1.05844966E+00 1.05595511E+00 1.05359915E+00 1.05112813E+00 1.04885747E+00 1.04649273E+00 1.04432028E+00 1.04207663E+00 1.04003314E+00 1.03792978E+00 1.03602309E+00 1.03407358E+00 1.03231445E+00 1.03052450E+00 1.02891764E+00 1.02728880E+00 1.02572154E+00 1.02413385E+00 1.02252396E+00 1.02090558E+00 1.01928942E+00 1.01765982E+00 1.01601555E+00 1.01437731E+00 1.01273445E+00 1.01104075E+00 1.00935675E+00 1.00777786E+00 1.00627883E+00 1.00473684E+00 1.00271158E+00 1.00000000E+00
1.09003624E+00 1.09002003E+00 1.09000734E+00 1.09000166E+00 1.09000067E+00 1.09000099E+00 1.09000126E+00 1.09000097E+00 1.09000091E+00 1.09000137E+00 1.09000211E+00 1.09000282E+00 1.09000343E+00 1.09000394E+00 1.09000440E+00 1.09000483E+00 1.09000524E+00 1.09000563E+00 1.09000601E+00 1.09000641E+00 1.09000684E+00 1.09000733E+00 1.09000787E+00 1.09000850E+00 1.09000923E+00 1.09001007E+00 1.09001103E+00 1.09001216E+00 1.09001345E+00 1.09001492E+00 1.09001660E+00 1.09001852E+00 1.09002070E+00 1.09002316E+00 1.09002592E+00 1.09002903E+00 1.09003251E+00 1.09003636E+00 1.09004063E+00 1.09004536E+00 1.09005054E+00 1.09005618E+00 1.09006229E+00 1.09006892E+00 1.09007605E+00 1.09008362E+00 1.09009162E+00 1.09009998E+00 1.09010863E+00 1.09011742E+00 1.09012630E+00 1.09013504E+00 1.09014335E+00 1.09015086E+00 1.09015733E+00 1.09016222E+00 1.09016509E+00 1.09016516E+00 1.09016176E+00 1.09015375E+00 1.09014029E+00 1.09011946E+00 1.09009010E+00 1.09005026E+00 1.08999838E+00 1.08993136E+00 1.08984741E+00 1.08974272E+00 1.08961405E+00 1.08945551E+00 1.08926376E+00 1.08903315E+00 1.08875989E+00 1.08843484E+00 1.08805253E+00 1.08760297E+00 1.08707906E+00 1.08646679E+00 1.08575931E+00 1.08494443E+00 1.08401133E+00 1.08293833E+00 1.08171449E+00 1.08032109E+00 1.07874558E+00 1.07697973E+00 1.07499982E+00 1.07299587E+00 1.07077910E+00 1.06862001E+00 1.06626657E+00 1.06400829E+00 1.06159409E+00 1.05933790E+00 1.05692957E+00 1.05464407E+00 1.05224485E+00 1.05004031E+00 1.04773924E+00 1.04561918E+00 1.04342642E+00 1.04142735E+00 1.03936581E+00 1.03749342E+00 1.03557552E+00 1.03384071E+00 1.03207313E+00 1.03048491E+00 1.02887118E+00 1.02731235E+00 1.02572701E+00 1.02411290E+00 1.02248459E+00 1.02084953E+00 1.01918829E+00 1.01749877E+00 1.01580216E+00 1.01407982E+00 1.01228192E+00 1.01047282E+00 1.00874641E+00 1.00705892E+00 1.00528416E+00 1.00299533E+00 1.00000000E+00
1.12311774E+00 1.12311278E+00 1.12311285E+00 1.12311485E+00 1.12311613E+00 1.12311536E+00 1.12311360E+00 1.12311188E+00 1.12311049E+00 1.12310945E+00 1.12310858E+00 1.12310776E+00 1.12310705E+00 1.12310650E+00 1.12310613E+00 1.12310593E+00 1.12310591E+00 1.12310604E+00 1.12310635E+00 1.12310683E+00 1.12310749E+00 1.12310834E+00 1.12310938E+00 1.12311063E+00 1.12311210E+00 1.12311380E+00 1.12311575E+00 1.12311796E+00 1.12312046E+00 1.12312326E+00 1.12312637E+00 1.12312983E+00 1.12313364E+00 1.12313783E+00 1.12314239E+00 1.12314734E+00 1.12315269E+00 1.12315842E+00 1.12316452E+00 1.12317097E+00 1.12317773E+00 1.12318472E+00 1.12319190E+00 1.12319912E+00 1.12320628E+00 1.12321318E+00 1.12321963E+00 1.12322533E+00 1.12323001E+00 1.12323321E+00 1.12323455E+00 1.12323335E+00 1.12322905E+00 1.12322076E+00 1.12320773E+00 1.12318863E+00 1.12316251E+00 1.12312758E+00 1.12308255E+00 1.12302507E+00 1.12295346E+00 1.12286460E+00 1.12275633E+00 1.12262475E+00 1.12246702E+00 1.12227808E+00 1.12205451E+00 1.12178995E+00 1.12148004E+00 1.12111707E+00 1.12069569E+00 1.12020639E+00 1.11964277E+00 1.11899346E+00 1.11825101E+00 1.11740156E+00 1.11643662E+00 1.11533980E+00 1.11410061E+00 1.11270200E+00 1.11113208E+00 1.10936886E+00 1.10739968E+00 1.10520227E+00 1.10276149E+00 1.10007599E+00 1.09711124E+00 1.09416087E+00 1.09094951E+00 1.08787284E+00 1.08456503E+00 1.08143738E+00 1.07811348E+00 1.07500282E+00 1.07172589E+00 1.06868219E+00 1.06550287E+00 1.06257535E+00 1.05953556E+00 1.05675202E+00 1.05387829E+00 1.05126127E+00 1.04857282E+00 1.04613511E+00 1.04364169E+00 1.04139054E+00 1.03909481E+00 1.03702691E+00 1.03492560E+00 1.03289363E+00 1.03083352E+00 1.02874463E+00 1.02662729E+00 1.02448609E+00 1.02232250E+00 1.02013479E+00 1.01792828E+00 1.01572131E+00 1.01351478E+00 1.01128584E+00 1.00907186E+00 1.00704773E+00 1.00516908E+00 1.00289362E+00 1.00000000E+00
1.11278369E+00 1.11277683E+00 1.11277612E+00 1.11277839E+00 1.11278043E+00 1.11278035E+00 1.11277911E+00 1.11277775E+00 1.11277669E+00 1.11277606E+00 1.11277561E+00 1.11277517E+00 1.11277480E+00 1.11277453E+00 1.11277439E+00 1.11277439E+00 1.11277451E+00 1.11277476E+00 1.11277513E+00 1.11277564E+00 1.11277630E+00 1.11277710E+00 1.11277806E+00 1.11277920E+00 1.11278051E+00 1.11278203E+00 1.11278376E+00 1.11278573E+00 1.11278795E+00 1.11279044E+00 1.11279322E+00 1.11279631E+00 1.11279973E+00 1.11280350E+00 1.11280763E+00 1.11281214E+00 1.11281703E+00 1.11282231E+00 1.11282797E+00 1.11283399E+00 1.11284036E+00 1.11284701E+00 1.11285391E+00 1.11286097E+00 1.11286808E+00 1.11287509E+00 1.11288184E+00 1.11288809E+00 1.11289360E+00 1.11289797E+00 1.11290092E+00 1.11290182E+00 1.11290022E+00 1.11289530E+00 1.11288641E+00 1.11287240E+00 1.11285241E+00 1.11282487E+00 1.11278860E+00 1.11274149E+00 1.11268202E+00 1.11260736E+00 1.11251551E+00 1.11240291E+00 1.11226699E+00 1.11210307E+00 1.11190804E+00 1.11167600E+00 1.11140284E+00 1.11108127E+00 1.11070634E+00 1.11026912E+00 1.10976372E+00 1.10917914E+00 1.10850832E+00 1.10773824E+00 1.10686098E+00 1.10586074E+00 1.10472717E+00 1.10344370E+00 1.10199965E+00 1.10037362E+00 1.09855296E+00 1.09651601E+00 1.09424915E+00 1.09174999E+00 1.08898638E+00 1.08622996E+00 1.08322616E+00 1.08034560E+00 1.07724559E+00 1.07431019E+00 1.07118960E+00 1.06827102E+00 1.06519740E+00 1.06233906E+00 1.05935213E+00 1.05660408E+00 1.05375319E+00 1.05114496E+00 1.04845490E+00 1.04600711E+00 1.04349546E+00 1.04122128E+00 1.03889958E+00 1.03680778E+00 1.03467817E+00 1.03276325E+00 1.03082176E+00 1.02895035E+00 1.02705857E+00 1.02514584E+00 1.02321451E+00 1.02127205E+00 1.01931882E+00 1.01735594E+00 1.01539520E+00 1.01346007E+00 1.01153539E+00 1.00960974E+00 1.00775173E+00 1.00612552E+00 1.00462875E+00 1.00265913E+00 1.00000000E+00
1.10697317E+00 1.10696681E+00 1.10696542E+00 1.10696657E+00 1.10696780E+00 1.10696755E+00 1.10696646E+00 1.10696524E+00 1.10696425E+00 1.10696363E+00 1.10696319E+00 1.10696281E+00 1.10696249E+00 1.10696226E+00 1.10696215E+00 1.10696216E+00 1.10696228E+00 1.10696251E+00 1.10696285E+00 1.10696331E+00 1.10696390E+00 1.10696462E+00 1.10696548E+00 1.10696650E+00 1.10696768E+00 1.10696904E+00 1.10697060E+00 1.10697238E+00 1.10697438E+00 1.10697665E+00 1.10697918E+00 1.10698201E+00 1.10698515E+00 1.10698863E+00 1.10699246E+00 1.10699666E+00 1.10700124E+00 1.10700621E+00 1.10701156E+00 1.10701731E+00 1.10702343E+00 1.10702988E+00 1.10703662E+00 1.10704361E+00 1.10705075E+00 1.10705792E+00 1.10706499E+00 1.10707174E+00 1.10707798E+00 1.10708337E+00 1.10708767E+00 1.10709034E+00 1.10709096E+00 1.10708880E+00 1.10708332E+00 1.10707346E+00 1.10705849E+00 1.10703697E+00 1.10700784E+00 1.10696918E+00 1.10691961E+00 1.10685651E+00 1.10677804E+00 1.10668095E+00 1.10656287E+00 1.10641944E+00 1.10624782E+00 1.10604249E+00 1.10579952E+00 1.10551199E+00 1.10517529E+00 1.10478109E+00 1.10432378E+00 1.10379270E+00 1.10318121E+00 1.10247692E+00 1.10167234E+00 1.10075207E+00 1.09970588E+00 1.09851792E+00 1.09717814E+00 1.09566535E+00 1.09396703E+00 1.09206220E+00 1.08993811E+00 1.08759162E+00 1.08499167E+00 1.08239239E+00 1.07955559E+00 1.07683128E+00 1.07389501E+00 1.07111017E+00 1.06814806E+00 1.06537830E+00 1.06245837E+00 1.05973686E+00 1.05689149E+00 1.05427498E+00 1.05156022E+00 1.04907595E+00 1.04651368E+00 1.04418223E+00 1.04179014E+00 1.03962536E+00 1.03741599E+00 1.03542581E+00 1.03340034E+00 1.03158060E+00 1.02973699E+00 1.02796232E+00 1.02616870E+00 1.02435566E+00 1.02252789E+00 1.02069397E+00 1.01885012E+00 1.01699771E+00 1.01515085E+00 1.01332841E+00 1.01150450E+00 1.00967433E+00 1.00790651E+00 1.00631502E+00 1.00478179E+00 1.00273777E+00 1.00000000E+00
1.10408273E+00 1.10408353E+00 1.10407543E+00 1.10406721E+00 1.10406126E+00 1.10405894E+00 1.10405848E+00 1.10405832E+00 1.10405797E+00 1.10405715E+00 1.10405621E+00 1.10405541E+00 1.10405483E+00 1.10405444E+00 1.10405416E+00 1.10405397E+00 1.10405388E+00 1.10405391E+00 1.10405407E+00 1.10405436E+00 1.10405478E+00 1.10405533E+00 1.10405603E+00 1.10405689E+00 1.10405792E+00 1.10405912E+00 1.10406052E+00 1.10406213E+00 1.10406396E+00 1.10406604E+00 1.10406838E+00 1.10407101E+00 1.10407395E+00 1.10407722E+00 1.10408084E+00 1.10408483E+00 1.10408921E+00 1.10409399E+00 1.10409916E+00 1.10410476E+00 1.10411075E+00 1.10411712E+00 1.10412385E+00 1.10413089E+00 1.10413819E+00 1.10414563E+00 1.10415311E+00 1.10416046E+00 1.10416750E+00 1.10417395E+00 1.10417961E+00 1.10418400E+00 1.10418674E+00 1.10418720E+00 1.10418489E+00 1.10417888E+00 1.10416850E+00 1.10415247E+00 1.10412980E+00 1.10409874E+00 1.10405804E+00 1.10400526E+00 1.10393869E+00 1.10385534E+00 1.10375304E+00 1.10362771E+00 1.10347670E+00 1.10329482E+00 1.10307829E+00 1.10282050E+00 1.10251715E+00 1.10216038E+00 1.10174485E+00 1.10126012E+00 1.10069994E+00 1.10005241E+00 1.09931028E+00 1.09845839E+00 1.09748674E+00 1.09638002E+00 1.09512848E+00 1.09371085E+00 1.09211478E+00 1.09031990E+00 1.08831370E+00 1.08609187E+00 1.08362415E+00 1.08115062E+00 1.07844532E+00 1.07584154E+00 1.07302980E+00 1.07035821E+00 1.06751367E+00 1.06485225E+00 1.06204027E+00 1.05941214E+00 1.05666278E+00 1.05413462E+00 1.05150856E+00 1.04910254E+00 1.04661913E+00 1.04435832E+00 1.04203678E+00 1.03993488E+00 1.03778784E+00 1.03585163E+00 1.03387985E+00 1.03210803E+00 1.03031155E+00 1.02858053E+00 1.02682793E+00 1.02505271E+00 1.02326107E+00 1.02146057E+00 1.01964344E+00 1.01780920E+00 1.01597317E+00 1.01414854E+00 1.01230243E+00 1.01042984E+00 1.00859760E+00 1.00689154E+00 1.00518762E+00 1.00294301E+00 1.00000000E+00
1.10305225E+00 1.10303165E+00 1.10301350E+00 1.10300152E+00 1.10299392E+00 1.10298881E+00 1.10298535E+00 1.10298289E+00 1.10298134E+00 1.10298027E+00 1.10297949E+00 1.10297885E+00 1.10297841E+00 1.10297815E+00 1.10297803E+00 1.10297800E+00 1.10297803E+00 1.10297814E+00 1.10297835E+00 1.10297866E+00 1.10297908E+00 1.10297961E+00 1.10298027E+00 1.10298107E+00 1.10298202E+00 1.10298313E+00 1.10298443E+00 1.10298594E+00 1.10298765E+00 1.10298961E+00 1.10299182E+00 1.10299432E+00 1.10299713E+00 1.10300026E+00 1.10300374E+00 1.10300761E+00 1.10301187E+00 1.10301654E+00 1.10302164E+00 1.10302718E+00 1.10303317E+00 1.10303958E+00 1.10304641E+00 1.10305364E+00 1.10306123E+00 1.10306908E+00 1.10307711E+00 1.10308519E+00 1.10309317E+00 1.10310082E+00 1.10310796E+00 1.10311419E+00 1.10311915E+00 1.10312231E+00 1.10312322E+00 1.10312108E+00 1.10311527E+00 1.10310465E+00 1.10308829E+00 1.10306461E+00 1.10303246E+00 1.10298955E+00 1.10293429E+00 1.10286399E+00 1.10277658E+00 1.10266826E+00 1.10253654E+00 1.10237648E+00 1.10218445E+00 1.10195411E+00 1.10168138E+00 1.10135885E+00 1.10098137E+00 1.10053872E+00 1.10002493E+00 1.09942844E+00 1.09874204E+00 1.09795072E+00 1.09704483E+00 1.09600952E+00 1.09483484E+00 1.09349923E+00 1.09199060E+00 1.09028888E+00 1.08838123E+00 1.08626176E+00 1.08390101E+00 1.08152772E+00 1.07892459E+00 1.07641197E+00 1.07369277E+00 1.07110406E+00 1.06834325E+00 1.06575670E+00 1.06301629E+00 1.06044796E+00 1.05775914E+00 1.05528544E+00 1.05271153E+00 1.05034872E+00 1.04790673E+00 1.04568134E+00 1.04339260E+00 1.04131708E+00 1.03919314E+00 1.03727353E+00 1.03531544E+00 1.03355335E+00 1.03176282E+00 1.03003256E+00 1.02827511E+00 1.02648864E+00 1.02468020E+00 1.02285577E+00 1.02100452E+00 1.01912424E+00 1.01723111E+00 1.01533403E+00 1.01339563E+00 1.01141016E+00 1.00944403E+00 1.00756807E+00 1.00565487E+00 1.00317913E+00 1.00000000E+00
1.10312251E+00 1.10311390E+00 1.10310724E+00 1.10310298E+00 1.10310069E+00 1.10309946E+00 1.10309886E+00 1.10309854E+00 1.10309854E+00 1.10309874E+00 1.10309906E+00 1.10309938E+00 1.10309971E+00 1.10310002E+00 1.10310034E+00 1.10310066E+00 1.10310099E+00 1.10310135E+00 1.10310174E+00 1.10310219E+00 1.10310271E+00 1.10310331E+00 1.10310401E+00 1.10310483E+00 1.10310577E+00 1.10310687E+00 1.10310813E+00 1.10310958E+00 1.10311123E+00 1.10311312E+00 1.10311525E+00 1.10311767E+00 1.10312039E+00 1.10312345E+00 1.10312685E+00 1.10313066E+00 1.10313487E+00 1.10313951E+00 1.10314461E+00 1.10315020E+00 1.10315627E+00 1.10316283E+00 1.10316988E+00 1.10317743E+00 1.10318544E+00 1.10319385E+00 1.10320259E+00 1.10321157E+00 1.10322067E+00 1.10322970E+00 1.10323853E+00 1.10324680E+00 1.10325419E+00 1.10326025E+00 1.10326462E+00 1.10326657E+00 1.10326555E+00 1.10326052E+00 1.10325065E+00 1.10323449E+00 1.10321099E+00 1.10317798E+00 1.10313403E+00 1.10307669E+00 1.10300405E+00 1.10291247E+00 1.10279963E+00 1.10266079E+00 1.10249247E+00 1.10228855E+00 1.10204513E+00 1.10175514E+00 1.10141369E+00 1.10101072E+00 1.10054040E+00 1.09999136E+00 1.09935631E+00 1.09862025E+00 1.09777409E+00 1.09680326E+00 1.09569710E+00 1.09443360E+00 1.09300102E+00 1.09137923E+00 1.08955452E+00 1.08751940E+00 1.08524504E+00 1.08295108E+00 1.08042623E+00 1.07798128E+00 1.07532920E+00 1.07279911E+00 1.07009508E+00 1.06755673E+00 1.06485968E+00 1.06232535E+00 1.05966916E+00 1.05722261E+00 1.05467138E+00 1.05232334E+00 1.04989206E+00 1.04767273E+00 1.04538501E+00 1.04330499E+00 1.04117093E+00 1.03923661E+00 1.03725890E+00 1.03547505E+00 1.03365718E+00 1.03189421E+00 1.03009709E+00 1.02826346E+00 1.02640090E+00 1.02451400E+00 1.02258973E+00 1.02062479E+00 1.01863611E+00 1.01662958E+00 1.01456482E+00 1.01243567E+00 1.01030879E+00 1.00824658E+00 1.00611951E+00 1.00341376E+00 1.00000000E+00
1.12509842E+00 1.12509571E+00 1.12509749E+00 1.12510029E+00 1.12510191E+00 1.12510145E+00 1.12510005E+00 1.12509877E+00 1.12509777E+00 1.12509705E+00 1.12509640E+00 1.12509578E+00 1.12509525E+00 1.12509486E+00 1.12509464E+00 1.12509457E+00 1.12509465E+00 1.12509488E+00 1.12509528E+00 1.12509584E+00 1.12509658E+00 1.12509750E+00 1.12509861E+00 1.12509992E+00 1.12510145E+00 1.12510322E+00 1.12510523E+00 1.12510751E+00 1.12511007E+00 1.12511294E+00 1.12511613E+00 1.12511966E+00 1.12512355E+00 1.12512781E+00 1.12513245E+00 1.12513748E+00 1.12514291E+00 1.12514872E+00 1.12515490E+00 1.12516142E+00 1.12516825E+00 1.12517530E+00 1.12518252E+00 1.12518978E+00 1.12519695E+00 1.12520384E+00 1.12521025E+00 1.12521588E+00 1.12522044E+00 1.12522347E+00 1.12522458E+00 1.12522307E+00 1.12521839E+00 1.12520961E+00 1.12519598E+00 1.12517614E+00 1.12514913E+00 1.12511315E+00 1.12506686E+00 1.12500790E+00 1.12493456E+00 1.12484370E+00 1.12473310E+00 1.12459884E+00 1.12443805E+00 1.12424560E+00 1.12401805E+00 1.12374898E+00 1.12343399E+00 1.12306530E+00 1.12263755E+00 1.12214112E+00 1.12156956E+00 1.12091146E+00 1.12015928E+00 1.11929912E+00 1.11832239E+00 1.11721266E+00 1.11595941E+00 1.11454546E+00 1.11295880E+00 1.11117743E+00 1.10918867E+00 1.10697011E+00 1.10450652E+00 1.10179655E+00 1.09880530E+00 1.09582940E+00 1.09259059E+00 1.08948787E+00 1.08615242E+00 1.08299913E+00 1.07964797E+00 1.07651121E+00 1.07320641E+00 1.07013738E+00 1.06693142E+00 1.06397854E+00 1.06091186E+00 1.05810315E+00 1.05520266E+00 1.05256069E+00 1.04984582E+00 1.04738342E+00 1.04486374E+00 1.04258778E+00 1.04026581E+00 1.03817357E+00 1.03604655E+00 1.03398831E+00 1.03190006E+00 1.02978120E+00 1.02763187E+00 1.02545585E+00 1.02325447E+00 1.02102641E+00 1.01877521E+00 1.01651549E+00 1.01424917E+00 1.01195538E+00 1.00966347E+00 1.00753166E+00 1.00552266E+00 1.00308610E+00 1.00000000E+00
1.11786478E+00 1.11786017E+00 1.11786087E+00 1.11786372E+00 1.11786592E+00 1.11786597E+00 1.11786490E+00 1.11786380E+00 1.11786298E+00 1.11786250E+00 1.11786213E+00 1.11786175E+00 1.11786143E+00 1.11786121E+00 1.11786112E+00 1.11786117E+00 1.11786134E+00 1.11786164E+00 1.11786207E+00 1.11786265E+00 1.11786337E+00 1.11786425E+00 1.11786529E+00 1.11786652E+00 1.11786794E+00 1.11786957E+00 1.11787142E+00 1.11787353E+00 1.11787589E+00 1.11787854E+00 1.11788148E+00 1.11788475E+00 1.11788836E+00 1.11789233E+00 1.11789667E+00 1.11790139E+00 1.11790650E+00 1.11791200E+00 1.11791787E+00 1.11792411E+00 1.11793068E+00 1.11793751E+00 1.11794457E+00 1.11795174E+00 1.11795892E+00 1.11796593E+00 1.11797261E+00 1.11797869E+00 1.11798391E+00 1.11798786E+00 1.11799020E+00 1.11799030E+00 1.11798764E+00 1.11798139E+00 1.11797085E+00 1.11795480E+00 1.11793233E+00 1.11790179E+00 1.11786195E+00 1.11781059E+00 1.11774613E+00 1.11766562E+00 1.11756699E+00 1.11744652E+00 1.11730155E+00 1.11712722E+00 1.11692031E+00 1.11667470E+00 1.11638617E+00 1.11604726E+00 1.11565288E+00 1.11519382E+00 1.11466395E+00 1.11405212E+00 1.11335111E+00 1.11254756E+00 1.11163331E+00 1.11059228E+00 1.10941405E+00 1.10808180E+00 1.10658435E+00 1.10490005E+00 1.10301628E+00 1.10091116E+00 1.09857050E+00 1.09599199E+00 1.09314252E+00 1.09030341E+00 1.08721100E+00 1.08424639E+00 1.08105739E+00 1.07804022E+00 1.07483315E+00 1.07183196E+00 1.06867066E+00 1.06573308E+00 1.06266402E+00 1.05983909E+00 1.05690732E+00 1.05422395E+00 1.05145498E+00 1.04893447E+00 1.04634696E+00 1.04400268E+00 1.04160733E+00 1.03944694E+00 1.03724567E+00 1.03526501E+00 1.03325487E+00 1.03131406E+00 1.02934922E+00 1.02735999E+00 1.02534770E+00 1.02331798E+00 1.02127169E+00 1.01920952E+00 1.01713872E+00 1.01507751E+00 1.01301846E+00 1.01094545E+00 1.00890354E+00 1.00704272E+00 1.00527572E+00 1.00299626E+00 1.00000000E+00
1.11425319E+00 1.11424798E+00 1.11424758E+00 1.11424958E+00 1.11425136E+00 1.11425135E+00 1.11425035E+00 1.11424924E+00 1.11424837E+00 1.11424784E+00 1.11424746E+00 1.11424709E+00 1.11424677E+00 1.11424656E+00 1.11424647E+00 1.11424650E+00 1.11424665E+00 1.11424692E+00 1.11424732E+00 1.11424785E+00 1.11424851E+00 1.11424933E+00 1.11425029E+00 1.11425143E+00 1.11425276E+00 1.11425428E+00 1.11425601E+00 1.11425798E+00 1.11426020E+00 1.11426269E+00 1.11426547E+00 1.11426857E+00 1.11427199E+00 1.11427577E+00 1.11427991E+00 1.11428444E+00 1.11428936E+00 1.11429467E+00 1.11430038E+00 1.11430646E+00 1.11431290E+00 1.11431965E+00 1.11432666E+00 1.11433386E+00 1.11434115E+00 1.11434837E+00 1.11435539E+00 1.11436194E+00 1.11436782E+00 1.11437265E+00 1.11437612E+00 1.11437765E+00 1.11437677E+00 1.11437270E+00 1.11436481E+00 1.11435197E+00 1.11433334E+00 1.11430737E+00 1.11427291E+00 1.11422787E+00 1.11417077E+00 1.11409881E+00 1.11401002E+00 1.11390092E+00 1.11376896E+00 1.11360952E+00 1.11341954E+00 1.11319315E+00 1.11292627E+00 1.11261169E+00 1.11224456E+00 1.11181603E+00 1.11132016E+00 1.11074601E+00 1.11008669E+00 1.10932921E+00 1.10846567E+00 1.10748023E+00 1.10636254E+00 1.10509622E+00 1.10367052E+00 1.10206387E+00 1.10026380E+00 1.09824895E+00 1.09600556E+00 1.09353065E+00 1.09079194E+00 1.08805895E+00 1.08507921E+00 1.08221985E+00 1.07914125E+00 1.07622589E+00 1.07312577E+00 1.07022429E+00 1.06716613E+00 1.06432106E+00 1.06134797E+00 1.05861222E+00 1.05577280E+00 1.05317365E+00 1.05049149E+00 1.04805006E+00 1.04554400E+00 1.04327421E+00 1.04095536E+00 1.03886409E+00 1.03673341E+00 1.03481705E+00 1.03287266E+00 1.03099620E+00 1.02909612E+00 1.02717195E+00 1.02522609E+00 1.02326432E+00 1.02128465E+00 1.01928751E+00 1.01728096E+00 1.01528039E+00 1.01326978E+00 1.01123169E+00 1.00921072E+00 1.00733118E+00 1.00549396E+00 1.00310904E+00 1.00000000E+00
1.11295461E+00 1.11294725E+00 1.11294397E+00 1.11294439E+00 1.11294578E+00 1.11294607E+00 1.11294542E+00 1.11294432E+00 1.11294329E+00 1.11294262E+00 1.11294215E+00 1.11294176E+00 1.11294142E+00 1.11294115E+00 1.11294099E+00 1.11294096E+00 1.11294105E+00 1.11294126E+00 1.11294159E+00 1.11294205E+00 1.11294265E+00 1.11294339E+00 1.11294428E+00 1.11294535E+00 1.11294658E+00 1.11294802E+00 1.11294966E+00 1.11295153E+00 1.11295365E+00 1.11295603E+00 1.11295870E+00 1.11296169E+00 1.11296500E+00 1.11296867E+00 1.11297270E+00 1.11297712E+00 1.11298195E+00 1.11298718E+00 1.11299282E+00 1.11299887E+00 1.11300531E+00 1.11301210E+00 1.11301921E+00 1.11302658E+00 1.11303412E+00 1.11304170E+00 1.11304918E+00 1.11305636E+00 1.11306304E+00 1.11306886E+00 1.11307357E+00 1.11307662E+00 1.11307758E+00 1.11307573E+00 1.11307050E+00 1.11306081E+00 1.11304591E+00 1.11302433E+00 1.11299498E+00 1.11295590E+00 1.11290568E+00 1.11284165E+00 1.11276194E+00 1.11266325E+00 1.11254316E+00 1.11239722E+00 1.11222250E+00 1.11201334E+00 1.11176576E+00 1.11147278E+00 1.11112973E+00 1.11072802E+00 1.11026187E+00 1.10972052E+00 1.10909729E+00 1.10837947E+00 1.10755928E+00 1.10662101E+00 1.10555437E+00 1.10434328E+00 1.10297718E+00 1.10143445E+00 1.09970265E+00 1.09776074E+00 1.09559499E+00 1.09320153E+00 1.09054853E+00 1.08789627E+00 1.08500056E+00 1.08221790E+00 1.07921810E+00 1.07637392E+00 1.07334684E+00 1.07051178E+00 1.06751947E+00 1.06473123E+00 1.06181607E+00 1.05913279E+00 1.05634530E+00 1.05379113E+00 1.05115336E+00 1.04875071E+00 1.04628233E+00 1.04404490E+00 1.04175674E+00 1.03969055E+00 1.03758328E+00 1.03568637E+00 1.03375929E+00 1.03189684E+00 1.03000731E+00 1.02808969E+00 1.02614700E+00 1.02418406E+00 1.02219636E+00 1.02018296E+00 1.01815232E+00 1.01611658E+00 1.01405452E+00 1.01194656E+00 1.00983732E+00 1.00783749E+00 1.00584478E+00 1.00328532E+00 1.00000000E+00
1.11309433E+00 1.11308380E+00 1.11307686E+00 1.11307452E+00 1.11307423E+00 1.11307384E+00 1.11307300E+00 1.11307172E+00 1.11307053E+00 1.11306971E+00 1.11306917E+00 1.11306879E+00 1.11306848E+00 1.11306823E+00 1.11306808E+00 1.11306803E+00 1.11306809E+00 1.11306827E+00 1.11306857E+00 1.11306898E+00 1.11306952E+00 1.11307021E+00 1.11307104E+00 1.11307204E+00 1.11307321E+00 1.11307458E+00 1.11307615E+00 1.11307795E+00 1.11307999E+00 1.11308231E+00 1.11308491E+00 1.11308782E+00 1.11309108E+00 1.11309469E+00 1.11309867E+00 1.11310306E+00 1.11310787E+00 1.11311311E+00 1.11311879E+00 1.11312491E+00 1.11313146E+00 1.11313843E+00 1.11314577E+00 1.11315346E+00 1.11316141E+00 1.11316951E+00 1.11317766E+00 1.11318565E+00 1.11319332E+00 1.11320036E+00 1.11320653E+00 1.11321134E+00 1.11321437E+00 1.11321498E+00 1.11321264E+00 1.11320636E+00 1.11319542E+00 1.11317844E+00 1.11315439E+00 1.11312142E+00 1.11307819E+00 1.11302215E+00 1.11295150E+00 1.11286314E+00 1.11275472E+00 1.11262195E+00 1.11246202E+00 1.11226942E+00 1.11204027E+00 1.11176776E+00 1.11144734E+00 1.11107066E+00 1.11063206E+00 1.11012085E+00 1.10953054E+00 1.10884853E+00 1.10806710E+00 1.10717053E+00 1.10614862E+00 1.10498544E+00 1.10367036E+00 1.10218150E+00 1.10050644E+00 1.09862409E+00 1.09652042E+00 1.09419039E+00 1.09160242E+00 1.08900970E+00 1.08617368E+00 1.08344330E+00 1.08049522E+00 1.07769584E+00 1.07471231E+00 1.07191449E+00 1.06895605E+00 1.06619435E+00 1.06330421E+00 1.06064132E+00 1.05787073E+00 1.05532775E+00 1.05269787E+00 1.05029931E+00 1.04783111E+00 1.04559006E+00 1.04329405E+00 1.04121662E+00 1.03909432E+00 1.03718072E+00 1.03523279E+00 1.03334581E+00 1.03142662E+00 1.02947364E+00 1.02749033E+00 1.02548054E+00 1.02343789E+00 1.02136042E+00 1.01925697E+00 1.01713740E+00 1.01497734E+00 1.01275612E+00 1.01051915E+00 1.00837030E+00 1.00620650E+00 1.00346601E+00 1.00000000E+00
1.11413342E+00 1.11412142E+00 1.11411381E+00 1.11410999E+00 1.11410776E+00 1.11410552E+00 1.11410334E+00 1.11410141E+00 1.11410000E+00 1.11409917E+00 1.11409874E+00 1.11409850E+00 1.11409838E+00 1.11409835E+00 1.11409840E+00 1.11409855E+00 1.11409878E+00 1.11409909E+00 1.11409948E+00 1.11409997E+00 1.11410056E+00 1.11410128E+00 1.11410212E+00 1.11410312E+00 1.11410428E+00 1.11410562E+00 1.11410716E+00 1.11410893E+00 1.11411094E+00 1.11411322E+00 1.11411579E+00 1.11411868E+00 1.11412191E+00 1.11412552E+00 1.11412952E+00 1.11413394E+00 1.11413881E+00 1.11414414E+00 1.11414994E+00 1.11415624E+00 1.11416303E+00 1.11417029E+00 1.11417802E+00 1.11418618E+00 1.11419472E+00 1.11420354E+00 1.11421255E+00 1.11422159E+00 1.11423052E+00 1.11423905E+00 1.11424699E+00 1.11425387E+00 1.11425933E+00 1.11426278E+00 1.11426374E+00 1.11426128E+00 1.11425474E+00 1.11424282E+00 1.11422454E+00 1.11419814E+00 1.11416239E+00 1.11411479E+00 1.11405366E+00 1.11397605E+00 1.11387970E+00 1.11376044E+00 1.11361555E+00 1.11343964E+00 1.11322890E+00 1.11297667E+00 1.11267847E+00 1.11232615E+00 1.11191410E+00 1.11143169E+00 1.11087252E+00 1.11022396E+00 1.10947826E+00 1.10861959E+00 1.10763786E+00 1.10651713E+00 1.10524640E+00 1.10380335E+00 1.10217555E+00 1.10034152E+00 1.09828658E+00 1.09600449E+00 1.09346357E+00 1.09091189E+00 1.08811434E+00 1.08541498E+00 1.08249501E+00 1.07971736E+00 1.07675161E+00 1.07396552E+00 1.07101341E+00 1.06825217E+00 1.06535851E+00 1.06268824E+00 1.05990470E+00 1.05734453E+00 1.05469232E+00 1.05226941E+00 1.04977133E+00 1.04749846E+00 1.04516515E+00 1.04304952E+00 1.04088437E+00 1.03892868E+00 1.03693389E+00 1.03499716E+00 1.03302286E+00 1.03100912E+00 1.02895973E+00 1.02687775E+00 1.02475553E+00 1.02259049E+00 1.02039193E+00 1.01816818E+00 1.01589287E+00 1.01354504E+00 1.01117110E+00 1.00887146E+00 1.00654334E+00 1.00363373E+00 1.00000000E+00
1.12708125E+00 1.12707927E+00 1.12708169E+00 1.12708548E+00 1.12708811E+00 1.12708844E+00 1.12708761E+00 1.12708672E+00 1.12708604E+00 1.12708560E+00 1.12708521E+00 1.12708479E+00 1.12708443E+00 1.12708418E+00 1.12708407E+00 1.12708411E+00 1.12708428E+00 1.12708460E+00 1.12708507E+00 1.12708570E+00 1.12708650E+00 1.12708748E+00 1.12708865E+00 1.12709002E+00 1.12709162E+00 1.12709344E+00 1.12709551E+00 1.12709786E+00 1.12710049E+00 1.12710342E+00 1.12710668E+00 1.12711028E+00 1.12711425E+00 1.12711858E+00 1.12712330E+00 1.12712841E+00 1.12713392E+00 1.12713981E+00 1.12714606E+00 1.12715266E+00 1.12715955E+00 1.12716666E+00 1.12717392E+00 1.12718121E+00 1.12718840E+00 1.12719527E+00 1.12720164E+00 1.12720718E+00 1.12721162E+00 1.12721447E+00 1.12721534E+00 1.12721352E+00 1.12720844E+00 1.12719916E+00 1.12718492E+00 1.12716434E+00 1.12713643E+00 1.12709937E+00 1.12705181E+00 1.12699135E+00 1.12691626E+00 1.12682337E+00 1.12671043E+00 1.12657347E+00 1.12640958E+00 1.12621361E+00 1.12598205E+00 1.12570845E+00 1.12538836E+00 1.12501395E+00 1.12457979E+00 1.12407623E+00 1.12349672E+00 1.12282984E+00 1.12206793E+00 1.12119707E+00 1.12020857E+00 1.11908595E+00 1.11781869E+00 1.11638947E+00 1.11478611E+00 1.11298669E+00 1.11097847E+00 1.10873887E+00 1.10625257E+00 1.10351828E+00 1.10050070E+00 1.09749945E+00 1.09423330E+00 1.09110471E+00 1.08774180E+00 1.08456297E+00 1.08118457E+00 1.07802184E+00 1.07468930E+00 1.07159502E+00 1.06836241E+00 1.06538407E+00 1.06229040E+00 1.05945644E+00 1.05652909E+00 1.05386206E+00 1.05112054E+00 1.04863320E+00 1.04608693E+00 1.04378584E+00 1.04143733E+00 1.03932040E+00 1.03716721E+00 1.03508222E+00 1.03296526E+00 1.03081576E+00 1.02863376E+00 1.02642215E+00 1.02418195E+00 1.02191215E+00 1.01961486E+00 1.01730113E+00 1.01497293E+00 1.01261208E+00 1.01023845E+00 1.00798889E+00 1.00585071E+00 1.00327083E+00 1.00000000E+00
1.12285231E+00 1.12285006E+00 1.12285237E+00 1.12285599E+00 1.12285850E+00 1.12285880E+00 1.12285802E+00 1.12285724E+00 1.12285670E+00 1.12285640E+00 1.12285615E+00 1.12285586E+00 1.12285562E+00 1.12285548E+00 1.12285546E+00 1.12285557E+00 1.12285580E+00 1.12285616E+00 1.12285666E+00 1.12285730E+00 1.12285810E+00 1.12285906E+00 1.12286019E+00 1.12286152E+00 1.12286304E+00 1.12286479E+00 1.12286677E+00 1.12286901E+00 1.12287152E+00 1.12287432E+00 1.12287744E+00 1.12288089E+00 1.12288469E+00 1.12288886E+00 1.12289340E+00 1.12289833E+00 1.12290365E+00 1.12290936E+00 1.12291544E+00 1.12292188E+00 1.12292863E+00 1.12293562E+00 1.12294281E+00 1.12295006E+00 1.12295728E+00 1.12296426E+00 1.12297082E+00 1.12297667E+00 1.12298155E+00 1.12298500E+00 1.12298666E+00 1.12298586E+00 1.12298206E+00 1.12297437E+00 1.12296206E+00 1.12294383E+00 1.12291874E+00 1.12288504E+00 1.12284145E+00 1.12278566E+00 1.12271602E+00 1.12262945E+00 1.12252381E+00 1.12239525E+00 1.12224098E+00 1.12205601E+00 1.12183696E+00 1.12157754E+00 1.12127342E+00 1.12091696E+00 1.12050289E+00 1.12002179E+00 1.11946731E+00 1.11882815E+00 1.11809688E+00 1.11725987E+00 1.11630868E+00 1.11522702E+00 1.11400444E+00 1.11262381E+00 1.11107347E+00 1.10933164E+00 1.10738567E+00 1.10521333E+00 1.10279987E+00 1.10014338E+00 1.09720966E+00 1.09428933E+00 1.09110982E+00 1.08806292E+00 1.08478672E+00 1.08168872E+00 1.07839596E+00 1.07531361E+00 1.07206626E+00 1.06905036E+00 1.06589958E+00 1.06299785E+00 1.05998509E+00 1.05722643E+00 1.05437822E+00 1.05178447E+00 1.04912002E+00 1.04670430E+00 1.04423357E+00 1.04200280E+00 1.03972784E+00 1.03767908E+00 1.03559743E+00 1.03358427E+00 1.03154288E+00 1.02947292E+00 1.02737500E+00 1.02525298E+00 1.02310774E+00 1.02093940E+00 1.01875173E+00 1.01655763E+00 1.01435384E+00 1.01212337E+00 1.00989219E+00 1.00779093E+00 1.00577688E+00 1.00325874E+00 1.00000000E+00
1.12104050E+00 1.12103721E+00 1.12103848E+00 1.12104172E+00 1.12104426E+00 1.12104470E+00 1.12104399E+00 1.12104316E+00 1.12104254E+00 1.12104220E+00 1.12104193E+00 1.12104165E+00 1.12104139E+00 1.12104124E+00 1.12104120E+00 1.12104129E+00 1.12104150E+00 1.12104183E+00 1.12104230E+00 1.12104290E+00 1.12104366E+00 1.12104458E+00 1.12104566E+00 1.12104693E+00 1.12104840E+00 1.12105008E+00 1.12105199E+00 1.12105416E+00 1.12105658E+00 1.12105930E+00 1.12106232E+00 1.12106568E+00 1.12106938E+00 1.12107345E+00 1.12107789E+00 1.12108272E+00 1.12108795E+00 1.12109357E+00 1.12109958E+00 1.12110595E+00 1.12111266E+00 1.12111965E+00 1.12112686E+00 1.12113418E+00 1.12114152E+00 1.12114868E+00 1.12115552E+00 1.12116173E+00 1.12116709E+00 1.12117116E+00 1.12117360E+00 1.12117377E+00 1.12117115E+00 1.12116490E+00 1.12115431E+00 1.12113816E+00 1.12111552E+00 1.12108472E+00 1.12104452E+00 1.12099269E+00 1.12092762E+00 1.12084635E+00 1.12074678E+00 1.12062519E+00 1.12047888E+00 1.12030295E+00 1.12009415E+00 1.11984631E+00 1.11955519E+00 1.11921329E+00 1.11881549E+00 1.11835252E+00 1.11781814E+00 1.11720121E+00 1.11649446E+00 1.11568443E+00 1.11476283E+00 1.11371350E+00 1.11252601E+00 1.11118345E+00 1.10967441E+00 1.10797716E+00 1.10607912E+00 1.10395834E+00 1.10160030E+00 1.09900262E+00 1.09613164E+00 1.09327130E+00 1.09015544E+00 1.08716793E+00 1.08395401E+00 1.08091346E+00 1.07768094E+00 1.07465455E+00 1.07146514E+00 1.06850141E+00 1.06540476E+00 1.06255321E+00 1.05959234E+00 1.05688092E+00 1.05408127E+00 1.05153159E+00 1.04891242E+00 1.04653782E+00 1.04410908E+00 1.04191596E+00 1.03967906E+00 1.03766461E+00 1.03561756E+00 1.03363772E+00 1.03162928E+00 1.02959169E+00 1.02752593E+00 1.02543568E+00 1.02332011E+00 1.02117893E+00 1.01901588E+00 1.01684210E+00 1.01464917E+00 1.01241799E+00 1.01017416E+00 1.00803653E+00 1.00595672E+00 1.00335133E+00 1.00000000E+00
1.12074341E+00 1.12073975E+00 1.12074037E+00 1.12074338E+00 1.12074599E+00 1.12074661E+00 1.12074602E+00 1.12074518E+00 1.12074450E+00 1.12074413E+00 1.12074385E+00 1.12074355E+00 1.12074328E+00 1.12074309E+00 1.12074302E+00 1.12074307E+00 1.12074325E+00 1.12074355E+00 1.12074398E+00 1.12074455E+00 1.12074526E+00 1.12074614E+00 1.12074718E+00 1.12074841E+00 1.12074983E+00 1.12075147E+00 1.12075333E+00 1.12075544E+00 1.12075782E+00 1.12076049E+00 1.12076346E+00 1.12076677E+00 1.12077042E+00 1.12077444E+00 1.12077885E+00 1.12078365E+00 1.12078886E+00 1.12079448E+00 1.12080050E+00 1.12080690E+00 1.12081368E+00 1.12082076E+00 1.12082810E+00 1.12083562E+00 1.12084321E+00 1.12085070E+00 1.12085794E+00 1.12086466E+00 1.12087065E+00 1.12087548E+00 1.12087885E+00 1.12088013E+00 1.12087883E+00 1.12087414E+00 1.12086540E+00 1.12085141E+00 1.12083130E+00 1.12080344E+00 1.12076663E+00 1.12071870E+00 1.12065811E+00 1.12058195E+00 1.12048819E+00 1.12037320E+00 1.12023436E+00 1.12006686E+00 1.11986752E+00 1.11963029E+00 1.11935098E+00 1.11902220E+00 1.11863892E+00 1.11819202E+00 1.11767533E+00 1.11707777E+00 1.11639221E+00 1.11560528E+00 1.11470876E+00 1.11368654E+00 1.11252815E+00 1.11121684E+00 1.10974130E+00 1.10807971E+00 1.10621949E+00 1.10413877E+00 1.10182299E+00 1.09926923E+00 1.09644399E+00 1.09362622E+00 1.09055429E+00 1.08760644E+00 1.08443273E+00 1.08142793E+00 1.07823146E+00 1.07523714E+00 1.07207891E+00 1.06914142E+00 1.06607079E+00 1.06324194E+00 1.06030260E+00 1.05760882E+00 1.05482549E+00 1.05228902E+00 1.04968143E+00 1.04731553E+00 1.04489354E+00 1.04270433E+00 1.04046944E+00 1.03845509E+00 1.03640602E+00 1.03442196E+00 1.03240647E+00 1.03035861E+00 1.02827960E+00 1.02617250E+00 1.02403508E+00 1.02186630E+00 1.01966994E+00 1.01745554E+00 1.01521174E+00 1.01291814E+00 1.01060092E+00 1.00837310E+00 1.00618597E+00 1.00346565E+00 1.00000000E+00
1.12135973E+00 1.12135847E+00 1.12136070E+00 1.12136394E+00 1.12136614E+00 1.12136640E+00 1.12136569E+00 1.12136494E+00 1.12136439E+00 1.12136408E+00 1.12136380E+00 1.12136351E+00 1.12136324E+00 1.12136307E+00 1.12136300E+00 1.12136306E+00 1.12136323E+00 1.12136352E+00 1.12136393E+00 1.12136448E+00 1.12136518E+00 1.12136603E+00 1.12136705E+00 1.12136826E+00 1.12136965E+00 1.12137126E+00 1.12137310E+00 1.12137518E+00 1.12137754E+00 1.12138019E+00 1.12138314E+00 1.12138644E+00 1.12139008E+00 1.12139411E+00 1.12139853E+00 1.12140337E+00 1.12140863E+00 1.12141431E+00 1.12142043E+00 1.12142697E+00 1.12143390E+00 1.12144120E+00 1.12144881E+00 1.12145665E+00 1.12146464E+00 1.12147262E+00 1.12148045E+00 1.12148789E+00 1.12149471E+00 1.12150054E+00 1.12150508E+00 1.12150772E+00 1.12150802E+00 1.12150519E+00 1.12149860E+00 1.12148709E+00 1.12146983E+00 1.12144524E+00 1.12141215E+00 1.12136845E+00 1.12131264E+00 1.12124189E+00 1.12115419E+00 1.12104604E+00 1.12091484E+00 1.12075587E+00 1.12056601E+00 1.12033928E+00 1.12007153E+00 1.11975546E+00 1.11938609E+00 1.11895440E+00 1.11845426E+00 1.11787459E+00 1.11720836E+00 1.11644219E+00 1.11556787E+00 1.11456924E+00 1.11343579E+00 1.11215076E+00 1.11070281E+00 1.10906988E+00 1.10723928E+00 1.10518897E+00 1.10290412E+00 1.10038104E+00 1.09758618E+00 1.09479502E+00 1.09174861E+00 1.08882179E+00 1.08566736E+00 1.08267769E+00 1.07949413E+00 1.07650902E+00 1.07335682E+00 1.07042150E+00 1.06735062E+00 1.06451900E+00 1.06157359E+00 1.05887109E+00 1.05607591E+00 1.05352611E+00 1.05090185E+00 1.04851807E+00 1.04607485E+00 1.04386366E+00 1.04160385E+00 1.03956484E+00 1.03748810E+00 1.03547458E+00 1.03342620E+00 1.03134177E+00 1.02922272E+00 1.02707159E+00 1.02488521E+00 1.02266205E+00 1.02040610E+00 1.01812590E+00 1.01580841E+00 1.01343289E+00 1.01102640E+00 1.00869924E+00 1.00640364E+00 1.00357330E+00 1.00000000E+00
1.12252771E+00 1.12253061E+00 1.12253520E+00 1.12253880E+00 1.12254056E+00 1.12254059E+00 1.12253993E+00 1.12253946E+00 1.12253915E+00 1.12253895E+00 1.12253874E+00 1.12253850E+00 1.12253830E+00 1.12253820E+00 1.12253820E+00 1.12253830E+00 1.12253850E+00 1.12253882E+00 1.12253925E+00 1.12253981E+00 1.12254051E+00 1.12254137E+00 1.12254238E+00 1.12254358E+00 1.12254496E+00 1.12254657E+00 1.12254840E+00 1.12255048E+00 1.12255284E+00 1.12255549E+00 1.12255846E+00 1.12256178E+00 1.12256547E+00 1.12256955E+00 1.12257404E+00 1.12257897E+00 1.12258435E+00 1.12259018E+00 1.12259649E+00 1.12260326E+00 1.12261047E+00 1.12261811E+00 1.12262613E+00 1.12263447E+00 1.12264305E+00 1.12265172E+00 1.12266036E+00 1.12266874E+00 1.12267667E+00 1.12268379E+00 1.12268982E+00 1.12269419E+00 1.12269645E+00 1.12269589E+00 1.12269189E+00 1.12268333E+00 1.12266941E+00 1.12264861E+00 1.12261977E+00 1.12258085E+00 1.12253040E+00 1.12246562E+00 1.12238456E+00 1.12228381E+00 1.12216079E+00 1.12201085E+00 1.12183090E+00 1.12161501E+00 1.12135906E+00 1.12105579E+00 1.12070025E+00 1.12028345E+00 1.11979928E+00 1.11923661E+00 1.11858845E+00 1.11784129E+00 1.11698688E+00 1.11600891E+00 1.11489679E+00 1.11363363E+00 1.11220786E+00 1.11059703E+00 1.10878824E+00 1.10675904E+00 1.10449411E+00 1.10198889E+00 1.09920951E+00 1.09642959E+00 1.09339111E+00 1.09046771E+00 1.08731303E+00 1.08431948E+00 1.08112788E+00 1.07813163E+00 1.07496365E+00 1.07201001E+00 1.06891694E+00 1.06606178E+00 1.06308844E+00 1.06035701E+00 1.05752895E+00 1.05494658E+00 1.05228582E+00 1.04986614E+00 1.04738337E+00 1.04513387E+00 1.04283274E+00 1.04075450E+00 1.03863560E+00 1.03657896E+00 1.03448432E+00 1.03235038E+00 1.03017880E+00 1.02797175E+00 1.02572541E+00 1.02343805E+00 1.02111392E+00 1.01876098E+00 1.01636517E+00 1.01390591E+00 1.01141117E+00 1.00898989E+00 1.00659565E+00 1.00366784E+00 1.00000000E+00
1.12905245E+00 1.12905282E+00 1.12905697E+00 1.12906154E+00 1.12906449E+00 1.12906515E+00 1.12906473E+00 1.12906432E+00 1.12906406E+00 1.12906393E+00 1.12906378E+00 1.12906358E+00 1.12906340E+00 1.12906333E+00 1.12906337E+00 1.12906354E+00 1.12906382E+00 1.12906424E+00 1.12906481E+00 1.12906552E+00 1.12906640E+00 1.12906746E+00 1.12906870E+00 1.12907015E+00 1.12907181E+00 1.12907370E+00 1.12907584E+00 1.12907825E+00 1.12908095E+00 1.12908395E+00 1.12908729E+00 1.12909096E+00 1.12909500E+00 1.12909942E+00 1.12910421E+00 1.12910941E+00 1.12911499E+00 1.12912096E+00 1.12912729E+00 1.12913395E+00 1.12914090E+00 1.12914807E+00 1.12915538E+00 1.12916269E+00 1.12916989E+00 1.12917674E+00 1.12918306E+00 1.12918852E+00 1.12919284E+00 1.12919550E+00 1.12919613E+00 1.12919398E+00 1.12918850E+00 1.12917871E+00 1.12916385E+00 1.12914251E+00 1.12911369E+00 1.12907554E+00 1.12902670E+00 1.12896474E+00 1.12888789E+00 1.12879296E+00 1.12867767E+00 1.12853801E+00 1.12837102E+00 1.12817152E+00 1.12793596E+00 1.12765783E+00 1.12733266E+00 1.12695253E+00 1.12651200E+00 1.12600133E+00 1.12541392E+00 1.12473830E+00 1.12396673E+00 1.12308524E+00 1.12208506E+00 1.12094964E+00 1.11966853E+00 1.11822418E+00 1.11660428E+00 1.11478700E+00 1.11275955E+00 1.11049913E+00 1.10799035E+00 1.10523204E+00 1.10218846E+00 1.09916219E+00 1.09586895E+00 1.09271478E+00 1.08932476E+00 1.08612060E+00 1.08271515E+00 1.07952674E+00 1.07616669E+00 1.07304735E+00 1.06978818E+00 1.06678438E+00 1.06366376E+00 1.06080459E+00 1.05785034E+00 1.05515822E+00 1.05238990E+00 1.04987746E+00 1.04730436E+00 1.04497790E+00 1.04260262E+00 1.04046071E+00 1.03828094E+00 1.03616881E+00 1.03402262E+00 1.03184186E+00 1.02962658E+00 1.02737868E+00 1.02509863E+00 1.02278582E+00 1.02044121E+00 1.01807207E+00 1.01567934E+00 1.01325014E+00 1.01079269E+00 1.00841360E+00 1.00615002E+00 1.00345144E+00 1.00000000E+00
1.12768614E+00 1.12768639E+00 1.12769044E+00 1.12769492E+00 1.12769782E+00 1.12769846E+00 1.12769805E+00 1.12769767E+00 1.12769745E+00 1.12769737E+00 1.12769725E+00 1.12769709E+00 1.12769695E+00 1.12769691E+00 1.12769697E+00 1.12769716E+00 1.12769747E+00 1.12769790E+00 1.12769847E+00 1.12769919E+00 1.12770006E+00 1.12770111E+00 1.12770234E+00 1.12770377E+00 1.12770540E+00 1.12770727E+00 1.12770938E+00 1.12771176E+00 1.12771441E+00 1.12771738E+00 1.12772066E+00 1.12772429E+00 1.12772827E+00 1.12773263E+00 1.12773737E+00 1.12774251E+00 1.12774803E+00 1.12775394E+00 1.12776022E+00 1.12776684E+00 1.12777375E+00 1.12778088E+00 1.12778817E+00 1.12779548E+00 1.12780269E+00 1.12780959E+00 1.12781599E+00 1.12782156E+00 1.12782604E+00 1.12782892E+00 1.12782983E+00 1.12782804E+00 1.12782300E+00 1.12781377E+00 1.12779958E+00 1.12777905E+00 1.12775120E+00 1.12771420E+00 1.12766672E+00 1.12760635E+00 1.12753135E+00 1.12743856E+00 1.12732574E+00 1.12718891E+00 1.12702517E+00 1.12682937E+00 1.12659801E+00 1.12632464E+00 1.12600481E+00 1.12563069E+00 1.12519686E+00 1.12469368E+00 1.12411459E+00 1.12344819E+00 1.12268680E+00 1.12181653E+00 1.12082871E+00 1.11970684E+00 1.11844049E+00 1.11701218E+00 1.11540975E+00 1.11361143E+00 1.11160447E+00 1.10936617E+00 1.10688134E+00 1.10414859E+00 1.10113255E+00 1.09813286E+00 1.09486808E+00 1.09174076E+00 1.08837926E+00 1.08520176E+00 1.08182456E+00 1.07866264E+00 1.07533072E+00 1.07223737E+00 1.06900538E+00 1.06602706E+00 1.06293340E+00 1.06009936E+00 1.05717159E+00 1.05450402E+00 1.05176159E+00 1.04927324E+00 1.04672557E+00 1.04442282E+00 1.04207236E+00 1.03995349E+00 1.03779790E+00 1.03571003E+00 1.03358937E+00 1.03143548E+00 1.02924857E+00 1.02703081E+00 1.02478263E+00 1.02250375E+00 1.02019554E+00 1.01786564E+00 1.01551326E+00 1.01312569E+00 1.01071208E+00 1.00837584E+00 1.00614637E+00 1.00345980E+00 1.00000000E+00
1.12720607E+00 1.12720550E+00 1.12720896E+00 1.12721353E+00 1.12721679E+00 1.12721770E+00 1.12721739E+00 1.12721698E+00 1.12721672E+00 1.12721663E+00 1.12721653E+00 1.12721638E+00 1.12721623E+00 1.12721618E+00 1.12721623E+00 1.12721640E+00 1.12721670E+00 1.12721711E+00 1.12721767E+00 1.12721837E+00 1.12721923E+00 1.12722026E+00 1.12722147E+00 1.12722288E+00 1.12722450E+00 1.12722634E+00 1.12722843E+00 1.12723078E+00 1.12723341E+00 1.12723635E+00 1.12723960E+00 1.12724320E+00 1.12724716E+00 1.12725149E+00 1.12725620E+00 1.12726131E+00 1.12726682E+00 1.12727270E+00 1.12727897E+00 1.12728557E+00 1.12729249E+00 1.12729963E+00 1.12730694E+00 1.12731430E+00 1.12732157E+00 1.12732856E+00 1.12733507E+00 1.12734079E+00 1.12734546E+00 1.12734858E+00 1.12734978E+00 1.12734836E+00 1.12734375E+00 1.12733505E+00 1.12732148E+00 1.12730169E+00 1.12727471E+00 1.12723873E+00 1.12719243E+00 1.12713343E+00 1.12706002E+00 1.12696904E+00 1.12685830E+00 1.12672384E+00 1.12656279E+00 1.12637005E+00 1.12614212E+00 1.12587262E+00 1.12555712E+00 1.12518783E+00 1.12475937E+00 1.12426216E+00 1.12368967E+00 1.12303053E+00 1.12227711E+00 1.12141560E+00 1.12043733E+00 1.11932588E+00 1.11807078E+00 1.11665464E+00 1.11506538E+00 1.11328122E+00 1.11128945E+00 1.10906744E+00 1.10660007E+00 1.10388578E+00 1.10088939E+00 1.09790845E+00 1.09466354E+00 1.09155472E+00 1.08821260E+00 1.08505294E+00 1.08169440E+00 1.07854975E+00 1.07523569E+00 1.07215840E+00 1.06894303E+00 1.06598004E+00 1.06290214E+00 1.06008236E+00 1.05716914E+00 1.05451466E+00 1.05178556E+00 1.04930916E+00 1.04677355E+00 1.04448144E+00 1.04214155E+00 1.04003202E+00 1.03788565E+00 1.03580642E+00 1.03369402E+00 1.03154794E+00 1.02936840E+00 1.02715744E+00 1.02491495E+00 1.02264045E+00 1.02033516E+00 1.01800615E+00 1.01565096E+00 1.01325612E+00 1.01083069E+00 1.00847486E+00 1.00621712E+00 1.00349616E+00 1.00000000E+00
1.12726869E+00 1.12726865E+00 1.12727244E+00 1.12727715E+00 1.12728046E+00 1.12728142E+00 1.12728115E+00 1.12728079E+00 1.12728055E+00 1.12728048E+00 1.12728039E+00 1.12728023E+00 1.12728009E+00 1.12728003E+00 1.12728008E+00 1.12728025E+00 1.12728053E+00 1.12728094E+00 1.12728149E+00 1.12728218E+00 1.12728303E+00 1.12728405E+00 1.12728525E+00 1.12728664E+00 1.12728825E+00 1.12729008E+00 1.12729215E+00 1.12729449E+00 1.12729711E+00 1.12730004E+00 1.12730329E+00 1.12730688E+00 1.12731083E+00 1.12731515E+00 1.12731987E+00 1.12732498E+00 1.12733049E+00 1.12733640E+00 1.12734268E+00 1.12734932E+00 1.12735628E+00 1.12736349E+00 1.12737088E+00 1.12737833E+00 1.12738573E+00 1.12739286E+00 1.12739956E+00 1.12740551E+00 1.12741044E+00 1.12741388E+00 1.12741546E+00 1.12741448E+00 1.12741040E+00 1.12740230E+00 1.12738944E+00 1.12737048E+00 1.12734445E+00 1.12730956E+00 1.12726451E+00 1.12720693E+00 1.12713513E+00 1.12704599E+00 1.12693731E+00 1.12680518E+00 1.12664674E+00 1.12645691E+00 1.12623225E+00 1.12596636E+00 1.12565486E+00 1.12528998E+00 1.12486638E+00 1.12437449E+00 1.12380781E+00 1.12315498E+00 1.12240843E+00 1.12155432E+00 1.12058404E+00 1.11948115E+00 1.11823515E+00 1.11682870E+00 1.11524973E+00 1.11347643E+00 1.11149605E+00 1.10928597E+00 1.10683101E+00 1.10412944E+00 1.10114608E+00 1.09817701E+00 1.09494413E+00 1.09184592E+00 1.08851424E+00 1.08536356E+00 1.08201375E+00 1.07887650E+00 1.07556923E+00 1.07249724E+00 1.06928669E+00 1.06632746E+00 1.06325259E+00 1.06043471E+00 1.05752258E+00 1.05486834E+00 1.05213861E+00 1.04966083E+00 1.04712290E+00 1.04482783E+00 1.04248407E+00 1.04037034E+00 1.03821883E+00 1.03613375E+00 1.03401439E+00 1.03186007E+00 1.02967112E+00 1.02744935E+00 1.02519422E+00 1.02290506E+00 1.02058306E+00 1.01823490E+00 1.01585722E+00 1.01343628E+00 1.01098146E+00 1.00859143E+00 1.00629528E+00 1.00353495E+00 1.00000000E+00
1.12764899E+00 1.12765132E+00 1.12765661E+00 1.12766159E+00 1.12766464E+00 1.12766544E+00 1.12766520E+00 1.12766498E+00 1.12766487E+00 1.12766484E+00 1.12766476E+00 1.12766460E+00 1.12766447E+00 1.12766443E+00 1.12766449E+00 1.12766466E+00 1.12766495E+00 1.12766536E+00 1.12766590E+00 1.12766659E+00 1.12766744E+00 1.12766846E+00 1.12766965E+00 1.12767105E+00 1.12767265E+00 1.12767448E+00 1.12767655E+00 1.12767889E+00 1.12768151E+00 1.12768444E+00 1.12768769E+00 1.12769129E+00 1.12769525E+00 1.12769960E+00 1.12770434E+00 1.12770948E+00 1.12771504E+00 1.12772099E+00 1.12772735E+00 1.12773407E+00 1.12774112E+00 1.12774845E+00 1.12775598E+00 1.12776360E+00 1.12777120E+00 1.12777857E+00 1.12778555E+00 1.12779182E+00 1.12779713E+00 1.12780101E+00 1.12780310E+00 1.12780271E+00 1.12779930E+00 1.12779197E+00 1.12777999E+00 1.12776203E+00 1.12773713E+00 1.12770353E+00 1.12765992E+00 1.12760396E+00 1.12753397E+00 1.12744685E+00 1.12734042E+00 1.12721078E+00 1.12705511E+00 1.12686833E+00 1.12664701E+00 1.12638479E+00 1.12607728E+00 1.12571673E+00 1.12529780E+00 1.12481095E+00 1.12424969E+00 1.12360264E+00 1.12286223E+00 1.12201461E+00 1.12105115E+00 1.11995537E+00 1.11871675E+00 1.11731788E+00 1.11574669E+00 1.11398122E+00 1.11200867E+00 1.10980629E+00 1.10735878E+00 1.10466410E+00 1.10168699E+00 1.09872274E+00 1.09549378E+00 1.09239798E+00 1.08906758E+00 1.08591687E+00 1.08256575E+00 1.07942612E+00 1.07611498E+00 1.07303812E+00 1.06982146E+00 1.06685555E+00 1.06377257E+00 1.06094611E+00 1.05802408E+00 1.05535988E+00 1.05261886E+00 1.05012989E+00 1.04757951E+00 1.04527224E+00 1.04291522E+00 1.04078879E+00 1.03862353E+00 1.03652431E+00 1.03438964E+00 1.03221881E+00 1.03001220E+00 1.02777150E+00 1.02549588E+00 1.02318458E+00 1.02083886E+00 1.01846518E+00 1.01605969E+00 1.01360868E+00 1.01112196E+00 1.00869743E+00 1.00636498E+00 1.00356921E+00 1.00000000E+00
1.12821072E+00 1.12821612E+00 1.12822324E+00 1.12822890E+00 1.12823212E+00 1.12823312E+00 1.12823313E+00 1.12823317E+00 1.12823323E+00 1.12823328E+00 1.12823322E+00 1.12823309E+00 1.12823297E+00 1.12823295E+00 1.12823302E+00 1.12823319E+00 1.12823347E+00 1.12823388E+00 1.12823443E+00 1.12823512E+00 1.12823596E+00 1.12823697E+00 1.12823817E+00 1.12823956E+00 1.12824116E+00 1.12824299E+00 1.12824507E+00 1.12824742E+00 1.12825005E+00 1.12825300E+00 1.12825627E+00 1.12825990E+00 1.12826390E+00 1.12826829E+00 1.12827309E+00 1.12827830E+00 1.12828393E+00 1.12828999E+00 1.12829646E+00 1.12830332E+00 1.12831053E+00 1.12831805E+00 1.12832580E+00 1.12833368E+00 1.12834158E+00 1.12834930E+00 1.12835667E+00 1.12836340E+00 1.12836923E+00 1.12837371E+00 1.12837648E+00 1.12837685E+00 1.12837431E+00 1.12836797E+00 1.12835709E+00 1.12834037E+00 1.12831686E+00 1.12828480E+00 1.12824290E+00 1.12818884E+00 1.12812095E+00 1.12803613E+00 1.12793221E+00 1.12780534E+00 1.12765267E+00 1.12746915E+00 1.12725136E+00 1.12699293E+00 1.12668946E+00 1.12633322E+00 1.12591886E+00 1.12543682E+00 1.12488059E+00 1.12423876E+00 1.12350376E+00 1.12266165E+00 1.12170377E+00 1.12061354E+00 1.11938038E+00 1.11798680E+00 1.11642061E+00 1.11465969E+00 1.11269109E+00 1.11049186E+00 1.10804651E+00 1.10535269E+00 1.10237494E+00 1.09940851E+00 1.09617563E+00 1.09307455E+00 1.08973705E+00 1.08657833E+00 1.08321732E+00 1.08006718E+00 1.07674363E+00 1.07365406E+00 1.07042310E+00 1.06744298E+00 1.06434416E+00 1.06150218E+00 1.05856320E+00 1.05588277E+00 1.05312416E+00 1.05061843E+00 1.04805010E+00 1.04572588E+00 1.04335095E+00 1.04120783E+00 1.03902497E+00 1.03690810E+00 1.03475485E+00 1.03256448E+00 1.03033745E+00 1.02807537E+00 1.02577724E+00 1.02344225E+00 1.02107178E+00 1.01867219E+00 1.01623931E+00 1.01375962E+00 1.01124328E+00 1.00878778E+00 1.00642383E+00 1.00359800E+00 1.00000000E+00
