$MeshFormat
2.2 0 8
$EndMeshFormat
$Nodes
5765
1 -3 0 0
2 0 0 0
3 0 1 0
4 -3 1 0
5 5 0 0
6 5 1 0
7 -2.900000000001199 0 0
8 -2.800000000002174 0 0
9 -2.700000000001933 0 0
10 -2.600000000002023 0 0
11 -2.500000000003165 0 0
12 -2.400000000003 0 0
13 -2.300000000002719 0 0
14 -2.200000000002438 0 0
15 -2.100000000002157 0 0
16 -2.000000000001934 0 0
17 -1.900000000002364 0 0
18 -1.800000000002824 0 0
19 -1.700000000003284 0 0
20 -1.600000000003743 0 0
21 -1.500000000004159 0 0
22 -1.400000000003922 0 0
23 -1.300000000003642 0 0
24 -1.200000000003361 0 0
25 -1.100000000003082 0 0
26 -1.000000000002801 0 0
27 -0.900000000002521 0 0
28 -0.8000000000022411 0 0
29 -0.7000000000019608 0 0
30 -0.600000000001681 0 0
31 -0.5000000000014007 0 0
32 -0.4000000000011208 0 0
33 -0.30000000000084 0 0
34 -0.2000000000005602 0 0
35 -0.1000000000002803 0 0
36 -2.950000000000586 0 0
37 -2.850000000001705 0 0
38 -2.750000000002092 0 0
39 -2.650000000001951 0 0
40 -2.550000000002569 0 0
41 -2.450000000003063 0 0
42 -2.350000000002855 0 0
43 -2.25000000000257 0 0
44 -2.150000000002304 0 0
45 -2.05000000000207 0 0
46 -1.950000000002129 0 0
47 -1.850000000002584 0 0
48 -1.75000000000303 0 0
49 -1.650000000003501 0 0
50 -1.550000000003954 0 0
51 -1.450000000004078 0 0
52 -1.350000000003807 0 0
53 -1.250000000003511 0 0
54 -1.150000000003261 0 0
55 -1.05000000000292 0 0
56 -0.9500000000026811 0 0
57 -0.8500000000023609 0 0
58 -0.7500000000021734 0 0
59 -0.6500000000018611 0 0
60 -0.5500000000015239 0 0
61 -0.4500000000012605 0 0
62 -0.3500000000009442 0 0
63 -0.2500000000006843 0 0
64 -0.150000000000337 0 0
65 -0.05000000000018279 0 0
66 0.09999999999992801 0 0
67 0.1999999999998339 0 0
68 0.2999999999997341 0 0
69 0.3999999999996643 0 0
70 0.4999999999995944 0 0
71 0.5999999999995166 0 0
72 0.699999999999288 0 0
73 0.7999999999989961 0 0
74 0.8999999999987042 0 0
75 0.9999999999984124 0 0
76 1.09999999999812 0 0
77 1.199999999997829 0 0
78 1.299999999997537 0 0
79 1.399999999997245 0 0
80 1.499999999996953 0 0
81 1.599999999996661 0 0
82 1.699999999996369 0 0
83 1.799999999996077 0 0
84 1.899999999995785 0 0
85 1.999999999995511 0 0
86 2.099999999995593 0 0
87 2.199999999995745 0 0
88 2.299999999995897 0 0
89 2.399999999996049 0 0
90 2.499999999996201 0 0
91 2.599999999996353 0 0
92 2.699999999996505 0 0
93 2.799999999996657 0 0
94 2.899999999996809 0 0
95 2.999999999996961 0 0
96 3.099999999997114 0 0
97 3.199999999997265 0 0
98 3.299999999997417 0 0
99 3.399999999997569 0 0
100 3.499999999997721 0 0
101 3.599999999997873 0 0
102 3.699999999998025 0 0
103 3.799999999998176 0 0
104 3.899999999998329 0 0
105 3.999999999998481 0 0
106 4.099999999998633 0 0
107 4.199999999998784 0 0
108 4.299999999998937 0 0
109 4.399999999999088 0 0
110 4.49999999999924 0 0
111 4.599999999999393 0 0
112 4.699999999999545 0 0
113 4.799999999999696 0 0
114 4.899999999999848 0 0
115 0.04999999999996341 0 0
116 0.1499999999998904 0 0
117 0.2499999999997863 0 0
118 0.3499999999996941 0 0
119 0.4499999999996348 0 0
120 0.5499999999995463 0 0
121 0.6499999999994204 0 0
122 0.7499999999991457 0 0
123 0.8499999999988567 0 0
124 0.9499999999985671 0 0
125 1.049999999998265 0 0
126 1.149999999997982 0 0
127 1.249999999997685 0 0
128 1.349999999997426 0 0
129 1.449999999997095 0 0
130 1.549999999996826 0 0
131 1.649999999996515 0 0
132 1.74999999999621 0 0
133 1.849999999995939 0 0
134 1.949999999995653 0 0
135 2.049999999995577 0 0
136 2.149999999995684 0 0
137 2.249999999995798 0 0
138 2.349999999996006 0 0
139 2.449999999996105 0 0
140 2.549999999996289 0 0
141 2.64999999999642 0 0
142 2.749999999996569 0 0
143 2.84999999999675 0 0
144 2.949999999996866 0 0
145 3.049999999997013 0 0
146 3.149999999997173 0 0
147 3.249999999997328 0 0
148 3.349999999997465 0 0
149 3.449999999997668 0 0
150 3.549999999997814 0 0
151 3.64999999999795 0 0
152 3.749999999998097 0 0
153 3.849999999998253 0 0
154 3.949999999998402 0 0
155 4.049999999998597 0 0
156 4.149999999998687 0 0
157 4.249999999998899 0 0
158 4.349999999998996 0 0
159 4.449999999999094 0 0
160 4.549999999999325 0 0
161 4.649999999999507 0 0
162 4.74999999999955 0 0
163 4.849999999999804 0 0
164 4.94999999999993 0 0
165 5 0.09999999999981467 0
166 5 0.1999999999995579 0
167 5 0.2999999999992664 0
168 5 0.3999999999989749 0
169 5 0.4999999999986943 0
170 5 0.5999999999989468 0
171 5 0.69999999999921 0
172 5 0.7999999999994734 0
173 5 0.8999999999997368 0
174 5 0.04999999999989927 0
175 5 0.1499999999997036 0
176 5 0.2499999999994121 0
177 5 0.3499999999991207 0
178 5 0.4499999999988346 0
179 5 0.5499999999988205 0
180 5 0.6499999999990784 0
181 5 0.7499999999993416 0
182 5 0.8499999999996051 0
183 5 0.9499999999998684 0
184 4.901467169130916 1 0
185 4.802934338261831 1 0
186 4.704401507392747 1 0
187 4.605868676523663 1 0
188 4.507335845654579 1 0
189 4.408803014785494 1 0
190 4.31027018391641 1 0
191 4.211737353047326 1 0
192 4.113204522178242 1 0
193 4.014671691309157 1 0
194 3.916138860440073 1 0
195 3.817606029570989 1 0
196 3.719073198701905 1 0
197 3.620540367832821 1 0
198 3.522007536963737 1 0
199 3.423474706094653 1 0
200 3.324941875225568 1 0
201 3.226409044356484 1 0
202 3.1278762134874 1 0
203 3.029343382618316 1 0
204 2.930810551749232 1 0
205 2.832277720880148 1 0
206 2.733744890011064 1 0
207 2.63521205914198 1 0
208 2.536679228272896 1 0
209 2.438146397403812 1 0
210 2.339613566534728 1 0
211 2.241080735665644 1 0
212 2.142547904796559 1 0
213 2.044015073927476 1 0
214 1.945482243058391 1 0
215 1.846949412189307 1 0
216 1.748416581320222 1 0
217 1.649883750451139 1 0
218 1.551350919582054 1 0
219 1.45281808871297 1 0
220 1.354285257843887 1 0
221 1.255752426974802 1 0
222 1.157219596105718 1 0
223 1.058686765236634 1 0
224 0.9601539343675496 1 0
225 0.8616211034984662 1 0
226 0.7639268847439782 1 0
227 0.6754006348830668 1 0
228 0.5971330828149304 1 0
229 0.5279354210654459 1 0
230 0.466756603291544 1 0
231 0.4126673858611385 1 0
232 0.3648461871234554 1 0
233 0.3225666635131841 1 0
234 0.2851866233992535 1 0
235 0.252138302011244 1 0
236 0.2229197227094124 1 0
237 0.1970656617381685 1 0
238 0.172432454020897 1 0
239 0.1477992463036255 1 0
240 0.1231660385863549 1 0
241 0.09853283086908426 1 0
242 0.07389962315181275 1 0
243 0.04926641543454213 1 0
244 0.02463320771727151 1 0
245 4.950733584565487 1 0
246 4.852200753696374 1 0
247 4.753667922827289 1 0
248 4.655135091958274 1 0
249 4.556602261089121 1 0
250 4.458069430220013 1 0
251 4.359536599350896 1 0
252 4.261003768481874 1 0
253 4.162470937612744 1 0
254 4.063938106743667 1 0
255 3.965405275874601 1 0
256 3.866872445005551 1 0
257 3.76833961413646 1 0
258 3.669806783267393 1 0
259 3.571273952398197 1 0
260 3.47274112152921 1 0
261 3.374208290660121 1 0
262 3.275675459791017 1 0
263 3.177142628921922 1 0
264 3.078609798052874 1 0
265 2.980076967183732 1 0
266 2.8815441363147 1 0
267 2.783011305445594 1 0
268 2.684478474576518 1 0
269 2.585945643707432 1 0
270 2.487412812838421 1 0
271 2.388879981969276 1 0
272 2.290347151100196 1 0
273 2.191814320231106 1 0
274 2.093281489361983 1 0
275 1.99474865849294 1 0
276 1.896215827623858 1 0
277 1.797682996754761 1 0
278 1.699150165885672 1 0
279 1.600617335016585 1 0
280 1.502084504147528 1 0
281 1.40355167327842 1 0
282 1.305018842409349 1 0
283 1.20648601154026 1 0
284 1.10795318067118 1 0
285 1.009420349802078 1 0
286 0.9108875189330314 1 0
287 0.8127739941212457 1 0
288 0.7196637598135007 1 0
289 0.6362668588490648 1 0
290 0.5625342519401588 1 0
291 0.4973460121784825 1 0
292 0.4397119945763102 1 0
293 0.3887567864923112 1 0
294 0.3437064253183379 1 0
295 0.3038766434562019 1 0
296 0.2686624627052447 1 0
297 0.2375290123603415 1 0
298 0.2099926922237962 1 0
299 0.1847490578795341 1 0
300 0.1601158501622537 1 0
301 0.1354826424449849 1 0
302 0.1108494347277205 1 0
303 0.08621622701044185 1 0
304 0.06158301929318277 1 0
305 0.03694981157591126 1 0
306 0.01231660385862998 1 0
307 -0.02445854472536059 1 0
308 -0.04891708945072018 1 0
309 -0.07337563417607849 1 0
310 -0.09783417890143678 1 0
311 -0.1222927236267951 1 0
312 -0.1467512683521534 1 0
313 -0.1712098130775133 1 0
314 -0.1956683578028816 1 0
315 -0.2211744792608002 1 0
316 -0.2499459267013079 1 0
317 -0.2824601070699704 1 0
318 -0.3192038891754574 1 0
319 -0.3607274780076864 1 0
320 -0.4076526661078498 1 0
321 -0.46068209463133 1 0
322 -0.5206098602640939 1 0
323 -0.5883333134797059 1 0
324 -0.6648665655136909 1 0
325 -0.7513556523938991 1 0
326 -0.8476480641553853 1 0
327 -0.9454822430569089 1 0
328 -1.043316421958433 1 0
329 -1.141150600859956 1 0
330 -1.23898477976148 1 0
331 -1.336818958663003 1 0
332 -1.434653137564527 1 0
333 -1.532487316466291 1 0
334 -1.630321495368538 1 0
335 -1.728155674270785 1 0
336 -1.825989853173033 1 0
337 -1.92382403207528 1 0
338 -2.021658210977527 1 0
339 -2.119492389879775 1 0
340 -2.217326568782022 1 0
341 -2.315160747684269 1 0
342 -2.412994926586516 1 0
343 -2.510829105488764 1 0
344 -2.608663284391011 1 0
345 -2.706497463293258 1 0
346 -2.804331642195506 1 0
347 -2.902165821097753 1 0
348 -0.01222927236268003 1 0
349 -0.03668781708804039 1 0
350 -0.06114636181339951 1 0
351 -0.08560490653875828 1 0
352 -0.1100634512641153 1 0
353 -0.1345219959894741 1 0
354 -0.1589805407148338 1 0
355 -0.1834390854401944 1 0
356 -0.2084214185318414 1 0
357 -0.2355602029810549 1 0
358 -0.2662030168856391 1 0
359 -0.3008319981227114 1 0
360 -0.3399656835915728 1 0
361 -0.384190072057779 1 0
362 -0.4341673803695899 1 0
363 -0.4906459774477129 1 0
364 -0.5544715868719058 1 0
365 -0.6265999394966958 1 0
366 -0.7081111089538089 1 0
367 -0.7995018582746156 1 0
368 -0.8965651536061485 1 0
369 -0.9943993325076854 1 0
370 -1.092233511409184 1 0
371 -1.190067690310714 1 0
372 -1.287901869212231 1 0
373 -1.385736048113748 1 0
374 -1.483570227015308 1 0
375 -1.581404405917441 1 0
376 -1.67923858481966 1 0
377 -1.777072763721943 1 0
378 -1.87490694262415 1 0
379 -1.972741121526394 1 0
380 -2.070575300428684 1 0
381 -2.168409479330868 1 0
382 -2.266243658233153 1 0
383 -2.364077837135413 1 0
384 -2.461912016037625 1 0
385 -2.559746194939878 1 0
386 -2.657580373842115 1 0
387 -2.755414552744373 1 0
388 -2.853248731646604 1 0
389 -2.95108291054888 1 0
390 -3 0.8999999999995836 0
391 -3 0.7999999999999998 0
392 -3 0.7000000000006934 0
393 -3 0.6000000000013869 0
394 -3 0.5000000000020587 0
395 -3 0.4000000000016644 0
396 -3 0.3000000000012483 0
397 -3 0.2000000000008322 0
398 -3 0.100000000000416 0
399 -3 0.9499999999998356 0
400 -3 0.8499999999998515 0
401 -3 0.7500000000003858 0
402 -3 0.6500000000010593 0
403 -3 0.5500000000016854 0
404 -3 0.4500000000018616 0
405 -3 0.3500000000014563 0
406 -3 0.2500000000010403 0
407 -3 0.1500000000006241 0
408 -3 0.05000000000020799 0
409 -0.1563739344254692 0.5041227980880074 0
410 0.2967398689427734 0.5216775881034572 0
411 0.03854209271545361 0.7088148206708057 0
412 -0.2104506090642478 0.7527283172110404 0
413 -0.6080660470837743 0.542124922158454 0
414 0.235190087219615 0.7832093872512207 0
415 0.8069123549016424 0.5063637590553173 0
416 -0.06148218531084696 0.837206593868987 0
417 0.0862162270104485 0.8525562969697582 0
418 0.4975723261916728 0.7433194727418702 0
419 -1.115870755532516 0.4968141683493118 0
420 -2.462820358079845 0.4982776928329222 0
421 -1.87483219600146 0.4975316199998494 0
422 4.457279749124316 0.4944029767556601 0
423 3.862174931928107 0.526187310918421 0
424 3.265904915365097 0.5233029914260281 0
425 2.679932800713396 0.5265282876087528 0
426 2.093281489362017 0.5011910206523178 0
427 1.300485677586248 0.4908682002738983 0
428 -0.4372654940201907 0.7733512717429485 0
429 -0.1589805407148334 0.890336004160301 0
430 0.1850756073766178 0.8947448914905446 0
431 -0.2955650355421525 0.8608942851895531 0
432 0.0754993811157092 0.4792907304343345 0
433 1.689616843482549 0.5811648698540848 0
434 -1.490307075329828 0.6049963744214146 0
435 0.01177130374738331 0.905606824226391 0
436 -0.08939356439533902 0.7251117631279135 0
437 -0.3409532816433937 0.5908068863431652 0
438 -0.3859529049822246 0.3080727105432324 0
439 0.528805391112253 0.3136512343699953 0
440 0.2962139733550907 0.8854453363912631 0
441 0.2491189895546121 0.2685746679750836 0
442 -2.177622271896668 0.6703955197866196 0
443 4.173773686383071 0.672818291908111 0
444 3.571273952398277 0.6653513704470339 0
445 2.988330189148622 0.6584561514836667 0
446 2.406738628851798 0.6636640010099353 0
447 -0.05433963951778044 0.2648318673374917 0
448 -2.175524064831822 0.3274167631367899 0
449 4.147374898447774 0.3438110362574747 0
450 3.579204776259842 0.3298653060754237 0
451 2.966187048867897 0.3355347968074887 0
452 2.394828795448566 0.3288875630591686 0
453 0.1776636250171441 0.634663199826107 0
454 -0.08204941574042245 0.9185267901743592 0
455 -0.8506533683354861 0.3182441624193684 0
456 -0.03184597787579604 0.5782575157265482 0
457 0.1351313485821518 0.755810006057851 0
458 -1.378432712661724 0.3122715590262011 0
459 1.559555742844948 0.3136024633257463 0
460 1.048530392906788 0.3057007458974295 0
461 1.061722713420077 0.6788614966326525 0
462 -0.8851859618252759 0.6945995151457571 0
463 -0.2362083303859153 0.9226047241649473 0
464 0.1108494347277196 0.9247348604960448 0
465 0.01612988208147619 0.8018090510971266 0
466 4.694307577607896 0.6944233838509286 0
467 -2.695856146989334 0.7013181898568012 0
468 4.700303193106608 0.3116180404341673 0
469 -2.700401041195764 0.3086811259312299 0
470 1.847212205664958 0.3030107165103669 0
471 -1.656234046129076 0.2976872235940569 0
472 0.763684883402814 0.7413661044944378 0
473 -0.6692030250309302 0.7693877518398451 0
474 -0.1418616879723565 0.8048385769849895 0
475 1.951138867066746 0.7319959734607417 0
476 1.459563486402554 0.7228004121372765 0
477 -1.255794780933719 0.7309287294672314 0
478 -1.735353559119092 0.7365268693107514 0
479 -0.1793687202082041 0.6263043605899697 0
480 0.3697023316780987 0.7677874949504766 0
481 0.5073034236712975 0.5346916324817568 0
482 -0.2181806601419174 0.8334354163382213 0
483 2.643092398795361 0.2549588734368263 0
484 0.4275685677393278 0.880436487208593 0
485 3.864510006337961 0.7395534039764071 0
486 -2.415627178904907 0.7473301250176126 0
487 0.1548821028155448 0.8269441434778247 0
488 3.275676212268515 0.7379430284211616 0
489 3.228925949583542 0.2487032457005466 0
490 2.682158424848393 0.7398348910164251 0
491 4.401920681273401 0.7470598573896349 0
492 2.126404081684989 0.2519873831998812 0
493 3.834012509340403 0.2519418796430669 0
494 4.396793324418676 0.253909226718367 0
495 -2.404554669721362 0.2535015897160734 0
496 -1.91540003733101 0.2542188151727003 0
497 -1.120736339062413 0.2607989291190988 0
498 0.7813997799938841 0.2505255710189316 0
499 1.322124384561874 0.2465332254749128 0
500 0.2913647775331917 0.6791659945528752 0
501 0.2346186948182376 0.9367168949337947 0
502 -0.6187706714582768 0.2430470251867008 0
503 -0.3256990593388742 0.7475231985944401 0
504 2.177667333056558 0.7791143126336103 0
505 0.05529725799531055 0.9340607346368288 0
506 -0.05056789545936576 0.7701270796272244 0
507 -0.1369211760250113 0.9418710418121702 0
508 0.07538686912679123 0.6057797268234604 0
509 -1.962538316287649 0.7719677223980349 0
510 -0.4106801558437263 0.8833015642589421 0
511 -0.5493521747611601 0.8615746925911791 0
512 0.5548483952143213 0.8778027029082113 0
513 0.02941653695757578 0.8530044024390274 0
514 -0.02894387050582794 0.9410378152626476 0
515 0.08091606954481098 0.7876080216708926 0
516 -0.1082681981199089 0.870613762108819 0
517 0.1620299184066147 0.9464036632475544 0
518 1.244497308645497 0.7804512332617098 0
519 -2.78677785561533 0.4914309869459648 0
520 4.771067716089019 0.4993497307383553 0
521 0.1341015651837361 0.8765066280831818 0
522 -0.489880977732162 0.6213602665089165 0
523 -0.448745194359668 0.4599220614010477 0
524 1.886142499985135 0.507954603163196 0
525 -1.060250001861745 0.7925985188021103 0
526 -0.04112885883383047 0.8869549598179609 0
527 1.699150238351077 0.8156850178659157 0
528 1.52541020761777 0.5198420438826487 0
529 -1.661944927888686 0.4805034382204299 0
530 -0.2990931905951845 0.4567338112214426 0
531 -0.2667651458610323 0.6763594666496128 0
532 -1.486195023273714 0.812975298740817 0
533 -1.318394354781199 0.5100728968727027 0
534 2.803446254695149 0.2114670666539449 0
535 3.408953661700014 0.2016601315567677 0
536 4.003279984892179 0.2014969641209522 0
537 -0.1903503916880467 0.9477552226862953 0
538 -0.2964681606480497 0.9372978942345074 0
539 0.4081726098733921 0.6547923328356067 0
540 -0.8219001433535077 0.5000733666564525 0
541 0.10791512696183 0.6861301444358994 0
542 -0.04053937867636218 0.4611037500611845 0
543 4.251646267142024 0.5045405464812682 0
544 3.65868486057881 0.4984927516717211 0
545 3.079148752713658 0.5013127487161476 0
546 2.476407006733624 0.4986656623794815 0
547 0.9950008035186402 0.5029440492164704 0
548 0.2099139238049363 0.4181814278109331 0
549 0.382336571439009 0.3969957700374701 0
550 0.08489337953706455 0.3203653393796654 0
551 0.05870196103006074 0.8858075621503195 0
552 -2.264984306310263 0.5019735890323622 0
553 -0.1942102458461293 0.3633410616036728 0
554 -0.02940087271701015 0.662742829007041 0
555 4.060631277770464 0.500431072386742 0
556 3.469238620075425 0.5008658371262912 0
557 -2.073986484721809 0.4976689078881855 0
558 2.8778851707799 0.5012050042268539 0
559 2.289787791608848 0.5032913891022963 0
560 0.202206138699172 0.7153528235030173 0
561 -0.2468878095734335 0.1760526084493854 0
562 1.696029700221551 0.1869037927723656 0
563 0.2400312740260498 0.8563475484473808 0
564 4.045652599821841 0.8136834701368962 0
565 3.687361360493536 0.8325479641531103 0
566 3.432087921001012 0.8315589298368484 0
567 3.096177800582101 0.832580850260911 0
568 2.840911728898839 0.8316299053261311 0
569 2.510634590004274 0.8168621158349303 0
570 -0.01056597883850644 0.831449295617362 0
571 0.6276861343843735 0.6422633193687951 0
572 -1.5111527745164 0.1875585895386214 0
573 0.9294684986739439 0.816183169106286 0
574 0.4196442245188954 0.1856659869327776 0
575 1.707956395214694 0.4079550474947654 0
576 0.011308094629475 0.9560887718102868 0
577 4.560995178659976 0.1693142411053751 0
578 4.567229375780347 0.8301116707193439 0
579 -0.08901144731870866 0.7996211718738201 0
580 -0.9678628035293679 0.1799429967211785 0
581 -2.568105285973671 0.8355808623223003 0
582 4.839472548335869 0.8336842747294334 0
583 -2.839882413606981 0.8161036995475568 0
584 -2.564641010147715 0.1677874127950885 0
585 4.816707794428923 0.1646469652545313 0
586 -2.817983005865377 0.1639002748316353 0
587 3.041373483855716 0.1864097984502571 0
588 3.635385940369136 0.1592503531689032 0
589 -2.251118596757125 0.827762096138118 0
590 4.238639105917729 0.8359830533958876 0
591 -2.244418691780985 0.1662376907897578 0
592 2.463662673115416 0.1722084699979509 0
593 0.9407522404306445 0.180212566212048 0
594 -0.1021650363589392 0.6403284723952722 0
595 4.23894752876826 0.1686359025881711 0
596 -1.512317481154988 0.427146528587182 0
597 -0.1467994581115748 0.7448113295095302 0
598 0.1464970352757693 0.5472861414127969 0
599 1.148561894886164 0.1692026113207011 0
600 1.984857244411002 0.1776765110256619 0
601 0.06744030482066174 0.1590035097741981 0
602 -0.7977436183605742 0.8514563378144 0
603 -0.0003474537628448585 0.7481710252799632 0
604 2.33808262850051 0.8275204008904575 0
605 0.6235523899361649 0.1637194661923286 0
606 -0.3959755871380727 0.6822404352368321 0
607 0.2980570712636831 0.8185404862037191 0
608 1.465119166780837 0.1580676535026404 0
609 2.298831147835851 0.1616747681812328 0
610 -2.081261851136038 0.1800267603068333 0
611 0.655221845223945 0.4529713995513909 0
612 -1.282943631625276 0.1702948000618729 0
613 0.8882571706820314 0.6484729465732364 0
614 -0.7713339600510626 0.1677158392892128 0
615 -0.7114994052129677 0.3862020880652565 0
616 -0.08969307582640099 0.9554788818971106 0
617 4.621697937380015 0.4584150831410633 0
618 -1.015059286054138 0.3746664035729781 0
619 0.2964971363601121 0.9432590046121894 0
620 -1.785118582367988 0.1745348082049926 0
621 -2.62704324695923 0.4600145243789615 0
622 2.781260837136491 0.3645487249533216 0
623 3.372516387081677 0.3600344687867938 0
624 3.958971812716102 0.3537487510275149 0
625 3.736900595867961 0.6487703836511904 0
626 -0.2423929875838337 0.5564637612167646 0
627 3.151151231484383 0.648471038564804 0
628 2.556889483562772 0.6496410178151266 0
629 4.533026269206228 0.6496337231648296 0
630 -0.3675552730632751 0.8195274641927015 0
631 -0.4719047760060648 0.1608174616212502 0
632 0.9013170225669779 0.3641876281946913 0
633 3.983635959654261 0.6550946889150813 0
634 -2.534731151277572 0.6564197844115093 0
635 3.406968736856762 0.6533842840587879 0
636 2.7972209080151 0.6560251182832175 0
637 0.09031482640206777 0.9600148501292453 0
638 1.152566454002895 0.4419883819645988 0
639 -0.1470443116934094 0.8496967890859708 0
640 2.01607765006222 0.3559559702500689 0
641 1.098688408729495 0.8431183157091038 0
642 0.04166937294875687 0.7640702398828767 0
643 -0.5466994801779721 0.7443962962905357 0
644 0.3619811424606181 0.9203744785757269 0
645 1.196584365176855 0.6206833347895243 0
646 1.411896444033719 0.3801220257988743 0
647 -0.9663185525453355 0.5589974216428218 0
648 -0.204796068872403 0.8837624692123103 0
649 -1.221315860383712 0.3836744733750055 0
650 -0.2601393837732972 0.7968719230906274 0
651 4.84727815002759 0.3500423356339017 0
652 4.840750524333544 0.6423895341783115 0
653 0.7004232180168244 0.866509320973443 0
654 -2.848109965556459 0.3499266524538911 0
655 -2.840983195508425 0.6428095142446907 0
656 0.08795679874759001 0.7290566776447348 0
657 0.111512382747993 0.818445135262157 0
658 -0.7315584778609083 0.6370934214375107 0
659 0.1847660922152944 0.7800359732471009 0
660 -0.1209016412146466 0.9049819354235928 0
661 0.2023497275131039 0.9590285986108243 0
662 0.05758525207121008 0.8234834356754026 0
663 -1.8109392363298 0.3511939004681713 0
664 2.03777308415106 0.8540198602373694 0
665 4.527186646338579 0.3318759736300709 0
666 -1.637501013585899 0.8460229602152713 0
667 -2.086475350101909 0.8553121629827392 0
668 -1.122257307908311 0.6541145711385702 0
669 0.1277148993338378 0.9608856635127081 0
670 1.855391196599128 0.8517140956682105 0
671 1.555058546258431 0.8400910020053074 0
672 -2.53188429070368 0.3398250116607138 0
673 -1.826807151264227 0.8453952009148925 0
674 -1.985109864411525 0.622884279868109 0
675 0.0964134606319061 0.8898009873000773 0
676 2.077993420736431 0.6510618568937282 0
677 0.3622962305886484 0.8467632772487654 0
678 0.2959940896789846 0.7486130867259502 0
679 0.1946419545872846 0.8438058192387755 0
680 0.5088553239539254 0.9227540453469741 0
681 -0.1758644079528706 0.682722337520703 0
682 -0.2310792390663256 0.955020020732154 0
683 -0.007309238544128233 0.8706519106933863 0
684 0.6088004260075734 0.7587765494384087 0
685 1.382504717057372 0.8571139386563844 0
686 -1.342123201720245 0.8516679062221136 0
687 0.1458354229019631 0.9118831926235781 0
688 -1.190067690310718 0.8627105477117681 0
689 2.19007406220072 0.3898107410471562 0
690 -0.6620206143921026 0.8874605379622595 0
691 4.355535925972501 0.6067313441301494 0
692 -0.554895531866611 0.372418463518999 0
693 -1.971643822295678 0.390665667708045 0
694 -0.370424149969816 0.9397012919368554 0
695 -2.368383358347636 0.6055330284606141 0
696 -0.04158166013725047 0.7251396924974275 0
697 1.842069976815469 0.1386987125283982 0
698 -0.1112591546256521 0.5520689527794912 0
699 -2.365705889890598 0.3926692314140556 0
700 2.256318606360844 0.6436450210819155 0
701 -0.4852752639303881 0.921152888399122 0
702 0.4187989827749836 0.5447263860747343 0
703 2.594171521737245 0.3980753593375818 0
704 3.106816774798877 0.3536027373032455 0
705 4.296259152920707 0.3564629517840357 0
706 3.776464923740146 0.3980683180942103 0
707 0.2555735311163865 0.6039352056906774 0
708 1.799204837313227 0.699496890311863 0
709 1.599098049666972 0.6994968903118627 0
710 1.34706088645221 0.6392910509006816 0
711 -0.1100830908981776 0.8315066148206016 0
712 -1.593902684870507 0.7127168958993897 0
713 0.511565363967068 0.6251853470284381 0
714 -1.636402884200282 0.1366255147448164 0
715 -0.1598667607753869 0.9663140001674778 0
716 0.2539871903382388 0.1282872395652507 0
717 0.03689613502885412 0.641590138916672 0
718 -1.759370166161806 0.6023714633053883 0
719 -0.9374606034080868 0.8608205054946259 0
720 -0.04328901281067472 0.8090486897582485 0
721 -0.0739392989592725 0.8833369165165721 0
722 -1.392135348289869 0.7013009230910997 0
723 -0.1072942058010173 0.1346309165338605 0
724 -0.1863858062251068 0.79686574473617 0
725 3.88598307839926 0.1272313630225419 0
726 1.192244140597013 0.3099513639222318 0
727 3.294791196844323 0.1273881879581635 0
728 2.696682566069656 0.134084002652408 0
729 0.4535875805859367 0.7936164185404381 0
730 0.2267701583352161 0.8941943220469218 0
731 -0.1607304926733342 0.923407197230055 0
732 4.697904517176496 0.133044442789757 0
733 0.03474950778481958 0.5435277893466633 0
734 -0.2523156437204114 0.8765411960374565 0
735 4.694349067839613 0.8656390832255624 0
736 0.3357617954141454 0.6080604203173352 0
737 -2.691472769229674 0.8652474648667801 0
738 -2.700414376650167 0.1316521718361516 0
739 3.571273952398276 0.876741833891471 0
740 2.980076967183773 0.8767476425655159 0
741 -2.455783386862904 0.1326751359844413 0
742 4.444493525619547 0.1488671002199966 0
743 4.352069800629097 0.8666055901291896 0
744 -2.356619203240799 0.8666810755742798 0
745 0.7558480104543369 0.6212996938280274 0
746 2.955203193452761 0.1410639382450602 0
747 4.115966029268895 0.1306404490017775 0
748 -1.949689509129609 0.1226086543017146 0
749 3.542532548882682 0.1464723813404092 0
750 0.07748682288045727 0.9204505408331566 0
751 3.949934953258704 0.8638837532703614 0
752 0.7449542536399749 0.1264149617793529 0
753 3.349674325079211 0.8531925068406164 0
754 2.758482291125557 0.8532655559953281 0
755 -0.01693267777867677 0.3558893825546205 0
756 -1.859605806623076 0.6912086924292041 0
757 1.346867764526436 0.1287069536152222 0
758 2.14999999999567 0.1208262570970305 0
759 0.7943561787752974 0.9097185704664833 0
760 -1.146607059392957 0.106623155530177 0
761 1.592062570545792 0.1300825963070746 0
762 -0.26508252320639 0.9685610795701866 0
763 -0.08113148273858249 0.7577968719567779 0
764 -0.1382140265139422 0.6898654660319004 0
765 0.1857832766078929 0.9243276529565062 0
766 -0.06017826455226193 0.9633719676638897 0
767 -0.01642221886235019 0.7900241374285569 0
768 -0.6047914388345645 0.6401825455507213 0
769 -0.12899146707848 0.7747390608844382 0
770 -0.1950209782662242 0.9090570858202758 0
771 -0.6469891791489683 0.1167355392652045 0
772 0.7652120910275089 0.3770771349571252 0
773 -0.05000824985064094 0.9177509760268558 0
774 2.596180674262588 0.8618214466382597 0
775 3.194055699493889 0.8533211539854076 0
776 3.785225153177104 0.8532737212866833 0
777 0.03765324873370153 0.9676988164941447 0
778 -0.1141947609755352 0.9685438597265197 0
779 2.500064867856561 0.2989750287314735 0
780 3.238813791963975 0.3789943097835771 0
781 3.682871722200817 0.2988167065924508 0
782 -0.1778289199092731 0.8616553218164308 0
783 -0.427211226302557 0.5549981988965439 0
784 -2.67751882491836 0.5848103002026391 0
785 -2.284770476533828 0.2950698758214351 0
786 0.2318963466423375 0.4907871491860952 0
787 0.6650264865091122 0.3007316426363012 0
788 -1.547264931313623 0.3084922519928799 0
789 3.882578389502641 0.6225532467897807 0
790 3.297185800712753 0.6194497062387192 0
791 2.703069133830116 0.6213221918652937 0
792 -1.39797787955494 0.1305516692893577 0
793 -0.1242741787629686 0.4048984347277889 0
794 -0.2626197557360863 0.7257084453350353 0
795 -0.4754769792070611 0.8264676630833911 0
796 0.1531366864249578 0.7094713203579639 0
797 4.686795093561709 0.5726075356159187 0
798 -1.252579208261999 0.581603864585253 0
799 -0.365899464116131 0.1056520357078498 0
800 4.276887987470069 0.704862825055367 0
801 0.03645064835061675 0.9160503022924318 0
802 4.418178120762283 0.3822710603232275 0
803 -2.282782130874154 0.705395905597712 0
804 2.191814320231101 0.8869161687652194 0
805 -2.046139345784308 0.2909041622825988 0
806 -0.03892476509858652 0.8576012098474204 0
807 0.1177854673507081 0.8492831997006849 0
808 3.735837714759677 0.09888404121537638 0
809 -0.01206128966488736 0.969234997795109 0
810 1.048841329734528 0.1096181430417773 0
811 3.157964352801232 0.09485172084402874 0
812 -0.9050596181010316 0.423280543532061 0
813 2.556663681307642 0.1252629440367164 0
814 -0.3438514690957618 0.8801969404918438 0
815 2.264304304974618 0.2915369861631026 0
816 -1.006218037023599 0.687807719746893 0
817 0.4265144616364542 0.940391880370529 0
818 -0.4249312888583734 0.9427721480886041 0
819 0.2365408523416444 0.9685919885679222 0
820 0.1398462622292642 0.7981458079363994 0
821 0.02405570646039506 0.8848210862045567 0
822 0.3473356684523797 0.7103128399900551 0
823 1.939132455429106 0.5961673247584198 0
824 0.5106928561321062 0.1203568770801657 0
825 0.1619545867715389 0.8665691607177475 0
826 0.2952896010444241 0.4445806258603048 0
827 0.2388442937009725 0.6586899992640735 0
828 1.095614007297518 0.5733791084900298 0
829 1.29930639192956 0.3902673208047307 0
830 -0.00431290494797754 0.7068430305440329 0
831 0.4946835881276554 0.4114486390415946 0
832 0.05534336406106347 0.7925442640223233 0
833 -1.988507282464017 0.8878528340714056 0
834 1.595975409562831 0.4285514156324693 0
835 0.05755901095266557 0.8611462218735104 0
836 0.2683041196224316 0.9059409367421973 0
837 -0.3273557834451907 0.6767302514456298 0
838 -0.1042271001371813 0.9376834695321439 0
839 -0.02198509385511938 0.9222915075107161 0
840 1.206307619710834 0.8922404785144029 0
841 4.130514728759696 0.8774077620857935 0
842 -0.7147226365282406 0.2861871318668301 0
843 -0.292147361010439 0.3347764661869793 0
844 0.1285921049314634 0.3993611998144567 0
845 0.01556906205829255 0.8276172360945583 0
846 -0.2634351138669174 0.8379696441184665 0
847 -2.056113029005632 0.7009753335152417 0
848 -0.1711419969312933 0.8272675251177112 0
849 -0.2981988332531877 0.8140044414157847 0
850 -0.7699158091502047 0.739838305570783 0
851 0.1601158501622613 0.9738664058199782 0
852 1.675630792826964 0.3035968743549897 0
853 -0.4707712870110702 0.7062307026192078 0
854 -2.89245000822597 0.4570890283064897 0
855 4.892674267612882 0.4567375345109947 0
856 -0.2197973153184574 0.4315871373365712 0
857 -1.660673260685565 0.576098880091477 0
858 0.1398424470710208 0.2305959013903192 0
859 0.1253948833225093 0.6318563522823643 0
860 -0.5167940963913025 0.527834782194621 0
861 -0.8588526279800703 0.1027139791335268 0
862 -1.611123473310061 0.3917513137735514 0
863 -0.08854674456169026 0.8479560049363146 0
864 -0.1641034127324883 0.2475838584016328 0
865 0.2472967475223481 0.7392164191356172 0
866 2.389902808210081 0.5522292551181008 0
867 2.989538825191847 0.4435496724605041 0
868 3.571201011642046 0.5515060556362462 0
869 4.155879298519213 0.453111250093311 0
870 -0.5437607059523796 0.9324712454845274 0
871 -0.487115344871789 0.2714464257839508 0
872 4.461179815520857 0.9065987203614213 0
873 0.6188107365887928 0.537640852024356 0
874 1.821295574746518 0.4115142610948074 0
875 1.770277591448324 0.5191245136795205 0
876 0.3502426505814996 0.2852384244776872 0
877 1.512072451161437 0.627052708236055 0
878 -2.17081464495167 0.5534579881155414 0
879 -0.2406552955751406 0.6158908745355279 0
880 -0.3466460158744021 0.5160834476058738 0
881 -1.388058019397598 0.4213901084515969 0
882 -2.455953302292378 0.9151902759114539 0
883 0.4278841388743139 0.7333825609652554 0
884 4.349301327456415 0.08977431953757838 0
885 -0.06667012332044371 0.9400649540429381 0
886 0.02022842297282777 0.5980493406307003 0
887 0.2834475463317661 0.3559621764869562 0
888 1.008021560649332 0.8991630303169134 0
889 -2.354131691115584 0.1011945054675761 0
890 0.4797059562385798 0.8601835955436888 0
891 0.6284736960632764 0.9203196370445887 0
892 0.210188304734943 0.8092501021393206 0
893 2.432185488783661 0.8741623830459356 0
894 -0.176010833834415 0.5615292086377448 0
895 -0.1832377034329491 0.9735255414996554 0
896 -0.135473267082584 0.8728614434814643 0
897 1.991901681995575 0.4653918296988978 0
898 -2.170742381500937 0.4448583480113847 0
899 0.2733994170198434 0.9711187309712619 0
900 0.1794589158111722 0.3292034800418746 0
901 1.425275628878994 0.2707409828949738 0
902 -1.274604093531685 0.2830294855203661 0
903 4.168477591679888 0.5549885596894063 0
904 0.1555843022082991 0.4735638825335012 0
905 3.574954212558106 0.4413342844431025 0
906 -0.2694394151338634 0.9077646993646684 0
907 2.986780586734294 0.5555444703099494 0
908 2.391185339194664 0.4432557109235045 0
909 -2.154533642864954 0.1045118363242955 0
910 1.403714826711291 0.5552624239206542 0
911 -1.092072082856818 0.8995620585521429 0
912 0.8467198348395818 0.08917048912346411 0
913 0.1991329968788065 0.5815330255756614 0
914 -1.731380409017222 0.8912999598440221 0
915 4.901041326233559 0.259256393732683 0
916 -2.901565197680541 0.2590179131571565 0
917 4.720685917826478 0.4119306493474278 0
918 4.90071072138746 0.7458152722368584 0
919 -1.780399996990001 0.4571419013703254 0
920 -1.041776382864861 0.09837822599960296 0
921 -2.900836305405093 0.7458895114672767 0
922 4.051982315036607 0.2951754417655437 0
923 -2.722679647816545 0.410405091600723 0
924 2.868046877675298 0.2982763336245476 0
925 3.461675488293585 0.2948020193087102 0
926 2.732471091295987 0.2775127502380723 0
927 0.06688653433333919 0.9737588370751178 0
928 1.143332922074715 0.7459580456985462 0
929 3.32223003043428 0.2678387794457181 0
930 3.913461388587792 0.2723453866338628 0
931 1.364072468598089 0.7487041736611191 0
932 0.08540822878539667 0.8247176810943123 0
933 3.968021978641761 0.5569355067799032 0
934 3.381827510280985 0.5604996884041034 0
935 -0.06649290443058777 0.6701215355919119 0
936 2.784266448535154 0.5555271806578372 0
937 4.145736665718905 0.7786071810567277 0
938 0.01086055689564104 0.4253318453152372 0
939 2.387349708058719 0.1192820483149882 0
940 1.944883572563921 0.89258661406035 0
941 3.747118989875071 0.5439918952385153 0
942 -0.370465772451041 0.3968118408513482 0
943 3.171696246674029 0.5469295985435622 0
944 2.565151978274529 0.5442394716610389 0
945 -1.563947244808255 0.5234473680178174 0
946 0.06645533445680298 0.6784383877816625 0
947 -1.38776723682351 0.5982566682076838 0
948 -0.05783975305747405 0.5225969353455204 0
949 0.3653901273436317 0.4842902887885138 0
950 0.3362417168271432 0.9584077552596019 0
951 2.189864027760864 0.5487822308291421 0
952 -1.117915560449788 0.3542674550984182 0
953 1.249137166717761 0.08825460655097987 0
954 0.3403492380097115 0.09144529769413541 0
955 0.119793112540952 0.8993483459295089 0
956 3.58968610608593 0.7710466021692514 0
957 2.998506537296281 0.7710783931016444 0
958 4.561337021848907 0.5466838907879573 0
959 0.9050093955229068 0.5506648083441463 0
960 -2.560254189323034 0.5556332196455529 0
961 0.1361805605093178 0.936797181078819 0
962 1.699150125991478 0.9080991802998788 0
963 0.9850304342427466 0.6105313363023452 0
964 -0.2202914744566233 0.794036239237657 0
965 1.615014133866483 0.5328339570818311 0
966 2.295753770108256 0.3959854005982847 0
967 1.839636001252417 0.6041575802511754 0
968 0.1610816621836857 0.1058433967936953 0
969 -1.546883476419149 0.8988534840584329 0
970 -2.074477891421023 0.4011852416604013 0
971 -1.038951550749998 0.2767177963828557 0
972 0.00240541428728627 0.9312383109316399 0
973 -0.06710871366115667 0.8132040162039376 0
974 0.1100806000432601 0.7878682087313476 0
975 4.899252947523792 0.8936215139441837 0
976 0.1711613921599598 0.7433118407012125 0
977 -0.382685266151487 0.7411994760272584 0
978 1.762138156039426 0.0938210193362469 0
979 0.8789555401037135 0.2664509681957161 0
980 -2.895831856582371 0.8959455850170508 0
981 2.056106640930171 0.08854265745673613 0
982 -0.7102400844839541 0.4944180033578309 0
983 2.260937813478985 0.7444580873970288 0
984 2.959627357830466 0.2390772788321093 0
985 4.895404484567679 0.1045955154323296 0
986 4.916232002185503 0.567271282790307 0
987 -2.916215541651722 0.567502095623063 0
988 -2.26323739348788 0.6073027665767968 0
989 0.5642711017168374 0.6928175762767003 0
990 -0.8676039009248222 0.2153580450920899 0
991 -2.899533513617061 0.1065535805820519 0
992 -0.7979284364301436 0.4081534945522894 0
993 -0.1591821113189769 0.7821868275055569 0
994 -1.853868257141221 0.08843727890550175 0
995 3.555922041066606 0.2295123480031 0
996 -0.09530728163576983 0.894033111692937 0
997 -0.05802426038677436 0.6200437117607991 0
998 -0.5497850828554112 0.0911415397978908 0
999 -0.01470810314202901 0.103820225613571 0
1000 3.973883266302311 0.1151365385466294 0
1001 -1.43549456823975 0.8931772859629894 0
1002 -2.157925357418302 0.2290351464216931 0
1003 -1.218436056764933 0.4838374160704716 0
1004 -1.161983966632155 0.7590015110060466 0
1005 2.852904589222685 0.1025358328211108 0
1006 4.141383315218437 0.2359304013976113 0
1007 -2.168933229535502 0.8995541225730903 0
1008 -1.557055708310133 0.08061305828989199 0
1009 0.5397331546831249 0.8018593744518927 0
1010 3.380132188573492 0.1042145090910756 0
1011 2.421984778779747 0.7717471734280632 0
1012 2.376322653923947 0.229688612337083 0
1013 4.346784845495524 0.4638871416738557 0
1014 -2.273061668073256 0.3913620466124976 0
1015 -2.150154586764177 0.7801350669453868 0
1016 1.00303131668988 0.3913924781815347 0
1017 0.08786623372789561 0.5500183518108989 0
1018 3.472837625285341 0.397821260723196 0
1019 -1.005588465580481 0.4813232833416357 0
1020 0.1438233843905068 0.8521787883017895 0
1021 0.8661483739240661 0.7372542016727436 0
1022 2.875132106552845 0.4001243956295896 0
1023 -0.1007649974883443 0.3366280354329582 0
1024 0.09874723208921388 0.7591311483467638 0
1025 -0.05932247575115378 0.864759721170659 0
1026 0.9743035650196865 0.7211068635210173 0
1027 -0.3377605308138434 0.9628169254964469 0
1028 3.774152393036142 0.7574637129743251 0
1029 3.184093916729236 0.7572416313738546 0
1030 4.054110567859937 0.4005840517002158 0
1031 2.590013089632532 0.7539330567430689 0
1032 -0.3029193381434295 0.8986234465736194 0
1033 -0.8677244585158093 0.5878722897474776 0
1034 4.272677366350289 0.6093393222785981 0
1035 0.5074600492977922 0.2218663350766765 0
1036 -2.072554003470289 0.5943218281028024 0
1037 0.1872007760585458 0.9782549024621261 0
1038 -1.751262309830613 0.2783339313509936 0
1039 3.65242295150659 0.9308791228076569 0
1040 3.491815337588064 0.9138456071314627 0
1041 3.061231836260982 0.9308845384210797 0
1042 2.900624326480221 0.9138600892986555 0
1043 2.042468403249385 0.2629670646970468 0
1044 4.598251263949162 0.7235484152939315 0
1045 -2.599302869683406 0.7274089264631223 0
1046 -2.462050380097192 0.4061440709439005 0
1047 3.120206501216451 0.2620216713628304 0
1048 3.955302964021376 0.7591401603839572 0
1049 1.207368729269686 0.5267540106574289 0
1050 3.48550985093956 0.7277679062355494 0
1051 3.365211865604175 0.7595542885736706 0
1052 2.773868374467567 0.757142708103648 0
1053 2.890625713178837 0.7267683628091776 0
1054 1.478010730664897 0.9052958564135476 0
1055 4.296196124737921 0.2558471081241024 0
1056 -1.418980868320541 0.2272745069035307 0
1057 1.040090271723745 0.216649247317645 0
1058 0.5634491838223797 0.9441752770599546 0
1059 0.1103598671486364 0.9761081646234416 0
1060 2.674301895875539 0.3441497265079592 0
1061 3.85423188776666 0.3367898966350411 0
1062 0.03076089059761275 0.2445955827328261 0
1063 -1.443465235382563 0.5142183240930662 0
1064 1.69327297335491 0.7017316192725169 0
1065 2.492614031357987 0.3922356920904734 0
1066 -0.4166017707908222 0.8322885339378675 0
1067 3.675294978920672 0.3920636669612577 0
1068 -1.494848234522289 0.7074822410294926 0
1069 1.754973661718762 0.2675887012973535 0
1070 1.610646779404175 0.2280133091292941 0
1071 2.061270872247156 0.750850614095528 0
1072 -0.004161287556056745 0.8089432411520244 0
1073 0.03098719639342294 0.9407687947830556 0
1074 3.179076000873204 0.4356084107831409 0
1075 4.498409562865489 0.736955081259332 0
1076 4.791482358744318 0.2757604019337694 0
1077 -2.792524530101346 0.2747319195330913 0
1078 4.792151201213866 0.728816855314173 0
1079 0.3225414208185744 0.9166213136462251 0
1080 -2.793188785248109 0.7283413204773046 0
1081 2.892431443589163 0.6036112419220825 0
1082 -1.972757060262273 0.5234801520960606 0
1083 1.31645966901851 0.9195605421377495 0
1084 4.529791547900052 0.4297861769337784 0
1085 4.072776247239429 0.6064011449896304 0
1086 2.286923503276205 0.9110547458380014 0
1087 0.005005594284379362 0.4919770729082872 0
1088 -0.4624045739685911 0.3715245280856652 0
1089 -0.01654858856761652 0.8929770983124724 0
1090 -2.364194726717348 0.5099788908214273 0
1091 -0.5673116178152036 0.4638289169008551 0
1092 -0.2081482890030618 0.9331752621080143 0
1093 -0.4985013093211647 0.7835174810964283 0
1094 0.00465466618746593 0.8502170311587993 0
1095 0.2509180385466152 0.8205053141722822 0
1096 0.4449056965193439 0.3131743053579555 0
1097 1.922000964455775 0.3901511960872054 0
1098 0.1588799752983978 0.8898921786733023 0
1099 0.2755770476802721 0.8518531192706384 0
1100 -0.3050601146349753 0.2514793817373929 0
1101 -1.711983998413039 0.3761019514629214 0
1102 4.604910284883977 0.2667785167462793 0
1103 -0.5944950450270474 0.8047660595196193 0
1104 1.929941824737089 0.09464892358720811 0
1105 -2.503045779635638 0.7471857795078084 0
1106 2.240719721195584 0.08398661399771179 0
1107 0.8997347337269757 0.9076105785799389 0
1108 -0.1365049040109873 0.9808993512234854 0
1109 0.03567337637950616 0.8115042573861935 0
1110 0.2084862319370147 0.7576455960725634 0
1111 3.49282780997825 0.6084789501619333 0
1112 4.536761026478155 0.07714618232402097 0
1113 -0.1099498227402192 0.7487608833012592 0
1114 -1.044983243597359 0.5843583179056213 0
1115 2.477429208334168 0.6057164624328407 0
1116 3.651844916229772 0.6073690996349341 0
1117 4.036563961867041 0.9155429510474484 0
1118 -2.538594587971987 0.07482543678625438 0
1119 4.272700907320884 0.9268376500711224 0
1120 -0.03805106972907131 0.8324022143973852 0
1121 -1.609578771373815 0.2273979541675621 0
1122 3.670751674761167 0.7188879440564092 0
1123 -0.9599234914133057 0.7780052899924821 0
1124 4.432000590784622 0.6507041473810453 0
1125 3.080439713326144 0.7155351640881542 0
1126 -0.7407295744525333 0.9139182808587597 0
1127 0.7121241362778032 0.5313606669127229 0
1128 -0.22199538102231 0.7120332946826911 0
1129 -0.135427933772582 0.6030524912013209 0
1130 0.02051047264043056 0.763492074571809 0
1131 -1.872830691588538 0.6040037088369825 0
1132 4.493699075004408 0.2445457341357655 0
1133 0.01231660385863575 0.979760138868079 0
1134 1.504212171646862 0.4077587496707165 0
1135 4.757913199815977 0.9101767631136251 0
1136 4.778013696602939 0.0932228672990235 0
1137 4.063791155524383 0.7159751424789457 0
1138 -0.3001950421827422 0.9737351798602282 0
1139 -2.610042240993864 0.2629280633507124 0
1140 -2.766253321784699 0.9012541029676777 0
1141 0.2074691715785255 0.8723723272045554 0
1142 -2.457946466470628 0.5899510085390814 0
1143 0.1665184061463179 0.9095899388501305 0
1144 -2.768721588563931 0.5827323888955771 0
1145 -1.243592815426656 0.09114618492833604 0
1146 -0.08867180530012241 0.8229554637036052 0
1147 -0.2543215089861124 0.1017552609058024 0
1148 2.525520740930439 0.9083217862536993 0
1149 1.01704891430189 0.8074083289204025 0
1150 -2.780350911443406 0.09276257020774326 0
1151 -2.489397508808337 0.2366805214056935 0
1152 4.777727355934135 0.5864632496860329 0
1153 -2.278872697189185 0.9234280389892896 0
1154 0.3852171788425334 0.9582556319854776 0
1155 2.095408726807515 0.4106334147691303 0
1156 -1.274827278436399 0.9139994862087032 0
1157 -0.392584259289834 0.6237711531956502 0
1158 4.612222585985676 0.9085448012218569 0
1159 4.620175874336574 0.3641944474389052 0
1160 2.095805844555577 0.915961783407268 0
1161 -0.2169297901239115 0.6626620667957009 0
1162 2.782940545595842 0.4625779346980954 0
1163 1.894084484707216 0.206941035947203 0
1164 -0.1024764605378834 0.4702531105872597 0
1165 0.07923028298783022 0.8752869242473604 0
1166 0.9500878467324785 0.0795718276726303 0
1167 -0.3911975502005379 0.205572711773077 0
1168 3.048718290204185 0.08712407921157334 0
1169 3.375617779150065 0.4620265806154317 0
1170 3.649672651122962 0.07588291478608997 0
1171 0.4655943248557875 0.683591009838258 0
1172 -0.06632193522268391 0.7878626378307082 0
1173 -2.614690249027152 0.9095534325384215 0
1174 0.6655305864609825 0.06874195975509025 0
1175 -1.728033956004518 0.09274076187303371 0
1176 3.964215692784029 0.460889970926014 0
1177 0.3181561795643958 0.7810967055838877 0
1178 0.1508022827425539 0.667563200994254 0
1179 -2.037461073549891 0.0895918943807115 0
1180 0.3092847764808606 0.1925751910285084 0
1181 3.073778012370717 0.589410803188489 0
1182 -0.9429586152298188 0.3050850516160079 0
1183 1.271442812989159 0.6888612750314724 0
1184 0.1092211636494657 0.8724448006210328 0
1185 0.5740869189949406 0.4593255380919266 0
1186 -0.29965814352648 0.6299090197652155 0
1187 1.149407510018982 0.07489480776770338 0
1188 0.436278530848433 0.4763550372326039 0
1189 -0.1130469147619029 0.8054797237107622 0
1190 0.1101357432498113 0.9479355058859431 0
1191 0.6187130192667808 0.8340734854457318 0
1192 -1.458850436230537 0.3518816450094779 0
1193 1.432261900485742 0.06889258970670475 0
1194 -0.7479891888886114 0.08475720107929016 0
1195 -2.622090888116654 0.3699461352399959 0
1196 -0.2113875523835023 0.977776657500258 0
1197 0.2745333031534051 0.7832239902968707 0
1198 2.494524172512989 0.7159984118708116 0
1199 4.187499790567973 0.07863869345780118 0
1200 0.1218297818083612 0.7248386356856374 0
1201 2.163156996174203 0.6719338860050783 0
1202 -0.1455165519303872 0.9089483325859674 0
1203 0.2113451846245877 0.9764929217799523 0
1204 0.31701884061242 0.850033870130718 0
1205 -0.1387660044396744 0.6549718189534303 0
1206 -0.6221954595248633 0.9426565954077986 0
1207 0.07343583594839309 0.9472698488788671 0
1208 -0.1222588810711264 0.8512392394025938 0
1209 1.797682996754765 0.9241551683596575 0
1210 1.595540141507654 0.9185340148702272 0
1211 -0.1822102058666418 0.8902845348248297 0
1212 0.2163065743999542 0.9187012858763994 0
1213 -0.221279256482491 0.4932352133961159 0
1214 0.3944511970902175 0.8079870186347111 0
1215 -2.325563966037009 0.2228531234944803 0
1216 0.6717239834326606 0.6955637241128917 0
1217 -2.250616805153336 0.07438880651632589 0
1218 -0.182433802493683 0.7290675241946478 0
1219 0.4495680023164864 0.6053282967189629 0
1220 -1.696839220709691 0.206626190967436 0
1221 1.951116825425093 0.2827837490862588 0
1222 1.254734618582726 0.1964118168035255 0
1223 -0.8629494947607043 0.9006807052447423 0
1224 -0.7179719244085055 0.8307156218182691 0
1225 0.08707286381266847 0.6469052476440728 0
1226 -0.4575178645960257 0.07152220742539818 0
1227 -1.88323183872276 0.4106272944457233 0
1228 2.079685564577871 0.1780012468036093 0
1229 -1.889935897118388 0.1824110479790382 0
1230 2.471355338863147 0.08102605805898608 0
1231 0.917593541912737 0.4546945048634792 0
1232 -1.303034626572805 0.6629633656088757 0
1233 -0.0135092907916763 0.6231164203539907 0
1234 -1.308733443388522 0.3696789575064749 0
1235 3.726976293115442 0.2211721948361373 0
1236 -1.882152467297065 0.9172253023367276 0
1237 -0.03658232657522738 0.9811912010192426 0
1238 -0.9551677313483768 0.07821926377006405 0
1239 -0.8631510010579695 0.7909546076221625 0
1240 -0.6669025516611206 0.6880316112535706 0
1241 1.123412210210271 0.2578780207946203 0
1242 0.3394316502986953 0.8823350767537547 0
1243 0.966790496130938 0.2960770229527684 0
1244 -0.02337718597599946 0.7606228355678513 0
1245 0.3033162699703456 0.974116573934906 0
1246 2.545629601119637 0.2274963005586653 0
1247 4.617404127510817 0.6378192975628644 0
1248 4.326600574245183 0.7860603592987909 0
1249 -2.660520690065507 0.78516986515753 0
1250 -2.333666512594389 0.773109917898899 0
1251 4.660202801958264 0.7819419437283065 0
1252 -1.002309848784112 0.9217909958367078 0
1253 0.05546341697579019 0.7355534739453489 0
1254 -1.085730898629716 0.185962594971602 0
1255 2.192686734442435 0.1999624642968174 0
1256 -0.3333088082221087 0.8417844333171254 0
1257 -0.08664081821560408 0.9799293529956422 0
1258 0.4341372637319943 0.07949363234141574 0
1259 -0.01086999705272573 0.948926930182046 0
1260 -2.613532636438341 0.645118084115925 0
1261 0.7196637598135227 0.9395159173050315 0
1262 -2.710906502633877 0.2224835012626594 0
1263 2.024834697711014 0.5722381810553894 0
1264 0.1782006267807937 0.8092748769067217 0
1265 4.708630253168403 0.2246004323727517 0
1266 -0.2303168789221682 0.8568543145158345 0
1267 -0.1570928068912493 0.9428255899638331 0
1268 -2.538018575843072 0.4494146046814892 0
1269 -0.2598978459328974 0.9363553556357742 0
1270 -1.192174444541396 0.2004573837860517 0
1271 1.472378324247859 0.813445355433223 0
1272 -0.6352318560399486 0.3390237372257667 0
1273 -0.05914799613840387 0.7469075951266868 0
1274 -0.5596619785938394 0.1826007459108671 0
1275 0.08717208915430859 0.9814978490756194 0
1276 1.107953180671176 0.9290212899103756 0
1277 0.8172342678434622 0.1853898726260855 0
1278 0.0263496437622081 0.7379767977192494 0
1279 0.7098752237646853 0.213413697186265 0
1280 -0.5412407516044139 0.6751370550177025 0
1281 0.5939538937061738 0.2503367566302435 0
1282 0.2454896395671328 0.552758531446446 0
1283 -0.1564133543394973 0.8683749703078424 0
1284 -2.070575300428652 0.9297170679333155 0
1285 1.670046085359959 0.08216148168313742 0
1286 -1.984507010114468 0.2046778703505314 0
1287 1.78140845125983 0.7835437144118474 0
1288 1.613917001090851 0.7850603085974527 0
1289 1.524122615947944 0.2344076878694464 0
1290 -0.06428556734311405 0.9008937030755271 0
1291 0.1359815632573881 0.9793954114972365 0
1292 1.2790844161566 0.5839037998689734 0
1293 1.379965892366445 0.4606704255943827 0
1294 0.3867302924928048 0.8807820538781256 0
1295 0.1319105124095869 0.8307683060422546 0
1296 0.02790506789590428 0.6787798111925549 0
1297 2.685029624951211 0.9200208302433273 0
1298 3.273285232538855 0.9127042830941124 0
1299 3.86490626064007 0.9229552711192925 0
1300 -1.263168698238439 0.816888350548751 0
1301 -1.402887419494314 0.7877523894823836 0
1302 0.06607482855649499 0.8410467410672771 0
1303 0.1970422519389505 0.6727479893441836 0
1304 -1.157978077184971 0.5756704561580558 0
1305 0.2645152780157952 0.9373108216459409 0
1306 -0.3032746983006431 0.5471981048953137 0
1307 -0.3841900720577681 0.9692926662610953 0
1308 -0.6965919994871373 0.1931916257860473 0
1309 -1.884780574707333 0.7654492770295394 0
1310 2.749505482384978 0.07017718510194561 0
1311 -0.134239480554711 0.8283380781871048 0
1312 1.084322769229468 0.4639808403136678 0
1313 -0.03098598649028846 0.1851999984025599 0
1314 0.3479417764758611 0.6573465746014759 0
1315 2.251085119708672 0.8298127431048634 0
1316 1.114691921327238 0.3649677488809027 0
1317 -1.567543104785064 0.7903265618592059 0
1318 1.963099910660449 0.808969442418216 0
1319 4.478390322285178 0.5810087339783961 0
1320 1.237676856718864 0.4470612738899827 0
1321 0.1843443990073733 0.9533474552732325 0
1322 0.1558457055846577 0.5966889709188099 0
1323 2.325595894982007 0.6085610647754918 0
1324 -0.03587584340007251 0.6979159342542647 0
1325 -0.0623525734968427 0.4063699068867936 0
1326 0.2520140350248179 0.8804776251088259 0
1327 -2.440128753492527 0.6720042764168304 0
1328 -0.1999201663318139 0.8470259160868095 0
1329 -0.2357339441236652 0.9802715515605197 0
1330 0.04364634449595751 0.8363003824226616 0
1331 1.68627451645966 0.4937307445980901 0
1332 -0.243660174678505 0.7561958273560201 0
1333 2.116143422934756 0.8362944027350596 0
1334 -0.2306422489262698 0.892756141633531 0
1335 0.05775269229169129 0.9100835885889889 0
1336 2.109882540806216 0.3305130947664062 0
1337 -1.660064747227729 0.764335818678348 0
1338 1.600828098332478 0.6126692464745117 0
1339 0.06070869387562047 0.07478961943434496 0
1340 0.01590602726437813 0.868875091021402 0
1341 0.6050271727195933 0.3652777568495749 0
1342 0.8325071366237882 0.419497418177791 0
1343 1.898661415423217 0.6786967819263796 0
1344 0.06967764625621736 0.7627629551431153 0
1345 4.04559268416283 0.07730693100814068 0
1346 4.930164793983924 0.3516363534562857 0
1347 4.931538649581301 0.6510952178407268 0
1348 1.38924228985724 0.1994017757469673 0
1349 1.427040203559873 0.6505218926795922 0
1350 -0.007805012755811636 0.5440977759626819 0
1351 2.640196972940787 0.0797059374001238 0
1352 -2.93039452655643 0.3516360810130041 0
1353 -2.931607008513048 0.651240224267422 0
1354 0.7638374765066044 0.826903141611355 0
1355 -2.633770141939581 0.07686846483489297 0
1356 -0.9049518619500883 0.5115385979160229 0
1357 -1.324902865322887 0.07839853085591332 0
1358 0.6878638344388761 0.7871987210127112 0
1359 0.8218960226044609 0.3268511819046325 0
1360 -1.895617533091276 0.3286504730513675 0
1361 -0.0923318391888428 0.599796065122714 0
1362 -0.3393731170230677 0.7868052062043858 0
1363 1.874817446387099 0.7590694830328764 0
1364 0.8312536484967761 0.5873968389374578 0
1365 4.63330391814084 0.07661312455083494 0
1366 -1.739793899124436 0.8067703562504993 0
1367 3.035435449855909 0.3860581171346674 0
1368 4.23810140264152 0.416044565694945 0
1369 1.535347976471351 0.7479911127868629 0
1370 3.036623096636751 0.2886013509000469 0
1371 -2.045740393410407 0.7872814179205059 0
1372 -1.576569388038951 0.6303612949790629 0
1373 -0.3379990285557922 0.9201668008976261 0
1374 -1.471361802418845 0.07859550689980496 0
1375 -2.70980133164297 0.4984427607340048 0
1376 -0.124898277581749 0.9269921301910391 0
1377 4.801431317168457 0.4162583405171884 0
1378 3.470006557470008 0.1035098643391145 0
1379 4.345189061420125 0.1863464673089905 0
1380 -2.441564458614858 0.3221745586906513 0
1381 -2.804404599758804 0.416808721892918 0
1382 -0.08636639673706792 0.9370956499445258 0
1383 0.5709499780437377 0.5974355984450191 0
1384 1.765933842559176 0.3451036105417403 0
1385 1.349402050052215 0.3228519437914136 0
1386 4.223554261050511 0.290520797267499 0
1387 1.482302817454394 0.3268957078817252 0
1388 4.434568301719062 0.8122318798596186 0
1389 2.161708319774377 0.4589342693876443 0
1390 -1.154708285493703 0.4286678212496962 0
1391 -0.3010125082241977 0.7145950941064869 0
1392 -1.343525520601222 0.2286554870542679 0
1393 -0.6739043632960474 0.5967931344879707 0
1394 0.7353799006152522 0.4505734145107169 0
1395 3.239334514271706 0.07583635676878014 0
1396 -1.1881200422194 0.3008052144366639 0
1397 0.1698089258132184 0.8453336882414539 0
1398 -0.8093219287380672 0.6497011304024538 0
1399 2.639243476129428 0.6788836339070958 0
1400 3.232343984683852 0.6779409041614229 0
1401 -2.436860410892119 0.8206077957645512 0
1402 3.821239601716178 0.6790672304072618 0
1403 0.09681392486973399 0.9098703893674677 0
1404 0.0777331907819466 0.8985499987478951 0
1405 0.09342238019856439 0.80528804361565 0
1406 -1.656860549960746 0.9233459956355713 0
1407 0.2198794957110466 0.8386068196186309 0
1408 1.521801797291023 0.0725105926062712 0
1409 2.014976035338778 0.9297787401942124 0
1410 0.1002305764736366 0.836250578256728 0
1411 0.2392076798357422 0.6992355643875909 0
1412 4.700061666214305 0.4855757497106913 0
1413 1.130764185827223 0.6542648101142792 0
1414 -0.1029255500926692 0.9191157113806754 0
1415 0.1584289140608719 0.7732843789246807 0
1416 0.3858377204366639 0.6047596114814255 0
1417 -1.936829713770625 0.6927481690128519 0
1418 -0.9441486307347011 0.6323826582408131 0
1419 -0.2373860720849935 0.2777943886490684 0
1420 3.393397111501515 0.9254417971860592 0
1421 2.802223532577943 0.9254568040990365 0
1422 2.112174918700243 0.5880653333778352 0
1423 -0.3747613332799244 0.8599105404751606 0
1424 0.2944237021811225 0.6315814186573555 0
1425 -0.1016140086290694 0.6869899688582273 0
1426 -0.06457250003085901 0.7072171088468264 0
1427 -1.798897111004466 0.9307840926191284 0
1428 3.832945821953403 0.07742797754014902 0
1429 -0.1186741768708123 0.886131052269881 0
1430 0.8210384173920049 0.6671579571011806 0
1431 0.1152838752151348 0.5120437106406962 0
1432 1.396815692659527 0.9363940674415363 0
1433 -0.08637787603859259 0.8700809659378252 0
1434 -0.1584635338408641 0.07846727541272833 0
1435 0.07386281625005892 0.8072768840641317 0
1436 3.956443145503009 0.9404763950874204 0
1437 1.173206564790135 0.8154420182959407 0
1438 2.616170184373494 0.4690063711890712 0
1439 -0.490645977447712 0.9648015541810923 0
1440 0.3501751448265258 0.5580359276356534 0
1441 -1.208937994582327 0.6607137496606721 0
1442 -1.842616424800282 0.2588314563619775 0
1443 3.798403887137176 0.4688803979052038 0
1444 -0.5521546623292435 0.6013279142860832 0
1445 -2.923777884078643 0.8217661124314132 0
1446 3.819378175542635 0.1655432616043443 0
1447 0.1466457824107225 0.9586915236054748 0
1448 4.923802511886231 0.8215636562195161 0
1449 4.641148830405939 0.1740701515129996 0
1450 -2.923881042129438 0.1782126116919545 0
1451 4.769479080146912 0.3501348748940331 0
1452 4.923549004434065 0.1751114610947287 0
1453 0.4690606263173526 0.9550564959436921 0
1454 -0.2779935007733207 0.5091212185921301 0
1455 4.741773873314978 0.8006013692007461 0
1456 -1.079062042031834 0.7194044564234872 0
1457 -2.743101599429497 0.7986357095645713 0
1458 4.44049789745808 0.3074996448645817 0
1459 -0.4533928701927326 0.8851403814351048 0
1460 -2.769807633839816 0.3474576987359776 0
1461 -0.3556270334277378 0.6412570407074527 0
1462 1.848844749092447 0.06233850113225647 0
1463 -0.3898894366335579 0.7860396760757759 0
1464 -0.7605311629174184 0.5695820099603632 0
1465 -1.189102965869886 0.9383150543650913 0
1466 3.224791811204461 0.164633523292282 0
1467 0.06089182526010303 0.3796992948500716 0
1468 0.1180965114292965 0.5860584954290837 0
1469 0.2078577938622838 0.940106232046592 0
1470 0.2188570053007263 0.1938958029687878 0
1471 -0.20649764756208 0.9572605933559507 0
1472 1.795399539931687 0.1975507359465782 0
1473 -1.363138725050866 0.9279895967119349 0
1474 -0.2901004045753166 0.7631005908718258 0
1475 -0.1711308506334952 0.9066777329420802 0
1476 -0.01773967932982038 0.8529197937727165 0
1477 -0.02496703680998759 0.8727147748254221 0
1478 2.180153766539129 0.298179808391953 0
1479 1.992171954768945 0.6635017886983644 0
1480 0.2920521667312789 0.915421647464852 0
1481 -0.6098228014757555 0.7247034857300843 0
1482 0.2173026601705044 0.6251713065557382 0
1483 0.06943093777031566 0.707050225383915 0
1484 2.629017071958196 0.1716461965817982 0
1485 -1.326524012541565 0.7585836107367424 0
1486 -2.643954854473041 0.172343922815901 0
1487 0.343280308466244 0.8120348087920464 0
1488 3.572488627674346 0.07275914637442508 0
1489 0.005575042072082351 0.8845864020916416 0
1490 1.877171731992324 0.9320413197282383 0
1491 -1.965232923160116 0.29929778637507 0
1492 4.355460297783986 0.6848244320327682 0
1493 -1.079704225994949 0.4233146161072538 0
1494 -1.784206937030968 0.6780702556828706 0
1495 -2.361038586318783 0.6856059325643568 0
1496 0.296360613674681 0.5793415153084873 0
1497 -1.68144867759066 0.6714973539924696 0
1498 0.5532706729392801 0.7488334221840736 0
1499 4.075609056262724 0.2008013603848844 0
1500 0.278142476682538 0.7149252272483728 0
1501 3.915344819915999 0.6924576663331854 0
1502 -0.03517873183296695 0.9053486572358982 0
1503 3.335887127479376 0.6838173749780493 0
1504 2.733032049961603 0.6928439519113591 0
1505 -1.909947261180666 0.8410220461151006 0
1506 1.30276835660606 0.8396140732462731 0
1507 2.578552964521354 0.3170657158635533 0
1508 -0.6829935962942671 0.9414863611421567 0
1509 -2.359073124359504 0.3158115307852148 0
1510 3.153839686510527 0.9277585340020212 0
1511 4.368741323118654 0.3151117786921813 0
1512 3.745014877214727 0.9277681034617434 0
1513 1.639786776097924 0.8577180505026304 0
1514 1.758512410405027 0.8577171411296289 0
1515 3.186942379574596 0.3279716012214233 0
1516 -0.1792430455271484 0.9309137344409569 0
1517 -0.02434876825641055 0.8120855270120184 0
1518 0.8447871263972642 0.8205987015899515 0
1519 3.761097104427717 0.3171819116683049 0
1520 3.485938875464226 0.1994628820111241 0
1521 -0.6388647505547405 0.4420997693936763 0
1522 -0.5998758234643455 0.8813026900081498 0
1523 -0.2096069593003984 0.5900470512450018 0
1524 4.326553395563097 0.5391205790842849 0
1525 -0.1652331229941262 0.8040055186670807 0
1526 -1.650000000003513 0.05821741132639931 0
1527 2.889735123290827 0.1982127055498878 0
1528 0.02040364069467732 0.9234160580583796 0
1529 0.09377399014558285 0.9352806072869202 0
1530 -0.159361647296951 0.9845731492115479 0
1531 3.863778384921744 0.8224501604671492 0
1532 3.272203029999787 0.8205987238641318 0
1533 2.680049485561478 0.8238348563395836 0
1534 0.4537033476755781 0.9101021446676678 0
1535 4.219603380278625 0.7515645673833701 0
1536 -0.1972564732138282 0.8191804495203502 0
1537 -0.06114361574218179 0.9854625023502521 0
1538 -0.1858211255322171 0.7678607342511338 0
1539 -0.2830137566761292 0.5871099435240081 0
1540 -1.469530384484175 0.2773514163654288 0
1541 -0.4406761734310191 0.649228955075132 0
1542 1.631064498852299 0.3616282413966995 0
1543 0.6909324481826918 0.3733374150886902 0
1544 3.630794617130168 0.2472211461140294 0
1545 0.5773698809641883 0.07095796719348975 0
1546 1.261282330489475 0.3011121150941291 0
1547 2.950696538046785 0.06148610723613686 0
1548 0.1592695169144213 0.9258003257513177 0
1549 -0.03738783609791409 0.7882951512041012 0
1550 -0.3835422877799357 0.4628598942803829 0
1551 4.5452078957812 0.9305961814230697 0
1552 0.03838542924655759 0.8732797767987936 0
1553 0.2057157993349288 0.8996921422089651 0
1554 -0.7999185886674829 0.9381107713485768 0
1555 4.260677062996075 0.0672918161704831 0
1556 -1.315443856609878 0.5882241988186288 0
1557 -0.4238028717450758 0.7263259086592702 0
1558 0.3944384750349721 0.701202135530188 0
1559 2.691282853463029 0.4274961953052504 0
1560 1.761687079732718 0.6268521665240416 0
1561 -0.06920077153515652 0.5671277872849895 0
1562 -2.008831249391585 0.4555976009354042 0
1563 -2.549268535114525 0.9323907694505503 0
1564 -0.5663468163285647 0.2913266309928858 0
1565 2.339077316038841 0.7153763662291602 0
1566 2.448843541407022 0.2478656464756252 0
1567 2.926675843830518 0.8214309331292681 0
1568 3.518393933361544 0.821554369513867 0
1569 -1.805091321311522 0.7539034419362929 0
1570 2.758875220777711 0.1453266417270917 0
1571 3.921005975883826 0.1974905753381843 0
1572 0.1279304289485096 0.9171874427627251 0
1573 -1.8049321311152 0.5340580073449979 0
1574 3.86907718934537 0.4240941075844008 0
1575 0.3327970673434648 0.7519525318125925 0
1576 3.281669821510772 0.336711113217107 0
1577 3.321895291542491 0.1979548938896121 0
1578 0.2502820746838887 0.05776236496940312 0
1579 -0.110063451264116 0.9863248659747874 0
1580 -0.1450318610203462 0.928808858356613 0
1581 -0.5099612810917455 0.4251905213470505 0
1582 2.364040273254914 0.927906755050153 0
1583 0.6830517150945896 0.6006951169832655 0
1584 0.1832690739884359 0.8716101729688379 0
1585 1.956412609321367 0.5320496020234839 0
1586 3.132528411498693 0.1782764930887645 0
1587 1.20429323207773 0.3798053479972666 0
1588 -0.3166559491577438 0.1750072002761918 0
1589 4.40010770696152 0.5491777492299326 0
1590 -0.09787088437408564 0.7773541973945812 0
1591 -0.1536718332788776 0.7142491319927889 0
1592 0.2099707834082591 0.7836186285565689 0
1593 -0.785158002986055 0.2485590421838298 0
1594 -2.229986974179025 0.2454578759967379 0
1595 4.446111175910488 0.06315752041631918 0
1596 -0.1388700583780134 0.9588029242322355 0
1597 0.4114092663173262 0.774762361840641 0
1598 2.234637892430947 0.4497593574802816 0
1599 -0.01825269594645839 0.7284628635670047 0
1600 0.7390570086803905 0.3069894404653242 0
1601 -2.364077837135393 0.9465709396502493 0
1602 0.2437548100360754 0.91222364772568 0
1603 0.05285201468083346 0.952711406373603 0
1604 -1.126093435415359 0.828468159018017 0
1605 -1.010403205664814 0.8505554737356138 0
1606 -0.03486041264129427 0.9594022802548694 0
1607 -0.2800598581349641 0.8859559067913242 0
1608 -0.1179246125351982 0.9498298587471217 0
1609 4.360071637646727 0.9443793408003185 0
1610 -0.27263807681041 0.3982694507373183 0
1611 -0.1065962587576277 0.2012859439139322 0
1612 -0.1361348415511494 0.8932576759346372 0
1613 2.59359515193374 0.939955958456883 0
1614 3.320304797024201 0.06608397004979397 0
1615 -0.2149631830907748 0.9082711365878158 0
1616 -2.449847925099125 0.05755454969936132 0
1617 3.291381616811864 0.4296352372261781 0
1618 1.070664445525752 0.7579441164660943 0
1619 0.195720064114469 0.5291857460309001 0
1620 0.1385377067166499 0.8951864369436083 0
1621 2.626960019255889 0.6051846618445191 0
1622 3.220681576736236 0.6045243362030674 0
1623 3.807171301520686 0.6058761237950355 0
1624 -0.1232737856115037 0.7182980904702698 0
1625 0.02947277062533332 0.7855035621239306 0
1626 1.135451141249066 0.507060669610266 0
1627 0.03921457739760224 0.8966798455705896 0
1628 -1.733322103397172 0.5314473025483357 0
1629 0.05389700266354753 0.5752118682113004 0
1630 -2.325454221311468 0.4504591230489067 0
1631 -2.407862649061665 0.4518768506267954 0
1632 0.2185424506319715 0.9561873271878172 0
1633 1.196047038953129 0.2469111855870415 0
1634 0.4244810546374903 0.8408756871129062 0
1635 -0.3481370475105778 0.7175075217910627 0
1636 0.02319795623282289 0.3072207231766458 0
1637 2.261126796729061 0.5707302523044706 0
1638 -0.1647011237902224 0.4472297951213188 0
1639 2.549999999996277 0.05228000464128529 0
1640 -1.288207256664535 0.4378160249420945 0
1641 -0.08425827142945383 0.07047729130548781 0
1642 3.909659201455235 0.07156117368824776 0
1643 3.571273952398276 0.9482168353396178 0
1644 2.980076967183773 0.9482202036980302 0
1645 -2.232752393757805 0.7547006442577049 0
1646 -1.487379624672429 0.9480076925053555 0
1647 2.545731891494393 0.4546699207491144 0
1648 3.728099719546397 0.4546187169410731 0
1649 -2.838274827498141 0.5502560109116013 0
1650 0.0375627658818207 0.9856642750369293 0
1651 4.675449283016725 0.9346096061699348 0
1652 3.082885620253253 0.4246175521024583 0
1653 0.00351562689361888 0.6626144460028583 0
1654 4.042866204177788 0.1450764486124768 0
1655 -0.3765705226638529 0.9023643066524846 0
1656 -0.7747838068745124 0.3319805944897665 0
1657 -0.5355603272030656 0.8127072585386803 0
1658 -1.938528706056051 0.4571734751073135 0
1659 1.347782329766551 0.05430280390962397 0
1660 -1.583650103856358 0.4548541599061779 0
1661 -0.5029345962812229 0.8762906875205236 0
1662 -0.2401028922820274 0.8185034087021443 0
1663 -1.950000000002148 0.05110968139100316 0
1664 0.003114997027141261 0.7797951324601802 0
1665 1.452955015884278 0.4717374602843215 0
1666 -0.1722275095346277 0.9534980503361445 0
1667 4.839690373231017 0.5504422663808003 0
1668 4.840596867388719 0.05877876817550546 0
1669 -0.1729444549485905 0.1566293106028903 0
1670 -2.313463289080323 0.5559869732282366 0
1671 0.7503750871994291 0.05248883318674974 0
1672 -2.677515417545159 0.9352110000745757 0
1673 3.980807822751444 0.2694611983096177 0
1674 -0.05248274537793741 0.8229653785571396 0
1675 3.393442202457325 0.2712458801827313 0
1676 2.796470737426513 0.289977782709656 0
1677 -2.842147852042544 0.0573901458503052 0
1678 1.200445027245543 0.6986256758664813 0
1679 4.758329750064977 0.6502340283326986 0
1680 2.705237370384603 0.2017954074600784 0
1681 -0.04668583592930846 0.9367392076685958 0
1682 4.945597895710622 0.05440210428921603 0
1683 -0.0589975743401258 0.8832457882323297 0
1684 -2.755253708245632 0.6480023427354026 0
1685 -2.951082910548874 0.9499999999997917 0
1686 -2.945986644459362 0.05401335554138138 0
1687 4.945667048619144 0.9450077987049775 0
1688 -0.01222927236268029 0.9875417084397838 0
1689 -2.403988721272992 0.1861080710524681 0
1690 -0.6484237998394287 0.8299187780348326 0
1691 0.4038200685867515 0.91564142558394 0
1692 -1.441264473741374 0.6530090516874226 0
1693 4.84190892925076 0.9413172121186798 0
1694 4.192372730541321 0.9312550787359699 0
1695 -0.9228351747194783 0.9350576924974681 0
1696 2.14999999999567 0.05006769511346486 0
1697 2.322282396699751 0.07060483602060189 0
1698 0.1036413759458413 0.1947997055822586 0
1699 0.1142609835021737 0.1324234532839467 0
1700 0.1504620546273532 0.1682196490920073 0
1701 0.09793596285471003 0.707593411040317 0
1702 0.1148724543850956 0.7054843900607684 0
1703 0.1048932902779756 0.7269476566651861 0
1704 0.07869386825895283 0.7180534515143249 0
1705 0.08867303236607285 0.6965901849099072 0
1706 -0.1624366158013412 0.8556760554512008 0
1707 -0.1744854584202832 0.844461423467071 0
1708 -0.1590931543123514 0.838482157101841 0
1709 4.192738150544647 0.3799278009762098 0
1710 4.185464579749143 0.3171659167624868 0
1711 4.230827831846016 0.353282681481222 0
1712 4.107983014633763 0.06532022450088874 0
1713 4.143749895283303 0.03931934672890059 0
1714 4.151732909918434 0.1046395712297893 0
1715 4.267180277781113 0.3862537587394903 0
1716 4.259906706985609 0.3234918745257673 0
1717 0.547290774948723 0.839831038680052 0
1718 0.5792230869749528 0.8179664299488123 0
1719 0.5867807072405511 0.8559380941769715 0
1720 -1.123303529698019 0.05331157776508849 0
1721 -1.173303529698159 0.05331157776508849 0
1722 -1.573777829358341 0.1620920521417189 0
1723 -1.596729296255207 0.1086192865173542 0
1724 -1.534104241413266 0.1340858239142567 0
1725 -0.3840822539729754 0.5729025426198546 0
1726 -0.3869286210884796 0.5355408232512089 0
1727 -0.3437996487588979 0.5534451669745195 0
1728 3.73629325683532 0.8429108427198968 0
1729 3.730756876764839 0.7950058385637178 0
1730 3.779688773106622 0.8053687171305042 0
1731 -1.560365772945107 0.2074782718530918 0
1732 -1.622990827787048 0.1820117344561893 0
1733 1.514680825123476 0.9526479282067738 0
1734 1.536775436086275 0.9119149356418874 0
1735 1.573445530544854 0.9592670074351136 0
1736 3.145116750037995 0.8429510021231593 0
1737 3.140135858655669 0.7949112408173828 0
1738 3.189074808111563 0.8052813926796312 0
1739 2.553407632133431 0.839341781236595 0
1740 2.550323839818403 0.7853975862889996 0
1741 2.59309688194756 0.8078772516906643 0
1742 3.178982176399249 0.04742586042201437 0
1743 3.128982176399173 0.04742586042201437 0
1744 2.998288338654238 0.1637368683476587 0
1745 3.001960741828473 0.1140940087283168 0
1746 3.045045887029951 0.1367669388309152 0
1747 -2.898998838840062 0.9479727925085254 0
1748 -2.850081749388938 0.9479727925085254 0
1749 0.1864212906840392 0.8265403480727487 0
1750 0.1822254402002515 0.8445697537401147 0
1751 0.1740047762970061 0.8273042825740878 0
1752 -2.831042589183535 0.8985998439923643 0
1753 -2.785292481990102 0.9506270514838389 0
1754 3.439480109585011 0.1525849979479411 0
1755 3.477972716467117 0.1514863731751193 0
1756 3.44744626858212 0.2005615067839459 0
1757 -1.588602485893844 0.9494267420292164 0
1758 -1.53968539644272 0.9494267420292164 0
1759 -0.07493567018933145 0.9594254247805001 0
1760 -0.07340954138393301 0.9716506603297659 0
1761 -0.08816694702100253 0.9677041174463764 0
1762 4.502744352139761 0.1590906706626858 0
1763 4.527347126832192 0.2069299876205703 0
1764 4.469096300311977 0.196706417177881 0
1765 4.420643425019112 0.2013881634691818 0
1766 4.445246199711542 0.2492274804270662 0
1767 -2.510212198505309 0.1502312743897649 0
1768 -2.47259044783562 0.1846778286950674 0
1769 -2.527019259478026 0.202233967100391 0
1770 3.034384951237383 0.6869956577859104 0
1771 3.03105410075967 0.6239334773360778 0
1772 3.07710886284843 0.6524729836383216 0
1773 0.1256793224886286 0.8082954715992783 0
1774 0.1358783873194256 0.814457056989327 0
1775 0.12171144757879 0.8246067206522059 0
1776 0.189969333742206 0.1498695998812415 0
1777 0.1793497261858736 0.2122458521795535 0
1778 3.471038122680383 0.4493435489247436 0
1779 3.422428199612745 0.4814462088708614 0
1780 3.424227702217703 0.4299239206693138 0
1781 0.5183953725096857 0.961377022673487 0
1782 0.4984980236913992 0.9775282479718461 0
1783 0.488957975135639 0.9389052706453331 0
1784 0.2643181077925554 0.5062323686447763 0
1785 0.2635929738433808 0.4676838875232 0
1786 0.2960147349935988 0.483129106981881 0
1787 2.006204869656951 0.7414232937781349 0
1788 2.012185391453802 0.7799100282568721 0
1789 1.957119388863597 0.7704827079394789 0
1790 3.997793776540272 0.8387836117036288 0
1791 3.95261895864004 0.8115119568271593 0
1792 4.000477781921608 0.7864118152604267 0
1793 0.04317996900567512 0.4523112878747858 0
1794 0.03587619107787203 0.4025155700826544 0
1795 0.06819560318790611 0.429495012642203 0
1796 3.390881123040112 0.8423757183387324 0
1797 3.357443095341693 0.8063733977071434 0
1798 3.398649893302593 0.7955566092052595 0
1799 -1.643591022664642 0.9616729978177856 0
1800 -1.601872013189948 0.9110997398470021 0
1801 0.3745132615407266 0.8637726655634455 0
1802 0.3933886426130694 0.8438194821808358 0
1803 0.4056056735651475 0.8608288704955158 0
1804 -0.2336437847261205 0.9388123724485506 0
1805 -0.2454885424996115 0.9456876881839641 0
1806 -0.2480530881594064 0.9294800399003608 0
1807 -0.2221783096944885 0.9278899931364808 0
1808 -0.2196137640346937 0.9440976414200841 0
1809 2.799697010012198 0.8424477306607296 0
1810 2.766175332796562 0.805204132049488 0
1811 2.807390051683203 0.7943863067148895 0
1812 4.698952258588021 0.06652222139487851 0
1813 4.739006848301242 0.04661143364951175 0
1814 4.737959106889718 0.1131336550443903 0
1815 3.70290192522694 0.5212423234551182 0
1816 3.699481953052421 0.5756804974367247 0
1817 3.655264888404291 0.5529309256533277 0
1818 1.098701612310346 0.1394103771812392 0
1819 1.094326083304955 0.1929259293191731 0
1820 1.044465800729137 0.1631336951797112 0
1821 3.394542925136753 0.1529373203239216 0
1822 3.42506937302175 0.103862186715095 0
1823 1.518741329389604 0.5734473760593518 0
1824 1.457893638936364 0.5911575660783546 0
1825 1.464562517164531 0.5375522339016514 0
1826 0.3388130862417166 0.4207881979488874 0
1827 0.3738633493913204 0.4406430294129919 0
1828 0.3303398641940279 0.4644354573244093 0
1829 0.08272325499913935 0.8639216106085593 0
1830 0.09771869532995708 0.8625005487953955 0
1831 0.09422572331864795 0.8738658624341966 0
1832 2.520779492504076 0.5214525670202602 0
1833 2.521290593304348 0.5749779670469398 0
1834 2.476918107533896 0.5521910624061611 0
1835 -1.353226187089398 0.4657315026621498 0
1836 -1.380929795081881 0.5121456104828845 0
1837 -1.41576162739008 0.4678042162723315 0
1838 0.1739065975072538 0.9353656581020303 0
1839 0.160649717660518 0.936101994499436 0
1840 0.1725263967611571 0.9250639893539119 0
1841 4.654246515470861 0.515511309378491 0
1842 4.624066057705308 0.559645713201938 0
1843 4.591517479614461 0.5025494869645103 0
1844 -0.6234945895753246 0.05836776963260223 0
1845 -0.6734945895754645 0.05836776963260223 0
1846 -0.3329497320584855 0.05282601785392492 0
1847 -0.3829497320586259 0.05282601785392492 0
1848 1.373288592827731 0.8029090561587517 0
1849 1.418225396422974 0.7810747645471711 0
1850 1.427441520652615 0.8352796470448037 0
1851 0.2305531716407791 0.8148777081558014 0
1852 0.2353987671288309 0.8295560668954566 0
1853 0.2150339002229948 0.8239284608789758 0
1854 0.02448067168158826 0.9618937941522158 0
1855 0.02114764551144897 0.9484287832966712 0
1856 0.03432022256356224 0.9542338056386002 0
1857 0.1020457430235863 0.4393259651243956 0
1858 0.0947419650957832 0.3895302473322642 0
1859 0.409307551143721 0.436675403635037 0
1860 0.4008343290960324 0.4803226630105588 0
1861 4.041108280844441 0.8646132105921723 0
1862 3.993249457562873 0.8897133521589049 0
1863 -0.09840747134079958 0.8592848835225668 0
1864 -0.1152635395955176 0.8609265007557064 0
1865 -0.1054028128164083 0.8495976221694542 0
1866 0.4630512032231406 0.5397090092782455 0
1867 0.478435712993892 0.5700099646003598 0
1868 0.434183492545735 0.5750273413968486 0
1869 -0.06066094014722186 0.9744172350070709 0
1870 -0.07389221697889294 0.9826959276729472 0
1871 -2.70020718832605 0.06582608591807579 0
1872 -2.740382644046786 0.1122073710219474 0
1873 -2.740175455722669 0.04638128510387163 0
1874 3.103341321502708 0.09098790002780104 0
1875 3.074359145100649 0.04356203960578667 0
1876 -0.1526907387430022 0.8278028016524079 0
1877 -0.1406418961240602 0.8390174336365378 0
1878 0.5671226230341355 0.1420381716362472 0
1879 0.5655062196169786 0.1927929006345026 0
1880 0.5090764527149492 0.1711116060784211 0
1881 0.5742667903453491 0.7803179619451507 0
1882 0.6137567226371772 0.7964250174420702 0
1883 -0.07501446493626861 0.8425812994026508 0
1884 -0.06040233053100037 0.850983157519823 0
1885 -0.07393461015642203 0.8563578630534868 0
1886 -0.3667687704666138 0.6072890197694077 0
1887 -0.4098977427961955 0.589384676046097 0
1888 -0.4585461020173595 0.5881792327027302 0
1889 -0.5033375370617322 0.5745975243517687 0
1890 -0.4720026613469297 0.5414164905455825 0
1891 -0.4379782103311125 0.5074601301487958 0
1892 -0.4827696453754852 0.4938784217978344 0
1893 -0.06602883279553169 0.9181388831006075 0
1894 -0.05833918658554232 0.928907965034897 0
1895 -0.07435976953043308 0.9292958721086486 0
1896 -0.09931491772993395 0.8397313098784581 0
1897 -0.116170985984652 0.8413729271115977 0
1898 4.357218636841495 0.3693670060536316 0
1899 4.382481483128903 0.4230791009985416 0
1900 4.321521999208116 0.4101750467289457 0
1901 4.057370922815201 0.4505075620434789 0
1902 4.012423485277247 0.480660521656378 0
1903 4.009163130321983 0.4307370113131149 0
1904 -2.063700598460173 0.2354654612947161 0
1905 -2.102032351601305 0.259969654352146 0
1906 -2.11959360427717 0.2045309533642632 0
1907 -2.110831705308065 0.3091604627096943 0
1908 -2.166724711125062 0.2782259547792415 0
1909 -1.529791206234305 0.367819390290031 0
1910 -1.561720477232524 0.4094489211803667 0
1911 -1.579194202311842 0.3501217828832157 0
1912 -0.8294263139911557 0.05135698956676341 0
1913 -0.7739945944454263 0.04237860053964508 0
1914 -0.8034209084343409 0.0937355901064085 0
1915 3.425533065178206 0.5306827627651973 0
1916 3.481033215026838 0.5546723936441122 0
1917 3.437327660129618 0.5844893192830183 0
1918 0.02411097604900003 0.9108285632594114 0
1919 0.02549294057249277 0.9011433348984903 0
1920 0.03783261287410949 0.9063650739315107 0
1921 -0.1338165445255606 0.5280958754337493 0
1922 -0.1294251974816762 0.4871879543376336 0
1923 -0.1068678075817678 0.5111610316833755 0
1924 2.290957250671425 0.6261030429287036 0
1925 2.332336605510424 0.6619687155023259 0
1926 2.297697961199842 0.6795106936555378 0
1927 -1.070888191433971 0.04918911299980148 0
1928 -1.094191721128909 0.10250069076489 0
1929 0.1473641825224045 0.8125449757071121 0
1930 0.159023444505029 0.8037103424215606 0
1931 0.1665413647981693 0.8181095101922733 0
1932 2.876508638666373 0.4506646999282217 0
1933 2.830412858187871 0.4818914694624746 0
1934 2.829036326074344 0.4313511651638425 0
1935 1.411817977500321 0.7357522928991977 0
1936 1.465970905325206 0.7681228837852498 0
1937 4.292443124068521 0.4399658536844003 0
1938 -0.1565018424518249 0.8160530510513504 0
1939 -0.1380505842635338 0.8165883275860472 0
1940 0.990421256077195 0.1984309067648465 0
1941 1.003440383927342 0.2563631351352067 0
1942 0.9537713682807913 0.2381447945824082 0
1943 -2.652281035938795 0.5224124122908003 0
1944 -2.593648718141132 0.5078238720122572 0
1945 -2.618886507120697 0.570221759924096 0
1946 -0.06584968909897412 0.7639619757920011 0
1947 -0.05844491534102483 0.7789948587289663 0
1948 -0.0737267089806332 0.7728297548937431 0
1949 -1.771788551596387 0.6402208594941294 0
1950 -1.720409421876233 0.6369344086489289 0
1951 -1.732827807310814 0.6747838048376701 0
1952 0.01791350510388919 0.8952139552154739 0
1953 0.03163514192899865 0.8907504658875731 0
1954 4.490627276048851 0.1130066412720088 0
1955 4.548878102569065 0.123230211714698 0
1956 -1.710021713423686 0.5892351716984326 0
1957 -1.671060969138112 0.6237981170419733 0
1958 1.971655410917845 0.6977488810795531 0
1959 2.02672141350805 0.7071762013969463 0
1960 2.281567726405235 0.2266058771721677 0
1961 2.337576900879899 0.1956816902591579 0
1962 2.320313479449283 0.2606127992500928 0
1963 2.329566550211592 0.3102122746111356 0
1964 2.385575724686257 0.2792880876981259 0
1965 0.1761508413771054 0.9169587959033183 0
1966 0.1628939615303696 0.9176951323007241 0
1967 -0.4428066917448518 0.9713860740443021 0
1968 -0.4162919774831116 0.9713860740443021 0
1969 -0.1019439184009681 0.9620113708118152 0
1970 -0.1004177895955696 0.974236606361081 0
1971 0.2893685736880951 0.4002714011736305 0
1972 0.3328920588853875 0.3764789732622131 0
1973 3.767918857378927 0.04944202060768819 0
1974 3.717918857378851 0.04944202060768819 0
1975 1.91263747770712 0.5520609639608078 0
1976 1.889384228340761 0.6001624525047976 0
1977 1.862889250618776 0.5560560917071857 0
1978 3.422677006183509 0.3789278647549949 0
1979 3.374067083115871 0.4110305247011127 0
1980 -0.1776165640805374 0.6545133490553363 0
1981 -0.1590673623239393 0.6406380897717 0
1982 -0.1573152061962725 0.6688470782370666 0
1983 -0.4166302163604265 0.6365000541353911 0
1984 -0.433943699866788 0.6021135769858379 0
1985 0.7791415317596377 0.9548592852332416 0
1986 0.8279886411368818 0.9548592852332416 0
1987 -0.2528238727598894 0.9151847117648079 0
1988 -0.2500408320300666 0.9002604204990997 0
1989 -0.2334252896560926 0.9076804328992392 0
1990 -2.037491316282963 0.8715824985270724 0
1991 -2.066107871756158 0.8212967904516225 0
1992 -2.017123837937212 0.8375671259959557 0
1993 -1.601749488721349 0.3030897377934684 0
1994 -1.633678759719569 0.3447192686838041 0
1995 0.5318518595841233 0.9002783741275927 0
1996 0.4942806400962526 0.8914688204453315 0
1997 0.5172771757264505 0.8689931492259501 0
1998 0.05512444445026439 0.5114092598904989 0
1999 0.08168280742180239 0.5146545411226167 0
2000 0.0613078707563576 0.5467730705787811 0
2001 -1.285486781521599 0.5458383807289779 0
2002 -1.268415205773066 0.4969551564715872 0
2003 -1.235507632513466 0.5327206403278624 0
2004 -0.07818159957342236 0.9477719179700244 0
2005 -0.06342419393635282 0.9517184608534139 0
2006 -2.210025913146313 0.8636581093556042 0
2007 -2.200636591760651 0.8039485815417524 0
2008 -2.15954390814984 0.8398445947592386 0
2009 -2.127704289818706 0.8774331427779147 0
2010 -2.118314968433043 0.817723614964063 0
2011 -1.353080795802355 0.5541647825401932 0
2012 -1.415616236103036 0.556237496150375 0
2013 4.757306155802709 0.1488457040221441 0
2014 4.762669023798663 0.1946236988136415 0
2015 4.703267385172449 0.1788224375812543 0
2016 1.691444908418729 0.6414482445633009 0
2017 1.647050535843694 0.6572004328735144 0
2018 1.645222470907513 0.5969170581642982 0
2019 0.1433963076125658 0.8288562247600397 0
2020 -1.661309094287126 0.5283011591559534 0
2021 -1.612946086348471 0.5019754031191237 0
2022 -1.61231025274691 0.5497731240546473 0
2023 -0.1888745431205435 0.8543406189516202 0
2024 -0.1855310816315536 0.8371467206022604 0
2025 2.258628209919914 0.6940515542394721 0
2026 2.300007564758913 0.7299172268130945 0
2027 0.534385253561298 0.4353870885667606 0
2028 0.5498553804236244 0.3883631979455847 0
2029 0.589557045857267 0.4123016474707507 0
2030 0.0419196055371282 0.9467401005783294 0
2031 0.0452526317072675 0.9602051114338739 0
2032 0.2466807350683512 0.3870718021489447 0
2033 0.1946864198080543 0.3736924539264039 0
2034 0.2314532310714691 0.3425828282644154 0
2035 -0.2791691085132424 0.805438182253206 0
2036 -0.2941496189142522 0.7885525161438052 0
2037 -0.2751198941743068 0.7799862569812266 0
2038 -1.284011532435938 0.5849140317019409 0
2039 -1.316919105695539 0.5491485478456657 0
2040 -0.9177333522270951 0.1976505209066342 0
2041 -0.9052812580773205 0.2602215483540489 0
2042 -0.9554107093795934 0.2425140241685932 0
2043 1.870648345186087 0.254975876228785 0
2044 1.821305872798322 0.2502807262284725 0
2045 1.844742012319452 0.2022458859468906 0
2046 3.629317656445906 0.8546448990222906 0
2047 3.580480029242104 0.8238942180303612 0
2048 3.638523733289733 0.8017972831611808 0
2049 3.872376660715374 0.5743702788541009 0
2050 3.915098455284934 0.541561408849162 0
2051 3.925300184072201 0.589744376784842 0
2052 3.933107174578451 0.638823967852431 0
2053 3.975828969148011 0.6060150978474923 0
2054 3.038127383882937 0.8546642464132135 0
2055 2.989291752240027 0.8239130178335801 0
2056 3.047342168939191 0.8018296216812777 0
2057 4.374650663727751 0.04488715976878919 0
2058 4.423055587954789 0.03157876020815959 0
2059 4.397706251683451 0.07646591997694878 0
2060 0.5117444896199542 0.3625499367057949 0
2061 0.5669162819159231 0.3394644956097851 0
2062 -0.8778564932182589 0.3707623529757147 0
2063 -0.9240091166654252 0.3641827975740345 0
2064 -0.8968059917826525 0.3116646070176882 0
2065 -0.9600594520775847 0.3989734735525196 0
2066 -0.9790089506419782 0.339875727594493 0
2067 0.05614150207782267 0.6236849328700662 0
2068 0.02856227900084094 0.6198197397736862 0
2069 0.0478076460498095 0.6019145337270804 0
2070 0.1850638378076331 0.9388375541148694 0
2071 0.173187158706994 0.9498755592603935 0
2072 -2.551617799059851 0.1213064247906715 0
2073 -2.497188987417446 0.1037502863853478 0
2074 -0.1160596867553667 0.9591868592368207 0
2075 -0.1038088441807996 0.9526543703221162 0
2076 -2.028831933940907 0.6086030539854557 0
2077 -2.022655531866281 0.5589009900994315 0
2078 -1.978933462336899 0.5731822159820847 0
2079 0.04348777395512067 0.8570753121562689 0
2080 0.03653144072676665 0.8446523924308444 0
2081 0.05060267772431154 0.848723302148086 0
2082 4.665604217658668 0.104828783670296 0
2083 4.666651959070192 0.03830656227541747 0
2084 0.5094343938191828 0.5799384897550974 0
2085 0.4805666831417772 0.6152568218737005 0
2086 -0.8794263139912957 0.05135698956676341 0
2087 3.281545358038925 0.5713763488323736 0
2088 3.323866212823042 0.5419013399150657 0
2089 3.339506655496869 0.5899746973214113 0
2090 3.352077268784758 0.6364169951487535 0
2091 3.394398123568874 0.6069419862314456 0
2092 0.08122986646972985 0.6263424872337666 0
2093 0.0619844994207613 0.6442476932803725 0
2094 0.4635521369083438 0.203766161004727 0
2095 0.4761828729085681 0.267520320217316 0
2096 0.4322749605191196 0.2494201461453665 0
2097 0.2297302875255284 0.9842959942839611 0
2098 0.2443395771764442 0.9842959942839611 0
2099 0.1491375881450681 0.7857150934305401 0
2100 0.1683147704208328 0.7912796279157013 0
2101 2.691500967271756 0.5739252397370233 0
2102 2.732099624624275 0.541027734133295 0
2103 2.743667791182635 0.5884246862615654 0
2104 2.750145020922608 0.6386736550742556 0
2105 2.790743678275127 0.6057761494705274 0
2106 -0.2033386403408651 0.7954509919869135 0
2107 -0.2030562999944202 0.7809484867443954 0
2108 -0.1861034658786619 0.7823632394936519 0
2109 0.4755799533888048 0.7684679456411541 0
2110 0.5186527404373988 0.7725894235968814 0
2111 0.4966603676345308 0.7977378964961654 0
2112 0.233400716180633 0.8752709352471513 0
2113 0.2171196649568708 0.8832833246257386 0
2114 0.2237502228022876 0.8643599378259681 0
2115 0.1020008471805783 0.8509197483352215 0
2116 0.1135033155000869 0.8608640001608588 0
2117 3.906856669090224 0.8431669568687553 0
2118 3.90954067447156 0.7907951604255532 0
2119 4.080779356715862 0.1039736900049591 0
2120 4.072796342080731 0.03865346550407034 0
2121 -0.3187859751381277 0.8004048238100852 0
2122 -0.3147367607991921 0.7749528985381058 0
2123 -0.2737713151381802 0.9842805397850933 0
2124 -0.257514224953849 0.9842805397850933 0
2125 3.412742516251264 0.8785003635114539 0
2126 3.371535718290363 0.8893171520133378 0
2127 4.797360745515931 0.1289349162767774 0
2128 0.122605974312706 0.7718391073945993 0
2129 0.104413916066237 0.7734996785390557 0
2130 0.1169392903356829 0.7574705772023074 0
2131 2.821567630738391 0.8785433547125838 0
2132 2.78035291185175 0.8893611800471823 0
2133 2.435165943093736 0.9370811915229678 0
2134 2.47885311485705 0.8912420846498175 0
2135 2.481833569167125 0.9541608931268497 0
2136 0.3216648790656821 0.7294629633580026 0
2137 0.2870682831807613 0.7317691569871615 0
2138 0.3127390725674588 0.712619033619214 0
2139 0.07860068036770348 0.9668868436021816 0
2140 0.07016118514086614 0.9605143429769925 0
2141 0.08187533117523044 0.9536423495040562 0
2142 0.1420882035698812 0.436462541173979 0
2143 0.1155418416620041 0.4764273064839178 0
2144 3.742009792871516 0.5963811394448528 0
2145 3.694372756048867 0.6280697416430623 0
2146 2.16718111251383 0.9434580843826097 0
2147 2.216447527948373 0.9434580843826097 0
2148 -0.2092019107091243 0.5589964849272546 0
2149 -0.2318361220331624 0.5248494873064402 0
2150 -0.198645045158453 0.5273822110169304 0
2151 3.310938677539499 0.8368956153523741 0
2152 3.318707447801981 0.7900765062189012 0
2153 -0.1436349942300336 0.5567990807086181 0
2154 -0.1661923841299421 0.5328260033628761 0
2155 3.818965388978943 0.7899569367207372 0
2156 3.824501769049424 0.8378619408769163 0
2157 2.56102073091865 0.5969402447380827 0
2158 2.51715934594847 0.6276787401239836 0
2159 0.2024151296611138 0.8265279606890481 0
2160 0.1941944657578684 0.8092624895230212 0
2161 0.1102885069487875 0.7419848920162007 0
2162 0.1284805651952565 0.7403243208717443 0
2163 3.228148473364512 0.7889201776189931 0
2164 3.233129364746838 0.8369599389247697 0
2165 1.528590868663314 0.1440751249048575 0
2166 1.558092593246868 0.1822451420882605 0
2167 1.49462089136439 0.1962376706860434 0
2168 2.635031287597005 0.7888839565413263 0
2169 2.638115079912033 0.8428281514889217 0
2170 2.719265888343517 0.8385502061674559 0
2171 2.726958930014522 0.7904887822216158 0
2172 2.447446831652563 0.3139312958953211 0
2173 2.496339449607274 0.3456053604109735 0
2174 2.443721413403277 0.360561627574821 0
2175 4.63078922180998 0.8478753769724532 0
2176 4.613716088869305 0.8060268072238252 0
2177 4.677275934898939 0.8237905134769344 0
2178 0.06181691975458028 0.8510964814703937 0
2179 0.05486058652622625 0.8386735617449693 0
2180 3.826695342441519 0.2087425706237056 0
2181 3.870192075713231 0.1815169184712643 0
2182 3.877509242612114 0.2247162274906256 0
2183 1.074420664866324 0.05480907152088864 0
2184 1.02442066486647 0.05480907152088864 0
2185 0.4195909237487964 0.9701959401852644 0
2186 0.4477875439769034 0.9477241881571106 0
2187 0.4408640060892455 0.9775282479718461 0
2188 4.295354453273413 0.8512943217625386 0
2189 4.312385353974991 0.896721620100156 0
2190 4.255670006619306 0.881410351733505 0
2191 3.226858880394001 0.2066683844964143 0
2192 3.273343551373476 0.1812942085909471 0
2193 3.275410620563017 0.2233290697950793 0
2194 1.80109293369186 0.2852997089038602 0
2195 1.775186600825224 0.2325697186219658 0
2196 -1.826934128572022 0.04421863945275088 0
2197 -1.764016978003671 0.04637038093651685 0
2198 -1.790951106572869 0.09058902038926772 0
2199 3.449898273417507 0.6309316171103606 0
2200 0.05986927450708632 0.9632351217243604 0
2201 0.06314392531461327 0.9499906276262351 0
2202 -2.759198691257772 0.1477762233338934 0
2203 -2.705660439642022 0.1770678365494055 0
2204 -2.764444754249627 0.1931918880471473 0
2205 -0.1354265775254183 0.7897888189347139 0
2206 -0.1505218996456667 0.7935127022452733 0
2207 -0.1440867891987284 0.7784629441949975 0
2208 -2.073270244096049 0.545995367995494 0
2209 -2.023371772492041 0.510574529992123 0
2210 3.631038249230329 0.3143410063339372 0
2211 3.679083350560744 0.3454401867768543 0
2212 3.627249877590257 0.3609644865183407 0
2213 1.555585250414205 0.6632747992739588 0
2214 1.567223013069162 0.7237440015493628 0
2215 1.523710213816394 0.6875219105114589 0
2216 0.7597664469285754 0.6813328991612326 0
2217 0.7177044334177374 0.7184649143036648 0
2218 0.7137859969434988 0.6584317089704596 0
2219 3.000500420843091 0.2127435386411832 0
2220 2.957415275641613 0.1900706085385848 0
2221 0.2412434173709815 0.7612129031934189 0
2222 0.2609150253378766 0.761220204716244 0
2223 0.25486169518651 0.7832166887740457 0
2224 -0.07285017589487319 0.8674203435542421 0
2225 -0.08746231030014143 0.8590184854370699 0
2226 -1.025600640310479 0.6360830188262572 0
2227 -0.9945659371660301 0.6083704880732173 0
2228 -0.97518333387915 0.6600951889938531 0
2229 3.588959244625909 0.1528613672546562 0
2230 3.557510588278515 0.1096157638574171 0
2231 3.603937284021741 0.1160047497716642 0
2232 -2.576987589410167 0.3548855734503548 0
2233 -2.534951433273376 0.3946198081711015 0
2234 -2.580054731979863 0.4096803699607425 0
2235 -0.3197082523189572 0.8705456128406985 0
2236 -0.299242186842791 0.8797588658815862 0
2237 -0.3233854036195957 0.8894101935327317 0
2238 1.646185511510941 0.7006142547921899 0
2239 1.599963073999725 0.6560830683931872 0
2240 3.506269553176345 0.1249911228397619 0
2241 3.514235712173455 0.1729676316757666 0
2242 0.05167573474282855 0.6600142633491672 0
2243 0.07676409913473572 0.6626718177128677 0
2244 0.2209051352236369 0.4544842884985142 0
2245 0.2526017624246802 0.431381026835619 0
2246 -1.066487423251963 0.3644669293356981 0
2247 -1.078433555599893 0.315492625740637 0
2248 -1.027005418402068 0.3256920999779169 0
2249 -1.1193259497561 0.3075331921087585 0
2250 -1.079843944906206 0.2687583627509772 0
2251 1.644046135383671 0.1584931945397201 0
2252 1.631054327952876 0.106122038995106 0
2253 1.683037892790755 0.1345326372277515 0
2254 0.05807647488394066 0.9868794185375589 0
2255 0.04341459065818142 0.9928321375184647 0
2256 0.05222465010757994 0.9797115560560236 0
2257 4.434991415153176 0.9532993601807107 0
2258 4.38443732621611 0.9721896704001592 0
2259 4.410625726583792 0.9254890305808698 0
2260 -0.02546448218047366 0.9316646613866819 0
2261 -0.01642754545392255 0.935609218846381 0
2262 -0.01990693377927683 0.9449823727223468 0
2263 -2.434474114439447 0.9575951379557269 0
2264 -2.410015569713885 0.9308806077808516 0
2265 -2.388536381860955 0.9732854698251246 0
2266 3.275577990008911 0.2582710125731323 0
2267 3.322062660988386 0.2328968366676651 0
2268 -2.535575532804655 0.7913833209150544 0
2269 -2.469953095263878 0.7838967876361798 0
2270 -2.502482848432895 0.8280943290434257 0
2271 4.653285826912644 0.8870919422237096 0
2272 4.589725980883012 0.8693282359706004 0
2273 -0.1791568292893088 0.3054624600026528 0
2274 -0.1324342051104163 0.2921059469172955 0
2275 -0.1474876216672368 0.3499845485183155 0
2276 0.5361522538881526 0.9334646612034644 0
2277 0.5456923024439129 0.9720876385299773 0
2278 3.595653990717871 0.1943813505860016 0
2279 3.549227294974644 0.1879923646717546 0
2280 -0.09696008798179112 0.9465811757146272 0
2281 -0.1110758563361897 0.9437566641396328 0
2282 0.530921713954255 0.7180685245092853 0
2283 0.4815833255237302 0.7134552412900641 0
2284 0.5149327132863124 0.6882042930574792 0
2285 0.1441340175035548 0.7326406632079074 0
2286 0.1374832341166595 0.7171549780218007 0
2287 -2.230147270682825 0.3112433194791124 0
2288 -2.224292866452539 0.3593894048746438 0
2289 -2.278916072303542 0.3432159612169663 0
2290 1.485817968781995 0.6749265601866657 0
2291 1.497455731436952 0.7353957624620697 0
2292 -0.4053767570412463 0.5089290465884634 0
2293 -0.3650941518271689 0.4894716709431284 0
2294 0.4679086148044483 0.9775282479718461 0
2295 -2.512029294133025 0.875385569116877 0
2296 -2.446406856592248 0.8678990358380025 0
2297 3.873736948964098 0.2621436331384648 0
2298 3.917233682235809 0.2349179809860235 0
2299 0.5865357638622054 0.7257970628575545 0
2300 0.617997542574749 0.694190650194796 0
2301 0.640262204720117 0.7271701367756502 0
2302 0.1621490392924588 0.7263915805295882 0
2303 0.1531463703710558 0.7495609233795317 0
2304 -0.2771607544934762 0.0508776304529012 0
2305 -0.3101104865511217 0.1037036483068261 0
2306 -0.3347794815231128 0.4267728260363954 0
2307 -0.3215519246307255 0.3975406457943333 0
2308 -0.2858656337027973 0.4275016309793805 0
2309 -0.955324041840756 0.4523019134368483 0
2310 -1.010323875817309 0.4279948434573069 0
2311 0.4385100797833322 0.4042222045395323 0
2312 0.4654810594880442 0.4439018381370993 0
2313 4.006541190288019 0.3771664013638654 0
2314 3.961593752750066 0.4073193609767644 0
2315 3.669892156000063 0.8817135434803836 0
2316 3.611848451952433 0.903810478349564 0
2317 -0.002330179355411199 0.7275070279119979 0
2318 0.01101836940711528 0.7224099141316411 0
2319 0.01300109499968162 0.7430739114996063 0
2320 -2.11686765045115 0.6856854266509307 0
2321 -2.103133807884905 0.7405552002303142 0
2322 -2.163888429330423 0.7252652933660032 0
2323 3.078704818421541 0.8817326943409953 0
2324 3.020654401722377 0.9038160904932977 0
2325 -0.08454945384156309 0.5373329440625059 0
2326 -0.08015810679767871 0.4964250229663901 0
2327 -0.0475193385967781 0.9613871239593795 0
2328 -0.05343205024078519 0.9500555876662427 0
2329 -0.04077312428530137 0.9480707439617326 0
2330 0.3849434375501975 0.2354522057052324 0
2331 0.3975741735504218 0.2992063649178214 0
2332 4.177456779018577 0.1496381757949743 0
2333 4.190165421993349 0.2022831519928912 0
2334 4.128674672243666 0.1832854251996944 0
2335 -2.666885070970757 0.03843423241744649 0
2336 -2.667092259294874 0.1042603183355223 0
2337 0.4071494301160663 0.8806092705433592 0
2338 0.4260248111884091 0.8606560871607496 0
2339 4.484257830587717 0.9532993601807107 0
2340 -0.05667797962487608 0.9384020808557669 0
2341 1.334496074544155 0.1876200895450675 0
2342 1.2884295015723 0.2214725211392191 0
2343 1.300801191554581 0.1625593852093739 0
2344 1.045307405408079 0.5381615788532501 0
2345 1.039661786374054 0.4834624447650691 0
2346 1.089968388263493 0.5186799744018489 0
2347 1.469556327360655 0.6387873004578235 0
2348 1.415377515135582 0.6028921583001232 0
2349 -2.799166958654391 0.1283314225196893 0
2350 0.222689195977279 0.7962297446952706 0
2351 0.2430540628831151 0.8018573507117515 0
2352 -2.483391203890571 0.9575951379557269 0
2353 -2.629789027601673 0.8504141635945401 0
2354 -2.67599672964759 0.8252086650121551 0
2355 -2.614312988019589 0.8103753637399151 0
2356 0.909853890267179 0.223331767203882 0
2357 0.9228730181173257 0.2812639955742423 0
2358 -0.4652785755815906 0.6352946107920243 0
2359 4.370991192919401 0.2201278470136788 0
2360 4.394841293519836 0.1676067837644935 0
2361 1.516534638461664 0.8726934292094275 0
2362 1.575299343883042 0.8793125084377673 0
2363 0.04314222719436674 0.9374147647099422 0
2364 0.05407463633807201 0.9433860705052159 0
2365 2.828196471844668 0.3823365602914556 0
2366 2.782100691366167 0.4135633298257085 0
2367 4.324650663727676 0.04488715976878919 0
2368 0.1123679133040427 0.2754806203849923 0
2369 0.05782713506733865 0.2824804610562457 0
2370 0.08530166883431678 0.2375957420615727 0
2371 -0.2480808811363578 0.9617905501511703 0
2372 -0.2624901845696437 0.9524582176029803 0
2373 0.2822590464887612 0.8956931365667302 0
2374 0.2601590773236248 0.8932092809255117 0
2375 0.2741140041899543 0.8829614807500445 0
2376 3.37142793216807 0.6686008295184186 0
2377 3.316536464096065 0.6516335406083842 0
2378 1.405993465653637 0.1433873035589313 0
2379 1.389564832506089 0.09879977166096347 0
2380 1.448690533633289 0.1134801216046726 0
2381 -0.02641707938654735 0.5072870041269039 0
2382 -0.001399709235716137 0.5180374244354846 0
2383 -0.03282238290664284 0.5333473556541012 0
2384 -1.99357529133975 0.106100274341213 0
2385 -1.967098259622039 0.163643262326123 0
2386 -2.01098404183218 0.1471348823656214 0
2387 -2.059361462342964 0.1348093273437724 0
2388 -2.032884430625253 0.1923523153286824 0
2389 -0.09835213473986001 0.9831271094852148 0
2390 -0.1121291061198256 0.9774343628506535 0
2391 -0.2739403396312819 0.8687177406135048 0
2392 -0.279500074704535 0.8494319646540098 0
2393 -0.2578753787936644 0.8572554200779615 0
2394 1.427180728319039 0.1787347146248039 0
2395 1.368055027191838 0.1640543646810947 0
2396 0.68425332178807 0.1450672139858407 0
2397 0.6445414881985737 0.1162307129737094 0
2398 0.7052424200504788 0.09757846076722154 0
2399 0.08782187180986817 0.8825439557737189 0
2400 0.1028173121406859 0.8811228939605551 0
2401 -1.005650898071347 0.5716778697742215 0
2402 -0.9552335916400183 0.5956900399418175 0
2403 4.282619840081455 0.8110217063473393 0
2404 4.33933518743714 0.8263329747139903 0
2405 -2.591397767500411 0.8725671474303609 0
2406 -2.653081509128413 0.8874004487026008 0
2407 2.339845299909465 0.5277603221101985 0
2408 2.340486565401756 0.4732735500129004 0
2409 2.390544073702372 0.4977424830208027 0
2410 3.765120015195915 0.8905209123742134 0
2411 3.716188118854132 0.8801580338074269 0
2412 3.173947693002208 0.8905398439937144 0
2413 3.125008743546314 0.8801696921314661 0
2414 0.4666467684122583 0.8269000070420635 0
2415 0.5097195554608523 0.8310214849977908 0
2416 2.933711997985874 0.472377338343679 0
2417 2.988159705963071 0.4995470713852267 0
2418 2.932332878757097 0.5283747372684016 0
2419 -0.4540183905156304 0.7397909871810782 0
2420 -0.4678834016706777 0.7784343764196884 0
2421 -0.4846362981661174 0.7448740918578181 0
2422 -0.2661877509276878 0.8812485514143904 0
2423 -0.2878124468385583 0.8734250959904386 0
2424 4.472682383550431 0.3570735169766492 0
2425 4.528489097119316 0.3808310752819247 0
2426 4.473984834331167 0.4060286186285029 0
2427 4.4377289349433 0.4383370185394438 0
2428 4.493535648512184 0.4620945768447193 0
2429 1.146099186237187 0.5970312216397771 0
2430 1.151491368283602 0.5500665595737293 0
2431 1.201976547223271 0.5737186727234767 0
2432 3.909906485179668 0.7493467821801821 0
2433 3.864144195629852 0.7810017822217782 0
2434 1.563119152975124 0.5662556451785802 0
2435 1.556450274746958 0.6198609773552833 0
2436 0.02498492629616864 0.9737294776811118 0
2437 0.01181234924405537 0.9679244553391829 0
2438 3.520219815858736 0.5261859463812687 0
2439 3.522096416316766 0.4711000607846969 0
2440 3.573077612100076 0.4964201700396744 0
2441 2.219302573267772 0.7617862000153195 0
2442 2.170412164615381 0.7255240993193444 0
2443 2.212047404826594 0.7081959867010535 0
2444 2.209737801267523 0.6577894535434969 0
2445 -0.90500574002556 0.4674095707240419 0
2446 -0.9552701637652844 0.4964309406288293 0
2447 4.108255288144839 0.4767711612400265 0
2448 4.162178445099551 0.5040499048913587 0
2449 4.114554434725176 0.5277098160380742 0
2450 -0.1684047303120532 0.8759956629883658 0
2451 -0.1671211371243852 0.8650151460621366 0
2452 -0.1576969475271653 0.8793554872340716 0
2453 -2.303868899998962 0.8472215858561989 0
2454 -2.264995646973155 0.8755950675637039 0
2455 -2.317745950214992 0.8950545572817847 0
2456 3.320444038936345 0.7487486584974161 0
2457 3.273939621134151 0.7792708761426467 0
2458 -0.1570392172334064 0.6862939017763017 0
2459 -0.1384900154768083 0.6724186424926653 0
2460 0.235579773579941 0.9526544417508584 0
2461 0.2495669864170164 0.9370138582898678 0
2462 0.2505280651787198 0.9529514051069315 0
2463 -1.064237672465955 0.6709611454427316 0
2464 -1.083620275752835 0.6192364445220957 0
2465 1.352100252148769 0.5230653120972762 0
2466 1.341399621433946 0.5695831118948138 0
2467 1.289785046871424 0.5373860000714359 0
2468 1.375387856581751 0.5972767374106679 0
2469 1.313072651304405 0.6115974253848275 0
2470 0.7274147387023301 0.1699143294828089 0
2471 0.666713806850425 0.1885665816892968 0
2472 0.3400663678979222 0.7311326859013239 0
2473 0.3143955785112247 0.7502828092692713 0
2474 -2.345142857917594 0.8198954967365895 0
2475 -2.292392554675756 0.8004360070185086 0
2476 0.06639204043788391 0.9272556377349928 0
2477 0.05652497514350092 0.9220721616129088 0
2478 0.06761975758607428 0.9152670647110728 0
2479 0.4407358597301253 0.7634994897528468 0
2480 0.4627282325329933 0.7383510168535627 0
2481 -1.975522799375833 0.8299102782347203 0
2482 -2.004139354849028 0.7796245701592703 0
2483 2.72801339965798 0.7484887995600366 0
2484 2.681103955204935 0.7818348736780043 0
2485 4.299215556318774 0.484213844077562 0
2486 4.244873834891772 0.4602925560881066 0
2487 -2.005082746720772 0.9439264170357028 0
2488 -1.956165657269648 0.9439264170357028 0
2489 4.193749895283378 0.03931934672890059 0
2490 -1.340460755590108 0.1504232346756153 0
2491 -1.313234576113249 0.1994751435580704 0
2492 -1.370751700078081 0.1796035781718128 0
2493 -0.0551988632359157 0.811126352981093 0
2494 -0.0667153244419203 0.8005333270173229 0
2495 -0.05480547401667932 0.7984556637944784 0
2496 2.028053320462841 0.04427132872836807 0
2497 1.99302423283363 0.09159579052197211 0
2498 1.9649709123663 0.04732446179360406 0
2499 0.6128033894391034 0.9601598185222944 0
2500 0.6519371654731716 0.9601598185222944 0
2501 -0.0400268119662085 0.8722780848326906 0
2502 -0.05022566729249213 0.87585734049431 0
2503 -0.04912362042487015 0.8611804655090397 0
2504 1.135987052548217 0.2135403160576607 0
2505 1.081751240967008 0.2372636340561327 0
2506 -0.03599667185288016 0.920021241768786 0
2507 -0.03433546489221392 0.929515357589656 0
2508 -0.0483470428899747 0.9272450918477257 0
2509 -0.0378148532175682 0.9388885114656217 0
2510 0.7810942607417186 0.1559024172027192 0
2511 0.7635547458040737 0.1994017849061753 0
2512 0.5591487895183505 0.910988989984083 0
2513 -0.01685688883249385 0.6847929297755369 0
2514 -0.02009437417402503 0.7023794823991487 0
2515 -0.03263835805854133 0.6803293816306528 0
2516 -2.199476167322969 0.1353747635570267 0
2517 -2.156229500141628 0.1667734913729943 0
2518 -2.201172024599643 0.1976364186057255 0
2519 -2.117897747000496 0.1422692983155644 0
2520 -0.1963970990383911 0.672692202158202 0
2521 -0.1981492551660578 0.6444832136928353 0
2522 4.12327496681125 0.6396097184488707 0
2523 4.118782420953726 0.6943967171935284 0
2524 4.068283701381906 0.661188143734288 0
2525 4.396897426537981 0.1193207098787875 0
2526 4.445302350765017 0.1060123103181579 0
2527 -1.195099937409806 0.09888467022925651 0
2528 -1.221796407715009 0.04557309246416802 0
2529 4.213223659668117 0.1236372980229861 0
2530 0.07546132941442518 0.9338601948560119 0
2531 0.06436654697185182 0.940665291757848 0
2532 0.7993170239186731 0.2179577218225086 0
2533 0.7456375018792847 0.2319696341025983 0
2534 1.570212170742127 0.5263380004822399 0
2535 1.60792111609948 0.5727516017781714 0
2536 1.653338239812863 0.2074585509508299 0
2537 1.601354674974983 0.1790479527181844 0
2538 -0.7195594170905675 0.7546130287053141 0
2539 -0.7184091804056627 0.7139349584121768 0
2540 -0.6680527883460254 0.7287096815467078 0
2541 2.531099984601667 0.9541608931268497 0
2542 1.109886955239267 0.4855207549619669 0
2543 1.115532574273292 0.540219889050148 0
2544 -0.08860927493090634 0.8354557343199599 0
2545 -0.07507699530548469 0.8300810287862961 0
2546 -0.5748925414285461 0.0455707698989454 0
2547 -0.5983871310021898 0.1039385395315476 0
2548 3.692755182941319 0.08738347800073318 0
2549 3.674836325560493 0.03794145739304498 0
2550 0.07039307874257597 0.9868794185375589 0
2551 -0.1592422123045489 0.3841197481657308 0
2552 -0.1444876512765955 0.4260641149245538 0
2553 -0.1794556848181758 0.4052854283624958 0
2554 4.652099610536263 0.6052134165893915 0
2555 4.589370574679862 0.5922515941754108 0
2556 0.2711147542549531 0.5372180597749516 0
2557 0.2386929931047352 0.5217728403162707 0
2558 -0.2608775294271374 0.8921529477010625 0
2559 -0.2414789463233406 0.8846486688354938 0
2560 -0.6974891840187898 0.1007463701722473 0
2561 -0.6717905893180528 0.1549635825256259 0
2562 -0.7222905941878743 0.1389744134326687 0
2563 0.02842714452264703 0.9197331801754056 0
2564 0.01608747222103031 0.9145114411423854 0
2565 0.6087531418211694 0.2070281114112861 0
2566 0.550706971501983 0.23610154585346 0
2567 1.465414409688934 0.9526479282067738 0
2568 2.471410039393968 0.845512249440433 0
2569 2.427085133781704 0.8229547782369995 0
2570 2.46630968439201 0.7943046446314967 0
2571 2.385134058642086 0.8508413919681965 0
2572 2.380033703640128 0.7996337871592604 0
2573 3.145246382149963 0.1365641069663966 0
2574 3.090623350851439 0.1327002861501689 0
2575 0.1692530143681998 0.4087713138126949 0
2576 0.1540255103713178 0.3642823399281656 0
2577 -0.759661574469837 0.1262365201842515 0
2578 -0.7339629797691 0.18045373253763 0
2579 1.355683337209557 0.2229675006109401 0
2580 1.853719037365826 0.4597344321290017 0
2581 1.828210045716729 0.5135395584213582 0
2582 1.795786583097421 0.4653193873871639 0
2583 1.764625984980606 0.4097346542947864 0
2584 1.739116993331509 0.463539780587143 0
2585 -0.2153710417604356 0.7733822782243487 0
2586 -0.1981358672982325 0.7602945257310871 0
2587 0.1480280759776375 0.8715378944004646 0
2588 0.1389624747871215 0.8643427081924857 0
2589 0.1528889855810229 0.8593739745097685 0
2590 -0.1705953732907376 0.8903102694925653 0
2591 -0.1800195628879574 0.8759699283206303 0
2592 -0.009789839783916555 0.926764909221178 0
2593 -0.004232291382719727 0.9400826205568429 0
2594 -2.377065845559292 0.05059725273378807 0
2595 -2.401989808107355 0.07937452758346872 0
2596 -2.424923962551063 0.02877727484968066 0
2597 1.49346048203593 0.1152891230544558 0
2598 1.556932183918407 0.1012965944566729 0
2599 1.025780854798334 0.3485466120394821 0
2600 1.081611157117013 0.3353342473891661 0
2601 1.058861619008559 0.3781801135312187 0
2602 1.043677042959674 0.4276866592476013 0
2603 1.099507345278353 0.4144742945972852 0
2604 -2.122400564836739 0.5255634480018634 0
2605 -2.170778513226304 0.499158168063463 0
2606 -2.122364433111373 0.4712636279497851 0
2607 1.040322220770132 0.5919552223961875 0
2608 0.9900156188806934 0.5567376927594079 0
2609 1.078668360358797 0.6261203025613411 0
2610 1.023376573831412 0.6446964164674989 0
2611 0.1604172810349684 0.8782306696955249 0
2612 0.146490770241067 0.883199403378242 0
2613 -0.0003765975177061828 0.962661884802698 0
2614 0.0001276570968741977 0.974497568331594 0
2615 -0.5950636939532798 0.3557211003723829 0
2616 -0.5968801412106757 0.4072591164563377 0
2617 -0.6370483032973445 0.3905617533097215 0
2618 -0.2617872488201073 0.817420783604547 0
2619 -0.2808169735600526 0.8259870427671256 0
2620 3.086950947677205 0.1823431457695108 0
2621 -2.230202201385411 0.6878957126921659 0
2622 -2.273009762181017 0.6563493360872544 0
2623 -2.220429832692274 0.6388491431817083 0
2624 1.577765576203889 0.3710769394791078 0
2625 1.550093790604846 0.4181550826515929 0
2626 1.531883957245905 0.3606806064982314 0
2627 -2.327065845559151 0.05059725273378807 0
2628 -0.2807753419272199 0.952929486902347 0
2629 -0.2781830032904736 0.9368266249351408 0
2630 -0.1529907847152758 0.7634990785075435 0
2631 -0.172501618425597 0.7750237808783453 0
2632 -0.1663102918218959 0.756336031880332 0
2633 0.05226989153352036 0.9707288267846312 0
2634 0.03760800730776111 0.976681545765537 0
2635 1.171409935259376 0.5169073401338474 0
2636 -2.008891584039993 0.3407849149953219 0
2637 -2.023060856858351 0.3959254546842231 0
2638 -2.060308618602665 0.3460447019715001 0
2639 -2.125000978126423 0.3643010023985955 0
2640 4.22533083692657 0.688840558481739 0
2641 4.22322552636668 0.6410788070933546 0
2642 4.27478267691018 0.6571010736669826 0
2643 0.2858955105176814 0.8686492278309508 0
2644 0.263795541352545 0.8661653721897322 0
2645 0.3193502229927857 0.6947394172714652 0
2646 0.2847536271078648 0.697045610900624 0
2647 -0.051854885660299 0.7880788945174046 0
2648 -0.04033842445429441 0.7986719204811749 0
2649 -0.1888265954539801 0.4986790057420616 0
2650 2.227189183587669 0.3406738636051294 0
2651 2.280029037541437 0.3437611933806937 0
2652 2.242913916154488 0.3928980708227204 0
2653 2.345291282778411 0.3624364818287267 0
2654 0.1596506814410965 0.2798996907160969 0
2655 0.1321761476741184 0.32478440971077 0
2656 -0.1017877398778394 0.882323436900878 0
2657 -0.09732303707925075 0.8703473640233221 0
2658 -0.09084257883718122 0.8820570388153811 0
2659 -2.946225004112985 0.428544514154077 0
2660 -2.946225004112985 0.4785445141542742 0
2661 -2.029541291446334 0.9087849510023606 0
2662 -2.07852532526528 0.8925146154580273 0
2663 -1.45456532703567 0.1590551294139895 0
2664 -1.491257288467622 0.1330770482192132 0
2665 -1.434669840986893 0.1045735880945813 0
2666 -1.033234019442672 0.7402031192745017 0
2667 -0.9830707642184523 0.7329065048696876 0
2668 -1.010086746637525 0.7853019043972962 0
2669 -0.1517288330164533 0.8590358796969066 0
2670 -0.2070037805822934 0.397464099470122 0
2671 -0.1922492195543399 0.439408466228945 0
2672 -0.04794688857379896 0.6664321822994764 0
2673 -0.06225858240868107 0.6450826236763555 0
2674 -0.04371256655189226 0.64139327038392 0
2675 1.181763607908276 0.9461202392572015 0
2676 1.231030023342818 0.9461202392572015 0
2677 3.222490458119151 0.4794557011045845 0
2678 3.235228808842534 0.4326218240046595 0
2679 3.278643266088481 0.4764691143261031 0
2680 -1.003407177139683 0.2283303965520171 0
2681 -0.9909550829899086 0.2909014239994318 0
2682 -0.8150932940155664 0.1352149092113698 0
2683 -0.9002050490843956 0.8807506053696841 0
2684 -0.9003058022330281 0.8258875565583942 0
2685 -0.8630502479093369 0.8458176564334524 0
2686 4.946337133806441 0.4783687672548445 0
2687 4.946337133806441 0.4283687672549848 0
2688 2.952949865749773 0.1012750227405985 0
2689 2.999707414125485 0.07430509322385509 0
2690 3.844874845511663 0.6142146852924082 0
2691 3.834673116724397 0.5660317173567282 0
2692 4.33250023801968 0.3357873652381085 0
2693 4.393459721940468 0.3486914195077044 0
2694 0.1937403244253183 0.4821755158597982 0
2695 0.1827491130066177 0.4458726551722172 0
2696 -2.686687485953847 0.6430642450297201 0
2697 -2.725554927617483 0.6746602662961019 0
2698 -2.716386266581996 0.6164063214690209 0
2699 4.184576917338712 0.8566954077408406 0
2700 4.138125697239301 0.8280074715712606 0
2701 4.192187885818317 0.8072951172263076 0
2702 4.088083664290768 0.8455456161113448 0
2703 4.095694632770373 0.7961453255968119 0
2704 0.137488805405708 0.7769779069971252 0
2705 0.1249634311362622 0.7930070083338735 0
2706 -0.7239945944452861 0.04237860053964508 0
2707 3.258933688724494 0.6119870212208933 0
2708 3.243293246050666 0.5639136638145478 0
2709 0.1854294419922554 0.9095362722235254 0
2710 0.1757970067614679 0.9021674151703376 0
2711 -0.447287079378073 0.716278305639239 0
2712 -0.4305341828826332 0.7498385902011093 0
2713 0.4136211339791764 0.3550850376977128 0
2714 0.4697946423234997 0.3623114721997751 0
2715 0.3294041901701636 0.9792038776298009 0
2716 0.3505439519752993 0.9792038776298009 0
2717 -0.1894530306179154 0.9867627707498277 0
2718 -0.1772237582552312 0.9867627707498277 0
2719 2.665014576543002 0.6132534268549064 0
2720 2.653446409984642 0.5658564747266359 0
2721 -0.8242909023828149 0.363198828485829 0
2722 -0.8514940272655875 0.4157170190421752 0
2723 -0.8634798807272697 0.4616769550942568 0
2724 -0.8099142898918257 0.454113430604371 0
2725 -1.703748177979845 0.2880105774725252 0
2726 -1.684109022271058 0.3368945875284891 0
2727 -1.731623154121826 0.3272179414069575 0
2728 0.5959786180506055 0.6675404478227477 0
2729 0.649705058908517 0.6689135217408434 0
2730 -0.07013973943849318 0.7523522335417323 0
2731 -0.05485794579888481 0.7585173373769556 0
2732 0.5379182328419527 0.6590014616525692 0
2733 0.4885798444114278 0.6543881784333481 0
2734 -0.06429544948600181 0.8252053050364623 0
2735 -0.07789025948063955 0.8180797399537714 0
2736 0.1107964913956266 0.8031566719967522 0
2737 2.838348946062159 0.5795692112899599 0
2738 2.844826175802131 0.62981818010265 0
2739 2.831075809657527 0.5283660924423456 0
2740 2.885158307184532 0.5524081230744682 0
2741 2.223091317060854 0.5962136259555288 0
2742 2.176510511967533 0.6103580584171102 0
2743 0.4275387568117083 0.5105407116536691 0
2744 0.4717909772598653 0.5055233348571804 0
2745 1.921277554653251 0.5200021025933399 0
2746 1.947772532375236 0.5641084633909519 0
2747 -0.3541921627451806 0.7443613373108493 0
2748 -0.332536088180971 0.767164202399413 0
2749 -0.3610291915872773 0.7640023411158221 0
2750 -0.009300074854651622 0.7383169444234839 0
2751 -0.01128280044721796 0.7176529470555189 0
2752 0.3662896110102543 0.3411170972575787 0
2753 0.3168450984566328 0.3206003004823217 0
2754 1.596031285271226 0.06504129815353731 0
2755 1.63502304267831 0.04108074084156871 0
2756 -1.636534200599373 0.4361273759969907 0
2757 -1.686964463150863 0.4283026948416757 0
2758 -1.66155373586155 0.3839266326182365 0
2759 0.1259435162672221 0.8628949138919333 0
2760 0.1308044258706075 0.8507309940012372 0
2761 -1.176025828471436 0.8108560293589073 0
2762 -1.226618194274579 0.8397994491302596 0
2763 -1.212576332435297 0.7879449307773988 0
2764 1.560900898643842 0.0362552963031356 0
2765 0.7473896983960608 0.8881139457199632 0
2766 0.7570099692944101 0.9246172438857574 0
2767 0.7100434889151735 0.9030126191392372 0
2768 1.299896034757904 0.4405677605393145 0
2769 1.339636142148002 0.4254688731995567 0
2770 1.340225784976346 0.4757693129341405 0
2771 1.35560141798164 0.3851946733018025 0
2772 1.395931168200082 0.4203962256966285 0
2773 -0.4161437410698018 0.4613909778407154 0
2774 1.871648269601146 0.4008327285910064 0
2775 1.904071732220455 0.4490528996252007 0
2776 -2.05092671120802 0.7441283757178738 0
2777 -2.097947490087292 0.7837082424329463 0
2778 0.7417953222787504 0.9697579586525158 0
2779 2.876452294609747 0.05126791641055538 0
2780 2.925348269021797 0.03074305361806843 0
2781 2.901800563634735 0.08201097002862381 0
2782 -0.1201900065343719 0.6709808939058288 0
2783 -0.1199140175715058 0.6884277174450638 0
2784 0.1968205352350884 0.9322169425015492 0
2785 0.1961010964348285 0.9467268436599123 0
2786 2.425506190587067 0.1457452591564695 0
2787 2.419992663519682 0.200948541167517 0
2788 2.381836180991333 0.1744853303260356 0
2789 2.343090427947285 0.1404784082481105 0
2790 -0.513377688741524 0.4765126517708358 0
2791 -0.4793532377257068 0.4425562913740492 0
2792 -1.116168979011337 0.1462928752508895 0
2793 -1.138952671585556 0.1932099893788269 0
2794 -1.169390751967176 0.1535402696581143 0
2795 2.292770780858552 0.4496383948502905 0
2796 2.34346955465146 0.4196205557608946 0
2797 4.020399112940595 0.5816683258847668 0
2798 4.028206103446845 0.6307479169523558 0
2799 4.014326628206113 0.5286832895833227 0
2800 4.066703762504947 0.5534161086881861 0
2801 3.115795472405264 0.6820031013264791 0
2802 3.11246462192755 0.6189409208766465 0
2803 0.09322340174204252 0.8444034376132431 0
2804 0.1090080219121723 0.8427668889787064 0
2805 -0.3385801386589353 0.8609906869044845 0
2806 -0.3144369218821306 0.8513393592533393 0
2807 4.406624808074977 0.8866021552453054 0
2808 4.356070719137912 0.905492465464754 0
2809 -1.103233618846065 0.2233807620453504 0
2810 -1.156455391801904 0.2306281564525753 0
2811 -0.198588319772821 0.8331031828035799 0
2812 -0.1841992350725608 0.8232239873190307 0
2813 -2.005686134472212 0.2951009743288344 0
2814 -1.968438372727897 0.3449817270415575 0
2815 -0.1681875599627097 0.815636521892396 0
2816 -0.1535474054832413 0.8044220478260351 0
2817 -0.2970604646531115 0.6765448590476213 0
2818 -0.3135069634858353 0.6533196356054227 0
2819 -0.2832116446937561 0.6531342432074141 0
2820 -1.632906408751445 0.2625425888808095 0
2821 -1.578421851343719 0.267945103080221 0
2822 -1.529208852915012 0.2480254207657506 0
2823 -0.2242487695320428 0.8451448654270279 0
2824 -0.2352098856020978 0.8376788616089894 0
2825 -0.2291417762119724 0.8259694125201829 0
2826 -0.4563712366136259 0.7999094674131698 0
2827 -0.4269336324055064 0.8028199028404079 0
2828 -0.4460393749989416 0.8293780985106294 0
2829 4.099678606742191 0.3194932390115092 0
2830 4.096682815127522 0.2655529215815775 0
2831 4.144379106833106 0.289870718827543 0
2832 -0.6328799253036226 0.1798912822259527 0
2833 -0.6033255788714038 0.1496681425880358 0
2834 -0.589216325026058 0.212823885548784 0
2835 -0.475664036039521 0.9824007770905461 0
2836 -0.4577886331530427 0.9537868511348482 0
2837 -2.321910358596468 0.6955009190810344 0
2838 -2.312137989903332 0.6464543495705768 0
2839 -2.315810375917758 0.6064178975187055 0
2840 -2.364710972333209 0.6455694805124854 0
2841 -0.3976777194140947 0.9412367200127297 0
2842 -0.4007509057611132 0.9225682273705443 0
2843 -0.3734973363168345 0.92103279929467 0
2844 -0.1092215261251344 0.2562078628695622 0
2845 -0.07755231850306235 0.300729951385225 0
2846 -0.05270721308847226 0.893924331446744 0
2847 -0.03815379533339871 0.8961518085269295 0
2848 -0.0497321495880405 0.9031211801557126 0
2849 0.2136743336447861 0.8554895734115932 0
2850 0.2299553848685482 0.8474771840330059 0
2851 0.6874508551368987 0.2570726699112831 0
2852 0.6294901901076431 0.2755341996332724 0
2853 0.6519145587354296 0.2318752269082543 0
2854 0.09335201541840193 0.7440939129957493 0
2855 -1.648782880406814 0.8051793894468097 0
2856 -1.688647456355167 0.8263966582328853 0
2857 -1.699929323176083 0.7855530874644236 0
2858 -0.005808777451484136 0.5881534281786243 0
2859 -0.01982549531580384 0.561177645844615 0
2860 0.006211705108508068 0.571073558296691 0
2861 3.520440132276713 0.312333662692067 0
2862 3.508798764680095 0.2621571836559051 0
2863 3.567563408663224 0.2796888270392618 0
2864 -2.406286252766589 0.8909356757428668 0
2865 -2.360348520188096 0.9066260076122645 0
2866 -2.586893412880688 0.6003756518807389 0
2867 -2.645525730678351 0.6149641921592821 0
2868 0.2549701346807439 0.969855359769592 0
2869 0.2627688595155437 0.9855593654856309 0
2870 2.228495519708527 0.24574972522996 0
2871 2.245758941139143 0.1808186162390251 0
2872 -1.68444071130156 0.8686614600296467 0
2873 -1.735587154070829 0.8490351580472607 0
2874 -0.6576813354727071 0.2181193254863741 0
2875 4.690551335584802 0.6335154597334236 0
2876 4.722562421813343 0.6114207819743087 0
2877 4.726318663836437 0.6723287060918136 0
2878 1.939022090990355 0.4866732164310469 0
2879 1.956951323225675 0.4277715128930516 0
2880 -1.781100773080207 0.3147639159095825 0
2881 -1.76146161737142 0.3636479259655464 0
2882 -0.1210191909201914 0.7901093922976001 0
2883 -0.1274543013671297 0.8051591503478759 0
2884 -0.33130656673074 0.3657941535191638 0
2885 -0.2823927189104245 0.3665229584621488 0
2886 -0.6667466539932587 0.2646170785267655 0
2887 -0.6270012637491127 0.2910353812062338 0
2888 -0.6749772462840946 0.3126054345462984 0
2889 0.378373713839433 0.8273751479417383 0
2890 0.4094661258638539 0.8244313528738086 0
2891 3.685611827564407 0.1290671971921398 0
2892 3.642529295746049 0.1175666339774966 0
2893 -0.2504082336650276 0.9744163155653531 0
2894 -0.2428399354124866 0.9901357757802598 0
2895 4.958116001092751 0.5336356413945007 0
2896 4.904453134899192 0.5120044086506509 0
2897 -0.4365341249270068 0.2897595681635916 0
2898 -0.4391564475361635 0.2385095687785139 0
2899 -0.3885752275913812 0.2568227111581547 0
2900 4.40203229730992 0.4791450592147579 0
2901 -0.985953509062908 0.5201603524922287 0
2902 -0.9356352072477119 0.5352680097794223 0
2903 -1.570258316423603 0.5769043314984401 0
2904 -1.618621324362258 0.60323008753527 0
2905 -0.03247942305662496 0.7428812640326394 0
2906 -0.04126259105720166 0.753765215347269 0
2907 -0.05036482813782717 0.7360236438120571 0
2908 -2.904332774938846 0.5122955619647763 0
2909 -2.958107770825861 0.5337510478125609 0
2910 -0.08526252356696076 0.7414543175423457 0
2911 -0.07427078026687145 0.7360096791273001 0
2912 0.1305259066933939 0.6978007323969316 0
2913 -0.4795100604389269 0.2161319437026005 0
2914 -0.4315511631033013 0.1831950866971636 0
2915 0.2716454186006664 0.7439147529307837 0
2916 0.2852636964161949 0.7659185385114105 0
2917 3.218800581019563 0.5351162949847952 0
2918 3.175386123773617 0.4912690046633515 0
2919 -0.2334065915949954 0.9676457861463368 0
2920 -0.2968819343976701 0.8374493633026689 0
2921 2.917116963271598 0.3169055652160181 0
2922 2.913837117752882 0.2686768062283285 0
2923 2.962907203349181 0.287306037819799 0
2924 -0.1712996753649501 0.9790493453556017 0
2925 -0.1652857301872321 0.992286574605774 0
2926 -1.408479373937741 0.1789130880964442 0
2927 -1.465066821418471 0.2074165482210761 0
2928 0.936643802462389 0.6295021414377908 0
2929 0.9796669996312166 0.6658190999116813 0
2930 0.931280367850859 0.6847899050471269 0
2931 0.2689573475178193 0.9542147763086014 0
2932 0.788443213923171 0.644228825464604 0
2933 0.7923616503974095 0.7042620307978092 0
2934 0.106742742234264 0.3598632695970611 0
2935 -0.03194590095428705 0.8651579923364212 0
2936 -0.03304794782190903 0.8798348673216916 0
2937 -0.01989970241917482 0.7753234864982042 0
2938 -0.0101310944744291 0.7702089840140157 0
2939 -0.006653610917604464 0.7849096349443685 0
2940 0.1539575482329434 0.9869332029099891 0
2941 0.1662741520915791 0.9869332029099891 0
2942 -0.08462329029752116 0.8886850141047545 0
2943 -0.06911243315119328 0.8921153097960496 0
2944 -0.07979642448944194 0.897463407384232 0
2945 -0.08867834868809614 0.9062799509336481 0
2946 -0.07316749154176824 0.9097102466249432 0
2947 -0.01186231986942216 0.7543969304239072 0
2948 0.001383771632148201 0.7639830788700717 0
2949 0.7813801826779896 0.5638317264416723 0
2950 0.7339860733660701 0.5763301803703751 0
2951 0.7595182455897228 0.5188622129840201 0
2952 -0.5087353835945212 0.7253134994548718 0
2953 -0.5226003947495684 0.763956888693482 0
2954 -0.7108697448484609 0.4403100457115437 0
2955 -0.7540842604570488 0.4512857489550601 0
2956 -0.7547139208215556 0.397177791308773 0
2957 -0.7660701139187309 0.4972456850071417 0
2958 1.5606928085903 0.474196729757559 0
2959 1.605494771714657 0.4806926863571502 0
2960 4.203762782830619 0.4788258982872896 0
2961 4.210061929410956 0.5297645530853372 0
2962 3.996503553685025 0.9280096730674344 0
2963 3.953189049380856 0.9021800741788909 0
2964 0.8190830016992092 0.5468802989963875 0
2965 0.7935508294755564 0.6043482663827426 0
2966 -0.01294262291169564 0.6626786375049496 0
2967 -0.0003986390271793296 0.6847287382734456 0
2968 0.2010555630829051 0.8580890732216655 0
2969 0.2072607251491656 0.8412063194287032 0
2970 4.597149548400408 0.122963682828105 0
2971 4.637226374273389 0.1253416380319173 0
2972 4.601072004532957 0.1716921963091874 0
2973 2.510163177211528 0.1487357070173337 0
2974 2.467509005989281 0.1266172640284685 0
2975 2.514009510085394 0.1031445010478513 0
2976 -2.217899475630967 0.5277157885739518 0
2977 -2.2178633439056 0.4734159685218735 0
2978 -0.0571469085968775 0.9093223395511915 0
2979 2.042591585678796 0.4832914251756077 0
2980 2.043655204401545 0.438012622234014 0
2981 2.094345108084766 0.455912217710724 0
2982 2.003989666028898 0.4106738999744833 0
2983 2.055743188434867 0.3832946925095996 0
2984 0.8559608752122746 0.5285142836997319 0
2985 0.8622529484071897 0.4805291319593983 0
2986 0.9113014687178219 0.5026796566038128 0
2987 -0.8303465565606392 0.8760685215295712 0
2988 -0.8304473097092718 0.8212054727182813 0
2989 3.614942936110428 0.5249994036539837 0
2990 3.616819536568458 0.4699135180574118 0
2991 -0.05020347520471674 0.8474039018582037 0
2992 0.9840877475084409 0.9495815151584567 0
2993 1.033354162942983 0.9495815151584567 0
2994 -0.2162229950432789 0.7323808059468657 0
2995 -0.2270553918713764 0.7544620722835302 0
2996 -0.2328277778504075 0.7341145610193556 0
2997 -2.429886054067948 0.1593916035184547 0
2998 -2.446693115040665 0.2113942962290808 0
2999 3.034343788952753 0.4724312105883259 0
3000 3.032964669723976 0.5284286095130485 0
3001 -1.721172462439343 0.4688226697953777 0
3002 -1.74619199770152 0.4166219264166234 0
3003 -0.07150791960712277 0.4656784303242221 0
3004 -0.08241451701736303 0.4383115087370267 0
3005 -0.05144597608660244 0.4337368284739891 0
3006 -1.819493419754604 0.1314860435552472 0
3007 -1.756576269186253 0.1336377850390132 0
3008 2.433154907471852 0.5254474587487912 0
3009 2.433796172964144 0.470960686651493 0
3010 2.137665957437223 0.6299996096914567 0
3011 2.151019473230553 0.5684237821034887 0
3012 0.01711459388373804 0.7078289256074193 0
3013 0.03244586823883086 0.7233958091950276 0
3014 4.380584437982122 0.7991461195792048 0
3015 4.393319051174079 0.8394187349944041 0
3016 1.018013139219882 0.6999841800768349 0
3017 0.08421243917271562 0.7609470517449395 0
3018 0.07881722250190368 0.7459098163939251 0
3019 1.35556667752515 0.6939976122809004 0
3020 1.387050545006042 0.6449064717901369 0
3021 1.395556336078981 0.6996130331703556 0
3022 1.443301844981213 0.6866611524084343 0
3023 2.442083918592983 0.6346902317213881 0
3024 2.485976690423579 0.6608574371518261 0
3025 2.450631400682393 0.6898312064403734 0
3026 2.393007067321615 0.3860716369913365 0
3027 2.441899685276326 0.417745701506989 0
3028 -0.1204655203993068 0.6476501456743513 0
3029 -0.1018895224940043 0.6636592206267498 0
3030 -0.005106895053868035 0.9139491658685536 0
3031 0.007088359017334789 0.9184225675790154 0
3032 4.66087980179716 0.4719954164258773 0
3033 4.693428379888006 0.529091642663305 0
3034 -0.2468759963945428 0.8474119793171505 0
3035 -0.2413162613212898 0.8666977552766455 0
3036 3.577079494408974 0.3855997952592631 0
3037 3.625124595739389 0.4166989757021801 0
3038 -2.413507542398596 0.5041282918271748 0
3039 -2.411070596593988 0.5499649496802543 0
3040 -2.460383412275236 0.5441143506860018 0
3041 -2.366289042532492 0.5577559596410206 0
3042 -2.413164912409131 0.5977420184998478 0
3043 0.002501541609893057 0.8295332658559602 0
3044 -0.007363633197281591 0.8201962683846933 0
3045 0.005703887251117902 0.8182802386232914 0
3046 0.1953957033557733 0.8972185168497548 0
3047 0.1957495379714109 0.9120098975827357 0
3048 0.3607294478348383 0.9583316936225397 0
3049 0.3750316829829944 0.9791278159927388 0
3050 -2.12261013646098 0.423021794835893 0
3051 -2.074232188071416 0.4494270747742934 0
3052 -0.04918956586691811 0.4918503427033525 0
3053 -0.01776689219599141 0.4765404114847359 0
3054 2.421836168427794 0.2883766047673969 0
3055 2.474454204631792 0.2734203376035494 0
3056 3.207934164579069 0.2883374234609849 0
3057 3.255297885547157 0.2927071794588268 0
3058 3.234306100542684 0.3323413572192652 0
3059 -0.0356361586482286 0.3103606249460561 0
3060 -0.05884883763351052 0.3462587089937894 0
3061 -2.693660078280665 0.541626530468322 0
3062 -2.6684222893011 0.4792286425564831 0
3063 0.3585190000652392 0.7390501674702659 0
3064 0.3708870717436759 0.7057574877601216 0
3065 0.3820704033565354 0.7344948152403323 0
3066 -0.1378954625950274 0.7597751951969842 0
3067 -2.404957538989244 0.1169348207260087 0
3068 -2.452815655981015 0.09511484284190128 0
3069 2.239368911753653 0.8989854573016104 0
3070 2.264002119470924 0.9555273729190007 0
3071 0.1933470632602386 0.9561880269420284 0
3072 0.2051037606876938 0.9495674153287081 0
3073 2.560850707596513 0.8850716164459795 0
3074 2.518077665467357 0.8625919510443147 0
3075 -0.1646166303026289 0.736939426852089 0
3076 -0.18412746401295 0.7484641292228909 0
3077 0.04587395317296365 0.9250555184646303 0
3078 0.03371892237201984 0.9284095485377437 0
3079 0.1719777913375078 0.8923185350819234 0
3080 0.1710745246434169 0.8807511758210701 0
3081 0.1841723406825269 0.8831775322296913 0
3082 0.09539162816542199 0.4956672205375153 0
3083 0.1015750544715152 0.5310310312257975 0
3084 0.5465019138112025 0.7753463983179831 0
3085 0.5810355494734267 0.7538049858112411 0
3086 0.999464588233503 0.09459498535720379 0
3087 0.9750439233654454 0.03978591383631515 0
3088 -2.17313322316638 0.3861375555740872 0
3089 -2.221902024787096 0.4181101973119412 0
3090 -2.127266821433555 0.05225591816214775 0
3091 -2.177266821433696 0.05225591816214775 0
3092 0.9947967850825861 0.1449153546269127 0
3093 -0.02038549355938037 0.8010548322202877 0
3094 -0.03086830217716232 0.8001903391080598 0
3095 -0.02690502748013214 0.7891596443163291 0
3096 3.604999696695005 0.2885432260947266 0
3097 3.656833169665492 0.2730189263532401 0
3098 0.04710167032115402 0.9130669454407103 0
3099 0.0717101078616901 0.7323050757950418 0
3100 0.06257053161600377 0.7491582145442321 0
3101 3.698718914360659 0.9293236131347002 0
3102 3.107535761385754 0.9293215362115504 0
3103 -2.125088137683479 0.632358673944711 0
3104 -2.064333516237961 0.647648580809022 0
3105 0.9454200435815615 0.1298921969423392 0
3106 0.04910059770913724 0.2017995462535121 0
3107 0.2651045356170821 0.6689279969084743 0
3108 0.2666339979410475 0.6451357089607145 0
3109 0.2928942398571571 0.6553737066051153 0
3110 4.121859625468969 0.9387038810428967 0
3111 4.074884242022641 0.9577714755237242 0
3112 4.083539345313369 0.896475356566621 0
3113 -1.188207066974952 0.5297539361142637 0
3114 -1.205278642723485 0.5786371603716545 0
3115 1.918896935426162 0.6374320533423997 0
3116 1.869148708337817 0.6414271810887775 0
3117 3.461951629294538 0.8727022684841556 0
3118 3.442606224544789 0.9196437021587609 0
3119 3.208944896418589 0.407301360283359 0
3120 3.265097704387919 0.4043147735048776 0
3121 2.87076802768953 0.8727449973123933 0
3122 2.851423929529082 0.919658446698846 0
3123 -1.361440372438914 0.1044751000726355 0
3124 -1.303923248474081 0.1243466654588931 0
3125 0.1216613644166009 0.8744757143521074 0
3126 3.523895918921724 0.4195777725831493 0
3127 0.01584947206988437 0.8147131435958425 0
3128 0.00598429726270972 0.8053761461245755 0
3129 -0.01926684121136795 0.9076343029115943 0
3130 -0.002388642410116604 0.8992919612694317 0
3131 -1.208889373782937 0.744965120236639 0
3132 -1.259481739586079 0.7739085400079913 0
3133 -0.259445252956821 0.4441604742790069 0
3134 -0.2205382859004742 0.4624111753663435 0
3135 -0.2601862235388378 0.4749845123087792 0
3136 -2.257378725356427 0.2702638759090865 0
3137 -2.202755519505423 0.2864373195667639 0
3138 -0.08015858749893254 0.8767089412271987 0
3139 0.2662832679431891 0.3122684222310199 0
3140 0.2142889526828922 0.2988890740084791 0
3141 -0.2646924507985593 0.701033955992324 0
3142 -0.2443802634416712 0.694196380666152 0
3143 -0.2423075683791981 0.7188708700088632 0
3144 -0.2496363786279059 0.5011782159941229 0
3145 -0.2885433456842527 0.4829275149067864 0
3146 0.2218381595783148 0.7704274916618921 0
3147 0.2278914897296814 0.7484310076040903 0
3148 -0.01029175320920347 0.7994836892902907 0
3149 -0.01425502790623365 0.8105143840820215 0
3150 1.124703755008551 0.03744740388385169 0
3151 1.099124419876755 0.09225647540474033 0
3152 1.148984702452573 0.1220487095442022 0
3153 2.636085757240463 0.746883973879747 0
3154 3.229885064498875 0.747592329897508 0
3155 3.94949038978513 0.6737761776241333 0
3156 3.89896160470932 0.6575054565614831 0
3157 3.819331199687051 0.7485085584753661 0
3158 -2.068730536776024 0.04479594719035575 0
3159 -2.095997358207423 0.0970518653525035 0
3160 0.4651685403255008 0.1530114320064716 0
3161 2.185113914369925 0.3439952747195546 0
3162 2.222229035756873 0.2948583972775278 0
3163 2.93947795116373 0.6926122571464222 0
3164 2.891528578384 0.66518980236563 0
3165 2.940380816368893 0.6310336967028746 0
3166 2.765126478988351 0.6744345350972882 0
3167 2.718050591895859 0.6570830718883264 0
3168 0.1776714125620649 0.7124120719304906 0
3169 0.1866837654295659 0.7293323321021149 0
3170 -0.07698303221309902 0.71616443598737 0
3171 -0.06186024808463144 0.7270623519867566 0
3172 -0.2418474679924719 0.6695107667226569 0
3173 -0.2194625855731108 0.6873476807391961 0
3174 -2.654694391713837 0.673218136986363 0
3175 4.364260627759291 0.7665601083442128 0
3176 4.418244491496232 0.7796458686246268 0
3177 0.3310649981432026 0.5029839384459855 0
3178 0.1726118303799874 0.8690896668432927 0
3179 -0.4869891442641129 0.8049925720899097 0
3180 -2.020611446708579 0.6619298066916753 0
3181 -0.0843289703947635 0.6552250039935921 0
3182 -0.08009464837285679 0.6301860920780357 0
3183 -1.50305768377208 0.3301869485011789 0
3184 -1.485583958692762 0.3895140867983299 0
3185 -2.015323177949388 0.2477910163165651 0
3186 -0.7507371435055565 0.6884658635041468 0
3187 -0.6992305147610145 0.6625625163455406 0
3188 4.429338009110181 0.3448853525939046 0
3189 4.48384227189833 0.3196878092473263 0
3190 -0.4189021200610979 0.13323474866455 0
3191 -0.4647113203010453 0.1161698345233242 0
3192 -0.4117086643560783 0.08858712156662402 0
3193 -0.4287589322985733 0.03576110371269909 0
3194 2.904053891337723 0.1217998855330855 0
3195 2.987555387941458 0.6070003108968081 0
3196 3.030279299552506 0.5724776367492193 0
3197 -2.965197263278215 0.3758180405073343 0
3198 -2.9114222673912 0.4043625546597469 0
3199 0.8197097457627153 0.4629305886165541 0
3200 0.8750503392682626 0.4370959615206351 0
3201 -1.490341579500288 0.2324550029520251 0
3202 -1.508397657898899 0.2929218341791543 0
3203 0.873359917419143 0.04458524456173205 0
3204 0.8233599174192889 0.04458524456173205 0
3205 -0.04259349084180394 0.911549816631377 0
3206 2.186420250490782 0.2490711363443852 0
3207 0.05249871358612829 0.6936266042262341 0
3208 0.03322358030567894 0.6937973159316804 0
3209 0.04718020117635363 0.6786090994871088 0
3210 2.767958672995568 0.2444899084460086 0
3211 2.718854230840295 0.2396540788490754 0
3212 2.754341812539876 0.2066312370570117 0
3213 -1.827616096495731 0.4773367606850873 0
3214 -1.87903201736211 0.4540794572227863 0
3215 -1.83181591785638 0.4338845979080244 0
3216 -1.7956696166599 0.4041679009192484 0
3217 -1.84708553752628 0.3809105974569473 0
3218 4.728931404825364 0.535978633177137 0
3219 4.774397536011577 0.5429064902121941 0
3220 4.732261224747922 0.5795353926509759 0
3221 0.4868555438157984 0.3134127698639754 0
3222 -1.398988939779431 0.06527583464467884 0
3223 -1.362451432663405 0.03919926542795666 0
3224 0.05813048599136315 0.8734768920119149 0
3225 0.04854369513830917 0.8795436694745566 0
3226 0.04797222009961158 0.867212999336152 0
3227 -0.3492440044107649 0.9814084627482235 0
3228 -0.3284822099946504 0.9814084627482235 0
3229 1.900137384581524 0.8721503548642803 0
3230 1.909245553629789 0.8303417690432133 0
3231 1.953991741612185 0.8507780282392829 0
3232 3.81647291097579 0.03871398877007451 0
3233 3.78439176835654 0.08815600937776269 0
3234 0.3987932352762063 0.7505850279578661 0
3235 0.41964670259582 0.7540724614029481 0
3236 0.3905557989977125 0.7712749283955588 0
3237 4.314106646161395 0.6080353332043738 0
3238 4.355498111878243 0.6457778880814589 0
3239 4.314068832067138 0.6470818771556832 0
3240 4.316174142627027 0.6948436285440676 0
3241 -1.217883629984026 0.1458017843571939 0
3242 -2.496967335400436 0.3729845413023071 0
3243 -2.500034477970132 0.4277793378126948 0
3244 -1.435680901211383 0.03929775344990248 0
3245 0.02748896537882368 0.5707885649886818 0
3246 0.01347224751450397 0.5438127826546726 0
3247 2.826452294609671 0.05126791641055538 0
3248 4.911419530798403 0.4041869439836402 0
3249 4.965082396991962 0.3758181767276303 0
3250 1.957399534574046 0.136162717306435 0
3251 1.939470864559109 0.1923087734864324 0
3252 1.912013154722153 0.1507949797672056 0
3253 1.886005900776279 0.1166738180578032 0
3254 1.868077230761342 0.1728198742378006 0
3255 0.5391267008575176 0.566063615463388 0
3256 0.5412576710054029 0.6113104727367287 0
3257 2.78116073773643 0.1783968541905183 0
3258 2.732056295581157 0.1735610245935851 0
3259 -0.01483941089036056 0.4432177976882108 0
3260 -0.02574600830060083 0.4158508761010154 0
3261 0.5009935058994764 0.4730701357616757 0
3262 3.580480029242104 0.7181989863081426 0
3263 3.537597978512745 0.7494072542024004 0
3264 3.528391901668918 0.6965596383412916 0
3265 -0.04976662751995914 0.8348044041331861 0
3266 -0.03848791741382891 0.8450017121224027 0
3267 2.049521978199108 0.8024352371664487 0
3268 2.000436497405754 0.8314946513277928 0
3269 2.687781745045674 0.2662358118374493 0
3270 2.703386493585763 0.3108312383730157 0
3271 2.658697147335451 0.2995542999723927 0
3272 0.3820767643841582 0.7878872567925939 0
3273 0.3688657527782307 0.8100109137133787 0
3274 0.3564913200721713 0.7899111518712615 0
3275 1.651965902388763 0.4182532315636174 0
3276 1.697115455837177 0.4508428960464278 0
3277 1.641124963011245 0.4611410801152797 0
3278 2.993418363222452 0.7147672722926555 0
3279 2.944566125237559 0.748923377955411 0
3280 4.735564691151662 0.4924627402245233 0
3281 0.1814833594980441 0.7946554250769113 0
3282 0.1715975031380831 0.7766601760858909 0
3283 0.7321303472617144 0.846706231292399 0
3284 0.7790968276409509 0.8683108560389192 0
3285 2.020481942670587 0.133109584241199 0
3286 3.883846638177226 0.3045676416344519 0
3287 3.844122198553531 0.294365888139054 0
3288 0.411161306954643 0.7172923482477217 0
3289 0.05646430806613677 0.8080138498488629 0
3290 0.06460309015556119 0.7999105740432275 0
3291 0.06572403416063449 0.8153801598697672 0
3292 0.01987755103459947 0.5177524311274753 0
3293 0.04025248770004428 0.4856339016713109 0
3294 -0.4241787394754079 0.3397986193144488 0
3295 -0.4747599594201901 0.321485476934808 0
3296 0.2996808200680559 0.2769065462263854 0
3297 -0.8385231936269382 0.6187867100749658 0
3298 -0.8141278107166139 0.5787271498539204 0
3299 -0.7849265458277428 0.6096415701814085 0
3300 -0.8194689304879423 0.1915369421906513 0
3301 -0.8632282644524463 0.1590360121128084 0
3302 2.10304482313143 0.2149943150017453 0
3303 2.136186149510153 0.1889818555502134 0
3304 2.159545408063712 0.2259749237483493 0
3305 0.04662931422535811 0.817493846530798 0
3306 0.04550837022028481 0.8020242607042584 0
3307 -0.3785485071583344 0.1556123737404634 0
3308 -2.624567067537942 0.4149803298094786 0
3309 -2.582530911401151 0.4547145645302254 0
3310 4.023713557589322 0.6855349156970134 0
3311 3.611522963935909 0.5794375776355902 0
3312 -0.01557084164247877 0.2860262952570688 0
3313 0.003132639227073061 0.3315550528656332 0
3314 3.41709593768763 0.327418244047752 0
3315 3.467256556789463 0.3463116400159531 0
3316 -1.020888191433831 0.04918911299980148 0
3317 -0.2854887290719281 0.1383812305909971 0
3318 -0.3412777066369374 0.1403296179920208 0
3319 0.0116934221185889 0.6323532796353314 0
3320 0.003359566090575732 0.6105828804923454 0
3321 2.433666008272125 0.5789728587754708 0
3322 3.725879951330409 0.395065992527734 0
3323 3.718196041674195 0.3546227893147813 0
3324 3.768781014083932 0.3576251148812576 0
3325 -1.042640039527716 0.7036060880851901 0
3326 -1.100659674970072 0.6867595137810287 0
3327 -1.069656021946789 0.7560014876127987 0
3328 -2.319383778981927 0.3920156390132766 0
3329 -2.362389507125051 0.3542403810996352 0
3330 -2.31606739621638 0.3535867886988562 0
3331 2.11484278228677 0.1494137519503199 0
3332 2.171343367219053 0.1603943606969239 0
3333 -0.7131110208706042 0.3361946099660433 0
3334 -0.6733656306264582 0.3626129126455117 0
3335 4.655855852559356 0.6661213407068964 0
3336 -2.321921800446666 0.305440703303325 0
3337 -0.705657318007689 0.2396893788264387 0
3338 1.865104321493114 0.8053917893505435 0
3339 1.918958678523774 0.7840194627255461 0
3340 2.543392776547616 0.3951555257140276 0
3341 2.535583497939671 0.3546507039770134 0
3342 2.586362243129299 0.3575705376005675 0
3343 -2.174218458424169 0.6119267539510804 0
3344 -2.217026019219775 0.5803803773461691 0
3345 -1.919812703123998 0.1525098511403764 0
3346 -1.937221453616428 0.1935444591647848 0
3347 -1.443491791406079 0.7043915820602962 0
3348 -1.397511383892092 0.7445266562867416 0
3349 -1.448867827008302 0.7476173152559381 0
3350 -0.1125195881256564 0.3707632350803735 0
3351 0.01179608147396337 0.6928114208682938 0
3352 0.01571034739476158 0.6706971285977066 0
3353 0.1626991907223579 0.8997410587617164 0
3354 -2.264110849899072 0.5546381778045795 0
3355 -0.5233886617328142 0.2270235858474089 0
3356 -0.5157833772999521 0.1717091037660586 0
3357 0.06839464697024789 0.8682165730604354 0
3358 0.06896612200894547 0.8805472431988399 0
3359 0.4268907441254449 0.1325798096370966 0
3360 0.4724150599320503 0.09992525471079072 0
3361 4.151627098483494 0.3984611431753928 0
3362 4.104994933189575 0.4268476508967635 0
3363 4.100742733153855 0.3721975439788452 0
3364 -2.79017545572279 0.04638128510387163 0
3365 0.1736583131104036 0.9760606541410521 0
3366 0.1798166150397214 0.989127451231063 0
3367 -2.599205576043648 0.1223279388149908 0
3368 -2.604297932310378 0.1700656678054948 0
3369 -2.63886249820631 0.124606193825397 0
3370 2.939606015161729 0.5795778561160159 0
3371 0.0202058809612365 0.6521022924597653 0
3372 -0.004996831949028713 0.6428654331784245 0
3373 -2.12168432421098 0.573889908109172 0
3374 2.977862937029872 0.3895422346339964 0
3375 2.932335465872346 0.4218370340450469 0
3376 2.920659577710371 0.3678295962185391 0
3377 -0.03697254071768261 0.7653749575975378 0
3378 0.1750894691819541 0.6911096548510738 0
3379 0.1996241953190612 0.6940504064236004 0
3380 0.06812971680293722 0.7900761428466079 0
3381 0.06251050515864041 0.7776536095827193 0
3382 0.07529685790051417 0.775185488407004 0
3383 3.966118835712895 0.5089127388529586 0
3384 1.80495679635037 0.5616410469653479 0
3385 -0.05307708008405474 0.716178400672127 0
3386 -0.1681679262091989 0.9368696622023951 0
3387 -0.1646601582129385 0.9481618201499888 0
3388 -0.1757352775308881 0.9422058923885508 0
3389 1.567384697676059 0.2312104984993703 0
3390 -0.1589116497822917 0.9331163935969441 0
3391 -0.1699867691002413 0.9271604658355059 0
3392 -1.116611341858387 0.9497810292760714 0
3393 -1.067694252407625 0.9497810292760714 0
3394 -2.205187332827236 0.7125480820221622 0
3395 -2.25776726231598 0.7300482749277084 0
3396 1.274568583357649 0.04412730327548994 0
3397 1.224568583357795 0.04412730327548994 0
3398 -1.381253194460881 0.2279649969788993 0
3399 3.378722644715525 0.5112631345097676 0
3400 4.248245683874346 0.7282136962193686 0
3401 4.196688533330848 0.7121914296457406 0
3402 0.1944807183128165 0.2495852846827014 0
3403 1.057987370660254 0.9140921601136445 0
3404 1.083319972953905 0.9645106449551878 0
3405 3.721984413314267 0.3079993091303779 0
3406 2.783603497065498 0.5090525576779663 0
3407 -1.490521628898001 0.7602287698851549 0
3408 -1.444541221384014 0.8003638441116003 0
3409 4.874159738130574 0.3046493646832924 0
3410 4.819380254385954 0.3129013687838356 0
3411 4.846261842488939 0.2675083978332262 0
3412 4.858874560331241 0.2119516794936072 0
3413 4.80409507658662 0.2202036835941504 0
3414 -0.9457019994244373 0.6912036174463251 0
3415 -0.9225547266192908 0.7363024025691196 0
3416 2.119176874676068 0.957980891703634 0
3417 2.143810082393339 0.9014389760862437 0
3418 -0.3646312768283128 0.7864224411400809 0
3419 -0.3862873513925225 0.7636195760515172 0
3420 -0.2826387826945661 0.9711481297152074 0
3421 -0.2983316014153959 0.9555165370473677 0
3422 -1.547983792505673 0.44100034424668 0
3423 -1.597386788583209 0.4233027368398647 0
3424 -0.6935874747197179 0.800051686829057 0
3425 -0.7439438667793552 0.785276963694526 0
3426 0.2075344262609622 0.117065318179473 0
3427 0.2364220978194826 0.1610915212670193 0
3428 0.2472089124086795 0.6313126024773754 0
3429 0.2749986166487545 0.6177583121740164 0
3430 0.6740687279383996 0.9299177771748102 0
3431 0.6975321973482947 0.9697579586525158 0
3432 4.870730622860502 0.6941024032075849 0
3433 4.846430961300663 0.7373160637755156 0
3434 4.816450862773705 0.6856031947462422 0
3435 4.870091634861664 0.7897497734831459 0
3436 4.815811874774868 0.7812505650218031 0
3437 2.539308916188958 0.3080203722975134 0
3438 0.1081032865864291 0.8945746666147931 0
3439 0.1145071380952088 0.8858965732752708 0
3440 0.1269473388623441 0.8879274870063454 0
3441 4.545564284874479 0.4882350338608679 0
3442 4.575744742640033 0.4441006300374208 0
3443 4.509308385486611 0.5205434337718087 0
3444 -0.2517690030744724 0.8282365264103054 0
3445 -0.1999085235693136 0.896409777516293 0
3446 -0.2049920806784995 0.9086641112040458 0
3447 -0.2098796259815889 0.896016802900063 0
3448 -0.9133577157547191 0.1413284879273526 0
3449 1.595310120848624 0.3376153523612229 0
3450 1.613519954207565 0.3950898285145844 0
3451 4.789006848301318 0.04661143364951175 0
3452 -1.902667967224699 0.2183149315758693 0
3453 -1.949953523722739 0.2294483427616159 0
3454 4.262161816746157 0.5569399343799332 0
3455 4.220577479015089 0.5821639409840023 0
3456 1.729947217465436 0.5501446917668027 0
3457 1.765982335590521 0.572988340101781 0
3458 1.725651961607634 0.6040085181890632 0
3459 1.729083928130488 0.1403624060543062 0
3460 1.716092120699693 0.08799125050969216 0
3461 0.2460226545254338 0.8684125867781034 0
3462 0.239392096680017 0.8873359735778739 0
3463 0.5916610456387988 0.8990611699764 0
3464 0.6235933576650285 0.8771965612451602 0
3465 3.611559434314024 0.636360235040984 0
3466 3.661298295495469 0.6631285218456717 0
3467 3.621012813579722 0.6921196572517215 0
3468 0.2171324536670001 0.9882464608899761 0
3469 0.2239430184831161 0.9725424551739372 0
3470 4.120626919459658 0.5806948523395183 0
3471 4.196990350580366 0.434577907894128 0
3472 3.804646960901589 0.5350896030784682 0
3473 3.777145145697879 0.5749340095167754 0
3474 0.03390098310206668 0.8631420896189106 0
3475 -0.113375319650426 0.4375757726575243 0
3476 -0.09331337612990565 0.4056341708072912 0
3477 2.843923310596968 0.6913967405461976 0
3478 -2.144212809707638 0.9497770612865452 0
3479 -2.119754264982077 0.9146355952532029 0
3480 -2.095033845154213 0.9648585339666578 0
3481 -0.5055186532050633 0.8195874608110357 0
3482 -0.489205787744142 0.8513791753019574 0
3483 -0.5192474617421443 0.844498973029602 0
3484 2.366167261916902 0.6361125328927135 0
3485 2.372907972445319 0.6895201836195477 0
3486 3.219667257134486 0.03791817838439007 0
3487 3.198649433536469 0.08534403880640444 0
3488 0.5440313685481473 0.09565742213682772 0
3489 0.6004611354501765 0.1173387166929092 0
3490 -0.1928088965674067 0.5757881299413733 0
3491 -0.225999973442116 0.5732554062308832 0
3492 -0.3390501329963318 0.3214245883651058 0
3493 -0.3782093387166328 0.3524422756972903 0
3494 4.95052066311678 0.2796281968659747 0
3495 4.95052066311678 0.2296281968661204 0
3496 4.95035536069373 0.7729076361181659 0
3497 4.95035536069373 0.7229076361180342 0
3498 3.196188911705132 0.5757269673733147 0
3499 -2.950782598840271 0.2295089565789943 0
3500 -2.950782598840271 0.2795089565792024 0
3501 4.731157353604362 0.9550883815568125 0
3502 4.780423769038904 0.9550883815568125 0
3503 0.7985474610195055 0.07082966115510692 0
3504 0.7751875435992126 0.02624441659337487 0
3505 -2.8748375816185 0.3044722828055238 0
3506 -2.847044863890944 0.2668749163451239 0
3507 -2.820317247828902 0.3123292859934912 0
3508 -2.85977410177296 0.2114590939943959 0
3509 -2.805253767983362 0.2193160971823633 0
3510 -2.736375392538979 0.9506270514838389 0
3511 -2.950418152702547 0.722944755733985 0
3512 -2.950418152702547 0.7729447557336382 0
3513 -2.723120206741146 0.5837713445491082 0
3514 -2.761987648404782 0.6153673658154899 0
3515 -0.6591530657838642 0.5182714627581424 0
3516 -0.6409852051899109 0.5694590283232124 0
3517 -0.6920722238900008 0.5456055689229008 0
3518 2.622542389493962 0.5353838796348959 0
3519 2.596055998765209 0.574712066752779 0
3520 -2.009325672646641 0.7364715279566383 0
3521 -1.996471371388129 0.6968617512640467 0
3522 -1.949684015029137 0.7323579457054434 0
3523 -1.960969789091075 0.6578162244404804 0
3524 -0.5267310806001768 0.2813865283884183 0
3525 -0.563004397461202 0.2369636884518764 0
3526 -2.870909750456759 0.6943495128559837 0
3527 -2.817085990378267 0.6855754173609976 0
3528 -2.847012545326601 0.7371154159722906 0
3529 -2.870359359506037 0.7809966055074167 0
3530 -2.816535599427545 0.7722225100124307 0
3531 -0.4178057223510498 0.9130368561737732 0
3532 -0.3936253392537896 0.8928329354557134 0
3533 -0.1913124943908381 0.8727088955143705 0
3534 -0.1935031373695224 0.8870235020185699 0
3535 3.532014410810148 0.5799925028990898 0
3536 3.611080639398654 0.07432103058025752 0
3537 -0.8448123009346584 0.5439728282019651 0
3538 -0.791215653135463 0.5348276883084079 0
3539 -0.09937744809915003 0.8272310392621034 0
3540 -0.1115650028300403 0.8184931692656818 0
3541 -0.1008593600310126 0.8142175937071836 0
3542 -0.283888827042615 0.6954772803780498 0
3543 -0.3141841458346942 0.6956626727760584 0
3544 3.841256145105529 0.9614776355596463 0
3545 3.781310453392858 0.9638840517308718 0
3546 3.804960568927399 0.9253616872905179 0
3547 -2.77774972208963 0.5370816879207709 0
3548 -2.74828959362915 0.4949368738399848 0
3549 -2.73926146010345 0.540587574814791 0
3550 0.3780571931746266 0.6560694537185413 0
3551 0.3668897484562624 0.6310530930414507 0
3552 0.397005165155028 0.6297759721585161 0
3553 3.24984713844767 0.9563521415470562 0
3554 3.190124365433506 0.9638792670010106 0
3555 3.213562459524691 0.9202314085480668 0
3556 0.1146489250493506 0.8338641674814209 0
3557 0.1058714796108148 0.8273478567594426 0
3558 3.301949925972526 0.3022749463314126 0
3559 2.824653857405895 0.3314125292889346 0
3560 2.871589492114072 0.3492003646270686 0
3561 3.73140700393756 0.1600281180257568 0
3562 3.681181116742289 0.1902112740025202 0
3563 4.005477063876355 0.3244620963965292 0
3564 4.053046441448272 0.3478797467328797 0
3565 -2.193129899158762 0.9497770612865452 0
3566 4.171125639031479 0.6139034257987587 0
3567 4.585032472309497 0.07687965343742795 0
3568 0.04895826921383149 0.8912437038604546 0
3569 0.03880000332207992 0.8849798111846916 0
3570 -1.923794628131867 0.510505886047955 0
3571 -1.873831443794999 0.550767664418416 0
3572 -1.922793875925406 0.5637419304665215 0
3573 -1.928970278000031 0.6134439943525458 0
3574 4.215505918229525 0.8836190660659288 0
3575 4.161443729650508 0.9043314204108817 0
3576 -1.263268223525966 0.1307204924951045 0
3577 -1.237559038083336 0.1853760919239623 0
3578 -1.450187750276293 0.4242683185193894 0
3579 -1.477891358268775 0.4706824263401241 0
3580 2.013662823830193 0.2203217878613543 0
3581 1.996792614337239 0.2728754068916528 0
3582 1.967987034918047 0.2302301300559604 0
3583 1.323891164882044 0.02715140195481199 0
3584 1.298459748242156 0.07127870523030191 0
3585 -0.2431788034282841 0.3490587638953261 0
3586 -0.2334241613282697 0.3808052561704955 0
3587 -0.5719236098941037 0.8331703760553992 0
3588 -0.5746139991127528 0.8714386912996644 0
3589 -0.5971854342456965 0.8430343747638845 0
3590 -0.6751820778838541 0.4141509287294665 0
3591 0.8470454562511365 0.9086645745232111 0
3592 0.8806779186127209 0.9538052892899694 0
3593 1.685830246524257 0.2452503335636776 0
3594 1.64313878611557 0.265805091742142 0
3595 -0.8634260026517979 0.5058059822862377 0
3596 0.896633283102469 0.5995688774586914 0
3597 0.9450199148828267 0.5805980723232458 0
3598 0.04850636850491017 0.7783072519526 0
3599 0.05567350960248711 0.7634165975129961 0
3600 -0.2506046592797729 0.1389039346775939 0
3601 -0.2817718793655886 0.1755299043627886 0
3602 0.5053464280658503 0.06017843854008285 0
3603 0.4670686318657944 0.03974681617070787 0
3604 0.1166550051421697 0.6589932483591319 0
3605 0.1380985830325316 0.6497097766383091 0
3606 0.129358704852192 0.6768466727150767 0
3607 -0.171552232104168 0.9699197708335666 0
3608 -0.1596142040361689 0.9754435746895129 0
3609 -0.5660470097160427 0.9662356227422637 0
3610 -0.5321852831082368 0.9662356227422637 0
3611 -2.046116755703089 0.9648585339666578 0
3612 -2.870279986891215 0.4035078403801904 0
3613 -2.889252246056444 0.3507813667334476 0
3614 -2.547492670300303 0.6060265020285311 0
3615 -2.509100327896831 0.5727921140923171 0
3616 -2.4963388088741 0.6231853964752954 0
3617 -2.511537273701439 0.5269554562392376 0
3618 2.059058093536516 0.5367146008538536 0
3619 2.008368189853295 0.5188150053771435 0
3620 -0.1293988138188912 0.9904496756117427 0
3621 -0.1232841776375516 0.9836121085991364 0
3622 -0.1161780874454555 0.9931624329873937 0
3623 2.18474082664383 0.8330152406994149 0
3624 2.214376226382615 0.8044635278692369 0
3625 2.221449719969886 0.8583644559350414 0
3626 -0.9146672962799884 0.663491086693285 0
3627 4.958116001092751 0.5836356413946269 0
3628 0.08718523070931651 0.6822842661087809 0
3629 0.06794313611355932 0.6927443065827887 0
3630 1.834253890205738 0.3572624888025872 0
3631 1.884606585060366 0.3465809562987862 0
3632 -0.5611035748409072 0.4181236902099271 0
3633 -0.603088184184972 0.4529643431472657 0
3634 2.153978871582928 0.8616052857501395 0
3635 2.146905377995657 0.807704357684335 0
3636 2.551146641213639 0.1763796222976909 0
3637 2.504646137117526 0.1998523852783081 0
3638 0.01011186412287924 0.8389171336266787 0
3639 -0.002955656325520253 0.8408331633880807 0
3640 -0.01146564335880654 0.9590809639885776 0
3641 0.0002190487883746359 0.9525078509961664 0
3642 -2.958107770825861 0.583751047812225 0
3643 -2.574131893857956 0.6507689342637171 0
3644 4.869976208820235 0.4033899350724482 0
3645 4.888721472005757 0.3508393445450937 0
3646 1.261383644364672 0.9059005103260762 0
3647 1.286106047996656 0.9597802710688748 0
3648 -0.188615592066433 0.8996708103225528 0
3649 -2.305167221285418 0.2589614996579577 0
3650 -2.342318545198256 0.2693323271398476 0
3651 1.922600655066155 0.2448623925167309 0
3652 1.298002465622099 0.108480780083101 0
3653 1.251935892650244 0.1423332116772527 0
3654 1.514811189632316 0.4638003967766826 0
3655 -1.538132362981621 0.4752969483024997 0
3656 -1.503706240095409 0.5188328460554419 0
3657 -1.527127160069041 0.5642218712196161 0
3658 -1.466886155356195 0.5596073492572404 0
3659 -0.3724587750327273 0.9846463331305477 0
3660 -0.3609753014358058 0.9660547958787711 0
3661 0.6773878492636252 0.6481294205480785 0
3662 0.7194498627744632 0.6109974054056464 0
3663 2.414361703815772 0.7177055872189992 0
3664 2.458254475646368 0.7438727926494374 0
3665 -0.2531399652072956 0.7409521363455277 0
3666 3.14294638783604 0.3946055740431932 0
3667 3.146879577186736 0.3407871692623344 0
3668 3.1830091902239 0.3817900060022821 0
3669 0.6370162909063689 0.4953061257878734 0
3670 0.6836729907508741 0.4921660332320569 0
3671 0.665467436433298 0.5345007594685394 0
3672 -1.060729610556498 0.4890687258454737 0
3673 -1.02528585458892 0.5328408006236285 0
3674 -1.080426999564938 0.5405862431274666 0
3675 4.547181645527568 0.5981588069763935 0
3676 4.575215198358523 0.643726510363847 0
3677 0.02249279950793417 0.8403108192667929 0
3678 0.01703560157252085 0.8516107167989133 0
3679 -0.5145179849413839 0.9268120669418247 0
3680 -0.5233476511168013 0.9043809665025255 0
3681 -0.4941049301058055 0.8987217879598228 0
3682 1.800661540492567 0.6155048733876085 0
3683 1.914970912366437 0.04732446179360406 0
3684 3.526021200772592 0.3638432833993099 0
3685 3.036212222722551 0.4340836122814812 0
3686 3.081017186483455 0.462965150409303 0
3687 1.225402464178165 0.8363458558880563 0
3688 1.273632832625779 0.8100326532539914 0
3689 1.254537988158447 0.865927275880338 0
3690 1.725501680970156 0.2272462470348595 0
3691 1.715302227272863 0.2855927878261716 0
3692 1.617593267835956 0.308599668840368 0
3693 1.585101261124561 0.2708078862275202 0
3694 -0.8591286346301541 0.2668011037557291 0
3695 3.212878085769285 0.3534829555025002 0
3696 3.260241806737374 0.357852711500342 0
3697 2.357749351596044 0.5803951599467962 0
3698 2.307691843295427 0.555926226938894 0
3699 1.669510447033497 0.3847916444457324 0
3700 0.9500050995207735 0.5268044287803084 0
3701 4.514204595650602 0.8683551955403825 0
3702 4.447874058619959 0.85941530011052 0
3703 4.500898838749704 0.8211717752894813 0
3704 0.3418517859450032 0.6327034974594056 0
3705 0.3607997579254046 0.6064100158993804 0
3706 -0.1989298944875903 0.697377816101697 0
3707 -0.1776897770213095 0.5939167846138573 0
3708 -0.1557193838034985 0.5822908499195328 0
3709 -0.157398326990393 0.6146784258956453 0
3710 -0.3078997319570954 0.755311894733133 0
3711 3.630218890423548 0.7449672731128303 0
3712 3.039473125311213 0.7433067785948992 0
3713 0.1354340887117169 0.4928037965870987 0
3714 0.008673172909732829 0.8950966131590163 0
3715 0.01481537426623871 0.8847037441480992 0
3716 0.006856754458380633 0.9436635413709633 0
3717 0.0166963053403546 0.9360035528573478 0
3718 3.825065706908587 0.8881144962029879 0
3719 3.233670466016372 0.88301271853976 0
3720 0.3422612816395962 0.918497896110976 0
3721 0.3309865355586349 0.8994781951999899 0
3722 0.3507063963796567 0.9013547776647408 0
3723 0.5386849404818913 0.03547898359674487 0
3724 -2.858758259741219 0.1352269277068436 0
3725 -2.870840682829803 0.08197186321617855 0
3726 -2.830065428953961 0.1106452103409702 0
3727 -0.08884162630941553 0.8112883177887127 0
3728 -0.1010291810403058 0.8025504477922911 0
3729 1.132586388388447 0.9645106449551878 0
3730 1.157130400191005 0.9106308842123892 0
3731 -2.811249381742975 0.07507635802902422 0
3732 4.063795685649666 0.247988401075214 0
3733 4.108496185740581 0.2183658808912478 0
3734 -1.592192245002524 0.8724382221368521 0
3735 -1.647180781773322 0.8846844779254213 0
3736 1.152498014220164 0.8676793971117533 0
3737 1.103320794700335 0.8860698028097397 0
3738 0.161072884284438 0.9601350345337663 0
3739 0.1722301245848173 0.9636069305466053 0
3740 0.5406951713331191 0.4970085852868417 0
3741 -0.7172177631067329 0.583187572224167 0
3742 -0.7353856237006863 0.5320000066590971 0
3743 -0.1459429298964099 0.7020572990123446 0
3744 -0.1647681206158741 0.6984857347567459 0
3745 -1.514208755364489 0.07960428259484847 0
3746 1.163674275502039 0.6374740724519017 0
3747 1.11318909656237 0.6138219593021546 0
3748 1.09624344962365 0.6665631533734658 0
3749 4.768028552999557 0.6183486390093658 0
3750 -1.326518403096705 0.2976505222732836 0
3751 -1.291668768460103 0.3263542215134205 0
3752 -1.343583078025123 0.340975258266338 0
3753 -1.247959976957698 0.3333519794476858 0
3754 -1.265024651886117 0.3766767154407402 0
3755 0.02590162923049117 0.80665665424166 0
3756 0.02562121921889935 0.8195607467403758 0
3757 2.153278924112059 0.2750835957959171 0
3758 -1.714016978003901 0.04637038093651685 0
3759 2.195359860595627 0.1024064355473711 0
3760 2.216703227819009 0.1419745391472646 0
3761 0.1519694845837558 0.688517260676109 0
3762 -0.542052857103253 0.4958318495477381 0
3763 -0.5386364494534746 0.4445097191239529 0
3764 0.5959614399428281 0.9322474570522716 0
3765 0.07188761898155703 0.8568512594216343 0
3766 0.5676105398802875 0.6451265873608597 0
3767 4.869362747929831 0.8636528943368085 0
3768 4.870580938387276 0.9174693630314317 0
3769 4.840690738793315 0.8875007434240566 0
3770 0.3989422823518359 0.9791278159927388 0
3771 0.4058658202394938 0.9493237561780032 0
3772 -0.439162079525553 0.9139562647618544 0
3773 -0.4320365130182294 0.8842209728470234 0
3774 4.710494555466543 0.3617743448907975 0
3775 4.670430896081525 0.3880625483931665 0
3776 4.66023953372159 0.3379062439365362 0
3777 4.671191927603246 0.4351728662442456 0
3778 4.620936905858294 0.4113047652899843 0
3779 -2.26902298719176 0.4466678178224299 0
3780 0.3701746190046878 0.04572264884706771 0
3781 0.3201746190047228 0.04572264884706771 0
3782 -0.02858191284404316 0.9138200823733071 0
3783 4.159755176050988 0.7257127364824194 0
3784 4.104763910621644 0.7472911617678366 0
3785 4.689925395204736 0.9673048030849674 0
3786 4.716681241416351 0.9223931846417799 0
3787 4.798692874075924 0.8719305189215292 0
3788 4.799911064533369 0.9257469876161524 0
3789 -1.816100428875172 0.6031875860711854 0
3790 -1.828518814309753 0.6410369822599266 0
3791 1.324354220990887 0.3565596322980722 0
3792 1.380649247042967 0.351486984795144 0
3793 -0.2462176960644337 0.4149282940369448 0
3794 4.856056139498302 0.1346212403434304 0
3795 4.82865233090882 0.1117128667150184 0
3796 4.868000675978199 0.08168714180391751 0
3797 0.1510406687420342 0.510425011973149 0
3798 0.1756521831613841 0.5013748142822007 0
3799 0.1711085496951192 0.5382359437218485 0
3800 2.832247043823202 0.7419555354564128 0
3801 2.865768721038838 0.7791991340676543 0
3802 2.785544641241334 0.7065839131934328 0
3803 0.7958370442397784 0.1077927254514085 0
3804 0.7476646704197021 0.0894518974830513 0
3805 3.473807181878906 0.2471324506599171 0
3806 3.520930458265416 0.214487615007112 0
3807 1.066193579472915 0.7184028065493734 0
3808 1.02248400527272 0.7395254899935557 0
3809 3.446239293898161 0.6905760951471687 0
3810 3.425360858271867 0.7436610974046101 0
3811 3.386090301230469 0.7064692863162292 0
3812 3.458798885970286 0.779663418036199 0
3813 3.161423739079206 0.5977003185541832 0
3814 3.122737129522373 0.5681702008660257 0
3815 3.125422499693843 0.5241211736298549 0
3816 3.076463382542187 0.5453617759523184 0
3817 -0.4551032763943808 0.9319625182438631 0
3818 -0.4879606206890501 0.9429772212901071 0
3819 0.01008150943879285 0.7558315499258861 0
3820 0.01181273483378591 0.7716436035159946 0
3821 0.3512496995107818 0.7598700133815346 0
3822 -2.721884369664929 0.9182325515211267 0
3823 -2.692006440419208 0.9676055000372878 0
3824 0.2652862286844669 0.6892007794702331 0
3825 0.2390259867683573 0.6789627818258321 0
3826 -2.83961393192065 0.4742600076262272 0
3827 -2.812526341556735 0.520843498928783 0
3828 -2.865362417862055 0.5036725196090455 0
3829 -0.03190214157356111 0.9502200477587586 0
3830 -2.867857135094676 0.8560246422823038 0
3831 -2.80306786769584 0.8586789012576173 0
3832 4.652606738995292 0.2891982785902233 0
3833 4.65677026902619 0.2456894745595155 0
3834 4.704466723137505 0.2681092364034595 0
3835 -0.09554065273940085 0.7532788776290186 0
3836 -0.09967169356777912 0.7369363232145864 0
3837 -0.2501211380276623 0.8076876658963859 0
3838 0.9956762396607882 0.7642575962207099 0
3839 1.043856679913821 0.7826762226932484 0
3840 -0.06164157084161993 0.8920697456539284 0
3841 -0.05006321658697813 0.8851003740251453 0
3842 0.7637611799547093 0.7841346230528965 0
3843 0.8042360049000391 0.7809824030421947 0
3844 0.8043123014519342 0.8237509216006533 0
3845 1.696211605852993 0.7587083185692163 0
3846 1.656533619720964 0.8003726632316842 0
3847 1.65359498722288 0.7433959639349847 0
3848 1.606507525378912 0.7422785994546577 0
3849 1.73734071230737 0.7426376668421821 0
3850 1.740279344805454 0.7996143661388816 0
3851 1.746238905334068 0.70061425479219 0
3852 1.790306644286528 0.7415203023618553 0
3853 -2.404256055920081 0.6387686524387222 0
3854 -2.449037609981577 0.6309776424779558 0
3855 0.1248479898801475 0.8400257528714697 0
3856 4.80930528199583 0.07600081773726448 0
3857 1.269081267152556 0.4689647370819405 0
3858 1.268491624324212 0.4186642973473567 0
3859 4.83187099185095 0.478043632624675 0
3860 4.866182320421949 0.5035899004458975 0
3861 4.805379044660018 0.5248959985595778 0
3862 0.1523576991001804 0.9008876856484402 0
3863 0.1561769145241405 0.9107365657368542 0
3864 -0.02789537452944585 0.8426610040850508 0
3865 -0.02833222221420345 0.8552605018100685 0
3866 -0.3773071110137921 0.9544969790989754 0
3867 -0.4045606804580708 0.9560324071748497 0
3868 -0.02991717804185443 0.7268012780322162 0
3869 -0.02081494096122892 0.744542849567428 0
3870 -2.365059317879186 0.2381773566052768 0
3871 -2.381813897040433 0.2846565602506441 0
3872 -0.02430852428378887 0.8319257550073735 0
3873 -0.01415282908416341 0.8421845446950393 0
3874 0.3527882695274462 0.8293990430204059 0
3875 -0.03381889053354264 0.8105671083851335 0
3876 3.012487137523878 0.4148038947975857 0
3877 3.059160535054581 0.4053378346185628 0
3878 4.623029557644958 0.2204243341296395 0
3879 4.674889541787171 0.1993352919428756 0
3880 0.1190373832412371 0.9684969140680748 0
3881 0.1102478051992239 0.9620218352546923 0
3882 0.1189253212918245 0.9544105846993256 0
3883 0.1003373467753521 0.9680615073763434 0
3884 0.1002252848259395 0.9539751780075942 0
3885 -0.5439701158911929 0.7097666756541191 0
3886 -0.5782611408268639 0.73454989101031 0
3887 -0.5755317765400847 0.6999202703738934 0
3888 -2.400583669905655 0.6788051044905936 0
3889 1.347325047146493 0.09150487876242308 0
3890 -0.416435173209816 0.3841681844685067 0
3891 0.2792930202095485 0.9855593654856309 0
3892 -0.1218707326012465 0.8717376027951417 0
3893 -0.1288660740768552 0.8620503414420291 0
3894 3.071126112327393 0.3698304272189564 0
3895 3.03602927324633 0.3373297340173571 0
3896 3.071719935717814 0.3211020441016462 0
3897 0.3163694265936277 0.9508333799358957 0
3898 0.3095192785893432 0.9299401591292072 0
3899 0.3293915688228588 0.9375145344529134 0
3900 0.8149166286634401 0.7393101530835907 0
3901 0.8554677501606651 0.7789264516313475 0
3902 2.709387257481137 0.9600104151216636 0
3903 2.743626578764577 0.9227388171711819 0
3904 2.767984211294503 0.9627284020495183 0
3905 2.878891000483063 0.2482445195872177 0
3906 2.924681240560647 0.2186449921909985 0
3907 3.299113553882212 0.9563521415470562 0
3908 3.333341172020186 0.9190730401400858 0
3909 3.359169493363542 0.9627208985930296 0
3910 0.02960770327712503 0.8319588092586099 0
3911 0.07738944289743495 0.7974424528675121 0
3912 -1.935329874880541 0.9025390682040666 0
3913 -1.902988249686172 0.9586126511683638 0
3914 -0.6241498116518871 0.8556107340214911 0
3915 -0.621459422433238 0.817342418777226 0
3916 4.34724519443827 0.1380603934232844 0
3917 1.053354984689413 0.8711406730130086 0
3918 -2.586182364955784 0.07584695081057367 0
3919 -1.712436588357104 0.1496834764202348 0
3920 -1.740978901538839 0.1905804995862143 0
3921 -1.6822184201024 0.1146831383089251 0
3922 -1.666621052454986 0.1716258528561262 0
3923 -0.3959213690828089 0.9846463331305477 0
3924 -0.1069907292532911 0.890082081981409 0
3925 -0.1134711874953606 0.8783724071893499 0
3926 -0.2913275746263563 0.986867589930114 0
3927 -1.27877386257848 0.2266621427911195 0
3928 -1.23338926903654 0.2417434346532089 0
3929 -0.8275508854877403 0.71721891035827 0
3930 -0.8165334051040871 0.7653964565964728 0
3931 -0.8741684814416226 0.7427770613839598 0
3932 -0.6064287429591695 0.5911537338545876 0
3933 -0.580110354706509 0.5717264182222686 0
3934 -0.578473050581904 0.6207552299184023 0
3935 1.781069078017751 0.04691050966812345 0
3936 1.731069078017897 0.04691050966812345 0
3937 0.1418904047805068 0.9896977057486183 0
3938 0.1480487067098247 0.9766309086586074 0
3939 2.626427430198447 0.3306077211857562 0
3940 2.610822681658358 0.2860122946501897 0
3941 3.704924007658129 0.2599944507142941 0
3942 3.74403669877158 0.2691770532522211 0
3943 -0.05916002504563979 0.8740027547014944 0
3944 1.691793594020829 0.3557759609248776 0
3945 1.72078231769307 0.324350242448365 0
3946 1.736945118886935 0.3765293290182529 0
3947 3.852680626970947 0.1463873123134431 0
3948 3.903494527141543 0.1623609691803631 0
3949 -0.2035279550931919 0.988888328750129 0
3950 -0.1973126279082257 0.9756510994999568 0
3951 -1.516539249846432 0.855914391399625 0
3952 -1.460844795756732 0.8530762923519032 0
3953 -1.491189022329449 0.8960153850107111 0
3954 0.09549833479403555 0.78773811520112 0
3955 0.08983165081701243 0.7733695850088282 0
3956 1.2580084745361 0.2487619659488273 0
3957 1.228664684721302 0.2740116503405853 0
3958 1.225390828767928 0.2216615011952835 0
3959 3.807664496097189 0.326985904151673 0
3960 3.79755480688406 0.2845618956556859 0
3961 -2.711540344506155 0.3595431087659764 0
3962 -2.661245964656209 0.3393136305856129 0
3963 -2.672385267966599 0.3901756134203594 0
3964 -2.674861447387888 0.4352098079898422 0
3965 1.965652205099025 0.6298345567283921 0
3966 1.945416685096081 0.6710992853123721 0
3967 -0.1416280861815704 0.9904496756117427 0
3968 0.897808436299005 0.7767186853895147 0
3969 0.9202259694718763 0.7291805325968804 0
3970 0.9518860318468152 0.7686450163136516 0
3971 0.8772027723030487 0.69286357412299 0
3972 4.515717916035859 0.6932944022120808 0
3973 4.465205076825056 0.6938296143201886 0
3974 4.482513429995425 0.6501689352729374 0
3975 -0.1992493403455542 0.9404652423971548 0
3976 -0.1936956672651051 0.9320444982744855 0
3977 -0.1847967186075976 0.9393344785636262 0
3978 2.119469102651857 0.7649824633645692 0
3979 2.112213934210679 0.7113922500503032 0
3980 2.069632146491793 0.7009562354946282 0
3981 2.120575208455317 0.6614978714494033 0
3982 -2.413878134993895 0.3994066511789781 0
3983 -2.451807419356025 0.3641593148172759 0
3984 -2.403635174252728 0.3574218950523534 0
3985 -1.190147243380398 0.2506312991113578 0
3986 -1.231362067875543 0.291917349978515 0
3987 1.674516938221308 0.9540495901499394 0
3988 1.72378335365585 0.9540495901499394 0
3989 1.493257494550628 0.3673272287762208 0
3990 1.520929280149671 0.3202490856037357 0
3991 1.653347645839631 0.3326125578758446 0
3992 0.1805408310917598 0.05292169839684767 0
3993 0.1305408310918068 0.05292169839684767 0
3994 4.582952731771977 0.2180463789258272 0
3995 4.549304679944193 0.2556621254410224 0
3996 4.566048465611278 0.2993272451881751 0
3997 4.510442860671494 0.2882108538829182 0
3998 -0.2100120078916724 0.6210976175627488 0
3999 -0.2287925428495261 0.6392764706656144 0
4000 0.9299443340472626 0.9538052892899694 0
4001 0.9538781471881539 0.9033868044484261 0
4002 -0.5730160952194892 0.6576598002842119 0
4003 -0.6073071201551601 0.6824430156404028 0
4004 -0.2537102207180865 0.6461251705925704 0
4005 3.554040019723737 0.7963004858415592 0
4006 3.501951892150552 0.7746611378747081 0
4007 0.07614552778347175 0.8468015190185176 0
4008 -0.2063925214134882 0.09011126815926537 0
4009 -0.1657039943947273 0.1175482930078093 0
4010 -0.2136329819673514 0.1291922857543463 0
4011 0.831977051341522 0.1372801808747748 0
4012 0.5802911333186551 0.9720876385299773 0
4013 1.291703357525674 0.2738226702845209 0
4014 4.0256178265881 0.9577714755237242 0
4015 4.491436101194322 0.07015185137017008 0
4016 0.2792018830177364 0.230574929501796 0
4017 0.3297637135311801 0.2389068077530978 0
4018 1.044310332315266 0.2611749966075373 0
4019 1.007660444518863 0.300888884425099 0
4020 2.962591190563399 0.7962546631154562 0
4021 2.908650778504677 0.7740996479692228 0
4022 -0.4333734370745714 0.69423556892802 0
4023 -0.4098892294415742 0.7042831719480511 0
4024 0.09749399538724926 0.6665176960399861 0
4025 0.1062338735675889 0.6393807999632185 0
4026 -1.866218249105807 0.6476062006330934 0
4027 -1.821906371827022 0.6846394740560373 0
4028 -0.7838297137553895 0.7956473216925914 0
4029 -0.7578577713845398 0.8410859798163346 0
4030 0.1319477299215778 0.9488414222957635 0
4031 0.1231581518795646 0.942366343482381 0
4032 0.1235149976185187 0.930766020787432 0
4033 0.1104925889887655 0.936335183190994 0
4034 -0.1253498324932612 0.9747216054750025 0
4035 3.666989919749741 0.4452782093164894 0
4036 -1.338132638031067 0.4296030666968457 0
4037 -1.303300805722867 0.4739444609073986 0
4038 -1.144038701023757 0.7937348350120318 0
4039 -1.158080562863039 0.8455893533648926 0
4040 0.1044463490088603 0.9880540823117208 0
4041 0.1167629528674956 0.9880540823117208 0
4042 3.571237482020162 0.60842871304164 0
4043 3.532050881188264 0.6369151603044836 0
4044 1.650644325163071 0.5132823508399607 0
4045 2.078053320462883 0.04427132872836807 0
4046 2.484510519045806 0.4454506772349774 0
4047 4.669526673791218 0.1535572971513783 0
4048 -0.281816131980142 0.7201517697207611 0
4049 4.152788626359781 0.965627539367985 0
4050 -0.0952967484371246 0.9373895597383348 0
4051 -0.08802973628173445 0.9462872659208181 0
4052 -1.974869966637292 0.2519878283628007 0
4053 -0.5465564403567698 0.8970229690378533 0
4054 -0.5261433855211914 0.8689326900558514 0
4055 -1.419190993867032 0.8404648377226864 0
4056 -1.388808884979997 0.8724225960925516 0
4057 -1.37250531060728 0.8197101478522486 0
4058 -2.567017010480489 0.6919143554373157 0
4059 -2.518888465456605 0.7018027819596588 0
4060 -2.551174324659522 0.7372973529854654 0
4061 -0.2054956111529609 0.2118182334255091 0
4062 -0.2007447424087409 0.2626891235253506 0
4063 -0.2421369408292135 0.2269234985492269 0
4064 3.259791504024392 0.1460108556252228 0
4065 3.308343244193407 0.1626715409238878 0
4066 -0.8472539452816715 0.6721503227741055 0
4067 -0.7896188689441359 0.6947697179866184 0
4068 2.756865964216239 0.3210307375956969 0
4069 2.727781366506015 0.3543492257306404 0
4070 1.924900141244982 0.7053463776935607 0
4071 2.39832071853094 0.607946628064018 0
4072 4.556218635780773 0.8803539260712068 0
4073 4.503193855651029 0.9185974508922454 0
4074 -1.936242788734158 0.8064948842565678 0
4075 -1.949227271822342 0.8644374400932531 0
4076 4.574983711118312 0.3969903121863418 0
4077 4.573681260337576 0.348035210534488 0
4078 -0.5210054383692 0.321932444651475 0
4079 -0.508650052917601 0.3719714958023321 0
4080 3.936216600651947 0.3130470688306888 0
4081 3.906601850241381 0.345269323831278 0
4082 1.135947486759815 0.8292801670025223 0
4083 1.189757092250484 0.8538412484051718 0
4084 0.1231707152030123 0.977751788060339 0
4085 0.1295738009218715 0.9896977057486183 0
4086 2.922469158371794 0.169638321897474 0
4087 2.871319856256756 0.1503742691854993 0
4088 2.828175421958917 0.1570014497375278 0
4089 2.846590688992988 0.2048398861019164 0
4090 -0.3414914084364642 0.6589936460765413 0
4091 -0.3276425884771089 0.6355830302363341 0
4092 0.4324984234516315 0.7841893901905395 0
4093 2.269775434515717 0.1228306910894723 0
4094 -0.4693340670615603 0.9031466349171133 0
4095 -0.9615152674388724 0.1290811302456213 0
4096 -0.9070101796642236 0.09046662145179543 0
4097 0.5630570801300452 0.5361662422530564 0
4098 0.5964488277918667 0.4984831950581413 0
4099 4.366574797773012e-05 0.9836509236539315 0
4100 -0.01214528101378383 0.9783883531174464 0
4101 -1.165126783364921 0.9691575271825457 0
4102 -1.140587524363352 0.9189385564586171 0
4103 -0.1233435441991171 0.577560721990406 0
4104 -0.7431416060437401 0.3590913412775115 0
4105 -0.7447532217013766 0.3090838631782983 0
4106 -0.003036060441517862 0.3906106139349289 0
4107 -0.03964262563775973 0.3811296447207071 0
4108 -1.746346134779489 0.566909382926862 0
4109 -1.696997682041368 0.5537730913199064 0
4110 -1.697633515642929 0.5059753703843828 0
4111 -0.1412587893879967 0.8612791162837176 0
4112 -0.1346515963822679 0.8504680142442823 0
4113 -1.305823118549701 0.9569997431043515 0
4114 -1.256906029098939 0.9569997431043515 0
4115 0.0324006014623792 0.6601849750546135 0
4116 -1.439037156076669 0.6016265213145492 0
4117 4.294124428112337 0.1292051110628747 0
4118 4.292068295094193 0.1774911849485808 0
4119 -0.3249603570875226 0.5316407762505937 0
4120 -0.3221139899720183 0.5690024956192394 0
4121 -0.1265324096767743 0.9636733919793776 0
4122 -0.1283973354566058 0.9543163914896786 0
4123 -0.3157538207376482 0.827894437366455 0
4124 -0.3363409626225882 0.8142948197607556 0
4125 0.3491114296438806 0.9393911169176643 0
4126 0.3735991606515757 0.9393150552806022 0
4127 -0.2829537878909565 0.9225312967995879 0
4128 -0.2646686305333804 0.9220600275002213 0
4129 -0.2701567195508103 0.6228999471503718 0
4130 2.239825909684856 0.5260368099657192 0
4131 2.212250960095905 0.4992707941547119 0
4132 2.262212842019898 0.476525373291289 0
4133 0.1491052394579663 0.9416004221631867 0
4134 0.1543378504086686 0.9525475934265146 0
4135 0.1414131714600202 0.9477443523421469 0
4136 -0.02346085115309082 0.9643186390249892 0
4137 -0.02286520484701 0.9541646052184577 0
4138 -2.655221641094814 0.2858045946409711 0
4139 -2.705653771914821 0.2655823135969446 0
4140 -2.66047437181387 0.2427057823066859 0
4141 0.5181327202050225 0.2677587847233359 0
4142 0.1921332188983572 0.989127451231063 0
4143 0.02493968487022823 0.9827122069525042 0
4144 0.7244661162225379 0.2602015688257946 0
4145 0.7020417475947514 0.3038605415508127 0
4146 0.2247514431107601 0.7272846213193173 0
4147 0.2053461853180933 0.7364992097877904 0
4148 -0.209916132261012 0.1663409595261378 0
4149 -2.400318791487181 0.3189930447379331 0
4150 -1.876934128571792 0.04421863945275088 0
4151 3.703826135314564 0.6838291638537999 0
4152 2.393674854027384 0.05964102415749409 0
4153 2.435677669429598 0.04051302902949304 0
4154 2.429352523460933 0.1001540531869871 0
4155 0.03122056785347633 0.8790504315016752 0
4156 4.232536818931102 0.9290463644035462 0
4157 3.489168830458905 0.6681234281987414 0
4158 -1.528527854157146 0.04030652914494599 0
4159 -1.578527854156938 0.04030652914494599 0
4160 3.129112376793431 0.4684605797496443 0
4161 0.2454746562863325 0.8384264313098315 0
4162 0.2632475431134437 0.8361792167214603 0
4163 0.2578041608531609 0.8541003338590096 0
4164 -2.728863045507187 0.8832507839172289 0
4165 -2.754677460607098 0.8499449062661245 0
4166 -2.717287184329585 0.8319415872156757 0
4167 2.142741394504117 0.4002220779081432 0
4168 2.102645633806865 0.3705732547677683 0
4169 2.149978301503467 0.3601619179067812 0
4170 1.969039307258997 0.3730535831686371 0
4171 2.52570682803788 0.6828197148429691 0
4172 -0.3228696032347933 0.4864086294136582 0
4173 -0.3123197583238614 0.5126023330990019 0
4174 -2.502610918703452 0.9237905226810021 0
4175 -2.558686910544098 0.8839858158864253 0
4176 -0.5248925414284059 0.0455707698989454 0
4177 1.687945679971104 0.5374478072260874 0
4178 1.728276053953992 0.5064276291388053 0
4179 -0.5170308182621152 0.7981123698175543 0
4180 -0.9851633485390597 0.8142803818640479 0
4181 -1.035326603763279 0.821576996268862 0
4182 1.793614708652847 0.3783089358182739 0
4183 1.806573024112067 0.3240571635260536 0
4184 -1.383245366029661 0.366830833738899 0
4185 -1.423454227814067 0.3866358767305373 0
4186 -1.418641574446131 0.3320766020178395 0
4187 0.968745029661638 0.8576730997115997 0
4188 0.9146016162004598 0.8618968738431124 0
4189 -0.2647667165477163 0.3062854274180238 0
4190 -0.2157981589655614 0.3205677251263706 0
4191 -0.128374640425897 0.7467861064053947 0
4192 -0.1194706449093496 0.7617499720928487 0
4193 4.726131133827796 0.8879079231695937 0
4194 4.718061470577295 0.8331202262131543 0
4195 4.749843536565478 0.8553890661571856 0
4196 -0.5424562509821128 0.8371409755649297 0
4197 0.007933075590010203 0.4586544591117622 0
4198 3.780494401227922 0.2365570372396021 0
4199 -0.08420790623874519 0.9278112200594425 0
4200 -0.09464597341486855 0.9281056806626006 0
4201 -0.09248748291654582 0.9188212507775173 0
4202 4.532819469322918 0.7835333759893379 0
4203 4.466488932292275 0.7745934805594753 0
4204 4.249812295882167 0.1179638593793271 0
4205 4.304989195226245 0.07853306785403075 0
4206 1.012535237475611 0.8532856796186579 0
4207 1.057868661515692 0.8252633223147532 0
4208 0.9732587064879169 0.8117957490133443 0
4209 4.565638766577695 0.6865910692293806 0
4210 4.548330413407326 0.7302517482766318 0
4211 -0.4136409633172742 0.8577950490984048 0
4212 -0.4349973204917774 0.8587144576864861 0
4213 -0.9275838656754489 0.03910963188503203 0
4214 4.4551954565349 0.6158564406797207 0
4215 4.416054148873071 0.5999409483054889 0
4216 4.439249014623349 0.5650932416041643 0
4217 4.393768258378561 0.6287177457555974 0
4218 4.37782181646701 0.577954546680041 0
4219 -0.1035763251149252 0.9283995904564096 0
4220 -0.1054588995679943 0.7914169605526717 0
4221 -0.09344116584639715 0.7884876846342006 0
4222 1.208851936717816 0.7979466257788252 0
4223 -2.570963265848771 0.3013765375057131 0
4224 -2.5497198749011 0.249804292378203 0
4225 -2.510640899756008 0.2882527665332036 0
4226 -2.587341625570789 0.2153577380729005 0
4227 1.445197397829916 0.2144043181988071 0
4228 1.474699122413469 0.2525743353822101 0
4229 -0.08209640979838478 0.7826084176126447 0
4230 -0.08950118355633407 0.7675755346756796 0
4231 -2.277775470108017 0.2341554997456091 0
4232 0.1873529384780473 0.6537055945851453 0
4233 0.1974831425938243 0.6299172531909225 0
4234 0.2071724560547274 0.6489596479499609 0
4235 4.450165122069444 0.7420074693244834 0
4236 4.416960636029011 0.6988820023853402 0
4237 0.4013055424541822 0.6779972341828973 0
4238 0.3711901257554166 0.679274355065832 0
4239 4.750056305956361 0.2501804171532606 0
4240 2.145018153672672 0.3143464515791796 0
4241 0.3799967312643034 0.1385556423134565 0
4242 0.3872432508708529 0.08546946501777558 0
4243 3.113511638007664 0.307812204333038 0
4244 3.078414798926601 0.2753115111314387 0
4245 -0.07651826002875581 0.938580301993732 0
4246 2.721755958038384 0.8866431931193277 0
4247 3.311479778809033 0.8829483949673644 0
4248 -0.2319758245675642 0.7751160332968385 0
4249 -0.201584633634643 0.921116173964145 0
4250 -0.1871320118966863 0.9199854101306164 0
4251 2.522847234488099 0.2632356646450694 0
4252 2.562091282820496 0.2722810082111093 0
4253 4.582740319864754 0.7768300430066377 0
4254 4.629227032953713 0.7527451795111191 0
4255 0.130890455245452 0.5296649260267465 0
4256 -0.1039103535571524 0.7630575403479203 0
4257 -0.1134311757262828 0.7760466291395097 0
4258 0.1658817562923787 0.8559514244796007 0
4259 0.1765389999008272 0.8584719306051459 0
4260 -1.004819593197114 0.1391606113603907 0
4261 -1.026796851079542 0.1829527958463902 0
4262 -1.063753640747288 0.1421704104856025 0
4263 0.08581222789792259 0.8386369890320353 0
4264 0.07574152867094583 0.8328822110807947 0
4265 0.07149674042830337 0.8241005583848575 0
4266 0.06183004031385253 0.8322650883713398 0
4267 0.5948803573162653 0.5675382252346876 0
4268 4.847052792390669 0.4364979375140915 0
4269 4.824354733598023 0.383150338075545 0
4270 4.786249516628738 0.4578040356277718 0
4271 0.36308097139575 0.8815585653159401 0
4272 0.3743557174767115 0.9005782662269262 0
4273 0.2179432728199615 0.6657189943041285 0
4274 0.2280734769357384 0.6419306529099058 0
4275 -0.5172033417000458 0.9486363998328098 0
4276 -0.505627918855903 0.9824007770905461 0
4277 -2.677430678553459 0.1974137120392802 0
4278 -2.626998547733452 0.2176359930833067 0
4279 -0.06663088735521314 0.8740483188436156 0
4280 -2.877245184574932 0.5588790532673321 0
4281 -1.729768041644003 0.9456499799220111 0
4282 -1.763526392637626 0.9653920463095642 0
4283 -1.765138760010844 0.9110420262315753 0
4284 -2.751715516367612 0.2486077103978753 0
4285 -0.3413177391875601 0.4597968527509128 0
4286 -0.3770040301154883 0.4298358675658656 0
4287 -2.791492006518239 0.807369704556064 0
4288 0.04240806734319839 0.7890239130731269 0
4289 0.03557107178704509 0.7747869010034036 0
4290 -2.826257282657632 0.3833676871734045 0
4291 -2.848427303992387 0.4369488750997039 0
4292 -2.795591227687067 0.4541198544194414 0
4293 4.87796118770826 0.5588567745855537 0
4294 1.899164515545025 0.2928972327983129 0
4295 1.936558894940434 0.3364674725867322 0
4296 0.1477250387118696 0.9312987534150683 0
4297 3.254010098476183 0.7079419662912922 0
4298 3.284115556081614 0.6808791395697361 0
4299 3.305781669873945 0.7108802016996054 0
4300 3.986941633150396 0.05756826927331469 0
4301 3.941771233878772 0.09334885611743857 0
4302 3.954829600726858 0.03578058684412388 0
4303 -0.5925587438934208 0.2671868280897933 0
4304 4.790623210825423 0.8171428219650898 0
4305 -0.2996937493957396 0.9179606704040634 0
4306 -0.2861793766386465 0.9031940729691439 0
4307 -0.3455065098085999 0.2797760461403127 0
4308 -0.2986037378227072 0.2931279239621861 0
4309 -1.75978024807503 0.707298562496811 0
4310 -1.708401118354876 0.7040121116516105 0
4311 0.2181249658873463 0.6859917768658872 0
4312 0.2207069092674571 0.7072941939453041 0
4313 -0.2192360672992704 0.8137358277879392 0
4314 -0.2087739738352258 0.8066083443790035 0
4315 -0.2077185666778728 0.8263079329292857 0
4316 -1.622797515872522 0.4676787990633039 0
4317 2.60517085305537 0.4335408652633265 0
4318 2.642727187600137 0.4127857773214161 0
4319 2.653726518918262 0.4482512832471608 0
4320 -1.898217760196851 0.6919784307210279 0
4321 -1.904830202679582 0.6483759389249172 0
4322 -1.167153406148725 0.4903257922098917 0
4323 -1.136924416358743 0.5362423122536838 0
4324 -0.4096054834053545 0.428366951126198 0
4325 -0.4555748841641296 0.4157232947433565 0
4326 2.634236708806392 0.3711125429227705 0
4327 2.682792374669284 0.3858229609066048 0
4328 3.787434405438661 0.433474357999707 0
4329 3.822771056542758 0.4110812128393055 0
4330 3.833740538241273 0.4464872527448023 0
4331 0.5993180562140556 0.6198494589069071 0
4332 0.1739222673407522 0.6701555951692189 0
4333 0.6644484570400504 0.8934144790090159 0
4334 0.6595681186418025 0.8502914032095874 0
4335 0.2138082053784033 0.5099864476084977 0
4336 -0.05118437391533014 0.6840187349230883 0
4337 1.99062365351619 0.5521438915394367 0
4338 1.974157145658471 0.4987207158611908 0
4339 3.815348405753403 0.3674291073646257 0
4340 3.861654538556015 0.380442002109721 0
4341 -2.494221256535556 0.06618999324280785 0
4342 -2.672184615561604 0.1519980473260263 0
4343 -1.141069886583768 0.8811363031319555 0
4344 -1.189585328090302 0.9005128010384298 0
4345 4.296227638829315 0.3061550299540691 0
4346 4.259875192894216 0.2731839526958007 0
4347 0.1515292541698267 0.6332597760542356 0
4348 0.164232953879849 0.6511132004101805 0
4349 0.1857725875329596 0.9658011788676792 0
4350 -0.506006019307742 0.6906838788184552 0
4351 0.4368834673645898 0.6691916713369324 0
4352 0.4288703060949393 0.6300603147772847 0
4353 0.4575811635861369 0.6444596532786104 0
4354 -2.299275191448285 0.133716098128667 0
4355 -2.30237424813446 0.08779165599195102 0
4356 -2.24751774846716 0.1203132486530419 0
4357 -1.544375459696398 0.7100995684644411 0
4358 -1.585236036454729 0.6715390954392263 0
4359 -1.53570881128062 0.6689217680042778 0
4360 -1.492577654926058 0.6562393077254536 0
4361 -1.533438231684389 0.6176788347002388 0
4362 -0.2162810158221512 0.988888328750129 0
4363 -1.557213290602106 0.8445900229588195 0
4364 -1.526869064029389 0.8016509303000114 0
4365 -1.602522059185481 0.8181747610372386 0
4366 0.364464500499878 0.189120588980643 0
4367 0.3248170072452861 0.1420102443613219 0
4368 0.2971682141739751 0.1098662686296931 0
4369 0.2816359834095497 0.1604312152968796 0
4370 -1.389951292556689 0.6497787956493917 0
4371 -1.345400931698158 0.6306100169082798 0
4372 -1.347584987431337 0.6821321443499877 0
4373 -0.1918211397194675 0.80802309712826 0
4374 -2.583704077828539 0.7814948943927114 0
4375 -2.629911779874456 0.7562893958103261 0
4376 4.743229389410881 0.7116201195825508 0
4377 4.766962537264422 0.7647091122574595 0
4378 4.718040725461437 0.7475123765258374 0
4379 -0.7499403197571478 0.26737308702533 0
4380 -0.7408750012365961 0.2208753339849386 0
4381 0.3439292556212473 0.7744421002671822 0
4382 0.3307182440153199 0.796565757187967 0
4383 -0.1376874811945004 0.9698511377278605 0
4384 3.636481659669705 0.9654395614038285 0
4385 3.685748075104248 0.9654395614038285 0
4386 3.457645021841358 0.9569228035657313 0
4387 3.5069114372759 0.9569228035657313 0
4388 3.045287609439649 0.9654422692105398 0
4389 3.094554024874191 0.9654422692105398 0
4390 2.866451023680185 0.9569300446493277 0
4391 2.915717439114727 0.9569300446493277 0
4392 3.485003278733864 0.05175493216955725 0
4393 3.536244313836034 0.03637957318721254 0
4394 3.521247592572177 0.0881345053567698 0
4395 -2.248099632985603 0.9617140194946447 0
4396 -2.223902963362343 0.91149108078119 0
4397 -0.9984720571066187 0.0882987448848335 0
4398 -1.694120479488983 0.9073229777397966 0
4399 -1.692508112115765 0.9616729978177856 0
4400 0.2953156563468001 0.07460383133176926 0
4401 0.2751410373418114 0.02888118248470156 0
4402 1.945182907811156 0.946293307030175 0
4403 1.97992980395135 0.9111826771272812 0
4404 1.980229139198585 0.9648893700971062 0
4405 2.940350646831997 0.8953038659320857 0
4406 2.913650085155369 0.8676455112139618 0
4407 2.953376405507146 0.8490892878473919 0
4408 3.904829600726782 0.03578058684412388 0
4409 3.53154464499317 0.8952937205114668 0
4410 3.505104635474804 0.8676999883226648 0
4411 3.54483394287991 0.849148101702669 0
4412 2.17578617376762 0.5038582501083932 0
4413 2.198173106102662 0.454346813433963 0
4414 0.02280132635340475 0.7936563066105287 0
4415 0.03257307350241974 0.798503909755062 0
4416 0.8937360376351131 0.1346915276677561 0
4417 0.8789932541370533 0.1828012194190668 0
4418 4.054721877673112 0.764829306307921 0
4419 1.390022115126146 0.06159769680816436 0
4420 -0.2023581176021085 0.8653941926495599 0
4421 -0.1944878397543012 0.6081757059174857 0
4422 0.1779637421876271 0.7616739069741567 0
4423 0.1898238120484873 0.750478718386888 0
4424 0.1966261620761545 0.7688407846598322 0
4425 -0.1332090965725169 0.9069651340047802 0
4426 -0.1228999593981978 0.915987032807316 0
4427 -0.1352074147560681 0.9179702313885032 0
4428 1.824422374544262 0.03116925056612824 0
4429 1.805491452565936 0.07807976023425169 0
4430 0.6553689247394816 0.6214792181760302 0
4431 0.1623455143143816 0.8361389158596393 0
4432 4.301744280857626 0.745461592177079 0
4433 4.273101977261904 0.7688124633410804 0
4434 -0.4557237302210446 0.6777298288471699 0
4435 -0.4183258802845459 0.665734695155982 0
4436 -1.062341224689857 0.2313401956772288 0
4437 -1.940316480245563 0.2767583007738851 0
4438 3.679056517627352 0.7757179541047597 0
4439 1.304284888621793 0.7645777034614145 0
4440 1.257970060817328 0.7346562541465911 0
4441 1.317757640793624 0.7187827243462958 0
4442 1.309251849720685 0.664076162966077 0
4443 0.3476387224641204 0.6838297072957655 0
4444 0.6350268296143528 0.333004699742938 0
4445 0.5994905332128835 0.3078072567399092 0
4446 0.5613796424092135 0.2819939955001194 0
4447 3.088308756954123 0.7740580071745327 0
4448 -0.5547235307246252 0.1368711428543789 0
4449 -0.3616656852916317 0.6794853433412309 0
4450 -0.3377464154778843 0.6971188866183462 0
4451 -0.3720563173243253 0.6998739785139474 0
4452 0.2391867524271565 0.9244702713297374 0
4453 0.2541350440259353 0.9247672346858105 0
4454 -2.275308402578027 0.03719440325816294 0
4455 0.2225804353139371 0.7834140079038948 0
4456 0.2092285076726369 0.7706321123145662 0
4457 0.02197957374071313 0.3677943387023461 0
4458 0.1533808162864919 0.9662789647127266 0
4459 0.3081066254140394 0.7998185958938033 0
4460 0.2862951872085441 0.8008822382502949 0
4461 0.2963447413589004 0.7821603479403791 0
4462 0.4536372619889538 0.8703100413761409 0
4463 0.466704651957079 0.8851428701056783 0
4464 0.440635957707453 0.8952693159381304 0
4465 -2.744522466118721 0.7148297551670528 0
4466 -2.719478873209416 0.7499769497106863 0
4467 -2.768145192338803 0.763488515020938 0
4468 -0.5210178200307027 0.6113440903974998 0
4469 -0.534474379360273 0.5645813482403521 0
4470 0.9250439233655914 0.03978591383631515 0
4471 0.8984038407860302 0.08437115839804721 0
4472 -0.9486920474106962 0.819412897743554 0
4473 -0.9115372462356376 0.7844799488073223 0
4474 0.2275416514868079 0.9623896578778697 0
4475 0.2265805727251046 0.946452111060806 0
4476 1.335372463431199 0.9597802710688748 0
4477 1.503212716701169 0.2806516978755857 0
4478 1.453789223166694 0.2988183453883495 0
4479 2.594360999957499 0.2412275869977458 0
4480 -1.531195669653676 0.7489044014443493 0
4481 -1.580722894827785 0.7515217288792978 0
4482 -1.34839573139306 0.3955345329790359 0
4483 0.2521346325110638 0.09302480226732693 0
4484 -2.202575224009145 0.0894503214203107 0
4485 0.0506157982835838 0.8298919090490321 0
4486 4.341030436014584 0.7354423956657796 0
4487 2.293361345855534 0.5896456585399812 0
4488 2.275457294168954 0.5370108207033835 0
4489 0.131848231295613 0.9701405375049723 0
4490 0.05398651524288463 0.7079325230273603 0
4491 -0.639347901065306 0.618487840019346 0
4492 -0.2906340995369819 0.5281596617437219 0
4493 -0.07806008048993267 0.8064125940388789 0
4494 1.818734758373578 0.1681247242374882 0
4495 2.398112881019288 0.9010345690480444 0
4496 2.351061450877712 0.8777135779703052 0
4497 0.4467392318650507 0.7084867854017567 0
4498 0.4300163999453798 0.6923965726842229 0
4499 -0.7782459815185587 0.2081374407365213 0
4500 -0.5624300717375383 0.5349798521765374 0
4501 -0.5876888324494889 0.5029769195296545 0
4502 4.00954705977288 0.7375576514314515 0
4503 3.969469461837819 0.7071174246495192 0
4504 3.678885455122805 0.2341966704750834 0
4505 -2.284991328908997 0.194545407142119 0
4506 -2.339847828576297 0.1620238144810282 0
4507 1.309614012812285 0.8795873076920113 0
4508 -2.297016722436727 0.9617140194946447 0
4509 -0.7704402032994877 0.6433972759199822 0
4510 -0.1221612857264443 0.8299223465038532 0
4511 -0.1236431976583069 0.8169089009489334 0
4512 4.949626473761896 0.8968107569719602 0
4513 4.911527729705012 0.8575925850818499 0
4514 4.961901255943116 0.8607818281096264 0
4515 4.94770224228384 0.1022977577160721 0
4516 4.961774502217033 0.1375557305472717 0
4517 4.909476744500872 0.1398534882635292 0
4518 2.485677669429674 0.04051302902949304 0
4519 0.2664096988191134 0.9216258791940691 0
4520 0.2801781431768553 0.9106812921035247 0
4521 0.278283722373537 0.9263662345553965 0
4522 2.731436673154619 0.4945531111534241 0
4523 4.965082396991962 0.325818176727776 0
4524 4.915603060108742 0.3054463735944843 0
4525 -2.915979862118486 0.3053269970850803 0
4526 -2.965197263278215 0.3258180405071261 0
4527 -0.2251311274377695 0.6029689628902648 0
4528 -0.1349650693010476 0.927900494273826 0
4529 -0.1452742064753667 0.9188785954712901 0
4530 1.652315488674516 0.5569994134679579 0
4531 -0.3540923403918297 0.9512591087166511 0
4532 -2.947915928291185 0.8979727925083172 0
4533 -2.961888942039322 0.8608830562154983 0
4534 -2.909804870330507 0.8588558487242319 0
4535 4.316386272483806 0.9356084954357204 0
4536 4.886144586957423 0.6467423760095191 0
4537 4.91612468548438 0.6984552450387926 0
4538 4.965769324790651 0.6755476089199683 0
4539 0.1974771984751187 0.7946430376932108 0
4540 3.320761347257581 0.4926647860207299 0
4541 -0.2022145917579965 0.7205504094386694 0
4542 -0.1964422057789654 0.7408979207028441 0
4543 -2.965803504256524 0.6756201121340577 0
4544 -2.91622165695907 0.6985648678673493 0
4545 -2.886295102010737 0.6470248692560563 0
4546 -2.94976675680853 0.1032767902912339 0
4547 -2.91170727787325 0.1423830961370032 0
4548 -2.961940521064719 0.1391063058461853 0
4549 1.748416561373121 0.9161271743297681 0
4550 1.773049789037493 0.9620775841798288 0
4551 1.622711945979396 0.9592670074351136 0
4552 1.647345133749566 0.913316597585053 0
4553 -1.314779319557185 0.7107734881728091 0
4554 -1.359329680415717 0.7299422669139211 0
4555 2.069910459241526 0.957980891703634 0
4556 -0.04397786577863993 0.7792111154156628 0
4557 3.913195312356068 0.4935386409222174 0
4558 -0.3096994656790998 0.986867589930114 0
4559 3.475240927181278 0.8265566496753577 0
4560 2.883793786364679 0.8265304192276997 0
4561 -1.768190446099301 0.2264343697779931 0
4562 -1.796939367315447 0.2685826938564855 0
4563 -1.813867503584135 0.216683132283485 0
4564 -0.04484286546663505 0.5504272255360343 0
4565 -0.05052337470547628 0.5726926515057689 0
4566 -0.06352026229631529 0.544862361315255 0
4567 1.802104066427447 0.1162598659323226 0
4568 1.845457362953958 0.1005186068303273 0
4569 0.1413136728340553 0.9690434675513557 0
4570 2.401093335329363 0.9639533775250765 0
4571 -2.308224321734271 0.7392529117483055 0
4572 -2.347352549456586 0.7293579252316279 0
4573 -0.5606211740975878 0.3318725472559424 0
4574 0.1153212736343358 0.9120416032127768 0
4575 0.1038316797987268 0.9173026249317562 0
4576 0.108303518705343 0.9046093676484883 0
4577 0.09661369275082005 0.8998356883337725 0
4578 0.4520935054380351 0.8505296413282974 0
4579 0.3070751346216902 0.7648548961549189 0
4580 0.6232484354865832 0.5899520856965755 0
4581 -0.2759739621042044 0.2137659950933892 0
4582 -0.2712230933599844 0.2646368851932306 0
4583 -0.0840534565298286 0.6785557522250696 0
4584 4.677255189783081 0.7381826637896176 0
4585 4.700988337636621 0.7912716564645264 0
4586 -1.277806917417402 0.6222836150970643 0
4587 -1.230758601422163 0.6211588071229626 0
4588 -1.255986310577566 0.6618385576347738 0
4589 -1.279414703753262 0.6969460475380536 0
4590 -1.232366387758023 0.6958212395639518 0
4591 1.477031848888382 0.07070159115648797 0
4592 3.264764892698302 0.648695305200071 0
4593 4.229121243098177 0.7937738103896288 0
4594 4.28909983135256 0.5218305627827766 0
4595 4.299615380956693 0.5742299506814414 0
4596 0.3196532770045264 0.6682562845771756 0
4597 4.526271870717889 0.9652980907115348 0
4598 4.870128399431493 0.16987921317463 0
4599 4.912295165333813 0.2171839274137059 0
4600 0.2560294648292535 0.9090822922339387 0
4601 3.174566225399997 0.2553624585316885 0
4602 3.126367456357572 0.2201490822257975 0
4603 3.180727180541117 0.2134898693946555 0
4604 -1.298470350026529 0.4037474912242847 0
4605 2.835746566185223 0.2548717001392463 0
4606 0.2364380956434455 0.6145532561232078 0
4607 4.912256616636846 0.7836894642281873 0
4608 4.88163753011105 0.8276239654744748 0
4609 0.8722609300621199 0.8641046400849453 0
4610 0.887127812535604 0.8183909353481187 0
4611 3.722452033898654 0.7381758285153672 0
4612 3.755526494452051 0.7031170483127578 0
4613 3.16762257410681 0.7028563349693293 0
4614 3.13226681502769 0.7363883977310044 0
4615 -2.91272311990499 0.2186152624245555 0
4616 -2.870932023997408 0.1710564432617949 0
4617 1.342636536831716 0.8483640059513288 0
4618 1.333420412602075 0.7941591234536961 0
4619 -0.510844929430738 0.1259795007095705 0
4620 -0.5036514737257185 0.08133187361164448 0
4621 -0.4787589322987132 0.03576110371269909 0
4622 2.124999999995632 0.02503384755673243 0
4623 2.103053320462921 0.06930517628510049 0
4624 -2.225308402577887 0.03719440325816294 0
4625 0.6146543821094428 0.4561484688216587 0
4626 0.3577826360850788 0.5211631082120836 0
4627 0.3234575068846496 0.5398567578695552 0
4628 2.313268534905466 0.9555273729190007 0
4629 4.267571826753091 0.2122415053561368 0
4630 4.320692593079023 0.2210967877165465 0
4631 -2.379060206194288 0.1436512882600221 0
4632 3.000811249361903 0.360796456971078 0
4633 2.310556772267801 0.1161398021009173 0
4634 2.354816052379235 0.09494344216779503 0
4635 -2.881830148842812 0.818934905989485 0
4636 -2.912307094741868 0.7838278119493449 0
4637 3.038998290246234 0.237505574675152 0
4638 2.998125227233608 0.2638393148660781 0
4639 0.8195716525862808 0.8651586360282174 0
4640 -0.1867940475604979 0.9606403820929754 0
4641 -0.1948676754975145 0.9653930674278031 0
4642 -0.1984240196250634 0.952507908021123 0
4643 -0.3504320406426919 0.8306559487549134 0
4644 -0.3534641950431714 0.8031663351985436 0
4645 0.8480949039735879 0.2259204204109008 0
4646 -0.3654111568310324 0.7293534989091606 0
4647 -0.336918053424726 0.7325153601927514 0
4648 -1.812443482088749 0.9653920463095642 0
4649 3.435314574996799 0.2482310754327389 0
4650 1.199272338368372 0.08157470715934162 0
4651 1.174703755008405 0.03744740388385169 0
4652 -0.1472269038987087 0.8815987238208827 0
4653 -0.1459433107110407 0.8706182068946533 0
4654 0.1883983109479753 0.6080981127008842 0
4655 0.1667546653009009 0.6156760853724584 0
4656 0.1774893512317321 0.5891109982472357 0
4657 0.2082178285246554 0.6033521660656997 0
4658 0.2010449255039236 0.9215144694164528 0
4659 0.2110111868674415 0.9091967140426822 0
4660 -1.901778883135415 0.1055229666036082 0
4661 -1.871902077129804 0.13542416344227 0
4662 -1.826777830565041 0.3050126784150744 0
4663 -1.603527854156823 0.06941523480814565 0
4664 -1.625000000003628 0.02910870566319966 0
4665 -2.67818841852742 0.7432440275071656 0
4666 -2.701811144747502 0.7919027873610507 0
4667 4.182670022998765 0.7650858742200488 0
4668 1.198849530801963 0.1287286089358405 0
4669 2.103053320462921 0.1046844572768833 0
4670 2.14999999999567 0.08544697610524768 0
4671 2.510677669429712 0.06665303135013569 0
4672 2.55333184065196 0.08877147433900086 0
4673 -2.446976089264849 0.2450910555608835 0
4674 -2.404271695497177 0.2198048303842707 0
4675 -0.007354051571014507 0.05191011280678549 0
4676 -0.04948318728574142 0.08714875845952939 0
4677 -0.04212913571472691 0.03523864565274391 0
4678 0.1003908762246503 0.6188180395529124 0
4679 -0.06100115447152313 0.1192255710737157 0
4680 -0.02284704481615873 0.1445101120080654 0
4681 -0.06914009614565286 0.1599154574682102 0
4682 0.7079528368302058 0.06061539647091999 0
4683 -2.193956165798663 0.2372465112092155 0
4684 2.511069449114009 0.4766677915642979 0
4685 2.555441934884461 0.4994546962050767 0
4686 3.593358329098387 0.2383667470585647 0
4687 4.027631149964392 0.248336202943248 0
4688 4.039444520577451 0.2011491622529183 0
4689 4.378690489528694 0.7159421447112015 0
4690 -2.237202832980005 0.2058477833932478 0
4691 4.961901255943116 0.8107818281094947 0
4692 0.6953008729195986 0.4517724070310539 0
4693 0.7237520184465277 0.4909670407117199 0
4694 0.1568161551018626 0.8487562382716217 0
4695 -1.854071160235049 0.9586126511683638 0
4696 -0.7171746243440831 0.9707431805710783 0
4697 -0.673930080903979 0.9707431805710783 0
4698 0.7602283943371373 0.2787575057421279 0
4699 2.3611411983479 0.03530241801030094 0
4700 4.961774502217033 0.1875557305471433 0
4701 1.778768847985556 0.1456858776414126 0
4702 1.745714620076619 0.1922272643594719 0
4703 -2.961888942039322 0.8108830562157066 0
4704 0.6214502337125853 0.06984996347429 0
4705 0.07289260239858379 0.3500323171148685 0
4706 3.693392290062604 0.4765557343063971 0
4707 3.737609354710734 0.4993053060897942 0
4708 -2.961940521064719 0.1891063058463934 0
4709 -2.530048820301644 0.9661953847252751 0
4710 -0.1350366218615393 0.7315547099899 0
4711 -0.1166118041758615 0.7335294868857645 0
4712 1.102527817747396 0.7124097711655993 0
4713 1.137048553950969 0.7001114279064127 0
4714 -1.573798674332306 0.4891507639619977 0
4715 -0.03576677558922534 0.6215800660573949 0
4716 -0.02145508175434323 0.6429296246805158 0
4717 2.035082687752688 0.6572818227960463 0
4718 -1.993730536776019 0.07035078788585733 0
4719 -1.949844754565879 0.08685916784635886 0
4720 2.27035986059574 0.04199330699885589 0
4721 2.220359860595664 0.04199330699885589 0
4722 2.412583097665485 0.2387771294063541 0
4723 0.2251410373418613 0.02888118248470156 0
4724 0.2056818684337872 0.08180288088154923 0
4725 4.578715240883438 0.9195704913224633 0
4726 -0.9775838656755891 0.03910963188503203 0
4727 0.2339879974276692 0.2312352354719357 0
4728 0.2640708908907935 0.1932354969986481 0
4729 -1.349978841856935 0.9639947983559675 0
4730 -1.318983001743632 0.9209945414603191 0
4731 4.231250894909385 0.229578349927835 0
4732 4.182468788134474 0.2632255993325551 0
4733 1.911326987525358 0.9660206598641192 0
4734 1.911027652278122 0.9123139668942941 0
4735 2.067896102754021 0.1332719521301727 0
4736 2.032271404494436 0.1778388789146356 0
4737 -0.9341587088881935 0.967528846248734 0
4738 -0.8852416194374317 0.967528846248734 0
4739 0.3129414667417648 0.987058286967453 0
4740 0.3197789933987444 0.966262164597254 0
4741 0.2586750782591401 0.7070803958179819 0
4742 -0.1358040543168667 0.8830595597080508 0
4743 -0.1475576911329914 0.8917968400474692 0
4744 -1.154428190640906 0.2808020717778814 0
4745 0.2849482766899778 0.9571888677917256 0
4746 0.2999067031652288 0.9586877892735477 0
4747 0.2883578434950945 0.972617652453084 0
4748 0.3920945550593077 0.5145083374316241 0
4749 -1.643201442101897 0.09742146303560788 0
4750 -0.3481288324177566 0.228526046755235 0
4751 0.1371803408722801 0.9597885935590915 0
4752 4.280338531497506 0.03364590808524155 0
4753 2.269004311492438 0.8704337444714324 0
4754 4.568380513238774 0.03857309116201049 0
4755 4.518380513238697 0.03857309116201049 0
4756 1.27526361457288 0.636382537450223 0
4757 1.234013589083007 0.6547723049104983 0
4758 1.237834390666728 0.6022935673292489 0
4759 -2.191453490260991 0.7674178556015459 0
4760 -0.07766669127069628 0.7937419048522641 0
4761 3.390066094285531 0.05210725454553779 0
4762 3.350218492798846 0.08514923957043477 0
4763 3.360152398510885 0.03304198502489698 0
4764 0.6941435262278502 0.826854020993077 0
4765 0.7258506554727402 0.8070509313120331 0
4766 -0.6435310125192771 0.9713282977038993 0
4767 -0.6052643865022846 0.9713282977038993 0
4768 -2.374646845749647 0.7602200214582558 0
4769 -2.388332882611845 0.7164680287909847 0
4770 0.03108992279459372 0.7637811572273429 0
4771 0.02343005820131933 0.7507344361455293 0
4772 0.03400950835548248 0.751023518801063 0
4773 -1.047190965820465 0.9106765271944253 0
4774 -1.022813135371272 0.9608954979183539 0
4775 0.07702931174382388 0.9776283430753686 0
4776 0.08053585615306066 0.9907489245378097 0
4777 2.029495554633127 0.9648893700971062 0
4778 3.178660111351577 0.1714550081905233 0
4779 -0.1777326064837884 0.9635117959179 0
4780 -0.1660471351550073 0.9599060252518112 0
4781 -0.1812889506113372 0.9506266365112199 0
4782 0.04856639496227352 0.7498118569141128 0
4783 1.983597237743656 0.3193698596681638 0
4784 -0.1270737219766982 0.8794962478756727 0
4785 -2.519297293987576 0.03741271839312719 0
4786 -2.569297293987005 0.03741271839312719 0
4787 -2.581979392070838 0.9209721009944859 0
4788 -0.2177191588993364 0.8882593054229206 0
4789 -0.2228027160085223 0.9005136391106734 0
4790 1.760453752138969 0.3063461559195469 0
4791 1.373700006720434 0.2586371041849433 0
4792 1.407258959368117 0.2350713793209706 0
4793 1.387338839465604 0.2967964633431937 0
4794 1.335763217307044 0.2846925846331632 0
4795 1.418586036456357 0.325431504346924 0
4796 1.201648256734445 0.1828072140621133 0
4797 4.242219130184105 0.9634188250355612 0
4798 4.291485545618647 0.9634188250355612 0
4799 0.1889555142878603 0.8577079961038068 0
4800 0.09674169027804386 0.595919111126272 0
4801 0.1217456973759029 0.608957423855724 0
4802 -0.09212913571486707 0.03523864565274391 0
4803 2.195359860595627 0.06702715455558833 0
4804 3.080789992536084 0.2242157349065438 0
4805 -1.901934128571685 0.06977348014825246 0
4806 -1.925000000002256 0.02555484069550158 0
4807 1.98198357657006 0.5842027529069046 0
4808 2.00850332623998 0.6178699848768769 0
4809 2.051414059223723 0.6116500189745588 0
4810 -0.3204591833496109 0.9093951237356228 0
4811 -0.340925248825777 0.900181870694735 0
4812 -1.360979116631473 0.2704635230402345 0
4813 -1.309064807066453 0.255842486287317 0
4814 -0.08155878549259349 0.3714989711598759 0
4815 0.006158301929317877 0.9898800694340395 0
4816 0.01847490578795363 0.9898800694340395 0
4817 3.866472910975866 0.03871398877007451 0
4818 -0.09022996308040433 0.5595983700322403 0
4819 -0.0449351191312852 0.5991506137436736 0
4820 -0.06361251596096544 0.5935857495228942 0
4821 -0.1187964850657606 0.6216904817982966 0
4822 -0.1370969691061282 0.6290121550773755 0
4823 0.1992729803415668 0.9773739121210392 0
4824 0.2042054231813781 0.9882464608899761 0
4825 0.04204489074646296 0.3434600090133587 0
4826 2.49723657126333 0.2376809735171453 0
4827 0.01140452749098179 0.9273271844950097 0
4828 0.02569541854405013 0.9320924264207175 0
4829 3.988581625597245 0.1583167513337908 0
4830 3.962142980388002 0.1994937697295683 0
4831 3.947444621093068 0.1563135569424068 0
4832 3.929933172350785 0.1211839507845856 0
4833 2.502579381258632 0.7664302638528709 0
4834 0.9562971727156886 0.4788192770399748 0
4835 0.1493527436030258 0.8395614658898072 0
4836 -1.837527239743188 0.1784729280920154 0
4837 -1.866276160959335 0.2206212521705078 0
4838 -0.4644349246998969 0.855804022259248 0
4839 0.9521741696284292 0.377790053188113 0
4840 0.934053759348958 0.3301323255737298 0
4841 0.9849109064104091 0.3437347505671516 0
4842 -2.396739807066459 0.8436444356694155 0
4843 1.391840359538868 0.5079664247575184 0
4844 3.310152398510809 0.03304198502489698 0
4845 -2.487429952385049 0.6642120304141699 0
4846 -2.471587266564082 0.7095950279623193 0
4847 0.2942514466847995 0.987058286967453 0
4848 -1.435073852902138 0.9465886429814947 0
4849 -1.399316646645308 0.9105834413374622 0
4850 -1.398895931307696 0.9639947983559675 0
4851 0.6509312258416913 0.5691679845038107 0
4852 -1.271796407715149 0.04557309246416802 0
4853 -1.637675681230583 0.6921071249459296 0
4854 -1.629009032814805 0.6509293244857662 0
4855 -0.1502356456952262 0.7295302307511595 0
4856 -0.1384728094451906 0.7162736112315293 0
4857 -0.2271607544933363 0.0508776304529012 0
4858 4.612543079610275 0.3154864820925923 0
4859 -2.549136382583053 0.5025239121635211 0
4860 -2.500419466961459 0.4738461487572057 0
4861 -1.398706790491133 0.2697730329648659 0
4862 -1.42398154857295 0.2948114876958149 0
4863 -1.444255626402358 0.2523129616344797 0
4864 1.157828175403642 0.283914692358426 0
4865 1.153468030962125 0.3374595564015672 0
4866 1.119052065768754 0.3114228848377615 0
4867 1.085971301558529 0.2817893833460249 0
4868 -0.0005231452644577422 0.7943691868061022 0
4869 0.009622439554308724 0.7908020917786533 0
4870 0.2068474560688458 0.9677607601953884 0
4871 0.2104460890725377 0.9576079628993208 0
4872 0.2149438176282796 0.9663401244838847 0
4873 0.4170686318658293 0.03974681617070787 0
4874 0.09281940262951661 0.8304841296755201 0
4875 2.061076983913628 0.220484155750328 0
4876 0.9990160601042603 0.4471682636990025 0
4877 0.9603124293013087 0.423043491522507 0
4878 0.9094552822398574 0.4094410665290853 0
4879 2.54226863107276 0.7349657343069402 0
4880 -0.02267763433373617 0.6006869680402694 0
4881 1.430257723861134 0.881204897534966 0
4882 1.475194527456378 0.8593706059233853 0
4883 -0.3189777864982928 0.9682760526783376 0
4884 -2.616066564555259 0.3164370992953541 0
4885 3.611848451952433 0.9395479790736374 0
4886 3.571273952398276 0.9124793346155444 0
4887 3.53154464499317 0.9310312212355403 0
4888 2.980076967183773 0.912483923131773 0
4889 2.940350646831997 0.9310401464983429 0
4890 3.020654401722378 0.9395523710595549 0
4891 4.224088426782024 0.07296525481414215 0
4892 -1.284247840374771 0.08477235789212467 0
4893 3.365424476621253 0.1998075127231899 0
4894 3.351013740057991 0.1510847014903438 0
4895 3.337461692708907 0.1158013485246196 0
4896 -0.005486773247767082 0.888781750202057 0
4897 -1.838881411351869 0.5690308580909902 0
4898 -1.782151148638503 0.5682147353251931 0
4899 0.08874345777818818 0.9707563496024323 0
4900 3.001405072752324 0.3120680738537678 0
4901 -0.03038251103695678 0.7744589933859762 0
4902 0.07848173688488841 0.8869184614976278 0
4903 0.06821757590600366 0.8921787804491073 0
4904 2.724752741190741 0.0350885925509728 0
4905 2.694851227662882 0.07494156125103471 0
4906 2.670098486468646 0.0398529687000619 0
4907 4.745876816957749 0.4556401900428915 0
4908 4.710373792020391 0.4487531995290596 0
4909 0.07963552251772779 0.815997282579222 0
4910 1.193915115360106 0.763204639480128 0
4911 1.171888974660129 0.7222918607825137 0
4912 1.22247116794552 0.7395384545640955 0
4913 -0.1791491052232768 0.7058949308576754 0
4914 1.447099630744057 0.3535088668402998 0
4915 0.2432522136790451 0.7192259917616041 0
4916 0.2805062071879536 0.9402849131290651 0
4917 -0.01178937446008384 0.2547137250351589 0
4918 0.02697942341521782 0.275908152954736 0
4919 -0.07517804978780858 0.6099198884417565 0
4920 -0.08076630536199966 0.5834619262038517 0
4921 0.09846030576669483 0.8215814081782347 0
4922 2.312503065888357 0.8692875733642295 0
4923 2.294583874104591 0.8286665719976605 0
4924 -0.09550378651220423 0.7060508659930704 0
4925 -0.08309325432996423 0.6971035388525268 0
4926 -1.204717951301556 0.3422398439058347 0
4927 -0.1622076171565515 0.7930961730863189 0
4928 0.4390343176117135 0.8172460528266721 0
4929 2.788865787281502 0.3272632538314888 0
4930 2.832258807550906 0.2941270581671018 0
4931 2.799958496060831 0.2507224246818005 0
4932 4.016395068894026 0.2823183200375807 0
4933 3.992043903821811 0.235479081215285 0
4934 2.76447091436125 0.2837452664738642 0
4935 -0.3893304266447798 0.7117199556320453 0
4936 3.024359145100573 0.04356203960578667 0
4937 -0.3920785219270486 0.8259079990652844 0
4938 -0.40324560371219 0.8091641050068217 0
4939 -0.3787223548484165 0.8027835701342387 0
4940 3.427558845375455 0.2830239497457208 0
4941 3.40119793207867 0.2364530058697495 0
4942 -0.5829780827386215 0.937563920446163 0
4943 -2.616885070970802 0.03843423241744649 0
4944 3.624836325560417 0.03794145739304498 0
4945 0.3844870638007547 0.5513811568551938 0
4946 3.382979294769501 0.3156401744847626 0
4947 -2.716240489729757 0.4544239261673639 0
4948 3.969889817733773 0.3116049746685663 0
4949 0.1467801313215119 0.7645471924912659 0
4950 -1.291159396737642 0.7447561701019869 0
4951 -0.04788587909430607 0.816007034157694 0
4952 -0.05979572951954704 0.8180846973805386 0
4953 0.8901362813353457 0.3153192981952037 0
4954 3.633090278749652 0.2032357496414663 0
4955 0.6827652932301352 0.03437097987754512 0
4956 0.6327652932302495 0.03437097987754512 0
4957 4.616651959070117 0.03830656227541747 0
4958 -0.9738960459205106 0.9608954979183539 0
4959 3.347373208757978 0.3139366241162559 0
4960 3.357836116445802 0.2695423298142247 0
4961 -1.312451432663265 0.03919926542795666 0
4962 -0.8552987794580448 0.9503403526223712 0
4963 -0.8928923347400912 0.9178691988711052 0
4964 1.685023042678164 0.04108074084156871 0
4965 2.084436242467187 0.257477223948464 0
4966 0.4812793358147518 0.9164280950073209 0
4967 0.03035434693781023 0.03739480971717248 0
4968 0.02300029536679573 0.08930492252395797 0
4969 3.947134605669618 0.2709032924717402 0
4970 2.256011466593828 0.7871354152509461 0
4971 -2.018730536775912 0.04479594719035575 0
4972 -0.2415241415794872 0.5861773178761462 0
4973 2.573451286597652 0.7017870372790977 0
4974 0.2744875549051491 0.8195229001880007 0
4975 0.2868170594719776 0.8351968027371788 0
4976 -0.3758013102829053 0.6617487379721424 0
4977 0.1108951780296531 0.09031650811402014 0
4978 0.08035434693777424 0.03739480971717248 0
4979 0.1378669484000469 0.8414735471720221 0
4980 -0.3572847756098225 0.9112655537750554 0
4981 -0.3602109958798073 0.8912806235721642 0
4982 0.03965986043773184 0.8239023199044275 0
4983 0.1947752517858248 0.9686417505364753 0
4984 0.8681315220098414 0.569030823640802 0
4985 -2.385263461743254 0.7968588568317252 0
4986 -2.426243794898513 0.783968960391082 0
4987 -1.076161042359282 0.8460802886771266 0
4988 -1.051237644260816 0.8750587661438783 0
4989 0.1728150160772879 0.5644095834942291 0
4990 0.1511713704302134 0.5719875561658034 0
4991 0.1406202944535835 0.6142726616005871 0
4992 0.7711461277584473 0.4784685867830171 0
4993 0.7839435186195202 0.4350354163442539 0
4994 2.299510220989748 0.7859892441437432 0
4995 2.338579972269676 0.7714483835598089 0
4996 -2.283209453176097 0.763905281078302 0
4997 1.510900898643988 0.0362552963031356 0
4998 0.06407449934814111 0.1168965646042715 0
4999 -1.927437830509219 0.4006464810768842 0
5000 -1.933630677693477 0.3596580703797063 0
5001 -1.889424685907018 0.3696388837485454 0
5002 -1.485680901211502 0.03929775344990248 0
5003 0.08715037387509564 0.9151604651003121 0
5004 0.09529395750765843 0.9225754983271939 0
5005 0.08563040651302006 0.9278655740600383 0
5006 1.99132832835749 0.8733032371488597 0
5007 3.408435908798084 0.9627208985930296 0
5008 4.761058617497467 0.4140944949323081 0
5009 2.817250626729046 0.9627284020495183 0
5010 -1.697709153173411 0.7504313439945497 0
5011 -1.737573729121764 0.7716486127806254 0
5012 4.878491263259523 0.6048304084843092 0
5013 4.923885325883402 0.6091832503155169 0
5014 4.965769324790651 0.6255476089198369 0
5015 3.595907160115549 0.9741084176698089 0
5016 3.546640744681007 0.9741084176698089 0
5017 3.004710174901045 0.974110101849015 0
5018 2.955443759466503 0.974110101849015 0
5019 -2.754728751715937 0.4509180392733438 0
5020 4.684899175428169 0.9001243446977486 0
5021 -0.1292317669205722 0.03923363770636416 0
5022 -0.1792317669207121 0.03923363770636416 0
5023 4.73489113662676 0.3308764576641002 0
5024 4.745082498986695 0.3810327621207305 0
5025 -0.786356121652328 0.370067044521028 0
5026 -2.763542123787674 0.4136069067468205 0
5027 -0.135349835745058 0.2244349011577825 0
5028 -0.08046794913770405 0.2330589056257119 0
5029 -2.746243640828181 0.3789313951683503 0
5030 -2.73510433751779 0.3280694123336038 0
5031 -1.779093780140724 0.8683475803794574 0
5032 -1.783300525194331 0.8260827785826959 0
5033 -1.416699911015622 0.6771549873892612 0
5034 -1.414515855282442 0.6256328599475531 0
5035 -1.465785774535601 0.6290027130544187 0
5036 -2.923911275082385 0.6093711599452425 0
5037 -2.965803504256524 0.6256201121344045 0
5038 -2.878599368580073 0.6051558049338768 0
5039 -1.153017801334594 0.3275363347675411 0
5040 -1.16961571041675 0.3689709642367119 0
5041 -0.2090504132368656 0.8402306662125154 0
5042 -1.853278384710538 0.3399221867597694 0
5043 -1.869116978945779 0.2937409647066725 0
5044 1.466130950241348 0.03444629485335238 0
5045 1.416130950241493 0.03444629485335238 0
5046 0.1410079917056404 0.9243401868511986 0
5047 0.1525524699081922 0.9188417591874478 0
5048 1.428334921297785 0.5134999421024878 0
5049 1.489182611751025 0.4957897520834851 0
5050 3.732044037958316 0.9638840517308718 0
5051 3.140857949998964 0.9638792670010106 0
5052 -0.04274970801297379 0.9905956005096213 0
5053 -0.03052043565029399 0.9905956005096213 0
5054 1.106998683800234 0.7519510810823202 0
5055 1.541839179396446 0.2740050755975963 0
5056 2.311141198347824 0.03530241801030094 0
5057 -0.3171143457309465 0.9500574098654772 0
5058 0.08162655142734342 0.5778990393171797 0
5059 0.102981372578596 0.5680384236199914 0
5060 3.58624431383611 0.03637957318721254 0
5061 0.02636610083931636 0.1314118676938845 0
5062 0.01822715916518664 0.172101754088379 0
5063 4.505708295745704 0.6153212285716129 0
5064 4.519863672067043 0.5638463123831767 0
5065 4.467835035704747 0.5377058553670282 0
5066 -1.724050765270152 0.2424800611592148 0
5067 -1.676536633419383 0.2521567072807464 0
5068 -0.2073229682825709 0.9452179277319825 0
5069 -0.2187884433142028 0.9561403070440524 0
5070 0.1647951531104159 0.7582981098129467 0
5071 -2.041654570406304 0.4283914212979028 0
5072 -2.041408867056697 0.4766332544117948 0
5073 2.32548188826556 0.9194807504440772 0
5074 1.121010665402105 0.794538180703825 0
5075 1.084676427127623 0.800531216087599 0
5076 0.7988596138256485 0.3982872765674581 0
5077 0.7502959958213805 0.4138252747339211 0
5078 -0.03872875176866149 0.711527813375846 0
5079 -0.02706426967326545 0.7131893989106347 0
5080 2.73627184529976 0.396022460129286 0
5081 -1.109082759136089 0.8640151087850799 0
5082 -1.093171718638552 0.8105333389100636 0
5083 1.158269743432425 0.7807000319972435 0
5084 2.14157275856144 0.52498662574073 0
5085 2.10272820403113 0.5446281770150765 0
5086 2.281501058947667 0.07729572500915684 0
5087 0.5886849404818524 0.03547898359674487 0
5088 -1.792666064052601 0.4955999543576616 0
5089 -1.83988216355833 0.5157948136724236 0
5090 -2.684494093387416 0.9002292324706779 0
5091 3.914024501030736 0.3889214293059579 0
5092 -2.288350341284102 0.5816448699025167 0
5093 -2.289223797695294 0.5289802811302995 0
5094 -1.653208996041752 0.217012072567499 0
5095 2.029273026655803 0.3094615174735578 0
5096 0.1973684378117768 0.7818273009018349 0
5097 0.2100795440716011 0.7964343653479448 0
5098 2.351826919894821 0.9639533775250765 0
5099 -0.7013750944223179 0.9006894094105096 0
5100 -0.7293507494305194 0.8723169513385144 0
5101 -0.6899962694003041 0.8590880798902643 0
5102 2.380531047409294 0.7435617698286117 0
5103 -0.05698246534439219 0.8300859862130633 0
5104 3.435003278733788 0.05175493216955725 0
5105 3.269667257134561 0.03791817838439007 0
5106 0.2942746515456955 0.9293403260385207 0
5107 3.327093104296225 0.3483727910019504 0
5108 -1.756861050193586 0.4942946019593306 0
5109 -0.1081044614252082 0.8995075235582649 0
5110 -0.1197879090427295 0.8955564938467369 0
5111 -0.6309482189282241 0.8843816139852047 0
5112 -0.6552222071157656 0.8586896579985461 0
5113 -1.464190410357356 0.3146165306874533 0
5114 0.8301776600487988 0.2584882696073239 0
5115 1.862060572090815 0.9660206598641192 0
5116 4.60782769572999 0.6806838564283979 0
5117 4.646279420778529 0.7089858995724301 0
5118 -0.7460448203891634 0.603337715698937 0
5119 4.202055041794323 0.965627539367985 0
5120 4.3410446607678 0.5729259616072171 0
5121 -1.183458035883649 0.618192102909364 0
5122 -1.140117692546641 0.614892513648313 0
5123 -1.165597651245319 0.6574141603996211 0
5124 2.674164884589982 0.2283771404484524 0
5125 -0.1282491808129187 0.8397886587948493 0
5126 2.723094024227317 0.1021305938771768 0
5127 2.668439769505222 0.1068949700262659 0
5128 0.8435933956580355 0.7022060793869621 0
5129 -0.4803261323716161 0.6637954845640621 0
5130 -1.812852131134346 0.8880896467670105 0
5131 -0.05022417171546577 0.7025665215505456 0
5132 -0.06553270223072338 0.6886693222193692 0
5133 -1.047381756024543 0.398990509840116 0
5134 -1.098809893222368 0.388791035602836 0
5135 1.866281464295726 0.8918777076982245 0
5136 -0.6745524175193474 0.4682588863757536 0
5137 -0.6234653988192573 0.4921123457760652 0
5138 1.822316204472036 0.9620775841798288 0
5139 -0.515560864668288 0.6482486607633096 0
5140 0.2273532639975965 0.5927341156331694 0
5141 0.2223113182229697 0.5671457785110537 0
5142 0.2505315853417597 0.5783468685685618 0
5143 2.127494904568197 0.4800626450199811 0
5144 3.772761438506123 0.5064361465718595 0
5145 3.830289409532642 0.4975338544118124 0
5146 2.590661081324011 0.5066229214250551 0
5147 2.648051492543445 0.497767329398912 0
5148 2.026374559744919 0.8918993002157909 0
5149 0.1024673814732787 0.8118665894389034 0
5150 0.1017514901209123 0.7965781261734988 0
5151 -1.136311922971746 0.3914676381740572 0
5152 -1.188012072938708 0.4061711473123508 0
5153 2.174999999995708 0.02503384755673243 0
5154 -0.8263809519554386 0.2319585436379598 0
5155 -0.8179056856607705 0.2834016023015991 0
5156 1.912978156726922 0.7455327282468091 0
5157 0.8597554095894038 0.6179348927553471 0
5158 -2.64757950833637 0.7143635581599617 0
5159 -2.606417753060874 0.6862635052895236 0
5160 -2.459336479270272 0.7472579522627105 0
5161 3.153574440395523 0.2949966362921269 0
5162 3.772035948694324 0.627323253723113 0
5163 -0.2402154291149602 0.7954540811641422 0
5164 -0.2301971833693254 0.8062698239699007 0
5165 -0.3593064011878431 0.8700537404835023 0
5166 -0.3540350707510166 0.850847486896143 0
5167 3.185916404110309 0.6264976873839357 0
5168 2.59192475140933 0.6274128398298229 0
5169 2.088707147590956 0.7935725084152938 0
5170 2.076958253542908 0.8451571314862145 0
5171 -0.1378956172015124 0.9503369830222028 0
5172 -0.1274228942801048 0.9458504502796459 0
5173 -1.351605546716694 0.5932404335131563 0
5174 4.473055587954864 0.03157876020815959 0
5175 -0.9739319045364503 0.8556879896151198 0
5176 1.819420419282822 0.6518272352815192 0
5177 1.848933126368222 0.6890968361191213 0
5178 4.022796342080655 0.03865346550407034 0
5179 4.00973797523257 0.09622173477738502 0
5180 4.84022044878228 0.5964159002795559 0
5181 2.456253107261219 0.2100370582367881 0
5182 -1.990237535843632 0.4231316343217246 0
5183 -1.101480660391165 0.5800143870318386 0
5184 1.727480026543814 0.6642918928982793 0
5185 1.253927203427967 0.5088111054656635 0
5186 1.243226572713144 0.5553289052632011 0
5187 2.225495412244962 0.5597562415668064 0
5188 2.258722701544952 0.607187636693193 0
5189 -2.474923962551145 0.02877727484968066 0
5190 -1.930425228125696 0.3139741297132188 0
5191 4.346494724578299 0.2548781674212347 0
5192 4.382767323768665 0.2845105027052742 0
5193 4.332468723928288 0.2854794434081419 0
5194 -2.839629011503283 0.596532762578146 0
5195 -0.2175564738972856 0.8703083918640724 0
5196 -0.230479563924219 0.8748052280746828 0
5197 -0.1929901901363567 0.4702325042587173 0
5198 -0.1605375291078457 0.4756762966046631 0
5199 0.6532884268528285 0.8106361032292215 0
5200 0.09285246001169642 0.9907489245378097 0
5201 0.04090653036899915 0.7367651358322991 0
5202 0.8504257813540872 0.2966510750501743 0
5203 0.8016479012991725 0.2886883764617821 0
5204 -0.1522485463226103 0.8996421683731342 0
5205 -0.1583237012819412 0.9078130327640238 0
5206 -0.1650556956741643 0.8985068685511906 0
5207 -0.1531235223018607 0.9161777649080112 0
5208 -0.1659306716534147 0.9150424650860676 0
5209 -0.05503035259645099 0.9927312511751261 0
5210 -0.04886297115870459 0.9833268516847473 0
5211 -0.09911641586421951 0.9065744115368062 0
5212 -0.3378797796848178 0.9414918631970366 0
5213 -0.3172335946019209 0.9287323475660667 0
5214 -2.241935495257465 0.7912313701979115 0
5215 0.08941530449198053 0.8150028623549812 0
5216 0.2941330700431848 0.9004334919280575 0
5217 -1.815949236287874 0.7996493214255926 0
5218 -1.772442610217979 0.7803368990933961 0
5219 -0.4135774653268743 0.7796954739093622 0
5220 2.801205035803831 0.08635650896152819 0
5221 2.774752741190817 0.0350885925509728 0
5222 1.356637680839019 0.9279773047896429 0
5223 1.375550475251707 0.9681970337207682 0
5224 0.6301245089717691 0.4091245782004829 0
5225 -0.1787639015782 0.8120666349269405 0
5226 -0.1758094646096165 0.8004356317016253 0
5227 -0.1685239338405394 0.2021065845022615 0
5228 0.8616065225857195 0.3455194050496619 0
5229 -0.1335887921640529 0.4587414528542892 0
5230 0.06464193589516938 0.5904957975173803 0
5231 0.07088161819572157 0.5626151100110997 0
5232 -2.462435369088518 0.4522108818884113 0
5233 0.02266128211097696 0.8609397467302147 0
5234 0.02714572825546786 0.8710774339100978 0
5235 2.737111699529436 0.4450370650016729 0
5236 0.1238617707447308 0.908267894346117 0
5237 0.1193899318381146 0.920961151629385 0
5238 4.335170910781569 0.9721896704001592 0
5239 0.136319635950193 0.8858465325133951 0
5240 0.129165409628801 0.8972673914365585 0
5241 -0.7460426134232162 0.9569591404293798 0
5242 -0.7118615853734003 0.9277023210004582 0
5243 0.2627256708500101 0.8018646522345765 0
5244 -0.7799709049302836 0.2902698183367982 0
5245 -0.8127185876049993 0.3251123784545675 0
5246 3.9166464410647 0.4424920392552074 0
5247 -0.5705972626025098 0.7745811779050775 0
5248 -0.6021589232514015 0.7647347726248518 0
5249 2.62009848646857 0.0398529687000619 0
5250 3.79769599737616 0.7182654716907935 0
5251 3.84287480402707 0.7093103171918345 0
5252 3.333499697980964 0.4458309089208049 0
5253 3.331949001946771 0.394834853006486 0
5254 3.208218950706544 0.7175912677676388 0
5255 2.61462828288098 0.7164083453250824 0
5256 2.660700950488911 0.7093592624617604 0
5257 3.752282321643271 0.4263435175176417 0
5258 3.701697349233534 0.4233411919511654 0
5259 -2.321475267162289 0.9349994893197695 0
5260 -0.006114636181340147 0.993770854219892 0
5261 0.0310979867995461 0.9928321375184647 0
5262 0.1320554947289137 0.9269923119207721 0
5263 0.1368829259252363 0.9145353176931517 0
5264 3.868292210816089 0.6857624483702236 0
5265 3.88992741312698 0.7160055351547963 0
5266 -0.09223749855852043 0.9899646764978212 0
5267 -0.08000822619584129 0.9899646764978212 0
5268 0.08716922487168768 0.7964480326432712 0
5269 2.686137763045515 0.6858637929092275 0
5270 2.707595237404998 0.7163394214638921 0
5271 0.03706271281818765 0.5866306044210003 0
5272 2.975348269021873 0.03074305361806843 0
5273 2.569951706615819 0.4263726400433481 0
5274 2.51917296142619 0.4234528064197939 0
5275 -0.2518997792259011 0.7765338752233237 0
5276 -0.2668802896269108 0.7596482091139229 0
5277 -0.1119135956536579 0.9120488234021341 0
5278 -0.0001125479463378563 0.214897790567693 0
5279 1.513718435253145 0.8267681787192652 0
5280 1.118444611616181 0.4529846111391333 0
5281 1.133629187665066 0.4034780654227507 0
5282 1.886739430905158 0.718883132479628 0
5283 1.837011141850163 0.7292831866723697 0
5284 -0.3203057125849368 0.6103579530541904 0
5285 -0.3482901575355657 0.616031963525309 0
5286 0.09876597815147249 0.9788030068495306 0
5287 3.871302511704319 0.07449457561419839 0
5288 0.7251875435993586 0.02624441659337487 0
5289 -0.5718182647083625 0.9068869677463386 0
5290 -1.975000000002041 0.02555484069550158 0
5291 -1.185460980607241 0.7098576303333594 0
5292 -1.142120637270233 0.7065580410723085 0
5293 0.2962979441463461 0.8509434947006782 0
5294 0.3066164069837554 0.8677396032609905 0
5295 -0.09724843777389101 0.6200622687589932 0
5296 3.286525719161318 0.3831731752216426 0
5297 -2.746462785648555 0.2917065227321606 0
5298 0.5587708873280588 0.7208254992303869 0
5299 0.5254214995654765 0.7460764474629719 0
5300 -1.85579386298578 0.8054222389722159 0
5301 -1.844935948009427 0.7596763594829161 0
5302 4.745892775925463 0.2936892211839683 0
5303 0.0199808668623866 0.8768480886129794 0
5304 1.280294361209517 0.3456897179494299 0
5305 1.251799812003645 0.3850363344009987 0
5306 1.232787781283602 0.3404587315456978 0
5307 -1.872193190665204 0.7283289847293717 0
5308 -1.910805144238979 0.7290987230211956 0
5309 -1.923659445497491 0.7687084997137872 0
5310 -0.2284542116922327 0.9901357757802598 0
5311 -0.2089425999727911 0.9675186254281043 0
5312 2.598430327124214 0.1024844407184201 0
5313 2.634607022449491 0.125676066990961 0
5314 2.592840376632918 0.1484545703092573 0
5315 2.662849819013926 0.1528650996171031 0
5316 2.055390939947178 0.9228702618007402 0
5317 1.373891164881898 0.02715140195481199 0
5318 -0.5466977069668286 0.6382324846518929 0
5319 1.222522792994275 0.4869076422737058 0
5320 0.3093776970868325 0.9010333250187441 0
5321 0.317822811826893 0.8838902065725089 0
5322 -1.232447484373559 0.8883550169602357 0
5323 -1.268997988337419 0.865443918378727 0
5324 -1.308475240078322 0.8828336962154084 0
5325 -1.302645949979342 0.8342781283854324 0
5326 1.699150182171278 0.8618920990828973 0
5327 1.669468451044701 0.8829086154012546 0
5328 1.669468507224501 0.8367015341842731 0
5329 1.728831324378052 0.8367010794977723 0
5330 1.728831268198253 0.8829081607147539 0
5331 4.575538286152431 0.9652980907115348 0
5332 -0.9170215055305724 0.5734348556951497 0
5333 -0.8863381602329488 0.5497054438317502 0
5334 -0.04838029556374465 0.9722815843415662 0
5335 -0.2747496366344138 0.8968603030779962 0
5336 -0.2763600801557015 0.7444045181034306 0
5337 0.262719612102443 0.727070823191995 0
5338 -0.06879112262395808 0.193242971158246 0
5339 -0.1069452322793225 0.1679584302238963 0
5340 1.780445958522973 0.6631745284179523 0
5341 2.265195831269602 0.4228723790392832 0
5342 2.212355977315833 0.419785049263719 0
5343 -0.4099753800858388 0.7572753738851035 0
5344 2.076175472027801 0.2967400797317265 0
5345 2.062980095434217 0.3432345325082375 0
5346 -0.4032440689482814 0.7337626923432643 0
5347 1.349482193037941 0.888337240397067 0
5348 1.38966020485845 0.8967540030489604 0
5349 -1.11111698424695 0.7758000149040785 0
5350 -1.120523004331994 0.7392029837147669 0
5351 1.179967591636291 0.4843711963110138 0
5352 1.195121655360879 0.4445248279272908 0
5353 0.04432325522418355 0.5593698287789819 0
5354 -0.1727839587720418 0.7895262861208634 0
5355 -1.517131550545789 0.9234305882818943 0
5356 -1.50993347056936 0.9740038462526778 0
5357 -1.186572171129318 0.4562526186600839 0
5358 -1.135289520513109 0.462740994799504 0
5359 -1.219875958574323 0.4337559447227386 0
5360 3.935323891968688 0.7257989133585713 0
5361 1.424816890686249 0.9681970337207682 0
5362 1.437413211662212 0.9208449619275419 0
5363 3.350549496541776 0.7216858317758599 0
5364 2.118143311245603 0.2912502389831437 0
5365 2.660120842046596 0.9600104151216636 0
5366 3.890522560540072 0.9614776355596463 0
5367 4.23033853149743 0.03364590808524155 0
5368 -0.3711583031715998 0.839719002333931 0
5369 -0.3956815520353733 0.8460995372065141 0
5370 2.753450212214585 0.7249933300075035 0
5371 2.580951037933944 0.4618381459690928 0
5372 -1.042646345787714 0.4523189497244448 0
5373 4.640658979770194 0.9673048030849674 0
5374 -1.461437096456089 0.9205924892341725 0
5375 -2.578965909752768 0.9661953847252751 0
5376 -1.840524789150766 0.924004697477928 0
5377 0.7935540568159849 0.3519641584308789 0
5378 0.8272015796141245 0.3731743000412118 0
5379 0.8669120795953831 0.3918425231862411 0
5380 2.175891190987548 0.4243725052174003 0
5381 2.128558523290946 0.4347838420783873 0
5382 -1.253321656714734 0.460826720506283 0
5383 -1.254761558524124 0.41074524915855 0
5384 1.458054307840291 0.3939403877347954 0
5385 1.47858359376557 0.439748104977519 0
5386 1.432425729958999 0.4259297430415979 0
5387 4.972833524309571 0.9225038993523571 0
5388 4.922459998071467 0.9193146563245806 0
5389 4.428693728042917 0.5217903629927964 0
5390 4.373446276228522 0.5065324454518941 0
5391 0.3072967937749267 0.9160214805555386 0
5392 0.01028034672592203 0.8595460610901007 0
5393 2.095084169718337 0.6195635951357816 0
5394 3.763251803341786 0.4617495574231385 0
5395 -2.643089350968085 0.9676055000372878 0
5396 4.897702242283763 0.05229775771616478 0
5397 4.870298433694284 0.02938938408775273 0
5398 0.05404566788494372 0.3137930312781556 0
5399 0.1023117124366512 0.9300077338914825 0
5400 4.92050119013915 0.07949880986077279 0
5401 4.972798947855312 0.07720105214451535 0
5402 4.922798947855235 0.02720105214460802 0
5403 -2.926624365823313 0.9749999999998958 0
5404 -2.923457383565622 0.9229727925084212 0
5405 -0.8764552101705425 0.6412359024466174 0
5406 -0.9059365446252552 0.6101274739941454 0
5407 4.92356710887503 0.9725038993524888 0
5408 4.871688049190838 0.9706586060593398 0
5409 4.893787988934951 0.9431625054118287 0
5410 -1.097787490763732 0.4600643922282828 0
5411 3.85190899560941 0.6508102385985213 0
5412 2.671156304979772 0.6501029128861948 0
5413 -0.2914895981391968 0.8922896766824717 0
5414 -2.364776343655001 0.2044805972734742 0
5415 0.09204440827382532 0.9476477287080827 0
5416 0.1019548666976971 0.9416080565864317 0
5417 3.77907009879207 0.6639188070292261 0
5418 2.5980664798461 0.6642623258611112 0
5419 3.191747608084118 0.6632059713631135 0
5420 0.08707332570692636 0.8941754930239862 0
5421 -0.1138798864807124 0.6014242781620174 0
5422 -0.3542115892628041 0.9299340464172408 0
5423 -2.972993322229681 0.07700667777089867 0
5424 -2.922760079038211 0.08028346806171664 0
5425 -0.3539267496791408 0.1902899560246344 0
5426 -0.3108580318963595 0.2132432910067924 0
5427 -2.486724374659269 0.3309997851756825 0
5428 0.06774294153681895 0.904316793668442 0
5429 0.07761000683120194 0.9095002697905259 0
5430 0.05822732666087602 0.8979455753696541 0
5431 0.2254626346090959 0.9277090904050971 0
5432 0.2212382443402607 0.9384115634901934 0
5433 0.212082184131119 0.9294037589614957 0
5434 -2.299257944692362 0.4209105848307022 0
5435 -2.345580055601033 0.4215641772314812 0
5436 -0.7692365964065537 0.8826873093365799 0
5437 -0.7703240815600081 0.9260145261036683 0
5438 -0.7988311035140285 0.8947835545814884 0
5439 -0.01192891355587238 0.8818145045029293 0
5440 -0.0008670982360229409 0.877619156392514 0
5441 -2.340923323713979 0.5807600008444254 0
5442 0.7257743589208451 0.7642824127535746 0
5443 3.864342322780907 0.8727027157932209 0
5444 -2.975541455274437 0.9249999999996876 0
5445 -0.3927207445618254 0.8716060523670514 0
5446 -0.1830759144498597 0.907867409381178 0
5447 -0.1751869480803218 0.9187957336915186 0
5448 3.267062855558014 0.1016122723634718 0
5449 3.232063162738083 0.1202349400305311 0
5450 3.191378082002847 0.1297426220681554 0
5451 3.272744131269321 0.8666515034791221 0
5452 -2.871073926021872 0.0286950729251526 0
5453 -2.894067248250953 0.05570175069584329 0
5454 -2.922993322230281 0.02700667777069069 0
5455 2.6406051496069 0.8909211384407935 0
5456 2.682539555256344 0.8719278432914555 0
5457 -0.8314340417140935 0.9193957382966595 0
5458 0.08360491304698797 0.9412752280828937 0
5459 -0.04266281300403445 0.2250159328700258 0
5460 0.3075379559380516 0.8342871781672185 0
5461 -1.468056354131831 0.6802456463584576 0
5462 0.8546477940370181 0.6578154518372086 0
5463 4.09578754276581 0.165720904693331 0
5464 -0.121360902635159 0.07447228335910808 0
5465 -0.09577623861523554 0.1025541039196741 0
5466 3.897821139927248 0.09939626835539483 0
5467 3.907420606949387 0.893419512194827 0
5468 -0.2618345261256349 0.601500409029768 0
5469 -0.2627033721299814 0.5717868523703864 0
5470 4.008374735240049 0.1301064935795531 0
5471 4.023073094534983 0.1732867063667146 0
5472 -1.461016381118478 0.9740038462526778 0
5473 -1.352630963385555 0.8898287514670242 0
5474 0.1171816345018324 0.5486522466118479 0
5475 0.1322967733525329 0.5666723184209403 0
5476 0.2709251266209069 0.5660500233774667 0
5477 0.2759670723955338 0.5916383604995823 0
5478 -0.001327286178331151 0.8604344709260928 0
5479 0.004298394360124951 0.8697635008573942 0
5480 -2.295219263810866 0.4762163560406345 0
5481 0.3508639404436719 0.8645491770012601 0
5482 -0.5650276861150565 0.8087366590291498 0
5483 -2.427877966198717 0.7096672007172216 0
5484 0.3829006055236848 0.9180079520798334 0
5485 0.3945186237146424 0.9369485287847088 0
5486 3.910674703071539 0.9317158331033565 0
5487 3.936291002971541 0.9702381975437102 0
5488 3.130980810563229 0.4301129814427996 0
5489 3.094851197526065 0.3891101447028519 0
5490 2.805889905000198 0.1239312372741012 0
5491 4.336669120529311 0.5015038603790702 0
5492 -2.804852392036178 0.6127709515701338 0
5493 -2.803498208031036 0.5664941999035892 0
5494 -0.06725962495913014 0.9927312511751261 0
5495 4.60904563125467 0.9542724006109284 0
5496 -0.1766705282500685 0.898481133883455 0
5497 -0.006542506571177227 0.8515684124657579 0
5498 -0.01745737354745849 0.8217674113146902 0
5499 -0.1039488150827764 0.9931624329873937 0
5500 4.80923894013384 0.6144263919321722 0
5501 4.808708864582576 0.5684527580334167 0
5502 -0.6358469952478425 0.6641070784021459 0
5503 -0.638362676568438 0.7063675484918275 0
5504 0.4287617081311648 0.9128717851258039 0
5505 0.4156943181630396 0.8980389563962665 0
5506 -2.781166081970581 0.3110948091345345 0
5507 0.3396575356005342 0.8483985736897417 0
5508 0.3282252454555576 0.8661844734422364 0
5509 4.780480719445615 0.3129476384139013 0
5510 -0.5411299036905188 0.778551777414608 0
5511 3.307547996934262 0.09673607900397875 0
5512 -0.2235607482535837 0.9790241045303889 0
5513 1.226763235543244 0.3055317395081805 0
5514 1.194145589775071 0.2784312747546367 0
5515 4.775240475639421 0.6895254418234358 0
5516 4.79954013719926 0.646311781255505 0
5517 1.235943920117351 0.6937434754489769 0
5518 4.643835934501201 0.9215772036958958 0
5519 0.1962723894775716 0.88355860934755 0
5520 0.2065924854567272 0.8860322347067602 0
5521 -0.7027314205784778 0.6169432779627406 0
5522 0.1974265304966378 0.5553593858032808 0
5523 -2.798118451877029 0.6454059284900466 0
5524 -2.774221246746871 0.6881718316063536 0
5525 1.198268686337371 0.3448783559597492 0
5526 -2.339619292409831 0.9732854698251246 0
5527 3.859464450176332 0.1023296702813455 0
5528 3.826161998748019 0.1214856195722467 0
5529 3.777607945151156 0.1322136514098603 0
5530 -0.02586366020029173 0.8991628777741854 0
5531 -0.02883872370072349 0.8899660290652167 0
5532 -0.670403457478584 0.6424123728707707 0
5533 -0.02440579946895384 0.9843664547295132 0
5534 -0.01834390854402044 0.993770854219892 0
5535 0.3206686898649636 0.8152876474978827 0
5536 -2.611676766709081 0.9547767162692107 0
5537 -0.3119835191597614 0.5889584149335867 0
5538 -0.2913359501013046 0.6085094816446118 0
5539 -1.309239241591342 0.6255937822137523 0
5540 1.828112948823465 0.771306598722362 0
5541 3.985557418406083 0.9702381975437102 0
5542 0.4401089046560162 0.9252470125190984 0
5543 0.4151672651116028 0.9280166529772345 0
5544 -0.01252445893697431 0.8617858522330515 0
5545 -0.1530564578245522 0.992286574605774 0
5546 -0.1479332756539691 0.9827362502175166 0
5547 0.6975879256861964 0.5660278919479942 0
5548 -0.823783326411434 0.9690553856742884 0
5549 -0.775637120530691 0.9690553856742884 0
5550 -0.02075781268880205 0.8828459365689473 0
5551 -0.01613813767705791 0.8716833427594042 0
5552 1.416460454125362 0.4662039429393521 0
5553 -2.646102833286155 0.9223822163064985 0
5554 1.165604606536383 0.6764452429903802 0
5555 -0.06646843664969915 0.8832913523744509 0
5556 0.2132001222471276 0.9481467796172046 0
5557 2.727778893423683 0.1397053221897498 0
5558 2.70095996822713 0.1679397050562432 0
5559 2.105974633745166 0.8761280930711638 0
5560 0.2965502413087272 0.5505095517059723 0
5561 0.2478844225304467 0.8963506364172529 0
5562 0.2352624841856458 0.903208984886301 0
5563 -0.6318490350289888 0.7870769056797322 0
5564 -0.6395129132533428 0.7470456187849647 0
5565 -2.465480983711597 0.2794275400481724 0
5566 -2.42305956416811 0.2878380742033623 0
5567 4.393730444284303 0.6677642897069067 0
5568 0.02499162163288194 0.7744978183478698 0
5569 -2.434956514579429 0.429010460785348 0
5570 -2.435341503570755 0.4750772717298588 0
5571 -2.386784269476132 0.4222730410204255 0
5572 0.01629388382623729 0.7826493472920554 0
5573 -0.3942799232139533 0.6530057942162412 0
5574 -0.3741056463587859 0.6325140969515515 0
5575 -1.613803926006396 0.777331190268777 0
5576 -1.626983716049118 0.7385263572888688 0
5577 1.874422374544116 0.03116925056612824 0
5578 1.889393286914768 0.07849371235973229 0
5579 0.0470027548456219 0.7221841473080772 0
5580 4.808378615087251 0.3500886052639674 0
5581 -0.02432180812005737 0.9752130994071758 0
5582 2.066789464353318 0.8849908218223187 0
5583 0.01074053466823024 0.8767307465565218 0
5584 4.820298433694207 0.02938938408775273 0
5585 -0.1481858323931871 0.9736066756954815 0
5586 0.1369711085069771 0.5913737331739468 0
5587 3.279819655647953 0.07096016340928706 0
5588 4.822421633756296 0.9706586060593398 0
5589 -1.214043872815683 0.9691575271825457 0
5590 1.617663458802789 0.8881260326864289 0
5591 1.778097703579896 0.8909361547446433 0
5592 -2.808958799698138 0.3486921755949344 0
5593 -0.1145626888594651 0.9323377998615915 0
5594 -0.1214114450584736 0.9384109944690804 0
5595 -0.1309097268033802 0.9344315860016046 0
5596 -1.675000000003398 0.02910870566319966 0
5597 -2.821073926022359 0.0286950729251526 0
5598 -1.36470571601794 0.773168000109563 0
5599 1.14400879762598 0.4745245257874324 0
5600 2.565137190103318 0.9699779792284415 0
5601 2.61440360553786 0.9699779792284415 0
5602 4.972833524309571 0.9725038993524888 0
5603 -0.1328788698209407 0.1065490959732944 0
5604 -0.1401193303748039 0.1456301135683754 0
5605 -0.2931442274883861 0.5671540242096609 0
5606 -0.03119991899274093 0.8222438707047017 0
5607 -0.04067004126987302 0.8207254520778169 0
5608 -2.975541455274437 0.9749999999998958 0
5609 0.3211827393284917 0.6444639966294157 0
5610 4.467098486231244 0.2760226895001736 0
5611 4.972798947855312 0.02720105214460802 0
5612 0.1487088410075239 0.8925393078084554 0
5613 -2.972993322229681 0.02700667777069069 0
5614 1.503863150359605 0.7807182341100429 0
5615 1.545203261364891 0.7940410573960852 0
5616 -0.1408256967407683 0.9011030042603023 0
5617 -0.3756659279718887 0.8811374235638225 0
5618 -1.231965122153142 0.9261572702868972 0
5619 2.574999999996315 0.02614000232064265 0
5620 2.524999999996239 0.02614000232064265 0
5621 0.1953691227834807 0.8719912500866966 0
5622 1.584487773674641 0.8125756553013801 0
5623 1.574632488781101 0.7665257106921578 0
5624 0.1421865648093065 0.9035348147835932 0
5625 2.685607827088212 0.4770122414570016 0
5626 0.4177028613765751 0.6050439541001942 0
5627 -1.990794154826929 0.4895388765157324 0
5628 0.6483321302232248 0.7729876352255599 0
5629 -1.006356527224463 0.8861732347861608 0
5630 0.6797939089357683 0.7413812225628014 0
5631 4.418645610938378 0.2807044357914744 0
5632 3.865626060636739 0.4751407092514109 0
5633 -1.955642883159162 0.4903268136016871 0
5634 -1.906680451028756 0.4773525475535815 0
5635 -0.215118522626991 0.851940115301322 0
5636 -0.6725071053431848 0.9144734495522081 0
5637 2.639312388442476 0.9299883943501051 0
5638 2.594887913098164 0.9008887025475714 0
5639 2.068504808205629 0.5801517572166123 0
5640 -0.2212333957249139 0.966398339116206 0
5641 -2.338829007898836 0.532982932024832 0
5642 -0.03572136960826083 0.970296740637056 0
5643 2.595098486468532 0.06599297102070455 0
5644 1.826537096676946 0.8879346320139341 0
5645 1.806951803502078 0.8547156183989197 0
5646 1.597422661178178 0.8489045262539689 0
5647 0.2300306922180148 0.9154624668010397 0
5648 0.06244717737305292 0.721301849664632 0
5649 -2.314589516513806 0.5059762399268948 0
5650 -2.344824474014408 0.4802190069351671 0
5651 -2.386028687889507 0.4809278707241114 0
5652 0.2206048518408009 0.540972138738673 0
5653 0.04848363484464677 0.9033817170797892 0
5654 0.1332340678325798 0.9061869398531668 0
5655 -0.2955564563997571 0.7388478424891564 0
5656 -0.1680528178862803 0.7216583280937183 0
5657 -0.2115557360469183 0.920723199347915 0
5658 2.587323336538916 0.1995712485702317 0
5659 2.636054735376779 0.2133025350093122 0
5660 1.837427364373544 0.9280982440439479 0
5661 -0.1017954969072475 0.5759325089511026 0
5662 0.330149574539332 0.8310343394613822 0
5663 0.2215383663675852 0.9064478039616606 0
5664 -0.4861829275301683 0.3983575247163579 0
5665 1.220985044398297 0.4134333109436247 0
5666 -1.689016978004016 0.07547908659971651 0
5667 2.559557946432089 0.9241388723552911 0
5668 1.818399823929479 0.8176289050400289 0
5669 3.950906899317635 0.233475886823901 0
5670 0.08364259822431165 0.8062824638398909 0
5671 -0.04526690755350436 0.8276837964772623 0
5672 0.08727355782584029 0.9042101940576814 0
5673 -0.9625725117517953 0.9284243441670879 0
5674 -1.897363917943999 0.80323566157232 0
5675 -1.854479809280646 0.88131025162581 0
5676 3.773177234329038 0.1933577282202408 0
5677 -0.1493684095767002 0.9625584621998566 0
5678 -0.02135335806990398 0.8628172842990693 0
5679 0.2162429788350725 0.8969432321279435 0
5680 0.8261460329443905 0.6272773980193191 0
5681 0.3429684701203356 0.5830481739764943 0
5682 0.3160612045444132 0.5937009678129113 0
5683 0.3232678792506034 0.5686887214720704 0
5684 3.357668746999908 0.2346003870361717 0
5685 -0.6831978621239672 0.8303171999265508 0
5686 1.769960430832429 0.8206304277707381 0
5687 1.626851888594388 0.8213891795500415 0
5688 0.7804765156424257 0.3169203111849784 0
5689 0.3680064326315948 0.5813977695585395 0
5690 0.6730771467033184 0.4131544073200405 0
5691 0.7131561743989721 0.4119554147997035 0
5692 0.7280722696051003 0.3752072750229077 0
5693 -1.879008231065646 0.2565251357673389 0
5694 -0.2601932441785773 0.5327924899044474 0
5695 -0.3133557837815359 0.7310591463504634 0
5696 -0.3245747778673878 0.7160513079487748 0
5697 -0.1063336750034214 0.7217049267990916 0
5698 0.7521345498539497 0.3420332877112247 0
5699 -0.1139119138372091 0.9230539207858572 0
5700 -1.334323607130905 0.805125758479428 0
5701 -1.294846355390002 0.7877359806427466 0
5702 -0.1470069914581303 0.9423483158880017 0
5703 -0.1510623339557978 0.9358172241602231 0
5704 -0.1409765185226788 0.9353399500843915 0
5705 -0.1528811768468402 0.926108027793334 0
5706 -1.905508785211143 0.2914346441120339 0
5707 -0.5324284064791782 0.3988044924330248 0
5708 -1.896049864238865 0.8791236742259141 0
5709 -1.868377206222446 0.8432086235149965 0
5710 -0.6588134124351794 0.7996532649373389 0
5711 0.3254766234539303 0.7665246186982401 0
5712 0.4023183516058237 0.5747429987780799 0
5713 0.3150927487976339 0.6198209194873454 0
5714 -0.6525945279095653 0.9420714782749776 0
5715 -0.130743906062723 0.7040817782510851 0
5716 1.198514696211199 0.6596545053280027 0
5717 -0.642108036958483 0.9150585666850291 0
5718 -0.6110356414946044 0.9119796427079742 0
5719 -1.117206255744326 0.425991218678475 0
5720 -0.2728338429422384 0.5518309330560391 0
5721 1.305342190270845 0.3119820294427713 0
5722 -0.128518241382898 0.899119805679115 0
5723 0.4613819869964654 0.93257932030568 0
5724 0.4029302317037718 0.791374690237676 0
5725 -1.770222440215307 0.7452151556235221 0
5726 1.172304466919647 0.2080568984538713 0
5727 -1.910880272389405 0.4339003847765184 0
5728 -0.2255857567383451 0.9154379303763815 0
5729 -1.955086264175864 0.4239195714076793 0
5730 4.404619610288367 0.3113057117783815 0
5731 4.363330551262308 0.5441491641571088 0
5732 4.785455198657685 0.3831966077056107 0
5733 -0.6007893361842567 0.3151751841093263 0
5734 -2.78710611679931 0.3821332103144478 0
5735 1.1597296245817 0.2523946031908309 0
5736 -0.1584797838333181 0.9545697950656555 0
5737 -0.1479814326346314 0.9508142570980342 0
5738 0.6779794673459021 0.3370345288624957 0
5739 0.6479798104511425 0.3693075859691325 0
5740 -1.670756712409194 0.7179165863354088 0
5741 1.159492576702484 0.3723865484390846 0
5742 1.178429843040312 0.4108968649809327 0
5743 -0.9698852260960995 0.8913057506656668 0
5744 2.754190351581345 0.1077519134145186 0
5745 -1.832348563967299 0.7225560671827485 0
5746 -0.9301478890637825 0.897939098996047 0
5747 0.4240193888380771 0.8008017185875747 0
5748 2.633101747692658 0.6420341478758075 0
5749 3.226512780710044 0.6412326201822451 0
5750 3.814205451618432 0.6424716771011487 0
5751 0.3952751805397781 0.8982117397310327 0
5752 0.2953921579279017 0.6054614669829215 0
5753 -2.366658435186567 0.4511679868378511 0
5754 4.079416116723341 0.1378584488071272 0
5755 4.044229444170309 0.1111916898103088 0
5756 2.667127221171399 0.1867208020209383 0
5757 -0.4781637332369778 0.8807155344778141 0
5758 -0.1124438971202866 0.7026440296642485 0
5759 -1.794649129171245 0.7159868488095817 0
5760 -1.769127117256186 0.5327526549466668 0
5761 -0.1274045092109809 0.8896943641022591 0
5762 0.7149947284315412 0.3401634277770072 0
5763 4.059237630220256 0.1729389044986806 0
5764 -1.973679977723818 0.4563855380213588 0
5765 -0.1397703568531091 0.1789576272584112 0
$EndNodes
$Elements
2990
1 15 2 1 1 1
2 15 2 2 2 2
3 15 2 3 3 3
4 15 2 4 4 4
5 15 2 5 5 5
6 15 2 6 6 6
7 8 2 1 1 1 7 36
8 8 2 1 1 7 8 37
9 8 2 1 1 8 9 38
10 8 2 1 1 9 10 39
11 8 2 1 1 10 11 40
12 8 2 1 1 11 12 41
13 8 2 1 1 12 13 42
14 8 2 1 1 13 14 43
15 8 2 1 1 14 15 44
16 8 2 1 1 15 16 45
17 8 2 1 1 16 17 46
18 8 2 1 1 17 18 47
19 8 2 1 1 18 19 48
20 8 2 1 1 19 20 49
21 8 2 1 1 20 21 50
22 8 2 1 1 21 22 51
23 8 2 1 1 22 23 52
24 8 2 1 1 23 24 53
25 8 2 1 1 24 25 54
26 8 2 1 1 25 26 55
27 8 2 1 1 26 27 56
28 8 2 1 1 27 28 57
29 8 2 1 1 28 29 58
30 8 2 1 1 29 30 59
31 8 2 1 1 30 31 60
32 8 2 1 1 31 32 61
33 8 2 1 1 32 33 62
34 8 2 1 1 33 34 63
35 8 2 1 1 34 35 64
36 8 2 1 1 35 2 65
37 8 2 2 2 2 66 115
38 8 2 2 2 66 67 116
39 8 2 2 2 67 68 117
40 8 2 2 2 68 69 118
41 8 2 2 2 69 70 119
42 8 2 2 2 70 71 120
43 8 2 2 2 71 72 121
44 8 2 2 2 72 73 122
45 8 2 2 2 73 74 123
46 8 2 2 2 74 75 124
47 8 2 2 2 75 76 125
48 8 2 2 2 76 77 126
49 8 2 2 2 77 78 127
50 8 2 2 2 78 79 128
51 8 2 2 2 79 80 129
52 8 2 2 2 80 81 130
53 8 2 2 2 81 82 131
54 8 2 2 2 82 83 132
55 8 2 2 2 83 84 133
56 8 2 2 2 84 85 134
57 8 2 2 2 85 86 135
58 8 2 2 2 86 87 136
59 8 2 2 2 87 88 137
60 8 2 2 2 88 89 138
61 8 2 2 2 89 90 139
62 8 2 2 2 90 91 140
63 8 2 2 2 91 92 141
64 8 2 2 2 92 93 142
65 8 2 2 2 93 94 143
66 8 2 2 2 94 95 144
67 8 2 2 2 95 96 145
68 8 2 2 2 96 97 146
69 8 2 2 2 97 98 147
70 8 2 2 2 98 99 148
71 8 2 2 2 99 100 149
72 8 2 2 2 100 101 150
73 8 2 2 2 101 102 151
74 8 2 2 2 102 103 152
75 8 2 2 2 103 104 153
76 8 2 2 2 104 105 154
77 8 2 2 2 105 106 155
78 8 2 2 2 106 107 156
79 8 2 2 2 107 108 157
80 8 2 2 2 108 109 158
81 8 2 2 2 109 110 159
82 8 2 2 2 110 111 160
83 8 2 2 2 111 112 161
84 8 2 2 2 112 113 162
85 8 2 2 2 113 114 163
86 8 2 2 2 114 5 164
87 8 2 3 3 5 165 174
88 8 2 3 3 165 166 175
89 8 2 3 3 166 167 176
90 8 2 3 3 167 168 177
91 8 2 3 3 168 169 178
92 8 2 3 3 169 170 179
93 8 2 3 3 170 171 180
94 8 2 3 3 171 172 181
95 8 2 3 3 172 173 182
96 8 2 3 3 173 6 183
97 8 2 4 4 6 184 245
98 8 2 4 4 184 185 246
99 8 2 4 4 185 186 247
100 8 2 4 4 186 187 248
101 8 2 4 4 187 188 249
102 8 2 4 4 188 189 250
103 8 2 4 4 189 190 251
104 8 2 4 4 190 191 252
105 8 2 4 4 191 192 253
106 8 2 4 4 192 193 254
107 8 2 4 4 193 194 255
108 8 2 4 4 194 195 256
109 8 2 4 4 195 196 257
110 8 2 4 4 196 197 258
111 8 2 4 4 197 198 259
112 8 2 4 4 198 199 260
113 8 2 4 4 199 200 261
114 8 2 4 4 200 201 262
115 8 2 4 4 201 202 263
116 8 2 4 4 202 203 264
117 8 2 4 4 203 204 265
118 8 2 4 4 204 205 266
119 8 2 4 4 205 206 267
120 8 2 4 4 206 207 268
121 8 2 4 4 207 208 269
122 8 2 4 4 208 209 270
123 8 2 4 4 209 210 271
124 8 2 4 4 210 211 272
125 8 2 4 4 211 212 273
126 8 2 4 4 212 213 274
127 8 2 4 4 213 214 275
128 8 2 4 4 214 215 276
129 8 2 4 4 215 216 277
130 8 2 4 4 216 217 278
131 8 2 4 4 217 218 279
132 8 2 4 4 218 219 280
133 8 2 4 4 219 220 281
134 8 2 4 4 220 221 282
135 8 2 4 4 221 222 283
136 8 2 4 4 222 223 284
137 8 2 4 4 223 224 285
138 8 2 4 4 224 225 286
139 8 2 4 4 225 226 287
140 8 2 4 4 226 227 288
141 8 2 4 4 227 228 289
142 8 2 4 4 228 229 290
143 8 2 4 4 229 230 291
144 8 2 4 4 230 231 292
145 8 2 4 4 231 232 293
146 8 2 4 4 232 233 294
147 8 2 4 4 233 234 295
148 8 2 4 4 234 235 296
149 8 2 4 4 235 236 297
150 8 2 4 4 236 237 298
151 8 2 4 4 237 238 299
152 8 2 4 4 238 239 300
153 8 2 4 4 239 240 301
154 8 2 4 4 240 241 302
155 8 2 4 4 241 242 303
156 8 2 4 4 242 243 304
157 8 2 4 4 243 244 305
158 8 2 4 4 244 3 306
159 8 2 5 5 3 307 348
160 8 2 5 5 307 308 349
161 8 2 5 5 308 309 350
162 8 2 5 5 309 310 351
163 8 2 5 5 310 311 352
164 8 2 5 5 311 312 353
165 8 2 5 5 312 313 354
166 8 2 5 5 313 314 355
167 8 2 5 5 314 315 356
168 8 2 5 5 315 316 357
169 8 2 5 5 316 317 358
170 8 2 5 5 317 318 359
171 8 2 5 5 318 319 360
172 8 2 5 5 319 320 361
173 8 2 5 5 320 321 362
174 8 2 5 5 321 322 363
175 8 2 5 5 322 323 364
176 8 2 5 5 323 324 365
177 8 2 5 5 324 325 366
178 8 2 5 5 325 326 367
179 8 2 5 5 326 327 368
180 8 2 5 5 327 328 369
181 8 2 5 5 328 329 370
182 8 2 5 5 329 330 371
183 8 2 5 5 330 331 372
184 8 2 5 5 331 332 373
185 8 2 5 5 332 333 374
186 8 2 5 5 333 334 375
187 8 2 5 5 334 335 376
188 8 2 5 5 335 336 377
189 8 2 5 5 336 337 378
190 8 2 5 5 337 338 379
191 8 2 5 5 338 339 380
192 8 2 5 5 339 340 381
193 8 2 5 5 340 341 382
194 8 2 5 5 341 342 383
195 8 2 5 5 342 343 384
196 8 2 5 5 343 344 385
197 8 2 5 5 344 345 386
198 8 2 5 5 345 346 387
199 8 2 5 5 346 347 388
200 8 2 5 5 347 4 389
201 8 2 6 6 4 390 399
202 8 2 6 6 390 391 400
203 8 2 6 6 391 392 401
204 8 2 6 6 392 393 402
205 8 2 6 6 393 394 403
206 8 2 6 6 394 395 404
207 8 2 6 6 395 396 405
208 8 2 6 6 396 397 406
209 8 2 6 6 397 398 407
210 8 2 6 6 398 1 408
211 9 2 1 1 858 601 968 1698 1699 1700
212 9 2 1 1 656 541 1200 1701 1702 1703
213 9 2 1 1 541 656 1483 1701 1704 1705
214 9 2 1 1 639 782 848 1706 1707 1708
215 9 2 1 1 1368 449 1386 1709 1710 1711
216 9 2 1 1 747 106 1199 1712 1713 1714
217 9 2 1 1 705 1368 1386 1715 1711 1716
218 9 2 1 1 512 1009 1191 1717 1718 1719
219 9 2 1 1 24 25 760 54 1720 1721
220 9 2 1 1 572 714 1008 1722 1723 1724
221 9 2 1 1 437 783 880 1725 1726 1727
222 9 2 1 1 776 565 1028 1728 1729 1730
223 9 2 1 1 714 572 1121 1722 1731 1732
224 9 2 1 1 218 1054 1210 1733 1734 1735
225 9 2 1 1 775 567 1029 1736 1737 1738
226 9 2 1 1 774 569 1031 1739 1740 1741
227 9 2 1 1 96 97 811 146 1742 1743
228 9 2 1 1 587 746 1168 1744 1745 1746
229 9 2 1 1 346 347 980 388 1747 1748
230 9 2 1 1 1264 679 1397 1749 1750 1751
231 9 2 1 1 346 980 1140 1748 1752 1753
232 9 2 1 1 535 1378 1520 1754 1755 1756
233 9 2 1 1 333 334 969 375 1757 1758
234 9 2 1 1 616 766 1257 1759 1760 1761
235 9 2 1 1 742 577 1132 1762 1763 1764
236 9 2 1 1 494 742 1132 1765 1764 1766
237 9 2 1 1 584 741 1151 1767 1768 1769
238 9 2 1 1 1125 445 1181 1770 1771 1772
239 9 2 1 1 657 820 1295 1773 1774 1775
240 9 2 1 1 858 968 1470 1700 1776 1777
241 9 2 1 1 1018 556 1169 1778 1779 1780
242 9 2 1 1 680 229 1453 1781 1782 1783
243 9 2 1 1 410 786 826 1784 1785 1786
244 9 2 1 1 475 1071 1318 1787 1788 1789
245 9 2 1 1 564 751 1048 1790 1791 1792
246 9 2 1 1 432 938 1467 1793 1794 1795
247 9 2 1 1 566 753 1051 1796 1797 1798
248 9 2 1 1 969 334 1406 1757 1799 1800
249 9 2 1 1 1294 677 1634 1801 1802 1803
250 9 2 1 1 463 682 1269 1804 1805 1806
251 9 2 1 1 682 463 1092 1804 1807 1808
252 9 2 1 1 568 754 1052 1809 1810 1811
253 9 2 1 1 732 112 1136 1812 1813 1814
254 9 2 1 1 544 941 1116 1815 1816 1817
255 9 2 1 1 810 599 1057 1818 1819 1820
256 9 2 1 1 535 1010 1378 1821 1822 1754
257 9 2 1 1 528 877 910 1823 1824 1825
258 9 2 1 1 826 549 949 1826 1827 1828
259 9 2 1 1 1165 417 1184 1829 1830 1831
260 9 2 1 1 546 944 1115 1832 1833 1834
261 9 2 1 1 881 533 1063 1835 1836 1837
262 9 2 1 1 765 517 1548 1838 1839 1840
263 9 2 1 1 617 797 958 1841 1842 1843
264 9 2 1 1 29 30 771 59 1844 1845
265 9 2 1 1 32 33 799 62 1846 1847
266 9 2 1 1 685 931 1271 1848 1849 1850
267 9 2 1 1 892 1095 1407 1851 1852 1853
268 9 2 1 1 777 576 1073 1854 1855 1856
269 9 2 1 1 844 432 1467 1857 1795 1858
270 9 2 1 1 949 549 1188 1827 1859 1860
271 9 2 1 1 751 564 1117 1790 1861 1862
272 9 2 1 1 863 516 1208 1863 1864 1865
273 9 2 1 1 702 481 1219 1866 1867 1868
274 9 2 1 1 1257 766 1537 1760 1869 1870
275 9 2 1 1 9 738 1150 1871 1872 1873
276 9 2 1 1 96 811 1168 1743 1874 1875
277 9 2 1 1 639 848 1311 1708 1876 1877
278 9 2 1 1 824 605 1035 1878 1879 1880
279 9 2 1 1 1009 684 1191 1881 1882 1718
280 9 2 1 1 863 416 1025 1883 1884 1885
281 9 2 1 1 783 437 1157 1725 1886 1887
282 9 2 1 1 783 522 860 1888 1889 1890
283 9 2 1 1 523 783 860 1891 1890 1892
284 9 2 1 1 454 773 885 1893 1894 1895
285 9 2 1 1 711 863 1208 1896 1865 1897
286 9 2 1 1 705 802 1013 1898 1899 1900
287 9 2 1 1 1030 555 1176 1901 1902 1903
288 9 2 1 1 610 805 1002 1904 1905 1906
289 9 2 1 1 805 448 1002 1907 1908 1905
290 9 2 1 1 788 596 862 1909 1910 1911
291 9 2 1 1 861 28 1194 1912 1913 1914
292 9 2 1 1 934 556 1111 1915 1916 1917
293 9 2 1 1 801 435 1627 1918 1919 1920
294 9 2 1 1 698 409 1164 1921 1922 1923
295 9 2 1 1 700 1323 1565 1924 1925 1926
296 9 2 1 1 760 25 920 1720 1927 1928
297 9 2 1 1 487 820 1264 1929 1930 1931
298 9 2 1 1 1022 558 1162 1932 1933 1934
299 9 2 1 1 931 476 1271 1935 1936 1849
300 9 2 1 1 705 1013 1368 1900 1937 1715
301 9 2 1 1 848 474 1311 1938 1939 1876
302 9 2 1 1 593 1057 1243 1940 1941 1942
303 9 2 1 1 784 621 960 1943 1944 1945
304 9 2 1 1 763 506 1172 1946 1947 1948
305 9 2 1 1 1494 718 1497 1949 1950 1951
306 9 2 1 1 435 821 1627 1952 1953 1919
307 9 2 1 1 577 742 1112 1762 1954 1955
308 9 2 1 1 718 857 1497 1956 1957 1950
309 9 2 1 1 1071 475 1479 1787 1958 1959
310 9 2 1 1 815 609 1012 1960 1961 1962
311 9 2 1 1 452 815 1012 1963 1962 1964
312 9 2 1 1 1143 765 1548 1965 1840 1966
313 9 2 1 1 320 321 818 362 1967 1968
314 9 2 1 1 778 616 1257 1969 1761 1970
315 9 2 1 1 549 826 887 1826 1971 1972
316 9 2 1 1 102 103 808 152 1973 1974
317 9 2 1 1 524 823 967 1975 1976 1977
318 9 2 1 1 623 1018 1169 1978 1780 1979
319 9 2 1 1 681 479 1205 1980 1981 1982
320 9 2 1 1 783 1157 1541 1887 1983 1984
321 9 2 1 1 225 226 759 287 1985 1986
322 9 2 1 1 463 906 1334 1987 1988 1989
323 9 2 1 1 833 667 1371 1990 1991 1992
324 9 2 1 1 471 788 862 1993 1911 1994
325 9 2 1 1 512 680 890 1995 1996 1997
326 9 2 1 1 733 432 1017 1998 1999 2000
327 9 2 1 1 798 533 1003 2001 2002 2003
328 9 2 1 1 766 616 885 1759 2004 2005
329 9 2 1 1 1007 589 1015 2006 2007 2008
330 9 2 1 1 667 1007 1015 2009 2008 2010
331 9 2 1 1 533 947 1063 2011 2012 1836
332 9 2 1 1 732 585 1265 2013 2014 2015
333 9 2 1 1 433 1064 1338 2016 2017 2018
334 9 2 1 1 820 487 1295 1929 2019 1774
335 9 2 1 1 857 529 945 2020 2021 2022
336 9 2 1 1 848 782 1328 1707 2023 2024
337 9 2 1 1 983 700 1565 2025 1926 2026
338 9 2 1 1 1185 831 1341 2027 2028 2029
339 9 2 1 1 777 1073 1603 1856 2030 2031
340 9 2 1 1 887 548 900 2032 2033 2034
341 9 2 1 1 650 849 1474 2035 2036 2037
342 9 2 1 1 533 798 1556 2001 2038 2039
343 9 2 1 1 580 990 1182 2040 2041 2042
344 9 2 1 1 1163 470 1472 2043 2044 2045
345 9 2 1 1 565 739 956 2046 2047 2048
346 9 2 1 1 789 423 933 2049 2050 2051
347 9 2 1 1 633 789 933 2052 2051 2053
348 9 2 1 1 567 740 957 2054 2055 2056
349 9 2 1 1 884 109 1595 2057 2058 2059
350 9 2 1 1 831 439 1341 2060 2061 2028
351 9 2 1 1 455 812 1182 2062 2063 2064
352 9 2 1 1 812 618 1182 2065 2066 2063
353 9 2 1 1 508 717 886 2067 2068 2069
354 9 2 1 1 517 765 1321 1838 2070 2071
355 9 2 1 1 741 584 1118 1767 2072 2073
356 9 2 1 1 616 778 1608 1969 2074 2075
357 9 2 1 1 674 1036 1082 2076 2077 2078
358 9 2 1 1 835 513 1330 2079 2080 2081
359 9 2 1 1 112 732 1365 1812 2082 2083
360 9 2 1 1 481 713 1219 2084 2085 1867
361 9 2 1 1 27 28 861 57 1912 2086
362 9 2 1 1 790 424 934 2087 2088 2089
363 9 2 1 1 635 790 934 2090 2089 2091
364 9 2 1 1 717 508 1225 2067 2092 2093
365 9 2 1 1 574 1035 1096 2094 2095 2096
366 9 2 1 1 235 236 819 297 2097 2098
367 9 2 1 1 1264 820 1415 1930 2099 2100
368 9 2 1 1 791 425 936 2101 2102 2103
369 9 2 1 1 636 791 936 2104 2103 2105
370 9 2 1 1 724 964 1538 2106 2107 2108
371 9 2 1 1 729 418 1009 2109 2110 2111
372 9 2 1 1 563 730 1141 2112 2113 2114
373 9 2 1 1 417 807 1184 2115 2116 1830
374 9 2 1 1 1048 751 1531 1791 2117 2118
375 9 2 1 1 106 747 1345 1712 2119 2120
376 9 2 1 1 849 1362 1474 2121 2122 2036
377 9 2 1 1 316 317 762 358 2123 2124
378 9 2 1 1 753 566 1420 1796 2125 2126
379 9 2 1 1 585 732 1136 2013 1814 2127
380 9 2 1 1 457 974 1024 2128 2129 2130
381 9 2 1 1 754 568 1421 1809 2131 2132
382 9 2 1 1 209 893 1148 2133 2134 2135
383 9 2 1 1 822 678 1500 2136 2137 2138
384 9 2 1 1 637 927 1207 2139 2140 2141
385 9 2 1 1 432 844 904 1857 2142 2143
386 9 2 1 1 941 625 1116 2144 2145 1816
387 9 2 1 1 211 212 804 273 2146 2147
388 9 2 1 1 894 626 1213 2148 2149 2150
389 9 2 1 1 1051 753 1532 1797 2151 2152
390 9 2 1 1 409 698 894 1921 2153 2154
391 9 2 1 1 776 1028 1531 1730 2155 2156
392 9 2 1 1 944 628 1115 2157 2158 1833
393 9 2 1 1 892 679 1264 2159 1749 2160
394 9 2 1 1 457 1024 1200 2130 2161 2162
395 9 2 1 1 775 1029 1532 1738 2163 2164
396 9 2 1 1 608 761 1289 2165 2166 2167
397 9 2 1 1 774 1031 1533 1741 2168 2169
398 9 2 1 1 1052 754 1533 1810 2170 2171
399 9 2 1 1 452 779 1065 2172 2173 2174
400 9 2 1 1 735 578 1251 2175 2176 2177
401 9 2 1 1 1302 835 1330 2178 2081 2179
402 9 2 1 1 493 1446 1571 2180 2181 2182
403 9 2 1 1 75 76 810 125 2183 2184
404 9 2 1 1 231 817 1453 2185 2186 2187
405 9 2 1 1 590 743 1119 2188 2189 2190
406 9 2 1 1 489 1466 1577 2191 2192 2193
407 9 2 1 1 470 1069 1472 2194 2195 2044
408 9 2 1 1 994 18 1175 2196 2197 2198
409 9 2 1 1 635 934 1111 2091 1917 2199
410 9 2 1 1 1207 927 1603 2140 2200 2201
411 9 2 1 1 586 738 1262 2202 2203 2204
412 9 2 1 1 769 474 993 2205 2206 2207
413 9 2 1 1 1036 557 1082 2208 2209 2077
414 9 2 1 1 450 781 1067 2210 2211 2212
415 9 2 1 1 877 709 1369 2213 2214 2215
416 9 2 1 1 745 472 1216 2216 2217 2218
417 9 2 1 1 746 587 984 1744 2219 2220
418 9 2 1 1 414 865 1197 2221 2222 2223
419 9 2 1 1 863 1025 1433 1885 2224 2225
420 9 2 1 1 816 1114 1418 2226 2227 2228
421 9 2 1 1 588 749 1488 2229 2230 2231
422 9 2 1 1 1195 672 1268 2232 2233 2234
423 9 2 1 1 814 431 1032 2235 2236 2237
424 9 2 1 1 1064 709 1338 2238 2239 2017
425 9 2 1 1 1378 749 1520 2240 2241 1755
426 9 2 1 1 946 717 1225 2242 2093 2243
427 9 2 1 1 786 548 826 2244 2245 1785
428 9 2 1 1 618 952 971 2246 2247 2248
429 9 2 1 1 952 497 971 2249 2250 2247
430 9 2 1 1 562 761 1285 2251 2252 2253
431 9 2 1 1 927 243 1650 2254 2255 2256
432 9 2 1 1 872 189 1609 2257 2258 2259
433 9 2 1 1 514 839 1259 2260 2261 2262
434 9 2 1 1 342 882 1601 2263 2264 2265
435 9 2 1 1 929 489 1577 2266 2193 2267
436 9 2 1 1 581 1105 1401 2268 2269 2270
437 9 2 1 1 578 735 1158 2175 2271 2272
438 9 2 1 1 553 864 1023 2273 2274 2275
439 9 2 1 1 229 680 1058 1781 2276 2277
440 9 2 1 1 749 588 995 2229 2278 2279
441 9 2 1 1 838 616 1608 2280 2075 2281
442 9 2 1 1 989 418 1171 2282 2283 2284
443 9 2 1 1 796 457 1200 2285 2162 2286
444 9 2 1 1 785 448 1014 2287 2288 2289
445 9 2 1 1 476 877 1369 2290 2215 2291
446 9 2 1 1 880 783 1550 1726 2292 2293
447 9 2 1 1 230 231 1453 292 2187 2294
448 9 2 1 1 882 581 1401 2295 2270 2296
449 9 2 1 1 930 493 1571 2297 2182 2298
450 9 2 1 1 684 989 1216 2299 2300 2301
451 9 2 1 1 457 796 976 2285 2302 2303
452 9 2 1 1 799 33 1147 1846 2304 2305
453 9 2 1 1 530 942 1610 2306 2307 2308
454 9 2 1 1 618 812 1019 2065 2309 2310
455 9 2 1 1 549 831 1188 2311 2312 1859
456 9 2 1 1 624 1030 1176 2313 1903 2314
457 9 2 1 1 739 565 1039 2046 2315 2316
458 9 2 1 1 603 830 1278 2317 2318 2319
459 9 2 1 1 442 847 1015 2320 2321 2322
460 9 2 1 1 740 567 1041 2054 2323 2324
461 9 2 1 1 948 698 1164 2325 1923 2326
462 9 2 1 1 1606 766 1681 2327 2328 2329
463 9 2 1 1 876 574 1096 2330 2096 2331
464 9 2 1 1 747 595 1006 2332 2333 2334
465 9 2 1 1 738 9 1355 1871 2335 2336
466 9 2 1 1 484 1294 1634 2337 1803 2338
467 9 2 1 1 188 189 872 250 2257 2339
468 9 2 1 1 766 885 1681 2005 2340 2328
469 9 2 1 1 757 499 1222 2341 2342 2343
470 9 2 1 1 828 547 1312 2344 2345 2346
471 9 2 1 1 910 877 1349 1824 2347 2348
472 9 2 1 1 738 586 1150 2202 2349 1872
473 9 2 1 1 892 414 1095 2350 2351 1851
474 9 2 1 1 342 343 882 384 2352 2263
475 9 2 1 1 581 737 1249 2353 2354 2355
476 9 2 1 1 979 593 1243 2356 1942 2357
477 9 2 1 1 522 783 1541 1888 1984 2358
478 9 2 1 1 742 494 1379 1765 2359 2360
479 9 2 1 1 1054 671 1210 2361 2362 1734
480 9 2 1 1 1073 505 1603 2363 2364 2030
481 9 2 1 1 622 1022 1162 2365 1934 2366
482 9 2 1 1 108 109 884 158 2057 2367
483 9 2 1 1 858 550 1062 2368 2369 2370
484 9 2 1 1 682 762 1269 2371 2372 1805
485 9 2 1 1 440 836 1326 2373 2374 2375
486 9 2 1 1 790 635 1503 2090 2376 2377
487 9 2 1 1 608 757 1193 2378 2379 2380
488 9 2 1 1 948 1087 1350 2381 2382 2383
489 9 2 1 1 1179 748 1286 2384 2385 2386
490 9 2 1 1 610 1179 1286 2387 2386 2388
491 9 2 1 1 778 1257 1579 1970 2389 2390
492 9 2 1 1 734 431 846 2391 2392 2393
493 9 2 1 1 757 608 1348 2378 2394 2395
494 9 2 1 1 752 605 1174 2396 2397 2398
495 9 2 1 1 675 1165 1184 2399 1831 2400
496 9 2 1 1 1114 647 1418 2401 2402 2227
497 9 2 1 1 743 590 1248 2188 2403 2404
498 9 2 1 1 737 581 1173 2353 2405 2406
499 9 2 1 1 866 559 908 2407 2408 2409
500 9 2 1 1 565 776 1512 1728 2410 2411
501 9 2 1 1 567 775 1510 1736 2412 2413
502 9 2 1 1 890 729 1009 2414 2111 2415
503 9 2 1 1 558 867 907 2416 2417 2418
504 9 2 1 1 853 428 1093 2419 2420 2421
505 9 2 1 1 431 734 1607 2391 2422 2423
506 9 2 1 1 802 665 1084 2424 2425 2426
507 9 2 1 1 422 802 1084 2427 2426 2428
508 9 2 1 1 645 828 1049 2429 2430 2431
509 9 2 1 1 485 1048 1531 2432 2118 2433
510 9 2 1 1 877 528 1338 1823 2434 2435
511 9 2 1 1 576 777 1133 1854 2436 2437
512 9 2 1 1 868 556 905 2438 2439 2440
513 9 2 1 1 983 504 1201 2441 2442 2443
514 9 2 1 1 700 983 1201 2025 2443 2444
515 9 2 1 1 1019 812 1356 2309 2445 2446
516 9 2 1 1 555 869 903 2447 2448 2449
517 9 2 1 1 429 782 1283 2450 2451 2452
518 9 2 1 1 744 589 1153 2453 2454 2455
519 9 2 1 1 488 1051 1532 2456 2152 2457
520 9 2 1 1 764 681 1205 2458 1982 2459
521 9 2 1 1 819 501 1305 2460 2461 2462
522 9 2 1 1 816 668 1114 2463 2464 2226
523 9 2 1 1 427 910 1292 2465 2466 2467
524 9 2 1 1 910 710 1292 2468 2469 2466
525 9 2 1 1 605 752 1279 2396 2470 2471
526 9 2 1 1 678 822 1575 2136 2472 2473
527 9 2 1 1 589 744 1250 2453 2474 2475
528 9 2 1 1 750 505 1335 2476 2477 2478
529 9 2 1 1 418 729 883 2109 2479 2480
530 9 2 1 1 509 833 1371 2481 1992 2482
531 9 2 1 1 490 1052 1533 2483 2171 2484
532 9 2 1 1 1013 543 1368 2485 2486 1937
533 9 2 1 1 337 338 833 379 2487 2488
534 9 2 1 1 106 107 1199 156 2489 1713
535 9 2 1 1 792 612 1392 2490 2491 2492
536 9 2 1 1 720 973 1172 2493 2494 2495
537 9 2 1 1 85 981 1104 2496 2497 2498
538 9 2 1 1 227 228 891 289 2499 2500
539 9 2 1 1 806 526 1025 2501 2502 2503
540 9 2 1 1 1057 599 1241 1819 2504 2505
541 9 2 1 1 773 839 1681 2506 2507 2508
542 9 2 1 1 839 514 1681 2260 2509 2507
543 9 2 1 1 752 1277 1279 2510 2511 2470
544 9 2 1 1 680 512 1058 1995 2512 2276
545 9 2 1 1 554 830 1324 2513 2514 2515
546 9 2 1 1 591 909 1002 2516 2517 2518
547 9 2 1 1 909 610 1002 2519 1906 2517
548 9 2 1 1 479 681 1161 1980 2520 2521
549 9 2 1 1 1085 443 1137 2522 2523 2524
550 9 2 1 1 742 884 1595 2525 2059 2526
551 9 2 1 1 24 760 1145 1721 2527 2528
552 9 2 1 1 595 747 1199 2332 1714 2529
553 9 2 1 1 505 750 1207 2476 2530 2531
554 9 2 1 1 1277 498 1279 2532 2533 2511
555 9 2 1 1 528 965 1338 2534 2535 2434
556 9 2 1 1 761 562 1070 2251 2536 2537
557 9 2 1 1 473 850 1240 2538 2539 2540
558 9 2 1 1 208 209 1148 270 2135 2541
559 9 2 1 1 828 1312 1626 2346 2542 2543
560 9 2 1 1 416 863 1146 1883 2544 2545
561 9 2 1 1 771 30 998 1844 2546 2547
562 9 2 1 1 102 808 1170 1974 2548 2549
563 9 2 1 1 242 243 927 304 2254 2550
564 9 2 1 1 553 793 1638 2551 2552 2553
565 9 2 1 1 958 797 1247 1842 2554 2555
566 9 2 1 1 786 410 1282 1784 2556 2557
567 9 2 1 1 906 734 1334 2558 2559 1988
568 9 2 1 1 1194 771 1308 2560 2561 2562
569 9 2 1 1 435 801 1528 1918 2563 2564
570 9 2 1 1 1035 605 1281 1879 2565 2566
571 9 2 1 1 218 219 1054 280 2567 1733
572 9 2 1 1 569 893 1011 2568 2569 2570
573 9 2 1 1 893 604 1011 2571 2572 2569
574 9 2 1 1 1168 811 1586 1874 2573 2574
575 9 2 1 1 548 844 900 2575 2576 2033
576 9 2 1 1 614 1194 1308 2577 2562 2578
577 9 2 1 1 499 757 1348 2341 2395 2579
578 9 2 1 1 874 524 875 2580 2581 2582
579 9 2 1 1 575 874 875 2583 2582 2584
580 9 2 1 1 964 412 1538 2585 2586 2107
581 9 2 1 1 825 521 1020 2587 2588 2589
582 9 2 1 1 782 429 1211 2450 2590 2591
583 9 2 1 1 839 972 1259 2592 2593 2261
584 9 2 1 1 12 889 1616 2594 2595 2596
585 9 2 1 1 761 608 1408 2165 2597 2598
586 9 2 1 1 1016 460 1316 2599 2600 2601
587 9 2 1 1 1312 1016 1316 2602 2601 2603
588 9 2 1 1 557 878 898 2604 2605 2606
589 9 2 1 1 547 828 963 2344 2607 2608
590 9 2 1 1 828 461 963 2609 2610 2607
591 9 2 1 1 521 825 1098 2587 2611 2612
592 9 2 1 1 809 576 1133 2613 2437 2614
593 9 2 1 1 1272 692 1521 2615 2616 2617
594 9 2 1 1 650 846 849 2618 2619 2035
595 9 2 1 1 587 1168 1586 1746 2574 2620
596 9 2 1 1 442 803 988 2621 2622 2623
597 9 2 1 1 459 834 1134 2624 2625 2626
598 9 2 1 1 12 13 889 42 2627 2594
599 9 2 1 1 762 538 1269 2628 2629 2372
600 9 2 1 1 597 993 1538 2630 2631 2632
601 9 2 1 1 777 927 1650 2633 2256 2634
602 9 2 1 1 1049 828 1626 2430 2543 2635
603 9 2 1 1 805 693 970 2636 2637 2638
604 9 2 1 1 448 805 970 1907 2638 2639
605 9 2 1 1 800 443 1034 2640 2641 2642
606 9 2 1 1 1099 440 1326 2643 2375 2644
607 9 2 1 1 500 822 1500 2645 2138 2646
608 9 2 1 1 720 1172 1549 2495 2647 2648
609 9 2 1 1 409 894 1213 2154 2150 2649
610 9 2 1 1 689 815 966 2650 2651 2652
611 9 2 1 1 815 452 966 1963 2653 2651
612 9 2 1 1 550 858 900 2368 2654 2655
613 9 2 1 1 996 516 1433 2656 2657 2658
614 9 2 1 1 394 395 854 404 2659 2660
615 9 2 1 1 667 833 1284 1990 2661 2662
616 9 2 1 1 792 572 1374 2663 2664 2665
617 9 2 1 1 525 816 1123 2666 2667 2668
618 9 2 1 1 782 639 1283 1706 2669 2451
619 9 2 1 1 856 553 1638 2670 2553 2671
620 9 2 1 1 554 935 997 2672 2673 2674
621 9 2 1 1 221 222 840 283 2675 2676
622 9 2 1 1 424 1074 1617 2677 2678 2679
623 9 2 1 1 971 580 1182 2680 2042 2681
624 9 2 1 1 614 861 1194 2682 1914 2577
625 9 2 1 1 1223 719 1239 2683 2684 2685
626 9 2 1 1 168 169 855 178 2686 2687
627 9 2 1 1 1168 746 1547 1745 2688 2689
628 9 2 1 1 423 789 1623 2049 2690 2691
629 9 2 1 1 802 705 1511 1898 2692 2693
630 9 2 1 1 548 786 904 2244 2694 2695
631 9 2 1 1 826 548 887 2245 2032 1971
632 9 2 1 1 784 467 1684 2696 2697 2698
633 9 2 1 1 590 841 937 2699 2700 2701
634 9 2 1 1 841 564 937 2702 2703 2700
635 9 2 1 1 457 820 974 2704 2705 2128
636 9 2 1 1 29 771 1194 1845 2560 2706
637 9 2 1 1 424 790 1622 2087 2707 2708
638 9 2 1 1 430 765 1143 2709 1965 2710
639 9 2 1 1 428 853 1557 2419 2711 2712
640 9 2 1 1 831 549 1096 2311 2713 2714
641 9 2 1 1 232 233 950 294 2715 2716
642 9 2 1 1 313 314 895 355 2717 2718
643 9 2 1 1 425 791 1621 2101 2719 2720
644 9 2 1 1 812 455 992 2062 2721 2722
645 9 2 1 1 540 812 992 2723 2722 2724
646 9 2 1 1 1038 471 1101 2725 2726 2727
647 9 2 1 1 989 571 1216 2728 2729 2300
648 9 2 1 1 506 763 1273 1946 2730 2731
649 9 2 1 1 713 989 1171 2732 2284 2733
650 9 2 1 1 973 416 1146 2734 2545 2735
651 9 2 1 1 820 657 974 1773 2736 2705
652 9 2 1 1 636 936 1081 2105 2737 2738
653 9 2 1 1 936 558 1081 2739 2740 2737
654 9 2 1 1 951 700 1201 2741 2444 2742
655 9 2 1 1 481 702 1188 1866 2743 2744
656 9 2 1 1 823 524 1585 1975 2745 2746
657 9 2 1 1 977 503 1362 2747 2748 2749
658 9 2 1 1 830 603 1599 2317 2750 2751
659 9 2 1 1 876 549 887 2752 1972 2753
660 9 2 1 1 761 81 1285 2754 2755 2252
661 9 2 1 1 862 529 1101 2756 2757 2758
662 9 2 1 1 521 807 1020 2759 2760 2588
663 9 2 1 1 1004 688 1300 2761 2762 2763
664 9 2 1 1 81 761 1408 2754 2598 2764
665 9 2 1 1 653 759 1261 2765 2766 2767
666 9 2 1 1 427 829 1293 2768 2769 2770
667 9 2 1 1 829 646 1293 2771 2772 2769
668 9 2 1 1 783 523 1550 1891 2773 2292
669 9 2 1 1 524 874 1097 2580 2774 2775
670 9 2 1 1 1015 847 1371 2321 2776 2777
671 9 2 1 1 759 226 1261 1985 2778 2766
672 9 2 1 1 1005 94 1547 2779 2780 2781
673 9 2 1 1 764 1205 1425 2459 2782 2783
674 9 2 1 1 1321 765 1469 2070 2784 2785
675 9 2 1 1 939 592 1012 2786 2787 2788
676 9 2 1 1 609 939 1012 2789 2788 1961
677 9 2 1 1 523 860 1581 1892 2790 2791
678 9 2 1 1 760 1254 1270 2792 2793 2794
679 9 2 1 1 908 559 966 2408 2795 2796
680 9 2 1 1 633 933 1085 2053 2797 2798
681 9 2 1 1 933 555 1085 2799 2800 2797
682 9 2 1 1 627 1125 1181 2801 1772 2802
683 9 2 1 1 807 417 1410 2115 2803 2804
684 9 2 1 1 431 814 1256 2235 2805 2806
685 9 2 1 1 743 872 1609 2807 2259 2808
686 9 2 1 1 1254 497 1270 2809 2810 2793
687 9 2 1 1 848 1328 1536 2024 2811 2812
688 9 2 1 1 693 805 1491 2636 2813 2814
689 9 2 1 1 474 848 1525 1938 2815 2816
690 9 2 1 1 531 837 1186 2817 2818 2819
691 9 2 1 1 788 471 1121 1993 2820 2821
692 9 2 1 1 572 788 1121 2822 2821 1731
693 9 2 1 1 482 1266 1662 2823 2824 2825
694 9 2 1 1 795 428 1066 2826 2827 2828
695 9 2 1 1 449 922 1006 2829 2830 2831
696 9 2 1 1 502 771 1274 2832 2833 2834
697 9 2 1 1 818 321 1439 1967 2835 2836
698 9 2 1 1 988 803 1495 2622 2837 2838
699 9 2 1 1 695 988 1495 2839 2838 2840
700 9 2 1 1 694 818 1655 2841 2842 2843
701 9 2 1 1 864 447 1023 2844 2845 2274
702 9 2 1 1 1290 526 1502 2846 2847 2848
703 9 2 1 1 563 1141 1407 2114 2849 2850
704 9 2 1 1 1279 787 1281 2851 2852 2853
705 9 2 1 1 1024 656 1200 2854 1703 2161
706 9 2 1 1 1337 666 1366 2855 2856 2857
707 9 2 1 1 886 456 1350 2858 2859 2860
708 9 2 1 1 450 925 995 2861 2862 2863
709 9 2 1 1 882 744 1601 2864 2865 2264
710 9 2 1 1 784 960 1260 1945 2866 2867
711 9 2 1 1 235 819 899 2098 2868 2869
712 9 2 1 1 609 815 1255 1960 2870 2871
713 9 2 1 1 666 914 1366 2872 2873 2856
714 9 2 1 1 771 502 1308 2832 2874 2561
715 9 2 1 1 466 797 1679 2875 2876 2877
716 9 2 1 1 897 524 1097 2878 2775 2879
717 9 2 1 1 663 1038 1101 2880 2727 2881
718 9 2 1 1 474 769 1189 2205 2882 2883
719 9 2 1 1 942 843 1610 2884 2885 2307
720 9 2 1 1 842 502 1272 2886 2887 2888
721 9 2 1 1 677 1214 1634 2889 2890 1802
722 9 2 1 1 808 588 1170 2891 2892 2548
723 9 2 1 1 316 762 1329 2124 2893 2894
724 9 2 1 1 855 169 986 2686 2895 2896
725 9 2 1 1 438 871 1167 2897 2898 2899
726 9 2 1 1 802 422 1013 2427 2900 1899
727 9 2 1 1 647 1019 1356 2901 2446 2902
728 9 2 1 1 857 945 1372 2022 2903 2904
729 9 2 1 1 696 1244 1273 2905 2906 2907
730 9 2 1 1 394 854 987 2660 2908 2909
731 9 2 1 1 763 436 1273 2910 2911 2730
732 9 2 1 1 541 796 1200 2912 2286 1702
733 9 2 1 1 871 631 1167 2913 2914 2898
734 9 2 1 1 865 678 1197 2915 2916 2222
735 9 2 1 1 424 943 1074 2917 2918 2677
736 9 2 1 1 762 682 1329 2371 2919 2893
737 9 2 1 1 846 431 849 2392 2920 2619
738 9 2 1 1 451 924 984 2921 2922 2923
739 9 2 1 1 313 895 1530 2718 2924 2925
740 9 2 1 1 572 792 1056 2663 2926 2927
741 9 2 1 1 613 963 1026 2928 2929 2930
742 9 2 1 1 899 819 1305 2868 2462 2931
743 9 2 1 1 472 745 1430 2216 2932 2933
744 9 2 1 1 844 550 900 2934 2655 2576
745 9 2 1 1 526 806 1477 2501 2935 2936
746 9 2 1 1 767 1244 1664 2937 2938 2939
747 9 2 1 1 238 239 851 300 2940 2941
748 9 2 1 1 996 721 1290 2942 2943 2944
749 9 2 1 1 454 996 1290 2945 2944 2946
750 9 2 1 1 1244 603 1664 2947 2948 2938
751 9 2 1 1 415 745 1127 2949 2950 2951
752 9 2 1 1 643 853 1093 2952 2421 2953
753 9 2 1 1 615 982 992 2954 2955 2956
754 9 2 1 1 982 540 992 2957 2724 2955
755 9 2 1 1 528 834 965 2958 2959 2534
756 9 2 1 1 869 543 903 2960 2961 2448
757 9 2 1 1 751 1117 1436 1862 2962 2963
758 9 2 1 1 745 415 1364 2949 2964 2965
759 9 2 1 1 830 554 1653 2513 2966 2967
760 9 2 1 1 1141 679 1407 2968 2969 2849
761 9 2 1 1 577 1365 1449 2970 2971 2972
762 9 2 1 1 813 592 1230 2973 2974 2975
763 9 2 1 1 878 552 898 2976 2977 2605
764 9 2 1 1 773 454 1290 1893 2946 2978
765 9 2 1 1 426 897 1155 2979 2980 2981
766 9 2 1 1 897 640 1155 2982 2983 2980
767 9 2 1 1 959 415 1231 2984 2985 2986
768 9 2 1 1 602 1223 1239 2987 2685 2988
769 9 2 1 1 544 868 905 2989 2440 2990
770 9 2 1 1 416 806 1025 2991 2503 1884
771 9 2 1 1 223 224 888 285 2992 2993
772 9 2 1 1 1128 412 1332 2994 2995 2996
773 9 2 1 1 1151 741 1689 1768 2997 2998
774 9 2 1 1 867 545 907 2999 3000 2417
775 9 2 1 1 529 919 1101 3001 3002 2757
776 9 2 1 1 542 1164 1325 3003 3004 3005
777 9 2 1 1 620 994 1175 3006 2198 3007
778 9 2 1 1 546 866 908 3008 2409 3009
779 9 2 1 1 951 1201 1422 2742 3010 3011
780 9 2 1 1 830 411 1278 3012 3013 2318
781 9 2 1 1 743 1248 1388 2404 3014 3015
782 9 2 1 1 963 461 1026 2610 3016 2929
783 9 2 1 1 844 548 904 2575 2695 2142
784 9 2 1 1 656 1024 1344 2854 3017 3018
785 9 2 1 1 931 710 1349 3019 3020 3021
786 9 2 1 1 476 931 1349 1935 3021 3022
787 9 2 1 1 446 1115 1198 3023 3024 3025
788 9 2 1 1 908 452 1065 3026 2174 3027
789 9 2 1 1 1205 594 1425 3028 3029 2782
790 9 2 1 1 839 435 972 3030 3031 2592
791 9 2 1 1 797 617 1412 1841 3032 3033
792 9 2 1 1 734 846 1266 2393 3034 3035
793 9 2 1 1 905 450 1067 3036 2212 3037
794 9 2 1 1 420 1090 1142 3038 3039 3040
795 9 2 1 1 1090 695 1142 3041 3042 3039
796 9 2 1 1 845 570 1072 3043 3044 3045
797 9 2 1 1 765 430 1553 2709 3046 3047
798 9 2 1 1 232 950 1154 2716 3048 3049
799 9 2 1 1 557 898 970 2606 3050 3051
800 9 2 1 1 948 542 1087 3052 3053 2381
801 9 2 1 1 779 452 1566 2172 3054 3055
802 9 2 1 1 1515 489 1576 3056 3057 3058
803 9 2 1 1 447 755 1023 3059 3060 2845
804 9 2 1 1 621 784 1375 1943 3061 3062
805 9 2 1 1 480 822 1558 3063 3064 3065
806 9 2 1 1 597 769 993 3066 2207 2630
807 9 2 1 1 889 741 1616 3067 3068 2595
808 9 2 1 1 211 804 1086 2147 3069 3070
809 9 2 1 1 229 230 1453 291 2294 1782
810 9 2 1 1 661 1321 1469 3071 2785 3072
811 9 2 1 1 569 774 1148 1739 3073 3074
812 9 2 1 1 1218 597 1538 3075 2632 3076
813 9 2 1 1 801 505 1073 3077 2363 3078
814 9 2 1 1 430 1098 1584 3079 3080 3081
815 9 2 1 1 1017 432 1431 1999 3082 3083
816 9 2 1 1 684 1009 1498 1881 3084 3085
817 9 2 1 1 75 810 1166 2184 3086 3087
818 9 2 1 1 448 898 1014 3088 3089 2288
819 9 2 1 1 14 15 909 44 3090 3091
820 9 2 1 1 593 810 1057 3092 1820 1940
821 9 2 1 1 767 1517 1549 3093 3094 3095
822 9 2 1 1 781 450 1544 2210 3096 3097
823 9 2 1 1 505 801 1335 3077 3098 2477
824 9 2 1 1 1253 656 1344 3099 3018 3100
825 9 2 1 1 605 1279 1281 2471 2853 2565
826 9 2 1 1 1039 565 1512 2315 2411 3101
827 9 2 1 1 1041 567 1510 2323 2413 3102
828 9 2 1 1 847 442 1036 2320 3103 3104
829 9 2 1 1 810 593 1166 3092 3105 3086
830 9 2 1 1 601 858 1062 1698 2370 3106
831 9 2 1 1 500 827 1424 3107 3108 3109
832 9 2 1 1 841 192 1117 3110 3111 3112
833 9 2 1 1 798 1003 1304 2003 3113 3114
834 9 2 1 1 967 823 1343 1976 3115 3116
835 9 2 1 1 566 1040 1420 3117 3118 2125
836 9 2 1 1 1074 780 1617 3119 3120 2678
837 9 2 1 1 568 1042 1421 3121 3122 2131
838 9 2 1 1 612 792 1357 2490 3123 3124
839 9 2 1 1 807 521 1184 2759 3125 2116
840 9 2 1 1 905 556 1018 2439 1778 3126
841 9 2 1 1 465 845 1072 3127 3045 3128
842 9 2 1 1 435 839 1089 3030 3129 3130
843 9 2 1 1 477 1004 1300 3131 2763 3132
844 9 2 1 1 530 856 1213 3133 3134 3135
845 9 2 1 1 448 785 1594 2287 3136 3137
846 9 2 1 1 721 996 1433 2942 2658 3138
847 9 2 1 1 441 887 900 3139 2034 3140
848 9 2 1 1 794 531 1128 3141 3142 3143
849 9 2 1 1 530 1213 1454 3135 3144 3145
850 9 2 1 1 865 414 1110 2221 3146 3147
851 9 2 1 1 767 1072 1517 3148 3149 3093
852 9 2 1 1 810 76 1187 2183 3150 3151
853 9 2 1 1 599 810 1187 1818 3151 3152
854 9 2 1 1 1031 490 1533 3153 2484 2168
855 9 2 1 1 1029 488 1532 3154 2457 2163
856 9 2 1 1 789 633 1501 2052 3155 3156
857 9 2 1 1 1028 485 1531 3157 2433 2155
858 9 2 1 1 909 15 1179 3090 3158 3159
859 9 2 1 1 574 824 1035 3160 1880 2094
860 9 2 1 1 815 689 1478 2650 3161 3162
861 9 2 1 1 445 1053 1081 3163 3164 3165
862 9 2 1 1 791 636 1504 2104 3166 3167
863 9 2 1 1 796 560 976 3168 3169 2302
864 9 2 1 1 1273 436 1426 2911 3170 3171
865 9 2 1 1 1128 531 1161 3142 3172 3173
866 9 2 1 1 467 784 1260 2696 2867 3174
867 9 2 1 1 1248 491 1388 3175 3176 3014
868 9 2 1 1 410 826 949 1786 1828 3177
869 9 2 1 1 1098 825 1584 2611 3178 3080
870 9 2 1 1 428 795 1093 2826 3179 2420
871 9 2 1 1 674 847 1036 3180 3104 2076
872 9 2 1 1 935 594 997 3181 3182 2673
873 9 2 1 1 596 788 1192 1909 3183 3184
874 9 2 1 1 805 610 1286 1904 2388 3185
875 9 2 1 1 850 658 1240 3186 3187 2539
876 9 2 1 1 665 802 1458 2424 3188 3189
877 9 2 1 1 799 631 1226 3190 3191 3192
878 9 2 1 1 32 799 1226 1847 3192 3193
879 9 2 1 1 746 1005 1547 3194 2781 2688
880 9 2 1 1 445 907 1181 3195 3196 1771
881 9 2 1 1 854 395 1352 2659 3197 3198
882 9 2 1 1 1231 415 1342 2985 3199 3200
883 9 2 1 1 788 572 1540 2822 3201 3202
884 9 2 1 1 73 74 912 123 3203 3204
885 9 2 1 1 773 1290 1502 2978 2848 3205
886 9 2 1 1 1255 815 1478 2870 3162 3206
887 9 2 1 1 946 411 1296 3207 3208 3209
888 9 2 1 1 534 926 1680 3210 3211 3212
889 9 2 1 1 919 421 1227 3213 3214 3215
890 9 2 1 1 663 919 1227 3216 3215 3217
891 9 2 1 1 797 520 1152 3218 3219 3220
892 9 2 1 1 439 831 1096 2060 2714 3221
893 9 2 1 1 792 22 1357 3222 3223 3123
894 9 2 1 1 835 551 1552 3224 3225 3226
895 9 2 1 1 318 319 1027 360 3227 3228
896 9 2 1 1 940 670 1318 3229 3230 3231
897 9 2 1 1 808 103 1428 1973 3232 3233
898 9 2 1 1 480 883 1597 3234 3235 3236
899 9 2 1 1 1034 691 1492 3237 3238 3239
900 9 2 1 1 800 1034 1492 2642 3239 3240
901 9 2 1 1 1145 760 1270 2527 2794 3241
902 9 2 1 1 672 1046 1268 3242 3243 2233
903 9 2 1 1 22 792 1374 3222 2665 3244
904 9 2 1 1 733 886 1350 3245 2860 3246
905 9 2 1 1 93 94 1005 143 2779 3247
906 9 2 1 1 168 855 1346 2687 3248 3249
907 9 2 1 1 1104 600 1163 3250 3251 3252
908 9 2 1 1 697 1104 1163 3253 3252 3254
909 9 2 1 1 713 481 1383 2084 3255 3256
910 9 2 1 1 1570 534 1680 3257 3212 3258
911 9 2 1 1 938 542 1325 3259 3005 3260
912 9 2 1 1 831 481 1188 3261 2744 2312
913 9 2 1 1 444 956 1050 3262 3263 3264
914 9 2 1 1 806 416 1120 2991 3265 3266
915 9 2 1 1 1071 664 1318 3267 3268 1788
916 9 2 1 1 483 926 1060 3269 3270 3271
917 9 2 1 1 480 1214 1487 3272 3273 3274
918 9 2 1 1 834 575 1331 3275 3276 3277
919 9 2 1 1 445 957 1053 3278 3279 3163
920 9 2 1 1 520 797 1412 3218 3033 3280
921 9 2 1 1 659 1264 1415 3281 2100 3282
922 9 2 1 1 759 653 1354 2765 3283 3284
923 9 2 1 1 981 600 1104 3285 3250 2497
924 9 2 1 1 493 930 1061 2297 3286 3287
925 9 2 1 1 883 480 1558 3234 3065 3288
926 9 2 1 1 662 832 1435 3289 3290 3291
927 9 2 1 1 432 733 1087 1998 3292 3293
928 9 2 1 1 871 438 1088 2897 3294 3295
929 9 2 1 1 441 876 887 3296 2753 3139
930 9 2 1 1 1398 1033 1464 3297 3298 3299
931 9 2 1 1 861 614 990 2682 3300 3301
932 9 2 1 1 492 1228 1255 3302 3303 3304
933 9 2 1 1 832 662 1109 3289 3305 3306
934 9 2 1 1 631 799 1167 3190 3307 2914
935 9 2 1 1 621 1195 1268 3308 2234 3309
936 9 2 1 1 633 1085 1137 2798 2524 3310
937 9 2 1 1 868 544 1116 2989 1817 3311
938 9 2 1 1 755 447 1636 3059 3312 3313
939 9 2 1 1 623 925 1018 3314 3315 1978
940 9 2 1 1 25 26 920 55 3316 1927
941 9 2 1 1 799 1147 1588 2305 3317 3318
942 9 2 1 1 886 717 1233 2068 3319 3320
943 9 2 1 1 866 546 1115 3008 1834 3321
944 9 2 1 1 706 1067 1519 3322 3323 3324
945 9 2 1 1 668 816 1456 2463 3325 3326
946 9 2 1 1 816 525 1456 2666 3327 3325
947 9 2 1 1 1014 699 1509 3328 3329 3330
948 9 2 1 1 1228 758 1255 3331 3332 3303
949 9 2 1 1 615 842 1272 3333 2888 3334
950 9 2 1 1 797 466 1247 2875 3335 2554
951 9 2 1 1 785 1014 1509 2289 3330 3336
952 9 2 1 1 502 842 1308 2886 3337 2874
953 9 2 1 1 1318 670 1363 3230 3338 3339
954 9 2 1 1 703 1065 1507 3340 3341 3342
955 9 2 1 1 878 442 988 3343 2623 3344
956 9 2 1 1 748 1229 1286 3345 3346 2385
957 9 2 1 1 1068 722 1301 3347 3348 3349
958 9 2 1 1 793 553 1023 2551 2275 3350
959 9 2 1 1 1296 830 1653 3351 2967 3352
960 9 2 1 1 1098 430 1143 3079 2710 3353
961 9 2 1 1 552 878 988 2976 3344 3354
962 9 2 1 1 631 871 1274 2913 3355 3356
963 9 2 1 1 551 835 1165 3224 3357 3358
964 9 2 1 1 824 574 1258 3160 3359 3360
965 9 2 1 1 449 869 1030 3361 3362 3363
966 9 2 1 1 8 9 1150 38 1873 3364
967 9 2 1 1 238 851 1037 2941 3365 3366
968 9 2 1 1 1355 584 1486 3367 3368 3369
969 9 2 1 1 558 907 1081 2418 3370 2740
970 9 2 1 1 1233 717 1653 3319 3371 3372
971 9 2 1 1 442 878 1036 3343 3373 3103
972 9 2 1 1 451 867 1022 3374 3375 3376
973 9 2 1 1 1244 506 1273 3377 2731 2906
974 9 2 1 1 560 796 1303 3168 3378 3379
975 9 2 1 1 515 832 1344 3380 3381 3382
976 9 2 1 1 555 933 1176 2799 3383 1902
977 9 2 1 1 875 524 967 2581 1977 3384
978 9 2 1 1 696 1273 1426 2907 3171 3385
979 9 2 1 1 1516 1267 1666 3386 3387 3388
980 9 2 1 1 761 1070 1289 2537 3389 2166
981 9 2 1 1 731 1267 1516 3390 3386 3391
982 9 2 1 1 328 329 911 370 3392 3393
983 9 2 1 1 803 442 1645 2621 3394 3395
984 9 2 1 1 77 78 953 127 3396 3397
985 9 2 1 1 1056 792 1392 2926 2492 3398
986 9 2 1 1 556 934 1169 1915 3399 1779
987 9 2 1 1 443 800 1535 2640 3400 3401
988 9 2 1 1 858 441 900 3402 3140 2654
989 9 2 1 1 223 888 1276 2993 3403 3404
990 9 2 1 1 1067 781 1519 2211 3405 3323
991 9 2 1 1 558 936 1162 2739 3406 1933
992 9 2 1 1 532 1068 1301 3407 3349 3408
993 9 2 1 1 915 651 1076 3409 3410 3411
994 9 2 1 1 585 915 1076 3412 3411 3413
995 9 2 1 1 816 462 1123 3414 3415 2667
996 9 2 1 1 804 212 1160 2146 3416 3417
997 9 2 1 1 977 1362 1463 2749 3418 3419
998 9 2 1 1 538 762 1138 2628 3420 3421
999 9 2 1 1 862 596 1660 1910 3422 3423
1000 9 2 1 1 850 473 1224 2538 3424 3425
1001 9 2 1 1 968 716 1470 3426 3427 1776
1002 9 2 1 1 827 707 1424 3428 3429 3108
1003 9 2 1 1 227 891 1261 2500 3430 3431
1004 9 2 1 1 652 918 1078 3432 3433 3434
1005 9 2 1 1 918 582 1078 3435 3436 3433
1006 9 2 1 1 1065 779 1507 2173 3437 3341
1007 9 2 1 1 955 675 1184 3438 2400 3439
1008 9 2 1 1 521 955 1184 3440 3439 3125
1009 9 2 1 1 617 958 1084 1843 3441 3442
1010 9 2 1 1 958 422 1084 3443 2428 3441
1011 9 2 1 1 1266 846 1662 3034 3444 2824
1012 9 2 1 1 648 770 1615 3445 3446 3447
1013 9 2 1 1 580 861 990 3448 3301 2040
1014 9 2 1 1 834 459 1542 2624 3449 3450
1015 9 2 1 1 112 113 1136 162 3451 1813
1016 9 2 1 1 1229 496 1286 3452 3453 3346
1017 9 2 1 1 903 543 1034 2961 3454 3455
1018 9 2 1 1 433 875 1560 3456 3457 3458
1019 9 2 1 1 978 562 1285 3459 2253 3460
1020 9 2 1 1 730 563 1326 2112 3461 3462
1021 9 2 1 1 891 512 1191 3463 1719 3464
1022 9 2 1 1 444 1116 1122 3465 3466 3467
1023 9 2 1 1 819 236 1203 2097 3468 3469
1024 9 2 1 1 555 903 1085 2449 3470 2800
1025 9 2 1 1 869 449 1368 3361 1709 3471
1026 9 2 1 1 941 423 1623 3472 2691 3473
1027 9 2 1 1 513 835 1552 2079 3226 3474
1028 9 2 1 1 1164 793 1325 3475 3476 3004
1029 9 2 1 1 1053 636 1081 3477 2738 3164
1030 9 2 1 1 339 1007 1284 3478 3479 3480
1031 9 2 1 1 1657 795 1661 3481 3482 3483
1032 9 2 1 1 1323 446 1565 3484 3485 1925
1033 9 2 1 1 811 97 1395 1742 3486 3487
1034 9 2 1 1 605 824 1545 1878 3488 3489
1035 9 2 1 1 626 894 1523 2148 3490 3491
1036 9 2 1 1 438 843 942 3492 2884 3493
1037 9 2 1 1 166 167 915 176 3494 3495
1038 9 2 1 1 171 172 918 181 3496 3497
1039 9 2 1 1 943 424 1622 2917 2708 3498
1040 9 2 1 1 396 397 916 406 3499 3500
1041 9 2 1 1 185 186 1135 247 3501 3502
1042 9 2 1 1 73 912 1671 3204 3503 3504
1043 9 2 1 1 654 916 1077 3505 3506 3507
1044 9 2 1 1 916 586 1077 3508 3509 3506
1045 9 2 1 1 345 346 1140 387 1753 3510
1046 9 2 1 1 391 392 921 401 3511 3512
1047 9 2 1 1 452 908 966 3026 2796 2653
1048 9 2 1 1 1144 784 1684 3513 2698 3514
1049 9 2 1 1 982 413 1393 3515 3516 3517
1050 9 2 1 1 944 425 1621 3518 2720 3519
1051 9 2 1 1 509 847 1417 3520 3521 3522
1052 9 2 1 1 847 674 1417 3180 3523 3521
1053 9 2 1 1 1274 871 1564 3355 3524 3525
1054 9 2 1 1 921 655 1080 3526 3527 3528
1055 9 2 1 1 583 921 1080 3529 3528 3530
1056 9 2 1 1 818 510 1655 3531 3532 2842
1057 9 2 1 1 648 782 1211 3533 2591 3534
1058 9 2 1 1 556 868 1111 2438 3535 1916
1059 9 2 1 1 1170 588 1488 2892 2231 3536
1060 9 2 1 1 1033 540 1464 3537 3538 3298
1061 9 2 1 1 1146 711 1189 3539 3540 3541
1062 9 2 1 1 837 531 1391 2817 3542 3543
1063 9 2 1 1 1299 195 1512 3544 3545 3546
1064 9 2 1 1 1144 519 1375 3547 3548 3549
1065 9 2 1 1 784 1144 1375 3513 3549 3061
1066 9 2 1 1 539 1314 1416 3550 3551 3552
1067 9 2 1 1 1298 201 1510 3553 3554 3555
1068 9 2 1 1 657 807 1410 3556 2804 3557
1069 9 2 1 1 489 929 1576 2266 3558 3057
1070 9 2 1 1 622 924 1022 3559 3560 2365
1071 9 2 1 1 588 808 1235 2891 3561 3562
1072 9 2 1 1 624 922 1030 3563 3564 2313
1073 9 2 1 1 339 340 1007 381 3565 3478
1074 9 2 1 1 443 903 1034 3566 3455 2641
1075 9 2 1 1 577 1112 1365 1955 3567 2970
1076 9 2 1 1 1552 551 1627 3225 3568 3569
1077 9 2 1 1 1082 421 1131 3570 3571 3572
1078 9 2 1 1 674 1082 1131 2078 3572 3573
1079 9 2 1 1 898 448 970 3088 2639 3050
1080 9 2 1 1 841 590 1694 2699 3574 3575
1081 9 2 1 1 612 1145 1270 3576 3241 3577
1082 9 2 1 1 596 881 1063 3578 1837 3579
1083 9 2 1 1 600 1043 1221 3580 3581 3582
1084 9 2 1 1 512 890 1009 1997 2415 1717
1085 9 2 1 1 953 78 1659 3396 3583 3584
1086 9 2 1 1 843 553 1610 3585 3586 2885
1087 9 2 1 1 1103 511 1522 3587 3588 3589
1088 9 2 1 1 615 1272 1521 3334 2617 3590
1089 9 2 1 1 225 759 1107 1986 3591 3592
1090 9 2 1 1 562 852 1070 3593 3594 2536
1091 9 2 1 1 812 540 1356 2723 3595 2445
1092 9 2 1 1 613 959 963 3596 3597 2928
1093 9 2 1 1 832 642 1344 3598 3599 3381
1094 9 2 1 1 1147 561 1588 3600 3601 3317
1095 9 2 1 1 70 824 1258 3602 3360 3603
1096 9 2 1 1 541 859 1178 3604 3605 3606
1097 9 2 1 1 895 715 1530 3607 3608 2924
1098 9 2 1 1 322 323 870 364 3609 3610
1099 9 2 1 1 833 338 1284 2487 3611 2661
1100 9 2 1 1 654 854 1352 3612 3198 3613
1101 9 2 1 1 634 960 1142 3614 3615 3616
1102 9 2 1 1 960 420 1142 3617 3040 3615
1103 9 2 1 1 897 426 1263 2979 3618 3619
1104 9 2 1 1 311 1108 1579 3620 3621 3622
1105 9 2 1 1 804 504 1315 3623 3624 3625
1106 9 2 1 1 462 816 1418 3414 2228 3626
1107 9 2 1 1 169 170 986 179 3627 2895
1108 9 2 1 1 922 449 1030 2829 3363 3564
1109 9 2 1 1 946 541 1483 3628 1705 3629
1110 9 2 1 1 874 470 1097 3630 3631 2774
1111 9 2 1 1 692 1091 1521 3632 3633 2616
1112 9 2 1 1 504 804 1333 3623 3634 3635
1113 9 2 1 1 592 813 1246 2973 3636 3637
1114 9 2 1 1 570 845 1094 3043 3638 3639
1115 9 2 1 1 576 809 1259 2613 3640 3641
1116 9 2 1 1 924 451 1022 2921 3376 3560
1117 9 2 1 1 393 394 987 403 2909 3642
1118 9 2 1 1 960 634 1260 3614 3643 2866
1119 9 2 1 1 855 651 1346 3644 3645 3248
1120 9 2 1 1 221 840 1083 2676 3646 3647
1121 9 2 1 1 770 648 1211 3445 3534 3648
1122 9 2 1 1 1215 785 1509 3649 3336 3650
1123 9 2 1 1 1163 600 1221 3251 3582 3651
1124 9 2 1 1 953 757 1222 3652 2343 3653
1125 9 2 1 1 834 528 1134 2958 3654 2625
1126 9 2 1 1 945 596 1063 3655 3579 3656
1127 9 2 1 1 434 945 1063 3657 3656 3658
1128 9 2 1 1 1027 319 1307 3227 3659 3660
1129 9 2 1 1 745 1216 1583 2218 3661 3662
1130 9 2 1 1 867 558 1022 2416 1932 3375
1131 9 2 1 1 1011 446 1198 3663 3025 3664
1132 9 2 1 1 794 1128 1332 3143 2996 3665
1133 9 2 1 1 1074 704 1515 3666 3667 3668
1134 9 2 1 1 873 611 1127 3669 3670 3671
1135 9 2 1 1 419 1019 1114 3672 3673 3674
1136 9 2 1 1 1019 647 1114 2901 2401 3673
1137 9 2 1 1 629 958 1247 3675 2555 3676
1138 9 2 1 1 845 513 1094 3677 3678 3638
1139 9 2 1 1 701 870 1661 3679 3680 3681
1140 9 2 1 1 875 967 1560 3384 3682 3457
1141 9 2 1 1 84 85 1104 134 2498 3683
1142 9 2 1 1 450 905 1018 3036 3126 3684
1143 9 2 1 1 869 555 1030 2447 1901 3362
1144 9 2 1 1 545 867 1652 2999 3685 3686
1145 9 2 1 1 840 518 1506 3687 3688 3689
1146 9 2 1 1 852 562 1069 3593 3690 3691
1147 9 2 1 1 610 909 1179 2519 3159 2387
1148 9 2 1 1 852 459 1070 3692 3693 3594
1149 9 2 1 1 990 455 1182 3694 2064 2041
1150 9 2 1 1 780 1515 1576 3695 3058 3696
1151 9 2 1 1 559 866 1323 2407 3697 3698
1152 9 2 1 1 575 834 1542 3275 3450 3699
1153 9 2 1 1 959 547 963 3700 2608 3597
1154 9 2 1 1 578 872 1388 3701 3702 3703
1155 9 2 1 1 1314 736 1416 3704 3705 3551
1156 9 2 1 1 681 1128 1161 3706 3173 2520
1157 9 2 1 1 479 894 1129 3707 3708 3709
1158 9 2 1 1 1362 503 1474 2748 3710 2122
1159 9 2 1 1 780 1074 1515 3119 3668 3695
1160 9 2 1 1 956 444 1122 3262 3467 3711
1161 9 2 1 1 957 445 1125 3278 1770 3712
1162 9 2 1 1 432 904 1431 2143 3713 3082
1163 9 2 1 1 821 435 1489 1952 3714 3715
1164 9 2 1 1 576 972 1073 3716 3717 1855
1165 9 2 1 1 776 1299 1512 3718 3546 2410
1166 9 2 1 1 775 1298 1510 3719 3555 2412
1167 9 2 1 1 644 1079 1242 3720 3721 3722
1168 9 2 1 1 824 70 1545 3602 3723 3488
1169 9 2 1 1 925 450 1018 2861 3684 3315
1170 9 2 1 1 586 991 1677 3724 3725 3726
1171 9 2 1 1 579 1146 1189 3727 3541 3728
1172 9 2 1 1 840 222 1276 2675 3729 3730
1173 9 2 1 1 1150 586 1677 2349 3726 3731
1174 9 2 1 1 1006 922 1499 2830 3732 3733
1175 9 2 1 1 666 969 1406 3734 1800 3735
1176 9 2 1 1 641 840 1276 3736 3730 3737
1177 9 2 1 1 851 517 1321 3738 2071 3739
1178 9 2 1 1 481 831 1185 3261 2027 3740
1179 9 2 1 1 982 1393 1464 3517 3741 3742
1180 9 2 1 1 878 557 1036 2604 2208 3373
1181 9 2 1 1 681 764 1591 2458 3743 3744
1182 9 2 1 1 572 1008 1374 1724 3745 2664
1183 9 2 1 1 828 645 1413 2429 3746 3747
1184 9 2 1 1 461 828 1413 2609 3747 3748
1185 9 2 1 1 797 1152 1679 3220 3749 2876
1186 9 2 1 1 458 902 1234 3750 3751 3752
1187 9 2 1 1 902 649 1234 3753 3754 3751
1188 9 2 1 1 845 465 1109 3127 3755 3756
1189 9 2 1 1 492 1255 1478 3304 3206 3757
1190 9 2 1 1 18 19 1175 48 3758 2197
1191 9 2 1 1 758 1106 1255 3759 3760 3332
1192 9 2 1 1 903 443 1085 3566 2522 3470
1193 9 2 1 1 796 541 1178 2912 3606 3761
1194 9 2 1 1 471 862 1101 1994 2758 2726
1195 9 2 1 1 860 1091 1581 3762 3763 2790
1196 9 2 1 1 512 891 1058 3463 3764 2512
1197 9 2 1 1 835 417 1165 3765 1829 3357
1198 9 2 1 1 989 713 1383 2732 3256 3766
1199 9 2 1 1 582 975 1693 3767 3768 3769
1200 9 2 1 1 817 231 1154 2185 3770 3771
1201 9 2 1 1 510 818 1459 3531 3772 3773
1202 9 2 1 1 468 917 1159 3774 3775 3776
1203 9 2 1 1 917 617 1159 3777 3778 3775
1204 9 2 1 1 898 552 1014 2977 3779 3089
1205 9 2 1 1 68 69 954 118 3780 3781
1206 9 2 1 1 839 773 1502 2506 3205 3782
1207 9 2 1 1 443 937 1137 3783 3784 2523
1208 9 2 1 1 1135 186 1651 3501 3785 3786
1209 9 2 1 1 1135 582 1693 3787 3769 3788
1210 9 2 1 1 1131 718 1494 3789 1949 3790
1211 9 2 1 1 646 829 1385 2771 3791 3792
1212 9 2 1 1 553 856 1610 2670 3793 3586
1213 9 2 1 1 985 585 1668 3794 3795 3796
1214 9 2 1 1 598 904 1619 3797 3798 3799
1215 9 2 1 1 568 1052 1053 1811 3800 3801
1216 9 2 1 1 1052 636 1053 3802 3477 3800
1217 9 2 1 1 564 841 1117 2702 3112 1861
1218 9 2 1 1 912 752 1671 3803 3804 3503
1219 9 2 1 1 995 925 1520 2862 3805 3806
1220 9 2 1 1 1026 461 1618 3016 3807 3808
1221 9 2 1 1 635 1050 1051 3809 3810 3811
1222 9 2 1 1 1050 566 1051 3812 1798 3810
1223 9 2 1 1 907 445 1081 3195 3165 3370
1224 9 2 1 1 943 627 1181 3813 2802 3814
1225 9 2 1 1 545 943 1181 3815 3814 3816
1226 9 2 1 1 701 818 1439 3817 2836 3818
1227 9 2 1 1 603 1130 1664 3819 3820 2948
1228 9 2 1 1 822 480 1575 3063 3821 2472
1229 9 2 1 1 345 1140 1672 3510 3822 3823
1230 9 2 1 1 827 500 1411 3107 3824 3825
1231 9 2 1 1 854 519 1649 3826 3827 3828
1232 9 2 1 1 514 1606 1681 3829 2329 2509
1233 9 2 1 1 980 583 1140 3830 3831 1752
1234 9 2 1 1 468 1102 1265 3832 3833 3834
1235 9 2 1 1 436 763 1113 2910 3835 3836
1236 9 2 1 1 846 650 1662 2618 3837 3444
1237 9 2 1 1 1149 1026 1618 3838 3808 3839
1238 9 2 1 1 526 1290 1683 2846 3840 3841
1239 9 2 1 1 1354 472 1518 3842 3843 3844
1240 9 2 1 1 1064 527 1288 3845 3846 3847
1241 9 2 1 1 709 1064 1288 2238 3847 3848
1242 9 2 1 1 527 1064 1287 3845 3849 3850
1243 9 2 1 1 1064 708 1287 3851 3852 3849
1244 9 2 1 1 1142 695 1327 3042 3853 3854
1245 9 2 1 1 807 657 1295 3556 1775 3855
1246 9 2 1 1 585 1136 1668 2127 3856 3795
1247 9 2 1 1 829 427 1320 2768 3857 3858
1248 9 2 1 1 520 855 1667 3859 3860 3861
1249 9 2 1 1 687 1098 1143 3862 3353 3863
1250 9 2 1 1 806 1120 1476 3266 3864 3865
1251 9 2 1 1 818 694 1307 2841 3866 3867
1252 9 2 1 1 1244 696 1599 2905 3868 3869
1253 9 2 1 1 495 1215 1509 3870 3650 3871
1254 9 2 1 1 1120 570 1476 3872 3873 3864
1255 9 2 1 1 1214 677 1487 2889 3874 3273
1256 9 2 1 1 1517 720 1549 3875 2648 3094
1257 9 2 1 1 867 1367 1652 3876 3877 3685
1258 9 2 1 1 1265 1102 1449 3833 3878 3879
1259 9 2 1 1 669 1059 1190 3880 3881 3882
1260 9 2 1 1 1059 637 1190 3883 3884 3881
1261 9 2 1 1 1280 643 1481 3885 3886 3887
1262 9 2 1 1 1327 695 1495 3853 2840 3888
1263 9 2 1 1 757 953 1659 3652 3584 3889
1264 9 2 1 1 438 942 1088 3493 3890 3294
1265 9 2 1 1 234 235 899 296 2869 3891
1266 9 2 1 1 516 896 1208 3892 3893 1864
1267 9 2 1 1 704 1367 1370 3894 3895 3896
1268 9 2 1 1 950 619 1079 3897 3898 3899
1269 9 2 1 1 472 1021 1518 3900 3901 3843
1270 9 2 1 1 206 1297 1421 3902 3903 3904
1271 9 2 1 1 984 924 1527 2922 3905 3906
1272 9 2 1 1 200 1298 1420 3907 3908 3909
1273 9 2 1 1 513 845 1330 3677 3910 2080
1274 9 2 1 1 832 515 1435 3380 3911 3290
1275 9 2 1 1 337 833 1236 2488 3912 3913
1276 9 2 1 1 1103 1522 1690 3589 3914 3915
1277 9 2 1 1 884 742 1379 2525 2360 3916
1278 9 2 1 1 888 641 1276 3917 3737 3403
1279 9 2 1 1 1118 584 1355 2072 3367 3918
1280 9 2 1 1 620 1175 1220 3007 3919 3920
1281 9 2 1 1 1175 714 1220 3921 3922 3919
1282 9 2 1 1 320 818 1307 1968 3867 3923
1283 9 2 1 1 516 996 1429 2656 3924 3925
1284 9 2 1 1 762 317 1138 2123 3926 3420
1285 9 2 1 1 902 612 1270 3927 3577 3928
1286 9 2 1 1 462 850 1239 3929 3930 3931
1287 9 2 1 1 768 413 1444 3932 3933 3934
1288 9 2 1 1 667 1015 1371 2010 2777 1991
1289 9 2 1 1 82 83 978 132 3935 3936
1290 9 2 1 1 851 239 1291 2940 3937 3938
1291 9 2 1 1 483 1060 1507 3271 3939 3940
1292 9 2 1 1 781 1235 1519 3941 3942 3405
1293 9 2 1 1 1025 526 1683 2502 3841 3943
1294 9 2 1 1 575 852 1384 3944 3945 3946
1295 9 2 1 1 1446 725 1571 3947 3948 2181
1296 9 2 1 1 895 314 1196 2717 3949 3950
1297 9 2 1 1 969 532 1001 3951 3952 3953
1298 9 2 1 1 974 515 1024 3954 3955 2129
1299 9 2 1 1 1222 1546 1633 3956 3957 3958
1300 9 2 1 1 493 1061 1519 3287 3959 3960
1301 9 2 1 1 923 469 1195 3961 3962 3963
1302 9 2 1 1 621 923 1195 3964 3963 3308
1303 9 2 1 1 1343 823 1479 3115 3965 3966
1304 9 2 1 1 311 312 1108 353 3967 3620
1305 9 2 1 1 573 1021 1026 3968 3969 3970
1306 9 2 1 1 1021 613 1026 3971 2930 3969
1307 9 2 1 1 629 1075 1124 3972 3973 3974
1308 9 2 1 1 537 1092 1516 3975 3976 3977
1309 9 2 1 1 504 1071 1201 3978 3979 2442
1310 9 2 1 1 1071 676 1201 3980 3981 3979
1311 9 2 1 1 699 1046 1380 3982 3983 3984
1312 9 2 1 1 902 1270 1396 3928 3985 3986
1313 9 2 1 1 216 217 962 278 3987 3988
1314 9 2 1 1 459 1134 1387 2626 3989 3990
1315 9 2 1 1 852 575 1542 3944 3699 3991
1316 9 2 1 1 66 67 968 116 3992 3993
1317 9 2 1 1 577 1102 1132 3994 3995 1763
1318 9 2 1 1 1102 665 1132 3996 3997 3995
1319 9 2 1 1 879 479 1161 3998 2521 3999
1320 9 2 1 1 888 224 1107 2992 4000 4001
1321 9 2 1 1 768 1280 1481 4002 3887 4003
1322 9 2 1 1 531 879 1161 4004 3999 3172
1323 9 2 1 1 1050 956 1568 3263 4005 4006
1324 9 2 1 1 417 835 1302 3765 2178 4007
1325 9 2 1 1 1147 1434 1669 4008 4009 4010
1326 9 2 1 1 752 912 1277 3803 4011 2510
1327 9 2 1 1 891 228 1058 2499 4012 3764
1328 9 2 1 1 1222 499 1546 2342 4013 3956
1329 9 2 1 1 192 193 1117 254 4014 3111
1330 9 2 1 1 1112 742 1595 1954 2526 4015
1331 9 2 1 1 876 441 1180 3296 4016 4017
1332 9 2 1 1 1057 460 1243 4018 4019 1941
1333 9 2 1 1 1053 957 1567 3279 4020 4021
1334 9 2 1 1 853 606 1557 4022 4023 2711
1335 9 2 1 1 859 541 1225 3604 4024 4025
1336 9 2 1 1 893 569 1148 2568 3074 2134
1337 9 2 1 1 756 1131 1494 4026 3790 4027
1338 9 2 1 1 602 850 1224 4028 3425 4029
1339 9 2 1 1 961 669 1190 4030 3882 4031
1340 9 2 1 1 464 961 1190 4032 4031 4033
1341 9 2 1 1 1108 778 1579 4034 2390 3621
1342 9 2 1 1 544 905 1067 2990 3037 4035
1343 9 2 1 1 533 881 1640 1835 4036 4037
1344 9 2 1 1 688 1004 1604 2761 4038 4039
1345 9 2 1 1 240 241 1059 302 4040 4041
1346 9 2 1 1 868 444 1111 4042 4043 3535
1347 9 2 1 1 965 834 1331 2959 3277 4044
1348 9 2 1 1 85 86 981 135 4045 2496
1349 9 2 1 1 546 908 1065 3009 3027 4046
1350 9 2 1 1 1365 732 1449 2082 4047 2971
1351 9 2 1 1 531 794 1391 3141 4048 3542
1352 9 2 1 1 192 841 1694 3110 3575 4049
1353 9 2 1 1 616 838 1382 2280 4050 4051
1354 9 2 1 1 805 1286 1491 3185 4052 2813
1355 9 2 1 1 870 511 1661 4053 4054 3680
1356 9 2 1 1 1001 532 1301 3952 3408 4055
1357 9 2 1 1 686 1001 1301 4056 4055 4057
1358 9 2 1 1 1045 634 1105 4058 4059 4060
1359 9 2 1 1 561 864 1419 4061 4062 4063
1360 9 2 1 1 1466 727 1577 4064 4065 2192
1361 9 2 1 1 850 462 1398 3929 4066 4067
1362 9 2 1 1 926 622 1060 4068 4069 3270
1363 9 2 1 1 475 1343 1479 4070 3966 1958
1364 9 2 1 1 446 866 1115 4071 3321 3023
1365 9 2 1 1 872 578 1551 3701 4072 4073
1366 9 2 1 1 444 868 1116 4042 3311 3465
1367 9 2 1 1 833 509 1505 2481 4074 4075
1368 9 2 1 1 617 1084 1159 3442 4076 3778
1369 9 2 1 1 1084 665 1159 2425 4077 4076
1370 9 2 1 1 692 871 1088 4078 3295 4079
1371 9 2 1 1 930 624 1061 4080 4081 3286
1372 9 2 1 1 840 641 1437 3736 4082 4083
1373 9 2 1 1 240 1059 1291 4041 4084 4085
1374 9 2 1 1 1005 746 1527 3194 4086 4087
1375 9 2 1 1 534 1005 1527 4088 4087 4089
1376 9 2 1 1 1186 837 1461 2818 4090 4091
1377 9 2 1 1 883 729 1597 2479 4092 3235
1378 9 2 1 1 1106 609 1255 4093 2871 3760
1379 9 2 1 1 818 701 1459 3817 4094 3772
1380 9 2 1 1 861 580 1238 3448 4095 4096
1381 9 2 1 1 873 481 1185 4097 3740 4098
1382 9 2 1 1 549 876 1096 2752 2331 2713
1383 9 2 1 1 809 1133 1688 2614 4099 4100
1384 9 2 1 1 911 329 1465 3392 4101 4102
1385 9 2 1 1 894 698 1129 2153 4103 3708
1386 9 2 1 1 842 615 1656 3333 4104 4105
1387 9 2 1 1 755 938 1325 4106 3260 4107
1388 9 2 1 1 857 718 1628 1956 4108 4109
1389 9 2 1 1 529 857 1628 2020 4109 4110
1390 9 2 1 1 896 639 1208 4111 4112 3893
1391 9 2 1 1 330 331 1156 372 4113 4114
1392 9 2 1 1 717 946 1296 2242 3209 4115
1393 9 2 1 1 947 434 1063 4116 3658 2012
1394 9 2 1 1 863 711 1146 1896 3539 2544
1395 9 2 1 1 595 884 1379 4117 3916 4118
1396 9 2 1 1 437 880 1306 1727 4119 4120
1397 9 2 1 1 778 1596 1608 4121 4122 2074
1398 9 2 1 1 849 1256 1362 4123 4124 2121
1399 9 2 1 1 950 644 1154 4125 4126 3048
1400 9 2 1 1 1007 667 1284 2009 2662 3479
1401 9 2 1 1 538 906 1269 4127 4128 2629
1402 9 2 1 1 879 531 1186 4004 2819 4129
1403 9 2 1 1 559 951 1598 4130 4131 4132
1404 9 2 1 1 961 517 1447 4133 4134 4135
1405 9 2 1 1 1259 809 1606 3640 4136 4137
1406 9 2 1 1 1139 469 1262 4138 4139 4140
1407 9 2 1 1 1035 439 1096 4141 3221 2095
1408 9 2 1 1 237 238 1037 299 3366 4142
1409 9 2 1 1 1133 777 1650 2436 2634 4143
1410 9 2 1 1 787 1279 1600 2851 4144 4145
1411 9 2 1 1 560 865 1110 4146 3147 4147
1412 9 2 1 1 561 1147 1669 3600 4010 4148
1413 9 2 1 1 699 1380 1509 3984 4149 3329
1414 9 2 1 1 17 18 994 47 2196 4150
1415 9 2 1 1 1116 625 1122 2145 4151 3466
1416 9 2 1 1 939 89 1230 4152 4153 4154
1417 9 2 1 1 821 1552 1627 4155 3569 1953
1418 9 2 1 1 590 1119 1694 2190 4156 3574
1419 9 2 1 1 1050 635 1111 3809 2199 4157
1420 9 2 1 1 444 1050 1111 3264 4157 4043
1421 9 2 1 1 679 892 1407 2159 1853 2969
1422 9 2 1 1 20 21 1008 50 4158 4159
1423 9 2 1 1 943 545 1074 3815 4160 2918
1424 9 2 1 1 1095 563 1407 4161 2850 1852
1425 9 2 1 1 563 1095 1099 4161 4162 4163
1426 9 2 1 1 737 1140 1457 4164 4165 4166
1427 9 2 1 1 689 1155 1336 4167 4168 4169
1428 9 2 1 1 640 897 1097 2982 2879 4170
1429 9 2 1 1 1115 628 1198 2158 4171 3024
1430 9 2 1 1 880 530 1454 4172 3145 4173
1431 9 2 1 1 581 882 1563 2295 4174 4175
1432 9 2 1 1 30 31 998 60 4176 2546
1433 9 2 1 1 875 433 1331 3456 4177 4178
1434 9 2 1 1 1093 795 1657 3179 3481 4179
1435 9 2 1 1 525 1123 1605 2668 4180 4181
1436 9 2 1 1 470 874 1384 3630 4182 4183
1437 9 2 1 1 458 881 1192 4184 4185 4186
1438 9 2 1 1 881 596 1192 3578 3184 4185
1439 9 2 1 1 573 888 1107 4187 4001 4188
1440 9 2 1 1 553 843 1419 3585 4189 4190
1441 9 2 1 1 769 597 1113 3066 4191 4192
1442 9 2 1 1 1135 735 1455 4193 4194 4195
1443 9 2 1 1 459 852 1542 3692 3991 3449
1444 9 2 1 1 511 1657 1661 4196 3483 4054
1445 9 2 1 1 938 432 1087 1793 3293 4197
1446 9 2 1 1 1235 493 1519 4198 3960 3942
1447 9 2 1 1 872 743 1388 2807 3015 3702
1448 9 2 1 1 454 1382 1414 4199 4200 4201
1449 9 2 1 1 1075 578 1388 4202 3703 4203
1450 9 2 1 1 884 595 1555 4117 4204 4205
1451 9 2 1 1 641 888 1149 3917 4206 4207
1452 9 2 1 1 888 573 1149 4187 4208 4206
1453 9 2 1 1 629 1044 1075 4209 4210 3972
1454 9 2 1 1 1066 510 1459 4211 3773 4212
1455 9 2 1 1 27 861 1238 2086 4096 4213
1456 9 2 1 1 1319 1124 1589 4214 4215 4216
1457 9 2 1 1 1124 691 1589 4217 4218 4215
1458 9 2 1 1 228 229 1058 290 2277 4012
1459 9 2 1 1 1382 838 1414 4050 4219 4200
1460 9 2 1 1 514 1259 1606 2262 4137 3829
1461 9 2 1 1 579 1189 1590 3728 4220 4221
1462 9 2 1 1 518 840 1437 3687 4083 4222
1463 9 2 1 1 672 1139 1151 4223 4224 4225
1464 9 2 1 1 1139 584 1151 4226 1769 4224
1465 9 2 1 1 901 608 1289 4227 2167 4228
1466 9 2 1 1 763 1172 1590 1948 4229 4230
1467 9 2 1 1 785 1215 1594 3649 4231 3136
1468 9 2 1 1 1303 453 1482 4232 4233 4234
1469 9 2 1 1 1075 491 1124 4235 4236 3973
1470 9 2 1 1 1314 539 1558 3550 4237 4238
1471 9 2 1 1 585 1076 1265 3413 4239 2014
1472 9 2 1 1 689 1336 1478 4169 4240 3161
1473 9 2 1 1 574 954 1258 4241 4242 3359
1474 9 2 1 1 1047 704 1370 4243 3896 4244
1475 9 2 1 1 454 885 1382 1895 4245 4199
1476 9 2 1 1 1297 754 1421 4246 2132 3903
1477 9 2 1 1 1298 753 1420 4247 2126 3908
1478 9 2 1 1 412 964 1332 2585 4248 2995
1479 9 2 1 1 1092 770 1516 4249 4250 3976
1480 9 2 1 1 779 1246 1507 4251 4252 3437
1481 9 2 1 1 578 1044 1251 4253 4254 2176
1482 9 2 1 1 904 598 1431 3797 4255 3713
1483 9 2 1 1 769 1113 1590 4192 4256 4257
1484 9 2 1 1 825 1397 1584 4258 4259 3178
1485 9 2 1 1 1113 763 1590 3835 4230 4256
1486 9 2 1 1 920 580 1254 4260 4261 4262
1487 9 2 1 1 932 417 1302 4263 4007 4264
1488 9 2 1 1 662 932 1302 4265 4264 4266
1489 9 2 1 1 919 663 1101 3216 2881 3002
1490 9 2 1 1 481 873 1383 4097 4267 3255
1491 9 2 1 1 651 855 1377 3644 4268 4269
1492 9 2 1 1 855 520 1377 3859 4270 4268
1493 9 2 1 1 644 1242 1294 3722 4271 4272
1494 9 2 1 1 827 1303 1482 4273 4234 4274
1495 9 2 1 1 322 870 1439 3610 4275 4276
1496 9 2 1 1 1139 1262 1486 4140 4277 4278
1497 9 2 1 1 1025 721 1433 4279 3138 2224
1498 9 2 1 1 987 854 1649 2908 3828 4280
1499 9 2 1 1 847 509 1371 3520 2482 2776
1500 9 2 1 1 914 335 1427 4281 4282 4283
1501 9 2 1 1 760 920 1254 1928 4262 2792
1502 9 2 1 1 1077 586 1262 3509 2204 4284
1503 9 2 1 1 1189 769 1590 2882 4257 4220
1504 9 2 1 1 942 530 1550 2306 4285 4286
1505 9 2 1 1 1140 583 1457 3831 4287 4165
1506 9 2 1 1 642 832 1625 3598 4288 4289
1507 9 2 1 1 854 654 1381 3612 4290 4291
1508 9 2 1 1 519 854 1381 3826 4291 4292
1509 9 2 1 1 855 986 1667 2896 4293 3860
1510 9 2 1 1 542 938 1087 3259 4197 3053
1511 9 2 1 1 1097 470 1221 3631 4294 4295
1512 9 2 1 1 517 961 1548 4133 4296 1839
1513 9 2 1 1 488 1400 1503 4297 4298 4299
1514 9 2 1 1 105 1000 1642 4300 4301 4302
1515 9 2 1 1 502 1274 1564 2834 3525 4303
1516 9 2 1 1 582 1135 1455 3787 4195 4304
1517 9 2 1 1 710 910 1349 2468 2348 3020
1518 9 2 1 1 906 538 1032 4127 4305 4306
1519 9 2 1 1 843 438 1100 3492 4307 4308
1520 9 2 1 1 478 1494 1497 4309 1951 4310
1521 9 2 1 1 560 1303 1411 3379 4311 4312
1522 9 2 1 1 482 964 1536 4313 4314 4315
1523 9 2 1 1 529 862 1660 2756 3423 4316
1524 9 2 1 1 850 602 1239 4028 2988 3930
1525 9 2 1 1 1438 703 1559 4317 4318 4319
1526 9 2 1 1 1131 756 1417 4026 4320 4321
1527 9 2 1 1 674 1131 1417 3573 4321 3523
1528 9 2 1 1 1003 419 1304 4322 4323 3113
1529 9 2 1 1 942 523 1088 4324 4325 3890
1530 9 2 1 1 703 1060 1559 4326 4327 4318
1531 9 2 1 1 1443 706 1574 4328 4329 4330
1532 9 2 1 1 571 989 1383 2728 3766 4331
1533 9 2 1 1 796 1178 1303 3761 4332 3378
1534 9 2 1 1 653 891 1191 4333 3464 4334
1535 9 2 1 1 904 786 1619 2694 4335 3798
1536 9 2 1 1 935 554 1324 2672 2515 4336
1537 9 2 1 1 897 1263 1585 3619 4337 4338
1538 9 2 1 1 706 1061 1574 4339 4340 4329
1539 9 2 1 1 741 1118 1616 2073 4341 3068
1540 9 2 1 1 738 1355 1486 2336 3369 4342
1541 9 2 1 1 688 911 1465 4343 4102 4344
1542 9 2 1 1 1055 705 1386 4345 1716 4346
1543 9 2 1 1 859 453 1178 4347 4348 3605
1544 9 2 1 1 1037 851 1321 3365 3739 4349
1545 9 2 1 1 853 643 1280 2952 3885 4350
1546 9 2 1 1 1171 539 1219 4351 4352 4353
1547 9 2 1 1 591 889 1217 4354 4355 4356
1548 9 2 1 1 1068 712 1372 4357 4358 4359
1549 9 2 1 1 434 1068 1372 4360 4359 4361
1550 9 2 1 1 314 315 1196 356 4362 3949
1551 9 2 1 1 532 969 1317 3951 4363 4364
1552 9 2 1 1 969 666 1317 3734 4365 4363
1553 9 2 1 1 954 574 1180 4241 4366 4367
1554 9 2 1 1 716 954 1180 4368 4367 4369
1555 9 2 1 1 870 701 1439 3679 3818 4275
1556 9 2 1 1 722 947 1232 4370 4371 4372
1557 9 2 1 1 964 724 1536 2106 4373 4314
1558 9 2 1 1 1045 581 1249 4374 2355 4375
1559 9 2 1 1 466 1078 1455 4376 4377 4378
1560 9 2 1 1 1308 842 1593 3337 4379 4380
1561 9 2 1 1 1177 480 1487 4381 3274 4382
1562 9 2 1 1 778 1108 1596 4034 4383 4121
1563 9 2 1 1 196 197 1039 258 4384 4385
1564 9 2 1 1 198 199 1040 260 4386 4387
1565 9 2 1 1 202 203 1041 264 4388 4389
1566 9 2 1 1 204 205 1042 266 4390 4391
1567 9 2 1 1 1378 100 1488 4392 4393 4394
1568 9 2 1 1 1007 340 1153 3565 4395 4396
1569 9 2 1 1 891 653 1261 4333 2767 3430
1570 9 2 1 1 580 920 1238 4260 4397 4095
1571 9 2 1 1 335 914 1406 4281 4398 4399
1572 9 2 1 1 68 954 1578 3781 4400 4401
1573 9 2 1 1 214 940 1409 4402 4403 4404
1574 9 2 1 1 740 1042 1567 4405 4406 4407
1575 9 2 1 1 104 105 1642 154 4302 4408
1576 9 2 1 1 739 1040 1568 4409 4410 4411
1577 9 2 1 1 951 1389 1598 4412 4413 4131
1578 9 2 1 1 1109 465 1625 3755 4414 4415
1579 9 2 1 1 912 593 1277 4416 4417 4011
1580 9 2 1 1 937 564 1137 2703 4418 3784
1581 9 2 1 1 1193 757 1659 2379 3889 4419
1582 9 2 1 1 782 648 1328 3533 4420 2023
1583 9 2 1 1 894 479 1523 3707 4421 3490
1584 9 2 1 1 659 976 1110 4422 4423 4424
1585 9 2 1 1 1202 660 1376 4425 4426 4427
1586 9 2 1 1 945 434 1372 3657 4361 2903
1587 9 2 1 1 978 83 1462 3935 4428 4429
1588 9 2 1 1 1216 571 1583 2729 4430 3661
1589 9 2 1 1 487 1264 1397 1931 1751 4431
1590 9 2 1 1 800 1248 1535 4432 4433 3400
1591 9 2 1 1 606 853 1541 4022 4434 4435
1592 9 2 1 1 580 971 1254 2680 4436 4261
1593 9 2 1 1 1286 496 1491 3453 4437 4052
1594 9 2 1 1 565 956 1122 2048 3711 4438
1595 9 2 1 1 931 518 1183 4439 4440 4441
1596 9 2 1 1 710 931 1183 3019 4441 4442
1597 9 2 1 1 822 1314 1558 4443 4238 3064
1598 9 2 1 1 1281 787 1341 2852 4444 4445
1599 9 2 1 1 439 1281 1341 4446 4445 2061
1600 9 2 1 1 567 957 1125 2056 3712 4447
1601 9 2 1 1 906 463 1269 1987 1806 4128
1602 9 2 1 1 771 998 1274 2547 4448 2833
1603 9 2 1 1 606 837 1635 4449 4450 4451
1604 9 2 1 1 1305 501 1602 2461 4452 4453
1605 9 2 1 1 885 773 1681 1894 2508 2340
1606 9 2 1 1 889 13 1217 2627 4454 4355
1607 9 2 1 1 1110 414 1592 3146 4455 4456
1608 9 2 1 1 938 755 1467 4106 4457 1794
1609 9 2 1 1 517 851 1447 3738 4458 4134
1610 9 2 1 1 1177 607 1197 4459 4460 4461
1611 9 2 1 1 484 890 1534 4462 4463 4464
1612 9 2 1 1 1080 467 1457 4465 4466 4467
1613 9 2 1 1 860 522 1444 1889 4468 4469
1614 9 2 1 1 912 74 1166 3203 4470 4471
1615 9 2 1 1 719 1123 1239 4472 4473 2684
1616 9 2 1 1 593 912 1166 4416 4471 3105
1617 9 2 1 1 501 819 1632 2460 4474 4475
1618 9 2 1 1 220 221 1083 282 3647 4476
1619 9 2 1 1 901 1289 1387 4228 4477 4478
1620 9 2 1 1 1246 483 1507 4479 3940 4252
1621 9 2 1 1 907 545 1181 3000 3816 3196
1622 9 2 1 1 1068 532 1317 3407 4364 4480
1623 9 2 1 1 712 1068 1317 4357 4480 4481
1624 9 2 1 1 881 458 1234 4184 3752 4482
1625 9 2 1 1 954 716 1578 4368 4483 4400
1626 9 2 1 1 530 880 1550 4172 2293 4285
1627 9 2 1 1 909 591 1217 2516 4356 4484
1628 9 2 1 1 662 1302 1330 4266 2179 4485
1629 9 2 1 1 1248 800 1492 4432 3240 4486
1630 9 2 1 1 559 1323 1637 3698 4487 4488
1631 9 2 1 1 1059 669 1291 3880 4489 4084
1632 9 2 1 1 1044 578 1075 4253 4202 4210
1633 9 2 1 1 411 946 1483 3207 3629 4490
1634 9 2 1 1 413 768 1393 3932 4491 3516
1635 9 2 1 1 1306 880 1454 4119 4173 4492
1636 9 2 1 1 579 973 1146 4493 2735 3727
1637 9 2 1 1 224 225 1107 286 3592 4000
1638 9 2 1 1 697 1163 1472 3254 2045 4494
1639 9 2 1 1 604 893 1582 2571 4495 4496
1640 9 2 1 1 1171 883 1558 4497 3288 4498
1641 9 2 1 1 614 1308 1593 2578 4380 4499
1642 9 2 1 1 860 413 1091 4500 4501 3762
1643 9 2 1 1 564 1048 1137 1792 4502 4418
1644 9 2 1 1 1048 633 1137 4503 3310 4502
1645 9 2 1 1 1235 781 1544 3941 3097 4504
1646 9 2 1 1 889 591 1215 4354 4505 4506
1647 9 2 1 1 1083 840 1506 3646 3689 4507
1648 9 2 1 1 340 341 1153 382 4508 4395
1649 9 2 1 1 658 850 1398 3186 4067 4509
1650 9 2 1 1 1189 711 1311 3540 4510 4511
1651 9 2 1 1 173 975 1448 4512 4513 4514
1652 9 2 1 1 985 165 1452 4515 4516 4517
1653 9 2 1 1 89 90 1230 139 4518 4153
1654 9 2 1 1 1305 836 1480 4519 4520 4521
1655 9 2 1 1 936 425 1162 2102 4522 3406
1656 9 2 1 1 915 167 1346 3494 4523 4524
1657 9 2 1 1 651 915 1346 3409 4524 3645
1658 9 2 1 1 916 654 1352 3505 3613 4525
1659 9 2 1 1 396 916 1352 3500 4525 4526
1660 9 2 1 1 479 879 1523 3998 4527 4421
1661 9 2 1 1 1202 1376 1580 4427 4528 4529
1662 9 2 1 1 965 433 1338 4530 2018 2535
1663 9 2 1 1 694 1027 1307 4531 3660 3866
1664 9 2 1 1 980 390 1445 4532 4533 4534
1665 9 2 1 1 864 553 1419 2273 4190 4062
1666 9 2 1 1 1119 743 1609 2189 2808 4535
1667 9 2 1 1 918 652 1347 3432 4536 4537
1668 9 2 1 1 171 918 1347 3497 4537 4538
1669 9 2 1 1 659 892 1264 4539 2160 3281
1670 9 2 1 1 934 424 1169 2088 4540 3399
1671 9 2 1 1 412 1128 1218 2994 4541 4542
1672 9 2 1 1 921 392 1353 3511 4543 4544
1673 9 2 1 1 655 921 1353 3526 4544 4545
1674 9 2 1 1 398 991 1450 4546 4547 4548
1675 9 2 1 1 216 962 1209 3988 4549 4550
1676 9 2 1 1 962 217 1210 3987 4551 4552
1677 9 2 1 1 722 1232 1485 4372 4553 4554
1678 9 2 1 1 212 213 1160 274 4555 3416
1679 9 2 1 1 1172 506 1549 1947 4556 2647
1680 9 2 1 1 516 863 1433 1863 2225 2657
1681 9 2 1 1 933 423 1176 2050 4557 3383
1682 9 2 1 1 317 318 1138 359 4558 3926
1683 9 2 1 1 1040 566 1568 3117 4559 4410
1684 9 2 1 1 1042 568 1567 3121 4560 4406
1685 9 2 1 1 620 1038 1442 4561 4562 4563
1686 9 2 1 1 948 456 1561 4564 4565 4566
1687 9 2 1 1 697 978 1462 4567 4429 4568
1688 9 2 1 1 851 1291 1447 3938 4569 4458
1689 9 2 1 1 893 209 1582 2133 4570 4495
1690 9 2 1 1 803 1250 1495 4571 4572 2837
1691 9 2 1 1 871 692 1564 4078 4573 3524
1692 9 2 1 1 955 464 1403 4574 4575 4576
1693 9 2 1 1 675 955 1403 3438 4576 4577
1694 9 2 1 1 890 484 1634 4462 2338 4578
1695 9 2 1 1 678 1177 1197 4579 4461 2916
1696 9 2 1 1 873 571 1383 4580 4331 4267
1697 9 2 1 1 433 965 1331 4530 4044 4177
1698 9 2 1 1 1100 561 1419 4581 4063 4582
1699 9 2 1 1 574 876 1180 2330 4017 4366
1700 9 2 1 1 594 935 1425 3181 4583 3029
1701 9 2 1 1 1251 466 1455 4584 4378 4585
1702 9 2 1 1 1232 798 1441 4586 4587 4588
1703 9 2 1 1 477 1232 1441 4589 4588 4590
1704 9 2 1 1 608 1193 1408 2380 4591 2597
1705 9 2 1 1 1400 790 1503 4592 2377 4298
1706 9 2 1 1 1248 590 1535 2403 4593 4433
1707 9 2 1 1 1034 543 1524 3454 4594 4595
1708 9 2 1 1 822 500 1314 2645 4596 4443
1709 9 2 1 1 188 872 1551 2339 4073 4597
1710 9 2 1 1 832 1109 1625 3306 4415 4288
1711 9 2 1 1 915 585 1452 3412 4598 4599
1712 9 2 1 1 836 1305 1602 4519 4453 4600
1713 9 2 1 1 489 1047 1586 4601 4602 4603
1714 9 2 1 1 866 446 1323 4071 3484 3697
1715 9 2 1 1 881 1234 1640 4482 4604 4036
1716 9 2 1 1 924 534 1527 4605 4089 3905
1717 9 2 1 1 707 827 1482 3428 4274 4606
1718 9 2 1 1 582 918 1448 3435 4607 4608
1719 9 2 1 1 573 1107 1518 4188 4609 4610
1720 9 2 1 1 1028 565 1122 1729 4438 4611
1721 9 2 1 1 625 1028 1122 4612 4611 4151
1722 9 2 1 1 627 1029 1125 4613 4614 2801
1723 9 2 1 1 1029 567 1125 1737 4447 4614
1724 9 2 1 1 586 916 1450 3508 4615 4616
1725 9 2 1 1 931 685 1506 1848 4617 4618
1726 9 2 1 1 631 998 1226 4619 4620 3191
1727 9 2 1 1 998 31 1226 4176 4621 4620
1728 9 2 1 1 981 86 1696 4045 4622 4623
1729 9 2 1 1 14 909 1217 3091 4484 4624
1730 9 2 1 1 611 873 1185 3669 4098 4625
1731 9 2 1 1 410 949 1440 3177 4626 4627
1732 9 2 1 1 210 211 1086 272 3070 4628
1733 9 2 1 1 1055 595 1379 4629 4118 4630
1734 9 2 1 1 741 889 1689 3067 4631 2997
1735 9 2 1 1 867 451 1367 3374 4632 3876
1736 9 2 1 1 939 609 1697 2789 4633 4634
1737 9 2 1 1 921 583 1445 3529 4635 4636
1738 9 2 1 1 543 869 1368 2960 3471 2486
1739 9 2 1 1 984 587 1370 2219 4637 4638
1740 9 2 1 1 1107 759 1518 3591 4639 4609
1741 9 2 1 1 849 431 1256 2920 2806 4123
1742 9 2 1 1 537 895 1471 4640 4641 4642
1743 9 2 1 1 1256 630 1362 4643 4644 4124
1744 9 2 1 1 593 979 1277 2356 4645 4417
1745 9 2 1 1 503 977 1635 2747 4646 4647
1746 9 2 1 1 581 1045 1105 4374 4060 2268
1747 9 2 1 1 575 875 1331 2584 4178 3276
1748 9 2 1 1 335 336 1427 377 4648 4282
1749 9 2 1 1 925 535 1520 4649 1756 3805
1750 9 2 1 1 77 953 1187 3397 4650 4651
1751 9 2 1 1 896 429 1283 4652 2452 4653
1752 9 2 1 1 913 453 1322 4654 4655 4656
1753 9 2 1 1 453 913 1482 4654 4657 4233
1754 9 2 1 1 1212 765 1553 4658 3047 4659
1755 9 2 1 1 748 994 1229 4660 4661 3345
1756 9 2 1 1 1038 663 1442 2880 4662 4562
1757 9 2 1 1 20 1008 1526 4159 4663 4664
1758 9 2 1 1 467 1249 1457 4665 4666 4466
1759 9 2 1 1 937 443 1535 3783 3401 4667
1760 9 2 1 1 953 599 1187 4668 3152 4650
1761 9 2 1 1 758 981 1696 4669 4623 4670
1762 9 2 1 1 563 1099 1326 4163 2644 3461
1763 9 2 1 1 813 1230 1639 2975 4671 4672
1764 9 2 1 1 709 877 1338 2213 2435 2239
1765 9 2 1 1 495 1151 1689 4673 2998 4674
1766 9 2 1 1 2 999 1641 4675 4676 4677
1767 9 2 1 1 508 859 1225 4678 4025 2092
1768 9 2 1 1 723 999 1313 4679 4680 4681
1769 9 2 1 1 877 476 1349 2290 3022 2347
1770 9 2 1 1 752 1174 1671 2398 4682 3804
1771 9 2 1 1 411 830 1296 3012 3351 3208
1772 9 2 1 1 1002 448 1594 1908 3137 4683
1773 9 2 1 1 944 546 1647 1832 4684 4685
1774 9 2 1 1 450 995 1544 2863 4686 3096
1775 9 2 1 1 922 536 1499 4687 4688 3732
1776 9 2 1 1 491 1248 1492 3175 4486 4689
1777 9 2 1 1 1215 591 1594 4505 4690 4231
1778 9 2 1 1 172 173 1448 182 4514 4691
1779 9 2 1 1 1127 611 1394 3670 4692 4693
1780 9 2 1 1 825 1020 1397 2589 4694 4258
1781 9 2 1 1 336 337 1236 378 3913 4695
1782 9 2 1 1 324 325 1508 366 4696 4697
1783 9 2 1 1 1279 498 1600 2533 4698 4144
1784 9 2 1 1 89 939 1697 4152 4634 4699
1785 9 2 1 1 165 166 1452 175 4700 4516
1786 9 2 1 1 562 978 1472 3459 4701 4702
1787 9 2 1 1 978 697 1472 4567 4494 4701
1788 9 2 1 1 874 575 1384 2583 3946 4182
1789 9 2 1 1 390 391 1445 400 4703 4533
1790 9 2 1 1 1174 605 1545 2397 3489 4704
1791 9 2 1 1 550 844 1467 2934 1858 4705
1792 9 2 1 1 941 544 1648 1815 4706 4707
1793 9 2 1 1 397 398 1450 407 4548 4708
1794 9 2 1 1 882 343 1563 2352 4709 4174
1795 9 2 1 1 1113 597 1624 4191 4710 4711
1796 9 2 1 1 928 461 1413 4712 3748 4713
1797 9 2 1 1 945 529 1660 2021 4316 4714
1798 9 2 1 1 554 997 1233 2674 4715 4716
1799 9 2 1 1 676 1071 1479 3980 1959 4717
1800 9 2 1 1 1060 703 1507 4326 3342 3939
1801 9 2 1 1 748 1179 1663 2384 4718 4719
1802 9 2 1 1 87 88 1106 137 4720 4721
1803 9 2 1 1 452 1012 1566 1964 4722 3054
1804 9 2 1 1 968 67 1578 3992 4723 4724
1805 9 2 1 1 716 968 1578 3426 4724 4483
1806 9 2 1 1 578 1158 1551 2272 4725 4072
1807 9 2 1 1 920 26 1238 3316 4726 4397
1808 9 2 1 1 1180 441 1470 4016 4727 4728
1809 9 2 1 1 1156 331 1473 4113 4729 4730
1810 9 2 1 1 518 931 1506 4439 4618 3688
1811 9 2 1 1 1006 595 1386 2333 4731 4732
1812 9 2 1 1 539 1171 1558 4351 4498 4237
1813 9 2 1 1 940 214 1490 4402 4733 4734
1814 9 2 1 1 1061 706 1519 4339 3324 3959
1815 9 2 1 1 600 981 1228 3285 4735 4736
1816 9 2 1 1 326 327 1695 368 4737 4738
1817 9 2 1 1 950 233 1245 2715 4739 4740
1818 9 2 1 1 1411 500 1500 3824 2646 4741
1819 9 2 1 1 429 896 1612 4652 4742 4743
1820 9 2 1 1 618 971 1182 2248 2681 2066
1821 9 2 1 1 1270 497 1396 2810 4744 3985
1822 9 2 1 1 918 172 1448 3496 4691 4607
1823 9 2 1 1 592 939 1230 2786 4154 2974
1824 9 2 1 1 166 915 1452 3495 4599 4700
1825 9 2 1 1 899 619 1245 4745 4746 4747
1826 9 2 1 1 702 949 1188 4748 1860 2743
1827 9 2 1 1 1008 714 1526 1723 4749 4663
1828 9 2 1 1 1100 438 1167 4307 2899 4750
1829 9 2 1 1 669 961 1447 4030 4135 4751
1830 9 2 1 1 108 884 1555 2367 4205 4752
1831 9 2 1 1 1086 804 1315 3069 3625 4753
1832 9 2 1 1 110 111 1112 160 4754 4755
1833 9 2 1 1 710 1183 1292 4442 4756 2469
1834 9 2 1 1 1183 645 1292 4757 4758 4756
1835 9 2 1 1 442 1015 1645 2322 4759 3394
1836 9 2 1 1 1172 579 1590 4760 4221 4229
1837 9 2 1 1 99 1010 1614 4761 4762 4763
1838 9 2 1 1 1354 653 1358 3283 4764 4765
1839 9 2 1 1 323 324 1206 365 4766 4767
1840 9 2 1 1 1250 486 1495 4768 4769 4572
1841 9 2 1 1 391 921 1445 3512 4636 4703
1842 9 2 1 1 619 950 1245 3897 4740 4746
1843 9 2 1 1 916 397 1450 3499 4708 4615
1844 9 2 1 1 642 1130 1278 4770 4771 4772
1845 9 2 1 1 328 911 1252 3393 4773 4774
1846 9 2 1 1 242 927 1275 2550 4775 4776
1847 9 2 1 1 213 214 1409 275 4404 4777
1848 9 2 1 1 505 1207 1603 2531 2201 2364
1849 9 2 1 1 456 948 1350 4564 2383 2859
1850 9 2 1 1 976 560 1110 3169 4147 4423
1851 9 2 1 1 1466 489 1586 2191 4603 4778
1852 9 2 1 1 715 895 1666 3607 4779 4780
1853 9 2 1 1 895 537 1666 4640 4781 4779
1854 9 2 1 1 642 1253 1344 4782 3100 3599
1855 9 2 1 1 640 1097 1221 4170 4295 4783
1856 9 2 1 1 896 516 1429 3892 3925 4784
1857 9 2 1 1 10 11 1118 40 4785 4786
1858 9 2 1 1 1173 581 1563 2405 4175 4787
1859 9 2 1 1 1334 648 1615 4788 3447 4789
1860 9 2 1 1 885 616 1382 2004 4051 4245
1861 9 2 1 1 644 950 1079 4125 3899 3720
1862 9 2 1 1 852 1069 1384 3691 4790 3945
1863 9 2 1 1 901 499 1348 4791 2579 4792
1864 9 2 1 1 499 901 1385 4791 4793 4794
1865 9 2 1 1 901 646 1385 4795 3792 4793
1866 9 2 1 1 1303 827 1411 4273 3825 4311
1867 9 2 1 1 599 953 1222 4668 3653 4796
1868 9 2 1 1 190 191 1119 252 4797 4798
1869 9 2 1 1 1397 679 1584 1750 4799 4259
1870 9 2 1 1 859 508 1468 4678 4800 4801
1871 9 2 1 1 35 2 1641 65 4677 4802
1872 9 2 1 1 1106 758 1696 3759 4670 4803
1873 9 2 1 1 587 1047 1370 4804 4244 4637
1874 9 2 1 1 573 1026 1149 3970 3838 4208
1875 9 2 1 1 973 579 1172 4493 4760 2494
1876 9 2 1 1 17 994 1663 4150 4805 4806
1877 9 2 1 1 994 748 1663 4660 4719 4805
1878 9 2 1 1 823 1263 1479 4807 4808 3965
1879 9 2 1 1 1263 676 1479 4809 4717 4808
1880 9 2 1 1 814 1032 1373 2237 4810 4811
1881 9 2 1 1 902 458 1392 3750 4812 4813
1882 9 2 1 1 334 335 1406 376 4399 1799
1883 9 2 1 1 793 1023 1325 3350 4814 3476
1884 9 2 1 1 856 530 1610 3133 2308 3793
1885 9 2 1 1 244 3 1133 306 4815 4816
1886 9 2 1 1 713 1171 1219 2733 4353 2085
1887 9 2 1 1 103 104 1428 153 4817 3232
1888 9 2 1 1 595 1055 1386 4629 4346 4731
1889 9 2 1 1 698 948 1561 2325 4566 4818
1890 9 2 1 1 456 997 1561 4819 4820 4565
1891 9 2 1 1 1129 594 1205 4821 3028 4822
1892 9 2 1 1 237 1037 1203 4142 4823 4824
1893 9 2 1 1 1467 755 1636 4457 3313 4825
1894 9 2 1 1 1246 779 1566 4251 3055 4826
1895 9 2 1 1 1073 972 1528 3717 4827 4828
1896 9 2 1 1 1000 536 1571 4829 4830 4831
1897 9 2 1 1 725 1000 1571 4832 4831 3948
1898 9 2 1 1 1069 470 1384 2194 4183 4790
1899 9 2 1 1 569 1011 1198 2570 3664 4833
1900 9 2 1 1 585 985 1452 3794 4517 4598
1901 9 2 1 1 523 942 1550 4324 4286 2773
1902 9 2 1 1 547 959 1231 3700 2986 4834
1903 9 2 1 1 639 896 1283 4111 4653 2669
1904 9 2 1 1 1020 487 1397 4835 4431 4694
1905 9 2 1 1 1229 620 1442 4836 4563 4837
1906 9 2 1 1 589 1007 1153 2006 4396 2454
1907 9 2 1 1 975 582 1448 3767 4608 4513
1908 9 2 1 1 795 1066 1459 2828 4212 4838
1909 9 2 1 1 1016 632 1243 4839 4840 4841
1910 9 2 1 1 460 1016 1243 2599 4841 4019
1911 9 2 1 1 744 882 1401 2864 2296 4842
1912 9 2 1 1 910 427 1293 2465 2770 4843
1913 9 2 1 1 98 99 1614 148 4763 4844
1914 9 2 1 1 1105 634 1327 4059 4845 4846
1915 9 2 1 1 234 899 1245 3891 4747 4847
1916 9 2 1 1 332 1001 1473 4848 4849 4850
1917 9 2 1 1 231 232 1154 293 3049 3770
1918 9 2 1 1 571 873 1583 4580 4851 4430
1919 9 2 1 1 23 24 1145 53 2528 4852
1920 9 2 1 1 1372 712 1497 4358 4853 4854
1921 9 2 1 1 597 1591 1624 4855 4856 4710
1922 9 2 1 1 33 34 1147 63 4857 2304
1923 9 2 1 1 857 1372 1497 2904 4854 1957
1924 9 2 1 1 1102 468 1159 3832 3776 4858
1925 9 2 1 1 665 1102 1159 3996 4858 4077
1926 9 2 1 1 541 946 1225 3628 2243 4024
1927 9 2 1 1 420 960 1268 3617 4859 4860
1928 9 2 1 1 960 621 1268 1944 3309 4859
1929 9 2 1 1 1056 458 1540 4861 4862 4863
1930 9 2 1 1 413 860 1444 4500 4469 3933
1931 9 2 1 1 1130 603 1278 3819 2319 4771
1932 9 2 1 1 566 1050 1568 3812 4006 4559
1933 9 2 1 1 1241 726 1316 4864 4865 4866
1934 9 2 1 1 460 1241 1316 4867 4866 2600
1935 9 2 1 1 465 1072 1664 3128 4868 4869
1936 9 2 1 1 972 576 1259 3716 3641 2593
1937 9 2 1 1 524 897 1585 2878 4338 2745
1938 9 2 1 1 1203 661 1632 4870 4871 4872
1939 9 2 1 1 69 70 1258 119 3603 4873
1940 9 2 1 1 417 932 1410 4263 4874 2803
1941 9 2 1 1 1043 600 1228 3580 4736 4875
1942 9 2 1 1 991 586 1450 3724 4616 4547
1943 9 2 1 1 1016 547 1231 4876 4834 4877
1944 9 2 1 1 632 1016 1231 4839 4877 4878
1945 9 2 1 1 1031 569 1198 1740 4833 4879
1946 9 2 1 1 608 901 1348 4227 4792 2394
1947 9 2 1 1 568 1053 1567 3801 4021 4560
1948 9 2 1 1 456 886 1233 2858 3320 4880
1949 9 2 1 1 1054 685 1271 4881 1850 4882
1950 9 2 1 1 318 1027 1138 3228 4883 4558
1951 9 2 1 1 469 1139 1195 4138 4884 3962
1952 9 2 1 1 1139 672 1195 4223 2232 4884
1953 9 2 1 1 739 1039 1643 2316 4885 4886
1954 9 2 1 1 1040 739 1643 4409 4886 4887
1955 9 2 1 1 1042 740 1644 4405 4888 4889
1956 9 2 1 1 740 1041 1644 2324 4890 4888
1957 9 2 1 1 595 1199 1555 2529 4891 4204
1958 9 2 1 1 583 980 1445 3830 4534 4635
1959 9 2 1 1 1145 612 1357 3576 3124 4892
1960 9 2 1 1 1010 535 1577 1821 4893 4894
1961 9 2 1 1 727 1010 1577 4895 4894 4065
1962 9 2 1 1 435 1089 1489 3130 4896 3714
1963 9 2 1 1 718 1131 1573 3789 4897 4898
1964 9 2 1 1 927 637 1275 2139 4899 4775
1965 9 2 1 1 954 69 1258 3780 4873 4242
1966 9 2 1 1 749 1378 1488 2240 4394 2230
1967 9 2 1 1 1367 451 1370 4632 4900 3895
1968 9 2 1 1 1244 767 1549 2937 3095 4901
1969 9 2 1 1 551 1165 1404 3358 4902 4903
1970 9 2 1 1 92 1310 1351 4904 4905 4906
1971 9 2 1 1 917 520 1412 4907 3280 4908
1972 9 2 1 1 932 662 1435 4265 3291 4909
1973 9 2 1 1 518 928 1678 4910 4911 4912
1974 9 2 1 1 1128 681 1218 3706 4913 4541
1975 9 2 1 1 981 758 1228 4669 3331 4735
1976 9 2 1 1 646 901 1387 4795 4478 4914
1977 9 2 1 1 865 560 1411 4146 4312 4915
1978 9 2 1 1 460 1057 1241 4018 2505 4867
1979 9 2 1 1 619 899 1305 4745 2931 4916
1980 9 2 1 1 447 1062 1636 4917 4918 3312
1981 9 2 1 1 997 1361 1561 4919 4920 4820
1982 9 2 1 1 932 657 1410 4921 3557 4874
1983 9 2 1 1 74 75 1166 124 3087 4470
1984 9 2 1 1 604 1086 1315 4922 4753 4923
1985 9 2 1 1 612 902 1392 3927 4813 2491
1986 9 2 1 1 436 1425 1426 4924 4925 3170
1987 9 2 1 1 649 902 1396 3753 3986 4926
1988 9 2 1 1 993 474 1525 2206 2816 4927
1989 9 2 1 1 729 890 1634 2414 4578 4928
1990 9 2 1 1 924 622 1676 3559 4929 4930
1991 9 2 1 1 534 924 1676 4605 4930 4931
1992 9 2 1 1 536 922 1673 4687 4932 4933
1993 9 2 1 1 926 534 1676 3210 4931 4934
1994 9 2 1 1 977 606 1635 4935 4451 4646
1995 9 2 1 1 622 926 1676 4068 4934 4929
1996 9 2 1 1 95 96 1168 145 1875 4936
1997 9 2 1 1 537 1516 1666 3977 3388 4781
1998 9 2 1 1 630 1066 1463 4937 4938 4939
1999 9 2 1 1 535 925 1675 4649 4940 4941
2000 9 2 1 1 870 323 1206 3609 4767 4942
2001 9 2 1 1 9 10 1355 39 4943 2335
2002 9 2 1 1 101 102 1170 151 2549 4944
2003 9 2 1 1 949 702 1440 4748 4945 4626
2004 9 2 1 1 925 623 1675 3314 4946 4940
2005 9 2 1 1 923 621 1375 3964 3062 4947
2006 9 2 1 1 922 624 1673 3563 4948 4932
2007 9 2 1 1 820 457 1415 2704 4949 2099
2008 9 2 1 1 1232 477 1485 4589 4950 4553
2009 9 2 1 1 973 720 1674 2493 4951 4952
2010 9 2 1 1 418 883 1171 2480 4497 2283
2011 9 2 1 1 632 979 1243 4953 2357 4840
2012 9 2 1 1 588 1235 1544 3562 4504 4954
2013 9 2 1 1 71 72 1174 121 4955 4956
2014 9 2 1 1 111 112 1365 161 2083 4957
2015 9 2 1 1 327 328 1252 369 4774 4958
2016 9 2 1 1 623 929 1675 4959 4960 4946
2017 9 2 1 1 22 23 1357 52 4961 3223
2018 9 2 1 1 1223 326 1695 4962 4738 4963
2019 9 2 1 1 81 82 1285 131 4964 2755
2020 9 2 1 1 492 1043 1228 4965 4875 3302
2021 9 2 1 1 994 620 1229 3006 4836 4661
2022 9 2 1 1 890 680 1534 1996 4966 4463
2023 9 2 1 1 999 2 1339 4675 4967 4968
2024 9 2 1 1 624 930 1673 4080 4969 4948
2025 9 2 1 1 504 983 1315 2441 4970 3624
2026 9 2 1 1 15 16 1179 45 4971 3158
2027 9 2 1 1 879 626 1523 4972 3491 4527
2028 9 2 1 1 628 1031 1198 4973 4879 4171
2029 9 2 1 1 1095 607 1099 4974 4975 4162
2030 9 2 1 1 331 332 1473 373 4850 4729
2031 9 2 1 1 837 606 1461 4449 4976 4090
2032 9 2 1 1 66 968 1339 3993 4977 4978
2033 9 2 1 1 971 497 1254 2250 2809 4436
2034 9 2 1 1 1020 807 1295 2760 3855 4979
2035 9 2 1 1 814 1373 1655 4811 4980 4981
2036 9 2 1 1 845 1109 1330 3756 4982 3910
2037 9 2 1 1 1037 661 1203 4983 4870 4823
2038 9 2 1 1 415 959 1364 2984 4984 2964
2039 9 2 1 1 76 77 1187 126 4651 3150
2040 9 2 1 1 1250 744 1401 2474 4842 4985
2041 9 2 1 1 486 1250 1401 4768 4985 4986
2042 9 2 1 1 911 525 1605 4987 4181 4988
2043 9 2 1 1 598 913 1322 4989 4656 4990
2044 9 2 1 1 26 27 1238 56 4213 4726
2045 9 2 1 1 453 859 1322 4347 4991 4655
2046 9 2 1 1 1342 415 1394 3199 4992 4993
2047 9 2 1 1 604 983 1565 4994 2026 4995
2048 9 2 1 1 1250 803 1645 4571 3395 4996
2049 9 2 1 1 80 81 1408 130 2764 4997
2050 9 2 1 1 441 858 1470 3402 1777 4727
2051 9 2 1 1 542 948 1164 3052 2326 3003
2052 9 2 1 1 968 601 1339 1699 4998 4977
2053 9 2 1 1 1227 693 1360 4999 5000 5001
2054 9 2 1 1 21 22 1374 51 3244 5002
2055 9 2 1 1 750 1403 1529 5003 5004 5005
2056 9 2 1 1 664 940 1318 5006 3231 3268
2057 9 2 1 1 199 200 1420 261 3909 5007
2058 9 2 1 1 520 917 1377 4907 5008 4270
2059 9 2 1 1 205 206 1421 267 3904 5009
2060 9 2 1 1 478 1337 1366 5010 2857 5011
2061 9 2 1 1 652 986 1347 5012 5013 4536
2062 9 2 1 1 986 170 1347 3627 5014 5013
2063 9 2 1 1 1039 197 1643 4384 5015 4885
2064 9 2 1 1 198 1040 1643 4387 4887 5016
2065 9 2 1 1 1041 203 1644 4388 5017 4890
2066 9 2 1 1 204 1042 1644 4391 4889 5018
2067 9 2 1 1 519 923 1375 5019 4947 3548
2068 9 2 1 1 735 1135 1651 4193 3786 5020
2069 9 2 1 1 1087 733 1350 3292 3246 2382
2070 9 2 1 1 34 35 1434 64 5021 5022
2071 9 2 1 1 917 468 1451 3774 5023 5024
2072 9 2 1 1 615 992 1656 2956 5025 4104
2073 9 2 1 1 923 519 1381 5019 4292 5026
2074 9 2 1 1 447 864 1611 2844 5027 5028
2075 9 2 1 1 469 923 1460 3961 5029 5030
2076 9 2 1 1 914 673 1366 5031 5032 2873
2077 9 2 1 1 947 722 1692 4370 5033 5034
2078 9 2 1 1 434 947 1692 4116 5034 5035
2079 9 2 1 1 393 987 1353 3642 5036 5037
2080 9 2 1 1 987 655 1353 5038 4545 5036
2081 9 2 1 1 497 952 1396 2249 5039 4744
2082 9 2 1 1 952 649 1396 5040 4926 5039
2083 9 2 1 1 1328 482 1536 5041 4315 2811
2084 9 2 1 1 663 1360 1442 5042 5043 4662
2085 9 2 1 1 79 80 1193 129 5044 5045
2086 9 2 1 1 961 687 1548 5046 5047 4296
2087 9 2 1 1 528 910 1665 1825 5048 5049
2088 9 2 1 1 28 29 1194 58 2706 1913
2089 9 2 1 1 195 196 1512 257 5050 3545
2090 9 2 1 1 201 202 1510 263 5051 3554
2091 9 2 1 1 617 917 1412 3777 4908 3032
2092 9 2 1 1 307 308 1237 349 5052 5053
2093 9 2 1 1 461 928 1618 4712 5054 3807
2094 9 2 1 1 1289 459 1387 5055 3990 4477
2095 9 2 1 1 88 89 1697 138 4699 5056
2096 9 2 1 1 1027 538 1138 5057 3421 4883
2097 9 2 1 1 508 1017 1468 5058 5059 4800
2098 9 2 1 1 100 101 1488 150 5060 4393
2099 9 2 1 1 999 601 1313 5061 5062 4680
2100 9 2 1 1 819 1203 1632 3469 4872 4474
2101 9 2 1 1 1291 669 1447 4489 4751 4569
2102 9 2 1 1 958 629 1319 3675 5063 5064
2103 9 2 1 1 422 958 1319 3443 5064 5065
2104 9 2 1 1 1038 620 1220 4561 3920 5066
2105 9 2 1 1 471 1038 1220 2725 5066 5067
2106 9 2 1 1 596 945 1660 3655 4714 3422
2107 9 2 1 1 682 1092 1471 1808 5068 5069
2108 9 2 1 1 457 976 1415 2303 5070 4949
2109 9 2 1 1 557 970 1562 3051 5071 5072
2110 9 2 1 1 1086 604 1582 4922 4496 5073
2111 9 2 1 1 928 641 1618 5074 5075 5054
2112 9 2 1 1 772 1342 1394 5076 4993 5077
2113 9 2 1 1 13 14 1217 43 4624 4454
2114 9 2 1 1 696 1324 1599 5078 5079 3868
2115 9 2 1 1 1023 755 1325 3060 4107 4814
2116 9 2 1 1 1060 622 1559 4069 5080 4327
2117 9 2 1 1 525 911 1604 4987 5081 5082
2118 9 2 1 1 911 688 1604 4343 4039 5081
2119 9 2 1 1 928 518 1437 4910 4222 5083
2120 9 2 1 1 426 951 1422 5084 3011 5085
2121 9 2 1 1 609 1106 1697 4093 5086 4633
2122 9 2 1 1 70 71 1545 120 5087 3723
2123 9 2 1 1 421 919 1573 3213 5088 5089
2124 9 2 1 1 1072 767 1664 3148 2939 4868
2125 9 2 1 1 1140 737 1672 4164 5090 3822
2126 9 2 1 1 1061 624 1574 4081 5091 4340
2127 9 2 1 1 552 988 1670 3354 5092 5093
2128 9 2 1 1 236 237 1203 298 4824 3468
2129 9 2 1 1 714 1121 1220 1732 5094 3922
2130 9 2 1 1 1121 471 1220 2820 5067 5094
2131 9 2 1 1 1043 640 1221 5095 4783 3581
2132 9 2 1 1 892 659 1592 4539 5096 5097
2133 9 2 1 1 209 210 1582 271 5098 4570
2134 9 2 1 1 690 1126 1224 5099 5100 5101
2135 9 2 1 1 1011 604 1565 2572 4995 5102
2136 9 2 1 1 233 234 1245 295 4847 4739
2137 9 2 1 1 416 973 1674 2734 4952 5103
2138 9 2 1 1 1010 99 1378 4761 5104 1822
2139 9 2 1 1 97 98 1395 147 5105 3486
2140 9 2 1 1 619 1305 1480 4916 4521 5106
2141 9 2 1 1 929 623 1576 4959 5107 3558
2142 9 2 1 1 641 928 1437 5074 5083 4082
2143 9 2 1 1 919 529 1628 3001 4110 5108
2144 9 2 1 1 914 666 1406 2872 3735 4398
2145 9 2 1 1 996 660 1429 5109 5110 3924
2146 9 2 1 1 1522 690 1690 5111 5112 3914
2147 9 2 1 1 458 1192 1540 4186 5113 4862
2148 9 2 1 1 979 498 1277 5114 2532 4645
2149 9 2 1 1 214 215 1490 276 5115 4733
2150 9 2 1 1 1044 629 1247 4209 3676 5116
2151 9 2 1 1 466 1044 1247 5117 5116 3335
2152 9 2 1 1 658 1398 1464 4509 3299 5118
2153 9 2 1 1 191 192 1694 253 4049 5119
2154 9 2 1 1 691 1034 1524 3237 4595 5120
2155 9 2 1 1 798 1304 1441 3114 5121 4587
2156 9 2 1 1 1304 668 1441 5122 5123 5121
2157 9 2 1 1 926 483 1680 3269 5124 3211
2158 9 2 1 1 711 1208 1311 1897 5125 4510
2159 9 2 1 1 927 777 1603 2633 2031 2200
2160 9 2 1 1 1310 728 1351 5126 5127 4905
2161 9 2 1 1 1021 472 1430 3900 2933 5128
2162 9 2 1 1 82 978 1285 3936 3460 4964
2163 9 2 1 1 853 522 1541 5129 2358 4434
2164 9 2 1 1 474 1189 1311 2883 4511 1939
2165 9 2 1 1 673 914 1427 5031 4283 5130
2166 9 2 1 1 935 1324 1426 4336 5131 5132
2167 9 2 1 1 952 618 1493 2246 5133 5134
2168 9 2 1 1 670 940 1490 3229 4734 5135
2169 9 2 1 1 413 982 1521 3515 5136 5137
2170 9 2 1 1 215 216 1209 277 4550 5138
2171 9 2 1 1 217 218 1210 279 1735 4551
2172 9 2 1 1 522 853 1280 5129 4350 5139
2173 9 2 1 1 707 913 1282 5140 5141 5142
2174 9 2 1 1 2 66 1339 115 4978 4967
2175 9 2 1 1 951 426 1389 5084 5143 4412
2176 9 2 1 1 423 941 1443 3472 5144 5145
2177 9 2 1 1 425 944 1438 3518 5146 5147
2178 9 2 1 1 940 664 1409 5006 5148 4403
2179 9 2 1 1 974 657 1405 2736 5149 5150
2180 9 2 1 1 649 952 1390 5040 5151 5152
2181 9 2 1 1 87 1106 1696 4721 4803 5153
2182 9 2 1 1 455 990 1593 3694 5154 5155
2183 9 2 1 1 31 32 1226 61 3193 4621
2184 9 2 1 1 976 659 1415 4422 3282 5070
2185 9 2 1 1 475 1318 1363 1789 3339 5156
2186 9 2 1 1 590 937 1535 2701 4667 4593
2187 9 2 1 1 959 613 1364 3596 5157 4984
2188 9 2 1 1 998 631 1274 4619 3356 4448
2189 9 2 1 1 1045 467 1260 5158 3174 5159
2190 9 2 1 1 634 1045 1260 4058 5159 3643
2191 9 2 1 1 1105 486 1401 5160 4986 2269
2192 9 2 1 1 1047 489 1515 4601 3056 5161
2193 9 2 1 1 704 1047 1515 4243 5161 3667
2194 9 2 1 1 625 941 1623 2144 3473 5162
2195 9 2 1 1 650 964 1662 5163 5164 3837
2196 9 2 1 1 1256 814 1423 2805 5165 5166
2197 9 2 1 1 627 943 1622 3813 3498 5167
2198 9 2 1 1 439 1035 1281 4141 2566 4446
2199 9 2 1 1 628 944 1621 2157 3519 5168
2200 9 2 1 1 467 1045 1249 5158 4375 4665
2201 9 2 1 1 1071 504 1333 3978 3635 5169
2202 9 2 1 1 664 1071 1333 3267 5169 5170
2203 9 2 1 1 1596 507 1608 5171 5172 4122
2204 9 2 1 1 479 1129 1205 3709 4822 1981
2205 9 2 1 1 913 707 1482 5140 4606 4657
2206 9 2 1 1 226 227 1261 288 3431 2778
2207 9 2 1 1 947 533 1556 2011 2039 5173
2208 9 2 1 1 506 1244 1549 3377 4901 4556
2209 9 2 1 1 110 1112 1595 4755 4015 5174
2210 9 2 1 1 1044 466 1251 5117 4584 4254
2211 9 2 1 1 1123 719 1605 4472 5175 4180
2212 9 2 1 1 708 967 1343 5176 3116 5177
2213 9 2 1 1 983 604 1315 4994 4923 4970
2214 9 2 1 1 1000 105 1345 4300 5178 5179
2215 9 2 1 1 986 652 1667 5012 5180 4293
2216 9 2 1 1 592 1246 1566 3637 4826 5181
2217 9 2 1 1 970 693 1562 2637 5182 5071
2218 9 2 1 1 1114 668 1304 2464 5122 5183
2219 9 2 1 1 419 1114 1304 3674 5183 4323
2220 9 2 1 1 1064 433 1560 2016 3458 5184
2221 9 2 1 1 1049 427 1292 5185 2467 5186
2222 9 2 1 1 645 1049 1292 2431 5186 4758
2223 9 2 1 1 951 559 1637 4130 4488 5187
2224 9 2 1 1 700 951 1637 2741 5187 5188
2225 9 2 1 1 1118 11 1616 4785 5189 4341
2226 9 2 1 1 1360 693 1491 5000 2814 5190
2227 9 2 1 1 1024 515 1344 3955 3382 3017
2228 9 2 1 1 1055 494 1511 5191 5192 5193
2229 9 2 1 1 705 1055 1511 4345 5193 2692
2230 9 2 1 1 655 987 1649 5038 4280 5194
2231 9 2 1 1 964 482 1662 4313 2825 5164
2232 9 2 1 1 1266 648 1334 5195 4788 5196
2233 9 2 1 1 409 1213 1638 2649 5197 5198
2234 9 2 1 1 470 1163 1221 2043 3651 4294
2235 9 2 1 1 653 1191 1358 4334 5199 4764
2236 9 2 1 1 241 242 1275 303 4776 5200
2237 9 2 1 1 1253 642 1278 4782 4772 5201
2238 9 2 1 1 99 100 1378 149 4392 5104
2239 9 2 1 1 498 979 1359 5114 5202 5203
2240 9 2 1 1 429 1202 1475 5204 5205 5206
2241 9 2 1 1 1202 731 1475 5207 5208 5205
2242 9 2 1 1 1237 308 1537 5052 5209 5210
2243 9 2 1 1 996 454 1414 2945 4201 5211
2244 9 2 1 1 538 1027 1373 5057 5212 5213
2245 9 2 1 1 1208 639 1311 4112 1877 5125
2246 9 2 1 1 589 1250 1645 2475 4996 5214
2247 9 2 1 1 657 932 1405 4921 5215 5149
2248 9 2 1 1 836 440 1480 2373 5216 4520
2249 9 2 1 1 1324 830 1599 2514 2751 5079
2250 9 2 1 1 1366 673 1569 5032 5217 5218
2251 9 2 1 1 1066 428 1463 2827 5219 4938
2252 9 2 1 1 93 1005 1310 3247 5220 5221
2253 9 2 1 1 716 1180 1470 4369 4728 3427
2254 9 2 1 1 1092 537 1471 3975 4642 5068
2255 9 2 1 1 990 614 1593 3300 4499 5154
2256 9 2 1 1 220 1083 1432 4476 5222 5223
2257 9 2 1 1 611 1185 1341 4625 2029 5224
2258 9 2 1 1 487 1020 1295 4835 4979 2019
2259 9 2 1 1 848 724 1525 5225 5226 2815
2260 9 2 1 1 864 561 1669 4061 4148 5227
2261 9 2 1 1 979 632 1359 4953 5228 5202
2262 9 2 1 1 1164 409 1638 1922 5198 5229
2263 9 2 1 1 1017 508 1629 5058 5230 5231
2264 9 2 1 1 1046 420 1268 5232 4860 3243
2265 9 2 1 1 1340 513 1552 5233 3474 5234
2266 9 2 1 1 622 1162 1559 2366 5235 5080
2267 9 2 1 1 464 955 1572 4574 5236 5237
2268 9 2 1 1 190 1119 1609 4798 4535 5238
2269 9 2 1 1 955 521 1620 3440 5239 5240
2270 9 2 1 1 956 739 1568 2047 4411 4005
2271 9 2 1 1 957 740 1567 2055 4407 4020
2272 9 2 1 1 325 1126 1508 5241 5242 4696
2273 9 2 1 1 1095 414 1197 2351 2223 5243
2274 9 2 1 1 572 1056 1540 2927 4863 3201
2275 9 2 1 1 455 1593 1656 5155 5244 5245
2276 9 2 1 1 624 1176 1574 2314 5246 5091
2277 9 2 1 1 643 1103 1481 5247 5248 3886
2278 9 2 1 1 91 92 1351 141 4906 5249
2279 9 2 1 1 547 1016 1312 4876 2602 2345
2280 9 2 1 1 485 1028 1402 3157 5250 5251
2281 9 2 1 1 623 1169 1617 1979 5252 5253
2282 9 2 1 1 488 1029 1400 3154 5254 4297
2283 9 2 1 1 490 1031 1399 3153 5255 5256
2284 9 2 1 1 1067 706 1648 3322 5257 5258
2285 9 2 1 1 601 999 1339 5061 4968 4998
2286 9 2 1 1 744 1153 1601 2455 5259 2865
2287 9 2 1 1 1133 3 1688 4815 5260 4099
2288 9 2 1 1 997 456 1233 4819 4880 4715
2289 9 2 1 1 244 1133 1650 4816 4143 5261
2290 9 2 1 1 1425 935 1426 4583 5132 4925
2291 9 2 1 1 961 464 1572 4032 5237 5262
2292 9 2 1 1 687 961 1572 5046 5262 5263
2293 9 2 1 1 485 1402 1501 5251 5264 5265
2294 9 2 1 1 309 310 1257 351 5266 5267
2295 9 2 1 1 515 974 1405 3954 5150 5268
2296 9 2 1 1 490 1399 1504 5256 5269 5270
2297 9 2 1 1 451 984 1370 2923 4638 4900
2298 9 2 1 1 508 886 1629 2069 5271 5230
2299 9 2 1 1 95 1168 1547 4936 2689 5272
2300 9 2 1 1 1065 703 1647 3340 5273 5274
2301 9 2 1 1 793 1164 1638 3475 5229 2552
2302 9 2 1 1 1332 650 1474 5275 2037 5276
2303 9 2 1 1 660 996 1414 5109 5211 5277
2304 9 2 1 1 601 1062 1313 3106 5278 5062
2305 9 2 1 1 671 1054 1271 2361 4882 5279
2306 9 2 1 1 638 1312 1316 5280 2603 5281
2307 9 2 1 1 708 1343 1363 5177 5282 5283
2308 9 2 1 1 437 1186 1461 5284 4091 5285
2309 9 2 1 1 319 320 1307 361 3923 3659
2310 9 2 1 1 1059 241 1275 4040 5200 5286
2311 9 2 1 1 1428 104 1642 4817 4408 5287
2312 9 2 1 1 1174 72 1671 4955 5288 4682
2313 9 2 1 1 511 870 1522 4053 5289 3588
2314 9 2 1 1 1179 16 1663 4971 5290 4718
2315 9 2 1 1 1004 477 1441 3131 4590 5291
2316 9 2 1 1 668 1004 1441 5292 5291 5123
2317 9 2 1 1 1362 630 1463 4644 4939 3418
2318 9 2 1 1 440 1099 1204 2643 5293 5294
2319 9 2 1 1 1123 462 1239 3415 3931 4473
2320 9 2 1 1 997 594 1361 3182 5295 4919
2321 9 2 1 1 1576 623 1617 5107 5253 5296
2322 9 2 1 1 469 1077 1262 5297 4284 4139
2323 9 2 1 1 418 989 1498 2282 5298 5299
2324 9 2 1 1 673 1309 1569 5300 5301 5217
2325 9 2 1 1 1076 468 1265 5302 3834 4239
2326 9 2 1 1 458 1056 1392 4861 3398 4812
2327 9 2 1 1 821 1340 1552 5303 5234 4155
2328 9 2 1 1 1546 829 1587 5304 5305 5306
2329 9 2 1 1 756 1309 1417 5307 5308 4320
2330 9 2 1 1 1309 509 1417 5309 3522 5308
2331 9 2 1 1 315 316 1329 357 2894 5310
2332 9 2 1 1 637 1059 1275 3883 5286 4899
2333 9 2 1 1 895 1196 1471 3950 5311 4641
2334 9 2 1 1 813 1351 1484 5312 5313 5314
2335 9 2 1 1 1351 728 1484 5127 5315 5313
2336 9 2 1 1 1160 213 1409 4555 4777 5316
2337 9 2 1 1 222 223 1276 284 3404 3729
2338 9 2 1 1 105 106 1345 155 2120 5178
2339 9 2 1 1 79 1193 1659 5045 4419 5317
2340 9 2 1 1 522 1280 1444 5139 5318 4468
2341 9 2 1 1 427 1049 1320 5185 5319 3857
2342 9 2 1 1 1079 440 1242 5320 5321 3721
2343 9 2 1 1 724 848 1536 5225 2812 4373
2344 9 2 1 1 688 1156 1300 5322 5323 2762
2345 9 2 1 1 1156 686 1300 5324 5325 5323
2346 9 2 1 1 527 962 1513 5326 5327 5328
2347 9 2 1 1 962 527 1514 5326 5329 5330
2348 9 2 1 1 187 188 1551 249 4597 5331
2349 9 2 1 1 1033 647 1356 5332 2902 5333
2350 9 2 1 1 540 1033 1356 3537 5333 3595
2351 9 2 1 1 766 1237 1537 5334 5210 1869
2352 9 2 1 1 1070 459 1289 3693 5055 3389
2353 9 2 1 1 734 906 1607 2558 5335 2422
2354 9 2 1 1 794 1332 1474 3665 5276 5336
2355 9 2 1 1 678 865 1500 2915 5337 2137
2356 9 2 1 1 723 1313 1611 4681 5338 5339
2357 9 2 1 1 708 1064 1560 3851 5184 5340
2358 9 2 1 1 689 966 1598 2652 5341 5342
2359 9 2 1 1 966 559 1598 2795 4132 5341
2360 9 2 1 1 428 977 1463 5343 3419 5219
2361 9 2 1 1 239 240 1291 301 4085 3937
2362 9 2 1 1 338 339 1284 380 3480 3611
2363 9 2 1 1 412 1218 1538 4542 3076 2586
2364 9 2 1 1 967 708 1560 5176 5340 3682
2365 9 2 1 1 640 1043 1336 5095 5344 5345
2366 9 2 1 1 606 977 1557 4935 5346 4023
2367 9 2 1 1 1083 685 1432 5347 5348 5222
2368 9 2 1 1 92 93 1310 142 5221 4904
2369 9 2 1 1 661 1037 1321 4983 4349 3071
2370 9 2 1 1 525 1004 1456 5349 5350 3327
2371 9 2 1 1 1004 668 1456 5292 3326 5350
2372 9 2 1 1 1049 638 1320 5351 5352 5319
2373 9 2 1 1 886 733 1629 3245 5353 5271
2374 9 2 1 1 843 1100 1419 4308 4582 4189
2375 9 2 1 1 724 993 1525 5354 4927 5226
2376 9 2 1 1 1131 421 1573 3571 5089 4897
2377 9 2 1 1 1008 21 1374 4158 5002 3745
2378 9 2 1 1 333 969 1646 1758 5355 5356
2379 9 2 1 1 419 1003 1390 4322 5357 5358
2380 9 2 1 1 1003 649 1390 5359 5152 5357
2381 9 2 1 1 972 435 1528 3031 2564 4827
2382 9 2 1 1 633 1048 1501 4503 5360 3155
2383 9 2 1 1 449 1006 1386 2831 4732 1710
2384 9 2 1 1 1054 219 1432 2567 5361 5362
2385 9 2 1 1 1051 488 1503 2456 4299 5363
2386 9 2 1 1 1043 492 1336 4965 5364 5344
2387 9 2 1 1 206 207 1297 268 5365 3902
2388 9 2 1 1 200 201 1298 262 3553 3907
2389 9 2 1 1 194 195 1299 256 3544 5366
2390 9 2 1 1 107 108 1555 157 4752 5367
2391 9 2 1 1 1066 630 1423 4937 5368 5369
2392 9 2 1 1 636 1052 1504 3802 5370 3166
2393 9 2 1 1 1438 944 1647 5146 4685 5371
2394 9 2 1 1 618 1019 1493 2310 5372 5133
2395 9 2 1 1 186 187 1651 248 5373 3785
2396 9 2 1 1 969 1001 1646 3953 5374 5355
2397 9 2 1 1 414 892 1592 2350 5097 4455
2398 9 2 1 1 343 344 1563 385 5375 4709
2399 9 2 1 1 336 1236 1427 4695 5376 4648
2400 9 2 1 1 1342 772 1359 5076 5377 5378
2401 9 2 1 1 632 1342 1359 5379 5378 5228
2402 9 2 1 1 1155 689 1389 4167 5380 5381
2403 9 2 1 1 426 1155 1389 2981 5381 5143
2404 9 2 1 1 649 1003 1640 5359 5382 5383
2405 9 2 1 1 219 220 1432 281 5223 5361
2406 9 2 1 1 646 1134 1665 5384 5385 5386
2407 9 2 1 1 975 173 1687 4512 5387 5388
2408 9 2 1 1 1013 422 1589 2900 5389 5390
2409 9 2 1 1 1079 619 1480 3898 5106 5391
2410 9 2 1 1 1094 513 1340 3678 5233 5392
2411 9 2 1 1 1201 676 1422 3981 5393 3010
2412 9 2 1 1 1443 941 1648 5144 4707 5394
2413 9 2 1 1 344 345 1672 386 3823 5395
2414 9 2 1 1 1280 768 1444 4002 3934 5318
2415 9 2 1 1 114 985 1668 5396 3796 5397
2416 9 2 1 1 1062 550 1636 2369 5398 4918
2417 9 2 1 1 1403 464 1529 4575 5399 5004
2418 9 2 1 1 165 985 1682 4515 5400 5401
2419 9 2 1 1 985 114 1682 5396 5402 5400
2420 9 2 1 1 630 1256 1423 4643 5166 5368
2421 9 2 1 1 980 347 1685 1747 5403 5404
2422 9 2 1 1 1033 462 1418 5405 3626 5406
2423 9 2 1 1 746 984 1527 2220 3906 4086
2424 9 2 1 1 1687 184 1693 5407 5408 5409
2425 9 2 1 1 1019 419 1493 3672 5410 5372
2426 9 2 1 1 1402 789 1501 5411 3156 5264
2427 9 2 1 1 1399 791 1504 5412 3167 5269
2428 9 2 1 1 906 1032 1607 4306 5413 5335
2429 9 2 1 1 889 1215 1689 4506 5414 4631
2430 9 2 1 1 167 168 1346 177 3249 4523
2431 9 2 1 1 170 171 1347 180 4538 5014
2432 9 2 1 1 1190 637 1529 3884 5415 5416
2433 9 2 1 1 1028 625 1402 4612 5417 5250
2434 9 2 1 1 1031 628 1399 4973 5418 5255
2435 9 2 1 1 1029 627 1400 4613 5419 5254
2436 9 2 1 1 1165 675 1404 2399 5420 4902
2437 9 2 1 1 594 1129 1361 4821 5421 5295
2438 9 2 1 1 1373 694 1655 5422 2843 4980
2439 9 2 1 1 991 398 1686 4546 5423 5424
2440 9 2 1 1 395 396 1352 405 4526 3197
2441 9 2 1 1 392 393 1353 402 5037 4543
2442 9 2 1 1 462 1033 1398 5405 3297 4066
2443 9 2 1 1 1100 1167 1588 4750 5425 5426
2444 9 2 1 1 1046 672 1380 3242 5427 3983
2445 9 2 1 1 750 1335 1404 2478 5428 5429
2446 9 2 1 1 1335 551 1404 5430 4903 5428
2447 9 2 1 1 1212 501 1469 5431 5432 5433
2448 9 2 1 1 699 1014 1630 3328 5434 5435
2449 9 2 1 1 602 1126 1554 5436 5437 5438
2450 9 2 1 1 749 995 1520 2279 3806 2241
2451 9 2 1 1 1089 683 1489 5439 5440 4896
2452 9 2 1 1 321 322 1439 363 4276 2835
2453 9 2 1 1 540 982 1464 2957 3742 3538
2454 9 2 1 1 992 455 1656 2721 5245 5025
2455 9 2 1 1 988 695 1670 2839 5441 5092
2456 9 2 1 1 472 1354 1358 3842 4765 5442
2457 9 2 1 1 607 1095 1197 4974 5243 4460
2458 9 2 1 1 1299 776 1531 3718 2156 5443
2459 9 2 1 1 390 980 1685 4532 5404 5444
2460 9 2 1 1 510 1066 1423 4211 5369 5445
2461 9 2 1 1 770 1475 1516 5446 5447 4250
2462 9 2 1 1 1395 727 1466 5448 4064 5449
2463 9 2 1 1 811 1395 1466 3487 5449 5450
2464 9 2 1 1 1298 775 1532 3719 2164 5451
2465 9 2 1 1 975 1687 1693 5388 5409 3768
2466 9 2 1 1 7 1677 1686 5452 5453 5454
2467 9 2 1 1 995 588 1544 2278 4954 4686
2468 9 2 1 1 1297 774 1533 5455 2169 5456
2469 9 2 1 1 1223 602 1554 2987 5438 5457
2470 9 2 1 1 603 1244 1599 2947 3869 2750
2471 9 2 1 1 1677 991 1686 3725 5424 5453
2472 9 2 1 1 494 1055 1379 5191 4630 2359
2473 9 2 1 1 637 1207 1529 2141 5458 5415
2474 9 2 1 1 647 1033 1418 5332 5406 2402
2475 9 2 1 1 1091 413 1521 4501 5137 3633
2476 9 2 1 1 1062 447 1313 4917 5459 5278
2477 9 2 1 1 1099 607 1204 4975 5460 5293
2478 9 2 1 1 722 1068 1692 3347 5461 5033
2479 9 2 1 1 613 1021 1430 3971 5128 5462
2480 9 2 1 1 747 1006 1499 2334 3733 5463
2481 9 2 1 1 1434 35 1641 5021 4802 5464
2482 9 2 1 1 982 615 1521 2954 3590 5136
2483 9 2 1 1 999 723 1641 4679 5465 4676
2484 9 2 1 1 1000 725 1642 4832 5466 4301
2485 9 2 1 1 751 1299 1531 5467 5443 2117
2486 9 2 1 1 626 879 1539 4972 5468 5469
2487 9 2 1 1 536 1000 1654 4829 5470 5471
2488 9 2 1 1 1001 332 1646 4848 5472 5374
2489 9 2 1 1 753 1298 1532 4247 5451 2151
2490 9 2 1 1 1001 686 1473 4056 5473 4849
2491 9 2 1 1 754 1297 1533 4246 5456 2170
2492 9 2 1 1 1017 598 1468 5474 5475 5059
2493 9 2 1 1 707 1282 1496 5142 5476 5477
2494 9 2 1 1 1109 662 1330 3305 4485 4982
2495 9 2 1 1 683 1094 1340 5478 5392 5479
2496 9 2 1 1 1014 552 1630 3779 5480 5434
2497 9 2 1 1 1242 677 1294 5481 1801 4271
2498 9 2 1 1 511 1103 1657 3587 5482 4196
2499 9 2 1 1 486 1105 1327 5160 4846 5483
2500 9 2 1 1 1154 644 1691 4126 5484 5485
2501 9 2 1 1 194 1299 1436 5366 5486 5487
2502 9 2 1 1 1040 199 1420 4386 5007 3118
2503 9 2 1 1 704 1074 1652 3666 5488 5489
2504 9 2 1 1 1042 205 1421 4390 5009 3122
2505 9 2 1 1 591 1002 1594 2518 4683 4690
2506 9 2 1 1 1005 534 1570 4088 3257 5490
2507 9 2 1 1 543 1013 1524 2485 5491 4594
2508 9 2 1 1 1144 655 1649 5492 5194 5493
2509 9 2 1 1 309 1257 1537 5267 1870 5494
2510 9 2 1 1 1003 533 1640 2002 4037 5382
2511 9 2 1 1 629 1124 1319 3974 4214 5063
2512 9 2 1 1 1158 187 1551 5495 5331 4725
2513 9 2 1 1 1004 525 1604 5349 5082 4038
2514 9 2 1 1 770 1211 1475 3648 5496 5446
2515 9 2 1 1 570 1094 1476 3639 5497 3873
2516 9 2 1 1 1032 538 1373 4305 5213 4810
2517 9 2 1 1 1072 570 1517 3044 5498 3149
2518 9 2 1 1 1257 310 1579 5266 5499 2389
2519 9 2 1 1 1134 646 1387 5384 4914 3989
2520 9 2 1 1 652 1152 1667 5500 5501 5180
2521 9 2 1 1 1240 768 1481 5502 4003 5503
2522 9 2 1 1 491 1075 1388 4235 4203 3176
2523 9 2 1 1 1126 602 1224 5436 4029 5100
2524 9 2 1 1 446 1011 1565 3663 5102 3485
2525 9 2 1 1 1343 475 1363 4070 5156 5282
2526 9 2 1 1 484 1534 1691 4464 5504 5505
2527 9 2 1 1 1077 469 1460 5297 5030 5506
2528 9 2 1 1 1207 750 1529 2530 5005 5458
2529 9 2 1 1 1204 677 1242 5507 5481 5508
2530 9 2 1 1 468 1076 1451 5302 5509 5023
2531 9 2 1 1 1103 643 1657 5247 5510 5482
2532 9 2 1 1 1012 592 1566 2787 5181 4722
2533 9 2 1 1 1010 727 1614 4895 5511 4762
2534 9 2 1 1 686 1156 1473 5324 4730 5473
2535 9 2 1 1 659 1110 1592 4424 4456 5096
2536 9 2 1 1 1299 751 1436 5467 2963 5486
2537 9 2 1 1 1196 315 1329 4362 5310 5512
2538 9 2 1 1 1213 856 1638 3134 2671 5197
2539 9 2 1 1 440 1079 1480 5320 5391 5216
2540 9 2 1 1 1021 573 1518 3968 4610 3901
2541 9 2 1 1 1546 726 1633 5513 5514 3957
2542 9 2 1 1 652 1078 1679 3434 5515 5516
2543 9 2 1 1 1183 518 1678 4440 4912 5517
2544 9 2 1 1 1015 589 1645 2007 5214 4759
2545 9 2 1 1 187 1158 1651 5495 5518 5373
2546 9 2 1 1 634 1142 1327 3616 3854 4845
2547 9 2 1 1 430 1141 1553 5519 5520 3046
2548 9 2 1 1 1393 658 1464 5521 5118 3741
2549 9 2 1 1 913 598 1619 4989 3799 5522
2550 9 2 1 1 1080 655 1684 3527 5523 5524
2551 9 2 1 1 733 1017 1629 2000 5231 5353
2552 9 2 1 1 726 1546 1587 5513 5306 5525
2553 9 2 1 1 10 1118 1355 4786 3918 4943
2554 9 2 1 1 1153 341 1601 4508 5526 5259
2555 9 2 1 1 801 1073 1528 3078 4828 2563
2556 9 2 1 1 1428 725 1446 5527 3947 5528
2557 9 2 1 1 808 1428 1446 3233 5528 5529
2558 9 2 1 1 685 1054 1432 4881 5362 5348
2559 9 2 1 1 1089 839 1502 3129 3782 5530
2560 9 2 1 1 526 1089 1502 5531 5530 2847
2561 9 2 1 1 1112 111 1365 4754 4957 3567
2562 9 2 1 1 768 1240 1393 5502 5532 4491
2563 9 2 1 1 307 1237 1688 5053 5533 5534
2564 9 2 1 1 977 428 1557 5343 2712 5346
2565 9 2 1 1 486 1327 1495 5483 3888 4769
2566 9 2 1 1 607 1177 1487 4459 4382 5535
2567 9 2 1 1 344 1173 1563 5536 4787 5375
2568 9 2 1 1 1186 437 1539 5284 5537 5538
2569 9 2 1 1 1593 842 1656 4379 4105 5244
2570 9 2 1 1 734 1266 1334 3035 5196 2559
2571 9 2 1 1 1232 947 1556 4371 5173 5539
2572 9 2 1 1 1287 708 1363 3852 5283 5540
2573 9 2 1 1 1117 193 1436 4014 5541 2962
2574 9 2 1 1 1534 817 1691 5542 5543 5504
2575 9 2 1 1 1094 683 1476 5478 5544 5497
2576 9 2 1 1 1108 312 1530 3967 5545 5546
2577 9 2 1 1 873 1127 1583 3671 5547 4851
2578 9 2 1 1 325 326 1554 367 5548 5549
2579 9 2 1 1 1089 526 1477 5531 2936 5550
2580 9 2 1 1 683 1089 1477 5439 5550 5551
2581 9 2 1 1 1293 646 1665 2772 5386 5552
2582 9 2 1 1 1173 344 1672 5536 5395 5553
2583 9 2 1 1 1155 640 1336 2983 5345 4168
2584 9 2 1 1 928 1413 1678 4713 5554 4911
2585 9 2 1 1 721 1025 1683 4279 3943 5555
2586 9 2 1 1 1469 501 1632 5432 4475 5556
2587 9 2 1 1 728 1570 1680 5557 3258 5558
2588 9 2 1 1 1048 485 1501 2432 5265 5360
2589 9 2 1 1 804 1160 1333 3417 5559 3634
2590 9 2 1 1 964 650 1332 5163 5275 4248
2591 9 2 1 1 1282 410 1496 2556 5560 5476
2592 9 2 1 1 193 194 1436 255 5487 5541
2593 9 2 1 1 635 1051 1503 3811 5363 2376
2594 9 2 1 1 196 1039 1512 4385 3101 5050
2595 9 2 1 1 632 1231 1342 4878 3200 5379
2596 9 2 1 1 202 1041 1510 4389 3102 5051
2597 9 2 1 1 730 1326 1602 3462 5561 5562
2598 9 2 1 1 1103 473 1481 5563 5564 5248
2599 9 2 1 1 1052 490 1504 2483 5270 5370
2600 9 2 1 1 672 1151 1380 4225 5565 5427
2601 9 2 1 1 1151 495 1380 4673 5566 5565
2602 9 2 1 1 691 1124 1492 4217 5567 3238
2603 9 2 1 1 1124 491 1492 4236 4689 5567
2604 9 2 1 1 1199 107 1555 2489 5367 4891
2605 9 2 1 1 1130 642 1625 4770 4289 5568
2606 9 2 1 1 420 1046 1631 5232 5569 5570
2607 9 2 1 1 1046 699 1631 3982 5571 5569
2608 9 2 1 1 1625 465 1664 4414 4869 5572
2609 9 2 1 1 606 1157 1461 5573 5574 4976
2610 9 2 1 1 1317 666 1337 4365 2855 5575
2611 9 2 1 1 712 1317 1337 4481 5575 5576
2612 9 2 1 1 83 84 1462 133 5577 4428
2613 9 2 1 1 1068 434 1692 4360 5035 5461
2614 9 2 1 1 415 1127 1394 2951 4693 4992
2615 9 2 1 1 84 1104 1462 3683 5578 5577
2616 9 2 1 1 1104 697 1462 3253 4568 5578
2617 9 2 1 1 411 1253 1278 5579 5201 3013
2618 9 2 1 1 1076 651 1451 3410 5580 5509
2619 9 2 1 1 23 1145 1357 4852 4892 4961
2620 9 2 1 1 1237 809 1688 5581 4100 5533
2621 9 2 1 1 1160 664 1333 5582 5170 5559
2622 9 2 1 1 993 724 1538 5354 2108 2631
2623 9 2 1 1 1340 821 1489 5303 3715 5583
2624 9 2 1 1 113 114 1668 163 5397 5584
2625 9 2 1 1 1069 562 1472 3690 4702 2195
2626 9 2 1 1 715 1108 1530 5585 5546 3608
2627 9 2 1 1 440 1204 1242 5294 5508 5321
2628 9 2 1 1 598 1322 1468 4990 5586 5475
2629 9 2 1 1 1395 98 1614 5105 4844 5587
2630 9 2 1 1 1047 587 1586 4804 2620 4602
2631 9 2 1 1 184 185 1693 246 5588 5408
2632 9 2 1 1 1078 582 1455 3436 4304 4377
2633 9 2 1 1 1027 694 1373 4531 5422 5212
2634 9 2 1 1 329 330 1465 371 5589 4101
2635 9 2 1 1 962 1210 1513 4552 5590 5327
2636 9 2 1 1 1209 962 1514 4549 5330 5591
2637 9 2 1 1 583 1080 1457 3530 4467 4287
2638 9 2 1 1 654 1077 1460 3507 5506 5592
2639 9 2 1 1 989 684 1498 2299 3085 5298
2640 9 2 1 1 1376 838 1608 5593 2281 5594
2641 9 2 1 1 507 1376 1608 5595 5594 5172
2642 9 2 1 1 19 20 1526 49 4664 5596
2643 9 2 1 1 7 8 1677 37 5597 5452
2644 9 2 1 1 1301 722 1485 3348 4554 5598
2645 9 2 1 1 1380 495 1509 5566 3871 4149
2646 9 2 1 1 638 1049 1626 5351 2635 5599
2647 9 2 1 1 544 1067 1648 4035 5258 4706
2648 9 2 1 1 207 208 1613 269 5600 5601
2649 9 2 1 1 546 1065 1647 4046 5274 4684
2650 9 2 1 1 173 6 1687 183 5602 5387
2651 9 2 1 1 1434 723 1669 5603 5604 4009
2652 9 2 1 1 437 1306 1539 4120 5605 5537
2653 9 2 1 1 94 95 1547 144 5272 2780
2654 9 2 1 1 570 1120 1517 3872 5606 5498
2655 9 2 1 1 1120 720 1517 5607 3875 5606
2656 9 2 1 1 4 390 1685 399 5444 5608
2657 9 2 1 1 550 1467 1636 4705 4825 5398
2658 9 2 1 1 1314 500 1424 4596 3109 5609
2659 9 2 1 1 1132 665 1458 3997 3189 5610
2660 9 2 1 1 655 1144 1684 5492 3514 5523
2661 9 2 1 1 312 313 1530 354 2925 5545
2662 9 2 1 1 1009 418 1498 2110 5299 3084
2663 9 2 1 1 598 1017 1431 5474 3083 4255
2664 9 2 1 1 1336 492 1478 5364 3757 4240
2665 9 2 1 1 1102 577 1449 3994 2972 3878
2666 9 2 1 1 67 68 1578 117 4401 4723
2667 9 2 1 1 1032 431 1607 2236 2423 5413
2668 9 2 1 1 664 1160 1409 5582 5316 5148
2669 9 2 1 1 1152 652 1679 5500 5516 3749
2670 9 2 1 1 554 1233 1653 4716 3372 2966
2671 9 2 1 1 308 309 1537 350 5494 5209
2672 9 2 1 1 114 5 1682 164 5611 5402
2673 9 2 1 1 5 165 1682 174 5401 5611
2674 9 2 1 1 641 1149 1618 4207 3839 5075
2675 9 2 1 1 109 110 1595 159 5174 2058
2676 9 2 1 1 521 1098 1620 2612 5612 5239
2677 9 2 1 1 398 1 1686 408 5613 5423
2678 9 2 1 1 1 7 1686 36 5454 5613
2679 9 2 1 1 671 1271 1369 5279 5614 5615
2680 9 2 1 1 1202 429 1612 5204 4743 5616
2681 9 2 1 1 1423 814 1655 5165 4981 5617
2682 9 2 1 1 330 1156 1465 4114 5618 5589
2683 9 2 1 1 11 12 1616 41 2596 5189
2684 9 2 1 1 6 184 1687 245 5407 5602
2685 9 2 1 1 90 91 1639 140 5619 5620
2686 9 2 1 1 685 1083 1506 5347 4507 4617
2687 9 2 1 1 1475 731 1516 5208 3391 5447
2688 9 2 1 1 1141 430 1584 5519 3081 5621
2689 9 2 1 1 1288 671 1369 5622 5615 5623
2690 9 2 1 1 78 79 1659 128 5317 3583
2691 9 2 1 1 16 17 1663 46 4806 5290
2692 9 2 1 1 72 73 1671 122 3504 5288
2693 9 2 1 1 643 1093 1657 2953 4179 5510
2694 9 2 1 1 86 87 1696 136 5153 4622
2695 9 2 1 1 1098 687 1620 3862 5624 5612
2696 9 2 1 1 310 311 1579 352 3622 5499
2697 9 2 1 1 765 1212 1469 4658 5433 2784
2698 9 2 1 1 189 190 1609 251 5238 2258
2699 9 2 1 1 1312 638 1626 5280 5599 2542
2700 9 2 1 1 1211 429 1475 2590 5206 5496
2701 9 2 1 1 341 342 1601 383 2265 5526
2702 9 2 1 1 197 198 1643 259 5016 5015
2703 9 2 1 1 203 204 1644 265 5018 5017
2704 9 2 1 1 425 1438 1559 5147 4319 5625
2705 9 2 1 1 1074 545 1652 4160 3686 5488
2706 9 2 1 1 243 244 1650 305 5261 2255
2707 9 2 1 1 1219 539 1416 4352 3552 5626
2708 9 2 1 1 1157 437 1461 1886 5285 5574
2709 9 2 1 1 1082 557 1562 2209 5072 5627
2710 9 2 1 1 817 1154 1691 3771 5485 5543
2711 9 2 1 1 1191 684 1358 1882 5628 5199
2712 9 2 1 1 1156 688 1465 5322 4344 5618
2713 9 2 1 1 663 1227 1360 3217 5001 5042
2714 9 2 1 1 1147 34 1434 4857 5022 4008
2715 9 2 1 1 1252 911 1605 4773 4988 5629
2716 9 2 1 1 684 1216 1358 2301 5630 5628
2717 9 2 1 1 332 333 1646 374 5356 5472
2718 9 2 1 1 494 1132 1458 1766 5610 5631
2719 9 2 1 1 423 1443 1574 5145 4330 5632
2720 9 2 1 1 687 1143 1548 3863 1966 5047
2721 9 2 1 1 347 4 1685 389 5608 5403
2722 9 2 1 1 3 307 1688 348 5534 5260
2723 9 2 1 1 421 1082 1658 3570 5633 5634
2724 9 2 1 1 648 1266 1328 5195 5635 4420
2725 9 2 1 1 1126 690 1508 5099 5636 5242
2726 9 2 1 1 774 1297 1613 5455 5637 5638
2727 9 2 1 1 709 1288 1369 3848 5623 2214
2728 9 2 1 1 1078 466 1679 4376 2877 5515
2729 9 2 1 1 1193 80 1408 5044 4997 4591
2730 9 2 1 1 1297 207 1613 5365 5601 5637
2731 9 2 1 1 1263 426 1422 3618 5085 5639
2732 9 2 1 1 1157 606 1541 5573 4435 1983
2733 9 2 1 1 467 1080 1684 4465 5524 2697
2734 9 2 1 1 679 1141 1584 2968 5621 4799
2735 9 2 1 1 210 1086 1582 4628 5073 5098
2736 9 2 1 1 682 1196 1329 5640 5512 2919
2737 9 2 1 1 584 1139 1486 4226 4278 3368
2738 9 2 1 1 695 1090 1670 3041 5641 5441
2739 9 2 1 1 809 1237 1606 5581 5642 4136
2740 9 2 1 1 1351 813 1639 5312 4672 5643
2741 9 2 1 1 91 1351 1639 5249 5643 5619
2742 9 2 1 1 1249 737 1457 2354 4166 4666
2743 9 2 1 1 670 1209 1514 5644 5591 5645
2744 9 2 1 1 1210 671 1513 2362 5646 5590
2745 9 2 1 1 501 1212 1602 5431 5647 4452
2746 9 2 1 1 1253 411 1483 5579 4490 5648
2747 9 2 1 1 1178 453 1303 4348 4232 4332
2748 9 2 1 1 735 1251 1455 2177 4585 4194
2749 9 2 1 1 552 1090 1630 5649 5650 5480
2750 9 2 1 1 1090 420 1631 3038 5570 5651
2751 9 2 1 1 1282 913 1619 5141 5522 5652
2752 9 2 1 1 551 1335 1627 5430 5653 3568
2753 9 2 1 1 1335 801 1627 3098 1920 5653
2754 9 2 1 1 1572 955 1620 5236 5240 5654
2755 9 2 1 1 687 1572 1620 5263 5654 5624
2756 9 2 1 1 1391 794 1474 4048 5336 5655
2757 9 2 1 1 1218 681 1591 4913 3744 5656
2758 9 2 1 1 770 1092 1615 4249 5657 3446
2759 9 2 1 1 1246 813 1484 3636 5314 5658
2760 9 2 1 1 483 1246 1484 4479 5658 5659
2761 9 2 1 1 1230 90 1639 4518 5620 4671
2762 9 2 1 1 1263 823 1585 4807 2746 4337
2763 9 2 1 1 1090 552 1670 5649 5093 5641
2764 9 2 1 1 1209 670 1490 5644 5135 5660
2765 9 2 1 1 1129 698 1361 4103 5661 5421
2766 9 2 1 1 1204 607 1487 5460 5535 5662
2767 9 2 1 1 1212 730 1602 5663 5562 5647
2768 9 2 1 1 1088 523 1581 4325 2791 5664
2769 9 2 1 1 829 1320 1587 3858 5665 5305
2770 9 2 1 1 677 1204 1487 5507 5662 3874
2771 9 2 1 1 1175 19 1526 3758 5596 5666
2772 9 2 1 1 714 1175 1526 3921 5666 4749
2773 9 2 1 1 1326 836 1602 2374 4600 5561
2774 9 2 1 1 1234 649 1640 3754 5383 4604
2775 9 2 1 1 208 1148 1613 2541 5667 5600
2776 9 2 1 1 670 1287 1363 5668 5540 3338
2777 9 2 1 1 1571 536 1673 4830 4933 5669
2778 9 2 1 1 930 1571 1673 2298 5669 4969
2779 9 2 1 1 1240 658 1393 3187 5521 5532
2780 9 2 1 1 1405 932 1435 5215 4909 5670
2781 9 2 1 1 1120 416 1674 3265 5103 5671
2782 9 2 1 1 1271 476 1369 1936 2291 5614
2783 9 2 1 1 1403 750 1404 5003 5429 5672
2784 9 2 1 1 675 1403 1404 4577 5672 5420
2785 9 2 1 1 1130 1625 1664 5568 5572 3820
2786 9 2 1 1 327 1252 1695 4958 5673 4737
2787 9 2 1 1 509 1309 1505 5309 5674 4074
2788 9 2 1 1 1236 673 1427 5675 5130 5376
2789 9 2 1 1 1235 808 1446 3561 5529 5676
2790 9 2 1 1 493 1235 1446 4198 5676 2180
2791 9 2 1 1 1108 715 1596 5585 5677 4383
2792 9 2 1 1 806 1476 1477 3865 5678 2935
2793 9 2 1 1 1476 683 1477 5544 5551 5678
2794 9 2 1 1 101 1170 1488 4944 3536 5060
2795 9 2 1 1 1106 88 1697 4720 5056 5086
2796 9 2 1 1 1141 730 1553 2113 5679 5520
2797 9 2 1 1 745 1364 1430 2965 5680 2932
2798 9 2 1 1 1364 613 1430 5157 5462 5680
2799 9 2 1 1 1440 736 1496 5681 5682 5683
2800 9 2 1 1 1577 535 1675 4893 4941 5684
2801 9 2 1 1 929 1577 1675 2267 5684 4960
2802 9 2 1 1 690 1224 1690 5101 5685 5112
2803 9 2 1 1 1287 670 1514 5668 5645 5686
2804 9 2 1 1 671 1288 1513 5622 5687 5646
2805 9 2 1 1 498 1359 1600 5203 5688 4698
2806 9 2 1 1 1416 736 1440 3705 5681 5689
2807 9 2 1 1 1394 611 1543 4692 5690 5691
2808 9 2 1 1 772 1394 1543 5077 5691 5692
2809 9 2 1 1 720 1120 1674 5607 5671 4951
2810 9 2 1 1 496 1229 1442 3452 4837 5693
2811 9 2 1 1 865 1411 1500 4915 4741 5337
2812 9 2 1 1 1290 721 1683 2943 5555 3840
2813 9 2 1 1 1213 626 1454 2149 5694 3144
2814 9 2 1 1 1391 503 1635 5695 4647 5696
2815 9 2 1 1 436 1113 1624 3836 4711 5697
2816 9 2 1 1 1359 772 1600 5377 5698 5688
2817 9 2 1 1 1134 528 1665 3654 5049 5385
2818 9 2 1 1 597 1218 1591 3075 5656 4855
2819 9 2 1 1 1376 660 1414 4426 5277 5699
2820 9 2 1 1 71 1174 1545 4956 4704 5087
2821 9 2 1 1 1119 191 1694 4797 5119 4156
2822 9 2 1 1 464 1190 1529 4033 5416 5399
2823 9 2 1 1 473 1240 1481 2540 5503 5564
2824 9 2 1 1 1136 113 1668 3451 5584 3856
2825 9 2 1 1 1162 425 1559 4522 5625 5235
2826 9 2 1 1 676 1263 1422 4809 5639 5393
2827 9 2 1 1 1300 686 1485 5325 5700 5701
2828 9 2 1 1 185 1135 1693 3502 3788 5588
2829 9 2 1 1 686 1301 1485 4057 5598 5700
2830 9 2 1 1 1127 745 1583 2950 3662 5547
2831 9 2 1 1 561 1100 1588 4581 5426 3601
2832 9 2 1 1 519 1144 1649 3547 5493 3827
2833 9 2 1 1 507 1267 1580 5702 5703 5704
2834 9 2 1 1 1267 731 1580 3390 5705 5703
2835 9 2 1 1 1192 788 1540 3183 3202 5113
2836 9 2 1 1 510 1423 1655 5445 5617 3532
2837 9 2 1 1 1176 423 1574 4557 5632 5246
2838 9 2 1 1 1148 774 1613 3073 5638 5667
2839 9 2 1 1 215 1209 1490 5138 5660 5115
2840 9 2 1 1 503 1391 1474 5695 5655 3710
2841 9 2 1 1 496 1360 1491 5706 5190 4437
2842 9 2 1 1 1167 799 1588 3307 3318 5425
2843 9 2 1 1 1091 692 1581 3632 5707 3763
2844 9 2 1 1 410 1440 1496 4627 5683 5560
2845 9 2 1 1 673 1236 1505 5675 5708 5709
2846 9 2 1 1 1224 473 1690 3424 5710 5685
2847 9 2 1 1 879 1186 1539 4129 5538 5468
2848 9 2 1 1 1266 482 1328 2823 5041 5635
2849 9 2 1 1 910 1293 1665 4843 5552 5048
2850 9 2 1 1 1177 678 1575 4579 2473 5711
2851 9 2 1 1 8 1150 1677 3364 3731 5597
2852 9 2 1 1 422 1319 1589 5065 4216 5389
2853 9 2 1 1 1216 472 1358 2217 5442 5630
2854 9 2 1 1 702 1219 1416 1868 5626 5712
2855 9 2 1 1 1152 520 1667 3219 3861 5501
2856 9 2 1 1 1324 696 1426 5078 3385 5131
2857 9 2 1 1 1169 424 1617 4540 2679 5252
2858 9 2 1 1 1126 325 1554 5241 5549 5437
2859 9 2 1 1 732 1265 1449 2015 3879 4047
2860 9 2 1 1 811 1466 1586 5450 4778 2573
2861 9 2 1 1 736 1314 1424 3704 5609 5713
2862 9 2 1 1 1206 324 1508 4766 4697 5714
2863 9 2 1 1 1591 764 1624 3743 5715 4856
2864 9 2 1 1 1288 527 1513 3846 5328 5687
2865 9 2 1 1 527 1287 1514 3850 5686 5329
2866 9 2 1 1 1236 833 1505 3912 4075 5708
2867 9 2 1 1 1158 735 1651 2271 5020 5518
2868 9 2 1 1 1196 682 1471 5640 5069 5311
2869 9 2 1 1 656 1253 1483 3099 5648 1704
2870 9 2 1 1 1313 447 1611 5459 5028 5338
2871 9 2 1 1 1322 859 1468 4991 4801 5586
2872 9 2 1 1 1376 507 1580 5595 5704 4528
2873 9 2 1 1 1360 496 1442 5706 5693 5043
2874 9 2 1 1 731 1202 1580 5207 4529 5705
2875 9 2 1 1 480 1177 1575 4381 5711 3821
2876 9 2 1 1 692 1088 1581 4079 5664 5707
2877 9 2 1 1 1413 645 1678 3746 5716 5554
2878 9 2 1 1 1206 690 1522 5717 5111 5718
2879 9 2 1 1 419 1390 1493 5358 5719 5410
2880 9 2 1 1 870 1206 1522 4942 5718 5289
2881 9 2 1 1 1262 738 1486 2203 4342 4277
2882 9 2 1 1 838 1376 1414 5593 5699 4219
2883 9 2 1 1 626 1306 1454 5720 4492 5694
2884 9 2 1 1 645 1183 1678 4757 5517 5716
2885 9 2 1 1 798 1232 1556 4586 5539 2038
2886 9 2 1 1 499 1385 1546 4794 5721 4013
2887 9 2 1 1 1385 829 1546 3791 5304 5721
2888 9 2 1 1 660 1202 1612 4425 5616 5722
2889 9 2 1 1 737 1173 1672 2406 5553 5090
2890 9 2 1 1 515 1405 1435 5268 5670 3911
2891 9 2 1 1 1309 673 1505 5300 5709 5674
2892 9 2 1 1 1453 817 1534 2186 5542 5723
2893 9 2 1 1 1214 480 1597 3272 3236 5724
2894 9 2 1 1 478 1366 1569 5011 5218 5725
2895 9 2 1 1 786 1282 1619 2557 5652 4335
2896 9 2 1 1 477 1300 1485 3132 5701 4950
2897 9 2 1 1 599 1222 1633 4796 3958 5726
2898 9 2 1 1 1227 421 1658 3214 5634 5727
2899 9 2 1 1 780 1576 1617 3696 5296 3120
2900 9 2 1 1 1092 463 1615 1807 5728 5657
2901 9 2 1 1 693 1227 1658 4999 5727 5729
2902 9 2 1 1 326 1223 1554 4962 5457 5548
2903 9 2 1 1 1458 802 1511 3188 2693 5730
2904 9 2 1 1 494 1458 1511 5631 5730 5192
2905 9 2 1 1 1524 1013 1589 5491 5390 5731
2906 9 2 1 1 651 1377 1451 4269 5732 5580
2907 9 2 1 1 1272 502 1564 2887 4303 5733
2908 9 2 1 1 692 1272 1564 2615 5733 4573
2909 9 2 1 1 1381 654 1460 4290 5592 5734
2910 9 2 1 1 923 1381 1460 5026 5734 5029
2911 9 2 1 1 837 1391 1635 3543 5696 4450
2912 9 2 1 1 730 1212 1553 5663 4659 5679
2913 9 2 1 1 1241 599 1633 2504 5726 5735
2914 9 2 1 1 463 1334 1615 1989 4789 5728
2915 9 2 1 1 715 1267 1596 5736 5737 5677
2916 9 2 1 1 1267 507 1596 5702 5171 5737
2917 9 2 1 1 1306 626 1539 5720 5469 5605
2918 9 2 1 1 1341 787 1543 4444 5738 5739
2919 9 2 1 1 611 1341 1543 5224 5739 5690
2920 9 2 1 1 1377 917 1451 5008 5024 5732
2921 9 2 1 1 1237 766 1606 5334 2327 5642
2922 9 2 1 1 759 1354 1518 3284 3844 4639
2923 9 2 1 1 712 1337 1497 5576 5740 4853
2924 9 2 1 1 1215 495 1689 3870 4674 5414
2925 9 2 1 1 473 1103 1690 5563 3915 5710
2926 9 2 1 1 683 1340 1489 5479 5583 5440
2927 9 2 1 1 726 1241 1633 4864 5735 5514
2928 9 2 1 1 723 1434 1641 5603 5464 5465
2929 9 2 1 1 1337 478 1497 5010 4310 5740
2930 9 2 1 1 727 1395 1614 5448 5587 5511
2931 9 2 1 1 1316 726 1587 4865 5525 5741
2932 9 2 1 1 638 1316 1587 5281 5741 5742
2933 9 2 1 1 719 1252 1605 5743 5629 5175
2934 9 2 1 1 1310 1005 1570 5220 5490 5744
2935 9 2 1 1 728 1310 1570 5126 5744 5557
2936 9 2 1 1 702 1416 1440 5712 5689 4945
2937 9 2 1 1 725 1428 1642 5527 5287 5466
2938 9 2 1 1 1390 952 1493 5151 5134 5719
2939 9 2 1 1 1309 756 1569 5307 5745 5301
2940 9 2 1 1 719 1223 1695 2683 4963 5746
2941 9 2 1 1 729 1214 1597 5747 5724 4092
2942 9 2 1 1 1323 700 1637 1924 5188 4487
2943 9 2 1 1 1320 638 1587 5352 5742 5665
2944 9 2 1 1 1267 715 1666 5736 4780 3387
2945 9 2 1 1 1252 719 1695 5743 5746 5673
2946 9 2 1 1 1399 628 1621 5418 5168 5748
2947 9 2 1 1 1400 627 1622 5419 5167 5749
2948 9 2 1 1 1402 625 1623 5417 5162 5750
2949 9 2 1 1 1294 484 1691 2337 5505 5751
2950 9 2 1 1 1424 707 1496 3429 5477 5752
2951 9 2 1 1 699 1630 1631 5435 5753 5571
2952 9 2 1 1 1630 1090 1631 5650 5651 5753
2953 9 2 1 1 1214 729 1634 5747 4928 2890
2954 9 2 1 1 644 1294 1691 4272 5751 5484
2955 9 2 1 1 1345 747 1654 2119 5754 5755
2956 9 2 1 1 483 1484 1680 5659 5756 5124
2957 9 2 1 1 1459 701 1661 4094 3681 5757
2958 9 2 1 1 1425 436 1624 4924 5697 5758
2959 9 2 1 1 1000 1345 1654 5179 5755 5470
2960 9 2 1 1 1389 689 1598 5380 5342 4413
2961 9 2 1 1 795 1459 1661 4838 5757 3482
2962 9 2 1 1 680 1453 1534 1783 5723 4966
2963 9 2 1 1 690 1206 1508 5717 5714 5636
2964 9 2 1 1 756 1494 1569 4027 5759 5745
2965 9 2 1 1 1494 478 1569 4309 5725 5759
2966 9 2 1 1 1573 919 1628 5088 5108 5760
2967 9 2 1 1 896 1429 1612 4784 5761 4742
2968 9 2 1 1 1429 660 1612 5110 5722 5761
2969 9 2 1 1 1367 704 1652 3894 5489 3877
2970 9 2 1 1 791 1399 1621 5412 5748 2719
2971 9 2 1 1 790 1400 1622 4592 5749 2707
2972 9 2 1 1 789 1402 1623 5411 5750 2690
2973 9 2 1 1 1543 787 1600 5738 4145 5762
2974 9 2 1 1 772 1543 1600 5692 5762 5698
2975 9 2 1 1 736 1424 1496 5713 5752 5682
2976 9 2 1 1 1361 698 1561 5661 4818 4920
2977 9 2 1 1 691 1524 1589 5120 5731 4218
2978 9 2 1 1 661 1469 1632 3072 5556 4871
2979 9 2 1 1 703 1438 1647 4317 5371 5273
2980 9 2 1 1 747 1499 1654 5463 5763 5754
2981 9 2 1 1 706 1443 1648 4328 5394 5257
2982 9 2 1 1 717 1296 1653 4115 3352 3371
2983 9 2 1 1 764 1425 1624 2783 5758 5715
2984 9 2 1 1 1562 693 1658 5182 5729 5764
2985 9 2 1 1 1499 536 1654 4688 5471 5763
2986 9 2 1 1 1484 728 1680 5315 5558 5756
2987 9 2 1 1 718 1573 1628 4898 5760 4108
2988 9 2 1 1 1611 864 1669 5027 5227 5765
2989 9 2 1 1 1082 1562 1658 5627 5764 5633
2990 9 2 1 1 723 1611 1669 5339 5765 5604
$EndElements
